absolute_time_h,gross_injection_rate_m3_h,cycle_cumulative_injection_m3
960.000000000000,0.000000000,0.000000000
960.050000000000,0.000000137,0.000000003
960.100000000000,0.000002069,0.000000059
960.136111111100,0.000006942,0.000000221
960.150000000000,0.000010158,0.000000340
960.200000000000,0.000031166,0.000001373
960.219444444400,0.000044622,0.000002110
960.250000000000,0.000073701,0.000003918
960.300000000000,0.000147538,0.000009449
960.302777777800,0.000152761,0.000009866
960.350000000000,0.000263272,0.000019689
960.386111111100,0.000378465,0.000031276
960.400000000000,0.000431095,0.000036898
960.450000000000,0.000661193,0.000064205
960.469444444400,0.000768870,0.000078108
960.500000000000,0.000962890,0.000104566
960.550000000000,0.001341616,0.000162178
960.552777777800,0.001364898,0.000165937
960.600000000000,0.001808973,0.000240876
960.636111111100,0.002195508,0.000313179
960.649999999999,0.002360886,0.000344821
960.699999999999,0.003002548,0.000478906
960.719444444400,0.003268546,0.000539875
960.749999999999,0.003728025,0.000646768
960.799999999999,0.004505773,0.000852612
960.802777777800,0.004549168,0.000865189
960.849999999999,0.005340405,0.001098693
960.886111111100,0.005908552,0.001301799
960.899999999999,0.006132632,0.001385418
960.949999999999,0.006820722,0.001709252
960.969444444400,0.007017606,0.001843791
960.999999999999,0.007296063,0.002062472
961.049999999999,0.007734621,0.002438239
961.052777777800,0.007758761,0.002459758
961.099999999999,0.008251539,0.002837779
961.136111111100,0.008622617,0.003142451
961.149999999999,0.008796066,0.003263414
961.199999999999,0.009412737,0.003718634
961.219444444400,0.009649283,0.003903960
961.249999999999,0.010107068,0.004205793
961.299999999999,0.010843591,0.004729559
961.302777777800,0.010884051,0.004759736
961.349999999999,0.011744252,0.005294016
961.386111111100,0.012389704,0.005729768
961.399999999999,0.012706001,0.005904044
961.449999999999,0.013827041,0.006567370
961.469444444400,0.014255555,0.006840395
961.499999999999,0.015132118,0.007289373
961.549999999999,0.016535807,0.008081071
961.552777777800,0.016612673,0.008127111
961.599999999998,0.018358484,0.008952819
961.636111111100,0.019660798,0.009639278
961.649999999998,0.020352850,0.009917151
961.699999999998,0.022793458,0.010995808
961.719444444400,0.023721067,0.011448033
961.749999999998,0.025820187,0.012204913
961.799999999998,0.029153332,0.013579251
961.802777777800,0.029334796,0.013660485
961.849999999998,0.034031667,0.015156637
961.886111111100,0.037494155,0.016448076
961.899999999998,0.039245831,0.016980992
961.927777777800,0.042682193,0.018118881
961.949999999998,0.047149286,0.019117009
961.999999999998,0.056798374,0.021715700
962.022222222200,0.060908478,0.023023554
962.049999999998,0.144685858,0.025879031
962.086111111100,0.134038279,0.030911550
962.099999999998,4.146901888,0.060640302
962.149999999998,5.665516058,0.305950750
962.166666666700,1.675157653,0.367123031
962.199999999998,17.063599100,0.679435644
962.249999999998,6.209376636,1.261260037
962.252777777800,4.412295151,1.276012359
962.299999999998,28.177194050,2.045486409
962.336111111100,8.636848041,2.710184391
962.349999999998,41.604536402,3.059082894
962.399999999998,56.811866630,5.519492970
962.416666666700,25.889286333,6.208669246
962.449999999998,146.175333344,9.076412905
962.499999999998,72.911593689,14.553586080
962.505555555600,45.979115623,14.883838054
962.549999999998,42.885228785,16.858601261
962.586111111100,40.159682288,18.358023266
962.599999999998,39.964786666,18.914443189
962.649999999998,39.253838630,20.894908822
962.675000000000,38.892691197,21.871740445
962.699999999998,38.851219459,22.843539328
962.749999999998,38.751158176,24.783598769
962.758333333300,38.732213887,25.106446151
962.799999999998,38.594429720,26.717417894
962.836111111100,38.463942205,28.108749609
962.849999999997,38.438964105,28.642797570
962.899999999997,38.342786168,30.562341327
962.922222222200,38.296731506,31.413891522
962.949999999997,38.244182469,32.476959773
962.999999999997,38.142777545,34.386633773
963.013888888900,38.112956861,34.916187485
963.049999999997,38.079456485,36.291883836
963.086111111100,38.040756962,37.666276579
963.099999999997,38.030901059,38.194551982
963.149999999997,37.988394596,40.095034373
963.180555555600,37.956727519,41.255307074
963.199999999997,37.948647710,41.993275998
963.249999999997,37.919031614,43.889967981
963.258333333300,37.912812904,44.205933999
963.299999999997,37.927217944,45.785934643
963.341666666700,37.931672119,47.366328187
963.349999999997,37.931654589,47.682425380
963.399999999997,37.922723590,49.578784835
963.422222222200,37.913899858,50.421413983
963.449999999997,37.935343788,51.474875702
963.499999999997,37.961123734,53.372287390
963.505555555600,37.962932107,53.583187546
963.549999999997,37.975352111,55.270704972
963.586111111100,37.974865708,56.642028349
963.599999999997,37.989210736,57.169556658
963.649999999997,38.028631957,59.070002725
963.672222222200,38.039691567,59.915206319
963.699999999997,38.076578712,60.972376740
963.749999999997,38.125384492,62.877425820
963.769444444400,38.137659284,63.618872078
963.799999999996,38.164534061,64.784600033
963.838888888900,38.184481383,66.269164223
963.849999999996,38.207608400,66.693564721
963.899999999996,38.293194245,68.606084787
963.947222222200,38.345648979,70.415613029
963.949999999996,38.350974158,70.522136118
963.999999999996,38.427762501,72.441604534
964.022222222200,38.450148666,73.295803546
964.049999999996,38.498344673,74.364532621
964.099999999996,38.556969294,76.290915470
964.102777777800,38.559151364,76.398021195
964.149999999996,38.613237209,78.220147035
964.183333333300,38.633276002,79.507588921
964.199999999996,38.651969562,80.151632635
964.249999999996,38.686474353,82.085093733
964.263888888900,38.690228720,82.622431949
964.299999999996,38.723581889,84.020181307
964.344444444400,38.741031703,85.741617163
964.349999999996,38.746242168,85.956859592
964.399999999996,38.774417112,87.894876074
964.425000000000,38.775687230,88.864252378
964.449999999996,38.797142120,89.833912745
964.499999999996,38.813621313,91.774181831
964.505555555600,38.813247096,91.989812023
964.549999999996,38.844723378,93.715544698
964.586111111100,38.848894900,95.118346139
964.599999999996,38.863941952,95.658018617
964.649999999996,38.893879367,97.601964150
964.699999999996,38.885205436,99.546441270
964.705555555600,38.881819170,99.762460785
964.749999999996,38.914900570,101.491276777
964.786111111100,38.918305054,102.896598545
964.799999999996,38.930380446,103.437214417
964.849999999996,38.947332234,105.384157234
964.866666666700,38.943651351,106.033248765
964.899999999996,38.967222022,107.331763320
964.947222222200,38.967769727,109.171895069
964.949999999996,38.970026403,109.280142009
964.999999999996,38.987283556,111.229074758
965.000000000000,38.987283556,111.229074758
965.049999999995,39.003992590,113.178856661
965.091666666700,39.017916105,114.804313094
965.099999999995,39.020360549,115.129472579
965.149999999995,39.035026951,117.080857266
965.199999999995,39.049692907,119.032975263
965.200000000000,39.049692907,119.032975263
965.249999999995,39.064216375,120.985822995
965.277777777800,39.072284858,122.071052179
965.299999999995,39.078314508,122.939392171
965.349999999995,39.091881081,124.893647061
965.358333333300,39.094142158,125.219422157
965.399999999995,39.104270232,126.848555749
965.447222222200,39.115748606,128.695417305
965.449999999995,39.116488353,128.804073190
965.499999999995,39.129803749,130.760230493
965.533333333300,39.138680622,132.064705231
965.549999999995,39.142855613,132.717051367
965.599999999995,39.155380532,134.674507271
965.619444444400,39.160251314,135.435909246
965.649999999995,39.169285078,136.632610498
965.699999999995,39.184067558,138.591444314
965.708333333300,39.186531300,138.917988474
965.749999999995,39.200190767,140.551045185
965.750000000000,39.200190767,140.551045185
965.799999999995,39.212372268,142.511359261
965.838888888900,39.221846743,144.036469076
965.849999999995,39.224402996,144.472281574
965.899999999995,39.235906114,146.433789302
965.925000000000,39.241657661,147.414758849
965.949999999995,39.249155611,148.395894015
965.999999999994,39.264151493,150.358726692
966.011111111100,39.267483908,150.795013555
966.049999999994,39.277013183,152.322267666
966.099999999994,39.289265091,154.286424622
966.100000000000,39.289265091,154.286424623
966.149999999994,39.300783893,156.251175847
966.186111111100,39.309103019,157.670521027
966.199999999994,39.312928909,158.216507360
966.249999999994,39.326702105,160.182498136
966.272222222200,39.332823522,161.056492864
966.299999999994,39.339424128,162.149162971
966.349999999994,39.351305213,164.116431205
966.361111111100,39.353945453,164.553682597
966.399999999994,39.362709013,166.084284212
966.447222222200,39.373350472,167.943330060
966.449999999994,39.374075322,168.052701485
966.499999999994,39.387122624,170.021731434
966.533333333300,39.395820821,171.334780490
966.549999999994,39.399469377,171.991407910
966.599999999994,39.410415041,173.961655020
966.622222222200,39.415279779,174.837496073
966.649999999994,39.421194279,175.932447102
966.699999999994,39.431840376,177.903772969
966.708333333300,39.433614725,178.232379031
966.749999999994,39.444080142,179.875664341
966.752777777800,39.444777836,179.985232201
966.799999999994,39.455071519,181.848145310
966.838888888900,39.463548667,183.382674036
966.849999999994,39.465829765,183.821170582
966.899999999994,39.476094701,185.794718694
966.925000000000,39.481227169,186.781685217
966.949999999994,39.486354282,187.768779985
966.999999999994,39.496608506,189.743354055
967.013888888900,39.499456902,190.291937843
967.049999999994,39.507184777,191.718446651
967.099999999994,39.517884911,193.694073393
967.100000000000,39.517884911,193.694073393
967.149999999994,39.526705433,195.670188152
967.194444444400,39.534545896,197.427104846
967.199999999994,39.535354675,197.646743460
967.249999999993,39.542633685,199.623693169
967.291666666700,39.548699526,201.271429280
967.299999999993,39.549857798,201.601006600
967.341666666700,39.555649160,203.249037997
967.349999999993,39.556670140,203.578672659
967.399999999993,39.562796019,205.556659313
967.441666666700,39.567900917,207.205215501
967.449999999993,39.568326601,207.534949780
967.499999999993,39.570880705,209.513429963
967.538888888900,39.572867229,211.052336173
967.549999999993,39.572440623,211.492032328
967.588888888900,39.570947502,213.030931542
967.599999999993,39.569920861,213.470603032
967.649999999993,39.565300979,215.448983578
967.688888888900,39.561707738,216.987564304
967.699999999993,39.559369115,217.427125841
967.749999999993,39.548845314,219.404831202
967.788888888900,39.540660135,220.942682697
967.799999999993,39.537490214,221.382005754
967.836111111100,39.527187971,222.809562444
967.849999999993,39.522834225,223.358520931
967.899999999993,39.507160739,225.334270805
967.936111111100,39.495840998,226.760713892
967.949999999993,39.490659998,227.309231260
967.999999999993,39.472008397,229.283297970
968.036111111100,39.458537796,230.708432832
968.049999999993,39.452879813,231.256428787
968.086111111100,39.438169058,232.680850503
968.099999999993,39.432310465,233.228562167
968.149999999993,39.411219528,235.199650416
968.183333333300,39.397158903,236.513123389
968.199999999992,39.390828109,237.169689949
968.249999999992,39.371835729,239.138756545
968.283333333300,39.359174142,240.450940041
968.299999999992,39.353198309,241.106876480
968.349999999992,39.335270809,243.074088207
968.383333333300,39.323319143,244.385064706
968.399999999992,39.318097310,245.040409844
968.433333333300,39.307653645,246.350839025
968.449999999992,39.302892787,247.005926913
968.499999999992,39.288610210,248.970714488
968.525000000000,39.281468922,249.952840478
968.549999999992,39.275053396,250.934797006
968.599999999992,39.262222344,252.898228900
968.608333333300,39.260083836,253.225405175
968.649999999992,39.250692340,254.861046346
968.694444444400,39.240674744,256.605298946
968.699999999992,39.239387624,256.823299121
968.749999999992,39.227803544,258.784978900
968.777777777800,39.221367944,259.874550728
968.799999999992,39.216974491,260.746087865
968.849999999992,39.207089221,262.706689457
968.863888888900,39.204343313,263.251213295
968.899999999992,39.197988287,264.666810948
968.949999999992,39.189189020,266.626490381
968.950000000000,39.189189020,266.626490381
968.999999999992,39.180850236,268.585741362
969.033333333300,39.175291046,269.891677049
969.049999999992,39.172862277,270.544578328
969.099999999992,39.165575969,272.503039284
969.130555555600,39.161123226,273.699697191
969.149999999992,39.158865560,274.461141524
969.177777777800,39.155640324,275.548842996
969.199999999992,39.153345060,276.418942832
969.249999999992,39.148180717,278.376480977
969.288888888900,39.144164006,279.898832125
969.299999999992,39.143204108,280.333761947
969.344444444400,39.139364518,282.073374582
969.349999999992,39.138918075,282.290814257
969.399999999992,39.134900087,284.247659711
969.449999999991,39.130882098,286.204304266
969.455555555600,39.130435655,286.421696817
969.499999999991,39.127000251,288.160750946
969.508333333300,39.126356112,288.486806597
969.549999999991,39.123188209,290.117005438
969.599999999991,39.119386726,292.073069811
969.619444444400,39.117908371,292.833710179
969.649999999991,39.115321217,294.028940077
969.675000000000,39.113204454,295.006796648
969.699999999991,39.111693278,295.984607869
969.749999999991,39.108670927,297.940116974
969.786111111100,39.106488118,299.352335124
969.799999999991,39.105856474,299.895476406
969.841666666700,39.103961540,301.524847616
969.849999999991,39.103558262,301.850712280
969.899999999991,39.101138591,303.805829701
969.949999999991,39.098718919,305.760826139
969.950000000000,39.098718919,305.760826139
969.999999999991,39.095333285,307.715677444
970.005555555600,39.094957103,307.932872697
970.049999999991,39.093050649,309.670383979
970.099999999991,39.090905889,311.624982892
970.130555555600,39.089595201,312.819407216
970.149999999991,39.088968499,313.579476584
970.194444444400,39.087536035,315.316732239
970.199999999991,39.087395971,315.533884829
970.249999999991,39.086135393,317.488223113
970.255555555600,39.085995329,317.705367923
970.299999999991,39.084924757,319.442499478
970.349999999991,39.083720363,321.396715606
970.383333333300,39.082917434,322.699492902
970.399999999990,39.082586341,323.350872101
970.444444444400,39.081703424,325.087856316
970.449999999990,39.081570139,325.304976522
970.499999999990,39.080370565,327.259025040
970.508333333300,39.080170637,327.584693960
970.549999999990,39.079040738,329.213010865
970.599999999990,39.077684860,331.166929005
970.633333333300,39.076780941,332.469503434
970.649999999990,39.076279617,333.120778940
970.697222222200,39.074859198,334.966014161
970.699999999990,39.074729576,335.074555257
970.749999999990,39.072396389,337.028233406
970.758333333300,39.072007525,337.353835088
970.799999999990,39.069803335,338.981789482
970.849999999990,39.067158307,340.935213523
970.899999999990,39.064513279,342.888505313
970.902777777800,39.064366333,342.997017647
970.949999999990,39.062103400,344.841670403
970.972222222200,39.061038490,345.709705313
970.999999999990,39.059641641,346.794714759
971.049999999990,39.057127312,348.747633983
971.055555555600,39.056847942,348.964617250
971.099999999990,39.054379495,350.700422302
971.136111111100,39.052373881,352.110683127
971.149999999990,39.051413554,352.653070539
971.199999999990,39.047956377,354.605554788
971.216666666700,39.046803985,355.256344459
971.249999999990,39.043922586,356.557856567
971.297222222200,39.039840603,358.401500975
971.299999999990,39.039651232,358.509944714
971.349999999990,39.036242564,360.461842059
971.380555555600,39.034159489,361.654584315
971.399999999990,39.032861304,362.413569237
971.449999999990,39.029523115,364.365128848
971.461111111100,39.028781296,364.798786094
971.499999999990,39.026385857,366.316525456
971.541666666700,39.023819315,367.942571398
971.549999999990,39.023300760,368.267767730
971.599999999990,39.020189427,370.218854985
971.613888888900,39.019325168,370.760796059
971.649999999989,39.017074477,372.169786608
971.683333333300,39.014996917,373.470321130
971.699999999989,39.013946995,374.120562330
971.749999999989,39.010797230,376.071180936
971.752777777800,39.010622243,376.179544020
971.799999999989,39.007799876,378.021645652
971.849999999989,39.004811488,379.971960936
971.899999999989,39.001823099,381.922126801
971.911111111100,39.001159013,382.355476701
971.949999999989,38.998173501,383.872130389
971.991666666700,38.994974739,385.496987646
971.999999999989,38.994254209,385.821942765
972.049999999989,38.989931026,387.771547396
972.069444444400,38.988249788,388.529668597
972.099999999989,38.986344599,389.720947123
972.149999999989,38.983227018,391.670186414
972.150000000000,38.983227018,391.670186414
972.199999999989,38.980020085,393.619267591
972.227777777800,38.978238455,394.702021183
972.249999999989,38.976253835,395.568182208
972.299999999989,38.971788440,397.516883264
972.308333333300,38.971044208,397.841645066
972.349999999989,38.967456335,399.465363828
972.388888888900,38.964107655,400.980699796
972.399999999989,38.963335792,401.413630036
972.449999999989,38.959862412,403.361709991
972.466666666700,38.958704619,404.011031385
972.499999999989,38.956650250,405.309620631
972.547222222200,38.953739894,407.149171509
972.549999999989,38.953563312,407.257376097
972.599999999988,38.950384841,409.204974801
972.625000000000,38.948795605,410.178714557
972.649999999988,38.947037571,411.152412471
972.699999999988,38.943521502,413.099676448
972.705555555600,38.943130828,413.316028262
972.749999999988,38.938929938,415.046740722
972.786111111100,38.935516715,416.452807120
972.799999999988,38.934355264,416.993570119
972.849999999988,38.930174040,418.940183352
972.863888888900,38.929012589,419.480872149
972.899999999988,38.925481903,420.886578299
972.944444444400,38.921136444,422.616503149
972.949999999988,38.920636620,422.832730298
972.999999999988,38.916138200,424.778649669
973.022222222200,38.914138902,425.643430525
973.049999999988,38.912211801,426.724352063
973.099999999988,38.908743018,428.669875933
973.102777777800,38.908550308,428.777955509
973.149999999988,38.905133404,430.615223039
973.183333333300,38.902721471,431.912020620
973.199999999988,38.901006101,432.560385017
973.249999999988,38.895859991,434.505306669
973.261111111100,38.894716411,434.937476538
973.299999999988,38.891112166,436.449978761
973.341666666700,38.887250474,438.070361317
973.349999999988,38.886267076,438.394417639
973.399999999988,38.880366685,440.338583483
973.419444444400,38.878072088,441.094568303
973.449999999988,38.875727393,442.282473574
973.499999999988,38.871890619,444.226164024
973.500000000000,38.871890619,444.226164025
973.549999999988,38.867271584,446.169643080
973.599999999988,38.862652549,448.112891183
973.649999999988,38.858033513,450.055908334
973.663888888900,38.856750448,450.595594335
973.699999999988,38.852592823,451.998679699
973.747222222200,38.847155930,453.833257099
973.749999999988,38.846906284,453.941165520
973.799999999988,38.842412663,455.883398493
973.830555555600,38.839666562,457.070208039
973.849999999987,38.837918030,457.825406776
973.899999999987,38.833421804,459.767190272
973.913888888900,38.832172852,460.306534680
973.949999999987,38.828150720,461.708734966
973.997222222200,38.822891009,463.542162340
973.999999999987,38.822599073,463.650003299
974.049999999987,38.817344223,465.591001881
974.080555555600,38.814132925,466.777038340
974.099999999987,38.812479206,467.531741511
974.149999999987,38.808226786,469.472259161
974.163888888900,38.807045558,470.011254108
974.199999999987,38.803089972,471.412548221
974.247222222200,38.797917282,473.244794225
974.249999999987,38.797640435,473.352565834
974.299999999987,38.792657175,475.292323274
974.330555555600,38.789611850,476.477607942
974.349999999987,38.787828920,477.231833058
974.399999999987,38.783244245,479.171109887
974.413888888900,38.781970724,479.709757215
974.449999999987,38.778320208,481.110151355
974.497222222200,38.773546456,482.941237096
974.499999999987,38.773279793,483.048941021
974.549999999987,38.768479863,484.987485013
974.580555555600,38.765546572,486.172032641
974.599999999987,38.763747687,486.925789666
974.649999999987,38.759121984,488.863861408
974.663888888900,38.757837067,489.402173625
974.699999999987,38.754339449,490.801699033
974.747222222200,38.749765642,492.631657070
974.749999999987,38.749514607,492.739294959
974.799999999986,38.744995974,494.676657724
974.830555555600,38.742234588,495.860490415
974.849999999986,38.740391419,496.613793721
974.899999999986,38.735651840,498.550694803
974.913888888900,38.734335290,499.088680825
974.949999999986,38.731187473,500.487363874
974.997222222200,38.727071097,502.316239424
974.999999999986,38.726818215,502.423814270
975.049999999986,38.722266334,504.360041384
975.080555555600,38.719484628,505.543179248
975.099999999986,38.717815424,506.296041885
975.149999999986,38.713523184,508.231825350
975.163888888900,38.712330895,508.769504894
975.199999999986,38.709142201,510.167392601
975.247222222200,38.704972371,511.995225862
975.249999999986,38.704733101,512.102739342
975.299999999986,38.700426249,514.037868326
975.330555555600,38.697794284,515.220341142
975.349999999986,38.696162546,515.972782386
975.399999999986,38.691966648,517.907485616
975.413888888900,38.690801121,518.444865949
975.449999999986,38.687555369,519.841975162
975.497222222200,38.683310924,521.668787283
975.499999999986,38.683064097,521.776240582
975.549999999986,38.678621213,523.710282714
975.580555555600,38.675906117,524.892087995
975.599999999986,38.674205835,525.644102970
975.649999999986,38.669833682,527.577703958
975.663888888900,38.668619195,528.114776549
975.699999999986,38.665605776,529.511088943
975.747222222200,38.661665151,531.336871729
975.749999999986,38.661452210,531.444264947
975.799999999986,38.657619271,533.377241734
975.830555555600,38.655276919,534.558410984
975.849999999986,38.653880548,535.310027791
975.899999999986,38.650289879,537.242632051
975.913888888900,38.649292471,537.779434707
975.949999999986,38.646867199,539.175059812
975.997222222200,38.643695688,540.999975879
975.999999999986,38.643515059,541.107319228
976.049999999985,38.640263734,543.039413698
976.080555555600,38.638276813,544.220058070
976.099999999985,38.637060875,544.971346073
976.149999999985,38.633934176,546.903120949
976.163888888900,38.633065649,547.439697338
976.199999999985,38.630873364,548.834740680
976.247222222200,38.628006529,550.658908677
976.249999999985,38.627840003,550.766208464
976.299999999985,38.624842538,552.697525528
976.330555555600,38.623010753,553.877701066
976.349999999985,38.621865790,554.628692919
976.399999999985,38.618921600,556.559712604
976.413888888900,38.618103770,557.096080837
976.449999999985,38.616005556,558.490585588
976.497222222200,38.613261738,560.314054398
976.499999999985,38.613104655,560.421313241
976.549999999985,38.610277168,562.351897786
976.580555555600,38.608549260,563.531629859
976.599999999985,38.607486144,564.282341312
976.649999999985,38.604752419,566.212647276
976.663888888900,38.603993051,566.748819121
976.699999999985,38.602046479,568.142817056
976.747222222200,38.599500962,569.965631370
976.749999999985,38.599353816,570.072852002
976.799999999985,38.596705194,572.002753477
976.830555555600,38.595086591,573.182072521
976.849999999985,38.594090356,573.932522850
976.899999999985,38.591528608,575.862163324
976.913888888900,38.590817011,576.398151836
976.949999999985,38.588918209,577.791674832
976.997222222200,38.586435160,579.613870675
976.999999999984,38.586293246,579.721055021
977.049999999984,38.583738805,581.650305822
977.080555555600,38.582177758,582.829229549
977.099999999984,38.581227948,583.579429325
977.149999999984,38.578785580,585.508429663
977.163888888900,38.578107145,586.044241419
977.199999999984,38.576383941,587.437308618
977.247222222200,38.574130520,589.258917987
977.249999999984,38.574000338,589.366068169
977.299999999984,38.571657060,591.294709604
977.330555555600,38.570225056,592.473266139
977.349999999984,38.569327643,593.223234010
977.399999999984,38.567020009,595.151642701
977.413888888900,38.566378999,595.687291306
977.449999999984,38.564656607,597.079935004
977.497222222200,38.562404249,598.900990607
977.499999999984,38.562276831,599.008108220
977.549999999984,38.559983304,600.936164723
977.580555555600,38.558581704,602.114365024
977.599999999984,38.557733993,602.864106980
977.649999999984,38.555554163,604.791939184
977.663888888900,38.554948655,605.327428788
977.699999999984,38.553385708,606.719662602
977.747222222200,38.551341853,608.540190891
977.749999999984,38.551218693,608.647277781
977.799999999984,38.549001813,610.574783294
977.830555555600,38.547647052,611.752648765
977.849999999984,38.546813256,612.502178238
977.899999999984,38.544669208,614.429465299
977.913888888900,38.544073639,614.964803792
977.949999999984,38.542575255,616.356646063
977.997222222200,38.540615830,618.176665852
977.999999999984,38.540501116,618.283722960
978.049999999984,38.538436259,620.210696394
978.080555555600,38.537174402,621.388240448
978.099999999984,38.536385848,622.137566726
978.149999999984,38.534358137,624.064335325
978.163888888900,38.533794884,624.599530834
978.199999999984,38.532349480,625.991002884
978.247222222200,38.530459337,627.810541425
978.249999999983,38.530348814,627.917570325
978.299999999983,38.528359402,629.844038031
978.330555555600,38.527143651,631.021274885
978.349999999983,38.526382050,631.770406383
978.399999999983,38.524423648,633.696676525
978.413888888900,38.523879647,634.231734188
978.449999999983,38.522501214,635.622849397
978.497222222200,38.520698649,637.441924949
978.499999999983,38.520591379,637.548926741
978.549999999983,38.518660523,639.474908039
978.580555555600,38.517480556,640.651849085
978.599999999983,38.516746704,641.400792959
978.649999999983,38.514859655,643.326583118
978.663888888900,38.514335475,643.861508085
978.699999999983,38.513002359,645.252279462
978.747222222200,38.511259054,647.070907856
978.749999999983,38.511158487,647.177883436
978.799999999983,38.509348288,649.103396106
978.830555555600,38.508242055,650.280053738
978.849999999983,38.507552599,651.028818406
978.899999999983,38.505779713,652.954151714
978.913888888900,38.505287244,653.488950791
978.949999999983,38.504023558,654.879396679
978.997222222200,38.502371045,656.697603218
978.999999999983,38.502274943,656.804554116
979.049999999983,38.500545124,658.729624617
979.080555555600,38.499488011,659.906014015
979.099999999983,38.498804734,660.654608525
979.149999999983,38.497047736,662.579504837
979.163888888900,38.496559681,663.114182667
979.199999999982,38.495311030,664.504313665
979.247222222200,38.493678178,666.322109244
979.249999999982,38.493583092,666.429035996
979.299999999982,38.491871538,668.353672361
979.330555555600,38.490825588,669.529796903
979.349999999982,38.490169931,670.278223246
979.399999999982,38.488483957,672.202689593
979.413888888900,38.488015631,672.737248619
979.449999999982,38.486809027,674.127071841
979.497222222200,38.485231160,675.944467234
979.499999999982,38.485141126,676.051370529
979.549999999982,38.483520515,677.975587070
979.580555555600,38.482530141,679.151457291
979.599999999982,38.481903380,679.899722615
979.649999999982,38.480291708,681.823777492
979.663888888900,38.479844021,682.358222880
979.699999999982,38.478676322,683.747751718
979.747222222200,38.477149331,685.564764268
979.749999999982,38.477059623,685.671645114
979.799999999982,38.475444872,687.595457727
979.830555555600,38.474458080,688.771081246
979.849999999982,38.473827361,689.519189575
979.899999999982,38.472205512,691.442840396
979.913888888900,38.471754998,691.977173457
979.949999999982,38.470576105,693.366409989
979.997222222200,38.469034474,695.183039683
979.999999999982,38.468943721,695.289897987
980.049999999982,38.467310167,697.213304334
980.080555555600,38.466311884,698.388679118
980.099999999982,38.465686951,699.136629104
980.149999999982,38.464079979,701.059873277
980.163888888900,38.463633598,701.594093511
980.199999999982,38.462476091,702.983037157
980.247222222200,38.460962428,704.799285011
980.249999999982,38.460873651,704.906120895
980.299999999982,38.459275659,706.829124628
980.330555555600,38.458299109,708.004254244
980.349999999982,38.457680265,708.752048486
980.399999999982,38.456088951,710.674892716
980.413888888900,38.455646919,711.209001994
980.449999999981,38.454493207,712.597657301
980.497222222200,38.452984506,714.413528302
980.499999999981,38.452893567,714.520342022
980.549999999981,38.451256663,716.442945778
980.580555555600,38.450256333,717.617830007
980.599999999981,38.449605231,718.365467547
980.649999999981,38.447930969,720.287905952
980.663888888900,38.447465897,720.821901765
980.699999999981,38.446236970,722.210260288
980.747222222200,38.444629913,724.025739089
980.749999999981,38.444532353,724.132529592
980.799999999981,38.442776266,726.054712308
980.830555555600,38.441703101,727.229336301
980.849999999981,38.441003001,727.976807052
980.899999999981,38.439202744,729.898812196
980.913888888900,38.438702673,730.432686540
980.949999999981,38.437369821,731.820726737
980.997222222200,38.435626862,733.635783603
980.999999999981,38.435522085,733.742549087
981.049999999981,38.433636096,735.664278042
981.080555555600,38.432483547,736.838621539
981.099999999981,38.431732013,737.585912521
981.149999999981,38.429799498,739.507450809
981.163888888900,38.429262688,740.041194297
981.199999999981,38.427822276,741.428891664
981.247222222200,38.425938660,743.243494352
981.249999999981,38.425824756,743.350232913
981.299999999981,38.423774494,745.271472894
981.330555555600,38.422521555,746.445513530
981.349999999981,38.421690188,747.192610031
981.399999999980,38.419552387,749.113641095
981.413888888900,38.418958553,749.647241867
981.449999999980,38.417351113,751.034564124
981.497222222200,38.415249077,752.848667184
981.499999999980,38.415120514,752.955376030
981.549999999980,38.412806383,754.876074203
981.580555555600,38.411392192,756.049777239
981.599999999980,38.410463923,756.796656393
981.649999999980,38.408076947,758.717119915
981.663888888900,38.407413898,759.250560825
981.699999999980,38.405627707,760.637462964
981.747222222200,38.403291920,762.451006899
981.749999999980,38.403150576,762.557682514
981.799999999980,38.400606391,764.477776438
981.830555555600,38.399051612,765.651104549
981.849999999980,38.398035903,766.397742897
981.899999999980,38.395424080,768.317579397
981.913888888900,38.394698574,768.850844139
981.949999999980,38.392764561,770.237284444
981.997222222200,38.390235468,772.050216389
981.999999999980,38.390083646,772.156855721
982.049999999980,38.387350849,774.076291584
982.080555555600,38.385680807,775.249212903
982.099999999980,38.384601623,775.995590647
982.149999999980,38.381826580,777.914751352
982.163888888900,38.381055734,778.447826925
982.199999999980,38.379024389,779.833772814
982.247222222200,38.376368015,781.646052913
982.249999999980,38.376209842,781.752653715
982.299999999980,38.373362735,783.671393030
982.330555555600,38.371622836,784.843885868
982.349999999980,38.370507716,785.589989912
982.399999999980,38.367640262,787.508443612
982.413888888900,38.366843747,788.041321974
982.449999999980,38.364760547,789.426753717
982.497222222200,38.362036362,791.238358644
982.499999999980,38.361875380,791.344919632
982.549999999980,38.358977712,793.262940960
982.580555555600,38.357206914,794.434993783
982.599999999980,38.356071671,795.180817322
982.649999999979,38.353152476,797.098547926
982.663888888900,38.352341588,797.631224969
982.699999999979,38.350227826,799.016132471
982.747222222200,38.347463675,800.827050187
982.749999999979,38.347301335,800.933570694
982.799999999979,38.344379209,802.850862708
982.830555555600,38.342593466,804.022469237
982.849999999979,38.341459814,804.768008642
982.899999999979,38.338544709,806.685008755
982.913888888900,38.337734958,807.217482920
982.949999999979,38.335633912,808.601863190
982.997222222200,38.332886391,810.412092142
982.999999999979,38.332725718,810.518572159
983.049999999979,38.329833596,812.435136142
983.080555555600,38.328066188,813.606298502
983.099999999979,38.326945813,814.351555561
983.149999999979,38.324064849,816.267830827
983.163888888900,38.323264582,816.800103949
983.199999999979,38.321199845,818.183962334
983.247222222200,38.318499804,819.993510798
983.249999999979,38.318342367,820.099950856
983.299999999979,38.315508491,822.015797128
983.330555555600,38.313776677,823.186522320
983.349999999979,38.312687589,823.931501831
983.399999999979,38.309887075,825.847066198
983.413888888900,38.309109155,826.379142562
983.449999999979,38.307113496,827.762491025
983.497222222200,38.304503788,829.571376433
983.499999999979,38.304353246,829.677777624
983.549999999979,38.301643491,831.592927542
983.580555555600,38.299987529,832.763230241
983.599999999978,38.298953310,833.507942163
983.649999999978,38.296293891,835.422823343
983.663888888900,38.295555164,835.954711185
983.699999999978,38.293666687,837.337572134
983.747222222200,38.291197140,839.145825863
983.749999999978,38.291054285,839.252190101
983.799999999978,38.288482904,841.166678531
983.830555555600,38.286911504,842.336580392
983.849999999978,38.285931926,843.081038590
983.899999999978,38.283413012,844.995272213
983.913888888900,38.282713313,845.526981425
983.949999999978,38.280922221,846.909380399
983.997222222200,38.278580024,848.717035313
983.999999999978,38.278446002,848.823364516
984.049999999978,38.276033605,850.737226506
984.080555555600,38.274559363,851.906749457
984.099999999978,38.273647270,852.650968130
984.149999999978,38.271301888,854.564591859
984.163888888900,38.270650393,855.096133195
984.199999999978,38.269008967,856.478099266
984.247222222200,38.266862488,858.285196231
984.249999999978,38.266740026,858.391492901
984.299999999978,38.264535713,860.304774794
984.330555555600,38.263188632,861.473948363
984.349999999978,38.262379067,862.217946935
984.399999999978,38.260297326,864.131013845
984.413888888900,38.259719065,864.662402849
984.449999999978,38.258246144,866.043977220
984.497222222200,38.256320016,867.850571143
984.499999999978,38.256208382,867.956838544
984.549999999978,38.254198971,869.869598727
984.580555555600,38.252970998,871.038458271
984.599999999978,38.252199469,871.782258537
984.649999999978,38.250215539,873.694818912
984.663888888900,38.249664447,874.226068080
984.699999999978,38.248223478,875.607279944
984.747222222200,38.246339133,877.413401561
984.749999999978,38.246229607,877.519641240
984.799999999978,38.244258147,879.431903434
984.830555555600,38.243053366,880.600459585
984.849999999977,38.242281771,881.344067007
984.899999999977,38.240297669,883.256131493
984.913888888900,38.239746529,883.787242912
984.949999999977,38.238324392,885.168096969
984.997222222200,38.236464674,886.973751711
984.999999999977,38.236355208,887.079963961
985.049999999977,38.234384829,888.991732462
985.080555555600,38.233180708,890.159986938
985.099999999977,38.232409985,890.903402401
985.149999999977,38.230428126,892.814973353
985.163888888900,38.229877609,893.345947700
985.199999999977,38.228470144,894.726445644
985.247222222200,38.226629612,896.531635500
985.249999999977,38.226520696,896.637820431
985.299999999977,38.224560207,898.549097453
985.330555555600,38.223362131,899.717051825
985.349999999977,38.222614895,900.460276599
985.399999999977,38.220693430,902.371359307
985.413888888900,38.220159690,902.902198566
985.449999999977,38.218754435,904.282345625
985.497222222200,38.216916794,906.087076752
985.499999999977,38.216810685,906.193234706
985.549999999977,38.214900725,908.104027492
985.580555555600,38.213733528,909.271687184
985.599999999977,38.212996189,910.014724832
985.649999999977,38.211100175,911.925327241
985.663888888900,38.210573505,912.456033309
985.699999999977,38.209196774,913.835834716
985.747222222200,38.207396435,915.640115389
985.749999999977,38.207292877,915.746246902
985.799999999976,38.205428845,917.656564945
985.830555555600,38.204289714,918.823935648
985.849999999976,38.203557823,919.566789718
985.899999999976,38.201675817,921.476920559
985.913888888900,38.201153038,922.007495761
985.949999999976,38.199819999,923.386957773
985.997222222200,38.198076794,925.190797003
985.999999999976,38.197975206,925.296902630
986.049999999976,38.196146624,927.206755676
986.080555555600,38.195029158,928.373843086
986.099999999976,38.194318162,929.116517294
986.149999999976,38.192489887,931.026187495
986.163888888900,38.191982032,931.556635218
986.199999999976,38.190679276,932.935766602
986.247222222200,38.188975671,934.739175121
986.249999999976,38.188875431,934.845255470
986.299999999976,38.187071121,936.754654134
986.330555555600,38.185968487,937.921464464
986.349999999976,38.185280031,938.663962710
986.399999999976,38.183509718,940.573182454
986.413888888900,38.183017964,941.103505564
986.449999999976,38.181744939,942.482313782
986.497222222200,38.180080214,944.285301321
986.499999999976,38.179981186,944.391356961
986.549999999976,38.178198686,946.300311458
986.580555555600,38.177109380,947.466850890
986.599999999976,38.176432415,948.209176988
986.649999999976,38.174691645,950.117955089
986.663888888900,38.174208098,950.648155783
986.699999999976,38.172967733,952.026646457
986.747222222200,38.171345717,953.829220524
986.749999999976,38.171250811,953.935251908
986.799999999976,38.169542507,955.843771741
986.830555555600,38.168498543,957.010047371
986.849999999976,38.167842385,957.752206238
986.899999999976,38.166155121,959.660556176
986.913888888900,38.165686436,960.190638410
986.949999999976,38.164480964,961.568821987
986.997222222200,38.162904577,963.370996368
986.999999999976,38.162812418,963.477004308
987.049999999975,38.161153571,965.385103458
987.080555555600,38.160139832,966.551123221
987.099999999975,38.159506634,967.293119781
987.149999999975,38.157878412,969.201054407
987.163888888900,38.157426128,969.731021801
987.199999999975,38.156246362,971.108907553
987.247222222200,38.154703590,972.910693872
987.249999999975,38.154614475,973.016679036
987.299999999975,38.153010422,974.924369658
987.330555555600,38.152030167,976.090141114
987.349999999975,38.151416334,976.831980175
987.399999999975,38.149837907,978.739511531
987.413888888900,38.149399455,979.269367347
987.449999999975,38.148255684,980.646963897
987.497222222200,38.146759983,982.448373989
987.499999999975,38.146673321,982.554337091
987.549999999975,38.145113397,984.461631759
987.580555555600,38.144160110,985.627162329
987.599999999975,38.143565722,986.368848549
987.649999999975,38.142037294,988.275988625
987.663888888900,38.141612730,988.805736196
987.699999999975,38.140505057,990.183052210
987.747222222200,38.139056561,991.984097415
987.749999999975,38.138972424,992.090039122
987.799999999975,38.137457951,993.996949881
987.830555555600,38.136532440,995.162246959
987.849999999975,38.135958481,995.903785063
987.899999999975,38.134482586,997.810546090
987.913888888900,38.134072615,998.340188835
987.949999999975,38.133005394,999.717233298
987.997222222200,38.131609797,1001.517925601
987.999999999974,38.131528783,1001.623846627
988.049999999974,38.130070536,1003.530386610
988.080555555600,38.129179385,1004.695458486
988.099999999974,38.128623528,1005.436853790
988.149999999974,38.127194180,1007.343249232
988.163888888900,38.126797138,1007.872790840
988.199999999974,38.125774823,1009.249573388
988.247222222200,38.124437948,1011.049925634
988.249999999974,38.124360093,1011.155826743
988.299999999974,38.122958705,1013.062009712
988.330555555600,38.122102301,1014.226864814
988.349999999974,38.121567506,1014.968122712
988.399999999974,38.120192318,1016.874166708
988.413888888900,38.119810321,1017.403611172
988.449999999974,38.118833137,1018.780142233
988.497222222200,38.117555281,1020.580168071
988.499999999974,38.117480297,1020.686050064
988.549999999974,38.116130584,1022.591890336
988.580555555600,38.115305759,1023.756537283
988.599999999974,38.114791848,1024.497663230
988.649999999974,38.113470361,1026.403369785
988.663888888900,38.113103281,1026.932720992
988.699999999974,38.112172686,1028.309010696
988.747222222200,38.110955754,1030.108723451
988.749999999974,38.110885196,1030.214587118
988.799999999974,38.109615167,1032.120099627
988.830555555600,38.108839038,1033.284548236
988.849999999974,38.108349409,1034.025548677
988.899999999974,38.107090365,1035.930934671
988.913888888900,38.106740631,1036.460197388
988.949999999974,38.105875118,1037.836258504
988.997222222200,38.104743292,1039.635675883
988.999999999974,38.104679906,1039.741522304
989.049999999974,38.103538946,1041.646727775
989.080555555600,38.102841692,1042.810991927
989.099999999974,38.102405326,1043.551876270
989.149999999974,38.101283242,1045.456968484
989.163888888900,38.100971552,1045.986150811
989.199999999974,38.100170199,1047.362004758
989.247222222200,38.099122277,1049.161154719
989.249999999973,38.099060452,1049.266985528
989.299999999973,38.097947605,1051.171910729
989.330555555600,38.097267532,1052.336004297
989.349999999973,38.096824447,1053.076780188
989.399999999973,38.095685084,1054.981592927
989.413888888900,38.095368595,1055.510697467
989.449999999973,38.094551103,1056.886348794
989.497222222200,38.093482076,1058.685232911
989.499999999973,38.093421357,1058.791048054
989.549999999973,38.092328416,1060.695691799
989.580555555600,38.091660507,1061.859613854
989.599999999973,38.091247716,1062.600281015
989.649999999973,38.090186253,1064.504816864
989.663888888900,38.089891402,1065.033845183
989.699999999973,38.089127963,1066.409299697
989.747222222200,38.088129621,1068.207929391
989.749999999973,38.088070647,1068.313729669
989.799999999973,38.087009122,1070.218106663
989.830555555600,38.086360412,1071.381866478
989.849999999973,38.085938862,1072.122430496
989.899999999973,38.084854876,1074.026700339
989.913888888900,38.084553768,1074.555654567
989.949999999973,38.083766051,1075.930915896
989.997222222200,38.082735960,1077.729291638
989.999999999973,38.082676752,1077.835076933
990.049999999973,38.081611009,1079.739184127
990.080555555600,38.080959722,1080.902778961
990.099999999973,38.080560085,1081.643238178
990.149999999973,38.079532448,1083.547240492
990.163888888900,38.079246994,1084.076120906
990.199999999972,38.078518259,1085.451191666
990.247222222200,38.077565299,1087.249321417
990.249999999972,38.077508580,1087.355092353
990.299999999972,38.076487636,1089.258942258
990.330555555600,38.075863726,1090.422380962
990.349999999972,38.075457265,1091.162741025
990.399999999972,38.074412078,1093.066487758
990.413888888900,38.074121748,1093.595297022
990.449999999972,38.073355591,1094.970182028
990.497222222200,38.072353693,1096.768066831
990.499999999972,38.072295866,1096.873823289
990.549999999972,38.071254970,1098.777412059
990.580555555600,38.070618867,1099.940690690
990.599999999972,38.070225725,1100.680948899
990.649999999972,38.069214788,1102.584434912
990.663888888900,38.068933972,1103.113172057
990.699999999972,38.068227331,1104.487870802
990.747222222200,38.067303261,1106.285515274
990.749999999972,38.067249142,1106.391257708
990.799999999972,38.066275006,1108.294595812
990.830555555600,38.065679700,1109.457722900
990.849999999972,38.065295157,1110.197885153
990.899999999972,38.064306334,1112.101125190
990.913888888900,38.064031661,1112.629794205
990.949999999972,38.063289123,1114.004315274
990.997222222200,38.062318113,1115.801725445
990.999999999972,38.062261461,1115.907454027
991.049999999972,38.061241731,1117.810541607
991.080555555600,38.060618563,1118.973514475
991.099999999972,38.060240485,1119.713578380
991.149999999972,38.059268284,1121.616566099
991.163888888900,38.058998229,1122.145165174
991.199999999972,38.058310486,1123.519505469
991.247222222200,38.057411130,1125.316682229
991.249999999972,38.057358058,1125.422397186
991.299999999972,38.056402772,1127.325241207
991.330555555600,38.055818986,1128.488066820
991.349999999972,38.055450127,1129.228037489
991.399999999972,38.054501632,1131.130786283
991.413888888900,38.054238161,1131.659319200
991.449999999971,38.053538389,1133.033487386
991.497222222200,38.052623303,1134.830438426
991.499999999971,38.052568423,1134.936140081
991.549999999971,38.051580580,1136.838743806
991.580555555600,38.050976899,1138.001421770
991.599999999971,38.050602359,1138.741298233
991.649999999971,38.049639256,1140.643804273
991.663888888900,38.049371727,1141.172269629
991.699999999971,38.048702296,1142.546262630
991.747222222200,38.047826886,1144.342986236
991.749999999971,38.047776198,1144.448674574
991.799999999971,38.046863806,1146.351040574
991.830555555600,38.046306233,1147.513575119
991.849999999971,38.045951708,1148.253360957
991.899999999971,38.045040071,1150.155635751
991.913888888900,38.044786839,1150.684037329
991.949999999971,38.044118030,1152.057864776
991.997222222200,38.043243435,1153.854371922
991.999999999971,38.043190073,1153.960047524
992.049999999971,38.042229569,1155.862183015
992.080555555600,38.041642594,1157.024575509
992.099999999971,38.041271661,1157.764270506
992.149999999971,38.040317835,1159.666310244
992.163888888900,38.040052883,1160.194646153
992.199999999971,38.039392021,1161.568302795
992.247222222200,38.038527818,1163.364587014
992.249999999971,38.038478769,1163.470249523
992.299999999971,38.037595894,1165.372151390
992.330555555600,38.037056359,1166.534403024
992.349999999971,38.036715059,1167.274009132
992.399999999970,38.035837429,1169.175822944
992.413888888900,38.035593643,1169.704096773
992.449999999970,38.034951031,1171.077592717
992.497222222200,38.034110692,1172.873667786
992.499999999970,38.034060376,1172.979318023
992.549999999970,38.033154676,1174.880998399
992.580555555600,38.032601193,1176.043114117
992.599999999970,38.032238802,1176.782633392
992.649999999970,38.031306941,1178.684222035
992.663888888900,38.031048091,1179.212432836
992.699999999970,38.030386511,1180.585764292
992.747222222200,38.029521369,1182.381623228
992.749999999970,38.029472561,1182.487260720
992.799999999970,38.028594013,1184.388712384
992.830555555600,38.028057123,1185.550689001
992.849999999970,38.027722778,1186.290120192
992.899999999970,38.026863033,1188.191484837
992.913888888900,38.026624215,1188.719634056
992.949999999970,38.026008707,1190.092806593
992.997222222200,38.025203812,1191.888460222
992.999999999970,38.025156332,1191.994085722
993.049999999970,38.024301706,1193.895322173
993.080555555600,38.023779435,1195.057167860
993.099999999970,38.023438449,1195.796515809
993.149999999970,38.022561627,1197.697665811
993.163888888900,38.022318065,1198.225755255
993.199999999970,38.021670193,1199.598771708
993.247222222200,38.020822977,1201.394219464
993.249999999970,38.020774001,1201.499832792
993.299999999970,38.019892449,1203.400849454
993.330555555600,38.019353722,1204.562560162
993.349999999970,38.019020897,1205.301822135
993.399999999970,38.018165063,1207.202751784
993.413888888900,38.017927331,1207.730780204
993.449999999970,38.017325959,1209.103638943
993.497222222200,38.016539549,1210.898882990
993.499999999970,38.016494350,1211.004484426
993.549999999970,38.015680770,1212.905288804
993.580555555600,38.015183581,1214.066871456
993.599999999970,38.014863825,1214.806052470
993.649999999969,38.014041596,1216.706775105
993.663888888900,38.013813199,1217.234746321
993.699999999969,38.013206347,1218.607456394
993.747222222200,38.012412773,1220.402505735
993.749999999969,38.012364691,1220.508095703
993.799999999969,38.011499222,1222.408692301
993.830555555600,38.010970324,1223.570146700
993.849999999969,38.010633200,1224.309245620
993.899999999969,38.009766310,1226.209755608
993.913888888900,38.009525507,1226.737667358
993.949999999969,38.008917472,1228.110222577
993.997222222200,38.008122350,1229.905069351
993.999999999969,38.008077629,1230.010647406
994.049999999969,38.007272647,1231.911031163
994.080555555600,38.006780714,1233.072356981
994.099999999969,38.006475595,1233.811374748
994.149999999969,38.005691002,1235.711678913
994.163888888900,38.005473060,1236.239534221
994.199999999969,38.004906044,1237.611943842
994.247222222200,38.004164563,1239.406602454
994.249999999969,38.004120348,1239.512169516
994.299999999969,38.003324485,1241.412355636
994.330555555600,38.002838124,1242.573560901
994.349999999969,38.002520154,1243.312501882
994.399999999969,38.001702519,1245.212607449
994.413888888900,38.001475398,1245.740407297
994.449999999969,38.000867876,1247.112671827
994.497222222200,38.000073424,1248.907138496
994.499999999969,38.000027759,1249.012694192
994.549999999969,37.999205787,1250.912675031
994.580555555600,37.998703471,1252.073754203
994.599999999968,37.998398424,1252.812614913
994.649999999968,37.997614017,1254.712515224
994.663888888900,37.997396126,1255.240258352
994.699999999968,37.996851653,1256.612376713
994.747222222200,37.996139651,1258.406655674
994.749999999968,37.996097898,1258.512200448
994.799999999968,37.995346356,1260.411986555
994.830555555600,37.994887080,1261.572948457
994.849999999968,37.994589638,1262.311735034
994.899999999968,37.993824789,1264.211445394
994.913888888900,37.993612331,1264.739135931
994.949999999968,37.993052032,1266.111117370
994.997222222200,37.992319333,1267.905216416
994.999999999968,37.992274718,1268.010750574
995.049999999968,37.991471648,1269.910344233
995.080555555600,37.990980883,1271.071187261
995.099999999968,37.990665075,1271.809897705
995.149999999968,37.989852996,1273.709410657
995.163888888900,37.989627418,1274.237045939
995.199999999968,37.989062796,1275.608883400
995.247222222200,37.988324444,1277.402793932
995.249999999968,37.988282746,1277.508316997
995.299999999968,37.987532184,1279.407712370
995.330555555600,37.987073507,1280.568435516
995.349999999968,37.986787562,1281.307070273
995.399999999968,37.986052275,1283.206391269
995.413888888900,37.985848029,1283.733973912
995.449999999968,37.985323917,1285.105675626
995.497222222200,37.984638540,1286.899410851
995.499999999968,37.984598194,1287.004923679
995.549999999968,37.983871970,1288.904135434
995.580555555600,37.983428167,1290.064746966
995.599999999968,37.983134785,1290.803310770
995.649999999968,37.982380372,1292.702448649
995.663888888900,37.982170813,1293.229980256
995.699999999968,37.981614612,1294.601548602
995.747222222200,37.980887272,1296.395107675
995.749999999968,37.980844240,1296.500610079
995.799999999968,37.980069670,1298.399632927
995.830555555600,37.979596322,1299.560127827
995.849999999967,37.979304081,1300.298617134
995.899999999967,37.978552603,1302.197563551
995.913888888900,37.978343860,1302.725042000
995.949999999967,37.977817403,1304.096472688
995.997222222200,37.977128960,1305.889853366
995.999999999967,37.977089992,1305.995345337
996.049999999967,37.976388583,1307.894182301
996.080555555600,37.975959943,1309.054565406
996.099999999967,37.975690875,1309.792984231
996.149999999967,37.974998985,1311.691751477
996.163888888900,37.974806793,1312.219180686
996.199999999967,37.974295176,1313.590483914
996.247222222200,37.973626138,1315.383698723
996.249999999967,37.973586885,1315.489180963
996.299999999967,37.972880332,1317.387842644
996.330555555600,37.972448549,1318.548118504
996.349999999967,37.972168947,1319.286468949
996.399999999967,37.971449971,1321.185059422
996.413888888900,37.971250255,1321.712439287
996.449999999967,37.970717288,1323.083613699
996.497222222200,37.970020330,1324.876658893
996.499999999967,37.969979272,1324.982131114
996.549999999967,37.969240231,1326.880611602
996.580555555600,37.968788596,1328.040775934
996.599999999967,37.968508434,1328.779055208
996.649999999967,37.967788020,1330.677462619
996.663888888900,37.967587905,1331.204791620
996.699999999967,37.967094677,1332.575834499
996.747222222200,37.966449686,1334.368709852
996.749999999967,37.966412578,1334.474172160
996.799999999966,37.965744637,1336.372476091
996.830555555600,37.965336450,1337.532534277
996.849999999966,37.965079890,1338.270746655
996.899999999966,37.964420164,1340.168984157
996.913888888900,37.964236906,1340.696266499
996.949999999966,37.963758215,1342.067188631
996.997222222200,37.963132233,1343.859906879
996.999999999966,37.963094888,1343.965359971
997.049999999966,37.962422670,1345.863497910
997.080555555600,37.962011870,1347.023454552
997.099999999966,37.961742576,1347.761602162
997.149999999966,37.961050104,1349.659671979
997.163888888900,37.960857751,1350.186907452
997.199999999966,37.960346215,1351.557706966
997.247222222200,37.959677282,1353.350263077
997.249999999966,37.959637926,1353.455706570
997.299999999966,37.958929513,1355.353670756
997.330555555600,37.958496595,1356.513520324
997.349999999966,37.958230867,1357.251599616
997.399999999966,37.957547566,1359.149494077
997.413888888900,37.957357760,1359.676680921
997.449999999966,37.956882347,1361.047354699
997.497222222200,37.956260653,1362.839748354
997.499999999966,37.956225242,1362.945182361
997.549999999966,37.955587849,1364.842977689
997.580555555600,37.955198331,1366.002725814
997.599999999966,37.954953673,1366.740741178
997.649999999966,37.954324554,1368.638473133
997.663888888900,37.954149798,1369.165615318
997.699999999966,37.953696925,1370.536173660
997.747222222200,37.953104705,1372.328417588
997.749999999966,37.953069016,1372.433842829
997.799999999966,37.952426615,1374.331480219
997.830555555600,37.952034036,1375.491131704
997.849999999966,37.951781020,1376.229085459
997.899999999966,37.951130405,1378.126658245
997.913888888900,37.950949679,1378.653756025
997.949999999966,37.950476839,1380.024198446
997.997222222200,37.949858510,1381.816289698
997.999999999966,37.949821639,1381.921705920
998.049999999965,37.949157961,1383.819180410
998.080555555600,37.948752380,1384.978731821
998.099999999965,37.948498409,1385.716621756
998.149999999965,37.947845340,1387.614030350
998.163888888900,37.947663932,1388.141082499
998.199999999965,37.947214911,1389.511406699
998.247222222200,37.946627730,1391.303344651
998.249999999965,37.946594274,1391.408751903
998.299999999965,37.945992070,1393.306066561
998.330555555600,37.945624056,1394.465521811
998.349999999965,37.945395170,1395.203351161
998.399999999965,37.944806605,1397.100606206
998.413888888900,37.944643115,1397.627616275
998.449999999965,37.944221716,1398.997831888
998.497222222200,37.943670655,1400.789629348
998.499999999965,37.943637672,1400.895028386
998.549999999965,37.943043974,1402.792195428
998.580555555600,37.942681159,1403.951560676
998.599999999965,37.942451343,1404.689332794
998.649999999965,37.941860388,1406.586440587
998.663888888900,37.941696234,1407.113409732
998.699999999965,37.941251267,1408.483518505
998.747222222200,37.940669388,1410.275174965
998.749999999965,37.940634968,1410.380565665
998.799999999965,37.940015407,1412.277581925
998.830555555600,37.939636786,1413.436854392
998.849999999965,37.939391869,1414.174567167
998.899999999965,37.938762082,1416.071521016
998.913888888900,37.938587141,1416.598447054
998.949999999965,37.938159706,1417.968443871
998.997222222200,37.937600753,1419.759954882
998.999999999964,37.937569215,1419.865337062
999.049999999964,37.937001534,1421.762201331
999.080555555600,37.936654618,1422.921382192
999.099999999964,37.936453987,1423.659037411
999.149999999964,37.935938079,1425.555847213
999.163888888900,37.935794771,1426.082734248
999.199999999964,37.935429784,1427.452631356
999.247222222200,37.934952493,1429.244015383
999.249999999964,37.934925823,1429.349390213
999.299999999964,37.934445751,1431.246124503
999.330555555600,37.934152375,1432.405228088
999.349999999964,37.933964980,1433.142834782
999.399999999964,37.933483107,1435.039520984
999.413888888900,37.933349253,1435.566373988
999.449999999964,37.933006466,1436.936183187
999.497222222200,37.932558206,1438.727453464
999.499999999964,37.932531863,1438.832821645
999.549999999964,37.932057672,1440.729436383
999.580555555600,37.931767889,1441.888467054
999.599999999964,37.931586107,1442.626027437
999.649999999964,37.931118668,1444.522595057
999.663888888900,37.930988824,1445.049415249
999.699999999964,37.930644267,1446.419139178
999.747222222200,37.930193694,1448.210297853
999.749999999964,37.930167167,1448.315659465
999.799999999964,37.929689696,1450.212155886
999.830555555600,37.929397907,1451.371114172
999.849999999964,37.929210285,1452.108628415
999.899999999964,37.928727829,1454.005076868
999.913888888900,37.928593813,1454.531863826
999.949999999964,37.928251403,1455.901501307
999.997222222200,37.927803636,1457.692547052
999.999999999964,37.927776867,1457.797902024
1000.049999999964,37.927295007,1459.694278821
1000.080555555600,37.927000537,1460.853163895
1000.099999999964,37.926819664,1461.590631588
1000.149999999964,37.926354561,1463.486960944
1000.163888888900,37.926225366,1464.013714973
1000.199999999964,37.925875551,1465.383266793
1000.247222222200,37.925418099,1467.174200116
1000.249999999963,37.925391604,1467.279548462
1000.299999999963,37.924914683,1469.175806119
1000.330555555600,37.924623231,1470.334618507
1000.349999999963,37.924424621,1471.072039803
1000.399999999963,37.923913910,1472.968248266
1000.413888888900,37.923772045,1473.494968309
1000.449999999963,37.923414249,1474.864431393
1000.497222222200,37.922946362,1476.655248242
1000.499999999963,37.922917881,1476.760589719
1000.549999999963,37.922405220,1478.656722797
1000.580555555600,37.922091928,1479.815458173
1000.599999999963,37.921894689,1480.552830262
1000.649999999963,37.921387503,1482.448912317
1000.663888888900,37.921246618,1482.975597278
1000.699999999963,37.920870656,1484.344968838
1000.747222222200,37.920379013,1486.135665011
1000.749999999963,37.920350397,1486.240999357
1000.799999999963,37.919835313,1488.137004000
1000.830555555600,37.919520540,1489.295660828
1000.849999999963,37.919320454,1490.032982890
1000.899999999963,37.918805947,1491.928936050
1000.913888888900,37.918663028,1492.455585142
1000.949999999963,37.918289588,1493.824863452
1000.997222222200,37.917801243,1495.615437819
1000.999999999963,37.917773438,1495.720765005
1001.049999999963,37.917272938,1497.616641165
1001.080555555600,37.916967077,1498.775219835
1001.099999999963,37.916778988,1499.512492363
1001.149999999963,37.916295330,1501.408319221
1001.163888888900,37.916160980,1501.934933503
1001.199999999962,37.915828145,1503.304122193
1001.247222222200,37.915392899,1505.094581580
1001.249999999962,37.915368546,1505.199902081
1001.299999999962,37.914930204,1507.095659550
1001.330555555600,37.914662329,1508.254167217
1001.349999999962,37.914494624,1508.991395128
1001.399999999962,37.914063383,1510.887109078
1001.413888888900,37.913943593,1511.413692462
1001.449999999962,37.913630535,1512.782801438
1001.497222222200,37.913221150,1514.573157658
1001.499999999962,37.913197195,1514.678472128
1001.549999999962,37.912766000,1516.574121208
1001.580555555600,37.912502492,1517.732562813
1001.599999999962,37.912332860,1518.469748709
1001.649999999962,37.911896662,1520.365354447
1001.663888888900,37.911775496,1520.891907728
1001.699999999962,37.911466839,1522.260938490
1001.747222222200,37.911063210,1524.051192673
1001.749999999962,37.911039226,1524.156501148
1001.799999999962,37.910607510,1526.052042316
1001.830555555600,37.910343684,1527.210417962
1001.849999999962,37.910174174,1527.947561883
1001.899999999962,37.909738293,1529.843059695
1001.913888888900,37.909617215,1530.369582999
1001.949999999962,37.909307865,1531.738535811
1001.997222222200,37.908903329,1533.528688020
1001.999999999962,37.908878799,1533.633990495
1002.049999999962,37.908437251,1535.529423396
1002.080555555600,37.908167416,1536.687732637
1002.099999999962,37.907993356,1537.424834197
1002.149999999962,37.907545775,1539.320222675
1002.163888888900,37.907421447,1539.846715505
1002.199999999962,37.907108784,1541.215588965
1002.247222222200,37.906699918,1543.005637227
1002.249999999962,37.906675907,1543.110933582
1002.299999999962,37.906243699,1545.006256572
1002.330555555600,37.905979572,1546.164498875
1002.349999999962,37.905805477,1546.901557893
1002.399999999961,37.905357804,1548.796836975
1002.413888888900,37.905233450,1549.323299416
1002.449999999961,37.904916347,1550.692093786
1002.497222222200,37.904501674,1552.482038379
1002.499999999961,37.904477170,1552.587328626
1002.549999999961,37.904036092,1554.482541458
1002.580555555600,37.903766544,1555.640716224
1002.599999999961,37.903593635,1556.377732222
1002.649999999961,37.903149011,1558.272900788
1002.663888888900,37.903025504,1558.799332558
1002.699999999961,37.902702024,1560.168047081
1002.747222222200,37.902279011,1561.957886911
1002.749999999961,37.902254337,1562.063170985
1002.799999999961,37.901810194,1563.958272598
1002.830555555600,37.901538774,1565.116379321
1002.849999999961,37.901365705,1565.853352001
1002.899999999961,37.900920671,1567.748409160
1002.913888888900,37.900797050,1568.274809980
1002.949999999961,37.900470604,1569.643443977
1002.997222222200,37.900043713,1571.433178343
1002.999999999961,37.900017980,1571.538456206
1003.049999999961,37.899554784,1573.433445525
1003.080555555600,37.899271720,1574.591483156
1003.099999999961,37.899089804,1575.328411667
1003.149999999961,37.898622021,1577.223354463
1003.163888888900,37.898492081,1577.749723313
1003.199999999961,37.898154372,1579.118273872
1003.247222222200,37.897712753,1580.907898513
1003.249999999961,37.897687750,1581.013169902
1003.299999999961,37.897237699,1582.908043038
1003.330555555600,37.896962668,1584.066009991
1003.349999999961,37.896787489,1584.802893670
1003.399999999960,37.896337027,1586.697721783
1003.413888888900,37.896211899,1587.224058930
1003.449999999960,37.895895409,1588.592527533
1003.497222222200,37.895481537,1590.382046156
1003.499999999960,37.895458211,1590.487311349
1003.549999999960,37.895038333,1592.382073763
1003.580555555600,37.894781742,1593.539973795
1003.599999999960,37.894624043,1594.276815237
1003.649999999960,37.894218534,1596.171536301
1003.663888888900,37.894105892,1596.697844112
1003.699999999960,37.893813742,1598.066237103
1003.747222222200,37.893431700,1599.855658177
1003.749999999960,37.893409377,1599.960917677
1003.799999999960,37.893007574,1601.855578101
1003.830555555600,37.892762028,1603.013416251
1003.849999999960,37.892609893,1603.750218475
1003.899999999960,37.892218688,1605.644839189
1003.913888888900,37.892110021,1606.171119252
1003.949999999960,37.891821217,1607.539440231
1003.997222222200,37.891443551,1609.328767316
1003.999999999960,37.891421679,1609.434021295
1004.049999999960,37.891027986,1611.328582537
1004.080555555600,37.890787396,1612.486360275
1004.099999999960,37.890635903,1613.223124109
1004.149999999960,37.890246348,1615.117646165
1004.163888888900,37.890138139,1615.643898837
1004.199999999960,37.889845101,1617.012148533
1004.247222222200,37.889461897,1618.801382171
1004.249999999960,37.889439386,1618.906630644
1004.299999999960,37.889034200,1620.801092484
1004.330555555600,37.888786586,1621.958809194
1004.349999999960,37.888628569,1622.695534060
1004.399999999960,37.888222239,1624.589955330
1004.413888888900,37.888109369,1625.116179857
1004.449999999960,37.887818195,1626.484356325
1004.497222222200,37.887437429,1628.273494306
1004.499999999960,37.887414717,1628.378737155
1004.549999999960,37.887005894,1630.273097671
1004.580555555600,37.886756058,1631.430752370
1004.599999999959,37.886602985,1632.167437802
1004.649999999959,37.886209366,1634.061758111
1004.663888888900,37.886100027,1634.587954706
1004.699999999959,37.885810034,1635.956058636
1004.747222222200,37.885430811,1637.745101823
1004.749999999959,37.885409320,1637.850339100
1004.799999999959,37.885022483,1639.744599895
1004.830555555600,37.884786082,1640.902194196
1004.849999999959,37.884637833,1641.638841370
1004.899999999959,37.884256622,1643.533063731
1004.913888888900,37.884150730,1644.059233229
1004.949999999959,37.883863826,1645.427266823
1004.997222222200,37.883488645,1647.216218201
1004.999999999959,37.883467099,1647.321450084
1005.049999999959,37.883079286,1649.215613743
1005.080555555600,37.882842288,1650.373148659
1005.099999999959,37.882691638,1651.109758014
1005.149999999959,37.882304252,1653.003882911
1005.163888888900,37.882196645,1653.530025280
1005.199999999959,37.881906270,1654.897988248
1005.247222222200,37.881526549,1656.686847079
1005.249999999959,37.881504667,1656.792073510
1005.299999999959,37.881110790,1658.686138897
1005.330555555600,37.880870087,1659.843613608
1005.349999999959,37.880715991,1660.580184580
1005.399999999959,37.880319743,1662.474210474
1005.413888888900,37.880209674,1663.000325263
1005.449999999959,37.879928190,1664.368216639
1005.497222222200,37.879560096,1666.156982336
1005.499999999959,37.879538399,1666.262203305
1005.549999999959,37.879147842,1668.156170461
1005.580555555600,37.878909169,1669.313585224
1005.599999999958,37.878757705,1670.050118093
1005.649999999958,37.878368229,1671.944046242
1005.663888888900,37.878260041,1672.470133940
1005.699999999958,37.877979468,1673.837954929
1005.747222222200,37.877612565,1675.626628631
1005.749999999958,37.877591090,1675.731844191
1005.799999999958,37.877204547,1677.625714082
1005.830555555600,37.876968326,1678.783069504
1005.849999999958,37.876820437,1679.519564669
1005.899999999958,37.876440152,1681.413396184
1005.913888888900,37.876334517,1681.939457121
1005.949999999958,37.876058123,1683.307208653
1005.997222222200,37.875696684,1685.095791753
1005.999999999958,37.875675272,1685.201001991
1006.049999999958,37.875289868,1687.094776120
1006.080555555600,37.875054343,1688.252073048
1006.099999999958,37.874907737,1688.988531010
1006.149999999958,37.874530750,1690.882266972
1006.163888888900,37.874426031,1691.408301396
1006.199999999958,37.874153050,1692.775984072
1006.247222222200,37.873796075,1694.564477316
1006.249999999958,37.873775454,1694.669682275
1006.299999999958,37.873404285,1696.563361769
1006.330555555600,37.873177460,1697.720601216
1006.349999999958,37.873032894,1698.457022702
1006.399999999958,37.872661153,1700.350665053
1006.413888888900,37.872557892,1700.876673521
1006.449999999958,37.872292621,1702.244288875
1006.497222222200,37.871945728,1704.032694504
1006.499999999958,37.871925246,1704.137894324
1006.549999999958,37.871556559,1706.031481369
1006.580555555600,37.871331251,1707.188664380
1006.599999999958,37.871188395,1707.925049985
1006.649999999958,37.870821051,1709.818600221
1006.663888888900,37.870719011,1710.344583140
1006.699999999958,37.870440705,1711.712131855
1006.747222222200,37.870076768,1713.500449629
1006.749999999958,37.870056428,1713.605644258
1006.799999999957,37.869690309,1715.499137926
1006.830555555600,37.869466569,1716.656263938
1006.849999999957,37.869328792,1717.392613334
1006.899999999957,37.868974508,1719.286070916
1006.913888888900,37.868876095,1719.812028214
1006.949999999957,37.868624006,1721.179510853
1006.997222222200,37.868294350,1722.967743648
1006.999999999957,37.868274513,1723.072933326
1007.049999999957,37.867917435,1724.966338125
1007.080555555600,37.867699221,1726.123410049
1007.099999999957,37.867561407,1726.859725080
1007.149999999957,37.867207029,1728.753094291
1007.163888888900,37.867108591,1729.279027040
1007.199999999957,37.866862781,1730.646445966
1007.247222222200,37.866541337,1732.434595786
1007.249999999957,37.866522601,1732.539780596
1007.299999999957,37.866185352,1734.433098295
1007.330555555600,37.865979255,1735.590117480
1007.349999999957,37.865846523,1736.326399116
1007.399999999957,37.865505211,1738.219682909
1007.413888888900,37.865410403,1738.745592048
1007.449999999957,37.865158311,1740.112949536
1007.497222222200,37.864828652,1741.901018674
1007.499999999957,37.864809377,1742.006198726
1007.549999999957,37.864462411,1743.899430520
1007.580555555600,37.864250376,1745.056396969
1007.599999999957,37.864113445,1745.792644947
1007.649999999957,37.863761337,1747.685841817
1007.663888888900,37.863663530,1748.211726714
1007.699999999957,37.863413779,1749.579021163
1007.747222222200,37.863087182,1751.367007992
1007.749999999957,37.863067909,1751.472183207
1007.799999999956,37.862720978,1753.365327929
1007.830555555600,37.862508965,1754.522241168
1007.849999999956,37.862373996,1755.258455304
1007.899999999956,37.862026933,1757.151565327
1007.913888888900,37.861930526,1757.677426145
1007.949999999956,37.861675972,1759.044657927
1007.997222222200,37.861343092,1760.832562545
1007.999999999956,37.861324054,1760.937732915
1008.049999999956,37.860981354,1762.830790550
1008.080555555600,37.860771926,1763.987650673
1008.099999999956,37.860637122,1764.723831035
1008.149999999956,37.860290481,1766.616854225
1008.163888888900,37.860194192,1767.142690927
1008.199999999956,37.859941646,1768.509860044
1008.247222222200,37.859611393,1770.297682825
1008.249999999956,37.859592167,1770.402848384
1008.299999999956,37.859246085,1772.295819341
1008.330555555600,37.859034591,1773.452626410
1008.349999999956,37.858901558,1774.188773008
1008.399999999956,37.858559472,1776.081709534
1008.413888888900,37.858464448,1776.607522202
1008.449999999956,37.858221908,1777.974629037
1008.497222222200,37.857904740,1779.762370917
1008.499999999956,37.857886130,1779.867531737
1008.549999999956,37.857551158,1781.760417669
1008.580555555600,37.857346453,1782.917173052
1008.599999999956,37.857216028,1783.653286851
1008.649999999956,37.856880649,1785.546139268
1008.663888888900,37.856787488,1786.071928632
1008.699999999956,37.856550340,1787.438975007
1008.747222222200,37.856240222,1789.226638119
1008.749999999956,37.856221742,1789.331794315
1008.799999999956,37.855889101,1791.224597086
1008.830555555600,37.855685820,1792.381301706
1008.849999999956,37.855558536,1793.117383245
1008.899999999956,37.855231232,1795.010152989
1008.913888888900,37.855140315,1795.535919461
1008.949999999956,37.854901059,1796.902906317
1008.997222222200,37.854588187,1798.690491480
1008.999999999955,37.854570024,1798.795643088
1009.049999999955,37.854243077,1800.688363416
1009.080555555600,37.854043276,1801.845017794
1009.099999999955,37.853915925,1802.581067394
1009.149999999955,37.853588453,1804.473755003
1009.163888888900,37.853497488,1804.999498658
1009.199999999955,37.853258142,1806.366426188
1009.247222222200,37.852945151,1808.153933766
1009.249999999955,37.852926250,1808.259080809
1009.299999999955,37.852586035,1810.151718616
1009.330555555600,37.852378126,1811.308322239
1009.349999999955,37.852247704,1812.044339431
1009.399999999955,37.851912332,1813.936943432
1009.413888888900,37.851819173,1814.462663792
1009.449999999955,37.851581054,1815.829530738
1009.497222222200,37.851269667,1817.616959159
1009.499999999955,37.851251879,1817.722101549
1009.549999999955,37.850931697,1819.614656138
1009.580555555600,37.850736030,1820.771209399
1009.599999999955,37.850613030,1821.507194733
1009.649999999955,37.850296745,1823.399717478
1009.663888888900,37.850208889,1823.925415436
1009.699999999955,37.849979871,1825.292224397
1009.747222222200,37.849680387,1827.079577488
1009.749999999955,37.849662535,1827.184715463
1009.799999999955,37.849341198,1829.077190556
1009.830555555600,37.849144826,1830.233695207
1009.849999999955,37.849024053,1830.969649624
1009.899999999955,37.848713494,1832.862093062
1009.913888888900,37.848627228,1833.387769042
1009.949999999955,37.848407530,1834.754521056
1009.997222222200,37.848120234,1836.541800185
1009.999999999954,37.848102931,1836.646933827
1010.049999999954,37.847791472,1838.539331187
1010.080555555600,37.847601135,1839.695788577
1010.099999999954,37.847480072,1840.431712975
1010.149999999954,37.847168765,1842.324079196
1010.163888888900,37.847082291,1842.849733719
1010.199999999954,37.846855228,1844.216429811
1010.247222222200,37.846558299,1846.003635409
1010.249999999954,37.846540890,1846.108764712
1010.299999999954,37.846227529,1848.001083923
1010.330555555600,37.846036030,1849.157493509
1010.349999999954,37.845914178,1849.893387465
1010.399999999954,37.845600845,1851.785675341
1010.413888888900,37.845513808,1852.311308084
1010.449999999954,37.845284324,1853.677947492
1010.497222222200,37.844984230,1855.465078834
1010.499999999954,37.844966729,1855.570203765
1010.549999999954,37.844651699,1857.462444226
1010.580555555600,37.844459181,1858.618805645
1010.599999999954,37.844335731,1859.354668926
1010.649999999954,37.844018289,1861.246877776
1010.663888888900,37.843930111,1861.772488531
1010.699999999954,37.843703650,1863.139070805
1010.747222222200,37.843407508,1864.926127598
1010.749999999954,37.843390507,1865.031248149
1010.799999999954,37.843084486,1866.923410024
1010.830555555600,37.842897474,1868.079723641
1010.849999999954,37.842779331,1868.815556607
1010.899999999954,37.842475533,1870.707687978
1010.913888888900,37.842391145,1871.233277332
1010.949999999954,37.842171313,1872.599804152
1010.997222222200,37.841883840,1874.386788789
1010.999999999954,37.841867262,1874.491905109
1011.049999999954,37.841568853,1876.383991012
1011.080555555600,37.841386491,1877.540258388
1011.099999999954,37.841270407,1878.276061994
1011.149999999954,37.840971903,1880.168118051
1011.163888888900,37.840888986,1880.693686532
1011.199999999953,37.840671780,1882.060159155
1011.247222222200,37.840387742,1883.847073061
1011.249999999953,37.840370807,1883.952185225
1011.299999999953,37.840065983,1885.844196144
1011.330555555600,37.839879702,1887.000417540
1011.349999999953,37.839764311,1887.736191854
1011.399999999953,37.839467591,1889.628172651
1011.413888888900,37.839385169,1890.153720242
1011.449999999953,37.839168043,1891.520138562
1011.497222222200,37.838884110,1893.306981461
1011.499999999953,37.838867705,1893.412089448
1011.549999999953,37.838572416,1895.304025451
1011.580555555600,37.838391962,1896.460201300
1011.599999999953,37.838278741,1897.195946706
1011.649999999953,37.837987604,1899.087853364
1011.663888888900,37.837906733,1899.613380411
1011.699999999953,37.837693057,1900.979745405
1011.747222222200,37.837413636,1902.766518758
1011.749999999953,37.837397031,1902.871622661
1011.799999999953,37.837098143,1904.763485040
1011.830555555600,37.836915489,1905.919615807
1011.849999999953,37.836800866,1906.655332491
1011.899999999953,37.836506123,1908.547165165
1011.913888888900,37.836424250,1909.072671629
1011.949999999953,37.836209925,1910.438983077
1011.997222222200,37.835929654,1912.225686373
1011.999999999953,37.835913070,1912.330786154
1012.049999999953,37.835614556,1914.222574345
1012.080555555600,37.835432130,1915.378659784
1012.099999999953,37.835314472,1916.114347594
1012.149999999953,37.835011921,1918.006105754
1012.163888888900,37.834927879,1918.531591449
1012.199999999952,37.834712189,1919.897848837
1012.247222222200,37.834430132,1921.684481365
1012.249999999952,37.834413775,1921.789576981
1012.299999999952,37.834119352,1923.681290309
1012.330555555600,37.833939427,1924.837330099
1012.349999999952,37.833827473,1925.572988941
1012.399999999952,37.833539590,1927.464673117
1012.413888888900,37.833459622,1927.990138392
1012.449999999952,37.833256179,1929.356342980
1012.497222222200,37.832990137,1931.142907131
1012.499999999952,37.832974315,1931.247998747
1012.549999999952,37.832689534,1933.139640343
1012.580555555600,37.832515501,1934.295636535
1012.599999999952,37.832405051,1935.031267703
1012.649999999952,37.832121039,1936.922880855
1012.663888888900,37.832042146,1937.448326435
1012.699999999952,37.831842143,1938.814479899
1012.747222222200,37.831580599,1940.600977382
1012.749999999952,37.831565126,1940.706065083
1012.799999999952,37.831286599,1942.597636376
1012.830555555600,37.831116388,1943.753589759
1012.849999999952,37.831008120,1944.489193744
1012.899999999952,37.830729714,1946.380737189
1012.913888888900,37.830652380,1946.906163456
1012.949999999952,37.830449534,1948.272266683
1012.997222222200,37.830184274,1950.058698316
1012.999999999952,37.830168642,1950.163782138
1013.049999999952,37.829887254,1952.055283535
1013.080555555600,37.829715295,1953.211194133
1013.099999999952,37.829606113,1953.946770866
1013.149999999952,37.829325359,1955.838244153
1013.163888888900,37.829247372,1956.363650910
1013.199999999952,37.829042886,1957.729703371
1013.247222222200,37.828775482,1959.516068528
1013.249999999952,37.828759695,1959.621148437
1013.299999999952,37.828475524,1961.512579317
1013.330555555600,37.828301864,1962.668446753
1013.349999999952,37.828189704,1963.403995973
1013.399999999951,37.827901291,1965.295398248
1013.413888888900,37.827821176,1965.820785212
1013.449999999951,37.827612739,1967.186786100
1013.497222222200,37.827340167,1968.973083600
1013.499999999951,37.827324468,1969.078159522
1013.549999999951,37.827041890,1970.969518681
1013.580555555600,37.826869203,1972.125342326
1013.599999999951,37.826761101,1972.860863728
1013.649999999951,37.826483125,1974.752194834
1013.663888888900,37.826405909,1975.277562121
1013.699999999951,37.826206532,1976.643512066
1013.747222222200,37.825945809,1978.429743441
1013.749999999951,37.825930583,1978.534815491
1013.799999999951,37.825656518,1980.426105168
1013.830555555600,37.825489033,1981.581886562
1013.849999999951,37.825382401,1982.317381142
1013.899999999951,37.825108202,1984.208643407
1013.913888888900,37.825032036,1984.733991606
1013.949999999951,37.824832360,1986.099891933
1013.997222222200,37.824571246,1987.886058408
1013.999999999951,37.824556165,1987.991126639
1014.049999999951,37.824284713,1989.882347661
1014.080555555600,37.824118826,1991.038087163
1014.099999999951,37.824014036,1991.773555118
1014.149999999951,37.823744576,1993.664749083
1014.163888888900,37.823669725,1994.190078352
1014.199999999951,37.823475348,1995.555929580
1014.247222222200,37.823221163,1997.342032137
1014.249999999951,37.823206152,1997.447096619
1014.299999999951,37.822935968,1999.338250172
1014.330555555600,37.822770856,2000.493948474
1014.349999999951,37.822665015,2001.229390208
1014.399999999950,37.822392854,2003.120516655
1014.413888888900,37.822317254,2003.645827144
1014.449999999950,37.822120595,2005.011629492
1014.497222222200,37.821863425,2006.797668004
1014.499999999950,37.821847954,2006.902728714
1014.549999999950,37.821569465,2008.793814149
1014.580555555600,37.821399277,2009.949470619
1014.599999999950,37.821292755,2010.684885677
1014.649999999950,37.821018840,2012.575943467
1014.663888888900,37.820942753,2013.101234869
1014.699999999950,37.820746738,2014.466987594
1014.747222222200,37.820490410,2016.252961250
1014.749999999950,37.820475246,2016.358018146
1014.799999999950,37.820202303,2018.249035084
1014.830555555600,37.820035504,2019.404649832
1014.849999999950,37.819928129,2020.140038364
1014.899999999950,37.819652021,2022.031027868
1014.913888888900,37.819575324,2022.556300282
1014.949999999950,37.819376236,2023.922003572
1014.997222222200,37.819115889,2025.707912415
1014.999999999950,37.819100287,2025.812965492
1015.049999999950,37.818819462,2027.703913486
1015.080555555600,37.818647846,2028.859485906
1015.099999999950,37.818540631,2029.594847457
1015.149999999950,37.818264934,2031.485767596
1015.163888888900,37.818188351,2032.011020747
1015.199999999950,37.817994627,2033.376674048
1015.247222222200,37.817741294,2035.162517814
1015.249999999950,37.817726804,2035.267567074
1015.299999999950,37.817465979,2037.158446894
1015.330555555600,37.817306585,2038.313978145
1015.349999999950,37.817206309,2039.049313683
1015.399999999950,37.816948457,2040.940167552
1015.413888888900,37.816876831,2041.465402452
1015.449999999950,37.816690076,2042.831008519
1015.497222222200,37.816445857,2044.616790897
1015.499999999950,37.816431361,2044.721836558
1015.549999999950,37.816170422,2046.612651603
1015.580555555600,37.816010959,2047.768143266
1015.599999999949,37.815910092,2048.503453606
1015.649999999949,37.815650721,2050.394242627
1015.663888888900,37.815578673,2050.919459500
1015.699999999949,37.815390671,2052.285018666
1015.747222222200,37.815144822,2054.070739644
1015.749999999949,37.815130450,2054.175781692
1015.799999999949,37.814871749,2056.066531747
1015.830555555600,37.814713654,2057.221983750
1015.849999999949,37.814614629,2057.957268882
1015.899999999949,37.814359993,2059.847993248
1015.913888888900,37.814289261,2060.373192204
1015.949999999949,37.814105142,2061.738704878
1015.997222222200,37.813864372,2063.524365270
1015.999999999949,37.813850195,2063.629403762
1016.049999999949,37.813595016,2065.520089892
1016.080555555600,37.813439073,2066.675502916
1016.099999999949,37.813337658,2067.410763242
1016.149999999949,37.813076876,2069.301423605
1016.163888888900,37.813004437,2069.826604728
1016.199999999949,37.812816168,2071.192070931
1016.247222222200,37.812569970,2072.977670327
1016.249999999949,37.812555392,2073.082705222
1016.299999999949,37.812292991,2074.973326432
1016.330555555600,37.812132635,2076.128699605
1016.349999999949,37.812031080,2076.863934526
1016.399999999949,37.811769938,2078.754529552
1016.413888888900,37.811697399,2079.279692522
1016.449999999949,37.811506512,2080.645111479
1016.497222222200,37.811256892,2082.430648949
1016.499999999949,37.811242198,2082.535680197
1016.549999999949,37.810977717,2084.426235695
1016.580555555600,37.810816090,2085.581568659
1016.599999999948,37.810713558,2086.316777972
1016.649999999948,37.810449905,2088.207307058
1016.663888888900,37.810376668,2088.732451690
1016.699999999948,37.810187427,2090.097822983
1016.747222222200,37.809939958,2091.883298214
1016.749999999948,37.809925352,2091.988325804
1016.799999999948,37.809662447,2093.878815499
1016.830555555600,37.809501783,2095.034108289
1016.849999999948,37.809400890,2095.769292062
1016.899999999948,37.809141452,2097.659755620
1016.913888888900,37.809069386,2098.184882087
1016.949999999948,37.808882752,2099.550206220
1016.997222222200,37.808638692,2101.335619922
1016.999999999948,37.808624375,2101.440643898
1017.049999999948,37.808366662,2103.331068673
1017.080555555600,37.808209171,2104.486321919
1017.099999999948,37.808106619,2105.221480541
1017.149999999948,37.807842914,2107.111879279
1017.163888888900,37.807769663,2107.636987702
1017.199999999948,37.807579168,2109.002264832
1017.247222222200,37.807330061,2110.787616856
1017.249999999948,37.807315663,2110.892637196
1017.299999999948,37.807056500,2112.782996501
1017.330555555600,37.806898123,2113.938209700
1017.349999999948,37.806798944,2114.673342862
1017.399999999948,37.806543913,2116.563676434
1017.413888888900,37.806473071,2117.088766832
1017.449999999948,37.806288817,2118.453997252
1017.497222222200,37.806047870,2120.239288536
1017.499999999948,37.806033690,2120.344305315
1017.549999999948,37.805778450,2122.234600619
1017.580555555600,37.805622469,2123.389774803
1017.599999999948,37.805523142,2124.124883159
1017.649999999948,37.805267730,2126.015152931
1017.663888888900,37.805196782,2126.540225604
1017.699999999948,37.805013657,2127.905409957
1017.747222222200,37.804774187,2129.690641060
1017.749999999948,37.804759894,2129.795654300
1017.799999999947,37.804502625,2131.685885863
1017.830555555600,37.804345404,2132.841021045
1017.849999999947,37.804244817,2133.576104557
1017.899999999947,37.803986163,2135.466310332
1017.913888888900,37.803914314,2135.991365199
1017.949999999947,37.803727661,2137.356503176
1017.997222222200,37.803483576,2139.141673443
1017.999999999947,37.803469204,2139.246683098
1018.049999999947,37.803210497,2141.136850091
1018.080555555600,37.803052398,2142.291945778
1018.099999999947,37.802951912,2143.027004149
1018.149999999947,37.802693520,2144.917145285
1018.163888888900,37.802621745,2145.442182199
1018.199999999947,37.802436636,2146.807273529
1018.247222222200,37.802194572,2148.592382878
1018.249999999947,37.802180228,2148.697388953
1018.299999999947,37.801922038,2150.587491509
1018.330555555600,37.801764255,2151.742547831
1018.349999999947,37.801662156,2152.477581140
1018.399999999947,37.801399617,2154.367657684
1018.413888888900,37.801326689,2154.892676619
1018.449999999947,37.801138264,2156.257721123
1018.497222222200,37.800891863,2158.042769058
1018.499999999947,37.800877395,2158.147771514
1018.549999999947,37.800616977,2160.037808873
1018.580555555600,37.800457832,2161.192825298
1018.599999999947,37.800357431,2161.927833220
1018.649999999947,37.800099256,2163.817844637
1018.663888888900,37.800027541,2164.342845520
1018.699999999947,37.799840001,2165.707843126
1018.747222222200,37.799594756,2167.492829781
1018.749999999947,37.799579810,2167.597828634
1018.799999999946,37.799310767,2169.487800898
1018.830555555600,37.799146352,2170.642777330
1018.849999999946,37.799039276,2171.377759687
1018.899999999946,37.798763938,2173.267704767
1018.913888888900,37.798687455,2173.792687071
1018.949999999946,37.798482372,2175.157635968
1018.997222222200,37.798214186,2176.942557971
1018.999999999946,37.798198803,2177.047552988
1019.049999999946,37.797921906,2178.937456006
1019.080555555600,37.797752691,2180.092389927
1019.099999999946,37.797649027,2180.827345218
1019.149999999946,37.797382462,2182.717221005
1019.163888888900,37.797308416,2183.242184138
1019.199999999946,37.797120556,2184.607083548
1019.247222222200,37.796874894,2186.391941775
1019.249999999946,37.796860622,2186.496933073
1019.299999999946,37.796603731,2188.386769682
1019.330555555600,37.796446742,2189.541663512
1019.349999999946,37.796347282,2190.276593451
1019.399999999946,37.796091527,2192.166404421
1019.413888888900,37.796020484,2192.691349646
1019.449999999946,37.795833772,2194.056202567
1019.497222222200,37.795589611,2195.841000065
1019.499999999946,37.795575110,2195.945987792
1019.549999999946,37.795314103,2197.835760023
1019.580555555600,37.795154599,2198.990614410
1019.599999999946,37.795052917,2199.725519201
1019.649999999946,37.794791449,2201.615265310
1019.663888888900,37.794718819,2202.140192467
1019.699999999946,37.794532059,2203.504998384
1019.747222222200,37.794287834,2205.289734410
1019.749999999946,37.794273464,2205.394718522
1019.799999999946,37.794014810,2207.284425729
1019.830555555600,37.793856744,2208.439240437
1019.849999999946,37.793755383,2209.174119995
1019.899999999946,37.793494741,2211.063801248
1019.913888888900,37.793422341,2211.588710397
1019.949999999946,37.793228909,2212.953469376
1019.997222222200,37.792975959,2214.738143658
1019.999999999945,37.792960881,2214.843124125
1020.049999999945,37.792689464,2216.732765384
1020.080555555600,37.792523598,2217.887539476
1020.099999999945,37.792418806,2218.622393079
1020.149999999945,37.792149341,2220.512007282
1020.163888888900,37.792074489,2221.036897728
1020.199999999945,37.791881779,2222.401608047
1020.247222222200,37.791629775,2224.186218738
1020.249999999945,37.791614718,2224.291195465
1020.299999999945,37.791343701,2226.180769426
1020.330555555600,37.791178080,2227.335502401
1020.349999999945,37.791067370,2228.070329784
1020.399999999945,37.790782687,2229.959876035
1020.413888888900,37.790703609,2230.484747470
1020.449999999945,37.790488176,2231.849407875
1020.497222222200,37.790206457,2233.633952055
1020.499999999945,37.790189469,2233.738924826
1020.549999999945,37.789883687,2235.628426655
1020.580555555600,37.789696821,2236.783114694
1020.599999999945,37.789585328,2237.517913267
1020.649999999945,37.789298633,2239.407385366
1020.663888888900,37.789218996,2239.932236185
1020.699999999945,37.789021547,2241.296843304
1020.747222222200,37.788763344,2243.081318781
1020.749999999945,37.788748431,2243.186287546
1020.799999999945,37.788479993,2245.075718257
1020.830555555600,37.788315947,2246.230363754
1020.849999999945,37.788210618,2246.965135537
1020.899999999945,37.787939773,2248.854539296
1020.913888888900,37.787864538,2249.379371273
1020.949999999945,37.787670606,2250.743929544
1020.997222222200,37.787417002,2252.528341336
1020.999999999944,37.787402129,2252.633306361
1021.049999999944,37.787134419,2254.522669775
1021.080555555600,37.786970818,2255.677274165
1021.099999999944,37.786866323,2256.412019800
1021.149999999944,37.786597621,2258.301356398
1021.163888888900,37.786522981,2258.826169738
1021.199999999944,37.786329532,2260.190679573
1021.247222222200,37.786076559,2261.975028051
1021.249999999944,37.786061584,2262.079989353
1021.299999999944,37.785792031,2263.969285693
1021.330555555600,37.785627304,2265.123849048
1021.349999999944,37.785520756,2265.858568539
1021.399999999944,37.785246776,2267.747837728
1021.413888888900,37.785170671,2268.272632296
1021.449999999944,37.784964842,2269.637093073
1021.497222222200,37.784695682,2271.421376726
1021.499999999944,37.784679793,2271.526334190
1021.549999999944,37.784393793,2273.415561030
1021.580555555600,37.784219015,2274.570081507
1021.599999999944,37.784108886,2275.304773580
1021.649999999944,37.783825698,2277.193971945
1021.663888888900,37.783747035,2277.718746758
1021.699999999944,37.783544255,2279.083156182
1021.747222222200,37.783279082,2280.867372845
1021.749999999944,37.783262867,2280.972326374
1021.799999999944,37.782970998,2282.861482221
1021.830555555600,37.782792633,2284.015959169
1021.849999999944,37.782675537,2284.750623439
1021.899999999944,37.782374432,2286.639749688
1021.913888888900,37.782290792,2287.164504311
1021.949999999944,37.782055061,2288.528860553
1021.997222222200,37.781746797,2290.313005875
1021.999999999944,37.781728744,2290.417955146
1022.049999999944,37.781403795,2292.307033459
1022.080555555600,37.781205215,2293.461462212
1022.099999999944,37.781088305,2294.196095617
1022.149999999944,37.780787679,2296.085142517
1022.163888888900,37.780704172,2296.609875102
1022.199999999943,37.780496539,2297.974174556
1022.247222222200,37.780225020,2299.758247150
1022.249999999943,37.780209259,2299.863192196
1022.299999999943,37.779925550,2301.752195567
1022.330555555600,37.779752172,2302.906579536
1022.349999999943,37.779642219,2303.641184755
1022.399999999943,37.779359482,2305.530159797
1022.413888888900,37.779280943,2306.054872581
1022.449999999943,37.779077486,2307.419120717
1022.497222222200,37.778811427,2309.203126428
1022.499999999943,37.778795377,2309.308067548
1022.549999999943,37.778506479,2311.197000094
1022.580555555600,37.778329930,2312.351340654
1022.599999999943,37.778218456,2313.085918204
1022.649999999943,37.777931808,2314.974821960
1022.663888888900,37.777852183,2315.499514907
1022.699999999943,37.777645889,2316.863711398
1022.747222222200,37.777376119,2318.647649419
1022.749999999943,37.777360069,2318.752586551
1022.799999999943,37.777071173,2320.641447332
1022.830555555600,37.776894625,2321.795744036
1022.849999999943,37.776778172,2322.530293628
1022.899999999943,37.776478722,2324.419125051
1022.913888888900,37.776395542,2324.943797791
1022.949999999943,37.776175276,2326.307941429
1022.997222222200,37.775887237,2328.091809573
1022.999999999943,37.775870316,2328.196742568
1023.049999999943,37.775565745,2330.085528469
1023.080555555600,37.775379619,2331.239779027
1023.099999999943,37.775262061,2331.974299151
1023.149999999943,37.774959769,2333.863054697
1023.163888888900,37.774875800,2334.387706335
1023.199999999942,37.774648538,2335.751794966
1023.247222222200,37.774351349,2337.535590798
1023.249999999942,37.774333494,2337.640519526
1023.299999999942,37.774012111,2339.529228166
1023.330555555600,37.773815710,2340.683431095
1023.349999999942,37.773675897,2341.417920593
1023.399999999942,37.773316380,2343.306595400
1023.413888888900,37.773216514,2343.831224103
1023.449999999942,37.772961029,2345.195252306
1023.497222222200,37.772626933,2346.978967579
1023.499999999942,37.772608813,2347.083891516
1023.549999999942,37.772282649,2348.972513802
1023.580555555600,37.772083327,2350.126663842
1023.599999999942,37.771963542,2350.861119849
1023.649999999942,37.771655525,2352.749710326
1023.663888888900,37.771569965,2353.274316061
1023.699999999942,37.771352601,2354.638285494
1023.747222222200,37.771068356,2356.421925990
1023.749999999942,37.771051652,2356.526845600
1023.799999999942,37.770750984,2358.415390666
1023.830555555600,37.770567242,2359.569494142
1023.849999999942,37.770448791,2360.303920683
1023.899999999942,37.770144201,2362.192435508
1023.913888888900,37.770059593,2362.717020259
1023.949999999942,37.769838898,2364.080935091
1023.997222222200,37.769550297,2365.864504004
1023.999999999942,37.769533430,2365.969419396
1024.049999999942,37.769229826,2367.857888478
1024.080555555600,37.769044290,2369.011945447
1024.099999999942,37.768926347,2369.746342380
1024.149999999942,37.768623062,2371.634781115
1024.163888888900,37.768538816,2372.159344742
1024.199999999942,37.768315072,2373.523204601
1024.247222222200,37.768022482,2375.306701462
1024.249999999942,37.768004746,2375.411612609
1024.299999999942,37.767685484,2377.300004865
1024.330555555600,37.767490380,2378.454014500
1024.349999999942,37.767362498,2379.188381121
1024.399999999941,37.767033658,2381.076741025
1024.413888888900,37.766942314,2381.601282528
1024.449999999941,37.766702072,2382.965084438
1024.497222222200,37.766387910,2384.748504619
1024.499999999941,37.766369588,2384.853411225
1024.549999999941,37.766039793,2386.741721460
1024.580555555600,37.765838252,2387.895680712
1024.599999999941,37.765706747,2388.630015173
1024.649999999941,37.765368591,2390.518292056
1024.663888888900,37.765274658,2391.042810415
1024.699999999941,37.765019470,2392.406551834
1024.747222222200,37.764685762,2394.189892098
1024.749999999941,37.764663862,2394.294793971
1024.799999999941,37.764269663,2396.183017309
1024.830555555600,37.764028764,2397.336921872
1024.849999999941,37.763886602,2398.071221046
1024.899999999941,37.763521044,2399.959406237
1024.913888888900,37.763419500,2400.483898882
1024.949999999941,37.763175793,2401.847573517
1024.997222222200,37.762857100,2403.630827073
1024.999999999941,37.762839149,2403.735723871
1025.049999999941,37.762516027,2405.623857751
1025.080555555600,37.762318564,2406.777709394
1025.099999999941,37.762194479,2407.511975489
1025.149999999941,37.761875405,2409.400077237
1025.163888888900,37.761786774,2409.924547115
1025.199999999941,37.761554005,2411.288162988
1025.247222222200,37.761249615,2413.071340297
1025.249999999941,37.761231556,2413.176232631
1025.299999999941,37.760906485,2415.064286082
1025.330555555600,37.760707830,2416.218088527
1025.349999999941,37.760581866,2416.952323284
1025.399999999940,37.760257957,2418.840344279
1025.413888888900,37.760167983,2419.364791684
1025.449999999940,37.759934844,2420.728349094
1025.497222222200,37.759629971,2422.511449931
1025.499999999940,37.759611843,2422.616337765
1025.549999999940,37.759285554,2424.504310200
1025.580555555600,37.759086155,2425.658063105
1025.599999999940,37.758954828,2426.392266278
1025.649999999940,37.758617131,2428.280205577
1025.663888888900,37.758523326,2428.804630166
1025.699999999940,37.758273672,2430.168127887
1025.747222222200,37.757947202,2431.951149770
1025.749999999940,37.757927341,2432.056032928
1025.799999999940,37.757569843,2433.943920357
1025.830555555600,37.757351372,2435.097620546
1025.849999999940,37.757211668,2435.831789905
1025.899999999940,37.756852428,2437.719641508
1025.913888888900,37.756752639,2438.244041546
1025.949999999940,37.756490026,2439.607475091
1025.997222222200,37.756146609,2441.390412346
1025.999999999940,37.756126699,2441.495290502
1026.049999999940,37.755768307,2443.383087877
1026.080555555600,37.755549290,2444.536733011
1026.099999999940,37.755389038,2445.270867130
1026.149999999940,37.754976960,2447.158626280
1026.163888888900,37.754862494,2447.683000168
1026.199999999940,37.754568620,2449.046364893
1026.247222222200,37.754184324,2450.829210450
1026.249999999940,37.754163786,2450.934083155
1026.299999999940,37.753794096,2452.821782102
1026.330555555600,37.753568175,2453.975366807
1026.349999999940,37.753433109,2454.709462649
1026.399999999940,37.753085794,2456.597125622
1026.413888888900,37.752989318,2457.121473368
1026.449999999940,37.752745776,2458.484771360
1026.497222222200,37.752427299,2460.267532393
1026.499999999940,37.752408632,2460.372400219
1026.549999999940,37.752072640,2462.260012251
1026.580555555600,37.751867311,2463.413544670
1026.599999999939,37.751733051,2464.147607448
1026.649999999939,37.751387812,2466.035185469
1026.663888888900,37.751291913,2466.559509637
1026.699999999939,37.751046637,2467.922746302
1026.747222222200,37.750725893,2469.705427044
1026.749999999939,37.750706903,2469.810290144
1026.799999999939,37.750365092,2471.697816944
1026.830555555600,37.750156207,2472.851297134
1026.849999999939,37.750022349,2473.585326644
1026.899999999939,37.749678140,2475.472819156
1026.913888888900,37.749582527,2475.997119580
1026.949999999939,37.749326403,2477.360294322
1026.997222222200,37.748991472,2479.142893496
1026.999999999939,37.748971478,2479.247751776
1027.049999999939,37.748611578,2481.135191352
1027.080555555600,37.748391640,2482.288617794
1027.099999999939,37.748245936,2483.022612878
1027.149999999939,37.747871268,2484.910015808
1027.163888888900,37.747767194,2485.434291078
1027.199999999939,37.747481624,2486.797399734
1027.247222222200,37.747108185,2488.579910884
1027.249999999939,37.747085660,2488.684763930
1027.299999999939,37.746680201,2490.572108076
1027.330555555600,37.746432421,2491.725475078
1027.349999999939,37.746282000,2492.459432020
1027.399999999939,37.745895205,2494.346736450
1027.413888888900,37.745787761,2494.870984251
1027.449999999939,37.745491911,2496.234021243
1027.497222222200,37.745105031,2498.016438117
1027.499999999939,37.745079295,2498.121285593
1027.549999999939,37.744616049,2500.008527977
1027.580555555600,37.744332955,2501.161831369
1027.599999999938,37.744171240,2501.895747377
1027.649999999938,37.743755400,2503.782945543
1027.663888888900,37.743639889,2504.307163569
1027.699999999938,37.743362457,2505.670123331
1027.747222222200,37.742999662,2507.452440216
1027.749999999938,37.742979220,2507.557281852
1027.799999999938,37.742611271,2509.444421614
1027.830555555600,37.742386413,2510.597664638
1027.849999999938,37.742245938,2511.331543004
1027.899999999938,37.741884714,2513.218646270
1027.913888888900,37.741784375,2513.742838420
1027.949999999938,37.741518743,2515.105731390
1027.997222222200,37.741171378,2516.887961575
1027.999999999938,37.741150658,2516.992798132
1028.049999999938,37.740777712,2518.879846341
1028.080555555600,37.740549800,2520.033033293
1028.099999999938,37.740408883,2520.766875943
1028.149999999938,37.740046526,2522.653887328
1028.163888888900,37.739945872,2523.178053945
1028.199999999938,37.739678797,2524.540880498
1028.247222222200,37.739329546,2526.323023753
1028.249999999938,37.739308358,2526.427855193
1028.299999999938,37.738926989,2528.314811076
1028.330555555600,37.738693929,2529.467941400
1028.349999999938,37.738542802,2530.201747864
1028.399999999938,37.738154188,2532.088665289
1028.413888888900,37.738046240,2532.612805572
1028.449999999938,37.737756960,2533.975563127
1028.497222222200,37.737378670,2535.757614942
1028.499999999938,37.737355141,2535.862440960
1028.549999999938,37.736931607,2537.749298129
1028.580555555600,37.736672781,2538.902367089
1028.599999999938,37.736495988,2539.636134003
1028.649999999938,37.736041375,2541.522947437
1028.663888888900,37.735915094,2542.047058249
1028.699999999938,37.735598580,2543.409738354
1028.747222222200,37.735184677,2545.191687405
1028.749999999938,37.735161048,2545.296507328
1028.799999999937,37.734735726,2547.183254747
1028.830555555600,37.734475807,2548.336256594
1028.849999999937,37.734283830,2549.069980642
1028.899999999937,37.733790173,2550.956682492
1028.913888888900,37.733653046,2551.480761962
1028.949999999937,37.733308472,2552.843359875
1028.997222222200,37.732857875,2554.625199915
1028.999999999937,37.732834217,2554.730013375
1029.049999999937,37.732408380,2556.616644440
1029.080555555600,37.732148147,2557.769575169
1029.099999999937,37.731990423,2558.503254290
1029.149999999937,37.731584846,2560.389843672
1029.163888888900,37.731472186,2560.913892682
1029.199999999937,37.731188260,2562.276412937
1029.247222222200,37.730816973,2564.058154729
1029.249999999937,37.730795136,2564.162962522
1029.299999999937,37.730402075,2566.049492452
1029.330555555600,37.730161872,2567.202362183
1029.349999999937,37.730005989,2567.936002700
1029.399999999937,37.729605149,2569.822492978
1029.413888888900,37.729493804,2570.346514501
1029.449999999937,37.729207363,2571.708963270
1029.497222222200,37.728832786,2573.490611441
1029.499999999937,37.728811374,2573.595413723
1029.549999999937,37.728425956,2575.481844657
1029.580555555600,37.728190423,2576.634654078
1029.599999999937,37.728035384,2577.368256269
1029.649999999937,37.727636712,2579.254648071
1029.663888888900,37.727525970,2579.778642260
1029.699999999937,37.727225996,2581.141019723
1029.747222222200,37.726833722,2582.922573912
1029.749999999937,37.726810438,2583.027370639
1029.799999999936,37.726391331,2584.913700683
1029.830555555600,37.726135210,2586.066447620
1029.849999999936,37.725966547,2586.800009716
1029.899999999936,37.725532841,2588.686297201
1029.913888888900,37.725412367,2589.210262101
1029.949999999936,37.725076180,2590.572562586
1029.997222222200,37.724636552,2592.354014138
1029.999999999936,37.724599081,2592.458804742
1030.000000000000,37.724599081,2592.458804744
1030.049999999936,37.724151593,2594.345023509
1030.099999999936,37.723704105,2596.231219901
1030.149999999936,37.723256616,2598.117393919
1030.199999999936,37.722809128,2600.003545563
1030.249999999936,37.722361639,2601.889674832
1030.299999999936,37.721914151,2603.775781727
1030.349999999936,37.721466662,2605.661866247
1030.399999999936,37.721019174,2607.547928393
1030.449999999936,37.720571686,2609.433968164
1030.499999999936,37.720124197,2611.319985561
1030.549999999936,37.719676709,2613.205980584
1030.599999999936,37.719229220,2615.091953232
1030.649999999936,37.718781732,2616.977903506
1030.699999999936,37.718334244,2618.863831406
1030.749999999936,37.717886755,2620.749736930
1030.799999999936,37.717439267,2622.635620081
1030.849999999936,37.716991778,2624.521480857
1030.899999999936,37.716544290,2626.407319259
1030.949999999936,37.716096801,2628.293135286
1030.999999999935,37.715649313,2630.178928939
1031.025000000000,37.715425569,2631.121817377
1031.049999999935,37.715186469,2632.064700025
1031.099999999935,37.714708268,2633.950447394
1031.149999999935,37.714230068,2635.836170852
1031.199999999935,37.713751867,2637.721870401
1031.249999999935,37.713273667,2639.607546039
1031.299999999935,37.712795466,2641.493197767
1031.349999999935,37.712317266,2643.378825586
1031.399999999935,37.711839066,2645.264429494
1031.449999999935,37.711360865,2647.150009492
1031.499999999935,37.710882665,2649.035565580
1031.549999999935,37.710404464,2650.921097759
1031.599999999935,37.709926264,2652.806606027
1031.649999999935,37.709448064,2654.692090385
1031.699999999935,37.708969863,2656.577550833
1031.749999999935,37.708491663,2658.462987371
1031.799999999935,37.708013462,2660.348399999
1031.849999999935,37.707535262,2662.233788718
1031.899999999935,37.707057061,2664.119153526
1031.949999999934,37.706578861,2666.004494424
1031.999999999934,37.706100661,2667.889811412
1032.025000000000,37.705861560,2668.832460942
1032.049999999934,37.705621640,2669.775104480
1032.099999999934,37.705141800,2671.660373566
1032.149999999934,37.704661960,2673.545618660
1032.199999999934,37.704182119,2675.430839762
1032.249999999934,37.703702279,2677.316036871
1032.299999999934,37.703222439,2679.201209989
1032.349999999934,37.702742599,2681.086359115
1032.399999999934,37.702262758,2682.971484249
1032.449999999934,37.701782918,2684.856585391
1032.499999999934,37.701303078,2686.741662541
1032.549999999934,37.700823238,2688.626715699
1032.599999999934,37.700343397,2690.511744865
1032.649999999934,37.699863557,2692.396750039
1032.699999999934,37.699383717,2694.281731221
1032.749999999934,37.698903876,2696.166688410
1032.799999999934,37.698424036,2698.051621608
1032.849999999934,37.697944196,2699.936530814
1032.899999999934,37.697464356,2701.821416028
1032.949999999934,37.696984515,2703.706277250
1032.999999999934,37.696504675,2705.591114479
1033.025000000000,37.696264755,2706.533524100
1033.049999999934,37.696013463,2707.475927575
1033.099999999934,37.695510880,2709.360715684
1033.149999999934,37.695008297,2711.245478663
1033.199999999933,37.694505714,2713.130216513
1033.249999999933,37.694003131,2715.014929234
1033.299999999933,37.693500548,2716.899616826
1033.349999999933,37.692997965,2718.784279289
1033.399999999933,37.692495382,2720.668916623
1033.449999999933,37.691992799,2722.553528827
1033.499999999933,37.691490216,2724.438115903
1033.549999999933,37.690987633,2726.322677849
1033.599999999933,37.690485050,2728.207214666
1033.649999999933,37.689982467,2730.091726354
1033.699999999933,37.689479884,2731.976212913
1033.749999999933,37.688977300,2733.860674342
1033.799999999933,37.688474717,2735.745110643
1033.849999999933,37.687972134,2737.629521814
1033.899999999933,37.687469551,2739.513907856
1033.949999999933,37.686966968,2741.398268769
1033.999999999933,37.686464385,2743.282604553
1034.025000000000,37.686213094,2744.224763024
1034.049999999933,37.685937236,2745.166914901
1034.099999999933,37.685385521,2747.051197969
1034.149999999932,37.684833806,2748.935453453
1034.199999999932,37.684282092,2750.819681350
1034.249999999932,37.683730377,2752.703881662
1034.299999999932,37.683178662,2754.588054388
1034.349999999932,37.682626947,2756.472199528
1034.399999999932,37.682075232,2758.356317082
1034.449999999932,37.681523517,2760.240407051
1034.499999999932,37.680971802,2762.124469434
1034.549999999932,37.680420087,2764.008504231
1034.599999999932,37.679868372,2765.892511443
1034.649999999932,37.679316658,2767.776491069
1034.699999999932,37.678764943,2769.660443109
1034.749999999932,37.678213228,2771.544367563
1034.799999999932,37.677661513,2773.428264431
1034.849999999932,37.677109798,2775.312133714
1034.899999999932,37.676558083,2777.195975411
1034.949999999932,37.676006368,2779.079789523
1034.999999999932,37.675454653,2780.963576048
1035.025000000000,37.675178796,2781.905458969
1035.049999999932,37.674903897,2782.847335000
1035.099999999932,37.674354098,2784.731066450
1035.149999999932,37.673804300,2786.614770410
1035.199999999932,37.673254501,2788.498446880
1035.249999999932,37.672704702,2790.382095860
1035.299999999932,37.672154904,2792.265717350
1035.349999999932,37.671605105,2794.149311350
1035.399999999931,37.671055307,2796.032877860
1035.449999999931,37.670505508,2797.916416881
1035.499999999931,37.669955710,2799.799928411
1035.549999999931,37.669405911,2801.683412452
1035.599999999931,37.668856113,2803.566869002
1035.649999999931,37.668306314,2805.450298063
1035.699999999931,37.667756515,2807.333699634
1035.749999999931,37.667206717,2809.217073715
1035.799999999931,37.666656918,2811.100420305
1035.849999999931,37.666107120,2812.983739406
1035.899999999931,37.665557321,2814.867031017
1035.949999999931,37.665007523,2816.750295139
1035.999999999931,37.664457724,2818.633531770
1036.025000000000,37.664182825,2819.575139779
1036.049999999931,37.663906050,2820.516740888
1036.099999999931,37.663352502,2822.399922351
1036.149999999931,37.662798953,2824.283076138
1036.199999999931,37.662245404,2826.166202247
1036.249999999931,37.661691856,2828.049300678
1036.299999999931,37.661138307,2829.932371432
1036.349999999930,37.660584758,2831.815414509
1036.399999999930,37.660031210,2833.698429908
1036.449999999930,37.659477661,2835.581417630
1036.499999999930,37.658924112,2837.464377674
1036.549999999930,37.658370564,2839.347310041
1036.599999999930,37.657817015,2841.230214730
1036.649999999930,37.657263466,2843.113091742
1036.699999999930,37.656709918,2844.995941077
1036.749999999930,37.656156369,2846.878762734
1036.799999999930,37.655602820,2848.761556714
1036.849999999930,37.655049271,2850.644323016
1036.899999999930,37.654495723,2852.527061641
1036.949999999930,37.653942174,2854.409772589
1036.999999999930,37.653388625,2856.292455859
1037.025000000000,37.653111851,2857.233787117
1037.049999999930,37.652798449,2858.175110993
1037.099999999930,37.652171646,2860.057735246
1037.149999999930,37.651544843,2861.940328158
1037.199999999930,37.650918040,2863.822889730
1037.249999999930,37.650291237,2865.705419962
1037.299999999930,37.649664433,2867.587918854
1037.349999999930,37.649037630,2869.470386405
1037.399999999930,37.648410827,2871.352822617
1037.449999999930,37.647784024,2873.235227488
1037.499999999930,37.647157221,2875.117601019
1037.549999999930,37.646530417,2876.999943210
1037.599999999929,37.645903614,2878.882254061
1037.649999999929,37.645276811,2880.764533571
1037.699999999929,37.644650008,2882.646781742
1037.749999999929,37.644023205,2884.528998572
1037.799999999929,37.643396401,2886.411184062
1037.849999999929,37.642769598,2888.293338212
1037.899999999929,37.642142795,2890.175461022
1037.949999999929,37.641515992,2892.057552492
1037.999999999929,37.640889189,2893.939612621
1038.025000000000,37.640575787,2894.880630936
1038.049999999929,37.640267145,2895.821641470
1038.099999999929,37.639649861,2897.703639395
1038.149999999929,37.639032578,2899.585606456
1038.199999999929,37.638415294,2901.467542653
1038.249999999929,37.637798010,2903.349447986
1038.299999999929,37.637180726,2905.231322454
1038.349999999929,37.636563442,2907.113166058
1038.399999999929,37.635946159,2908.994978798
1038.449999999929,37.635328875,2910.876760674
1038.499999999929,37.634711591,2912.758511686
1038.549999999928,37.634094307,2914.640231833
1038.599999999928,37.633477024,2916.521921116
1038.649999999928,37.632859740,2918.403579536
1038.699999999928,37.632242456,2920.285207090
1038.749999999928,37.631625172,2922.166803781
1038.799999999928,37.631007888,2924.048369608
1038.849999999928,37.630390605,2925.929904570
1038.899999999928,37.629773321,2927.811408668
1038.949999999928,37.629156037,2929.692881902
1038.999999999928,37.628538753,2931.574324272
1039.025000000000,37.628230111,2932.515033885
1039.049999999928,37.627923787,2933.455735806
1039.099999999928,37.627311138,2935.337116680
1039.149999999928,37.626698489,2937.218466920
1039.199999999928,37.626085841,2939.099786528
1039.249999999928,37.625473192,2940.981075504
1039.299999999928,37.624860543,2942.862333848
1039.349999999928,37.624247894,2944.743561559
1039.399999999928,37.623635245,2946.624758637
1039.449999999928,37.623022597,2948.505925083
1039.499999999928,37.622409948,2950.387060897
1039.549999999928,37.621797299,2952.268166078
1039.599999999928,37.621184650,2954.149240627
1039.649999999928,37.620572002,2956.030284543
1039.699999999928,37.619959353,2957.911297827
1039.749999999928,37.619346704,2959.792280478
1039.799999999927,37.618734055,2961.673232497
1039.849999999927,37.618121406,2963.554153884
1039.899999999927,37.617508758,2965.435044638
1039.949999999927,37.616896109,2967.315904759
1039.999999999927,37.616283460,2969.196734249
1040.025000000000,37.615977136,2970.137137509
1040.049999999927,37.615632187,2971.077532623
1040.099999999927,37.614942291,2972.958296985
1040.149999999927,37.614252394,2974.839026852
1040.199999999927,37.613562498,2976.719722224
1040.249999999927,37.612872601,2978.600383102
1040.299999999927,37.612182704,2980.481009484
1040.349999999927,37.611492808,2982.361601372
1040.399999999927,37.610802911,2984.242158765
1040.449999999927,37.610113014,2986.122681663
1040.499999999927,37.609423118,2988.003170066
1040.549999999927,37.608733221,2989.883623975
1040.599999999927,37.608043324,2991.764043388
1040.649999999927,37.607353428,2993.644428307
1040.699999999927,37.606663531,2995.524778731
1040.749999999926,37.605973634,2997.405094660
1040.799999999926,37.605283738,2999.285376095
1040.849999999926,37.604593841,3001.165623034
1040.899999999926,37.603903945,3003.045835479
1040.949999999926,37.603214048,3004.926013429
1040.999999999926,37.602524151,3006.806156884
1041.025000000000,37.602179203,3007.746215678
1041.049999999926,37.601844998,3008.686265978
1041.099999999926,37.601176587,3010.566341518
1041.149999999926,37.600508176,3012.446383637
1041.199999999926,37.599839766,3014.326392335
1041.249999999926,37.599171355,3016.206367613
1041.299999999926,37.598502944,3018.086309471
1041.349999999926,37.597834533,3019.966217908
1041.399999999926,37.597166123,3021.846092924
1041.449999999926,37.596497712,3023.725934520
1041.499999999926,37.595829301,3025.605742695
1041.549999999926,37.595160891,3027.485517450
1041.599999999926,37.594492480,3029.365258784
1041.649999999926,37.593824069,3031.244966698
1041.699999999926,37.593155659,3033.124641191
1041.749999999926,37.592487248,3035.004282264
1041.799999999926,37.591818837,3036.883889916
1041.849999999926,37.591150427,3038.763464148
1041.899999999926,37.590482016,3040.643004959
1041.949999999926,37.589813605,3042.522512349
1041.999999999925,37.589145195,3044.401986319
1042.025000000000,37.588810989,3045.341710774
1042.049999999925,37.588471076,3046.281426797
1042.099999999925,37.587791249,3048.160833355
1042.149999999925,37.587111422,3050.040205922
1042.199999999925,37.586431595,3051.919544498
1042.249999999925,37.585751768,3053.798849082
1042.299999999925,37.585071942,3055.678119674
1042.349999999925,37.584392115,3057.557356276
1042.399999999925,37.583712288,3059.436558886
1042.449999999925,37.583032461,3061.315727505
1042.499999999925,37.582352634,3063.194862132
1042.549999999925,37.581672807,3065.073962768
1042.599999999925,37.580992980,3066.953029413
1042.649999999925,37.580313154,3068.832062066
1042.699999999925,37.579633327,3070.711060728
1042.749999999925,37.578953500,3072.590025399
1042.799999999925,37.578273673,3074.468956078
1042.849999999925,37.577593846,3076.347852766
1042.899999999925,37.576914019,3078.226715463
1042.949999999924,37.576234193,3080.105544168
1042.999999999924,37.575554366,3081.984338882
1043.025000000000,37.575214452,3082.923723495
1043.049999999924,37.574838905,3083.863099159
1043.099999999924,37.574087811,3085.741822327
1043.149999999924,37.573336716,3087.620507940
1043.199999999924,37.572585622,3089.499155999
1043.249999999924,37.571834527,3091.377766502
1043.299999999924,37.571083433,3093.256339451
1043.349999999924,37.570332338,3095.134874846
1043.399999999924,37.569581244,3097.013372685
1043.449999999924,37.568830150,3098.891832970
1043.499999999924,37.568079055,3100.770255700
1043.549999999924,37.567327961,3102.648640876
1043.599999999924,37.566576866,3104.526988496
1043.649999999924,37.565825772,3106.405298562
1043.699999999924,37.565074677,3108.283571073
1043.749999999924,37.564323583,3110.161806030
1043.799999999924,37.563572488,3112.040003432
1043.849999999924,37.562821394,3113.918163279
1043.899999999924,37.562070300,3115.796285571
1043.949999999924,37.561319205,3117.674370309
1043.999999999924,37.560568111,3119.552417492
1044.025000000000,37.560192563,3120.491427003
1044.049999999924,37.559844401,3121.430427462
1044.099999999924,37.559148075,3123.308402274
1044.149999999924,37.558451750,3125.186342270
1044.199999999923,37.557755424,3127.064247449
1044.249999999923,37.557059098,3128.942117812
1044.299999999923,37.556362773,3130.819953359
1044.349999999923,37.555666447,3132.697754089
1044.399999999923,37.554970122,3134.575520003
1044.449999999923,37.554273796,3136.453251101
1044.499999999923,37.553577471,3138.330947383
1044.549999999923,37.552881145,3140.208608848
1044.599999999923,37.552184819,3142.086235498
1044.649999999923,37.551488494,3143.963827330
1044.699999999923,37.550792168,3145.841384347
1044.749999999923,37.550095843,3147.718906547
1044.799999999923,37.549399517,3149.596393931
1044.849999999923,37.548703192,3151.473846499
1044.899999999923,37.548006866,3153.351264250
1044.949999999923,37.547310540,3155.228647186
1044.999999999923,37.546614215,3157.105995304
1045.025000000000,37.546266052,3158.044656311
1045.049999999923,37.545884894,3158.983308195
1045.099999999923,37.545122578,3160.860583381
1045.149999999922,37.544360262,3162.737820452
1045.199999999922,37.543597946,3164.615019408
1045.249999999922,37.542835630,3166.492180247
1045.299999999922,37.542073313,3168.369302970
1045.349999999922,37.541310997,3170.246387578
1045.399999999922,37.540548681,3172.123434070
1045.449999999922,37.539786365,3174.000442446
1045.499999999922,37.539024049,3175.877412707
1045.549999999922,37.538261733,3177.754344851
1045.599999999922,37.537499417,3179.631238880
1045.649999999922,37.536737101,3181.508094793
1045.699999999922,37.535974785,3183.384912590
1045.749999999922,37.535212468,3185.261692271
1045.799999999922,37.534450152,3187.138433837
1045.849999999922,37.533687836,3189.015137287
1045.899999999922,37.532925520,3190.891802621
1045.949999999922,37.532163204,3192.768429839
1045.999999999922,37.531400888,3194.645018941
1046.025000000000,37.531019730,3195.583299202
1046.049999999922,37.530618484,3196.521569676
1046.099999999922,37.529815992,3198.398080538
1046.149999999922,37.529013500,3200.274551276
1046.199999999922,37.528211008,3202.150981888
1046.249999999922,37.527408516,3204.027372376
1046.299999999922,37.526606024,3205.903722740
1046.349999999922,37.525803533,3207.780032979
1046.399999999921,37.525001041,3209.656303093
1046.449999999921,37.524198549,3211.532533083
1046.499999999921,37.523396057,3213.408722948
1046.549999999921,37.522593565,3215.284872689
1046.599999999921,37.521791073,3217.160982305
1046.649999999921,37.520988581,3219.037051796
1046.699999999921,37.520186089,3220.913081163
1046.749999999921,37.519383597,3222.789070405
1046.799999999921,37.518581106,3224.665019522
1046.849999999921,37.517778614,3226.540928515
1046.899999999921,37.516976122,3228.416797384
1046.949999999921,37.516173630,3230.292626128
1046.999999999921,37.515371138,3232.168414747
1047.025000000000,37.514969892,3233.106294013
1047.049999999921,37.514552716,3234.044163042
1047.099999999921,37.513718363,3235.919869819
1047.149999999921,37.512884011,3237.795534879
1047.199999999921,37.512049658,3239.671158220
1047.249999999921,37.511215306,3241.546739844
1047.299999999921,37.510380953,3243.422279751
1047.349999999920,37.509546601,3245.297777940
1047.399999999920,37.508712248,3247.173234411
1047.449999999920,37.507877896,3249.048649165
1047.499999999920,37.507043543,3250.924022201
1047.549999999920,37.506209191,3252.799353519
1047.599999999920,37.505374839,3254.674643120
1047.649999999920,37.504540486,3256.549891003
1047.699999999920,37.503706134,3258.425097168
1047.749999999920,37.502871781,3260.300261616
1047.799999999920,37.502037429,3262.175384346
1047.849999999920,37.501203076,3264.050465359
1047.899999999920,37.500368724,3265.925504654
1047.949999999920,37.499534371,3267.800502231
1047.999999999920,37.498700019,3269.675458091
1048.025000000000,37.498282842,3270.612920380
1048.049999999920,37.497841719,3271.550371934
1048.099999999920,37.496959472,3273.425241964
1048.149999999920,37.496077225,3275.300067881
1048.199999999920,37.495194978,3277.174849686
1048.249999999920,37.494312731,3279.049587379
1048.299999999920,37.493430484,3280.924280959
1048.349999999920,37.492548237,3282.798930427
1048.399999999920,37.491665990,3284.673535783
1048.449999999920,37.490783743,3286.548097026
1048.499999999920,37.489901496,3288.422614157
1048.549999999920,37.489019249,3290.297087176
1048.599999999919,37.488137002,3292.171516082
1048.649999999919,37.487254755,3294.045900876
1048.699999999919,37.486372508,3295.920241558
1048.749999999919,37.485490261,3297.794538127
1048.799999999919,37.484608014,3299.668790584
1048.849999999919,37.483725767,3301.542998928
1048.899999999919,37.482843520,3303.417163160
1048.949999999919,37.481961273,3305.291283280
1048.999999999919,37.481079026,3307.165359288
1049.025000000000,37.480637902,3308.102380752
1049.049999999919,37.480198361,3309.039391202
1049.099999999919,37.479319280,3310.913379143
1049.149999999919,37.478440199,3312.787323130
1049.199999999919,37.477561117,3314.661223163
1049.249999999919,37.476682036,3316.535079242
1049.299999999919,37.475802954,3318.408891367
1049.349999999919,37.474923873,3320.282659538
1049.399999999919,37.474044791,3322.156383754
1049.449999999919,37.473165710,3324.030064017
1049.499999999919,37.472286628,3325.903700325
1049.549999999918,37.471407547,3327.777292680
1049.599999999918,37.470528465,3329.650841080
1049.649999999918,37.469649384,3331.524345526
1049.699999999918,37.468770303,3333.397806018
1049.749999999918,37.467891221,3335.271222556
1049.799999999918,37.467012140,3337.144595140
1049.849999999918,37.466133058,3339.017923770
1049.899999999918,37.465253977,3340.891208446
1049.949999999918,37.464374895,3342.764449168
1049.999999999918,37.463495814,3344.637645936
1050.025000000000,37.463056273,3345.574227840
1050.049999999918,37.462594609,3346.510798473
1050.099999999918,37.461671281,3348.383905120
1050.149999999918,37.460747952,3350.256965601
1050.199999999918,37.459824624,3352.129979915
1050.249999999918,37.458901296,3354.002948063
1050.299999999918,37.457977968,3355.875870045
1050.349999999918,37.457054639,3357.748745860
1050.399999999918,37.456131311,3359.621575509
1050.449999999918,37.455207983,3361.494358991
1050.499999999918,37.454284654,3363.367096307
1050.549999999918,37.453361326,3365.239787457
1050.599999999918,37.452437998,3367.112432440
1050.649999999918,37.451514670,3368.985031256
1050.699999999918,37.450591341,3370.857583907
1050.749999999918,37.449668013,3372.730090390
1050.799999999917,37.448744685,3374.602550708
1050.849999999917,37.447821356,3376.474964859
1050.899999999917,37.446898028,3378.347332844
1050.949999999917,37.445974700,3380.219654662
1050.999999999917,37.445051371,3382.091930313
1051.025000000000,37.444589707,3383.028050830
1051.049999999917,37.444102535,3383.964159480
1051.099999999917,37.443128191,3385.836340248
1051.149999999917,37.442153846,3387.708472299
1051.199999999917,37.441179502,3389.580555633
1051.249999999917,37.440205158,3391.452590249
1051.299999999917,37.439230813,3393.324576149
1051.349999999917,37.438256469,3395.196513331
1051.399999999917,37.437282125,3397.068401795
1051.449999999917,37.436307780,3398.940241543
1051.499999999917,37.435333436,3400.812032573
1051.549999999917,37.434359091,3402.683774887
1051.599999999917,37.433384747,3404.555468483
1051.649999999917,37.432410403,3406.427113361
1051.699999999917,37.431436058,3408.298709523
1051.749999999916,37.430461714,3410.170256967
1051.799999999916,37.429487370,3412.041755694
1051.849999999916,37.428513025,3413.913205704
1051.899999999916,37.427538681,3415.784606997
1051.949999999916,37.426564337,3417.655959572
1051.999999999916,37.425589992,3419.527263430
1052.025000000000,37.425102820,3420.462897094
1052.049999999916,37.424622649,3421.398518659
1052.099999999916,37.423662306,3423.269725783
1052.149999999916,37.422701963,3425.140884890
1052.199999999916,37.421741621,3427.011995979
1052.249999999916,37.420781278,3428.883059052
1052.299999999916,37.419820935,3430.754074107
1052.349999999916,37.418860593,3432.625041145
1052.399999999916,37.417900250,3434.495960166
1052.449999999916,37.416939907,3436.366831170
1052.499999999916,37.415979565,3438.237654157
1052.549999999916,37.415019222,3440.108429127
1052.599999999916,37.414058879,3441.979156079
1052.649999999916,37.413098537,3443.849835015
1052.699999999916,37.412138194,3445.720465933
1052.749999999916,37.411177851,3447.591048834
1052.799999999916,37.410217509,3449.461583718
1052.849999999916,37.409257166,3451.332070585
1052.899999999916,37.408296823,3453.202509435
1052.949999999916,37.407336481,3455.072900267
1052.999999999915,37.406376138,3456.943243083
1053.025000000000,37.405895967,3457.878396487
1053.049999999915,37.405380402,3458.813537439
1053.099999999915,37.404349271,3460.683780680
1053.149999999915,37.403318141,3462.553972366
1053.199999999915,37.402287011,3464.424112494
1053.249999999915,37.401255880,3466.294201067
1053.299999999915,37.400224750,3468.164238083
1053.349999999915,37.399193620,3470.034223542
1053.399999999915,37.398162489,3471.904157444
1053.449999999915,37.397131359,3473.774039791
1053.499999999915,37.396100229,3475.643870580
1053.549999999915,37.395069098,3477.513649814
1053.599999999915,37.394037968,3479.383377490
1053.649999999915,37.393006838,3481.253053610
1053.699999999915,37.391975708,3483.122678174
1053.749999999915,37.390944577,3484.992251181
1053.799999999915,37.389913447,3486.861772632
1053.849999999915,37.388882317,3488.731242526
1053.899999999915,37.387851186,3490.600660863
1053.949999999914,37.386820056,3492.470027644
1053.999999999914,37.385788926,3494.339342869
1054.025000000000,37.385273360,3495.273981151
1054.049999999914,37.384763164,3496.208606604
1054.099999999914,37.383742771,3498.077819252
1054.149999999914,37.382722378,3499.946980881
1054.199999999914,37.381701985,3501.816091490
1054.249999999914,37.380681593,3503.685151080
1054.299999999914,37.379661200,3505.554159650
1054.349999999914,37.378640807,3507.423117200
1054.399999999914,37.377620414,3509.292023730
1054.449999999914,37.376600021,3511.160879241
1054.499999999914,37.375579628,3513.029683732
1054.549999999914,37.374559235,3514.898437204
1054.599999999914,37.373538843,3516.767139656
1054.649999999914,37.372518450,3518.635791088
1054.699999999914,37.371498057,3520.504391501
1054.749999999914,37.370477664,3522.372940894
1054.799999999914,37.369457271,3524.241439267
1054.849999999914,37.368436878,3526.109886621
1054.899999999914,37.367416485,3527.978282955
1054.949999999914,37.366396093,3529.846628270
1054.999999999914,37.365375700,3531.714922564
1055.025000000000,37.364865503,3532.649050583
1055.049999999914,37.364320026,3533.583165399
1055.099999999914,37.363229072,3535.451354126
1055.149999999914,37.362138118,3537.319488306
1055.199999999913,37.361047164,3539.187567938
1055.249999999913,37.359956210,3541.055593022
1055.299999999913,37.358865256,3542.923563559
1055.349999999913,37.357774302,3544.791479548
1055.399999999913,37.356683347,3546.659340989
1055.449999999913,37.355592393,3548.527147882
1055.499999999913,37.354501439,3550.394900228
1055.549999999913,37.353410485,3552.262598026
1055.599999999913,37.352319531,3554.130241277
1055.649999999913,37.351228577,3555.997829979
1055.699999999913,37.350137623,3557.865364134
1055.749999999913,37.349046669,3559.732843742
1055.799999999913,37.347955714,3561.600268801
1055.849999999913,37.346864760,3563.467639313
1055.899999999913,37.345773806,3565.334955277
1055.949999999913,37.344682852,3567.202216694
1055.999999999913,37.343591898,3569.069423563
1056.025000000000,37.343046421,3570.003006545
1056.049999999913,37.342497753,3570.936575844
1056.099999999913,37.341400416,3572.803673298
1056.149999999912,37.340303079,3574.670715885
1056.199999999912,37.339205743,3576.537703606
1056.249999999912,37.338108406,3578.404636460
1056.299999999912,37.337011069,3580.271514446
1056.349999999912,37.335913733,3582.138337567
1056.399999999912,37.334816396,3584.005105820
1056.449999999912,37.333719060,3585.871819206
1056.499999999912,37.332621723,3587.738477726
1056.549999999912,37.331524386,3589.605081378
1056.599999999912,37.330427050,3591.471630164
1056.649999999912,37.329329713,3593.338124083
1056.699999999912,37.328232376,3595.204563136
1056.749999999912,37.327135040,3597.070947321
1056.799999999912,37.326037703,3598.937276640
1056.849999999912,37.324940366,3600.803551091
1056.899999999912,37.323843030,3602.669770676
1056.949999999912,37.322745693,3604.535935394
1056.999999999912,37.321648356,3606.402045246
1057.025000000000,37.321099688,3607.335079599
1057.049999999912,37.320520536,3608.268099849
1057.099999999912,37.319362232,3610.134096918
1057.149999999912,37.318203929,3612.000036072
1057.199999999912,37.317045625,3613.865917311
1057.249999999912,37.315887321,3615.731740635
1057.299999999912,37.314729017,3617.597506043
1057.349999999912,37.313570713,3619.463213536
1057.399999999911,37.312412410,3621.328863114
1057.449999999911,37.311254106,3623.194454777
1057.499999999911,37.310095802,3625.059988525
1057.549999999911,37.308937498,3626.925464357
1057.599999999911,37.307779194,3628.790882275
1057.649999999911,37.306620891,3630.656242277
1057.699999999911,37.305462587,3632.521544364
1057.749999999911,37.304304283,3634.386788536
1057.799999999911,37.303145979,3636.251974792
1057.849999999911,37.301987675,3638.117103133
1057.899999999911,37.300829372,3639.982173560
1057.949999999911,37.299671068,3641.847186071
1057.999999999911,37.298512764,3643.712140666
1058.025000000000,37.297933612,3644.644596249
1058.049999999911,37.297350740,3645.577037301
1058.099999999911,37.296184996,3647.441875694
1058.149999999911,37.295019252,3649.306655800
1058.199999999911,37.293853509,3651.171377619
1058.249999999911,37.292687765,3653.036041151
1058.299999999911,37.291522021,3654.900646396
1058.349999999910,37.290356277,3656.765193353
1058.399999999910,37.289190533,3658.629682023
1058.449999999910,37.288024789,3660.494112406
1058.499999999910,37.286859045,3662.358484502
1058.549999999910,37.285693302,3664.222798311
1058.599999999910,37.284527558,3666.087053832
1058.649999999910,37.283361814,3667.951251067
1058.699999999910,37.282196070,3669.815390014
1058.749999999910,37.281030326,3671.679470674
1058.799999999910,37.279864582,3673.543493046
1058.849999999910,37.278698839,3675.407457132
1058.899999999910,37.277533095,3677.271362930
1058.949999999910,37.276367351,3679.135210441
1058.999999999910,37.275201607,3680.998999665
1059.025000000000,37.274618735,3681.930872423
1059.049999999910,37.274011354,3682.862730296
1059.099999999910,37.272796590,3684.726400494
1059.149999999910,37.271581827,3686.590009955
1059.199999999910,37.270367064,3688.453558677
1059.249999999910,37.269152301,3690.317046661
1059.299999999910,37.267937538,3692.180473907
1059.349999999910,37.266722775,3694.043840415
1059.399999999910,37.265508012,3695.907146185
1059.449999999910,37.264293248,3697.770391216
1059.499999999910,37.263078485,3699.633575509
1059.549999999910,37.261863722,3701.496699065
1059.599999999909,37.260648959,3703.359761882
1059.649999999909,37.259434196,3705.222763961
1059.699999999909,37.258219433,3707.085705301
1059.749999999909,37.257004670,3708.948585904
1059.799999999909,37.255789906,3710.811405768
1059.849999999909,37.254575143,3712.674164894
1059.899999999909,37.253360380,3714.536863283
1059.949999999909,37.252145617,3716.399500932
1059.999999999909,37.250930854,3718.262077844
1060.025000000000,37.250323472,3719.193343527
1060.049999999909,37.251091939,3720.124611216
1060.099999999909,37.252628873,3721.987204236
1060.149999999909,37.254165807,3723.849874103
1060.199999999909,37.255702741,3725.712620817
1060.249999999909,37.257239675,3727.575444377
1060.299999999909,37.258776608,3729.438344784
1060.349999999909,37.260313542,3731.301322038
1060.399999999909,37.261850475,3733.164376139
1060.449999999909,37.263387408,3735.027507086
1060.499999999909,37.264924342,3736.890714880
1060.549999999908,37.266461275,3738.753999520
1060.599999999908,37.267998207,3740.617361007
1060.649999999908,37.269535140,3742.480799341
1060.699999999908,37.271072073,3744.344314521
1060.749999999908,37.272609005,3746.207906548
1060.799999999908,37.274145937,3748.071575421
1060.849999999908,37.275682870,3749.935321142
1060.899999999908,37.277219802,3751.799143708
1060.949999999908,37.278756734,3753.663043122
1060.953978421305,37.278879025,3753.811353968
1060.999999999908,37.269036545,3755.526936189
1061.033333333300,37.233020821,3756.768637147
1061.049999999908,37.349134393,3757.390155105
1061.099999999908,37.668826415,3759.265604125
1061.149999999908,37.946244640,3761.155980901
1061.199999999908,38.182288068,3763.059194219
1061.249999999908,38.377855663,3764.973197812
1061.299999999908,38.533846358,3766.895990363
1061.349999999908,38.651159050,3768.825615498
1061.399999999908,38.730692603,3770.760161790
1061.449999999908,38.773345846,3772.697762751
1061.499999999908,38.780017574,3774.636596836
1061.549999999908,38.751606549,3776.574887439
1061.599999999908,38.689011499,3778.510902891
1061.649999999908,38.593131115,3780.442956456
1061.699999999908,38.464864059,3782.369406335
1061.749999999908,38.305108953,3784.288655661
1061.799999999907,38.114764391,3786.199152494
1061.849999999907,37.894728928,3788.099389827
1061.899999999907,37.645901089,3789.987905577
1061.949999999907,37.369179360,3791.863282589
1061.999999999907,37.065462199,3793.724148628
1062.000000000000,37.065462198,3793.724148631
1062.049999999907,37.239509435,3795.581772918
1062.099999999907,37.386216267,3797.447416061
1062.149999999907,37.506488283,3799.319733675
1062.199999999907,37.598115348,3801.197348766
1062.249999999907,37.644089286,3803.078403881
1062.299999999907,37.648392923,3804.960715937
1062.349999999907,37.619868170,3806.842422464
1062.399999999907,37.567874135,3808.722116022
1062.449999999907,37.501778677,3810.598857342
1062.499999999907,37.430379176,3812.472161288
1062.549999999907,37.361257611,3814.341952208
1062.599999999907,37.298984356,3816.208458257
1062.649999999907,37.227614709,3818.071623234
1062.699999999907,37.141349978,3819.930847351
1062.749999999906,37.041088828,3821.785408321
1062.799999999906,36.927729702,3823.634628784
1062.849999999906,36.802170817,3825.477876297
1062.899999999906,36.665310167,3827.314563322
1062.949999999906,36.518045522,3829.144147214
1062.999999999906,36.361274428,3830.966130213
1063.000000000000,36.361274428,3830.966130216
1063.049999999906,36.361850123,3832.784208326
1063.099999999906,36.355183883,3834.602134177
1063.149999999906,36.342171629,3836.419568064
1063.199999999906,36.323709239,3838.236215086
1063.249999999906,36.300692545,3840.051825131
1063.299999999906,36.274017335,3841.866192878
1063.349999999906,36.244579353,3843.679157795
1063.399999999906,36.213274297,3845.490604136
1063.449999999906,36.180997819,3847.300460939
1063.499999999906,36.148645530,3849.108702023
1063.549999999906,36.117112993,3850.915345986
1063.599999999906,36.087295728,3852.720456204
1063.649999999906,36.060089209,3854.524140827
1063.699999999906,36.036388866,3856.326552779
1063.749999999906,36.017090084,3858.127889753
1063.799999999906,36.003088203,3859.928394210
1063.849999999906,35.995278520,3861.728353378
1063.899999999906,35.994556284,3863.528099248
1063.949999999906,36.001816702,3865.328008573
1063.999999999905,36.003685740,3867.128146134
1064.000000000000,36.003685740,3867.128146137
1064.049999999905,35.802268912,3868.923295000
1064.099999999905,35.589120137,3870.708079727
1064.149999999905,35.380697873,3872.482325177
1064.199999999905,35.191750856,3874.246636395
1064.249999999905,35.034883666,3876.002302258
1064.299999999905,34.920187664,3877.751179041
1064.349999999905,34.849244986,3879.495414858
1064.399999999905,34.797889199,3881.236593212
1064.449999999905,34.763458853,3882.975626913
1064.499999999905,34.746848507,3884.713384597
1064.549999999905,34.748952720,3886.450779628
1064.599999999905,34.770666050,3888.188770097
1064.649999999905,34.812883056,3889.928358825
1064.699999999905,34.876498298,3891.670593359
1064.749999999905,34.962406334,3893.416565975
1064.799999999905,35.071501723,3895.167413676
1064.849999999905,35.204679023,3896.924318195
1064.899999999905,35.362832794,3898.688505990
1064.949999999904,35.546857595,3900.461248250
1064.999999999904,35.530555047,3902.238183566
1065.000000000000,35.530555046,3902.238183569
1065.049999999904,79.964946333,3905.125571098
1065.099999999904,111.357170090,3909.908624009
1065.149999999904,128.705201255,3915.910183292
1065.199999999904,133.148357677,3922.456522266
1065.249999999904,127.100222292,3928.962736765
1065.299999999904,113.560708859,3934.979260044
1065.349999999904,95.595429584,3940.208163505
1065.399999999904,75.968012342,3944.497249553
1065.449999999904,56.908779084,3947.819169339
1065.499999999904,40.001282468,3950.241920877
1065.549999999904,26.166653383,3951.896119274
1065.599999999904,15.724588559,3952.943400322
1065.649999999904,8.509157392,3953.549243971
1065.699999999904,4.017484973,3953.862410030
1065.749999999904,1.569830698,3954.002092922
1065.799999999904,0.460687116,3954.052855867
1065.849999999904,0.082332637,3954.066431361
1065.899999999904,0.004846725,3954.068610845
1065.949999999904,0.000002317,3954.068732071
1065.953978421305,0.000001421,3954.068732079
