$MeshFormat
2.2 0 8
$EndMeshFormat
$PhysicalNames
11
1 1 "atmosphere"
1 2 "pond_varihead"
1 3 "axis"
1 4 "bottom_free_drainage"
1 5 "no_flow"
2 101 "sand1"
2 102 "loamy_sand"
2 103 "sand2"
2 104 "loam"
2 105 "sandy_loam"
2 106 "sand3"
$EndPhysicalNames
$Nodes
11508
1 0 0 0
2 0.1 0 0
3 0.2 0 0
4 0.3 0 0
5 0.4 0 0
6 0.5 0 0
7 0.6 0 0
8 0.7 0 0
9 0.8 0 0
10 0.9 0 0
11 1 0 0
12 1.1 0 0
13 1.2 0 0
14 1.3 0 0
15 1.4 0 0
16 1.5 0 0
17 1.6 0 0
18 1.7 0 0
19 1.8 0 0
20 1.9 0 0
21 2 0 0
22 2.1 0 0
23 2.2 0 0
24 2.3 0 0
25 2.4 0 0
26 2.5 0 0
27 2.6 0 0
28 2.7 0 0
29 2.8 0 0
30 2.9 0 0
31 3 0 0
32 3.2 0 0
33 3.4 0 0
34 3.6 0 0
35 3.8 0 0
36 4 0 0
37 4.2 0 0
38 4.4 0 0
39 4.6 0 0
40 4.8 0 0
41 5 0 0
42 5.2 0 0
43 5.4 0 0
44 5.6 0 0
45 5.8 0 0
46 6 0 0
47 6.2 0 0
48 6.4 0 0
49 6.6 0 0
50 6.8 0 0
51 7 0 0
52 7.2 0 0
53 7.4 0 0
54 7.6 0 0
55 7.8 0 0
56 8 0 0
57 8.2 0 0
58 8.4 0 0
59 8.6 0 0
60 8.8 0 0
61 9 0 0
62 9.2 0 0
63 9.4 0 0
64 9.6 0 0
65 9.8 0 0
66 10 0 0
67 10.2 0 0
68 10.4 0 0
69 10.6 0 0
70 10.8 0 0
71 11 0 0
72 11.2 0 0
73 11.4 0 0
74 11.6 0 0
75 11.8 0 0
76 12 0 0
77 0 0.2 0
78 0.1 0.2 0
79 0.2 0.2 0
80 0.3 0.2 0
81 0.4 0.2 0
82 0.5 0.2 0
83 0.6 0.2 0
84 0.7 0.2 0
85 0.8 0.2 0
86 0.9 0.2 0
87 1 0.2 0
88 1.1 0.2 0
89 1.2 0.2 0
90 1.3 0.2 0
91 1.4 0.2 0
92 1.5 0.2 0
93 1.6 0.2 0
94 1.7 0.2 0
95 1.8 0.2 0
96 1.9 0.2 0
97 2 0.2 0
98 2.1 0.2 0
99 2.2 0.2 0
100 2.3 0.2 0
101 2.4 0.2 0
102 2.5 0.2 0
103 2.6 0.2 0
104 2.7 0.2 0
105 2.8 0.2 0
106 2.9 0.2 0
107 3 0.2 0
108 3.2 0.2 0
109 3.4 0.2 0
110 3.6 0.2 0
111 3.8 0.2 0
112 4 0.2 0
113 4.2 0.2 0
114 4.4 0.2 0
115 4.6 0.2 0
116 4.8 0.2 0
117 5 0.2 0
118 5.2 0.2 0
119 5.4 0.2 0
120 5.6 0.2 0
121 5.8 0.2 0
122 6 0.2 0
123 6.2 0.2 0
124 6.4 0.2 0
125 6.6 0.2 0
126 6.8 0.2 0
127 7 0.2 0
128 7.2 0.2 0
129 7.4 0.2 0
130 7.6 0.2 0
131 7.8 0.2 0
132 8 0.2 0
133 8.2 0.2 0
134 8.4 0.2 0
135 8.6 0.2 0
136 8.8 0.2 0
137 9 0.2 0
138 9.2 0.2 0
139 9.4 0.2 0
140 9.6 0.2 0
141 9.8 0.2 0
142 10 0.2 0
143 10.2 0.2 0
144 10.4 0.2 0
145 10.6 0.2 0
146 10.8 0.2 0
147 11 0.2 0
148 11.2 0.2 0
149 11.4 0.2 0
150 11.6 0.2 0
151 11.8 0.2 0
152 12 0.2 0
153 0 0.4 0
154 0.1 0.4 0
155 0.2 0.4 0
156 0.3 0.4 0
157 0.4 0.4 0
158 0.5 0.4 0
159 0.6 0.4 0
160 0.7 0.4 0
161 0.8 0.4 0
162 0.9 0.4 0
163 1 0.4 0
164 1.1 0.4 0
165 1.2 0.4 0
166 1.3 0.4 0
167 1.4 0.4 0
168 1.5 0.4 0
169 1.6 0.4 0
170 1.7 0.4 0
171 1.8 0.4 0
172 1.9 0.4 0
173 2 0.4 0
174 2.1 0.4 0
175 2.2 0.4 0
176 2.3 0.4 0
177 2.4 0.4 0
178 2.5 0.4 0
179 2.6 0.4 0
180 2.7 0.4 0
181 2.8 0.4 0
182 2.9 0.4 0
183 3 0.4 0
184 3.2 0.4 0
185 3.4 0.4 0
186 3.6 0.4 0
187 3.8 0.4 0
188 4 0.4 0
189 4.2 0.4 0
190 4.4 0.4 0
191 4.6 0.4 0
192 4.8 0.4 0
193 5 0.4 0
194 5.2 0.4 0
195 5.4 0.4 0
196 5.6 0.4 0
197 5.8 0.4 0
198 6 0.4 0
199 6.2 0.4 0
200 6.4 0.4 0
201 6.6 0.4 0
202 6.8 0.4 0
203 7 0.4 0
204 7.2 0.4 0
205 7.4 0.4 0
206 7.6 0.4 0
207 7.8 0.4 0
208 8 0.4 0
209 8.2 0.4 0
210 8.4 0.4 0
211 8.6 0.4 0
212 8.8 0.4 0
213 9 0.4 0
214 9.2 0.4 0
215 9.4 0.4 0
216 9.6 0.4 0
217 9.8 0.4 0
218 10 0.4 0
219 10.2 0.4 0
220 10.4 0.4 0
221 10.6 0.4 0
222 10.8 0.4 0
223 11 0.4 0
224 11.2 0.4 0
225 11.4 0.4 0
226 11.6 0.4 0
227 11.8 0.4 0
228 12 0.4 0
229 0 0.6 0
230 0.1 0.6 0
231 0.2 0.6 0
232 0.3 0.6 0
233 0.4 0.6 0
234 0.5 0.6 0
235 0.6 0.6 0
236 0.7 0.6 0
237 0.8 0.6 0
238 0.9 0.6 0
239 1 0.6 0
240 1.1 0.6 0
241 1.2 0.6 0
242 1.3 0.6 0
243 1.4 0.6 0
244 1.5 0.6 0
245 1.6 0.6 0
246 1.7 0.6 0
247 1.8 0.6 0
248 1.9 0.6 0
249 2 0.6 0
250 2.1 0.6 0
251 2.2 0.6 0
252 2.3 0.6 0
253 2.4 0.6 0
254 2.5 0.6 0
255 2.6 0.6 0
256 2.7 0.6 0
257 2.8 0.6 0
258 2.9 0.6 0
259 3 0.6 0
260 3.2 0.6 0
261 3.4 0.6 0
262 3.6 0.6 0
263 3.8 0.6 0
264 4 0.6 0
265 4.2 0.6 0
266 4.4 0.6 0
267 4.6 0.6 0
268 4.8 0.6 0
269 5 0.6 0
270 5.2 0.6 0
271 5.4 0.6 0
272 5.6 0.6 0
273 5.8 0.6 0
274 6 0.6 0
275 6.2 0.6 0
276 6.4 0.6 0
277 6.6 0.6 0
278 6.8 0.6 0
279 7 0.6 0
280 7.2 0.6 0
281 7.4 0.6 0
282 7.6 0.6 0
283 7.8 0.6 0
284 8 0.6 0
285 8.2 0.6 0
286 8.4 0.6 0
287 8.6 0.6 0
288 8.8 0.6 0
289 9 0.6 0
290 9.2 0.6 0
291 9.4 0.6 0
292 9.6 0.6 0
293 9.8 0.6 0
294 10 0.6 0
295 10.2 0.6 0
296 10.4 0.6 0
297 10.6 0.6 0
298 10.8 0.6 0
299 11 0.6 0
300 11.2 0.6 0
301 11.4 0.6 0
302 11.6 0.6 0
303 11.8 0.6 0
304 12 0.6 0
305 0 0.8 0
306 0.1 0.8 0
307 0.2 0.8 0
308 0.3 0.8 0
309 0.4 0.8 0
310 0.5 0.8 0
311 0.6 0.8 0
312 0.7 0.8 0
313 0.8 0.8 0
314 0.9 0.8 0
315 1 0.8 0
316 1.1 0.8 0
317 1.2 0.8 0
318 1.3 0.8 0
319 1.4 0.8 0
320 1.5 0.8 0
321 1.6 0.8 0
322 1.7 0.8 0
323 1.8 0.8 0
324 1.9 0.8 0
325 2 0.8 0
326 2.1 0.8 0
327 2.2 0.8 0
328 2.3 0.8 0
329 2.4 0.8 0
330 2.5 0.8 0
331 2.6 0.8 0
332 2.7 0.8 0
333 2.8 0.8 0
334 2.9 0.8 0
335 3 0.8 0
336 3.2 0.8 0
337 3.4 0.8 0
338 3.6 0.8 0
339 3.8 0.8 0
340 4 0.8 0
341 4.2 0.8 0
342 4.4 0.8 0
343 4.6 0.8 0
344 4.8 0.8 0
345 5 0.8 0
346 5.2 0.8 0
347 5.4 0.8 0
348 5.6 0.8 0
349 5.8 0.8 0
350 6 0.8 0
351 6.2 0.8 0
352 6.4 0.8 0
353 6.6 0.8 0
354 6.8 0.8 0
355 7 0.8 0
356 7.2 0.8 0
357 7.4 0.8 0
358 7.6 0.8 0
359 7.8 0.8 0
360 8 0.8 0
361 8.2 0.8 0
362 8.4 0.8 0
363 8.6 0.8 0
364 8.8 0.8 0
365 9 0.8 0
366 9.2 0.8 0
367 9.4 0.8 0
368 9.6 0.8 0
369 9.8 0.8 0
370 10 0.8 0
371 10.2 0.8 0
372 10.4 0.8 0
373 10.6 0.8 0
374 10.8 0.8 0
375 11 0.8 0
376 11.2 0.8 0
377 11.4 0.8 0
378 11.6 0.8 0
379 11.8 0.8 0
380 12 0.8 0
381 0 1 0
382 0.1 1 0
383 0.2 1 0
384 0.3 1 0
385 0.4 1 0
386 0.5 1 0
387 0.6 1 0
388 0.7 1 0
389 0.8 1 0
390 0.9 1 0
391 1 1 0
392 1.1 1 0
393 1.2 1 0
394 1.3 1 0
395 1.4 1 0
396 1.5 1 0
397 1.6 1 0
398 1.7 1 0
399 1.8 1 0
400 1.9 1 0
401 2 1 0
402 2.1 1 0
403 2.2 1 0
404 2.3 1 0
405 2.4 1 0
406 2.5 1 0
407 2.6 1 0
408 2.7 1 0
409 2.8 1 0
410 2.9 1 0
411 3 1 0
412 3.2 1 0
413 3.4 1 0
414 3.6 1 0
415 3.8 1 0
416 4 1 0
417 4.2 1 0
418 4.4 1 0
419 4.6 1 0
420 4.8 1 0
421 5 1 0
422 5.2 1 0
423 5.4 1 0
424 5.6 1 0
425 5.8 1 0
426 6 1 0
427 6.2 1 0
428 6.4 1 0
429 6.6 1 0
430 6.8 1 0
431 7 1 0
432 7.2 1 0
433 7.4 1 0
434 7.6 1 0
435 7.8 1 0
436 8 1 0
437 8.2 1 0
438 8.4 1 0
439 8.6 1 0
440 8.8 1 0
441 9 1 0
442 9.2 1 0
443 9.4 1 0
444 9.6 1 0
445 9.8 1 0
446 10 1 0
447 10.2 1 0
448 10.4 1 0
449 10.6 1 0
450 10.8 1 0
451 11 1 0
452 11.2 1 0
453 11.4 1 0
454 11.6 1 0
455 11.8 1 0
456 12 1 0
457 0 1.2 0
458 0.1 1.2 0
459 0.2 1.2 0
460 0.3 1.2 0
461 0.4 1.2 0
462 0.5 1.2 0
463 0.6 1.2 0
464 0.7 1.2 0
465 0.8 1.2 0
466 0.9 1.2 0
467 1 1.2 0
468 1.1 1.2 0
469 1.2 1.2 0
470 1.3 1.2 0
471 1.4 1.2 0
472 1.5 1.2 0
473 1.6 1.2 0
474 1.7 1.2 0
475 1.8 1.2 0
476 1.9 1.2 0
477 2 1.2 0
478 2.1 1.2 0
479 2.2 1.2 0
480 2.3 1.2 0
481 2.4 1.2 0
482 2.5 1.2 0
483 2.6 1.2 0
484 2.7 1.2 0
485 2.8 1.2 0
486 2.9 1.2 0
487 3 1.2 0
488 3.2 1.2 0
489 3.4 1.2 0
490 3.6 1.2 0
491 3.8 1.2 0
492 4 1.2 0
493 4.2 1.2 0
494 4.4 1.2 0
495 4.6 1.2 0
496 4.8 1.2 0
497 5 1.2 0
498 5.2 1.2 0
499 5.4 1.2 0
500 5.6 1.2 0
501 5.8 1.2 0
502 6 1.2 0
503 6.2 1.2 0
504 6.4 1.2 0
505 6.6 1.2 0
506 6.8 1.2 0
507 7 1.2 0
508 7.2 1.2 0
509 7.4 1.2 0
510 7.6 1.2 0
511 7.8 1.2 0
512 8 1.2 0
513 8.2 1.2 0
514 8.4 1.2 0
515 8.6 1.2 0
516 8.8 1.2 0
517 9 1.2 0
518 9.2 1.2 0
519 9.4 1.2 0
520 9.6 1.2 0
521 9.8 1.2 0
522 10 1.2 0
523 10.2 1.2 0
524 10.4 1.2 0
525 10.6 1.2 0
526 10.8 1.2 0
527 11 1.2 0
528 11.2 1.2 0
529 11.4 1.2 0
530 11.6 1.2 0
531 11.8 1.2 0
532 12 1.2 0
533 0 1.4 0
534 0.1 1.4 0
535 0.2 1.4 0
536 0.3 1.4 0
537 0.4 1.4 0
538 0.5 1.4 0
539 0.6 1.4 0
540 0.7 1.4 0
541 0.8 1.4 0
542 0.9 1.4 0
543 1 1.4 0
544 1.1 1.4 0
545 1.2 1.4 0
546 1.3 1.4 0
547 1.4 1.4 0
548 1.5 1.4 0
549 1.6 1.4 0
550 1.7 1.4 0
551 1.8 1.4 0
552 1.9 1.4 0
553 2 1.4 0
554 2.1 1.4 0
555 2.2 1.4 0
556 2.3 1.4 0
557 2.4 1.4 0
558 2.5 1.4 0
559 2.6 1.4 0
560 2.7 1.4 0
561 2.8 1.4 0
562 2.9 1.4 0
563 3 1.4 0
564 3.2 1.4 0
565 3.4 1.4 0
566 3.6 1.4 0
567 3.8 1.4 0
568 4 1.4 0
569 4.2 1.4 0
570 4.4 1.4 0
571 4.6 1.4 0
572 4.8 1.4 0
573 5 1.4 0
574 5.2 1.4 0
575 5.4 1.4 0
576 5.6 1.4 0
577 5.8 1.4 0
578 6 1.4 0
579 6.2 1.4 0
580 6.4 1.4 0
581 6.6 1.4 0
582 6.8 1.4 0
583 7 1.4 0
584 7.2 1.4 0
585 7.4 1.4 0
586 7.6 1.4 0
587 7.8 1.4 0
588 8 1.4 0
589 8.2 1.4 0
590 8.4 1.4 0
591 8.6 1.4 0
592 8.8 1.4 0
593 9 1.4 0
594 9.2 1.4 0
595 9.4 1.4 0
596 9.6 1.4 0
597 9.8 1.4 0
598 10 1.4 0
599 10.2 1.4 0
600 10.4 1.4 0
601 10.6 1.4 0
602 10.8 1.4 0
603 11 1.4 0
604 11.2 1.4 0
605 11.4 1.4 0
606 11.6 1.4 0
607 11.8 1.4 0
608 12 1.4 0
609 0 1.6 0
610 0.1 1.6 0
611 0.2 1.6 0
612 0.3 1.6 0
613 0.4 1.6 0
614 0.5 1.6 0
615 0.6 1.6 0
616 0.7 1.6 0
617 0.8 1.6 0
618 0.9 1.6 0
619 1 1.6 0
620 1.1 1.6 0
621 1.2 1.6 0
622 1.3 1.6 0
623 1.4 1.6 0
624 1.5 1.6 0
625 1.6 1.6 0
626 1.7 1.6 0
627 1.8 1.6 0
628 1.9 1.6 0
629 2 1.6 0
630 2.1 1.6 0
631 2.2 1.6 0
632 2.3 1.6 0
633 2.4 1.6 0
634 2.5 1.6 0
635 2.6 1.6 0
636 2.7 1.6 0
637 2.8 1.6 0
638 2.9 1.6 0
639 3 1.6 0
640 3.2 1.6 0
641 3.4 1.6 0
642 3.6 1.6 0
643 3.8 1.6 0
644 4 1.6 0
645 4.2 1.6 0
646 4.4 1.6 0
647 4.6 1.6 0
648 4.8 1.6 0
649 5 1.6 0
650 5.2 1.6 0
651 5.4 1.6 0
652 5.6 1.6 0
653 5.8 1.6 0
654 6 1.6 0
655 6.2 1.6 0
656 6.4 1.6 0
657 6.6 1.6 0
658 6.8 1.6 0
659 7 1.6 0
660 7.2 1.6 0
661 7.4 1.6 0
662 7.6 1.6 0
663 7.8 1.6 0
664 8 1.6 0
665 8.2 1.6 0
666 8.4 1.6 0
667 8.6 1.6 0
668 8.8 1.6 0
669 9 1.6 0
670 9.2 1.6 0
671 9.4 1.6 0
672 9.6 1.6 0
673 9.8 1.6 0
674 10 1.6 0
675 10.2 1.6 0
676 10.4 1.6 0
677 10.6 1.6 0
678 10.8 1.6 0
679 11 1.6 0
680 11.2 1.6 0
681 11.4 1.6 0
682 11.6 1.6 0
683 11.8 1.6 0
684 12 1.6 0
685 0 1.8 0
686 0.1 1.8 0
687 0.2 1.8 0
688 0.3 1.8 0
689 0.4 1.8 0
690 0.5 1.8 0
691 0.6 1.8 0
692 0.7 1.8 0
693 0.8 1.8 0
694 0.9 1.8 0
695 1 1.8 0
696 1.1 1.8 0
697 1.2 1.8 0
698 1.3 1.8 0
699 1.4 1.8 0
700 1.5 1.8 0
701 1.6 1.8 0
702 1.7 1.8 0
703 1.8 1.8 0
704 1.9 1.8 0
705 2 1.8 0
706 2.1 1.8 0
707 2.2 1.8 0
708 2.3 1.8 0
709 2.4 1.8 0
710 2.5 1.8 0
711 2.6 1.8 0
712 2.7 1.8 0
713 2.8 1.8 0
714 2.9 1.8 0
715 3 1.8 0
716 3.2 1.8 0
717 3.4 1.8 0
718 3.6 1.8 0
719 3.8 1.8 0
720 4 1.8 0
721 4.2 1.8 0
722 4.4 1.8 0
723 4.6 1.8 0
724 4.8 1.8 0
725 5 1.8 0
726 5.2 1.8 0
727 5.4 1.8 0
728 5.6 1.8 0
729 5.8 1.8 0
730 6 1.8 0
731 6.2 1.8 0
732 6.4 1.8 0
733 6.6 1.8 0
734 6.8 1.8 0
735 7 1.8 0
736 7.2 1.8 0
737 7.4 1.8 0
738 7.6 1.8 0
739 7.8 1.8 0
740 8 1.8 0
741 8.2 1.8 0
742 8.4 1.8 0
743 8.6 1.8 0
744 8.8 1.8 0
745 9 1.8 0
746 9.2 1.8 0
747 9.4 1.8 0
748 9.6 1.8 0
749 9.8 1.8 0
750 10 1.8 0
751 10.2 1.8 0
752 10.4 1.8 0
753 10.6 1.8 0
754 10.8 1.8 0
755 11 1.8 0
756 11.2 1.8 0
757 11.4 1.8 0
758 11.6 1.8 0
759 11.8 1.8 0
760 12 1.8 0
761 0 2 0
762 0.1 2 0
763 0.2 2 0
764 0.3 2 0
765 0.4 2 0
766 0.5 2 0
767 0.6 2 0
768 0.7 2 0
769 0.8 2 0
770 0.9 2 0
771 1 2 0
772 1.1 2 0
773 1.2 2 0
774 1.3 2 0
775 1.4 2 0
776 1.5 2 0
777 1.6 2 0
778 1.7 2 0
779 1.8 2 0
780 1.9 2 0
781 2 2 0
782 2.1 2 0
783 2.2 2 0
784 2.3 2 0
785 2.4 2 0
786 2.5 2 0
787 2.6 2 0
788 2.7 2 0
789 2.8 2 0
790 2.9 2 0
791 3 2 0
792 3.2 2 0
793 3.4 2 0
794 3.6 2 0
795 3.8 2 0
796 4 2 0
797 4.2 2 0
798 4.4 2 0
799 4.6 2 0
800 4.8 2 0
801 5 2 0
802 5.2 2 0
803 5.4 2 0
804 5.6 2 0
805 5.8 2 0
806 6 2 0
807 6.2 2 0
808 6.4 2 0
809 6.6 2 0
810 6.8 2 0
811 7 2 0
812 7.2 2 0
813 7.4 2 0
814 7.6 2 0
815 7.8 2 0
816 8 2 0
817 8.2 2 0
818 8.4 2 0
819 8.6 2 0
820 8.8 2 0
821 9 2 0
822 9.2 2 0
823 9.4 2 0
824 9.6 2 0
825 9.8 2 0
826 10 2 0
827 10.2 2 0
828 10.4 2 0
829 10.6 2 0
830 10.8 2 0
831 11 2 0
832 11.2 2 0
833 11.4 2 0
834 11.6 2 0
835 11.8 2 0
836 12 2 0
837 0 2.2 0
838 0.1 2.2 0
839 0.2 2.2 0
840 0.3 2.2 0
841 0.4 2.2 0
842 0.5 2.2 0
843 0.6 2.2 0
844 0.7 2.2 0
845 0.8 2.2 0
846 0.9 2.2 0
847 1 2.2 0
848 1.1 2.2 0
849 1.2 2.2 0
850 1.3 2.2 0
851 1.4 2.2 0
852 1.5 2.2 0
853 1.6 2.2 0
854 1.7 2.2 0
855 1.8 2.2 0
856 1.9 2.2 0
857 2 2.2 0
858 2.1 2.2 0
859 2.2 2.2 0
860 2.3 2.2 0
861 2.4 2.2 0
862 2.5 2.2 0
863 2.6 2.2 0
864 2.7 2.2 0
865 2.8 2.2 0
866 2.9 2.2 0
867 3 2.2 0
868 3.2 2.2 0
869 3.4 2.2 0
870 3.6 2.2 0
871 3.8 2.2 0
872 4 2.2 0
873 4.2 2.2 0
874 4.4 2.2 0
875 4.6 2.2 0
876 4.8 2.2 0
877 5 2.2 0
878 5.2 2.2 0
879 5.4 2.2 0
880 5.6 2.2 0
881 5.8 2.2 0
882 6 2.2 0
883 6.2 2.2 0
884 6.4 2.2 0
885 6.6 2.2 0
886 6.8 2.2 0
887 7 2.2 0
888 7.2 2.2 0
889 7.4 2.2 0
890 7.6 2.2 0
891 7.8 2.2 0
892 8 2.2 0
893 8.2 2.2 0
894 8.4 2.2 0
895 8.6 2.2 0
896 8.8 2.2 0
897 9 2.2 0
898 9.2 2.2 0
899 9.4 2.2 0
900 9.6 2.2 0
901 9.8 2.2 0
902 10 2.2 0
903 10.2 2.2 0
904 10.4 2.2 0
905 10.6 2.2 0
906 10.8 2.2 0
907 11 2.2 0
908 11.2 2.2 0
909 11.4 2.2 0
910 11.6 2.2 0
911 11.8 2.2 0
912 12 2.2 0
913 0 2.4 0
914 0.1 2.4 0
915 0.2 2.4 0
916 0.3 2.4 0
917 0.4 2.4 0
918 0.5 2.4 0
919 0.6 2.4 0
920 0.7 2.4 0
921 0.8 2.4 0
922 0.9 2.4 0
923 1 2.4 0
924 1.1 2.4 0
925 1.2 2.4 0
926 1.3 2.4 0
927 1.4 2.4 0
928 1.5 2.4 0
929 1.6 2.4 0
930 1.7 2.4 0
931 1.8 2.4 0
932 1.9 2.4 0
933 2 2.4 0
934 2.1 2.4 0
935 2.2 2.4 0
936 2.3 2.4 0
937 2.4 2.4 0
938 2.5 2.4 0
939 2.6 2.4 0
940 2.7 2.4 0
941 2.8 2.4 0
942 2.9 2.4 0
943 3 2.4 0
944 3.2 2.4 0
945 3.4 2.4 0
946 3.6 2.4 0
947 3.8 2.4 0
948 4 2.4 0
949 4.2 2.4 0
950 4.4 2.4 0
951 4.6 2.4 0
952 4.8 2.4 0
953 5 2.4 0
954 5.2 2.4 0
955 5.4 2.4 0
956 5.6 2.4 0
957 5.8 2.4 0
958 6 2.4 0
959 6.2 2.4 0
960 6.4 2.4 0
961 6.6 2.4 0
962 6.8 2.4 0
963 7 2.4 0
964 7.2 2.4 0
965 7.4 2.4 0
966 7.6 2.4 0
967 7.8 2.4 0
968 8 2.4 0
969 8.2 2.4 0
970 8.4 2.4 0
971 8.6 2.4 0
972 8.8 2.4 0
973 9 2.4 0
974 9.2 2.4 0
975 9.4 2.4 0
976 9.6 2.4 0
977 9.8 2.4 0
978 10 2.4 0
979 10.2 2.4 0
980 10.4 2.4 0
981 10.6 2.4 0
982 10.8 2.4 0
983 11 2.4 0
984 11.2 2.4 0
985 11.4 2.4 0
986 11.6 2.4 0
987 11.8 2.4 0
988 12 2.4 0
989 0 2.6 0
990 0.1 2.6 0
991 0.2 2.6 0
992 0.3 2.6 0
993 0.4 2.6 0
994 0.5 2.6 0
995 0.6 2.6 0
996 0.7 2.6 0
997 0.8 2.6 0
998 0.9 2.6 0
999 1 2.6 0
1000 1.1 2.6 0
1001 1.2 2.6 0
1002 1.3 2.6 0
1003 1.4 2.6 0
1004 1.5 2.6 0
1005 1.6 2.6 0
1006 1.7 2.6 0
1007 1.8 2.6 0
1008 1.9 2.6 0
1009 2 2.6 0
1010 2.1 2.6 0
1011 2.2 2.6 0
1012 2.3 2.6 0
1013 2.4 2.6 0
1014 2.5 2.6 0
1015 2.6 2.6 0
1016 2.7 2.6 0
1017 2.8 2.6 0
1018 2.9 2.6 0
1019 3 2.6 0
1020 3.2 2.6 0
1021 3.4 2.6 0
1022 3.6 2.6 0
1023 3.8 2.6 0
1024 4 2.6 0
1025 4.2 2.6 0
1026 4.4 2.6 0
1027 4.6 2.6 0
1028 4.8 2.6 0
1029 5 2.6 0
1030 5.2 2.6 0
1031 5.4 2.6 0
1032 5.6 2.6 0
1033 5.8 2.6 0
1034 6 2.6 0
1035 6.2 2.6 0
1036 6.4 2.6 0
1037 6.6 2.6 0
1038 6.8 2.6 0
1039 7 2.6 0
1040 7.2 2.6 0
1041 7.4 2.6 0
1042 7.6 2.6 0
1043 7.8 2.6 0
1044 8 2.6 0
1045 8.2 2.6 0
1046 8.4 2.6 0
1047 8.6 2.6 0
1048 8.8 2.6 0
1049 9 2.6 0
1050 9.2 2.6 0
1051 9.4 2.6 0
1052 9.6 2.6 0
1053 9.8 2.6 0
1054 10 2.6 0
1055 10.2 2.6 0
1056 10.4 2.6 0
1057 10.6 2.6 0
1058 10.8 2.6 0
1059 11 2.6 0
1060 11.2 2.6 0
1061 11.4 2.6 0
1062 11.6 2.6 0
1063 11.8 2.6 0
1064 12 2.6 0
1065 0 2.8 0
1066 0.1 2.8 0
1067 0.2 2.8 0
1068 0.3 2.8 0
1069 0.4 2.8 0
1070 0.5 2.8 0
1071 0.6 2.8 0
1072 0.7 2.8 0
1073 0.8 2.8 0
1074 0.9 2.8 0
1075 1 2.8 0
1076 1.1 2.8 0
1077 1.2 2.8 0
1078 1.3 2.8 0
1079 1.4 2.8 0
1080 1.5 2.8 0
1081 1.6 2.8 0
1082 1.7 2.8 0
1083 1.8 2.8 0
1084 1.9 2.8 0
1085 2 2.8 0
1086 2.1 2.8 0
1087 2.2 2.8 0
1088 2.3 2.8 0
1089 2.4 2.8 0
1090 2.5 2.8 0
1091 2.6 2.8 0
1092 2.7 2.8 0
1093 2.8 2.8 0
1094 2.9 2.8 0
1095 3 2.8 0
1096 3.2 2.8 0
1097 3.4 2.8 0
1098 3.6 2.8 0
1099 3.8 2.8 0
1100 4 2.8 0
1101 4.2 2.8 0
1102 4.4 2.8 0
1103 4.6 2.8 0
1104 4.8 2.8 0
1105 5 2.8 0
1106 5.2 2.8 0
1107 5.4 2.8 0
1108 5.6 2.8 0
1109 5.8 2.8 0
1110 6 2.8 0
1111 6.2 2.8 0
1112 6.4 2.8 0
1113 6.6 2.8 0
1114 6.8 2.8 0
1115 7 2.8 0
1116 7.2 2.8 0
1117 7.4 2.8 0
1118 7.6 2.8 0
1119 7.8 2.8 0
1120 8 2.8 0
1121 8.2 2.8 0
1122 8.4 2.8 0
1123 8.6 2.8 0
1124 8.8 2.8 0
1125 9 2.8 0
1126 9.2 2.8 0
1127 9.4 2.8 0
1128 9.6 2.8 0
1129 9.8 2.8 0
1130 10 2.8 0
1131 10.2 2.8 0
1132 10.4 2.8 0
1133 10.6 2.8 0
1134 10.8 2.8 0
1135 11 2.8 0
1136 11.2 2.8 0
1137 11.4 2.8 0
1138 11.6 2.8 0
1139 11.8 2.8 0
1140 12 2.8 0
1141 0 3 0
1142 0.1 3 0
1143 0.2 3 0
1144 0.3 3 0
1145 0.4 3 0
1146 0.5 3 0
1147 0.6 3 0
1148 0.7 3 0
1149 0.8 3 0
1150 0.9 3 0
1151 1 3 0
1152 1.1 3 0
1153 1.2 3 0
1154 1.3 3 0
1155 1.4 3 0
1156 1.5 3 0
1157 1.6 3 0
1158 1.7 3 0
1159 1.8 3 0
1160 1.9 3 0
1161 2 3 0
1162 2.1 3 0
1163 2.2 3 0
1164 2.3 3 0
1165 2.4 3 0
1166 2.5 3 0
1167 2.6 3 0
1168 2.7 3 0
1169 2.8 3 0
1170 2.9 3 0
1171 3 3 0
1172 3.2 3 0
1173 3.4 3 0
1174 3.6 3 0
1175 3.8 3 0
1176 4 3 0
1177 4.2 3 0
1178 4.4 3 0
1179 4.6 3 0
1180 4.8 3 0
1181 5 3 0
1182 5.2 3 0
1183 5.4 3 0
1184 5.6 3 0
1185 5.8 3 0
1186 6 3 0
1187 6.2 3 0
1188 6.4 3 0
1189 6.6 3 0
1190 6.8 3 0
1191 7 3 0
1192 7.2 3 0
1193 7.4 3 0
1194 7.6 3 0
1195 7.8 3 0
1196 8 3 0
1197 8.2 3 0
1198 8.4 3 0
1199 8.6 3 0
1200 8.8 3 0
1201 9 3 0
1202 9.2 3 0
1203 9.4 3 0
1204 9.6 3 0
1205 9.8 3 0
1206 10 3 0
1207 10.2 3 0
1208 10.4 3 0
1209 10.6 3 0
1210 10.8 3 0
1211 11 3 0
1212 11.2 3 0
1213 11.4 3 0
1214 11.6 3 0
1215 11.8 3 0
1216 12 3 0
1217 0 3.2 0
1218 0.1 3.2 0
1219 0.2 3.2 0
1220 0.3 3.2 0
1221 0.4 3.2 0
1222 0.5 3.2 0
1223 0.6 3.2 0
1224 0.7 3.2 0
1225 0.8 3.2 0
1226 0.9 3.2 0
1227 1 3.2 0
1228 1.1 3.2 0
1229 1.2 3.2 0
1230 1.3 3.2 0
1231 1.4 3.2 0
1232 1.5 3.2 0
1233 1.6 3.2 0
1234 1.7 3.2 0
1235 1.8 3.2 0
1236 1.9 3.2 0
1237 2 3.2 0
1238 2.1 3.2 0
1239 2.2 3.2 0
1240 2.3 3.2 0
1241 2.4 3.2 0
1242 2.5 3.2 0
1243 2.6 3.2 0
1244 2.7 3.2 0
1245 2.8 3.2 0
1246 2.9 3.2 0
1247 3 3.2 0
1248 3.2 3.2 0
1249 3.4 3.2 0
1250 3.6 3.2 0
1251 3.8 3.2 0
1252 4 3.2 0
1253 4.2 3.2 0
1254 4.4 3.2 0
1255 4.6 3.2 0
1256 4.8 3.2 0
1257 5 3.2 0
1258 5.2 3.2 0
1259 5.4 3.2 0
1260 5.6 3.2 0
1261 5.8 3.2 0
1262 6 3.2 0
1263 6.2 3.2 0
1264 6.4 3.2 0
1265 6.6 3.2 0
1266 6.8 3.2 0
1267 7 3.2 0
1268 7.2 3.2 0
1269 7.4 3.2 0
1270 7.6 3.2 0
1271 7.8 3.2 0
1272 8 3.2 0
1273 8.2 3.2 0
1274 8.4 3.2 0
1275 8.6 3.2 0
1276 8.8 3.2 0
1277 9 3.2 0
1278 9.2 3.2 0
1279 9.4 3.2 0
1280 9.6 3.2 0
1281 9.8 3.2 0
1282 10 3.2 0
1283 10.2 3.2 0
1284 10.4 3.2 0
1285 10.6 3.2 0
1286 10.8 3.2 0
1287 11 3.2 0
1288 11.2 3.2 0
1289 11.4 3.2 0
1290 11.6 3.2 0
1291 11.8 3.2 0
1292 12 3.2 0
1293 0 3.4 0
1294 0.1 3.4 0
1295 0.2 3.4 0
1296 0.3 3.4 0
1297 0.4 3.4 0
1298 0.5 3.4 0
1299 0.6 3.4 0
1300 0.7 3.4 0
1301 0.8 3.4 0
1302 0.9 3.4 0
1303 1 3.4 0
1304 1.1 3.4 0
1305 1.2 3.4 0
1306 1.3 3.4 0
1307 1.4 3.4 0
1308 1.5 3.4 0
1309 1.6 3.4 0
1310 1.7 3.4 0
1311 1.8 3.4 0
1312 1.9 3.4 0
1313 2 3.4 0
1314 2.1 3.4 0
1315 2.2 3.4 0
1316 2.3 3.4 0
1317 2.4 3.4 0
1318 2.5 3.4 0
1319 2.6 3.4 0
1320 2.7 3.4 0
1321 2.8 3.4 0
1322 2.9 3.4 0
1323 3 3.4 0
1324 3.2 3.4 0
1325 3.4 3.4 0
1326 3.6 3.4 0
1327 3.8 3.4 0
1328 4 3.4 0
1329 4.2 3.4 0
1330 4.4 3.4 0
1331 4.6 3.4 0
1332 4.8 3.4 0
1333 5 3.4 0
1334 5.2 3.4 0
1335 5.4 3.4 0
1336 5.6 3.4 0
1337 5.8 3.4 0
1338 6 3.4 0
1339 6.2 3.4 0
1340 6.4 3.4 0
1341 6.6 3.4 0
1342 6.8 3.4 0
1343 7 3.4 0
1344 7.2 3.4 0
1345 7.4 3.4 0
1346 7.6 3.4 0
1347 7.8 3.4 0
1348 8 3.4 0
1349 8.2 3.4 0
1350 8.4 3.4 0
1351 8.6 3.4 0
1352 8.8 3.4 0
1353 9 3.4 0
1354 9.2 3.4 0
1355 9.4 3.4 0
1356 9.6 3.4 0
1357 9.8 3.4 0
1358 10 3.4 0
1359 10.2 3.4 0
1360 10.4 3.4 0
1361 10.6 3.4 0
1362 10.8 3.4 0
1363 11 3.4 0
1364 11.2 3.4 0
1365 11.4 3.4 0
1366 11.6 3.4 0
1367 11.8 3.4 0
1368 12 3.4 0
1369 0 3.6 0
1370 0.1 3.6 0
1371 0.2 3.6 0
1372 0.3 3.6 0
1373 0.4 3.6 0
1374 0.5 3.6 0
1375 0.6 3.6 0
1376 0.7 3.6 0
1377 0.8 3.6 0
1378 0.9 3.6 0
1379 1 3.6 0
1380 1.1 3.6 0
1381 1.2 3.6 0
1382 1.3 3.6 0
1383 1.4 3.6 0
1384 1.5 3.6 0
1385 1.6 3.6 0
1386 1.7 3.6 0
1387 1.8 3.6 0
1388 1.9 3.6 0
1389 2 3.6 0
1390 2.1 3.6 0
1391 2.2 3.6 0
1392 2.3 3.6 0
1393 2.4 3.6 0
1394 2.5 3.6 0
1395 2.6 3.6 0
1396 2.7 3.6 0
1397 2.8 3.6 0
1398 2.9 3.6 0
1399 3 3.6 0
1400 3.2 3.6 0
1401 3.4 3.6 0
1402 3.6 3.6 0
1403 3.8 3.6 0
1404 4 3.6 0
1405 4.2 3.6 0
1406 4.4 3.6 0
1407 4.6 3.6 0
1408 4.8 3.6 0
1409 5 3.6 0
1410 5.2 3.6 0
1411 5.4 3.6 0
1412 5.6 3.6 0
1413 5.8 3.6 0
1414 6 3.6 0
1415 6.2 3.6 0
1416 6.4 3.6 0
1417 6.6 3.6 0
1418 6.8 3.6 0
1419 7 3.6 0
1420 7.2 3.6 0
1421 7.4 3.6 0
1422 7.6 3.6 0
1423 7.8 3.6 0
1424 8 3.6 0
1425 8.2 3.6 0
1426 8.4 3.6 0
1427 8.6 3.6 0
1428 8.8 3.6 0
1429 9 3.6 0
1430 9.2 3.6 0
1431 9.4 3.6 0
1432 9.6 3.6 0
1433 9.8 3.6 0
1434 10 3.6 0
1435 10.2 3.6 0
1436 10.4 3.6 0
1437 10.6 3.6 0
1438 10.8 3.6 0
1439 11 3.6 0
1440 11.2 3.6 0
1441 11.4 3.6 0
1442 11.6 3.6 0
1443 11.8 3.6 0
1444 12 3.6 0
1445 0 3.8 0
1446 0.1 3.8 0
1447 0.2 3.8 0
1448 0.3 3.8 0
1449 0.4 3.8 0
1450 0.5 3.8 0
1451 0.6 3.8 0
1452 0.7 3.8 0
1453 0.8 3.8 0
1454 0.9 3.8 0
1455 1 3.8 0
1456 1.1 3.8 0
1457 1.2 3.8 0
1458 1.3 3.8 0
1459 1.4 3.8 0
1460 1.5 3.8 0
1461 1.6 3.8 0
1462 1.7 3.8 0
1463 1.8 3.8 0
1464 1.9 3.8 0
1465 2 3.8 0
1466 2.1 3.8 0
1467 2.2 3.8 0
1468 2.3 3.8 0
1469 2.4 3.8 0
1470 2.5 3.8 0
1471 2.6 3.8 0
1472 2.7 3.8 0
1473 2.8 3.8 0
1474 2.9 3.8 0
1475 3 3.8 0
1476 3.2 3.8 0
1477 3.4 3.8 0
1478 3.6 3.8 0
1479 3.8 3.8 0
1480 4 3.8 0
1481 4.2 3.8 0
1482 4.4 3.8 0
1483 4.6 3.8 0
1484 4.8 3.8 0
1485 5 3.8 0
1486 5.2 3.8 0
1487 5.4 3.8 0
1488 5.6 3.8 0
1489 5.8 3.8 0
1490 6 3.8 0
1491 6.2 3.8 0
1492 6.4 3.8 0
1493 6.6 3.8 0
1494 6.8 3.8 0
1495 7 3.8 0
1496 7.2 3.8 0
1497 7.4 3.8 0
1498 7.6 3.8 0
1499 7.8 3.8 0
1500 8 3.8 0
1501 8.2 3.8 0
1502 8.4 3.8 0
1503 8.6 3.8 0
1504 8.8 3.8 0
1505 9 3.8 0
1506 9.2 3.8 0
1507 9.4 3.8 0
1508 9.6 3.8 0
1509 9.8 3.8 0
1510 10 3.8 0
1511 10.2 3.8 0
1512 10.4 3.8 0
1513 10.6 3.8 0
1514 10.8 3.8 0
1515 11 3.8 0
1516 11.2 3.8 0
1517 11.4 3.8 0
1518 11.6 3.8 0
1519 11.8 3.8 0
1520 12 3.8 0
1521 0 4 0
1522 0.1 4 0
1523 0.2 4 0
1524 0.3 4 0
1525 0.4 4 0
1526 0.5 4 0
1527 0.6 4 0
1528 0.7 4 0
1529 0.8 4 0
1530 0.9 4 0
1531 1 4 0
1532 1.1 4 0
1533 1.2 4 0
1534 1.3 4 0
1535 1.4 4 0
1536 1.5 4 0
1537 1.6 4 0
1538 1.7 4 0
1539 1.8 4 0
1540 1.9 4 0
1541 2 4 0
1542 2.1 4 0
1543 2.2 4 0
1544 2.3 4 0
1545 2.4 4 0
1546 2.5 4 0
1547 2.6 4 0
1548 2.7 4 0
1549 2.8 4 0
1550 2.9 4 0
1551 3 4 0
1552 3.2 4 0
1553 3.4 4 0
1554 3.6 4 0
1555 3.8 4 0
1556 4 4 0
1557 4.2 4 0
1558 4.4 4 0
1559 4.6 4 0
1560 4.8 4 0
1561 5 4 0
1562 5.2 4 0
1563 5.4 4 0
1564 5.6 4 0
1565 5.8 4 0
1566 6 4 0
1567 6.2 4 0
1568 6.4 4 0
1569 6.6 4 0
1570 6.8 4 0
1571 7 4 0
1572 7.2 4 0
1573 7.4 4 0
1574 7.6 4 0
1575 7.8 4 0
1576 8 4 0
1577 8.2 4 0
1578 8.4 4 0
1579 8.6 4 0
1580 8.8 4 0
1581 9 4 0
1582 9.2 4 0
1583 9.4 4 0
1584 9.6 4 0
1585 9.8 4 0
1586 10 4 0
1587 10.2 4 0
1588 10.4 4 0
1589 10.6 4 0
1590 10.8 4 0
1591 11 4 0
1592 11.2 4 0
1593 11.4 4 0
1594 11.6 4 0
1595 11.8 4 0
1596 12 4 0
1597 0 4.204545455 0
1598 0.1 4.204545455 0
1599 0.2 4.204545455 0
1600 0.3 4.204545455 0
1601 0.4 4.204545455 0
1602 0.5 4.204545455 0
1603 0.6 4.204545455 0
1604 0.7 4.204545455 0
1605 0.8 4.204545455 0
1606 0.9 4.204545455 0
1607 1 4.204545455 0
1608 1.1 4.204545455 0
1609 1.2 4.204545455 0
1610 1.3 4.204545455 0
1611 1.4 4.204545455 0
1612 1.5 4.204545455 0
1613 1.6 4.204545455 0
1614 1.7 4.204545455 0
1615 1.8 4.204545455 0
1616 1.9 4.204545455 0
1617 2 4.204545455 0
1618 2.1 4.204545455 0
1619 2.2 4.204545455 0
1620 2.3 4.204545455 0
1621 2.4 4.204545455 0
1622 2.5 4.204545455 0
1623 2.6 4.204545455 0
1624 2.7 4.204545455 0
1625 2.8 4.204545455 0
1626 2.9 4.204545455 0
1627 3 4.204545455 0
1628 3.2 4.204545455 0
1629 3.4 4.204545455 0
1630 3.6 4.204545455 0
1631 3.8 4.204545455 0
1632 4 4.204545455 0
1633 4.2 4.204545455 0
1634 4.4 4.204545455 0
1635 4.6 4.204545455 0
1636 4.8 4.204545455 0
1637 5 4.204545455 0
1638 5.2 4.204545455 0
1639 5.4 4.204545455 0
1640 5.6 4.204545455 0
1641 5.8 4.204545455 0
1642 6 4.204545455 0
1643 6.2 4.204545455 0
1644 6.4 4.204545455 0
1645 6.6 4.204545455 0
1646 6.8 4.204545455 0
1647 7 4.204545455 0
1648 7.2 4.204545455 0
1649 7.4 4.204545455 0
1650 7.6 4.204545455 0
1651 7.8 4.204545455 0
1652 8 4.204545455 0
1653 8.2 4.204545455 0
1654 8.4 4.204545455 0
1655 8.6 4.204545455 0
1656 8.8 4.204545455 0
1657 9 4.204545455 0
1658 9.2 4.204545455 0
1659 9.4 4.204545455 0
1660 9.6 4.204545455 0
1661 9.8 4.204545455 0
1662 10 4.204545455 0
1663 10.2 4.204545455 0
1664 10.4 4.204545455 0
1665 10.6 4.204545455 0
1666 10.8 4.204545455 0
1667 11 4.204545455 0
1668 11.2 4.204545455 0
1669 11.4 4.204545455 0
1670 11.6 4.204545455 0
1671 11.8 4.204545455 0
1672 12 4.204545455 0
1673 0 4.409090909 0
1674 0.1 4.409090909 0
1675 0.2 4.409090909 0
1676 0.3 4.409090909 0
1677 0.4 4.409090909 0
1678 0.5 4.409090909 0
1679 0.6 4.409090909 0
1680 0.7 4.409090909 0
1681 0.8 4.409090909 0
1682 0.9 4.409090909 0
1683 1 4.409090909 0
1684 1.1 4.409090909 0
1685 1.2 4.409090909 0
1686 1.3 4.409090909 0
1687 1.4 4.409090909 0
1688 1.5 4.409090909 0
1689 1.6 4.409090909 0
1690 1.7 4.409090909 0
1691 1.8 4.409090909 0
1692 1.9 4.409090909 0
1693 2 4.409090909 0
1694 2.1 4.409090909 0
1695 2.2 4.409090909 0
1696 2.3 4.409090909 0
1697 2.4 4.409090909 0
1698 2.5 4.409090909 0
1699 2.6 4.409090909 0
1700 2.7 4.409090909 0
1701 2.8 4.409090909 0
1702 2.9 4.409090909 0
1703 3 4.409090909 0
1704 3.2 4.409090909 0
1705 3.4 4.409090909 0
1706 3.6 4.409090909 0
1707 3.8 4.409090909 0
1708 4 4.409090909 0
1709 4.2 4.409090909 0
1710 4.4 4.409090909 0
1711 4.6 4.409090909 0
1712 4.8 4.409090909 0
1713 5 4.409090909 0
1714 5.2 4.409090909 0
1715 5.4 4.409090909 0
1716 5.6 4.409090909 0
1717 5.8 4.409090909 0
1718 6 4.409090909 0
1719 6.2 4.409090909 0
1720 6.4 4.409090909 0
1721 6.6 4.409090909 0
1722 6.8 4.409090909 0
1723 7 4.409090909 0
1724 7.2 4.409090909 0
1725 7.4 4.409090909 0
1726 7.6 4.409090909 0
1727 7.8 4.409090909 0
1728 8 4.409090909 0
1729 8.2 4.409090909 0
1730 8.4 4.409090909 0
1731 8.6 4.409090909 0
1732 8.8 4.409090909 0
1733 9 4.409090909 0
1734 9.2 4.409090909 0
1735 9.4 4.409090909 0
1736 9.6 4.409090909 0
1737 9.8 4.409090909 0
1738 10 4.409090909 0
1739 10.2 4.409090909 0
1740 10.4 4.409090909 0
1741 10.6 4.409090909 0
1742 10.8 4.409090909 0
1743 11 4.409090909 0
1744 11.2 4.409090909 0
1745 11.4 4.409090909 0
1746 11.6 4.409090909 0
1747 11.8 4.409090909 0
1748 12 4.409090909 0
1749 0 4.613636364 0
1750 0.1 4.613636364 0
1751 0.2 4.613636364 0
1752 0.3 4.613636364 0
1753 0.4 4.613636364 0
1754 0.5 4.613636364 0
1755 0.6 4.613636364 0
1756 0.7 4.613636364 0
1757 0.8 4.613636364 0
1758 0.9 4.613636364 0
1759 1 4.613636364 0
1760 1.1 4.613636364 0
1761 1.2 4.613636364 0
1762 1.3 4.613636364 0
1763 1.4 4.613636364 0
1764 1.5 4.613636364 0
1765 1.6 4.613636364 0
1766 1.7 4.613636364 0
1767 1.8 4.613636364 0
1768 1.9 4.613636364 0
1769 2 4.613636364 0
1770 2.1 4.613636364 0
1771 2.2 4.613636364 0
1772 2.3 4.613636364 0
1773 2.4 4.613636364 0
1774 2.5 4.613636364 0
1775 2.6 4.613636364 0
1776 2.7 4.613636364 0
1777 2.8 4.613636364 0
1778 2.9 4.613636364 0
1779 3 4.613636364 0
1780 3.2 4.613636364 0
1781 3.4 4.613636364 0
1782 3.6 4.613636364 0
1783 3.8 4.613636364 0
1784 4 4.613636364 0
1785 4.2 4.613636364 0
1786 4.4 4.613636364 0
1787 4.6 4.613636364 0
1788 4.8 4.613636364 0
1789 5 4.613636364 0
1790 5.2 4.613636364 0
1791 5.4 4.613636364 0
1792 5.6 4.613636364 0
1793 5.8 4.613636364 0
1794 6 4.613636364 0
1795 6.2 4.613636364 0
1796 6.4 4.613636364 0
1797 6.6 4.613636364 0
1798 6.8 4.613636364 0
1799 7 4.613636364 0
1800 7.2 4.613636364 0
1801 7.4 4.613636364 0
1802 7.6 4.613636364 0
1803 7.8 4.613636364 0
1804 8 4.613636364 0
1805 8.2 4.613636364 0
1806 8.4 4.613636364 0
1807 8.6 4.613636364 0
1808 8.8 4.613636364 0
1809 9 4.613636364 0
1810 9.2 4.613636364 0
1811 9.4 4.613636364 0
1812 9.6 4.613636364 0
1813 9.8 4.613636364 0
1814 10 4.613636364 0
1815 10.2 4.613636364 0
1816 10.4 4.613636364 0
1817 10.6 4.613636364 0
1818 10.8 4.613636364 0
1819 11 4.613636364 0
1820 11.2 4.613636364 0
1821 11.4 4.613636364 0
1822 11.6 4.613636364 0
1823 11.8 4.613636364 0
1824 12 4.613636364 0
1825 0 4.818181818 0
1826 0.1 4.818181818 0
1827 0.2 4.818181818 0
1828 0.3 4.818181818 0
1829 0.4 4.818181818 0
1830 0.5 4.818181818 0
1831 0.6 4.818181818 0
1832 0.7 4.818181818 0
1833 0.8 4.818181818 0
1834 0.9 4.818181818 0
1835 1 4.818181818 0
1836 1.1 4.818181818 0
1837 1.2 4.818181818 0
1838 1.3 4.818181818 0
1839 1.4 4.818181818 0
1840 1.5 4.818181818 0
1841 1.6 4.818181818 0
1842 1.7 4.818181818 0
1843 1.8 4.818181818 0
1844 1.9 4.818181818 0
1845 2 4.818181818 0
1846 2.1 4.818181818 0
1847 2.2 4.818181818 0
1848 2.3 4.818181818 0
1849 2.4 4.818181818 0
1850 2.5 4.818181818 0
1851 2.6 4.818181818 0
1852 2.7 4.818181818 0
1853 2.8 4.818181818 0
1854 2.9 4.818181818 0
1855 3 4.818181818 0
1856 3.2 4.818181818 0
1857 3.4 4.818181818 0
1858 3.6 4.818181818 0
1859 3.8 4.818181818 0
1860 4 4.818181818 0
1861 4.2 4.818181818 0
1862 4.4 4.818181818 0
1863 4.6 4.818181818 0
1864 4.8 4.818181818 0
1865 5 4.818181818 0
1866 5.2 4.818181818 0
1867 5.4 4.818181818 0
1868 5.6 4.818181818 0
1869 5.8 4.818181818 0
1870 6 4.818181818 0
1871 6.2 4.818181818 0
1872 6.4 4.818181818 0
1873 6.6 4.818181818 0
1874 6.8 4.818181818 0
1875 7 4.818181818 0
1876 7.2 4.818181818 0
1877 7.4 4.818181818 0
1878 7.6 4.818181818 0
1879 7.8 4.818181818 0
1880 8 4.818181818 0
1881 8.2 4.818181818 0
1882 8.4 4.818181818 0
1883 8.6 4.818181818 0
1884 8.8 4.818181818 0
1885 9 4.818181818 0
1886 9.2 4.818181818 0
1887 9.4 4.818181818 0
1888 9.6 4.818181818 0
1889 9.8 4.818181818 0
1890 10 4.818181818 0
1891 10.2 4.818181818 0
1892 10.4 4.818181818 0
1893 10.6 4.818181818 0
1894 10.8 4.818181818 0
1895 11 4.818181818 0
1896 11.2 4.818181818 0
1897 11.4 4.818181818 0
1898 11.6 4.818181818 0
1899 11.8 4.818181818 0
1900 12 4.818181818 0
1901 0 5.022727273 0
1902 0.1 5.022727273 0
1903 0.2 5.022727273 0
1904 0.3 5.022727273 0
1905 0.4 5.022727273 0
1906 0.5 5.022727273 0
1907 0.6 5.022727273 0
1908 0.7 5.022727273 0
1909 0.8 5.022727273 0
1910 0.9 5.022727273 0
1911 1 5.022727273 0
1912 1.1 5.022727273 0
1913 1.2 5.022727273 0
1914 1.3 5.022727273 0
1915 1.4 5.022727273 0
1916 1.5 5.022727273 0
1917 1.6 5.022727273 0
1918 1.7 5.022727273 0
1919 1.8 5.022727273 0
1920 1.9 5.022727273 0
1921 2 5.022727273 0
1922 2.1 5.022727273 0
1923 2.2 5.022727273 0
1924 2.3 5.022727273 0
1925 2.4 5.022727273 0
1926 2.5 5.022727273 0
1927 2.6 5.022727273 0
1928 2.7 5.022727273 0
1929 2.8 5.022727273 0
1930 2.9 5.022727273 0
1931 3 5.022727273 0
1932 3.2 5.022727273 0
1933 3.4 5.022727273 0
1934 3.6 5.022727273 0
1935 3.8 5.022727273 0
1936 4 5.022727273 0
1937 4.2 5.022727273 0
1938 4.4 5.022727273 0
1939 4.6 5.022727273 0
1940 4.8 5.022727273 0
1941 5 5.022727273 0
1942 5.2 5.022727273 0
1943 5.4 5.022727273 0
1944 5.6 5.022727273 0
1945 5.8 5.022727273 0
1946 6 5.022727273 0
1947 6.2 5.022727273 0
1948 6.4 5.022727273 0
1949 6.6 5.022727273 0
1950 6.8 5.022727273 0
1951 7 5.022727273 0
1952 7.2 5.022727273 0
1953 7.4 5.022727273 0
1954 7.6 5.022727273 0
1955 7.8 5.022727273 0
1956 8 5.022727273 0
1957 8.2 5.022727273 0
1958 8.4 5.022727273 0
1959 8.6 5.022727273 0
1960 8.8 5.022727273 0
1961 9 5.022727273 0
1962 9.2 5.022727273 0
1963 9.4 5.022727273 0
1964 9.6 5.022727273 0
1965 9.8 5.022727273 0
1966 10 5.022727273 0
1967 10.2 5.022727273 0
1968 10.4 5.022727273 0
1969 10.6 5.022727273 0
1970 10.8 5.022727273 0
1971 11 5.022727273 0
1972 11.2 5.022727273 0
1973 11.4 5.022727273 0
1974 11.6 5.022727273 0
1975 11.8 5.022727273 0
1976 12 5.022727273 0
1977 0 5.227272727 0
1978 0.1 5.227272727 0
1979 0.2 5.227272727 0
1980 0.3 5.227272727 0
1981 0.4 5.227272727 0
1982 0.5 5.227272727 0
1983 0.6 5.227272727 0
1984 0.7 5.227272727 0
1985 0.8 5.227272727 0
1986 0.9 5.227272727 0
1987 1 5.227272727 0
1988 1.1 5.227272727 0
1989 1.2 5.227272727 0
1990 1.3 5.227272727 0
1991 1.4 5.227272727 0
1992 1.5 5.227272727 0
1993 1.6 5.227272727 0
1994 1.7 5.227272727 0
1995 1.8 5.227272727 0
1996 1.9 5.227272727 0
1997 2 5.227272727 0
1998 2.1 5.227272727 0
1999 2.2 5.227272727 0
2000 2.3 5.227272727 0
2001 2.4 5.227272727 0
2002 2.5 5.227272727 0
2003 2.6 5.227272727 0
2004 2.7 5.227272727 0
2005 2.8 5.227272727 0
2006 2.9 5.227272727 0
2007 3 5.227272727 0
2008 3.2 5.227272727 0
2009 3.4 5.227272727 0
2010 3.6 5.227272727 0
2011 3.8 5.227272727 0
2012 4 5.227272727 0
2013 4.2 5.227272727 0
2014 4.4 5.227272727 0
2015 4.6 5.227272727 0
2016 4.8 5.227272727 0
2017 5 5.227272727 0
2018 5.2 5.227272727 0
2019 5.4 5.227272727 0
2020 5.6 5.227272727 0
2021 5.8 5.227272727 0
2022 6 5.227272727 0
2023 6.2 5.227272727 0
2024 6.4 5.227272727 0
2025 6.6 5.227272727 0
2026 6.8 5.227272727 0
2027 7 5.227272727 0
2028 7.2 5.227272727 0
2029 7.4 5.227272727 0
2030 7.6 5.227272727 0
2031 7.8 5.227272727 0
2032 8 5.227272727 0
2033 8.2 5.227272727 0
2034 8.4 5.227272727 0
2035 8.6 5.227272727 0
2036 8.8 5.227272727 0
2037 9 5.227272727 0
2038 9.2 5.227272727 0
2039 9.4 5.227272727 0
2040 9.6 5.227272727 0
2041 9.8 5.227272727 0
2042 10 5.227272727 0
2043 10.2 5.227272727 0
2044 10.4 5.227272727 0
2045 10.6 5.227272727 0
2046 10.8 5.227272727 0
2047 11 5.227272727 0
2048 11.2 5.227272727 0
2049 11.4 5.227272727 0
2050 11.6 5.227272727 0
2051 11.8 5.227272727 0
2052 12 5.227272727 0
2053 0 5.431818182 0
2054 0.1 5.431818182 0
2055 0.2 5.431818182 0
2056 0.3 5.431818182 0
2057 0.4 5.431818182 0
2058 0.5 5.431818182 0
2059 0.6 5.431818182 0
2060 0.7 5.431818182 0
2061 0.8 5.431818182 0
2062 0.9 5.431818182 0
2063 1 5.431818182 0
2064 1.1 5.431818182 0
2065 1.2 5.431818182 0
2066 1.3 5.431818182 0
2067 1.4 5.431818182 0
2068 1.5 5.431818182 0
2069 1.6 5.431818182 0
2070 1.7 5.431818182 0
2071 1.8 5.431818182 0
2072 1.9 5.431818182 0
2073 2 5.431818182 0
2074 2.1 5.431818182 0
2075 2.2 5.431818182 0
2076 2.3 5.431818182 0
2077 2.4 5.431818182 0
2078 2.5 5.431818182 0
2079 2.6 5.431818182 0
2080 2.7 5.431818182 0
2081 2.8 5.431818182 0
2082 2.9 5.431818182 0
2083 3 5.431818182 0
2084 3.2 5.431818182 0
2085 3.4 5.431818182 0
2086 3.6 5.431818182 0
2087 3.8 5.431818182 0
2088 4 5.431818182 0
2089 4.2 5.431818182 0
2090 4.4 5.431818182 0
2091 4.6 5.431818182 0
2092 4.8 5.431818182 0
2093 5 5.431818182 0
2094 5.2 5.431818182 0
2095 5.4 5.431818182 0
2096 5.6 5.431818182 0
2097 5.8 5.431818182 0
2098 6 5.431818182 0
2099 6.2 5.431818182 0
2100 6.4 5.431818182 0
2101 6.6 5.431818182 0
2102 6.8 5.431818182 0
2103 7 5.431818182 0
2104 7.2 5.431818182 0
2105 7.4 5.431818182 0
2106 7.6 5.431818182 0
2107 7.8 5.431818182 0
2108 8 5.431818182 0
2109 8.2 5.431818182 0
2110 8.4 5.431818182 0
2111 8.6 5.431818182 0
2112 8.8 5.431818182 0
2113 9 5.431818182 0
2114 9.2 5.431818182 0
2115 9.4 5.431818182 0
2116 9.6 5.431818182 0
2117 9.8 5.431818182 0
2118 10 5.431818182 0
2119 10.2 5.431818182 0
2120 10.4 5.431818182 0
2121 10.6 5.431818182 0
2122 10.8 5.431818182 0
2123 11 5.431818182 0
2124 11.2 5.431818182 0
2125 11.4 5.431818182 0
2126 11.6 5.431818182 0
2127 11.8 5.431818182 0
2128 12 5.431818182 0
2129 0 5.636363636 0
2130 0.1 5.636363636 0
2131 0.2 5.636363636 0
2132 0.3 5.636363636 0
2133 0.4 5.636363636 0
2134 0.5 5.636363636 0
2135 0.6 5.636363636 0
2136 0.7 5.636363636 0
2137 0.8 5.636363636 0
2138 0.9 5.636363636 0
2139 1 5.636363636 0
2140 1.1 5.636363636 0
2141 1.2 5.636363636 0
2142 1.3 5.636363636 0
2143 1.4 5.636363636 0
2144 1.5 5.636363636 0
2145 1.6 5.636363636 0
2146 1.7 5.636363636 0
2147 1.8 5.636363636 0
2148 1.9 5.636363636 0
2149 2 5.636363636 0
2150 2.1 5.636363636 0
2151 2.2 5.636363636 0
2152 2.3 5.636363636 0
2153 2.4 5.636363636 0
2154 2.5 5.636363636 0
2155 2.6 5.636363636 0
2156 2.7 5.636363636 0
2157 2.8 5.636363636 0
2158 2.9 5.636363636 0
2159 3 5.636363636 0
2160 3.2 5.636363636 0
2161 3.4 5.636363636 0
2162 3.6 5.636363636 0
2163 3.8 5.636363636 0
2164 4 5.636363636 0
2165 4.2 5.636363636 0
2166 4.4 5.636363636 0
2167 4.6 5.636363636 0
2168 4.8 5.636363636 0
2169 5 5.636363636 0
2170 5.2 5.636363636 0
2171 5.4 5.636363636 0
2172 5.6 5.636363636 0
2173 5.8 5.636363636 0
2174 6 5.636363636 0
2175 6.2 5.636363636 0
2176 6.4 5.636363636 0
2177 6.6 5.636363636 0
2178 6.8 5.636363636 0
2179 7 5.636363636 0
2180 7.2 5.636363636 0
2181 7.4 5.636363636 0
2182 7.6 5.636363636 0
2183 7.8 5.636363636 0
2184 8 5.636363636 0
2185 8.2 5.636363636 0
2186 8.4 5.636363636 0
2187 8.6 5.636363636 0
2188 8.8 5.636363636 0
2189 9 5.636363636 0
2190 9.2 5.636363636 0
2191 9.4 5.636363636 0
2192 9.6 5.636363636 0
2193 9.8 5.636363636 0
2194 10 5.636363636 0
2195 10.2 5.636363636 0
2196 10.4 5.636363636 0
2197 10.6 5.636363636 0
2198 10.8 5.636363636 0
2199 11 5.636363636 0
2200 11.2 5.636363636 0
2201 11.4 5.636363636 0
2202 11.6 5.636363636 0
2203 11.8 5.636363636 0
2204 12 5.636363636 0
2205 0 5.840909091 0
2206 0.1 5.840909091 0
2207 0.2 5.840909091 0
2208 0.3 5.840909091 0
2209 0.4 5.840909091 0
2210 0.5 5.840909091 0
2211 0.6 5.840909091 0
2212 0.7 5.840909091 0
2213 0.8 5.840909091 0
2214 0.9 5.840909091 0
2215 1 5.840909091 0
2216 1.1 5.840909091 0
2217 1.2 5.840909091 0
2218 1.3 5.840909091 0
2219 1.4 5.840909091 0
2220 1.5 5.840909091 0
2221 1.6 5.840909091 0
2222 1.7 5.840909091 0
2223 1.8 5.840909091 0
2224 1.9 5.840909091 0
2225 2 5.840909091 0
2226 2.1 5.840909091 0
2227 2.2 5.840909091 0
2228 2.3 5.840909091 0
2229 2.4 5.840909091 0
2230 2.5 5.840909091 0
2231 2.6 5.840909091 0
2232 2.7 5.840909091 0
2233 2.8 5.840909091 0
2234 2.9 5.840909091 0
2235 3 5.840909091 0
2236 3.2 5.840909091 0
2237 3.4 5.840909091 0
2238 3.6 5.840909091 0
2239 3.8 5.840909091 0
2240 4 5.840909091 0
2241 4.2 5.840909091 0
2242 4.4 5.840909091 0
2243 4.6 5.840909091 0
2244 4.8 5.840909091 0
2245 5 5.840909091 0
2246 5.2 5.840909091 0
2247 5.4 5.840909091 0
2248 5.6 5.840909091 0
2249 5.8 5.840909091 0
2250 6 5.840909091 0
2251 6.2 5.840909091 0
2252 6.4 5.840909091 0
2253 6.6 5.840909091 0
2254 6.8 5.840909091 0
2255 7 5.840909091 0
2256 7.2 5.840909091 0
2257 7.4 5.840909091 0
2258 7.6 5.840909091 0
2259 7.8 5.840909091 0
2260 8 5.840909091 0
2261 8.2 5.840909091 0
2262 8.4 5.840909091 0
2263 8.6 5.840909091 0
2264 8.8 5.840909091 0
2265 9 5.840909091 0
2266 9.2 5.840909091 0
2267 9.4 5.840909091 0
2268 9.6 5.840909091 0
2269 9.8 5.840909091 0
2270 10 5.840909091 0
2271 10.2 5.840909091 0
2272 10.4 5.840909091 0
2273 10.6 5.840909091 0
2274 10.8 5.840909091 0
2275 11 5.840909091 0
2276 11.2 5.840909091 0
2277 11.4 5.840909091 0
2278 11.6 5.840909091 0
2279 11.8 5.840909091 0
2280 12 5.840909091 0
2281 0 6.045454545 0
2282 0.1 6.045454545 0
2283 0.2 6.045454545 0
2284 0.3 6.045454545 0
2285 0.4 6.045454545 0
2286 0.5 6.045454545 0
2287 0.6 6.045454545 0
2288 0.7 6.045454545 0
2289 0.8 6.045454545 0
2290 0.9 6.045454545 0
2291 1 6.045454545 0
2292 1.1 6.045454545 0
2293 1.2 6.045454545 0
2294 1.3 6.045454545 0
2295 1.4 6.045454545 0
2296 1.5 6.045454545 0
2297 1.6 6.045454545 0
2298 1.7 6.045454545 0
2299 1.8 6.045454545 0
2300 1.9 6.045454545 0
2301 2 6.045454545 0
2302 2.1 6.045454545 0
2303 2.2 6.045454545 0
2304 2.3 6.045454545 0
2305 2.4 6.045454545 0
2306 2.5 6.045454545 0
2307 2.6 6.045454545 0
2308 2.7 6.045454545 0
2309 2.8 6.045454545 0
2310 2.9 6.045454545 0
2311 3 6.045454545 0
2312 3.2 6.045454545 0
2313 3.4 6.045454545 0
2314 3.6 6.045454545 0
2315 3.8 6.045454545 0
2316 4 6.045454545 0
2317 4.2 6.045454545 0
2318 4.4 6.045454545 0
2319 4.6 6.045454545 0
2320 4.8 6.045454545 0
2321 5 6.045454545 0
2322 5.2 6.045454545 0
2323 5.4 6.045454545 0
2324 5.6 6.045454545 0
2325 5.8 6.045454545 0
2326 6 6.045454545 0
2327 6.2 6.045454545 0
2328 6.4 6.045454545 0
2329 6.6 6.045454545 0
2330 6.8 6.045454545 0
2331 7 6.045454545 0
2332 7.2 6.045454545 0
2333 7.4 6.045454545 0
2334 7.6 6.045454545 0
2335 7.8 6.045454545 0
2336 8 6.045454545 0
2337 8.2 6.045454545 0
2338 8.4 6.045454545 0
2339 8.6 6.045454545 0
2340 8.8 6.045454545 0
2341 9 6.045454545 0
2342 9.2 6.045454545 0
2343 9.4 6.045454545 0
2344 9.6 6.045454545 0
2345 9.8 6.045454545 0
2346 10 6.045454545 0
2347 10.2 6.045454545 0
2348 10.4 6.045454545 0
2349 10.6 6.045454545 0
2350 10.8 6.045454545 0
2351 11 6.045454545 0
2352 11.2 6.045454545 0
2353 11.4 6.045454545 0
2354 11.6 6.045454545 0
2355 11.8 6.045454545 0
2356 12 6.045454545 0
2357 0 6.25 0
2358 0.1 6.25 0
2359 0.2 6.25 0
2360 0.3 6.25 0
2361 0.4 6.25 0
2362 0.5 6.25 0
2363 0.6 6.25 0
2364 0.7 6.25 0
2365 0.8 6.25 0
2366 0.9 6.25 0
2367 1 6.25 0
2368 1.1 6.25 0
2369 1.2 6.25 0
2370 1.3 6.25 0
2371 1.4 6.25 0
2372 1.5 6.25 0
2373 1.6 6.25 0
2374 1.7 6.25 0
2375 1.8 6.25 0
2376 1.9 6.25 0
2377 2 6.25 0
2378 2.1 6.25 0
2379 2.2 6.25 0
2380 2.3 6.25 0
2381 2.4 6.25 0
2382 2.5 6.25 0
2383 2.6 6.25 0
2384 2.7 6.25 0
2385 2.8 6.25 0
2386 2.9 6.25 0
2387 3 6.25 0
2388 3.2 6.25 0
2389 3.4 6.25 0
2390 3.6 6.25 0
2391 3.8 6.25 0
2392 4 6.25 0
2393 4.2 6.25 0
2394 4.4 6.25 0
2395 4.6 6.25 0
2396 4.8 6.25 0
2397 5 6.25 0
2398 5.2 6.25 0
2399 5.4 6.25 0
2400 5.6 6.25 0
2401 5.8 6.25 0
2402 6 6.25 0
2403 6.2 6.25 0
2404 6.4 6.25 0
2405 6.6 6.25 0
2406 6.8 6.25 0
2407 7 6.25 0
2408 7.2 6.25 0
2409 7.4 6.25 0
2410 7.6 6.25 0
2411 7.8 6.25 0
2412 8 6.25 0
2413 8.2 6.25 0
2414 8.4 6.25 0
2415 8.6 6.25 0
2416 8.8 6.25 0
2417 9 6.25 0
2418 9.2 6.25 0
2419 9.4 6.25 0
2420 9.6 6.25 0
2421 9.8 6.25 0
2422 10 6.25 0
2423 10.2 6.25 0
2424 10.4 6.25 0
2425 10.6 6.25 0
2426 10.8 6.25 0
2427 11 6.25 0
2428 11.2 6.25 0
2429 11.4 6.25 0
2430 11.6 6.25 0
2431 11.8 6.25 0
2432 12 6.25 0
2433 0 6.454545455 0
2434 0.1 6.454545455 0
2435 0.2 6.454545455 0
2436 0.3 6.454545455 0
2437 0.4 6.454545455 0
2438 0.5 6.454545455 0
2439 0.6 6.454545455 0
2440 0.7 6.454545455 0
2441 0.8 6.454545455 0
2442 0.9 6.454545455 0
2443 1 6.454545455 0
2444 1.1 6.454545455 0
2445 1.2 6.454545455 0
2446 1.3 6.454545455 0
2447 1.4 6.454545455 0
2448 1.5 6.454545455 0
2449 1.6 6.454545455 0
2450 1.7 6.454545455 0
2451 1.8 6.454545455 0
2452 1.9 6.454545455 0
2453 2 6.454545455 0
2454 2.1 6.454545455 0
2455 2.2 6.454545455 0
2456 2.3 6.454545455 0
2457 2.4 6.454545455 0
2458 2.5 6.454545455 0
2459 2.6 6.454545455 0
2460 2.7 6.454545455 0
2461 2.8 6.454545455 0
2462 2.9 6.454545455 0
2463 3 6.454545455 0
2464 3.2 6.454545455 0
2465 3.4 6.454545455 0
2466 3.6 6.454545455 0
2467 3.8 6.454545455 0
2468 4 6.454545455 0
2469 4.2 6.454545455 0
2470 4.4 6.454545455 0
2471 4.6 6.454545455 0
2472 4.8 6.454545455 0
2473 5 6.454545455 0
2474 5.2 6.454545455 0
2475 5.4 6.454545455 0
2476 5.6 6.454545455 0
2477 5.8 6.454545455 0
2478 6 6.454545455 0
2479 6.2 6.454545455 0
2480 6.4 6.454545455 0
2481 6.6 6.454545455 0
2482 6.8 6.454545455 0
2483 7 6.454545455 0
2484 7.2 6.454545455 0
2485 7.4 6.454545455 0
2486 7.6 6.454545455 0
2487 7.8 6.454545455 0
2488 8 6.454545455 0
2489 8.2 6.454545455 0
2490 8.4 6.454545455 0
2491 8.6 6.454545455 0
2492 8.8 6.454545455 0
2493 9 6.454545455 0
2494 9.2 6.454545455 0
2495 9.4 6.454545455 0
2496 9.6 6.454545455 0
2497 9.8 6.454545455 0
2498 10 6.454545455 0
2499 10.2 6.454545455 0
2500 10.4 6.454545455 0
2501 10.6 6.454545455 0
2502 10.8 6.454545455 0
2503 11 6.454545455 0
2504 11.2 6.454545455 0
2505 11.4 6.454545455 0
2506 11.6 6.454545455 0
2507 11.8 6.454545455 0
2508 12 6.454545455 0
2509 0 6.659090909 0
2510 0.1 6.659090909 0
2511 0.2 6.659090909 0
2512 0.3 6.659090909 0
2513 0.4 6.659090909 0
2514 0.5 6.659090909 0
2515 0.6 6.659090909 0
2516 0.7 6.659090909 0
2517 0.8 6.659090909 0
2518 0.9 6.659090909 0
2519 1 6.659090909 0
2520 1.1 6.659090909 0
2521 1.2 6.659090909 0
2522 1.3 6.659090909 0
2523 1.4 6.659090909 0
2524 1.5 6.659090909 0
2525 1.6 6.659090909 0
2526 1.7 6.659090909 0
2527 1.8 6.659090909 0
2528 1.9 6.659090909 0
2529 2 6.659090909 0
2530 2.1 6.659090909 0
2531 2.2 6.659090909 0
2532 2.3 6.659090909 0
2533 2.4 6.659090909 0
2534 2.5 6.659090909 0
2535 2.6 6.659090909 0
2536 2.7 6.659090909 0
2537 2.8 6.659090909 0
2538 2.9 6.659090909 0
2539 3 6.659090909 0
2540 3.2 6.659090909 0
2541 3.4 6.659090909 0
2542 3.6 6.659090909 0
2543 3.8 6.659090909 0
2544 4 6.659090909 0
2545 4.2 6.659090909 0
2546 4.4 6.659090909 0
2547 4.6 6.659090909 0
2548 4.8 6.659090909 0
2549 5 6.659090909 0
2550 5.2 6.659090909 0
2551 5.4 6.659090909 0
2552 5.6 6.659090909 0
2553 5.8 6.659090909 0
2554 6 6.659090909 0
2555 6.2 6.659090909 0
2556 6.4 6.659090909 0
2557 6.6 6.659090909 0
2558 6.8 6.659090909 0
2559 7 6.659090909 0
2560 7.2 6.659090909 0
2561 7.4 6.659090909 0
2562 7.6 6.659090909 0
2563 7.8 6.659090909 0
2564 8 6.659090909 0
2565 8.2 6.659090909 0
2566 8.4 6.659090909 0
2567 8.6 6.659090909 0
2568 8.8 6.659090909 0
2569 9 6.659090909 0
2570 9.2 6.659090909 0
2571 9.4 6.659090909 0
2572 9.6 6.659090909 0
2573 9.8 6.659090909 0
2574 10 6.659090909 0
2575 10.2 6.659090909 0
2576 10.4 6.659090909 0
2577 10.6 6.659090909 0
2578 10.8 6.659090909 0
2579 11 6.659090909 0
2580 11.2 6.659090909 0
2581 11.4 6.659090909 0
2582 11.6 6.659090909 0
2583 11.8 6.659090909 0
2584 12 6.659090909 0
2585 0 6.863636364 0
2586 0.1 6.863636364 0
2587 0.2 6.863636364 0
2588 0.3 6.863636364 0
2589 0.4 6.863636364 0
2590 0.5 6.863636364 0
2591 0.6 6.863636364 0
2592 0.7 6.863636364 0
2593 0.8 6.863636364 0
2594 0.9 6.863636364 0
2595 1 6.863636364 0
2596 1.1 6.863636364 0
2597 1.2 6.863636364 0
2598 1.3 6.863636364 0
2599 1.4 6.863636364 0
2600 1.5 6.863636364 0
2601 1.6 6.863636364 0
2602 1.7 6.863636364 0
2603 1.8 6.863636364 0
2604 1.9 6.863636364 0
2605 2 6.863636364 0
2606 2.1 6.863636364 0
2607 2.2 6.863636364 0
2608 2.3 6.863636364 0
2609 2.4 6.863636364 0
2610 2.5 6.863636364 0
2611 2.6 6.863636364 0
2612 2.7 6.863636364 0
2613 2.8 6.863636364 0
2614 2.9 6.863636364 0
2615 3 6.863636364 0
2616 3.2 6.863636364 0
2617 3.4 6.863636364 0
2618 3.6 6.863636364 0
2619 3.8 6.863636364 0
2620 4 6.863636364 0
2621 4.2 6.863636364 0
2622 4.4 6.863636364 0
2623 4.6 6.863636364 0
2624 4.8 6.863636364 0
2625 5 6.863636364 0
2626 5.2 6.863636364 0
2627 5.4 6.863636364 0
2628 5.6 6.863636364 0
2629 5.8 6.863636364 0
2630 6 6.863636364 0
2631 6.2 6.863636364 0
2632 6.4 6.863636364 0
2633 6.6 6.863636364 0
2634 6.8 6.863636364 0
2635 7 6.863636364 0
2636 7.2 6.863636364 0
2637 7.4 6.863636364 0
2638 7.6 6.863636364 0
2639 7.8 6.863636364 0
2640 8 6.863636364 0
2641 8.2 6.863636364 0
2642 8.4 6.863636364 0
2643 8.6 6.863636364 0
2644 8.8 6.863636364 0
2645 9 6.863636364 0
2646 9.2 6.863636364 0
2647 9.4 6.863636364 0
2648 9.6 6.863636364 0
2649 9.8 6.863636364 0
2650 10 6.863636364 0
2651 10.2 6.863636364 0
2652 10.4 6.863636364 0
2653 10.6 6.863636364 0
2654 10.8 6.863636364 0
2655 11 6.863636364 0
2656 11.2 6.863636364 0
2657 11.4 6.863636364 0
2658 11.6 6.863636364 0
2659 11.8 6.863636364 0
2660 12 6.863636364 0
2661 0 7.068181818 0
2662 0.1 7.068181818 0
2663 0.2 7.068181818 0
2664 0.3 7.068181818 0
2665 0.4 7.068181818 0
2666 0.5 7.068181818 0
2667 0.6 7.068181818 0
2668 0.7 7.068181818 0
2669 0.8 7.068181818 0
2670 0.9 7.068181818 0
2671 1 7.068181818 0
2672 1.1 7.068181818 0
2673 1.2 7.068181818 0
2674 1.3 7.068181818 0
2675 1.4 7.068181818 0
2676 1.5 7.068181818 0
2677 1.6 7.068181818 0
2678 1.7 7.068181818 0
2679 1.8 7.068181818 0
2680 1.9 7.068181818 0
2681 2 7.068181818 0
2682 2.1 7.068181818 0
2683 2.2 7.068181818 0
2684 2.3 7.068181818 0
2685 2.4 7.068181818 0
2686 2.5 7.068181818 0
2687 2.6 7.068181818 0
2688 2.7 7.068181818 0
2689 2.8 7.068181818 0
2690 2.9 7.068181818 0
2691 3 7.068181818 0
2692 3.2 7.068181818 0
2693 3.4 7.068181818 0
2694 3.6 7.068181818 0
2695 3.8 7.068181818 0
2696 4 7.068181818 0
2697 4.2 7.068181818 0
2698 4.4 7.068181818 0
2699 4.6 7.068181818 0
2700 4.8 7.068181818 0
2701 5 7.068181818 0
2702 5.2 7.068181818 0
2703 5.4 7.068181818 0
2704 5.6 7.068181818 0
2705 5.8 7.068181818 0
2706 6 7.068181818 0
2707 6.2 7.068181818 0
2708 6.4 7.068181818 0
2709 6.6 7.068181818 0
2710 6.8 7.068181818 0
2711 7 7.068181818 0
2712 7.2 7.068181818 0
2713 7.4 7.068181818 0
2714 7.6 7.068181818 0
2715 7.8 7.068181818 0
2716 8 7.068181818 0
2717 8.2 7.068181818 0
2718 8.4 7.068181818 0
2719 8.6 7.068181818 0
2720 8.8 7.068181818 0
2721 9 7.068181818 0
2722 9.2 7.068181818 0
2723 9.4 7.068181818 0
2724 9.6 7.068181818 0
2725 9.8 7.068181818 0
2726 10 7.068181818 0
2727 10.2 7.068181818 0
2728 10.4 7.068181818 0
2729 10.6 7.068181818 0
2730 10.8 7.068181818 0
2731 11 7.068181818 0
2732 11.2 7.068181818 0
2733 11.4 7.068181818 0
2734 11.6 7.068181818 0
2735 11.8 7.068181818 0
2736 12 7.068181818 0
2737 0 7.272727273 0
2738 0.1 7.272727273 0
2739 0.2 7.272727273 0
2740 0.3 7.272727273 0
2741 0.4 7.272727273 0
2742 0.5 7.272727273 0
2743 0.6 7.272727273 0
2744 0.7 7.272727273 0
2745 0.8 7.272727273 0
2746 0.9 7.272727273 0
2747 1 7.272727273 0
2748 1.1 7.272727273 0
2749 1.2 7.272727273 0
2750 1.3 7.272727273 0
2751 1.4 7.272727273 0
2752 1.5 7.272727273 0
2753 1.6 7.272727273 0
2754 1.7 7.272727273 0
2755 1.8 7.272727273 0
2756 1.9 7.272727273 0
2757 2 7.272727273 0
2758 2.1 7.272727273 0
2759 2.2 7.272727273 0
2760 2.3 7.272727273 0
2761 2.4 7.272727273 0
2762 2.5 7.272727273 0
2763 2.6 7.272727273 0
2764 2.7 7.272727273 0
2765 2.8 7.272727273 0
2766 2.9 7.272727273 0
2767 3 7.272727273 0
2768 3.2 7.272727273 0
2769 3.4 7.272727273 0
2770 3.6 7.272727273 0
2771 3.8 7.272727273 0
2772 4 7.272727273 0
2773 4.2 7.272727273 0
2774 4.4 7.272727273 0
2775 4.6 7.272727273 0
2776 4.8 7.272727273 0
2777 5 7.272727273 0
2778 5.2 7.272727273 0
2779 5.4 7.272727273 0
2780 5.6 7.272727273 0
2781 5.8 7.272727273 0
2782 6 7.272727273 0
2783 6.2 7.272727273 0
2784 6.4 7.272727273 0
2785 6.6 7.272727273 0
2786 6.8 7.272727273 0
2787 7 7.272727273 0
2788 7.2 7.272727273 0
2789 7.4 7.272727273 0
2790 7.6 7.272727273 0
2791 7.8 7.272727273 0
2792 8 7.272727273 0
2793 8.2 7.272727273 0
2794 8.4 7.272727273 0
2795 8.6 7.272727273 0
2796 8.8 7.272727273 0
2797 9 7.272727273 0
2798 9.2 7.272727273 0
2799 9.4 7.272727273 0
2800 9.6 7.272727273 0
2801 9.8 7.272727273 0
2802 10 7.272727273 0
2803 10.2 7.272727273 0
2804 10.4 7.272727273 0
2805 10.6 7.272727273 0
2806 10.8 7.272727273 0
2807 11 7.272727273 0
2808 11.2 7.272727273 0
2809 11.4 7.272727273 0
2810 11.6 7.272727273 0
2811 11.8 7.272727273 0
2812 12 7.272727273 0
2813 0 7.477272727 0
2814 0.1 7.477272727 0
2815 0.2 7.477272727 0
2816 0.3 7.477272727 0
2817 0.4 7.477272727 0
2818 0.5 7.477272727 0
2819 0.6 7.477272727 0
2820 0.7 7.477272727 0
2821 0.8 7.477272727 0
2822 0.9 7.477272727 0
2823 1 7.477272727 0
2824 1.1 7.477272727 0
2825 1.2 7.477272727 0
2826 1.3 7.477272727 0
2827 1.4 7.477272727 0
2828 1.5 7.477272727 0
2829 1.6 7.477272727 0
2830 1.7 7.477272727 0
2831 1.8 7.477272727 0
2832 1.9 7.477272727 0
2833 2 7.477272727 0
2834 2.1 7.477272727 0
2835 2.2 7.477272727 0
2836 2.3 7.477272727 0
2837 2.4 7.477272727 0
2838 2.5 7.477272727 0
2839 2.6 7.477272727 0
2840 2.7 7.477272727 0
2841 2.8 7.477272727 0
2842 2.9 7.477272727 0
2843 3 7.477272727 0
2844 3.2 7.477272727 0
2845 3.4 7.477272727 0
2846 3.6 7.477272727 0
2847 3.8 7.477272727 0
2848 4 7.477272727 0
2849 4.2 7.477272727 0
2850 4.4 7.477272727 0
2851 4.6 7.477272727 0
2852 4.8 7.477272727 0
2853 5 7.477272727 0
2854 5.2 7.477272727 0
2855 5.4 7.477272727 0
2856 5.6 7.477272727 0
2857 5.8 7.477272727 0
2858 6 7.477272727 0
2859 6.2 7.477272727 0
2860 6.4 7.477272727 0
2861 6.6 7.477272727 0
2862 6.8 7.477272727 0
2863 7 7.477272727 0
2864 7.2 7.477272727 0
2865 7.4 7.477272727 0
2866 7.6 7.477272727 0
2867 7.8 7.477272727 0
2868 8 7.477272727 0
2869 8.2 7.477272727 0
2870 8.4 7.477272727 0
2871 8.6 7.477272727 0
2872 8.8 7.477272727 0
2873 9 7.477272727 0
2874 9.2 7.477272727 0
2875 9.4 7.477272727 0
2876 9.6 7.477272727 0
2877 9.8 7.477272727 0
2878 10 7.477272727 0
2879 10.2 7.477272727 0
2880 10.4 7.477272727 0
2881 10.6 7.477272727 0
2882 10.8 7.477272727 0
2883 11 7.477272727 0
2884 11.2 7.477272727 0
2885 11.4 7.477272727 0
2886 11.6 7.477272727 0
2887 11.8 7.477272727 0
2888 12 7.477272727 0
2889 0 7.681818182 0
2890 0.1 7.681818182 0
2891 0.2 7.681818182 0
2892 0.3 7.681818182 0
2893 0.4 7.681818182 0
2894 0.5 7.681818182 0
2895 0.6 7.681818182 0
2896 0.7 7.681818182 0
2897 0.8 7.681818182 0
2898 0.9 7.681818182 0
2899 1 7.681818182 0
2900 1.1 7.681818182 0
2901 1.2 7.681818182 0
2902 1.3 7.681818182 0
2903 1.4 7.681818182 0
2904 1.5 7.681818182 0
2905 1.6 7.681818182 0
2906 1.7 7.681818182 0
2907 1.8 7.681818182 0
2908 1.9 7.681818182 0
2909 2 7.681818182 0
2910 2.1 7.681818182 0
2911 2.2 7.681818182 0
2912 2.3 7.681818182 0
2913 2.4 7.681818182 0
2914 2.5 7.681818182 0
2915 2.6 7.681818182 0
2916 2.7 7.681818182 0
2917 2.8 7.681818182 0
2918 2.9 7.681818182 0
2919 3 7.681818182 0
2920 3.2 7.681818182 0
2921 3.4 7.681818182 0
2922 3.6 7.681818182 0
2923 3.8 7.681818182 0
2924 4 7.681818182 0
2925 4.2 7.681818182 0
2926 4.4 7.681818182 0
2927 4.6 7.681818182 0
2928 4.8 7.681818182 0
2929 5 7.681818182 0
2930 5.2 7.681818182 0
2931 5.4 7.681818182 0
2932 5.6 7.681818182 0
2933 5.8 7.681818182 0
2934 6 7.681818182 0
2935 6.2 7.681818182 0
2936 6.4 7.681818182 0
2937 6.6 7.681818182 0
2938 6.8 7.681818182 0
2939 7 7.681818182 0
2940 7.2 7.681818182 0
2941 7.4 7.681818182 0
2942 7.6 7.681818182 0
2943 7.8 7.681818182 0
2944 8 7.681818182 0
2945 8.2 7.681818182 0
2946 8.4 7.681818182 0
2947 8.6 7.681818182 0
2948 8.8 7.681818182 0
2949 9 7.681818182 0
2950 9.2 7.681818182 0
2951 9.4 7.681818182 0
2952 9.6 7.681818182 0
2953 9.8 7.681818182 0
2954 10 7.681818182 0
2955 10.2 7.681818182 0
2956 10.4 7.681818182 0
2957 10.6 7.681818182 0
2958 10.8 7.681818182 0
2959 11 7.681818182 0
2960 11.2 7.681818182 0
2961 11.4 7.681818182 0
2962 11.6 7.681818182 0
2963 11.8 7.681818182 0
2964 12 7.681818182 0
2965 0 7.886363636 0
2966 0.1 7.886363636 0
2967 0.2 7.886363636 0
2968 0.3 7.886363636 0
2969 0.4 7.886363636 0
2970 0.5 7.886363636 0
2971 0.6 7.886363636 0
2972 0.7 7.886363636 0
2973 0.8 7.886363636 0
2974 0.9 7.886363636 0
2975 1 7.886363636 0
2976 1.1 7.886363636 0
2977 1.2 7.886363636 0
2978 1.3 7.886363636 0
2979 1.4 7.886363636 0
2980 1.5 7.886363636 0
2981 1.6 7.886363636 0
2982 1.7 7.886363636 0
2983 1.8 7.886363636 0
2984 1.9 7.886363636 0
2985 2 7.886363636 0
2986 2.1 7.886363636 0
2987 2.2 7.886363636 0
2988 2.3 7.886363636 0
2989 2.4 7.886363636 0
2990 2.5 7.886363636 0
2991 2.6 7.886363636 0
2992 2.7 7.886363636 0
2993 2.8 7.886363636 0
2994 2.9 7.886363636 0
2995 3 7.886363636 0
2996 3.2 7.886363636 0
2997 3.4 7.886363636 0
2998 3.6 7.886363636 0
2999 3.8 7.886363636 0
3000 4 7.886363636 0
3001 4.2 7.886363636 0
3002 4.4 7.886363636 0
3003 4.6 7.886363636 0
3004 4.8 7.886363636 0
3005 5 7.886363636 0
3006 5.2 7.886363636 0
3007 5.4 7.886363636 0
3008 5.6 7.886363636 0
3009 5.8 7.886363636 0
3010 6 7.886363636 0
3011 6.2 7.886363636 0
3012 6.4 7.886363636 0
3013 6.6 7.886363636 0
3014 6.8 7.886363636 0
3015 7 7.886363636 0
3016 7.2 7.886363636 0
3017 7.4 7.886363636 0
3018 7.6 7.886363636 0
3019 7.8 7.886363636 0
3020 8 7.886363636 0
3021 8.2 7.886363636 0
3022 8.4 7.886363636 0
3023 8.6 7.886363636 0
3024 8.8 7.886363636 0
3025 9 7.886363636 0
3026 9.2 7.886363636 0
3027 9.4 7.886363636 0
3028 9.6 7.886363636 0
3029 9.8 7.886363636 0
3030 10 7.886363636 0
3031 10.2 7.886363636 0
3032 10.4 7.886363636 0
3033 10.6 7.886363636 0
3034 10.8 7.886363636 0
3035 11 7.886363636 0
3036 11.2 7.886363636 0
3037 11.4 7.886363636 0
3038 11.6 7.886363636 0
3039 11.8 7.886363636 0
3040 12 7.886363636 0
3041 0 8.090909091 0
3042 0.1 8.090909091 0
3043 0.2 8.090909091 0
3044 0.3 8.090909091 0
3045 0.4 8.090909091 0
3046 0.5 8.090909091 0
3047 0.6 8.090909091 0
3048 0.7 8.090909091 0
3049 0.8 8.090909091 0
3050 0.9 8.090909091 0
3051 1 8.090909091 0
3052 1.1 8.090909091 0
3053 1.2 8.090909091 0
3054 1.3 8.090909091 0
3055 1.4 8.090909091 0
3056 1.5 8.090909091 0
3057 1.6 8.090909091 0
3058 1.7 8.090909091 0
3059 1.8 8.090909091 0
3060 1.9 8.090909091 0
3061 2 8.090909091 0
3062 2.1 8.090909091 0
3063 2.2 8.090909091 0
3064 2.3 8.090909091 0
3065 2.4 8.090909091 0
3066 2.5 8.090909091 0
3067 2.6 8.090909091 0
3068 2.7 8.090909091 0
3069 2.8 8.090909091 0
3070 2.9 8.090909091 0
3071 3 8.090909091 0
3072 3.2 8.090909091 0
3073 3.4 8.090909091 0
3074 3.6 8.090909091 0
3075 3.8 8.090909091 0
3076 4 8.090909091 0
3077 4.2 8.090909091 0
3078 4.4 8.090909091 0
3079 4.6 8.090909091 0
3080 4.8 8.090909091 0
3081 5 8.090909091 0
3082 5.2 8.090909091 0
3083 5.4 8.090909091 0
3084 5.6 8.090909091 0
3085 5.8 8.090909091 0
3086 6 8.090909091 0
3087 6.2 8.090909091 0
3088 6.4 8.090909091 0
3089 6.6 8.090909091 0
3090 6.8 8.090909091 0
3091 7 8.090909091 0
3092 7.2 8.090909091 0
3093 7.4 8.090909091 0
3094 7.6 8.090909091 0
3095 7.8 8.090909091 0
3096 8 8.090909091 0
3097 8.2 8.090909091 0
3098 8.4 8.090909091 0
3099 8.6 8.090909091 0
3100 8.8 8.090909091 0
3101 9 8.090909091 0
3102 9.2 8.090909091 0
3103 9.4 8.090909091 0
3104 9.6 8.090909091 0
3105 9.8 8.090909091 0
3106 10 8.090909091 0
3107 10.2 8.090909091 0
3108 10.4 8.090909091 0
3109 10.6 8.090909091 0
3110 10.8 8.090909091 0
3111 11 8.090909091 0
3112 11.2 8.090909091 0
3113 11.4 8.090909091 0
3114 11.6 8.090909091 0
3115 11.8 8.090909091 0
3116 12 8.090909091 0
3117 0 8.295454545 0
3118 0.1 8.295454545 0
3119 0.2 8.295454545 0
3120 0.3 8.295454545 0
3121 0.4 8.295454545 0
3122 0.5 8.295454545 0
3123 0.6 8.295454545 0
3124 0.7 8.295454545 0
3125 0.8 8.295454545 0
3126 0.9 8.295454545 0
3127 1 8.295454545 0
3128 1.1 8.295454545 0
3129 1.2 8.295454545 0
3130 1.3 8.295454545 0
3131 1.4 8.295454545 0
3132 1.5 8.295454545 0
3133 1.6 8.295454545 0
3134 1.7 8.295454545 0
3135 1.8 8.295454545 0
3136 1.9 8.295454545 0
3137 2 8.295454545 0
3138 2.1 8.295454545 0
3139 2.2 8.295454545 0
3140 2.3 8.295454545 0
3141 2.4 8.295454545 0
3142 2.5 8.295454545 0
3143 2.6 8.295454545 0
3144 2.7 8.295454545 0
3145 2.8 8.295454545 0
3146 2.9 8.295454545 0
3147 3 8.295454545 0
3148 3.2 8.295454545 0
3149 3.4 8.295454545 0
3150 3.6 8.295454545 0
3151 3.8 8.295454545 0
3152 4 8.295454545 0
3153 4.2 8.295454545 0
3154 4.4 8.295454545 0
3155 4.6 8.295454545 0
3156 4.8 8.295454545 0
3157 5 8.295454545 0
3158 5.2 8.295454545 0
3159 5.4 8.295454545 0
3160 5.6 8.295454545 0
3161 5.8 8.295454545 0
3162 6 8.295454545 0
3163 6.2 8.295454545 0
3164 6.4 8.295454545 0
3165 6.6 8.295454545 0
3166 6.8 8.295454545 0
3167 7 8.295454545 0
3168 7.2 8.295454545 0
3169 7.4 8.295454545 0
3170 7.6 8.295454545 0
3171 7.8 8.295454545 0
3172 8 8.295454545 0
3173 8.2 8.295454545 0
3174 8.4 8.295454545 0
3175 8.6 8.295454545 0
3176 8.8 8.295454545 0
3177 9 8.295454545 0
3178 9.2 8.295454545 0
3179 9.4 8.295454545 0
3180 9.6 8.295454545 0
3181 9.8 8.295454545 0
3182 10 8.295454545 0
3183 10.2 8.295454545 0
3184 10.4 8.295454545 0
3185 10.6 8.295454545 0
3186 10.8 8.295454545 0
3187 11 8.295454545 0
3188 11.2 8.295454545 0
3189 11.4 8.295454545 0
3190 11.6 8.295454545 0
3191 11.8 8.295454545 0
3192 12 8.295454545 0
3193 0 8.5 0
3194 0.1 8.5 0
3195 0.2 8.5 0
3196 0.3 8.5 0
3197 0.4 8.5 0
3198 0.5 8.5 0
3199 0.6 8.5 0
3200 0.7 8.5 0
3201 0.8 8.5 0
3202 0.9 8.5 0
3203 1 8.5 0
3204 1.1 8.5 0
3205 1.2 8.5 0
3206 1.3 8.5 0
3207 1.4 8.5 0
3208 1.5 8.5 0
3209 1.6 8.5 0
3210 1.7 8.5 0
3211 1.8 8.5 0
3212 1.9 8.5 0
3213 2 8.5 0
3214 2.1 8.5 0
3215 2.2 8.5 0
3216 2.3 8.5 0
3217 2.4 8.5 0
3218 2.5 8.5 0
3219 2.6 8.5 0
3220 2.7 8.5 0
3221 2.8 8.5 0
3222 2.9 8.5 0
3223 3 8.5 0
3224 3.2 8.5 0
3225 3.4 8.5 0
3226 3.6 8.5 0
3227 3.8 8.5 0
3228 4 8.5 0
3229 4.2 8.5 0
3230 4.4 8.5 0
3231 4.6 8.5 0
3232 4.8 8.5 0
3233 5 8.5 0
3234 5.2 8.5 0
3235 5.4 8.5 0
3236 5.6 8.5 0
3237 5.8 8.5 0
3238 6 8.5 0
3239 6.2 8.5 0
3240 6.4 8.5 0
3241 6.6 8.5 0
3242 6.8 8.5 0
3243 7 8.5 0
3244 7.2 8.5 0
3245 7.4 8.5 0
3246 7.6 8.5 0
3247 7.8 8.5 0
3248 8 8.5 0
3249 8.2 8.5 0
3250 8.4 8.5 0
3251 8.6 8.5 0
3252 8.8 8.5 0
3253 9 8.5 0
3254 9.2 8.5 0
3255 9.4 8.5 0
3256 9.6 8.5 0
3257 9.8 8.5 0
3258 10 8.5 0
3259 10.2 8.5 0
3260 10.4 8.5 0
3261 10.6 8.5 0
3262 10.8 8.5 0
3263 11 8.5 0
3264 11.2 8.5 0
3265 11.4 8.5 0
3266 11.6 8.5 0
3267 11.8 8.5 0
3268 12 8.5 0
3269 0 8.7 0
3270 0.1 8.7 0
3271 0.2 8.7 0
3272 0.3 8.7 0
3273 0.4 8.7 0
3274 0.5 8.7 0
3275 0.6 8.7 0
3276 0.7 8.7 0
3277 0.8 8.7 0
3278 0.9 8.7 0
3279 1 8.7 0
3280 1.1 8.7 0
3281 1.2 8.7 0
3282 1.3 8.7 0
3283 1.4 8.7 0
3284 1.5 8.7 0
3285 1.6 8.7 0
3286 1.7 8.7 0
3287 1.8 8.7 0
3288 1.9 8.7 0
3289 2 8.7 0
3290 2.1 8.7 0
3291 2.2 8.7 0
3292 2.3 8.7 0
3293 2.4 8.7 0
3294 2.5 8.7 0
3295 2.6 8.7 0
3296 2.7 8.7 0
3297 2.8 8.7 0
3298 2.9 8.7 0
3299 3 8.7 0
3300 3.2 8.7 0
3301 3.4 8.7 0
3302 3.6 8.7 0
3303 3.8 8.7 0
3304 4 8.7 0
3305 4.2 8.7 0
3306 4.4 8.7 0
3307 4.6 8.7 0
3308 4.8 8.7 0
3309 5 8.7 0
3310 5.2 8.7 0
3311 5.4 8.7 0
3312 5.6 8.7 0
3313 5.8 8.7 0
3314 6 8.7 0
3315 6.2 8.7 0
3316 6.4 8.7 0
3317 6.6 8.7 0
3318 6.8 8.7 0
3319 7 8.7 0
3320 7.2 8.7 0
3321 7.4 8.7 0
3322 7.6 8.7 0
3323 7.8 8.7 0
3324 8 8.7 0
3325 8.2 8.7 0
3326 8.4 8.7 0
3327 8.6 8.7 0
3328 8.8 8.7 0
3329 9 8.7 0
3330 9.2 8.7 0
3331 9.4 8.7 0
3332 9.6 8.7 0
3333 9.8 8.7 0
3334 10 8.7 0
3335 10.2 8.7 0
3336 10.4 8.7 0
3337 10.6 8.7 0
3338 10.8 8.7 0
3339 11 8.7 0
3340 11.2 8.7 0
3341 11.4 8.7 0
3342 11.6 8.7 0
3343 11.8 8.7 0
3344 12 8.7 0
3345 0 8.9 0
3346 0.1 8.9 0
3347 0.2 8.9 0
3348 0.3 8.9 0
3349 0.4 8.9 0
3350 0.5 8.9 0
3351 0.6 8.9 0
3352 0.7 8.9 0
3353 0.8 8.9 0
3354 0.9 8.9 0
3355 1 8.9 0
3356 1.1 8.9 0
3357 1.2 8.9 0
3358 1.3 8.9 0
3359 1.4 8.9 0
3360 1.5 8.9 0
3361 1.6 8.9 0
3362 1.7 8.9 0
3363 1.8 8.9 0
3364 1.9 8.9 0
3365 2 8.9 0
3366 2.1 8.9 0
3367 2.2 8.9 0
3368 2.3 8.9 0
3369 2.4 8.9 0
3370 2.5 8.9 0
3371 2.6 8.9 0
3372 2.7 8.9 0
3373 2.8 8.9 0
3374 2.9 8.9 0
3375 3 8.9 0
3376 3.2 8.9 0
3377 3.4 8.9 0
3378 3.6 8.9 0
3379 3.8 8.9 0
3380 4 8.9 0
3381 4.2 8.9 0
3382 4.4 8.9 0
3383 4.6 8.9 0
3384 4.8 8.9 0
3385 5 8.9 0
3386 5.2 8.9 0
3387 5.4 8.9 0
3388 5.6 8.9 0
3389 5.8 8.9 0
3390 6 8.9 0
3391 6.2 8.9 0
3392 6.4 8.9 0
3393 6.6 8.9 0
3394 6.8 8.9 0
3395 7 8.9 0
3396 7.2 8.9 0
3397 7.4 8.9 0
3398 7.6 8.9 0
3399 7.8 8.9 0
3400 8 8.9 0
3401 8.2 8.9 0
3402 8.4 8.9 0
3403 8.6 8.9 0
3404 8.8 8.9 0
3405 9 8.9 0
3406 9.2 8.9 0
3407 9.4 8.9 0
3408 9.6 8.9 0
3409 9.8 8.9 0
3410 10 8.9 0
3411 10.2 8.9 0
3412 10.4 8.9 0
3413 10.6 8.9 0
3414 10.8 8.9 0
3415 11 8.9 0
3416 11.2 8.9 0
3417 11.4 8.9 0
3418 11.6 8.9 0
3419 11.8 8.9 0
3420 12 8.9 0
3421 0 9.1 0
3422 0.1 9.1 0
3423 0.2 9.1 0
3424 0.3 9.1 0
3425 0.4 9.1 0
3426 0.5 9.1 0
3427 0.6 9.1 0
3428 0.7 9.1 0
3429 0.8 9.1 0
3430 0.9 9.1 0
3431 1 9.1 0
3432 1.1 9.1 0
3433 1.2 9.1 0
3434 1.3 9.1 0
3435 1.4 9.1 0
3436 1.5 9.1 0
3437 1.6 9.1 0
3438 1.7 9.1 0
3439 1.8 9.1 0
3440 1.9 9.1 0
3441 2 9.1 0
3442 2.1 9.1 0
3443 2.2 9.1 0
3444 2.3 9.1 0
3445 2.4 9.1 0
3446 2.5 9.1 0
3447 2.6 9.1 0
3448 2.7 9.1 0
3449 2.8 9.1 0
3450 2.9 9.1 0
3451 3 9.1 0
3452 3.2 9.1 0
3453 3.4 9.1 0
3454 3.6 9.1 0
3455 3.8 9.1 0
3456 4 9.1 0
3457 4.2 9.1 0
3458 4.4 9.1 0
3459 4.6 9.1 0
3460 4.8 9.1 0
3461 5 9.1 0
3462 5.2 9.1 0
3463 5.4 9.1 0
3464 5.6 9.1 0
3465 5.8 9.1 0
3466 6 9.1 0
3467 6.2 9.1 0
3468 6.4 9.1 0
3469 6.6 9.1 0
3470 6.8 9.1 0
3471 7 9.1 0
3472 7.2 9.1 0
3473 7.4 9.1 0
3474 7.6 9.1 0
3475 7.8 9.1 0
3476 8 9.1 0
3477 8.2 9.1 0
3478 8.4 9.1 0
3479 8.6 9.1 0
3480 8.8 9.1 0
3481 9 9.1 0
3482 9.2 9.1 0
3483 9.4 9.1 0
3484 9.6 9.1 0
3485 9.8 9.1 0
3486 10 9.1 0
3487 10.2 9.1 0
3488 10.4 9.1 0
3489 10.6 9.1 0
3490 10.8 9.1 0
3491 11 9.1 0
3492 11.2 9.1 0
3493 11.4 9.1 0
3494 11.6 9.1 0
3495 11.8 9.1 0
3496 12 9.1 0
3497 0 9.3 0
3498 0.1 9.3 0
3499 0.2 9.3 0
3500 0.3 9.3 0
3501 0.4 9.3 0
3502 0.5 9.3 0
3503 0.6 9.3 0
3504 0.7 9.3 0
3505 0.8 9.3 0
3506 0.9 9.3 0
3507 1 9.3 0
3508 1.1 9.3 0
3509 1.2 9.3 0
3510 1.3 9.3 0
3511 1.4 9.3 0
3512 1.5 9.3 0
3513 1.6 9.3 0
3514 1.7 9.3 0
3515 1.8 9.3 0
3516 1.9 9.3 0
3517 2 9.3 0
3518 2.1 9.3 0
3519 2.2 9.3 0
3520 2.3 9.3 0
3521 2.4 9.3 0
3522 2.5 9.3 0
3523 2.6 9.3 0
3524 2.7 9.3 0
3525 2.8 9.3 0
3526 2.9 9.3 0
3527 3 9.3 0
3528 3.2 9.3 0
3529 3.4 9.3 0
3530 3.6 9.3 0
3531 3.8 9.3 0
3532 4 9.3 0
3533 4.2 9.3 0
3534 4.4 9.3 0
3535 4.6 9.3 0
3536 4.8 9.3 0
3537 5 9.3 0
3538 5.2 9.3 0
3539 5.4 9.3 0
3540 5.6 9.3 0
3541 5.8 9.3 0
3542 6 9.3 0
3543 6.2 9.3 0
3544 6.4 9.3 0
3545 6.6 9.3 0
3546 6.8 9.3 0
3547 7 9.3 0
3548 7.2 9.3 0
3549 7.4 9.3 0
3550 7.6 9.3 0
3551 7.8 9.3 0
3552 8 9.3 0
3553 8.2 9.3 0
3554 8.4 9.3 0
3555 8.6 9.3 0
3556 8.8 9.3 0
3557 9 9.3 0
3558 9.2 9.3 0
3559 9.4 9.3 0
3560 9.6 9.3 0
3561 9.8 9.3 0
3562 10 9.3 0
3563 10.2 9.3 0
3564 10.4 9.3 0
3565 10.6 9.3 0
3566 10.8 9.3 0
3567 11 9.3 0
3568 11.2 9.3 0
3569 11.4 9.3 0
3570 11.6 9.3 0
3571 11.8 9.3 0
3572 12 9.3 0
3573 0 9.5 0
3574 0.1 9.5 0
3575 0.2 9.5 0
3576 0.3 9.5 0
3577 0.4 9.5 0
3578 0.5 9.5 0
3579 0.6 9.5 0
3580 0.7 9.5 0
3581 0.8 9.5 0
3582 0.9 9.5 0
3583 1 9.5 0
3584 1.1 9.5 0
3585 1.2 9.5 0
3586 1.3 9.5 0
3587 1.4 9.5 0
3588 1.5 9.5 0
3589 1.6 9.5 0
3590 1.7 9.5 0
3591 1.8 9.5 0
3592 1.9 9.5 0
3593 2 9.5 0
3594 2.1 9.5 0
3595 2.2 9.5 0
3596 2.3 9.5 0
3597 2.4 9.5 0
3598 2.5 9.5 0
3599 2.6 9.5 0
3600 2.7 9.5 0
3601 2.8 9.5 0
3602 2.9 9.5 0
3603 3 9.5 0
3604 3.2 9.5 0
3605 3.4 9.5 0
3606 3.6 9.5 0
3607 3.8 9.5 0
3608 4 9.5 0
3609 4.2 9.5 0
3610 4.4 9.5 0
3611 4.6 9.5 0
3612 4.8 9.5 0
3613 5 9.5 0
3614 5.2 9.5 0
3615 5.4 9.5 0
3616 5.6 9.5 0
3617 5.8 9.5 0
3618 6 9.5 0
3619 6.2 9.5 0
3620 6.4 9.5 0
3621 6.6 9.5 0
3622 6.8 9.5 0
3623 7 9.5 0
3624 7.2 9.5 0
3625 7.4 9.5 0
3626 7.6 9.5 0
3627 7.8 9.5 0
3628 8 9.5 0
3629 8.2 9.5 0
3630 8.4 9.5 0
3631 8.6 9.5 0
3632 8.8 9.5 0
3633 9 9.5 0
3634 9.2 9.5 0
3635 9.4 9.5 0
3636 9.6 9.5 0
3637 9.8 9.5 0
3638 10 9.5 0
3639 10.2 9.5 0
3640 10.4 9.5 0
3641 10.6 9.5 0
3642 10.8 9.5 0
3643 11 9.5 0
3644 11.2 9.5 0
3645 11.4 9.5 0
3646 11.6 9.5 0
3647 11.8 9.5 0
3648 12 9.5 0
3649 0 9.7 0
3650 0.1 9.7 0
3651 0.2 9.7 0
3652 0.3 9.7 0
3653 0.4 9.7 0
3654 0.5 9.7 0
3655 0.6 9.7 0
3656 0.7 9.7 0
3657 0.8 9.7 0
3658 0.9 9.7 0
3659 1 9.7 0
3660 1.1 9.7 0
3661 1.2 9.7 0
3662 1.3 9.7 0
3663 1.4 9.7 0
3664 1.5 9.7 0
3665 1.6 9.7 0
3666 1.7 9.7 0
3667 1.8 9.7 0
3668 1.9 9.7 0
3669 2 9.7 0
3670 2.1 9.7 0
3671 2.2 9.7 0
3672 2.3 9.7 0
3673 2.4 9.7 0
3674 2.5 9.7 0
3675 2.6 9.7 0
3676 2.7 9.7 0
3677 2.8 9.7 0
3678 2.9 9.7 0
3679 3 9.7 0
3680 3.2 9.7 0
3681 3.4 9.7 0
3682 3.6 9.7 0
3683 3.8 9.7 0
3684 4 9.7 0
3685 4.2 9.7 0
3686 4.4 9.7 0
3687 4.6 9.7 0
3688 4.8 9.7 0
3689 5 9.7 0
3690 5.2 9.7 0
3691 5.4 9.7 0
3692 5.6 9.7 0
3693 5.8 9.7 0
3694 6 9.7 0
3695 6.2 9.7 0
3696 6.4 9.7 0
3697 6.6 9.7 0
3698 6.8 9.7 0
3699 7 9.7 0
3700 7.2 9.7 0
3701 7.4 9.7 0
3702 7.6 9.7 0
3703 7.8 9.7 0
3704 8 9.7 0
3705 8.2 9.7 0
3706 8.4 9.7 0
3707 8.6 9.7 0
3708 8.8 9.7 0
3709 9 9.7 0
3710 9.2 9.7 0
3711 9.4 9.7 0
3712 9.6 9.7 0
3713 9.8 9.7 0
3714 10 9.7 0
3715 10.2 9.7 0
3716 10.4 9.7 0
3717 10.6 9.7 0
3718 10.8 9.7 0
3719 11 9.7 0
3720 11.2 9.7 0
3721 11.4 9.7 0
3722 11.6 9.7 0
3723 11.8 9.7 0
3724 12 9.7 0
3725 0 9.9 0
3726 0.1 9.9 0
3727 0.2 9.9 0
3728 0.3 9.9 0
3729 0.4 9.9 0
3730 0.5 9.9 0
3731 0.6 9.9 0
3732 0.7 9.9 0
3733 0.8 9.9 0
3734 0.9 9.9 0
3735 1 9.9 0
3736 1.1 9.9 0
3737 1.2 9.9 0
3738 1.3 9.9 0
3739 1.4 9.9 0
3740 1.5 9.9 0
3741 1.6 9.9 0
3742 1.7 9.9 0
3743 1.8 9.9 0
3744 1.9 9.9 0
3745 2 9.9 0
3746 2.1 9.9 0
3747 2.2 9.9 0
3748 2.3 9.9 0
3749 2.4 9.9 0
3750 2.5 9.9 0
3751 2.6 9.9 0
3752 2.7 9.9 0
3753 2.8 9.9 0
3754 2.9 9.9 0
3755 3 9.9 0
3756 3.2 9.9 0
3757 3.4 9.9 0
3758 3.6 9.9 0
3759 3.8 9.9 0
3760 4 9.9 0
3761 4.2 9.9 0
3762 4.4 9.9 0
3763 4.6 9.9 0
3764 4.8 9.9 0
3765 5 9.9 0
3766 5.2 9.9 0
3767 5.4 9.9 0
3768 5.6 9.9 0
3769 5.8 9.9 0
3770 6 9.9 0
3771 6.2 9.9 0
3772 6.4 9.9 0
3773 6.6 9.9 0
3774 6.8 9.9 0
3775 7 9.9 0
3776 7.2 9.9 0
3777 7.4 9.9 0
3778 7.6 9.9 0
3779 7.8 9.9 0
3780 8 9.9 0
3781 8.2 9.9 0
3782 8.4 9.9 0
3783 8.6 9.9 0
3784 8.8 9.9 0
3785 9 9.9 0
3786 9.2 9.9 0
3787 9.4 9.9 0
3788 9.6 9.9 0
3789 9.8 9.9 0
3790 10 9.9 0
3791 10.2 9.9 0
3792 10.4 9.9 0
3793 10.6 9.9 0
3794 10.8 9.9 0
3795 11 9.9 0
3796 11.2 9.9 0
3797 11.4 9.9 0
3798 11.6 9.9 0
3799 11.8 9.9 0
3800 12 9.9 0
3801 0 10.1 0
3802 0.1 10.1 0
3803 0.2 10.1 0
3804 0.3 10.1 0
3805 0.4 10.1 0
3806 0.5 10.1 0
3807 0.6 10.1 0
3808 0.7 10.1 0
3809 0.8 10.1 0
3810 0.9 10.1 0
3811 1 10.1 0
3812 1.1 10.1 0
3813 1.2 10.1 0
3814 1.3 10.1 0
3815 1.4 10.1 0
3816 1.5 10.1 0
3817 1.6 10.1 0
3818 1.7 10.1 0
3819 1.8 10.1 0
3820 1.9 10.1 0
3821 2 10.1 0
3822 2.1 10.1 0
3823 2.2 10.1 0
3824 2.3 10.1 0
3825 2.4 10.1 0
3826 2.5 10.1 0
3827 2.6 10.1 0
3828 2.7 10.1 0
3829 2.8 10.1 0
3830 2.9 10.1 0
3831 3 10.1 0
3832 3.2 10.1 0
3833 3.4 10.1 0
3834 3.6 10.1 0
3835 3.8 10.1 0
3836 4 10.1 0
3837 4.2 10.1 0
3838 4.4 10.1 0
3839 4.6 10.1 0
3840 4.8 10.1 0
3841 5 10.1 0
3842 5.2 10.1 0
3843 5.4 10.1 0
3844 5.6 10.1 0
3845 5.8 10.1 0
3846 6 10.1 0
3847 6.2 10.1 0
3848 6.4 10.1 0
3849 6.6 10.1 0
3850 6.8 10.1 0
3851 7 10.1 0
3852 7.2 10.1 0
3853 7.4 10.1 0
3854 7.6 10.1 0
3855 7.8 10.1 0
3856 8 10.1 0
3857 8.2 10.1 0
3858 8.4 10.1 0
3859 8.6 10.1 0
3860 8.8 10.1 0
3861 9 10.1 0
3862 9.2 10.1 0
3863 9.4 10.1 0
3864 9.6 10.1 0
3865 9.8 10.1 0
3866 10 10.1 0
3867 10.2 10.1 0
3868 10.4 10.1 0
3869 10.6 10.1 0
3870 10.8 10.1 0
3871 11 10.1 0
3872 11.2 10.1 0
3873 11.4 10.1 0
3874 11.6 10.1 0
3875 11.8 10.1 0
3876 12 10.1 0
3877 0 10.3 0
3878 0.1 10.3 0
3879 0.2 10.3 0
3880 0.3 10.3 0
3881 0.4 10.3 0
3882 0.5 10.3 0
3883 0.6 10.3 0
3884 0.7 10.3 0
3885 0.8 10.3 0
3886 0.9 10.3 0
3887 1 10.3 0
3888 1.1 10.3 0
3889 1.2 10.3 0
3890 1.3 10.3 0
3891 1.4 10.3 0
3892 1.5 10.3 0
3893 1.6 10.3 0
3894 1.7 10.3 0
3895 1.8 10.3 0
3896 1.9 10.3 0
3897 2 10.3 0
3898 2.1 10.3 0
3899 2.2 10.3 0
3900 2.3 10.3 0
3901 2.4 10.3 0
3902 2.5 10.3 0
3903 2.6 10.3 0
3904 2.7 10.3 0
3905 2.8 10.3 0
3906 2.9 10.3 0
3907 3 10.3 0
3908 3.2 10.3 0
3909 3.4 10.3 0
3910 3.6 10.3 0
3911 3.8 10.3 0
3912 4 10.3 0
3913 4.2 10.3 0
3914 4.4 10.3 0
3915 4.6 10.3 0
3916 4.8 10.3 0
3917 5 10.3 0
3918 5.2 10.3 0
3919 5.4 10.3 0
3920 5.6 10.3 0
3921 5.8 10.3 0
3922 6 10.3 0
3923 6.2 10.3 0
3924 6.4 10.3 0
3925 6.6 10.3 0
3926 6.8 10.3 0
3927 7 10.3 0
3928 7.2 10.3 0
3929 7.4 10.3 0
3930 7.6 10.3 0
3931 7.8 10.3 0
3932 8 10.3 0
3933 8.2 10.3 0
3934 8.4 10.3 0
3935 8.6 10.3 0
3936 8.8 10.3 0
3937 9 10.3 0
3938 9.2 10.3 0
3939 9.4 10.3 0
3940 9.6 10.3 0
3941 9.8 10.3 0
3942 10 10.3 0
3943 10.2 10.3 0
3944 10.4 10.3 0
3945 10.6 10.3 0
3946 10.8 10.3 0
3947 11 10.3 0
3948 11.2 10.3 0
3949 11.4 10.3 0
3950 11.6 10.3 0
3951 11.8 10.3 0
3952 12 10.3 0
3953 0 10.5 0
3954 0.1 10.5 0
3955 0.2 10.5 0
3956 0.3 10.5 0
3957 0.4 10.5 0
3958 0.5 10.5 0
3959 0.6 10.5 0
3960 0.7 10.5 0
3961 0.8 10.5 0
3962 0.9 10.5 0
3963 1 10.5 0
3964 1.1 10.5 0
3965 1.2 10.5 0
3966 1.3 10.5 0
3967 1.4 10.5 0
3968 1.5 10.5 0
3969 1.6 10.5 0
3970 1.7 10.5 0
3971 1.8 10.5 0
3972 1.9 10.5 0
3973 2 10.5 0
3974 2.1 10.5 0
3975 2.2 10.5 0
3976 2.3 10.5 0
3977 2.4 10.5 0
3978 2.5 10.5 0
3979 2.6 10.5 0
3980 2.7 10.5 0
3981 2.8 10.5 0
3982 2.9 10.5 0
3983 3 10.5 0
3984 3.2 10.5 0
3985 3.4 10.5 0
3986 3.6 10.5 0
3987 3.8 10.5 0
3988 4 10.5 0
3989 4.2 10.5 0
3990 4.4 10.5 0
3991 4.6 10.5 0
3992 4.8 10.5 0
3993 5 10.5 0
3994 5.2 10.5 0
3995 5.4 10.5 0
3996 5.6 10.5 0
3997 5.8 10.5 0
3998 6 10.5 0
3999 6.2 10.5 0
4000 6.4 10.5 0
4001 6.6 10.5 0
4002 6.8 10.5 0
4003 7 10.5 0
4004 7.2 10.5 0
4005 7.4 10.5 0
4006 7.6 10.5 0
4007 7.8 10.5 0
4008 8 10.5 0
4009 8.2 10.5 0
4010 8.4 10.5 0
4011 8.6 10.5 0
4012 8.8 10.5 0
4013 9 10.5 0
4014 9.2 10.5 0
4015 9.4 10.5 0
4016 9.6 10.5 0
4017 9.8 10.5 0
4018 10 10.5 0
4019 10.2 10.5 0
4020 10.4 10.5 0
4021 10.6 10.5 0
4022 10.8 10.5 0
4023 11 10.5 0
4024 11.2 10.5 0
4025 11.4 10.5 0
4026 11.6 10.5 0
4027 11.8 10.5 0
4028 12 10.5 0
4029 0 10.7 0
4030 0.1 10.7 0
4031 0.2 10.7 0
4032 0.3 10.7 0
4033 0.4 10.7 0
4034 0.5 10.7 0
4035 0.6 10.7 0
4036 0.7 10.7 0
4037 0.8 10.7 0
4038 0.9 10.7 0
4039 1 10.7 0
4040 1.1 10.7 0
4041 1.2 10.7 0
4042 1.3 10.7 0
4043 1.4 10.7 0
4044 1.5 10.7 0
4045 1.6 10.7 0
4046 1.7 10.7 0
4047 1.8 10.7 0
4048 1.9 10.7 0
4049 2 10.7 0
4050 2.1 10.7 0
4051 2.2 10.7 0
4052 2.3 10.7 0
4053 2.4 10.7 0
4054 2.5 10.7 0
4055 2.6 10.7 0
4056 2.7 10.7 0
4057 2.8 10.7 0
4058 2.9 10.7 0
4059 3 10.7 0
4060 3.2 10.7 0
4061 3.4 10.7 0
4062 3.6 10.7 0
4063 3.8 10.7 0
4064 4 10.7 0
4065 4.2 10.7 0
4066 4.4 10.7 0
4067 4.6 10.7 0
4068 4.8 10.7 0
4069 5 10.7 0
4070 5.2 10.7 0
4071 5.4 10.7 0
4072 5.6 10.7 0
4073 5.8 10.7 0
4074 6 10.7 0
4075 6.2 10.7 0
4076 6.4 10.7 0
4077 6.6 10.7 0
4078 6.8 10.7 0
4079 7 10.7 0
4080 7.2 10.7 0
4081 7.4 10.7 0
4082 7.6 10.7 0
4083 7.8 10.7 0
4084 8 10.7 0
4085 8.2 10.7 0
4086 8.4 10.7 0
4087 8.6 10.7 0
4088 8.8 10.7 0
4089 9 10.7 0
4090 9.2 10.7 0
4091 9.4 10.7 0
4092 9.6 10.7 0
4093 9.8 10.7 0
4094 10 10.7 0
4095 10.2 10.7 0
4096 10.4 10.7 0
4097 10.6 10.7 0
4098 10.8 10.7 0
4099 11 10.7 0
4100 11.2 10.7 0
4101 11.4 10.7 0
4102 11.6 10.7 0
4103 11.8 10.7 0
4104 12 10.7 0
4105 0 10.9 0
4106 0.1 10.9 0
4107 0.2 10.9 0
4108 0.3 10.9 0
4109 0.4 10.9 0
4110 0.5 10.9 0
4111 0.6 10.9 0
4112 0.7 10.9 0
4113 0.8 10.9 0
4114 0.9 10.9 0
4115 1 10.9 0
4116 1.1 10.9 0
4117 1.2 10.9 0
4118 1.3 10.9 0
4119 1.4 10.9 0
4120 1.5 10.9 0
4121 1.6 10.9 0
4122 1.7 10.9 0
4123 1.8 10.9 0
4124 1.9 10.9 0
4125 2 10.9 0
4126 2.1 10.9 0
4127 2.2 10.9 0
4128 2.3 10.9 0
4129 2.4 10.9 0
4130 2.5 10.9 0
4131 2.6 10.9 0
4132 2.7 10.9 0
4133 2.8 10.9 0
4134 2.9 10.9 0
4135 3 10.9 0
4136 3.2 10.9 0
4137 3.4 10.9 0
4138 3.6 10.9 0
4139 3.8 10.9 0
4140 4 10.9 0
4141 4.2 10.9 0
4142 4.4 10.9 0
4143 4.6 10.9 0
4144 4.8 10.9 0
4145 5 10.9 0
4146 5.2 10.9 0
4147 5.4 10.9 0
4148 5.6 10.9 0
4149 5.8 10.9 0
4150 6 10.9 0
4151 6.2 10.9 0
4152 6.4 10.9 0
4153 6.6 10.9 0
4154 6.8 10.9 0
4155 7 10.9 0
4156 7.2 10.9 0
4157 7.4 10.9 0
4158 7.6 10.9 0
4159 7.8 10.9 0
4160 8 10.9 0
4161 8.2 10.9 0
4162 8.4 10.9 0
4163 8.6 10.9 0
4164 8.8 10.9 0
4165 9 10.9 0
4166 9.2 10.9 0
4167 9.4 10.9 0
4168 9.6 10.9 0
4169 9.8 10.9 0
4170 10 10.9 0
4171 10.2 10.9 0
4172 10.4 10.9 0
4173 10.6 10.9 0
4174 10.8 10.9 0
4175 11 10.9 0
4176 11.2 10.9 0
4177 11.4 10.9 0
4178 11.6 10.9 0
4179 11.8 10.9 0
4180 12 10.9 0
4181 0 11.1 0
4182 0.1 11.1 0
4183 0.2 11.1 0
4184 0.3 11.1 0
4185 0.4 11.1 0
4186 0.5 11.1 0
4187 0.6 11.1 0
4188 0.7 11.1 0
4189 0.8 11.1 0
4190 0.9 11.1 0
4191 1 11.1 0
4192 1.1 11.1 0
4193 1.2 11.1 0
4194 1.3 11.1 0
4195 1.4 11.1 0
4196 1.5 11.1 0
4197 1.6 11.1 0
4198 1.7 11.1 0
4199 1.8 11.1 0
4200 1.9 11.1 0
4201 2 11.1 0
4202 2.1 11.1 0
4203 2.2 11.1 0
4204 2.3 11.1 0
4205 2.4 11.1 0
4206 2.5 11.1 0
4207 2.6 11.1 0
4208 2.7 11.1 0
4209 2.8 11.1 0
4210 2.9 11.1 0
4211 3 11.1 0
4212 3.2 11.1 0
4213 3.4 11.1 0
4214 3.6 11.1 0
4215 3.8 11.1 0
4216 4 11.1 0
4217 4.2 11.1 0
4218 4.4 11.1 0
4219 4.6 11.1 0
4220 4.8 11.1 0
4221 5 11.1 0
4222 5.2 11.1 0
4223 5.4 11.1 0
4224 5.6 11.1 0
4225 5.8 11.1 0
4226 6 11.1 0
4227 6.2 11.1 0
4228 6.4 11.1 0
4229 6.6 11.1 0
4230 6.8 11.1 0
4231 7 11.1 0
4232 7.2 11.1 0
4233 7.4 11.1 0
4234 7.6 11.1 0
4235 7.8 11.1 0
4236 8 11.1 0
4237 8.2 11.1 0
4238 8.4 11.1 0
4239 8.6 11.1 0
4240 8.8 11.1 0
4241 9 11.1 0
4242 9.2 11.1 0
4243 9.4 11.1 0
4244 9.6 11.1 0
4245 9.8 11.1 0
4246 10 11.1 0
4247 10.2 11.1 0
4248 10.4 11.1 0
4249 10.6 11.1 0
4250 10.8 11.1 0
4251 11 11.1 0
4252 11.2 11.1 0
4253 11.4 11.1 0
4254 11.6 11.1 0
4255 11.8 11.1 0
4256 12 11.1 0
4257 0 11.3 0
4258 0.1 11.3 0
4259 0.2 11.3 0
4260 0.3 11.3 0
4261 0.4 11.3 0
4262 0.5 11.3 0
4263 0.6 11.3 0
4264 0.7 11.3 0
4265 0.8 11.3 0
4266 0.9 11.3 0
4267 1 11.3 0
4268 1.1 11.3 0
4269 1.2 11.3 0
4270 1.3 11.3 0
4271 1.4 11.3 0
4272 1.5 11.3 0
4273 1.6 11.3 0
4274 1.7 11.3 0
4275 1.8 11.3 0
4276 1.9 11.3 0
4277 2 11.3 0
4278 2.1 11.3 0
4279 2.2 11.3 0
4280 2.3 11.3 0
4281 2.4 11.3 0
4282 2.5 11.3 0
4283 2.6 11.3 0
4284 2.7 11.3 0
4285 2.8 11.3 0
4286 2.9 11.3 0
4287 3 11.3 0
4288 3.2 11.3 0
4289 3.4 11.3 0
4290 3.6 11.3 0
4291 3.8 11.3 0
4292 4 11.3 0
4293 4.2 11.3 0
4294 4.4 11.3 0
4295 4.6 11.3 0
4296 4.8 11.3 0
4297 5 11.3 0
4298 5.2 11.3 0
4299 5.4 11.3 0
4300 5.6 11.3 0
4301 5.8 11.3 0
4302 6 11.3 0
4303 6.2 11.3 0
4304 6.4 11.3 0
4305 6.6 11.3 0
4306 6.8 11.3 0
4307 7 11.3 0
4308 7.2 11.3 0
4309 7.4 11.3 0
4310 7.6 11.3 0
4311 7.8 11.3 0
4312 8 11.3 0
4313 8.2 11.3 0
4314 8.4 11.3 0
4315 8.6 11.3 0
4316 8.8 11.3 0
4317 9 11.3 0
4318 9.2 11.3 0
4319 9.4 11.3 0
4320 9.6 11.3 0
4321 9.8 11.3 0
4322 10 11.3 0
4323 10.2 11.3 0
4324 10.4 11.3 0
4325 10.6 11.3 0
4326 10.8 11.3 0
4327 11 11.3 0
4328 11.2 11.3 0
4329 11.4 11.3 0
4330 11.6 11.3 0
4331 11.8 11.3 0
4332 12 11.3 0
4333 0 11.5 0
4334 0.1 11.5 0
4335 0.2 11.5 0
4336 0.3 11.5 0
4337 0.4 11.5 0
4338 0.5 11.5 0
4339 0.6 11.5 0
4340 0.7 11.5 0
4341 0.8 11.5 0
4342 0.9 11.5 0
4343 1 11.5 0
4344 1.1 11.5 0
4345 1.2 11.5 0
4346 1.3 11.5 0
4347 1.4 11.5 0
4348 1.5 11.5 0
4349 1.6 11.5 0
4350 1.7 11.5 0
4351 1.8 11.5 0
4352 1.9 11.5 0
4353 2 11.5 0
4354 2.1 11.5 0
4355 2.2 11.5 0
4356 2.3 11.5 0
4357 2.4 11.5 0
4358 2.5 11.5 0
4359 2.6 11.5 0
4360 2.7 11.5 0
4361 2.8 11.5 0
4362 2.9 11.5 0
4363 3 11.5 0
4364 3.2 11.5 0
4365 3.4 11.5 0
4366 3.6 11.5 0
4367 3.8 11.5 0
4368 4 11.5 0
4369 4.2 11.5 0
4370 4.4 11.5 0
4371 4.6 11.5 0
4372 4.8 11.5 0
4373 5 11.5 0
4374 5.2 11.5 0
4375 5.4 11.5 0
4376 5.6 11.5 0
4377 5.8 11.5 0
4378 6 11.5 0
4379 6.2 11.5 0
4380 6.4 11.5 0
4381 6.6 11.5 0
4382 6.8 11.5 0
4383 7 11.5 0
4384 7.2 11.5 0
4385 7.4 11.5 0
4386 7.6 11.5 0
4387 7.8 11.5 0
4388 8 11.5 0
4389 8.2 11.5 0
4390 8.4 11.5 0
4391 8.6 11.5 0
4392 8.8 11.5 0
4393 9 11.5 0
4394 9.2 11.5 0
4395 9.4 11.5 0
4396 9.6 11.5 0
4397 9.8 11.5 0
4398 10 11.5 0
4399 10.2 11.5 0
4400 10.4 11.5 0
4401 10.6 11.5 0
4402 10.8 11.5 0
4403 11 11.5 0
4404 11.2 11.5 0
4405 11.4 11.5 0
4406 11.6 11.5 0
4407 11.8 11.5 0
4408 12 11.5 0
4409 0 11.7 0
4410 0.1 11.7 0
4411 0.2 11.7 0
4412 0.3 11.7 0
4413 0.4 11.7 0
4414 0.5 11.7 0
4415 0.6 11.7 0
4416 0.7 11.7 0
4417 0.8 11.7 0
4418 0.9 11.7 0
4419 1 11.7 0
4420 1.1 11.7 0
4421 1.2 11.7 0
4422 1.3 11.7 0
4423 1.4 11.7 0
4424 1.5 11.7 0
4425 1.6 11.7 0
4426 1.7 11.7 0
4427 1.8 11.7 0
4428 1.9 11.7 0
4429 2 11.7 0
4430 2.1 11.7 0
4431 2.2 11.7 0
4432 2.3 11.7 0
4433 2.4 11.7 0
4434 2.5 11.7 0
4435 2.6 11.7 0
4436 2.7 11.7 0
4437 2.8 11.7 0
4438 2.9 11.7 0
4439 3 11.7 0
4440 3.2 11.7 0
4441 3.4 11.7 0
4442 3.6 11.7 0
4443 3.8 11.7 0
4444 4 11.7 0
4445 4.2 11.7 0
4446 4.4 11.7 0
4447 4.6 11.7 0
4448 4.8 11.7 0
4449 5 11.7 0
4450 5.2 11.7 0
4451 5.4 11.7 0
4452 5.6 11.7 0
4453 5.8 11.7 0
4454 6 11.7 0
4455 6.2 11.7 0
4456 6.4 11.7 0
4457 6.6 11.7 0
4458 6.8 11.7 0
4459 7 11.7 0
4460 7.2 11.7 0
4461 7.4 11.7 0
4462 7.6 11.7 0
4463 7.8 11.7 0
4464 8 11.7 0
4465 8.2 11.7 0
4466 8.4 11.7 0
4467 8.6 11.7 0
4468 8.8 11.7 0
4469 9 11.7 0
4470 9.2 11.7 0
4471 9.4 11.7 0
4472 9.6 11.7 0
4473 9.8 11.7 0
4474 10 11.7 0
4475 10.2 11.7 0
4476 10.4 11.7 0
4477 10.6 11.7 0
4478 10.8 11.7 0
4479 11 11.7 0
4480 11.2 11.7 0
4481 11.4 11.7 0
4482 11.6 11.7 0
4483 11.8 11.7 0
4484 12 11.7 0
4485 0 11.9 0
4486 0.1 11.9 0
4487 0.2 11.9 0
4488 0.3 11.9 0
4489 0.4 11.9 0
4490 0.5 11.9 0
4491 0.6 11.9 0
4492 0.7 11.9 0
4493 0.8 11.9 0
4494 0.9 11.9 0
4495 1 11.9 0
4496 1.1 11.9 0
4497 1.2 11.9 0
4498 1.3 11.9 0
4499 1.4 11.9 0
4500 1.5 11.9 0
4501 1.6 11.9 0
4502 1.7 11.9 0
4503 1.8 11.9 0
4504 1.9 11.9 0
4505 2 11.9 0
4506 2.1 11.9 0
4507 2.2 11.9 0
4508 2.3 11.9 0
4509 2.4 11.9 0
4510 2.5 11.9 0
4511 2.6 11.9 0
4512 2.7 11.9 0
4513 2.8 11.9 0
4514 2.9 11.9 0
4515 3 11.9 0
4516 3.2 11.9 0
4517 3.4 11.9 0
4518 3.6 11.9 0
4519 3.8 11.9 0
4520 4 11.9 0
4521 4.2 11.9 0
4522 4.4 11.9 0
4523 4.6 11.9 0
4524 4.8 11.9 0
4525 5 11.9 0
4526 5.2 11.9 0
4527 5.4 11.9 0
4528 5.6 11.9 0
4529 5.8 11.9 0
4530 6 11.9 0
4531 6.2 11.9 0
4532 6.4 11.9 0
4533 6.6 11.9 0
4534 6.8 11.9 0
4535 7 11.9 0
4536 7.2 11.9 0
4537 7.4 11.9 0
4538 7.6 11.9 0
4539 7.8 11.9 0
4540 8 11.9 0
4541 8.2 11.9 0
4542 8.4 11.9 0
4543 8.6 11.9 0
4544 8.8 11.9 0
4545 9 11.9 0
4546 9.2 11.9 0
4547 9.4 11.9 0
4548 9.6 11.9 0
4549 9.8 11.9 0
4550 10 11.9 0
4551 10.2 11.9 0
4552 10.4 11.9 0
4553 10.6 11.9 0
4554 10.8 11.9 0
4555 11 11.9 0
4556 11.2 11.9 0
4557 11.4 11.9 0
4558 11.6 11.9 0
4559 11.8 11.9 0
4560 12 11.9 0
4561 0 12.1 0
4562 0.1 12.1 0
4563 0.2 12.1 0
4564 0.3 12.1 0
4565 0.4 12.1 0
4566 0.5 12.1 0
4567 0.6 12.1 0
4568 0.7 12.1 0
4569 0.8 12.1 0
4570 0.9 12.1 0
4571 1 12.1 0
4572 1.1 12.1 0
4573 1.2 12.1 0
4574 1.3 12.1 0
4575 1.4 12.1 0
4576 1.5 12.1 0
4577 1.6 12.1 0
4578 1.7 12.1 0
4579 1.8 12.1 0
4580 1.9 12.1 0
4581 2 12.1 0
4582 2.1 12.1 0
4583 2.2 12.1 0
4584 2.3 12.1 0
4585 2.4 12.1 0
4586 2.5 12.1 0
4587 2.6 12.1 0
4588 2.7 12.1 0
4589 2.8 12.1 0
4590 2.9 12.1 0
4591 3 12.1 0
4592 3.2 12.1 0
4593 3.4 12.1 0
4594 3.6 12.1 0
4595 3.8 12.1 0
4596 4 12.1 0
4597 4.2 12.1 0
4598 4.4 12.1 0
4599 4.6 12.1 0
4600 4.8 12.1 0
4601 5 12.1 0
4602 5.2 12.1 0
4603 5.4 12.1 0
4604 5.6 12.1 0
4605 5.8 12.1 0
4606 6 12.1 0
4607 6.2 12.1 0
4608 6.4 12.1 0
4609 6.6 12.1 0
4610 6.8 12.1 0
4611 7 12.1 0
4612 7.2 12.1 0
4613 7.4 12.1 0
4614 7.6 12.1 0
4615 7.8 12.1 0
4616 8 12.1 0
4617 8.2 12.1 0
4618 8.4 12.1 0
4619 8.6 12.1 0
4620 8.8 12.1 0
4621 9 12.1 0
4622 9.2 12.1 0
4623 9.4 12.1 0
4624 9.6 12.1 0
4625 9.8 12.1 0
4626 10 12.1 0
4627 10.2 12.1 0
4628 10.4 12.1 0
4629 10.6 12.1 0
4630 10.8 12.1 0
4631 11 12.1 0
4632 11.2 12.1 0
4633 11.4 12.1 0
4634 11.6 12.1 0
4635 11.8 12.1 0
4636 12 12.1 0
4637 0 12.3 0
4638 0.1 12.3 0
4639 0.2 12.3 0
4640 0.3 12.3 0
4641 0.4 12.3 0
4642 0.5 12.3 0
4643 0.6 12.3 0
4644 0.7 12.3 0
4645 0.8 12.3 0
4646 0.9 12.3 0
4647 1 12.3 0
4648 1.1 12.3 0
4649 1.2 12.3 0
4650 1.3 12.3 0
4651 1.4 12.3 0
4652 1.5 12.3 0
4653 1.6 12.3 0
4654 1.7 12.3 0
4655 1.8 12.3 0
4656 1.9 12.3 0
4657 2 12.3 0
4658 2.1 12.3 0
4659 2.2 12.3 0
4660 2.3 12.3 0
4661 2.4 12.3 0
4662 2.5 12.3 0
4663 2.6 12.3 0
4664 2.7 12.3 0
4665 2.8 12.3 0
4666 2.9 12.3 0
4667 3 12.3 0
4668 3.2 12.3 0
4669 3.4 12.3 0
4670 3.6 12.3 0
4671 3.8 12.3 0
4672 4 12.3 0
4673 4.2 12.3 0
4674 4.4 12.3 0
4675 4.6 12.3 0
4676 4.8 12.3 0
4677 5 12.3 0
4678 5.2 12.3 0
4679 5.4 12.3 0
4680 5.6 12.3 0
4681 5.8 12.3 0
4682 6 12.3 0
4683 6.2 12.3 0
4684 6.4 12.3 0
4685 6.6 12.3 0
4686 6.8 12.3 0
4687 7 12.3 0
4688 7.2 12.3 0
4689 7.4 12.3 0
4690 7.6 12.3 0
4691 7.8 12.3 0
4692 8 12.3 0
4693 8.2 12.3 0
4694 8.4 12.3 0
4695 8.6 12.3 0
4696 8.8 12.3 0
4697 9 12.3 0
4698 9.2 12.3 0
4699 9.4 12.3 0
4700 9.6 12.3 0
4701 9.8 12.3 0
4702 10 12.3 0
4703 10.2 12.3 0
4704 10.4 12.3 0
4705 10.6 12.3 0
4706 10.8 12.3 0
4707 11 12.3 0
4708 11.2 12.3 0
4709 11.4 12.3 0
4710 11.6 12.3 0
4711 11.8 12.3 0
4712 12 12.3 0
4713 0 12.5 0
4714 0.1 12.5 0
4715 0.2 12.5 0
4716 0.3 12.5 0
4717 0.4 12.5 0
4718 0.5 12.5 0
4719 0.6 12.5 0
4720 0.7 12.5 0
4721 0.8 12.5 0
4722 0.9 12.5 0
4723 1 12.5 0
4724 1.1 12.5 0
4725 1.2 12.5 0
4726 1.3 12.5 0
4727 1.4 12.5 0
4728 1.5 12.5 0
4729 1.6 12.5 0
4730 1.7 12.5 0
4731 1.8 12.5 0
4732 1.9 12.5 0
4733 2 12.5 0
4734 2.1 12.5 0
4735 2.2 12.5 0
4736 2.3 12.5 0
4737 2.4 12.5 0
4738 2.5 12.5 0
4739 2.6 12.5 0
4740 2.7 12.5 0
4741 2.8 12.5 0
4742 2.9 12.5 0
4743 3 12.5 0
4744 3.2 12.5 0
4745 3.4 12.5 0
4746 3.6 12.5 0
4747 3.8 12.5 0
4748 4 12.5 0
4749 4.2 12.5 0
4750 4.4 12.5 0
4751 4.6 12.5 0
4752 4.8 12.5 0
4753 5 12.5 0
4754 5.2 12.5 0
4755 5.4 12.5 0
4756 5.6 12.5 0
4757 5.8 12.5 0
4758 6 12.5 0
4759 6.2 12.5 0
4760 6.4 12.5 0
4761 6.6 12.5 0
4762 6.8 12.5 0
4763 7 12.5 0
4764 7.2 12.5 0
4765 7.4 12.5 0
4766 7.6 12.5 0
4767 7.8 12.5 0
4768 8 12.5 0
4769 8.2 12.5 0
4770 8.4 12.5 0
4771 8.6 12.5 0
4772 8.8 12.5 0
4773 9 12.5 0
4774 9.2 12.5 0
4775 9.4 12.5 0
4776 9.6 12.5 0
4777 9.8 12.5 0
4778 10 12.5 0
4779 10.2 12.5 0
4780 10.4 12.5 0
4781 10.6 12.5 0
4782 10.8 12.5 0
4783 11 12.5 0
4784 11.2 12.5 0
4785 11.4 12.5 0
4786 11.6 12.5 0
4787 11.8 12.5 0
4788 12 12.5 0
4789 0 12.7 0
4790 0.1 12.7 0
4791 0.2 12.7 0
4792 0.3 12.7 0
4793 0.4 12.7 0
4794 0.5 12.7 0
4795 0.6 12.7 0
4796 0.7 12.7 0
4797 0.8 12.7 0
4798 0.9 12.7 0
4799 1 12.7 0
4800 1.1 12.7 0
4801 1.2 12.7 0
4802 1.3 12.7 0
4803 1.4 12.7 0
4804 1.5 12.7 0
4805 1.6 12.7 0
4806 1.7 12.7 0
4807 1.8 12.7 0
4808 1.9 12.7 0
4809 2 12.7 0
4810 2.1 12.7 0
4811 2.2 12.7 0
4812 2.3 12.7 0
4813 2.4 12.7 0
4814 2.5 12.7 0
4815 2.6 12.7 0
4816 2.7 12.7 0
4817 2.8 12.7 0
4818 2.9 12.7 0
4819 3 12.7 0
4820 3.2 12.7 0
4821 3.4 12.7 0
4822 3.6 12.7 0
4823 3.8 12.7 0
4824 4 12.7 0
4825 4.2 12.7 0
4826 4.4 12.7 0
4827 4.6 12.7 0
4828 4.8 12.7 0
4829 5 12.7 0
4830 5.2 12.7 0
4831 5.4 12.7 0
4832 5.6 12.7 0
4833 5.8 12.7 0
4834 6 12.7 0
4835 6.2 12.7 0
4836 6.4 12.7 0
4837 6.6 12.7 0
4838 6.8 12.7 0
4839 7 12.7 0
4840 7.2 12.7 0
4841 7.4 12.7 0
4842 7.6 12.7 0
4843 7.8 12.7 0
4844 8 12.7 0
4845 8.2 12.7 0
4846 8.4 12.7 0
4847 8.6 12.7 0
4848 8.8 12.7 0
4849 9 12.7 0
4850 9.2 12.7 0
4851 9.4 12.7 0
4852 9.6 12.7 0
4853 9.8 12.7 0
4854 10 12.7 0
4855 10.2 12.7 0
4856 10.4 12.7 0
4857 10.6 12.7 0
4858 10.8 12.7 0
4859 11 12.7 0
4860 11.2 12.7 0
4861 11.4 12.7 0
4862 11.6 12.7 0
4863 11.8 12.7 0
4864 12 12.7 0
4865 0 12.9 0
4866 0.1 12.9 0
4867 0.2 12.9 0
4868 0.3 12.9 0
4869 0.4 12.9 0
4870 0.5 12.9 0
4871 0.6 12.9 0
4872 0.7 12.9 0
4873 0.8 12.9 0
4874 0.9 12.9 0
4875 1 12.9 0
4876 1.1 12.9 0
4877 1.2 12.9 0
4878 1.3 12.9 0
4879 1.4 12.9 0
4880 1.5 12.9 0
4881 1.6 12.9 0
4882 1.7 12.9 0
4883 1.8 12.9 0
4884 1.9 12.9 0
4885 2 12.9 0
4886 2.1 12.9 0
4887 2.2 12.9 0
4888 2.3 12.9 0
4889 2.4 12.9 0
4890 2.5 12.9 0
4891 2.6 12.9 0
4892 2.7 12.9 0
4893 2.8 12.9 0
4894 2.9 12.9 0
4895 3 12.9 0
4896 3.2 12.9 0
4897 3.4 12.9 0
4898 3.6 12.9 0
4899 3.8 12.9 0
4900 4 12.9 0
4901 4.2 12.9 0
4902 4.4 12.9 0
4903 4.6 12.9 0
4904 4.8 12.9 0
4905 5 12.9 0
4906 5.2 12.9 0
4907 5.4 12.9 0
4908 5.6 12.9 0
4909 5.8 12.9 0
4910 6 12.9 0
4911 6.2 12.9 0
4912 6.4 12.9 0
4913 6.6 12.9 0
4914 6.8 12.9 0
4915 7 12.9 0
4916 7.2 12.9 0
4917 7.4 12.9 0
4918 7.6 12.9 0
4919 7.8 12.9 0
4920 8 12.9 0
4921 8.2 12.9 0
4922 8.4 12.9 0
4923 8.6 12.9 0
4924 8.8 12.9 0
4925 9 12.9 0
4926 9.2 12.9 0
4927 9.4 12.9 0
4928 9.6 12.9 0
4929 9.8 12.9 0
4930 10 12.9 0
4931 10.2 12.9 0
4932 10.4 12.9 0
4933 10.6 12.9 0
4934 10.8 12.9 0
4935 11 12.9 0
4936 11.2 12.9 0
4937 11.4 12.9 0
4938 11.6 12.9 0
4939 11.8 12.9 0
4940 12 12.9 0
4941 0 13.1 0
4942 0.1 13.1 0
4943 0.2 13.1 0
4944 0.3 13.1 0
4945 0.4 13.1 0
4946 0.5 13.1 0
4947 0.6 13.1 0
4948 0.7 13.1 0
4949 0.8 13.1 0
4950 0.9 13.1 0
4951 1 13.1 0
4952 1.1 13.1 0
4953 1.2 13.1 0
4954 1.3 13.1 0
4955 1.4 13.1 0
4956 1.5 13.1 0
4957 1.6 13.1 0
4958 1.7 13.1 0
4959 1.8 13.1 0
4960 1.9 13.1 0
4961 2 13.1 0
4962 2.1 13.1 0
4963 2.2 13.1 0
4964 2.3 13.1 0
4965 2.4 13.1 0
4966 2.5 13.1 0
4967 2.6 13.1 0
4968 2.7 13.1 0
4969 2.8 13.1 0
4970 2.9 13.1 0
4971 3 13.1 0
4972 3.2 13.1 0
4973 3.4 13.1 0
4974 3.6 13.1 0
4975 3.8 13.1 0
4976 4 13.1 0
4977 4.2 13.1 0
4978 4.4 13.1 0
4979 4.6 13.1 0
4980 4.8 13.1 0
4981 5 13.1 0
4982 5.2 13.1 0
4983 5.4 13.1 0
4984 5.6 13.1 0
4985 5.8 13.1 0
4986 6 13.1 0
4987 6.2 13.1 0
4988 6.4 13.1 0
4989 6.6 13.1 0
4990 6.8 13.1 0
4991 7 13.1 0
4992 7.2 13.1 0
4993 7.4 13.1 0
4994 7.6 13.1 0
4995 7.8 13.1 0
4996 8 13.1 0
4997 8.2 13.1 0
4998 8.4 13.1 0
4999 8.6 13.1 0
5000 8.8 13.1 0
5001 9 13.1 0
5002 9.2 13.1 0
5003 9.4 13.1 0
5004 9.6 13.1 0
5005 9.8 13.1 0
5006 10 13.1 0
5007 10.2 13.1 0
5008 10.4 13.1 0
5009 10.6 13.1 0
5010 10.8 13.1 0
5011 11 13.1 0
5012 11.2 13.1 0
5013 11.4 13.1 0
5014 11.6 13.1 0
5015 11.8 13.1 0
5016 12 13.1 0
5017 0 13.3 0
5018 0.1 13.3 0
5019 0.2 13.3 0
5020 0.3 13.3 0
5021 0.4 13.3 0
5022 0.5 13.3 0
5023 0.6 13.3 0
5024 0.7 13.3 0
5025 0.8 13.3 0
5026 0.9 13.3 0
5027 1 13.3 0
5028 1.1 13.3 0
5029 1.2 13.3 0
5030 1.3 13.3 0
5031 1.4 13.3 0
5032 1.5 13.3 0
5033 1.6 13.3 0
5034 1.7 13.3 0
5035 1.8 13.3 0
5036 1.9 13.3 0
5037 2 13.3 0
5038 2.1 13.3 0
5039 2.2 13.3 0
5040 2.3 13.3 0
5041 2.4 13.3 0
5042 2.5 13.3 0
5043 2.6 13.3 0
5044 2.7 13.3 0
5045 2.8 13.3 0
5046 2.9 13.3 0
5047 3 13.3 0
5048 3.2 13.3 0
5049 3.4 13.3 0
5050 3.6 13.3 0
5051 3.8 13.3 0
5052 4 13.3 0
5053 4.2 13.3 0
5054 4.4 13.3 0
5055 4.6 13.3 0
5056 4.8 13.3 0
5057 5 13.3 0
5058 5.2 13.3 0
5059 5.4 13.3 0
5060 5.6 13.3 0
5061 5.8 13.3 0
5062 6 13.3 0
5063 6.2 13.3 0
5064 6.4 13.3 0
5065 6.6 13.3 0
5066 6.8 13.3 0
5067 7 13.3 0
5068 7.2 13.3 0
5069 7.4 13.3 0
5070 7.6 13.3 0
5071 7.8 13.3 0
5072 8 13.3 0
5073 8.2 13.3 0
5074 8.4 13.3 0
5075 8.6 13.3 0
5076 8.8 13.3 0
5077 9 13.3 0
5078 9.2 13.3 0
5079 9.4 13.3 0
5080 9.6 13.3 0
5081 9.8 13.3 0
5082 10 13.3 0
5083 10.2 13.3 0
5084 10.4 13.3 0
5085 10.6 13.3 0
5086 10.8 13.3 0
5087 11 13.3 0
5088 11.2 13.3 0
5089 11.4 13.3 0
5090 11.6 13.3 0
5091 11.8 13.3 0
5092 12 13.3 0
5093 0 13.5 0
5094 0.1 13.5 0
5095 0.2 13.5 0
5096 0.3 13.5 0
5097 0.4 13.5 0
5098 0.5 13.5 0
5099 0.6 13.5 0
5100 0.7 13.5 0
5101 0.8 13.5 0
5102 0.9 13.5 0
5103 1 13.5 0
5104 1.1 13.5 0
5105 1.2 13.5 0
5106 1.3 13.5 0
5107 1.4 13.5 0
5108 1.5 13.5 0
5109 1.6 13.5 0
5110 1.7 13.5 0
5111 1.8 13.5 0
5112 1.9 13.5 0
5113 2 13.5 0
5114 2.1 13.5 0
5115 2.2 13.5 0
5116 2.3 13.5 0
5117 2.4 13.5 0
5118 2.5 13.5 0
5119 2.6 13.5 0
5120 2.7 13.5 0
5121 2.8 13.5 0
5122 2.9 13.5 0
5123 3 13.5 0
5124 3.2 13.5 0
5125 3.4 13.5 0
5126 3.6 13.5 0
5127 3.8 13.5 0
5128 4 13.5 0
5129 4.2 13.5 0
5130 4.4 13.5 0
5131 4.6 13.5 0
5132 4.8 13.5 0
5133 5 13.5 0
5134 5.2 13.5 0
5135 5.4 13.5 0
5136 5.6 13.5 0
5137 5.8 13.5 0
5138 6 13.5 0
5139 6.2 13.5 0
5140 6.4 13.5 0
5141 6.6 13.5 0
5142 6.8 13.5 0
5143 7 13.5 0
5144 7.2 13.5 0
5145 7.4 13.5 0
5146 7.6 13.5 0
5147 7.8 13.5 0
5148 8 13.5 0
5149 8.2 13.5 0
5150 8.4 13.5 0
5151 8.6 13.5 0
5152 8.8 13.5 0
5153 9 13.5 0
5154 9.2 13.5 0
5155 9.4 13.5 0
5156 9.6 13.5 0
5157 9.8 13.5 0
5158 10 13.5 0
5159 10.2 13.5 0
5160 10.4 13.5 0
5161 10.6 13.5 0
5162 10.8 13.5 0
5163 11 13.5 0
5164 11.2 13.5 0
5165 11.4 13.5 0
5166 11.6 13.5 0
5167 11.8 13.5 0
5168 12 13.5 0
5169 0 13.7 0
5170 0.1 13.7 0
5171 0.2 13.7 0
5172 0.3 13.7 0
5173 0.4 13.7 0
5174 0.5 13.7 0
5175 0.6 13.7 0
5176 0.7 13.7 0
5177 0.8 13.7 0
5178 0.9 13.7 0
5179 1 13.7 0
5180 1.1 13.7 0
5181 1.2 13.7 0
5182 1.3 13.7 0
5183 1.4 13.7 0
5184 1.5 13.7 0
5185 1.6 13.7 0
5186 1.7 13.7 0
5187 1.8 13.7 0
5188 1.9 13.7 0
5189 2 13.7 0
5190 2.1 13.7 0
5191 2.2 13.7 0
5192 2.3 13.7 0
5193 2.4 13.7 0
5194 2.5 13.7 0
5195 2.6 13.7 0
5196 2.7 13.7 0
5197 2.8 13.7 0
5198 2.9 13.7 0
5199 3 13.7 0
5200 3.2 13.7 0
5201 3.4 13.7 0
5202 3.6 13.7 0
5203 3.8 13.7 0
5204 4 13.7 0
5205 4.2 13.7 0
5206 4.4 13.7 0
5207 4.6 13.7 0
5208 4.8 13.7 0
5209 5 13.7 0
5210 5.2 13.7 0
5211 5.4 13.7 0
5212 5.6 13.7 0
5213 5.8 13.7 0
5214 6 13.7 0
5215 6.2 13.7 0
5216 6.4 13.7 0
5217 6.6 13.7 0
5218 6.8 13.7 0
5219 7 13.7 0
5220 7.2 13.7 0
5221 7.4 13.7 0
5222 7.6 13.7 0
5223 7.8 13.7 0
5224 8 13.7 0
5225 8.2 13.7 0
5226 8.4 13.7 0
5227 8.6 13.7 0
5228 8.8 13.7 0
5229 9 13.7 0
5230 9.2 13.7 0
5231 9.4 13.7 0
5232 9.6 13.7 0
5233 9.8 13.7 0
5234 10 13.7 0
5235 10.2 13.7 0
5236 10.4 13.7 0
5237 10.6 13.7 0
5238 10.8 13.7 0
5239 11 13.7 0
5240 11.2 13.7 0
5241 11.4 13.7 0
5242 11.6 13.7 0
5243 11.8 13.7 0
5244 12 13.7 0
5245 0 13.9 0
5246 0.1 13.9 0
5247 0.2 13.9 0
5248 0.3 13.9 0
5249 0.4 13.9 0
5250 0.5 13.9 0
5251 0.6 13.9 0
5252 0.7 13.9 0
5253 0.8 13.9 0
5254 0.9 13.9 0
5255 1 13.9 0
5256 1.1 13.9 0
5257 1.2 13.9 0
5258 1.3 13.9 0
5259 1.4 13.9 0
5260 1.5 13.9 0
5261 1.6 13.9 0
5262 1.7 13.9 0
5263 1.8 13.9 0
5264 1.9 13.9 0
5265 2 13.9 0
5266 2.1 13.9 0
5267 2.2 13.9 0
5268 2.3 13.9 0
5269 2.4 13.9 0
5270 2.5 13.9 0
5271 2.6 13.9 0
5272 2.7 13.9 0
5273 2.8 13.9 0
5274 2.9 13.9 0
5275 3 13.9 0
5276 3.2 13.9 0
5277 3.4 13.9 0
5278 3.6 13.9 0
5279 3.8 13.9 0
5280 4 13.9 0
5281 4.2 13.9 0
5282 4.4 13.9 0
5283 4.6 13.9 0
5284 4.8 13.9 0
5285 5 13.9 0
5286 5.2 13.9 0
5287 5.4 13.9 0
5288 5.6 13.9 0
5289 5.8 13.9 0
5290 6 13.9 0
5291 6.2 13.9 0
5292 6.4 13.9 0
5293 6.6 13.9 0
5294 6.8 13.9 0
5295 7 13.9 0
5296 7.2 13.9 0
5297 7.4 13.9 0
5298 7.6 13.9 0
5299 7.8 13.9 0
5300 8 13.9 0
5301 8.2 13.9 0
5302 8.4 13.9 0
5303 8.6 13.9 0
5304 8.8 13.9 0
5305 9 13.9 0
5306 9.2 13.9 0
5307 9.4 13.9 0
5308 9.6 13.9 0
5309 9.8 13.9 0
5310 10 13.9 0
5311 10.2 13.9 0
5312 10.4 13.9 0
5313 10.6 13.9 0
5314 10.8 13.9 0
5315 11 13.9 0
5316 11.2 13.9 0
5317 11.4 13.9 0
5318 11.6 13.9 0
5319 11.8 13.9 0
5320 12 13.9 0
5321 0 14.1 0
5322 0.1 14.1 0
5323 0.2 14.1 0
5324 0.3 14.1 0
5325 0.4 14.1 0
5326 0.5 14.1 0
5327 0.6 14.1 0
5328 0.7 14.1 0
5329 0.8 14.1 0
5330 0.9 14.1 0
5331 1 14.1 0
5332 1.1 14.1 0
5333 1.2 14.1 0
5334 1.3 14.1 0
5335 1.4 14.1 0
5336 1.5 14.1 0
5337 1.6 14.1 0
5338 1.7 14.1 0
5339 1.8 14.1 0
5340 1.9 14.1 0
5341 2 14.1 0
5342 2.1 14.1 0
5343 2.2 14.1 0
5344 2.3 14.1 0
5345 2.4 14.1 0
5346 2.5 14.1 0
5347 2.6 14.1 0
5348 2.7 14.1 0
5349 2.8 14.1 0
5350 2.9 14.1 0
5351 3 14.1 0
5352 3.2 14.1 0
5353 3.4 14.1 0
5354 3.6 14.1 0
5355 3.8 14.1 0
5356 4 14.1 0
5357 4.2 14.1 0
5358 4.4 14.1 0
5359 4.6 14.1 0
5360 4.8 14.1 0
5361 5 14.1 0
5362 5.2 14.1 0
5363 5.4 14.1 0
5364 5.6 14.1 0
5365 5.8 14.1 0
5366 6 14.1 0
5367 6.2 14.1 0
5368 6.4 14.1 0
5369 6.6 14.1 0
5370 6.8 14.1 0
5371 7 14.1 0
5372 7.2 14.1 0
5373 7.4 14.1 0
5374 7.6 14.1 0
5375 7.8 14.1 0
5376 8 14.1 0
5377 8.2 14.1 0
5378 8.4 14.1 0
5379 8.6 14.1 0
5380 8.8 14.1 0
5381 9 14.1 0
5382 9.2 14.1 0
5383 9.4 14.1 0
5384 9.6 14.1 0
5385 9.8 14.1 0
5386 10 14.1 0
5387 10.2 14.1 0
5388 10.4 14.1 0
5389 10.6 14.1 0
5390 10.8 14.1 0
5391 11 14.1 0
5392 11.2 14.1 0
5393 11.4 14.1 0
5394 11.6 14.1 0
5395 11.8 14.1 0
5396 12 14.1 0
5397 0 14.3 0
5398 0.1 14.3 0
5399 0.2 14.3 0
5400 0.3 14.3 0
5401 0.4 14.3 0
5402 0.5 14.3 0
5403 0.6 14.3 0
5404 0.7 14.3 0
5405 0.8 14.3 0
5406 0.9 14.3 0
5407 1 14.3 0
5408 1.1 14.3 0
5409 1.2 14.3 0
5410 1.3 14.3 0
5411 1.4 14.3 0
5412 1.5 14.3 0
5413 1.6 14.3 0
5414 1.7 14.3 0
5415 1.8 14.3 0
5416 1.9 14.3 0
5417 2 14.3 0
5418 2.1 14.3 0
5419 2.2 14.3 0
5420 2.3 14.3 0
5421 2.4 14.3 0
5422 2.5 14.3 0
5423 2.6 14.3 0
5424 2.7 14.3 0
5425 2.8 14.3 0
5426 2.9 14.3 0
5427 3 14.3 0
5428 3.2 14.3 0
5429 3.4 14.3 0
5430 3.6 14.3 0
5431 3.8 14.3 0
5432 4 14.3 0
5433 4.2 14.3 0
5434 4.4 14.3 0
5435 4.6 14.3 0
5436 4.8 14.3 0
5437 5 14.3 0
5438 5.2 14.3 0
5439 5.4 14.3 0
5440 5.6 14.3 0
5441 5.8 14.3 0
5442 6 14.3 0
5443 6.2 14.3 0
5444 6.4 14.3 0
5445 6.6 14.3 0
5446 6.8 14.3 0
5447 7 14.3 0
5448 7.2 14.3 0
5449 7.4 14.3 0
5450 7.6 14.3 0
5451 7.8 14.3 0
5452 8 14.3 0
5453 8.2 14.3 0
5454 8.4 14.3 0
5455 8.6 14.3 0
5456 8.8 14.3 0
5457 9 14.3 0
5458 9.2 14.3 0
5459 9.4 14.3 0
5460 9.6 14.3 0
5461 9.8 14.3 0
5462 10 14.3 0
5463 10.2 14.3 0
5464 10.4 14.3 0
5465 10.6 14.3 0
5466 10.8 14.3 0
5467 11 14.3 0
5468 11.2 14.3 0
5469 11.4 14.3 0
5470 11.6 14.3 0
5471 11.8 14.3 0
5472 12 14.3 0
5473 0 14.5 0
5474 0.1 14.5 0
5475 0.2 14.5 0
5476 0.3 14.5 0
5477 0.4 14.5 0
5478 0.5 14.5 0
5479 0.6 14.5 0
5480 0.7 14.5 0
5481 0.8 14.5 0
5482 0.9 14.5 0
5483 1 14.5 0
5484 1.1 14.5 0
5485 1.2 14.5 0
5486 1.3 14.5 0
5487 1.4 14.5 0
5488 1.5 14.5 0
5489 1.6 14.5 0
5490 1.7 14.5 0
5491 1.8 14.5 0
5492 1.9 14.5 0
5493 2 14.5 0
5494 2.1 14.5 0
5495 2.2 14.5 0
5496 2.3 14.5 0
5497 2.4 14.5 0
5498 2.5 14.5 0
5499 2.6 14.5 0
5500 2.7 14.5 0
5501 2.8 14.5 0
5502 2.9 14.5 0
5503 3 14.5 0
5504 3.2 14.5 0
5505 3.4 14.5 0
5506 3.6 14.5 0
5507 3.8 14.5 0
5508 4 14.5 0
5509 4.2 14.5 0
5510 4.4 14.5 0
5511 4.6 14.5 0
5512 4.8 14.5 0
5513 5 14.5 0
5514 5.2 14.5 0
5515 5.4 14.5 0
5516 5.6 14.5 0
5517 5.8 14.5 0
5518 6 14.5 0
5519 6.2 14.5 0
5520 6.4 14.5 0
5521 6.6 14.5 0
5522 6.8 14.5 0
5523 7 14.5 0
5524 7.2 14.5 0
5525 7.4 14.5 0
5526 7.6 14.5 0
5527 7.8 14.5 0
5528 8 14.5 0
5529 8.2 14.5 0
5530 8.4 14.5 0
5531 8.6 14.5 0
5532 8.8 14.5 0
5533 9 14.5 0
5534 9.2 14.5 0
5535 9.4 14.5 0
5536 9.6 14.5 0
5537 9.8 14.5 0
5538 10 14.5 0
5539 10.2 14.5 0
5540 10.4 14.5 0
5541 10.6 14.5 0
5542 10.8 14.5 0
5543 11 14.5 0
5544 11.2 14.5 0
5545 11.4 14.5 0
5546 11.6 14.5 0
5547 11.8 14.5 0
5548 12 14.5 0
5549 0 14.7 0
5550 0.1 14.7 0
5551 0.2 14.7 0
5552 0.3 14.7 0
5553 0.4 14.7 0
5554 0.5 14.7 0
5555 0.6 14.7 0
5556 0.7 14.7 0
5557 0.8 14.7 0
5558 0.9 14.7 0
5559 1 14.7 0
5560 1.1 14.7 0
5561 1.2 14.7 0
5562 1.3 14.7 0
5563 1.4 14.7 0
5564 1.5 14.7 0
5565 1.6 14.7 0
5566 1.7 14.7 0
5567 1.8 14.7 0
5568 1.9 14.7 0
5569 2 14.7 0
5570 2.1 14.7 0
5571 2.2 14.7 0
5572 2.3 14.7 0
5573 2.4 14.7 0
5574 2.5 14.7 0
5575 2.6 14.7 0
5576 2.7 14.7 0
5577 2.8 14.7 0
5578 2.9 14.7 0
5579 3 14.7 0
5580 3.2 14.7 0
5581 3.4 14.7 0
5582 3.6 14.7 0
5583 3.8 14.7 0
5584 4 14.7 0
5585 4.2 14.7 0
5586 4.4 14.7 0
5587 4.6 14.7 0
5588 4.8 14.7 0
5589 5 14.7 0
5590 5.2 14.7 0
5591 5.4 14.7 0
5592 5.6 14.7 0
5593 5.8 14.7 0
5594 6 14.7 0
5595 6.2 14.7 0
5596 6.4 14.7 0
5597 6.6 14.7 0
5598 6.8 14.7 0
5599 7 14.7 0
5600 7.2 14.7 0
5601 7.4 14.7 0
5602 7.6 14.7 0
5603 7.8 14.7 0
5604 8 14.7 0
5605 8.2 14.7 0
5606 8.4 14.7 0
5607 8.6 14.7 0
5608 8.8 14.7 0
5609 9 14.7 0
5610 9.2 14.7 0
5611 9.4 14.7 0
5612 9.6 14.7 0
5613 9.8 14.7 0
5614 10 14.7 0
5615 10.2 14.7 0
5616 10.4 14.7 0
5617 10.6 14.7 0
5618 10.8 14.7 0
5619 11 14.7 0
5620 11.2 14.7 0
5621 11.4 14.7 0
5622 11.6 14.7 0
5623 11.8 14.7 0
5624 12 14.7 0
5625 0 14.9 0
5626 0.1 14.9 0
5627 0.2 14.9 0
5628 0.3 14.9 0
5629 0.4 14.9 0
5630 0.5 14.9 0
5631 0.6 14.9 0
5632 0.7 14.9 0
5633 0.8 14.9 0
5634 0.9 14.9 0
5635 1 14.9 0
5636 1.1 14.9 0
5637 1.2 14.9 0
5638 1.3 14.9 0
5639 1.4 14.9 0
5640 1.5 14.9 0
5641 1.6 14.9 0
5642 1.7 14.9 0
5643 1.8 14.9 0
5644 1.9 14.9 0
5645 2 14.9 0
5646 2.1 14.9 0
5647 2.2 14.9 0
5648 2.3 14.9 0
5649 2.4 14.9 0
5650 2.5 14.9 0
5651 2.6 14.9 0
5652 2.7 14.9 0
5653 2.8 14.9 0
5654 2.9 14.9 0
5655 3 14.9 0
5656 3.2 14.9 0
5657 3.4 14.9 0
5658 3.6 14.9 0
5659 3.8 14.9 0
5660 4 14.9 0
5661 4.2 14.9 0
5662 4.4 14.9 0
5663 4.6 14.9 0
5664 4.8 14.9 0
5665 5 14.9 0
5666 5.2 14.9 0
5667 5.4 14.9 0
5668 5.6 14.9 0
5669 5.8 14.9 0
5670 6 14.9 0
5671 6.2 14.9 0
5672 6.4 14.9 0
5673 6.6 14.9 0
5674 6.8 14.9 0
5675 7 14.9 0
5676 7.2 14.9 0
5677 7.4 14.9 0
5678 7.6 14.9 0
5679 7.8 14.9 0
5680 8 14.9 0
5681 8.2 14.9 0
5682 8.4 14.9 0
5683 8.6 14.9 0
5684 8.8 14.9 0
5685 9 14.9 0
5686 9.2 14.9 0
5687 9.4 14.9 0
5688 9.6 14.9 0
5689 9.8 14.9 0
5690 10 14.9 0
5691 10.2 14.9 0
5692 10.4 14.9 0
5693 10.6 14.9 0
5694 10.8 14.9 0
5695 11 14.9 0
5696 11.2 14.9 0
5697 11.4 14.9 0
5698 11.6 14.9 0
5699 11.8 14.9 0
5700 12 14.9 0
5701 0 15.1 0
5702 0.1 15.1 0
5703 0.2 15.1 0
5704 0.3 15.1 0
5705 0.4 15.1 0
5706 0.5 15.1 0
5707 0.6 15.1 0
5708 0.7 15.1 0
5709 0.8 15.1 0
5710 0.9 15.1 0
5711 1 15.1 0
5712 1.1 15.1 0
5713 1.2 15.1 0
5714 1.3 15.1 0
5715 1.4 15.1 0
5716 1.5 15.1 0
5717 1.6 15.1 0
5718 1.7 15.1 0
5719 1.8 15.1 0
5720 1.9 15.1 0
5721 2 15.1 0
5722 2.1 15.1 0
5723 2.2 15.1 0
5724 2.3 15.1 0
5725 2.4 15.1 0
5726 2.5 15.1 0
5727 2.6 15.1 0
5728 2.7 15.1 0
5729 2.8 15.1 0
5730 2.9 15.1 0
5731 3 15.1 0
5732 3.2 15.1 0
5733 3.4 15.1 0
5734 3.6 15.1 0
5735 3.8 15.1 0
5736 4 15.1 0
5737 4.2 15.1 0
5738 4.4 15.1 0
5739 4.6 15.1 0
5740 4.8 15.1 0
5741 5 15.1 0
5742 5.2 15.1 0
5743 5.4 15.1 0
5744 5.6 15.1 0
5745 5.8 15.1 0
5746 6 15.1 0
5747 6.2 15.1 0
5748 6.4 15.1 0
5749 6.6 15.1 0
5750 6.8 15.1 0
5751 7 15.1 0
5752 7.2 15.1 0
5753 7.4 15.1 0
5754 7.6 15.1 0
5755 7.8 15.1 0
5756 8 15.1 0
5757 8.2 15.1 0
5758 8.4 15.1 0
5759 8.6 15.1 0
5760 8.8 15.1 0
5761 9 15.1 0
5762 9.2 15.1 0
5763 9.4 15.1 0
5764 9.6 15.1 0
5765 9.8 15.1 0
5766 10 15.1 0
5767 10.2 15.1 0
5768 10.4 15.1 0
5769 10.6 15.1 0
5770 10.8 15.1 0
5771 11 15.1 0
5772 11.2 15.1 0
5773 11.4 15.1 0
5774 11.6 15.1 0
5775 11.8 15.1 0
5776 12 15.1 0
5777 0 15.3 0
5778 0.1 15.3 0
5779 0.2 15.3 0
5780 0.3 15.3 0
5781 0.4 15.3 0
5782 0.5 15.3 0
5783 0.6 15.3 0
5784 0.7 15.3 0
5785 0.8 15.3 0
5786 0.9 15.3 0
5787 1 15.3 0
5788 1.1 15.3 0
5789 1.2 15.3 0
5790 1.3 15.3 0
5791 1.4 15.3 0
5792 1.5 15.3 0
5793 1.6 15.3 0
5794 1.7 15.3 0
5795 1.8 15.3 0
5796 1.9 15.3 0
5797 2 15.3 0
5798 2.1 15.3 0
5799 2.2 15.3 0
5800 2.3 15.3 0
5801 2.4 15.3 0
5802 2.5 15.3 0
5803 2.6 15.3 0
5804 2.7 15.3 0
5805 2.8 15.3 0
5806 2.9 15.3 0
5807 3 15.3 0
5808 3.2 15.3 0
5809 3.4 15.3 0
5810 3.6 15.3 0
5811 3.8 15.3 0
5812 4 15.3 0
5813 4.2 15.3 0
5814 4.4 15.3 0
5815 4.6 15.3 0
5816 4.8 15.3 0
5817 5 15.3 0
5818 5.2 15.3 0
5819 5.4 15.3 0
5820 5.6 15.3 0
5821 5.8 15.3 0
5822 6 15.3 0
5823 6.2 15.3 0
5824 6.4 15.3 0
5825 6.6 15.3 0
5826 6.8 15.3 0
5827 7 15.3 0
5828 7.2 15.3 0
5829 7.4 15.3 0
5830 7.6 15.3 0
5831 7.8 15.3 0
5832 8 15.3 0
5833 8.2 15.3 0
5834 8.4 15.3 0
5835 8.6 15.3 0
5836 8.8 15.3 0
5837 9 15.3 0
5838 9.2 15.3 0
5839 9.4 15.3 0
5840 9.6 15.3 0
5841 9.8 15.3 0
5842 10 15.3 0
5843 10.2 15.3 0
5844 10.4 15.3 0
5845 10.6 15.3 0
5846 10.8 15.3 0
5847 11 15.3 0
5848 11.2 15.3 0
5849 11.4 15.3 0
5850 11.6 15.3 0
5851 11.8 15.3 0
5852 12 15.3 0
5853 0 15.5 0
5854 0.1 15.5 0
5855 0.2 15.5 0
5856 0.3 15.5 0
5857 0.4 15.5 0
5858 0.5 15.5 0
5859 0.6 15.5 0
5860 0.7 15.5 0
5861 0.8 15.5 0
5862 0.9 15.5 0
5863 1 15.5 0
5864 1.1 15.5 0
5865 1.2 15.5 0
5866 1.3 15.5 0
5867 1.4 15.5 0
5868 1.5 15.5 0
5869 1.6 15.5 0
5870 1.7 15.5 0
5871 1.8 15.5 0
5872 1.9 15.5 0
5873 2 15.5 0
5874 2.1 15.5 0
5875 2.2 15.5 0
5876 2.3 15.5 0
5877 2.4 15.5 0
5878 2.5 15.5 0
5879 2.6 15.5 0
5880 2.7 15.5 0
5881 2.8 15.5 0
5882 2.9 15.5 0
5883 3 15.5 0
5884 3.2 15.5 0
5885 3.4 15.5 0
5886 3.6 15.5 0
5887 3.8 15.5 0
5888 4 15.5 0
5889 4.2 15.5 0
5890 4.4 15.5 0
5891 4.6 15.5 0
5892 4.8 15.5 0
5893 5 15.5 0
5894 5.2 15.5 0
5895 5.4 15.5 0
5896 5.6 15.5 0
5897 5.8 15.5 0
5898 6 15.5 0
5899 6.2 15.5 0
5900 6.4 15.5 0
5901 6.6 15.5 0
5902 6.8 15.5 0
5903 7 15.5 0
5904 7.2 15.5 0
5905 7.4 15.5 0
5906 7.6 15.5 0
5907 7.8 15.5 0
5908 8 15.5 0
5909 8.2 15.5 0
5910 8.4 15.5 0
5911 8.6 15.5 0
5912 8.8 15.5 0
5913 9 15.5 0
5914 9.2 15.5 0
5915 9.4 15.5 0
5916 9.6 15.5 0
5917 9.8 15.5 0
5918 10 15.5 0
5919 10.2 15.5 0
5920 10.4 15.5 0
5921 10.6 15.5 0
5922 10.8 15.5 0
5923 11 15.5 0
5924 11.2 15.5 0
5925 11.4 15.5 0
5926 11.6 15.5 0
5927 11.8 15.5 0
5928 12 15.5 0
5929 0 15.7 0
5930 0.1 15.7 0
5931 0.2 15.7 0
5932 0.3 15.7 0
5933 0.4 15.7 0
5934 0.5 15.7 0
5935 0.6 15.7 0
5936 0.7 15.7 0
5937 0.8 15.7 0
5938 0.9 15.7 0
5939 1 15.7 0
5940 1.1 15.7 0
5941 1.2 15.7 0
5942 1.3 15.7 0
5943 1.4 15.7 0
5944 1.5 15.7 0
5945 1.6 15.7 0
5946 1.7 15.7 0
5947 1.8 15.7 0
5948 1.9 15.7 0
5949 2 15.7 0
5950 2.1 15.7 0
5951 2.2 15.7 0
5952 2.3 15.7 0
5953 2.4 15.7 0
5954 2.5 15.7 0
5955 2.6 15.7 0
5956 2.7 15.7 0
5957 2.8 15.7 0
5958 2.9 15.7 0
5959 3 15.7 0
5960 3.2 15.7 0
5961 3.4 15.7 0
5962 3.6 15.7 0
5963 3.8 15.7 0
5964 4 15.7 0
5965 4.2 15.7 0
5966 4.4 15.7 0
5967 4.6 15.7 0
5968 4.8 15.7 0
5969 5 15.7 0
5970 5.2 15.7 0
5971 5.4 15.7 0
5972 5.6 15.7 0
5973 5.8 15.7 0
5974 6 15.7 0
5975 6.2 15.7 0
5976 6.4 15.7 0
5977 6.6 15.7 0
5978 6.8 15.7 0
5979 7 15.7 0
5980 7.2 15.7 0
5981 7.4 15.7 0
5982 7.6 15.7 0
5983 7.8 15.7 0
5984 8 15.7 0
5985 8.2 15.7 0
5986 8.4 15.7 0
5987 8.6 15.7 0
5988 8.8 15.7 0
5989 9 15.7 0
5990 9.2 15.7 0
5991 9.4 15.7 0
5992 9.6 15.7 0
5993 9.8 15.7 0
5994 10 15.7 0
5995 10.2 15.7 0
5996 10.4 15.7 0
5997 10.6 15.7 0
5998 10.8 15.7 0
5999 11 15.7 0
6000 11.2 15.7 0
6001 11.4 15.7 0
6002 11.6 15.7 0
6003 11.8 15.7 0
6004 12 15.7 0
6005 0 15.9 0
6006 0.1 15.9 0
6007 0.2 15.9 0
6008 0.3 15.9 0
6009 0.4 15.9 0
6010 0.5 15.9 0
6011 0.6 15.9 0
6012 0.7 15.9 0
6013 0.8 15.9 0
6014 0.9 15.9 0
6015 1 15.9 0
6016 1.1 15.9 0
6017 1.2 15.9 0
6018 1.3 15.9 0
6019 1.4 15.9 0
6020 1.5 15.9 0
6021 1.6 15.9 0
6022 1.7 15.9 0
6023 1.8 15.9 0
6024 1.9 15.9 0
6025 2 15.9 0
6026 2.1 15.9 0
6027 2.2 15.9 0
6028 2.3 15.9 0
6029 2.4 15.9 0
6030 2.5 15.9 0
6031 2.6 15.9 0
6032 2.7 15.9 0
6033 2.8 15.9 0
6034 2.9 15.9 0
6035 3 15.9 0
6036 3.2 15.9 0
6037 3.4 15.9 0
6038 3.6 15.9 0
6039 3.8 15.9 0
6040 4 15.9 0
6041 4.2 15.9 0
6042 4.4 15.9 0
6043 4.6 15.9 0
6044 4.8 15.9 0
6045 5 15.9 0
6046 5.2 15.9 0
6047 5.4 15.9 0
6048 5.6 15.9 0
6049 5.8 15.9 0
6050 6 15.9 0
6051 6.2 15.9 0
6052 6.4 15.9 0
6053 6.6 15.9 0
6054 6.8 15.9 0
6055 7 15.9 0
6056 7.2 15.9 0
6057 7.4 15.9 0
6058 7.6 15.9 0
6059 7.8 15.9 0
6060 8 15.9 0
6061 8.2 15.9 0
6062 8.4 15.9 0
6063 8.6 15.9 0
6064 8.8 15.9 0
6065 9 15.9 0
6066 9.2 15.9 0
6067 9.4 15.9 0
6068 9.6 15.9 0
6069 9.8 15.9 0
6070 10 15.9 0
6071 10.2 15.9 0
6072 10.4 15.9 0
6073 10.6 15.9 0
6074 10.8 15.9 0
6075 11 15.9 0
6076 11.2 15.9 0
6077 11.4 15.9 0
6078 11.6 15.9 0
6079 11.8 15.9 0
6080 12 15.9 0
6081 0 16.1 0
6082 0.1 16.1 0
6083 0.2 16.1 0
6084 0.3 16.1 0
6085 0.4 16.1 0
6086 0.5 16.1 0
6087 0.6 16.1 0
6088 0.7 16.1 0
6089 0.8 16.1 0
6090 0.9 16.1 0
6091 1 16.1 0
6092 1.1 16.1 0
6093 1.2 16.1 0
6094 1.3 16.1 0
6095 1.4 16.1 0
6096 1.5 16.1 0
6097 1.6 16.1 0
6098 1.7 16.1 0
6099 1.8 16.1 0
6100 1.9 16.1 0
6101 2 16.1 0
6102 2.1 16.1 0
6103 2.2 16.1 0
6104 2.3 16.1 0
6105 2.4 16.1 0
6106 2.5 16.1 0
6107 2.6 16.1 0
6108 2.7 16.1 0
6109 2.8 16.1 0
6110 2.9 16.1 0
6111 3 16.1 0
6112 3.2 16.1 0
6113 3.4 16.1 0
6114 3.6 16.1 0
6115 3.8 16.1 0
6116 4 16.1 0
6117 4.2 16.1 0
6118 4.4 16.1 0
6119 4.6 16.1 0
6120 4.8 16.1 0
6121 5 16.1 0
6122 5.2 16.1 0
6123 5.4 16.1 0
6124 5.6 16.1 0
6125 5.8 16.1 0
6126 6 16.1 0
6127 6.2 16.1 0
6128 6.4 16.1 0
6129 6.6 16.1 0
6130 6.8 16.1 0
6131 7 16.1 0
6132 7.2 16.1 0
6133 7.4 16.1 0
6134 7.6 16.1 0
6135 7.8 16.1 0
6136 8 16.1 0
6137 8.2 16.1 0
6138 8.4 16.1 0
6139 8.6 16.1 0
6140 8.8 16.1 0
6141 9 16.1 0
6142 9.2 16.1 0
6143 9.4 16.1 0
6144 9.6 16.1 0
6145 9.8 16.1 0
6146 10 16.1 0
6147 10.2 16.1 0
6148 10.4 16.1 0
6149 10.6 16.1 0
6150 10.8 16.1 0
6151 11 16.1 0
6152 11.2 16.1 0
6153 11.4 16.1 0
6154 11.6 16.1 0
6155 11.8 16.1 0
6156 12 16.1 0
6157 0 16.3 0
6158 0.1 16.3 0
6159 0.2 16.3 0
6160 0.3 16.3 0
6161 0.4 16.3 0
6162 0.5 16.3 0
6163 0.6 16.3 0
6164 0.7 16.3 0
6165 0.8 16.3 0
6166 0.9 16.3 0
6167 1 16.3 0
6168 1.1 16.3 0
6169 1.2 16.3 0
6170 1.3 16.3 0
6171 1.4 16.3 0
6172 1.5 16.3 0
6173 1.6 16.3 0
6174 1.7 16.3 0
6175 1.8 16.3 0
6176 1.9 16.3 0
6177 2 16.3 0
6178 2.1 16.3 0
6179 2.2 16.3 0
6180 2.3 16.3 0
6181 2.4 16.3 0
6182 2.5 16.3 0
6183 2.6 16.3 0
6184 2.7 16.3 0
6185 2.8 16.3 0
6186 2.9 16.3 0
6187 3 16.3 0
6188 3.2 16.3 0
6189 3.4 16.3 0
6190 3.6 16.3 0
6191 3.8 16.3 0
6192 4 16.3 0
6193 4.2 16.3 0
6194 4.4 16.3 0
6195 4.6 16.3 0
6196 4.8 16.3 0
6197 5 16.3 0
6198 5.2 16.3 0
6199 5.4 16.3 0
6200 5.6 16.3 0
6201 5.8 16.3 0
6202 6 16.3 0
6203 6.2 16.3 0
6204 6.4 16.3 0
6205 6.6 16.3 0
6206 6.8 16.3 0
6207 7 16.3 0
6208 7.2 16.3 0
6209 7.4 16.3 0
6210 7.6 16.3 0
6211 7.8 16.3 0
6212 8 16.3 0
6213 8.2 16.3 0
6214 8.4 16.3 0
6215 8.6 16.3 0
6216 8.8 16.3 0
6217 9 16.3 0
6218 9.2 16.3 0
6219 9.4 16.3 0
6220 9.6 16.3 0
6221 9.8 16.3 0
6222 10 16.3 0
6223 10.2 16.3 0
6224 10.4 16.3 0
6225 10.6 16.3 0
6226 10.8 16.3 0
6227 11 16.3 0
6228 11.2 16.3 0
6229 11.4 16.3 0
6230 11.6 16.3 0
6231 11.8 16.3 0
6232 12 16.3 0
6233 0 16.5 0
6234 0.1 16.5 0
6235 0.2 16.5 0
6236 0.3 16.5 0
6237 0.4 16.5 0
6238 0.5 16.5 0
6239 0.6 16.5 0
6240 0.7 16.5 0
6241 0.8 16.5 0
6242 0.9 16.5 0
6243 1 16.5 0
6244 1.1 16.5 0
6245 1.2 16.5 0
6246 1.3 16.5 0
6247 1.4 16.5 0
6248 1.5 16.5 0
6249 1.6 16.5 0
6250 1.7 16.5 0
6251 1.8 16.5 0
6252 1.9 16.5 0
6253 2 16.5 0
6254 2.1 16.5 0
6255 2.2 16.5 0
6256 2.3 16.5 0
6257 2.4 16.5 0
6258 2.5 16.5 0
6259 2.6 16.5 0
6260 2.7 16.5 0
6261 2.8 16.5 0
6262 2.9 16.5 0
6263 3 16.5 0
6264 3.2 16.5 0
6265 3.4 16.5 0
6266 3.6 16.5 0
6267 3.8 16.5 0
6268 4 16.5 0
6269 4.2 16.5 0
6270 4.4 16.5 0
6271 4.6 16.5 0
6272 4.8 16.5 0
6273 5 16.5 0
6274 5.2 16.5 0
6275 5.4 16.5 0
6276 5.6 16.5 0
6277 5.8 16.5 0
6278 6 16.5 0
6279 6.2 16.5 0
6280 6.4 16.5 0
6281 6.6 16.5 0
6282 6.8 16.5 0
6283 7 16.5 0
6284 7.2 16.5 0
6285 7.4 16.5 0
6286 7.6 16.5 0
6287 7.8 16.5 0
6288 8 16.5 0
6289 8.2 16.5 0
6290 8.4 16.5 0
6291 8.6 16.5 0
6292 8.8 16.5 0
6293 9 16.5 0
6294 9.2 16.5 0
6295 9.4 16.5 0
6296 9.6 16.5 0
6297 9.8 16.5 0
6298 10 16.5 0
6299 10.2 16.5 0
6300 10.4 16.5 0
6301 10.6 16.5 0
6302 10.8 16.5 0
6303 11 16.5 0
6304 11.2 16.5 0
6305 11.4 16.5 0
6306 11.6 16.5 0
6307 11.8 16.5 0
6308 12 16.5 0
6309 0 16.7 0
6310 0.1 16.7 0
6311 0.2 16.7 0
6312 0.3 16.7 0
6313 0.4 16.7 0
6314 0.5 16.7 0
6315 0.6 16.7 0
6316 0.7 16.7 0
6317 0.8 16.7 0
6318 0.9 16.7 0
6319 1 16.7 0
6320 1.1 16.7 0
6321 1.2 16.7 0
6322 1.3 16.7 0
6323 1.4 16.7 0
6324 1.5 16.7 0
6325 1.6 16.7 0
6326 1.7 16.7 0
6327 1.8 16.7 0
6328 1.9 16.7 0
6329 2 16.7 0
6330 2.1 16.7 0
6331 2.2 16.7 0
6332 2.3 16.7 0
6333 2.4 16.7 0
6334 2.5 16.7 0
6335 2.6 16.7 0
6336 2.7 16.7 0
6337 2.8 16.7 0
6338 2.9 16.7 0
6339 3 16.7 0
6340 3.2 16.7 0
6341 3.4 16.7 0
6342 3.6 16.7 0
6343 3.8 16.7 0
6344 4 16.7 0
6345 4.2 16.7 0
6346 4.4 16.7 0
6347 4.6 16.7 0
6348 4.8 16.7 0
6349 5 16.7 0
6350 5.2 16.7 0
6351 5.4 16.7 0
6352 5.6 16.7 0
6353 5.8 16.7 0
6354 6 16.7 0
6355 6.2 16.7 0
6356 6.4 16.7 0
6357 6.6 16.7 0
6358 6.8 16.7 0
6359 7 16.7 0
6360 7.2 16.7 0
6361 7.4 16.7 0
6362 7.6 16.7 0
6363 7.8 16.7 0
6364 8 16.7 0
6365 8.2 16.7 0
6366 8.4 16.7 0
6367 8.6 16.7 0
6368 8.8 16.7 0
6369 9 16.7 0
6370 9.2 16.7 0
6371 9.4 16.7 0
6372 9.6 16.7 0
6373 9.8 16.7 0
6374 10 16.7 0
6375 10.2 16.7 0
6376 10.4 16.7 0
6377 10.6 16.7 0
6378 10.8 16.7 0
6379 11 16.7 0
6380 11.2 16.7 0
6381 11.4 16.7 0
6382 11.6 16.7 0
6383 11.8 16.7 0
6384 12 16.7 0
6385 0 16.9 0
6386 0.1 16.9 0
6387 0.2 16.9 0
6388 0.3 16.9 0
6389 0.4 16.9 0
6390 0.5 16.9 0
6391 0.6 16.9 0
6392 0.7 16.9 0
6393 0.8 16.9 0
6394 0.9 16.9 0
6395 1 16.9 0
6396 1.1 16.9 0
6397 1.2 16.9 0
6398 1.3 16.9 0
6399 1.4 16.9 0
6400 1.5 16.9 0
6401 1.6 16.9 0
6402 1.7 16.9 0
6403 1.8 16.9 0
6404 1.9 16.9 0
6405 2 16.9 0
6406 2.1 16.9 0
6407 2.2 16.9 0
6408 2.3 16.9 0
6409 2.4 16.9 0
6410 2.5 16.9 0
6411 2.6 16.9 0
6412 2.7 16.9 0
6413 2.8 16.9 0
6414 2.9 16.9 0
6415 3 16.9 0
6416 3.2 16.9 0
6417 3.4 16.9 0
6418 3.6 16.9 0
6419 3.8 16.9 0
6420 4 16.9 0
6421 4.2 16.9 0
6422 4.4 16.9 0
6423 4.6 16.9 0
6424 4.8 16.9 0
6425 5 16.9 0
6426 5.2 16.9 0
6427 5.4 16.9 0
6428 5.6 16.9 0
6429 5.8 16.9 0
6430 6 16.9 0
6431 6.2 16.9 0
6432 6.4 16.9 0
6433 6.6 16.9 0
6434 6.8 16.9 0
6435 7 16.9 0
6436 7.2 16.9 0
6437 7.4 16.9 0
6438 7.6 16.9 0
6439 7.8 16.9 0
6440 8 16.9 0
6441 8.2 16.9 0
6442 8.4 16.9 0
6443 8.6 16.9 0
6444 8.8 16.9 0
6445 9 16.9 0
6446 9.2 16.9 0
6447 9.4 16.9 0
6448 9.6 16.9 0
6449 9.8 16.9 0
6450 10 16.9 0
6451 10.2 16.9 0
6452 10.4 16.9 0
6453 10.6 16.9 0
6454 10.8 16.9 0
6455 11 16.9 0
6456 11.2 16.9 0
6457 11.4 16.9 0
6458 11.6 16.9 0
6459 11.8 16.9 0
6460 12 16.9 0
6461 0 17.1 0
6462 0.1 17.1 0
6463 0.2 17.1 0
6464 0.3 17.1 0
6465 0.4 17.1 0
6466 0.5 17.1 0
6467 0.6 17.1 0
6468 0.7 17.1 0
6469 0.8 17.1 0
6470 0.9 17.1 0
6471 1 17.1 0
6472 1.1 17.1 0
6473 1.2 17.1 0
6474 1.3 17.1 0
6475 1.4 17.1 0
6476 1.5 17.1 0
6477 1.6 17.1 0
6478 1.7 17.1 0
6479 1.8 17.1 0
6480 1.9 17.1 0
6481 2 17.1 0
6482 2.1 17.1 0
6483 2.2 17.1 0
6484 2.3 17.1 0
6485 2.4 17.1 0
6486 2.5 17.1 0
6487 2.6 17.1 0
6488 2.7 17.1 0
6489 2.8 17.1 0
6490 2.9 17.1 0
6491 3 17.1 0
6492 3.2 17.1 0
6493 3.4 17.1 0
6494 3.6 17.1 0
6495 3.8 17.1 0
6496 4 17.1 0
6497 4.2 17.1 0
6498 4.4 17.1 0
6499 4.6 17.1 0
6500 4.8 17.1 0
6501 5 17.1 0
6502 5.2 17.1 0
6503 5.4 17.1 0
6504 5.6 17.1 0
6505 5.8 17.1 0
6506 6 17.1 0
6507 6.2 17.1 0
6508 6.4 17.1 0
6509 6.6 17.1 0
6510 6.8 17.1 0
6511 7 17.1 0
6512 7.2 17.1 0
6513 7.4 17.1 0
6514 7.6 17.1 0
6515 7.8 17.1 0
6516 8 17.1 0
6517 8.2 17.1 0
6518 8.4 17.1 0
6519 8.6 17.1 0
6520 8.8 17.1 0
6521 9 17.1 0
6522 9.2 17.1 0
6523 9.4 17.1 0
6524 9.6 17.1 0
6525 9.8 17.1 0
6526 10 17.1 0
6527 10.2 17.1 0
6528 10.4 17.1 0
6529 10.6 17.1 0
6530 10.8 17.1 0
6531 11 17.1 0
6532 11.2 17.1 0
6533 11.4 17.1 0
6534 11.6 17.1 0
6535 11.8 17.1 0
6536 12 17.1 0
6537 0 17.3 0
6538 0.1 17.3 0
6539 0.2 17.3 0
6540 0.3 17.3 0
6541 0.4 17.3 0
6542 0.5 17.3 0
6543 0.6 17.3 0
6544 0.7 17.3 0
6545 0.8 17.3 0
6546 0.9 17.3 0
6547 1 17.3 0
6548 1.1 17.3 0
6549 1.2 17.3 0
6550 1.3 17.3 0
6551 1.4 17.3 0
6552 1.5 17.3 0
6553 1.6 17.3 0
6554 1.7 17.3 0
6555 1.8 17.3 0
6556 1.9 17.3 0
6557 2 17.3 0
6558 2.1 17.3 0
6559 2.2 17.3 0
6560 2.3 17.3 0
6561 2.4 17.3 0
6562 2.5 17.3 0
6563 2.6 17.3 0
6564 2.7 17.3 0
6565 2.8 17.3 0
6566 2.9 17.3 0
6567 3 17.3 0
6568 3.2 17.3 0
6569 3.4 17.3 0
6570 3.6 17.3 0
6571 3.8 17.3 0
6572 4 17.3 0
6573 4.2 17.3 0
6574 4.4 17.3 0
6575 4.6 17.3 0
6576 4.8 17.3 0
6577 5 17.3 0
6578 5.2 17.3 0
6579 5.4 17.3 0
6580 5.6 17.3 0
6581 5.8 17.3 0
6582 6 17.3 0
6583 6.2 17.3 0
6584 6.4 17.3 0
6585 6.6 17.3 0
6586 6.8 17.3 0
6587 7 17.3 0
6588 7.2 17.3 0
6589 7.4 17.3 0
6590 7.6 17.3 0
6591 7.8 17.3 0
6592 8 17.3 0
6593 8.2 17.3 0
6594 8.4 17.3 0
6595 8.6 17.3 0
6596 8.8 17.3 0
6597 9 17.3 0
6598 9.2 17.3 0
6599 9.4 17.3 0
6600 9.6 17.3 0
6601 9.8 17.3 0
6602 10 17.3 0
6603 10.2 17.3 0
6604 10.4 17.3 0
6605 10.6 17.3 0
6606 10.8 17.3 0
6607 11 17.3 0
6608 11.2 17.3 0
6609 11.4 17.3 0
6610 11.6 17.3 0
6611 11.8 17.3 0
6612 12 17.3 0
6613 0 17.5 0
6614 0.1 17.5 0
6615 0.2 17.5 0
6616 0.3 17.5 0
6617 0.4 17.5 0
6618 0.5 17.5 0
6619 0.6 17.5 0
6620 0.7 17.5 0
6621 0.8 17.5 0
6622 0.9 17.5 0
6623 1 17.5 0
6624 1.1 17.5 0
6625 1.2 17.5 0
6626 1.3 17.5 0
6627 1.4 17.5 0
6628 1.5 17.5 0
6629 1.6 17.5 0
6630 1.7 17.5 0
6631 1.8 17.5 0
6632 1.9 17.5 0
6633 2 17.5 0
6634 2.1 17.5 0
6635 2.2 17.5 0
6636 2.3 17.5 0
6637 2.4 17.5 0
6638 2.5 17.5 0
6639 2.6 17.5 0
6640 2.7 17.5 0
6641 2.8 17.5 0
6642 2.9 17.5 0
6643 3 17.5 0
6644 3.2 17.5 0
6645 3.4 17.5 0
6646 3.6 17.5 0
6647 3.8 17.5 0
6648 4 17.5 0
6649 4.2 17.5 0
6650 4.4 17.5 0
6651 4.6 17.5 0
6652 4.8 17.5 0
6653 5 17.5 0
6654 5.2 17.5 0
6655 5.4 17.5 0
6656 5.6 17.5 0
6657 5.8 17.5 0
6658 6 17.5 0
6659 6.2 17.5 0
6660 6.4 17.5 0
6661 6.6 17.5 0
6662 6.8 17.5 0
6663 7 17.5 0
6664 7.2 17.5 0
6665 7.4 17.5 0
6666 7.6 17.5 0
6667 7.8 17.5 0
6668 8 17.5 0
6669 8.2 17.5 0
6670 8.4 17.5 0
6671 8.6 17.5 0
6672 8.8 17.5 0
6673 9 17.5 0
6674 9.2 17.5 0
6675 9.4 17.5 0
6676 9.6 17.5 0
6677 9.8 17.5 0
6678 10 17.5 0
6679 10.2 17.5 0
6680 10.4 17.5 0
6681 10.6 17.5 0
6682 10.8 17.5 0
6683 11 17.5 0
6684 11.2 17.5 0
6685 11.4 17.5 0
6686 11.6 17.5 0
6687 11.8 17.5 0
6688 12 17.5 0
6689 0 17.7 0
6690 0.1 17.7 0
6691 0.2 17.7 0
6692 0.3 17.7 0
6693 0.4 17.7 0
6694 0.5 17.7 0
6695 0.6 17.7 0
6696 0.7 17.7 0
6697 0.8 17.7 0
6698 0.9 17.7 0
6699 1 17.7 0
6700 1.1 17.7 0
6701 1.2 17.7 0
6702 1.3 17.7 0
6703 1.4 17.7 0
6704 1.5 17.7 0
6705 1.6 17.7 0
6706 1.7 17.7 0
6707 1.8 17.7 0
6708 1.9 17.7 0
6709 2 17.7 0
6710 2.1 17.7 0
6711 2.2 17.7 0
6712 2.3 17.7 0
6713 2.4 17.7 0
6714 2.5 17.7 0
6715 2.6 17.7 0
6716 2.7 17.7 0
6717 2.8 17.7 0
6718 2.9 17.7 0
6719 3 17.7 0
6720 3.2 17.7 0
6721 3.4 17.7 0
6722 3.6 17.7 0
6723 3.8 17.7 0
6724 4 17.7 0
6725 4.2 17.7 0
6726 4.4 17.7 0
6727 4.6 17.7 0
6728 4.8 17.7 0
6729 5 17.7 0
6730 5.2 17.7 0
6731 5.4 17.7 0
6732 5.6 17.7 0
6733 5.8 17.7 0
6734 6 17.7 0
6735 6.2 17.7 0
6736 6.4 17.7 0
6737 6.6 17.7 0
6738 6.8 17.7 0
6739 7 17.7 0
6740 7.2 17.7 0
6741 7.4 17.7 0
6742 7.6 17.7 0
6743 7.8 17.7 0
6744 8 17.7 0
6745 8.2 17.7 0
6746 8.4 17.7 0
6747 8.6 17.7 0
6748 8.8 17.7 0
6749 9 17.7 0
6750 9.2 17.7 0
6751 9.4 17.7 0
6752 9.6 17.7 0
6753 9.8 17.7 0
6754 10 17.7 0
6755 10.2 17.7 0
6756 10.4 17.7 0
6757 10.6 17.7 0
6758 10.8 17.7 0
6759 11 17.7 0
6760 11.2 17.7 0
6761 11.4 17.7 0
6762 11.6 17.7 0
6763 11.8 17.7 0
6764 12 17.7 0
6765 0 17.9 0
6766 0.1 17.9 0
6767 0.2 17.9 0
6768 0.3 17.9 0
6769 0.4 17.9 0
6770 0.5 17.9 0
6771 0.6 17.9 0
6772 0.7 17.9 0
6773 0.8 17.9 0
6774 0.9 17.9 0
6775 1 17.9 0
6776 1.1 17.9 0
6777 1.2 17.9 0
6778 1.3 17.9 0
6779 1.4 17.9 0
6780 1.5 17.9 0
6781 1.6 17.9 0
6782 1.7 17.9 0
6783 1.8 17.9 0
6784 1.9 17.9 0
6785 2 17.9 0
6786 2.1 17.9 0
6787 2.2 17.9 0
6788 2.3 17.9 0
6789 2.4 17.9 0
6790 2.5 17.9 0
6791 2.6 17.9 0
6792 2.7 17.9 0
6793 2.8 17.9 0
6794 2.9 17.9 0
6795 3 17.9 0
6796 3.2 17.9 0
6797 3.4 17.9 0
6798 3.6 17.9 0
6799 3.8 17.9 0
6800 4 17.9 0
6801 4.2 17.9 0
6802 4.4 17.9 0
6803 4.6 17.9 0
6804 4.8 17.9 0
6805 5 17.9 0
6806 5.2 17.9 0
6807 5.4 17.9 0
6808 5.6 17.9 0
6809 5.8 17.9 0
6810 6 17.9 0
6811 6.2 17.9 0
6812 6.4 17.9 0
6813 6.6 17.9 0
6814 6.8 17.9 0
6815 7 17.9 0
6816 7.2 17.9 0
6817 7.4 17.9 0
6818 7.6 17.9 0
6819 7.8 17.9 0
6820 8 17.9 0
6821 8.2 17.9 0
6822 8.4 17.9 0
6823 8.6 17.9 0
6824 8.8 17.9 0
6825 9 17.9 0
6826 9.2 17.9 0
6827 9.4 17.9 0
6828 9.6 17.9 0
6829 9.8 17.9 0
6830 10 17.9 0
6831 10.2 17.9 0
6832 10.4 17.9 0
6833 10.6 17.9 0
6834 10.8 17.9 0
6835 11 17.9 0
6836 11.2 17.9 0
6837 11.4 17.9 0
6838 11.6 17.9 0
6839 11.8 17.9 0
6840 12 17.9 0
6841 0 18.1 0
6842 0.1 18.1 0
6843 0.2 18.1 0
6844 0.3 18.1 0
6845 0.4 18.1 0
6846 0.5 18.1 0
6847 0.6 18.1 0
6848 0.7 18.1 0
6849 0.8 18.1 0
6850 0.9 18.1 0
6851 1 18.1 0
6852 1.1 18.1 0
6853 1.2 18.1 0
6854 1.3 18.1 0
6855 1.4 18.1 0
6856 1.5 18.1 0
6857 1.6 18.1 0
6858 1.7 18.1 0
6859 1.8 18.1 0
6860 1.9 18.1 0
6861 2 18.1 0
6862 2.1 18.1 0
6863 2.2 18.1 0
6864 2.3 18.1 0
6865 2.4 18.1 0
6866 2.5 18.1 0
6867 2.6 18.1 0
6868 2.7 18.1 0
6869 2.8 18.1 0
6870 2.9 18.1 0
6871 3 18.1 0
6872 3.2 18.1 0
6873 3.4 18.1 0
6874 3.6 18.1 0
6875 3.8 18.1 0
6876 4 18.1 0
6877 4.2 18.1 0
6878 4.4 18.1 0
6879 4.6 18.1 0
6880 4.8 18.1 0
6881 5 18.1 0
6882 5.2 18.1 0
6883 5.4 18.1 0
6884 5.6 18.1 0
6885 5.8 18.1 0
6886 6 18.1 0
6887 6.2 18.1 0
6888 6.4 18.1 0
6889 6.6 18.1 0
6890 6.8 18.1 0
6891 7 18.1 0
6892 7.2 18.1 0
6893 7.4 18.1 0
6894 7.6 18.1 0
6895 7.8 18.1 0
6896 8 18.1 0
6897 8.2 18.1 0
6898 8.4 18.1 0
6899 8.6 18.1 0
6900 8.8 18.1 0
6901 9 18.1 0
6902 9.2 18.1 0
6903 9.4 18.1 0
6904 9.6 18.1 0
6905 9.8 18.1 0
6906 10 18.1 0
6907 10.2 18.1 0
6908 10.4 18.1 0
6909 10.6 18.1 0
6910 10.8 18.1 0
6911 11 18.1 0
6912 11.2 18.1 0
6913 11.4 18.1 0
6914 11.6 18.1 0
6915 11.8 18.1 0
6916 12 18.1 0
6917 0 18.3 0
6918 0.1 18.3 0
6919 0.2 18.3 0
6920 0.3 18.3 0
6921 0.4 18.3 0
6922 0.5 18.3 0
6923 0.6 18.3 0
6924 0.7 18.3 0
6925 0.8 18.3 0
6926 0.9 18.3 0
6927 1 18.3 0
6928 1.1 18.3 0
6929 1.2 18.3 0
6930 1.3 18.3 0
6931 1.4 18.3 0
6932 1.5 18.3 0
6933 1.6 18.3 0
6934 1.7 18.3 0
6935 1.8 18.3 0
6936 1.9 18.3 0
6937 2 18.3 0
6938 2.1 18.3 0
6939 2.2 18.3 0
6940 2.3 18.3 0
6941 2.4 18.3 0
6942 2.5 18.3 0
6943 2.6 18.3 0
6944 2.7 18.3 0
6945 2.8 18.3 0
6946 2.9 18.3 0
6947 3 18.3 0
6948 3.2 18.3 0
6949 3.4 18.3 0
6950 3.6 18.3 0
6951 3.8 18.3 0
6952 4 18.3 0
6953 4.2 18.3 0
6954 4.4 18.3 0
6955 4.6 18.3 0
6956 4.8 18.3 0
6957 5 18.3 0
6958 5.2 18.3 0
6959 5.4 18.3 0
6960 5.6 18.3 0
6961 5.8 18.3 0
6962 6 18.3 0
6963 6.2 18.3 0
6964 6.4 18.3 0
6965 6.6 18.3 0
6966 6.8 18.3 0
6967 7 18.3 0
6968 7.2 18.3 0
6969 7.4 18.3 0
6970 7.6 18.3 0
6971 7.8 18.3 0
6972 8 18.3 0
6973 8.2 18.3 0
6974 8.4 18.3 0
6975 8.6 18.3 0
6976 8.8 18.3 0
6977 9 18.3 0
6978 9.2 18.3 0
6979 9.4 18.3 0
6980 9.6 18.3 0
6981 9.8 18.3 0
6982 10 18.3 0
6983 10.2 18.3 0
6984 10.4 18.3 0
6985 10.6 18.3 0
6986 10.8 18.3 0
6987 11 18.3 0
6988 11.2 18.3 0
6989 11.4 18.3 0
6990 11.6 18.3 0
6991 11.8 18.3 0
6992 12 18.3 0
6993 0 18.5 0
6994 0.1 18.5 0
6995 0.2 18.5 0
6996 0.3 18.5 0
6997 0.4 18.5 0
6998 0.5 18.5 0
6999 0.6 18.5 0
7000 0.7 18.5 0
7001 0.8 18.5 0
7002 0.9 18.5 0
7003 1 18.5 0
7004 1.1 18.5 0
7005 1.2 18.5 0
7006 1.3 18.5 0
7007 1.4 18.5 0
7008 1.5 18.5 0
7009 1.6 18.5 0
7010 1.7 18.5 0
7011 1.8 18.5 0
7012 1.9 18.5 0
7013 2 18.5 0
7014 2.1 18.5 0
7015 2.2 18.5 0
7016 2.3 18.5 0
7017 2.4 18.5 0
7018 2.5 18.5 0
7019 2.6 18.5 0
7020 2.7 18.5 0
7021 2.8 18.5 0
7022 2.9 18.5 0
7023 3 18.5 0
7024 3.2 18.5 0
7025 3.4 18.5 0
7026 3.6 18.5 0
7027 3.8 18.5 0
7028 4 18.5 0
7029 4.2 18.5 0
7030 4.4 18.5 0
7031 4.6 18.5 0
7032 4.8 18.5 0
7033 5 18.5 0
7034 5.2 18.5 0
7035 5.4 18.5 0
7036 5.6 18.5 0
7037 5.8 18.5 0
7038 6 18.5 0
7039 6.2 18.5 0
7040 6.4 18.5 0
7041 6.6 18.5 0
7042 6.8 18.5 0
7043 7 18.5 0
7044 7.2 18.5 0
7045 7.4 18.5 0
7046 7.6 18.5 0
7047 7.8 18.5 0
7048 8 18.5 0
7049 8.2 18.5 0
7050 8.4 18.5 0
7051 8.6 18.5 0
7052 8.8 18.5 0
7053 9 18.5 0
7054 9.2 18.5 0
7055 9.4 18.5 0
7056 9.6 18.5 0
7057 9.8 18.5 0
7058 10 18.5 0
7059 10.2 18.5 0
7060 10.4 18.5 0
7061 10.6 18.5 0
7062 10.8 18.5 0
7063 11 18.5 0
7064 11.2 18.5 0
7065 11.4 18.5 0
7066 11.6 18.5 0
7067 11.8 18.5 0
7068 12 18.5 0
7069 0 18.69444444 0
7070 0.1 18.69444444 0
7071 0.2 18.69444444 0
7072 0.3 18.69444444 0
7073 0.4 18.69444444 0
7074 0.5 18.69444444 0
7075 0.6 18.69444444 0
7076 0.7 18.69444444 0
7077 0.8 18.69444444 0
7078 0.9 18.69444444 0
7079 1 18.69444444 0
7080 1.1 18.69444444 0
7081 1.2 18.69444444 0
7082 1.3 18.69444444 0
7083 1.4 18.69444444 0
7084 1.5 18.69444444 0
7085 1.6 18.69444444 0
7086 1.7 18.69444444 0
7087 1.8 18.69444444 0
7088 1.9 18.69444444 0
7089 2 18.69444444 0
7090 2.1 18.69444444 0
7091 2.2 18.69444444 0
7092 2.3 18.69444444 0
7093 2.4 18.69444444 0
7094 2.5 18.69444444 0
7095 2.6 18.69444444 0
7096 2.7 18.69444444 0
7097 2.8 18.69444444 0
7098 2.9 18.69444444 0
7099 3 18.69444444 0
7100 3.2 18.69444444 0
7101 3.4 18.69444444 0
7102 3.6 18.69444444 0
7103 3.8 18.69444444 0
7104 4 18.69444444 0
7105 4.2 18.69444444 0
7106 4.4 18.69444444 0
7107 4.6 18.69444444 0
7108 4.8 18.69444444 0
7109 5 18.69444444 0
7110 5.2 18.69444444 0
7111 5.4 18.69444444 0
7112 5.6 18.69444444 0
7113 5.8 18.69444444 0
7114 6 18.69444444 0
7115 6.2 18.69444444 0
7116 6.4 18.69444444 0
7117 6.6 18.69444444 0
7118 6.8 18.69444444 0
7119 7 18.69444444 0
7120 7.2 18.69444444 0
7121 7.4 18.69444444 0
7122 7.6 18.69444444 0
7123 7.8 18.69444444 0
7124 8 18.69444444 0
7125 8.2 18.69444444 0
7126 8.4 18.69444444 0
7127 8.6 18.69444444 0
7128 8.8 18.69444444 0
7129 9 18.69444444 0
7130 9.2 18.69444444 0
7131 9.4 18.69444444 0
7132 9.6 18.69444444 0
7133 9.8 18.69444444 0
7134 10 18.69444444 0
7135 10.2 18.69444444 0
7136 10.4 18.69444444 0
7137 10.6 18.69444444 0
7138 10.8 18.69444444 0
7139 11 18.69444444 0
7140 11.2 18.69444444 0
7141 11.4 18.69444444 0
7142 11.6 18.69444444 0
7143 11.8 18.69444444 0
7144 12 18.69444444 0
7145 0 18.88888889 0
7146 0.1 18.88888889 0
7147 0.2 18.88888889 0
7148 0.3 18.88888889 0
7149 0.4 18.88888889 0
7150 0.5 18.88888889 0
7151 0.6 18.88888889 0
7152 0.7 18.88888889 0
7153 0.8 18.88888889 0
7154 0.9 18.88888889 0
7155 1 18.88888889 0
7156 1.1 18.88888889 0
7157 1.2 18.88888889 0
7158 1.3 18.88888889 0
7159 1.4 18.88888889 0
7160 1.5 18.88888889 0
7161 1.6 18.88888889 0
7162 1.7 18.88888889 0
7163 1.8 18.88888889 0
7164 1.9 18.88888889 0
7165 2 18.88888889 0
7166 2.1 18.88888889 0
7167 2.2 18.88888889 0
7168 2.3 18.88888889 0
7169 2.4 18.88888889 0
7170 2.5 18.88888889 0
7171 2.6 18.88888889 0
7172 2.7 18.88888889 0
7173 2.8 18.88888889 0
7174 2.9 18.88888889 0
7175 3 18.88888889 0
7176 3.2 18.88888889 0
7177 3.4 18.88888889 0
7178 3.6 18.88888889 0
7179 3.8 18.88888889 0
7180 4 18.88888889 0
7181 4.2 18.88888889 0
7182 4.4 18.88888889 0
7183 4.6 18.88888889 0
7184 4.8 18.88888889 0
7185 5 18.88888889 0
7186 5.2 18.88888889 0
7187 5.4 18.88888889 0
7188 5.6 18.88888889 0
7189 5.8 18.88888889 0
7190 6 18.88888889 0
7191 6.2 18.88888889 0
7192 6.4 18.88888889 0
7193 6.6 18.88888889 0
7194 6.8 18.88888889 0
7195 7 18.88888889 0
7196 7.2 18.88888889 0
7197 7.4 18.88888889 0
7198 7.6 18.88888889 0
7199 7.8 18.88888889 0
7200 8 18.88888889 0
7201 8.2 18.88888889 0
7202 8.4 18.88888889 0
7203 8.6 18.88888889 0
7204 8.8 18.88888889 0
7205 9 18.88888889 0
7206 9.2 18.88888889 0
7207 9.4 18.88888889 0
7208 9.6 18.88888889 0
7209 9.8 18.88888889 0
7210 10 18.88888889 0
7211 10.2 18.88888889 0
7212 10.4 18.88888889 0
7213 10.6 18.88888889 0
7214 10.8 18.88888889 0
7215 11 18.88888889 0
7216 11.2 18.88888889 0
7217 11.4 18.88888889 0
7218 11.6 18.88888889 0
7219 11.8 18.88888889 0
7220 12 18.88888889 0
7221 0 19.08333333 0
7222 0.1 19.08333333 0
7223 0.2 19.08333333 0
7224 0.3 19.08333333 0
7225 0.4 19.08333333 0
7226 0.5 19.08333333 0
7227 0.6 19.08333333 0
7228 0.7 19.08333333 0
7229 0.8 19.08333333 0
7230 0.9 19.08333333 0
7231 1 19.08333333 0
7232 1.1 19.08333333 0
7233 1.2 19.08333333 0
7234 1.3 19.08333333 0
7235 1.4 19.08333333 0
7236 1.5 19.08333333 0
7237 1.6 19.08333333 0
7238 1.7 19.08333333 0
7239 1.8 19.08333333 0
7240 1.9 19.08333333 0
7241 2 19.08333333 0
7242 2.1 19.08333333 0
7243 2.2 19.08333333 0
7244 2.3 19.08333333 0
7245 2.4 19.08333333 0
7246 2.5 19.08333333 0
7247 2.6 19.08333333 0
7248 2.7 19.08333333 0
7249 2.8 19.08333333 0
7250 2.9 19.08333333 0
7251 3 19.08333333 0
7252 3.2 19.08333333 0
7253 3.4 19.08333333 0
7254 3.6 19.08333333 0
7255 3.8 19.08333333 0
7256 4 19.08333333 0
7257 4.2 19.08333333 0
7258 4.4 19.08333333 0
7259 4.6 19.08333333 0
7260 4.8 19.08333333 0
7261 5 19.08333333 0
7262 5.2 19.08333333 0
7263 5.4 19.08333333 0
7264 5.6 19.08333333 0
7265 5.8 19.08333333 0
7266 6 19.08333333 0
7267 6.2 19.08333333 0
7268 6.4 19.08333333 0
7269 6.6 19.08333333 0
7270 6.8 19.08333333 0
7271 7 19.08333333 0
7272 7.2 19.08333333 0
7273 7.4 19.08333333 0
7274 7.6 19.08333333 0
7275 7.8 19.08333333 0
7276 8 19.08333333 0
7277 8.2 19.08333333 0
7278 8.4 19.08333333 0
7279 8.6 19.08333333 0
7280 8.8 19.08333333 0
7281 9 19.08333333 0
7282 9.2 19.08333333 0
7283 9.4 19.08333333 0
7284 9.6 19.08333333 0
7285 9.8 19.08333333 0
7286 10 19.08333333 0
7287 10.2 19.08333333 0
7288 10.4 19.08333333 0
7289 10.6 19.08333333 0
7290 10.8 19.08333333 0
7291 11 19.08333333 0
7292 11.2 19.08333333 0
7293 11.4 19.08333333 0
7294 11.6 19.08333333 0
7295 11.8 19.08333333 0
7296 12 19.08333333 0
7297 0 19.27777778 0
7298 0.1 19.27777778 0
7299 0.2 19.27777778 0
7300 0.3 19.27777778 0
7301 0.4 19.27777778 0
7302 0.5 19.27777778 0
7303 0.6 19.27777778 0
7304 0.7 19.27777778 0
7305 0.8 19.27777778 0
7306 0.9 19.27777778 0
7307 1 19.27777778 0
7308 1.1 19.27777778 0
7309 1.2 19.27777778 0
7310 1.3 19.27777778 0
7311 1.4 19.27777778 0
7312 1.5 19.27777778 0
7313 1.6 19.27777778 0
7314 1.7 19.27777778 0
7315 1.8 19.27777778 0
7316 1.9 19.27777778 0
7317 2 19.27777778 0
7318 2.1 19.27777778 0
7319 2.2 19.27777778 0
7320 2.3 19.27777778 0
7321 2.4 19.27777778 0
7322 2.5 19.27777778 0
7323 2.6 19.27777778 0
7324 2.7 19.27777778 0
7325 2.8 19.27777778 0
7326 2.9 19.27777778 0
7327 3 19.27777778 0
7328 3.2 19.27777778 0
7329 3.4 19.27777778 0
7330 3.6 19.27777778 0
7331 3.8 19.27777778 0
7332 4 19.27777778 0
7333 4.2 19.27777778 0
7334 4.4 19.27777778 0
7335 4.6 19.27777778 0
7336 4.8 19.27777778 0
7337 5 19.27777778 0
7338 5.2 19.27777778 0
7339 5.4 19.27777778 0
7340 5.6 19.27777778 0
7341 5.8 19.27777778 0
7342 6 19.27777778 0
7343 6.2 19.27777778 0
7344 6.4 19.27777778 0
7345 6.6 19.27777778 0
7346 6.8 19.27777778 0
7347 7 19.27777778 0
7348 7.2 19.27777778 0
7349 7.4 19.27777778 0
7350 7.6 19.27777778 0
7351 7.8 19.27777778 0
7352 8 19.27777778 0
7353 8.2 19.27777778 0
7354 8.4 19.27777778 0
7355 8.6 19.27777778 0
7356 8.8 19.27777778 0
7357 9 19.27777778 0
7358 9.2 19.27777778 0
7359 9.4 19.27777778 0
7360 9.6 19.27777778 0
7361 9.8 19.27777778 0
7362 10 19.27777778 0
7363 10.2 19.27777778 0
7364 10.4 19.27777778 0
7365 10.6 19.27777778 0
7366 10.8 19.27777778 0
7367 11 19.27777778 0
7368 11.2 19.27777778 0
7369 11.4 19.27777778 0
7370 11.6 19.27777778 0
7371 11.8 19.27777778 0
7372 12 19.27777778 0
7373 0 19.47222222 0
7374 0.1 19.47222222 0
7375 0.2 19.47222222 0
7376 0.3 19.47222222 0
7377 0.4 19.47222222 0
7378 0.5 19.47222222 0
7379 0.6 19.47222222 0
7380 0.7 19.47222222 0
7381 0.8 19.47222222 0
7382 0.9 19.47222222 0
7383 1 19.47222222 0
7384 1.1 19.47222222 0
7385 1.2 19.47222222 0
7386 1.3 19.47222222 0
7387 1.4 19.47222222 0
7388 1.5 19.47222222 0
7389 1.6 19.47222222 0
7390 1.7 19.47222222 0
7391 1.8 19.47222222 0
7392 1.9 19.47222222 0
7393 2 19.47222222 0
7394 2.1 19.47222222 0
7395 2.2 19.47222222 0
7396 2.3 19.47222222 0
7397 2.4 19.47222222 0
7398 2.5 19.47222222 0
7399 2.6 19.47222222 0
7400 2.7 19.47222222 0
7401 2.8 19.47222222 0
7402 2.9 19.47222222 0
7403 3 19.47222222 0
7404 3.2 19.47222222 0
7405 3.4 19.47222222 0
7406 3.6 19.47222222 0
7407 3.8 19.47222222 0
7408 4 19.47222222 0
7409 4.2 19.47222222 0
7410 4.4 19.47222222 0
7411 4.6 19.47222222 0
7412 4.8 19.47222222 0
7413 5 19.47222222 0
7414 5.2 19.47222222 0
7415 5.4 19.47222222 0
7416 5.6 19.47222222 0
7417 5.8 19.47222222 0
7418 6 19.47222222 0
7419 6.2 19.47222222 0
7420 6.4 19.47222222 0
7421 6.6 19.47222222 0
7422 6.8 19.47222222 0
7423 7 19.47222222 0
7424 7.2 19.47222222 0
7425 7.4 19.47222222 0
7426 7.6 19.47222222 0
7427 7.8 19.47222222 0
7428 8 19.47222222 0
7429 8.2 19.47222222 0
7430 8.4 19.47222222 0
7431 8.6 19.47222222 0
7432 8.8 19.47222222 0
7433 9 19.47222222 0
7434 9.2 19.47222222 0
7435 9.4 19.47222222 0
7436 9.6 19.47222222 0
7437 9.8 19.47222222 0
7438 10 19.47222222 0
7439 10.2 19.47222222 0
7440 10.4 19.47222222 0
7441 10.6 19.47222222 0
7442 10.8 19.47222222 0
7443 11 19.47222222 0
7444 11.2 19.47222222 0
7445 11.4 19.47222222 0
7446 11.6 19.47222222 0
7447 11.8 19.47222222 0
7448 12 19.47222222 0
7449 0 19.66666667 0
7450 0.1 19.66666667 0
7451 0.2 19.66666667 0
7452 0.3 19.66666667 0
7453 0.4 19.66666667 0
7454 0.5 19.66666667 0
7455 0.6 19.66666667 0
7456 0.7 19.66666667 0
7457 0.8 19.66666667 0
7458 0.9 19.66666667 0
7459 1 19.66666667 0
7460 1.1 19.66666667 0
7461 1.2 19.66666667 0
7462 1.3 19.66666667 0
7463 1.4 19.66666667 0
7464 1.5 19.66666667 0
7465 1.6 19.66666667 0
7466 1.7 19.66666667 0
7467 1.8 19.66666667 0
7468 1.9 19.66666667 0
7469 2 19.66666667 0
7470 2.1 19.66666667 0
7471 2.2 19.66666667 0
7472 2.3 19.66666667 0
7473 2.4 19.66666667 0
7474 2.5 19.66666667 0
7475 2.6 19.66666667 0
7476 2.7 19.66666667 0
7477 2.8 19.66666667 0
7478 2.9 19.66666667 0
7479 3 19.66666667 0
7480 3.2 19.66666667 0
7481 3.4 19.66666667 0
7482 3.6 19.66666667 0
7483 3.8 19.66666667 0
7484 4 19.66666667 0
7485 4.2 19.66666667 0
7486 4.4 19.66666667 0
7487 4.6 19.66666667 0
7488 4.8 19.66666667 0
7489 5 19.66666667 0
7490 5.2 19.66666667 0
7491 5.4 19.66666667 0
7492 5.6 19.66666667 0
7493 5.8 19.66666667 0
7494 6 19.66666667 0
7495 6.2 19.66666667 0
7496 6.4 19.66666667 0
7497 6.6 19.66666667 0
7498 6.8 19.66666667 0
7499 7 19.66666667 0
7500 7.2 19.66666667 0
7501 7.4 19.66666667 0
7502 7.6 19.66666667 0
7503 7.8 19.66666667 0
7504 8 19.66666667 0
7505 8.2 19.66666667 0
7506 8.4 19.66666667 0
7507 8.6 19.66666667 0
7508 8.8 19.66666667 0
7509 9 19.66666667 0
7510 9.2 19.66666667 0
7511 9.4 19.66666667 0
7512 9.6 19.66666667 0
7513 9.8 19.66666667 0
7514 10 19.66666667 0
7515 10.2 19.66666667 0
7516 10.4 19.66666667 0
7517 10.6 19.66666667 0
7518 10.8 19.66666667 0
7519 11 19.66666667 0
7520 11.2 19.66666667 0
7521 11.4 19.66666667 0
7522 11.6 19.66666667 0
7523 11.8 19.66666667 0
7524 12 19.66666667 0
7525 0 19.86111111 0
7526 0.1 19.86111111 0
7527 0.2 19.86111111 0
7528 0.3 19.86111111 0
7529 0.4 19.86111111 0
7530 0.5 19.86111111 0
7531 0.6 19.86111111 0
7532 0.7 19.86111111 0
7533 0.8 19.86111111 0
7534 0.9 19.86111111 0
7535 1 19.86111111 0
7536 1.1 19.86111111 0
7537 1.2 19.86111111 0
7538 1.3 19.86111111 0
7539 1.4 19.86111111 0
7540 1.5 19.86111111 0
7541 1.6 19.86111111 0
7542 1.7 19.86111111 0
7543 1.8 19.86111111 0
7544 1.9 19.86111111 0
7545 2 19.86111111 0
7546 2.1 19.86111111 0
7547 2.2 19.86111111 0
7548 2.3 19.86111111 0
7549 2.4 19.86111111 0
7550 2.5 19.86111111 0
7551 2.6 19.86111111 0
7552 2.7 19.86111111 0
7553 2.8 19.86111111 0
7554 2.9 19.86111111 0
7555 3 19.86111111 0
7556 3.2 19.86111111 0
7557 3.4 19.86111111 0
7558 3.6 19.86111111 0
7559 3.8 19.86111111 0
7560 4 19.86111111 0
7561 4.2 19.86111111 0
7562 4.4 19.86111111 0
7563 4.6 19.86111111 0
7564 4.8 19.86111111 0
7565 5 19.86111111 0
7566 5.2 19.86111111 0
7567 5.4 19.86111111 0
7568 5.6 19.86111111 0
7569 5.8 19.86111111 0
7570 6 19.86111111 0
7571 6.2 19.86111111 0
7572 6.4 19.86111111 0
7573 6.6 19.86111111 0
7574 6.8 19.86111111 0
7575 7 19.86111111 0
7576 7.2 19.86111111 0
7577 7.4 19.86111111 0
7578 7.6 19.86111111 0
7579 7.8 19.86111111 0
7580 8 19.86111111 0
7581 8.2 19.86111111 0
7582 8.4 19.86111111 0
7583 8.6 19.86111111 0
7584 8.8 19.86111111 0
7585 9 19.86111111 0
7586 9.2 19.86111111 0
7587 9.4 19.86111111 0
7588 9.6 19.86111111 0
7589 9.8 19.86111111 0
7590 10 19.86111111 0
7591 10.2 19.86111111 0
7592 10.4 19.86111111 0
7593 10.6 19.86111111 0
7594 10.8 19.86111111 0
7595 11 19.86111111 0
7596 11.2 19.86111111 0
7597 11.4 19.86111111 0
7598 11.6 19.86111111 0
7599 11.8 19.86111111 0
7600 12 19.86111111 0
7601 0 20.05555556 0
7602 0.1 20.05555556 0
7603 0.2 20.05555556 0
7604 0.3 20.05555556 0
7605 0.4 20.05555556 0
7606 0.5 20.05555556 0
7607 0.6 20.05555556 0
7608 0.7 20.05555556 0
7609 0.8 20.05555556 0
7610 0.9 20.05555556 0
7611 1 20.05555556 0
7612 1.1 20.05555556 0
7613 1.2 20.05555556 0
7614 1.3 20.05555556 0
7615 1.4 20.05555556 0
7616 1.5 20.05555556 0
7617 1.6 20.05555556 0
7618 1.7 20.05555556 0
7619 1.8 20.05555556 0
7620 1.9 20.05555556 0
7621 2 20.05555556 0
7622 2.1 20.05555556 0
7623 2.2 20.05555556 0
7624 2.3 20.05555556 0
7625 2.4 20.05555556 0
7626 2.5 20.05555556 0
7627 2.6 20.05555556 0
7628 2.7 20.05555556 0
7629 2.8 20.05555556 0
7630 2.9 20.05555556 0
7631 3 20.05555556 0
7632 3.2 20.05555556 0
7633 3.4 20.05555556 0
7634 3.6 20.05555556 0
7635 3.8 20.05555556 0
7636 4 20.05555556 0
7637 4.2 20.05555556 0
7638 4.4 20.05555556 0
7639 4.6 20.05555556 0
7640 4.8 20.05555556 0
7641 5 20.05555556 0
7642 5.2 20.05555556 0
7643 5.4 20.05555556 0
7644 5.6 20.05555556 0
7645 5.8 20.05555556 0
7646 6 20.05555556 0
7647 6.2 20.05555556 0
7648 6.4 20.05555556 0
7649 6.6 20.05555556 0
7650 6.8 20.05555556 0
7651 7 20.05555556 0
7652 7.2 20.05555556 0
7653 7.4 20.05555556 0
7654 7.6 20.05555556 0
7655 7.8 20.05555556 0
7656 8 20.05555556 0
7657 8.2 20.05555556 0
7658 8.4 20.05555556 0
7659 8.6 20.05555556 0
7660 8.8 20.05555556 0
7661 9 20.05555556 0
7662 9.2 20.05555556 0
7663 9.4 20.05555556 0
7664 9.6 20.05555556 0
7665 9.8 20.05555556 0
7666 10 20.05555556 0
7667 10.2 20.05555556 0
7668 10.4 20.05555556 0
7669 10.6 20.05555556 0
7670 10.8 20.05555556 0
7671 11 20.05555556 0
7672 11.2 20.05555556 0
7673 11.4 20.05555556 0
7674 11.6 20.05555556 0
7675 11.8 20.05555556 0
7676 12 20.05555556 0
7677 0 20.25 0
7678 0.1 20.25 0
7679 0.2 20.25 0
7680 0.3 20.25 0
7681 0.4 20.25 0
7682 0.5 20.25 0
7683 0.6 20.25 0
7684 0.7 20.25 0
7685 0.8 20.25 0
7686 0.9 20.25 0
7687 1 20.25 0
7688 1.1 20.25 0
7689 1.2 20.25 0
7690 1.3 20.25 0
7691 1.4 20.25 0
7692 1.5 20.25 0
7693 1.6 20.25 0
7694 1.7 20.25 0
7695 1.8 20.25 0
7696 1.9 20.25 0
7697 2 20.25 0
7698 2.1 20.25 0
7699 2.2 20.25 0
7700 2.3 20.25 0
7701 2.4 20.25 0
7702 2.5 20.25 0
7703 2.6 20.25 0
7704 2.7 20.25 0
7705 2.8 20.25 0
7706 2.9 20.25 0
7707 3 20.25 0
7708 3.2 20.25 0
7709 3.4 20.25 0
7710 3.6 20.25 0
7711 3.8 20.25 0
7712 4 20.25 0
7713 4.2 20.25 0
7714 4.4 20.25 0
7715 4.6 20.25 0
7716 4.8 20.25 0
7717 5 20.25 0
7718 5.2 20.25 0
7719 5.4 20.25 0
7720 5.6 20.25 0
7721 5.8 20.25 0
7722 6 20.25 0
7723 6.2 20.25 0
7724 6.4 20.25 0
7725 6.6 20.25 0
7726 6.8 20.25 0
7727 7 20.25 0
7728 7.2 20.25 0
7729 7.4 20.25 0
7730 7.6 20.25 0
7731 7.8 20.25 0
7732 8 20.25 0
7733 8.2 20.25 0
7734 8.4 20.25 0
7735 8.6 20.25 0
7736 8.8 20.25 0
7737 9 20.25 0
7738 9.2 20.25 0
7739 9.4 20.25 0
7740 9.6 20.25 0
7741 9.8 20.25 0
7742 10 20.25 0
7743 10.2 20.25 0
7744 10.4 20.25 0
7745 10.6 20.25 0
7746 10.8 20.25 0
7747 11 20.25 0
7748 11.2 20.25 0
7749 11.4 20.25 0
7750 11.6 20.25 0
7751 11.8 20.25 0
7752 12 20.25 0
7753 0 20.44444444 0
7754 0.1 20.44444444 0
7755 0.2 20.44444444 0
7756 0.3 20.44444444 0
7757 0.4 20.44444444 0
7758 0.5 20.44444444 0
7759 0.6 20.44444444 0
7760 0.7 20.44444444 0
7761 0.8 20.44444444 0
7762 0.9 20.44444444 0
7763 1 20.44444444 0
7764 1.1 20.44444444 0
7765 1.2 20.44444444 0
7766 1.3 20.44444444 0
7767 1.4 20.44444444 0
7768 1.5 20.44444444 0
7769 1.6 20.44444444 0
7770 1.7 20.44444444 0
7771 1.8 20.44444444 0
7772 1.9 20.44444444 0
7773 2 20.44444444 0
7774 2.1 20.44444444 0
7775 2.2 20.44444444 0
7776 2.3 20.44444444 0
7777 2.4 20.44444444 0
7778 2.5 20.44444444 0
7779 2.6 20.44444444 0
7780 2.7 20.44444444 0
7781 2.8 20.44444444 0
7782 2.9 20.44444444 0
7783 3 20.44444444 0
7784 3.2 20.44444444 0
7785 3.4 20.44444444 0
7786 3.6 20.44444444 0
7787 3.8 20.44444444 0
7788 4 20.44444444 0
7789 4.2 20.44444444 0
7790 4.4 20.44444444 0
7791 4.6 20.44444444 0
7792 4.8 20.44444444 0
7793 5 20.44444444 0
7794 5.2 20.44444444 0
7795 5.4 20.44444444 0
7796 5.6 20.44444444 0
7797 5.8 20.44444444 0
7798 6 20.44444444 0
7799 6.2 20.44444444 0
7800 6.4 20.44444444 0
7801 6.6 20.44444444 0
7802 6.8 20.44444444 0
7803 7 20.44444444 0
7804 7.2 20.44444444 0
7805 7.4 20.44444444 0
7806 7.6 20.44444444 0
7807 7.8 20.44444444 0
7808 8 20.44444444 0
7809 8.2 20.44444444 0
7810 8.4 20.44444444 0
7811 8.6 20.44444444 0
7812 8.8 20.44444444 0
7813 9 20.44444444 0
7814 9.2 20.44444444 0
7815 9.4 20.44444444 0
7816 9.6 20.44444444 0
7817 9.8 20.44444444 0
7818 10 20.44444444 0
7819 10.2 20.44444444 0
7820 10.4 20.44444444 0
7821 10.6 20.44444444 0
7822 10.8 20.44444444 0
7823 11 20.44444444 0
7824 11.2 20.44444444 0
7825 11.4 20.44444444 0
7826 11.6 20.44444444 0
7827 11.8 20.44444444 0
7828 12 20.44444444 0
7829 0 20.63888889 0
7830 0.1 20.63888889 0
7831 0.2 20.63888889 0
7832 0.3 20.63888889 0
7833 0.4 20.63888889 0
7834 0.5 20.63888889 0
7835 0.6 20.63888889 0
7836 0.7 20.63888889 0
7837 0.8 20.63888889 0
7838 0.9 20.63888889 0
7839 1 20.63888889 0
7840 1.1 20.63888889 0
7841 1.2 20.63888889 0
7842 1.3 20.63888889 0
7843 1.4 20.63888889 0
7844 1.5 20.63888889 0
7845 1.6 20.63888889 0
7846 1.7 20.63888889 0
7847 1.8 20.63888889 0
7848 1.9 20.63888889 0
7849 2 20.63888889 0
7850 2.1 20.63888889 0
7851 2.2 20.63888889 0
7852 2.3 20.63888889 0
7853 2.4 20.63888889 0
7854 2.5 20.63888889 0
7855 2.6 20.63888889 0
7856 2.7 20.63888889 0
7857 2.8 20.63888889 0
7858 2.9 20.63888889 0
7859 3 20.63888889 0
7860 3.2 20.63888889 0
7861 3.4 20.63888889 0
7862 3.6 20.63888889 0
7863 3.8 20.63888889 0
7864 4 20.63888889 0
7865 4.2 20.63888889 0
7866 4.4 20.63888889 0
7867 4.6 20.63888889 0
7868 4.8 20.63888889 0
7869 5 20.63888889 0
7870 5.2 20.63888889 0
7871 5.4 20.63888889 0
7872 5.6 20.63888889 0
7873 5.8 20.63888889 0
7874 6 20.63888889 0
7875 6.2 20.63888889 0
7876 6.4 20.63888889 0
7877 6.6 20.63888889 0
7878 6.8 20.63888889 0
7879 7 20.63888889 0
7880 7.2 20.63888889 0
7881 7.4 20.63888889 0
7882 7.6 20.63888889 0
7883 7.8 20.63888889 0
7884 8 20.63888889 0
7885 8.2 20.63888889 0
7886 8.4 20.63888889 0
7887 8.6 20.63888889 0
7888 8.8 20.63888889 0
7889 9 20.63888889 0
7890 9.2 20.63888889 0
7891 9.4 20.63888889 0
7892 9.6 20.63888889 0
7893 9.8 20.63888889 0
7894 10 20.63888889 0
7895 10.2 20.63888889 0
7896 10.4 20.63888889 0
7897 10.6 20.63888889 0
7898 10.8 20.63888889 0
7899 11 20.63888889 0
7900 11.2 20.63888889 0
7901 11.4 20.63888889 0
7902 11.6 20.63888889 0
7903 11.8 20.63888889 0
7904 12 20.63888889 0
7905 0 20.83333333 0
7906 0.1 20.83333333 0
7907 0.2 20.83333333 0
7908 0.3 20.83333333 0
7909 0.4 20.83333333 0
7910 0.5 20.83333333 0
7911 0.6 20.83333333 0
7912 0.7 20.83333333 0
7913 0.8 20.83333333 0
7914 0.9 20.83333333 0
7915 1 20.83333333 0
7916 1.1 20.83333333 0
7917 1.2 20.83333333 0
7918 1.3 20.83333333 0
7919 1.4 20.83333333 0
7920 1.5 20.83333333 0
7921 1.6 20.83333333 0
7922 1.7 20.83333333 0
7923 1.8 20.83333333 0
7924 1.9 20.83333333 0
7925 2 20.83333333 0
7926 2.1 20.83333333 0
7927 2.2 20.83333333 0
7928 2.3 20.83333333 0
7929 2.4 20.83333333 0
7930 2.5 20.83333333 0
7931 2.6 20.83333333 0
7932 2.7 20.83333333 0
7933 2.8 20.83333333 0
7934 2.9 20.83333333 0
7935 3 20.83333333 0
7936 3.2 20.83333333 0
7937 3.4 20.83333333 0
7938 3.6 20.83333333 0
7939 3.8 20.83333333 0
7940 4 20.83333333 0
7941 4.2 20.83333333 0
7942 4.4 20.83333333 0
7943 4.6 20.83333333 0
7944 4.8 20.83333333 0
7945 5 20.83333333 0
7946 5.2 20.83333333 0
7947 5.4 20.83333333 0
7948 5.6 20.83333333 0
7949 5.8 20.83333333 0
7950 6 20.83333333 0
7951 6.2 20.83333333 0
7952 6.4 20.83333333 0
7953 6.6 20.83333333 0
7954 6.8 20.83333333 0
7955 7 20.83333333 0
7956 7.2 20.83333333 0
7957 7.4 20.83333333 0
7958 7.6 20.83333333 0
7959 7.8 20.83333333 0
7960 8 20.83333333 0
7961 8.2 20.83333333 0
7962 8.4 20.83333333 0
7963 8.6 20.83333333 0
7964 8.8 20.83333333 0
7965 9 20.83333333 0
7966 9.2 20.83333333 0
7967 9.4 20.83333333 0
7968 9.6 20.83333333 0
7969 9.8 20.83333333 0
7970 10 20.83333333 0
7971 10.2 20.83333333 0
7972 10.4 20.83333333 0
7973 10.6 20.83333333 0
7974 10.8 20.83333333 0
7975 11 20.83333333 0
7976 11.2 20.83333333 0
7977 11.4 20.83333333 0
7978 11.6 20.83333333 0
7979 11.8 20.83333333 0
7980 12 20.83333333 0
7981 0 21.02777778 0
7982 0.1 21.02777778 0
7983 0.2 21.02777778 0
7984 0.3 21.02777778 0
7985 0.4 21.02777778 0
7986 0.5 21.02777778 0
7987 0.6 21.02777778 0
7988 0.7 21.02777778 0
7989 0.8 21.02777778 0
7990 0.9 21.02777778 0
7991 1 21.02777778 0
7992 1.1 21.02777778 0
7993 1.2 21.02777778 0
7994 1.3 21.02777778 0
7995 1.4 21.02777778 0
7996 1.5 21.02777778 0
7997 1.6 21.02777778 0
7998 1.7 21.02777778 0
7999 1.8 21.02777778 0
8000 1.9 21.02777778 0
8001 2 21.02777778 0
8002 2.1 21.02777778 0
8003 2.2 21.02777778 0
8004 2.3 21.02777778 0
8005 2.4 21.02777778 0
8006 2.5 21.02777778 0
8007 2.6 21.02777778 0
8008 2.7 21.02777778 0
8009 2.8 21.02777778 0
8010 2.9 21.02777778 0
8011 3 21.02777778 0
8012 3.2 21.02777778 0
8013 3.4 21.02777778 0
8014 3.6 21.02777778 0
8015 3.8 21.02777778 0
8016 4 21.02777778 0
8017 4.2 21.02777778 0
8018 4.4 21.02777778 0
8019 4.6 21.02777778 0
8020 4.8 21.02777778 0
8021 5 21.02777778 0
8022 5.2 21.02777778 0
8023 5.4 21.02777778 0
8024 5.6 21.02777778 0
8025 5.8 21.02777778 0
8026 6 21.02777778 0
8027 6.2 21.02777778 0
8028 6.4 21.02777778 0
8029 6.6 21.02777778 0
8030 6.8 21.02777778 0
8031 7 21.02777778 0
8032 7.2 21.02777778 0
8033 7.4 21.02777778 0
8034 7.6 21.02777778 0
8035 7.8 21.02777778 0
8036 8 21.02777778 0
8037 8.2 21.02777778 0
8038 8.4 21.02777778 0
8039 8.6 21.02777778 0
8040 8.8 21.02777778 0
8041 9 21.02777778 0
8042 9.2 21.02777778 0
8043 9.4 21.02777778 0
8044 9.6 21.02777778 0
8045 9.8 21.02777778 0
8046 10 21.02777778 0
8047 10.2 21.02777778 0
8048 10.4 21.02777778 0
8049 10.6 21.02777778 0
8050 10.8 21.02777778 0
8051 11 21.02777778 0
8052 11.2 21.02777778 0
8053 11.4 21.02777778 0
8054 11.6 21.02777778 0
8055 11.8 21.02777778 0
8056 12 21.02777778 0
8057 0 21.22222222 0
8058 0.1 21.22222222 0
8059 0.2 21.22222222 0
8060 0.3 21.22222222 0
8061 0.4 21.22222222 0
8062 0.5 21.22222222 0
8063 0.6 21.22222222 0
8064 0.7 21.22222222 0
8065 0.8 21.22222222 0
8066 0.9 21.22222222 0
8067 1 21.22222222 0
8068 1.1 21.22222222 0
8069 1.2 21.22222222 0
8070 1.3 21.22222222 0
8071 1.4 21.22222222 0
8072 1.5 21.22222222 0
8073 1.6 21.22222222 0
8074 1.7 21.22222222 0
8075 1.8 21.22222222 0
8076 1.9 21.22222222 0
8077 2 21.22222222 0
8078 2.1 21.22222222 0
8079 2.2 21.22222222 0
8080 2.3 21.22222222 0
8081 2.4 21.22222222 0
8082 2.5 21.22222222 0
8083 2.6 21.22222222 0
8084 2.7 21.22222222 0
8085 2.8 21.22222222 0
8086 2.9 21.22222222 0
8087 3 21.22222222 0
8088 3.2 21.22222222 0
8089 3.4 21.22222222 0
8090 3.6 21.22222222 0
8091 3.8 21.22222222 0
8092 4 21.22222222 0
8093 4.2 21.22222222 0
8094 4.4 21.22222222 0
8095 4.6 21.22222222 0
8096 4.8 21.22222222 0
8097 5 21.22222222 0
8098 5.2 21.22222222 0
8099 5.4 21.22222222 0
8100 5.6 21.22222222 0
8101 5.8 21.22222222 0
8102 6 21.22222222 0
8103 6.2 21.22222222 0
8104 6.4 21.22222222 0
8105 6.6 21.22222222 0
8106 6.8 21.22222222 0
8107 7 21.22222222 0
8108 7.2 21.22222222 0
8109 7.4 21.22222222 0
8110 7.6 21.22222222 0
8111 7.8 21.22222222 0
8112 8 21.22222222 0
8113 8.2 21.22222222 0
8114 8.4 21.22222222 0
8115 8.6 21.22222222 0
8116 8.8 21.22222222 0
8117 9 21.22222222 0
8118 9.2 21.22222222 0
8119 9.4 21.22222222 0
8120 9.6 21.22222222 0
8121 9.8 21.22222222 0
8122 10 21.22222222 0
8123 10.2 21.22222222 0
8124 10.4 21.22222222 0
8125 10.6 21.22222222 0
8126 10.8 21.22222222 0
8127 11 21.22222222 0
8128 11.2 21.22222222 0
8129 11.4 21.22222222 0
8130 11.6 21.22222222 0
8131 11.8 21.22222222 0
8132 12 21.22222222 0
8133 0 21.41666667 0
8134 0.1 21.41666667 0
8135 0.2 21.41666667 0
8136 0.3 21.41666667 0
8137 0.4 21.41666667 0
8138 0.5 21.41666667 0
8139 0.6 21.41666667 0
8140 0.7 21.41666667 0
8141 0.8 21.41666667 0
8142 0.9 21.41666667 0
8143 1 21.41666667 0
8144 1.1 21.41666667 0
8145 1.2 21.41666667 0
8146 1.3 21.41666667 0
8147 1.4 21.41666667 0
8148 1.5 21.41666667 0
8149 1.6 21.41666667 0
8150 1.7 21.41666667 0
8151 1.8 21.41666667 0
8152 1.9 21.41666667 0
8153 2 21.41666667 0
8154 2.1 21.41666667 0
8155 2.2 21.41666667 0
8156 2.3 21.41666667 0
8157 2.4 21.41666667 0
8158 2.5 21.41666667 0
8159 2.6 21.41666667 0
8160 2.7 21.41666667 0
8161 2.8 21.41666667 0
8162 2.9 21.41666667 0
8163 3 21.41666667 0
8164 3.2 21.41666667 0
8165 3.4 21.41666667 0
8166 3.6 21.41666667 0
8167 3.8 21.41666667 0
8168 4 21.41666667 0
8169 4.2 21.41666667 0
8170 4.4 21.41666667 0
8171 4.6 21.41666667 0
8172 4.8 21.41666667 0
8173 5 21.41666667 0
8174 5.2 21.41666667 0
8175 5.4 21.41666667 0
8176 5.6 21.41666667 0
8177 5.8 21.41666667 0
8178 6 21.41666667 0
8179 6.2 21.41666667 0
8180 6.4 21.41666667 0
8181 6.6 21.41666667 0
8182 6.8 21.41666667 0
8183 7 21.41666667 0
8184 7.2 21.41666667 0
8185 7.4 21.41666667 0
8186 7.6 21.41666667 0
8187 7.8 21.41666667 0
8188 8 21.41666667 0
8189 8.2 21.41666667 0
8190 8.4 21.41666667 0
8191 8.6 21.41666667 0
8192 8.8 21.41666667 0
8193 9 21.41666667 0
8194 9.2 21.41666667 0
8195 9.4 21.41666667 0
8196 9.6 21.41666667 0
8197 9.8 21.41666667 0
8198 10 21.41666667 0
8199 10.2 21.41666667 0
8200 10.4 21.41666667 0
8201 10.6 21.41666667 0
8202 10.8 21.41666667 0
8203 11 21.41666667 0
8204 11.2 21.41666667 0
8205 11.4 21.41666667 0
8206 11.6 21.41666667 0
8207 11.8 21.41666667 0
8208 12 21.41666667 0
8209 0 21.61111111 0
8210 0.1 21.61111111 0
8211 0.2 21.61111111 0
8212 0.3 21.61111111 0
8213 0.4 21.61111111 0
8214 0.5 21.61111111 0
8215 0.6 21.61111111 0
8216 0.7 21.61111111 0
8217 0.8 21.61111111 0
8218 0.9 21.61111111 0
8219 1 21.61111111 0
8220 1.1 21.61111111 0
8221 1.2 21.61111111 0
8222 1.3 21.61111111 0
8223 1.4 21.61111111 0
8224 1.5 21.61111111 0
8225 1.6 21.61111111 0
8226 1.7 21.61111111 0
8227 1.8 21.61111111 0
8228 1.9 21.61111111 0
8229 2 21.61111111 0
8230 2.1 21.61111111 0
8231 2.2 21.61111111 0
8232 2.3 21.61111111 0
8233 2.4 21.61111111 0
8234 2.5 21.61111111 0
8235 2.6 21.61111111 0
8236 2.7 21.61111111 0
8237 2.8 21.61111111 0
8238 2.9 21.61111111 0
8239 3 21.61111111 0
8240 3.2 21.61111111 0
8241 3.4 21.61111111 0
8242 3.6 21.61111111 0
8243 3.8 21.61111111 0
8244 4 21.61111111 0
8245 4.2 21.61111111 0
8246 4.4 21.61111111 0
8247 4.6 21.61111111 0
8248 4.8 21.61111111 0
8249 5 21.61111111 0
8250 5.2 21.61111111 0
8251 5.4 21.61111111 0
8252 5.6 21.61111111 0
8253 5.8 21.61111111 0
8254 6 21.61111111 0
8255 6.2 21.61111111 0
8256 6.4 21.61111111 0
8257 6.6 21.61111111 0
8258 6.8 21.61111111 0
8259 7 21.61111111 0
8260 7.2 21.61111111 0
8261 7.4 21.61111111 0
8262 7.6 21.61111111 0
8263 7.8 21.61111111 0
8264 8 21.61111111 0
8265 8.2 21.61111111 0
8266 8.4 21.61111111 0
8267 8.6 21.61111111 0
8268 8.8 21.61111111 0
8269 9 21.61111111 0
8270 9.2 21.61111111 0
8271 9.4 21.61111111 0
8272 9.6 21.61111111 0
8273 9.8 21.61111111 0
8274 10 21.61111111 0
8275 10.2 21.61111111 0
8276 10.4 21.61111111 0
8277 10.6 21.61111111 0
8278 10.8 21.61111111 0
8279 11 21.61111111 0
8280 11.2 21.61111111 0
8281 11.4 21.61111111 0
8282 11.6 21.61111111 0
8283 11.8 21.61111111 0
8284 12 21.61111111 0
8285 0 21.80555556 0
8286 0.1 21.80555556 0
8287 0.2 21.80555556 0
8288 0.3 21.80555556 0
8289 0.4 21.80555556 0
8290 0.5 21.80555556 0
8291 0.6 21.80555556 0
8292 0.7 21.80555556 0
8293 0.8 21.80555556 0
8294 0.9 21.80555556 0
8295 1 21.80555556 0
8296 1.1 21.80555556 0
8297 1.2 21.80555556 0
8298 1.3 21.80555556 0
8299 1.4 21.80555556 0
8300 1.5 21.80555556 0
8301 1.6 21.80555556 0
8302 1.7 21.80555556 0
8303 1.8 21.80555556 0
8304 1.9 21.80555556 0
8305 2 21.80555556 0
8306 2.1 21.80555556 0
8307 2.2 21.80555556 0
8308 2.3 21.80555556 0
8309 2.4 21.80555556 0
8310 2.5 21.80555556 0
8311 2.6 21.80555556 0
8312 2.7 21.80555556 0
8313 2.8 21.80555556 0
8314 2.9 21.80555556 0
8315 3 21.80555556 0
8316 3.2 21.80555556 0
8317 3.4 21.80555556 0
8318 3.6 21.80555556 0
8319 3.8 21.80555556 0
8320 4 21.80555556 0
8321 4.2 21.80555556 0
8322 4.4 21.80555556 0
8323 4.6 21.80555556 0
8324 4.8 21.80555556 0
8325 5 21.80555556 0
8326 5.2 21.80555556 0
8327 5.4 21.80555556 0
8328 5.6 21.80555556 0
8329 5.8 21.80555556 0
8330 6 21.80555556 0
8331 6.2 21.80555556 0
8332 6.4 21.80555556 0
8333 6.6 21.80555556 0
8334 6.8 21.80555556 0
8335 7 21.80555556 0
8336 7.2 21.80555556 0
8337 7.4 21.80555556 0
8338 7.6 21.80555556 0
8339 7.8 21.80555556 0
8340 8 21.80555556 0
8341 8.2 21.80555556 0
8342 8.4 21.80555556 0
8343 8.6 21.80555556 0
8344 8.8 21.80555556 0
8345 9 21.80555556 0
8346 9.2 21.80555556 0
8347 9.4 21.80555556 0
8348 9.6 21.80555556 0
8349 9.8 21.80555556 0
8350 10 21.80555556 0
8351 10.2 21.80555556 0
8352 10.4 21.80555556 0
8353 10.6 21.80555556 0
8354 10.8 21.80555556 0
8355 11 21.80555556 0
8356 11.2 21.80555556 0
8357 11.4 21.80555556 0
8358 11.6 21.80555556 0
8359 11.8 21.80555556 0
8360 12 21.80555556 0
8361 0 22 0
8362 0.1 22 0
8363 0.2 22 0
8364 0.3 22 0
8365 0.4 22 0
8366 0.5 22 0
8367 0.6 22 0
8368 0.7 22 0
8369 0.8 22 0
8370 0.9 22 0
8371 1 22 0
8372 1.1 22 0
8373 1.2 22 0
8374 1.3 22 0
8375 1.4 22 0
8376 1.5 22 0
8377 1.6 22 0
8378 1.7 22 0
8379 1.8 22 0
8380 1.9 22 0
8381 2 22 0
8382 2.1 22 0
8383 2.2 22 0
8384 2.3 22 0
8385 2.4 22 0
8386 2.5 22 0
8387 2.6 22 0
8388 2.7 22 0
8389 2.8 22 0
8390 2.9 22 0
8391 3 22 0
8392 3.2 22 0
8393 3.4 22 0
8394 3.6 22 0
8395 3.8 22 0
8396 4 22 0
8397 4.2 22 0
8398 4.4 22 0
8399 4.6 22 0
8400 4.8 22 0
8401 5 22 0
8402 5.2 22 0
8403 5.4 22 0
8404 5.6 22 0
8405 5.8 22 0
8406 6 22 0
8407 6.2 22 0
8408 6.4 22 0
8409 6.6 22 0
8410 6.8 22 0
8411 7 22 0
8412 7.2 22 0
8413 7.4 22 0
8414 7.6 22 0
8415 7.8 22 0
8416 8 22 0
8417 8.2 22 0
8418 8.4 22 0
8419 8.6 22 0
8420 8.8 22 0
8421 9 22 0
8422 9.2 22 0
8423 9.4 22 0
8424 9.6 22 0
8425 9.8 22 0
8426 10 22 0
8427 10.2 22 0
8428 10.4 22 0
8429 10.6 22 0
8430 10.8 22 0
8431 11 22 0
8432 11.2 22 0
8433 11.4 22 0
8434 11.6 22 0
8435 11.8 22 0
8436 12 22 0
8437 0 22.19736842 0
8438 0.1 22.19736842 0
8439 0.2 22.19736842 0
8440 0.3 22.19736842 0
8441 0.4 22.19736842 0
8442 0.5 22.19736842 0
8443 0.6 22.19736842 0
8444 0.7 22.19736842 0
8445 0.8 22.19736842 0
8446 0.9 22.19736842 0
8447 1 22.19736842 0
8448 1.1 22.19736842 0
8449 1.2 22.19736842 0
8450 1.3 22.19736842 0
8451 1.4 22.19736842 0
8452 1.5 22.19736842 0
8453 1.6 22.19736842 0
8454 1.7 22.19736842 0
8455 1.8 22.19736842 0
8456 1.9 22.19736842 0
8457 2 22.19736842 0
8458 2.1 22.19736842 0
8459 2.2 22.19736842 0
8460 2.3 22.19736842 0
8461 2.4 22.19736842 0
8462 2.5 22.19736842 0
8463 2.6 22.19736842 0
8464 2.7 22.19736842 0
8465 2.8 22.19736842 0
8466 2.9 22.19736842 0
8467 3 22.19736842 0
8468 3.2 22.19736842 0
8469 3.4 22.19736842 0
8470 3.6 22.19736842 0
8471 3.8 22.19736842 0
8472 4 22.19736842 0
8473 4.2 22.19736842 0
8474 4.4 22.19736842 0
8475 4.6 22.19736842 0
8476 4.8 22.19736842 0
8477 5 22.19736842 0
8478 5.2 22.19736842 0
8479 5.4 22.19736842 0
8480 5.6 22.19736842 0
8481 5.8 22.19736842 0
8482 6 22.19736842 0
8483 6.2 22.19736842 0
8484 6.4 22.19736842 0
8485 6.6 22.19736842 0
8486 6.8 22.19736842 0
8487 7 22.19736842 0
8488 7.2 22.19736842 0
8489 7.4 22.19736842 0
8490 7.6 22.19736842 0
8491 7.8 22.19736842 0
8492 8 22.19736842 0
8493 8.2 22.19736842 0
8494 8.4 22.19736842 0
8495 8.6 22.19736842 0
8496 8.8 22.19736842 0
8497 9 22.19736842 0
8498 9.2 22.19736842 0
8499 9.4 22.19736842 0
8500 9.6 22.19736842 0
8501 9.8 22.19736842 0
8502 10 22.19736842 0
8503 10.2 22.19736842 0
8504 10.4 22.19736842 0
8505 10.6 22.19736842 0
8506 10.8 22.19736842 0
8507 11 22.19736842 0
8508 11.2 22.19736842 0
8509 11.4 22.19736842 0
8510 11.6 22.19736842 0
8511 11.8 22.19736842 0
8512 12 22.19736842 0
8513 0 22.39473684 0
8514 0.1 22.39473684 0
8515 0.2 22.39473684 0
8516 0.3 22.39473684 0
8517 0.4 22.39473684 0
8518 0.5 22.39473684 0
8519 0.6 22.39473684 0
8520 0.7 22.39473684 0
8521 0.8 22.39473684 0
8522 0.9 22.39473684 0
8523 1 22.39473684 0
8524 1.1 22.39473684 0
8525 1.2 22.39473684 0
8526 1.3 22.39473684 0
8527 1.4 22.39473684 0
8528 1.5 22.39473684 0
8529 1.6 22.39473684 0
8530 1.7 22.39473684 0
8531 1.8 22.39473684 0
8532 1.9 22.39473684 0
8533 2 22.39473684 0
8534 2.1 22.39473684 0
8535 2.2 22.39473684 0
8536 2.3 22.39473684 0
8537 2.4 22.39473684 0
8538 2.5 22.39473684 0
8539 2.6 22.39473684 0
8540 2.7 22.39473684 0
8541 2.8 22.39473684 0
8542 2.9 22.39473684 0
8543 3 22.39473684 0
8544 3.2 22.39473684 0
8545 3.4 22.39473684 0
8546 3.6 22.39473684 0
8547 3.8 22.39473684 0
8548 4 22.39473684 0
8549 4.2 22.39473684 0
8550 4.4 22.39473684 0
8551 4.6 22.39473684 0
8552 4.8 22.39473684 0
8553 5 22.39473684 0
8554 5.2 22.39473684 0
8555 5.4 22.39473684 0
8556 5.6 22.39473684 0
8557 5.8 22.39473684 0
8558 6 22.39473684 0
8559 6.2 22.39473684 0
8560 6.4 22.39473684 0
8561 6.6 22.39473684 0
8562 6.8 22.39473684 0
8563 7 22.39473684 0
8564 7.2 22.39473684 0
8565 7.4 22.39473684 0
8566 7.6 22.39473684 0
8567 7.8 22.39473684 0
8568 8 22.39473684 0
8569 8.2 22.39473684 0
8570 8.4 22.39473684 0
8571 8.6 22.39473684 0
8572 8.8 22.39473684 0
8573 9 22.39473684 0
8574 9.2 22.39473684 0
8575 9.4 22.39473684 0
8576 9.6 22.39473684 0
8577 9.8 22.39473684 0
8578 10 22.39473684 0
8579 10.2 22.39473684 0
8580 10.4 22.39473684 0
8581 10.6 22.39473684 0
8582 10.8 22.39473684 0
8583 11 22.39473684 0
8584 11.2 22.39473684 0
8585 11.4 22.39473684 0
8586 11.6 22.39473684 0
8587 11.8 22.39473684 0
8588 12 22.39473684 0
8589 0 22.59210526 0
8590 0.1 22.59210526 0
8591 0.2 22.59210526 0
8592 0.3 22.59210526 0
8593 0.4 22.59210526 0
8594 0.5 22.59210526 0
8595 0.6 22.59210526 0
8596 0.7 22.59210526 0
8597 0.8 22.59210526 0
8598 0.9 22.59210526 0
8599 1 22.59210526 0
8600 1.1 22.59210526 0
8601 1.2 22.59210526 0
8602 1.3 22.59210526 0
8603 1.4 22.59210526 0
8604 1.5 22.59210526 0
8605 1.6 22.59210526 0
8606 1.7 22.59210526 0
8607 1.8 22.59210526 0
8608 1.9 22.59210526 0
8609 2 22.59210526 0
8610 2.1 22.59210526 0
8611 2.2 22.59210526 0
8612 2.3 22.59210526 0
8613 2.4 22.59210526 0
8614 2.5 22.59210526 0
8615 2.6 22.59210526 0
8616 2.7 22.59210526 0
8617 2.8 22.59210526 0
8618 2.9 22.59210526 0
8619 3 22.59210526 0
8620 3.2 22.59210526 0
8621 3.4 22.59210526 0
8622 3.6 22.59210526 0
8623 3.8 22.59210526 0
8624 4 22.59210526 0
8625 4.2 22.59210526 0
8626 4.4 22.59210526 0
8627 4.6 22.59210526 0
8628 4.8 22.59210526 0
8629 5 22.59210526 0
8630 5.2 22.59210526 0
8631 5.4 22.59210526 0
8632 5.6 22.59210526 0
8633 5.8 22.59210526 0
8634 6 22.59210526 0
8635 6.2 22.59210526 0
8636 6.4 22.59210526 0
8637 6.6 22.59210526 0
8638 6.8 22.59210526 0
8639 7 22.59210526 0
8640 7.2 22.59210526 0
8641 7.4 22.59210526 0
8642 7.6 22.59210526 0
8643 7.8 22.59210526 0
8644 8 22.59210526 0
8645 8.2 22.59210526 0
8646 8.4 22.59210526 0
8647 8.6 22.59210526 0
8648 8.8 22.59210526 0
8649 9 22.59210526 0
8650 9.2 22.59210526 0
8651 9.4 22.59210526 0
8652 9.6 22.59210526 0
8653 9.8 22.59210526 0
8654 10 22.59210526 0
8655 10.2 22.59210526 0
8656 10.4 22.59210526 0
8657 10.6 22.59210526 0
8658 10.8 22.59210526 0
8659 11 22.59210526 0
8660 11.2 22.59210526 0
8661 11.4 22.59210526 0
8662 11.6 22.59210526 0
8663 11.8 22.59210526 0
8664 12 22.59210526 0
8665 0 22.78947368 0
8666 0.1 22.78947368 0
8667 0.2 22.78947368 0
8668 0.3 22.78947368 0
8669 0.4 22.78947368 0
8670 0.5 22.78947368 0
8671 0.6 22.78947368 0
8672 0.7 22.78947368 0
8673 0.8 22.78947368 0
8674 0.9 22.78947368 0
8675 1 22.78947368 0
8676 1.1 22.78947368 0
8677 1.2 22.78947368 0
8678 1.3 22.78947368 0
8679 1.4 22.78947368 0
8680 1.5 22.78947368 0
8681 1.6 22.78947368 0
8682 1.7 22.78947368 0
8683 1.8 22.78947368 0
8684 1.9 22.78947368 0
8685 2 22.78947368 0
8686 2.1 22.78947368 0
8687 2.2 22.78947368 0
8688 2.3 22.78947368 0
8689 2.4 22.78947368 0
8690 2.5 22.78947368 0
8691 2.6 22.78947368 0
8692 2.7 22.78947368 0
8693 2.8 22.78947368 0
8694 2.9 22.78947368 0
8695 3 22.78947368 0
8696 3.2 22.78947368 0
8697 3.4 22.78947368 0
8698 3.6 22.78947368 0
8699 3.8 22.78947368 0
8700 4 22.78947368 0
8701 4.2 22.78947368 0
8702 4.4 22.78947368 0
8703 4.6 22.78947368 0
8704 4.8 22.78947368 0
8705 5 22.78947368 0
8706 5.2 22.78947368 0
8707 5.4 22.78947368 0
8708 5.6 22.78947368 0
8709 5.8 22.78947368 0
8710 6 22.78947368 0
8711 6.2 22.78947368 0
8712 6.4 22.78947368 0
8713 6.6 22.78947368 0
8714 6.8 22.78947368 0
8715 7 22.78947368 0
8716 7.2 22.78947368 0
8717 7.4 22.78947368 0
8718 7.6 22.78947368 0
8719 7.8 22.78947368 0
8720 8 22.78947368 0
8721 8.2 22.78947368 0
8722 8.4 22.78947368 0
8723 8.6 22.78947368 0
8724 8.8 22.78947368 0
8725 9 22.78947368 0
8726 9.2 22.78947368 0
8727 9.4 22.78947368 0
8728 9.6 22.78947368 0
8729 9.8 22.78947368 0
8730 10 22.78947368 0
8731 10.2 22.78947368 0
8732 10.4 22.78947368 0
8733 10.6 22.78947368 0
8734 10.8 22.78947368 0
8735 11 22.78947368 0
8736 11.2 22.78947368 0
8737 11.4 22.78947368 0
8738 11.6 22.78947368 0
8739 11.8 22.78947368 0
8740 12 22.78947368 0
8741 0 22.98684211 0
8742 0.1 22.98684211 0
8743 0.2 22.98684211 0
8744 0.3 22.98684211 0
8745 0.4 22.98684211 0
8746 0.5 22.98684211 0
8747 0.6 22.98684211 0
8748 0.7 22.98684211 0
8749 0.8 22.98684211 0
8750 0.9 22.98684211 0
8751 1 22.98684211 0
8752 1.1 22.98684211 0
8753 1.2 22.98684211 0
8754 1.3 22.98684211 0
8755 1.4 22.98684211 0
8756 1.5 22.98684211 0
8757 1.6 22.98684211 0
8758 1.7 22.98684211 0
8759 1.8 22.98684211 0
8760 1.9 22.98684211 0
8761 2 22.98684211 0
8762 2.1 22.98684211 0
8763 2.2 22.98684211 0
8764 2.3 22.98684211 0
8765 2.4 22.98684211 0
8766 2.5 22.98684211 0
8767 2.6 22.98684211 0
8768 2.7 22.98684211 0
8769 2.8 22.98684211 0
8770 2.9 22.98684211 0
8771 3 22.98684211 0
8772 3.2 22.98684211 0
8773 3.4 22.98684211 0
8774 3.6 22.98684211 0
8775 3.8 22.98684211 0
8776 4 22.98684211 0
8777 4.2 22.98684211 0
8778 4.4 22.98684211 0
8779 4.6 22.98684211 0
8780 4.8 22.98684211 0
8781 5 22.98684211 0
8782 5.2 22.98684211 0
8783 5.4 22.98684211 0
8784 5.6 22.98684211 0
8785 5.8 22.98684211 0
8786 6 22.98684211 0
8787 6.2 22.98684211 0
8788 6.4 22.98684211 0
8789 6.6 22.98684211 0
8790 6.8 22.98684211 0
8791 7 22.98684211 0
8792 7.2 22.98684211 0
8793 7.4 22.98684211 0
8794 7.6 22.98684211 0
8795 7.8 22.98684211 0
8796 8 22.98684211 0
8797 8.2 22.98684211 0
8798 8.4 22.98684211 0
8799 8.6 22.98684211 0
8800 8.8 22.98684211 0
8801 9 22.98684211 0
8802 9.2 22.98684211 0
8803 9.4 22.98684211 0
8804 9.6 22.98684211 0
8805 9.8 22.98684211 0
8806 10 22.98684211 0
8807 10.2 22.98684211 0
8808 10.4 22.98684211 0
8809 10.6 22.98684211 0
8810 10.8 22.98684211 0
8811 11 22.98684211 0
8812 11.2 22.98684211 0
8813 11.4 22.98684211 0
8814 11.6 22.98684211 0
8815 11.8 22.98684211 0
8816 12 22.98684211 0
8817 0 23.18421053 0
8818 0.1 23.18421053 0
8819 0.2 23.18421053 0
8820 0.3 23.18421053 0
8821 0.4 23.18421053 0
8822 0.5 23.18421053 0
8823 0.6 23.18421053 0
8824 0.7 23.18421053 0
8825 0.8 23.18421053 0
8826 0.9 23.18421053 0
8827 1 23.18421053 0
8828 1.1 23.18421053 0
8829 1.2 23.18421053 0
8830 1.3 23.18421053 0
8831 1.4 23.18421053 0
8832 1.5 23.18421053 0
8833 1.6 23.18421053 0
8834 1.7 23.18421053 0
8835 1.8 23.18421053 0
8836 1.9 23.18421053 0
8837 2 23.18421053 0
8838 2.1 23.18421053 0
8839 2.2 23.18421053 0
8840 2.3 23.18421053 0
8841 2.4 23.18421053 0
8842 2.5 23.18421053 0
8843 2.6 23.18421053 0
8844 2.7 23.18421053 0
8845 2.8 23.18421053 0
8846 2.9 23.18421053 0
8847 3 23.18421053 0
8848 3.2 23.18421053 0
8849 3.4 23.18421053 0
8850 3.6 23.18421053 0
8851 3.8 23.18421053 0
8852 4 23.18421053 0
8853 4.2 23.18421053 0
8854 4.4 23.18421053 0
8855 4.6 23.18421053 0
8856 4.8 23.18421053 0
8857 5 23.18421053 0
8858 5.2 23.18421053 0
8859 5.4 23.18421053 0
8860 5.6 23.18421053 0
8861 5.8 23.18421053 0
8862 6 23.18421053 0
8863 6.2 23.18421053 0
8864 6.4 23.18421053 0
8865 6.6 23.18421053 0
8866 6.8 23.18421053 0
8867 7 23.18421053 0
8868 7.2 23.18421053 0
8869 7.4 23.18421053 0
8870 7.6 23.18421053 0
8871 7.8 23.18421053 0
8872 8 23.18421053 0
8873 8.2 23.18421053 0
8874 8.4 23.18421053 0
8875 8.6 23.18421053 0
8876 8.8 23.18421053 0
8877 9 23.18421053 0
8878 9.2 23.18421053 0
8879 9.4 23.18421053 0
8880 9.6 23.18421053 0
8881 9.8 23.18421053 0
8882 10 23.18421053 0
8883 10.2 23.18421053 0
8884 10.4 23.18421053 0
8885 10.6 23.18421053 0
8886 10.8 23.18421053 0
8887 11 23.18421053 0
8888 11.2 23.18421053 0
8889 11.4 23.18421053 0
8890 11.6 23.18421053 0
8891 11.8 23.18421053 0
8892 12 23.18421053 0
8893 0 23.38157895 0
8894 0.1 23.38157895 0
8895 0.2 23.38157895 0
8896 0.3 23.38157895 0
8897 0.4 23.38157895 0
8898 0.5 23.38157895 0
8899 0.6 23.38157895 0
8900 0.7 23.38157895 0
8901 0.8 23.38157895 0
8902 0.9 23.38157895 0
8903 1 23.38157895 0
8904 1.1 23.38157895 0
8905 1.2 23.38157895 0
8906 1.3 23.38157895 0
8907 1.4 23.38157895 0
8908 1.5 23.38157895 0
8909 1.6 23.38157895 0
8910 1.7 23.38157895 0
8911 1.8 23.38157895 0
8912 1.9 23.38157895 0
8913 2 23.38157895 0
8914 2.1 23.38157895 0
8915 2.2 23.38157895 0
8916 2.3 23.38157895 0
8917 2.4 23.38157895 0
8918 2.5 23.38157895 0
8919 2.6 23.38157895 0
8920 2.7 23.38157895 0
8921 2.8 23.38157895 0
8922 2.9 23.38157895 0
8923 3 23.38157895 0
8924 3.2 23.38157895 0
8925 3.4 23.38157895 0
8926 3.6 23.38157895 0
8927 3.8 23.38157895 0
8928 4 23.38157895 0
8929 4.2 23.38157895 0
8930 4.4 23.38157895 0
8931 4.6 23.38157895 0
8932 4.8 23.38157895 0
8933 5 23.38157895 0
8934 5.2 23.38157895 0
8935 5.4 23.38157895 0
8936 5.6 23.38157895 0
8937 5.8 23.38157895 0
8938 6 23.38157895 0
8939 6.2 23.38157895 0
8940 6.4 23.38157895 0
8941 6.6 23.38157895 0
8942 6.8 23.38157895 0
8943 7 23.38157895 0
8944 7.2 23.38157895 0
8945 7.4 23.38157895 0
8946 7.6 23.38157895 0
8947 7.8 23.38157895 0
8948 8 23.38157895 0
8949 8.2 23.38157895 0
8950 8.4 23.38157895 0
8951 8.6 23.38157895 0
8952 8.8 23.38157895 0
8953 9 23.38157895 0
8954 9.2 23.38157895 0
8955 9.4 23.38157895 0
8956 9.6 23.38157895 0
8957 9.8 23.38157895 0
8958 10 23.38157895 0
8959 10.2 23.38157895 0
8960 10.4 23.38157895 0
8961 10.6 23.38157895 0
8962 10.8 23.38157895 0
8963 11 23.38157895 0
8964 11.2 23.38157895 0
8965 11.4 23.38157895 0
8966 11.6 23.38157895 0
8967 11.8 23.38157895 0
8968 12 23.38157895 0
8969 0 23.57894737 0
8970 0.1 23.57894737 0
8971 0.2 23.57894737 0
8972 0.3 23.57894737 0
8973 0.4 23.57894737 0
8974 0.5 23.57894737 0
8975 0.6 23.57894737 0
8976 0.7 23.57894737 0
8977 0.8 23.57894737 0
8978 0.9 23.57894737 0
8979 1 23.57894737 0
8980 1.1 23.57894737 0
8981 1.2 23.57894737 0
8982 1.3 23.57894737 0
8983 1.4 23.57894737 0
8984 1.5 23.57894737 0
8985 1.6 23.57894737 0
8986 1.7 23.57894737 0
8987 1.8 23.57894737 0
8988 1.9 23.57894737 0
8989 2 23.57894737 0
8990 2.1 23.57894737 0
8991 2.2 23.57894737 0
8992 2.3 23.57894737 0
8993 2.4 23.57894737 0
8994 2.5 23.57894737 0
8995 2.6 23.57894737 0
8996 2.7 23.57894737 0
8997 2.8 23.57894737 0
8998 2.9 23.57894737 0
8999 3 23.57894737 0
9000 3.2 23.57894737 0
9001 3.4 23.57894737 0
9002 3.6 23.57894737 0
9003 3.8 23.57894737 0
9004 4 23.57894737 0
9005 4.2 23.57894737 0
9006 4.4 23.57894737 0
9007 4.6 23.57894737 0
9008 4.8 23.57894737 0
9009 5 23.57894737 0
9010 5.2 23.57894737 0
9011 5.4 23.57894737 0
9012 5.6 23.57894737 0
9013 5.8 23.57894737 0
9014 6 23.57894737 0
9015 6.2 23.57894737 0
9016 6.4 23.57894737 0
9017 6.6 23.57894737 0
9018 6.8 23.57894737 0
9019 7 23.57894737 0
9020 7.2 23.57894737 0
9021 7.4 23.57894737 0
9022 7.6 23.57894737 0
9023 7.8 23.57894737 0
9024 8 23.57894737 0
9025 8.2 23.57894737 0
9026 8.4 23.57894737 0
9027 8.6 23.57894737 0
9028 8.8 23.57894737 0
9029 9 23.57894737 0
9030 9.2 23.57894737 0
9031 9.4 23.57894737 0
9032 9.6 23.57894737 0
9033 9.8 23.57894737 0
9034 10 23.57894737 0
9035 10.2 23.57894737 0
9036 10.4 23.57894737 0
9037 10.6 23.57894737 0
9038 10.8 23.57894737 0
9039 11 23.57894737 0
9040 11.2 23.57894737 0
9041 11.4 23.57894737 0
9042 11.6 23.57894737 0
9043 11.8 23.57894737 0
9044 12 23.57894737 0
9045 0 23.77631579 0
9046 0.1 23.77631579 0
9047 0.2 23.77631579 0
9048 0.3 23.77631579 0
9049 0.4 23.77631579 0
9050 0.5 23.77631579 0
9051 0.6 23.77631579 0
9052 0.7 23.77631579 0
9053 0.8 23.77631579 0
9054 0.9 23.77631579 0
9055 1 23.77631579 0
9056 1.1 23.77631579 0
9057 1.2 23.77631579 0
9058 1.3 23.77631579 0
9059 1.4 23.77631579 0
9060 1.5 23.77631579 0
9061 1.6 23.77631579 0
9062 1.7 23.77631579 0
9063 1.8 23.77631579 0
9064 1.9 23.77631579 0
9065 2 23.77631579 0
9066 2.1 23.77631579 0
9067 2.2 23.77631579 0
9068 2.3 23.77631579 0
9069 2.4 23.77631579 0
9070 2.5 23.77631579 0
9071 2.6 23.77631579 0
9072 2.7 23.77631579 0
9073 2.8 23.77631579 0
9074 2.9 23.77631579 0
9075 3 23.77631579 0
9076 3.2 23.77631579 0
9077 3.4 23.77631579 0
9078 3.6 23.77631579 0
9079 3.8 23.77631579 0
9080 4 23.77631579 0
9081 4.2 23.77631579 0
9082 4.4 23.77631579 0
9083 4.6 23.77631579 0
9084 4.8 23.77631579 0
9085 5 23.77631579 0
9086 5.2 23.77631579 0
9087 5.4 23.77631579 0
9088 5.6 23.77631579 0
9089 5.8 23.77631579 0
9090 6 23.77631579 0
9091 6.2 23.77631579 0
9092 6.4 23.77631579 0
9093 6.6 23.77631579 0
9094 6.8 23.77631579 0
9095 7 23.77631579 0
9096 7.2 23.77631579 0
9097 7.4 23.77631579 0
9098 7.6 23.77631579 0
9099 7.8 23.77631579 0
9100 8 23.77631579 0
9101 8.2 23.77631579 0
9102 8.4 23.77631579 0
9103 8.6 23.77631579 0
9104 8.8 23.77631579 0
9105 9 23.77631579 0
9106 9.2 23.77631579 0
9107 9.4 23.77631579 0
9108 9.6 23.77631579 0
9109 9.8 23.77631579 0
9110 10 23.77631579 0
9111 10.2 23.77631579 0
9112 10.4 23.77631579 0
9113 10.6 23.77631579 0
9114 10.8 23.77631579 0
9115 11 23.77631579 0
9116 11.2 23.77631579 0
9117 11.4 23.77631579 0
9118 11.6 23.77631579 0
9119 11.8 23.77631579 0
9120 12 23.77631579 0
9121 0 23.97368421 0
9122 0.1 23.97368421 0
9123 0.2 23.97368421 0
9124 0.3 23.97368421 0
9125 0.4 23.97368421 0
9126 0.5 23.97368421 0
9127 0.6 23.97368421 0
9128 0.7 23.97368421 0
9129 0.8 23.97368421 0
9130 0.9 23.97368421 0
9131 1 23.97368421 0
9132 1.1 23.97368421 0
9133 1.2 23.97368421 0
9134 1.3 23.97368421 0
9135 1.4 23.97368421 0
9136 1.5 23.97368421 0
9137 1.6 23.97368421 0
9138 1.7 23.97368421 0
9139 1.8 23.97368421 0
9140 1.9 23.97368421 0
9141 2 23.97368421 0
9142 2.1 23.97368421 0
9143 2.2 23.97368421 0
9144 2.3 23.97368421 0
9145 2.4 23.97368421 0
9146 2.5 23.97368421 0
9147 2.6 23.97368421 0
9148 2.7 23.97368421 0
9149 2.8 23.97368421 0
9150 2.9 23.97368421 0
9151 3 23.97368421 0
9152 3.2 23.97368421 0
9153 3.4 23.97368421 0
9154 3.6 23.97368421 0
9155 3.8 23.97368421 0
9156 4 23.97368421 0
9157 4.2 23.97368421 0
9158 4.4 23.97368421 0
9159 4.6 23.97368421 0
9160 4.8 23.97368421 0
9161 5 23.97368421 0
9162 5.2 23.97368421 0
9163 5.4 23.97368421 0
9164 5.6 23.97368421 0
9165 5.8 23.97368421 0
9166 6 23.97368421 0
9167 6.2 23.97368421 0
9168 6.4 23.97368421 0
9169 6.6 23.97368421 0
9170 6.8 23.97368421 0
9171 7 23.97368421 0
9172 7.2 23.97368421 0
9173 7.4 23.97368421 0
9174 7.6 23.97368421 0
9175 7.8 23.97368421 0
9176 8 23.97368421 0
9177 8.2 23.97368421 0
9178 8.4 23.97368421 0
9179 8.6 23.97368421 0
9180 8.8 23.97368421 0
9181 9 23.97368421 0
9182 9.2 23.97368421 0
9183 9.4 23.97368421 0
9184 9.6 23.97368421 0
9185 9.8 23.97368421 0
9186 10 23.97368421 0
9187 10.2 23.97368421 0
9188 10.4 23.97368421 0
9189 10.6 23.97368421 0
9190 10.8 23.97368421 0
9191 11 23.97368421 0
9192 11.2 23.97368421 0
9193 11.4 23.97368421 0
9194 11.6 23.97368421 0
9195 11.8 23.97368421 0
9196 12 23.97368421 0
9197 0 24.17105263 0
9198 0.1 24.17105263 0
9199 0.2 24.17105263 0
9200 0.3 24.17105263 0
9201 0.4 24.17105263 0
9202 0.5 24.17105263 0
9203 0.6 24.17105263 0
9204 0.7 24.17105263 0
9205 0.8 24.17105263 0
9206 0.9 24.17105263 0
9207 1 24.17105263 0
9208 1.1 24.17105263 0
9209 1.2 24.17105263 0
9210 1.3 24.17105263 0
9211 1.4 24.17105263 0
9212 1.5 24.17105263 0
9213 1.6 24.17105263 0
9214 1.7 24.17105263 0
9215 1.8 24.17105263 0
9216 1.9 24.17105263 0
9217 2 24.17105263 0
9218 2.1 24.17105263 0
9219 2.2 24.17105263 0
9220 2.3 24.17105263 0
9221 2.4 24.17105263 0
9222 2.5 24.17105263 0
9223 2.6 24.17105263 0
9224 2.7 24.17105263 0
9225 2.8 24.17105263 0
9226 2.9 24.17105263 0
9227 3 24.17105263 0
9228 3.2 24.17105263 0
9229 3.4 24.17105263 0
9230 3.6 24.17105263 0
9231 3.8 24.17105263 0
9232 4 24.17105263 0
9233 4.2 24.17105263 0
9234 4.4 24.17105263 0
9235 4.6 24.17105263 0
9236 4.8 24.17105263 0
9237 5 24.17105263 0
9238 5.2 24.17105263 0
9239 5.4 24.17105263 0
9240 5.6 24.17105263 0
9241 5.8 24.17105263 0
9242 6 24.17105263 0
9243 6.2 24.17105263 0
9244 6.4 24.17105263 0
9245 6.6 24.17105263 0
9246 6.8 24.17105263 0
9247 7 24.17105263 0
9248 7.2 24.17105263 0
9249 7.4 24.17105263 0
9250 7.6 24.17105263 0
9251 7.8 24.17105263 0
9252 8 24.17105263 0
9253 8.2 24.17105263 0
9254 8.4 24.17105263 0
9255 8.6 24.17105263 0
9256 8.8 24.17105263 0
9257 9 24.17105263 0
9258 9.2 24.17105263 0
9259 9.4 24.17105263 0
9260 9.6 24.17105263 0
9261 9.8 24.17105263 0
9262 10 24.17105263 0
9263 10.2 24.17105263 0
9264 10.4 24.17105263 0
9265 10.6 24.17105263 0
9266 10.8 24.17105263 0
9267 11 24.17105263 0
9268 11.2 24.17105263 0
9269 11.4 24.17105263 0
9270 11.6 24.17105263 0
9271 11.8 24.17105263 0
9272 12 24.17105263 0
9273 0 24.36842105 0
9274 0.1 24.36842105 0
9275 0.2 24.36842105 0
9276 0.3 24.36842105 0
9277 0.4 24.36842105 0
9278 0.5 24.36842105 0
9279 0.6 24.36842105 0
9280 0.7 24.36842105 0
9281 0.8 24.36842105 0
9282 0.9 24.36842105 0
9283 1 24.36842105 0
9284 1.1 24.36842105 0
9285 1.2 24.36842105 0
9286 1.3 24.36842105 0
9287 1.4 24.36842105 0
9288 1.5 24.36842105 0
9289 1.6 24.36842105 0
9290 1.7 24.36842105 0
9291 1.8 24.36842105 0
9292 1.9 24.36842105 0
9293 2 24.36842105 0
9294 2.1 24.36842105 0
9295 2.2 24.36842105 0
9296 2.3 24.36842105 0
9297 2.4 24.36842105 0
9298 2.5 24.36842105 0
9299 2.6 24.36842105 0
9300 2.7 24.36842105 0
9301 2.8 24.36842105 0
9302 2.9 24.36842105 0
9303 3 24.36842105 0
9304 3.2 24.36842105 0
9305 3.4 24.36842105 0
9306 3.6 24.36842105 0
9307 3.8 24.36842105 0
9308 4 24.36842105 0
9309 4.2 24.36842105 0
9310 4.4 24.36842105 0
9311 4.6 24.36842105 0
9312 4.8 24.36842105 0
9313 5 24.36842105 0
9314 5.2 24.36842105 0
9315 5.4 24.36842105 0
9316 5.6 24.36842105 0
9317 5.8 24.36842105 0
9318 6 24.36842105 0
9319 6.2 24.36842105 0
9320 6.4 24.36842105 0
9321 6.6 24.36842105 0
9322 6.8 24.36842105 0
9323 7 24.36842105 0
9324 7.2 24.36842105 0
9325 7.4 24.36842105 0
9326 7.6 24.36842105 0
9327 7.8 24.36842105 0
9328 8 24.36842105 0
9329 8.2 24.36842105 0
9330 8.4 24.36842105 0
9331 8.6 24.36842105 0
9332 8.8 24.36842105 0
9333 9 24.36842105 0
9334 9.2 24.36842105 0
9335 9.4 24.36842105 0
9336 9.6 24.36842105 0
9337 9.8 24.36842105 0
9338 10 24.36842105 0
9339 10.2 24.36842105 0
9340 10.4 24.36842105 0
9341 10.6 24.36842105 0
9342 10.8 24.36842105 0
9343 11 24.36842105 0
9344 11.2 24.36842105 0
9345 11.4 24.36842105 0
9346 11.6 24.36842105 0
9347 11.8 24.36842105 0
9348 12 24.36842105 0
9349 0 24.56578947 0
9350 0.1 24.56578947 0
9351 0.2 24.56578947 0
9352 0.3 24.56578947 0
9353 0.4 24.56578947 0
9354 0.5 24.56578947 0
9355 0.6 24.56578947 0
9356 0.7 24.56578947 0
9357 0.8 24.56578947 0
9358 0.9 24.56578947 0
9359 1 24.56578947 0
9360 1.1 24.56578947 0
9361 1.2 24.56578947 0
9362 1.3 24.56578947 0
9363 1.4 24.56578947 0
9364 1.5 24.56578947 0
9365 1.6 24.56578947 0
9366 1.7 24.56578947 0
9367 1.8 24.56578947 0
9368 1.9 24.56578947 0
9369 2 24.56578947 0
9370 2.1 24.56578947 0
9371 2.2 24.56578947 0
9372 2.3 24.56578947 0
9373 2.4 24.56578947 0
9374 2.5 24.56578947 0
9375 2.6 24.56578947 0
9376 2.7 24.56578947 0
9377 2.8 24.56578947 0
9378 2.9 24.56578947 0
9379 3 24.56578947 0
9380 3.2 24.56578947 0
9381 3.4 24.56578947 0
9382 3.6 24.56578947 0
9383 3.8 24.56578947 0
9384 4 24.56578947 0
9385 4.2 24.56578947 0
9386 4.4 24.56578947 0
9387 4.6 24.56578947 0
9388 4.8 24.56578947 0
9389 5 24.56578947 0
9390 5.2 24.56578947 0
9391 5.4 24.56578947 0
9392 5.6 24.56578947 0
9393 5.8 24.56578947 0
9394 6 24.56578947 0
9395 6.2 24.56578947 0
9396 6.4 24.56578947 0
9397 6.6 24.56578947 0
9398 6.8 24.56578947 0
9399 7 24.56578947 0
9400 7.2 24.56578947 0
9401 7.4 24.56578947 0
9402 7.6 24.56578947 0
9403 7.8 24.56578947 0
9404 8 24.56578947 0
9405 8.2 24.56578947 0
9406 8.4 24.56578947 0
9407 8.6 24.56578947 0
9408 8.8 24.56578947 0
9409 9 24.56578947 0
9410 9.2 24.56578947 0
9411 9.4 24.56578947 0
9412 9.6 24.56578947 0
9413 9.8 24.56578947 0
9414 10 24.56578947 0
9415 10.2 24.56578947 0
9416 10.4 24.56578947 0
9417 10.6 24.56578947 0
9418 10.8 24.56578947 0
9419 11 24.56578947 0
9420 11.2 24.56578947 0
9421 11.4 24.56578947 0
9422 11.6 24.56578947 0
9423 11.8 24.56578947 0
9424 12 24.56578947 0
9425 0 24.76315789 0
9426 0.1 24.76315789 0
9427 0.2 24.76315789 0
9428 0.3 24.76315789 0
9429 0.4 24.76315789 0
9430 0.5 24.76315789 0
9431 0.6 24.76315789 0
9432 0.7 24.76315789 0
9433 0.8 24.76315789 0
9434 0.9 24.76315789 0
9435 1 24.76315789 0
9436 1.1 24.76315789 0
9437 1.2 24.76315789 0
9438 1.3 24.76315789 0
9439 1.4 24.76315789 0
9440 1.5 24.76315789 0
9441 1.6 24.76315789 0
9442 1.7 24.76315789 0
9443 1.8 24.76315789 0
9444 1.9 24.76315789 0
9445 2 24.76315789 0
9446 2.1 24.76315789 0
9447 2.2 24.76315789 0
9448 2.3 24.76315789 0
9449 2.4 24.76315789 0
9450 2.5 24.76315789 0
9451 2.6 24.76315789 0
9452 2.7 24.76315789 0
9453 2.8 24.76315789 0
9454 2.9 24.76315789 0
9455 3 24.76315789 0
9456 3.2 24.76315789 0
9457 3.4 24.76315789 0
9458 3.6 24.76315789 0
9459 3.8 24.76315789 0
9460 4 24.76315789 0
9461 4.2 24.76315789 0
9462 4.4 24.76315789 0
9463 4.6 24.76315789 0
9464 4.8 24.76315789 0
9465 5 24.76315789 0
9466 5.2 24.76315789 0
9467 5.4 24.76315789 0
9468 5.6 24.76315789 0
9469 5.8 24.76315789 0
9470 6 24.76315789 0
9471 6.2 24.76315789 0
9472 6.4 24.76315789 0
9473 6.6 24.76315789 0
9474 6.8 24.76315789 0
9475 7 24.76315789 0
9476 7.2 24.76315789 0
9477 7.4 24.76315789 0
9478 7.6 24.76315789 0
9479 7.8 24.76315789 0
9480 8 24.76315789 0
9481 8.2 24.76315789 0
9482 8.4 24.76315789 0
9483 8.6 24.76315789 0
9484 8.8 24.76315789 0
9485 9 24.76315789 0
9486 9.2 24.76315789 0
9487 9.4 24.76315789 0
9488 9.6 24.76315789 0
9489 9.8 24.76315789 0
9490 10 24.76315789 0
9491 10.2 24.76315789 0
9492 10.4 24.76315789 0
9493 10.6 24.76315789 0
9494 10.8 24.76315789 0
9495 11 24.76315789 0
9496 11.2 24.76315789 0
9497 11.4 24.76315789 0
9498 11.6 24.76315789 0
9499 11.8 24.76315789 0
9500 12 24.76315789 0
9501 0 24.96052632 0
9502 0.1 24.96052632 0
9503 0.2 24.96052632 0
9504 0.3 24.96052632 0
9505 0.4 24.96052632 0
9506 0.5 24.96052632 0
9507 0.6 24.96052632 0
9508 0.7 24.96052632 0
9509 0.8 24.96052632 0
9510 0.9 24.96052632 0
9511 1 24.96052632 0
9512 1.1 24.96052632 0
9513 1.2 24.96052632 0
9514 1.3 24.96052632 0
9515 1.4 24.96052632 0
9516 1.5 24.96052632 0
9517 1.6 24.96052632 0
9518 1.7 24.96052632 0
9519 1.8 24.96052632 0
9520 1.9 24.96052632 0
9521 2 24.96052632 0
9522 2.1 24.96052632 0
9523 2.2 24.96052632 0
9524 2.3 24.96052632 0
9525 2.4 24.96052632 0
9526 2.5 24.96052632 0
9527 2.6 24.96052632 0
9528 2.7 24.96052632 0
9529 2.8 24.96052632 0
9530 2.9 24.96052632 0
9531 3 24.96052632 0
9532 3.2 24.96052632 0
9533 3.4 24.96052632 0
9534 3.6 24.96052632 0
9535 3.8 24.96052632 0
9536 4 24.96052632 0
9537 4.2 24.96052632 0
9538 4.4 24.96052632 0
9539 4.6 24.96052632 0
9540 4.8 24.96052632 0
9541 5 24.96052632 0
9542 5.2 24.96052632 0
9543 5.4 24.96052632 0
9544 5.6 24.96052632 0
9545 5.8 24.96052632 0
9546 6 24.96052632 0
9547 6.2 24.96052632 0
9548 6.4 24.96052632 0
9549 6.6 24.96052632 0
9550 6.8 24.96052632 0
9551 7 24.96052632 0
9552 7.2 24.96052632 0
9553 7.4 24.96052632 0
9554 7.6 24.96052632 0
9555 7.8 24.96052632 0
9556 8 24.96052632 0
9557 8.2 24.96052632 0
9558 8.4 24.96052632 0
9559 8.6 24.96052632 0
9560 8.8 24.96052632 0
9561 9 24.96052632 0
9562 9.2 24.96052632 0
9563 9.4 24.96052632 0
9564 9.6 24.96052632 0
9565 9.8 24.96052632 0
9566 10 24.96052632 0
9567 10.2 24.96052632 0
9568 10.4 24.96052632 0
9569 10.6 24.96052632 0
9570 10.8 24.96052632 0
9571 11 24.96052632 0
9572 11.2 24.96052632 0
9573 11.4 24.96052632 0
9574 11.6 24.96052632 0
9575 11.8 24.96052632 0
9576 12 24.96052632 0
9577 0 25.15789474 0
9578 0.1 25.15789474 0
9579 0.2 25.15789474 0
9580 0.3 25.15789474 0
9581 0.4 25.15789474 0
9582 0.5 25.15789474 0
9583 0.6 25.15789474 0
9584 0.7 25.15789474 0
9585 0.8 25.15789474 0
9586 0.9 25.15789474 0
9587 1 25.15789474 0
9588 1.1 25.15789474 0
9589 1.2 25.15789474 0
9590 1.3 25.15789474 0
9591 1.4 25.15789474 0
9592 1.5 25.15789474 0
9593 1.6 25.15789474 0
9594 1.7 25.15789474 0
9595 1.8 25.15789474 0
9596 1.9 25.15789474 0
9597 2 25.15789474 0
9598 2.1 25.15789474 0
9599 2.2 25.15789474 0
9600 2.3 25.15789474 0
9601 2.4 25.15789474 0
9602 2.5 25.15789474 0
9603 2.6 25.15789474 0
9604 2.7 25.15789474 0
9605 2.8 25.15789474 0
9606 2.9 25.15789474 0
9607 3 25.15789474 0
9608 3.2 25.15789474 0
9609 3.4 25.15789474 0
9610 3.6 25.15789474 0
9611 3.8 25.15789474 0
9612 4 25.15789474 0
9613 4.2 25.15789474 0
9614 4.4 25.15789474 0
9615 4.6 25.15789474 0
9616 4.8 25.15789474 0
9617 5 25.15789474 0
9618 5.2 25.15789474 0
9619 5.4 25.15789474 0
9620 5.6 25.15789474 0
9621 5.8 25.15789474 0
9622 6 25.15789474 0
9623 6.2 25.15789474 0
9624 6.4 25.15789474 0
9625 6.6 25.15789474 0
9626 6.8 25.15789474 0
9627 7 25.15789474 0
9628 7.2 25.15789474 0
9629 7.4 25.15789474 0
9630 7.6 25.15789474 0
9631 7.8 25.15789474 0
9632 8 25.15789474 0
9633 8.2 25.15789474 0
9634 8.4 25.15789474 0
9635 8.6 25.15789474 0
9636 8.8 25.15789474 0
9637 9 25.15789474 0
9638 9.2 25.15789474 0
9639 9.4 25.15789474 0
9640 9.6 25.15789474 0
9641 9.8 25.15789474 0
9642 10 25.15789474 0
9643 10.2 25.15789474 0
9644 10.4 25.15789474 0
9645 10.6 25.15789474 0
9646 10.8 25.15789474 0
9647 11 25.15789474 0
9648 11.2 25.15789474 0
9649 11.4 25.15789474 0
9650 11.6 25.15789474 0
9651 11.8 25.15789474 0
9652 12 25.15789474 0
9653 0 25.35526316 0
9654 0.1 25.35526316 0
9655 0.2 25.35526316 0
9656 0.3 25.35526316 0
9657 0.4 25.35526316 0
9658 0.5 25.35526316 0
9659 0.6 25.35526316 0
9660 0.7 25.35526316 0
9661 0.8 25.35526316 0
9662 0.9 25.35526316 0
9663 1 25.35526316 0
9664 1.1 25.35526316 0
9665 1.2 25.35526316 0
9666 1.3 25.35526316 0
9667 1.4 25.35526316 0
9668 1.5 25.35526316 0
9669 1.6 25.35526316 0
9670 1.7 25.35526316 0
9671 1.8 25.35526316 0
9672 1.9 25.35526316 0
9673 2 25.35526316 0
9674 2.1 25.35526316 0
9675 2.2 25.35526316 0
9676 2.3 25.35526316 0
9677 2.4 25.35526316 0
9678 2.5 25.35526316 0
9679 2.6 25.35526316 0
9680 2.7 25.35526316 0
9681 2.8 25.35526316 0
9682 2.9 25.35526316 0
9683 3 25.35526316 0
9684 3.2 25.35526316 0
9685 3.4 25.35526316 0
9686 3.6 25.35526316 0
9687 3.8 25.35526316 0
9688 4 25.35526316 0
9689 4.2 25.35526316 0
9690 4.4 25.35526316 0
9691 4.6 25.35526316 0
9692 4.8 25.35526316 0
9693 5 25.35526316 0
9694 5.2 25.35526316 0
9695 5.4 25.35526316 0
9696 5.6 25.35526316 0
9697 5.8 25.35526316 0
9698 6 25.35526316 0
9699 6.2 25.35526316 0
9700 6.4 25.35526316 0
9701 6.6 25.35526316 0
9702 6.8 25.35526316 0
9703 7 25.35526316 0
9704 7.2 25.35526316 0
9705 7.4 25.35526316 0
9706 7.6 25.35526316 0
9707 7.8 25.35526316 0
9708 8 25.35526316 0
9709 8.2 25.35526316 0
9710 8.4 25.35526316 0
9711 8.6 25.35526316 0
9712 8.8 25.35526316 0
9713 9 25.35526316 0
9714 9.2 25.35526316 0
9715 9.4 25.35526316 0
9716 9.6 25.35526316 0
9717 9.8 25.35526316 0
9718 10 25.35526316 0
9719 10.2 25.35526316 0
9720 10.4 25.35526316 0
9721 10.6 25.35526316 0
9722 10.8 25.35526316 0
9723 11 25.35526316 0
9724 11.2 25.35526316 0
9725 11.4 25.35526316 0
9726 11.6 25.35526316 0
9727 11.8 25.35526316 0
9728 12 25.35526316 0
9729 0 25.55263158 0
9730 0.1 25.55263158 0
9731 0.2 25.55263158 0
9732 0.3 25.55263158 0
9733 0.4 25.55263158 0
9734 0.5 25.55263158 0
9735 0.6 25.55263158 0
9736 0.7 25.55263158 0
9737 0.8 25.55263158 0
9738 0.9 25.55263158 0
9739 1 25.55263158 0
9740 1.1 25.55263158 0
9741 1.2 25.55263158 0
9742 1.3 25.55263158 0
9743 1.4 25.55263158 0
9744 1.5 25.55263158 0
9745 1.6 25.55263158 0
9746 1.7 25.55263158 0
9747 1.8 25.55263158 0
9748 1.9 25.55263158 0
9749 2 25.55263158 0
9750 2.1 25.55263158 0
9751 2.2 25.55263158 0
9752 2.3 25.55263158 0
9753 2.4 25.55263158 0
9754 2.5 25.55263158 0
9755 2.6 25.55263158 0
9756 2.7 25.55263158 0
9757 2.8 25.55263158 0
9758 2.9 25.55263158 0
9759 3 25.55263158 0
9760 3.2 25.55263158 0
9761 3.4 25.55263158 0
9762 3.6 25.55263158 0
9763 3.8 25.55263158 0
9764 4 25.55263158 0
9765 4.2 25.55263158 0
9766 4.4 25.55263158 0
9767 4.6 25.55263158 0
9768 4.8 25.55263158 0
9769 5 25.55263158 0
9770 5.2 25.55263158 0
9771 5.4 25.55263158 0
9772 5.6 25.55263158 0
9773 5.8 25.55263158 0
9774 6 25.55263158 0
9775 6.2 25.55263158 0
9776 6.4 25.55263158 0
9777 6.6 25.55263158 0
9778 6.8 25.55263158 0
9779 7 25.55263158 0
9780 7.2 25.55263158 0
9781 7.4 25.55263158 0
9782 7.6 25.55263158 0
9783 7.8 25.55263158 0
9784 8 25.55263158 0
9785 8.2 25.55263158 0
9786 8.4 25.55263158 0
9787 8.6 25.55263158 0
9788 8.8 25.55263158 0
9789 9 25.55263158 0
9790 9.2 25.55263158 0
9791 9.4 25.55263158 0
9792 9.6 25.55263158 0
9793 9.8 25.55263158 0
9794 10 25.55263158 0
9795 10.2 25.55263158 0
9796 10.4 25.55263158 0
9797 10.6 25.55263158 0
9798 10.8 25.55263158 0
9799 11 25.55263158 0
9800 11.2 25.55263158 0
9801 11.4 25.55263158 0
9802 11.6 25.55263158 0
9803 11.8 25.55263158 0
9804 12 25.55263158 0
9805 0 25.75 0
9806 0.1 25.75 0
9807 0.2 25.75 0
9808 0.3 25.75 0
9809 0.4 25.75 0
9810 0.5 25.75 0
9811 0.6 25.75 0
9812 0.7 25.75 0
9813 0.8 25.75 0
9814 0.9 25.75 0
9815 1 25.75 0
9816 1.1 25.75 0
9817 1.2 25.75 0
9818 1.3 25.75 0
9819 1.4 25.75 0
9820 1.5 25.75 0
9821 1.6 25.75 0
9822 1.7 25.75 0
9823 1.8 25.75 0
9824 1.9 25.75 0
9825 2 25.75 0
9826 2.1 25.75 0
9827 2.2 25.75 0
9828 2.3 25.75 0
9829 2.4 25.75 0
9830 2.5 25.75 0
9831 2.6 25.75 0
9832 2.7 25.75 0
9833 2.8 25.75 0
9834 2.9 25.75 0
9835 3 25.75 0
9836 3.2 25.75 0
9837 3.4 25.75 0
9838 3.6 25.75 0
9839 3.8 25.75 0
9840 4 25.75 0
9841 4.2 25.75 0
9842 4.4 25.75 0
9843 4.6 25.75 0
9844 4.8 25.75 0
9845 5 25.75 0
9846 5.2 25.75 0
9847 5.4 25.75 0
9848 5.6 25.75 0
9849 5.8 25.75 0
9850 6 25.75 0
9851 6.2 25.75 0
9852 6.4 25.75 0
9853 6.6 25.75 0
9854 6.8 25.75 0
9855 7 25.75 0
9856 7.2 25.75 0
9857 7.4 25.75 0
9858 7.6 25.75 0
9859 7.8 25.75 0
9860 8 25.75 0
9861 8.2 25.75 0
9862 8.4 25.75 0
9863 8.6 25.75 0
9864 8.8 25.75 0
9865 9 25.75 0
9866 9.2 25.75 0
9867 9.4 25.75 0
9868 9.6 25.75 0
9869 9.8 25.75 0
9870 10 25.75 0
9871 10.2 25.75 0
9872 10.4 25.75 0
9873 10.6 25.75 0
9874 10.8 25.75 0
9875 11 25.75 0
9876 11.2 25.75 0
9877 11.4 25.75 0
9878 11.6 25.75 0
9879 11.8 25.75 0
9880 12 25.75 0
9881 0 25.94736842 0
9882 0.1 25.94736842 0
9883 0.2 25.94736842 0
9884 0.3 25.94736842 0
9885 0.4 25.94736842 0
9886 0.5 25.94736842 0
9887 0.6 25.94736842 0
9888 0.7 25.94736842 0
9889 0.8 25.94736842 0
9890 0.9 25.94736842 0
9891 1 25.94736842 0
9892 1.1 25.94736842 0
9893 1.2 25.94736842 0
9894 1.3 25.94736842 0
9895 1.4 25.94736842 0
9896 1.5 25.94736842 0
9897 1.6 25.94736842 0
9898 1.7 25.94736842 0
9899 1.8 25.94736842 0
9900 1.9 25.94736842 0
9901 2 25.94736842 0
9902 2.1 25.94736842 0
9903 2.2 25.94736842 0
9904 2.3 25.94736842 0
9905 2.4 25.94736842 0
9906 2.5 25.94736842 0
9907 2.6 25.94736842 0
9908 2.7 25.94736842 0
9909 2.8 25.94736842 0
9910 2.9 25.94736842 0
9911 3 25.94736842 0
9912 3.2 25.94736842 0
9913 3.4 25.94736842 0
9914 3.6 25.94736842 0
9915 3.8 25.94736842 0
9916 4 25.94736842 0
9917 4.2 25.94736842 0
9918 4.4 25.94736842 0
9919 4.6 25.94736842 0
9920 4.8 25.94736842 0
9921 5 25.94736842 0
9922 5.2 25.94736842 0
9923 5.4 25.94736842 0
9924 5.6 25.94736842 0
9925 5.8 25.94736842 0
9926 6 25.94736842 0
9927 6.2 25.94736842 0
9928 6.4 25.94736842 0
9929 6.6 25.94736842 0
9930 6.8 25.94736842 0
9931 7 25.94736842 0
9932 7.2 25.94736842 0
9933 7.4 25.94736842 0
9934 7.6 25.94736842 0
9935 7.8 25.94736842 0
9936 8 25.94736842 0
9937 8.2 25.94736842 0
9938 8.4 25.94736842 0
9939 8.6 25.94736842 0
9940 8.8 25.94736842 0
9941 9 25.94736842 0
9942 9.2 25.94736842 0
9943 9.4 25.94736842 0
9944 9.6 25.94736842 0
9945 9.8 25.94736842 0
9946 10 25.94736842 0
9947 10.2 25.94736842 0
9948 10.4 25.94736842 0
9949 10.6 25.94736842 0
9950 10.8 25.94736842 0
9951 11 25.94736842 0
9952 11.2 25.94736842 0
9953 11.4 25.94736842 0
9954 11.6 25.94736842 0
9955 11.8 25.94736842 0
9956 12 25.94736842 0
9957 0 26.14473684 0
9958 0.1 26.14473684 0
9959 0.2 26.14473684 0
9960 0.3 26.14473684 0
9961 0.4 26.14473684 0
9962 0.5 26.14473684 0
9963 0.6 26.14473684 0
9964 0.7 26.14473684 0
9965 0.8 26.14473684 0
9966 0.9 26.14473684 0
9967 1 26.14473684 0
9968 1.1 26.14473684 0
9969 1.2 26.14473684 0
9970 1.3 26.14473684 0
9971 1.4 26.14473684 0
9972 1.5 26.14473684 0
9973 1.6 26.14473684 0
9974 1.7 26.14473684 0
9975 1.8 26.14473684 0
9976 1.9 26.14473684 0
9977 2 26.14473684 0
9978 2.1 26.14473684 0
9979 2.2 26.14473684 0
9980 2.3 26.14473684 0
9981 2.4 26.14473684 0
9982 2.5 26.14473684 0
9983 2.6 26.14473684 0
9984 2.7 26.14473684 0
9985 2.8 26.14473684 0
9986 2.9 26.14473684 0
9987 3 26.14473684 0
9988 3.2 26.14473684 0
9989 3.4 26.14473684 0
9990 3.6 26.14473684 0
9991 3.8 26.14473684 0
9992 4 26.14473684 0
9993 4.2 26.14473684 0
9994 4.4 26.14473684 0
9995 4.6 26.14473684 0
9996 4.8 26.14473684 0
9997 5 26.14473684 0
9998 5.2 26.14473684 0
9999 5.4 26.14473684 0
10000 5.6 26.14473684 0
10001 5.8 26.14473684 0
10002 6 26.14473684 0
10003 6.2 26.14473684 0
10004 6.4 26.14473684 0
10005 6.6 26.14473684 0
10006 6.8 26.14473684 0
10007 7 26.14473684 0
10008 7.2 26.14473684 0
10009 7.4 26.14473684 0
10010 7.6 26.14473684 0
10011 7.8 26.14473684 0
10012 8 26.14473684 0
10013 8.2 26.14473684 0
10014 8.4 26.14473684 0
10015 8.6 26.14473684 0
10016 8.8 26.14473684 0
10017 9 26.14473684 0
10018 9.2 26.14473684 0
10019 9.4 26.14473684 0
10020 9.6 26.14473684 0
10021 9.8 26.14473684 0
10022 10 26.14473684 0
10023 10.2 26.14473684 0
10024 10.4 26.14473684 0
10025 10.6 26.14473684 0
10026 10.8 26.14473684 0
10027 11 26.14473684 0
10028 11.2 26.14473684 0
10029 11.4 26.14473684 0
10030 11.6 26.14473684 0
10031 11.8 26.14473684 0
10032 12 26.14473684 0
10033 0 26.34210526 0
10034 0.1 26.34210526 0
10035 0.2 26.34210526 0
10036 0.3 26.34210526 0
10037 0.4 26.34210526 0
10038 0.5 26.34210526 0
10039 0.6 26.34210526 0
10040 0.7 26.34210526 0
10041 0.8 26.34210526 0
10042 0.9 26.34210526 0
10043 1 26.34210526 0
10044 1.1 26.34210526 0
10045 1.2 26.34210526 0
10046 1.3 26.34210526 0
10047 1.4 26.34210526 0
10048 1.5 26.34210526 0
10049 1.6 26.34210526 0
10050 1.7 26.34210526 0
10051 1.8 26.34210526 0
10052 1.9 26.34210526 0
10053 2 26.34210526 0
10054 2.1 26.34210526 0
10055 2.2 26.34210526 0
10056 2.3 26.34210526 0
10057 2.4 26.34210526 0
10058 2.5 26.34210526 0
10059 2.6 26.34210526 0
10060 2.7 26.34210526 0
10061 2.8 26.34210526 0
10062 2.9 26.34210526 0
10063 3 26.34210526 0
10064 3.2 26.34210526 0
10065 3.4 26.34210526 0
10066 3.6 26.34210526 0
10067 3.8 26.34210526 0
10068 4 26.34210526 0
10069 4.2 26.34210526 0
10070 4.4 26.34210526 0
10071 4.6 26.34210526 0
10072 4.8 26.34210526 0
10073 5 26.34210526 0
10074 5.2 26.34210526 0
10075 5.4 26.34210526 0
10076 5.6 26.34210526 0
10077 5.8 26.34210526 0
10078 6 26.34210526 0
10079 6.2 26.34210526 0
10080 6.4 26.34210526 0
10081 6.6 26.34210526 0
10082 6.8 26.34210526 0
10083 7 26.34210526 0
10084 7.2 26.34210526 0
10085 7.4 26.34210526 0
10086 7.6 26.34210526 0
10087 7.8 26.34210526 0
10088 8 26.34210526 0
10089 8.2 26.34210526 0
10090 8.4 26.34210526 0
10091 8.6 26.34210526 0
10092 8.8 26.34210526 0
10093 9 26.34210526 0
10094 9.2 26.34210526 0
10095 9.4 26.34210526 0
10096 9.6 26.34210526 0
10097 9.8 26.34210526 0
10098 10 26.34210526 0
10099 10.2 26.34210526 0
10100 10.4 26.34210526 0
10101 10.6 26.34210526 0
10102 10.8 26.34210526 0
10103 11 26.34210526 0
10104 11.2 26.34210526 0
10105 11.4 26.34210526 0
10106 11.6 26.34210526 0
10107 11.8 26.34210526 0
10108 12 26.34210526 0
10109 0 26.53947368 0
10110 0.1 26.53947368 0
10111 0.2 26.53947368 0
10112 0.3 26.53947368 0
10113 0.4 26.53947368 0
10114 0.5 26.53947368 0
10115 0.6 26.53947368 0
10116 0.7 26.53947368 0
10117 0.8 26.53947368 0
10118 0.9 26.53947368 0
10119 1 26.53947368 0
10120 1.1 26.53947368 0
10121 1.2 26.53947368 0
10122 1.3 26.53947368 0
10123 1.4 26.53947368 0
10124 1.5 26.53947368 0
10125 1.6 26.53947368 0
10126 1.7 26.53947368 0
10127 1.8 26.53947368 0
10128 1.9 26.53947368 0
10129 2 26.53947368 0
10130 2.1 26.53947368 0
10131 2.2 26.53947368 0
10132 2.3 26.53947368 0
10133 2.4 26.53947368 0
10134 2.5 26.53947368 0
10135 2.6 26.53947368 0
10136 2.7 26.53947368 0
10137 2.8 26.53947368 0
10138 2.9 26.53947368 0
10139 3 26.53947368 0
10140 3.2 26.53947368 0
10141 3.4 26.53947368 0
10142 3.6 26.53947368 0
10143 3.8 26.53947368 0
10144 4 26.53947368 0
10145 4.2 26.53947368 0
10146 4.4 26.53947368 0
10147 4.6 26.53947368 0
10148 4.8 26.53947368 0
10149 5 26.53947368 0
10150 5.2 26.53947368 0
10151 5.4 26.53947368 0
10152 5.6 26.53947368 0
10153 5.8 26.53947368 0
10154 6 26.53947368 0
10155 6.2 26.53947368 0
10156 6.4 26.53947368 0
10157 6.6 26.53947368 0
10158 6.8 26.53947368 0
10159 7 26.53947368 0
10160 7.2 26.53947368 0
10161 7.4 26.53947368 0
10162 7.6 26.53947368 0
10163 7.8 26.53947368 0
10164 8 26.53947368 0
10165 8.2 26.53947368 0
10166 8.4 26.53947368 0
10167 8.6 26.53947368 0
10168 8.8 26.53947368 0
10169 9 26.53947368 0
10170 9.2 26.53947368 0
10171 9.4 26.53947368 0
10172 9.6 26.53947368 0
10173 9.8 26.53947368 0
10174 10 26.53947368 0
10175 10.2 26.53947368 0
10176 10.4 26.53947368 0
10177 10.6 26.53947368 0
10178 10.8 26.53947368 0
10179 11 26.53947368 0
10180 11.2 26.53947368 0
10181 11.4 26.53947368 0
10182 11.6 26.53947368 0
10183 11.8 26.53947368 0
10184 12 26.53947368 0
10185 0 26.73684211 0
10186 0.1 26.73684211 0
10187 0.2 26.73684211 0
10188 0.3 26.73684211 0
10189 0.4 26.73684211 0
10190 0.5 26.73684211 0
10191 0.6 26.73684211 0
10192 0.7 26.73684211 0
10193 0.8 26.73684211 0
10194 0.9 26.73684211 0
10195 1 26.73684211 0
10196 1.1 26.73684211 0
10197 1.2 26.73684211 0
10198 1.3 26.73684211 0
10199 1.4 26.73684211 0
10200 1.5 26.73684211 0
10201 1.6 26.73684211 0
10202 1.7 26.73684211 0
10203 1.8 26.73684211 0
10204 1.9 26.73684211 0
10205 2 26.73684211 0
10206 2.1 26.73684211 0
10207 2.2 26.73684211 0
10208 2.3 26.73684211 0
10209 2.4 26.73684211 0
10210 2.5 26.73684211 0
10211 2.6 26.73684211 0
10212 2.7 26.73684211 0
10213 2.8 26.73684211 0
10214 2.9 26.73684211 0
10215 3 26.73684211 0
10216 3.2 26.73684211 0
10217 3.4 26.73684211 0
10218 3.6 26.73684211 0
10219 3.8 26.73684211 0
10220 4 26.73684211 0
10221 4.2 26.73684211 0
10222 4.4 26.73684211 0
10223 4.6 26.73684211 0
10224 4.8 26.73684211 0
10225 5 26.73684211 0
10226 5.2 26.73684211 0
10227 5.4 26.73684211 0
10228 5.6 26.73684211 0
10229 5.8 26.73684211 0
10230 6 26.73684211 0
10231 6.2 26.73684211 0
10232 6.4 26.73684211 0
10233 6.6 26.73684211 0
10234 6.8 26.73684211 0
10235 7 26.73684211 0
10236 7.2 26.73684211 0
10237 7.4 26.73684211 0
10238 7.6 26.73684211 0
10239 7.8 26.73684211 0
10240 8 26.73684211 0
10241 8.2 26.73684211 0
10242 8.4 26.73684211 0
10243 8.6 26.73684211 0
10244 8.8 26.73684211 0
10245 9 26.73684211 0
10246 9.2 26.73684211 0
10247 9.4 26.73684211 0
10248 9.6 26.73684211 0
10249 9.8 26.73684211 0
10250 10 26.73684211 0
10251 10.2 26.73684211 0
10252 10.4 26.73684211 0
10253 10.6 26.73684211 0
10254 10.8 26.73684211 0
10255 11 26.73684211 0
10256 11.2 26.73684211 0
10257 11.4 26.73684211 0
10258 11.6 26.73684211 0
10259 11.8 26.73684211 0
10260 12 26.73684211 0
10261 0 26.93421053 0
10262 0.1 26.93421053 0
10263 0.2 26.93421053 0
10264 0.3 26.93421053 0
10265 0.4 26.93421053 0
10266 0.5 26.93421053 0
10267 0.6 26.93421053 0
10268 0.7 26.93421053 0
10269 0.8 26.93421053 0
10270 0.9 26.93421053 0
10271 1 26.93421053 0
10272 1.1 26.93421053 0
10273 1.2 26.93421053 0
10274 1.3 26.93421053 0
10275 1.4 26.93421053 0
10276 1.5 26.93421053 0
10277 1.6 26.93421053 0
10278 1.7 26.93421053 0
10279 1.8 26.93421053 0
10280 1.9 26.93421053 0
10281 2 26.93421053 0
10282 2.1 26.93421053 0
10283 2.2 26.93421053 0
10284 2.3 26.93421053 0
10285 2.4 26.93421053 0
10286 2.5 26.93421053 0
10287 2.6 26.93421053 0
10288 2.7 26.93421053 0
10289 2.8 26.93421053 0
10290 2.9 26.93421053 0
10291 3 26.93421053 0
10292 3.2 26.93421053 0
10293 3.4 26.93421053 0
10294 3.6 26.93421053 0
10295 3.8 26.93421053 0
10296 4 26.93421053 0
10297 4.2 26.93421053 0
10298 4.4 26.93421053 0
10299 4.6 26.93421053 0
10300 4.8 26.93421053 0
10301 5 26.93421053 0
10302 5.2 26.93421053 0
10303 5.4 26.93421053 0
10304 5.6 26.93421053 0
10305 5.8 26.93421053 0
10306 6 26.93421053 0
10307 6.2 26.93421053 0
10308 6.4 26.93421053 0
10309 6.6 26.93421053 0
10310 6.8 26.93421053 0
10311 7 26.93421053 0
10312 7.2 26.93421053 0
10313 7.4 26.93421053 0
10314 7.6 26.93421053 0
10315 7.8 26.93421053 0
10316 8 26.93421053 0
10317 8.2 26.93421053 0
10318 8.4 26.93421053 0
10319 8.6 26.93421053 0
10320 8.8 26.93421053 0
10321 9 26.93421053 0
10322 9.2 26.93421053 0
10323 9.4 26.93421053 0
10324 9.6 26.93421053 0
10325 9.8 26.93421053 0
10326 10 26.93421053 0
10327 10.2 26.93421053 0
10328 10.4 26.93421053 0
10329 10.6 26.93421053 0
10330 10.8 26.93421053 0
10331 11 26.93421053 0
10332 11.2 26.93421053 0
10333 11.4 26.93421053 0
10334 11.6 26.93421053 0
10335 11.8 26.93421053 0
10336 12 26.93421053 0
10337 0 27.13157895 0
10338 0.1 27.13157895 0
10339 0.2 27.13157895 0
10340 0.3 27.13157895 0
10341 0.4 27.13157895 0
10342 0.5 27.13157895 0
10343 0.6 27.13157895 0
10344 0.7 27.13157895 0
10345 0.8 27.13157895 0
10346 0.9 27.13157895 0
10347 1 27.13157895 0
10348 1.1 27.13157895 0
10349 1.2 27.13157895 0
10350 1.3 27.13157895 0
10351 1.4 27.13157895 0
10352 1.5 27.13157895 0
10353 1.6 27.13157895 0
10354 1.7 27.13157895 0
10355 1.8 27.13157895 0
10356 1.9 27.13157895 0
10357 2 27.13157895 0
10358 2.1 27.13157895 0
10359 2.2 27.13157895 0
10360 2.3 27.13157895 0
10361 2.4 27.13157895 0
10362 2.5 27.13157895 0
10363 2.6 27.13157895 0
10364 2.7 27.13157895 0
10365 2.8 27.13157895 0
10366 2.9 27.13157895 0
10367 3 27.13157895 0
10368 3.2 27.13157895 0
10369 3.4 27.13157895 0
10370 3.6 27.13157895 0
10371 3.8 27.13157895 0
10372 4 27.13157895 0
10373 4.2 27.13157895 0
10374 4.4 27.13157895 0
10375 4.6 27.13157895 0
10376 4.8 27.13157895 0
10377 5 27.13157895 0
10378 5.2 27.13157895 0
10379 5.4 27.13157895 0
10380 5.6 27.13157895 0
10381 5.8 27.13157895 0
10382 6 27.13157895 0
10383 6.2 27.13157895 0
10384 6.4 27.13157895 0
10385 6.6 27.13157895 0
10386 6.8 27.13157895 0
10387 7 27.13157895 0
10388 7.2 27.13157895 0
10389 7.4 27.13157895 0
10390 7.6 27.13157895 0
10391 7.8 27.13157895 0
10392 8 27.13157895 0
10393 8.2 27.13157895 0
10394 8.4 27.13157895 0
10395 8.6 27.13157895 0
10396 8.8 27.13157895 0
10397 9 27.13157895 0
10398 9.2 27.13157895 0
10399 9.4 27.13157895 0
10400 9.6 27.13157895 0
10401 9.8 27.13157895 0
10402 10 27.13157895 0
10403 10.2 27.13157895 0
10404 10.4 27.13157895 0
10405 10.6 27.13157895 0
10406 10.8 27.13157895 0
10407 11 27.13157895 0
10408 11.2 27.13157895 0
10409 11.4 27.13157895 0
10410 11.6 27.13157895 0
10411 11.8 27.13157895 0
10412 12 27.13157895 0
10413 0 27.32894737 0
10414 0.1 27.32894737 0
10415 0.2 27.32894737 0
10416 0.3 27.32894737 0
10417 0.4 27.32894737 0
10418 0.5 27.32894737 0
10419 0.6 27.32894737 0
10420 0.7 27.32894737 0
10421 0.8 27.32894737 0
10422 0.9 27.32894737 0
10423 1 27.32894737 0
10424 1.1 27.32894737 0
10425 1.2 27.32894737 0
10426 1.3 27.32894737 0
10427 1.4 27.32894737 0
10428 1.5 27.32894737 0
10429 1.6 27.32894737 0
10430 1.7 27.32894737 0
10431 1.8 27.32894737 0
10432 1.9 27.32894737 0
10433 2 27.32894737 0
10434 2.1 27.32894737 0
10435 2.2 27.32894737 0
10436 2.3 27.32894737 0
10437 2.4 27.32894737 0
10438 2.5 27.32894737 0
10439 2.6 27.32894737 0
10440 2.7 27.32894737 0
10441 2.8 27.32894737 0
10442 2.9 27.32894737 0
10443 3 27.32894737 0
10444 3.2 27.32894737 0
10445 3.4 27.32894737 0
10446 3.6 27.32894737 0
10447 3.8 27.32894737 0
10448 4 27.32894737 0
10449 4.2 27.32894737 0
10450 4.4 27.32894737 0
10451 4.6 27.32894737 0
10452 4.8 27.32894737 0
10453 5 27.32894737 0
10454 5.2 27.32894737 0
10455 5.4 27.32894737 0
10456 5.6 27.32894737 0
10457 5.8 27.32894737 0
10458 6 27.32894737 0
10459 6.2 27.32894737 0
10460 6.4 27.32894737 0
10461 6.6 27.32894737 0
10462 6.8 27.32894737 0
10463 7 27.32894737 0
10464 7.2 27.32894737 0
10465 7.4 27.32894737 0
10466 7.6 27.32894737 0
10467 7.8 27.32894737 0
10468 8 27.32894737 0
10469 8.2 27.32894737 0
10470 8.4 27.32894737 0
10471 8.6 27.32894737 0
10472 8.8 27.32894737 0
10473 9 27.32894737 0
10474 9.2 27.32894737 0
10475 9.4 27.32894737 0
10476 9.6 27.32894737 0
10477 9.8 27.32894737 0
10478 10 27.32894737 0
10479 10.2 27.32894737 0
10480 10.4 27.32894737 0
10481 10.6 27.32894737 0
10482 10.8 27.32894737 0
10483 11 27.32894737 0
10484 11.2 27.32894737 0
10485 11.4 27.32894737 0
10486 11.6 27.32894737 0
10487 11.8 27.32894737 0
10488 12 27.32894737 0
10489 0 27.52631579 0
10490 0.1 27.52631579 0
10491 0.2 27.52631579 0
10492 0.3 27.52631579 0
10493 0.4 27.52631579 0
10494 0.5 27.52631579 0
10495 0.6 27.52631579 0
10496 0.7 27.52631579 0
10497 0.8 27.52631579 0
10498 0.9 27.52631579 0
10499 1 27.52631579 0
10500 1.1 27.52631579 0
10501 1.2 27.52631579 0
10502 1.3 27.52631579 0
10503 1.4 27.52631579 0
10504 1.5 27.52631579 0
10505 1.6 27.52631579 0
10506 1.7 27.52631579 0
10507 1.8 27.52631579 0
10508 1.9 27.52631579 0
10509 2 27.52631579 0
10510 2.1 27.52631579 0
10511 2.2 27.52631579 0
10512 2.3 27.52631579 0
10513 2.4 27.52631579 0
10514 2.5 27.52631579 0
10515 2.6 27.52631579 0
10516 2.7 27.52631579 0
10517 2.8 27.52631579 0
10518 2.9 27.52631579 0
10519 3 27.52631579 0
10520 3.2 27.52631579 0
10521 3.4 27.52631579 0
10522 3.6 27.52631579 0
10523 3.8 27.52631579 0
10524 4 27.52631579 0
10525 4.2 27.52631579 0
10526 4.4 27.52631579 0
10527 4.6 27.52631579 0
10528 4.8 27.52631579 0
10529 5 27.52631579 0
10530 5.2 27.52631579 0
10531 5.4 27.52631579 0
10532 5.6 27.52631579 0
10533 5.8 27.52631579 0
10534 6 27.52631579 0
10535 6.2 27.52631579 0
10536 6.4 27.52631579 0
10537 6.6 27.52631579 0
10538 6.8 27.52631579 0
10539 7 27.52631579 0
10540 7.2 27.52631579 0
10541 7.4 27.52631579 0
10542 7.6 27.52631579 0
10543 7.8 27.52631579 0
10544 8 27.52631579 0
10545 8.2 27.52631579 0
10546 8.4 27.52631579 0
10547 8.6 27.52631579 0
10548 8.8 27.52631579 0
10549 9 27.52631579 0
10550 9.2 27.52631579 0
10551 9.4 27.52631579 0
10552 9.6 27.52631579 0
10553 9.8 27.52631579 0
10554 10 27.52631579 0
10555 10.2 27.52631579 0
10556 10.4 27.52631579 0
10557 10.6 27.52631579 0
10558 10.8 27.52631579 0
10559 11 27.52631579 0
10560 11.2 27.52631579 0
10561 11.4 27.52631579 0
10562 11.6 27.52631579 0
10563 11.8 27.52631579 0
10564 12 27.52631579 0
10565 0 27.72368421 0
10566 0.1 27.72368421 0
10567 0.2 27.72368421 0
10568 0.3 27.72368421 0
10569 0.4 27.72368421 0
10570 0.5 27.72368421 0
10571 0.6 27.72368421 0
10572 0.7 27.72368421 0
10573 0.8 27.72368421 0
10574 0.9 27.72368421 0
10575 1 27.72368421 0
10576 1.1 27.72368421 0
10577 1.2 27.72368421 0
10578 1.3 27.72368421 0
10579 1.4 27.72368421 0
10580 1.5 27.72368421 0
10581 1.6 27.72368421 0
10582 1.7 27.72368421 0
10583 1.8 27.72368421 0
10584 1.9 27.72368421 0
10585 2 27.72368421 0
10586 2.1 27.72368421 0
10587 2.2 27.72368421 0
10588 2.3 27.72368421 0
10589 2.4 27.72368421 0
10590 2.5 27.72368421 0
10591 2.6 27.72368421 0
10592 2.7 27.72368421 0
10593 2.8 27.72368421 0
10594 2.9 27.72368421 0
10595 3 27.72368421 0
10596 3.2 27.72368421 0
10597 3.4 27.72368421 0
10598 3.6 27.72368421 0
10599 3.8 27.72368421 0
10600 4 27.72368421 0
10601 4.2 27.72368421 0
10602 4.4 27.72368421 0
10603 4.6 27.72368421 0
10604 4.8 27.72368421 0
10605 5 27.72368421 0
10606 5.2 27.72368421 0
10607 5.4 27.72368421 0
10608 5.6 27.72368421 0
10609 5.8 27.72368421 0
10610 6 27.72368421 0
10611 6.2 27.72368421 0
10612 6.4 27.72368421 0
10613 6.6 27.72368421 0
10614 6.8 27.72368421 0
10615 7 27.72368421 0
10616 7.2 27.72368421 0
10617 7.4 27.72368421 0
10618 7.6 27.72368421 0
10619 7.8 27.72368421 0
10620 8 27.72368421 0
10621 8.2 27.72368421 0
10622 8.4 27.72368421 0
10623 8.6 27.72368421 0
10624 8.8 27.72368421 0
10625 9 27.72368421 0
10626 9.2 27.72368421 0
10627 9.4 27.72368421 0
10628 9.6 27.72368421 0
10629 9.8 27.72368421 0
10630 10 27.72368421 0
10631 10.2 27.72368421 0
10632 10.4 27.72368421 0
10633 10.6 27.72368421 0
10634 10.8 27.72368421 0
10635 11 27.72368421 0
10636 11.2 27.72368421 0
10637 11.4 27.72368421 0
10638 11.6 27.72368421 0
10639 11.8 27.72368421 0
10640 12 27.72368421 0
10641 0 27.92105263 0
10642 0.1 27.92105263 0
10643 0.2 27.92105263 0
10644 0.3 27.92105263 0
10645 0.4 27.92105263 0
10646 0.5 27.92105263 0
10647 0.6 27.92105263 0
10648 0.7 27.92105263 0
10649 0.8 27.92105263 0
10650 0.9 27.92105263 0
10651 1 27.92105263 0
10652 1.1 27.92105263 0
10653 1.2 27.92105263 0
10654 1.3 27.92105263 0
10655 1.4 27.92105263 0
10656 1.5 27.92105263 0
10657 1.6 27.92105263 0
10658 1.7 27.92105263 0
10659 1.8 27.92105263 0
10660 1.9 27.92105263 0
10661 2 27.92105263 0
10662 2.1 27.92105263 0
10663 2.2 27.92105263 0
10664 2.3 27.92105263 0
10665 2.4 27.92105263 0
10666 2.5 27.92105263 0
10667 2.6 27.92105263 0
10668 2.7 27.92105263 0
10669 2.8 27.92105263 0
10670 2.9 27.92105263 0
10671 3 27.92105263 0
10672 3.2 27.92105263 0
10673 3.4 27.92105263 0
10674 3.6 27.92105263 0
10675 3.8 27.92105263 0
10676 4 27.92105263 0
10677 4.2 27.92105263 0
10678 4.4 27.92105263 0
10679 4.6 27.92105263 0
10680 4.8 27.92105263 0
10681 5 27.92105263 0
10682 5.2 27.92105263 0
10683 5.4 27.92105263 0
10684 5.6 27.92105263 0
10685 5.8 27.92105263 0
10686 6 27.92105263 0
10687 6.2 27.92105263 0
10688 6.4 27.92105263 0
10689 6.6 27.92105263 0
10690 6.8 27.92105263 0
10691 7 27.92105263 0
10692 7.2 27.92105263 0
10693 7.4 27.92105263 0
10694 7.6 27.92105263 0
10695 7.8 27.92105263 0
10696 8 27.92105263 0
10697 8.2 27.92105263 0
10698 8.4 27.92105263 0
10699 8.6 27.92105263 0
10700 8.8 27.92105263 0
10701 9 27.92105263 0
10702 9.2 27.92105263 0
10703 9.4 27.92105263 0
10704 9.6 27.92105263 0
10705 9.8 27.92105263 0
10706 10 27.92105263 0
10707 10.2 27.92105263 0
10708 10.4 27.92105263 0
10709 10.6 27.92105263 0
10710 10.8 27.92105263 0
10711 11 27.92105263 0
10712 11.2 27.92105263 0
10713 11.4 27.92105263 0
10714 11.6 27.92105263 0
10715 11.8 27.92105263 0
10716 12 27.92105263 0
10717 0 28.11842105 0
10718 0.1 28.11842105 0
10719 0.2 28.11842105 0
10720 0.3 28.11842105 0
10721 0.4 28.11842105 0
10722 0.5 28.11842105 0
10723 0.6 28.11842105 0
10724 0.7 28.11842105 0
10725 0.8 28.11842105 0
10726 0.9 28.11842105 0
10727 1 28.11842105 0
10728 1.1 28.11842105 0
10729 1.2 28.11842105 0
10730 1.3 28.11842105 0
10731 1.4 28.11842105 0
10732 1.5 28.11842105 0
10733 1.6 28.11842105 0
10734 1.7 28.11842105 0
10735 1.8 28.11842105 0
10736 1.9 28.11842105 0
10737 2 28.11842105 0
10738 2.1 28.11842105 0
10739 2.2 28.11842105 0
10740 2.3 28.11842105 0
10741 2.4 28.11842105 0
10742 2.5 28.11842105 0
10743 2.6 28.11842105 0
10744 2.7 28.11842105 0
10745 2.8 28.11842105 0
10746 2.9 28.11842105 0
10747 3 28.11842105 0
10748 3.2 28.11842105 0
10749 3.4 28.11842105 0
10750 3.6 28.11842105 0
10751 3.8 28.11842105 0
10752 4 28.11842105 0
10753 4.2 28.11842105 0
10754 4.4 28.11842105 0
10755 4.6 28.11842105 0
10756 4.8 28.11842105 0
10757 5 28.11842105 0
10758 5.2 28.11842105 0
10759 5.4 28.11842105 0
10760 5.6 28.11842105 0
10761 5.8 28.11842105 0
10762 6 28.11842105 0
10763 6.2 28.11842105 0
10764 6.4 28.11842105 0
10765 6.6 28.11842105 0
10766 6.8 28.11842105 0
10767 7 28.11842105 0
10768 7.2 28.11842105 0
10769 7.4 28.11842105 0
10770 7.6 28.11842105 0
10771 7.8 28.11842105 0
10772 8 28.11842105 0
10773 8.2 28.11842105 0
10774 8.4 28.11842105 0
10775 8.6 28.11842105 0
10776 8.8 28.11842105 0
10777 9 28.11842105 0
10778 9.2 28.11842105 0
10779 9.4 28.11842105 0
10780 9.6 28.11842105 0
10781 9.8 28.11842105 0
10782 10 28.11842105 0
10783 10.2 28.11842105 0
10784 10.4 28.11842105 0
10785 10.6 28.11842105 0
10786 10.8 28.11842105 0
10787 11 28.11842105 0
10788 11.2 28.11842105 0
10789 11.4 28.11842105 0
10790 11.6 28.11842105 0
10791 11.8 28.11842105 0
10792 12 28.11842105 0
10793 0 28.31578947 0
10794 0.1 28.31578947 0
10795 0.2 28.31578947 0
10796 0.3 28.31578947 0
10797 0.4 28.31578947 0
10798 0.5 28.31578947 0
10799 0.6 28.31578947 0
10800 0.7 28.31578947 0
10801 0.8 28.31578947 0
10802 0.9 28.31578947 0
10803 1 28.31578947 0
10804 1.1 28.31578947 0
10805 1.2 28.31578947 0
10806 1.3 28.31578947 0
10807 1.4 28.31578947 0
10808 1.5 28.31578947 0
10809 1.6 28.31578947 0
10810 1.7 28.31578947 0
10811 1.8 28.31578947 0
10812 1.9 28.31578947 0
10813 2 28.31578947 0
10814 2.1 28.31578947 0
10815 2.2 28.31578947 0
10816 2.3 28.31578947 0
10817 2.4 28.31578947 0
10818 2.5 28.31578947 0
10819 2.6 28.31578947 0
10820 2.7 28.31578947 0
10821 2.8 28.31578947 0
10822 2.9 28.31578947 0
10823 3 28.31578947 0
10824 3.2 28.31578947 0
10825 3.4 28.31578947 0
10826 3.6 28.31578947 0
10827 3.8 28.31578947 0
10828 4 28.31578947 0
10829 4.2 28.31578947 0
10830 4.4 28.31578947 0
10831 4.6 28.31578947 0
10832 4.8 28.31578947 0
10833 5 28.31578947 0
10834 5.2 28.31578947 0
10835 5.4 28.31578947 0
10836 5.6 28.31578947 0
10837 5.8 28.31578947 0
10838 6 28.31578947 0
10839 6.2 28.31578947 0
10840 6.4 28.31578947 0
10841 6.6 28.31578947 0
10842 6.8 28.31578947 0
10843 7 28.31578947 0
10844 7.2 28.31578947 0
10845 7.4 28.31578947 0
10846 7.6 28.31578947 0
10847 7.8 28.31578947 0
10848 8 28.31578947 0
10849 8.2 28.31578947 0
10850 8.4 28.31578947 0
10851 8.6 28.31578947 0
10852 8.8 28.31578947 0
10853 9 28.31578947 0
10854 9.2 28.31578947 0
10855 9.4 28.31578947 0
10856 9.6 28.31578947 0
10857 9.8 28.31578947 0
10858 10 28.31578947 0
10859 10.2 28.31578947 0
10860 10.4 28.31578947 0
10861 10.6 28.31578947 0
10862 10.8 28.31578947 0
10863 11 28.31578947 0
10864 11.2 28.31578947 0
10865 11.4 28.31578947 0
10866 11.6 28.31578947 0
10867 11.8 28.31578947 0
10868 12 28.31578947 0
10869 0 28.51315789 0
10870 0.1 28.51315789 0
10871 0.2 28.51315789 0
10872 0.3 28.51315789 0
10873 0.4 28.51315789 0
10874 0.5 28.51315789 0
10875 0.6 28.51315789 0
10876 0.7 28.51315789 0
10877 0.8 28.51315789 0
10878 0.9 28.51315789 0
10879 1 28.51315789 0
10880 1.1 28.51315789 0
10881 1.2 28.51315789 0
10882 1.3 28.51315789 0
10883 1.4 28.51315789 0
10884 1.5 28.51315789 0
10885 1.6 28.51315789 0
10886 1.7 28.51315789 0
10887 1.8 28.51315789 0
10888 1.9 28.51315789 0
10889 2 28.51315789 0
10890 2.1 28.51315789 0
10891 2.2 28.51315789 0
10892 2.3 28.51315789 0
10893 2.4 28.51315789 0
10894 2.5 28.51315789 0
10895 2.6 28.51315789 0
10896 2.7 28.51315789 0
10897 2.8 28.51315789 0
10898 2.9 28.51315789 0
10899 3 28.51315789 0
10900 3.2 28.51315789 0
10901 3.4 28.51315789 0
10902 3.6 28.51315789 0
10903 3.8 28.51315789 0
10904 4 28.51315789 0
10905 4.2 28.51315789 0
10906 4.4 28.51315789 0
10907 4.6 28.51315789 0
10908 4.8 28.51315789 0
10909 5 28.51315789 0
10910 5.2 28.51315789 0
10911 5.4 28.51315789 0
10912 5.6 28.51315789 0
10913 5.8 28.51315789 0
10914 6 28.51315789 0
10915 6.2 28.51315789 0
10916 6.4 28.51315789 0
10917 6.6 28.51315789 0
10918 6.8 28.51315789 0
10919 7 28.51315789 0
10920 7.2 28.51315789 0
10921 7.4 28.51315789 0
10922 7.6 28.51315789 0
10923 7.8 28.51315789 0
10924 8 28.51315789 0
10925 8.2 28.51315789 0
10926 8.4 28.51315789 0
10927 8.6 28.51315789 0
10928 8.8 28.51315789 0
10929 9 28.51315789 0
10930 9.2 28.51315789 0
10931 9.4 28.51315789 0
10932 9.6 28.51315789 0
10933 9.8 28.51315789 0
10934 10 28.51315789 0
10935 10.2 28.51315789 0
10936 10.4 28.51315789 0
10937 10.6 28.51315789 0
10938 10.8 28.51315789 0
10939 11 28.51315789 0
10940 11.2 28.51315789 0
10941 11.4 28.51315789 0
10942 11.6 28.51315789 0
10943 11.8 28.51315789 0
10944 12 28.51315789 0
10945 0 28.71052632 0
10946 0.1 28.71052632 0
10947 0.2 28.71052632 0
10948 0.3 28.71052632 0
10949 0.4 28.71052632 0
10950 0.5 28.71052632 0
10951 0.6 28.71052632 0
10952 0.7 28.71052632 0
10953 0.8 28.71052632 0
10954 0.9 28.71052632 0
10955 1 28.71052632 0
10956 1.1 28.71052632 0
10957 1.2 28.71052632 0
10958 1.3 28.71052632 0
10959 1.4 28.71052632 0
10960 1.5 28.71052632 0
10961 1.6 28.71052632 0
10962 1.7 28.71052632 0
10963 1.8 28.71052632 0
10964 1.9 28.71052632 0
10965 2 28.71052632 0
10966 2.1 28.71052632 0
10967 2.2 28.71052632 0
10968 2.3 28.71052632 0
10969 2.4 28.71052632 0
10970 2.5 28.71052632 0
10971 2.6 28.71052632 0
10972 2.7 28.71052632 0
10973 2.8 28.71052632 0
10974 2.9 28.71052632 0
10975 3 28.71052632 0
10976 3.2 28.71052632 0
10977 3.4 28.71052632 0
10978 3.6 28.71052632 0
10979 3.8 28.71052632 0
10980 4 28.71052632 0
10981 4.2 28.71052632 0
10982 4.4 28.71052632 0
10983 4.6 28.71052632 0
10984 4.8 28.71052632 0
10985 5 28.71052632 0
10986 5.2 28.71052632 0
10987 5.4 28.71052632 0
10988 5.6 28.71052632 0
10989 5.8 28.71052632 0
10990 6 28.71052632 0
10991 6.2 28.71052632 0
10992 6.4 28.71052632 0
10993 6.6 28.71052632 0
10994 6.8 28.71052632 0
10995 7 28.71052632 0
10996 7.2 28.71052632 0
10997 7.4 28.71052632 0
10998 7.6 28.71052632 0
10999 7.8 28.71052632 0
11000 8 28.71052632 0
11001 8.2 28.71052632 0
11002 8.4 28.71052632 0
11003 8.6 28.71052632 0
11004 8.8 28.71052632 0
11005 9 28.71052632 0
11006 9.2 28.71052632 0
11007 9.4 28.71052632 0
11008 9.6 28.71052632 0
11009 9.8 28.71052632 0
11010 10 28.71052632 0
11011 10.2 28.71052632 0
11012 10.4 28.71052632 0
11013 10.6 28.71052632 0
11014 10.8 28.71052632 0
11015 11 28.71052632 0
11016 11.2 28.71052632 0
11017 11.4 28.71052632 0
11018 11.6 28.71052632 0
11019 11.8 28.71052632 0
11020 12 28.71052632 0
11021 0 28.90789474 0
11022 0.1 28.90789474 0
11023 0.2 28.90789474 0
11024 0.3 28.90789474 0
11025 0.4 28.90789474 0
11026 0.5 28.90789474 0
11027 0.6 28.90789474 0
11028 0.7 28.90789474 0
11029 0.8 28.90789474 0
11030 0.9 28.90789474 0
11031 1 28.90789474 0
11032 1.1 28.90789474 0
11033 1.2 28.90789474 0
11034 1.3 28.90789474 0
11035 1.4 28.90789474 0
11036 1.5 28.90789474 0
11037 1.6 28.90789474 0
11038 1.7 28.90789474 0
11039 1.8 28.90789474 0
11040 1.9 28.90789474 0
11041 2 28.90789474 0
11042 2.1 28.90789474 0
11043 2.2 28.90789474 0
11044 2.3 28.90789474 0
11045 2.4 28.90789474 0
11046 2.5 28.90789474 0
11047 2.6 28.90789474 0
11048 2.7 28.90789474 0
11049 2.8 28.90789474 0
11050 2.9 28.90789474 0
11051 3 28.90789474 0
11052 3.2 28.90789474 0
11053 3.4 28.90789474 0
11054 3.6 28.90789474 0
11055 3.8 28.90789474 0
11056 4 28.90789474 0
11057 4.2 28.90789474 0
11058 4.4 28.90789474 0
11059 4.6 28.90789474 0
11060 4.8 28.90789474 0
11061 5 28.90789474 0
11062 5.2 28.90789474 0
11063 5.4 28.90789474 0
11064 5.6 28.90789474 0
11065 5.8 28.90789474 0
11066 6 28.90789474 0
11067 6.2 28.90789474 0
11068 6.4 28.90789474 0
11069 6.6 28.90789474 0
11070 6.8 28.90789474 0
11071 7 28.90789474 0
11072 7.2 28.90789474 0
11073 7.4 28.90789474 0
11074 7.6 28.90789474 0
11075 7.8 28.90789474 0
11076 8 28.90789474 0
11077 8.2 28.90789474 0
11078 8.4 28.90789474 0
11079 8.6 28.90789474 0
11080 8.8 28.90789474 0
11081 9 28.90789474 0
11082 9.2 28.90789474 0
11083 9.4 28.90789474 0
11084 9.6 28.90789474 0
11085 9.8 28.90789474 0
11086 10 28.90789474 0
11087 10.2 28.90789474 0
11088 10.4 28.90789474 0
11089 10.6 28.90789474 0
11090 10.8 28.90789474 0
11091 11 28.90789474 0
11092 11.2 28.90789474 0
11093 11.4 28.90789474 0
11094 11.6 28.90789474 0
11095 11.8 28.90789474 0
11096 12 28.90789474 0
11097 0 29.10526316 0
11098 0.1 29.10526316 0
11099 0.2 29.10526316 0
11100 0.3 29.10526316 0
11101 0.4 29.10526316 0
11102 0.5 29.10526316 0
11103 0.6 29.10526316 0
11104 0.7 29.10526316 0
11105 0.8 29.10526316 0
11106 0.9 29.10526316 0
11107 1 29.10526316 0
11108 1.1 29.10526316 0
11109 1.2 29.10526316 0
11110 1.3 29.10526316 0
11111 1.4 29.10526316 0
11112 1.5 29.10526316 0
11113 1.6 29.10526316 0
11114 1.7 29.10526316 0
11115 1.8 29.10526316 0
11116 1.9 29.10526316 0
11117 2 29.10526316 0
11118 2.1 29.10526316 0
11119 2.2 29.10526316 0
11120 2.3 29.10526316 0
11121 2.4 29.10526316 0
11122 2.5 29.10526316 0
11123 2.6 29.10526316 0
11124 2.7 29.10526316 0
11125 2.8 29.10526316 0
11126 2.9 29.10526316 0
11127 3 29.10526316 0
11128 3.2 29.10526316 0
11129 3.4 29.10526316 0
11130 3.6 29.10526316 0
11131 3.8 29.10526316 0
11132 4 29.10526316 0
11133 4.2 29.10526316 0
11134 4.4 29.10526316 0
11135 4.6 29.10526316 0
11136 4.8 29.10526316 0
11137 5 29.10526316 0
11138 5.2 29.10526316 0
11139 5.4 29.10526316 0
11140 5.6 29.10526316 0
11141 5.8 29.10526316 0
11142 6 29.10526316 0
11143 6.2 29.10526316 0
11144 6.4 29.10526316 0
11145 6.6 29.10526316 0
11146 6.8 29.10526316 0
11147 7 29.10526316 0
11148 7.2 29.10526316 0
11149 7.4 29.10526316 0
11150 7.6 29.10526316 0
11151 7.8 29.10526316 0
11152 8 29.10526316 0
11153 8.2 29.10526316 0
11154 8.4 29.10526316 0
11155 8.6 29.10526316 0
11156 8.8 29.10526316 0
11157 9 29.10526316 0
11158 9.2 29.10526316 0
11159 9.4 29.10526316 0
11160 9.6 29.10526316 0
11161 9.8 29.10526316 0
11162 10 29.10526316 0
11163 10.2 29.10526316 0
11164 10.4 29.10526316 0
11165 10.6 29.10526316 0
11166 10.8 29.10526316 0
11167 11 29.10526316 0
11168 11.2 29.10526316 0
11169 11.4 29.10526316 0
11170 11.6 29.10526316 0
11171 11.8 29.10526316 0
11172 12 29.10526316 0
11173 0 29.30263158 0
11174 0.1 29.30263158 0
11175 0.2 29.30263158 0
11176 0.3 29.30263158 0
11177 0.4 29.30263158 0
11178 0.5 29.30263158 0
11179 0.6 29.30263158 0
11180 0.7 29.30263158 0
11181 0.8 29.30263158 0
11182 0.9 29.30263158 0
11183 1 29.30263158 0
11184 1.1 29.30263158 0
11185 1.2 29.30263158 0
11186 1.3 29.30263158 0
11187 1.4 29.30263158 0
11188 1.5 29.30263158 0
11189 1.6 29.30263158 0
11190 1.7 29.30263158 0
11191 1.8 29.30263158 0
11192 1.9 29.30263158 0
11193 2 29.30263158 0
11194 2.1 29.30263158 0
11195 2.2 29.30263158 0
11196 2.3 29.30263158 0
11197 2.4 29.30263158 0
11198 2.5 29.30263158 0
11199 2.6 29.30263158 0
11200 2.7 29.30263158 0
11201 2.8 29.30263158 0
11202 2.9 29.30263158 0
11203 3 29.30263158 0
11204 3.2 29.30263158 0
11205 3.4 29.30263158 0
11206 3.6 29.30263158 0
11207 3.8 29.30263158 0
11208 4 29.30263158 0
11209 4.2 29.30263158 0
11210 4.4 29.30263158 0
11211 4.6 29.30263158 0
11212 4.8 29.30263158 0
11213 5 29.30263158 0
11214 5.2 29.30263158 0
11215 5.4 29.30263158 0
11216 5.6 29.30263158 0
11217 5.8 29.30263158 0
11218 6 29.30263158 0
11219 6.2 29.30263158 0
11220 6.4 29.30263158 0
11221 6.6 29.30263158 0
11222 6.8 29.30263158 0
11223 7 29.30263158 0
11224 7.2 29.30263158 0
11225 7.4 29.30263158 0
11226 7.6 29.30263158 0
11227 7.8 29.30263158 0
11228 8 29.30263158 0
11229 8.2 29.30263158 0
11230 8.4 29.30263158 0
11231 8.6 29.30263158 0
11232 8.8 29.30263158 0
11233 9 29.30263158 0
11234 9.2 29.30263158 0
11235 9.4 29.30263158 0
11236 9.6 29.30263158 0
11237 9.8 29.30263158 0
11238 10 29.30263158 0
11239 10.2 29.30263158 0
11240 10.4 29.30263158 0
11241 10.6 29.30263158 0
11242 10.8 29.30263158 0
11243 11 29.30263158 0
11244 11.2 29.30263158 0
11245 11.4 29.30263158 0
11246 11.6 29.30263158 0
11247 11.8 29.30263158 0
11248 12 29.30263158 0
11249 0 29.5 0
11250 0.1 29.5 0
11251 0.2 29.5 0
11252 0.3 29.5 0
11253 0.4 29.5 0
11254 0.5 29.5 0
11255 0.6 29.5 0
11256 0.7 29.5 0
11257 0.8 29.5 0
11258 0.9 29.5 0
11259 1 29.5 0
11260 1.1 29.5 0
11261 1.2 29.5 0
11262 1.3 29.5 0
11263 1.4 29.5 0
11264 1.5 29.5 0
11265 1.6 29.5 0
11266 1.7 29.5 0
11267 1.8 29.5 0
11268 1.9 29.5 0
11269 2 29.5 0
11270 2.1 29.5 0
11271 2.2 29.5 0
11272 2.3 29.5 0
11273 2.4 29.5 0
11274 2.5 29.5 0
11275 2.6 29.5 0
11276 2.7 29.5 0
11277 2.8 29.5 0
11278 2.9 29.5 0
11279 3 29.5 0
11280 3.2 29.5 0
11281 3.4 29.5 0
11282 3.6 29.5 0
11283 3.8 29.5 0
11284 4 29.5 0
11285 4.2 29.5 0
11286 4.4 29.5 0
11287 4.6 29.5 0
11288 4.8 29.5 0
11289 5 29.5 0
11290 5.2 29.5 0
11291 5.4 29.5 0
11292 5.6 29.5 0
11293 5.8 29.5 0
11294 6 29.5 0
11295 6.2 29.5 0
11296 6.4 29.5 0
11297 6.6 29.5 0
11298 6.8 29.5 0
11299 7 29.5 0
11300 7.2 29.5 0
11301 7.4 29.5 0
11302 7.6 29.5 0
11303 7.8 29.5 0
11304 8 29.5 0
11305 8.2 29.5 0
11306 8.4 29.5 0
11307 8.6 29.5 0
11308 8.8 29.5 0
11309 9 29.5 0
11310 9.2 29.5 0
11311 9.4 29.5 0
11312 9.6 29.5 0
11313 9.8 29.5 0
11314 10 29.5 0
11315 10.2 29.5 0
11316 10.4 29.5 0
11317 10.6 29.5 0
11318 10.8 29.5 0
11319 11 29.5 0
11320 11.2 29.5 0
11321 11.4 29.5 0
11322 11.6 29.5 0
11323 11.8 29.5 0
11324 12 29.5 0
11325 3 29.55 0
11326 3.2 29.55 0
11327 3.4 29.55 0
11328 3.6 29.55 0
11329 3.8 29.55 0
11330 4 29.55 0
11331 4.2 29.55 0
11332 4.4 29.55 0
11333 4.6 29.55 0
11334 4.8 29.55 0
11335 5 29.55 0
11336 5.2 29.55 0
11337 5.4 29.55 0
11338 5.6 29.55 0
11339 5.8 29.55 0
11340 6 29.55 0
11341 6.2 29.55 0
11342 6.4 29.55 0
11343 6.6 29.55 0
11344 6.8 29.55 0
11345 7 29.55 0
11346 7.2 29.55 0
11347 7.4 29.55 0
11348 7.6 29.55 0
11349 7.8 29.55 0
11350 8 29.55 0
11351 8.2 29.55 0
11352 8.4 29.55 0
11353 8.6 29.55 0
11354 8.8 29.55 0
11355 9 29.55 0
11356 9.2 29.55 0
11357 9.4 29.55 0
11358 9.6 29.55 0
11359 9.8 29.55 0
11360 10 29.55 0
11361 10.2 29.55 0
11362 10.4 29.55 0
11363 10.6 29.55 0
11364 10.8 29.55 0
11365 11 29.55 0
11366 11.2 29.55 0
11367 11.4 29.55 0
11368 11.6 29.55 0
11369 11.8 29.55 0
11370 12 29.55 0
11371 3 29.65 0
11372 3.2 29.65 0
11373 3.4 29.65 0
11374 3.6 29.65 0
11375 3.8 29.65 0
11376 4 29.65 0
11377 4.2 29.65 0
11378 4.4 29.65 0
11379 4.6 29.65 0
11380 4.8 29.65 0
11381 5 29.65 0
11382 5.2 29.65 0
11383 5.4 29.65 0
11384 5.6 29.65 0
11385 5.8 29.65 0
11386 6 29.65 0
11387 6.2 29.65 0
11388 6.4 29.65 0
11389 6.6 29.65 0
11390 6.8 29.65 0
11391 7 29.65 0
11392 7.2 29.65 0
11393 7.4 29.65 0
11394 7.6 29.65 0
11395 7.8 29.65 0
11396 8 29.65 0
11397 8.2 29.65 0
11398 8.4 29.65 0
11399 8.6 29.65 0
11400 8.8 29.65 0
11401 9 29.65 0
11402 9.2 29.65 0
11403 9.4 29.65 0
11404 9.6 29.65 0
11405 9.8 29.65 0
11406 10 29.65 0
11407 10.2 29.65 0
11408 10.4 29.65 0
11409 10.6 29.65 0
11410 10.8 29.65 0
11411 11 29.65 0
11412 11.2 29.65 0
11413 11.4 29.65 0
11414 11.6 29.65 0
11415 11.8 29.65 0
11416 12 29.65 0
11417 3 29.8 0
11418 3.2 29.8 0
11419 3.4 29.8 0
11420 3.6 29.8 0
11421 3.8 29.8 0
11422 4 29.8 0
11423 4.2 29.8 0
11424 4.4 29.8 0
11425 4.6 29.8 0
11426 4.8 29.8 0
11427 5 29.8 0
11428 5.2 29.8 0
11429 5.4 29.8 0
11430 5.6 29.8 0
11431 5.8 29.8 0
11432 6 29.8 0
11433 6.2 29.8 0
11434 6.4 29.8 0
11435 6.6 29.8 0
11436 6.8 29.8 0
11437 7 29.8 0
11438 7.2 29.8 0
11439 7.4 29.8 0
11440 7.6 29.8 0
11441 7.8 29.8 0
11442 8 29.8 0
11443 8.2 29.8 0
11444 8.4 29.8 0
11445 8.6 29.8 0
11446 8.8 29.8 0
11447 9 29.8 0
11448 9.2 29.8 0
11449 9.4 29.8 0
11450 9.6 29.8 0
11451 9.8 29.8 0
11452 10 29.8 0
11453 10.2 29.8 0
11454 10.4 29.8 0
11455 10.6 29.8 0
11456 10.8 29.8 0
11457 11 29.8 0
11458 11.2 29.8 0
11459 11.4 29.8 0
11460 11.6 29.8 0
11461 11.8 29.8 0
11462 12 29.8 0
11463 3 30 0
11464 3.2 30 0
11465 3.4 30 0
11466 3.6 30 0
11467 3.8 30 0
11468 4 30 0
11469 4.2 30 0
11470 4.4 30 0
11471 4.6 30 0
11472 4.8 30 0
11473 5 30 0
11474 5.2 30 0
11475 5.4 30 0
11476 5.6 30 0
11477 5.8 30 0
11478 6 30 0
11479 6.2 30 0
11480 6.4 30 0
11481 6.6 30 0
11482 6.8 30 0
11483 7 30 0
11484 7.2 30 0
11485 7.4 30 0
11486 7.6 30 0
11487 7.8 30 0
11488 8 30 0
11489 8.2 30 0
11490 8.4 30 0
11491 8.6 30 0
11492 8.8 30 0
11493 9 30 0
11494 9.2 30 0
11495 9.4 30 0
11496 9.6 30 0
11497 9.8 30 0
11498 10 30 0
11499 10.2 30 0
11500 10.4 30 0
11501 10.6 30 0
11502 10.8 30 0
11503 11 30 0
11504 11.2 30 0
11505 11.4 30 0
11506 11.6 30 0
11507 11.8 30 0
11508 12 30 0
$EndNodes
$Elements
23014
1 1 2 1 1 11463 11464
2 1 2 1 1 11464 11465
3 1 2 1 1 11465 11466
4 1 2 1 1 11466 11467
5 1 2 1 1 11467 11468
6 1 2 1 1 11468 11469
7 1 2 1 1 11469 11470
8 1 2 1 1 11470 11471
9 1 2 1 1 11471 11472
10 1 2 1 1 11472 11473
11 1 2 1 1 11473 11474
12 1 2 1 1 11474 11475
13 1 2 1 1 11475 11476
14 1 2 1 1 11476 11477
15 1 2 1 1 11477 11478
16 1 2 1 1 11478 11479
17 1 2 1 1 11479 11480
18 1 2 1 1 11480 11481
19 1 2 1 1 11481 11482
20 1 2 1 1 11482 11483
21 1 2 1 1 11483 11484
22 1 2 1 1 11484 11485
23 1 2 1 1 11485 11486
24 1 2 1 1 11486 11487
25 1 2 1 1 11487 11488
26 1 2 1 1 11488 11489
27 1 2 1 1 11489 11490
28 1 2 1 1 11490 11491
29 1 2 1 1 11491 11492
30 1 2 1 1 11492 11493
31 1 2 1 1 11493 11494
32 1 2 1 1 11494 11495
33 1 2 1 1 11495 11496
34 1 2 1 1 11496 11497
35 1 2 1 1 11497 11498
36 1 2 1 1 11498 11499
37 1 2 1 1 11499 11500
38 1 2 1 1 11500 11501
39 1 2 1 1 11501 11502
40 1 2 1 1 11502 11503
41 1 2 1 1 11503 11504
42 1 2 1 1 11504 11505
43 1 2 1 1 11505 11506
44 1 2 1 1 11506 11507
45 1 2 1 1 11507 11508
46 1 2 2 2 11249 11250
47 1 2 2 2 11250 11251
48 1 2 2 2 11251 11252
49 1 2 2 2 11252 11253
50 1 2 2 2 11253 11254
51 1 2 2 2 11254 11255
52 1 2 2 2 11255 11256
53 1 2 2 2 11256 11257
54 1 2 2 2 11257 11258
55 1 2 2 2 11258 11259
56 1 2 2 2 11259 11260
57 1 2 2 2 11260 11261
58 1 2 2 2 11261 11262
59 1 2 2 2 11262 11263
60 1 2 2 2 11263 11264
61 1 2 2 2 11264 11265
62 1 2 2 2 11265 11266
63 1 2 2 2 11266 11267
64 1 2 2 2 11267 11268
65 1 2 2 2 11268 11269
66 1 2 2 2 11269 11270
67 1 2 2 2 11270 11271
68 1 2 2 2 11271 11272
69 1 2 2 2 11272 11273
70 1 2 2 2 11273 11274
71 1 2 2 2 11274 11275
72 1 2 2 2 11275 11276
73 1 2 2 2 11276 11277
74 1 2 2 2 11277 11278
75 1 2 2 2 11278 11279
76 1 2 2 2 11279 11325
77 1 2 5 5 11325 11371
78 1 2 5 5 11371 11417
79 1 2 5 5 11417 11463
80 1 2 3 3 1 77
81 1 2 3 3 77 153
82 1 2 3 3 153 229
83 1 2 3 3 229 305
84 1 2 3 3 305 381
85 1 2 3 3 381 457
86 1 2 3 3 457 533
87 1 2 3 3 533 609
88 1 2 3 3 609 685
89 1 2 3 3 685 761
90 1 2 3 3 761 837
91 1 2 3 3 837 913
92 1 2 3 3 913 989
93 1 2 3 3 989 1065
94 1 2 3 3 1065 1141
95 1 2 3 3 1141 1217
96 1 2 3 3 1217 1293
97 1 2 3 3 1293 1369
98 1 2 3 3 1369 1445
99 1 2 3 3 1445 1521
100 1 2 3 3 1521 1597
101 1 2 3 3 1597 1673
102 1 2 3 3 1673 1749
103 1 2 3 3 1749 1825
104 1 2 3 3 1825 1901
105 1 2 3 3 1901 1977
106 1 2 3 3 1977 2053
107 1 2 3 3 2053 2129
108 1 2 3 3 2129 2205
109 1 2 3 3 2205 2281
110 1 2 3 3 2281 2357
111 1 2 3 3 2357 2433
112 1 2 3 3 2433 2509
113 1 2 3 3 2509 2585
114 1 2 3 3 2585 2661
115 1 2 3 3 2661 2737
116 1 2 3 3 2737 2813
117 1 2 3 3 2813 2889
118 1 2 3 3 2889 2965
119 1 2 3 3 2965 3041
120 1 2 3 3 3041 3117
121 1 2 3 3 3117 3193
122 1 2 3 3 3193 3269
123 1 2 3 3 3269 3345
124 1 2 3 3 3345 3421
125 1 2 3 3 3421 3497
126 1 2 3 3 3497 3573
127 1 2 3 3 3573 3649
128 1 2 3 3 3649 3725
129 1 2 3 3 3725 3801
130 1 2 3 3 3801 3877
131 1 2 3 3 3877 3953
132 1 2 3 3 3953 4029
133 1 2 3 3 4029 4105
134 1 2 3 3 4105 4181
135 1 2 3 3 4181 4257
136 1 2 3 3 4257 4333
137 1 2 3 3 4333 4409
138 1 2 3 3 4409 4485
139 1 2 3 3 4485 4561
140 1 2 3 3 4561 4637
141 1 2 3 3 4637 4713
142 1 2 3 3 4713 4789
143 1 2 3 3 4789 4865
144 1 2 3 3 4865 4941
145 1 2 3 3 4941 5017
146 1 2 3 3 5017 5093
147 1 2 3 3 5093 5169
148 1 2 3 3 5169 5245
149 1 2 3 3 5245 5321
150 1 2 3 3 5321 5397
151 1 2 3 3 5397 5473
152 1 2 3 3 5473 5549
153 1 2 3 3 5549 5625
154 1 2 3 3 5625 5701
155 1 2 3 3 5701 5777
156 1 2 3 3 5777 5853
157 1 2 3 3 5853 5929
158 1 2 3 3 5929 6005
159 1 2 3 3 6005 6081
160 1 2 3 3 6081 6157
161 1 2 3 3 6157 6233
162 1 2 3 3 6233 6309
163 1 2 3 3 6309 6385
164 1 2 3 3 6385 6461
165 1 2 3 3 6461 6537
166 1 2 3 3 6537 6613
167 1 2 3 3 6613 6689
168 1 2 3 3 6689 6765
169 1 2 3 3 6765 6841
170 1 2 3 3 6841 6917
171 1 2 3 3 6917 6993
172 1 2 3 3 6993 7069
173 1 2 3 3 7069 7145
174 1 2 3 3 7145 7221
175 1 2 3 3 7221 7297
176 1 2 3 3 7297 7373
177 1 2 3 3 7373 7449
178 1 2 3 3 7449 7525
179 1 2 3 3 7525 7601
180 1 2 3 3 7601 7677
181 1 2 3 3 7677 7753
182 1 2 3 3 7753 7829
183 1 2 3 3 7829 7905
184 1 2 3 3 7905 7981
185 1 2 3 3 7981 8057
186 1 2 3 3 8057 8133
187 1 2 3 3 8133 8209
188 1 2 3 3 8209 8285
189 1 2 3 3 8285 8361
190 1 2 3 3 8361 8437
191 1 2 3 3 8437 8513
192 1 2 3 3 8513 8589
193 1 2 3 3 8589 8665
194 1 2 3 3 8665 8741
195 1 2 3 3 8741 8817
196 1 2 3 3 8817 8893
197 1 2 3 3 8893 8969
198 1 2 3 3 8969 9045
199 1 2 3 3 9045 9121
200 1 2 3 3 9121 9197
201 1 2 3 3 9197 9273
202 1 2 3 3 9273 9349
203 1 2 3 3 9349 9425
204 1 2 3 3 9425 9501
205 1 2 3 3 9501 9577
206 1 2 3 3 9577 9653
207 1 2 3 3 9653 9729
208 1 2 3 3 9729 9805
209 1 2 3 3 9805 9881
210 1 2 3 3 9881 9957
211 1 2 3 3 9957 10033
212 1 2 3 3 10033 10109
213 1 2 3 3 10109 10185
214 1 2 3 3 10185 10261
215 1 2 3 3 10261 10337
216 1 2 3 3 10337 10413
217 1 2 3 3 10413 10489
218 1 2 3 3 10489 10565
219 1 2 3 3 10565 10641
220 1 2 3 3 10641 10717
221 1 2 3 3 10717 10793
222 1 2 3 3 10793 10869
223 1 2 3 3 10869 10945
224 1 2 3 3 10945 11021
225 1 2 3 3 11021 11097
226 1 2 3 3 11097 11173
227 1 2 3 3 11173 11249
228 1 2 4 4 1 2
229 1 2 4 4 2 3
230 1 2 4 4 3 4
231 1 2 4 4 4 5
232 1 2 4 4 5 6
233 1 2 4 4 6 7
234 1 2 4 4 7 8
235 1 2 4 4 8 9
236 1 2 4 4 9 10
237 1 2 4 4 10 11
238 1 2 4 4 11 12
239 1 2 4 4 12 13
240 1 2 4 4 13 14
241 1 2 4 4 14 15
242 1 2 4 4 15 16
243 1 2 4 4 16 17
244 1 2 4 4 17 18
245 1 2 4 4 18 19
246 1 2 4 4 19 20
247 1 2 4 4 20 21
248 1 2 4 4 21 22
249 1 2 4 4 22 23
250 1 2 4 4 23 24
251 1 2 4 4 24 25
252 1 2 4 4 25 26
253 1 2 4 4 26 27
254 1 2 4 4 27 28
255 1 2 4 4 28 29
256 1 2 4 4 29 30
257 1 2 4 4 30 31
258 1 2 4 4 31 32
259 1 2 4 4 32 33
260 1 2 4 4 33 34
261 1 2 4 4 34 35
262 1 2 4 4 35 36
263 1 2 4 4 36 37
264 1 2 4 4 37 38
265 1 2 4 4 38 39
266 1 2 4 4 39 40
267 1 2 4 4 40 41
268 1 2 4 4 41 42
269 1 2 4 4 42 43
270 1 2 4 4 43 44
271 1 2 4 4 44 45
272 1 2 4 4 45 46
273 1 2 4 4 46 47
274 1 2 4 4 47 48
275 1 2 4 4 48 49
276 1 2 4 4 49 50
277 1 2 4 4 50 51
278 1 2 4 4 51 52
279 1 2 4 4 52 53
280 1 2 4 4 53 54
281 1 2 4 4 54 55
282 1 2 4 4 55 56
283 1 2 4 4 56 57
284 1 2 4 4 57 58
285 1 2 4 4 58 59
286 1 2 4 4 59 60
287 1 2 4 4 60 61
288 1 2 4 4 61 62
289 1 2 4 4 62 63
290 1 2 4 4 63 64
291 1 2 4 4 64 65
292 1 2 4 4 65 66
293 1 2 4 4 66 67
294 1 2 4 4 67 68
295 1 2 4 4 68 69
296 1 2 4 4 69 70
297 1 2 4 4 70 71
298 1 2 4 4 71 72
299 1 2 4 4 72 73
300 1 2 4 4 73 74
301 1 2 4 4 74 75
302 1 2 4 4 75 76
303 1 2 5 5 76 152
304 1 2 5 5 152 228
305 1 2 5 5 228 304
306 1 2 5 5 304 380
307 1 2 5 5 380 456
308 1 2 5 5 456 532
309 1 2 5 5 532 608
310 1 2 5 5 608 684
311 1 2 5 5 684 760
312 1 2 5 5 760 836
313 1 2 5 5 836 912
314 1 2 5 5 912 988
315 1 2 5 5 988 1064
316 1 2 5 5 1064 1140
317 1 2 5 5 1140 1216
318 1 2 5 5 1216 1292
319 1 2 5 5 1292 1368
320 1 2 5 5 1368 1444
321 1 2 5 5 1444 1520
322 1 2 5 5 1520 1596
323 1 2 5 5 1596 1672
324 1 2 5 5 1672 1748
325 1 2 5 5 1748 1824
326 1 2 5 5 1824 1900
327 1 2 5 5 1900 1976
328 1 2 5 5 1976 2052
329 1 2 5 5 2052 2128
330 1 2 5 5 2128 2204
331 1 2 5 5 2204 2280
332 1 2 5 5 2280 2356
333 1 2 5 5 2356 2432
334 1 2 5 5 2432 2508
335 1 2 5 5 2508 2584
336 1 2 5 5 2584 2660
337 1 2 5 5 2660 2736
338 1 2 5 5 2736 2812
339 1 2 5 5 2812 2888
340 1 2 5 5 2888 2964
341 1 2 5 5 2964 3040
342 1 2 5 5 3040 3116
343 1 2 5 5 3116 3192
344 1 2 5 5 3192 3268
345 1 2 5 5 3268 3344
346 1 2 5 5 3344 3420
347 1 2 5 5 3420 3496
348 1 2 5 5 3496 3572
349 1 2 5 5 3572 3648
350 1 2 5 5 3648 3724
351 1 2 5 5 3724 3800
352 1 2 5 5 3800 3876
353 1 2 5 5 3876 3952
354 1 2 5 5 3952 4028
355 1 2 5 5 4028 4104
356 1 2 5 5 4104 4180
357 1 2 5 5 4180 4256
358 1 2 5 5 4256 4332
359 1 2 5 5 4332 4408
360 1 2 5 5 4408 4484
361 1 2 5 5 4484 4560
362 1 2 5 5 4560 4636
363 1 2 5 5 4636 4712
364 1 2 5 5 4712 4788
365 1 2 5 5 4788 4864
366 1 2 5 5 4864 4940
367 1 2 5 5 4940 5016
368 1 2 5 5 5016 5092
369 1 2 5 5 5092 5168
370 1 2 5 5 5168 5244
371 1 2 5 5 5244 5320
372 1 2 5 5 5320 5396
373 1 2 5 5 5396 5472
374 1 2 5 5 5472 5548
375 1 2 5 5 5548 5624
376 1 2 5 5 5624 5700
377 1 2 5 5 5700 5776
378 1 2 5 5 5776 5852
379 1 2 5 5 5852 5928
380 1 2 5 5 5928 6004
381 1 2 5 5 6004 6080
382 1 2 5 5 6080 6156
383 1 2 5 5 6156 6232
384 1 2 5 5 6232 6308
385 1 2 5 5 6308 6384
386 1 2 5 5 6384 6460
387 1 2 5 5 6460 6536
388 1 2 5 5 6536 6612
389 1 2 5 5 6612 6688
390 1 2 5 5 6688 6764
391 1 2 5 5 6764 6840
392 1 2 5 5 6840 6916
393 1 2 5 5 6916 6992
394 1 2 5 5 6992 7068
395 1 2 5 5 7068 7144
396 1 2 5 5 7144 7220
397 1 2 5 5 7220 7296
398 1 2 5 5 7296 7372
399 1 2 5 5 7372 7448
400 1 2 5 5 7448 7524
401 1 2 5 5 7524 7600
402 1 2 5 5 7600 7676
403 1 2 5 5 7676 7752
404 1 2 5 5 7752 7828
405 1 2 5 5 7828 7904
406 1 2 5 5 7904 7980
407 1 2 5 5 7980 8056
408 1 2 5 5 8056 8132
409 1 2 5 5 8132 8208
410 1 2 5 5 8208 8284
411 1 2 5 5 8284 8360
412 1 2 5 5 8360 8436
413 1 2 5 5 8436 8512
414 1 2 5 5 8512 8588
415 1 2 5 5 8588 8664
416 1 2 5 5 8664 8740
417 1 2 5 5 8740 8816
418 1 2 5 5 8816 8892
419 1 2 5 5 8892 8968
420 1 2 5 5 8968 9044
421 1 2 5 5 9044 9120
422 1 2 5 5 9120 9196
423 1 2 5 5 9196 9272
424 1 2 5 5 9272 9348
425 1 2 5 5 9348 9424
426 1 2 5 5 9424 9500
427 1 2 5 5 9500 9576
428 1 2 5 5 9576 9652
429 1 2 5 5 9652 9728
430 1 2 5 5 9728 9804
431 1 2 5 5 9804 9880
432 1 2 5 5 9880 9956
433 1 2 5 5 9956 10032
434 1 2 5 5 10032 10108
435 1 2 5 5 10108 10184
436 1 2 5 5 10184 10260
437 1 2 5 5 10260 10336
438 1 2 5 5 10336 10412
439 1 2 5 5 10412 10488
440 1 2 5 5 10488 10564
441 1 2 5 5 10564 10640
442 1 2 5 5 10640 10716
443 1 2 5 5 10716 10792
444 1 2 5 5 10792 10868
445 1 2 5 5 10868 10944
446 1 2 5 5 10944 11020
447 1 2 5 5 11020 11096
448 1 2 5 5 11096 11172
449 1 2 5 5 11172 11248
450 1 2 5 5 11248 11324
451 1 2 5 5 11324 11370
452 1 2 5 5 11370 11416
453 1 2 5 5 11416 11462
454 1 2 5 5 11462 11508
455 2 2 106 106 1 2 78
456 2 2 106 106 1 78 77
457 2 2 106 106 2 3 78
458 2 2 106 106 3 79 78
459 2 2 106 106 3 4 80
460 2 2 106 106 3 80 79
461 2 2 106 106 4 5 80
462 2 2 106 106 5 81 80
463 2 2 106 106 5 6 82
464 2 2 106 106 5 82 81
465 2 2 106 106 6 7 82
466 2 2 106 106 7 83 82
467 2 2 106 106 7 8 84
468 2 2 106 106 7 84 83
469 2 2 106 106 8 9 84
470 2 2 106 106 9 85 84
471 2 2 106 106 9 10 86
472 2 2 106 106 9 86 85
473 2 2 106 106 10 11 86
474 2 2 106 106 11 87 86
475 2 2 106 106 11 12 88
476 2 2 106 106 11 88 87
477 2 2 106 106 12 13 88
478 2 2 106 106 13 89 88
479 2 2 106 106 13 14 90
480 2 2 106 106 13 90 89
481 2 2 106 106 14 15 90
482 2 2 106 106 15 91 90
483 2 2 106 106 15 16 92
484 2 2 106 106 15 92 91
485 2 2 106 106 16 17 92
486 2 2 106 106 17 93 92
487 2 2 106 106 17 18 94
488 2 2 106 106 17 94 93
489 2 2 106 106 18 19 94
490 2 2 106 106 19 95 94
491 2 2 106 106 19 20 96
492 2 2 106 106 19 96 95
493 2 2 106 106 20 21 96
494 2 2 106 106 21 97 96
495 2 2 106 106 21 22 98
496 2 2 106 106 21 98 97
497 2 2 106 106 22 23 98
498 2 2 106 106 23 99 98
499 2 2 106 106 23 24 100
500 2 2 106 106 23 100 99
501 2 2 106 106 24 25 100
502 2 2 106 106 25 101 100
503 2 2 106 106 25 26 102
504 2 2 106 106 25 102 101
505 2 2 106 106 26 27 102
506 2 2 106 106 27 103 102
507 2 2 106 106 27 28 104
508 2 2 106 106 27 104 103
509 2 2 106 106 28 29 104
510 2 2 106 106 29 105 104
511 2 2 106 106 29 30 106
512 2 2 106 106 29 106 105
513 2 2 106 106 30 31 106
514 2 2 106 106 31 107 106
515 2 2 106 106 31 32 108
516 2 2 106 106 31 108 107
517 2 2 106 106 32 33 108
518 2 2 106 106 33 109 108
519 2 2 106 106 33 34 110
520 2 2 106 106 33 110 109
521 2 2 106 106 34 35 110
522 2 2 106 106 35 111 110
523 2 2 106 106 35 36 112
524 2 2 106 106 35 112 111
525 2 2 106 106 36 37 112
526 2 2 106 106 37 113 112
527 2 2 106 106 37 38 114
528 2 2 106 106 37 114 113
529 2 2 106 106 38 39 114
530 2 2 106 106 39 115 114
531 2 2 106 106 39 40 116
532 2 2 106 106 39 116 115
533 2 2 106 106 40 41 116
534 2 2 106 106 41 117 116
535 2 2 106 106 41 42 118
536 2 2 106 106 41 118 117
537 2 2 106 106 42 43 118
538 2 2 106 106 43 119 118
539 2 2 106 106 43 44 120
540 2 2 106 106 43 120 119
541 2 2 106 106 44 45 120
542 2 2 106 106 45 121 120
543 2 2 106 106 45 46 122
544 2 2 106 106 45 122 121
545 2 2 106 106 46 47 122
546 2 2 106 106 47 123 122
547 2 2 106 106 47 48 124
548 2 2 106 106 47 124 123
549 2 2 106 106 48 49 124
550 2 2 106 106 49 125 124
551 2 2 106 106 49 50 126
552 2 2 106 106 49 126 125
553 2 2 106 106 50 51 126
554 2 2 106 106 51 127 126
555 2 2 106 106 51 52 128
556 2 2 106 106 51 128 127
557 2 2 106 106 52 53 128
558 2 2 106 106 53 129 128
559 2 2 106 106 53 54 130
560 2 2 106 106 53 130 129
561 2 2 106 106 54 55 130
562 2 2 106 106 55 131 130
563 2 2 106 106 55 56 132
564 2 2 106 106 55 132 131
565 2 2 106 106 56 57 132
566 2 2 106 106 57 133 132
567 2 2 106 106 57 58 134
568 2 2 106 106 57 134 133
569 2 2 106 106 58 59 134
570 2 2 106 106 59 135 134
571 2 2 106 106 59 60 136
572 2 2 106 106 59 136 135
573 2 2 106 106 60 61 136
574 2 2 106 106 61 137 136
575 2 2 106 106 61 62 138
576 2 2 106 106 61 138 137
577 2 2 106 106 62 63 138
578 2 2 106 106 63 139 138
579 2 2 106 106 63 64 140
580 2 2 106 106 63 140 139
581 2 2 106 106 64 65 140
582 2 2 106 106 65 141 140
583 2 2 106 106 65 66 142
584 2 2 106 106 65 142 141
585 2 2 106 106 66 67 142
586 2 2 106 106 67 143 142
587 2 2 106 106 67 68 144
588 2 2 106 106 67 144 143
589 2 2 106 106 68 69 144
590 2 2 106 106 69 145 144
591 2 2 106 106 69 70 146
592 2 2 106 106 69 146 145
593 2 2 106 106 70 71 146
594 2 2 106 106 71 147 146
595 2 2 106 106 71 72 148
596 2 2 106 106 71 148 147
597 2 2 106 106 72 73 148
598 2 2 106 106 73 149 148
599 2 2 106 106 73 74 150
600 2 2 106 106 73 150 149
601 2 2 106 106 74 75 150
602 2 2 106 106 75 151 150
603 2 2 106 106 75 76 152
604 2 2 106 106 75 152 151
605 2 2 106 106 77 78 153
606 2 2 106 106 78 154 153
607 2 2 106 106 78 79 155
608 2 2 106 106 78 155 154
609 2 2 106 106 79 80 155
610 2 2 106 106 80 156 155
611 2 2 106 106 80 81 157
612 2 2 106 106 80 157 156
613 2 2 106 106 81 82 157
614 2 2 106 106 82 158 157
615 2 2 106 106 82 83 159
616 2 2 106 106 82 159 158
617 2 2 106 106 83 84 159
618 2 2 106 106 84 160 159
619 2 2 106 106 84 85 161
620 2 2 106 106 84 161 160
621 2 2 106 106 85 86 161
622 2 2 106 106 86 162 161
623 2 2 106 106 86 87 163
624 2 2 106 106 86 163 162
625 2 2 106 106 87 88 163
626 2 2 106 106 88 164 163
627 2 2 106 106 88 89 165
628 2 2 106 106 88 165 164
629 2 2 106 106 89 90 165
630 2 2 106 106 90 166 165
631 2 2 106 106 90 91 167
632 2 2 106 106 90 167 166
633 2 2 106 106 91 92 167
634 2 2 106 106 92 168 167
635 2 2 106 106 92 93 169
636 2 2 106 106 92 169 168
637 2 2 106 106 93 94 169
638 2 2 106 106 94 170 169
639 2 2 106 106 94 95 171
640 2 2 106 106 94 171 170
641 2 2 106 106 95 96 171
642 2 2 106 106 96 172 171
643 2 2 106 106 96 97 173
644 2 2 106 106 96 173 172
645 2 2 106 106 97 98 173
646 2 2 106 106 98 174 173
647 2 2 106 106 98 99 175
648 2 2 106 106 98 175 174
649 2 2 106 106 99 100 175
650 2 2 106 106 100 176 175
651 2 2 106 106 100 101 177
652 2 2 106 106 100 177 176
653 2 2 106 106 101 102 177
654 2 2 106 106 102 178 177
655 2 2 106 106 102 103 179
656 2 2 106 106 102 179 178
657 2 2 106 106 103 104 179
658 2 2 106 106 104 180 179
659 2 2 106 106 104 105 181
660 2 2 106 106 104 181 180
661 2 2 106 106 105 106 181
662 2 2 106 106 106 182 181
663 2 2 106 106 106 107 183
664 2 2 106 106 106 183 182
665 2 2 106 106 107 108 183
666 2 2 106 106 108 184 183
667 2 2 106 106 108 109 185
668 2 2 106 106 108 185 184
669 2 2 106 106 109 110 185
670 2 2 106 106 110 186 185
671 2 2 106 106 110 111 187
672 2 2 106 106 110 187 186
673 2 2 106 106 111 112 187
674 2 2 106 106 112 188 187
675 2 2 106 106 112 113 189
676 2 2 106 106 112 189 188
677 2 2 106 106 113 114 189
678 2 2 106 106 114 190 189
679 2 2 106 106 114 115 191
680 2 2 106 106 114 191 190
681 2 2 106 106 115 116 191
682 2 2 106 106 116 192 191
683 2 2 106 106 116 117 193
684 2 2 106 106 116 193 192
685 2 2 106 106 117 118 193
686 2 2 106 106 118 194 193
687 2 2 106 106 118 119 195
688 2 2 106 106 118 195 194
689 2 2 106 106 119 120 195
690 2 2 106 106 120 196 195
691 2 2 106 106 120 121 197
692 2 2 106 106 120 197 196
693 2 2 106 106 121 122 197
694 2 2 106 106 122 198 197
695 2 2 106 106 122 123 199
696 2 2 106 106 122 199 198
697 2 2 106 106 123 124 199
698 2 2 106 106 124 200 199
699 2 2 106 106 124 125 201
700 2 2 106 106 124 201 200
701 2 2 106 106 125 126 201
702 2 2 106 106 126 202 201
703 2 2 106 106 126 127 203
704 2 2 106 106 126 203 202
705 2 2 106 106 127 128 203
706 2 2 106 106 128 204 203
707 2 2 106 106 128 129 205
708 2 2 106 106 128 205 204
709 2 2 106 106 129 130 205
710 2 2 106 106 130 206 205
711 2 2 106 106 130 131 207
712 2 2 106 106 130 207 206
713 2 2 106 106 131 132 207
714 2 2 106 106 132 208 207
715 2 2 106 106 132 133 209
716 2 2 106 106 132 209 208
717 2 2 106 106 133 134 209
718 2 2 106 106 134 210 209
719 2 2 106 106 134 135 211
720 2 2 106 106 134 211 210
721 2 2 106 106 135 136 211
722 2 2 106 106 136 212 211
723 2 2 106 106 136 137 213
724 2 2 106 106 136 213 212
725 2 2 106 106 137 138 213
726 2 2 106 106 138 214 213
727 2 2 106 106 138 139 215
728 2 2 106 106 138 215 214
729 2 2 106 106 139 140 215
730 2 2 106 106 140 216 215
731 2 2 106 106 140 141 217
732 2 2 106 106 140 217 216
733 2 2 106 106 141 142 217
734 2 2 106 106 142 218 217
735 2 2 106 106 142 143 219
736 2 2 106 106 142 219 218
737 2 2 106 106 143 144 219
738 2 2 106 106 144 220 219
739 2 2 106 106 144 145 221
740 2 2 106 106 144 221 220
741 2 2 106 106 145 146 221
742 2 2 106 106 146 222 221
743 2 2 106 106 146 147 223
744 2 2 106 106 146 223 222
745 2 2 106 106 147 148 223
746 2 2 106 106 148 224 223
747 2 2 106 106 148 149 225
748 2 2 106 106 148 225 224
749 2 2 106 106 149 150 225
750 2 2 106 106 150 226 225
751 2 2 106 106 150 151 227
752 2 2 106 106 150 227 226
753 2 2 106 106 151 152 227
754 2 2 106 106 152 228 227
755 2 2 106 106 153 154 230
756 2 2 106 106 153 230 229
757 2 2 106 106 154 155 230
758 2 2 106 106 155 231 230
759 2 2 106 106 155 156 232
760 2 2 106 106 155 232 231
761 2 2 106 106 156 157 232
762 2 2 106 106 157 233 232
763 2 2 106 106 157 158 234
764 2 2 106 106 157 234 233
765 2 2 106 106 158 159 234
766 2 2 106 106 159 235 234
767 2 2 106 106 159 160 236
768 2 2 106 106 159 236 235
769 2 2 106 106 160 161 236
770 2 2 106 106 161 237 236
771 2 2 106 106 161 162 238
772 2 2 106 106 161 238 237
773 2 2 106 106 162 163 238
774 2 2 106 106 163 239 238
775 2 2 106 106 163 164 240
776 2 2 106 106 163 240 239
777 2 2 106 106 164 165 240
778 2 2 106 106 165 241 240
779 2 2 106 106 165 166 242
780 2 2 106 106 165 242 241
781 2 2 106 106 166 167 242
782 2 2 106 106 167 243 242
783 2 2 106 106 167 168 244
784 2 2 106 106 167 244 243
785 2 2 106 106 168 169 244
786 2 2 106 106 169 245 244
787 2 2 106 106 169 170 246
788 2 2 106 106 169 246 245
789 2 2 106 106 170 171 246
790 2 2 106 106 171 247 246
791 2 2 106 106 171 172 248
792 2 2 106 106 171 248 247
793 2 2 106 106 172 173 248
794 2 2 106 106 173 249 248
795 2 2 106 106 173 174 250
796 2 2 106 106 173 250 249
797 2 2 106 106 174 175 250
798 2 2 106 106 175 251 250
799 2 2 106 106 175 176 252
800 2 2 106 106 175 252 251
801 2 2 106 106 176 177 252
802 2 2 106 106 177 253 252
803 2 2 106 106 177 178 254
804 2 2 106 106 177 254 253
805 2 2 106 106 178 179 254
806 2 2 106 106 179 255 254
807 2 2 106 106 179 180 256
808 2 2 106 106 179 256 255
809 2 2 106 106 180 181 256
810 2 2 106 106 181 257 256
811 2 2 106 106 181 182 258
812 2 2 106 106 181 258 257
813 2 2 106 106 182 183 258
814 2 2 106 106 183 259 258
815 2 2 106 106 183 184 260
816 2 2 106 106 183 260 259
817 2 2 106 106 184 185 260
818 2 2 106 106 185 261 260
819 2 2 106 106 185 186 262
820 2 2 106 106 185 262 261
821 2 2 106 106 186 187 262
822 2 2 106 106 187 263 262
823 2 2 106 106 187 188 264
824 2 2 106 106 187 264 263
825 2 2 106 106 188 189 264
826 2 2 106 106 189 265 264
827 2 2 106 106 189 190 266
828 2 2 106 106 189 266 265
829 2 2 106 106 190 191 266
830 2 2 106 106 191 267 266
831 2 2 106 106 191 192 268
832 2 2 106 106 191 268 267
833 2 2 106 106 192 193 268
834 2 2 106 106 193 269 268
835 2 2 106 106 193 194 270
836 2 2 106 106 193 270 269
837 2 2 106 106 194 195 270
838 2 2 106 106 195 271 270
839 2 2 106 106 195 196 272
840 2 2 106 106 195 272 271
841 2 2 106 106 196 197 272
842 2 2 106 106 197 273 272
843 2 2 106 106 197 198 274
844 2 2 106 106 197 274 273
845 2 2 106 106 198 199 274
846 2 2 106 106 199 275 274
847 2 2 106 106 199 200 276
848 2 2 106 106 199 276 275
849 2 2 106 106 200 201 276
850 2 2 106 106 201 277 276
851 2 2 106 106 201 202 278
852 2 2 106 106 201 278 277
853 2 2 106 106 202 203 278
854 2 2 106 106 203 279 278
855 2 2 106 106 203 204 280
856 2 2 106 106 203 280 279
857 2 2 106 106 204 205 280
858 2 2 106 106 205 281 280
859 2 2 106 106 205 206 282
860 2 2 106 106 205 282 281
861 2 2 106 106 206 207 282
862 2 2 106 106 207 283 282
863 2 2 106 106 207 208 284
864 2 2 106 106 207 284 283
865 2 2 106 106 208 209 284
866 2 2 106 106 209 285 284
867 2 2 106 106 209 210 286
868 2 2 106 106 209 286 285
869 2 2 106 106 210 211 286
870 2 2 106 106 211 287 286
871 2 2 106 106 211 212 288
872 2 2 106 106 211 288 287
873 2 2 106 106 212 213 288
874 2 2 106 106 213 289 288
875 2 2 106 106 213 214 290
876 2 2 106 106 213 290 289
877 2 2 106 106 214 215 290
878 2 2 106 106 215 291 290
879 2 2 106 106 215 216 292
880 2 2 106 106 215 292 291
881 2 2 106 106 216 217 292
882 2 2 106 106 217 293 292
883 2 2 106 106 217 218 294
884 2 2 106 106 217 294 293
885 2 2 106 106 218 219 294
886 2 2 106 106 219 295 294
887 2 2 106 106 219 220 296
888 2 2 106 106 219 296 295
889 2 2 106 106 220 221 296
890 2 2 106 106 221 297 296
891 2 2 106 106 221 222 298
892 2 2 106 106 221 298 297
893 2 2 106 106 222 223 298
894 2 2 106 106 223 299 298
895 2 2 106 106 223 224 300
896 2 2 106 106 223 300 299
897 2 2 106 106 224 225 300
898 2 2 106 106 225 301 300
899 2 2 106 106 225 226 302
900 2 2 106 106 225 302 301
901 2 2 106 106 226 227 302
902 2 2 106 106 227 303 302
903 2 2 106 106 227 228 304
904 2 2 106 106 227 304 303
905 2 2 106 106 229 230 305
906 2 2 106 106 230 306 305
907 2 2 106 106 230 231 307
908 2 2 106 106 230 307 306
909 2 2 106 106 231 232 307
910 2 2 106 106 232 308 307
911 2 2 106 106 232 233 309
912 2 2 106 106 232 309 308
913 2 2 106 106 233 234 309
914 2 2 106 106 234 310 309
915 2 2 106 106 234 235 311
916 2 2 106 106 234 311 310
917 2 2 106 106 235 236 311
918 2 2 106 106 236 312 311
919 2 2 106 106 236 237 313
920 2 2 106 106 236 313 312
921 2 2 106 106 237 238 313
922 2 2 106 106 238 314 313
923 2 2 106 106 238 239 315
924 2 2 106 106 238 315 314
925 2 2 106 106 239 240 315
926 2 2 106 106 240 316 315
927 2 2 106 106 240 241 317
928 2 2 106 106 240 317 316
929 2 2 106 106 241 242 317
930 2 2 106 106 242 318 317
931 2 2 106 106 242 243 319
932 2 2 106 106 242 319 318
933 2 2 106 106 243 244 319
934 2 2 106 106 244 320 319
935 2 2 106 106 244 245 321
936 2 2 106 106 244 321 320
937 2 2 106 106 245 246 321
938 2 2 106 106 246 322 321
939 2 2 106 106 246 247 323
940 2 2 106 106 246 323 322
941 2 2 106 106 247 248 323
942 2 2 106 106 248 324 323
943 2 2 106 106 248 249 325
944 2 2 106 106 248 325 324
945 2 2 106 106 249 250 325
946 2 2 106 106 250 326 325
947 2 2 106 106 250 251 327
948 2 2 106 106 250 327 326
949 2 2 106 106 251 252 327
950 2 2 106 106 252 328 327
951 2 2 106 106 252 253 329
952 2 2 106 106 252 329 328
953 2 2 106 106 253 254 329
954 2 2 106 106 254 330 329
955 2 2 106 106 254 255 331
956 2 2 106 106 254 331 330
957 2 2 106 106 255 256 331
958 2 2 106 106 256 332 331
959 2 2 106 106 256 257 333
960 2 2 106 106 256 333 332
961 2 2 106 106 257 258 333
962 2 2 106 106 258 334 333
963 2 2 106 106 258 259 335
964 2 2 106 106 258 335 334
965 2 2 106 106 259 260 335
966 2 2 106 106 260 336 335
967 2 2 106 106 260 261 337
968 2 2 106 106 260 337 336
969 2 2 106 106 261 262 337
970 2 2 106 106 262 338 337
971 2 2 106 106 262 263 339
972 2 2 106 106 262 339 338
973 2 2 106 106 263 264 339
974 2 2 106 106 264 340 339
975 2 2 106 106 264 265 341
976 2 2 106 106 264 341 340
977 2 2 106 106 265 266 341
978 2 2 106 106 266 342 341
979 2 2 106 106 266 267 343
980 2 2 106 106 266 343 342
981 2 2 106 106 267 268 343
982 2 2 106 106 268 344 343
983 2 2 106 106 268 269 345
984 2 2 106 106 268 345 344
985 2 2 106 106 269 270 345
986 2 2 106 106 270 346 345
987 2 2 106 106 270 271 347
988 2 2 106 106 270 347 346
989 2 2 106 106 271 272 347
990 2 2 106 106 272 348 347
991 2 2 106 106 272 273 349
992 2 2 106 106 272 349 348
993 2 2 106 106 273 274 349
994 2 2 106 106 274 350 349
995 2 2 106 106 274 275 351
996 2 2 106 106 274 351 350
997 2 2 106 106 275 276 351
998 2 2 106 106 276 352 351
999 2 2 106 106 276 277 353
1000 2 2 106 106 276 353 352
1001 2 2 106 106 277 278 353
1002 2 2 106 106 278 354 353
1003 2 2 106 106 278 279 355
1004 2 2 106 106 278 355 354
1005 2 2 106 106 279 280 355
1006 2 2 106 106 280 356 355
1007 2 2 106 106 280 281 357
1008 2 2 106 106 280 357 356
1009 2 2 106 106 281 282 357
1010 2 2 106 106 282 358 357
1011 2 2 106 106 282 283 359
1012 2 2 106 106 282 359 358
1013 2 2 106 106 283 284 359
1014 2 2 106 106 284 360 359
1015 2 2 106 106 284 285 361
1016 2 2 106 106 284 361 360
1017 2 2 106 106 285 286 361
1018 2 2 106 106 286 362 361
1019 2 2 106 106 286 287 363
1020 2 2 106 106 286 363 362
1021 2 2 106 106 287 288 363
1022 2 2 106 106 288 364 363
1023 2 2 106 106 288 289 365
1024 2 2 106 106 288 365 364
1025 2 2 106 106 289 290 365
1026 2 2 106 106 290 366 365
1027 2 2 106 106 290 291 367
1028 2 2 106 106 290 367 366
1029 2 2 106 106 291 292 367
1030 2 2 106 106 292 368 367
1031 2 2 106 106 292 293 369
1032 2 2 106 106 292 369 368
1033 2 2 106 106 293 294 369
1034 2 2 106 106 294 370 369
1035 2 2 106 106 294 295 371
1036 2 2 106 106 294 371 370
1037 2 2 106 106 295 296 371
1038 2 2 106 106 296 372 371
1039 2 2 106 106 296 297 373
1040 2 2 106 106 296 373 372
1041 2 2 106 106 297 298 373
1042 2 2 106 106 298 374 373
1043 2 2 106 106 298 299 375
1044 2 2 106 106 298 375 374
1045 2 2 106 106 299 300 375
1046 2 2 106 106 300 376 375
1047 2 2 106 106 300 301 377
1048 2 2 106 106 300 377 376
1049 2 2 106 106 301 302 377
1050 2 2 106 106 302 378 377
1051 2 2 106 106 302 303 379
1052 2 2 106 106 302 379 378
1053 2 2 106 106 303 304 379
1054 2 2 106 106 304 380 379
1055 2 2 106 106 305 306 382
1056 2 2 106 106 305 382 381
1057 2 2 106 106 306 307 382
1058 2 2 106 106 307 383 382
1059 2 2 106 106 307 308 384
1060 2 2 106 106 307 384 383
1061 2 2 106 106 308 309 384
1062 2 2 106 106 309 385 384
1063 2 2 106 106 309 310 386
1064 2 2 106 106 309 386 385
1065 2 2 106 106 310 311 386
1066 2 2 106 106 311 387 386
1067 2 2 106 106 311 312 388
1068 2 2 106 106 311 388 387
1069 2 2 106 106 312 313 388
1070 2 2 106 106 313 389 388
1071 2 2 106 106 313 314 390
1072 2 2 106 106 313 390 389
1073 2 2 106 106 314 315 390
1074 2 2 106 106 315 391 390
1075 2 2 106 106 315 316 392
1076 2 2 106 106 315 392 391
1077 2 2 106 106 316 317 392
1078 2 2 106 106 317 393 392
1079 2 2 106 106 317 318 394
1080 2 2 106 106 317 394 393
1081 2 2 106 106 318 319 394
1082 2 2 106 106 319 395 394
1083 2 2 106 106 319 320 396
1084 2 2 106 106 319 396 395
1085 2 2 106 106 320 321 396
1086 2 2 106 106 321 397 396
1087 2 2 106 106 321 322 398
1088 2 2 106 106 321 398 397
1089 2 2 106 106 322 323 398
1090 2 2 106 106 323 399 398
1091 2 2 106 106 323 324 400
1092 2 2 106 106 323 400 399
1093 2 2 106 106 324 325 400
1094 2 2 106 106 325 401 400
1095 2 2 106 106 325 326 402
1096 2 2 106 106 325 402 401
1097 2 2 106 106 326 327 402
1098 2 2 106 106 327 403 402
1099 2 2 106 106 327 328 404
1100 2 2 106 106 327 404 403
1101 2 2 106 106 328 329 404
1102 2 2 106 106 329 405 404
1103 2 2 106 106 329 330 406
1104 2 2 106 106 329 406 405
1105 2 2 106 106 330 331 406
1106 2 2 106 106 331 407 406
1107 2 2 106 106 331 332 408
1108 2 2 106 106 331 408 407
1109 2 2 106 106 332 333 408
1110 2 2 106 106 333 409 408
1111 2 2 106 106 333 334 410
1112 2 2 106 106 333 410 409
1113 2 2 106 106 334 335 410
1114 2 2 106 106 335 411 410
1115 2 2 106 106 335 336 412
1116 2 2 106 106 335 412 411
1117 2 2 106 106 336 337 412
1118 2 2 106 106 337 413 412
1119 2 2 106 106 337 338 414
1120 2 2 106 106 337 414 413
1121 2 2 106 106 338 339 414
1122 2 2 106 106 339 415 414
1123 2 2 106 106 339 340 416
1124 2 2 106 106 339 416 415
1125 2 2 106 106 340 341 416
1126 2 2 106 106 341 417 416
1127 2 2 106 106 341 342 418
1128 2 2 106 106 341 418 417
1129 2 2 106 106 342 343 418
1130 2 2 106 106 343 419 418
1131 2 2 106 106 343 344 420
1132 2 2 106 106 343 420 419
1133 2 2 106 106 344 345 420
1134 2 2 106 106 345 421 420
1135 2 2 106 106 345 346 422
1136 2 2 106 106 345 422 421
1137 2 2 106 106 346 347 422
1138 2 2 106 106 347 423 422
1139 2 2 106 106 347 348 424
1140 2 2 106 106 347 424 423
1141 2 2 106 106 348 349 424
1142 2 2 106 106 349 425 424
1143 2 2 106 106 349 350 426
1144 2 2 106 106 349 426 425
1145 2 2 106 106 350 351 426
1146 2 2 106 106 351 427 426
1147 2 2 106 106 351 352 428
1148 2 2 106 106 351 428 427
1149 2 2 106 106 352 353 428
1150 2 2 106 106 353 429 428
1151 2 2 106 106 353 354 430
1152 2 2 106 106 353 430 429
1153 2 2 106 106 354 355 430
1154 2 2 106 106 355 431 430
1155 2 2 106 106 355 356 432
1156 2 2 106 106 355 432 431
1157 2 2 106 106 356 357 432
1158 2 2 106 106 357 433 432
1159 2 2 106 106 357 358 434
1160 2 2 106 106 357 434 433
1161 2 2 106 106 358 359 434
1162 2 2 106 106 359 435 434
1163 2 2 106 106 359 360 436
1164 2 2 106 106 359 436 435
1165 2 2 106 106 360 361 436
1166 2 2 106 106 361 437 436
1167 2 2 106 106 361 362 438
1168 2 2 106 106 361 438 437
1169 2 2 106 106 362 363 438
1170 2 2 106 106 363 439 438
1171 2 2 106 106 363 364 440
1172 2 2 106 106 363 440 439
1173 2 2 106 106 364 365 440
1174 2 2 106 106 365 441 440
1175 2 2 106 106 365 366 442
1176 2 2 106 106 365 442 441
1177 2 2 106 106 366 367 442
1178 2 2 106 106 367 443 442
1179 2 2 106 106 367 368 444
1180 2 2 106 106 367 444 443
1181 2 2 106 106 368 369 444
1182 2 2 106 106 369 445 444
1183 2 2 106 106 369 370 446
1184 2 2 106 106 369 446 445
1185 2 2 106 106 370 371 446
1186 2 2 106 106 371 447 446
1187 2 2 106 106 371 372 448
1188 2 2 106 106 371 448 447
1189 2 2 106 106 372 373 448
1190 2 2 106 106 373 449 448
1191 2 2 106 106 373 374 450
1192 2 2 106 106 373 450 449
1193 2 2 106 106 374 375 450
1194 2 2 106 106 375 451 450
1195 2 2 106 106 375 376 452
1196 2 2 106 106 375 452 451
1197 2 2 106 106 376 377 452
1198 2 2 106 106 377 453 452
1199 2 2 106 106 377 378 454
1200 2 2 106 106 377 454 453
1201 2 2 106 106 378 379 454
1202 2 2 106 106 379 455 454
1203 2 2 106 106 379 380 456
1204 2 2 106 106 379 456 455
1205 2 2 106 106 381 382 457
1206 2 2 106 106 382 458 457
1207 2 2 106 106 382 383 459
1208 2 2 106 106 382 459 458
1209 2 2 106 106 383 384 459
1210 2 2 106 106 384 460 459
1211 2 2 106 106 384 385 461
1212 2 2 106 106 384 461 460
1213 2 2 106 106 385 386 461
1214 2 2 106 106 386 462 461
1215 2 2 106 106 386 387 463
1216 2 2 106 106 386 463 462
1217 2 2 106 106 387 388 463
1218 2 2 106 106 388 464 463
1219 2 2 106 106 388 389 465
1220 2 2 106 106 388 465 464
1221 2 2 106 106 389 390 465
1222 2 2 106 106 390 466 465
1223 2 2 106 106 390 391 467
1224 2 2 106 106 390 467 466
1225 2 2 106 106 391 392 467
1226 2 2 106 106 392 468 467
1227 2 2 106 106 392 393 469
1228 2 2 106 106 392 469 468
1229 2 2 106 106 393 394 469
1230 2 2 106 106 394 470 469
1231 2 2 106 106 394 395 471
1232 2 2 106 106 394 471 470
1233 2 2 106 106 395 396 471
1234 2 2 106 106 396 472 471
1235 2 2 106 106 396 397 473
1236 2 2 106 106 396 473 472
1237 2 2 106 106 397 398 473
1238 2 2 106 106 398 474 473
1239 2 2 106 106 398 399 475
1240 2 2 106 106 398 475 474
1241 2 2 106 106 399 400 475
1242 2 2 106 106 400 476 475
1243 2 2 106 106 400 401 477
1244 2 2 106 106 400 477 476
1245 2 2 106 106 401 402 477
1246 2 2 106 106 402 478 477
1247 2 2 106 106 402 403 479
1248 2 2 106 106 402 479 478
1249 2 2 106 106 403 404 479
1250 2 2 106 106 404 480 479
1251 2 2 106 106 404 405 481
1252 2 2 106 106 404 481 480
1253 2 2 106 106 405 406 481
1254 2 2 106 106 406 482 481
1255 2 2 106 106 406 407 483
1256 2 2 106 106 406 483 482
1257 2 2 106 106 407 408 483
1258 2 2 106 106 408 484 483
1259 2 2 106 106 408 409 485
1260 2 2 106 106 408 485 484
1261 2 2 106 106 409 410 485
1262 2 2 106 106 410 486 485
1263 2 2 106 106 410 411 487
1264 2 2 106 106 410 487 486
1265 2 2 106 106 411 412 487
1266 2 2 106 106 412 488 487
1267 2 2 106 106 412 413 489
1268 2 2 106 106 412 489 488
1269 2 2 106 106 413 414 489
1270 2 2 106 106 414 490 489
1271 2 2 106 106 414 415 491
1272 2 2 106 106 414 491 490
1273 2 2 106 106 415 416 491
1274 2 2 106 106 416 492 491
1275 2 2 106 106 416 417 493
1276 2 2 106 106 416 493 492
1277 2 2 106 106 417 418 493
1278 2 2 106 106 418 494 493
1279 2 2 106 106 418 419 495
1280 2 2 106 106 418 495 494
1281 2 2 106 106 419 420 495
1282 2 2 106 106 420 496 495
1283 2 2 106 106 420 421 497
1284 2 2 106 106 420 497 496
1285 2 2 106 106 421 422 497
1286 2 2 106 106 422 498 497
1287 2 2 106 106 422 423 499
1288 2 2 106 106 422 499 498
1289 2 2 106 106 423 424 499
1290 2 2 106 106 424 500 499
1291 2 2 106 106 424 425 501
1292 2 2 106 106 424 501 500
1293 2 2 106 106 425 426 501
1294 2 2 106 106 426 502 501
1295 2 2 106 106 426 427 503
1296 2 2 106 106 426 503 502
1297 2 2 106 106 427 428 503
1298 2 2 106 106 428 504 503
1299 2 2 106 106 428 429 505
1300 2 2 106 106 428 505 504
1301 2 2 106 106 429 430 505
1302 2 2 106 106 430 506 505
1303 2 2 106 106 430 431 507
1304 2 2 106 106 430 507 506
1305 2 2 106 106 431 432 507
1306 2 2 106 106 432 508 507
1307 2 2 106 106 432 433 509
1308 2 2 106 106 432 509 508
1309 2 2 106 106 433 434 509
1310 2 2 106 106 434 510 509
1311 2 2 106 106 434 435 511
1312 2 2 106 106 434 511 510
1313 2 2 106 106 435 436 511
1314 2 2 106 106 436 512 511
1315 2 2 106 106 436 437 513
1316 2 2 106 106 436 513 512
1317 2 2 106 106 437 438 513
1318 2 2 106 106 438 514 513
1319 2 2 106 106 438 439 515
1320 2 2 106 106 438 515 514
1321 2 2 106 106 439 440 515
1322 2 2 106 106 440 516 515
1323 2 2 106 106 440 441 517
1324 2 2 106 106 440 517 516
1325 2 2 106 106 441 442 517
1326 2 2 106 106 442 518 517
1327 2 2 106 106 442 443 519
1328 2 2 106 106 442 519 518
1329 2 2 106 106 443 444 519
1330 2 2 106 106 444 520 519
1331 2 2 106 106 444 445 521
1332 2 2 106 106 444 521 520
1333 2 2 106 106 445 446 521
1334 2 2 106 106 446 522 521
1335 2 2 106 106 446 447 523
1336 2 2 106 106 446 523 522
1337 2 2 106 106 447 448 523
1338 2 2 106 106 448 524 523
1339 2 2 106 106 448 449 525
1340 2 2 106 106 448 525 524
1341 2 2 106 106 449 450 525
1342 2 2 106 106 450 526 525
1343 2 2 106 106 450 451 527
1344 2 2 106 106 450 527 526
1345 2 2 106 106 451 452 527
1346 2 2 106 106 452 528 527
1347 2 2 106 106 452 453 529
1348 2 2 106 106 452 529 528
1349 2 2 106 106 453 454 529
1350 2 2 106 106 454 530 529
1351 2 2 106 106 454 455 531
1352 2 2 106 106 454 531 530
1353 2 2 106 106 455 456 531
1354 2 2 106 106 456 532 531
1355 2 2 106 106 457 458 534
1356 2 2 106 106 457 534 533
1357 2 2 106 106 458 459 534
1358 2 2 106 106 459 535 534
1359 2 2 106 106 459 460 536
1360 2 2 106 106 459 536 535
1361 2 2 106 106 460 461 536
1362 2 2 106 106 461 537 536
1363 2 2 106 106 461 462 538
1364 2 2 106 106 461 538 537
1365 2 2 106 106 462 463 538
1366 2 2 106 106 463 539 538
1367 2 2 106 106 463 464 540
1368 2 2 106 106 463 540 539
1369 2 2 106 106 464 465 540
1370 2 2 106 106 465 541 540
1371 2 2 106 106 465 466 542
1372 2 2 106 106 465 542 541
1373 2 2 106 106 466 467 542
1374 2 2 106 106 467 543 542
1375 2 2 106 106 467 468 544
1376 2 2 106 106 467 544 543
1377 2 2 106 106 468 469 544
1378 2 2 106 106 469 545 544
1379 2 2 106 106 469 470 546
1380 2 2 106 106 469 546 545
1381 2 2 106 106 470 471 546
1382 2 2 106 106 471 547 546
1383 2 2 106 106 471 472 548
1384 2 2 106 106 471 548 547
1385 2 2 106 106 472 473 548
1386 2 2 106 106 473 549 548
1387 2 2 106 106 473 474 550
1388 2 2 106 106 473 550 549
1389 2 2 106 106 474 475 550
1390 2 2 106 106 475 551 550
1391 2 2 106 106 475 476 552
1392 2 2 106 106 475 552 551
1393 2 2 106 106 476 477 552
1394 2 2 106 106 477 553 552
1395 2 2 106 106 477 478 554
1396 2 2 106 106 477 554 553
1397 2 2 106 106 478 479 554
1398 2 2 106 106 479 555 554
1399 2 2 106 106 479 480 556
1400 2 2 106 106 479 556 555
1401 2 2 106 106 480 481 556
1402 2 2 106 106 481 557 556
1403 2 2 106 106 481 482 558
1404 2 2 106 106 481 558 557
1405 2 2 106 106 482 483 558
1406 2 2 106 106 483 559 558
1407 2 2 106 106 483 484 560
1408 2 2 106 106 483 560 559
1409 2 2 106 106 484 485 560
1410 2 2 106 106 485 561 560
1411 2 2 106 106 485 486 562
1412 2 2 106 106 485 562 561
1413 2 2 106 106 486 487 562
1414 2 2 106 106 487 563 562
1415 2 2 106 106 487 488 564
1416 2 2 106 106 487 564 563
1417 2 2 106 106 488 489 564
1418 2 2 106 106 489 565 564
1419 2 2 106 106 489 490 566
1420 2 2 106 106 489 566 565
1421 2 2 106 106 490 491 566
1422 2 2 106 106 491 567 566
1423 2 2 106 106 491 492 568
1424 2 2 106 106 491 568 567
1425 2 2 106 106 492 493 568
1426 2 2 106 106 493 569 568
1427 2 2 106 106 493 494 570
1428 2 2 106 106 493 570 569
1429 2 2 106 106 494 495 570
1430 2 2 106 106 495 571 570
1431 2 2 106 106 495 496 572
1432 2 2 106 106 495 572 571
1433 2 2 106 106 496 497 572
1434 2 2 106 106 497 573 572
1435 2 2 106 106 497 498 574
1436 2 2 106 106 497 574 573
1437 2 2 106 106 498 499 574
1438 2 2 106 106 499 575 574
1439 2 2 106 106 499 500 576
1440 2 2 106 106 499 576 575
1441 2 2 106 106 500 501 576
1442 2 2 106 106 501 577 576
1443 2 2 106 106 501 502 578
1444 2 2 106 106 501 578 577
1445 2 2 106 106 502 503 578
1446 2 2 106 106 503 579 578
1447 2 2 106 106 503 504 580
1448 2 2 106 106 503 580 579
1449 2 2 106 106 504 505 580
1450 2 2 106 106 505 581 580
1451 2 2 106 106 505 506 582
1452 2 2 106 106 505 582 581
1453 2 2 106 106 506 507 582
1454 2 2 106 106 507 583 582
1455 2 2 106 106 507 508 584
1456 2 2 106 106 507 584 583
1457 2 2 106 106 508 509 584
1458 2 2 106 106 509 585 584
1459 2 2 106 106 509 510 586
1460 2 2 106 106 509 586 585
1461 2 2 106 106 510 511 586
1462 2 2 106 106 511 587 586
1463 2 2 106 106 511 512 588
1464 2 2 106 106 511 588 587
1465 2 2 106 106 512 513 588
1466 2 2 106 106 513 589 588
1467 2 2 106 106 513 514 590
1468 2 2 106 106 513 590 589
1469 2 2 106 106 514 515 590
1470 2 2 106 106 515 591 590
1471 2 2 106 106 515 516 592
1472 2 2 106 106 515 592 591
1473 2 2 106 106 516 517 592
1474 2 2 106 106 517 593 592
1475 2 2 106 106 517 518 594
1476 2 2 106 106 517 594 593
1477 2 2 106 106 518 519 594
1478 2 2 106 106 519 595 594
1479 2 2 106 106 519 520 596
1480 2 2 106 106 519 596 595
1481 2 2 106 106 520 521 596
1482 2 2 106 106 521 597 596
1483 2 2 106 106 521 522 598
1484 2 2 106 106 521 598 597
1485 2 2 106 106 522 523 598
1486 2 2 106 106 523 599 598
1487 2 2 106 106 523 524 600
1488 2 2 106 106 523 600 599
1489 2 2 106 106 524 525 600
1490 2 2 106 106 525 601 600
1491 2 2 106 106 525 526 602
1492 2 2 106 106 525 602 601
1493 2 2 106 106 526 527 602
1494 2 2 106 106 527 603 602
1495 2 2 106 106 527 528 604
1496 2 2 106 106 527 604 603
1497 2 2 106 106 528 529 604
1498 2 2 106 106 529 605 604
1499 2 2 106 106 529 530 606
1500 2 2 106 106 529 606 605
1501 2 2 106 106 530 531 606
1502 2 2 106 106 531 607 606
1503 2 2 106 106 531 532 608
1504 2 2 106 106 531 608 607
1505 2 2 106 106 533 534 609
1506 2 2 106 106 534 610 609
1507 2 2 106 106 534 535 611
1508 2 2 106 106 534 611 610
1509 2 2 106 106 535 536 611
1510 2 2 106 106 536 612 611
1511 2 2 106 106 536 537 613
1512 2 2 106 106 536 613 612
1513 2 2 106 106 537 538 613
1514 2 2 106 106 538 614 613
1515 2 2 106 106 538 539 615
1516 2 2 106 106 538 615 614
1517 2 2 106 106 539 540 615
1518 2 2 106 106 540 616 615
1519 2 2 106 106 540 541 617
1520 2 2 106 106 540 617 616
1521 2 2 106 106 541 542 617
1522 2 2 106 106 542 618 617
1523 2 2 106 106 542 543 619
1524 2 2 106 106 542 619 618
1525 2 2 106 106 543 544 619
1526 2 2 106 106 544 620 619
1527 2 2 106 106 544 545 621
1528 2 2 106 106 544 621 620
1529 2 2 106 106 545 546 621
1530 2 2 106 106 546 622 621
1531 2 2 106 106 546 547 623
1532 2 2 106 106 546 623 622
1533 2 2 106 106 547 548 623
1534 2 2 106 106 548 624 623
1535 2 2 106 106 548 549 625
1536 2 2 106 106 548 625 624
1537 2 2 106 106 549 550 625
1538 2 2 106 106 550 626 625
1539 2 2 106 106 550 551 627
1540 2 2 106 106 550 627 626
1541 2 2 106 106 551 552 627
1542 2 2 106 106 552 628 627
1543 2 2 106 106 552 553 629
1544 2 2 106 106 552 629 628
1545 2 2 106 106 553 554 629
1546 2 2 106 106 554 630 629
1547 2 2 106 106 554 555 631
1548 2 2 106 106 554 631 630
1549 2 2 106 106 555 556 631
1550 2 2 106 106 556 632 631
1551 2 2 106 106 556 557 633
1552 2 2 106 106 556 633 632
1553 2 2 106 106 557 558 633
1554 2 2 106 106 558 634 633
1555 2 2 106 106 558 559 635
1556 2 2 106 106 558 635 634
1557 2 2 106 106 559 560 635
1558 2 2 106 106 560 636 635
1559 2 2 106 106 560 561 637
1560 2 2 106 106 560 637 636
1561 2 2 106 106 561 562 637
1562 2 2 106 106 562 638 637
1563 2 2 106 106 562 563 639
1564 2 2 106 106 562 639 638
1565 2 2 106 106 563 564 639
1566 2 2 106 106 564 640 639
1567 2 2 106 106 564 565 641
1568 2 2 106 106 564 641 640
1569 2 2 106 106 565 566 641
1570 2 2 106 106 566 642 641
1571 2 2 106 106 566 567 643
1572 2 2 106 106 566 643 642
1573 2 2 106 106 567 568 643
1574 2 2 106 106 568 644 643
1575 2 2 106 106 568 569 645
1576 2 2 106 106 568 645 644
1577 2 2 106 106 569 570 645
1578 2 2 106 106 570 646 645
1579 2 2 106 106 570 571 647
1580 2 2 106 106 570 647 646
1581 2 2 106 106 571 572 647
1582 2 2 106 106 572 648 647
1583 2 2 106 106 572 573 649
1584 2 2 106 106 572 649 648
1585 2 2 106 106 573 574 649
1586 2 2 106 106 574 650 649
1587 2 2 106 106 574 575 651
1588 2 2 106 106 574 651 650
1589 2 2 106 106 575 576 651
1590 2 2 106 106 576 652 651
1591 2 2 106 106 576 577 653
1592 2 2 106 106 576 653 652
1593 2 2 106 106 577 578 653
1594 2 2 106 106 578 654 653
1595 2 2 106 106 578 579 655
1596 2 2 106 106 578 655 654
1597 2 2 106 106 579 580 655
1598 2 2 106 106 580 656 655
1599 2 2 106 106 580 581 657
1600 2 2 106 106 580 657 656
1601 2 2 106 106 581 582 657
1602 2 2 106 106 582 658 657
1603 2 2 106 106 582 583 659
1604 2 2 106 106 582 659 658
1605 2 2 106 106 583 584 659
1606 2 2 106 106 584 660 659
1607 2 2 106 106 584 585 661
1608 2 2 106 106 584 661 660
1609 2 2 106 106 585 586 661
1610 2 2 106 106 586 662 661
1611 2 2 106 106 586 587 663
1612 2 2 106 106 586 663 662
1613 2 2 106 106 587 588 663
1614 2 2 106 106 588 664 663
1615 2 2 106 106 588 589 665
1616 2 2 106 106 588 665 664
1617 2 2 106 106 589 590 665
1618 2 2 106 106 590 666 665
1619 2 2 106 106 590 591 667
1620 2 2 106 106 590 667 666
1621 2 2 106 106 591 592 667
1622 2 2 106 106 592 668 667
1623 2 2 106 106 592 593 669
1624 2 2 106 106 592 669 668
1625 2 2 106 106 593 594 669
1626 2 2 106 106 594 670 669
1627 2 2 106 106 594 595 671
1628 2 2 106 106 594 671 670
1629 2 2 106 106 595 596 671
1630 2 2 106 106 596 672 671
1631 2 2 106 106 596 597 673
1632 2 2 106 106 596 673 672
1633 2 2 106 106 597 598 673
1634 2 2 106 106 598 674 673
1635 2 2 106 106 598 599 675
1636 2 2 106 106 598 675 674
1637 2 2 106 106 599 600 675
1638 2 2 106 106 600 676 675
1639 2 2 106 106 600 601 677
1640 2 2 106 106 600 677 676
1641 2 2 106 106 601 602 677
1642 2 2 106 106 602 678 677
1643 2 2 106 106 602 603 679
1644 2 2 106 106 602 679 678
1645 2 2 106 106 603 604 679
1646 2 2 106 106 604 680 679
1647 2 2 106 106 604 605 681
1648 2 2 106 106 604 681 680
1649 2 2 106 106 605 606 681
1650 2 2 106 106 606 682 681
1651 2 2 106 106 606 607 683
1652 2 2 106 106 606 683 682
1653 2 2 106 106 607 608 683
1654 2 2 106 106 608 684 683
1655 2 2 106 106 609 610 686
1656 2 2 106 106 609 686 685
1657 2 2 106 106 610 611 686
1658 2 2 106 106 611 687 686
1659 2 2 106 106 611 612 688
1660 2 2 106 106 611 688 687
1661 2 2 106 106 612 613 688
1662 2 2 106 106 613 689 688
1663 2 2 106 106 613 614 690
1664 2 2 106 106 613 690 689
1665 2 2 106 106 614 615 690
1666 2 2 106 106 615 691 690
1667 2 2 106 106 615 616 692
1668 2 2 106 106 615 692 691
1669 2 2 106 106 616 617 692
1670 2 2 106 106 617 693 692
1671 2 2 106 106 617 618 694
1672 2 2 106 106 617 694 693
1673 2 2 106 106 618 619 694
1674 2 2 106 106 619 695 694
1675 2 2 106 106 619 620 696
1676 2 2 106 106 619 696 695
1677 2 2 106 106 620 621 696
1678 2 2 106 106 621 697 696
1679 2 2 106 106 621 622 698
1680 2 2 106 106 621 698 697
1681 2 2 106 106 622 623 698
1682 2 2 106 106 623 699 698
1683 2 2 106 106 623 624 700
1684 2 2 106 106 623 700 699
1685 2 2 106 106 624 625 700
1686 2 2 106 106 625 701 700
1687 2 2 106 106 625 626 702
1688 2 2 106 106 625 702 701
1689 2 2 106 106 626 627 702
1690 2 2 106 106 627 703 702
1691 2 2 106 106 627 628 704
1692 2 2 106 106 627 704 703
1693 2 2 106 106 628 629 704
1694 2 2 106 106 629 705 704
1695 2 2 106 106 629 630 706
1696 2 2 106 106 629 706 705
1697 2 2 106 106 630 631 706
1698 2 2 106 106 631 707 706
1699 2 2 106 106 631 632 708
1700 2 2 106 106 631 708 707
1701 2 2 106 106 632 633 708
1702 2 2 106 106 633 709 708
1703 2 2 106 106 633 634 710
1704 2 2 106 106 633 710 709
1705 2 2 106 106 634 635 710
1706 2 2 106 106 635 711 710
1707 2 2 106 106 635 636 712
1708 2 2 106 106 635 712 711
1709 2 2 106 106 636 637 712
1710 2 2 106 106 637 713 712
1711 2 2 106 106 637 638 714
1712 2 2 106 106 637 714 713
1713 2 2 106 106 638 639 714
1714 2 2 106 106 639 715 714
1715 2 2 106 106 639 640 716
1716 2 2 106 106 639 716 715
1717 2 2 106 106 640 641 716
1718 2 2 106 106 641 717 716
1719 2 2 106 106 641 642 718
1720 2 2 106 106 641 718 717
1721 2 2 106 106 642 643 718
1722 2 2 106 106 643 719 718
1723 2 2 106 106 643 644 720
1724 2 2 106 106 643 720 719
1725 2 2 106 106 644 645 720
1726 2 2 106 106 645 721 720
1727 2 2 106 106 645 646 722
1728 2 2 106 106 645 722 721
1729 2 2 106 106 646 647 722
1730 2 2 106 106 647 723 722
1731 2 2 106 106 647 648 724
1732 2 2 106 106 647 724 723
1733 2 2 106 106 648 649 724
1734 2 2 106 106 649 725 724
1735 2 2 106 106 649 650 726
1736 2 2 106 106 649 726 725
1737 2 2 106 106 650 651 726
1738 2 2 106 106 651 727 726
1739 2 2 106 106 651 652 728
1740 2 2 106 106 651 728 727
1741 2 2 106 106 652 653 728
1742 2 2 106 106 653 729 728
1743 2 2 106 106 653 654 730
1744 2 2 106 106 653 730 729
1745 2 2 106 106 654 655 730
1746 2 2 106 106 655 731 730
1747 2 2 106 106 655 656 732
1748 2 2 106 106 655 732 731
1749 2 2 106 106 656 657 732
1750 2 2 106 106 657 733 732
1751 2 2 106 106 657 658 734
1752 2 2 106 106 657 734 733
1753 2 2 106 106 658 659 734
1754 2 2 106 106 659 735 734
1755 2 2 106 106 659 660 736
1756 2 2 106 106 659 736 735
1757 2 2 106 106 660 661 736
1758 2 2 106 106 661 737 736
1759 2 2 106 106 661 662 738
1760 2 2 106 106 661 738 737
1761 2 2 106 106 662 663 738
1762 2 2 106 106 663 739 738
1763 2 2 106 106 663 664 740
1764 2 2 106 106 663 740 739
1765 2 2 106 106 664 665 740
1766 2 2 106 106 665 741 740
1767 2 2 106 106 665 666 742
1768 2 2 106 106 665 742 741
1769 2 2 106 106 666 667 742
1770 2 2 106 106 667 743 742
1771 2 2 106 106 667 668 744
1772 2 2 106 106 667 744 743
1773 2 2 106 106 668 669 744
1774 2 2 106 106 669 745 744
1775 2 2 106 106 669 670 746
1776 2 2 106 106 669 746 745
1777 2 2 106 106 670 671 746
1778 2 2 106 106 671 747 746
1779 2 2 106 106 671 672 748
1780 2 2 106 106 671 748 747
1781 2 2 106 106 672 673 748
1782 2 2 106 106 673 749 748
1783 2 2 106 106 673 674 750
1784 2 2 106 106 673 750 749
1785 2 2 106 106 674 675 750
1786 2 2 106 106 675 751 750
1787 2 2 106 106 675 676 752
1788 2 2 106 106 675 752 751
1789 2 2 106 106 676 677 752
1790 2 2 106 106 677 753 752
1791 2 2 106 106 677 678 754
1792 2 2 106 106 677 754 753
1793 2 2 106 106 678 679 754
1794 2 2 106 106 679 755 754
1795 2 2 106 106 679 680 756
1796 2 2 106 106 679 756 755
1797 2 2 106 106 680 681 756
1798 2 2 106 106 681 757 756
1799 2 2 106 106 681 682 758
1800 2 2 106 106 681 758 757
1801 2 2 106 106 682 683 758
1802 2 2 106 106 683 759 758
1803 2 2 106 106 683 684 760
1804 2 2 106 106 683 760 759
1805 2 2 106 106 685 686 761
1806 2 2 106 106 686 762 761
1807 2 2 106 106 686 687 763
1808 2 2 106 106 686 763 762
1809 2 2 106 106 687 688 763
1810 2 2 106 106 688 764 763
1811 2 2 106 106 688 689 765
1812 2 2 106 106 688 765 764
1813 2 2 106 106 689 690 765
1814 2 2 106 106 690 766 765
1815 2 2 106 106 690 691 767
1816 2 2 106 106 690 767 766
1817 2 2 106 106 691 692 767
1818 2 2 106 106 692 768 767
1819 2 2 106 106 692 693 769
1820 2 2 106 106 692 769 768
1821 2 2 106 106 693 694 769
1822 2 2 106 106 694 770 769
1823 2 2 106 106 694 695 771
1824 2 2 106 106 694 771 770
1825 2 2 106 106 695 696 771
1826 2 2 106 106 696 772 771
1827 2 2 106 106 696 697 773
1828 2 2 106 106 696 773 772
1829 2 2 106 106 697 698 773
1830 2 2 106 106 698 774 773
1831 2 2 106 106 698 699 775
1832 2 2 106 106 698 775 774
1833 2 2 106 106 699 700 775
1834 2 2 106 106 700 776 775
1835 2 2 106 106 700 701 777
1836 2 2 106 106 700 777 776
1837 2 2 106 106 701 702 777
1838 2 2 106 106 702 778 777
1839 2 2 106 106 702 703 779
1840 2 2 106 106 702 779 778
1841 2 2 106 106 703 704 779
1842 2 2 106 106 704 780 779
1843 2 2 106 106 704 705 781
1844 2 2 106 106 704 781 780
1845 2 2 106 106 705 706 781
1846 2 2 106 106 706 782 781
1847 2 2 106 106 706 707 783
1848 2 2 106 106 706 783 782
1849 2 2 106 106 707 708 783
1850 2 2 106 106 708 784 783
1851 2 2 106 106 708 709 785
1852 2 2 106 106 708 785 784
1853 2 2 106 106 709 710 785
1854 2 2 106 106 710 786 785
1855 2 2 106 106 710 711 787
1856 2 2 106 106 710 787 786
1857 2 2 106 106 711 712 787
1858 2 2 106 106 712 788 787
1859 2 2 106 106 712 713 789
1860 2 2 106 106 712 789 788
1861 2 2 106 106 713 714 789
1862 2 2 106 106 714 790 789
1863 2 2 106 106 714 715 791
1864 2 2 106 106 714 791 790
1865 2 2 106 106 715 716 791
1866 2 2 106 106 716 792 791
1867 2 2 106 106 716 717 793
1868 2 2 106 106 716 793 792
1869 2 2 106 106 717 718 793
1870 2 2 106 106 718 794 793
1871 2 2 106 106 718 719 795
1872 2 2 106 106 718 795 794
1873 2 2 106 106 719 720 795
1874 2 2 106 106 720 796 795
1875 2 2 106 106 720 721 797
1876 2 2 106 106 720 797 796
1877 2 2 106 106 721 722 797
1878 2 2 106 106 722 798 797
1879 2 2 106 106 722 723 799
1880 2 2 106 106 722 799 798
1881 2 2 106 106 723 724 799
1882 2 2 106 106 724 800 799
1883 2 2 106 106 724 725 801
1884 2 2 106 106 724 801 800
1885 2 2 106 106 725 726 801
1886 2 2 106 106 726 802 801
1887 2 2 106 106 726 727 803
1888 2 2 106 106 726 803 802
1889 2 2 106 106 727 728 803
1890 2 2 106 106 728 804 803
1891 2 2 106 106 728 729 805
1892 2 2 106 106 728 805 804
1893 2 2 106 106 729 730 805
1894 2 2 106 106 730 806 805
1895 2 2 106 106 730 731 807
1896 2 2 106 106 730 807 806
1897 2 2 106 106 731 732 807
1898 2 2 106 106 732 808 807
1899 2 2 106 106 732 733 809
1900 2 2 106 106 732 809 808
1901 2 2 106 106 733 734 809
1902 2 2 106 106 734 810 809
1903 2 2 106 106 734 735 811
1904 2 2 106 106 734 811 810
1905 2 2 106 106 735 736 811
1906 2 2 106 106 736 812 811
1907 2 2 106 106 736 737 813
1908 2 2 106 106 736 813 812
1909 2 2 106 106 737 738 813
1910 2 2 106 106 738 814 813
1911 2 2 106 106 738 739 815
1912 2 2 106 106 738 815 814
1913 2 2 106 106 739 740 815
1914 2 2 106 106 740 816 815
1915 2 2 106 106 740 741 817
1916 2 2 106 106 740 817 816
1917 2 2 106 106 741 742 817
1918 2 2 106 106 742 818 817
1919 2 2 106 106 742 743 819
1920 2 2 106 106 742 819 818
1921 2 2 106 106 743 744 819
1922 2 2 106 106 744 820 819
1923 2 2 106 106 744 745 821
1924 2 2 106 106 744 821 820
1925 2 2 106 106 745 746 821
1926 2 2 106 106 746 822 821
1927 2 2 106 106 746 747 823
1928 2 2 106 106 746 823 822
1929 2 2 106 106 747 748 823
1930 2 2 106 106 748 824 823
1931 2 2 106 106 748 749 825
1932 2 2 106 106 748 825 824
1933 2 2 106 106 749 750 825
1934 2 2 106 106 750 826 825
1935 2 2 106 106 750 751 827
1936 2 2 106 106 750 827 826
1937 2 2 106 106 751 752 827
1938 2 2 106 106 752 828 827
1939 2 2 106 106 752 753 829
1940 2 2 106 106 752 829 828
1941 2 2 106 106 753 754 829
1942 2 2 106 106 754 830 829
1943 2 2 106 106 754 755 831
1944 2 2 106 106 754 831 830
1945 2 2 106 106 755 756 831
1946 2 2 106 106 756 832 831
1947 2 2 106 106 756 757 833
1948 2 2 106 106 756 833 832
1949 2 2 106 106 757 758 833
1950 2 2 106 106 758 834 833
1951 2 2 106 106 758 759 835
1952 2 2 106 106 758 835 834
1953 2 2 106 106 759 760 835
1954 2 2 106 106 760 836 835
1955 2 2 106 106 761 762 838
1956 2 2 106 106 761 838 837
1957 2 2 106 106 762 763 838
1958 2 2 106 106 763 839 838
1959 2 2 106 106 763 764 840
1960 2 2 106 106 763 840 839
1961 2 2 106 106 764 765 840
1962 2 2 106 106 765 841 840
1963 2 2 106 106 765 766 842
1964 2 2 106 106 765 842 841
1965 2 2 106 106 766 767 842
1966 2 2 106 106 767 843 842
1967 2 2 106 106 767 768 844
1968 2 2 106 106 767 844 843
1969 2 2 106 106 768 769 844
1970 2 2 106 106 769 845 844
1971 2 2 106 106 769 770 846
1972 2 2 106 106 769 846 845
1973 2 2 106 106 770 771 846
1974 2 2 106 106 771 847 846
1975 2 2 106 106 771 772 848
1976 2 2 106 106 771 848 847
1977 2 2 106 106 772 773 848
1978 2 2 106 106 773 849 848
1979 2 2 106 106 773 774 850
1980 2 2 106 106 773 850 849
1981 2 2 106 106 774 775 850
1982 2 2 106 106 775 851 850
1983 2 2 106 106 775 776 852
1984 2 2 106 106 775 852 851
1985 2 2 106 106 776 777 852
1986 2 2 106 106 777 853 852
1987 2 2 106 106 777 778 854
1988 2 2 106 106 777 854 853
1989 2 2 106 106 778 779 854
1990 2 2 106 106 779 855 854
1991 2 2 106 106 779 780 856
1992 2 2 106 106 779 856 855
1993 2 2 106 106 780 781 856
1994 2 2 106 106 781 857 856
1995 2 2 106 106 781 782 858
1996 2 2 106 106 781 858 857
1997 2 2 106 106 782 783 858
1998 2 2 106 106 783 859 858
1999 2 2 106 106 783 784 860
2000 2 2 106 106 783 860 859
2001 2 2 106 106 784 785 860
2002 2 2 106 106 785 861 860
2003 2 2 106 106 785 786 862
2004 2 2 106 106 785 862 861
2005 2 2 106 106 786 787 862
2006 2 2 106 106 787 863 862
2007 2 2 106 106 787 788 864
2008 2 2 106 106 787 864 863
2009 2 2 106 106 788 789 864
2010 2 2 106 106 789 865 864
2011 2 2 106 106 789 790 866
2012 2 2 106 106 789 866 865
2013 2 2 106 106 790 791 866
2014 2 2 106 106 791 867 866
2015 2 2 106 106 791 792 868
2016 2 2 106 106 791 868 867
2017 2 2 106 106 792 793 868
2018 2 2 106 106 793 869 868
2019 2 2 106 106 793 794 870
2020 2 2 106 106 793 870 869
2021 2 2 106 106 794 795 870
2022 2 2 106 106 795 871 870
2023 2 2 106 106 795 796 872
2024 2 2 106 106 795 872 871
2025 2 2 106 106 796 797 872
2026 2 2 106 106 797 873 872
2027 2 2 106 106 797 798 874
2028 2 2 106 106 797 874 873
2029 2 2 106 106 798 799 874
2030 2 2 106 106 799 875 874
2031 2 2 106 106 799 800 876
2032 2 2 106 106 799 876 875
2033 2 2 106 106 800 801 876
2034 2 2 106 106 801 877 876
2035 2 2 106 106 801 802 878
2036 2 2 106 106 801 878 877
2037 2 2 106 106 802 803 878
2038 2 2 106 106 803 879 878
2039 2 2 106 106 803 804 880
2040 2 2 106 106 803 880 879
2041 2 2 106 106 804 805 880
2042 2 2 106 106 805 881 880
2043 2 2 106 106 805 806 882
2044 2 2 106 106 805 882 881
2045 2 2 106 106 806 807 882
2046 2 2 106 106 807 883 882
2047 2 2 106 106 807 808 884
2048 2 2 106 106 807 884 883
2049 2 2 106 106 808 809 884
2050 2 2 106 106 809 885 884
2051 2 2 106 106 809 810 886
2052 2 2 106 106 809 886 885
2053 2 2 106 106 810 811 886
2054 2 2 106 106 811 887 886
2055 2 2 106 106 811 812 888
2056 2 2 106 106 811 888 887
2057 2 2 106 106 812 813 888
2058 2 2 106 106 813 889 888
2059 2 2 106 106 813 814 890
2060 2 2 106 106 813 890 889
2061 2 2 106 106 814 815 890
2062 2 2 106 106 815 891 890
2063 2 2 106 106 815 816 892
2064 2 2 106 106 815 892 891
2065 2 2 106 106 816 817 892
2066 2 2 106 106 817 893 892
2067 2 2 106 106 817 818 894
2068 2 2 106 106 817 894 893
2069 2 2 106 106 818 819 894
2070 2 2 106 106 819 895 894
2071 2 2 106 106 819 820 896
2072 2 2 106 106 819 896 895
2073 2 2 106 106 820 821 896
2074 2 2 106 106 821 897 896
2075 2 2 106 106 821 822 898
2076 2 2 106 106 821 898 897
2077 2 2 106 106 822 823 898
2078 2 2 106 106 823 899 898
2079 2 2 106 106 823 824 900
2080 2 2 106 106 823 900 899
2081 2 2 106 106 824 825 900
2082 2 2 106 106 825 901 900
2083 2 2 106 106 825 826 902
2084 2 2 106 106 825 902 901
2085 2 2 106 106 826 827 902
2086 2 2 106 106 827 903 902
2087 2 2 106 106 827 828 904
2088 2 2 106 106 827 904 903
2089 2 2 106 106 828 829 904
2090 2 2 106 106 829 905 904
2091 2 2 106 106 829 830 906
2092 2 2 106 106 829 906 905
2093 2 2 106 106 830 831 906
2094 2 2 106 106 831 907 906
2095 2 2 106 106 831 832 908
2096 2 2 106 106 831 908 907
2097 2 2 106 106 832 833 908
2098 2 2 106 106 833 909 908
2099 2 2 106 106 833 834 910
2100 2 2 106 106 833 910 909
2101 2 2 106 106 834 835 910
2102 2 2 106 106 835 911 910
2103 2 2 106 106 835 836 912
2104 2 2 106 106 835 912 911
2105 2 2 106 106 837 838 913
2106 2 2 106 106 838 914 913
2107 2 2 106 106 838 839 915
2108 2 2 106 106 838 915 914
2109 2 2 106 106 839 840 915
2110 2 2 106 106 840 916 915
2111 2 2 106 106 840 841 917
2112 2 2 106 106 840 917 916
2113 2 2 106 106 841 842 917
2114 2 2 106 106 842 918 917
2115 2 2 106 106 842 843 919
2116 2 2 106 106 842 919 918
2117 2 2 106 106 843 844 919
2118 2 2 106 106 844 920 919
2119 2 2 106 106 844 845 921
2120 2 2 106 106 844 921 920
2121 2 2 106 106 845 846 921
2122 2 2 106 106 846 922 921
2123 2 2 106 106 846 847 923
2124 2 2 106 106 846 923 922
2125 2 2 106 106 847 848 923
2126 2 2 106 106 848 924 923
2127 2 2 106 106 848 849 925
2128 2 2 106 106 848 925 924
2129 2 2 106 106 849 850 925
2130 2 2 106 106 850 926 925
2131 2 2 106 106 850 851 927
2132 2 2 106 106 850 927 926
2133 2 2 106 106 851 852 927
2134 2 2 106 106 852 928 927
2135 2 2 106 106 852 853 929
2136 2 2 106 106 852 929 928
2137 2 2 106 106 853 854 929
2138 2 2 106 106 854 930 929
2139 2 2 106 106 854 855 931
2140 2 2 106 106 854 931 930
2141 2 2 106 106 855 856 931
2142 2 2 106 106 856 932 931
2143 2 2 106 106 856 857 933
2144 2 2 106 106 856 933 932
2145 2 2 106 106 857 858 933
2146 2 2 106 106 858 934 933
2147 2 2 106 106 858 859 935
2148 2 2 106 106 858 935 934
2149 2 2 106 106 859 860 935
2150 2 2 106 106 860 936 935
2151 2 2 106 106 860 861 937
2152 2 2 106 106 860 937 936
2153 2 2 106 106 861 862 937
2154 2 2 106 106 862 938 937
2155 2 2 106 106 862 863 939
2156 2 2 106 106 862 939 938
2157 2 2 106 106 863 864 939
2158 2 2 106 106 864 940 939
2159 2 2 106 106 864 865 941
2160 2 2 106 106 864 941 940
2161 2 2 106 106 865 866 941
2162 2 2 106 106 866 942 941
2163 2 2 106 106 866 867 943
2164 2 2 106 106 866 943 942
2165 2 2 106 106 867 868 943
2166 2 2 106 106 868 944 943
2167 2 2 106 106 868 869 945
2168 2 2 106 106 868 945 944
2169 2 2 106 106 869 870 945
2170 2 2 106 106 870 946 945
2171 2 2 106 106 870 871 947
2172 2 2 106 106 870 947 946
2173 2 2 106 106 871 872 947
2174 2 2 106 106 872 948 947
2175 2 2 106 106 872 873 949
2176 2 2 106 106 872 949 948
2177 2 2 106 106 873 874 949
2178 2 2 106 106 874 950 949
2179 2 2 106 106 874 875 951
2180 2 2 106 106 874 951 950
2181 2 2 106 106 875 876 951
2182 2 2 106 106 876 952 951
2183 2 2 106 106 876 877 953
2184 2 2 106 106 876 953 952
2185 2 2 106 106 877 878 953
2186 2 2 106 106 878 954 953
2187 2 2 106 106 878 879 955
2188 2 2 106 106 878 955 954
2189 2 2 106 106 879 880 955
2190 2 2 106 106 880 956 955
2191 2 2 106 106 880 881 957
2192 2 2 106 106 880 957 956
2193 2 2 106 106 881 882 957
2194 2 2 106 106 882 958 957
2195 2 2 106 106 882 883 959
2196 2 2 106 106 882 959 958
2197 2 2 106 106 883 884 959
2198 2 2 106 106 884 960 959
2199 2 2 106 106 884 885 961
2200 2 2 106 106 884 961 960
2201 2 2 106 106 885 886 961
2202 2 2 106 106 886 962 961
2203 2 2 106 106 886 887 963
2204 2 2 106 106 886 963 962
2205 2 2 106 106 887 888 963
2206 2 2 106 106 888 964 963
2207 2 2 106 106 888 889 965
2208 2 2 106 106 888 965 964
2209 2 2 106 106 889 890 965
2210 2 2 106 106 890 966 965
2211 2 2 106 106 890 891 967
2212 2 2 106 106 890 967 966
2213 2 2 106 106 891 892 967
2214 2 2 106 106 892 968 967
2215 2 2 106 106 892 893 969
2216 2 2 106 106 892 969 968
2217 2 2 106 106 893 894 969
2218 2 2 106 106 894 970 969
2219 2 2 106 106 894 895 971
2220 2 2 106 106 894 971 970
2221 2 2 106 106 895 896 971
2222 2 2 106 106 896 972 971
2223 2 2 106 106 896 897 973
2224 2 2 106 106 896 973 972
2225 2 2 106 106 897 898 973
2226 2 2 106 106 898 974 973
2227 2 2 106 106 898 899 975
2228 2 2 106 106 898 975 974
2229 2 2 106 106 899 900 975
2230 2 2 106 106 900 976 975
2231 2 2 106 106 900 901 977
2232 2 2 106 106 900 977 976
2233 2 2 106 106 901 902 977
2234 2 2 106 106 902 978 977
2235 2 2 106 106 902 903 979
2236 2 2 106 106 902 979 978
2237 2 2 106 106 903 904 979
2238 2 2 106 106 904 980 979
2239 2 2 106 106 904 905 981
2240 2 2 106 106 904 981 980
2241 2 2 106 106 905 906 981
2242 2 2 106 106 906 982 981
2243 2 2 106 106 906 907 983
2244 2 2 106 106 906 983 982
2245 2 2 106 106 907 908 983
2246 2 2 106 106 908 984 983
2247 2 2 106 106 908 909 985
2248 2 2 106 106 908 985 984
2249 2 2 106 106 909 910 985
2250 2 2 106 106 910 986 985
2251 2 2 106 106 910 911 987
2252 2 2 106 106 910 987 986
2253 2 2 106 106 911 912 987
2254 2 2 106 106 912 988 987
2255 2 2 106 106 913 914 990
2256 2 2 106 106 913 990 989
2257 2 2 106 106 914 915 990
2258 2 2 106 106 915 991 990
2259 2 2 106 106 915 916 992
2260 2 2 106 106 915 992 991
2261 2 2 106 106 916 917 992
2262 2 2 106 106 917 993 992
2263 2 2 106 106 917 918 994
2264 2 2 106 106 917 994 993
2265 2 2 106 106 918 919 994
2266 2 2 106 106 919 995 994
2267 2 2 106 106 919 920 996
2268 2 2 106 106 919 996 995
2269 2 2 106 106 920 921 996
2270 2 2 106 106 921 997 996
2271 2 2 106 106 921 922 998
2272 2 2 106 106 921 998 997
2273 2 2 106 106 922 923 998
2274 2 2 106 106 923 999 998
2275 2 2 106 106 923 924 1000
2276 2 2 106 106 923 1000 999
2277 2 2 106 106 924 925 1000
2278 2 2 106 106 925 1001 1000
2279 2 2 106 106 925 926 1002
2280 2 2 106 106 925 1002 1001
2281 2 2 106 106 926 927 1002
2282 2 2 106 106 927 1003 1002
2283 2 2 106 106 927 928 1004
2284 2 2 106 106 927 1004 1003
2285 2 2 106 106 928 929 1004
2286 2 2 106 106 929 1005 1004
2287 2 2 106 106 929 930 1006
2288 2 2 106 106 929 1006 1005
2289 2 2 106 106 930 931 1006
2290 2 2 106 106 931 1007 1006
2291 2 2 106 106 931 932 1008
2292 2 2 106 106 931 1008 1007
2293 2 2 106 106 932 933 1008
2294 2 2 106 106 933 1009 1008
2295 2 2 106 106 933 934 1010
2296 2 2 106 106 933 1010 1009
2297 2 2 106 106 934 935 1010
2298 2 2 106 106 935 1011 1010
2299 2 2 106 106 935 936 1012
2300 2 2 106 106 935 1012 1011
2301 2 2 106 106 936 937 1012
2302 2 2 106 106 937 1013 1012
2303 2 2 106 106 937 938 1014
2304 2 2 106 106 937 1014 1013
2305 2 2 106 106 938 939 1014
2306 2 2 106 106 939 1015 1014
2307 2 2 106 106 939 940 1016
2308 2 2 106 106 939 1016 1015
2309 2 2 106 106 940 941 1016
2310 2 2 106 106 941 1017 1016
2311 2 2 106 106 941 942 1018
2312 2 2 106 106 941 1018 1017
2313 2 2 106 106 942 943 1018
2314 2 2 106 106 943 1019 1018
2315 2 2 106 106 943 944 1020
2316 2 2 106 106 943 1020 1019
2317 2 2 106 106 944 945 1020
2318 2 2 106 106 945 1021 1020
2319 2 2 106 106 945 946 1022
2320 2 2 106 106 945 1022 1021
2321 2 2 106 106 946 947 1022
2322 2 2 106 106 947 1023 1022
2323 2 2 106 106 947 948 1024
2324 2 2 106 106 947 1024 1023
2325 2 2 106 106 948 949 1024
2326 2 2 106 106 949 1025 1024
2327 2 2 106 106 949 950 1026
2328 2 2 106 106 949 1026 1025
2329 2 2 106 106 950 951 1026
2330 2 2 106 106 951 1027 1026
2331 2 2 106 106 951 952 1028
2332 2 2 106 106 951 1028 1027
2333 2 2 106 106 952 953 1028
2334 2 2 106 106 953 1029 1028
2335 2 2 106 106 953 954 1030
2336 2 2 106 106 953 1030 1029
2337 2 2 106 106 954 955 1030
2338 2 2 106 106 955 1031 1030
2339 2 2 106 106 955 956 1032
2340 2 2 106 106 955 1032 1031
2341 2 2 106 106 956 957 1032
2342 2 2 106 106 957 1033 1032
2343 2 2 106 106 957 958 1034
2344 2 2 106 106 957 1034 1033
2345 2 2 106 106 958 959 1034
2346 2 2 106 106 959 1035 1034
2347 2 2 106 106 959 960 1036
2348 2 2 106 106 959 1036 1035
2349 2 2 106 106 960 961 1036
2350 2 2 106 106 961 1037 1036
2351 2 2 106 106 961 962 1038
2352 2 2 106 106 961 1038 1037
2353 2 2 106 106 962 963 1038
2354 2 2 106 106 963 1039 1038
2355 2 2 106 106 963 964 1040
2356 2 2 106 106 963 1040 1039
2357 2 2 106 106 964 965 1040
2358 2 2 106 106 965 1041 1040
2359 2 2 106 106 965 966 1042
2360 2 2 106 106 965 1042 1041
2361 2 2 106 106 966 967 1042
2362 2 2 106 106 967 1043 1042
2363 2 2 106 106 967 968 1044
2364 2 2 106 106 967 1044 1043
2365 2 2 106 106 968 969 1044
2366 2 2 106 106 969 1045 1044
2367 2 2 106 106 969 970 1046
2368 2 2 106 106 969 1046 1045
2369 2 2 106 106 970 971 1046
2370 2 2 106 106 971 1047 1046
2371 2 2 106 106 971 972 1048
2372 2 2 106 106 971 1048 1047
2373 2 2 106 106 972 973 1048
2374 2 2 106 106 973 1049 1048
2375 2 2 106 106 973 974 1050
2376 2 2 106 106 973 1050 1049
2377 2 2 106 106 974 975 1050
2378 2 2 106 106 975 1051 1050
2379 2 2 106 106 975 976 1052
2380 2 2 106 106 975 1052 1051
2381 2 2 106 106 976 977 1052
2382 2 2 106 106 977 1053 1052
2383 2 2 106 106 977 978 1054
2384 2 2 106 106 977 1054 1053
2385 2 2 106 106 978 979 1054
2386 2 2 106 106 979 1055 1054
2387 2 2 106 106 979 980 1056
2388 2 2 106 106 979 1056 1055
2389 2 2 106 106 980 981 1056
2390 2 2 106 106 981 1057 1056
2391 2 2 106 106 981 982 1058
2392 2 2 106 106 981 1058 1057
2393 2 2 106 106 982 983 1058
2394 2 2 106 106 983 1059 1058
2395 2 2 106 106 983 984 1060
2396 2 2 106 106 983 1060 1059
2397 2 2 106 106 984 985 1060
2398 2 2 106 106 985 1061 1060
2399 2 2 106 106 985 986 1062
2400 2 2 106 106 985 1062 1061
2401 2 2 106 106 986 987 1062
2402 2 2 106 106 987 1063 1062
2403 2 2 106 106 987 988 1064
2404 2 2 106 106 987 1064 1063
2405 2 2 106 106 989 990 1065
2406 2 2 106 106 990 1066 1065
2407 2 2 106 106 990 991 1067
2408 2 2 106 106 990 1067 1066
2409 2 2 106 106 991 992 1067
2410 2 2 106 106 992 1068 1067
2411 2 2 106 106 992 993 1069
2412 2 2 106 106 992 1069 1068
2413 2 2 106 106 993 994 1069
2414 2 2 106 106 994 1070 1069
2415 2 2 106 106 994 995 1071
2416 2 2 106 106 994 1071 1070
2417 2 2 106 106 995 996 1071
2418 2 2 106 106 996 1072 1071
2419 2 2 106 106 996 997 1073
2420 2 2 106 106 996 1073 1072
2421 2 2 106 106 997 998 1073
2422 2 2 106 106 998 1074 1073
2423 2 2 106 106 998 999 1075
2424 2 2 106 106 998 1075 1074
2425 2 2 106 106 999 1000 1075
2426 2 2 106 106 1000 1076 1075
2427 2 2 106 106 1000 1001 1077
2428 2 2 106 106 1000 1077 1076
2429 2 2 106 106 1001 1002 1077
2430 2 2 106 106 1002 1078 1077
2431 2 2 106 106 1002 1003 1079
2432 2 2 106 106 1002 1079 1078
2433 2 2 106 106 1003 1004 1079
2434 2 2 106 106 1004 1080 1079
2435 2 2 106 106 1004 1005 1081
2436 2 2 106 106 1004 1081 1080
2437 2 2 106 106 1005 1006 1081
2438 2 2 106 106 1006 1082 1081
2439 2 2 106 106 1006 1007 1083
2440 2 2 106 106 1006 1083 1082
2441 2 2 106 106 1007 1008 1083
2442 2 2 106 106 1008 1084 1083
2443 2 2 106 106 1008 1009 1085
2444 2 2 106 106 1008 1085 1084
2445 2 2 106 106 1009 1010 1085
2446 2 2 106 106 1010 1086 1085
2447 2 2 106 106 1010 1011 1087
2448 2 2 106 106 1010 1087 1086
2449 2 2 106 106 1011 1012 1087
2450 2 2 106 106 1012 1088 1087
2451 2 2 106 106 1012 1013 1089
2452 2 2 106 106 1012 1089 1088
2453 2 2 106 106 1013 1014 1089
2454 2 2 106 106 1014 1090 1089
2455 2 2 106 106 1014 1015 1091
2456 2 2 106 106 1014 1091 1090
2457 2 2 106 106 1015 1016 1091
2458 2 2 106 106 1016 1092 1091
2459 2 2 106 106 1016 1017 1093
2460 2 2 106 106 1016 1093 1092
2461 2 2 106 106 1017 1018 1093
2462 2 2 106 106 1018 1094 1093
2463 2 2 106 106 1018 1019 1095
2464 2 2 106 106 1018 1095 1094
2465 2 2 106 106 1019 1020 1095
2466 2 2 106 106 1020 1096 1095
2467 2 2 106 106 1020 1021 1097
2468 2 2 106 106 1020 1097 1096
2469 2 2 106 106 1021 1022 1097
2470 2 2 106 106 1022 1098 1097
2471 2 2 106 106 1022 1023 1099
2472 2 2 106 106 1022 1099 1098
2473 2 2 106 106 1023 1024 1099
2474 2 2 106 106 1024 1100 1099
2475 2 2 106 106 1024 1025 1101
2476 2 2 106 106 1024 1101 1100
2477 2 2 106 106 1025 1026 1101
2478 2 2 106 106 1026 1102 1101
2479 2 2 106 106 1026 1027 1103
2480 2 2 106 106 1026 1103 1102
2481 2 2 106 106 1027 1028 1103
2482 2 2 106 106 1028 1104 1103
2483 2 2 106 106 1028 1029 1105
2484 2 2 106 106 1028 1105 1104
2485 2 2 106 106 1029 1030 1105
2486 2 2 106 106 1030 1106 1105
2487 2 2 106 106 1030 1031 1107
2488 2 2 106 106 1030 1107 1106
2489 2 2 106 106 1031 1032 1107
2490 2 2 106 106 1032 1108 1107
2491 2 2 106 106 1032 1033 1109
2492 2 2 106 106 1032 1109 1108
2493 2 2 106 106 1033 1034 1109
2494 2 2 106 106 1034 1110 1109
2495 2 2 106 106 1034 1035 1111
2496 2 2 106 106 1034 1111 1110
2497 2 2 106 106 1035 1036 1111
2498 2 2 106 106 1036 1112 1111
2499 2 2 106 106 1036 1037 1113
2500 2 2 106 106 1036 1113 1112
2501 2 2 106 106 1037 1038 1113
2502 2 2 106 106 1038 1114 1113
2503 2 2 106 106 1038 1039 1115
2504 2 2 106 106 1038 1115 1114
2505 2 2 106 106 1039 1040 1115
2506 2 2 106 106 1040 1116 1115
2507 2 2 106 106 1040 1041 1117
2508 2 2 106 106 1040 1117 1116
2509 2 2 106 106 1041 1042 1117
2510 2 2 106 106 1042 1118 1117
2511 2 2 106 106 1042 1043 1119
2512 2 2 106 106 1042 1119 1118
2513 2 2 106 106 1043 1044 1119
2514 2 2 106 106 1044 1120 1119
2515 2 2 106 106 1044 1045 1121
2516 2 2 106 106 1044 1121 1120
2517 2 2 106 106 1045 1046 1121
2518 2 2 106 106 1046 1122 1121
2519 2 2 106 106 1046 1047 1123
2520 2 2 106 106 1046 1123 1122
2521 2 2 106 106 1047 1048 1123
2522 2 2 106 106 1048 1124 1123
2523 2 2 106 106 1048 1049 1125
2524 2 2 106 106 1048 1125 1124
2525 2 2 106 106 1049 1050 1125
2526 2 2 106 106 1050 1126 1125
2527 2 2 106 106 1050 1051 1127
2528 2 2 106 106 1050 1127 1126
2529 2 2 106 106 1051 1052 1127
2530 2 2 106 106 1052 1128 1127
2531 2 2 106 106 1052 1053 1129
2532 2 2 106 106 1052 1129 1128
2533 2 2 106 106 1053 1054 1129
2534 2 2 106 106 1054 1130 1129
2535 2 2 106 106 1054 1055 1131
2536 2 2 106 106 1054 1131 1130
2537 2 2 106 106 1055 1056 1131
2538 2 2 106 106 1056 1132 1131
2539 2 2 106 106 1056 1057 1133
2540 2 2 106 106 1056 1133 1132
2541 2 2 106 106 1057 1058 1133
2542 2 2 106 106 1058 1134 1133
2543 2 2 106 106 1058 1059 1135
2544 2 2 106 106 1058 1135 1134
2545 2 2 106 106 1059 1060 1135
2546 2 2 106 106 1060 1136 1135
2547 2 2 106 106 1060 1061 1137
2548 2 2 106 106 1060 1137 1136
2549 2 2 106 106 1061 1062 1137
2550 2 2 106 106 1062 1138 1137
2551 2 2 106 106 1062 1063 1139
2552 2 2 106 106 1062 1139 1138
2553 2 2 106 106 1063 1064 1139
2554 2 2 106 106 1064 1140 1139
2555 2 2 106 106 1065 1066 1142
2556 2 2 106 106 1065 1142 1141
2557 2 2 106 106 1066 1067 1142
2558 2 2 106 106 1067 1143 1142
2559 2 2 106 106 1067 1068 1144
2560 2 2 106 106 1067 1144 1143
2561 2 2 106 106 1068 1069 1144
2562 2 2 106 106 1069 1145 1144
2563 2 2 106 106 1069 1070 1146
2564 2 2 106 106 1069 1146 1145
2565 2 2 106 106 1070 1071 1146
2566 2 2 106 106 1071 1147 1146
2567 2 2 106 106 1071 1072 1148
2568 2 2 106 106 1071 1148 1147
2569 2 2 106 106 1072 1073 1148
2570 2 2 106 106 1073 1149 1148
2571 2 2 106 106 1073 1074 1150
2572 2 2 106 106 1073 1150 1149
2573 2 2 106 106 1074 1075 1150
2574 2 2 106 106 1075 1151 1150
2575 2 2 106 106 1075 1076 1152
2576 2 2 106 106 1075 1152 1151
2577 2 2 106 106 1076 1077 1152
2578 2 2 106 106 1077 1153 1152
2579 2 2 106 106 1077 1078 1154
2580 2 2 106 106 1077 1154 1153
2581 2 2 106 106 1078 1079 1154
2582 2 2 106 106 1079 1155 1154
2583 2 2 106 106 1079 1080 1156
2584 2 2 106 106 1079 1156 1155
2585 2 2 106 106 1080 1081 1156
2586 2 2 106 106 1081 1157 1156
2587 2 2 106 106 1081 1082 1158
2588 2 2 106 106 1081 1158 1157
2589 2 2 106 106 1082 1083 1158
2590 2 2 106 106 1083 1159 1158
2591 2 2 106 106 1083 1084 1160
2592 2 2 106 106 1083 1160 1159
2593 2 2 106 106 1084 1085 1160
2594 2 2 106 106 1085 1161 1160
2595 2 2 106 106 1085 1086 1162
2596 2 2 106 106 1085 1162 1161
2597 2 2 106 106 1086 1087 1162
2598 2 2 106 106 1087 1163 1162
2599 2 2 106 106 1087 1088 1164
2600 2 2 106 106 1087 1164 1163
2601 2 2 106 106 1088 1089 1164
2602 2 2 106 106 1089 1165 1164
2603 2 2 106 106 1089 1090 1166
2604 2 2 106 106 1089 1166 1165
2605 2 2 106 106 1090 1091 1166
2606 2 2 106 106 1091 1167 1166
2607 2 2 106 106 1091 1092 1168
2608 2 2 106 106 1091 1168 1167
2609 2 2 106 106 1092 1093 1168
2610 2 2 106 106 1093 1169 1168
2611 2 2 106 106 1093 1094 1170
2612 2 2 106 106 1093 1170 1169
2613 2 2 106 106 1094 1095 1170
2614 2 2 106 106 1095 1171 1170
2615 2 2 106 106 1095 1096 1172
2616 2 2 106 106 1095 1172 1171
2617 2 2 106 106 1096 1097 1172
2618 2 2 106 106 1097 1173 1172
2619 2 2 106 106 1097 1098 1174
2620 2 2 106 106 1097 1174 1173
2621 2 2 106 106 1098 1099 1174
2622 2 2 106 106 1099 1175 1174
2623 2 2 106 106 1099 1100 1176
2624 2 2 106 106 1099 1176 1175
2625 2 2 106 106 1100 1101 1176
2626 2 2 106 106 1101 1177 1176
2627 2 2 106 106 1101 1102 1178
2628 2 2 106 106 1101 1178 1177
2629 2 2 106 106 1102 1103 1178
2630 2 2 106 106 1103 1179 1178
2631 2 2 106 106 1103 1104 1180
2632 2 2 106 106 1103 1180 1179
2633 2 2 106 106 1104 1105 1180
2634 2 2 106 106 1105 1181 1180
2635 2 2 106 106 1105 1106 1182
2636 2 2 106 106 1105 1182 1181
2637 2 2 106 106 1106 1107 1182
2638 2 2 106 106 1107 1183 1182
2639 2 2 106 106 1107 1108 1184
2640 2 2 106 106 1107 1184 1183
2641 2 2 106 106 1108 1109 1184
2642 2 2 106 106 1109 1185 1184
2643 2 2 106 106 1109 1110 1186
2644 2 2 106 106 1109 1186 1185
2645 2 2 106 106 1110 1111 1186
2646 2 2 106 106 1111 1187 1186
2647 2 2 106 106 1111 1112 1188
2648 2 2 106 106 1111 1188 1187
2649 2 2 106 106 1112 1113 1188
2650 2 2 106 106 1113 1189 1188
2651 2 2 106 106 1113 1114 1190
2652 2 2 106 106 1113 1190 1189
2653 2 2 106 106 1114 1115 1190
2654 2 2 106 106 1115 1191 1190
2655 2 2 106 106 1115 1116 1192
2656 2 2 106 106 1115 1192 1191
2657 2 2 106 106 1116 1117 1192
2658 2 2 106 106 1117 1193 1192
2659 2 2 106 106 1117 1118 1194
2660 2 2 106 106 1117 1194 1193
2661 2 2 106 106 1118 1119 1194
2662 2 2 106 106 1119 1195 1194
2663 2 2 106 106 1119 1120 1196
2664 2 2 106 106 1119 1196 1195
2665 2 2 106 106 1120 1121 1196
2666 2 2 106 106 1121 1197 1196
2667 2 2 106 106 1121 1122 1198
2668 2 2 106 106 1121 1198 1197
2669 2 2 106 106 1122 1123 1198
2670 2 2 106 106 1123 1199 1198
2671 2 2 106 106 1123 1124 1200
2672 2 2 106 106 1123 1200 1199
2673 2 2 106 106 1124 1125 1200
2674 2 2 106 106 1125 1201 1200
2675 2 2 106 106 1125 1126 1202
2676 2 2 106 106 1125 1202 1201
2677 2 2 106 106 1126 1127 1202
2678 2 2 106 106 1127 1203 1202
2679 2 2 106 106 1127 1128 1204
2680 2 2 106 106 1127 1204 1203
2681 2 2 106 106 1128 1129 1204
2682 2 2 106 106 1129 1205 1204
2683 2 2 106 106 1129 1130 1206
2684 2 2 106 106 1129 1206 1205
2685 2 2 106 106 1130 1131 1206
2686 2 2 106 106 1131 1207 1206
2687 2 2 106 106 1131 1132 1208
2688 2 2 106 106 1131 1208 1207
2689 2 2 106 106 1132 1133 1208
2690 2 2 106 106 1133 1209 1208
2691 2 2 106 106 1133 1134 1210
2692 2 2 106 106 1133 1210 1209
2693 2 2 106 106 1134 1135 1210
2694 2 2 106 106 1135 1211 1210
2695 2 2 106 106 1135 1136 1212
2696 2 2 106 106 1135 1212 1211
2697 2 2 106 106 1136 1137 1212
2698 2 2 106 106 1137 1213 1212
2699 2 2 106 106 1137 1138 1214
2700 2 2 106 106 1137 1214 1213
2701 2 2 106 106 1138 1139 1214
2702 2 2 106 106 1139 1215 1214
2703 2 2 106 106 1139 1140 1216
2704 2 2 106 106 1139 1216 1215
2705 2 2 106 106 1141 1142 1217
2706 2 2 106 106 1142 1218 1217
2707 2 2 106 106 1142 1143 1219
2708 2 2 106 106 1142 1219 1218
2709 2 2 106 106 1143 1144 1219
2710 2 2 106 106 1144 1220 1219
2711 2 2 106 106 1144 1145 1221
2712 2 2 106 106 1144 1221 1220
2713 2 2 106 106 1145 1146 1221
2714 2 2 106 106 1146 1222 1221
2715 2 2 106 106 1146 1147 1223
2716 2 2 106 106 1146 1223 1222
2717 2 2 106 106 1147 1148 1223
2718 2 2 106 106 1148 1224 1223
2719 2 2 106 106 1148 1149 1225
2720 2 2 106 106 1148 1225 1224
2721 2 2 106 106 1149 1150 1225
2722 2 2 106 106 1150 1226 1225
2723 2 2 106 106 1150 1151 1227
2724 2 2 106 106 1150 1227 1226
2725 2 2 106 106 1151 1152 1227
2726 2 2 106 106 1152 1228 1227
2727 2 2 106 106 1152 1153 1229
2728 2 2 106 106 1152 1229 1228
2729 2 2 106 106 1153 1154 1229
2730 2 2 106 106 1154 1230 1229
2731 2 2 106 106 1154 1155 1231
2732 2 2 106 106 1154 1231 1230
2733 2 2 106 106 1155 1156 1231
2734 2 2 106 106 1156 1232 1231
2735 2 2 106 106 1156 1157 1233
2736 2 2 106 106 1156 1233 1232
2737 2 2 106 106 1157 1158 1233
2738 2 2 106 106 1158 1234 1233
2739 2 2 106 106 1158 1159 1235
2740 2 2 106 106 1158 1235 1234
2741 2 2 106 106 1159 1160 1235
2742 2 2 106 106 1160 1236 1235
2743 2 2 106 106 1160 1161 1237
2744 2 2 106 106 1160 1237 1236
2745 2 2 106 106 1161 1162 1237
2746 2 2 106 106 1162 1238 1237
2747 2 2 106 106 1162 1163 1239
2748 2 2 106 106 1162 1239 1238
2749 2 2 106 106 1163 1164 1239
2750 2 2 106 106 1164 1240 1239
2751 2 2 106 106 1164 1165 1241
2752 2 2 106 106 1164 1241 1240
2753 2 2 106 106 1165 1166 1241
2754 2 2 106 106 1166 1242 1241
2755 2 2 106 106 1166 1167 1243
2756 2 2 106 106 1166 1243 1242
2757 2 2 106 106 1167 1168 1243
2758 2 2 106 106 1168 1244 1243
2759 2 2 106 106 1168 1169 1245
2760 2 2 106 106 1168 1245 1244
2761 2 2 106 106 1169 1170 1245
2762 2 2 106 106 1170 1246 1245
2763 2 2 106 106 1170 1171 1247
2764 2 2 106 106 1170 1247 1246
2765 2 2 106 106 1171 1172 1247
2766 2 2 106 106 1172 1248 1247
2767 2 2 106 106 1172 1173 1249
2768 2 2 106 106 1172 1249 1248
2769 2 2 106 106 1173 1174 1249
2770 2 2 106 106 1174 1250 1249
2771 2 2 106 106 1174 1175 1251
2772 2 2 106 106 1174 1251 1250
2773 2 2 106 106 1175 1176 1251
2774 2 2 106 106 1176 1252 1251
2775 2 2 106 106 1176 1177 1253
2776 2 2 106 106 1176 1253 1252
2777 2 2 106 106 1177 1178 1253
2778 2 2 106 106 1178 1254 1253
2779 2 2 106 106 1178 1179 1255
2780 2 2 106 106 1178 1255 1254
2781 2 2 106 106 1179 1180 1255
2782 2 2 106 106 1180 1256 1255
2783 2 2 106 106 1180 1181 1257
2784 2 2 106 106 1180 1257 1256
2785 2 2 106 106 1181 1182 1257
2786 2 2 106 106 1182 1258 1257
2787 2 2 106 106 1182 1183 1259
2788 2 2 106 106 1182 1259 1258
2789 2 2 106 106 1183 1184 1259
2790 2 2 106 106 1184 1260 1259
2791 2 2 106 106 1184 1185 1261
2792 2 2 106 106 1184 1261 1260
2793 2 2 106 106 1185 1186 1261
2794 2 2 106 106 1186 1262 1261
2795 2 2 106 106 1186 1187 1263
2796 2 2 106 106 1186 1263 1262
2797 2 2 106 106 1187 1188 1263
2798 2 2 106 106 1188 1264 1263
2799 2 2 106 106 1188 1189 1265
2800 2 2 106 106 1188 1265 1264
2801 2 2 106 106 1189 1190 1265
2802 2 2 106 106 1190 1266 1265
2803 2 2 106 106 1190 1191 1267
2804 2 2 106 106 1190 1267 1266
2805 2 2 106 106 1191 1192 1267
2806 2 2 106 106 1192 1268 1267
2807 2 2 106 106 1192 1193 1269
2808 2 2 106 106 1192 1269 1268
2809 2 2 106 106 1193 1194 1269
2810 2 2 106 106 1194 1270 1269
2811 2 2 106 106 1194 1195 1271
2812 2 2 106 106 1194 1271 1270
2813 2 2 106 106 1195 1196 1271
2814 2 2 106 106 1196 1272 1271
2815 2 2 106 106 1196 1197 1273
2816 2 2 106 106 1196 1273 1272
2817 2 2 106 106 1197 1198 1273
2818 2 2 106 106 1198 1274 1273
2819 2 2 106 106 1198 1199 1275
2820 2 2 106 106 1198 1275 1274
2821 2 2 106 106 1199 1200 1275
2822 2 2 106 106 1200 1276 1275
2823 2 2 106 106 1200 1201 1277
2824 2 2 106 106 1200 1277 1276
2825 2 2 106 106 1201 1202 1277
2826 2 2 106 106 1202 1278 1277
2827 2 2 106 106 1202 1203 1279
2828 2 2 106 106 1202 1279 1278
2829 2 2 106 106 1203 1204 1279
2830 2 2 106 106 1204 1280 1279
2831 2 2 106 106 1204 1205 1281
2832 2 2 106 106 1204 1281 1280
2833 2 2 106 106 1205 1206 1281
2834 2 2 106 106 1206 1282 1281
2835 2 2 106 106 1206 1207 1283
2836 2 2 106 106 1206 1283 1282
2837 2 2 106 106 1207 1208 1283
2838 2 2 106 106 1208 1284 1283
2839 2 2 106 106 1208 1209 1285
2840 2 2 106 106 1208 1285 1284
2841 2 2 106 106 1209 1210 1285
2842 2 2 106 106 1210 1286 1285
2843 2 2 106 106 1210 1211 1287
2844 2 2 106 106 1210 1287 1286
2845 2 2 106 106 1211 1212 1287
2846 2 2 106 106 1212 1288 1287
2847 2 2 106 106 1212 1213 1289
2848 2 2 106 106 1212 1289 1288
2849 2 2 106 106 1213 1214 1289
2850 2 2 106 106 1214 1290 1289
2851 2 2 106 106 1214 1215 1291
2852 2 2 106 106 1214 1291 1290
2853 2 2 106 106 1215 1216 1291
2854 2 2 106 106 1216 1292 1291
2855 2 2 106 106 1217 1218 1294
2856 2 2 106 106 1217 1294 1293
2857 2 2 106 106 1218 1219 1294
2858 2 2 106 106 1219 1295 1294
2859 2 2 106 106 1219 1220 1296
2860 2 2 106 106 1219 1296 1295
2861 2 2 106 106 1220 1221 1296
2862 2 2 106 106 1221 1297 1296
2863 2 2 106 106 1221 1222 1298
2864 2 2 106 106 1221 1298 1297
2865 2 2 106 106 1222 1223 1298
2866 2 2 106 106 1223 1299 1298
2867 2 2 106 106 1223 1224 1300
2868 2 2 106 106 1223 1300 1299
2869 2 2 106 106 1224 1225 1300
2870 2 2 106 106 1225 1301 1300
2871 2 2 106 106 1225 1226 1302
2872 2 2 106 106 1225 1302 1301
2873 2 2 106 106 1226 1227 1302
2874 2 2 106 106 1227 1303 1302
2875 2 2 106 106 1227 1228 1304
2876 2 2 106 106 1227 1304 1303
2877 2 2 106 106 1228 1229 1304
2878 2 2 106 106 1229 1305 1304
2879 2 2 106 106 1229 1230 1306
2880 2 2 106 106 1229 1306 1305
2881 2 2 106 106 1230 1231 1306
2882 2 2 106 106 1231 1307 1306
2883 2 2 106 106 1231 1232 1308
2884 2 2 106 106 1231 1308 1307
2885 2 2 106 106 1232 1233 1308
2886 2 2 106 106 1233 1309 1308
2887 2 2 106 106 1233 1234 1310
2888 2 2 106 106 1233 1310 1309
2889 2 2 106 106 1234 1235 1310
2890 2 2 106 106 1235 1311 1310
2891 2 2 106 106 1235 1236 1312
2892 2 2 106 106 1235 1312 1311
2893 2 2 106 106 1236 1237 1312
2894 2 2 106 106 1237 1313 1312
2895 2 2 106 106 1237 1238 1314
2896 2 2 106 106 1237 1314 1313
2897 2 2 106 106 1238 1239 1314
2898 2 2 106 106 1239 1315 1314
2899 2 2 106 106 1239 1240 1316
2900 2 2 106 106 1239 1316 1315
2901 2 2 106 106 1240 1241 1316
2902 2 2 106 106 1241 1317 1316
2903 2 2 106 106 1241 1242 1318
2904 2 2 106 106 1241 1318 1317
2905 2 2 106 106 1242 1243 1318
2906 2 2 106 106 1243 1319 1318
2907 2 2 106 106 1243 1244 1320
2908 2 2 106 106 1243 1320 1319
2909 2 2 106 106 1244 1245 1320
2910 2 2 106 106 1245 1321 1320
2911 2 2 106 106 1245 1246 1322
2912 2 2 106 106 1245 1322 1321
2913 2 2 106 106 1246 1247 1322
2914 2 2 106 106 1247 1323 1322
2915 2 2 106 106 1247 1248 1324
2916 2 2 106 106 1247 1324 1323
2917 2 2 106 106 1248 1249 1324
2918 2 2 106 106 1249 1325 1324
2919 2 2 106 106 1249 1250 1326
2920 2 2 106 106 1249 1326 1325
2921 2 2 106 106 1250 1251 1326
2922 2 2 106 106 1251 1327 1326
2923 2 2 106 106 1251 1252 1328
2924 2 2 106 106 1251 1328 1327
2925 2 2 106 106 1252 1253 1328
2926 2 2 106 106 1253 1329 1328
2927 2 2 106 106 1253 1254 1330
2928 2 2 106 106 1253 1330 1329
2929 2 2 106 106 1254 1255 1330
2930 2 2 106 106 1255 1331 1330
2931 2 2 106 106 1255 1256 1332
2932 2 2 106 106 1255 1332 1331
2933 2 2 106 106 1256 1257 1332
2934 2 2 106 106 1257 1333 1332
2935 2 2 106 106 1257 1258 1334
2936 2 2 106 106 1257 1334 1333
2937 2 2 106 106 1258 1259 1334
2938 2 2 106 106 1259 1335 1334
2939 2 2 106 106 1259 1260 1336
2940 2 2 106 106 1259 1336 1335
2941 2 2 106 106 1260 1261 1336
2942 2 2 106 106 1261 1337 1336
2943 2 2 106 106 1261 1262 1338
2944 2 2 106 106 1261 1338 1337
2945 2 2 106 106 1262 1263 1338
2946 2 2 106 106 1263 1339 1338
2947 2 2 106 106 1263 1264 1340
2948 2 2 106 106 1263 1340 1339
2949 2 2 106 106 1264 1265 1340
2950 2 2 106 106 1265 1341 1340
2951 2 2 106 106 1265 1266 1342
2952 2 2 106 106 1265 1342 1341
2953 2 2 106 106 1266 1267 1342
2954 2 2 106 106 1267 1343 1342
2955 2 2 106 106 1267 1268 1344
2956 2 2 106 106 1267 1344 1343
2957 2 2 106 106 1268 1269 1344
2958 2 2 106 106 1269 1345 1344
2959 2 2 106 106 1269 1270 1346
2960 2 2 106 106 1269 1346 1345
2961 2 2 106 106 1270 1271 1346
2962 2 2 106 106 1271 1347 1346
2963 2 2 106 106 1271 1272 1348
2964 2 2 106 106 1271 1348 1347
2965 2 2 106 106 1272 1273 1348
2966 2 2 106 106 1273 1349 1348
2967 2 2 106 106 1273 1274 1350
2968 2 2 106 106 1273 1350 1349
2969 2 2 106 106 1274 1275 1350
2970 2 2 106 106 1275 1351 1350
2971 2 2 106 106 1275 1276 1352
2972 2 2 106 106 1275 1352 1351
2973 2 2 106 106 1276 1277 1352
2974 2 2 106 106 1277 1353 1352
2975 2 2 106 106 1277 1278 1354
2976 2 2 106 106 1277 1354 1353
2977 2 2 106 106 1278 1279 1354
2978 2 2 106 106 1279 1355 1354
2979 2 2 106 106 1279 1280 1356
2980 2 2 106 106 1279 1356 1355
2981 2 2 106 106 1280 1281 1356
2982 2 2 106 106 1281 1357 1356
2983 2 2 106 106 1281 1282 1358
2984 2 2 106 106 1281 1358 1357
2985 2 2 106 106 1282 1283 1358
2986 2 2 106 106 1283 1359 1358
2987 2 2 106 106 1283 1284 1360
2988 2 2 106 106 1283 1360 1359
2989 2 2 106 106 1284 1285 1360
2990 2 2 106 106 1285 1361 1360
2991 2 2 106 106 1285 1286 1362
2992 2 2 106 106 1285 1362 1361
2993 2 2 106 106 1286 1287 1362
2994 2 2 106 106 1287 1363 1362
2995 2 2 106 106 1287 1288 1364
2996 2 2 106 106 1287 1364 1363
2997 2 2 106 106 1288 1289 1364
2998 2 2 106 106 1289 1365 1364
2999 2 2 106 106 1289 1290 1366
3000 2 2 106 106 1289 1366 1365
3001 2 2 106 106 1290 1291 1366
3002 2 2 106 106 1291 1367 1366
3003 2 2 106 106 1291 1292 1368
3004 2 2 106 106 1291 1368 1367
3005 2 2 106 106 1293 1294 1369
3006 2 2 106 106 1294 1370 1369
3007 2 2 106 106 1294 1295 1371
3008 2 2 106 106 1294 1371 1370
3009 2 2 106 106 1295 1296 1371
3010 2 2 106 106 1296 1372 1371
3011 2 2 106 106 1296 1297 1373
3012 2 2 106 106 1296 1373 1372
3013 2 2 106 106 1297 1298 1373
3014 2 2 106 106 1298 1374 1373
3015 2 2 106 106 1298 1299 1375
3016 2 2 106 106 1298 1375 1374
3017 2 2 106 106 1299 1300 1375
3018 2 2 106 106 1300 1376 1375
3019 2 2 106 106 1300 1301 1377
3020 2 2 106 106 1300 1377 1376
3021 2 2 106 106 1301 1302 1377
3022 2 2 106 106 1302 1378 1377
3023 2 2 106 106 1302 1303 1379
3024 2 2 106 106 1302 1379 1378
3025 2 2 106 106 1303 1304 1379
3026 2 2 106 106 1304 1380 1379
3027 2 2 106 106 1304 1305 1381
3028 2 2 106 106 1304 1381 1380
3029 2 2 106 106 1305 1306 1381
3030 2 2 106 106 1306 1382 1381
3031 2 2 106 106 1306 1307 1383
3032 2 2 106 106 1306 1383 1382
3033 2 2 106 106 1307 1308 1383
3034 2 2 106 106 1308 1384 1383
3035 2 2 106 106 1308 1309 1385
3036 2 2 106 106 1308 1385 1384
3037 2 2 106 106 1309 1310 1385
3038 2 2 106 106 1310 1386 1385
3039 2 2 106 106 1310 1311 1387
3040 2 2 106 106 1310 1387 1386
3041 2 2 106 106 1311 1312 1387
3042 2 2 106 106 1312 1388 1387
3043 2 2 106 106 1312 1313 1389
3044 2 2 106 106 1312 1389 1388
3045 2 2 106 106 1313 1314 1389
3046 2 2 106 106 1314 1390 1389
3047 2 2 106 106 1314 1315 1391
3048 2 2 106 106 1314 1391 1390
3049 2 2 106 106 1315 1316 1391
3050 2 2 106 106 1316 1392 1391
3051 2 2 106 106 1316 1317 1393
3052 2 2 106 106 1316 1393 1392
3053 2 2 106 106 1317 1318 1393
3054 2 2 106 106 1318 1394 1393
3055 2 2 106 106 1318 1319 1395
3056 2 2 106 106 1318 1395 1394
3057 2 2 106 106 1319 1320 1395
3058 2 2 106 106 1320 1396 1395
3059 2 2 106 106 1320 1321 1397
3060 2 2 106 106 1320 1397 1396
3061 2 2 106 106 1321 1322 1397
3062 2 2 106 106 1322 1398 1397
3063 2 2 106 106 1322 1323 1399
3064 2 2 106 106 1322 1399 1398
3065 2 2 106 106 1323 1324 1399
3066 2 2 106 106 1324 1400 1399
3067 2 2 106 106 1324 1325 1401
3068 2 2 106 106 1324 1401 1400
3069 2 2 106 106 1325 1326 1401
3070 2 2 106 106 1326 1402 1401
3071 2 2 106 106 1326 1327 1403
3072 2 2 106 106 1326 1403 1402
3073 2 2 106 106 1327 1328 1403
3074 2 2 106 106 1328 1404 1403
3075 2 2 106 106 1328 1329 1405
3076 2 2 106 106 1328 1405 1404
3077 2 2 106 106 1329 1330 1405
3078 2 2 106 106 1330 1406 1405
3079 2 2 106 106 1330 1331 1407
3080 2 2 106 106 1330 1407 1406
3081 2 2 106 106 1331 1332 1407
3082 2 2 106 106 1332 1408 1407
3083 2 2 106 106 1332 1333 1409
3084 2 2 106 106 1332 1409 1408
3085 2 2 106 106 1333 1334 1409
3086 2 2 106 106 1334 1410 1409
3087 2 2 106 106 1334 1335 1411
3088 2 2 106 106 1334 1411 1410
3089 2 2 106 106 1335 1336 1411
3090 2 2 106 106 1336 1412 1411
3091 2 2 106 106 1336 1337 1413
3092 2 2 106 106 1336 1413 1412
3093 2 2 106 106 1337 1338 1413
3094 2 2 106 106 1338 1414 1413
3095 2 2 106 106 1338 1339 1415
3096 2 2 106 106 1338 1415 1414
3097 2 2 106 106 1339 1340 1415
3098 2 2 106 106 1340 1416 1415
3099 2 2 106 106 1340 1341 1417
3100 2 2 106 106 1340 1417 1416
3101 2 2 106 106 1341 1342 1417
3102 2 2 106 106 1342 1418 1417
3103 2 2 106 106 1342 1343 1419
3104 2 2 106 106 1342 1419 1418
3105 2 2 106 106 1343 1344 1419
3106 2 2 106 106 1344 1420 1419
3107 2 2 106 106 1344 1345 1421
3108 2 2 106 106 1344 1421 1420
3109 2 2 106 106 1345 1346 1421
3110 2 2 106 106 1346 1422 1421
3111 2 2 106 106 1346 1347 1423
3112 2 2 106 106 1346 1423 1422
3113 2 2 106 106 1347 1348 1423
3114 2 2 106 106 1348 1424 1423
3115 2 2 106 106 1348 1349 1425
3116 2 2 106 106 1348 1425 1424
3117 2 2 106 106 1349 1350 1425
3118 2 2 106 106 1350 1426 1425
3119 2 2 106 106 1350 1351 1427
3120 2 2 106 106 1350 1427 1426
3121 2 2 106 106 1351 1352 1427
3122 2 2 106 106 1352 1428 1427
3123 2 2 106 106 1352 1353 1429
3124 2 2 106 106 1352 1429 1428
3125 2 2 106 106 1353 1354 1429
3126 2 2 106 106 1354 1430 1429
3127 2 2 106 106 1354 1355 1431
3128 2 2 106 106 1354 1431 1430
3129 2 2 106 106 1355 1356 1431
3130 2 2 106 106 1356 1432 1431
3131 2 2 106 106 1356 1357 1433
3132 2 2 106 106 1356 1433 1432
3133 2 2 106 106 1357 1358 1433
3134 2 2 106 106 1358 1434 1433
3135 2 2 106 106 1358 1359 1435
3136 2 2 106 106 1358 1435 1434
3137 2 2 106 106 1359 1360 1435
3138 2 2 106 106 1360 1436 1435
3139 2 2 106 106 1360 1361 1437
3140 2 2 106 106 1360 1437 1436
3141 2 2 106 106 1361 1362 1437
3142 2 2 106 106 1362 1438 1437
3143 2 2 106 106 1362 1363 1439
3144 2 2 106 106 1362 1439 1438
3145 2 2 106 106 1363 1364 1439
3146 2 2 106 106 1364 1440 1439
3147 2 2 106 106 1364 1365 1441
3148 2 2 106 106 1364 1441 1440
3149 2 2 106 106 1365 1366 1441
3150 2 2 106 106 1366 1442 1441
3151 2 2 106 106 1366 1367 1443
3152 2 2 106 106 1366 1443 1442
3153 2 2 106 106 1367 1368 1443
3154 2 2 106 106 1368 1444 1443
3155 2 2 106 106 1369 1370 1446
3156 2 2 106 106 1369 1446 1445
3157 2 2 106 106 1370 1371 1446
3158 2 2 106 106 1371 1447 1446
3159 2 2 106 106 1371 1372 1448
3160 2 2 106 106 1371 1448 1447
3161 2 2 106 106 1372 1373 1448
3162 2 2 106 106 1373 1449 1448
3163 2 2 106 106 1373 1374 1450
3164 2 2 106 106 1373 1450 1449
3165 2 2 106 106 1374 1375 1450
3166 2 2 106 106 1375 1451 1450
3167 2 2 106 106 1375 1376 1452
3168 2 2 106 106 1375 1452 1451
3169 2 2 106 106 1376 1377 1452
3170 2 2 106 106 1377 1453 1452
3171 2 2 106 106 1377 1378 1454
3172 2 2 106 106 1377 1454 1453
3173 2 2 106 106 1378 1379 1454
3174 2 2 106 106 1379 1455 1454
3175 2 2 106 106 1379 1380 1456
3176 2 2 106 106 1379 1456 1455
3177 2 2 106 106 1380 1381 1456
3178 2 2 106 106 1381 1457 1456
3179 2 2 106 106 1381 1382 1458
3180 2 2 106 106 1381 1458 1457
3181 2 2 106 106 1382 1383 1458
3182 2 2 106 106 1383 1459 1458
3183 2 2 106 106 1383 1384 1460
3184 2 2 106 106 1383 1460 1459
3185 2 2 106 106 1384 1385 1460
3186 2 2 106 106 1385 1461 1460
3187 2 2 106 106 1385 1386 1462
3188 2 2 106 106 1385 1462 1461
3189 2 2 106 106 1386 1387 1462
3190 2 2 106 106 1387 1463 1462
3191 2 2 106 106 1387 1388 1464
3192 2 2 106 106 1387 1464 1463
3193 2 2 106 106 1388 1389 1464
3194 2 2 106 106 1389 1465 1464
3195 2 2 106 106 1389 1390 1466
3196 2 2 106 106 1389 1466 1465
3197 2 2 106 106 1390 1391 1466
3198 2 2 106 106 1391 1467 1466
3199 2 2 106 106 1391 1392 1468
3200 2 2 106 106 1391 1468 1467
3201 2 2 106 106 1392 1393 1468
3202 2 2 106 106 1393 1469 1468
3203 2 2 106 106 1393 1394 1470
3204 2 2 106 106 1393 1470 1469
3205 2 2 106 106 1394 1395 1470
3206 2 2 106 106 1395 1471 1470
3207 2 2 106 106 1395 1396 1472
3208 2 2 106 106 1395 1472 1471
3209 2 2 106 106 1396 1397 1472
3210 2 2 106 106 1397 1473 1472
3211 2 2 106 106 1397 1398 1474
3212 2 2 106 106 1397 1474 1473
3213 2 2 106 106 1398 1399 1474
3214 2 2 106 106 1399 1475 1474
3215 2 2 106 106 1399 1400 1476
3216 2 2 106 106 1399 1476 1475
3217 2 2 106 106 1400 1401 1476
3218 2 2 106 106 1401 1477 1476
3219 2 2 106 106 1401 1402 1478
3220 2 2 106 106 1401 1478 1477
3221 2 2 106 106 1402 1403 1478
3222 2 2 106 106 1403 1479 1478
3223 2 2 106 106 1403 1404 1480
3224 2 2 106 106 1403 1480 1479
3225 2 2 106 106 1404 1405 1480
3226 2 2 106 106 1405 1481 1480
3227 2 2 106 106 1405 1406 1482
3228 2 2 106 106 1405 1482 1481
3229 2 2 106 106 1406 1407 1482
3230 2 2 106 106 1407 1483 1482
3231 2 2 106 106 1407 1408 1484
3232 2 2 106 106 1407 1484 1483
3233 2 2 106 106 1408 1409 1484
3234 2 2 106 106 1409 1485 1484
3235 2 2 106 106 1409 1410 1486
3236 2 2 106 106 1409 1486 1485
3237 2 2 106 106 1410 1411 1486
3238 2 2 106 106 1411 1487 1486
3239 2 2 106 106 1411 1412 1488
3240 2 2 106 106 1411 1488 1487
3241 2 2 106 106 1412 1413 1488
3242 2 2 106 106 1413 1489 1488
3243 2 2 106 106 1413 1414 1490
3244 2 2 106 106 1413 1490 1489
3245 2 2 106 106 1414 1415 1490
3246 2 2 106 106 1415 1491 1490
3247 2 2 106 106 1415 1416 1492
3248 2 2 106 106 1415 1492 1491
3249 2 2 106 106 1416 1417 1492
3250 2 2 106 106 1417 1493 1492
3251 2 2 106 106 1417 1418 1494
3252 2 2 106 106 1417 1494 1493
3253 2 2 106 106 1418 1419 1494
3254 2 2 106 106 1419 1495 1494
3255 2 2 106 106 1419 1420 1496
3256 2 2 106 106 1419 1496 1495
3257 2 2 106 106 1420 1421 1496
3258 2 2 106 106 1421 1497 1496
3259 2 2 106 106 1421 1422 1498
3260 2 2 106 106 1421 1498 1497
3261 2 2 106 106 1422 1423 1498
3262 2 2 106 106 1423 1499 1498
3263 2 2 106 106 1423 1424 1500
3264 2 2 106 106 1423 1500 1499
3265 2 2 106 106 1424 1425 1500
3266 2 2 106 106 1425 1501 1500
3267 2 2 106 106 1425 1426 1502
3268 2 2 106 106 1425 1502 1501
3269 2 2 106 106 1426 1427 1502
3270 2 2 106 106 1427 1503 1502
3271 2 2 106 106 1427 1428 1504
3272 2 2 106 106 1427 1504 1503
3273 2 2 106 106 1428 1429 1504
3274 2 2 106 106 1429 1505 1504
3275 2 2 106 106 1429 1430 1506
3276 2 2 106 106 1429 1506 1505
3277 2 2 106 106 1430 1431 1506
3278 2 2 106 106 1431 1507 1506
3279 2 2 106 106 1431 1432 1508
3280 2 2 106 106 1431 1508 1507
3281 2 2 106 106 1432 1433 1508
3282 2 2 106 106 1433 1509 1508
3283 2 2 106 106 1433 1434 1510
3284 2 2 106 106 1433 1510 1509
3285 2 2 106 106 1434 1435 1510
3286 2 2 106 106 1435 1511 1510
3287 2 2 106 106 1435 1436 1512
3288 2 2 106 106 1435 1512 1511
3289 2 2 106 106 1436 1437 1512
3290 2 2 106 106 1437 1513 1512
3291 2 2 106 106 1437 1438 1514
3292 2 2 106 106 1437 1514 1513
3293 2 2 106 106 1438 1439 1514
3294 2 2 106 106 1439 1515 1514
3295 2 2 106 106 1439 1440 1516
3296 2 2 106 106 1439 1516 1515
3297 2 2 106 106 1440 1441 1516
3298 2 2 106 106 1441 1517 1516
3299 2 2 106 106 1441 1442 1518
3300 2 2 106 106 1441 1518 1517
3301 2 2 106 106 1442 1443 1518
3302 2 2 106 106 1443 1519 1518
3303 2 2 106 106 1443 1444 1520
3304 2 2 106 106 1443 1520 1519
3305 2 2 106 106 1445 1446 1521
3306 2 2 106 106 1446 1522 1521
3307 2 2 106 106 1446 1447 1523
3308 2 2 106 106 1446 1523 1522
3309 2 2 106 106 1447 1448 1523
3310 2 2 106 106 1448 1524 1523
3311 2 2 106 106 1448 1449 1525
3312 2 2 106 106 1448 1525 1524
3313 2 2 106 106 1449 1450 1525
3314 2 2 106 106 1450 1526 1525
3315 2 2 106 106 1450 1451 1527
3316 2 2 106 106 1450 1527 1526
3317 2 2 106 106 1451 1452 1527
3318 2 2 106 106 1452 1528 1527
3319 2 2 106 106 1452 1453 1529
3320 2 2 106 106 1452 1529 1528
3321 2 2 106 106 1453 1454 1529
3322 2 2 106 106 1454 1530 1529
3323 2 2 106 106 1454 1455 1531
3324 2 2 106 106 1454 1531 1530
3325 2 2 106 106 1455 1456 1531
3326 2 2 106 106 1456 1532 1531
3327 2 2 106 106 1456 1457 1533
3328 2 2 106 106 1456 1533 1532
3329 2 2 106 106 1457 1458 1533
3330 2 2 106 106 1458 1534 1533
3331 2 2 106 106 1458 1459 1535
3332 2 2 106 106 1458 1535 1534
3333 2 2 106 106 1459 1460 1535
3334 2 2 106 106 1460 1536 1535
3335 2 2 106 106 1460 1461 1537
3336 2 2 106 106 1460 1537 1536
3337 2 2 106 106 1461 1462 1537
3338 2 2 106 106 1462 1538 1537
3339 2 2 106 106 1462 1463 1539
3340 2 2 106 106 1462 1539 1538
3341 2 2 106 106 1463 1464 1539
3342 2 2 106 106 1464 1540 1539
3343 2 2 106 106 1464 1465 1541
3344 2 2 106 106 1464 1541 1540
3345 2 2 106 106 1465 1466 1541
3346 2 2 106 106 1466 1542 1541
3347 2 2 106 106 1466 1467 1543
3348 2 2 106 106 1466 1543 1542
3349 2 2 106 106 1467 1468 1543
3350 2 2 106 106 1468 1544 1543
3351 2 2 106 106 1468 1469 1545
3352 2 2 106 106 1468 1545 1544
3353 2 2 106 106 1469 1470 1545
3354 2 2 106 106 1470 1546 1545
3355 2 2 106 106 1470 1471 1547
3356 2 2 106 106 1470 1547 1546
3357 2 2 106 106 1471 1472 1547
3358 2 2 106 106 1472 1548 1547
3359 2 2 106 106 1472 1473 1549
3360 2 2 106 106 1472 1549 1548
3361 2 2 106 106 1473 1474 1549
3362 2 2 106 106 1474 1550 1549
3363 2 2 106 106 1474 1475 1551
3364 2 2 106 106 1474 1551 1550
3365 2 2 106 106 1475 1476 1551
3366 2 2 106 106 1476 1552 1551
3367 2 2 106 106 1476 1477 1553
3368 2 2 106 106 1476 1553 1552
3369 2 2 106 106 1477 1478 1553
3370 2 2 106 106 1478 1554 1553
3371 2 2 106 106 1478 1479 1555
3372 2 2 106 106 1478 1555 1554
3373 2 2 106 106 1479 1480 1555
3374 2 2 106 106 1480 1556 1555
3375 2 2 106 106 1480 1481 1557
3376 2 2 106 106 1480 1557 1556
3377 2 2 106 106 1481 1482 1557
3378 2 2 106 106 1482 1558 1557
3379 2 2 106 106 1482 1483 1559
3380 2 2 106 106 1482 1559 1558
3381 2 2 106 106 1483 1484 1559
3382 2 2 106 106 1484 1560 1559
3383 2 2 106 106 1484 1485 1561
3384 2 2 106 106 1484 1561 1560
3385 2 2 106 106 1485 1486 1561
3386 2 2 106 106 1486 1562 1561
3387 2 2 106 106 1486 1487 1563
3388 2 2 106 106 1486 1563 1562
3389 2 2 106 106 1487 1488 1563
3390 2 2 106 106 1488 1564 1563
3391 2 2 106 106 1488 1489 1565
3392 2 2 106 106 1488 1565 1564
3393 2 2 106 106 1489 1490 1565
3394 2 2 106 106 1490 1566 1565
3395 2 2 106 106 1490 1491 1567
3396 2 2 106 106 1490 1567 1566
3397 2 2 106 106 1491 1492 1567
3398 2 2 106 106 1492 1568 1567
3399 2 2 106 106 1492 1493 1569
3400 2 2 106 106 1492 1569 1568
3401 2 2 106 106 1493 1494 1569
3402 2 2 106 106 1494 1570 1569
3403 2 2 106 106 1494 1495 1571
3404 2 2 106 106 1494 1571 1570
3405 2 2 106 106 1495 1496 1571
3406 2 2 106 106 1496 1572 1571
3407 2 2 106 106 1496 1497 1573
3408 2 2 106 106 1496 1573 1572
3409 2 2 106 106 1497 1498 1573
3410 2 2 106 106 1498 1574 1573
3411 2 2 106 106 1498 1499 1575
3412 2 2 106 106 1498 1575 1574
3413 2 2 106 106 1499 1500 1575
3414 2 2 106 106 1500 1576 1575
3415 2 2 106 106 1500 1501 1577
3416 2 2 106 106 1500 1577 1576
3417 2 2 106 106 1501 1502 1577
3418 2 2 106 106 1502 1578 1577
3419 2 2 106 106 1502 1503 1579
3420 2 2 106 106 1502 1579 1578
3421 2 2 106 106 1503 1504 1579
3422 2 2 106 106 1504 1580 1579
3423 2 2 106 106 1504 1505 1581
3424 2 2 106 106 1504 1581 1580
3425 2 2 106 106 1505 1506 1581
3426 2 2 106 106 1506 1582 1581
3427 2 2 106 106 1506 1507 1583
3428 2 2 106 106 1506 1583 1582
3429 2 2 106 106 1507 1508 1583
3430 2 2 106 106 1508 1584 1583
3431 2 2 106 106 1508 1509 1585
3432 2 2 106 106 1508 1585 1584
3433 2 2 106 106 1509 1510 1585
3434 2 2 106 106 1510 1586 1585
3435 2 2 106 106 1510 1511 1587
3436 2 2 106 106 1510 1587 1586
3437 2 2 106 106 1511 1512 1587
3438 2 2 106 106 1512 1588 1587
3439 2 2 106 106 1512 1513 1589
3440 2 2 106 106 1512 1589 1588
3441 2 2 106 106 1513 1514 1589
3442 2 2 106 106 1514 1590 1589
3443 2 2 106 106 1514 1515 1591
3444 2 2 106 106 1514 1591 1590
3445 2 2 106 106 1515 1516 1591
3446 2 2 106 106 1516 1592 1591
3447 2 2 106 106 1516 1517 1593
3448 2 2 106 106 1516 1593 1592
3449 2 2 106 106 1517 1518 1593
3450 2 2 106 106 1518 1594 1593
3451 2 2 106 106 1518 1519 1595
3452 2 2 106 106 1518 1595 1594
3453 2 2 106 106 1519 1520 1595
3454 2 2 106 106 1520 1596 1595
3455 2 2 105 105 1521 1522 1598
3456 2 2 105 105 1521 1598 1597
3457 2 2 105 105 1522 1523 1598
3458 2 2 105 105 1523 1599 1598
3459 2 2 105 105 1523 1524 1600
3460 2 2 105 105 1523 1600 1599
3461 2 2 105 105 1524 1525 1600
3462 2 2 105 105 1525 1601 1600
3463 2 2 105 105 1525 1526 1602
3464 2 2 105 105 1525 1602 1601
3465 2 2 105 105 1526 1527 1602
3466 2 2 105 105 1527 1603 1602
3467 2 2 105 105 1527 1528 1604
3468 2 2 105 105 1527 1604 1603
3469 2 2 105 105 1528 1529 1604
3470 2 2 105 105 1529 1605 1604
3471 2 2 105 105 1529 1530 1606
3472 2 2 105 105 1529 1606 1605
3473 2 2 105 105 1530 1531 1606
3474 2 2 105 105 1531 1607 1606
3475 2 2 105 105 1531 1532 1608
3476 2 2 105 105 1531 1608 1607
3477 2 2 105 105 1532 1533 1608
3478 2 2 105 105 1533 1609 1608
3479 2 2 105 105 1533 1534 1610
3480 2 2 105 105 1533 1610 1609
3481 2 2 105 105 1534 1535 1610
3482 2 2 105 105 1535 1611 1610
3483 2 2 105 105 1535 1536 1612
3484 2 2 105 105 1535 1612 1611
3485 2 2 105 105 1536 1537 1612
3486 2 2 105 105 1537 1613 1612
3487 2 2 105 105 1537 1538 1614
3488 2 2 105 105 1537 1614 1613
3489 2 2 105 105 1538 1539 1614
3490 2 2 105 105 1539 1615 1614
3491 2 2 105 105 1539 1540 1616
3492 2 2 105 105 1539 1616 1615
3493 2 2 105 105 1540 1541 1616
3494 2 2 105 105 1541 1617 1616
3495 2 2 105 105 1541 1542 1618
3496 2 2 105 105 1541 1618 1617
3497 2 2 105 105 1542 1543 1618
3498 2 2 105 105 1543 1619 1618
3499 2 2 105 105 1543 1544 1620
3500 2 2 105 105 1543 1620 1619
3501 2 2 105 105 1544 1545 1620
3502 2 2 105 105 1545 1621 1620
3503 2 2 105 105 1545 1546 1622
3504 2 2 105 105 1545 1622 1621
3505 2 2 105 105 1546 1547 1622
3506 2 2 105 105 1547 1623 1622
3507 2 2 105 105 1547 1548 1624
3508 2 2 105 105 1547 1624 1623
3509 2 2 105 105 1548 1549 1624
3510 2 2 105 105 1549 1625 1624
3511 2 2 105 105 1549 1550 1626
3512 2 2 105 105 1549 1626 1625
3513 2 2 105 105 1550 1551 1626
3514 2 2 105 105 1551 1627 1626
3515 2 2 105 105 1551 1552 1628
3516 2 2 105 105 1551 1628 1627
3517 2 2 105 105 1552 1553 1628
3518 2 2 105 105 1553 1629 1628
3519 2 2 105 105 1553 1554 1630
3520 2 2 105 105 1553 1630 1629
3521 2 2 105 105 1554 1555 1630
3522 2 2 105 105 1555 1631 1630
3523 2 2 105 105 1555 1556 1632
3524 2 2 105 105 1555 1632 1631
3525 2 2 105 105 1556 1557 1632
3526 2 2 105 105 1557 1633 1632
3527 2 2 105 105 1557 1558 1634
3528 2 2 105 105 1557 1634 1633
3529 2 2 105 105 1558 1559 1634
3530 2 2 105 105 1559 1635 1634
3531 2 2 105 105 1559 1560 1636
3532 2 2 105 105 1559 1636 1635
3533 2 2 105 105 1560 1561 1636
3534 2 2 105 105 1561 1637 1636
3535 2 2 105 105 1561 1562 1638
3536 2 2 105 105 1561 1638 1637
3537 2 2 105 105 1562 1563 1638
3538 2 2 105 105 1563 1639 1638
3539 2 2 105 105 1563 1564 1640
3540 2 2 105 105 1563 1640 1639
3541 2 2 105 105 1564 1565 1640
3542 2 2 105 105 1565 1641 1640
3543 2 2 105 105 1565 1566 1642
3544 2 2 105 105 1565 1642 1641
3545 2 2 105 105 1566 1567 1642
3546 2 2 105 105 1567 1643 1642
3547 2 2 105 105 1567 1568 1644
3548 2 2 105 105 1567 1644 1643
3549 2 2 105 105 1568 1569 1644
3550 2 2 105 105 1569 1645 1644
3551 2 2 105 105 1569 1570 1646
3552 2 2 105 105 1569 1646 1645
3553 2 2 105 105 1570 1571 1646
3554 2 2 105 105 1571 1647 1646
3555 2 2 105 105 1571 1572 1648
3556 2 2 105 105 1571 1648 1647
3557 2 2 105 105 1572 1573 1648
3558 2 2 105 105 1573 1649 1648
3559 2 2 105 105 1573 1574 1650
3560 2 2 105 105 1573 1650 1649
3561 2 2 105 105 1574 1575 1650
3562 2 2 105 105 1575 1651 1650
3563 2 2 105 105 1575 1576 1652
3564 2 2 105 105 1575 1652 1651
3565 2 2 105 105 1576 1577 1652
3566 2 2 105 105 1577 1653 1652
3567 2 2 105 105 1577 1578 1654
3568 2 2 105 105 1577 1654 1653
3569 2 2 105 105 1578 1579 1654
3570 2 2 105 105 1579 1655 1654
3571 2 2 105 105 1579 1580 1656
3572 2 2 105 105 1579 1656 1655
3573 2 2 105 105 1580 1581 1656
3574 2 2 105 105 1581 1657 1656
3575 2 2 105 105 1581 1582 1658
3576 2 2 105 105 1581 1658 1657
3577 2 2 105 105 1582 1583 1658
3578 2 2 105 105 1583 1659 1658
3579 2 2 105 105 1583 1584 1660
3580 2 2 105 105 1583 1660 1659
3581 2 2 105 105 1584 1585 1660
3582 2 2 105 105 1585 1661 1660
3583 2 2 105 105 1585 1586 1662
3584 2 2 105 105 1585 1662 1661
3585 2 2 105 105 1586 1587 1662
3586 2 2 105 105 1587 1663 1662
3587 2 2 105 105 1587 1588 1664
3588 2 2 105 105 1587 1664 1663
3589 2 2 105 105 1588 1589 1664
3590 2 2 105 105 1589 1665 1664
3591 2 2 105 105 1589 1590 1666
3592 2 2 105 105 1589 1666 1665
3593 2 2 105 105 1590 1591 1666
3594 2 2 105 105 1591 1667 1666
3595 2 2 105 105 1591 1592 1668
3596 2 2 105 105 1591 1668 1667
3597 2 2 105 105 1592 1593 1668
3598 2 2 105 105 1593 1669 1668
3599 2 2 105 105 1593 1594 1670
3600 2 2 105 105 1593 1670 1669
3601 2 2 105 105 1594 1595 1670
3602 2 2 105 105 1595 1671 1670
3603 2 2 105 105 1595 1596 1672
3604 2 2 105 105 1595 1672 1671
3605 2 2 105 105 1597 1598 1673
3606 2 2 105 105 1598 1674 1673
3607 2 2 105 105 1598 1599 1675
3608 2 2 105 105 1598 1675 1674
3609 2 2 105 105 1599 1600 1675
3610 2 2 105 105 1600 1676 1675
3611 2 2 105 105 1600 1601 1677
3612 2 2 105 105 1600 1677 1676
3613 2 2 105 105 1601 1602 1677
3614 2 2 105 105 1602 1678 1677
3615 2 2 105 105 1602 1603 1679
3616 2 2 105 105 1602 1679 1678
3617 2 2 105 105 1603 1604 1679
3618 2 2 105 105 1604 1680 1679
3619 2 2 105 105 1604 1605 1681
3620 2 2 105 105 1604 1681 1680
3621 2 2 105 105 1605 1606 1681
3622 2 2 105 105 1606 1682 1681
3623 2 2 105 105 1606 1607 1683
3624 2 2 105 105 1606 1683 1682
3625 2 2 105 105 1607 1608 1683
3626 2 2 105 105 1608 1684 1683
3627 2 2 105 105 1608 1609 1685
3628 2 2 105 105 1608 1685 1684
3629 2 2 105 105 1609 1610 1685
3630 2 2 105 105 1610 1686 1685
3631 2 2 105 105 1610 1611 1687
3632 2 2 105 105 1610 1687 1686
3633 2 2 105 105 1611 1612 1687
3634 2 2 105 105 1612 1688 1687
3635 2 2 105 105 1612 1613 1689
3636 2 2 105 105 1612 1689 1688
3637 2 2 105 105 1613 1614 1689
3638 2 2 105 105 1614 1690 1689
3639 2 2 105 105 1614 1615 1691
3640 2 2 105 105 1614 1691 1690
3641 2 2 105 105 1615 1616 1691
3642 2 2 105 105 1616 1692 1691
3643 2 2 105 105 1616 1617 1693
3644 2 2 105 105 1616 1693 1692
3645 2 2 105 105 1617 1618 1693
3646 2 2 105 105 1618 1694 1693
3647 2 2 105 105 1618 1619 1695
3648 2 2 105 105 1618 1695 1694
3649 2 2 105 105 1619 1620 1695
3650 2 2 105 105 1620 1696 1695
3651 2 2 105 105 1620 1621 1697
3652 2 2 105 105 1620 1697 1696
3653 2 2 105 105 1621 1622 1697
3654 2 2 105 105 1622 1698 1697
3655 2 2 105 105 1622 1623 1699
3656 2 2 105 105 1622 1699 1698
3657 2 2 105 105 1623 1624 1699
3658 2 2 105 105 1624 1700 1699
3659 2 2 105 105 1624 1625 1701
3660 2 2 105 105 1624 1701 1700
3661 2 2 105 105 1625 1626 1701
3662 2 2 105 105 1626 1702 1701
3663 2 2 105 105 1626 1627 1703
3664 2 2 105 105 1626 1703 1702
3665 2 2 105 105 1627 1628 1703
3666 2 2 105 105 1628 1704 1703
3667 2 2 105 105 1628 1629 1705
3668 2 2 105 105 1628 1705 1704
3669 2 2 105 105 1629 1630 1705
3670 2 2 105 105 1630 1706 1705
3671 2 2 105 105 1630 1631 1707
3672 2 2 105 105 1630 1707 1706
3673 2 2 105 105 1631 1632 1707
3674 2 2 105 105 1632 1708 1707
3675 2 2 105 105 1632 1633 1709
3676 2 2 105 105 1632 1709 1708
3677 2 2 105 105 1633 1634 1709
3678 2 2 105 105 1634 1710 1709
3679 2 2 105 105 1634 1635 1711
3680 2 2 105 105 1634 1711 1710
3681 2 2 105 105 1635 1636 1711
3682 2 2 105 105 1636 1712 1711
3683 2 2 105 105 1636 1637 1713
3684 2 2 105 105 1636 1713 1712
3685 2 2 105 105 1637 1638 1713
3686 2 2 105 105 1638 1714 1713
3687 2 2 105 105 1638 1639 1715
3688 2 2 105 105 1638 1715 1714
3689 2 2 105 105 1639 1640 1715
3690 2 2 105 105 1640 1716 1715
3691 2 2 105 105 1640 1641 1717
3692 2 2 105 105 1640 1717 1716
3693 2 2 105 105 1641 1642 1717
3694 2 2 105 105 1642 1718 1717
3695 2 2 105 105 1642 1643 1719
3696 2 2 105 105 1642 1719 1718
3697 2 2 105 105 1643 1644 1719
3698 2 2 105 105 1644 1720 1719
3699 2 2 105 105 1644 1645 1721
3700 2 2 105 105 1644 1721 1720
3701 2 2 105 105 1645 1646 1721
3702 2 2 105 105 1646 1722 1721
3703 2 2 105 105 1646 1647 1723
3704 2 2 105 105 1646 1723 1722
3705 2 2 105 105 1647 1648 1723
3706 2 2 105 105 1648 1724 1723
3707 2 2 105 105 1648 1649 1725
3708 2 2 105 105 1648 1725 1724
3709 2 2 105 105 1649 1650 1725
3710 2 2 105 105 1650 1726 1725
3711 2 2 105 105 1650 1651 1727
3712 2 2 105 105 1650 1727 1726
3713 2 2 105 105 1651 1652 1727
3714 2 2 105 105 1652 1728 1727
3715 2 2 105 105 1652 1653 1729
3716 2 2 105 105 1652 1729 1728
3717 2 2 105 105 1653 1654 1729
3718 2 2 105 105 1654 1730 1729
3719 2 2 105 105 1654 1655 1731
3720 2 2 105 105 1654 1731 1730
3721 2 2 105 105 1655 1656 1731
3722 2 2 105 105 1656 1732 1731
3723 2 2 105 105 1656 1657 1733
3724 2 2 105 105 1656 1733 1732
3725 2 2 105 105 1657 1658 1733
3726 2 2 105 105 1658 1734 1733
3727 2 2 105 105 1658 1659 1735
3728 2 2 105 105 1658 1735 1734
3729 2 2 105 105 1659 1660 1735
3730 2 2 105 105 1660 1736 1735
3731 2 2 105 105 1660 1661 1737
3732 2 2 105 105 1660 1737 1736
3733 2 2 105 105 1661 1662 1737
3734 2 2 105 105 1662 1738 1737
3735 2 2 105 105 1662 1663 1739
3736 2 2 105 105 1662 1739 1738
3737 2 2 105 105 1663 1664 1739
3738 2 2 105 105 1664 1740 1739
3739 2 2 105 105 1664 1665 1741
3740 2 2 105 105 1664 1741 1740
3741 2 2 105 105 1665 1666 1741
3742 2 2 105 105 1666 1742 1741
3743 2 2 105 105 1666 1667 1743
3744 2 2 105 105 1666 1743 1742
3745 2 2 105 105 1667 1668 1743
3746 2 2 105 105 1668 1744 1743
3747 2 2 105 105 1668 1669 1745
3748 2 2 105 105 1668 1745 1744
3749 2 2 105 105 1669 1670 1745
3750 2 2 105 105 1670 1746 1745
3751 2 2 105 105 1670 1671 1747
3752 2 2 105 105 1670 1747 1746
3753 2 2 105 105 1671 1672 1747
3754 2 2 105 105 1672 1748 1747
3755 2 2 105 105 1673 1674 1750
3756 2 2 105 105 1673 1750 1749
3757 2 2 105 105 1674 1675 1750
3758 2 2 105 105 1675 1751 1750
3759 2 2 105 105 1675 1676 1752
3760 2 2 105 105 1675 1752 1751
3761 2 2 105 105 1676 1677 1752
3762 2 2 105 105 1677 1753 1752
3763 2 2 105 105 1677 1678 1754
3764 2 2 105 105 1677 1754 1753
3765 2 2 105 105 1678 1679 1754
3766 2 2 105 105 1679 1755 1754
3767 2 2 105 105 1679 1680 1756
3768 2 2 105 105 1679 1756 1755
3769 2 2 105 105 1680 1681 1756
3770 2 2 105 105 1681 1757 1756
3771 2 2 105 105 1681 1682 1758
3772 2 2 105 105 1681 1758 1757
3773 2 2 105 105 1682 1683 1758
3774 2 2 105 105 1683 1759 1758
3775 2 2 105 105 1683 1684 1760
3776 2 2 105 105 1683 1760 1759
3777 2 2 105 105 1684 1685 1760
3778 2 2 105 105 1685 1761 1760
3779 2 2 105 105 1685 1686 1762
3780 2 2 105 105 1685 1762 1761
3781 2 2 105 105 1686 1687 1762
3782 2 2 105 105 1687 1763 1762
3783 2 2 105 105 1687 1688 1764
3784 2 2 105 105 1687 1764 1763
3785 2 2 105 105 1688 1689 1764
3786 2 2 105 105 1689 1765 1764
3787 2 2 105 105 1689 1690 1766
3788 2 2 105 105 1689 1766 1765
3789 2 2 105 105 1690 1691 1766
3790 2 2 105 105 1691 1767 1766
3791 2 2 105 105 1691 1692 1768
3792 2 2 105 105 1691 1768 1767
3793 2 2 105 105 1692 1693 1768
3794 2 2 105 105 1693 1769 1768
3795 2 2 105 105 1693 1694 1770
3796 2 2 105 105 1693 1770 1769
3797 2 2 105 105 1694 1695 1770
3798 2 2 105 105 1695 1771 1770
3799 2 2 105 105 1695 1696 1772
3800 2 2 105 105 1695 1772 1771
3801 2 2 105 105 1696 1697 1772
3802 2 2 105 105 1697 1773 1772
3803 2 2 105 105 1697 1698 1774
3804 2 2 105 105 1697 1774 1773
3805 2 2 105 105 1698 1699 1774
3806 2 2 105 105 1699 1775 1774
3807 2 2 105 105 1699 1700 1776
3808 2 2 105 105 1699 1776 1775
3809 2 2 105 105 1700 1701 1776
3810 2 2 105 105 1701 1777 1776
3811 2 2 105 105 1701 1702 1778
3812 2 2 105 105 1701 1778 1777
3813 2 2 105 105 1702 1703 1778
3814 2 2 105 105 1703 1779 1778
3815 2 2 105 105 1703 1704 1780
3816 2 2 105 105 1703 1780 1779
3817 2 2 105 105 1704 1705 1780
3818 2 2 105 105 1705 1781 1780
3819 2 2 105 105 1705 1706 1782
3820 2 2 105 105 1705 1782 1781
3821 2 2 105 105 1706 1707 1782
3822 2 2 105 105 1707 1783 1782
3823 2 2 105 105 1707 1708 1784
3824 2 2 105 105 1707 1784 1783
3825 2 2 105 105 1708 1709 1784
3826 2 2 105 105 1709 1785 1784
3827 2 2 105 105 1709 1710 1786
3828 2 2 105 105 1709 1786 1785
3829 2 2 105 105 1710 1711 1786
3830 2 2 105 105 1711 1787 1786
3831 2 2 105 105 1711 1712 1788
3832 2 2 105 105 1711 1788 1787
3833 2 2 105 105 1712 1713 1788
3834 2 2 105 105 1713 1789 1788
3835 2 2 105 105 1713 1714 1790
3836 2 2 105 105 1713 1790 1789
3837 2 2 105 105 1714 1715 1790
3838 2 2 105 105 1715 1791 1790
3839 2 2 105 105 1715 1716 1792
3840 2 2 105 105 1715 1792 1791
3841 2 2 105 105 1716 1717 1792
3842 2 2 105 105 1717 1793 1792
3843 2 2 105 105 1717 1718 1794
3844 2 2 105 105 1717 1794 1793
3845 2 2 105 105 1718 1719 1794
3846 2 2 105 105 1719 1795 1794
3847 2 2 105 105 1719 1720 1796
3848 2 2 105 105 1719 1796 1795
3849 2 2 105 105 1720 1721 1796
3850 2 2 105 105 1721 1797 1796
3851 2 2 105 105 1721 1722 1798
3852 2 2 105 105 1721 1798 1797
3853 2 2 105 105 1722 1723 1798
3854 2 2 105 105 1723 1799 1798
3855 2 2 105 105 1723 1724 1800
3856 2 2 105 105 1723 1800 1799
3857 2 2 105 105 1724 1725 1800
3858 2 2 105 105 1725 1801 1800
3859 2 2 105 105 1725 1726 1802
3860 2 2 105 105 1725 1802 1801
3861 2 2 105 105 1726 1727 1802
3862 2 2 105 105 1727 1803 1802
3863 2 2 105 105 1727 1728 1804
3864 2 2 105 105 1727 1804 1803
3865 2 2 105 105 1728 1729 1804
3866 2 2 105 105 1729 1805 1804
3867 2 2 105 105 1729 1730 1806
3868 2 2 105 105 1729 1806 1805
3869 2 2 105 105 1730 1731 1806
3870 2 2 105 105 1731 1807 1806
3871 2 2 105 105 1731 1732 1808
3872 2 2 105 105 1731 1808 1807
3873 2 2 105 105 1732 1733 1808
3874 2 2 105 105 1733 1809 1808
3875 2 2 105 105 1733 1734 1810
3876 2 2 105 105 1733 1810 1809
3877 2 2 105 105 1734 1735 1810
3878 2 2 105 105 1735 1811 1810
3879 2 2 105 105 1735 1736 1812
3880 2 2 105 105 1735 1812 1811
3881 2 2 105 105 1736 1737 1812
3882 2 2 105 105 1737 1813 1812
3883 2 2 105 105 1737 1738 1814
3884 2 2 105 105 1737 1814 1813
3885 2 2 105 105 1738 1739 1814
3886 2 2 105 105 1739 1815 1814
3887 2 2 105 105 1739 1740 1816
3888 2 2 105 105 1739 1816 1815
3889 2 2 105 105 1740 1741 1816
3890 2 2 105 105 1741 1817 1816
3891 2 2 105 105 1741 1742 1818
3892 2 2 105 105 1741 1818 1817
3893 2 2 105 105 1742 1743 1818
3894 2 2 105 105 1743 1819 1818
3895 2 2 105 105 1743 1744 1820
3896 2 2 105 105 1743 1820 1819
3897 2 2 105 105 1744 1745 1820
3898 2 2 105 105 1745 1821 1820
3899 2 2 105 105 1745 1746 1822
3900 2 2 105 105 1745 1822 1821
3901 2 2 105 105 1746 1747 1822
3902 2 2 105 105 1747 1823 1822
3903 2 2 105 105 1747 1748 1824
3904 2 2 105 105 1747 1824 1823
3905 2 2 105 105 1749 1750 1825
3906 2 2 105 105 1750 1826 1825
3907 2 2 105 105 1750 1751 1827
3908 2 2 105 105 1750 1827 1826
3909 2 2 105 105 1751 1752 1827
3910 2 2 105 105 1752 1828 1827
3911 2 2 105 105 1752 1753 1829
3912 2 2 105 105 1752 1829 1828
3913 2 2 105 105 1753 1754 1829
3914 2 2 105 105 1754 1830 1829
3915 2 2 105 105 1754 1755 1831
3916 2 2 105 105 1754 1831 1830
3917 2 2 105 105 1755 1756 1831
3918 2 2 105 105 1756 1832 1831
3919 2 2 105 105 1756 1757 1833
3920 2 2 105 105 1756 1833 1832
3921 2 2 105 105 1757 1758 1833
3922 2 2 105 105 1758 1834 1833
3923 2 2 105 105 1758 1759 1835
3924 2 2 105 105 1758 1835 1834
3925 2 2 105 105 1759 1760 1835
3926 2 2 105 105 1760 1836 1835
3927 2 2 105 105 1760 1761 1837
3928 2 2 105 105 1760 1837 1836
3929 2 2 105 105 1761 1762 1837
3930 2 2 105 105 1762 1838 1837
3931 2 2 105 105 1762 1763 1839
3932 2 2 105 105 1762 1839 1838
3933 2 2 105 105 1763 1764 1839
3934 2 2 105 105 1764 1840 1839
3935 2 2 105 105 1764 1765 1841
3936 2 2 105 105 1764 1841 1840
3937 2 2 105 105 1765 1766 1841
3938 2 2 105 105 1766 1842 1841
3939 2 2 105 105 1766 1767 1843
3940 2 2 105 105 1766 1843 1842
3941 2 2 105 105 1767 1768 1843
3942 2 2 105 105 1768 1844 1843
3943 2 2 105 105 1768 1769 1845
3944 2 2 105 105 1768 1845 1844
3945 2 2 105 105 1769 1770 1845
3946 2 2 105 105 1770 1846 1845
3947 2 2 105 105 1770 1771 1847
3948 2 2 105 105 1770 1847 1846
3949 2 2 105 105 1771 1772 1847
3950 2 2 105 105 1772 1848 1847
3951 2 2 105 105 1772 1773 1849
3952 2 2 105 105 1772 1849 1848
3953 2 2 105 105 1773 1774 1849
3954 2 2 105 105 1774 1850 1849
3955 2 2 105 105 1774 1775 1851
3956 2 2 105 105 1774 1851 1850
3957 2 2 105 105 1775 1776 1851
3958 2 2 105 105 1776 1852 1851
3959 2 2 105 105 1776 1777 1853
3960 2 2 105 105 1776 1853 1852
3961 2 2 105 105 1777 1778 1853
3962 2 2 105 105 1778 1854 1853
3963 2 2 105 105 1778 1779 1855
3964 2 2 105 105 1778 1855 1854
3965 2 2 105 105 1779 1780 1855
3966 2 2 105 105 1780 1856 1855
3967 2 2 105 105 1780 1781 1857
3968 2 2 105 105 1780 1857 1856
3969 2 2 105 105 1781 1782 1857
3970 2 2 105 105 1782 1858 1857
3971 2 2 105 105 1782 1783 1859
3972 2 2 105 105 1782 1859 1858
3973 2 2 105 105 1783 1784 1859
3974 2 2 105 105 1784 1860 1859
3975 2 2 105 105 1784 1785 1861
3976 2 2 105 105 1784 1861 1860
3977 2 2 105 105 1785 1786 1861
3978 2 2 105 105 1786 1862 1861
3979 2 2 105 105 1786 1787 1863
3980 2 2 105 105 1786 1863 1862
3981 2 2 105 105 1787 1788 1863
3982 2 2 105 105 1788 1864 1863
3983 2 2 105 105 1788 1789 1865
3984 2 2 105 105 1788 1865 1864
3985 2 2 105 105 1789 1790 1865
3986 2 2 105 105 1790 1866 1865
3987 2 2 105 105 1790 1791 1867
3988 2 2 105 105 1790 1867 1866
3989 2 2 105 105 1791 1792 1867
3990 2 2 105 105 1792 1868 1867
3991 2 2 105 105 1792 1793 1869
3992 2 2 105 105 1792 1869 1868
3993 2 2 105 105 1793 1794 1869
3994 2 2 105 105 1794 1870 1869
3995 2 2 105 105 1794 1795 1871
3996 2 2 105 105 1794 1871 1870
3997 2 2 105 105 1795 1796 1871
3998 2 2 105 105 1796 1872 1871
3999 2 2 105 105 1796 1797 1873
4000 2 2 105 105 1796 1873 1872
4001 2 2 105 105 1797 1798 1873
4002 2 2 105 105 1798 1874 1873
4003 2 2 105 105 1798 1799 1875
4004 2 2 105 105 1798 1875 1874
4005 2 2 105 105 1799 1800 1875
4006 2 2 105 105 1800 1876 1875
4007 2 2 105 105 1800 1801 1877
4008 2 2 105 105 1800 1877 1876
4009 2 2 105 105 1801 1802 1877
4010 2 2 105 105 1802 1878 1877
4011 2 2 105 105 1802 1803 1879
4012 2 2 105 105 1802 1879 1878
4013 2 2 105 105 1803 1804 1879
4014 2 2 105 105 1804 1880 1879
4015 2 2 105 105 1804 1805 1881
4016 2 2 105 105 1804 1881 1880
4017 2 2 105 105 1805 1806 1881
4018 2 2 105 105 1806 1882 1881
4019 2 2 105 105 1806 1807 1883
4020 2 2 105 105 1806 1883 1882
4021 2 2 105 105 1807 1808 1883
4022 2 2 105 105 1808 1884 1883
4023 2 2 105 105 1808 1809 1885
4024 2 2 105 105 1808 1885 1884
4025 2 2 105 105 1809 1810 1885
4026 2 2 105 105 1810 1886 1885
4027 2 2 105 105 1810 1811 1887
4028 2 2 105 105 1810 1887 1886
4029 2 2 105 105 1811 1812 1887
4030 2 2 105 105 1812 1888 1887
4031 2 2 105 105 1812 1813 1889
4032 2 2 105 105 1812 1889 1888
4033 2 2 105 105 1813 1814 1889
4034 2 2 105 105 1814 1890 1889
4035 2 2 105 105 1814 1815 1891
4036 2 2 105 105 1814 1891 1890
4037 2 2 105 105 1815 1816 1891
4038 2 2 105 105 1816 1892 1891
4039 2 2 105 105 1816 1817 1893
4040 2 2 105 105 1816 1893 1892
4041 2 2 105 105 1817 1818 1893
4042 2 2 105 105 1818 1894 1893
4043 2 2 105 105 1818 1819 1895
4044 2 2 105 105 1818 1895 1894
4045 2 2 105 105 1819 1820 1895
4046 2 2 105 105 1820 1896 1895
4047 2 2 105 105 1820 1821 1897
4048 2 2 105 105 1820 1897 1896
4049 2 2 105 105 1821 1822 1897
4050 2 2 105 105 1822 1898 1897
4051 2 2 105 105 1822 1823 1899
4052 2 2 105 105 1822 1899 1898
4053 2 2 105 105 1823 1824 1899
4054 2 2 105 105 1824 1900 1899
4055 2 2 105 105 1825 1826 1902
4056 2 2 105 105 1825 1902 1901
4057 2 2 105 105 1826 1827 1902
4058 2 2 105 105 1827 1903 1902
4059 2 2 105 105 1827 1828 1904
4060 2 2 105 105 1827 1904 1903
4061 2 2 105 105 1828 1829 1904
4062 2 2 105 105 1829 1905 1904
4063 2 2 105 105 1829 1830 1906
4064 2 2 105 105 1829 1906 1905
4065 2 2 105 105 1830 1831 1906
4066 2 2 105 105 1831 1907 1906
4067 2 2 105 105 1831 1832 1908
4068 2 2 105 105 1831 1908 1907
4069 2 2 105 105 1832 1833 1908
4070 2 2 105 105 1833 1909 1908
4071 2 2 105 105 1833 1834 1910
4072 2 2 105 105 1833 1910 1909
4073 2 2 105 105 1834 1835 1910
4074 2 2 105 105 1835 1911 1910
4075 2 2 105 105 1835 1836 1912
4076 2 2 105 105 1835 1912 1911
4077 2 2 105 105 1836 1837 1912
4078 2 2 105 105 1837 1913 1912
4079 2 2 105 105 1837 1838 1914
4080 2 2 105 105 1837 1914 1913
4081 2 2 105 105 1838 1839 1914
4082 2 2 105 105 1839 1915 1914
4083 2 2 105 105 1839 1840 1916
4084 2 2 105 105 1839 1916 1915
4085 2 2 105 105 1840 1841 1916
4086 2 2 105 105 1841 1917 1916
4087 2 2 105 105 1841 1842 1918
4088 2 2 105 105 1841 1918 1917
4089 2 2 105 105 1842 1843 1918
4090 2 2 105 105 1843 1919 1918
4091 2 2 105 105 1843 1844 1920
4092 2 2 105 105 1843 1920 1919
4093 2 2 105 105 1844 1845 1920
4094 2 2 105 105 1845 1921 1920
4095 2 2 105 105 1845 1846 1922
4096 2 2 105 105 1845 1922 1921
4097 2 2 105 105 1846 1847 1922
4098 2 2 105 105 1847 1923 1922
4099 2 2 105 105 1847 1848 1924
4100 2 2 105 105 1847 1924 1923
4101 2 2 105 105 1848 1849 1924
4102 2 2 105 105 1849 1925 1924
4103 2 2 105 105 1849 1850 1926
4104 2 2 105 105 1849 1926 1925
4105 2 2 105 105 1850 1851 1926
4106 2 2 105 105 1851 1927 1926
4107 2 2 105 105 1851 1852 1928
4108 2 2 105 105 1851 1928 1927
4109 2 2 105 105 1852 1853 1928
4110 2 2 105 105 1853 1929 1928
4111 2 2 105 105 1853 1854 1930
4112 2 2 105 105 1853 1930 1929
4113 2 2 105 105 1854 1855 1930
4114 2 2 105 105 1855 1931 1930
4115 2 2 105 105 1855 1856 1932
4116 2 2 105 105 1855 1932 1931
4117 2 2 105 105 1856 1857 1932
4118 2 2 105 105 1857 1933 1932
4119 2 2 105 105 1857 1858 1934
4120 2 2 105 105 1857 1934 1933
4121 2 2 105 105 1858 1859 1934
4122 2 2 105 105 1859 1935 1934
4123 2 2 105 105 1859 1860 1936
4124 2 2 105 105 1859 1936 1935
4125 2 2 105 105 1860 1861 1936
4126 2 2 105 105 1861 1937 1936
4127 2 2 105 105 1861 1862 1938
4128 2 2 105 105 1861 1938 1937
4129 2 2 105 105 1862 1863 1938
4130 2 2 105 105 1863 1939 1938
4131 2 2 105 105 1863 1864 1940
4132 2 2 105 105 1863 1940 1939
4133 2 2 105 105 1864 1865 1940
4134 2 2 105 105 1865 1941 1940
4135 2 2 105 105 1865 1866 1942
4136 2 2 105 105 1865 1942 1941
4137 2 2 105 105 1866 1867 1942
4138 2 2 105 105 1867 1943 1942
4139 2 2 105 105 1867 1868 1944
4140 2 2 105 105 1867 1944 1943
4141 2 2 105 105 1868 1869 1944
4142 2 2 105 105 1869 1945 1944
4143 2 2 105 105 1869 1870 1946
4144 2 2 105 105 1869 1946 1945
4145 2 2 105 105 1870 1871 1946
4146 2 2 105 105 1871 1947 1946
4147 2 2 105 105 1871 1872 1948
4148 2 2 105 105 1871 1948 1947
4149 2 2 105 105 1872 1873 1948
4150 2 2 105 105 1873 1949 1948
4151 2 2 105 105 1873 1874 1950
4152 2 2 105 105 1873 1950 1949
4153 2 2 105 105 1874 1875 1950
4154 2 2 105 105 1875 1951 1950
4155 2 2 105 105 1875 1876 1952
4156 2 2 105 105 1875 1952 1951
4157 2 2 105 105 1876 1877 1952
4158 2 2 105 105 1877 1953 1952
4159 2 2 105 105 1877 1878 1954
4160 2 2 105 105 1877 1954 1953
4161 2 2 105 105 1878 1879 1954
4162 2 2 105 105 1879 1955 1954
4163 2 2 105 105 1879 1880 1956
4164 2 2 105 105 1879 1956 1955
4165 2 2 105 105 1880 1881 1956
4166 2 2 105 105 1881 1957 1956
4167 2 2 105 105 1881 1882 1958
4168 2 2 105 105 1881 1958 1957
4169 2 2 105 105 1882 1883 1958
4170 2 2 105 105 1883 1959 1958
4171 2 2 105 105 1883 1884 1960
4172 2 2 105 105 1883 1960 1959
4173 2 2 105 105 1884 1885 1960
4174 2 2 105 105 1885 1961 1960
4175 2 2 105 105 1885 1886 1962
4176 2 2 105 105 1885 1962 1961
4177 2 2 105 105 1886 1887 1962
4178 2 2 105 105 1887 1963 1962
4179 2 2 105 105 1887 1888 1964
4180 2 2 105 105 1887 1964 1963
4181 2 2 105 105 1888 1889 1964
4182 2 2 105 105 1889 1965 1964
4183 2 2 105 105 1889 1890 1966
4184 2 2 105 105 1889 1966 1965
4185 2 2 105 105 1890 1891 1966
4186 2 2 105 105 1891 1967 1966
4187 2 2 105 105 1891 1892 1968
4188 2 2 105 105 1891 1968 1967
4189 2 2 105 105 1892 1893 1968
4190 2 2 105 105 1893 1969 1968
4191 2 2 105 105 1893 1894 1970
4192 2 2 105 105 1893 1970 1969
4193 2 2 105 105 1894 1895 1970
4194 2 2 105 105 1895 1971 1970
4195 2 2 105 105 1895 1896 1972
4196 2 2 105 105 1895 1972 1971
4197 2 2 105 105 1896 1897 1972
4198 2 2 105 105 1897 1973 1972
4199 2 2 105 105 1897 1898 1974
4200 2 2 105 105 1897 1974 1973
4201 2 2 105 105 1898 1899 1974
4202 2 2 105 105 1899 1975 1974
4203 2 2 105 105 1899 1900 1976
4204 2 2 105 105 1899 1976 1975
4205 2 2 105 105 1901 1902 1977
4206 2 2 105 105 1902 1978 1977
4207 2 2 105 105 1902 1903 1979
4208 2 2 105 105 1902 1979 1978
4209 2 2 105 105 1903 1904 1979
4210 2 2 105 105 1904 1980 1979
4211 2 2 105 105 1904 1905 1981
4212 2 2 105 105 1904 1981 1980
4213 2 2 105 105 1905 1906 1981
4214 2 2 105 105 1906 1982 1981
4215 2 2 105 105 1906 1907 1983
4216 2 2 105 105 1906 1983 1982
4217 2 2 105 105 1907 1908 1983
4218 2 2 105 105 1908 1984 1983
4219 2 2 105 105 1908 1909 1985
4220 2 2 105 105 1908 1985 1984
4221 2 2 105 105 1909 1910 1985
4222 2 2 105 105 1910 1986 1985
4223 2 2 105 105 1910 1911 1987
4224 2 2 105 105 1910 1987 1986
4225 2 2 105 105 1911 1912 1987
4226 2 2 105 105 1912 1988 1987
4227 2 2 105 105 1912 1913 1989
4228 2 2 105 105 1912 1989 1988
4229 2 2 105 105 1913 1914 1989
4230 2 2 105 105 1914 1990 1989
4231 2 2 105 105 1914 1915 1991
4232 2 2 105 105 1914 1991 1990
4233 2 2 105 105 1915 1916 1991
4234 2 2 105 105 1916 1992 1991
4235 2 2 105 105 1916 1917 1993
4236 2 2 105 105 1916 1993 1992
4237 2 2 105 105 1917 1918 1993
4238 2 2 105 105 1918 1994 1993
4239 2 2 105 105 1918 1919 1995
4240 2 2 105 105 1918 1995 1994
4241 2 2 105 105 1919 1920 1995
4242 2 2 105 105 1920 1996 1995
4243 2 2 105 105 1920 1921 1997
4244 2 2 105 105 1920 1997 1996
4245 2 2 105 105 1921 1922 1997
4246 2 2 105 105 1922 1998 1997
4247 2 2 105 105 1922 1923 1999
4248 2 2 105 105 1922 1999 1998
4249 2 2 105 105 1923 1924 1999
4250 2 2 105 105 1924 2000 1999
4251 2 2 105 105 1924 1925 2001
4252 2 2 105 105 1924 2001 2000
4253 2 2 105 105 1925 1926 2001
4254 2 2 105 105 1926 2002 2001
4255 2 2 105 105 1926 1927 2003
4256 2 2 105 105 1926 2003 2002
4257 2 2 105 105 1927 1928 2003
4258 2 2 105 105 1928 2004 2003
4259 2 2 105 105 1928 1929 2005
4260 2 2 105 105 1928 2005 2004
4261 2 2 105 105 1929 1930 2005
4262 2 2 105 105 1930 2006 2005
4263 2 2 105 105 1930 1931 2007
4264 2 2 105 105 1930 2007 2006
4265 2 2 105 105 1931 1932 2007
4266 2 2 105 105 1932 2008 2007
4267 2 2 105 105 1932 1933 2009
4268 2 2 105 105 1932 2009 2008
4269 2 2 105 105 1933 1934 2009
4270 2 2 105 105 1934 2010 2009
4271 2 2 105 105 1934 1935 2011
4272 2 2 105 105 1934 2011 2010
4273 2 2 105 105 1935 1936 2011
4274 2 2 105 105 1936 2012 2011
4275 2 2 105 105 1936 1937 2013
4276 2 2 105 105 1936 2013 2012
4277 2 2 105 105 1937 1938 2013
4278 2 2 105 105 1938 2014 2013
4279 2 2 105 105 1938 1939 2015
4280 2 2 105 105 1938 2015 2014
4281 2 2 105 105 1939 1940 2015
4282 2 2 105 105 1940 2016 2015
4283 2 2 105 105 1940 1941 2017
4284 2 2 105 105 1940 2017 2016
4285 2 2 105 105 1941 1942 2017
4286 2 2 105 105 1942 2018 2017
4287 2 2 105 105 1942 1943 2019
4288 2 2 105 105 1942 2019 2018
4289 2 2 105 105 1943 1944 2019
4290 2 2 105 105 1944 2020 2019
4291 2 2 105 105 1944 1945 2021
4292 2 2 105 105 1944 2021 2020
4293 2 2 105 105 1945 1946 2021
4294 2 2 105 105 1946 2022 2021
4295 2 2 105 105 1946 1947 2023
4296 2 2 105 105 1946 2023 2022
4297 2 2 105 105 1947 1948 2023
4298 2 2 105 105 1948 2024 2023
4299 2 2 105 105 1948 1949 2025
4300 2 2 105 105 1948 2025 2024
4301 2 2 105 105 1949 1950 2025
4302 2 2 105 105 1950 2026 2025
4303 2 2 105 105 1950 1951 2027
4304 2 2 105 105 1950 2027 2026
4305 2 2 105 105 1951 1952 2027
4306 2 2 105 105 1952 2028 2027
4307 2 2 105 105 1952 1953 2029
4308 2 2 105 105 1952 2029 2028
4309 2 2 105 105 1953 1954 2029
4310 2 2 105 105 1954 2030 2029
4311 2 2 105 105 1954 1955 2031
4312 2 2 105 105 1954 2031 2030
4313 2 2 105 105 1955 1956 2031
4314 2 2 105 105 1956 2032 2031
4315 2 2 105 105 1956 1957 2033
4316 2 2 105 105 1956 2033 2032
4317 2 2 105 105 1957 1958 2033
4318 2 2 105 105 1958 2034 2033
4319 2 2 105 105 1958 1959 2035
4320 2 2 105 105 1958 2035 2034
4321 2 2 105 105 1959 1960 2035
4322 2 2 105 105 1960 2036 2035
4323 2 2 105 105 1960 1961 2037
4324 2 2 105 105 1960 2037 2036
4325 2 2 105 105 1961 1962 2037
4326 2 2 105 105 1962 2038 2037
4327 2 2 105 105 1962 1963 2039
4328 2 2 105 105 1962 2039 2038
4329 2 2 105 105 1963 1964 2039
4330 2 2 105 105 1964 2040 2039
4331 2 2 105 105 1964 1965 2041
4332 2 2 105 105 1964 2041 2040
4333 2 2 105 105 1965 1966 2041
4334 2 2 105 105 1966 2042 2041
4335 2 2 105 105 1966 1967 2043
4336 2 2 105 105 1966 2043 2042
4337 2 2 105 105 1967 1968 2043
4338 2 2 105 105 1968 2044 2043
4339 2 2 105 105 1968 1969 2045
4340 2 2 105 105 1968 2045 2044
4341 2 2 105 105 1969 1970 2045
4342 2 2 105 105 1970 2046 2045
4343 2 2 105 105 1970 1971 2047
4344 2 2 105 105 1970 2047 2046
4345 2 2 105 105 1971 1972 2047
4346 2 2 105 105 1972 2048 2047
4347 2 2 105 105 1972 1973 2049
4348 2 2 105 105 1972 2049 2048
4349 2 2 105 105 1973 1974 2049
4350 2 2 105 105 1974 2050 2049
4351 2 2 105 105 1974 1975 2051
4352 2 2 105 105 1974 2051 2050
4353 2 2 105 105 1975 1976 2051
4354 2 2 105 105 1976 2052 2051
4355 2 2 105 105 1977 1978 2054
4356 2 2 105 105 1977 2054 2053
4357 2 2 105 105 1978 1979 2054
4358 2 2 105 105 1979 2055 2054
4359 2 2 105 105 1979 1980 2056
4360 2 2 105 105 1979 2056 2055
4361 2 2 105 105 1980 1981 2056
4362 2 2 105 105 1981 2057 2056
4363 2 2 105 105 1981 1982 2058
4364 2 2 105 105 1981 2058 2057
4365 2 2 105 105 1982 1983 2058
4366 2 2 105 105 1983 2059 2058
4367 2 2 105 105 1983 1984 2060
4368 2 2 105 105 1983 2060 2059
4369 2 2 105 105 1984 1985 2060
4370 2 2 105 105 1985 2061 2060
4371 2 2 105 105 1985 1986 2062
4372 2 2 105 105 1985 2062 2061
4373 2 2 105 105 1986 1987 2062
4374 2 2 105 105 1987 2063 2062
4375 2 2 105 105 1987 1988 2064
4376 2 2 105 105 1987 2064 2063
4377 2 2 105 105 1988 1989 2064
4378 2 2 105 105 1989 2065 2064
4379 2 2 105 105 1989 1990 2066
4380 2 2 105 105 1989 2066 2065
4381 2 2 105 105 1990 1991 2066
4382 2 2 105 105 1991 2067 2066
4383 2 2 105 105 1991 1992 2068
4384 2 2 105 105 1991 2068 2067
4385 2 2 105 105 1992 1993 2068
4386 2 2 105 105 1993 2069 2068
4387 2 2 105 105 1993 1994 2070
4388 2 2 105 105 1993 2070 2069
4389 2 2 105 105 1994 1995 2070
4390 2 2 105 105 1995 2071 2070
4391 2 2 105 105 1995 1996 2072
4392 2 2 105 105 1995 2072 2071
4393 2 2 105 105 1996 1997 2072
4394 2 2 105 105 1997 2073 2072
4395 2 2 105 105 1997 1998 2074
4396 2 2 105 105 1997 2074 2073
4397 2 2 105 105 1998 1999 2074
4398 2 2 105 105 1999 2075 2074
4399 2 2 105 105 1999 2000 2076
4400 2 2 105 105 1999 2076 2075
4401 2 2 105 105 2000 2001 2076
4402 2 2 105 105 2001 2077 2076
4403 2 2 105 105 2001 2002 2078
4404 2 2 105 105 2001 2078 2077
4405 2 2 105 105 2002 2003 2078
4406 2 2 105 105 2003 2079 2078
4407 2 2 105 105 2003 2004 2080
4408 2 2 105 105 2003 2080 2079
4409 2 2 105 105 2004 2005 2080
4410 2 2 105 105 2005 2081 2080
4411 2 2 105 105 2005 2006 2082
4412 2 2 105 105 2005 2082 2081
4413 2 2 105 105 2006 2007 2082
4414 2 2 105 105 2007 2083 2082
4415 2 2 105 105 2007 2008 2084
4416 2 2 105 105 2007 2084 2083
4417 2 2 105 105 2008 2009 2084
4418 2 2 105 105 2009 2085 2084
4419 2 2 105 105 2009 2010 2086
4420 2 2 105 105 2009 2086 2085
4421 2 2 105 105 2010 2011 2086
4422 2 2 105 105 2011 2087 2086
4423 2 2 105 105 2011 2012 2088
4424 2 2 105 105 2011 2088 2087
4425 2 2 105 105 2012 2013 2088
4426 2 2 105 105 2013 2089 2088
4427 2 2 105 105 2013 2014 2090
4428 2 2 105 105 2013 2090 2089
4429 2 2 105 105 2014 2015 2090
4430 2 2 105 105 2015 2091 2090
4431 2 2 105 105 2015 2016 2092
4432 2 2 105 105 2015 2092 2091
4433 2 2 105 105 2016 2017 2092
4434 2 2 105 105 2017 2093 2092
4435 2 2 105 105 2017 2018 2094
4436 2 2 105 105 2017 2094 2093
4437 2 2 105 105 2018 2019 2094
4438 2 2 105 105 2019 2095 2094
4439 2 2 105 105 2019 2020 2096
4440 2 2 105 105 2019 2096 2095
4441 2 2 105 105 2020 2021 2096
4442 2 2 105 105 2021 2097 2096
4443 2 2 105 105 2021 2022 2098
4444 2 2 105 105 2021 2098 2097
4445 2 2 105 105 2022 2023 2098
4446 2 2 105 105 2023 2099 2098
4447 2 2 105 105 2023 2024 2100
4448 2 2 105 105 2023 2100 2099
4449 2 2 105 105 2024 2025 2100
4450 2 2 105 105 2025 2101 2100
4451 2 2 105 105 2025 2026 2102
4452 2 2 105 105 2025 2102 2101
4453 2 2 105 105 2026 2027 2102
4454 2 2 105 105 2027 2103 2102
4455 2 2 105 105 2027 2028 2104
4456 2 2 105 105 2027 2104 2103
4457 2 2 105 105 2028 2029 2104
4458 2 2 105 105 2029 2105 2104
4459 2 2 105 105 2029 2030 2106
4460 2 2 105 105 2029 2106 2105
4461 2 2 105 105 2030 2031 2106
4462 2 2 105 105 2031 2107 2106
4463 2 2 105 105 2031 2032 2108
4464 2 2 105 105 2031 2108 2107
4465 2 2 105 105 2032 2033 2108
4466 2 2 105 105 2033 2109 2108
4467 2 2 105 105 2033 2034 2110
4468 2 2 105 105 2033 2110 2109
4469 2 2 105 105 2034 2035 2110
4470 2 2 105 105 2035 2111 2110
4471 2 2 105 105 2035 2036 2112
4472 2 2 105 105 2035 2112 2111
4473 2 2 105 105 2036 2037 2112
4474 2 2 105 105 2037 2113 2112
4475 2 2 105 105 2037 2038 2114
4476 2 2 105 105 2037 2114 2113
4477 2 2 105 105 2038 2039 2114
4478 2 2 105 105 2039 2115 2114
4479 2 2 105 105 2039 2040 2116
4480 2 2 105 105 2039 2116 2115
4481 2 2 105 105 2040 2041 2116
4482 2 2 105 105 2041 2117 2116
4483 2 2 105 105 2041 2042 2118
4484 2 2 105 105 2041 2118 2117
4485 2 2 105 105 2042 2043 2118
4486 2 2 105 105 2043 2119 2118
4487 2 2 105 105 2043 2044 2120
4488 2 2 105 105 2043 2120 2119
4489 2 2 105 105 2044 2045 2120
4490 2 2 105 105 2045 2121 2120
4491 2 2 105 105 2045 2046 2122
4492 2 2 105 105 2045 2122 2121
4493 2 2 105 105 2046 2047 2122
4494 2 2 105 105 2047 2123 2122
4495 2 2 105 105 2047 2048 2124
4496 2 2 105 105 2047 2124 2123
4497 2 2 105 105 2048 2049 2124
4498 2 2 105 105 2049 2125 2124
4499 2 2 105 105 2049 2050 2126
4500 2 2 105 105 2049 2126 2125
4501 2 2 105 105 2050 2051 2126
4502 2 2 105 105 2051 2127 2126
4503 2 2 105 105 2051 2052 2128
4504 2 2 105 105 2051 2128 2127
4505 2 2 105 105 2053 2054 2129
4506 2 2 105 105 2054 2130 2129
4507 2 2 105 105 2054 2055 2131
4508 2 2 105 105 2054 2131 2130
4509 2 2 105 105 2055 2056 2131
4510 2 2 105 105 2056 2132 2131
4511 2 2 105 105 2056 2057 2133
4512 2 2 105 105 2056 2133 2132
4513 2 2 105 105 2057 2058 2133
4514 2 2 105 105 2058 2134 2133
4515 2 2 105 105 2058 2059 2135
4516 2 2 105 105 2058 2135 2134
4517 2 2 105 105 2059 2060 2135
4518 2 2 105 105 2060 2136 2135
4519 2 2 105 105 2060 2061 2137
4520 2 2 105 105 2060 2137 2136
4521 2 2 105 105 2061 2062 2137
4522 2 2 105 105 2062 2138 2137
4523 2 2 105 105 2062 2063 2139
4524 2 2 105 105 2062 2139 2138
4525 2 2 105 105 2063 2064 2139
4526 2 2 105 105 2064 2140 2139
4527 2 2 105 105 2064 2065 2141
4528 2 2 105 105 2064 2141 2140
4529 2 2 105 105 2065 2066 2141
4530 2 2 105 105 2066 2142 2141
4531 2 2 105 105 2066 2067 2143
4532 2 2 105 105 2066 2143 2142
4533 2 2 105 105 2067 2068 2143
4534 2 2 105 105 2068 2144 2143
4535 2 2 105 105 2068 2069 2145
4536 2 2 105 105 2068 2145 2144
4537 2 2 105 105 2069 2070 2145
4538 2 2 105 105 2070 2146 2145
4539 2 2 105 105 2070 2071 2147
4540 2 2 105 105 2070 2147 2146
4541 2 2 105 105 2071 2072 2147
4542 2 2 105 105 2072 2148 2147
4543 2 2 105 105 2072 2073 2149
4544 2 2 105 105 2072 2149 2148
4545 2 2 105 105 2073 2074 2149
4546 2 2 105 105 2074 2150 2149
4547 2 2 105 105 2074 2075 2151
4548 2 2 105 105 2074 2151 2150
4549 2 2 105 105 2075 2076 2151
4550 2 2 105 105 2076 2152 2151
4551 2 2 105 105 2076 2077 2153
4552 2 2 105 105 2076 2153 2152
4553 2 2 105 105 2077 2078 2153
4554 2 2 105 105 2078 2154 2153
4555 2 2 105 105 2078 2079 2155
4556 2 2 105 105 2078 2155 2154
4557 2 2 105 105 2079 2080 2155
4558 2 2 105 105 2080 2156 2155
4559 2 2 105 105 2080 2081 2157
4560 2 2 105 105 2080 2157 2156
4561 2 2 105 105 2081 2082 2157
4562 2 2 105 105 2082 2158 2157
4563 2 2 105 105 2082 2083 2159
4564 2 2 105 105 2082 2159 2158
4565 2 2 105 105 2083 2084 2159
4566 2 2 105 105 2084 2160 2159
4567 2 2 105 105 2084 2085 2161
4568 2 2 105 105 2084 2161 2160
4569 2 2 105 105 2085 2086 2161
4570 2 2 105 105 2086 2162 2161
4571 2 2 105 105 2086 2087 2163
4572 2 2 105 105 2086 2163 2162
4573 2 2 105 105 2087 2088 2163
4574 2 2 105 105 2088 2164 2163
4575 2 2 105 105 2088 2089 2165
4576 2 2 105 105 2088 2165 2164
4577 2 2 105 105 2089 2090 2165
4578 2 2 105 105 2090 2166 2165
4579 2 2 105 105 2090 2091 2167
4580 2 2 105 105 2090 2167 2166
4581 2 2 105 105 2091 2092 2167
4582 2 2 105 105 2092 2168 2167
4583 2 2 105 105 2092 2093 2169
4584 2 2 105 105 2092 2169 2168
4585 2 2 105 105 2093 2094 2169
4586 2 2 105 105 2094 2170 2169
4587 2 2 105 105 2094 2095 2171
4588 2 2 105 105 2094 2171 2170
4589 2 2 105 105 2095 2096 2171
4590 2 2 105 105 2096 2172 2171
4591 2 2 105 105 2096 2097 2173
4592 2 2 105 105 2096 2173 2172
4593 2 2 105 105 2097 2098 2173
4594 2 2 105 105 2098 2174 2173
4595 2 2 105 105 2098 2099 2175
4596 2 2 105 105 2098 2175 2174
4597 2 2 105 105 2099 2100 2175
4598 2 2 105 105 2100 2176 2175
4599 2 2 105 105 2100 2101 2177
4600 2 2 105 105 2100 2177 2176
4601 2 2 105 105 2101 2102 2177
4602 2 2 105 105 2102 2178 2177
4603 2 2 105 105 2102 2103 2179
4604 2 2 105 105 2102 2179 2178
4605 2 2 105 105 2103 2104 2179
4606 2 2 105 105 2104 2180 2179
4607 2 2 105 105 2104 2105 2181
4608 2 2 105 105 2104 2181 2180
4609 2 2 105 105 2105 2106 2181
4610 2 2 105 105 2106 2182 2181
4611 2 2 105 105 2106 2107 2183
4612 2 2 105 105 2106 2183 2182
4613 2 2 105 105 2107 2108 2183
4614 2 2 105 105 2108 2184 2183
4615 2 2 105 105 2108 2109 2185
4616 2 2 105 105 2108 2185 2184
4617 2 2 105 105 2109 2110 2185
4618 2 2 105 105 2110 2186 2185
4619 2 2 105 105 2110 2111 2187
4620 2 2 105 105 2110 2187 2186
4621 2 2 105 105 2111 2112 2187
4622 2 2 105 105 2112 2188 2187
4623 2 2 105 105 2112 2113 2189
4624 2 2 105 105 2112 2189 2188
4625 2 2 105 105 2113 2114 2189
4626 2 2 105 105 2114 2190 2189
4627 2 2 105 105 2114 2115 2191
4628 2 2 105 105 2114 2191 2190
4629 2 2 105 105 2115 2116 2191
4630 2 2 105 105 2116 2192 2191
4631 2 2 105 105 2116 2117 2193
4632 2 2 105 105 2116 2193 2192
4633 2 2 105 105 2117 2118 2193
4634 2 2 105 105 2118 2194 2193
4635 2 2 105 105 2118 2119 2195
4636 2 2 105 105 2118 2195 2194
4637 2 2 105 105 2119 2120 2195
4638 2 2 105 105 2120 2196 2195
4639 2 2 105 105 2120 2121 2197
4640 2 2 105 105 2120 2197 2196
4641 2 2 105 105 2121 2122 2197
4642 2 2 105 105 2122 2198 2197
4643 2 2 105 105 2122 2123 2199
4644 2 2 105 105 2122 2199 2198
4645 2 2 105 105 2123 2124 2199
4646 2 2 105 105 2124 2200 2199
4647 2 2 105 105 2124 2125 2201
4648 2 2 105 105 2124 2201 2200
4649 2 2 105 105 2125 2126 2201
4650 2 2 105 105 2126 2202 2201
4651 2 2 105 105 2126 2127 2203
4652 2 2 105 105 2126 2203 2202
4653 2 2 105 105 2127 2128 2203
4654 2 2 105 105 2128 2204 2203
4655 2 2 105 105 2129 2130 2206
4656 2 2 105 105 2129 2206 2205
4657 2 2 105 105 2130 2131 2206
4658 2 2 105 105 2131 2207 2206
4659 2 2 105 105 2131 2132 2208
4660 2 2 105 105 2131 2208 2207
4661 2 2 105 105 2132 2133 2208
4662 2 2 105 105 2133 2209 2208
4663 2 2 105 105 2133 2134 2210
4664 2 2 105 105 2133 2210 2209
4665 2 2 105 105 2134 2135 2210
4666 2 2 105 105 2135 2211 2210
4667 2 2 105 105 2135 2136 2212
4668 2 2 105 105 2135 2212 2211
4669 2 2 105 105 2136 2137 2212
4670 2 2 105 105 2137 2213 2212
4671 2 2 105 105 2137 2138 2214
4672 2 2 105 105 2137 2214 2213
4673 2 2 105 105 2138 2139 2214
4674 2 2 105 105 2139 2215 2214
4675 2 2 105 105 2139 2140 2216
4676 2 2 105 105 2139 2216 2215
4677 2 2 105 105 2140 2141 2216
4678 2 2 105 105 2141 2217 2216
4679 2 2 105 105 2141 2142 2218
4680 2 2 105 105 2141 2218 2217
4681 2 2 105 105 2142 2143 2218
4682 2 2 105 105 2143 2219 2218
4683 2 2 105 105 2143 2144 2220
4684 2 2 105 105 2143 2220 2219
4685 2 2 105 105 2144 2145 2220
4686 2 2 105 105 2145 2221 2220
4687 2 2 105 105 2145 2146 2222
4688 2 2 105 105 2145 2222 2221
4689 2 2 105 105 2146 2147 2222
4690 2 2 105 105 2147 2223 2222
4691 2 2 105 105 2147 2148 2224
4692 2 2 105 105 2147 2224 2223
4693 2 2 105 105 2148 2149 2224
4694 2 2 105 105 2149 2225 2224
4695 2 2 105 105 2149 2150 2226
4696 2 2 105 105 2149 2226 2225
4697 2 2 105 105 2150 2151 2226
4698 2 2 105 105 2151 2227 2226
4699 2 2 105 105 2151 2152 2228
4700 2 2 105 105 2151 2228 2227
4701 2 2 105 105 2152 2153 2228
4702 2 2 105 105 2153 2229 2228
4703 2 2 105 105 2153 2154 2230
4704 2 2 105 105 2153 2230 2229
4705 2 2 105 105 2154 2155 2230
4706 2 2 105 105 2155 2231 2230
4707 2 2 105 105 2155 2156 2232
4708 2 2 105 105 2155 2232 2231
4709 2 2 105 105 2156 2157 2232
4710 2 2 105 105 2157 2233 2232
4711 2 2 105 105 2157 2158 2234
4712 2 2 105 105 2157 2234 2233
4713 2 2 105 105 2158 2159 2234
4714 2 2 105 105 2159 2235 2234
4715 2 2 105 105 2159 2160 2236
4716 2 2 105 105 2159 2236 2235
4717 2 2 105 105 2160 2161 2236
4718 2 2 105 105 2161 2237 2236
4719 2 2 105 105 2161 2162 2238
4720 2 2 105 105 2161 2238 2237
4721 2 2 105 105 2162 2163 2238
4722 2 2 105 105 2163 2239 2238
4723 2 2 105 105 2163 2164 2240
4724 2 2 105 105 2163 2240 2239
4725 2 2 105 105 2164 2165 2240
4726 2 2 105 105 2165 2241 2240
4727 2 2 105 105 2165 2166 2242
4728 2 2 105 105 2165 2242 2241
4729 2 2 105 105 2166 2167 2242
4730 2 2 105 105 2167 2243 2242
4731 2 2 105 105 2167 2168 2244
4732 2 2 105 105 2167 2244 2243
4733 2 2 105 105 2168 2169 2244
4734 2 2 105 105 2169 2245 2244
4735 2 2 105 105 2169 2170 2246
4736 2 2 105 105 2169 2246 2245
4737 2 2 105 105 2170 2171 2246
4738 2 2 105 105 2171 2247 2246
4739 2 2 105 105 2171 2172 2248
4740 2 2 105 105 2171 2248 2247
4741 2 2 105 105 2172 2173 2248
4742 2 2 105 105 2173 2249 2248
4743 2 2 105 105 2173 2174 2250
4744 2 2 105 105 2173 2250 2249
4745 2 2 105 105 2174 2175 2250
4746 2 2 105 105 2175 2251 2250
4747 2 2 105 105 2175 2176 2252
4748 2 2 105 105 2175 2252 2251
4749 2 2 105 105 2176 2177 2252
4750 2 2 105 105 2177 2253 2252
4751 2 2 105 105 2177 2178 2254
4752 2 2 105 105 2177 2254 2253
4753 2 2 105 105 2178 2179 2254
4754 2 2 105 105 2179 2255 2254
4755 2 2 105 105 2179 2180 2256
4756 2 2 105 105 2179 2256 2255
4757 2 2 105 105 2180 2181 2256
4758 2 2 105 105 2181 2257 2256
4759 2 2 105 105 2181 2182 2258
4760 2 2 105 105 2181 2258 2257
4761 2 2 105 105 2182 2183 2258
4762 2 2 105 105 2183 2259 2258
4763 2 2 105 105 2183 2184 2260
4764 2 2 105 105 2183 2260 2259
4765 2 2 105 105 2184 2185 2260
4766 2 2 105 105 2185 2261 2260
4767 2 2 105 105 2185 2186 2262
4768 2 2 105 105 2185 2262 2261
4769 2 2 105 105 2186 2187 2262
4770 2 2 105 105 2187 2263 2262
4771 2 2 105 105 2187 2188 2264
4772 2 2 105 105 2187 2264 2263
4773 2 2 105 105 2188 2189 2264
4774 2 2 105 105 2189 2265 2264
4775 2 2 105 105 2189 2190 2266
4776 2 2 105 105 2189 2266 2265
4777 2 2 105 105 2190 2191 2266
4778 2 2 105 105 2191 2267 2266
4779 2 2 105 105 2191 2192 2268
4780 2 2 105 105 2191 2268 2267
4781 2 2 105 105 2192 2193 2268
4782 2 2 105 105 2193 2269 2268
4783 2 2 105 105 2193 2194 2270
4784 2 2 105 105 2193 2270 2269
4785 2 2 105 105 2194 2195 2270
4786 2 2 105 105 2195 2271 2270
4787 2 2 105 105 2195 2196 2272
4788 2 2 105 105 2195 2272 2271
4789 2 2 105 105 2196 2197 2272
4790 2 2 105 105 2197 2273 2272
4791 2 2 105 105 2197 2198 2274
4792 2 2 105 105 2197 2274 2273
4793 2 2 105 105 2198 2199 2274
4794 2 2 105 105 2199 2275 2274
4795 2 2 105 105 2199 2200 2276
4796 2 2 105 105 2199 2276 2275
4797 2 2 105 105 2200 2201 2276
4798 2 2 105 105 2201 2277 2276
4799 2 2 105 105 2201 2202 2278
4800 2 2 105 105 2201 2278 2277
4801 2 2 105 105 2202 2203 2278
4802 2 2 105 105 2203 2279 2278
4803 2 2 105 105 2203 2204 2280
4804 2 2 105 105 2203 2280 2279
4805 2 2 105 105 2205 2206 2281
4806 2 2 105 105 2206 2282 2281
4807 2 2 105 105 2206 2207 2283
4808 2 2 105 105 2206 2283 2282
4809 2 2 105 105 2207 2208 2283
4810 2 2 105 105 2208 2284 2283
4811 2 2 105 105 2208 2209 2285
4812 2 2 105 105 2208 2285 2284
4813 2 2 105 105 2209 2210 2285
4814 2 2 105 105 2210 2286 2285
4815 2 2 105 105 2210 2211 2287
4816 2 2 105 105 2210 2287 2286
4817 2 2 105 105 2211 2212 2287
4818 2 2 105 105 2212 2288 2287
4819 2 2 105 105 2212 2213 2289
4820 2 2 105 105 2212 2289 2288
4821 2 2 105 105 2213 2214 2289
4822 2 2 105 105 2214 2290 2289
4823 2 2 105 105 2214 2215 2291
4824 2 2 105 105 2214 2291 2290
4825 2 2 105 105 2215 2216 2291
4826 2 2 105 105 2216 2292 2291
4827 2 2 105 105 2216 2217 2293
4828 2 2 105 105 2216 2293 2292
4829 2 2 105 105 2217 2218 2293
4830 2 2 105 105 2218 2294 2293
4831 2 2 105 105 2218 2219 2295
4832 2 2 105 105 2218 2295 2294
4833 2 2 105 105 2219 2220 2295
4834 2 2 105 105 2220 2296 2295
4835 2 2 105 105 2220 2221 2297
4836 2 2 105 105 2220 2297 2296
4837 2 2 105 105 2221 2222 2297
4838 2 2 105 105 2222 2298 2297
4839 2 2 105 105 2222 2223 2299
4840 2 2 105 105 2222 2299 2298
4841 2 2 105 105 2223 2224 2299
4842 2 2 105 105 2224 2300 2299
4843 2 2 105 105 2224 2225 2301
4844 2 2 105 105 2224 2301 2300
4845 2 2 105 105 2225 2226 2301
4846 2 2 105 105 2226 2302 2301
4847 2 2 105 105 2226 2227 2303
4848 2 2 105 105 2226 2303 2302
4849 2 2 105 105 2227 2228 2303
4850 2 2 105 105 2228 2304 2303
4851 2 2 105 105 2228 2229 2305
4852 2 2 105 105 2228 2305 2304
4853 2 2 105 105 2229 2230 2305
4854 2 2 105 105 2230 2306 2305
4855 2 2 105 105 2230 2231 2307
4856 2 2 105 105 2230 2307 2306
4857 2 2 105 105 2231 2232 2307
4858 2 2 105 105 2232 2308 2307
4859 2 2 105 105 2232 2233 2309
4860 2 2 105 105 2232 2309 2308
4861 2 2 105 105 2233 2234 2309
4862 2 2 105 105 2234 2310 2309
4863 2 2 105 105 2234 2235 2311
4864 2 2 105 105 2234 2311 2310
4865 2 2 105 105 2235 2236 2311
4866 2 2 105 105 2236 2312 2311
4867 2 2 105 105 2236 2237 2313
4868 2 2 105 105 2236 2313 2312
4869 2 2 105 105 2237 2238 2313
4870 2 2 105 105 2238 2314 2313
4871 2 2 105 105 2238 2239 2315
4872 2 2 105 105 2238 2315 2314
4873 2 2 105 105 2239 2240 2315
4874 2 2 105 105 2240 2316 2315
4875 2 2 105 105 2240 2241 2317
4876 2 2 105 105 2240 2317 2316
4877 2 2 105 105 2241 2242 2317
4878 2 2 105 105 2242 2318 2317
4879 2 2 105 105 2242 2243 2319
4880 2 2 105 105 2242 2319 2318
4881 2 2 105 105 2243 2244 2319
4882 2 2 105 105 2244 2320 2319
4883 2 2 105 105 2244 2245 2321
4884 2 2 105 105 2244 2321 2320
4885 2 2 105 105 2245 2246 2321
4886 2 2 105 105 2246 2322 2321
4887 2 2 105 105 2246 2247 2323
4888 2 2 105 105 2246 2323 2322
4889 2 2 105 105 2247 2248 2323
4890 2 2 105 105 2248 2324 2323
4891 2 2 105 105 2248 2249 2325
4892 2 2 105 105 2248 2325 2324
4893 2 2 105 105 2249 2250 2325
4894 2 2 105 105 2250 2326 2325
4895 2 2 105 105 2250 2251 2327
4896 2 2 105 105 2250 2327 2326
4897 2 2 105 105 2251 2252 2327
4898 2 2 105 105 2252 2328 2327
4899 2 2 105 105 2252 2253 2329
4900 2 2 105 105 2252 2329 2328
4901 2 2 105 105 2253 2254 2329
4902 2 2 105 105 2254 2330 2329
4903 2 2 105 105 2254 2255 2331
4904 2 2 105 105 2254 2331 2330
4905 2 2 105 105 2255 2256 2331
4906 2 2 105 105 2256 2332 2331
4907 2 2 105 105 2256 2257 2333
4908 2 2 105 105 2256 2333 2332
4909 2 2 105 105 2257 2258 2333
4910 2 2 105 105 2258 2334 2333
4911 2 2 105 105 2258 2259 2335
4912 2 2 105 105 2258 2335 2334
4913 2 2 105 105 2259 2260 2335
4914 2 2 105 105 2260 2336 2335
4915 2 2 105 105 2260 2261 2337
4916 2 2 105 105 2260 2337 2336
4917 2 2 105 105 2261 2262 2337
4918 2 2 105 105 2262 2338 2337
4919 2 2 105 105 2262 2263 2339
4920 2 2 105 105 2262 2339 2338
4921 2 2 105 105 2263 2264 2339
4922 2 2 105 105 2264 2340 2339
4923 2 2 105 105 2264 2265 2341
4924 2 2 105 105 2264 2341 2340
4925 2 2 105 105 2265 2266 2341
4926 2 2 105 105 2266 2342 2341
4927 2 2 105 105 2266 2267 2343
4928 2 2 105 105 2266 2343 2342
4929 2 2 105 105 2267 2268 2343
4930 2 2 105 105 2268 2344 2343
4931 2 2 105 105 2268 2269 2345
4932 2 2 105 105 2268 2345 2344
4933 2 2 105 105 2269 2270 2345
4934 2 2 105 105 2270 2346 2345
4935 2 2 105 105 2270 2271 2347
4936 2 2 105 105 2270 2347 2346
4937 2 2 105 105 2271 2272 2347
4938 2 2 105 105 2272 2348 2347
4939 2 2 105 105 2272 2273 2349
4940 2 2 105 105 2272 2349 2348
4941 2 2 105 105 2273 2274 2349
4942 2 2 105 105 2274 2350 2349
4943 2 2 105 105 2274 2275 2351
4944 2 2 105 105 2274 2351 2350
4945 2 2 105 105 2275 2276 2351
4946 2 2 105 105 2276 2352 2351
4947 2 2 105 105 2276 2277 2353
4948 2 2 105 105 2276 2353 2352
4949 2 2 105 105 2277 2278 2353
4950 2 2 105 105 2278 2354 2353
4951 2 2 105 105 2278 2279 2355
4952 2 2 105 105 2278 2355 2354
4953 2 2 105 105 2279 2280 2355
4954 2 2 105 105 2280 2356 2355
4955 2 2 105 105 2281 2282 2358
4956 2 2 105 105 2281 2358 2357
4957 2 2 105 105 2282 2283 2358
4958 2 2 105 105 2283 2359 2358
4959 2 2 105 105 2283 2284 2360
4960 2 2 105 105 2283 2360 2359
4961 2 2 105 105 2284 2285 2360
4962 2 2 105 105 2285 2361 2360
4963 2 2 105 105 2285 2286 2362
4964 2 2 105 105 2285 2362 2361
4965 2 2 105 105 2286 2287 2362
4966 2 2 105 105 2287 2363 2362
4967 2 2 105 105 2287 2288 2364
4968 2 2 105 105 2287 2364 2363
4969 2 2 105 105 2288 2289 2364
4970 2 2 105 105 2289 2365 2364
4971 2 2 105 105 2289 2290 2366
4972 2 2 105 105 2289 2366 2365
4973 2 2 105 105 2290 2291 2366
4974 2 2 105 105 2291 2367 2366
4975 2 2 105 105 2291 2292 2368
4976 2 2 105 105 2291 2368 2367
4977 2 2 105 105 2292 2293 2368
4978 2 2 105 105 2293 2369 2368
4979 2 2 105 105 2293 2294 2370
4980 2 2 105 105 2293 2370 2369
4981 2 2 105 105 2294 2295 2370
4982 2 2 105 105 2295 2371 2370
4983 2 2 105 105 2295 2296 2372
4984 2 2 105 105 2295 2372 2371
4985 2 2 105 105 2296 2297 2372
4986 2 2 105 105 2297 2373 2372
4987 2 2 105 105 2297 2298 2374
4988 2 2 105 105 2297 2374 2373
4989 2 2 105 105 2298 2299 2374
4990 2 2 105 105 2299 2375 2374
4991 2 2 105 105 2299 2300 2376
4992 2 2 105 105 2299 2376 2375
4993 2 2 105 105 2300 2301 2376
4994 2 2 105 105 2301 2377 2376
4995 2 2 105 105 2301 2302 2378
4996 2 2 105 105 2301 2378 2377
4997 2 2 105 105 2302 2303 2378
4998 2 2 105 105 2303 2379 2378
4999 2 2 105 105 2303 2304 2380
5000 2 2 105 105 2303 2380 2379
5001 2 2 105 105 2304 2305 2380
5002 2 2 105 105 2305 2381 2380
5003 2 2 105 105 2305 2306 2382
5004 2 2 105 105 2305 2382 2381
5005 2 2 105 105 2306 2307 2382
5006 2 2 105 105 2307 2383 2382
5007 2 2 105 105 2307 2308 2384
5008 2 2 105 105 2307 2384 2383
5009 2 2 105 105 2308 2309 2384
5010 2 2 105 105 2309 2385 2384
5011 2 2 105 105 2309 2310 2386
5012 2 2 105 105 2309 2386 2385
5013 2 2 105 105 2310 2311 2386
5014 2 2 105 105 2311 2387 2386
5015 2 2 105 105 2311 2312 2388
5016 2 2 105 105 2311 2388 2387
5017 2 2 105 105 2312 2313 2388
5018 2 2 105 105 2313 2389 2388
5019 2 2 105 105 2313 2314 2390
5020 2 2 105 105 2313 2390 2389
5021 2 2 105 105 2314 2315 2390
5022 2 2 105 105 2315 2391 2390
5023 2 2 105 105 2315 2316 2392
5024 2 2 105 105 2315 2392 2391
5025 2 2 105 105 2316 2317 2392
5026 2 2 105 105 2317 2393 2392
5027 2 2 105 105 2317 2318 2394
5028 2 2 105 105 2317 2394 2393
5029 2 2 105 105 2318 2319 2394
5030 2 2 105 105 2319 2395 2394
5031 2 2 105 105 2319 2320 2396
5032 2 2 105 105 2319 2396 2395
5033 2 2 105 105 2320 2321 2396
5034 2 2 105 105 2321 2397 2396
5035 2 2 105 105 2321 2322 2398
5036 2 2 105 105 2321 2398 2397
5037 2 2 105 105 2322 2323 2398
5038 2 2 105 105 2323 2399 2398
5039 2 2 105 105 2323 2324 2400
5040 2 2 105 105 2323 2400 2399
5041 2 2 105 105 2324 2325 2400
5042 2 2 105 105 2325 2401 2400
5043 2 2 105 105 2325 2326 2402
5044 2 2 105 105 2325 2402 2401
5045 2 2 105 105 2326 2327 2402
5046 2 2 105 105 2327 2403 2402
5047 2 2 105 105 2327 2328 2404
5048 2 2 105 105 2327 2404 2403
5049 2 2 105 105 2328 2329 2404
5050 2 2 105 105 2329 2405 2404
5051 2 2 105 105 2329 2330 2406
5052 2 2 105 105 2329 2406 2405
5053 2 2 105 105 2330 2331 2406
5054 2 2 105 105 2331 2407 2406
5055 2 2 105 105 2331 2332 2408
5056 2 2 105 105 2331 2408 2407
5057 2 2 105 105 2332 2333 2408
5058 2 2 105 105 2333 2409 2408
5059 2 2 105 105 2333 2334 2410
5060 2 2 105 105 2333 2410 2409
5061 2 2 105 105 2334 2335 2410
5062 2 2 105 105 2335 2411 2410
5063 2 2 105 105 2335 2336 2412
5064 2 2 105 105 2335 2412 2411
5065 2 2 105 105 2336 2337 2412
5066 2 2 105 105 2337 2413 2412
5067 2 2 105 105 2337 2338 2414
5068 2 2 105 105 2337 2414 2413
5069 2 2 105 105 2338 2339 2414
5070 2 2 105 105 2339 2415 2414
5071 2 2 105 105 2339 2340 2416
5072 2 2 105 105 2339 2416 2415
5073 2 2 105 105 2340 2341 2416
5074 2 2 105 105 2341 2417 2416
5075 2 2 105 105 2341 2342 2418
5076 2 2 105 105 2341 2418 2417
5077 2 2 105 105 2342 2343 2418
5078 2 2 105 105 2343 2419 2418
5079 2 2 105 105 2343 2344 2420
5080 2 2 105 105 2343 2420 2419
5081 2 2 105 105 2344 2345 2420
5082 2 2 105 105 2345 2421 2420
5083 2 2 105 105 2345 2346 2422
5084 2 2 105 105 2345 2422 2421
5085 2 2 105 105 2346 2347 2422
5086 2 2 105 105 2347 2423 2422
5087 2 2 105 105 2347 2348 2424
5088 2 2 105 105 2347 2424 2423
5089 2 2 105 105 2348 2349 2424
5090 2 2 105 105 2349 2425 2424
5091 2 2 105 105 2349 2350 2426
5092 2 2 105 105 2349 2426 2425
5093 2 2 105 105 2350 2351 2426
5094 2 2 105 105 2351 2427 2426
5095 2 2 105 105 2351 2352 2428
5096 2 2 105 105 2351 2428 2427
5097 2 2 105 105 2352 2353 2428
5098 2 2 105 105 2353 2429 2428
5099 2 2 105 105 2353 2354 2430
5100 2 2 105 105 2353 2430 2429
5101 2 2 105 105 2354 2355 2430
5102 2 2 105 105 2355 2431 2430
5103 2 2 105 105 2355 2356 2432
5104 2 2 105 105 2355 2432 2431
5105 2 2 105 105 2357 2358 2433
5106 2 2 105 105 2358 2434 2433
5107 2 2 105 105 2358 2359 2435
5108 2 2 105 105 2358 2435 2434
5109 2 2 105 105 2359 2360 2435
5110 2 2 105 105 2360 2436 2435
5111 2 2 105 105 2360 2361 2437
5112 2 2 105 105 2360 2437 2436
5113 2 2 105 105 2361 2362 2437
5114 2 2 105 105 2362 2438 2437
5115 2 2 105 105 2362 2363 2439
5116 2 2 105 105 2362 2439 2438
5117 2 2 105 105 2363 2364 2439
5118 2 2 105 105 2364 2440 2439
5119 2 2 105 105 2364 2365 2441
5120 2 2 105 105 2364 2441 2440
5121 2 2 105 105 2365 2366 2441
5122 2 2 105 105 2366 2442 2441
5123 2 2 105 105 2366 2367 2443
5124 2 2 105 105 2366 2443 2442
5125 2 2 105 105 2367 2368 2443
5126 2 2 105 105 2368 2444 2443
5127 2 2 105 105 2368 2369 2445
5128 2 2 105 105 2368 2445 2444
5129 2 2 105 105 2369 2370 2445
5130 2 2 105 105 2370 2446 2445
5131 2 2 105 105 2370 2371 2447
5132 2 2 105 105 2370 2447 2446
5133 2 2 105 105 2371 2372 2447
5134 2 2 105 105 2372 2448 2447
5135 2 2 105 105 2372 2373 2449
5136 2 2 105 105 2372 2449 2448
5137 2 2 105 105 2373 2374 2449
5138 2 2 105 105 2374 2450 2449
5139 2 2 105 105 2374 2375 2451
5140 2 2 105 105 2374 2451 2450
5141 2 2 105 105 2375 2376 2451
5142 2 2 105 105 2376 2452 2451
5143 2 2 105 105 2376 2377 2453
5144 2 2 105 105 2376 2453 2452
5145 2 2 105 105 2377 2378 2453
5146 2 2 105 105 2378 2454 2453
5147 2 2 105 105 2378 2379 2455
5148 2 2 105 105 2378 2455 2454
5149 2 2 105 105 2379 2380 2455
5150 2 2 105 105 2380 2456 2455
5151 2 2 105 105 2380 2381 2457
5152 2 2 105 105 2380 2457 2456
5153 2 2 105 105 2381 2382 2457
5154 2 2 105 105 2382 2458 2457
5155 2 2 105 105 2382 2383 2459
5156 2 2 105 105 2382 2459 2458
5157 2 2 105 105 2383 2384 2459
5158 2 2 105 105 2384 2460 2459
5159 2 2 105 105 2384 2385 2461
5160 2 2 105 105 2384 2461 2460
5161 2 2 105 105 2385 2386 2461
5162 2 2 105 105 2386 2462 2461
5163 2 2 105 105 2386 2387 2463
5164 2 2 105 105 2386 2463 2462
5165 2 2 105 105 2387 2388 2463
5166 2 2 105 105 2388 2464 2463
5167 2 2 105 105 2388 2389 2465
5168 2 2 105 105 2388 2465 2464
5169 2 2 105 105 2389 2390 2465
5170 2 2 105 105 2390 2466 2465
5171 2 2 105 105 2390 2391 2467
5172 2 2 105 105 2390 2467 2466
5173 2 2 105 105 2391 2392 2467
5174 2 2 105 105 2392 2468 2467
5175 2 2 105 105 2392 2393 2469
5176 2 2 105 105 2392 2469 2468
5177 2 2 105 105 2393 2394 2469
5178 2 2 105 105 2394 2470 2469
5179 2 2 105 105 2394 2395 2471
5180 2 2 105 105 2394 2471 2470
5181 2 2 105 105 2395 2396 2471
5182 2 2 105 105 2396 2472 2471
5183 2 2 105 105 2396 2397 2473
5184 2 2 105 105 2396 2473 2472
5185 2 2 105 105 2397 2398 2473
5186 2 2 105 105 2398 2474 2473
5187 2 2 105 105 2398 2399 2475
5188 2 2 105 105 2398 2475 2474
5189 2 2 105 105 2399 2400 2475
5190 2 2 105 105 2400 2476 2475
5191 2 2 105 105 2400 2401 2477
5192 2 2 105 105 2400 2477 2476
5193 2 2 105 105 2401 2402 2477
5194 2 2 105 105 2402 2478 2477
5195 2 2 105 105 2402 2403 2479
5196 2 2 105 105 2402 2479 2478
5197 2 2 105 105 2403 2404 2479
5198 2 2 105 105 2404 2480 2479
5199 2 2 105 105 2404 2405 2481
5200 2 2 105 105 2404 2481 2480
5201 2 2 105 105 2405 2406 2481
5202 2 2 105 105 2406 2482 2481
5203 2 2 105 105 2406 2407 2483
5204 2 2 105 105 2406 2483 2482
5205 2 2 105 105 2407 2408 2483
5206 2 2 105 105 2408 2484 2483
5207 2 2 105 105 2408 2409 2485
5208 2 2 105 105 2408 2485 2484
5209 2 2 105 105 2409 2410 2485
5210 2 2 105 105 2410 2486 2485
5211 2 2 105 105 2410 2411 2487
5212 2 2 105 105 2410 2487 2486
5213 2 2 105 105 2411 2412 2487
5214 2 2 105 105 2412 2488 2487
5215 2 2 105 105 2412 2413 2489
5216 2 2 105 105 2412 2489 2488
5217 2 2 105 105 2413 2414 2489
5218 2 2 105 105 2414 2490 2489
5219 2 2 105 105 2414 2415 2491
5220 2 2 105 105 2414 2491 2490
5221 2 2 105 105 2415 2416 2491
5222 2 2 105 105 2416 2492 2491
5223 2 2 105 105 2416 2417 2493
5224 2 2 105 105 2416 2493 2492
5225 2 2 105 105 2417 2418 2493
5226 2 2 105 105 2418 2494 2493
5227 2 2 105 105 2418 2419 2495
5228 2 2 105 105 2418 2495 2494
5229 2 2 105 105 2419 2420 2495
5230 2 2 105 105 2420 2496 2495
5231 2 2 105 105 2420 2421 2497
5232 2 2 105 105 2420 2497 2496
5233 2 2 105 105 2421 2422 2497
5234 2 2 105 105 2422 2498 2497
5235 2 2 105 105 2422 2423 2499
5236 2 2 105 105 2422 2499 2498
5237 2 2 105 105 2423 2424 2499
5238 2 2 105 105 2424 2500 2499
5239 2 2 105 105 2424 2425 2501
5240 2 2 105 105 2424 2501 2500
5241 2 2 105 105 2425 2426 2501
5242 2 2 105 105 2426 2502 2501
5243 2 2 105 105 2426 2427 2503
5244 2 2 105 105 2426 2503 2502
5245 2 2 105 105 2427 2428 2503
5246 2 2 105 105 2428 2504 2503
5247 2 2 105 105 2428 2429 2505
5248 2 2 105 105 2428 2505 2504
5249 2 2 105 105 2429 2430 2505
5250 2 2 105 105 2430 2506 2505
5251 2 2 105 105 2430 2431 2507
5252 2 2 105 105 2430 2507 2506
5253 2 2 105 105 2431 2432 2507
5254 2 2 105 105 2432 2508 2507
5255 2 2 105 105 2433 2434 2510
5256 2 2 105 105 2433 2510 2509
5257 2 2 105 105 2434 2435 2510
5258 2 2 105 105 2435 2511 2510
5259 2 2 105 105 2435 2436 2512
5260 2 2 105 105 2435 2512 2511
5261 2 2 105 105 2436 2437 2512
5262 2 2 105 105 2437 2513 2512
5263 2 2 105 105 2437 2438 2514
5264 2 2 105 105 2437 2514 2513
5265 2 2 105 105 2438 2439 2514
5266 2 2 105 105 2439 2515 2514
5267 2 2 105 105 2439 2440 2516
5268 2 2 105 105 2439 2516 2515
5269 2 2 105 105 2440 2441 2516
5270 2 2 105 105 2441 2517 2516
5271 2 2 105 105 2441 2442 2518
5272 2 2 105 105 2441 2518 2517
5273 2 2 105 105 2442 2443 2518
5274 2 2 105 105 2443 2519 2518
5275 2 2 105 105 2443 2444 2520
5276 2 2 105 105 2443 2520 2519
5277 2 2 105 105 2444 2445 2520
5278 2 2 105 105 2445 2521 2520
5279 2 2 105 105 2445 2446 2522
5280 2 2 105 105 2445 2522 2521
5281 2 2 105 105 2446 2447 2522
5282 2 2 105 105 2447 2523 2522
5283 2 2 105 105 2447 2448 2524
5284 2 2 105 105 2447 2524 2523
5285 2 2 105 105 2448 2449 2524
5286 2 2 105 105 2449 2525 2524
5287 2 2 105 105 2449 2450 2526
5288 2 2 105 105 2449 2526 2525
5289 2 2 105 105 2450 2451 2526
5290 2 2 105 105 2451 2527 2526
5291 2 2 105 105 2451 2452 2528
5292 2 2 105 105 2451 2528 2527
5293 2 2 105 105 2452 2453 2528
5294 2 2 105 105 2453 2529 2528
5295 2 2 105 105 2453 2454 2530
5296 2 2 105 105 2453 2530 2529
5297 2 2 105 105 2454 2455 2530
5298 2 2 105 105 2455 2531 2530
5299 2 2 105 105 2455 2456 2532
5300 2 2 105 105 2455 2532 2531
5301 2 2 105 105 2456 2457 2532
5302 2 2 105 105 2457 2533 2532
5303 2 2 105 105 2457 2458 2534
5304 2 2 105 105 2457 2534 2533
5305 2 2 105 105 2458 2459 2534
5306 2 2 105 105 2459 2535 2534
5307 2 2 105 105 2459 2460 2536
5308 2 2 105 105 2459 2536 2535
5309 2 2 105 105 2460 2461 2536
5310 2 2 105 105 2461 2537 2536
5311 2 2 105 105 2461 2462 2538
5312 2 2 105 105 2461 2538 2537
5313 2 2 105 105 2462 2463 2538
5314 2 2 105 105 2463 2539 2538
5315 2 2 105 105 2463 2464 2540
5316 2 2 105 105 2463 2540 2539
5317 2 2 105 105 2464 2465 2540
5318 2 2 105 105 2465 2541 2540
5319 2 2 105 105 2465 2466 2542
5320 2 2 105 105 2465 2542 2541
5321 2 2 105 105 2466 2467 2542
5322 2 2 105 105 2467 2543 2542
5323 2 2 105 105 2467 2468 2544
5324 2 2 105 105 2467 2544 2543
5325 2 2 105 105 2468 2469 2544
5326 2 2 105 105 2469 2545 2544
5327 2 2 105 105 2469 2470 2546
5328 2 2 105 105 2469 2546 2545
5329 2 2 105 105 2470 2471 2546
5330 2 2 105 105 2471 2547 2546
5331 2 2 105 105 2471 2472 2548
5332 2 2 105 105 2471 2548 2547
5333 2 2 105 105 2472 2473 2548
5334 2 2 105 105 2473 2549 2548
5335 2 2 105 105 2473 2474 2550
5336 2 2 105 105 2473 2550 2549
5337 2 2 105 105 2474 2475 2550
5338 2 2 105 105 2475 2551 2550
5339 2 2 105 105 2475 2476 2552
5340 2 2 105 105 2475 2552 2551
5341 2 2 105 105 2476 2477 2552
5342 2 2 105 105 2477 2553 2552
5343 2 2 105 105 2477 2478 2554
5344 2 2 105 105 2477 2554 2553
5345 2 2 105 105 2478 2479 2554
5346 2 2 105 105 2479 2555 2554
5347 2 2 105 105 2479 2480 2556
5348 2 2 105 105 2479 2556 2555
5349 2 2 105 105 2480 2481 2556
5350 2 2 105 105 2481 2557 2556
5351 2 2 105 105 2481 2482 2558
5352 2 2 105 105 2481 2558 2557
5353 2 2 105 105 2482 2483 2558
5354 2 2 105 105 2483 2559 2558
5355 2 2 105 105 2483 2484 2560
5356 2 2 105 105 2483 2560 2559
5357 2 2 105 105 2484 2485 2560
5358 2 2 105 105 2485 2561 2560
5359 2 2 105 105 2485 2486 2562
5360 2 2 105 105 2485 2562 2561
5361 2 2 105 105 2486 2487 2562
5362 2 2 105 105 2487 2563 2562
5363 2 2 105 105 2487 2488 2564
5364 2 2 105 105 2487 2564 2563
5365 2 2 105 105 2488 2489 2564
5366 2 2 105 105 2489 2565 2564
5367 2 2 105 105 2489 2490 2566
5368 2 2 105 105 2489 2566 2565
5369 2 2 105 105 2490 2491 2566
5370 2 2 105 105 2491 2567 2566
5371 2 2 105 105 2491 2492 2568
5372 2 2 105 105 2491 2568 2567
5373 2 2 105 105 2492 2493 2568
5374 2 2 105 105 2493 2569 2568
5375 2 2 105 105 2493 2494 2570
5376 2 2 105 105 2493 2570 2569
5377 2 2 105 105 2494 2495 2570
5378 2 2 105 105 2495 2571 2570
5379 2 2 105 105 2495 2496 2572
5380 2 2 105 105 2495 2572 2571
5381 2 2 105 105 2496 2497 2572
5382 2 2 105 105 2497 2573 2572
5383 2 2 105 105 2497 2498 2574
5384 2 2 105 105 2497 2574 2573
5385 2 2 105 105 2498 2499 2574
5386 2 2 105 105 2499 2575 2574
5387 2 2 105 105 2499 2500 2576
5388 2 2 105 105 2499 2576 2575
5389 2 2 105 105 2500 2501 2576
5390 2 2 105 105 2501 2577 2576
5391 2 2 105 105 2501 2502 2578
5392 2 2 105 105 2501 2578 2577
5393 2 2 105 105 2502 2503 2578
5394 2 2 105 105 2503 2579 2578
5395 2 2 105 105 2503 2504 2580
5396 2 2 105 105 2503 2580 2579
5397 2 2 105 105 2504 2505 2580
5398 2 2 105 105 2505 2581 2580
5399 2 2 105 105 2505 2506 2582
5400 2 2 105 105 2505 2582 2581
5401 2 2 105 105 2506 2507 2582
5402 2 2 105 105 2507 2583 2582
5403 2 2 105 105 2507 2508 2584
5404 2 2 105 105 2507 2584 2583
5405 2 2 105 105 2509 2510 2585
5406 2 2 105 105 2510 2586 2585
5407 2 2 105 105 2510 2511 2587
5408 2 2 105 105 2510 2587 2586
5409 2 2 105 105 2511 2512 2587
5410 2 2 105 105 2512 2588 2587
5411 2 2 105 105 2512 2513 2589
5412 2 2 105 105 2512 2589 2588
5413 2 2 105 105 2513 2514 2589
5414 2 2 105 105 2514 2590 2589
5415 2 2 105 105 2514 2515 2591
5416 2 2 105 105 2514 2591 2590
5417 2 2 105 105 2515 2516 2591
5418 2 2 105 105 2516 2592 2591
5419 2 2 105 105 2516 2517 2593
5420 2 2 105 105 2516 2593 2592
5421 2 2 105 105 2517 2518 2593
5422 2 2 105 105 2518 2594 2593
5423 2 2 105 105 2518 2519 2595
5424 2 2 105 105 2518 2595 2594
5425 2 2 105 105 2519 2520 2595
5426 2 2 105 105 2520 2596 2595
5427 2 2 105 105 2520 2521 2597
5428 2 2 105 105 2520 2597 2596
5429 2 2 105 105 2521 2522 2597
5430 2 2 105 105 2522 2598 2597
5431 2 2 105 105 2522 2523 2599
5432 2 2 105 105 2522 2599 2598
5433 2 2 105 105 2523 2524 2599
5434 2 2 105 105 2524 2600 2599
5435 2 2 105 105 2524 2525 2601
5436 2 2 105 105 2524 2601 2600
5437 2 2 105 105 2525 2526 2601
5438 2 2 105 105 2526 2602 2601
5439 2 2 105 105 2526 2527 2603
5440 2 2 105 105 2526 2603 2602
5441 2 2 105 105 2527 2528 2603
5442 2 2 105 105 2528 2604 2603
5443 2 2 105 105 2528 2529 2605
5444 2 2 105 105 2528 2605 2604
5445 2 2 105 105 2529 2530 2605
5446 2 2 105 105 2530 2606 2605
5447 2 2 105 105 2530 2531 2607
5448 2 2 105 105 2530 2607 2606
5449 2 2 105 105 2531 2532 2607
5450 2 2 105 105 2532 2608 2607
5451 2 2 105 105 2532 2533 2609
5452 2 2 105 105 2532 2609 2608
5453 2 2 105 105 2533 2534 2609
5454 2 2 105 105 2534 2610 2609
5455 2 2 105 105 2534 2535 2611
5456 2 2 105 105 2534 2611 2610
5457 2 2 105 105 2535 2536 2611
5458 2 2 105 105 2536 2612 2611
5459 2 2 105 105 2536 2537 2613
5460 2 2 105 105 2536 2613 2612
5461 2 2 105 105 2537 2538 2613
5462 2 2 105 105 2538 2614 2613
5463 2 2 105 105 2538 2539 2615
5464 2 2 105 105 2538 2615 2614
5465 2 2 105 105 2539 2540 2615
5466 2 2 105 105 2540 2616 2615
5467 2 2 105 105 2540 2541 2617
5468 2 2 105 105 2540 2617 2616
5469 2 2 105 105 2541 2542 2617
5470 2 2 105 105 2542 2618 2617
5471 2 2 105 105 2542 2543 2619
5472 2 2 105 105 2542 2619 2618
5473 2 2 105 105 2543 2544 2619
5474 2 2 105 105 2544 2620 2619
5475 2 2 105 105 2544 2545 2621
5476 2 2 105 105 2544 2621 2620
5477 2 2 105 105 2545 2546 2621
5478 2 2 105 105 2546 2622 2621
5479 2 2 105 105 2546 2547 2623
5480 2 2 105 105 2546 2623 2622
5481 2 2 105 105 2547 2548 2623
5482 2 2 105 105 2548 2624 2623
5483 2 2 105 105 2548 2549 2625
5484 2 2 105 105 2548 2625 2624
5485 2 2 105 105 2549 2550 2625
5486 2 2 105 105 2550 2626 2625
5487 2 2 105 105 2550 2551 2627
5488 2 2 105 105 2550 2627 2626
5489 2 2 105 105 2551 2552 2627
5490 2 2 105 105 2552 2628 2627
5491 2 2 105 105 2552 2553 2629
5492 2 2 105 105 2552 2629 2628
5493 2 2 105 105 2553 2554 2629
5494 2 2 105 105 2554 2630 2629
5495 2 2 105 105 2554 2555 2631
5496 2 2 105 105 2554 2631 2630
5497 2 2 105 105 2555 2556 2631
5498 2 2 105 105 2556 2632 2631
5499 2 2 105 105 2556 2557 2633
5500 2 2 105 105 2556 2633 2632
5501 2 2 105 105 2557 2558 2633
5502 2 2 105 105 2558 2634 2633
5503 2 2 105 105 2558 2559 2635
5504 2 2 105 105 2558 2635 2634
5505 2 2 105 105 2559 2560 2635
5506 2 2 105 105 2560 2636 2635
5507 2 2 105 105 2560 2561 2637
5508 2 2 105 105 2560 2637 2636
5509 2 2 105 105 2561 2562 2637
5510 2 2 105 105 2562 2638 2637
5511 2 2 105 105 2562 2563 2639
5512 2 2 105 105 2562 2639 2638
5513 2 2 105 105 2563 2564 2639
5514 2 2 105 105 2564 2640 2639
5515 2 2 105 105 2564 2565 2641
5516 2 2 105 105 2564 2641 2640
5517 2 2 105 105 2565 2566 2641
5518 2 2 105 105 2566 2642 2641
5519 2 2 105 105 2566 2567 2643
5520 2 2 105 105 2566 2643 2642
5521 2 2 105 105 2567 2568 2643
5522 2 2 105 105 2568 2644 2643
5523 2 2 105 105 2568 2569 2645
5524 2 2 105 105 2568 2645 2644
5525 2 2 105 105 2569 2570 2645
5526 2 2 105 105 2570 2646 2645
5527 2 2 105 105 2570 2571 2647
5528 2 2 105 105 2570 2647 2646
5529 2 2 105 105 2571 2572 2647
5530 2 2 105 105 2572 2648 2647
5531 2 2 105 105 2572 2573 2649
5532 2 2 105 105 2572 2649 2648
5533 2 2 105 105 2573 2574 2649
5534 2 2 105 105 2574 2650 2649
5535 2 2 105 105 2574 2575 2651
5536 2 2 105 105 2574 2651 2650
5537 2 2 105 105 2575 2576 2651
5538 2 2 105 105 2576 2652 2651
5539 2 2 105 105 2576 2577 2653
5540 2 2 105 105 2576 2653 2652
5541 2 2 105 105 2577 2578 2653
5542 2 2 105 105 2578 2654 2653
5543 2 2 105 105 2578 2579 2655
5544 2 2 105 105 2578 2655 2654
5545 2 2 105 105 2579 2580 2655
5546 2 2 105 105 2580 2656 2655
5547 2 2 105 105 2580 2581 2657
5548 2 2 105 105 2580 2657 2656
5549 2 2 105 105 2581 2582 2657
5550 2 2 105 105 2582 2658 2657
5551 2 2 105 105 2582 2583 2659
5552 2 2 105 105 2582 2659 2658
5553 2 2 105 105 2583 2584 2659
5554 2 2 105 105 2584 2660 2659
5555 2 2 105 105 2585 2586 2662
5556 2 2 105 105 2585 2662 2661
5557 2 2 105 105 2586 2587 2662
5558 2 2 105 105 2587 2663 2662
5559 2 2 105 105 2587 2588 2664
5560 2 2 105 105 2587 2664 2663
5561 2 2 105 105 2588 2589 2664
5562 2 2 105 105 2589 2665 2664
5563 2 2 105 105 2589 2590 2666
5564 2 2 105 105 2589 2666 2665
5565 2 2 105 105 2590 2591 2666
5566 2 2 105 105 2591 2667 2666
5567 2 2 105 105 2591 2592 2668
5568 2 2 105 105 2591 2668 2667
5569 2 2 105 105 2592 2593 2668
5570 2 2 105 105 2593 2669 2668
5571 2 2 105 105 2593 2594 2670
5572 2 2 105 105 2593 2670 2669
5573 2 2 105 105 2594 2595 2670
5574 2 2 105 105 2595 2671 2670
5575 2 2 105 105 2595 2596 2672
5576 2 2 105 105 2595 2672 2671
5577 2 2 105 105 2596 2597 2672
5578 2 2 105 105 2597 2673 2672
5579 2 2 105 105 2597 2598 2674
5580 2 2 105 105 2597 2674 2673
5581 2 2 105 105 2598 2599 2674
5582 2 2 105 105 2599 2675 2674
5583 2 2 105 105 2599 2600 2676
5584 2 2 105 105 2599 2676 2675
5585 2 2 105 105 2600 2601 2676
5586 2 2 105 105 2601 2677 2676
5587 2 2 105 105 2601 2602 2678
5588 2 2 105 105 2601 2678 2677
5589 2 2 105 105 2602 2603 2678
5590 2 2 105 105 2603 2679 2678
5591 2 2 105 105 2603 2604 2680
5592 2 2 105 105 2603 2680 2679
5593 2 2 105 105 2604 2605 2680
5594 2 2 105 105 2605 2681 2680
5595 2 2 105 105 2605 2606 2682
5596 2 2 105 105 2605 2682 2681
5597 2 2 105 105 2606 2607 2682
5598 2 2 105 105 2607 2683 2682
5599 2 2 105 105 2607 2608 2684
5600 2 2 105 105 2607 2684 2683
5601 2 2 105 105 2608 2609 2684
5602 2 2 105 105 2609 2685 2684
5603 2 2 105 105 2609 2610 2686
5604 2 2 105 105 2609 2686 2685
5605 2 2 105 105 2610 2611 2686
5606 2 2 105 105 2611 2687 2686
5607 2 2 105 105 2611 2612 2688
5608 2 2 105 105 2611 2688 2687
5609 2 2 105 105 2612 2613 2688
5610 2 2 105 105 2613 2689 2688
5611 2 2 105 105 2613 2614 2690
5612 2 2 105 105 2613 2690 2689
5613 2 2 105 105 2614 2615 2690
5614 2 2 105 105 2615 2691 2690
5615 2 2 105 105 2615 2616 2692
5616 2 2 105 105 2615 2692 2691
5617 2 2 105 105 2616 2617 2692
5618 2 2 105 105 2617 2693 2692
5619 2 2 105 105 2617 2618 2694
5620 2 2 105 105 2617 2694 2693
5621 2 2 105 105 2618 2619 2694
5622 2 2 105 105 2619 2695 2694
5623 2 2 105 105 2619 2620 2696
5624 2 2 105 105 2619 2696 2695
5625 2 2 105 105 2620 2621 2696
5626 2 2 105 105 2621 2697 2696
5627 2 2 105 105 2621 2622 2698
5628 2 2 105 105 2621 2698 2697
5629 2 2 105 105 2622 2623 2698
5630 2 2 105 105 2623 2699 2698
5631 2 2 105 105 2623 2624 2700
5632 2 2 105 105 2623 2700 2699
5633 2 2 105 105 2624 2625 2700
5634 2 2 105 105 2625 2701 2700
5635 2 2 105 105 2625 2626 2702
5636 2 2 105 105 2625 2702 2701
5637 2 2 105 105 2626 2627 2702
5638 2 2 105 105 2627 2703 2702
5639 2 2 105 105 2627 2628 2704
5640 2 2 105 105 2627 2704 2703
5641 2 2 105 105 2628 2629 2704
5642 2 2 105 105 2629 2705 2704
5643 2 2 105 105 2629 2630 2706
5644 2 2 105 105 2629 2706 2705
5645 2 2 105 105 2630 2631 2706
5646 2 2 105 105 2631 2707 2706
5647 2 2 105 105 2631 2632 2708
5648 2 2 105 105 2631 2708 2707
5649 2 2 105 105 2632 2633 2708
5650 2 2 105 105 2633 2709 2708
5651 2 2 105 105 2633 2634 2710
5652 2 2 105 105 2633 2710 2709
5653 2 2 105 105 2634 2635 2710
5654 2 2 105 105 2635 2711 2710
5655 2 2 105 105 2635 2636 2712
5656 2 2 105 105 2635 2712 2711
5657 2 2 105 105 2636 2637 2712
5658 2 2 105 105 2637 2713 2712
5659 2 2 105 105 2637 2638 2714
5660 2 2 105 105 2637 2714 2713
5661 2 2 105 105 2638 2639 2714
5662 2 2 105 105 2639 2715 2714
5663 2 2 105 105 2639 2640 2716
5664 2 2 105 105 2639 2716 2715
5665 2 2 105 105 2640 2641 2716
5666 2 2 105 105 2641 2717 2716
5667 2 2 105 105 2641 2642 2718
5668 2 2 105 105 2641 2718 2717
5669 2 2 105 105 2642 2643 2718
5670 2 2 105 105 2643 2719 2718
5671 2 2 105 105 2643 2644 2720
5672 2 2 105 105 2643 2720 2719
5673 2 2 105 105 2644 2645 2720
5674 2 2 105 105 2645 2721 2720
5675 2 2 105 105 2645 2646 2722
5676 2 2 105 105 2645 2722 2721
5677 2 2 105 105 2646 2647 2722
5678 2 2 105 105 2647 2723 2722
5679 2 2 105 105 2647 2648 2724
5680 2 2 105 105 2647 2724 2723
5681 2 2 105 105 2648 2649 2724
5682 2 2 105 105 2649 2725 2724
5683 2 2 105 105 2649 2650 2726
5684 2 2 105 105 2649 2726 2725
5685 2 2 105 105 2650 2651 2726
5686 2 2 105 105 2651 2727 2726
5687 2 2 105 105 2651 2652 2728
5688 2 2 105 105 2651 2728 2727
5689 2 2 105 105 2652 2653 2728
5690 2 2 105 105 2653 2729 2728
5691 2 2 105 105 2653 2654 2730
5692 2 2 105 105 2653 2730 2729
5693 2 2 105 105 2654 2655 2730
5694 2 2 105 105 2655 2731 2730
5695 2 2 105 105 2655 2656 2732
5696 2 2 105 105 2655 2732 2731
5697 2 2 105 105 2656 2657 2732
5698 2 2 105 105 2657 2733 2732
5699 2 2 105 105 2657 2658 2734
5700 2 2 105 105 2657 2734 2733
5701 2 2 105 105 2658 2659 2734
5702 2 2 105 105 2659 2735 2734
5703 2 2 105 105 2659 2660 2736
5704 2 2 105 105 2659 2736 2735
5705 2 2 105 105 2661 2662 2737
5706 2 2 105 105 2662 2738 2737
5707 2 2 105 105 2662 2663 2739
5708 2 2 105 105 2662 2739 2738
5709 2 2 105 105 2663 2664 2739
5710 2 2 105 105 2664 2740 2739
5711 2 2 105 105 2664 2665 2741
5712 2 2 105 105 2664 2741 2740
5713 2 2 105 105 2665 2666 2741
5714 2 2 105 105 2666 2742 2741
5715 2 2 105 105 2666 2667 2743
5716 2 2 105 105 2666 2743 2742
5717 2 2 105 105 2667 2668 2743
5718 2 2 105 105 2668 2744 2743
5719 2 2 105 105 2668 2669 2745
5720 2 2 105 105 2668 2745 2744
5721 2 2 105 105 2669 2670 2745
5722 2 2 105 105 2670 2746 2745
5723 2 2 105 105 2670 2671 2747
5724 2 2 105 105 2670 2747 2746
5725 2 2 105 105 2671 2672 2747
5726 2 2 105 105 2672 2748 2747
5727 2 2 105 105 2672 2673 2749
5728 2 2 105 105 2672 2749 2748
5729 2 2 105 105 2673 2674 2749
5730 2 2 105 105 2674 2750 2749
5731 2 2 105 105 2674 2675 2751
5732 2 2 105 105 2674 2751 2750
5733 2 2 105 105 2675 2676 2751
5734 2 2 105 105 2676 2752 2751
5735 2 2 105 105 2676 2677 2753
5736 2 2 105 105 2676 2753 2752
5737 2 2 105 105 2677 2678 2753
5738 2 2 105 105 2678 2754 2753
5739 2 2 105 105 2678 2679 2755
5740 2 2 105 105 2678 2755 2754
5741 2 2 105 105 2679 2680 2755
5742 2 2 105 105 2680 2756 2755
5743 2 2 105 105 2680 2681 2757
5744 2 2 105 105 2680 2757 2756
5745 2 2 105 105 2681 2682 2757
5746 2 2 105 105 2682 2758 2757
5747 2 2 105 105 2682 2683 2759
5748 2 2 105 105 2682 2759 2758
5749 2 2 105 105 2683 2684 2759
5750 2 2 105 105 2684 2760 2759
5751 2 2 105 105 2684 2685 2761
5752 2 2 105 105 2684 2761 2760
5753 2 2 105 105 2685 2686 2761
5754 2 2 105 105 2686 2762 2761
5755 2 2 105 105 2686 2687 2763
5756 2 2 105 105 2686 2763 2762
5757 2 2 105 105 2687 2688 2763
5758 2 2 105 105 2688 2764 2763
5759 2 2 105 105 2688 2689 2765
5760 2 2 105 105 2688 2765 2764
5761 2 2 105 105 2689 2690 2765
5762 2 2 105 105 2690 2766 2765
5763 2 2 105 105 2690 2691 2767
5764 2 2 105 105 2690 2767 2766
5765 2 2 105 105 2691 2692 2767
5766 2 2 105 105 2692 2768 2767
5767 2 2 105 105 2692 2693 2769
5768 2 2 105 105 2692 2769 2768
5769 2 2 105 105 2693 2694 2769
5770 2 2 105 105 2694 2770 2769
5771 2 2 105 105 2694 2695 2771
5772 2 2 105 105 2694 2771 2770
5773 2 2 105 105 2695 2696 2771
5774 2 2 105 105 2696 2772 2771
5775 2 2 105 105 2696 2697 2773
5776 2 2 105 105 2696 2773 2772
5777 2 2 105 105 2697 2698 2773
5778 2 2 105 105 2698 2774 2773
5779 2 2 105 105 2698 2699 2775
5780 2 2 105 105 2698 2775 2774
5781 2 2 105 105 2699 2700 2775
5782 2 2 105 105 2700 2776 2775
5783 2 2 105 105 2700 2701 2777
5784 2 2 105 105 2700 2777 2776
5785 2 2 105 105 2701 2702 2777
5786 2 2 105 105 2702 2778 2777
5787 2 2 105 105 2702 2703 2779
5788 2 2 105 105 2702 2779 2778
5789 2 2 105 105 2703 2704 2779
5790 2 2 105 105 2704 2780 2779
5791 2 2 105 105 2704 2705 2781
5792 2 2 105 105 2704 2781 2780
5793 2 2 105 105 2705 2706 2781
5794 2 2 105 105 2706 2782 2781
5795 2 2 105 105 2706 2707 2783
5796 2 2 105 105 2706 2783 2782
5797 2 2 105 105 2707 2708 2783
5798 2 2 105 105 2708 2784 2783
5799 2 2 105 105 2708 2709 2785
5800 2 2 105 105 2708 2785 2784
5801 2 2 105 105 2709 2710 2785
5802 2 2 105 105 2710 2786 2785
5803 2 2 105 105 2710 2711 2787
5804 2 2 105 105 2710 2787 2786
5805 2 2 105 105 2711 2712 2787
5806 2 2 105 105 2712 2788 2787
5807 2 2 105 105 2712 2713 2789
5808 2 2 105 105 2712 2789 2788
5809 2 2 105 105 2713 2714 2789
5810 2 2 105 105 2714 2790 2789
5811 2 2 105 105 2714 2715 2791
5812 2 2 105 105 2714 2791 2790
5813 2 2 105 105 2715 2716 2791
5814 2 2 105 105 2716 2792 2791
5815 2 2 105 105 2716 2717 2793
5816 2 2 105 105 2716 2793 2792
5817 2 2 105 105 2717 2718 2793
5818 2 2 105 105 2718 2794 2793
5819 2 2 105 105 2718 2719 2795
5820 2 2 105 105 2718 2795 2794
5821 2 2 105 105 2719 2720 2795
5822 2 2 105 105 2720 2796 2795
5823 2 2 105 105 2720 2721 2797
5824 2 2 105 105 2720 2797 2796
5825 2 2 105 105 2721 2722 2797
5826 2 2 105 105 2722 2798 2797
5827 2 2 105 105 2722 2723 2799
5828 2 2 105 105 2722 2799 2798
5829 2 2 105 105 2723 2724 2799
5830 2 2 105 105 2724 2800 2799
5831 2 2 105 105 2724 2725 2801
5832 2 2 105 105 2724 2801 2800
5833 2 2 105 105 2725 2726 2801
5834 2 2 105 105 2726 2802 2801
5835 2 2 105 105 2726 2727 2803
5836 2 2 105 105 2726 2803 2802
5837 2 2 105 105 2727 2728 2803
5838 2 2 105 105 2728 2804 2803
5839 2 2 105 105 2728 2729 2805
5840 2 2 105 105 2728 2805 2804
5841 2 2 105 105 2729 2730 2805
5842 2 2 105 105 2730 2806 2805
5843 2 2 105 105 2730 2731 2807
5844 2 2 105 105 2730 2807 2806
5845 2 2 105 105 2731 2732 2807
5846 2 2 105 105 2732 2808 2807
5847 2 2 105 105 2732 2733 2809
5848 2 2 105 105 2732 2809 2808
5849 2 2 105 105 2733 2734 2809
5850 2 2 105 105 2734 2810 2809
5851 2 2 105 105 2734 2735 2811
5852 2 2 105 105 2734 2811 2810
5853 2 2 105 105 2735 2736 2811
5854 2 2 105 105 2736 2812 2811
5855 2 2 105 105 2737 2738 2814
5856 2 2 105 105 2737 2814 2813
5857 2 2 105 105 2738 2739 2814
5858 2 2 105 105 2739 2815 2814
5859 2 2 105 105 2739 2740 2816
5860 2 2 105 105 2739 2816 2815
5861 2 2 105 105 2740 2741 2816
5862 2 2 105 105 2741 2817 2816
5863 2 2 105 105 2741 2742 2818
5864 2 2 105 105 2741 2818 2817
5865 2 2 105 105 2742 2743 2818
5866 2 2 105 105 2743 2819 2818
5867 2 2 105 105 2743 2744 2820
5868 2 2 105 105 2743 2820 2819
5869 2 2 105 105 2744 2745 2820
5870 2 2 105 105 2745 2821 2820
5871 2 2 105 105 2745 2746 2822
5872 2 2 105 105 2745 2822 2821
5873 2 2 105 105 2746 2747 2822
5874 2 2 105 105 2747 2823 2822
5875 2 2 105 105 2747 2748 2824
5876 2 2 105 105 2747 2824 2823
5877 2 2 105 105 2748 2749 2824
5878 2 2 105 105 2749 2825 2824
5879 2 2 105 105 2749 2750 2826
5880 2 2 105 105 2749 2826 2825
5881 2 2 105 105 2750 2751 2826
5882 2 2 105 105 2751 2827 2826
5883 2 2 105 105 2751 2752 2828
5884 2 2 105 105 2751 2828 2827
5885 2 2 105 105 2752 2753 2828
5886 2 2 105 105 2753 2829 2828
5887 2 2 105 105 2753 2754 2830
5888 2 2 105 105 2753 2830 2829
5889 2 2 105 105 2754 2755 2830
5890 2 2 105 105 2755 2831 2830
5891 2 2 105 105 2755 2756 2832
5892 2 2 105 105 2755 2832 2831
5893 2 2 105 105 2756 2757 2832
5894 2 2 105 105 2757 2833 2832
5895 2 2 105 105 2757 2758 2834
5896 2 2 105 105 2757 2834 2833
5897 2 2 105 105 2758 2759 2834
5898 2 2 105 105 2759 2835 2834
5899 2 2 105 105 2759 2760 2836
5900 2 2 105 105 2759 2836 2835
5901 2 2 105 105 2760 2761 2836
5902 2 2 105 105 2761 2837 2836
5903 2 2 105 105 2761 2762 2838
5904 2 2 105 105 2761 2838 2837
5905 2 2 105 105 2762 2763 2838
5906 2 2 105 105 2763 2839 2838
5907 2 2 105 105 2763 2764 2840
5908 2 2 105 105 2763 2840 2839
5909 2 2 105 105 2764 2765 2840
5910 2 2 105 105 2765 2841 2840
5911 2 2 105 105 2765 2766 2842
5912 2 2 105 105 2765 2842 2841
5913 2 2 105 105 2766 2767 2842
5914 2 2 105 105 2767 2843 2842
5915 2 2 105 105 2767 2768 2844
5916 2 2 105 105 2767 2844 2843
5917 2 2 105 105 2768 2769 2844
5918 2 2 105 105 2769 2845 2844
5919 2 2 105 105 2769 2770 2846
5920 2 2 105 105 2769 2846 2845
5921 2 2 105 105 2770 2771 2846
5922 2 2 105 105 2771 2847 2846
5923 2 2 105 105 2771 2772 2848
5924 2 2 105 105 2771 2848 2847
5925 2 2 105 105 2772 2773 2848
5926 2 2 105 105 2773 2849 2848
5927 2 2 105 105 2773 2774 2850
5928 2 2 105 105 2773 2850 2849
5929 2 2 105 105 2774 2775 2850
5930 2 2 105 105 2775 2851 2850
5931 2 2 105 105 2775 2776 2852
5932 2 2 105 105 2775 2852 2851
5933 2 2 105 105 2776 2777 2852
5934 2 2 105 105 2777 2853 2852
5935 2 2 105 105 2777 2778 2854
5936 2 2 105 105 2777 2854 2853
5937 2 2 105 105 2778 2779 2854
5938 2 2 105 105 2779 2855 2854
5939 2 2 105 105 2779 2780 2856
5940 2 2 105 105 2779 2856 2855
5941 2 2 105 105 2780 2781 2856
5942 2 2 105 105 2781 2857 2856
5943 2 2 105 105 2781 2782 2858
5944 2 2 105 105 2781 2858 2857
5945 2 2 105 105 2782 2783 2858
5946 2 2 105 105 2783 2859 2858
5947 2 2 105 105 2783 2784 2860
5948 2 2 105 105 2783 2860 2859
5949 2 2 105 105 2784 2785 2860
5950 2 2 105 105 2785 2861 2860
5951 2 2 105 105 2785 2786 2862
5952 2 2 105 105 2785 2862 2861
5953 2 2 105 105 2786 2787 2862
5954 2 2 105 105 2787 2863 2862
5955 2 2 105 105 2787 2788 2864
5956 2 2 105 105 2787 2864 2863
5957 2 2 105 105 2788 2789 2864
5958 2 2 105 105 2789 2865 2864
5959 2 2 105 105 2789 2790 2866
5960 2 2 105 105 2789 2866 2865
5961 2 2 105 105 2790 2791 2866
5962 2 2 105 105 2791 2867 2866
5963 2 2 105 105 2791 2792 2868
5964 2 2 105 105 2791 2868 2867
5965 2 2 105 105 2792 2793 2868
5966 2 2 105 105 2793 2869 2868
5967 2 2 105 105 2793 2794 2870
5968 2 2 105 105 2793 2870 2869
5969 2 2 105 105 2794 2795 2870
5970 2 2 105 105 2795 2871 2870
5971 2 2 105 105 2795 2796 2872
5972 2 2 105 105 2795 2872 2871
5973 2 2 105 105 2796 2797 2872
5974 2 2 105 105 2797 2873 2872
5975 2 2 105 105 2797 2798 2874
5976 2 2 105 105 2797 2874 2873
5977 2 2 105 105 2798 2799 2874
5978 2 2 105 105 2799 2875 2874
5979 2 2 105 105 2799 2800 2876
5980 2 2 105 105 2799 2876 2875
5981 2 2 105 105 2800 2801 2876
5982 2 2 105 105 2801 2877 2876
5983 2 2 105 105 2801 2802 2878
5984 2 2 105 105 2801 2878 2877
5985 2 2 105 105 2802 2803 2878
5986 2 2 105 105 2803 2879 2878
5987 2 2 105 105 2803 2804 2880
5988 2 2 105 105 2803 2880 2879
5989 2 2 105 105 2804 2805 2880
5990 2 2 105 105 2805 2881 2880
5991 2 2 105 105 2805 2806 2882
5992 2 2 105 105 2805 2882 2881
5993 2 2 105 105 2806 2807 2882
5994 2 2 105 105 2807 2883 2882
5995 2 2 105 105 2807 2808 2884
5996 2 2 105 105 2807 2884 2883
5997 2 2 105 105 2808 2809 2884
5998 2 2 105 105 2809 2885 2884
5999 2 2 105 105 2809 2810 2886
6000 2 2 105 105 2809 2886 2885
6001 2 2 105 105 2810 2811 2886
6002 2 2 105 105 2811 2887 2886
6003 2 2 105 105 2811 2812 2888
6004 2 2 105 105 2811 2888 2887
6005 2 2 105 105 2813 2814 2889
6006 2 2 105 105 2814 2890 2889
6007 2 2 105 105 2814 2815 2891
6008 2 2 105 105 2814 2891 2890
6009 2 2 105 105 2815 2816 2891
6010 2 2 105 105 2816 2892 2891
6011 2 2 105 105 2816 2817 2893
6012 2 2 105 105 2816 2893 2892
6013 2 2 105 105 2817 2818 2893
6014 2 2 105 105 2818 2894 2893
6015 2 2 105 105 2818 2819 2895
6016 2 2 105 105 2818 2895 2894
6017 2 2 105 105 2819 2820 2895
6018 2 2 105 105 2820 2896 2895
6019 2 2 105 105 2820 2821 2897
6020 2 2 105 105 2820 2897 2896
6021 2 2 105 105 2821 2822 2897
6022 2 2 105 105 2822 2898 2897
6023 2 2 105 105 2822 2823 2899
6024 2 2 105 105 2822 2899 2898
6025 2 2 105 105 2823 2824 2899
6026 2 2 105 105 2824 2900 2899
6027 2 2 105 105 2824 2825 2901
6028 2 2 105 105 2824 2901 2900
6029 2 2 105 105 2825 2826 2901
6030 2 2 105 105 2826 2902 2901
6031 2 2 105 105 2826 2827 2903
6032 2 2 105 105 2826 2903 2902
6033 2 2 105 105 2827 2828 2903
6034 2 2 105 105 2828 2904 2903
6035 2 2 105 105 2828 2829 2905
6036 2 2 105 105 2828 2905 2904
6037 2 2 105 105 2829 2830 2905
6038 2 2 105 105 2830 2906 2905
6039 2 2 105 105 2830 2831 2907
6040 2 2 105 105 2830 2907 2906
6041 2 2 105 105 2831 2832 2907
6042 2 2 105 105 2832 2908 2907
6043 2 2 105 105 2832 2833 2909
6044 2 2 105 105 2832 2909 2908
6045 2 2 105 105 2833 2834 2909
6046 2 2 105 105 2834 2910 2909
6047 2 2 105 105 2834 2835 2911
6048 2 2 105 105 2834 2911 2910
6049 2 2 105 105 2835 2836 2911
6050 2 2 105 105 2836 2912 2911
6051 2 2 105 105 2836 2837 2913
6052 2 2 105 105 2836 2913 2912
6053 2 2 105 105 2837 2838 2913
6054 2 2 105 105 2838 2914 2913
6055 2 2 105 105 2838 2839 2915
6056 2 2 105 105 2838 2915 2914
6057 2 2 105 105 2839 2840 2915
6058 2 2 105 105 2840 2916 2915
6059 2 2 105 105 2840 2841 2917
6060 2 2 105 105 2840 2917 2916
6061 2 2 105 105 2841 2842 2917
6062 2 2 105 105 2842 2918 2917
6063 2 2 105 105 2842 2843 2919
6064 2 2 105 105 2842 2919 2918
6065 2 2 105 105 2843 2844 2919
6066 2 2 105 105 2844 2920 2919
6067 2 2 105 105 2844 2845 2921
6068 2 2 105 105 2844 2921 2920
6069 2 2 105 105 2845 2846 2921
6070 2 2 105 105 2846 2922 2921
6071 2 2 105 105 2846 2847 2923
6072 2 2 105 105 2846 2923 2922
6073 2 2 105 105 2847 2848 2923
6074 2 2 105 105 2848 2924 2923
6075 2 2 105 105 2848 2849 2925
6076 2 2 105 105 2848 2925 2924
6077 2 2 105 105 2849 2850 2925
6078 2 2 105 105 2850 2926 2925
6079 2 2 105 105 2850 2851 2927
6080 2 2 105 105 2850 2927 2926
6081 2 2 105 105 2851 2852 2927
6082 2 2 105 105 2852 2928 2927
6083 2 2 105 105 2852 2853 2929
6084 2 2 105 105 2852 2929 2928
6085 2 2 105 105 2853 2854 2929
6086 2 2 105 105 2854 2930 2929
6087 2 2 105 105 2854 2855 2931
6088 2 2 105 105 2854 2931 2930
6089 2 2 105 105 2855 2856 2931
6090 2 2 105 105 2856 2932 2931
6091 2 2 105 105 2856 2857 2933
6092 2 2 105 105 2856 2933 2932
6093 2 2 105 105 2857 2858 2933
6094 2 2 105 105 2858 2934 2933
6095 2 2 105 105 2858 2859 2935
6096 2 2 105 105 2858 2935 2934
6097 2 2 105 105 2859 2860 2935
6098 2 2 105 105 2860 2936 2935
6099 2 2 105 105 2860 2861 2937
6100 2 2 105 105 2860 2937 2936
6101 2 2 105 105 2861 2862 2937
6102 2 2 105 105 2862 2938 2937
6103 2 2 105 105 2862 2863 2939
6104 2 2 105 105 2862 2939 2938
6105 2 2 105 105 2863 2864 2939
6106 2 2 105 105 2864 2940 2939
6107 2 2 105 105 2864 2865 2941
6108 2 2 105 105 2864 2941 2940
6109 2 2 105 105 2865 2866 2941
6110 2 2 105 105 2866 2942 2941
6111 2 2 105 105 2866 2867 2943
6112 2 2 105 105 2866 2943 2942
6113 2 2 105 105 2867 2868 2943
6114 2 2 105 105 2868 2944 2943
6115 2 2 105 105 2868 2869 2945
6116 2 2 105 105 2868 2945 2944
6117 2 2 105 105 2869 2870 2945
6118 2 2 105 105 2870 2946 2945
6119 2 2 105 105 2870 2871 2947
6120 2 2 105 105 2870 2947 2946
6121 2 2 105 105 2871 2872 2947
6122 2 2 105 105 2872 2948 2947
6123 2 2 105 105 2872 2873 2949
6124 2 2 105 105 2872 2949 2948
6125 2 2 105 105 2873 2874 2949
6126 2 2 105 105 2874 2950 2949
6127 2 2 105 105 2874 2875 2951
6128 2 2 105 105 2874 2951 2950
6129 2 2 105 105 2875 2876 2951
6130 2 2 105 105 2876 2952 2951
6131 2 2 105 105 2876 2877 2953
6132 2 2 105 105 2876 2953 2952
6133 2 2 105 105 2877 2878 2953
6134 2 2 105 105 2878 2954 2953
6135 2 2 105 105 2878 2879 2955
6136 2 2 105 105 2878 2955 2954
6137 2 2 105 105 2879 2880 2955
6138 2 2 105 105 2880 2956 2955
6139 2 2 105 105 2880 2881 2957
6140 2 2 105 105 2880 2957 2956
6141 2 2 105 105 2881 2882 2957
6142 2 2 105 105 2882 2958 2957
6143 2 2 105 105 2882 2883 2959
6144 2 2 105 105 2882 2959 2958
6145 2 2 105 105 2883 2884 2959
6146 2 2 105 105 2884 2960 2959
6147 2 2 105 105 2884 2885 2961
6148 2 2 105 105 2884 2961 2960
6149 2 2 105 105 2885 2886 2961
6150 2 2 105 105 2886 2962 2961
6151 2 2 105 105 2886 2887 2963
6152 2 2 105 105 2886 2963 2962
6153 2 2 105 105 2887 2888 2963
6154 2 2 105 105 2888 2964 2963
6155 2 2 105 105 2889 2890 2966
6156 2 2 105 105 2889 2966 2965
6157 2 2 105 105 2890 2891 2966
6158 2 2 105 105 2891 2967 2966
6159 2 2 105 105 2891 2892 2968
6160 2 2 105 105 2891 2968 2967
6161 2 2 105 105 2892 2893 2968
6162 2 2 105 105 2893 2969 2968
6163 2 2 105 105 2893 2894 2970
6164 2 2 105 105 2893 2970 2969
6165 2 2 105 105 2894 2895 2970
6166 2 2 105 105 2895 2971 2970
6167 2 2 105 105 2895 2896 2972
6168 2 2 105 105 2895 2972 2971
6169 2 2 105 105 2896 2897 2972
6170 2 2 105 105 2897 2973 2972
6171 2 2 105 105 2897 2898 2974
6172 2 2 105 105 2897 2974 2973
6173 2 2 105 105 2898 2899 2974
6174 2 2 105 105 2899 2975 2974
6175 2 2 105 105 2899 2900 2976
6176 2 2 105 105 2899 2976 2975
6177 2 2 105 105 2900 2901 2976
6178 2 2 105 105 2901 2977 2976
6179 2 2 105 105 2901 2902 2978
6180 2 2 105 105 2901 2978 2977
6181 2 2 105 105 2902 2903 2978
6182 2 2 105 105 2903 2979 2978
6183 2 2 105 105 2903 2904 2980
6184 2 2 105 105 2903 2980 2979
6185 2 2 105 105 2904 2905 2980
6186 2 2 105 105 2905 2981 2980
6187 2 2 105 105 2905 2906 2982
6188 2 2 105 105 2905 2982 2981
6189 2 2 105 105 2906 2907 2982
6190 2 2 105 105 2907 2983 2982
6191 2 2 105 105 2907 2908 2984
6192 2 2 105 105 2907 2984 2983
6193 2 2 105 105 2908 2909 2984
6194 2 2 105 105 2909 2985 2984
6195 2 2 105 105 2909 2910 2986
6196 2 2 105 105 2909 2986 2985
6197 2 2 105 105 2910 2911 2986
6198 2 2 105 105 2911 2987 2986
6199 2 2 105 105 2911 2912 2988
6200 2 2 105 105 2911 2988 2987
6201 2 2 105 105 2912 2913 2988
6202 2 2 105 105 2913 2989 2988
6203 2 2 105 105 2913 2914 2990
6204 2 2 105 105 2913 2990 2989
6205 2 2 105 105 2914 2915 2990
6206 2 2 105 105 2915 2991 2990
6207 2 2 105 105 2915 2916 2992
6208 2 2 105 105 2915 2992 2991
6209 2 2 105 105 2916 2917 2992
6210 2 2 105 105 2917 2993 2992
6211 2 2 105 105 2917 2918 2994
6212 2 2 105 105 2917 2994 2993
6213 2 2 105 105 2918 2919 2994
6214 2 2 105 105 2919 2995 2994
6215 2 2 105 105 2919 2920 2996
6216 2 2 105 105 2919 2996 2995
6217 2 2 105 105 2920 2921 2996
6218 2 2 105 105 2921 2997 2996
6219 2 2 105 105 2921 2922 2998
6220 2 2 105 105 2921 2998 2997
6221 2 2 105 105 2922 2923 2998
6222 2 2 105 105 2923 2999 2998
6223 2 2 105 105 2923 2924 3000
6224 2 2 105 105 2923 3000 2999
6225 2 2 105 105 2924 2925 3000
6226 2 2 105 105 2925 3001 3000
6227 2 2 105 105 2925 2926 3002
6228 2 2 105 105 2925 3002 3001
6229 2 2 105 105 2926 2927 3002
6230 2 2 105 105 2927 3003 3002
6231 2 2 105 105 2927 2928 3004
6232 2 2 105 105 2927 3004 3003
6233 2 2 105 105 2928 2929 3004
6234 2 2 105 105 2929 3005 3004
6235 2 2 105 105 2929 2930 3006
6236 2 2 105 105 2929 3006 3005
6237 2 2 105 105 2930 2931 3006
6238 2 2 105 105 2931 3007 3006
6239 2 2 105 105 2931 2932 3008
6240 2 2 105 105 2931 3008 3007
6241 2 2 105 105 2932 2933 3008
6242 2 2 105 105 2933 3009 3008
6243 2 2 105 105 2933 2934 3010
6244 2 2 105 105 2933 3010 3009
6245 2 2 105 105 2934 2935 3010
6246 2 2 105 105 2935 3011 3010
6247 2 2 105 105 2935 2936 3012
6248 2 2 105 105 2935 3012 3011
6249 2 2 105 105 2936 2937 3012
6250 2 2 105 105 2937 3013 3012
6251 2 2 105 105 2937 2938 3014
6252 2 2 105 105 2937 3014 3013
6253 2 2 105 105 2938 2939 3014
6254 2 2 105 105 2939 3015 3014
6255 2 2 105 105 2939 2940 3016
6256 2 2 105 105 2939 3016 3015
6257 2 2 105 105 2940 2941 3016
6258 2 2 105 105 2941 3017 3016
6259 2 2 105 105 2941 2942 3018
6260 2 2 105 105 2941 3018 3017
6261 2 2 105 105 2942 2943 3018
6262 2 2 105 105 2943 3019 3018
6263 2 2 105 105 2943 2944 3020
6264 2 2 105 105 2943 3020 3019
6265 2 2 105 105 2944 2945 3020
6266 2 2 105 105 2945 3021 3020
6267 2 2 105 105 2945 2946 3022
6268 2 2 105 105 2945 3022 3021
6269 2 2 105 105 2946 2947 3022
6270 2 2 105 105 2947 3023 3022
6271 2 2 105 105 2947 2948 3024
6272 2 2 105 105 2947 3024 3023
6273 2 2 105 105 2948 2949 3024
6274 2 2 105 105 2949 3025 3024
6275 2 2 105 105 2949 2950 3026
6276 2 2 105 105 2949 3026 3025
6277 2 2 105 105 2950 2951 3026
6278 2 2 105 105 2951 3027 3026
6279 2 2 105 105 2951 2952 3028
6280 2 2 105 105 2951 3028 3027
6281 2 2 105 105 2952 2953 3028
6282 2 2 105 105 2953 3029 3028
6283 2 2 105 105 2953 2954 3030
6284 2 2 105 105 2953 3030 3029
6285 2 2 105 105 2954 2955 3030
6286 2 2 105 105 2955 3031 3030
6287 2 2 105 105 2955 2956 3032
6288 2 2 105 105 2955 3032 3031
6289 2 2 105 105 2956 2957 3032
6290 2 2 105 105 2957 3033 3032
6291 2 2 105 105 2957 2958 3034
6292 2 2 105 105 2957 3034 3033
6293 2 2 105 105 2958 2959 3034
6294 2 2 105 105 2959 3035 3034
6295 2 2 105 105 2959 2960 3036
6296 2 2 105 105 2959 3036 3035
6297 2 2 105 105 2960 2961 3036
6298 2 2 105 105 2961 3037 3036
6299 2 2 105 105 2961 2962 3038
6300 2 2 105 105 2961 3038 3037
6301 2 2 105 105 2962 2963 3038
6302 2 2 105 105 2963 3039 3038
6303 2 2 105 105 2963 2964 3040
6304 2 2 105 105 2963 3040 3039
6305 2 2 105 105 2965 2966 3041
6306 2 2 105 105 2966 3042 3041
6307 2 2 105 105 2966 2967 3043
6308 2 2 105 105 2966 3043 3042
6309 2 2 105 105 2967 2968 3043
6310 2 2 105 105 2968 3044 3043
6311 2 2 105 105 2968 2969 3045
6312 2 2 105 105 2968 3045 3044
6313 2 2 105 105 2969 2970 3045
6314 2 2 105 105 2970 3046 3045
6315 2 2 105 105 2970 2971 3047
6316 2 2 105 105 2970 3047 3046
6317 2 2 105 105 2971 2972 3047
6318 2 2 105 105 2972 3048 3047
6319 2 2 105 105 2972 2973 3049
6320 2 2 105 105 2972 3049 3048
6321 2 2 105 105 2973 2974 3049
6322 2 2 105 105 2974 3050 3049
6323 2 2 105 105 2974 2975 3051
6324 2 2 105 105 2974 3051 3050
6325 2 2 105 105 2975 2976 3051
6326 2 2 105 105 2976 3052 3051
6327 2 2 105 105 2976 2977 3053
6328 2 2 105 105 2976 3053 3052
6329 2 2 105 105 2977 2978 3053
6330 2 2 105 105 2978 3054 3053
6331 2 2 105 105 2978 2979 3055
6332 2 2 105 105 2978 3055 3054
6333 2 2 105 105 2979 2980 3055
6334 2 2 105 105 2980 3056 3055
6335 2 2 105 105 2980 2981 3057
6336 2 2 105 105 2980 3057 3056
6337 2 2 105 105 2981 2982 3057
6338 2 2 105 105 2982 3058 3057
6339 2 2 105 105 2982 2983 3059
6340 2 2 105 105 2982 3059 3058
6341 2 2 105 105 2983 2984 3059
6342 2 2 105 105 2984 3060 3059
6343 2 2 105 105 2984 2985 3061
6344 2 2 105 105 2984 3061 3060
6345 2 2 105 105 2985 2986 3061
6346 2 2 105 105 2986 3062 3061
6347 2 2 105 105 2986 2987 3063
6348 2 2 105 105 2986 3063 3062
6349 2 2 105 105 2987 2988 3063
6350 2 2 105 105 2988 3064 3063
6351 2 2 105 105 2988 2989 3065
6352 2 2 105 105 2988 3065 3064
6353 2 2 105 105 2989 2990 3065
6354 2 2 105 105 2990 3066 3065
6355 2 2 105 105 2990 2991 3067
6356 2 2 105 105 2990 3067 3066
6357 2 2 105 105 2991 2992 3067
6358 2 2 105 105 2992 3068 3067
6359 2 2 105 105 2992 2993 3069
6360 2 2 105 105 2992 3069 3068
6361 2 2 105 105 2993 2994 3069
6362 2 2 105 105 2994 3070 3069
6363 2 2 105 105 2994 2995 3071
6364 2 2 105 105 2994 3071 3070
6365 2 2 105 105 2995 2996 3071
6366 2 2 105 105 2996 3072 3071
6367 2 2 105 105 2996 2997 3073
6368 2 2 105 105 2996 3073 3072
6369 2 2 105 105 2997 2998 3073
6370 2 2 105 105 2998 3074 3073
6371 2 2 105 105 2998 2999 3075
6372 2 2 105 105 2998 3075 3074
6373 2 2 105 105 2999 3000 3075
6374 2 2 105 105 3000 3076 3075
6375 2 2 105 105 3000 3001 3077
6376 2 2 105 105 3000 3077 3076
6377 2 2 105 105 3001 3002 3077
6378 2 2 105 105 3002 3078 3077
6379 2 2 105 105 3002 3003 3079
6380 2 2 105 105 3002 3079 3078
6381 2 2 105 105 3003 3004 3079
6382 2 2 105 105 3004 3080 3079
6383 2 2 105 105 3004 3005 3081
6384 2 2 105 105 3004 3081 3080
6385 2 2 105 105 3005 3006 3081
6386 2 2 105 105 3006 3082 3081
6387 2 2 105 105 3006 3007 3083
6388 2 2 105 105 3006 3083 3082
6389 2 2 105 105 3007 3008 3083
6390 2 2 105 105 3008 3084 3083
6391 2 2 105 105 3008 3009 3085
6392 2 2 105 105 3008 3085 3084
6393 2 2 105 105 3009 3010 3085
6394 2 2 105 105 3010 3086 3085
6395 2 2 105 105 3010 3011 3087
6396 2 2 105 105 3010 3087 3086
6397 2 2 105 105 3011 3012 3087
6398 2 2 105 105 3012 3088 3087
6399 2 2 105 105 3012 3013 3089
6400 2 2 105 105 3012 3089 3088
6401 2 2 105 105 3013 3014 3089
6402 2 2 105 105 3014 3090 3089
6403 2 2 105 105 3014 3015 3091
6404 2 2 105 105 3014 3091 3090
6405 2 2 105 105 3015 3016 3091
6406 2 2 105 105 3016 3092 3091
6407 2 2 105 105 3016 3017 3093
6408 2 2 105 105 3016 3093 3092
6409 2 2 105 105 3017 3018 3093
6410 2 2 105 105 3018 3094 3093
6411 2 2 105 105 3018 3019 3095
6412 2 2 105 105 3018 3095 3094
6413 2 2 105 105 3019 3020 3095
6414 2 2 105 105 3020 3096 3095
6415 2 2 105 105 3020 3021 3097
6416 2 2 105 105 3020 3097 3096
6417 2 2 105 105 3021 3022 3097
6418 2 2 105 105 3022 3098 3097
6419 2 2 105 105 3022 3023 3099
6420 2 2 105 105 3022 3099 3098
6421 2 2 105 105 3023 3024 3099
6422 2 2 105 105 3024 3100 3099
6423 2 2 105 105 3024 3025 3101
6424 2 2 105 105 3024 3101 3100
6425 2 2 105 105 3025 3026 3101
6426 2 2 105 105 3026 3102 3101
6427 2 2 105 105 3026 3027 3103
6428 2 2 105 105 3026 3103 3102
6429 2 2 105 105 3027 3028 3103
6430 2 2 105 105 3028 3104 3103
6431 2 2 105 105 3028 3029 3105
6432 2 2 105 105 3028 3105 3104
6433 2 2 105 105 3029 3030 3105
6434 2 2 105 105 3030 3106 3105
6435 2 2 105 105 3030 3031 3107
6436 2 2 105 105 3030 3107 3106
6437 2 2 105 105 3031 3032 3107
6438 2 2 105 105 3032 3108 3107
6439 2 2 105 105 3032 3033 3109
6440 2 2 105 105 3032 3109 3108
6441 2 2 105 105 3033 3034 3109
6442 2 2 105 105 3034 3110 3109
6443 2 2 105 105 3034 3035 3111
6444 2 2 105 105 3034 3111 3110
6445 2 2 105 105 3035 3036 3111
6446 2 2 105 105 3036 3112 3111
6447 2 2 105 105 3036 3037 3113
6448 2 2 105 105 3036 3113 3112
6449 2 2 105 105 3037 3038 3113
6450 2 2 105 105 3038 3114 3113
6451 2 2 105 105 3038 3039 3115
6452 2 2 105 105 3038 3115 3114
6453 2 2 105 105 3039 3040 3115
6454 2 2 105 105 3040 3116 3115
6455 2 2 105 105 3041 3042 3118
6456 2 2 105 105 3041 3118 3117
6457 2 2 105 105 3042 3043 3118
6458 2 2 105 105 3043 3119 3118
6459 2 2 105 105 3043 3044 3120
6460 2 2 105 105 3043 3120 3119
6461 2 2 105 105 3044 3045 3120
6462 2 2 105 105 3045 3121 3120
6463 2 2 105 105 3045 3046 3122
6464 2 2 105 105 3045 3122 3121
6465 2 2 105 105 3046 3047 3122
6466 2 2 105 105 3047 3123 3122
6467 2 2 105 105 3047 3048 3124
6468 2 2 105 105 3047 3124 3123
6469 2 2 105 105 3048 3049 3124
6470 2 2 105 105 3049 3125 3124
6471 2 2 105 105 3049 3050 3126
6472 2 2 105 105 3049 3126 3125
6473 2 2 105 105 3050 3051 3126
6474 2 2 105 105 3051 3127 3126
6475 2 2 105 105 3051 3052 3128
6476 2 2 105 105 3051 3128 3127
6477 2 2 105 105 3052 3053 3128
6478 2 2 105 105 3053 3129 3128
6479 2 2 105 105 3053 3054 3130
6480 2 2 105 105 3053 3130 3129
6481 2 2 105 105 3054 3055 3130
6482 2 2 105 105 3055 3131 3130
6483 2 2 105 105 3055 3056 3132
6484 2 2 105 105 3055 3132 3131
6485 2 2 105 105 3056 3057 3132
6486 2 2 105 105 3057 3133 3132
6487 2 2 105 105 3057 3058 3134
6488 2 2 105 105 3057 3134 3133
6489 2 2 105 105 3058 3059 3134
6490 2 2 105 105 3059 3135 3134
6491 2 2 105 105 3059 3060 3136
6492 2 2 105 105 3059 3136 3135
6493 2 2 105 105 3060 3061 3136
6494 2 2 105 105 3061 3137 3136
6495 2 2 105 105 3061 3062 3138
6496 2 2 105 105 3061 3138 3137
6497 2 2 105 105 3062 3063 3138
6498 2 2 105 105 3063 3139 3138
6499 2 2 105 105 3063 3064 3140
6500 2 2 105 105 3063 3140 3139
6501 2 2 105 105 3064 3065 3140
6502 2 2 105 105 3065 3141 3140
6503 2 2 105 105 3065 3066 3142
6504 2 2 105 105 3065 3142 3141
6505 2 2 105 105 3066 3067 3142
6506 2 2 105 105 3067 3143 3142
6507 2 2 105 105 3067 3068 3144
6508 2 2 105 105 3067 3144 3143
6509 2 2 105 105 3068 3069 3144
6510 2 2 105 105 3069 3145 3144
6511 2 2 105 105 3069 3070 3146
6512 2 2 105 105 3069 3146 3145
6513 2 2 105 105 3070 3071 3146
6514 2 2 105 105 3071 3147 3146
6515 2 2 105 105 3071 3072 3148
6516 2 2 105 105 3071 3148 3147
6517 2 2 105 105 3072 3073 3148
6518 2 2 105 105 3073 3149 3148
6519 2 2 105 105 3073 3074 3150
6520 2 2 105 105 3073 3150 3149
6521 2 2 105 105 3074 3075 3150
6522 2 2 105 105 3075 3151 3150
6523 2 2 105 105 3075 3076 3152
6524 2 2 105 105 3075 3152 3151
6525 2 2 105 105 3076 3077 3152
6526 2 2 105 105 3077 3153 3152
6527 2 2 105 105 3077 3078 3154
6528 2 2 105 105 3077 3154 3153
6529 2 2 105 105 3078 3079 3154
6530 2 2 105 105 3079 3155 3154
6531 2 2 105 105 3079 3080 3156
6532 2 2 105 105 3079 3156 3155
6533 2 2 105 105 3080 3081 3156
6534 2 2 105 105 3081 3157 3156
6535 2 2 105 105 3081 3082 3158
6536 2 2 105 105 3081 3158 3157
6537 2 2 105 105 3082 3083 3158
6538 2 2 105 105 3083 3159 3158
6539 2 2 105 105 3083 3084 3160
6540 2 2 105 105 3083 3160 3159
6541 2 2 105 105 3084 3085 3160
6542 2 2 105 105 3085 3161 3160
6543 2 2 105 105 3085 3086 3162
6544 2 2 105 105 3085 3162 3161
6545 2 2 105 105 3086 3087 3162
6546 2 2 105 105 3087 3163 3162
6547 2 2 105 105 3087 3088 3164
6548 2 2 105 105 3087 3164 3163
6549 2 2 105 105 3088 3089 3164
6550 2 2 105 105 3089 3165 3164
6551 2 2 105 105 3089 3090 3166
6552 2 2 105 105 3089 3166 3165
6553 2 2 105 105 3090 3091 3166
6554 2 2 105 105 3091 3167 3166
6555 2 2 105 105 3091 3092 3168
6556 2 2 105 105 3091 3168 3167
6557 2 2 105 105 3092 3093 3168
6558 2 2 105 105 3093 3169 3168
6559 2 2 105 105 3093 3094 3170
6560 2 2 105 105 3093 3170 3169
6561 2 2 105 105 3094 3095 3170
6562 2 2 105 105 3095 3171 3170
6563 2 2 105 105 3095 3096 3172
6564 2 2 105 105 3095 3172 3171
6565 2 2 105 105 3096 3097 3172
6566 2 2 105 105 3097 3173 3172
6567 2 2 105 105 3097 3098 3174
6568 2 2 105 105 3097 3174 3173
6569 2 2 105 105 3098 3099 3174
6570 2 2 105 105 3099 3175 3174
6571 2 2 105 105 3099 3100 3176
6572 2 2 105 105 3099 3176 3175
6573 2 2 105 105 3100 3101 3176
6574 2 2 105 105 3101 3177 3176
6575 2 2 105 105 3101 3102 3178
6576 2 2 105 105 3101 3178 3177
6577 2 2 105 105 3102 3103 3178
6578 2 2 105 105 3103 3179 3178
6579 2 2 105 105 3103 3104 3180
6580 2 2 105 105 3103 3180 3179
6581 2 2 105 105 3104 3105 3180
6582 2 2 105 105 3105 3181 3180
6583 2 2 105 105 3105 3106 3182
6584 2 2 105 105 3105 3182 3181
6585 2 2 105 105 3106 3107 3182
6586 2 2 105 105 3107 3183 3182
6587 2 2 105 105 3107 3108 3184
6588 2 2 105 105 3107 3184 3183
6589 2 2 105 105 3108 3109 3184
6590 2 2 105 105 3109 3185 3184
6591 2 2 105 105 3109 3110 3186
6592 2 2 105 105 3109 3186 3185
6593 2 2 105 105 3110 3111 3186
6594 2 2 105 105 3111 3187 3186
6595 2 2 105 105 3111 3112 3188
6596 2 2 105 105 3111 3188 3187
6597 2 2 105 105 3112 3113 3188
6598 2 2 105 105 3113 3189 3188
6599 2 2 105 105 3113 3114 3190
6600 2 2 105 105 3113 3190 3189
6601 2 2 105 105 3114 3115 3190
6602 2 2 105 105 3115 3191 3190
6603 2 2 105 105 3115 3116 3192
6604 2 2 105 105 3115 3192 3191
6605 2 2 105 105 3117 3118 3193
6606 2 2 105 105 3118 3194 3193
6607 2 2 105 105 3118 3119 3195
6608 2 2 105 105 3118 3195 3194
6609 2 2 105 105 3119 3120 3195
6610 2 2 105 105 3120 3196 3195
6611 2 2 105 105 3120 3121 3197
6612 2 2 105 105 3120 3197 3196
6613 2 2 105 105 3121 3122 3197
6614 2 2 105 105 3122 3198 3197
6615 2 2 105 105 3122 3123 3199
6616 2 2 105 105 3122 3199 3198
6617 2 2 105 105 3123 3124 3199
6618 2 2 105 105 3124 3200 3199
6619 2 2 105 105 3124 3125 3201
6620 2 2 105 105 3124 3201 3200
6621 2 2 105 105 3125 3126 3201
6622 2 2 105 105 3126 3202 3201
6623 2 2 105 105 3126 3127 3203
6624 2 2 105 105 3126 3203 3202
6625 2 2 105 105 3127 3128 3203
6626 2 2 105 105 3128 3204 3203
6627 2 2 105 105 3128 3129 3205
6628 2 2 105 105 3128 3205 3204
6629 2 2 105 105 3129 3130 3205
6630 2 2 105 105 3130 3206 3205
6631 2 2 105 105 3130 3131 3207
6632 2 2 105 105 3130 3207 3206
6633 2 2 105 105 3131 3132 3207
6634 2 2 105 105 3132 3208 3207
6635 2 2 105 105 3132 3133 3209
6636 2 2 105 105 3132 3209 3208
6637 2 2 105 105 3133 3134 3209
6638 2 2 105 105 3134 3210 3209
6639 2 2 105 105 3134 3135 3211
6640 2 2 105 105 3134 3211 3210
6641 2 2 105 105 3135 3136 3211
6642 2 2 105 105 3136 3212 3211
6643 2 2 105 105 3136 3137 3213
6644 2 2 105 105 3136 3213 3212
6645 2 2 105 105 3137 3138 3213
6646 2 2 105 105 3138 3214 3213
6647 2 2 105 105 3138 3139 3215
6648 2 2 105 105 3138 3215 3214
6649 2 2 105 105 3139 3140 3215
6650 2 2 105 105 3140 3216 3215
6651 2 2 105 105 3140 3141 3217
6652 2 2 105 105 3140 3217 3216
6653 2 2 105 105 3141 3142 3217
6654 2 2 105 105 3142 3218 3217
6655 2 2 105 105 3142 3143 3219
6656 2 2 105 105 3142 3219 3218
6657 2 2 105 105 3143 3144 3219
6658 2 2 105 105 3144 3220 3219
6659 2 2 105 105 3144 3145 3221
6660 2 2 105 105 3144 3221 3220
6661 2 2 105 105 3145 3146 3221
6662 2 2 105 105 3146 3222 3221
6663 2 2 105 105 3146 3147 3223
6664 2 2 105 105 3146 3223 3222
6665 2 2 105 105 3147 3148 3223
6666 2 2 105 105 3148 3224 3223
6667 2 2 105 105 3148 3149 3225
6668 2 2 105 105 3148 3225 3224
6669 2 2 105 105 3149 3150 3225
6670 2 2 105 105 3150 3226 3225
6671 2 2 105 105 3150 3151 3227
6672 2 2 105 105 3150 3227 3226
6673 2 2 105 105 3151 3152 3227
6674 2 2 105 105 3152 3228 3227
6675 2 2 105 105 3152 3153 3229
6676 2 2 105 105 3152 3229 3228
6677 2 2 105 105 3153 3154 3229
6678 2 2 105 105 3154 3230 3229
6679 2 2 105 105 3154 3155 3231
6680 2 2 105 105 3154 3231 3230
6681 2 2 105 105 3155 3156 3231
6682 2 2 105 105 3156 3232 3231
6683 2 2 105 105 3156 3157 3233
6684 2 2 105 105 3156 3233 3232
6685 2 2 105 105 3157 3158 3233
6686 2 2 105 105 3158 3234 3233
6687 2 2 105 105 3158 3159 3235
6688 2 2 105 105 3158 3235 3234
6689 2 2 105 105 3159 3160 3235
6690 2 2 105 105 3160 3236 3235
6691 2 2 105 105 3160 3161 3237
6692 2 2 105 105 3160 3237 3236
6693 2 2 105 105 3161 3162 3237
6694 2 2 105 105 3162 3238 3237
6695 2 2 105 105 3162 3163 3239
6696 2 2 105 105 3162 3239 3238
6697 2 2 105 105 3163 3164 3239
6698 2 2 105 105 3164 3240 3239
6699 2 2 105 105 3164 3165 3241
6700 2 2 105 105 3164 3241 3240
6701 2 2 105 105 3165 3166 3241
6702 2 2 105 105 3166 3242 3241
6703 2 2 105 105 3166 3167 3243
6704 2 2 105 105 3166 3243 3242
6705 2 2 105 105 3167 3168 3243
6706 2 2 105 105 3168 3244 3243
6707 2 2 105 105 3168 3169 3245
6708 2 2 105 105 3168 3245 3244
6709 2 2 105 105 3169 3170 3245
6710 2 2 105 105 3170 3246 3245
6711 2 2 105 105 3170 3171 3247
6712 2 2 105 105 3170 3247 3246
6713 2 2 105 105 3171 3172 3247
6714 2 2 105 105 3172 3248 3247
6715 2 2 105 105 3172 3173 3249
6716 2 2 105 105 3172 3249 3248
6717 2 2 105 105 3173 3174 3249
6718 2 2 105 105 3174 3250 3249
6719 2 2 105 105 3174 3175 3251
6720 2 2 105 105 3174 3251 3250
6721 2 2 105 105 3175 3176 3251
6722 2 2 105 105 3176 3252 3251
6723 2 2 105 105 3176 3177 3253
6724 2 2 105 105 3176 3253 3252
6725 2 2 105 105 3177 3178 3253
6726 2 2 105 105 3178 3254 3253
6727 2 2 105 105 3178 3179 3255
6728 2 2 105 105 3178 3255 3254
6729 2 2 105 105 3179 3180 3255
6730 2 2 105 105 3180 3256 3255
6731 2 2 105 105 3180 3181 3257
6732 2 2 105 105 3180 3257 3256
6733 2 2 105 105 3181 3182 3257
6734 2 2 105 105 3182 3258 3257
6735 2 2 105 105 3182 3183 3259
6736 2 2 105 105 3182 3259 3258
6737 2 2 105 105 3183 3184 3259
6738 2 2 105 105 3184 3260 3259
6739 2 2 105 105 3184 3185 3261
6740 2 2 105 105 3184 3261 3260
6741 2 2 105 105 3185 3186 3261
6742 2 2 105 105 3186 3262 3261
6743 2 2 105 105 3186 3187 3263
6744 2 2 105 105 3186 3263 3262
6745 2 2 105 105 3187 3188 3263
6746 2 2 105 105 3188 3264 3263
6747 2 2 105 105 3188 3189 3265
6748 2 2 105 105 3188 3265 3264
6749 2 2 105 105 3189 3190 3265
6750 2 2 105 105 3190 3266 3265
6751 2 2 105 105 3190 3191 3267
6752 2 2 105 105 3190 3267 3266
6753 2 2 105 105 3191 3192 3267
6754 2 2 105 105 3192 3268 3267
6755 2 2 104 104 3193 3194 3270
6756 2 2 104 104 3193 3270 3269
6757 2 2 104 104 3194 3195 3270
6758 2 2 104 104 3195 3271 3270
6759 2 2 104 104 3195 3196 3272
6760 2 2 104 104 3195 3272 3271
6761 2 2 104 104 3196 3197 3272
6762 2 2 104 104 3197 3273 3272
6763 2 2 104 104 3197 3198 3274
6764 2 2 104 104 3197 3274 3273
6765 2 2 104 104 3198 3199 3274
6766 2 2 104 104 3199 3275 3274
6767 2 2 104 104 3199 3200 3276
6768 2 2 104 104 3199 3276 3275
6769 2 2 104 104 3200 3201 3276
6770 2 2 104 104 3201 3277 3276
6771 2 2 104 104 3201 3202 3278
6772 2 2 104 104 3201 3278 3277
6773 2 2 104 104 3202 3203 3278
6774 2 2 104 104 3203 3279 3278
6775 2 2 104 104 3203 3204 3280
6776 2 2 104 104 3203 3280 3279
6777 2 2 104 104 3204 3205 3280
6778 2 2 104 104 3205 3281 3280
6779 2 2 104 104 3205 3206 3282
6780 2 2 104 104 3205 3282 3281
6781 2 2 104 104 3206 3207 3282
6782 2 2 104 104 3207 3283 3282
6783 2 2 104 104 3207 3208 3284
6784 2 2 104 104 3207 3284 3283
6785 2 2 104 104 3208 3209 3284
6786 2 2 104 104 3209 3285 3284
6787 2 2 104 104 3209 3210 3286
6788 2 2 104 104 3209 3286 3285
6789 2 2 104 104 3210 3211 3286
6790 2 2 104 104 3211 3287 3286
6791 2 2 104 104 3211 3212 3288
6792 2 2 104 104 3211 3288 3287
6793 2 2 104 104 3212 3213 3288
6794 2 2 104 104 3213 3289 3288
6795 2 2 104 104 3213 3214 3290
6796 2 2 104 104 3213 3290 3289
6797 2 2 104 104 3214 3215 3290
6798 2 2 104 104 3215 3291 3290
6799 2 2 104 104 3215 3216 3292
6800 2 2 104 104 3215 3292 3291
6801 2 2 104 104 3216 3217 3292
6802 2 2 104 104 3217 3293 3292
6803 2 2 104 104 3217 3218 3294
6804 2 2 104 104 3217 3294 3293
6805 2 2 104 104 3218 3219 3294
6806 2 2 104 104 3219 3295 3294
6807 2 2 104 104 3219 3220 3296
6808 2 2 104 104 3219 3296 3295
6809 2 2 104 104 3220 3221 3296
6810 2 2 104 104 3221 3297 3296
6811 2 2 104 104 3221 3222 3298
6812 2 2 104 104 3221 3298 3297
6813 2 2 104 104 3222 3223 3298
6814 2 2 104 104 3223 3299 3298
6815 2 2 104 104 3223 3224 3300
6816 2 2 104 104 3223 3300 3299
6817 2 2 104 104 3224 3225 3300
6818 2 2 104 104 3225 3301 3300
6819 2 2 104 104 3225 3226 3302
6820 2 2 104 104 3225 3302 3301
6821 2 2 104 104 3226 3227 3302
6822 2 2 104 104 3227 3303 3302
6823 2 2 104 104 3227 3228 3304
6824 2 2 104 104 3227 3304 3303
6825 2 2 104 104 3228 3229 3304
6826 2 2 104 104 3229 3305 3304
6827 2 2 104 104 3229 3230 3306
6828 2 2 104 104 3229 3306 3305
6829 2 2 104 104 3230 3231 3306
6830 2 2 104 104 3231 3307 3306
6831 2 2 104 104 3231 3232 3308
6832 2 2 104 104 3231 3308 3307
6833 2 2 104 104 3232 3233 3308
6834 2 2 104 104 3233 3309 3308
6835 2 2 104 104 3233 3234 3310
6836 2 2 104 104 3233 3310 3309
6837 2 2 104 104 3234 3235 3310
6838 2 2 104 104 3235 3311 3310
6839 2 2 104 104 3235 3236 3312
6840 2 2 104 104 3235 3312 3311
6841 2 2 104 104 3236 3237 3312
6842 2 2 104 104 3237 3313 3312
6843 2 2 104 104 3237 3238 3314
6844 2 2 104 104 3237 3314 3313
6845 2 2 104 104 3238 3239 3314
6846 2 2 104 104 3239 3315 3314
6847 2 2 104 104 3239 3240 3316
6848 2 2 104 104 3239 3316 3315
6849 2 2 104 104 3240 3241 3316
6850 2 2 104 104 3241 3317 3316
6851 2 2 104 104 3241 3242 3318
6852 2 2 104 104 3241 3318 3317
6853 2 2 104 104 3242 3243 3318
6854 2 2 104 104 3243 3319 3318
6855 2 2 104 104 3243 3244 3320
6856 2 2 104 104 3243 3320 3319
6857 2 2 104 104 3244 3245 3320
6858 2 2 104 104 3245 3321 3320
6859 2 2 104 104 3245 3246 3322
6860 2 2 104 104 3245 3322 3321
6861 2 2 104 104 3246 3247 3322
6862 2 2 104 104 3247 3323 3322
6863 2 2 104 104 3247 3248 3324
6864 2 2 104 104 3247 3324 3323
6865 2 2 104 104 3248 3249 3324
6866 2 2 104 104 3249 3325 3324
6867 2 2 104 104 3249 3250 3326
6868 2 2 104 104 3249 3326 3325
6869 2 2 104 104 3250 3251 3326
6870 2 2 104 104 3251 3327 3326
6871 2 2 104 104 3251 3252 3328
6872 2 2 104 104 3251 3328 3327
6873 2 2 104 104 3252 3253 3328
6874 2 2 104 104 3253 3329 3328
6875 2 2 104 104 3253 3254 3330
6876 2 2 104 104 3253 3330 3329
6877 2 2 104 104 3254 3255 3330
6878 2 2 104 104 3255 3331 3330
6879 2 2 104 104 3255 3256 3332
6880 2 2 104 104 3255 3332 3331
6881 2 2 104 104 3256 3257 3332
6882 2 2 104 104 3257 3333 3332
6883 2 2 104 104 3257 3258 3334
6884 2 2 104 104 3257 3334 3333
6885 2 2 104 104 3258 3259 3334
6886 2 2 104 104 3259 3335 3334
6887 2 2 104 104 3259 3260 3336
6888 2 2 104 104 3259 3336 3335
6889 2 2 104 104 3260 3261 3336
6890 2 2 104 104 3261 3337 3336
6891 2 2 104 104 3261 3262 3338
6892 2 2 104 104 3261 3338 3337
6893 2 2 104 104 3262 3263 3338
6894 2 2 104 104 3263 3339 3338
6895 2 2 104 104 3263 3264 3340
6896 2 2 104 104 3263 3340 3339
6897 2 2 104 104 3264 3265 3340
6898 2 2 104 104 3265 3341 3340
6899 2 2 104 104 3265 3266 3342
6900 2 2 104 104 3265 3342 3341
6901 2 2 104 104 3266 3267 3342
6902 2 2 104 104 3267 3343 3342
6903 2 2 104 104 3267 3268 3344
6904 2 2 104 104 3267 3344 3343
6905 2 2 104 104 3269 3270 3345
6906 2 2 104 104 3270 3346 3345
6907 2 2 104 104 3270 3271 3347
6908 2 2 104 104 3270 3347 3346
6909 2 2 104 104 3271 3272 3347
6910 2 2 104 104 3272 3348 3347
6911 2 2 104 104 3272 3273 3349
6912 2 2 104 104 3272 3349 3348
6913 2 2 104 104 3273 3274 3349
6914 2 2 104 104 3274 3350 3349
6915 2 2 104 104 3274 3275 3351
6916 2 2 104 104 3274 3351 3350
6917 2 2 104 104 3275 3276 3351
6918 2 2 104 104 3276 3352 3351
6919 2 2 104 104 3276 3277 3353
6920 2 2 104 104 3276 3353 3352
6921 2 2 104 104 3277 3278 3353
6922 2 2 104 104 3278 3354 3353
6923 2 2 104 104 3278 3279 3355
6924 2 2 104 104 3278 3355 3354
6925 2 2 104 104 3279 3280 3355
6926 2 2 104 104 3280 3356 3355
6927 2 2 104 104 3280 3281 3357
6928 2 2 104 104 3280 3357 3356
6929 2 2 104 104 3281 3282 3357
6930 2 2 104 104 3282 3358 3357
6931 2 2 104 104 3282 3283 3359
6932 2 2 104 104 3282 3359 3358
6933 2 2 104 104 3283 3284 3359
6934 2 2 104 104 3284 3360 3359
6935 2 2 104 104 3284 3285 3361
6936 2 2 104 104 3284 3361 3360
6937 2 2 104 104 3285 3286 3361
6938 2 2 104 104 3286 3362 3361
6939 2 2 104 104 3286 3287 3363
6940 2 2 104 104 3286 3363 3362
6941 2 2 104 104 3287 3288 3363
6942 2 2 104 104 3288 3364 3363
6943 2 2 104 104 3288 3289 3365
6944 2 2 104 104 3288 3365 3364
6945 2 2 104 104 3289 3290 3365
6946 2 2 104 104 3290 3366 3365
6947 2 2 104 104 3290 3291 3367
6948 2 2 104 104 3290 3367 3366
6949 2 2 104 104 3291 3292 3367
6950 2 2 104 104 3292 3368 3367
6951 2 2 104 104 3292 3293 3369
6952 2 2 104 104 3292 3369 3368
6953 2 2 104 104 3293 3294 3369
6954 2 2 104 104 3294 3370 3369
6955 2 2 104 104 3294 3295 3371
6956 2 2 104 104 3294 3371 3370
6957 2 2 104 104 3295 3296 3371
6958 2 2 104 104 3296 3372 3371
6959 2 2 104 104 3296 3297 3373
6960 2 2 104 104 3296 3373 3372
6961 2 2 104 104 3297 3298 3373
6962 2 2 104 104 3298 3374 3373
6963 2 2 104 104 3298 3299 3375
6964 2 2 104 104 3298 3375 3374
6965 2 2 104 104 3299 3300 3375
6966 2 2 104 104 3300 3376 3375
6967 2 2 104 104 3300 3301 3377
6968 2 2 104 104 3300 3377 3376
6969 2 2 104 104 3301 3302 3377
6970 2 2 104 104 3302 3378 3377
6971 2 2 104 104 3302 3303 3379
6972 2 2 104 104 3302 3379 3378
6973 2 2 104 104 3303 3304 3379
6974 2 2 104 104 3304 3380 3379
6975 2 2 104 104 3304 3305 3381
6976 2 2 104 104 3304 3381 3380
6977 2 2 104 104 3305 3306 3381
6978 2 2 104 104 3306 3382 3381
6979 2 2 104 104 3306 3307 3383
6980 2 2 104 104 3306 3383 3382
6981 2 2 104 104 3307 3308 3383
6982 2 2 104 104 3308 3384 3383
6983 2 2 104 104 3308 3309 3385
6984 2 2 104 104 3308 3385 3384
6985 2 2 104 104 3309 3310 3385
6986 2 2 104 104 3310 3386 3385
6987 2 2 104 104 3310 3311 3387
6988 2 2 104 104 3310 3387 3386
6989 2 2 104 104 3311 3312 3387
6990 2 2 104 104 3312 3388 3387
6991 2 2 104 104 3312 3313 3389
6992 2 2 104 104 3312 3389 3388
6993 2 2 104 104 3313 3314 3389
6994 2 2 104 104 3314 3390 3389
6995 2 2 104 104 3314 3315 3391
6996 2 2 104 104 3314 3391 3390
6997 2 2 104 104 3315 3316 3391
6998 2 2 104 104 3316 3392 3391
6999 2 2 104 104 3316 3317 3393
7000 2 2 104 104 3316 3393 3392
7001 2 2 104 104 3317 3318 3393
7002 2 2 104 104 3318 3394 3393
7003 2 2 104 104 3318 3319 3395
7004 2 2 104 104 3318 3395 3394
7005 2 2 104 104 3319 3320 3395
7006 2 2 104 104 3320 3396 3395
7007 2 2 104 104 3320 3321 3397
7008 2 2 104 104 3320 3397 3396
7009 2 2 104 104 3321 3322 3397
7010 2 2 104 104 3322 3398 3397
7011 2 2 104 104 3322 3323 3399
7012 2 2 104 104 3322 3399 3398
7013 2 2 104 104 3323 3324 3399
7014 2 2 104 104 3324 3400 3399
7015 2 2 104 104 3324 3325 3401
7016 2 2 104 104 3324 3401 3400
7017 2 2 104 104 3325 3326 3401
7018 2 2 104 104 3326 3402 3401
7019 2 2 104 104 3326 3327 3403
7020 2 2 104 104 3326 3403 3402
7021 2 2 104 104 3327 3328 3403
7022 2 2 104 104 3328 3404 3403
7023 2 2 104 104 3328 3329 3405
7024 2 2 104 104 3328 3405 3404
7025 2 2 104 104 3329 3330 3405
7026 2 2 104 104 3330 3406 3405
7027 2 2 104 104 3330 3331 3407
7028 2 2 104 104 3330 3407 3406
7029 2 2 104 104 3331 3332 3407
7030 2 2 104 104 3332 3408 3407
7031 2 2 104 104 3332 3333 3409
7032 2 2 104 104 3332 3409 3408
7033 2 2 104 104 3333 3334 3409
7034 2 2 104 104 3334 3410 3409
7035 2 2 104 104 3334 3335 3411
7036 2 2 104 104 3334 3411 3410
7037 2 2 104 104 3335 3336 3411
7038 2 2 104 104 3336 3412 3411
7039 2 2 104 104 3336 3337 3413
7040 2 2 104 104 3336 3413 3412
7041 2 2 104 104 3337 3338 3413
7042 2 2 104 104 3338 3414 3413
7043 2 2 104 104 3338 3339 3415
7044 2 2 104 104 3338 3415 3414
7045 2 2 104 104 3339 3340 3415
7046 2 2 104 104 3340 3416 3415
7047 2 2 104 104 3340 3341 3417
7048 2 2 104 104 3340 3417 3416
7049 2 2 104 104 3341 3342 3417
7050 2 2 104 104 3342 3418 3417
7051 2 2 104 104 3342 3343 3419
7052 2 2 104 104 3342 3419 3418
7053 2 2 104 104 3343 3344 3419
7054 2 2 104 104 3344 3420 3419
7055 2 2 104 104 3345 3346 3422
7056 2 2 104 104 3345 3422 3421
7057 2 2 104 104 3346 3347 3422
7058 2 2 104 104 3347 3423 3422
7059 2 2 104 104 3347 3348 3424
7060 2 2 104 104 3347 3424 3423
7061 2 2 104 104 3348 3349 3424
7062 2 2 104 104 3349 3425 3424
7063 2 2 104 104 3349 3350 3426
7064 2 2 104 104 3349 3426 3425
7065 2 2 104 104 3350 3351 3426
7066 2 2 104 104 3351 3427 3426
7067 2 2 104 104 3351 3352 3428
7068 2 2 104 104 3351 3428 3427
7069 2 2 104 104 3352 3353 3428
7070 2 2 104 104 3353 3429 3428
7071 2 2 104 104 3353 3354 3430
7072 2 2 104 104 3353 3430 3429
7073 2 2 104 104 3354 3355 3430
7074 2 2 104 104 3355 3431 3430
7075 2 2 104 104 3355 3356 3432
7076 2 2 104 104 3355 3432 3431
7077 2 2 104 104 3356 3357 3432
7078 2 2 104 104 3357 3433 3432
7079 2 2 104 104 3357 3358 3434
7080 2 2 104 104 3357 3434 3433
7081 2 2 104 104 3358 3359 3434
7082 2 2 104 104 3359 3435 3434
7083 2 2 104 104 3359 3360 3436
7084 2 2 104 104 3359 3436 3435
7085 2 2 104 104 3360 3361 3436
7086 2 2 104 104 3361 3437 3436
7087 2 2 104 104 3361 3362 3438
7088 2 2 104 104 3361 3438 3437
7089 2 2 104 104 3362 3363 3438
7090 2 2 104 104 3363 3439 3438
7091 2 2 104 104 3363 3364 3440
7092 2 2 104 104 3363 3440 3439
7093 2 2 104 104 3364 3365 3440
7094 2 2 104 104 3365 3441 3440
7095 2 2 104 104 3365 3366 3442
7096 2 2 104 104 3365 3442 3441
7097 2 2 104 104 3366 3367 3442
7098 2 2 104 104 3367 3443 3442
7099 2 2 104 104 3367 3368 3444
7100 2 2 104 104 3367 3444 3443
7101 2 2 104 104 3368 3369 3444
7102 2 2 104 104 3369 3445 3444
7103 2 2 104 104 3369 3370 3446
7104 2 2 104 104 3369 3446 3445
7105 2 2 104 104 3370 3371 3446
7106 2 2 104 104 3371 3447 3446
7107 2 2 104 104 3371 3372 3448
7108 2 2 104 104 3371 3448 3447
7109 2 2 104 104 3372 3373 3448
7110 2 2 104 104 3373 3449 3448
7111 2 2 104 104 3373 3374 3450
7112 2 2 104 104 3373 3450 3449
7113 2 2 104 104 3374 3375 3450
7114 2 2 104 104 3375 3451 3450
7115 2 2 104 104 3375 3376 3452
7116 2 2 104 104 3375 3452 3451
7117 2 2 104 104 3376 3377 3452
7118 2 2 104 104 3377 3453 3452
7119 2 2 104 104 3377 3378 3454
7120 2 2 104 104 3377 3454 3453
7121 2 2 104 104 3378 3379 3454
7122 2 2 104 104 3379 3455 3454
7123 2 2 104 104 3379 3380 3456
7124 2 2 104 104 3379 3456 3455
7125 2 2 104 104 3380 3381 3456
7126 2 2 104 104 3381 3457 3456
7127 2 2 104 104 3381 3382 3458
7128 2 2 104 104 3381 3458 3457
7129 2 2 104 104 3382 3383 3458
7130 2 2 104 104 3383 3459 3458
7131 2 2 104 104 3383 3384 3460
7132 2 2 104 104 3383 3460 3459
7133 2 2 104 104 3384 3385 3460
7134 2 2 104 104 3385 3461 3460
7135 2 2 104 104 3385 3386 3462
7136 2 2 104 104 3385 3462 3461
7137 2 2 104 104 3386 3387 3462
7138 2 2 104 104 3387 3463 3462
7139 2 2 104 104 3387 3388 3464
7140 2 2 104 104 3387 3464 3463
7141 2 2 104 104 3388 3389 3464
7142 2 2 104 104 3389 3465 3464
7143 2 2 104 104 3389 3390 3466
7144 2 2 104 104 3389 3466 3465
7145 2 2 104 104 3390 3391 3466
7146 2 2 104 104 3391 3467 3466
7147 2 2 104 104 3391 3392 3468
7148 2 2 104 104 3391 3468 3467
7149 2 2 104 104 3392 3393 3468
7150 2 2 104 104 3393 3469 3468
7151 2 2 104 104 3393 3394 3470
7152 2 2 104 104 3393 3470 3469
7153 2 2 104 104 3394 3395 3470
7154 2 2 104 104 3395 3471 3470
7155 2 2 104 104 3395 3396 3472
7156 2 2 104 104 3395 3472 3471
7157 2 2 104 104 3396 3397 3472
7158 2 2 104 104 3397 3473 3472
7159 2 2 104 104 3397 3398 3474
7160 2 2 104 104 3397 3474 3473
7161 2 2 104 104 3398 3399 3474
7162 2 2 104 104 3399 3475 3474
7163 2 2 104 104 3399 3400 3476
7164 2 2 104 104 3399 3476 3475
7165 2 2 104 104 3400 3401 3476
7166 2 2 104 104 3401 3477 3476
7167 2 2 104 104 3401 3402 3478
7168 2 2 104 104 3401 3478 3477
7169 2 2 104 104 3402 3403 3478
7170 2 2 104 104 3403 3479 3478
7171 2 2 104 104 3403 3404 3480
7172 2 2 104 104 3403 3480 3479
7173 2 2 104 104 3404 3405 3480
7174 2 2 104 104 3405 3481 3480
7175 2 2 104 104 3405 3406 3482
7176 2 2 104 104 3405 3482 3481
7177 2 2 104 104 3406 3407 3482
7178 2 2 104 104 3407 3483 3482
7179 2 2 104 104 3407 3408 3484
7180 2 2 104 104 3407 3484 3483
7181 2 2 104 104 3408 3409 3484
7182 2 2 104 104 3409 3485 3484
7183 2 2 104 104 3409 3410 3486
7184 2 2 104 104 3409 3486 3485
7185 2 2 104 104 3410 3411 3486
7186 2 2 104 104 3411 3487 3486
7187 2 2 104 104 3411 3412 3488
7188 2 2 104 104 3411 3488 3487
7189 2 2 104 104 3412 3413 3488
7190 2 2 104 104 3413 3489 3488
7191 2 2 104 104 3413 3414 3490
7192 2 2 104 104 3413 3490 3489
7193 2 2 104 104 3414 3415 3490
7194 2 2 104 104 3415 3491 3490
7195 2 2 104 104 3415 3416 3492
7196 2 2 104 104 3415 3492 3491
7197 2 2 104 104 3416 3417 3492
7198 2 2 104 104 3417 3493 3492
7199 2 2 104 104 3417 3418 3494
7200 2 2 104 104 3417 3494 3493
7201 2 2 104 104 3418 3419 3494
7202 2 2 104 104 3419 3495 3494
7203 2 2 104 104 3419 3420 3496
7204 2 2 104 104 3419 3496 3495
7205 2 2 104 104 3421 3422 3497
7206 2 2 104 104 3422 3498 3497
7207 2 2 104 104 3422 3423 3499
7208 2 2 104 104 3422 3499 3498
7209 2 2 104 104 3423 3424 3499
7210 2 2 104 104 3424 3500 3499
7211 2 2 104 104 3424 3425 3501
7212 2 2 104 104 3424 3501 3500
7213 2 2 104 104 3425 3426 3501
7214 2 2 104 104 3426 3502 3501
7215 2 2 104 104 3426 3427 3503
7216 2 2 104 104 3426 3503 3502
7217 2 2 104 104 3427 3428 3503
7218 2 2 104 104 3428 3504 3503
7219 2 2 104 104 3428 3429 3505
7220 2 2 104 104 3428 3505 3504
7221 2 2 104 104 3429 3430 3505
7222 2 2 104 104 3430 3506 3505
7223 2 2 104 104 3430 3431 3507
7224 2 2 104 104 3430 3507 3506
7225 2 2 104 104 3431 3432 3507
7226 2 2 104 104 3432 3508 3507
7227 2 2 104 104 3432 3433 3509
7228 2 2 104 104 3432 3509 3508
7229 2 2 104 104 3433 3434 3509
7230 2 2 104 104 3434 3510 3509
7231 2 2 104 104 3434 3435 3511
7232 2 2 104 104 3434 3511 3510
7233 2 2 104 104 3435 3436 3511
7234 2 2 104 104 3436 3512 3511
7235 2 2 104 104 3436 3437 3513
7236 2 2 104 104 3436 3513 3512
7237 2 2 104 104 3437 3438 3513
7238 2 2 104 104 3438 3514 3513
7239 2 2 104 104 3438 3439 3515
7240 2 2 104 104 3438 3515 3514
7241 2 2 104 104 3439 3440 3515
7242 2 2 104 104 3440 3516 3515
7243 2 2 104 104 3440 3441 3517
7244 2 2 104 104 3440 3517 3516
7245 2 2 104 104 3441 3442 3517
7246 2 2 104 104 3442 3518 3517
7247 2 2 104 104 3442 3443 3519
7248 2 2 104 104 3442 3519 3518
7249 2 2 104 104 3443 3444 3519
7250 2 2 104 104 3444 3520 3519
7251 2 2 104 104 3444 3445 3521
7252 2 2 104 104 3444 3521 3520
7253 2 2 104 104 3445 3446 3521
7254 2 2 104 104 3446 3522 3521
7255 2 2 104 104 3446 3447 3523
7256 2 2 104 104 3446 3523 3522
7257 2 2 104 104 3447 3448 3523
7258 2 2 104 104 3448 3524 3523
7259 2 2 104 104 3448 3449 3525
7260 2 2 104 104 3448 3525 3524
7261 2 2 104 104 3449 3450 3525
7262 2 2 104 104 3450 3526 3525
7263 2 2 104 104 3450 3451 3527
7264 2 2 104 104 3450 3527 3526
7265 2 2 104 104 3451 3452 3527
7266 2 2 104 104 3452 3528 3527
7267 2 2 104 104 3452 3453 3529
7268 2 2 104 104 3452 3529 3528
7269 2 2 104 104 3453 3454 3529
7270 2 2 104 104 3454 3530 3529
7271 2 2 104 104 3454 3455 3531
7272 2 2 104 104 3454 3531 3530
7273 2 2 104 104 3455 3456 3531
7274 2 2 104 104 3456 3532 3531
7275 2 2 104 104 3456 3457 3533
7276 2 2 104 104 3456 3533 3532
7277 2 2 104 104 3457 3458 3533
7278 2 2 104 104 3458 3534 3533
7279 2 2 104 104 3458 3459 3535
7280 2 2 104 104 3458 3535 3534
7281 2 2 104 104 3459 3460 3535
7282 2 2 104 104 3460 3536 3535
7283 2 2 104 104 3460 3461 3537
7284 2 2 104 104 3460 3537 3536
7285 2 2 104 104 3461 3462 3537
7286 2 2 104 104 3462 3538 3537
7287 2 2 104 104 3462 3463 3539
7288 2 2 104 104 3462 3539 3538
7289 2 2 104 104 3463 3464 3539
7290 2 2 104 104 3464 3540 3539
7291 2 2 104 104 3464 3465 3541
7292 2 2 104 104 3464 3541 3540
7293 2 2 104 104 3465 3466 3541
7294 2 2 104 104 3466 3542 3541
7295 2 2 104 104 3466 3467 3543
7296 2 2 104 104 3466 3543 3542
7297 2 2 104 104 3467 3468 3543
7298 2 2 104 104 3468 3544 3543
7299 2 2 104 104 3468 3469 3545
7300 2 2 104 104 3468 3545 3544
7301 2 2 104 104 3469 3470 3545
7302 2 2 104 104 3470 3546 3545
7303 2 2 104 104 3470 3471 3547
7304 2 2 104 104 3470 3547 3546
7305 2 2 104 104 3471 3472 3547
7306 2 2 104 104 3472 3548 3547
7307 2 2 104 104 3472 3473 3549
7308 2 2 104 104 3472 3549 3548
7309 2 2 104 104 3473 3474 3549
7310 2 2 104 104 3474 3550 3549
7311 2 2 104 104 3474 3475 3551
7312 2 2 104 104 3474 3551 3550
7313 2 2 104 104 3475 3476 3551
7314 2 2 104 104 3476 3552 3551
7315 2 2 104 104 3476 3477 3553
7316 2 2 104 104 3476 3553 3552
7317 2 2 104 104 3477 3478 3553
7318 2 2 104 104 3478 3554 3553
7319 2 2 104 104 3478 3479 3555
7320 2 2 104 104 3478 3555 3554
7321 2 2 104 104 3479 3480 3555
7322 2 2 104 104 3480 3556 3555
7323 2 2 104 104 3480 3481 3557
7324 2 2 104 104 3480 3557 3556
7325 2 2 104 104 3481 3482 3557
7326 2 2 104 104 3482 3558 3557
7327 2 2 104 104 3482 3483 3559
7328 2 2 104 104 3482 3559 3558
7329 2 2 104 104 3483 3484 3559
7330 2 2 104 104 3484 3560 3559
7331 2 2 104 104 3484 3485 3561
7332 2 2 104 104 3484 3561 3560
7333 2 2 104 104 3485 3486 3561
7334 2 2 104 104 3486 3562 3561
7335 2 2 104 104 3486 3487 3563
7336 2 2 104 104 3486 3563 3562
7337 2 2 104 104 3487 3488 3563
7338 2 2 104 104 3488 3564 3563
7339 2 2 104 104 3488 3489 3565
7340 2 2 104 104 3488 3565 3564
7341 2 2 104 104 3489 3490 3565
7342 2 2 104 104 3490 3566 3565
7343 2 2 104 104 3490 3491 3567
7344 2 2 104 104 3490 3567 3566
7345 2 2 104 104 3491 3492 3567
7346 2 2 104 104 3492 3568 3567
7347 2 2 104 104 3492 3493 3569
7348 2 2 104 104 3492 3569 3568
7349 2 2 104 104 3493 3494 3569
7350 2 2 104 104 3494 3570 3569
7351 2 2 104 104 3494 3495 3571
7352 2 2 104 104 3494 3571 3570
7353 2 2 104 104 3495 3496 3571
7354 2 2 104 104 3496 3572 3571
7355 2 2 104 104 3497 3498 3574
7356 2 2 104 104 3497 3574 3573
7357 2 2 104 104 3498 3499 3574
7358 2 2 104 104 3499 3575 3574
7359 2 2 104 104 3499 3500 3576
7360 2 2 104 104 3499 3576 3575
7361 2 2 104 104 3500 3501 3576
7362 2 2 104 104 3501 3577 3576
7363 2 2 104 104 3501 3502 3578
7364 2 2 104 104 3501 3578 3577
7365 2 2 104 104 3502 3503 3578
7366 2 2 104 104 3503 3579 3578
7367 2 2 104 104 3503 3504 3580
7368 2 2 104 104 3503 3580 3579
7369 2 2 104 104 3504 3505 3580
7370 2 2 104 104 3505 3581 3580
7371 2 2 104 104 3505 3506 3582
7372 2 2 104 104 3505 3582 3581
7373 2 2 104 104 3506 3507 3582
7374 2 2 104 104 3507 3583 3582
7375 2 2 104 104 3507 3508 3584
7376 2 2 104 104 3507 3584 3583
7377 2 2 104 104 3508 3509 3584
7378 2 2 104 104 3509 3585 3584
7379 2 2 104 104 3509 3510 3586
7380 2 2 104 104 3509 3586 3585
7381 2 2 104 104 3510 3511 3586
7382 2 2 104 104 3511 3587 3586
7383 2 2 104 104 3511 3512 3588
7384 2 2 104 104 3511 3588 3587
7385 2 2 104 104 3512 3513 3588
7386 2 2 104 104 3513 3589 3588
7387 2 2 104 104 3513 3514 3590
7388 2 2 104 104 3513 3590 3589
7389 2 2 104 104 3514 3515 3590
7390 2 2 104 104 3515 3591 3590
7391 2 2 104 104 3515 3516 3592
7392 2 2 104 104 3515 3592 3591
7393 2 2 104 104 3516 3517 3592
7394 2 2 104 104 3517 3593 3592
7395 2 2 104 104 3517 3518 3594
7396 2 2 104 104 3517 3594 3593
7397 2 2 104 104 3518 3519 3594
7398 2 2 104 104 3519 3595 3594
7399 2 2 104 104 3519 3520 3596
7400 2 2 104 104 3519 3596 3595
7401 2 2 104 104 3520 3521 3596
7402 2 2 104 104 3521 3597 3596
7403 2 2 104 104 3521 3522 3598
7404 2 2 104 104 3521 3598 3597
7405 2 2 104 104 3522 3523 3598
7406 2 2 104 104 3523 3599 3598
7407 2 2 104 104 3523 3524 3600
7408 2 2 104 104 3523 3600 3599
7409 2 2 104 104 3524 3525 3600
7410 2 2 104 104 3525 3601 3600
7411 2 2 104 104 3525 3526 3602
7412 2 2 104 104 3525 3602 3601
7413 2 2 104 104 3526 3527 3602
7414 2 2 104 104 3527 3603 3602
7415 2 2 104 104 3527 3528 3604
7416 2 2 104 104 3527 3604 3603
7417 2 2 104 104 3528 3529 3604
7418 2 2 104 104 3529 3605 3604
7419 2 2 104 104 3529 3530 3606
7420 2 2 104 104 3529 3606 3605
7421 2 2 104 104 3530 3531 3606
7422 2 2 104 104 3531 3607 3606
7423 2 2 104 104 3531 3532 3608
7424 2 2 104 104 3531 3608 3607
7425 2 2 104 104 3532 3533 3608
7426 2 2 104 104 3533 3609 3608
7427 2 2 104 104 3533 3534 3610
7428 2 2 104 104 3533 3610 3609
7429 2 2 104 104 3534 3535 3610
7430 2 2 104 104 3535 3611 3610
7431 2 2 104 104 3535 3536 3612
7432 2 2 104 104 3535 3612 3611
7433 2 2 104 104 3536 3537 3612
7434 2 2 104 104 3537 3613 3612
7435 2 2 104 104 3537 3538 3614
7436 2 2 104 104 3537 3614 3613
7437 2 2 104 104 3538 3539 3614
7438 2 2 104 104 3539 3615 3614
7439 2 2 104 104 3539 3540 3616
7440 2 2 104 104 3539 3616 3615
7441 2 2 104 104 3540 3541 3616
7442 2 2 104 104 3541 3617 3616
7443 2 2 104 104 3541 3542 3618
7444 2 2 104 104 3541 3618 3617
7445 2 2 104 104 3542 3543 3618
7446 2 2 104 104 3543 3619 3618
7447 2 2 104 104 3543 3544 3620
7448 2 2 104 104 3543 3620 3619
7449 2 2 104 104 3544 3545 3620
7450 2 2 104 104 3545 3621 3620
7451 2 2 104 104 3545 3546 3622
7452 2 2 104 104 3545 3622 3621
7453 2 2 104 104 3546 3547 3622
7454 2 2 104 104 3547 3623 3622
7455 2 2 104 104 3547 3548 3624
7456 2 2 104 104 3547 3624 3623
7457 2 2 104 104 3548 3549 3624
7458 2 2 104 104 3549 3625 3624
7459 2 2 104 104 3549 3550 3626
7460 2 2 104 104 3549 3626 3625
7461 2 2 104 104 3550 3551 3626
7462 2 2 104 104 3551 3627 3626
7463 2 2 104 104 3551 3552 3628
7464 2 2 104 104 3551 3628 3627
7465 2 2 104 104 3552 3553 3628
7466 2 2 104 104 3553 3629 3628
7467 2 2 104 104 3553 3554 3630
7468 2 2 104 104 3553 3630 3629
7469 2 2 104 104 3554 3555 3630
7470 2 2 104 104 3555 3631 3630
7471 2 2 104 104 3555 3556 3632
7472 2 2 104 104 3555 3632 3631
7473 2 2 104 104 3556 3557 3632
7474 2 2 104 104 3557 3633 3632
7475 2 2 104 104 3557 3558 3634
7476 2 2 104 104 3557 3634 3633
7477 2 2 104 104 3558 3559 3634
7478 2 2 104 104 3559 3635 3634
7479 2 2 104 104 3559 3560 3636
7480 2 2 104 104 3559 3636 3635
7481 2 2 104 104 3560 3561 3636
7482 2 2 104 104 3561 3637 3636
7483 2 2 104 104 3561 3562 3638
7484 2 2 104 104 3561 3638 3637
7485 2 2 104 104 3562 3563 3638
7486 2 2 104 104 3563 3639 3638
7487 2 2 104 104 3563 3564 3640
7488 2 2 104 104 3563 3640 3639
7489 2 2 104 104 3564 3565 3640
7490 2 2 104 104 3565 3641 3640
7491 2 2 104 104 3565 3566 3642
7492 2 2 104 104 3565 3642 3641
7493 2 2 104 104 3566 3567 3642
7494 2 2 104 104 3567 3643 3642
7495 2 2 104 104 3567 3568 3644
7496 2 2 104 104 3567 3644 3643
7497 2 2 104 104 3568 3569 3644
7498 2 2 104 104 3569 3645 3644
7499 2 2 104 104 3569 3570 3646
7500 2 2 104 104 3569 3646 3645
7501 2 2 104 104 3570 3571 3646
7502 2 2 104 104 3571 3647 3646
7503 2 2 104 104 3571 3572 3648
7504 2 2 104 104 3571 3648 3647
7505 2 2 104 104 3573 3574 3649
7506 2 2 104 104 3574 3650 3649
7507 2 2 104 104 3574 3575 3651
7508 2 2 104 104 3574 3651 3650
7509 2 2 104 104 3575 3576 3651
7510 2 2 104 104 3576 3652 3651
7511 2 2 104 104 3576 3577 3653
7512 2 2 104 104 3576 3653 3652
7513 2 2 104 104 3577 3578 3653
7514 2 2 104 104 3578 3654 3653
7515 2 2 104 104 3578 3579 3655
7516 2 2 104 104 3578 3655 3654
7517 2 2 104 104 3579 3580 3655
7518 2 2 104 104 3580 3656 3655
7519 2 2 104 104 3580 3581 3657
7520 2 2 104 104 3580 3657 3656
7521 2 2 104 104 3581 3582 3657
7522 2 2 104 104 3582 3658 3657
7523 2 2 104 104 3582 3583 3659
7524 2 2 104 104 3582 3659 3658
7525 2 2 104 104 3583 3584 3659
7526 2 2 104 104 3584 3660 3659
7527 2 2 104 104 3584 3585 3661
7528 2 2 104 104 3584 3661 3660
7529 2 2 104 104 3585 3586 3661
7530 2 2 104 104 3586 3662 3661
7531 2 2 104 104 3586 3587 3663
7532 2 2 104 104 3586 3663 3662
7533 2 2 104 104 3587 3588 3663
7534 2 2 104 104 3588 3664 3663
7535 2 2 104 104 3588 3589 3665
7536 2 2 104 104 3588 3665 3664
7537 2 2 104 104 3589 3590 3665
7538 2 2 104 104 3590 3666 3665
7539 2 2 104 104 3590 3591 3667
7540 2 2 104 104 3590 3667 3666
7541 2 2 104 104 3591 3592 3667
7542 2 2 104 104 3592 3668 3667
7543 2 2 104 104 3592 3593 3669
7544 2 2 104 104 3592 3669 3668
7545 2 2 104 104 3593 3594 3669
7546 2 2 104 104 3594 3670 3669
7547 2 2 104 104 3594 3595 3671
7548 2 2 104 104 3594 3671 3670
7549 2 2 104 104 3595 3596 3671
7550 2 2 104 104 3596 3672 3671
7551 2 2 104 104 3596 3597 3673
7552 2 2 104 104 3596 3673 3672
7553 2 2 104 104 3597 3598 3673
7554 2 2 104 104 3598 3674 3673
7555 2 2 104 104 3598 3599 3675
7556 2 2 104 104 3598 3675 3674
7557 2 2 104 104 3599 3600 3675
7558 2 2 104 104 3600 3676 3675
7559 2 2 104 104 3600 3601 3677
7560 2 2 104 104 3600 3677 3676
7561 2 2 104 104 3601 3602 3677
7562 2 2 104 104 3602 3678 3677
7563 2 2 104 104 3602 3603 3679
7564 2 2 104 104 3602 3679 3678
7565 2 2 104 104 3603 3604 3679
7566 2 2 104 104 3604 3680 3679
7567 2 2 104 104 3604 3605 3681
7568 2 2 104 104 3604 3681 3680
7569 2 2 104 104 3605 3606 3681
7570 2 2 104 104 3606 3682 3681
7571 2 2 104 104 3606 3607 3683
7572 2 2 104 104 3606 3683 3682
7573 2 2 104 104 3607 3608 3683
7574 2 2 104 104 3608 3684 3683
7575 2 2 104 104 3608 3609 3685
7576 2 2 104 104 3608 3685 3684
7577 2 2 104 104 3609 3610 3685
7578 2 2 104 104 3610 3686 3685
7579 2 2 104 104 3610 3611 3687
7580 2 2 104 104 3610 3687 3686
7581 2 2 104 104 3611 3612 3687
7582 2 2 104 104 3612 3688 3687
7583 2 2 104 104 3612 3613 3689
7584 2 2 104 104 3612 3689 3688
7585 2 2 104 104 3613 3614 3689
7586 2 2 104 104 3614 3690 3689
7587 2 2 104 104 3614 3615 3691
7588 2 2 104 104 3614 3691 3690
7589 2 2 104 104 3615 3616 3691
7590 2 2 104 104 3616 3692 3691
7591 2 2 104 104 3616 3617 3693
7592 2 2 104 104 3616 3693 3692
7593 2 2 104 104 3617 3618 3693
7594 2 2 104 104 3618 3694 3693
7595 2 2 104 104 3618 3619 3695
7596 2 2 104 104 3618 3695 3694
7597 2 2 104 104 3619 3620 3695
7598 2 2 104 104 3620 3696 3695
7599 2 2 104 104 3620 3621 3697
7600 2 2 104 104 3620 3697 3696
7601 2 2 104 104 3621 3622 3697
7602 2 2 104 104 3622 3698 3697
7603 2 2 104 104 3622 3623 3699
7604 2 2 104 104 3622 3699 3698
7605 2 2 104 104 3623 3624 3699
7606 2 2 104 104 3624 3700 3699
7607 2 2 104 104 3624 3625 3701
7608 2 2 104 104 3624 3701 3700
7609 2 2 104 104 3625 3626 3701
7610 2 2 104 104 3626 3702 3701
7611 2 2 104 104 3626 3627 3703
7612 2 2 104 104 3626 3703 3702
7613 2 2 104 104 3627 3628 3703
7614 2 2 104 104 3628 3704 3703
7615 2 2 104 104 3628 3629 3705
7616 2 2 104 104 3628 3705 3704
7617 2 2 104 104 3629 3630 3705
7618 2 2 104 104 3630 3706 3705
7619 2 2 104 104 3630 3631 3707
7620 2 2 104 104 3630 3707 3706
7621 2 2 104 104 3631 3632 3707
7622 2 2 104 104 3632 3708 3707
7623 2 2 104 104 3632 3633 3709
7624 2 2 104 104 3632 3709 3708
7625 2 2 104 104 3633 3634 3709
7626 2 2 104 104 3634 3710 3709
7627 2 2 104 104 3634 3635 3711
7628 2 2 104 104 3634 3711 3710
7629 2 2 104 104 3635 3636 3711
7630 2 2 104 104 3636 3712 3711
7631 2 2 104 104 3636 3637 3713
7632 2 2 104 104 3636 3713 3712
7633 2 2 104 104 3637 3638 3713
7634 2 2 104 104 3638 3714 3713
7635 2 2 104 104 3638 3639 3715
7636 2 2 104 104 3638 3715 3714
7637 2 2 104 104 3639 3640 3715
7638 2 2 104 104 3640 3716 3715
7639 2 2 104 104 3640 3641 3717
7640 2 2 104 104 3640 3717 3716
7641 2 2 104 104 3641 3642 3717
7642 2 2 104 104 3642 3718 3717
7643 2 2 104 104 3642 3643 3719
7644 2 2 104 104 3642 3719 3718
7645 2 2 104 104 3643 3644 3719
7646 2 2 104 104 3644 3720 3719
7647 2 2 104 104 3644 3645 3721
7648 2 2 104 104 3644 3721 3720
7649 2 2 104 104 3645 3646 3721
7650 2 2 104 104 3646 3722 3721
7651 2 2 104 104 3646 3647 3723
7652 2 2 104 104 3646 3723 3722
7653 2 2 104 104 3647 3648 3723
7654 2 2 104 104 3648 3724 3723
7655 2 2 104 104 3649 3650 3726
7656 2 2 104 104 3649 3726 3725
7657 2 2 104 104 3650 3651 3726
7658 2 2 104 104 3651 3727 3726
7659 2 2 104 104 3651 3652 3728
7660 2 2 104 104 3651 3728 3727
7661 2 2 104 104 3652 3653 3728
7662 2 2 104 104 3653 3729 3728
7663 2 2 104 104 3653 3654 3730
7664 2 2 104 104 3653 3730 3729
7665 2 2 104 104 3654 3655 3730
7666 2 2 104 104 3655 3731 3730
7667 2 2 104 104 3655 3656 3732
7668 2 2 104 104 3655 3732 3731
7669 2 2 104 104 3656 3657 3732
7670 2 2 104 104 3657 3733 3732
7671 2 2 104 104 3657 3658 3734
7672 2 2 104 104 3657 3734 3733
7673 2 2 104 104 3658 3659 3734
7674 2 2 104 104 3659 3735 3734
7675 2 2 104 104 3659 3660 3736
7676 2 2 104 104 3659 3736 3735
7677 2 2 104 104 3660 3661 3736
7678 2 2 104 104 3661 3737 3736
7679 2 2 104 104 3661 3662 3738
7680 2 2 104 104 3661 3738 3737
7681 2 2 104 104 3662 3663 3738
7682 2 2 104 104 3663 3739 3738
7683 2 2 104 104 3663 3664 3740
7684 2 2 104 104 3663 3740 3739
7685 2 2 104 104 3664 3665 3740
7686 2 2 104 104 3665 3741 3740
7687 2 2 104 104 3665 3666 3742
7688 2 2 104 104 3665 3742 3741
7689 2 2 104 104 3666 3667 3742
7690 2 2 104 104 3667 3743 3742
7691 2 2 104 104 3667 3668 3744
7692 2 2 104 104 3667 3744 3743
7693 2 2 104 104 3668 3669 3744
7694 2 2 104 104 3669 3745 3744
7695 2 2 104 104 3669 3670 3746
7696 2 2 104 104 3669 3746 3745
7697 2 2 104 104 3670 3671 3746
7698 2 2 104 104 3671 3747 3746
7699 2 2 104 104 3671 3672 3748
7700 2 2 104 104 3671 3748 3747
7701 2 2 104 104 3672 3673 3748
7702 2 2 104 104 3673 3749 3748
7703 2 2 104 104 3673 3674 3750
7704 2 2 104 104 3673 3750 3749
7705 2 2 104 104 3674 3675 3750
7706 2 2 104 104 3675 3751 3750
7707 2 2 104 104 3675 3676 3752
7708 2 2 104 104 3675 3752 3751
7709 2 2 104 104 3676 3677 3752
7710 2 2 104 104 3677 3753 3752
7711 2 2 104 104 3677 3678 3754
7712 2 2 104 104 3677 3754 3753
7713 2 2 104 104 3678 3679 3754
7714 2 2 104 104 3679 3755 3754
7715 2 2 104 104 3679 3680 3756
7716 2 2 104 104 3679 3756 3755
7717 2 2 104 104 3680 3681 3756
7718 2 2 104 104 3681 3757 3756
7719 2 2 104 104 3681 3682 3758
7720 2 2 104 104 3681 3758 3757
7721 2 2 104 104 3682 3683 3758
7722 2 2 104 104 3683 3759 3758
7723 2 2 104 104 3683 3684 3760
7724 2 2 104 104 3683 3760 3759
7725 2 2 104 104 3684 3685 3760
7726 2 2 104 104 3685 3761 3760
7727 2 2 104 104 3685 3686 3762
7728 2 2 104 104 3685 3762 3761
7729 2 2 104 104 3686 3687 3762
7730 2 2 104 104 3687 3763 3762
7731 2 2 104 104 3687 3688 3764
7732 2 2 104 104 3687 3764 3763
7733 2 2 104 104 3688 3689 3764
7734 2 2 104 104 3689 3765 3764
7735 2 2 104 104 3689 3690 3766
7736 2 2 104 104 3689 3766 3765
7737 2 2 104 104 3690 3691 3766
7738 2 2 104 104 3691 3767 3766
7739 2 2 104 104 3691 3692 3768
7740 2 2 104 104 3691 3768 3767
7741 2 2 104 104 3692 3693 3768
7742 2 2 104 104 3693 3769 3768
7743 2 2 104 104 3693 3694 3770
7744 2 2 104 104 3693 3770 3769
7745 2 2 104 104 3694 3695 3770
7746 2 2 104 104 3695 3771 3770
7747 2 2 104 104 3695 3696 3772
7748 2 2 104 104 3695 3772 3771
7749 2 2 104 104 3696 3697 3772
7750 2 2 104 104 3697 3773 3772
7751 2 2 104 104 3697 3698 3774
7752 2 2 104 104 3697 3774 3773
7753 2 2 104 104 3698 3699 3774
7754 2 2 104 104 3699 3775 3774
7755 2 2 104 104 3699 3700 3776
7756 2 2 104 104 3699 3776 3775
7757 2 2 104 104 3700 3701 3776
7758 2 2 104 104 3701 3777 3776
7759 2 2 104 104 3701 3702 3778
7760 2 2 104 104 3701 3778 3777
7761 2 2 104 104 3702 3703 3778
7762 2 2 104 104 3703 3779 3778
7763 2 2 104 104 3703 3704 3780
7764 2 2 104 104 3703 3780 3779
7765 2 2 104 104 3704 3705 3780
7766 2 2 104 104 3705 3781 3780
7767 2 2 104 104 3705 3706 3782
7768 2 2 104 104 3705 3782 3781
7769 2 2 104 104 3706 3707 3782
7770 2 2 104 104 3707 3783 3782
7771 2 2 104 104 3707 3708 3784
7772 2 2 104 104 3707 3784 3783
7773 2 2 104 104 3708 3709 3784
7774 2 2 104 104 3709 3785 3784
7775 2 2 104 104 3709 3710 3786
7776 2 2 104 104 3709 3786 3785
7777 2 2 104 104 3710 3711 3786
7778 2 2 104 104 3711 3787 3786
7779 2 2 104 104 3711 3712 3788
7780 2 2 104 104 3711 3788 3787
7781 2 2 104 104 3712 3713 3788
7782 2 2 104 104 3713 3789 3788
7783 2 2 104 104 3713 3714 3790
7784 2 2 104 104 3713 3790 3789
7785 2 2 104 104 3714 3715 3790
7786 2 2 104 104 3715 3791 3790
7787 2 2 104 104 3715 3716 3792
7788 2 2 104 104 3715 3792 3791
7789 2 2 104 104 3716 3717 3792
7790 2 2 104 104 3717 3793 3792
7791 2 2 104 104 3717 3718 3794
7792 2 2 104 104 3717 3794 3793
7793 2 2 104 104 3718 3719 3794
7794 2 2 104 104 3719 3795 3794
7795 2 2 104 104 3719 3720 3796
7796 2 2 104 104 3719 3796 3795
7797 2 2 104 104 3720 3721 3796
7798 2 2 104 104 3721 3797 3796
7799 2 2 104 104 3721 3722 3798
7800 2 2 104 104 3721 3798 3797
7801 2 2 104 104 3722 3723 3798
7802 2 2 104 104 3723 3799 3798
7803 2 2 104 104 3723 3724 3800
7804 2 2 104 104 3723 3800 3799
7805 2 2 104 104 3725 3726 3801
7806 2 2 104 104 3726 3802 3801
7807 2 2 104 104 3726 3727 3803
7808 2 2 104 104 3726 3803 3802
7809 2 2 104 104 3727 3728 3803
7810 2 2 104 104 3728 3804 3803
7811 2 2 104 104 3728 3729 3805
7812 2 2 104 104 3728 3805 3804
7813 2 2 104 104 3729 3730 3805
7814 2 2 104 104 3730 3806 3805
7815 2 2 104 104 3730 3731 3807
7816 2 2 104 104 3730 3807 3806
7817 2 2 104 104 3731 3732 3807
7818 2 2 104 104 3732 3808 3807
7819 2 2 104 104 3732 3733 3809
7820 2 2 104 104 3732 3809 3808
7821 2 2 104 104 3733 3734 3809
7822 2 2 104 104 3734 3810 3809
7823 2 2 104 104 3734 3735 3811
7824 2 2 104 104 3734 3811 3810
7825 2 2 104 104 3735 3736 3811
7826 2 2 104 104 3736 3812 3811
7827 2 2 104 104 3736 3737 3813
7828 2 2 104 104 3736 3813 3812
7829 2 2 104 104 3737 3738 3813
7830 2 2 104 104 3738 3814 3813
7831 2 2 104 104 3738 3739 3815
7832 2 2 104 104 3738 3815 3814
7833 2 2 104 104 3739 3740 3815
7834 2 2 104 104 3740 3816 3815
7835 2 2 104 104 3740 3741 3817
7836 2 2 104 104 3740 3817 3816
7837 2 2 104 104 3741 3742 3817
7838 2 2 104 104 3742 3818 3817
7839 2 2 104 104 3742 3743 3819
7840 2 2 104 104 3742 3819 3818
7841 2 2 104 104 3743 3744 3819
7842 2 2 104 104 3744 3820 3819
7843 2 2 104 104 3744 3745 3821
7844 2 2 104 104 3744 3821 3820
7845 2 2 104 104 3745 3746 3821
7846 2 2 104 104 3746 3822 3821
7847 2 2 104 104 3746 3747 3823
7848 2 2 104 104 3746 3823 3822
7849 2 2 104 104 3747 3748 3823
7850 2 2 104 104 3748 3824 3823
7851 2 2 104 104 3748 3749 3825
7852 2 2 104 104 3748 3825 3824
7853 2 2 104 104 3749 3750 3825
7854 2 2 104 104 3750 3826 3825
7855 2 2 104 104 3750 3751 3827
7856 2 2 104 104 3750 3827 3826
7857 2 2 104 104 3751 3752 3827
7858 2 2 104 104 3752 3828 3827
7859 2 2 104 104 3752 3753 3829
7860 2 2 104 104 3752 3829 3828
7861 2 2 104 104 3753 3754 3829
7862 2 2 104 104 3754 3830 3829
7863 2 2 104 104 3754 3755 3831
7864 2 2 104 104 3754 3831 3830
7865 2 2 104 104 3755 3756 3831
7866 2 2 104 104 3756 3832 3831
7867 2 2 104 104 3756 3757 3833
7868 2 2 104 104 3756 3833 3832
7869 2 2 104 104 3757 3758 3833
7870 2 2 104 104 3758 3834 3833
7871 2 2 104 104 3758 3759 3835
7872 2 2 104 104 3758 3835 3834
7873 2 2 104 104 3759 3760 3835
7874 2 2 104 104 3760 3836 3835
7875 2 2 104 104 3760 3761 3837
7876 2 2 104 104 3760 3837 3836
7877 2 2 104 104 3761 3762 3837
7878 2 2 104 104 3762 3838 3837
7879 2 2 104 104 3762 3763 3839
7880 2 2 104 104 3762 3839 3838
7881 2 2 104 104 3763 3764 3839
7882 2 2 104 104 3764 3840 3839
7883 2 2 104 104 3764 3765 3841
7884 2 2 104 104 3764 3841 3840
7885 2 2 104 104 3765 3766 3841
7886 2 2 104 104 3766 3842 3841
7887 2 2 104 104 3766 3767 3843
7888 2 2 104 104 3766 3843 3842
7889 2 2 104 104 3767 3768 3843
7890 2 2 104 104 3768 3844 3843
7891 2 2 104 104 3768 3769 3845
7892 2 2 104 104 3768 3845 3844
7893 2 2 104 104 3769 3770 3845
7894 2 2 104 104 3770 3846 3845
7895 2 2 104 104 3770 3771 3847
7896 2 2 104 104 3770 3847 3846
7897 2 2 104 104 3771 3772 3847
7898 2 2 104 104 3772 3848 3847
7899 2 2 104 104 3772 3773 3849
7900 2 2 104 104 3772 3849 3848
7901 2 2 104 104 3773 3774 3849
7902 2 2 104 104 3774 3850 3849
7903 2 2 104 104 3774 3775 3851
7904 2 2 104 104 3774 3851 3850
7905 2 2 104 104 3775 3776 3851
7906 2 2 104 104 3776 3852 3851
7907 2 2 104 104 3776 3777 3853
7908 2 2 104 104 3776 3853 3852
7909 2 2 104 104 3777 3778 3853
7910 2 2 104 104 3778 3854 3853
7911 2 2 104 104 3778 3779 3855
7912 2 2 104 104 3778 3855 3854
7913 2 2 104 104 3779 3780 3855
7914 2 2 104 104 3780 3856 3855
7915 2 2 104 104 3780 3781 3857
7916 2 2 104 104 3780 3857 3856
7917 2 2 104 104 3781 3782 3857
7918 2 2 104 104 3782 3858 3857
7919 2 2 104 104 3782 3783 3859
7920 2 2 104 104 3782 3859 3858
7921 2 2 104 104 3783 3784 3859
7922 2 2 104 104 3784 3860 3859
7923 2 2 104 104 3784 3785 3861
7924 2 2 104 104 3784 3861 3860
7925 2 2 104 104 3785 3786 3861
7926 2 2 104 104 3786 3862 3861
7927 2 2 104 104 3786 3787 3863
7928 2 2 104 104 3786 3863 3862
7929 2 2 104 104 3787 3788 3863
7930 2 2 104 104 3788 3864 3863
7931 2 2 104 104 3788 3789 3865
7932 2 2 104 104 3788 3865 3864
7933 2 2 104 104 3789 3790 3865
7934 2 2 104 104 3790 3866 3865
7935 2 2 104 104 3790 3791 3867
7936 2 2 104 104 3790 3867 3866
7937 2 2 104 104 3791 3792 3867
7938 2 2 104 104 3792 3868 3867
7939 2 2 104 104 3792 3793 3869
7940 2 2 104 104 3792 3869 3868
7941 2 2 104 104 3793 3794 3869
7942 2 2 104 104 3794 3870 3869
7943 2 2 104 104 3794 3795 3871
7944 2 2 104 104 3794 3871 3870
7945 2 2 104 104 3795 3796 3871
7946 2 2 104 104 3796 3872 3871
7947 2 2 104 104 3796 3797 3873
7948 2 2 104 104 3796 3873 3872
7949 2 2 104 104 3797 3798 3873
7950 2 2 104 104 3798 3874 3873
7951 2 2 104 104 3798 3799 3875
7952 2 2 104 104 3798 3875 3874
7953 2 2 104 104 3799 3800 3875
7954 2 2 104 104 3800 3876 3875
7955 2 2 104 104 3801 3802 3878
7956 2 2 104 104 3801 3878 3877
7957 2 2 104 104 3802 3803 3878
7958 2 2 104 104 3803 3879 3878
7959 2 2 104 104 3803 3804 3880
7960 2 2 104 104 3803 3880 3879
7961 2 2 104 104 3804 3805 3880
7962 2 2 104 104 3805 3881 3880
7963 2 2 104 104 3805 3806 3882
7964 2 2 104 104 3805 3882 3881
7965 2 2 104 104 3806 3807 3882
7966 2 2 104 104 3807 3883 3882
7967 2 2 104 104 3807 3808 3884
7968 2 2 104 104 3807 3884 3883
7969 2 2 104 104 3808 3809 3884
7970 2 2 104 104 3809 3885 3884
7971 2 2 104 104 3809 3810 3886
7972 2 2 104 104 3809 3886 3885
7973 2 2 104 104 3810 3811 3886
7974 2 2 104 104 3811 3887 3886
7975 2 2 104 104 3811 3812 3888
7976 2 2 104 104 3811 3888 3887
7977 2 2 104 104 3812 3813 3888
7978 2 2 104 104 3813 3889 3888
7979 2 2 104 104 3813 3814 3890
7980 2 2 104 104 3813 3890 3889
7981 2 2 104 104 3814 3815 3890
7982 2 2 104 104 3815 3891 3890
7983 2 2 104 104 3815 3816 3892
7984 2 2 104 104 3815 3892 3891
7985 2 2 104 104 3816 3817 3892
7986 2 2 104 104 3817 3893 3892
7987 2 2 104 104 3817 3818 3894
7988 2 2 104 104 3817 3894 3893
7989 2 2 104 104 3818 3819 3894
7990 2 2 104 104 3819 3895 3894
7991 2 2 104 104 3819 3820 3896
7992 2 2 104 104 3819 3896 3895
7993 2 2 104 104 3820 3821 3896
7994 2 2 104 104 3821 3897 3896
7995 2 2 104 104 3821 3822 3898
7996 2 2 104 104 3821 3898 3897
7997 2 2 104 104 3822 3823 3898
7998 2 2 104 104 3823 3899 3898
7999 2 2 104 104 3823 3824 3900
8000 2 2 104 104 3823 3900 3899
8001 2 2 104 104 3824 3825 3900
8002 2 2 104 104 3825 3901 3900
8003 2 2 104 104 3825 3826 3902
8004 2 2 104 104 3825 3902 3901
8005 2 2 104 104 3826 3827 3902
8006 2 2 104 104 3827 3903 3902
8007 2 2 104 104 3827 3828 3904
8008 2 2 104 104 3827 3904 3903
8009 2 2 104 104 3828 3829 3904
8010 2 2 104 104 3829 3905 3904
8011 2 2 104 104 3829 3830 3906
8012 2 2 104 104 3829 3906 3905
8013 2 2 104 104 3830 3831 3906
8014 2 2 104 104 3831 3907 3906
8015 2 2 104 104 3831 3832 3908
8016 2 2 104 104 3831 3908 3907
8017 2 2 104 104 3832 3833 3908
8018 2 2 104 104 3833 3909 3908
8019 2 2 104 104 3833 3834 3910
8020 2 2 104 104 3833 3910 3909
8021 2 2 104 104 3834 3835 3910
8022 2 2 104 104 3835 3911 3910
8023 2 2 104 104 3835 3836 3912
8024 2 2 104 104 3835 3912 3911
8025 2 2 104 104 3836 3837 3912
8026 2 2 104 104 3837 3913 3912
8027 2 2 104 104 3837 3838 3914
8028 2 2 104 104 3837 3914 3913
8029 2 2 104 104 3838 3839 3914
8030 2 2 104 104 3839 3915 3914
8031 2 2 104 104 3839 3840 3916
8032 2 2 104 104 3839 3916 3915
8033 2 2 104 104 3840 3841 3916
8034 2 2 104 104 3841 3917 3916
8035 2 2 104 104 3841 3842 3918
8036 2 2 104 104 3841 3918 3917
8037 2 2 104 104 3842 3843 3918
8038 2 2 104 104 3843 3919 3918
8039 2 2 104 104 3843 3844 3920
8040 2 2 104 104 3843 3920 3919
8041 2 2 104 104 3844 3845 3920
8042 2 2 104 104 3845 3921 3920
8043 2 2 104 104 3845 3846 3922
8044 2 2 104 104 3845 3922 3921
8045 2 2 104 104 3846 3847 3922
8046 2 2 104 104 3847 3923 3922
8047 2 2 104 104 3847 3848 3924
8048 2 2 104 104 3847 3924 3923
8049 2 2 104 104 3848 3849 3924
8050 2 2 104 104 3849 3925 3924
8051 2 2 104 104 3849 3850 3926
8052 2 2 104 104 3849 3926 3925
8053 2 2 104 104 3850 3851 3926
8054 2 2 104 104 3851 3927 3926
8055 2 2 104 104 3851 3852 3928
8056 2 2 104 104 3851 3928 3927
8057 2 2 104 104 3852 3853 3928
8058 2 2 104 104 3853 3929 3928
8059 2 2 104 104 3853 3854 3930
8060 2 2 104 104 3853 3930 3929
8061 2 2 104 104 3854 3855 3930
8062 2 2 104 104 3855 3931 3930
8063 2 2 104 104 3855 3856 3932
8064 2 2 104 104 3855 3932 3931
8065 2 2 104 104 3856 3857 3932
8066 2 2 104 104 3857 3933 3932
8067 2 2 104 104 3857 3858 3934
8068 2 2 104 104 3857 3934 3933
8069 2 2 104 104 3858 3859 3934
8070 2 2 104 104 3859 3935 3934
8071 2 2 104 104 3859 3860 3936
8072 2 2 104 104 3859 3936 3935
8073 2 2 104 104 3860 3861 3936
8074 2 2 104 104 3861 3937 3936
8075 2 2 104 104 3861 3862 3938
8076 2 2 104 104 3861 3938 3937
8077 2 2 104 104 3862 3863 3938
8078 2 2 104 104 3863 3939 3938
8079 2 2 104 104 3863 3864 3940
8080 2 2 104 104 3863 3940 3939
8081 2 2 104 104 3864 3865 3940
8082 2 2 104 104 3865 3941 3940
8083 2 2 104 104 3865 3866 3942
8084 2 2 104 104 3865 3942 3941
8085 2 2 104 104 3866 3867 3942
8086 2 2 104 104 3867 3943 3942
8087 2 2 104 104 3867 3868 3944
8088 2 2 104 104 3867 3944 3943
8089 2 2 104 104 3868 3869 3944
8090 2 2 104 104 3869 3945 3944
8091 2 2 104 104 3869 3870 3946
8092 2 2 104 104 3869 3946 3945
8093 2 2 104 104 3870 3871 3946
8094 2 2 104 104 3871 3947 3946
8095 2 2 104 104 3871 3872 3948
8096 2 2 104 104 3871 3948 3947
8097 2 2 104 104 3872 3873 3948
8098 2 2 104 104 3873 3949 3948
8099 2 2 104 104 3873 3874 3950
8100 2 2 104 104 3873 3950 3949
8101 2 2 104 104 3874 3875 3950
8102 2 2 104 104 3875 3951 3950
8103 2 2 104 104 3875 3876 3952
8104 2 2 104 104 3875 3952 3951
8105 2 2 104 104 3877 3878 3953
8106 2 2 104 104 3878 3954 3953
8107 2 2 104 104 3878 3879 3955
8108 2 2 104 104 3878 3955 3954
8109 2 2 104 104 3879 3880 3955
8110 2 2 104 104 3880 3956 3955
8111 2 2 104 104 3880 3881 3957
8112 2 2 104 104 3880 3957 3956
8113 2 2 104 104 3881 3882 3957
8114 2 2 104 104 3882 3958 3957
8115 2 2 104 104 3882 3883 3959
8116 2 2 104 104 3882 3959 3958
8117 2 2 104 104 3883 3884 3959
8118 2 2 104 104 3884 3960 3959
8119 2 2 104 104 3884 3885 3961
8120 2 2 104 104 3884 3961 3960
8121 2 2 104 104 3885 3886 3961
8122 2 2 104 104 3886 3962 3961
8123 2 2 104 104 3886 3887 3963
8124 2 2 104 104 3886 3963 3962
8125 2 2 104 104 3887 3888 3963
8126 2 2 104 104 3888 3964 3963
8127 2 2 104 104 3888 3889 3965
8128 2 2 104 104 3888 3965 3964
8129 2 2 104 104 3889 3890 3965
8130 2 2 104 104 3890 3966 3965
8131 2 2 104 104 3890 3891 3967
8132 2 2 104 104 3890 3967 3966
8133 2 2 104 104 3891 3892 3967
8134 2 2 104 104 3892 3968 3967
8135 2 2 104 104 3892 3893 3969
8136 2 2 104 104 3892 3969 3968
8137 2 2 104 104 3893 3894 3969
8138 2 2 104 104 3894 3970 3969
8139 2 2 104 104 3894 3895 3971
8140 2 2 104 104 3894 3971 3970
8141 2 2 104 104 3895 3896 3971
8142 2 2 104 104 3896 3972 3971
8143 2 2 104 104 3896 3897 3973
8144 2 2 104 104 3896 3973 3972
8145 2 2 104 104 3897 3898 3973
8146 2 2 104 104 3898 3974 3973
8147 2 2 104 104 3898 3899 3975
8148 2 2 104 104 3898 3975 3974
8149 2 2 104 104 3899 3900 3975
8150 2 2 104 104 3900 3976 3975
8151 2 2 104 104 3900 3901 3977
8152 2 2 104 104 3900 3977 3976
8153 2 2 104 104 3901 3902 3977
8154 2 2 104 104 3902 3978 3977
8155 2 2 104 104 3902 3903 3979
8156 2 2 104 104 3902 3979 3978
8157 2 2 104 104 3903 3904 3979
8158 2 2 104 104 3904 3980 3979
8159 2 2 104 104 3904 3905 3981
8160 2 2 104 104 3904 3981 3980
8161 2 2 104 104 3905 3906 3981
8162 2 2 104 104 3906 3982 3981
8163 2 2 104 104 3906 3907 3983
8164 2 2 104 104 3906 3983 3982
8165 2 2 104 104 3907 3908 3983
8166 2 2 104 104 3908 3984 3983
8167 2 2 104 104 3908 3909 3985
8168 2 2 104 104 3908 3985 3984
8169 2 2 104 104 3909 3910 3985
8170 2 2 104 104 3910 3986 3985
8171 2 2 104 104 3910 3911 3987
8172 2 2 104 104 3910 3987 3986
8173 2 2 104 104 3911 3912 3987
8174 2 2 104 104 3912 3988 3987
8175 2 2 104 104 3912 3913 3989
8176 2 2 104 104 3912 3989 3988
8177 2 2 104 104 3913 3914 3989
8178 2 2 104 104 3914 3990 3989
8179 2 2 104 104 3914 3915 3991
8180 2 2 104 104 3914 3991 3990
8181 2 2 104 104 3915 3916 3991
8182 2 2 104 104 3916 3992 3991
8183 2 2 104 104 3916 3917 3993
8184 2 2 104 104 3916 3993 3992
8185 2 2 104 104 3917 3918 3993
8186 2 2 104 104 3918 3994 3993
8187 2 2 104 104 3918 3919 3995
8188 2 2 104 104 3918 3995 3994
8189 2 2 104 104 3919 3920 3995
8190 2 2 104 104 3920 3996 3995
8191 2 2 104 104 3920 3921 3997
8192 2 2 104 104 3920 3997 3996
8193 2 2 104 104 3921 3922 3997
8194 2 2 104 104 3922 3998 3997
8195 2 2 104 104 3922 3923 3999
8196 2 2 104 104 3922 3999 3998
8197 2 2 104 104 3923 3924 3999
8198 2 2 104 104 3924 4000 3999
8199 2 2 104 104 3924 3925 4001
8200 2 2 104 104 3924 4001 4000
8201 2 2 104 104 3925 3926 4001
8202 2 2 104 104 3926 4002 4001
8203 2 2 104 104 3926 3927 4003
8204 2 2 104 104 3926 4003 4002
8205 2 2 104 104 3927 3928 4003
8206 2 2 104 104 3928 4004 4003
8207 2 2 104 104 3928 3929 4005
8208 2 2 104 104 3928 4005 4004
8209 2 2 104 104 3929 3930 4005
8210 2 2 104 104 3930 4006 4005
8211 2 2 104 104 3930 3931 4007
8212 2 2 104 104 3930 4007 4006
8213 2 2 104 104 3931 3932 4007
8214 2 2 104 104 3932 4008 4007
8215 2 2 104 104 3932 3933 4009
8216 2 2 104 104 3932 4009 4008
8217 2 2 104 104 3933 3934 4009
8218 2 2 104 104 3934 4010 4009
8219 2 2 104 104 3934 3935 4011
8220 2 2 104 104 3934 4011 4010
8221 2 2 104 104 3935 3936 4011
8222 2 2 104 104 3936 4012 4011
8223 2 2 104 104 3936 3937 4013
8224 2 2 104 104 3936 4013 4012
8225 2 2 104 104 3937 3938 4013
8226 2 2 104 104 3938 4014 4013
8227 2 2 104 104 3938 3939 4015
8228 2 2 104 104 3938 4015 4014
8229 2 2 104 104 3939 3940 4015
8230 2 2 104 104 3940 4016 4015
8231 2 2 104 104 3940 3941 4017
8232 2 2 104 104 3940 4017 4016
8233 2 2 104 104 3941 3942 4017
8234 2 2 104 104 3942 4018 4017
8235 2 2 104 104 3942 3943 4019
8236 2 2 104 104 3942 4019 4018
8237 2 2 104 104 3943 3944 4019
8238 2 2 104 104 3944 4020 4019
8239 2 2 104 104 3944 3945 4021
8240 2 2 104 104 3944 4021 4020
8241 2 2 104 104 3945 3946 4021
8242 2 2 104 104 3946 4022 4021
8243 2 2 104 104 3946 3947 4023
8244 2 2 104 104 3946 4023 4022
8245 2 2 104 104 3947 3948 4023
8246 2 2 104 104 3948 4024 4023
8247 2 2 104 104 3948 3949 4025
8248 2 2 104 104 3948 4025 4024
8249 2 2 104 104 3949 3950 4025
8250 2 2 104 104 3950 4026 4025
8251 2 2 104 104 3950 3951 4027
8252 2 2 104 104 3950 4027 4026
8253 2 2 104 104 3951 3952 4027
8254 2 2 104 104 3952 4028 4027
8255 2 2 104 104 3953 3954 4030
8256 2 2 104 104 3953 4030 4029
8257 2 2 104 104 3954 3955 4030
8258 2 2 104 104 3955 4031 4030
8259 2 2 104 104 3955 3956 4032
8260 2 2 104 104 3955 4032 4031
8261 2 2 104 104 3956 3957 4032
8262 2 2 104 104 3957 4033 4032
8263 2 2 104 104 3957 3958 4034
8264 2 2 104 104 3957 4034 4033
8265 2 2 104 104 3958 3959 4034
8266 2 2 104 104 3959 4035 4034
8267 2 2 104 104 3959 3960 4036
8268 2 2 104 104 3959 4036 4035
8269 2 2 104 104 3960 3961 4036
8270 2 2 104 104 3961 4037 4036
8271 2 2 104 104 3961 3962 4038
8272 2 2 104 104 3961 4038 4037
8273 2 2 104 104 3962 3963 4038
8274 2 2 104 104 3963 4039 4038
8275 2 2 104 104 3963 3964 4040
8276 2 2 104 104 3963 4040 4039
8277 2 2 104 104 3964 3965 4040
8278 2 2 104 104 3965 4041 4040
8279 2 2 104 104 3965 3966 4042
8280 2 2 104 104 3965 4042 4041
8281 2 2 104 104 3966 3967 4042
8282 2 2 104 104 3967 4043 4042
8283 2 2 104 104 3967 3968 4044
8284 2 2 104 104 3967 4044 4043
8285 2 2 104 104 3968 3969 4044
8286 2 2 104 104 3969 4045 4044
8287 2 2 104 104 3969 3970 4046
8288 2 2 104 104 3969 4046 4045
8289 2 2 104 104 3970 3971 4046
8290 2 2 104 104 3971 4047 4046
8291 2 2 104 104 3971 3972 4048
8292 2 2 104 104 3971 4048 4047
8293 2 2 104 104 3972 3973 4048
8294 2 2 104 104 3973 4049 4048
8295 2 2 104 104 3973 3974 4050
8296 2 2 104 104 3973 4050 4049
8297 2 2 104 104 3974 3975 4050
8298 2 2 104 104 3975 4051 4050
8299 2 2 104 104 3975 3976 4052
8300 2 2 104 104 3975 4052 4051
8301 2 2 104 104 3976 3977 4052
8302 2 2 104 104 3977 4053 4052
8303 2 2 104 104 3977 3978 4054
8304 2 2 104 104 3977 4054 4053
8305 2 2 104 104 3978 3979 4054
8306 2 2 104 104 3979 4055 4054
8307 2 2 104 104 3979 3980 4056
8308 2 2 104 104 3979 4056 4055
8309 2 2 104 104 3980 3981 4056
8310 2 2 104 104 3981 4057 4056
8311 2 2 104 104 3981 3982 4058
8312 2 2 104 104 3981 4058 4057
8313 2 2 104 104 3982 3983 4058
8314 2 2 104 104 3983 4059 4058
8315 2 2 104 104 3983 3984 4060
8316 2 2 104 104 3983 4060 4059
8317 2 2 104 104 3984 3985 4060
8318 2 2 104 104 3985 4061 4060
8319 2 2 104 104 3985 3986 4062
8320 2 2 104 104 3985 4062 4061
8321 2 2 104 104 3986 3987 4062
8322 2 2 104 104 3987 4063 4062
8323 2 2 104 104 3987 3988 4064
8324 2 2 104 104 3987 4064 4063
8325 2 2 104 104 3988 3989 4064
8326 2 2 104 104 3989 4065 4064
8327 2 2 104 104 3989 3990 4066
8328 2 2 104 104 3989 4066 4065
8329 2 2 104 104 3990 3991 4066
8330 2 2 104 104 3991 4067 4066
8331 2 2 104 104 3991 3992 4068
8332 2 2 104 104 3991 4068 4067
8333 2 2 104 104 3992 3993 4068
8334 2 2 104 104 3993 4069 4068
8335 2 2 104 104 3993 3994 4070
8336 2 2 104 104 3993 4070 4069
8337 2 2 104 104 3994 3995 4070
8338 2 2 104 104 3995 4071 4070
8339 2 2 104 104 3995 3996 4072
8340 2 2 104 104 3995 4072 4071
8341 2 2 104 104 3996 3997 4072
8342 2 2 104 104 3997 4073 4072
8343 2 2 104 104 3997 3998 4074
8344 2 2 104 104 3997 4074 4073
8345 2 2 104 104 3998 3999 4074
8346 2 2 104 104 3999 4075 4074
8347 2 2 104 104 3999 4000 4076
8348 2 2 104 104 3999 4076 4075
8349 2 2 104 104 4000 4001 4076
8350 2 2 104 104 4001 4077 4076
8351 2 2 104 104 4001 4002 4078
8352 2 2 104 104 4001 4078 4077
8353 2 2 104 104 4002 4003 4078
8354 2 2 104 104 4003 4079 4078
8355 2 2 104 104 4003 4004 4080
8356 2 2 104 104 4003 4080 4079
8357 2 2 104 104 4004 4005 4080
8358 2 2 104 104 4005 4081 4080
8359 2 2 104 104 4005 4006 4082
8360 2 2 104 104 4005 4082 4081
8361 2 2 104 104 4006 4007 4082
8362 2 2 104 104 4007 4083 4082
8363 2 2 104 104 4007 4008 4084
8364 2 2 104 104 4007 4084 4083
8365 2 2 104 104 4008 4009 4084
8366 2 2 104 104 4009 4085 4084
8367 2 2 104 104 4009 4010 4086
8368 2 2 104 104 4009 4086 4085
8369 2 2 104 104 4010 4011 4086
8370 2 2 104 104 4011 4087 4086
8371 2 2 104 104 4011 4012 4088
8372 2 2 104 104 4011 4088 4087
8373 2 2 104 104 4012 4013 4088
8374 2 2 104 104 4013 4089 4088
8375 2 2 104 104 4013 4014 4090
8376 2 2 104 104 4013 4090 4089
8377 2 2 104 104 4014 4015 4090
8378 2 2 104 104 4015 4091 4090
8379 2 2 104 104 4015 4016 4092
8380 2 2 104 104 4015 4092 4091
8381 2 2 104 104 4016 4017 4092
8382 2 2 104 104 4017 4093 4092
8383 2 2 104 104 4017 4018 4094
8384 2 2 104 104 4017 4094 4093
8385 2 2 104 104 4018 4019 4094
8386 2 2 104 104 4019 4095 4094
8387 2 2 104 104 4019 4020 4096
8388 2 2 104 104 4019 4096 4095
8389 2 2 104 104 4020 4021 4096
8390 2 2 104 104 4021 4097 4096
8391 2 2 104 104 4021 4022 4098
8392 2 2 104 104 4021 4098 4097
8393 2 2 104 104 4022 4023 4098
8394 2 2 104 104 4023 4099 4098
8395 2 2 104 104 4023 4024 4100
8396 2 2 104 104 4023 4100 4099
8397 2 2 104 104 4024 4025 4100
8398 2 2 104 104 4025 4101 4100
8399 2 2 104 104 4025 4026 4102
8400 2 2 104 104 4025 4102 4101
8401 2 2 104 104 4026 4027 4102
8402 2 2 104 104 4027 4103 4102
8403 2 2 104 104 4027 4028 4104
8404 2 2 104 104 4027 4104 4103
8405 2 2 104 104 4029 4030 4105
8406 2 2 104 104 4030 4106 4105
8407 2 2 104 104 4030 4031 4107
8408 2 2 104 104 4030 4107 4106
8409 2 2 104 104 4031 4032 4107
8410 2 2 104 104 4032 4108 4107
8411 2 2 104 104 4032 4033 4109
8412 2 2 104 104 4032 4109 4108
8413 2 2 104 104 4033 4034 4109
8414 2 2 104 104 4034 4110 4109
8415 2 2 104 104 4034 4035 4111
8416 2 2 104 104 4034 4111 4110
8417 2 2 104 104 4035 4036 4111
8418 2 2 104 104 4036 4112 4111
8419 2 2 104 104 4036 4037 4113
8420 2 2 104 104 4036 4113 4112
8421 2 2 104 104 4037 4038 4113
8422 2 2 104 104 4038 4114 4113
8423 2 2 104 104 4038 4039 4115
8424 2 2 104 104 4038 4115 4114
8425 2 2 104 104 4039 4040 4115
8426 2 2 104 104 4040 4116 4115
8427 2 2 104 104 4040 4041 4117
8428 2 2 104 104 4040 4117 4116
8429 2 2 104 104 4041 4042 4117
8430 2 2 104 104 4042 4118 4117
8431 2 2 104 104 4042 4043 4119
8432 2 2 104 104 4042 4119 4118
8433 2 2 104 104 4043 4044 4119
8434 2 2 104 104 4044 4120 4119
8435 2 2 104 104 4044 4045 4121
8436 2 2 104 104 4044 4121 4120
8437 2 2 104 104 4045 4046 4121
8438 2 2 104 104 4046 4122 4121
8439 2 2 104 104 4046 4047 4123
8440 2 2 104 104 4046 4123 4122
8441 2 2 104 104 4047 4048 4123
8442 2 2 104 104 4048 4124 4123
8443 2 2 104 104 4048 4049 4125
8444 2 2 104 104 4048 4125 4124
8445 2 2 104 104 4049 4050 4125
8446 2 2 104 104 4050 4126 4125
8447 2 2 104 104 4050 4051 4127
8448 2 2 104 104 4050 4127 4126
8449 2 2 104 104 4051 4052 4127
8450 2 2 104 104 4052 4128 4127
8451 2 2 104 104 4052 4053 4129
8452 2 2 104 104 4052 4129 4128
8453 2 2 104 104 4053 4054 4129
8454 2 2 104 104 4054 4130 4129
8455 2 2 104 104 4054 4055 4131
8456 2 2 104 104 4054 4131 4130
8457 2 2 104 104 4055 4056 4131
8458 2 2 104 104 4056 4132 4131
8459 2 2 104 104 4056 4057 4133
8460 2 2 104 104 4056 4133 4132
8461 2 2 104 104 4057 4058 4133
8462 2 2 104 104 4058 4134 4133
8463 2 2 104 104 4058 4059 4135
8464 2 2 104 104 4058 4135 4134
8465 2 2 104 104 4059 4060 4135
8466 2 2 104 104 4060 4136 4135
8467 2 2 104 104 4060 4061 4137
8468 2 2 104 104 4060 4137 4136
8469 2 2 104 104 4061 4062 4137
8470 2 2 104 104 4062 4138 4137
8471 2 2 104 104 4062 4063 4139
8472 2 2 104 104 4062 4139 4138
8473 2 2 104 104 4063 4064 4139
8474 2 2 104 104 4064 4140 4139
8475 2 2 104 104 4064 4065 4141
8476 2 2 104 104 4064 4141 4140
8477 2 2 104 104 4065 4066 4141
8478 2 2 104 104 4066 4142 4141
8479 2 2 104 104 4066 4067 4143
8480 2 2 104 104 4066 4143 4142
8481 2 2 104 104 4067 4068 4143
8482 2 2 104 104 4068 4144 4143
8483 2 2 104 104 4068 4069 4145
8484 2 2 104 104 4068 4145 4144
8485 2 2 104 104 4069 4070 4145
8486 2 2 104 104 4070 4146 4145
8487 2 2 104 104 4070 4071 4147
8488 2 2 104 104 4070 4147 4146
8489 2 2 104 104 4071 4072 4147
8490 2 2 104 104 4072 4148 4147
8491 2 2 104 104 4072 4073 4149
8492 2 2 104 104 4072 4149 4148
8493 2 2 104 104 4073 4074 4149
8494 2 2 104 104 4074 4150 4149
8495 2 2 104 104 4074 4075 4151
8496 2 2 104 104 4074 4151 4150
8497 2 2 104 104 4075 4076 4151
8498 2 2 104 104 4076 4152 4151
8499 2 2 104 104 4076 4077 4153
8500 2 2 104 104 4076 4153 4152
8501 2 2 104 104 4077 4078 4153
8502 2 2 104 104 4078 4154 4153
8503 2 2 104 104 4078 4079 4155
8504 2 2 104 104 4078 4155 4154
8505 2 2 104 104 4079 4080 4155
8506 2 2 104 104 4080 4156 4155
8507 2 2 104 104 4080 4081 4157
8508 2 2 104 104 4080 4157 4156
8509 2 2 104 104 4081 4082 4157
8510 2 2 104 104 4082 4158 4157
8511 2 2 104 104 4082 4083 4159
8512 2 2 104 104 4082 4159 4158
8513 2 2 104 104 4083 4084 4159
8514 2 2 104 104 4084 4160 4159
8515 2 2 104 104 4084 4085 4161
8516 2 2 104 104 4084 4161 4160
8517 2 2 104 104 4085 4086 4161
8518 2 2 104 104 4086 4162 4161
8519 2 2 104 104 4086 4087 4163
8520 2 2 104 104 4086 4163 4162
8521 2 2 104 104 4087 4088 4163
8522 2 2 104 104 4088 4164 4163
8523 2 2 104 104 4088 4089 4165
8524 2 2 104 104 4088 4165 4164
8525 2 2 104 104 4089 4090 4165
8526 2 2 104 104 4090 4166 4165
8527 2 2 104 104 4090 4091 4167
8528 2 2 104 104 4090 4167 4166
8529 2 2 104 104 4091 4092 4167
8530 2 2 104 104 4092 4168 4167
8531 2 2 104 104 4092 4093 4169
8532 2 2 104 104 4092 4169 4168
8533 2 2 104 104 4093 4094 4169
8534 2 2 104 104 4094 4170 4169
8535 2 2 104 104 4094 4095 4171
8536 2 2 104 104 4094 4171 4170
8537 2 2 104 104 4095 4096 4171
8538 2 2 104 104 4096 4172 4171
8539 2 2 104 104 4096 4097 4173
8540 2 2 104 104 4096 4173 4172
8541 2 2 104 104 4097 4098 4173
8542 2 2 104 104 4098 4174 4173
8543 2 2 104 104 4098 4099 4175
8544 2 2 104 104 4098 4175 4174
8545 2 2 104 104 4099 4100 4175
8546 2 2 104 104 4100 4176 4175
8547 2 2 104 104 4100 4101 4177
8548 2 2 104 104 4100 4177 4176
8549 2 2 104 104 4101 4102 4177
8550 2 2 104 104 4102 4178 4177
8551 2 2 104 104 4102 4103 4179
8552 2 2 104 104 4102 4179 4178
8553 2 2 104 104 4103 4104 4179
8554 2 2 104 104 4104 4180 4179
8555 2 2 104 104 4105 4106 4182
8556 2 2 104 104 4105 4182 4181
8557 2 2 104 104 4106 4107 4182
8558 2 2 104 104 4107 4183 4182
8559 2 2 104 104 4107 4108 4184
8560 2 2 104 104 4107 4184 4183
8561 2 2 104 104 4108 4109 4184
8562 2 2 104 104 4109 4185 4184
8563 2 2 104 104 4109 4110 4186
8564 2 2 104 104 4109 4186 4185
8565 2 2 104 104 4110 4111 4186
8566 2 2 104 104 4111 4187 4186
8567 2 2 104 104 4111 4112 4188
8568 2 2 104 104 4111 4188 4187
8569 2 2 104 104 4112 4113 4188
8570 2 2 104 104 4113 4189 4188
8571 2 2 104 104 4113 4114 4190
8572 2 2 104 104 4113 4190 4189
8573 2 2 104 104 4114 4115 4190
8574 2 2 104 104 4115 4191 4190
8575 2 2 104 104 4115 4116 4192
8576 2 2 104 104 4115 4192 4191
8577 2 2 104 104 4116 4117 4192
8578 2 2 104 104 4117 4193 4192
8579 2 2 104 104 4117 4118 4194
8580 2 2 104 104 4117 4194 4193
8581 2 2 104 104 4118 4119 4194
8582 2 2 104 104 4119 4195 4194
8583 2 2 104 104 4119 4120 4196
8584 2 2 104 104 4119 4196 4195
8585 2 2 104 104 4120 4121 4196
8586 2 2 104 104 4121 4197 4196
8587 2 2 104 104 4121 4122 4198
8588 2 2 104 104 4121 4198 4197
8589 2 2 104 104 4122 4123 4198
8590 2 2 104 104 4123 4199 4198
8591 2 2 104 104 4123 4124 4200
8592 2 2 104 104 4123 4200 4199
8593 2 2 104 104 4124 4125 4200
8594 2 2 104 104 4125 4201 4200
8595 2 2 104 104 4125 4126 4202
8596 2 2 104 104 4125 4202 4201
8597 2 2 104 104 4126 4127 4202
8598 2 2 104 104 4127 4203 4202
8599 2 2 104 104 4127 4128 4204
8600 2 2 104 104 4127 4204 4203
8601 2 2 104 104 4128 4129 4204
8602 2 2 104 104 4129 4205 4204
8603 2 2 104 104 4129 4130 4206
8604 2 2 104 104 4129 4206 4205
8605 2 2 104 104 4130 4131 4206
8606 2 2 104 104 4131 4207 4206
8607 2 2 104 104 4131 4132 4208
8608 2 2 104 104 4131 4208 4207
8609 2 2 104 104 4132 4133 4208
8610 2 2 104 104 4133 4209 4208
8611 2 2 104 104 4133 4134 4210
8612 2 2 104 104 4133 4210 4209
8613 2 2 104 104 4134 4135 4210
8614 2 2 104 104 4135 4211 4210
8615 2 2 104 104 4135 4136 4212
8616 2 2 104 104 4135 4212 4211
8617 2 2 104 104 4136 4137 4212
8618 2 2 104 104 4137 4213 4212
8619 2 2 104 104 4137 4138 4214
8620 2 2 104 104 4137 4214 4213
8621 2 2 104 104 4138 4139 4214
8622 2 2 104 104 4139 4215 4214
8623 2 2 104 104 4139 4140 4216
8624 2 2 104 104 4139 4216 4215
8625 2 2 104 104 4140 4141 4216
8626 2 2 104 104 4141 4217 4216
8627 2 2 104 104 4141 4142 4218
8628 2 2 104 104 4141 4218 4217
8629 2 2 104 104 4142 4143 4218
8630 2 2 104 104 4143 4219 4218
8631 2 2 104 104 4143 4144 4220
8632 2 2 104 104 4143 4220 4219
8633 2 2 104 104 4144 4145 4220
8634 2 2 104 104 4145 4221 4220
8635 2 2 104 104 4145 4146 4222
8636 2 2 104 104 4145 4222 4221
8637 2 2 104 104 4146 4147 4222
8638 2 2 104 104 4147 4223 4222
8639 2 2 104 104 4147 4148 4224
8640 2 2 104 104 4147 4224 4223
8641 2 2 104 104 4148 4149 4224
8642 2 2 104 104 4149 4225 4224
8643 2 2 104 104 4149 4150 4226
8644 2 2 104 104 4149 4226 4225
8645 2 2 104 104 4150 4151 4226
8646 2 2 104 104 4151 4227 4226
8647 2 2 104 104 4151 4152 4228
8648 2 2 104 104 4151 4228 4227
8649 2 2 104 104 4152 4153 4228
8650 2 2 104 104 4153 4229 4228
8651 2 2 104 104 4153 4154 4230
8652 2 2 104 104 4153 4230 4229
8653 2 2 104 104 4154 4155 4230
8654 2 2 104 104 4155 4231 4230
8655 2 2 104 104 4155 4156 4232
8656 2 2 104 104 4155 4232 4231
8657 2 2 104 104 4156 4157 4232
8658 2 2 104 104 4157 4233 4232
8659 2 2 104 104 4157 4158 4234
8660 2 2 104 104 4157 4234 4233
8661 2 2 104 104 4158 4159 4234
8662 2 2 104 104 4159 4235 4234
8663 2 2 104 104 4159 4160 4236
8664 2 2 104 104 4159 4236 4235
8665 2 2 104 104 4160 4161 4236
8666 2 2 104 104 4161 4237 4236
8667 2 2 104 104 4161 4162 4238
8668 2 2 104 104 4161 4238 4237
8669 2 2 104 104 4162 4163 4238
8670 2 2 104 104 4163 4239 4238
8671 2 2 104 104 4163 4164 4240
8672 2 2 104 104 4163 4240 4239
8673 2 2 104 104 4164 4165 4240
8674 2 2 104 104 4165 4241 4240
8675 2 2 104 104 4165 4166 4242
8676 2 2 104 104 4165 4242 4241
8677 2 2 104 104 4166 4167 4242
8678 2 2 104 104 4167 4243 4242
8679 2 2 104 104 4167 4168 4244
8680 2 2 104 104 4167 4244 4243
8681 2 2 104 104 4168 4169 4244
8682 2 2 104 104 4169 4245 4244
8683 2 2 104 104 4169 4170 4246
8684 2 2 104 104 4169 4246 4245
8685 2 2 104 104 4170 4171 4246
8686 2 2 104 104 4171 4247 4246
8687 2 2 104 104 4171 4172 4248
8688 2 2 104 104 4171 4248 4247
8689 2 2 104 104 4172 4173 4248
8690 2 2 104 104 4173 4249 4248
8691 2 2 104 104 4173 4174 4250
8692 2 2 104 104 4173 4250 4249
8693 2 2 104 104 4174 4175 4250
8694 2 2 104 104 4175 4251 4250
8695 2 2 104 104 4175 4176 4252
8696 2 2 104 104 4175 4252 4251
8697 2 2 104 104 4176 4177 4252
8698 2 2 104 104 4177 4253 4252
8699 2 2 104 104 4177 4178 4254
8700 2 2 104 104 4177 4254 4253
8701 2 2 104 104 4178 4179 4254
8702 2 2 104 104 4179 4255 4254
8703 2 2 104 104 4179 4180 4256
8704 2 2 104 104 4179 4256 4255
8705 2 2 104 104 4181 4182 4257
8706 2 2 104 104 4182 4258 4257
8707 2 2 104 104 4182 4183 4259
8708 2 2 104 104 4182 4259 4258
8709 2 2 104 104 4183 4184 4259
8710 2 2 104 104 4184 4260 4259
8711 2 2 104 104 4184 4185 4261
8712 2 2 104 104 4184 4261 4260
8713 2 2 104 104 4185 4186 4261
8714 2 2 104 104 4186 4262 4261
8715 2 2 104 104 4186 4187 4263
8716 2 2 104 104 4186 4263 4262
8717 2 2 104 104 4187 4188 4263
8718 2 2 104 104 4188 4264 4263
8719 2 2 104 104 4188 4189 4265
8720 2 2 104 104 4188 4265 4264
8721 2 2 104 104 4189 4190 4265
8722 2 2 104 104 4190 4266 4265
8723 2 2 104 104 4190 4191 4267
8724 2 2 104 104 4190 4267 4266
8725 2 2 104 104 4191 4192 4267
8726 2 2 104 104 4192 4268 4267
8727 2 2 104 104 4192 4193 4269
8728 2 2 104 104 4192 4269 4268
8729 2 2 104 104 4193 4194 4269
8730 2 2 104 104 4194 4270 4269
8731 2 2 104 104 4194 4195 4271
8732 2 2 104 104 4194 4271 4270
8733 2 2 104 104 4195 4196 4271
8734 2 2 104 104 4196 4272 4271
8735 2 2 104 104 4196 4197 4273
8736 2 2 104 104 4196 4273 4272
8737 2 2 104 104 4197 4198 4273
8738 2 2 104 104 4198 4274 4273
8739 2 2 104 104 4198 4199 4275
8740 2 2 104 104 4198 4275 4274
8741 2 2 104 104 4199 4200 4275
8742 2 2 104 104 4200 4276 4275
8743 2 2 104 104 4200 4201 4277
8744 2 2 104 104 4200 4277 4276
8745 2 2 104 104 4201 4202 4277
8746 2 2 104 104 4202 4278 4277
8747 2 2 104 104 4202 4203 4279
8748 2 2 104 104 4202 4279 4278
8749 2 2 104 104 4203 4204 4279
8750 2 2 104 104 4204 4280 4279
8751 2 2 104 104 4204 4205 4281
8752 2 2 104 104 4204 4281 4280
8753 2 2 104 104 4205 4206 4281
8754 2 2 104 104 4206 4282 4281
8755 2 2 104 104 4206 4207 4283
8756 2 2 104 104 4206 4283 4282
8757 2 2 104 104 4207 4208 4283
8758 2 2 104 104 4208 4284 4283
8759 2 2 104 104 4208 4209 4285
8760 2 2 104 104 4208 4285 4284
8761 2 2 104 104 4209 4210 4285
8762 2 2 104 104 4210 4286 4285
8763 2 2 104 104 4210 4211 4287
8764 2 2 104 104 4210 4287 4286
8765 2 2 104 104 4211 4212 4287
8766 2 2 104 104 4212 4288 4287
8767 2 2 104 104 4212 4213 4289
8768 2 2 104 104 4212 4289 4288
8769 2 2 104 104 4213 4214 4289
8770 2 2 104 104 4214 4290 4289
8771 2 2 104 104 4214 4215 4291
8772 2 2 104 104 4214 4291 4290
8773 2 2 104 104 4215 4216 4291
8774 2 2 104 104 4216 4292 4291
8775 2 2 104 104 4216 4217 4293
8776 2 2 104 104 4216 4293 4292
8777 2 2 104 104 4217 4218 4293
8778 2 2 104 104 4218 4294 4293
8779 2 2 104 104 4218 4219 4295
8780 2 2 104 104 4218 4295 4294
8781 2 2 104 104 4219 4220 4295
8782 2 2 104 104 4220 4296 4295
8783 2 2 104 104 4220 4221 4297
8784 2 2 104 104 4220 4297 4296
8785 2 2 104 104 4221 4222 4297
8786 2 2 104 104 4222 4298 4297
8787 2 2 104 104 4222 4223 4299
8788 2 2 104 104 4222 4299 4298
8789 2 2 104 104 4223 4224 4299
8790 2 2 104 104 4224 4300 4299
8791 2 2 104 104 4224 4225 4301
8792 2 2 104 104 4224 4301 4300
8793 2 2 104 104 4225 4226 4301
8794 2 2 104 104 4226 4302 4301
8795 2 2 104 104 4226 4227 4303
8796 2 2 104 104 4226 4303 4302
8797 2 2 104 104 4227 4228 4303
8798 2 2 104 104 4228 4304 4303
8799 2 2 104 104 4228 4229 4305
8800 2 2 104 104 4228 4305 4304
8801 2 2 104 104 4229 4230 4305
8802 2 2 104 104 4230 4306 4305
8803 2 2 104 104 4230 4231 4307
8804 2 2 104 104 4230 4307 4306
8805 2 2 104 104 4231 4232 4307
8806 2 2 104 104 4232 4308 4307
8807 2 2 104 104 4232 4233 4309
8808 2 2 104 104 4232 4309 4308
8809 2 2 104 104 4233 4234 4309
8810 2 2 104 104 4234 4310 4309
8811 2 2 104 104 4234 4235 4311
8812 2 2 104 104 4234 4311 4310
8813 2 2 104 104 4235 4236 4311
8814 2 2 104 104 4236 4312 4311
8815 2 2 104 104 4236 4237 4313
8816 2 2 104 104 4236 4313 4312
8817 2 2 104 104 4237 4238 4313
8818 2 2 104 104 4238 4314 4313
8819 2 2 104 104 4238 4239 4315
8820 2 2 104 104 4238 4315 4314
8821 2 2 104 104 4239 4240 4315
8822 2 2 104 104 4240 4316 4315
8823 2 2 104 104 4240 4241 4317
8824 2 2 104 104 4240 4317 4316
8825 2 2 104 104 4241 4242 4317
8826 2 2 104 104 4242 4318 4317
8827 2 2 104 104 4242 4243 4319
8828 2 2 104 104 4242 4319 4318
8829 2 2 104 104 4243 4244 4319
8830 2 2 104 104 4244 4320 4319
8831 2 2 104 104 4244 4245 4321
8832 2 2 104 104 4244 4321 4320
8833 2 2 104 104 4245 4246 4321
8834 2 2 104 104 4246 4322 4321
8835 2 2 104 104 4246 4247 4323
8836 2 2 104 104 4246 4323 4322
8837 2 2 104 104 4247 4248 4323
8838 2 2 104 104 4248 4324 4323
8839 2 2 104 104 4248 4249 4325
8840 2 2 104 104 4248 4325 4324
8841 2 2 104 104 4249 4250 4325
8842 2 2 104 104 4250 4326 4325
8843 2 2 104 104 4250 4251 4327
8844 2 2 104 104 4250 4327 4326
8845 2 2 104 104 4251 4252 4327
8846 2 2 104 104 4252 4328 4327
8847 2 2 104 104 4252 4253 4329
8848 2 2 104 104 4252 4329 4328
8849 2 2 104 104 4253 4254 4329
8850 2 2 104 104 4254 4330 4329
8851 2 2 104 104 4254 4255 4331
8852 2 2 104 104 4254 4331 4330
8853 2 2 104 104 4255 4256 4331
8854 2 2 104 104 4256 4332 4331
8855 2 2 104 104 4257 4258 4334
8856 2 2 104 104 4257 4334 4333
8857 2 2 104 104 4258 4259 4334
8858 2 2 104 104 4259 4335 4334
8859 2 2 104 104 4259 4260 4336
8860 2 2 104 104 4259 4336 4335
8861 2 2 104 104 4260 4261 4336
8862 2 2 104 104 4261 4337 4336
8863 2 2 104 104 4261 4262 4338
8864 2 2 104 104 4261 4338 4337
8865 2 2 104 104 4262 4263 4338
8866 2 2 104 104 4263 4339 4338
8867 2 2 104 104 4263 4264 4340
8868 2 2 104 104 4263 4340 4339
8869 2 2 104 104 4264 4265 4340
8870 2 2 104 104 4265 4341 4340
8871 2 2 104 104 4265 4266 4342
8872 2 2 104 104 4265 4342 4341
8873 2 2 104 104 4266 4267 4342
8874 2 2 104 104 4267 4343 4342
8875 2 2 104 104 4267 4268 4344
8876 2 2 104 104 4267 4344 4343
8877 2 2 104 104 4268 4269 4344
8878 2 2 104 104 4269 4345 4344
8879 2 2 104 104 4269 4270 4346
8880 2 2 104 104 4269 4346 4345
8881 2 2 104 104 4270 4271 4346
8882 2 2 104 104 4271 4347 4346
8883 2 2 104 104 4271 4272 4348
8884 2 2 104 104 4271 4348 4347
8885 2 2 104 104 4272 4273 4348
8886 2 2 104 104 4273 4349 4348
8887 2 2 104 104 4273 4274 4350
8888 2 2 104 104 4273 4350 4349
8889 2 2 104 104 4274 4275 4350
8890 2 2 104 104 4275 4351 4350
8891 2 2 104 104 4275 4276 4352
8892 2 2 104 104 4275 4352 4351
8893 2 2 104 104 4276 4277 4352
8894 2 2 104 104 4277 4353 4352
8895 2 2 104 104 4277 4278 4354
8896 2 2 104 104 4277 4354 4353
8897 2 2 104 104 4278 4279 4354
8898 2 2 104 104 4279 4355 4354
8899 2 2 104 104 4279 4280 4356
8900 2 2 104 104 4279 4356 4355
8901 2 2 104 104 4280 4281 4356
8902 2 2 104 104 4281 4357 4356
8903 2 2 104 104 4281 4282 4358
8904 2 2 104 104 4281 4358 4357
8905 2 2 104 104 4282 4283 4358
8906 2 2 104 104 4283 4359 4358
8907 2 2 104 104 4283 4284 4360
8908 2 2 104 104 4283 4360 4359
8909 2 2 104 104 4284 4285 4360
8910 2 2 104 104 4285 4361 4360
8911 2 2 104 104 4285 4286 4362
8912 2 2 104 104 4285 4362 4361
8913 2 2 104 104 4286 4287 4362
8914 2 2 104 104 4287 4363 4362
8915 2 2 104 104 4287 4288 4364
8916 2 2 104 104 4287 4364 4363
8917 2 2 104 104 4288 4289 4364
8918 2 2 104 104 4289 4365 4364
8919 2 2 104 104 4289 4290 4366
8920 2 2 104 104 4289 4366 4365
8921 2 2 104 104 4290 4291 4366
8922 2 2 104 104 4291 4367 4366
8923 2 2 104 104 4291 4292 4368
8924 2 2 104 104 4291 4368 4367
8925 2 2 104 104 4292 4293 4368
8926 2 2 104 104 4293 4369 4368
8927 2 2 104 104 4293 4294 4370
8928 2 2 104 104 4293 4370 4369
8929 2 2 104 104 4294 4295 4370
8930 2 2 104 104 4295 4371 4370
8931 2 2 104 104 4295 4296 4372
8932 2 2 104 104 4295 4372 4371
8933 2 2 104 104 4296 4297 4372
8934 2 2 104 104 4297 4373 4372
8935 2 2 104 104 4297 4298 4374
8936 2 2 104 104 4297 4374 4373
8937 2 2 104 104 4298 4299 4374
8938 2 2 104 104 4299 4375 4374
8939 2 2 104 104 4299 4300 4376
8940 2 2 104 104 4299 4376 4375
8941 2 2 104 104 4300 4301 4376
8942 2 2 104 104 4301 4377 4376
8943 2 2 104 104 4301 4302 4378
8944 2 2 104 104 4301 4378 4377
8945 2 2 104 104 4302 4303 4378
8946 2 2 104 104 4303 4379 4378
8947 2 2 104 104 4303 4304 4380
8948 2 2 104 104 4303 4380 4379
8949 2 2 104 104 4304 4305 4380
8950 2 2 104 104 4305 4381 4380
8951 2 2 104 104 4305 4306 4382
8952 2 2 104 104 4305 4382 4381
8953 2 2 104 104 4306 4307 4382
8954 2 2 104 104 4307 4383 4382
8955 2 2 104 104 4307 4308 4384
8956 2 2 104 104 4307 4384 4383
8957 2 2 104 104 4308 4309 4384
8958 2 2 104 104 4309 4385 4384
8959 2 2 104 104 4309 4310 4386
8960 2 2 104 104 4309 4386 4385
8961 2 2 104 104 4310 4311 4386
8962 2 2 104 104 4311 4387 4386
8963 2 2 104 104 4311 4312 4388
8964 2 2 104 104 4311 4388 4387
8965 2 2 104 104 4312 4313 4388
8966 2 2 104 104 4313 4389 4388
8967 2 2 104 104 4313 4314 4390
8968 2 2 104 104 4313 4390 4389
8969 2 2 104 104 4314 4315 4390
8970 2 2 104 104 4315 4391 4390
8971 2 2 104 104 4315 4316 4392
8972 2 2 104 104 4315 4392 4391
8973 2 2 104 104 4316 4317 4392
8974 2 2 104 104 4317 4393 4392
8975 2 2 104 104 4317 4318 4394
8976 2 2 104 104 4317 4394 4393
8977 2 2 104 104 4318 4319 4394
8978 2 2 104 104 4319 4395 4394
8979 2 2 104 104 4319 4320 4396
8980 2 2 104 104 4319 4396 4395
8981 2 2 104 104 4320 4321 4396
8982 2 2 104 104 4321 4397 4396
8983 2 2 104 104 4321 4322 4398
8984 2 2 104 104 4321 4398 4397
8985 2 2 104 104 4322 4323 4398
8986 2 2 104 104 4323 4399 4398
8987 2 2 104 104 4323 4324 4400
8988 2 2 104 104 4323 4400 4399
8989 2 2 104 104 4324 4325 4400
8990 2 2 104 104 4325 4401 4400
8991 2 2 104 104 4325 4326 4402
8992 2 2 104 104 4325 4402 4401
8993 2 2 104 104 4326 4327 4402
8994 2 2 104 104 4327 4403 4402
8995 2 2 104 104 4327 4328 4404
8996 2 2 104 104 4327 4404 4403
8997 2 2 104 104 4328 4329 4404
8998 2 2 104 104 4329 4405 4404
8999 2 2 104 104 4329 4330 4406
9000 2 2 104 104 4329 4406 4405
9001 2 2 104 104 4330 4331 4406
9002 2 2 104 104 4331 4407 4406
9003 2 2 104 104 4331 4332 4408
9004 2 2 104 104 4331 4408 4407
9005 2 2 104 104 4333 4334 4409
9006 2 2 104 104 4334 4410 4409
9007 2 2 104 104 4334 4335 4411
9008 2 2 104 104 4334 4411 4410
9009 2 2 104 104 4335 4336 4411
9010 2 2 104 104 4336 4412 4411
9011 2 2 104 104 4336 4337 4413
9012 2 2 104 104 4336 4413 4412
9013 2 2 104 104 4337 4338 4413
9014 2 2 104 104 4338 4414 4413
9015 2 2 104 104 4338 4339 4415
9016 2 2 104 104 4338 4415 4414
9017 2 2 104 104 4339 4340 4415
9018 2 2 104 104 4340 4416 4415
9019 2 2 104 104 4340 4341 4417
9020 2 2 104 104 4340 4417 4416
9021 2 2 104 104 4341 4342 4417
9022 2 2 104 104 4342 4418 4417
9023 2 2 104 104 4342 4343 4419
9024 2 2 104 104 4342 4419 4418
9025 2 2 104 104 4343 4344 4419
9026 2 2 104 104 4344 4420 4419
9027 2 2 104 104 4344 4345 4421
9028 2 2 104 104 4344 4421 4420
9029 2 2 104 104 4345 4346 4421
9030 2 2 104 104 4346 4422 4421
9031 2 2 104 104 4346 4347 4423
9032 2 2 104 104 4346 4423 4422
9033 2 2 104 104 4347 4348 4423
9034 2 2 104 104 4348 4424 4423
9035 2 2 104 104 4348 4349 4425
9036 2 2 104 104 4348 4425 4424
9037 2 2 104 104 4349 4350 4425
9038 2 2 104 104 4350 4426 4425
9039 2 2 104 104 4350 4351 4427
9040 2 2 104 104 4350 4427 4426
9041 2 2 104 104 4351 4352 4427
9042 2 2 104 104 4352 4428 4427
9043 2 2 104 104 4352 4353 4429
9044 2 2 104 104 4352 4429 4428
9045 2 2 104 104 4353 4354 4429
9046 2 2 104 104 4354 4430 4429
9047 2 2 104 104 4354 4355 4431
9048 2 2 104 104 4354 4431 4430
9049 2 2 104 104 4355 4356 4431
9050 2 2 104 104 4356 4432 4431
9051 2 2 104 104 4356 4357 4433
9052 2 2 104 104 4356 4433 4432
9053 2 2 104 104 4357 4358 4433
9054 2 2 104 104 4358 4434 4433
9055 2 2 104 104 4358 4359 4435
9056 2 2 104 104 4358 4435 4434
9057 2 2 104 104 4359 4360 4435
9058 2 2 104 104 4360 4436 4435
9059 2 2 104 104 4360 4361 4437
9060 2 2 104 104 4360 4437 4436
9061 2 2 104 104 4361 4362 4437
9062 2 2 104 104 4362 4438 4437
9063 2 2 104 104 4362 4363 4439
9064 2 2 104 104 4362 4439 4438
9065 2 2 104 104 4363 4364 4439
9066 2 2 104 104 4364 4440 4439
9067 2 2 104 104 4364 4365 4441
9068 2 2 104 104 4364 4441 4440
9069 2 2 104 104 4365 4366 4441
9070 2 2 104 104 4366 4442 4441
9071 2 2 104 104 4366 4367 4443
9072 2 2 104 104 4366 4443 4442
9073 2 2 104 104 4367 4368 4443
9074 2 2 104 104 4368 4444 4443
9075 2 2 104 104 4368 4369 4445
9076 2 2 104 104 4368 4445 4444
9077 2 2 104 104 4369 4370 4445
9078 2 2 104 104 4370 4446 4445
9079 2 2 104 104 4370 4371 4447
9080 2 2 104 104 4370 4447 4446
9081 2 2 104 104 4371 4372 4447
9082 2 2 104 104 4372 4448 4447
9083 2 2 104 104 4372 4373 4449
9084 2 2 104 104 4372 4449 4448
9085 2 2 104 104 4373 4374 4449
9086 2 2 104 104 4374 4450 4449
9087 2 2 104 104 4374 4375 4451
9088 2 2 104 104 4374 4451 4450
9089 2 2 104 104 4375 4376 4451
9090 2 2 104 104 4376 4452 4451
9091 2 2 104 104 4376 4377 4453
9092 2 2 104 104 4376 4453 4452
9093 2 2 104 104 4377 4378 4453
9094 2 2 104 104 4378 4454 4453
9095 2 2 104 104 4378 4379 4455
9096 2 2 104 104 4378 4455 4454
9097 2 2 104 104 4379 4380 4455
9098 2 2 104 104 4380 4456 4455
9099 2 2 104 104 4380 4381 4457
9100 2 2 104 104 4380 4457 4456
9101 2 2 104 104 4381 4382 4457
9102 2 2 104 104 4382 4458 4457
9103 2 2 104 104 4382 4383 4459
9104 2 2 104 104 4382 4459 4458
9105 2 2 104 104 4383 4384 4459
9106 2 2 104 104 4384 4460 4459
9107 2 2 104 104 4384 4385 4461
9108 2 2 104 104 4384 4461 4460
9109 2 2 104 104 4385 4386 4461
9110 2 2 104 104 4386 4462 4461
9111 2 2 104 104 4386 4387 4463
9112 2 2 104 104 4386 4463 4462
9113 2 2 104 104 4387 4388 4463
9114 2 2 104 104 4388 4464 4463
9115 2 2 104 104 4388 4389 4465
9116 2 2 104 104 4388 4465 4464
9117 2 2 104 104 4389 4390 4465
9118 2 2 104 104 4390 4466 4465
9119 2 2 104 104 4390 4391 4467
9120 2 2 104 104 4390 4467 4466
9121 2 2 104 104 4391 4392 4467
9122 2 2 104 104 4392 4468 4467
9123 2 2 104 104 4392 4393 4469
9124 2 2 104 104 4392 4469 4468
9125 2 2 104 104 4393 4394 4469
9126 2 2 104 104 4394 4470 4469
9127 2 2 104 104 4394 4395 4471
9128 2 2 104 104 4394 4471 4470
9129 2 2 104 104 4395 4396 4471
9130 2 2 104 104 4396 4472 4471
9131 2 2 104 104 4396 4397 4473
9132 2 2 104 104 4396 4473 4472
9133 2 2 104 104 4397 4398 4473
9134 2 2 104 104 4398 4474 4473
9135 2 2 104 104 4398 4399 4475
9136 2 2 104 104 4398 4475 4474
9137 2 2 104 104 4399 4400 4475
9138 2 2 104 104 4400 4476 4475
9139 2 2 104 104 4400 4401 4477
9140 2 2 104 104 4400 4477 4476
9141 2 2 104 104 4401 4402 4477
9142 2 2 104 104 4402 4478 4477
9143 2 2 104 104 4402 4403 4479
9144 2 2 104 104 4402 4479 4478
9145 2 2 104 104 4403 4404 4479
9146 2 2 104 104 4404 4480 4479
9147 2 2 104 104 4404 4405 4481
9148 2 2 104 104 4404 4481 4480
9149 2 2 104 104 4405 4406 4481
9150 2 2 104 104 4406 4482 4481
9151 2 2 104 104 4406 4407 4483
9152 2 2 104 104 4406 4483 4482
9153 2 2 104 104 4407 4408 4483
9154 2 2 104 104 4408 4484 4483
9155 2 2 104 104 4409 4410 4486
9156 2 2 104 104 4409 4486 4485
9157 2 2 104 104 4410 4411 4486
9158 2 2 104 104 4411 4487 4486
9159 2 2 104 104 4411 4412 4488
9160 2 2 104 104 4411 4488 4487
9161 2 2 104 104 4412 4413 4488
9162 2 2 104 104 4413 4489 4488
9163 2 2 104 104 4413 4414 4490
9164 2 2 104 104 4413 4490 4489
9165 2 2 104 104 4414 4415 4490
9166 2 2 104 104 4415 4491 4490
9167 2 2 104 104 4415 4416 4492
9168 2 2 104 104 4415 4492 4491
9169 2 2 104 104 4416 4417 4492
9170 2 2 104 104 4417 4493 4492
9171 2 2 104 104 4417 4418 4494
9172 2 2 104 104 4417 4494 4493
9173 2 2 104 104 4418 4419 4494
9174 2 2 104 104 4419 4495 4494
9175 2 2 104 104 4419 4420 4496
9176 2 2 104 104 4419 4496 4495
9177 2 2 104 104 4420 4421 4496
9178 2 2 104 104 4421 4497 4496
9179 2 2 104 104 4421 4422 4498
9180 2 2 104 104 4421 4498 4497
9181 2 2 104 104 4422 4423 4498
9182 2 2 104 104 4423 4499 4498
9183 2 2 104 104 4423 4424 4500
9184 2 2 104 104 4423 4500 4499
9185 2 2 104 104 4424 4425 4500
9186 2 2 104 104 4425 4501 4500
9187 2 2 104 104 4425 4426 4502
9188 2 2 104 104 4425 4502 4501
9189 2 2 104 104 4426 4427 4502
9190 2 2 104 104 4427 4503 4502
9191 2 2 104 104 4427 4428 4504
9192 2 2 104 104 4427 4504 4503
9193 2 2 104 104 4428 4429 4504
9194 2 2 104 104 4429 4505 4504
9195 2 2 104 104 4429 4430 4506
9196 2 2 104 104 4429 4506 4505
9197 2 2 104 104 4430 4431 4506
9198 2 2 104 104 4431 4507 4506
9199 2 2 104 104 4431 4432 4508
9200 2 2 104 104 4431 4508 4507
9201 2 2 104 104 4432 4433 4508
9202 2 2 104 104 4433 4509 4508
9203 2 2 104 104 4433 4434 4510
9204 2 2 104 104 4433 4510 4509
9205 2 2 104 104 4434 4435 4510
9206 2 2 104 104 4435 4511 4510
9207 2 2 104 104 4435 4436 4512
9208 2 2 104 104 4435 4512 4511
9209 2 2 104 104 4436 4437 4512
9210 2 2 104 104 4437 4513 4512
9211 2 2 104 104 4437 4438 4514
9212 2 2 104 104 4437 4514 4513
9213 2 2 104 104 4438 4439 4514
9214 2 2 104 104 4439 4515 4514
9215 2 2 104 104 4439 4440 4516
9216 2 2 104 104 4439 4516 4515
9217 2 2 104 104 4440 4441 4516
9218 2 2 104 104 4441 4517 4516
9219 2 2 104 104 4441 4442 4518
9220 2 2 104 104 4441 4518 4517
9221 2 2 104 104 4442 4443 4518
9222 2 2 104 104 4443 4519 4518
9223 2 2 104 104 4443 4444 4520
9224 2 2 104 104 4443 4520 4519
9225 2 2 104 104 4444 4445 4520
9226 2 2 104 104 4445 4521 4520
9227 2 2 104 104 4445 4446 4522
9228 2 2 104 104 4445 4522 4521
9229 2 2 104 104 4446 4447 4522
9230 2 2 104 104 4447 4523 4522
9231 2 2 104 104 4447 4448 4524
9232 2 2 104 104 4447 4524 4523
9233 2 2 104 104 4448 4449 4524
9234 2 2 104 104 4449 4525 4524
9235 2 2 104 104 4449 4450 4526
9236 2 2 104 104 4449 4526 4525
9237 2 2 104 104 4450 4451 4526
9238 2 2 104 104 4451 4527 4526
9239 2 2 104 104 4451 4452 4528
9240 2 2 104 104 4451 4528 4527
9241 2 2 104 104 4452 4453 4528
9242 2 2 104 104 4453 4529 4528
9243 2 2 104 104 4453 4454 4530
9244 2 2 104 104 4453 4530 4529
9245 2 2 104 104 4454 4455 4530
9246 2 2 104 104 4455 4531 4530
9247 2 2 104 104 4455 4456 4532
9248 2 2 104 104 4455 4532 4531
9249 2 2 104 104 4456 4457 4532
9250 2 2 104 104 4457 4533 4532
9251 2 2 104 104 4457 4458 4534
9252 2 2 104 104 4457 4534 4533
9253 2 2 104 104 4458 4459 4534
9254 2 2 104 104 4459 4535 4534
9255 2 2 104 104 4459 4460 4536
9256 2 2 104 104 4459 4536 4535
9257 2 2 104 104 4460 4461 4536
9258 2 2 104 104 4461 4537 4536
9259 2 2 104 104 4461 4462 4538
9260 2 2 104 104 4461 4538 4537
9261 2 2 104 104 4462 4463 4538
9262 2 2 104 104 4463 4539 4538
9263 2 2 104 104 4463 4464 4540
9264 2 2 104 104 4463 4540 4539
9265 2 2 104 104 4464 4465 4540
9266 2 2 104 104 4465 4541 4540
9267 2 2 104 104 4465 4466 4542
9268 2 2 104 104 4465 4542 4541
9269 2 2 104 104 4466 4467 4542
9270 2 2 104 104 4467 4543 4542
9271 2 2 104 104 4467 4468 4544
9272 2 2 104 104 4467 4544 4543
9273 2 2 104 104 4468 4469 4544
9274 2 2 104 104 4469 4545 4544
9275 2 2 104 104 4469 4470 4546
9276 2 2 104 104 4469 4546 4545
9277 2 2 104 104 4470 4471 4546
9278 2 2 104 104 4471 4547 4546
9279 2 2 104 104 4471 4472 4548
9280 2 2 104 104 4471 4548 4547
9281 2 2 104 104 4472 4473 4548
9282 2 2 104 104 4473 4549 4548
9283 2 2 104 104 4473 4474 4550
9284 2 2 104 104 4473 4550 4549
9285 2 2 104 104 4474 4475 4550
9286 2 2 104 104 4475 4551 4550
9287 2 2 104 104 4475 4476 4552
9288 2 2 104 104 4475 4552 4551
9289 2 2 104 104 4476 4477 4552
9290 2 2 104 104 4477 4553 4552
9291 2 2 104 104 4477 4478 4554
9292 2 2 104 104 4477 4554 4553
9293 2 2 104 104 4478 4479 4554
9294 2 2 104 104 4479 4555 4554
9295 2 2 104 104 4479 4480 4556
9296 2 2 104 104 4479 4556 4555
9297 2 2 104 104 4480 4481 4556
9298 2 2 104 104 4481 4557 4556
9299 2 2 104 104 4481 4482 4558
9300 2 2 104 104 4481 4558 4557
9301 2 2 104 104 4482 4483 4558
9302 2 2 104 104 4483 4559 4558
9303 2 2 104 104 4483 4484 4560
9304 2 2 104 104 4483 4560 4559
9305 2 2 104 104 4485 4486 4561
9306 2 2 104 104 4486 4562 4561
9307 2 2 104 104 4486 4487 4563
9308 2 2 104 104 4486 4563 4562
9309 2 2 104 104 4487 4488 4563
9310 2 2 104 104 4488 4564 4563
9311 2 2 104 104 4488 4489 4565
9312 2 2 104 104 4488 4565 4564
9313 2 2 104 104 4489 4490 4565
9314 2 2 104 104 4490 4566 4565
9315 2 2 104 104 4490 4491 4567
9316 2 2 104 104 4490 4567 4566
9317 2 2 104 104 4491 4492 4567
9318 2 2 104 104 4492 4568 4567
9319 2 2 104 104 4492 4493 4569
9320 2 2 104 104 4492 4569 4568
9321 2 2 104 104 4493 4494 4569
9322 2 2 104 104 4494 4570 4569
9323 2 2 104 104 4494 4495 4571
9324 2 2 104 104 4494 4571 4570
9325 2 2 104 104 4495 4496 4571
9326 2 2 104 104 4496 4572 4571
9327 2 2 104 104 4496 4497 4573
9328 2 2 104 104 4496 4573 4572
9329 2 2 104 104 4497 4498 4573
9330 2 2 104 104 4498 4574 4573
9331 2 2 104 104 4498 4499 4575
9332 2 2 104 104 4498 4575 4574
9333 2 2 104 104 4499 4500 4575
9334 2 2 104 104 4500 4576 4575
9335 2 2 104 104 4500 4501 4577
9336 2 2 104 104 4500 4577 4576
9337 2 2 104 104 4501 4502 4577
9338 2 2 104 104 4502 4578 4577
9339 2 2 104 104 4502 4503 4579
9340 2 2 104 104 4502 4579 4578
9341 2 2 104 104 4503 4504 4579
9342 2 2 104 104 4504 4580 4579
9343 2 2 104 104 4504 4505 4581
9344 2 2 104 104 4504 4581 4580
9345 2 2 104 104 4505 4506 4581
9346 2 2 104 104 4506 4582 4581
9347 2 2 104 104 4506 4507 4583
9348 2 2 104 104 4506 4583 4582
9349 2 2 104 104 4507 4508 4583
9350 2 2 104 104 4508 4584 4583
9351 2 2 104 104 4508 4509 4585
9352 2 2 104 104 4508 4585 4584
9353 2 2 104 104 4509 4510 4585
9354 2 2 104 104 4510 4586 4585
9355 2 2 104 104 4510 4511 4587
9356 2 2 104 104 4510 4587 4586
9357 2 2 104 104 4511 4512 4587
9358 2 2 104 104 4512 4588 4587
9359 2 2 104 104 4512 4513 4589
9360 2 2 104 104 4512 4589 4588
9361 2 2 104 104 4513 4514 4589
9362 2 2 104 104 4514 4590 4589
9363 2 2 104 104 4514 4515 4591
9364 2 2 104 104 4514 4591 4590
9365 2 2 104 104 4515 4516 4591
9366 2 2 104 104 4516 4592 4591
9367 2 2 104 104 4516 4517 4593
9368 2 2 104 104 4516 4593 4592
9369 2 2 104 104 4517 4518 4593
9370 2 2 104 104 4518 4594 4593
9371 2 2 104 104 4518 4519 4595
9372 2 2 104 104 4518 4595 4594
9373 2 2 104 104 4519 4520 4595
9374 2 2 104 104 4520 4596 4595
9375 2 2 104 104 4520 4521 4597
9376 2 2 104 104 4520 4597 4596
9377 2 2 104 104 4521 4522 4597
9378 2 2 104 104 4522 4598 4597
9379 2 2 104 104 4522 4523 4599
9380 2 2 104 104 4522 4599 4598
9381 2 2 104 104 4523 4524 4599
9382 2 2 104 104 4524 4600 4599
9383 2 2 104 104 4524 4525 4601
9384 2 2 104 104 4524 4601 4600
9385 2 2 104 104 4525 4526 4601
9386 2 2 104 104 4526 4602 4601
9387 2 2 104 104 4526 4527 4603
9388 2 2 104 104 4526 4603 4602
9389 2 2 104 104 4527 4528 4603
9390 2 2 104 104 4528 4604 4603
9391 2 2 104 104 4528 4529 4605
9392 2 2 104 104 4528 4605 4604
9393 2 2 104 104 4529 4530 4605
9394 2 2 104 104 4530 4606 4605
9395 2 2 104 104 4530 4531 4607
9396 2 2 104 104 4530 4607 4606
9397 2 2 104 104 4531 4532 4607
9398 2 2 104 104 4532 4608 4607
9399 2 2 104 104 4532 4533 4609
9400 2 2 104 104 4532 4609 4608
9401 2 2 104 104 4533 4534 4609
9402 2 2 104 104 4534 4610 4609
9403 2 2 104 104 4534 4535 4611
9404 2 2 104 104 4534 4611 4610
9405 2 2 104 104 4535 4536 4611
9406 2 2 104 104 4536 4612 4611
9407 2 2 104 104 4536 4537 4613
9408 2 2 104 104 4536 4613 4612
9409 2 2 104 104 4537 4538 4613
9410 2 2 104 104 4538 4614 4613
9411 2 2 104 104 4538 4539 4615
9412 2 2 104 104 4538 4615 4614
9413 2 2 104 104 4539 4540 4615
9414 2 2 104 104 4540 4616 4615
9415 2 2 104 104 4540 4541 4617
9416 2 2 104 104 4540 4617 4616
9417 2 2 104 104 4541 4542 4617
9418 2 2 104 104 4542 4618 4617
9419 2 2 104 104 4542 4543 4619
9420 2 2 104 104 4542 4619 4618
9421 2 2 104 104 4543 4544 4619
9422 2 2 104 104 4544 4620 4619
9423 2 2 104 104 4544 4545 4621
9424 2 2 104 104 4544 4621 4620
9425 2 2 104 104 4545 4546 4621
9426 2 2 104 104 4546 4622 4621
9427 2 2 104 104 4546 4547 4623
9428 2 2 104 104 4546 4623 4622
9429 2 2 104 104 4547 4548 4623
9430 2 2 104 104 4548 4624 4623
9431 2 2 104 104 4548 4549 4625
9432 2 2 104 104 4548 4625 4624
9433 2 2 104 104 4549 4550 4625
9434 2 2 104 104 4550 4626 4625
9435 2 2 104 104 4550 4551 4627
9436 2 2 104 104 4550 4627 4626
9437 2 2 104 104 4551 4552 4627
9438 2 2 104 104 4552 4628 4627
9439 2 2 104 104 4552 4553 4629
9440 2 2 104 104 4552 4629 4628
9441 2 2 104 104 4553 4554 4629
9442 2 2 104 104 4554 4630 4629
9443 2 2 104 104 4554 4555 4631
9444 2 2 104 104 4554 4631 4630
9445 2 2 104 104 4555 4556 4631
9446 2 2 104 104 4556 4632 4631
9447 2 2 104 104 4556 4557 4633
9448 2 2 104 104 4556 4633 4632
9449 2 2 104 104 4557 4558 4633
9450 2 2 104 104 4558 4634 4633
9451 2 2 104 104 4558 4559 4635
9452 2 2 104 104 4558 4635 4634
9453 2 2 104 104 4559 4560 4635
9454 2 2 104 104 4560 4636 4635
9455 2 2 104 104 4561 4562 4638
9456 2 2 104 104 4561 4638 4637
9457 2 2 104 104 4562 4563 4638
9458 2 2 104 104 4563 4639 4638
9459 2 2 104 104 4563 4564 4640
9460 2 2 104 104 4563 4640 4639
9461 2 2 104 104 4564 4565 4640
9462 2 2 104 104 4565 4641 4640
9463 2 2 104 104 4565 4566 4642
9464 2 2 104 104 4565 4642 4641
9465 2 2 104 104 4566 4567 4642
9466 2 2 104 104 4567 4643 4642
9467 2 2 104 104 4567 4568 4644
9468 2 2 104 104 4567 4644 4643
9469 2 2 104 104 4568 4569 4644
9470 2 2 104 104 4569 4645 4644
9471 2 2 104 104 4569 4570 4646
9472 2 2 104 104 4569 4646 4645
9473 2 2 104 104 4570 4571 4646
9474 2 2 104 104 4571 4647 4646
9475 2 2 104 104 4571 4572 4648
9476 2 2 104 104 4571 4648 4647
9477 2 2 104 104 4572 4573 4648
9478 2 2 104 104 4573 4649 4648
9479 2 2 104 104 4573 4574 4650
9480 2 2 104 104 4573 4650 4649
9481 2 2 104 104 4574 4575 4650
9482 2 2 104 104 4575 4651 4650
9483 2 2 104 104 4575 4576 4652
9484 2 2 104 104 4575 4652 4651
9485 2 2 104 104 4576 4577 4652
9486 2 2 104 104 4577 4653 4652
9487 2 2 104 104 4577 4578 4654
9488 2 2 104 104 4577 4654 4653
9489 2 2 104 104 4578 4579 4654
9490 2 2 104 104 4579 4655 4654
9491 2 2 104 104 4579 4580 4656
9492 2 2 104 104 4579 4656 4655
9493 2 2 104 104 4580 4581 4656
9494 2 2 104 104 4581 4657 4656
9495 2 2 104 104 4581 4582 4658
9496 2 2 104 104 4581 4658 4657
9497 2 2 104 104 4582 4583 4658
9498 2 2 104 104 4583 4659 4658
9499 2 2 104 104 4583 4584 4660
9500 2 2 104 104 4583 4660 4659
9501 2 2 104 104 4584 4585 4660
9502 2 2 104 104 4585 4661 4660
9503 2 2 104 104 4585 4586 4662
9504 2 2 104 104 4585 4662 4661
9505 2 2 104 104 4586 4587 4662
9506 2 2 104 104 4587 4663 4662
9507 2 2 104 104 4587 4588 4664
9508 2 2 104 104 4587 4664 4663
9509 2 2 104 104 4588 4589 4664
9510 2 2 104 104 4589 4665 4664
9511 2 2 104 104 4589 4590 4666
9512 2 2 104 104 4589 4666 4665
9513 2 2 104 104 4590 4591 4666
9514 2 2 104 104 4591 4667 4666
9515 2 2 104 104 4591 4592 4668
9516 2 2 104 104 4591 4668 4667
9517 2 2 104 104 4592 4593 4668
9518 2 2 104 104 4593 4669 4668
9519 2 2 104 104 4593 4594 4670
9520 2 2 104 104 4593 4670 4669
9521 2 2 104 104 4594 4595 4670
9522 2 2 104 104 4595 4671 4670
9523 2 2 104 104 4595 4596 4672
9524 2 2 104 104 4595 4672 4671
9525 2 2 104 104 4596 4597 4672
9526 2 2 104 104 4597 4673 4672
9527 2 2 104 104 4597 4598 4674
9528 2 2 104 104 4597 4674 4673
9529 2 2 104 104 4598 4599 4674
9530 2 2 104 104 4599 4675 4674
9531 2 2 104 104 4599 4600 4676
9532 2 2 104 104 4599 4676 4675
9533 2 2 104 104 4600 4601 4676
9534 2 2 104 104 4601 4677 4676
9535 2 2 104 104 4601 4602 4678
9536 2 2 104 104 4601 4678 4677
9537 2 2 104 104 4602 4603 4678
9538 2 2 104 104 4603 4679 4678
9539 2 2 104 104 4603 4604 4680
9540 2 2 104 104 4603 4680 4679
9541 2 2 104 104 4604 4605 4680
9542 2 2 104 104 4605 4681 4680
9543 2 2 104 104 4605 4606 4682
9544 2 2 104 104 4605 4682 4681
9545 2 2 104 104 4606 4607 4682
9546 2 2 104 104 4607 4683 4682
9547 2 2 104 104 4607 4608 4684
9548 2 2 104 104 4607 4684 4683
9549 2 2 104 104 4608 4609 4684
9550 2 2 104 104 4609 4685 4684
9551 2 2 104 104 4609 4610 4686
9552 2 2 104 104 4609 4686 4685
9553 2 2 104 104 4610 4611 4686
9554 2 2 104 104 4611 4687 4686
9555 2 2 104 104 4611 4612 4688
9556 2 2 104 104 4611 4688 4687
9557 2 2 104 104 4612 4613 4688
9558 2 2 104 104 4613 4689 4688
9559 2 2 104 104 4613 4614 4690
9560 2 2 104 104 4613 4690 4689
9561 2 2 104 104 4614 4615 4690
9562 2 2 104 104 4615 4691 4690
9563 2 2 104 104 4615 4616 4692
9564 2 2 104 104 4615 4692 4691
9565 2 2 104 104 4616 4617 4692
9566 2 2 104 104 4617 4693 4692
9567 2 2 104 104 4617 4618 4694
9568 2 2 104 104 4617 4694 4693
9569 2 2 104 104 4618 4619 4694
9570 2 2 104 104 4619 4695 4694
9571 2 2 104 104 4619 4620 4696
9572 2 2 104 104 4619 4696 4695
9573 2 2 104 104 4620 4621 4696
9574 2 2 104 104 4621 4697 4696
9575 2 2 104 104 4621 4622 4698
9576 2 2 104 104 4621 4698 4697
9577 2 2 104 104 4622 4623 4698
9578 2 2 104 104 4623 4699 4698
9579 2 2 104 104 4623 4624 4700
9580 2 2 104 104 4623 4700 4699
9581 2 2 104 104 4624 4625 4700
9582 2 2 104 104 4625 4701 4700
9583 2 2 104 104 4625 4626 4702
9584 2 2 104 104 4625 4702 4701
9585 2 2 104 104 4626 4627 4702
9586 2 2 104 104 4627 4703 4702
9587 2 2 104 104 4627 4628 4704
9588 2 2 104 104 4627 4704 4703
9589 2 2 104 104 4628 4629 4704
9590 2 2 104 104 4629 4705 4704
9591 2 2 104 104 4629 4630 4706
9592 2 2 104 104 4629 4706 4705
9593 2 2 104 104 4630 4631 4706
9594 2 2 104 104 4631 4707 4706
9595 2 2 104 104 4631 4632 4708
9596 2 2 104 104 4631 4708 4707
9597 2 2 104 104 4632 4633 4708
9598 2 2 104 104 4633 4709 4708
9599 2 2 104 104 4633 4634 4710
9600 2 2 104 104 4633 4710 4709
9601 2 2 104 104 4634 4635 4710
9602 2 2 104 104 4635 4711 4710
9603 2 2 104 104 4635 4636 4712
9604 2 2 104 104 4635 4712 4711
9605 2 2 104 104 4637 4638 4713
9606 2 2 104 104 4638 4714 4713
9607 2 2 104 104 4638 4639 4715
9608 2 2 104 104 4638 4715 4714
9609 2 2 104 104 4639 4640 4715
9610 2 2 104 104 4640 4716 4715
9611 2 2 104 104 4640 4641 4717
9612 2 2 104 104 4640 4717 4716
9613 2 2 104 104 4641 4642 4717
9614 2 2 104 104 4642 4718 4717
9615 2 2 104 104 4642 4643 4719
9616 2 2 104 104 4642 4719 4718
9617 2 2 104 104 4643 4644 4719
9618 2 2 104 104 4644 4720 4719
9619 2 2 104 104 4644 4645 4721
9620 2 2 104 104 4644 4721 4720
9621 2 2 104 104 4645 4646 4721
9622 2 2 104 104 4646 4722 4721
9623 2 2 104 104 4646 4647 4723
9624 2 2 104 104 4646 4723 4722
9625 2 2 104 104 4647 4648 4723
9626 2 2 104 104 4648 4724 4723
9627 2 2 104 104 4648 4649 4725
9628 2 2 104 104 4648 4725 4724
9629 2 2 104 104 4649 4650 4725
9630 2 2 104 104 4650 4726 4725
9631 2 2 104 104 4650 4651 4727
9632 2 2 104 104 4650 4727 4726
9633 2 2 104 104 4651 4652 4727
9634 2 2 104 104 4652 4728 4727
9635 2 2 104 104 4652 4653 4729
9636 2 2 104 104 4652 4729 4728
9637 2 2 104 104 4653 4654 4729
9638 2 2 104 104 4654 4730 4729
9639 2 2 104 104 4654 4655 4731
9640 2 2 104 104 4654 4731 4730
9641 2 2 104 104 4655 4656 4731
9642 2 2 104 104 4656 4732 4731
9643 2 2 104 104 4656 4657 4733
9644 2 2 104 104 4656 4733 4732
9645 2 2 104 104 4657 4658 4733
9646 2 2 104 104 4658 4734 4733
9647 2 2 104 104 4658 4659 4735
9648 2 2 104 104 4658 4735 4734
9649 2 2 104 104 4659 4660 4735
9650 2 2 104 104 4660 4736 4735
9651 2 2 104 104 4660 4661 4737
9652 2 2 104 104 4660 4737 4736
9653 2 2 104 104 4661 4662 4737
9654 2 2 104 104 4662 4738 4737
9655 2 2 104 104 4662 4663 4739
9656 2 2 104 104 4662 4739 4738
9657 2 2 104 104 4663 4664 4739
9658 2 2 104 104 4664 4740 4739
9659 2 2 104 104 4664 4665 4741
9660 2 2 104 104 4664 4741 4740
9661 2 2 104 104 4665 4666 4741
9662 2 2 104 104 4666 4742 4741
9663 2 2 104 104 4666 4667 4743
9664 2 2 104 104 4666 4743 4742
9665 2 2 104 104 4667 4668 4743
9666 2 2 104 104 4668 4744 4743
9667 2 2 104 104 4668 4669 4745
9668 2 2 104 104 4668 4745 4744
9669 2 2 104 104 4669 4670 4745
9670 2 2 104 104 4670 4746 4745
9671 2 2 104 104 4670 4671 4747
9672 2 2 104 104 4670 4747 4746
9673 2 2 104 104 4671 4672 4747
9674 2 2 104 104 4672 4748 4747
9675 2 2 104 104 4672 4673 4749
9676 2 2 104 104 4672 4749 4748
9677 2 2 104 104 4673 4674 4749
9678 2 2 104 104 4674 4750 4749
9679 2 2 104 104 4674 4675 4751
9680 2 2 104 104 4674 4751 4750
9681 2 2 104 104 4675 4676 4751
9682 2 2 104 104 4676 4752 4751
9683 2 2 104 104 4676 4677 4753
9684 2 2 104 104 4676 4753 4752
9685 2 2 104 104 4677 4678 4753
9686 2 2 104 104 4678 4754 4753
9687 2 2 104 104 4678 4679 4755
9688 2 2 104 104 4678 4755 4754
9689 2 2 104 104 4679 4680 4755
9690 2 2 104 104 4680 4756 4755
9691 2 2 104 104 4680 4681 4757
9692 2 2 104 104 4680 4757 4756
9693 2 2 104 104 4681 4682 4757
9694 2 2 104 104 4682 4758 4757
9695 2 2 104 104 4682 4683 4759
9696 2 2 104 104 4682 4759 4758
9697 2 2 104 104 4683 4684 4759
9698 2 2 104 104 4684 4760 4759
9699 2 2 104 104 4684 4685 4761
9700 2 2 104 104 4684 4761 4760
9701 2 2 104 104 4685 4686 4761
9702 2 2 104 104 4686 4762 4761
9703 2 2 104 104 4686 4687 4763
9704 2 2 104 104 4686 4763 4762
9705 2 2 104 104 4687 4688 4763
9706 2 2 104 104 4688 4764 4763
9707 2 2 104 104 4688 4689 4765
9708 2 2 104 104 4688 4765 4764
9709 2 2 104 104 4689 4690 4765
9710 2 2 104 104 4690 4766 4765
9711 2 2 104 104 4690 4691 4767
9712 2 2 104 104 4690 4767 4766
9713 2 2 104 104 4691 4692 4767
9714 2 2 104 104 4692 4768 4767
9715 2 2 104 104 4692 4693 4769
9716 2 2 104 104 4692 4769 4768
9717 2 2 104 104 4693 4694 4769
9718 2 2 104 104 4694 4770 4769
9719 2 2 104 104 4694 4695 4771
9720 2 2 104 104 4694 4771 4770
9721 2 2 104 104 4695 4696 4771
9722 2 2 104 104 4696 4772 4771
9723 2 2 104 104 4696 4697 4773
9724 2 2 104 104 4696 4773 4772
9725 2 2 104 104 4697 4698 4773
9726 2 2 104 104 4698 4774 4773
9727 2 2 104 104 4698 4699 4775
9728 2 2 104 104 4698 4775 4774
9729 2 2 104 104 4699 4700 4775
9730 2 2 104 104 4700 4776 4775
9731 2 2 104 104 4700 4701 4777
9732 2 2 104 104 4700 4777 4776
9733 2 2 104 104 4701 4702 4777
9734 2 2 104 104 4702 4778 4777
9735 2 2 104 104 4702 4703 4779
9736 2 2 104 104 4702 4779 4778
9737 2 2 104 104 4703 4704 4779
9738 2 2 104 104 4704 4780 4779
9739 2 2 104 104 4704 4705 4781
9740 2 2 104 104 4704 4781 4780
9741 2 2 104 104 4705 4706 4781
9742 2 2 104 104 4706 4782 4781
9743 2 2 104 104 4706 4707 4783
9744 2 2 104 104 4706 4783 4782
9745 2 2 104 104 4707 4708 4783
9746 2 2 104 104 4708 4784 4783
9747 2 2 104 104 4708 4709 4785
9748 2 2 104 104 4708 4785 4784
9749 2 2 104 104 4709 4710 4785
9750 2 2 104 104 4710 4786 4785
9751 2 2 104 104 4710 4711 4787
9752 2 2 104 104 4710 4787 4786
9753 2 2 104 104 4711 4712 4787
9754 2 2 104 104 4712 4788 4787
9755 2 2 103 103 4713 4714 4790
9756 2 2 103 103 4713 4790 4789
9757 2 2 103 103 4714 4715 4790
9758 2 2 103 103 4715 4791 4790
9759 2 2 103 103 4715 4716 4792
9760 2 2 103 103 4715 4792 4791
9761 2 2 103 103 4716 4717 4792
9762 2 2 103 103 4717 4793 4792
9763 2 2 103 103 4717 4718 4794
9764 2 2 103 103 4717 4794 4793
9765 2 2 103 103 4718 4719 4794
9766 2 2 103 103 4719 4795 4794
9767 2 2 103 103 4719 4720 4796
9768 2 2 103 103 4719 4796 4795
9769 2 2 103 103 4720 4721 4796
9770 2 2 103 103 4721 4797 4796
9771 2 2 103 103 4721 4722 4798
9772 2 2 103 103 4721 4798 4797
9773 2 2 103 103 4722 4723 4798
9774 2 2 103 103 4723 4799 4798
9775 2 2 103 103 4723 4724 4800
9776 2 2 103 103 4723 4800 4799
9777 2 2 103 103 4724 4725 4800
9778 2 2 103 103 4725 4801 4800
9779 2 2 103 103 4725 4726 4802
9780 2 2 103 103 4725 4802 4801
9781 2 2 103 103 4726 4727 4802
9782 2 2 103 103 4727 4803 4802
9783 2 2 103 103 4727 4728 4804
9784 2 2 103 103 4727 4804 4803
9785 2 2 103 103 4728 4729 4804
9786 2 2 103 103 4729 4805 4804
9787 2 2 103 103 4729 4730 4806
9788 2 2 103 103 4729 4806 4805
9789 2 2 103 103 4730 4731 4806
9790 2 2 103 103 4731 4807 4806
9791 2 2 103 103 4731 4732 4808
9792 2 2 103 103 4731 4808 4807
9793 2 2 103 103 4732 4733 4808
9794 2 2 103 103 4733 4809 4808
9795 2 2 103 103 4733 4734 4810
9796 2 2 103 103 4733 4810 4809
9797 2 2 103 103 4734 4735 4810
9798 2 2 103 103 4735 4811 4810
9799 2 2 103 103 4735 4736 4812
9800 2 2 103 103 4735 4812 4811
9801 2 2 103 103 4736 4737 4812
9802 2 2 103 103 4737 4813 4812
9803 2 2 103 103 4737 4738 4814
9804 2 2 103 103 4737 4814 4813
9805 2 2 103 103 4738 4739 4814
9806 2 2 103 103 4739 4815 4814
9807 2 2 103 103 4739 4740 4816
9808 2 2 103 103 4739 4816 4815
9809 2 2 103 103 4740 4741 4816
9810 2 2 103 103 4741 4817 4816
9811 2 2 103 103 4741 4742 4818
9812 2 2 103 103 4741 4818 4817
9813 2 2 103 103 4742 4743 4818
9814 2 2 103 103 4743 4819 4818
9815 2 2 103 103 4743 4744 4820
9816 2 2 103 103 4743 4820 4819
9817 2 2 103 103 4744 4745 4820
9818 2 2 103 103 4745 4821 4820
9819 2 2 103 103 4745 4746 4822
9820 2 2 103 103 4745 4822 4821
9821 2 2 103 103 4746 4747 4822
9822 2 2 103 103 4747 4823 4822
9823 2 2 103 103 4747 4748 4824
9824 2 2 103 103 4747 4824 4823
9825 2 2 103 103 4748 4749 4824
9826 2 2 103 103 4749 4825 4824
9827 2 2 103 103 4749 4750 4826
9828 2 2 103 103 4749 4826 4825
9829 2 2 103 103 4750 4751 4826
9830 2 2 103 103 4751 4827 4826
9831 2 2 103 103 4751 4752 4828
9832 2 2 103 103 4751 4828 4827
9833 2 2 103 103 4752 4753 4828
9834 2 2 103 103 4753 4829 4828
9835 2 2 103 103 4753 4754 4830
9836 2 2 103 103 4753 4830 4829
9837 2 2 103 103 4754 4755 4830
9838 2 2 103 103 4755 4831 4830
9839 2 2 103 103 4755 4756 4832
9840 2 2 103 103 4755 4832 4831
9841 2 2 103 103 4756 4757 4832
9842 2 2 103 103 4757 4833 4832
9843 2 2 103 103 4757 4758 4834
9844 2 2 103 103 4757 4834 4833
9845 2 2 103 103 4758 4759 4834
9846 2 2 103 103 4759 4835 4834
9847 2 2 103 103 4759 4760 4836
9848 2 2 103 103 4759 4836 4835
9849 2 2 103 103 4760 4761 4836
9850 2 2 103 103 4761 4837 4836
9851 2 2 103 103 4761 4762 4838
9852 2 2 103 103 4761 4838 4837
9853 2 2 103 103 4762 4763 4838
9854 2 2 103 103 4763 4839 4838
9855 2 2 103 103 4763 4764 4840
9856 2 2 103 103 4763 4840 4839
9857 2 2 103 103 4764 4765 4840
9858 2 2 103 103 4765 4841 4840
9859 2 2 103 103 4765 4766 4842
9860 2 2 103 103 4765 4842 4841
9861 2 2 103 103 4766 4767 4842
9862 2 2 103 103 4767 4843 4842
9863 2 2 103 103 4767 4768 4844
9864 2 2 103 103 4767 4844 4843
9865 2 2 103 103 4768 4769 4844
9866 2 2 103 103 4769 4845 4844
9867 2 2 103 103 4769 4770 4846
9868 2 2 103 103 4769 4846 4845
9869 2 2 103 103 4770 4771 4846
9870 2 2 103 103 4771 4847 4846
9871 2 2 103 103 4771 4772 4848
9872 2 2 103 103 4771 4848 4847
9873 2 2 103 103 4772 4773 4848
9874 2 2 103 103 4773 4849 4848
9875 2 2 103 103 4773 4774 4850
9876 2 2 103 103 4773 4850 4849
9877 2 2 103 103 4774 4775 4850
9878 2 2 103 103 4775 4851 4850
9879 2 2 103 103 4775 4776 4852
9880 2 2 103 103 4775 4852 4851
9881 2 2 103 103 4776 4777 4852
9882 2 2 103 103 4777 4853 4852
9883 2 2 103 103 4777 4778 4854
9884 2 2 103 103 4777 4854 4853
9885 2 2 103 103 4778 4779 4854
9886 2 2 103 103 4779 4855 4854
9887 2 2 103 103 4779 4780 4856
9888 2 2 103 103 4779 4856 4855
9889 2 2 103 103 4780 4781 4856
9890 2 2 103 103 4781 4857 4856
9891 2 2 103 103 4781 4782 4858
9892 2 2 103 103 4781 4858 4857
9893 2 2 103 103 4782 4783 4858
9894 2 2 103 103 4783 4859 4858
9895 2 2 103 103 4783 4784 4860
9896 2 2 103 103 4783 4860 4859
9897 2 2 103 103 4784 4785 4860
9898 2 2 103 103 4785 4861 4860
9899 2 2 103 103 4785 4786 4862
9900 2 2 103 103 4785 4862 4861
9901 2 2 103 103 4786 4787 4862
9902 2 2 103 103 4787 4863 4862
9903 2 2 103 103 4787 4788 4864
9904 2 2 103 103 4787 4864 4863
9905 2 2 103 103 4789 4790 4865
9906 2 2 103 103 4790 4866 4865
9907 2 2 103 103 4790 4791 4867
9908 2 2 103 103 4790 4867 4866
9909 2 2 103 103 4791 4792 4867
9910 2 2 103 103 4792 4868 4867
9911 2 2 103 103 4792 4793 4869
9912 2 2 103 103 4792 4869 4868
9913 2 2 103 103 4793 4794 4869
9914 2 2 103 103 4794 4870 4869
9915 2 2 103 103 4794 4795 4871
9916 2 2 103 103 4794 4871 4870
9917 2 2 103 103 4795 4796 4871
9918 2 2 103 103 4796 4872 4871
9919 2 2 103 103 4796 4797 4873
9920 2 2 103 103 4796 4873 4872
9921 2 2 103 103 4797 4798 4873
9922 2 2 103 103 4798 4874 4873
9923 2 2 103 103 4798 4799 4875
9924 2 2 103 103 4798 4875 4874
9925 2 2 103 103 4799 4800 4875
9926 2 2 103 103 4800 4876 4875
9927 2 2 103 103 4800 4801 4877
9928 2 2 103 103 4800 4877 4876
9929 2 2 103 103 4801 4802 4877
9930 2 2 103 103 4802 4878 4877
9931 2 2 103 103 4802 4803 4879
9932 2 2 103 103 4802 4879 4878
9933 2 2 103 103 4803 4804 4879
9934 2 2 103 103 4804 4880 4879
9935 2 2 103 103 4804 4805 4881
9936 2 2 103 103 4804 4881 4880
9937 2 2 103 103 4805 4806 4881
9938 2 2 103 103 4806 4882 4881
9939 2 2 103 103 4806 4807 4883
9940 2 2 103 103 4806 4883 4882
9941 2 2 103 103 4807 4808 4883
9942 2 2 103 103 4808 4884 4883
9943 2 2 103 103 4808 4809 4885
9944 2 2 103 103 4808 4885 4884
9945 2 2 103 103 4809 4810 4885
9946 2 2 103 103 4810 4886 4885
9947 2 2 103 103 4810 4811 4887
9948 2 2 103 103 4810 4887 4886
9949 2 2 103 103 4811 4812 4887
9950 2 2 103 103 4812 4888 4887
9951 2 2 103 103 4812 4813 4889
9952 2 2 103 103 4812 4889 4888
9953 2 2 103 103 4813 4814 4889
9954 2 2 103 103 4814 4890 4889
9955 2 2 103 103 4814 4815 4891
9956 2 2 103 103 4814 4891 4890
9957 2 2 103 103 4815 4816 4891
9958 2 2 103 103 4816 4892 4891
9959 2 2 103 103 4816 4817 4893
9960 2 2 103 103 4816 4893 4892
9961 2 2 103 103 4817 4818 4893
9962 2 2 103 103 4818 4894 4893
9963 2 2 103 103 4818 4819 4895
9964 2 2 103 103 4818 4895 4894
9965 2 2 103 103 4819 4820 4895
9966 2 2 103 103 4820 4896 4895
9967 2 2 103 103 4820 4821 4897
9968 2 2 103 103 4820 4897 4896
9969 2 2 103 103 4821 4822 4897
9970 2 2 103 103 4822 4898 4897
9971 2 2 103 103 4822 4823 4899
9972 2 2 103 103 4822 4899 4898
9973 2 2 103 103 4823 4824 4899
9974 2 2 103 103 4824 4900 4899
9975 2 2 103 103 4824 4825 4901
9976 2 2 103 103 4824 4901 4900
9977 2 2 103 103 4825 4826 4901
9978 2 2 103 103 4826 4902 4901
9979 2 2 103 103 4826 4827 4903
9980 2 2 103 103 4826 4903 4902
9981 2 2 103 103 4827 4828 4903
9982 2 2 103 103 4828 4904 4903
9983 2 2 103 103 4828 4829 4905
9984 2 2 103 103 4828 4905 4904
9985 2 2 103 103 4829 4830 4905
9986 2 2 103 103 4830 4906 4905
9987 2 2 103 103 4830 4831 4907
9988 2 2 103 103 4830 4907 4906
9989 2 2 103 103 4831 4832 4907
9990 2 2 103 103 4832 4908 4907
9991 2 2 103 103 4832 4833 4909
9992 2 2 103 103 4832 4909 4908
9993 2 2 103 103 4833 4834 4909
9994 2 2 103 103 4834 4910 4909
9995 2 2 103 103 4834 4835 4911
9996 2 2 103 103 4834 4911 4910
9997 2 2 103 103 4835 4836 4911
9998 2 2 103 103 4836 4912 4911
9999 2 2 103 103 4836 4837 4913
10000 2 2 103 103 4836 4913 4912
10001 2 2 103 103 4837 4838 4913
10002 2 2 103 103 4838 4914 4913
10003 2 2 103 103 4838 4839 4915
10004 2 2 103 103 4838 4915 4914
10005 2 2 103 103 4839 4840 4915
10006 2 2 103 103 4840 4916 4915
10007 2 2 103 103 4840 4841 4917
10008 2 2 103 103 4840 4917 4916
10009 2 2 103 103 4841 4842 4917
10010 2 2 103 103 4842 4918 4917
10011 2 2 103 103 4842 4843 4919
10012 2 2 103 103 4842 4919 4918
10013 2 2 103 103 4843 4844 4919
10014 2 2 103 103 4844 4920 4919
10015 2 2 103 103 4844 4845 4921
10016 2 2 103 103 4844 4921 4920
10017 2 2 103 103 4845 4846 4921
10018 2 2 103 103 4846 4922 4921
10019 2 2 103 103 4846 4847 4923
10020 2 2 103 103 4846 4923 4922
10021 2 2 103 103 4847 4848 4923
10022 2 2 103 103 4848 4924 4923
10023 2 2 103 103 4848 4849 4925
10024 2 2 103 103 4848 4925 4924
10025 2 2 103 103 4849 4850 4925
10026 2 2 103 103 4850 4926 4925
10027 2 2 103 103 4850 4851 4927
10028 2 2 103 103 4850 4927 4926
10029 2 2 103 103 4851 4852 4927
10030 2 2 103 103 4852 4928 4927
10031 2 2 103 103 4852 4853 4929
10032 2 2 103 103 4852 4929 4928
10033 2 2 103 103 4853 4854 4929
10034 2 2 103 103 4854 4930 4929
10035 2 2 103 103 4854 4855 4931
10036 2 2 103 103 4854 4931 4930
10037 2 2 103 103 4855 4856 4931
10038 2 2 103 103 4856 4932 4931
10039 2 2 103 103 4856 4857 4933
10040 2 2 103 103 4856 4933 4932
10041 2 2 103 103 4857 4858 4933
10042 2 2 103 103 4858 4934 4933
10043 2 2 103 103 4858 4859 4935
10044 2 2 103 103 4858 4935 4934
10045 2 2 103 103 4859 4860 4935
10046 2 2 103 103 4860 4936 4935
10047 2 2 103 103 4860 4861 4937
10048 2 2 103 103 4860 4937 4936
10049 2 2 103 103 4861 4862 4937
10050 2 2 103 103 4862 4938 4937
10051 2 2 103 103 4862 4863 4939
10052 2 2 103 103 4862 4939 4938
10053 2 2 103 103 4863 4864 4939
10054 2 2 103 103 4864 4940 4939
10055 2 2 103 103 4865 4866 4942
10056 2 2 103 103 4865 4942 4941
10057 2 2 103 103 4866 4867 4942
10058 2 2 103 103 4867 4943 4942
10059 2 2 103 103 4867 4868 4944
10060 2 2 103 103 4867 4944 4943
10061 2 2 103 103 4868 4869 4944
10062 2 2 103 103 4869 4945 4944
10063 2 2 103 103 4869 4870 4946
10064 2 2 103 103 4869 4946 4945
10065 2 2 103 103 4870 4871 4946
10066 2 2 103 103 4871 4947 4946
10067 2 2 103 103 4871 4872 4948
10068 2 2 103 103 4871 4948 4947
10069 2 2 103 103 4872 4873 4948
10070 2 2 103 103 4873 4949 4948
10071 2 2 103 103 4873 4874 4950
10072 2 2 103 103 4873 4950 4949
10073 2 2 103 103 4874 4875 4950
10074 2 2 103 103 4875 4951 4950
10075 2 2 103 103 4875 4876 4952
10076 2 2 103 103 4875 4952 4951
10077 2 2 103 103 4876 4877 4952
10078 2 2 103 103 4877 4953 4952
10079 2 2 103 103 4877 4878 4954
10080 2 2 103 103 4877 4954 4953
10081 2 2 103 103 4878 4879 4954
10082 2 2 103 103 4879 4955 4954
10083 2 2 103 103 4879 4880 4956
10084 2 2 103 103 4879 4956 4955
10085 2 2 103 103 4880 4881 4956
10086 2 2 103 103 4881 4957 4956
10087 2 2 103 103 4881 4882 4958
10088 2 2 103 103 4881 4958 4957
10089 2 2 103 103 4882 4883 4958
10090 2 2 103 103 4883 4959 4958
10091 2 2 103 103 4883 4884 4960
10092 2 2 103 103 4883 4960 4959
10093 2 2 103 103 4884 4885 4960
10094 2 2 103 103 4885 4961 4960
10095 2 2 103 103 4885 4886 4962
10096 2 2 103 103 4885 4962 4961
10097 2 2 103 103 4886 4887 4962
10098 2 2 103 103 4887 4963 4962
10099 2 2 103 103 4887 4888 4964
10100 2 2 103 103 4887 4964 4963
10101 2 2 103 103 4888 4889 4964
10102 2 2 103 103 4889 4965 4964
10103 2 2 103 103 4889 4890 4966
10104 2 2 103 103 4889 4966 4965
10105 2 2 103 103 4890 4891 4966
10106 2 2 103 103 4891 4967 4966
10107 2 2 103 103 4891 4892 4968
10108 2 2 103 103 4891 4968 4967
10109 2 2 103 103 4892 4893 4968
10110 2 2 103 103 4893 4969 4968
10111 2 2 103 103 4893 4894 4970
10112 2 2 103 103 4893 4970 4969
10113 2 2 103 103 4894 4895 4970
10114 2 2 103 103 4895 4971 4970
10115 2 2 103 103 4895 4896 4972
10116 2 2 103 103 4895 4972 4971
10117 2 2 103 103 4896 4897 4972
10118 2 2 103 103 4897 4973 4972
10119 2 2 103 103 4897 4898 4974
10120 2 2 103 103 4897 4974 4973
10121 2 2 103 103 4898 4899 4974
10122 2 2 103 103 4899 4975 4974
10123 2 2 103 103 4899 4900 4976
10124 2 2 103 103 4899 4976 4975
10125 2 2 103 103 4900 4901 4976
10126 2 2 103 103 4901 4977 4976
10127 2 2 103 103 4901 4902 4978
10128 2 2 103 103 4901 4978 4977
10129 2 2 103 103 4902 4903 4978
10130 2 2 103 103 4903 4979 4978
10131 2 2 103 103 4903 4904 4980
10132 2 2 103 103 4903 4980 4979
10133 2 2 103 103 4904 4905 4980
10134 2 2 103 103 4905 4981 4980
10135 2 2 103 103 4905 4906 4982
10136 2 2 103 103 4905 4982 4981
10137 2 2 103 103 4906 4907 4982
10138 2 2 103 103 4907 4983 4982
10139 2 2 103 103 4907 4908 4984
10140 2 2 103 103 4907 4984 4983
10141 2 2 103 103 4908 4909 4984
10142 2 2 103 103 4909 4985 4984
10143 2 2 103 103 4909 4910 4986
10144 2 2 103 103 4909 4986 4985
10145 2 2 103 103 4910 4911 4986
10146 2 2 103 103 4911 4987 4986
10147 2 2 103 103 4911 4912 4988
10148 2 2 103 103 4911 4988 4987
10149 2 2 103 103 4912 4913 4988
10150 2 2 103 103 4913 4989 4988
10151 2 2 103 103 4913 4914 4990
10152 2 2 103 103 4913 4990 4989
10153 2 2 103 103 4914 4915 4990
10154 2 2 103 103 4915 4991 4990
10155 2 2 103 103 4915 4916 4992
10156 2 2 103 103 4915 4992 4991
10157 2 2 103 103 4916 4917 4992
10158 2 2 103 103 4917 4993 4992
10159 2 2 103 103 4917 4918 4994
10160 2 2 103 103 4917 4994 4993
10161 2 2 103 103 4918 4919 4994
10162 2 2 103 103 4919 4995 4994
10163 2 2 103 103 4919 4920 4996
10164 2 2 103 103 4919 4996 4995
10165 2 2 103 103 4920 4921 4996
10166 2 2 103 103 4921 4997 4996
10167 2 2 103 103 4921 4922 4998
10168 2 2 103 103 4921 4998 4997
10169 2 2 103 103 4922 4923 4998
10170 2 2 103 103 4923 4999 4998
10171 2 2 103 103 4923 4924 5000
10172 2 2 103 103 4923 5000 4999
10173 2 2 103 103 4924 4925 5000
10174 2 2 103 103 4925 5001 5000
10175 2 2 103 103 4925 4926 5002
10176 2 2 103 103 4925 5002 5001
10177 2 2 103 103 4926 4927 5002
10178 2 2 103 103 4927 5003 5002
10179 2 2 103 103 4927 4928 5004
10180 2 2 103 103 4927 5004 5003
10181 2 2 103 103 4928 4929 5004
10182 2 2 103 103 4929 5005 5004
10183 2 2 103 103 4929 4930 5006
10184 2 2 103 103 4929 5006 5005
10185 2 2 103 103 4930 4931 5006
10186 2 2 103 103 4931 5007 5006
10187 2 2 103 103 4931 4932 5008
10188 2 2 103 103 4931 5008 5007
10189 2 2 103 103 4932 4933 5008
10190 2 2 103 103 4933 5009 5008
10191 2 2 103 103 4933 4934 5010
10192 2 2 103 103 4933 5010 5009
10193 2 2 103 103 4934 4935 5010
10194 2 2 103 103 4935 5011 5010
10195 2 2 103 103 4935 4936 5012
10196 2 2 103 103 4935 5012 5011
10197 2 2 103 103 4936 4937 5012
10198 2 2 103 103 4937 5013 5012
10199 2 2 103 103 4937 4938 5014
10200 2 2 103 103 4937 5014 5013
10201 2 2 103 103 4938 4939 5014
10202 2 2 103 103 4939 5015 5014
10203 2 2 103 103 4939 4940 5016
10204 2 2 103 103 4939 5016 5015
10205 2 2 103 103 4941 4942 5017
10206 2 2 103 103 4942 5018 5017
10207 2 2 103 103 4942 4943 5019
10208 2 2 103 103 4942 5019 5018
10209 2 2 103 103 4943 4944 5019
10210 2 2 103 103 4944 5020 5019
10211 2 2 103 103 4944 4945 5021
10212 2 2 103 103 4944 5021 5020
10213 2 2 103 103 4945 4946 5021
10214 2 2 103 103 4946 5022 5021
10215 2 2 103 103 4946 4947 5023
10216 2 2 103 103 4946 5023 5022
10217 2 2 103 103 4947 4948 5023
10218 2 2 103 103 4948 5024 5023
10219 2 2 103 103 4948 4949 5025
10220 2 2 103 103 4948 5025 5024
10221 2 2 103 103 4949 4950 5025
10222 2 2 103 103 4950 5026 5025
10223 2 2 103 103 4950 4951 5027
10224 2 2 103 103 4950 5027 5026
10225 2 2 103 103 4951 4952 5027
10226 2 2 103 103 4952 5028 5027
10227 2 2 103 103 4952 4953 5029
10228 2 2 103 103 4952 5029 5028
10229 2 2 103 103 4953 4954 5029
10230 2 2 103 103 4954 5030 5029
10231 2 2 103 103 4954 4955 5031
10232 2 2 103 103 4954 5031 5030
10233 2 2 103 103 4955 4956 5031
10234 2 2 103 103 4956 5032 5031
10235 2 2 103 103 4956 4957 5033
10236 2 2 103 103 4956 5033 5032
10237 2 2 103 103 4957 4958 5033
10238 2 2 103 103 4958 5034 5033
10239 2 2 103 103 4958 4959 5035
10240 2 2 103 103 4958 5035 5034
10241 2 2 103 103 4959 4960 5035
10242 2 2 103 103 4960 5036 5035
10243 2 2 103 103 4960 4961 5037
10244 2 2 103 103 4960 5037 5036
10245 2 2 103 103 4961 4962 5037
10246 2 2 103 103 4962 5038 5037
10247 2 2 103 103 4962 4963 5039
10248 2 2 103 103 4962 5039 5038
10249 2 2 103 103 4963 4964 5039
10250 2 2 103 103 4964 5040 5039
10251 2 2 103 103 4964 4965 5041
10252 2 2 103 103 4964 5041 5040
10253 2 2 103 103 4965 4966 5041
10254 2 2 103 103 4966 5042 5041
10255 2 2 103 103 4966 4967 5043
10256 2 2 103 103 4966 5043 5042
10257 2 2 103 103 4967 4968 5043
10258 2 2 103 103 4968 5044 5043
10259 2 2 103 103 4968 4969 5045
10260 2 2 103 103 4968 5045 5044
10261 2 2 103 103 4969 4970 5045
10262 2 2 103 103 4970 5046 5045
10263 2 2 103 103 4970 4971 5047
10264 2 2 103 103 4970 5047 5046
10265 2 2 103 103 4971 4972 5047
10266 2 2 103 103 4972 5048 5047
10267 2 2 103 103 4972 4973 5049
10268 2 2 103 103 4972 5049 5048
10269 2 2 103 103 4973 4974 5049
10270 2 2 103 103 4974 5050 5049
10271 2 2 103 103 4974 4975 5051
10272 2 2 103 103 4974 5051 5050
10273 2 2 103 103 4975 4976 5051
10274 2 2 103 103 4976 5052 5051
10275 2 2 103 103 4976 4977 5053
10276 2 2 103 103 4976 5053 5052
10277 2 2 103 103 4977 4978 5053
10278 2 2 103 103 4978 5054 5053
10279 2 2 103 103 4978 4979 5055
10280 2 2 103 103 4978 5055 5054
10281 2 2 103 103 4979 4980 5055
10282 2 2 103 103 4980 5056 5055
10283 2 2 103 103 4980 4981 5057
10284 2 2 103 103 4980 5057 5056
10285 2 2 103 103 4981 4982 5057
10286 2 2 103 103 4982 5058 5057
10287 2 2 103 103 4982 4983 5059
10288 2 2 103 103 4982 5059 5058
10289 2 2 103 103 4983 4984 5059
10290 2 2 103 103 4984 5060 5059
10291 2 2 103 103 4984 4985 5061
10292 2 2 103 103 4984 5061 5060
10293 2 2 103 103 4985 4986 5061
10294 2 2 103 103 4986 5062 5061
10295 2 2 103 103 4986 4987 5063
10296 2 2 103 103 4986 5063 5062
10297 2 2 103 103 4987 4988 5063
10298 2 2 103 103 4988 5064 5063
10299 2 2 103 103 4988 4989 5065
10300 2 2 103 103 4988 5065 5064
10301 2 2 103 103 4989 4990 5065
10302 2 2 103 103 4990 5066 5065
10303 2 2 103 103 4990 4991 5067
10304 2 2 103 103 4990 5067 5066
10305 2 2 103 103 4991 4992 5067
10306 2 2 103 103 4992 5068 5067
10307 2 2 103 103 4992 4993 5069
10308 2 2 103 103 4992 5069 5068
10309 2 2 103 103 4993 4994 5069
10310 2 2 103 103 4994 5070 5069
10311 2 2 103 103 4994 4995 5071
10312 2 2 103 103 4994 5071 5070
10313 2 2 103 103 4995 4996 5071
10314 2 2 103 103 4996 5072 5071
10315 2 2 103 103 4996 4997 5073
10316 2 2 103 103 4996 5073 5072
10317 2 2 103 103 4997 4998 5073
10318 2 2 103 103 4998 5074 5073
10319 2 2 103 103 4998 4999 5075
10320 2 2 103 103 4998 5075 5074
10321 2 2 103 103 4999 5000 5075
10322 2 2 103 103 5000 5076 5075
10323 2 2 103 103 5000 5001 5077
10324 2 2 103 103 5000 5077 5076
10325 2 2 103 103 5001 5002 5077
10326 2 2 103 103 5002 5078 5077
10327 2 2 103 103 5002 5003 5079
10328 2 2 103 103 5002 5079 5078
10329 2 2 103 103 5003 5004 5079
10330 2 2 103 103 5004 5080 5079
10331 2 2 103 103 5004 5005 5081
10332 2 2 103 103 5004 5081 5080
10333 2 2 103 103 5005 5006 5081
10334 2 2 103 103 5006 5082 5081
10335 2 2 103 103 5006 5007 5083
10336 2 2 103 103 5006 5083 5082
10337 2 2 103 103 5007 5008 5083
10338 2 2 103 103 5008 5084 5083
10339 2 2 103 103 5008 5009 5085
10340 2 2 103 103 5008 5085 5084
10341 2 2 103 103 5009 5010 5085
10342 2 2 103 103 5010 5086 5085
10343 2 2 103 103 5010 5011 5087
10344 2 2 103 103 5010 5087 5086
10345 2 2 103 103 5011 5012 5087
10346 2 2 103 103 5012 5088 5087
10347 2 2 103 103 5012 5013 5089
10348 2 2 103 103 5012 5089 5088
10349 2 2 103 103 5013 5014 5089
10350 2 2 103 103 5014 5090 5089
10351 2 2 103 103 5014 5015 5091
10352 2 2 103 103 5014 5091 5090
10353 2 2 103 103 5015 5016 5091
10354 2 2 103 103 5016 5092 5091
10355 2 2 103 103 5017 5018 5094
10356 2 2 103 103 5017 5094 5093
10357 2 2 103 103 5018 5019 5094
10358 2 2 103 103 5019 5095 5094
10359 2 2 103 103 5019 5020 5096
10360 2 2 103 103 5019 5096 5095
10361 2 2 103 103 5020 5021 5096
10362 2 2 103 103 5021 5097 5096
10363 2 2 103 103 5021 5022 5098
10364 2 2 103 103 5021 5098 5097
10365 2 2 103 103 5022 5023 5098
10366 2 2 103 103 5023 5099 5098
10367 2 2 103 103 5023 5024 5100
10368 2 2 103 103 5023 5100 5099
10369 2 2 103 103 5024 5025 5100
10370 2 2 103 103 5025 5101 5100
10371 2 2 103 103 5025 5026 5102
10372 2 2 103 103 5025 5102 5101
10373 2 2 103 103 5026 5027 5102
10374 2 2 103 103 5027 5103 5102
10375 2 2 103 103 5027 5028 5104
10376 2 2 103 103 5027 5104 5103
10377 2 2 103 103 5028 5029 5104
10378 2 2 103 103 5029 5105 5104
10379 2 2 103 103 5029 5030 5106
10380 2 2 103 103 5029 5106 5105
10381 2 2 103 103 5030 5031 5106
10382 2 2 103 103 5031 5107 5106
10383 2 2 103 103 5031 5032 5108
10384 2 2 103 103 5031 5108 5107
10385 2 2 103 103 5032 5033 5108
10386 2 2 103 103 5033 5109 5108
10387 2 2 103 103 5033 5034 5110
10388 2 2 103 103 5033 5110 5109
10389 2 2 103 103 5034 5035 5110
10390 2 2 103 103 5035 5111 5110
10391 2 2 103 103 5035 5036 5112
10392 2 2 103 103 5035 5112 5111
10393 2 2 103 103 5036 5037 5112
10394 2 2 103 103 5037 5113 5112
10395 2 2 103 103 5037 5038 5114
10396 2 2 103 103 5037 5114 5113
10397 2 2 103 103 5038 5039 5114
10398 2 2 103 103 5039 5115 5114
10399 2 2 103 103 5039 5040 5116
10400 2 2 103 103 5039 5116 5115
10401 2 2 103 103 5040 5041 5116
10402 2 2 103 103 5041 5117 5116
10403 2 2 103 103 5041 5042 5118
10404 2 2 103 103 5041 5118 5117
10405 2 2 103 103 5042 5043 5118
10406 2 2 103 103 5043 5119 5118
10407 2 2 103 103 5043 5044 5120
10408 2 2 103 103 5043 5120 5119
10409 2 2 103 103 5044 5045 5120
10410 2 2 103 103 5045 5121 5120
10411 2 2 103 103 5045 5046 5122
10412 2 2 103 103 5045 5122 5121
10413 2 2 103 103 5046 5047 5122
10414 2 2 103 103 5047 5123 5122
10415 2 2 103 103 5047 5048 5124
10416 2 2 103 103 5047 5124 5123
10417 2 2 103 103 5048 5049 5124
10418 2 2 103 103 5049 5125 5124
10419 2 2 103 103 5049 5050 5126
10420 2 2 103 103 5049 5126 5125
10421 2 2 103 103 5050 5051 5126
10422 2 2 103 103 5051 5127 5126
10423 2 2 103 103 5051 5052 5128
10424 2 2 103 103 5051 5128 5127
10425 2 2 103 103 5052 5053 5128
10426 2 2 103 103 5053 5129 5128
10427 2 2 103 103 5053 5054 5130
10428 2 2 103 103 5053 5130 5129
10429 2 2 103 103 5054 5055 5130
10430 2 2 103 103 5055 5131 5130
10431 2 2 103 103 5055 5056 5132
10432 2 2 103 103 5055 5132 5131
10433 2 2 103 103 5056 5057 5132
10434 2 2 103 103 5057 5133 5132
10435 2 2 103 103 5057 5058 5134
10436 2 2 103 103 5057 5134 5133
10437 2 2 103 103 5058 5059 5134
10438 2 2 103 103 5059 5135 5134
10439 2 2 103 103 5059 5060 5136
10440 2 2 103 103 5059 5136 5135
10441 2 2 103 103 5060 5061 5136
10442 2 2 103 103 5061 5137 5136
10443 2 2 103 103 5061 5062 5138
10444 2 2 103 103 5061 5138 5137
10445 2 2 103 103 5062 5063 5138
10446 2 2 103 103 5063 5139 5138
10447 2 2 103 103 5063 5064 5140
10448 2 2 103 103 5063 5140 5139
10449 2 2 103 103 5064 5065 5140
10450 2 2 103 103 5065 5141 5140
10451 2 2 103 103 5065 5066 5142
10452 2 2 103 103 5065 5142 5141
10453 2 2 103 103 5066 5067 5142
10454 2 2 103 103 5067 5143 5142
10455 2 2 103 103 5067 5068 5144
10456 2 2 103 103 5067 5144 5143
10457 2 2 103 103 5068 5069 5144
10458 2 2 103 103 5069 5145 5144
10459 2 2 103 103 5069 5070 5146
10460 2 2 103 103 5069 5146 5145
10461 2 2 103 103 5070 5071 5146
10462 2 2 103 103 5071 5147 5146
10463 2 2 103 103 5071 5072 5148
10464 2 2 103 103 5071 5148 5147
10465 2 2 103 103 5072 5073 5148
10466 2 2 103 103 5073 5149 5148
10467 2 2 103 103 5073 5074 5150
10468 2 2 103 103 5073 5150 5149
10469 2 2 103 103 5074 5075 5150
10470 2 2 103 103 5075 5151 5150
10471 2 2 103 103 5075 5076 5152
10472 2 2 103 103 5075 5152 5151
10473 2 2 103 103 5076 5077 5152
10474 2 2 103 103 5077 5153 5152
10475 2 2 103 103 5077 5078 5154
10476 2 2 103 103 5077 5154 5153
10477 2 2 103 103 5078 5079 5154
10478 2 2 103 103 5079 5155 5154
10479 2 2 103 103 5079 5080 5156
10480 2 2 103 103 5079 5156 5155
10481 2 2 103 103 5080 5081 5156
10482 2 2 103 103 5081 5157 5156
10483 2 2 103 103 5081 5082 5158
10484 2 2 103 103 5081 5158 5157
10485 2 2 103 103 5082 5083 5158
10486 2 2 103 103 5083 5159 5158
10487 2 2 103 103 5083 5084 5160
10488 2 2 103 103 5083 5160 5159
10489 2 2 103 103 5084 5085 5160
10490 2 2 103 103 5085 5161 5160
10491 2 2 103 103 5085 5086 5162
10492 2 2 103 103 5085 5162 5161
10493 2 2 103 103 5086 5087 5162
10494 2 2 103 103 5087 5163 5162
10495 2 2 103 103 5087 5088 5164
10496 2 2 103 103 5087 5164 5163
10497 2 2 103 103 5088 5089 5164
10498 2 2 103 103 5089 5165 5164
10499 2 2 103 103 5089 5090 5166
10500 2 2 103 103 5089 5166 5165
10501 2 2 103 103 5090 5091 5166
10502 2 2 103 103 5091 5167 5166
10503 2 2 103 103 5091 5092 5168
10504 2 2 103 103 5091 5168 5167
10505 2 2 103 103 5093 5094 5169
10506 2 2 103 103 5094 5170 5169
10507 2 2 103 103 5094 5095 5171
10508 2 2 103 103 5094 5171 5170
10509 2 2 103 103 5095 5096 5171
10510 2 2 103 103 5096 5172 5171
10511 2 2 103 103 5096 5097 5173
10512 2 2 103 103 5096 5173 5172
10513 2 2 103 103 5097 5098 5173
10514 2 2 103 103 5098 5174 5173
10515 2 2 103 103 5098 5099 5175
10516 2 2 103 103 5098 5175 5174
10517 2 2 103 103 5099 5100 5175
10518 2 2 103 103 5100 5176 5175
10519 2 2 103 103 5100 5101 5177
10520 2 2 103 103 5100 5177 5176
10521 2 2 103 103 5101 5102 5177
10522 2 2 103 103 5102 5178 5177
10523 2 2 103 103 5102 5103 5179
10524 2 2 103 103 5102 5179 5178
10525 2 2 103 103 5103 5104 5179
10526 2 2 103 103 5104 5180 5179
10527 2 2 103 103 5104 5105 5181
10528 2 2 103 103 5104 5181 5180
10529 2 2 103 103 5105 5106 5181
10530 2 2 103 103 5106 5182 5181
10531 2 2 103 103 5106 5107 5183
10532 2 2 103 103 5106 5183 5182
10533 2 2 103 103 5107 5108 5183
10534 2 2 103 103 5108 5184 5183
10535 2 2 103 103 5108 5109 5185
10536 2 2 103 103 5108 5185 5184
10537 2 2 103 103 5109 5110 5185
10538 2 2 103 103 5110 5186 5185
10539 2 2 103 103 5110 5111 5187
10540 2 2 103 103 5110 5187 5186
10541 2 2 103 103 5111 5112 5187
10542 2 2 103 103 5112 5188 5187
10543 2 2 103 103 5112 5113 5189
10544 2 2 103 103 5112 5189 5188
10545 2 2 103 103 5113 5114 5189
10546 2 2 103 103 5114 5190 5189
10547 2 2 103 103 5114 5115 5191
10548 2 2 103 103 5114 5191 5190
10549 2 2 103 103 5115 5116 5191
10550 2 2 103 103 5116 5192 5191
10551 2 2 103 103 5116 5117 5193
10552 2 2 103 103 5116 5193 5192
10553 2 2 103 103 5117 5118 5193
10554 2 2 103 103 5118 5194 5193
10555 2 2 103 103 5118 5119 5195
10556 2 2 103 103 5118 5195 5194
10557 2 2 103 103 5119 5120 5195
10558 2 2 103 103 5120 5196 5195
10559 2 2 103 103 5120 5121 5197
10560 2 2 103 103 5120 5197 5196
10561 2 2 103 103 5121 5122 5197
10562 2 2 103 103 5122 5198 5197
10563 2 2 103 103 5122 5123 5199
10564 2 2 103 103 5122 5199 5198
10565 2 2 103 103 5123 5124 5199
10566 2 2 103 103 5124 5200 5199
10567 2 2 103 103 5124 5125 5201
10568 2 2 103 103 5124 5201 5200
10569 2 2 103 103 5125 5126 5201
10570 2 2 103 103 5126 5202 5201
10571 2 2 103 103 5126 5127 5203
10572 2 2 103 103 5126 5203 5202
10573 2 2 103 103 5127 5128 5203
10574 2 2 103 103 5128 5204 5203
10575 2 2 103 103 5128 5129 5205
10576 2 2 103 103 5128 5205 5204
10577 2 2 103 103 5129 5130 5205
10578 2 2 103 103 5130 5206 5205
10579 2 2 103 103 5130 5131 5207
10580 2 2 103 103 5130 5207 5206
10581 2 2 103 103 5131 5132 5207
10582 2 2 103 103 5132 5208 5207
10583 2 2 103 103 5132 5133 5209
10584 2 2 103 103 5132 5209 5208
10585 2 2 103 103 5133 5134 5209
10586 2 2 103 103 5134 5210 5209
10587 2 2 103 103 5134 5135 5211
10588 2 2 103 103 5134 5211 5210
10589 2 2 103 103 5135 5136 5211
10590 2 2 103 103 5136 5212 5211
10591 2 2 103 103 5136 5137 5213
10592 2 2 103 103 5136 5213 5212
10593 2 2 103 103 5137 5138 5213
10594 2 2 103 103 5138 5214 5213
10595 2 2 103 103 5138 5139 5215
10596 2 2 103 103 5138 5215 5214
10597 2 2 103 103 5139 5140 5215
10598 2 2 103 103 5140 5216 5215
10599 2 2 103 103 5140 5141 5217
10600 2 2 103 103 5140 5217 5216
10601 2 2 103 103 5141 5142 5217
10602 2 2 103 103 5142 5218 5217
10603 2 2 103 103 5142 5143 5219
10604 2 2 103 103 5142 5219 5218
10605 2 2 103 103 5143 5144 5219
10606 2 2 103 103 5144 5220 5219
10607 2 2 103 103 5144 5145 5221
10608 2 2 103 103 5144 5221 5220
10609 2 2 103 103 5145 5146 5221
10610 2 2 103 103 5146 5222 5221
10611 2 2 103 103 5146 5147 5223
10612 2 2 103 103 5146 5223 5222
10613 2 2 103 103 5147 5148 5223
10614 2 2 103 103 5148 5224 5223
10615 2 2 103 103 5148 5149 5225
10616 2 2 103 103 5148 5225 5224
10617 2 2 103 103 5149 5150 5225
10618 2 2 103 103 5150 5226 5225
10619 2 2 103 103 5150 5151 5227
10620 2 2 103 103 5150 5227 5226
10621 2 2 103 103 5151 5152 5227
10622 2 2 103 103 5152 5228 5227
10623 2 2 103 103 5152 5153 5229
10624 2 2 103 103 5152 5229 5228
10625 2 2 103 103 5153 5154 5229
10626 2 2 103 103 5154 5230 5229
10627 2 2 103 103 5154 5155 5231
10628 2 2 103 103 5154 5231 5230
10629 2 2 103 103 5155 5156 5231
10630 2 2 103 103 5156 5232 5231
10631 2 2 103 103 5156 5157 5233
10632 2 2 103 103 5156 5233 5232
10633 2 2 103 103 5157 5158 5233
10634 2 2 103 103 5158 5234 5233
10635 2 2 103 103 5158 5159 5235
10636 2 2 103 103 5158 5235 5234
10637 2 2 103 103 5159 5160 5235
10638 2 2 103 103 5160 5236 5235
10639 2 2 103 103 5160 5161 5237
10640 2 2 103 103 5160 5237 5236
10641 2 2 103 103 5161 5162 5237
10642 2 2 103 103 5162 5238 5237
10643 2 2 103 103 5162 5163 5239
10644 2 2 103 103 5162 5239 5238
10645 2 2 103 103 5163 5164 5239
10646 2 2 103 103 5164 5240 5239
10647 2 2 103 103 5164 5165 5241
10648 2 2 103 103 5164 5241 5240
10649 2 2 103 103 5165 5166 5241
10650 2 2 103 103 5166 5242 5241
10651 2 2 103 103 5166 5167 5243
10652 2 2 103 103 5166 5243 5242
10653 2 2 103 103 5167 5168 5243
10654 2 2 103 103 5168 5244 5243
10655 2 2 103 103 5169 5170 5246
10656 2 2 103 103 5169 5246 5245
10657 2 2 103 103 5170 5171 5246
10658 2 2 103 103 5171 5247 5246
10659 2 2 103 103 5171 5172 5248
10660 2 2 103 103 5171 5248 5247
10661 2 2 103 103 5172 5173 5248
10662 2 2 103 103 5173 5249 5248
10663 2 2 103 103 5173 5174 5250
10664 2 2 103 103 5173 5250 5249
10665 2 2 103 103 5174 5175 5250
10666 2 2 103 103 5175 5251 5250
10667 2 2 103 103 5175 5176 5252
10668 2 2 103 103 5175 5252 5251
10669 2 2 103 103 5176 5177 5252
10670 2 2 103 103 5177 5253 5252
10671 2 2 103 103 5177 5178 5254
10672 2 2 103 103 5177 5254 5253
10673 2 2 103 103 5178 5179 5254
10674 2 2 103 103 5179 5255 5254
10675 2 2 103 103 5179 5180 5256
10676 2 2 103 103 5179 5256 5255
10677 2 2 103 103 5180 5181 5256
10678 2 2 103 103 5181 5257 5256
10679 2 2 103 103 5181 5182 5258
10680 2 2 103 103 5181 5258 5257
10681 2 2 103 103 5182 5183 5258
10682 2 2 103 103 5183 5259 5258
10683 2 2 103 103 5183 5184 5260
10684 2 2 103 103 5183 5260 5259
10685 2 2 103 103 5184 5185 5260
10686 2 2 103 103 5185 5261 5260
10687 2 2 103 103 5185 5186 5262
10688 2 2 103 103 5185 5262 5261
10689 2 2 103 103 5186 5187 5262
10690 2 2 103 103 5187 5263 5262
10691 2 2 103 103 5187 5188 5264
10692 2 2 103 103 5187 5264 5263
10693 2 2 103 103 5188 5189 5264
10694 2 2 103 103 5189 5265 5264
10695 2 2 103 103 5189 5190 5266
10696 2 2 103 103 5189 5266 5265
10697 2 2 103 103 5190 5191 5266
10698 2 2 103 103 5191 5267 5266
10699 2 2 103 103 5191 5192 5268
10700 2 2 103 103 5191 5268 5267
10701 2 2 103 103 5192 5193 5268
10702 2 2 103 103 5193 5269 5268
10703 2 2 103 103 5193 5194 5270
10704 2 2 103 103 5193 5270 5269
10705 2 2 103 103 5194 5195 5270
10706 2 2 103 103 5195 5271 5270
10707 2 2 103 103 5195 5196 5272
10708 2 2 103 103 5195 5272 5271
10709 2 2 103 103 5196 5197 5272
10710 2 2 103 103 5197 5273 5272
10711 2 2 103 103 5197 5198 5274
10712 2 2 103 103 5197 5274 5273
10713 2 2 103 103 5198 5199 5274
10714 2 2 103 103 5199 5275 5274
10715 2 2 103 103 5199 5200 5276
10716 2 2 103 103 5199 5276 5275
10717 2 2 103 103 5200 5201 5276
10718 2 2 103 103 5201 5277 5276
10719 2 2 103 103 5201 5202 5278
10720 2 2 103 103 5201 5278 5277
10721 2 2 103 103 5202 5203 5278
10722 2 2 103 103 5203 5279 5278
10723 2 2 103 103 5203 5204 5280
10724 2 2 103 103 5203 5280 5279
10725 2 2 103 103 5204 5205 5280
10726 2 2 103 103 5205 5281 5280
10727 2 2 103 103 5205 5206 5282
10728 2 2 103 103 5205 5282 5281
10729 2 2 103 103 5206 5207 5282
10730 2 2 103 103 5207 5283 5282
10731 2 2 103 103 5207 5208 5284
10732 2 2 103 103 5207 5284 5283
10733 2 2 103 103 5208 5209 5284
10734 2 2 103 103 5209 5285 5284
10735 2 2 103 103 5209 5210 5286
10736 2 2 103 103 5209 5286 5285
10737 2 2 103 103 5210 5211 5286
10738 2 2 103 103 5211 5287 5286
10739 2 2 103 103 5211 5212 5288
10740 2 2 103 103 5211 5288 5287
10741 2 2 103 103 5212 5213 5288
10742 2 2 103 103 5213 5289 5288
10743 2 2 103 103 5213 5214 5290
10744 2 2 103 103 5213 5290 5289
10745 2 2 103 103 5214 5215 5290
10746 2 2 103 103 5215 5291 5290
10747 2 2 103 103 5215 5216 5292
10748 2 2 103 103 5215 5292 5291
10749 2 2 103 103 5216 5217 5292
10750 2 2 103 103 5217 5293 5292
10751 2 2 103 103 5217 5218 5294
10752 2 2 103 103 5217 5294 5293
10753 2 2 103 103 5218 5219 5294
10754 2 2 103 103 5219 5295 5294
10755 2 2 103 103 5219 5220 5296
10756 2 2 103 103 5219 5296 5295
10757 2 2 103 103 5220 5221 5296
10758 2 2 103 103 5221 5297 5296
10759 2 2 103 103 5221 5222 5298
10760 2 2 103 103 5221 5298 5297
10761 2 2 103 103 5222 5223 5298
10762 2 2 103 103 5223 5299 5298
10763 2 2 103 103 5223 5224 5300
10764 2 2 103 103 5223 5300 5299
10765 2 2 103 103 5224 5225 5300
10766 2 2 103 103 5225 5301 5300
10767 2 2 103 103 5225 5226 5302
10768 2 2 103 103 5225 5302 5301
10769 2 2 103 103 5226 5227 5302
10770 2 2 103 103 5227 5303 5302
10771 2 2 103 103 5227 5228 5304
10772 2 2 103 103 5227 5304 5303
10773 2 2 103 103 5228 5229 5304
10774 2 2 103 103 5229 5305 5304
10775 2 2 103 103 5229 5230 5306
10776 2 2 103 103 5229 5306 5305
10777 2 2 103 103 5230 5231 5306
10778 2 2 103 103 5231 5307 5306
10779 2 2 103 103 5231 5232 5308
10780 2 2 103 103 5231 5308 5307
10781 2 2 103 103 5232 5233 5308
10782 2 2 103 103 5233 5309 5308
10783 2 2 103 103 5233 5234 5310
10784 2 2 103 103 5233 5310 5309
10785 2 2 103 103 5234 5235 5310
10786 2 2 103 103 5235 5311 5310
10787 2 2 103 103 5235 5236 5312
10788 2 2 103 103 5235 5312 5311
10789 2 2 103 103 5236 5237 5312
10790 2 2 103 103 5237 5313 5312
10791 2 2 103 103 5237 5238 5314
10792 2 2 103 103 5237 5314 5313
10793 2 2 103 103 5238 5239 5314
10794 2 2 103 103 5239 5315 5314
10795 2 2 103 103 5239 5240 5316
10796 2 2 103 103 5239 5316 5315
10797 2 2 103 103 5240 5241 5316
10798 2 2 103 103 5241 5317 5316
10799 2 2 103 103 5241 5242 5318
10800 2 2 103 103 5241 5318 5317
10801 2 2 103 103 5242 5243 5318
10802 2 2 103 103 5243 5319 5318
10803 2 2 103 103 5243 5244 5320
10804 2 2 103 103 5243 5320 5319
10805 2 2 103 103 5245 5246 5321
10806 2 2 103 103 5246 5322 5321
10807 2 2 103 103 5246 5247 5323
10808 2 2 103 103 5246 5323 5322
10809 2 2 103 103 5247 5248 5323
10810 2 2 103 103 5248 5324 5323
10811 2 2 103 103 5248 5249 5325
10812 2 2 103 103 5248 5325 5324
10813 2 2 103 103 5249 5250 5325
10814 2 2 103 103 5250 5326 5325
10815 2 2 103 103 5250 5251 5327
10816 2 2 103 103 5250 5327 5326
10817 2 2 103 103 5251 5252 5327
10818 2 2 103 103 5252 5328 5327
10819 2 2 103 103 5252 5253 5329
10820 2 2 103 103 5252 5329 5328
10821 2 2 103 103 5253 5254 5329
10822 2 2 103 103 5254 5330 5329
10823 2 2 103 103 5254 5255 5331
10824 2 2 103 103 5254 5331 5330
10825 2 2 103 103 5255 5256 5331
10826 2 2 103 103 5256 5332 5331
10827 2 2 103 103 5256 5257 5333
10828 2 2 103 103 5256 5333 5332
10829 2 2 103 103 5257 5258 5333
10830 2 2 103 103 5258 5334 5333
10831 2 2 103 103 5258 5259 5335
10832 2 2 103 103 5258 5335 5334
10833 2 2 103 103 5259 5260 5335
10834 2 2 103 103 5260 5336 5335
10835 2 2 103 103 5260 5261 5337
10836 2 2 103 103 5260 5337 5336
10837 2 2 103 103 5261 5262 5337
10838 2 2 103 103 5262 5338 5337
10839 2 2 103 103 5262 5263 5339
10840 2 2 103 103 5262 5339 5338
10841 2 2 103 103 5263 5264 5339
10842 2 2 103 103 5264 5340 5339
10843 2 2 103 103 5264 5265 5341
10844 2 2 103 103 5264 5341 5340
10845 2 2 103 103 5265 5266 5341
10846 2 2 103 103 5266 5342 5341
10847 2 2 103 103 5266 5267 5343
10848 2 2 103 103 5266 5343 5342
10849 2 2 103 103 5267 5268 5343
10850 2 2 103 103 5268 5344 5343
10851 2 2 103 103 5268 5269 5345
10852 2 2 103 103 5268 5345 5344
10853 2 2 103 103 5269 5270 5345
10854 2 2 103 103 5270 5346 5345
10855 2 2 103 103 5270 5271 5347
10856 2 2 103 103 5270 5347 5346
10857 2 2 103 103 5271 5272 5347
10858 2 2 103 103 5272 5348 5347
10859 2 2 103 103 5272 5273 5349
10860 2 2 103 103 5272 5349 5348
10861 2 2 103 103 5273 5274 5349
10862 2 2 103 103 5274 5350 5349
10863 2 2 103 103 5274 5275 5351
10864 2 2 103 103 5274 5351 5350
10865 2 2 103 103 5275 5276 5351
10866 2 2 103 103 5276 5352 5351
10867 2 2 103 103 5276 5277 5353
10868 2 2 103 103 5276 5353 5352
10869 2 2 103 103 5277 5278 5353
10870 2 2 103 103 5278 5354 5353
10871 2 2 103 103 5278 5279 5355
10872 2 2 103 103 5278 5355 5354
10873 2 2 103 103 5279 5280 5355
10874 2 2 103 103 5280 5356 5355
10875 2 2 103 103 5280 5281 5357
10876 2 2 103 103 5280 5357 5356
10877 2 2 103 103 5281 5282 5357
10878 2 2 103 103 5282 5358 5357
10879 2 2 103 103 5282 5283 5359
10880 2 2 103 103 5282 5359 5358
10881 2 2 103 103 5283 5284 5359
10882 2 2 103 103 5284 5360 5359
10883 2 2 103 103 5284 5285 5361
10884 2 2 103 103 5284 5361 5360
10885 2 2 103 103 5285 5286 5361
10886 2 2 103 103 5286 5362 5361
10887 2 2 103 103 5286 5287 5363
10888 2 2 103 103 5286 5363 5362
10889 2 2 103 103 5287 5288 5363
10890 2 2 103 103 5288 5364 5363
10891 2 2 103 103 5288 5289 5365
10892 2 2 103 103 5288 5365 5364
10893 2 2 103 103 5289 5290 5365
10894 2 2 103 103 5290 5366 5365
10895 2 2 103 103 5290 5291 5367
10896 2 2 103 103 5290 5367 5366
10897 2 2 103 103 5291 5292 5367
10898 2 2 103 103 5292 5368 5367
10899 2 2 103 103 5292 5293 5369
10900 2 2 103 103 5292 5369 5368
10901 2 2 103 103 5293 5294 5369
10902 2 2 103 103 5294 5370 5369
10903 2 2 103 103 5294 5295 5371
10904 2 2 103 103 5294 5371 5370
10905 2 2 103 103 5295 5296 5371
10906 2 2 103 103 5296 5372 5371
10907 2 2 103 103 5296 5297 5373
10908 2 2 103 103 5296 5373 5372
10909 2 2 103 103 5297 5298 5373
10910 2 2 103 103 5298 5374 5373
10911 2 2 103 103 5298 5299 5375
10912 2 2 103 103 5298 5375 5374
10913 2 2 103 103 5299 5300 5375
10914 2 2 103 103 5300 5376 5375
10915 2 2 103 103 5300 5301 5377
10916 2 2 103 103 5300 5377 5376
10917 2 2 103 103 5301 5302 5377
10918 2 2 103 103 5302 5378 5377
10919 2 2 103 103 5302 5303 5379
10920 2 2 103 103 5302 5379 5378
10921 2 2 103 103 5303 5304 5379
10922 2 2 103 103 5304 5380 5379
10923 2 2 103 103 5304 5305 5381
10924 2 2 103 103 5304 5381 5380
10925 2 2 103 103 5305 5306 5381
10926 2 2 103 103 5306 5382 5381
10927 2 2 103 103 5306 5307 5383
10928 2 2 103 103 5306 5383 5382
10929 2 2 103 103 5307 5308 5383
10930 2 2 103 103 5308 5384 5383
10931 2 2 103 103 5308 5309 5385
10932 2 2 103 103 5308 5385 5384
10933 2 2 103 103 5309 5310 5385
10934 2 2 103 103 5310 5386 5385
10935 2 2 103 103 5310 5311 5387
10936 2 2 103 103 5310 5387 5386
10937 2 2 103 103 5311 5312 5387
10938 2 2 103 103 5312 5388 5387
10939 2 2 103 103 5312 5313 5389
10940 2 2 103 103 5312 5389 5388
10941 2 2 103 103 5313 5314 5389
10942 2 2 103 103 5314 5390 5389
10943 2 2 103 103 5314 5315 5391
10944 2 2 103 103 5314 5391 5390
10945 2 2 103 103 5315 5316 5391
10946 2 2 103 103 5316 5392 5391
10947 2 2 103 103 5316 5317 5393
10948 2 2 103 103 5316 5393 5392
10949 2 2 103 103 5317 5318 5393
10950 2 2 103 103 5318 5394 5393
10951 2 2 103 103 5318 5319 5395
10952 2 2 103 103 5318 5395 5394
10953 2 2 103 103 5319 5320 5395
10954 2 2 103 103 5320 5396 5395
10955 2 2 103 103 5321 5322 5398
10956 2 2 103 103 5321 5398 5397
10957 2 2 103 103 5322 5323 5398
10958 2 2 103 103 5323 5399 5398
10959 2 2 103 103 5323 5324 5400
10960 2 2 103 103 5323 5400 5399
10961 2 2 103 103 5324 5325 5400
10962 2 2 103 103 5325 5401 5400
10963 2 2 103 103 5325 5326 5402
10964 2 2 103 103 5325 5402 5401
10965 2 2 103 103 5326 5327 5402
10966 2 2 103 103 5327 5403 5402
10967 2 2 103 103 5327 5328 5404
10968 2 2 103 103 5327 5404 5403
10969 2 2 103 103 5328 5329 5404
10970 2 2 103 103 5329 5405 5404
10971 2 2 103 103 5329 5330 5406
10972 2 2 103 103 5329 5406 5405
10973 2 2 103 103 5330 5331 5406
10974 2 2 103 103 5331 5407 5406
10975 2 2 103 103 5331 5332 5408
10976 2 2 103 103 5331 5408 5407
10977 2 2 103 103 5332 5333 5408
10978 2 2 103 103 5333 5409 5408
10979 2 2 103 103 5333 5334 5410
10980 2 2 103 103 5333 5410 5409
10981 2 2 103 103 5334 5335 5410
10982 2 2 103 103 5335 5411 5410
10983 2 2 103 103 5335 5336 5412
10984 2 2 103 103 5335 5412 5411
10985 2 2 103 103 5336 5337 5412
10986 2 2 103 103 5337 5413 5412
10987 2 2 103 103 5337 5338 5414
10988 2 2 103 103 5337 5414 5413
10989 2 2 103 103 5338 5339 5414
10990 2 2 103 103 5339 5415 5414
10991 2 2 103 103 5339 5340 5416
10992 2 2 103 103 5339 5416 5415
10993 2 2 103 103 5340 5341 5416
10994 2 2 103 103 5341 5417 5416
10995 2 2 103 103 5341 5342 5418
10996 2 2 103 103 5341 5418 5417
10997 2 2 103 103 5342 5343 5418
10998 2 2 103 103 5343 5419 5418
10999 2 2 103 103 5343 5344 5420
11000 2 2 103 103 5343 5420 5419
11001 2 2 103 103 5344 5345 5420
11002 2 2 103 103 5345 5421 5420
11003 2 2 103 103 5345 5346 5422
11004 2 2 103 103 5345 5422 5421
11005 2 2 103 103 5346 5347 5422
11006 2 2 103 103 5347 5423 5422
11007 2 2 103 103 5347 5348 5424
11008 2 2 103 103 5347 5424 5423
11009 2 2 103 103 5348 5349 5424
11010 2 2 103 103 5349 5425 5424
11011 2 2 103 103 5349 5350 5426
11012 2 2 103 103 5349 5426 5425
11013 2 2 103 103 5350 5351 5426
11014 2 2 103 103 5351 5427 5426
11015 2 2 103 103 5351 5352 5428
11016 2 2 103 103 5351 5428 5427
11017 2 2 103 103 5352 5353 5428
11018 2 2 103 103 5353 5429 5428
11019 2 2 103 103 5353 5354 5430
11020 2 2 103 103 5353 5430 5429
11021 2 2 103 103 5354 5355 5430
11022 2 2 103 103 5355 5431 5430
11023 2 2 103 103 5355 5356 5432
11024 2 2 103 103 5355 5432 5431
11025 2 2 103 103 5356 5357 5432
11026 2 2 103 103 5357 5433 5432
11027 2 2 103 103 5357 5358 5434
11028 2 2 103 103 5357 5434 5433
11029 2 2 103 103 5358 5359 5434
11030 2 2 103 103 5359 5435 5434
11031 2 2 103 103 5359 5360 5436
11032 2 2 103 103 5359 5436 5435
11033 2 2 103 103 5360 5361 5436
11034 2 2 103 103 5361 5437 5436
11035 2 2 103 103 5361 5362 5438
11036 2 2 103 103 5361 5438 5437
11037 2 2 103 103 5362 5363 5438
11038 2 2 103 103 5363 5439 5438
11039 2 2 103 103 5363 5364 5440
11040 2 2 103 103 5363 5440 5439
11041 2 2 103 103 5364 5365 5440
11042 2 2 103 103 5365 5441 5440
11043 2 2 103 103 5365 5366 5442
11044 2 2 103 103 5365 5442 5441
11045 2 2 103 103 5366 5367 5442
11046 2 2 103 103 5367 5443 5442
11047 2 2 103 103 5367 5368 5444
11048 2 2 103 103 5367 5444 5443
11049 2 2 103 103 5368 5369 5444
11050 2 2 103 103 5369 5445 5444
11051 2 2 103 103 5369 5370 5446
11052 2 2 103 103 5369 5446 5445
11053 2 2 103 103 5370 5371 5446
11054 2 2 103 103 5371 5447 5446
11055 2 2 103 103 5371 5372 5448
11056 2 2 103 103 5371 5448 5447
11057 2 2 103 103 5372 5373 5448
11058 2 2 103 103 5373 5449 5448
11059 2 2 103 103 5373 5374 5450
11060 2 2 103 103 5373 5450 5449
11061 2 2 103 103 5374 5375 5450
11062 2 2 103 103 5375 5451 5450
11063 2 2 103 103 5375 5376 5452
11064 2 2 103 103 5375 5452 5451
11065 2 2 103 103 5376 5377 5452
11066 2 2 103 103 5377 5453 5452
11067 2 2 103 103 5377 5378 5454
11068 2 2 103 103 5377 5454 5453
11069 2 2 103 103 5378 5379 5454
11070 2 2 103 103 5379 5455 5454
11071 2 2 103 103 5379 5380 5456
11072 2 2 103 103 5379 5456 5455
11073 2 2 103 103 5380 5381 5456
11074 2 2 103 103 5381 5457 5456
11075 2 2 103 103 5381 5382 5458
11076 2 2 103 103 5381 5458 5457
11077 2 2 103 103 5382 5383 5458
11078 2 2 103 103 5383 5459 5458
11079 2 2 103 103 5383 5384 5460
11080 2 2 103 103 5383 5460 5459
11081 2 2 103 103 5384 5385 5460
11082 2 2 103 103 5385 5461 5460
11083 2 2 103 103 5385 5386 5462
11084 2 2 103 103 5385 5462 5461
11085 2 2 103 103 5386 5387 5462
11086 2 2 103 103 5387 5463 5462
11087 2 2 103 103 5387 5388 5464
11088 2 2 103 103 5387 5464 5463
11089 2 2 103 103 5388 5389 5464
11090 2 2 103 103 5389 5465 5464
11091 2 2 103 103 5389 5390 5466
11092 2 2 103 103 5389 5466 5465
11093 2 2 103 103 5390 5391 5466
11094 2 2 103 103 5391 5467 5466
11095 2 2 103 103 5391 5392 5468
11096 2 2 103 103 5391 5468 5467
11097 2 2 103 103 5392 5393 5468
11098 2 2 103 103 5393 5469 5468
11099 2 2 103 103 5393 5394 5470
11100 2 2 103 103 5393 5470 5469
11101 2 2 103 103 5394 5395 5470
11102 2 2 103 103 5395 5471 5470
11103 2 2 103 103 5395 5396 5472
11104 2 2 103 103 5395 5472 5471
11105 2 2 103 103 5397 5398 5473
11106 2 2 103 103 5398 5474 5473
11107 2 2 103 103 5398 5399 5475
11108 2 2 103 103 5398 5475 5474
11109 2 2 103 103 5399 5400 5475
11110 2 2 103 103 5400 5476 5475
11111 2 2 103 103 5400 5401 5477
11112 2 2 103 103 5400 5477 5476
11113 2 2 103 103 5401 5402 5477
11114 2 2 103 103 5402 5478 5477
11115 2 2 103 103 5402 5403 5479
11116 2 2 103 103 5402 5479 5478
11117 2 2 103 103 5403 5404 5479
11118 2 2 103 103 5404 5480 5479
11119 2 2 103 103 5404 5405 5481
11120 2 2 103 103 5404 5481 5480
11121 2 2 103 103 5405 5406 5481
11122 2 2 103 103 5406 5482 5481
11123 2 2 103 103 5406 5407 5483
11124 2 2 103 103 5406 5483 5482
11125 2 2 103 103 5407 5408 5483
11126 2 2 103 103 5408 5484 5483
11127 2 2 103 103 5408 5409 5485
11128 2 2 103 103 5408 5485 5484
11129 2 2 103 103 5409 5410 5485
11130 2 2 103 103 5410 5486 5485
11131 2 2 103 103 5410 5411 5487
11132 2 2 103 103 5410 5487 5486
11133 2 2 103 103 5411 5412 5487
11134 2 2 103 103 5412 5488 5487
11135 2 2 103 103 5412 5413 5489
11136 2 2 103 103 5412 5489 5488
11137 2 2 103 103 5413 5414 5489
11138 2 2 103 103 5414 5490 5489
11139 2 2 103 103 5414 5415 5491
11140 2 2 103 103 5414 5491 5490
11141 2 2 103 103 5415 5416 5491
11142 2 2 103 103 5416 5492 5491
11143 2 2 103 103 5416 5417 5493
11144 2 2 103 103 5416 5493 5492
11145 2 2 103 103 5417 5418 5493
11146 2 2 103 103 5418 5494 5493
11147 2 2 103 103 5418 5419 5495
11148 2 2 103 103 5418 5495 5494
11149 2 2 103 103 5419 5420 5495
11150 2 2 103 103 5420 5496 5495
11151 2 2 103 103 5420 5421 5497
11152 2 2 103 103 5420 5497 5496
11153 2 2 103 103 5421 5422 5497
11154 2 2 103 103 5422 5498 5497
11155 2 2 103 103 5422 5423 5499
11156 2 2 103 103 5422 5499 5498
11157 2 2 103 103 5423 5424 5499
11158 2 2 103 103 5424 5500 5499
11159 2 2 103 103 5424 5425 5501
11160 2 2 103 103 5424 5501 5500
11161 2 2 103 103 5425 5426 5501
11162 2 2 103 103 5426 5502 5501
11163 2 2 103 103 5426 5427 5503
11164 2 2 103 103 5426 5503 5502
11165 2 2 103 103 5427 5428 5503
11166 2 2 103 103 5428 5504 5503
11167 2 2 103 103 5428 5429 5505
11168 2 2 103 103 5428 5505 5504
11169 2 2 103 103 5429 5430 5505
11170 2 2 103 103 5430 5506 5505
11171 2 2 103 103 5430 5431 5507
11172 2 2 103 103 5430 5507 5506
11173 2 2 103 103 5431 5432 5507
11174 2 2 103 103 5432 5508 5507
11175 2 2 103 103 5432 5433 5509
11176 2 2 103 103 5432 5509 5508
11177 2 2 103 103 5433 5434 5509
11178 2 2 103 103 5434 5510 5509
11179 2 2 103 103 5434 5435 5511
11180 2 2 103 103 5434 5511 5510
11181 2 2 103 103 5435 5436 5511
11182 2 2 103 103 5436 5512 5511
11183 2 2 103 103 5436 5437 5513
11184 2 2 103 103 5436 5513 5512
11185 2 2 103 103 5437 5438 5513
11186 2 2 103 103 5438 5514 5513
11187 2 2 103 103 5438 5439 5515
11188 2 2 103 103 5438 5515 5514
11189 2 2 103 103 5439 5440 5515
11190 2 2 103 103 5440 5516 5515
11191 2 2 103 103 5440 5441 5517
11192 2 2 103 103 5440 5517 5516
11193 2 2 103 103 5441 5442 5517
11194 2 2 103 103 5442 5518 5517
11195 2 2 103 103 5442 5443 5519
11196 2 2 103 103 5442 5519 5518
11197 2 2 103 103 5443 5444 5519
11198 2 2 103 103 5444 5520 5519
11199 2 2 103 103 5444 5445 5521
11200 2 2 103 103 5444 5521 5520
11201 2 2 103 103 5445 5446 5521
11202 2 2 103 103 5446 5522 5521
11203 2 2 103 103 5446 5447 5523
11204 2 2 103 103 5446 5523 5522
11205 2 2 103 103 5447 5448 5523
11206 2 2 103 103 5448 5524 5523
11207 2 2 103 103 5448 5449 5525
11208 2 2 103 103 5448 5525 5524
11209 2 2 103 103 5449 5450 5525
11210 2 2 103 103 5450 5526 5525
11211 2 2 103 103 5450 5451 5527
11212 2 2 103 103 5450 5527 5526
11213 2 2 103 103 5451 5452 5527
11214 2 2 103 103 5452 5528 5527
11215 2 2 103 103 5452 5453 5529
11216 2 2 103 103 5452 5529 5528
11217 2 2 103 103 5453 5454 5529
11218 2 2 103 103 5454 5530 5529
11219 2 2 103 103 5454 5455 5531
11220 2 2 103 103 5454 5531 5530
11221 2 2 103 103 5455 5456 5531
11222 2 2 103 103 5456 5532 5531
11223 2 2 103 103 5456 5457 5533
11224 2 2 103 103 5456 5533 5532
11225 2 2 103 103 5457 5458 5533
11226 2 2 103 103 5458 5534 5533
11227 2 2 103 103 5458 5459 5535
11228 2 2 103 103 5458 5535 5534
11229 2 2 103 103 5459 5460 5535
11230 2 2 103 103 5460 5536 5535
11231 2 2 103 103 5460 5461 5537
11232 2 2 103 103 5460 5537 5536
11233 2 2 103 103 5461 5462 5537
11234 2 2 103 103 5462 5538 5537
11235 2 2 103 103 5462 5463 5539
11236 2 2 103 103 5462 5539 5538
11237 2 2 103 103 5463 5464 5539
11238 2 2 103 103 5464 5540 5539
11239 2 2 103 103 5464 5465 5541
11240 2 2 103 103 5464 5541 5540
11241 2 2 103 103 5465 5466 5541
11242 2 2 103 103 5466 5542 5541
11243 2 2 103 103 5466 5467 5543
11244 2 2 103 103 5466 5543 5542
11245 2 2 103 103 5467 5468 5543
11246 2 2 103 103 5468 5544 5543
11247 2 2 103 103 5468 5469 5545
11248 2 2 103 103 5468 5545 5544
11249 2 2 103 103 5469 5470 5545
11250 2 2 103 103 5470 5546 5545
11251 2 2 103 103 5470 5471 5547
11252 2 2 103 103 5470 5547 5546
11253 2 2 103 103 5471 5472 5547
11254 2 2 103 103 5472 5548 5547
11255 2 2 103 103 5473 5474 5550
11256 2 2 103 103 5473 5550 5549
11257 2 2 103 103 5474 5475 5550
11258 2 2 103 103 5475 5551 5550
11259 2 2 103 103 5475 5476 5552
11260 2 2 103 103 5475 5552 5551
11261 2 2 103 103 5476 5477 5552
11262 2 2 103 103 5477 5553 5552
11263 2 2 103 103 5477 5478 5554
11264 2 2 103 103 5477 5554 5553
11265 2 2 103 103 5478 5479 5554
11266 2 2 103 103 5479 5555 5554
11267 2 2 103 103 5479 5480 5556
11268 2 2 103 103 5479 5556 5555
11269 2 2 103 103 5480 5481 5556
11270 2 2 103 103 5481 5557 5556
11271 2 2 103 103 5481 5482 5558
11272 2 2 103 103 5481 5558 5557
11273 2 2 103 103 5482 5483 5558
11274 2 2 103 103 5483 5559 5558
11275 2 2 103 103 5483 5484 5560
11276 2 2 103 103 5483 5560 5559
11277 2 2 103 103 5484 5485 5560
11278 2 2 103 103 5485 5561 5560
11279 2 2 103 103 5485 5486 5562
11280 2 2 103 103 5485 5562 5561
11281 2 2 103 103 5486 5487 5562
11282 2 2 103 103 5487 5563 5562
11283 2 2 103 103 5487 5488 5564
11284 2 2 103 103 5487 5564 5563
11285 2 2 103 103 5488 5489 5564
11286 2 2 103 103 5489 5565 5564
11287 2 2 103 103 5489 5490 5566
11288 2 2 103 103 5489 5566 5565
11289 2 2 103 103 5490 5491 5566
11290 2 2 103 103 5491 5567 5566
11291 2 2 103 103 5491 5492 5568
11292 2 2 103 103 5491 5568 5567
11293 2 2 103 103 5492 5493 5568
11294 2 2 103 103 5493 5569 5568
11295 2 2 103 103 5493 5494 5570
11296 2 2 103 103 5493 5570 5569
11297 2 2 103 103 5494 5495 5570
11298 2 2 103 103 5495 5571 5570
11299 2 2 103 103 5495 5496 5572
11300 2 2 103 103 5495 5572 5571
11301 2 2 103 103 5496 5497 5572
11302 2 2 103 103 5497 5573 5572
11303 2 2 103 103 5497 5498 5574
11304 2 2 103 103 5497 5574 5573
11305 2 2 103 103 5498 5499 5574
11306 2 2 103 103 5499 5575 5574
11307 2 2 103 103 5499 5500 5576
11308 2 2 103 103 5499 5576 5575
11309 2 2 103 103 5500 5501 5576
11310 2 2 103 103 5501 5577 5576
11311 2 2 103 103 5501 5502 5578
11312 2 2 103 103 5501 5578 5577
11313 2 2 103 103 5502 5503 5578
11314 2 2 103 103 5503 5579 5578
11315 2 2 103 103 5503 5504 5580
11316 2 2 103 103 5503 5580 5579
11317 2 2 103 103 5504 5505 5580
11318 2 2 103 103 5505 5581 5580
11319 2 2 103 103 5505 5506 5582
11320 2 2 103 103 5505 5582 5581
11321 2 2 103 103 5506 5507 5582
11322 2 2 103 103 5507 5583 5582
11323 2 2 103 103 5507 5508 5584
11324 2 2 103 103 5507 5584 5583
11325 2 2 103 103 5508 5509 5584
11326 2 2 103 103 5509 5585 5584
11327 2 2 103 103 5509 5510 5586
11328 2 2 103 103 5509 5586 5585
11329 2 2 103 103 5510 5511 5586
11330 2 2 103 103 5511 5587 5586
11331 2 2 103 103 5511 5512 5588
11332 2 2 103 103 5511 5588 5587
11333 2 2 103 103 5512 5513 5588
11334 2 2 103 103 5513 5589 5588
11335 2 2 103 103 5513 5514 5590
11336 2 2 103 103 5513 5590 5589
11337 2 2 103 103 5514 5515 5590
11338 2 2 103 103 5515 5591 5590
11339 2 2 103 103 5515 5516 5592
11340 2 2 103 103 5515 5592 5591
11341 2 2 103 103 5516 5517 5592
11342 2 2 103 103 5517 5593 5592
11343 2 2 103 103 5517 5518 5594
11344 2 2 103 103 5517 5594 5593
11345 2 2 103 103 5518 5519 5594
11346 2 2 103 103 5519 5595 5594
11347 2 2 103 103 5519 5520 5596
11348 2 2 103 103 5519 5596 5595
11349 2 2 103 103 5520 5521 5596
11350 2 2 103 103 5521 5597 5596
11351 2 2 103 103 5521 5522 5598
11352 2 2 103 103 5521 5598 5597
11353 2 2 103 103 5522 5523 5598
11354 2 2 103 103 5523 5599 5598
11355 2 2 103 103 5523 5524 5600
11356 2 2 103 103 5523 5600 5599
11357 2 2 103 103 5524 5525 5600
11358 2 2 103 103 5525 5601 5600
11359 2 2 103 103 5525 5526 5602
11360 2 2 103 103 5525 5602 5601
11361 2 2 103 103 5526 5527 5602
11362 2 2 103 103 5527 5603 5602
11363 2 2 103 103 5527 5528 5604
11364 2 2 103 103 5527 5604 5603
11365 2 2 103 103 5528 5529 5604
11366 2 2 103 103 5529 5605 5604
11367 2 2 103 103 5529 5530 5606
11368 2 2 103 103 5529 5606 5605
11369 2 2 103 103 5530 5531 5606
11370 2 2 103 103 5531 5607 5606
11371 2 2 103 103 5531 5532 5608
11372 2 2 103 103 5531 5608 5607
11373 2 2 103 103 5532 5533 5608
11374 2 2 103 103 5533 5609 5608
11375 2 2 103 103 5533 5534 5610
11376 2 2 103 103 5533 5610 5609
11377 2 2 103 103 5534 5535 5610
11378 2 2 103 103 5535 5611 5610
11379 2 2 103 103 5535 5536 5612
11380 2 2 103 103 5535 5612 5611
11381 2 2 103 103 5536 5537 5612
11382 2 2 103 103 5537 5613 5612
11383 2 2 103 103 5537 5538 5614
11384 2 2 103 103 5537 5614 5613
11385 2 2 103 103 5538 5539 5614
11386 2 2 103 103 5539 5615 5614
11387 2 2 103 103 5539 5540 5616
11388 2 2 103 103 5539 5616 5615
11389 2 2 103 103 5540 5541 5616
11390 2 2 103 103 5541 5617 5616
11391 2 2 103 103 5541 5542 5618
11392 2 2 103 103 5541 5618 5617
11393 2 2 103 103 5542 5543 5618
11394 2 2 103 103 5543 5619 5618
11395 2 2 103 103 5543 5544 5620
11396 2 2 103 103 5543 5620 5619
11397 2 2 103 103 5544 5545 5620
11398 2 2 103 103 5545 5621 5620
11399 2 2 103 103 5545 5546 5622
11400 2 2 103 103 5545 5622 5621
11401 2 2 103 103 5546 5547 5622
11402 2 2 103 103 5547 5623 5622
11403 2 2 103 103 5547 5548 5624
11404 2 2 103 103 5547 5624 5623
11405 2 2 103 103 5549 5550 5625
11406 2 2 103 103 5550 5626 5625
11407 2 2 103 103 5550 5551 5627
11408 2 2 103 103 5550 5627 5626
11409 2 2 103 103 5551 5552 5627
11410 2 2 103 103 5552 5628 5627
11411 2 2 103 103 5552 5553 5629
11412 2 2 103 103 5552 5629 5628
11413 2 2 103 103 5553 5554 5629
11414 2 2 103 103 5554 5630 5629
11415 2 2 103 103 5554 5555 5631
11416 2 2 103 103 5554 5631 5630
11417 2 2 103 103 5555 5556 5631
11418 2 2 103 103 5556 5632 5631
11419 2 2 103 103 5556 5557 5633
11420 2 2 103 103 5556 5633 5632
11421 2 2 103 103 5557 5558 5633
11422 2 2 103 103 5558 5634 5633
11423 2 2 103 103 5558 5559 5635
11424 2 2 103 103 5558 5635 5634
11425 2 2 103 103 5559 5560 5635
11426 2 2 103 103 5560 5636 5635
11427 2 2 103 103 5560 5561 5637
11428 2 2 103 103 5560 5637 5636
11429 2 2 103 103 5561 5562 5637
11430 2 2 103 103 5562 5638 5637
11431 2 2 103 103 5562 5563 5639
11432 2 2 103 103 5562 5639 5638
11433 2 2 103 103 5563 5564 5639
11434 2 2 103 103 5564 5640 5639
11435 2 2 103 103 5564 5565 5641
11436 2 2 103 103 5564 5641 5640
11437 2 2 103 103 5565 5566 5641
11438 2 2 103 103 5566 5642 5641
11439 2 2 103 103 5566 5567 5643
11440 2 2 103 103 5566 5643 5642
11441 2 2 103 103 5567 5568 5643
11442 2 2 103 103 5568 5644 5643
11443 2 2 103 103 5568 5569 5645
11444 2 2 103 103 5568 5645 5644
11445 2 2 103 103 5569 5570 5645
11446 2 2 103 103 5570 5646 5645
11447 2 2 103 103 5570 5571 5647
11448 2 2 103 103 5570 5647 5646
11449 2 2 103 103 5571 5572 5647
11450 2 2 103 103 5572 5648 5647
11451 2 2 103 103 5572 5573 5649
11452 2 2 103 103 5572 5649 5648
11453 2 2 103 103 5573 5574 5649
11454 2 2 103 103 5574 5650 5649
11455 2 2 103 103 5574 5575 5651
11456 2 2 103 103 5574 5651 5650
11457 2 2 103 103 5575 5576 5651
11458 2 2 103 103 5576 5652 5651
11459 2 2 103 103 5576 5577 5653
11460 2 2 103 103 5576 5653 5652
11461 2 2 103 103 5577 5578 5653
11462 2 2 103 103 5578 5654 5653
11463 2 2 103 103 5578 5579 5655
11464 2 2 103 103 5578 5655 5654
11465 2 2 103 103 5579 5580 5655
11466 2 2 103 103 5580 5656 5655
11467 2 2 103 103 5580 5581 5657
11468 2 2 103 103 5580 5657 5656
11469 2 2 103 103 5581 5582 5657
11470 2 2 103 103 5582 5658 5657
11471 2 2 103 103 5582 5583 5659
11472 2 2 103 103 5582 5659 5658
11473 2 2 103 103 5583 5584 5659
11474 2 2 103 103 5584 5660 5659
11475 2 2 103 103 5584 5585 5661
11476 2 2 103 103 5584 5661 5660
11477 2 2 103 103 5585 5586 5661
11478 2 2 103 103 5586 5662 5661
11479 2 2 103 103 5586 5587 5663
11480 2 2 103 103 5586 5663 5662
11481 2 2 103 103 5587 5588 5663
11482 2 2 103 103 5588 5664 5663
11483 2 2 103 103 5588 5589 5665
11484 2 2 103 103 5588 5665 5664
11485 2 2 103 103 5589 5590 5665
11486 2 2 103 103 5590 5666 5665
11487 2 2 103 103 5590 5591 5667
11488 2 2 103 103 5590 5667 5666
11489 2 2 103 103 5591 5592 5667
11490 2 2 103 103 5592 5668 5667
11491 2 2 103 103 5592 5593 5669
11492 2 2 103 103 5592 5669 5668
11493 2 2 103 103 5593 5594 5669
11494 2 2 103 103 5594 5670 5669
11495 2 2 103 103 5594 5595 5671
11496 2 2 103 103 5594 5671 5670
11497 2 2 103 103 5595 5596 5671
11498 2 2 103 103 5596 5672 5671
11499 2 2 103 103 5596 5597 5673
11500 2 2 103 103 5596 5673 5672
11501 2 2 103 103 5597 5598 5673
11502 2 2 103 103 5598 5674 5673
11503 2 2 103 103 5598 5599 5675
11504 2 2 103 103 5598 5675 5674
11505 2 2 103 103 5599 5600 5675
11506 2 2 103 103 5600 5676 5675
11507 2 2 103 103 5600 5601 5677
11508 2 2 103 103 5600 5677 5676
11509 2 2 103 103 5601 5602 5677
11510 2 2 103 103 5602 5678 5677
11511 2 2 103 103 5602 5603 5679
11512 2 2 103 103 5602 5679 5678
11513 2 2 103 103 5603 5604 5679
11514 2 2 103 103 5604 5680 5679
11515 2 2 103 103 5604 5605 5681
11516 2 2 103 103 5604 5681 5680
11517 2 2 103 103 5605 5606 5681
11518 2 2 103 103 5606 5682 5681
11519 2 2 103 103 5606 5607 5683
11520 2 2 103 103 5606 5683 5682
11521 2 2 103 103 5607 5608 5683
11522 2 2 103 103 5608 5684 5683
11523 2 2 103 103 5608 5609 5685
11524 2 2 103 103 5608 5685 5684
11525 2 2 103 103 5609 5610 5685
11526 2 2 103 103 5610 5686 5685
11527 2 2 103 103 5610 5611 5687
11528 2 2 103 103 5610 5687 5686
11529 2 2 103 103 5611 5612 5687
11530 2 2 103 103 5612 5688 5687
11531 2 2 103 103 5612 5613 5689
11532 2 2 103 103 5612 5689 5688
11533 2 2 103 103 5613 5614 5689
11534 2 2 103 103 5614 5690 5689
11535 2 2 103 103 5614 5615 5691
11536 2 2 103 103 5614 5691 5690
11537 2 2 103 103 5615 5616 5691
11538 2 2 103 103 5616 5692 5691
11539 2 2 103 103 5616 5617 5693
11540 2 2 103 103 5616 5693 5692
11541 2 2 103 103 5617 5618 5693
11542 2 2 103 103 5618 5694 5693
11543 2 2 103 103 5618 5619 5695
11544 2 2 103 103 5618 5695 5694
11545 2 2 103 103 5619 5620 5695
11546 2 2 103 103 5620 5696 5695
11547 2 2 103 103 5620 5621 5697
11548 2 2 103 103 5620 5697 5696
11549 2 2 103 103 5621 5622 5697
11550 2 2 103 103 5622 5698 5697
11551 2 2 103 103 5622 5623 5699
11552 2 2 103 103 5622 5699 5698
11553 2 2 103 103 5623 5624 5699
11554 2 2 103 103 5624 5700 5699
11555 2 2 103 103 5625 5626 5702
11556 2 2 103 103 5625 5702 5701
11557 2 2 103 103 5626 5627 5702
11558 2 2 103 103 5627 5703 5702
11559 2 2 103 103 5627 5628 5704
11560 2 2 103 103 5627 5704 5703
11561 2 2 103 103 5628 5629 5704
11562 2 2 103 103 5629 5705 5704
11563 2 2 103 103 5629 5630 5706
11564 2 2 103 103 5629 5706 5705
11565 2 2 103 103 5630 5631 5706
11566 2 2 103 103 5631 5707 5706
11567 2 2 103 103 5631 5632 5708
11568 2 2 103 103 5631 5708 5707
11569 2 2 103 103 5632 5633 5708
11570 2 2 103 103 5633 5709 5708
11571 2 2 103 103 5633 5634 5710
11572 2 2 103 103 5633 5710 5709
11573 2 2 103 103 5634 5635 5710
11574 2 2 103 103 5635 5711 5710
11575 2 2 103 103 5635 5636 5712
11576 2 2 103 103 5635 5712 5711
11577 2 2 103 103 5636 5637 5712
11578 2 2 103 103 5637 5713 5712
11579 2 2 103 103 5637 5638 5714
11580 2 2 103 103 5637 5714 5713
11581 2 2 103 103 5638 5639 5714
11582 2 2 103 103 5639 5715 5714
11583 2 2 103 103 5639 5640 5716
11584 2 2 103 103 5639 5716 5715
11585 2 2 103 103 5640 5641 5716
11586 2 2 103 103 5641 5717 5716
11587 2 2 103 103 5641 5642 5718
11588 2 2 103 103 5641 5718 5717
11589 2 2 103 103 5642 5643 5718
11590 2 2 103 103 5643 5719 5718
11591 2 2 103 103 5643 5644 5720
11592 2 2 103 103 5643 5720 5719
11593 2 2 103 103 5644 5645 5720
11594 2 2 103 103 5645 5721 5720
11595 2 2 103 103 5645 5646 5722
11596 2 2 103 103 5645 5722 5721
11597 2 2 103 103 5646 5647 5722
11598 2 2 103 103 5647 5723 5722
11599 2 2 103 103 5647 5648 5724
11600 2 2 103 103 5647 5724 5723
11601 2 2 103 103 5648 5649 5724
11602 2 2 103 103 5649 5725 5724
11603 2 2 103 103 5649 5650 5726
11604 2 2 103 103 5649 5726 5725
11605 2 2 103 103 5650 5651 5726
11606 2 2 103 103 5651 5727 5726
11607 2 2 103 103 5651 5652 5728
11608 2 2 103 103 5651 5728 5727
11609 2 2 103 103 5652 5653 5728
11610 2 2 103 103 5653 5729 5728
11611 2 2 103 103 5653 5654 5730
11612 2 2 103 103 5653 5730 5729
11613 2 2 103 103 5654 5655 5730
11614 2 2 103 103 5655 5731 5730
11615 2 2 103 103 5655 5656 5732
11616 2 2 103 103 5655 5732 5731
11617 2 2 103 103 5656 5657 5732
11618 2 2 103 103 5657 5733 5732
11619 2 2 103 103 5657 5658 5734
11620 2 2 103 103 5657 5734 5733
11621 2 2 103 103 5658 5659 5734
11622 2 2 103 103 5659 5735 5734
11623 2 2 103 103 5659 5660 5736
11624 2 2 103 103 5659 5736 5735
11625 2 2 103 103 5660 5661 5736
11626 2 2 103 103 5661 5737 5736
11627 2 2 103 103 5661 5662 5738
11628 2 2 103 103 5661 5738 5737
11629 2 2 103 103 5662 5663 5738
11630 2 2 103 103 5663 5739 5738
11631 2 2 103 103 5663 5664 5740
11632 2 2 103 103 5663 5740 5739
11633 2 2 103 103 5664 5665 5740
11634 2 2 103 103 5665 5741 5740
11635 2 2 103 103 5665 5666 5742
11636 2 2 103 103 5665 5742 5741
11637 2 2 103 103 5666 5667 5742
11638 2 2 103 103 5667 5743 5742
11639 2 2 103 103 5667 5668 5744
11640 2 2 103 103 5667 5744 5743
11641 2 2 103 103 5668 5669 5744
11642 2 2 103 103 5669 5745 5744
11643 2 2 103 103 5669 5670 5746
11644 2 2 103 103 5669 5746 5745
11645 2 2 103 103 5670 5671 5746
11646 2 2 103 103 5671 5747 5746
11647 2 2 103 103 5671 5672 5748
11648 2 2 103 103 5671 5748 5747
11649 2 2 103 103 5672 5673 5748
11650 2 2 103 103 5673 5749 5748
11651 2 2 103 103 5673 5674 5750
11652 2 2 103 103 5673 5750 5749
11653 2 2 103 103 5674 5675 5750
11654 2 2 103 103 5675 5751 5750
11655 2 2 103 103 5675 5676 5752
11656 2 2 103 103 5675 5752 5751
11657 2 2 103 103 5676 5677 5752
11658 2 2 103 103 5677 5753 5752
11659 2 2 103 103 5677 5678 5754
11660 2 2 103 103 5677 5754 5753
11661 2 2 103 103 5678 5679 5754
11662 2 2 103 103 5679 5755 5754
11663 2 2 103 103 5679 5680 5756
11664 2 2 103 103 5679 5756 5755
11665 2 2 103 103 5680 5681 5756
11666 2 2 103 103 5681 5757 5756
11667 2 2 103 103 5681 5682 5758
11668 2 2 103 103 5681 5758 5757
11669 2 2 103 103 5682 5683 5758
11670 2 2 103 103 5683 5759 5758
11671 2 2 103 103 5683 5684 5760
11672 2 2 103 103 5683 5760 5759
11673 2 2 103 103 5684 5685 5760
11674 2 2 103 103 5685 5761 5760
11675 2 2 103 103 5685 5686 5762
11676 2 2 103 103 5685 5762 5761
11677 2 2 103 103 5686 5687 5762
11678 2 2 103 103 5687 5763 5762
11679 2 2 103 103 5687 5688 5764
11680 2 2 103 103 5687 5764 5763
11681 2 2 103 103 5688 5689 5764
11682 2 2 103 103 5689 5765 5764
11683 2 2 103 103 5689 5690 5766
11684 2 2 103 103 5689 5766 5765
11685 2 2 103 103 5690 5691 5766
11686 2 2 103 103 5691 5767 5766
11687 2 2 103 103 5691 5692 5768
11688 2 2 103 103 5691 5768 5767
11689 2 2 103 103 5692 5693 5768
11690 2 2 103 103 5693 5769 5768
11691 2 2 103 103 5693 5694 5770
11692 2 2 103 103 5693 5770 5769
11693 2 2 103 103 5694 5695 5770
11694 2 2 103 103 5695 5771 5770
11695 2 2 103 103 5695 5696 5772
11696 2 2 103 103 5695 5772 5771
11697 2 2 103 103 5696 5697 5772
11698 2 2 103 103 5697 5773 5772
11699 2 2 103 103 5697 5698 5774
11700 2 2 103 103 5697 5774 5773
11701 2 2 103 103 5698 5699 5774
11702 2 2 103 103 5699 5775 5774
11703 2 2 103 103 5699 5700 5776
11704 2 2 103 103 5699 5776 5775
11705 2 2 103 103 5701 5702 5777
11706 2 2 103 103 5702 5778 5777
11707 2 2 103 103 5702 5703 5779
11708 2 2 103 103 5702 5779 5778
11709 2 2 103 103 5703 5704 5779
11710 2 2 103 103 5704 5780 5779
11711 2 2 103 103 5704 5705 5781
11712 2 2 103 103 5704 5781 5780
11713 2 2 103 103 5705 5706 5781
11714 2 2 103 103 5706 5782 5781
11715 2 2 103 103 5706 5707 5783
11716 2 2 103 103 5706 5783 5782
11717 2 2 103 103 5707 5708 5783
11718 2 2 103 103 5708 5784 5783
11719 2 2 103 103 5708 5709 5785
11720 2 2 103 103 5708 5785 5784
11721 2 2 103 103 5709 5710 5785
11722 2 2 103 103 5710 5786 5785
11723 2 2 103 103 5710 5711 5787
11724 2 2 103 103 5710 5787 5786
11725 2 2 103 103 5711 5712 5787
11726 2 2 103 103 5712 5788 5787
11727 2 2 103 103 5712 5713 5789
11728 2 2 103 103 5712 5789 5788
11729 2 2 103 103 5713 5714 5789
11730 2 2 103 103 5714 5790 5789
11731 2 2 103 103 5714 5715 5791
11732 2 2 103 103 5714 5791 5790
11733 2 2 103 103 5715 5716 5791
11734 2 2 103 103 5716 5792 5791
11735 2 2 103 103 5716 5717 5793
11736 2 2 103 103 5716 5793 5792
11737 2 2 103 103 5717 5718 5793
11738 2 2 103 103 5718 5794 5793
11739 2 2 103 103 5718 5719 5795
11740 2 2 103 103 5718 5795 5794
11741 2 2 103 103 5719 5720 5795
11742 2 2 103 103 5720 5796 5795
11743 2 2 103 103 5720 5721 5797
11744 2 2 103 103 5720 5797 5796
11745 2 2 103 103 5721 5722 5797
11746 2 2 103 103 5722 5798 5797
11747 2 2 103 103 5722 5723 5799
11748 2 2 103 103 5722 5799 5798
11749 2 2 103 103 5723 5724 5799
11750 2 2 103 103 5724 5800 5799
11751 2 2 103 103 5724 5725 5801
11752 2 2 103 103 5724 5801 5800
11753 2 2 103 103 5725 5726 5801
11754 2 2 103 103 5726 5802 5801
11755 2 2 103 103 5726 5727 5803
11756 2 2 103 103 5726 5803 5802
11757 2 2 103 103 5727 5728 5803
11758 2 2 103 103 5728 5804 5803
11759 2 2 103 103 5728 5729 5805
11760 2 2 103 103 5728 5805 5804
11761 2 2 103 103 5729 5730 5805
11762 2 2 103 103 5730 5806 5805
11763 2 2 103 103 5730 5731 5807
11764 2 2 103 103 5730 5807 5806
11765 2 2 103 103 5731 5732 5807
11766 2 2 103 103 5732 5808 5807
11767 2 2 103 103 5732 5733 5809
11768 2 2 103 103 5732 5809 5808
11769 2 2 103 103 5733 5734 5809
11770 2 2 103 103 5734 5810 5809
11771 2 2 103 103 5734 5735 5811
11772 2 2 103 103 5734 5811 5810
11773 2 2 103 103 5735 5736 5811
11774 2 2 103 103 5736 5812 5811
11775 2 2 103 103 5736 5737 5813
11776 2 2 103 103 5736 5813 5812
11777 2 2 103 103 5737 5738 5813
11778 2 2 103 103 5738 5814 5813
11779 2 2 103 103 5738 5739 5815
11780 2 2 103 103 5738 5815 5814
11781 2 2 103 103 5739 5740 5815
11782 2 2 103 103 5740 5816 5815
11783 2 2 103 103 5740 5741 5817
11784 2 2 103 103 5740 5817 5816
11785 2 2 103 103 5741 5742 5817
11786 2 2 103 103 5742 5818 5817
11787 2 2 103 103 5742 5743 5819
11788 2 2 103 103 5742 5819 5818
11789 2 2 103 103 5743 5744 5819
11790 2 2 103 103 5744 5820 5819
11791 2 2 103 103 5744 5745 5821
11792 2 2 103 103 5744 5821 5820
11793 2 2 103 103 5745 5746 5821
11794 2 2 103 103 5746 5822 5821
11795 2 2 103 103 5746 5747 5823
11796 2 2 103 103 5746 5823 5822
11797 2 2 103 103 5747 5748 5823
11798 2 2 103 103 5748 5824 5823
11799 2 2 103 103 5748 5749 5825
11800 2 2 103 103 5748 5825 5824
11801 2 2 103 103 5749 5750 5825
11802 2 2 103 103 5750 5826 5825
11803 2 2 103 103 5750 5751 5827
11804 2 2 103 103 5750 5827 5826
11805 2 2 103 103 5751 5752 5827
11806 2 2 103 103 5752 5828 5827
11807 2 2 103 103 5752 5753 5829
11808 2 2 103 103 5752 5829 5828
11809 2 2 103 103 5753 5754 5829
11810 2 2 103 103 5754 5830 5829
11811 2 2 103 103 5754 5755 5831
11812 2 2 103 103 5754 5831 5830
11813 2 2 103 103 5755 5756 5831
11814 2 2 103 103 5756 5832 5831
11815 2 2 103 103 5756 5757 5833
11816 2 2 103 103 5756 5833 5832
11817 2 2 103 103 5757 5758 5833
11818 2 2 103 103 5758 5834 5833
11819 2 2 103 103 5758 5759 5835
11820 2 2 103 103 5758 5835 5834
11821 2 2 103 103 5759 5760 5835
11822 2 2 103 103 5760 5836 5835
11823 2 2 103 103 5760 5761 5837
11824 2 2 103 103 5760 5837 5836
11825 2 2 103 103 5761 5762 5837
11826 2 2 103 103 5762 5838 5837
11827 2 2 103 103 5762 5763 5839
11828 2 2 103 103 5762 5839 5838
11829 2 2 103 103 5763 5764 5839
11830 2 2 103 103 5764 5840 5839
11831 2 2 103 103 5764 5765 5841
11832 2 2 103 103 5764 5841 5840
11833 2 2 103 103 5765 5766 5841
11834 2 2 103 103 5766 5842 5841
11835 2 2 103 103 5766 5767 5843
11836 2 2 103 103 5766 5843 5842
11837 2 2 103 103 5767 5768 5843
11838 2 2 103 103 5768 5844 5843
11839 2 2 103 103 5768 5769 5845
11840 2 2 103 103 5768 5845 5844
11841 2 2 103 103 5769 5770 5845
11842 2 2 103 103 5770 5846 5845
11843 2 2 103 103 5770 5771 5847
11844 2 2 103 103 5770 5847 5846
11845 2 2 103 103 5771 5772 5847
11846 2 2 103 103 5772 5848 5847
11847 2 2 103 103 5772 5773 5849
11848 2 2 103 103 5772 5849 5848
11849 2 2 103 103 5773 5774 5849
11850 2 2 103 103 5774 5850 5849
11851 2 2 103 103 5774 5775 5851
11852 2 2 103 103 5774 5851 5850
11853 2 2 103 103 5775 5776 5851
11854 2 2 103 103 5776 5852 5851
11855 2 2 103 103 5777 5778 5854
11856 2 2 103 103 5777 5854 5853
11857 2 2 103 103 5778 5779 5854
11858 2 2 103 103 5779 5855 5854
11859 2 2 103 103 5779 5780 5856
11860 2 2 103 103 5779 5856 5855
11861 2 2 103 103 5780 5781 5856
11862 2 2 103 103 5781 5857 5856
11863 2 2 103 103 5781 5782 5858
11864 2 2 103 103 5781 5858 5857
11865 2 2 103 103 5782 5783 5858
11866 2 2 103 103 5783 5859 5858
11867 2 2 103 103 5783 5784 5860
11868 2 2 103 103 5783 5860 5859
11869 2 2 103 103 5784 5785 5860
11870 2 2 103 103 5785 5861 5860
11871 2 2 103 103 5785 5786 5862
11872 2 2 103 103 5785 5862 5861
11873 2 2 103 103 5786 5787 5862
11874 2 2 103 103 5787 5863 5862
11875 2 2 103 103 5787 5788 5864
11876 2 2 103 103 5787 5864 5863
11877 2 2 103 103 5788 5789 5864
11878 2 2 103 103 5789 5865 5864
11879 2 2 103 103 5789 5790 5866
11880 2 2 103 103 5789 5866 5865
11881 2 2 103 103 5790 5791 5866
11882 2 2 103 103 5791 5867 5866
11883 2 2 103 103 5791 5792 5868
11884 2 2 103 103 5791 5868 5867
11885 2 2 103 103 5792 5793 5868
11886 2 2 103 103 5793 5869 5868
11887 2 2 103 103 5793 5794 5870
11888 2 2 103 103 5793 5870 5869
11889 2 2 103 103 5794 5795 5870
11890 2 2 103 103 5795 5871 5870
11891 2 2 103 103 5795 5796 5872
11892 2 2 103 103 5795 5872 5871
11893 2 2 103 103 5796 5797 5872
11894 2 2 103 103 5797 5873 5872
11895 2 2 103 103 5797 5798 5874
11896 2 2 103 103 5797 5874 5873
11897 2 2 103 103 5798 5799 5874
11898 2 2 103 103 5799 5875 5874
11899 2 2 103 103 5799 5800 5876
11900 2 2 103 103 5799 5876 5875
11901 2 2 103 103 5800 5801 5876
11902 2 2 103 103 5801 5877 5876
11903 2 2 103 103 5801 5802 5878
11904 2 2 103 103 5801 5878 5877
11905 2 2 103 103 5802 5803 5878
11906 2 2 103 103 5803 5879 5878
11907 2 2 103 103 5803 5804 5880
11908 2 2 103 103 5803 5880 5879
11909 2 2 103 103 5804 5805 5880
11910 2 2 103 103 5805 5881 5880
11911 2 2 103 103 5805 5806 5882
11912 2 2 103 103 5805 5882 5881
11913 2 2 103 103 5806 5807 5882
11914 2 2 103 103 5807 5883 5882
11915 2 2 103 103 5807 5808 5884
11916 2 2 103 103 5807 5884 5883
11917 2 2 103 103 5808 5809 5884
11918 2 2 103 103 5809 5885 5884
11919 2 2 103 103 5809 5810 5886
11920 2 2 103 103 5809 5886 5885
11921 2 2 103 103 5810 5811 5886
11922 2 2 103 103 5811 5887 5886
11923 2 2 103 103 5811 5812 5888
11924 2 2 103 103 5811 5888 5887
11925 2 2 103 103 5812 5813 5888
11926 2 2 103 103 5813 5889 5888
11927 2 2 103 103 5813 5814 5890
11928 2 2 103 103 5813 5890 5889
11929 2 2 103 103 5814 5815 5890
11930 2 2 103 103 5815 5891 5890
11931 2 2 103 103 5815 5816 5892
11932 2 2 103 103 5815 5892 5891
11933 2 2 103 103 5816 5817 5892
11934 2 2 103 103 5817 5893 5892
11935 2 2 103 103 5817 5818 5894
11936 2 2 103 103 5817 5894 5893
11937 2 2 103 103 5818 5819 5894
11938 2 2 103 103 5819 5895 5894
11939 2 2 103 103 5819 5820 5896
11940 2 2 103 103 5819 5896 5895
11941 2 2 103 103 5820 5821 5896
11942 2 2 103 103 5821 5897 5896
11943 2 2 103 103 5821 5822 5898
11944 2 2 103 103 5821 5898 5897
11945 2 2 103 103 5822 5823 5898
11946 2 2 103 103 5823 5899 5898
11947 2 2 103 103 5823 5824 5900
11948 2 2 103 103 5823 5900 5899
11949 2 2 103 103 5824 5825 5900
11950 2 2 103 103 5825 5901 5900
11951 2 2 103 103 5825 5826 5902
11952 2 2 103 103 5825 5902 5901
11953 2 2 103 103 5826 5827 5902
11954 2 2 103 103 5827 5903 5902
11955 2 2 103 103 5827 5828 5904
11956 2 2 103 103 5827 5904 5903
11957 2 2 103 103 5828 5829 5904
11958 2 2 103 103 5829 5905 5904
11959 2 2 103 103 5829 5830 5906
11960 2 2 103 103 5829 5906 5905
11961 2 2 103 103 5830 5831 5906
11962 2 2 103 103 5831 5907 5906
11963 2 2 103 103 5831 5832 5908
11964 2 2 103 103 5831 5908 5907
11965 2 2 103 103 5832 5833 5908
11966 2 2 103 103 5833 5909 5908
11967 2 2 103 103 5833 5834 5910
11968 2 2 103 103 5833 5910 5909
11969 2 2 103 103 5834 5835 5910
11970 2 2 103 103 5835 5911 5910
11971 2 2 103 103 5835 5836 5912
11972 2 2 103 103 5835 5912 5911
11973 2 2 103 103 5836 5837 5912
11974 2 2 103 103 5837 5913 5912
11975 2 2 103 103 5837 5838 5914
11976 2 2 103 103 5837 5914 5913
11977 2 2 103 103 5838 5839 5914
11978 2 2 103 103 5839 5915 5914
11979 2 2 103 103 5839 5840 5916
11980 2 2 103 103 5839 5916 5915
11981 2 2 103 103 5840 5841 5916
11982 2 2 103 103 5841 5917 5916
11983 2 2 103 103 5841 5842 5918
11984 2 2 103 103 5841 5918 5917
11985 2 2 103 103 5842 5843 5918
11986 2 2 103 103 5843 5919 5918
11987 2 2 103 103 5843 5844 5920
11988 2 2 103 103 5843 5920 5919
11989 2 2 103 103 5844 5845 5920
11990 2 2 103 103 5845 5921 5920
11991 2 2 103 103 5845 5846 5922
11992 2 2 103 103 5845 5922 5921
11993 2 2 103 103 5846 5847 5922
11994 2 2 103 103 5847 5923 5922
11995 2 2 103 103 5847 5848 5924
11996 2 2 103 103 5847 5924 5923
11997 2 2 103 103 5848 5849 5924
11998 2 2 103 103 5849 5925 5924
11999 2 2 103 103 5849 5850 5926
12000 2 2 103 103 5849 5926 5925
12001 2 2 103 103 5850 5851 5926
12002 2 2 103 103 5851 5927 5926
12003 2 2 103 103 5851 5852 5928
12004 2 2 103 103 5851 5928 5927
12005 2 2 103 103 5853 5854 5929
12006 2 2 103 103 5854 5930 5929
12007 2 2 103 103 5854 5855 5931
12008 2 2 103 103 5854 5931 5930
12009 2 2 103 103 5855 5856 5931
12010 2 2 103 103 5856 5932 5931
12011 2 2 103 103 5856 5857 5933
12012 2 2 103 103 5856 5933 5932
12013 2 2 103 103 5857 5858 5933
12014 2 2 103 103 5858 5934 5933
12015 2 2 103 103 5858 5859 5935
12016 2 2 103 103 5858 5935 5934
12017 2 2 103 103 5859 5860 5935
12018 2 2 103 103 5860 5936 5935
12019 2 2 103 103 5860 5861 5937
12020 2 2 103 103 5860 5937 5936
12021 2 2 103 103 5861 5862 5937
12022 2 2 103 103 5862 5938 5937
12023 2 2 103 103 5862 5863 5939
12024 2 2 103 103 5862 5939 5938
12025 2 2 103 103 5863 5864 5939
12026 2 2 103 103 5864 5940 5939
12027 2 2 103 103 5864 5865 5941
12028 2 2 103 103 5864 5941 5940
12029 2 2 103 103 5865 5866 5941
12030 2 2 103 103 5866 5942 5941
12031 2 2 103 103 5866 5867 5943
12032 2 2 103 103 5866 5943 5942
12033 2 2 103 103 5867 5868 5943
12034 2 2 103 103 5868 5944 5943
12035 2 2 103 103 5868 5869 5945
12036 2 2 103 103 5868 5945 5944
12037 2 2 103 103 5869 5870 5945
12038 2 2 103 103 5870 5946 5945
12039 2 2 103 103 5870 5871 5947
12040 2 2 103 103 5870 5947 5946
12041 2 2 103 103 5871 5872 5947
12042 2 2 103 103 5872 5948 5947
12043 2 2 103 103 5872 5873 5949
12044 2 2 103 103 5872 5949 5948
12045 2 2 103 103 5873 5874 5949
12046 2 2 103 103 5874 5950 5949
12047 2 2 103 103 5874 5875 5951
12048 2 2 103 103 5874 5951 5950
12049 2 2 103 103 5875 5876 5951
12050 2 2 103 103 5876 5952 5951
12051 2 2 103 103 5876 5877 5953
12052 2 2 103 103 5876 5953 5952
12053 2 2 103 103 5877 5878 5953
12054 2 2 103 103 5878 5954 5953
12055 2 2 103 103 5878 5879 5955
12056 2 2 103 103 5878 5955 5954
12057 2 2 103 103 5879 5880 5955
12058 2 2 103 103 5880 5956 5955
12059 2 2 103 103 5880 5881 5957
12060 2 2 103 103 5880 5957 5956
12061 2 2 103 103 5881 5882 5957
12062 2 2 103 103 5882 5958 5957
12063 2 2 103 103 5882 5883 5959
12064 2 2 103 103 5882 5959 5958
12065 2 2 103 103 5883 5884 5959
12066 2 2 103 103 5884 5960 5959
12067 2 2 103 103 5884 5885 5961
12068 2 2 103 103 5884 5961 5960
12069 2 2 103 103 5885 5886 5961
12070 2 2 103 103 5886 5962 5961
12071 2 2 103 103 5886 5887 5963
12072 2 2 103 103 5886 5963 5962
12073 2 2 103 103 5887 5888 5963
12074 2 2 103 103 5888 5964 5963
12075 2 2 103 103 5888 5889 5965
12076 2 2 103 103 5888 5965 5964
12077 2 2 103 103 5889 5890 5965
12078 2 2 103 103 5890 5966 5965
12079 2 2 103 103 5890 5891 5967
12080 2 2 103 103 5890 5967 5966
12081 2 2 103 103 5891 5892 5967
12082 2 2 103 103 5892 5968 5967
12083 2 2 103 103 5892 5893 5969
12084 2 2 103 103 5892 5969 5968
12085 2 2 103 103 5893 5894 5969
12086 2 2 103 103 5894 5970 5969
12087 2 2 103 103 5894 5895 5971
12088 2 2 103 103 5894 5971 5970
12089 2 2 103 103 5895 5896 5971
12090 2 2 103 103 5896 5972 5971
12091 2 2 103 103 5896 5897 5973
12092 2 2 103 103 5896 5973 5972
12093 2 2 103 103 5897 5898 5973
12094 2 2 103 103 5898 5974 5973
12095 2 2 103 103 5898 5899 5975
12096 2 2 103 103 5898 5975 5974
12097 2 2 103 103 5899 5900 5975
12098 2 2 103 103 5900 5976 5975
12099 2 2 103 103 5900 5901 5977
12100 2 2 103 103 5900 5977 5976
12101 2 2 103 103 5901 5902 5977
12102 2 2 103 103 5902 5978 5977
12103 2 2 103 103 5902 5903 5979
12104 2 2 103 103 5902 5979 5978
12105 2 2 103 103 5903 5904 5979
12106 2 2 103 103 5904 5980 5979
12107 2 2 103 103 5904 5905 5981
12108 2 2 103 103 5904 5981 5980
12109 2 2 103 103 5905 5906 5981
12110 2 2 103 103 5906 5982 5981
12111 2 2 103 103 5906 5907 5983
12112 2 2 103 103 5906 5983 5982
12113 2 2 103 103 5907 5908 5983
12114 2 2 103 103 5908 5984 5983
12115 2 2 103 103 5908 5909 5985
12116 2 2 103 103 5908 5985 5984
12117 2 2 103 103 5909 5910 5985
12118 2 2 103 103 5910 5986 5985
12119 2 2 103 103 5910 5911 5987
12120 2 2 103 103 5910 5987 5986
12121 2 2 103 103 5911 5912 5987
12122 2 2 103 103 5912 5988 5987
12123 2 2 103 103 5912 5913 5989
12124 2 2 103 103 5912 5989 5988
12125 2 2 103 103 5913 5914 5989
12126 2 2 103 103 5914 5990 5989
12127 2 2 103 103 5914 5915 5991
12128 2 2 103 103 5914 5991 5990
12129 2 2 103 103 5915 5916 5991
12130 2 2 103 103 5916 5992 5991
12131 2 2 103 103 5916 5917 5993
12132 2 2 103 103 5916 5993 5992
12133 2 2 103 103 5917 5918 5993
12134 2 2 103 103 5918 5994 5993
12135 2 2 103 103 5918 5919 5995
12136 2 2 103 103 5918 5995 5994
12137 2 2 103 103 5919 5920 5995
12138 2 2 103 103 5920 5996 5995
12139 2 2 103 103 5920 5921 5997
12140 2 2 103 103 5920 5997 5996
12141 2 2 103 103 5921 5922 5997
12142 2 2 103 103 5922 5998 5997
12143 2 2 103 103 5922 5923 5999
12144 2 2 103 103 5922 5999 5998
12145 2 2 103 103 5923 5924 5999
12146 2 2 103 103 5924 6000 5999
12147 2 2 103 103 5924 5925 6001
12148 2 2 103 103 5924 6001 6000
12149 2 2 103 103 5925 5926 6001
12150 2 2 103 103 5926 6002 6001
12151 2 2 103 103 5926 5927 6003
12152 2 2 103 103 5926 6003 6002
12153 2 2 103 103 5927 5928 6003
12154 2 2 103 103 5928 6004 6003
12155 2 2 103 103 5929 5930 6006
12156 2 2 103 103 5929 6006 6005
12157 2 2 103 103 5930 5931 6006
12158 2 2 103 103 5931 6007 6006
12159 2 2 103 103 5931 5932 6008
12160 2 2 103 103 5931 6008 6007
12161 2 2 103 103 5932 5933 6008
12162 2 2 103 103 5933 6009 6008
12163 2 2 103 103 5933 5934 6010
12164 2 2 103 103 5933 6010 6009
12165 2 2 103 103 5934 5935 6010
12166 2 2 103 103 5935 6011 6010
12167 2 2 103 103 5935 5936 6012
12168 2 2 103 103 5935 6012 6011
12169 2 2 103 103 5936 5937 6012
12170 2 2 103 103 5937 6013 6012
12171 2 2 103 103 5937 5938 6014
12172 2 2 103 103 5937 6014 6013
12173 2 2 103 103 5938 5939 6014
12174 2 2 103 103 5939 6015 6014
12175 2 2 103 103 5939 5940 6016
12176 2 2 103 103 5939 6016 6015
12177 2 2 103 103 5940 5941 6016
12178 2 2 103 103 5941 6017 6016
12179 2 2 103 103 5941 5942 6018
12180 2 2 103 103 5941 6018 6017
12181 2 2 103 103 5942 5943 6018
12182 2 2 103 103 5943 6019 6018
12183 2 2 103 103 5943 5944 6020
12184 2 2 103 103 5943 6020 6019
12185 2 2 103 103 5944 5945 6020
12186 2 2 103 103 5945 6021 6020
12187 2 2 103 103 5945 5946 6022
12188 2 2 103 103 5945 6022 6021
12189 2 2 103 103 5946 5947 6022
12190 2 2 103 103 5947 6023 6022
12191 2 2 103 103 5947 5948 6024
12192 2 2 103 103 5947 6024 6023
12193 2 2 103 103 5948 5949 6024
12194 2 2 103 103 5949 6025 6024
12195 2 2 103 103 5949 5950 6026
12196 2 2 103 103 5949 6026 6025
12197 2 2 103 103 5950 5951 6026
12198 2 2 103 103 5951 6027 6026
12199 2 2 103 103 5951 5952 6028
12200 2 2 103 103 5951 6028 6027
12201 2 2 103 103 5952 5953 6028
12202 2 2 103 103 5953 6029 6028
12203 2 2 103 103 5953 5954 6030
12204 2 2 103 103 5953 6030 6029
12205 2 2 103 103 5954 5955 6030
12206 2 2 103 103 5955 6031 6030
12207 2 2 103 103 5955 5956 6032
12208 2 2 103 103 5955 6032 6031
12209 2 2 103 103 5956 5957 6032
12210 2 2 103 103 5957 6033 6032
12211 2 2 103 103 5957 5958 6034
12212 2 2 103 103 5957 6034 6033
12213 2 2 103 103 5958 5959 6034
12214 2 2 103 103 5959 6035 6034
12215 2 2 103 103 5959 5960 6036
12216 2 2 103 103 5959 6036 6035
12217 2 2 103 103 5960 5961 6036
12218 2 2 103 103 5961 6037 6036
12219 2 2 103 103 5961 5962 6038
12220 2 2 103 103 5961 6038 6037
12221 2 2 103 103 5962 5963 6038
12222 2 2 103 103 5963 6039 6038
12223 2 2 103 103 5963 5964 6040
12224 2 2 103 103 5963 6040 6039
12225 2 2 103 103 5964 5965 6040
12226 2 2 103 103 5965 6041 6040
12227 2 2 103 103 5965 5966 6042
12228 2 2 103 103 5965 6042 6041
12229 2 2 103 103 5966 5967 6042
12230 2 2 103 103 5967 6043 6042
12231 2 2 103 103 5967 5968 6044
12232 2 2 103 103 5967 6044 6043
12233 2 2 103 103 5968 5969 6044
12234 2 2 103 103 5969 6045 6044
12235 2 2 103 103 5969 5970 6046
12236 2 2 103 103 5969 6046 6045
12237 2 2 103 103 5970 5971 6046
12238 2 2 103 103 5971 6047 6046
12239 2 2 103 103 5971 5972 6048
12240 2 2 103 103 5971 6048 6047
12241 2 2 103 103 5972 5973 6048
12242 2 2 103 103 5973 6049 6048
12243 2 2 103 103 5973 5974 6050
12244 2 2 103 103 5973 6050 6049
12245 2 2 103 103 5974 5975 6050
12246 2 2 103 103 5975 6051 6050
12247 2 2 103 103 5975 5976 6052
12248 2 2 103 103 5975 6052 6051
12249 2 2 103 103 5976 5977 6052
12250 2 2 103 103 5977 6053 6052
12251 2 2 103 103 5977 5978 6054
12252 2 2 103 103 5977 6054 6053
12253 2 2 103 103 5978 5979 6054
12254 2 2 103 103 5979 6055 6054
12255 2 2 103 103 5979 5980 6056
12256 2 2 103 103 5979 6056 6055
12257 2 2 103 103 5980 5981 6056
12258 2 2 103 103 5981 6057 6056
12259 2 2 103 103 5981 5982 6058
12260 2 2 103 103 5981 6058 6057
12261 2 2 103 103 5982 5983 6058
12262 2 2 103 103 5983 6059 6058
12263 2 2 103 103 5983 5984 6060
12264 2 2 103 103 5983 6060 6059
12265 2 2 103 103 5984 5985 6060
12266 2 2 103 103 5985 6061 6060
12267 2 2 103 103 5985 5986 6062
12268 2 2 103 103 5985 6062 6061
12269 2 2 103 103 5986 5987 6062
12270 2 2 103 103 5987 6063 6062
12271 2 2 103 103 5987 5988 6064
12272 2 2 103 103 5987 6064 6063
12273 2 2 103 103 5988 5989 6064
12274 2 2 103 103 5989 6065 6064
12275 2 2 103 103 5989 5990 6066
12276 2 2 103 103 5989 6066 6065
12277 2 2 103 103 5990 5991 6066
12278 2 2 103 103 5991 6067 6066
12279 2 2 103 103 5991 5992 6068
12280 2 2 103 103 5991 6068 6067
12281 2 2 103 103 5992 5993 6068
12282 2 2 103 103 5993 6069 6068
12283 2 2 103 103 5993 5994 6070
12284 2 2 103 103 5993 6070 6069
12285 2 2 103 103 5994 5995 6070
12286 2 2 103 103 5995 6071 6070
12287 2 2 103 103 5995 5996 6072
12288 2 2 103 103 5995 6072 6071
12289 2 2 103 103 5996 5997 6072
12290 2 2 103 103 5997 6073 6072
12291 2 2 103 103 5997 5998 6074
12292 2 2 103 103 5997 6074 6073
12293 2 2 103 103 5998 5999 6074
12294 2 2 103 103 5999 6075 6074
12295 2 2 103 103 5999 6000 6076
12296 2 2 103 103 5999 6076 6075
12297 2 2 103 103 6000 6001 6076
12298 2 2 103 103 6001 6077 6076
12299 2 2 103 103 6001 6002 6078
12300 2 2 103 103 6001 6078 6077
12301 2 2 103 103 6002 6003 6078
12302 2 2 103 103 6003 6079 6078
12303 2 2 103 103 6003 6004 6080
12304 2 2 103 103 6003 6080 6079
12305 2 2 103 103 6005 6006 6081
12306 2 2 103 103 6006 6082 6081
12307 2 2 103 103 6006 6007 6083
12308 2 2 103 103 6006 6083 6082
12309 2 2 103 103 6007 6008 6083
12310 2 2 103 103 6008 6084 6083
12311 2 2 103 103 6008 6009 6085
12312 2 2 103 103 6008 6085 6084
12313 2 2 103 103 6009 6010 6085
12314 2 2 103 103 6010 6086 6085
12315 2 2 103 103 6010 6011 6087
12316 2 2 103 103 6010 6087 6086
12317 2 2 103 103 6011 6012 6087
12318 2 2 103 103 6012 6088 6087
12319 2 2 103 103 6012 6013 6089
12320 2 2 103 103 6012 6089 6088
12321 2 2 103 103 6013 6014 6089
12322 2 2 103 103 6014 6090 6089
12323 2 2 103 103 6014 6015 6091
12324 2 2 103 103 6014 6091 6090
12325 2 2 103 103 6015 6016 6091
12326 2 2 103 103 6016 6092 6091
12327 2 2 103 103 6016 6017 6093
12328 2 2 103 103 6016 6093 6092
12329 2 2 103 103 6017 6018 6093
12330 2 2 103 103 6018 6094 6093
12331 2 2 103 103 6018 6019 6095
12332 2 2 103 103 6018 6095 6094
12333 2 2 103 103 6019 6020 6095
12334 2 2 103 103 6020 6096 6095
12335 2 2 103 103 6020 6021 6097
12336 2 2 103 103 6020 6097 6096
12337 2 2 103 103 6021 6022 6097
12338 2 2 103 103 6022 6098 6097
12339 2 2 103 103 6022 6023 6099
12340 2 2 103 103 6022 6099 6098
12341 2 2 103 103 6023 6024 6099
12342 2 2 103 103 6024 6100 6099
12343 2 2 103 103 6024 6025 6101
12344 2 2 103 103 6024 6101 6100
12345 2 2 103 103 6025 6026 6101
12346 2 2 103 103 6026 6102 6101
12347 2 2 103 103 6026 6027 6103
12348 2 2 103 103 6026 6103 6102
12349 2 2 103 103 6027 6028 6103
12350 2 2 103 103 6028 6104 6103
12351 2 2 103 103 6028 6029 6105
12352 2 2 103 103 6028 6105 6104
12353 2 2 103 103 6029 6030 6105
12354 2 2 103 103 6030 6106 6105
12355 2 2 103 103 6030 6031 6107
12356 2 2 103 103 6030 6107 6106
12357 2 2 103 103 6031 6032 6107
12358 2 2 103 103 6032 6108 6107
12359 2 2 103 103 6032 6033 6109
12360 2 2 103 103 6032 6109 6108
12361 2 2 103 103 6033 6034 6109
12362 2 2 103 103 6034 6110 6109
12363 2 2 103 103 6034 6035 6111
12364 2 2 103 103 6034 6111 6110
12365 2 2 103 103 6035 6036 6111
12366 2 2 103 103 6036 6112 6111
12367 2 2 103 103 6036 6037 6113
12368 2 2 103 103 6036 6113 6112
12369 2 2 103 103 6037 6038 6113
12370 2 2 103 103 6038 6114 6113
12371 2 2 103 103 6038 6039 6115
12372 2 2 103 103 6038 6115 6114
12373 2 2 103 103 6039 6040 6115
12374 2 2 103 103 6040 6116 6115
12375 2 2 103 103 6040 6041 6117
12376 2 2 103 103 6040 6117 6116
12377 2 2 103 103 6041 6042 6117
12378 2 2 103 103 6042 6118 6117
12379 2 2 103 103 6042 6043 6119
12380 2 2 103 103 6042 6119 6118
12381 2 2 103 103 6043 6044 6119
12382 2 2 103 103 6044 6120 6119
12383 2 2 103 103 6044 6045 6121
12384 2 2 103 103 6044 6121 6120
12385 2 2 103 103 6045 6046 6121
12386 2 2 103 103 6046 6122 6121
12387 2 2 103 103 6046 6047 6123
12388 2 2 103 103 6046 6123 6122
12389 2 2 103 103 6047 6048 6123
12390 2 2 103 103 6048 6124 6123
12391 2 2 103 103 6048 6049 6125
12392 2 2 103 103 6048 6125 6124
12393 2 2 103 103 6049 6050 6125
12394 2 2 103 103 6050 6126 6125
12395 2 2 103 103 6050 6051 6127
12396 2 2 103 103 6050 6127 6126
12397 2 2 103 103 6051 6052 6127
12398 2 2 103 103 6052 6128 6127
12399 2 2 103 103 6052 6053 6129
12400 2 2 103 103 6052 6129 6128
12401 2 2 103 103 6053 6054 6129
12402 2 2 103 103 6054 6130 6129
12403 2 2 103 103 6054 6055 6131
12404 2 2 103 103 6054 6131 6130
12405 2 2 103 103 6055 6056 6131
12406 2 2 103 103 6056 6132 6131
12407 2 2 103 103 6056 6057 6133
12408 2 2 103 103 6056 6133 6132
12409 2 2 103 103 6057 6058 6133
12410 2 2 103 103 6058 6134 6133
12411 2 2 103 103 6058 6059 6135
12412 2 2 103 103 6058 6135 6134
12413 2 2 103 103 6059 6060 6135
12414 2 2 103 103 6060 6136 6135
12415 2 2 103 103 6060 6061 6137
12416 2 2 103 103 6060 6137 6136
12417 2 2 103 103 6061 6062 6137
12418 2 2 103 103 6062 6138 6137
12419 2 2 103 103 6062 6063 6139
12420 2 2 103 103 6062 6139 6138
12421 2 2 103 103 6063 6064 6139
12422 2 2 103 103 6064 6140 6139
12423 2 2 103 103 6064 6065 6141
12424 2 2 103 103 6064 6141 6140
12425 2 2 103 103 6065 6066 6141
12426 2 2 103 103 6066 6142 6141
12427 2 2 103 103 6066 6067 6143
12428 2 2 103 103 6066 6143 6142
12429 2 2 103 103 6067 6068 6143
12430 2 2 103 103 6068 6144 6143
12431 2 2 103 103 6068 6069 6145
12432 2 2 103 103 6068 6145 6144
12433 2 2 103 103 6069 6070 6145
12434 2 2 103 103 6070 6146 6145
12435 2 2 103 103 6070 6071 6147
12436 2 2 103 103 6070 6147 6146
12437 2 2 103 103 6071 6072 6147
12438 2 2 103 103 6072 6148 6147
12439 2 2 103 103 6072 6073 6149
12440 2 2 103 103 6072 6149 6148
12441 2 2 103 103 6073 6074 6149
12442 2 2 103 103 6074 6150 6149
12443 2 2 103 103 6074 6075 6151
12444 2 2 103 103 6074 6151 6150
12445 2 2 103 103 6075 6076 6151
12446 2 2 103 103 6076 6152 6151
12447 2 2 103 103 6076 6077 6153
12448 2 2 103 103 6076 6153 6152
12449 2 2 103 103 6077 6078 6153
12450 2 2 103 103 6078 6154 6153
12451 2 2 103 103 6078 6079 6155
12452 2 2 103 103 6078 6155 6154
12453 2 2 103 103 6079 6080 6155
12454 2 2 103 103 6080 6156 6155
12455 2 2 103 103 6081 6082 6158
12456 2 2 103 103 6081 6158 6157
12457 2 2 103 103 6082 6083 6158
12458 2 2 103 103 6083 6159 6158
12459 2 2 103 103 6083 6084 6160
12460 2 2 103 103 6083 6160 6159
12461 2 2 103 103 6084 6085 6160
12462 2 2 103 103 6085 6161 6160
12463 2 2 103 103 6085 6086 6162
12464 2 2 103 103 6085 6162 6161
12465 2 2 103 103 6086 6087 6162
12466 2 2 103 103 6087 6163 6162
12467 2 2 103 103 6087 6088 6164
12468 2 2 103 103 6087 6164 6163
12469 2 2 103 103 6088 6089 6164
12470 2 2 103 103 6089 6165 6164
12471 2 2 103 103 6089 6090 6166
12472 2 2 103 103 6089 6166 6165
12473 2 2 103 103 6090 6091 6166
12474 2 2 103 103 6091 6167 6166
12475 2 2 103 103 6091 6092 6168
12476 2 2 103 103 6091 6168 6167
12477 2 2 103 103 6092 6093 6168
12478 2 2 103 103 6093 6169 6168
12479 2 2 103 103 6093 6094 6170
12480 2 2 103 103 6093 6170 6169
12481 2 2 103 103 6094 6095 6170
12482 2 2 103 103 6095 6171 6170
12483 2 2 103 103 6095 6096 6172
12484 2 2 103 103 6095 6172 6171
12485 2 2 103 103 6096 6097 6172
12486 2 2 103 103 6097 6173 6172
12487 2 2 103 103 6097 6098 6174
12488 2 2 103 103 6097 6174 6173
12489 2 2 103 103 6098 6099 6174
12490 2 2 103 103 6099 6175 6174
12491 2 2 103 103 6099 6100 6176
12492 2 2 103 103 6099 6176 6175
12493 2 2 103 103 6100 6101 6176
12494 2 2 103 103 6101 6177 6176
12495 2 2 103 103 6101 6102 6178
12496 2 2 103 103 6101 6178 6177
12497 2 2 103 103 6102 6103 6178
12498 2 2 103 103 6103 6179 6178
12499 2 2 103 103 6103 6104 6180
12500 2 2 103 103 6103 6180 6179
12501 2 2 103 103 6104 6105 6180
12502 2 2 103 103 6105 6181 6180
12503 2 2 103 103 6105 6106 6182
12504 2 2 103 103 6105 6182 6181
12505 2 2 103 103 6106 6107 6182
12506 2 2 103 103 6107 6183 6182
12507 2 2 103 103 6107 6108 6184
12508 2 2 103 103 6107 6184 6183
12509 2 2 103 103 6108 6109 6184
12510 2 2 103 103 6109 6185 6184
12511 2 2 103 103 6109 6110 6186
12512 2 2 103 103 6109 6186 6185
12513 2 2 103 103 6110 6111 6186
12514 2 2 103 103 6111 6187 6186
12515 2 2 103 103 6111 6112 6188
12516 2 2 103 103 6111 6188 6187
12517 2 2 103 103 6112 6113 6188
12518 2 2 103 103 6113 6189 6188
12519 2 2 103 103 6113 6114 6190
12520 2 2 103 103 6113 6190 6189
12521 2 2 103 103 6114 6115 6190
12522 2 2 103 103 6115 6191 6190
12523 2 2 103 103 6115 6116 6192
12524 2 2 103 103 6115 6192 6191
12525 2 2 103 103 6116 6117 6192
12526 2 2 103 103 6117 6193 6192
12527 2 2 103 103 6117 6118 6194
12528 2 2 103 103 6117 6194 6193
12529 2 2 103 103 6118 6119 6194
12530 2 2 103 103 6119 6195 6194
12531 2 2 103 103 6119 6120 6196
12532 2 2 103 103 6119 6196 6195
12533 2 2 103 103 6120 6121 6196
12534 2 2 103 103 6121 6197 6196
12535 2 2 103 103 6121 6122 6198
12536 2 2 103 103 6121 6198 6197
12537 2 2 103 103 6122 6123 6198
12538 2 2 103 103 6123 6199 6198
12539 2 2 103 103 6123 6124 6200
12540 2 2 103 103 6123 6200 6199
12541 2 2 103 103 6124 6125 6200
12542 2 2 103 103 6125 6201 6200
12543 2 2 103 103 6125 6126 6202
12544 2 2 103 103 6125 6202 6201
12545 2 2 103 103 6126 6127 6202
12546 2 2 103 103 6127 6203 6202
12547 2 2 103 103 6127 6128 6204
12548 2 2 103 103 6127 6204 6203
12549 2 2 103 103 6128 6129 6204
12550 2 2 103 103 6129 6205 6204
12551 2 2 103 103 6129 6130 6206
12552 2 2 103 103 6129 6206 6205
12553 2 2 103 103 6130 6131 6206
12554 2 2 103 103 6131 6207 6206
12555 2 2 103 103 6131 6132 6208
12556 2 2 103 103 6131 6208 6207
12557 2 2 103 103 6132 6133 6208
12558 2 2 103 103 6133 6209 6208
12559 2 2 103 103 6133 6134 6210
12560 2 2 103 103 6133 6210 6209
12561 2 2 103 103 6134 6135 6210
12562 2 2 103 103 6135 6211 6210
12563 2 2 103 103 6135 6136 6212
12564 2 2 103 103 6135 6212 6211
12565 2 2 103 103 6136 6137 6212
12566 2 2 103 103 6137 6213 6212
12567 2 2 103 103 6137 6138 6214
12568 2 2 103 103 6137 6214 6213
12569 2 2 103 103 6138 6139 6214
12570 2 2 103 103 6139 6215 6214
12571 2 2 103 103 6139 6140 6216
12572 2 2 103 103 6139 6216 6215
12573 2 2 103 103 6140 6141 6216
12574 2 2 103 103 6141 6217 6216
12575 2 2 103 103 6141 6142 6218
12576 2 2 103 103 6141 6218 6217
12577 2 2 103 103 6142 6143 6218
12578 2 2 103 103 6143 6219 6218
12579 2 2 103 103 6143 6144 6220
12580 2 2 103 103 6143 6220 6219
12581 2 2 103 103 6144 6145 6220
12582 2 2 103 103 6145 6221 6220
12583 2 2 103 103 6145 6146 6222
12584 2 2 103 103 6145 6222 6221
12585 2 2 103 103 6146 6147 6222
12586 2 2 103 103 6147 6223 6222
12587 2 2 103 103 6147 6148 6224
12588 2 2 103 103 6147 6224 6223
12589 2 2 103 103 6148 6149 6224
12590 2 2 103 103 6149 6225 6224
12591 2 2 103 103 6149 6150 6226
12592 2 2 103 103 6149 6226 6225
12593 2 2 103 103 6150 6151 6226
12594 2 2 103 103 6151 6227 6226
12595 2 2 103 103 6151 6152 6228
12596 2 2 103 103 6151 6228 6227
12597 2 2 103 103 6152 6153 6228
12598 2 2 103 103 6153 6229 6228
12599 2 2 103 103 6153 6154 6230
12600 2 2 103 103 6153 6230 6229
12601 2 2 103 103 6154 6155 6230
12602 2 2 103 103 6155 6231 6230
12603 2 2 103 103 6155 6156 6232
12604 2 2 103 103 6155 6232 6231
12605 2 2 103 103 6157 6158 6233
12606 2 2 103 103 6158 6234 6233
12607 2 2 103 103 6158 6159 6235
12608 2 2 103 103 6158 6235 6234
12609 2 2 103 103 6159 6160 6235
12610 2 2 103 103 6160 6236 6235
12611 2 2 103 103 6160 6161 6237
12612 2 2 103 103 6160 6237 6236
12613 2 2 103 103 6161 6162 6237
12614 2 2 103 103 6162 6238 6237
12615 2 2 103 103 6162 6163 6239
12616 2 2 103 103 6162 6239 6238
12617 2 2 103 103 6163 6164 6239
12618 2 2 103 103 6164 6240 6239
12619 2 2 103 103 6164 6165 6241
12620 2 2 103 103 6164 6241 6240
12621 2 2 103 103 6165 6166 6241
12622 2 2 103 103 6166 6242 6241
12623 2 2 103 103 6166 6167 6243
12624 2 2 103 103 6166 6243 6242
12625 2 2 103 103 6167 6168 6243
12626 2 2 103 103 6168 6244 6243
12627 2 2 103 103 6168 6169 6245
12628 2 2 103 103 6168 6245 6244
12629 2 2 103 103 6169 6170 6245
12630 2 2 103 103 6170 6246 6245
12631 2 2 103 103 6170 6171 6247
12632 2 2 103 103 6170 6247 6246
12633 2 2 103 103 6171 6172 6247
12634 2 2 103 103 6172 6248 6247
12635 2 2 103 103 6172 6173 6249
12636 2 2 103 103 6172 6249 6248
12637 2 2 103 103 6173 6174 6249
12638 2 2 103 103 6174 6250 6249
12639 2 2 103 103 6174 6175 6251
12640 2 2 103 103 6174 6251 6250
12641 2 2 103 103 6175 6176 6251
12642 2 2 103 103 6176 6252 6251
12643 2 2 103 103 6176 6177 6253
12644 2 2 103 103 6176 6253 6252
12645 2 2 103 103 6177 6178 6253
12646 2 2 103 103 6178 6254 6253
12647 2 2 103 103 6178 6179 6255
12648 2 2 103 103 6178 6255 6254
12649 2 2 103 103 6179 6180 6255
12650 2 2 103 103 6180 6256 6255
12651 2 2 103 103 6180 6181 6257
12652 2 2 103 103 6180 6257 6256
12653 2 2 103 103 6181 6182 6257
12654 2 2 103 103 6182 6258 6257
12655 2 2 103 103 6182 6183 6259
12656 2 2 103 103 6182 6259 6258
12657 2 2 103 103 6183 6184 6259
12658 2 2 103 103 6184 6260 6259
12659 2 2 103 103 6184 6185 6261
12660 2 2 103 103 6184 6261 6260
12661 2 2 103 103 6185 6186 6261
12662 2 2 103 103 6186 6262 6261
12663 2 2 103 103 6186 6187 6263
12664 2 2 103 103 6186 6263 6262
12665 2 2 103 103 6187 6188 6263
12666 2 2 103 103 6188 6264 6263
12667 2 2 103 103 6188 6189 6265
12668 2 2 103 103 6188 6265 6264
12669 2 2 103 103 6189 6190 6265
12670 2 2 103 103 6190 6266 6265
12671 2 2 103 103 6190 6191 6267
12672 2 2 103 103 6190 6267 6266
12673 2 2 103 103 6191 6192 6267
12674 2 2 103 103 6192 6268 6267
12675 2 2 103 103 6192 6193 6269
12676 2 2 103 103 6192 6269 6268
12677 2 2 103 103 6193 6194 6269
12678 2 2 103 103 6194 6270 6269
12679 2 2 103 103 6194 6195 6271
12680 2 2 103 103 6194 6271 6270
12681 2 2 103 103 6195 6196 6271
12682 2 2 103 103 6196 6272 6271
12683 2 2 103 103 6196 6197 6273
12684 2 2 103 103 6196 6273 6272
12685 2 2 103 103 6197 6198 6273
12686 2 2 103 103 6198 6274 6273
12687 2 2 103 103 6198 6199 6275
12688 2 2 103 103 6198 6275 6274
12689 2 2 103 103 6199 6200 6275
12690 2 2 103 103 6200 6276 6275
12691 2 2 103 103 6200 6201 6277
12692 2 2 103 103 6200 6277 6276
12693 2 2 103 103 6201 6202 6277
12694 2 2 103 103 6202 6278 6277
12695 2 2 103 103 6202 6203 6279
12696 2 2 103 103 6202 6279 6278
12697 2 2 103 103 6203 6204 6279
12698 2 2 103 103 6204 6280 6279
12699 2 2 103 103 6204 6205 6281
12700 2 2 103 103 6204 6281 6280
12701 2 2 103 103 6205 6206 6281
12702 2 2 103 103 6206 6282 6281
12703 2 2 103 103 6206 6207 6283
12704 2 2 103 103 6206 6283 6282
12705 2 2 103 103 6207 6208 6283
12706 2 2 103 103 6208 6284 6283
12707 2 2 103 103 6208 6209 6285
12708 2 2 103 103 6208 6285 6284
12709 2 2 103 103 6209 6210 6285
12710 2 2 103 103 6210 6286 6285
12711 2 2 103 103 6210 6211 6287
12712 2 2 103 103 6210 6287 6286
12713 2 2 103 103 6211 6212 6287
12714 2 2 103 103 6212 6288 6287
12715 2 2 103 103 6212 6213 6289
12716 2 2 103 103 6212 6289 6288
12717 2 2 103 103 6213 6214 6289
12718 2 2 103 103 6214 6290 6289
12719 2 2 103 103 6214 6215 6291
12720 2 2 103 103 6214 6291 6290
12721 2 2 103 103 6215 6216 6291
12722 2 2 103 103 6216 6292 6291
12723 2 2 103 103 6216 6217 6293
12724 2 2 103 103 6216 6293 6292
12725 2 2 103 103 6217 6218 6293
12726 2 2 103 103 6218 6294 6293
12727 2 2 103 103 6218 6219 6295
12728 2 2 103 103 6218 6295 6294
12729 2 2 103 103 6219 6220 6295
12730 2 2 103 103 6220 6296 6295
12731 2 2 103 103 6220 6221 6297
12732 2 2 103 103 6220 6297 6296
12733 2 2 103 103 6221 6222 6297
12734 2 2 103 103 6222 6298 6297
12735 2 2 103 103 6222 6223 6299
12736 2 2 103 103 6222 6299 6298
12737 2 2 103 103 6223 6224 6299
12738 2 2 103 103 6224 6300 6299
12739 2 2 103 103 6224 6225 6301
12740 2 2 103 103 6224 6301 6300
12741 2 2 103 103 6225 6226 6301
12742 2 2 103 103 6226 6302 6301
12743 2 2 103 103 6226 6227 6303
12744 2 2 103 103 6226 6303 6302
12745 2 2 103 103 6227 6228 6303
12746 2 2 103 103 6228 6304 6303
12747 2 2 103 103 6228 6229 6305
12748 2 2 103 103 6228 6305 6304
12749 2 2 103 103 6229 6230 6305
12750 2 2 103 103 6230 6306 6305
12751 2 2 103 103 6230 6231 6307
12752 2 2 103 103 6230 6307 6306
12753 2 2 103 103 6231 6232 6307
12754 2 2 103 103 6232 6308 6307
12755 2 2 103 103 6233 6234 6310
12756 2 2 103 103 6233 6310 6309
12757 2 2 103 103 6234 6235 6310
12758 2 2 103 103 6235 6311 6310
12759 2 2 103 103 6235 6236 6312
12760 2 2 103 103 6235 6312 6311
12761 2 2 103 103 6236 6237 6312
12762 2 2 103 103 6237 6313 6312
12763 2 2 103 103 6237 6238 6314
12764 2 2 103 103 6237 6314 6313
12765 2 2 103 103 6238 6239 6314
12766 2 2 103 103 6239 6315 6314
12767 2 2 103 103 6239 6240 6316
12768 2 2 103 103 6239 6316 6315
12769 2 2 103 103 6240 6241 6316
12770 2 2 103 103 6241 6317 6316
12771 2 2 103 103 6241 6242 6318
12772 2 2 103 103 6241 6318 6317
12773 2 2 103 103 6242 6243 6318
12774 2 2 103 103 6243 6319 6318
12775 2 2 103 103 6243 6244 6320
12776 2 2 103 103 6243 6320 6319
12777 2 2 103 103 6244 6245 6320
12778 2 2 103 103 6245 6321 6320
12779 2 2 103 103 6245 6246 6322
12780 2 2 103 103 6245 6322 6321
12781 2 2 103 103 6246 6247 6322
12782 2 2 103 103 6247 6323 6322
12783 2 2 103 103 6247 6248 6324
12784 2 2 103 103 6247 6324 6323
12785 2 2 103 103 6248 6249 6324
12786 2 2 103 103 6249 6325 6324
12787 2 2 103 103 6249 6250 6326
12788 2 2 103 103 6249 6326 6325
12789 2 2 103 103 6250 6251 6326
12790 2 2 103 103 6251 6327 6326
12791 2 2 103 103 6251 6252 6328
12792 2 2 103 103 6251 6328 6327
12793 2 2 103 103 6252 6253 6328
12794 2 2 103 103 6253 6329 6328
12795 2 2 103 103 6253 6254 6330
12796 2 2 103 103 6253 6330 6329
12797 2 2 103 103 6254 6255 6330
12798 2 2 103 103 6255 6331 6330
12799 2 2 103 103 6255 6256 6332
12800 2 2 103 103 6255 6332 6331
12801 2 2 103 103 6256 6257 6332
12802 2 2 103 103 6257 6333 6332
12803 2 2 103 103 6257 6258 6334
12804 2 2 103 103 6257 6334 6333
12805 2 2 103 103 6258 6259 6334
12806 2 2 103 103 6259 6335 6334
12807 2 2 103 103 6259 6260 6336
12808 2 2 103 103 6259 6336 6335
12809 2 2 103 103 6260 6261 6336
12810 2 2 103 103 6261 6337 6336
12811 2 2 103 103 6261 6262 6338
12812 2 2 103 103 6261 6338 6337
12813 2 2 103 103 6262 6263 6338
12814 2 2 103 103 6263 6339 6338
12815 2 2 103 103 6263 6264 6340
12816 2 2 103 103 6263 6340 6339
12817 2 2 103 103 6264 6265 6340
12818 2 2 103 103 6265 6341 6340
12819 2 2 103 103 6265 6266 6342
12820 2 2 103 103 6265 6342 6341
12821 2 2 103 103 6266 6267 6342
12822 2 2 103 103 6267 6343 6342
12823 2 2 103 103 6267 6268 6344
12824 2 2 103 103 6267 6344 6343
12825 2 2 103 103 6268 6269 6344
12826 2 2 103 103 6269 6345 6344
12827 2 2 103 103 6269 6270 6346
12828 2 2 103 103 6269 6346 6345
12829 2 2 103 103 6270 6271 6346
12830 2 2 103 103 6271 6347 6346
12831 2 2 103 103 6271 6272 6348
12832 2 2 103 103 6271 6348 6347
12833 2 2 103 103 6272 6273 6348
12834 2 2 103 103 6273 6349 6348
12835 2 2 103 103 6273 6274 6350
12836 2 2 103 103 6273 6350 6349
12837 2 2 103 103 6274 6275 6350
12838 2 2 103 103 6275 6351 6350
12839 2 2 103 103 6275 6276 6352
12840 2 2 103 103 6275 6352 6351
12841 2 2 103 103 6276 6277 6352
12842 2 2 103 103 6277 6353 6352
12843 2 2 103 103 6277 6278 6354
12844 2 2 103 103 6277 6354 6353
12845 2 2 103 103 6278 6279 6354
12846 2 2 103 103 6279 6355 6354
12847 2 2 103 103 6279 6280 6356
12848 2 2 103 103 6279 6356 6355
12849 2 2 103 103 6280 6281 6356
12850 2 2 103 103 6281 6357 6356
12851 2 2 103 103 6281 6282 6358
12852 2 2 103 103 6281 6358 6357
12853 2 2 103 103 6282 6283 6358
12854 2 2 103 103 6283 6359 6358
12855 2 2 103 103 6283 6284 6360
12856 2 2 103 103 6283 6360 6359
12857 2 2 103 103 6284 6285 6360
12858 2 2 103 103 6285 6361 6360
12859 2 2 103 103 6285 6286 6362
12860 2 2 103 103 6285 6362 6361
12861 2 2 103 103 6286 6287 6362
12862 2 2 103 103 6287 6363 6362
12863 2 2 103 103 6287 6288 6364
12864 2 2 103 103 6287 6364 6363
12865 2 2 103 103 6288 6289 6364
12866 2 2 103 103 6289 6365 6364
12867 2 2 103 103 6289 6290 6366
12868 2 2 103 103 6289 6366 6365
12869 2 2 103 103 6290 6291 6366
12870 2 2 103 103 6291 6367 6366
12871 2 2 103 103 6291 6292 6368
12872 2 2 103 103 6291 6368 6367
12873 2 2 103 103 6292 6293 6368
12874 2 2 103 103 6293 6369 6368
12875 2 2 103 103 6293 6294 6370
12876 2 2 103 103 6293 6370 6369
12877 2 2 103 103 6294 6295 6370
12878 2 2 103 103 6295 6371 6370
12879 2 2 103 103 6295 6296 6372
12880 2 2 103 103 6295 6372 6371
12881 2 2 103 103 6296 6297 6372
12882 2 2 103 103 6297 6373 6372
12883 2 2 103 103 6297 6298 6374
12884 2 2 103 103 6297 6374 6373
12885 2 2 103 103 6298 6299 6374
12886 2 2 103 103 6299 6375 6374
12887 2 2 103 103 6299 6300 6376
12888 2 2 103 103 6299 6376 6375
12889 2 2 103 103 6300 6301 6376
12890 2 2 103 103 6301 6377 6376
12891 2 2 103 103 6301 6302 6378
12892 2 2 103 103 6301 6378 6377
12893 2 2 103 103 6302 6303 6378
12894 2 2 103 103 6303 6379 6378
12895 2 2 103 103 6303 6304 6380
12896 2 2 103 103 6303 6380 6379
12897 2 2 103 103 6304 6305 6380
12898 2 2 103 103 6305 6381 6380
12899 2 2 103 103 6305 6306 6382
12900 2 2 103 103 6305 6382 6381
12901 2 2 103 103 6306 6307 6382
12902 2 2 103 103 6307 6383 6382
12903 2 2 103 103 6307 6308 6384
12904 2 2 103 103 6307 6384 6383
12905 2 2 103 103 6309 6310 6385
12906 2 2 103 103 6310 6386 6385
12907 2 2 103 103 6310 6311 6387
12908 2 2 103 103 6310 6387 6386
12909 2 2 103 103 6311 6312 6387
12910 2 2 103 103 6312 6388 6387
12911 2 2 103 103 6312 6313 6389
12912 2 2 103 103 6312 6389 6388
12913 2 2 103 103 6313 6314 6389
12914 2 2 103 103 6314 6390 6389
12915 2 2 103 103 6314 6315 6391
12916 2 2 103 103 6314 6391 6390
12917 2 2 103 103 6315 6316 6391
12918 2 2 103 103 6316 6392 6391
12919 2 2 103 103 6316 6317 6393
12920 2 2 103 103 6316 6393 6392
12921 2 2 103 103 6317 6318 6393
12922 2 2 103 103 6318 6394 6393
12923 2 2 103 103 6318 6319 6395
12924 2 2 103 103 6318 6395 6394
12925 2 2 103 103 6319 6320 6395
12926 2 2 103 103 6320 6396 6395
12927 2 2 103 103 6320 6321 6397
12928 2 2 103 103 6320 6397 6396
12929 2 2 103 103 6321 6322 6397
12930 2 2 103 103 6322 6398 6397
12931 2 2 103 103 6322 6323 6399
12932 2 2 103 103 6322 6399 6398
12933 2 2 103 103 6323 6324 6399
12934 2 2 103 103 6324 6400 6399
12935 2 2 103 103 6324 6325 6401
12936 2 2 103 103 6324 6401 6400
12937 2 2 103 103 6325 6326 6401
12938 2 2 103 103 6326 6402 6401
12939 2 2 103 103 6326 6327 6403
12940 2 2 103 103 6326 6403 6402
12941 2 2 103 103 6327 6328 6403
12942 2 2 103 103 6328 6404 6403
12943 2 2 103 103 6328 6329 6405
12944 2 2 103 103 6328 6405 6404
12945 2 2 103 103 6329 6330 6405
12946 2 2 103 103 6330 6406 6405
12947 2 2 103 103 6330 6331 6407
12948 2 2 103 103 6330 6407 6406
12949 2 2 103 103 6331 6332 6407
12950 2 2 103 103 6332 6408 6407
12951 2 2 103 103 6332 6333 6409
12952 2 2 103 103 6332 6409 6408
12953 2 2 103 103 6333 6334 6409
12954 2 2 103 103 6334 6410 6409
12955 2 2 103 103 6334 6335 6411
12956 2 2 103 103 6334 6411 6410
12957 2 2 103 103 6335 6336 6411
12958 2 2 103 103 6336 6412 6411
12959 2 2 103 103 6336 6337 6413
12960 2 2 103 103 6336 6413 6412
12961 2 2 103 103 6337 6338 6413
12962 2 2 103 103 6338 6414 6413
12963 2 2 103 103 6338 6339 6415
12964 2 2 103 103 6338 6415 6414
12965 2 2 103 103 6339 6340 6415
12966 2 2 103 103 6340 6416 6415
12967 2 2 103 103 6340 6341 6417
12968 2 2 103 103 6340 6417 6416
12969 2 2 103 103 6341 6342 6417
12970 2 2 103 103 6342 6418 6417
12971 2 2 103 103 6342 6343 6419
12972 2 2 103 103 6342 6419 6418
12973 2 2 103 103 6343 6344 6419
12974 2 2 103 103 6344 6420 6419
12975 2 2 103 103 6344 6345 6421
12976 2 2 103 103 6344 6421 6420
12977 2 2 103 103 6345 6346 6421
12978 2 2 103 103 6346 6422 6421
12979 2 2 103 103 6346 6347 6423
12980 2 2 103 103 6346 6423 6422
12981 2 2 103 103 6347 6348 6423
12982 2 2 103 103 6348 6424 6423
12983 2 2 103 103 6348 6349 6425
12984 2 2 103 103 6348 6425 6424
12985 2 2 103 103 6349 6350 6425
12986 2 2 103 103 6350 6426 6425
12987 2 2 103 103 6350 6351 6427
12988 2 2 103 103 6350 6427 6426
12989 2 2 103 103 6351 6352 6427
12990 2 2 103 103 6352 6428 6427
12991 2 2 103 103 6352 6353 6429
12992 2 2 103 103 6352 6429 6428
12993 2 2 103 103 6353 6354 6429
12994 2 2 103 103 6354 6430 6429
12995 2 2 103 103 6354 6355 6431
12996 2 2 103 103 6354 6431 6430
12997 2 2 103 103 6355 6356 6431
12998 2 2 103 103 6356 6432 6431
12999 2 2 103 103 6356 6357 6433
13000 2 2 103 103 6356 6433 6432
13001 2 2 103 103 6357 6358 6433
13002 2 2 103 103 6358 6434 6433
13003 2 2 103 103 6358 6359 6435
13004 2 2 103 103 6358 6435 6434
13005 2 2 103 103 6359 6360 6435
13006 2 2 103 103 6360 6436 6435
13007 2 2 103 103 6360 6361 6437
13008 2 2 103 103 6360 6437 6436
13009 2 2 103 103 6361 6362 6437
13010 2 2 103 103 6362 6438 6437
13011 2 2 103 103 6362 6363 6439
13012 2 2 103 103 6362 6439 6438
13013 2 2 103 103 6363 6364 6439
13014 2 2 103 103 6364 6440 6439
13015 2 2 103 103 6364 6365 6441
13016 2 2 103 103 6364 6441 6440
13017 2 2 103 103 6365 6366 6441
13018 2 2 103 103 6366 6442 6441
13019 2 2 103 103 6366 6367 6443
13020 2 2 103 103 6366 6443 6442
13021 2 2 103 103 6367 6368 6443
13022 2 2 103 103 6368 6444 6443
13023 2 2 103 103 6368 6369 6445
13024 2 2 103 103 6368 6445 6444
13025 2 2 103 103 6369 6370 6445
13026 2 2 103 103 6370 6446 6445
13027 2 2 103 103 6370 6371 6447
13028 2 2 103 103 6370 6447 6446
13029 2 2 103 103 6371 6372 6447
13030 2 2 103 103 6372 6448 6447
13031 2 2 103 103 6372 6373 6449
13032 2 2 103 103 6372 6449 6448
13033 2 2 103 103 6373 6374 6449
13034 2 2 103 103 6374 6450 6449
13035 2 2 103 103 6374 6375 6451
13036 2 2 103 103 6374 6451 6450
13037 2 2 103 103 6375 6376 6451
13038 2 2 103 103 6376 6452 6451
13039 2 2 103 103 6376 6377 6453
13040 2 2 103 103 6376 6453 6452
13041 2 2 103 103 6377 6378 6453
13042 2 2 103 103 6378 6454 6453
13043 2 2 103 103 6378 6379 6455
13044 2 2 103 103 6378 6455 6454
13045 2 2 103 103 6379 6380 6455
13046 2 2 103 103 6380 6456 6455
13047 2 2 103 103 6380 6381 6457
13048 2 2 103 103 6380 6457 6456
13049 2 2 103 103 6381 6382 6457
13050 2 2 103 103 6382 6458 6457
13051 2 2 103 103 6382 6383 6459
13052 2 2 103 103 6382 6459 6458
13053 2 2 103 103 6383 6384 6459
13054 2 2 103 103 6384 6460 6459
13055 2 2 103 103 6385 6386 6462
13056 2 2 103 103 6385 6462 6461
13057 2 2 103 103 6386 6387 6462
13058 2 2 103 103 6387 6463 6462
13059 2 2 103 103 6387 6388 6464
13060 2 2 103 103 6387 6464 6463
13061 2 2 103 103 6388 6389 6464
13062 2 2 103 103 6389 6465 6464
13063 2 2 103 103 6389 6390 6466
13064 2 2 103 103 6389 6466 6465
13065 2 2 103 103 6390 6391 6466
13066 2 2 103 103 6391 6467 6466
13067 2 2 103 103 6391 6392 6468
13068 2 2 103 103 6391 6468 6467
13069 2 2 103 103 6392 6393 6468
13070 2 2 103 103 6393 6469 6468
13071 2 2 103 103 6393 6394 6470
13072 2 2 103 103 6393 6470 6469
13073 2 2 103 103 6394 6395 6470
13074 2 2 103 103 6395 6471 6470
13075 2 2 103 103 6395 6396 6472
13076 2 2 103 103 6395 6472 6471
13077 2 2 103 103 6396 6397 6472
13078 2 2 103 103 6397 6473 6472
13079 2 2 103 103 6397 6398 6474
13080 2 2 103 103 6397 6474 6473
13081 2 2 103 103 6398 6399 6474
13082 2 2 103 103 6399 6475 6474
13083 2 2 103 103 6399 6400 6476
13084 2 2 103 103 6399 6476 6475
13085 2 2 103 103 6400 6401 6476
13086 2 2 103 103 6401 6477 6476
13087 2 2 103 103 6401 6402 6478
13088 2 2 103 103 6401 6478 6477
13089 2 2 103 103 6402 6403 6478
13090 2 2 103 103 6403 6479 6478
13091 2 2 103 103 6403 6404 6480
13092 2 2 103 103 6403 6480 6479
13093 2 2 103 103 6404 6405 6480
13094 2 2 103 103 6405 6481 6480
13095 2 2 103 103 6405 6406 6482
13096 2 2 103 103 6405 6482 6481
13097 2 2 103 103 6406 6407 6482
13098 2 2 103 103 6407 6483 6482
13099 2 2 103 103 6407 6408 6484
13100 2 2 103 103 6407 6484 6483
13101 2 2 103 103 6408 6409 6484
13102 2 2 103 103 6409 6485 6484
13103 2 2 103 103 6409 6410 6486
13104 2 2 103 103 6409 6486 6485
13105 2 2 103 103 6410 6411 6486
13106 2 2 103 103 6411 6487 6486
13107 2 2 103 103 6411 6412 6488
13108 2 2 103 103 6411 6488 6487
13109 2 2 103 103 6412 6413 6488
13110 2 2 103 103 6413 6489 6488
13111 2 2 103 103 6413 6414 6490
13112 2 2 103 103 6413 6490 6489
13113 2 2 103 103 6414 6415 6490
13114 2 2 103 103 6415 6491 6490
13115 2 2 103 103 6415 6416 6492
13116 2 2 103 103 6415 6492 6491
13117 2 2 103 103 6416 6417 6492
13118 2 2 103 103 6417 6493 6492
13119 2 2 103 103 6417 6418 6494
13120 2 2 103 103 6417 6494 6493
13121 2 2 103 103 6418 6419 6494
13122 2 2 103 103 6419 6495 6494
13123 2 2 103 103 6419 6420 6496
13124 2 2 103 103 6419 6496 6495
13125 2 2 103 103 6420 6421 6496
13126 2 2 103 103 6421 6497 6496
13127 2 2 103 103 6421 6422 6498
13128 2 2 103 103 6421 6498 6497
13129 2 2 103 103 6422 6423 6498
13130 2 2 103 103 6423 6499 6498
13131 2 2 103 103 6423 6424 6500
13132 2 2 103 103 6423 6500 6499
13133 2 2 103 103 6424 6425 6500
13134 2 2 103 103 6425 6501 6500
13135 2 2 103 103 6425 6426 6502
13136 2 2 103 103 6425 6502 6501
13137 2 2 103 103 6426 6427 6502
13138 2 2 103 103 6427 6503 6502
13139 2 2 103 103 6427 6428 6504
13140 2 2 103 103 6427 6504 6503
13141 2 2 103 103 6428 6429 6504
13142 2 2 103 103 6429 6505 6504
13143 2 2 103 103 6429 6430 6506
13144 2 2 103 103 6429 6506 6505
13145 2 2 103 103 6430 6431 6506
13146 2 2 103 103 6431 6507 6506
13147 2 2 103 103 6431 6432 6508
13148 2 2 103 103 6431 6508 6507
13149 2 2 103 103 6432 6433 6508
13150 2 2 103 103 6433 6509 6508
13151 2 2 103 103 6433 6434 6510
13152 2 2 103 103 6433 6510 6509
13153 2 2 103 103 6434 6435 6510
13154 2 2 103 103 6435 6511 6510
13155 2 2 103 103 6435 6436 6512
13156 2 2 103 103 6435 6512 6511
13157 2 2 103 103 6436 6437 6512
13158 2 2 103 103 6437 6513 6512
13159 2 2 103 103 6437 6438 6514
13160 2 2 103 103 6437 6514 6513
13161 2 2 103 103 6438 6439 6514
13162 2 2 103 103 6439 6515 6514
13163 2 2 103 103 6439 6440 6516
13164 2 2 103 103 6439 6516 6515
13165 2 2 103 103 6440 6441 6516
13166 2 2 103 103 6441 6517 6516
13167 2 2 103 103 6441 6442 6518
13168 2 2 103 103 6441 6518 6517
13169 2 2 103 103 6442 6443 6518
13170 2 2 103 103 6443 6519 6518
13171 2 2 103 103 6443 6444 6520
13172 2 2 103 103 6443 6520 6519
13173 2 2 103 103 6444 6445 6520
13174 2 2 103 103 6445 6521 6520
13175 2 2 103 103 6445 6446 6522
13176 2 2 103 103 6445 6522 6521
13177 2 2 103 103 6446 6447 6522
13178 2 2 103 103 6447 6523 6522
13179 2 2 103 103 6447 6448 6524
13180 2 2 103 103 6447 6524 6523
13181 2 2 103 103 6448 6449 6524
13182 2 2 103 103 6449 6525 6524
13183 2 2 103 103 6449 6450 6526
13184 2 2 103 103 6449 6526 6525
13185 2 2 103 103 6450 6451 6526
13186 2 2 103 103 6451 6527 6526
13187 2 2 103 103 6451 6452 6528
13188 2 2 103 103 6451 6528 6527
13189 2 2 103 103 6452 6453 6528
13190 2 2 103 103 6453 6529 6528
13191 2 2 103 103 6453 6454 6530
13192 2 2 103 103 6453 6530 6529
13193 2 2 103 103 6454 6455 6530
13194 2 2 103 103 6455 6531 6530
13195 2 2 103 103 6455 6456 6532
13196 2 2 103 103 6455 6532 6531
13197 2 2 103 103 6456 6457 6532
13198 2 2 103 103 6457 6533 6532
13199 2 2 103 103 6457 6458 6534
13200 2 2 103 103 6457 6534 6533
13201 2 2 103 103 6458 6459 6534
13202 2 2 103 103 6459 6535 6534
13203 2 2 103 103 6459 6460 6536
13204 2 2 103 103 6459 6536 6535
13205 2 2 103 103 6461 6462 6537
13206 2 2 103 103 6462 6538 6537
13207 2 2 103 103 6462 6463 6539
13208 2 2 103 103 6462 6539 6538
13209 2 2 103 103 6463 6464 6539
13210 2 2 103 103 6464 6540 6539
13211 2 2 103 103 6464 6465 6541
13212 2 2 103 103 6464 6541 6540
13213 2 2 103 103 6465 6466 6541
13214 2 2 103 103 6466 6542 6541
13215 2 2 103 103 6466 6467 6543
13216 2 2 103 103 6466 6543 6542
13217 2 2 103 103 6467 6468 6543
13218 2 2 103 103 6468 6544 6543
13219 2 2 103 103 6468 6469 6545
13220 2 2 103 103 6468 6545 6544
13221 2 2 103 103 6469 6470 6545
13222 2 2 103 103 6470 6546 6545
13223 2 2 103 103 6470 6471 6547
13224 2 2 103 103 6470 6547 6546
13225 2 2 103 103 6471 6472 6547
13226 2 2 103 103 6472 6548 6547
13227 2 2 103 103 6472 6473 6549
13228 2 2 103 103 6472 6549 6548
13229 2 2 103 103 6473 6474 6549
13230 2 2 103 103 6474 6550 6549
13231 2 2 103 103 6474 6475 6551
13232 2 2 103 103 6474 6551 6550
13233 2 2 103 103 6475 6476 6551
13234 2 2 103 103 6476 6552 6551
13235 2 2 103 103 6476 6477 6553
13236 2 2 103 103 6476 6553 6552
13237 2 2 103 103 6477 6478 6553
13238 2 2 103 103 6478 6554 6553
13239 2 2 103 103 6478 6479 6555
13240 2 2 103 103 6478 6555 6554
13241 2 2 103 103 6479 6480 6555
13242 2 2 103 103 6480 6556 6555
13243 2 2 103 103 6480 6481 6557
13244 2 2 103 103 6480 6557 6556
13245 2 2 103 103 6481 6482 6557
13246 2 2 103 103 6482 6558 6557
13247 2 2 103 103 6482 6483 6559
13248 2 2 103 103 6482 6559 6558
13249 2 2 103 103 6483 6484 6559
13250 2 2 103 103 6484 6560 6559
13251 2 2 103 103 6484 6485 6561
13252 2 2 103 103 6484 6561 6560
13253 2 2 103 103 6485 6486 6561
13254 2 2 103 103 6486 6562 6561
13255 2 2 103 103 6486 6487 6563
13256 2 2 103 103 6486 6563 6562
13257 2 2 103 103 6487 6488 6563
13258 2 2 103 103 6488 6564 6563
13259 2 2 103 103 6488 6489 6565
13260 2 2 103 103 6488 6565 6564
13261 2 2 103 103 6489 6490 6565
13262 2 2 103 103 6490 6566 6565
13263 2 2 103 103 6490 6491 6567
13264 2 2 103 103 6490 6567 6566
13265 2 2 103 103 6491 6492 6567
13266 2 2 103 103 6492 6568 6567
13267 2 2 103 103 6492 6493 6569
13268 2 2 103 103 6492 6569 6568
13269 2 2 103 103 6493 6494 6569
13270 2 2 103 103 6494 6570 6569
13271 2 2 103 103 6494 6495 6571
13272 2 2 103 103 6494 6571 6570
13273 2 2 103 103 6495 6496 6571
13274 2 2 103 103 6496 6572 6571
13275 2 2 103 103 6496 6497 6573
13276 2 2 103 103 6496 6573 6572
13277 2 2 103 103 6497 6498 6573
13278 2 2 103 103 6498 6574 6573
13279 2 2 103 103 6498 6499 6575
13280 2 2 103 103 6498 6575 6574
13281 2 2 103 103 6499 6500 6575
13282 2 2 103 103 6500 6576 6575
13283 2 2 103 103 6500 6501 6577
13284 2 2 103 103 6500 6577 6576
13285 2 2 103 103 6501 6502 6577
13286 2 2 103 103 6502 6578 6577
13287 2 2 103 103 6502 6503 6579
13288 2 2 103 103 6502 6579 6578
13289 2 2 103 103 6503 6504 6579
13290 2 2 103 103 6504 6580 6579
13291 2 2 103 103 6504 6505 6581
13292 2 2 103 103 6504 6581 6580
13293 2 2 103 103 6505 6506 6581
13294 2 2 103 103 6506 6582 6581
13295 2 2 103 103 6506 6507 6583
13296 2 2 103 103 6506 6583 6582
13297 2 2 103 103 6507 6508 6583
13298 2 2 103 103 6508 6584 6583
13299 2 2 103 103 6508 6509 6585
13300 2 2 103 103 6508 6585 6584
13301 2 2 103 103 6509 6510 6585
13302 2 2 103 103 6510 6586 6585
13303 2 2 103 103 6510 6511 6587
13304 2 2 103 103 6510 6587 6586
13305 2 2 103 103 6511 6512 6587
13306 2 2 103 103 6512 6588 6587
13307 2 2 103 103 6512 6513 6589
13308 2 2 103 103 6512 6589 6588
13309 2 2 103 103 6513 6514 6589
13310 2 2 103 103 6514 6590 6589
13311 2 2 103 103 6514 6515 6591
13312 2 2 103 103 6514 6591 6590
13313 2 2 103 103 6515 6516 6591
13314 2 2 103 103 6516 6592 6591
13315 2 2 103 103 6516 6517 6593
13316 2 2 103 103 6516 6593 6592
13317 2 2 103 103 6517 6518 6593
13318 2 2 103 103 6518 6594 6593
13319 2 2 103 103 6518 6519 6595
13320 2 2 103 103 6518 6595 6594
13321 2 2 103 103 6519 6520 6595
13322 2 2 103 103 6520 6596 6595
13323 2 2 103 103 6520 6521 6597
13324 2 2 103 103 6520 6597 6596
13325 2 2 103 103 6521 6522 6597
13326 2 2 103 103 6522 6598 6597
13327 2 2 103 103 6522 6523 6599
13328 2 2 103 103 6522 6599 6598
13329 2 2 103 103 6523 6524 6599
13330 2 2 103 103 6524 6600 6599
13331 2 2 103 103 6524 6525 6601
13332 2 2 103 103 6524 6601 6600
13333 2 2 103 103 6525 6526 6601
13334 2 2 103 103 6526 6602 6601
13335 2 2 103 103 6526 6527 6603
13336 2 2 103 103 6526 6603 6602
13337 2 2 103 103 6527 6528 6603
13338 2 2 103 103 6528 6604 6603
13339 2 2 103 103 6528 6529 6605
13340 2 2 103 103 6528 6605 6604
13341 2 2 103 103 6529 6530 6605
13342 2 2 103 103 6530 6606 6605
13343 2 2 103 103 6530 6531 6607
13344 2 2 103 103 6530 6607 6606
13345 2 2 103 103 6531 6532 6607
13346 2 2 103 103 6532 6608 6607
13347 2 2 103 103 6532 6533 6609
13348 2 2 103 103 6532 6609 6608
13349 2 2 103 103 6533 6534 6609
13350 2 2 103 103 6534 6610 6609
13351 2 2 103 103 6534 6535 6611
13352 2 2 103 103 6534 6611 6610
13353 2 2 103 103 6535 6536 6611
13354 2 2 103 103 6536 6612 6611
13355 2 2 103 103 6537 6538 6614
13356 2 2 103 103 6537 6614 6613
13357 2 2 103 103 6538 6539 6614
13358 2 2 103 103 6539 6615 6614
13359 2 2 103 103 6539 6540 6616
13360 2 2 103 103 6539 6616 6615
13361 2 2 103 103 6540 6541 6616
13362 2 2 103 103 6541 6617 6616
13363 2 2 103 103 6541 6542 6618
13364 2 2 103 103 6541 6618 6617
13365 2 2 103 103 6542 6543 6618
13366 2 2 103 103 6543 6619 6618
13367 2 2 103 103 6543 6544 6620
13368 2 2 103 103 6543 6620 6619
13369 2 2 103 103 6544 6545 6620
13370 2 2 103 103 6545 6621 6620
13371 2 2 103 103 6545 6546 6622
13372 2 2 103 103 6545 6622 6621
13373 2 2 103 103 6546 6547 6622
13374 2 2 103 103 6547 6623 6622
13375 2 2 103 103 6547 6548 6624
13376 2 2 103 103 6547 6624 6623
13377 2 2 103 103 6548 6549 6624
13378 2 2 103 103 6549 6625 6624
13379 2 2 103 103 6549 6550 6626
13380 2 2 103 103 6549 6626 6625
13381 2 2 103 103 6550 6551 6626
13382 2 2 103 103 6551 6627 6626
13383 2 2 103 103 6551 6552 6628
13384 2 2 103 103 6551 6628 6627
13385 2 2 103 103 6552 6553 6628
13386 2 2 103 103 6553 6629 6628
13387 2 2 103 103 6553 6554 6630
13388 2 2 103 103 6553 6630 6629
13389 2 2 103 103 6554 6555 6630
13390 2 2 103 103 6555 6631 6630
13391 2 2 103 103 6555 6556 6632
13392 2 2 103 103 6555 6632 6631
13393 2 2 103 103 6556 6557 6632
13394 2 2 103 103 6557 6633 6632
13395 2 2 103 103 6557 6558 6634
13396 2 2 103 103 6557 6634 6633
13397 2 2 103 103 6558 6559 6634
13398 2 2 103 103 6559 6635 6634
13399 2 2 103 103 6559 6560 6636
13400 2 2 103 103 6559 6636 6635
13401 2 2 103 103 6560 6561 6636
13402 2 2 103 103 6561 6637 6636
13403 2 2 103 103 6561 6562 6638
13404 2 2 103 103 6561 6638 6637
13405 2 2 103 103 6562 6563 6638
13406 2 2 103 103 6563 6639 6638
13407 2 2 103 103 6563 6564 6640
13408 2 2 103 103 6563 6640 6639
13409 2 2 103 103 6564 6565 6640
13410 2 2 103 103 6565 6641 6640
13411 2 2 103 103 6565 6566 6642
13412 2 2 103 103 6565 6642 6641
13413 2 2 103 103 6566 6567 6642
13414 2 2 103 103 6567 6643 6642
13415 2 2 103 103 6567 6568 6644
13416 2 2 103 103 6567 6644 6643
13417 2 2 103 103 6568 6569 6644
13418 2 2 103 103 6569 6645 6644
13419 2 2 103 103 6569 6570 6646
13420 2 2 103 103 6569 6646 6645
13421 2 2 103 103 6570 6571 6646
13422 2 2 103 103 6571 6647 6646
13423 2 2 103 103 6571 6572 6648
13424 2 2 103 103 6571 6648 6647
13425 2 2 103 103 6572 6573 6648
13426 2 2 103 103 6573 6649 6648
13427 2 2 103 103 6573 6574 6650
13428 2 2 103 103 6573 6650 6649
13429 2 2 103 103 6574 6575 6650
13430 2 2 103 103 6575 6651 6650
13431 2 2 103 103 6575 6576 6652
13432 2 2 103 103 6575 6652 6651
13433 2 2 103 103 6576 6577 6652
13434 2 2 103 103 6577 6653 6652
13435 2 2 103 103 6577 6578 6654
13436 2 2 103 103 6577 6654 6653
13437 2 2 103 103 6578 6579 6654
13438 2 2 103 103 6579 6655 6654
13439 2 2 103 103 6579 6580 6656
13440 2 2 103 103 6579 6656 6655
13441 2 2 103 103 6580 6581 6656
13442 2 2 103 103 6581 6657 6656
13443 2 2 103 103 6581 6582 6658
13444 2 2 103 103 6581 6658 6657
13445 2 2 103 103 6582 6583 6658
13446 2 2 103 103 6583 6659 6658
13447 2 2 103 103 6583 6584 6660
13448 2 2 103 103 6583 6660 6659
13449 2 2 103 103 6584 6585 6660
13450 2 2 103 103 6585 6661 6660
13451 2 2 103 103 6585 6586 6662
13452 2 2 103 103 6585 6662 6661
13453 2 2 103 103 6586 6587 6662
13454 2 2 103 103 6587 6663 6662
13455 2 2 103 103 6587 6588 6664
13456 2 2 103 103 6587 6664 6663
13457 2 2 103 103 6588 6589 6664
13458 2 2 103 103 6589 6665 6664
13459 2 2 103 103 6589 6590 6666
13460 2 2 103 103 6589 6666 6665
13461 2 2 103 103 6590 6591 6666
13462 2 2 103 103 6591 6667 6666
13463 2 2 103 103 6591 6592 6668
13464 2 2 103 103 6591 6668 6667
13465 2 2 103 103 6592 6593 6668
13466 2 2 103 103 6593 6669 6668
13467 2 2 103 103 6593 6594 6670
13468 2 2 103 103 6593 6670 6669
13469 2 2 103 103 6594 6595 6670
13470 2 2 103 103 6595 6671 6670
13471 2 2 103 103 6595 6596 6672
13472 2 2 103 103 6595 6672 6671
13473 2 2 103 103 6596 6597 6672
13474 2 2 103 103 6597 6673 6672
13475 2 2 103 103 6597 6598 6674
13476 2 2 103 103 6597 6674 6673
13477 2 2 103 103 6598 6599 6674
13478 2 2 103 103 6599 6675 6674
13479 2 2 103 103 6599 6600 6676
13480 2 2 103 103 6599 6676 6675
13481 2 2 103 103 6600 6601 6676
13482 2 2 103 103 6601 6677 6676
13483 2 2 103 103 6601 6602 6678
13484 2 2 103 103 6601 6678 6677
13485 2 2 103 103 6602 6603 6678
13486 2 2 103 103 6603 6679 6678
13487 2 2 103 103 6603 6604 6680
13488 2 2 103 103 6603 6680 6679
13489 2 2 103 103 6604 6605 6680
13490 2 2 103 103 6605 6681 6680
13491 2 2 103 103 6605 6606 6682
13492 2 2 103 103 6605 6682 6681
13493 2 2 103 103 6606 6607 6682
13494 2 2 103 103 6607 6683 6682
13495 2 2 103 103 6607 6608 6684
13496 2 2 103 103 6607 6684 6683
13497 2 2 103 103 6608 6609 6684
13498 2 2 103 103 6609 6685 6684
13499 2 2 103 103 6609 6610 6686
13500 2 2 103 103 6609 6686 6685
13501 2 2 103 103 6610 6611 6686
13502 2 2 103 103 6611 6687 6686
13503 2 2 103 103 6611 6612 6688
13504 2 2 103 103 6611 6688 6687
13505 2 2 103 103 6613 6614 6689
13506 2 2 103 103 6614 6690 6689
13507 2 2 103 103 6614 6615 6691
13508 2 2 103 103 6614 6691 6690
13509 2 2 103 103 6615 6616 6691
13510 2 2 103 103 6616 6692 6691
13511 2 2 103 103 6616 6617 6693
13512 2 2 103 103 6616 6693 6692
13513 2 2 103 103 6617 6618 6693
13514 2 2 103 103 6618 6694 6693
13515 2 2 103 103 6618 6619 6695
13516 2 2 103 103 6618 6695 6694
13517 2 2 103 103 6619 6620 6695
13518 2 2 103 103 6620 6696 6695
13519 2 2 103 103 6620 6621 6697
13520 2 2 103 103 6620 6697 6696
13521 2 2 103 103 6621 6622 6697
13522 2 2 103 103 6622 6698 6697
13523 2 2 103 103 6622 6623 6699
13524 2 2 103 103 6622 6699 6698
13525 2 2 103 103 6623 6624 6699
13526 2 2 103 103 6624 6700 6699
13527 2 2 103 103 6624 6625 6701
13528 2 2 103 103 6624 6701 6700
13529 2 2 103 103 6625 6626 6701
13530 2 2 103 103 6626 6702 6701
13531 2 2 103 103 6626 6627 6703
13532 2 2 103 103 6626 6703 6702
13533 2 2 103 103 6627 6628 6703
13534 2 2 103 103 6628 6704 6703
13535 2 2 103 103 6628 6629 6705
13536 2 2 103 103 6628 6705 6704
13537 2 2 103 103 6629 6630 6705
13538 2 2 103 103 6630 6706 6705
13539 2 2 103 103 6630 6631 6707
13540 2 2 103 103 6630 6707 6706
13541 2 2 103 103 6631 6632 6707
13542 2 2 103 103 6632 6708 6707
13543 2 2 103 103 6632 6633 6709
13544 2 2 103 103 6632 6709 6708
13545 2 2 103 103 6633 6634 6709
13546 2 2 103 103 6634 6710 6709
13547 2 2 103 103 6634 6635 6711
13548 2 2 103 103 6634 6711 6710
13549 2 2 103 103 6635 6636 6711
13550 2 2 103 103 6636 6712 6711
13551 2 2 103 103 6636 6637 6713
13552 2 2 103 103 6636 6713 6712
13553 2 2 103 103 6637 6638 6713
13554 2 2 103 103 6638 6714 6713
13555 2 2 103 103 6638 6639 6715
13556 2 2 103 103 6638 6715 6714
13557 2 2 103 103 6639 6640 6715
13558 2 2 103 103 6640 6716 6715
13559 2 2 103 103 6640 6641 6717
13560 2 2 103 103 6640 6717 6716
13561 2 2 103 103 6641 6642 6717
13562 2 2 103 103 6642 6718 6717
13563 2 2 103 103 6642 6643 6719
13564 2 2 103 103 6642 6719 6718
13565 2 2 103 103 6643 6644 6719
13566 2 2 103 103 6644 6720 6719
13567 2 2 103 103 6644 6645 6721
13568 2 2 103 103 6644 6721 6720
13569 2 2 103 103 6645 6646 6721
13570 2 2 103 103 6646 6722 6721
13571 2 2 103 103 6646 6647 6723
13572 2 2 103 103 6646 6723 6722
13573 2 2 103 103 6647 6648 6723
13574 2 2 103 103 6648 6724 6723
13575 2 2 103 103 6648 6649 6725
13576 2 2 103 103 6648 6725 6724
13577 2 2 103 103 6649 6650 6725
13578 2 2 103 103 6650 6726 6725
13579 2 2 103 103 6650 6651 6727
13580 2 2 103 103 6650 6727 6726
13581 2 2 103 103 6651 6652 6727
13582 2 2 103 103 6652 6728 6727
13583 2 2 103 103 6652 6653 6729
13584 2 2 103 103 6652 6729 6728
13585 2 2 103 103 6653 6654 6729
13586 2 2 103 103 6654 6730 6729
13587 2 2 103 103 6654 6655 6731
13588 2 2 103 103 6654 6731 6730
13589 2 2 103 103 6655 6656 6731
13590 2 2 103 103 6656 6732 6731
13591 2 2 103 103 6656 6657 6733
13592 2 2 103 103 6656 6733 6732
13593 2 2 103 103 6657 6658 6733
13594 2 2 103 103 6658 6734 6733
13595 2 2 103 103 6658 6659 6735
13596 2 2 103 103 6658 6735 6734
13597 2 2 103 103 6659 6660 6735
13598 2 2 103 103 6660 6736 6735
13599 2 2 103 103 6660 6661 6737
13600 2 2 103 103 6660 6737 6736
13601 2 2 103 103 6661 6662 6737
13602 2 2 103 103 6662 6738 6737
13603 2 2 103 103 6662 6663 6739
13604 2 2 103 103 6662 6739 6738
13605 2 2 103 103 6663 6664 6739
13606 2 2 103 103 6664 6740 6739
13607 2 2 103 103 6664 6665 6741
13608 2 2 103 103 6664 6741 6740
13609 2 2 103 103 6665 6666 6741
13610 2 2 103 103 6666 6742 6741
13611 2 2 103 103 6666 6667 6743
13612 2 2 103 103 6666 6743 6742
13613 2 2 103 103 6667 6668 6743
13614 2 2 103 103 6668 6744 6743
13615 2 2 103 103 6668 6669 6745
13616 2 2 103 103 6668 6745 6744
13617 2 2 103 103 6669 6670 6745
13618 2 2 103 103 6670 6746 6745
13619 2 2 103 103 6670 6671 6747
13620 2 2 103 103 6670 6747 6746
13621 2 2 103 103 6671 6672 6747
13622 2 2 103 103 6672 6748 6747
13623 2 2 103 103 6672 6673 6749
13624 2 2 103 103 6672 6749 6748
13625 2 2 103 103 6673 6674 6749
13626 2 2 103 103 6674 6750 6749
13627 2 2 103 103 6674 6675 6751
13628 2 2 103 103 6674 6751 6750
13629 2 2 103 103 6675 6676 6751
13630 2 2 103 103 6676 6752 6751
13631 2 2 103 103 6676 6677 6753
13632 2 2 103 103 6676 6753 6752
13633 2 2 103 103 6677 6678 6753
13634 2 2 103 103 6678 6754 6753
13635 2 2 103 103 6678 6679 6755
13636 2 2 103 103 6678 6755 6754
13637 2 2 103 103 6679 6680 6755
13638 2 2 103 103 6680 6756 6755
13639 2 2 103 103 6680 6681 6757
13640 2 2 103 103 6680 6757 6756
13641 2 2 103 103 6681 6682 6757
13642 2 2 103 103 6682 6758 6757
13643 2 2 103 103 6682 6683 6759
13644 2 2 103 103 6682 6759 6758
13645 2 2 103 103 6683 6684 6759
13646 2 2 103 103 6684 6760 6759
13647 2 2 103 103 6684 6685 6761
13648 2 2 103 103 6684 6761 6760
13649 2 2 103 103 6685 6686 6761
13650 2 2 103 103 6686 6762 6761
13651 2 2 103 103 6686 6687 6763
13652 2 2 103 103 6686 6763 6762
13653 2 2 103 103 6687 6688 6763
13654 2 2 103 103 6688 6764 6763
13655 2 2 103 103 6689 6690 6766
13656 2 2 103 103 6689 6766 6765
13657 2 2 103 103 6690 6691 6766
13658 2 2 103 103 6691 6767 6766
13659 2 2 103 103 6691 6692 6768
13660 2 2 103 103 6691 6768 6767
13661 2 2 103 103 6692 6693 6768
13662 2 2 103 103 6693 6769 6768
13663 2 2 103 103 6693 6694 6770
13664 2 2 103 103 6693 6770 6769
13665 2 2 103 103 6694 6695 6770
13666 2 2 103 103 6695 6771 6770
13667 2 2 103 103 6695 6696 6772
13668 2 2 103 103 6695 6772 6771
13669 2 2 103 103 6696 6697 6772
13670 2 2 103 103 6697 6773 6772
13671 2 2 103 103 6697 6698 6774
13672 2 2 103 103 6697 6774 6773
13673 2 2 103 103 6698 6699 6774
13674 2 2 103 103 6699 6775 6774
13675 2 2 103 103 6699 6700 6776
13676 2 2 103 103 6699 6776 6775
13677 2 2 103 103 6700 6701 6776
13678 2 2 103 103 6701 6777 6776
13679 2 2 103 103 6701 6702 6778
13680 2 2 103 103 6701 6778 6777
13681 2 2 103 103 6702 6703 6778
13682 2 2 103 103 6703 6779 6778
13683 2 2 103 103 6703 6704 6780
13684 2 2 103 103 6703 6780 6779
13685 2 2 103 103 6704 6705 6780
13686 2 2 103 103 6705 6781 6780
13687 2 2 103 103 6705 6706 6782
13688 2 2 103 103 6705 6782 6781
13689 2 2 103 103 6706 6707 6782
13690 2 2 103 103 6707 6783 6782
13691 2 2 103 103 6707 6708 6784
13692 2 2 103 103 6707 6784 6783
13693 2 2 103 103 6708 6709 6784
13694 2 2 103 103 6709 6785 6784
13695 2 2 103 103 6709 6710 6786
13696 2 2 103 103 6709 6786 6785
13697 2 2 103 103 6710 6711 6786
13698 2 2 103 103 6711 6787 6786
13699 2 2 103 103 6711 6712 6788
13700 2 2 103 103 6711 6788 6787
13701 2 2 103 103 6712 6713 6788
13702 2 2 103 103 6713 6789 6788
13703 2 2 103 103 6713 6714 6790
13704 2 2 103 103 6713 6790 6789
13705 2 2 103 103 6714 6715 6790
13706 2 2 103 103 6715 6791 6790
13707 2 2 103 103 6715 6716 6792
13708 2 2 103 103 6715 6792 6791
13709 2 2 103 103 6716 6717 6792
13710 2 2 103 103 6717 6793 6792
13711 2 2 103 103 6717 6718 6794
13712 2 2 103 103 6717 6794 6793
13713 2 2 103 103 6718 6719 6794
13714 2 2 103 103 6719 6795 6794
13715 2 2 103 103 6719 6720 6796
13716 2 2 103 103 6719 6796 6795
13717 2 2 103 103 6720 6721 6796
13718 2 2 103 103 6721 6797 6796
13719 2 2 103 103 6721 6722 6798
13720 2 2 103 103 6721 6798 6797
13721 2 2 103 103 6722 6723 6798
13722 2 2 103 103 6723 6799 6798
13723 2 2 103 103 6723 6724 6800
13724 2 2 103 103 6723 6800 6799
13725 2 2 103 103 6724 6725 6800
13726 2 2 103 103 6725 6801 6800
13727 2 2 103 103 6725 6726 6802
13728 2 2 103 103 6725 6802 6801
13729 2 2 103 103 6726 6727 6802
13730 2 2 103 103 6727 6803 6802
13731 2 2 103 103 6727 6728 6804
13732 2 2 103 103 6727 6804 6803
13733 2 2 103 103 6728 6729 6804
13734 2 2 103 103 6729 6805 6804
13735 2 2 103 103 6729 6730 6806
13736 2 2 103 103 6729 6806 6805
13737 2 2 103 103 6730 6731 6806
13738 2 2 103 103 6731 6807 6806
13739 2 2 103 103 6731 6732 6808
13740 2 2 103 103 6731 6808 6807
13741 2 2 103 103 6732 6733 6808
13742 2 2 103 103 6733 6809 6808
13743 2 2 103 103 6733 6734 6810
13744 2 2 103 103 6733 6810 6809
13745 2 2 103 103 6734 6735 6810
13746 2 2 103 103 6735 6811 6810
13747 2 2 103 103 6735 6736 6812
13748 2 2 103 103 6735 6812 6811
13749 2 2 103 103 6736 6737 6812
13750 2 2 103 103 6737 6813 6812
13751 2 2 103 103 6737 6738 6814
13752 2 2 103 103 6737 6814 6813
13753 2 2 103 103 6738 6739 6814
13754 2 2 103 103 6739 6815 6814
13755 2 2 103 103 6739 6740 6816
13756 2 2 103 103 6739 6816 6815
13757 2 2 103 103 6740 6741 6816
13758 2 2 103 103 6741 6817 6816
13759 2 2 103 103 6741 6742 6818
13760 2 2 103 103 6741 6818 6817
13761 2 2 103 103 6742 6743 6818
13762 2 2 103 103 6743 6819 6818
13763 2 2 103 103 6743 6744 6820
13764 2 2 103 103 6743 6820 6819
13765 2 2 103 103 6744 6745 6820
13766 2 2 103 103 6745 6821 6820
13767 2 2 103 103 6745 6746 6822
13768 2 2 103 103 6745 6822 6821
13769 2 2 103 103 6746 6747 6822
13770 2 2 103 103 6747 6823 6822
13771 2 2 103 103 6747 6748 6824
13772 2 2 103 103 6747 6824 6823
13773 2 2 103 103 6748 6749 6824
13774 2 2 103 103 6749 6825 6824
13775 2 2 103 103 6749 6750 6826
13776 2 2 103 103 6749 6826 6825
13777 2 2 103 103 6750 6751 6826
13778 2 2 103 103 6751 6827 6826
13779 2 2 103 103 6751 6752 6828
13780 2 2 103 103 6751 6828 6827
13781 2 2 103 103 6752 6753 6828
13782 2 2 103 103 6753 6829 6828
13783 2 2 103 103 6753 6754 6830
13784 2 2 103 103 6753 6830 6829
13785 2 2 103 103 6754 6755 6830
13786 2 2 103 103 6755 6831 6830
13787 2 2 103 103 6755 6756 6832
13788 2 2 103 103 6755 6832 6831
13789 2 2 103 103 6756 6757 6832
13790 2 2 103 103 6757 6833 6832
13791 2 2 103 103 6757 6758 6834
13792 2 2 103 103 6757 6834 6833
13793 2 2 103 103 6758 6759 6834
13794 2 2 103 103 6759 6835 6834
13795 2 2 103 103 6759 6760 6836
13796 2 2 103 103 6759 6836 6835
13797 2 2 103 103 6760 6761 6836
13798 2 2 103 103 6761 6837 6836
13799 2 2 103 103 6761 6762 6838
13800 2 2 103 103 6761 6838 6837
13801 2 2 103 103 6762 6763 6838
13802 2 2 103 103 6763 6839 6838
13803 2 2 103 103 6763 6764 6840
13804 2 2 103 103 6763 6840 6839
13805 2 2 103 103 6765 6766 6841
13806 2 2 103 103 6766 6842 6841
13807 2 2 103 103 6766 6767 6843
13808 2 2 103 103 6766 6843 6842
13809 2 2 103 103 6767 6768 6843
13810 2 2 103 103 6768 6844 6843
13811 2 2 103 103 6768 6769 6845
13812 2 2 103 103 6768 6845 6844
13813 2 2 103 103 6769 6770 6845
13814 2 2 103 103 6770 6846 6845
13815 2 2 103 103 6770 6771 6847
13816 2 2 103 103 6770 6847 6846
13817 2 2 103 103 6771 6772 6847
13818 2 2 103 103 6772 6848 6847
13819 2 2 103 103 6772 6773 6849
13820 2 2 103 103 6772 6849 6848
13821 2 2 103 103 6773 6774 6849
13822 2 2 103 103 6774 6850 6849
13823 2 2 103 103 6774 6775 6851
13824 2 2 103 103 6774 6851 6850
13825 2 2 103 103 6775 6776 6851
13826 2 2 103 103 6776 6852 6851
13827 2 2 103 103 6776 6777 6853
13828 2 2 103 103 6776 6853 6852
13829 2 2 103 103 6777 6778 6853
13830 2 2 103 103 6778 6854 6853
13831 2 2 103 103 6778 6779 6855
13832 2 2 103 103 6778 6855 6854
13833 2 2 103 103 6779 6780 6855
13834 2 2 103 103 6780 6856 6855
13835 2 2 103 103 6780 6781 6857
13836 2 2 103 103 6780 6857 6856
13837 2 2 103 103 6781 6782 6857
13838 2 2 103 103 6782 6858 6857
13839 2 2 103 103 6782 6783 6859
13840 2 2 103 103 6782 6859 6858
13841 2 2 103 103 6783 6784 6859
13842 2 2 103 103 6784 6860 6859
13843 2 2 103 103 6784 6785 6861
13844 2 2 103 103 6784 6861 6860
13845 2 2 103 103 6785 6786 6861
13846 2 2 103 103 6786 6862 6861
13847 2 2 103 103 6786 6787 6863
13848 2 2 103 103 6786 6863 6862
13849 2 2 103 103 6787 6788 6863
13850 2 2 103 103 6788 6864 6863
13851 2 2 103 103 6788 6789 6865
13852 2 2 103 103 6788 6865 6864
13853 2 2 103 103 6789 6790 6865
13854 2 2 103 103 6790 6866 6865
13855 2 2 103 103 6790 6791 6867
13856 2 2 103 103 6790 6867 6866
13857 2 2 103 103 6791 6792 6867
13858 2 2 103 103 6792 6868 6867
13859 2 2 103 103 6792 6793 6869
13860 2 2 103 103 6792 6869 6868
13861 2 2 103 103 6793 6794 6869
13862 2 2 103 103 6794 6870 6869
13863 2 2 103 103 6794 6795 6871
13864 2 2 103 103 6794 6871 6870
13865 2 2 103 103 6795 6796 6871
13866 2 2 103 103 6796 6872 6871
13867 2 2 103 103 6796 6797 6873
13868 2 2 103 103 6796 6873 6872
13869 2 2 103 103 6797 6798 6873
13870 2 2 103 103 6798 6874 6873
13871 2 2 103 103 6798 6799 6875
13872 2 2 103 103 6798 6875 6874
13873 2 2 103 103 6799 6800 6875
13874 2 2 103 103 6800 6876 6875
13875 2 2 103 103 6800 6801 6877
13876 2 2 103 103 6800 6877 6876
13877 2 2 103 103 6801 6802 6877
13878 2 2 103 103 6802 6878 6877
13879 2 2 103 103 6802 6803 6879
13880 2 2 103 103 6802 6879 6878
13881 2 2 103 103 6803 6804 6879
13882 2 2 103 103 6804 6880 6879
13883 2 2 103 103 6804 6805 6881
13884 2 2 103 103 6804 6881 6880
13885 2 2 103 103 6805 6806 6881
13886 2 2 103 103 6806 6882 6881
13887 2 2 103 103 6806 6807 6883
13888 2 2 103 103 6806 6883 6882
13889 2 2 103 103 6807 6808 6883
13890 2 2 103 103 6808 6884 6883
13891 2 2 103 103 6808 6809 6885
13892 2 2 103 103 6808 6885 6884
13893 2 2 103 103 6809 6810 6885
13894 2 2 103 103 6810 6886 6885
13895 2 2 103 103 6810 6811 6887
13896 2 2 103 103 6810 6887 6886
13897 2 2 103 103 6811 6812 6887
13898 2 2 103 103 6812 6888 6887
13899 2 2 103 103 6812 6813 6889
13900 2 2 103 103 6812 6889 6888
13901 2 2 103 103 6813 6814 6889
13902 2 2 103 103 6814 6890 6889
13903 2 2 103 103 6814 6815 6891
13904 2 2 103 103 6814 6891 6890
13905 2 2 103 103 6815 6816 6891
13906 2 2 103 103 6816 6892 6891
13907 2 2 103 103 6816 6817 6893
13908 2 2 103 103 6816 6893 6892
13909 2 2 103 103 6817 6818 6893
13910 2 2 103 103 6818 6894 6893
13911 2 2 103 103 6818 6819 6895
13912 2 2 103 103 6818 6895 6894
13913 2 2 103 103 6819 6820 6895
13914 2 2 103 103 6820 6896 6895
13915 2 2 103 103 6820 6821 6897
13916 2 2 103 103 6820 6897 6896
13917 2 2 103 103 6821 6822 6897
13918 2 2 103 103 6822 6898 6897
13919 2 2 103 103 6822 6823 6899
13920 2 2 103 103 6822 6899 6898
13921 2 2 103 103 6823 6824 6899
13922 2 2 103 103 6824 6900 6899
13923 2 2 103 103 6824 6825 6901
13924 2 2 103 103 6824 6901 6900
13925 2 2 103 103 6825 6826 6901
13926 2 2 103 103 6826 6902 6901
13927 2 2 103 103 6826 6827 6903
13928 2 2 103 103 6826 6903 6902
13929 2 2 103 103 6827 6828 6903
13930 2 2 103 103 6828 6904 6903
13931 2 2 103 103 6828 6829 6905
13932 2 2 103 103 6828 6905 6904
13933 2 2 103 103 6829 6830 6905
13934 2 2 103 103 6830 6906 6905
13935 2 2 103 103 6830 6831 6907
13936 2 2 103 103 6830 6907 6906
13937 2 2 103 103 6831 6832 6907
13938 2 2 103 103 6832 6908 6907
13939 2 2 103 103 6832 6833 6909
13940 2 2 103 103 6832 6909 6908
13941 2 2 103 103 6833 6834 6909
13942 2 2 103 103 6834 6910 6909
13943 2 2 103 103 6834 6835 6911
13944 2 2 103 103 6834 6911 6910
13945 2 2 103 103 6835 6836 6911
13946 2 2 103 103 6836 6912 6911
13947 2 2 103 103 6836 6837 6913
13948 2 2 103 103 6836 6913 6912
13949 2 2 103 103 6837 6838 6913
13950 2 2 103 103 6838 6914 6913
13951 2 2 103 103 6838 6839 6915
13952 2 2 103 103 6838 6915 6914
13953 2 2 103 103 6839 6840 6915
13954 2 2 103 103 6840 6916 6915
13955 2 2 103 103 6841 6842 6918
13956 2 2 103 103 6841 6918 6917
13957 2 2 103 103 6842 6843 6918
13958 2 2 103 103 6843 6919 6918
13959 2 2 103 103 6843 6844 6920
13960 2 2 103 103 6843 6920 6919
13961 2 2 103 103 6844 6845 6920
13962 2 2 103 103 6845 6921 6920
13963 2 2 103 103 6845 6846 6922
13964 2 2 103 103 6845 6922 6921
13965 2 2 103 103 6846 6847 6922
13966 2 2 103 103 6847 6923 6922
13967 2 2 103 103 6847 6848 6924
13968 2 2 103 103 6847 6924 6923
13969 2 2 103 103 6848 6849 6924
13970 2 2 103 103 6849 6925 6924
13971 2 2 103 103 6849 6850 6926
13972 2 2 103 103 6849 6926 6925
13973 2 2 103 103 6850 6851 6926
13974 2 2 103 103 6851 6927 6926
13975 2 2 103 103 6851 6852 6928
13976 2 2 103 103 6851 6928 6927
13977 2 2 103 103 6852 6853 6928
13978 2 2 103 103 6853 6929 6928
13979 2 2 103 103 6853 6854 6930
13980 2 2 103 103 6853 6930 6929
13981 2 2 103 103 6854 6855 6930
13982 2 2 103 103 6855 6931 6930
13983 2 2 103 103 6855 6856 6932
13984 2 2 103 103 6855 6932 6931
13985 2 2 103 103 6856 6857 6932
13986 2 2 103 103 6857 6933 6932
13987 2 2 103 103 6857 6858 6934
13988 2 2 103 103 6857 6934 6933
13989 2 2 103 103 6858 6859 6934
13990 2 2 103 103 6859 6935 6934
13991 2 2 103 103 6859 6860 6936
13992 2 2 103 103 6859 6936 6935
13993 2 2 103 103 6860 6861 6936
13994 2 2 103 103 6861 6937 6936
13995 2 2 103 103 6861 6862 6938
13996 2 2 103 103 6861 6938 6937
13997 2 2 103 103 6862 6863 6938
13998 2 2 103 103 6863 6939 6938
13999 2 2 103 103 6863 6864 6940
14000 2 2 103 103 6863 6940 6939
14001 2 2 103 103 6864 6865 6940
14002 2 2 103 103 6865 6941 6940
14003 2 2 103 103 6865 6866 6942
14004 2 2 103 103 6865 6942 6941
14005 2 2 103 103 6866 6867 6942
14006 2 2 103 103 6867 6943 6942
14007 2 2 103 103 6867 6868 6944
14008 2 2 103 103 6867 6944 6943
14009 2 2 103 103 6868 6869 6944
14010 2 2 103 103 6869 6945 6944
14011 2 2 103 103 6869 6870 6946
14012 2 2 103 103 6869 6946 6945
14013 2 2 103 103 6870 6871 6946
14014 2 2 103 103 6871 6947 6946
14015 2 2 103 103 6871 6872 6948
14016 2 2 103 103 6871 6948 6947
14017 2 2 103 103 6872 6873 6948
14018 2 2 103 103 6873 6949 6948
14019 2 2 103 103 6873 6874 6950
14020 2 2 103 103 6873 6950 6949
14021 2 2 103 103 6874 6875 6950
14022 2 2 103 103 6875 6951 6950
14023 2 2 103 103 6875 6876 6952
14024 2 2 103 103 6875 6952 6951
14025 2 2 103 103 6876 6877 6952
14026 2 2 103 103 6877 6953 6952
14027 2 2 103 103 6877 6878 6954
14028 2 2 103 103 6877 6954 6953
14029 2 2 103 103 6878 6879 6954
14030 2 2 103 103 6879 6955 6954
14031 2 2 103 103 6879 6880 6956
14032 2 2 103 103 6879 6956 6955
14033 2 2 103 103 6880 6881 6956
14034 2 2 103 103 6881 6957 6956
14035 2 2 103 103 6881 6882 6958
14036 2 2 103 103 6881 6958 6957
14037 2 2 103 103 6882 6883 6958
14038 2 2 103 103 6883 6959 6958
14039 2 2 103 103 6883 6884 6960
14040 2 2 103 103 6883 6960 6959
14041 2 2 103 103 6884 6885 6960
14042 2 2 103 103 6885 6961 6960
14043 2 2 103 103 6885 6886 6962
14044 2 2 103 103 6885 6962 6961
14045 2 2 103 103 6886 6887 6962
14046 2 2 103 103 6887 6963 6962
14047 2 2 103 103 6887 6888 6964
14048 2 2 103 103 6887 6964 6963
14049 2 2 103 103 6888 6889 6964
14050 2 2 103 103 6889 6965 6964
14051 2 2 103 103 6889 6890 6966
14052 2 2 103 103 6889 6966 6965
14053 2 2 103 103 6890 6891 6966
14054 2 2 103 103 6891 6967 6966
14055 2 2 103 103 6891 6892 6968
14056 2 2 103 103 6891 6968 6967
14057 2 2 103 103 6892 6893 6968
14058 2 2 103 103 6893 6969 6968
14059 2 2 103 103 6893 6894 6970
14060 2 2 103 103 6893 6970 6969
14061 2 2 103 103 6894 6895 6970
14062 2 2 103 103 6895 6971 6970
14063 2 2 103 103 6895 6896 6972
14064 2 2 103 103 6895 6972 6971
14065 2 2 103 103 6896 6897 6972
14066 2 2 103 103 6897 6973 6972
14067 2 2 103 103 6897 6898 6974
14068 2 2 103 103 6897 6974 6973
14069 2 2 103 103 6898 6899 6974
14070 2 2 103 103 6899 6975 6974
14071 2 2 103 103 6899 6900 6976
14072 2 2 103 103 6899 6976 6975
14073 2 2 103 103 6900 6901 6976
14074 2 2 103 103 6901 6977 6976
14075 2 2 103 103 6901 6902 6978
14076 2 2 103 103 6901 6978 6977
14077 2 2 103 103 6902 6903 6978
14078 2 2 103 103 6903 6979 6978
14079 2 2 103 103 6903 6904 6980
14080 2 2 103 103 6903 6980 6979
14081 2 2 103 103 6904 6905 6980
14082 2 2 103 103 6905 6981 6980
14083 2 2 103 103 6905 6906 6982
14084 2 2 103 103 6905 6982 6981
14085 2 2 103 103 6906 6907 6982
14086 2 2 103 103 6907 6983 6982
14087 2 2 103 103 6907 6908 6984
14088 2 2 103 103 6907 6984 6983
14089 2 2 103 103 6908 6909 6984
14090 2 2 103 103 6909 6985 6984
14091 2 2 103 103 6909 6910 6986
14092 2 2 103 103 6909 6986 6985
14093 2 2 103 103 6910 6911 6986
14094 2 2 103 103 6911 6987 6986
14095 2 2 103 103 6911 6912 6988
14096 2 2 103 103 6911 6988 6987
14097 2 2 103 103 6912 6913 6988
14098 2 2 103 103 6913 6989 6988
14099 2 2 103 103 6913 6914 6990
14100 2 2 103 103 6913 6990 6989
14101 2 2 103 103 6914 6915 6990
14102 2 2 103 103 6915 6991 6990
14103 2 2 103 103 6915 6916 6992
14104 2 2 103 103 6915 6992 6991
14105 2 2 103 103 6917 6918 6993
14106 2 2 103 103 6918 6994 6993
14107 2 2 103 103 6918 6919 6995
14108 2 2 103 103 6918 6995 6994
14109 2 2 103 103 6919 6920 6995
14110 2 2 103 103 6920 6996 6995
14111 2 2 103 103 6920 6921 6997
14112 2 2 103 103 6920 6997 6996
14113 2 2 103 103 6921 6922 6997
14114 2 2 103 103 6922 6998 6997
14115 2 2 103 103 6922 6923 6999
14116 2 2 103 103 6922 6999 6998
14117 2 2 103 103 6923 6924 6999
14118 2 2 103 103 6924 7000 6999
14119 2 2 103 103 6924 6925 7001
14120 2 2 103 103 6924 7001 7000
14121 2 2 103 103 6925 6926 7001
14122 2 2 103 103 6926 7002 7001
14123 2 2 103 103 6926 6927 7003
14124 2 2 103 103 6926 7003 7002
14125 2 2 103 103 6927 6928 7003
14126 2 2 103 103 6928 7004 7003
14127 2 2 103 103 6928 6929 7005
14128 2 2 103 103 6928 7005 7004
14129 2 2 103 103 6929 6930 7005
14130 2 2 103 103 6930 7006 7005
14131 2 2 103 103 6930 6931 7007
14132 2 2 103 103 6930 7007 7006
14133 2 2 103 103 6931 6932 7007
14134 2 2 103 103 6932 7008 7007
14135 2 2 103 103 6932 6933 7009
14136 2 2 103 103 6932 7009 7008
14137 2 2 103 103 6933 6934 7009
14138 2 2 103 103 6934 7010 7009
14139 2 2 103 103 6934 6935 7011
14140 2 2 103 103 6934 7011 7010
14141 2 2 103 103 6935 6936 7011
14142 2 2 103 103 6936 7012 7011
14143 2 2 103 103 6936 6937 7013
14144 2 2 103 103 6936 7013 7012
14145 2 2 103 103 6937 6938 7013
14146 2 2 103 103 6938 7014 7013
14147 2 2 103 103 6938 6939 7015
14148 2 2 103 103 6938 7015 7014
14149 2 2 103 103 6939 6940 7015
14150 2 2 103 103 6940 7016 7015
14151 2 2 103 103 6940 6941 7017
14152 2 2 103 103 6940 7017 7016
14153 2 2 103 103 6941 6942 7017
14154 2 2 103 103 6942 7018 7017
14155 2 2 103 103 6942 6943 7019
14156 2 2 103 103 6942 7019 7018
14157 2 2 103 103 6943 6944 7019
14158 2 2 103 103 6944 7020 7019
14159 2 2 103 103 6944 6945 7021
14160 2 2 103 103 6944 7021 7020
14161 2 2 103 103 6945 6946 7021
14162 2 2 103 103 6946 7022 7021
14163 2 2 103 103 6946 6947 7023
14164 2 2 103 103 6946 7023 7022
14165 2 2 103 103 6947 6948 7023
14166 2 2 103 103 6948 7024 7023
14167 2 2 103 103 6948 6949 7025
14168 2 2 103 103 6948 7025 7024
14169 2 2 103 103 6949 6950 7025
14170 2 2 103 103 6950 7026 7025
14171 2 2 103 103 6950 6951 7027
14172 2 2 103 103 6950 7027 7026
14173 2 2 103 103 6951 6952 7027
14174 2 2 103 103 6952 7028 7027
14175 2 2 103 103 6952 6953 7029
14176 2 2 103 103 6952 7029 7028
14177 2 2 103 103 6953 6954 7029
14178 2 2 103 103 6954 7030 7029
14179 2 2 103 103 6954 6955 7031
14180 2 2 103 103 6954 7031 7030
14181 2 2 103 103 6955 6956 7031
14182 2 2 103 103 6956 7032 7031
14183 2 2 103 103 6956 6957 7033
14184 2 2 103 103 6956 7033 7032
14185 2 2 103 103 6957 6958 7033
14186 2 2 103 103 6958 7034 7033
14187 2 2 103 103 6958 6959 7035
14188 2 2 103 103 6958 7035 7034
14189 2 2 103 103 6959 6960 7035
14190 2 2 103 103 6960 7036 7035
14191 2 2 103 103 6960 6961 7037
14192 2 2 103 103 6960 7037 7036
14193 2 2 103 103 6961 6962 7037
14194 2 2 103 103 6962 7038 7037
14195 2 2 103 103 6962 6963 7039
14196 2 2 103 103 6962 7039 7038
14197 2 2 103 103 6963 6964 7039
14198 2 2 103 103 6964 7040 7039
14199 2 2 103 103 6964 6965 7041
14200 2 2 103 103 6964 7041 7040
14201 2 2 103 103 6965 6966 7041
14202 2 2 103 103 6966 7042 7041
14203 2 2 103 103 6966 6967 7043
14204 2 2 103 103 6966 7043 7042
14205 2 2 103 103 6967 6968 7043
14206 2 2 103 103 6968 7044 7043
14207 2 2 103 103 6968 6969 7045
14208 2 2 103 103 6968 7045 7044
14209 2 2 103 103 6969 6970 7045
14210 2 2 103 103 6970 7046 7045
14211 2 2 103 103 6970 6971 7047
14212 2 2 103 103 6970 7047 7046
14213 2 2 103 103 6971 6972 7047
14214 2 2 103 103 6972 7048 7047
14215 2 2 103 103 6972 6973 7049
14216 2 2 103 103 6972 7049 7048
14217 2 2 103 103 6973 6974 7049
14218 2 2 103 103 6974 7050 7049
14219 2 2 103 103 6974 6975 7051
14220 2 2 103 103 6974 7051 7050
14221 2 2 103 103 6975 6976 7051
14222 2 2 103 103 6976 7052 7051
14223 2 2 103 103 6976 6977 7053
14224 2 2 103 103 6976 7053 7052
14225 2 2 103 103 6977 6978 7053
14226 2 2 103 103 6978 7054 7053
14227 2 2 103 103 6978 6979 7055
14228 2 2 103 103 6978 7055 7054
14229 2 2 103 103 6979 6980 7055
14230 2 2 103 103 6980 7056 7055
14231 2 2 103 103 6980 6981 7057
14232 2 2 103 103 6980 7057 7056
14233 2 2 103 103 6981 6982 7057
14234 2 2 103 103 6982 7058 7057
14235 2 2 103 103 6982 6983 7059
14236 2 2 103 103 6982 7059 7058
14237 2 2 103 103 6983 6984 7059
14238 2 2 103 103 6984 7060 7059
14239 2 2 103 103 6984 6985 7061
14240 2 2 103 103 6984 7061 7060
14241 2 2 103 103 6985 6986 7061
14242 2 2 103 103 6986 7062 7061
14243 2 2 103 103 6986 6987 7063
14244 2 2 103 103 6986 7063 7062
14245 2 2 103 103 6987 6988 7063
14246 2 2 103 103 6988 7064 7063
14247 2 2 103 103 6988 6989 7065
14248 2 2 103 103 6988 7065 7064
14249 2 2 103 103 6989 6990 7065
14250 2 2 103 103 6990 7066 7065
14251 2 2 103 103 6990 6991 7067
14252 2 2 103 103 6990 7067 7066
14253 2 2 103 103 6991 6992 7067
14254 2 2 103 103 6992 7068 7067
14255 2 2 102 102 6993 6994 7070
14256 2 2 102 102 6993 7070 7069
14257 2 2 102 102 6994 6995 7070
14258 2 2 102 102 6995 7071 7070
14259 2 2 102 102 6995 6996 7072
14260 2 2 102 102 6995 7072 7071
14261 2 2 102 102 6996 6997 7072
14262 2 2 102 102 6997 7073 7072
14263 2 2 102 102 6997 6998 7074
14264 2 2 102 102 6997 7074 7073
14265 2 2 102 102 6998 6999 7074
14266 2 2 102 102 6999 7075 7074
14267 2 2 102 102 6999 7000 7076
14268 2 2 102 102 6999 7076 7075
14269 2 2 102 102 7000 7001 7076
14270 2 2 102 102 7001 7077 7076
14271 2 2 102 102 7001 7002 7078
14272 2 2 102 102 7001 7078 7077
14273 2 2 102 102 7002 7003 7078
14274 2 2 102 102 7003 7079 7078
14275 2 2 102 102 7003 7004 7080
14276 2 2 102 102 7003 7080 7079
14277 2 2 102 102 7004 7005 7080
14278 2 2 102 102 7005 7081 7080
14279 2 2 102 102 7005 7006 7082
14280 2 2 102 102 7005 7082 7081
14281 2 2 102 102 7006 7007 7082
14282 2 2 102 102 7007 7083 7082
14283 2 2 102 102 7007 7008 7084
14284 2 2 102 102 7007 7084 7083
14285 2 2 102 102 7008 7009 7084
14286 2 2 102 102 7009 7085 7084
14287 2 2 102 102 7009 7010 7086
14288 2 2 102 102 7009 7086 7085
14289 2 2 102 102 7010 7011 7086
14290 2 2 102 102 7011 7087 7086
14291 2 2 102 102 7011 7012 7088
14292 2 2 102 102 7011 7088 7087
14293 2 2 102 102 7012 7013 7088
14294 2 2 102 102 7013 7089 7088
14295 2 2 102 102 7013 7014 7090
14296 2 2 102 102 7013 7090 7089
14297 2 2 102 102 7014 7015 7090
14298 2 2 102 102 7015 7091 7090
14299 2 2 102 102 7015 7016 7092
14300 2 2 102 102 7015 7092 7091
14301 2 2 102 102 7016 7017 7092
14302 2 2 102 102 7017 7093 7092
14303 2 2 102 102 7017 7018 7094
14304 2 2 102 102 7017 7094 7093
14305 2 2 102 102 7018 7019 7094
14306 2 2 102 102 7019 7095 7094
14307 2 2 102 102 7019 7020 7096
14308 2 2 102 102 7019 7096 7095
14309 2 2 102 102 7020 7021 7096
14310 2 2 102 102 7021 7097 7096
14311 2 2 102 102 7021 7022 7098
14312 2 2 102 102 7021 7098 7097
14313 2 2 102 102 7022 7023 7098
14314 2 2 102 102 7023 7099 7098
14315 2 2 102 102 7023 7024 7100
14316 2 2 102 102 7023 7100 7099
14317 2 2 102 102 7024 7025 7100
14318 2 2 102 102 7025 7101 7100
14319 2 2 102 102 7025 7026 7102
14320 2 2 102 102 7025 7102 7101
14321 2 2 102 102 7026 7027 7102
14322 2 2 102 102 7027 7103 7102
14323 2 2 102 102 7027 7028 7104
14324 2 2 102 102 7027 7104 7103
14325 2 2 102 102 7028 7029 7104
14326 2 2 102 102 7029 7105 7104
14327 2 2 102 102 7029 7030 7106
14328 2 2 102 102 7029 7106 7105
14329 2 2 102 102 7030 7031 7106
14330 2 2 102 102 7031 7107 7106
14331 2 2 102 102 7031 7032 7108
14332 2 2 102 102 7031 7108 7107
14333 2 2 102 102 7032 7033 7108
14334 2 2 102 102 7033 7109 7108
14335 2 2 102 102 7033 7034 7110
14336 2 2 102 102 7033 7110 7109
14337 2 2 102 102 7034 7035 7110
14338 2 2 102 102 7035 7111 7110
14339 2 2 102 102 7035 7036 7112
14340 2 2 102 102 7035 7112 7111
14341 2 2 102 102 7036 7037 7112
14342 2 2 102 102 7037 7113 7112
14343 2 2 102 102 7037 7038 7114
14344 2 2 102 102 7037 7114 7113
14345 2 2 102 102 7038 7039 7114
14346 2 2 102 102 7039 7115 7114
14347 2 2 102 102 7039 7040 7116
14348 2 2 102 102 7039 7116 7115
14349 2 2 102 102 7040 7041 7116
14350 2 2 102 102 7041 7117 7116
14351 2 2 102 102 7041 7042 7118
14352 2 2 102 102 7041 7118 7117
14353 2 2 102 102 7042 7043 7118
14354 2 2 102 102 7043 7119 7118
14355 2 2 102 102 7043 7044 7120
14356 2 2 102 102 7043 7120 7119
14357 2 2 102 102 7044 7045 7120
14358 2 2 102 102 7045 7121 7120
14359 2 2 102 102 7045 7046 7122
14360 2 2 102 102 7045 7122 7121
14361 2 2 102 102 7046 7047 7122
14362 2 2 102 102 7047 7123 7122
14363 2 2 102 102 7047 7048 7124
14364 2 2 102 102 7047 7124 7123
14365 2 2 102 102 7048 7049 7124
14366 2 2 102 102 7049 7125 7124
14367 2 2 102 102 7049 7050 7126
14368 2 2 102 102 7049 7126 7125
14369 2 2 102 102 7050 7051 7126
14370 2 2 102 102 7051 7127 7126
14371 2 2 102 102 7051 7052 7128
14372 2 2 102 102 7051 7128 7127
14373 2 2 102 102 7052 7053 7128
14374 2 2 102 102 7053 7129 7128
14375 2 2 102 102 7053 7054 7130
14376 2 2 102 102 7053 7130 7129
14377 2 2 102 102 7054 7055 7130
14378 2 2 102 102 7055 7131 7130
14379 2 2 102 102 7055 7056 7132
14380 2 2 102 102 7055 7132 7131
14381 2 2 102 102 7056 7057 7132
14382 2 2 102 102 7057 7133 7132
14383 2 2 102 102 7057 7058 7134
14384 2 2 102 102 7057 7134 7133
14385 2 2 102 102 7058 7059 7134
14386 2 2 102 102 7059 7135 7134
14387 2 2 102 102 7059 7060 7136
14388 2 2 102 102 7059 7136 7135
14389 2 2 102 102 7060 7061 7136
14390 2 2 102 102 7061 7137 7136
14391 2 2 102 102 7061 7062 7138
14392 2 2 102 102 7061 7138 7137
14393 2 2 102 102 7062 7063 7138
14394 2 2 102 102 7063 7139 7138
14395 2 2 102 102 7063 7064 7140
14396 2 2 102 102 7063 7140 7139
14397 2 2 102 102 7064 7065 7140
14398 2 2 102 102 7065 7141 7140
14399 2 2 102 102 7065 7066 7142
14400 2 2 102 102 7065 7142 7141
14401 2 2 102 102 7066 7067 7142
14402 2 2 102 102 7067 7143 7142
14403 2 2 102 102 7067 7068 7144
14404 2 2 102 102 7067 7144 7143
14405 2 2 102 102 7069 7070 7145
14406 2 2 102 102 7070 7146 7145
14407 2 2 102 102 7070 7071 7147
14408 2 2 102 102 7070 7147 7146
14409 2 2 102 102 7071 7072 7147
14410 2 2 102 102 7072 7148 7147
14411 2 2 102 102 7072 7073 7149
14412 2 2 102 102 7072 7149 7148
14413 2 2 102 102 7073 7074 7149
14414 2 2 102 102 7074 7150 7149
14415 2 2 102 102 7074 7075 7151
14416 2 2 102 102 7074 7151 7150
14417 2 2 102 102 7075 7076 7151
14418 2 2 102 102 7076 7152 7151
14419 2 2 102 102 7076 7077 7153
14420 2 2 102 102 7076 7153 7152
14421 2 2 102 102 7077 7078 7153
14422 2 2 102 102 7078 7154 7153
14423 2 2 102 102 7078 7079 7155
14424 2 2 102 102 7078 7155 7154
14425 2 2 102 102 7079 7080 7155
14426 2 2 102 102 7080 7156 7155
14427 2 2 102 102 7080 7081 7157
14428 2 2 102 102 7080 7157 7156
14429 2 2 102 102 7081 7082 7157
14430 2 2 102 102 7082 7158 7157
14431 2 2 102 102 7082 7083 7159
14432 2 2 102 102 7082 7159 7158
14433 2 2 102 102 7083 7084 7159
14434 2 2 102 102 7084 7160 7159
14435 2 2 102 102 7084 7085 7161
14436 2 2 102 102 7084 7161 7160
14437 2 2 102 102 7085 7086 7161
14438 2 2 102 102 7086 7162 7161
14439 2 2 102 102 7086 7087 7163
14440 2 2 102 102 7086 7163 7162
14441 2 2 102 102 7087 7088 7163
14442 2 2 102 102 7088 7164 7163
14443 2 2 102 102 7088 7089 7165
14444 2 2 102 102 7088 7165 7164
14445 2 2 102 102 7089 7090 7165
14446 2 2 102 102 7090 7166 7165
14447 2 2 102 102 7090 7091 7167
14448 2 2 102 102 7090 7167 7166
14449 2 2 102 102 7091 7092 7167
14450 2 2 102 102 7092 7168 7167
14451 2 2 102 102 7092 7093 7169
14452 2 2 102 102 7092 7169 7168
14453 2 2 102 102 7093 7094 7169
14454 2 2 102 102 7094 7170 7169
14455 2 2 102 102 7094 7095 7171
14456 2 2 102 102 7094 7171 7170
14457 2 2 102 102 7095 7096 7171
14458 2 2 102 102 7096 7172 7171
14459 2 2 102 102 7096 7097 7173
14460 2 2 102 102 7096 7173 7172
14461 2 2 102 102 7097 7098 7173
14462 2 2 102 102 7098 7174 7173
14463 2 2 102 102 7098 7099 7175
14464 2 2 102 102 7098 7175 7174
14465 2 2 102 102 7099 7100 7175
14466 2 2 102 102 7100 7176 7175
14467 2 2 102 102 7100 7101 7177
14468 2 2 102 102 7100 7177 7176
14469 2 2 102 102 7101 7102 7177
14470 2 2 102 102 7102 7178 7177
14471 2 2 102 102 7102 7103 7179
14472 2 2 102 102 7102 7179 7178
14473 2 2 102 102 7103 7104 7179
14474 2 2 102 102 7104 7180 7179
14475 2 2 102 102 7104 7105 7181
14476 2 2 102 102 7104 7181 7180
14477 2 2 102 102 7105 7106 7181
14478 2 2 102 102 7106 7182 7181
14479 2 2 102 102 7106 7107 7183
14480 2 2 102 102 7106 7183 7182
14481 2 2 102 102 7107 7108 7183
14482 2 2 102 102 7108 7184 7183
14483 2 2 102 102 7108 7109 7185
14484 2 2 102 102 7108 7185 7184
14485 2 2 102 102 7109 7110 7185
14486 2 2 102 102 7110 7186 7185
14487 2 2 102 102 7110 7111 7187
14488 2 2 102 102 7110 7187 7186
14489 2 2 102 102 7111 7112 7187
14490 2 2 102 102 7112 7188 7187
14491 2 2 102 102 7112 7113 7189
14492 2 2 102 102 7112 7189 7188
14493 2 2 102 102 7113 7114 7189
14494 2 2 102 102 7114 7190 7189
14495 2 2 102 102 7114 7115 7191
14496 2 2 102 102 7114 7191 7190
14497 2 2 102 102 7115 7116 7191
14498 2 2 102 102 7116 7192 7191
14499 2 2 102 102 7116 7117 7193
14500 2 2 102 102 7116 7193 7192
14501 2 2 102 102 7117 7118 7193
14502 2 2 102 102 7118 7194 7193
14503 2 2 102 102 7118 7119 7195
14504 2 2 102 102 7118 7195 7194
14505 2 2 102 102 7119 7120 7195
14506 2 2 102 102 7120 7196 7195
14507 2 2 102 102 7120 7121 7197
14508 2 2 102 102 7120 7197 7196
14509 2 2 102 102 7121 7122 7197
14510 2 2 102 102 7122 7198 7197
14511 2 2 102 102 7122 7123 7199
14512 2 2 102 102 7122 7199 7198
14513 2 2 102 102 7123 7124 7199
14514 2 2 102 102 7124 7200 7199
14515 2 2 102 102 7124 7125 7201
14516 2 2 102 102 7124 7201 7200
14517 2 2 102 102 7125 7126 7201
14518 2 2 102 102 7126 7202 7201
14519 2 2 102 102 7126 7127 7203
14520 2 2 102 102 7126 7203 7202
14521 2 2 102 102 7127 7128 7203
14522 2 2 102 102 7128 7204 7203
14523 2 2 102 102 7128 7129 7205
14524 2 2 102 102 7128 7205 7204
14525 2 2 102 102 7129 7130 7205
14526 2 2 102 102 7130 7206 7205
14527 2 2 102 102 7130 7131 7207
14528 2 2 102 102 7130 7207 7206
14529 2 2 102 102 7131 7132 7207
14530 2 2 102 102 7132 7208 7207
14531 2 2 102 102 7132 7133 7209
14532 2 2 102 102 7132 7209 7208
14533 2 2 102 102 7133 7134 7209
14534 2 2 102 102 7134 7210 7209
14535 2 2 102 102 7134 7135 7211
14536 2 2 102 102 7134 7211 7210
14537 2 2 102 102 7135 7136 7211
14538 2 2 102 102 7136 7212 7211
14539 2 2 102 102 7136 7137 7213
14540 2 2 102 102 7136 7213 7212
14541 2 2 102 102 7137 7138 7213
14542 2 2 102 102 7138 7214 7213
14543 2 2 102 102 7138 7139 7215
14544 2 2 102 102 7138 7215 7214
14545 2 2 102 102 7139 7140 7215
14546 2 2 102 102 7140 7216 7215
14547 2 2 102 102 7140 7141 7217
14548 2 2 102 102 7140 7217 7216
14549 2 2 102 102 7141 7142 7217
14550 2 2 102 102 7142 7218 7217
14551 2 2 102 102 7142 7143 7219
14552 2 2 102 102 7142 7219 7218
14553 2 2 102 102 7143 7144 7219
14554 2 2 102 102 7144 7220 7219
14555 2 2 102 102 7145 7146 7222
14556 2 2 102 102 7145 7222 7221
14557 2 2 102 102 7146 7147 7222
14558 2 2 102 102 7147 7223 7222
14559 2 2 102 102 7147 7148 7224
14560 2 2 102 102 7147 7224 7223
14561 2 2 102 102 7148 7149 7224
14562 2 2 102 102 7149 7225 7224
14563 2 2 102 102 7149 7150 7226
14564 2 2 102 102 7149 7226 7225
14565 2 2 102 102 7150 7151 7226
14566 2 2 102 102 7151 7227 7226
14567 2 2 102 102 7151 7152 7228
14568 2 2 102 102 7151 7228 7227
14569 2 2 102 102 7152 7153 7228
14570 2 2 102 102 7153 7229 7228
14571 2 2 102 102 7153 7154 7230
14572 2 2 102 102 7153 7230 7229
14573 2 2 102 102 7154 7155 7230
14574 2 2 102 102 7155 7231 7230
14575 2 2 102 102 7155 7156 7232
14576 2 2 102 102 7155 7232 7231
14577 2 2 102 102 7156 7157 7232
14578 2 2 102 102 7157 7233 7232
14579 2 2 102 102 7157 7158 7234
14580 2 2 102 102 7157 7234 7233
14581 2 2 102 102 7158 7159 7234
14582 2 2 102 102 7159 7235 7234
14583 2 2 102 102 7159 7160 7236
14584 2 2 102 102 7159 7236 7235
14585 2 2 102 102 7160 7161 7236
14586 2 2 102 102 7161 7237 7236
14587 2 2 102 102 7161 7162 7238
14588 2 2 102 102 7161 7238 7237
14589 2 2 102 102 7162 7163 7238
14590 2 2 102 102 7163 7239 7238
14591 2 2 102 102 7163 7164 7240
14592 2 2 102 102 7163 7240 7239
14593 2 2 102 102 7164 7165 7240
14594 2 2 102 102 7165 7241 7240
14595 2 2 102 102 7165 7166 7242
14596 2 2 102 102 7165 7242 7241
14597 2 2 102 102 7166 7167 7242
14598 2 2 102 102 7167 7243 7242
14599 2 2 102 102 7167 7168 7244
14600 2 2 102 102 7167 7244 7243
14601 2 2 102 102 7168 7169 7244
14602 2 2 102 102 7169 7245 7244
14603 2 2 102 102 7169 7170 7246
14604 2 2 102 102 7169 7246 7245
14605 2 2 102 102 7170 7171 7246
14606 2 2 102 102 7171 7247 7246
14607 2 2 102 102 7171 7172 7248
14608 2 2 102 102 7171 7248 7247
14609 2 2 102 102 7172 7173 7248
14610 2 2 102 102 7173 7249 7248
14611 2 2 102 102 7173 7174 7250
14612 2 2 102 102 7173 7250 7249
14613 2 2 102 102 7174 7175 7250
14614 2 2 102 102 7175 7251 7250
14615 2 2 102 102 7175 7176 7252
14616 2 2 102 102 7175 7252 7251
14617 2 2 102 102 7176 7177 7252
14618 2 2 102 102 7177 7253 7252
14619 2 2 102 102 7177 7178 7254
14620 2 2 102 102 7177 7254 7253
14621 2 2 102 102 7178 7179 7254
14622 2 2 102 102 7179 7255 7254
14623 2 2 102 102 7179 7180 7256
14624 2 2 102 102 7179 7256 7255
14625 2 2 102 102 7180 7181 7256
14626 2 2 102 102 7181 7257 7256
14627 2 2 102 102 7181 7182 7258
14628 2 2 102 102 7181 7258 7257
14629 2 2 102 102 7182 7183 7258
14630 2 2 102 102 7183 7259 7258
14631 2 2 102 102 7183 7184 7260
14632 2 2 102 102 7183 7260 7259
14633 2 2 102 102 7184 7185 7260
14634 2 2 102 102 7185 7261 7260
14635 2 2 102 102 7185 7186 7262
14636 2 2 102 102 7185 7262 7261
14637 2 2 102 102 7186 7187 7262
14638 2 2 102 102 7187 7263 7262
14639 2 2 102 102 7187 7188 7264
14640 2 2 102 102 7187 7264 7263
14641 2 2 102 102 7188 7189 7264
14642 2 2 102 102 7189 7265 7264
14643 2 2 102 102 7189 7190 7266
14644 2 2 102 102 7189 7266 7265
14645 2 2 102 102 7190 7191 7266
14646 2 2 102 102 7191 7267 7266
14647 2 2 102 102 7191 7192 7268
14648 2 2 102 102 7191 7268 7267
14649 2 2 102 102 7192 7193 7268
14650 2 2 102 102 7193 7269 7268
14651 2 2 102 102 7193 7194 7270
14652 2 2 102 102 7193 7270 7269
14653 2 2 102 102 7194 7195 7270
14654 2 2 102 102 7195 7271 7270
14655 2 2 102 102 7195 7196 7272
14656 2 2 102 102 7195 7272 7271
14657 2 2 102 102 7196 7197 7272
14658 2 2 102 102 7197 7273 7272
14659 2 2 102 102 7197 7198 7274
14660 2 2 102 102 7197 7274 7273
14661 2 2 102 102 7198 7199 7274
14662 2 2 102 102 7199 7275 7274
14663 2 2 102 102 7199 7200 7276
14664 2 2 102 102 7199 7276 7275
14665 2 2 102 102 7200 7201 7276
14666 2 2 102 102 7201 7277 7276
14667 2 2 102 102 7201 7202 7278
14668 2 2 102 102 7201 7278 7277
14669 2 2 102 102 7202 7203 7278
14670 2 2 102 102 7203 7279 7278
14671 2 2 102 102 7203 7204 7280
14672 2 2 102 102 7203 7280 7279
14673 2 2 102 102 7204 7205 7280
14674 2 2 102 102 7205 7281 7280
14675 2 2 102 102 7205 7206 7282
14676 2 2 102 102 7205 7282 7281
14677 2 2 102 102 7206 7207 7282
14678 2 2 102 102 7207 7283 7282
14679 2 2 102 102 7207 7208 7284
14680 2 2 102 102 7207 7284 7283
14681 2 2 102 102 7208 7209 7284
14682 2 2 102 102 7209 7285 7284
14683 2 2 102 102 7209 7210 7286
14684 2 2 102 102 7209 7286 7285
14685 2 2 102 102 7210 7211 7286
14686 2 2 102 102 7211 7287 7286
14687 2 2 102 102 7211 7212 7288
14688 2 2 102 102 7211 7288 7287
14689 2 2 102 102 7212 7213 7288
14690 2 2 102 102 7213 7289 7288
14691 2 2 102 102 7213 7214 7290
14692 2 2 102 102 7213 7290 7289
14693 2 2 102 102 7214 7215 7290
14694 2 2 102 102 7215 7291 7290
14695 2 2 102 102 7215 7216 7292
14696 2 2 102 102 7215 7292 7291
14697 2 2 102 102 7216 7217 7292
14698 2 2 102 102 7217 7293 7292
14699 2 2 102 102 7217 7218 7294
14700 2 2 102 102 7217 7294 7293
14701 2 2 102 102 7218 7219 7294
14702 2 2 102 102 7219 7295 7294
14703 2 2 102 102 7219 7220 7296
14704 2 2 102 102 7219 7296 7295
14705 2 2 102 102 7221 7222 7297
14706 2 2 102 102 7222 7298 7297
14707 2 2 102 102 7222 7223 7299
14708 2 2 102 102 7222 7299 7298
14709 2 2 102 102 7223 7224 7299
14710 2 2 102 102 7224 7300 7299
14711 2 2 102 102 7224 7225 7301
14712 2 2 102 102 7224 7301 7300
14713 2 2 102 102 7225 7226 7301
14714 2 2 102 102 7226 7302 7301
14715 2 2 102 102 7226 7227 7303
14716 2 2 102 102 7226 7303 7302
14717 2 2 102 102 7227 7228 7303
14718 2 2 102 102 7228 7304 7303
14719 2 2 102 102 7228 7229 7305
14720 2 2 102 102 7228 7305 7304
14721 2 2 102 102 7229 7230 7305
14722 2 2 102 102 7230 7306 7305
14723 2 2 102 102 7230 7231 7307
14724 2 2 102 102 7230 7307 7306
14725 2 2 102 102 7231 7232 7307
14726 2 2 102 102 7232 7308 7307
14727 2 2 102 102 7232 7233 7309
14728 2 2 102 102 7232 7309 7308
14729 2 2 102 102 7233 7234 7309
14730 2 2 102 102 7234 7310 7309
14731 2 2 102 102 7234 7235 7311
14732 2 2 102 102 7234 7311 7310
14733 2 2 102 102 7235 7236 7311
14734 2 2 102 102 7236 7312 7311
14735 2 2 102 102 7236 7237 7313
14736 2 2 102 102 7236 7313 7312
14737 2 2 102 102 7237 7238 7313
14738 2 2 102 102 7238 7314 7313
14739 2 2 102 102 7238 7239 7315
14740 2 2 102 102 7238 7315 7314
14741 2 2 102 102 7239 7240 7315
14742 2 2 102 102 7240 7316 7315
14743 2 2 102 102 7240 7241 7317
14744 2 2 102 102 7240 7317 7316
14745 2 2 102 102 7241 7242 7317
14746 2 2 102 102 7242 7318 7317
14747 2 2 102 102 7242 7243 7319
14748 2 2 102 102 7242 7319 7318
14749 2 2 102 102 7243 7244 7319
14750 2 2 102 102 7244 7320 7319
14751 2 2 102 102 7244 7245 7321
14752 2 2 102 102 7244 7321 7320
14753 2 2 102 102 7245 7246 7321
14754 2 2 102 102 7246 7322 7321
14755 2 2 102 102 7246 7247 7323
14756 2 2 102 102 7246 7323 7322
14757 2 2 102 102 7247 7248 7323
14758 2 2 102 102 7248 7324 7323
14759 2 2 102 102 7248 7249 7325
14760 2 2 102 102 7248 7325 7324
14761 2 2 102 102 7249 7250 7325
14762 2 2 102 102 7250 7326 7325
14763 2 2 102 102 7250 7251 7327
14764 2 2 102 102 7250 7327 7326
14765 2 2 102 102 7251 7252 7327
14766 2 2 102 102 7252 7328 7327
14767 2 2 102 102 7252 7253 7329
14768 2 2 102 102 7252 7329 7328
14769 2 2 102 102 7253 7254 7329
14770 2 2 102 102 7254 7330 7329
14771 2 2 102 102 7254 7255 7331
14772 2 2 102 102 7254 7331 7330
14773 2 2 102 102 7255 7256 7331
14774 2 2 102 102 7256 7332 7331
14775 2 2 102 102 7256 7257 7333
14776 2 2 102 102 7256 7333 7332
14777 2 2 102 102 7257 7258 7333
14778 2 2 102 102 7258 7334 7333
14779 2 2 102 102 7258 7259 7335
14780 2 2 102 102 7258 7335 7334
14781 2 2 102 102 7259 7260 7335
14782 2 2 102 102 7260 7336 7335
14783 2 2 102 102 7260 7261 7337
14784 2 2 102 102 7260 7337 7336
14785 2 2 102 102 7261 7262 7337
14786 2 2 102 102 7262 7338 7337
14787 2 2 102 102 7262 7263 7339
14788 2 2 102 102 7262 7339 7338
14789 2 2 102 102 7263 7264 7339
14790 2 2 102 102 7264 7340 7339
14791 2 2 102 102 7264 7265 7341
14792 2 2 102 102 7264 7341 7340
14793 2 2 102 102 7265 7266 7341
14794 2 2 102 102 7266 7342 7341
14795 2 2 102 102 7266 7267 7343
14796 2 2 102 102 7266 7343 7342
14797 2 2 102 102 7267 7268 7343
14798 2 2 102 102 7268 7344 7343
14799 2 2 102 102 7268 7269 7345
14800 2 2 102 102 7268 7345 7344
14801 2 2 102 102 7269 7270 7345
14802 2 2 102 102 7270 7346 7345
14803 2 2 102 102 7270 7271 7347
14804 2 2 102 102 7270 7347 7346
14805 2 2 102 102 7271 7272 7347
14806 2 2 102 102 7272 7348 7347
14807 2 2 102 102 7272 7273 7349
14808 2 2 102 102 7272 7349 7348
14809 2 2 102 102 7273 7274 7349
14810 2 2 102 102 7274 7350 7349
14811 2 2 102 102 7274 7275 7351
14812 2 2 102 102 7274 7351 7350
14813 2 2 102 102 7275 7276 7351
14814 2 2 102 102 7276 7352 7351
14815 2 2 102 102 7276 7277 7353
14816 2 2 102 102 7276 7353 7352
14817 2 2 102 102 7277 7278 7353
14818 2 2 102 102 7278 7354 7353
14819 2 2 102 102 7278 7279 7355
14820 2 2 102 102 7278 7355 7354
14821 2 2 102 102 7279 7280 7355
14822 2 2 102 102 7280 7356 7355
14823 2 2 102 102 7280 7281 7357
14824 2 2 102 102 7280 7357 7356
14825 2 2 102 102 7281 7282 7357
14826 2 2 102 102 7282 7358 7357
14827 2 2 102 102 7282 7283 7359
14828 2 2 102 102 7282 7359 7358
14829 2 2 102 102 7283 7284 7359
14830 2 2 102 102 7284 7360 7359
14831 2 2 102 102 7284 7285 7361
14832 2 2 102 102 7284 7361 7360
14833 2 2 102 102 7285 7286 7361
14834 2 2 102 102 7286 7362 7361
14835 2 2 102 102 7286 7287 7363
14836 2 2 102 102 7286 7363 7362
14837 2 2 102 102 7287 7288 7363
14838 2 2 102 102 7288 7364 7363
14839 2 2 102 102 7288 7289 7365
14840 2 2 102 102 7288 7365 7364
14841 2 2 102 102 7289 7290 7365
14842 2 2 102 102 7290 7366 7365
14843 2 2 102 102 7290 7291 7367
14844 2 2 102 102 7290 7367 7366
14845 2 2 102 102 7291 7292 7367
14846 2 2 102 102 7292 7368 7367
14847 2 2 102 102 7292 7293 7369
14848 2 2 102 102 7292 7369 7368
14849 2 2 102 102 7293 7294 7369
14850 2 2 102 102 7294 7370 7369
14851 2 2 102 102 7294 7295 7371
14852 2 2 102 102 7294 7371 7370
14853 2 2 102 102 7295 7296 7371
14854 2 2 102 102 7296 7372 7371
14855 2 2 102 102 7297 7298 7374
14856 2 2 102 102 7297 7374 7373
14857 2 2 102 102 7298 7299 7374
14858 2 2 102 102 7299 7375 7374
14859 2 2 102 102 7299 7300 7376
14860 2 2 102 102 7299 7376 7375
14861 2 2 102 102 7300 7301 7376
14862 2 2 102 102 7301 7377 7376
14863 2 2 102 102 7301 7302 7378
14864 2 2 102 102 7301 7378 7377
14865 2 2 102 102 7302 7303 7378
14866 2 2 102 102 7303 7379 7378
14867 2 2 102 102 7303 7304 7380
14868 2 2 102 102 7303 7380 7379
14869 2 2 102 102 7304 7305 7380
14870 2 2 102 102 7305 7381 7380
14871 2 2 102 102 7305 7306 7382
14872 2 2 102 102 7305 7382 7381
14873 2 2 102 102 7306 7307 7382
14874 2 2 102 102 7307 7383 7382
14875 2 2 102 102 7307 7308 7384
14876 2 2 102 102 7307 7384 7383
14877 2 2 102 102 7308 7309 7384
14878 2 2 102 102 7309 7385 7384
14879 2 2 102 102 7309 7310 7386
14880 2 2 102 102 7309 7386 7385
14881 2 2 102 102 7310 7311 7386
14882 2 2 102 102 7311 7387 7386
14883 2 2 102 102 7311 7312 7388
14884 2 2 102 102 7311 7388 7387
14885 2 2 102 102 7312 7313 7388
14886 2 2 102 102 7313 7389 7388
14887 2 2 102 102 7313 7314 7390
14888 2 2 102 102 7313 7390 7389
14889 2 2 102 102 7314 7315 7390
14890 2 2 102 102 7315 7391 7390
14891 2 2 102 102 7315 7316 7392
14892 2 2 102 102 7315 7392 7391
14893 2 2 102 102 7316 7317 7392
14894 2 2 102 102 7317 7393 7392
14895 2 2 102 102 7317 7318 7394
14896 2 2 102 102 7317 7394 7393
14897 2 2 102 102 7318 7319 7394
14898 2 2 102 102 7319 7395 7394
14899 2 2 102 102 7319 7320 7396
14900 2 2 102 102 7319 7396 7395
14901 2 2 102 102 7320 7321 7396
14902 2 2 102 102 7321 7397 7396
14903 2 2 102 102 7321 7322 7398
14904 2 2 102 102 7321 7398 7397
14905 2 2 102 102 7322 7323 7398
14906 2 2 102 102 7323 7399 7398
14907 2 2 102 102 7323 7324 7400
14908 2 2 102 102 7323 7400 7399
14909 2 2 102 102 7324 7325 7400
14910 2 2 102 102 7325 7401 7400
14911 2 2 102 102 7325 7326 7402
14912 2 2 102 102 7325 7402 7401
14913 2 2 102 102 7326 7327 7402
14914 2 2 102 102 7327 7403 7402
14915 2 2 102 102 7327 7328 7404
14916 2 2 102 102 7327 7404 7403
14917 2 2 102 102 7328 7329 7404
14918 2 2 102 102 7329 7405 7404
14919 2 2 102 102 7329 7330 7406
14920 2 2 102 102 7329 7406 7405
14921 2 2 102 102 7330 7331 7406
14922 2 2 102 102 7331 7407 7406
14923 2 2 102 102 7331 7332 7408
14924 2 2 102 102 7331 7408 7407
14925 2 2 102 102 7332 7333 7408
14926 2 2 102 102 7333 7409 7408
14927 2 2 102 102 7333 7334 7410
14928 2 2 102 102 7333 7410 7409
14929 2 2 102 102 7334 7335 7410
14930 2 2 102 102 7335 7411 7410
14931 2 2 102 102 7335 7336 7412
14932 2 2 102 102 7335 7412 7411
14933 2 2 102 102 7336 7337 7412
14934 2 2 102 102 7337 7413 7412
14935 2 2 102 102 7337 7338 7414
14936 2 2 102 102 7337 7414 7413
14937 2 2 102 102 7338 7339 7414
14938 2 2 102 102 7339 7415 7414
14939 2 2 102 102 7339 7340 7416
14940 2 2 102 102 7339 7416 7415
14941 2 2 102 102 7340 7341 7416
14942 2 2 102 102 7341 7417 7416
14943 2 2 102 102 7341 7342 7418
14944 2 2 102 102 7341 7418 7417
14945 2 2 102 102 7342 7343 7418
14946 2 2 102 102 7343 7419 7418
14947 2 2 102 102 7343 7344 7420
14948 2 2 102 102 7343 7420 7419
14949 2 2 102 102 7344 7345 7420
14950 2 2 102 102 7345 7421 7420
14951 2 2 102 102 7345 7346 7422
14952 2 2 102 102 7345 7422 7421
14953 2 2 102 102 7346 7347 7422
14954 2 2 102 102 7347 7423 7422
14955 2 2 102 102 7347 7348 7424
14956 2 2 102 102 7347 7424 7423
14957 2 2 102 102 7348 7349 7424
14958 2 2 102 102 7349 7425 7424
14959 2 2 102 102 7349 7350 7426
14960 2 2 102 102 7349 7426 7425
14961 2 2 102 102 7350 7351 7426
14962 2 2 102 102 7351 7427 7426
14963 2 2 102 102 7351 7352 7428
14964 2 2 102 102 7351 7428 7427
14965 2 2 102 102 7352 7353 7428
14966 2 2 102 102 7353 7429 7428
14967 2 2 102 102 7353 7354 7430
14968 2 2 102 102 7353 7430 7429
14969 2 2 102 102 7354 7355 7430
14970 2 2 102 102 7355 7431 7430
14971 2 2 102 102 7355 7356 7432
14972 2 2 102 102 7355 7432 7431
14973 2 2 102 102 7356 7357 7432
14974 2 2 102 102 7357 7433 7432
14975 2 2 102 102 7357 7358 7434
14976 2 2 102 102 7357 7434 7433
14977 2 2 102 102 7358 7359 7434
14978 2 2 102 102 7359 7435 7434
14979 2 2 102 102 7359 7360 7436
14980 2 2 102 102 7359 7436 7435
14981 2 2 102 102 7360 7361 7436
14982 2 2 102 102 7361 7437 7436
14983 2 2 102 102 7361 7362 7438
14984 2 2 102 102 7361 7438 7437
14985 2 2 102 102 7362 7363 7438
14986 2 2 102 102 7363 7439 7438
14987 2 2 102 102 7363 7364 7440
14988 2 2 102 102 7363 7440 7439
14989 2 2 102 102 7364 7365 7440
14990 2 2 102 102 7365 7441 7440
14991 2 2 102 102 7365 7366 7442
14992 2 2 102 102 7365 7442 7441
14993 2 2 102 102 7366 7367 7442
14994 2 2 102 102 7367 7443 7442
14995 2 2 102 102 7367 7368 7444
14996 2 2 102 102 7367 7444 7443
14997 2 2 102 102 7368 7369 7444
14998 2 2 102 102 7369 7445 7444
14999 2 2 102 102 7369 7370 7446
15000 2 2 102 102 7369 7446 7445
15001 2 2 102 102 7370 7371 7446
15002 2 2 102 102 7371 7447 7446
15003 2 2 102 102 7371 7372 7448
15004 2 2 102 102 7371 7448 7447
15005 2 2 102 102 7373 7374 7449
15006 2 2 102 102 7374 7450 7449
15007 2 2 102 102 7374 7375 7451
15008 2 2 102 102 7374 7451 7450
15009 2 2 102 102 7375 7376 7451
15010 2 2 102 102 7376 7452 7451
15011 2 2 102 102 7376 7377 7453
15012 2 2 102 102 7376 7453 7452
15013 2 2 102 102 7377 7378 7453
15014 2 2 102 102 7378 7454 7453
15015 2 2 102 102 7378 7379 7455
15016 2 2 102 102 7378 7455 7454
15017 2 2 102 102 7379 7380 7455
15018 2 2 102 102 7380 7456 7455
15019 2 2 102 102 7380 7381 7457
15020 2 2 102 102 7380 7457 7456
15021 2 2 102 102 7381 7382 7457
15022 2 2 102 102 7382 7458 7457
15023 2 2 102 102 7382 7383 7459
15024 2 2 102 102 7382 7459 7458
15025 2 2 102 102 7383 7384 7459
15026 2 2 102 102 7384 7460 7459
15027 2 2 102 102 7384 7385 7461
15028 2 2 102 102 7384 7461 7460
15029 2 2 102 102 7385 7386 7461
15030 2 2 102 102 7386 7462 7461
15031 2 2 102 102 7386 7387 7463
15032 2 2 102 102 7386 7463 7462
15033 2 2 102 102 7387 7388 7463
15034 2 2 102 102 7388 7464 7463
15035 2 2 102 102 7388 7389 7465
15036 2 2 102 102 7388 7465 7464
15037 2 2 102 102 7389 7390 7465
15038 2 2 102 102 7390 7466 7465
15039 2 2 102 102 7390 7391 7467
15040 2 2 102 102 7390 7467 7466
15041 2 2 102 102 7391 7392 7467
15042 2 2 102 102 7392 7468 7467
15043 2 2 102 102 7392 7393 7469
15044 2 2 102 102 7392 7469 7468
15045 2 2 102 102 7393 7394 7469
15046 2 2 102 102 7394 7470 7469
15047 2 2 102 102 7394 7395 7471
15048 2 2 102 102 7394 7471 7470
15049 2 2 102 102 7395 7396 7471
15050 2 2 102 102 7396 7472 7471
15051 2 2 102 102 7396 7397 7473
15052 2 2 102 102 7396 7473 7472
15053 2 2 102 102 7397 7398 7473
15054 2 2 102 102 7398 7474 7473
15055 2 2 102 102 7398 7399 7475
15056 2 2 102 102 7398 7475 7474
15057 2 2 102 102 7399 7400 7475
15058 2 2 102 102 7400 7476 7475
15059 2 2 102 102 7400 7401 7477
15060 2 2 102 102 7400 7477 7476
15061 2 2 102 102 7401 7402 7477
15062 2 2 102 102 7402 7478 7477
15063 2 2 102 102 7402 7403 7479
15064 2 2 102 102 7402 7479 7478
15065 2 2 102 102 7403 7404 7479
15066 2 2 102 102 7404 7480 7479
15067 2 2 102 102 7404 7405 7481
15068 2 2 102 102 7404 7481 7480
15069 2 2 102 102 7405 7406 7481
15070 2 2 102 102 7406 7482 7481
15071 2 2 102 102 7406 7407 7483
15072 2 2 102 102 7406 7483 7482
15073 2 2 102 102 7407 7408 7483
15074 2 2 102 102 7408 7484 7483
15075 2 2 102 102 7408 7409 7485
15076 2 2 102 102 7408 7485 7484
15077 2 2 102 102 7409 7410 7485
15078 2 2 102 102 7410 7486 7485
15079 2 2 102 102 7410 7411 7487
15080 2 2 102 102 7410 7487 7486
15081 2 2 102 102 7411 7412 7487
15082 2 2 102 102 7412 7488 7487
15083 2 2 102 102 7412 7413 7489
15084 2 2 102 102 7412 7489 7488
15085 2 2 102 102 7413 7414 7489
15086 2 2 102 102 7414 7490 7489
15087 2 2 102 102 7414 7415 7491
15088 2 2 102 102 7414 7491 7490
15089 2 2 102 102 7415 7416 7491
15090 2 2 102 102 7416 7492 7491
15091 2 2 102 102 7416 7417 7493
15092 2 2 102 102 7416 7493 7492
15093 2 2 102 102 7417 7418 7493
15094 2 2 102 102 7418 7494 7493
15095 2 2 102 102 7418 7419 7495
15096 2 2 102 102 7418 7495 7494
15097 2 2 102 102 7419 7420 7495
15098 2 2 102 102 7420 7496 7495
15099 2 2 102 102 7420 7421 7497
15100 2 2 102 102 7420 7497 7496
15101 2 2 102 102 7421 7422 7497
15102 2 2 102 102 7422 7498 7497
15103 2 2 102 102 7422 7423 7499
15104 2 2 102 102 7422 7499 7498
15105 2 2 102 102 7423 7424 7499
15106 2 2 102 102 7424 7500 7499
15107 2 2 102 102 7424 7425 7501
15108 2 2 102 102 7424 7501 7500
15109 2 2 102 102 7425 7426 7501
15110 2 2 102 102 7426 7502 7501
15111 2 2 102 102 7426 7427 7503
15112 2 2 102 102 7426 7503 7502
15113 2 2 102 102 7427 7428 7503
15114 2 2 102 102 7428 7504 7503
15115 2 2 102 102 7428 7429 7505
15116 2 2 102 102 7428 7505 7504
15117 2 2 102 102 7429 7430 7505
15118 2 2 102 102 7430 7506 7505
15119 2 2 102 102 7430 7431 7507
15120 2 2 102 102 7430 7507 7506
15121 2 2 102 102 7431 7432 7507
15122 2 2 102 102 7432 7508 7507
15123 2 2 102 102 7432 7433 7509
15124 2 2 102 102 7432 7509 7508
15125 2 2 102 102 7433 7434 7509
15126 2 2 102 102 7434 7510 7509
15127 2 2 102 102 7434 7435 7511
15128 2 2 102 102 7434 7511 7510
15129 2 2 102 102 7435 7436 7511
15130 2 2 102 102 7436 7512 7511
15131 2 2 102 102 7436 7437 7513
15132 2 2 102 102 7436 7513 7512
15133 2 2 102 102 7437 7438 7513
15134 2 2 102 102 7438 7514 7513
15135 2 2 102 102 7438 7439 7515
15136 2 2 102 102 7438 7515 7514
15137 2 2 102 102 7439 7440 7515
15138 2 2 102 102 7440 7516 7515
15139 2 2 102 102 7440 7441 7517
15140 2 2 102 102 7440 7517 7516
15141 2 2 102 102 7441 7442 7517
15142 2 2 102 102 7442 7518 7517
15143 2 2 102 102 7442 7443 7519
15144 2 2 102 102 7442 7519 7518
15145 2 2 102 102 7443 7444 7519
15146 2 2 102 102 7444 7520 7519
15147 2 2 102 102 7444 7445 7521
15148 2 2 102 102 7444 7521 7520
15149 2 2 102 102 7445 7446 7521
15150 2 2 102 102 7446 7522 7521
15151 2 2 102 102 7446 7447 7523
15152 2 2 102 102 7446 7523 7522
15153 2 2 102 102 7447 7448 7523
15154 2 2 102 102 7448 7524 7523
15155 2 2 102 102 7449 7450 7526
15156 2 2 102 102 7449 7526 7525
15157 2 2 102 102 7450 7451 7526
15158 2 2 102 102 7451 7527 7526
15159 2 2 102 102 7451 7452 7528
15160 2 2 102 102 7451 7528 7527
15161 2 2 102 102 7452 7453 7528
15162 2 2 102 102 7453 7529 7528
15163 2 2 102 102 7453 7454 7530
15164 2 2 102 102 7453 7530 7529
15165 2 2 102 102 7454 7455 7530
15166 2 2 102 102 7455 7531 7530
15167 2 2 102 102 7455 7456 7532
15168 2 2 102 102 7455 7532 7531
15169 2 2 102 102 7456 7457 7532
15170 2 2 102 102 7457 7533 7532
15171 2 2 102 102 7457 7458 7534
15172 2 2 102 102 7457 7534 7533
15173 2 2 102 102 7458 7459 7534
15174 2 2 102 102 7459 7535 7534
15175 2 2 102 102 7459 7460 7536
15176 2 2 102 102 7459 7536 7535
15177 2 2 102 102 7460 7461 7536
15178 2 2 102 102 7461 7537 7536
15179 2 2 102 102 7461 7462 7538
15180 2 2 102 102 7461 7538 7537
15181 2 2 102 102 7462 7463 7538
15182 2 2 102 102 7463 7539 7538
15183 2 2 102 102 7463 7464 7540
15184 2 2 102 102 7463 7540 7539
15185 2 2 102 102 7464 7465 7540
15186 2 2 102 102 7465 7541 7540
15187 2 2 102 102 7465 7466 7542
15188 2 2 102 102 7465 7542 7541
15189 2 2 102 102 7466 7467 7542
15190 2 2 102 102 7467 7543 7542
15191 2 2 102 102 7467 7468 7544
15192 2 2 102 102 7467 7544 7543
15193 2 2 102 102 7468 7469 7544
15194 2 2 102 102 7469 7545 7544
15195 2 2 102 102 7469 7470 7546
15196 2 2 102 102 7469 7546 7545
15197 2 2 102 102 7470 7471 7546
15198 2 2 102 102 7471 7547 7546
15199 2 2 102 102 7471 7472 7548
15200 2 2 102 102 7471 7548 7547
15201 2 2 102 102 7472 7473 7548
15202 2 2 102 102 7473 7549 7548
15203 2 2 102 102 7473 7474 7550
15204 2 2 102 102 7473 7550 7549
15205 2 2 102 102 7474 7475 7550
15206 2 2 102 102 7475 7551 7550
15207 2 2 102 102 7475 7476 7552
15208 2 2 102 102 7475 7552 7551
15209 2 2 102 102 7476 7477 7552
15210 2 2 102 102 7477 7553 7552
15211 2 2 102 102 7477 7478 7554
15212 2 2 102 102 7477 7554 7553
15213 2 2 102 102 7478 7479 7554
15214 2 2 102 102 7479 7555 7554
15215 2 2 102 102 7479 7480 7556
15216 2 2 102 102 7479 7556 7555
15217 2 2 102 102 7480 7481 7556
15218 2 2 102 102 7481 7557 7556
15219 2 2 102 102 7481 7482 7558
15220 2 2 102 102 7481 7558 7557
15221 2 2 102 102 7482 7483 7558
15222 2 2 102 102 7483 7559 7558
15223 2 2 102 102 7483 7484 7560
15224 2 2 102 102 7483 7560 7559
15225 2 2 102 102 7484 7485 7560
15226 2 2 102 102 7485 7561 7560
15227 2 2 102 102 7485 7486 7562
15228 2 2 102 102 7485 7562 7561
15229 2 2 102 102 7486 7487 7562
15230 2 2 102 102 7487 7563 7562
15231 2 2 102 102 7487 7488 7564
15232 2 2 102 102 7487 7564 7563
15233 2 2 102 102 7488 7489 7564
15234 2 2 102 102 7489 7565 7564
15235 2 2 102 102 7489 7490 7566
15236 2 2 102 102 7489 7566 7565
15237 2 2 102 102 7490 7491 7566
15238 2 2 102 102 7491 7567 7566
15239 2 2 102 102 7491 7492 7568
15240 2 2 102 102 7491 7568 7567
15241 2 2 102 102 7492 7493 7568
15242 2 2 102 102 7493 7569 7568
15243 2 2 102 102 7493 7494 7570
15244 2 2 102 102 7493 7570 7569
15245 2 2 102 102 7494 7495 7570
15246 2 2 102 102 7495 7571 7570
15247 2 2 102 102 7495 7496 7572
15248 2 2 102 102 7495 7572 7571
15249 2 2 102 102 7496 7497 7572
15250 2 2 102 102 7497 7573 7572
15251 2 2 102 102 7497 7498 7574
15252 2 2 102 102 7497 7574 7573
15253 2 2 102 102 7498 7499 7574
15254 2 2 102 102 7499 7575 7574
15255 2 2 102 102 7499 7500 7576
15256 2 2 102 102 7499 7576 7575
15257 2 2 102 102 7500 7501 7576
15258 2 2 102 102 7501 7577 7576
15259 2 2 102 102 7501 7502 7578
15260 2 2 102 102 7501 7578 7577
15261 2 2 102 102 7502 7503 7578
15262 2 2 102 102 7503 7579 7578
15263 2 2 102 102 7503 7504 7580
15264 2 2 102 102 7503 7580 7579
15265 2 2 102 102 7504 7505 7580
15266 2 2 102 102 7505 7581 7580
15267 2 2 102 102 7505 7506 7582
15268 2 2 102 102 7505 7582 7581
15269 2 2 102 102 7506 7507 7582
15270 2 2 102 102 7507 7583 7582
15271 2 2 102 102 7507 7508 7584
15272 2 2 102 102 7507 7584 7583
15273 2 2 102 102 7508 7509 7584
15274 2 2 102 102 7509 7585 7584
15275 2 2 102 102 7509 7510 7586
15276 2 2 102 102 7509 7586 7585
15277 2 2 102 102 7510 7511 7586
15278 2 2 102 102 7511 7587 7586
15279 2 2 102 102 7511 7512 7588
15280 2 2 102 102 7511 7588 7587
15281 2 2 102 102 7512 7513 7588
15282 2 2 102 102 7513 7589 7588
15283 2 2 102 102 7513 7514 7590
15284 2 2 102 102 7513 7590 7589
15285 2 2 102 102 7514 7515 7590
15286 2 2 102 102 7515 7591 7590
15287 2 2 102 102 7515 7516 7592
15288 2 2 102 102 7515 7592 7591
15289 2 2 102 102 7516 7517 7592
15290 2 2 102 102 7517 7593 7592
15291 2 2 102 102 7517 7518 7594
15292 2 2 102 102 7517 7594 7593
15293 2 2 102 102 7518 7519 7594
15294 2 2 102 102 7519 7595 7594
15295 2 2 102 102 7519 7520 7596
15296 2 2 102 102 7519 7596 7595
15297 2 2 102 102 7520 7521 7596
15298 2 2 102 102 7521 7597 7596
15299 2 2 102 102 7521 7522 7598
15300 2 2 102 102 7521 7598 7597
15301 2 2 102 102 7522 7523 7598
15302 2 2 102 102 7523 7599 7598
15303 2 2 102 102 7523 7524 7600
15304 2 2 102 102 7523 7600 7599
15305 2 2 102 102 7525 7526 7601
15306 2 2 102 102 7526 7602 7601
15307 2 2 102 102 7526 7527 7603
15308 2 2 102 102 7526 7603 7602
15309 2 2 102 102 7527 7528 7603
15310 2 2 102 102 7528 7604 7603
15311 2 2 102 102 7528 7529 7605
15312 2 2 102 102 7528 7605 7604
15313 2 2 102 102 7529 7530 7605
15314 2 2 102 102 7530 7606 7605
15315 2 2 102 102 7530 7531 7607
15316 2 2 102 102 7530 7607 7606
15317 2 2 102 102 7531 7532 7607
15318 2 2 102 102 7532 7608 7607
15319 2 2 102 102 7532 7533 7609
15320 2 2 102 102 7532 7609 7608
15321 2 2 102 102 7533 7534 7609
15322 2 2 102 102 7534 7610 7609
15323 2 2 102 102 7534 7535 7611
15324 2 2 102 102 7534 7611 7610
15325 2 2 102 102 7535 7536 7611
15326 2 2 102 102 7536 7612 7611
15327 2 2 102 102 7536 7537 7613
15328 2 2 102 102 7536 7613 7612
15329 2 2 102 102 7537 7538 7613
15330 2 2 102 102 7538 7614 7613
15331 2 2 102 102 7538 7539 7615
15332 2 2 102 102 7538 7615 7614
15333 2 2 102 102 7539 7540 7615
15334 2 2 102 102 7540 7616 7615
15335 2 2 102 102 7540 7541 7617
15336 2 2 102 102 7540 7617 7616
15337 2 2 102 102 7541 7542 7617
15338 2 2 102 102 7542 7618 7617
15339 2 2 102 102 7542 7543 7619
15340 2 2 102 102 7542 7619 7618
15341 2 2 102 102 7543 7544 7619
15342 2 2 102 102 7544 7620 7619
15343 2 2 102 102 7544 7545 7621
15344 2 2 102 102 7544 7621 7620
15345 2 2 102 102 7545 7546 7621
15346 2 2 102 102 7546 7622 7621
15347 2 2 102 102 7546 7547 7623
15348 2 2 102 102 7546 7623 7622
15349 2 2 102 102 7547 7548 7623
15350 2 2 102 102 7548 7624 7623
15351 2 2 102 102 7548 7549 7625
15352 2 2 102 102 7548 7625 7624
15353 2 2 102 102 7549 7550 7625
15354 2 2 102 102 7550 7626 7625
15355 2 2 102 102 7550 7551 7627
15356 2 2 102 102 7550 7627 7626
15357 2 2 102 102 7551 7552 7627
15358 2 2 102 102 7552 7628 7627
15359 2 2 102 102 7552 7553 7629
15360 2 2 102 102 7552 7629 7628
15361 2 2 102 102 7553 7554 7629
15362 2 2 102 102 7554 7630 7629
15363 2 2 102 102 7554 7555 7631
15364 2 2 102 102 7554 7631 7630
15365 2 2 102 102 7555 7556 7631
15366 2 2 102 102 7556 7632 7631
15367 2 2 102 102 7556 7557 7633
15368 2 2 102 102 7556 7633 7632
15369 2 2 102 102 7557 7558 7633
15370 2 2 102 102 7558 7634 7633
15371 2 2 102 102 7558 7559 7635
15372 2 2 102 102 7558 7635 7634
15373 2 2 102 102 7559 7560 7635
15374 2 2 102 102 7560 7636 7635
15375 2 2 102 102 7560 7561 7637
15376 2 2 102 102 7560 7637 7636
15377 2 2 102 102 7561 7562 7637
15378 2 2 102 102 7562 7638 7637
15379 2 2 102 102 7562 7563 7639
15380 2 2 102 102 7562 7639 7638
15381 2 2 102 102 7563 7564 7639
15382 2 2 102 102 7564 7640 7639
15383 2 2 102 102 7564 7565 7641
15384 2 2 102 102 7564 7641 7640
15385 2 2 102 102 7565 7566 7641
15386 2 2 102 102 7566 7642 7641
15387 2 2 102 102 7566 7567 7643
15388 2 2 102 102 7566 7643 7642
15389 2 2 102 102 7567 7568 7643
15390 2 2 102 102 7568 7644 7643
15391 2 2 102 102 7568 7569 7645
15392 2 2 102 102 7568 7645 7644
15393 2 2 102 102 7569 7570 7645
15394 2 2 102 102 7570 7646 7645
15395 2 2 102 102 7570 7571 7647
15396 2 2 102 102 7570 7647 7646
15397 2 2 102 102 7571 7572 7647
15398 2 2 102 102 7572 7648 7647
15399 2 2 102 102 7572 7573 7649
15400 2 2 102 102 7572 7649 7648
15401 2 2 102 102 7573 7574 7649
15402 2 2 102 102 7574 7650 7649
15403 2 2 102 102 7574 7575 7651
15404 2 2 102 102 7574 7651 7650
15405 2 2 102 102 7575 7576 7651
15406 2 2 102 102 7576 7652 7651
15407 2 2 102 102 7576 7577 7653
15408 2 2 102 102 7576 7653 7652
15409 2 2 102 102 7577 7578 7653
15410 2 2 102 102 7578 7654 7653
15411 2 2 102 102 7578 7579 7655
15412 2 2 102 102 7578 7655 7654
15413 2 2 102 102 7579 7580 7655
15414 2 2 102 102 7580 7656 7655
15415 2 2 102 102 7580 7581 7657
15416 2 2 102 102 7580 7657 7656
15417 2 2 102 102 7581 7582 7657
15418 2 2 102 102 7582 7658 7657
15419 2 2 102 102 7582 7583 7659
15420 2 2 102 102 7582 7659 7658
15421 2 2 102 102 7583 7584 7659
15422 2 2 102 102 7584 7660 7659
15423 2 2 102 102 7584 7585 7661
15424 2 2 102 102 7584 7661 7660
15425 2 2 102 102 7585 7586 7661
15426 2 2 102 102 7586 7662 7661
15427 2 2 102 102 7586 7587 7663
15428 2 2 102 102 7586 7663 7662
15429 2 2 102 102 7587 7588 7663
15430 2 2 102 102 7588 7664 7663
15431 2 2 102 102 7588 7589 7665
15432 2 2 102 102 7588 7665 7664
15433 2 2 102 102 7589 7590 7665
15434 2 2 102 102 7590 7666 7665
15435 2 2 102 102 7590 7591 7667
15436 2 2 102 102 7590 7667 7666
15437 2 2 102 102 7591 7592 7667
15438 2 2 102 102 7592 7668 7667
15439 2 2 102 102 7592 7593 7669
15440 2 2 102 102 7592 7669 7668
15441 2 2 102 102 7593 7594 7669
15442 2 2 102 102 7594 7670 7669
15443 2 2 102 102 7594 7595 7671
15444 2 2 102 102 7594 7671 7670
15445 2 2 102 102 7595 7596 7671
15446 2 2 102 102 7596 7672 7671
15447 2 2 102 102 7596 7597 7673
15448 2 2 102 102 7596 7673 7672
15449 2 2 102 102 7597 7598 7673
15450 2 2 102 102 7598 7674 7673
15451 2 2 102 102 7598 7599 7675
15452 2 2 102 102 7598 7675 7674
15453 2 2 102 102 7599 7600 7675
15454 2 2 102 102 7600 7676 7675
15455 2 2 102 102 7601 7602 7678
15456 2 2 102 102 7601 7678 7677
15457 2 2 102 102 7602 7603 7678
15458 2 2 102 102 7603 7679 7678
15459 2 2 102 102 7603 7604 7680
15460 2 2 102 102 7603 7680 7679
15461 2 2 102 102 7604 7605 7680
15462 2 2 102 102 7605 7681 7680
15463 2 2 102 102 7605 7606 7682
15464 2 2 102 102 7605 7682 7681
15465 2 2 102 102 7606 7607 7682
15466 2 2 102 102 7607 7683 7682
15467 2 2 102 102 7607 7608 7684
15468 2 2 102 102 7607 7684 7683
15469 2 2 102 102 7608 7609 7684
15470 2 2 102 102 7609 7685 7684
15471 2 2 102 102 7609 7610 7686
15472 2 2 102 102 7609 7686 7685
15473 2 2 102 102 7610 7611 7686
15474 2 2 102 102 7611 7687 7686
15475 2 2 102 102 7611 7612 7688
15476 2 2 102 102 7611 7688 7687
15477 2 2 102 102 7612 7613 7688
15478 2 2 102 102 7613 7689 7688
15479 2 2 102 102 7613 7614 7690
15480 2 2 102 102 7613 7690 7689
15481 2 2 102 102 7614 7615 7690
15482 2 2 102 102 7615 7691 7690
15483 2 2 102 102 7615 7616 7692
15484 2 2 102 102 7615 7692 7691
15485 2 2 102 102 7616 7617 7692
15486 2 2 102 102 7617 7693 7692
15487 2 2 102 102 7617 7618 7694
15488 2 2 102 102 7617 7694 7693
15489 2 2 102 102 7618 7619 7694
15490 2 2 102 102 7619 7695 7694
15491 2 2 102 102 7619 7620 7696
15492 2 2 102 102 7619 7696 7695
15493 2 2 102 102 7620 7621 7696
15494 2 2 102 102 7621 7697 7696
15495 2 2 102 102 7621 7622 7698
15496 2 2 102 102 7621 7698 7697
15497 2 2 102 102 7622 7623 7698
15498 2 2 102 102 7623 7699 7698
15499 2 2 102 102 7623 7624 7700
15500 2 2 102 102 7623 7700 7699
15501 2 2 102 102 7624 7625 7700
15502 2 2 102 102 7625 7701 7700
15503 2 2 102 102 7625 7626 7702
15504 2 2 102 102 7625 7702 7701
15505 2 2 102 102 7626 7627 7702
15506 2 2 102 102 7627 7703 7702
15507 2 2 102 102 7627 7628 7704
15508 2 2 102 102 7627 7704 7703
15509 2 2 102 102 7628 7629 7704
15510 2 2 102 102 7629 7705 7704
15511 2 2 102 102 7629 7630 7706
15512 2 2 102 102 7629 7706 7705
15513 2 2 102 102 7630 7631 7706
15514 2 2 102 102 7631 7707 7706
15515 2 2 102 102 7631 7632 7708
15516 2 2 102 102 7631 7708 7707
15517 2 2 102 102 7632 7633 7708
15518 2 2 102 102 7633 7709 7708
15519 2 2 102 102 7633 7634 7710
15520 2 2 102 102 7633 7710 7709
15521 2 2 102 102 7634 7635 7710
15522 2 2 102 102 7635 7711 7710
15523 2 2 102 102 7635 7636 7712
15524 2 2 102 102 7635 7712 7711
15525 2 2 102 102 7636 7637 7712
15526 2 2 102 102 7637 7713 7712
15527 2 2 102 102 7637 7638 7714
15528 2 2 102 102 7637 7714 7713
15529 2 2 102 102 7638 7639 7714
15530 2 2 102 102 7639 7715 7714
15531 2 2 102 102 7639 7640 7716
15532 2 2 102 102 7639 7716 7715
15533 2 2 102 102 7640 7641 7716
15534 2 2 102 102 7641 7717 7716
15535 2 2 102 102 7641 7642 7718
15536 2 2 102 102 7641 7718 7717
15537 2 2 102 102 7642 7643 7718
15538 2 2 102 102 7643 7719 7718
15539 2 2 102 102 7643 7644 7720
15540 2 2 102 102 7643 7720 7719
15541 2 2 102 102 7644 7645 7720
15542 2 2 102 102 7645 7721 7720
15543 2 2 102 102 7645 7646 7722
15544 2 2 102 102 7645 7722 7721
15545 2 2 102 102 7646 7647 7722
15546 2 2 102 102 7647 7723 7722
15547 2 2 102 102 7647 7648 7724
15548 2 2 102 102 7647 7724 7723
15549 2 2 102 102 7648 7649 7724
15550 2 2 102 102 7649 7725 7724
15551 2 2 102 102 7649 7650 7726
15552 2 2 102 102 7649 7726 7725
15553 2 2 102 102 7650 7651 7726
15554 2 2 102 102 7651 7727 7726
15555 2 2 102 102 7651 7652 7728
15556 2 2 102 102 7651 7728 7727
15557 2 2 102 102 7652 7653 7728
15558 2 2 102 102 7653 7729 7728
15559 2 2 102 102 7653 7654 7730
15560 2 2 102 102 7653 7730 7729
15561 2 2 102 102 7654 7655 7730
15562 2 2 102 102 7655 7731 7730
15563 2 2 102 102 7655 7656 7732
15564 2 2 102 102 7655 7732 7731
15565 2 2 102 102 7656 7657 7732
15566 2 2 102 102 7657 7733 7732
15567 2 2 102 102 7657 7658 7734
15568 2 2 102 102 7657 7734 7733
15569 2 2 102 102 7658 7659 7734
15570 2 2 102 102 7659 7735 7734
15571 2 2 102 102 7659 7660 7736
15572 2 2 102 102 7659 7736 7735
15573 2 2 102 102 7660 7661 7736
15574 2 2 102 102 7661 7737 7736
15575 2 2 102 102 7661 7662 7738
15576 2 2 102 102 7661 7738 7737
15577 2 2 102 102 7662 7663 7738
15578 2 2 102 102 7663 7739 7738
15579 2 2 102 102 7663 7664 7740
15580 2 2 102 102 7663 7740 7739
15581 2 2 102 102 7664 7665 7740
15582 2 2 102 102 7665 7741 7740
15583 2 2 102 102 7665 7666 7742
15584 2 2 102 102 7665 7742 7741
15585 2 2 102 102 7666 7667 7742
15586 2 2 102 102 7667 7743 7742
15587 2 2 102 102 7667 7668 7744
15588 2 2 102 102 7667 7744 7743
15589 2 2 102 102 7668 7669 7744
15590 2 2 102 102 7669 7745 7744
15591 2 2 102 102 7669 7670 7746
15592 2 2 102 102 7669 7746 7745
15593 2 2 102 102 7670 7671 7746
15594 2 2 102 102 7671 7747 7746
15595 2 2 102 102 7671 7672 7748
15596 2 2 102 102 7671 7748 7747
15597 2 2 102 102 7672 7673 7748
15598 2 2 102 102 7673 7749 7748
15599 2 2 102 102 7673 7674 7750
15600 2 2 102 102 7673 7750 7749
15601 2 2 102 102 7674 7675 7750
15602 2 2 102 102 7675 7751 7750
15603 2 2 102 102 7675 7676 7752
15604 2 2 102 102 7675 7752 7751
15605 2 2 102 102 7677 7678 7753
15606 2 2 102 102 7678 7754 7753
15607 2 2 102 102 7678 7679 7755
15608 2 2 102 102 7678 7755 7754
15609 2 2 102 102 7679 7680 7755
15610 2 2 102 102 7680 7756 7755
15611 2 2 102 102 7680 7681 7757
15612 2 2 102 102 7680 7757 7756
15613 2 2 102 102 7681 7682 7757
15614 2 2 102 102 7682 7758 7757
15615 2 2 102 102 7682 7683 7759
15616 2 2 102 102 7682 7759 7758
15617 2 2 102 102 7683 7684 7759
15618 2 2 102 102 7684 7760 7759
15619 2 2 102 102 7684 7685 7761
15620 2 2 102 102 7684 7761 7760
15621 2 2 102 102 7685 7686 7761
15622 2 2 102 102 7686 7762 7761
15623 2 2 102 102 7686 7687 7763
15624 2 2 102 102 7686 7763 7762
15625 2 2 102 102 7687 7688 7763
15626 2 2 102 102 7688 7764 7763
15627 2 2 102 102 7688 7689 7765
15628 2 2 102 102 7688 7765 7764
15629 2 2 102 102 7689 7690 7765
15630 2 2 102 102 7690 7766 7765
15631 2 2 102 102 7690 7691 7767
15632 2 2 102 102 7690 7767 7766
15633 2 2 102 102 7691 7692 7767
15634 2 2 102 102 7692 7768 7767
15635 2 2 102 102 7692 7693 7769
15636 2 2 102 102 7692 7769 7768
15637 2 2 102 102 7693 7694 7769
15638 2 2 102 102 7694 7770 7769
15639 2 2 102 102 7694 7695 7771
15640 2 2 102 102 7694 7771 7770
15641 2 2 102 102 7695 7696 7771
15642 2 2 102 102 7696 7772 7771
15643 2 2 102 102 7696 7697 7773
15644 2 2 102 102 7696 7773 7772
15645 2 2 102 102 7697 7698 7773
15646 2 2 102 102 7698 7774 7773
15647 2 2 102 102 7698 7699 7775
15648 2 2 102 102 7698 7775 7774
15649 2 2 102 102 7699 7700 7775
15650 2 2 102 102 7700 7776 7775
15651 2 2 102 102 7700 7701 7777
15652 2 2 102 102 7700 7777 7776
15653 2 2 102 102 7701 7702 7777
15654 2 2 102 102 7702 7778 7777
15655 2 2 102 102 7702 7703 7779
15656 2 2 102 102 7702 7779 7778
15657 2 2 102 102 7703 7704 7779
15658 2 2 102 102 7704 7780 7779
15659 2 2 102 102 7704 7705 7781
15660 2 2 102 102 7704 7781 7780
15661 2 2 102 102 7705 7706 7781
15662 2 2 102 102 7706 7782 7781
15663 2 2 102 102 7706 7707 7783
15664 2 2 102 102 7706 7783 7782
15665 2 2 102 102 7707 7708 7783
15666 2 2 102 102 7708 7784 7783
15667 2 2 102 102 7708 7709 7785
15668 2 2 102 102 7708 7785 7784
15669 2 2 102 102 7709 7710 7785
15670 2 2 102 102 7710 7786 7785
15671 2 2 102 102 7710 7711 7787
15672 2 2 102 102 7710 7787 7786
15673 2 2 102 102 7711 7712 7787
15674 2 2 102 102 7712 7788 7787
15675 2 2 102 102 7712 7713 7789
15676 2 2 102 102 7712 7789 7788
15677 2 2 102 102 7713 7714 7789
15678 2 2 102 102 7714 7790 7789
15679 2 2 102 102 7714 7715 7791
15680 2 2 102 102 7714 7791 7790
15681 2 2 102 102 7715 7716 7791
15682 2 2 102 102 7716 7792 7791
15683 2 2 102 102 7716 7717 7793
15684 2 2 102 102 7716 7793 7792
15685 2 2 102 102 7717 7718 7793
15686 2 2 102 102 7718 7794 7793
15687 2 2 102 102 7718 7719 7795
15688 2 2 102 102 7718 7795 7794
15689 2 2 102 102 7719 7720 7795
15690 2 2 102 102 7720 7796 7795
15691 2 2 102 102 7720 7721 7797
15692 2 2 102 102 7720 7797 7796
15693 2 2 102 102 7721 7722 7797
15694 2 2 102 102 7722 7798 7797
15695 2 2 102 102 7722 7723 7799
15696 2 2 102 102 7722 7799 7798
15697 2 2 102 102 7723 7724 7799
15698 2 2 102 102 7724 7800 7799
15699 2 2 102 102 7724 7725 7801
15700 2 2 102 102 7724 7801 7800
15701 2 2 102 102 7725 7726 7801
15702 2 2 102 102 7726 7802 7801
15703 2 2 102 102 7726 7727 7803
15704 2 2 102 102 7726 7803 7802
15705 2 2 102 102 7727 7728 7803
15706 2 2 102 102 7728 7804 7803
15707 2 2 102 102 7728 7729 7805
15708 2 2 102 102 7728 7805 7804
15709 2 2 102 102 7729 7730 7805
15710 2 2 102 102 7730 7806 7805
15711 2 2 102 102 7730 7731 7807
15712 2 2 102 102 7730 7807 7806
15713 2 2 102 102 7731 7732 7807
15714 2 2 102 102 7732 7808 7807
15715 2 2 102 102 7732 7733 7809
15716 2 2 102 102 7732 7809 7808
15717 2 2 102 102 7733 7734 7809
15718 2 2 102 102 7734 7810 7809
15719 2 2 102 102 7734 7735 7811
15720 2 2 102 102 7734 7811 7810
15721 2 2 102 102 7735 7736 7811
15722 2 2 102 102 7736 7812 7811
15723 2 2 102 102 7736 7737 7813
15724 2 2 102 102 7736 7813 7812
15725 2 2 102 102 7737 7738 7813
15726 2 2 102 102 7738 7814 7813
15727 2 2 102 102 7738 7739 7815
15728 2 2 102 102 7738 7815 7814
15729 2 2 102 102 7739 7740 7815
15730 2 2 102 102 7740 7816 7815
15731 2 2 102 102 7740 7741 7817
15732 2 2 102 102 7740 7817 7816
15733 2 2 102 102 7741 7742 7817
15734 2 2 102 102 7742 7818 7817
15735 2 2 102 102 7742 7743 7819
15736 2 2 102 102 7742 7819 7818
15737 2 2 102 102 7743 7744 7819
15738 2 2 102 102 7744 7820 7819
15739 2 2 102 102 7744 7745 7821
15740 2 2 102 102 7744 7821 7820
15741 2 2 102 102 7745 7746 7821
15742 2 2 102 102 7746 7822 7821
15743 2 2 102 102 7746 7747 7823
15744 2 2 102 102 7746 7823 7822
15745 2 2 102 102 7747 7748 7823
15746 2 2 102 102 7748 7824 7823
15747 2 2 102 102 7748 7749 7825
15748 2 2 102 102 7748 7825 7824
15749 2 2 102 102 7749 7750 7825
15750 2 2 102 102 7750 7826 7825
15751 2 2 102 102 7750 7751 7827
15752 2 2 102 102 7750 7827 7826
15753 2 2 102 102 7751 7752 7827
15754 2 2 102 102 7752 7828 7827
15755 2 2 102 102 7753 7754 7830
15756 2 2 102 102 7753 7830 7829
15757 2 2 102 102 7754 7755 7830
15758 2 2 102 102 7755 7831 7830
15759 2 2 102 102 7755 7756 7832
15760 2 2 102 102 7755 7832 7831
15761 2 2 102 102 7756 7757 7832
15762 2 2 102 102 7757 7833 7832
15763 2 2 102 102 7757 7758 7834
15764 2 2 102 102 7757 7834 7833
15765 2 2 102 102 7758 7759 7834
15766 2 2 102 102 7759 7835 7834
15767 2 2 102 102 7759 7760 7836
15768 2 2 102 102 7759 7836 7835
15769 2 2 102 102 7760 7761 7836
15770 2 2 102 102 7761 7837 7836
15771 2 2 102 102 7761 7762 7838
15772 2 2 102 102 7761 7838 7837
15773 2 2 102 102 7762 7763 7838
15774 2 2 102 102 7763 7839 7838
15775 2 2 102 102 7763 7764 7840
15776 2 2 102 102 7763 7840 7839
15777 2 2 102 102 7764 7765 7840
15778 2 2 102 102 7765 7841 7840
15779 2 2 102 102 7765 7766 7842
15780 2 2 102 102 7765 7842 7841
15781 2 2 102 102 7766 7767 7842
15782 2 2 102 102 7767 7843 7842
15783 2 2 102 102 7767 7768 7844
15784 2 2 102 102 7767 7844 7843
15785 2 2 102 102 7768 7769 7844
15786 2 2 102 102 7769 7845 7844
15787 2 2 102 102 7769 7770 7846
15788 2 2 102 102 7769 7846 7845
15789 2 2 102 102 7770 7771 7846
15790 2 2 102 102 7771 7847 7846
15791 2 2 102 102 7771 7772 7848
15792 2 2 102 102 7771 7848 7847
15793 2 2 102 102 7772 7773 7848
15794 2 2 102 102 7773 7849 7848
15795 2 2 102 102 7773 7774 7850
15796 2 2 102 102 7773 7850 7849
15797 2 2 102 102 7774 7775 7850
15798 2 2 102 102 7775 7851 7850
15799 2 2 102 102 7775 7776 7852
15800 2 2 102 102 7775 7852 7851
15801 2 2 102 102 7776 7777 7852
15802 2 2 102 102 7777 7853 7852
15803 2 2 102 102 7777 7778 7854
15804 2 2 102 102 7777 7854 7853
15805 2 2 102 102 7778 7779 7854
15806 2 2 102 102 7779 7855 7854
15807 2 2 102 102 7779 7780 7856
15808 2 2 102 102 7779 7856 7855
15809 2 2 102 102 7780 7781 7856
15810 2 2 102 102 7781 7857 7856
15811 2 2 102 102 7781 7782 7858
15812 2 2 102 102 7781 7858 7857
15813 2 2 102 102 7782 7783 7858
15814 2 2 102 102 7783 7859 7858
15815 2 2 102 102 7783 7784 7860
15816 2 2 102 102 7783 7860 7859
15817 2 2 102 102 7784 7785 7860
15818 2 2 102 102 7785 7861 7860
15819 2 2 102 102 7785 7786 7862
15820 2 2 102 102 7785 7862 7861
15821 2 2 102 102 7786 7787 7862
15822 2 2 102 102 7787 7863 7862
15823 2 2 102 102 7787 7788 7864
15824 2 2 102 102 7787 7864 7863
15825 2 2 102 102 7788 7789 7864
15826 2 2 102 102 7789 7865 7864
15827 2 2 102 102 7789 7790 7866
15828 2 2 102 102 7789 7866 7865
15829 2 2 102 102 7790 7791 7866
15830 2 2 102 102 7791 7867 7866
15831 2 2 102 102 7791 7792 7868
15832 2 2 102 102 7791 7868 7867
15833 2 2 102 102 7792 7793 7868
15834 2 2 102 102 7793 7869 7868
15835 2 2 102 102 7793 7794 7870
15836 2 2 102 102 7793 7870 7869
15837 2 2 102 102 7794 7795 7870
15838 2 2 102 102 7795 7871 7870
15839 2 2 102 102 7795 7796 7872
15840 2 2 102 102 7795 7872 7871
15841 2 2 102 102 7796 7797 7872
15842 2 2 102 102 7797 7873 7872
15843 2 2 102 102 7797 7798 7874
15844 2 2 102 102 7797 7874 7873
15845 2 2 102 102 7798 7799 7874
15846 2 2 102 102 7799 7875 7874
15847 2 2 102 102 7799 7800 7876
15848 2 2 102 102 7799 7876 7875
15849 2 2 102 102 7800 7801 7876
15850 2 2 102 102 7801 7877 7876
15851 2 2 102 102 7801 7802 7878
15852 2 2 102 102 7801 7878 7877
15853 2 2 102 102 7802 7803 7878
15854 2 2 102 102 7803 7879 7878
15855 2 2 102 102 7803 7804 7880
15856 2 2 102 102 7803 7880 7879
15857 2 2 102 102 7804 7805 7880
15858 2 2 102 102 7805 7881 7880
15859 2 2 102 102 7805 7806 7882
15860 2 2 102 102 7805 7882 7881
15861 2 2 102 102 7806 7807 7882
15862 2 2 102 102 7807 7883 7882
15863 2 2 102 102 7807 7808 7884
15864 2 2 102 102 7807 7884 7883
15865 2 2 102 102 7808 7809 7884
15866 2 2 102 102 7809 7885 7884
15867 2 2 102 102 7809 7810 7886
15868 2 2 102 102 7809 7886 7885
15869 2 2 102 102 7810 7811 7886
15870 2 2 102 102 7811 7887 7886
15871 2 2 102 102 7811 7812 7888
15872 2 2 102 102 7811 7888 7887
15873 2 2 102 102 7812 7813 7888
15874 2 2 102 102 7813 7889 7888
15875 2 2 102 102 7813 7814 7890
15876 2 2 102 102 7813 7890 7889
15877 2 2 102 102 7814 7815 7890
15878 2 2 102 102 7815 7891 7890
15879 2 2 102 102 7815 7816 7892
15880 2 2 102 102 7815 7892 7891
15881 2 2 102 102 7816 7817 7892
15882 2 2 102 102 7817 7893 7892
15883 2 2 102 102 7817 7818 7894
15884 2 2 102 102 7817 7894 7893
15885 2 2 102 102 7818 7819 7894
15886 2 2 102 102 7819 7895 7894
15887 2 2 102 102 7819 7820 7896
15888 2 2 102 102 7819 7896 7895
15889 2 2 102 102 7820 7821 7896
15890 2 2 102 102 7821 7897 7896
15891 2 2 102 102 7821 7822 7898
15892 2 2 102 102 7821 7898 7897
15893 2 2 102 102 7822 7823 7898
15894 2 2 102 102 7823 7899 7898
15895 2 2 102 102 7823 7824 7900
15896 2 2 102 102 7823 7900 7899
15897 2 2 102 102 7824 7825 7900
15898 2 2 102 102 7825 7901 7900
15899 2 2 102 102 7825 7826 7902
15900 2 2 102 102 7825 7902 7901
15901 2 2 102 102 7826 7827 7902
15902 2 2 102 102 7827 7903 7902
15903 2 2 102 102 7827 7828 7904
15904 2 2 102 102 7827 7904 7903
15905 2 2 102 102 7829 7830 7905
15906 2 2 102 102 7830 7906 7905
15907 2 2 102 102 7830 7831 7907
15908 2 2 102 102 7830 7907 7906
15909 2 2 102 102 7831 7832 7907
15910 2 2 102 102 7832 7908 7907
15911 2 2 102 102 7832 7833 7909
15912 2 2 102 102 7832 7909 7908
15913 2 2 102 102 7833 7834 7909
15914 2 2 102 102 7834 7910 7909
15915 2 2 102 102 7834 7835 7911
15916 2 2 102 102 7834 7911 7910
15917 2 2 102 102 7835 7836 7911
15918 2 2 102 102 7836 7912 7911
15919 2 2 102 102 7836 7837 7913
15920 2 2 102 102 7836 7913 7912
15921 2 2 102 102 7837 7838 7913
15922 2 2 102 102 7838 7914 7913
15923 2 2 102 102 7838 7839 7915
15924 2 2 102 102 7838 7915 7914
15925 2 2 102 102 7839 7840 7915
15926 2 2 102 102 7840 7916 7915
15927 2 2 102 102 7840 7841 7917
15928 2 2 102 102 7840 7917 7916
15929 2 2 102 102 7841 7842 7917
15930 2 2 102 102 7842 7918 7917
15931 2 2 102 102 7842 7843 7919
15932 2 2 102 102 7842 7919 7918
15933 2 2 102 102 7843 7844 7919
15934 2 2 102 102 7844 7920 7919
15935 2 2 102 102 7844 7845 7921
15936 2 2 102 102 7844 7921 7920
15937 2 2 102 102 7845 7846 7921
15938 2 2 102 102 7846 7922 7921
15939 2 2 102 102 7846 7847 7923
15940 2 2 102 102 7846 7923 7922
15941 2 2 102 102 7847 7848 7923
15942 2 2 102 102 7848 7924 7923
15943 2 2 102 102 7848 7849 7925
15944 2 2 102 102 7848 7925 7924
15945 2 2 102 102 7849 7850 7925
15946 2 2 102 102 7850 7926 7925
15947 2 2 102 102 7850 7851 7927
15948 2 2 102 102 7850 7927 7926
15949 2 2 102 102 7851 7852 7927
15950 2 2 102 102 7852 7928 7927
15951 2 2 102 102 7852 7853 7929
15952 2 2 102 102 7852 7929 7928
15953 2 2 102 102 7853 7854 7929
15954 2 2 102 102 7854 7930 7929
15955 2 2 102 102 7854 7855 7931
15956 2 2 102 102 7854 7931 7930
15957 2 2 102 102 7855 7856 7931
15958 2 2 102 102 7856 7932 7931
15959 2 2 102 102 7856 7857 7933
15960 2 2 102 102 7856 7933 7932
15961 2 2 102 102 7857 7858 7933
15962 2 2 102 102 7858 7934 7933
15963 2 2 102 102 7858 7859 7935
15964 2 2 102 102 7858 7935 7934
15965 2 2 102 102 7859 7860 7935
15966 2 2 102 102 7860 7936 7935
15967 2 2 102 102 7860 7861 7937
15968 2 2 102 102 7860 7937 7936
15969 2 2 102 102 7861 7862 7937
15970 2 2 102 102 7862 7938 7937
15971 2 2 102 102 7862 7863 7939
15972 2 2 102 102 7862 7939 7938
15973 2 2 102 102 7863 7864 7939
15974 2 2 102 102 7864 7940 7939
15975 2 2 102 102 7864 7865 7941
15976 2 2 102 102 7864 7941 7940
15977 2 2 102 102 7865 7866 7941
15978 2 2 102 102 7866 7942 7941
15979 2 2 102 102 7866 7867 7943
15980 2 2 102 102 7866 7943 7942
15981 2 2 102 102 7867 7868 7943
15982 2 2 102 102 7868 7944 7943
15983 2 2 102 102 7868 7869 7945
15984 2 2 102 102 7868 7945 7944
15985 2 2 102 102 7869 7870 7945
15986 2 2 102 102 7870 7946 7945
15987 2 2 102 102 7870 7871 7947
15988 2 2 102 102 7870 7947 7946
15989 2 2 102 102 7871 7872 7947
15990 2 2 102 102 7872 7948 7947
15991 2 2 102 102 7872 7873 7949
15992 2 2 102 102 7872 7949 7948
15993 2 2 102 102 7873 7874 7949
15994 2 2 102 102 7874 7950 7949
15995 2 2 102 102 7874 7875 7951
15996 2 2 102 102 7874 7951 7950
15997 2 2 102 102 7875 7876 7951
15998 2 2 102 102 7876 7952 7951
15999 2 2 102 102 7876 7877 7953
16000 2 2 102 102 7876 7953 7952
16001 2 2 102 102 7877 7878 7953
16002 2 2 102 102 7878 7954 7953
16003 2 2 102 102 7878 7879 7955
16004 2 2 102 102 7878 7955 7954
16005 2 2 102 102 7879 7880 7955
16006 2 2 102 102 7880 7956 7955
16007 2 2 102 102 7880 7881 7957
16008 2 2 102 102 7880 7957 7956
16009 2 2 102 102 7881 7882 7957
16010 2 2 102 102 7882 7958 7957
16011 2 2 102 102 7882 7883 7959
16012 2 2 102 102 7882 7959 7958
16013 2 2 102 102 7883 7884 7959
16014 2 2 102 102 7884 7960 7959
16015 2 2 102 102 7884 7885 7961
16016 2 2 102 102 7884 7961 7960
16017 2 2 102 102 7885 7886 7961
16018 2 2 102 102 7886 7962 7961
16019 2 2 102 102 7886 7887 7963
16020 2 2 102 102 7886 7963 7962
16021 2 2 102 102 7887 7888 7963
16022 2 2 102 102 7888 7964 7963
16023 2 2 102 102 7888 7889 7965
16024 2 2 102 102 7888 7965 7964
16025 2 2 102 102 7889 7890 7965
16026 2 2 102 102 7890 7966 7965
16027 2 2 102 102 7890 7891 7967
16028 2 2 102 102 7890 7967 7966
16029 2 2 102 102 7891 7892 7967
16030 2 2 102 102 7892 7968 7967
16031 2 2 102 102 7892 7893 7969
16032 2 2 102 102 7892 7969 7968
16033 2 2 102 102 7893 7894 7969
16034 2 2 102 102 7894 7970 7969
16035 2 2 102 102 7894 7895 7971
16036 2 2 102 102 7894 7971 7970
16037 2 2 102 102 7895 7896 7971
16038 2 2 102 102 7896 7972 7971
16039 2 2 102 102 7896 7897 7973
16040 2 2 102 102 7896 7973 7972
16041 2 2 102 102 7897 7898 7973
16042 2 2 102 102 7898 7974 7973
16043 2 2 102 102 7898 7899 7975
16044 2 2 102 102 7898 7975 7974
16045 2 2 102 102 7899 7900 7975
16046 2 2 102 102 7900 7976 7975
16047 2 2 102 102 7900 7901 7977
16048 2 2 102 102 7900 7977 7976
16049 2 2 102 102 7901 7902 7977
16050 2 2 102 102 7902 7978 7977
16051 2 2 102 102 7902 7903 7979
16052 2 2 102 102 7902 7979 7978
16053 2 2 102 102 7903 7904 7979
16054 2 2 102 102 7904 7980 7979
16055 2 2 102 102 7905 7906 7982
16056 2 2 102 102 7905 7982 7981
16057 2 2 102 102 7906 7907 7982
16058 2 2 102 102 7907 7983 7982
16059 2 2 102 102 7907 7908 7984
16060 2 2 102 102 7907 7984 7983
16061 2 2 102 102 7908 7909 7984
16062 2 2 102 102 7909 7985 7984
16063 2 2 102 102 7909 7910 7986
16064 2 2 102 102 7909 7986 7985
16065 2 2 102 102 7910 7911 7986
16066 2 2 102 102 7911 7987 7986
16067 2 2 102 102 7911 7912 7988
16068 2 2 102 102 7911 7988 7987
16069 2 2 102 102 7912 7913 7988
16070 2 2 102 102 7913 7989 7988
16071 2 2 102 102 7913 7914 7990
16072 2 2 102 102 7913 7990 7989
16073 2 2 102 102 7914 7915 7990
16074 2 2 102 102 7915 7991 7990
16075 2 2 102 102 7915 7916 7992
16076 2 2 102 102 7915 7992 7991
16077 2 2 102 102 7916 7917 7992
16078 2 2 102 102 7917 7993 7992
16079 2 2 102 102 7917 7918 7994
16080 2 2 102 102 7917 7994 7993
16081 2 2 102 102 7918 7919 7994
16082 2 2 102 102 7919 7995 7994
16083 2 2 102 102 7919 7920 7996
16084 2 2 102 102 7919 7996 7995
16085 2 2 102 102 7920 7921 7996
16086 2 2 102 102 7921 7997 7996
16087 2 2 102 102 7921 7922 7998
16088 2 2 102 102 7921 7998 7997
16089 2 2 102 102 7922 7923 7998
16090 2 2 102 102 7923 7999 7998
16091 2 2 102 102 7923 7924 8000
16092 2 2 102 102 7923 8000 7999
16093 2 2 102 102 7924 7925 8000
16094 2 2 102 102 7925 8001 8000
16095 2 2 102 102 7925 7926 8002
16096 2 2 102 102 7925 8002 8001
16097 2 2 102 102 7926 7927 8002
16098 2 2 102 102 7927 8003 8002
16099 2 2 102 102 7927 7928 8004
16100 2 2 102 102 7927 8004 8003
16101 2 2 102 102 7928 7929 8004
16102 2 2 102 102 7929 8005 8004
16103 2 2 102 102 7929 7930 8006
16104 2 2 102 102 7929 8006 8005
16105 2 2 102 102 7930 7931 8006
16106 2 2 102 102 7931 8007 8006
16107 2 2 102 102 7931 7932 8008
16108 2 2 102 102 7931 8008 8007
16109 2 2 102 102 7932 7933 8008
16110 2 2 102 102 7933 8009 8008
16111 2 2 102 102 7933 7934 8010
16112 2 2 102 102 7933 8010 8009
16113 2 2 102 102 7934 7935 8010
16114 2 2 102 102 7935 8011 8010
16115 2 2 102 102 7935 7936 8012
16116 2 2 102 102 7935 8012 8011
16117 2 2 102 102 7936 7937 8012
16118 2 2 102 102 7937 8013 8012
16119 2 2 102 102 7937 7938 8014
16120 2 2 102 102 7937 8014 8013
16121 2 2 102 102 7938 7939 8014
16122 2 2 102 102 7939 8015 8014
16123 2 2 102 102 7939 7940 8016
16124 2 2 102 102 7939 8016 8015
16125 2 2 102 102 7940 7941 8016
16126 2 2 102 102 7941 8017 8016
16127 2 2 102 102 7941 7942 8018
16128 2 2 102 102 7941 8018 8017
16129 2 2 102 102 7942 7943 8018
16130 2 2 102 102 7943 8019 8018
16131 2 2 102 102 7943 7944 8020
16132 2 2 102 102 7943 8020 8019
16133 2 2 102 102 7944 7945 8020
16134 2 2 102 102 7945 8021 8020
16135 2 2 102 102 7945 7946 8022
16136 2 2 102 102 7945 8022 8021
16137 2 2 102 102 7946 7947 8022
16138 2 2 102 102 7947 8023 8022
16139 2 2 102 102 7947 7948 8024
16140 2 2 102 102 7947 8024 8023
16141 2 2 102 102 7948 7949 8024
16142 2 2 102 102 7949 8025 8024
16143 2 2 102 102 7949 7950 8026
16144 2 2 102 102 7949 8026 8025
16145 2 2 102 102 7950 7951 8026
16146 2 2 102 102 7951 8027 8026
16147 2 2 102 102 7951 7952 8028
16148 2 2 102 102 7951 8028 8027
16149 2 2 102 102 7952 7953 8028
16150 2 2 102 102 7953 8029 8028
16151 2 2 102 102 7953 7954 8030
16152 2 2 102 102 7953 8030 8029
16153 2 2 102 102 7954 7955 8030
16154 2 2 102 102 7955 8031 8030
16155 2 2 102 102 7955 7956 8032
16156 2 2 102 102 7955 8032 8031
16157 2 2 102 102 7956 7957 8032
16158 2 2 102 102 7957 8033 8032
16159 2 2 102 102 7957 7958 8034
16160 2 2 102 102 7957 8034 8033
16161 2 2 102 102 7958 7959 8034
16162 2 2 102 102 7959 8035 8034
16163 2 2 102 102 7959 7960 8036
16164 2 2 102 102 7959 8036 8035
16165 2 2 102 102 7960 7961 8036
16166 2 2 102 102 7961 8037 8036
16167 2 2 102 102 7961 7962 8038
16168 2 2 102 102 7961 8038 8037
16169 2 2 102 102 7962 7963 8038
16170 2 2 102 102 7963 8039 8038
16171 2 2 102 102 7963 7964 8040
16172 2 2 102 102 7963 8040 8039
16173 2 2 102 102 7964 7965 8040
16174 2 2 102 102 7965 8041 8040
16175 2 2 102 102 7965 7966 8042
16176 2 2 102 102 7965 8042 8041
16177 2 2 102 102 7966 7967 8042
16178 2 2 102 102 7967 8043 8042
16179 2 2 102 102 7967 7968 8044
16180 2 2 102 102 7967 8044 8043
16181 2 2 102 102 7968 7969 8044
16182 2 2 102 102 7969 8045 8044
16183 2 2 102 102 7969 7970 8046
16184 2 2 102 102 7969 8046 8045
16185 2 2 102 102 7970 7971 8046
16186 2 2 102 102 7971 8047 8046
16187 2 2 102 102 7971 7972 8048
16188 2 2 102 102 7971 8048 8047
16189 2 2 102 102 7972 7973 8048
16190 2 2 102 102 7973 8049 8048
16191 2 2 102 102 7973 7974 8050
16192 2 2 102 102 7973 8050 8049
16193 2 2 102 102 7974 7975 8050
16194 2 2 102 102 7975 8051 8050
16195 2 2 102 102 7975 7976 8052
16196 2 2 102 102 7975 8052 8051
16197 2 2 102 102 7976 7977 8052
16198 2 2 102 102 7977 8053 8052
16199 2 2 102 102 7977 7978 8054
16200 2 2 102 102 7977 8054 8053
16201 2 2 102 102 7978 7979 8054
16202 2 2 102 102 7979 8055 8054
16203 2 2 102 102 7979 7980 8056
16204 2 2 102 102 7979 8056 8055
16205 2 2 102 102 7981 7982 8057
16206 2 2 102 102 7982 8058 8057
16207 2 2 102 102 7982 7983 8059
16208 2 2 102 102 7982 8059 8058
16209 2 2 102 102 7983 7984 8059
16210 2 2 102 102 7984 8060 8059
16211 2 2 102 102 7984 7985 8061
16212 2 2 102 102 7984 8061 8060
16213 2 2 102 102 7985 7986 8061
16214 2 2 102 102 7986 8062 8061
16215 2 2 102 102 7986 7987 8063
16216 2 2 102 102 7986 8063 8062
16217 2 2 102 102 7987 7988 8063
16218 2 2 102 102 7988 8064 8063
16219 2 2 102 102 7988 7989 8065
16220 2 2 102 102 7988 8065 8064
16221 2 2 102 102 7989 7990 8065
16222 2 2 102 102 7990 8066 8065
16223 2 2 102 102 7990 7991 8067
16224 2 2 102 102 7990 8067 8066
16225 2 2 102 102 7991 7992 8067
16226 2 2 102 102 7992 8068 8067
16227 2 2 102 102 7992 7993 8069
16228 2 2 102 102 7992 8069 8068
16229 2 2 102 102 7993 7994 8069
16230 2 2 102 102 7994 8070 8069
16231 2 2 102 102 7994 7995 8071
16232 2 2 102 102 7994 8071 8070
16233 2 2 102 102 7995 7996 8071
16234 2 2 102 102 7996 8072 8071
16235 2 2 102 102 7996 7997 8073
16236 2 2 102 102 7996 8073 8072
16237 2 2 102 102 7997 7998 8073
16238 2 2 102 102 7998 8074 8073
16239 2 2 102 102 7998 7999 8075
16240 2 2 102 102 7998 8075 8074
16241 2 2 102 102 7999 8000 8075
16242 2 2 102 102 8000 8076 8075
16243 2 2 102 102 8000 8001 8077
16244 2 2 102 102 8000 8077 8076
16245 2 2 102 102 8001 8002 8077
16246 2 2 102 102 8002 8078 8077
16247 2 2 102 102 8002 8003 8079
16248 2 2 102 102 8002 8079 8078
16249 2 2 102 102 8003 8004 8079
16250 2 2 102 102 8004 8080 8079
16251 2 2 102 102 8004 8005 8081
16252 2 2 102 102 8004 8081 8080
16253 2 2 102 102 8005 8006 8081
16254 2 2 102 102 8006 8082 8081
16255 2 2 102 102 8006 8007 8083
16256 2 2 102 102 8006 8083 8082
16257 2 2 102 102 8007 8008 8083
16258 2 2 102 102 8008 8084 8083
16259 2 2 102 102 8008 8009 8085
16260 2 2 102 102 8008 8085 8084
16261 2 2 102 102 8009 8010 8085
16262 2 2 102 102 8010 8086 8085
16263 2 2 102 102 8010 8011 8087
16264 2 2 102 102 8010 8087 8086
16265 2 2 102 102 8011 8012 8087
16266 2 2 102 102 8012 8088 8087
16267 2 2 102 102 8012 8013 8089
16268 2 2 102 102 8012 8089 8088
16269 2 2 102 102 8013 8014 8089
16270 2 2 102 102 8014 8090 8089
16271 2 2 102 102 8014 8015 8091
16272 2 2 102 102 8014 8091 8090
16273 2 2 102 102 8015 8016 8091
16274 2 2 102 102 8016 8092 8091
16275 2 2 102 102 8016 8017 8093
16276 2 2 102 102 8016 8093 8092
16277 2 2 102 102 8017 8018 8093
16278 2 2 102 102 8018 8094 8093
16279 2 2 102 102 8018 8019 8095
16280 2 2 102 102 8018 8095 8094
16281 2 2 102 102 8019 8020 8095
16282 2 2 102 102 8020 8096 8095
16283 2 2 102 102 8020 8021 8097
16284 2 2 102 102 8020 8097 8096
16285 2 2 102 102 8021 8022 8097
16286 2 2 102 102 8022 8098 8097
16287 2 2 102 102 8022 8023 8099
16288 2 2 102 102 8022 8099 8098
16289 2 2 102 102 8023 8024 8099
16290 2 2 102 102 8024 8100 8099
16291 2 2 102 102 8024 8025 8101
16292 2 2 102 102 8024 8101 8100
16293 2 2 102 102 8025 8026 8101
16294 2 2 102 102 8026 8102 8101
16295 2 2 102 102 8026 8027 8103
16296 2 2 102 102 8026 8103 8102
16297 2 2 102 102 8027 8028 8103
16298 2 2 102 102 8028 8104 8103
16299 2 2 102 102 8028 8029 8105
16300 2 2 102 102 8028 8105 8104
16301 2 2 102 102 8029 8030 8105
16302 2 2 102 102 8030 8106 8105
16303 2 2 102 102 8030 8031 8107
16304 2 2 102 102 8030 8107 8106
16305 2 2 102 102 8031 8032 8107
16306 2 2 102 102 8032 8108 8107
16307 2 2 102 102 8032 8033 8109
16308 2 2 102 102 8032 8109 8108
16309 2 2 102 102 8033 8034 8109
16310 2 2 102 102 8034 8110 8109
16311 2 2 102 102 8034 8035 8111
16312 2 2 102 102 8034 8111 8110
16313 2 2 102 102 8035 8036 8111
16314 2 2 102 102 8036 8112 8111
16315 2 2 102 102 8036 8037 8113
16316 2 2 102 102 8036 8113 8112
16317 2 2 102 102 8037 8038 8113
16318 2 2 102 102 8038 8114 8113
16319 2 2 102 102 8038 8039 8115
16320 2 2 102 102 8038 8115 8114
16321 2 2 102 102 8039 8040 8115
16322 2 2 102 102 8040 8116 8115
16323 2 2 102 102 8040 8041 8117
16324 2 2 102 102 8040 8117 8116
16325 2 2 102 102 8041 8042 8117
16326 2 2 102 102 8042 8118 8117
16327 2 2 102 102 8042 8043 8119
16328 2 2 102 102 8042 8119 8118
16329 2 2 102 102 8043 8044 8119
16330 2 2 102 102 8044 8120 8119
16331 2 2 102 102 8044 8045 8121
16332 2 2 102 102 8044 8121 8120
16333 2 2 102 102 8045 8046 8121
16334 2 2 102 102 8046 8122 8121
16335 2 2 102 102 8046 8047 8123
16336 2 2 102 102 8046 8123 8122
16337 2 2 102 102 8047 8048 8123
16338 2 2 102 102 8048 8124 8123
16339 2 2 102 102 8048 8049 8125
16340 2 2 102 102 8048 8125 8124
16341 2 2 102 102 8049 8050 8125
16342 2 2 102 102 8050 8126 8125
16343 2 2 102 102 8050 8051 8127
16344 2 2 102 102 8050 8127 8126
16345 2 2 102 102 8051 8052 8127
16346 2 2 102 102 8052 8128 8127
16347 2 2 102 102 8052 8053 8129
16348 2 2 102 102 8052 8129 8128
16349 2 2 102 102 8053 8054 8129
16350 2 2 102 102 8054 8130 8129
16351 2 2 102 102 8054 8055 8131
16352 2 2 102 102 8054 8131 8130
16353 2 2 102 102 8055 8056 8131
16354 2 2 102 102 8056 8132 8131
16355 2 2 102 102 8057 8058 8134
16356 2 2 102 102 8057 8134 8133
16357 2 2 102 102 8058 8059 8134
16358 2 2 102 102 8059 8135 8134
16359 2 2 102 102 8059 8060 8136
16360 2 2 102 102 8059 8136 8135
16361 2 2 102 102 8060 8061 8136
16362 2 2 102 102 8061 8137 8136
16363 2 2 102 102 8061 8062 8138
16364 2 2 102 102 8061 8138 8137
16365 2 2 102 102 8062 8063 8138
16366 2 2 102 102 8063 8139 8138
16367 2 2 102 102 8063 8064 8140
16368 2 2 102 102 8063 8140 8139
16369 2 2 102 102 8064 8065 8140
16370 2 2 102 102 8065 8141 8140
16371 2 2 102 102 8065 8066 8142
16372 2 2 102 102 8065 8142 8141
16373 2 2 102 102 8066 8067 8142
16374 2 2 102 102 8067 8143 8142
16375 2 2 102 102 8067 8068 8144
16376 2 2 102 102 8067 8144 8143
16377 2 2 102 102 8068 8069 8144
16378 2 2 102 102 8069 8145 8144
16379 2 2 102 102 8069 8070 8146
16380 2 2 102 102 8069 8146 8145
16381 2 2 102 102 8070 8071 8146
16382 2 2 102 102 8071 8147 8146
16383 2 2 102 102 8071 8072 8148
16384 2 2 102 102 8071 8148 8147
16385 2 2 102 102 8072 8073 8148
16386 2 2 102 102 8073 8149 8148
16387 2 2 102 102 8073 8074 8150
16388 2 2 102 102 8073 8150 8149
16389 2 2 102 102 8074 8075 8150
16390 2 2 102 102 8075 8151 8150
16391 2 2 102 102 8075 8076 8152
16392 2 2 102 102 8075 8152 8151
16393 2 2 102 102 8076 8077 8152
16394 2 2 102 102 8077 8153 8152
16395 2 2 102 102 8077 8078 8154
16396 2 2 102 102 8077 8154 8153
16397 2 2 102 102 8078 8079 8154
16398 2 2 102 102 8079 8155 8154
16399 2 2 102 102 8079 8080 8156
16400 2 2 102 102 8079 8156 8155
16401 2 2 102 102 8080 8081 8156
16402 2 2 102 102 8081 8157 8156
16403 2 2 102 102 8081 8082 8158
16404 2 2 102 102 8081 8158 8157
16405 2 2 102 102 8082 8083 8158
16406 2 2 102 102 8083 8159 8158
16407 2 2 102 102 8083 8084 8160
16408 2 2 102 102 8083 8160 8159
16409 2 2 102 102 8084 8085 8160
16410 2 2 102 102 8085 8161 8160
16411 2 2 102 102 8085 8086 8162
16412 2 2 102 102 8085 8162 8161
16413 2 2 102 102 8086 8087 8162
16414 2 2 102 102 8087 8163 8162
16415 2 2 102 102 8087 8088 8164
16416 2 2 102 102 8087 8164 8163
16417 2 2 102 102 8088 8089 8164
16418 2 2 102 102 8089 8165 8164
16419 2 2 102 102 8089 8090 8166
16420 2 2 102 102 8089 8166 8165
16421 2 2 102 102 8090 8091 8166
16422 2 2 102 102 8091 8167 8166
16423 2 2 102 102 8091 8092 8168
16424 2 2 102 102 8091 8168 8167
16425 2 2 102 102 8092 8093 8168
16426 2 2 102 102 8093 8169 8168
16427 2 2 102 102 8093 8094 8170
16428 2 2 102 102 8093 8170 8169
16429 2 2 102 102 8094 8095 8170
16430 2 2 102 102 8095 8171 8170
16431 2 2 102 102 8095 8096 8172
16432 2 2 102 102 8095 8172 8171
16433 2 2 102 102 8096 8097 8172
16434 2 2 102 102 8097 8173 8172
16435 2 2 102 102 8097 8098 8174
16436 2 2 102 102 8097 8174 8173
16437 2 2 102 102 8098 8099 8174
16438 2 2 102 102 8099 8175 8174
16439 2 2 102 102 8099 8100 8176
16440 2 2 102 102 8099 8176 8175
16441 2 2 102 102 8100 8101 8176
16442 2 2 102 102 8101 8177 8176
16443 2 2 102 102 8101 8102 8178
16444 2 2 102 102 8101 8178 8177
16445 2 2 102 102 8102 8103 8178
16446 2 2 102 102 8103 8179 8178
16447 2 2 102 102 8103 8104 8180
16448 2 2 102 102 8103 8180 8179
16449 2 2 102 102 8104 8105 8180
16450 2 2 102 102 8105 8181 8180
16451 2 2 102 102 8105 8106 8182
16452 2 2 102 102 8105 8182 8181
16453 2 2 102 102 8106 8107 8182
16454 2 2 102 102 8107 8183 8182
16455 2 2 102 102 8107 8108 8184
16456 2 2 102 102 8107 8184 8183
16457 2 2 102 102 8108 8109 8184
16458 2 2 102 102 8109 8185 8184
16459 2 2 102 102 8109 8110 8186
16460 2 2 102 102 8109 8186 8185
16461 2 2 102 102 8110 8111 8186
16462 2 2 102 102 8111 8187 8186
16463 2 2 102 102 8111 8112 8188
16464 2 2 102 102 8111 8188 8187
16465 2 2 102 102 8112 8113 8188
16466 2 2 102 102 8113 8189 8188
16467 2 2 102 102 8113 8114 8190
16468 2 2 102 102 8113 8190 8189
16469 2 2 102 102 8114 8115 8190
16470 2 2 102 102 8115 8191 8190
16471 2 2 102 102 8115 8116 8192
16472 2 2 102 102 8115 8192 8191
16473 2 2 102 102 8116 8117 8192
16474 2 2 102 102 8117 8193 8192
16475 2 2 102 102 8117 8118 8194
16476 2 2 102 102 8117 8194 8193
16477 2 2 102 102 8118 8119 8194
16478 2 2 102 102 8119 8195 8194
16479 2 2 102 102 8119 8120 8196
16480 2 2 102 102 8119 8196 8195
16481 2 2 102 102 8120 8121 8196
16482 2 2 102 102 8121 8197 8196
16483 2 2 102 102 8121 8122 8198
16484 2 2 102 102 8121 8198 8197
16485 2 2 102 102 8122 8123 8198
16486 2 2 102 102 8123 8199 8198
16487 2 2 102 102 8123 8124 8200
16488 2 2 102 102 8123 8200 8199
16489 2 2 102 102 8124 8125 8200
16490 2 2 102 102 8125 8201 8200
16491 2 2 102 102 8125 8126 8202
16492 2 2 102 102 8125 8202 8201
16493 2 2 102 102 8126 8127 8202
16494 2 2 102 102 8127 8203 8202
16495 2 2 102 102 8127 8128 8204
16496 2 2 102 102 8127 8204 8203
16497 2 2 102 102 8128 8129 8204
16498 2 2 102 102 8129 8205 8204
16499 2 2 102 102 8129 8130 8206
16500 2 2 102 102 8129 8206 8205
16501 2 2 102 102 8130 8131 8206
16502 2 2 102 102 8131 8207 8206
16503 2 2 102 102 8131 8132 8208
16504 2 2 102 102 8131 8208 8207
16505 2 2 102 102 8133 8134 8209
16506 2 2 102 102 8134 8210 8209
16507 2 2 102 102 8134 8135 8211
16508 2 2 102 102 8134 8211 8210
16509 2 2 102 102 8135 8136 8211
16510 2 2 102 102 8136 8212 8211
16511 2 2 102 102 8136 8137 8213
16512 2 2 102 102 8136 8213 8212
16513 2 2 102 102 8137 8138 8213
16514 2 2 102 102 8138 8214 8213
16515 2 2 102 102 8138 8139 8215
16516 2 2 102 102 8138 8215 8214
16517 2 2 102 102 8139 8140 8215
16518 2 2 102 102 8140 8216 8215
16519 2 2 102 102 8140 8141 8217
16520 2 2 102 102 8140 8217 8216
16521 2 2 102 102 8141 8142 8217
16522 2 2 102 102 8142 8218 8217
16523 2 2 102 102 8142 8143 8219
16524 2 2 102 102 8142 8219 8218
16525 2 2 102 102 8143 8144 8219
16526 2 2 102 102 8144 8220 8219
16527 2 2 102 102 8144 8145 8221
16528 2 2 102 102 8144 8221 8220
16529 2 2 102 102 8145 8146 8221
16530 2 2 102 102 8146 8222 8221
16531 2 2 102 102 8146 8147 8223
16532 2 2 102 102 8146 8223 8222
16533 2 2 102 102 8147 8148 8223
16534 2 2 102 102 8148 8224 8223
16535 2 2 102 102 8148 8149 8225
16536 2 2 102 102 8148 8225 8224
16537 2 2 102 102 8149 8150 8225
16538 2 2 102 102 8150 8226 8225
16539 2 2 102 102 8150 8151 8227
16540 2 2 102 102 8150 8227 8226
16541 2 2 102 102 8151 8152 8227
16542 2 2 102 102 8152 8228 8227
16543 2 2 102 102 8152 8153 8229
16544 2 2 102 102 8152 8229 8228
16545 2 2 102 102 8153 8154 8229
16546 2 2 102 102 8154 8230 8229
16547 2 2 102 102 8154 8155 8231
16548 2 2 102 102 8154 8231 8230
16549 2 2 102 102 8155 8156 8231
16550 2 2 102 102 8156 8232 8231
16551 2 2 102 102 8156 8157 8233
16552 2 2 102 102 8156 8233 8232
16553 2 2 102 102 8157 8158 8233
16554 2 2 102 102 8158 8234 8233
16555 2 2 102 102 8158 8159 8235
16556 2 2 102 102 8158 8235 8234
16557 2 2 102 102 8159 8160 8235
16558 2 2 102 102 8160 8236 8235
16559 2 2 102 102 8160 8161 8237
16560 2 2 102 102 8160 8237 8236
16561 2 2 102 102 8161 8162 8237
16562 2 2 102 102 8162 8238 8237
16563 2 2 102 102 8162 8163 8239
16564 2 2 102 102 8162 8239 8238
16565 2 2 102 102 8163 8164 8239
16566 2 2 102 102 8164 8240 8239
16567 2 2 102 102 8164 8165 8241
16568 2 2 102 102 8164 8241 8240
16569 2 2 102 102 8165 8166 8241
16570 2 2 102 102 8166 8242 8241
16571 2 2 102 102 8166 8167 8243
16572 2 2 102 102 8166 8243 8242
16573 2 2 102 102 8167 8168 8243
16574 2 2 102 102 8168 8244 8243
16575 2 2 102 102 8168 8169 8245
16576 2 2 102 102 8168 8245 8244
16577 2 2 102 102 8169 8170 8245
16578 2 2 102 102 8170 8246 8245
16579 2 2 102 102 8170 8171 8247
16580 2 2 102 102 8170 8247 8246
16581 2 2 102 102 8171 8172 8247
16582 2 2 102 102 8172 8248 8247
16583 2 2 102 102 8172 8173 8249
16584 2 2 102 102 8172 8249 8248
16585 2 2 102 102 8173 8174 8249
16586 2 2 102 102 8174 8250 8249
16587 2 2 102 102 8174 8175 8251
16588 2 2 102 102 8174 8251 8250
16589 2 2 102 102 8175 8176 8251
16590 2 2 102 102 8176 8252 8251
16591 2 2 102 102 8176 8177 8253
16592 2 2 102 102 8176 8253 8252
16593 2 2 102 102 8177 8178 8253
16594 2 2 102 102 8178 8254 8253
16595 2 2 102 102 8178 8179 8255
16596 2 2 102 102 8178 8255 8254
16597 2 2 102 102 8179 8180 8255
16598 2 2 102 102 8180 8256 8255
16599 2 2 102 102 8180 8181 8257
16600 2 2 102 102 8180 8257 8256
16601 2 2 102 102 8181 8182 8257
16602 2 2 102 102 8182 8258 8257
16603 2 2 102 102 8182 8183 8259
16604 2 2 102 102 8182 8259 8258
16605 2 2 102 102 8183 8184 8259
16606 2 2 102 102 8184 8260 8259
16607 2 2 102 102 8184 8185 8261
16608 2 2 102 102 8184 8261 8260
16609 2 2 102 102 8185 8186 8261
16610 2 2 102 102 8186 8262 8261
16611 2 2 102 102 8186 8187 8263
16612 2 2 102 102 8186 8263 8262
16613 2 2 102 102 8187 8188 8263
16614 2 2 102 102 8188 8264 8263
16615 2 2 102 102 8188 8189 8265
16616 2 2 102 102 8188 8265 8264
16617 2 2 102 102 8189 8190 8265
16618 2 2 102 102 8190 8266 8265
16619 2 2 102 102 8190 8191 8267
16620 2 2 102 102 8190 8267 8266
16621 2 2 102 102 8191 8192 8267
16622 2 2 102 102 8192 8268 8267
16623 2 2 102 102 8192 8193 8269
16624 2 2 102 102 8192 8269 8268
16625 2 2 102 102 8193 8194 8269
16626 2 2 102 102 8194 8270 8269
16627 2 2 102 102 8194 8195 8271
16628 2 2 102 102 8194 8271 8270
16629 2 2 102 102 8195 8196 8271
16630 2 2 102 102 8196 8272 8271
16631 2 2 102 102 8196 8197 8273
16632 2 2 102 102 8196 8273 8272
16633 2 2 102 102 8197 8198 8273
16634 2 2 102 102 8198 8274 8273
16635 2 2 102 102 8198 8199 8275
16636 2 2 102 102 8198 8275 8274
16637 2 2 102 102 8199 8200 8275
16638 2 2 102 102 8200 8276 8275
16639 2 2 102 102 8200 8201 8277
16640 2 2 102 102 8200 8277 8276
16641 2 2 102 102 8201 8202 8277
16642 2 2 102 102 8202 8278 8277
16643 2 2 102 102 8202 8203 8279
16644 2 2 102 102 8202 8279 8278
16645 2 2 102 102 8203 8204 8279
16646 2 2 102 102 8204 8280 8279
16647 2 2 102 102 8204 8205 8281
16648 2 2 102 102 8204 8281 8280
16649 2 2 102 102 8205 8206 8281
16650 2 2 102 102 8206 8282 8281
16651 2 2 102 102 8206 8207 8283
16652 2 2 102 102 8206 8283 8282
16653 2 2 102 102 8207 8208 8283
16654 2 2 102 102 8208 8284 8283
16655 2 2 102 102 8209 8210 8286
16656 2 2 102 102 8209 8286 8285
16657 2 2 102 102 8210 8211 8286
16658 2 2 102 102 8211 8287 8286
16659 2 2 102 102 8211 8212 8288
16660 2 2 102 102 8211 8288 8287
16661 2 2 102 102 8212 8213 8288
16662 2 2 102 102 8213 8289 8288
16663 2 2 102 102 8213 8214 8290
16664 2 2 102 102 8213 8290 8289
16665 2 2 102 102 8214 8215 8290
16666 2 2 102 102 8215 8291 8290
16667 2 2 102 102 8215 8216 8292
16668 2 2 102 102 8215 8292 8291
16669 2 2 102 102 8216 8217 8292
16670 2 2 102 102 8217 8293 8292
16671 2 2 102 102 8217 8218 8294
16672 2 2 102 102 8217 8294 8293
16673 2 2 102 102 8218 8219 8294
16674 2 2 102 102 8219 8295 8294
16675 2 2 102 102 8219 8220 8296
16676 2 2 102 102 8219 8296 8295
16677 2 2 102 102 8220 8221 8296
16678 2 2 102 102 8221 8297 8296
16679 2 2 102 102 8221 8222 8298
16680 2 2 102 102 8221 8298 8297
16681 2 2 102 102 8222 8223 8298
16682 2 2 102 102 8223 8299 8298
16683 2 2 102 102 8223 8224 8300
16684 2 2 102 102 8223 8300 8299
16685 2 2 102 102 8224 8225 8300
16686 2 2 102 102 8225 8301 8300
16687 2 2 102 102 8225 8226 8302
16688 2 2 102 102 8225 8302 8301
16689 2 2 102 102 8226 8227 8302
16690 2 2 102 102 8227 8303 8302
16691 2 2 102 102 8227 8228 8304
16692 2 2 102 102 8227 8304 8303
16693 2 2 102 102 8228 8229 8304
16694 2 2 102 102 8229 8305 8304
16695 2 2 102 102 8229 8230 8306
16696 2 2 102 102 8229 8306 8305
16697 2 2 102 102 8230 8231 8306
16698 2 2 102 102 8231 8307 8306
16699 2 2 102 102 8231 8232 8308
16700 2 2 102 102 8231 8308 8307
16701 2 2 102 102 8232 8233 8308
16702 2 2 102 102 8233 8309 8308
16703 2 2 102 102 8233 8234 8310
16704 2 2 102 102 8233 8310 8309
16705 2 2 102 102 8234 8235 8310
16706 2 2 102 102 8235 8311 8310
16707 2 2 102 102 8235 8236 8312
16708 2 2 102 102 8235 8312 8311
16709 2 2 102 102 8236 8237 8312
16710 2 2 102 102 8237 8313 8312
16711 2 2 102 102 8237 8238 8314
16712 2 2 102 102 8237 8314 8313
16713 2 2 102 102 8238 8239 8314
16714 2 2 102 102 8239 8315 8314
16715 2 2 102 102 8239 8240 8316
16716 2 2 102 102 8239 8316 8315
16717 2 2 102 102 8240 8241 8316
16718 2 2 102 102 8241 8317 8316
16719 2 2 102 102 8241 8242 8318
16720 2 2 102 102 8241 8318 8317
16721 2 2 102 102 8242 8243 8318
16722 2 2 102 102 8243 8319 8318
16723 2 2 102 102 8243 8244 8320
16724 2 2 102 102 8243 8320 8319
16725 2 2 102 102 8244 8245 8320
16726 2 2 102 102 8245 8321 8320
16727 2 2 102 102 8245 8246 8322
16728 2 2 102 102 8245 8322 8321
16729 2 2 102 102 8246 8247 8322
16730 2 2 102 102 8247 8323 8322
16731 2 2 102 102 8247 8248 8324
16732 2 2 102 102 8247 8324 8323
16733 2 2 102 102 8248 8249 8324
16734 2 2 102 102 8249 8325 8324
16735 2 2 102 102 8249 8250 8326
16736 2 2 102 102 8249 8326 8325
16737 2 2 102 102 8250 8251 8326
16738 2 2 102 102 8251 8327 8326
16739 2 2 102 102 8251 8252 8328
16740 2 2 102 102 8251 8328 8327
16741 2 2 102 102 8252 8253 8328
16742 2 2 102 102 8253 8329 8328
16743 2 2 102 102 8253 8254 8330
16744 2 2 102 102 8253 8330 8329
16745 2 2 102 102 8254 8255 8330
16746 2 2 102 102 8255 8331 8330
16747 2 2 102 102 8255 8256 8332
16748 2 2 102 102 8255 8332 8331
16749 2 2 102 102 8256 8257 8332
16750 2 2 102 102 8257 8333 8332
16751 2 2 102 102 8257 8258 8334
16752 2 2 102 102 8257 8334 8333
16753 2 2 102 102 8258 8259 8334
16754 2 2 102 102 8259 8335 8334
16755 2 2 102 102 8259 8260 8336
16756 2 2 102 102 8259 8336 8335
16757 2 2 102 102 8260 8261 8336
16758 2 2 102 102 8261 8337 8336
16759 2 2 102 102 8261 8262 8338
16760 2 2 102 102 8261 8338 8337
16761 2 2 102 102 8262 8263 8338
16762 2 2 102 102 8263 8339 8338
16763 2 2 102 102 8263 8264 8340
16764 2 2 102 102 8263 8340 8339
16765 2 2 102 102 8264 8265 8340
16766 2 2 102 102 8265 8341 8340
16767 2 2 102 102 8265 8266 8342
16768 2 2 102 102 8265 8342 8341
16769 2 2 102 102 8266 8267 8342
16770 2 2 102 102 8267 8343 8342
16771 2 2 102 102 8267 8268 8344
16772 2 2 102 102 8267 8344 8343
16773 2 2 102 102 8268 8269 8344
16774 2 2 102 102 8269 8345 8344
16775 2 2 102 102 8269 8270 8346
16776 2 2 102 102 8269 8346 8345
16777 2 2 102 102 8270 8271 8346
16778 2 2 102 102 8271 8347 8346
16779 2 2 102 102 8271 8272 8348
16780 2 2 102 102 8271 8348 8347
16781 2 2 102 102 8272 8273 8348
16782 2 2 102 102 8273 8349 8348
16783 2 2 102 102 8273 8274 8350
16784 2 2 102 102 8273 8350 8349
16785 2 2 102 102 8274 8275 8350
16786 2 2 102 102 8275 8351 8350
16787 2 2 102 102 8275 8276 8352
16788 2 2 102 102 8275 8352 8351
16789 2 2 102 102 8276 8277 8352
16790 2 2 102 102 8277 8353 8352
16791 2 2 102 102 8277 8278 8354
16792 2 2 102 102 8277 8354 8353
16793 2 2 102 102 8278 8279 8354
16794 2 2 102 102 8279 8355 8354
16795 2 2 102 102 8279 8280 8356
16796 2 2 102 102 8279 8356 8355
16797 2 2 102 102 8280 8281 8356
16798 2 2 102 102 8281 8357 8356
16799 2 2 102 102 8281 8282 8358
16800 2 2 102 102 8281 8358 8357
16801 2 2 102 102 8282 8283 8358
16802 2 2 102 102 8283 8359 8358
16803 2 2 102 102 8283 8284 8360
16804 2 2 102 102 8283 8360 8359
16805 2 2 102 102 8285 8286 8361
16806 2 2 102 102 8286 8362 8361
16807 2 2 102 102 8286 8287 8363
16808 2 2 102 102 8286 8363 8362
16809 2 2 102 102 8287 8288 8363
16810 2 2 102 102 8288 8364 8363
16811 2 2 102 102 8288 8289 8365
16812 2 2 102 102 8288 8365 8364
16813 2 2 102 102 8289 8290 8365
16814 2 2 102 102 8290 8366 8365
16815 2 2 102 102 8290 8291 8367
16816 2 2 102 102 8290 8367 8366
16817 2 2 102 102 8291 8292 8367
16818 2 2 102 102 8292 8368 8367
16819 2 2 102 102 8292 8293 8369
16820 2 2 102 102 8292 8369 8368
16821 2 2 102 102 8293 8294 8369
16822 2 2 102 102 8294 8370 8369
16823 2 2 102 102 8294 8295 8371
16824 2 2 102 102 8294 8371 8370
16825 2 2 102 102 8295 8296 8371
16826 2 2 102 102 8296 8372 8371
16827 2 2 102 102 8296 8297 8373
16828 2 2 102 102 8296 8373 8372
16829 2 2 102 102 8297 8298 8373
16830 2 2 102 102 8298 8374 8373
16831 2 2 102 102 8298 8299 8375
16832 2 2 102 102 8298 8375 8374
16833 2 2 102 102 8299 8300 8375
16834 2 2 102 102 8300 8376 8375
16835 2 2 102 102 8300 8301 8377
16836 2 2 102 102 8300 8377 8376
16837 2 2 102 102 8301 8302 8377
16838 2 2 102 102 8302 8378 8377
16839 2 2 102 102 8302 8303 8379
16840 2 2 102 102 8302 8379 8378
16841 2 2 102 102 8303 8304 8379
16842 2 2 102 102 8304 8380 8379
16843 2 2 102 102 8304 8305 8381
16844 2 2 102 102 8304 8381 8380
16845 2 2 102 102 8305 8306 8381
16846 2 2 102 102 8306 8382 8381
16847 2 2 102 102 8306 8307 8383
16848 2 2 102 102 8306 8383 8382
16849 2 2 102 102 8307 8308 8383
16850 2 2 102 102 8308 8384 8383
16851 2 2 102 102 8308 8309 8385
16852 2 2 102 102 8308 8385 8384
16853 2 2 102 102 8309 8310 8385
16854 2 2 102 102 8310 8386 8385
16855 2 2 102 102 8310 8311 8387
16856 2 2 102 102 8310 8387 8386
16857 2 2 102 102 8311 8312 8387
16858 2 2 102 102 8312 8388 8387
16859 2 2 102 102 8312 8313 8389
16860 2 2 102 102 8312 8389 8388
16861 2 2 102 102 8313 8314 8389
16862 2 2 102 102 8314 8390 8389
16863 2 2 102 102 8314 8315 8391
16864 2 2 102 102 8314 8391 8390
16865 2 2 102 102 8315 8316 8391
16866 2 2 102 102 8316 8392 8391
16867 2 2 102 102 8316 8317 8393
16868 2 2 102 102 8316 8393 8392
16869 2 2 102 102 8317 8318 8393
16870 2 2 102 102 8318 8394 8393
16871 2 2 102 102 8318 8319 8395
16872 2 2 102 102 8318 8395 8394
16873 2 2 102 102 8319 8320 8395
16874 2 2 102 102 8320 8396 8395
16875 2 2 102 102 8320 8321 8397
16876 2 2 102 102 8320 8397 8396
16877 2 2 102 102 8321 8322 8397
16878 2 2 102 102 8322 8398 8397
16879 2 2 102 102 8322 8323 8399
16880 2 2 102 102 8322 8399 8398
16881 2 2 102 102 8323 8324 8399
16882 2 2 102 102 8324 8400 8399
16883 2 2 102 102 8324 8325 8401
16884 2 2 102 102 8324 8401 8400
16885 2 2 102 102 8325 8326 8401
16886 2 2 102 102 8326 8402 8401
16887 2 2 102 102 8326 8327 8403
16888 2 2 102 102 8326 8403 8402
16889 2 2 102 102 8327 8328 8403
16890 2 2 102 102 8328 8404 8403
16891 2 2 102 102 8328 8329 8405
16892 2 2 102 102 8328 8405 8404
16893 2 2 102 102 8329 8330 8405
16894 2 2 102 102 8330 8406 8405
16895 2 2 102 102 8330 8331 8407
16896 2 2 102 102 8330 8407 8406
16897 2 2 102 102 8331 8332 8407
16898 2 2 102 102 8332 8408 8407
16899 2 2 102 102 8332 8333 8409
16900 2 2 102 102 8332 8409 8408
16901 2 2 102 102 8333 8334 8409
16902 2 2 102 102 8334 8410 8409
16903 2 2 102 102 8334 8335 8411
16904 2 2 102 102 8334 8411 8410
16905 2 2 102 102 8335 8336 8411
16906 2 2 102 102 8336 8412 8411
16907 2 2 102 102 8336 8337 8413
16908 2 2 102 102 8336 8413 8412
16909 2 2 102 102 8337 8338 8413
16910 2 2 102 102 8338 8414 8413
16911 2 2 102 102 8338 8339 8415
16912 2 2 102 102 8338 8415 8414
16913 2 2 102 102 8339 8340 8415
16914 2 2 102 102 8340 8416 8415
16915 2 2 102 102 8340 8341 8417
16916 2 2 102 102 8340 8417 8416
16917 2 2 102 102 8341 8342 8417
16918 2 2 102 102 8342 8418 8417
16919 2 2 102 102 8342 8343 8419
16920 2 2 102 102 8342 8419 8418
16921 2 2 102 102 8343 8344 8419
16922 2 2 102 102 8344 8420 8419
16923 2 2 102 102 8344 8345 8421
16924 2 2 102 102 8344 8421 8420
16925 2 2 102 102 8345 8346 8421
16926 2 2 102 102 8346 8422 8421
16927 2 2 102 102 8346 8347 8423
16928 2 2 102 102 8346 8423 8422
16929 2 2 102 102 8347 8348 8423
16930 2 2 102 102 8348 8424 8423
16931 2 2 102 102 8348 8349 8425
16932 2 2 102 102 8348 8425 8424
16933 2 2 102 102 8349 8350 8425
16934 2 2 102 102 8350 8426 8425
16935 2 2 102 102 8350 8351 8427
16936 2 2 102 102 8350 8427 8426
16937 2 2 102 102 8351 8352 8427
16938 2 2 102 102 8352 8428 8427
16939 2 2 102 102 8352 8353 8429
16940 2 2 102 102 8352 8429 8428
16941 2 2 102 102 8353 8354 8429
16942 2 2 102 102 8354 8430 8429
16943 2 2 102 102 8354 8355 8431
16944 2 2 102 102 8354 8431 8430
16945 2 2 102 102 8355 8356 8431
16946 2 2 102 102 8356 8432 8431
16947 2 2 102 102 8356 8357 8433
16948 2 2 102 102 8356 8433 8432
16949 2 2 102 102 8357 8358 8433
16950 2 2 102 102 8358 8434 8433
16951 2 2 102 102 8358 8359 8435
16952 2 2 102 102 8358 8435 8434
16953 2 2 102 102 8359 8360 8435
16954 2 2 102 102 8360 8436 8435
16955 2 2 101 101 8361 8362 8438
16956 2 2 101 101 8361 8438 8437
16957 2 2 101 101 8362 8363 8438
16958 2 2 101 101 8363 8439 8438
16959 2 2 101 101 8363 8364 8440
16960 2 2 101 101 8363 8440 8439
16961 2 2 101 101 8364 8365 8440
16962 2 2 101 101 8365 8441 8440
16963 2 2 101 101 8365 8366 8442
16964 2 2 101 101 8365 8442 8441
16965 2 2 101 101 8366 8367 8442
16966 2 2 101 101 8367 8443 8442
16967 2 2 101 101 8367 8368 8444
16968 2 2 101 101 8367 8444 8443
16969 2 2 101 101 8368 8369 8444
16970 2 2 101 101 8369 8445 8444
16971 2 2 101 101 8369 8370 8446
16972 2 2 101 101 8369 8446 8445
16973 2 2 101 101 8370 8371 8446
16974 2 2 101 101 8371 8447 8446
16975 2 2 101 101 8371 8372 8448
16976 2 2 101 101 8371 8448 8447
16977 2 2 101 101 8372 8373 8448
16978 2 2 101 101 8373 8449 8448
16979 2 2 101 101 8373 8374 8450
16980 2 2 101 101 8373 8450 8449
16981 2 2 101 101 8374 8375 8450
16982 2 2 101 101 8375 8451 8450
16983 2 2 101 101 8375 8376 8452
16984 2 2 101 101 8375 8452 8451
16985 2 2 101 101 8376 8377 8452
16986 2 2 101 101 8377 8453 8452
16987 2 2 101 101 8377 8378 8454
16988 2 2 101 101 8377 8454 8453
16989 2 2 101 101 8378 8379 8454
16990 2 2 101 101 8379 8455 8454
16991 2 2 101 101 8379 8380 8456
16992 2 2 101 101 8379 8456 8455
16993 2 2 101 101 8380 8381 8456
16994 2 2 101 101 8381 8457 8456
16995 2 2 101 101 8381 8382 8458
16996 2 2 101 101 8381 8458 8457
16997 2 2 101 101 8382 8383 8458
16998 2 2 101 101 8383 8459 8458
16999 2 2 101 101 8383 8384 8460
17000 2 2 101 101 8383 8460 8459
17001 2 2 101 101 8384 8385 8460
17002 2 2 101 101 8385 8461 8460
17003 2 2 101 101 8385 8386 8462
17004 2 2 101 101 8385 8462 8461
17005 2 2 101 101 8386 8387 8462
17006 2 2 101 101 8387 8463 8462
17007 2 2 101 101 8387 8388 8464
17008 2 2 101 101 8387 8464 8463
17009 2 2 101 101 8388 8389 8464
17010 2 2 101 101 8389 8465 8464
17011 2 2 101 101 8389 8390 8466
17012 2 2 101 101 8389 8466 8465
17013 2 2 101 101 8390 8391 8466
17014 2 2 101 101 8391 8467 8466
17015 2 2 101 101 8391 8392 8468
17016 2 2 101 101 8391 8468 8467
17017 2 2 101 101 8392 8393 8468
17018 2 2 101 101 8393 8469 8468
17019 2 2 101 101 8393 8394 8470
17020 2 2 101 101 8393 8470 8469
17021 2 2 101 101 8394 8395 8470
17022 2 2 101 101 8395 8471 8470
17023 2 2 101 101 8395 8396 8472
17024 2 2 101 101 8395 8472 8471
17025 2 2 101 101 8396 8397 8472
17026 2 2 101 101 8397 8473 8472
17027 2 2 101 101 8397 8398 8474
17028 2 2 101 101 8397 8474 8473
17029 2 2 101 101 8398 8399 8474
17030 2 2 101 101 8399 8475 8474
17031 2 2 101 101 8399 8400 8476
17032 2 2 101 101 8399 8476 8475
17033 2 2 101 101 8400 8401 8476
17034 2 2 101 101 8401 8477 8476
17035 2 2 101 101 8401 8402 8478
17036 2 2 101 101 8401 8478 8477
17037 2 2 101 101 8402 8403 8478
17038 2 2 101 101 8403 8479 8478
17039 2 2 101 101 8403 8404 8480
17040 2 2 101 101 8403 8480 8479
17041 2 2 101 101 8404 8405 8480
17042 2 2 101 101 8405 8481 8480
17043 2 2 101 101 8405 8406 8482
17044 2 2 101 101 8405 8482 8481
17045 2 2 101 101 8406 8407 8482
17046 2 2 101 101 8407 8483 8482
17047 2 2 101 101 8407 8408 8484
17048 2 2 101 101 8407 8484 8483
17049 2 2 101 101 8408 8409 8484
17050 2 2 101 101 8409 8485 8484
17051 2 2 101 101 8409 8410 8486
17052 2 2 101 101 8409 8486 8485
17053 2 2 101 101 8410 8411 8486
17054 2 2 101 101 8411 8487 8486
17055 2 2 101 101 8411 8412 8488
17056 2 2 101 101 8411 8488 8487
17057 2 2 101 101 8412 8413 8488
17058 2 2 101 101 8413 8489 8488
17059 2 2 101 101 8413 8414 8490
17060 2 2 101 101 8413 8490 8489
17061 2 2 101 101 8414 8415 8490
17062 2 2 101 101 8415 8491 8490
17063 2 2 101 101 8415 8416 8492
17064 2 2 101 101 8415 8492 8491
17065 2 2 101 101 8416 8417 8492
17066 2 2 101 101 8417 8493 8492
17067 2 2 101 101 8417 8418 8494
17068 2 2 101 101 8417 8494 8493
17069 2 2 101 101 8418 8419 8494
17070 2 2 101 101 8419 8495 8494
17071 2 2 101 101 8419 8420 8496
17072 2 2 101 101 8419 8496 8495
17073 2 2 101 101 8420 8421 8496
17074 2 2 101 101 8421 8497 8496
17075 2 2 101 101 8421 8422 8498
17076 2 2 101 101 8421 8498 8497
17077 2 2 101 101 8422 8423 8498
17078 2 2 101 101 8423 8499 8498
17079 2 2 101 101 8423 8424 8500
17080 2 2 101 101 8423 8500 8499
17081 2 2 101 101 8424 8425 8500
17082 2 2 101 101 8425 8501 8500
17083 2 2 101 101 8425 8426 8502
17084 2 2 101 101 8425 8502 8501
17085 2 2 101 101 8426 8427 8502
17086 2 2 101 101 8427 8503 8502
17087 2 2 101 101 8427 8428 8504
17088 2 2 101 101 8427 8504 8503
17089 2 2 101 101 8428 8429 8504
17090 2 2 101 101 8429 8505 8504
17091 2 2 101 101 8429 8430 8506
17092 2 2 101 101 8429 8506 8505
17093 2 2 101 101 8430 8431 8506
17094 2 2 101 101 8431 8507 8506
17095 2 2 101 101 8431 8432 8508
17096 2 2 101 101 8431 8508 8507
17097 2 2 101 101 8432 8433 8508
17098 2 2 101 101 8433 8509 8508
17099 2 2 101 101 8433 8434 8510
17100 2 2 101 101 8433 8510 8509
17101 2 2 101 101 8434 8435 8510
17102 2 2 101 101 8435 8511 8510
17103 2 2 101 101 8435 8436 8512
17104 2 2 101 101 8435 8512 8511
17105 2 2 101 101 8437 8438 8513
17106 2 2 101 101 8438 8514 8513
17107 2 2 101 101 8438 8439 8515
17108 2 2 101 101 8438 8515 8514
17109 2 2 101 101 8439 8440 8515
17110 2 2 101 101 8440 8516 8515
17111 2 2 101 101 8440 8441 8517
17112 2 2 101 101 8440 8517 8516
17113 2 2 101 101 8441 8442 8517
17114 2 2 101 101 8442 8518 8517
17115 2 2 101 101 8442 8443 8519
17116 2 2 101 101 8442 8519 8518
17117 2 2 101 101 8443 8444 8519
17118 2 2 101 101 8444 8520 8519
17119 2 2 101 101 8444 8445 8521
17120 2 2 101 101 8444 8521 8520
17121 2 2 101 101 8445 8446 8521
17122 2 2 101 101 8446 8522 8521
17123 2 2 101 101 8446 8447 8523
17124 2 2 101 101 8446 8523 8522
17125 2 2 101 101 8447 8448 8523
17126 2 2 101 101 8448 8524 8523
17127 2 2 101 101 8448 8449 8525
17128 2 2 101 101 8448 8525 8524
17129 2 2 101 101 8449 8450 8525
17130 2 2 101 101 8450 8526 8525
17131 2 2 101 101 8450 8451 8527
17132 2 2 101 101 8450 8527 8526
17133 2 2 101 101 8451 8452 8527
17134 2 2 101 101 8452 8528 8527
17135 2 2 101 101 8452 8453 8529
17136 2 2 101 101 8452 8529 8528
17137 2 2 101 101 8453 8454 8529
17138 2 2 101 101 8454 8530 8529
17139 2 2 101 101 8454 8455 8531
17140 2 2 101 101 8454 8531 8530
17141 2 2 101 101 8455 8456 8531
17142 2 2 101 101 8456 8532 8531
17143 2 2 101 101 8456 8457 8533
17144 2 2 101 101 8456 8533 8532
17145 2 2 101 101 8457 8458 8533
17146 2 2 101 101 8458 8534 8533
17147 2 2 101 101 8458 8459 8535
17148 2 2 101 101 8458 8535 8534
17149 2 2 101 101 8459 8460 8535
17150 2 2 101 101 8460 8536 8535
17151 2 2 101 101 8460 8461 8537
17152 2 2 101 101 8460 8537 8536
17153 2 2 101 101 8461 8462 8537
17154 2 2 101 101 8462 8538 8537
17155 2 2 101 101 8462 8463 8539
17156 2 2 101 101 8462 8539 8538
17157 2 2 101 101 8463 8464 8539
17158 2 2 101 101 8464 8540 8539
17159 2 2 101 101 8464 8465 8541
17160 2 2 101 101 8464 8541 8540
17161 2 2 101 101 8465 8466 8541
17162 2 2 101 101 8466 8542 8541
17163 2 2 101 101 8466 8467 8543
17164 2 2 101 101 8466 8543 8542
17165 2 2 101 101 8467 8468 8543
17166 2 2 101 101 8468 8544 8543
17167 2 2 101 101 8468 8469 8545
17168 2 2 101 101 8468 8545 8544
17169 2 2 101 101 8469 8470 8545
17170 2 2 101 101 8470 8546 8545
17171 2 2 101 101 8470 8471 8547
17172 2 2 101 101 8470 8547 8546
17173 2 2 101 101 8471 8472 8547
17174 2 2 101 101 8472 8548 8547
17175 2 2 101 101 8472 8473 8549
17176 2 2 101 101 8472 8549 8548
17177 2 2 101 101 8473 8474 8549
17178 2 2 101 101 8474 8550 8549
17179 2 2 101 101 8474 8475 8551
17180 2 2 101 101 8474 8551 8550
17181 2 2 101 101 8475 8476 8551
17182 2 2 101 101 8476 8552 8551
17183 2 2 101 101 8476 8477 8553
17184 2 2 101 101 8476 8553 8552
17185 2 2 101 101 8477 8478 8553
17186 2 2 101 101 8478 8554 8553
17187 2 2 101 101 8478 8479 8555
17188 2 2 101 101 8478 8555 8554
17189 2 2 101 101 8479 8480 8555
17190 2 2 101 101 8480 8556 8555
17191 2 2 101 101 8480 8481 8557
17192 2 2 101 101 8480 8557 8556
17193 2 2 101 101 8481 8482 8557
17194 2 2 101 101 8482 8558 8557
17195 2 2 101 101 8482 8483 8559
17196 2 2 101 101 8482 8559 8558
17197 2 2 101 101 8483 8484 8559
17198 2 2 101 101 8484 8560 8559
17199 2 2 101 101 8484 8485 8561
17200 2 2 101 101 8484 8561 8560
17201 2 2 101 101 8485 8486 8561
17202 2 2 101 101 8486 8562 8561
17203 2 2 101 101 8486 8487 8563
17204 2 2 101 101 8486 8563 8562
17205 2 2 101 101 8487 8488 8563
17206 2 2 101 101 8488 8564 8563
17207 2 2 101 101 8488 8489 8565
17208 2 2 101 101 8488 8565 8564
17209 2 2 101 101 8489 8490 8565
17210 2 2 101 101 8490 8566 8565
17211 2 2 101 101 8490 8491 8567
17212 2 2 101 101 8490 8567 8566
17213 2 2 101 101 8491 8492 8567
17214 2 2 101 101 8492 8568 8567
17215 2 2 101 101 8492 8493 8569
17216 2 2 101 101 8492 8569 8568
17217 2 2 101 101 8493 8494 8569
17218 2 2 101 101 8494 8570 8569
17219 2 2 101 101 8494 8495 8571
17220 2 2 101 101 8494 8571 8570
17221 2 2 101 101 8495 8496 8571
17222 2 2 101 101 8496 8572 8571
17223 2 2 101 101 8496 8497 8573
17224 2 2 101 101 8496 8573 8572
17225 2 2 101 101 8497 8498 8573
17226 2 2 101 101 8498 8574 8573
17227 2 2 101 101 8498 8499 8575
17228 2 2 101 101 8498 8575 8574
17229 2 2 101 101 8499 8500 8575
17230 2 2 101 101 8500 8576 8575
17231 2 2 101 101 8500 8501 8577
17232 2 2 101 101 8500 8577 8576
17233 2 2 101 101 8501 8502 8577
17234 2 2 101 101 8502 8578 8577
17235 2 2 101 101 8502 8503 8579
17236 2 2 101 101 8502 8579 8578
17237 2 2 101 101 8503 8504 8579
17238 2 2 101 101 8504 8580 8579
17239 2 2 101 101 8504 8505 8581
17240 2 2 101 101 8504 8581 8580
17241 2 2 101 101 8505 8506 8581
17242 2 2 101 101 8506 8582 8581
17243 2 2 101 101 8506 8507 8583
17244 2 2 101 101 8506 8583 8582
17245 2 2 101 101 8507 8508 8583
17246 2 2 101 101 8508 8584 8583
17247 2 2 101 101 8508 8509 8585
17248 2 2 101 101 8508 8585 8584
17249 2 2 101 101 8509 8510 8585
17250 2 2 101 101 8510 8586 8585
17251 2 2 101 101 8510 8511 8587
17252 2 2 101 101 8510 8587 8586
17253 2 2 101 101 8511 8512 8587
17254 2 2 101 101 8512 8588 8587
17255 2 2 101 101 8513 8514 8590
17256 2 2 101 101 8513 8590 8589
17257 2 2 101 101 8514 8515 8590
17258 2 2 101 101 8515 8591 8590
17259 2 2 101 101 8515 8516 8592
17260 2 2 101 101 8515 8592 8591
17261 2 2 101 101 8516 8517 8592
17262 2 2 101 101 8517 8593 8592
17263 2 2 101 101 8517 8518 8594
17264 2 2 101 101 8517 8594 8593
17265 2 2 101 101 8518 8519 8594
17266 2 2 101 101 8519 8595 8594
17267 2 2 101 101 8519 8520 8596
17268 2 2 101 101 8519 8596 8595
17269 2 2 101 101 8520 8521 8596
17270 2 2 101 101 8521 8597 8596
17271 2 2 101 101 8521 8522 8598
17272 2 2 101 101 8521 8598 8597
17273 2 2 101 101 8522 8523 8598
17274 2 2 101 101 8523 8599 8598
17275 2 2 101 101 8523 8524 8600
17276 2 2 101 101 8523 8600 8599
17277 2 2 101 101 8524 8525 8600
17278 2 2 101 101 8525 8601 8600
17279 2 2 101 101 8525 8526 8602
17280 2 2 101 101 8525 8602 8601
17281 2 2 101 101 8526 8527 8602
17282 2 2 101 101 8527 8603 8602
17283 2 2 101 101 8527 8528 8604
17284 2 2 101 101 8527 8604 8603
17285 2 2 101 101 8528 8529 8604
17286 2 2 101 101 8529 8605 8604
17287 2 2 101 101 8529 8530 8606
17288 2 2 101 101 8529 8606 8605
17289 2 2 101 101 8530 8531 8606
17290 2 2 101 101 8531 8607 8606
17291 2 2 101 101 8531 8532 8608
17292 2 2 101 101 8531 8608 8607
17293 2 2 101 101 8532 8533 8608
17294 2 2 101 101 8533 8609 8608
17295 2 2 101 101 8533 8534 8610
17296 2 2 101 101 8533 8610 8609
17297 2 2 101 101 8534 8535 8610
17298 2 2 101 101 8535 8611 8610
17299 2 2 101 101 8535 8536 8612
17300 2 2 101 101 8535 8612 8611
17301 2 2 101 101 8536 8537 8612
17302 2 2 101 101 8537 8613 8612
17303 2 2 101 101 8537 8538 8614
17304 2 2 101 101 8537 8614 8613
17305 2 2 101 101 8538 8539 8614
17306 2 2 101 101 8539 8615 8614
17307 2 2 101 101 8539 8540 8616
17308 2 2 101 101 8539 8616 8615
17309 2 2 101 101 8540 8541 8616
17310 2 2 101 101 8541 8617 8616
17311 2 2 101 101 8541 8542 8618
17312 2 2 101 101 8541 8618 8617
17313 2 2 101 101 8542 8543 8618
17314 2 2 101 101 8543 8619 8618
17315 2 2 101 101 8543 8544 8620
17316 2 2 101 101 8543 8620 8619
17317 2 2 101 101 8544 8545 8620
17318 2 2 101 101 8545 8621 8620
17319 2 2 101 101 8545 8546 8622
17320 2 2 101 101 8545 8622 8621
17321 2 2 101 101 8546 8547 8622
17322 2 2 101 101 8547 8623 8622
17323 2 2 101 101 8547 8548 8624
17324 2 2 101 101 8547 8624 8623
17325 2 2 101 101 8548 8549 8624
17326 2 2 101 101 8549 8625 8624
17327 2 2 101 101 8549 8550 8626
17328 2 2 101 101 8549 8626 8625
17329 2 2 101 101 8550 8551 8626
17330 2 2 101 101 8551 8627 8626
17331 2 2 101 101 8551 8552 8628
17332 2 2 101 101 8551 8628 8627
17333 2 2 101 101 8552 8553 8628
17334 2 2 101 101 8553 8629 8628
17335 2 2 101 101 8553 8554 8630
17336 2 2 101 101 8553 8630 8629
17337 2 2 101 101 8554 8555 8630
17338 2 2 101 101 8555 8631 8630
17339 2 2 101 101 8555 8556 8632
17340 2 2 101 101 8555 8632 8631
17341 2 2 101 101 8556 8557 8632
17342 2 2 101 101 8557 8633 8632
17343 2 2 101 101 8557 8558 8634
17344 2 2 101 101 8557 8634 8633
17345 2 2 101 101 8558 8559 8634
17346 2 2 101 101 8559 8635 8634
17347 2 2 101 101 8559 8560 8636
17348 2 2 101 101 8559 8636 8635
17349 2 2 101 101 8560 8561 8636
17350 2 2 101 101 8561 8637 8636
17351 2 2 101 101 8561 8562 8638
17352 2 2 101 101 8561 8638 8637
17353 2 2 101 101 8562 8563 8638
17354 2 2 101 101 8563 8639 8638
17355 2 2 101 101 8563 8564 8640
17356 2 2 101 101 8563 8640 8639
17357 2 2 101 101 8564 8565 8640
17358 2 2 101 101 8565 8641 8640
17359 2 2 101 101 8565 8566 8642
17360 2 2 101 101 8565 8642 8641
17361 2 2 101 101 8566 8567 8642
17362 2 2 101 101 8567 8643 8642
17363 2 2 101 101 8567 8568 8644
17364 2 2 101 101 8567 8644 8643
17365 2 2 101 101 8568 8569 8644
17366 2 2 101 101 8569 8645 8644
17367 2 2 101 101 8569 8570 8646
17368 2 2 101 101 8569 8646 8645
17369 2 2 101 101 8570 8571 8646
17370 2 2 101 101 8571 8647 8646
17371 2 2 101 101 8571 8572 8648
17372 2 2 101 101 8571 8648 8647
17373 2 2 101 101 8572 8573 8648
17374 2 2 101 101 8573 8649 8648
17375 2 2 101 101 8573 8574 8650
17376 2 2 101 101 8573 8650 8649
17377 2 2 101 101 8574 8575 8650
17378 2 2 101 101 8575 8651 8650
17379 2 2 101 101 8575 8576 8652
17380 2 2 101 101 8575 8652 8651
17381 2 2 101 101 8576 8577 8652
17382 2 2 101 101 8577 8653 8652
17383 2 2 101 101 8577 8578 8654
17384 2 2 101 101 8577 8654 8653
17385 2 2 101 101 8578 8579 8654
17386 2 2 101 101 8579 8655 8654
17387 2 2 101 101 8579 8580 8656
17388 2 2 101 101 8579 8656 8655
17389 2 2 101 101 8580 8581 8656
17390 2 2 101 101 8581 8657 8656
17391 2 2 101 101 8581 8582 8658
17392 2 2 101 101 8581 8658 8657
17393 2 2 101 101 8582 8583 8658
17394 2 2 101 101 8583 8659 8658
17395 2 2 101 101 8583 8584 8660
17396 2 2 101 101 8583 8660 8659
17397 2 2 101 101 8584 8585 8660
17398 2 2 101 101 8585 8661 8660
17399 2 2 101 101 8585 8586 8662
17400 2 2 101 101 8585 8662 8661
17401 2 2 101 101 8586 8587 8662
17402 2 2 101 101 8587 8663 8662
17403 2 2 101 101 8587 8588 8664
17404 2 2 101 101 8587 8664 8663
17405 2 2 101 101 8589 8590 8665
17406 2 2 101 101 8590 8666 8665
17407 2 2 101 101 8590 8591 8667
17408 2 2 101 101 8590 8667 8666
17409 2 2 101 101 8591 8592 8667
17410 2 2 101 101 8592 8668 8667
17411 2 2 101 101 8592 8593 8669
17412 2 2 101 101 8592 8669 8668
17413 2 2 101 101 8593 8594 8669
17414 2 2 101 101 8594 8670 8669
17415 2 2 101 101 8594 8595 8671
17416 2 2 101 101 8594 8671 8670
17417 2 2 101 101 8595 8596 8671
17418 2 2 101 101 8596 8672 8671
17419 2 2 101 101 8596 8597 8673
17420 2 2 101 101 8596 8673 8672
17421 2 2 101 101 8597 8598 8673
17422 2 2 101 101 8598 8674 8673
17423 2 2 101 101 8598 8599 8675
17424 2 2 101 101 8598 8675 8674
17425 2 2 101 101 8599 8600 8675
17426 2 2 101 101 8600 8676 8675
17427 2 2 101 101 8600 8601 8677
17428 2 2 101 101 8600 8677 8676
17429 2 2 101 101 8601 8602 8677
17430 2 2 101 101 8602 8678 8677
17431 2 2 101 101 8602 8603 8679
17432 2 2 101 101 8602 8679 8678
17433 2 2 101 101 8603 8604 8679
17434 2 2 101 101 8604 8680 8679
17435 2 2 101 101 8604 8605 8681
17436 2 2 101 101 8604 8681 8680
17437 2 2 101 101 8605 8606 8681
17438 2 2 101 101 8606 8682 8681
17439 2 2 101 101 8606 8607 8683
17440 2 2 101 101 8606 8683 8682
17441 2 2 101 101 8607 8608 8683
17442 2 2 101 101 8608 8684 8683
17443 2 2 101 101 8608 8609 8685
17444 2 2 101 101 8608 8685 8684
17445 2 2 101 101 8609 8610 8685
17446 2 2 101 101 8610 8686 8685
17447 2 2 101 101 8610 8611 8687
17448 2 2 101 101 8610 8687 8686
17449 2 2 101 101 8611 8612 8687
17450 2 2 101 101 8612 8688 8687
17451 2 2 101 101 8612 8613 8689
17452 2 2 101 101 8612 8689 8688
17453 2 2 101 101 8613 8614 8689
17454 2 2 101 101 8614 8690 8689
17455 2 2 101 101 8614 8615 8691
17456 2 2 101 101 8614 8691 8690
17457 2 2 101 101 8615 8616 8691
17458 2 2 101 101 8616 8692 8691
17459 2 2 101 101 8616 8617 8693
17460 2 2 101 101 8616 8693 8692
17461 2 2 101 101 8617 8618 8693
17462 2 2 101 101 8618 8694 8693
17463 2 2 101 101 8618 8619 8695
17464 2 2 101 101 8618 8695 8694
17465 2 2 101 101 8619 8620 8695
17466 2 2 101 101 8620 8696 8695
17467 2 2 101 101 8620 8621 8697
17468 2 2 101 101 8620 8697 8696
17469 2 2 101 101 8621 8622 8697
17470 2 2 101 101 8622 8698 8697
17471 2 2 101 101 8622 8623 8699
17472 2 2 101 101 8622 8699 8698
17473 2 2 101 101 8623 8624 8699
17474 2 2 101 101 8624 8700 8699
17475 2 2 101 101 8624 8625 8701
17476 2 2 101 101 8624 8701 8700
17477 2 2 101 101 8625 8626 8701
17478 2 2 101 101 8626 8702 8701
17479 2 2 101 101 8626 8627 8703
17480 2 2 101 101 8626 8703 8702
17481 2 2 101 101 8627 8628 8703
17482 2 2 101 101 8628 8704 8703
17483 2 2 101 101 8628 8629 8705
17484 2 2 101 101 8628 8705 8704
17485 2 2 101 101 8629 8630 8705
17486 2 2 101 101 8630 8706 8705
17487 2 2 101 101 8630 8631 8707
17488 2 2 101 101 8630 8707 8706
17489 2 2 101 101 8631 8632 8707
17490 2 2 101 101 8632 8708 8707
17491 2 2 101 101 8632 8633 8709
17492 2 2 101 101 8632 8709 8708
17493 2 2 101 101 8633 8634 8709
17494 2 2 101 101 8634 8710 8709
17495 2 2 101 101 8634 8635 8711
17496 2 2 101 101 8634 8711 8710
17497 2 2 101 101 8635 8636 8711
17498 2 2 101 101 8636 8712 8711
17499 2 2 101 101 8636 8637 8713
17500 2 2 101 101 8636 8713 8712
17501 2 2 101 101 8637 8638 8713
17502 2 2 101 101 8638 8714 8713
17503 2 2 101 101 8638 8639 8715
17504 2 2 101 101 8638 8715 8714
17505 2 2 101 101 8639 8640 8715
17506 2 2 101 101 8640 8716 8715
17507 2 2 101 101 8640 8641 8717
17508 2 2 101 101 8640 8717 8716
17509 2 2 101 101 8641 8642 8717
17510 2 2 101 101 8642 8718 8717
17511 2 2 101 101 8642 8643 8719
17512 2 2 101 101 8642 8719 8718
17513 2 2 101 101 8643 8644 8719
17514 2 2 101 101 8644 8720 8719
17515 2 2 101 101 8644 8645 8721
17516 2 2 101 101 8644 8721 8720
17517 2 2 101 101 8645 8646 8721
17518 2 2 101 101 8646 8722 8721
17519 2 2 101 101 8646 8647 8723
17520 2 2 101 101 8646 8723 8722
17521 2 2 101 101 8647 8648 8723
17522 2 2 101 101 8648 8724 8723
17523 2 2 101 101 8648 8649 8725
17524 2 2 101 101 8648 8725 8724
17525 2 2 101 101 8649 8650 8725
17526 2 2 101 101 8650 8726 8725
17527 2 2 101 101 8650 8651 8727
17528 2 2 101 101 8650 8727 8726
17529 2 2 101 101 8651 8652 8727
17530 2 2 101 101 8652 8728 8727
17531 2 2 101 101 8652 8653 8729
17532 2 2 101 101 8652 8729 8728
17533 2 2 101 101 8653 8654 8729
17534 2 2 101 101 8654 8730 8729
17535 2 2 101 101 8654 8655 8731
17536 2 2 101 101 8654 8731 8730
17537 2 2 101 101 8655 8656 8731
17538 2 2 101 101 8656 8732 8731
17539 2 2 101 101 8656 8657 8733
17540 2 2 101 101 8656 8733 8732
17541 2 2 101 101 8657 8658 8733
17542 2 2 101 101 8658 8734 8733
17543 2 2 101 101 8658 8659 8735
17544 2 2 101 101 8658 8735 8734
17545 2 2 101 101 8659 8660 8735
17546 2 2 101 101 8660 8736 8735
17547 2 2 101 101 8660 8661 8737
17548 2 2 101 101 8660 8737 8736
17549 2 2 101 101 8661 8662 8737
17550 2 2 101 101 8662 8738 8737
17551 2 2 101 101 8662 8663 8739
17552 2 2 101 101 8662 8739 8738
17553 2 2 101 101 8663 8664 8739
17554 2 2 101 101 8664 8740 8739
17555 2 2 101 101 8665 8666 8742
17556 2 2 101 101 8665 8742 8741
17557 2 2 101 101 8666 8667 8742
17558 2 2 101 101 8667 8743 8742
17559 2 2 101 101 8667 8668 8744
17560 2 2 101 101 8667 8744 8743
17561 2 2 101 101 8668 8669 8744
17562 2 2 101 101 8669 8745 8744
17563 2 2 101 101 8669 8670 8746
17564 2 2 101 101 8669 8746 8745
17565 2 2 101 101 8670 8671 8746
17566 2 2 101 101 8671 8747 8746
17567 2 2 101 101 8671 8672 8748
17568 2 2 101 101 8671 8748 8747
17569 2 2 101 101 8672 8673 8748
17570 2 2 101 101 8673 8749 8748
17571 2 2 101 101 8673 8674 8750
17572 2 2 101 101 8673 8750 8749
17573 2 2 101 101 8674 8675 8750
17574 2 2 101 101 8675 8751 8750
17575 2 2 101 101 8675 8676 8752
17576 2 2 101 101 8675 8752 8751
17577 2 2 101 101 8676 8677 8752
17578 2 2 101 101 8677 8753 8752
17579 2 2 101 101 8677 8678 8754
17580 2 2 101 101 8677 8754 8753
17581 2 2 101 101 8678 8679 8754
17582 2 2 101 101 8679 8755 8754
17583 2 2 101 101 8679 8680 8756
17584 2 2 101 101 8679 8756 8755
17585 2 2 101 101 8680 8681 8756
17586 2 2 101 101 8681 8757 8756
17587 2 2 101 101 8681 8682 8758
17588 2 2 101 101 8681 8758 8757
17589 2 2 101 101 8682 8683 8758
17590 2 2 101 101 8683 8759 8758
17591 2 2 101 101 8683 8684 8760
17592 2 2 101 101 8683 8760 8759
17593 2 2 101 101 8684 8685 8760
17594 2 2 101 101 8685 8761 8760
17595 2 2 101 101 8685 8686 8762
17596 2 2 101 101 8685 8762 8761
17597 2 2 101 101 8686 8687 8762
17598 2 2 101 101 8687 8763 8762
17599 2 2 101 101 8687 8688 8764
17600 2 2 101 101 8687 8764 8763
17601 2 2 101 101 8688 8689 8764
17602 2 2 101 101 8689 8765 8764
17603 2 2 101 101 8689 8690 8766
17604 2 2 101 101 8689 8766 8765
17605 2 2 101 101 8690 8691 8766
17606 2 2 101 101 8691 8767 8766
17607 2 2 101 101 8691 8692 8768
17608 2 2 101 101 8691 8768 8767
17609 2 2 101 101 8692 8693 8768
17610 2 2 101 101 8693 8769 8768
17611 2 2 101 101 8693 8694 8770
17612 2 2 101 101 8693 8770 8769
17613 2 2 101 101 8694 8695 8770
17614 2 2 101 101 8695 8771 8770
17615 2 2 101 101 8695 8696 8772
17616 2 2 101 101 8695 8772 8771
17617 2 2 101 101 8696 8697 8772
17618 2 2 101 101 8697 8773 8772
17619 2 2 101 101 8697 8698 8774
17620 2 2 101 101 8697 8774 8773
17621 2 2 101 101 8698 8699 8774
17622 2 2 101 101 8699 8775 8774
17623 2 2 101 101 8699 8700 8776
17624 2 2 101 101 8699 8776 8775
17625 2 2 101 101 8700 8701 8776
17626 2 2 101 101 8701 8777 8776
17627 2 2 101 101 8701 8702 8778
17628 2 2 101 101 8701 8778 8777
17629 2 2 101 101 8702 8703 8778
17630 2 2 101 101 8703 8779 8778
17631 2 2 101 101 8703 8704 8780
17632 2 2 101 101 8703 8780 8779
17633 2 2 101 101 8704 8705 8780
17634 2 2 101 101 8705 8781 8780
17635 2 2 101 101 8705 8706 8782
17636 2 2 101 101 8705 8782 8781
17637 2 2 101 101 8706 8707 8782
17638 2 2 101 101 8707 8783 8782
17639 2 2 101 101 8707 8708 8784
17640 2 2 101 101 8707 8784 8783
17641 2 2 101 101 8708 8709 8784
17642 2 2 101 101 8709 8785 8784
17643 2 2 101 101 8709 8710 8786
17644 2 2 101 101 8709 8786 8785
17645 2 2 101 101 8710 8711 8786
17646 2 2 101 101 8711 8787 8786
17647 2 2 101 101 8711 8712 8788
17648 2 2 101 101 8711 8788 8787
17649 2 2 101 101 8712 8713 8788
17650 2 2 101 101 8713 8789 8788
17651 2 2 101 101 8713 8714 8790
17652 2 2 101 101 8713 8790 8789
17653 2 2 101 101 8714 8715 8790
17654 2 2 101 101 8715 8791 8790
17655 2 2 101 101 8715 8716 8792
17656 2 2 101 101 8715 8792 8791
17657 2 2 101 101 8716 8717 8792
17658 2 2 101 101 8717 8793 8792
17659 2 2 101 101 8717 8718 8794
17660 2 2 101 101 8717 8794 8793
17661 2 2 101 101 8718 8719 8794
17662 2 2 101 101 8719 8795 8794
17663 2 2 101 101 8719 8720 8796
17664 2 2 101 101 8719 8796 8795
17665 2 2 101 101 8720 8721 8796
17666 2 2 101 101 8721 8797 8796
17667 2 2 101 101 8721 8722 8798
17668 2 2 101 101 8721 8798 8797
17669 2 2 101 101 8722 8723 8798
17670 2 2 101 101 8723 8799 8798
17671 2 2 101 101 8723 8724 8800
17672 2 2 101 101 8723 8800 8799
17673 2 2 101 101 8724 8725 8800
17674 2 2 101 101 8725 8801 8800
17675 2 2 101 101 8725 8726 8802
17676 2 2 101 101 8725 8802 8801
17677 2 2 101 101 8726 8727 8802
17678 2 2 101 101 8727 8803 8802
17679 2 2 101 101 8727 8728 8804
17680 2 2 101 101 8727 8804 8803
17681 2 2 101 101 8728 8729 8804
17682 2 2 101 101 8729 8805 8804
17683 2 2 101 101 8729 8730 8806
17684 2 2 101 101 8729 8806 8805
17685 2 2 101 101 8730 8731 8806
17686 2 2 101 101 8731 8807 8806
17687 2 2 101 101 8731 8732 8808
17688 2 2 101 101 8731 8808 8807
17689 2 2 101 101 8732 8733 8808
17690 2 2 101 101 8733 8809 8808
17691 2 2 101 101 8733 8734 8810
17692 2 2 101 101 8733 8810 8809
17693 2 2 101 101 8734 8735 8810
17694 2 2 101 101 8735 8811 8810
17695 2 2 101 101 8735 8736 8812
17696 2 2 101 101 8735 8812 8811
17697 2 2 101 101 8736 8737 8812
17698 2 2 101 101 8737 8813 8812
17699 2 2 101 101 8737 8738 8814
17700 2 2 101 101 8737 8814 8813
17701 2 2 101 101 8738 8739 8814
17702 2 2 101 101 8739 8815 8814
17703 2 2 101 101 8739 8740 8816
17704 2 2 101 101 8739 8816 8815
17705 2 2 101 101 8741 8742 8817
17706 2 2 101 101 8742 8818 8817
17707 2 2 101 101 8742 8743 8819
17708 2 2 101 101 8742 8819 8818
17709 2 2 101 101 8743 8744 8819
17710 2 2 101 101 8744 8820 8819
17711 2 2 101 101 8744 8745 8821
17712 2 2 101 101 8744 8821 8820
17713 2 2 101 101 8745 8746 8821
17714 2 2 101 101 8746 8822 8821
17715 2 2 101 101 8746 8747 8823
17716 2 2 101 101 8746 8823 8822
17717 2 2 101 101 8747 8748 8823
17718 2 2 101 101 8748 8824 8823
17719 2 2 101 101 8748 8749 8825
17720 2 2 101 101 8748 8825 8824
17721 2 2 101 101 8749 8750 8825
17722 2 2 101 101 8750 8826 8825
17723 2 2 101 101 8750 8751 8827
17724 2 2 101 101 8750 8827 8826
17725 2 2 101 101 8751 8752 8827
17726 2 2 101 101 8752 8828 8827
17727 2 2 101 101 8752 8753 8829
17728 2 2 101 101 8752 8829 8828
17729 2 2 101 101 8753 8754 8829
17730 2 2 101 101 8754 8830 8829
17731 2 2 101 101 8754 8755 8831
17732 2 2 101 101 8754 8831 8830
17733 2 2 101 101 8755 8756 8831
17734 2 2 101 101 8756 8832 8831
17735 2 2 101 101 8756 8757 8833
17736 2 2 101 101 8756 8833 8832
17737 2 2 101 101 8757 8758 8833
17738 2 2 101 101 8758 8834 8833
17739 2 2 101 101 8758 8759 8835
17740 2 2 101 101 8758 8835 8834
17741 2 2 101 101 8759 8760 8835
17742 2 2 101 101 8760 8836 8835
17743 2 2 101 101 8760 8761 8837
17744 2 2 101 101 8760 8837 8836
17745 2 2 101 101 8761 8762 8837
17746 2 2 101 101 8762 8838 8837
17747 2 2 101 101 8762 8763 8839
17748 2 2 101 101 8762 8839 8838
17749 2 2 101 101 8763 8764 8839
17750 2 2 101 101 8764 8840 8839
17751 2 2 101 101 8764 8765 8841
17752 2 2 101 101 8764 8841 8840
17753 2 2 101 101 8765 8766 8841
17754 2 2 101 101 8766 8842 8841
17755 2 2 101 101 8766 8767 8843
17756 2 2 101 101 8766 8843 8842
17757 2 2 101 101 8767 8768 8843
17758 2 2 101 101 8768 8844 8843
17759 2 2 101 101 8768 8769 8845
17760 2 2 101 101 8768 8845 8844
17761 2 2 101 101 8769 8770 8845
17762 2 2 101 101 8770 8846 8845
17763 2 2 101 101 8770 8771 8847
17764 2 2 101 101 8770 8847 8846
17765 2 2 101 101 8771 8772 8847
17766 2 2 101 101 8772 8848 8847
17767 2 2 101 101 8772 8773 8849
17768 2 2 101 101 8772 8849 8848
17769 2 2 101 101 8773 8774 8849
17770 2 2 101 101 8774 8850 8849
17771 2 2 101 101 8774 8775 8851
17772 2 2 101 101 8774 8851 8850
17773 2 2 101 101 8775 8776 8851
17774 2 2 101 101 8776 8852 8851
17775 2 2 101 101 8776 8777 8853
17776 2 2 101 101 8776 8853 8852
17777 2 2 101 101 8777 8778 8853
17778 2 2 101 101 8778 8854 8853
17779 2 2 101 101 8778 8779 8855
17780 2 2 101 101 8778 8855 8854
17781 2 2 101 101 8779 8780 8855
17782 2 2 101 101 8780 8856 8855
17783 2 2 101 101 8780 8781 8857
17784 2 2 101 101 8780 8857 8856
17785 2 2 101 101 8781 8782 8857
17786 2 2 101 101 8782 8858 8857
17787 2 2 101 101 8782 8783 8859
17788 2 2 101 101 8782 8859 8858
17789 2 2 101 101 8783 8784 8859
17790 2 2 101 101 8784 8860 8859
17791 2 2 101 101 8784 8785 8861
17792 2 2 101 101 8784 8861 8860
17793 2 2 101 101 8785 8786 8861
17794 2 2 101 101 8786 8862 8861
17795 2 2 101 101 8786 8787 8863
17796 2 2 101 101 8786 8863 8862
17797 2 2 101 101 8787 8788 8863
17798 2 2 101 101 8788 8864 8863
17799 2 2 101 101 8788 8789 8865
17800 2 2 101 101 8788 8865 8864
17801 2 2 101 101 8789 8790 8865
17802 2 2 101 101 8790 8866 8865
17803 2 2 101 101 8790 8791 8867
17804 2 2 101 101 8790 8867 8866
17805 2 2 101 101 8791 8792 8867
17806 2 2 101 101 8792 8868 8867
17807 2 2 101 101 8792 8793 8869
17808 2 2 101 101 8792 8869 8868
17809 2 2 101 101 8793 8794 8869
17810 2 2 101 101 8794 8870 8869
17811 2 2 101 101 8794 8795 8871
17812 2 2 101 101 8794 8871 8870
17813 2 2 101 101 8795 8796 8871
17814 2 2 101 101 8796 8872 8871
17815 2 2 101 101 8796 8797 8873
17816 2 2 101 101 8796 8873 8872
17817 2 2 101 101 8797 8798 8873
17818 2 2 101 101 8798 8874 8873
17819 2 2 101 101 8798 8799 8875
17820 2 2 101 101 8798 8875 8874
17821 2 2 101 101 8799 8800 8875
17822 2 2 101 101 8800 8876 8875
17823 2 2 101 101 8800 8801 8877
17824 2 2 101 101 8800 8877 8876
17825 2 2 101 101 8801 8802 8877
17826 2 2 101 101 8802 8878 8877
17827 2 2 101 101 8802 8803 8879
17828 2 2 101 101 8802 8879 8878
17829 2 2 101 101 8803 8804 8879
17830 2 2 101 101 8804 8880 8879
17831 2 2 101 101 8804 8805 8881
17832 2 2 101 101 8804 8881 8880
17833 2 2 101 101 8805 8806 8881
17834 2 2 101 101 8806 8882 8881
17835 2 2 101 101 8806 8807 8883
17836 2 2 101 101 8806 8883 8882
17837 2 2 101 101 8807 8808 8883
17838 2 2 101 101 8808 8884 8883
17839 2 2 101 101 8808 8809 8885
17840 2 2 101 101 8808 8885 8884
17841 2 2 101 101 8809 8810 8885
17842 2 2 101 101 8810 8886 8885
17843 2 2 101 101 8810 8811 8887
17844 2 2 101 101 8810 8887 8886
17845 2 2 101 101 8811 8812 8887
17846 2 2 101 101 8812 8888 8887
17847 2 2 101 101 8812 8813 8889
17848 2 2 101 101 8812 8889 8888
17849 2 2 101 101 8813 8814 8889
17850 2 2 101 101 8814 8890 8889
17851 2 2 101 101 8814 8815 8891
17852 2 2 101 101 8814 8891 8890
17853 2 2 101 101 8815 8816 8891
17854 2 2 101 101 8816 8892 8891
17855 2 2 101 101 8817 8818 8894
17856 2 2 101 101 8817 8894 8893
17857 2 2 101 101 8818 8819 8894
17858 2 2 101 101 8819 8895 8894
17859 2 2 101 101 8819 8820 8896
17860 2 2 101 101 8819 8896 8895
17861 2 2 101 101 8820 8821 8896
17862 2 2 101 101 8821 8897 8896
17863 2 2 101 101 8821 8822 8898
17864 2 2 101 101 8821 8898 8897
17865 2 2 101 101 8822 8823 8898
17866 2 2 101 101 8823 8899 8898
17867 2 2 101 101 8823 8824 8900
17868 2 2 101 101 8823 8900 8899
17869 2 2 101 101 8824 8825 8900
17870 2 2 101 101 8825 8901 8900
17871 2 2 101 101 8825 8826 8902
17872 2 2 101 101 8825 8902 8901
17873 2 2 101 101 8826 8827 8902
17874 2 2 101 101 8827 8903 8902
17875 2 2 101 101 8827 8828 8904
17876 2 2 101 101 8827 8904 8903
17877 2 2 101 101 8828 8829 8904
17878 2 2 101 101 8829 8905 8904
17879 2 2 101 101 8829 8830 8906
17880 2 2 101 101 8829 8906 8905
17881 2 2 101 101 8830 8831 8906
17882 2 2 101 101 8831 8907 8906
17883 2 2 101 101 8831 8832 8908
17884 2 2 101 101 8831 8908 8907
17885 2 2 101 101 8832 8833 8908
17886 2 2 101 101 8833 8909 8908
17887 2 2 101 101 8833 8834 8910
17888 2 2 101 101 8833 8910 8909
17889 2 2 101 101 8834 8835 8910
17890 2 2 101 101 8835 8911 8910
17891 2 2 101 101 8835 8836 8912
17892 2 2 101 101 8835 8912 8911
17893 2 2 101 101 8836 8837 8912
17894 2 2 101 101 8837 8913 8912
17895 2 2 101 101 8837 8838 8914
17896 2 2 101 101 8837 8914 8913
17897 2 2 101 101 8838 8839 8914
17898 2 2 101 101 8839 8915 8914
17899 2 2 101 101 8839 8840 8916
17900 2 2 101 101 8839 8916 8915
17901 2 2 101 101 8840 8841 8916
17902 2 2 101 101 8841 8917 8916
17903 2 2 101 101 8841 8842 8918
17904 2 2 101 101 8841 8918 8917
17905 2 2 101 101 8842 8843 8918
17906 2 2 101 101 8843 8919 8918
17907 2 2 101 101 8843 8844 8920
17908 2 2 101 101 8843 8920 8919
17909 2 2 101 101 8844 8845 8920
17910 2 2 101 101 8845 8921 8920
17911 2 2 101 101 8845 8846 8922
17912 2 2 101 101 8845 8922 8921
17913 2 2 101 101 8846 8847 8922
17914 2 2 101 101 8847 8923 8922
17915 2 2 101 101 8847 8848 8924
17916 2 2 101 101 8847 8924 8923
17917 2 2 101 101 8848 8849 8924
17918 2 2 101 101 8849 8925 8924
17919 2 2 101 101 8849 8850 8926
17920 2 2 101 101 8849 8926 8925
17921 2 2 101 101 8850 8851 8926
17922 2 2 101 101 8851 8927 8926
17923 2 2 101 101 8851 8852 8928
17924 2 2 101 101 8851 8928 8927
17925 2 2 101 101 8852 8853 8928
17926 2 2 101 101 8853 8929 8928
17927 2 2 101 101 8853 8854 8930
17928 2 2 101 101 8853 8930 8929
17929 2 2 101 101 8854 8855 8930
17930 2 2 101 101 8855 8931 8930
17931 2 2 101 101 8855 8856 8932
17932 2 2 101 101 8855 8932 8931
17933 2 2 101 101 8856 8857 8932
17934 2 2 101 101 8857 8933 8932
17935 2 2 101 101 8857 8858 8934
17936 2 2 101 101 8857 8934 8933
17937 2 2 101 101 8858 8859 8934
17938 2 2 101 101 8859 8935 8934
17939 2 2 101 101 8859 8860 8936
17940 2 2 101 101 8859 8936 8935
17941 2 2 101 101 8860 8861 8936
17942 2 2 101 101 8861 8937 8936
17943 2 2 101 101 8861 8862 8938
17944 2 2 101 101 8861 8938 8937
17945 2 2 101 101 8862 8863 8938
17946 2 2 101 101 8863 8939 8938
17947 2 2 101 101 8863 8864 8940
17948 2 2 101 101 8863 8940 8939
17949 2 2 101 101 8864 8865 8940
17950 2 2 101 101 8865 8941 8940
17951 2 2 101 101 8865 8866 8942
17952 2 2 101 101 8865 8942 8941
17953 2 2 101 101 8866 8867 8942
17954 2 2 101 101 8867 8943 8942
17955 2 2 101 101 8867 8868 8944
17956 2 2 101 101 8867 8944 8943
17957 2 2 101 101 8868 8869 8944
17958 2 2 101 101 8869 8945 8944
17959 2 2 101 101 8869 8870 8946
17960 2 2 101 101 8869 8946 8945
17961 2 2 101 101 8870 8871 8946
17962 2 2 101 101 8871 8947 8946
17963 2 2 101 101 8871 8872 8948
17964 2 2 101 101 8871 8948 8947
17965 2 2 101 101 8872 8873 8948
17966 2 2 101 101 8873 8949 8948
17967 2 2 101 101 8873 8874 8950
17968 2 2 101 101 8873 8950 8949
17969 2 2 101 101 8874 8875 8950
17970 2 2 101 101 8875 8951 8950
17971 2 2 101 101 8875 8876 8952
17972 2 2 101 101 8875 8952 8951
17973 2 2 101 101 8876 8877 8952
17974 2 2 101 101 8877 8953 8952
17975 2 2 101 101 8877 8878 8954
17976 2 2 101 101 8877 8954 8953
17977 2 2 101 101 8878 8879 8954
17978 2 2 101 101 8879 8955 8954
17979 2 2 101 101 8879 8880 8956
17980 2 2 101 101 8879 8956 8955
17981 2 2 101 101 8880 8881 8956
17982 2 2 101 101 8881 8957 8956
17983 2 2 101 101 8881 8882 8958
17984 2 2 101 101 8881 8958 8957
17985 2 2 101 101 8882 8883 8958
17986 2 2 101 101 8883 8959 8958
17987 2 2 101 101 8883 8884 8960
17988 2 2 101 101 8883 8960 8959
17989 2 2 101 101 8884 8885 8960
17990 2 2 101 101 8885 8961 8960
17991 2 2 101 101 8885 8886 8962
17992 2 2 101 101 8885 8962 8961
17993 2 2 101 101 8886 8887 8962
17994 2 2 101 101 8887 8963 8962
17995 2 2 101 101 8887 8888 8964
17996 2 2 101 101 8887 8964 8963
17997 2 2 101 101 8888 8889 8964
17998 2 2 101 101 8889 8965 8964
17999 2 2 101 101 8889 8890 8966
18000 2 2 101 101 8889 8966 8965
18001 2 2 101 101 8890 8891 8966
18002 2 2 101 101 8891 8967 8966
18003 2 2 101 101 8891 8892 8968
18004 2 2 101 101 8891 8968 8967
18005 2 2 101 101 8893 8894 8969
18006 2 2 101 101 8894 8970 8969
18007 2 2 101 101 8894 8895 8971
18008 2 2 101 101 8894 8971 8970
18009 2 2 101 101 8895 8896 8971
18010 2 2 101 101 8896 8972 8971
18011 2 2 101 101 8896 8897 8973
18012 2 2 101 101 8896 8973 8972
18013 2 2 101 101 8897 8898 8973
18014 2 2 101 101 8898 8974 8973
18015 2 2 101 101 8898 8899 8975
18016 2 2 101 101 8898 8975 8974
18017 2 2 101 101 8899 8900 8975
18018 2 2 101 101 8900 8976 8975
18019 2 2 101 101 8900 8901 8977
18020 2 2 101 101 8900 8977 8976
18021 2 2 101 101 8901 8902 8977
18022 2 2 101 101 8902 8978 8977
18023 2 2 101 101 8902 8903 8979
18024 2 2 101 101 8902 8979 8978
18025 2 2 101 101 8903 8904 8979
18026 2 2 101 101 8904 8980 8979
18027 2 2 101 101 8904 8905 8981
18028 2 2 101 101 8904 8981 8980
18029 2 2 101 101 8905 8906 8981
18030 2 2 101 101 8906 8982 8981
18031 2 2 101 101 8906 8907 8983
18032 2 2 101 101 8906 8983 8982
18033 2 2 101 101 8907 8908 8983
18034 2 2 101 101 8908 8984 8983
18035 2 2 101 101 8908 8909 8985
18036 2 2 101 101 8908 8985 8984
18037 2 2 101 101 8909 8910 8985
18038 2 2 101 101 8910 8986 8985
18039 2 2 101 101 8910 8911 8987
18040 2 2 101 101 8910 8987 8986
18041 2 2 101 101 8911 8912 8987
18042 2 2 101 101 8912 8988 8987
18043 2 2 101 101 8912 8913 8989
18044 2 2 101 101 8912 8989 8988
18045 2 2 101 101 8913 8914 8989
18046 2 2 101 101 8914 8990 8989
18047 2 2 101 101 8914 8915 8991
18048 2 2 101 101 8914 8991 8990
18049 2 2 101 101 8915 8916 8991
18050 2 2 101 101 8916 8992 8991
18051 2 2 101 101 8916 8917 8993
18052 2 2 101 101 8916 8993 8992
18053 2 2 101 101 8917 8918 8993
18054 2 2 101 101 8918 8994 8993
18055 2 2 101 101 8918 8919 8995
18056 2 2 101 101 8918 8995 8994
18057 2 2 101 101 8919 8920 8995
18058 2 2 101 101 8920 8996 8995
18059 2 2 101 101 8920 8921 8997
18060 2 2 101 101 8920 8997 8996
18061 2 2 101 101 8921 8922 8997
18062 2 2 101 101 8922 8998 8997
18063 2 2 101 101 8922 8923 8999
18064 2 2 101 101 8922 8999 8998
18065 2 2 101 101 8923 8924 8999
18066 2 2 101 101 8924 9000 8999
18067 2 2 101 101 8924 8925 9001
18068 2 2 101 101 8924 9001 9000
18069 2 2 101 101 8925 8926 9001
18070 2 2 101 101 8926 9002 9001
18071 2 2 101 101 8926 8927 9003
18072 2 2 101 101 8926 9003 9002
18073 2 2 101 101 8927 8928 9003
18074 2 2 101 101 8928 9004 9003
18075 2 2 101 101 8928 8929 9005
18076 2 2 101 101 8928 9005 9004
18077 2 2 101 101 8929 8930 9005
18078 2 2 101 101 8930 9006 9005
18079 2 2 101 101 8930 8931 9007
18080 2 2 101 101 8930 9007 9006
18081 2 2 101 101 8931 8932 9007
18082 2 2 101 101 8932 9008 9007
18083 2 2 101 101 8932 8933 9009
18084 2 2 101 101 8932 9009 9008
18085 2 2 101 101 8933 8934 9009
18086 2 2 101 101 8934 9010 9009
18087 2 2 101 101 8934 8935 9011
18088 2 2 101 101 8934 9011 9010
18089 2 2 101 101 8935 8936 9011
18090 2 2 101 101 8936 9012 9011
18091 2 2 101 101 8936 8937 9013
18092 2 2 101 101 8936 9013 9012
18093 2 2 101 101 8937 8938 9013
18094 2 2 101 101 8938 9014 9013
18095 2 2 101 101 8938 8939 9015
18096 2 2 101 101 8938 9015 9014
18097 2 2 101 101 8939 8940 9015
18098 2 2 101 101 8940 9016 9015
18099 2 2 101 101 8940 8941 9017
18100 2 2 101 101 8940 9017 9016
18101 2 2 101 101 8941 8942 9017
18102 2 2 101 101 8942 9018 9017
18103 2 2 101 101 8942 8943 9019
18104 2 2 101 101 8942 9019 9018
18105 2 2 101 101 8943 8944 9019
18106 2 2 101 101 8944 9020 9019
18107 2 2 101 101 8944 8945 9021
18108 2 2 101 101 8944 9021 9020
18109 2 2 101 101 8945 8946 9021
18110 2 2 101 101 8946 9022 9021
18111 2 2 101 101 8946 8947 9023
18112 2 2 101 101 8946 9023 9022
18113 2 2 101 101 8947 8948 9023
18114 2 2 101 101 8948 9024 9023
18115 2 2 101 101 8948 8949 9025
18116 2 2 101 101 8948 9025 9024
18117 2 2 101 101 8949 8950 9025
18118 2 2 101 101 8950 9026 9025
18119 2 2 101 101 8950 8951 9027
18120 2 2 101 101 8950 9027 9026
18121 2 2 101 101 8951 8952 9027
18122 2 2 101 101 8952 9028 9027
18123 2 2 101 101 8952 8953 9029
18124 2 2 101 101 8952 9029 9028
18125 2 2 101 101 8953 8954 9029
18126 2 2 101 101 8954 9030 9029
18127 2 2 101 101 8954 8955 9031
18128 2 2 101 101 8954 9031 9030
18129 2 2 101 101 8955 8956 9031
18130 2 2 101 101 8956 9032 9031
18131 2 2 101 101 8956 8957 9033
18132 2 2 101 101 8956 9033 9032
18133 2 2 101 101 8957 8958 9033
18134 2 2 101 101 8958 9034 9033
18135 2 2 101 101 8958 8959 9035
18136 2 2 101 101 8958 9035 9034
18137 2 2 101 101 8959 8960 9035
18138 2 2 101 101 8960 9036 9035
18139 2 2 101 101 8960 8961 9037
18140 2 2 101 101 8960 9037 9036
18141 2 2 101 101 8961 8962 9037
18142 2 2 101 101 8962 9038 9037
18143 2 2 101 101 8962 8963 9039
18144 2 2 101 101 8962 9039 9038
18145 2 2 101 101 8963 8964 9039
18146 2 2 101 101 8964 9040 9039
18147 2 2 101 101 8964 8965 9041
18148 2 2 101 101 8964 9041 9040
18149 2 2 101 101 8965 8966 9041
18150 2 2 101 101 8966 9042 9041
18151 2 2 101 101 8966 8967 9043
18152 2 2 101 101 8966 9043 9042
18153 2 2 101 101 8967 8968 9043
18154 2 2 101 101 8968 9044 9043
18155 2 2 101 101 8969 8970 9046
18156 2 2 101 101 8969 9046 9045
18157 2 2 101 101 8970 8971 9046
18158 2 2 101 101 8971 9047 9046
18159 2 2 101 101 8971 8972 9048
18160 2 2 101 101 8971 9048 9047
18161 2 2 101 101 8972 8973 9048
18162 2 2 101 101 8973 9049 9048
18163 2 2 101 101 8973 8974 9050
18164 2 2 101 101 8973 9050 9049
18165 2 2 101 101 8974 8975 9050
18166 2 2 101 101 8975 9051 9050
18167 2 2 101 101 8975 8976 9052
18168 2 2 101 101 8975 9052 9051
18169 2 2 101 101 8976 8977 9052
18170 2 2 101 101 8977 9053 9052
18171 2 2 101 101 8977 8978 9054
18172 2 2 101 101 8977 9054 9053
18173 2 2 101 101 8978 8979 9054
18174 2 2 101 101 8979 9055 9054
18175 2 2 101 101 8979 8980 9056
18176 2 2 101 101 8979 9056 9055
18177 2 2 101 101 8980 8981 9056
18178 2 2 101 101 8981 9057 9056
18179 2 2 101 101 8981 8982 9058
18180 2 2 101 101 8981 9058 9057
18181 2 2 101 101 8982 8983 9058
18182 2 2 101 101 8983 9059 9058
18183 2 2 101 101 8983 8984 9060
18184 2 2 101 101 8983 9060 9059
18185 2 2 101 101 8984 8985 9060
18186 2 2 101 101 8985 9061 9060
18187 2 2 101 101 8985 8986 9062
18188 2 2 101 101 8985 9062 9061
18189 2 2 101 101 8986 8987 9062
18190 2 2 101 101 8987 9063 9062
18191 2 2 101 101 8987 8988 9064
18192 2 2 101 101 8987 9064 9063
18193 2 2 101 101 8988 8989 9064
18194 2 2 101 101 8989 9065 9064
18195 2 2 101 101 8989 8990 9066
18196 2 2 101 101 8989 9066 9065
18197 2 2 101 101 8990 8991 9066
18198 2 2 101 101 8991 9067 9066
18199 2 2 101 101 8991 8992 9068
18200 2 2 101 101 8991 9068 9067
18201 2 2 101 101 8992 8993 9068
18202 2 2 101 101 8993 9069 9068
18203 2 2 101 101 8993 8994 9070
18204 2 2 101 101 8993 9070 9069
18205 2 2 101 101 8994 8995 9070
18206 2 2 101 101 8995 9071 9070
18207 2 2 101 101 8995 8996 9072
18208 2 2 101 101 8995 9072 9071
18209 2 2 101 101 8996 8997 9072
18210 2 2 101 101 8997 9073 9072
18211 2 2 101 101 8997 8998 9074
18212 2 2 101 101 8997 9074 9073
18213 2 2 101 101 8998 8999 9074
18214 2 2 101 101 8999 9075 9074
18215 2 2 101 101 8999 9000 9076
18216 2 2 101 101 8999 9076 9075
18217 2 2 101 101 9000 9001 9076
18218 2 2 101 101 9001 9077 9076
18219 2 2 101 101 9001 9002 9078
18220 2 2 101 101 9001 9078 9077
18221 2 2 101 101 9002 9003 9078
18222 2 2 101 101 9003 9079 9078
18223 2 2 101 101 9003 9004 9080
18224 2 2 101 101 9003 9080 9079
18225 2 2 101 101 9004 9005 9080
18226 2 2 101 101 9005 9081 9080
18227 2 2 101 101 9005 9006 9082
18228 2 2 101 101 9005 9082 9081
18229 2 2 101 101 9006 9007 9082
18230 2 2 101 101 9007 9083 9082
18231 2 2 101 101 9007 9008 9084
18232 2 2 101 101 9007 9084 9083
18233 2 2 101 101 9008 9009 9084
18234 2 2 101 101 9009 9085 9084
18235 2 2 101 101 9009 9010 9086
18236 2 2 101 101 9009 9086 9085
18237 2 2 101 101 9010 9011 9086
18238 2 2 101 101 9011 9087 9086
18239 2 2 101 101 9011 9012 9088
18240 2 2 101 101 9011 9088 9087
18241 2 2 101 101 9012 9013 9088
18242 2 2 101 101 9013 9089 9088
18243 2 2 101 101 9013 9014 9090
18244 2 2 101 101 9013 9090 9089
18245 2 2 101 101 9014 9015 9090
18246 2 2 101 101 9015 9091 9090
18247 2 2 101 101 9015 9016 9092
18248 2 2 101 101 9015 9092 9091
18249 2 2 101 101 9016 9017 9092
18250 2 2 101 101 9017 9093 9092
18251 2 2 101 101 9017 9018 9094
18252 2 2 101 101 9017 9094 9093
18253 2 2 101 101 9018 9019 9094
18254 2 2 101 101 9019 9095 9094
18255 2 2 101 101 9019 9020 9096
18256 2 2 101 101 9019 9096 9095
18257 2 2 101 101 9020 9021 9096
18258 2 2 101 101 9021 9097 9096
18259 2 2 101 101 9021 9022 9098
18260 2 2 101 101 9021 9098 9097
18261 2 2 101 101 9022 9023 9098
18262 2 2 101 101 9023 9099 9098
18263 2 2 101 101 9023 9024 9100
18264 2 2 101 101 9023 9100 9099
18265 2 2 101 101 9024 9025 9100
18266 2 2 101 101 9025 9101 9100
18267 2 2 101 101 9025 9026 9102
18268 2 2 101 101 9025 9102 9101
18269 2 2 101 101 9026 9027 9102
18270 2 2 101 101 9027 9103 9102
18271 2 2 101 101 9027 9028 9104
18272 2 2 101 101 9027 9104 9103
18273 2 2 101 101 9028 9029 9104
18274 2 2 101 101 9029 9105 9104
18275 2 2 101 101 9029 9030 9106
18276 2 2 101 101 9029 9106 9105
18277 2 2 101 101 9030 9031 9106
18278 2 2 101 101 9031 9107 9106
18279 2 2 101 101 9031 9032 9108
18280 2 2 101 101 9031 9108 9107
18281 2 2 101 101 9032 9033 9108
18282 2 2 101 101 9033 9109 9108
18283 2 2 101 101 9033 9034 9110
18284 2 2 101 101 9033 9110 9109
18285 2 2 101 101 9034 9035 9110
18286 2 2 101 101 9035 9111 9110
18287 2 2 101 101 9035 9036 9112
18288 2 2 101 101 9035 9112 9111
18289 2 2 101 101 9036 9037 9112
18290 2 2 101 101 9037 9113 9112
18291 2 2 101 101 9037 9038 9114
18292 2 2 101 101 9037 9114 9113
18293 2 2 101 101 9038 9039 9114
18294 2 2 101 101 9039 9115 9114
18295 2 2 101 101 9039 9040 9116
18296 2 2 101 101 9039 9116 9115
18297 2 2 101 101 9040 9041 9116
18298 2 2 101 101 9041 9117 9116
18299 2 2 101 101 9041 9042 9118
18300 2 2 101 101 9041 9118 9117
18301 2 2 101 101 9042 9043 9118
18302 2 2 101 101 9043 9119 9118
18303 2 2 101 101 9043 9044 9120
18304 2 2 101 101 9043 9120 9119
18305 2 2 101 101 9045 9046 9121
18306 2 2 101 101 9046 9122 9121
18307 2 2 101 101 9046 9047 9123
18308 2 2 101 101 9046 9123 9122
18309 2 2 101 101 9047 9048 9123
18310 2 2 101 101 9048 9124 9123
18311 2 2 101 101 9048 9049 9125
18312 2 2 101 101 9048 9125 9124
18313 2 2 101 101 9049 9050 9125
18314 2 2 101 101 9050 9126 9125
18315 2 2 101 101 9050 9051 9127
18316 2 2 101 101 9050 9127 9126
18317 2 2 101 101 9051 9052 9127
18318 2 2 101 101 9052 9128 9127
18319 2 2 101 101 9052 9053 9129
18320 2 2 101 101 9052 9129 9128
18321 2 2 101 101 9053 9054 9129
18322 2 2 101 101 9054 9130 9129
18323 2 2 101 101 9054 9055 9131
18324 2 2 101 101 9054 9131 9130
18325 2 2 101 101 9055 9056 9131
18326 2 2 101 101 9056 9132 9131
18327 2 2 101 101 9056 9057 9133
18328 2 2 101 101 9056 9133 9132
18329 2 2 101 101 9057 9058 9133
18330 2 2 101 101 9058 9134 9133
18331 2 2 101 101 9058 9059 9135
18332 2 2 101 101 9058 9135 9134
18333 2 2 101 101 9059 9060 9135
18334 2 2 101 101 9060 9136 9135
18335 2 2 101 101 9060 9061 9137
18336 2 2 101 101 9060 9137 9136
18337 2 2 101 101 9061 9062 9137
18338 2 2 101 101 9062 9138 9137
18339 2 2 101 101 9062 9063 9139
18340 2 2 101 101 9062 9139 9138
18341 2 2 101 101 9063 9064 9139
18342 2 2 101 101 9064 9140 9139
18343 2 2 101 101 9064 9065 9141
18344 2 2 101 101 9064 9141 9140
18345 2 2 101 101 9065 9066 9141
18346 2 2 101 101 9066 9142 9141
18347 2 2 101 101 9066 9067 9143
18348 2 2 101 101 9066 9143 9142
18349 2 2 101 101 9067 9068 9143
18350 2 2 101 101 9068 9144 9143
18351 2 2 101 101 9068 9069 9145
18352 2 2 101 101 9068 9145 9144
18353 2 2 101 101 9069 9070 9145
18354 2 2 101 101 9070 9146 9145
18355 2 2 101 101 9070 9071 9147
18356 2 2 101 101 9070 9147 9146
18357 2 2 101 101 9071 9072 9147
18358 2 2 101 101 9072 9148 9147
18359 2 2 101 101 9072 9073 9149
18360 2 2 101 101 9072 9149 9148
18361 2 2 101 101 9073 9074 9149
18362 2 2 101 101 9074 9150 9149
18363 2 2 101 101 9074 9075 9151
18364 2 2 101 101 9074 9151 9150
18365 2 2 101 101 9075 9076 9151
18366 2 2 101 101 9076 9152 9151
18367 2 2 101 101 9076 9077 9153
18368 2 2 101 101 9076 9153 9152
18369 2 2 101 101 9077 9078 9153
18370 2 2 101 101 9078 9154 9153
18371 2 2 101 101 9078 9079 9155
18372 2 2 101 101 9078 9155 9154
18373 2 2 101 101 9079 9080 9155
18374 2 2 101 101 9080 9156 9155
18375 2 2 101 101 9080 9081 9157
18376 2 2 101 101 9080 9157 9156
18377 2 2 101 101 9081 9082 9157
18378 2 2 101 101 9082 9158 9157
18379 2 2 101 101 9082 9083 9159
18380 2 2 101 101 9082 9159 9158
18381 2 2 101 101 9083 9084 9159
18382 2 2 101 101 9084 9160 9159
18383 2 2 101 101 9084 9085 9161
18384 2 2 101 101 9084 9161 9160
18385 2 2 101 101 9085 9086 9161
18386 2 2 101 101 9086 9162 9161
18387 2 2 101 101 9086 9087 9163
18388 2 2 101 101 9086 9163 9162
18389 2 2 101 101 9087 9088 9163
18390 2 2 101 101 9088 9164 9163
18391 2 2 101 101 9088 9089 9165
18392 2 2 101 101 9088 9165 9164
18393 2 2 101 101 9089 9090 9165
18394 2 2 101 101 9090 9166 9165
18395 2 2 101 101 9090 9091 9167
18396 2 2 101 101 9090 9167 9166
18397 2 2 101 101 9091 9092 9167
18398 2 2 101 101 9092 9168 9167
18399 2 2 101 101 9092 9093 9169
18400 2 2 101 101 9092 9169 9168
18401 2 2 101 101 9093 9094 9169
18402 2 2 101 101 9094 9170 9169
18403 2 2 101 101 9094 9095 9171
18404 2 2 101 101 9094 9171 9170
18405 2 2 101 101 9095 9096 9171
18406 2 2 101 101 9096 9172 9171
18407 2 2 101 101 9096 9097 9173
18408 2 2 101 101 9096 9173 9172
18409 2 2 101 101 9097 9098 9173
18410 2 2 101 101 9098 9174 9173
18411 2 2 101 101 9098 9099 9175
18412 2 2 101 101 9098 9175 9174
18413 2 2 101 101 9099 9100 9175
18414 2 2 101 101 9100 9176 9175
18415 2 2 101 101 9100 9101 9177
18416 2 2 101 101 9100 9177 9176
18417 2 2 101 101 9101 9102 9177
18418 2 2 101 101 9102 9178 9177
18419 2 2 101 101 9102 9103 9179
18420 2 2 101 101 9102 9179 9178
18421 2 2 101 101 9103 9104 9179
18422 2 2 101 101 9104 9180 9179
18423 2 2 101 101 9104 9105 9181
18424 2 2 101 101 9104 9181 9180
18425 2 2 101 101 9105 9106 9181
18426 2 2 101 101 9106 9182 9181
18427 2 2 101 101 9106 9107 9183
18428 2 2 101 101 9106 9183 9182
18429 2 2 101 101 9107 9108 9183
18430 2 2 101 101 9108 9184 9183
18431 2 2 101 101 9108 9109 9185
18432 2 2 101 101 9108 9185 9184
18433 2 2 101 101 9109 9110 9185
18434 2 2 101 101 9110 9186 9185
18435 2 2 101 101 9110 9111 9187
18436 2 2 101 101 9110 9187 9186
18437 2 2 101 101 9111 9112 9187
18438 2 2 101 101 9112 9188 9187
18439 2 2 101 101 9112 9113 9189
18440 2 2 101 101 9112 9189 9188
18441 2 2 101 101 9113 9114 9189
18442 2 2 101 101 9114 9190 9189
18443 2 2 101 101 9114 9115 9191
18444 2 2 101 101 9114 9191 9190
18445 2 2 101 101 9115 9116 9191
18446 2 2 101 101 9116 9192 9191
18447 2 2 101 101 9116 9117 9193
18448 2 2 101 101 9116 9193 9192
18449 2 2 101 101 9117 9118 9193
18450 2 2 101 101 9118 9194 9193
18451 2 2 101 101 9118 9119 9195
18452 2 2 101 101 9118 9195 9194
18453 2 2 101 101 9119 9120 9195
18454 2 2 101 101 9120 9196 9195
18455 2 2 101 101 9121 9122 9198
18456 2 2 101 101 9121 9198 9197
18457 2 2 101 101 9122 9123 9198
18458 2 2 101 101 9123 9199 9198
18459 2 2 101 101 9123 9124 9200
18460 2 2 101 101 9123 9200 9199
18461 2 2 101 101 9124 9125 9200
18462 2 2 101 101 9125 9201 9200
18463 2 2 101 101 9125 9126 9202
18464 2 2 101 101 9125 9202 9201
18465 2 2 101 101 9126 9127 9202
18466 2 2 101 101 9127 9203 9202
18467 2 2 101 101 9127 9128 9204
18468 2 2 101 101 9127 9204 9203
18469 2 2 101 101 9128 9129 9204
18470 2 2 101 101 9129 9205 9204
18471 2 2 101 101 9129 9130 9206
18472 2 2 101 101 9129 9206 9205
18473 2 2 101 101 9130 9131 9206
18474 2 2 101 101 9131 9207 9206
18475 2 2 101 101 9131 9132 9208
18476 2 2 101 101 9131 9208 9207
18477 2 2 101 101 9132 9133 9208
18478 2 2 101 101 9133 9209 9208
18479 2 2 101 101 9133 9134 9210
18480 2 2 101 101 9133 9210 9209
18481 2 2 101 101 9134 9135 9210
18482 2 2 101 101 9135 9211 9210
18483 2 2 101 101 9135 9136 9212
18484 2 2 101 101 9135 9212 9211
18485 2 2 101 101 9136 9137 9212
18486 2 2 101 101 9137 9213 9212
18487 2 2 101 101 9137 9138 9214
18488 2 2 101 101 9137 9214 9213
18489 2 2 101 101 9138 9139 9214
18490 2 2 101 101 9139 9215 9214
18491 2 2 101 101 9139 9140 9216
18492 2 2 101 101 9139 9216 9215
18493 2 2 101 101 9140 9141 9216
18494 2 2 101 101 9141 9217 9216
18495 2 2 101 101 9141 9142 9218
18496 2 2 101 101 9141 9218 9217
18497 2 2 101 101 9142 9143 9218
18498 2 2 101 101 9143 9219 9218
18499 2 2 101 101 9143 9144 9220
18500 2 2 101 101 9143 9220 9219
18501 2 2 101 101 9144 9145 9220
18502 2 2 101 101 9145 9221 9220
18503 2 2 101 101 9145 9146 9222
18504 2 2 101 101 9145 9222 9221
18505 2 2 101 101 9146 9147 9222
18506 2 2 101 101 9147 9223 9222
18507 2 2 101 101 9147 9148 9224
18508 2 2 101 101 9147 9224 9223
18509 2 2 101 101 9148 9149 9224
18510 2 2 101 101 9149 9225 9224
18511 2 2 101 101 9149 9150 9226
18512 2 2 101 101 9149 9226 9225
18513 2 2 101 101 9150 9151 9226
18514 2 2 101 101 9151 9227 9226
18515 2 2 101 101 9151 9152 9228
18516 2 2 101 101 9151 9228 9227
18517 2 2 101 101 9152 9153 9228
18518 2 2 101 101 9153 9229 9228
18519 2 2 101 101 9153 9154 9230
18520 2 2 101 101 9153 9230 9229
18521 2 2 101 101 9154 9155 9230
18522 2 2 101 101 9155 9231 9230
18523 2 2 101 101 9155 9156 9232
18524 2 2 101 101 9155 9232 9231
18525 2 2 101 101 9156 9157 9232
18526 2 2 101 101 9157 9233 9232
18527 2 2 101 101 9157 9158 9234
18528 2 2 101 101 9157 9234 9233
18529 2 2 101 101 9158 9159 9234
18530 2 2 101 101 9159 9235 9234
18531 2 2 101 101 9159 9160 9236
18532 2 2 101 101 9159 9236 9235
18533 2 2 101 101 9160 9161 9236
18534 2 2 101 101 9161 9237 9236
18535 2 2 101 101 9161 9162 9238
18536 2 2 101 101 9161 9238 9237
18537 2 2 101 101 9162 9163 9238
18538 2 2 101 101 9163 9239 9238
18539 2 2 101 101 9163 9164 9240
18540 2 2 101 101 9163 9240 9239
18541 2 2 101 101 9164 9165 9240
18542 2 2 101 101 9165 9241 9240
18543 2 2 101 101 9165 9166 9242
18544 2 2 101 101 9165 9242 9241
18545 2 2 101 101 9166 9167 9242
18546 2 2 101 101 9167 9243 9242
18547 2 2 101 101 9167 9168 9244
18548 2 2 101 101 9167 9244 9243
18549 2 2 101 101 9168 9169 9244
18550 2 2 101 101 9169 9245 9244
18551 2 2 101 101 9169 9170 9246
18552 2 2 101 101 9169 9246 9245
18553 2 2 101 101 9170 9171 9246
18554 2 2 101 101 9171 9247 9246
18555 2 2 101 101 9171 9172 9248
18556 2 2 101 101 9171 9248 9247
18557 2 2 101 101 9172 9173 9248
18558 2 2 101 101 9173 9249 9248
18559 2 2 101 101 9173 9174 9250
18560 2 2 101 101 9173 9250 9249
18561 2 2 101 101 9174 9175 9250
18562 2 2 101 101 9175 9251 9250
18563 2 2 101 101 9175 9176 9252
18564 2 2 101 101 9175 9252 9251
18565 2 2 101 101 9176 9177 9252
18566 2 2 101 101 9177 9253 9252
18567 2 2 101 101 9177 9178 9254
18568 2 2 101 101 9177 9254 9253
18569 2 2 101 101 9178 9179 9254
18570 2 2 101 101 9179 9255 9254
18571 2 2 101 101 9179 9180 9256
18572 2 2 101 101 9179 9256 9255
18573 2 2 101 101 9180 9181 9256
18574 2 2 101 101 9181 9257 9256
18575 2 2 101 101 9181 9182 9258
18576 2 2 101 101 9181 9258 9257
18577 2 2 101 101 9182 9183 9258
18578 2 2 101 101 9183 9259 9258
18579 2 2 101 101 9183 9184 9260
18580 2 2 101 101 9183 9260 9259
18581 2 2 101 101 9184 9185 9260
18582 2 2 101 101 9185 9261 9260
18583 2 2 101 101 9185 9186 9262
18584 2 2 101 101 9185 9262 9261
18585 2 2 101 101 9186 9187 9262
18586 2 2 101 101 9187 9263 9262
18587 2 2 101 101 9187 9188 9264
18588 2 2 101 101 9187 9264 9263
18589 2 2 101 101 9188 9189 9264
18590 2 2 101 101 9189 9265 9264
18591 2 2 101 101 9189 9190 9266
18592 2 2 101 101 9189 9266 9265
18593 2 2 101 101 9190 9191 9266
18594 2 2 101 101 9191 9267 9266
18595 2 2 101 101 9191 9192 9268
18596 2 2 101 101 9191 9268 9267
18597 2 2 101 101 9192 9193 9268
18598 2 2 101 101 9193 9269 9268
18599 2 2 101 101 9193 9194 9270
18600 2 2 101 101 9193 9270 9269
18601 2 2 101 101 9194 9195 9270
18602 2 2 101 101 9195 9271 9270
18603 2 2 101 101 9195 9196 9272
18604 2 2 101 101 9195 9272 9271
18605 2 2 101 101 9197 9198 9273
18606 2 2 101 101 9198 9274 9273
18607 2 2 101 101 9198 9199 9275
18608 2 2 101 101 9198 9275 9274
18609 2 2 101 101 9199 9200 9275
18610 2 2 101 101 9200 9276 9275
18611 2 2 101 101 9200 9201 9277
18612 2 2 101 101 9200 9277 9276
18613 2 2 101 101 9201 9202 9277
18614 2 2 101 101 9202 9278 9277
18615 2 2 101 101 9202 9203 9279
18616 2 2 101 101 9202 9279 9278
18617 2 2 101 101 9203 9204 9279
18618 2 2 101 101 9204 9280 9279
18619 2 2 101 101 9204 9205 9281
18620 2 2 101 101 9204 9281 9280
18621 2 2 101 101 9205 9206 9281
18622 2 2 101 101 9206 9282 9281
18623 2 2 101 101 9206 9207 9283
18624 2 2 101 101 9206 9283 9282
18625 2 2 101 101 9207 9208 9283
18626 2 2 101 101 9208 9284 9283
18627 2 2 101 101 9208 9209 9285
18628 2 2 101 101 9208 9285 9284
18629 2 2 101 101 9209 9210 9285
18630 2 2 101 101 9210 9286 9285
18631 2 2 101 101 9210 9211 9287
18632 2 2 101 101 9210 9287 9286
18633 2 2 101 101 9211 9212 9287
18634 2 2 101 101 9212 9288 9287
18635 2 2 101 101 9212 9213 9289
18636 2 2 101 101 9212 9289 9288
18637 2 2 101 101 9213 9214 9289
18638 2 2 101 101 9214 9290 9289
18639 2 2 101 101 9214 9215 9291
18640 2 2 101 101 9214 9291 9290
18641 2 2 101 101 9215 9216 9291
18642 2 2 101 101 9216 9292 9291
18643 2 2 101 101 9216 9217 9293
18644 2 2 101 101 9216 9293 9292
18645 2 2 101 101 9217 9218 9293
18646 2 2 101 101 9218 9294 9293
18647 2 2 101 101 9218 9219 9295
18648 2 2 101 101 9218 9295 9294
18649 2 2 101 101 9219 9220 9295
18650 2 2 101 101 9220 9296 9295
18651 2 2 101 101 9220 9221 9297
18652 2 2 101 101 9220 9297 9296
18653 2 2 101 101 9221 9222 9297
18654 2 2 101 101 9222 9298 9297
18655 2 2 101 101 9222 9223 9299
18656 2 2 101 101 9222 9299 9298
18657 2 2 101 101 9223 9224 9299
18658 2 2 101 101 9224 9300 9299
18659 2 2 101 101 9224 9225 9301
18660 2 2 101 101 9224 9301 9300
18661 2 2 101 101 9225 9226 9301
18662 2 2 101 101 9226 9302 9301
18663 2 2 101 101 9226 9227 9303
18664 2 2 101 101 9226 9303 9302
18665 2 2 101 101 9227 9228 9303
18666 2 2 101 101 9228 9304 9303
18667 2 2 101 101 9228 9229 9305
18668 2 2 101 101 9228 9305 9304
18669 2 2 101 101 9229 9230 9305
18670 2 2 101 101 9230 9306 9305
18671 2 2 101 101 9230 9231 9307
18672 2 2 101 101 9230 9307 9306
18673 2 2 101 101 9231 9232 9307
18674 2 2 101 101 9232 9308 9307
18675 2 2 101 101 9232 9233 9309
18676 2 2 101 101 9232 9309 9308
18677 2 2 101 101 9233 9234 9309
18678 2 2 101 101 9234 9310 9309
18679 2 2 101 101 9234 9235 9311
18680 2 2 101 101 9234 9311 9310
18681 2 2 101 101 9235 9236 9311
18682 2 2 101 101 9236 9312 9311
18683 2 2 101 101 9236 9237 9313
18684 2 2 101 101 9236 9313 9312
18685 2 2 101 101 9237 9238 9313
18686 2 2 101 101 9238 9314 9313
18687 2 2 101 101 9238 9239 9315
18688 2 2 101 101 9238 9315 9314
18689 2 2 101 101 9239 9240 9315
18690 2 2 101 101 9240 9316 9315
18691 2 2 101 101 9240 9241 9317
18692 2 2 101 101 9240 9317 9316
18693 2 2 101 101 9241 9242 9317
18694 2 2 101 101 9242 9318 9317
18695 2 2 101 101 9242 9243 9319
18696 2 2 101 101 9242 9319 9318
18697 2 2 101 101 9243 9244 9319
18698 2 2 101 101 9244 9320 9319
18699 2 2 101 101 9244 9245 9321
18700 2 2 101 101 9244 9321 9320
18701 2 2 101 101 9245 9246 9321
18702 2 2 101 101 9246 9322 9321
18703 2 2 101 101 9246 9247 9323
18704 2 2 101 101 9246 9323 9322
18705 2 2 101 101 9247 9248 9323
18706 2 2 101 101 9248 9324 9323
18707 2 2 101 101 9248 9249 9325
18708 2 2 101 101 9248 9325 9324
18709 2 2 101 101 9249 9250 9325
18710 2 2 101 101 9250 9326 9325
18711 2 2 101 101 9250 9251 9327
18712 2 2 101 101 9250 9327 9326
18713 2 2 101 101 9251 9252 9327
18714 2 2 101 101 9252 9328 9327
18715 2 2 101 101 9252 9253 9329
18716 2 2 101 101 9252 9329 9328
18717 2 2 101 101 9253 9254 9329
18718 2 2 101 101 9254 9330 9329
18719 2 2 101 101 9254 9255 9331
18720 2 2 101 101 9254 9331 9330
18721 2 2 101 101 9255 9256 9331
18722 2 2 101 101 9256 9332 9331
18723 2 2 101 101 9256 9257 9333
18724 2 2 101 101 9256 9333 9332
18725 2 2 101 101 9257 9258 9333
18726 2 2 101 101 9258 9334 9333
18727 2 2 101 101 9258 9259 9335
18728 2 2 101 101 9258 9335 9334
18729 2 2 101 101 9259 9260 9335
18730 2 2 101 101 9260 9336 9335
18731 2 2 101 101 9260 9261 9337
18732 2 2 101 101 9260 9337 9336
18733 2 2 101 101 9261 9262 9337
18734 2 2 101 101 9262 9338 9337
18735 2 2 101 101 9262 9263 9339
18736 2 2 101 101 9262 9339 9338
18737 2 2 101 101 9263 9264 9339
18738 2 2 101 101 9264 9340 9339
18739 2 2 101 101 9264 9265 9341
18740 2 2 101 101 9264 9341 9340
18741 2 2 101 101 9265 9266 9341
18742 2 2 101 101 9266 9342 9341
18743 2 2 101 101 9266 9267 9343
18744 2 2 101 101 9266 9343 9342
18745 2 2 101 101 9267 9268 9343
18746 2 2 101 101 9268 9344 9343
18747 2 2 101 101 9268 9269 9345
18748 2 2 101 101 9268 9345 9344
18749 2 2 101 101 9269 9270 9345
18750 2 2 101 101 9270 9346 9345
18751 2 2 101 101 9270 9271 9347
18752 2 2 101 101 9270 9347 9346
18753 2 2 101 101 9271 9272 9347
18754 2 2 101 101 9272 9348 9347
18755 2 2 101 101 9273 9274 9350
18756 2 2 101 101 9273 9350 9349
18757 2 2 101 101 9274 9275 9350
18758 2 2 101 101 9275 9351 9350
18759 2 2 101 101 9275 9276 9352
18760 2 2 101 101 9275 9352 9351
18761 2 2 101 101 9276 9277 9352
18762 2 2 101 101 9277 9353 9352
18763 2 2 101 101 9277 9278 9354
18764 2 2 101 101 9277 9354 9353
18765 2 2 101 101 9278 9279 9354
18766 2 2 101 101 9279 9355 9354
18767 2 2 101 101 9279 9280 9356
18768 2 2 101 101 9279 9356 9355
18769 2 2 101 101 9280 9281 9356
18770 2 2 101 101 9281 9357 9356
18771 2 2 101 101 9281 9282 9358
18772 2 2 101 101 9281 9358 9357
18773 2 2 101 101 9282 9283 9358
18774 2 2 101 101 9283 9359 9358
18775 2 2 101 101 9283 9284 9360
18776 2 2 101 101 9283 9360 9359
18777 2 2 101 101 9284 9285 9360
18778 2 2 101 101 9285 9361 9360
18779 2 2 101 101 9285 9286 9362
18780 2 2 101 101 9285 9362 9361
18781 2 2 101 101 9286 9287 9362
18782 2 2 101 101 9287 9363 9362
18783 2 2 101 101 9287 9288 9364
18784 2 2 101 101 9287 9364 9363
18785 2 2 101 101 9288 9289 9364
18786 2 2 101 101 9289 9365 9364
18787 2 2 101 101 9289 9290 9366
18788 2 2 101 101 9289 9366 9365
18789 2 2 101 101 9290 9291 9366
18790 2 2 101 101 9291 9367 9366
18791 2 2 101 101 9291 9292 9368
18792 2 2 101 101 9291 9368 9367
18793 2 2 101 101 9292 9293 9368
18794 2 2 101 101 9293 9369 9368
18795 2 2 101 101 9293 9294 9370
18796 2 2 101 101 9293 9370 9369
18797 2 2 101 101 9294 9295 9370
18798 2 2 101 101 9295 9371 9370
18799 2 2 101 101 9295 9296 9372
18800 2 2 101 101 9295 9372 9371
18801 2 2 101 101 9296 9297 9372
18802 2 2 101 101 9297 9373 9372
18803 2 2 101 101 9297 9298 9374
18804 2 2 101 101 9297 9374 9373
18805 2 2 101 101 9298 9299 9374
18806 2 2 101 101 9299 9375 9374
18807 2 2 101 101 9299 9300 9376
18808 2 2 101 101 9299 9376 9375
18809 2 2 101 101 9300 9301 9376
18810 2 2 101 101 9301 9377 9376
18811 2 2 101 101 9301 9302 9378
18812 2 2 101 101 9301 9378 9377
18813 2 2 101 101 9302 9303 9378
18814 2 2 101 101 9303 9379 9378
18815 2 2 101 101 9303 9304 9380
18816 2 2 101 101 9303 9380 9379
18817 2 2 101 101 9304 9305 9380
18818 2 2 101 101 9305 9381 9380
18819 2 2 101 101 9305 9306 9382
18820 2 2 101 101 9305 9382 9381
18821 2 2 101 101 9306 9307 9382
18822 2 2 101 101 9307 9383 9382
18823 2 2 101 101 9307 9308 9384
18824 2 2 101 101 9307 9384 9383
18825 2 2 101 101 9308 9309 9384
18826 2 2 101 101 9309 9385 9384
18827 2 2 101 101 9309 9310 9386
18828 2 2 101 101 9309 9386 9385
18829 2 2 101 101 9310 9311 9386
18830 2 2 101 101 9311 9387 9386
18831 2 2 101 101 9311 9312 9388
18832 2 2 101 101 9311 9388 9387
18833 2 2 101 101 9312 9313 9388
18834 2 2 101 101 9313 9389 9388
18835 2 2 101 101 9313 9314 9390
18836 2 2 101 101 9313 9390 9389
18837 2 2 101 101 9314 9315 9390
18838 2 2 101 101 9315 9391 9390
18839 2 2 101 101 9315 9316 9392
18840 2 2 101 101 9315 9392 9391
18841 2 2 101 101 9316 9317 9392
18842 2 2 101 101 9317 9393 9392
18843 2 2 101 101 9317 9318 9394
18844 2 2 101 101 9317 9394 9393
18845 2 2 101 101 9318 9319 9394
18846 2 2 101 101 9319 9395 9394
18847 2 2 101 101 9319 9320 9396
18848 2 2 101 101 9319 9396 9395
18849 2 2 101 101 9320 9321 9396
18850 2 2 101 101 9321 9397 9396
18851 2 2 101 101 9321 9322 9398
18852 2 2 101 101 9321 9398 9397
18853 2 2 101 101 9322 9323 9398
18854 2 2 101 101 9323 9399 9398
18855 2 2 101 101 9323 9324 9400
18856 2 2 101 101 9323 9400 9399
18857 2 2 101 101 9324 9325 9400
18858 2 2 101 101 9325 9401 9400
18859 2 2 101 101 9325 9326 9402
18860 2 2 101 101 9325 9402 9401
18861 2 2 101 101 9326 9327 9402
18862 2 2 101 101 9327 9403 9402
18863 2 2 101 101 9327 9328 9404
18864 2 2 101 101 9327 9404 9403
18865 2 2 101 101 9328 9329 9404
18866 2 2 101 101 9329 9405 9404
18867 2 2 101 101 9329 9330 9406
18868 2 2 101 101 9329 9406 9405
18869 2 2 101 101 9330 9331 9406
18870 2 2 101 101 9331 9407 9406
18871 2 2 101 101 9331 9332 9408
18872 2 2 101 101 9331 9408 9407
18873 2 2 101 101 9332 9333 9408
18874 2 2 101 101 9333 9409 9408
18875 2 2 101 101 9333 9334 9410
18876 2 2 101 101 9333 9410 9409
18877 2 2 101 101 9334 9335 9410
18878 2 2 101 101 9335 9411 9410
18879 2 2 101 101 9335 9336 9412
18880 2 2 101 101 9335 9412 9411
18881 2 2 101 101 9336 9337 9412
18882 2 2 101 101 9337 9413 9412
18883 2 2 101 101 9337 9338 9414
18884 2 2 101 101 9337 9414 9413
18885 2 2 101 101 9338 9339 9414
18886 2 2 101 101 9339 9415 9414
18887 2 2 101 101 9339 9340 9416
18888 2 2 101 101 9339 9416 9415
18889 2 2 101 101 9340 9341 9416
18890 2 2 101 101 9341 9417 9416
18891 2 2 101 101 9341 9342 9418
18892 2 2 101 101 9341 9418 9417
18893 2 2 101 101 9342 9343 9418
18894 2 2 101 101 9343 9419 9418
18895 2 2 101 101 9343 9344 9420
18896 2 2 101 101 9343 9420 9419
18897 2 2 101 101 9344 9345 9420
18898 2 2 101 101 9345 9421 9420
18899 2 2 101 101 9345 9346 9422
18900 2 2 101 101 9345 9422 9421
18901 2 2 101 101 9346 9347 9422
18902 2 2 101 101 9347 9423 9422
18903 2 2 101 101 9347 9348 9424
18904 2 2 101 101 9347 9424 9423
18905 2 2 101 101 9349 9350 9425
18906 2 2 101 101 9350 9426 9425
18907 2 2 101 101 9350 9351 9427
18908 2 2 101 101 9350 9427 9426
18909 2 2 101 101 9351 9352 9427
18910 2 2 101 101 9352 9428 9427
18911 2 2 101 101 9352 9353 9429
18912 2 2 101 101 9352 9429 9428
18913 2 2 101 101 9353 9354 9429
18914 2 2 101 101 9354 9430 9429
18915 2 2 101 101 9354 9355 9431
18916 2 2 101 101 9354 9431 9430
18917 2 2 101 101 9355 9356 9431
18918 2 2 101 101 9356 9432 9431
18919 2 2 101 101 9356 9357 9433
18920 2 2 101 101 9356 9433 9432
18921 2 2 101 101 9357 9358 9433
18922 2 2 101 101 9358 9434 9433
18923 2 2 101 101 9358 9359 9435
18924 2 2 101 101 9358 9435 9434
18925 2 2 101 101 9359 9360 9435
18926 2 2 101 101 9360 9436 9435
18927 2 2 101 101 9360 9361 9437
18928 2 2 101 101 9360 9437 9436
18929 2 2 101 101 9361 9362 9437
18930 2 2 101 101 9362 9438 9437
18931 2 2 101 101 9362 9363 9439
18932 2 2 101 101 9362 9439 9438
18933 2 2 101 101 9363 9364 9439
18934 2 2 101 101 9364 9440 9439
18935 2 2 101 101 9364 9365 9441
18936 2 2 101 101 9364 9441 9440
18937 2 2 101 101 9365 9366 9441
18938 2 2 101 101 9366 9442 9441
18939 2 2 101 101 9366 9367 9443
18940 2 2 101 101 9366 9443 9442
18941 2 2 101 101 9367 9368 9443
18942 2 2 101 101 9368 9444 9443
18943 2 2 101 101 9368 9369 9445
18944 2 2 101 101 9368 9445 9444
18945 2 2 101 101 9369 9370 9445
18946 2 2 101 101 9370 9446 9445
18947 2 2 101 101 9370 9371 9447
18948 2 2 101 101 9370 9447 9446
18949 2 2 101 101 9371 9372 9447
18950 2 2 101 101 9372 9448 9447
18951 2 2 101 101 9372 9373 9449
18952 2 2 101 101 9372 9449 9448
18953 2 2 101 101 9373 9374 9449
18954 2 2 101 101 9374 9450 9449
18955 2 2 101 101 9374 9375 9451
18956 2 2 101 101 9374 9451 9450
18957 2 2 101 101 9375 9376 9451
18958 2 2 101 101 9376 9452 9451
18959 2 2 101 101 9376 9377 9453
18960 2 2 101 101 9376 9453 9452
18961 2 2 101 101 9377 9378 9453
18962 2 2 101 101 9378 9454 9453
18963 2 2 101 101 9378 9379 9455
18964 2 2 101 101 9378 9455 9454
18965 2 2 101 101 9379 9380 9455
18966 2 2 101 101 9380 9456 9455
18967 2 2 101 101 9380 9381 9457
18968 2 2 101 101 9380 9457 9456
18969 2 2 101 101 9381 9382 9457
18970 2 2 101 101 9382 9458 9457
18971 2 2 101 101 9382 9383 9459
18972 2 2 101 101 9382 9459 9458
18973 2 2 101 101 9383 9384 9459
18974 2 2 101 101 9384 9460 9459
18975 2 2 101 101 9384 9385 9461
18976 2 2 101 101 9384 9461 9460
18977 2 2 101 101 9385 9386 9461
18978 2 2 101 101 9386 9462 9461
18979 2 2 101 101 9386 9387 9463
18980 2 2 101 101 9386 9463 9462
18981 2 2 101 101 9387 9388 9463
18982 2 2 101 101 9388 9464 9463
18983 2 2 101 101 9388 9389 9465
18984 2 2 101 101 9388 9465 9464
18985 2 2 101 101 9389 9390 9465
18986 2 2 101 101 9390 9466 9465
18987 2 2 101 101 9390 9391 9467
18988 2 2 101 101 9390 9467 9466
18989 2 2 101 101 9391 9392 9467
18990 2 2 101 101 9392 9468 9467
18991 2 2 101 101 9392 9393 9469
18992 2 2 101 101 9392 9469 9468
18993 2 2 101 101 9393 9394 9469
18994 2 2 101 101 9394 9470 9469
18995 2 2 101 101 9394 9395 9471
18996 2 2 101 101 9394 9471 9470
18997 2 2 101 101 9395 9396 9471
18998 2 2 101 101 9396 9472 9471
18999 2 2 101 101 9396 9397 9473
19000 2 2 101 101 9396 9473 9472
19001 2 2 101 101 9397 9398 9473
19002 2 2 101 101 9398 9474 9473
19003 2 2 101 101 9398 9399 9475
19004 2 2 101 101 9398 9475 9474
19005 2 2 101 101 9399 9400 9475
19006 2 2 101 101 9400 9476 9475
19007 2 2 101 101 9400 9401 9477
19008 2 2 101 101 9400 9477 9476
19009 2 2 101 101 9401 9402 9477
19010 2 2 101 101 9402 9478 9477
19011 2 2 101 101 9402 9403 9479
19012 2 2 101 101 9402 9479 9478
19013 2 2 101 101 9403 9404 9479
19014 2 2 101 101 9404 9480 9479
19015 2 2 101 101 9404 9405 9481
19016 2 2 101 101 9404 9481 9480
19017 2 2 101 101 9405 9406 9481
19018 2 2 101 101 9406 9482 9481
19019 2 2 101 101 9406 9407 9483
19020 2 2 101 101 9406 9483 9482
19021 2 2 101 101 9407 9408 9483
19022 2 2 101 101 9408 9484 9483
19023 2 2 101 101 9408 9409 9485
19024 2 2 101 101 9408 9485 9484
19025 2 2 101 101 9409 9410 9485
19026 2 2 101 101 9410 9486 9485
19027 2 2 101 101 9410 9411 9487
19028 2 2 101 101 9410 9487 9486
19029 2 2 101 101 9411 9412 9487
19030 2 2 101 101 9412 9488 9487
19031 2 2 101 101 9412 9413 9489
19032 2 2 101 101 9412 9489 9488
19033 2 2 101 101 9413 9414 9489
19034 2 2 101 101 9414 9490 9489
19035 2 2 101 101 9414 9415 9491
19036 2 2 101 101 9414 9491 9490
19037 2 2 101 101 9415 9416 9491
19038 2 2 101 101 9416 9492 9491
19039 2 2 101 101 9416 9417 9493
19040 2 2 101 101 9416 9493 9492
19041 2 2 101 101 9417 9418 9493
19042 2 2 101 101 9418 9494 9493
19043 2 2 101 101 9418 9419 9495
19044 2 2 101 101 9418 9495 9494
19045 2 2 101 101 9419 9420 9495
19046 2 2 101 101 9420 9496 9495
19047 2 2 101 101 9420 9421 9497
19048 2 2 101 101 9420 9497 9496
19049 2 2 101 101 9421 9422 9497
19050 2 2 101 101 9422 9498 9497
19051 2 2 101 101 9422 9423 9499
19052 2 2 101 101 9422 9499 9498
19053 2 2 101 101 9423 9424 9499
19054 2 2 101 101 9424 9500 9499
19055 2 2 101 101 9425 9426 9502
19056 2 2 101 101 9425 9502 9501
19057 2 2 101 101 9426 9427 9502
19058 2 2 101 101 9427 9503 9502
19059 2 2 101 101 9427 9428 9504
19060 2 2 101 101 9427 9504 9503
19061 2 2 101 101 9428 9429 9504
19062 2 2 101 101 9429 9505 9504
19063 2 2 101 101 9429 9430 9506
19064 2 2 101 101 9429 9506 9505
19065 2 2 101 101 9430 9431 9506
19066 2 2 101 101 9431 9507 9506
19067 2 2 101 101 9431 9432 9508
19068 2 2 101 101 9431 9508 9507
19069 2 2 101 101 9432 9433 9508
19070 2 2 101 101 9433 9509 9508
19071 2 2 101 101 9433 9434 9510
19072 2 2 101 101 9433 9510 9509
19073 2 2 101 101 9434 9435 9510
19074 2 2 101 101 9435 9511 9510
19075 2 2 101 101 9435 9436 9512
19076 2 2 101 101 9435 9512 9511
19077 2 2 101 101 9436 9437 9512
19078 2 2 101 101 9437 9513 9512
19079 2 2 101 101 9437 9438 9514
19080 2 2 101 101 9437 9514 9513
19081 2 2 101 101 9438 9439 9514
19082 2 2 101 101 9439 9515 9514
19083 2 2 101 101 9439 9440 9516
19084 2 2 101 101 9439 9516 9515
19085 2 2 101 101 9440 9441 9516
19086 2 2 101 101 9441 9517 9516
19087 2 2 101 101 9441 9442 9518
19088 2 2 101 101 9441 9518 9517
19089 2 2 101 101 9442 9443 9518
19090 2 2 101 101 9443 9519 9518
19091 2 2 101 101 9443 9444 9520
19092 2 2 101 101 9443 9520 9519
19093 2 2 101 101 9444 9445 9520
19094 2 2 101 101 9445 9521 9520
19095 2 2 101 101 9445 9446 9522
19096 2 2 101 101 9445 9522 9521
19097 2 2 101 101 9446 9447 9522
19098 2 2 101 101 9447 9523 9522
19099 2 2 101 101 9447 9448 9524
19100 2 2 101 101 9447 9524 9523
19101 2 2 101 101 9448 9449 9524
19102 2 2 101 101 9449 9525 9524
19103 2 2 101 101 9449 9450 9526
19104 2 2 101 101 9449 9526 9525
19105 2 2 101 101 9450 9451 9526
19106 2 2 101 101 9451 9527 9526
19107 2 2 101 101 9451 9452 9528
19108 2 2 101 101 9451 9528 9527
19109 2 2 101 101 9452 9453 9528
19110 2 2 101 101 9453 9529 9528
19111 2 2 101 101 9453 9454 9530
19112 2 2 101 101 9453 9530 9529
19113 2 2 101 101 9454 9455 9530
19114 2 2 101 101 9455 9531 9530
19115 2 2 101 101 9455 9456 9532
19116 2 2 101 101 9455 9532 9531
19117 2 2 101 101 9456 9457 9532
19118 2 2 101 101 9457 9533 9532
19119 2 2 101 101 9457 9458 9534
19120 2 2 101 101 9457 9534 9533
19121 2 2 101 101 9458 9459 9534
19122 2 2 101 101 9459 9535 9534
19123 2 2 101 101 9459 9460 9536
19124 2 2 101 101 9459 9536 9535
19125 2 2 101 101 9460 9461 9536
19126 2 2 101 101 9461 9537 9536
19127 2 2 101 101 9461 9462 9538
19128 2 2 101 101 9461 9538 9537
19129 2 2 101 101 9462 9463 9538
19130 2 2 101 101 9463 9539 9538
19131 2 2 101 101 9463 9464 9540
19132 2 2 101 101 9463 9540 9539
19133 2 2 101 101 9464 9465 9540
19134 2 2 101 101 9465 9541 9540
19135 2 2 101 101 9465 9466 9542
19136 2 2 101 101 9465 9542 9541
19137 2 2 101 101 9466 9467 9542
19138 2 2 101 101 9467 9543 9542
19139 2 2 101 101 9467 9468 9544
19140 2 2 101 101 9467 9544 9543
19141 2 2 101 101 9468 9469 9544
19142 2 2 101 101 9469 9545 9544
19143 2 2 101 101 9469 9470 9546
19144 2 2 101 101 9469 9546 9545
19145 2 2 101 101 9470 9471 9546
19146 2 2 101 101 9471 9547 9546
19147 2 2 101 101 9471 9472 9548
19148 2 2 101 101 9471 9548 9547
19149 2 2 101 101 9472 9473 9548
19150 2 2 101 101 9473 9549 9548
19151 2 2 101 101 9473 9474 9550
19152 2 2 101 101 9473 9550 9549
19153 2 2 101 101 9474 9475 9550
19154 2 2 101 101 9475 9551 9550
19155 2 2 101 101 9475 9476 9552
19156 2 2 101 101 9475 9552 9551
19157 2 2 101 101 9476 9477 9552
19158 2 2 101 101 9477 9553 9552
19159 2 2 101 101 9477 9478 9554
19160 2 2 101 101 9477 9554 9553
19161 2 2 101 101 9478 9479 9554
19162 2 2 101 101 9479 9555 9554
19163 2 2 101 101 9479 9480 9556
19164 2 2 101 101 9479 9556 9555
19165 2 2 101 101 9480 9481 9556
19166 2 2 101 101 9481 9557 9556
19167 2 2 101 101 9481 9482 9558
19168 2 2 101 101 9481 9558 9557
19169 2 2 101 101 9482 9483 9558
19170 2 2 101 101 9483 9559 9558
19171 2 2 101 101 9483 9484 9560
19172 2 2 101 101 9483 9560 9559
19173 2 2 101 101 9484 9485 9560
19174 2 2 101 101 9485 9561 9560
19175 2 2 101 101 9485 9486 9562
19176 2 2 101 101 9485 9562 9561
19177 2 2 101 101 9486 9487 9562
19178 2 2 101 101 9487 9563 9562
19179 2 2 101 101 9487 9488 9564
19180 2 2 101 101 9487 9564 9563
19181 2 2 101 101 9488 9489 9564
19182 2 2 101 101 9489 9565 9564
19183 2 2 101 101 9489 9490 9566
19184 2 2 101 101 9489 9566 9565
19185 2 2 101 101 9490 9491 9566
19186 2 2 101 101 9491 9567 9566
19187 2 2 101 101 9491 9492 9568
19188 2 2 101 101 9491 9568 9567
19189 2 2 101 101 9492 9493 9568
19190 2 2 101 101 9493 9569 9568
19191 2 2 101 101 9493 9494 9570
19192 2 2 101 101 9493 9570 9569
19193 2 2 101 101 9494 9495 9570
19194 2 2 101 101 9495 9571 9570
19195 2 2 101 101 9495 9496 9572
19196 2 2 101 101 9495 9572 9571
19197 2 2 101 101 9496 9497 9572
19198 2 2 101 101 9497 9573 9572
19199 2 2 101 101 9497 9498 9574
19200 2 2 101 101 9497 9574 9573
19201 2 2 101 101 9498 9499 9574
19202 2 2 101 101 9499 9575 9574
19203 2 2 101 101 9499 9500 9576
19204 2 2 101 101 9499 9576 9575
19205 2 2 101 101 9501 9502 9577
19206 2 2 101 101 9502 9578 9577
19207 2 2 101 101 9502 9503 9579
19208 2 2 101 101 9502 9579 9578
19209 2 2 101 101 9503 9504 9579
19210 2 2 101 101 9504 9580 9579
19211 2 2 101 101 9504 9505 9581
19212 2 2 101 101 9504 9581 9580
19213 2 2 101 101 9505 9506 9581
19214 2 2 101 101 9506 9582 9581
19215 2 2 101 101 9506 9507 9583
19216 2 2 101 101 9506 9583 9582
19217 2 2 101 101 9507 9508 9583
19218 2 2 101 101 9508 9584 9583
19219 2 2 101 101 9508 9509 9585
19220 2 2 101 101 9508 9585 9584
19221 2 2 101 101 9509 9510 9585
19222 2 2 101 101 9510 9586 9585
19223 2 2 101 101 9510 9511 9587
19224 2 2 101 101 9510 9587 9586
19225 2 2 101 101 9511 9512 9587
19226 2 2 101 101 9512 9588 9587
19227 2 2 101 101 9512 9513 9589
19228 2 2 101 101 9512 9589 9588
19229 2 2 101 101 9513 9514 9589
19230 2 2 101 101 9514 9590 9589
19231 2 2 101 101 9514 9515 9591
19232 2 2 101 101 9514 9591 9590
19233 2 2 101 101 9515 9516 9591
19234 2 2 101 101 9516 9592 9591
19235 2 2 101 101 9516 9517 9593
19236 2 2 101 101 9516 9593 9592
19237 2 2 101 101 9517 9518 9593
19238 2 2 101 101 9518 9594 9593
19239 2 2 101 101 9518 9519 9595
19240 2 2 101 101 9518 9595 9594
19241 2 2 101 101 9519 9520 9595
19242 2 2 101 101 9520 9596 9595
19243 2 2 101 101 9520 9521 9597
19244 2 2 101 101 9520 9597 9596
19245 2 2 101 101 9521 9522 9597
19246 2 2 101 101 9522 9598 9597
19247 2 2 101 101 9522 9523 9599
19248 2 2 101 101 9522 9599 9598
19249 2 2 101 101 9523 9524 9599
19250 2 2 101 101 9524 9600 9599
19251 2 2 101 101 9524 9525 9601
19252 2 2 101 101 9524 9601 9600
19253 2 2 101 101 9525 9526 9601
19254 2 2 101 101 9526 9602 9601
19255 2 2 101 101 9526 9527 9603
19256 2 2 101 101 9526 9603 9602
19257 2 2 101 101 9527 9528 9603
19258 2 2 101 101 9528 9604 9603
19259 2 2 101 101 9528 9529 9605
19260 2 2 101 101 9528 9605 9604
19261 2 2 101 101 9529 9530 9605
19262 2 2 101 101 9530 9606 9605
19263 2 2 101 101 9530 9531 9607
19264 2 2 101 101 9530 9607 9606
19265 2 2 101 101 9531 9532 9607
19266 2 2 101 101 9532 9608 9607
19267 2 2 101 101 9532 9533 9609
19268 2 2 101 101 9532 9609 9608
19269 2 2 101 101 9533 9534 9609
19270 2 2 101 101 9534 9610 9609
19271 2 2 101 101 9534 9535 9611
19272 2 2 101 101 9534 9611 9610
19273 2 2 101 101 9535 9536 9611
19274 2 2 101 101 9536 9612 9611
19275 2 2 101 101 9536 9537 9613
19276 2 2 101 101 9536 9613 9612
19277 2 2 101 101 9537 9538 9613
19278 2 2 101 101 9538 9614 9613
19279 2 2 101 101 9538 9539 9615
19280 2 2 101 101 9538 9615 9614
19281 2 2 101 101 9539 9540 9615
19282 2 2 101 101 9540 9616 9615
19283 2 2 101 101 9540 9541 9617
19284 2 2 101 101 9540 9617 9616
19285 2 2 101 101 9541 9542 9617
19286 2 2 101 101 9542 9618 9617
19287 2 2 101 101 9542 9543 9619
19288 2 2 101 101 9542 9619 9618
19289 2 2 101 101 9543 9544 9619
19290 2 2 101 101 9544 9620 9619
19291 2 2 101 101 9544 9545 9621
19292 2 2 101 101 9544 9621 9620
19293 2 2 101 101 9545 9546 9621
19294 2 2 101 101 9546 9622 9621
19295 2 2 101 101 9546 9547 9623
19296 2 2 101 101 9546 9623 9622
19297 2 2 101 101 9547 9548 9623
19298 2 2 101 101 9548 9624 9623
19299 2 2 101 101 9548 9549 9625
19300 2 2 101 101 9548 9625 9624
19301 2 2 101 101 9549 9550 9625
19302 2 2 101 101 9550 9626 9625
19303 2 2 101 101 9550 9551 9627
19304 2 2 101 101 9550 9627 9626
19305 2 2 101 101 9551 9552 9627
19306 2 2 101 101 9552 9628 9627
19307 2 2 101 101 9552 9553 9629
19308 2 2 101 101 9552 9629 9628
19309 2 2 101 101 9553 9554 9629
19310 2 2 101 101 9554 9630 9629
19311 2 2 101 101 9554 9555 9631
19312 2 2 101 101 9554 9631 9630
19313 2 2 101 101 9555 9556 9631
19314 2 2 101 101 9556 9632 9631
19315 2 2 101 101 9556 9557 9633
19316 2 2 101 101 9556 9633 9632
19317 2 2 101 101 9557 9558 9633
19318 2 2 101 101 9558 9634 9633
19319 2 2 101 101 9558 9559 9635
19320 2 2 101 101 9558 9635 9634
19321 2 2 101 101 9559 9560 9635
19322 2 2 101 101 9560 9636 9635
19323 2 2 101 101 9560 9561 9637
19324 2 2 101 101 9560 9637 9636
19325 2 2 101 101 9561 9562 9637
19326 2 2 101 101 9562 9638 9637
19327 2 2 101 101 9562 9563 9639
19328 2 2 101 101 9562 9639 9638
19329 2 2 101 101 9563 9564 9639
19330 2 2 101 101 9564 9640 9639
19331 2 2 101 101 9564 9565 9641
19332 2 2 101 101 9564 9641 9640
19333 2 2 101 101 9565 9566 9641
19334 2 2 101 101 9566 9642 9641
19335 2 2 101 101 9566 9567 9643
19336 2 2 101 101 9566 9643 9642
19337 2 2 101 101 9567 9568 9643
19338 2 2 101 101 9568 9644 9643
19339 2 2 101 101 9568 9569 9645
19340 2 2 101 101 9568 9645 9644
19341 2 2 101 101 9569 9570 9645
19342 2 2 101 101 9570 9646 9645
19343 2 2 101 101 9570 9571 9647
19344 2 2 101 101 9570 9647 9646
19345 2 2 101 101 9571 9572 9647
19346 2 2 101 101 9572 9648 9647
19347 2 2 101 101 9572 9573 9649
19348 2 2 101 101 9572 9649 9648
19349 2 2 101 101 9573 9574 9649
19350 2 2 101 101 9574 9650 9649
19351 2 2 101 101 9574 9575 9651
19352 2 2 101 101 9574 9651 9650
19353 2 2 101 101 9575 9576 9651
19354 2 2 101 101 9576 9652 9651
19355 2 2 101 101 9577 9578 9654
19356 2 2 101 101 9577 9654 9653
19357 2 2 101 101 9578 9579 9654
19358 2 2 101 101 9579 9655 9654
19359 2 2 101 101 9579 9580 9656
19360 2 2 101 101 9579 9656 9655
19361 2 2 101 101 9580 9581 9656
19362 2 2 101 101 9581 9657 9656
19363 2 2 101 101 9581 9582 9658
19364 2 2 101 101 9581 9658 9657
19365 2 2 101 101 9582 9583 9658
19366 2 2 101 101 9583 9659 9658
19367 2 2 101 101 9583 9584 9660
19368 2 2 101 101 9583 9660 9659
19369 2 2 101 101 9584 9585 9660
19370 2 2 101 101 9585 9661 9660
19371 2 2 101 101 9585 9586 9662
19372 2 2 101 101 9585 9662 9661
19373 2 2 101 101 9586 9587 9662
19374 2 2 101 101 9587 9663 9662
19375 2 2 101 101 9587 9588 9664
19376 2 2 101 101 9587 9664 9663
19377 2 2 101 101 9588 9589 9664
19378 2 2 101 101 9589 9665 9664
19379 2 2 101 101 9589 9590 9666
19380 2 2 101 101 9589 9666 9665
19381 2 2 101 101 9590 9591 9666
19382 2 2 101 101 9591 9667 9666
19383 2 2 101 101 9591 9592 9668
19384 2 2 101 101 9591 9668 9667
19385 2 2 101 101 9592 9593 9668
19386 2 2 101 101 9593 9669 9668
19387 2 2 101 101 9593 9594 9670
19388 2 2 101 101 9593 9670 9669
19389 2 2 101 101 9594 9595 9670
19390 2 2 101 101 9595 9671 9670
19391 2 2 101 101 9595 9596 9672
19392 2 2 101 101 9595 9672 9671
19393 2 2 101 101 9596 9597 9672
19394 2 2 101 101 9597 9673 9672
19395 2 2 101 101 9597 9598 9674
19396 2 2 101 101 9597 9674 9673
19397 2 2 101 101 9598 9599 9674
19398 2 2 101 101 9599 9675 9674
19399 2 2 101 101 9599 9600 9676
19400 2 2 101 101 9599 9676 9675
19401 2 2 101 101 9600 9601 9676
19402 2 2 101 101 9601 9677 9676
19403 2 2 101 101 9601 9602 9678
19404 2 2 101 101 9601 9678 9677
19405 2 2 101 101 9602 9603 9678
19406 2 2 101 101 9603 9679 9678
19407 2 2 101 101 9603 9604 9680
19408 2 2 101 101 9603 9680 9679
19409 2 2 101 101 9604 9605 9680
19410 2 2 101 101 9605 9681 9680
19411 2 2 101 101 9605 9606 9682
19412 2 2 101 101 9605 9682 9681
19413 2 2 101 101 9606 9607 9682
19414 2 2 101 101 9607 9683 9682
19415 2 2 101 101 9607 9608 9684
19416 2 2 101 101 9607 9684 9683
19417 2 2 101 101 9608 9609 9684
19418 2 2 101 101 9609 9685 9684
19419 2 2 101 101 9609 9610 9686
19420 2 2 101 101 9609 9686 9685
19421 2 2 101 101 9610 9611 9686
19422 2 2 101 101 9611 9687 9686
19423 2 2 101 101 9611 9612 9688
19424 2 2 101 101 9611 9688 9687
19425 2 2 101 101 9612 9613 9688
19426 2 2 101 101 9613 9689 9688
19427 2 2 101 101 9613 9614 9690
19428 2 2 101 101 9613 9690 9689
19429 2 2 101 101 9614 9615 9690
19430 2 2 101 101 9615 9691 9690
19431 2 2 101 101 9615 9616 9692
19432 2 2 101 101 9615 9692 9691
19433 2 2 101 101 9616 9617 9692
19434 2 2 101 101 9617 9693 9692
19435 2 2 101 101 9617 9618 9694
19436 2 2 101 101 9617 9694 9693
19437 2 2 101 101 9618 9619 9694
19438 2 2 101 101 9619 9695 9694
19439 2 2 101 101 9619 9620 9696
19440 2 2 101 101 9619 9696 9695
19441 2 2 101 101 9620 9621 9696
19442 2 2 101 101 9621 9697 9696
19443 2 2 101 101 9621 9622 9698
19444 2 2 101 101 9621 9698 9697
19445 2 2 101 101 9622 9623 9698
19446 2 2 101 101 9623 9699 9698
19447 2 2 101 101 9623 9624 9700
19448 2 2 101 101 9623 9700 9699
19449 2 2 101 101 9624 9625 9700
19450 2 2 101 101 9625 9701 9700
19451 2 2 101 101 9625 9626 9702
19452 2 2 101 101 9625 9702 9701
19453 2 2 101 101 9626 9627 9702
19454 2 2 101 101 9627 9703 9702
19455 2 2 101 101 9627 9628 9704
19456 2 2 101 101 9627 9704 9703
19457 2 2 101 101 9628 9629 9704
19458 2 2 101 101 9629 9705 9704
19459 2 2 101 101 9629 9630 9706
19460 2 2 101 101 9629 9706 9705
19461 2 2 101 101 9630 9631 9706
19462 2 2 101 101 9631 9707 9706
19463 2 2 101 101 9631 9632 9708
19464 2 2 101 101 9631 9708 9707
19465 2 2 101 101 9632 9633 9708
19466 2 2 101 101 9633 9709 9708
19467 2 2 101 101 9633 9634 9710
19468 2 2 101 101 9633 9710 9709
19469 2 2 101 101 9634 9635 9710
19470 2 2 101 101 9635 9711 9710
19471 2 2 101 101 9635 9636 9712
19472 2 2 101 101 9635 9712 9711
19473 2 2 101 101 9636 9637 9712
19474 2 2 101 101 9637 9713 9712
19475 2 2 101 101 9637 9638 9714
19476 2 2 101 101 9637 9714 9713
19477 2 2 101 101 9638 9639 9714
19478 2 2 101 101 9639 9715 9714
19479 2 2 101 101 9639 9640 9716
19480 2 2 101 101 9639 9716 9715
19481 2 2 101 101 9640 9641 9716
19482 2 2 101 101 9641 9717 9716
19483 2 2 101 101 9641 9642 9718
19484 2 2 101 101 9641 9718 9717
19485 2 2 101 101 9642 9643 9718
19486 2 2 101 101 9643 9719 9718
19487 2 2 101 101 9643 9644 9720
19488 2 2 101 101 9643 9720 9719
19489 2 2 101 101 9644 9645 9720
19490 2 2 101 101 9645 9721 9720
19491 2 2 101 101 9645 9646 9722
19492 2 2 101 101 9645 9722 9721
19493 2 2 101 101 9646 9647 9722
19494 2 2 101 101 9647 9723 9722
19495 2 2 101 101 9647 9648 9724
19496 2 2 101 101 9647 9724 9723
19497 2 2 101 101 9648 9649 9724
19498 2 2 101 101 9649 9725 9724
19499 2 2 101 101 9649 9650 9726
19500 2 2 101 101 9649 9726 9725
19501 2 2 101 101 9650 9651 9726
19502 2 2 101 101 9651 9727 9726
19503 2 2 101 101 9651 9652 9728
19504 2 2 101 101 9651 9728 9727
19505 2 2 101 101 9653 9654 9729
19506 2 2 101 101 9654 9730 9729
19507 2 2 101 101 9654 9655 9731
19508 2 2 101 101 9654 9731 9730
19509 2 2 101 101 9655 9656 9731
19510 2 2 101 101 9656 9732 9731
19511 2 2 101 101 9656 9657 9733
19512 2 2 101 101 9656 9733 9732
19513 2 2 101 101 9657 9658 9733
19514 2 2 101 101 9658 9734 9733
19515 2 2 101 101 9658 9659 9735
19516 2 2 101 101 9658 9735 9734
19517 2 2 101 101 9659 9660 9735
19518 2 2 101 101 9660 9736 9735
19519 2 2 101 101 9660 9661 9737
19520 2 2 101 101 9660 9737 9736
19521 2 2 101 101 9661 9662 9737
19522 2 2 101 101 9662 9738 9737
19523 2 2 101 101 9662 9663 9739
19524 2 2 101 101 9662 9739 9738
19525 2 2 101 101 9663 9664 9739
19526 2 2 101 101 9664 9740 9739
19527 2 2 101 101 9664 9665 9741
19528 2 2 101 101 9664 9741 9740
19529 2 2 101 101 9665 9666 9741
19530 2 2 101 101 9666 9742 9741
19531 2 2 101 101 9666 9667 9743
19532 2 2 101 101 9666 9743 9742
19533 2 2 101 101 9667 9668 9743
19534 2 2 101 101 9668 9744 9743
19535 2 2 101 101 9668 9669 9745
19536 2 2 101 101 9668 9745 9744
19537 2 2 101 101 9669 9670 9745
19538 2 2 101 101 9670 9746 9745
19539 2 2 101 101 9670 9671 9747
19540 2 2 101 101 9670 9747 9746
19541 2 2 101 101 9671 9672 9747
19542 2 2 101 101 9672 9748 9747
19543 2 2 101 101 9672 9673 9749
19544 2 2 101 101 9672 9749 9748
19545 2 2 101 101 9673 9674 9749
19546 2 2 101 101 9674 9750 9749
19547 2 2 101 101 9674 9675 9751
19548 2 2 101 101 9674 9751 9750
19549 2 2 101 101 9675 9676 9751
19550 2 2 101 101 9676 9752 9751
19551 2 2 101 101 9676 9677 9753
19552 2 2 101 101 9676 9753 9752
19553 2 2 101 101 9677 9678 9753
19554 2 2 101 101 9678 9754 9753
19555 2 2 101 101 9678 9679 9755
19556 2 2 101 101 9678 9755 9754
19557 2 2 101 101 9679 9680 9755
19558 2 2 101 101 9680 9756 9755
19559 2 2 101 101 9680 9681 9757
19560 2 2 101 101 9680 9757 9756
19561 2 2 101 101 9681 9682 9757
19562 2 2 101 101 9682 9758 9757
19563 2 2 101 101 9682 9683 9759
19564 2 2 101 101 9682 9759 9758
19565 2 2 101 101 9683 9684 9759
19566 2 2 101 101 9684 9760 9759
19567 2 2 101 101 9684 9685 9761
19568 2 2 101 101 9684 9761 9760
19569 2 2 101 101 9685 9686 9761
19570 2 2 101 101 9686 9762 9761
19571 2 2 101 101 9686 9687 9763
19572 2 2 101 101 9686 9763 9762
19573 2 2 101 101 9687 9688 9763
19574 2 2 101 101 9688 9764 9763
19575 2 2 101 101 9688 9689 9765
19576 2 2 101 101 9688 9765 9764
19577 2 2 101 101 9689 9690 9765
19578 2 2 101 101 9690 9766 9765
19579 2 2 101 101 9690 9691 9767
19580 2 2 101 101 9690 9767 9766
19581 2 2 101 101 9691 9692 9767
19582 2 2 101 101 9692 9768 9767
19583 2 2 101 101 9692 9693 9769
19584 2 2 101 101 9692 9769 9768
19585 2 2 101 101 9693 9694 9769
19586 2 2 101 101 9694 9770 9769
19587 2 2 101 101 9694 9695 9771
19588 2 2 101 101 9694 9771 9770
19589 2 2 101 101 9695 9696 9771
19590 2 2 101 101 9696 9772 9771
19591 2 2 101 101 9696 9697 9773
19592 2 2 101 101 9696 9773 9772
19593 2 2 101 101 9697 9698 9773
19594 2 2 101 101 9698 9774 9773
19595 2 2 101 101 9698 9699 9775
19596 2 2 101 101 9698 9775 9774
19597 2 2 101 101 9699 9700 9775
19598 2 2 101 101 9700 9776 9775
19599 2 2 101 101 9700 9701 9777
19600 2 2 101 101 9700 9777 9776
19601 2 2 101 101 9701 9702 9777
19602 2 2 101 101 9702 9778 9777
19603 2 2 101 101 9702 9703 9779
19604 2 2 101 101 9702 9779 9778
19605 2 2 101 101 9703 9704 9779
19606 2 2 101 101 9704 9780 9779
19607 2 2 101 101 9704 9705 9781
19608 2 2 101 101 9704 9781 9780
19609 2 2 101 101 9705 9706 9781
19610 2 2 101 101 9706 9782 9781
19611 2 2 101 101 9706 9707 9783
19612 2 2 101 101 9706 9783 9782
19613 2 2 101 101 9707 9708 9783
19614 2 2 101 101 9708 9784 9783
19615 2 2 101 101 9708 9709 9785
19616 2 2 101 101 9708 9785 9784
19617 2 2 101 101 9709 9710 9785
19618 2 2 101 101 9710 9786 9785
19619 2 2 101 101 9710 9711 9787
19620 2 2 101 101 9710 9787 9786
19621 2 2 101 101 9711 9712 9787
19622 2 2 101 101 9712 9788 9787
19623 2 2 101 101 9712 9713 9789
19624 2 2 101 101 9712 9789 9788
19625 2 2 101 101 9713 9714 9789
19626 2 2 101 101 9714 9790 9789
19627 2 2 101 101 9714 9715 9791
19628 2 2 101 101 9714 9791 9790
19629 2 2 101 101 9715 9716 9791
19630 2 2 101 101 9716 9792 9791
19631 2 2 101 101 9716 9717 9793
19632 2 2 101 101 9716 9793 9792
19633 2 2 101 101 9717 9718 9793
19634 2 2 101 101 9718 9794 9793
19635 2 2 101 101 9718 9719 9795
19636 2 2 101 101 9718 9795 9794
19637 2 2 101 101 9719 9720 9795
19638 2 2 101 101 9720 9796 9795
19639 2 2 101 101 9720 9721 9797
19640 2 2 101 101 9720 9797 9796
19641 2 2 101 101 9721 9722 9797
19642 2 2 101 101 9722 9798 9797
19643 2 2 101 101 9722 9723 9799
19644 2 2 101 101 9722 9799 9798
19645 2 2 101 101 9723 9724 9799
19646 2 2 101 101 9724 9800 9799
19647 2 2 101 101 9724 9725 9801
19648 2 2 101 101 9724 9801 9800
19649 2 2 101 101 9725 9726 9801
19650 2 2 101 101 9726 9802 9801
19651 2 2 101 101 9726 9727 9803
19652 2 2 101 101 9726 9803 9802
19653 2 2 101 101 9727 9728 9803
19654 2 2 101 101 9728 9804 9803
19655 2 2 101 101 9729 9730 9806
19656 2 2 101 101 9729 9806 9805
19657 2 2 101 101 9730 9731 9806
19658 2 2 101 101 9731 9807 9806
19659 2 2 101 101 9731 9732 9808
19660 2 2 101 101 9731 9808 9807
19661 2 2 101 101 9732 9733 9808
19662 2 2 101 101 9733 9809 9808
19663 2 2 101 101 9733 9734 9810
19664 2 2 101 101 9733 9810 9809
19665 2 2 101 101 9734 9735 9810
19666 2 2 101 101 9735 9811 9810
19667 2 2 101 101 9735 9736 9812
19668 2 2 101 101 9735 9812 9811
19669 2 2 101 101 9736 9737 9812
19670 2 2 101 101 9737 9813 9812
19671 2 2 101 101 9737 9738 9814
19672 2 2 101 101 9737 9814 9813
19673 2 2 101 101 9738 9739 9814
19674 2 2 101 101 9739 9815 9814
19675 2 2 101 101 9739 9740 9816
19676 2 2 101 101 9739 9816 9815
19677 2 2 101 101 9740 9741 9816
19678 2 2 101 101 9741 9817 9816
19679 2 2 101 101 9741 9742 9818
19680 2 2 101 101 9741 9818 9817
19681 2 2 101 101 9742 9743 9818
19682 2 2 101 101 9743 9819 9818
19683 2 2 101 101 9743 9744 9820
19684 2 2 101 101 9743 9820 9819
19685 2 2 101 101 9744 9745 9820
19686 2 2 101 101 9745 9821 9820
19687 2 2 101 101 9745 9746 9822
19688 2 2 101 101 9745 9822 9821
19689 2 2 101 101 9746 9747 9822
19690 2 2 101 101 9747 9823 9822
19691 2 2 101 101 9747 9748 9824
19692 2 2 101 101 9747 9824 9823
19693 2 2 101 101 9748 9749 9824
19694 2 2 101 101 9749 9825 9824
19695 2 2 101 101 9749 9750 9826
19696 2 2 101 101 9749 9826 9825
19697 2 2 101 101 9750 9751 9826
19698 2 2 101 101 9751 9827 9826
19699 2 2 101 101 9751 9752 9828
19700 2 2 101 101 9751 9828 9827
19701 2 2 101 101 9752 9753 9828
19702 2 2 101 101 9753 9829 9828
19703 2 2 101 101 9753 9754 9830
19704 2 2 101 101 9753 9830 9829
19705 2 2 101 101 9754 9755 9830
19706 2 2 101 101 9755 9831 9830
19707 2 2 101 101 9755 9756 9832
19708 2 2 101 101 9755 9832 9831
19709 2 2 101 101 9756 9757 9832
19710 2 2 101 101 9757 9833 9832
19711 2 2 101 101 9757 9758 9834
19712 2 2 101 101 9757 9834 9833
19713 2 2 101 101 9758 9759 9834
19714 2 2 101 101 9759 9835 9834
19715 2 2 101 101 9759 9760 9836
19716 2 2 101 101 9759 9836 9835
19717 2 2 101 101 9760 9761 9836
19718 2 2 101 101 9761 9837 9836
19719 2 2 101 101 9761 9762 9838
19720 2 2 101 101 9761 9838 9837
19721 2 2 101 101 9762 9763 9838
19722 2 2 101 101 9763 9839 9838
19723 2 2 101 101 9763 9764 9840
19724 2 2 101 101 9763 9840 9839
19725 2 2 101 101 9764 9765 9840
19726 2 2 101 101 9765 9841 9840
19727 2 2 101 101 9765 9766 9842
19728 2 2 101 101 9765 9842 9841
19729 2 2 101 101 9766 9767 9842
19730 2 2 101 101 9767 9843 9842
19731 2 2 101 101 9767 9768 9844
19732 2 2 101 101 9767 9844 9843
19733 2 2 101 101 9768 9769 9844
19734 2 2 101 101 9769 9845 9844
19735 2 2 101 101 9769 9770 9846
19736 2 2 101 101 9769 9846 9845
19737 2 2 101 101 9770 9771 9846
19738 2 2 101 101 9771 9847 9846
19739 2 2 101 101 9771 9772 9848
19740 2 2 101 101 9771 9848 9847
19741 2 2 101 101 9772 9773 9848
19742 2 2 101 101 9773 9849 9848
19743 2 2 101 101 9773 9774 9850
19744 2 2 101 101 9773 9850 9849
19745 2 2 101 101 9774 9775 9850
19746 2 2 101 101 9775 9851 9850
19747 2 2 101 101 9775 9776 9852
19748 2 2 101 101 9775 9852 9851
19749 2 2 101 101 9776 9777 9852
19750 2 2 101 101 9777 9853 9852
19751 2 2 101 101 9777 9778 9854
19752 2 2 101 101 9777 9854 9853
19753 2 2 101 101 9778 9779 9854
19754 2 2 101 101 9779 9855 9854
19755 2 2 101 101 9779 9780 9856
19756 2 2 101 101 9779 9856 9855
19757 2 2 101 101 9780 9781 9856
19758 2 2 101 101 9781 9857 9856
19759 2 2 101 101 9781 9782 9858
19760 2 2 101 101 9781 9858 9857
19761 2 2 101 101 9782 9783 9858
19762 2 2 101 101 9783 9859 9858
19763 2 2 101 101 9783 9784 9860
19764 2 2 101 101 9783 9860 9859
19765 2 2 101 101 9784 9785 9860
19766 2 2 101 101 9785 9861 9860
19767 2 2 101 101 9785 9786 9862
19768 2 2 101 101 9785 9862 9861
19769 2 2 101 101 9786 9787 9862
19770 2 2 101 101 9787 9863 9862
19771 2 2 101 101 9787 9788 9864
19772 2 2 101 101 9787 9864 9863
19773 2 2 101 101 9788 9789 9864
19774 2 2 101 101 9789 9865 9864
19775 2 2 101 101 9789 9790 9866
19776 2 2 101 101 9789 9866 9865
19777 2 2 101 101 9790 9791 9866
19778 2 2 101 101 9791 9867 9866
19779 2 2 101 101 9791 9792 9868
19780 2 2 101 101 9791 9868 9867
19781 2 2 101 101 9792 9793 9868
19782 2 2 101 101 9793 9869 9868
19783 2 2 101 101 9793 9794 9870
19784 2 2 101 101 9793 9870 9869
19785 2 2 101 101 9794 9795 9870
19786 2 2 101 101 9795 9871 9870
19787 2 2 101 101 9795 9796 9872
19788 2 2 101 101 9795 9872 9871
19789 2 2 101 101 9796 9797 9872
19790 2 2 101 101 9797 9873 9872
19791 2 2 101 101 9797 9798 9874
19792 2 2 101 101 9797 9874 9873
19793 2 2 101 101 9798 9799 9874
19794 2 2 101 101 9799 9875 9874
19795 2 2 101 101 9799 9800 9876
19796 2 2 101 101 9799 9876 9875
19797 2 2 101 101 9800 9801 9876
19798 2 2 101 101 9801 9877 9876
19799 2 2 101 101 9801 9802 9878
19800 2 2 101 101 9801 9878 9877
19801 2 2 101 101 9802 9803 9878
19802 2 2 101 101 9803 9879 9878
19803 2 2 101 101 9803 9804 9880
19804 2 2 101 101 9803 9880 9879
19805 2 2 101 101 9805 9806 9881
19806 2 2 101 101 9806 9882 9881
19807 2 2 101 101 9806 9807 9883
19808 2 2 101 101 9806 9883 9882
19809 2 2 101 101 9807 9808 9883
19810 2 2 101 101 9808 9884 9883
19811 2 2 101 101 9808 9809 9885
19812 2 2 101 101 9808 9885 9884
19813 2 2 101 101 9809 9810 9885
19814 2 2 101 101 9810 9886 9885
19815 2 2 101 101 9810 9811 9887
19816 2 2 101 101 9810 9887 9886
19817 2 2 101 101 9811 9812 9887
19818 2 2 101 101 9812 9888 9887
19819 2 2 101 101 9812 9813 9889
19820 2 2 101 101 9812 9889 9888
19821 2 2 101 101 9813 9814 9889
19822 2 2 101 101 9814 9890 9889
19823 2 2 101 101 9814 9815 9891
19824 2 2 101 101 9814 9891 9890
19825 2 2 101 101 9815 9816 9891
19826 2 2 101 101 9816 9892 9891
19827 2 2 101 101 9816 9817 9893
19828 2 2 101 101 9816 9893 9892
19829 2 2 101 101 9817 9818 9893
19830 2 2 101 101 9818 9894 9893
19831 2 2 101 101 9818 9819 9895
19832 2 2 101 101 9818 9895 9894
19833 2 2 101 101 9819 9820 9895
19834 2 2 101 101 9820 9896 9895
19835 2 2 101 101 9820 9821 9897
19836 2 2 101 101 9820 9897 9896
19837 2 2 101 101 9821 9822 9897
19838 2 2 101 101 9822 9898 9897
19839 2 2 101 101 9822 9823 9899
19840 2 2 101 101 9822 9899 9898
19841 2 2 101 101 9823 9824 9899
19842 2 2 101 101 9824 9900 9899
19843 2 2 101 101 9824 9825 9901
19844 2 2 101 101 9824 9901 9900
19845 2 2 101 101 9825 9826 9901
19846 2 2 101 101 9826 9902 9901
19847 2 2 101 101 9826 9827 9903
19848 2 2 101 101 9826 9903 9902
19849 2 2 101 101 9827 9828 9903
19850 2 2 101 101 9828 9904 9903
19851 2 2 101 101 9828 9829 9905
19852 2 2 101 101 9828 9905 9904
19853 2 2 101 101 9829 9830 9905
19854 2 2 101 101 9830 9906 9905
19855 2 2 101 101 9830 9831 9907
19856 2 2 101 101 9830 9907 9906
19857 2 2 101 101 9831 9832 9907
19858 2 2 101 101 9832 9908 9907
19859 2 2 101 101 9832 9833 9909
19860 2 2 101 101 9832 9909 9908
19861 2 2 101 101 9833 9834 9909
19862 2 2 101 101 9834 9910 9909
19863 2 2 101 101 9834 9835 9911
19864 2 2 101 101 9834 9911 9910
19865 2 2 101 101 9835 9836 9911
19866 2 2 101 101 9836 9912 9911
19867 2 2 101 101 9836 9837 9913
19868 2 2 101 101 9836 9913 9912
19869 2 2 101 101 9837 9838 9913
19870 2 2 101 101 9838 9914 9913
19871 2 2 101 101 9838 9839 9915
19872 2 2 101 101 9838 9915 9914
19873 2 2 101 101 9839 9840 9915
19874 2 2 101 101 9840 9916 9915
19875 2 2 101 101 9840 9841 9917
19876 2 2 101 101 9840 9917 9916
19877 2 2 101 101 9841 9842 9917
19878 2 2 101 101 9842 9918 9917
19879 2 2 101 101 9842 9843 9919
19880 2 2 101 101 9842 9919 9918
19881 2 2 101 101 9843 9844 9919
19882 2 2 101 101 9844 9920 9919
19883 2 2 101 101 9844 9845 9921
19884 2 2 101 101 9844 9921 9920
19885 2 2 101 101 9845 9846 9921
19886 2 2 101 101 9846 9922 9921
19887 2 2 101 101 9846 9847 9923
19888 2 2 101 101 9846 9923 9922
19889 2 2 101 101 9847 9848 9923
19890 2 2 101 101 9848 9924 9923
19891 2 2 101 101 9848 9849 9925
19892 2 2 101 101 9848 9925 9924
19893 2 2 101 101 9849 9850 9925
19894 2 2 101 101 9850 9926 9925
19895 2 2 101 101 9850 9851 9927
19896 2 2 101 101 9850 9927 9926
19897 2 2 101 101 9851 9852 9927
19898 2 2 101 101 9852 9928 9927
19899 2 2 101 101 9852 9853 9929
19900 2 2 101 101 9852 9929 9928
19901 2 2 101 101 9853 9854 9929
19902 2 2 101 101 9854 9930 9929
19903 2 2 101 101 9854 9855 9931
19904 2 2 101 101 9854 9931 9930
19905 2 2 101 101 9855 9856 9931
19906 2 2 101 101 9856 9932 9931
19907 2 2 101 101 9856 9857 9933
19908 2 2 101 101 9856 9933 9932
19909 2 2 101 101 9857 9858 9933
19910 2 2 101 101 9858 9934 9933
19911 2 2 101 101 9858 9859 9935
19912 2 2 101 101 9858 9935 9934
19913 2 2 101 101 9859 9860 9935
19914 2 2 101 101 9860 9936 9935
19915 2 2 101 101 9860 9861 9937
19916 2 2 101 101 9860 9937 9936
19917 2 2 101 101 9861 9862 9937
19918 2 2 101 101 9862 9938 9937
19919 2 2 101 101 9862 9863 9939
19920 2 2 101 101 9862 9939 9938
19921 2 2 101 101 9863 9864 9939
19922 2 2 101 101 9864 9940 9939
19923 2 2 101 101 9864 9865 9941
19924 2 2 101 101 9864 9941 9940
19925 2 2 101 101 9865 9866 9941
19926 2 2 101 101 9866 9942 9941
19927 2 2 101 101 9866 9867 9943
19928 2 2 101 101 9866 9943 9942
19929 2 2 101 101 9867 9868 9943
19930 2 2 101 101 9868 9944 9943
19931 2 2 101 101 9868 9869 9945
19932 2 2 101 101 9868 9945 9944
19933 2 2 101 101 9869 9870 9945
19934 2 2 101 101 9870 9946 9945
19935 2 2 101 101 9870 9871 9947
19936 2 2 101 101 9870 9947 9946
19937 2 2 101 101 9871 9872 9947
19938 2 2 101 101 9872 9948 9947
19939 2 2 101 101 9872 9873 9949
19940 2 2 101 101 9872 9949 9948
19941 2 2 101 101 9873 9874 9949
19942 2 2 101 101 9874 9950 9949
19943 2 2 101 101 9874 9875 9951
19944 2 2 101 101 9874 9951 9950
19945 2 2 101 101 9875 9876 9951
19946 2 2 101 101 9876 9952 9951
19947 2 2 101 101 9876 9877 9953
19948 2 2 101 101 9876 9953 9952
19949 2 2 101 101 9877 9878 9953
19950 2 2 101 101 9878 9954 9953
19951 2 2 101 101 9878 9879 9955
19952 2 2 101 101 9878 9955 9954
19953 2 2 101 101 9879 9880 9955
19954 2 2 101 101 9880 9956 9955
19955 2 2 101 101 9881 9882 9958
19956 2 2 101 101 9881 9958 9957
19957 2 2 101 101 9882 9883 9958
19958 2 2 101 101 9883 9959 9958
19959 2 2 101 101 9883 9884 9960
19960 2 2 101 101 9883 9960 9959
19961 2 2 101 101 9884 9885 9960
19962 2 2 101 101 9885 9961 9960
19963 2 2 101 101 9885 9886 9962
19964 2 2 101 101 9885 9962 9961
19965 2 2 101 101 9886 9887 9962
19966 2 2 101 101 9887 9963 9962
19967 2 2 101 101 9887 9888 9964
19968 2 2 101 101 9887 9964 9963
19969 2 2 101 101 9888 9889 9964
19970 2 2 101 101 9889 9965 9964
19971 2 2 101 101 9889 9890 9966
19972 2 2 101 101 9889 9966 9965
19973 2 2 101 101 9890 9891 9966
19974 2 2 101 101 9891 9967 9966
19975 2 2 101 101 9891 9892 9968
19976 2 2 101 101 9891 9968 9967
19977 2 2 101 101 9892 9893 9968
19978 2 2 101 101 9893 9969 9968
19979 2 2 101 101 9893 9894 9970
19980 2 2 101 101 9893 9970 9969
19981 2 2 101 101 9894 9895 9970
19982 2 2 101 101 9895 9971 9970
19983 2 2 101 101 9895 9896 9972
19984 2 2 101 101 9895 9972 9971
19985 2 2 101 101 9896 9897 9972
19986 2 2 101 101 9897 9973 9972
19987 2 2 101 101 9897 9898 9974
19988 2 2 101 101 9897 9974 9973
19989 2 2 101 101 9898 9899 9974
19990 2 2 101 101 9899 9975 9974
19991 2 2 101 101 9899 9900 9976
19992 2 2 101 101 9899 9976 9975
19993 2 2 101 101 9900 9901 9976
19994 2 2 101 101 9901 9977 9976
19995 2 2 101 101 9901 9902 9978
19996 2 2 101 101 9901 9978 9977
19997 2 2 101 101 9902 9903 9978
19998 2 2 101 101 9903 9979 9978
19999 2 2 101 101 9903 9904 9980
20000 2 2 101 101 9903 9980 9979
20001 2 2 101 101 9904 9905 9980
20002 2 2 101 101 9905 9981 9980
20003 2 2 101 101 9905 9906 9982
20004 2 2 101 101 9905 9982 9981
20005 2 2 101 101 9906 9907 9982
20006 2 2 101 101 9907 9983 9982
20007 2 2 101 101 9907 9908 9984
20008 2 2 101 101 9907 9984 9983
20009 2 2 101 101 9908 9909 9984
20010 2 2 101 101 9909 9985 9984
20011 2 2 101 101 9909 9910 9986
20012 2 2 101 101 9909 9986 9985
20013 2 2 101 101 9910 9911 9986
20014 2 2 101 101 9911 9987 9986
20015 2 2 101 101 9911 9912 9988
20016 2 2 101 101 9911 9988 9987
20017 2 2 101 101 9912 9913 9988
20018 2 2 101 101 9913 9989 9988
20019 2 2 101 101 9913 9914 9990
20020 2 2 101 101 9913 9990 9989
20021 2 2 101 101 9914 9915 9990
20022 2 2 101 101 9915 9991 9990
20023 2 2 101 101 9915 9916 9992
20024 2 2 101 101 9915 9992 9991
20025 2 2 101 101 9916 9917 9992
20026 2 2 101 101 9917 9993 9992
20027 2 2 101 101 9917 9918 9994
20028 2 2 101 101 9917 9994 9993
20029 2 2 101 101 9918 9919 9994
20030 2 2 101 101 9919 9995 9994
20031 2 2 101 101 9919 9920 9996
20032 2 2 101 101 9919 9996 9995
20033 2 2 101 101 9920 9921 9996
20034 2 2 101 101 9921 9997 9996
20035 2 2 101 101 9921 9922 9998
20036 2 2 101 101 9921 9998 9997
20037 2 2 101 101 9922 9923 9998
20038 2 2 101 101 9923 9999 9998
20039 2 2 101 101 9923 9924 10000
20040 2 2 101 101 9923 10000 9999
20041 2 2 101 101 9924 9925 10000
20042 2 2 101 101 9925 10001 10000
20043 2 2 101 101 9925 9926 10002
20044 2 2 101 101 9925 10002 10001
20045 2 2 101 101 9926 9927 10002
20046 2 2 101 101 9927 10003 10002
20047 2 2 101 101 9927 9928 10004
20048 2 2 101 101 9927 10004 10003
20049 2 2 101 101 9928 9929 10004
20050 2 2 101 101 9929 10005 10004
20051 2 2 101 101 9929 9930 10006
20052 2 2 101 101 9929 10006 10005
20053 2 2 101 101 9930 9931 10006
20054 2 2 101 101 9931 10007 10006
20055 2 2 101 101 9931 9932 10008
20056 2 2 101 101 9931 10008 10007
20057 2 2 101 101 9932 9933 10008
20058 2 2 101 101 9933 10009 10008
20059 2 2 101 101 9933 9934 10010
20060 2 2 101 101 9933 10010 10009
20061 2 2 101 101 9934 9935 10010
20062 2 2 101 101 9935 10011 10010
20063 2 2 101 101 9935 9936 10012
20064 2 2 101 101 9935 10012 10011
20065 2 2 101 101 9936 9937 10012
20066 2 2 101 101 9937 10013 10012
20067 2 2 101 101 9937 9938 10014
20068 2 2 101 101 9937 10014 10013
20069 2 2 101 101 9938 9939 10014
20070 2 2 101 101 9939 10015 10014
20071 2 2 101 101 9939 9940 10016
20072 2 2 101 101 9939 10016 10015
20073 2 2 101 101 9940 9941 10016
20074 2 2 101 101 9941 10017 10016
20075 2 2 101 101 9941 9942 10018
20076 2 2 101 101 9941 10018 10017
20077 2 2 101 101 9942 9943 10018
20078 2 2 101 101 9943 10019 10018
20079 2 2 101 101 9943 9944 10020
20080 2 2 101 101 9943 10020 10019
20081 2 2 101 101 9944 9945 10020
20082 2 2 101 101 9945 10021 10020
20083 2 2 101 101 9945 9946 10022
20084 2 2 101 101 9945 10022 10021
20085 2 2 101 101 9946 9947 10022
20086 2 2 101 101 9947 10023 10022
20087 2 2 101 101 9947 9948 10024
20088 2 2 101 101 9947 10024 10023
20089 2 2 101 101 9948 9949 10024
20090 2 2 101 101 9949 10025 10024
20091 2 2 101 101 9949 9950 10026
20092 2 2 101 101 9949 10026 10025
20093 2 2 101 101 9950 9951 10026
20094 2 2 101 101 9951 10027 10026
20095 2 2 101 101 9951 9952 10028
20096 2 2 101 101 9951 10028 10027
20097 2 2 101 101 9952 9953 10028
20098 2 2 101 101 9953 10029 10028
20099 2 2 101 101 9953 9954 10030
20100 2 2 101 101 9953 10030 10029
20101 2 2 101 101 9954 9955 10030
20102 2 2 101 101 9955 10031 10030
20103 2 2 101 101 9955 9956 10032
20104 2 2 101 101 9955 10032 10031
20105 2 2 101 101 9957 9958 10033
20106 2 2 101 101 9958 10034 10033
20107 2 2 101 101 9958 9959 10035
20108 2 2 101 101 9958 10035 10034
20109 2 2 101 101 9959 9960 10035
20110 2 2 101 101 9960 10036 10035
20111 2 2 101 101 9960 9961 10037
20112 2 2 101 101 9960 10037 10036
20113 2 2 101 101 9961 9962 10037
20114 2 2 101 101 9962 10038 10037
20115 2 2 101 101 9962 9963 10039
20116 2 2 101 101 9962 10039 10038
20117 2 2 101 101 9963 9964 10039
20118 2 2 101 101 9964 10040 10039
20119 2 2 101 101 9964 9965 10041
20120 2 2 101 101 9964 10041 10040
20121 2 2 101 101 9965 9966 10041
20122 2 2 101 101 9966 10042 10041
20123 2 2 101 101 9966 9967 10043
20124 2 2 101 101 9966 10043 10042
20125 2 2 101 101 9967 9968 10043
20126 2 2 101 101 9968 10044 10043
20127 2 2 101 101 9968 9969 10045
20128 2 2 101 101 9968 10045 10044
20129 2 2 101 101 9969 9970 10045
20130 2 2 101 101 9970 10046 10045
20131 2 2 101 101 9970 9971 10047
20132 2 2 101 101 9970 10047 10046
20133 2 2 101 101 9971 9972 10047
20134 2 2 101 101 9972 10048 10047
20135 2 2 101 101 9972 9973 10049
20136 2 2 101 101 9972 10049 10048
20137 2 2 101 101 9973 9974 10049
20138 2 2 101 101 9974 10050 10049
20139 2 2 101 101 9974 9975 10051
20140 2 2 101 101 9974 10051 10050
20141 2 2 101 101 9975 9976 10051
20142 2 2 101 101 9976 10052 10051
20143 2 2 101 101 9976 9977 10053
20144 2 2 101 101 9976 10053 10052
20145 2 2 101 101 9977 9978 10053
20146 2 2 101 101 9978 10054 10053
20147 2 2 101 101 9978 9979 10055
20148 2 2 101 101 9978 10055 10054
20149 2 2 101 101 9979 9980 10055
20150 2 2 101 101 9980 10056 10055
20151 2 2 101 101 9980 9981 10057
20152 2 2 101 101 9980 10057 10056
20153 2 2 101 101 9981 9982 10057
20154 2 2 101 101 9982 10058 10057
20155 2 2 101 101 9982 9983 10059
20156 2 2 101 101 9982 10059 10058
20157 2 2 101 101 9983 9984 10059
20158 2 2 101 101 9984 10060 10059
20159 2 2 101 101 9984 9985 10061
20160 2 2 101 101 9984 10061 10060
20161 2 2 101 101 9985 9986 10061
20162 2 2 101 101 9986 10062 10061
20163 2 2 101 101 9986 9987 10063
20164 2 2 101 101 9986 10063 10062
20165 2 2 101 101 9987 9988 10063
20166 2 2 101 101 9988 10064 10063
20167 2 2 101 101 9988 9989 10065
20168 2 2 101 101 9988 10065 10064
20169 2 2 101 101 9989 9990 10065
20170 2 2 101 101 9990 10066 10065
20171 2 2 101 101 9990 9991 10067
20172 2 2 101 101 9990 10067 10066
20173 2 2 101 101 9991 9992 10067
20174 2 2 101 101 9992 10068 10067
20175 2 2 101 101 9992 9993 10069
20176 2 2 101 101 9992 10069 10068
20177 2 2 101 101 9993 9994 10069
20178 2 2 101 101 9994 10070 10069
20179 2 2 101 101 9994 9995 10071
20180 2 2 101 101 9994 10071 10070
20181 2 2 101 101 9995 9996 10071
20182 2 2 101 101 9996 10072 10071
20183 2 2 101 101 9996 9997 10073
20184 2 2 101 101 9996 10073 10072
20185 2 2 101 101 9997 9998 10073
20186 2 2 101 101 9998 10074 10073
20187 2 2 101 101 9998 9999 10075
20188 2 2 101 101 9998 10075 10074
20189 2 2 101 101 9999 10000 10075
20190 2 2 101 101 10000 10076 10075
20191 2 2 101 101 10000 10001 10077
20192 2 2 101 101 10000 10077 10076
20193 2 2 101 101 10001 10002 10077
20194 2 2 101 101 10002 10078 10077
20195 2 2 101 101 10002 10003 10079
20196 2 2 101 101 10002 10079 10078
20197 2 2 101 101 10003 10004 10079
20198 2 2 101 101 10004 10080 10079
20199 2 2 101 101 10004 10005 10081
20200 2 2 101 101 10004 10081 10080
20201 2 2 101 101 10005 10006 10081
20202 2 2 101 101 10006 10082 10081
20203 2 2 101 101 10006 10007 10083
20204 2 2 101 101 10006 10083 10082
20205 2 2 101 101 10007 10008 10083
20206 2 2 101 101 10008 10084 10083
20207 2 2 101 101 10008 10009 10085
20208 2 2 101 101 10008 10085 10084
20209 2 2 101 101 10009 10010 10085
20210 2 2 101 101 10010 10086 10085
20211 2 2 101 101 10010 10011 10087
20212 2 2 101 101 10010 10087 10086
20213 2 2 101 101 10011 10012 10087
20214 2 2 101 101 10012 10088 10087
20215 2 2 101 101 10012 10013 10089
20216 2 2 101 101 10012 10089 10088
20217 2 2 101 101 10013 10014 10089
20218 2 2 101 101 10014 10090 10089
20219 2 2 101 101 10014 10015 10091
20220 2 2 101 101 10014 10091 10090
20221 2 2 101 101 10015 10016 10091
20222 2 2 101 101 10016 10092 10091
20223 2 2 101 101 10016 10017 10093
20224 2 2 101 101 10016 10093 10092
20225 2 2 101 101 10017 10018 10093
20226 2 2 101 101 10018 10094 10093
20227 2 2 101 101 10018 10019 10095
20228 2 2 101 101 10018 10095 10094
20229 2 2 101 101 10019 10020 10095
20230 2 2 101 101 10020 10096 10095
20231 2 2 101 101 10020 10021 10097
20232 2 2 101 101 10020 10097 10096
20233 2 2 101 101 10021 10022 10097
20234 2 2 101 101 10022 10098 10097
20235 2 2 101 101 10022 10023 10099
20236 2 2 101 101 10022 10099 10098
20237 2 2 101 101 10023 10024 10099
20238 2 2 101 101 10024 10100 10099
20239 2 2 101 101 10024 10025 10101
20240 2 2 101 101 10024 10101 10100
20241 2 2 101 101 10025 10026 10101
20242 2 2 101 101 10026 10102 10101
20243 2 2 101 101 10026 10027 10103
20244 2 2 101 101 10026 10103 10102
20245 2 2 101 101 10027 10028 10103
20246 2 2 101 101 10028 10104 10103
20247 2 2 101 101 10028 10029 10105
20248 2 2 101 101 10028 10105 10104
20249 2 2 101 101 10029 10030 10105
20250 2 2 101 101 10030 10106 10105
20251 2 2 101 101 10030 10031 10107
20252 2 2 101 101 10030 10107 10106
20253 2 2 101 101 10031 10032 10107
20254 2 2 101 101 10032 10108 10107
20255 2 2 101 101 10033 10034 10110
20256 2 2 101 101 10033 10110 10109
20257 2 2 101 101 10034 10035 10110
20258 2 2 101 101 10035 10111 10110
20259 2 2 101 101 10035 10036 10112
20260 2 2 101 101 10035 10112 10111
20261 2 2 101 101 10036 10037 10112
20262 2 2 101 101 10037 10113 10112
20263 2 2 101 101 10037 10038 10114
20264 2 2 101 101 10037 10114 10113
20265 2 2 101 101 10038 10039 10114
20266 2 2 101 101 10039 10115 10114
20267 2 2 101 101 10039 10040 10116
20268 2 2 101 101 10039 10116 10115
20269 2 2 101 101 10040 10041 10116
20270 2 2 101 101 10041 10117 10116
20271 2 2 101 101 10041 10042 10118
20272 2 2 101 101 10041 10118 10117
20273 2 2 101 101 10042 10043 10118
20274 2 2 101 101 10043 10119 10118
20275 2 2 101 101 10043 10044 10120
20276 2 2 101 101 10043 10120 10119
20277 2 2 101 101 10044 10045 10120
20278 2 2 101 101 10045 10121 10120
20279 2 2 101 101 10045 10046 10122
20280 2 2 101 101 10045 10122 10121
20281 2 2 101 101 10046 10047 10122
20282 2 2 101 101 10047 10123 10122
20283 2 2 101 101 10047 10048 10124
20284 2 2 101 101 10047 10124 10123
20285 2 2 101 101 10048 10049 10124
20286 2 2 101 101 10049 10125 10124
20287 2 2 101 101 10049 10050 10126
20288 2 2 101 101 10049 10126 10125
20289 2 2 101 101 10050 10051 10126
20290 2 2 101 101 10051 10127 10126
20291 2 2 101 101 10051 10052 10128
20292 2 2 101 101 10051 10128 10127
20293 2 2 101 101 10052 10053 10128
20294 2 2 101 101 10053 10129 10128
20295 2 2 101 101 10053 10054 10130
20296 2 2 101 101 10053 10130 10129
20297 2 2 101 101 10054 10055 10130
20298 2 2 101 101 10055 10131 10130
20299 2 2 101 101 10055 10056 10132
20300 2 2 101 101 10055 10132 10131
20301 2 2 101 101 10056 10057 10132
20302 2 2 101 101 10057 10133 10132
20303 2 2 101 101 10057 10058 10134
20304 2 2 101 101 10057 10134 10133
20305 2 2 101 101 10058 10059 10134
20306 2 2 101 101 10059 10135 10134
20307 2 2 101 101 10059 10060 10136
20308 2 2 101 101 10059 10136 10135
20309 2 2 101 101 10060 10061 10136
20310 2 2 101 101 10061 10137 10136
20311 2 2 101 101 10061 10062 10138
20312 2 2 101 101 10061 10138 10137
20313 2 2 101 101 10062 10063 10138
20314 2 2 101 101 10063 10139 10138
20315 2 2 101 101 10063 10064 10140
20316 2 2 101 101 10063 10140 10139
20317 2 2 101 101 10064 10065 10140
20318 2 2 101 101 10065 10141 10140
20319 2 2 101 101 10065 10066 10142
20320 2 2 101 101 10065 10142 10141
20321 2 2 101 101 10066 10067 10142
20322 2 2 101 101 10067 10143 10142
20323 2 2 101 101 10067 10068 10144
20324 2 2 101 101 10067 10144 10143
20325 2 2 101 101 10068 10069 10144
20326 2 2 101 101 10069 10145 10144
20327 2 2 101 101 10069 10070 10146
20328 2 2 101 101 10069 10146 10145
20329 2 2 101 101 10070 10071 10146
20330 2 2 101 101 10071 10147 10146
20331 2 2 101 101 10071 10072 10148
20332 2 2 101 101 10071 10148 10147
20333 2 2 101 101 10072 10073 10148
20334 2 2 101 101 10073 10149 10148
20335 2 2 101 101 10073 10074 10150
20336 2 2 101 101 10073 10150 10149
20337 2 2 101 101 10074 10075 10150
20338 2 2 101 101 10075 10151 10150
20339 2 2 101 101 10075 10076 10152
20340 2 2 101 101 10075 10152 10151
20341 2 2 101 101 10076 10077 10152
20342 2 2 101 101 10077 10153 10152
20343 2 2 101 101 10077 10078 10154
20344 2 2 101 101 10077 10154 10153
20345 2 2 101 101 10078 10079 10154
20346 2 2 101 101 10079 10155 10154
20347 2 2 101 101 10079 10080 10156
20348 2 2 101 101 10079 10156 10155
20349 2 2 101 101 10080 10081 10156
20350 2 2 101 101 10081 10157 10156
20351 2 2 101 101 10081 10082 10158
20352 2 2 101 101 10081 10158 10157
20353 2 2 101 101 10082 10083 10158
20354 2 2 101 101 10083 10159 10158
20355 2 2 101 101 10083 10084 10160
20356 2 2 101 101 10083 10160 10159
20357 2 2 101 101 10084 10085 10160
20358 2 2 101 101 10085 10161 10160
20359 2 2 101 101 10085 10086 10162
20360 2 2 101 101 10085 10162 10161
20361 2 2 101 101 10086 10087 10162
20362 2 2 101 101 10087 10163 10162
20363 2 2 101 101 10087 10088 10164
20364 2 2 101 101 10087 10164 10163
20365 2 2 101 101 10088 10089 10164
20366 2 2 101 101 10089 10165 10164
20367 2 2 101 101 10089 10090 10166
20368 2 2 101 101 10089 10166 10165
20369 2 2 101 101 10090 10091 10166
20370 2 2 101 101 10091 10167 10166
20371 2 2 101 101 10091 10092 10168
20372 2 2 101 101 10091 10168 10167
20373 2 2 101 101 10092 10093 10168
20374 2 2 101 101 10093 10169 10168
20375 2 2 101 101 10093 10094 10170
20376 2 2 101 101 10093 10170 10169
20377 2 2 101 101 10094 10095 10170
20378 2 2 101 101 10095 10171 10170
20379 2 2 101 101 10095 10096 10172
20380 2 2 101 101 10095 10172 10171
20381 2 2 101 101 10096 10097 10172
20382 2 2 101 101 10097 10173 10172
20383 2 2 101 101 10097 10098 10174
20384 2 2 101 101 10097 10174 10173
20385 2 2 101 101 10098 10099 10174
20386 2 2 101 101 10099 10175 10174
20387 2 2 101 101 10099 10100 10176
20388 2 2 101 101 10099 10176 10175
20389 2 2 101 101 10100 10101 10176
20390 2 2 101 101 10101 10177 10176
20391 2 2 101 101 10101 10102 10178
20392 2 2 101 101 10101 10178 10177
20393 2 2 101 101 10102 10103 10178
20394 2 2 101 101 10103 10179 10178
20395 2 2 101 101 10103 10104 10180
20396 2 2 101 101 10103 10180 10179
20397 2 2 101 101 10104 10105 10180
20398 2 2 101 101 10105 10181 10180
20399 2 2 101 101 10105 10106 10182
20400 2 2 101 101 10105 10182 10181
20401 2 2 101 101 10106 10107 10182
20402 2 2 101 101 10107 10183 10182
20403 2 2 101 101 10107 10108 10184
20404 2 2 101 101 10107 10184 10183
20405 2 2 101 101 10109 10110 10185
20406 2 2 101 101 10110 10186 10185
20407 2 2 101 101 10110 10111 10187
20408 2 2 101 101 10110 10187 10186
20409 2 2 101 101 10111 10112 10187
20410 2 2 101 101 10112 10188 10187
20411 2 2 101 101 10112 10113 10189
20412 2 2 101 101 10112 10189 10188
20413 2 2 101 101 10113 10114 10189
20414 2 2 101 101 10114 10190 10189
20415 2 2 101 101 10114 10115 10191
20416 2 2 101 101 10114 10191 10190
20417 2 2 101 101 10115 10116 10191
20418 2 2 101 101 10116 10192 10191
20419 2 2 101 101 10116 10117 10193
20420 2 2 101 101 10116 10193 10192
20421 2 2 101 101 10117 10118 10193
20422 2 2 101 101 10118 10194 10193
20423 2 2 101 101 10118 10119 10195
20424 2 2 101 101 10118 10195 10194
20425 2 2 101 101 10119 10120 10195
20426 2 2 101 101 10120 10196 10195
20427 2 2 101 101 10120 10121 10197
20428 2 2 101 101 10120 10197 10196
20429 2 2 101 101 10121 10122 10197
20430 2 2 101 101 10122 10198 10197
20431 2 2 101 101 10122 10123 10199
20432 2 2 101 101 10122 10199 10198
20433 2 2 101 101 10123 10124 10199
20434 2 2 101 101 10124 10200 10199
20435 2 2 101 101 10124 10125 10201
20436 2 2 101 101 10124 10201 10200
20437 2 2 101 101 10125 10126 10201
20438 2 2 101 101 10126 10202 10201
20439 2 2 101 101 10126 10127 10203
20440 2 2 101 101 10126 10203 10202
20441 2 2 101 101 10127 10128 10203
20442 2 2 101 101 10128 10204 10203
20443 2 2 101 101 10128 10129 10205
20444 2 2 101 101 10128 10205 10204
20445 2 2 101 101 10129 10130 10205
20446 2 2 101 101 10130 10206 10205
20447 2 2 101 101 10130 10131 10207
20448 2 2 101 101 10130 10207 10206
20449 2 2 101 101 10131 10132 10207
20450 2 2 101 101 10132 10208 10207
20451 2 2 101 101 10132 10133 10209
20452 2 2 101 101 10132 10209 10208
20453 2 2 101 101 10133 10134 10209
20454 2 2 101 101 10134 10210 10209
20455 2 2 101 101 10134 10135 10211
20456 2 2 101 101 10134 10211 10210
20457 2 2 101 101 10135 10136 10211
20458 2 2 101 101 10136 10212 10211
20459 2 2 101 101 10136 10137 10213
20460 2 2 101 101 10136 10213 10212
20461 2 2 101 101 10137 10138 10213
20462 2 2 101 101 10138 10214 10213
20463 2 2 101 101 10138 10139 10215
20464 2 2 101 101 10138 10215 10214
20465 2 2 101 101 10139 10140 10215
20466 2 2 101 101 10140 10216 10215
20467 2 2 101 101 10140 10141 10217
20468 2 2 101 101 10140 10217 10216
20469 2 2 101 101 10141 10142 10217
20470 2 2 101 101 10142 10218 10217
20471 2 2 101 101 10142 10143 10219
20472 2 2 101 101 10142 10219 10218
20473 2 2 101 101 10143 10144 10219
20474 2 2 101 101 10144 10220 10219
20475 2 2 101 101 10144 10145 10221
20476 2 2 101 101 10144 10221 10220
20477 2 2 101 101 10145 10146 10221
20478 2 2 101 101 10146 10222 10221
20479 2 2 101 101 10146 10147 10223
20480 2 2 101 101 10146 10223 10222
20481 2 2 101 101 10147 10148 10223
20482 2 2 101 101 10148 10224 10223
20483 2 2 101 101 10148 10149 10225
20484 2 2 101 101 10148 10225 10224
20485 2 2 101 101 10149 10150 10225
20486 2 2 101 101 10150 10226 10225
20487 2 2 101 101 10150 10151 10227
20488 2 2 101 101 10150 10227 10226
20489 2 2 101 101 10151 10152 10227
20490 2 2 101 101 10152 10228 10227
20491 2 2 101 101 10152 10153 10229
20492 2 2 101 101 10152 10229 10228
20493 2 2 101 101 10153 10154 10229
20494 2 2 101 101 10154 10230 10229
20495 2 2 101 101 10154 10155 10231
20496 2 2 101 101 10154 10231 10230
20497 2 2 101 101 10155 10156 10231
20498 2 2 101 101 10156 10232 10231
20499 2 2 101 101 10156 10157 10233
20500 2 2 101 101 10156 10233 10232
20501 2 2 101 101 10157 10158 10233
20502 2 2 101 101 10158 10234 10233
20503 2 2 101 101 10158 10159 10235
20504 2 2 101 101 10158 10235 10234
20505 2 2 101 101 10159 10160 10235
20506 2 2 101 101 10160 10236 10235
20507 2 2 101 101 10160 10161 10237
20508 2 2 101 101 10160 10237 10236
20509 2 2 101 101 10161 10162 10237
20510 2 2 101 101 10162 10238 10237
20511 2 2 101 101 10162 10163 10239
20512 2 2 101 101 10162 10239 10238
20513 2 2 101 101 10163 10164 10239
20514 2 2 101 101 10164 10240 10239
20515 2 2 101 101 10164 10165 10241
20516 2 2 101 101 10164 10241 10240
20517 2 2 101 101 10165 10166 10241
20518 2 2 101 101 10166 10242 10241
20519 2 2 101 101 10166 10167 10243
20520 2 2 101 101 10166 10243 10242
20521 2 2 101 101 10167 10168 10243
20522 2 2 101 101 10168 10244 10243
20523 2 2 101 101 10168 10169 10245
20524 2 2 101 101 10168 10245 10244
20525 2 2 101 101 10169 10170 10245
20526 2 2 101 101 10170 10246 10245
20527 2 2 101 101 10170 10171 10247
20528 2 2 101 101 10170 10247 10246
20529 2 2 101 101 10171 10172 10247
20530 2 2 101 101 10172 10248 10247
20531 2 2 101 101 10172 10173 10249
20532 2 2 101 101 10172 10249 10248
20533 2 2 101 101 10173 10174 10249
20534 2 2 101 101 10174 10250 10249
20535 2 2 101 101 10174 10175 10251
20536 2 2 101 101 10174 10251 10250
20537 2 2 101 101 10175 10176 10251
20538 2 2 101 101 10176 10252 10251
20539 2 2 101 101 10176 10177 10253
20540 2 2 101 101 10176 10253 10252
20541 2 2 101 101 10177 10178 10253
20542 2 2 101 101 10178 10254 10253
20543 2 2 101 101 10178 10179 10255
20544 2 2 101 101 10178 10255 10254
20545 2 2 101 101 10179 10180 10255
20546 2 2 101 101 10180 10256 10255
20547 2 2 101 101 10180 10181 10257
20548 2 2 101 101 10180 10257 10256
20549 2 2 101 101 10181 10182 10257
20550 2 2 101 101 10182 10258 10257
20551 2 2 101 101 10182 10183 10259
20552 2 2 101 101 10182 10259 10258
20553 2 2 101 101 10183 10184 10259
20554 2 2 101 101 10184 10260 10259
20555 2 2 101 101 10185 10186 10262
20556 2 2 101 101 10185 10262 10261
20557 2 2 101 101 10186 10187 10262
20558 2 2 101 101 10187 10263 10262
20559 2 2 101 101 10187 10188 10264
20560 2 2 101 101 10187 10264 10263
20561 2 2 101 101 10188 10189 10264
20562 2 2 101 101 10189 10265 10264
20563 2 2 101 101 10189 10190 10266
20564 2 2 101 101 10189 10266 10265
20565 2 2 101 101 10190 10191 10266
20566 2 2 101 101 10191 10267 10266
20567 2 2 101 101 10191 10192 10268
20568 2 2 101 101 10191 10268 10267
20569 2 2 101 101 10192 10193 10268
20570 2 2 101 101 10193 10269 10268
20571 2 2 101 101 10193 10194 10270
20572 2 2 101 101 10193 10270 10269
20573 2 2 101 101 10194 10195 10270
20574 2 2 101 101 10195 10271 10270
20575 2 2 101 101 10195 10196 10272
20576 2 2 101 101 10195 10272 10271
20577 2 2 101 101 10196 10197 10272
20578 2 2 101 101 10197 10273 10272
20579 2 2 101 101 10197 10198 10274
20580 2 2 101 101 10197 10274 10273
20581 2 2 101 101 10198 10199 10274
20582 2 2 101 101 10199 10275 10274
20583 2 2 101 101 10199 10200 10276
20584 2 2 101 101 10199 10276 10275
20585 2 2 101 101 10200 10201 10276
20586 2 2 101 101 10201 10277 10276
20587 2 2 101 101 10201 10202 10278
20588 2 2 101 101 10201 10278 10277
20589 2 2 101 101 10202 10203 10278
20590 2 2 101 101 10203 10279 10278
20591 2 2 101 101 10203 10204 10280
20592 2 2 101 101 10203 10280 10279
20593 2 2 101 101 10204 10205 10280
20594 2 2 101 101 10205 10281 10280
20595 2 2 101 101 10205 10206 10282
20596 2 2 101 101 10205 10282 10281
20597 2 2 101 101 10206 10207 10282
20598 2 2 101 101 10207 10283 10282
20599 2 2 101 101 10207 10208 10284
20600 2 2 101 101 10207 10284 10283
20601 2 2 101 101 10208 10209 10284
20602 2 2 101 101 10209 10285 10284
20603 2 2 101 101 10209 10210 10286
20604 2 2 101 101 10209 10286 10285
20605 2 2 101 101 10210 10211 10286
20606 2 2 101 101 10211 10287 10286
20607 2 2 101 101 10211 10212 10288
20608 2 2 101 101 10211 10288 10287
20609 2 2 101 101 10212 10213 10288
20610 2 2 101 101 10213 10289 10288
20611 2 2 101 101 10213 10214 10290
20612 2 2 101 101 10213 10290 10289
20613 2 2 101 101 10214 10215 10290
20614 2 2 101 101 10215 10291 10290
20615 2 2 101 101 10215 10216 10292
20616 2 2 101 101 10215 10292 10291
20617 2 2 101 101 10216 10217 10292
20618 2 2 101 101 10217 10293 10292
20619 2 2 101 101 10217 10218 10294
20620 2 2 101 101 10217 10294 10293
20621 2 2 101 101 10218 10219 10294
20622 2 2 101 101 10219 10295 10294
20623 2 2 101 101 10219 10220 10296
20624 2 2 101 101 10219 10296 10295
20625 2 2 101 101 10220 10221 10296
20626 2 2 101 101 10221 10297 10296
20627 2 2 101 101 10221 10222 10298
20628 2 2 101 101 10221 10298 10297
20629 2 2 101 101 10222 10223 10298
20630 2 2 101 101 10223 10299 10298
20631 2 2 101 101 10223 10224 10300
20632 2 2 101 101 10223 10300 10299
20633 2 2 101 101 10224 10225 10300
20634 2 2 101 101 10225 10301 10300
20635 2 2 101 101 10225 10226 10302
20636 2 2 101 101 10225 10302 10301
20637 2 2 101 101 10226 10227 10302
20638 2 2 101 101 10227 10303 10302
20639 2 2 101 101 10227 10228 10304
20640 2 2 101 101 10227 10304 10303
20641 2 2 101 101 10228 10229 10304
20642 2 2 101 101 10229 10305 10304
20643 2 2 101 101 10229 10230 10306
20644 2 2 101 101 10229 10306 10305
20645 2 2 101 101 10230 10231 10306
20646 2 2 101 101 10231 10307 10306
20647 2 2 101 101 10231 10232 10308
20648 2 2 101 101 10231 10308 10307
20649 2 2 101 101 10232 10233 10308
20650 2 2 101 101 10233 10309 10308
20651 2 2 101 101 10233 10234 10310
20652 2 2 101 101 10233 10310 10309
20653 2 2 101 101 10234 10235 10310
20654 2 2 101 101 10235 10311 10310
20655 2 2 101 101 10235 10236 10312
20656 2 2 101 101 10235 10312 10311
20657 2 2 101 101 10236 10237 10312
20658 2 2 101 101 10237 10313 10312
20659 2 2 101 101 10237 10238 10314
20660 2 2 101 101 10237 10314 10313
20661 2 2 101 101 10238 10239 10314
20662 2 2 101 101 10239 10315 10314
20663 2 2 101 101 10239 10240 10316
20664 2 2 101 101 10239 10316 10315
20665 2 2 101 101 10240 10241 10316
20666 2 2 101 101 10241 10317 10316
20667 2 2 101 101 10241 10242 10318
20668 2 2 101 101 10241 10318 10317
20669 2 2 101 101 10242 10243 10318
20670 2 2 101 101 10243 10319 10318
20671 2 2 101 101 10243 10244 10320
20672 2 2 101 101 10243 10320 10319
20673 2 2 101 101 10244 10245 10320
20674 2 2 101 101 10245 10321 10320
20675 2 2 101 101 10245 10246 10322
20676 2 2 101 101 10245 10322 10321
20677 2 2 101 101 10246 10247 10322
20678 2 2 101 101 10247 10323 10322
20679 2 2 101 101 10247 10248 10324
20680 2 2 101 101 10247 10324 10323
20681 2 2 101 101 10248 10249 10324
20682 2 2 101 101 10249 10325 10324
20683 2 2 101 101 10249 10250 10326
20684 2 2 101 101 10249 10326 10325
20685 2 2 101 101 10250 10251 10326
20686 2 2 101 101 10251 10327 10326
20687 2 2 101 101 10251 10252 10328
20688 2 2 101 101 10251 10328 10327
20689 2 2 101 101 10252 10253 10328
20690 2 2 101 101 10253 10329 10328
20691 2 2 101 101 10253 10254 10330
20692 2 2 101 101 10253 10330 10329
20693 2 2 101 101 10254 10255 10330
20694 2 2 101 101 10255 10331 10330
20695 2 2 101 101 10255 10256 10332
20696 2 2 101 101 10255 10332 10331
20697 2 2 101 101 10256 10257 10332
20698 2 2 101 101 10257 10333 10332
20699 2 2 101 101 10257 10258 10334
20700 2 2 101 101 10257 10334 10333
20701 2 2 101 101 10258 10259 10334
20702 2 2 101 101 10259 10335 10334
20703 2 2 101 101 10259 10260 10336
20704 2 2 101 101 10259 10336 10335
20705 2 2 101 101 10261 10262 10337
20706 2 2 101 101 10262 10338 10337
20707 2 2 101 101 10262 10263 10339
20708 2 2 101 101 10262 10339 10338
20709 2 2 101 101 10263 10264 10339
20710 2 2 101 101 10264 10340 10339
20711 2 2 101 101 10264 10265 10341
20712 2 2 101 101 10264 10341 10340
20713 2 2 101 101 10265 10266 10341
20714 2 2 101 101 10266 10342 10341
20715 2 2 101 101 10266 10267 10343
20716 2 2 101 101 10266 10343 10342
20717 2 2 101 101 10267 10268 10343
20718 2 2 101 101 10268 10344 10343
20719 2 2 101 101 10268 10269 10345
20720 2 2 101 101 10268 10345 10344
20721 2 2 101 101 10269 10270 10345
20722 2 2 101 101 10270 10346 10345
20723 2 2 101 101 10270 10271 10347
20724 2 2 101 101 10270 10347 10346
20725 2 2 101 101 10271 10272 10347
20726 2 2 101 101 10272 10348 10347
20727 2 2 101 101 10272 10273 10349
20728 2 2 101 101 10272 10349 10348
20729 2 2 101 101 10273 10274 10349
20730 2 2 101 101 10274 10350 10349
20731 2 2 101 101 10274 10275 10351
20732 2 2 101 101 10274 10351 10350
20733 2 2 101 101 10275 10276 10351
20734 2 2 101 101 10276 10352 10351
20735 2 2 101 101 10276 10277 10353
20736 2 2 101 101 10276 10353 10352
20737 2 2 101 101 10277 10278 10353
20738 2 2 101 101 10278 10354 10353
20739 2 2 101 101 10278 10279 10355
20740 2 2 101 101 10278 10355 10354
20741 2 2 101 101 10279 10280 10355
20742 2 2 101 101 10280 10356 10355
20743 2 2 101 101 10280 10281 10357
20744 2 2 101 101 10280 10357 10356
20745 2 2 101 101 10281 10282 10357
20746 2 2 101 101 10282 10358 10357
20747 2 2 101 101 10282 10283 10359
20748 2 2 101 101 10282 10359 10358
20749 2 2 101 101 10283 10284 10359
20750 2 2 101 101 10284 10360 10359
20751 2 2 101 101 10284 10285 10361
20752 2 2 101 101 10284 10361 10360
20753 2 2 101 101 10285 10286 10361
20754 2 2 101 101 10286 10362 10361
20755 2 2 101 101 10286 10287 10363
20756 2 2 101 101 10286 10363 10362
20757 2 2 101 101 10287 10288 10363
20758 2 2 101 101 10288 10364 10363
20759 2 2 101 101 10288 10289 10365
20760 2 2 101 101 10288 10365 10364
20761 2 2 101 101 10289 10290 10365
20762 2 2 101 101 10290 10366 10365
20763 2 2 101 101 10290 10291 10367
20764 2 2 101 101 10290 10367 10366
20765 2 2 101 101 10291 10292 10367
20766 2 2 101 101 10292 10368 10367
20767 2 2 101 101 10292 10293 10369
20768 2 2 101 101 10292 10369 10368
20769 2 2 101 101 10293 10294 10369
20770 2 2 101 101 10294 10370 10369
20771 2 2 101 101 10294 10295 10371
20772 2 2 101 101 10294 10371 10370
20773 2 2 101 101 10295 10296 10371
20774 2 2 101 101 10296 10372 10371
20775 2 2 101 101 10296 10297 10373
20776 2 2 101 101 10296 10373 10372
20777 2 2 101 101 10297 10298 10373
20778 2 2 101 101 10298 10374 10373
20779 2 2 101 101 10298 10299 10375
20780 2 2 101 101 10298 10375 10374
20781 2 2 101 101 10299 10300 10375
20782 2 2 101 101 10300 10376 10375
20783 2 2 101 101 10300 10301 10377
20784 2 2 101 101 10300 10377 10376
20785 2 2 101 101 10301 10302 10377
20786 2 2 101 101 10302 10378 10377
20787 2 2 101 101 10302 10303 10379
20788 2 2 101 101 10302 10379 10378
20789 2 2 101 101 10303 10304 10379
20790 2 2 101 101 10304 10380 10379
20791 2 2 101 101 10304 10305 10381
20792 2 2 101 101 10304 10381 10380
20793 2 2 101 101 10305 10306 10381
20794 2 2 101 101 10306 10382 10381
20795 2 2 101 101 10306 10307 10383
20796 2 2 101 101 10306 10383 10382
20797 2 2 101 101 10307 10308 10383
20798 2 2 101 101 10308 10384 10383
20799 2 2 101 101 10308 10309 10385
20800 2 2 101 101 10308 10385 10384
20801 2 2 101 101 10309 10310 10385
20802 2 2 101 101 10310 10386 10385
20803 2 2 101 101 10310 10311 10387
20804 2 2 101 101 10310 10387 10386
20805 2 2 101 101 10311 10312 10387
20806 2 2 101 101 10312 10388 10387
20807 2 2 101 101 10312 10313 10389
20808 2 2 101 101 10312 10389 10388
20809 2 2 101 101 10313 10314 10389
20810 2 2 101 101 10314 10390 10389
20811 2 2 101 101 10314 10315 10391
20812 2 2 101 101 10314 10391 10390
20813 2 2 101 101 10315 10316 10391
20814 2 2 101 101 10316 10392 10391
20815 2 2 101 101 10316 10317 10393
20816 2 2 101 101 10316 10393 10392
20817 2 2 101 101 10317 10318 10393
20818 2 2 101 101 10318 10394 10393
20819 2 2 101 101 10318 10319 10395
20820 2 2 101 101 10318 10395 10394
20821 2 2 101 101 10319 10320 10395
20822 2 2 101 101 10320 10396 10395
20823 2 2 101 101 10320 10321 10397
20824 2 2 101 101 10320 10397 10396
20825 2 2 101 101 10321 10322 10397
20826 2 2 101 101 10322 10398 10397
20827 2 2 101 101 10322 10323 10399
20828 2 2 101 101 10322 10399 10398
20829 2 2 101 101 10323 10324 10399
20830 2 2 101 101 10324 10400 10399
20831 2 2 101 101 10324 10325 10401
20832 2 2 101 101 10324 10401 10400
20833 2 2 101 101 10325 10326 10401
20834 2 2 101 101 10326 10402 10401
20835 2 2 101 101 10326 10327 10403
20836 2 2 101 101 10326 10403 10402
20837 2 2 101 101 10327 10328 10403
20838 2 2 101 101 10328 10404 10403
20839 2 2 101 101 10328 10329 10405
20840 2 2 101 101 10328 10405 10404
20841 2 2 101 101 10329 10330 10405
20842 2 2 101 101 10330 10406 10405
20843 2 2 101 101 10330 10331 10407
20844 2 2 101 101 10330 10407 10406
20845 2 2 101 101 10331 10332 10407
20846 2 2 101 101 10332 10408 10407
20847 2 2 101 101 10332 10333 10409
20848 2 2 101 101 10332 10409 10408
20849 2 2 101 101 10333 10334 10409
20850 2 2 101 101 10334 10410 10409
20851 2 2 101 101 10334 10335 10411
20852 2 2 101 101 10334 10411 10410
20853 2 2 101 101 10335 10336 10411
20854 2 2 101 101 10336 10412 10411
20855 2 2 101 101 10337 10338 10414
20856 2 2 101 101 10337 10414 10413
20857 2 2 101 101 10338 10339 10414
20858 2 2 101 101 10339 10415 10414
20859 2 2 101 101 10339 10340 10416
20860 2 2 101 101 10339 10416 10415
20861 2 2 101 101 10340 10341 10416
20862 2 2 101 101 10341 10417 10416
20863 2 2 101 101 10341 10342 10418
20864 2 2 101 101 10341 10418 10417
20865 2 2 101 101 10342 10343 10418
20866 2 2 101 101 10343 10419 10418
20867 2 2 101 101 10343 10344 10420
20868 2 2 101 101 10343 10420 10419
20869 2 2 101 101 10344 10345 10420
20870 2 2 101 101 10345 10421 10420
20871 2 2 101 101 10345 10346 10422
20872 2 2 101 101 10345 10422 10421
20873 2 2 101 101 10346 10347 10422
20874 2 2 101 101 10347 10423 10422
20875 2 2 101 101 10347 10348 10424
20876 2 2 101 101 10347 10424 10423
20877 2 2 101 101 10348 10349 10424
20878 2 2 101 101 10349 10425 10424
20879 2 2 101 101 10349 10350 10426
20880 2 2 101 101 10349 10426 10425
20881 2 2 101 101 10350 10351 10426
20882 2 2 101 101 10351 10427 10426
20883 2 2 101 101 10351 10352 10428
20884 2 2 101 101 10351 10428 10427
20885 2 2 101 101 10352 10353 10428
20886 2 2 101 101 10353 10429 10428
20887 2 2 101 101 10353 10354 10430
20888 2 2 101 101 10353 10430 10429
20889 2 2 101 101 10354 10355 10430
20890 2 2 101 101 10355 10431 10430
20891 2 2 101 101 10355 10356 10432
20892 2 2 101 101 10355 10432 10431
20893 2 2 101 101 10356 10357 10432
20894 2 2 101 101 10357 10433 10432
20895 2 2 101 101 10357 10358 10434
20896 2 2 101 101 10357 10434 10433
20897 2 2 101 101 10358 10359 10434
20898 2 2 101 101 10359 10435 10434
20899 2 2 101 101 10359 10360 10436
20900 2 2 101 101 10359 10436 10435
20901 2 2 101 101 10360 10361 10436
20902 2 2 101 101 10361 10437 10436
20903 2 2 101 101 10361 10362 10438
20904 2 2 101 101 10361 10438 10437
20905 2 2 101 101 10362 10363 10438
20906 2 2 101 101 10363 10439 10438
20907 2 2 101 101 10363 10364 10440
20908 2 2 101 101 10363 10440 10439
20909 2 2 101 101 10364 10365 10440
20910 2 2 101 101 10365 10441 10440
20911 2 2 101 101 10365 10366 10442
20912 2 2 101 101 10365 10442 10441
20913 2 2 101 101 10366 10367 10442
20914 2 2 101 101 10367 10443 10442
20915 2 2 101 101 10367 10368 10444
20916 2 2 101 101 10367 10444 10443
20917 2 2 101 101 10368 10369 10444
20918 2 2 101 101 10369 10445 10444
20919 2 2 101 101 10369 10370 10446
20920 2 2 101 101 10369 10446 10445
20921 2 2 101 101 10370 10371 10446
20922 2 2 101 101 10371 10447 10446
20923 2 2 101 101 10371 10372 10448
20924 2 2 101 101 10371 10448 10447
20925 2 2 101 101 10372 10373 10448
20926 2 2 101 101 10373 10449 10448
20927 2 2 101 101 10373 10374 10450
20928 2 2 101 101 10373 10450 10449
20929 2 2 101 101 10374 10375 10450
20930 2 2 101 101 10375 10451 10450
20931 2 2 101 101 10375 10376 10452
20932 2 2 101 101 10375 10452 10451
20933 2 2 101 101 10376 10377 10452
20934 2 2 101 101 10377 10453 10452
20935 2 2 101 101 10377 10378 10454
20936 2 2 101 101 10377 10454 10453
20937 2 2 101 101 10378 10379 10454
20938 2 2 101 101 10379 10455 10454
20939 2 2 101 101 10379 10380 10456
20940 2 2 101 101 10379 10456 10455
20941 2 2 101 101 10380 10381 10456
20942 2 2 101 101 10381 10457 10456
20943 2 2 101 101 10381 10382 10458
20944 2 2 101 101 10381 10458 10457
20945 2 2 101 101 10382 10383 10458
20946 2 2 101 101 10383 10459 10458
20947 2 2 101 101 10383 10384 10460
20948 2 2 101 101 10383 10460 10459
20949 2 2 101 101 10384 10385 10460
20950 2 2 101 101 10385 10461 10460
20951 2 2 101 101 10385 10386 10462
20952 2 2 101 101 10385 10462 10461
20953 2 2 101 101 10386 10387 10462
20954 2 2 101 101 10387 10463 10462
20955 2 2 101 101 10387 10388 10464
20956 2 2 101 101 10387 10464 10463
20957 2 2 101 101 10388 10389 10464
20958 2 2 101 101 10389 10465 10464
20959 2 2 101 101 10389 10390 10466
20960 2 2 101 101 10389 10466 10465
20961 2 2 101 101 10390 10391 10466
20962 2 2 101 101 10391 10467 10466
20963 2 2 101 101 10391 10392 10468
20964 2 2 101 101 10391 10468 10467
20965 2 2 101 101 10392 10393 10468
20966 2 2 101 101 10393 10469 10468
20967 2 2 101 101 10393 10394 10470
20968 2 2 101 101 10393 10470 10469
20969 2 2 101 101 10394 10395 10470
20970 2 2 101 101 10395 10471 10470
20971 2 2 101 101 10395 10396 10472
20972 2 2 101 101 10395 10472 10471
20973 2 2 101 101 10396 10397 10472
20974 2 2 101 101 10397 10473 10472
20975 2 2 101 101 10397 10398 10474
20976 2 2 101 101 10397 10474 10473
20977 2 2 101 101 10398 10399 10474
20978 2 2 101 101 10399 10475 10474
20979 2 2 101 101 10399 10400 10476
20980 2 2 101 101 10399 10476 10475
20981 2 2 101 101 10400 10401 10476
20982 2 2 101 101 10401 10477 10476
20983 2 2 101 101 10401 10402 10478
20984 2 2 101 101 10401 10478 10477
20985 2 2 101 101 10402 10403 10478
20986 2 2 101 101 10403 10479 10478
20987 2 2 101 101 10403 10404 10480
20988 2 2 101 101 10403 10480 10479
20989 2 2 101 101 10404 10405 10480
20990 2 2 101 101 10405 10481 10480
20991 2 2 101 101 10405 10406 10482
20992 2 2 101 101 10405 10482 10481
20993 2 2 101 101 10406 10407 10482
20994 2 2 101 101 10407 10483 10482
20995 2 2 101 101 10407 10408 10484
20996 2 2 101 101 10407 10484 10483
20997 2 2 101 101 10408 10409 10484
20998 2 2 101 101 10409 10485 10484
20999 2 2 101 101 10409 10410 10486
21000 2 2 101 101 10409 10486 10485
21001 2 2 101 101 10410 10411 10486
21002 2 2 101 101 10411 10487 10486
21003 2 2 101 101 10411 10412 10488
21004 2 2 101 101 10411 10488 10487
21005 2 2 101 101 10413 10414 10489
21006 2 2 101 101 10414 10490 10489
21007 2 2 101 101 10414 10415 10491
21008 2 2 101 101 10414 10491 10490
21009 2 2 101 101 10415 10416 10491
21010 2 2 101 101 10416 10492 10491
21011 2 2 101 101 10416 10417 10493
21012 2 2 101 101 10416 10493 10492
21013 2 2 101 101 10417 10418 10493
21014 2 2 101 101 10418 10494 10493
21015 2 2 101 101 10418 10419 10495
21016 2 2 101 101 10418 10495 10494
21017 2 2 101 101 10419 10420 10495
21018 2 2 101 101 10420 10496 10495
21019 2 2 101 101 10420 10421 10497
21020 2 2 101 101 10420 10497 10496
21021 2 2 101 101 10421 10422 10497
21022 2 2 101 101 10422 10498 10497
21023 2 2 101 101 10422 10423 10499
21024 2 2 101 101 10422 10499 10498
21025 2 2 101 101 10423 10424 10499
21026 2 2 101 101 10424 10500 10499
21027 2 2 101 101 10424 10425 10501
21028 2 2 101 101 10424 10501 10500
21029 2 2 101 101 10425 10426 10501
21030 2 2 101 101 10426 10502 10501
21031 2 2 101 101 10426 10427 10503
21032 2 2 101 101 10426 10503 10502
21033 2 2 101 101 10427 10428 10503
21034 2 2 101 101 10428 10504 10503
21035 2 2 101 101 10428 10429 10505
21036 2 2 101 101 10428 10505 10504
21037 2 2 101 101 10429 10430 10505
21038 2 2 101 101 10430 10506 10505
21039 2 2 101 101 10430 10431 10507
21040 2 2 101 101 10430 10507 10506
21041 2 2 101 101 10431 10432 10507
21042 2 2 101 101 10432 10508 10507
21043 2 2 101 101 10432 10433 10509
21044 2 2 101 101 10432 10509 10508
21045 2 2 101 101 10433 10434 10509
21046 2 2 101 101 10434 10510 10509
21047 2 2 101 101 10434 10435 10511
21048 2 2 101 101 10434 10511 10510
21049 2 2 101 101 10435 10436 10511
21050 2 2 101 101 10436 10512 10511
21051 2 2 101 101 10436 10437 10513
21052 2 2 101 101 10436 10513 10512
21053 2 2 101 101 10437 10438 10513
21054 2 2 101 101 10438 10514 10513
21055 2 2 101 101 10438 10439 10515
21056 2 2 101 101 10438 10515 10514
21057 2 2 101 101 10439 10440 10515
21058 2 2 101 101 10440 10516 10515
21059 2 2 101 101 10440 10441 10517
21060 2 2 101 101 10440 10517 10516
21061 2 2 101 101 10441 10442 10517
21062 2 2 101 101 10442 10518 10517
21063 2 2 101 101 10442 10443 10519
21064 2 2 101 101 10442 10519 10518
21065 2 2 101 101 10443 10444 10519
21066 2 2 101 101 10444 10520 10519
21067 2 2 101 101 10444 10445 10521
21068 2 2 101 101 10444 10521 10520
21069 2 2 101 101 10445 10446 10521
21070 2 2 101 101 10446 10522 10521
21071 2 2 101 101 10446 10447 10523
21072 2 2 101 101 10446 10523 10522
21073 2 2 101 101 10447 10448 10523
21074 2 2 101 101 10448 10524 10523
21075 2 2 101 101 10448 10449 10525
21076 2 2 101 101 10448 10525 10524
21077 2 2 101 101 10449 10450 10525
21078 2 2 101 101 10450 10526 10525
21079 2 2 101 101 10450 10451 10527
21080 2 2 101 101 10450 10527 10526
21081 2 2 101 101 10451 10452 10527
21082 2 2 101 101 10452 10528 10527
21083 2 2 101 101 10452 10453 10529
21084 2 2 101 101 10452 10529 10528
21085 2 2 101 101 10453 10454 10529
21086 2 2 101 101 10454 10530 10529
21087 2 2 101 101 10454 10455 10531
21088 2 2 101 101 10454 10531 10530
21089 2 2 101 101 10455 10456 10531
21090 2 2 101 101 10456 10532 10531
21091 2 2 101 101 10456 10457 10533
21092 2 2 101 101 10456 10533 10532
21093 2 2 101 101 10457 10458 10533
21094 2 2 101 101 10458 10534 10533
21095 2 2 101 101 10458 10459 10535
21096 2 2 101 101 10458 10535 10534
21097 2 2 101 101 10459 10460 10535
21098 2 2 101 101 10460 10536 10535
21099 2 2 101 101 10460 10461 10537
21100 2 2 101 101 10460 10537 10536
21101 2 2 101 101 10461 10462 10537
21102 2 2 101 101 10462 10538 10537
21103 2 2 101 101 10462 10463 10539
21104 2 2 101 101 10462 10539 10538
21105 2 2 101 101 10463 10464 10539
21106 2 2 101 101 10464 10540 10539
21107 2 2 101 101 10464 10465 10541
21108 2 2 101 101 10464 10541 10540
21109 2 2 101 101 10465 10466 10541
21110 2 2 101 101 10466 10542 10541
21111 2 2 101 101 10466 10467 10543
21112 2 2 101 101 10466 10543 10542
21113 2 2 101 101 10467 10468 10543
21114 2 2 101 101 10468 10544 10543
21115 2 2 101 101 10468 10469 10545
21116 2 2 101 101 10468 10545 10544
21117 2 2 101 101 10469 10470 10545
21118 2 2 101 101 10470 10546 10545
21119 2 2 101 101 10470 10471 10547
21120 2 2 101 101 10470 10547 10546
21121 2 2 101 101 10471 10472 10547
21122 2 2 101 101 10472 10548 10547
21123 2 2 101 101 10472 10473 10549
21124 2 2 101 101 10472 10549 10548
21125 2 2 101 101 10473 10474 10549
21126 2 2 101 101 10474 10550 10549
21127 2 2 101 101 10474 10475 10551
21128 2 2 101 101 10474 10551 10550
21129 2 2 101 101 10475 10476 10551
21130 2 2 101 101 10476 10552 10551
21131 2 2 101 101 10476 10477 10553
21132 2 2 101 101 10476 10553 10552
21133 2 2 101 101 10477 10478 10553
21134 2 2 101 101 10478 10554 10553
21135 2 2 101 101 10478 10479 10555
21136 2 2 101 101 10478 10555 10554
21137 2 2 101 101 10479 10480 10555
21138 2 2 101 101 10480 10556 10555
21139 2 2 101 101 10480 10481 10557
21140 2 2 101 101 10480 10557 10556
21141 2 2 101 101 10481 10482 10557
21142 2 2 101 101 10482 10558 10557
21143 2 2 101 101 10482 10483 10559
21144 2 2 101 101 10482 10559 10558
21145 2 2 101 101 10483 10484 10559
21146 2 2 101 101 10484 10560 10559
21147 2 2 101 101 10484 10485 10561
21148 2 2 101 101 10484 10561 10560
21149 2 2 101 101 10485 10486 10561
21150 2 2 101 101 10486 10562 10561
21151 2 2 101 101 10486 10487 10563
21152 2 2 101 101 10486 10563 10562
21153 2 2 101 101 10487 10488 10563
21154 2 2 101 101 10488 10564 10563
21155 2 2 101 101 10489 10490 10566
21156 2 2 101 101 10489 10566 10565
21157 2 2 101 101 10490 10491 10566
21158 2 2 101 101 10491 10567 10566
21159 2 2 101 101 10491 10492 10568
21160 2 2 101 101 10491 10568 10567
21161 2 2 101 101 10492 10493 10568
21162 2 2 101 101 10493 10569 10568
21163 2 2 101 101 10493 10494 10570
21164 2 2 101 101 10493 10570 10569
21165 2 2 101 101 10494 10495 10570
21166 2 2 101 101 10495 10571 10570
21167 2 2 101 101 10495 10496 10572
21168 2 2 101 101 10495 10572 10571
21169 2 2 101 101 10496 10497 10572
21170 2 2 101 101 10497 10573 10572
21171 2 2 101 101 10497 10498 10574
21172 2 2 101 101 10497 10574 10573
21173 2 2 101 101 10498 10499 10574
21174 2 2 101 101 10499 10575 10574
21175 2 2 101 101 10499 10500 10576
21176 2 2 101 101 10499 10576 10575
21177 2 2 101 101 10500 10501 10576
21178 2 2 101 101 10501 10577 10576
21179 2 2 101 101 10501 10502 10578
21180 2 2 101 101 10501 10578 10577
21181 2 2 101 101 10502 10503 10578
21182 2 2 101 101 10503 10579 10578
21183 2 2 101 101 10503 10504 10580
21184 2 2 101 101 10503 10580 10579
21185 2 2 101 101 10504 10505 10580
21186 2 2 101 101 10505 10581 10580
21187 2 2 101 101 10505 10506 10582
21188 2 2 101 101 10505 10582 10581
21189 2 2 101 101 10506 10507 10582
21190 2 2 101 101 10507 10583 10582
21191 2 2 101 101 10507 10508 10584
21192 2 2 101 101 10507 10584 10583
21193 2 2 101 101 10508 10509 10584
21194 2 2 101 101 10509 10585 10584
21195 2 2 101 101 10509 10510 10586
21196 2 2 101 101 10509 10586 10585
21197 2 2 101 101 10510 10511 10586
21198 2 2 101 101 10511 10587 10586
21199 2 2 101 101 10511 10512 10588
21200 2 2 101 101 10511 10588 10587
21201 2 2 101 101 10512 10513 10588
21202 2 2 101 101 10513 10589 10588
21203 2 2 101 101 10513 10514 10590
21204 2 2 101 101 10513 10590 10589
21205 2 2 101 101 10514 10515 10590
21206 2 2 101 101 10515 10591 10590
21207 2 2 101 101 10515 10516 10592
21208 2 2 101 101 10515 10592 10591
21209 2 2 101 101 10516 10517 10592
21210 2 2 101 101 10517 10593 10592
21211 2 2 101 101 10517 10518 10594
21212 2 2 101 101 10517 10594 10593
21213 2 2 101 101 10518 10519 10594
21214 2 2 101 101 10519 10595 10594
21215 2 2 101 101 10519 10520 10596
21216 2 2 101 101 10519 10596 10595
21217 2 2 101 101 10520 10521 10596
21218 2 2 101 101 10521 10597 10596
21219 2 2 101 101 10521 10522 10598
21220 2 2 101 101 10521 10598 10597
21221 2 2 101 101 10522 10523 10598
21222 2 2 101 101 10523 10599 10598
21223 2 2 101 101 10523 10524 10600
21224 2 2 101 101 10523 10600 10599
21225 2 2 101 101 10524 10525 10600
21226 2 2 101 101 10525 10601 10600
21227 2 2 101 101 10525 10526 10602
21228 2 2 101 101 10525 10602 10601
21229 2 2 101 101 10526 10527 10602
21230 2 2 101 101 10527 10603 10602
21231 2 2 101 101 10527 10528 10604
21232 2 2 101 101 10527 10604 10603
21233 2 2 101 101 10528 10529 10604
21234 2 2 101 101 10529 10605 10604
21235 2 2 101 101 10529 10530 10606
21236 2 2 101 101 10529 10606 10605
21237 2 2 101 101 10530 10531 10606
21238 2 2 101 101 10531 10607 10606
21239 2 2 101 101 10531 10532 10608
21240 2 2 101 101 10531 10608 10607
21241 2 2 101 101 10532 10533 10608
21242 2 2 101 101 10533 10609 10608
21243 2 2 101 101 10533 10534 10610
21244 2 2 101 101 10533 10610 10609
21245 2 2 101 101 10534 10535 10610
21246 2 2 101 101 10535 10611 10610
21247 2 2 101 101 10535 10536 10612
21248 2 2 101 101 10535 10612 10611
21249 2 2 101 101 10536 10537 10612
21250 2 2 101 101 10537 10613 10612
21251 2 2 101 101 10537 10538 10614
21252 2 2 101 101 10537 10614 10613
21253 2 2 101 101 10538 10539 10614
21254 2 2 101 101 10539 10615 10614
21255 2 2 101 101 10539 10540 10616
21256 2 2 101 101 10539 10616 10615
21257 2 2 101 101 10540 10541 10616
21258 2 2 101 101 10541 10617 10616
21259 2 2 101 101 10541 10542 10618
21260 2 2 101 101 10541 10618 10617
21261 2 2 101 101 10542 10543 10618
21262 2 2 101 101 10543 10619 10618
21263 2 2 101 101 10543 10544 10620
21264 2 2 101 101 10543 10620 10619
21265 2 2 101 101 10544 10545 10620
21266 2 2 101 101 10545 10621 10620
21267 2 2 101 101 10545 10546 10622
21268 2 2 101 101 10545 10622 10621
21269 2 2 101 101 10546 10547 10622
21270 2 2 101 101 10547 10623 10622
21271 2 2 101 101 10547 10548 10624
21272 2 2 101 101 10547 10624 10623
21273 2 2 101 101 10548 10549 10624
21274 2 2 101 101 10549 10625 10624
21275 2 2 101 101 10549 10550 10626
21276 2 2 101 101 10549 10626 10625
21277 2 2 101 101 10550 10551 10626
21278 2 2 101 101 10551 10627 10626
21279 2 2 101 101 10551 10552 10628
21280 2 2 101 101 10551 10628 10627
21281 2 2 101 101 10552 10553 10628
21282 2 2 101 101 10553 10629 10628
21283 2 2 101 101 10553 10554 10630
21284 2 2 101 101 10553 10630 10629
21285 2 2 101 101 10554 10555 10630
21286 2 2 101 101 10555 10631 10630
21287 2 2 101 101 10555 10556 10632
21288 2 2 101 101 10555 10632 10631
21289 2 2 101 101 10556 10557 10632
21290 2 2 101 101 10557 10633 10632
21291 2 2 101 101 10557 10558 10634
21292 2 2 101 101 10557 10634 10633
21293 2 2 101 101 10558 10559 10634
21294 2 2 101 101 10559 10635 10634
21295 2 2 101 101 10559 10560 10636
21296 2 2 101 101 10559 10636 10635
21297 2 2 101 101 10560 10561 10636
21298 2 2 101 101 10561 10637 10636
21299 2 2 101 101 10561 10562 10638
21300 2 2 101 101 10561 10638 10637
21301 2 2 101 101 10562 10563 10638
21302 2 2 101 101 10563 10639 10638
21303 2 2 101 101 10563 10564 10640
21304 2 2 101 101 10563 10640 10639
21305 2 2 101 101 10565 10566 10641
21306 2 2 101 101 10566 10642 10641
21307 2 2 101 101 10566 10567 10643
21308 2 2 101 101 10566 10643 10642
21309 2 2 101 101 10567 10568 10643
21310 2 2 101 101 10568 10644 10643
21311 2 2 101 101 10568 10569 10645
21312 2 2 101 101 10568 10645 10644
21313 2 2 101 101 10569 10570 10645
21314 2 2 101 101 10570 10646 10645
21315 2 2 101 101 10570 10571 10647
21316 2 2 101 101 10570 10647 10646
21317 2 2 101 101 10571 10572 10647
21318 2 2 101 101 10572 10648 10647
21319 2 2 101 101 10572 10573 10649
21320 2 2 101 101 10572 10649 10648
21321 2 2 101 101 10573 10574 10649
21322 2 2 101 101 10574 10650 10649
21323 2 2 101 101 10574 10575 10651
21324 2 2 101 101 10574 10651 10650
21325 2 2 101 101 10575 10576 10651
21326 2 2 101 101 10576 10652 10651
21327 2 2 101 101 10576 10577 10653
21328 2 2 101 101 10576 10653 10652
21329 2 2 101 101 10577 10578 10653
21330 2 2 101 101 10578 10654 10653
21331 2 2 101 101 10578 10579 10655
21332 2 2 101 101 10578 10655 10654
21333 2 2 101 101 10579 10580 10655
21334 2 2 101 101 10580 10656 10655
21335 2 2 101 101 10580 10581 10657
21336 2 2 101 101 10580 10657 10656
21337 2 2 101 101 10581 10582 10657
21338 2 2 101 101 10582 10658 10657
21339 2 2 101 101 10582 10583 10659
21340 2 2 101 101 10582 10659 10658
21341 2 2 101 101 10583 10584 10659
21342 2 2 101 101 10584 10660 10659
21343 2 2 101 101 10584 10585 10661
21344 2 2 101 101 10584 10661 10660
21345 2 2 101 101 10585 10586 10661
21346 2 2 101 101 10586 10662 10661
21347 2 2 101 101 10586 10587 10663
21348 2 2 101 101 10586 10663 10662
21349 2 2 101 101 10587 10588 10663
21350 2 2 101 101 10588 10664 10663
21351 2 2 101 101 10588 10589 10665
21352 2 2 101 101 10588 10665 10664
21353 2 2 101 101 10589 10590 10665
21354 2 2 101 101 10590 10666 10665
21355 2 2 101 101 10590 10591 10667
21356 2 2 101 101 10590 10667 10666
21357 2 2 101 101 10591 10592 10667
21358 2 2 101 101 10592 10668 10667
21359 2 2 101 101 10592 10593 10669
21360 2 2 101 101 10592 10669 10668
21361 2 2 101 101 10593 10594 10669
21362 2 2 101 101 10594 10670 10669
21363 2 2 101 101 10594 10595 10671
21364 2 2 101 101 10594 10671 10670
21365 2 2 101 101 10595 10596 10671
21366 2 2 101 101 10596 10672 10671
21367 2 2 101 101 10596 10597 10673
21368 2 2 101 101 10596 10673 10672
21369 2 2 101 101 10597 10598 10673
21370 2 2 101 101 10598 10674 10673
21371 2 2 101 101 10598 10599 10675
21372 2 2 101 101 10598 10675 10674
21373 2 2 101 101 10599 10600 10675
21374 2 2 101 101 10600 10676 10675
21375 2 2 101 101 10600 10601 10677
21376 2 2 101 101 10600 10677 10676
21377 2 2 101 101 10601 10602 10677
21378 2 2 101 101 10602 10678 10677
21379 2 2 101 101 10602 10603 10679
21380 2 2 101 101 10602 10679 10678
21381 2 2 101 101 10603 10604 10679
21382 2 2 101 101 10604 10680 10679
21383 2 2 101 101 10604 10605 10681
21384 2 2 101 101 10604 10681 10680
21385 2 2 101 101 10605 10606 10681
21386 2 2 101 101 10606 10682 10681
21387 2 2 101 101 10606 10607 10683
21388 2 2 101 101 10606 10683 10682
21389 2 2 101 101 10607 10608 10683
21390 2 2 101 101 10608 10684 10683
21391 2 2 101 101 10608 10609 10685
21392 2 2 101 101 10608 10685 10684
21393 2 2 101 101 10609 10610 10685
21394 2 2 101 101 10610 10686 10685
21395 2 2 101 101 10610 10611 10687
21396 2 2 101 101 10610 10687 10686
21397 2 2 101 101 10611 10612 10687
21398 2 2 101 101 10612 10688 10687
21399 2 2 101 101 10612 10613 10689
21400 2 2 101 101 10612 10689 10688
21401 2 2 101 101 10613 10614 10689
21402 2 2 101 101 10614 10690 10689
21403 2 2 101 101 10614 10615 10691
21404 2 2 101 101 10614 10691 10690
21405 2 2 101 101 10615 10616 10691
21406 2 2 101 101 10616 10692 10691
21407 2 2 101 101 10616 10617 10693
21408 2 2 101 101 10616 10693 10692
21409 2 2 101 101 10617 10618 10693
21410 2 2 101 101 10618 10694 10693
21411 2 2 101 101 10618 10619 10695
21412 2 2 101 101 10618 10695 10694
21413 2 2 101 101 10619 10620 10695
21414 2 2 101 101 10620 10696 10695
21415 2 2 101 101 10620 10621 10697
21416 2 2 101 101 10620 10697 10696
21417 2 2 101 101 10621 10622 10697
21418 2 2 101 101 10622 10698 10697
21419 2 2 101 101 10622 10623 10699
21420 2 2 101 101 10622 10699 10698
21421 2 2 101 101 10623 10624 10699
21422 2 2 101 101 10624 10700 10699
21423 2 2 101 101 10624 10625 10701
21424 2 2 101 101 10624 10701 10700
21425 2 2 101 101 10625 10626 10701
21426 2 2 101 101 10626 10702 10701
21427 2 2 101 101 10626 10627 10703
21428 2 2 101 101 10626 10703 10702
21429 2 2 101 101 10627 10628 10703
21430 2 2 101 101 10628 10704 10703
21431 2 2 101 101 10628 10629 10705
21432 2 2 101 101 10628 10705 10704
21433 2 2 101 101 10629 10630 10705
21434 2 2 101 101 10630 10706 10705
21435 2 2 101 101 10630 10631 10707
21436 2 2 101 101 10630 10707 10706
21437 2 2 101 101 10631 10632 10707
21438 2 2 101 101 10632 10708 10707
21439 2 2 101 101 10632 10633 10709
21440 2 2 101 101 10632 10709 10708
21441 2 2 101 101 10633 10634 10709
21442 2 2 101 101 10634 10710 10709
21443 2 2 101 101 10634 10635 10711
21444 2 2 101 101 10634 10711 10710
21445 2 2 101 101 10635 10636 10711
21446 2 2 101 101 10636 10712 10711
21447 2 2 101 101 10636 10637 10713
21448 2 2 101 101 10636 10713 10712
21449 2 2 101 101 10637 10638 10713
21450 2 2 101 101 10638 10714 10713
21451 2 2 101 101 10638 10639 10715
21452 2 2 101 101 10638 10715 10714
21453 2 2 101 101 10639 10640 10715
21454 2 2 101 101 10640 10716 10715
21455 2 2 101 101 10641 10642 10718
21456 2 2 101 101 10641 10718 10717
21457 2 2 101 101 10642 10643 10718
21458 2 2 101 101 10643 10719 10718
21459 2 2 101 101 10643 10644 10720
21460 2 2 101 101 10643 10720 10719
21461 2 2 101 101 10644 10645 10720
21462 2 2 101 101 10645 10721 10720
21463 2 2 101 101 10645 10646 10722
21464 2 2 101 101 10645 10722 10721
21465 2 2 101 101 10646 10647 10722
21466 2 2 101 101 10647 10723 10722
21467 2 2 101 101 10647 10648 10724
21468 2 2 101 101 10647 10724 10723
21469 2 2 101 101 10648 10649 10724
21470 2 2 101 101 10649 10725 10724
21471 2 2 101 101 10649 10650 10726
21472 2 2 101 101 10649 10726 10725
21473 2 2 101 101 10650 10651 10726
21474 2 2 101 101 10651 10727 10726
21475 2 2 101 101 10651 10652 10728
21476 2 2 101 101 10651 10728 10727
21477 2 2 101 101 10652 10653 10728
21478 2 2 101 101 10653 10729 10728
21479 2 2 101 101 10653 10654 10730
21480 2 2 101 101 10653 10730 10729
21481 2 2 101 101 10654 10655 10730
21482 2 2 101 101 10655 10731 10730
21483 2 2 101 101 10655 10656 10732
21484 2 2 101 101 10655 10732 10731
21485 2 2 101 101 10656 10657 10732
21486 2 2 101 101 10657 10733 10732
21487 2 2 101 101 10657 10658 10734
21488 2 2 101 101 10657 10734 10733
21489 2 2 101 101 10658 10659 10734
21490 2 2 101 101 10659 10735 10734
21491 2 2 101 101 10659 10660 10736
21492 2 2 101 101 10659 10736 10735
21493 2 2 101 101 10660 10661 10736
21494 2 2 101 101 10661 10737 10736
21495 2 2 101 101 10661 10662 10738
21496 2 2 101 101 10661 10738 10737
21497 2 2 101 101 10662 10663 10738
21498 2 2 101 101 10663 10739 10738
21499 2 2 101 101 10663 10664 10740
21500 2 2 101 101 10663 10740 10739
21501 2 2 101 101 10664 10665 10740
21502 2 2 101 101 10665 10741 10740
21503 2 2 101 101 10665 10666 10742
21504 2 2 101 101 10665 10742 10741
21505 2 2 101 101 10666 10667 10742
21506 2 2 101 101 10667 10743 10742
21507 2 2 101 101 10667 10668 10744
21508 2 2 101 101 10667 10744 10743
21509 2 2 101 101 10668 10669 10744
21510 2 2 101 101 10669 10745 10744
21511 2 2 101 101 10669 10670 10746
21512 2 2 101 101 10669 10746 10745
21513 2 2 101 101 10670 10671 10746
21514 2 2 101 101 10671 10747 10746
21515 2 2 101 101 10671 10672 10748
21516 2 2 101 101 10671 10748 10747
21517 2 2 101 101 10672 10673 10748
21518 2 2 101 101 10673 10749 10748
21519 2 2 101 101 10673 10674 10750
21520 2 2 101 101 10673 10750 10749
21521 2 2 101 101 10674 10675 10750
21522 2 2 101 101 10675 10751 10750
21523 2 2 101 101 10675 10676 10752
21524 2 2 101 101 10675 10752 10751
21525 2 2 101 101 10676 10677 10752
21526 2 2 101 101 10677 10753 10752
21527 2 2 101 101 10677 10678 10754
21528 2 2 101 101 10677 10754 10753
21529 2 2 101 101 10678 10679 10754
21530 2 2 101 101 10679 10755 10754
21531 2 2 101 101 10679 10680 10756
21532 2 2 101 101 10679 10756 10755
21533 2 2 101 101 10680 10681 10756
21534 2 2 101 101 10681 10757 10756
21535 2 2 101 101 10681 10682 10758
21536 2 2 101 101 10681 10758 10757
21537 2 2 101 101 10682 10683 10758
21538 2 2 101 101 10683 10759 10758
21539 2 2 101 101 10683 10684 10760
21540 2 2 101 101 10683 10760 10759
21541 2 2 101 101 10684 10685 10760
21542 2 2 101 101 10685 10761 10760
21543 2 2 101 101 10685 10686 10762
21544 2 2 101 101 10685 10762 10761
21545 2 2 101 101 10686 10687 10762
21546 2 2 101 101 10687 10763 10762
21547 2 2 101 101 10687 10688 10764
21548 2 2 101 101 10687 10764 10763
21549 2 2 101 101 10688 10689 10764
21550 2 2 101 101 10689 10765 10764
21551 2 2 101 101 10689 10690 10766
21552 2 2 101 101 10689 10766 10765
21553 2 2 101 101 10690 10691 10766
21554 2 2 101 101 10691 10767 10766
21555 2 2 101 101 10691 10692 10768
21556 2 2 101 101 10691 10768 10767
21557 2 2 101 101 10692 10693 10768
21558 2 2 101 101 10693 10769 10768
21559 2 2 101 101 10693 10694 10770
21560 2 2 101 101 10693 10770 10769
21561 2 2 101 101 10694 10695 10770
21562 2 2 101 101 10695 10771 10770
21563 2 2 101 101 10695 10696 10772
21564 2 2 101 101 10695 10772 10771
21565 2 2 101 101 10696 10697 10772
21566 2 2 101 101 10697 10773 10772
21567 2 2 101 101 10697 10698 10774
21568 2 2 101 101 10697 10774 10773
21569 2 2 101 101 10698 10699 10774
21570 2 2 101 101 10699 10775 10774
21571 2 2 101 101 10699 10700 10776
21572 2 2 101 101 10699 10776 10775
21573 2 2 101 101 10700 10701 10776
21574 2 2 101 101 10701 10777 10776
21575 2 2 101 101 10701 10702 10778
21576 2 2 101 101 10701 10778 10777
21577 2 2 101 101 10702 10703 10778
21578 2 2 101 101 10703 10779 10778
21579 2 2 101 101 10703 10704 10780
21580 2 2 101 101 10703 10780 10779
21581 2 2 101 101 10704 10705 10780
21582 2 2 101 101 10705 10781 10780
21583 2 2 101 101 10705 10706 10782
21584 2 2 101 101 10705 10782 10781
21585 2 2 101 101 10706 10707 10782
21586 2 2 101 101 10707 10783 10782
21587 2 2 101 101 10707 10708 10784
21588 2 2 101 101 10707 10784 10783
21589 2 2 101 101 10708 10709 10784
21590 2 2 101 101 10709 10785 10784
21591 2 2 101 101 10709 10710 10786
21592 2 2 101 101 10709 10786 10785
21593 2 2 101 101 10710 10711 10786
21594 2 2 101 101 10711 10787 10786
21595 2 2 101 101 10711 10712 10788
21596 2 2 101 101 10711 10788 10787
21597 2 2 101 101 10712 10713 10788
21598 2 2 101 101 10713 10789 10788
21599 2 2 101 101 10713 10714 10790
21600 2 2 101 101 10713 10790 10789
21601 2 2 101 101 10714 10715 10790
21602 2 2 101 101 10715 10791 10790
21603 2 2 101 101 10715 10716 10792
21604 2 2 101 101 10715 10792 10791
21605 2 2 101 101 10717 10718 10793
21606 2 2 101 101 10718 10794 10793
21607 2 2 101 101 10718 10719 10795
21608 2 2 101 101 10718 10795 10794
21609 2 2 101 101 10719 10720 10795
21610 2 2 101 101 10720 10796 10795
21611 2 2 101 101 10720 10721 10797
21612 2 2 101 101 10720 10797 10796
21613 2 2 101 101 10721 10722 10797
21614 2 2 101 101 10722 10798 10797
21615 2 2 101 101 10722 10723 10799
21616 2 2 101 101 10722 10799 10798
21617 2 2 101 101 10723 10724 10799
21618 2 2 101 101 10724 10800 10799
21619 2 2 101 101 10724 10725 10801
21620 2 2 101 101 10724 10801 10800
21621 2 2 101 101 10725 10726 10801
21622 2 2 101 101 10726 10802 10801
21623 2 2 101 101 10726 10727 10803
21624 2 2 101 101 10726 10803 10802
21625 2 2 101 101 10727 10728 10803
21626 2 2 101 101 10728 10804 10803
21627 2 2 101 101 10728 10729 10805
21628 2 2 101 101 10728 10805 10804
21629 2 2 101 101 10729 10730 10805
21630 2 2 101 101 10730 10806 10805
21631 2 2 101 101 10730 10731 10807
21632 2 2 101 101 10730 10807 10806
21633 2 2 101 101 10731 10732 10807
21634 2 2 101 101 10732 10808 10807
21635 2 2 101 101 10732 10733 10809
21636 2 2 101 101 10732 10809 10808
21637 2 2 101 101 10733 10734 10809
21638 2 2 101 101 10734 10810 10809
21639 2 2 101 101 10734 10735 10811
21640 2 2 101 101 10734 10811 10810
21641 2 2 101 101 10735 10736 10811
21642 2 2 101 101 10736 10812 10811
21643 2 2 101 101 10736 10737 10813
21644 2 2 101 101 10736 10813 10812
21645 2 2 101 101 10737 10738 10813
21646 2 2 101 101 10738 10814 10813
21647 2 2 101 101 10738 10739 10815
21648 2 2 101 101 10738 10815 10814
21649 2 2 101 101 10739 10740 10815
21650 2 2 101 101 10740 10816 10815
21651 2 2 101 101 10740 10741 10817
21652 2 2 101 101 10740 10817 10816
21653 2 2 101 101 10741 10742 10817
21654 2 2 101 101 10742 10818 10817
21655 2 2 101 101 10742 10743 10819
21656 2 2 101 101 10742 10819 10818
21657 2 2 101 101 10743 10744 10819
21658 2 2 101 101 10744 10820 10819
21659 2 2 101 101 10744 10745 10821
21660 2 2 101 101 10744 10821 10820
21661 2 2 101 101 10745 10746 10821
21662 2 2 101 101 10746 10822 10821
21663 2 2 101 101 10746 10747 10823
21664 2 2 101 101 10746 10823 10822
21665 2 2 101 101 10747 10748 10823
21666 2 2 101 101 10748 10824 10823
21667 2 2 101 101 10748 10749 10825
21668 2 2 101 101 10748 10825 10824
21669 2 2 101 101 10749 10750 10825
21670 2 2 101 101 10750 10826 10825
21671 2 2 101 101 10750 10751 10827
21672 2 2 101 101 10750 10827 10826
21673 2 2 101 101 10751 10752 10827
21674 2 2 101 101 10752 10828 10827
21675 2 2 101 101 10752 10753 10829
21676 2 2 101 101 10752 10829 10828
21677 2 2 101 101 10753 10754 10829
21678 2 2 101 101 10754 10830 10829
21679 2 2 101 101 10754 10755 10831
21680 2 2 101 101 10754 10831 10830
21681 2 2 101 101 10755 10756 10831
21682 2 2 101 101 10756 10832 10831
21683 2 2 101 101 10756 10757 10833
21684 2 2 101 101 10756 10833 10832
21685 2 2 101 101 10757 10758 10833
21686 2 2 101 101 10758 10834 10833
21687 2 2 101 101 10758 10759 10835
21688 2 2 101 101 10758 10835 10834
21689 2 2 101 101 10759 10760 10835
21690 2 2 101 101 10760 10836 10835
21691 2 2 101 101 10760 10761 10837
21692 2 2 101 101 10760 10837 10836
21693 2 2 101 101 10761 10762 10837
21694 2 2 101 101 10762 10838 10837
21695 2 2 101 101 10762 10763 10839
21696 2 2 101 101 10762 10839 10838
21697 2 2 101 101 10763 10764 10839
21698 2 2 101 101 10764 10840 10839
21699 2 2 101 101 10764 10765 10841
21700 2 2 101 101 10764 10841 10840
21701 2 2 101 101 10765 10766 10841
21702 2 2 101 101 10766 10842 10841
21703 2 2 101 101 10766 10767 10843
21704 2 2 101 101 10766 10843 10842
21705 2 2 101 101 10767 10768 10843
21706 2 2 101 101 10768 10844 10843
21707 2 2 101 101 10768 10769 10845
21708 2 2 101 101 10768 10845 10844
21709 2 2 101 101 10769 10770 10845
21710 2 2 101 101 10770 10846 10845
21711 2 2 101 101 10770 10771 10847
21712 2 2 101 101 10770 10847 10846
21713 2 2 101 101 10771 10772 10847
21714 2 2 101 101 10772 10848 10847
21715 2 2 101 101 10772 10773 10849
21716 2 2 101 101 10772 10849 10848
21717 2 2 101 101 10773 10774 10849
21718 2 2 101 101 10774 10850 10849
21719 2 2 101 101 10774 10775 10851
21720 2 2 101 101 10774 10851 10850
21721 2 2 101 101 10775 10776 10851
21722 2 2 101 101 10776 10852 10851
21723 2 2 101 101 10776 10777 10853
21724 2 2 101 101 10776 10853 10852
21725 2 2 101 101 10777 10778 10853
21726 2 2 101 101 10778 10854 10853
21727 2 2 101 101 10778 10779 10855
21728 2 2 101 101 10778 10855 10854
21729 2 2 101 101 10779 10780 10855
21730 2 2 101 101 10780 10856 10855
21731 2 2 101 101 10780 10781 10857
21732 2 2 101 101 10780 10857 10856
21733 2 2 101 101 10781 10782 10857
21734 2 2 101 101 10782 10858 10857
21735 2 2 101 101 10782 10783 10859
21736 2 2 101 101 10782 10859 10858
21737 2 2 101 101 10783 10784 10859
21738 2 2 101 101 10784 10860 10859
21739 2 2 101 101 10784 10785 10861
21740 2 2 101 101 10784 10861 10860
21741 2 2 101 101 10785 10786 10861
21742 2 2 101 101 10786 10862 10861
21743 2 2 101 101 10786 10787 10863
21744 2 2 101 101 10786 10863 10862
21745 2 2 101 101 10787 10788 10863
21746 2 2 101 101 10788 10864 10863
21747 2 2 101 101 10788 10789 10865
21748 2 2 101 101 10788 10865 10864
21749 2 2 101 101 10789 10790 10865
21750 2 2 101 101 10790 10866 10865
21751 2 2 101 101 10790 10791 10867
21752 2 2 101 101 10790 10867 10866
21753 2 2 101 101 10791 10792 10867
21754 2 2 101 101 10792 10868 10867
21755 2 2 101 101 10793 10794 10870
21756 2 2 101 101 10793 10870 10869
21757 2 2 101 101 10794 10795 10870
21758 2 2 101 101 10795 10871 10870
21759 2 2 101 101 10795 10796 10872
21760 2 2 101 101 10795 10872 10871
21761 2 2 101 101 10796 10797 10872
21762 2 2 101 101 10797 10873 10872
21763 2 2 101 101 10797 10798 10874
21764 2 2 101 101 10797 10874 10873
21765 2 2 101 101 10798 10799 10874
21766 2 2 101 101 10799 10875 10874
21767 2 2 101 101 10799 10800 10876
21768 2 2 101 101 10799 10876 10875
21769 2 2 101 101 10800 10801 10876
21770 2 2 101 101 10801 10877 10876
21771 2 2 101 101 10801 10802 10878
21772 2 2 101 101 10801 10878 10877
21773 2 2 101 101 10802 10803 10878
21774 2 2 101 101 10803 10879 10878
21775 2 2 101 101 10803 10804 10880
21776 2 2 101 101 10803 10880 10879
21777 2 2 101 101 10804 10805 10880
21778 2 2 101 101 10805 10881 10880
21779 2 2 101 101 10805 10806 10882
21780 2 2 101 101 10805 10882 10881
21781 2 2 101 101 10806 10807 10882
21782 2 2 101 101 10807 10883 10882
21783 2 2 101 101 10807 10808 10884
21784 2 2 101 101 10807 10884 10883
21785 2 2 101 101 10808 10809 10884
21786 2 2 101 101 10809 10885 10884
21787 2 2 101 101 10809 10810 10886
21788 2 2 101 101 10809 10886 10885
21789 2 2 101 101 10810 10811 10886
21790 2 2 101 101 10811 10887 10886
21791 2 2 101 101 10811 10812 10888
21792 2 2 101 101 10811 10888 10887
21793 2 2 101 101 10812 10813 10888
21794 2 2 101 101 10813 10889 10888
21795 2 2 101 101 10813 10814 10890
21796 2 2 101 101 10813 10890 10889
21797 2 2 101 101 10814 10815 10890
21798 2 2 101 101 10815 10891 10890
21799 2 2 101 101 10815 10816 10892
21800 2 2 101 101 10815 10892 10891
21801 2 2 101 101 10816 10817 10892
21802 2 2 101 101 10817 10893 10892
21803 2 2 101 101 10817 10818 10894
21804 2 2 101 101 10817 10894 10893
21805 2 2 101 101 10818 10819 10894
21806 2 2 101 101 10819 10895 10894
21807 2 2 101 101 10819 10820 10896
21808 2 2 101 101 10819 10896 10895
21809 2 2 101 101 10820 10821 10896
21810 2 2 101 101 10821 10897 10896
21811 2 2 101 101 10821 10822 10898
21812 2 2 101 101 10821 10898 10897
21813 2 2 101 101 10822 10823 10898
21814 2 2 101 101 10823 10899 10898
21815 2 2 101 101 10823 10824 10900
21816 2 2 101 101 10823 10900 10899
21817 2 2 101 101 10824 10825 10900
21818 2 2 101 101 10825 10901 10900
21819 2 2 101 101 10825 10826 10902
21820 2 2 101 101 10825 10902 10901
21821 2 2 101 101 10826 10827 10902
21822 2 2 101 101 10827 10903 10902
21823 2 2 101 101 10827 10828 10904
21824 2 2 101 101 10827 10904 10903
21825 2 2 101 101 10828 10829 10904
21826 2 2 101 101 10829 10905 10904
21827 2 2 101 101 10829 10830 10906
21828 2 2 101 101 10829 10906 10905
21829 2 2 101 101 10830 10831 10906
21830 2 2 101 101 10831 10907 10906
21831 2 2 101 101 10831 10832 10908
21832 2 2 101 101 10831 10908 10907
21833 2 2 101 101 10832 10833 10908
21834 2 2 101 101 10833 10909 10908
21835 2 2 101 101 10833 10834 10910
21836 2 2 101 101 10833 10910 10909
21837 2 2 101 101 10834 10835 10910
21838 2 2 101 101 10835 10911 10910
21839 2 2 101 101 10835 10836 10912
21840 2 2 101 101 10835 10912 10911
21841 2 2 101 101 10836 10837 10912
21842 2 2 101 101 10837 10913 10912
21843 2 2 101 101 10837 10838 10914
21844 2 2 101 101 10837 10914 10913
21845 2 2 101 101 10838 10839 10914
21846 2 2 101 101 10839 10915 10914
21847 2 2 101 101 10839 10840 10916
21848 2 2 101 101 10839 10916 10915
21849 2 2 101 101 10840 10841 10916
21850 2 2 101 101 10841 10917 10916
21851 2 2 101 101 10841 10842 10918
21852 2 2 101 101 10841 10918 10917
21853 2 2 101 101 10842 10843 10918
21854 2 2 101 101 10843 10919 10918
21855 2 2 101 101 10843 10844 10920
21856 2 2 101 101 10843 10920 10919
21857 2 2 101 101 10844 10845 10920
21858 2 2 101 101 10845 10921 10920
21859 2 2 101 101 10845 10846 10922
21860 2 2 101 101 10845 10922 10921
21861 2 2 101 101 10846 10847 10922
21862 2 2 101 101 10847 10923 10922
21863 2 2 101 101 10847 10848 10924
21864 2 2 101 101 10847 10924 10923
21865 2 2 101 101 10848 10849 10924
21866 2 2 101 101 10849 10925 10924
21867 2 2 101 101 10849 10850 10926
21868 2 2 101 101 10849 10926 10925
21869 2 2 101 101 10850 10851 10926
21870 2 2 101 101 10851 10927 10926
21871 2 2 101 101 10851 10852 10928
21872 2 2 101 101 10851 10928 10927
21873 2 2 101 101 10852 10853 10928
21874 2 2 101 101 10853 10929 10928
21875 2 2 101 101 10853 10854 10930
21876 2 2 101 101 10853 10930 10929
21877 2 2 101 101 10854 10855 10930
21878 2 2 101 101 10855 10931 10930
21879 2 2 101 101 10855 10856 10932
21880 2 2 101 101 10855 10932 10931
21881 2 2 101 101 10856 10857 10932
21882 2 2 101 101 10857 10933 10932
21883 2 2 101 101 10857 10858 10934
21884 2 2 101 101 10857 10934 10933
21885 2 2 101 101 10858 10859 10934
21886 2 2 101 101 10859 10935 10934
21887 2 2 101 101 10859 10860 10936
21888 2 2 101 101 10859 10936 10935
21889 2 2 101 101 10860 10861 10936
21890 2 2 101 101 10861 10937 10936
21891 2 2 101 101 10861 10862 10938
21892 2 2 101 101 10861 10938 10937
21893 2 2 101 101 10862 10863 10938
21894 2 2 101 101 10863 10939 10938
21895 2 2 101 101 10863 10864 10940
21896 2 2 101 101 10863 10940 10939
21897 2 2 101 101 10864 10865 10940
21898 2 2 101 101 10865 10941 10940
21899 2 2 101 101 10865 10866 10942
21900 2 2 101 101 10865 10942 10941
21901 2 2 101 101 10866 10867 10942
21902 2 2 101 101 10867 10943 10942
21903 2 2 101 101 10867 10868 10944
21904 2 2 101 101 10867 10944 10943
21905 2 2 101 101 10869 10870 10945
21906 2 2 101 101 10870 10946 10945
21907 2 2 101 101 10870 10871 10947
21908 2 2 101 101 10870 10947 10946
21909 2 2 101 101 10871 10872 10947
21910 2 2 101 101 10872 10948 10947
21911 2 2 101 101 10872 10873 10949
21912 2 2 101 101 10872 10949 10948
21913 2 2 101 101 10873 10874 10949
21914 2 2 101 101 10874 10950 10949
21915 2 2 101 101 10874 10875 10951
21916 2 2 101 101 10874 10951 10950
21917 2 2 101 101 10875 10876 10951
21918 2 2 101 101 10876 10952 10951
21919 2 2 101 101 10876 10877 10953
21920 2 2 101 101 10876 10953 10952
21921 2 2 101 101 10877 10878 10953
21922 2 2 101 101 10878 10954 10953
21923 2 2 101 101 10878 10879 10955
21924 2 2 101 101 10878 10955 10954
21925 2 2 101 101 10879 10880 10955
21926 2 2 101 101 10880 10956 10955
21927 2 2 101 101 10880 10881 10957
21928 2 2 101 101 10880 10957 10956
21929 2 2 101 101 10881 10882 10957
21930 2 2 101 101 10882 10958 10957
21931 2 2 101 101 10882 10883 10959
21932 2 2 101 101 10882 10959 10958
21933 2 2 101 101 10883 10884 10959
21934 2 2 101 101 10884 10960 10959
21935 2 2 101 101 10884 10885 10961
21936 2 2 101 101 10884 10961 10960
21937 2 2 101 101 10885 10886 10961
21938 2 2 101 101 10886 10962 10961
21939 2 2 101 101 10886 10887 10963
21940 2 2 101 101 10886 10963 10962
21941 2 2 101 101 10887 10888 10963
21942 2 2 101 101 10888 10964 10963
21943 2 2 101 101 10888 10889 10965
21944 2 2 101 101 10888 10965 10964
21945 2 2 101 101 10889 10890 10965
21946 2 2 101 101 10890 10966 10965
21947 2 2 101 101 10890 10891 10967
21948 2 2 101 101 10890 10967 10966
21949 2 2 101 101 10891 10892 10967
21950 2 2 101 101 10892 10968 10967
21951 2 2 101 101 10892 10893 10969
21952 2 2 101 101 10892 10969 10968
21953 2 2 101 101 10893 10894 10969
21954 2 2 101 101 10894 10970 10969
21955 2 2 101 101 10894 10895 10971
21956 2 2 101 101 10894 10971 10970
21957 2 2 101 101 10895 10896 10971
21958 2 2 101 101 10896 10972 10971
21959 2 2 101 101 10896 10897 10973
21960 2 2 101 101 10896 10973 10972
21961 2 2 101 101 10897 10898 10973
21962 2 2 101 101 10898 10974 10973
21963 2 2 101 101 10898 10899 10975
21964 2 2 101 101 10898 10975 10974
21965 2 2 101 101 10899 10900 10975
21966 2 2 101 101 10900 10976 10975
21967 2 2 101 101 10900 10901 10977
21968 2 2 101 101 10900 10977 10976
21969 2 2 101 101 10901 10902 10977
21970 2 2 101 101 10902 10978 10977
21971 2 2 101 101 10902 10903 10979
21972 2 2 101 101 10902 10979 10978
21973 2 2 101 101 10903 10904 10979
21974 2 2 101 101 10904 10980 10979
21975 2 2 101 101 10904 10905 10981
21976 2 2 101 101 10904 10981 10980
21977 2 2 101 101 10905 10906 10981
21978 2 2 101 101 10906 10982 10981
21979 2 2 101 101 10906 10907 10983
21980 2 2 101 101 10906 10983 10982
21981 2 2 101 101 10907 10908 10983
21982 2 2 101 101 10908 10984 10983
21983 2 2 101 101 10908 10909 10985
21984 2 2 101 101 10908 10985 10984
21985 2 2 101 101 10909 10910 10985
21986 2 2 101 101 10910 10986 10985
21987 2 2 101 101 10910 10911 10987
21988 2 2 101 101 10910 10987 10986
21989 2 2 101 101 10911 10912 10987
21990 2 2 101 101 10912 10988 10987
21991 2 2 101 101 10912 10913 10989
21992 2 2 101 101 10912 10989 10988
21993 2 2 101 101 10913 10914 10989
21994 2 2 101 101 10914 10990 10989
21995 2 2 101 101 10914 10915 10991
21996 2 2 101 101 10914 10991 10990
21997 2 2 101 101 10915 10916 10991
21998 2 2 101 101 10916 10992 10991
21999 2 2 101 101 10916 10917 10993
22000 2 2 101 101 10916 10993 10992
22001 2 2 101 101 10917 10918 10993
22002 2 2 101 101 10918 10994 10993
22003 2 2 101 101 10918 10919 10995
22004 2 2 101 101 10918 10995 10994
22005 2 2 101 101 10919 10920 10995
22006 2 2 101 101 10920 10996 10995
22007 2 2 101 101 10920 10921 10997
22008 2 2 101 101 10920 10997 10996
22009 2 2 101 101 10921 10922 10997
22010 2 2 101 101 10922 10998 10997
22011 2 2 101 101 10922 10923 10999
22012 2 2 101 101 10922 10999 10998
22013 2 2 101 101 10923 10924 10999
22014 2 2 101 101 10924 11000 10999
22015 2 2 101 101 10924 10925 11001
22016 2 2 101 101 10924 11001 11000
22017 2 2 101 101 10925 10926 11001
22018 2 2 101 101 10926 11002 11001
22019 2 2 101 101 10926 10927 11003
22020 2 2 101 101 10926 11003 11002
22021 2 2 101 101 10927 10928 11003
22022 2 2 101 101 10928 11004 11003
22023 2 2 101 101 10928 10929 11005
22024 2 2 101 101 10928 11005 11004
22025 2 2 101 101 10929 10930 11005
22026 2 2 101 101 10930 11006 11005
22027 2 2 101 101 10930 10931 11007
22028 2 2 101 101 10930 11007 11006
22029 2 2 101 101 10931 10932 11007
22030 2 2 101 101 10932 11008 11007
22031 2 2 101 101 10932 10933 11009
22032 2 2 101 101 10932 11009 11008
22033 2 2 101 101 10933 10934 11009
22034 2 2 101 101 10934 11010 11009
22035 2 2 101 101 10934 10935 11011
22036 2 2 101 101 10934 11011 11010
22037 2 2 101 101 10935 10936 11011
22038 2 2 101 101 10936 11012 11011
22039 2 2 101 101 10936 10937 11013
22040 2 2 101 101 10936 11013 11012
22041 2 2 101 101 10937 10938 11013
22042 2 2 101 101 10938 11014 11013
22043 2 2 101 101 10938 10939 11015
22044 2 2 101 101 10938 11015 11014
22045 2 2 101 101 10939 10940 11015
22046 2 2 101 101 10940 11016 11015
22047 2 2 101 101 10940 10941 11017
22048 2 2 101 101 10940 11017 11016
22049 2 2 101 101 10941 10942 11017
22050 2 2 101 101 10942 11018 11017
22051 2 2 101 101 10942 10943 11019
22052 2 2 101 101 10942 11019 11018
22053 2 2 101 101 10943 10944 11019
22054 2 2 101 101 10944 11020 11019
22055 2 2 101 101 10945 10946 11022
22056 2 2 101 101 10945 11022 11021
22057 2 2 101 101 10946 10947 11022
22058 2 2 101 101 10947 11023 11022
22059 2 2 101 101 10947 10948 11024
22060 2 2 101 101 10947 11024 11023
22061 2 2 101 101 10948 10949 11024
22062 2 2 101 101 10949 11025 11024
22063 2 2 101 101 10949 10950 11026
22064 2 2 101 101 10949 11026 11025
22065 2 2 101 101 10950 10951 11026
22066 2 2 101 101 10951 11027 11026
22067 2 2 101 101 10951 10952 11028
22068 2 2 101 101 10951 11028 11027
22069 2 2 101 101 10952 10953 11028
22070 2 2 101 101 10953 11029 11028
22071 2 2 101 101 10953 10954 11030
22072 2 2 101 101 10953 11030 11029
22073 2 2 101 101 10954 10955 11030
22074 2 2 101 101 10955 11031 11030
22075 2 2 101 101 10955 10956 11032
22076 2 2 101 101 10955 11032 11031
22077 2 2 101 101 10956 10957 11032
22078 2 2 101 101 10957 11033 11032
22079 2 2 101 101 10957 10958 11034
22080 2 2 101 101 10957 11034 11033
22081 2 2 101 101 10958 10959 11034
22082 2 2 101 101 10959 11035 11034
22083 2 2 101 101 10959 10960 11036
22084 2 2 101 101 10959 11036 11035
22085 2 2 101 101 10960 10961 11036
22086 2 2 101 101 10961 11037 11036
22087 2 2 101 101 10961 10962 11038
22088 2 2 101 101 10961 11038 11037
22089 2 2 101 101 10962 10963 11038
22090 2 2 101 101 10963 11039 11038
22091 2 2 101 101 10963 10964 11040
22092 2 2 101 101 10963 11040 11039
22093 2 2 101 101 10964 10965 11040
22094 2 2 101 101 10965 11041 11040
22095 2 2 101 101 10965 10966 11042
22096 2 2 101 101 10965 11042 11041
22097 2 2 101 101 10966 10967 11042
22098 2 2 101 101 10967 11043 11042
22099 2 2 101 101 10967 10968 11044
22100 2 2 101 101 10967 11044 11043
22101 2 2 101 101 10968 10969 11044
22102 2 2 101 101 10969 11045 11044
22103 2 2 101 101 10969 10970 11046
22104 2 2 101 101 10969 11046 11045
22105 2 2 101 101 10970 10971 11046
22106 2 2 101 101 10971 11047 11046
22107 2 2 101 101 10971 10972 11048
22108 2 2 101 101 10971 11048 11047
22109 2 2 101 101 10972 10973 11048
22110 2 2 101 101 10973 11049 11048
22111 2 2 101 101 10973 10974 11050
22112 2 2 101 101 10973 11050 11049
22113 2 2 101 101 10974 10975 11050
22114 2 2 101 101 10975 11051 11050
22115 2 2 101 101 10975 10976 11052
22116 2 2 101 101 10975 11052 11051
22117 2 2 101 101 10976 10977 11052
22118 2 2 101 101 10977 11053 11052
22119 2 2 101 101 10977 10978 11054
22120 2 2 101 101 10977 11054 11053
22121 2 2 101 101 10978 10979 11054
22122 2 2 101 101 10979 11055 11054
22123 2 2 101 101 10979 10980 11056
22124 2 2 101 101 10979 11056 11055
22125 2 2 101 101 10980 10981 11056
22126 2 2 101 101 10981 11057 11056
22127 2 2 101 101 10981 10982 11058
22128 2 2 101 101 10981 11058 11057
22129 2 2 101 101 10982 10983 11058
22130 2 2 101 101 10983 11059 11058
22131 2 2 101 101 10983 10984 11060
22132 2 2 101 101 10983 11060 11059
22133 2 2 101 101 10984 10985 11060
22134 2 2 101 101 10985 11061 11060
22135 2 2 101 101 10985 10986 11062
22136 2 2 101 101 10985 11062 11061
22137 2 2 101 101 10986 10987 11062
22138 2 2 101 101 10987 11063 11062
22139 2 2 101 101 10987 10988 11064
22140 2 2 101 101 10987 11064 11063
22141 2 2 101 101 10988 10989 11064
22142 2 2 101 101 10989 11065 11064
22143 2 2 101 101 10989 10990 11066
22144 2 2 101 101 10989 11066 11065
22145 2 2 101 101 10990 10991 11066
22146 2 2 101 101 10991 11067 11066
22147 2 2 101 101 10991 10992 11068
22148 2 2 101 101 10991 11068 11067
22149 2 2 101 101 10992 10993 11068
22150 2 2 101 101 10993 11069 11068
22151 2 2 101 101 10993 10994 11070
22152 2 2 101 101 10993 11070 11069
22153 2 2 101 101 10994 10995 11070
22154 2 2 101 101 10995 11071 11070
22155 2 2 101 101 10995 10996 11072
22156 2 2 101 101 10995 11072 11071
22157 2 2 101 101 10996 10997 11072
22158 2 2 101 101 10997 11073 11072
22159 2 2 101 101 10997 10998 11074
22160 2 2 101 101 10997 11074 11073
22161 2 2 101 101 10998 10999 11074
22162 2 2 101 101 10999 11075 11074
22163 2 2 101 101 10999 11000 11076
22164 2 2 101 101 10999 11076 11075
22165 2 2 101 101 11000 11001 11076
22166 2 2 101 101 11001 11077 11076
22167 2 2 101 101 11001 11002 11078
22168 2 2 101 101 11001 11078 11077
22169 2 2 101 101 11002 11003 11078
22170 2 2 101 101 11003 11079 11078
22171 2 2 101 101 11003 11004 11080
22172 2 2 101 101 11003 11080 11079
22173 2 2 101 101 11004 11005 11080
22174 2 2 101 101 11005 11081 11080
22175 2 2 101 101 11005 11006 11082
22176 2 2 101 101 11005 11082 11081
22177 2 2 101 101 11006 11007 11082
22178 2 2 101 101 11007 11083 11082
22179 2 2 101 101 11007 11008 11084
22180 2 2 101 101 11007 11084 11083
22181 2 2 101 101 11008 11009 11084
22182 2 2 101 101 11009 11085 11084
22183 2 2 101 101 11009 11010 11086
22184 2 2 101 101 11009 11086 11085
22185 2 2 101 101 11010 11011 11086
22186 2 2 101 101 11011 11087 11086
22187 2 2 101 101 11011 11012 11088
22188 2 2 101 101 11011 11088 11087
22189 2 2 101 101 11012 11013 11088
22190 2 2 101 101 11013 11089 11088
22191 2 2 101 101 11013 11014 11090
22192 2 2 101 101 11013 11090 11089
22193 2 2 101 101 11014 11015 11090
22194 2 2 101 101 11015 11091 11090
22195 2 2 101 101 11015 11016 11092
22196 2 2 101 101 11015 11092 11091
22197 2 2 101 101 11016 11017 11092
22198 2 2 101 101 11017 11093 11092
22199 2 2 101 101 11017 11018 11094
22200 2 2 101 101 11017 11094 11093
22201 2 2 101 101 11018 11019 11094
22202 2 2 101 101 11019 11095 11094
22203 2 2 101 101 11019 11020 11096
22204 2 2 101 101 11019 11096 11095
22205 2 2 101 101 11021 11022 11097
22206 2 2 101 101 11022 11098 11097
22207 2 2 101 101 11022 11023 11099
22208 2 2 101 101 11022 11099 11098
22209 2 2 101 101 11023 11024 11099
22210 2 2 101 101 11024 11100 11099
22211 2 2 101 101 11024 11025 11101
22212 2 2 101 101 11024 11101 11100
22213 2 2 101 101 11025 11026 11101
22214 2 2 101 101 11026 11102 11101
22215 2 2 101 101 11026 11027 11103
22216 2 2 101 101 11026 11103 11102
22217 2 2 101 101 11027 11028 11103
22218 2 2 101 101 11028 11104 11103
22219 2 2 101 101 11028 11029 11105
22220 2 2 101 101 11028 11105 11104
22221 2 2 101 101 11029 11030 11105
22222 2 2 101 101 11030 11106 11105
22223 2 2 101 101 11030 11031 11107
22224 2 2 101 101 11030 11107 11106
22225 2 2 101 101 11031 11032 11107
22226 2 2 101 101 11032 11108 11107
22227 2 2 101 101 11032 11033 11109
22228 2 2 101 101 11032 11109 11108
22229 2 2 101 101 11033 11034 11109
22230 2 2 101 101 11034 11110 11109
22231 2 2 101 101 11034 11035 11111
22232 2 2 101 101 11034 11111 11110
22233 2 2 101 101 11035 11036 11111
22234 2 2 101 101 11036 11112 11111
22235 2 2 101 101 11036 11037 11113
22236 2 2 101 101 11036 11113 11112
22237 2 2 101 101 11037 11038 11113
22238 2 2 101 101 11038 11114 11113
22239 2 2 101 101 11038 11039 11115
22240 2 2 101 101 11038 11115 11114
22241 2 2 101 101 11039 11040 11115
22242 2 2 101 101 11040 11116 11115
22243 2 2 101 101 11040 11041 11117
22244 2 2 101 101 11040 11117 11116
22245 2 2 101 101 11041 11042 11117
22246 2 2 101 101 11042 11118 11117
22247 2 2 101 101 11042 11043 11119
22248 2 2 101 101 11042 11119 11118
22249 2 2 101 101 11043 11044 11119
22250 2 2 101 101 11044 11120 11119
22251 2 2 101 101 11044 11045 11121
22252 2 2 101 101 11044 11121 11120
22253 2 2 101 101 11045 11046 11121
22254 2 2 101 101 11046 11122 11121
22255 2 2 101 101 11046 11047 11123
22256 2 2 101 101 11046 11123 11122
22257 2 2 101 101 11047 11048 11123
22258 2 2 101 101 11048 11124 11123
22259 2 2 101 101 11048 11049 11125
22260 2 2 101 101 11048 11125 11124
22261 2 2 101 101 11049 11050 11125
22262 2 2 101 101 11050 11126 11125
22263 2 2 101 101 11050 11051 11127
22264 2 2 101 101 11050 11127 11126
22265 2 2 101 101 11051 11052 11127
22266 2 2 101 101 11052 11128 11127
22267 2 2 101 101 11052 11053 11129
22268 2 2 101 101 11052 11129 11128
22269 2 2 101 101 11053 11054 11129
22270 2 2 101 101 11054 11130 11129
22271 2 2 101 101 11054 11055 11131
22272 2 2 101 101 11054 11131 11130
22273 2 2 101 101 11055 11056 11131
22274 2 2 101 101 11056 11132 11131
22275 2 2 101 101 11056 11057 11133
22276 2 2 101 101 11056 11133 11132
22277 2 2 101 101 11057 11058 11133
22278 2 2 101 101 11058 11134 11133
22279 2 2 101 101 11058 11059 11135
22280 2 2 101 101 11058 11135 11134
22281 2 2 101 101 11059 11060 11135
22282 2 2 101 101 11060 11136 11135
22283 2 2 101 101 11060 11061 11137
22284 2 2 101 101 11060 11137 11136
22285 2 2 101 101 11061 11062 11137
22286 2 2 101 101 11062 11138 11137
22287 2 2 101 101 11062 11063 11139
22288 2 2 101 101 11062 11139 11138
22289 2 2 101 101 11063 11064 11139
22290 2 2 101 101 11064 11140 11139
22291 2 2 101 101 11064 11065 11141
22292 2 2 101 101 11064 11141 11140
22293 2 2 101 101 11065 11066 11141
22294 2 2 101 101 11066 11142 11141
22295 2 2 101 101 11066 11067 11143
22296 2 2 101 101 11066 11143 11142
22297 2 2 101 101 11067 11068 11143
22298 2 2 101 101 11068 11144 11143
22299 2 2 101 101 11068 11069 11145
22300 2 2 101 101 11068 11145 11144
22301 2 2 101 101 11069 11070 11145
22302 2 2 101 101 11070 11146 11145
22303 2 2 101 101 11070 11071 11147
22304 2 2 101 101 11070 11147 11146
22305 2 2 101 101 11071 11072 11147
22306 2 2 101 101 11072 11148 11147
22307 2 2 101 101 11072 11073 11149
22308 2 2 101 101 11072 11149 11148
22309 2 2 101 101 11073 11074 11149
22310 2 2 101 101 11074 11150 11149
22311 2 2 101 101 11074 11075 11151
22312 2 2 101 101 11074 11151 11150
22313 2 2 101 101 11075 11076 11151
22314 2 2 101 101 11076 11152 11151
22315 2 2 101 101 11076 11077 11153
22316 2 2 101 101 11076 11153 11152
22317 2 2 101 101 11077 11078 11153
22318 2 2 101 101 11078 11154 11153
22319 2 2 101 101 11078 11079 11155
22320 2 2 101 101 11078 11155 11154
22321 2 2 101 101 11079 11080 11155
22322 2 2 101 101 11080 11156 11155
22323 2 2 101 101 11080 11081 11157
22324 2 2 101 101 11080 11157 11156
22325 2 2 101 101 11081 11082 11157
22326 2 2 101 101 11082 11158 11157
22327 2 2 101 101 11082 11083 11159
22328 2 2 101 101 11082 11159 11158
22329 2 2 101 101 11083 11084 11159
22330 2 2 101 101 11084 11160 11159
22331 2 2 101 101 11084 11085 11161
22332 2 2 101 101 11084 11161 11160
22333 2 2 101 101 11085 11086 11161
22334 2 2 101 101 11086 11162 11161
22335 2 2 101 101 11086 11087 11163
22336 2 2 101 101 11086 11163 11162
22337 2 2 101 101 11087 11088 11163
22338 2 2 101 101 11088 11164 11163
22339 2 2 101 101 11088 11089 11165
22340 2 2 101 101 11088 11165 11164
22341 2 2 101 101 11089 11090 11165
22342 2 2 101 101 11090 11166 11165
22343 2 2 101 101 11090 11091 11167
22344 2 2 101 101 11090 11167 11166
22345 2 2 101 101 11091 11092 11167
22346 2 2 101 101 11092 11168 11167
22347 2 2 101 101 11092 11093 11169
22348 2 2 101 101 11092 11169 11168
22349 2 2 101 101 11093 11094 11169
22350 2 2 101 101 11094 11170 11169
22351 2 2 101 101 11094 11095 11171
22352 2 2 101 101 11094 11171 11170
22353 2 2 101 101 11095 11096 11171
22354 2 2 101 101 11096 11172 11171
22355 2 2 101 101 11097 11098 11174
22356 2 2 101 101 11097 11174 11173
22357 2 2 101 101 11098 11099 11174
22358 2 2 101 101 11099 11175 11174
22359 2 2 101 101 11099 11100 11176
22360 2 2 101 101 11099 11176 11175
22361 2 2 101 101 11100 11101 11176
22362 2 2 101 101 11101 11177 11176
22363 2 2 101 101 11101 11102 11178
22364 2 2 101 101 11101 11178 11177
22365 2 2 101 101 11102 11103 11178
22366 2 2 101 101 11103 11179 11178
22367 2 2 101 101 11103 11104 11180
22368 2 2 101 101 11103 11180 11179
22369 2 2 101 101 11104 11105 11180
22370 2 2 101 101 11105 11181 11180
22371 2 2 101 101 11105 11106 11182
22372 2 2 101 101 11105 11182 11181
22373 2 2 101 101 11106 11107 11182
22374 2 2 101 101 11107 11183 11182
22375 2 2 101 101 11107 11108 11184
22376 2 2 101 101 11107 11184 11183
22377 2 2 101 101 11108 11109 11184
22378 2 2 101 101 11109 11185 11184
22379 2 2 101 101 11109 11110 11186
22380 2 2 101 101 11109 11186 11185
22381 2 2 101 101 11110 11111 11186
22382 2 2 101 101 11111 11187 11186
22383 2 2 101 101 11111 11112 11188
22384 2 2 101 101 11111 11188 11187
22385 2 2 101 101 11112 11113 11188
22386 2 2 101 101 11113 11189 11188
22387 2 2 101 101 11113 11114 11190
22388 2 2 101 101 11113 11190 11189
22389 2 2 101 101 11114 11115 11190
22390 2 2 101 101 11115 11191 11190
22391 2 2 101 101 11115 11116 11192
22392 2 2 101 101 11115 11192 11191
22393 2 2 101 101 11116 11117 11192
22394 2 2 101 101 11117 11193 11192
22395 2 2 101 101 11117 11118 11194
22396 2 2 101 101 11117 11194 11193
22397 2 2 101 101 11118 11119 11194
22398 2 2 101 101 11119 11195 11194
22399 2 2 101 101 11119 11120 11196
22400 2 2 101 101 11119 11196 11195
22401 2 2 101 101 11120 11121 11196
22402 2 2 101 101 11121 11197 11196
22403 2 2 101 101 11121 11122 11198
22404 2 2 101 101 11121 11198 11197
22405 2 2 101 101 11122 11123 11198
22406 2 2 101 101 11123 11199 11198
22407 2 2 101 101 11123 11124 11200
22408 2 2 101 101 11123 11200 11199
22409 2 2 101 101 11124 11125 11200
22410 2 2 101 101 11125 11201 11200
22411 2 2 101 101 11125 11126 11202
22412 2 2 101 101 11125 11202 11201
22413 2 2 101 101 11126 11127 11202
22414 2 2 101 101 11127 11203 11202
22415 2 2 101 101 11127 11128 11204
22416 2 2 101 101 11127 11204 11203
22417 2 2 101 101 11128 11129 11204
22418 2 2 101 101 11129 11205 11204
22419 2 2 101 101 11129 11130 11206
22420 2 2 101 101 11129 11206 11205
22421 2 2 101 101 11130 11131 11206
22422 2 2 101 101 11131 11207 11206
22423 2 2 101 101 11131 11132 11208
22424 2 2 101 101 11131 11208 11207
22425 2 2 101 101 11132 11133 11208
22426 2 2 101 101 11133 11209 11208
22427 2 2 101 101 11133 11134 11210
22428 2 2 101 101 11133 11210 11209
22429 2 2 101 101 11134 11135 11210
22430 2 2 101 101 11135 11211 11210
22431 2 2 101 101 11135 11136 11212
22432 2 2 101 101 11135 11212 11211
22433 2 2 101 101 11136 11137 11212
22434 2 2 101 101 11137 11213 11212
22435 2 2 101 101 11137 11138 11214
22436 2 2 101 101 11137 11214 11213
22437 2 2 101 101 11138 11139 11214
22438 2 2 101 101 11139 11215 11214
22439 2 2 101 101 11139 11140 11216
22440 2 2 101 101 11139 11216 11215
22441 2 2 101 101 11140 11141 11216
22442 2 2 101 101 11141 11217 11216
22443 2 2 101 101 11141 11142 11218
22444 2 2 101 101 11141 11218 11217
22445 2 2 101 101 11142 11143 11218
22446 2 2 101 101 11143 11219 11218
22447 2 2 101 101 11143 11144 11220
22448 2 2 101 101 11143 11220 11219
22449 2 2 101 101 11144 11145 11220
22450 2 2 101 101 11145 11221 11220
22451 2 2 101 101 11145 11146 11222
22452 2 2 101 101 11145 11222 11221
22453 2 2 101 101 11146 11147 11222
22454 2 2 101 101 11147 11223 11222
22455 2 2 101 101 11147 11148 11224
22456 2 2 101 101 11147 11224 11223
22457 2 2 101 101 11148 11149 11224
22458 2 2 101 101 11149 11225 11224
22459 2 2 101 101 11149 11150 11226
22460 2 2 101 101 11149 11226 11225
22461 2 2 101 101 11150 11151 11226
22462 2 2 101 101 11151 11227 11226
22463 2 2 101 101 11151 11152 11228
22464 2 2 101 101 11151 11228 11227
22465 2 2 101 101 11152 11153 11228
22466 2 2 101 101 11153 11229 11228
22467 2 2 101 101 11153 11154 11230
22468 2 2 101 101 11153 11230 11229
22469 2 2 101 101 11154 11155 11230
22470 2 2 101 101 11155 11231 11230
22471 2 2 101 101 11155 11156 11232
22472 2 2 101 101 11155 11232 11231
22473 2 2 101 101 11156 11157 11232
22474 2 2 101 101 11157 11233 11232
22475 2 2 101 101 11157 11158 11234
22476 2 2 101 101 11157 11234 11233
22477 2 2 101 101 11158 11159 11234
22478 2 2 101 101 11159 11235 11234
22479 2 2 101 101 11159 11160 11236
22480 2 2 101 101 11159 11236 11235
22481 2 2 101 101 11160 11161 11236
22482 2 2 101 101 11161 11237 11236
22483 2 2 101 101 11161 11162 11238
22484 2 2 101 101 11161 11238 11237
22485 2 2 101 101 11162 11163 11238
22486 2 2 101 101 11163 11239 11238
22487 2 2 101 101 11163 11164 11240
22488 2 2 101 101 11163 11240 11239
22489 2 2 101 101 11164 11165 11240
22490 2 2 101 101 11165 11241 11240
22491 2 2 101 101 11165 11166 11242
22492 2 2 101 101 11165 11242 11241
22493 2 2 101 101 11166 11167 11242
22494 2 2 101 101 11167 11243 11242
22495 2 2 101 101 11167 11168 11244
22496 2 2 101 101 11167 11244 11243
22497 2 2 101 101 11168 11169 11244
22498 2 2 101 101 11169 11245 11244
22499 2 2 101 101 11169 11170 11246
22500 2 2 101 101 11169 11246 11245
22501 2 2 101 101 11170 11171 11246
22502 2 2 101 101 11171 11247 11246
22503 2 2 101 101 11171 11172 11248
22504 2 2 101 101 11171 11248 11247
22505 2 2 101 101 11173 11174 11249
22506 2 2 101 101 11174 11250 11249
22507 2 2 101 101 11174 11175 11251
22508 2 2 101 101 11174 11251 11250
22509 2 2 101 101 11175 11176 11251
22510 2 2 101 101 11176 11252 11251
22511 2 2 101 101 11176 11177 11253
22512 2 2 101 101 11176 11253 11252
22513 2 2 101 101 11177 11178 11253
22514 2 2 101 101 11178 11254 11253
22515 2 2 101 101 11178 11179 11255
22516 2 2 101 101 11178 11255 11254
22517 2 2 101 101 11179 11180 11255
22518 2 2 101 101 11180 11256 11255
22519 2 2 101 101 11180 11181 11257
22520 2 2 101 101 11180 11257 11256
22521 2 2 101 101 11181 11182 11257
22522 2 2 101 101 11182 11258 11257
22523 2 2 101 101 11182 11183 11259
22524 2 2 101 101 11182 11259 11258
22525 2 2 101 101 11183 11184 11259
22526 2 2 101 101 11184 11260 11259
22527 2 2 101 101 11184 11185 11261
22528 2 2 101 101 11184 11261 11260
22529 2 2 101 101 11185 11186 11261
22530 2 2 101 101 11186 11262 11261
22531 2 2 101 101 11186 11187 11263
22532 2 2 101 101 11186 11263 11262
22533 2 2 101 101 11187 11188 11263
22534 2 2 101 101 11188 11264 11263
22535 2 2 101 101 11188 11189 11265
22536 2 2 101 101 11188 11265 11264
22537 2 2 101 101 11189 11190 11265
22538 2 2 101 101 11190 11266 11265
22539 2 2 101 101 11190 11191 11267
22540 2 2 101 101 11190 11267 11266
22541 2 2 101 101 11191 11192 11267
22542 2 2 101 101 11192 11268 11267
22543 2 2 101 101 11192 11193 11269
22544 2 2 101 101 11192 11269 11268
22545 2 2 101 101 11193 11194 11269
22546 2 2 101 101 11194 11270 11269
22547 2 2 101 101 11194 11195 11271
22548 2 2 101 101 11194 11271 11270
22549 2 2 101 101 11195 11196 11271
22550 2 2 101 101 11196 11272 11271
22551 2 2 101 101 11196 11197 11273
22552 2 2 101 101 11196 11273 11272
22553 2 2 101 101 11197 11198 11273
22554 2 2 101 101 11198 11274 11273
22555 2 2 101 101 11198 11199 11275
22556 2 2 101 101 11198 11275 11274
22557 2 2 101 101 11199 11200 11275
22558 2 2 101 101 11200 11276 11275
22559 2 2 101 101 11200 11201 11277
22560 2 2 101 101 11200 11277 11276
22561 2 2 101 101 11201 11202 11277
22562 2 2 101 101 11202 11278 11277
22563 2 2 101 101 11202 11203 11279
22564 2 2 101 101 11202 11279 11278
22565 2 2 101 101 11203 11204 11279
22566 2 2 101 101 11204 11280 11279
22567 2 2 101 101 11204 11205 11281
22568 2 2 101 101 11204 11281 11280
22569 2 2 101 101 11205 11206 11281
22570 2 2 101 101 11206 11282 11281
22571 2 2 101 101 11206 11207 11283
22572 2 2 101 101 11206 11283 11282
22573 2 2 101 101 11207 11208 11283
22574 2 2 101 101 11208 11284 11283
22575 2 2 101 101 11208 11209 11285
22576 2 2 101 101 11208 11285 11284
22577 2 2 101 101 11209 11210 11285
22578 2 2 101 101 11210 11286 11285
22579 2 2 101 101 11210 11211 11287
22580 2 2 101 101 11210 11287 11286
22581 2 2 101 101 11211 11212 11287
22582 2 2 101 101 11212 11288 11287
22583 2 2 101 101 11212 11213 11289
22584 2 2 101 101 11212 11289 11288
22585 2 2 101 101 11213 11214 11289
22586 2 2 101 101 11214 11290 11289
22587 2 2 101 101 11214 11215 11291
22588 2 2 101 101 11214 11291 11290
22589 2 2 101 101 11215 11216 11291
22590 2 2 101 101 11216 11292 11291
22591 2 2 101 101 11216 11217 11293
22592 2 2 101 101 11216 11293 11292
22593 2 2 101 101 11217 11218 11293
22594 2 2 101 101 11218 11294 11293
22595 2 2 101 101 11218 11219 11295
22596 2 2 101 101 11218 11295 11294
22597 2 2 101 101 11219 11220 11295
22598 2 2 101 101 11220 11296 11295
22599 2 2 101 101 11220 11221 11297
22600 2 2 101 101 11220 11297 11296
22601 2 2 101 101 11221 11222 11297
22602 2 2 101 101 11222 11298 11297
22603 2 2 101 101 11222 11223 11299
22604 2 2 101 101 11222 11299 11298
22605 2 2 101 101 11223 11224 11299
22606 2 2 101 101 11224 11300 11299
22607 2 2 101 101 11224 11225 11301
22608 2 2 101 101 11224 11301 11300
22609 2 2 101 101 11225 11226 11301
22610 2 2 101 101 11226 11302 11301
22611 2 2 101 101 11226 11227 11303
22612 2 2 101 101 11226 11303 11302
22613 2 2 101 101 11227 11228 11303
22614 2 2 101 101 11228 11304 11303
22615 2 2 101 101 11228 11229 11305
22616 2 2 101 101 11228 11305 11304
22617 2 2 101 101 11229 11230 11305
22618 2 2 101 101 11230 11306 11305
22619 2 2 101 101 11230 11231 11307
22620 2 2 101 101 11230 11307 11306
22621 2 2 101 101 11231 11232 11307
22622 2 2 101 101 11232 11308 11307
22623 2 2 101 101 11232 11233 11309
22624 2 2 101 101 11232 11309 11308
22625 2 2 101 101 11233 11234 11309
22626 2 2 101 101 11234 11310 11309
22627 2 2 101 101 11234 11235 11311
22628 2 2 101 101 11234 11311 11310
22629 2 2 101 101 11235 11236 11311
22630 2 2 101 101 11236 11312 11311
22631 2 2 101 101 11236 11237 11313
22632 2 2 101 101 11236 11313 11312
22633 2 2 101 101 11237 11238 11313
22634 2 2 101 101 11238 11314 11313
22635 2 2 101 101 11238 11239 11315
22636 2 2 101 101 11238 11315 11314
22637 2 2 101 101 11239 11240 11315
22638 2 2 101 101 11240 11316 11315
22639 2 2 101 101 11240 11241 11317
22640 2 2 101 101 11240 11317 11316
22641 2 2 101 101 11241 11242 11317
22642 2 2 101 101 11242 11318 11317
22643 2 2 101 101 11242 11243 11319
22644 2 2 101 101 11242 11319 11318
22645 2 2 101 101 11243 11244 11319
22646 2 2 101 101 11244 11320 11319
22647 2 2 101 101 11244 11245 11321
22648 2 2 101 101 11244 11321 11320
22649 2 2 101 101 11245 11246 11321
22650 2 2 101 101 11246 11322 11321
22651 2 2 101 101 11246 11247 11323
22652 2 2 101 101 11246 11323 11322
22653 2 2 101 101 11247 11248 11323
22654 2 2 101 101 11248 11324 11323
22655 2 2 101 101 11279 11280 11326
22656 2 2 101 101 11279 11326 11325
22657 2 2 101 101 11280 11281 11326
22658 2 2 101 101 11281 11327 11326
22659 2 2 101 101 11281 11282 11328
22660 2 2 101 101 11281 11328 11327
22661 2 2 101 101 11282 11283 11328
22662 2 2 101 101 11283 11329 11328
22663 2 2 101 101 11283 11284 11330
22664 2 2 101 101 11283 11330 11329
22665 2 2 101 101 11284 11285 11330
22666 2 2 101 101 11285 11331 11330
22667 2 2 101 101 11285 11286 11332
22668 2 2 101 101 11285 11332 11331
22669 2 2 101 101 11286 11287 11332
22670 2 2 101 101 11287 11333 11332
22671 2 2 101 101 11287 11288 11334
22672 2 2 101 101 11287 11334 11333
22673 2 2 101 101 11288 11289 11334
22674 2 2 101 101 11289 11335 11334
22675 2 2 101 101 11289 11290 11336
22676 2 2 101 101 11289 11336 11335
22677 2 2 101 101 11290 11291 11336
22678 2 2 101 101 11291 11337 11336
22679 2 2 101 101 11291 11292 11338
22680 2 2 101 101 11291 11338 11337
22681 2 2 101 101 11292 11293 11338
22682 2 2 101 101 11293 11339 11338
22683 2 2 101 101 11293 11294 11340
22684 2 2 101 101 11293 11340 11339
22685 2 2 101 101 11294 11295 11340
22686 2 2 101 101 11295 11341 11340
22687 2 2 101 101 11295 11296 11342
22688 2 2 101 101 11295 11342 11341
22689 2 2 101 101 11296 11297 11342
22690 2 2 101 101 11297 11343 11342
22691 2 2 101 101 11297 11298 11344
22692 2 2 101 101 11297 11344 11343
22693 2 2 101 101 11298 11299 11344
22694 2 2 101 101 11299 11345 11344
22695 2 2 101 101 11299 11300 11346
22696 2 2 101 101 11299 11346 11345
22697 2 2 101 101 11300 11301 11346
22698 2 2 101 101 11301 11347 11346
22699 2 2 101 101 11301 11302 11348
22700 2 2 101 101 11301 11348 11347
22701 2 2 101 101 11302 11303 11348
22702 2 2 101 101 11303 11349 11348
22703 2 2 101 101 11303 11304 11350
22704 2 2 101 101 11303 11350 11349
22705 2 2 101 101 11304 11305 11350
22706 2 2 101 101 11305 11351 11350
22707 2 2 101 101 11305 11306 11352
22708 2 2 101 101 11305 11352 11351
22709 2 2 101 101 11306 11307 11352
22710 2 2 101 101 11307 11353 11352
22711 2 2 101 101 11307 11308 11354
22712 2 2 101 101 11307 11354 11353
22713 2 2 101 101 11308 11309 11354
22714 2 2 101 101 11309 11355 11354
22715 2 2 101 101 11309 11310 11356
22716 2 2 101 101 11309 11356 11355
22717 2 2 101 101 11310 11311 11356
22718 2 2 101 101 11311 11357 11356
22719 2 2 101 101 11311 11312 11358
22720 2 2 101 101 11311 11358 11357
22721 2 2 101 101 11312 11313 11358
22722 2 2 101 101 11313 11359 11358
22723 2 2 101 101 11313 11314 11360
22724 2 2 101 101 11313 11360 11359
22725 2 2 101 101 11314 11315 11360
22726 2 2 101 101 11315 11361 11360
22727 2 2 101 101 11315 11316 11362
22728 2 2 101 101 11315 11362 11361
22729 2 2 101 101 11316 11317 11362
22730 2 2 101 101 11317 11363 11362
22731 2 2 101 101 11317 11318 11364
22732 2 2 101 101 11317 11364 11363
22733 2 2 101 101 11318 11319 11364
22734 2 2 101 101 11319 11365 11364
22735 2 2 101 101 11319 11320 11366
22736 2 2 101 101 11319 11366 11365
22737 2 2 101 101 11320 11321 11366
22738 2 2 101 101 11321 11367 11366
22739 2 2 101 101 11321 11322 11368
22740 2 2 101 101 11321 11368 11367
22741 2 2 101 101 11322 11323 11368
22742 2 2 101 101 11323 11369 11368
22743 2 2 101 101 11323 11324 11370
22744 2 2 101 101 11323 11370 11369
22745 2 2 101 101 11325 11326 11371
22746 2 2 101 101 11326 11372 11371
22747 2 2 101 101 11326 11327 11373
22748 2 2 101 101 11326 11373 11372
22749 2 2 101 101 11327 11328 11373
22750 2 2 101 101 11328 11374 11373
22751 2 2 101 101 11328 11329 11375
22752 2 2 101 101 11328 11375 11374
22753 2 2 101 101 11329 11330 11375
22754 2 2 101 101 11330 11376 11375
22755 2 2 101 101 11330 11331 11377
22756 2 2 101 101 11330 11377 11376
22757 2 2 101 101 11331 11332 11377
22758 2 2 101 101 11332 11378 11377
22759 2 2 101 101 11332 11333 11379
22760 2 2 101 101 11332 11379 11378
22761 2 2 101 101 11333 11334 11379
22762 2 2 101 101 11334 11380 11379
22763 2 2 101 101 11334 11335 11381
22764 2 2 101 101 11334 11381 11380
22765 2 2 101 101 11335 11336 11381
22766 2 2 101 101 11336 11382 11381
22767 2 2 101 101 11336 11337 11383
22768 2 2 101 101 11336 11383 11382
22769 2 2 101 101 11337 11338 11383
22770 2 2 101 101 11338 11384 11383
22771 2 2 101 101 11338 11339 11385
22772 2 2 101 101 11338 11385 11384
22773 2 2 101 101 11339 11340 11385
22774 2 2 101 101 11340 11386 11385
22775 2 2 101 101 11340 11341 11387
22776 2 2 101 101 11340 11387 11386
22777 2 2 101 101 11341 11342 11387
22778 2 2 101 101 11342 11388 11387
22779 2 2 101 101 11342 11343 11389
22780 2 2 101 101 11342 11389 11388
22781 2 2 101 101 11343 11344 11389
22782 2 2 101 101 11344 11390 11389
22783 2 2 101 101 11344 11345 11391
22784 2 2 101 101 11344 11391 11390
22785 2 2 101 101 11345 11346 11391
22786 2 2 101 101 11346 11392 11391
22787 2 2 101 101 11346 11347 11393
22788 2 2 101 101 11346 11393 11392
22789 2 2 101 101 11347 11348 11393
22790 2 2 101 101 11348 11394 11393
22791 2 2 101 101 11348 11349 11395
22792 2 2 101 101 11348 11395 11394
22793 2 2 101 101 11349 11350 11395
22794 2 2 101 101 11350 11396 11395
22795 2 2 101 101 11350 11351 11397
22796 2 2 101 101 11350 11397 11396
22797 2 2 101 101 11351 11352 11397
22798 2 2 101 101 11352 11398 11397
22799 2 2 101 101 11352 11353 11399
22800 2 2 101 101 11352 11399 11398
22801 2 2 101 101 11353 11354 11399
22802 2 2 101 101 11354 11400 11399
22803 2 2 101 101 11354 11355 11401
22804 2 2 101 101 11354 11401 11400
22805 2 2 101 101 11355 11356 11401
22806 2 2 101 101 11356 11402 11401
22807 2 2 101 101 11356 11357 11403
22808 2 2 101 101 11356 11403 11402
22809 2 2 101 101 11357 11358 11403
22810 2 2 101 101 11358 11404 11403
22811 2 2 101 101 11358 11359 11405
22812 2 2 101 101 11358 11405 11404
22813 2 2 101 101 11359 11360 11405
22814 2 2 101 101 11360 11406 11405
22815 2 2 101 101 11360 11361 11407
22816 2 2 101 101 11360 11407 11406
22817 2 2 101 101 11361 11362 11407
22818 2 2 101 101 11362 11408 11407
22819 2 2 101 101 11362 11363 11409
22820 2 2 101 101 11362 11409 11408
22821 2 2 101 101 11363 11364 11409
22822 2 2 101 101 11364 11410 11409
22823 2 2 101 101 11364 11365 11411
22824 2 2 101 101 11364 11411 11410
22825 2 2 101 101 11365 11366 11411
22826 2 2 101 101 11366 11412 11411
22827 2 2 101 101 11366 11367 11413
22828 2 2 101 101 11366 11413 11412
22829 2 2 101 101 11367 11368 11413
22830 2 2 101 101 11368 11414 11413
22831 2 2 101 101 11368 11369 11415
22832 2 2 101 101 11368 11415 11414
22833 2 2 101 101 11369 11370 11415
22834 2 2 101 101 11370 11416 11415
22835 2 2 101 101 11371 11372 11418
22836 2 2 101 101 11371 11418 11417
22837 2 2 101 101 11372 11373 11418
22838 2 2 101 101 11373 11419 11418
22839 2 2 101 101 11373 11374 11420
22840 2 2 101 101 11373 11420 11419
22841 2 2 101 101 11374 11375 11420
22842 2 2 101 101 11375 11421 11420
22843 2 2 101 101 11375 11376 11422
22844 2 2 101 101 11375 11422 11421
22845 2 2 101 101 11376 11377 11422
22846 2 2 101 101 11377 11423 11422
22847 2 2 101 101 11377 11378 11424
22848 2 2 101 101 11377 11424 11423
22849 2 2 101 101 11378 11379 11424
22850 2 2 101 101 11379 11425 11424
22851 2 2 101 101 11379 11380 11426
22852 2 2 101 101 11379 11426 11425
22853 2 2 101 101 11380 11381 11426
22854 2 2 101 101 11381 11427 11426
22855 2 2 101 101 11381 11382 11428
22856 2 2 101 101 11381 11428 11427
22857 2 2 101 101 11382 11383 11428
22858 2 2 101 101 11383 11429 11428
22859 2 2 101 101 11383 11384 11430
22860 2 2 101 101 11383 11430 11429
22861 2 2 101 101 11384 11385 11430
22862 2 2 101 101 11385 11431 11430
22863 2 2 101 101 11385 11386 11432
22864 2 2 101 101 11385 11432 11431
22865 2 2 101 101 11386 11387 11432
22866 2 2 101 101 11387 11433 11432
22867 2 2 101 101 11387 11388 11434
22868 2 2 101 101 11387 11434 11433
22869 2 2 101 101 11388 11389 11434
22870 2 2 101 101 11389 11435 11434
22871 2 2 101 101 11389 11390 11436
22872 2 2 101 101 11389 11436 11435
22873 2 2 101 101 11390 11391 11436
22874 2 2 101 101 11391 11437 11436
22875 2 2 101 101 11391 11392 11438
22876 2 2 101 101 11391 11438 11437
22877 2 2 101 101 11392 11393 11438
22878 2 2 101 101 11393 11439 11438
22879 2 2 101 101 11393 11394 11440
22880 2 2 101 101 11393 11440 11439
22881 2 2 101 101 11394 11395 11440
22882 2 2 101 101 11395 11441 11440
22883 2 2 101 101 11395 11396 11442
22884 2 2 101 101 11395 11442 11441
22885 2 2 101 101 11396 11397 11442
22886 2 2 101 101 11397 11443 11442
22887 2 2 101 101 11397 11398 11444
22888 2 2 101 101 11397 11444 11443
22889 2 2 101 101 11398 11399 11444
22890 2 2 101 101 11399 11445 11444
22891 2 2 101 101 11399 11400 11446
22892 2 2 101 101 11399 11446 11445
22893 2 2 101 101 11400 11401 11446
22894 2 2 101 101 11401 11447 11446
22895 2 2 101 101 11401 11402 11448
22896 2 2 101 101 11401 11448 11447
22897 2 2 101 101 11402 11403 11448
22898 2 2 101 101 11403 11449 11448
22899 2 2 101 101 11403 11404 11450
22900 2 2 101 101 11403 11450 11449
22901 2 2 101 101 11404 11405 11450
22902 2 2 101 101 11405 11451 11450
22903 2 2 101 101 11405 11406 11452
22904 2 2 101 101 11405 11452 11451
22905 2 2 101 101 11406 11407 11452
22906 2 2 101 101 11407 11453 11452
22907 2 2 101 101 11407 11408 11454
22908 2 2 101 101 11407 11454 11453
22909 2 2 101 101 11408 11409 11454
22910 2 2 101 101 11409 11455 11454
22911 2 2 101 101 11409 11410 11456
22912 2 2 101 101 11409 11456 11455
22913 2 2 101 101 11410 11411 11456
22914 2 2 101 101 11411 11457 11456
22915 2 2 101 101 11411 11412 11458
22916 2 2 101 101 11411 11458 11457
22917 2 2 101 101 11412 11413 11458
22918 2 2 101 101 11413 11459 11458
22919 2 2 101 101 11413 11414 11460
22920 2 2 101 101 11413 11460 11459
22921 2 2 101 101 11414 11415 11460
22922 2 2 101 101 11415 11461 11460
22923 2 2 101 101 11415 11416 11462
22924 2 2 101 101 11415 11462 11461
22925 2 2 101 101 11417 11418 11463
22926 2 2 101 101 11418 11464 11463
22927 2 2 101 101 11418 11419 11465
22928 2 2 101 101 11418 11465 11464
22929 2 2 101 101 11419 11420 11465
22930 2 2 101 101 11420 11466 11465
22931 2 2 101 101 11420 11421 11467
22932 2 2 101 101 11420 11467 11466
22933 2 2 101 101 11421 11422 11467
22934 2 2 101 101 11422 11468 11467
22935 2 2 101 101 11422 11423 11469
22936 2 2 101 101 11422 11469 11468
22937 2 2 101 101 11423 11424 11469
22938 2 2 101 101 11424 11470 11469
22939 2 2 101 101 11424 11425 11471
22940 2 2 101 101 11424 11471 11470
22941 2 2 101 101 11425 11426 11471
22942 2 2 101 101 11426 11472 11471
22943 2 2 101 101 11426 11427 11473
22944 2 2 101 101 11426 11473 11472
22945 2 2 101 101 11427 11428 11473
22946 2 2 101 101 11428 11474 11473
22947 2 2 101 101 11428 11429 11475
22948 2 2 101 101 11428 11475 11474
22949 2 2 101 101 11429 11430 11475
22950 2 2 101 101 11430 11476 11475
22951 2 2 101 101 11430 11431 11477
22952 2 2 101 101 11430 11477 11476
22953 2 2 101 101 11431 11432 11477
22954 2 2 101 101 11432 11478 11477
22955 2 2 101 101 11432 11433 11479
22956 2 2 101 101 11432 11479 11478
22957 2 2 101 101 11433 11434 11479
22958 2 2 101 101 11434 11480 11479
22959 2 2 101 101 11434 11435 11481
22960 2 2 101 101 11434 11481 11480
22961 2 2 101 101 11435 11436 11481
22962 2 2 101 101 11436 11482 11481
22963 2 2 101 101 11436 11437 11483
22964 2 2 101 101 11436 11483 11482
22965 2 2 101 101 11437 11438 11483
22966 2 2 101 101 11438 11484 11483
22967 2 2 101 101 11438 11439 11485
22968 2 2 101 101 11438 11485 11484
22969 2 2 101 101 11439 11440 11485
22970 2 2 101 101 11440 11486 11485
22971 2 2 101 101 11440 11441 11487
22972 2 2 101 101 11440 11487 11486
22973 2 2 101 101 11441 11442 11487
22974 2 2 101 101 11442 11488 11487
22975 2 2 101 101 11442 11443 11489
22976 2 2 101 101 11442 11489 11488
22977 2 2 101 101 11443 11444 11489
22978 2 2 101 101 11444 11490 11489
22979 2 2 101 101 11444 11445 11491
22980 2 2 101 101 11444 11491 11490
22981 2 2 101 101 11445 11446 11491
22982 2 2 101 101 11446 11492 11491
22983 2 2 101 101 11446 11447 11493
22984 2 2 101 101 11446 11493 11492
22985 2 2 101 101 11447 11448 11493
22986 2 2 101 101 11448 11494 11493
22987 2 2 101 101 11448 11449 11495
22988 2 2 101 101 11448 11495 11494
22989 2 2 101 101 11449 11450 11495
22990 2 2 101 101 11450 11496 11495
22991 2 2 101 101 11450 11451 11497
22992 2 2 101 101 11450 11497 11496
22993 2 2 101 101 11451 11452 11497
22994 2 2 101 101 11452 11498 11497
22995 2 2 101 101 11452 11453 11499
22996 2 2 101 101 11452 11499 11498
22997 2 2 101 101 11453 11454 11499
22998 2 2 101 101 11454 11500 11499
22999 2 2 101 101 11454 11455 11501
23000 2 2 101 101 11454 11501 11500
23001 2 2 101 101 11455 11456 11501
23002 2 2 101 101 11456 11502 11501
23003 2 2 101 101 11456 11457 11503
23004 2 2 101 101 11456 11503 11502
23005 2 2 101 101 11457 11458 11503
23006 2 2 101 101 11458 11504 11503
23007 2 2 101 101 11458 11459 11505
23008 2 2 101 101 11458 11505 11504
23009 2 2 101 101 11459 11460 11505
23010 2 2 101 101 11460 11506 11505
23011 2 2 101 101 11460 11461 11507
23012 2 2 101 101 11460 11507 11506
23013 2 2 101 101 11461 11462 11507
23014 2 2 101 101 11462 11508 11507
$EndElements
