elevation_m,O2_0h_g_cm3,O2_241.22028h_g_cm3,O2_481.21944h_g_cm3,O2_721.21944h_g_cm3,O2_961.21944h_g_cm3,O2_1201.2194h_g_cm3,O2_1441.2194h_g_cm3,O2_1681.2194h_g_cm3,O2_1921.2194h_g_cm3,O2_2161.2194h_g_cm3,O2_2401.2194h_g_cm3,O2_2641.2194h_g_cm3,O2_2881.2222h_g_cm3,O2_3121.2222h_g_cm3,O2_3361.2222h_g_cm3,O2_3601.2222h_g_cm3,O2_3841.2222h_g_cm3,O2_4081.2222h_g_cm3,O2_4321.2222h_g_cm3,O2_4561.2222h_g_cm3,O2_4801.2222h_g_cm3,O2_5041.2222h_g_cm3,O2_5281.2222h_g_cm3,O2_5521.2222h_g_cm3,O2_5760h_g_cm3
0.000000000000000000e+00,6.978820692893350497e-06,4.465013716981047764e-06,2.643295829329872504e-06,1.533675458631478250e-06,7.160475661294185556e-07,2.716031985983136110e-07,1.084604761558694008e-07,4.399798925192044408e-08,1.808704652717096906e-08,7.533518697755425819e-09,3.176398699622495769e-09,1.353888112731738147e-09,5.825455118291245071e-10,2.527270337449039062e-10,1.104401847751290688e-10,4.858093788362438659e-11,2.150756482632854016e-11,9.591726718438664534e-12,4.325403316768339224e-12,2.048486163683249650e-12,1.137531908945721426e-12,7.458750414177095500e-13,5.767050248808858193e-13,5.245400468145700046e-13,5.413070707817324578e-13
5.000000000000000278e-02,6.978820692893350497e-06,4.465013716981047764e-06,2.643295829329872504e-06,1.533675458631478250e-06,7.160475661294185556e-07,2.716031985983136110e-07,1.084604761558694008e-07,4.399798925192044408e-08,1.808704652717096906e-08,7.533518697755425819e-09,3.176398699622495769e-09,1.353888112731738147e-09,5.825455118291245071e-10,2.527270337449039062e-10,1.104401847751290688e-10,4.858093788362438659e-11,2.150756482632854016e-11,9.591726718438664534e-12,4.325403316768339224e-12,2.048486163683249650e-12,1.137531908945721426e-12,7.458750414177095500e-13,5.767050248808858193e-13,5.245400468145700046e-13,5.413070707817324578e-13
1.000000000000000056e-01,6.978820692893350497e-06,4.464947007847106815e-06,2.643205538675427384e-06,1.533516126913527852e-06,7.157087450365254849e-07,2.715640083094163296e-07,1.084477241573565374e-07,4.399254829729090627e-08,1.808461043478825959e-08,7.532432649969143505e-09,3.175921435992164900e-09,1.353681187054715844e-09,5.824565992685821123e-10,2.526888770614528761e-10,1.104239134797544756e-10,4.857408015081530750e-11,2.150474125892530327e-11,9.590626738155381939e-12,4.325067760338602291e-12,2.048494353252785548e-12,1.137698935192533517e-12,7.461489887023228001e-13,5.770639253119036473e-13,5.249730987893436313e-13,5.418024167796044420e-13
1.500000000000000222e-01,6.978820692893350497e-06,4.464835180200470823e-06,2.642989269095916184e-06,1.533328617185827956e-06,7.153905210350675739e-07,2.715317062733447233e-07,1.084375323420639765e-07,4.398819085707303812e-08,1.808272721000768724e-08,7.531660407021767627e-09,3.175606942672448892e-09,1.353547007098779665e-09,5.823996079303798330e-10,2.526646233241478575e-10,1.104132740166091401e-10,4.856949783642077624e-11,2.150272382635631253e-11,9.589805564889643780e-12,4.324785018661801812e-12,2.048476863984043584e-12,1.137827123533429944e-12,7.463960696717418189e-13,5.774214708904918148e-13,5.254361435665466742e-13,5.423764897090300011e-13
2.000000000000000111e-01,6.978820692893350497e-06,4.464650672253036272e-06,2.642601262690378053e-06,1.532997421167861010e-06,7.148258829045169376e-07,2.714754918324107184e-07,1.084195805177846489e-07,4.398045715212721412e-08,1.807943440412833482e-08,7.530288468657163334e-09,3.175040008187141531e-09,1.353308915974064706e-09,5.822986653981300873e-10,2.526212201224097630e-10,1.103943921219645712e-10,4.856127534102038515e-11,2.149920172636838988e-11,9.588351585339045318e-12,4.324291316468671513e-12,2.048457390402775127e-12,1.138066784097818843e-12,7.468505147845238002e-13,5.780776261472053398e-13,5.262836759875791891e-13,5.434277404402466516e-13
2.500000000000000000e-01,6.978820692893348803e-06,4.464466164305600873e-06,2.642213256284839074e-06,1.532666225149893852e-06,7.142612447739663012e-07,2.714192773914767665e-07,1.084016286935053080e-07,4.397272344718139673e-08,1.807614159824898570e-08,7.528916530292559040e-09,3.174473073701833342e-09,1.353070824849349955e-09,5.821977228658802382e-10,2.525778169206716168e-10,1.103755102273200023e-10,4.855305284562000053e-11,2.149567962638047370e-11,9.586897605788443624e-12,4.323797614275542023e-12,2.048437916821506671e-12,1.138306444662208146e-12,7.473049598973057815e-13,5.787337814039188649e-13,5.271312084086118050e-13,5.444789911714631001e-13
3.000000000000000444e-01,6.978820692893349650e-06,4.464281656358165475e-06,2.641825249879301366e-06,1.532335029131927118e-06,7.136966066434155590e-07,2.713630629505428675e-07,1.083836768692259935e-07,4.396498974223557934e-08,1.807284879236963990e-08,7.527544591927954746e-09,3.173906139216526394e-09,1.352832733724634789e-09,5.820967803336303890e-10,2.525344137189335223e-10,1.103566283326754464e-10,4.854483035021961590e-11,2.149215752639255105e-11,9.585443626237843546e-12,4.323303912082413340e-12,2.048418443240238618e-12,1.138546105226597449e-12,7.477594050100876618e-13,5.793899366606323900e-13,5.279787408296444209e-13,5.455302419026798515e-13
3.500000000000000333e-01,6.978820692893351344e-06,4.464097148410730076e-06,2.641437243473763234e-06,1.532003833113960171e-06,7.131319685128648168e-07,2.713068485096089156e-07,1.083657250449466659e-07,4.395725603728977518e-08,1.806955598649029078e-08,7.526172653563352106e-09,3.173339204731218619e-09,1.352594642599920038e-09,5.819958378013806433e-10,2.524910105171954278e-10,1.103377464380309034e-10,4.853660785481923128e-11,2.148863542640463163e-11,9.583989646687243468e-12,4.322810209889283041e-12,2.048398969658970566e-12,1.138785765790986550e-12,7.482138501228696431e-13,5.800460919173459150e-13,5.288262732506770368e-13,5.465814926338964010e-13
4.000000000000000222e-01,6.978820692893350497e-06,4.463925441117582582e-06,2.641062644702738789e-06,1.531685852183563489e-06,7.125962270228933286e-07,2.712533774420271261e-07,1.083486509934824695e-07,4.394989776990453920e-08,1.806645709620887201e-08,7.524870609171430880e-09,3.172798825914669936e-09,1.352369302673650129e-09,5.819003554457653119e-10,2.524497118394861513e-10,1.103198432351901244e-10,4.852879399111970029e-11,2.148529344953214899e-11,9.582609698162613682e-12,4.322343629296006143e-12,2.048383839667914366e-12,1.139015862979416356e-12,7.486492381034983429e-13,5.806756249689813373e-13,5.296396675813676353e-13,5.475911605482308494e-13
4.500000000000000111e-01,6.978820692893351344e-06,4.463684246557954110e-06,2.640567140157870413e-06,1.531264406705223019e-06,7.119026845785174785e-07,2.711835444968495837e-07,1.083262795754381520e-07,4.394025555500404528e-08,1.806237433076874154e-08,7.523165709497340853e-09,3.172090997179902507e-09,1.352074311808447017e-09,5.817751674171178066e-10,2.523957394717655873e-10,1.102964423769893454e-10,4.851859641488553035e-11,2.148091300598258066e-11,9.580809227253846039e-12,4.321735996480307552e-12,2.048365575566077857e-12,1.139321068156874390e-12,7.492238612292132095e-13,5.815041822748263792e-13,5.307103366898871168e-13,5.489198968555059103e-13
5.000000000000000000e-01,6.978820692893350497e-06,4.463304974438396031e-06,2.639834859140671465e-06,1.530639658327808610e-06,7.108956449113438386e-07,2.710813051112469633e-07,1.082934202463297448e-07,4.392609268169512881e-08,1.805633154967439722e-08,7.520661991918981198e-09,3.171052111933002613e-09,1.351640949350259545e-09,5.815909562303952502e-10,2.523166735287743790e-10,1.102621305241958224e-10,4.850367413147367160e-11,2.147447341524079816e-11,9.578174486429927914e-12,4.320847634164185326e-12,2.048339607656625185e-12,1.139773845250261573e-12,7.500725737627530058e-13,5.827242836985373237e-13,5.322870391197076416e-13,5.508759124465722654e-13
5.500000000000000444e-01,6.978820692893350497e-06,4.462925702318837952e-06,2.639102578123472094e-06,1.530014909950394624e-06,7.098886052441701987e-07,2.709790657256443958e-07,1.082605609172213641e-07,4.391192980838621234e-08,1.805028876858005951e-08,7.518158274340621544e-09,3.170013226686102720e-09,1.351207586892072073e-09,5.814067450436727972e-10,2.522376075857831707e-10,1.102278186714022736e-10,4.848875184806179992e-11,2.146803382449900920e-11,9.575539745606008172e-12,4.319959271848062292e-12,2.048313639747171705e-12,1.140226622343648757e-12,7.509212862962928020e-13,5.839443851222481672e-13,5.338637415495280654e-13,5.528319280376386206e-13
6.000000000000000888e-01,6.978820692893350497e-06,4.462567851268527877e-06,2.638405716328731366e-06,1.529418160551326270e-06,7.089218874301793280e-07,2.708809875545211647e-07,1.082290561564720263e-07,4.389833683521319306e-08,1.804447484099438803e-08,7.515751578556457160e-09,3.169015415587687660e-09,1.350790262057167749e-09,5.812293070177084502e-10,2.521615222530222689e-10,1.101947826560958843e-10,4.847438176461954439e-11,2.146184177759619397e-11,9.573005681987068363e-12,4.319104437601507118e-12,2.048289577640211181e-12,1.140661220627972222e-12,7.517352976338564199e-13,5.851141953235927892e-13,5.353741858994334480e-13,5.547045171324475372e-13
6.500000000000000222e-01,6.978820692893349650e-06,4.462169191870234844e-06,2.637658749545887255e-06,1.528772838810411500e-06,7.079105147066600557e-07,2.707767016286639795e-07,1.081954481796407005e-07,4.388384033173380296e-08,1.803827892787002137e-08,7.513185720822166394e-09,3.167951417201963684e-09,1.350345162503533616e-09,5.810403065363377568e-10,2.520802782768798295e-10,1.101595683859363079e-10,4.845905497641811840e-11,2.145524030652808187e-11,9.570305572551117369e-12,4.318195803819924023e-12,2.048267033989187008e-12,1.141129130734248959e-12,7.526082403554019820e-13,5.863669311570911182e-13,5.369908853063022978e-13,5.567079487270327376e-13
7.000000000000000666e-01,6.978820692893350497e-06,4.461496804233411179e-06,2.636568190185709329e-06,1.527818272238998615e-06,7.065365761189782111e-07,2.706291933001290977e-07,1.081470597626421923e-07,4.386297749928160839e-08,1.802939617875678698e-08,7.509489845389223550e-09,3.166420409438043143e-09,1.349704360758386469e-09,5.807682935993468620e-10,2.519633819101593214e-10,1.101088884187772710e-10,4.843703718944852143e-11,2.144578366075168231e-11,9.566438421431405995e-12,4.316906416773517946e-12,2.048252091925661316e-12,1.141814599383535357e-12,7.538725602721586191e-13,5.881708606434340097e-13,5.393144008023461773e-13,5.595827248865578966e-13
7.500000000000000000e-01,6.978820692893350497e-06,4.460835513852555704e-06,2.635501137651240226e-06,1.526888827226833692e-06,7.051812689663798492e-07,2.704844616164857263e-07,1.080996575575475741e-07,4.384254066373194352e-08,1.802068534344604732e-08,7.505872008062893462e-09,3.164922430712492987e-09,1.349076898997918771e-09,5.805020933947028245e-10,2.518487920019576671e-10,1.100592899676479287e-10,4.841547893065408907e-11,2.143650145456252209e-11,9.562648350259049005e-12,4.315637105610569315e-12,2.048231182772574272e-12,1.142480210700156685e-12,7.551042278625163669e-13,5.899299150679784166e-13,5.415814285141391190e-13,5.623894274876200410e-13
8.000000000000000444e-01,6.978820692893351344e-06,4.460174223471699381e-06,2.634434085116770699e-06,1.525959382214668558e-06,7.038259618137814872e-07,2.703397299328423020e-07,1.080522553524529692e-07,4.382210382818227864e-08,1.801197450813530435e-08,7.502254170736565029e-09,3.163424451986942831e-09,1.348449437237451072e-09,5.802358931900587871e-10,2.517342020937559612e-10,1.100096915165186123e-10,4.839392067185964377e-11,2.142721924837336510e-11,9.558858279086693630e-12,4.314367794447621492e-12,2.048210273619487631e-12,1.143145822016777810e-12,7.563358954528743167e-13,5.916889694925227224e-13,5.438484562259320607e-13,5.651961300886822864e-13
8.500000000000000888e-01,6.978820692893350497e-06,4.459512933090842212e-06,2.633367032582300749e-06,1.525029937202503000e-06,7.024706546611831253e-07,2.701949982491989306e-07,1.080048531473583114e-07,4.380166699263261377e-08,1.800326367282456469e-08,7.498636333410234941e-09,3.161926473261392262e-09,1.347821975476982961e-09,5.799696929854147496e-10,2.516196121855542552e-10,1.099600930653892700e-10,4.837236241306520494e-11,2.141793704218420165e-11,9.555068207914336639e-12,4.313098483284672861e-12,2.048189364466400183e-12,1.143811433333398936e-12,7.575675630432321655e-13,5.934480239170670283e-13,5.461154839377250024e-13,5.680028326897445317e-13
9.000000000000000222e-01,6.978820692893350497e-06,4.458851642709985889e-06,2.632299980047831222e-06,1.524100492190338289e-06,7.011153475085848692e-07,2.700502665655555062e-07,1.079574509422636932e-07,4.378123015708294889e-08,1.799455283751382502e-08,7.495018496083904853e-09,3.160428494535842519e-09,1.347194513716515056e-09,5.797034927807707122e-10,2.515050222773525492e-10,1.099104946142599665e-10,4.835080415427076611e-11,2.140865483599504790e-11,9.551278136741981265e-12,4.311829172121725037e-12,2.048168455313313542e-12,1.144477044650020264e-12,7.587992306335901152e-13,5.952070783416114352e-13,5.483825116495179441e-13,5.708095352908067770e-13
9.500000000000000666e-01,6.978820692893349650e-06,4.458032779543107288e-06,2.631100095749632333e-06,1.523051567285007147e-06,6.997129100011200734e-07,2.698951930445868956e-07,1.079058064360480196e-07,4.375893284332166556e-08,1.798509803258051687e-08,7.491103912932666867e-09,3.158810472818493858e-09,1.346517137346994889e-09,5.794163544674586888e-10,2.513816207385335728e-10,1.098569868664675567e-10,4.832752541729932811e-11,2.139867508320750277e-11,9.547185303044637717e-12,4.310460091022056129e-12,2.048152497386261272e-12,1.145208520730099212e-12,7.601487695289646700e-13,5.971300899377140396e-13,5.508625161266051463e-13,5.738827657944459647e-13
1.000000000000000000e+00,6.978820692893350497e-06,4.457139380500014753e-06,2.629837378698719663e-06,1.521946125396306935e-06,6.982881786548211037e-07,2.697352275754198974e-07,1.078521552150994095e-07,4.373575547674681659e-08,1.797529131137350416e-08,7.487048961570456190e-09,3.157135667758013455e-09,1.345816150116643452e-09,5.791193119040841457e-10,2.512540510776326363e-10,1.098016299233951998e-10,4.830343285103880306e-11,2.138836537339995868e-11,9.542949255086415795e-12,4.309043816242303389e-12,2.048138881513191418e-12,1.145971152493719195e-12,7.615540645052069172e-13,5.991306573843683178e-13,5.534432639504034243e-13,5.770820706746046082e-13
1.050000000000000044e+00,6.978820692893350497e-06,4.456117504947355913e-06,2.628436867491404590e-06,1.520712875899538101e-06,6.967552804048968145e-07,2.695587720037596405e-07,1.077926630578195538e-07,4.371007297779566566e-08,1.796440696223082930e-08,7.482547823316925790e-09,3.155275564426233901e-09,1.345037826625976594e-09,5.787893010156171208e-10,2.511122803000453404e-10,1.097401751500444414e-10,4.827671755896761416e-11,2.137690782615957393e-11,9.538258168864523867e-12,4.307480736823630569e-12,2.048130162328830331e-12,1.146820635498881793e-12,7.631127450259621783e-13,6.013449742224390005e-13,5.562972747068705004e-13,5.806176907957741068e-13
1.100000000000000089e+00,6.978820692893350497e-06,4.454854669371714586e-06,2.626783734806422442e-06,1.519240278072446298e-06,6.950355736934532647e-07,2.693524965849149635e-07,1.077225247853604635e-07,4.367982800034450035e-08,1.795155936225573811e-08,7.477234759200998892e-09,3.153078265682336385e-09,1.344118798305805621e-09,5.783993529896828045e-10,2.509446525431398556e-10,1.096676325621271265e-10,4.824523362392247979e-11,2.136336015139027134e-11,9.532743347712160947e-12,4.305654405907373808e-12,2.048134059903784596e-12,1.147831936678008527e-12,7.649545261379625003e-13,6.039526737634131445e-13,5.596533605177216060e-13,5.847705095010303696e-13
1.150000000000000133e+00,6.978820692893350497e-06,4.453591014951061964e-06,2.625128682165777198e-06,1.517766299381106526e-06,6.933135266852746796e-07,2.691459058365441048e-07,1.076522813104145898e-07,4.364953516160672405e-08,1.793869054372124832e-08,7.471912710922530522e-09,3.150877293325114177e-09,1.343198177721346989e-09,5.780087180490923932e-10,2.507767384811194215e-10,1.095949663396673628e-10,4.821369590354428645e-11,2.134979079471169995e-11,9.527219566356398835e-12,4.303825248233331572e-12,2.048137979071692600e-12,1.148844941324870836e-12,7.667992613400438824e-13,6.065644526941276957e-13,5.630145351175396325e-13,5.889294912078413395e-13
1.200000000000000178e+00,6.978820692893350497e-06,4.452327360530407649e-06,2.623473629525131954e-06,1.516292320689766543e-06,6.915914796770960945e-07,2.689393150881731402e-07,1.075820378354687029e-07,4.361924232286894775e-08,1.792582172518676515e-08,7.466590662644060498e-09,3.148676320967890728e-09,1.342277557136888151e-09,5.776180831085018785e-10,2.506088244190989874e-10,1.095223001172075733e-10,4.818215818316609958e-11,2.133622143803312857e-11,9.521695785000636723e-12,4.301996090559288529e-12,2.048141898239600199e-12,1.149857945971733146e-12,7.686439965421252644e-13,6.091762316248421460e-13,5.663757097173576589e-13,5.930884729146522084e-13
1.250000000000000000e+00,6.978820692893350497e-06,4.451063706109753333e-06,2.621818576884486710e-06,1.514818341998426771e-06,6.898694326689172977e-07,2.687327243398021756e-07,1.075117943605228160e-07,4.358894948413116484e-08,1.791295290665227867e-08,7.461268614365593783e-09,3.146475348610668107e-09,1.341356936552429519e-09,5.772274481679113637e-10,2.504409103570785533e-10,1.094496338947477838e-10,4.815062046278789977e-11,2.132265208135455072e-11,9.516172003644872995e-12,4.300166932885246293e-12,2.048145817407508203e-12,1.150870950618595051e-12,7.704887317442067474e-13,6.117880105555566972e-13,5.697368843171757864e-13,5.972474546214631783e-13
1.300000000000000044e+00,6.978820692893351344e-06,4.449671993092330281e-06,2.620165616759350765e-06,1.513326687144139291e-06,6.883105460940263442e-07,2.685359218632944127e-07,1.074434638258352364e-07,4.355953472549501991e-08,1.790049331687598821e-08,7.456114978991646636e-09,3.144344181252396456e-09,1.340466259625452527e-09,5.768495979090802533e-10,2.502793761402187355e-10,1.093794552332228144e-10,4.812009965664100855e-11,2.130957073008583483e-11,9.510840702440860034e-12,4.298405484254652063e-12,2.048161014188027443e-12,1.151870846206889897e-12,7.722976305878385842e-13,6.143384274155841652e-13,5.730170980162255646e-13,6.013073921053130112e-13
1.350000000000000089e+00,6.978820692893350497e-06,4.448274985594172051e-06,2.618518835568153524e-06,1.511842281521485184e-06,6.867686721799655979e-07,2.683401663657709018e-07,1.073753680786727164e-07,4.353021483446449578e-08,1.788806477067117508e-08,7.450975404430852954e-09,3.142218812825211192e-09,1.339577598392954023e-09,5.764725575787752472e-10,2.501183157310765989e-10,1.093094564233919485e-10,4.808964627568592240e-11,2.129654045308736268e-11,9.505524851360025124e-12,4.296649159022966283e-12,2.048175612662369894e-12,1.152867805738007775e-12,7.741002763698039864e-13,6.168784582322157657e-13,5.762831919554381941e-13,6.053492294174651625e-13
1.400000000000000133e+00,6.978820692893350497e-06,4.446296067331574777e-06,2.616335489765373183e-06,1.509775924621512379e-06,6.849113748034412085e-07,2.680887739139630123e-07,1.072861719463556834e-07,4.349177267611507572e-08,1.787180453327853984e-08,7.444271356063358789e-09,3.139451118869617963e-09,1.338420356600915478e-09,5.759819508060251701e-10,2.499077741420877483e-10,1.092183149061063427e-10,4.805007799310251369e-11,2.127959316188530182e-11,9.498624963273460934e-12,4.294387671874954572e-12,2.048220583540185299e-12,1.154198248290779160e-12,7.764800851930924175e-13,6.202170392316879338e-13,5.805718650822504551e-13,6.106525387579456994e-13
1.450000000000000178e+00,6.978820692893350497e-06,4.444138432927983899e-06,2.613987354509234044e-06,1.507530839138251579e-06,6.829572047319354017e-07,2.678202942687676104e-07,1.071904954743736731e-07,4.345052889161958852e-08,1.785436750881748918e-08,7.437086827288035165e-09,3.136486154221138447e-09,1.337180628482656531e-09,5.754564655646498915e-10,2.496820359180572880e-10,1.091206800511522144e-10,4.800771034652020850e-11,2.126144287925318133e-11,9.491238586539233604e-12,4.291971039653541834e-12,2.048274882375263210e-12,1.155631109981257684e-12,7.790371520390402474e-13,6.238008705612580854e-13,5.851745922143073313e-13,6.163432707526370249e-13
1.500000000000000000e+00,6.978820692893350497e-06,4.441980798524393867e-06,2.611639219253095752e-06,1.505285753654990991e-06,6.810030346604295948e-07,2.675518146235722615e-07,1.070948190023916759e-07,4.340928510712410132e-08,1.783693048435644184e-08,7.429902298512710714e-09,3.133521189572660585e-09,1.335940900364397583e-09,5.749309803232746128e-10,2.494562976940268794e-10,1.090230451961980861e-10,4.796534269993790330e-11,2.124329259662106730e-11,9.483852209805004658e-12,4.289554407432129097e-12,2.048329181210341525e-12,1.157063971671736409e-12,7.815942188849882793e-13,6.273847018908282369e-13,5.897773193463641065e-13,6.220340027473284514e-13
1.550000000000000044e+00,6.978820692893350497e-06,4.439915616366027018e-06,2.609352509501487919e-06,1.503152828903944507e-06,6.790342350926326576e-07,2.672877640451154581e-07,1.070013706822624456e-07,4.336900608684465162e-08,1.781993722241137005e-08,7.422881011873810241e-09,3.130624023541514866e-09,1.334729716193485422e-09,5.744177340856919461e-10,2.492358064367906861e-10,1.089276386147115164e-10,4.792391841005549299e-11,2.122549160377733882e-11,9.476613470113818205e-12,4.287168700049812847e-12,2.048359385980540723e-12,1.158440972163659493e-12,7.840693423120296423e-13,6.308622845511402009e-13,5.942493988577371583e-13,6.275691319890320823e-13
1.600000000000000089e+00,6.978820692893350497e-06,4.437783006890847073e-06,2.607017792734350399e-06,1.500957638779877604e-06,6.770484345019469350e-07,2.670198902643616723e-07,1.069062835621265718e-07,4.332802509424546561e-08,1.780266094185421744e-08,7.415742558746258584e-09,3.127678575251238388e-09,1.333498717664146053e-09,5.738961353972646579e-10,2.490117235349502076e-10,1.088306756721381785e-10,4.788182248609023004e-11,2.120739612956426516e-11,9.469254369189095745e-12,4.284741985076977670e-12,2.048391037898834050e-12,1.159841554935321547e-12,7.865860820643659201e-13,6.343977853359517687e-13,5.987967000264328700e-13,6.331984614011546637e-13
1.650000000000000133e+00,6.978820692893350497e-06,4.435166162770843369e-06,2.604343975864569658e-06,1.498280781545332273e-06,6.749894106148532904e-07,2.667256071763638594e-07,1.067994515773551902e-07,4.328199991737633334e-08,1.778328038747658267e-08,7.407759328251116620e-09,3.124384327086263710e-09,1.332123648699323909e-09,5.733135396589257329e-10,2.487614317684752761e-10,1.087224141491122540e-10,4.783487424699785030e-11,2.118725599639336898e-11,9.461053290971693025e-12,4.282053362725157348e-12,2.048461562315932554e-12,1.161441800377892269e-12,7.894337428393687987e-13,6.383837957478423411e-13,6.039196449247924727e-13,6.395383557734656914e-13
1.700000000000000178e+00,6.978820692893350497e-06,4.432216012405532011e-06,2.601476602016500659e-06,1.495214603793905586e-06,6.729619831480064135e-07,2.664191118656480089e-07,1.066859634149857580e-07,4.323308782972555482e-08,1.776272640543883539e-08,7.399294205061889665e-09,3.120893418762222543e-09,1.330666024567455565e-09,5.726961117152783603e-10,2.484964885963255251e-10,1.086077631469151687e-10,4.778516023674331923e-11,2.116594402078668131e-11,9.452415476006119447e-12,4.279255989866777990e-12,2.048585823972453737e-12,1.163196529866127187e-12,7.925136381132263912e-13,6.426730461773155310e-13,6.094203691648873734e-13,6.463366958338872389e-13
1.750000000000000000e+00,6.978820692893350497e-06,4.429199578350587612e-06,2.598570736028378281e-06,1.492071002949837893e-06,6.709408391737208698e-07,2.661101879440322838e-07,1.065711515570172574e-07,4.318360163012537213e-08,1.774193906709311718e-08,7.390733249207598173e-09,3.117363401177163134e-09,1.329191982918222444e-09,5.720717567874585473e-10,2.482286317397185380e-10,1.084918414866963492e-10,4.773489620523990678e-11,2.114439900412119201e-11,9.443690808413345875e-12,4.276436990096434094e-12,2.048720772204908062e-12,1.164981981168549248e-12,7.956397172185021263e-13,6.470226011090065504e-13,6.149962213360950064e-13,6.532262057182515734e-13
1.800000000000000044e+00,6.978820692893350497e-06,4.425995040764027386e-06,2.595577981144599364e-06,1.488746000572103029e-06,6.689531713223680670e-07,2.657971957696468529e-07,1.064536016002894605e-07,4.313297716817738826e-08,1.772068337177737702e-08,7.381990194530721210e-09,3.113758506207527014e-09,1.327686879552443332e-09,5.714341881097660646e-10,2.479551016382443132e-10,1.083734988818523908e-10,4.768356956088515189e-11,2.112240031558232490e-11,9.434784847644053386e-12,4.273561476514173762e-12,2.048863039738739238e-12,1.166816882524656533e-12,7.988418968344088190e-13,6.514730020886895763e-13,6.207016005988404795e-13,6.602779126946706728e-13
1.850000000000000089e+00,6.978820692893350497e-06,4.422625045078536812e-06,2.592508797756953742e-06,1.485261435252378090e-06,6.669949494660606340e-07,2.654806251118409164e-07,1.063336431793956819e-07,4.308135147715872259e-08,1.769901570411208215e-08,7.373086963568242432e-09,3.110087748201728442e-09,1.326154453932131863e-09,5.707849964608570939e-10,2.476765812832514848e-10,1.082530267853830370e-10,4.763130822965466437e-11,2.110000257187919218e-11,9.425719419245003999e-12,4.270636252712211251e-12,2.049011745416931672e-12,1.168695280734886764e-12,8.021110153626706373e-13,6.560121084490847534e-13,6.265209134286046099e-13,6.674722901583089715e-13
1.900000000000000133e+00,6.978820692893350497e-06,4.419255049393046238e-06,2.589439614369308120e-06,1.481776869932653151e-06,6.650367276097530952e-07,2.651640544540350329e-07,1.062136847585018768e-07,4.302972578614007015e-08,1.767734803644678728e-08,7.364183732605765309e-09,3.106416990195930284e-09,1.324622028311820393e-09,5.701358048119484334e-10,2.473980609282586564e-10,1.081325546889136573e-10,4.757904689842417684e-11,2.107760482817606915e-11,9.416653990845952996e-12,4.267711028910250356e-12,2.049160451095124509e-12,1.170573678945116995e-12,8.053801338909326577e-13,6.605512148094800315e-13,6.323402262583687403e-13,6.746666676219472702e-13
1.950000000000000178e+00,6.978820692893350497e-06,4.415885053707554817e-06,2.586370430981662074e-06,1.478292304612928212e-06,6.630785057534455563e-07,2.648474837962290436e-07,1.060937263376080849e-07,4.297810009512141109e-08,1.765568036878148910e-08,7.355280501643287358e-09,3.102746232190132126e-09,1.323089602691508923e-09,5.694866131630394627e-10,2.471195405732658281e-10,1.080120825924443035e-10,4.752678556719368931e-11,2.105520708447293966e-11,9.407588562446901994e-12,4.264785805108288653e-12,2.049309156773316538e-12,1.172452077155347024e-12,8.086492524191944761e-13,6.650903211698752086e-13,6.381595390881328706e-13,6.818610450855853670e-13
2.000000000000000000e+00,6.978820692893350497e-06,4.412716197908356762e-06,2.583404835529379050e-06,1.474957368489551376e-06,6.610996058391867292e-07,2.645364438594893338e-07,1.059769989426752781e-07,4.292785204224160401e-08,1.763456900418931611e-08,7.346600792063018896e-09,3.099166541496924408e-09,1.321595193193357579e-09,5.688533407979062201e-10,2.468479584561632793e-10,1.078945677010739505e-10,4.747579656226971113e-11,2.103335158720772609e-11,9.398735697589144883e-12,4.261919222721747932e-12,2.049436018599702457e-12,1.174260059057202924e-12,8.118123084567285171e-13,6.694891570448468832e-13,6.438016434465748466e-13,6.888370634381329187e-13
2.050000000000000266e+00,6.978820692893350497e-06,4.409527364270613937e-06,2.580427211443110490e-06,1.471616744465521459e-06,6.591193602098976195e-07,2.642243262699219665e-07,1.058597852975916958e-07,4.287739083843348428e-08,1.761337094656596821e-08,7.337885578072940837e-09,3.095572370109870165e-09,1.320094655606498641e-09,5.682174865275604269e-10,2.465752929443802012e-10,1.077765767816977918e-10,4.742460243747840675e-11,2.101141164965246073e-11,9.389847268503930185e-12,4.259040803570208916e-12,2.049563153017569621e-12,1.176074799012320297e-12,8.149866736961235842e-13,6.739034689133608698e-13,6.494636323533425314e-13,6.958377345237569992e-13
2.100000000000000089e+00,6.978820692893350497e-06,4.405452613971591208e-06,2.576953689247950358e-06,1.467611286245012542e-06,6.571566079347036796e-07,2.638788604708991245e-07,1.057255607862824955e-07,4.281962493688902285e-08,1.758920264439936070e-08,7.327966685955281003e-09,3.091486727715516732e-09,1.318388253085628628e-09,5.674950045486295993e-10,2.462654250548279175e-10,1.076425398376019134e-10,4.736649301872164198e-11,2.098654086276623548e-11,9.379785956089194806e-12,4.255813524849842720e-12,2.049766574301905305e-12,1.178213096592539182e-12,8.186661398660415708e-13,6.789943103618690631e-13,6.559848616892158578e-13,7.038988410008023258e-13
2.149999999999999911e+00,6.978820692893351344e-06,4.400678221459186455e-06,2.573056795599139921e-06,1.462811685877644432e-06,6.551686565834569452e-07,2.635023648771742933e-07,1.055764259920363835e-07,4.275546418094684132e-08,1.756241983761384485e-08,7.316985372036953178e-09,3.086964863030303379e-09,1.316500030864487784e-09,5.666953103125333525e-10,2.459226563556194701e-10,1.074942501809304233e-10,4.730223195612848906e-11,2.095904916965947556e-11,9.368698431181850049e-12,4.252297184418457331e-12,2.050057907444734818e-12,1.180658731643544520e-12,8.228226230081006400e-13,6.847215518686254604e-13,6.633100116364492243e-13,7.129461325084942072e-13
2.200000000000000178e+00,6.978820692893350497e-06,4.396084294800093055e-06,2.569284908673562298e-06,1.458210809921773443e-06,6.532266722852880335e-07,2.631367481313641906e-07,1.054319759895675382e-07,4.269329792782905361e-08,1.753646417752034585e-08,7.306342530326477973e-09,3.082581642541776907e-09,1.314669889557561249e-09,5.659201639073193884e-10,2.455903978447358328e-10,1.073505177609403291e-10,4.723994399252092031e-11,2.093241490711429011e-11,9.357957363524264809e-12,4.248894523633608164e-12,2.050345281927833259e-12,1.183032339182952266e-12,8.268567600585831084e-13,6.902794321664802102e-13,6.704169201236906475e-13,7.217216791801399953e-13
2.250000000000000000e+00,6.978820692893350497e-06,4.391490368140998808e-06,2.565513021747984675e-06,1.453609933965902454e-06,6.512846879871191218e-07,2.627711313855540878e-07,1.052875259870986929e-07,4.263113167471125929e-08,1.751050851742685016e-08,7.295699688616002767e-09,3.078198422053250435e-09,1.312839748250634921e-09,5.651450175021054243e-10,2.452581393338521437e-10,1.072067853409502608e-10,4.717765602891336448e-11,2.090578064456910467e-11,9.347216295866682800e-12,4.245491862848759806e-12,2.050632656410931296e-12,1.185405946722360012e-12,8.308908971090655768e-13,6.958373124643347580e-13,6.775238286109318688e-13,7.304972258517857834e-13
2.300000000000000266e+00,6.978820692893350497e-06,4.386896441481905408e-06,2.561741134822407052e-06,1.449009058010031676e-06,6.493427036889499983e-07,2.624055146397439851e-07,1.051430759846298476e-07,4.256896542159347158e-08,1.748455285733335447e-08,7.285056846905528388e-09,3.073815201564724791e-09,1.311009606943708386e-09,5.643698710968915636e-10,2.449258808229685063e-10,1.070630529209601666e-10,4.711536806530580219e-11,2.087914638202391600e-11,9.336475228209099175e-12,4.242089202063911447e-12,2.050920030894029737e-12,1.187779554261767960e-12,8.349250341595480451e-13,7.013951927621895079e-13,6.846307370981732921e-13,7.392727725234316724e-13
2.350000000000000089e+00,6.978820692893350497e-06,4.381657810688315032e-06,2.557676775228336595e-06,1.444004433544818739e-06,6.474759426968719209e-07,2.620232964291279129e-07,1.049887245457860826e-07,4.250263318859490885e-08,1.745692364726059459e-08,7.273741539535433018e-09,3.069156545998717598e-09,1.309065451141326548e-09,5.635463826980711352e-10,2.445730013918620122e-10,1.069104216792780563e-10,4.704923997188570372e-11,2.085090010581879273e-11,9.325102144156972199e-12,4.238515727905674611e-12,2.051279484929004543e-12,1.190374689251355206e-12,8.392812546100403736e-13,7.073768306268182110e-13,6.922721789788167804e-13,7.487073930834912016e-13
2.400000000000000355e+00,6.978820692893350497e-06,4.375720037488544925e-06,2.553277007120409862e-06,1.438690620004363225e-06,6.456721652440002838e-07,2.616208011344330523e-07,1.048226969122280879e-07,4.243133614569981062e-08,1.742729737412942671e-08,7.261625135298214965e-09,3.064171477003948258e-09,1.306984988766452299e-09,5.626654775996890648e-10,2.441954697913519911e-10,1.067471483421971114e-10,4.697853295110168527e-11,2.082070933263560453e-11,9.312974709694821267e-12,4.234737189703465546e-12,2.051725069716656637e-12,1.193229090731093523e-12,8.440193101481353632e-13,7.138610697888483367e-13,7.005469819645646502e-13,7.589218254396674020e-13
2.450000000000000178e+00,6.978820692893350497e-06,4.369982916007009147e-06,2.548973402903319074e-06,1.433430025615699226e-06,6.438444019597724007e-07,2.612239975663601622e-07,1.046598951293255745e-07,4.236140274246909933e-08,1.739821515454537693e-08,7.249724447157166594e-09,3.059274953210811821e-09,1.304941086656662874e-09,5.617999120094136923e-10,2.438245623393601274e-10,1.065867417123023277e-10,4.690906237981614462e-11,2.079105091930553849e-11,9.301056646783154816e-12,4.231019589729015515e-12,2.052151707510787509e-12,1.196016681543059115e-12,8.486574041406205311e-13,7.202124551738961054e-13,7.086525252785007243e-13,7.689258296622194965e-13
2.500000000000000000e+00,6.978820692893350497e-06,4.364245794525474216e-06,2.544669798686227862e-06,1.428169431227035227e-06,6.420166386755443059e-07,2.608271939982872721e-07,1.044970933464230610e-07,4.229146933923840128e-08,1.736913293496132384e-08,7.237823759016117395e-09,3.054378429417676211e-09,1.302897184546873656e-09,5.609343464191382165e-10,2.434536548873682638e-10,1.064263350824075569e-10,4.683959180853060397e-11,2.076139250597547568e-11,9.289138583871488365e-12,4.227301989754565484e-12,2.052578345304917977e-12,1.198804272355024303e-12,8.532954981331056990e-13,7.265638405589438742e-13,7.167580685924367984e-13,7.789298338847714900e-13
2.550000000000000266e+00,6.978820692893349650e-06,4.358508673043937591e-06,2.540366194469137073e-06,1.422908836838371228e-06,6.401888753913164228e-07,2.604303904302143820e-07,1.043342915635205211e-07,4.222153593600769661e-08,1.734005071537727075e-08,7.225923070875068197e-09,3.049481905624539774e-09,1.300853282437084025e-09,5.600687808288627406e-10,2.430827474353764001e-10,1.062659284525127603e-10,4.677012123724505686e-11,2.073173409264540641e-11,9.277220520959823529e-12,4.223584389780114646e-12,2.053004983099048849e-12,1.201591863166989693e-12,8.579335921255907659e-13,7.329152259439917440e-13,7.248636119063729735e-13,7.889338381073235845e-13
2.600000000000000089e+00,6.978820692893350497e-06,4.352540331897313795e-06,2.535973397603016206e-06,1.417676253231094662e-06,6.384207100732620534e-07,2.600300914910214449e-07,1.041686324344859868e-07,4.215040098134402226e-08,1.731049856787242837e-08,7.213838502131121575e-09,3.044509415938544191e-09,1.298778357100438791e-09,5.591900534173976716e-10,2.427063482973574907e-10,1.061031457956232718e-10,4.669964432810204846e-11,2.070164969145549183e-11,9.265154454761183853e-12,4.219850778653742877e-12,2.053483867132083454e-12,1.204479254675090026e-12,8.627056673606289824e-13,7.394354603372594810e-13,7.331765932057981221e-13,7.991894168084640403e-13
2.650000000000000355e+00,6.978820692893351344e-06,4.346352774972043585e-06,2.531496038569577622e-06,1.412470226211251520e-06,6.367090486626727085e-07,2.596264786446768143e-07,1.040002642998962729e-07,4.207812685440076586e-08,1.728050088899367944e-08,7.201579599039241856e-09,3.039464904167629655e-09,1.296674019123529090e-09,5.582988474873800260e-10,2.423247425769830411e-10,1.059381104643882230e-10,4.662821332564295843e-11,2.067116141778199507e-11,9.252948068941440173e-12,4.216101987602538200e-12,2.054012285013970220e-12,1.207461265675455604e-12,8.676047681339090590e-13,7.461157778566575826e-13,7.416862432422528673e-13,8.096835093712590530e-13
2.700000000000000178e+00,6.978820692893351344e-06,4.339838607079395268e-06,2.526960674771281918e-06,1.407237875674683462e-06,6.351024744467556072e-07,2.592220951310917859e-07,1.038297131020521327e-07,4.200502600452846936e-08,1.725022404132007130e-08,7.189217435241972627e-09,3.034378305523953382e-09,1.294551365967716967e-09,5.574002168689135588e-10,2.419394682627379694e-10,1.057716354097304042e-10,4.655618049726779086e-11,2.064045927119030364e-11,9.240660601820802516e-12,4.212347899237375744e-12,2.054589851678978277e-12,1.210516898619765343e-12,8.725921401746313015e-13,7.529039526828122998e-13,7.503309943327415348e-13,8.203447267758499621e-13
2.750000000000000000e+00,6.978820692893350497e-06,4.333205808014172736e-06,2.522404242564520901e-06,1.401995963947686244e-06,6.335340698527179934e-07,2.588174316968441416e-07,1.036583689750673761e-07,4.193162487352582881e-08,1.721984579435254198e-08,7.176817765237673710e-09,3.029276420146013801e-09,1.292422060398586951e-09,5.564988894656336824e-10,2.415528614470277118e-10,1.056046374207718598e-10,4.648392907453650551e-11,2.060967944198045283e-11,9.228343684464991073e-12,4.208591886789346257e-12,2.055185270095319344e-12,1.213599272422189752e-12,8.776115739799826385e-13,7.597313032870311514e-13,7.590248166365603869e-13,8.310666470285655910e-13
2.800000000000000266e+00,6.978820692893349650e-06,4.325843207366356866e-06,2.517546171085583701e-06,1.396901118571225415e-06,6.320393564316706284e-07,2.583922302002060995e-07,1.034758153134860304e-07,4.185346807722406122e-08,1.718756260103958834e-08,7.163645587437407046e-09,3.023858010993573334e-09,1.290159901410233124e-09,5.555408763900293494e-10,2.411421498736263647e-10,1.054271904607057106e-10,4.640715370413646482e-11,2.057696201324219139e-11,9.215279551884145003e-12,4.204636224536160881e-12,2.055868982727667915e-12,1.216944392958008465e-12,8.830144364399555522e-13,7.670621257421931360e-13,7.683528597233511684e-13,8.425713438786516083e-13
2.850000000000000089e+00,6.978820692893350497e-06,4.318212437244700743e-06,2.512550086683150154e-06,1.391892471617993407e-06,6.305643856197702235e-07,2.579581227832426101e-07,1.032884390895011896e-07,4.177325469129595531e-08,1.715444222220947978e-08,7.150136024558530664e-09,3.018302639903981685e-09,1.287840531743019326e-09,5.545587557338282471e-10,2.407211281000483241e-10,1.052452502776240534e-10,4.632842214706740425e-11,2.054343893263964116e-11,9.201915264929097985e-12,4.200621681715242938e-12,2.056617821667475238e-12,1.220433975302669701e-12,8.886236488461845153e-13,7.746600489177471400e-13,7.780128458839469124e-13,8.544797605466500151e-13
2.900000000000000355e+00,6.978820692893349650e-06,4.310581895976545068e-06,2.507554105375862604e-06,1.386883888723800463e-06,6.290894160294350066e-07,2.575240239150991131e-07,1.031010668341956657e-07,4.169304297083669400e-08,1.712132251520112143e-08,7.136626734954784682e-09,3.012747381853652067e-09,1.285521209030207800e-09,5.535766550634033463e-10,2.403001148480144370e-10,1.050633137812507013e-10,4.624969217357310965e-11,2.050991653862039951e-11,9.188551255538890213e-12,4.196607229819749836e-12,2.057366652282941581e-12,1.223923494420524092e-12,8.942327596465955402e-13,7.822578332916694639e-13,7.876726532173773860e-13,8.663879530505386358e-13
2.950000000000000178e+00,6.978820692893350497e-06,4.302951354708391086e-06,2.502558124068575901e-06,1.381875305829607520e-06,6.276144464390998955e-07,2.570899250469556160e-07,1.029136945788901683e-07,4.161283125037743931e-08,1.708820280819276638e-08,7.123117445351038700e-09,3.007192123803323276e-09,1.283201886317397100e-09,5.525945543929785489e-10,2.398791015959807049e-10,1.048813772848773879e-10,4.617096220007882152e-11,2.047639414460116110e-11,9.175187246148684057e-12,4.192592777924258350e-12,2.058115482898408731e-12,1.227413013538378887e-12,8.998418704470067671e-13,7.898556176655917878e-13,7.973324605508078596e-13,8.782961455544270546e-13
3.000000000000000000e+00,6.978820692893350497e-06,4.294551075586221352e-06,2.497297629020891621e-06,1.377060571119923061e-06,6.262171128668491352e-07,2.566353846339712175e-07,1.027154870629802844e-07,4.152810062148432433e-08,1.705329359696452329e-08,7.108889091822132194e-09,3.001340792467596712e-09,1.280759012381832417e-09,5.515600465365153880e-10,2.394356626936953162e-10,1.046897709890703522e-10,4.608807717196664310e-11,2.044112310428957591e-11,9.161165148079211752e-12,4.188430759600214755e-12,2.058992485727246244e-12,1.231191657126954908e-12,9.058612091706426979e-13,7.979846521917666528e-13,8.076569926288227118e-13,8.910207194448547214e-13
3.050000000000000266e+00,6.978820692893350497e-06,4.284895715581093469e-06,2.491614040407936678e-06,1.372570396423358047e-06,6.249547368747316347e-07,2.561482770663444618e-07,1.024998675917143126e-07,4.143610641313791985e-08,1.701551272865991578e-08,7.093506633258912036e-09,2.995014051721885249e-09,1.278117818073247098e-09,5.504413392755293565e-10,2.389561994798460817e-10,1.044826556447995386e-10,4.599853755856966244e-11,2.040305244966257633e-11,9.146095673964703796e-12,4.184039952856616126e-12,2.060083410136628055e-12,1.235443058145720433e-12,9.125477945986046336e-13,8.069755895129773805e-13,8.190582161768427874e-13,9.050662979505983214e-13
3.100000000000000089e+00,6.978820692893350497e-06,4.275240355575963045e-06,2.485930451794981735e-06,1.368080221726793245e-06,6.236923608826140282e-07,2.556611694987177062e-07,1.022842481204483275e-07,4.134411220479152860e-08,1.697773186035530496e-08,7.078124174695691879e-09,2.988687310976173787e-09,1.275476623764661780e-09,5.493226320145433250e-10,2.384767362659968472e-10,1.042755403005287251e-10,4.590899794517266886e-11,2.036498179503557999e-11,9.131026199850197456e-12,4.179649146113017496e-12,2.061174334546010271e-12,1.239694459164485756e-12,9.192343800265663674e-13,8.159665268341877044e-13,8.304594397248624590e-13,9.191118764563419214e-13
3.150000000000000355e+00,6.978820692893350497e-06,4.265584995570835162e-06,2.480246863182026792e-06,1.363590047030228655e-06,6.224299848904966336e-07,2.551740619310908976e-07,1.020686286491823557e-07,4.125211799644513073e-08,1.693995099205069745e-08,7.062741716132470894e-09,2.982360570230463151e-09,1.272835429456076461e-09,5.482039247535575003e-10,2.379972730521476128e-10,1.040684249562579115e-10,4.581945833177568173e-11,2.032691114040858364e-11,9.115956725735687885e-12,4.175258339369419675e-12,2.062265258955392486e-12,1.243945860183251079e-12,9.259209654545285051e-13,8.249574641553984321e-13,8.418606632728824336e-13,9.331574549620854205e-13
3.200000000000000178e+00,6.978820692893350497e-06,4.255929635565706432e-06,2.474563274569071849e-06,1.359099872333663853e-06,6.211676088983789213e-07,2.546869543634641419e-07,1.018530091779163706e-07,4.116012378809873949e-08,1.690217012374608994e-08,7.047359257569250736e-09,2.976033829484752102e-09,1.270194235147491556e-09,5.470852174925714688e-10,2.375178098382983783e-10,1.038613096119871109e-10,4.572991871837869461e-11,2.028884048578158407e-11,9.100887251621181544e-12,4.170867532625821853e-12,2.063356183364774701e-12,1.248197261202016605e-12,9.326075508824904408e-13,8.339484014766089579e-13,8.532618868209023072e-13,9.472030334678289196e-13
3.250000000000000000e+00,6.978820692893350497e-06,4.246274275560577702e-06,2.468879685956117329e-06,1.354609697637099263e-06,6.199052329062614207e-07,2.541998467958373862e-07,1.016373897066503987e-07,4.106812957975233500e-08,1.686438925544147912e-08,7.031976799006030579e-09,2.969707088739040640e-09,1.267553040838906031e-09,5.459665102315855407e-10,2.370383466244491438e-10,1.036541942677162844e-10,4.564037910498170749e-11,2.025076983115458772e-11,9.085817777506673589e-12,4.166476725882224031e-12,2.064447107774156917e-12,1.252448662220782130e-12,9.392941363104521746e-13,8.429393387978193827e-13,8.646631103689221808e-13,9.612486119735724186e-13
3.300000000000000266e+00,6.978820692893349650e-06,4.236688111822823255e-06,2.463251286472437170e-06,1.350201742282036110e-06,6.186640293670259004e-07,2.537175227279290859e-07,1.014237591870665462e-07,4.097699471962926747e-08,1.682696492883748100e-08,7.016740677040801516e-09,2.963440706825255491e-09,1.264937130785794505e-09,5.448585464163094496e-10,2.365635101232802895e-10,1.034490593187602611e-10,4.555169702573219072e-11,2.021306441459374925e-11,9.070897497941822995e-12,4.162134324871770273e-12,2.065536256887018900e-12,1.256670105685687528e-12,9.459292461534542076e-13,8.518590148385955995e-13,8.759729834233028141e-13,9.751811426175305147e-13
3.350000000000000089e+00,6.978820692893350497e-06,4.227097482053510159e-06,2.457849273194541775e-06,1.346499558487284957e-06,6.176029374831815650e-07,2.532542187595011142e-07,1.012168507919265297e-07,4.088887704032461172e-08,1.679083847868519781e-08,7.002045633669831872e-09,2.957398204212760537e-09,1.262414999484017481e-09,5.437904788259840133e-10,2.361059012886030104e-10,1.032512409321793497e-10,4.546620519242201670e-11,2.017674367595528699e-11,9.056581878661682235e-12,4.158039490431511560e-12,2.066708834321223182e-12,1.260887992487507053e-12,9.524964567187931057e-13,8.606581149050373356e-13,8.871156093640096154e-13,9.889010882296896010e-13
3.400000000000000355e+00,6.978820692893349650e-06,4.213836512740426749e-06,2.450945794212854724e-06,1.342845630572126936e-06,6.165441466948998927e-07,2.526570436861708103e-07,1.009469232089905261e-07,4.077423078942089513e-08,1.674399096588381380e-08,6.983002315337383865e-09,2.949566545990317995e-09,1.259143367425113493e-09,5.424042474242435508e-10,2.355115601525298482e-10,1.029945398734047069e-10,4.535535345542539703e-11,2.012978233155064240e-11,9.038161803365097314e-12,4.152931622105445312e-12,2.068492203499330492e-12,1.266660856988600460e-12,9.613524157704765726e-13,8.724608801932971684e-13,9.020300353684629636e-13,1.007253892869410905e-12
3.450000000000000178e+00,6.978820692893350497e-06,4.200575543427343338e-06,2.444042315231168520e-06,1.339191702656968491e-06,6.154853559066182204e-07,2.520598686128405063e-07,1.006769956260545224e-07,4.065958453851717854e-08,1.669714345308242978e-08,6.963958997004935031e-09,2.941734887767875453e-09,1.255871735366209506e-09,5.410180160225029848e-10,2.349172190164566860e-10,1.027378388146300382e-10,4.524450171842877736e-11,2.008282098714600104e-11,9.019741728068514008e-12,4.147823753779378257e-12,2.070275572677437803e-12,1.272433721489694070e-12,9.702083748221598375e-13,8.842636454815569002e-13,9.169444613729162108e-13,1.025606697509132006e-12
3.500000000000000000e+00,6.978820692893350497e-06,4.189495467269007547e-06,2.438202392322043624e-06,1.336034438972396350e-06,6.145726138351868532e-07,2.515569153549497818e-07,1.004498418828054202e-07,4.056308931183225055e-08,1.665767923201928766e-08,6.947907619115851867e-09,2.935131871111784337e-09,1.253113545718793070e-09,5.398489454291110133e-10,2.344162919047891415e-10,1.025213611558908870e-10,4.515100315467935383e-11,2.004319135187026659e-11,9.004168840701532412e-12,4.143461980448039843e-12,2.071718480794220366e-12,1.277228697075801685e-12,9.775893232010539165e-13,8.941130565873478829e-13,9.293987783019654162e-13,1.040938322326719320e-12
3.550000000000000266e+00,6.978820692893349650e-06,4.178439873380458184e-06,2.432374408680390350e-06,1.332882750741009494e-06,6.136615112774015754e-07,2.510550198122893596e-07,1.002231683101142972e-07,4.046679784491008330e-08,1.661829789431053691e-08,6.931889828150987878e-09,2.928542646939855166e-09,1.250361119873060695e-09,5.386823126394627111e-10,2.339164134402513930e-10,1.023053350369849596e-10,4.505769939417746982e-11,2.000364402089288799e-11,8.988627915296038740e-12,4.139108582629690722e-12,2.073157566963312125e-12,1.282012695076791894e-12,9.849537134055364684e-13,9.039405397302859192e-13,9.418254785392217498e-13,1.056236031984676821e-12
3.600000000000000089e+00,6.978820692893350497e-06,4.166043510729442832e-06,2.426288447310883202e-06,1.330397359738233316e-06,6.128976655078554275e-07,2.505176015565262978e-07,9.997876001817122680e-08,4.036324702672551556e-08,1.657605662923271886e-08,6.914724028052894019e-09,2.921478798293879351e-09,1.247409050035611412e-09,5.374307002059453180e-10,2.333800015092768213e-10,1.020736839488346366e-10,4.495769087434199535e-11,1.996133500664441206e-11,8.972132800112818934e-12,4.134657421320183448e-12,2.074971074988832867e-12,1.287451828840219492e-12,9.932028415979780342e-13,9.148877397297409292e-13,9.556349490291315600e-13,1.073218528651153112e-12
3.650000000000000355e+00,6.978820692893349650e-06,4.152830541464440878e-06,2.420007756001509719e-06,1.328230650693996174e-06,6.122007525476175116e-07,2.499564147522631007e-07,9.972279704411181209e-08,4.025494055841698514e-08,1.653193193991477182e-08,6.896800882989262193e-09,2.914102644469094589e-09,1.244325881771369472e-09,5.361234151314764482e-10,2.328196348861608770e-10,1.018317611430767464e-10,4.485326578780911915e-11,1.991718903879091927e-11,8.954973973410260677e-12,4.130097122550942670e-12,2.076978630529493899e-12,1.293262632203023328e-12,1.001965604797333225e-12,9.264921779915868022e-13,9.702614049064936444e-13,1.091200776912336642e-12
3.700000000000000178e+00,6.978820692893350497e-06,4.138388521243905913e-06,2.413208927822963573e-06,1.326022141505206497e-06,6.114684004474553469e-07,2.493466888913557949e-07,9.944493594576420995e-08,4.013747600681955842e-08,1.648412539467799026e-08,6.877389941364367946e-09,2.906117423277940138e-09,1.240988527306324943e-09,5.347089091770054499e-10,2.322130191634725345e-10,1.015698592167260709e-10,4.474020076935412637e-11,1.986935116957388847e-11,8.936322170975922302e-12,4.125075771649068330e-12,2.079074785508017700e-12,1.299469170933728585e-12,1.011350483719413223e-12,9.389377817736931423e-13,9.859666576439592517e-13,1.110529838482092419e-12
3.750000000000000000e+00,6.978820692893350497e-06,4.123946501023370948e-06,2.406410099644417427e-06,1.323813632316417032e-06,6.107360483472931821e-07,2.487369630304484362e-07,9.916707484741662104e-08,4.002001145522212508e-08,1.643631884944120869e-08,6.857978999739473698e-09,2.898132202086786101e-09,1.237651172841280827e-09,5.332944032225342447e-10,2.316064034407841921e-10,1.013079572903754212e-10,4.462713575089914006e-11,1.982151330035685766e-11,8.917670368541585542e-12,4.120054420747193990e-12,2.081170940486541501e-12,1.305675709664433640e-12,1.020735362641493423e-12,9.513833855557994824e-13,1.001671910381424455e-12,1.129858900051847993e-12
3.800000000000000266e+00,6.978820692893351344e-06,4.109504480802835983e-06,2.399611271465871281e-06,1.321605123127627567e-06,6.100036962471311233e-07,2.481272371695411305e-07,9.888921374906903214e-08,3.990254690362469836e-08,1.638851230420442713e-08,6.838568058114580278e-09,2.890146980895632064e-09,1.234313818376236298e-09,5.318798972680631430e-10,2.309997877180958755e-10,1.010460553640247716e-10,4.451407073244415375e-11,1.977367543113982685e-11,8.899018566107250398e-12,4.115033069845321265e-12,2.083267095465065302e-12,1.311882248395139099e-12,1.030120241563573825e-12,9.638289893379060244e-13,1.017377163118890264e-12,1.149187961621603971e-12
3.850000000000000089e+00,6.978820692893350497e-06,4.095062460582301018e-06,2.392812443287325135e-06,1.319396613938838102e-06,6.092713441469688527e-07,2.475175113086338247e-07,9.861135265072145647e-08,3.978508235202727163e-08,1.634070575896764887e-08,6.819157116489686030e-09,2.882161759704478027e-09,1.230976463911191975e-09,5.304653913135920413e-10,2.303931719954075589e-10,1.007841534376741090e-10,4.440100571398916098e-11,1.972583756192279928e-11,8.880366763672912022e-12,4.110011718943446926e-12,2.085363250443589104e-12,1.318088787125844356e-12,1.039505120485654025e-12,9.762745931200123645e-13,1.033082415856355872e-12,1.168517023191359748e-12
3.900000000000000355e+00,6.978819330632117419e-06,4.034540349623882769e-06,2.361838013559794463e-06,1.313172509522905726e-06,6.047422084000984642e-07,2.418488410208419235e-07,9.605494199344420013e-08,3.875719737850301281e-08,1.594016067135904904e-08,6.662490081959175379e-09,2.819860515004609608e-09,1.205746199051583792e-09,5.200790615473952713e-10,2.260596002732225588e-10,9.895985873204351565e-11,4.363279526482334004e-11,1.940925272101616718e-11,8.761221314918263382e-12,4.081127258124233577e-12,2.102539353535687475e-12,1.361127878704793393e-12,1.102012074211116530e-12,1.057201294851283265e-12,1.133407895679340527e-12,1.290234479192001705e-12
3.950000000000000178e+00,6.978817919981388772e-06,3.972381406996534227e-06,2.330004831394993890e-06,1.306805765339296388e-06,6.000782053903061225e-07,2.360004696882671856e-07,9.341759395046390462e-08,3.769697295089375259e-08,1.552708579902647945e-08,6.500947511898589864e-09,2.755629886356364581e-09,1.179738266255887776e-09,5.093740395844613477e-10,2.215936416674399216e-10,9.708006556841336012e-11,4.284131309957426968e-11,1.908312159781827811e-11,8.638506186065563334e-12,4.051395145023820285e-12,2.120251118260454498e-12,1.405475315991925089e-12,1.166406001094945185e-12,1.140560544523571443e-12,1.236739208722436576e-12,1.415588919492191249e-12
4.000000000000000000e+00,6.978816429436388181e-06,3.873963552459097379e-06,2.278967439644173485e-06,1.295071720366433872e-06,5.920253222504006863e-07,2.260971254425575292e-07,8.883913947120995438e-08,3.584038385150698353e-08,1.480108095805600279e-08,6.216761234588121716e-09,2.642713449641908271e-09,1.134088615418177532e-09,4.906209671358536143e-10,2.137878626048069207e-10,9.380330310483317647e-11,4.146724574886510962e-11,1.852171145492325812e-11,8.432535496831244103e-12,4.008627680466841844e-12,2.160798053889038448e-12,1.493958712042046571e-12,1.292332808984988495e-12,1.302800535400850239e-12,1.437854766467754067e-12,1.659968778697766277e-12
4.049999999999999822e+00,6.978814914806599504e-06,3.764615149351119855e-06,2.222140780246288794e-06,1.281719658225402980e-06,5.829508331959605625e-07,2.149713761095370174e-07,8.367552241909970054e-08,3.374372404215761624e-08,1.398074079257672040e-08,5.895602998430953682e-09,2.515120273838221915e-09,1.082517806394598951e-09,4.694417433744332444e-10,2.049752670714809039e-10,9.010541270386423017e-11,3.991755328061411355e-11,1.788937450763858312e-11,8.201466731052998254e-12,3.961930601513729015e-12,2.208228840453350945e-12,1.595747257517570452e-12,1.436809212245999374e-12,1.488819777436007305e-12,1.668448192683080789e-12,1.940229833833885856e-12
4.100000000000000533e+00,6.978813346465066744e-06,3.655711602233919104e-06,2.165609890615718571e-06,1.268484780101029923e-06,5.739323568900708780e-07,2.039085828586857867e-07,7.854761080131064915e-08,3.166246825810074561e-08,1.316661213796883599e-08,5.576907531155803636e-09,2.388507960516151673e-09,1.031342280865788958e-09,4.484239633067067137e-10,1.962293460399500070e-10,8.643521903485581456e-11,3.837926476763128175e-11,1.726149917307208174e-11,7.971808406473809129e-12,3.915210441840559265e-12,2.254904675490759923e-12,1.696309704396778882e-12,1.579636137385658955e-12,1.672747619814979847e-12,1.896457011905844477e-12,2.217343837243784152e-12
4.150000000000000355e+00,6.978810438880984524e-06,3.557900044047484677e-06,2.116453690891827776e-06,1.258171754986567973e-06,5.663104961177106262e-07,1.944155294360557615e-07,7.430997444218913628e-08,2.996529469745090426e-08,1.250736059248668862e-08,5.319618464479295974e-09,2.286352361308849369e-09,9.900227092622526406e-10,4.314316020273525985e-10,1.891458794907876285e-10,8.345561254617925671e-11,3.712532118474696304e-11,1.674486918511057920e-11,7.777317863135669118e-12,3.867914790105500751e-12,2.282756634592424136e-12,1.766300747630100974e-12,1.681335161715026417e-12,1.804528739845334781e-12,2.060021532869817767e-12,2.415989609056394064e-12
4.200000000000000178e+00,6.978808414714876562e-06,3.461883252249573670e-06,2.064839452622779363e-06,1.247998266283858755e-06,5.587360398548434550e-07,1.848853050028338799e-07,6.981339490901920650e-08,2.811338646187506769e-08,1.177461723069718038e-08,5.030521253750410532e-09,2.170940910081443451e-09,9.432397916549648985e-10,4.121872095317784263e-10,1.811320042006381561e-10,8.009328465103065336e-11,3.571856181892684627e-11,1.617403265170050947e-11,7.572857656895903825e-12,3.832519022736054075e-12,2.334194353232386220e-12,1.868762554245677830e-12,1.824775780608176521e-12,1.988526583223858985e-12,2.287879598108251987e-12,2.692670433446671137e-12
4.250000000000000000e+00,6.978808414714875715e-06,3.369978789382125315e-06,2.007593137061624655e-06,1.238144495861241073e-06,5.512702010349315596e-07,1.752699110326690303e-07,6.472350166505435813e-08,2.590693632919625576e-08,1.087348286031431032e-08,4.668542384524170417e-09,2.025156467634249237e-09,8.839387680858011309e-10,3.877827621221027756e-10,1.709862933651041532e-10,7.585403131187658088e-11,3.396165729259083517e-11,1.547899324347957426e-11,7.345554069233658384e-12,3.824389332477692582e-12,2.439673869131580129e-12,2.045624271905326251e-12,2.063858466360779856e-12,2.292168043427228105e-12,2.663052770121850198e-12,3.148152134852077418e-12
4.299999999999999822e+00,6.978808414714876562e-06,3.278074326514677806e-06,1.950346821500470370e-06,1.228290725438623391e-06,5.438043622150198760e-07,1.656545170625042072e-07,5.963360842108948330e-08,2.370048619651745045e-08,9.972348489931436958e-09,4.306563515297929476e-09,1.879372025187055024e-09,8.246377445166373634e-10,3.633783147124271248e-10,1.608405825295701502e-10,7.161477797272250839e-11,3.220475276625482408e-11,1.478395383525863258e-11,7.118250481571410520e-12,3.816259642219332704e-12,2.545153385030773229e-12,2.222485989564974267e-12,2.302941152113382788e-12,2.595809503630596821e-12,3.038225942135448812e-12,3.603633836257484104e-12
4.350000000000000533e+00,6.978808414714876562e-06,3.186169863647228180e-06,1.893100505939314391e-06,1.218436955016005709e-06,5.363385233951078747e-07,1.560391230923391988e-07,5.454371517712454229e-08,2.149403606383860212e-08,9.071214119548548704e-09,3.944584646071683572e-09,1.733587582739858536e-09,7.653367209474723551e-10,3.389738673027510604e-10,1.506948716940359921e-10,6.737552463356835836e-11,3.044784823991878713e-11,1.408891442703768444e-11,6.890946893909161041e-12,3.808129951960971211e-12,2.650632900929968753e-12,2.399347707224625515e-12,2.542023837865990970e-12,2.899450963833971192e-12,3.413399114149053485e-12,4.059115537662898463e-12
4.400000000000000355e+00,6.978808414714877409e-06,3.093832607839047270e-06,1.835651948017269971e-06,1.208402246670284318e-06,5.287866989300893438e-07,1.463697729374561495e-07,4.943437846615390118e-08,1.928109563751795105e-08,8.167939759754542827e-09,3.581874938972528605e-09,1.587539715490734155e-09,7.059360589354499531e-10,3.145301914319804560e-10,1.405332097803558206e-10,6.312956290843794897e-11,2.868799017080903179e-11,1.339246487608103020e-11,6.662857434501995224e-12,3.799451539853204049e-12,2.755664224758936233e-12,2.575760764999272864e-12,2.780593479750411375e-12,3.202470556635310567e-12,3.787806708153034931e-12,4.513666194047214835e-12
4.450000000000000178e+00,6.978808414714876562e-06,3.008245899092869123e-06,1.776033105741179176e-06,1.195185646888255108e-06,5.199260013574259571e-07,1.375235089585004414e-07,4.468417195956154880e-08,1.718463974337303078e-08,7.298581511461244479e-09,3.228871896179267664e-09,1.444408193020119115e-09,6.474880052682062924e-10,2.904285505819501524e-10,1.305077247536335042e-10,5.894459438589328271e-11,2.696020972323669381e-11,1.271711029624166601e-11,6.452395495652652204e-12,3.808349894721767748e-12,2.879933773248816220e-12,2.774522821677312607e-12,3.045735874890989820e-12,3.537005901444352414e-12,4.199098363604353987e-12,5.010865263941447566e-12
4.500000000000000000e+00,6.978808414714876562e-06,2.945866928250268088e-06,1.718068203546916969e-06,1.181308043703424946e-06,5.111019710200745951e-07,1.315386106396259044e-07,4.107300094959286772e-08,1.546253884598187121e-08,6.544903795763358729e-09,2.912137032976045339e-09,1.313344083311391673e-09,5.933446258861685849e-10,2.679647094228788940e-10,1.211431938723637858e-10,5.504402229913284660e-11,2.536665883113761694e-11,1.211581874011415372e-11,6.293343104820120464e-12,3.862238144027356576e-12,3.049376796188025236e-12,3.023840249015974059e-12,3.370443216713947798e-12,3.942543796696702341e-12,4.694495794607073453e-12,5.606537840156484905e-12
4.549999999999999822e+00,6.978808414714876562e-06,2.883487957407667476e-06,1.660103301352654550e-06,1.167430440518594784e-06,5.022779406827231273e-07,1.255537123207513673e-07,3.746182993962418664e-08,1.374043794859070502e-08,5.791226080065472978e-09,2.595402169772821360e-09,1.182279973602663817e-09,5.392012465041307740e-10,2.455008682638076356e-10,1.117786629910940545e-10,5.114345021237239756e-11,2.377310793903854330e-11,1.151452718398664305e-11,6.134290713987587916e-12,3.916126393332946212e-12,3.218819819127234251e-12,3.273157676354635915e-12,3.695150558536905775e-12,4.348081691949052673e-12,5.189893225609793727e-12,6.202210416371521437e-12
4.600000000000000533e+00,6.978808414714876562e-06,2.837165966720665920e-06,1.616550402487046680e-06,1.156303239317001916e-06,4.953463845040155839e-07,1.215163284032556702e-07,3.505405009320847843e-08,1.253041679534265143e-08,5.235813898962769216e-09,2.353504006144270110e-09,1.079720526539548796e-09,4.961475390229907047e-10,2.274536533796641227e-10,1.042143068075510210e-10,4.799537245416008345e-11,2.250552363404287264e-11,1.106395315879905392e-11,6.054423202009741315e-12,4.021295929177852904e-12,3.431341733703324990e-12,3.566621443423066787e-12,4.068604797715379852e-12,4.808617960531813193e-12,5.747654971579954402e-12,6.868545129904680062e-12
4.650000000000000355e+00,6.978808414714876562e-06,2.794552165560865313e-06,1.576325803170383380e-06,1.145811214327312084e-06,4.888518751913798008e-07,1.179287023130277897e-07,3.292418069237906647e-08,1.143865503619747317e-08,4.726189043488313760e-09,2.128888585779016244e-09,9.837439294566023993e-10,4.556548738302828372e-10,2.104264115626566731e-10,9.706568190701113030e-11,4.502107529238372841e-11,2.131321786042739024e-11,1.064818575131797625e-11,5.992842599253685607e-12,4.138308335091953860e-12,3.653812262107370171e-12,3.870280340152471902e-12,4.453316616619644919e-12,5.281855521015068016e-12,6.319819095668045752e-12,7.551198515755622063e-12
4.700000000000000178e+00,6.978808414714876562e-06,2.751938364401064706e-06,1.536101203853720504e-06,1.135319189337622463e-06,4.823573658787440177e-07,1.143410762227999357e-07,3.079431129154965452e-08,1.034689327705229821e-08,4.216564188013859131e-09,1.904273165413762377e-09,8.877673323736563130e-10,4.151622086375749696e-10,1.933991697456492493e-10,8.991705700647122664e-11,4.204677813060737338e-11,2.012091208681191107e-11,1.023241834383690020e-11,5.931261996497631515e-12,4.255320741006055623e-12,3.876282790511415353e-12,4.173939236881877825e-12,4.838028435523909987e-12,5.755093081498322032e-12,6.891983219756137102e-12,8.233851901606564872e-12
4.750000000000000000e+00,6.978808414714876562e-06,2.714759818501517163e-06,1.501063442449864771e-06,1.122922477764340494e-06,4.755085207087666562e-07,1.111760573129593485e-07,2.900216896321588846e-08,9.420959215655642815e-09,3.777776497133425313e-09,1.708216242326082673e-09,8.031395034954133152e-10,3.792077153146057714e-10,1.782134400743383270e-10,8.352995350749345212e-11,3.939547757132484813e-11,1.907135743760336584e-11,9.884902538092434860e-12,5.907463306133510153e-12,4.398354678719355431e-12,4.121711874833562704e-12,4.501242608998712697e-12,5.248319091745985813e-12,6.256475602096918099e-12,7.495420367352439172e-12,8.951366791225637451e-12
4.800000000000000711e+00,6.978808414714876562e-06,2.688678834128858557e-06,1.469247522617559720e-06,1.111930660287068297e-06,4.695456753778704507e-07,1.091195708153622156e-07,2.796228011707035835e-08,8.852939878531849661e-09,3.485667459410974071e-09,1.568441629194187775e-09,7.397542961312853535e-10,3.513475162599159370e-10,1.661815111014296765e-10,7.841238583733032951e-11,3.728254768711135636e-11,1.827315371012044499e-11,9.677339997532000054e-12,5.983939982514404773e-12,4.632662070974434025e-12,4.464361113887060727e-12,4.939053795343340915e-12,5.786272498227031628e-12,6.905898334138102657e-12,8.270259157002749766e-12,9.866322000143889292e-12
4.850000000000000533e+00,6.978808414714876562e-06,2.663425512094741475e-06,1.436938595841942372e-06,1.101145030810567128e-06,4.635155071519421643e-07,1.072299310668175745e-07,2.698731504592532557e-08,8.307936898059745716e-09,3.200654899604500151e-09,1.430667113328268451e-09,6.769036950855317455e-10,3.236230268290511699e-10,1.541798208211051039e-10,7.329743220610488280e-11,3.516516832541860664e-11,1.746858962530005146e-11,9.462592079032709008e-12,6.052487406609576896e-12,4.858109809547651514e-12,4.796990939662684589e-12,5.365468496957690796e-12,6.311239522231999421e-12,7.540539879366057613e-12,9.028287316009912887e-12,1.076220372904639474e-11
4.900000000000000355e+00,6.978808414714876562e-06,2.637063793803559800e-06,1.405345064621971961e-06,1.091468973356002071e-06,4.577362931719786257e-07,1.053449959546271119e-07,2.596396378544432623e-08,7.729992010419806734e-09,2.899055498815141867e-09,1.285523433848779677e-09,6.109495002153676295e-10,2.946118389509445832e-10,1.416419954306430317e-10,6.795405753848893515e-11,3.294578238989567375e-11,1.661389765820660828e-11,9.218535013681046262e-12,6.099326508561079447e-12,5.063584128087913771e-12,5.108483984304179563e-12,5.768157363832040710e-12,6.809123019744566644e-12,8.144130145697764203e-12,9.750746926090423643e-12,1.161751541758892916e-11
4.950000000000000178e+00,6.978808414714875715e-06,2.610702075512378125e-06,1.373751533402001551e-06,1.081792915901437225e-06,4.519570791920149812e-07,1.034600608424366493e-07,2.494061252496333351e-08,7.152047122779869407e-09,2.597456098025783584e-09,1.140379754369290902e-09,5.449953053452035135e-10,2.656006510728379448e-10,1.291041700401809853e-10,6.261068287087301335e-11,3.072639645437274085e-11,1.575920569111315863e-11,8.974477948329383517e-12,6.146165610512582806e-12,5.269058446628176837e-12,5.419977028945673729e-12,6.170846230706389008e-12,7.307006517257132251e-12,8.747720412029469179e-12,1.047320653617092955e-11,1.247282710613146359e-11
5.000000000000000000e+00,6.978808414714877409e-06,2.594741320448361515e-06,1.354919079833491014e-06,1.072798890087001634e-06,4.469995264371262220e-07,1.020356075846430828e-07,2.438759534168491144e-08,6.863916947578550633e-09,2.438765672764627643e-09,1.057782165646383610e-09,5.048928950740544541e-10,2.470860636148882549e-10,1.208567498364728887e-10,5.907137599947134312e-11,2.931385208754853177e-11,1.531324746721431249e-11,8.986106415743764857e-12,6.398944707445118350e-12,5.676805721254416606e-12,5.953532698857824245e-12,6.827877320671013932e-12,8.099211425344524960e-12,9.692235445757248978e-12,1.158942092294307145e-11,1.378038629866002869e-11
5.050000000000000711e+00,6.978808414714876562e-06,2.577895849753037700e-06,1.330058204881130454e-06,1.060497477874667086e-06,4.410292574879447946e-07,1.004509162248098403e-07,2.379220142008649985e-08,6.555292369803576063e-09,2.270158572014604984e-09,9.709362826342165614e-10,4.631333332377257232e-10,2.279532882033724187e-10,1.123777170365261352e-10,5.543913409341296592e-11,2.785655751282458355e-11,1.483797600288256476e-11,8.971740964284387361e-12,6.624147054717003214e-12,6.053013174768004605e-12,6.450035715144578206e-12,7.441133598936461290e-12,8.839806208513704656e-12,1.057617157947636044e-11,1.263493839957164986e-11,1.500602796446477616e-11
5.100000000000000533e+00,6.978808414714876562e-06,2.561050379057714732e-06,1.305197329928770528e-06,1.048196065662332750e-06,4.350589885387636319e-07,9.886622486497665065e-08,2.319680749848809487e-08,6.246667792028607282e-09,2.101551471264584394e-09,8.840903996220509600e-10,4.213737714013977678e-10,2.088205127918568927e-10,1.038986842365795497e-10,5.180689218735464688e-11,2.639926293810066118e-11,1.436270453855082833e-11,8.957375512825011482e-12,6.849349401988884847e-12,6.429220628281585333e-12,6.946538731431323280e-12,8.054389877201897339e-12,9.580400991682873044e-12,1.146010771319545737e-11,1.368045587620021049e-11,1.623166963026950424e-11
5.150000000000000355e+00,6.978808414714876562e-06,2.544204908362391765e-06,1.280336454976410603e-06,1.035894653449998626e-06,4.290887195895823633e-07,9.728153350514344780e-08,2.260141357688968989e-08,5.938043214253637675e-09,1.932944370514564630e-09,7.972445166098853587e-10,3.796142095650698123e-10,1.896877373803413926e-10,9.541965143663297705e-11,4.817465028129632138e-11,2.494196836337673881e-11,1.388743307421909191e-11,8.943010061365633986e-12,7.074551749260764056e-12,6.805428081795166061e-12,7.443041747718069162e-12,8.667646155467333388e-12,1.032099577485204143e-11,1.234404384691455429e-11,1.472597335282877112e-11,1.745731129607423232e-11
5.200000000000000178e+00,6.978808414714876562e-06,2.529812941811283228e-06,1.260952761064372739e-06,1.025760047456223599e-06,4.238550915252942769e-07,9.592738139118217041e-08,2.211890703544483272e-08,5.692554942153098026e-09,1.795213466666177165e-09,7.238647664254068851e-10,3.433621418245857525e-10,1.727543854607886529e-10,8.782132742872673935e-11,4.490359584597961895e-11,2.364138937565710143e-11,1.348888260033356509e-11,8.975405067800879518e-12,7.337292702768106680e-12,7.219080114601039197e-12,7.981495785794869616e-12,9.329902016763050991e-12,1.111925699898188153e-11,1.329572499122132550e-11,1.585064691881603001e-11,1.877471475777802736e-11
5.250000000000000000e+00,6.978808414714876562e-06,2.516518678386878652e-06,1.244019569943482488e-06,1.016594875309415499e-06,4.189510382059734082e-07,9.467637304064938576e-08,2.168690655507684754e-08,5.475313991464601419e-09,1.671296640923015827e-09,6.565097935556235956e-10,3.095741390026679564e-10,1.568050604277478037e-10,8.061703446291954092e-11,4.179413747598629335e-11,2.241092528473256691e-11,1.312465726557416542e-11,9.028720805492322536e-12,7.616828510905697740e-12,7.649484934176891815e-12,8.538718802883174280e-12,1.001408039880380102e-11,1.194331831507314106e-11,1.427771540161027593e-11,1.701073509251513574e-11,2.013317264790329773e-11
5.300000000000000711e+00,6.978808414714876562e-06,2.506752026307908455e-06,1.221275185033609783e-06,1.003235828940982172e-06,4.133753314763683818e-07,9.332490933456561076e-08,2.130726179888560331e-08,5.316186146634632258e-09,1.586186663793611889e-09,6.103359806004825263e-10,2.861026816781082578e-10,1.455931764915520624e-10,7.553908934999060154e-11,3.964332399475496188e-11,2.162846866182153889e-11,1.298871774185976399e-11,9.218485764071235439e-12,7.997471587173747888e-12,8.171104956859353849e-12,9.189477934841989759e-12,1.080008847147362667e-11,1.288030517795994073e-11,1.538547578668702603e-11,1.831070018014675051e-11,2.164666071790749634e-11
5.350000000000000533e+00,6.978808414714877409e-06,2.497641129857932603e-06,1.197450544204040212e-06,9.890971738348454119e-07,4.076747695795136698e-07,9.195477175587669910e-08,2.093734956634195114e-08,5.167861078117979885e-09,1.508290579275966399e-09,5.680995812327600088e-10,2.645489902634523516e-10,1.352619461654269772e-10,7.085641583508750909e-11,3.767071517397339222e-11,2.092929315755226862e-11,1.289521478242444508e-11,9.433615576061383207e-12,8.396909721546627829e-12,8.709681179369310948e-12,9.857624706150550763e-12,1.160502589499585490e-11,1.383828402542693968e-11,1.651661583601352087e-11,1.963666730278034935e-11,2.318896769769635508e-11
5.400000000000000355e+00,6.978808414714876562e-06,2.489534292680209739e-06,1.178715191091294887e-06,9.770780960849009580e-07,4.024138393169647757e-07,9.065818992018929124e-08,2.058636285871086420e-08,5.034608995949411870e-09,1.440373742840485050e-09,5.310402927219023338e-10,2.452768238788192621e-10,1.258712858441893193e-10,6.658457872645892393e-11,3.592189907003630454e-11,2.039796332886831494e-11,1.296305287376769983e-11,9.824023601461352721e-12,8.996392412123984189e-12,9.480916360752583658e-12,1.079814907172533681e-11,1.272892142391891156e-11,1.516865014791168125e-11,1.808057485550160849e-11,2.146299480185942079e-11,2.530577852965546255e-11
5.450000000000000178e+00,6.978808414714877409e-06,2.482869315771834369e-06,1.164317320312831878e-06,9.665974247819756942e-07,3.976359752947680644e-07,8.939902341981255346e-08,2.025551388335847778e-08,4.922404271746100184e-09,1.387294040793175920e-09,5.020907772750701215e-10,2.298165383120123390e-10,1.181589385454553584e-10,6.306517967409441039e-11,3.455279071190261671e-11,2.010647199903674938e-11,1.322735776172521633e-11,1.040931493514049338e-11,9.809632119827665166e-12,1.049700046511146662e-11,1.202376909654233057e-11,1.418605182702504110e-11,1.688769555376658821e-11,2.009591014821793613e-11,2.381063953294434574e-11,2.802056143708554569e-11
5.500000000000000000e+00,6.978808414714876562e-06,2.475770566481960300e-06,1.152444945465850816e-06,9.580579089589664179e-07,3.933763999078473251e-07,8.819140070636537226e-08,1.992932415775261389e-08,4.807074131486913833e-09,1.330690416244262625e-09,4.707643679532285968e-10,2.130572477106288539e-10,1.097996567454387213e-10,5.922629085405173234e-11,3.301398619364471137e-11,1.970929979234042256e-11,1.341027695928194586e-11,1.091889292420841341e-11,1.054354288167957288e-11,1.142492421321791983e-11,1.314891951485289808e-11,1.552770612062880936e-11,1.847401812443053199e-11,2.195916193653596847e-11,2.598485422428020454e-11,3.053869526103006573e-11
5.550000000000000711e+00,6.978808414714876562e-06,2.468671817192086230e-06,1.140572570618869330e-06,9.495183931359572474e-07,3.891168245209264798e-07,8.698377799291816458e-08,1.960313443214674668e-08,4.691743991227725001e-09,1.274086791695348502e-09,4.394379586313866584e-10,1.962979571092450844e-10,1.014403749454219551e-10,5.538740203400898319e-11,3.147518167538678665e-11,1.931212758564409574e-11,1.359319615683867863e-11,1.142847091327634151e-11,1.127745364353149351e-11,1.235284796132438758e-11,1.427406993316348499e-11,1.686936041423260023e-11,2.006034069509450163e-11,2.382241372485403311e-11,2.815906891561610212e-11,3.305682908497462132e-11
5.600000000000000533e+00,6.978808414714876562e-06,2.461573067902212161e-06,1.128700195771888057e-06,9.409788773129481828e-07,3.848572491340056876e-07,8.577615527947097015e-08,1.927694470654088279e-08,4.576413850968538651e-09,1.217483167146435207e-09,4.081115493095452371e-10,1.795386665078615993e-10,9.308109314540533094e-11,5.154851321396629868e-11,2.993637715712888131e-11,1.891495537894777538e-11,1.377611535439540979e-11,1.193804890234426154e-11,1.201136440538339961e-11,1.328077170943084241e-11,1.539922035147405250e-11,1.821101470783637172e-11,2.164666326575844542e-11,2.568566551317206868e-11,3.033328360695195770e-11,3.557496290891914459e-11
5.650000000000000355e+00,6.978808414714876562e-06,2.456430512615385991e-06,1.117555327887872587e-06,9.322523187695148123e-07,3.807213665938486211e-07,8.468757038099850236e-08,1.898963574388603562e-08,4.483004420956465396e-09,1.176040307585537692e-09,3.863106092730463403e-10,1.679878518121734753e-10,8.733970345686159313e-11,4.899811343778354431e-11,2.906196524126058772e-11,1.890725119407816444e-11,1.423807774105380678e-11,1.269336098116740463e-11,1.299520234691924330e-11,1.448268369090391925e-11,1.683464482184677802e-11,1.990787940204719714e-11,2.363996638467133051e-11,2.801364472504847900e-11,3.303565056013360350e-11,3.868971733298342557e-11
5.700000000000000178e+00,6.978808414714876562e-06,2.453323226948147562e-06,1.107167375124472009e-06,9.233311566408286605e-07,3.767141769608298624e-07,8.372283518660581680e-08,1.874277922894203409e-08,4.412401806391227483e-09,1.150371059610059817e-09,3.744201884481181852e-10,1.618560562724051243e-10,8.432202944965379220e-11,4.778828755256084044e-11,2.887880280116769316e-11,1.930475857380259004e-11,1.499036313475873127e-11,1.370434050738911397e-11,1.423907032388470165e-11,1.596965938621444186e-11,1.859288561356815214e-11,2.197431323704385366e-11,2.605670150691480733e-11,3.082513712891072416e-11,3.628751937835315604e-11,4.242520966952033935e-11
5.750000000000000000e+00,6.978808414714876562e-06,2.449251214549658580e-06,1.092334395450222201e-06,9.114446473269977408e-07,3.717087942250921275e-07,8.255622452617983821e-08,1.845229000047404582e-08,4.327525381298109778e-09,1.117318001685588335e-09,3.582213946736271416e-10,1.533838973112181609e-10,8.012433738758901437e-11,4.600480072799854349e-11,2.841435595601781750e-11,1.955453251751793621e-11,1.565269323343914729e-11,1.464787885032484381e-11,1.542159469495883804e-11,1.739353597104203520e-11,2.028220037669182464e-11,2.396372831188919371e-11,2.838690508932839293e-11,3.353962395633995719e-11,3.943103122635873761e-11,4.604046503751064427e-11
5.800000000000000711e+00,6.978808414714876562e-06,2.445015722175175260e-06,1.076748173568473186e-06,8.990556383197931709e-07,3.665342603927958412e-07,8.135540459667074644e-08,1.815440689068359444e-08,4.240230154976769372e-09,1.083013703348565162e-09,3.412925157013754396e-10,1.445151467105976849e-10,7.572668266559973708e-11,4.412410287615325397e-11,2.790224341829743347e-11,1.977927195375049496e-11,1.629977975174099719e-11,1.557998879320958332e-11,1.659372394491354076e-11,1.880671995170220768e-11,2.195983512190420413e-11,2.594009199647782409e-11,3.070244527163512459e-11,3.623767248182020476e-11,4.255618119600484569e-11,4.963534537483697584e-11
5.850000000000000533e+00,6.978808414714876562e-06,2.441079340848337199e-06,1.061395855075959176e-06,8.865369213851436551e-07,3.614103263532437315e-07,8.018400900853204850e-08,1.786340145077402496e-08,4.156022043227561841e-09,1.050829663394176943e-09,3.257664632340837739e-10,1.364497621810445646e-10,7.175055870685713384e-11,4.246165866941660506e-11,2.751087736467163274e-11,2.008176901731904580e-11,1.700818630692087270e-11,1.656991163891877809e-11,1.782673428532116301e-11,2.028757681476621321e-11,2.371435946934695888e-11,2.800441167147428964e-11,3.311851740462933714e-11,3.905022605291483246e-11,4.581110849238583943e-11,5.337640845767127973e-11
5.900000000000000355e+00,6.978808414714876562e-06,2.438229146180661820e-06,1.046892929285318982e-06,8.735471853373992060e-07,3.564701395215192342e-07,7.911946446218119596e-08,1.759737146171975181e-08,4.083024425674252282e-09,1.026345092875389745e-09,3.153346105524654495e-10,1.313017072375654817e-10,6.930517423456815288e-11,4.159177695576363474e-11,2.755798799452786890e-11,2.066663377718436197e-11,1.793926937813259175e-11,1.776977525501998296e-11,1.928082715934248270e-11,2.201417980667709166e-11,2.574809938180633022e-11,3.038813320115506030e-11,3.589965951586755431e-11,4.227859125628563017e-11,4.953730691723563659e-11,5.764831702154216166e-11
5.950000000000000178e+00,6.978808414714877409e-06,2.435378951512986016e-06,1.032390003494679000e-06,8.605574492896544392e-07,3.515299526897946840e-07,7.805491991583033019e-08,1.733134147266547865e-08,4.010026808120941896e-09,1.001860522356602547e-09,3.049027578708471252e-10,1.261536522940864247e-10,6.685978976227917192e-11,4.072189524211065795e-11,2.760509862438410183e-11,2.125149853704967491e-11,1.887035244934431726e-11,1.896963887112118461e-11,2.073492003336379915e-11,2.374078279858797335e-11,2.778183929426570479e-11,3.277185473083583420e-11,3.868080162710576501e-11,4.550695645965642788e-11,5.326350534208543375e-11,6.192022558541303712e-11
6.000000000000000000e+00,6.978808414714875715e-06,2.432798079273338107e-06,1.018947741228561425e-06,8.482745740774316034e-07,3.468194058816682207e-07,7.701586757138477566e-08,1.707155717644996289e-08,3.939454247633488988e-09,9.790930721177267148e-10,2.957533295212059762e-10,1.218269511947518285e-10,6.489596715616573660e-11,4.013532095406351670e-11,2.783535220433771230e-11,2.197562490723696362e-11,1.992689271703255563e-11,2.029725026498283019e-11,2.232827166882850268e-11,2.562407198765928864e-11,2.999407370596739783e-11,3.535949103693040720e-11,4.169446609958688460e-11,4.899938223509954574e-11,5.728808596961854489e-11,6.652728204759113536e-11
6.050000000000000711e+00,6.978808414714876562e-06,2.431595599425097420e-06,1.010933955687351951e-06,8.396094131588213514e-07,3.432841568889076377e-07,7.610728433567171142e-08,1.684373834093171849e-08,3.881293131052815248e-09,9.651138447769297118e-10,2.931673498776267088e-10,1.217039396942082105e-10,6.539677854726108052e-11,4.099871428566024081e-11,2.900293154212983285e-11,2.341249230493010050e-11,2.162552301167034012e-11,2.227867488254665753e-11,2.463434975123627171e-11,2.830928125292329569e-11,3.311984310049731744e-11,3.899076332374340244e-11,4.589818019369156596e-11,5.384327021916916021e-11,6.283978693733925859e-11,7.284962570811236665e-11
6.100000000000000533e+00,6.978808414714876562e-06,2.430393119576856732e-06,1.002920170146142689e-06,8.309442522402113111e-07,3.397489078961471606e-07,7.519870109995867365e-08,1.661591950541347741e-08,3.823132014472142335e-09,9.511346174361327087e-10,2.905813702340473897e-10,1.215809281936645667e-10,6.589758993835641152e-11,4.186210761725695199e-11,3.017051087992193401e-11,2.484935970262321477e-11,2.332415330630809875e-11,2.426009950011044609e-11,2.694042783364400196e-11,3.099449051818726398e-11,3.624561249502717243e-11,4.262203561055634599e-11,5.010189428779617624e-11,5.868715820323869714e-11,6.839148790505986888e-11,7.917196936863346870e-11
6.150000000000000355e+00,6.978808414714878256e-06,2.429046876521380284e-06,9.934206926084987085e-07,8.211010051007673870e-07,3.358879057471826877e-07,7.424304417462901008e-08,1.637904312042936213e-08,3.762727388993068540e-09,9.361549516682469453e-10,2.873532914265569972e-10,1.210550126514576553e-10,6.616122635731544267e-11,4.258551897251001903e-11,3.124757649851859911e-11,2.621725701947972295e-11,2.496017855793986592e-11,2.617709959901163850e-11,2.917552676924125576e-11,3.359911935043052443e-11,3.927892531117765511e-11,4.614710333757584439e-11,5.418397079097599453e-11,6.339244205612406358e-11,7.378614069098269378e-11,8.531755340262420348e-11
6.200000000000000178e+00,6.978808414714875715e-06,2.427380524495296497e-06,9.806131131944491257e-07,8.086345835435707518e-07,3.313015684480864433e-07,7.318257106847332933e-08,1.612199882954308313e-08,3.697327275879716974e-09,9.189476692437303529e-10,2.826954886560446953e-10,1.196319746777938040e-10,6.589675939263691324e-11,4.299724079876479026e-11,3.212310060983829340e-11,2.743158276539224156e-11,2.645680488924526800e-11,2.795064945951504197e-11,3.125258066635621432e-11,3.602432453206718873e-11,4.210637057122848936e-11,4.943569169715003677e-11,5.799520411552571546e-11,6.778910434575935609e-11,7.883110364473437148e-11,9.106955730452770395e-11
6.250000000000000000e+00,6.978808414714876562e-06,2.425804234866574457e-06,9.688002125525571465e-07,7.969739552549800209e-07,3.269233927924319738e-07,7.215598745400805190e-08,1.587160732607626696e-08,3.633555424245332317e-09,9.024620113571677046e-10,2.784890488371734252e-10,1.184899958387152840e-10,6.580094024031692668e-11,4.351248247254905679e-11,3.306882501294709123e-11,2.870135509507198950e-11,2.800434456588164401e-11,2.977615062937759132e-11,3.338589693997206884e-11,3.851223533390913750e-11,4.500455091434565102e-11,5.280436313328552445e-11,6.189704510369934989e-11,7.228796598810045629e-11,8.399087314595800187e-11,9.694982900991940462e-11
6.300000000000000711e+00,6.978808414714876562e-06,2.424692393627652778e-06,9.590810364091879405e-07,7.863247568058658855e-07,3.229722467898344344e-07,7.119369928480282657e-08,1.563625277202135995e-08,3.574920647917471165e-09,8.895476394442143753e-10,2.769212871543290886e-10,1.190702278787149122e-10,6.677618677260815656e-11,4.471757433670000098e-11,3.451010698215675386e-11,3.038354591520565829e-11,2.994389454618069684e-11,3.200884036998069527e-11,3.596336701343388768e-11,4.149615715562966718e-11,4.846206500132643869e-11,5.680537074272681448e-11,6.651288189926416903e-11,7.759037677472872573e-11,9.005119497902409571e-11,1.038340361346626468e-10
6.350000000000000533e+00,6.978808414714876562e-06,2.423894938560388369e-06,9.454154175212511614e-07,7.707424667732423785e-07,3.181391899979014645e-07,7.006514955118226899e-08,1.537414589021148319e-08,3.513359946218981759e-09,8.785888581298861359e-10,2.776293312135943808e-10,1.212770762406464976e-10,6.882043102286153819e-11,4.665705941205972381e-11,3.651692991254550779e-11,3.256438097773775617e-11,3.237507349420080323e-11,3.476215865668007334e-11,3.911389409937337534e-11,4.512257504294610761e-11,5.264518692091920139e-11,6.162687015207837126e-11,7.205469650095767434e-11,8.393398746662704201e-11,9.727704553674278404e-11,1.120160171843939900e-10
6.400000000000000355e+00,6.978808414714876562e-06,2.423112243825364767e-06,9.320780527538498404e-07,7.553696415342205977e-07,3.133312628865933423e-07,6.892678125565767019e-08,1.510990424911272080e-08,3.451271657212879204e-09,8.674624197998318529e-10,2.783141303757389731e-10,1.234947615050336045e-10,7.087448776854700892e-11,4.860279029335766588e-11,3.852913831089292679e-11,3.475185697488205526e-11,3.481542795373951032e-11,3.752794341766828110e-11,4.228088888790474633e-11,4.877004740948257064e-11,5.685454557490362112e-11,6.648037957001139294e-11,7.763491514677510368e-11,9.032299839442656389e-11,1.045558602607393102e-10,1.202589751049408271e-10
6.450000000000000178e+00,6.978808414714876562e-06,2.422672061705054436e-06,9.254471309251654205e-07,7.463684448880429467e-07,3.100061683709146993e-07,6.810789019811959170e-08,1.490355660628976880e-08,3.400799007166781929e-09,8.600573271280110486e-10,2.811228286042880708e-10,1.271621222300290027e-10,7.395479110645918561e-11,5.132095767688931418e-11,4.119149149327760683e-11,3.755847781279709564e-11,3.790330938654110302e-11,4.100946413831178769e-11,4.626048310823816453e-11,5.334985134225019178e-11,6.213584930334439102e-11,7.256364988818943407e-11,8.461973429303583012e-11,9.830750959345118967e-11,1.136365104814949162e-10,1.305235957567578347e-10
6.500000000000000000e+00,6.978808414714876562e-06,2.422216877584730978e-06,9.189018499863062734e-07,7.375519536616657431e-07,3.066758728768624813e-07,6.727180605046427035e-08,1.469419611140973106e-08,3.350007567991249605e-09,8.529572572390565222e-10,2.842053075919534057e-10,1.310184509929145465e-10,7.717625674679359380e-11,5.415627946913570511e-11,4.395947916201762318e-11,4.046663893338266883e-11,4.109348742896060837e-11,4.459749155395068016e-11,5.035353708975891177e-11,5.805230486389895438e-11,6.755092889107212837e-11,7.879358747188635390e-11,9.176565268280030226e-11,1.064690606910081193e-10,1.229114963486544597e-10,1.410009785899987859e-10
6.550000000000000711e+00,6.978808414714876562e-06,2.421751577524824837e-06,9.124143172187927316e-07,7.288600104199357606e-07,3.033420703315536895e-07,6.642412849788187766e-08,1.448280403211730240e-08,3.299001167372561207e-09,8.460628660622836602e-10,2.874723986057303441e-10,1.350022020496744095e-10,8.049290898367661530e-11,5.707059918961694454e-11,4.679869680548732865e-11,4.344326928232551324e-11,4.435264469558448304e-11,4.825733707989444542e-11,5.452309767628202176e-11,6.283746174709224983e-11,7.305621435195008945e-11,8.512242368213071371e-11,9.902020126938466988e-11,1.147499908657367662e-10,1.323175239206590915e-10,1.516218282523895400e-10
6.600000000000000533e+00,6.978808414714876562e-06,2.421286277464918695e-06,9.059267844512792957e-07,7.201680671782058840e-07,3.000082677862449507e-07,6.557645094529951145e-08,1.427141195282487539e-08,3.247994766753874877e-09,8.391684748855107981e-10,2.907394896195072826e-10,1.389859531064342467e-10,8.380956122055957217e-11,5.998491891009814519e-11,4.963791444895698888e-11,4.641989963126831887e-11,4.761180196220829955e-11,5.191718260583814606e-11,5.869265826280505420e-11,6.762261863028546127e-11,7.856149981282794714e-11,9.145125989237495719e-11,1.062747498559689212e-10,1.230309210404652837e-10,1.417235514926635941e-10,1.622426779147801390e-10
6.650000000000000355e+00,6.978808414714876562e-06,2.420867166118793924e-06,8.979534895968915920e-07,7.092424626526886498e-07,2.963017962169951004e-07,6.465170211558062992e-08,1.404779485081013018e-08,3.195879550719813181e-09,8.335343542444740919e-10,2.952030985472690431e-10,1.437980514355236236e-10,8.771649136765490431e-11,6.336383203737189423e-11,5.288558269942572709e-11,4.979169541922153168e-11,5.128025450107076379e-11,5.601906603044029949e-11,6.335059811421848429e-11,7.295341361519999659e-11,8.467891903891809966e-11,9.846691035197431728e-11,1.142981501095066289e-10,1.321695852041064870e-10,1.520827437356522700e-10,1.739177034197298517e-10
6.700000000000000178e+00,6.978808414714876562e-06,2.420536242827665030e-06,8.871434309986740164e-07,6.940521313571034248e-07,2.918837881339898327e-07,6.357980119024497339e-08,1.380083652779334944e-08,3.141647274762951711e-09,8.303064666031730866e-10,3.019512176716638329e-10,1.501917122033129877e-10,9.275043841016498731e-11,6.762979279067854040e-11,5.691310519662506723e-11,5.391798009883683552e-11,5.573017400497749602e-11,6.096493187685200558e-11,6.894099990157616228e-11,7.932599476351809137e-11,9.196508451776893444e-11,1.067938944217986515e-10,1.237895179148245268e-10,1.429459198286469819e-10,1.642618121246501430e-10,1.876054655776145331e-10
6.750000000000000000e+00,6.978808414714876562e-06,2.420281260657097808e-06,8.805278475256403600e-07,6.837724305841783625e-07,2.884138295093331860e-07,6.271593529191078717e-08,1.359144741609408202e-08,3.095667062868417163e-09,8.303661880836246456e-10,3.106400805052358892e-10,1.579767381055282622e-10,9.890854236288592730e-11,7.288807609934982708e-11,6.189273460209027328e-11,5.902443909098348611e-11,6.123959099404396652e-11,6.708941464626959077e-11,7.586198659137144639e-11,8.720947043974383751e-11,1.009681121916873555e-10,1.170673699023702083e-10,1.354791576423831694e-10,1.561931783786735052e-10,1.792040252606306031e-10,2.043649288656539272e-10
6.800000000000000711e+00,6.978808414714875715e-06,2.420044198769108608e-06,8.749020595541048505e-07,6.746515208055458865e-07,2.851675878125555170e-07,6.190116066906035754e-08,1.339092373695719009e-08,3.051634140120483792e-09,8.312017064450394794e-10,3.197869122945351985e-10,1.660900927997605251e-10,1.053319203771991509e-10,7.838052372465714924e-11,6.709703839627435521e-11,6.436219570590136062e-11,6.699902397161014688e-11,7.349202273376979477e-11,8.309695939658971389e-11,9.544948097726436723e-11,1.103762781550589555e-10,1.278001706583488574e-10,1.476875368056916577e-10,1.700235156961260887e-10,1.947982742673526201e-10,2.218492399284055428e-10
6.850000000000000533e+00,6.978808414714876562e-06,2.419807136881119830e-06,8.692762715825694468e-07,6.655306110269138340e-07,2.819213461157780068e-07,6.108638604620994116e-08,1.319040005782030477e-08,3.007601217372552075e-09,8.320372248064544167e-10,3.289337440838344560e-10,1.742034474939926846e-10,1.117552983915122841e-10,8.387297134996440678e-11,7.230134219045838543e-11,6.969995232081915758e-11,7.275845694917623676e-11,7.989463082126990829e-11,9.033193220180783922e-11,1.036894915147847936e-10,1.197844441184304262e-10,1.385329714143273514e-10,1.598959159689999392e-10,1.838538530135784395e-10,2.103925232740743786e-10,2.393335509911569517e-10
6.900000000000000355e+00,6.978808414714876562e-06,2.419560277402775913e-06,8.630699246526940496e-07,6.557219143952183793e-07,2.785360708655899991e-07,6.024790475630462155e-08,1.298589601540880107e-08,2.962762782044143816e-09,8.325320671454046037e-10,3.378526683584437167e-10,1.821454701489642372e-10,1.180389541021846623e-10,8.924156797555048690e-11,7.738603699898154396e-11,7.491355802477481078e-11,7.838257763949486930e-11,8.614556975791157977e-11,9.739454524581132956e-11,1.117326475289541696e-10,1.289677753534024315e-10,1.490096988509911401e-10,1.718139341675997251e-10,1.973566252879465223e-10,2.256191713546827536e-10,2.564078574990881534e-10
6.950000000000000178e+00,6.978808414714876562e-06,2.419277727939480726e-06,8.547487576766802137e-07,6.434077953539070520e-07,2.746443337968142938e-07,5.932306645821850929e-08,1.276689258077683536e-08,2.914990081163310858e-09,8.317859184167002082e-10,3.459413868911417929e-10,1.894633762935127051e-10,1.238136390625356012e-10,9.415900873973450034e-11,8.203502846172026998e-11,7.967491537138920082e-11,8.351379208239647789e-11,9.184401879493421302e-11,1.038292980648918282e-10,1.190587154917288002e-10,1.373320941799761606e-10,1.585536200994318210e-10,1.826742455132428636e-10,2.096661662641368463e-10,2.395067481896309409e-10,2.719886277535767616e-10
7.000000000000000000e+00,6.978808414714876562e-06,2.419019243633611216e-06,8.482783091998712709e-07,6.329907933877899708e-07,2.712196069100798490e-07,5.847588125580547086e-08,1.256426937617985929e-08,2.873402539749920726e-09,8.349314770362481648e-10,3.563255467995631196e-10,1.982876602682776666e-10,1.307361081200487559e-10,1.000542658383711056e-10,8.759406504295373682e-11,8.534450294666633550e-11,8.959713826397049272e-11,9.857192286106182689e-11,1.113966753974072909e-10,1.276418437966787627e-10,1.470961548511589024e-10,1.696561748468707297e-10,1.952669884604859486e-10,2.238951530926624110e-10,2.555114944489538556e-10,2.898927225720473261e-10
7.050000000000000711e+00,6.978808414714876562e-06,2.418751126802128327e-06,8.392467579669795255e-07,6.179646340327524190e-07,2.671637482571073833e-07,5.751631776676397800e-08,1.234822599157148124e-08,2.835011899699719686e-09,8.434241251391062821e-10,3.702125307404675859e-10,2.093343630647741945e-10,1.392862934828766252e-10,1.073110630525326141e-10,9.441291818668688803e-11,9.226834633631160060e-11,9.699180676743593033e-11,1.067119921376217466e-10,1.205098643498440249e-10,1.379303646217977530e-10,1.587466369907590598e-10,1.828443495347933675e-10,2.101606979305338667e-10,2.406541577799694661e-10,2.742847588616378310e-10,3.108114699589041350e-10
7.100000000000000533e+00,6.978808414714876562e-06,2.418486517998165136e-06,8.300395138706354874e-07,6.025932619431707321e-07,2.630047397216967387e-07,5.654488331285797862e-08,1.212933632752018346e-08,2.795727229562667220e-09,8.517695273657327260e-10,3.841722330581926921e-10,2.204675156227071316e-10,1.479061381179984935e-10,1.146271307598279289e-10,1.012888352636176269e-10,9.925264855135074589e-11,1.044541747514528391e-10,1.149299413568196559e-10,1.297136152124865014e-10,1.483244056685260152e-10,1.705197813887442750e-10,1.961744085208380124e-10,2.252175963119547347e-10,2.575993660821383919e-10,2.932692734433550041e-10,3.319680467401854732e-10
7.150000000000000355e+00,6.978808414714876562e-06,2.418185790710389914e-06,8.249804461351172625e-07,5.931149718333316350e-07,2.597742975067847086e-07,5.573672106411276930e-08,1.193568356028765621e-08,2.763081108722133875e-09,8.644299261702431825e-10,4.012544892455129287e-10,2.340202556970051658e-10,1.585977329100296879e-10,1.238802795087284092e-10,1.101113436710630687e-10,1.082999929674398117e-10,1.141796020001047707e-10,1.256798016680079088e-10,1.417776384290583452e-10,1.619598805722614201e-10,1.859646591203615303e-10,2.136518296749522600e-10,2.449396283547685120e-10,2.797676379348684194e-10,3.180740184210014821e-10,3.595750652930499302e-10
7.200000000000000178e+00,6.978808414714876562e-06,2.417877011569374177e-06,8.208461267208489379e-07,5.849504199047373230e-07,2.567508595441892991e-07,5.496495690563561196e-08,1.174765682626507241e-08,2.731914912258845050e-09,8.780522623405997938e-10,4.190328528780685227e-10,2.481123917128562133e-10,1.697511806497184129e-10,1.335652595698811399e-10,1.193678035088412674e-10,1.178072490763163424e-10,1.244095305220447870e-10,1.369940980899611751e-10,1.544792989656324115e-10,1.763179647039981480e-10,2.022280722615188967e-10,2.320538176432349174e-10,2.657016534322372468e-10,3.031002815090557050e-10,3.441762608577123985e-10,3.886200736228012224e-10
7.250000000000000000e+00,6.978808414714876562e-06,2.417548972296653301e-06,8.167873566058309332e-07,5.769731703087677777e-07,2.537467997757779825e-07,5.418493536864173623e-08,1.155737506681167515e-08,2.701573443764147239e-09,8.928238677989166414e-10,4.376311808456205376e-10,2.627918288698012745e-10,1.813579110458422692e-10,1.436303192163291683e-10,1.289673831771871697e-10,1.276428167385794700e-10,1.349672177032425545e-10,1.486454487719268162e-10,1.675345501093388967e-10,1.910520845005278059e-10,2.188947862450337901e-10,2.508905496280860708e-10,2.869334014702207487e-10,3.269408242746426991e-10,3.708288874651498546e-10,4.182610524540432882e-10
7.300000000000000711e+00,6.978808414714876562e-06,2.417213474518758426e-06,8.127578430321420852e-07,5.690684537275293034e-07,2.507502442323515438e-07,5.340171615359864464e-08,1.136622004651575528e-08,2.671551351996141045e-09,9.080405289328668884e-10,4.565470408180128020e-10,2.776986989781774632e-10,1.931401756018241426e-10,1.538425650604770967e-10,1.386998363414285484e-10,1.376055233766610451e-10,1.456518297514570597e-10,1.604273240515533743e-10,1.807267295675872684e-10,2.059318244825179738e-10,2.357176788811581851e-10,2.698956366660554526e-10,3.083470501921804906e-10,3.509780515076129331e-10,3.976946508905001846e-10,4.481328214551591058e-10
7.350000000000000533e+00,6.978808414714876562e-06,2.416838226654604695e-06,8.077638689534396915e-07,5.593695317786890399e-07,2.475134225843626799e-07,5.259208729599538215e-08,1.117326118319059219e-08,2.644217834158595776e-09,9.255675154930694733e-10,4.767041726979338198e-10,2.933633001853103006e-10,2.054983089417220636e-10,1.645617737571429530e-10,1.489192679938621182e-10,1.480621712680003113e-10,1.568546883110908395e-10,1.727638922564856543e-10,1.945189400136532101e-10,2.214639779681149138e-10,2.532498976764107802e-10,2.896717078628993859e-10,3.305964323484989302e-10,3.759179019880492271e-10,4.255313504450415165e-10,4.790449020905069298e-10
7.400000000000000355e+00,6.978808414714876562e-06,2.416366334531837079e-06,8.004250051086620061e-07,5.453083640117393988e-07,2.436924427185987688e-07,5.171824875822049711e-08,1.097591664203113311e-08,2.623421037588640410e-09,9.487115889325802620e-10,4.998792050286781548e-10,3.108701706089382260e-10,2.192565502290039311e-10,1.765135596287894456e-10,1.603226888996918299e-10,1.597197369613499233e-10,1.693175579697944811e-10,1.864490836109432771e-10,2.097700038967940374e-10,2.385823423352405726e-10,2.725066989120054686e-10,3.113222703992575887e-10,3.548777305523987497e-10,4.030522975064656751e-10,4.557286839301775059e-10,5.124862891017613382e-10
7.450000000000000178e+00,6.978808414714877409e-06,2.415872042103850940e-06,7.936073623674019537e-07,5.320681231079782180e-07,2.399531163443133893e-07,5.087085479687035165e-08,1.078276794380171166e-08,2.604700962813030381e-09,9.733189935341450428e-10,5.240707005770409332e-10,3.291650995022630926e-10,2.336922499555078059e-10,1.890981883480849811e-10,1.723574787159321529e-10,1.720377418804799074e-10,1.824929304445583776e-10,2.009172447174695038e-10,2.258897827853243930e-10,2.566684592365076097e-10,2.928426579280466764e-10,3.341736229409798608e-10,3.804913657236820445e-10,4.316596048743968473e-10,4.875478651740867138e-10,5.477046885069898522e-10
7.500000000000000000e+00,6.978808414714876562e-06,2.415261343831690260e-06,7.901781369755944039e-07,5.244013768623968801e-07,2.369831432165241880e-07,5.015972037269514918e-08,1.061070566367122542e-08,2.595427895988434336e-09,1.004876799159604517e-09,5.532161682261272832e-10,3.513499059808461331e-10,2.515152080042558449e-10,2.048883750331309635e-10,1.876273732727903929e-10,1.877732919335634659e-10,1.993862685366111015e-10,2.194997717924406505e-10,2.466016077368341468e-10,2.798954821963354029e-10,3.189351265135940933e-10,3.634537825597041567e-10,4.132602618035514149e-10,4.681983444610251044e-10,5.281202028287617502e-10,5.925327823466441864e-10
7.550000000000000711e+00,6.978808414714877409e-06,2.414650645559529580e-06,7.867489115837868541e-07,5.167346306168156480e-07,2.340131700887349072e-07,4.944858594851994672e-08,1.043864338354073587e-08,2.586154829163838705e-09,1.036434604785065025e-09,5.823616358752143570e-10,3.735347124594296389e-10,2.693381660530042975e-10,2.206785617181772302e-10,2.028972678296489431e-10,2.035088419866473862e-10,2.162796066286641872e-10,2.380822988674121850e-10,2.673134326883442883e-10,3.031225051561636098e-10,3.450275950991420789e-10,3.927339421784290213e-10,4.460291578834213539e-10,5.047370840476541370e-10,5.686925404834378206e-10,6.373608761862992445e-10
7.600000000000000533e+00,6.978808414714876562e-06,2.414039947287368476e-06,7.833196861919790926e-07,5.090678843712340983e-07,2.310431969609456265e-07,4.873745152434474426e-08,1.026658110341024632e-08,2.576881762339242247e-09,1.067992410410524292e-09,6.115071035243006036e-10,3.957195189380126277e-10,2.871611241017522848e-10,2.364687484032231351e-10,2.181671623865071572e-10,2.192443920397309188e-10,2.331729447207168593e-10,2.566648259423833576e-10,2.880252576398539128e-10,3.263495281159912996e-10,3.711200636846894442e-10,4.220141017971532138e-10,4.787980539632906725e-10,5.412758236342823424e-10,6.092648781381127536e-10,6.821889700259533719e-10
7.650000000000000355e+00,6.978808414714876562e-06,2.413409581976154198e-06,7.797458789041516682e-07,5.011148237843218480e-07,2.280308998511254827e-07,4.801947755154893598e-08,1.009383080273823576e-08,2.568847180513377370e-09,1.100562301189424594e-09,6.412655062452828101e-10,4.183259470616928985e-10,3.053192779207081681e-10,2.525554952213300045e-10,2.337196612875799123e-10,2.352631998086730301e-10,2.503598016701414946e-10,2.755579016429605362e-10,3.090698293673662874e-10,3.499354609505443373e-10,3.976006861169703155e-10,4.517143883112805851e-10,5.120212667904479517e-10,5.783049521279678117e-10,6.503650901597475448e-10,7.275836814641024863e-10
7.700000000000000178e+00,6.978808414714876562e-06,2.412519763799300093e-06,7.735095402027531862e-07,4.876911211610769583e-07,2.240508430755182136e-07,4.719341482667502396e-08,9.910254939122345095e-09,2.576613373702617769e-09,1.146198364300589104e-09,6.788238453699652188e-10,4.462315760350881212e-10,3.276822720360011937e-10,2.723781071004161785e-10,2.528607867608480892e-10,2.549122597053239775e-10,2.713427173779834911e-10,2.985008368795846186e-10,3.344858936699884054e-10,3.782680313098044042e-10,4.292442884593005679e-10,4.870302148768999622e-10,5.513433488017427664e-10,6.219425584978496795e-10,6.986028429956833738e-10,7.806615587951968502e-10
7.750000000000000000e+00,6.978808414714876562e-06,2.411614649599033992e-06,7.670319716329399267e-07,4.737559383631048768e-07,2.199680507128267947e-07,4.635898699170067612e-08,9.725845703252584336e-09,2.585251109941996155e-09,1.192572883897707881e-09,7.168101101156396459e-10,4.744202799451867815e-10,3.502689326414705516e-10,2.924012801547911953e-10,2.721979068785542355e-10,2.747634510492395269e-10,2.925409359763243099e-10,3.216772891533116709e-10,3.601576491020566717e-10,4.068817561609545102e-10,4.611969992316257198e-10,5.226852630197996980e-10,5.910367496032390515e-10,6.659852917066082280e-10,7.472807679778892110e-10,8.342156265718603930e-10
7.800000000000000711e+00,6.978808414714876562e-06,2.410565234616626580e-06,7.637042479260991748e-07,4.657556351262530711e-07,2.168426036949017477e-07,4.569760409450778328e-08,9.573571092685282372e-09,2.604681254431826235e-09,1.245133654966298870e-09,7.595162010718650920e-10,5.068623276863264890e-10,3.769756444647112242e-10,3.166193527297450713e-10,2.959792898896307763e-10,2.994596461490363701e-10,3.191143288154061241e-10,3.508726080152824257e-10,3.925919959374460432e-10,4.430909179494767824e-10,5.016612892152351002e-10,5.678427096305431409e-10,6.412893066496509185e-10,7.217048067510142822e-10,8.088090231580761099e-10,9.018364083865140013e-10
7.850000000000000533e+00,6.978808414714876562e-06,2.409500852857986450e-06,7.607032239261799382e-07,4.583708934480120356e-07,2.138164518667920903e-07,4.505416929727437073e-08,9.424629462986902897e-09,2.625230779959702037e-09,1.298336059712290154e-09,8.027118291027037292e-10,5.397455292758257740e-10,4.041096851196568520e-10,3.412725173500398553e-10,3.202216287407275108e-10,3.246583616509283512e-10,3.462452309685954287e-10,3.806921995115952748e-10,4.257277540250098273e-10,4.800878731466677045e-10,5.430083942436273452e-10,6.139857383666120562e-10,6.926370519991762086e-10,7.786354294433979440e-10,8.716701056018760547e-10,9.709161799462114802e-10
7.900000000000000355e+00,6.978808414714876562e-06,2.408281746660639056e-06,7.567476652911251149e-07,4.489228221673968900e-07,2.103668391706018773e-07,4.437695923407617632e-08,9.277528968558799576e-09,2.657535056151649965e-09,1.359260652852701003e-09,8.507283411020176432e-10,5.761668532306933818e-10,4.341755385644066735e-10,3.685769171155970229e-10,3.470180134205587513e-10,3.524274290907339329e-10,3.760388510421309100e-10,4.133211787587001606e-10,4.618608714073442531e-10,5.203023711932006541e-10,5.878190946094689496e-10,6.638596121335826681e-10,7.480010456877375076e-10,8.398821008905755759e-10,9.391598211493897081e-10,1.044945020891922736e-09
7.950000000000000178e+00,6.978808414714876562e-06,2.407037748049315657e-06,7.526385389876981591e-07,4.391427978025705286e-07,2.068490991422392153e-07,4.369431533049971450e-08,9.130724680093485724e-09,2.691730462937849561e-09,1.421427608944449735e-09,8.995204477034345145e-10,6.131573982301045755e-10,4.647130686122479449e-10,3.963078535248521159e-10,3.742252987093328333e-10,3.806100205028206344e-10,4.062608551339185609e-10,4.464021385946299092e-10,4.984762106611837554e-10,5.610345147342742535e-10,6.331870259448091544e-10,7.143337125988457028e-10,8.040111823975433852e-10,9.018231479208456155e-10,1.007394201549621824e-09,1.119770079196592451e-09
8.000000000000000000e+00,6.978808414714876562e-06,2.405793749437992259e-06,7.485294126842712033e-07,4.293627734377441673e-07,2.033313591138765534e-07,4.301167142692324606e-08,8.983920391628166909e-09,2.725925869724049158e-09,1.483594565036198261e-09,9.483125543048513859e-10,6.501479432295159760e-10,4.952505986600892162e-10,4.240387899341073640e-10,4.014325839981070188e-10,4.087926119149072842e-10,4.364828592257062635e-10,4.794830984305597612e-10,5.350915499150232578e-10,6.017666582753479562e-10,6.785549572801495661e-10,7.648078130641085308e-10,8.600213191073492628e-10,9.637641949511156551e-10,1.075628581949853527e-09,1.194595137501261958e-09
8.050000000000000711e+00,6.978808414714876562e-06,2.404522456409657059e-06,7.444482614993840143e-07,4.196344341801110710e-07,1.998285733104386291e-07,4.232699644082109649e-08,8.838172282040831708e-09,2.762384221591348994e-09,1.547241235641635259e-09,9.980370971563535468e-10,6.878523060358187121e-10,5.264156658574713994e-10,4.523718368483052650e-10,4.292515718488746129e-10,4.376195105922472290e-10,4.673984135133175188e-10,5.133196034764406796e-10,5.725346510449498886e-10,6.434071757021303253e-10,7.249189205299742690e-10,8.163715519806225817e-10,9.172198250659661119e-10,1.026996533426947364e-09,1.145260757149074360e-09,1.270926890382544435e-09
8.099999999999999645e+00,6.978808414714876562e-06,2.402912151149088845e-06,7.407145772480836681e-07,4.105480534429761672e-07,1.965115275127635023e-07,4.161709425090731701e-08,8.705542516725332332e-09,2.826949642498753080e-09,1.629266804764411966e-09,1.059343030239334203e-09,7.344226932754603003e-10,5.653751024961072011e-10,4.881834397705694466e-10,4.646682545290684388e-10,4.744490731162496644e-10,5.069282569410351503e-10,5.565404111094082162e-10,6.202590269588947841e-10,6.963302150659517717e-10,7.836541684478874425e-10,8.814692221594674821e-10,9.891785551238841157e-10,1.106267448408410575e-09,1.232254341269430098e-09,1.365972649556275303e-09
8.150000000000000355e+00,6.978808414714876562e-06,2.401078757070100971e-06,7.373303492456570191e-07,4.023986039878091529e-07,1.936163183291463031e-07,4.092559110451070093e-08,8.598508528964842796e-09,2.917690363125893236e-09,1.725767326837726387e-09,1.130309333344047107e-09,7.888631971229943714e-10,6.114398162373150750e-10,5.308526831495436681e-10,5.070242033570446537e-10,5.185292178552053613e-10,5.541899369552212338e-10,6.081060382011864887e-10,6.770459415117249529e-10,7.591212605899713613e-10,8.531352536319357765e-10,9.582517859903544633e-10,1.073812529129393581e-09,1.199249195248388278e-09,1.334029991161628708e-09,1.476896448155319657e-09
8.200000000000001066e+00,6.978808414714877409e-06,2.399358229994970898e-06,7.343103516708254955e-07,3.949598786572588866e-07,1.907990772550664770e-07,4.027135771434314668e-08,8.491022324057329076e-09,2.999736326821259690e-09,1.816462679521984626e-09,1.197566262425901036e-09,8.405371077009494295e-10,6.551596571226096137e-10,5.713408328823261367e-10,5.472190556426204125e-10,5.603784948426636285e-10,5.990900518774948100e-10,6.571347403665820515e-10,7.310862177591789082e-10,8.189283539490257728e-10,9.193724204019491108e-10,1.031511514643709855e-09,1.154629149071153835e-09,1.288105439719018497e-09,1.431361207310898612e-09,1.583049289758102165e-09
8.250000000000000000e+00,6.978808414714876562e-06,2.397753468694927344e-06,7.316179035990288464e-07,3.881493228564771732e-07,1.880370130311304981e-07,3.965138799772338068e-08,8.382008900655575118e-09,3.072477236494703694e-09,1.901074593400885991e-09,1.260918308004220746e-09,8.892699773173638190e-10,6.963680503243003407e-10,6.094822452015693575e-10,5.850824657994036083e-10,5.998173015247538832e-10,6.414360459050766972e-10,7.034179910066879841e-10,7.821528903304411638e-10,8.755039531659278573e-10,9.820957806903442277e-10,1.100954664055687310e-09,1.231309533603211917e-09,1.372491025432758148e-09,1.523875664346466041e-09,1.684031065995595529e-09
8.300000000000000711e+00,6.978808414714876562e-06,2.396148707394884213e-06,7.289254555272320914e-07,3.813387670556952480e-07,1.852749488071944662e-07,3.903141828110358820e-08,8.272995477253816198e-09,3.145218146168150179e-09,1.985686507279790044e-09,1.324270353582542318e-09,9.380028469337799661e-10,7.375764435259925152e-10,6.476236575208138191e-10,6.229458759561882518e-10,6.392561082068455854e-10,6.837820399326599287e-10,7.497012416467956745e-10,8.332195629017051771e-10,9.320795523828316996e-10,1.044819140978741412e-09,1.170397813467667248e-09,1.307989918135272894e-09,1.456876611146500488e-09,1.616390121382036158e-09,1.785012842233092616e-09
8.349999999999999645e+00,6.978808414714875715e-06,2.394276765355694533e-06,7.262400952323772395e-07,3.747675818814924975e-07,1.825939141953904429e-07,3.833915799154972880e-08,8.180108031322569472e-09,3.272816048932895504e-09,2.115779234696444476e-09,1.423415695225891016e-09,1.017174587384993696e-09,8.066990417016056250e-10,7.130137973874243504e-10,6.886584180453698043e-10,7.080374085578821623e-10,7.576182181298089969e-10,8.301209973136911856e-10,9.214585543413807173e-10,1.029175643157703230e-09,1.151662208562193680e-09,1.287763803789236299e-09,1.436559982801959517e-09,1.597248548853672421e-09,1.769088093185398620e-09,1.950428489618697810e-09
8.400000000000000355e+00,6.978808414714876562e-06,2.391862855341438093e-06,7.235691122767320380e-07,3.686819527177716730e-07,1.800772456787918954e-07,3.750025848108972109e-08,8.119931638529335701e-09,3.511689687961263623e-09,2.338128404311067633e-09,1.595166645534463344e-09,1.158090648337665870e-09,9.324447527320758224e-10,8.336771494593335355e-10,8.108620743106899948e-10,8.363390617906075697e-10,8.953312738421657682e-10,9.797856115896002947e-10,1.085100460115503662e-09,1.208466314382371419e-09,1.348000755870936038e-09,1.502339814302465998e-09,1.670386679961325951e-09,1.851187092889679532e-09,2.043866487909004636e-09,2.246546278122177416e-09
8.450000000000001066e+00,6.978808414714876562e-06,2.389448945327181229e-06,7.208981293210866247e-07,3.625963235540508486e-07,1.775605771621933744e-07,3.666135897062972000e-08,8.059755245736101931e-09,3.750563326989631742e-09,2.560477573925690789e-09,1.766917595843035673e-09,1.299006709290338251e-09,1.058190463762546020e-09,9.543405015312428241e-10,9.330657305760100819e-10,9.646407150233331839e-10,1.033044329554522746e-09,1.129450225865509817e-09,1.248742365889626608e-09,1.387756985607039607e-09,1.544339303179678396e-09,1.716915824815696110e-09,1.904213377120692799e-09,2.105125636925686643e-09,2.318644882632610239e-09,2.542664066625656610e-09
8.500000000000000000e+00,6.978808414714876562e-06,2.387035035312923942e-06,7.182271463654415290e-07,3.565106943903301830e-07,1.750439086455949063e-07,3.582245946016973876e-08,7.999578852942868161e-09,3.989436966017990761e-09,2.782826743540306087e-09,1.938668546151601591e-09,1.439922770243005048e-09,1.183936174793011461e-09,1.075003853603147563e-09,1.055269386841325826e-09,1.092942368256054042e-09,1.170757385266874141e-09,1.279114840141413343e-09,1.412384271663743763e-09,1.567047656831701178e-09,1.740677850488413722e-09,1.931491835328917950e-09,2.138040074280050754e-09,2.359064180961684242e-09,2.593423277356206329e-09,2.838781855129125049e-09
8.550000000000000711e+00,6.978808414714876562e-06,2.384621125298667079e-06,7.155561634097961157e-07,3.504250652266094115e-07,1.725272401289963589e-07,3.498355994970973105e-08,7.939402460149632736e-09,4.228310605046358880e-09,3.005175913154928829e-09,2.110419496460173713e-09,1.580838831195677221e-09,1.309681885823481658e-09,1.195667205675056852e-09,1.177473043106645913e-09,1.221244021488779449e-09,1.308470440979230912e-09,1.428779454417322452e-09,1.576026177437866708e-09,1.746338328056369160e-09,1.937016397797156080e-09,2.146067845842147649e-09,2.371866771439417396e-09,2.613002724997690939e-09,2.868201672079812346e-09,3.134899643632604243e-09
8.599999999999999645e+00,6.978808414714876562e-06,2.382207145557319530e-06,7.128860990036984207e-07,3.443419814714486498e-07,1.700112419476337801e-07,3.414467829196890414e-08,7.879203365958289404e-09,4.467163805286062632e-09,3.227511126272957034e-09,2.282157435637861051e-09,1.721741984534760271e-09,1.435414489051508856e-09,1.316316902111555017e-09,1.299662159150982381e-09,1.349529952859222348e-09,1.446166339774108568e-09,1.578425263130898550e-09,1.739647452502285562e-09,1.925606388895096163e-09,2.133330231795575540e-09,2.360616932259715402e-09,2.605664244583761542e-09,2.866909670403525128e-09,3.142946031716267509e-09,3.430980935374436750e-09
8.650000000000000355e+00,6.978808414714875715e-06,2.379737443476536331e-06,7.109500926087466574e-07,3.402930585845063751e-07,1.680309415426227017e-07,3.332006361801929288e-08,7.800862470714883737e-09,4.689683366701683276e-09,3.438693018206365190e-09,2.443497541751518438e-09,1.852330030559315420e-09,1.550672004229309330e-09,1.426053710294123750e-09,1.410231471208896271e-09,1.465251772705267214e-09,1.570151304027628845e-09,1.713042624311486208e-09,1.886781715220845500e-09,2.086805380976600708e-09,2.309894446985680999e-09,2.553649652834447753e-09,2.816107373482209705e-09,3.095564600088890718e-09,3.390491283319848710e-09,3.697895874214246814e-09
8.700000000000001066e+00,6.978808414714876562e-06,2.378638436445235736e-06,7.094075547943530223e-07,3.361892667228490026e-07,1.659683011053737583e-07,3.285112649155105458e-08,7.868374281305509622e-09,4.955673684014216900e-09,3.672777409534086849e-09,2.639759472949747476e-09,2.028327213102588984e-09,1.719372839475456096e-09,1.596737305841284351e-09,1.589716897406337771e-09,1.658681717171221922e-09,1.781539562539662170e-09,1.945608211672294452e-09,2.143180512776448718e-09,2.369241970628885016e-09,2.620233132963828918e-09,2.893461101742107297e-09,3.186712752067025190e-09,3.498058889325183609e-09,3.825779576039192241e-09,4.166537312395906907e-09
8.750000000000000000e+00,6.978808414714876562e-06,2.377653640146342393e-06,7.078978020511405673e-07,3.320809030012503130e-07,1.638987998310685628e-07,3.241182556550108589e-08,7.948039009763039351e-09,5.225286124913728641e-09,3.908770110978465133e-09,2.838931203246920693e-09,2.208108031358087310e-09,1.892526744519729998e-09,1.772499184282529406e-09,1.774944636508116048e-09,1.858586553211494427e-09,2.000210545430003545e-09,2.186335161149556956e-09,2.408683583784133571e-09,2.661780467936786672e-09,2.941718339309068131e-09,3.245502627697958363e-09,3.570663365864895654e-09,3.915038034681047211e-09,4.276711224469450685e-09,4.651987253128541143e-09
8.800000000000000711e+00,6.978808414714875715e-06,2.376668843847449050e-06,7.063880493079279004e-07,3.279725392796514116e-07,1.618292985567633143e-07,3.197252463945111058e-08,8.027703738220572388e-09,5.494898565813250308e-09,4.144762812422851276e-09,3.038102933544100526e-09,2.387888849613591839e-09,2.065680649564009690e-09,1.948261062723780665e-09,1.960172375609900735e-09,2.058491389251773964e-09,2.218881528320352779e-09,2.427062110626828145e-09,2.674186654791827937e-09,2.954318965244699082e-09,3.263203545654318512e-09,3.597544153653821836e-09,3.954613979662779353e-09,4.332017180036925703e-09,4.727642872899723190e-09,5.137437193861193577e-09
8.849999999999999645e+00,6.978808414714877409e-06,2.375341738709152863e-06,7.045654040010023239e-07,3.231623134445017838e-07,1.594760220769099218e-07,3.143760673299825828e-08,8.100156546445210355e-09,5.793052610340773816e-09,4.406202209582319767e-09,3.255347034672997367e-09,2.581005477751583394e-09,2.249457706577822428e-09,2.133156272598796172e-09,2.153768337781644437e-09,2.266441478173865062e-09,2.445554860724117047e-09,2.675937035157359418e-09,2.948111923470866331e-09,3.255652204735545211e-09,3.593926654551777197e-09,3.959323203444507166e-09,4.348845944003762241e-09,4.759856902411264558e-09,5.190042031481076962e-09,5.634975760469051161e-09
8.900000000000000355e+00,6.978808414714876562e-06,2.372865110624657194e-06,7.028124162712894137e-07,3.181595567694047224e-07,1.569940985079351066e-07,3.092819845974741557e-08,8.303868318037449632e-09,6.151135556479213246e-09,4.688619099054551595e-09,3.489476569420209724e-09,2.792467255688937896e-09,2.453764854274255956e-09,2.340815917023140148e-09,2.372303205447148895e-09,2.501456933429195038e-09,2.701382704362852538e-09,2.956022573441570103e-09,3.255262481901624609e-09,3.592185033070133956e-09,3.961764397363355525e-09,4.360075285584576902e-09,4.783840548758137683e-09,5.230191441002340567e-09,5.696589195141185155e-09,6.178239994635958264e-09
8.950000000000001066e+00,6.978808414714876562e-06,2.370110086732294638e-06,7.011088444628397117e-07,3.132439002184480801e-07,1.545351669236816936e-07,3.041971583599124634e-08,8.529346236272272850e-09,6.522326211382272599e-09,4.978900903489765112e-09,3.730511946079882277e-09,3.010747792065756244e-09,2.665094020664529675e-09,2.555857043405442559e-09,2.598674787083412568e-09,2.744830782671585841e-09,2.966137418688466613e-09,3.245639991209108647e-09,3.572571060950729515e-09,3.939517952057083440e-09,4.341052891670148244e-09,4.772931470185463108e-09,5.231594025755903458e-09,5.713934829114616628e-09,6.217188559697858952e-09,6.736189900718197136e-09
9.000000000000000000e+00,6.978808414714875715e-06,2.367355062839932083e-06,6.994052726543900098e-07,3.083282436674915436e-07,1.520762353394283864e-07,2.991123321223509696e-08,8.754824154507087796e-09,6.893516866285317890e-09,5.269182707924968704e-09,3.971547322739546145e-09,3.229028328442566734e-09,2.876423187054795122e-09,2.770898169787737940e-09,2.825046368719667970e-09,2.988204631913967960e-09,3.230892133014070762e-09,3.535257408976636850e-09,3.889879639999822427e-09,4.286850871044020929e-09,4.720341385976926902e-09,5.185787654786335251e-09,5.679347502753653516e-09,6.197678217226876145e-09,6.737787924254514552e-09,7.294139806800415328e-09
9.050000000000000711e+00,6.978808414714876562e-06,2.363698606871193022e-06,6.977746247390472304e-07,3.036864790333259034e-07,1.496714850749123910e-07,2.942004801243399714e-08,9.038697800614375521e-09,7.298483283858092738e-09,5.583736048991426926e-09,4.234990911126147461e-09,3.469463759322711887e-09,3.110504531655006920e-09,3.009853587243211714e-09,3.076879769335095925e-09,3.258855564072185056e-09,3.524926103137650068e-09,3.856288780356896662e-09,4.240822624234793260e-09,4.670088025196611879e-09,5.137836675166476600e-09,5.639161112996688392e-09,6.169918331548262837e-09,6.726513443591797913e-09,7.305727768339892302e-09,7.901626577097097947e-09
9.099999999999999645e+00,6.978808414714877409e-06,2.359145464760952121e-06,6.962165167810092547e-07,2.993171643069151808e-07,1.473206308717970480e-07,2.894606916766584948e-08,9.380659727889437072e-09,7.737047638644682462e-09,5.922433139876165394e-09,4.520724734615279722e-09,3.731937441767459158e-09,3.367218266897294561e-09,3.272597389815144784e-09,3.354040935418824559e-09,3.556639968482198751e-09,3.848085177188173349e-09,4.208568714543535516e-09,4.625222932430416598e-09,5.089040382899200294e-09,5.593337604914455487e-09,6.132838526090832475e-09,6.703081083770320076e-09,7.300203104933735550e-09,7.920758849843970886e-09,8.558389405788708846e-09
9.150000000000000355e+00,6.978808414714877409e-06,2.354592322650710796e-06,6.946584088229711731e-07,2.949478495805042994e-07,1.449697766686816520e-07,2.847209032289768196e-08,9.722621655164515165e-09,8.175611993431287903e-09,6.261130230760917923e-09,4.806458558104422736e-09,3.994411124212215528e-09,3.623932002139591300e-09,3.535341192387086954e-09,3.631202101502563119e-09,3.854424372892223198e-09,4.171244251238708624e-09,4.560848648730185950e-09,5.009623240626054825e-09,5.507992740601804425e-09,6.048838534662450917e-09,6.626515939184993101e-09,7.236243835992396340e-09,7.873892766275693039e-09,8.535789931348069322e-09,9.215152234480342906e-09
9.200000000000001066e+00,6.978808414714876562e-06,2.350039180540469471e-06,6.931003008649331974e-07,2.905785348540934181e-07,1.426189224655662296e-07,2.799811147812951445e-08,1.006458358243958830e-08,8.614176348217891689e-09,6.599827321645668799e-09,5.092192381593564922e-09,4.256884806656971071e-09,3.880645737381888039e-09,3.798084994959029123e-09,3.908363267586301679e-09,4.152208777302246819e-09,4.494403325289243073e-09,4.913128582916836384e-09,5.394023548821691398e-09,5.926945098304406902e-09,6.504339464410445520e-09,7.120193352279154554e-09,7.769406588214471777e-09,8.447582427617651356e-09,9.150821012852169413e-09,9.871915063171976966e-09
9.250000000000000000e+00,6.978808414714877409e-06,2.346058082593969211e-06,6.918848721095926863e-07,2.872151633879853245e-07,1.406504488271587115e-07,2.761489421867005088e-08,1.041955551206314107e-08,9.044914948852072941e-09,6.942845371952027669e-09,5.390411523700801872e-09,4.536757376526232134e-09,4.158410199712165938e-09,4.085073883403385572e-09,4.212813531211400901e-09,4.480294959053293250e-09,4.850876075816415367e-09,5.301738570827274885e-09,5.817764533236278070e-09,6.388237177064473015e-09,7.005138398498048429e-09,7.662075907082898201e-09,8.353633905952422120e-09,9.075130611157303740e-09,9.822433078608238462e-09,1.058789862525346115e-08
9.300000000000000711e+00,6.978808414714876562e-06,2.341872654714429183e-06,6.908122707492446401e-07,2.842974685601336218e-07,1.388175103186989939e-07,2.726741495298922659e-08,1.085237896920275079e-08,9.520765285675029404e-09,7.326106710710795133e-09,5.729633641688986877e-09,4.859009587130498656e-09,4.480686651331444731e-09,4.419412859578529625e-09,4.568006973255263600e-09,4.862933602841586869e-09,5.266006237423046494e-09,5.753311299516330393e-09,6.308904853912359048e-09,6.921441665004894748e-09,7.582386625427132156e-09,8.284933549260870017e-09,9.023328480546723325e-09,9.792582402101412279e-09,1.058831067637481183e-08,1.140240518603923134e-08
9.349999999999999645e+00,6.978808414714876562e-06,2.337687226834889155e-06,6.897396693888965939e-07,2.813797737322820780e-07,1.369845718102393292e-07,2.691993568730841553e-08,1.128520242634234231e-08,9.996615622497969323e-09,7.709368049469549362e-09,6.068855759677160301e-09,5.181261797734753597e-09,4.802963102950710288e-09,4.753751835753661269e-09,4.923200415299113065e-09,5.245572246629867253e-09,5.681136399029661905e-09,6.204884028205367703e-09,6.800045174588421001e-09,7.454646152945297454e-09,8.159634852356197684e-09,8.907791191438818672e-09,9.693023055140999714e-09,1.051003419304549766e-08,1.135418827414135708e-08,1.221691174682497009e-08
9.400000000000000355e+00,6.978808414714876562e-06,2.333501798955348703e-06,6.886670680285484418e-07,2.784620789044303754e-07,1.351516333017796381e-07,2.657245642162759123e-08,1.171802588348195037e-08,1.047246595932092579e-08,8.092629388228315999e-09,6.408077877665345307e-09,5.503514008339020946e-09,5.125239554569988254e-09,5.088090811928806149e-09,5.278393857342974937e-09,5.628210890418161700e-09,6.096266560636293859e-09,6.656456756894423211e-09,7.291185495264501979e-09,7.987850640885718359e-09,8.736883079285281410e-09,9.530648833616790488e-09,1.036271762973530257e-08,1.122748598398960785e-08,1.212006587190793211e-08,1.303141830761073862e-08
9.450000000000001066e+00,6.978808414714875715e-06,2.328781206858541431e-06,6.874486433170574875e-07,2.751929403673515076e-07,1.330987514582791454e-07,2.623548147881361749e-08,1.235713648031705195e-08,1.107955152510055076e-08,8.583329395290422975e-09,6.846099747149155198e-09,5.921537935674335222e-09,5.543892864502280685e-09,5.521804032507688666e-09,5.737535502262537326e-09,6.120412368856330131e-09,6.627272871337398200e-09,7.230671644178560020e-09,7.912015755985517822e-09,8.657945017715728345e-09,9.458293615751282752e-09,1.030494599267556345e-08,1.119107024818666540e-08,1.211072604626926447e-08,1.305874501340064467e-08,1.402556922025910505e-08
9.500000000000000000e+00,6.978808414714876562e-06,2.323760161855235508e-06,6.861578921568062606e-07,2.718208288244899535e-07,1.309115731160822531e-07,2.594964942119164087e-08,1.325866112987783418e-08,1.184757767130785972e-08,9.211995587602738390e-09,7.415142122648640625e-09,6.469075370829313510e-09,6.094492538465899106e-09,6.092654905717739943e-09,6.340890242982169167e-09,6.765174880532174445e-09,7.320047898745448170e-09,7.976421280331822222e-09,8.714486399342754393e-09,9.519959580897460425e-09,1.038197142305754119e-08,1.129183416520245837e-08,1.224223583023787888e-08,1.322685692162039088e-08,1.424021153370358329e-08,1.527215063261452824e-08
9.550000000000000711e+00,6.978808414714876562e-06,2.318715068742103726e-06,6.848661422860946939e-07,2.684304744633370288e-07,1.287208017463185571e-07,2.565612327029705214e-08,1.414693666792087265e-08,1.260818510926165404e-08,9.833708610102135467e-09,7.977257659474327687e-09,7.009559454208179383e-09,6.637767967551329262e-09,6.655800932707511780e-09,6.936082653863974794e-09,7.401264712954593435e-09,8.003605718832391338e-09,8.712386990617745070e-09,9.506595560924102504e-09,1.037103108640925281e-08,1.129412618835349445e-08,1.226662538408989192e-08,1.328073969168810177e-08,1.432977239026728225e-08,1.540792084999667157e-08,1.650444710268022930e-08
9.600000000000001421e+00,6.978808414714876562e-06,2.313669975628971521e-06,6.835743924153831273e-07,2.650401201021841570e-07,1.265300303765548082e-07,2.536259711940246341e-08,1.503521220596391277e-08,1.336879254721545001e-08,1.045542163260153254e-08,8.539373196300017230e-09,7.550043537587044430e-09,7.181043396636758590e-09,7.218946959697284443e-09,7.531275064745778767e-09,8.037354545377010770e-09,8.687163538919335334e-09,9.448352700903666263e-09,1.029870472250545061e-08,1.122210259192104519e-08,1.220628095364944440e-08,1.324141660297732382e-08,1.431924355313831969e-08,1.543268785891417197e-08,1.657563016628976315e-08,1.773674357274593367e-08
9.650000000000000355e+00,6.978808414714876562e-06,2.308624882515839316e-06,6.822826425446716665e-07,2.616497657410313911e-07,1.243392590067912181e-07,2.506907096850788791e-08,1.592348774400691981e-08,1.412939998516921620e-08,1.107713465510090646e-08,9.101488733125686921e-09,8.090527620965892933e-09,7.724318825722169720e-09,7.782092986687035601e-09,8.126467475627561233e-09,8.673444377799407426e-09,9.370721359006254514e-09,1.018431841118956264e-08,1.109081388408677060e-08,1.207317409743280780e-08,1.311843571894536457e-08,1.421620782186472264e-08,1.535774741458850122e-08,1.653560332756102695e-08,1.774333948258280841e-08,1.896904004281158840e-08
9.700000000000001066e+00,6.978808414714876562e-06,2.303579789402707535e-06,6.809908926739600998e-07,2.582594113798784664e-07,1.221484876370274956e-07,2.477554481761330249e-08,1.681176328204995993e-08,1.489000742312301217e-08,1.169884767760030519e-08,9.663604269951374810e-09,8.631011704344757980e-09,8.267594254807602357e-09,8.345239013676809092e-09,8.721659886509366860e-09,9.309534210221825589e-09,1.005427917909319851e-08,1.092028412147548549e-08,1.188292304566811871e-08,1.292424560294460019e-08,1.403059048424131783e-08,1.519099904075215784e-08,1.639625127603872410e-08,1.763851879620792163e-08,1.891104879887589669e-08,2.020133651287729277e-08
9.750000000000000000e+00,6.978808414714876562e-06,2.298534696289575330e-06,6.796991428032486390e-07,2.548690570187256476e-07,1.199577162672638790e-07,2.448201866671872368e-08,1.770003882009296697e-08,1.565061486107677836e-08,1.232056070009968076e-08,1.022571980677704285e-08,9.171495787723604829e-09,8.810869683893011832e-09,8.908385040666559421e-09,9.316852297391149325e-09,9.945624042644220590e-09,1.073783699918011604e-08,1.165624983176138187e-08,1.267503220724943870e-08,1.377531710845636279e-08,1.494274524953724131e-08,1.616579025963955335e-08,1.743475513748890728e-08,1.874143426485476999e-08,2.007875811516894526e-08,2.143363298294295082e-08
9.800000000000000711e+00,6.978808414714876562e-06,2.293489603176443548e-06,6.784073929325371783e-07,2.514787026575727229e-07,1.177669448975001698e-07,2.418849251582413826e-08,1.858831435813601040e-08,1.641122229903057433e-08,1.294227372259907784e-08,1.078783534360273404e-08,9.711979871102471530e-09,9.354145112978441160e-09,9.471531067656331258e-09,9.912044708272954952e-09,1.058171387506663875e-08,1.142139481926706169e-08,1.239221554204730471e-08,1.346714136883078846e-08,1.462638861396815683e-08,1.585490001483319457e-08,1.714058147852698855e-08,1.847325899893912686e-08,1.984434973350166136e-08,2.124646743146203353e-08,2.266592945300865188e-08
9.850000000000001421e+00,6.978809556162639152e-06,2.289270119880991311e-06,6.771156985343692929e-07,2.483175196008789154e-07,1.156149346197794392e-07,2.412412461385241802e-08,1.979472905941392754e-08,1.737981820726999353e-08,1.377089530013184373e-08,1.156057835444706245e-08,1.046938137104652140e-08,1.012366808732438217e-08,1.027270268718028366e-08,1.075882481287010414e-08,1.148418890965841507e-08,1.238692339602980511e-08,1.342622883234178495e-08,1.457356472858005354e-08,1.580807937834884575e-08,1.711386553639271968e-08,1.847816453321231034e-08,1.989022847814963350e-08,2.134106650564023888e-08,2.282291920769503890e-08,2.432140458664336556e-08
9.900000000000000355e+00,6.978812482712868181e-06,2.286310801863399884e-06,6.761977550207243443e-07,2.461688873478579813e-07,1.139547991004980396e-07,2.412835514243878101e-08,2.092825104127190316e-08,1.829716616369279136e-08,1.458139823994721320e-08,1.233386875543613187e-08,1.123904597804753018e-08,1.091382470922443995e-08,1.110107693698429171e-08,1.163832333888138337e-08,1.242422709340261642e-08,1.339437424275259259e-08,1.450612424132844567e-08,1.572951729417180374e-08,1.704267192451875380e-08,1.842880607686864708e-08,1.987455545041826788e-08,2.136865256283732551e-08,2.290164522557194280e-08,2.446542880816548900e-08,2.604489407731293085e-08
9.950000000000001066e+00,6.978815558122664664e-06,2.283455628568354671e-06,6.753223133514168845e-07,2.441245347605853744e-07,1.123487627840835159e-07,2.412951583984094196e-08,2.203839104174370347e-08,1.919881915033646711e-08,1.538002504129569583e-08,1.309722937162413662e-08,1.199981476842965809e-08,1.169559483103548159e-08,1.192125299499357132e-08,1.250960757373943903e-08,1.335589996361510270e-08,1.439321614394904857e-08,1.557709836045696439e-08,1.687619165330166569e-08,1.826759630539840953e-08,1.973365983856629084e-08,2.126042361891770249e-08,2.283611134277060198e-08,2.445080489815818382e-08,2.609606028616106180e-08,2.775604310588926725e-08
1.000000000000000000e+01,6.978818633532460300e-06,2.280600455273309457e-06,6.744468716821093188e-07,2.420801821733127675e-07,1.107427264676690451e-07,2.413067653724310292e-08,2.314853104221546737e-08,2.010047213698011309e-08,1.617865184264415530e-08,1.386058998781211820e-08,1.276058355881176119e-08,1.247736495284649676e-08,1.274142905300281950e-08,1.338089180859746491e-08,1.428757283382755754e-08,1.539205804514546816e-08,1.664807247958544341e-08,1.802286601243149125e-08,1.949252068627801562e-08,2.103851360026388827e-08,2.264629178741708747e-08,2.430357012270382551e-08,2.599996457074436859e-08,2.772669176415657835e-08,2.946719213446553747e-08
1.005000000000000071e+01,6.978820692893350497e-06,2.278165817598802363e-06,6.735775762000787860e-07,2.401190517441774791e-07,1.091725196363421008e-07,2.428205250322295094e-08,2.436239301879157110e-08,2.108768371767467261e-08,1.707453336332981871e-08,1.472987534506876213e-08,1.363529540882068765e-08,1.338117287286518178e-08,1.369191620654088524e-08,1.439091503255835731e-08,1.536646876315887169e-08,1.654661778453431638e-08,1.788313878515908607e-08,1.934187411975919084e-08,2.089781261057203269e-08,2.253155336519546196e-08,2.422789643710927809e-08,2.597408296631002040e-08,2.775918171579194062e-08,2.957412314829418421e-08,3.140157560277526631e-08
1.010000000000000142e+01,6.978820692893350497e-06,2.276266801976361196e-06,6.724941431652323605e-07,2.378232961472809903e-07,1.073722309961662042e-07,2.491075311181121889e-08,2.608658299502106094e-08,2.245704420056568041e-08,1.833982314581825441e-08,1.596742798177832689e-08,1.488533497766232987e-08,1.467347480605456925e-08,1.504820430684735223e-08,1.582672949760441365e-08,1.689282383831712475e-08,1.817132234506419053e-08,1.961151890620995358e-08,2.117748504807907973e-08,2.284286937625272941e-08,2.458726380857147227e-08,2.639463971132379660e-08,2.825165213238389308e-08,3.014678358385206039e-08,3.207063646369500458e-08,3.400499577048393365e-08
1.015000000000000036e+01,6.978820692893350497e-06,2.274264954811619885e-06,6.713371431719968037e-07,2.353641368465099899e-07,1.054736661656565907e-07,2.559557608779993820e-08,2.790820463559848184e-08,2.389417352553247425e-08,1.966104886735841462e-08,1.725484092363666473e-08,1.618225076090831390e-08,1.601160092075538585e-08,1.645049136972782287e-08,1.730948716405775778e-08,1.846757404551859456e-08,1.984619735374297279e-08,2.139208095530402344e-08,2.306741572601642095e-08,2.484447920392292842e-08,2.670181915182242537e-08,2.862255389841229896e-08,3.059269283308187370e-08,3.260017302329533137e-08,3.463522019386410606e-08,3.667873076331890136e-08
1.020000000000000107e+01,6.978820692893350497e-06,2.272263107646878996e-06,6.701801431787612468e-07,2.329049775457389631e-07,1.035751013351469243e-07,2.628039906378869059e-08,2.972982627617597223e-08,2.533130285049931772e-08,2.098227458889862777e-08,1.854225386549504888e-08,1.747916654415434756e-08,1.734972703545625209e-08,1.785277843260834975e-08,1.879224483051115816e-08,2.004232425272012723e-08,2.152107236242181461e-08,2.317264300439815948e-08,2.495734640395383166e-08,2.684608903159320022e-08,2.881637449507345457e-08,3.085046808550088073e-08,3.293373353377993372e-08,3.505356246273870162e-08,3.719980392403331342e-08,3.935246575615396171e-08
1.025000000000000000e+01,6.978820692893350497e-06,2.270261260482138108e-06,6.690231431855257958e-07,2.304458182449679362e-07,1.016765365046373373e-07,2.696522203977740989e-08,3.155144791675339643e-08,2.676843217546610825e-08,2.230350031043879129e-08,1.982966680735338671e-08,1.877608232740033160e-08,1.868785315015707200e-08,1.925506549548882369e-08,2.027500249696450229e-08,2.161707445992159372e-08,2.319594737110060349e-08,2.495320505349222604e-08,2.684727708189117950e-08,2.884769885926340585e-08,3.093092983832440435e-08,3.307838227258938640e-08,3.527477423447790772e-08,3.750695190218197921e-08,3.976438765420242152e-08,4.202620074898893603e-08
1.030000000000000071e+01,6.978820692893350497e-06,2.268259413317396796e-06,6.678661431922901331e-07,2.279866589441969094e-07,9.977797167412765763e-08,2.765004501576615236e-08,3.337306955733088020e-08,2.820556150043295172e-08,2.362472603197899782e-08,2.111707974921177087e-08,2.007299811064636857e-08,2.002597926485793823e-08,2.065735255836935057e-08,2.175776016341790598e-08,2.319182466712312308e-08,2.487082237977944531e-08,2.673376710258636207e-08,2.873720775982859020e-08,3.084930868693368097e-08,3.304548518157543686e-08,3.530629645967797148e-08,3.761581493517597436e-08,3.996034134162534284e-08,4.232897138437162227e-08,4.469993574182400300e-08
1.035000000000000142e+01,6.978820692893350497e-06,2.266257566152655908e-06,6.667091431990546821e-07,2.255274996434258561e-07,9.787940684361797798e-08,2.833486799175490144e-08,3.519469119790836397e-08,2.964269082539979188e-08,2.494595175351921098e-08,2.240449269107015502e-08,2.136991389389239892e-08,2.136410537955880446e-08,2.205963962124987415e-08,2.324051782987129974e-08,2.476657487432465244e-08,2.654569738845829044e-08,2.851432915168049480e-08,3.062713843776600091e-08,3.285091851460395608e-08,3.516004052482646275e-08,3.753421064676655656e-08,3.995685563587402777e-08,4.241373078106871308e-08,4.489355511454082963e-08,4.737367073465906997e-08
1.040000000000000036e+01,6.978820692893350497e-06,2.264541654048333598e-06,6.655596428422142401e-07,2.231206534621696990e-07,9.600775064871798511e-08,2.914892563916100785e-08,3.707457826059528849e-08,3.113925408385868377e-08,2.633338045336249379e-08,2.376335922563121148e-08,2.274329511506981165e-08,2.278364538100121000e-08,2.354823068978836526e-08,2.481439770807789424e-08,2.643717920588284033e-08,2.832102961549550373e-08,3.039981177169529273e-08,3.262629739416110672e-08,3.496589450012107742e-08,3.739192925723783998e-08,3.988325357495343622e-08,4.242264059012497559e-08,4.499531198323864115e-08,4.758960324018303511e-08,5.018196837832599735e-08
1.045000000000000107e+01,6.978820692893350497e-06,2.265038339449989822e-06,6.644681755113317848e-07,2.211186120558111382e-07,9.434431648840070196e-08,3.096301564092295662e-08,3.940532968197674231e-08,3.309572377289750862e-08,2.823309521028115952e-08,2.567514165926167623e-08,2.470837445473779579e-08,2.483317515177185744e-08,2.570465181524546385e-08,2.709339146133285054e-08,2.884951348191996497e-08,3.087371104368148867e-08,3.309718151462735088e-08,3.547067699661310573e-08,3.795811050561546975e-08,4.053175688963440669e-08,4.316960426128483055e-08,4.585371054262575869e-08,4.856885539556918380e-08,5.130293757452637697e-08,5.403152687748925249e-08
1.050000000000000000e+01,6.978820692893350497e-06,2.265389852929863006e-06,6.635003209185277971e-07,2.193568996065255662e-07,9.282960760343649745e-08,3.259676287151947289e-08,4.156016869971475711e-08,3.492416125231704361e-08,3.002549793024763001e-08,2.749143619302263017e-08,2.658462470764403954e-08,2.679726722375990033e-08,2.777698176864140298e-08,2.928831055926089858e-08,3.117687368482045122e-08,3.333991861150312097e-08,3.570616259745246681e-08,3.822447206998870811e-08,4.085734340605246743e-08,4.357606095268832836e-08,4.635781603858162102e-08,4.918397792772067203e-08,5.203890794409408255e-08,5.491009196871452333e-08,5.777225442693084127e-08
1.055000000000000071e+01,6.978820692893350497e-06,2.265546101816532560e-06,6.626987325755560068e-07,2.179184434416622472e-07,9.151494277681572640e-08,3.398793869149879848e-08,4.347839540623511964e-08,3.658038803822732343e-08,3.167355978192495043e-08,2.917929400365613881e-08,2.834139472444004437e-08,2.864644067173192354e-08,2.973620425398918320e-08,3.137014440509932565e-08,3.338993886689245193e-08,3.568981385832338085e-08,3.819625584337608625e-08,4.085642573626972952e-08,4.363150867660026196e-08,4.649188031511981958e-08,4.941402533278976184e-08,5.237866005585502629e-08,5.536975932221962953e-08,5.837442822998715470e-08,6.136659808295574045e-08
1.060000000000000142e+01,6.978820692893350497e-06,2.265702350703202114e-06,6.618971442325841107e-07,2.164799872767989283e-07,9.020027795019491564e-08,3.537911451147811084e-08,4.539662211275548216e-08,3.823661482413759664e-08,3.332162163360226422e-08,3.086715181428964415e-08,3.009816474123603927e-08,3.049561411970394675e-08,3.169542673933696011e-08,3.345197825093774609e-08,3.560300404896444602e-08,3.803970910514363412e-08,4.068634908929969907e-08,4.348837940255075755e-08,4.640567394714806312e-08,4.940769967755131080e-08,5.247023462699788282e-08,5.557334218398938054e-08,5.870061070034516327e-08,6.183876449125976622e-08,6.496094173898062640e-08
1.065000000000000036e+01,6.978820692893350497e-06,2.265970413430412722e-06,6.610971305675845775e-07,2.150582828687056183e-07,8.889694488022648818e-08,3.685624828048281971e-08,4.735026352914937505e-08,3.993606298431470142e-08,3.501948632635478689e-08,3.261039459328631982e-08,3.191543472021022218e-08,3.240999474269433208e-08,3.372421523411890455e-08,3.560743558841148652e-08,3.789347700824217693e-08,4.047055609034883844e-08,4.326071488443906128e-08,4.620771367676414154e-08,4.927013500186019403e-08,5.241655037295069211e-08,5.562203869376304243e-08,5.886602038564711841e-08,6.213170913560767858e-08,6.540546140357686846e-08,6.865961256110779366e-08
1.070000000000000107e+01,6.978820692893350497e-06,2.267816271436221928e-06,6.603193370450814260e-07,2.138729610283868166e-07,8.775351323263729434e-08,3.954632711491227867e-08,4.980363880461799500e-08,4.224540415883528922e-08,3.742011453325885985e-08,3.513516979408398555e-08,3.458641434924561628e-08,3.524450808250280002e-08,3.673464357514217366e-08,3.880178754692910843e-08,4.127624430971627054e-08,4.404370594253634463e-08,4.702424321638905141e-08,5.016006803122777774e-08,5.340875193247058187e-08,5.673815803303777132e-08,6.012277219600465010e-08,6.354151256971093656e-08,6.697738498524988583e-08,7.041656046817761575e-08,7.383043485669789037e-08
1.075000000000000000e+01,6.978821932217872478e-06,2.270750348837952138e-06,6.592979393704206591e-07,2.122986126976429468e-07,8.636869548892361937e-08,4.303903781856258933e-08,5.277160999285421077e-08,4.495645078926817242e-08,4.016981869235354422e-08,3.797783952156389493e-08,3.755800251513981431e-08,3.837123743901675906e-08,4.003439363029466879e-08,4.228616693150396196e-08,4.495218185730274453e-08,4.791468659316959110e-08,5.109125978730166996e-08,5.442224717582110895e-08,5.786396120417081876e-08,6.138337759538123760e-08,6.495426408046881020e-08,6.855497106643664024e-08,7.216817714340445966e-08,7.577984485362368168e-08,7.936037891225227261e-08
1.080000000000000071e+01,6.978823241470761348e-06,2.273745828563556161e-06,6.582627964334498912e-07,2.107023137100276446e-07,8.497025763578302787e-08,4.657703668944297597e-08,5.576861704005273539e-08,4.769016348189253635e-08,4.293921931592352158e-08,4.083844631463768865e-08,4.054655239188821226e-08,4.151445496194848065e-08,4.335046854205365044e-08,4.578691099218545243e-08,4.864466141330183627e-08,5.180247222192990590e-08,5.517540055505426929e-08,5.870190805450147698e-08,6.233703406618805632e-08,6.604685682384207471e-08,6.980441886819082622e-08,7.358749917087793136e-08,7.737844234479740882e-08,8.116300114836985179e-08,8.491058626278041005e-08
1.085000000000000142e+01,6.978824550723651912e-06,2.276741308289160184e-06,6.572276534964791233e-07,2.091060147224123689e-07,8.357181978264243637e-08,5.011503556032335600e-08,5.876562408725126001e-08,5.042387617451688705e-08,4.570861993949349894e-08,4.369905310771148238e-08,4.353510226863661684e-08,4.465767248488020886e-08,4.666654345381264532e-08,4.928765505286692967e-08,5.233714096930093462e-08,5.569025785069023394e-08,5.925954132280687524e-08,6.298156893318185825e-08,6.681010692820528066e-08,7.071033605230289859e-08,7.465457365591284225e-08,7.862002727531922248e-08,8.258870754619037121e-08,8.654615744311602189e-08,9.046079361330853426e-08
1.090000000000000036e+01,6.978825859976540782e-06,2.279736788014764207e-06,6.561925105595083554e-07,2.075097157347971726e-07,8.217338192950188458e-08,5.365303443120361691e-08,6.176263113444967875e-08,5.315758886714115171e-08,4.847802056306337703e-08,4.655965990078517685e-08,4.652365214538490891e-08,4.780089000781181796e-08,4.998261836557152108e-08,5.278839911354828780e-08,5.602962052529990062e-08,5.957804347945042301e-08,6.334368209055933560e-08,6.726122981186206747e-08,7.128317979022235940e-08,7.537381528076356364e-08,7.950472844363469945e-08,8.365255537976032831e-08,8.779897274758313507e-08,9.192931373786200671e-08,9.601100096383647317e-08
1.095000000000000107e+01,6.978827169229431346e-06,2.282732267740368230e-06,6.551573676225376934e-07,2.059134167471819233e-07,8.077494407636129309e-08,5.719103330208400355e-08,6.475963818164821661e-08,5.589130155976552226e-08,5.124742118663336101e-08,4.942026669385897719e-08,4.951220202213332010e-08,5.094410753074355279e-08,5.329869327733051596e-08,5.628914317422977827e-08,5.972210008129900559e-08,6.346582910821074443e-08,6.742782285831193492e-08,7.154089069054243550e-08,7.575625265223959697e-08,8.003729450922440075e-08,8.435488323135671548e-08,8.868508348420163266e-08,9.300923794897611070e-08,9.731247003260817681e-08,1.015612083143645974e-07
1.100000000000000000e+01,6.978828478482320216e-06,2.285727747465972253e-06,6.541222246855668196e-07,2.043171177595666741e-07,7.937650622322075453e-08,6.072903217296425785e-08,6.775664522884663535e-08,5.862501425238977370e-08,5.401682181020322587e-08,5.228087348693267165e-08,5.250075189888160556e-08,5.408732505367515527e-08,5.661476818908939172e-08,5.978988723491113639e-08,6.341457963729796497e-08,6.735361473697092688e-08,7.151196362606440190e-08,7.582055156922267119e-08,8.022932551425667572e-08,8.470077373768507904e-08,8.920503801907855945e-08,9.371761158864273850e-08,9.821950315036887457e-08,1.026956263273541749e-07,1.071114156648925363e-07
1.105000000000000071e+01,6.978828948644911801e-06,2.288991846514471173e-06,6.533111549327242750e-07,2.032211491902050351e-07,7.830300689077714825e-08,6.512519991661137326e-08,7.113193295968795481e-08,6.197778161902499266e-08,5.755878741632250473e-08,5.603905698629247710e-08,5.649192557047975365e-08,5.832230668371028047e-08,6.109931409482839327e-08,6.452589928841820837e-08,6.840119636225183899e-08,7.258795274806502127e-08,7.698954055874674162e-08,8.153589179677228658e-08,8.617635847898146669e-08,9.087296904200206352e-08,9.559547592904391392e-08,1.003192122836590930e-07,1.050251563630364543e-07,1.096982012460994227e-07,1.143028367040451055e-07
1.110000000000000142e+01,6.978829103377240740e-06,2.292356924758932501e-06,6.525843186211914950e-07,2.023132644965892098e-07,7.735165822941431458e-08,6.984396992817133836e-08,7.464942371178005779e-08,6.556326360411766621e-08,6.139117513327523092e-08,6.013465691994928718e-08,6.086000490755505769e-08,6.296770354570540307e-08,6.602311083406952853e-08,6.972627245849777546e-08,7.387430426504251982e-08,7.832848582890551318e-08,8.299093708132969640e-08,8.779093164363774097e-08,9.267748153836733965e-08,9.761231988312923639e-08,1.025649360387560438e-07,1.075106576960764316e-07,1.124305467684302785e-07,1.173095469294124241e-07,1.221112216938627171e-07
1.115000000000000036e+01,6.978829258109569680e-06,2.295722003003392982e-06,6.518574823096588209e-07,2.014053798029734111e-07,7.640030956805153384e-08,7.456273993973111818e-08,7.816691446387202842e-08,6.914874558921020742e-08,6.522356285022781153e-08,6.423025685360596492e-08,6.522808424463020292e-08,6.761310040770037346e-08,7.094690757331047849e-08,7.492664562857714402e-08,7.934741216783297565e-08,8.406901890974580657e-08,8.899233360391243943e-08,9.404597149050295712e-08,9.917860459775300085e-08,1.043516707242561843e-07,1.095343961484679222e-07,1.147021031084935320e-07,1.198359371738238646e-07,1.249208926127251476e-07,1.299196066836800111e-07
1.120000000000000107e+01,6.978830542152128849e-06,2.300986206423047867e-06,6.508417366122751925e-07,2.001145115172326375e-07,7.522283937929068278e-08,7.983233240720198020e-08,8.203852723005192738e-08,7.303985566450151710e-08,6.934100535410231246e-08,6.860041383522890271e-08,6.986644748322388426e-08,7.252826003401227995e-08,7.614237165734139139e-08,8.040224037193214529e-08,8.510041038641642329e-08,9.009482686475834703e-08,9.528491448344441360e-08,1.005983715228616008e-07,1.059834544971404146e-07,1.114011945559433070e-07,1.168205827666837626e-07,1.222167411799920680e-07,1.275709083294460617e-07,1.328680782096540092e-07,1.380699993551690819e-07
1.125000000000000000e+01,6.978832023838055890e-06,2.306582780421537247e-06,6.497754281710238110e-07,1.987566163288625743e-07,7.400579510456131240e-08,8.519832567062722598e-08,8.597211576293611895e-08,7.698445446532497648e-08,7.350833599898296498e-08,7.301862172268321849e-08,7.455211377375452996e-08,7.749063150675469287e-08,8.138538091312676853e-08,8.592600232133113877e-08,9.090239289918165051e-08,9.617056147878925495e-08,1.016284562551442189e-07,1.072028132943668526e-07,1.128414603795756854e-07,1.185050025273792917e-07,1.241622004719801862e-07,1.297879419955247794e-07,1.353635602246826484e-07,1.408740399778124559e-07,1.462802476341806148e-07
1.130000000000000071e+01,6.978832971071824431e-06,2.313077031753627382e-06,6.487059285270715874e-07,1.974764602372430646e-07,7.285356107706801478e-08,9.095808268241010138e-08,9.023956441117814111e-08,8.139433849261621974e-08,7.823896355133009398e-08,7.808658902298484224e-08,7.996159493779797493e-08,8.323939587415945396e-08,8.746775485308943842e-08,9.233434346680915968e-08,9.762786547272419667e-08,1.032035814011540272e-07,1.089588898909441386e-07,1.148202626000146505e-07,1.207356599220145111e-07,1.266657518912694290e-07,1.325792650527991840e-07,1.384513274575342913e-07,1.442633878602520880e-07,1.500008112187904337e-07,1.556234652788936274e-07
1.135000000000000142e+01,6.978832971071824431e-06,2.321162277287652986e-06,6.476307729700152268e-07,1.963340846682727616e-07,7.181619318656971165e-08,9.741572502238340012e-08,9.509872846528985167e-08,8.662886860358093319e-08,8.396794772938403559e-08,8.430615436391672426e-08,8.665392599002351275e-08,9.038191999133116960e-08,9.503777284492833560e-08,1.003104643917643238e-07,1.059900813138592582e-07,1.119332414392358049e-07,1.180384366823833689e-07,1.242331110463231239e-07,1.304663524262783087e-07,1.366997663630516071e-07,1.429023928474262193e-07,1.490504412430129448e-07,1.551255132140083691e-07,1.611140438596313379e-07,1.669746958524514203e-07
1.140000000000000036e+01,6.978832971071824431e-06,2.329247522821679014e-06,6.465556174129589720e-07,1.951917090993025379e-07,7.077882529607143498e-08,1.038733673623565003e-07,9.995789251940137695e-08,9.186339871454547457e-08,8.969693190743777867e-08,9.052571970484839451e-08,9.334625704224878588e-08,9.752444410850260731e-08,1.026077908367669548e-07,1.082865853167191968e-07,1.143522971549940286e-07,1.206629014773172649e-07,1.271179834738222683e-07,1.336459594926312796e-07,1.401970449305417887e-07,1.467337808348334145e-07,1.532255206420528841e-07,1.596495550284911747e-07,1.659876385677642531e-07,1.722272765004718715e-07,1.783259264260087897e-07
1.145000000000000107e+01,6.978832971071824431e-06,2.337332768355705042e-06,6.454804618559028231e-07,1.940493335303322877e-07,6.974145740557313185e-08,1.103310097023298256e-07,1.048170565735131007e-07,9.709792882551021449e-08,9.542591608549174674e-08,9.674528504578030300e-08,1.000385880944743502e-07,1.046669682256743494e-07,1.101778088286058520e-07,1.162627062416744007e-07,1.227145129961291431e-07,1.293925615153990823e-07,1.361975302652614985e-07,1.430588079389397795e-07,1.499277374348056392e-07,1.567677953066156455e-07,1.635486484366799723e-07,1.702486688139698282e-07,1.768497639215205607e-07,1.833405091413128552e-07,1.896771569995666356e-07
1.150000000000000000e+01,6.978832971071824431e-06,2.344647132097935478e-06,6.444912450111067584e-07,1.930081071965007593e-07,6.876450822535205285e-08,1.163506625184903991e-07,1.094042035182623101e-07,1.020966241157616406e-07,1.009441976326648899e-07,1.027736027218218270e-07,1.065537594299006818e-07,1.116421287316489438e-07,1.175870171130144328e-07,1.240821928567243217e-07,1.309224684463184579e-07,1.379690326264385618e-07,1.451239703235475211e-07,1.523179416252717796e-07,1.595035578664193124e-07,1.666453456566604677e-07,1.737134335617391986e-07,1.806873995098433188e-07,1.875493869947239460e-07,1.942890145903473398e-07,2.008613105572024403e-07
1.155000000000000071e+01,6.978832971071824431e-06,2.350111508906985922e-06,6.437082666537516702e-07,1.922096220524329844e-07,6.793255381050484663e-08,1.213192139796230191e-07,1.133385550496584517e-07,1.065293554134122221e-07,1.059568282252245372e-07,1.083429580967514245e-07,1.126437771754357148e-07,1.182156446572233824e-07,1.246103090862063395e-07,1.315257834139146831e-07,1.387602248457670814e-07,1.461778760202955982e-07,1.536829799161914838e-07,1.612081856836230395e-07,1.687077113138525621e-07,1.761474083718885119e-07,1.834982228524410187e-07,1.907412377056871696e-07,1.978590318652594866e-07,2.048422024230837129e-07,2.116445073150034520e-07
1.160000000000000142e+01,6.978832971071824431e-06,2.356517266812226633e-06,6.429197247086508392e-07,1.914618322712949090e-07,6.717779490052391326e-08,1.269916257599582178e-07,1.180385480545356114e-07,1.118376335428248932e-07,1.119266449479583516e-07,1.149373169295463180e-07,1.198121030540444781e-07,1.259082250869619218e-07,1.327833945957562081e-07,1.401420307196067812e-07,1.477875181198965854e-07,1.555886126507461641e-07,1.634523662006716651e-07,1.713147551541309926e-07,1.791319128721768463e-07,1.868715335573705565e-07,1.945059576200574039e-07,2.020172568129668742e-07,2.093893922837189952e-07,2.166135804765306198e-07,2.236434890777049629e-07
1.165000000000000036e+01,6.978832971071824431e-06,2.364281026848028166e-06,6.420839189921321937e-07,1.907608433989967057e-07,6.659063930124981335e-08,1.338971710216763766e-07,1.241963873239493225e-07,1.188951594589642214e-07,1.199091217752263453e-07,1.237818087420156398e-07,1.294308291086806314e-07,1.362153122244604216e-07,1.437042252039332371e-07,1.516139987264936370e-07,1.597588143482016739e-07,1.680159639151212791e-07,1.762983782545621497e-07,1.845481186890255126e-07,1.927250727087711472e-07,2.008001008262824038e-07,2.087486754475730805e-07,2.165538698654882295e-07,2.242021782541134529e-07,2.316856988014063435e-07,2.389592689489536775e-07
1.170000000000000107e+01,6.978832971071824431e-06,2.372314286103030628e-06,6.411852507458422232e-07,1.900332529220069892e-07,6.611340772779032091e-08,1.413442645691910293e-07,1.311251837780897394e-07,1.269625601664892910e-07,1.291522648285465810e-07,1.341244317140744690e-07,1.407555906722467340e-07,1.484045479740382145e-07,1.566548336162125766e-07,1.652393924031204835e-07,1.739881974578669775e-07,1.827904887322000365e-07,1.915685900582379435e-07,2.002723226217668494e-07,2.088675922380822112e-07,2.173294747306635365e-07,2.256381532075652891e-07,2.337787374195552619e-07,2.417401899370300293e-07,2.495166066318179130e-07,2.570636418403608418e-07
1.175000000000000000e+01,6.978832971071824431e-06,2.380347545358033089e-06,6.402865824995523586e-07,1.893056624450172727e-07,6.563617615433085495e-08,1.487913581167053645e-07,1.380539802322298653e-07,1.350299608740140958e-07,1.383954078818664726e-07,1.444670546861329540e-07,1.520803522358124660e-07,1.605937837236155308e-07,1.696054420284914398e-07,1.788647860797467741e-07,1.882175805675317782e-07,1.975650135492783174e-07,2.068388018619131816e-07,2.159965265545076568e-07,2.250101117673926929e-07,2.338588486350441134e-07,2.425276309675568624e-07,2.510036049736216589e-07,2.592782016199459703e-07,2.673475144622288473e-07,2.751680147317673709e-07
1.180000000000000071e+01,6.978832971071824431e-06,2.388984063759807840e-06,6.393206868706654150e-07,1.884912950558444073e-07,6.500592351065521819e-08,1.563322896826310149e-07,1.446731439111366956e-07,1.425728210031924686e-07,1.469134770298025597e-07,1.539072692281950694e-07,1.623551412844079174e-07,1.716130567026025611e-07,1.812890319405235301e-07,1.911447006759914310e-07,2.010371782191004898e-07,2.108767189623887487e-07,2.206019288348110121e-07,2.301764760713512385e-07,2.395768761432511405e-07,2.487856882994090159e-07,2.577913681693840572e-07,2.665824208506382232e-07,2.751525151519850174e-07,2.834994396378692193e-07,2.915799182221198731e-07
1.185000000000000142e+01,6.978832971071825278e-06,2.397686301550245414e-06,6.383474674531392458e-07,1.876674741413514101e-07,6.435900066605396947e-08,1.638834440147362640e-07,1.512585760224299505e-07,1.500585373885561898e-07,1.553525562211816692e-07,1.632491748914617882e-07,1.725155457403050207e-07,1.825048732833714261e-07,1.928345921488961051e-07,2.032780380291185387e-07,2.137031930548172227e-07,2.240290640119388180e-07,2.342008731438081517e-07,2.441881936489140862e-07,2.539719768718711412e-07,2.635379469878762124e-07,2.728779962860424196e-07,2.819819149378411219e-07,2.908455844774874631e-07,2.994684555045750134e-07,3.078074431498589123e-07
1.190000000000000036e+01,6.978832971071824431e-06,2.406388539340681295e-06,6.373742480356130767e-07,1.868436532268584394e-07,6.371207782145273397e-08,1.714345983468411955e-07,1.578440081337229671e-07,1.575442537739196464e-07,1.637916354125604876e-07,1.725910805547282158e-07,1.826759501962017270e-07,1.933966898641399205e-07,2.043801523572682830e-07,2.154113753822451699e-07,2.263692078905334791e-07,2.371814090614884107e-07,2.477998174528048678e-07,2.581999112264763514e-07,2.683670776004905596e-07,2.782902056763428266e-07,2.879646244027001996e-07,2.973814090250434382e-07,3.065386538029892206e-07,3.154374713712802252e-07,3.240349680775973162e-07
1.195000000000000107e+01,6.978832971071824431e-06,2.416569642441077655e-06,6.363128712436614650e-07,1.859988414882569247e-07,6.326380000937857942e-08,1.793279885626430503e-07,1.648568110839186058e-07,1.654875817075480561e-07,1.727120004408586179e-07,1.824328582460865143e-07,1.933491375838920379e-07,2.048094404598935203e-07,2.164511866826254372e-07,2.280721224249213554e-07,2.395626293364250390e-07,2.508596484989916666e-07,2.619224867786795826e-07,2.727322404907797904e-07,2.832793329979838981e-07,2.935560515747664996e-07,3.035608045177426997e-07,3.132864999442608687e-07,3.227332626724294463e-07,3.319038721231275324e-07,3.407557218761465594e-07
1.200000000000000000e+01,6.978832971071825278e-06,2.435805721837391953e-06,6.347117137628552006e-07,1.850255045800850671e-07,6.403181015045462386e-08,1.893168622505476899e-07,1.744863721592572729e-07,1.762328292577709481e-07,1.845792408982544309e-07,1.953353131572565824e-07,2.071620546420738139e-07,2.194118291691782029e-07,2.317396578099487421e-07,2.439621576285573271e-07,2.559853200885091941e-07,2.677578980246378145e-07,2.792518833037584727e-07,2.904522342780579020e-07,3.013580858692066104e-07,3.119665516757901386e-07,3.222769315514359542e-07,3.322873206086779146e-07,3.419987588304135385e-07,3.514157215135858233e-07,3.604964773635396695e-07
1.205000000000000071e+01,6.978836145050462127e-06,2.451557440078963530e-06,6.334638672855053268e-07,1.843079445737958882e-07,6.550812285789319263e-08,1.989460742690994728e-07,1.839316343484695179e-07,1.867554676000488141e-07,1.961956719232244771e-07,2.079639278034814994e-07,2.206780834219949865e-07,2.336917522547442319e-07,2.466779820955811776e-07,2.594727978046737973e-07,2.719979188132907728e-07,2.842147421770079406e-07,2.961079643039429455e-07,3.076678053717664993e-07,3.189016825230008013e-07,3.298111086699141848e-07,3.403978427854812974e-07,3.506640618964044915e-07,3.606122073766266982e-07,3.702493455001252334e-07,3.795326478392673801e-07
1.210000000000000142e+01,6.978839014092689398e-06,2.460196605098374446e-06,6.331050818692428191e-07,1.848501134360046548e-07,7.097671951944466285e-08,2.066588823980132578e-07,1.928109327508107290e-07,1.976216159376620058e-07,2.090496941424308509e-07,2.226263794435975828e-07,2.368925073192351116e-07,2.512091830427434912e-07,2.652862738856394334e-07,2.789993210240316702e-07,2.923052260720043602e-07,3.051934375090797936e-07,3.176696500019794756e-07,3.297426255472907839e-07,3.414315775786729088e-07,3.527482770929024964e-07,3.637023783645410152e-07,3.743008228552908573e-07,3.845511813800813470e-07,3.944646591466515383e-07,4.039994733891735876e-07
1.215000000000000036e+01,6.978841883134916669e-06,2.468835770117784939e-06,6.327462964529804173e-07,1.853922822982133683e-07,7.644531618099593455e-08,2.143716905269267781e-07,2.016902311531516225e-07,2.084877642752748533e-07,2.219037163616367482e-07,2.372888310837131369e-07,2.531069312164746278e-07,2.687266138307421153e-07,2.838945656756970540e-07,2.985258442433888019e-07,3.126125333307172064e-07,3.261721328411509054e-07,3.392313357000153705e-07,3.518174457228143803e-07,3.639614726343441164e-07,3.756854455158900140e-07,3.870069139435999388e-07,3.979375838141764290e-07,4.084901553835352018e-07,4.186799727931769963e-07,4.284662989390788950e-07
1.220000000000000107e+01,6.978844752177144786e-06,2.477474935137196279e-06,6.323875110367178038e-07,1.859344511604221348e-07,8.191391284254740477e-08,2.220844986558406160e-07,2.105695295554928336e-07,2.193539126128880714e-07,2.347577385808431749e-07,2.519512827238292204e-07,2.693213551137147264e-07,2.862440446187413746e-07,3.025028574657554157e-07,3.180523674627466748e-07,3.329198405894307409e-07,3.471508281732227583e-07,3.607930213980519007e-07,3.738922658983387708e-07,3.864913676900162239e-07,3.986226139388783786e-07,4.103114495226597625e-07,4.215743447730629007e-07,4.324291293869899035e-07,4.428952864397032483e-07,4.529331244889850495e-07
1.225000000000000000e+01,6.978846158745000139e-06,2.496120241420488927e-06,6.354994054986389309e-07,1.910481832651033726e-07,9.508497384773791898e-08,2.309248837573571562e-07,2.208296855586878922e-07,2.317294338903231128e-07,2.492278918830965281e-07,2.683049014819053441e-07,2.872732287968820463e-07,3.055238046237455667e-07,3.228830501482871360e-07,3.393504835129268195e-07,3.549917233134478585e-07,3.698828160807599577e-07,3.840941066143756139e-07,3.976909281630049668e-07,4.107287596863210160e-07,4.232511353482095496e-07,4.352906191853576468e-07,4.468696820520812916e-07,4.580110038606834078e-07,4.687379390328122981e-07,4.790124094543623459e-07
1.230000000000000071e+01,6.978846158745000139e-06,2.524389180728834639e-06,6.419493049531172239e-07,2.005587198757511254e-07,1.156640544158042187e-07,2.408497415547571907e-07,2.324179126394365362e-07,2.455566287837632723e-07,2.652523958639451002e-07,2.862850385249110864e-07,3.068961341693165727e-07,3.264985246744384547e-07,3.449674086522120530e-07,3.623524690992289784e-07,3.787607264633381639e-07,3.943010728392825441e-07,4.090680987192304246e-07,4.231475346063066356e-07,4.366083755444234635e-07,4.495063538055984366e-07,4.618804061127116512e-07,4.737601926779545137e-07,4.851729750774993207e-07,4.961457217211594523e-07,5.066425137888720647e-07
1.235000000000000142e+01,6.978846158745000139e-06,2.609708473562490341e-06,6.889538234750161656e-07,2.355739392432982293e-07,1.448435665352454237e-07,2.502134546168532768e-07,2.434462811807963588e-07,2.586406208242695896e-07,2.803248926767399072e-07,3.031009332632910899e-07,3.251567069559154825e-07,3.459338014396973956e-07,3.653567294248513745e-07,3.835229386419280476e-07,4.005783076207133710e-07,4.166623036926758201e-07,4.318916741827863441e-07,4.463701531029592554e-07,4.601794623312812983e-07,4.733854981952904936e-07,4.860331460610126787e-07,4.981581044343250505e-07,5.097919209657521231e-07,5.209643600194227445e-07,5.316415027552321620e-07
1.240000000000000036e+01,6.978846158745000139e-06,2.789012331863129799e-06,8.027678885677282232e-07,3.126054894161751194e-07,1.881914014123338847e-07,2.586527396806506753e-07,2.535523405987932219e-07,2.705002629200232497e-07,2.938290560002194293e-07,3.179988590437747742e-07,3.411729775044131789e-07,3.628330043806558837e-07,3.829536505929135109e-07,4.016761746555216291e-07,4.191811225816280036e-07,4.356347968099885146e-07,4.511726603174993388e-07,4.659125071761638042e-07,4.799474858902728562e-07,4.933503059512781939e-07,5.061711028012246770e-07,5.184497169802999388e-07,5.302214952601803204e-07,5.415176503330248665e-07,5.523060008851873834e-07
1.245000000000000107e+01,6.978846158745000139e-06,2.968316190163775610e-06,9.165819536604440924e-07,3.896370395890547093e-07,2.315392362894238015e-07,2.670920247444482855e-07,2.636584000167904555e-07,2.823599050157772274e-07,3.073332193236993750e-07,3.328967848242588819e-07,3.571892480529114047e-07,3.797322073216149541e-07,4.005505717609762826e-07,4.198294106691158457e-07,4.377839375425432714e-07,4.546072899273018443e-07,4.704536464522129158e-07,4.854548612493689352e-07,4.997155094492649965e-07,5.133151137072665823e-07,5.263090595414370988e-07,5.387413295262754623e-07,5.506510695546089413e-07,5.620709406466277296e-07,5.729704990151433461e-07
1.250000000000000000e+01,6.978846158745000139e-06,3.090899984005312450e-06,9.882875233265264154e-07,4.416412021196914684e-07,2.698482213346953842e-07,2.770909576959433715e-07,2.753177651436423340e-07,2.959427795054217646e-07,3.227540159764945293e-07,3.499047911735311552e-07,3.754927934284590197e-07,3.990742880894410972e-07,4.207248285517400715e-07,4.406762062690077653e-07,4.591806348270852518e-07,4.764609573421392095e-07,4.926918119395668546e-07,5.080214659759317603e-07,5.225669726744020485e-07,5.364166607779305593e-07,5.496309618432881857e-07,5.622596239295925761e-07,5.743456506573482312e-07,5.859237966522436398e-07,5.969657952022773682e-07
1.255000000000000071e+01,6.978846158745000139e-06,3.205184511076440982e-06,1.053831787638342642e-06,4.899833630537123386e-07,3.074199230329005277e-07,2.873180979672181214e-07,2.872044096041260103e-07,3.097777969621226597e-07,3.384552539766819411e-07,3.672215440257291729e-07,3.941310123299977508e-07,4.187738101783601386e-07,4.412762004973210197e-07,4.619171228873067554e-07,4.809861323298585771e-07,4.987361975167271554e-07,5.153626712288339759e-07,5.310305783616838527e-07,5.458696040814495201e-07,5.599771748228045572e-07,5.734187383265344671e-07,5.862500456792510230e-07,5.985179668044293295e-07,6.102594443501065183e-07,6.214484529941372575e-07
1.260000000000000142e+01,6.978846158745000139e-06,3.357148580078427680e-06,1.150323316790034517e-06,5.554299450254011452e-07,3.450177034641655657e-07,2.948120637826352524e-07,2.961891692981952066e-07,3.203393806160077775e-07,3.504903374703151121e-07,3.805041201867942855e-07,4.084153721763833823e-07,4.338504003267676877e-07,4.569797841902670691e-07,4.781212951775804392e-07,4.975966646988166646e-07,5.156810053153568402e-07,5.325871958205726131e-07,5.484933008417095203e-07,5.635379287174976052e-07,5.778250746095782766e-07,5.914252730276378923e-07,6.043980407399936811e-07,6.167927627566026177e-07,6.286485567690399111e-07,6.399405042450267000e-07
1.265000000000000036e+01,6.978846158745000139e-06,3.419548952842450236e-06,1.170781021786265907e-06,5.648327967638338116e-07,3.493277858196054685e-07,2.959045471452994225e-07,2.974806021240373881e-07,3.218308014210104848e-07,3.521800591576734593e-07,3.823755134162277973e-07,4.104468595213085059e-07,4.360219383474977532e-07,4.592753218198954819e-07,4.805279584947760649e-07,5.001039089761723049e-07,5.182798398838826965e-07,5.352713809864778948e-07,5.512574085156720654e-07,5.663778241402202838e-07,5.807364937658910370e-07,5.944049015553070373e-07,6.074431326486230738e-07,6.199002195396515058e-07,6.318165092892834480e-07,6.431657419820685977e-07
1.270000000000000107e+01,6.978846158745000139e-06,3.471517753606805987e-06,1.182692241499049618e-06,5.679461100203583022e-07,3.499444653144688360e-07,2.962920168552274837e-07,2.979299653868190892e-07,3.223389303540498685e-07,3.527584813655335603e-07,3.830301803198440618e-07,4.111807309251442687e-07,4.368356494937357486e-07,4.601680998645339285e-07,4.814981478182407276e-07,5.011505762277667716e-07,5.194000338909258433e-07,5.364642206828867328e-07,5.525204132216600946e-07,5.677097438365288521e-07,5.821353540343908395e-07,5.958690631027604395e-07,6.089709020967935478e-07,6.214897091594053985e-07,6.334666554121387132e-07,6.448749880958986006e-07
1.275000000000000000e+01,6.978846158745000139e-06,3.512606823336521447e-06,1.193505634773581628e-06,5.709428422988813874e-07,3.506732763614246455e-07,2.967949930557084101e-07,2.985074254121693231e-07,3.229816150333739779e-07,3.534745052520349030e-07,3.838246173894298805e-07,4.120558918466790155e-07,4.377923987765028644e-07,4.612056995205938087e-07,4.826153050360480070e-07,5.023461178451195442e-07,5.206716583185505052e-07,5.378107909971895781e-07,5.539397168194427263e-07,5.692005027884067358e-07,5.836955039033103570e-07,5.974971842587858757e-07,6.106652443634232522e-07,6.232484014402139768e-07,6.352883735820291015e-07,6.467581364929768452e-07
1.280000000000000071e+01,6.978846158745000139e-06,3.532016747485201751e-06,1.202131283007115474e-06,5.737071950911035379e-07,3.516255471255134209e-07,2.975281613425054923e-07,2.993401609089947081e-07,3.238924374434208709e-07,3.544647260921546998e-07,3.848975625330992528e-07,4.132125781467241193e-07,4.390341472804028354e-07,4.625318425604225261e-07,4.840252738491842314e-07,5.038382606247658159e-07,5.222449686659535211e-07,5.394636219031054107e-07,5.556703908756622215e-07,5.710076866078712352e-07,5.855769536934659712e-07,5.994519183000379233e-07,6.126913998398195171e-07,6.253441404036308890e-07,6.374518532656938858e-07,6.489876822964399840e-07
1.285000000000000142e+01,6.978846158745000139e-06,3.553546263811824061e-06,1.211416070970220776e-06,5.766659314696483213e-07,3.526387136937506919e-07,2.983058607001096227e-07,3.002225629993078722e-07,3.248564755887064635e-07,3.555123465501002786e-07,3.860319496536116492e-07,4.144355037853463334e-07,4.403467376619423429e-07,4.639333838092943891e-07,4.855148585977012334e-07,5.054145676816243209e-07,5.239068454182532501e-07,5.412093191213443832e-07,5.574980626743146908e-07,5.729159798796535589e-07,5.875636244692863942e-07,6.015158281874923402e-07,6.148305584274489494e-07,6.275567273720202336e-07,6.397358478223296609e-07,6.513413366900624262e-07
1.290000000000000036e+01,6.978846158745000139e-06,3.578623633467760812e-06,1.221804151872589855e-06,5.799500344262900493e-07,3.537538099556989110e-07,2.991580978435505489e-07,3.011880989070104452e-07,3.259095882387025392e-07,3.566560446532288063e-07,3.872691806722901987e-07,4.157693033271409420e-07,4.417779058501249350e-07,4.654611294241578425e-07,4.871377075016284228e-07,5.071317520799940743e-07,5.257169679594115955e-07,5.431104594756663548e-07,5.594880929525881845e-07,5.749935139661377180e-07,5.897264180993948201e-07,6.037624807239628693e-07,6.171588658846505946e-07,6.299648989381351959e-07,6.422215647186452502e-07,6.539027287227338748e-07
1.295000000000000107e+01,6.978846158745000139e-06,3.599569990899501558e-06,1.231116744708429051e-06,5.829486886896365116e-07,3.548332366901582574e-07,3.000077677199200866e-07,3.021529798137682122e-07,3.269599620941113214e-07,3.577916723779903651e-07,3.884920767224383381e-07,4.170810713686597021e-07,4.431793399776835571e-07,4.669516457621279204e-07,4.887164847560074538e-07,5.087978071666685445e-07,5.274690312723106401e-07,5.449468370493750662e-07,5.614069438926393427e-07,5.769933887490964453e-07,5.918055000099627337e-07,6.059192981426355936e-07,6.193916430666263615e-07,6.322716721625228718e-07,6.446007342201809776e-07,6.563523902453376522e-07
1.300000000000000000e+01,6.978846158745000139e-06,3.613768085171938564e-06,1.238672461480061475e-06,5.854810449135932207e-07,3.558543950523156747e-07,3.008532438072479243e-07,3.031167907360996159e-07,3.280058619597056449e-07,3.589141166421231084e-07,3.896915557176919891e-07,4.183568495961603702e-07,4.445322016840055889e-07,4.683813457809801777e-07,4.902232682536810749e-07,5.103803393703915800e-07,5.291262512562973269e-07,5.466774206281043983e-07,5.632095189952537312e-07,5.788664022717834045e-07,5.937478336655465103e-07,6.079293643577424998e-07,6.214683656542513361e-07,6.344128049441434564e-07,6.468058519833311799e-07,6.586195330911764835e-07
1.305000000000000071e+01,6.978846158745000139e-06,3.625061450531200569e-06,1.246339336853613760e-06,5.881874494760681303e-07,3.571004385704130455e-07,3.019275788553679168e-07,3.043326600541591149e-07,3.293153435163780005e-07,3.603037363379352459e-07,3.911574203419225060e-07,4.198986311876423667e-07,4.461495850982605184e-07,4.700744540056133769e-07,4.919916124159961690e-07,5.122237013653916388e-07,5.310432320740118270e-07,5.486673422917715584e-07,5.652714820910676964e-07,5.809987874828777817e-07,5.959496038913302577e-07,6.101989126164699126e-07,6.238046150368554353e-07,6.368143568676303218e-07,6.492707516892542815e-07,6.611465897344761674e-07
1.310000000000000142e+01,6.978846158745000139e-06,3.636206844347237623e-06,1.254011874824386104e-06,5.909027203396734971e-07,3.583579380985435205e-07,3.030135723455048437e-07,3.055613696306088104e-07,3.306382523465618496e-07,3.617069663781612805e-07,3.926368550767521707e-07,4.214539634165324037e-07,4.477804436719912286e-07,4.717809806661392821e-07,4.937732808974991640e-07,5.140803504477197591e-07,5.329734455246448393e-07,5.506704750528567844e-07,5.673466588267063881e-07,5.831443855032048477e-07,5.981645902315290758e-07,6.124816793061012877e-07,6.261540851300695592e-07,6.392291749593066436e-07,6.517488851034246566e-07,6.636868868029120226e-07
1.315000000000000036e+01,6.978846158745000139e-06,3.647352238163275102e-06,1.261684412795158025e-06,5.936179912032788639e-07,3.596154376266739956e-07,3.040995658356418235e-07,3.067900792070584529e-07,3.319611611767458045e-07,3.631101964183873681e-07,3.941162898115818354e-07,4.230092956454224407e-07,4.494113022457219389e-07,4.734875073266652403e-07,4.955549493790021590e-07,5.159369995300480912e-07,5.349036589752778516e-07,5.526736078139420104e-07,5.694218355623452916e-07,5.852899835235319136e-07,6.003795765717278939e-07,6.147644459957326628e-07,6.285035552232834714e-07,6.416439930509830712e-07,6.542270185175949258e-07,6.662271838713477719e-07
1.320000000000000107e+01,6.978846158745000139e-06,3.659508219918952108e-06,1.269465235692222083e-06,5.963329827302961481e-07,3.608234021430511363e-07,3.051287630097156195e-07,3.079561650666218126e-07,3.332198055803089386e-07,3.644501532963016377e-07,3.955343682126722497e-07,4.245057820848521935e-07,4.509858061755540074e-07,4.751401669793945755e-07,4.972850612472429933e-07,5.177444053098536193e-07,5.367868766779857392e-07,5.546315322611957211e-07,5.714537086313015461e-07,5.873941245010923553e-07,6.025547475684188434e-07,6.170089823093734409e-07,6.308163514316298629e-07,6.440236582847879886e-07,6.566717409031602905e-07,6.687353092739563111e-07
1.325000000000000000e+01,6.978846158745000139e-06,3.671337398741307813e-06,1.277222347117144751e-06,5.990504056893159361e-07,3.620448015485631302e-07,3.061734211547767588e-07,3.091393703607264690e-07,3.344966841507278447e-07,3.658089085675576298e-07,3.969711423543861978e-07,4.260207497041815452e-07,4.525784055002660541e-07,4.768107147620115274e-07,4.990333814575901457e-07,5.195695459591963390e-07,5.386880939680293067e-07,5.566071292018046672e-07,5.735031438654046283e-07,5.895157244467303654e-07,6.047474702698286382e-07,6.192711193220707209e-07,6.331467895906466890e-07,6.464206638324607615e-07,6.591339620031952456e-07,6.712608049047335149e-07
1.330000000000000071e+01,6.978846158745000139e-06,3.679828603477273848e-06,1.284892602557012071e-06,6.019022581654743928e-07,3.635235011144503603e-07,3.075041332663729406e-07,3.106398270704449662e-07,3.361023431449720988e-07,3.674969190113190824e-07,3.987338972081988182e-07,4.278555366240752152e-07,4.544852051239222557e-07,4.787891653368679178e-07,5.010837254742721674e-07,5.216914415742168642e-07,5.408808120446499033e-07,5.588706603779836215e-07,5.758360412066612544e-07,5.919168994039351861e-07,6.072161413360106491e-07,6.218058891201877255e-07,6.357459645791302787e-07,6.490834031691631690e-07,6.618589529720136467e-07,6.740461652009637440e-07
1.335000000000000142e+01,6.978846158745000139e-06,3.688079621860790433e-06,1.292727828103236870e-06,6.048443539366403208e-07,3.650835432951874073e-07,3.089203795184719784e-07,3.122363005837579752e-07,3.378076610627871817e-07,3.692863411586248742e-07,4.005983202450088536e-07,4.297920762758471311e-07,4.564937046562689741e-07,4.808691100949469851e-07,5.032360505328897253e-07,5.239150767734133179e-07,5.431761427407254470e-07,5.612367755834321806e-07,5.782717689292037297e-07,5.944215993523495878e-07,6.097884025267267333e-07,6.244449163586779979e-07,6.384496797617428735e-07,6.518512757885591095e-07,6.646895366774663902e-07,6.769375995141199328e-07
1.340000000000000036e+01,6.978846158745000986e-06,3.696330640244306170e-06,1.300563053649461034e-06,6.077864497078061429e-07,3.666435854759243484e-07,3.103366257705710691e-07,3.138327740970708254e-07,3.395129789806021058e-07,3.710757633059305600e-07,4.024627432818187832e-07,4.317286159276189411e-07,4.585022041886156926e-07,4.829490548530260524e-07,5.053883755915071773e-07,5.261387119726094539e-07,5.454714734368006731e-07,5.636028907888806339e-07,5.807074966517459932e-07,5.969262993007638836e-07,6.123606637174426057e-07,6.270839435971679527e-07,6.411533949443552566e-07,6.546191484079548383e-07,6.675201203829191337e-07,6.798290338272760158e-07
1.345000000000000107e+01,6.978846158745000139e-06,3.703102114510369119e-06,1.308214535068554108e-06,6.107371296515737845e-07,3.682820673344087069e-07,3.118517659937958844e-07,3.155386624463770414e-07,3.413318443271847056e-07,3.729778604666252772e-07,4.044374173823779240e-07,4.337722419255441950e-07,4.606143045475305562e-07,4.851294227789495223e-07,5.076376666455120187e-07,5.284564478434718992e-07,5.478581285734445039e-07,5.660571230256265258e-07,5.832288683241775995e-07,5.995141189794852978e-07,6.150138537186112117e-07,6.298013475912359892e-07,6.439339271637530952e-07,6.574612359653608483e-07,6.704229939544276674e-07,6.827907753271128419e-07
1.350000000000000000e+01,6.978846158744999292e-06,3.708898230071442051e-06,1.315722178520419522e-06,6.136837409906439303e-07,3.699660128180488127e-07,3.134263922196503169e-07,3.173102831363184597e-07,3.432186423149274018e-07,3.749470462334237883e-07,4.064771613586424808e-07,4.358784933540748552e-07,4.627864280748658439e-07,4.873674956351068075e-07,5.099420270438050168e-07,5.308270999327772531e-07,5.502954472618977686e-07,5.685597328969232781e-07,5.857967026906410906e-07,6.021464113508705137e-07,6.177098342991977892e-07,6.325596198585074267e-07,6.467539082932535856e-07,6.603408680873520406e-07,6.733619449303738954e-07,6.857869950130060918e-07
1.355000000000000071e+01,6.978846158745000139e-06,3.714432538307183318e-06,1.323009542879703821e-06,6.165514389874444082e-07,3.716121923236508004e-07,3.149713229041370484e-07,3.190483702849752930e-07,3.450683051179243483e-07,3.768767189264277573e-07,4.084734840153094221e-07,4.379378019214194136e-07,4.649084741625699965e-07,4.895530813038947675e-07,5.121903406385091571e-07,5.331390134825451289e-07,5.526700427552670705e-07,5.709976339727237503e-07,5.882970373197253896e-07,6.047080620986271705e-07,6.203328193595626856e-07,6.352424612580835767e-07,6.494949483237374517e-07,6.631395361974141626e-07,6.762179532867081478e-07,6.886975053616617023e-07
1.360000000000000142e+01,6.978846158745000139e-06,3.719115728418291109e-06,1.330282482786553288e-06,6.194893426445642721e-07,3.733567792361652977e-07,3.166328491231403349e-07,3.209162551523542926e-07,3.470526560668095917e-07,3.789427140726827610e-07,4.106061399264690922e-07,4.401327937955551334e-07,4.671650529844948717e-07,4.918722252977338224e-07,5.145710852317586432e-07,5.355824721616506820e-07,5.551755842291501997e-07,5.735658452812006275e-07,5.909268844052941852e-07,6.073989370187136657e-07,6.230839928797638556e-07,6.380534271815558111e-07,6.523636538327186888e-07,6.660656428085874471e-07,6.792006084021085388e-07,6.917345155673240672e-07
1.365000000000000036e+01,6.978846158745000139e-06,3.721886477236852716e-06,1.337550078091848098e-06,6.226128595836440647e-07,3.753538191703341096e-07,3.185937690880543256e-07,3.231167314001380973e-07,3.493833684187682293e-07,3.813581714250868240e-07,4.130882774330453281e-07,4.426745586377937300e-07,4.697656947947060586e-07,4.945313043829687291e-07,5.172896425867180374e-07,5.383610203461237669e-07,5.580142960454371483e-07,5.764645187489437188e-07,5.938859964290126193e-07,6.104174492078938542e-07,6.261617296924937070e-07,6.411889196684429679e-07,6.555564673909358515e-07,6.693149624532664440e-07,6.825047246628245768e-07,6.950927479833440251e-07
1.370000000000000107e+01,6.978846158745000139e-06,3.724974628911641433e-06,1.344873368550792054e-06,6.257319283428354054e-07,3.773299688843794713e-07,3.205271559563216663e-07,3.252865874813559369e-07,3.516823685177706442e-07,3.837416795628272641e-07,4.155386421589923437e-07,4.451853596659964145e-07,4.723355137522321549e-07,4.971604648197648675e-07,5.199789894591474573e-07,5.411108169063767652e-07,5.608248294406692706e-07,5.793358080935554098e-07,5.968177538470160811e-07,6.134093963765721253e-07,6.292130189242937308e-07,6.442987385814247963e-07,6.587239503508488754e-07,6.725392979559130537e-07,6.857845218391700784e-07,6.984265515443389708e-07
1.375000000000000000e+01,6.978846158745000139e-06,3.728062780586429727e-06,1.352196659009736010e-06,6.288509971020266403e-07,3.793061185984247271e-07,3.224605428245889012e-07,3.274564435625736705e-07,3.539813686167731120e-07,3.861251877005675983e-07,4.179890068849392534e-07,4.476961606941989931e-07,4.749053327097582513e-07,4.997896252565610058e-07,5.226683363315767713e-07,5.438606134666295517e-07,5.636353628359011812e-07,5.822070974381668890e-07,5.997495112650195428e-07,6.164013435452503963e-07,6.322643081560935428e-07,6.474085574944063070e-07,6.618914333107617934e-07,6.757636334585595575e-07,6.890643190155152624e-07,7.017603551053337046e-07
1.380000000000000071e+01,6.978846158745000139e-06,3.731150932261218444e-06,1.359519949468679967e-06,6.319700658612178751e-07,3.812822683124700359e-07,3.243939296928561890e-07,3.296262996437915100e-07,3.562803687157755268e-07,3.885086958383079855e-07,4.204393716108862690e-07,4.502069617224016775e-07,4.774751516672843477e-07,5.024187856933570383e-07,5.253576832040061912e-07,5.466104100268825500e-07,5.664458962311333035e-07,5.850783867827784742e-07,6.026812686830228987e-07,6.193932907139287733e-07,6.353155973878934607e-07,6.505183764073880295e-07,6.650589162706747114e-07,6.789879689612059555e-07,6.923441161918605522e-07,7.050941586663285443e-07
1.385000000000000142e+01,6.978846158745000139e-06,3.734239083936007162e-06,1.366843239927624346e-06,6.350891346204091099e-07,3.832584180265153447e-07,3.263273165611235297e-07,3.317961557250092966e-07,3.585793688147780476e-07,3.908922039760484256e-07,4.228897363368332845e-07,4.527177627506043091e-07,4.800449706248103912e-07,5.050479461301531767e-07,5.280470300764356111e-07,5.493602065871354424e-07,5.692564296263653200e-07,5.879496761273900593e-07,6.056130261010263605e-07,6.223852378826069384e-07,6.383668866196934845e-07,6.536281953203696461e-07,6.682263992305877353e-07,6.822123044638525652e-07,6.956239133682059480e-07,7.084279622273232782e-07
1.390000000000000036e+01,6.978846158744999292e-06,3.736908734342411252e-06,1.374097670315493641e-06,6.382328275537713501e-07,3.852840780923735909e-07,3.283257117143933401e-07,3.340380065308323833e-07,3.609527900322571013e-07,3.933504433402825998e-07,4.254140609446407950e-07,4.553013950368928231e-07,4.826863712406193568e-07,5.077474364218327247e-07,5.308054178413696036e-07,5.521779183945130365e-07,5.721338294354070112e-07,5.908868283563334206e-07,6.086097169495522801e-07,6.254412411343564415e-07,6.414814330827712202e-07,6.568004733173732136e-07,6.714556268764084938e-07,6.854975886297869719e-07,6.989639825991768120e-07,7.118214105165986813e-07
1.395000000000000107e+01,6.978846158745000139e-06,3.737149488106271849e-06,1.380952450790512432e-06,6.415194342092354565e-07,3.875970862175431219e-07,3.307014017938884225e-07,3.366977001440371177e-07,3.637581363559611335e-07,3.962424076148967417e-07,4.283676337347237439e-07,4.583077252015411519e-07,4.857432173104937212e-07,5.108551069540558164e-07,5.339645049701322236e-07,5.553897965478027297e-07,5.753993083741208558e-07,5.942062354330082447e-07,6.119832682840539820e-07,6.288690129250798949e-07,6.449631117107295522e-07,6.603352511941575545e-07,6.750432081799745217e-07,6.891366064993232875e-07,7.026538586340425696e-07,7.155610247346550135e-07
1.400000000000000000e+01,6.978846158745000139e-06,3.737390241870131600e-06,1.387807231265531010e-06,6.448060408646995629e-07,3.899100943427125470e-07,3.330770918733833460e-07,3.393573937572417461e-07,3.665634826796652187e-07,3.991343718895108306e-07,4.313212065248064810e-07,4.613140553661894278e-07,4.888000633803681915e-07,5.139627774862789081e-07,5.371235920988946319e-07,5.586016747010923171e-07,5.786647873128344886e-07,5.975256425096828571e-07,6.153568196185557898e-07,6.322967847158033483e-07,6.484447903386878841e-07,6.638700290709416836e-07,6.786307894835405496e-07,6.927756243688592854e-07,7.063437346689081154e-07,7.193006389527111340e-07
1.405000000000000071e+01,6.978846158745000986e-06,3.737630995633992621e-06,1.394662011740549800e-06,6.480926475201638811e-07,3.922231024678821308e-07,3.354527819528783755e-07,3.420170873704464805e-07,3.693688290033692510e-07,4.020263361641249725e-07,4.342747793148894298e-07,4.643203855308378625e-07,4.918569094502425559e-07,5.170704480185019998e-07,5.402826792276571461e-07,5.618135528543820104e-07,5.819302662515483332e-07,6.008450495863577871e-07,6.187303709530574917e-07,6.357245565065268016e-07,6.519264689666463219e-07,6.674048069477259186e-07,6.822183707871065775e-07,6.964146422383956010e-07,7.100336107037737671e-07,7.230402531707673603e-07
1.410000000000000142e+01,6.978846158745000139e-06,3.737871749397852795e-06,1.401516792215568379e-06,6.513792541756279875e-07,3.945361105930516618e-07,3.378284720323734578e-07,3.446767809836511619e-07,3.721741753270733891e-07,4.049183004387391144e-07,4.372283521049723786e-07,4.673267156954862442e-07,4.949137555201171321e-07,5.201781185507249856e-07,5.434417663564197661e-07,5.650254310076715978e-07,5.851957451902621778e-07,6.041644566630325054e-07,6.221039222875594054e-07,6.391523282972503609e-07,6.554081475946047597e-07,6.709395848245100477e-07,6.858059520906726053e-07,7.000536601079318107e-07,7.137234867386394188e-07,7.267798673888237984e-07
1.415000000000000036e+01,6.978846158745000139e-06,3.738112503161713393e-06,1.408371572690586957e-06,6.546658608310921998e-07,3.968491187182210869e-07,3.402041621118684343e-07,3.473364745968557904e-07,3.749795216507773684e-07,4.078102647133532033e-07,4.401819248950552216e-07,4.703330458601345201e-07,4.979706015899914965e-07,5.232857890829479715e-07,5.466008534851821744e-07,5.682373091609611852e-07,5.884612241289758106e-07,6.074838637397073295e-07,6.254774736220611073e-07,6.425801000879738142e-07,6.588898262225629858e-07,6.744743627012941768e-07,6.893935333942386332e-07,7.036926779774679145e-07,7.174133627735048588e-07,7.305194816068798130e-07
1.420000000000000107e+01,6.978846158745000139e-06,3.738441126270873479e-06,1.415244344047594934e-06,6.579451540209062381e-07,3.991481656352904184e-07,3.425614089454079795e-07,3.499758912911866189e-07,3.777640416441292324e-07,4.106813865587805089e-07,4.431147967854689338e-07,4.733191150029172063e-07,5.010074584587754919e-07,5.263739189817073669e-07,5.497408180818482120e-07,5.714303973855360322e-07,5.917082062780264945e-07,6.107851785936320926e-07,6.288330845000343236e-07,6.459902922970998535e-07,6.623540802654201848e-07,6.779920145967619735e-07,6.929641495046058444e-07,7.073150415205561887e-07,7.210868313643591096e-07,7.342427143382449659e-07
1.425000000000000000e+01,6.978846158745000986e-06,3.737166926977055964e-06,1.421721983968974029e-06,6.613673526387760024e-07,4.017125784621255024e-07,3.452763325484400302e-07,3.530085767474815143e-07,3.809550972134606606e-07,4.139609396643521874e-07,4.464528558347745385e-07,4.767048709338725229e-07,5.044379533719947634e-07,5.298493319296558281e-07,5.532625324716586422e-07,5.749997587552132749e-07,5.953262994653268067e-07,6.144529018888012417e-07,6.325510709070764129e-07,6.497584276445039560e-07,6.661721942931526041e-07,6.818598990262382187e-07,6.968810759079230877e-07,7.112805016094637816e-07,7.250999185318836139e-07,7.383025029169035937e-07
1.430000000000000071e+01,6.978846158745000139e-06,3.735666744323311775e-06,1.428117556042121341e-06,6.648029665702159458e-07,4.043129468797333339e-07,3.480416011941008515e-07,3.560963351247647888e-07,3.842028391064687999e-07,4.172970477930759885e-07,4.498465354063586553e-07,4.801450134842017090e-07,5.079215280007161617e-07,5.333763743832840013e-07,5.568345038649421023e-07,5.786181827593008201e-07,5.989922918995090649e-07,6.181674172860627559e-07,6.363148087600861623e-07,6.535712264360235460e-07,6.700339369581535145e-07,6.857705631076826731e-07,7.008397116875399039e-07,7.152869785018152902e-07,7.291531427128517086e-07,7.424017971199247620e-07
1.435000000000000142e+01,6.978846158745000139e-06,3.734166561669568432e-06,1.434513128115268230e-06,6.682385805016561010e-07,4.069133152973412712e-07,3.508068698397617258e-07,3.591840935020480633e-07,3.874505809994768332e-07,4.206331559217997366e-07,4.532402149779427721e-07,4.835851560345308422e-07,5.114051026294375601e-07,5.369034168369122804e-07,5.604064752582255625e-07,5.822366067633883654e-07,6.026582843336912172e-07,6.218819326833241643e-07,6.400785466130959117e-07,6.573840252275429243e-07,6.738956796231545309e-07,6.896812271891271275e-07,7.047983474671567200e-07,7.192934553941669047e-07,7.332063668938201210e-07,7.465010913229460362e-07
1.440000000000000036e+01,6.978846158745000139e-06,3.732666379015825089e-06,1.440908700188415331e-06,6.716741944330960444e-07,4.095136837149490498e-07,3.535721384854224412e-07,3.622718518793312319e-07,3.906983228924849195e-07,4.239692640505233259e-07,4.566338945495267301e-07,4.870252985848599753e-07,5.148886772581589584e-07,5.404304592905403477e-07,5.639784466515088109e-07,5.858550307674759107e-07,6.063242767678732637e-07,6.255964480805856785e-07,6.438422844661056611e-07,6.611968240190623026e-07,6.777574222881554413e-07,6.935918912705714761e-07,7.087569832467734303e-07,7.232999322865184134e-07,7.372595910747883216e-07,7.506003855259670987e-07
1.445000000000000107e+01,6.978846158745000139e-06,3.731005227154712209e-06,1.447132112228055045e-06,6.750714617084798787e-07,4.121087048912726438e-07,3.563440002786979051e-07,3.653656692007857268e-07,3.939507950790062859e-07,4.273086723820910895e-07,4.600291640243907989e-07,4.904650525590847006e-07,5.183698941734726006e-07,5.439533954725008429e-07,5.675447603786387826e-07,5.894661124734464471e-07,6.099812751340165267e-07,6.293001739350986940e-07,6.475935844504831124e-07,6.649956749639778792e-07,6.816038467709361861e-07,6.974855983302074834e-07,7.126974176713598193e-07,7.272868174750430139e-07,7.412918310899192315e-07,7.546771609812770815e-07
1.450000000000000000e+01,6.978846158745000139e-06,3.728984244882538682e-06,1.452970677894665144e-06,6.783830089058614200e-07,4.146917728495811255e-07,3.591306003877985962e-07,3.684730306802029755e-07,3.972138413590893524e-07,4.306554579839165990e-07,4.634279875675146867e-07,4.939039379106595574e-07,5.218458406585059407e-07,5.474671524987318448e-07,5.710984269643004565e-07,5.930607812132805855e-07,6.136181681691306518e-07,6.329797808561475944e-07,6.513170808353035863e-07,6.687633469060335323e-07,6.854160290039403450e-07,7.013413996796299065e-07,7.165971648044477641e-07,7.312299073877088413e-07,7.452771631209547625e-07,7.587035980496493257e-07
1.455000000000000071e+01,6.978846158745000139e-06,3.726689048064311309e-06,1.458781881782033053e-06,6.817751612995471439e-07,4.173751791745675920e-07,3.620451268768785676e-07,3.717211260013527158e-07,4.006230016062181754e-07,4.341498852856730445e-07,4.669744574715773082e-07,4.974901236605698268e-07,5.254685924861502000e-07,5.511268053567513678e-07,5.747969332372596232e-07,5.967996483411430926e-07,6.173988324837426416e-07,6.368029681196414494e-07,6.551836557206891868e-07,6.726738868334044672e-07,6.893707130010379103e-07,7.053398224620408864e-07,7.206393066391725411e-07,7.353150455600800171e-07,7.494047492860632977e-07,7.628722828089173852e-07
1.460000000000000142e+01,6.978846158744999292e-06,3.723922126398046238e-06,1.464588324379184803e-06,6.853261477407854844e-07,4.202462221130172515e-07,3.651954645323642021e-07,3.752290837319920702e-07,4.043023614448220807e-07,4.379175418124260598e-07,4.707944795627666693e-07,5.013496022801112660e-07,5.293640718069108700e-07,5.550577867268146836e-07,5.787651925205603135e-07,6.008073526032640856e-07,6.214479146033147276e-07,6.408945402834359332e-07,6.593181481017364480e-07,6.768522635641683916e-07,6.935928040267675773e-07,7.096062060100742006e-07,7.249493006957686836e-07,7.396676683390171183e-07,7.538004353070567257e-07,7.673093506182457264e-07
1.465000000000000036e+01,6.978846158745000139e-06,3.721155204731782015e-06,1.470394766976336554e-06,6.888771341820239307e-07,4.231172650514668581e-07,3.683458021878497837e-07,3.787370414626313716e-07,4.079817212834259861e-07,4.416851983391790221e-07,4.746145016539559774e-07,5.052090808996525994e-07,5.332595511276715401e-07,5.589887680968778935e-07,5.827334518038610039e-07,6.048150568653850785e-07,6.254969967228868136e-07,6.449861124472304169e-07,6.634526404827838151e-07,6.810306402949324218e-07,6.978148950524971383e-07,7.138725895581075148e-07,7.292592947523649319e-07,7.440202911179541137e-07,7.581961213280499419e-07,7.717464184275740675e-07
1.470000000000000107e+01,6.978846158745000986e-06,3.718304597100562388e-06,1.476144032782643405e-06,6.924314425735322060e-07,4.260044832940395857e-07,3.715212164417350386e-07,3.822721314350891627e-07,4.116886256623100344e-07,4.454803151517436965e-07,4.784615935845206741e-07,5.090949764333343391e-07,5.371806391944553507e-07,5.629448327298783798e-07,5.867262086449812010e-07,6.088467308919678324e-07,6.295694546400922335e-07,6.491004942988004551e-07,6.676095738016567240e-07,6.852310109909904978e-07,7.020585454669809013e-07,7.181600064005437111e-07,7.335898723919433788e-07,7.483931417059710501e-07,7.626115813214397807e-07,7.762028832328214627e-07
1.475000000000000000e+01,6.978846158745000139e-06,3.715039676096378309e-06,1.481563428538252838e-06,6.959862266946909965e-07,4.289641157120599900e-07,3.748152870768411022e-07,3.859346395149155194e-07,4.155239355798249540e-07,4.494028960873050730e-07,4.824334528671866549e-07,5.131019426589217121e-07,5.412182690206672788e-07,5.670143317829967607e-07,5.908290793768959372e-07,6.129852809554977026e-07,6.337453702271582555e-07,6.533150436358908155e-07,6.718644744810254173e-07,6.895266591233730600e-07,7.063949305810808585e-07,7.225369693097293763e-07,7.380074739178027294e-07,7.528508809625289973e-07,7.671092160905973798e-07,7.807393825748907077e-07
1.480000000000000071e+01,6.978846158744999292e-06,3.711846900452483372e-06,1.486828984364340211e-06,6.994688256272367138e-07,4.318765257524657627e-07,3.780638961168985767e-07,3.895437703222111182e-07,4.193009387918218744e-07,4.532649672530340882e-07,4.863418239072642903e-07,5.170439688535405133e-07,5.451893643938458054e-07,5.710155540687273065e-07,5.948623517085764381e-07,6.170519754366020216e-07,6.378478685892302702e-07,6.574545478484420175e-07,6.760430223359002999e-07,6.937442691124102631e-07,7.106519540409894281e-07,7.268324890538120893e-07,7.423427362784373990e-07,7.572249650551987662e-07,7.715215597631337051e-07,7.851897269333277281e-07
1.485000000000000142e+01,6.978846158745000139e-06,3.708565456735035288e-06,1.492092069475106713e-06,7.029950384786014432e-07,4.348400676235420596e-07,3.813767391428093518e-07,3.932238364575359788e-07,4.231517763304508570e-07,4.572017402411776530e-07,4.903253638418905952e-07,5.210608974561060728e-07,5.492351931603343832e-07,5.750913183342320672e-07,5.989698291592348200e-07,6.211929606725325760e-07,6.420244176422038729e-07,6.616679953290969709e-07,6.802953060465350269e-07,6.980356037937904749e-07,7.149826530877799327e-07,7.312020296301663981e-07,7.467518135763328627e-07,7.616729390872263255e-07,7.760077855033709651e-07,7.897138831164103840e-07
1.490000000000000036e+01,6.978846158745000139e-06,3.704844414902931243e-06,1.497242508094220846e-06,7.066744704345353960e-07,4.380060306691201231e-07,3.849516258110392693e-07,3.971912227798762155e-07,4.273000175373313678e-07,4.614383428803735427e-07,4.946091316412534702e-07,5.253758711262847914e-07,5.535774501250561815e-07,5.794611948813820048e-07,6.033694943160486389e-07,6.256249690985479809e-07,6.464904716309288246e-07,6.661695973469813388e-07,6.848339565282465148e-07,7.026123182366501602e-07,7.195978859790182719e-07,7.358562214406398032e-07,7.514444567938591058e-07,7.664039026959499570e-07,7.807760987534902427e-07,7.945193685012977428e-07
1.495000000000000107e+01,6.978846158745000139e-06,3.701129851907519985e-06,1.502395951879703891e-06,7.103542281965337618e-07,4.411715640649703732e-07,3.885259423750706318e-07,4.011581879485360963e-07,4.314479601183122125e-07,4.656747436424191290e-07,4.988928166656645455e-07,5.296908380536023587e-07,5.579198342175327143e-07,5.838312698909257231e-07,6.077694218191330182e-07,6.300573052355890155e-07,6.509569206593276912e-07,6.706716567342140694e-07,6.893731237417883999e-07,7.071896110299073437e-07,7.242137547579067741e-07,7.405111351356129322e-07,7.561378450147308669e-07,7.711356346748345370e-07,7.855452651098698273e-07,7.993257262239376762e-07
1.500000000000000000e+01,6.978846158744999292e-06,3.697389365361585894e-06,1.507529892028250222e-06,7.140379537933492624e-07,4.443458847381283099e-07,3.921130209448783073e-07,4.051388400862631201e-07,4.356098647569643380e-07,4.699250566645541899e-07,5.031902568569571263e-07,5.340193483208132828e-07,5.622755183678387980e-07,5.882144531912882606e-07,6.121822406932393911e-07,6.345023383733000539e-07,6.554358413857460031e-07,6.751860747396843314e-07,6.939245082861232862e-07,7.117789361503474382e-07,7.288415306924600206e-07,7.451777854907289268e-07,7.608427910250820107e-07,7.758788479030839592e-07,7.903258252809807930e-07,8.041433398263362681e-07
1.505000000000000071e+01,6.978846158744999292e-06,3.693390050817171419e-06,1.512299575429519769e-06,7.177059065985288970e-07,4.475839548867138846e-07,3.958132721358768492e-07,4.092368570380544485e-07,4.398886504108011096e-07,4.742890919003278156e-07,5.075972254291617476e-07,5.384532160421142930e-07,5.667326479813616391e-07,5.926950529188777569e-07,6.166883075722306816e-07,6.390368329052586599e-07,6.600009901283591861e-07,6.797837757903627889e-07,6.985558174287567453e-07,7.164450340927392270e-07,7.335428749633617380e-07,7.499149586246714017e-07,7.656151346699815414e-07,7.806873391064748143e-07,7.951693665877169561e-07,8.090211541448033312e-07
1.510000000000000142e+01,6.978846158745000139e-06,3.689468224358648499e-06,1.516927458470769380e-06,7.213015564579478467e-07,4.507715967928958141e-07,3.994644135865443479e-07,4.132780569093772667e-07,4.441067915280941032e-07,4.785898144330675771e-07,5.119388659966248709e-07,5.428201660252405291e-07,5.711219751443542259e-07,5.971061538912917414e-07,6.211233434714909865e-07,6.434987150940921875e-07,6.644929462948639042e-07,6.843069293659840850e-07,7.031109695577142017e-07,7.210339644843092175e-07,7.381653984483940767e-07,7.545722142751592326e-07,7.703063096293190878e-07,7.854133588990978341e-07,7.999294491983534672e-07,8.138142583990739551e-07
1.515000000000000036e+01,6.978846158745000139e-06,3.685264983226415960e-06,1.521527572868828614e-06,7.250507412858376063e-07,4.541427379764809074e-07,4.033449049353945893e-07,4.175700157203885525e-07,4.485842913000045764e-07,4.831530369765231986e-07,5.165438749378813229e-07,5.474499016379940106e-07,5.757722980417476580e-07,6.017774222382013860e-07,6.258180014498950678e-07,6.482194516296407079e-07,6.692422105402428008e-07,6.890868974834117666e-07,7.079231665861709389e-07,7.258793138552223082e-07,7.430445403094178729e-07,7.594857656657416617e-07,7.752539624392065771e-07,7.903951165977790518e-07,8.049451069797723802e-07,8.188632365120623871e-07
1.520000000000000107e+01,6.978846158745000986e-06,3.680908933197608013e-06,1.526112583467246136e-06,7.288788418896331231e-07,4.576090232403326640e-07,4.073440608078098199e-07,4.219915223961920883e-07,4.531955151190452311e-07,4.878514928663896917e-07,5.212842854571960381e-07,5.522146376964583672e-07,5.805566075329565506e-07,6.065821514286555186e-07,6.306457442808134108e-07,6.530728727189180490e-07,6.741233731471426565e-07,6.939983130092362215e-07,7.128668127844563564e-07,7.308557856502145494e-07,7.480547912395469461e-07,7.645302586513109636e-07,7.803327345782354238e-07,7.955076095104889860e-07,8.100912198794060151e-07,8.240428250286712079e-07
1.525000000000000000e+01,6.978846158745000139e-06,3.676552883168800067e-06,1.530697594065663022e-06,7.327069424934285340e-07,4.610753085041843148e-07,4.113432166802248916e-07,4.264130290719954653e-07,4.578067389380856212e-07,4.925499487562560788e-07,5.260246959765105416e-07,5.569793737549226179e-07,5.853409170241652315e-07,6.113868806191095453e-07,6.354734871117314362e-07,6.579262938081953902e-07,6.790045357540423004e-07,6.989097285350604646e-07,7.178104589827415622e-07,7.358322574452064729e-07,7.530650421696757017e-07,7.695747516368802655e-07,7.854115067172642706e-07,8.006201024231987084e-07,8.152373327790395442e-07,8.292224135452799228e-07
1.530000000000000071e+01,6.978846158745000139e-06,3.672175726426224867e-06,1.535266722106418602e-06,7.365416963390567151e-07,4.645528020449045126e-07,4.153581014291328597e-07,4.308515694941070850e-07,4.624354897688815566e-07,4.972660528025724830e-07,5.307826725904421006e-07,5.617615915240943006e-07,5.901425291781293128e-07,6.162087752176586552e-07,6.403182216003354064e-07,6.627965712908129679e-07,6.839024453786165323e-07,7.038377764261627771e-07,7.227706809747310367e-07,7.408251940260226326e-07,7.580916863842840339e-07,7.746355396750743774e-07,7.905064769798396443e-07,8.057486904586215272e-07,8.203994999518978463e-07,8.344179770382691574e-07
1.535000000000000142e+01,6.978846158745000139e-06,3.667970319451054237e-06,1.539117075636662797e-06,7.400744241896295967e-07,4.678441836311154270e-07,4.192102650345630883e-07,4.350980700111799997e-07,4.668557677981304366e-07,5.017637582000734583e-07,5.353133284512229701e-07,5.663098087892482389e-07,5.947038777218483398e-07,6.207840863277704398e-07,6.449087180363294854e-07,6.674065175002814651e-07,6.885344535365932466e-07,7.084940982021337747e-07,7.274523599253953533e-07,7.455348429293548828e-07,7.628286558887318501e-07,7.794005651228364425e-07,7.952998761136675943e-07,8.105708881530048321e-07,8.252503943481126555e-07,8.392963398232033816e-07
1.540000000000000036e+01,6.978846158745000139e-06,3.663626082197295486e-06,1.542980139261474351e-06,7.437000807379438334e-07,4.712420763881381207e-07,4.231939832488557541e-07,4.394878419609829430e-07,4.714240435293861394e-07,5.064109386500995945e-07,5.399938934206164381e-07,5.710075925666073665e-07,5.994142068883408410e-07,6.255079837016971644e-07,6.496476306665078620e-07,6.721646222013690494e-07,6.933143836522825728e-07,7.132981174886832314e-07,7.322818817358283051e-07,7.503919972760682895e-07,7.677134059680704618e-07,7.843134337605476796e-07,8.002412525528548178e-07,8.155411306494902314e-07,8.302494179116665532e-07,8.443229996492632535e-07
1.545000000000000107e+01,6.978846158745000139e-06,3.658791539875327586e-06,1.546955964715355429e-06,7.476663113082881590e-07,4.750146631396332132e-07,4.276332066275000676e-07,4.443749756610113788e-07,4.765068204111268983e-07,5.115783839607361517e-07,5.451970674498740608e-07,5.762272927629204473e-07,6.046451629054912744e-07,6.307516175811121376e-07,6.549065204089088694e-07,6.774423765035162469e-07,6.986135323118052500e-07,7.186212525635651137e-07,7.376315007645459770e-07,7.557686567811020655e-07,7.731190347948317561e-07,7.897480679415440533e-07,8.057053681483217810e-07,8.210346391712262614e-07,8.357723212463493428e-07,8.498748741923507248e-07
1.550000000000000000e+01,6.978846158745000139e-06,3.653956997553359686e-06,1.550931790169236508e-06,7.516325418786324846e-07,4.787872498911280939e-07,4.320724300061442223e-07,4.492621093610396028e-07,4.815895972928673924e-07,5.167458292713726031e-07,5.504002414791315776e-07,5.814469929592331046e-07,6.098761189226414961e-07,6.359952514605268989e-07,6.601654101513098768e-07,6.827201308056632327e-07,7.039126809713276095e-07,7.239443876384467842e-07,7.429811197932634372e-07,7.611453162861356296e-07,7.785246636215930504e-07,7.951827021225405329e-07,8.111694837437886383e-07,8.265281476929621856e-07,8.412952245810316029e-07,8.554267487354380901e-07
1.555000000000000071e+01,6.978846158745000986e-06,3.649170355347296925e-06,1.555007496973535010e-06,7.556022565669476802e-07,4.825445671235175489e-07,4.364844211598770433e-07,4.541217410022046763e-07,4.866447774389735935e-07,5.218866101744456493e-07,5.555770886843007929e-07,5.866412351304225308e-07,6.150829016875950498e-07,6.412152602243457601e-07,6.654015482692566528e-07,6.879756416424092297e-07,7.091903482147555206e-07,7.292467710582080859e-07,7.483106482007901958e-07,7.665028466135928262e-07,7.839117663698636434e-07,8.005994473529042218e-07,8.166163020722963749e-07,8.320049300570408154e-07,8.468020021928749561e-07,8.609634000555013045e-07
1.560000000000000142e+01,6.978846158745000986e-06,3.644250786924226002e-06,1.558918870633859387e-06,7.596169296580968476e-07,4.863989615781613476e-07,4.410410783409372499e-07,4.591309217778845804e-07,4.918488739223281826e-07,5.271739333663295749e-07,5.608964918410493772e-07,5.919742603180960443e-07,6.204256455189187299e-07,6.465672358776721679e-07,6.707671793781242438e-07,6.933576136363629158e-07,7.145920959106806154e-07,7.346716609202105984e-07,7.537601717872288537e-07,7.719785200817781586e-07,7.894147179269770128e-07,8.061306284883832439e-07,8.221755250552710047e-07,8.375924429777268906e-07,8.524178377514443207e-07,8.666075335452159442e-07
1.565000000000000036e+01,6.978846158745000139e-06,3.639007752645385713e-06,1.562677665242089495e-06,7.638100301511405999e-07,4.905037500433440018e-07,4.459309484328708619e-07,4.644960607927470408e-07,4.974163310987200439e-07,5.328257084148993782e-07,5.665777953706044731e-07,5.976660706077307497e-07,6.261238561468860572e-07,6.522715567078423886e-07,6.764821813286494754e-07,6.990861725960948103e-07,7.203383989903103329e-07,7.404389291191483239e-07,7.595501508368595622e-07,7.777934298151911554e-07,7.952552911353983819e-07,8.119979678102641492e-07,8.280697320884618546e-07,8.435138914669558638e-07,8.583668039423480554e-07,8.725834692010887779e-07
1.570000000000000107e+01,6.978846158745000139e-06,3.633561211974494715e-06,1.566397492961146660e-06,7.681355235150026034e-07,4.947768141204724085e-07,4.510342512792206503e-07,4.700908930090382712e-07,5.032197251532866895e-07,5.387151673981812818e-07,5.724966928294485322e-07,6.035943677030331436e-07,6.320567957154106221e-07,6.582095622462352986e-07,6.824294689385895651e-07,7.050460386679647340e-07,7.263151422427077766e-07,7.464356680116195594e-07,7.655689892946519293e-07,7.838366567667602726e-07,8.013239049062357379e-07,8.180928769871155132e-07,8.341912089821815756e-07,8.496624653495880678e-07,8.645424268746286423e-07,8.787859239335428875e-07
1.575000000000000000e+01,6.978846158745000139e-06,3.627909660817505296e-06,1.570057426792905370e-06,7.725971969223056047e-07,4.992284024082146425e-07,4.563623778768726324e-07,4.759266743658935163e-07,5.092703642532185975e-07,5.448532201361723973e-07,5.786643154672986576e-07,6.097699421075413029e-07,6.382346439646928903e-07,6.643911504269630753e-07,6.886184675767566245e-07,7.112465047393085578e-07,7.325311701566296976e-07,7.526704535524475719e-07,7.718249298437446312e-07,7.901158924735803670e-07,8.076280251974516605e-07,8.244226648714892720e-07,8.405468878820589008e-07,8.560448779933386096e-07,8.709507921603501277e-07,8.852208164740551481e-07
1.580000000000000071e+01,6.978846158745000139e-06,3.622538150957825013e-06,1.573712949800409426e-06,7.768858130691168520e-07,5.034711124078130700e-07,4.614235697303568997e-07,4.814750697045715882e-07,5.150265901170511042e-07,5.506947195192684482e-07,5.845362373507532995e-07,6.156516466038412375e-07,6.441205206079838452e-07,6.702827014005504406e-07,6.945182824059916957e-07,7.171592972715345581e-07,7.384604927495248911e-07,7.586188363510453528e-07,7.777951391676402467e-07,7.961100059287788973e-07,8.136469928531559671e-07,8.304674255122120736e-07,8.466178842076415977e-07,8.621425594383274614e-07,8.770750820313178423e-07,8.913709332170424155e-07
1.585000000000000142e+01,6.978846158745000139e-06,3.617166641098144730e-06,1.577368472807913271e-06,7.811744292159279934e-07,5.077138224074116034e-07,4.664847615838411670e-07,4.870234650432495541e-07,5.207828159808836109e-07,5.565362189023644991e-07,5.904081592342081531e-07,6.215333511001412779e-07,6.500063972512748001e-07,6.761742523741375941e-07,7.004180972352269788e-07,7.230720898037605583e-07,7.443898153424202963e-07,7.645672191496431338e-07,7.837653484915358621e-07,8.021041193839774275e-07,8.196659605088602737e-07,8.365121861529348753e-07,8.526888805332241887e-07,8.682402408833165249e-07,8.831993719022859805e-07,8.975210499600297889e-07
1.590000000000000036e+01,6.978846158745000139e-06,3.612057359520340507e-06,1.580546809403526728e-06,7.851816213178443996e-07,5.117490394240103149e-07,4.713357292016753178e-07,4.923294715691416623e-07,5.262791308797650984e-07,5.621076292803110724e-07,5.960031808104976480e-07,6.271325107625281535e-07,6.556043806081100735e-07,6.817733816511575100e-07,7.060215799220882477e-07,7.286836227440732278e-07,7.500135886256396804e-07,7.702052815790641687e-07,7.894211748358964305e-07,8.077798583523804353e-07,8.253623176221964831e-07,8.422294024656492620e-07,8.584286372320456522e-07,8.740018849564489273e-07,8.889839691451149102e-07,9.033284990771560568e-07
1.595000000000000107e+01,6.978846158745000139e-06,3.607027224025156470e-06,1.583519842309645960e-06,7.890982900219886935e-07,5.157313489055888570e-07,4.761401462472815554e-07,4.975783044888822987e-07,5.317122334741813673e-07,5.676119317043254205e-07,6.015284057278067054e-07,6.326593952406615199e-07,6.611280475059095928e-07,6.872960359650743836e-07,7.115466846491830219e-07,7.342148663369512192e-07,7.555551068511253925e-07,7.757591009423861168e-07,7.949910267151201288e-07,8.133677169897349271e-07,8.309688552088050146e-07,8.478549351856052145e-07,8.640749742054195434e-07,8.796683215938247155e-07,8.946717628076512516e-07,9.090375254421873704e-07
1.600000000000000000e+01,6.978846158745000139e-06,3.600971118173604872e-06,1.586828767957561697e-06,7.938270780340033934e-07,5.206150936762600408e-07,4.820419263931766459e-07,5.040142166619033802e-07,5.383690919293335345e-07,5.743534099570266698e-07,6.082923887829629347e-07,6.394230006677805206e-07,6.678862528443827831e-07,6.940496352101096962e-07,7.183006651924624525e-07,7.409738342179653289e-07,7.623229748126547400e-07,7.825402601108328399e-07,8.017887814911279738e-07,8.201835486378806427e-07,8.378050043974297563e-07,8.547126512435763840e-07,8.709544689364024490e-07,8.865707961074982809e-07,9.015969181969346477e-07,9.159851599227257707e-07
1.605000000000000071e+01,6.978846158745000139e-06,3.594986550392505762e-06,1.590120235676109381e-06,7.985065736885076384e-07,5.254430769800449263e-07,4.878746489806301201e-07,5.103752904185121589e-07,5.449486947596630803e-07,5.810168594754727190e-07,6.149782363032109799e-07,6.461084553674719171e-07,6.745667347107016138e-07,7.007256776394738667e-07,7.249771539560264667e-07,7.476554762387503312e-07,7.690135214643258752e-07,7.892440110437192713e-07,8.085092158718879011e-07,8.269218572370058095e-07,8.445636495946570342e-07,8.614928323225556220e-07,8.777561579968441463e-07,8.933954757280883353e-07,9.084440801630511729e-07,9.228547141664120457e-07
1.610000000000000142e+01,6.978846158745000139e-06,3.589001982611406228e-06,1.593411703394656853e-06,8.031860693430117775e-07,5.302710602838298119e-07,4.937073715680833827e-07,5.167363641751208317e-07,5.515282975899927319e-07,5.876803089939188739e-07,6.216640838234590250e-07,6.527939100671633135e-07,6.812472165770203387e-07,7.074017200688378255e-07,7.316536427195904808e-07,7.543371182595354393e-07,7.757040681159970104e-07,7.959477619766057027e-07,8.152296502526477225e-07,8.336601658361311880e-07,8.513222947918841003e-07,8.682730134015348599e-07,8.845578470572857378e-07,9.002201553486780721e-07,9.152912421291676981e-07,9.297242684100983207e-07
1.615000000000000213e+01,6.978846158745000139e-06,3.583095559556205171e-06,1.596444167947188977e-06,8.077632370088752818e-07,5.350513029633661743e-07,4.995107465404881870e-07,5.230536468526336410e-07,5.580542139585986550e-07,5.942830465886769762e-07,6.282838549258389499e-07,6.594090191697608493e-07,6.878528079562962004e-07,7.140002881245200374e-07,7.382483514757657376e-07,7.609338047727496467e-07,7.823067015784142018e-07,8.025608327804626776e-07,8.218551946446876936e-07,8.403015719594228985e-07,8.579804865212426087e-07,8.749491197634039716e-07,8.912534133561141803e-07,9.069353255879716019e-07,9.220266173106979471e-07,9.364794859895801914e-07
1.619999999999999929e+01,6.978846158745000139e-06,3.577200265375731784e-06,1.599214386999630975e-06,8.123286052800432181e-07,5.398984437511930491e-07,5.054142213347538624e-07,5.294628432614728974e-07,5.646671715374236592e-07,6.009684580354634486e-07,6.349826999962293130e-07,6.660990371167700196e-07,6.945299062572960408e-07,7.206652994401543721e-07,7.449062016567436087e-07,7.675898323748918384e-07,7.889660050282627535e-07,8.092267676963356472e-07,8.285313907479378560e-07,8.469902274724442919e-07,8.646833109459408528e-07,8.816674235986200499e-07,8.979879911207827435e-07,9.136872696762862631e-07,9.287960401321522147e-07,9.432662776863960039e-07
1.625000000000000000e+01,6.978846158745000139e-06,3.571164106590269549e-06,1.602110355137682725e-06,8.170025522555534564e-07,5.448409061578995456e-07,5.114308354348501243e-07,5.359989980012044810e-07,5.714131246111913495e-07,6.077894206663629160e-07,6.418181755000767210e-07,6.729266185359068850e-07,7.013446344461399630e-07,7.274688241633039396e-07,7.517032067153660405e-07,7.743857719107189191e-07,7.957658410347179076e-07,8.160343185752674840e-07,8.353496476353827757e-07,8.538221469382367509e-07,8.715300164047046937e-07,8.885304688389873318e-07,9.048685692366578549e-07,9.205860492839835992e-07,9.357133679909714699e-07,9.502018230554703553e-07
1.630000000000000071e+01,6.978846158745000139e-06,3.565021356259489528e-06,1.605104239297754439e-06,8.217586247433892076e-07,5.498545929953210448e-07,5.175315911635277079e-07,5.426299293148203781e-07,5.782585160504557489e-07,6.147118267682541548e-07,6.487559712265417046e-07,6.798572996066260944e-07,7.082625266406757847e-07,7.343762547244531508e-07,7.586046401407929961e-07,7.812867547682854135e-07,8.026711936827667494e-07,8.229482591052413338e-07,8.422746237746378077e-07,8.607617355921689723e-07,8.784848690844634744e-07,8.955023248194617119e-07,9.118589460101156402e-07,9.275952578858577295e-07,9.427419377281571359e-07,9.572492922635502762e-07
1.635000000000000142e+01,6.978846158745000139e-06,3.559207863155962896e-06,1.607799687979183547e-06,8.262620322266659647e-07,5.546501452677285363e-07,5.233741850389447697e-07,5.489706187097614016e-07,5.847987497168992625e-07,6.213224835532153381e-07,6.553786710423233043e-07,6.864704792570038475e-07,7.148614081307248271e-07,7.409624291014534331e-07,7.651829562740480895e-07,7.878624127726753427e-07,8.092485513023787531e-07,8.295313586113473995e-07,8.488665149937127006e-07,8.673648309415609278e-07,8.851011162370770339e-07,9.021331264725056856e-07,9.185048803921032970e-07,9.342570709536424348e-07,9.494199239298274791e-07,9.639442050510792050e-07
1.640000000000000213e+01,6.978846158745000139e-06,3.553075492099566555e-06,1.610430870607113652e-06,8.310169159772869395e-07,5.597876921997541428e-07,5.296588074613576239e-07,5.557704771856615648e-07,5.918022815742029016e-07,6.283938628083215937e-07,6.624568139483670430e-07,6.935334818202226786e-07,7.219042621746073992e-07,7.479872889158573641e-07,7.721959974179625618e-07,7.948685207967324793e-07,8.162528202093023499e-07,8.365376018952093008e-07,8.558787175575372191e-07,8.743853276997793126e-07,8.921325350481955057e-07,9.091770820864517779e-07,9.255618268934886717e-07,9.413280108982629360e-07,9.565057403793686254e-07,9.710449538368717406e-07
1.644999999999999929e+01,6.978846158745000139e-06,3.546855818999897309e-06,1.613062069234973511e-06,8.358391313367334713e-07,5.650114850558511707e-07,5.360492418427011533e-07,5.626834606508333932e-07,5.989222646585776185e-07,6.355823725473675196e-07,6.696520870386154557e-07,7.007131180627352443e-07,7.290631115750941319e-07,7.551277872044325454e-07,7.793240898635298961e-07,8.019891552578878120e-07,8.233712967592551180e-07,8.436578385465832846e-07,8.630046566102207336e-07,8.815196463211796019e-07,8.992776206503907931e-07,9.163342178891250298e-07,9.327320340319471527e-07,9.485121276874588761e-07,9.637045517950135555e-07,9.782585912540893937e-07
1.650000000000000000e+01,6.978846158745000986e-06,3.540463213938905200e-06,1.615739111056226833e-06,8.407975070387671306e-07,5.703953418034406210e-07,5.426365367765647573e-07,5.698063347014811690e-07,6.062568841977846315e-07,6.429867305665862269e-07,6.770624949516401895e-07,7.081065809577709520e-07,7.364345183040779608e-07,7.624799541507210700e-07,7.866625920211007126e-07,8.093195747390301983e-07,8.306987668748080220e-07,8.509868417258807670e-07,8.703390823566876406e-07,8.888620945624330589e-07,9.066305676895304049e-07,9.236990614450771956e-07,9.401101070534366979e-07,9.559038883993190173e-07,9.711110738916884644e-07,9.856796643611437944e-07
1.655000000000000071e+01,6.978846158745000139e-06,3.533797847786952765e-06,1.618488460155715263e-06,8.459706449126134717e-07,5.760316631696732471e-07,5.495343347467758213e-07,5.772602637210229493e-07,6.139300442423551776e-07,6.507315404718024658e-07,6.848122294328428241e-07,7.158373070780213775e-07,7.441411861864580037e-07,7.701659805730607719e-07,7.943329679523541977e-07,8.169808826833625416e-07,8.383558771131036975e-07,8.586451269272907259e-07,8.780023487501462958e-07,8.965328202472424130e-07,9.143113691742889162e-07,9.313915170453949586e-07,9.478160415332422978e-07,9.636231604771744462e-07,9.788452126505951568e-07,9.934279203939630122e-07
1.660000000000000142e+01,6.978846158745000139e-06,3.527427917746757206e-06,1.620918588578740871e-06,8.509343738420608023e-07,5.815308145110766332e-07,5.562826577389501193e-07,5.845269850673564062e-07,6.213964202057634961e-07,6.582578275147948865e-07,6.923364732566939517e-07,7.233368194132861875e-07,7.516120562788385200e-07,7.776107537481648443e-07,8.017572516540800409e-07,8.243913690594427889e-07,8.457578763284678317e-07,8.660431873457465784e-07,8.854010400237808615e-07,9.039347999984311526e-07,9.217190494253835084e-07,9.388065523459300157e-07,9.552395417875944734e-07,9.710563190885688909e-07,9.862887580652662913e-07,1.000882061658843890e-06
1.665000000000000213e+01,6.978846158745000139e-06,3.521106456650287275e-06,1.623296345986891176e-06,8.558637473561144907e-07,5.870074618797095872e-07,5.630064580204244785e-07,5.917629933159448816e-07,6.288288713861327084e-07,6.657482639224369729e-07,6.998237233159141012e-07,7.307983990535040754e-07,7.590442416290384615e-07,7.850159471644021462e-07,8.091411617184960491e-07,8.317607059077807683e-07,8.531180222925796624e-07,8.733985555547563126e-07,8.927563253761904315e-07,9.112926895689858224e-07,9.290819216886324778e-07,9.461760743582667385e-07,9.626167061742750589e-07,9.784425382198077633e-07,9.936846290356555852e-07,1.008287950758302712e-06
1.669999999999999929e+01,6.978846158745000139e-06,3.514784995553817767e-06,1.625674103395041481e-06,8.607931208701676497e-07,5.924841092483421176e-07,5.697302583018983082e-07,5.989990015645328276e-07,6.362613225665016030e-07,6.732387003300783183e-07,7.073109733751336154e-07,7.382599786937215397e-07,7.664764269792378735e-07,7.924211405806388128e-07,8.165250717829116337e-07,8.391300427561182183e-07,8.604781682566910696e-07,8.807539237637657292e-07,9.001116107285993662e-07,9.186505791395399627e-07,9.364447939518810237e-07,9.535455963706030379e-07,9.699938705609552209e-07,9.858287573510460003e-07,1.001080500006044244e-06,1.015693839857761110e-06
1.675000000000000000e+01,6.978846158744999292e-06,3.508451363105114057e-06,1.628054658351321082e-06,8.657309314199139361e-07,5.979700596365931728e-07,5.764659685119718181e-07,6.062481890650314979e-07,6.437073749161513006e-07,6.807430571338048597e-07,7.148121313538529709e-07,7.457356566967094519e-07,7.739225954123709239e-07,7.998404109206970724e-07,8.239231143830504824e-07,8.465135711443813828e-07,8.678524441589362602e-07,8.881236198841362064e-07,9.074812059326778257e-07,9.260228216051662814e-07,9.438220389726695043e-07,9.609295579757135014e-07,9.773856418787179708e-07,9.932296088015853033e-07,1.008491054065420707e-06,1.023114475970305134e-06
1.680000000000000071e+01,6.978846158745000139e-06,3.502076315323218088e-06,1.630444732495419982e-06,8.706974505829405109e-07,6.034876653125884694e-07,5.832422045117664818e-07,6.135422214684319673e-07,6.511997078225347465e-07,6.882947807239787067e-07,7.223606136650735591e-07,7.532593070515281217e-07,7.814163439358371925e-07,8.073075806624979824e-07,8.313692456149697690e-07,8.539453889374084965e-07,8.752747998541712840e-07,8.955420694389304336e-07,9.148994931196555606e-07,9.334439025170288505e-07,9.512481900255066999e-07,9.683626530324266040e-07,9.848271160483985945e-07,1.000680249492267214e-06,1.015951570118423219e-06,1.030585291590337532e-06
1.685000000000000142e+01,6.978846158745000139e-06,3.495459924152366963e-06,1.632785599180679984e-06,8.758990441161899193e-07,6.093644095741555701e-07,5.904693887166906929e-07,6.212899422801084237e-07,6.591423007314404687e-07,6.962895750000168250e-07,7.303440846299088150e-07,7.612089208144976422e-07,7.893283048554930891e-07,8.151856333129852618e-07,8.392195610106140266e-07,8.617747998374787444e-07,8.830895580986856777e-07,9.033475570213902600e-07,9.226999759053658687e-07,9.412424497536631484e-07,9.590475570411495823e-07,9.761649190303419679e-07,9.926339385300070505e-07,1.008492422177916303e-06,1.023770087201924462e-06,1.038410760195836290e-06
1.690000000000000213e+01,6.978846158745000139e-06,3.488894031052874986e-06,1.635062014713820372e-06,8.810845789213553064e-07,6.152567767550623973e-07,5.977188398917472394e-07,6.290487684814157440e-07,6.670894009491682004e-07,7.042846811622093412e-07,7.383243061996969766e-07,7.691526527302317230e-07,7.972317419763967043e-07,8.230527277568151973e-07,8.470566966108525751e-07,8.695888536296596380e-07,8.908870616822442606e-07,9.111338376213470293e-07,9.304791939607948078e-07,9.490179869740183900e-07,9.668220788210290805e-07,9.839407031816660850e-07,1.000412659799059602e-06,1.016274793161844547e-06,1.031557231304808798e-06,1.046203352318052740e-06
1.694999999999999929e+01,6.978846158745000139e-06,3.482467662170286145e-06,1.637289309315601988e-06,8.861685917422413904e-07,6.210357147207644998e-07,6.048286152509689293e-07,6.366553468386125829e-07,6.748786437856154548e-07,7.121201713647745650e-07,7.461441335607950441e-07,7.769365165565377391e-07,8.049753672965572740e-07,8.307601299039885548e-07,8.547342525850664057e-07,8.772434475405957988e-07,8.985250098961874738e-07,9.187604733250775584e-07,9.380983797229120334e-07,9.566333879128338166e-07,9.744360941255387546e-07,9.915557426451065714e-07,1.008030335784314557e-06,1.023895731802279037e-06,1.039182587085245799e-06,1.053833804443042901e-06
1.700000000000000000e+01,6.978846158745000139e-06,3.476041293287697303e-06,1.639516603917384028e-06,8.912526045631278979e-07,6.268146526864670258e-07,6.119383906101911486e-07,6.442619251958098453e-07,6.826678866220633445e-07,7.199556615673404241e-07,7.539639609218937468e-07,7.847203803828442845e-07,8.127189926167184790e-07,8.384675320511626535e-07,8.624118085592808717e-07,8.848980414515324890e-07,9.061629581101312163e-07,9.263871090288089345e-07,9.457175654850300002e-07,9.642487888516498784e-07,9.820501094300490638e-07,9.991707821085474814e-07,1.015648011769570147e-06,1.031516670442714163e-06,1.046807942865683012e-06,1.061464256568033910e-06
1.705000000000000071e+01,6.978846158745000139e-06,3.469614924405107614e-06,1.641743898519165857e-06,8.963366173840142996e-07,6.325935906521695517e-07,6.190481659694132619e-07,6.518685035530073195e-07,6.904571294585112342e-07,7.277911517699062832e-07,7.617837882829923437e-07,7.925042442091507241e-07,8.204626179368796840e-07,8.461749341983367522e-07,8.700893645334953376e-07,8.925526353624690733e-07,9.138009063240750648e-07,9.340137447325399929e-07,9.533367512471477552e-07,9.718641897904659402e-07,9.896641247345593731e-07,1.006785821571988603e-06,1.023265687754825737e-06,1.039137609083149289e-06,1.054433298646120648e-06,1.069094708693024707e-06
1.710000000000000142e+01,6.978846158745000139e-06,3.463061577527467525e-06,1.643977936139138355e-06,9.015597627695874721e-07,6.385844791796461984e-07,6.264188951175467678e-07,6.597351510804826781e-07,6.985033689714816777e-07,7.358785622631670691e-07,7.698505812922875829e-07,8.005298542207258627e-07,8.284434402393305458e-07,8.541151121407525018e-07,8.779956377986831976e-07,9.004325337291274965e-07,9.216609466467452301e-07,9.418592651648092902e-07,9.611721796385465736e-07,9.796933082883507565e-07,9.974895569302937427e-07,1.014610066971780656e-06,1.031090228406147517e-06,1.046963601584463625e-06,1.062261732306142344e-06,1.076926273436595009e-06
1.715000000000000213e+01,6.978846158745000139e-06,3.456165390184898892e-06,1.646299729165948989e-06,9.071086885865374204e-07,6.449990157917299467e-07,6.343062187073136042e-07,6.681348116851250044e-07,7.070867853678750893e-07,7.444996888427432111e-07,7.784458168867054315e-07,8.090776792905785046e-07,8.369403244900509508e-07,8.625661798068397882e-07,8.864082316428570280e-07,9.088141246672467904e-07,9.300184539631824582e-07,9.501990290183382600e-07,9.694989489964372654e-07,9.880108576685249916e-07,1.005801251430920764e-06,1.022917495882008019e-06,1.039395693271211582e-06,1.055269211891850833e-06,1.070568012505333687e-06,1.085233815897183603e-06
1.719999999999999929e+01,6.978846158745000139e-06,3.449259947160900503e-06,1.648625261893155825e-06,9.126654266128371356e-07,6.514220609275010780e-07,6.422037844102289969e-07,6.765455282773388996e-07,7.156816156945088847e-07,7.531323378216257988e-07,7.870525922124046577e-07,8.176370309577757099e-07,8.454486900170650697e-07,8.710287224275046302e-07,8.948323029884612565e-07,9.172071585503330880e-07,9.383873777955594316e-07,9.585502294915749364e-07,9.778371599981021113e-07,9.963398471334344908e-07,1.014124407148331222e-06,1.031236359857447048e-06,1.047712612256975134e-06,1.063586311654052023e-06,1.078885804571492409e-06,1.093552887510333419e-06
1.725000000000000000e+01,6.978846158745000139e-06,3.442362077297375307e-06,1.650947840291723279e-06,9.182163621091266537e-07,6.578390796454375844e-07,6.500940304617992666e-07,6.849480864645949719e-07,7.242679009555230632e-07,7.617562698240508573e-07,7.956505597164695654e-07,8.261875178572211202e-07,8.539481786713867443e-07,8.794823557454667659e-07,9.032474481231716653e-07,9.255912424633023232e-07,9.467473303942012257e-07,9.668924231627765971e-07,9.861663372247177840e-07,1.004659761766419476e-06,1.022438441413199346e-06,1.039546074746871315e-06,1.056020333101732567e-06,1.071894167038511173e-06,1.087194313967753947e-06,1.101862641413053386e-06
1.730000000000000071e+01,6.978846158745000986e-06,3.436019695563169957e-06,1.653053719929551995e-06,9.233416844743582786e-07,6.638140631547424187e-07,6.574473831717166440e-07,6.927522290861362546e-07,7.322274092542347793e-07,7.697408152766397439e-07,8.036024772152759727e-07,8.340877777777009803e-07,8.617965524544331104e-07,8.872824954645736291e-07,9.110078594503372082e-07,9.333188498397006091e-07,9.544492467788514980e-07,9.745739717001820805e-07,9.938328908583033567e-07,1.012314041301898674e-06,1.030083420977883538e-06,1.047184708032565362e-06,1.063653374179817824e-06,1.079523951211194066e-06,1.094821943438783991e-06,1.109488945182242688e-06
1.735000000000000142e+01,6.978846158744999292e-06,3.429290736159292799e-06,1.655301446529471412e-06,9.288264201572198202e-07,6.702309470237145743e-07,6.653329457232396959e-07,7.011133534253085798e-07,7.407521849268614023e-07,7.782905728803930488e-07,8.121165740048469428e-07,8.425464214090939622e-07,8.701983862075127143e-07,8.956322436877326426e-07,9.193137201481282078e-07,9.415886370928279108e-07,9.626905620995833081e-07,9.827926866266035055e-07,1.002034107317228294e-06,1.020501619015786427e-06,1.038260270488910548e-06,1.055353628586961025e-06,1.071816173540058849e-06,1.087682338611825735e-06,1.102977035946440190e-06,1.117641769607229773e-06
1.740000000000000213e+01,6.978846158745000139e-06,3.422280967438281876e-06,1.657651680379921465e-06,9.345796287978551892e-07,6.769866034742724232e-07,6.736258280697782411e-07,7.098980640355448267e-07,7.497055229720409447e-07,7.872679996699374448e-07,8.210553773969385718e-07,8.514263981339098256e-07,8.790173537530501144e-07,9.043958755699485027e-07,9.280299702947488602e-07,9.502660263849186998e-07,9.713369079172067330e-07,9.914144238027636821e-07,1.010636238296820741e-06,1.029088630718392008e-06,1.046835123481255228e-06,1.063919031732106027e-06,1.080374780094516443e-06,1.096235296698374335e-06,1.111525645541246886e-06,1.126187115176802529e-06
1.744999999999999929e+01,6.978846158745000139e-06,3.415221990770630017e-06,1.660019627101172508e-06,9.403833728415449779e-07,6.838100120747645515e-07,6.819998646706341293e-07,7.187659642352980176e-07,7.587424307217948945e-07,7.963284371764979815e-07,8.300763140230011285e-07,8.603876261190886580e-07,8.879165429055507235e-07,9.132389460649520004e-07,9.368248235758574860e-07,9.590213357653027840e-07,9.800604630186156546e-07,1.000112835985749244e-06,1.019314538517999118e-06,1.037751321395655190e-06,1.055485219339347820e-06,1.072559236083394680e-06,1.089007932144313713e-06,1.104862396073785640e-06,1.120148105471587277e-06,1.134805989642773219e-06
1.750000000000000000e+01,6.978846158745000139e-06,3.408317213346317591e-06,1.662340360526383997e-06,9.460720639829255331e-07,6.905084709574443429e-07,6.902203012339648227e-07,7.274639606665696617e-07,7.676018921315763499e-07,8.052083004093722634e-07,8.389153774592569322e-07,8.691664141758353663e-07,8.966331356860424170e-07,9.218988950728868989e-07,9.454364417284789681e-07,9.675933757815272948e-07,9.886002931379090893e-07,1.008627037243036726e-06,1.027808179910989283e-06,1.046228977849328844e-06,1.063949810736209427e-06,1.081013590010192205e-06,1.097454369251059973e-06,1.113302360480346966e-06,1.128582996040905154e-06,1.143236654197778697e-06
1.755000000000000071e+01,6.978846158745000139e-06,3.401896159329931753e-06,1.664505528619616722e-06,9.513908613165267869e-07,6.968017609509118745e-07,6.979453344623338110e-07,7.356188656858728895e-07,7.758973702655058074e-07,8.135160890228736438e-07,8.471798425000585554e-07,8.773694682608936155e-07,9.047743558496083939e-07,9.299828964865241743e-07,9.534721775081297014e-07,9.755901511978575606e-07,9.965637871193934737e-07,1.016563883884552373e-06,1.035723658560207839e-06,1.054127416366472961e-06,1.071833764088250594e-06,1.088886774799754482e-06,1.105317525167073195e-06,1.121157612929808536e-06,1.136431937797274795e-06,1.151079719939997666e-06
1.760000000000000142e+01,6.978846158744999292e-06,3.394945474050216655e-06,1.666886626415673010e-06,9.572245043985763008e-07,7.037374654816755455e-07,7.064369461114366115e-07,7.445695552947412373e-07,7.849965223705872753e-07,8.226245568218333995e-07,8.562378338035019888e-07,8.863580443629845900e-07,9.136932922590213534e-07,9.388383311937387114e-07,9.622733291432762641e-07,9.843463271833263719e-07,1.005282418703293252e-06,1.025251784419501284e-06,1.044386690654160905e-06,1.062769827919722920e-06,1.080458931849214337e-06,1.097498032798645484e-06,1.113916824701017892e-06,1.129746826101679730e-06,1.145012046254660367e-06,1.159652005988078708e-06
1.765000000000000213e+01,6.978846158745000139e-06,3.387773518743343684e-06,1.669358796275910065e-06,9.632734732221277939e-07,7.109413585368807576e-07,7.152483226139264131e-07,7.538518398749968842e-07,7.944302174196658555e-07,8.320661371888835049e-07,8.656257766258722540e-07,8.956732315073423946e-07,9.229355123701512307e-07,9.480143061277169839e-07,9.713925075243245713e-07,9.934179463495524695e-07,1.014314718624831214e-06,1.034251619538641522e-06,1.053360136744005545e-06,1.071721201727659515e-06,1.089391961079495798e-06,1.106415780842421669e-06,1.122821747261565974e-06,1.138640828234244073e-06,1.153895811193488610e-06,1.168527116576146109e-06
1.769999999999999929e+01,6.978846158745000139e-06,3.380601563436471136e-06,1.671830966136146695e-06,9.693224420456786517e-07,7.181452515920851225e-07,7.240596991164155794e-07,7.631341244552516840e-07,8.038639124687436946e-07,8.415077175559328691e-07,8.750137194482418840e-07,9.049884186516994581e-07,9.321777324812806844e-07,9.571902810616946212e-07,9.805116859053720315e-07,1.002489565515777932e-06,1.023347018546368118e-06,1.043251454657780913e-06,1.062333582833849761e-06,1.080672575535595263e-06,1.098324990309776625e-06,1.115333528886197006e-06,1.131726669822113209e-06,1.147534830366807569e-06,1.162779576132316007e-06,1.177402227164212875e-06
1.775000000000000000e+01,6.978846158745000139e-06,3.373706000278074717e-06,1.674232643679812903e-06,9.751709338336325810e-07,7.251311032323059985e-07,7.326010600388960864e-07,7.721160322145933756e-07,8.129834340922962378e-07,8.506291052703431351e-07,8.840785280447856693e-07,9.139799856401673656e-07,9.410957654161114665e-07,9.660410504761036512e-07,9.893042991474748171e-07,1.011234115362145689e-06,1.032051334327158960e-06,1.051922372974279200e-06,1.070976917983419240e-06,1.089292942685448403e-06,1.106926146995606466e-06,1.123917652335233222e-06,1.140297180901763188e-06,1.156093170240616685e-06,1.171327723894924818e-06,1.185941002901125767e-06
1.780000000000000071e+01,6.978846158744999292e-06,3.366820062786442809e-06,1.676667355302753536e-06,9.810693830261142589e-07,7.322079630110080791e-07,7.412405122011920201e-07,7.811854391641624441e-07,8.221841248922259124e-07,8.598262553213364122e-07,8.932147690931553904e-07,9.230393625126607097e-07,9.500782441163331767e-07,9.749534615793186948e-07,9.981559258854460242e-07,1.020035184695244558e-06,1.040809927483888919e-06,1.060645595597526866e-06,1.079670519799240287e-06,1.097961891639528348e-06,1.115574004808309032e-06,1.132546957930861402e-06,1.148911225837623132e-06,1.164693314055076769e-06,1.179916343111132856e-06,1.194518594227373144e-06
1.785000000000000142e+01,6.978846158744999292e-06,3.359532906091658197e-06,1.679313638995180580e-06,9.874156062330244076e-07,7.398531749416355924e-07,7.505436842412337318e-07,7.909352485395742623e-07,8.320688696176568344e-07,8.697018865213796673e-07,9.030227252480705730e-07,9.327621213760544783e-07,9.597157567250598628e-07,9.845143168658621774e-07,1.007650796468131528e-06,1.029473250040677490e-06,1.050200551898460243e-06,1.069997217403292810e-06,1.088988548452861758e-06,1.107252134551757451e-06,1.124839200044130326e-06,1.141791706236374500e-06,1.158137430374314673e-06,1.173902929477602314e-06,1.189110762413162392e-06,1.203699540194126648e-06
1.790000000000000213e+01,6.978846158745000139e-06,3.352262768256812460e-06,1.681949233535866414e-06,9.937422459276748721e-07,7.474634180087644702e-07,7.598072950074472264e-07,8.006476314546656821e-07,8.419177895845492798e-07,8.795437006657055615e-07,9.127978787431069806e-07,9.424535794182945532e-07,9.693231771789012834e-07,9.940458411935255202e-07,1.017116898846865726e-06,1.038883389141367583e-06,1.059563915087055142e-06,1.079321801465729182e-06,1.098280506760413394e-06,1.116516427691066869e-06,1.134079252397382954e-06,1.151011656219381963e-06,1.167339090499278651e-06,1.183088507768011628e-06,1.198281893222637626e-06,1.212857167908565036e-06
1.794999999999999929e+01,6.978846158745000139e-06,3.345081606581713366e-06,1.684584757005345848e-06,1.000029876817973697e-06,7.550339440789299894e-07,7.690181416816563484e-07,8.102945024424532294e-07,8.516939012985022866e-07,8.893091752940732549e-07,9.224937969746939443e-07,9.520638771086697727e-07,9.788478035004420254e-07,1.003493546521739572e-06,1.026497807312881291e-06,1.048207519654603831e-06,1.068840063197025155e-06,1.088557918601063757e-06,1.107483605553560716e-06,1.125690676996756325e-06,1.143228730237015859e-06,1.160140195953359859e-06,1.176448298319841914e-06,1.192180997555274343e-06,1.207359484703966820e-06,1.221920365943358354e-06
1.800000000000000000e+01,6.978846158745000986e-06,3.338073625607682824e-06,1.687204818204551496e-06,1.006226970630850232e-06,7.625229745205702663e-07,7.781204367561732339e-07,8.198084364138185532e-07,8.613238257939940116e-07,8.989217759173074446e-07,9.320317002052597350e-07,9.615127354664330458e-07,9.882080664743955772e-07,1.012775052326261413e-06,1.035710101830523213e-06,1.057361746730861711e-06,1.077944364138969179e-06,1.097620315854475596e-06,1.116511494137078945e-06,1.134687857132589892e-06,1.152199960547966387e-06,1.169088736032045549e-06,1.185376200307269643e-06,1.201091222464301272e-06,1.216253247198123152e-06,1.230799081249154620e-06
1.805000000000000071e+01,6.978846158745000139e-06,3.330662468069120377e-06,1.690093146183095958e-06,1.012949779628724942e-06,7.706818963035154749e-07,7.879879063936821515e-07,8.301067472921219883e-07,8.717427816013835714e-07,9.093181853058400122e-07,9.423464461664188822e-07,9.717296519444411386e-07,9.983296174394373119e-07,1.022809287786940293e-06,1.045668057168224620e-06,1.067255219755913600e-06,1.087783290203294618e-06,1.107411402561867703e-06,1.126260938335849929e-06,1.144401762479673954e-06,1.161883339525837486e-06,1.178744667161455036e-06,1.195008388413978387e-06,1.210701481111593713e-06,1.225844055147753902e-06,1.240371636785641734e-06
1.810000000000000142e+01,6.978846158745000139e-06,3.323250512554738884e-06,1.692981986868995467e-06,1.019673591080402248e-06,7.788420782008584302e-07,7.978568227503946257e-07,8.404065430836604376e-07,8.821632311278745791e-07,9.197160779487656703e-07,9.526626627563158016e-07,9.819480218992742297e-07,1.008452608667897541e-06,1.032844947817038003e-06,1.055627424407896402e-06,1.077150092062726651e-06,1.097623606459167623e-06,1.117203868703912041e-06,1.136011749581379656e-06,1.154117026400515108e-06,1.171568068342114206e-06,1.188401940205535903e-06,1.204641911990937455e-06,1.220313066875007856e-06,1.235436185344910898e-06,1.249945507673862249e-06
1.815000000000000213e+01,6.978846158745000139e-06,3.315951927200437104e-06,1.695837912438132047e-06,1.026311843822794780e-06,7.869143696296380931e-07,8.076138678469684821e-07,8.505832592665641277e-07,8.924553879439106275e-07,9.299824249994484514e-07,9.628457228078845291e-07,9.920320290740734793e-07,1.018439985081055711e-06,1.042744309195975147e-06,1.065450457215286518e-06,1.086907542869587066e-06,1.107325908232715879e-06,1.126858223480885095e-06,1.145625187263185081e-06,1.163695027656394032e-06,1.181114728400592445e-06,1.197921451292380519e-06,1.214136775438214447e-06,1.229785983466101839e-06,1.244888758919415744e-06,1.259380141845989641e-06
1.819999999999999929e+01,6.978846158745000986e-06,3.309132343325225409e-06,1.698623151131347647e-06,1.032649511041823309e-06,7.946242304982907384e-07,8.169173334633291917e-07,8.602642280774695138e-07,9.022349814805757523e-07,9.397285705639415781e-07,9.725062167960641186e-07,1.001592189517748688e-06,1.027903780937460372e-06,1.052120894197531300e-06,1.074751573880123825e-06,1.096143277812591472e-06,1.116506425664711579e-06,1.135991274270549218e-06,1.154718248368834412e-06,1.172753230536443522e-06,1.190141576909266034e-06,1.206920743331315249e-06,1.223111799026486627e-06,1.238740257958772600e-06,1.253821876802681153e-06,1.268294736077821745e-06
1.825000000000000000e+01,6.978846158745000139e-06,3.302039455470624610e-06,1.701634015716684083e-06,1.039402112282771561e-06,8.028559655361621196e-07,8.268128059485088054e-07,8.705490997156888261e-07,9.126185191393192412e-07,9.500742924710364398e-07,9.827590122561725248e-07,1.011738945706254288e-06,1.037947257087737634e-06,1.062071274503676227e-06,1.084620852759226548e-06,1.105942376199490717e-06,1.126245489017716394e-06,1.145678935560512857e-06,1.164362223779164110e-06,1.182358790198804256e-06,1.199712672734472796e-06,1.216461880597922164e-06,1.232625711252807200e-06,1.248229920408911378e-06,1.263287887412200156e-06,1.277740331706605196e-06
1.830000000000000071e+01,6.978846158745000986e-06,3.294664484808334873e-06,1.704908701461391642e-06,1.046607646493178856e-06,8.116637839896189944e-07,8.373566456869363958e-07,8.814839657839297463e-07,9.236434974262763822e-07,9.610490910830815222e-07,9.936263375235462319e-07,1.022487938579519644e-06,1.048580425147108490e-06,1.072600101209580044e-06,1.095058873505216085e-06,1.116302212173879123e-06,1.136537144898579244e-06,1.155912919360560518e-06,1.174545329078206700e-06,1.192498113033994875e-06,1.209812910789968417e-06,1.226527358663724175e-06,1.242660116387937419e-06,1.258234308619963129e-06,1.273266930053599451e-06,1.287694863326884067e-06
1.835000000000000142e+01,6.978846158744999292e-06,3.287340263800993214e-06,1.708107382346948182e-06,1.053700613143660989e-06,8.203362839362990119e-07,8.477485579313051130e-07,8.922686513746063680e-07,9.345211458529812931e-07,9.718803109875149540e-07,1.004354407626220950e-06,1.033101297746894859e-06,1.059081077859892410e-06,1.082999404903531744e-06,1.105370149561648346e-06,1.126537562347700273e-06,1.146706193357968495e-06,1.166025994572722591e-06,1.184609520971747825e-06,1.202519576021241040e-06,1.219796513884390813e-06,1.236477414425444699e-06,1.252580367170818294e-06,1.268125495961562208e-06,1.283133787340131694e-06,1.297538081746815223e-06
1.840000000000000213e+01,6.978846158745000139e-06,3.279607197750278141e-06,1.711450729332811037e-06,1.061130563451507634e-06,8.294012429481109846e-07,8.585833991127957223e-07,9.035031542164446750e-07,9.458422313499093082e-07,9.831433428622969583e-07,1.015501674344634193e-06,1.044120808258350106e-06,1.069975659513124756e-06,1.093781637363788581e-06,1.116054481236816800e-06,1.137136798972331310e-06,1.157230706824147719e-06,1.176486751787629668e-06,1.195014707919373670e-06,1.212875017006319893e-06,1.230107833132338121e-06,1.246749432407394917e-06,1.262817273216516744e-06,1.278328294614037098e-06,1.293307322012742398e-06,1.307683363671904535e-06
1.844999999999999929e+01,6.978846158745000139e-06,3.265459475940017227e-06,1.718052142778378541e-06,1.075053874891200903e-06,8.461055388385191126e-07,8.780265376264289528e-07,9.234096443314624819e-07,9.656998938951245736e-07,1.002721117140251712e-06,1.034718687179892373e-06,1.062971286237850506e-06,1.088481952181691535e-06,1.111975133725865528e-06,1.133968758962014947e-06,1.154803070825925161e-06,1.174675781169321545e-06,1.193733541754746077e-06,1.212081102057984976e-06,1.229778396033360442e-06,1.246861296522202878e-06,1.263364779961431817e-06,1.279304072691719850e-06,1.294695971899874002e-06,1.309561916613246822e-06,1.323832099275498744e-06
1.850000000000000000e+01,6.978846158744999292e-06,3.246041552391721702e-06,1.727561674019231119e-06,1.094697851000157987e-06,8.694567128360638596e-07,9.049781305092420187e-07,9.509640366497633839e-07,9.931441049609217904e-07,1.029736598021331521e-06,1.061196889362512887e-06,1.088905154341382360e-06,1.113903345947218098e-06,1.136928652417449637e-06,1.158502681883589078e-06,1.178960612516973761e-06,1.198495070941180820e-06,1.217247443313263078e-06,1.235318393757844157e-06,1.252762469854999939e-06,1.269611325776970604e-06,1.285898542908930355e-06,1.301636288824545369e-06,1.316839714192404275e-06,1.331525919341746221e-06,1.345627363209944239e-06
1.855000000000000071e+01,6.978846158745000139e-06,3.225442989305711607e-06,1.737722686744116990e-06,1.115623380117191308e-06,8.942969317479675127e-07,9.336117800828671442e-07,9.802317249993373496e-07,1.022287867501866249e-06,1.058418286558601871e-06,1.089301755506110240e-06,1.116425855522127518e-06,1.140873872396500187e-06,1.163396562784111711e-06,1.184519548956634798e-06,1.204572339493715183e-06,1.223742323270972756e-06,1.242165313846760206e-06,1.259938100402358578e-06,1.277108751244421840e-06,1.293704715893909922e-06,1.309758159317354753e-06,1.325278005117603731e-06,1.340277420370625135e-06,1.354768953368843317e-06,1.368687572004114187e-06
1.860000000000000142e+01,6.978846158745000139e-06,3.205234196152562270e-06,1.750237989010435914e-06,1.139815829964949260e-06,9.227066176038074815e-07,9.662582718506244723e-07,1.013630232787896600e-06,1.055573583208778265e-06,1.091204467263066657e-06,1.121452758374220558e-06,1.147929622778636454e-06,1.171763914399514434e-06,1.193724814660072570e-06,1.214341620597791974e-06,1.233938872582347362e-06,1.252698534976095639e-06,1.270749495520259112e-06,1.288183662337306765e-06,1.305042219220611790e-06,1.321349356452863892e-06,1.337136444554299352e-06,1.352407289585372649e-06,1.367172412674439708e-06,1.381441788917132535e-06,1.395150070290770037e-06
1.865000000000000213e+01,6.978846158745000139e-06,3.193008580050899864e-06,1.764729593400903559e-06,1.164904741589327621e-06,9.515417928991567059e-07,9.990883016318886028e-07,1.047605118835417023e-06,1.089797182643528702e-06,1.125239612257233270e-06,1.155109070957279195e-06,1.181149695682418411e-06,1.204546352608979709e-06,1.226095502965307535e-06,1.246335411662134183e-06,1.265589435677737221e-06,1.284037831231587724e-06,1.301804710001417625e-06,1.318977947990827947e-06,1.335593753637933195e-06,1.351675181983569556e-06,1.367254588335125235e-06,1.382329982362790145e-06,1.396909628696040543e-06,1.411001923672010962e-06,1.424541580578419884e-06
1.869999999999999929e+01,6.978846158744999292e-06,3.181291836232239457e-06,1.779299380127573888e-06,1.189963737371507909e-06,9.802867978900713530e-07,1.031810438753859297e-06,1.081481493541113482e-06,1.123943551988967778e-06,1.159217521748020706e-06,1.188726527124385867e-06,1.214346598369340470e-06,1.237319565035119814e-06,1.258469388197409309e-06,1.278343024343833022e-06,1.297263575121566124e-06,1.315409042234376680e-06,1.332900009532110237e-06,1.349820060880578951e-06,1.366200824091093909e-06,1.382063795319518752e-06,1.397441539745855467e-06,1.412326579148552611e-06,1.426726030464045111e-06,1.440645876457876149e-06,1.454021260605840538e-06
1.875000000000000000e+01,6.978846158745000139e-06,3.167182201397949690e-06,1.794542236045561941e-06,1.216545543875158097e-06,1.010859659141135827e-06,1.066693918932502439e-06,1.117446032446650210e-06,1.160064562197689977e-06,1.195046563889709879e-06,1.224078985500509820e-06,1.249174679509154880e-06,1.271631686305446632e-06,1.292301092520490353e-06,1.311736125939767958e-06,1.330259343443299564e-06,1.348044542104050220e-06,1.365208176385456618e-06,1.381828428669502724e-06,1.397931703484155888e-06,1.413537342332511502e-06,1.428677188662285978e-06,1.443337697357420232e-06,1.457525190543065987e-06,1.471243338668038232e-06,1.484426235338237950e-06
1.880000000000000071e+01,6.978846158745000139e-06,3.161057093953591598e-06,1.807042868913258947e-06,1.236900391508389394e-06,1.034164898956862121e-06,1.093091995067563623e-06,1.145025205074435879e-06,1.188105508931369874e-06,1.223177822953933388e-06,1.252120331132372404e-06,1.277056911202201263e-06,1.299331730372775499e-06,1.319816310511428042e-06,1.339077136964846850e-06,1.357441444901807082e-06,1.375082407594610351e-06,1.392115141690037671e-06,1.408613920301585701e-06,1.424604985044468875e-06,1.440106180062583833e-06,1.455147552480473686e-06,1.469715007728863805e-06,1.483813803687312049e-06,1.497447421094713339e-06,1.510548237572616872e-06
1.885000000000000142e+01,6.978846158745000139e-06,3.155227006372284754e-06,1.819442179532406908e-06,1.257025159581058556e-06,1.057201607828194322e-06,1.119176544475667290e-06,1.172294547265168112e-06,1.215847905844448963e-06,1.251024657054924734e-06,1.279891538861861346e-06,1.304682501086348365e-06,1.326787465163468783e-06,1.347098140996547618e-06,1.366194529628539208e-06,1.384408737503377987e-06,1.401913446400598453e-06,1.418822538295883316e-06,1.435206432170024367e-06,1.451091393700837578e-06,1.466493793959324204e-06,1.481441844041854732e-06,1.495921103789573986e-06,1.509935756881132208e-06,1.523489172773585880e-06,1.536511988491907499e-06
1.890000000000000213e+01,6.978846158745000139e-06,3.150889393733962243e-06,1.831163001351063261e-06,1.275563400573278589e-06,1.078274860418862220e-06,1.142962490641723164e-06,1.197176832196868853e-06,1.241193046408238379e-06,1.276500732543512545e-06,1.305332538349925720e-06,1.330019230290733108e-06,1.351996099914792268e-06,1.372175039906110265e-06,1.391146990396131369e-06,1.409248235952824768e-06,1.426650877527237390e-06,1.443467743443996472e-06,1.459767164553024301e-06,1.475574561088758093e-06,1.490905271962443885e-06,1.505784916095441733e-06,1.520199535253818056e-06,1.534152485580077780e-06,1.547647090633898438e-06,1.560612480018478334e-06
1.894999999999999929e+01,6.978846158745000139e-06,3.148897018315218675e-06,1.841968882755982296e-06,1.291792486140849847e-06,1.096434805928274569e-06,1.163301785734708289e-06,1.218464396775154239e-06,1.262916960722191427e-06,1.298387350082861836e-06,1.327238971387291619e-06,1.351876928963048383e-06,1.373783147548834830e-06,1.393890638474622029e-06,1.412796390958652916e-06,1.430838875018311809e-06,1.448189630799376790e-06,1.464960355334949042e-06,1.481219948870577546e-06,1.496991241973619389e-06,1.512289985954905236e-06,1.527138364588079513e-06,1.541523744244991923e-06,1.555448716904090009e-06,1.568916580443769168e-06,1.581855707439354927e-06
1.900000000000000000e+01,6.978846158745000986e-06,3.146904642896475107e-06,1.852774764160902388e-06,1.308021571708421951e-06,1.114594751437688188e-06,1.183641080827694897e-06,1.239751961353441319e-06,1.284640875036146170e-06,1.320273967622212397e-06,1.349145404424659212e-06,1.373734627635365140e-06,1.395570195182879087e-06,1.415606237043135275e-06,1.434445791521176158e-06,1.452429514083800543e-06,1.469728384071517249e-06,1.486452967225903094e-06,1.502672733188132274e-06,1.518407922858482168e-06,1.533674699947367858e-06,1.548491813080719199e-06,1.562847953236166849e-06,1.576744948228103509e-06,1.590186070253641381e-06,1.603098934860232790e-06
1.905000000000000071e+01,6.978846158745000986e-06,3.146013512653146179e-06,1.863815026515734994e-06,1.324055264994991483e-06,1.132415703290621718e-06,1.203466142696520060e-06,1.260422315862833698e-06,1.305686153100032376e-06,1.341445657649869412e-06,1.370317315065284488e-06,1.394848151124447182e-06,1.416608685205016885e-06,1.436571949715020885e-06,1.455345196147974442e-06,1.473271259069522741e-06,1.490520062108841294e-06,1.507201780723561002e-06,1.523384590269020523e-06,1.539087113437050957e-06,1.554326253726141794e-06,1.569116845429330456e-06,1.583448746997827429e-06,1.597323447827682237e-06,1.610743004345649609e-06,1.623635474736542097e-06
1.910000000000000142e+01,6.978846158745000139e-06,3.145928620331956319e-06,1.875018953741630369e-06,1.339925105061930165e-06,1.149936162899190788e-06,1.222830539055015314e-06,1.280555640481177063e-06,1.326149782507070824e-06,1.362009720989368729e-06,1.390868759863046487e-06,1.415333352508876528e-06,1.437015220684483206e-06,1.456903702087653999e-06,1.475610027923709713e-06,1.493478986046910357e-06,1.510678478515474880e-06,1.527318992093515657e-06,1.543466290949628362e-06,1.559138200617871683e-06,1.574351813446208617e-06,1.589118461692191626e-06,1.603428936509296887e-06,1.617284660023502415e-06,1.630685756756307152e-06,1.643560795307360311e-06
1.915000000000000213e+01,6.978846158745000139e-06,3.146519339245889666e-06,1.886457028482780866e-06,1.355756804827083851e-06,1.167285945617419653e-06,1.241863907197261654e-06,1.300294408075041092e-06,1.346184144726492111e-06,1.382122070894554972e-06,1.410953537945104153e-06,1.435344150937300725e-06,1.456942440341862265e-06,1.476751776524722269e-06,1.495387753349501941e-06,1.513196669164082416e-06,1.530345155248054012e-06,1.546942449494157007e-06,1.563053581444954008e-06,1.578694915113683784e-06,1.593882152207542713e-06,1.608625891650718182e-06,1.622916027574293385e-06,1.636752842787717958e-06,1.650137037913974044e-06,1.662995244455150515e-06
1.920000000000000284e+01,6.978846158745000139e-06,3.147110058159823438e-06,1.897895103223931786e-06,1.371588504592237749e-06,1.184635728335648730e-06,1.260897275339508205e-06,1.320033175668905120e-06,1.366218506945913609e-06,1.402234420799741427e-06,1.431038316027162031e-06,1.455354949365725134e-06,1.476869659999241746e-06,1.496599850961790750e-06,1.515165478775294804e-06,1.532914352281254475e-06,1.550011831980633567e-06,1.566565906894798568e-06,1.582640871940280289e-06,1.598251629609496309e-06,1.613412490968877445e-06,1.628133321609245161e-06,1.642403118639290306e-06,1.656221025551933712e-06,1.669588319071641359e-06,1.682429693602940931e-06
1.925000000000000000e+01,6.978846158745000139e-06,3.148733625862719494e-06,1.909994287912378633e-06,1.387870412888882845e-06,1.202346006194550267e-06,1.280156772652083589e-06,1.339918616801976994e-06,1.386343829100592817e-06,1.422397042463976056e-06,1.451141076740232993e-06,1.475359253068274655e-06,1.496769708583924636e-06,1.516403749055089693e-06,1.534884417964011399e-06,1.552560332488879955e-06,1.569595924235358914e-06,1.586097447330017058e-06,1.602127191019912409e-06,1.617699566088476721e-06,1.632827504254402841e-06,1.647519188668956173e-06,1.661763062758107156e-06,1.675557572017110420e-06,1.688903060679420504e-06,1.701723024041162656e-06
1.930000000000000071e+01,6.978846158744999292e-06,3.151380403510234620e-06,1.922662183651712619e-06,1.404458354958849743e-06,1.220239746365674663e-06,1.299433365106723412e-06,1.359732644469444211e-06,1.406338827496513256e-06,1.442388356386996707e-06,1.471041501952936909e-06,1.495137292620241626e-06,1.516424070072066691e-06,1.535945925465435738e-06,1.554328120735381755e-06,1.571919438119537666e-06,1.588883263908595833e-06,1.605323684350344527e-06,1.621300350140473471e-06,1.636827463424012552e-06,1.651916447276552936e-06,1.666573742455555173e-06,1.680786859645517608e-06,1.694554243082447834e-06,1.707873989914120257e-06,1.720668749200418931e-06
1.935000000000000142e+01,6.978846158745000139e-06,3.154027181157749747e-06,1.935330079391046182e-06,1.421046297028817064e-06,1.238133486536798848e-06,1.318709957561363023e-06,1.379546672136911427e-06,1.426333825892433906e-06,1.462379670310016934e-06,1.490941927165640824e-06,1.514915332172208809e-06,1.536078431560208322e-06,1.555488101875782206e-06,1.573771823506752322e-06,1.591278543750195589e-06,1.608170603581832752e-06,1.624549921370671997e-06,1.640473509261034744e-06,1.655955360759548595e-06,1.671005390298703242e-06,1.685628296242154173e-06,1.699810656532928060e-06,1.713550914147785460e-06,1.726844919148820221e-06,1.739614474359675628e-06
1.940000000000000213e+01,6.978846158745000139e-06,3.156943827996558889e-06,1.948153213585618085e-06,1.437734936286018365e-06,1.256079898618070474e-06,1.337993913942438912e-06,1.399355334785473418e-06,1.446316608194198530e-06,1.482353637149408188e-06,1.510821808512459928e-06,1.534670678643131829e-06,1.555709273980199505e-06,1.575005358758478950e-06,1.593189212100193927e-06,1.610609798392269695e-06,1.627428802547649315e-06,1.643745768888990340e-06,1.659616049007981852e-06,1.675051657214559940e-06,1.690062263029308118e-06,1.704650104510334612e-06,1.718800705135025180e-06,1.732513320548899128e-06,1.745780994061751414e-06,1.758526535082540173e-06
1.945000000000000284e+01,6.978846158745000139e-06,3.160298303256217654e-06,1.960540865542456436e-06,1.453610965235090829e-06,1.273051173778495224e-06,1.356153534663728280e-06,1.417956504265078111e-06,1.465046821332304222e-06,1.501048237688055525e-06,1.529407342335377694e-06,1.553122905905283380e-06,1.574032495312273431e-06,1.593211645415224493e-06,1.611292136791858694e-06,1.628623727802200289e-06,1.645367475651114671e-06,1.661619165631107375e-06,1.677433308176682962e-06,1.692819932943039055e-06,1.707788328900970514e-06,1.722338531875761890e-06,1.736455696734899156e-06,1.750136590478158084e-06,1.763374984499624734e-06,1.776095408881945628e-06
1.950000000000000000e+01,6.978846158745000139e-06,3.164649403582203765e-06,1.973505125170075844e-06,1.469818331077363115e-06,1.290220535170840196e-06,1.374370428390166889e-06,1.436534189433112260e-06,1.483698009072905352e-06,1.519621342476487104e-06,1.547838500595742128e-06,1.571393813945342985e-06,1.592151144282706345e-06,1.611192821203946084e-06,1.629152067351466032e-06,1.646378894067616219e-06,1.663033249903200565e-06,1.679206604088492049e-06,1.694952486762140432e-06,1.710279549772651375e-06,1.725195286261661675e-06,1.739698775146465705e-06,1.753773484772592726e-06,1.767414325782793956e-06,1.780616886056963177e-06,1.793306101461813639e-06
1.955000000000000071e+01,6.978846158745000139e-06,3.170802589463807884e-06,1.989375233960725742e-06,1.489277454942340282e-06,1.310700945184086667e-06,1.395911237568774416e-06,1.458440273567407003e-06,1.505649762098676079e-06,1.541452420341509039e-06,1.569479665720806190e-06,1.592826801260900487e-06,1.613383564602703934e-06,1.632243644460202893e-06,1.650043172657712391e-06,1.667131536289106043e-06,1.683665465920690775e-06,1.699734204634427668e-06,1.715388197811157483e-06,1.730632644343021492e-06,1.745476934334367982e-06,1.759919321815666441e-06,1.773934367318165178e-06,1.787521958656640339e-06,1.800679259773564499e-06,1.813324063068955267e-06
1.960000000000000142e+01,6.978846158745000139e-06,3.177252908553588877e-06,2.005815052327279020e-06,1.509405031763826402e-06,1.331886190829508676e-06,1.418173141386544450e-06,1.481076743358486064e-06,1.528331815125529165e-06,1.564009474657586443e-06,1.591840206342846219e-06,1.614972339954164751e-06,1.635320394164720282e-06,1.653991332126234661e-06,1.671624734277928824e-06,1.688568900025217513e-06,1.704977236638325925e-06,1.720937094054463368e-06,1.736495496577907695e-06,1.751654140202748110e-06,1.766423669609897106e-06,1.780802223255777350e-06,1.794755858640323366e-06,1.808288365243719913e-06,1.821398796735878631e-06,1.833996437293823689e-06
1.965000000000000213e+01,6.978846158745000139e-06,3.183474160345779562e-06,2.022112068536950944e-06,1.529435063131774345e-06,1.353015781802409104e-06,1.440402641196379459e-06,1.503697388914918138e-06,1.551009809606111325e-06,1.586572246774055864e-06,1.614214055871676093e-06,1.637138076017028766e-06,1.657281989975332594e-06,1.675767536579459566e-06,1.693238740709661007e-06,1.710041664734687665e-06,1.726327299923019555e-06,1.742180921093574647e-06,1.757646452848716491e-06,1.772723257883490268e-06,1.787419347375346994e-06,1.801734303298129200e-06,1.815629550058469912e-06,1.829109531595851618e-06,1.842174003680644071e-06,1.854725245752127983e-06
1.970000000000000284e+01,6.978846158745000139e-06,3.190804079697286930e-06,2.038348451518554554e-06,1.548857517287695647e-06,1.373194489377445989e-06,1.461427110604045641e-06,1.525001533189788491e-06,1.572307806929323162e-06,1.607716807491745782e-06,1.635144723167259304e-06,1.657842714405389306e-06,1.677772369005319458e-06,1.696064680832547775e-06,1.713366021370928501e-06,1.730017956842865836e-06,1.746173729323621219e-06,1.761914407371656330e-06,1.777278502988366174e-06,1.792269413746575352e-06,1.806886792975994096e-06,1.821126311997018409e-06,1.834956022302891501e-06,1.848377463643428720e-06,1.861385799416630441e-06,1.873885440774609813e-06
1.975000000000000000e+01,6.978846158745000139e-06,3.198494087479736378e-06,2.054565141199153814e-06,1.568082634087510543e-06,1.393064355850504330e-06,1.482060193519782281e-06,1.545878085914035700e-06,1.593157589630461283e-06,1.628400741835874332e-06,1.655606653715231413e-06,1.678072797220578363e-06,1.697784905838462091e-06,1.715881435394187800e-06,1.733010422610469642e-06,1.749508203818378610e-06,1.765531787650778462e-06,1.781157344223754179e-06,1.796417221722290371e-06,1.811320920941807674e-06,1.825857878132324808e-06,1.840018114958896164e-06,1.853779967238823911e-06,1.867140914704875470e-06,1.880089808770344160e-06,1.892536159763347013e-06
1.980000000000000071e+01,6.978846158745000986e-06,3.205963079725349777e-06,2.070651498198292488e-06,1.587226179680467322e-06,1.412876630628216796e-06,1.502673694006554025e-06,1.566744192137135665e-06,1.614003027579329874e-06,1.649083735436054457e-06,1.676071459090648035e-06,1.698308632449150952e-06,1.717806483292483867e-06,1.735710533565911550e-06,1.752669708088301050e-06,1.769016749320098628e-06,1.784910285528696143e-06,1.800422747404817569e-06,1.815580483214976606e-06,1.830396364786448728e-06,1.844854926591344493e-06,1.858941265578566891e-06,1.872634618901571788e-06,1.885936256803048680e-06,1.898828596686160327e-06,1.911223163681934231e-06
1.985000000000000142e+01,6.978846158745000139e-06,3.216001016677321510e-06,2.089338100492518090e-06,1.608899208341237016e-06,1.435060425562295351e-06,1.525520692963965991e-06,1.589776066887001476e-06,1.636951401442502244e-06,1.671810029421766383e-06,1.698521244748232382e-06,1.720477820154510130e-06,1.739714166677329026e-06,1.757383268924741206e-06,1.774135569715630235e-06,1.790301385663879309e-06,1.806033921527520541e-06,1.821402804341857678e-06,1.836435376547925186e-06,1.851138298240635454e-06,1.865494515739500927e-06,1.879487934936948486e-06,1.893099226897766703e-06,1.906322761429569738e-06,1.919140545132694047e-06,1.931469915608536295e-06
1.990000000000000213e+01,6.978846158745000139e-06,3.227163888565208644e-06,2.108738307854338151e-06,1.631055941438823512e-06,1.457533575417761256e-06,1.548521237100315739e-06,1.612906425399632007e-06,1.659960679178527835e-06,1.694570206391019173e-06,1.720983124198067748e-06,1.742643521789830119e-06,1.761604750786822745e-06,1.779026961761237513e-06,1.795561413577540848e-06,1.811536116462945513e-06,1.827097389405149835e-06,1.842312824147089876e-06,1.857210497845685154e-06,1.871792409115294218e-06,1.886037310586650628e-06,1.899932331051479994e-06,1.913454843287734726e-06,1.926593108857919326e-06,1.939329038407822535e-06,1.951586196204342449e-06
1.995000000000000284e+01,6.978846158745000139e-06,3.238326760453096201e-06,2.128138515216157789e-06,1.653212674536410008e-06,1.480006725273227372e-06,1.571521781236665487e-06,1.636036783912262750e-06,1.682969956914553425e-06,1.717330383360271540e-06,1.743445003647902691e-06,1.764809223425149684e-06,1.783495334896316465e-06,1.800670654597733820e-06,1.816987257439451250e-06,1.832770847262011717e-06,1.848160857282778706e-06,1.863222843952321651e-06,1.877985619143445122e-06,1.892446519989952983e-06,1.906580105433799692e-06,1.920376727166011503e-06,1.933810459677702538e-06,1.946863456286268702e-06,1.959517531682950599e-06,1.971702476800148180e-06
2.000000000000000000e+01,6.978846158745000139e-06,3.249400024512401412e-06,2.147516502066823824e-06,1.675378140755998280e-06,1.502508686359407485e-06,1.594566453796289653e-06,1.659216956627756260e-06,1.706032413537691012e-06,1.740145486437672206e-06,1.765963559815818683e-06,1.787032172012280521e-06,1.805443993182395977e-06,1.822372624386658386e-06,1.838471752576479904e-06,1.854064660420251886e-06,1.869283973409448348e-06,1.884193080549444427e-06,1.898822168728002459e-06,1.913162007665225042e-06,1.927184215103346456e-06,1.940883024873912013e-06,1.954228583831334771e-06,1.967196895040072969e-06,1.979769086242142121e-06,1.991882419668731883e-06
2.005000000000000071e+01,6.978846158745000139e-06,3.260437200161239073e-06,2.166885539889933591e-06,1.697547124129127738e-06,1.525022250801419630e-06,1.617628898515756230e-06,1.682417191378328935e-06,1.729116287279589051e-06,1.762982710304828164e-06,1.788504941809320431e-06,1.809278176079362130e-06,1.827416040102657028e-06,1.844098064475149082e-06,1.859979868766765148e-06,1.875382268245356563e-06,1.890431112107911499e-06,1.905187568691744909e-06,1.919683457771864320e-06,1.933902214064397384e-06,1.947813018535857406e-06,1.961414252659303769e-06,1.974671882189816891e-06,1.987555743020796678e-06,2.000046037929466554e-06,2.012088001705990700e-06
2.010000000000000142e+01,6.978846158745000139e-06,3.272539202168467777e-06,2.186932734014175653e-06,1.720174222938694346e-06,1.547841052988616489e-06,1.640874752858404293e-06,1.705754915195112636e-06,1.752305524313555995e-06,1.785902669606305513e-06,1.811110605608683746e-06,1.831575321474977657e-06,1.849424764095219496e-06,1.865850676463441807e-06,1.881504446951341601e-06,1.896706109498809459e-06,1.911576339034488934e-06,1.926172898030208185e-06,1.940525074505047628e-06,1.954616370290435080e-06,1.968411437398993976e-06,1.981906345584464665e-06,1.995068956942596272e-06,2.007861482901976703e-06,2.020266748130955138e-06,2.032230698779969932e-06
2.015000000000000213e+01,6.978846158745000139e-06,3.286820181694364432e-06,2.208478375535737455e-06,1.743879650843414234e-06,1.571437595854447879e-06,1.664663224913093391e-06,1.729546171045474664e-06,1.775892483016774386e-06,1.809171838241197598e-06,1.834034278119378467e-06,1.854158841334295164e-06,1.871696350830943456e-06,1.887839188715646293e-06,1.903244732940154374e-06,1.918223099109842543e-06,1.932899006345800934e-06,1.947322273779871476e-06,1.961515650776760554e-06,1.975463422453066549e-06,1.989131125465203494e-06,2.002505374331171357e-06,2.015552963501557822e-06,2.028245176258289877e-06,2.040559560721000633e-06,2.052428897645617127e-06
2.020000000000000284e+01,6.978846158745000139e-06,3.300769722578967222e-06,2.229822301011707399e-06,1.767441762716184875e-06,1.594921017739486736e-06,1.688366476481823203e-06,1.753267772421545633e-06,1.799419238714087094e-06,1.832387350712444581e-06,1.856911697840021987e-06,1.876701010433659932e-06,1.893929854722205138e-06,1.909796037076104467e-06,1.924954504603803117e-06,1.939710973332220012e-06,1.954197877200868454e-06,1.968452141958030062e-06,1.982486290097514775e-06,1.996293182448928619e-06,2.009837727399812643e-06,2.023091969927545270e-06,2.036026420555168037e-06,2.048622015730449967e-06,2.060844465262863196e-06,2.072624194212328032e-06
2.025000000000000000e+01,6.978846158744999292e-06,3.314719263463568743e-06,2.251166226487676071e-06,1.791003874588953609e-06,1.618404439624524111e-06,1.712069728050551320e-06,1.776989373797615120e-06,1.822945994411398107e-06,1.855602863183690505e-06,1.879789117560664236e-06,1.899243179533023007e-06,1.916163358613465973e-06,1.931752885436561158e-06,1.946664276267450589e-06,1.961198847554595363e-06,1.975496748055935128e-06,1.989582010136187801e-06,2.003456929418266880e-06,2.017122942444789419e-06,2.030544329334420946e-06,2.043678565523918759e-06,2.056499877608777405e-06,2.068998855202608786e-06,2.081129369804724911e-06,2.092819490779038090e-06
2.030000000000000071e+01,6.978846158745000139e-06,3.330965654350383317e-06,2.274278248467974114e-06,1.816011396861401063e-06,1.643095984181984214e-06,1.736799396406088315e-06,1.801658664271326701e-06,1.847358843819250033e-06,1.879655926952032187e-06,1.903460921746501232e-06,1.922546446085050517e-06,1.939129855308471801e-06,1.954415760934804909e-06,1.969058712112458517e-06,1.983354128681357936e-06,1.997439228656831834e-06,2.011333952001357834e-06,2.025038362646492941e-06,2.038543585431889047e-06,2.051822370755717323e-06,2.064826649143350706e-06,2.077529499533941596e-06,2.089913625321365014e-06,2.101939839336755245e-06,2.113530845035512010e-06
2.035000000000000142e+01,6.978846158745000139e-06,3.347842155030374683e-06,2.297875323856890725e-06,1.841415447965561320e-06,1.668118960886305547e-06,1.761810648351596487e-06,1.826587940456223266e-06,1.872014781075304377e-06,1.903938761612716946e-06,1.927350654587053866e-06,1.946058509449243446e-06,1.962297438684594963e-06,1.977272325447716615e-06,1.991640976333414726e-06,2.005692503883084929e-06,2.019558274903479381e-06,2.033256551385254850e-06,2.046787358938192881e-06,2.060126329191368549e-06,2.073257178886386526e-06,2.086128769422443165e-06,2.098711697784007653e-06,2.110975969451547080e-06,2.122894490529293268e-06,2.134383772752965971e-06
2.040000000000000213e+01,6.978846158745000139e-06,3.364677294211741039e-06,2.321481826814702612e-06,1.866853414345827949e-06,1.693188188450182422e-06,1.786877844653611158e-06,1.851576955612578813e-06,1.896731430093197199e-06,1.928284308916638796e-06,1.951303081156828483e-06,1.969633725611173237e-06,1.985528163028964794e-06,2.000191500761195059e-06,2.014285920478167135e-06,2.028093408610385837e-06,2.041739889839847605e-06,2.055241684777709911e-06,2.068599361254903652e-06,2.081773110687075637e-06,2.094755479547528248e-06,2.107494342435989624e-06,2.119956806830652859e-06,2.132101229426650071e-06,2.143913013519170220e-06,2.155299564103778096e-06
2.045000000000000284e+01,6.978846158744999292e-06,3.381702513367611310e-06,2.345346387315374974e-06,1.892561144367020192e-06,1.718519441416382599e-06,1.812203626189597961e-06,1.876824758070461913e-06,1.921702685848370897e-06,1.952883285485746508e-06,1.975504580076047536e-06,1.993454913416279299e-06,2.009001015206522017e-06,2.023349142049274375e-06,2.037166557781538534e-06,2.050727150528889204e-06,2.064152084294695369e-06,2.077455339103504781e-06,2.090638567561803260e-06,2.103647812623271272e-06,2.116479377425967390e-06,2.129083820240569471e-06,2.141422972511900393e-06,2.153446545599810040e-06,2.165152055362793818e-06,2.176432725358122618e-06
2.050000000000000000e+01,6.978846158745000139e-06,3.402058553600805873e-06,2.372123382524517133e-06,1.920722910812421888e-06,1.745907702742912769e-06,1.839306595340170768e-06,1.903759077459964707e-06,1.948285652794284488e-06,1.979030520299349266e-06,2.001201722779125574e-06,2.018722703202744243e-06,2.033873932002413630e-06,2.047875248971311645e-06,2.061380184027414624e-06,2.074662779477866759e-06,2.087837700180970397e-06,2.100918187079158283e-06,2.113899338848999894e-06,2.126727486181319127e-06,2.139393325119760757e-06,2.151843706390876721e-06,2.164038149462684286e-06,2.175928561195691237e-06,2.187509970757368344e-06,2.198671141359197917e-06
2.055000000000000071e+01,6.978846158745000139e-06,3.422632208889349025e-06,2.399460065932874169e-06,1.949557132472837793e-06,1.773987414246322007e-06,1.867120830450493043e-06,1.931416171246186050e-06,1.975587870885440412e-06,2.005895068613832956e-06,2.027612365654211547e-06,2.044695746742811591e-06,2.059445303030596779e-06,2.073091703986081638e-06,2.086277579701953062e-06,2.099276767299010744e-06,2.112195793373373142e-06,2.125050629307925850e-06,2.137825319799680986e-06,2.150471893594647195e-06,2.162967272616953549e-06,2.175260727089809740e-06,2.187306752033135228e-06,2.199062348384091795e-06,2.210517167705683442e-06,2.221557410524832543e-06
2.060000000000000142e+01,6.978846158745000139e-06,3.443219423884797238e-06,2.426831623803055676e-06,1.978433255166288254e-06,1.802110210368686816e-06,1.894979384911473342e-06,1.959118301479738934e-06,2.002934905888301882e-06,2.032804313104396936e-06,2.054067467094879753e-06,2.070712735009855718e-06,2.085060195104058292e-06,2.098351174948372197e-06,2.111217581404043121e-06,2.123933024013127792e-06,2.136595788975319451e-06,2.149224794301708527e-06,2.161792750309325798e-06,2.174257720919082023e-06,2.186582345044027256e-06,2.198718694183112494e-06,2.210616069892670460e-06,2.222236747798287979e-06,2.233564821724186345e-06,2.244484047756984988e-06
2.065000000000000213e+01,6.978846158745000986e-06,3.463891911988050778e-06,2.453533969226312988e-06,2.006313791725456943e-06,1.829118132006082024e-06,1.921627273551862390e-06,1.985569521324997616e-06,2.029023879629540597e-06,2.058453412214718883e-06,2.079263124662684910e-06,2.095480860117822829e-06,2.109434651808922917e-06,2.122379771925219376e-06,2.134933943576902788e-06,2.147373009738981825e-06,2.159790896624553881e-06,2.172194737083801630e-06,2.184562029815837171e-06,2.196844528970707418e-06,2.209002371656688305e-06,2.220984436354941822e-06,2.232736547372937954e-06,2.244224255716794476e-06,2.255426289765070233e-06,2.266225042089801161e-06
2.070000000000000284e+01,6.978846158745000139e-06,3.485408390776876447e-06,2.480536392619816456e-06,2.034166269121987437e-06,1.855938862246496152e-06,1.947957922453352217e-06,2.011663015459064256e-06,2.054731071240568524e-06,2.083705866739245835e-06,2.104052149004602206e-06,2.119838797238858248e-06,2.133396894144240117e-06,2.145993084568130175e-06,2.158231445890928707e-06,2.170388756279649074e-06,2.182560235312621579e-06,2.194738117862809806e-06,2.206900188698749496e-06,2.218997859513333538e-06,2.230986017877212624e-06,2.242807367298615624e-06,2.254416644810089382e-06,2.265766222705511158e-06,2.276836592256787908e-06,2.287518304143353154e-06
2.075000000000000000e+01,6.978846158745000139e-06,3.507085382588766219e-06,2.507843411098249443e-06,2.062307559613775037e-06,1.883006183606055987e-06,1.974512312014561435e-06,2.037980093526647720e-06,2.080663383587269212e-06,2.109179223916982812e-06,2.129068419494835776e-06,2.144420115878006376e-06,2.157580280757726807e-06,2.169823132339461598e-06,2.181743835681955638e-06,2.193618529785121015e-06,2.205539898454631371e-06,2.217494537566241029e-06,2.229449216673743992e-06,2.241362135453808717e-06,2.253175418199424867e-06,2.264838035815868821e-06,2.276301959089579803e-06,2.287511083839073575e-06,2.298448018141253545e-06,2.309013014437906957e-06
2.080000000000000071e+01,6.978846158745000139e-06,3.528642747462485637e-06,2.535130040736812576e-06,2.090463321229872006e-06,1.910096307397874227e-06,2.001100330317307355e-06,2.064334860272745572e-06,2.106638447561084472e-06,2.134697377461287564e-06,2.154134641742025036e-06,2.169051477249245554e-06,2.181814551022101596e-06,2.193703685024527940e-06,2.205307368898848838e-06,2.216902022588207453e-06,2.228573052739121595e-06,2.240305011106481818e-06,2.252053498019954067e-06,2.263781633552706793e-06,2.275419733193488332e-06,2.286926169188251409e-06,2.298243350009825788e-06,2.309312728834422817e-06,2.320117157525503379e-06,2.330564244832347588e-06
2.085000000000000142e+01,6.978846158745000139e-06,3.551728384560932179e-06,2.563253615583317780e-06,2.119115693246168348e-06,1.937535466503651072e-06,2.027902622949548580e-06,2.090843019415481353e-06,2.132713961350393879e-06,2.160297576892274231e-06,2.179246043281544939e-06,2.193711176381111621e-06,2.206069363895246353e-06,2.217591776178017504e-06,2.228864149114854522e-06,2.240171636731556714e-06,2.251581816758020656e-06,2.263071632692005581e-06,2.274608699096019340e-06,2.286138995314064692e-06,2.297606829980413455e-06,2.308939957471946460e-06,2.320108641510115357e-06,2.331036273794322908e-06,2.341703394550962098e-06,2.352025284627295148e-06
2.090000000000000213e+01,6.978846158744999292e-06,3.576391974254720673e-06,2.593187059398001903e-06,2.149366841849079813e-06,1.966312593970090283e-06,2.055904487747656875e-06,2.118517607561567752e-06,2.159929482305104940e-06,2.187004004848990548e-06,2.205449203594976231e-06,2.219436580485952551e-06,2.231367072184213912e-06,2.242499846751133353e-06,2.253426637306693113e-06,2.264432026741554263e-06,2.275565922881489948e-06,2.286810585022423111e-06,2.298127308552954570e-06,2.309450534239691691e-06,2.320723486913821427e-06,2.331886821031599425e-06,2.342885923104129060e-06,2.353669057328973937e-06,2.364191402327355470e-06,2.374375515654942703e-06
2.095000000000000284e+01,6.978846158744999292e-06,3.601006704215154082e-06,2.623073790098343416e-06,2.179578545763658067e-06,1.995055964702103171e-06,2.083877972400614183e-06,2.146165918036499625e-06,2.187120792670570389e-06,2.213686399897369130e-06,2.231627553015080412e-06,2.245138938807523001e-06,2.256641139633151588e-06,2.267385366585714549e-06,2.277967305748276026e-06,2.288669936598410564e-06,2.299529395520085192e-06,2.310529146502494041e-06,2.321625136602459862e-06,2.332742142251597906e-06,2.343821286966544041e-06,2.354814158536053479e-06,2.365645179851261275e-06,2.376283601146606719e-06,2.386660921808140123e-06,2.396708189659979506e-06
2.100000000000000000e+01,6.978846158745000139e-06,3.625679171320307423e-06,2.652594863147077447e-06,2.209303520327942173e-06,2.023321305173709369e-06,2.111371201441028723e-06,2.173315322346494397e-06,2.213811628044204663e-06,2.239859427027432254e-06,2.257289291241593895e-06,2.270329251058936140e-06,2.281404299200279152e-06,2.291761588618008598e-06,2.302013585085163008e-06,2.312406547162702548e-06,2.322996363009573244e-06,2.333750749273952438e-06,2.344624606468632909e-06,2.355539788168894618e-06,2.366433257614379418e-06,2.377254678163404737e-06,2.387923940851136037e-06,2.398414767675862069e-06,2.408647239018282414e-06,2.418560183490768032e-06
2.105000000000000071e+01,6.978846158745000139e-06,3.651438326778738164e-06,2.682800660813104011e-06,2.239464494225972363e-06,2.051916330782219198e-06,2.139096734422657789e-06,2.200652583249114086e-06,2.240662730505048164e-06,2.266169539810548847e-06,2.283071722032629319e-06,2.295622616767109008e-06,2.306259691021925286e-06,2.316218347191767104e-06,2.326134001998546012e-06,2.336211082435601874e-06,2.346518485775583529e-06,2.357020524121125672e-06,2.367662912797049892e-06,2.378366774597823922e-06,2.389077318351734469e-06,2.399718527526743162e-06,2.410225794707413535e-06,2.420557155047599725e-06,2.430646728080717753e-06,2.440422829580138877e-06
2.110000000000000142e+01,6.978846158744999292e-06,3.679516068397303279e-06,2.715733964693991100e-06,2.272034653045587989e-06,2.082554424600037323e-06,2.168637939661768588e-06,2.229767422189086136e-06,2.269239870157244270e-06,2.294167805692655674e-06,2.310509375525530545e-06,2.322541097005183947e-06,2.332707303116661893e-06,2.342246248873980713e-06,2.351788333030530038e-06,2.361530705268483253e-06,2.371543625700837006e-06,2.381766708857064512e-06,2.392164387770358076e-06,2.402647538511549402e-06,2.413150935406568651e-06,2.423596174369495956e-06,2.433927061125652590e-06,2.444092776815904568e-06,2.454024742748679184e-06,2.463644541302563674e-06
2.115000000000000213e+01,6.978846158745000139e-06,3.707152925463600265e-06,2.748210592887594490e-06,2.304235186784298140e-06,2.112880195692725538e-06,2.197919416593650535e-06,2.258639861730748379e-06,2.297580885835500003e-06,2.321938923104071983e-06,2.337729907077145898e-06,2.349249875874566672e-06,2.358944815588128878e-06,2.368076602677940894e-06,2.377245032414788395e-06,2.386659941473728384e-06,2.396377685368734500e-06,2.406331844580361188e-06,2.416486694756023790e-06,2.426747349057331121e-06,2.437047472763915261e-06,2.447296392674383378e-06,2.457456429344146098e-06,2.467452472224491315e-06,2.477233451513492634e-06,2.486708584343541803e-06
2.120000000000000284e+01,6.978846158744999292e-06,3.734756137336851698e-06,2.780391658210684315e-06,2.336047398805371574e-06,2.142804822435911073e-06,2.226798542374577888e-06,2.287097027422884164e-06,2.325500548107772543e-06,2.349290289170817672e-06,2.364530205210709783e-06,2.375542759700251195e-06,2.384769624529898675e-06,2.393498042061360261e-06,2.402295524174673150e-06,2.411386903473250791e-06,2.420813054823556897e-06,2.430503192272536660e-06,2.440418122701358370e-06,2.450457195133178490e-06,2.460552921488275956e-06,2.470614973586083384e-06,2.480602634952156132e-06,2.490431196609012445e-06,2.500059394340651962e-06,2.509393378537779072e-06
2.125000000000000000e+01,6.978846158745000139e-06,3.762277006242257970e-06,2.811849365403264917e-06,2.366909235458871087e-06,2.171747691808100127e-06,2.254692957268591985e-06,2.314537855322250958e-06,2.352388993530968436e-06,2.375614359260123671e-06,2.390302027544420743e-06,2.400817785427677509e-06,2.409584386258441700e-06,2.417918707666036363e-06,2.426351866746418838e-06,2.435129342900985257e-06,2.444272673140622204e-06,2.453710786386621689e-06,2.463392916508661206e-06,2.473212645383034561e-06,2.483101223119268892e-06,2.492999538290713474e-06,2.502811091548870246e-06,2.512477535652753250e-06,2.521948558970326756e-06,2.531150002233810856e-06
2.130000000000000071e+01,6.978846158745000139e-06,3.793850180296542336e-06,2.847993998214705195e-06,2.402067883445320278e-06,2.204641063369553293e-06,2.286217478786901552e-06,2.345541658288635321e-06,2.382768937641349369e-06,2.405348277004771521e-06,2.419412326047164598e-06,2.429354786145193387e-06,2.437612139603999135e-06,2.445479222687682268e-06,2.453502326913404821e-06,2.461909954942566821e-06,2.470719480806793222e-06,2.479860121420585145e-06,2.489268625553094347e-06,2.498838701484441225e-06,2.508499604067088439e-06,2.518183585420526390e-06,2.527798677842203095e-06,2.537277523554082507e-06,2.546576124014054922e-06,2.555609353044407060e-06
2.135000000000000142e+01,6.978846158745000139e-06,3.826914495044672843e-06,2.885739381639624419e-06,2.438645752187252924e-06,2.238795544986301250e-06,2.318897170548632184e-06,2.377666698604651314e-06,2.414240952143709737e-06,2.436141274712746744e-06,2.449557696147775147e-06,2.458900995805872001e-06,2.466626470375303264e-06,2.474007164118547441e-06,2.481604329798090557e-06,2.489625827055352375e-06,2.498085491875926776e-06,2.506916296774236727e-06,2.516039060732332776e-06,2.525349453484470572e-06,2.534773083060135679e-06,2.544230226223395502e-06,2.553641045908073656e-06,2.562924150777027576e-06,2.572044449970263416e-06,2.580901082613187946e-06
2.140000000000000213e+01,6.978846158745000139e-06,3.859978809792802503e-06,2.923484765064543220e-06,2.475223620929185569e-06,2.272950026603048782e-06,2.351576862310363238e-06,2.409791738920666884e-06,2.445712966646069682e-06,2.466934272420721543e-06,2.479703066248386119e-06,2.488447205466549768e-06,2.495640801146606546e-06,2.502535105549412614e-06,2.509706332682775868e-06,2.517341699168137506e-06,2.525451502945059906e-06,2.533972472127888309e-06,2.542809495911571205e-06,2.551860205484499072e-06,2.561046562053182071e-06,2.570276867026264614e-06,2.579483413973944641e-06,2.588570777999972644e-06,2.597512775926471487e-06,2.606192812181968408e-06
2.145000000000000284e+01,6.978846158745000139e-06,3.894034049391018850e-06,2.962256140492072916e-06,2.512451442987340479e-06,2.307519126731963162e-06,2.384531091572270724e-06,2.442158330256533592e-06,2.477397752752109869e-06,2.497926293962078895e-06,2.510031926374043909e-06,2.518170346756230685e-06,2.524819840684960314e-06,2.531221976333096234e-06,2.537958874857011195e-06,2.545201983621089761e-06,2.552961892155079655e-06,2.561163279292060800e-06,2.569707944749809823e-06,2.578491969813162586e-06,2.587434653944042168e-06,2.596436504505602541e-06,2.605431801675662644e-06,2.614318828264153376e-06,2.623075182297657859e-06,2.631576653141716916e-06
2.150000000000000000e+01,6.978846158745000986e-06,3.929139885846681372e-06,3.002062774257429281e-06,2.550435360363905381e-06,2.342637863623879201e-06,2.417935186801203930e-06,2.474937460553060584e-06,2.509468785472310677e-06,2.529283568624489202e-06,2.540712301117085497e-06,2.548232738223644201e-06,2.554322147848261381e-06,2.560228273467278039e-06,2.566521612482940024e-06,2.573367665430051459e-06,2.580773755174070469e-06,2.588648111582878747e-06,2.596894616650895293e-06,2.605407121989397130e-06,2.614097190126246303e-06,2.622870087027265916e-06,2.631646341856647405e-06,2.640331105191869497e-06,2.648893607375579444e-06,2.657215499128549265e-06
2.155000000000000071e+01,6.978846158745000139e-06,3.964338706660553462e-06,3.041925842240557337e-06,2.588531096343124587e-06,2.377878993128442443e-06,2.451485509440130606e-06,2.507857937053562491e-06,2.541681665320927268e-06,2.560776531671819736e-06,2.571528978198794977e-06,2.578426787506951369e-06,2.583952672084938351e-06,2.589363979689451813e-06,2.595212717315842935e-06,2.601662427509398607e-06,2.608711746281341304e-06,2.616260345687674588e-06,2.624208990782211217e-06,2.632451282518075297e-06,2.640886496485782845e-06,2.649431209257412485e-06,2.657987467109389398e-06,2.666471771956627992e-06,2.674839412264369597e-06,2.682982354854756323e-06
2.160000000000000142e+01,6.978844267020932469e-06,4.000463676452716257e-06,3.082773975932577434e-06,2.627435054294782215e-06,2.413821967172495123e-06,2.485669426624159552e-06,2.541391874252724022e-06,2.574481104224182241e-06,2.592836278932485516e-06,2.602893717062918104e-06,2.609152107915208466e-06,2.614105492402391160e-06,2.619007296456056974e-06,2.624399821921080045e-06,2.630444643524646804e-06,2.637127975143880474e-06,2.644342356969293838e-06,2.651988088082597748e-06,2.659951023391188876e-06,2.668127816036885766e-06,2.676436768231258502e-06,2.684766961045442060e-06,2.693044217323790709e-06,2.701214953933348992e-06,2.709174421558927080e-06
2.165000000000000213e+01,6.978840972507847889e-06,4.037275422735458665e-06,3.124352575226137169e-06,2.666938341148000685e-06,2.450285386999097594e-06,2.520323179491578267e-06,2.575380717083279621e-06,2.607715500114385383e-06,2.625316319344764532e-06,2.634664865647691235e-06,2.640271387100392482e-06,2.644645616142733032e-06,2.649027026733292049e-06,2.653954730185292504e-06,2.659588326119532572e-06,2.665898836419694425e-06,2.672772726807058510e-06,2.680111796190345653e-06,2.687788595301708207e-06,2.695704321438943256e-06,2.703771894817095162e-06,2.711871522884133479e-06,2.719936843785158803e-06,2.727909162603738143e-06,2.735681799201237727e-06
2.170000000000000284e+01,6.978838418966901894e-06,4.075729663610863568e-06,3.167662591980729586e-06,2.707614289433701811e-06,2.487613142155169383e-06,2.555648858422604780e-06,2.609983356773866850e-06,2.641521161650362519e-06,2.658335145914594344e-06,2.666947956296571790e-06,2.671877395027240627e-06,2.675647872488623519e-06,2.679492713976825144e-06,2.683938605864512325e-06,2.689144202132916675e-06,2.695067718336016950e-06,2.701591451618127490e-06,2.708611633313007844e-06,2.715992498376471012e-06,2.723638714501064136e-06,2.731453294941264729e-06,2.739317643797770273e-06,2.747163898432155623e-06,2.754927705467507659e-06,2.762505073244349841e-06
2.175000000000000000e+01,6.978836241846412560e-06,4.115018306392020937e-06,3.211852184251488197e-06,2.748885960188406759e-06,2.525379987369339325e-06,2.591315881788191666e-06,2.644897810745026645e-06,2.675617031230647816e-06,2.691627680658965187e-06,2.699491118081049532e-06,2.703730665496956568e-06,2.706884896320811745e-06,2.710184951337614680e-06,2.714140400817369005e-06,2.718909476080071286e-06,2.724438798288454996e-06,2.730607464220146116e-06,2.737302547330688500e-06,2.744382500950706793e-06,2.751754917687209162e-06,2.759310605112009335e-06,2.766937279768523107e-06,2.774560845580882310e-06,2.782111012994896247e-06,2.789488825477177863e-06
2.180000000000000071e+01,6.978834064725924073e-06,4.154306949173182541e-06,3.256041776522248926e-06,2.790157630943114671e-06,2.563146832583511384e-06,2.626982905153780246e-06,2.679812264716188135e-06,2.709712900810935229e-06,2.724920215403338571e-06,2.732034279865529391e-06,2.735583935966674626e-06,2.738121920153002513e-06,2.740877188698405909e-06,2.744342195770228225e-06,2.748674750027228437e-06,2.753809878240895159e-06,2.759623476822166859e-06,2.765993461348370850e-06,2.772772503524943845e-06,2.779871120873355459e-06,2.787167915282755211e-06,2.794556915739277635e-06,2.801957792729610268e-06,2.809294320522286953e-06,2.816472577710007578e-06
2.185000000000000142e+01,6.978832971071824431e-06,4.193124969165905777e-06,3.299808218530608649e-06,2.831009119451580605e-06,2.600547730954751451e-06,2.662268773002925677e-06,2.714360031352830907e-06,2.743457339702100540e-06,2.757874853491065273e-06,2.764246452767217973e-06,2.767112560093221881e-06,2.769036065809301380e-06,2.771247531877368565e-06,2.774225096875428488e-06,2.778123418112678843e-06,2.782865916717240069e-06,2.788326795272904224e-06,2.794373713842814429e-06,2.800853536813042950e-06,2.807680916521597853e-06,2.814719891338449560e-06,2.821876243511676871e-06,2.829054826551233770e-06,2.836179536315657350e-06,2.843157858244849659e-06
2.190000000000000213e+01,6.978832971071824431e-06,4.230540716505158888e-06,3.342211137501833574e-06,2.870601804941548135e-06,2.636846289490002620e-06,2.696513263373497776e-06,2.747920626381431694e-06,2.776265628014088104e-06,2.789938423216882261e-06,2.795603104014378599e-06,2.797818323137378792e-06,2.799152905290863038e-06,2.800842338046103146e-06,2.803354568304188238e-06,2.806836894832518365e-06,2.811203152169219262e-06,2.816326693123202413e-06,2.822064026816768247e-06,2.828257933120829106e-06,2.834826029286889029e-06,2.841618043974543962e-06,2.848554327347021087e-06,2.855518957159676369e-06,2.862441668563158607e-06,2.869227028844214647e-06
2.195000000000000284e+01,6.978832971071824431e-06,4.260753628606871854e-06,3.377339992680081122e-06,2.903710636313670571e-06,2.667451154763621726e-06,2.725656880601222161e-06,2.776687980435824758e-06,2.804557384633913318e-06,2.817729544225507017e-06,2.822909273974741137e-06,2.824677584466802646e-06,2.825607893258230105e-06,2.826936683485533862e-06,2.829131786198753789e-06,2.832321855671360166e-06,2.836426912423939848e-06,2.841314203136834119e-06,2.846830736961856845e-06,2.852828793757568241e-06,2.859210380592178991e-06,2.865831376333679361e-06,2.872605901151652301e-06,2.879418273598700271e-06,2.886200983956375017e-06,2.892850534130976067e-06
2.200000000000000000e+01,6.978832971071824431e-06,4.290966540708583126e-06,3.412468847858326553e-06,2.936819467685790890e-06,2.698056020037238291e-06,2.754800497828944427e-06,2.805455334490216127e-06,2.832849141253735991e-06,2.845520665234130080e-06,2.850215443935101982e-06,2.851536845796224807e-06,2.852062881225595055e-06,2.853031028924962038e-06,2.854909004093317645e-06,2.857806816510200273e-06,2.861650672678657893e-06,2.866301713150464978e-06,2.871597447106943324e-06,2.877399654394305258e-06,2.883594731897467682e-06,2.890044708692813912e-06,2.896657474956282245e-06,2.903317590037721633e-06,2.909960299349589309e-06,2.916474039417736641e-06
2.205000000000000071e+01,6.978832971071824431e-06,4.321073663075987200e-06,3.447499388218058392e-06,2.969779315578179989e-06,2.728525964131918141e-06,2.783792180871749304e-06,2.834079374286566105e-06,2.861003117571096282e-06,2.873174315070151667e-06,2.877385539922090155e-06,2.878260839105433122e-06,2.878384776690568688e-06,2.878990429785604207e-06,2.880551027440260530e-06,2.883158659066893841e-06,2.886739570161637605e-06,2.891154939893203516e-06,2.896231443376133591e-06,2.901838709985382675e-06,2.907846428244822375e-06,2.914128678947482404e-06,2.920578238174757804e-06,2.927088657084817366e-06,2.933590812274178087e-06,2.939967002278850193e-06
2.210000000000000142e+01,6.978832971071824431e-06,4.351074594854085025e-06,3.482431241227984461e-06,3.002589615467513034e-06,2.758860475808745627e-06,2.812631354025596484e-06,2.862559556783178266e-06,2.889018791513380608e-06,2.900689972832303541e-06,2.904419046328660580e-06,2.904849051841272984e-06,2.904573075343396427e-06,2.904814374739878582e-06,2.906057343964827662e-06,2.908376878934002219e-06,2.911693093855276952e-06,2.915873374543276007e-06,2.920732222894351638e-06,2.926145461099434342e-06,2.931964966982418265e-06,2.938082796923032700e-06,2.944367695143887549e-06,2.950730988781588366e-06,2.957092034676042550e-06,2.963328928067230675e-06
2.215000000000000213e+01,6.978832971071825278e-06,4.369775306050428176e-06,3.506637034469110881e-06,3.026635478620436927e-06,2.781849409622225922e-06,2.834988080125738997e-06,2.884989348665150216e-06,2.911356066682328094e-06,2.922870696234834383e-06,2.926418159388160856e-06,2.926665950874699810e-06,2.926208329860812978e-06,2.926283363675735931e-06,2.927371323537738836e-06,2.929556152487769481e-06,2.932745973689127057e-06,2.936809247659167147e-06,2.941564129657091030e-06,2.946876384437506910e-06,2.952606583216580144e-06,2.958638105709304103e-06,2.964836739570021351e-06,2.971126744115666423e-06,2.977404637918728627e-06,2.983569260815872289e-06
2.220000000000000284e+01,6.978832971071824431e-06,4.387028089117085602e-06,3.529301673970052478e-06,3.049346662805567548e-06,2.803669655033187258e-06,2.856296812969262293e-06,2.906419799963090610e-06,2.932743632383025951e-06,2.944149060073576234e-06,2.947553663720549011e-06,2.947655722260747934e-06,2.947048239865516986e-06,2.946985516679471500e-06,2.947945049403689567e-06,2.950017841675274516e-06,2.953101794274902097e-06,2.957065189519230628e-06,2.961733789464625119e-06,2.966959966824644565e-06,2.972615965589485724e-06,2.978571728168228040e-06,2.984699437818012706e-06,2.990924115755838358e-06,2.997132873947659393e-06,3.003238555980121825e-06
2.225000000000000000e+01,6.978832971071823584e-06,4.404453535924694475e-06,3.552002669186713468e-06,3.072029918492458054e-06,2.825428202231803806e-06,2.877538381818849382e-06,2.927771356561691701e-06,2.954048123319923688e-06,2.965341655633275101e-06,2.968598992410212540e-06,2.968553417744001286e-06,2.967795656423520819e-06,2.967594540500426500e-06,2.968427554391408029e-06,2.970388271550848276e-06,2.973366386373815566e-06,2.977229626184310298e-06,2.981812590318523473e-06,2.986953550120427553e-06,2.992535698791953194e-06,2.998414919784039924e-06,3.004474556011476257e-06,3.010631633475857499e-06,3.016775409565154902e-06,3.022824751976440723e-06
2.230000000000000071e+01,6.978832971071824431e-06,4.421290528031667038e-06,3.574435084609243514e-06,3.094735990465185090e-06,2.847376683880703627e-06,2.899051252582410218e-06,2.949406432921659639e-06,2.975647426569532487e-06,2.986830923056633872e-06,2.989954025019473445e-06,2.989758761936247497e-06,2.988858646621306293e-06,2.988526653950524567e-06,2.989234856520922218e-06,2.991080185733824932e-06,2.993959186060650539e-06,2.997723850094616143e-06,3.002217830272546737e-06,3.007274414779738012e-06,3.012778995092524284e-06,3.018582596192755650e-06,3.024570773752846254e-06,3.030661037692244093e-06,3.036741403978382797e-06,3.042730687445520418e-06
2.235000000000000142e+01,6.978832971071824431e-06,4.438073704583699111e-06,3.596883308943986708e-06,3.117518525085471106e-06,2.869439590033932821e-06,2.920700315399239053e-06,2.971177100851755125e-06,2.997381571230900809e-06,3.008453216515459560e-06,3.011441826476969737e-06,3.011096213776519556e-06,3.010054593151845607e-06,3.009592165251635076e-06,3.010174814608505829e-06,3.011904140223322460e-06,3.014683868268843647e-06,3.018350403319417347e-06,3.022754749851084472e-06,3.027726395457428251e-06,3.033152340558090465e-06,3.038879980711034229e-06,3.044796425636790161e-06,3.050819054068977659e-06,3.056836594028176208e-06,3.062764500842872006e-06
2.240000000000000213e+01,6.978832971071824431e-06,4.454914837293420514e-06,3.619496943364487866e-06,3.140555466829445231e-06,2.891823276043440656e-06,2.942714172408628133e-06,2.993303733019035886e-06,3.019463090233148147e-06,3.030414942954588366e-06,3.033261200678413361e-06,3.032764034166883466e-06,3.031579590799698404e-06,3.030984321533544840e-06,3.031438734056868527e-06,3.033051243171377292e-06,3.035727622124609600e-06,3.039297202382748009e-06,3.043610924880920821e-06,3.048495127380218604e-06,3.053840317577851719e-06,3.059490500566869967e-06,3.065335594595433936e-06,3.071286865496141745e-06,3.077242921620877797e-06,3.083106131227704980e-06
2.245000000000000284e+01,6.978832971071824431e-06,4.471354648005043127e-06,3.641796650668469439e-06,3.163374908869520083e-06,2.914087414944721316e-06,2.964650268594301378e-06,3.015345875568953967e-06,3.041457457520868258e-06,3.052286092727070141e-06,3.054984453210102933e-06,3.054338539442454290e-06,3.053004681542397304e-06,3.052272628007128846e-06,3.052609804508715911e-06,3.054103493412576173e-06,3.056674522645261235e-06,3.060150725958836027e-06,3.064370994826631592e-06,3.069167801874867473e-06,3.074432245391694001e-06,3.080007682771369048e-06,3.085778107876404294e-06,3.091654623378788702e-06,3.097548650632732837e-06,3.103343916772100666e-06
2.250000000000000000e+01,6.978832971071824431e-06,4.487794458716665741e-06,3.664096357972448895e-06,3.186194350909593664e-06,2.936351553846001130e-06,2.986586364779973776e-06,3.037388018118870777e-06,3.063451824808586676e-06,3.074157242499550645e-06,3.076707705741789540e-06,3.075913044718023421e-06,3.074429772285094510e-06,3.073560934480710734e-06,3.073780874960561601e-06,3.075155743653774207e-06,3.077621423165911599e-06,3.081004249534922775e-06,3.085131064772340669e-06,3.089840476369515071e-06,3.095024173205534589e-06,3.100524864975866858e-06,3.106220621157373805e-06,3.112022381261433117e-06,3.117854379644586606e-06,3.123581702316495080e-06
2.255000000000000071e+01,6.978832971071824431e-06,4.503882551585130469e-06,3.686053370945789575e-06,3.208711758864580468e-06,2.958342800461403780e-06,3.008224908357856587e-06,3.059141474845227452e-06,3.085158685098744210e-06,3.095761393888962454e-06,3.098170795318728208e-06,3.097235011987608038e-06,3.095617375457433879e-06,3.094617576451204923e-06,3.094717568668074347e-06,3.095984195282615968e-06,3.098343479018783283e-06,3.101628845207159278e-06,3.105664918809461296e-06,3.110293955330415575e-06,3.115392250663883998e-06,3.120821529417878943e-06,3.126450964144539870e-06,3.132181285644821231e-06,3.137941796822546551e-06,3.143609999343188335e-06
2.260000000000000142e+01,6.978832971071824431e-06,4.519961456553642622e-06,3.708068043418922516e-06,3.231328533022635622e-06,2.980465996710795732e-06,3.029982852364323959e-06,3.081019693421427255e-06,3.106989259527649608e-06,3.117491818674513064e-06,3.119763475760829489e-06,3.118686450722169355e-06,3.116935023792405101e-06,3.115808158415098701e-06,3.115778988489094082e-06,3.116941481891612909e-06,3.119192963083301583e-06,3.122377266053854639e-06,3.126323397738103762e-06,3.130873064509965160e-06,3.135884538786390831e-06,3.141241788723447515e-06,3.146802328472332744e-06,3.152463786939639505e-06,3.158151652396784594e-06,3.163758260284832500e-06
2.265000000000000213e+01,6.978832971071824431e-06,4.535925326340751004e-06,3.729975700557978949e-06,3.253881209590074289e-06,3.002557282275676721e-06,3.051726660671590909e-06,3.102877296991138014e-06,3.128804490681821706e-06,3.139193826753872660e-06,3.141331702447289630e-06,3.140112041497474908e-06,3.138212543942998552e-06,3.136958362250021402e-06,3.136800665228511233e-06,3.137854597087412109e-06,3.140000504990799990e-06,3.143089877633913575e-06,3.146944406719652568e-06,3.151408717522520416e-06,3.156341226141808144e-06,3.161620438149374430e-06,3.167102298572240003e-06,3.172698797761710370e-06,3.178322533309961991e-06,3.183858096083710312e-06
2.270000000000000284e+01,6.978832971071824431e-06,4.551914137642613748e-06,3.751919332650593574e-06,3.276548701017399586e-06,3.024798243634702870e-06,3.073660890505282372e-06,3.124904114923289872e-06,3.150776251378777365e-06,3.161045154562641632e-06,3.163050217726524283e-06,3.161684880331573528e-06,3.159652601025906409e-06,3.158268069070889041e-06,3.157992242252997840e-06,3.158923062044591583e-06,3.160973719060053742e-06,3.163960040399911786e-06,3.167729199909264785e-06,3.172110675527867499e-06,3.176962878071041128e-06,3.182159157275341368e-06,3.187568325904140716e-06,3.193094307994005201e-06,3.198645254129189685e-06,3.204115677834231277e-06
2.275000000000000000e+01,6.978832971071824431e-06,4.567686492318502210e-06,3.773559117705326025e-06,3.298890951781692591e-06,3.046721642241485210e-06,3.095271786758599077e-06,3.146606417967669454e-06,3.172425832014308935e-06,3.182582241540327489e-06,3.184452148783748807e-06,3.182947444808823922e-06,3.180779933412454276e-06,3.179265160662038442e-06,3.178871017428378409e-06,3.179686832640786257e-06,3.181640941947759484e-06,3.184531350068147369e-06,3.188210666442611316e-06,3.192507493397155435e-06,3.197280202326160881e-06,3.202397173484007171e-06,3.207733975846417483e-06,3.213187044562067783e-06,3.218671106186216167e-06,3.224076443313130680e-06
2.280000000000000071e+01,6.978832971071824431e-06,4.583239485426435762e-06,3.794934926837700057e-06,3.321019665154616254e-06,3.068476222715529248e-06,3.116730594971546335e-06,3.168147668831825226e-06,3.193901504124531190e-06,3.203947640666708906e-06,3.205674750702684726e-06,3.204029645271770535e-06,3.201729440071094278e-06,3.200089456100975587e-06,3.199577706473361032e-06,3.200291091377088545e-06,3.202139773785933472e-06,3.204942504888715897e-06,3.208526287541625930e-06,3.212740562817867202e-06,3.217433096703979763e-06,3.222477628128895345e-06,3.227741574140233784e-06,3.233119333014748695e-06,3.238540780301970751e-06,3.243881045609254003e-06
2.285000000000000142e+01,6.978832971071824431e-06,4.599183223924105923e-06,3.816830743448968816e-06,3.343750949644312038e-06,3.090879065847202880e-06,3.138858288256709872e-06,3.190348452631949868e-06,3.216025059090210441e-06,3.225942499062656727e-06,3.227528740656359563e-06,3.225736975077061645e-06,3.223293716825525708e-06,3.221527578199849666e-06,3.220894496086137628e-06,3.221496247422297626e-06,3.223240488259421865e-06,3.225948833805226266e-06,3.229440862795240425e-06,3.233565643319870809e-06,3.238177553172786218e-06,3.243148002548014414e-06,3.248334828616501510e-06,3.253641382453642518e-06,3.258992117805469614e-06,3.264263149180436093e-06
2.290000000000000213e+01,6.978832971071824431e-06,4.615221889220197623e-06,3.838848329766924668e-06,3.366614938303988122e-06,3.113420370334663255e-06,3.161126660882636116e-06,3.212688748490881866e-06,3.238287188283749352e-06,3.248072202612401050e-06,3.249518694141610168e-06,3.247579513051910150e-06,3.244990372648440641e-06,3.243097295658112788e-06,3.242341945520903527e-06,3.242829225932874365e-06,3.244470162701618983e-06,3.247082265433559049e-06,3.250483670401634541e-06,3.254516999882421846e-06,3.259048331988748055e-06,3.263943842717766194e-06,3.269052674250549195e-06,3.274289020567376250e-06,3.279567228354189402e-06,3.284768092685130817e-06
2.295000000000000284e+01,6.978832971071824431e-06,4.631257960356094337e-06,3.860863854956146165e-06,3.389458736558063143e-06,3.135918828701614353e-06,3.183345874758806679e-06,3.234984626540940942e-06,3.260508736234993501e-06,3.270166314232724456e-06,3.271471919877656396e-06,3.269384401896845731e-06,3.266652673748798460e-06,3.264631279069683824e-06,3.263756407466958610e-06,3.264129728237828282e-06,3.265665376442913211e-06,3.268181405017327853e-06,3.271492058466989727e-06,3.275438065423736625e-06,3.279888578573259617e-06,3.284706597036091836e-06,3.289739220980157302e-06,3.294906958348817523e-06,3.300112117932486903e-06,3.305242313657052981e-06
2.300000000000000000e+01,6.978832971071824431e-06,4.646904451693223284e-06,3.882332527819036832e-06,3.411764732817415235e-06,3.157912134379641065e-06,3.205079244861790499e-06,3.256783857036739299e-06,3.282230072688533098e-06,3.291761385545231275e-06,3.292927506012483458e-06,3.290693796363037944e-06,3.287828635857356901e-06,3.285675881604538649e-06,3.284684986258276476e-06,3.284947788628644785e-06,3.286380268958481721e-06,3.288804733175186615e-06,3.292022268565983903e-06,3.295882822814722256e-06,3.300257051003800355e-06,3.304993861213066247e-06,3.309953512663703251e-06,3.315050253765577700e-06,3.320187379110916478e-06,3.325254365327912400e-06
2.305000000000000071e+01,6.978832971071823584e-06,4.662839800392528638e-06,3.904179725672812530e-06,3.434568184472390599e-06,3.180494677144278449e-06,3.227444912477963835e-06,3.279179826498514640e-06,3.304525515561059160e-06,3.313917470990908480e-06,3.314932829241457531e-06,3.312548218696340115e-06,3.309543710886984724e-06,3.307258036990079771e-06,3.306145175278966558e-06,3.306299123845335812e-06,3.307626872306234136e-06,3.309950799810516089e-06,3.313076756385925631e-06,3.316848958196523592e-06,3.321139230881224344e-06,3.325793548727931946e-06,3.330677359988519497e-06,3.335699007656015572e-06,3.340764351648084197e-06,3.345763761791500992e-06
2.310000000000000142e+01,6.978832971071825278e-06,4.678775149091837381e-06,3.926026923526588227e-06,3.457371636127367233e-06,3.203077219908916681e-06,3.249810580094138019e-06,3.301575795960290405e-06,3.326820958433586069e-06,3.336073556436587379e-06,3.336938152470432452e-06,3.334402641029643557e-06,3.331258785916614242e-06,3.328840192375622164e-06,3.327605364299656640e-06,3.327650459062027263e-06,3.328873475653987397e-06,3.331096866445846410e-06,3.334131244205868629e-06,3.337815093578326198e-06,3.342021410758649179e-06,3.346593236242798491e-06,3.351401207313336166e-06,3.356347761546453445e-06,3.361341324185253610e-06,3.366273158255090432e-06
2.315000000000000213e+01,6.978832971071824431e-06,4.694710497791142735e-06,3.947874121380363924e-06,3.480175087782342597e-06,3.225659762673553642e-06,3.272176247710311355e-06,3.323971765422066170e-06,3.349116401306112979e-06,3.358229641882265008e-06,3.358943475699406525e-06,3.356257063362946152e-06,3.352973860946242488e-06,3.350422347761164133e-06,3.349065553320346299e-06,3.349001794278717867e-06,3.350120079001740236e-06,3.352242933081175884e-06,3.355185732025810357e-06,3.358781228960127534e-06,3.362903590636073591e-06,3.367392923757664190e-06,3.372125054638151988e-06,3.376996515436890894e-06,3.381918296722421752e-06,3.386782554718679447e-06
2.320000000000000284e+01,6.978832971071824431e-06,4.710670027508490256e-06,3.969753858425382276e-06,3.503011317961065220e-06,3.248273895536114843e-06,3.294571857206003131e-06,3.346399507493078062e-06,3.371443345257062671e-06,3.380416962681274716e-06,3.380979606229350513e-06,3.378142811191653777e-06,3.374719081100218961e-06,3.372035996541068757e-06,3.370556956372815725e-06,3.370383122459476759e-06,3.371396387313707278e-06,3.373418410515811980e-06,3.376270247393523394e-06,3.379777187638673602e-06,3.383814448153330756e-06,3.388222749380451897e-06,3.392878890463382531e-06,3.397675045245940351e-06,3.402524892216832085e-06,3.407320524095730276e-06
2.325000000000000000e+01,6.978832971071824431e-06,4.726298689678983912e-06,3.991176038683164798e-06,3.525438354631127803e-06,3.270538522914523733e-06,3.316652951228792123e-06,3.368494191428021649e-06,3.393423471230054678e-06,3.402254329698645741e-06,3.402662244975711537e-06,3.399681123043990719e-06,3.396118123514749724e-06,3.393305462935152636e-06,3.391711022435339813e-06,3.391417784695533030e-06,3.392329455345239113e-06,3.394257438308347341e-06,3.397017672219324345e-06,3.400439796720197839e-06,3.404389061040352638e-06,3.408721423305415060e-06,3.413301680294366559e-06,3.418019169923651425e-06,3.422800864769562713e-06,3.427518466937211963e-06
2.330000000000000071e+01,6.978832971071824431e-06,4.742133974418506786e-06,4.012854662891275398e-06,3.548162145996094204e-06,3.293127475026311067e-06,3.339069657347349446e-06,3.390916748051688691e-06,3.415723799264260521e-06,3.424403437094605810e-06,3.424653716182739560e-06,3.421523847146113164e-06,3.417819908780057125e-06,3.414874430857887576e-06,3.413161044675890285e-06,3.412752599767525632e-06,3.413558521653553268e-06,3.415388987302720593e-06,3.418056913594799474e-06,3.421389904645146650e-06,3.425254229714607324e-06,3.429505585725918017e-06,3.434007401053826534e-06,3.438648310023148253e-06,3.443357371928974051e-06,3.447998342632102128e-06
2.335000000000000142e+01,6.978832971071824431e-06,4.758314371355748302e-06,4.034975138589920049e-06,3.571363781895448957e-06,3.316211278373696270e-06,3.361984684462024375e-06,3.413834430224147357e-06,3.438513359734087092e-06,3.447032322074775568e-06,3.447122068865509280e-06,3.443837108837277984e-06,3.439989045689363334e-06,3.436907438523934089e-06,3.435068998892354218e-06,3.434551702020514754e-06,3.435245884870077489e-06,3.436972808671336205e-06,3.439548218919351832e-06,3.442785878448775111e-06,3.446568734039001253e-06,3.450732926489093827e-06,3.455153129145509342e-06,3.459720597782521391e-06,3.464350664086835272e-06,3.468918190078176973e-06
2.340000000000000213e+01,6.978832971071823584e-06,4.774486151919253557e-06,4.057083047776528147e-06,3.594553346026341267e-06,3.339284123771466228e-06,3.384889565527108743e-06,3.436741448300402842e-06,3.461292076897612097e-06,3.469650375515908373e-06,3.469579595948425316e-06,3.466139617663294323e-06,3.462147429456179182e-06,3.458929927198361845e-06,3.456966481925117061e-06,3.456340156098829080e-06,3.456922756416836619e-06,3.458546174912053739e-06,3.461029002225383975e-06,3.464171594656733749e-06,3.467872840358714663e-06,3.471949902652820706e-06,3.476288584862485112e-06,3.480782589346808785e-06,3.485333690706155202e-06,3.489827864388286987e-06
2.345000000000000284e+01,6.978832971071825278e-06,4.790294618534294267e-06,4.078661083347329228e-06,3.617233897665525963e-06,3.361894921437371868e-06,3.407366633053590252e-06,3.459198809129088748e-06,3.483613580325132022e-06,3.491811711393990590e-06,3.491580655897036666e-06,3.487988726252303452e-06,3.483852401291692980e-06,3.480508877036653530e-06,3.478422441967784696e-06,3.477679624269201003e-06,3.478157241167824976e-06,3.479678695164120487e-06,3.482066119064350048e-06,3.485124793926740374e-06,3.488738509320404171e-06,3.492729850007782222e-06,3.496990900475565971e-06,3.501410436408411128e-06,3.505883865472154365e-06,3.510308583048519304e-06
2.350000000000000000e+01,6.978832971071825278e-06,4.806110713339443193e-06,4.100219875634672822e-06,3.639919340891841348e-06,3.384538158562174589e-06,3.429891513410600067e-06,3.481693261487296851e-06,3.505965508528379369e-06,3.514001719813206404e-06,3.513608552847214440e-06,3.509864906937342349e-06,3.505584582178797776e-06,3.502112712769724093e-06,3.499903031162254484e-06,3.499043352144794783e-06,3.499417651159294373e-06,3.500838838238724027e-06,3.503127920414205492e-06,3.506101831165615436e-06,3.509627183230837085e-06,3.513534181339626876e-06,3.517716643980079087e-06,3.522058523830913185e-06,3.526455586332020467e-06,3.530809759960747619e-06
2.355000000000000071e+01,6.978832971071824431e-06,4.821929858063027769e-06,4.121770974033409549e-06,3.662606739882443452e-06,3.407194365697205482e-06,3.452435510390455542e-06,3.504202543856042266e-06,3.528329601227145304e-06,3.536203192145953788e-06,3.535647179821772535e-06,3.531751911642707796e-06,3.527327641844077530e-06,3.523726498431703488e-06,3.521393467634134590e-06,3.520416779584918797e-06,3.520688426632977733e-06,3.522010025526241832e-06,3.524199591175254469e-06,3.527088399349537069e-06,3.530525055026520024e-06,3.534348261922549142e-06,3.538451754471645932e-06,3.542714703795549071e-06,3.547035921794822952e-06,3.551319116532770683e-06
2.360000000000000142e+01,6.978832971071824431e-06,4.837789485831735058e-06,4.143343577354047697e-06,3.685334314558386418e-06,3.429910732056456805e-06,3.475052026676471239e-06,3.526777614639815819e-06,3.550753170581082508e-06,3.558459746093839592e-06,3.557738231463219583e-06,3.553690308660754261e-06,3.549122863491679824e-06,3.545389351474246111e-06,3.542933553649877187e-06,3.541842193975189638e-06,3.542008200162401018e-06,3.543230686521828145e-06,3.545321133264487804e-06,3.548121606189927855e-06,3.551470113543282390e-06,3.555209922563431558e-06,3.559233060870262632e-06,3.563417366433958851e-06,3.567661414076340280e-06,3.571872104954116206e-06
2.365000000000000213e+01,6.978832971071824431e-06,4.853717110102606422e-06,4.164952300968109651e-06,3.708129369486047238e-06,3.452728143601597648e-06,3.497790348502147311e-06,3.549463185562381842e-06,3.573276638658047521e-06,3.580808816727455070e-06,3.579917337102697576e-06,3.575715025704623943e-06,3.571005697924660559e-06,3.567134619518884357e-06,3.564557032486155537e-06,3.563354927161697029e-06,3.563410272253925275e-06,3.564534444999028282e-06,3.566526440689665506e-06,3.569233148676659923e-06,3.572494428251673611e-06,3.576151500056026987e-06,3.580091959260395700e-06,3.584198102725629009e-06,3.588362753066327881e-06,3.592498378700907648e-06
2.370000000000000284e+01,6.978832971071824431e-06,4.869644734373477786e-06,4.186561024582171605e-06,3.730924424413708481e-06,3.475545555146738491e-06,3.520528670327824229e-06,3.572148756484948288e-06,3.595800106735012534e-06,3.603157887361070125e-06,3.602096442742176415e-06,3.597739742748494896e-06,3.592888532357640871e-06,3.588879887563523873e-06,3.586180511322434734e-06,3.584867660348205266e-06,3.584812344345449956e-06,3.585838203476228842e-06,3.587731748114844056e-06,3.590344691163392838e-06,3.593518742960064408e-06,3.597093077548622839e-06,3.600950857650528344e-06,3.604978839017300015e-06,3.609064092056315482e-06,3.613124652447699513e-06
2.375000000000000000e+01,6.978832971071824431e-06,4.885583669743632478e-06,4.208172978176781518e-06,3.753729217136948024e-06,3.498378825397975878e-06,3.543288037716021659e-06,3.594851307943577083e-06,3.618339378721174923e-06,3.625522250666370439e-06,3.624290324468513638e-06,3.619778053846990976e-06,3.614784888435897471e-06,3.610639252982436117e-06,3.607818569985695119e-06,3.606393602463398364e-06,3.606228076943454177e-06,3.607154781337480937e-06,3.608950305489573742e-06,3.611469829805340074e-06,3.614556410382105604e-06,3.618047742569198190e-06,3.621822561986182872e-06,3.625772038809379450e-06,3.629778233598282754e-06,3.633763450103944095e-06
2.380000000000000071e+01,6.978832971071823584e-06,4.901777899320247698e-06,4.230045522811870821e-06,3.776850400995483799e-06,3.521572269621414260e-06,3.566439176641390375e-06,3.617920578471404771e-06,3.641233038435109983e-06,3.648235302538245406e-06,3.646828155327212351e-06,3.642151812816463682e-06,3.637013191228034573e-06,3.632732865927983954e-06,3.629790982970460539e-06,3.628244898078976792e-06,3.627971125145203475e-06,3.628792147224231522e-06,3.630491575676083747e-06,3.632916448642739117e-06,3.635913713843140275e-06,3.639319195901688487e-06,3.643009001254963307e-06,3.646874936062146281e-06,3.650803840882069414e-06,3.654711829975797154e-06
2.385000000000000142e+01,6.978832971071824431e-06,4.918248550208697820e-06,4.252249105869626981e-06,3.800339319519632551e-06,3.545156277520144361e-06,3.589992831596750249e-06,3.641382609684104784e-06,3.664509811869981967e-06,3.671326818195289784e-06,3.669741120569514325e-06,3.664896235528324786e-06,3.659607880658271097e-06,3.655192571704956734e-06,3.652126796280112470e-06,3.650455562563783840e-06,3.650073523241815825e-06,3.650785039472620978e-06,3.652388426640156702e-06,3.654714957546384819e-06,3.657621861304463802e-06,3.660939226992443685e-06,3.664542915389169449e-06,3.668320554827087346e-06,3.672172551813912505e-06,3.676002421466692531e-06
2.390000000000000213e+01,6.978832971071824431e-06,4.934719201097148789e-06,4.274452688927384835e-06,3.823828238043780456e-06,3.568740285418874462e-06,3.613546486552110123e-06,3.664844640896803951e-06,3.687786585304853950e-06,3.694418333852334584e-06,3.692654085811815452e-06,3.687640658240185466e-06,3.682202570088507620e-06,3.677652277481929514e-06,3.674462609589764825e-06,3.672666227048590888e-06,3.672175921338429021e-06,3.672777931721010858e-06,3.674285277604229657e-06,3.676513466450030521e-06,3.679330008765787328e-06,3.682559258083199729e-06,3.686076829523376438e-06,3.689766173592028410e-06,3.693541262745755174e-06,3.697293012957588332e-06
2.395000000000000284e+01,6.978832971071824431e-06,4.950264915281384934e-06,4.295349510794489384e-06,3.845953305631273773e-06,3.590981099926622441e-06,3.635773826177868991e-06,3.686977967399292001e-06,3.709739004269426633e-06,3.716181579486933703e-06,3.714255028931995942e-06,3.709085016959817556e-06,3.703500845335727210e-06,3.698830684668690141e-06,3.695515885167194929e-06,3.693613395482513674e-06,3.693013143979578329e-06,3.693516144644221487e-06,3.694933677242389553e-06,3.697074249081303952e-06,3.699794136698392257e-06,3.702941119348354078e-06,3.706382728553921241e-06,3.709989943603223932e-06,3.713685832103545938e-06,3.717360919610422321e-06
2.400000000000000000e+01,6.978832971071824431e-06,4.965696281070033649e-06,4.316043903919978966e-06,3.867877255592685925e-06,3.613041897319745420e-06,3.657832472337400327e-06,3.708936319971181619e-06,3.731512609724646932e-06,3.737763003818057400e-06,3.735674598966506570e-06,3.730349820961404819e-06,3.724620194855483873e-06,3.719830783736334118e-06,3.716390201116916417e-06,3.714384553429325575e-06,3.713673677360508900e-06,3.714079083538946078e-06,3.715405876110694253e-06,3.717460279223753067e-06,3.720082172953227467e-06,3.723147625269637531e-06,3.726513257185672948e-06,3.730040223824474954e-06,3.733655624017038383e-06,3.737253300942464964e-06
2.405000000000000071e+01,6.978832971071824431e-06,4.982306225706033045e-06,4.338211127952369593e-06,3.891389551387760274e-06,3.636750813619954679e-06,3.681559664787634595e-06,3.732541993164297307e-06,3.754904647498263170e-06,3.760956720659465325e-06,3.758678345748761683e-06,3.753188443601813120e-06,3.747307982317846197e-06,3.742375504083453525e-06,3.738807476935214697e-06,3.736680283097604341e-06,3.735857699694920296e-06,3.736153530115569706e-06,3.737372830501922406e-06,3.739328898155624873e-06,3.741856905318577952e-06,3.744834108810003819e-06,3.748105787554672836e-06,3.751548720516963811e-06,3.755081582013039808e-06,3.758595245117925948e-06
2.410000000000000142e+01,6.978832971071824431e-06,4.998916170342031595e-06,4.360378351984759373e-06,3.914901847182834622e-06,3.660459729920163938e-06,3.705286857237869286e-06,3.756147666357412995e-06,3.778296685271879408e-06,3.784150437500873674e-06,3.781682092531017221e-06,3.776027066242220575e-06,3.769995769780208520e-06,3.764920224430572931e-06,3.761224752753513402e-06,3.758976012765883955e-06,3.758041722029331692e-06,3.758227976692193333e-06,3.759339784893150559e-06,3.761197517087495833e-06,3.763631637683927590e-06,3.766520592350369684e-06,3.769698317923672723e-06,3.773057217209451397e-06,3.776507540009040385e-06,3.779937189293386933e-06
2.415000000000000213e+01,6.978832971071824431e-06,5.015452088507650071e-06,4.382442849244901436e-06,3.938306793271426228e-06,3.684060891697685499e-06,3.728906596599991332e-06,3.779645968362708486e-06,3.801582597099494213e-06,3.807238563861295678e-06,3.804581451171331169e-06,3.798762186755596798e-06,3.792580534651278785e-06,3.787363120355231631e-06,3.783540645460382544e-06,3.781170455193658816e-06,3.780124887594274705e-06,3.780203078602221979e-06,3.781207808745219433e-06,3.782967335608840314e-06,3.785308320819569703e-06,3.788108735194640781e-06,3.791193299732625218e-06,3.794468558460399597e-06,3.797836430597987148e-06,3.801182464133489050e-06
2.420000000000000284e+01,6.978832971071824431e-06,5.030861960125607840e-06,4.402944728070724137e-06,3.960078799605403524e-06,3.706022955897747471e-06,3.750891823627761146e-06,3.801511003852087766e-06,3.823254184287564427e-06,3.828720510756870041e-06,3.825892919611742775e-06,3.819922894599802544e-06,3.813598181265057224e-06,3.808257123852756801e-06,3.804314358700499989e-06,3.801824176486058627e-06,3.800673880092666673e-06,3.800667008653414402e-06,3.801570960198176337e-06,3.803234261170278975e-06,3.805493537510200963e-06,3.808200977980944056e-06,3.811204430985048718e-06,3.814402029039258189e-06,3.817688789642964694e-06,3.820957262659013343e-06
2.425000000000000000e+01,6.978832971071824431e-06,5.046914275248340871e-06,4.424167471333246672e-06,3.982633194407750352e-06,3.728812959235717288e-06,3.773755742152617494e-06,3.824226584614195907e-06,3.845746578379300147e-06,3.851007060528576347e-06,3.847997763316522532e-06,3.841864244532794638e-06,3.835391688869210040e-06,3.829917790981404464e-06,3.825850500533514380e-06,3.823242738798985752e-06,3.821982406034126026e-06,3.821874834542586194e-06,3.822678996563190817e-06,3.824243111537134886e-06,3.826413907827100629e-06,3.829029413122094682e-06,3.831947495936946895e-06,3.835061928472286821e-06,3.838265233144138475e-06,3.841457379981104774e-06
2.430000000000000071e+01,6.978832971071824431e-06,5.063579165480147209e-06,4.446118550879715117e-06,4.005970739277538079e-06,3.752421916607509125e-06,3.797474509817076173e-06,3.847774712788722766e-06,3.869051072869333959e-06,3.874090961772700329e-06,3.870890857967246239e-06,3.864582037551214503e-06,3.857957927894890000e-06,3.852342334292728645e-06,3.848147130570645378e-06,3.845421266272102895e-06,3.844045165528741892e-06,3.843825340213326478e-06,3.844529292677036983e-06,3.845990613882948670e-06,3.848067251413581148e-06,3.850590480851706252e-06,3.853419796072005899e-06,3.856447950087528700e-06,3.859564572124715530e-06,3.862680150123331893e-06
2.435000000000000142e+01,6.978832971071824431e-06,5.080232818941532510e-06,4.468014352240541907e-06,4.029248859275013594e-06,3.775996359879879996e-06,3.821165764296431723e-06,3.871289314764042021e-06,3.892319634943962161e-06,3.897133719614980173e-06,3.893739840358046101e-06,3.887255452898642461e-06,3.880479084440275327e-06,3.874721104604215539e-06,3.870396919676502956e-06,3.867551862586026637e-06,3.866058845301212357e-06,3.865728437423661133e-06,3.866330792789712150e-06,3.867691125852057690e-06,3.869672033463864958e-06,3.872101478043602098e-06,3.874843448934834478e-06,3.877783556794315755e-06,3.880814903080669438e-06,3.883849219573261641e-06
2.440000000000000213e+01,6.978832971071824431e-06,5.096472243637693451e-06,4.489342985020284658e-06,4.051929758561136314e-06,3.798996881425725939e-06,3.844274907247234000e-06,3.894224026855164079e-06,3.915013983368656907e-06,3.919608048313725013e-06,3.916022556444897647e-06,3.909364379723082233e-06,3.902437004337919646e-06,3.896540092789623641e-06,3.892092390043572328e-06,3.889126078869587428e-06,3.887521335019783769e-06,3.887085167101101534e-06,3.887586026037098961e-06,3.888848092260691653e-06,3.890735484418758948e-06,3.893075745727859270e-06,3.895730044024962867e-06,3.898579159070488103e-06,3.901527289706471254e-06,3.904480140903625771e-06
2.445000000000000284e+01,6.978832971071823584e-06,5.112173660763612595e-06,4.510006036651617679e-06,4.073912938688341536e-06,3.821278277154841037e-06,3.866641755680844574e-06,3.916430379605917054e-06,3.936992141175474663e-06,3.941384697995783730e-06,3.937616862011084031e-06,3.930788541105654188e-06,3.923713259349211505e-06,3.917683796695699366e-06,3.913122015355757848e-06,3.910034498816901694e-06,3.908327278987030954e-06,3.907788367672105324e-06,3.908190856374001455e-06,3.909354633626405714e-06,3.911154782406868473e-06,3.913414753872292453e-06,3.915978178803153787e-06,3.918736667850760299e-06,3.921601557235777021e-06,3.924482121740037563e-06
2.450000000000000000e+01,6.978832971071824431e-06,5.128791696862899013e-06,4.531500463685895336e-06,4.096813151840721974e-06,3.844509482750763080e-06,3.890015964538102156e-06,3.939606019009146542e-06,3.959913501419360654e-06,3.964085954595368827e-06,3.960126691756528264e-06,3.953130949599382361e-06,3.945905265138496376e-06,3.939738520819631985e-06,3.935046186399548886e-06,3.931847731748555012e-06,3.930026173283287239e-06,3.929377818885529560e-06,3.929679678096981054e-06,3.930747454214189108e-06,3.932448405632144893e-06,3.934614147441015494e-06,3.937089033643038924e-06,3.939766734981728747e-06,3.942546094664066705e-06,3.945339924151235753e-06
2.455000000000000071e+01,6.978832971071824431e-06,5.145611488863376952e-06,4.553236275508457216e-06,4.119972124574961347e-06,3.868006542738360606e-06,3.913659657193533463e-06,3.963048908440787439e-06,3.983098539207186720e-06,3.987047168941083364e-06,3.982894033548256763e-06,3.975729060016788052e-06,3.968352514088754120e-06,3.962046437548809724e-06,3.957220634129369127e-06,3.953911399194205927e-06,3.951973287231744617e-06,3.951214010806234934e-06,3.951414459575580083e-06,3.952386211506775269e-06,3.953985649012856793e-06,3.956055560114179892e-06,3.958441864320526909e-06,3.961038632793407522e-06,3.963731621618958409e-06,3.966436972580217266e-06
2.460000000000000142e+01,6.978832971071823584e-06,5.162049292116842646e-06,4.574526271713270457e-06,4.142677345378304012e-06,3.891063235788169708e-06,3.936868937045246623e-06,3.986055458421959456e-06,4.005851792149036806e-06,4.009573646841728848e-06,4.005230331519529579e-06,3.997897334939612109e-06,3.990374634951669513e-06,3.983932301681099460e-06,3.978980461391589787e-06,3.975556293671350113e-06,3.973507141006415125e-06,3.972642256050294971e-06,3.972740596593888232e-06,3.973615578671472586e-06,3.975117861927257720e-06,3.977095609999952951e-06,3.979396821079134663e-06,3.981905953591493102e-06,3.984510720643469391e-06,3.987135486088290152e-06
2.465000000000000213e+01,6.978832971071824431e-06,5.178745156284207478e-06,4.596137510363887724e-06,4.165710958549317732e-06,3.914479333798805279e-06,3.960452780606254353e-06,4.009421601606273999e-06,4.028953647914411007e-06,4.032445576911818130e-06,4.027898523346577769e-06,4.020396930959268369e-06,4.012722625826133198e-06,4.006143715142064295e-06,4.001063620614507439e-06,3.997517357789480889e-06,3.995356973191847445e-06,3.994383135576564899e-06,3.994376099211280558e-06,3.995148329420492947e-06,3.996557950667436680e-06,3.998445229851352999e-06,4.000650440375391749e-06,4.003068974192220736e-06,4.005587390423336504e-06,4.008128647962997740e-06
2.470000000000000284e+01,6.978832971071824431e-06,5.195704023941446581e-06,4.618068491656190533e-06,4.189070919061713458e-06,3.938238106944791347e-06,3.984387431835692192e-06,4.033129502115531963e-06,4.052389078652351665e-06,4.055649833359687041e-06,4.050889443730354552e-06,4.043218578905325695e-06,4.035387979356257882e-06,4.028671494224791747e-06,4.023459816217967437e-06,4.019787960881804056e-06,4.017514801795089372e-06,4.016428509690186339e-06,4.016314191761186481e-06,4.016980047470559810e-06,4.018298747998307033e-06,4.020095693527440851e-06,4.022197048675388169e-06,4.024524821772751023e-06,4.026958557274182086e-06,4.029412409303920852e-06
2.475000000000000000e+01,6.978832971071824431e-06,5.211946831116429939e-06,4.638897635022580798e-06,4.211307990718423908e-06,3.960889773277861235e-06,4.007218192149930197e-06,4.055744586158914960e-06,4.074734740367052782e-06,4.077752032808905250e-06,4.072803300186279381e-06,4.064960627056497570e-06,4.056978806807074868e-06,4.050132283609615423e-06,4.044791436601149942e-06,4.041004254920957232e-06,4.038622859583827395e-06,4.037435012334315473e-06,4.037213632676350274e-06,4.037791867425938932e-06,4.039007428652564395e-06,4.040707678452493706e-06,4.042731856442196726e-06,4.044969987749222554e-06,4.047314359231180999e-06,4.049681733054122940e-06
2.480000000000000071e+01,6.978832971071824431e-06,5.228290490236032935e-06,4.659792924237961205e-06,4.233605839933695545e-06,3.983605273896216160e-06,4.030121809200163609e-06,4.078426026963036607e-06,4.097141145470241124e-06,4.099918286993713608e-06,4.094773689897974263e-06,4.086758310987472868e-06,4.078626758095641117e-06,4.071648535386418648e-06,4.066176225443366449e-06,4.062273092266005044e-06,4.059782976272386046e-06,4.058491683307507461e-06,4.058162133650638325e-06,4.058652479964425662e-06,4.059765974328150831e-06,4.061371877566350935e-06,4.063312158338626805e-06,4.065461313154763965e-06,4.067718978125798848e-06,4.069998300517972688e-06
2.485000000000000142e+01,6.978832971071823584e-06,5.246024799499855429e-06,4.682325553256960880e-06,4.257655943850969821e-06,4.008134046626037655e-06,4.054888674632680377e-06,4.102922347069757391e-06,4.121332294720367934e-06,4.123855297967887995e-06,4.118493738550315171e-06,4.110290665388111103e-06,4.101999561204726447e-06,4.094875976156443232e-06,4.089268901335803372e-06,4.085237644523995805e-06,4.082629964810898891e-06,4.081222837589608339e-06,4.080782729595478022e-06,4.081167743057447020e-06,4.082179470235713943e-06,4.083683517135893515e-06,4.085523869012796310e-06,4.087580051913057681e-06,4.089746273504836325e-06,4.091934288035060836e-06
2.490000000000000213e+01,6.978832971071824431e-06,5.264552464770334855e-06,4.705823462790438116e-06,4.282753205576252049e-06,4.033749786156864563e-06,4.080768002656412137e-06,4.128505378957426087e-06,4.146595337852051359e-06,4.148850492293560207e-06,4.143266873034820891e-06,4.134866573897508252e-06,4.126408173262680057e-06,4.119132124072635764e-06,4.113390459180263527e-06,4.109224193942875958e-06,4.106493751448902344e-06,4.104965040697833074e-06,4.104413845094076742e-06,4.104683359810405702e-06,4.105591529615277321e-06,4.106985820276535547e-06,4.108723946183996290e-06,4.110683873784314109e-06,4.112752470667231984e-06,4.114848564990348761e-06
2.495000000000000284e+01,6.978832971071823584e-06,5.283080130040812587e-06,4.729321372323913658e-06,4.307850467301532584e-06,4.059365525687690623e-06,4.106647330680143050e-06,4.154088410845094783e-06,4.171858380983733936e-06,4.173845686619232420e-06,4.168040007519324917e-06,4.159442482406905402e-06,4.150816785320633667e-06,4.143388271988828295e-06,4.137512017024721987e-06,4.133210743361756111e-06,4.130357538086903255e-06,4.128707243806057809e-06,4.128044960592674615e-06,4.128198976563363538e-06,4.129003588994841547e-06,4.130288123417176732e-06,4.131924023355195424e-06,4.133787695655568842e-06,4.135758667829626796e-06,4.137762841945635838e-06
2.500000000000000000e+01,6.978832971071824431e-06,5.300734621415338410e-06,4.751643197114304827e-06,4.331709544718983868e-06,4.083698889099496791e-06,4.131218378301815524e-06,4.178382457998474692e-06,4.195849796738028624e-06,4.197588841736321420e-06,4.191573554826686600e-06,4.182802281885040284e-06,4.174021829362093523e-06,4.166452223128056830e-06,4.160442426421143474e-06,4.156018628685167407e-06,4.153047375204014975e-06,4.151284317378680620e-06,4.150515513871563187e-06,4.150562452995026833e-06,4.151267753272929881e-06,4.152454644156025859e-06,4.153993113664881330e-06,4.155760657696996299e-06,4.157639719089209925e-06,4.159552949750824673e-06
2.505000000000000071e+01,6.978832971071824431e-06,5.317817473191262899e-06,4.773175642145644606e-06,4.354736957935133813e-06,4.107175041770531287e-06,4.154916957510510374e-06,4.201814481649127576e-06,4.218990054238796686e-06,4.220492815232405892e-06,4.214275662230076649e-06,4.205345424735996057e-06,4.196418764659712513e-06,4.188714308339889799e-06,4.182571710035526745e-06,4.178033622658729742e-06,4.174947451631463814e-06,4.173077336325719599e-06,4.172204619951724920e-06,4.172150379221780482e-06,4.172758646004905389e-06,4.173855735553634301e-06,4.175300102026829999e-06,4.176970591512673183e-06,4.178762704358307576e-06,4.180585583451594081e-06
2.510000000000000142e+01,6.978832971071825278e-06,5.336392942982636437e-06,4.796364503578774250e-06,4.379529246695436661e-06,4.132562359242212859e-06,4.180612179224418489e-06,4.227192985014481105e-06,4.244019553808802573e-06,4.245244278563913378e-06,4.238796010456654630e-06,4.229673906168849589e-06,4.220581333443842541e-06,4.212721660264298558e-06,4.206444320734002243e-06,4.201773375395127983e-06,4.198560058658750734e-06,4.196569621214682617e-06,4.195586457050648768e-06,4.195419593864387722e-06,4.195919083106819970e-06,4.196909158287013701e-06,4.198253832036234720e-06,4.199821198664271223e-06,4.201515153676133613e-06,4.203242061770771026e-06
2.515000000000000213e+01,6.978832971071824431e-06,5.355003884206638434e-06,4.819592729043555890e-06,4.404363476972802718e-06,4.157995094732951196e-06,4.206354850298696415e-06,4.252617745642810814e-06,4.269093950413473835e-06,4.270039646705997533e-06,4.263359568403466776e-06,4.254044815414160880e-06,4.244785861757215117e-06,4.236770487710224440e-06,4.230358360859550311e-06,4.225554116290335615e-06,4.222213363247751503e-06,4.220102288436401841e-06,4.219008521182658909e-06,4.218728763611486840e-06,4.219119196220968601e-06,4.220001847972186160e-06,4.221246696160865436e-06,4.222710795720251296e-06,4.224306326514396987e-06,4.225937130067012449e-06
2.520000000000000284e+01,6.978832971071824431e-06,5.373597389693012129e-06,4.842820951998766100e-06,4.429196771159477797e-06,4.183423398973079926e-06,4.232087668691172371e-06,4.278036541114093482e-06,4.294164561082052916e-06,4.294831312296510685e-06,4.287920291384121899e-06,4.278412735333312245e-06,4.268987977185944087e-06,4.260815847284008800e-06,4.254268504722951267e-06,4.249331435866193592e-06,4.245863714529574061e-06,4.243632500490571902e-06,4.242426800159719124e-06,4.242034587470189258e-06,4.242315492542654091e-06,4.243092062981462457e-06,4.244236526525730160e-06,4.245596923461329310e-06,4.247095262881145854e-06,4.248629513775717943e-06
2.525000000000000000e+01,6.978832971071824431e-06,5.391168727363382112e-06,4.864633721079660706e-06,4.452549899508621256e-06,4.207320979399114634e-06,4.256256204176124585e-06,4.301898421775912187e-06,4.317718028453141385e-06,4.318120124082140117e-06,4.311009349299264180e-06,4.301322758121118489e-06,4.291745172483661625e-06,4.283438806674261827e-06,4.276757456326117120e-06,4.271702231490789791e-06,4.268116952844592996e-06,4.265781411926952520e-06,4.264457592282183843e-06,4.263963432787763169e-06,4.264147432649929730e-06,4.264826635778549880e-06,4.265868443648708738e-06,4.267137711145986427e-06,4.268543397790256818e-06,4.269992005216949168e-06
2.530000000000000071e+01,6.978832971071824431e-06,5.409105539167242729e-06,4.886769179109869130e-06,4.476256394825024309e-06,4.231602698763654101e-06,4.280829083895287879e-06,4.326145724571548422e-06,4.341643315557347434e-06,4.341776684172390051e-06,4.334461275757753123e-06,4.324594086368040898e-06,4.314860463955846417e-06,4.306419600914021312e-06,4.299603533953239330e-06,4.294426707871301626e-06,4.290723618978788259e-06,4.288280475095755054e-06,4.286838854348082998e-06,4.286240185438800456e-06,4.286323951977751415e-06,4.286906031575898494e-06,4.287841782548975604e-06,4.289018186365215664e-06,4.290328961663788116e-06,4.291692057676749905e-06
2.535000000000000142e+01,6.978832971071824431e-06,5.427813048069676766e-06,4.909777517241685242e-06,4.500895400211914738e-06,4.256870563934582172e-06,4.306426244181956107e-06,4.351391534399846517e-06,4.366540945165319883e-06,4.366396728120068845e-06,4.358861032040843069e-06,4.348808545054590167e-06,4.338909436127887581e-06,4.330327375816108362e-06,4.323377602899119374e-06,4.318068456140640640e-06,4.314244380738916574e-06,4.311686035245452362e-06,4.310130851528920227e-06,4.309419790840242904e-06,4.309395554448899881e-06,4.309872840626497508e-06,4.310706227251254440e-06,4.311781826817335854e-06,4.312993300960530157e-06,4.314268055000078123e-06
2.540000000000000213e+01,6.978832971071824431e-06,5.446520556972111650e-06,4.932785855373500508e-06,4.525534405598804321e-06,4.282138429105510243e-06,4.332023404468623488e-06,4.376637344228146307e-06,4.391438574773290639e-06,4.391016772067748485e-06,4.383260788323933863e-06,4.373023003741137742e-06,4.362958408299927897e-06,4.354235150718197106e-06,4.347151671844999419e-06,4.341710204409979653e-06,4.337765142499044890e-06,4.335091595395149669e-06,4.333422848709756610e-06,4.332599396241686198e-06,4.332467156920047501e-06,4.332839649677098216e-06,4.333570671953533277e-06,4.334545467269455196e-06,4.335657640257272198e-06,4.336844052323406341e-06
2.545000000000000284e+01,6.978832971071824431e-06,5.465105097147400410e-06,4.955648226907212797e-06,4.550013115792202692e-06,4.307244067091742037e-06,4.357465267224395649e-06,4.401728580264787211e-06,4.416181139923367178e-06,4.415483541717717933e-06,4.407501168143685318e-06,4.397077636708810284e-06,4.386851722312956946e-06,4.377980778879147984e-06,4.370763521761438426e-06,4.365195589955087384e-06,4.361128420726460158e-06,4.358335768227389803e-06,4.356552210257387902e-06,4.355621218042003470e-06,4.355378556654928817e-06,4.355650717875546958e-06,4.356275682393427953e-06,4.357150077583670536e-06,4.358164953572859682e-06,4.359262123357976298e-06
2.550000000000000000e+01,6.978832971071824431e-06,5.483452004063925636e-06,4.977838295858559914e-06,4.573798896929030355e-06,4.331686704681997485e-06,4.382260007646053879e-06,4.426150873690165048e-06,4.440252614714694133e-06,4.439282694088834390e-06,4.431077545200413063e-06,4.420469494689786311e-06,4.410093663906558100e-06,4.401075933662212830e-06,4.393728764216455577e-06,4.388041613801378961e-06,4.383853439841862497e-06,4.380944186339840462e-06,4.379047835811270272e-06,4.378010785484050425e-06,4.377662573315210714e-06,4.377833322414511878e-06,4.378352768191163540e-06,4.379133148552336311e-06,4.380054336689269833e-06,4.381068878941554460e-06
2.555000000000000071e+01,6.978832971071824431e-06,5.501896008665717628e-06,5.000082502418054005e-06,4.597641869974960311e-06,4.356203663024326102e-06,4.407137962526423328e-06,4.450648676733667084e-06,4.464394449569734333e-06,4.463148157324378656e-06,4.454719037777086042e-06,4.443924436330809614e-06,4.433396181499238887e-06,4.424231600904181617e-06,4.416753382056404228e-06,4.410945784286520377e-06,4.406635746047561057e-06,4.403608610064609308e-06,4.401598869705561876e-06,4.400454316527426591e-06,4.400001477411818496e-06,4.400069039084513183e-06,4.400483857914396461e-06,4.401169924941269656e-06,4.401998226398213562e-06,4.402929662135514304e-06
2.560000000000000142e+01,6.978832971071824431e-06,5.522152256731562733e-06,5.024482148546996897e-06,4.623788279294249966e-06,4.383101496391209725e-06,4.434442584599088350e-06,4.477529653857958618e-06,4.490881050868181812e-06,4.489330493007048076e-06,4.480652684985924360e-06,4.469657433822922811e-06,4.458956713709953364e-06,4.449633246822068594e-06,4.442011197195983788e-06,4.436064842999968896e-06,4.431625791041240463e-06,4.428468884432729046e-06,4.426340565682307016e-06,4.425075418535587163e-06,4.424502313187937103e-06,4.424456671280017024e-06,4.424759548195582216e-06,4.425336996966499065e-06,4.426066904266685861e-06,4.426911227383423106e-06
2.565000000000000213e+01,6.978832971071824431e-06,5.543183192770219494e-06,5.049803190252028141e-06,4.650919349015139450e-06,4.411017093255592038e-06,4.462784545155891351e-06,4.505429377267795648e-06,4.518369980164380892e-06,4.516503232713751203e-06,4.507566169981785131e-06,4.496364242231858692e-06,4.485482489720260051e-06,4.475994991480517708e-06,4.468223647362951678e-06,4.462130710078641750e-06,4.457559588196309038e-06,4.454267829082872798e-06,4.452018713963302104e-06,4.450627376728264099e-06,4.449927319752022161e-06,4.449764192612484299e-06,4.449952000651215985e-06,4.450414716176121238e-06,4.451043875013355433e-06,4.451799373001319296e-06
2.570000000000000284e+01,6.978832971071824431e-06,5.564214128808877103e-06,5.075124231957060232e-06,4.678050418736028934e-06,4.438932690119973504e-06,4.491126505712694352e-06,4.533329100677633525e-06,4.545858909460580818e-06,4.543675972420454330e-06,4.534479654977646750e-06,4.523071050640793725e-06,4.512008265730566738e-06,4.502356736138966822e-06,4.494436097529920415e-06,4.488196577157314604e-06,4.483493385351376767e-06,4.480066773733015703e-06,4.477696862244296345e-06,4.476179334920940188e-06,4.475352326316107219e-06,4.475071713944950726e-06,4.475144453106850602e-06,4.475492435385743411e-06,4.476020845760025851e-06,4.476687518619217179e-06
2.575000000000000000e+01,6.978832971071824431e-06,5.584487678882595673e-06,5.099245844414650675e-06,4.703925376146814226e-06,4.465605167302058587e-06,4.518229973588952584e-06,4.559990842724363930e-06,4.572115993689507389e-06,4.569623332602529881e-06,4.560185918086648859e-06,4.548577163356942453e-06,4.537342306802529516e-06,4.527542119749250894e-06,4.519475384888228559e-06,4.513103367732163498e-06,4.508270212058246687e-06,4.504718190543680338e-06,4.502227416719121859e-06,4.500589075904266138e-06,4.499648623797421344e-06,4.499253529158161957e-06,4.499218919977886587e-06,4.499463140489072999e-06,4.499900233281037272e-06,4.500480941639255496e-06
2.580000000000000071e+01,6.978832971071824431e-06,5.604696216117586522e-06,5.123150446213761843e-06,4.729582738567898596e-06,4.492076862704716880e-06,4.545140416635787140e-06,4.586453909543356002e-06,4.598171817464478160e-06,4.595368235656565887e-06,4.585694871931304802e-06,4.573886116155256463e-06,4.562481281276875705e-06,4.552537554119253446e-06,4.544323969200729731e-06,4.537824704611896418e-06,4.532861026638653646e-06,4.529186193487280241e-06,4.526573109102609322e-06,4.524814614991971440e-06,4.523765339841215891e-06,4.523255792118710081e-06,4.523116033000091455e-06,4.523259529829345633e-06,4.523608770579534467e-06,4.524103966061254676e-06
2.585000000000000142e+01,6.978832971071823584e-06,5.624904753352575677e-06,5.147055048012870470e-06,4.755240100988982965e-06,4.518548558107375173e-06,4.572050859682621696e-06,4.612916976362347227e-06,4.624227641239448083e-06,4.621113138710601046e-06,4.611203825775959898e-06,4.599195068953568780e-06,4.587620255751220200e-06,4.577532988489254305e-06,4.569172553513229209e-06,4.562546041491627645e-06,4.557451841219059758e-06,4.553654196430880144e-06,4.550918801486095938e-06,4.549040154079676742e-06,4.547882055885010438e-06,4.547258055079259051e-06,4.547013146022296323e-06,4.547055919169617421e-06,4.547317307878030816e-06,4.547726990483253856e-06
2.590000000000000213e+01,6.978832971071824431e-06,5.643781198791261600e-06,5.169432926179935435e-06,4.779270113959200048e-06,4.543340060678089927e-06,4.597248383331010807e-06,4.637695021131938214e-06,4.648631850509824019e-06,4.645228943120270707e-06,4.635099577064378257e-06,4.622911916528986320e-06,4.611180356500215621e-06,4.600955983832755962e-06,4.592466130015551769e-06,4.585713667668727973e-06,4.580501424170099990e-06,4.576593665255541093e-06,4.573743298066517581e-06,4.571755050083978447e-06,4.570492552576938485e-06,4.569761577224772602e-06,4.569415800314606210e-06,4.569367906734231956e-06,4.569547112630082238e-06,4.569874939478772569e-06
2.595000000000000284e+01,6.978832971071824431e-06,5.661777864924411849e-06,5.190709015589367541e-06,4.802133294426749611e-06,4.566933618604277574e-06,4.621225837028352233e-06,4.661265200922106881e-06,4.671849141391727495e-06,4.668174284743351814e-06,4.657836877355193470e-06,4.645485181526099110e-06,4.633608655737819632e-06,4.623251580165893485e-06,4.614645100010275733e-06,4.607769937067811614e-06,4.602448341181105907e-06,4.598437966005112441e-06,4.595477502931988027e-06,4.593387953218625727e-06,4.592023061397068658e-06,4.591191229740128526e-06,4.590750138391210129e-06,4.590619337737592782e-06,4.590720959023966215e-06,4.590971418688387108e-06
2.600000000000000000e+01,6.978832971071824431e-06,5.680492554279844399e-06,5.212575428253943110e-06,4.825644557793791597e-06,4.591213170991562497e-06,4.645905653533054698e-06,4.685507226780947465e-06,4.695717490098595817e-06,4.691762492400873178e-06,4.681212241413141171e-06,4.668687464640539157e-06,4.656666412641784531e-06,4.646173545788490842e-06,4.637444229286010933e-06,4.630451622282750632e-06,4.625015065093549380e-06,4.620893018953521893e-06,4.617818578600557706e-06,4.615625347341066340e-06,4.614153395413670816e-06,4.613219610718890336e-06,4.612687679410378772e-06,4.612471332072041922e-06,4.612494438221232125e-06,4.612670719178545319e-06
2.605000000000000071e+01,6.978832971071824431e-06,5.699207243635278643e-06,5.234441840918521221e-06,4.849155821160835278e-06,4.615492723378849114e-06,4.670585470037759704e-06,4.709749252639791438e-06,4.719585838805466679e-06,4.715350700058396237e-06,4.704587605471092260e-06,4.691889747754980050e-06,4.679724169545751124e-06,4.669095511411089046e-06,4.660243358561747828e-06,4.653133307497691343e-06,4.647581789005994546e-06,4.643348071901933039e-06,4.640159654269130772e-06,4.637862741463508648e-06,4.636283729430273820e-06,4.635247991697654687e-06,4.634625220429549957e-06,4.634323326406492756e-06,4.634267917418498882e-06,4.634370019668706071e-06
2.610000000000000142e+01,6.978832971071824431e-06,5.718012337075246491e-06,5.256399150146815234e-06,4.872761606314740524e-06,4.639880748231184383e-06,4.695380070894521734e-06,4.734102058892183795e-06,4.743561658012884462e-06,4.739044286908518003e-06,4.728064231249309797e-06,4.715192496379619064e-06,4.702878354395898482e-06,4.692113840882527604e-06,4.683136318146436674e-06,4.675910195391781768e-06,4.670240768171238149e-06,4.665890382809381197e-06,4.662589266293315513e-06,4.660185433569279692e-06,4.658500408095911396e-06,4.657359537172877463e-06,4.656646442476696731e-06,4.656259542105342720e-06,4.656123579245348459e-06,4.656151532014233051e-06
2.615000000000000213e+01,6.978832971071824431e-06,5.736831841155743585e-06,5.278370948518070980e-06,4.896382458481378919e-06,4.664286063869760871e-06,4.720192968668334449e-06,4.758472523820479112e-06,4.767554608290860505e-06,4.762754671469402742e-06,4.751556998402751072e-06,4.738511259461575258e-06,4.726047910105411225e-06,4.715147530996052525e-06,4.706044234520522576e-06,4.698702258834562868e-06,4.692914453057931349e-06,4.688446602856967096e-06,4.685032991237300478e-06,4.682521722390087766e-06,4.680730850317755753e-06,4.679484339279913778e-06,4.678681003492093534e-06,4.678209182903439423e-06,4.677992341191941899e-06,4.677946149138168163e-06
2.620000000000000284e+01,6.978832971071824431e-06,5.755636772402437619e-06,5.300311014982258612e-06,4.919969252330097384e-06,4.688658741104198437e-06,4.744973316500824822e-06,4.782809963500610033e-06,4.791514344961512981e-06,4.786432178714745961e-06,4.775017293599790772e-06,4.761797430877172158e-06,4.749185180937637749e-06,4.738149544274083497e-06,4.728920611092335977e-06,4.721462464094940348e-06,4.715556546112427456e-06,4.710972236396385117e-06,4.707445955760087524e-06,4.704827784624050073e-06,4.702930892207889989e-06,4.701579804161930698e-06,4.700686115691343503e-06,4.700129594437228770e-06,4.699832118776436270e-06,4.699712619275731471e-06
2.625000000000000000e+01,6.978832971071824431e-06,5.774788660742334712e-06,5.322278258536494963e-06,4.943589947273559923e-06,4.713133599393375909e-06,4.769874468488806604e-06,4.807237764797486272e-06,4.815547777085793301e-06,4.810177419119065362e-06,4.798545965799977374e-06,4.785144568884074578e-06,4.772385181460995739e-06,4.761218777581526312e-06,4.751864870887495736e-06,4.744281650108921422e-06,4.738259149087025815e-06,4.733567535828444339e-06,4.729926782976458923e-06,4.727203163062017175e-06,4.725195638615866372e-06,4.723757475921953429e-06,4.722771345519040236e-06,4.722131485728360071e-06,4.721758727301825094e-06,4.721576138811740768e-06
2.630000000000000071e+01,6.978832971071824431e-06,5.795040710944363039e-06,5.345422452324114846e-06,4.968480011251995232e-06,4.738943558581772184e-06,4.796138754578967657e-06,4.832994374083849762e-06,4.840888949814588341e-06,4.835208592539884961e-06,4.823346637423240055e-06,4.809755170115234491e-06,4.796839712688953331e-06,4.785529069352559315e-06,4.776045858768467893e-06,4.768333581986410838e-06,4.762187559799107176e-06,4.757368661449827967e-06,4.753616392429680187e-06,4.750770856106586872e-06,4.748650892583399985e-06,4.747117794070725350e-06,4.746039019973419734e-06,4.745310793397185386e-06,4.744862660953783404e-06,4.744605235203204791e-06
2.635000000000000142e+01,6.978832971071824431e-06,5.815301098670897951e-06,5.368673953251333955e-06,4.993472448072789490e-06,4.764857062009416672e-06,4.822504182830366853e-06,4.858855198929408256e-06,4.866337734666805701e-06,4.860348029787673222e-06,4.848250269395027939e-06,4.834467280206752211e-06,4.821388010930799884e-06,4.809935220182865693e-06,4.800318356162369127e-06,4.792476217510117843e-06,4.786205562515669075e-06,4.781258489188344497e-06,4.777393969748737980e-06,4.774425405223228035e-06,4.772192215218035651e-06,4.770563542817805018e-06,4.769388080780344757e-06,4.768574123180677009e-06,4.768046969950487374e-06,4.767717468486154930e-06
2.640000000000000213e+01,6.978832971071824431e-06,5.835490864445499700e-06,5.391835836398965821e-06,5.018371221378906417e-06,4.790672700667241102e-06,4.848770403329386079e-06,4.884618204425474143e-06,4.891689537665959913e-06,4.885391901850500707e-06,4.873059408532649163e-06,4.859086304345472621e-06,4.845844210096074195e-06,4.834250262073479073e-06,4.824499983127712849e-06,4.816528731269420534e-06,4.810134458196201807e-06,4.805060225524413328e-06,4.801083191053142195e-06,4.797992920282190081e-06,4.795647171951419164e-06,4.793923079248289426e-06,4.792651503465333455e-06,4.791752400432771719e-06,4.791146298791303032e-06,4.790745352527612497e-06
2.645000000000000284e+01,6.978832971071824431e-06,5.854291428210554430e-06,5.413234851258730881e-06,5.041427542880087439e-06,4.814563244773409375e-06,4.873085111512580157e-06,4.908457008831577561e-06,4.915133613938862778e-06,4.908555914417034828e-06,4.896009782349935061e-06,4.881874237879295840e-06,4.868488731465040514e-06,4.856773103116601893e-06,4.846894100989969237e-06,4.838808462872695229e-06,4.832310532407987787e-06,4.827129118885287367e-06,4.823034364204668529e-06,4.819848391358883509e-06,4.817403227984796700e-06,4.815586736137363607e-06,4.814230341572466638e-06,4.813257612238540693e-06,4.812573985881992813e-06,4.812114005514486897e-06
2.650000000000000000e+01,6.978832971071823584e-06,5.874572267514215841e-06,5.436061602025456492e-06,5.066007883530717998e-06,4.840107129986123767e-06,4.899091155103988989e-06,4.933924279260061114e-06,4.940181259165972331e-06,4.933300339753814764e-06,4.920524935912057204e-06,4.906209660358869676e-06,4.892668885424462896e-06,4.880815870938551575e-06,4.870806083450308295e-06,4.862597177782953280e-06,4.855979602689273149e-06,4.850681802480826558e-06,4.846467130126469726e-06,4.843173768387446621e-06,4.840631522706436990e-06,4.838719739079951936e-06,4.837282083896166530e-06,4.836231734473733337e-06,4.835474182538293101e-06,4.834950801508462887e-06
2.655000000000000071e+01,6.978832971071823584e-06,5.894938396461873549e-06,5.458980862117002342e-06,5.090685340269825729e-06,4.865754369623954993e-06,4.925203449514945205e-06,4.959495195600865850e-06,4.965330587927632174e-06,4.958145438904000028e-06,4.945139807871847172e-06,4.930642616025780578e-06,4.916946699222497327e-06,4.904955095188181813e-06,4.894814781859502397e-06,4.886481468312069639e-06,4.879741976521302894e-06,4.874326728270415733e-06,4.869993335569924453e-06,4.866590311172484946e-06,4.863951121976173680e-06,4.861945186847198328e-06,4.860425379273859231e-06,4.859296278985762175e-06,4.858465997350084169e-06,4.857877028404013328e-06
2.660000000000000142e+01,6.978832971071823584e-06,5.915442873843873648e-06,5.482055680277906165e-06,5.115525322857309719e-06,4.891573603490349868e-06,4.951492815923085313e-06,4.985239504497517803e-06,4.990649842807535252e-06,4.983159000420950308e-06,4.969921563074828613e-06,4.955238272295609766e-06,4.941387853603069366e-06,4.929255547797070042e-06,4.918985332618067644e-06,4.910525424139590754e-06,4.903659605206893787e-06,4.898124902377465486e-06,4.893675441957333157e-06,4.890158207832358006e-06,4.887422302608050865e-06,4.885324766939669444e-06,4.883720771889386709e-06,4.882510603194128808e-06,4.881610062136934161e-06,4.880950918629812602e-06
2.665000000000000213e+01,6.978832971071825278e-06,5.935947351225877136e-06,5.505130498438810834e-06,5.140365305444792016e-06,4.917392837356745591e-06,4.977782182331226268e-06,5.010983813394171450e-06,5.015969097687440871e-06,5.008172561937900588e-06,4.994703318277811749e-06,4.979833928565439801e-06,4.965829007983643098e-06,4.953556000405959965e-06,4.943155883376634585e-06,4.934569379967112717e-06,4.927577233892486374e-06,4.921923076484516086e-06,4.917357548344741014e-06,4.913726104492231912e-06,4.910893483239928897e-06,4.908704347032141407e-06,4.907016164504914187e-06,4.905724927402496289e-06,4.904754126923785846e-06,4.904024808855611875e-06
2.670000000000000284e+01,6.978832971071824431e-06,5.956451828607878929e-06,5.528205316599715504e-06,5.165205288032275159e-06,4.943212071223140467e-06,5.004071548739367223e-06,5.036728122290824250e-06,5.041288352567344796e-06,5.033186123454850868e-06,5.019485073480793190e-06,5.004429584835269836e-06,4.990270162364215137e-06,4.977856453014849041e-06,4.967326434135200679e-06,4.958613335794633832e-06,4.951494862578078114e-06,4.945721250591566685e-06,4.941039654732149717e-06,4.937294001152106666e-06,4.934364663871806082e-06,4.932083927124613371e-06,4.930311557120441664e-06,4.928939251610863769e-06,4.927898191710636685e-06,4.927098699081410302e-06
2.675000000000000000e+01,6.978832971071824431e-06,5.977424402957681648e-06,5.551444544198379058e-06,5.190263218204990731e-06,4.969321336439155568e-06,5.030658824909594475e-06,5.062730222829406592e-06,5.066851629666290845e-06,5.058435041982452428e-06,5.044506062466549043e-06,5.029270376566877193e-06,5.014956754971343383e-06,5.002403950389292838e-06,4.991741717445126426e-06,4.982904125972642645e-06,4.975664400668502218e-06,4.969771872561253216e-06,4.964977073116905003e-06,4.961129958406045005e-06,4.958109112639136367e-06,4.955737694852892282e-06,4.953887693002239820e-06,4.952442013688062702e-06,4.951331870659766795e-06,4.950469358726115068e-06
2.680000000000000071e+01,6.978832971071824431e-06,5.998416964525856847e-06,5.574690791896639765e-06,5.215330454496480316e-06,4.995442985670275837e-06,5.057258821494349890e-06,5.088743330783537168e-06,5.092425326241788426e-06,5.083694009991872087e-06,5.069537266467966850e-06,5.054121635309258768e-06,5.039653827516963384e-06,5.026961996299652408e-06,5.016167450562001932e-06,5.007205455702078596e-06,4.999844695009512180e-06,4.993833273773072828e-06,4.988925393039151448e-06,4.984977361548333617e-06,4.981865229651024943e-06,4.979403170087368468e-06,4.977475816308342581e-06,4.975957091740514080e-06,4.974777915810568002e-06,4.973852690093964803e-06
2.685000000000000142e+01,6.978832971071824431e-06,6.019409526094032046e-06,5.597937039594903013e-06,5.240397690787969901e-06,5.021564634901396954e-06,5.083858818079106998e-06,5.114756438737670285e-06,5.117999022817286853e-06,5.108952978001292593e-06,5.094568470469386352e-06,5.078972894051642037e-06,5.064350900062585079e-06,5.051520042210013673e-06,5.040593183678877438e-06,5.031506785431516242e-06,5.024024989350524684e-06,5.017894674984893287e-06,5.012873712961399587e-06,5.008824764690623077e-06,5.005621346662915213e-06,5.003068645321846349e-06,5.001063939614447035e-06,4.999472169792967152e-06,4.998223960961370057e-06,4.997236021461817078e-06
2.690000000000000213e+01,6.978832971071824431e-06,6.040310686345157047e-06,5.621085098351194474e-06,5.265359144434514818e-06,5.047575543873409206e-06,5.110345500598598501e-06,5.140660029416339062e-06,5.143465374518995655e-06,5.134106318855525244e-06,5.119494102954645793e-06,5.103719215889057509e-06,5.088944388118222263e-06,5.075975696205600426e-06,5.064916969123466517e-06,5.055706562430475295e-06,5.048104137213502355e-06,5.041854917426397023e-06,5.036721580251780041e-06,5.032572023810919431e-06,5.029277589436920117e-06,5.026635941131479112e-06,5.024553436597343940e-06,5.022888818977696780e-06,5.021571711117617194e-06,5.020520561244969535e-06
2.695000000000000284e+01,6.978832971071824431e-06,6.060936570331357760e-06,5.643916624536225675e-06,5.289982147408081732e-06,5.073236535167995487e-06,5.136473641953971984e-06,5.166215153672481474e-06,5.168589767834434805e-06,5.158923616464981247e-06,5.144084062626241534e-06,5.128131776485274644e-06,5.113208979491782333e-06,5.100106554814486917e-06,5.088917812973398743e-06,5.079584801426523294e-06,5.071863080045697848e-06,5.065495731399314951e-06,5.060253232514587163e-06,5.056004619842227184e-06,5.052620434899308355e-06,5.049895959121877011e-06,5.047734267987519155e-06,5.045997870404868782e-06,5.044612951871537634e-06,5.043497317214608059e-06
2.700000000000000000e+01,6.978832971071824431e-06,6.082016376719689662e-06,5.666945911058915485e-06,5.314853946363707632e-06,5.099219098474841436e-06,5.162924000062703277e-06,5.192054795915892747e-06,5.193987374644318369e-06,5.184015825953820890e-06,5.168951473896523834e-06,5.152818727390984361e-06,5.137752248491278858e-06,5.124517174765879207e-06,5.113203529981424899e-06,5.103748898093063587e-06,5.095907450234087206e-06,5.089433311524045050e-06,5.084093189317263728e-06,5.079752736033094974e-06,5.076283685953748091e-06,5.073482115135916840e-06,5.071243025028026992e-06,5.069440477117411777e-06,5.067996468760429663e-06,5.066821961279320831e-06
2.705000000000000071e+01,6.978832971071824431e-06,6.102887229801257371e-06,5.689744031955725146e-06,5.339480131992553529e-06,5.124942248314459916e-06,5.189108985685795872e-06,5.217641402782717601e-06,5.219135543921462162e-06,5.208858570284316421e-06,5.193569236306636434e-06,5.177261012488859974e-06,5.162053434956535196e-06,5.148684897422874522e-06,5.137253010743237887e-06,5.127676243635160736e-06,5.119718611308446352e-06,5.113135749160305422e-06,5.107696296426710146e-06,5.103268140544791222e-06,5.099711415531127848e-06,5.096837407968643071e-06,5.094526060604245538e-06,5.092658814349125231e-06,5.091149834072747833e-06,5.089918065408955932e-06
2.710000000000000142e+01,6.978832971071824431e-06,6.123758082882823386e-06,5.712542152852535653e-06,5.364106317621400273e-06,5.150665398154078396e-06,5.215293971308888466e-06,5.243228009649543302e-06,5.244283713198605108e-06,5.233701314614812799e-06,5.218186998716750729e-06,5.201703297586734740e-06,5.186354621421790687e-06,5.172852620079868142e-06,5.161302491505050029e-06,5.151603589177257886e-06,5.143529772382805497e-06,5.136838186796565794e-06,5.131299403536155717e-06,5.126783545056486624e-06,5.123139145108508451e-06,5.120192700801370995e-06,5.117809096180464084e-06,5.115877151580838685e-06,5.114303199385066002e-06,5.113014169538591033e-06
2.715000000000000213e+01,6.978832971071824431e-06,6.144628935964391943e-06,5.735340273749344467e-06,5.388732503250246170e-06,5.176388547993696876e-06,5.241478956931981060e-06,5.268814616516369004e-06,5.269431882475748053e-06,5.258544058945308330e-06,5.242804761126863329e-06,5.226145582684610353e-06,5.210655807887047026e-06,5.197020342736862610e-06,5.185351972266863018e-06,5.175530934719355882e-06,5.167340933457163795e-06,5.160540624432826166e-06,5.154902510645602135e-06,5.150298949568181178e-06,5.146566874685888208e-06,5.143547993634098072e-06,5.141092131756682631e-06,5.139095488812552140e-06,5.137456564697384172e-06,5.136110273668226134e-06
2.720000000000000284e+01,6.978832971071824431e-06,6.165662919660526413e-06,5.758211535547163173e-06,5.413454979779131591e-06,5.202238788795488054e-06,5.267786811208075658e-06,5.294509525911656920e-06,5.294687437428537214e-06,5.283493325554442921e-06,5.267530885775274943e-06,5.250697939016206932e-06,5.235065873164623656e-06,5.221300227045224325e-06,5.209510754218770501e-06,5.199569921347524697e-06,5.191266778061044118e-06,5.184361582477825312e-06,5.178628732516152547e-06,5.173938963623357503e-06,5.170122358984212322e-06,5.167030958726310953e-06,5.164507141088658753e-06,5.162445778400052548e-06,5.160743564791395210e-06,5.159340068044641988e-06
2.725000000000000000e+01,6.978832971071824431e-06,6.186983897390255758e-06,5.781229212458949027e-06,5.438362385757180245e-06,5.228324713352136747e-06,5.294325600841995617e-06,5.320410863461888801e-06,5.320147476237336044e-06,5.308645791568116080e-06,5.292463550467295224e-06,5.275458849515217794e-06,5.259683308181022615e-06,5.245792192382324707e-06,5.233876526513385568e-06,5.223819231220422382e-06,5.215407329731622887e-06,5.208404277022748051e-06,5.202583738591982060e-06,5.197809830534703842e-06,5.193915896668105290e-06,5.190750396315082257e-06,5.188163896442149553e-06,5.186037498467495541e-06,5.184275758406930731e-06,5.182816227306451705e-06
2.730000000000000071e+01,6.978832971071824431e-06,6.208351131713886570e-06,5.804299061564729932e-06,5.463324606527299570e-06,5.254468105031698589e-06,5.320925408923690282e-06,5.346371071664947919e-06,5.345665538693658624e-06,5.333856451954782714e-06,5.317455114866428236e-06,5.300277385669245299e-06,5.284359649206423857e-06,5.270342108933575183e-06,5.258299335608084038e-06,5.248124852792282999e-06,5.239603339286554769e-06,5.232504012237605478e-06,5.226595253963976541e-06,5.221736636348747854e-06,5.217769219366381224e-06,5.214527051347583978e-06,5.211875024011799225e-06,5.209683092271777655e-06,5.207863725989177101e-06,5.206350078951576502e-06
2.735000000000000142e+01,6.978832971071824431e-06,6.229718366037517382e-06,5.827368910670512530e-06,5.488286827297418047e-06,5.280611496711260430e-06,5.347525217005384948e-06,5.372331279868007037e-06,5.371183601149982897e-06,5.359067112341450194e-06,5.342446679265560401e-06,5.325095921823271957e-06,5.309035990231825947e-06,5.294892025484826506e-06,5.282722144702781662e-06,5.272430474364144463e-06,5.263799348841486651e-06,5.256603747452463752e-06,5.250606769335971023e-06,5.245663442162792713e-06,5.241622542064657159e-06,5.238303706380085698e-06,5.235586151581449744e-06,5.233328686076059769e-06,5.231451693571423471e-06,5.229883930596702145e-06
2.740000000000000213e+01,6.978832971071825278e-06,6.251085600361148194e-06,5.850438759776294282e-06,5.513249048067537371e-06,5.306754888390823118e-06,5.374125025087079613e-06,5.398291488071066155e-06,5.396701663606305477e-06,5.384277772728117675e-06,5.367438243664693413e-06,5.349914457977299462e-06,5.333712331257227189e-06,5.319441942036078676e-06,5.307144953797480132e-06,5.296736095936006774e-06,5.287995358396418532e-06,5.280703482667322873e-06,5.274618284707964657e-06,5.269590247976837572e-06,5.265475864762933093e-06,5.262080361412586572e-06,5.259297279151099416e-06,5.256974279880341883e-06,5.255039661153669842e-06,5.253417782241826942e-06
2.745000000000000284e+01,6.978832971071824431e-06,6.272649940776396524e-06,5.873548229404752262e-06,5.538277973968574993e-06,5.333025666759897131e-06,5.400835537777650444e-06,5.424345550466044464e-06,5.422308040506698600e-06,5.409570747133193101e-06,5.392517047906840399e-06,5.374822512237968940e-06,5.358479402949872969e-06,5.344078968267378809e-06,5.331663564712880388e-06,5.321139334478817065e-06,5.312300967717238446e-06,5.304916078490553102e-06,5.298745842014757685e-06,5.293639457599785620e-06,5.289455588379547173e-06,5.285991183065619401e-06,5.283141682162501238e-06,5.280758449958609055e-06,5.278766583228944303e-06,5.277097947613069863e-06
2.750000000000000000e+01,6.978832971071824431e-06,6.294522821207832373e-06,5.896935607530473357e-06,5.563624357621328024e-06,5.359660569914977818e-06,5.427913520388762785e-06,5.450746907185197161e-06,5.448252557353536891e-06,5.435202663716801727e-06,5.417927591696805797e-06,5.400063954278123777e-06,5.383576898120221352e-06,5.369047399065465760e-06,5.356508499305576348e-06,5.345875794644426053e-06,5.336941719229969365e-06,5.329465066152987364e-06,5.323213899116787885e-06,5.318030252585463028e-06,5.313772861336496091e-06,5.310245787759668875e-06,5.307330210171780921e-06,5.304888150102498845e-06,5.302841119856306316e-06,5.301121001409117128e-06
2.755000000000000071e+01,6.978832971071824431e-06,6.316395701639268223e-06,5.920322985656196145e-06,5.588970741274081901e-06,5.386295473070060199e-06,5.454991502999875974e-06,5.477148263904350706e-06,5.474197074200376877e-06,5.460834580300412048e-06,5.443338135486772889e-06,5.425305396318279461e-06,5.408674393290570582e-06,5.394015829863554404e-06,5.381353433898274002e-06,5.370612254810036736e-06,5.361582470742701978e-06,5.354014053815422474e-06,5.347681956218820626e-06,5.342421047571142977e-06,5.338090134293445856e-06,5.334500392453719196e-06,5.331518738181063146e-06,5.329017850246389482e-06,5.326915656483669176e-06,5.325144055205165239e-06
2.760000000000000142e+01,6.978832971071824431e-06,6.338268582070704919e-06,5.943710363781918934e-06,5.614317124926836626e-06,5.412930376225144274e-06,5.482069485610989162e-06,5.503549620623506792e-06,5.500141591047217709e-06,5.486466496884023215e-06,5.468748679276740828e-06,5.450546838358435992e-06,5.433771888460921506e-06,5.418984260661644742e-06,5.406198368490971655e-06,5.395348714975647418e-06,5.386223222255435438e-06,5.378563041477858430e-06,5.372150013320852520e-06,5.366811842556821232e-06,5.362407407250397316e-06,5.358754997147770363e-06,5.355707266190345371e-06,5.353147550390281813e-06,5.350990193111033730e-06,5.349167109001215045e-06
2.765000000000000213e+01,6.978832971071824431e-06,6.359707469204859319e-06,5.966633274269881609e-06,5.639175339450379861e-06,5.439042544323863148e-06,5.508607956944887840e-06,5.529431703948763582e-06,5.525573831933149648e-06,5.511598629161992395e-06,5.493666470299637208e-06,5.475298863669323441e-06,5.458386659128770296e-06,5.443472451013441323e-06,5.430567626836205563e-06,5.419616257351010197e-06,5.410396552101449236e-06,5.402647698157985801e-06,5.396155420337289965e-06,5.390743477122509726e-06,5.386270230338484745e-06,5.382554339531088384e-06,5.379445122556374119e-06,5.376827397318143126e-06,5.374617024737185577e-06,5.372743265670688270e-06
2.770000000000000284e+01,6.978832971071824431e-06,6.380490700655818521e-06,5.988715760494849710e-06,5.663185989191064526e-06,5.464299735507089746e-06,5.534227439668020580e-06,5.554414950104237510e-06,5.550134569533396929e-06,5.535874388876511879e-06,5.517748921101797719e-06,5.499220813175039163e-06,5.482191852794878044e-06,5.467163439210871369e-06,5.454152525245360735e-06,5.443122160849394845e-06,5.433818290310318599e-06,5.426000475910415090e-06,5.419431951015242053e-06,5.413959666488061417e-06,5.409433582075492119e-06,5.405652702641045045e-06,5.402490036041237174e-06,5.399822744074847937e-06,5.397562893698189531e-06,5.395647357985208802e-06
2.775000000000000000e+01,6.978832971071824431e-06,6.402295031242174306e-06,6.011827902535642857e-06,5.688315723220823813e-06,5.490776777911687765e-06,5.561086438619027068e-06,5.580587086560419381e-06,5.575864360157895989e-06,5.561304633430937951e-06,5.542972219131567337e-06,5.524290151244345443e-06,5.507127631333500731e-06,5.491979995653474546e-06,5.478870955540841503e-06,5.467754997337767619e-06,5.458370707708554763e-06,5.450477086657318581e-06,5.443844286289493208e-06,5.438307966712510117e-06,5.433715350416578586e-06,5.429880272502414947e-06,5.426660415641012663e-06,5.423943622412461759e-06,5.421634228622292204e-06,5.419671366338551938e-06
2.780000000000000071e+01,6.978832971071824431e-06,6.424264629928448025e-06,6.035106697601939812e-06,5.713626584555163711e-06,5.517451257065128162e-06,5.588146057161899771e-06,5.606951648643258631e-06,5.601783365683597936e-06,5.586921734980206954e-06,5.568380166865824549e-06,5.549545197753900325e-06,5.532246398582231085e-06,5.516978728849302775e-06,5.503772851529863599e-06,5.492570231467595908e-06,5.483106129082375398e-06,5.475135593301676017e-06,5.468440455102526482e-06,5.462839502632752206e-06,5.458178137995332635e-06,5.454290608020665322e-06,5.451012955463910281e-06,5.448246671569074202e-06,5.445887723744944581e-06,5.443876636617782673e-06
2.785000000000000142e+01,6.978832971071824431e-06,6.446564252222969309e-06,6.058726052386571612e-06,5.739288319965424357e-06,5.544497818348966930e-06,5.615592236856698724e-06,5.633693078389228195e-06,5.628072901565056750e-06,5.612899401029075172e-06,5.594140737133706067e-06,5.575147885253259623e-06,5.557710153694720376e-06,5.542318048580500160e-06,5.529005594953757074e-06,5.517711876384370855e-06,5.508164386906904868e-06,5.500116160409072272e-06,5.493351772873482148e-06,5.487684067422206013e-06,5.482952208336570363e-06,5.479008874932957852e-06,5.475669859195061497e-06,5.472853509351905302e-06,5.470444660187685532e-06,5.468383421051574059e-06
2.790000000000000213e+01,6.978832971071824431e-06,6.468205570316464055e-06,6.081609577815001385e-06,5.764167459726440469e-06,5.570724689264609671e-06,5.642201746053278517e-06,5.659617477402457294e-06,5.653557773882969581e-06,5.638086684343635171e-06,5.619124118092323781e-06,5.599973319026799328e-06,5.582406561794019368e-06,5.566898203261127928e-06,5.553484501012596926e-06,5.542104063995223767e-06,5.532475709447952367e-06,5.524355628901415400e-06,5.517521531000107969e-06,5.511790330160537066e-06,5.506999924731532489e-06,5.502997574511722637e-06,5.499605439982707901e-06,5.496739085861799737e-06,5.494280554012446765e-06,5.492173293065540139e-06
2.795000000000000284e+01,6.978832971071824431e-06,6.489701993430975255e-06,6.104210065507141835e-06,5.788792592152782485e-06,5.596749008909931106e-06,5.668566265968843220e-06,5.685290559162226892e-06,5.678798767721429849e-06,5.663040156773372642e-06,5.643883348868992726e-06,5.624581984066921725e-06,5.606893869787230881e-06,5.591287448693700861e-06,5.577789529526479058e-06,5.566333966524405021e-06,5.556637058516831388e-06,5.548455698139784497e-06,5.541558993846103142e-06,5.535771276740140772e-06,5.530929108859976440e-06,5.526874484035789423e-06,5.523437139497512071e-06,5.520523026212236184e-06,5.518022178777051218e-06,5.515872173360000603e-06
2.800000000000000000e+01,6.978832971071824431e-06,6.511377292227707266e-06,6.126953376084807711e-06,5.813587817056724820e-06,5.622979601025556894e-06,5.695126098435006817e-06,5.711149064816569768e-06,5.704223828457919554e-06,5.688176291560412764e-06,5.668824325008128003e-06,5.649374696242433718e-06,5.631565305856839297e-06,5.615865592406021437e-06,5.602287564895752501e-06,5.590759855236141423e-06,5.580998350643635518e-06,5.572758502567547497e-06,5.565801139439864354e-06,5.559958626344050142e-06,5.555063993467087544e-06,5.550960283816083963e-06,5.547478210313187236e-06,5.544517183336055444e-06,5.541977065261405981e-06,5.539784236965383652e-06
2.805000000000000071e+01,6.978832971071824431e-06,6.533052591024440971e-06,6.149696686662473586e-06,5.838383041960667154e-06,5.649210193141183530e-06,5.721685930901171261e-06,5.737007570470915185e-06,5.729648889194410106e-06,5.713312426347454580e-06,5.693765301147264127e-06,5.674167408417947405e-06,5.656236741926448560e-06,5.640443736118342012e-06,5.626785600265026791e-06,5.615185743947879519e-06,5.605359642770440495e-06,5.597061306995313038e-06,5.590043285033625565e-06,5.584145975947961207e-06,5.579198878074201188e-06,5.575046083596377656e-06,5.571519281128861554e-06,5.568511340459874703e-06,5.565931951745761590e-06,5.563696300570768396e-06
2.810000000000000142e+01,6.978832971071825278e-06,6.554678906472300102e-06,6.172391050089043400e-06,5.863123546421883712e-06,5.675380082952700594e-06,5.748185882504843185e-06,5.762808609707703129e-06,5.755016843805914754e-06,5.738391815372362924e-06,5.718650073971409179e-06,5.698903025014032840e-06,5.680851719201306683e-06,5.664964631384510708e-06,5.651225963531774531e-06,5.639553238859362529e-06,5.629661823853100849e-06,5.621305376828824164e-06,5.614225589283205400e-06,5.608273473889171954e-06,5.603274833205578148e-06,5.599071943069528563e-06,5.595500519768113108e-06,5.592445568394810676e-06,5.589826683544756275e-06,5.587548355567404122e-06
2.815000000000000213e+01,6.978832971071824431e-06,6.576202613558247103e-06,6.194985743937890397e-06,5.887761014544019630e-06,5.701443589731397486e-06,5.774577093369959818e-06,5.788503556146754725e-06,5.780280780771619598e-06,5.763370658366430505e-06,5.743435971640559429e-06,5.723539344332575543e-06,5.705370005200931435e-06,5.689390518964805910e-06,5.675571542177830995e-06,5.663826906279218344e-06,5.653871259654982008e-06,5.645456647906835547e-06,5.638316402490869011e-06,5.632310630835823389e-06,5.627261573890444809e-06,5.623008086426471873e-06,5.619392550194511177e-06,5.616292821095482659e-06,5.613632864891831376e-06,5.611311763426144355e-06
2.820000000000000284e+01,6.978832971071824431e-06,6.597336001952150549e-06,6.217121749463382251e-06,5.911971644984795603e-06,5.727111138908564956e-06,5.800515869478913758e-06,5.813761195062682220e-06,5.805117393658111993e-06,5.787942192904908005e-06,5.767822648713675298e-06,5.747787732511709774e-06,5.729529316846702592e-06,5.713469859634258746e-06,5.699579736730178613e-06,5.687773147647410247e-06,5.677763820459100885e-06,5.669295491493472850e-06,5.662107819201100080e-06,5.656050416573756045e-06,5.650961816362906352e-06,5.646654794333263202e-06,5.643000922014460304e-06,5.639862431224281384e-06,5.637158353420795819e-06,5.634805471582711100e-06
2.825000000000000000e+01,6.978832971071824431e-06,6.618430847526385880e-06,6.239223261865567627e-06,5.936145732739634348e-06,5.752739321104600747e-06,5.826413554267256325e-06,5.838979154867923214e-06,5.829914743842069000e-06,5.812477038643864228e-06,5.792172842398322065e-06,5.772000225985948295e-06,5.753652853360404512e-06,5.737514050014032428e-06,5.723553418678839243e-06,5.711684900225056392e-06,5.701621930313533802e-06,5.693099890727273489e-06,5.685865470462380414e-06,5.679755921480276898e-06,5.674628379412334350e-06,5.670267920976955351e-06,5.666575106801060443e-06,5.663399066050895308e-06,5.660649770592054406e-06,5.658265753012305128e-06
2.830000000000000071e+01,6.978832971071824431e-06,6.638699047291675900e-06,6.260447177668041071e-06,5.959363843831387705e-06,5.777406485859734700e-06,5.851337898509516823e-06,5.863234533371865939e-06,5.853769793313765333e-06,5.836074529521059251e-06,5.815597071622655533e-06,5.795298259162849659e-06,5.776861631583315124e-06,5.760657878218761982e-06,5.746639037517065552e-06,5.734718032118575822e-06,5.724604859556792184e-06,5.716035265582561639e-06,5.708758063579551273e-06,5.702605381531543007e-06,5.697435505721388542e-06,5.693037573060801917e-06,5.689305129811968504e-06,5.686089263997353538e-06,5.683305626591045346e-06,5.680889209773305749e-06
2.835000000000000142e+01,6.978832971071824431e-06,6.658810679529122823e-06,6.281407126690321185e-06,5.982276125159330275e-06,5.801788298361706561e-06,5.875996525880948294e-06,5.887210547769961816e-06,5.877350980613531690e-06,5.859383659339921396e-06,5.838726811876749038e-06,5.818300080820025434e-06,5.799774792236557639e-06,5.783503499418207980e-06,5.769423845589368252e-06,5.757460659300484145e-06,5.747289843129878647e-06,5.738673697107510913e-06,5.731349959151741866e-06,5.725168571381624200e-06,5.719951909621256540e-06,5.715510670117524670e-06,5.711742614560956553e-06,5.708487397271801417e-06,5.705670784914883849e-06,5.703225956363006569e-06
2.840000000000000213e+01,6.978832971071824431e-06,6.679343535515565872e-06,6.302808436846765001e-06,6.005714703347801492e-06,5.826731874480424223e-06,5.901175140791536578e-06,5.911704191451612701e-06,5.901444821372375808e-06,5.883216609406780224e-06,5.862386404579697701e-06,5.841842160957537883e-06,5.823236932134585203e-06,5.806902054225914147e-06,5.792769365820998102e-06,5.780760813130196410e-06,5.770544971655060376e-06,5.761885039039720224e-06,5.754519281712239175e-06,5.748301069452252962e-06,5.743042112847039074e-06,5.738564358940548014e-06,5.734756950482563599e-06,5.731465478330347526e-06,5.728617127265265799e-06,5.726138822132379937e-06
2.845000000000000284e+01,6.978832971071824431e-06,6.700005730892535181e-06,6.324337137308078683e-06,6.029335198867487113e-06,5.851876708287637603e-06,5.926515844755701843e-06,5.936364788050861144e-06,5.925707055002499321e-06,5.907232404028389344e-06,5.886236577037029405e-06,5.865589324883643437e-06,5.846909182511116979e-06,5.830517133268651444e-06,5.816341235004067752e-06,5.804290756983139693e-06,5.794039294217659039e-06,5.785336466565412538e-06,5.777936014571183719e-06,5.771676532797451176e-06,5.766383192909647722e-06,5.761870476997208392e-06,5.758019269192545930e-06,5.754701983671640621e-06,5.751818127092041074e-06,5.749305741861527929e-06
2.850000000000000000e+01,6.978832971071824431e-06,6.720704683795619770e-06,6.345892954918863192e-06,6.052988900109355633e-06,5.877057934597526795e-06,5.951889001782086640e-06,5.961056989591185930e-06,5.950001119115862386e-06,5.931278640993945611e-06,5.910117704009733488e-06,5.889368428292811802e-06,5.870616090758619529e-06,5.854165841334804878e-06,5.839946941224858138e-06,5.827853121388791745e-06,5.817567951468272317e-06,5.808823600892142779e-06,5.801387596120085930e-06,5.795086574978102408e-06,5.789757878340563906e-06,5.785213020540067688e-06,5.781318597047225094e-06,5.777973108420600835e-06,5.775055636541233292e-06,5.772509357038099710e-06
2.855000000000000071e+01,6.978832971071824431e-06,6.742509421012167211e-06,6.368619998926201954e-06,6.077957058394147254e-06,5.903702776401500204e-06,5.978710908525739167e-06,5.987156726769348142e-06,5.975686074801213873e-06,5.956703957672511050e-06,5.935378322719456116e-06,5.914530432405504465e-06,5.895716172272007637e-06,5.879211579093072978e-06,5.864951401865433849e-06,5.852816260849174465e-06,5.842500806984903790e-06,5.833719469819068944e-06,5.826248359299349906e-06,5.819910720439111930e-06,5.814547080458385941e-06,5.809969644938142204e-06,5.806040278102112123e-06,5.802659964474274476e-06,5.799711809562737021e-06,5.797135246115852192e-06
2.860000000000000142e+01,6.978832971071824431e-06,6.764052650761455660e-06,6.391034521276579613e-06,6.102596898863741727e-06,5.930016496216799452e-06,6.005184346389012037e-06,6.012914549458871422e-06,6.001035999719455015e-06,5.981797027648450696e-06,5.960316246477081341e-06,5.939375596660367462e-06,5.920502150032685168e-06,5.903948887563992986e-06,5.889649850795991271e-06,5.877477548889180808e-06,5.867132503164112603e-06,5.858317490144876527e-06,5.850811172390798378e-06,5.844440100122585666e-06,5.839043188598376986e-06,5.834435655903274082e-06,5.830472971564559120e-06,5.827057643507212918e-06,5.824081308938444131e-06,5.821475199589963962e-06
2.865000000000000213e+01,6.978832971071825278e-06,6.785566578146712440e-06,6.413416922513940262e-06,6.127202687977833972e-06,5.956295434370557644e-06,6.031621720846980431e-06,6.038637121684830756e-06,6.026351318450691227e-06,6.006855914118726058e-06,5.985220814921378939e-06,5.964187829635835663e-06,5.945255497835376389e-06,5.928653991911221267e-06,5.914316284290799596e-06,5.902107180526038796e-06,5.891732565837466694e-06,5.882884207208925787e-06,5.875342769371243450e-06,5.868938572266131390e-06,5.863508465020312231e-06,5.858870952175960519e-06,5.854875193263292311e-06,5.851424929529956866e-06,5.848420440021047303e-06,5.845784988015332323e-06
2.870000000000000284e+01,6.978832971071824431e-06,6.805980802825343993e-06,6.434661439924175600e-06,6.150594002417510248e-06,5.981321910923475852e-06,6.056774496535320583e-06,6.063107473246433991e-06,6.050435506864295866e-06,6.030702005365954752e-06,6.008937803679827998e-06,5.987822986300907427e-06,5.968842601158494459e-06,5.952204035372796856e-06,5.937832624476749850e-06,5.925597806091226663e-06,5.915193080514061774e-06,5.906322578890681454e-06,5.898751692095524835e-06,5.892324598836888008e-06,5.886861752228514749e-06,5.882194691660980991e-06,5.878176416943201575e-06,5.874696410484062551e-06,5.871658900029893940e-06,5.869004222262284084e-06
2.875000000000000000e+01,6.978832971071824431e-06,6.826805377833295696e-06,6.456320773504280420e-06,6.174462528850884770e-06,6.006880077446500369e-06,6.082443336725563407e-06,6.088080554470353766e-06,6.075016116227380785e-06,6.055045923758780036e-06,6.033154795587418751e-06,6.011965658457390948e-06,5.992937058152145967e-06,5.976267632202834921e-06,5.961863774840510505e-06,5.949609214058857286e-06,5.939175918860678566e-06,5.930279547138263967e-06,5.922681633118820757e-06,5.916228530991855404e-06,5.910738662514538492e-06,5.906043227091569420e-06,5.902000357843583737e-06,5.898491751654798587e-06,5.895424821262790765e-06,5.892744078630568960e-06
2.880000000000000071e+01,6.978832971071824431e-06,6.848410317578354510e-06,6.478811879761110895e-06,6.199278924280361423e-06,6.033495089148313982e-06,6.109142811897007953e-06,6.114059216655128221e-06,6.100592070470336975e-06,6.080390465124496777e-06,6.058374998435914949e-06,6.037118666843091626e-06,6.018049905649158320e-06,6.001351867270618382e-06,5.986921436220964273e-06,5.974649711626464673e-06,5.964193282073903187e-06,5.955269836025245635e-06,5.947647205164047045e-06,5.941167009464310472e-06,5.935651680899785136e-06,5.930932582236516236e-06,5.926860512070232444e-06,5.923328105083796430e-06,5.920230596618847465e-06,5.917521903830287986e-06
2.885000000000000142e+01,6.978832971071824431e-06,6.869931988119583754e-06,6.501201373684576593e-06,6.224001769500975094e-06,6.060036181696581536e-06,6.135749050128956765e-06,6.139945573771259399e-06,6.126080948754778796e-06,6.105655057559744535e-06,6.083522261798024083e-06,6.062204525641315284e-06,6.043099406927365940e-06,6.026376586104259590e-06,6.011923174458296900e-06,5.999636072063975234e-06,5.989158503501184424e-06,5.980210075980100295e-06,5.972566265044719232e-06,5.966059514525432145e-06,5.960520606954887705e-06,5.955778222032048968e-06,5.951677449796874150e-06,5.948121662832276655e-06,5.944997160428103698e-06,5.942259525478838185e-06
2.890000000000000213e+01,6.978832971071824431e-06,6.890975608129184592e-06,6.523109825985970727e-06,6.248208505450283132e-06,6.086037669689850740e-06,6.161806287623914796e-06,6.165295672949977567e-06,6.151048661591906067e-06,6.130405920948740512e-06,6.108160212088843067e-06,6.086787970715393955e-06,6.067647953346031520e-06,6.050902004186319319e-06,6.036429343699773472e-06,6.024126575568689452e-06,6.013629541309942715e-06,6.004661849026343857e-06,5.996998481227037257e-06,5.990468561215798009e-06,5.984905814295777331e-06,5.980139988017759246e-06,5.976011765706535008e-06,5.972432341483388243e-06,5.969284682445568007e-06,5.966519507444608546e-06
2.895000000000000284e+01,6.978832971071824431e-06,6.911062558308113861e-06,6.544044571863436108e-06,6.271369069692604579e-06,6.110947135688753618e-06,6.186751741639250640e-06,6.189558915944343625e-06,6.174959886761154529e-06,6.154115441894993308e-06,6.131766298315335787e-06,6.110352481714728808e-06,6.091180592575405704e-06,6.074415001899654358e-06,6.059931662388745845e-06,6.047611678186552792e-06,6.037098564453067395e-06,6.028124115012500785e-06,6.020444532022388945e-06,6.013898258012618633e-06,6.008310289863971153e-06,6.003520860143249428e-06,5.999367854083507461e-06,5.995763415297492585e-06,5.992601349377951755e-06,5.989811679504876882e-06
2.900000000000000000e+01,6.978832971071824431e-06,6.932065553677861796e-06,6.565959837090900404e-06,6.295647552056290459e-06,6.137108041463200730e-06,6.212909814573682364e-06,6.215008026122580805e-06,6.200052523742796207e-06,6.179009973927271651e-06,6.156570127791448325e-06,6.135116421711852513e-06,6.115922821463106639e-06,6.099147594033504638e-06,6.084656343229910239e-06,6.072326466185520066e-06,6.061807025375806175e-06,6.052818589803826937e-06,6.045122775861409714e-06,6.038560198088913809e-06,6.032953850107581413e-06,6.028139900011105701e-06,6.023967491628375805e-06,6.020339678452314666e-06,6.017159953477859207e-06,6.014350762223342548e-06
2.905000000000000071e+01,6.978832971071824431e-06,6.953266808090838216e-06,6.588138308874760697e-06,6.320264385125227206e-06,6.163690871455635521e-06,6.239439167701596776e-06,6.240831781377999055e-06,6.225532222198876707e-06,6.204309030127129457e-06,6.181791093273493839e-06,6.160304694902636849e-06,6.141103753465258166e-06,6.124329103380299341e-06,6.109834156130152706e-06,6.097504543493020320e-06,6.086980716423922466e-06,6.077984462553263968e-06,6.070276444052781828e-06,6.063701774190412097e-06,6.058078935626230088e-06,6.053248683586745239e-06,6.049059772387574752e-06,6.045411571712914077e-06,6.042210644725246979e-06,6.039385075356070104e-06
2.910000000000000142e+01,6.978832971071824431e-06,6.974468062503814635e-06,6.610316780658619297e-06,6.344881218194163952e-06,6.190273701448068618e-06,6.265968520829510340e-06,6.266655536633417306e-06,6.251011920654957207e-06,6.229608086326988110e-06,6.207012058755539353e-06,6.185492968093422031e-06,6.166284685467409693e-06,6.149510612727094892e-06,6.135011969030396020e-06,6.122682620800521420e-06,6.112154407472037909e-06,6.103150335302700999e-06,6.095430112244155636e-06,6.088843350291911233e-06,6.083204021144879611e-06,6.078357467162383930e-06,6.074152053146772851e-06,6.070483464973514334e-06,6.067261335972634751e-06,6.064419388488796814e-06
2.915000000000000213e+01,6.978832971071824431e-06,6.995669316916791902e-06,6.632495252442479590e-06,6.369498051263099852e-06,6.216856531440502561e-06,6.292497873957424752e-06,6.292479291888836403e-06,6.276491619111036860e-06,6.254907142526846764e-06,6.232233024237584867e-06,6.210681241284206367e-06,6.191465617469559526e-06,6.174692122073888748e-06,6.160189781930640181e-06,6.147860698108022521e-06,6.137328098520154200e-06,6.128316208052137183e-06,6.120583780435528597e-06,6.113984926393409522e-06,6.108329106663527439e-06,6.103466250738024315e-06,6.099244333905970951e-06,6.095555358234112898e-06,6.092312027220022524e-06,6.089453701621524370e-06
2.920000000000000284e+01,6.978832971071824431e-06,7.016648676467727195e-06,6.654499748174285416e-06,6.393967839207503606e-06,6.243330196725144759e-06,6.318876781569988081e-06,6.318172854543622271e-06,6.301855079740924244e-06,6.280110713262672987e-06,6.257369499949296939e-06,6.235793684270137480e-06,6.216582442450575320e-06,6.199815314894941753e-06,6.185315163350334459e-06,6.172992432927199206e-06,6.162461306042738642e-06,6.153447437206864346e-06,6.145708602831931994e-06,6.139097499416035209e-06,6.133427791594818853e-06,6.128554532420261212e-06,6.124315789891485615e-06,6.120609023177502228e-06,6.117347277583110336e-06,6.114472334579325095e-06
2.925000000000000000e+01,6.978832971071824431e-06,7.037215965668482148e-06,6.676212725586720264e-06,6.418202973829927438e-06,6.269649890690274678e-06,6.345019424163560762e-06,6.343665398314036600e-06,6.327053617624350254e-06,6.305181006615163739e-06,6.282399110481942829e-06,6.260824137770335855e-06,6.241630065253298206e-06,6.224879792278559350e-06,6.210401091909348008e-06,6.198095418676676095e-06,6.187572092260636104e-06,6.178562697099925444e-06,6.170828122983310819e-06,6.164209229906270741e-06,6.158535368588883524e-06,6.153649504284472465e-06,6.149398711836235001e-06,6.145679569673882667e-06,6.142402426955390441e-06,6.139510714518303642e-06
2.930000000000000071e+01,6.978832971071824431e-06,7.057783254869238794e-06,6.697925702999159346e-06,6.442438108452355506e-06,6.295969584655407137e-06,6.371162066757135137e-06,6.369157942084454317e-06,6.352252155507778805e-06,6.330251299967657033e-06,6.307428721014590414e-06,6.285854591270538465e-06,6.266677688056025327e-06,6.249944269662179489e-06,6.235487020468364098e-06,6.223198404426156372e-06,6.212682878478536108e-06,6.203677956992989084e-06,6.195947643134693032e-06,6.189320960396509661e-06,6.183642945582949890e-06,6.178744476148687106e-06,6.174481633780987776e-06,6.170750116170267341e-06,6.167457576327673088e-06,6.164549094457286423e-06
2.935000000000000142e+01,6.978832971071824431e-06,7.078350544069995440e-06,6.719638680411596735e-06,6.466673243074780185e-06,6.322289278620539597e-06,6.397304709350708664e-06,6.394650485854870340e-06,6.377450693391207355e-06,6.355321593320151173e-06,6.332458331547237151e-06,6.310885044770738534e-06,6.291725310858749907e-06,6.275008747045800474e-06,6.260572949027379341e-06,6.248301390175635802e-06,6.237793664696435264e-06,6.228793216886051876e-06,6.221067163286073552e-06,6.214432690886746886e-06,6.208750522577014561e-06,6.203839448012900901e-06,6.199564555725738856e-06,6.195820662666649474e-06,6.192512725699954040e-06,6.189587474396267511e-06
2.940000000000000213e+01,6.978832971071824431e-06,7.098821700283315641e-06,6.741277906172943215e-06,6.490841672303226933e-06,6.348554188710642775e-06,6.423380858834152970e-06,6.420083660981976488e-06,6.402598285862789386e-06,6.380344247021034181e-06,6.357444334120849150e-06,6.335875989067864084e-06,6.316736306816113071e-06,6.300038698443569357e-06,6.285626323332663183e-06,6.273374804473933166e-06,6.262875823114483137e-06,6.253881813446490918e-06,6.246160066074262975e-06,6.239520775136524574e-06,6.233834564349305325e-06,6.228911807569012951e-06,6.224626225168348041e-06,6.220871013266162111e-06,6.217548261643928658e-06,6.214607248186057355e-06
2.945000000000000284e+01,6.978832971071824431e-06,7.118610132733195774e-06,6.762298049953650308e-06,6.514402877725277044e-06,6.374260815384217482e-06,6.448837846194358753e-06,6.444941364277220785e-06,6.427218219701539978e-06,6.404860824734119701e-06,6.381939963825887678e-06,6.360393374755705871e-06,6.341295105646082100e-06,6.324627827032745249e-06,6.310244465449934579e-06,6.298022201933389704e-06,6.287552308135122036e-06,6.278574752141683424e-06,6.270849007772130417e-06,6.264221756331581030e-06,6.258523300046799114e-06,6.253600320222901839e-06,6.249308767245565619e-06,6.245549787439354335e-06,6.242219051297749762e-06,6.239274419773329414e-06
2.950000000000000000e+01,6.978832971071824431e-06,7.138360680238325222e-06,6.783482091378473677e-06,6.538212429889717071e-06,6.400269299753869555e-06,6.474553937307450836e-06,6.470079620391498075e-06,6.452129938486799568e-06,6.429688479802179866e-06,6.406767486840281474e-06,6.385259736407810086e-06,6.366207919386281497e-06,6.349583440400416418e-06,6.335238620451930875e-06,6.323050867371480949e-06,6.312608165947388774e-06,6.303649683992939459e-06,6.295935393881342968e-06,6.289313381100986885e-06,6.283614919188871280e-06,6.278691845822068853e-06,6.274396418961187516e-06,6.270633686404218686e-06,6.267297603771447960e-06,6.264345571531234212e-06
2.955000000000000071e+01,6.978832971071824431e-06,7.158101213102804574e-06,6.804747609874816109e-06,6.562141892589651984e-06,6.426421695949049202e-06,6.500395037016369914e-06,6.495352200139696834e-06,6.477180657398875474e-06,6.454663668321568575e-06,6.431751907946761879e-06,6.410290652122256321e-06,6.391287341157259119e-06,6.374711221035201075e-06,6.360409263804588499e-06,6.348258392520312546e-06,6.337841713324150747e-06,6.328903416459856924e-06,6.321207734194484728e-06,6.314587730497503773e-06,6.308894962217208896e-06,6.303971698738054271e-06,6.299673334352644433e-06,6.295906776384435384e-06,6.292566452291656703e-06,6.289605141413895668e-06
2.960000000000000142e+01,6.978832971071824431e-06,7.177841745967283926e-06,6.826013128371160236e-06,6.586071355289587745e-06,6.452574092144230543e-06,6.526236136725288993e-06,6.520624779887896441e-06,6.502231376310953074e-06,6.479638856840958978e-06,6.456736329053243131e-06,6.435321567836704250e-06,6.416366762928236741e-06,6.399839001669985731e-06,6.385579907157248665e-06,6.373465917669144991e-06,6.363075260700912720e-06,6.354157148926773542e-06,6.346480074507628182e-06,6.339862079894022356e-06,6.334175005245546511e-06,6.329251551654040535e-06,6.324950249744103043e-06,6.321179866364652930e-06,6.317835300811865446e-06,6.314864711296558819e-06
2.965000000000000213e+01,6.978832971071824431e-06,7.196659601598341902e-06,6.846736227983307249e-06,6.609546380853329889e-06,6.478291008078154751e-06,6.551517900829263893e-06,6.545416468869188856e-06,6.526861851452916913e-06,6.504244889250170348e-06,6.481389937018102498e-06,6.460050069581914413e-06,6.441170653644889810e-06,6.424713467708352815e-06,6.410514623466086731e-06,6.398452261545566470e-06,6.388102297270588965e-06,6.379216219003722199e-06,6.371564957799242450e-06,6.364963043310239291e-06,6.359288534016005911e-06,6.354372263898287294e-06,6.350075019024054570e-06,6.346305472396892601e-06,6.342960942267756502e-06,6.339987517931852922e-06
2.970000000000000284e+01,6.978832971071824431e-06,7.214595048087334351e-06,6.866818539817825203e-06,6.632423833958320975e-06,6.503440501321209000e-06,6.576142791743101504e-06,6.569614635059609522e-06,6.550947056726250974e-06,6.528345473569642282e-06,6.505567291317257944e-06,6.484323369115455961e-06,6.465539852704575886e-06,6.449168840665520204e-06,6.435043414941720589e-06,6.423043021310149850e-06,6.412745371419820839e-06,6.403900020826593483e-06,6.396279548025188212e-06,6.389705747204744577e-06,6.384048920045582861e-06,6.379145563555285838e-06,6.374857684822686645e-06,6.371092783390549581e-06,6.367751205851358074e-06,6.364780829227486207e-06
2.975000000000000000e+01,6.978832971071824431e-06,7.232530494576325106e-06,6.886900851652341462e-06,6.655301287063309520e-06,6.528589994564259013e-06,6.600767682656936573e-06,6.593812801250027646e-06,6.575032261999583340e-06,6.552446057889110828e-06,6.529744645616410002e-06,6.508596668648994121e-06,6.489909051764260268e-06,6.473624213622684206e-06,6.459572206417350213e-06,6.447633781074729842e-06,6.437388445569050172e-06,6.428583822649462225e-06,6.420994138251132281e-06,6.414448451099246474e-06,6.408809306075157269e-06,6.403918863212281840e-06,6.399640350621314485e-06,6.395880094384204019e-06,6.392541469434956257e-06,6.389574140523116103e-06
2.980000000000000071e+01,6.978832971071824431e-06,7.250465941065315862e-06,6.906983163486860262e-06,6.678178740168300606e-06,6.553739487807314109e-06,6.625392573570775031e-06,6.618010967440450006e-06,6.599117467272918248e-06,6.576546642208582762e-06,6.553921999915564601e-06,6.532869968182536516e-06,6.514278250823946344e-06,6.498079586579851595e-06,6.484100997892982377e-06,6.472224540839313222e-06,6.462031519718281199e-06,6.453267624472333509e-06,6.445708728477078890e-06,6.439191154993752607e-06,6.433569692104735066e-06,6.428692162869280383e-06,6.424423016419945713e-06,6.420667405377860998e-06,6.417331733018556982e-06,6.414367451818748540e-06
2.985000000000000142e+01,6.978832971071824431e-06,7.268401387554309158e-06,6.927065475321379063e-06,6.701056193273291693e-06,6.578888981050367511e-06,6.650017464484612641e-06,6.642209133630870671e-06,6.623202672546252309e-06,6.600647226528053850e-06,6.578099354214719200e-06,6.557143267716076370e-06,6.538647449883633267e-06,6.522534959537018985e-06,6.508629789368615389e-06,6.496815300603896602e-06,6.486674593867513073e-06,6.477951426295205639e-06,6.470423318703025499e-06,6.463933858888257046e-06,6.458330078134311169e-06,6.453465462526278080e-06,6.449205682218577789e-06,6.445454716371517130e-06,6.442121996602158553e-06,6.439160763114381825e-06
2.990000000000000213e+01,6.978832971071824431e-06,7.286480955869483641e-06,6.947155673137656181e-06,6.723945211900917695e-06,6.604133618448832368e-06,6.674759695662240891e-06,6.666509411473095831e-06,6.647378539846179407e-06,6.624832934991485853e-06,6.602354909765688459e-06,6.581488357022041084e-06,6.563083438265035928e-06,6.547059321886972769e-06,6.533222256711389757e-06,6.521469199423931437e-06,6.511379590789682787e-06,6.502697047245225776e-06,6.495199368796162177e-06,6.488735405290374563e-06,6.483149012922959437e-06,6.478296887123857940e-06,6.474046808850288672e-06,6.470299054073653616e-06,6.466968363237108017e-06,6.464009125174361976e-06
2.995000000000000284e+01,6.978832971071824431e-06,7.346052369618518040e-06,7.013672709806139332e-06,6.800711206093501586e-06,6.689774842307788794e-06,6.758258806222935701e-06,6.748741753862139375e-06,6.729428183253017801e-06,6.707090534353689075e-06,6.684996743910581690e-06,6.664596430900458355e-06,6.646664017133259936e-06,6.631065910523340291e-06,6.617593857187253595e-06,6.606085763670562393e-06,6.596188920299449956e-06,6.587680803552423427e-06,6.580301190766434159e-06,6.573942839548480870e-06,6.568443696513569397e-06,6.563648460147105231e-06,6.559453735510571171e-06,6.555735541549830940e-06,6.552442020758459245e-06,6.549498021716056300e-06
3.000000000000000000e+01,6.978832971071824431e-06,7.293086582649266347e-06,6.957327059353701770e-06,6.736264367646072060e-06,6.617259714403189719e-06,6.686873803118942305e-06,6.678763384115882218e-06,6.659867722191847861e-06,6.637589649471919984e-06,6.615347047045361251e-06,6.594686055905185640e-06,6.576463420060463250e-06,6.560613655892666429e-06,6.546907115989597514e-06,6.535254669870482758e-06,6.525249318656278774e-06,6.516642315546050668e-06,6.509204922622302547e-06,6.502793894469505176e-06,6.497250979009550065e-06,6.492434295068960637e-06,6.488219696620944887e-06,6.484500772785395384e-06,6.481189302576240152e-06,6.478248906205408275e-06
