# radius_m elevation_m xO2_liq TRUE-stagnant-O2-IC-2880h
1.15283486099999999e-01 4.88324445509999983e-02 3.28759992022070012e-10
5.33588524843999989e-01 5.94942114146666604e-02 3.28832071433454018e-10
3.12087891584999999e-01 6.25065402110000085e-02 3.28788622723936997e-10
7.62650573243999985e-01 6.26986308050000024e-02 3.28889047395694991e-10
1.00744245975800006e+00 7.19931604196666630e-02 3.28962640977491007e-10
2.19195399773000021e+00 7.32435185103333247e-02 3.29715971884269006e-10
1.26928602453333350e+00 8.06393392676666709e-02 3.29066151697898993e-10
1.56122323124999984e+00 8.20951606936666661e-02 3.29218580766876001e-10
1.87108396850333314e+00 9.61204579039999923e-02 3.29441642449854014e-10
2.93380350163999992e+00 9.61633335893333357e-02 3.30493564705808017e-10
2.53298178745333358e+00 9.95850151723333271e-02 3.30044264674782005e-10
3.55279973274666672e+00 1.07329020013666662e-01 3.31092632166033978e-10
2.23464962526333327e-01 1.11338984761999993e-01 3.28757115367586016e-10
4.87885370833333332e-02 1.15499111217999995e-01 3.28731341924160021e-10
4.28726407712000046e-01 1.22000751625666662e-01 3.28789411443166006e-10
6.52079181609666603e-01 1.22192842219666656e-01 3.28839470371557992e-10
4.31885142604666683e+00 1.22523271694999991e-01 3.31582358978249989e-10
5.15876903441666723e+00 1.31971328372666674e-01 3.31953185328216993e-10
8.83614902869000018e-01 1.34691791224666652e-01 3.28899624886623995e-10
6.06164046526333333e+00 1.49839762992333342e-01 3.32197190167024975e-10
1.13181922319999995e+00 1.52632499687333334e-01 3.28977445189688983e-10
7.04580790148666569e+00 1.62424392441000015e-01 3.32327221384118012e-10
1.40998451917000001e+00 1.62734499961333351e-01 3.29094409085475006e-10
2.03508247749333337e+00 1.69363976414333317e-01 3.29540359714843993e-10
8.06700366430666627e+00 1.72238229623666667e-01 3.32414897922072984e-10
2.36264667748333324e+00 1.72828533682666680e-01 3.29827236305377008e-10
9.15843872313999974e+00 1.73533832306666663e-01 3.32496396167648988e-10
1.71783993294666648e+00 1.78215618597666658e-01 3.29279440202186011e-10
1.03197292847199993e+01 1.78774245297000006e-01 3.32540398855696998e-10
1.15532078292333349e+01 1.87329030627000015e-01 3.32543416885474024e-10
2.72105348981000006e+00 1.95748348761666691e-01 3.30188925155378995e-10
1.28806820411999983e+01 1.99744199312999998e-01 3.32508935759680022e-10
3.21371849450333302e+00 2.03492353602999998e-01 3.30704017777160010e-10
1.42869602143333339e+01 2.10863237195666658e-01 3.32474483386657021e-10
2.11821857337999991e-01 2.14047978997999988e-01 3.28684842416581016e-10
1.03640380911666663e-01 2.18208105454000018e-01 3.28668169733652991e-10
1.89899747445333311e+01 2.18715579087000012e-01 3.32249529499510018e-10
1.57864255832666682e+01 2.20881578905666648e-01 3.32489436731705014e-10
3.91834724587666727e+00 2.29852291708666640e-01 3.31196232162701981e-10
1.73740319769666662e+01 2.31867461395666691e-01 3.32484290187931978e-10
4.60995151596000075e-01 2.39470343363333310e-01 3.28713226988418983e-10
6.61829411630333375e-01 2.46175821158333336e-01 3.28762788105333015e-10
4.70731728105333413e+00 2.54494600067666665e-01 3.31598133700110987e-10
8.74196628299666600e-01 2.56605648232333339e-01 3.28815054426876025e-10
5.57878071546333398e+00 2.81811091364999988e-01 3.31894299368283980e-10
5.75607498748666679e-01 3.00946782090999954e-01 3.28699342770741001e-10
2.76197179229666689e-01 3.02014479681333325e-01 3.28616389780319023e-10
5.48518438283333298e-02 3.02708994236999984e-01 3.28589896802235008e-10
7.62982528695333340e-01 3.08595466751333314e-01 3.28733517555345999e-10
6.53655524114333275e+00 3.12264155433333357e-01 3.32046857301572986e-10
1.10097386214666670e+00 3.15863569528333332e-01 3.28838242257028001e-10
3.91025545427333310e-01 3.16775077183000020e-01 3.28636669889279981e-10
1.39247469529333334e+00 3.29251144613666669e-01 3.28950156181557974e-10
7.55086278807666655e+00 3.34662622064666682e-01 3.32111774675027984e-10
2.09691300155666660e+00 3.39876095890000007e-01 3.29417323663374007e-10
2.31318646508666648e+00 3.43340653158333342e-01 3.29617510458988013e-10
8.60653777726666647e+00 3.45772061930333330e-01 3.32174190690151995e-10
1.69493031769333324e+00 3.51029571008999952e-01 3.29091923222398988e-10
9.73202534162999910e+00 3.52308077603666669e-01 3.32207731145963979e-10
9.67178824135333293e-01 3.57138087268333349e-01 3.28754697680522000e-10
1.09246007567333336e+01 3.66103275923999993e-01 3.32186406364517996e-10
2.74805017410666652e+00 3.84203812324000082e-01 3.30003676634089025e-10
3.20630506356333322e+00 3.85949798741333339e-01 3.30562412700580016e-10
1.22034200256000016e+01 3.87073229939999985e-01 3.32118885250097989e-10
1.13829034314333333e-01 4.04158362989333331e-01 3.28474403948948003e-10
2.26992893289333336e-01 4.07623974889666674e-01 3.28488784912321011e-10
1.22093083960333337e+00 4.10387053760999987e-01 3.28768808291551985e-10
1.35697835422333331e+01 4.10607436508666657e-01 3.32012831966778984e-10
1.52080379211999994e+00 4.21425757757333319e-01 3.28897071185018013e-10
5.69995478673333444e-01 4.23538185606666673e-01 3.28539668383493003e-10
1.50172137149666671e+01 4.31744816101333306e-01 3.31942667487925010e-10
7.66925128416000024e-01 4.33560280980666679e-01 3.28579946494404998e-10
4.60365514069333404e-01 4.36354151902333343e-01 3.28491206621616000e-10
1.80938485727666638e+01 4.50583040482666675e-01 3.31879631414141980e-10
1.65490016879666655e+01 4.52749040301333394e-01 3.31923180330426992e-10
1.99929858672333327e+00 4.58970726663000039e-01 3.29182381599034007e-10
1.81020656971666671e+00 4.61272559598666643e-01 3.29011014843644002e-10
2.95338675499666659e+00 4.67076242289999943e-01 3.30091101592370018e-10
2.41862702514333305e+00 4.70032764066333264e-01 3.29513465855295976e-10
3.84222511070333317e+00 4.72264922354999950e-01 3.30965993287689025e-10
8.93015623580333262e-01 4.72808371882999900e-01 3.28543662571695015e-10
2.61377492664666677e+00 4.87976108152999910e-01 3.29700950248975007e-10
6.60159991275666713e-01 4.93732038903333337e-01 3.28453043094119989e-10
5.89771904860000029e-02 5.01449368753999924e-01 3.28324829316739010e-10
2.86460105457999992e-01 5.02738450157000027e-01 3.28347766574646997e-10
4.64288519557666657e+00 5.07921251205333379e-01 3.31364210823893985e-10
4.05004360040333300e-01 5.16708029668000002e-01 3.28359925607378011e-10
3.46926416663333326e+00 5.32199095798333244e-01 3.30460569506487007e-10
1.95788268096333304e+01 5.52048912419666693e-01 3.31607020909406984e-10
5.50258906189000019e+00 5.54082941984333388e-01 3.31620691651320004e-10
1.20077250277666669e+00 5.78125628418333259e-01 3.28483651860696995e-10
1.49245019546333335e+00 5.91274935777999944e-01 3.28580961987129991e-10
9.14770580123666632e-01 6.02267906131999986e-01 3.28330197470683006e-10
2.39592901922666662e-01 6.10052874852333282e-01 3.28158527813141978e-10
1.25273845925666677e-01 6.12229405349666744e-01 3.28128867328948980e-10
4.17829720539666649e+00 6.18362553478999932e-01 3.30694879934100017e-10
1.76722043738333334e+00 6.24029172104333285e-01 3.28683262753513024e-10
6.57680816831000103e-01 6.24790764492666795e-01 3.28212343747961020e-10
2.05461912159333338e+00 6.26217414975000053e-01 3.28879697547049984e-10
4.34374296203333288e-01 6.35728253969000012e-01 3.28125252291566026e-10
2.35913397632666655e+00 6.39445043832666649e-01 3.29125147427204977e-10
6.47025378675666563e+00 6.43057805818666672e-01 3.31692358914300979e-10
2.99020993632333321e+00 6.48091408658666657e-01 3.29802556892623979e-10
5.01814529536666676e+00 6.57669830129666733e-01 3.30996378040337990e-10
1.05284914088866643e+00 6.62982375022666659e-01 3.28243214695495013e-10
2.65841040510000015e+00 6.66159798372999989e-01 3.29364832232323018e-10
1.34396276181000007e+00 6.66838897291666677e-01 3.28352443821590013e-10
7.53826558516666712e+00 6.69848089638000022e-01 3.31718006173824993e-10
1.62359058870333328e+00 6.83635361535333330e-01 3.28456664319687014e-10
8.60183102661999932e+00 6.85956676607000104e-01 3.31772835319483981e-10
5.40369889340666654e-01 6.92946488993666621e-01 3.28035441531013025e-10
7.86200910514666673e-01 6.94078540819000001e-01 3.28085279490595002e-10
3.23149506574666623e-01 6.97756008968333341e-01 3.27973927210074980e-10
9.72268595605666519e+00 7.00976255590333275e-01 3.31790230885353991e-10
3.29555305264333320e+00 7.02048575742666769e-01 3.29927247992230014e-10
2.20378653606333330e+00 7.02876560630333436e-01 3.28822257100839998e-10
6.62966554396666602e-02 7.10780036597999931e-01 3.27909791001315990e-10
1.90422168142000015e+00 7.14582365909000039e-01 3.28549921155952980e-10
1.09086530307000000e+01 7.29478553483999925e-01 3.31727779065897025e-10
2.82950883388666696e+00 7.43402668912666709e-01 3.29366536584396007e-10
2.51263161047000017e+00 7.46701629749333295e-01 3.29000241746215016e-10
5.91914735730333330e+00 7.52905263997000085e-01 3.31078512106840021e-10
1.21819584086666666e+01 7.70852969826666623e-01 3.31611036393328992e-10
3.12347052448333329e-01 8.14600623876999941e-01 3.27684508390853015e-10
1.11251602309999989e-01 8.15644019542333343e-01 3.27639349150926985e-10
1.35440588865333336e+01 8.19022705888666658e-01 3.31422090572371020e-10
1.05240629454866674e+00 8.27022229937333431e-01 3.27835842378499023e-10
6.96690924419000002e+00 8.28403510399666643e-01 3.30914035901819013e-10
1.32853551187666663e+00 8.30303397381333408e-01 3.27934212391685013e-10
7.87196974092999935e-01 8.33070385241000078e-01 3.27740017597257025e-10
5.40166526197000008e-01 8.37075754366666813e-01 3.27672324528844006e-10
1.61057395673666659e+00 8.46365201777333431e-01 3.28029206636888977e-10
8.04969971074999968e+00 8.47608311873666587e-01 3.30917352151657002e-10
9.14439258692000045e+00 8.62386624970000071e-01 3.30899862855641003e-10
1.49844942341999996e+01 8.62918097941333340e-01 3.31288394395407006e-10
2.14768204180666666e-01 8.63645437286666762e-01 3.27536415161282996e-10
1.89845293927666670e+00 8.63937708115666614e-01 3.28163307159583985e-10
4.11289959300666652e+00 8.72502173940666648e-01 3.30231286179038990e-10
2.19764321779000005e+00 8.80154202784666606e-01 3.28347446149532019e-10
1.02944421731133335e+01 8.90817700843666738e-01 3.30790572912990982e-10
4.23368478933333348e-01 8.96702134250666583e-01 3.27482018020095996e-10
3.35628260990666627e+00 8.98817286671000026e-01 3.29526043558885016e-10
2.50748353036333294e+00 9.01752904210999962e-01 3.28571337026678978e-10
1.65075161287333323e+01 9.02996553048000083e-01 3.31225203467780000e-10
4.49549468703333288e-02 9.04863982946000012e-01 3.27384172616264978e-10
9.15323797361999980e-01 9.05299605468666613e-01 3.27562383210253017e-10
1.18490240650333334e+00 9.05629983422666651e-01 3.27653278982411025e-10
4.92614634344666680e+00 9.07141381840333327e-01 3.30496427880572001e-10
6.58473517265666608e-01 9.07911874287666620e-01 3.27493467343271982e-10
1.46400631356333322e+00 9.17469276109666665e-01 3.27735700893351982e-10
2.84013717236333330e+00 9.31182334770333409e-01 3.28863484698835020e-10
1.15157984862666662e+01 9.34484048073666695e-01 3.30540489885373022e-10
1.74843506327333320e+00 9.36114354552999850e-01 3.27832670182172000e-10
1.80936571635333330e+01 9.38903148779333452e-01 3.31090225107210994e-10
2.04270706117666689e+00 9.52850399335999909e-01 3.27977124000463023e-10
2.34784257794666651e+00 9.71773960448666707e-01 3.28160344965851987e-10
2.03961803498666661e-01 9.84417395900333392e-01 3.27155973520881997e-10
1.28334957685666655e+01 9.91939208579666665e-01 3.30201325709311010e-10
3.70368958208666621e+00 9.98301678869666809e-01 3.29254951025095983e-10
5.76581456234666678e+00 1.00208403570466675e+00 3.30406427074004009e-10
1.00445201628000011e-01 1.00308264482166676e+00 3.27086608807486022e-10
2.66389066346999970e+00 1.00899073869233313e+00 3.28379524942468979e-10
4.48548863126666664e+00 1.01153242337766680e+00 3.29625190912488995e-10
3.06156783206333349e+00 1.03263978544466650e+00 3.28670902217775024e-10
4.07467876624666658e-01 1.03688109067533341e+00 3.27029575376031008e-10
1.89897833353000003e+01 1.04036902071633341e+00 3.29721369169035995e-10
1.42285160778666668e+01 1.05045178841566655e+00 3.29846700687475996e-10
6.51513751739333347e-01 1.05154465340966663e+00 3.27027266742861975e-10
5.25725731501333282e+00 1.05273326540266665e+00 3.29762059184312009e-10
9.09181382024999984e-01 1.05532115523866676e+00 3.27072258973844995e-10
1.17447579228999999e+00 1.06310573150433330e+00 3.27127895819920983e-10
2.85640049457666689e-01 1.07555153891533339e+00 3.26885557676330976e-10
1.45165599977000004e+00 1.07754890116200008e+00 3.27198031539158985e-10
1.73879759151666669e+00 1.09615522717999991e+00 3.27284910250920984e-10
5.54902547576666683e-02 1.09821866187666672e+00 3.26760113393003977e-10
1.57122205432666675e+01 1.10230237349233340e+00 3.29577432328758002e-10
2.03308886849333348e+00 1.11566858285333326e+00 3.27409244210147988e-10
5.17306158361999890e-01 1.12088748991333342e+00 3.26751660995174983e-10
7.74094793229666678e-01 1.12672471413300013e+00 3.26773804535172982e-10
1.03583726499833340e+00 1.13451952778899989e+00 3.26815641306652991e-10
2.33591156957666657e+00 1.13692016934999995e+00 3.27571569679798024e-10
1.30575858386999988e+00 1.14785877051533336e+00 3.26859029792459006e-10
6.94003057611666652e+00 1.16022740641199995e+00 3.30137638011849986e-10
1.58858617118666667e+00 1.16648569945666658e+00 3.26915317323914982e-10
1.73323550084999987e+01 1.17043508243900019e+00 3.29297980229911995e-10
8.02723270656666621e+00 1.17617279665000019e+00 3.30142432501299024e-10
1.87919727483666676e+00 1.18679676426000014e+00 3.27003134816906998e-10
2.39974227649999983e-01 1.19327795205000009e+00 3.26425308331876995e-10
2.65623802584666668e+00 1.19531286173999995e+00 3.27666639666774985e-10
1.13341034820666667e-01 1.19727982608999994e+00 3.26398392446484986e-10
9.11510389257666631e+00 1.19953205882666669e+00 3.30089553836612011e-10
2.17609401673666669e+00 1.20811859520333331e+00 3.27130072955291995e-10
5.97224316527000010e+00 1.23175426817533329e+00 3.29381818333796025e-10
1.02490773016466665e+01 1.23864947803999992e+00 3.29923973999895016e-10
2.48789988436999998e+00 1.25322123615999992e+00 3.27246079159325997e-10
3.03405688245999983e+00 1.25444571318666664e+00 3.27936884309392993e-10
3.67411810849999965e+00 1.25652951938333324e+00 3.28572995266179005e-10
4.42836551933333311e+00 1.26093433608333316e+00 3.28927696820405005e-10
5.11567202888999928e-01 1.26247539497333339e+00 3.26182362179427015e-10
7.65830031446999904e-01 1.27194312198333326e+00 3.26193625643117008e-10
1.02444813034166660e+00 1.28533248828000013e+00 3.26198533715105002e-10
5.18569633832999966e+00 1.28925132621666649e+00 3.29052521695666978e-10
2.92064974664999977e-01 1.29505929017666666e+00 3.26004417328754995e-10
5.78507800630000055e-02 1.29906116421666673e+00 3.25965356422369013e-10
1.14670499211333325e+01 1.30324217311666657e+00 3.29560714495274013e-10
1.29363688788666664e+00 1.30478555542000008e+00 3.26208975968902023e-10
1.57543869887333332e+00 1.32672701024999995e+00 3.26239299470243020e-10
6.44364143075999962e+00 1.32698402192866660e+00 3.28656943913934002e-10
7.48891991290999925e+00 1.33023647042666671e+00 3.28757837521710020e-10
4.05793321053666667e-01 1.33046757799333326e+00 3.25874541656254995e-10
6.37510034483666721e-01 1.33835096632000017e+00 3.25868938465567004e-10
2.80497358513666661e+00 1.33931038555999993e+00 3.27301537142855021e-10
1.86748689064666640e+00 1.34888393377333315e+00 3.26307453049842006e-10
8.89527485585666633e-01 1.35135252358000013e+00 3.25866065409195009e-10
8.55007532809333348e+00 1.35166659523999999e+00 3.28688624776901019e-10
1.15096496164999995e+00 1.37084547689999980e+00 3.25850161353840001e-10
2.16356815646333311e+00 1.37111545096999987e+00 3.26411508910401010e-10
3.29920018671666648e+00 1.37885105492666682e+00 3.27425127285048002e-10
4.02620500748666643e+00 1.38013192716000010e+00 3.27796748926437018e-10
1.27687408728666671e+01 1.38465140087333327e+00 3.29073644787915994e-10
9.64803239024666759e+00 1.38595346664333330e+00 3.28494136601565993e-10
4.79746225483000011e+00 1.39306135535999975e+00 3.27986797757716985e-10
1.42638683147333345e+00 1.39471699685999995e+00 3.25840183525474024e-10
1.15251011080666668e-01 1.39921136164666660e+00 3.25521857682231023e-10
2.22832012853333344e-01 1.39921136164666682e+00 3.25526269108332017e-10
5.58146466560999954e+00 1.40975052922333344e+00 3.28021871485743018e-10
2.46211431401666658e+00 1.41363776159333310e+00 3.26519857067251014e-10
1.71393973501333341e+00 1.41848370748666675e+00 3.25862638079042986e-10
2.00885262403000020e+00 1.44075260813333306e+00 3.25935124017091998e-10
1.08145395940999993e+01 1.44606845572333320e+00 3.28018393438362005e-10
2.29760013894999959e+00 1.46033355054999991e+00 3.26054927758191974e-10
4.01731521846999950e-01 1.46927423048666661e+00 3.25199429938705005e-10
1.41600913690666683e+01 1.47282946124999992e+00 3.28533985726175987e-10
6.30913413328666572e-01 1.47847544281999999e+00 3.25204219598624003e-10
1.94109565256666663e+01 1.48832010829266648e+00 3.27692923281251020e-10
8.76567305359666649e-01 1.49643014884333336e+00 3.25168057952339020e-10
5.74002310176666697e-02 1.50015019743666667e+00 3.25016673511761980e-10
2.87552626413000001e-01 1.50162164255333330e+00 3.25039349298964995e-10
1.13459830179666676e+00 1.52127868757333329e+00 3.25113173996957021e-10
1.20684549478333327e+01 1.53232328716333366e+00 3.27289593385209978e-10
5.00908782527333396e-01 1.54140652396666655e+00 3.24854507808041016e-10
1.56335548320666664e+01 1.54458596759000000e+00 3.28128709098341984e-10
2.75184422373333382e+00 1.54976228174333319e+00 3.26115301328872021e-10
1.41024836524333330e+00 1.55624263371666660e+00 3.25028079123283978e-10
7.46273230065999993e-01 1.55714522374666675e+00 3.24824895474618979e-10
2.57732309409000004e+00 1.56618128335666662e+00 3.25841796528757020e-10
9.95121290262333424e-01 1.58084332421666662e+00 3.24755881694997014e-10
1.70064371143333326e+00 1.58209334724333317e+00 3.25027014412816023e-10
1.13766606827000016e-01 1.60039543828999986e+00 3.24497295118248997e-10
2.36338000449666685e-01 1.60186688340666650e+00 3.24497766143683011e-10
1.72166509304666668e+01 1.60464509408666678e+00 3.27655989980480975e-10
1.99749199933333355e+00 1.60479197793999973e+00 3.25082595114098976e-10
3.24070391166999983e+00 1.61233774986666667e+00 3.26501213549765024e-10
1.26113176180333331e+00 1.61674440294999999e+00 3.24632522535297981e-10
2.29074861349000036e+00 1.62151554962666666e+00 3.25209680851681008e-10
3.98118041650666621e+00 1.62592561637666666e+00 3.26914699811457993e-10
1.34108792820333331e+01 1.63411257101666685e+00 3.26478645905426993e-10
6.48044324860333365e+00 1.63782912759333321e+00 3.27528224048132982e-10
4.76526520873333315e+00 1.64200489492000012e+00 3.27094635840249005e-10
7.46415796707999935e+00 1.64595206088666668e+00 3.27637098636334003e-10
5.58654221461999967e+00 1.64791229035333342e+00 3.27199451473794002e-10
1.54600420906333347e+00 1.65186228686333325e+00 3.24547544386808018e-10
4.95154880589666668e-01 1.67443689565333353e+00 3.24138493117204986e-10
1.84283024237000004e+00 1.67653294333666669e+00 3.24552228422842993e-10
8.50801149154666803e+00 1.67828136826333352e+00 3.27495058720449017e-10
7.34835091561666709e-01 1.69623198683666665e+00 3.24058418275810988e-10
2.14535600630666679e+00 1.69633681985333329e+00 3.24626952588375010e-10
2.46206467061333356e+00 1.69741595783333321e+00 3.24862253725915021e-10
2.92243124600999993e+00 1.69838430430999998e+00 3.25295464471596989e-10
2.83899480973666685e-01 1.70019711238333326e+00 3.23943488047505983e-10
5.63663758093333397e-02 1.70024524086333351e+00 3.23921233300669023e-10
9.58913060077333412e+00 1.71829995842000005e+00 3.27241566167968987e-10
9.75929131678666573e-01 1.72483383336999996e+00 3.23951122286163978e-10
1.48374038142000000e+01 1.72757936487333352e+00 3.25634684203724019e-10
3.93358329678333341e-01 1.73411836191000002e+00 3.23758134949450002e-10
3.57059724247333321e+00 1.73580990353999987e+00 3.25432735431137977e-10
6.13721372886666727e-01 1.75059257759666664e+00 3.23704541681198985e-10
4.35114388225666726e+00 1.75567156485999987e+00 3.25651191722827982e-10
5.15857684124333371e+00 1.77635662690666662e+00 3.25668970632702009e-10
1.63131463394999976e+01 1.77949015879333317e+00 3.25163755869098993e-10
8.45937008271666624e-01 1.77950742108666660e+00 3.23606280328686994e-10
6.01412253212333336e+00 1.78076113496999988e+00 3.25756938990606012e-10
1.23345979598000000e+00 1.78258170487666656e+00 3.23677165946942974e-10
6.95207044813000063e+00 1.78678810253666676e+00 3.25828478654353025e-10
1.07373398146666670e+01 1.78906048017666675e+00 3.26659036491284976e-10
2.20304082792000006e-01 1.79801770828666663e+00 3.23346635402906005e-10
1.15342371250333350e-01 1.79953728188333351e+00 3.23321966901282023e-10
1.52997051239000004e+00 1.81800750675666656e+00 3.23557390710131994e-10
7.96040692418999996e+00 1.81850316013333324e+00 3.25633796704729019e-10
1.08773417738966671e+00 1.83110649865333319e+00 3.23396086824153977e-10
1.82944909193999994e+00 1.84314469270333348e+00 3.23541564212891991e-10
3.94788250863999990e-01 1.85393752931000022e+00 3.23010180298201020e-10
9.01413826655666561e+00 1.85849332362666675e+00 3.25324561643001001e-10
2.13530836012666692e+00 1.86449951675999981e+00 3.23590681011675024e-10
2.46822655402666635e+00 1.87202855526333334e+00 3.23772458016319983e-10
6.02513863470666711e-01 1.87909254647333346e+00 3.22915194479621975e-10
2.87939021791000005e-01 1.88572974661666670e+00 3.22776295593744023e-10
1.36654270274666678e+00 1.88822515553666648e+00 3.23023953702527997e-10
5.89759954409999967e-02 1.89929204102999982e+00 3.22681779817327021e-10
1.19653963203999982e+01 1.91338168172666667e+00 3.25592781281192999e-10
1.01129757327399989e+01 1.91398799426999999e+00 3.24824000246384022e-10
1.67122886432999995e+00 1.91485031650333326e+00 3.22968648024452976e-10
4.85377292359333357e-01 1.92275603192999989e+00 3.22574565789405002e-10
8.32955907508666660e-01 1.92326491938333333e+00 3.22708264534416988e-10
2.87811359610666662e+00 1.92966724872000017e+00 3.23892246541001010e-10
1.97406320272333358e+00 1.93956642421333325e+00 3.22961500178793023e-10
1.05185657327966675e+00 1.95057079683666679e+00 3.22626354928707989e-10
2.28686285072333328e+00 1.96429084396333309e+00 3.23000417845501989e-10
7.10646481382666728e-01 1.96848945400999997e+00 3.22352995794420984e-10
3.51879462453333325e+00 1.97241066046999980e+00 3.24368122806782004e-10
9.27070426805666759e-01 1.98805562985000006e+00 3.22309315036757007e-10
2.51515014843666673e-01 1.99630718131666662e+00 3.22061001559079976e-10
1.78105690869666660e+01 2.00095831848333328e+00 3.23955449476558023e-10
1.88223993367666651e+01 2.00154751210333348e+00 3.23941291884520020e-10
4.31021784002000086e+00 2.00378192211333328e+00 3.24518394737285026e-10
2.64016647755666689e+00 2.00697042445666662e+00 3.23071349251149016e-10
1.27513700035333327e-01 2.00834990213333331e+00 3.21946826575297008e-10
1.12867915142666675e+01 2.02729259213333313e+00 3.23555762367336992e-10
5.12590518724333410e+00 2.03180902445333311e+00 3.24505104322147987e-10
1.33011263920666654e+01 2.03487292458333302e+00 3.24559111877646978e-10
4.69713563283999991e-01 2.04136556171333305e+00 3.21784692629013981e-10
5.99125747619333282e+00 2.05524793294999997e+00 3.24478111117659982e-10
1.35167005949666663e+00 2.05613484752000009e+00 3.21869566992214018e-10
1.08513776716333332e+00 2.06585450056666664e+00 3.21634762841035010e-10
3.14458364382666611e+00 2.08022145120666657e+00 3.22709545184103009e-10
6.91452238035333266e+00 2.08183930739333345e+00 3.24418812751829023e-10
1.65616688029333337e+00 2.08215895474333346e+00 3.21806765912841018e-10
3.42700514841333348e-01 2.08312449379333309e+00 3.21437379539068018e-10
6.87745480403333276e-01 2.08521557413333358e+00 3.21542962697904018e-10
9.60351620689333330e-01 2.10333933357999969e+00 3.21323379458369006e-10
1.95832249949000015e+00 2.10863687138666656e+00 3.21766949274381994e-10
6.85377045943333374e-02 2.10905786111333349e+00 3.21229068027559012e-10
3.88845175632999984e+00 2.11063673056000001e+00 3.22788999799720983e-10
5.63949133415999948e-01 2.11442819638000001e+00 3.21234472832003006e-10
1.19859851644999993e+00 2.13156262231000015e+00 3.21206399649112993e-10
7.91050939241666651e+00 2.13171201238999997e+00 3.24092177578027995e-10
2.26762692076333350e+00 2.13759436708333306e+00 3.21737378445659986e-10
4.69166751249666714e+00 2.14556764971999980e+00 3.22740536384353983e-10
1.50003588510333330e+00 2.15322583698000036e+00 3.21183119675985975e-10
1.25559293554666667e+01 2.16647014900333312e+00 3.22066954279956013e-10
5.53100550469000041e+00 2.17785148587999977e+00 3.22550052781894016e-10
1.79864640467000014e+00 2.17952377811666631e+00 3.21125607213262992e-10
8.95388717167666570e+00 2.18559880391333339e+00 3.23655362793113019e-10
1.47316087417333339e+01 2.19152224724666667e+00 3.23240373052039007e-10
7.57519458760333442e-01 2.19353272901666640e+00 3.20676190237298998e-10
2.59003523391999968e+00 2.20052131835666698e+00 3.21522731249850006e-10
8.90423946866666705e-01 2.20320424662666658e+00 3.20576424216721989e-10
3.28413823326000054e-01 2.20517791127666696e+00 3.20558031207818980e-10
2.10033172693333325e+00 2.20687348705333308e+00 3.21070541646099020e-10
6.42003012489666691e+00 2.20736713043000021e+00 3.22318818732735981e-10
1.17112327180000017e-01 2.21010715661333323e+00 3.20435988851829010e-10
1.62898236686333320e+01 2.21109676363666674e+00 3.22921422705839021e-10
1.00063875743633321e+01 2.22523326426999990e+00 3.23147218652848990e-10
5.53326072338000019e-01 2.22844070850666665e+00 3.20411990112233010e-10
2.39885938042999980e+00 2.23888297228333322e+00 3.20988163590371987e-10
2.26826950473000027e-01 2.25345118661333332e+00 3.20121782255126990e-10
7.37671236752999970e+00 2.25421211799999988e+00 3.21926896587799001e-10
4.44803810690666712e-01 2.27743149132333356e+00 3.19966032757172975e-10
6.68489308293333306e-01 2.28461410558333311e+00 3.19905203243154019e-10
1.20075728887666666e+00 2.29592975195666638e+00 3.19942143496750016e-10
4.85746225856666658e-02 2.30104929550999993e+00 3.19703346909708989e-10
3.11505510601999980e+00 2.31754948686666618e+00 3.21209896081228994e-10
9.46815098267999922e-01 2.31763482190333336e+00 3.19697544816449000e-10
8.39786286489333200e+00 2.31859570080666666e+00 3.21273087624760984e-10
1.48602707520999999e+00 2.31995133368666684e+00 3.19880132848155984e-10
1.39445434066333345e+01 2.33753269718999990e+00 3.20351430658143975e-10
1.78179515306666669e+00 2.34641554200999991e+00 3.19805414150400003e-10
3.84421983035333303e+00 2.35361329350333293e+00 3.21481729672262990e-10
9.42229134751666741e+00 2.35665070870666682e+00 3.20963372152302980e-10
2.67361298891333377e+00 2.35732144750333328e+00 3.20109025608572021e-10
1.08239312820066669e+00 2.35913109921333364e+00 3.19346022566520006e-10
2.08089621488666676e+00 2.37452402691666675e+00 3.19718836249137012e-10
2.22228873829666690e-01 2.38095934662000053e+00 3.19107802178076019e-10
1.33982002202999984e+00 2.38722747387333323e+00 3.19244240277354996e-10
1.71938145450333302e+01 2.39449232777666676e+00 3.18720235203239025e-10
4.37097864044333317e-01 2.40003487960333350e+00 3.19009413621105994e-10
6.67269979193333307e-01 2.40046992885333355e+00 3.18977797276652993e-10
4.64011556387666690e+00 2.40112009758333356e+00 3.21278228008517000e-10
2.37320598743666666e+00 2.40325918733666688e+00 3.19618075654671977e-10
1.12514250536666680e-01 2.40428198328666687e+00 3.18903780224606978e-10
1.62530681879666683e+00 2.41577621534333309e+00 3.19128106674408980e-10
1.11017653657333337e+01 2.41992758850333312e+00 3.20994626133100976e-10
8.76520509435999906e-01 2.42465488091333325e+00 3.18693746900775018e-10
2.85800083496333324e+00 2.42712441466666640e+00 3.19651193045667026e-10
1.55044370887333329e+01 2.44013545480666671e+00 3.18284614829130018e-10
1.92203573583999998e+00 2.44317917514333294e+00 3.19019257647339015e-10
5.47891948485666713e+00 2.44570181277666654e+00 3.20980532254986007e-10
3.44503416074999969e+00 2.45271525907333299e+00 3.19586715548874017e-10
3.16109800036333322e-01 2.45528945956333366e+00 3.18517066644770022e-10
7.63189071449000056e-01 2.46353664484000001e+00 3.18438838732215007e-10
5.44400796591666736e-01 2.46689992005666658e+00 3.18424698258548001e-10
2.22253801572333343e+00 2.46962112199999995e+00 3.18915696901815018e-10
2.52391799959333296e+00 2.48144631719000008e+00 3.18870013830643999e-10
6.36354085536666592e+00 2.48698825642333388e+00 3.20617846252206992e-10
1.04457255077566682e+01 2.49294074654666709e+00 3.20055766446064981e-10
4.21443396542333293e+00 2.50231093291999995e+00 3.19381439106710018e-10
6.39396279509999999e-02 2.50323268778333352e+00 3.18106061957770997e-10
1.07014810863733323e+00 2.51227704700999999e+00 3.17982390015347994e-10
1.94114428110999988e+01 2.51322740380666687e+00 3.18912045998882988e-10
9.50092131525333339e-01 2.53954284292999999e+00 3.17822721913297980e-10
7.30351898110000075e+00 2.54418764127333352e+00 3.20124617210364022e-10
1.24272634197333307e+01 2.54652875087333319e+00 3.19617959788108008e-10
1.32683651017999993e+00 2.54954152728666683e+00 3.17812824692432000e-10
5.02226721878999971e+00 2.55521179921333363e+00 3.18936448594784017e-10
1.60842456076333318e+00 2.58029577124333320e+00 3.17691047098572019e-10
3.08449375680000026e-01 2.58190920180666694e+00 3.17449738112948014e-10
7.50510626584000029e-01 2.59548817313333346e+00 3.17272547330587989e-10
5.35377391769000011e-01 2.59592353123666664e+00 3.17311549783552984e-10
1.08109293125999997e-01 2.60262710984333312e+00 3.17261930162074991e-10
5.88268218683000033e+00 2.60271938583999995e+00 3.18379093340859989e-10
1.90171649864999992e+00 2.60884622864000004e+00 3.17550221368087976e-10
1.17552875746333352e+00 2.61138975316666722e+00 3.17188103021361024e-10
2.20354086198000010e+00 2.63602843194333314e+00 3.17417407092081006e-10
2.10163492062666685e-01 2.63925754875666696e+00 3.16956031877207979e-10
8.72389424226999943e-01 2.64244981527000000e+00 3.16802283705788019e-10
1.45616130532666688e+00 2.64678494300000011e+00 3.16986610608352001e-10
2.51826961197333299e+00 2.64729451960999995e+00 3.17391163888038004e-10
8.33115820887333314e+00 2.65020444624999962e+00 3.19111978455363019e-10
2.86546367512333333e+00 2.65064472450666644e+00 3.17587909466681020e-10
6.78483972439333272e+00 2.65143595666000031e+00 3.17737340927159008e-10
4.20414034865333353e-01 2.65567823302666639e+00 3.16797211090463994e-10
6.45568129505666666e-01 2.66144506832666661e+00 3.16710989196550993e-10
1.74459365784333342e+00 2.67660215140666713e+00 3.16831473952239978e-10
3.41572676251666651e+00 2.68217376863333312e+00 3.18132599772786998e-10
1.16517042361333321e+01 2.68607527996666695e+00 3.16444869747514985e-10
9.38974220471999921e+00 2.69100363114333341e+00 3.18753601772025000e-10
4.41696651750000044e-02 2.69939442206333347e+00 3.16413279862921984e-10
1.37550895845333319e+01 2.70117893106333362e+00 3.17356648790851002e-10
2.04157982395333315e+00 2.70659839035666616e+00 3.16652342528707024e-10
2.34856044607333336e+00 2.73551469969999994e+00 3.16490569478040002e-10
2.67542744145333344e+00 2.74668995976333363e+00 3.16536860191865987e-10
4.15213470835000020e+00 2.75311310733666659e+00 3.17668607988637974e-10
7.77061134996666691e+00 2.75329628110666702e+00 3.16584450290722996e-10
2.01163605012333324e-01 2.76018079882666667e+00 3.15823375462032993e-10
3.09321054794666672e+00 2.77052830626666635e+00 3.16340449971955014e-10
1.15520694234666665e+00 2.77532235261000038e+00 3.15636668743736982e-10
8.83609617076666631e-01 2.77539565199333316e+00 3.15565950196520979e-10
1.29830066342333339e+01 2.77857776032666637e+00 3.14799467495326993e-10
9.91094060756666645e-02 2.79021702658000015e+00 3.15631829756147992e-10
4.03257097454333302e-01 2.79651977725333323e+00 3.15491467634564021e-10
6.38150419514666667e-01 2.79736174983333319e+00 3.15427663165814989e-10
1.00379044979666663e+01 2.80194103673333350e+00 3.15638433502421001e-10
1.43953391025666666e+00 2.80909456436666716e+00 3.15424008811204002e-10
4.94845490689000034e+00 2.81930799484666705e+00 3.17054217992331000e-10
1.73080090937666675e+01 2.83279560588333368e+00 3.15462639120931008e-10
3.75261317504666669e+00 2.83387397747999970e+00 3.15843582348339021e-10
1.72409451257666668e+00 2.83981086234000024e+00 3.15238909828019993e-10
2.82292551218666699e-01 2.84367399610333349e+00 3.15122371185733014e-10
1.01154427675766656e+00 2.84887300045333314e+00 3.14918087349434977e-10
8.85463337286000041e+00 2.85156047179333383e+00 3.15206342509446023e-10
7.54313109442666718e-01 2.86435069136333320e+00 3.14771141694900004e-10
2.02233748118666679e+00 2.86802291027666678e+00 3.15084727578359987e-10
5.10802744367000017e-01 2.87268175697000006e+00 3.14766649315706005e-10
1.28988729999333329e+00 2.87578374809666704e+00 3.14713100910382986e-10
5.81163764317333342e+00 2.87948488954666670e+00 3.16350735413975013e-10
5.49397409006666670e-02 2.89082260451666651e+00 3.14669477211782005e-10
1.55590523156666674e+01 2.89110086574999992e+00 3.15035662485749015e-10
1.57129802042666644e+00 2.90581410354333336e+00 3.14493953993678026e-10
2.32814073488333362e+00 2.90610616148000034e+00 3.14774523445624991e-10
4.50400399490333303e+00 2.91601846763333361e+00 3.15083216041532022e-10
6.71344589419666704e+00 2.92776637665000017e+00 3.15660906411335998e-10
1.86197501061666659e+00 2.93347945949333289e+00 3.14259777179034018e-10
2.65058146161333363e+00 2.94339666928666688e+00 3.14468601853737002e-10
1.89980218337999993e+01 2.96479236798333323e+00 3.13964229322152003e-10
2.37787136953333339e-01 2.96647606526666641e+00 3.13879335896255974e-10
2.16387880802333354e+00 2.96804441364333327e+00 3.14005627135725991e-10
3.06319395500333336e+00 2.98175387382000023e+00 3.14504507687878018e-10
1.12488525571999995e-01 2.98358844592666683e+00 3.13822294508600996e-10
5.33406262929999997e+00 2.98656351211666626e+00 3.13978421551628989e-10
7.45559285042333375e-01 3.00637344109999960e+00 3.13314224603765007e-10
5.02691064408333332e-01 3.01139632250333333e+00 3.13349455866893978e-10
9.99433891461666613e-01 3.01414685167000007e+00 3.13215703982149010e-10
2.47300392094333299e+00 3.01459269091333359e+00 3.13589824423641017e-10
7.64697642721333271e+00 3.01692252818333317e+00 3.14284016703087976e-10
1.41074256266333347e+01 3.02927067001666694e+00 3.11979649765433017e-10
1.27058804631333344e+00 3.03993538237666661e+00 3.12995281381482995e-10
6.22110248151333334e+00 3.04008418011999959e+00 3.13054855639552978e-10
2.81060110233999971e+00 3.05857700158333357e+00 3.13182449459457998e-10
2.92116707795666675e-01 3.06347571240666605e+00 3.12909639817420980e-10
3.69494216958666710e+00 3.06860625343666626e+00 3.14051946607301003e-10
1.81003861327333340e+01 3.06917311913333357e+00 3.09438991198928988e-10
1.55207258266666659e+00 3.06965837339333314e+00 3.12747130150240004e-10
1.15650082973333337e+01 3.07242650709000031e+00 3.13302146950490008e-10
6.21284915155666639e-01 3.07809906510333287e+00 3.12615503179861012e-10
8.62745407380333340e-01 3.08269225294666649e+00 3.12514120493296023e-10
7.10849022814999998e+00 3.08414430833999953e+00 3.12175969191357011e-10
4.02360530301999975e-01 3.08642615553000033e+00 3.12618451392517020e-10
1.84911640010333334e+00 3.09021452319666645e+00 3.12638697180633999e-10
5.75487846713333348e-02 3.09276584140999988e+00 3.12665327238711983e-10
1.64586334442999984e+01 3.10036545268666686e+00 3.08659461025869986e-10
1.12379730337066674e+00 3.10474783810666644e+00 3.12288730147074980e-10
2.14151860934666693e+00 3.11398193330666651e+00 3.12467308672971016e-10
1.28935348381000008e+01 3.12336147536333364e+00 3.11872565813097997e-10
3.32803916411333356e+00 3.12813161214333357e+00 3.12504463456012010e-10
1.01692390165099997e+01 3.12936276350666676e+00 3.13022295845586992e-10
1.40100921881666651e+00 3.13709046849666651e+00 3.11974099123893022e-10
1.48375729736333337e+01 3.14651411006000004e+00 3.08422328125389988e-10
1.69201046430333335e+00 3.16039019589333359e+00 3.11699655655060026e-10
4.40224308377666684e+00 3.16180621974666698e+00 3.12911436081134977e-10
1.98711867199666692e+00 3.17069549364333314e+00 3.11629696091578994e-10
2.23043968920999980e-01 3.17613529323333310e+00 3.11701189796023978e-10
1.13774657177999991e-01 3.18831304157666651e+00 3.11701253779843018e-10
8.90106463331666653e+00 3.19625421355333339e+00 3.12080793755794986e-10
2.42625790478999948e+00 3.20060240324666623e+00 3.11412330841336983e-10
3.99837756046666659e-01 3.21473511558666658e+00 3.11147166757487995e-10
6.07604693461000100e-01 3.21531512295333366e+00 3.11081290384569019e-10
8.45451353615999879e-01 3.22851008669666717e+00 3.10885719278216993e-10
3.99270279176333354e+00 3.23363313540666653e+00 3.11312659976322982e-10
2.25903452005333349e+00 3.23805339347666665e+00 3.11014214420314984e-10
2.78222723303333330e+00 3.24852306257333368e+00 3.10975249751791978e-10
7.92493884387666725e+00 3.25621311329999985e+00 3.10077880840340999e-10
1.10094742928400002e+00 3.25918475620666648e+00 3.10553297591654026e-10
2.88271021375666681e-01 3.26123269788666681e+00 3.10783070968210009e-10
1.08857793380333323e+01 3.26518453287999977e+00 3.08013999302071980e-10
5.22972574312666705e+00 3.27314615588666635e+00 3.11408997014461983e-10
4.86488068458333311e-01 3.27692134040999994e+00 3.10465257040780014e-10
1.22510956848000010e+01 3.27766369303333294e+00 3.07001805020171990e-10
1.35355572598000009e+01 3.28811384378666682e+00 3.06110956091735984e-10
7.14585009583333375e-01 3.28940733270000019e+00 3.10227715113077015e-10
5.62258725066666631e-02 3.29554720016666636e+00 3.10446785056841987e-10
1.37634021059666689e+00 3.31220432825333333e+00 3.09958331094135979e-10
3.25916013939000004e+00 3.31360567017999985e+00 3.10911098245912023e-10
9.59289963610666763e-01 3.31440160352000035e+00 3.09895160344463994e-10
6.15382032777000010e+00 3.31772115619333396e+00 3.10670227258723000e-10
2.57546157615333327e+00 3.31935244261000006e+00 3.09839529380520988e-10
1.98567684312666670e+00 3.32154113653000005e+00 3.09948443227301024e-10
1.68683809166333343e+00 3.32351971548333358e+00 3.09876965388458019e-10
7.05724786230666634e+00 3.34211139306000016e+00 3.09964965388052990e-10
4.74235710958999945e+00 3.35167839073000051e+00 3.09473432723185019e-10
2.96594106097333343e+00 3.35717399284666662e+00 3.09238610637718999e-10
8.44220497401666670e+00 3.36105378777666663e+00 3.07780850170471024e-10
9.56750798372000055e+00 3.36311909967666667e+00 3.07467511527636014e-10
1.22306916400666665e+00 3.36948616023333303e+00 3.09310317137032018e-10
2.15778621557999983e+00 3.37193970687333389e+00 3.09066457579786985e-10
2.43354278971333327e-01 3.37736039161999990e+00 3.09406956719573974e-10
1.20578441845333326e-01 3.39949714555666693e+00 3.09248024869546000e-10
1.84250219859333342e+00 3.40418968567333380e+00 3.08799802035660000e-10
1.52223120180666682e+00 3.40790175274000040e+00 3.08757577545528011e-10
4.61790499116000008e-01 3.40867370735333353e+00 3.08903691663310995e-10
6.94711227273333343e-01 3.42712191275333344e+00 3.08586648683048987e-10
5.64001860325666637e+00 3.44370450939000028e+00 3.07332074704480009e-10
1.95865790227000005e+01 3.45156496417333303e+00 3.06137018458061978e-10
3.83619742120000007e+00 3.45342142030666688e+00 3.08414748960293979e-10
9.37241984686666640e-01 3.45508878394666707e+00 3.08213003483964994e-10
7.52478683158333350e+00 3.45664864618333345e+00 3.05907672779219990e-10
3.30223444300000002e-01 3.46261517626333371e+00 3.08404510437344008e-10
6.59492137461000016e+00 3.46337043744333384e+00 3.06574259819158011e-10
3.46955777430000012e+00 3.47386859637333378e+00 3.08239284512955003e-10
5.63033341808666710e-01 3.48478206995000006e+00 3.07950956901109999e-10
6.43525693386666625e-02 3.50394994539000004e+00 3.07986711064703007e-10
1.18466860131000007e+00 3.50646825118333361e+00 3.07624870877093001e-10
8.03529592381999946e-01 3.50691184717666671e+00 3.07556434454537005e-10
2.55165277176666683e+00 3.51239492901000006e+00 3.07409813089441014e-10
2.18231587841666652e+00 3.53181494977000021e+00 3.07157918696489025e-10
2.94674062611333332e+00 3.53268569488000006e+00 3.07366584790546011e-10
1.04049888766333321e+00 3.53685402758333334e+00 3.07136694270524976e-10
1.65245033896333346e+01 3.55184466843000024e+00 3.04573983838022979e-10
1.81006736649999986e+01 3.55594571532333292e+00 3.04683382548008011e-10
1.84851204461999985e+00 3.56927999795666651e+00 3.06778932935858991e-10
4.56921545368666671e+00 3.57031193651666667e+00 3.06474552707955006e-10
1.52722738115333345e+00 3.57977918547666674e+00 3.06654759314027006e-10
1.49775749925666659e+01 3.58473127918000012e+00 3.03856773819335001e-10
3.02110244189000010e-01 3.58787450667333330e+00 3.06834159175398006e-10
4.07259605731000018e+00 3.60022805043333349e+00 3.05487803252000006e-10
1.05942889308999991e-01 3.60230668295666723e+00 3.06745078933719010e-10
2.36456025783999957e+00 3.60951028460999979e+00 3.06003267079832011e-10
3.23240968164333387e+00 3.61048133235333379e+00 3.05087347883337985e-10
2.73921799378666675e+00 3.61707725100666622e+00 3.05726316996563013e-10
1.35613373801333328e+01 3.62456003321666698e+00 3.02995109162798994e-10
1.25299063010000000e+00 3.62807823738333335e+00 3.05865204735716974e-10
5.34476084698333298e-01 3.62889839207333331e+00 3.06154399400800993e-10
1.22231845527333345e+01 3.63848203288999983e+00 3.03614572311142981e-10
2.00605526323999972e-01 3.63876259276333336e+00 3.06239880199631978e-10
7.84953192227333285e-01 3.64646037890666674e+00 3.05802204508885002e-10
2.01621635198999982e+00 3.64650669170999997e+00 3.05649229012255004e-10
1.09171331019000011e+01 3.64979571417333348e+00 3.04431875753718010e-10
1.69784411703666649e+00 3.66048746050333307e+00 3.05524913165882989e-10
1.02264278789999996e+00 3.66600898878666648e+00 3.05504058379955005e-10
1.39095910188333316e+00 3.67324864565333309e+00 3.05340245745403012e-10
4.05120041894666716e-01 3.67804935988666637e+00 3.05679702501944021e-10
9.67071222491666660e+00 3.68108484081000009e+00 3.04316514109457017e-10
8.55820088083999941e+00 3.69597898796666691e+00 3.03822569192122023e-10
4.15903199703333351e-02 3.69835673756666727e+00 3.05526626582357002e-10
6.47577570008333381e-01 3.71078676660666673e+00 3.05045835974266976e-10
7.54816999533666699e+00 3.71234416578333359e+00 3.03560057388895977e-10
9.00809484768666624e-01 3.72379227687999981e+00 3.04719639638374997e-10
5.60608230599333268e+00 3.72384345794666638e+00 3.04483596936831002e-10
1.14395789954999993e+00 3.72663577618000019e+00 3.04533480000957022e-10
6.56763813471999924e+00 3.73107385747666642e+00 3.04059098090006987e-10
1.85287650910999996e-01 3.75252587562999951e+00 3.04725200331843005e-10
1.73741665713666684e+01 3.77104741781666641e+00 2.96830795613723008e-10
4.73250825578666667e+00 3.77191865023000039e+00 3.02987918246148018e-10
1.57649242799333340e+01 3.78079725061333383e+00 2.96816548256078018e-10
9.06250138959999868e-02 3.78273663248999981e+00 3.04523017544531991e-10
1.89983093660666675e+01 3.78489829750666651e+00 2.98329162864247984e-10
3.64565838034333345e-01 3.78770280594333286e+00 3.04213965472826012e-10
3.23506204440000067e+00 3.79164087000000016e+00 3.03105386185606004e-10
3.96379878490333359e+00 3.80183476414666677e+00 3.02781493555711015e-10
1.42732077658999987e+01 3.80393402856666674e+00 2.96279104224485015e-10
2.72669111796333352e+00 3.80667684139999984e+00 3.03076079341237975e-10
2.36473320754000005e+00 3.81074778368666678e+00 3.03348484327328986e-10
2.46238164915666635e-01 3.81129123559666638e+00 3.03977847337293000e-10
1.15684509291333342e+01 3.81785602824000003e+00 2.97639561365678006e-10
1.28914038263666679e+01 3.82062600464999980e+00 2.96296207443535009e-10
2.02395706688333332e+00 3.82097000807000020e+00 3.03404013384851018e-10
1.70548282522999983e+00 3.83019838904999999e+00 3.03321628533601988e-10
1.03037970215733328e+01 3.83193968593333345e+00 2.98437375518734988e-10
1.41407171574666646e+00 3.84050267781666621e+00 3.03047409971692012e-10
8.06431791445333346e+00 3.84683383309000027e+00 2.98801393756121004e-10
9.12026478133666707e+00 3.84914515487666664e+00 2.98559299735187004e-10
1.14610657078333333e+00 3.85506203826333360e+00 3.02853097185474021e-10
6.36853862110000057e-01 3.85681515794666652e+00 3.03094471920406026e-10
5.16227756034666729e+00 3.85827993316333329e+00 2.99908957937096980e-10
8.90125392563999918e-01 3.86066053264333320e+00 3.02902393590177018e-10
7.05334778617000069e+00 3.86551033269333333e+00 2.99090312597070983e-10
6.09260079061666726e+00 3.86556352478333309e+00 2.99809407954960989e-10
4.90346939256666656e-02 3.88437989492333324e+00 3.03115237869593981e-10
4.07479136466333325e-01 3.88458022947000003e+00 3.02779645979783993e-10
3.57614846904666672e+00 3.88819604707999966e+00 2.99378692631749989e-10
2.53929884564333319e+00 3.90323201848000023e+00 3.01758579631839003e-10
2.93686611304666689e+00 3.90344482291999961e+00 3.00898893278873000e-10
2.19022954301000006e+00 3.90751576520666655e+00 3.02057997879280986e-10
2.18158548495666654e-01 3.90816865912333311e+00 3.02635236149420010e-10
1.86389146770666669e+00 3.91345424286333321e+00 3.02140919910114022e-10
4.34737721428666646e+00 3.91363871706666666e+00 2.98188499619992005e-10
1.55797870321000009e+00 3.91674414618666633e+00 3.02050973402894001e-10
1.27825191519666670e+00 3.92375853162999988e+00 3.01837332887058976e-10
5.18233274411666667e-01 3.92745813193666615e+00 3.02131865763288980e-10
7.63545392124333255e-01 3.92935702601000036e+00 3.02018940324356999e-10
1.01410736692866643e+00 3.93130350663333283e+00 3.01783562368655986e-10
1.15617714520666659e-01 3.95104656158999967e+00 3.02125222304823981e-10
3.06699790017000040e-01 3.95712209753333299e+00 3.01735977952313013e-10
1.12064943763666658e-01 4.04539308756333327e+00 2.86293324667315015e-10
3.01621043431333336e-01 4.05513036559666684e+00 2.85005305580272011e-10
5.17809547651333357e-01 4.06036809995666648e+00 2.82944031852842975e-10
7.50004030612999917e-01 4.06239670550333276e+00 2.81539819268068011e-10
1.86877336235666647e+00 4.07092270153000069e+00 2.80688710849029019e-10
1.57024268093000008e+00 4.07482454966333307e+00 2.78382837867071994e-10
1.28286067767000000e+00 4.07679199465000064e+00 2.76576372103169006e-10
1.00515900471099995e+00 4.08574970741666643e+00 2.73452629447065022e-10
2.18797773718333310e+00 4.08602715074666634e+00 2.75610705195487005e-10
2.52444780563666660e+00 4.09369655733333371e+00 2.71469996404487977e-10
2.91763600604333329e+00 4.10003388852333384e+00 2.69675201119441011e-10
2.09527031152999976e-01 4.10052345316000011e+00 2.71134907557510990e-10
4.54819231686666645e-02 4.11061047886666664e+00 2.66479283694610004e-10
4.01976663120333366e-01 4.11549846555333332e+00 2.66088173037641998e-10
6.22888773838333298e-01 4.12276480546000013e+00 2.62828087549820025e-10
5.20579491733666710e+00 4.12451133898333300e+00 2.70082104659020002e-10
4.35515575928666632e+00 4.12588281545333313e+00 2.67155804993699016e-10
6.10262459966333370e+00 4.12626583035666616e+00 2.70410398667989016e-10
7.05075976938333326e+00 4.13340438683000055e+00 2.68394910839635982e-10
3.53117510306333315e+00 4.13373689137999989e+00 2.64651658704808985e-10
1.72262869760000004e+00 4.14574725119333376e+00 2.54243788045087995e-10
8.67635668835000096e-01 4.14814641292000008e+00 2.55704339132778008e-10
1.43094445593999997e+00 4.15161654431333371e+00 2.52945135110099012e-10
9.19668820483666671e+00 4.15577303354333338e+00 2.60688572615576990e-10
2.02658715570666637e+00 4.15694985227666702e+00 2.51824060836147981e-10
1.14176697103900016e+00 4.16254170206666707e+00 2.50606264281943985e-10
1.03538247042066658e+01 4.16318173527999935e+00 2.59826833527870009e-10
8.08432411803333117e+00 4.16719972972333341e+00 2.57734699511506987e-10
2.34763036170666650e+00 4.17972370808000004e+00 2.46506512406995001e-10
1.15736678735333332e+01 4.18904646815999993e+00 2.52131461686681009e-10
2.69260997095333332e+00 4.19373044585666666e+00 2.38535577932523986e-10
1.95129691088000018e-01 4.19818340778000021e+00 2.43220401754381979e-10
9.76676036986666718e-02 4.20827043348666674e+00 2.39061315602355006e-10
1.28799422360999998e+01 4.21103951361000028e+00 2.44108374066872023e-10
1.90014484453999977e+01 4.21567823450333368e+00 2.34694489132461026e-10
1.42773815304666680e+01 4.21684291175999970e+00 2.43105799461878021e-10
1.57691727332666662e+01 4.22403184832000012e+00 2.42354247602151010e-10
3.17085857141333349e+00 4.23377077990333373e+00 2.17414177975193988e-10
3.80408051984999995e-01 4.24285951699666697e+00 2.31155388048306992e-10
6.07274304468999993e-01 4.24873615570666718e+00 2.28587021112807003e-10
4.78380415777666723e+00 4.25039415443666702e+00 1.91402470179664996e-10
5.65962347202999982e+00 4.25077716934000005e+00 1.89450430669725004e-10
1.73993696893333336e+01 4.25761602799666594e+00 2.33622397481773018e-10
3.92660396391999988e+00 4.25961970683333302e+00 1.90241710492742003e-10
6.57507392698000004e+00 4.25967021718666672e+00 1.84918470875221998e-10
8.36731917405666770e-01 4.27502678714666740e+00 2.22652799750202999e-10
2.65655092230999978e-01 4.28015137166000059e+00 2.21927010696933990e-10
1.73607689660666664e+00 4.29327831468666687e+00 2.16580513115154006e-10
5.21856805300000004e-02 4.29331212853333355e+00 2.17568621161780996e-10
2.01940953740000007e+00 4.29656701639333338e+00 2.18523618726719004e-10
7.56558818212999995e+00 4.30060411655333397e+00 1.74917901291927004e-10
1.44811050052000012e+00 4.30539696139999961e+00 2.13228216493066001e-10
4.80626467146666680e-01 4.31370050164666718e+00 2.11972513375788995e-10
7.03485809814333396e-01 4.31524842997666713e+00 2.10710266139966999e-10
9.79716333104999926e+00 4.31895476882333273e+00 1.63423495909539003e-10
1.15681265671566669e+00 4.32200671483666721e+00 2.08620881672925992e-10
8.65463050791999855e+00 4.32297276326666680e+00 1.63361558949158992e-10
1.09723777289333331e+01 4.35222820343999928e+00 1.60461973079782012e-10
1.87504394305666655e+00 4.35807092914000105e+00 1.97613574441155000e-10
2.31570843514666658e+00 4.36618461076666708e+00 1.97668745401677012e-10
1.60085692451666683e+00 4.37613603024333386e+00 1.93484505349884988e-10
2.66625066855333337e+00 4.38450021791666700e+00 1.89271091288330992e-10
2.22431157464999973e-01 4.38717184242666747e+00 1.95035612305224999e-10
9.05027534176666593e-01 4.38809335586333304e+00 1.90907111964960012e-10
1.31507240792666669e+00 4.39003742450666667e+00 1.90301616175953007e-10
1.06423833153333328e-01 4.39024557359333389e+00 1.93839851088632012e-10
1.22169399068666653e+01 4.40008598177000021e+00 1.48786921002780991e-10
2.14887819231666688e+00 4.41210521754999974e+00 1.86323589517724002e-10
1.03710157173399997e+00 4.42067799440666676e+00 1.83321592239585996e-10
1.35540495544333339e+01 4.42788242536999999e+00 1.40209700674443012e-10
3.08980001611999988e+00 4.42833264938333304e+00 1.71953127408790009e-10
6.96330843534666677e-01 4.44036900612000007e+00 1.80670931434728011e-10
1.49859972104666657e+01 4.44087476007999982e+00 1.33922520967751009e-10
4.75519374954666674e-01 4.44463699040000026e+00 1.81151181286791008e-10
2.46616657667666672e+00 4.47092723208000020e+00 1.68440154910266989e-10
1.81290158623000011e+01 4.47329426249999962e+00 1.35173994874104994e-10
1.65539549609333321e+01 4.48164787631666695e+00 1.22300674595722005e-10
2.71518743875333313e-01 4.48295927458000065e+00 1.72485302578150993e-10
2.81021814835000017e+00 4.48536553006333349e+00 1.60312272698576988e-10
5.42381526233333341e-02 4.48823779288666724e+00 1.71987337366320010e-10
8.09601119388666746e-01 4.48986093009333320e+00 1.68495374707908010e-10
4.80154548668666692e+00 4.49716982593666703e+00 1.51803651344178999e-10
5.67900267762000066e+00 4.49892240723000025e+00 1.50490146795473005e-10
1.89541384895000031e+00 4.50425077770333360e+00 1.65202586035696994e-10
5.95012245997333378e-01 4.50479322060333320e+00 1.66372338364023998e-10
6.58018504665666626e+00 4.51120784890333315e+00 1.46778198281285988e-10
3.79112139344000010e-01 4.51211302692666649e+00 1.66000009244097012e-10
3.94404099712666678e+00 4.51252469105666698e+00 1.49334853238502995e-10
1.95897181020333342e+01 4.51567823450333350e+00 1.22840677401680000e-10
1.61918384089333323e+00 4.53025047905666689e+00 1.60062082104203006e-10
2.06588054992666637e+00 4.54318061689666663e+00 1.54372461502238010e-10
1.33610182153000001e+00 4.54923988578666627e+00 1.55917983836859009e-10
7.51764955928333389e+00 4.55841355260666692e+00 1.36362342585071002e-10
1.06813018685166683e+00 4.57787815134333353e+00 1.50033367508525007e-10
2.12076883536666649e-01 4.58385909270333425e+00 1.51732836923788004e-10
1.10803616596333324e-01 4.58606387984333352e+00 1.51184583361513992e-10
1.77477371887666657e+00 4.59357261206333334e+00 1.45198436879617998e-10
3.22319514469333335e+00 4.59919540436666718e+00 1.28896665831627997e-10
8.25399284615666695e-01 4.61319796079000000e+00 1.43791980442019012e-10
1.48746683050000006e+00 4.61871387149333312e+00 1.41244149732307009e-10
5.24291545183666674e+00 4.61943224837333322e+00 9.81789496381349956e-11
4.39033412140333290e+00 4.62556347117666711e+00 1.00414562886300997e-10
6.12711492493000076e+00 4.62594869996333369e+00 9.51506276391437015e-11
5.97778370496333311e-01 4.63410089719999974e+00 1.40951697714815008e-10
1.20887068543666665e+00 4.63840933305333269e+00 1.38107776505728001e-10
9.88332905989333277e+00 4.63978196019333300e+00 1.16914875451483001e-10
7.00793226621333343e+00 4.64275145459999994e+00 9.16336059531896022e-11
3.83187451870999951e-01 4.64300575343999977e+00 1.39670606316446004e-10
8.76610514647999928e+00 4.64707479349999986e+00 1.12390005495004998e-10
3.57688074492999997e+00 4.65753851911000094e+00 1.01295346188762994e-10
2.44974050337666638e+00 4.66213557938333256e+00 1.30221775592642999e-10
1.09761586571000009e+01 4.66569487121666615e+00 1.20572896281801999e-10
9.51854314521333400e-01 4.66863054349666573e+00 1.33163909715814996e-10
2.78809703737666714e+00 4.67029215123999997e+00 1.23342812749798001e-10
2.77921367751999993e-01 4.67996203429666746e+00 1.33586697234185999e-10
5.65654639729999964e-02 4.68478260869666752e+00 1.33329820660675998e-10
7.14895133260666782e-01 4.69301371341333340e+00 1.29467906733963005e-10
2.10722287155666654e+00 4.69761497089999924e+00 1.24774965045652010e-10
4.82360811980666770e-01 4.70483739351000008e+00 1.28063899020954996e-10
2.99721922293000054e+00 4.75041902268666671e+00 1.01377512749240994e-10
1.79609917818333309e+00 4.75184515936333352e+00 1.17863264856110005e-10
2.62770348428000000e+00 4.76063518639666672e+00 1.09228037531466999e-10
7.83205298010666695e+00 4.76387355642333343e+00 8.10266886383732947e-11
2.28008012397999993e+00 4.76541732544333296e+00 1.11534029572038996e-10
1.50403039417666662e+00 4.77836786827333260e+00 1.14424697753456003e-10
2.32555308285333329e-01 4.77886580986000009e+00 1.16746258856785002e-10
1.12472671446666658e-01 4.78148159711999998e+00 1.16839749528164991e-10
1.22509554943333332e+00 4.79635312731666641e+00 1.12029971317743004e-10
1.04437713612166672e+01 4.79747559442666649e+00 7.15619715733962014e-11
9.39432857223999918e+00 4.80070225514666671e+00 6.84932887912964954e-11
9.64381795157000066e-01 4.81233667905999951e+00 1.09974268763265999e-10
1.21318260834333334e+01 4.81547483258333386e+00 9.35931280323341989e-11
1.95808162988666656e+00 4.81695767900666638e+00 1.05747196899882001e-10
7.20767285598666763e-01 4.82644697484999963e+00 1.08384000663392997e-10
8.34327664180999840e+00 4.83016615060333354e+00 6.62568496985778049e-11
4.85482434465999979e-01 4.83697901862333257e+00 1.07391136230673001e-10
1.65707286387666652e+00 4.84817702313666654e+00 1.02557324151548005e-10
1.34893161877333316e+01 4.85862619893999970e+00 8.87048536558138940e-11
5.25159386734333378e+00 4.86242454706666649e+00 7.65709179142224048e-11
4.40454975325999953e+00 4.86517245711999990e+00 7.82511213655847975e-11
1.36889024920333324e+00 4.86683767682999946e+00 1.00802689782060997e-10
6.13238242613666618e+00 4.87196126522000039e+00 7.39368144623922965e-11
2.79425054639666659e-01 4.87559631805000038e+00 1.02142054155515996e-10
1.49256593026666682e+01 4.87620654337666704e+00 8.52348510704485056e-11
5.59072074736666688e-02 4.87930768407666626e+00 1.02238279815271004e-10
1.09688253148400006e+00 4.87952808117000014e+00 9.96414374314645939e-11
7.00675884636333368e+00 4.88066957133333279e+00 7.20903769778160995e-11
8.43798917589333342e-01 4.89033735779000001e+00 9.86083369321857031e-11
3.63730113796333265e+00 4.89883003186333355e+00 7.76714198334609039e-11
6.06772145319666723e-01 4.89967578374999935e+00 9.79270960716229022e-11
1.82736254709999990e+01 4.90126669059333331e+00 7.40207894574997964e-11
3.88471017743333313e-01 4.90669136953666651e+00 9.76771833732420012e-11
1.14923349782666673e+01 4.91790198675000045e+00 6.40973251671720941e-11
1.64437744550333349e+01 4.93067073288666702e+00 7.57711072274423952e-11
3.01211668341666661e+00 4.94005658053333363e+00 7.86825109026852014e-11
1.91460580540999992e+01 4.94365066259666630e+00 6.09919309016928000e-11
2.62747199977666668e+00 4.95434903673666671e+00 8.23387827350071965e-11
2.29403991488333370e+00 4.96146943322666711e+00 8.46022242795222960e-11
7.47908055738333388e+00 4.96799633026333343e+00 4.70219263669378980e-11
2.15442563200333309e-01 4.97583519602000024e+00 8.90069514026027005e-11
1.12007352873000010e-01 4.97693077478666623e+00 8.90117063137123064e-11
4.82443953404999970e+00 4.97977111057333222e+00 4.97030622060072026e-11
1.97588200829333349e+00 4.98737925896666656e+00 8.34929120379379940e-11
5.69294859433333311e+00 4.98792727117999934e+00 4.70667591316646018e-11
4.01867702201666699e+00 4.99342518975333238e+00 5.29109669345326973e-11
6.58427912801333282e+00 4.99513853089333359e+00 4.51737406605690968e-11
1.67067606635333354e+00 5.01305111482333299e+00 8.17883961862421973e-11
1.37706411025000008e+00 5.02951278970000004e+00 8.06705469692500940e-11
3.29851299821333299e+00 5.03012447496666670e+00 5.74616838496403014e-11
8.46571977268666731e-01 5.03052776724333395e+00 8.14149306410075979e-11
1.10136258496733341e+00 5.03164130006666621e+00 8.09193407403032000e-11
6.09096731619333309e-01 5.03451855584666674e+00 8.13016849669208048e-11
3.89999369111333316e-01 5.03951834993666647e+00 8.09910893858417941e-11
2.46346880977666638e+00 5.05190153750666671e+00 7.23600924190602037e-11
2.80276301335999989e+00 5.05364355942666688e+00 6.80423382082850063e-11
1.27300950459666655e+01 5.05717213799333276e+00 4.66570662316506992e-11
2.13898304086666657e+00 5.06408865864333269e+00 7.32683422884080966e-11
2.81146343933333320e-01 5.07456479204000033e+00 7.73373431458107057e-11
5.61001453993333343e-02 5.07588396027666633e+00 7.76365088027150043e-11
1.41523102559666683e+01 5.08291846862666663e+00 4.25793183827678995e-11
1.82750275906666659e+00 5.08714083101000014e+00 7.22881222586740001e-11
7.25864931577666628e-01 5.10148015640000008e+00 7.36094518537127971e-11
9.71634908319666812e-01 5.10464030741000041e+00 7.29084387199273015e-11
4.89335372133666680e-01 5.10464877111999993e+00 7.36289112233158952e-11
1.52580745770000004e+00 5.10591707282999963e+00 7.14360589894999057e-11
1.55986543195666680e+01 5.10838648818666652e+00 3.90552854331475031e-11
1.23774946396333330e+00 5.11114145908333306e+00 7.17758588894059041e-11
1.05659008346166683e+01 5.11318295240666654e+00 4.75728890863462021e-11
9.51157233753333209e+00 5.13448372993000035e+00 4.52077991115398973e-11
8.49838941730000030e+00 5.15585336841666653e+00 4.13733808453676981e-11
1.78428119227000010e+01 5.17219528457999989e+00 3.93467382823595005e-11
2.34295270452999999e-01 5.17348645776000016e+00 6.72757793653643055e-11
1.12684282246333325e-01 5.17371004723000016e+00 6.72699517370807995e-11
1.70363633937999985e+01 5.19324571305666627e+00 3.42593412483259989e-11
1.12212657892666670e+01 5.20774461184999993e+00 3.65641445965166027e-11
4.82483173796666609e+00 5.21387617165666573e+00 3.88273998623360028e-11
7.53455602608333308e+00 5.21392417443333311e+00 3.52515072351014985e-11
4.02838624237999987e+00 5.22593122867666704e+00 4.09806931027470988e-11
5.68805408936999957e+00 5.23123528598333376e+00 3.62326892403066973e-11
7.25566330884999999e-01 5.23826976284333323e+00 6.07520726325906943e-11
4.90952032246666670e-01 5.23855799258999966e+00 6.10489812458809994e-11
2.46723113570333341e+00 5.23879312728333346e+00 5.51732009682119998e-11
2.14928956257000037e+00 5.24240628367333361e+00 5.67007853808287998e-11
9.63814470366333498e-01 5.24529515103999966e+00 5.99538007863661964e-11
6.58876528904666703e+00 5.24731160912666628e+00 3.42902050295177018e-11
3.30472078890666632e+00 5.25050234064333310e+00 4.51258707191976999e-11
1.83819192069000015e+00 5.25805175180000006e+00 5.67412704515292995e-11
2.80734404397666681e+00 5.26727324590000023e+00 4.91077871213905007e-11
2.83666237401333288e-01 5.27168993018333332e+00 5.82718060481229947e-11
5.65841368469999981e-02 5.27173913043333275e+00 5.86050810612520029e-11
1.53297286131666666e+00 5.27329123814666634e+00 5.65101549201609016e-11
1.23274045336666660e+00 5.27863129813666632e+00 5.67268803697226981e-11
1.01227022985866668e+01 5.28927079295666669e+00 2.71811715213520013e-11
3.93651931244666686e-01 5.30513232199999951e+00 5.55114546464346985e-11
6.10414791039666671e-01 5.30521738375999963e+00 5.51953314170047982e-11
9.03846168726333410e+00 5.30654348609666648e+00 2.58777694404998004e-11
8.38452938622666788e-01 5.30797221731666635e+00 5.46433102838348030e-11
2.30810876251333363e+00 5.32667864803333391e+00 4.86495413520015023e-11
1.95563399520666650e+01 5.32797242809333316e+00 2.94574760364958011e-11
4.41465117754000058e+00 5.33178355712666630e+00 2.61130276876094004e-11
8.04264122429666628e+00 5.33548861840666699e+00 2.33311145969102984e-11
1.99687769161999995e+00 5.33660780478666652e+00 4.94014440180615972e-11
1.08853313641733340e+00 5.33978598275000049e+00 5.18323439464202025e-11
5.24709156629666751e+00 5.33983762295333353e+00 2.34852306738391991e-11
1.68853063159333350e+00 5.35133620092999962e+00 4.94237557159737969e-11
3.65321814902000019e+00 5.35171393646333371e+00 2.97320069522467975e-11
2.63581535632000019e+00 5.35487031298666682e+00 4.47138292559786017e-11
1.37922050327000001e+00 5.36437679407000001e+00 4.92520686786914977e-11
6.13197408220666684e+00 5.36744235825666749e+00 2.12204543979951010e-11
1.14528149589666658e-01 5.37072758895000035e+00 5.05476778274726970e-11
2.19999261937333324e-01 5.37090197817000004e+00 5.06078544845452023e-11
3.02290550472666686e+00 5.37406413268333338e+00 3.79251054088148990e-11
7.06672047609666709e+00 5.37877049373666694e+00 2.05864950277663007e-11
3.95964831601666678e-01 5.43736788396000037e+00 4.57706971707705997e-11
6.11119279569333318e-01 5.43972287334000004e+00 4.55114922677903027e-11
8.32764741885666737e-01 5.44152903112666664e+00 4.49788751449166014e-11
5.79440127426666673e-02 5.46855367590666663e+00 4.40888486022051996e-11
1.06190369886400005e+00 5.46970734864333341e+00 4.33604478626038975e-11
2.87339013653999997e-01 5.47030525500999953e+00 4.37381197836059032e-11
1.26809079895333330e+01 5.48096905154000069e+00 2.81048866354293011e-11
2.31459919487999999e+00 5.49906060693000054e+00 3.76695468423023018e-11
4.93969421133333253e-01 5.50529904412999915e+00 4.14051756392683988e-11
7.20582622677666595e-01 5.50633206623333393e+00 4.11714316325302001e-11
1.40993817896666656e+01 5.50636292287666596e+00 2.65025037038521994e-11
9.31496836075999979e-01 5.50877333074333375e+00 4.05413068831771025e-11
2.00627727300666692e+00 5.51001340526999872e+00 3.83778179058069999e-11
2.62309268817666652e+00 5.51448972415000060e+00 3.61540477661549001e-11
1.69764746103333319e+00 5.52289079183999920e+00 3.85844586223116971e-11
1.39083147277000019e+00 5.53482815350666613e+00 3.84800287050116026e-11
1.55169844405333350e+01 5.53541658340999998e+00 2.37490063603809991e-11
1.13857302884666662e+01 5.54391512707333334e+00 2.17679547780329990e-11
1.14541585197000015e-01 5.56637976286333380e+00 3.81017101249945980e-11
4.40903604669999982e+00 5.56724603097999893e+00 2.00477585972583000e-11
2.38465473760666707e-01 5.56795695274666613e+00 3.79661076159778024e-11
2.46099889992666698e+00 5.57079449734333298e+00 3.21973180522019973e-11
5.20895058872333383e+00 5.57395983198666656e+00 1.80563355492301013e-11
3.64075482920666671e+00 5.57978138907666743e+00 2.32270799820796987e-11
1.13256110285666667e+00 5.58816149352999947e+00 3.53457109383789010e-11
2.16517957632333369e+00 5.58819384305333244e+00 3.30377749972547989e-11
2.99260931663000029e+00 5.59118831529000015e+00 2.78221615688311992e-11
1.85670833151666659e+00 5.60301194319333273e+00 3.34957673908052026e-11
1.68491401940000038e+01 5.60618371682666705e+00 1.93543743202030994e-11
1.55370066025666698e+00 5.61529718849333292e+00 3.37433325172786002e-11
1.81770941456666684e+01 5.62251273415666741e+00 1.85506803193228988e-11
1.02121984829700008e+01 5.62585999188333385e+00 1.81608581547073988e-11
1.26423136920333334e+00 5.63229797262333332e+00 3.33899130263279007e-11
9.29265614180000088e-01 5.63429739631333337e+00 3.37217940423998009e-11
7.21899168594666629e-01 5.64104989621999930e+00 3.38231224623874986e-11
4.97516333418999979e-01 5.64105623394999967e+00 3.40489699718739024e-11
2.76432518773666658e+00 5.64401683966999901e+00 2.70388013437466008e-11
9.10710132752000057e+00 5.64564685312999970e+00 1.69573167133122998e-11
6.11789111518000084e+00 5.65013487962999950e+00 1.51918164126774990e-11
8.08335105799666742e+00 5.65931813414333362e+00 1.57788708203487984e-11
7.09287125954666653e+00 5.66039468880333363e+00 1.49113445498624998e-11
5.65975724543333336e-02 5.66304347826000054e+00 3.31071097595674001e-11
2.87762841833333338e-01 5.66462066814333287e+00 3.28687489518813014e-11
4.78107562955333343e+00 5.68346085454333316e+00 1.25924297983973995e-11
1.03954766546133337e+00 5.68861116642666698e+00 3.09951520141567979e-11
4.01030779172666652e+00 5.68946115514333339e+00 1.44946517242092000e-11
3.26196128099666671e+00 5.69569397586333270e+00 1.84116467207990994e-11
1.20323680285000005e+01 5.69986246097000038e+00 1.30993500438570998e-11
8.31850065906666658e-01 5.70177092668333341e+00 3.08519958566092012e-11
4.01282012354999995e-01 5.70338546717000039e+00 3.11256833929662016e-11
1.33872006649999999e+01 5.70586756673666695e+00 1.30750249818366993e-11
6.15982737771999966e-01 5.71019789314666681e+00 3.08678393100957029e-11
1.47910609573333343e+01 5.72668109284999982e+00 1.20680022570883001e-11
2.47844792417666637e+00 5.73372546642666681e+00 2.49725351656782005e-11
1.90181895919333321e+01 5.73590590566666680e+00 1.30051985733633993e-11
5.63583014477000077e+00 5.74805001638999968e+00 1.02726761027861002e-11
2.17632705327000009e+00 5.76151963621000007e+00 2.54659597672054013e-11
1.14999754642666666e-01 5.76253400864666698e+00 2.84488245900343988e-11
2.22241135457999978e-01 5.76253400864666698e+00 2.84932394657321004e-11
1.61748813762000019e+01 5.77063883187999949e+00 1.07754167245194003e-11
1.86584380044666642e+00 5.77714488896666722e+00 2.59207994311727009e-11
2.66675102979333323e+00 5.78015410699333376e+00 2.17232871452000999e-11
1.08198615181999998e+01 5.78594266655666711e+00 1.08334578688376997e-11
1.56384759891666669e+00 5.78888819173333236e+00 2.61488852048269003e-11
1.29012813104666679e+00 5.80033186357666608e+00 2.60435871806544985e-11
9.66970816217333429e+00 5.81017629588999984e+00 9.84860896126563951e-12
6.60083310546999957e+00 5.81162832556666675e+00 8.85153330979386070e-12
1.05414779181466667e+00 5.81601222759999903e+00 2.56595631891964994e-11
8.60773889125666614e+00 5.81878625118666637e+00 9.61345322802520008e-12
7.60141664323333277e+00 5.81937788523666644e+00 9.10482036227722001e-12
8.36102224916666636e-01 5.83465293226000004e+00 2.53910212031433999e-11
2.34319569607666667e+00 5.83531736916999932e+00 2.16952171370561002e-11
4.02213210684333300e-01 5.83598531563999945e+00 2.56695825364044013e-11
6.17592063381999901e-01 5.84422363237666698e+00 2.54073440236509009e-11
2.02656021888333315e+00 5.85747214419999995e+00 2.22444988365484015e-11
5.84021821883333389e-02 5.86036009560333326e+00 2.48040608889310012e-11
2.90498649896666683e-01 5.86410235134666635e+00 2.45820260567313007e-11
1.75610984107000014e+01 5.86509433783000045e+00 9.14740923575835957e-12
1.71692986862333341e+00 5.87061474085333312e+00 2.27239427965340985e-11
1.42687517327333335e+00 5.87645304769999921e+00 2.32328309537104004e-11
1.17305799105333342e+00 5.88359644565666695e+00 2.33966758719120985e-11
9.48117899543333364e-01 5.89458046306333383e+00 2.32403949246859005e-11
5.00056857358333273e-01 5.90768182165000066e+00 2.30900848367302007e-11
7.27760653214666653e-01 5.90795764102666698e+00 2.30267346865530990e-11
4.75949744175000067e+00 5.91858008228333343e+00 9.54764194564564958e-12
3.99950306226000007e+00 5.92276382634333221e+00 1.12215219263265004e-11
3.24490006028333333e+00 5.92531749529999985e+00 1.41487253316472001e-11
1.15918485628000001e-01 5.95924647648000061e+00 2.13739409457606007e-11
2.40773572520999984e-01 5.96298873222333370e+00 2.13249643249312011e-11
2.71170284715333310e+00 5.96362041841999968e+00 1.57526021670270009e-11
5.55963197211333338e+00 5.97912786967333343e+00 7.94932510191392995e-12
2.35965387123999992e+00 6.01530199371999874e+00 1.63880027818865008e-11
1.17928023667000015e+00 6.02181258151000076e+00 1.91553928952955990e-11
2.03424985806999992e+00 6.03443279682333422e+00 1.70555564825068014e-11
9.56686985901999964e-01 6.03448216358333411e+00 1.89667036165022989e-11
4.37665312943000018e+00 6.03566792991999979e+00 6.97541531006831993e-12
5.11117422826333279e+00 6.04015691301000057e+00 5.97767806446281975e-12
4.98347052594666662e-01 6.04044885953333388e+00 1.90709128003070993e-11
7.29843558722666597e-01 6.04094378011333344e+00 1.89848081162452992e-11
3.61288887902666644e+00 6.04270757971333339e+00 8.60971510880599051e-12
1.72210293167333339e+00 6.04646356766999915e+00 1.75092881957107993e-11
2.94935878400666640e+00 6.04979098354333278e+00 1.17799366127605995e-11
1.42162540674333315e+00 6.05424916944666691e+00 1.78568598121730001e-11
5.75163034396666620e-02 6.05540812000666762e+00 1.86021267542150997e-11
2.89279900541000001e-01 6.05915037575000071e+00 1.84733752853160015e-11
1.06893912378999989e+00 6.09413006397333401e+00 1.74172487644115991e-11
2.53985791669999994e+00 6.09717640240333392e+00 1.34923328129615996e-11
4.00170535313666642e-01 6.09918713613000119e+00 1.74499794896193999e-11
8.46754216783333291e-01 6.10754077186666677e+00 1.71846665844833985e-11
6.66074178718333343e+00 6.10961803525333380e+00 6.16172984400925968e-12
6.17965164126333288e-01 6.10997680934666665e+00 1.72096089346929000e-11
1.33780767480666665e+01 6.11480740519333299e+00 8.16368291439536994e-12
1.29110061013333333e+00 6.11634412117666670e+00 1.67258076613046009e-11
1.20734110933999990e+01 6.11775153035333386e+00 8.09795869343656985e-12
2.20047486762000011e+00 6.11846491338333198e+00 1.43331608079881005e-11
1.87870650268333339e+00 6.12995436840666574e+00 1.49830645320839008e-11
7.63356833930666667e+00 6.13437252229333296e+00 6.25242396746954036e-12
1.08506679133333321e+01 6.13829620448999957e+00 7.23361660492218033e-12
1.47382529919999996e+01 6.14141598980666714e+00 7.49114773381159069e-12
1.56377089543666670e+00 6.14253314029666697e+00 1.53727852728499997e-11
9.70344252578333410e+00 6.15264690577333351e+00 6.63437137579031990e-12
1.15398090355333327e-01 6.15642732625666600e+00 1.59594080047658009e-11
2.22306600563666662e-01 6.15642732625666600e+00 1.59548347366243002e-11
8.61970307191666762e+00 6.17055525840666608e+00 6.26322736388819996e-12
1.61083886174333344e+01 6.18331924352666729e+00 6.69599216213169992e-12
5.82169017564333302e+00 6.19662430061666658e+00 4.68628888827996991e-12
1.94618496398666672e+01 6.20793347757333347e+00 5.64340306962249977e-12
4.00330518126000012e-01 6.23337130362000025e+00 1.43292599223195994e-11
1.08853418540000013e+00 6.23991897277666663e+00 1.41109402825308003e-11
6.19257139272666790e-01 6.24386371556333319e+00 1.42025035425116997e-11
8.51160174670333336e-01 6.24414817681000045e+00 1.41311642879940992e-11
1.75055691424999971e+01 6.24548332555000041e+00 5.79600953759981036e-12
5.78817869156666651e-02 6.25319311929333299e+00 1.39305092762997994e-11
2.89805366829333333e-01 6.26068475991666684e+00 1.37447119880781999e-11
1.23276484085666671e+00 6.26158600325666725e+00 1.32907687685428993e-11
4.37554357648333347e+00 6.27226902889333360e+00 5.36751352869901037e-12
7.18493163733333251e+00 6.27337903554666720e+00 3.95689383143315033e-12
5.11641453786999989e+00 6.27386219861333316e+00 4.61153850126745022e-12
6.26232952754000038e+00 6.27579361427666615e+00 3.77837914456311977e-12
3.61406456350333327e+00 6.27743590881333358e+00 6.70096271730910985e-12
2.96466501485666711e+00 6.28755907416333315e+00 8.47053686533321979e-12
2.55232331454666683e+00 6.29741676658999960e+00 9.84608603650405984e-12
2.20581742266666669e+00 6.30157842296666626e+00 1.08733583078676996e-11
1.88042738326000003e+00 6.30629590266333384e+00 1.15235155999130003e-11
1.27128271374999997e+01 6.30779795937999932e+00 4.22013677599034036e-12
4.99799010553333367e-01 6.30851993324000038e+00 1.28722343027862000e-11
7.35541491755999921e-01 6.31143809127333366e+00 1.28054763207810000e-11
1.14575797485000006e+01 6.31415773439000017e+00 4.12888751975044968e-12
9.80688005399000029e-01 6.31687847733000041e+00 1.26320973126619007e-11
1.56826236036000011e+00 6.31832864014999984e+00 1.18561998776980994e-11
1.02767392417133347e+01 6.32068413969999998e+00 3.88383320919882018e-12
8.12746693473000015e+00 6.32608177841999986e+00 3.90018982129251961e-12
1.40374499074000010e+01 6.33003765829000020e+00 3.96144069500192971e-12
9.15279987179000010e+00 6.33988647023333396e+00 3.75681793428225991e-12
1.16157925081999999e-01 6.35513625837666662e+00 1.19234413527889997e-11
2.41172994787333339e-01 6.36262789900000048e+00 1.19153703195989999e-11
1.53976837164333329e+01 6.36283189201333332e+00 3.59085898779914992e-12
5.50901315829333260e+00 6.37698451594333360e+00 3.21763601810296011e-12
1.28570469946000010e+00 6.38375653021000034e+00 1.11252661072996998e-11
4.76362819840999929e+00 6.38888646686000072e+00 3.43515298572496014e-12
2.04131329369333336e+00 6.39388784066333304e+00 9.66366900662072978e-12
3.99956919378999975e+00 6.39409325441666709e+00 4.11502660794875993e-12
3.26138197560999998e+00 6.39781391501999952e+00 5.52609477869818988e-12
1.72831527717333344e+00 6.39860060178000012e+00 1.02020571399708998e-11
2.37746182413333296e+00 6.39865586748999959e+00 8.82893425123460953e-12
1.67271181670333355e+01 6.39925311619333304e+00 3.28341228171482012e-12
2.73947447585000026e+00 6.40162887322666663e+00 7.64666131476247994e-12
1.43925740253666667e+00 6.41577719336666785e+00 1.03449809451052003e-11
5.01235958774333357e-01 6.44100894908333377e+00 1.06645118377535995e-11
7.36900156169999931e-01 6.44798309892666666e+00 1.05390615656436004e-11
9.74162015559000061e-01 6.44893900305666623e+00 1.04554164363442003e-11
5.82761381663333342e-02 6.44976922603999991e+00 1.04583910755308993e-11
2.91764687276999946e-01 6.46531850482333326e+00 1.02251765532153002e-11
4.03332435544000001e-01 6.50435274023333321e+00 9.72981374575790022e-12
8.45992849244333378e-01 6.51275371019000016e+00 9.56623917607384055e-12
6.22052751907666734e-01 6.51289773906000047e+00 9.60257212815656036e-12
1.20046912162666675e+00 6.54026444140999974e+00 8.84549618455848964e-12
1.16562631139000006e-01 6.55355522766666709e+00 8.95268725890779081e-12
1.07046148803666674e+00 6.55890992553333430e+00 8.79372520385997975e-12
2.25036110544333340e-01 6.56161286582666747e+00 8.94500420327481971e-12
6.38374505357666688e+00 6.56692249908333370e+00 2.66654351557365985e-12
7.25715102172333371e+00 6.56807568532666775e+00 2.85898847168951984e-12
1.72876152533666683e+00 6.57065627250333417e+00 7.91922233940571022e-12
2.04007851417333308e+00 6.57105410100000054e+00 7.47869752605258068e-12
1.45095970437999999e+00 6.58277082783333345e+00 8.07661384236230017e-12
2.37258157301999972e+00 6.58670437727666691e+00 6.71091764430757012e-12
5.56600225045999952e+00 6.61032448414000040e+00 2.50067297973981013e-12
1.80243978847333324e+01 6.61684864251666749e+00 2.54152354190929987e-12
2.73742084994333323e+00 6.63089685729999889e+00 5.41842181700167006e-12
3.27576389158000003e+00 6.63372725532333352e+00 4.27349398521035970e-12
4.78389616414999974e+00 6.63398604206666676e+00 2.67415509738417984e-12
4.01382705698999942e+00 6.63475466361999988e+00 3.22110977015654981e-12
4.03602131935666630e-01 6.63713615422333358e+00 8.03571435999678949e-12
8.52310755159999989e-01 6.64498685711666681e+00 7.93285419897779063e-12
6.23756935660666589e-01 6.64717234826333314e+00 7.96034437164744030e-12
5.82864929726666647e-02 6.64726426249666691e+00 7.89511637119025077e-12
1.89210225992000005e+01 6.64985282630666674e+00 2.52477473914315012e-12
1.87963885190333357e+00 6.65551783372333361e+00 6.73116035675800014e-12
1.30439673532333344e+00 6.65600070673999955e+00 7.41037357583563024e-12
1.58041091036666681e+00 6.65737794533999949e+00 7.10162389503599990e-12
2.92044738474999954e-01 6.66516217266333300e+00 7.70549979973226987e-12
1.02934762972466665e+01 6.66583916741666727e+00 2.71858437767519986e-12
2.19970239203333362e+00 6.66679319309000018e+00 6.14533567889306019e-12
8.11132468054666589e+00 6.67181798638999979e+00 2.65145634542882990e-12
1.14630088927000013e+01 6.67272654207999949e+00 2.84176512423825989e-12
9.16478733870999918e+00 6.68212797749666709e+00 2.64583390389538018e-12
9.87469655494666809e-01 6.68642269204666650e+00 7.33212572919551069e-12
6.85437669761000024e+00 6.69544356984000100e+00 1.95942002540814998e-12
5.03209838918999952e-01 6.70806697227666593e+00 7.25597846293007966e-12
1.26920464997333315e+01 6.70902372565333227e+00 2.74795237721594010e-12
7.44922245838666619e-01 6.71449085505666687e+00 7.16770533490153014e-12
2.54538943752666702e+00 6.71473326045000007e+00 5.14510247862587975e-12
6.00009479384666644e+00 6.72109315362000004e+00 1.84364931371088996e-12
1.39935084756666672e+01 6.73469041629000031e+00 2.59581464662544993e-12
1.15847918712333339e-01 6.75055994500666667e+00 6.78435879668051016e-12
5.19367159577666637e+00 6.75230174201666689e+00 1.84821580999052989e-12
2.97699330492000014e+00 6.75274039853999941e+00 3.78211286544008016e-12
3.64270434267333343e+00 6.75401065831999947e+00 2.66094256205887003e-12
4.41006940542333314e+00 6.75803001330333331e+00 2.09191946614706995e-12
2.41132684809333336e-01 6.76040021701333327e+00 6.76434065893876998e-12
7.68964546951333272e+00 6.77480538004333255e+00 2.05435883964638009e-12
1.53411779652666667e+01 6.77672700164333275e+00 2.34815928551971018e-12
1.67010213978000017e+01 6.79528316907333352e+00 2.21192284289351017e-12
1.28590593507333328e+00 6.80932949060333303e+00 5.95787961858288976e-12
1.57644229254000012e+00 6.82222029774000038e+00 5.64564370458247990e-12
1.00599625694800010e+00 6.82443226326666785e+00 6.01589304161126966e-12
1.87689755464999997e+00 6.82598442735333322e+00 5.31673871379155032e-12
2.19040999458999996e+00 6.83954935491000082e+00 4.84641416767160965e-12
9.73216704823666667e+00 6.84004344075333393e+00 1.68350119852523000e-12
1.08728341130666664e+01 6.84202003989666707e+00 1.71437122279830006e-12
5.75614257396666676e-02 6.84242611729333294e+00 6.02101192937179000e-12
5.01803471243333354e-01 6.84242679635666651e+00 6.05547035969509037e-12
7.48223267761666588e-01 6.84724873843333359e+00 5.99369256834230027e-12
8.61554828465333422e+00 6.85853297364000003e+00 1.68366918822721007e-12
2.89155572895999968e-01 6.86287974513333321e+00 5.85962991094226996e-12
1.20580595998333333e+01 6.87754610431666702e+00 1.70768386057916995e-12
2.51746409935666682e+00 6.88704217180000011e+00 4.15416499409110981e-12
1.14197358938666671e+00 6.89073892260333309e+00 5.40219069640227973e-12
1.42850028630333337e+00 6.90094196409666694e+00 5.13737062276627015e-12
4.00031665913999968e-01 6.90448647858666664e+00 5.56935080616037990e-12
1.72205161025666675e+00 6.90596521853333289e+00 4.84889070643971007e-12
2.02804481947666693e+00 6.91427685645000079e+00 4.47645352058510038e-12
6.25651589908000072e-01 6.91429005571999955e+00 5.45338462795168030e-12
8.74138378536333249e-01 6.91575431171333310e+00 5.38483851956871984e-12
1.33133546785666681e+01 6.92068592946666694e+00 1.60716204993030999e-12
2.33536383740666720e+00 6.93176945044666670e+00 3.99544100723528011e-12
1.13049340049666672e-01 6.94665623506666652e+00 5.21905355610219992e-12
2.19358721109000010e-01 6.95726959090000019e+00 5.19360005263136011e-12
1.46378058091000014e+01 6.95996385743666668e+00 1.47905571082828990e-12
6.92479998440666566e+00 6.96794082503333367e+00 1.58584623991114000e-12
1.74767956927333330e+01 6.97549924959000034e+00 1.40859333858505000e-12
6.05713230314999951e+00 6.98580412544999962e+00 1.48615114654457996e-12
3.00176822653333319e+00 6.98906291659666667e+00 2.84559326593862016e-12
1.60257860970333326e+01 6.99324440603666631e+00 1.37359438346146990e-12
3.66322920158999965e+00 6.99352572616333390e+00 2.15230385865479017e-12
4.42681875793333290e+00 7.00609555457333411e+00 1.69978596625455004e-12
5.22289301272666595e+00 7.00671105795666715e+00 1.50764736800000996e-12
7.45993123132666636e+00 7.03027113759333400e+00 1.32210152791413010e-12
5.54879143099999972e-02 7.03901272646999931e+00 4.68074778657306997e-12
3.92909772178666683e-01 7.03924148379000059e+00 4.66797098740106035e-12
2.61462152735333353e+00 7.04037950147999947e+00 3.07575069551209008e-12
6.22583272288000034e-01 7.04969512512666707e+00 4.59922527261845986e-12
8.71420467221333261e-01 7.05573578794666645e+00 4.50715594229812014e-12
1.13688547944666651e+00 7.05671128908666656e+00 4.38428920943748984e-12
1.42009555018333344e+00 7.06189160841000074e+00 4.18378693727591982e-12
2.79960167731000020e-01 7.06378657690333256e+00 4.54277662963544970e-12
1.71569788620000008e+00 7.07121643605333361e+00 3.93198561864010028e-12
2.02016308512333342e+00 7.08133746308666634e+00 3.62956553791377014e-12
2.32392775663999984e+00 7.09324904577333371e+00 3.27820783884887994e-12
6.51120584967666627e+00 7.10413072610666685e+00 1.19444937761616999e-12
2.79394609544999994e+00 7.10851698105666685e+00 2.59835357940171014e-12
3.32106367211000020e+00 7.10956484122333432e+00 1.93276920500244018e-12
4.91613259887999920e-01 7.11258687096666620e+00 4.24620380184340026e-12
4.05110126841666673e+00 7.12233527273333333e+00 1.47448313282029999e-12
7.42437038826666673e-01 7.12263528407333268e+00 4.16093412342125035e-12
5.65226117671333395e+00 7.12944477190999937e+00 1.17913344697493004e-12
9.98190235692999916e-01 7.13038610598333378e+00 4.03860395507045967e-12
1.27241308901333339e+00 7.13625150140000031e+00 3.87905081097888976e-12
4.82986693360999997e+00 7.13646089927666694e+00 1.25449167645372994e-12
1.94591729593333334e+01 7.14191934873333434e+00 1.34139297657164004e-12
1.05958139648666669e-01 7.14442691405999941e+00 4.11850314651375004e-12
1.56168383236333352e+00 7.14842115957333402e+00 3.65104714577486023e-12
1.86266209624000001e+00 7.15829625150999949e+00 3.39039958569545010e-12
2.24121012010333326e-01 7.15858740865999987e+00 4.07390333205248025e-12
2.48091252020333330e+00 7.16794987144666607e+00 2.78609630149339008e-12
2.17109217946999999e+00 7.16808955687333338e+00 3.09107481934403991e-12
1.08817898407666664e+01 7.17666719260000008e+00 1.35392052237265996e-12
9.74412312065666697e+00 7.17726730406999991e+00 1.32690279975385008e-12
8.62921960638333374e+00 7.18962685921000055e+00 1.31602451777535007e-12
1.20201037397666664e+01 7.20285719065000052e+00 1.37603937139714002e-12
5.04702253386666647e-02 7.23584897020000017e+00 3.76979885435644009e-12
4.87326762498333288e-01 7.24910515746666650e+00 3.66703193241948968e-12
7.35243103620000116e-01 7.26112355484666683e+00 3.58455263071312001e-12
9.87973496828333353e-01 7.27413668274000003e+00 3.46327523647222995e-12
2.61279009997999967e-01 7.27508493187333372e+00 3.58609492702459012e-12
7.54160480678666634e+00 7.27715224138000050e+00 1.13914963867614000e-12
1.25828360906000003e+00 7.29370159879000024e+00 3.28593836054857986e-12
1.54918765823666660e+00 7.31176847196666646e+00 3.08093663252719016e-12
3.74959806027333364e-01 7.32065666413666705e+00 3.43085707540972997e-12
1.85225453544999996e+00 7.32371869352000004e+00 2.86140380209147012e-12
6.11102839691666677e-01 7.32470168240000064e+00 3.38666016389001010e-12
2.82636951411333337e+00 7.33244746631333300e+00 2.02210807385311999e-12
1.14340087603333345e+01 7.33268478111666600e+00 1.04460832807684003e-12
2.48347207941999981e+00 7.33296261664000060e+00 2.33504457301993997e-12
8.73862655733333299e-02 7.33322525297666683e+00 3.43629651537766019e-12
2.16226718173333365e+00 7.33416032529666762e+00 2.61037055880554990e-12
1.03143880973666668e+01 7.33771018343666626e+00 1.02972062882158992e-12
8.54009793150000029e-01 7.33797463547666684e+00 3.28855145179454995e-12
3.33708139895666633e+00 7.33818438177666721e+00 1.63633789934119999e-12
1.31622857839666665e+01 7.34461957173333335e+00 1.16667318654282999e-12
9.19041473286000077e+00 7.35044572638333360e+00 1.02701957109935001e-12
1.11253926062866682e+00 7.35791196323333363e+00 3.13872312027553003e-12
1.80032177871000010e-01 7.35830072004999991e+00 3.36364040595839018e-12
4.04693296821000015e+00 7.36434317526666771e+00 1.28085469240719003e-12
6.55746747798000040e+00 7.37205315121000027e+00 1.05037179296019996e-12
8.09725224819333356e+00 7.37870440687666740e+00 9.91513162934322016e-13
1.39346989610333338e+00 7.38268901819333312e+00 2.94639138320284995e-12
1.75179326784333362e+01 7.38863727321666630e+00 1.09960586333427994e-12
1.45402449600666674e+01 7.39198566689000014e+00 1.12126225607883006e-12
5.67631666799333345e+00 7.39546075373666678e+00 1.04228520170301004e-12
1.69279415128333355e+00 7.39998619045666661e+00 2.74899426529976002e-12
4.83504121811333309e+00 7.40014955647666728e+00 1.09812379384441000e-12
2.00093052659666659e+00 7.41283067351999936e+00 2.53085048150886991e-12
1.59745573419666673e+01 7.41627799043333358e+00 1.08931787409778994e-12
3.69160402346666652e-02 7.42346323929666685e+00 3.22170751510780986e-12
2.31766231812000001e+00 7.42433255938999981e+00 2.27994091087660009e-12
2.64960450523333302e+00 7.42932273193000015e+00 1.99845660911369990e-12
3.05020937204333320e+00 7.44161294240666660e+00 1.60458322174089007e-12
3.85587620664000041e-01 7.45529151273333301e+00 3.10058895702935986e-12
1.25030217450666665e+01 7.45826845425333307e+00 1.03270818699531998e-12
6.04471017183333292e-01 7.45878692047666636e+00 3.05929419921916007e-12
3.67507862823000009e+00 7.46415316925000027e+00 1.23859523470532998e-12
1.86955079514000005e-01 7.47355146155333383e+00 3.09169400840347003e-12
8.37874663682666720e-01 7.47901175099000071e+00 2.96190679600953009e-12
7.05273518816999978e+00 7.48274435392333359e+00 9.30150458476912068e-13
1.08816786417866673e+00 7.49848780512999991e+00 2.84619857169403992e-12
4.42782474223000033e+00 7.51179211430666793e+00 1.02731119658353008e-12
9.43091672163333256e-02 7.51369338578333412e+00 3.04475266912494996e-12
4.91322754626666580e-01 7.51782524413999997e+00 2.97772689594433013e-12
1.90388235955666687e+01 7.51832574407666687e+00 1.03290848063904010e-12
6.12744942273333226e+00 7.51974253238000045e+00 9.16388844840735012e-13
2.78829726277666667e-01 7.52497052197333360e+00 3.00024351328279009e-12
7.12476151644333200e-01 7.53624590843666642e+00 2.90769538846205991e-12
5.25212278851000036e+00 7.53641569698333313e+00 9.39321673710334990e-13
1.37201497662333338e+00 7.54868047003333320e+00 2.64895571597050008e-12
9.47466970910999962e-01 7.55574964015000017e+00 2.81130334928079015e-12
1.67855181696333333e+00 7.56500155029333410e+00 2.48971300787330017e-12
1.98609014597999978e+00 7.57908002885666665e+00 2.30199049842093993e-12
1.37448787320333334e+01 7.59064586801000019e+00 9.27731780304241900e-13
2.30355863032333330e+00 7.59831719292999974e+00 2.07144827825357018e-12
1.81833358668000038e+01 7.59845958391333465e+00 9.02139768723728028e-13
1.21245729312999995e+00 7.60026889252666660e+00 2.65271591096896996e-12
5.73931269816666603e-02 7.61196927692000003e+00 2.95053359155810002e-12
1.66909296284333344e+01 7.63145477709666675e+00 8.91787659721081020e-13
1.51923883611666657e+01 7.63178239549333437e+00 9.04614214537307002e-13
2.88503895781999975e-01 7.63447043409999981e+00 2.90554503315990998e-12
4.85029279845333339e-01 7.64069386562333364e+00 2.86805603372156006e-12
1.51349040443666660e+00 7.64277528364333403e+00 2.50012100555528989e-12
2.64146188759666645e+00 7.64402980663999898e+00 1.77327044575063005e-12
1.14617423668666660e+01 7.64811975680999989e+00 9.43484648635318994e-13
3.05060740376999995e+00 7.65043305592999889e+00 1.45226273307283008e-12
1.82317182051333337e+00 7.65498340869333305e+00 2.34482642408412019e-12
6.95954818768333205e-01 7.66722594807666624e+00 2.81125042837983010e-12
1.03269826485666680e+01 7.66822110565666648e+00 9.29786120677626076e-13
3.64445299010333335e+00 7.67083973460000035e+00 1.15996289373799991e-12
2.13332311331999991e+00 7.67439431417333395e+00 2.14861648687433014e-12
9.19832721810666776e+00 7.68184244136666639e+00 9.26445056003209906e-13
3.88968315386999997e-01 7.68766004634333289e+00 2.87601120193060993e-12
9.26665151888666716e-01 7.70451972461999901e+00 2.72430916956961992e-12
1.11921624743999984e-01 7.71102858510000022e+00 2.91100934941778012e-12
5.81656209525999945e-01 7.71263558160000073e+00 2.83760613120678996e-12
8.11600597805333379e+00 7.71339788007333294e+00 9.05707893257382018e-13
2.14241706545999971e-01 7.71516918169000032e+00 2.90388468802571995e-12
2.46122577398666698e+00 7.72165432488999937e+00 1.89595270444412009e-12
1.17869731463666660e+00 7.73053053210666619e+00 2.63671225284401019e-12
1.21311255840333345e+01 7.74584722720666718e+00 8.79817051419171012e-13
3.30685379255666634e+00 7.75369106064999958e+00 1.23323237297679997e-12
2.81862492820333310e+00 7.75597465454666679e+00 1.58924854175961007e-12
8.00551511784333258e-01 7.75876187509999937e+00 2.78853141279537016e-12
7.09281353486333277e+00 7.76016960946666767e+00 8.76515948411086987e-13
4.37497435634000009e+00 7.77726415729333365e+00 9.62787962256250932e-13
1.03360606666300003e+00 7.77751952918000011e+00 2.71458070388667000e-12
6.14122331650666542e+00 7.79397659849999958e+00 8.69588294883356041e-13
3.73208179069333290e-01 7.79545443386000070e+00 2.93686962540822007e-12
1.50642040865000015e+00 7.80623851594999962e+00 2.51833355107250980e-12
5.24498780986333291e+00 7.80754557966666596e+00 8.90512325123636984e-13
2.69879130244999987e-01 7.81631137461333392e+00 2.98061405237087016e-12
5.45284977623333375e-02 7.81645061252666640e+00 3.01911686003019012e-12
1.80401239812666669e+00 7.82060669893333316e+00 2.38319029332419993e-12
1.09221179984999992e+01 7.82261309051333331e+00 8.58693500860291011e-13
5.62501982381999999e-01 7.83285949668999937e+00 2.93393393010466004e-12
1.25750934420000005e+00 7.83418888736999985e+00 2.67783507355412001e-12
2.11127795032999943e+00 7.83561272143999954e+00 2.20416604778293990e-12
3.96345694419333361e+00 7.83650178360333438e+00 1.01528333298602006e-12
9.76463015710333337e+00 7.83917494127333381e+00 8.59207591105103982e-13
8.65588582149000096e+00 7.85571704738999887e+00 8.59424117554446984e-13
4.50114916383666686e-01 7.86871216823000008e+00 3.01997634000038981e-12
1.38243121808666669e+00 7.87633128480666667e+00 2.65399946071155988e-12
7.70316344062000002e-01 7.87783143456000001e+00 2.94530503002415010e-12
7.60043688333999956e+00 7.88927097011999923e+00 8.52311908998519045e-13
2.42097710346333317e+00 7.89210705447000027e+00 2.01516018609103008e-12
1.65232239878999998e+00 7.89408807283999980e+00 2.56111378587705987e-12
1.94488556060333306e+00 7.90592172636333235e+00 2.42243333989574014e-12
6.46565423902000003e-01 7.90651942262666640e+00 3.04068176951743008e-12
2.25584343967000001e-01 7.91100791805333259e+00 3.15697706384508985e-12
1.12553793286333345e-01 7.91528775255666606e+00 3.18602789114253981e-12
1.05607305998633350e+00 7.92146219519333261e+00 2.91855495406902982e-12
6.61131971844666655e+00 7.92371247287333347e+00 8.44418902801425992e-13
2.24126479680999990e+00 7.92998832977666712e+00 2.23133160273533004e-12
4.77505585357666629e+00 7.93675148214666581e+00 8.98351287832675988e-13
5.68295558311999915e+00 7.94082470253999961e+00 8.51856662142660963e-13
1.18343860705666670e+00 7.94725294234333290e+00 2.88534849401962994e-12
3.38245270334999981e+00 7.95492950360999984e+00 1.22241791474056991e-12
2.84140444466666686e+00 7.97249523375333258e+00 1.65183390723877010e-12
1.95796506362333353e+01 7.97640639534333484e+00 8.89148189634209048e-13
8.35104302336666660e-01 7.97835927189999961e+00 3.16019622434923993e-12
4.18487046395333351e-01 7.99414294819999949e+00 3.32486020522751020e-12
1.39104235905000007e+00 8.00507792147666741e+00 2.93192293821383018e-12
9.67181564336666688e-01 8.00649977063666718e+00 3.18453670256950994e-12
5.80252955239999937e-02 8.01188061829000020e+00 3.50841769415061006e-12
2.97285522802999969e-01 8.01558175726999877e+00 3.43962403872886984e-12
6.32056533842333290e-01 8.02175041511999964e+00 3.35798898116809007e-12
3.80524957761000016e+00 8.02178812995666668e+00 1.04776040475665990e-12
2.50832068044666689e+00 8.03508076272333227e+00 2.13369658050267012e-12
1.26102166466666676e+00 8.03714577767666505e+00 3.14272443052339019e-12
1.36266274647666652e+01 8.04570574399999927e+00 8.67297057126490015e-13
1.81371210157666667e+01 8.05654023517999995e+00 8.69959045023118017e-13
1.61995031829666658e+00 8.06100514625666698e+00 2.96997813789404005e-12
1.66390009610333323e+01 8.06487069245000043e+00 8.56107097390963009e-13
1.51102514583666672e+01 8.06682534231999959e+00 8.61936773364923046e-13
3.14898583102666629e+00 8.06819207809666672e+00 1.39416885261464991e-12
7.43035289679666699e-01 8.06996480675999983e+00 3.56846617988284984e-12
5.16365222333999951e-01 8.07352126915333201e+00 3.62266379722060004e-12
1.91896278962999989e+00 8.07541362235000015e+00 2.80986751626067992e-12
2.21819845837999985e+00 8.08673275378666823e+00 2.57261249630407999e-12
1.22180618492999997e+01 8.08725822067666655e+00 8.55048327285345965e-13
2.68600388732999962e+00 8.08962694244333314e+00 1.99576925242610989e-12
1.48265946911999991e+00 8.10190222603666577e+00 3.18562774880126983e-12
1.12392534200666680e-01 8.11083263182000103e+00 3.92162877795259961e-12
2.38622210799000006e-01 8.11881360530333218e+00 3.94040423755743016e-12
9.99849201030333368e-01 8.15011286453333383e+00 3.76996715211622034e-12
1.25371695370999992e+00 8.15395177122333337e+00 3.58149772366420018e-12
1.09405811392333323e+01 8.15672330661666756e+00 8.58247204468943024e-13
1.74571754665999990e+00 8.15701566833666725e+00 3.29603660332634993e-12
2.37069976309333308e+00 8.15924501120999857e+00 2.69518576943955009e-12
2.06228884092666620e+00 8.16184904143666579e+00 3.02670909026456000e-12
9.76455753277000049e+00 8.16992595974666713e+00 8.65295844052603996e-13
7.56018597653333235e-01 8.17995645300000085e+00 4.05739451410489005e-12
8.64870419058333262e+00 8.17996720706333313e+00 8.71331593034977985e-13
7.59540429699666664e+00 8.19474651792333297e+00 8.69844238505567968e-13
5.09319331081333315e-01 8.19723627655999998e+00 4.26783808193278026e-12
5.43672386766666724e-02 8.20764766570333393e+00 4.54580589449748031e-12
6.60517677344333354e+00 8.20969024597666674e+00 8.61903721480369033e-13
1.40167910001999996e+00 8.21049176503333200e+00 3.90624510173008040e-12
4.75989542905000018e+00 8.21196328941666742e+00 9.25362858339434034e-13
1.13268220146666665e+00 8.21580722552333320e+00 4.04176919157412017e-12
5.67058130633999991e+00 8.21893764654000059e+00 8.69312021322881997e-13
2.80845737628666658e-01 8.22687427235999991e+00 4.60638141358406019e-12
8.80755247004000097e-01 8.23196401203666461e+00 4.34926553962828034e-12
3.92926982631333344e+00 8.23776231091666666e+00 1.10766312126766993e-12
6.37993950563333301e-01 8.25545706876666685e+00 4.71236996949258991e-12
1.29022477322999993e+01 8.26361725429333305e+00 9.12174538184667989e-13
3.98659426815666684e-01 8.26381820589333316e+00 4.89571053104122984e-12
1.89926087445333316e+01 8.27640639534333467e+00 1.00615352246752004e-12
1.74197891600000005e+01 8.28013383983666706e+00 9.28980330969917912e-13
1.43398567900000007e+01 8.28208848970666622e+00 9.27335738787992035e-13
3.21095544966999968e+00 8.28395774596333467e+00 1.58145000523473000e-12
1.58404917717666667e+01 8.28473685261333337e+00 9.21964548581684984e-13
9.93885603583333360e-02 8.29331444305666565e+00 5.18593729593426034e-12
2.71863691200333335e+00 8.29865443435000039e+00 2.53806332102557981e-12
1.99637382712000017e-01 8.30456007622999870e+00 5.33390501201065985e-12
2.37353165811999967e+00 8.31650279740333254e+00 3.27863450633096001e-12
1.15671417728666679e+01 8.32364096638333351e+00 9.45377694870186967e-13
1.72382157203333342e+00 8.32831433084333383e+00 4.32030250712161018e-12
2.04394314167000024e+00 8.33299525803666619e+00 3.91160837369495981e-12
1.03453731649666665e+01 8.33308234023333405e+00 9.67898910096107040e-13
9.19107296286666653e+00 8.33684361951333308e+00 9.80467617141869003e-13
1.41879054567000007e+00 8.34089334775999980e+00 4.69527018068372010e-12
8.10379176080333252e+00 8.34312358755000005e+00 9.90555537692574978e-13
4.33997335104666604e+00 8.35109295848000066e+00 1.12931271132089010e-12
7.08163800351666683e+00 8.35162293037333292e+00 9.75263915807112985e-13
6.12270609472333405e+00 8.35806731560333382e+00 9.48126698806763929e-13
5.21745310855666578e+00 8.36087033093666676e+00 9.86292760665621989e-13
1.14034146323666663e+00 8.36189138994666692e+00 5.07019618341309019e-12
8.85805604221999943e-01 8.36722085465333443e+00 5.40237386115473002e-12
6.41281385652333391e-01 8.37601075623000035e+00 5.70451889260097987e-12
4.10596494045333327e-01 8.38627201501999942e+00 6.03630030864921961e-12
3.56844257069666648e+00 8.38666935243666778e+00 1.49877248769769001e-12
4.50213216816666706e-02 8.39001460344000094e+00 6.23701946964974018e-12
2.93600708798333310e+00 8.39728839352666689e+00 2.47333726137348994e-12
2.12156538793000005e-01 8.40126023661333399e+00 6.35204750007320018e-12
2.54378560014666677e+00 8.40136604082333349e+00 3.45492499105048985e-12
1.56782697304333318e+00 8.41045582938666669e+00 5.27299252931060980e-12
2.20268465415000003e+00 8.41513675657999904e+00 4.34946897038688992e-12
1.87872111574666678e+00 8.41785850145666537e+00 4.98471060909594985e-12
1.27848766113000001e+00 8.43043751837333311e+00 5.68719227052688980e-12
1.01255882001833331e+00 8.43145387157333381e+00 5.98746464736395015e-12
7.64356389960333282e-01 8.43576698308000061e+00 6.36227897406072030e-12
5.24543833399999992e-01 8.44024377314999974e+00 6.70152551085279972e-12
3.05301960939333317e-01 8.44602824187000145e+00 6.94987686116715967e-12
1.11907716439333338e-01 8.45523199474333431e+00 7.10959669991502015e-12
1.15931821120666675e-01 8.54883244454999947e+00 1.10517224651799007e-11
1.28482896867333340e+00 8.55443103441333363e+00 8.78195547045597992e-12
3.06836236740333279e-01 8.55483371269333226e+00 1.07118903782786993e-11
1.02892879138500004e+00 8.56316750749999933e+00 9.76198583764294080e-12
7.60825354948666654e-01 8.56495602364999975e+00 1.04023431734076003e-11
5.26044218444333356e-01 8.56964897350666632e+00 1.11772836356914002e-11
3.49951239811666648e+00 8.58659949911666587e+00 2.26070199242776996e-12
1.55980367216999993e+00 8.58957124761333368e+00 9.98631901333110007e-12
2.93182645445666656e+00 8.59030669165999861e+00 4.06492517131338018e-12
1.87334793058666649e+00 8.59155084173333350e+00 9.32957178429264961e-12
2.54133035268333352e+00 8.59181488467333310e+00 6.34558271557862978e-12
2.19840147849333301e+00 8.59194074853333412e+00 7.96851488992220004e-12
6.11564860377000041e+00 8.60030650163666621e+00 1.16119266414838996e-12
2.17714919275333374e-01 8.60366615724333350e+00 1.42242616718951994e-11
4.90454263630000012e-02 8.61549911121666590e+00 1.55672443894265993e-11
1.16305274214666676e+00 8.61759854191333297e+00 1.33847837234007008e-11
4.13631154890666652e-01 8.62448268619999858e+00 1.53002977388054001e-11
8.98644540577000051e-01 8.62812353115000086e+00 1.49526218118262000e-11
6.39250735685000016e-01 8.63460499715666607e+00 1.52154770258109012e-11
4.40176913752999965e+00 8.63733928055333422e+00 1.61904873856415002e-12
5.25540638673333316e+00 8.64122491354999944e+00 1.29699375470700004e-12
1.41710855234000022e+00 8.64400228202666732e+00 1.39277172885100005e-11
7.03663574803000014e+00 8.66269385207333364e+00 1.32218801309900004e-12
8.10125248647999996e+00 8.66331075255000016e+00 1.35485393232904002e-12
9.19291819779999919e+00 8.66730742113333186e+00 1.33046108755307990e-12
1.03506301434666668e+01 8.67598579452666741e+00 1.30259936494235008e-12
3.13784464356333359e+00 8.67690619077666447e+00 5.56599799055552962e-12
1.71042508599999987e+00 8.68112208934666718e+00 1.49072402602605987e-11
2.71200103101333312e+00 8.68212157633333170e+00 8.63259965713129046e-12
2.03428678085333337e+00 8.68349159026666761e+00 1.31910160024625993e-11
1.15884582883666667e+01 8.68365465826666671e+00 1.24800110122099993e-12
2.36679323499999983e+00 8.68375563320666721e+00 1.11075732056477008e-11
1.29068191288999987e+01 8.68645958582333400e+00 1.21398555610114002e-12
2.06586943388666677e-01 8.70363915290000101e+00 2.12320871209237988e-11
1.42961527582666665e+01 8.70785235497000087e+00 1.24488519119187995e-12
1.90190044986333326e+01 8.70931361752000122e+00 1.56012840530016000e-12
1.04803845233999993e-01 8.71547210687333340e+00 2.25625862944207001e-11
1.74426993627666640e+01 8.73342499474333245e+00 1.26748819945331001e-12
1.20933150620333341e+00 8.73950090044333372e+00 2.06111951676708014e-11
6.38031814520333307e-01 8.74019030048000012e+00 2.25102370263629015e-11
5.70147709356333365e+00 8.74153141518666565e+00 2.09457448798001981e-12
3.67399891669333334e+00 8.74988349481666638e+00 3.62547647868594993e-12
3.91631364570666662e-01 8.75149657484333510e+00 2.41357645554007005e-11
1.58326926108000006e+01 8.76211755514666635e+00 1.26593319311511007e-12
6.55311702700333409e+00 8.76300035370999986e+00 2.26044154551196003e-12
9.29877828431666664e-01 8.76583915955333381e+00 2.28366911066124995e-11
1.37125325441000001e+00 8.76590464055666807e+00 2.18665581936524986e-11
4.85964449371000029e+00 8.77856419410333366e+00 2.50803443209336001e-12
2.73708470533666648e-01 8.78182059699333450e+00 2.66053473223592008e-11
5.57584188709999984e-02 8.79997299565666680e+00 2.92833771891843025e-11
4.04812991905333330e+00 8.80062327625333296e+00 3.49491563858733994e-12
7.15879053567333279e-01 8.81591749041999861e+00 2.97019420693703014e-11
5.65610479900000018e-01 8.82203599630666702e+00 3.02319376238887975e-11
1.10644084329633330e+00 8.82278549443333482e+00 2.73075603134721010e-11
7.54786276718666560e+00 8.82600460462333380e+00 2.94587080063812007e-12
8.64801015119333272e+00 8.83061817368333379e+00 2.88983079954499015e-12
9.77165974620333344e+00 8.84329321565999926e+00 2.91816850106122003e-12
4.68800192864333276e-01 8.84346458162666771e+00 3.11926129726924032e-11
8.29391033049999948e-01 8.84804781549999930e+00 3.02289215713706002e-11
3.09217620316333353e+00 8.85631299899666580e+00 8.34574828546722048e-12
1.09671546332333332e+01 8.85964045279333412e+00 2.90860256366007013e-12
1.71161950151666642e+00 8.86523266474666549e+00 2.62410237947039997e-11
2.70203174300333337e+00 8.86607129315666498e+00 1.45816906972192997e-11
2.03479067277666692e+00 8.86712061461333256e+00 2.30118188983169005e-11
2.36393252599999970e+00 8.86840537365333326e+00 1.91900574192751998e-11
1.22439497614000015e+01 8.87011424408999893e+00 2.69293355768943982e-12
1.35874948296333340e+01 8.89431194079333487e+00 2.75666485454064001e-12
2.32584685775333311e-01 8.89540894876000010e+00 3.72665259890318004e-11
6.43457718946999990e-01 8.89776318624666551e+00 3.80660427678592971e-11
1.16417732267333318e-01 8.90172839345000000e+00 3.84094834155328028e-11
1.41742872326666647e+00 8.90702152573333272e+00 3.28050367713056008e-11
3.37254147815666627e+00 8.92929030303666593e+00 8.83116308932704959e-12
1.81864269726333312e+01 8.94273861226333366e+00 3.32464644872465990e-12
2.87618872604666675e+00 8.95366321670333321e+00 1.63551423837022990e-11
1.87504623802666681e+00 8.95929044148000031e+00 3.25424070487301000e-11
2.19604466141666643e+00 8.96021951332666688e+00 2.82848346758797985e-11
2.52850035567333320e+00 8.96041434194333242e+00 2.30194856233155998e-11
1.13903480360966669e+00 8.96319970148999978e+00 3.87811161132774981e-11
1.56276186561333330e+00 8.96922974260333383e+00 3.67973030294995019e-11
1.50587482656666651e+01 8.96996991011666722e+00 3.21253584774239993e-12
5.83526105514666682e+00 8.97123161438333305e+00 3.34029674682490999e-12
4.27190604193999957e-01 8.98092505283333331e+00 4.58674524125183981e-11
6.37745005918666674e+00 8.99270055290666726e+00 4.06593522011011980e-12
8.75423843440000016e-01 8.99375337444333312e+00 4.58782551331457977e-11
1.66541120028333332e+01 8.99554254988999880e+00 3.23642053672841009e-12
6.06593133963333267e-02 9.00175539779333356e+00 5.10743559431106003e-11
3.08897991141999950e-01 9.00254539781666629e+00 4.92223925498643994e-11
6.46934133186000015e-01 9.00289555086333237e+00 4.82604921880648013e-11
1.28810093537333326e+00 9.02103199267666689e+00 4.58543155040158991e-11
4.88037338598666626e+00 9.03711298560333454e+00 4.06963232440889022e-12
1.96060463903333329e+01 9.04264695085333337e+00 4.95243213325280980e-12
1.00850459913499990e+00 9.05195892555333437e+00 5.23894952837110000e-11
5.27477305468666668e-01 9.06462883212999948e+00 5.77518428676003969e-11
7.65388278196333260e-01 9.06675541397999929e+00 5.66571663450596013e-11
4.09564573453666636e+00 9.06774561095333276e+00 5.81722951286703995e-12
1.22379776105999996e-01 9.10507759008333295e+00 6.63164945537821970e-11
2.54451500343666648e-01 9.11218703479666736e+00 6.60342014103810964e-11
3.38803163647999961e+00 9.11674937516333372e+00 1.18976679596561997e-11
5.61235350982333348e+00 9.13363694008333304e+00 5.89930803597214037e-12
1.87314848100000009e+00 9.14000428760666672e+00 5.20669767233386009e-11
2.86658816548333339e+00 9.14159149679666605e+00 2.55840771889777006e-11
2.18837210539666671e+00 9.14548399080000074e+00 4.55999197454512984e-11
2.51875749724333309e+00 9.14787134185999840e+00 3.72474579251473021e-11
1.57467446444333348e+00 9.15173556509333430e+00 5.93106381211401030e-11
7.56708444938999936e+00 9.15451491614000012e+00 5.29628586946625973e-12
8.66682462704999956e+00 9.15945439047666632e+00 5.17083221031374968e-12
5.20903924244666694e+00 9.16248553238666652e+00 7.35678480250917931e-12
4.47001384529000045e+00 9.16301040675333489e+00 8.26183025428358943e-12
1.29375602064333339e+00 9.17476768608333337e+00 6.73274106921764060e-11
9.77060239619666682e+00 9.17511268705333372e+00 5.25803160685249998e-12
1.02687711051200004e+00 9.19260012791666803e+00 7.38273598229773064e-11
5.27402086441333240e-01 9.19346267392666583e+00 7.89006705910779003e-11
7.73746673415666719e-01 9.20010078667333353e+00 7.82569928040395031e-11
6.17204627096666625e-02 9.20332219229000081e+00 8.58791358164120036e-11
3.73700489049999973e+00 9.20446490164333220e+00 1.34607929940853001e-11
3.09032003975666658e-01 9.21630408361333231e+00 8.63614568443358990e-11
1.22650259092666669e+01 9.22196000222666612e+00 4.90049125008154006e-12
1.72163434332000009e+00 9.22845233336333415e+00 6.97156289093479031e-11
3.09806580092333306e+00 9.23170035121666643e+00 2.67741559077012001e-11
1.35681935446333313e+01 9.23198478373333309e+00 5.03388652164669026e-12
1.09563231755333348e+01 9.23277366915333353e+00 5.51359833408755009e-12
2.02522035973000003e+00 9.23309893821333283e+00 6.27368022932612959e-11
6.55289146469000006e+00 9.23808632702333199e+00 7.38123249789201934e-12
2.34651711154999987e+00 9.24112685104333309e+00 5.46314604845888007e-11
2.68268832400999990e+00 9.24145657316666558e+00 4.28284146323210984e-11
1.43499640736666656e+00 9.24326304162999968e+00 7.90356125940334943e-11
4.26188248686999949e-01 9.25528411926333483e+00 9.38504699177672006e-11
1.16306240025666674e+00 9.25757659725999993e+00 8.68855040321577958e-11
6.55217309377999935e-01 9.26507476535333296e+00 9.48085950981647965e-11
9.02154750036333275e-01 9.26773994949999924e+00 9.28259616779924036e-11
1.23365853397333344e-01 9.30665945657000115e+00 1.10115768627016000e-10
2.38605670425666688e-01 9.31253190318000001e+00 1.10057318875316006e-10
8.13928864453999878e+00 9.32065728085999901e+00 1.25382686977470994e-11
9.21067532364999941e+00 9.32796310932000061e+00 1.22574987396787007e-11
7.07765941509666607e+00 9.33689643934333446e+00 1.29907973873264993e-11
5.76705939248333355e+00 9.35801253840333480e+00 1.08514536369625001e-11
1.29085939917666650e+01 9.37597818689999940e+00 1.25017628501364996e-11
1.03387413357600000e+01 9.38093848227999949e+00 1.41270879224415002e-11
4.25769227402000017e-01 9.38785780101999912e+00 1.30109515126886987e-10
5.14723351292333309e+00 9.38980342424666681e+00 1.18619399978468992e-11
1.71884560999666669e+00 9.39640928669999909e+00 1.05671995886017999e-10
6.56716968030666592e-01 9.39939051957666827e+00 1.30110287742875006e-10
1.43954223171333329e+00 9.39974877835000022e+00 1.15399137608744000e-10
6.16453906876666680e-02 9.40333726427999927e+00 1.40699546478867005e-10
1.16911258357666670e+00 9.40574175945333302e+00 1.23814690358147999e-10
9.07765888545666644e-01 9.40686958953666696e+00 1.28909947735457991e-10
1.15987029785333338e+01 9.40863363276333331e+00 1.58323858126725000e-11
2.01165316247000003e+00 9.41209648740333193e+00 9.80280525411356983e-11
3.73744799191000032e+00 9.41455840228000085e+00 1.92513825447617008e-11
3.08537910668666648e-01 9.41555950402666753e+00 1.41325226663109999e-10
1.67664740913666641e+01 9.41783761287333299e+00 7.47275498110490078e-12
4.48262598778000054e+00 9.42087299391000066e+00 1.31613990467132006e-11
1.49197385519666668e+01 9.42122749623666778e+00 7.86175075201286014e-12
1.82233202337999991e+01 9.42254837178333382e+00 7.61897411933442042e-12
3.08453117685333345e+00 9.42792262046666707e+00 3.93919946082327027e-11
2.33293152265666670e+00 9.43097163907333425e+00 8.74401134126471051e-11
2.66791750482000012e+00 9.43456278411333216e+00 6.94476843962493023e-11
6.16540834331000109e+00 9.44099298681999954e+00 1.67322080389808006e-11
5.28482723809000077e-01 9.46035210990666720e+00 1.55147003128118009e-10
7.80857470577666635e-01 9.47354618093333301e+00 1.56354699027581006e-10
1.57643155546666680e+00 9.47617825515000156e+00 1.35763637676422013e-10
1.30435202831000008e+00 9.47941858499666701e+00 1.46620732975885989e-10
1.03853843234133336e+00 9.47989493014666529e+00 1.53907044420229996e-10
1.85679255041666669e+00 9.48695879013333432e+00 1.26329612502631001e-10
1.41378417595666637e+01 9.49678278403000142e+00 1.60358387141980985e-11
5.46674912057000029e+00 9.49685514461666713e+00 1.83651770880661989e-11
1.22485445194333339e-01 9.50566286710000163e+00 1.78647562452692995e-10
2.54138148146999976e-01 9.51201266023666747e+00 1.78866382930468992e-10
2.16121931924333310e+00 9.51432632801999922e+00 1.19950214732754990e-10
4.83117979895333338e+00 9.52229346461999882e+00 2.04464578597486015e-11
1.90558977598000006e+01 9.52245671037333352e+00 2.04389515525937992e-11
3.37494011381999970e+00 9.52306514504999946e+00 4.49609177168464013e-11
2.49040108916000014e+00 9.53082234083666613e+00 1.03771766058465002e-10
2.83828272222333311e+00 9.53091997699333326e+00 7.81100021878743952e-11
4.10870097843666660e+00 9.53570169874666540e+00 2.71477638921899994e-11
5.25472253112333365e-01 9.59270330438333296e+00 2.09945800838345988e-10
6.08400545066666645e-02 9.60232560282000058e+00 2.27090818086754013e-10
3.03639907588333313e-01 9.61293174672666595e+00 2.26809249351745000e-10
7.79382284258666735e-01 9.61316334559000119e+00 2.15369700811976991e-10
1.03998983215799989e+00 9.62799296354000056e+00 2.17157322475314002e-10
1.30681980710000012e+00 9.63186740419000031e+00 2.10241241748883006e-10
1.57613220887333338e+00 9.63261461903666572e+00 1.97205924495331011e-10
1.75919547124666700e+01 9.63552981724666502e+00 2.37513224603816995e-11
1.83934834575000017e+00 9.63958385289666531e+00 1.84492581027466000e-10
8.16274312380333278e+00 9.64584241206333282e+00 2.32243505995404002e-11
9.20642163153333293e+00 9.64631311423999982e+00 2.21925180605358004e-11
4.18666089805999952e-01 9.65192623299000019e+00 2.46911392919417977e-10
7.14982484492000037e+00 9.66552123371333316e+00 2.54674391034709002e-11
6.52231311015000093e-01 9.67135887871000044e+00 2.53950183504566003e-10
1.62503120243000012e+01 9.67482584030666715e+00 2.26058496460411007e-11
1.02594918083600000e+01 9.68393392803333342e+00 2.66161322151008001e-11
9.07742102043333277e-01 9.69458478758666864e+00 2.61385561047493019e-10
1.21435137778666657e-01 9.70233581155666691e+00 2.85422102185545006e-10
1.54826245235666651e+01 9.70378836344333351e+00 2.69166959923554988e-11
1.70110205873666676e+00 9.70547071335000133e+00 2.28147748684167987e-10
1.17303176218333327e+00 9.70628861203999982e+00 2.60493015558379005e-10
2.32582287907666663e-01 9.70659216232666644e+00 2.85076419066149989e-10
6.22970827936333382e+00 9.70768381346666587e+00 2.83288522591122011e-11
1.44171066391000013e+00 9.70863396142999946e+00 2.48189627276802003e-10
1.30025997730666685e+01 9.70930513671000028e+00 2.30198360980207999e-11
2.12316822076999978e+00 9.71195876736000052e+00 1.93535381595360998e-10
3.35885263681666624e+00 9.72066175197000071e+00 6.21736481678000005e-11
5.40425854168666664e+00 9.72470825496999858e+00 2.97184327588762976e-11
2.45918599598999998e+00 9.73012169067999899e+00 1.70681687908455008e-10
2.82645403566333364e+00 9.73051563546333398e+00 1.24210521900503001e-10
4.06870611859999975e+00 9.73710003098333310e+00 4.02582299405359029e-11
4.97112348930000092e+00 9.75430961080999914e+00 4.01008407364062994e-11
1.95615785932999997e+00 9.76235398950666600e+00 2.33063449580511000e-10
1.17059543229333318e+01 9.77096931126333423e+00 3.23584380021733993e-11
4.13779212243999994e-01 9.77234290184666854e+00 3.27992595063322022e-10
9.68709917668000031e+00 9.79645813772666685e+00 4.98607773571740026e-11
2.98508058791666697e-01 9.79769968816666648e+00 3.56119248343207976e-10
6.05950832719999999e-02 9.80001020873666739e+00 3.62086851576903016e-10
6.43367036058666630e-01 9.80254657663333440e+00 3.40428219631542026e-10
8.68602541419666707e+00 9.80298952659999934e+00 5.29118107369765014e-11
7.66270435847666675e+00 9.80832484171333441e+00 5.47744442452929031e-11
1.37808182588666650e+01 9.80871696469333187e+00 4.54146207831540014e-11
3.68136565506999958e+00 9.81355334143666624e+00 7.88216511945355954e-11
3.05661501329000052e+00 9.82511488585666548e+00 1.34421996563537008e-10
2.26366533101333323e+00 9.82790342825666663e+00 2.42871107572382989e-10
6.68935683056666619e+00 9.83340194804000056e+00 5.72576669836481016e-11
2.62487372509000005e+00 9.83345779242666573e+00 2.00628752286761998e-10
5.11721100594000000e-01 9.84430767116333350e+00 3.92158729764801994e-10
9.02956527379333296e-01 9.84933838495666691e+00 3.69282686849871989e-10
5.76886874965333352e+00 9.85255647540333257e+00 5.92075203520805983e-11
1.70867717978333356e+00 9.85841808644666706e+00 3.26217535117551998e-10
1.17386404025666669e+00 9.86060807645666593e+00 3.71647776155367021e-10
1.44561493237000005e+00 9.86375185138666666e+00 3.55242915647286990e-10
2.52172346128333336e-01 9.89338867165000124e+00 4.42303362865476001e-10
4.31177108783999952e+00 9.89814264971333380e+00 6.94524163760015022e-11
7.65732434638333292e-01 9.89910464088333342e+00 4.25457547395073981e-10
1.25406520737666671e-01 9.89995554298999991e+00 4.52907704210137023e-10
1.87041703053999986e+00 9.90474231780333270e+00 3.55462285821691985e-10
1.24662830349666667e+01 9.91762263053666615e+00 6.89931168689086058e-11
4.73725945373333346e+00 9.92018692046666750e+00 7.02300594206795038e-11
1.06269716389333322e+01 9.93006926793999867e+00 6.94960857191765973e-11
1.03603653556733333e+00 9.93706602532666672e+00 4.53072434123444986e-10
1.58761159837999988e+00 9.94067988209000042e+00 4.12685252072589982e-10
1.31155635363333345e+00 9.94130475856333184e+00 4.42755709604880013e-10
4.75468583300666658e-01 9.97402255914666647e+00 5.20256861909942966e-10
1.94498513694666677e+01 9.97980975952000016e+00 5.93445540154979048e-11
1.12259833047333331e+01 9.99707836442666675e+00 9.20365218915730959e-11
3.31190982287333346e-01 9.99774677331333272e+00 5.58043250228744980e-10
6.48114374656666575e-02 9.99994533425333287e+00 5.77438292531688997e-10
3.67467588200666606e+00 1.00035988387333337e+01 1.06552926642375002e-10
3.04785728629333397e+00 1.00213081630200005e+01 1.95303457978848998e-10
7.26216233751999951e-01 1.00241322257533323e+01 5.68399323470292012e-10
2.24199969235666652e+00 1.00286733049133332e+01 4.04431155450758989e-10
2.61395502543666680e+00 1.00309426639566670e+01 3.16529728732363991e-10
1.73990181108000002e+01 1.00457274220366681e+01 6.65786949489584008e-11
1.66004271482666645e+01 1.00563308846933328e+01 5.94919341037974001e-11
5.67598317878999947e-01 1.00572890494866662e+01 6.32666740010828004e-10
1.90514495446333321e+00 1.00601627645466660e+01 4.92953400380387987e-10
4.04477575017333280e+00 1.00663637756366668e+01 1.35878333529547006e-10
1.03441736518733318e+00 1.00913223051666670e+01 6.44323717304526954e-10
1.59768085759000011e+00 1.00993173115000001e+01 5.90520819145979007e-10
9.68704300173666688e+00 1.00999822380999991e+01 8.67182862816113048e-11
1.31275321141999979e+00 1.01012947534666662e+01 6.36463753944309988e-10
1.26705434166333314e-01 1.01018056919866677e+01 7.21805877805740018e-10
7.92590070380666645e-01 1.01043481203999992e+01 6.85886572685498023e-10
2.66319153597333325e-01 1.01061740023866662e+01 7.25483466916801014e-10
3.34340513675666662e+00 1.01069005264300014e+01 2.24779157908556001e-10
1.53340249518666667e+01 1.01144441153966653e+01 7.23588248308958966e-11
2.80677760901333295e+00 1.01241937841566667e+01 3.65444177254193023e-10
8.69420168500333368e+00 1.01246214821400002e+01 9.55032698212003939e-11
7.69149513451666689e+00 1.01259413177633331e+01 9.96615042302334035e-11
2.42660165767999958e+00 1.01283764388666651e+01 4.75699981748599984e-10
5.77616306977333327e+00 1.01291106295999995e+01 9.70189437863987944e-11
2.07750489724333320e+00 1.01304122678466673e+01 5.57247730868093001e-10
6.72802620588333422e+00 1.01308150157199996e+01 1.00500593674476999e-10
9.18388471251666672e-01 1.01416929787333334e+01 7.53649580995004980e-10
1.39624791995000006e+01 1.01713198594533338e+01 9.35320315268080049e-11
1.75347436291666692e+00 1.01724759626000001e+01 6.85012599375031026e-10
4.87928695022333248e+00 1.01747964003566675e+01 1.26336528225333989e-10
1.17344172766333332e+00 1.01748543511999987e+01 7.84452265610978010e-10
1.45688104936666663e+00 1.01823792757000007e+01 7.49084376774038968e-10
5.39906888886000025e-01 1.01911084680666661e+01 8.76592376691611031e-10
1.02372172750833332e+01 1.01922796233466659e+01 1.66536691948288989e-10
6.18939967006666703e-02 1.02018603577333327e+01 9.20959466068105018e-10
7.53926248915333219e-01 1.02115437675666669e+01 9.16037166116562986e-10
3.15950284753333310e-01 1.02119400757333327e+01 9.17036404187483005e-10
8.79724649786333246e-01 1.02488886258999994e+01 9.97169275375636941e-10
4.35453897538666646e-01 1.02534535899999995e+01 1.00699084439694004e-09
4.08541286699666628e+00 1.02611232921333340e+01 1.82100525140133013e-10
6.59860983293666714e-01 1.02651472914999999e+01 1.02539672034936993e-09
9.21454172739666610e+00 1.02714691701533329e+01 2.02885805557750993e-10
7.21728499627666675e+00 1.02805507774433345e+01 2.14819889896642996e-10
6.27567197480000072e+00 1.02816510353433319e+01 2.05509368775594004e-10
5.33695691809333272e+00 1.02825309513566676e+01 2.03637920490440990e-10
8.19971017065000041e+00 1.02850908436533341e+01 2.19039803671136011e-10
1.26170794391000012e+01 1.02974538245333331e+01 1.44678743719633991e-10
1.22053465810666673e-01 1.03052831457666674e+01 1.15201713916069002e-09
3.34233086323666662e+00 1.03060851279333345e+01 3.03848318217775008e-10
1.61015174559333332e+01 1.03068091288100003e+01 1.72417127824954993e-10
2.36496034432333330e-01 1.03109945533666671e+01 1.15749043622740004e-09
2.79947592599333328e+00 1.03190079006666675e+01 5.62512180039620035e-10
2.43360045341999998e+00 1.03209169451000005e+01 7.31865394393585039e-10
1.47068994415333325e+01 1.03243066309199989e+01 2.10988202368916991e-10
2.08728235490333347e+00 1.03251597032333340e+01 8.64272426279025956e-10
1.17506657499666667e+00 1.03371123680999997e+01 1.13005725032199006e-09
1.76576323994000006e+00 1.03374693086333327e+01 9.75716599045725950e-10
1.46040194383666666e+00 1.03461233574333331e+01 1.06837360229177007e-09
4.49443570115333291e+00 1.03475116461000010e+01 2.65806959916288017e-10
9.05908709207333351e-01 1.03745791290333340e+01 1.26442211601159999e-09
1.14217625096666655e+01 1.03835820134666665e+01 2.19963391714165001e-10
4.24988226487666598e-01 1.03912836560666673e+01 1.35624401892168010e-09
3.71423872530999999e+00 1.03975429567333340e+01 3.87467204714270998e-10
6.59752062225666625e-01 1.04027502097333340e+01 1.36183553792791992e-09
6.01594691100000023e-02 1.04034227880333336e+01 1.43979000986325990e-09
3.03948132975333385e+00 1.04153068810333327e+01 6.22612632590481022e-10
2.25877594575666674e+00 1.04159612465333336e+01 1.01612069841692005e-09
3.03750086111666651e-01 1.04179992387666669e+01 1.45567172737828998e-09
2.61365213815666664e+00 1.04182972867000014e+01 8.57021860880252952e-10
1.92721128914666662e+00 1.04199035459666671e+01 1.14379470016136007e-09
1.31789895322333339e+00 1.04272968520999996e+01 1.33077239429529998e-09
1.61349062908333352e+00 1.04280547392666687e+01 1.25751196131606005e-09
1.03945751174533352e+00 1.04311630199333347e+01 1.39050903292919008e-09
1.33350571178333350e+01 1.04517392254666657e+01 3.12448455415187990e-10
5.29332296766999999e-01 1.04665414523666680e+01 1.59664095877567996e-09
1.78475115864333311e+01 1.04683179480199993e+01 1.96199513310218994e-10
7.80001387268333346e-01 1.04748371889333338e+01 1.56858945060867991e-09
1.88730257140999989e+01 1.04913620151533333e+01 2.45898129429762978e-10
1.15895400418666680e-01 1.05075268100333332e+01 1.78637606006616991e-09
2.45043448798666658e-01 1.05163918531666667e+01 1.81554459971939008e-09
1.03125184060166664e+01 1.05205364384666655e+01 2.87171770911096977e-10
1.20525299320000006e+01 1.05373041543000010e+01 4.12974308463375983e-10
6.30634462886333313e+00 1.05727122726666654e+01 3.45591995566343980e-10
5.38432766469999979e+00 1.05776833020333338e+01 3.52382547095747997e-10
7.24627821621666701e+00 1.05845704012666673e+01 3.73552582585075985e-10
1.32290765366999996e+00 1.05918430434333342e+01 1.89291676386163991e-09
1.61693044973999989e+00 1.05956617006666658e+01 1.78920885191936002e-09
4.51757612754666660e+00 1.05958456061666677e+01 4.04879791042177982e-10
1.93040845782000026e+00 1.05969432213666668e+01 1.67435339929571006e-09
9.23184932099000122e+00 1.05975734693666670e+01 3.61541814100950001e-10
2.25999693740999996e+00 1.06032969204000000e+01 1.53168482761725004e-09
1.04461470858533345e+00 1.06035559748333341e+01 1.99845024458535009e-09
8.21103353939666647e+00 1.06037445772333339e+01 3.90608821020309010e-10
5.57359313086666641e-02 1.06041040219999996e+01 2.20042988307070981e-09
5.27492765706666700e-01 1.06088448990000010e+01 2.14143898271393989e-09
3.71826268272666693e+00 1.06125584515666684e+01 5.35985550624680031e-10
2.60805640136000028e+00 1.06157913002000015e+01 1.33951531732259004e-09
7.81835153683999917e-01 1.06171276892333335e+01 2.11642815540200983e-09
3.03024283467000011e+00 1.06203130998666655e+01 9.08591532757306022e-10
2.87693390620333334e-01 1.06367206306666660e+01 2.32473740371606007e-09
1.08980519747999978e+01 1.06448297320999981e+01 5.48886396030438041e-10
1.18523247228333339e+00 1.06740515143333337e+01 2.29677722976118993e-09
1.46885046494000004e+00 1.06782765101666666e+01 2.22593216903537995e-09
1.77240022927000029e+00 1.06821159454333330e+01 2.12459992472985011e-09
4.11515537737333237e-01 1.06849605939666663e+01 2.53077224857566016e-09
6.59746297581000007e-01 1.06873441566666685e+01 2.49241957034534988e-09
9.12899672462999967e-01 1.06892625842333331e+01 2.45044527074607987e-09
2.09170051523000033e+00 1.06895350525000001e+01 1.99949479900014003e-09
1.00075411404666650e-01 1.07013187425999998e+01 2.66870644226367016e-09
2.42922570827666640e+00 1.07057466324666652e+01 1.83890862610552998e-09
1.62595515569999982e+01 1.07068828259000011e+01 3.46148940120174011e-10
5.85420647044333275e+00 1.07153242175999992e+01 6.84218202741666965e-10
4.94979812322333412e+00 1.07182827111000005e+01 7.12888828766834041e-10
2.78464169411333318e+00 1.07215081330000004e+01 1.56390004646849006e-09
4.11257725080666603e+00 1.07244727470333334e+01 8.10298959547369977e-10
2.02884822336333315e-01 1.07250703081333327e+01 2.77949993421492990e-09
6.78769207988666690e+00 1.07258958768666659e+01 7.20081852584507036e-10
3.33711632556999982e+00 1.07261068416000001e+01 1.11483924612794007e-09
7.73181172320333321e+00 1.07486146751666656e+01 8.06137911913427953e-10
9.77965172626333334e+00 1.07543433524333327e+01 7.45988575541254039e-10
8.72283264734333308e+00 1.07693795149333340e+01 8.39536011794928047e-10
1.48077931094999986e+01 1.07769100228000010e+01 4.93774945380692037e-10
4.43394800960000002e-02 1.07972147206000013e+01 3.25922708824024995e-09
4.25789916774666655e-01 1.08309163302666676e+01 3.41926745783322001e-09
6.62740282896666644e-01 1.08313345994333332e+01 3.35316142672734013e-09
9.16952202867333255e-01 1.08360277256666659e+01 3.29898642178231012e-09
1.18709586466333339e+00 1.08383529856333336e+01 3.22913335430865004e-09
1.47039134665333360e+00 1.08434105194666675e+01 3.13893080167557994e-09
2.11801542502666668e-01 1.08461271084666677e+01 3.57223491283192017e-09
1.77089707488999992e+00 1.08523978094666660e+01 3.02511719036009001e-09
1.34469380345666689e+01 1.08542706658333348e+01 6.44932951359703955e-10
2.08716457738666650e+00 1.08667628247333337e+01 2.91193347979986994e-09
1.72069547249666641e+01 1.08789951077666647e+01 8.42133230328118956e-10
1.08992131571000003e-01 1.08890422096000012e+01 3.90270624629890040e-09
2.41757370473666633e+00 1.08933408745333349e+01 2.77964211652542997e-09
5.44761130059666643e-01 1.08987910780666670e+01 3.88153436271850005e-09
3.10884489823999965e-01 1.09037331673000022e+01 3.98493563793570968e-09
7.88881669404000063e-01 1.09078832734333329e+01 3.88312096354568019e-09
1.05053063136966673e+00 1.09146225875666669e+01 3.84980476007411972e-09
1.32631192776333351e+00 1.09212785240333332e+01 3.78928516524218000e-09
1.61696817707333351e+00 1.09310775739999997e+01 3.72167006336574982e-09
1.21521202283333327e+01 1.09333877538666666e+01 8.54975562281125953e-10
2.77107722791000022e+00 1.09391796464333328e+01 2.51904383159422015e-09
3.32882981124333321e+00 1.09394611759000000e+01 1.53711732771366003e-09
1.92436936559666649e+00 1.09444528576333315e+01 3.62972983751896000e-09
4.09975108486666695e+00 1.09539267687000006e+01 1.17107548731075003e-09
1.55929527208999996e+01 1.09671212043666682e+01 1.14806542643400004e-09
2.24380899602666650e+00 1.09681189346999997e+01 3.53873633790225007e-09
6.46526514750000031e-02 1.09918274890000003e+01 4.87413318427382974e-09
4.93866038934666651e+00 1.09950278798666670e+01 1.13518462919284000e-09
5.88837949370333291e+00 1.09987755264999993e+01 1.11199826328523010e-09
1.94231743446333347e+01 1.10115522556333332e+01 9.79923473538941097e-10
6.81543790085000012e+00 1.10156555383666674e+01 1.18825240967438003e-09
2.58283993161666681e+00 1.10210570557000000e+01 3.45464491531792981e-09
3.20571133110999995e-01 1.10216104795333347e+01 5.04463705552620007e-09
1.41752537842000006e+01 1.10264546917000015e+01 1.47220442603039997e-09
1.09444644277333314e+01 1.10302846920000004e+01 1.11402153777282993e-09
5.44440796870333310e-01 1.10408602051000013e+01 5.14478247082415037e-09
3.00839185413999965e+00 1.10513389475999997e+01 2.95724708356437019e-09
7.88844921202999871e-01 1.10524419578333326e+01 5.18574939877137005e-09
3.69715000246000036e+00 1.10553668075333338e+01 2.15368441436730017e-09
7.73731886481666553e+00 1.10578968835333331e+01 1.38203886294452000e-09
1.04549862986633335e+00 1.10715641832666662e+01 5.27608683243878019e-09
1.32223928372333344e+00 1.10837147139333325e+01 5.26278671724355963e-09
4.35156226872333296e-01 1.10908627695333326e+01 5.74968779813707009e-09
1.23357716369333334e-01 1.10918274890000017e+01 5.87947981182088988e-09
1.28285506521666672e+01 1.10960688644666661e+01 1.85222669060529010e-09
1.61275036200333344e+00 1.10965126403333354e+01 5.19489177635564003e-09
9.80449770527666509e+00 1.10971088238999993e+01 1.35768439212091004e-09
8.71890767349333373e+00 1.10999975947999996e+01 1.47301398364070995e-09
2.35853770588000028e-01 1.11001230334333343e+01 5.98333692275463972e-09
4.49361222772999991e+00 1.11020447965999995e+01 2.09879451568289994e-09
1.91592632093333326e+00 1.11137005572999996e+01 5.12580718947713975e-09
6.62383201506333341e-01 1.11179624108666673e+01 5.95126173094291976e-09
9.11883453163000013e-01 1.11375280057666668e+01 6.08749781024769002e-09
5.40736295408333234e+00 1.11378797797000004e+01 2.27446434808395002e-09
2.22969614993000009e+00 1.11408524616333313e+01 5.09266498842890005e-09
6.36826347308666652e+00 1.11459232430666670e+01 2.20572250851843011e-09
1.17799121912000015e+00 1.11577307712333340e+01 6.22630900820741991e-09
1.15677652589333331e+01 1.11651205729333327e+01 2.28378735345940003e-09
1.46210088754333323e+00 1.11712817757000007e+01 6.23497025227273964e-09
7.27953117879333345e+00 1.11836122711333328e+01 2.43760436575330991e-09
1.75823621515666662e+00 1.11870805754666662e+01 6.20899451319000974e-09
2.54853530021666685e+00 1.11943085086999989e+01 5.19794382228656999e-09
5.87050648943333309e-02 1.11999999999999975e+01 7.36679623804606998e-09
4.10871595591000005e-01 1.12023938239666663e+01 7.23053441303337041e-09
2.90338915249000018e-01 1.12079807116333328e+01 7.42710993611919008e-09
2.06460868662666686e+00 1.12087440513333334e+01 6.19708115568444992e-09
2.36915622723999997e+00 1.12393258544666654e+01 6.22179731592520968e-09
6.62588436455666674e-01 1.12413650333333326e+01 7.58472642140301072e-09
8.21261570715999945e+00 1.12436448654666652e+01 2.97725233447868016e-09
1.03837768379633317e+01 1.12487568698333344e+01 2.94462260026019019e-09
3.02231613645000019e+00 1.12511065431666655e+01 4.22853968597447015e-09
3.67106255823999961e+00 1.12672344948000003e+01 2.95166865309786004e-09
9.25277032615333361e+00 1.12709570207000009e+01 3.15455794235018994e-09
4.70412919770666627e-01 1.12846688630333318e+01 8.49917511924326021e-09
8.93027881629666731e-01 1.12940559093333324e+01 8.29415126214415035e-09
5.73260982800666619e-01 1.13000126316333347e+01 8.71046782971811966e-09
2.39075272930666660e-01 1.13001787287333340e+01 8.83516908210165980e-09
1.19937476794666667e-01 1.13004935615333348e+01 8.90891959594825073e-09
4.43533055827333289e+00 1.13135002315666657e+01 3.06706563232001002e-09
1.16789227259666673e+00 1.13179511237666670e+01 8.52425393813396985e-09
7.70194584619000033e-01 1.13323724838666653e+01 8.99755801652966959e-09
1.45360400018000013e+00 1.13338674026333326e+01 8.57909286104201008e-09
1.73584300961333327e+01 1.13353436672333334e+01 1.95363240154153994e-09
3.31666664933333344e+00 1.13510964587333323e+01 5.25784589015010980e-09
1.74722386010333341e+00 1.13513559664999999e+01 8.58563055806788007e-09
2.64930676793000019e+00 1.13591045371999986e+01 7.24960321916898969e-09
2.05269398322666641e+00 1.13746795679999995e+01 8.59760211585195941e-09
4.01538197119000007e+00 1.13772498909333333e+01 4.66885071352877040e-09
1.01654411180966675e+00 1.13883124393666666e+01 9.96309986464038961e-09
2.81911708810666672e+00 1.13904144404333323e+01 7.13314606567860002e-09
4.20700505206666631e-01 1.13946960525000005e+01 1.04472204761471006e-08
6.12324119003333292e-02 1.14004935615333327e+01 1.08429217620910998e-08
2.35377542814000007e+00 1.14028540642999996e+01 8.66706794976606019e-09
3.09895538708666651e-01 1.14046190305333326e+01 1.07775919718373006e-08
1.30364344983666669e+00 1.14065206933999992e+01 1.01084109245587001e-08
1.57109106330999992e+01 1.14083851068666675e+01 2.50227952461774001e-09
6.04323398346000018e-01 1.14115515862999999e+01 1.07841536953936001e-08
5.47071797157000006e+00 1.14169864835999988e+01 3.63543758173374987e-09
6.42018365546666558e+00 1.14212513562000009e+01 3.49341580828376015e-09
1.59324111958666670e+00 1.14233736583000010e+01 1.02074753704046003e-08
7.19129913347333338e-01 1.14397348990000012e+01 1.13692973739075997e-08
1.89299926248000006e+00 1.14439114649999993e+01 1.03139623652838999e-08
1.42522795835333316e+01 1.14494536723000007e+01 3.02035019981054987e-09
7.29454993540333430e+00 1.14588781497666670e+01 3.87477007905543976e-09
1.90188624206666681e+01 1.14652802275666659e+01 3.12846160172474009e-09
5.11862869852333313e-01 1.14676296189666669e+01 1.22354931947698992e-08
2.20240064743000019e+00 1.14703161881333315e+01 1.04084693569144999e-08
2.51666353875000004e+00 1.14910224695999990e+01 1.03015983108926000e-08
1.28898560731333323e+01 1.14972032799000008e+01 3.61521910748307987e-09
1.20142592910666660e-01 1.15004935615333324e+01 1.30085498741862008e-08
4.67693386717999982e+00 1.15014380081999992e+01 5.75683309238806027e-09
2.49667923583000023e-01 1.15049338633333349e+01 1.30655761017674996e-08
1.16097450695333322e+01 1.15481061521333341e+01 4.30637966107093989e-09
1.00657254173300004e+00 1.15488167463333316e+01 1.35242048304792001e-08
6.00365469356999970e+00 1.15532103435333315e+01 6.61688332842702027e-09
3.26181460431666670e+00 1.15618519288999995e+01 7.33225428586528980e-09
7.46852651468000062e-01 1.15629707038333347e+01 1.43436693429262001e-08
1.81448236641666689e+01 1.15652513865666666e+01 5.85631249762214027e-09
6.88237683983999915e+00 1.15662495301333337e+01 6.35376655638632010e-09
1.29095719464333336e+00 1.15684606848333331e+01 1.37572527526196999e-08
5.09360460478666699e+00 1.15720524903666675e+01 7.03926737726830028e-09
5.12819896884999959e-01 1.15804805400333350e+01 1.48390387749585997e-08
3.99144504148666668e+00 1.15817365972999990e+01 6.20976024610861023e-09
8.15497147795666599e+00 1.15819129345000018e+01 5.30194380247711018e-09
1.58057180592000002e+00 1.15852092906666684e+01 1.39242968835421000e-08
1.04027373575633320e+01 1.15922970967333328e+01 5.03697611591860007e-09
2.95097312906666653e+00 1.15950477644000003e+01 1.10352989260899004e-08
5.89101810103333304e-02 1.15999999999999996e+01 1.58158715178132000e-08
2.97696500990666690e-01 1.16042298432333340e+01 1.56817080931768012e-08
1.65289848403666646e+01 1.16044952878666674e+01 6.61313401403206022e-09
1.88239963820000011e+00 1.16061972434333338e+01 1.40263838931344995e-08
9.24775778370666579e+00 1.16138639392333332e+01 5.45155004242393991e-09
8.71400076786333244e-01 1.16275686383999997e+01 1.58056000720415990e-08
2.19056263594333300e+00 1.16340324393333336e+01 1.42774467876880001e-08
1.14523444732666668e+00 1.16403954221666641e+01 1.59387151815891994e-08
4.11780725411333315e-01 1.16409846811333324e+01 1.67459675171714997e-08
1.50027768210333310e+01 1.16411729058999995e+01 7.36774415536363980e-09
6.33003163499333277e-01 1.16476383122000016e+01 1.67175535245671016e-08
1.42824843132000012e+00 1.16576430264333339e+01 1.63109026045872012e-08
2.51399957914333338e+00 1.16632212295000013e+01 1.44576982339078001e-08
7.69469339222333293e+00 1.16714308312000004e+01 7.83077646379733935e-09
4.37799289493999932e+00 1.16721024033000003e+01 9.83495561483434026e-09
1.72395492215666679e+00 1.16754773773000000e+01 1.66443128947771010e-08
1.35852692548666667e+01 1.16784040618666669e+01 8.32774624627725003e-09
3.59227358351999948e+00 1.16824766713333332e+01 1.09887009029822001e-08
2.27230382305333350e-01 1.16997895414333328e+01 1.88371637942378014e-08
1.17969392997333333e-01 1.16999999999999975e+01 1.88869158474100010e-08
2.03025634745999994e+00 1.17006815976333325e+01 1.69350500969346012e-08
1.22554054598999986e+01 1.17175077484999992e+01 9.39907713309300989e-09
2.33927345704666667e+00 1.17387690754000005e+01 1.74296415888398011e-08
1.10054047579333343e+01 1.17568104981000001e+01 1.06441751262385004e-08
2.87334664777333337e+00 1.17569046657666672e+01 1.53667966578666995e-08
4.07136879242333327e-01 1.17611639223666682e+01 2.08655484673572988e-08
6.24195739312999986e-01 1.17786394001666679e+01 2.12172051908190991e-08
2.65391547555333362e+00 1.17794401073333344e+01 1.77027571752015009e-08
8.65625090184333423e+00 1.17811725823666649e+01 1.20367165822158000e-08
8.68603036664666650e-01 1.17828687153999994e+01 2.11147248624990001e-08
9.81844568243000104e+00 1.17835559693333334e+01 1.17327733215427002e-08
2.93201685798333334e-01 1.17910757511333344e+01 2.22298304085342011e-08
1.12859443092000000e+00 1.17942213620666649e+01 2.12704151341123986e-08
5.90592119870000029e-02 1.18000000000000025e+01 2.27971126476539000e-08
6.94984737481000092e+00 1.18237259679000015e+01 9.67737483614048042e-09
6.07012026438999985e+00 1.18255374682000021e+01 1.02319992960783996e-08
1.41147112551000009e+00 1.18288514284000001e+01 2.23390038143305007e-08
4.99368626529666626e-01 1.18316608692333336e+01 2.36719788843154016e-08
1.71975712854999974e+00 1.18395392969666684e+01 2.24641779804389014e-08
5.21970763108333369e+00 1.18484820938666662e+01 1.19051623436813999e-08
7.35248187159999955e-01 1.18492718688000007e+01 2.42004490715038008e-08
9.87135485204666652e-01 1.18579427632333338e+01 2.42234420195468998e-08
2.02190540413999997e+00 1.18639692639333330e+01 2.28821452698040010e-08
4.40942140230666713e+00 1.18863139765666670e+01 1.32219533127205994e-08
2.47869068402999965e-01 1.18907646940333347e+01 2.66033640241079013e-08
1.25753987242666665e+00 1.18934950267000001e+01 2.53633828829203994e-08
1.22987583899666672e-01 1.18994784843333345e+01 2.71687631514201994e-08
7.46698220809333169e+00 1.19063632779666673e+01 1.62433535620280015e-08
3.59154468789999948e+00 1.19067442167666666e+01 1.50279884941786985e-08
2.32542040956333329e+00 1.19106519189000011e+01 2.41018327998664990e-08
1.55959670650333315e+00 1.19204796122999994e+01 2.66710245941085010e-08
1.86985090127333353e+00 1.19335468294000009e+01 2.67140958322638002e-08
6.55411976125666751e+00 1.19510549186333321e+01 1.78406688568366000e-08
1.95956880760333334e+01 1.19537279719333327e+01 1.09633858536756003e-08
2.95746369821000021e+00 1.19572516858999993e+01 2.30513896422551990e-08
5.66328656868666780e+00 1.19657432117666662e+01 1.89416722386689002e-08
4.67368850123333290e-01 1.19668830725666666e+01 3.00119592344552005e-08
2.16835864513999965e+00 1.19692029491333329e+01 2.76468387629418992e-08
7.21870039923000029e-01 1.19870559220333348e+01 3.08720489205028998e-08
2.62623645565666708e+00 1.19901537657666655e+01 2.68118361622254998e-08
4.83446540084333254e+00 1.19920791849666681e+01 2.09999833841495990e-08
3.29804485440666650e-01 1.19960750685999997e+01 3.18837964409994030e-08
9.65948602640333331e-01 1.19965611209999992e+01 3.11209931185719987e-08
6.39283719126666622e-02 1.19994784843333324e+01 3.27533298429771992e-08
4.02214465323333314e+00 1.20202157160000009e+01 2.36775359004729997e-08
1.21962637725000000e+00 1.20292666103666672e+01 3.27216943411839002e-08
3.24381264824333337e+00 1.20333723366666661e+01 2.63819424779252005e-08
2.47246751176333346e+00 1.20458177314333312e+01 3.03776218832858026e-08
1.65859446848000012e+01 1.20473417019333340e+01 1.28463711935854002e-08
5.78817815669666724e-01 1.20516456567333332e+01 3.50790458926235001e-08
1.81367528437666650e+01 1.20536991309333334e+01 1.32751464850317997e-08
8.34038006863333403e-01 1.20592711264000005e+01 3.50946087324300033e-08
1.06949405317899982e+00 1.20686113035000009e+01 3.56124291208021012e-08
1.50466991546333322e+01 1.20706452612333326e+01 1.42753683479107002e-08
1.56665023075999987e+00 1.20887591519666646e+01 3.60588515830924989e-08
1.36114584850333333e+01 1.20894194192000004e+01 1.56633810298575988e-08
2.78143767498666739e+00 1.20965177714333336e+01 3.20932064414445027e-08
1.87271934871999979e+00 1.20979397130333339e+01 3.59127169864578005e-08
1.22563277874000010e-01 1.20997528060333348e+01 3.87761630078609008e-08
2.63557906898666650e-01 1.21050631806000002e+01 3.92105373235533981e-08
1.22665585637000003e+01 1.21087671455000017e+01 1.70988026612148988e-08
1.10027264546666661e+01 1.21267340602333338e+01 1.86310305792441985e-08
2.15465784881666655e+00 1.21281722906333354e+01 3.68995059884747015e-08
8.64738504111666551e+00 1.21334196634999998e+01 2.05287078698555988e-08
1.29181327701999993e+00 1.21336899064666657e+01 4.01350025190870975e-08
9.80713401208333302e+00 1.21387802594333323e+01 2.00366772659048004e-08
7.56910271611999974e+00 1.21690924624000019e+01 2.43707182464154002e-08
1.43344679636999994e+00 1.21712271472666682e+01 4.32089109692382000e-08
1.72967910025333338e+00 1.21722117202666666e+01 4.19849337875788016e-08
5.63726690981666612e-01 1.21868025111333349e+01 4.41294100945811970e-08
2.01107305526333358e+00 1.21873314890666649e+01 4.18057110770473025e-08
1.05229864977566656e+00 1.21905692028666675e+01 4.39465958404894023e-08
8.17796686070000001e-01 1.21906293472333331e+01 4.43892784924821979e-08
5.86349059613333334e-02 1.22002743217000003e+01 4.66739810154701986e-08
3.07753470849000010e-01 1.22160748093333336e+01 4.73205503675544026e-08
6.60074072980000093e+00 1.22216078756666686e+01 2.66008429064397986e-08
1.17906589183666655e+00 1.22324962614333330e+01 4.95306440768518032e-08
5.70156144712333290e+00 1.22342525528333343e+01 2.85988639849168014e-08
4.85071438443999980e+00 1.22447405365666668e+01 3.03789383550565018e-08
9.32511878443666675e-01 1.22498772411999983e+01 4.99656402088796978e-08
6.90537594441666625e-01 1.22535709972666691e+01 5.04829809321995985e-08
4.35520176794999936e-01 1.22545771636666672e+01 5.13574310017361029e-08
4.03288865006666697e+00 1.22563281378666655e+01 3.28445517615536973e-08
2.44409764905333349e+00 1.22616660390666681e+01 4.48215053884013996e-08
1.74073191201666653e+01 1.22666378256666686e+01 3.48767216529026992e-08
3.28358912279000004e+00 1.22717560858666648e+01 3.81469519318384004e-08
1.58117928111333352e+01 1.22807038762666654e+01 3.64609884867174011e-08
1.08726648406333337e-01 1.22851795233999983e+01 5.37027553793338976e-08
2.28334975053000022e+00 1.22854695680333350e+01 4.74337357040519971e-08
1.90107916002666677e+01 1.22870613052666666e+01 3.39150688421338987e-08
1.43223911473000012e+01 1.22899413849666672e+01 3.76261514961173028e-08
2.77782223619333335e+00 1.22913980343666651e+01 4.69809459784683017e-08
2.16850584269333346e-01 1.22956696364666644e+01 5.53873106848013004e-08
1.29271984071000006e+01 1.22994780342333332e+01 3.88479522032847006e-08
1.16182198700666675e+01 1.23092891112666667e+01 4.00886033723378016e-08
8.10902212521999921e+00 1.23120843530333328e+01 4.21039111040716022e-08
1.03887473839500011e+01 1.23174449489666671e+01 4.15498385450389004e-08
9.22758025263333437e+00 1.23213353104666652e+01 4.26438921331613017e-08
1.45515363332666681e+00 1.23347368143999976e+01 5.75199764749789998e-08
1.74039794163000017e+00 1.23369176309999986e+01 5.58463172065031991e-08
2.02827978354999994e+00 1.23446287664666645e+01 5.56824175202070969e-08
1.18388267566666650e+00 1.23530587723999989e+01 5.92986026007569988e-08
7.09858885137999973e+00 1.23570081093666673e+01 4.74763866269082997e-08
6.15501611137000015e+00 1.23645997663000013e+01 4.91080911414276003e-08
5.27423149311666695e+00 1.23696527865333348e+01 5.07628196707031021e-08
9.23229456371000068e-01 1.23740422152000011e+01 6.11057946542839018e-08
4.43641438273666733e+00 1.23750877500333321e+01 5.29085700192846996e-08
6.75573531886333289e-01 1.23775222033999999e+01 6.19721643868066943e-08
3.64206515927999996e+00 1.23812403878333352e+01 5.57244028248278981e-08
4.37670125189000003e-01 1.23826001224333311e+01 6.30996543694873039e-08
5.00917424450000037e-02 1.23849052017000005e+01 6.39773568114606062e-08
2.99362473396333328e+00 1.23905156980333331e+01 5.72883995068326010e-08
2.27748533796000019e-01 1.23953953147666667e+01 6.54874114645310047e-08
2.59425115415333352e+00 1.24008823363333338e+01 5.83972893972284020e-08
1.59907590909333330e+00 1.24169747298333331e+01 6.53114092094779940e-08
1.31833689780666674e+00 1.24177620845666663e+01 6.62043818007354043e-08
1.90064491838333360e+00 1.24199429011666655e+01 6.47642810010937945e-08
2.20241585979666654e+00 1.24246858653000007e+01 6.26159702584466995e-08
1.04783301153300012e+00 1.24352966878333344e+01 6.90219804214362942e-08
7.93550201442000058e-01 1.24387455273666685e+01 6.98256317190288957e-08
5.50912576820333233e-01 1.24387766760333331e+01 7.01445906237575030e-08
3.20801368769666695e-01 1.24438234463999979e+01 7.11340744949647986e-08
1.19624597932999996e-01 1.24515718683666652e+01 7.13003828696709939e-08
1.14747422614999997e-01 1.25428638866666660e+01 7.78773347494564958e-08
1.60644721181666661e+00 1.25587515945000003e+01 7.56255791997738983e-08
3.19600196103000000e-01 1.25595009102333339e+01 7.78169738677301006e-08
7.94250260628666660e-01 1.25617532393666664e+01 7.73503237894651949e-08
5.53232266322666644e-01 1.25650954414666671e+01 7.76400527108398985e-08
1.04924697175299997e+00 1.25806455753000019e+01 7.70509165614253944e-08
2.22459321134666688e+00 1.25856729456000007e+01 7.38288150111376986e-08
1.33197479439333333e+00 1.25870526720666671e+01 7.64892579111302962e-08
1.89987454205333339e+00 1.25894871009000013e+01 7.49044929594134058e-08
3.02886332018333349e+00 1.25979018193666672e+01 6.99637948401184957e-08
2.55124040933000007e+00 1.25983403259666673e+01 7.26078609988576001e-08
2.21670185811333326e-01 1.26023647968999999e+01 7.81025462421914048e-08
4.52145671269999980e-02 1.26054921276333332e+01 7.82148640526991993e-08
7.06169068148999912e+00 1.26182663356999996e+01 5.99313935082716015e-08
4.44346785991000015e+00 1.26228319861999996e+01 6.43542312511342038e-08
4.38788642024666664e-01 1.26245963517000011e+01 7.80446253847418973e-08
6.78593280575333413e-01 1.26268486808333336e+01 7.77966815662700987e-08
6.17902837112999936e+00 1.26268856938000003e+01 6.08364714001950005e-08
3.63933511415000011e+00 1.26323987395333344e+01 6.69921561816443018e-08
1.03875402505500016e+01 1.26405625927666652e+01 5.62149472297207984e-08
9.25343475777666735e-01 1.26423988146666684e+01 7.75320525789726942e-08
5.28955017081000012e+00 1.26425182535000005e+01 6.23968668373199971e-08
1.47616283263666670e+00 1.26458042665666657e+01 7.64164130752428004e-08
8.20925515141666828e+00 1.26464328017000014e+01 5.88255955078177984e-08
1.74699886802333348e+00 1.26482386954000017e+01 7.57019335952028063e-08
1.15952826300333331e+01 1.26523710662666673e+01 5.49964265072801988e-08
1.19893453247333337e+00 1.26676982473666673e+01 7.71602319623886983e-08
2.04968675876999962e+00 1.26751600465000021e+01 7.48887674420193045e-08
2.36484265165666674e+00 1.26840132715666680e+01 7.37674468782470027e-08
9.23085119953666755e+00 1.26842100010999985e+01 5.77175262574475006e-08
1.28868162075999990e+01 1.26881618032999999e+01 5.44028500211082986e-08
2.01754547273000018e-01 1.26945550790333339e+01 7.86030688708709038e-08
9.48317840766666614e-02 1.26976824097666654e+01 7.86763245095482005e-08
1.90227936692000021e+01 1.27149117910333320e+01 5.27632993770449970e-08
4.42763504859666701e-01 1.27299756691333332e+01 7.85747201029899061e-08
3.31609766387999949e+00 1.27303005588999998e+01 6.92958862337923007e-08
6.95903488095333311e-01 1.27331886436666668e+01 7.83261146522313035e-08
1.58650796247666666e+01 1.27373143218666680e+01 5.29299788852188976e-08
2.86185860621666643e+00 1.27385879062666660e+01 7.16516926078960973e-08
2.67181320483999984e+00 1.27390264128666661e+01 7.26252720634257055e-08
1.74225810321666650e+01 1.27430478436666661e+01 5.23024631627525032e-08
6.58785481966999953e+00 1.27451520294999998e+01 6.16627607111162048e-08
1.43249614445666680e+01 1.27511425851666669e+01 5.37717338557532020e-08
4.03721208210999993e+00 1.27552307257333339e+01 6.67851088267258023e-08
9.11490637695666628e-01 1.27624588148666671e+01 7.82226976410448952e-08
4.87308653930666669e+00 1.27653502397000000e+01 6.45531771161223036e-08
5.74089238457666529e+00 1.27694039473000007e+01 6.28424698706502062e-08
2.54879253440999987e-01 1.27736640912666672e+01 7.90330541248064942e-08
4.96172169496666704e-02 1.27741915797333334e+01 7.91009919901953013e-08
1.52927466975666637e+00 1.27819220060999985e+01 7.71087265751206055e-08
1.70126034834333328e+00 1.27843564349333345e+01 7.66353206140142964e-08
3.52381476744999977e-01 1.27868531265666672e+01 7.90598953984606939e-08
7.97707630066666673e-01 1.27881532023999984e+01 7.85959707690835043e-08
1.09785820812333341e+01 1.27929336590333325e+01 5.76857663052706967e-08
5.30218856081333345e-01 1.27974828579333337e+01 7.89895557735971975e-08
6.21776010841999960e-01 1.27984435033333330e+01 7.88632518796305934e-08
7.37082618477000029e+00 1.28201307385666663e+01 6.11103257015909021e-08
1.20860869065333332e+00 1.28210732291666663e+01 7.80699406974959948e-08
9.80919782558666675e+00 1.28247725938666672e+01 5.91297976799119031e-08
8.75088901421666776e+00 1.28306428027999999e+01 5.97912050829662006e-08
2.05032343442666631e+00 1.28385558941000024e+01 7.58090458408357947e-08
1.22032391241666662e+01 1.28405328695666672e+01 5.69882260119357991e-08
2.33044531565666668e+00 1.28441599138000004e+01 7.48166901554444967e-08
9.83295914170999930e-01 1.28449246169000020e+01 7.87261556390582936e-08
7.84063030270666683e+00 1.28482972045666681e+01 6.07231347861729056e-08
9.68439150300000051e-02 1.28583660382333331e+01 7.95880536522400968e-08
1.95183188325000007e-01 1.28609658804999984e+01 7.95927599269000968e-08
1.09485371661666675e+00 1.28782395985000022e+01 7.86954056114508940e-08
7.75802222484000104e-01 1.28793627974333358e+01 7.92059325361492036e-08
3.92694462498333341e-01 1.28806714537999998e+01 7.96301651779048002e-08
4.88733303621333326e-01 1.28857066539333331e+01 7.95664519856435040e-08
6.79654893520999948e-01 1.28863108962666661e+01 7.94045455259264024e-08
1.46144128278666674e+00 1.29012269126333337e+01 7.80647688819542066e-08
1.77372010531666668e+00 1.29080764195000004e+01 7.72673807786133994e-08
2.19083255100333352e+00 1.29092154354333335e+01 7.58008259662006018e-08
1.32491282693000012e+00 1.29184841548999998e+01 7.85316696179956040e-08
3.24179954241999946e+00 1.29279025692666654e+01 7.08471390622667026e-08
1.92521787921000009e+00 1.29353545275666661e+01 7.69659526994883977e-08
2.95553577182666638e+00 1.29361899166333334e+01 7.24463259528220023e-08
4.72266980803333347e-02 1.29369628782666677e+01 8.01208180748751001e-08
9.27436130247999979e-01 1.29387183894666666e+01 7.94515630318925031e-08
1.35736465828000004e+01 1.29393043884666668e+01 5.67831407419975973e-08
2.58581443708333358e+00 1.29425626938999994e+01 7.44057514989846026e-08
8.33725446189999886e-01 1.29474621824666656e+01 7.96386674170345001e-08
2.39772027294666651e-01 1.29514915574666674e+01 8.01616746724484011e-08
1.81640168246999991e+01 1.29579596346999981e+01 5.51149412321772021e-08
3.39781078163999994e-01 1.29580080954666670e+01 8.01668872381941942e-08
6.38893715297666698e-01 1.29589227340999997e+01 7.99225515717946000e-08
5.39529280158666746e-01 1.29592791371666660e+01 8.00488463311999954e-08
2.43084430557333331e+00 1.29620232492333329e+01 7.51397324219369065e-08
1.66544934104333358e+01 1.29803621655333341e+01 5.53700781814522025e-08
1.51025562655333321e+01 1.29884569070333331e+01 5.60906896607117973e-08
4.08489013911999965e+00 1.29893218110999999e+01 6.77848056533749991e-08
4.84935405800000030e+00 1.29933340784333335e+01 6.55984867049016977e-08
1.09286462172666687e+00 1.29940546959333343e+01 7.96304211443937967e-08
5.80768875307333321e+00 1.30066547144666682e+01 6.38682415269231961e-08
6.60033177318999975e+00 1.30077336113999991e+01 6.27443585572890066e-08
8.86778067180000046e-02 1.30116689951999991e+01 8.06355860240632947e-08
9.87381194620333358e-01 1.30151190619999984e+01 7.99617501091029040e-08
1.82883862637333333e-01 1.30235978321333334e+01 8.06981798170009969e-08
1.54381194056333304e+00 1.30307457845333321e+01 7.88941774616404986e-08
7.91235864352999863e-01 1.30322665183666668e+01 8.03356345882572959e-08
1.68410508450666652e+00 1.30351608625666682e+01 7.85321865499516964e-08
6.92551462423666719e-01 1.30367789711666671e+01 8.04720690879185984e-08
4.96279067219000003e-01 1.30371614243999989e+01 8.06421700721078053e-08
3.92569706347333292e-01 1.30409255828333333e+01 8.07540944614419039e-08
1.96076901449666678e+01 1.30482451243666659e+01 5.61030695426450022e-08
1.28002669895999999e+00 1.30531339481999993e+01 7.97513194239501972e-08
1.09683426212666664e+01 1.30555759965333351e+01 5.87227163969799021e-08
2.19924714955666678e+00 1.30709882176333334e+01 7.70118749469695021e-08
1.16173346779333331e+00 1.30715381198999996e+01 8.01247626643584946e-08
1.96124322802666673e+00 1.30767243361999999e+01 7.79950151111415946e-08
4.14511086376666629e-02 1.30822375206999997e+01 8.11925061638429057e-08
7.05483450327999950e+00 1.30827123204666673e+01 6.34131793441183060e-08
4.46741343561333348e+00 1.30849069103000009e+01 6.81388841070213969e-08
2.85543796971333341e+00 1.30878945389999988e+01 7.41888976969298949e-08
3.40475364279000026e+00 1.30891247213666677e+01 7.16709266028381958e-08
2.67576203634666676e+00 1.30938288096666664e+01 7.50818560936131059e-08
2.06359722962000003e-01 1.30974655301999992e+01 8.12710619744232977e-08
9.47524249291999965e-01 1.31005629154666661e+01 8.07212138428496008e-08
8.45089603082666674e-01 1.31089665788333321e+01 8.09097957025661035e-08
2.34369910197666664e+00 1.31111286510666663e+01 7.67832814640686064e-08
6.45845529727666623e-01 1.31134141568999993e+01 8.11337355371602987e-08
5.48937569661999913e-01 1.31134402070666667e+01 8.12348947472196949e-08
3.55447239291666606e-01 1.31202792805666686e+01 8.13863699790686947e-08
3.78119943031333383e+00 1.31256137963666664e+01 7.03636868378074943e-08
6.25830169314666662e+00 1.31267180428666688e+01 6.47993344006791062e-08
8.63507896018333376e+00 1.31317742224999989e+01 6.20369385973728994e-08
2.75021896218333339e-01 1.31360592918333339e+01 8.16011699132402005e-08
2.09476338179666710e+00 1.31416984849333343e+01 7.80049767052115954e-08
1.47740566853666677e+00 1.31481476485666686e+01 8.01193409761157062e-08
9.93206779513666760e+00 1.31488483827333340e+01 6.08696459018750064e-08
7.79073093286666712e-02 1.31492169745999998e+01 8.16956309865580013e-08
8.07411196565333178e+00 1.31494286242666671e+01 6.25379793404058032e-08
1.48609867733666690e-01 1.31525161471666667e+01 8.17520787834169958e-08
1.35014888279000012e+00 1.31532785699666661e+01 8.04763916101720033e-08
5.13588670087999954e+00 1.31561344941333331e+01 6.70339470084328048e-08
1.74440658492333323e+00 1.31573694482666657e+01 7.94467672866813038e-08
1.20931291091666679e+01 1.31644058156000003e+01 5.85846453341376968e-08
5.51524131571999998e+00 1.31654014225666671e+01 6.61628831090022024e-08
1.87004695455000003e+00 1.31716548138333334e+01 7.91850791653861999e-08
1.11314797846000002e+00 1.31739481506666660e+01 8.11456365550725031e-08
1.00442218706500008e+00 1.31819085801666649e+01 8.13732680368391995e-08
5.06926089476333330e-01 1.31864806143999989e+01 8.18731663074681039e-08
4.17145119977666623e-01 1.31895555294666664e+01 8.19828014990432977e-08
6.97040484272999916e-01 1.31968752151666653e+01 8.18289925049693011e-08
7.97600155698666824e-01 1.31969400898999982e+01 8.17388082476254035e-08
2.54392769564999954e-01 1.32100075002999997e+01 8.22042889620935970e-08
3.64562006910000014e-02 1.32147169080999998e+01 8.22379773119208035e-08
1.80735688362000019e-01 1.32151011411666648e+01 8.22534508375044022e-08
1.05001707601333347e+01 1.32272807191333346e+01 6.18494821944580007e-08
1.14749331550666653e+01 1.32388863497999996e+01 6.12548848347299039e-08
2.40854800525666679e+00 1.32502762749999992e+01 7.78226878390271997e-08
2.94389254963999969e+00 1.32517238052666659e+01 7.52378982991034032e-08
2.58564080811666708e+00 1.32524369889333329e+01 7.70650112929166018e-08
5.52202853185333353e-01 1.32564286827999993e+01 8.25042479663069039e-08
1.54501934047999989e+00 1.32607694927999997e+01 8.10904076295739943e-08
3.20694445212333301e+00 1.32612413349999994e+01 7.38666269006073995e-08
3.81179528189333316e-01 1.32637696358666659e+01 8.26228921178374006e-08
1.67172711292333331e+00 1.32655762144666678e+01 8.07580921154219012e-08
6.45409287916333341e-01 1.32668493337333331e+01 8.25142328127142971e-08
1.28944291607999983e+00 1.32682401527666656e+01 8.17667255625631013e-08
2.98852520849999970e-01 1.32684415954333321e+01 8.26952067567847034e-08
9.58078467293666747e-01 1.32698094774333324e+01 8.22993943332136041e-08
1.17073524291666664e+00 1.32705055617666670e+01 8.19837693905010060e-08
1.45841650121333349e-01 1.32717836445999993e+01 8.27265474577853965e-08
7.22647208553333364e-02 1.32746985840999994e+01 8.27195196133497964e-08
8.53691082136666668e-01 1.32764373237999980e+01 8.24680476333590059e-08
2.07444594845333308e+00 1.32793944627666658e+01 7.95663109388121952e-08
1.93078211392000010e+00 1.32902750601999973e+01 8.02244930077163039e-08
4.51541547222666662e+00 1.33002885899666676e+01 6.94266291661063980e-08
3.91584272863999994e+00 1.33172093671666669e+01 7.17192663568136950e-08
5.12967766810000003e-01 1.33213463216666668e+01 8.31289038487236994e-08
4.31725411312666674e-01 1.33256123596666658e+01 8.32023294280084037e-08
1.82604154181333356e-01 1.33264347715666673e+01 8.31928576262390063e-08
2.61957943707000041e-01 1.33281863632666671e+01 8.32099191101187955e-08
7.22184935769666669e+00 1.33291945819999995e+01 6.50693330207135973e-08
3.58085201643333351e-02 1.33347538900000000e+01 8.32423802252815022e-08
6.73807711367999995e-01 1.33374908231333347e+01 8.32197828565885014e-08
1.34066677384333346e+01 1.33398797803999987e+01 5.93181575886707022e-08
1.00702232340200015e+00 1.33508325011666660e+01 8.31142059730625045e-08
4.89767741700333303e+00 1.33518299065000008e+01 6.94633434645209993e-08
6.18781043329666591e+00 1.33562495161000001e+01 6.66943354163234028e-08
1.11095330763000000e+00 1.33594890149999994e+01 8.30624141711601983e-08
8.19907831153333433e-01 1.33599804041666648e+01 8.33530218200041941e-08
1.48300216750999980e+00 1.33652894270000004e+01 8.23916062033376980e-08
1.35468252885666662e+00 1.33676291655666670e+01 8.27410122424356957e-08
7.77132270213333332e+00 1.33677444197999993e+01 6.50899616844575991e-08
7.44073718015666685e-01 1.33758583437000009e+01 8.36294286387170041e-08
5.73751881561333388e+00 1.33793003361000000e+01 6.80586253656117963e-08
2.89544095155333359e-01 1.33800799759333326e+01 8.36955375694959037e-08
1.73740453089666680e+00 1.33816338770666672e+01 8.19102615724651039e-08
5.53702667230333456e-01 1.33849832186333320e+01 8.37779384395150972e-08
1.46358229472000029e-01 1.33861436436333321e+01 8.37173756540943051e-08
6.21336177057333239e-01 1.33907070691666661e+01 8.38023623584814969e-08
2.32084568317999995e+00 1.33908678311666662e+01 7.97422890472604975e-08
4.08685582749333365e-01 1.33913677256666670e+01 8.37974648596656974e-08
7.31395247210000071e-02 1.33915478225666664e+01 8.37325807606314023e-08
1.87081916226666678e+00 1.33920473572333325e+01 8.14939099271125960e-08
2.15922818478666656e+00 1.33926653904333346e+01 8.04800156707311041e-08
4.26753547406000067e+00 1.33962990615666655e+01 7.17497471661785065e-08
2.66793469477333334e+00 1.34021610681333332e+01 7.82934244090897964e-08
3.49189498446333346e-01 1.34054098468999996e+01 8.39926531763870029e-08
2.84651050293000019e+00 1.34073821551333339e+01 7.74491652028775039e-08
8.89836441026666591e+00 1.34094403217333333e+01 6.42135018340659034e-08
1.26097273482333350e+01 1.34126101412666667e+01 6.20034621232834992e-08
1.51948820628666663e+01 1.34136369784999996e+01 5.84117756437121032e-08
2.50101990221666681e-01 1.34241559465333324e+01 8.41289470109814031e-08
3.37550517693000041e+00 1.34266162514666672e+01 7.53258774184789961e-08
9.60312569222333323e-01 1.34284567805333328e+01 8.40546568190575038e-08
8.77585462130666571e-01 1.34309768371666660e+01 8.41477588568301960e-08
1.86269914063999981e-01 1.34319712059333316e+01 8.41358260128205953e-08
9.50999315811666612e+00 1.34323846908999993e+01 6.43600003240930982e-08
5.22345249360666730e-01 1.34423921316999984e+01 8.43156016739736943e-08
1.14080937078999978e+00 1.34426737445666671e+01 8.40500317285057028e-08
4.58570520377000024e-01 1.34445106007333326e+01 8.43535385177299040e-08
3.70795766592333331e+00 1.34460952086333325e+01 7.39486550802200041e-08
3.73310045566666651e-02 1.34466669586999998e+01 8.42186362270211065e-08
7.26515417323666646e-01 1.34503031253000014e+01 8.44149556772118021e-08
6.56483582514333253e-01 1.34527262550333333e+01 8.44556950430315939e-08
1.82310373455333341e+01 1.34561374127666653e+01 5.77288123311863023e-08
3.39647414473000009e-01 1.34619881555666669e+01 8.44822567896844002e-08
1.30734188009666652e+00 1.34660423286333337e+01 8.40383927763575972e-08
2.82503511187333356e-01 1.34674210448333351e+01 8.45301157746679945e-08
1.54497514600333319e+00 1.34737027065999992e+01 8.35813695548808953e-08
1.66829906721999990e+01 1.34756611541333342e+01 5.79699212632703009e-08
1.67626408043333314e-01 1.34796815962333341e+01 8.45487869749782959e-08
1.21627637276000011e+00 1.34839205926000005e+01 8.45181218891843954e-08
1.67266973694666654e+00 1.34852404349999997e+01 8.33051722511629961e-08
6.49080282709666584e-02 1.34974120166000002e+01 8.46607313242491983e-08
4.33705288698333302e-01 1.34995858703999989e+01 8.48658829232645055e-08
1.00219006767033325e+00 1.35011949152666659e+01 8.49380923848306050e-08
5.59563283487000018e-01 1.35029524711333337e+01 8.49646403229812972e-08
3.74278267097333306e-01 1.35030213040000007e+01 8.48815414302999051e-08
8.41713384422666633e-01 1.35035385377999990e+01 8.50118690368907946e-08
1.19483227001299999e-01 1.35050680728333337e+01 8.48056848591911030e-08
1.07875588500999986e+00 1.35067553654666668e+01 8.49688773936037981e-08
7.66477452753333233e-01 1.35069868864000000e+01 8.50460963716418964e-08
6.26068106813666758e-01 1.35075627439333328e+01 8.49916515447197041e-08
2.61282819677666645e-01 1.35097072388333341e+01 8.48778056769584010e-08
1.13067671819999997e+01 1.35101328181333340e+01 6.33886262343883955e-08
1.07176487159666660e+01 1.35103356609666676e+01 6.45202463407737992e-08
1.94274853394333324e+00 1.35133940985333343e+01 8.28468988628543063e-08
2.10237792691333331e-01 1.35141525308333339e+01 8.49124058641302937e-08
2.08749372193000005e+00 1.35248927291666661e+01 8.23575871232567002e-08
5.07118343330999988e+00 1.35372736623666654e+01 7.11832567930176017e-08
2.40620316561000003e+00 1.35412110522666662e+01 8.12590484913071032e-08
2.75770237143000002e-02 1.35449060537666668e+01 8.50788492700418975e-08
1.90898141900333336e+01 1.35464229024333331e+01 6.08680382953518043e-08
4.65938969755333332e-01 1.35473759572333332e+01 8.53622520497393045e-08
1.37012003956666639e+00 1.35484930743999996e+01 8.50935429306057049e-08
3.49651797298666633e-01 1.35494498176333327e+01 8.52769767144195058e-08
2.57619937434333357e+00 1.35503435752999994e+01 8.05665296472790944e-08
2.93800253164666680e-01 1.35507028632000015e+01 8.52646326919391017e-08
6.44043465301999962e+00 1.35513884770333330e+01 6.88314936767014948e-08
5.28022235560333342e-01 1.35528610270000005e+01 8.54309630587334935e-08
1.36303362775633347e-01 1.35531090618333341e+01 8.51936594058011060e-08
1.88668728266000008e-01 1.35553860962000012e+01 8.52327873194218960e-08
5.53167021708000117e+00 1.35554771635333324e+01 7.02546411163671970e-08
1.47943366682000010e+00 1.35584931909333335e+01 8.48662181584937052e-08
6.92425076709666598e+00 1.35597199072333350e+01 6.81004959099795026e-08
2.93599369008999966e+00 1.35679927936666669e+01 7.89955078144280946e-08
8.81324159420999842e-01 1.35685124712000000e+01 8.58100862035624979e-08
9.59073735576999931e-01 1.35686889053000002e+01 8.58242884215558047e-08
1.19345831123333324e+00 1.35706423384999990e+01 8.57431992603298947e-08
6.61007600530333250e-01 1.35720056233000008e+01 8.57061380519229982e-08
7.31385111660666776e-01 1.35738528955000017e+01 8.57970531772037967e-08
4.24532267611333314e+00 1.35751689365666675e+01 7.37212768100270017e-08
1.11459781676666658e+00 1.35758092765999994e+01 8.58641114749828964e-08
3.20193646160666612e+00 1.35777093602666667e+01 7.76058941823281030e-08
5.46093613322666607e-02 1.35905082220333355e+01 8.54400693525664015e-08
1.08760501663266673e-01 1.35910551738666658e+01 8.54730116907682996e-08
2.69529954897666679e-01 1.35925024330666648e+01 8.55909769989488962e-08
2.15443456985333320e-01 1.35927403740666666e+01 8.55545442628328025e-08
3.82097211334333331e-01 1.35961759586333333e+01 8.57453731593861973e-08
4.38957362190000033e-01 1.35975375318333338e+01 8.58012489724826045e-08
1.73887306946333342e+00 1.35986352103666661e+01 8.47080308315003048e-08
3.89370627488666665e+00 1.35999321975333345e+01 7.57356461157534020e-08
5.49943509867666713e-01 1.36031173586666672e+01 8.60057798350732011e-08
6.35989736862999977e-01 1.36135137493999991e+01 8.60856577133031942e-08
5.91379927745666722e-01 1.36159454644666678e+01 8.62448081700469007e-08
1.87553723509000014e+00 1.36163753937333336e+01 8.43761172147931044e-08
1.32298283674333339e+00 1.36307102324666669e+01 8.64226907069407978e-08
8.44165140636333411e-01 1.36315180628666663e+01 8.66166556419283989e-08
7.95690571322666695e+00 1.36324122771000020e+01 6.73228463874333041e-08
2.98003795532333360e-01 1.36330316326333332e+01 8.59670232327292064e-08
1.89931033050666637e-01 1.36332849875666664e+01 8.58424536673274934e-08
7.69462024545333301e-01 1.36334101385666671e+01 8.65820633140001999e-08
1.35613443218966651e-01 1.36338768217333328e+01 8.58028057106420062e-08
2.70323376179666675e-02 1.36342226160999989e+01 8.57535291642857064e-08
1.23738661574666664e+00 1.36349812325999995e+01 8.65868705807484050e-08
9.97250693436666613e-01 1.36368931506999989e+01 8.67448049191909997e-08
3.54719507835000003e-01 1.36379582037666669e+01 8.60626068626626982e-08
1.07620895728666643e+00 1.36384530718000008e+01 8.67569664866916944e-08
4.69311968258666667e-01 1.36422165814999996e+01 8.62898553775508052e-08
5.18214850131333393e-01 1.36423113385666657e+01 8.63857535352158937e-08
6.47825314115999973e-01 1.36542491353333322e+01 8.67977081781496969e-08
2.16126598007666670e+00 1.36563379575666684e+01 8.39725089103815047e-08
6.03215504998666607e-01 1.36566808504000008e+01 8.67663861837633957e-08
1.59859026838666676e+01 1.36577933819333328e+01 6.24431705746687950e-08
1.38885716071666678e+01 1.36593886445333315e+01 6.37151101730927979e-08
1.54114631719999995e+00 1.36627022975999992e+01 8.64103798224079947e-08
2.72469694081000025e-01 1.36734533820333350e+01 8.62437377237633028e-08
2.18483429511666660e-01 1.36734687959666683e+01 8.61651906263072970e-08
2.31835792536333329e+00 1.36744538399333351e+01 8.34447228323721051e-08
1.07816587304166669e-01 1.36749917906666667e+01 8.60841320438052957e-08
5.33866220341666642e-02 1.36758845368666666e+01 8.60514516054020973e-08
4.54382484040666668e-01 1.36807948077333350e+01 8.66157145700320053e-08
3.76811055909999970e-01 1.36809131290333337e+01 8.64824711800095041e-08
1.46302645371666671e+01 1.36839933240666678e+01 6.35571453311117051e-08
6.64680562768666605e-01 1.36877570860333346e+01 8.72774013028058017e-08
7.46728873297666684e-01 1.36895329884333332e+01 8.72912479510685976e-08
5.43077895428000001e-01 1.36908208475666680e+01 8.69682238464709044e-08
1.67289112889999991e+00 1.36913065886333332e+01 8.61376276646558055e-08
8.52298042683000112e+00 1.36917625808000007e+01 6.81371470246047062e-08
5.86642132417333317e-01 1.36923622536000007e+01 8.70749386486969970e-08
4.18563130951666640e-01 1.36936558423000019e+01 8.67040264571176040e-08
8.78773854635666596e-01 1.36982171585333337e+01 8.75584242213751032e-08
2.00198732493333309e-01 1.37034152708000008e+01 8.63346625591010937e-08
9.54109831279999931e-01 1.37034158122666678e+01 8.76899049964599044e-08
7.00489345398333296e-01 1.37049918221666669e+01 8.74838356245883060e-08
1.11519243469333351e+00 1.37068741044666655e+01 8.77409040735122033e-08
1.19750959868666684e+00 1.37085692033666664e+01 8.77049916452610939e-08
2.65677589325999985e+00 1.37091896105666677e+01 8.23738823413448040e-08
1.28481804125533339e-01 1.37106034552666660e+01 8.63259082828701057e-08
2.99347326970666683e-01 1.37116347162333341e+01 8.65845786336863998e-08
1.65192750140666672e-01 1.37125033037333335e+01 8.64269578741097978e-08
1.37030454591333339e+00 1.37134145018333342e+01 8.76179194628421039e-08
2.63542844162000002e-02 1.37136369090333332e+01 8.63015940126699027e-08
3.46972976497000041e-01 1.37141678921000008e+01 8.67016646655109972e-08
4.82946990979333357e-01 1.37153923760333338e+01 8.70696654726625037e-08
2.83799440084999999e+00 1.37216177419333345e+01 8.15886250588757975e-08
4.45845403657666761e+00 1.37225542973000003e+01 7.56230088263582006e-08
4.85380753788666652e+00 1.37230209315333340e+01 7.38922559061387039e-08
5.22739520493999965e-01 1.37253236588000007e+01 8.72092446263355038e-08
6.44845351931666588e-01 1.37313207698999999e+01 8.76432614878979986e-08
4.28613069177999961e-01 1.37327039261666659e+01 8.70640396379015983e-08
2.13272767350000003e-01 1.37329551979333342e+01 8.66239839203390959e-08
6.11416730697666666e-01 1.37334942223999992e+01 8.75802947526399018e-08
1.47915439911666691e+00 1.37354064504333326e+01 8.75166833941034037e-08
1.75180988147666703e+01 1.37365246103333334e+01 6.21158535988537971e-08
7.83594228128333348e-01 1.37398184713666662e+01 8.80831414719894997e-08
3.37597132372333286e+00 1.37402438925333339e+01 7.94790599010083968e-08
1.23612191358666674e+01 1.37403178806666659e+01 6.52172284577355997e-08
1.10225821073200003e-01 1.37416321134666664e+01 8.65400710979759028e-08
1.78266784997333311e-01 1.37420432308666651e+01 8.66319810967893978e-08
4.64914029550666630e-01 1.37425794238999988e+01 8.72389548651141987e-08
3.73528864801000005e+00 1.37429877726333327e+01 7.78776071670421050e-08
4.55004357847666671e-02 1.37463847374999997e+01 8.65161107426863039e-08
2.79728889860666685e-01 1.37468916434666681e+01 8.67973041690183941e-08
1.93356902562666666e+00 1.37473256579666678e+01 8.62045465946427956e-08
8.40936093375333371e-01 1.37503947171666656e+01 8.82277886170408964e-08
3.67538551776666667e-01 1.37505620609666668e+01 8.70305583135915999e-08
2.39005329648000003e-01 1.37521564529333347e+01 8.67863974835712994e-08
7.00015665774999962e-01 1.37523839389666680e+01 8.80718632125948031e-08
8.16744180024333299e-02 1.37529754059000009e+01 8.66129385073268065e-08
4.07426569416000028e-01 1.37563553817666673e+01 8.71888782100615983e-08
1.04488853144666667e+01 1.37570166898666670e+01 6.75686114725296045e-08
9.80933272161333214e+00 1.37574980561999993e+01 6.79547749569936026e-08
5.73531835898666742e+00 1.37587407815666669e+01 7.24960303926768038e-08
6.66237226653999870e-01 1.37629734866666666e+01 8.81408257541927980e-08
1.16764549237333330e+01 1.37633600233333340e+01 6.70042944613064946e-08
5.38453579449999942e-01 1.37634254082999998e+01 8.76736208761440993e-08
1.67666132386000005e-01 1.37639743966666668e+01 8.67353496319602019e-08
1.36336114477000003e-01 1.37654631277333337e+01 8.67288821448350941e-08
9.92291226556666683e-01 1.37707745736000007e+01 8.87222123910301066e-08
7.25610749325333315e-01 1.37726046198000009e+01 8.84628178624808966e-08
1.07441556612000011e+00 1.37726729447000000e+01 8.87543020607792053e-08
6.02532174886333372e-01 1.37730048329999999e+01 8.79894495521288004e-08
4.79029738813999961e-01 1.37730532727333337e+01 8.75696432612026979e-08
1.91461513685666669e-02 1.37750874872000022e+01 8.67009577587792009e-08
7.62949783779333313e-01 1.37754979859333329e+01 8.84924470944330988e-08
2.07455258262666709e+00 1.37757895911666655e+01 8.60514176096595057e-08
6.19379117724333383e+00 1.37777029150666674e+01 7.19968694980182035e-08
3.07122811257333372e-01 1.37786029684666662e+01 8.70760664010932015e-08
3.47306823647000051e-01 1.37797402101000017e+01 8.71781292190851045e-08
1.23785172735000004e+00 1.37813836347333325e+01 8.88199419195998960e-08
5.72651653344333322e-01 1.37817408926333353e+01 8.80238680839665007e-08
5.12776759198666610e-01 1.37839679743666679e+01 8.77874985551987936e-08
9.13195684338999891e-02 1.37839763181000006e+01 8.67901798996843026e-08
2.28156651746000000e-01 1.37848846905666651e+01 8.69428598020263986e-08
1.91823436836666694e-01 1.37876146013666681e+01 8.69159611277040999e-08
1.24637994885333336e-01 1.37883071675333344e+01 8.68315551994510003e-08
4.24528725020333342e-01 1.37890261727333350e+01 8.74986063901122950e-08
1.74363605293666635e+00 1.37892522093666656e+01 8.78227697299396958e-08
1.32505045358000006e+00 1.37904999333333347e+01 8.88092353316276033e-08
6.62170363086666658e-01 1.37912489372999989e+01 8.84694598532977952e-08
4.59830934045666606e-01 1.37958485659666668e+01 8.76769259499001000e-08
6.31893932553000082e-01 1.37991068311333347e+01 8.84852653461048981e-08
8.57579422945666692e-01 1.38018526770333327e+01 8.90922909105323945e-08
3.74892764715333351e-02 1.38019418145666659e+01 8.68472778503469991e-08
7.17755831208999884e-01 1.38035440339333348e+01 8.88530521863249989e-08
7.34887113191999980e-02 1.38042399770666666e+01 8.68774933960292943e-08
2.91294592957666687e-01 1.38078945753999989e+01 8.72015216475374034e-08
2.53051993659000052e-01 1.38089114880333330e+01 8.71336698955366958e-08
7.72421969348333293e-01 1.38099150282999990e+01 8.91506929968968023e-08
3.68768969273000013e-01 1.38103178503666673e+01 8.74471745213963962e-08
1.44021649066666674e-01 1.38111623775000023e+01 8.69748062605242999e-08
6.88093884091333319e-01 1.38115988037333324e+01 8.88851176332007030e-08
1.79877073109000030e-01 1.38119585424000011e+01 8.70095329790976981e-08
5.23310022121333374e-01 1.38120178883333349e+01 8.80976799662548060e-08
4.06102853006999942e-01 1.38138104922000000e+01 8.76012198268379001e-08
5.74999783697999978e-01 1.38159022537666658e+01 8.83865456365864996e-08
7.12970140723000068e+00 1.38211304882333312e+01 7.08303318440556952e-08
7.41644924685333273e-01 1.38235430956666665e+01 8.92461011815389994e-08
4.76410482161999937e-01 1.38255911616000002e+01 8.79971839715521962e-08
5.51334972726333361e-01 1.38256366834000008e+01 8.83986655170781965e-08
6.29802557270999985e-01 1.38274823828666680e+01 8.88048837824107978e-08
1.86764978403666659e+00 1.38275310953333328e+01 8.75542732368151013e-08
1.83431251029666682e-02 1.38275864626333345e+01 8.69593457325208017e-08
1.51575271779999987e+00 1.38286887818333337e+01 8.90784956128461061e-08
2.38843165843333338e+00 1.38296999467000017e+01 8.55346711164926950e-08
7.94390461642333290e-01 1.38297987935666669e+01 8.95118418892863984e-08
8.25669030146333305e-01 1.38302084741666675e+01 8.95377114611685056e-08
5.06142549853000001e-01 1.38308457823333324e+01 8.81812995601339015e-08
9.24581333852999981e-02 1.38322063654999994e+01 8.70217982182560037e-08
3.14789685768333327e-01 1.38346175158666682e+01 8.74186944745108996e-08
1.29672644681333327e-01 1.38347979165000012e+01 8.70549962366494974e-08
9.55971896678666666e-01 1.38349725628999991e+01 8.97164129942362023e-08
6.02788929958000042e-01 1.38355417458666654e+01 8.88014388098000949e-08
3.52080049693999975e-01 1.38359035491999993e+01 8.75407848402350051e-08
2.40262564627333391e-01 1.38359408199000011e+01 8.72291220276098981e-08
2.03420858986666703e-01 1.38362579634666663e+01 8.71735068543695016e-08
8.97781367668000096e-01 1.38373067364000004e+01 8.97662816362366998e-08
6.84154667172333419e-01 1.38404308911666671e+01 8.92540544013012979e-08
1.11188515357666673e+00 1.38414487134666668e+01 8.98680206468105986e-08
4.25942870122666628e-01 1.38435989004333333e+01 8.78826505537860061e-08
6.56139770885666662e-01 1.38484565764666669e+01 8.92714556756407027e-08
1.19300415081333333e+00 1.38484643046000002e+01 8.99212468270765009e-08
4.60948290252333359e-01 1.38485571765999982e+01 8.80763172627588044e-08
7.37091800610333414e-01 1.38518933923666676e+01 8.96595355798597942e-08
5.52143610233333249e-01 1.38521716786333329e+01 8.86418479721894980e-08
3.75058129242333352e-02 1.38535951746000023e+01 8.70735917524171052e-08
5.24529771579000048e-01 1.38551627694999997e+01 8.85264307789527993e-08
7.61288300892333325e+00 1.38552730202999985e+01 7.12701071031253018e-08
2.55685341759666640e+00 1.38553031943000011e+01 8.50550616588400000e-08
7.56213863589000057e-02 1.38559169149666683e+01 8.70942274319656026e-08
3.00999099730666686e-01 1.38593998813666683e+01 8.74923795118453062e-08
2.64714577888333302e-01 1.38597062727666653e+01 8.74028250517719034e-08
1.52576219335333330e-01 1.38600317594666667e+01 8.71904844161078046e-08
1.90469009598333322e-01 1.38606956415333329e+01 8.72410870905096044e-08
7.09263490215000125e-01 1.38607264180666672e+01 8.97052495933200021e-08
3.72510751595333367e-01 1.38621738738333331e+01 8.77577896479496052e-08
6.02585132058333306e-01 1.38639942614999985e+01 8.91043041542231989e-08
7.87580075675999969e-01 1.38640311213666667e+01 9.00171750120174959e-08
4.09039688289999981e-01 1.38663765832333326e+01 8.79394898118071014e-08
8.37681138454999918e-01 1.38674457006666660e+01 9.01997443415518993e-08
1.36382274753000021e+00 1.38698110650666653e+01 9.01187358734833967e-08
5.75604623305333352e-01 1.38708897646333327e+01 8.90387665132724975e-08
7.61058459307000112e-01 1.38724976527999999e+01 9.00884580124430988e-08
1.69540702656666653e+00 1.38726327807999983e+01 8.91969422815609938e-08
6.54480411940333351e-01 1.38766228101999989e+01 8.96256641730374988e-08
1.91626878212666669e-02 1.38780301433333335e+01 8.71437141695807052e-08
4.82817567200333364e-01 1.38786526385666686e+01 8.84155109361316002e-08
5.16666980835999934e-01 1.38800036107333327e+01 8.86448669813869056e-08
8.75373737276333386e-01 1.38812790638666659e+01 9.04675514077953955e-08
1.59791794474333337e+00 1.38815054378999978e+01 8.98422724743995944e-08
3.23465728583999967e-01 1.38830914307000004e+01 8.76685479068838059e-08
6.27939400426000049e-01 1.38841011322333330e+01 8.95931865998626055e-08
8.13042124962333301e-01 1.38841626522666672e+01 9.04171441729684039e-08
3.57687016522999945e-01 1.38845793898333323e+01 8.78027981096785018e-08
9.79668978772666593e-02 1.38846836797333335e+01 8.72081406503378951e-08
2.92444440862666655e+00 1.38850880209666681e+01 8.36323359956626010e-08
1.44567515854666673e+00 1.38860079649666659e+01 9.02196177818593969e-08
1.37707219557666655e-01 1.38862069732333335e+01 8.72497662230988055e-08
2.53343698494666647e-01 1.38862984270999998e+01 8.74634484713043959e-08
2.15939835845333356e-01 1.38869706523000005e+01 8.73868072515448053e-08
7.05860553111333444e-01 1.38896079152333343e+01 9.01248962330008053e-08
4.26892520313000012e-01 1.38932335716666682e+01 8.81535385780388030e-08
3.19647855998333341e+00 1.38939976049666658e+01 8.22829498017745971e-08
6.79092371123333316e-01 1.38974786220666662e+01 9.01378145102123966e-08
9.96015484661999850e-01 1.38976378726000007e+01 9.08183063075812060e-08
5.75270990845666685e-01 1.38979582604000012e+01 8.92609137526315055e-08
4.65664979093666664e-01 1.39005513508333323e+01 8.84438875863163994e-08
1.06980440199666682e+00 1.39022156520666655e+01 9.08931185980349035e-08
7.56931517423333311e-01 1.39025002832000002e+01 9.05615003119999936e-08
2.13311927121666667e+00 1.39030849643666681e+01 8.80121057435312034e-08
3.69914795899666665e-02 1.39038852787000007e+01 8.72209625413012010e-08
5.43947187030666690e-01 1.39040810156333325e+01 8.90979852400246064e-08
3.12419051133999981e-01 1.39041254393999996e+01 8.77014156520168946e-08
3.91483239368333358e+00 1.39049212214666653e+01 7.98764039918879024e-08
2.78581542886999989e-01 1.39070260444000002e+01 8.76067030164333982e-08
3.75193281437999959e-01 1.39071210245333337e+01 8.79617287574911983e-08
7.76801162112999988e-02 1.39082170747333347e+01 8.72532452131874023e-08
1.61611030334666672e-01 1.39088713628666678e+01 8.73498833027263961e-08
2.01950856359333325e-01 1.39089711598666668e+01 8.74186309878504985e-08
4.28638138102333333e+00 1.39092510071000017e+01 7.84300530959595968e-08
7.29561921622999932e-01 1.39107775199333332e+01 9.06130738443379057e-08
4.07869848533333357e-01 1.39115724969666683e+01 8.81548059441349034e-08
6.27765963140999972e-01 1.39120166210666678e+01 8.99242193915649007e-08
8.10188789105333318e-01 1.39147763487666669e+01 9.09347522078278984e-08
6.02078062313666673e-01 1.39189782460999982e+01 8.98224168469125053e-08
1.22863254717666681e+00 1.39218357982666685e+01 9.11661502383721960e-08
7.80599797935333406e-01 1.39246474482666667e+01 9.10319801260347019e-08
5.06791287795666623e+00 1.39248339074666649e+01 7.64726927193097958e-08
8.77877685321000079e-01 1.39257710260999996e+01 9.12962936771078047e-08
6.76926864893333424e-01 1.39260693385333330e+01 9.05649966798585967e-08
1.78287917686999996e-02 1.39272027562999998e+01 8.72607298339691045e-08
3.35134704967666675e-01 1.39276088309333321e+01 8.78482942903977960e-08
4.81238148223000095e-01 1.39290540315000015e+01 8.86536380592084018e-08
3.63687647332666675e-01 1.39291164569333343e+01 8.79753201767067972e-08
5.46534525703666674e-01 1.39321016631333325e+01 8.92508750280587004e-08
2.79011202101333289e-01 1.39324419303666662e+01 8.76589652126757949e-08
6.52141468425333382e-01 1.39331290155000005e+01 9.05400738203225066e-08
2.18354694145000000e-01 1.39339725049999998e+01 8.75044517439906965e-08
1.56616578185999972e-01 1.39339833767333321e+01 8.73909238324301027e-08
1.31225241766333345e+00 1.39340662601333332e+01 9.12626741740711039e-08
9.09909413230999969e-02 1.39353585072333317e+01 8.73127311578797012e-08
4.19752173359333292e-01 1.39355974037999975e+01 8.82741692205074034e-08
1.87616665656333326e+00 1.39365875105333341e+01 8.99555846711539025e-08
2.28990640173666682e+00 1.39388794375333358e+01 8.77923398619005941e-08
7.25625982545333392e-01 1.39401016547666661e+01 9.10982722242162057e-08
5.48893691528666761e+00 1.39423502563333326e+01 7.57495842208596982e-08
8.37331750642666628e-01 1.39425513593999995e+01 9.14614631517160942e-08
5.18954184778000038e-01 1.39428830679666671e+01 8.90947137600991989e-08
2.53071841298666611e-01 1.39448199780333315e+01 8.76247643340155013e-08
3.17005265440000017e-01 1.39454693827666674e+01 8.78313902988504947e-08
1.27070706907399994e-01 1.39457053280000007e+01 8.73785180448845038e-08
4.54348014268333322e-01 1.39457611591666666e+01 8.85611109743586984e-08
6.05616271982999943e-01 1.39461592471333322e+01 9.01009884922593020e-08
3.91232161355666685e-01 1.39470739887666664e+01 8.81765144337482941e-08
6.99759107803666680e-01 1.39475227665333321e+01 9.11228950542692994e-08
1.91234788851999987e-01 1.39493008049333316e+01 8.74845526583568033e-08
9.66335202373999835e-01 1.39494992221999983e+01 9.16835415133805994e-08
3.24661058461666666e-02 1.39495258509666655e+01 8.72981094754350970e-08
5.81396539187999939e-01 1.39531599089333316e+01 8.99159841071271991e-08
6.49396187792333351e-02 1.39533498058666652e+01 8.73247078568803061e-08
7.75249927972333275e-01 1.39545865354999989e+01 9.15500241513294011e-08
9.12204451261333205e-01 1.39555763518999996e+01 9.18363220209014042e-08
8.62389931493999917e+00 1.39578360882666672e+01 7.07508301350675046e-08
1.77037266510333335e+00 1.39604617318000006e+01 9.06270779048675987e-08
6.51922530922000032e-01 1.39611645107333331e+01 9.09961486486934963e-08
7.47645708382666641e-01 1.39617635052666671e+01 9.16065510266218949e-08
1.48193531772999987e+00 1.39651156530666665e+01 9.15660440564188016e-08
6.31085235306999892e-01 1.39672331173333344e+01 9.09508187721487031e-08
1.57023261662333335e+00 1.39699495771666680e+01 9.13896323516959031e-08
1.10140531683666665e+00 1.39702265454999992e+01 9.21024352684636014e-08
3.28722020313333363e-01 1.39710823325666667e+01 8.78840276663545992e-08
3.96988566456333347e-01 1.39711793125666670e+01 8.82057701267589060e-08
4.64953624428333379e-01 1.39726628250666653e+01 8.86339440339035989e-08
5.30394306648000025e-01 1.39729858021333317e+01 8.92099016279052998e-08
1.46373140774666653e-02 1.39729969051333338e+01 8.73164946909277044e-08
2.62413749023333309e-01 1.39732725113666660e+01 8.76609568737494971e-08
1.96993182418333301e-01 1.39736408644666668e+01 8.75079453298278046e-08
8.27458543476333297e-01 1.39739638552333343e+01 9.20129799535213947e-08
1.31567255471399996e-01 1.39742576583333342e+01 8.74035096601860010e-08
7.94965711975999967e-01 1.39761279318333322e+01 9.20207230730746987e-08
6.97269869022000055e-01 1.39762249460999985e+01 9.16427017099876977e-08
6.97034196031999925e-02 1.39768208600333335e+01 8.73456895930763002e-08
5.92754540231666627e-01 1.39778828821999994e+01 9.00745801840955993e-08
6.74218688608333339e-01 1.39828070133333338e+01 9.16650543811765040e-08
1.17911446477999982e+00 1.39828311005666652e+01 9.22835112634606058e-08
3.67541044503666647e-01 1.39845749190666666e+01 8.80865226200540046e-08
5.03283880252999971e-01 1.39860584315666667e+01 8.90036566064913963e-08
3.00069864699333333e-01 1.39865074135000000e+01 8.78029356950483941e-08
4.36114188620000010e-01 1.39866043935000004e+01 8.84773686083890015e-08
2.33454995435999985e-01 1.39867650978666660e+01 8.76034115009869960e-08
1.66871520316333344e-01 1.39868757666000008e+01 8.74668330703741059e-08
5.69332648617333348e-01 1.39869273705666668e+01 8.98058033340215039e-08
1.00251290711066657e-01 1.39873818917333335e+01 8.73790835925107974e-08
3.72299066701333309e-02 1.39894389683000000e+01 8.73339512924632984e-08
7.43464197270000127e-01 1.39909850137999996e+01 9.21507291418611032e-08
6.32857728147333432e-01 1.39945194017666665e+01 9.15210678687977973e-08
7.18955232651000031e-01 1.39980253428666668e+01 9.22142758593834943e-08
6.18746765866999948e-01 1.39981685048333322e+01 9.14893844428681022e-08
1.94821240450666657e+01 1.39981777780666672e+01 6.59167511465385037e-08
6.36707450032999933e+00 1.40038052209333319e+01 7.46185582143172022e-08
7.88957046375000082e-01 1.40053552517999993e+01 9.25777109534802961e-08
9.05106149309333308e-01 1.40069481079333329e+01 9.27753828077764026e-08
8.37590645556666735e-01 1.40083873778666668e+01 9.27856222567110957e-08
9.89726139149999962e-01 1.40090405024666662e+01 9.28339028064972041e-08
1.34942754230666662e+00 1.40103566681000000e+01 9.26274181478221059e-08
6.72742785916666697e-01 1.40112504595666678e+01 9.22673288471731977e-08
2.05863647286333329e+00 1.40116153737666664e+01 9.03457909891271046e-08
7.65059751258666765e-01 1.40130353639999985e+01 9.26657487831016961e-08
6.52219121070666596e-01 1.40168942414000011e+01 9.22957312092794991e-08
1.94032482640333348e+00 1.40177764698666660e+01 9.10228356545069021e-08
6.17917466845333330e-01 1.40238796598666653e+01 9.24442473240151955e-08
1.34903760326666671e+01 1.40243373767333335e+01 6.90126010554233965e-08
1.05100733627799992e+00 1.40251900462999988e+01 9.31488150684665993e-08
1.43725803135666652e+00 1.40252091611333327e+01 9.26687521542154981e-08
8.68555387184666738e-01 1.40265634709333327e+01 9.31005322864198011e-08
7.15957530284333288e-01 1.40266474965666674e+01 9.28046695267301976e-08
8.10905414428666815e-01 1.40278417520666654e+01 9.30211875274006041e-08
2.63251726097999983e+00 1.40289854974333341e+01 8.75747514326494063e-08
1.27599639515666663e+01 1.40325362519999999e+01 6.98536922269036946e-08
6.92796263963666559e-01 1.40332905460333333e+01 9.28732517989191046e-08
6.81916861623999981e+00 1.40389013639000009e+01 7.50264557739428935e-08
9.48366455236666628e-01 1.40399361091333343e+01 9.33777761689632989e-08
7.60944739377333312e-01 1.40425371607000002e+01 9.32649177243387012e-08
1.72364052924666677e+00 1.40448429276999978e+01 9.22569851267348054e-08
1.62098956258999993e+00 1.40454581159666674e+01 9.26516832489512976e-08
1.07595982030333328e+01 1.40462069203999977e+01 7.16780023434714058e-08
2.81888974441999984e+00 1.40463421927333343e+01 8.69016095064955044e-08
6.50167640670999969e-01 1.40463431187666661e+01 9.30801786777022012e-08
7.36351483022000042e-01 1.40491089642000002e+01 9.33540059036654063e-08
6.29976948726000074e-01 1.40496794341666682e+01 9.31505128949179049e-08
9.54379106033999847e+00 1.40517585336333326e+01 7.21254872257777955e-08
1.13980493462666654e+01 1.40527530967000018e+01 7.08934649384456964e-08
1.58316657304333344e+01 1.40549528542666664e+01 6.68936749747439944e-08
2.32318404121000022e+00 1.40558532553000006e+01 8.99056362014410985e-08
3.36537818726333349e+00 1.40582838596666662e+01 8.45304753961879936e-08
8.08568902048000027e-01 1.40586421083666639e+01 9.36600498353380944e-08
1.20954217507000017e+00 1.40597175654999997e+01 9.36849091132684971e-08
6.89404592022333396e-01 1.40609641516666670e+01 9.35219017972407972e-08
7.82505522112999952e-01 1.40656574048000014e+01 9.37898921919545007e-08
3.72441469667666647e+00 1.40664635960666669e+01 8.30088247907255942e-08
1.50193124930333326e+01 1.40673245330999990e+01 6.87894329295305948e-08
6.67299633575666795e-01 1.40683729425666666e+01 9.36278035022569043e-08
8.67232754787666704e-01 1.40689623622666673e+01 9.39257703943537012e-08
1.29623538211000011e+00 1.40750126711666663e+01 9.38782856130632998e-08
6.22059481880666620e-01 1.40757997743000001e+01 9.38259476156387022e-08
7.32117840639999962e-01 1.40779072023333338e+01 9.39806181827315065e-08
8.33931500778999912e-01 1.40815866255000000e+01 9.41917712705813038e-08
9.41698343236999968e-01 1.40820052775999986e+01 9.42204255578610995e-08
7.08332215961000045e-01 1.40831193403333330e+01 9.40711454570710012e-08
4.45684010864000069e+00 1.40845664360999994e+01 8.07854550389077053e-08
8.97115404912666725e-01 1.40914161677333336e+01 9.44424953337662938e-08
1.07362632064466657e+00 1.40920019596333344e+01 9.44062681961821987e-08
6.66991754005666682e-01 1.40941722505333331e+01 9.43321714698256960e-08
7.77455395255333248e-01 1.40958026081999979e+01 9.44294557508030040e-08
4.84301810426333290e+00 1.40996827022333324e+01 7.98893003282780060e-08
7.51660970137666751e-01 1.41014806022333321e+01 9.45300629282829945e-08
6.32129081759666644e-01 1.41023196773999988e+01 9.45303809674525000e-08
6.52011894134666647e-01 1.41081160032999993e+01 9.46202379574212016e-08
7.76849942533000171e+00 1.41085419667999989e+01 7.40554047869556996e-08
9.03721818510000041e+00 1.41096400943999996e+01 7.43003443892643016e-08
7.03866798788999937e-01 1.41099594978333318e+01 9.46743280488569960e-08
1.47309607126333364e+00 1.41131327650000014e+01 9.42875468590724994e-08
8.30187981606000047e-01 1.41134846936333336e+01 9.48484852455037936e-08
6.84631295280333396e-01 1.41136036171333306e+01 9.47637506177692993e-08
1.15445201149333321e+00 1.41139249237666675e+01 9.47914737236697984e-08
7.99775256017333347e-01 1.41206853799000012e+01 9.50023705474401051e-08
6.20069599878999900e-01 1.41265199030999984e+01 9.50864102183758937e-08
2.12365394850333322e+00 1.41275966459333322e+01 9.23308894868534970e-08
9.65389998032000096e-01 1.41276207263333333e+01 9.52155441880934041e-08
1.56853030360333334e+00 1.41285477957333327e+01 9.43134522020077004e-08
2.41944118371000005e+00 1.41289784612000009e+01 9.10256166087541029e-08
1.89401552568000020e+00 1.41298788692666673e+01 9.32852799607536956e-08
7.45432317510000053e-01 1.41300908891666666e+01 9.51630321942811018e-08
8.89661922329666677e-01 1.41304262175333335e+01 9.52291888098382935e-08
1.78312521998333318e+00 1.41330711058333325e+01 9.37620202139706034e-08
7.21423770840333378e-01 1.41333576467666671e+01 9.52358310032980971e-08
6.60457639999666557e-01 1.41353269306333331e+01 9.53273032539931966e-08
2.23141438633000044e+00 1.41360400543000022e+01 9.20772942704167034e-08
6.80087063275999992e-01 1.41373715017666655e+01 9.53300352455785967e-08
8.56035753031666680e-01 1.41398704802000008e+01 9.54325660177302977e-08
1.02280154683300006e+00 1.41412511276333337e+01 9.54523411262597034e-08
1.32828963218999996e+00 1.41442121162333336e+01 9.51715945814206036e-08
1.75486172425333358e+01 1.41444519846000016e+01 6.53743034060085947e-08
2.54619760630333358e+00 1.41509388416333337e+01 9.01112685465470941e-08
7.92790830502666632e-01 1.41514543670333328e+01 9.56545038504289958e-08
8.21344101774333346e+00 1.41517547310666671e+01 7.54819261590249005e-08
5.66415744480666650e+00 1.41523337044666651e+01 7.84237856690367975e-08
6.30509962896333320e-01 1.41530068129666660e+01 9.57505762772128985e-08
7.64242317112999836e-01 1.41551818822666675e+01 9.57500273379330049e-08
6.51015190641999975e-01 1.41560175146000002e+01 9.57601749051967023e-08
9.27447276720999914e-01 1.41584612519000004e+01 9.58689723238632996e-08
7.14230014230333388e-01 1.41594177983666665e+01 9.58182351393936018e-08
6.92128810174666653e-01 1.41597875340666661e+01 9.58622251007032944e-08
1.41731983229333314e+00 1.41674797170333324e+01 9.54566153806597022e-08
8.47415716895000060e-01 1.41752819911666688e+01 9.61992535361362054e-08
6.20440363017333296e-01 1.41764869098666679e+01 9.62641357581189005e-08
1.16826610783666673e+00 1.41789228094666679e+01 9.60953452809668062e-08
8.14583519954666713e-01 1.41796651917333350e+01 9.63052436587769060e-08
6.62362097977999942e-01 1.41822601710000011e+01 9.63990915996073982e-08
7.55316683606333306e-01 1.41833846172333349e+01 9.63633499538383056e-08
6.83846294234333296e-01 1.41839856193333329e+01 9.63911274213005065e-08
7.29312927393333310e-01 1.41843537757333333e+01 9.64088978827328020e-08
6.08382221159333270e+00 1.41948265355666674e+01 7.87357143799762993e-08
9.20127515132000084e-01 1.41996214276333319e+01 9.67369176819932937e-08
6.31091206282666684e-01 1.42031152047999996e+01 9.69023971984195993e-08
1.28858676051000010e+00 1.42052837623333321e+01 9.65612430168009993e-08
6.52507713497666675e-01 1.42058777643000003e+01 9.69063399864226940e-08
8.73722124604000006e-01 1.42069979042333330e+01 9.69345346120663033e-08
1.04586505423499987e+00 1.42076826071666655e+01 9.68244918358850954e-08
6.96516562194333333e-01 1.42096018908000001e+01 9.70001129583826984e-08
2.90729234778666656e+00 1.42097101227333340e+01 8.94452374530892036e-08
7.19881991297666612e-01 1.42103397829000002e+01 9.69811062958343044e-08
7.72529002311333368e-01 1.42103417232666676e+01 9.69969004041322962e-08
8.03247325269999979e-01 1.42103498130000006e+01 9.69578728362189034e-08
3.18174663927333334e+00 1.42127422056666664e+01 8.79200245320985968e-08
1.22579420352333313e+00 1.42157395353000009e+01 9.69300425031800963e-08
1.61960623712333351e+00 1.42198091630666656e+01 9.60483610480400958e-08
1.11050392439000012e+00 1.42234313248666666e+01 9.71607424598759943e-08
1.73155018684666673e+00 1.42249476614333332e+01 9.56988837564543024e-08
6.20650843265333374e-01 1.42266282949333345e+01 9.74081021839115064e-08
1.95301246934999995e+00 1.42275241786666644e+01 9.49673892382384993e-08
2.06433924571333360e+00 1.42314030514333325e+01 9.45330390702408021e-08
6.63869904839333280e-01 1.42330009737666661e+01 9.75506805238644024e-08
6.86394557279666695e-01 1.42349996519333342e+01 9.75544498297062022e-08
3.89212271817333288e+00 1.42355626189666662e+01 8.55240925830106947e-08
9.49329426199000070e-01 1.42356898706666666e+01 9.75777319228089967e-08
7.34153207283999909e-01 1.42365563676000004e+01 9.76063317774377063e-08
7.60796462084666669e-01 1.42375274664666680e+01 9.75839144276943060e-08
1.41768105559333346e+00 1.42446763892333337e+01 9.71830116973897980e-08
8.21196739443000090e-01 1.42449137659333331e+01 9.77552765355483992e-08
8.58839341836666659e-01 1.42459450577333318e+01 9.77703666726863017e-08
1.00363481443899993e+00 1.42468447933333326e+01 9.76761523101433001e-08
2.28174766697999987e+00 1.42489294296999986e+01 9.39179136539951938e-08
4.25299914279666691e+00 1.42493356733666658e+01 8.43551053825993034e-08
2.38225088773666682e+00 1.42494623323666669e+01 9.34143631878194960e-08
6.30896478498333302e-01 1.42535384760666659e+01 9.80438612936604992e-08
6.52699032857333328e-01 1.42571485954000021e+01 9.80615511573758966e-08
6.98887382595666629e-01 1.42622080625666658e+01 9.81936314084513943e-08
7.23280603496666674e-01 1.42630268861333338e+01 9.81863937046387938e-08
7.74817094583333366e-01 1.42635077719333339e+01 9.82079953018056974e-08
1.33884268988000010e+00 1.42640493325666657e+01 9.77582657167874995e-08
8.04499048983000065e-01 1.42708859816666660e+01 9.82857297482582983e-08
6.20245635233000026e-01 1.42769101811333332e+01 9.85369792266526039e-08
1.20484435619666663e+00 1.42794440363666677e+01 9.82808819222620959e-08
9.28185401934333298e-01 1.42800977720333346e+01 9.85182556437744025e-08
1.13689033835999997e+00 1.42813120076333337e+01 9.84304978428836950e-08
8.84100708099999966e-01 1.42829764824999987e+01 9.86175475473889024e-08
5.00141352229333336e+00 1.42835967358000016e+01 8.24764414204059057e-08
6.95998533075000125e+00 1.42862570110333351e+01 7.79112786190643043e-08
6.62761417268333264e-01 1.42870245532000002e+01 9.87677633609863990e-08
6.86425114566333261e-01 1.42900853421999994e+01 9.88080509782901950e-08
7.63029350402333328e-01 1.42907129401666655e+01 9.88062578807901060e-08
7.38136114116333286e-01 1.42912031532333330e+01 9.88461381004851942e-08
6.28679939780666608e-01 1.43017163679666677e+01 9.91213115336596034e-08
2.57516098638333357e+00 1.43017235343666673e+01 9.34971596703318964e-08
8.08769880810999986e-01 1.43027209540666664e+01 9.91317458615156013e-08
1.00964591271866655e+00 1.43029359249666665e+01 9.90442285636245010e-08
1.56995700642000013e+00 1.43033678075333341e+01 9.78660249867097047e-08
1.47355261093999990e+00 1.43044030573666650e+01 9.83358898438140986e-08
6.49393167456999931e-01 1.43082206206999984e+01 9.91923277965319040e-08
7.80923157476666741e-01 1.43143837082999994e+01 9.93502504929857946e-08
6.98160496493666627e-01 1.43163275159333327e+01 9.94116632571687969e-08
7.25478275142666718e-01 1.43166265034000020e+01 9.94202699521717019e-08
9.58640797118999965e-01 1.43183582712999993e+01 9.93795459811172944e-08
5.40152882550666646e+00 1.43187313891666665e+01 8.23620391236817946e-08
1.78877180626333332e+00 1.43214587547666667e+01 9.75589081229422968e-08
7.42613453814666702e+00 1.43217550818666677e+01 7.89746539855139959e-08
8.68467852288333231e-01 1.43232271171333334e+01 9.94907214026166051e-08
1.31395044646333337e+00 1.43245171522000003e+01 9.90600393543800935e-08
6.18434304547666680e-01 1.43248061868333334e+01 9.96262889794276056e-08
1.89934378306999996e+00 1.43272275085666649e+01 9.71514928498179971e-08
1.04640486346999992e+01 1.43272383273666666e+01 7.62986798209618033e-08
8.31795809082333304e-01 1.43274535287333347e+01 9.96543501915174971e-08
1.24274466976666664e+00 1.43294560830333335e+01 9.93310208307963953e-08
9.88779408485999944e+00 1.43323085742666674e+01 7.70165770813275986e-08
1.10889108658333346e+00 1.43330549379333334e+01 9.95654554197776980e-08
6.51489114059666696e-01 1.43387460498333326e+01 9.99940486732391943e-08
7.77848143418000126e-01 1.43394327529000005e+01 9.99405924673725941e-08
2.12106704151333370e+00 1.43395206110999993e+01 9.65014032991610961e-08
1.04822875740800003e+00 1.43409645288666656e+01 9.98320859338718048e-08
7.35523236987000062e-01 1.43412490721333317e+01 1.00014587147137005e-07
6.89126175432000054e-01 1.43426091655000008e+01 1.00074062399199005e-07
1.17314586756666674e+01 1.43469295525666656e+01 7.58324099673155979e-08
2.23071502495333318e+00 1.43486035809999990e+01 9.60497226825896008e-08
6.30775886383333373e-01 1.43489084637666675e+01 1.00158050609996996e-07
7.57712855459000134e-01 1.43492599140666695e+01 1.00187465484378003e-07
1.24086090688333339e+01 1.43497548505333352e+01 7.53684574598816962e-08
2.45130516695333345e+00 1.43501100974666667e+01 9.49292432481843963e-08
6.67929820981333244e-01 1.43535258160333328e+01 1.00242689146116998e-07
1.38630481417000002e+01 1.43592279855333320e+01 7.45213605066915935e-08
9.42824694910666672e-01 1.43608669959666670e+01 1.00307910160222997e-07
8.21658771562333357e-01 1.43625228098333313e+01 1.00439580338249005e-07
7.95557829232333424e-01 1.43628392797666660e+01 1.00482156999227995e-07
8.96736443914333381e-01 1.43628571313333335e+01 1.00422236213703005e-07
7.22348503557333377e-01 1.43653174906999990e+01 1.00571747145778001e-07
7.03269220651333349e-01 1.43669765715333337e+01 1.00599774120558002e-07
2.82610653881666707e+00 1.43697786703666690e+01 9.32080411925714977e-08
6.22341581835666680e-01 1.43741022769333338e+01 1.00775528585294006e-07
1.46502916720666665e+01 1.43776104623666665e+01 7.41354582992022015e-08
7.59788579381333373e-01 1.43781812405666667e+01 1.00854584595335001e-07
3.35024541350333349e+00 1.43782906854666663e+01 9.06780518146901980e-08
1.43643218356000002e+00 1.43851785300666677e+01 1.00150203384640006e-07
1.35566838479666640e+00 1.43859196815666674e+01 1.00349727099864997e-07
1.21412324389666648e+00 1.43864390881666679e+01 1.00594137885087002e-07
6.70142631958333346e-01 1.43869541803000001e+01 1.01121783754892999e-07
7.81574977145666594e-01 1.43871308021000015e+01 1.01061972710042004e-07
7.38917297518666749e-01 1.43878564309999977e+01 1.01079486596223002e-07
8.36116106074999976e+00 1.43878897321666681e+01 7.85463093991607062e-08
1.14822367854999996e+00 1.43881699718000018e+01 1.00772362993615003e-07
8.84562440146000029e+00 1.43882084547333324e+01 7.86366425628799059e-08
3.70158498299000049e+00 1.43929313623666655e+01 8.91639775574818012e-08
6.92657323018333382e-01 1.43937235621333333e+01 1.01209621391472998e-07
8.37928437201666654e-01 1.43976076634000005e+01 1.01256880104564000e-07
1.02771253840133348e+00 1.43983863887333339e+01 1.01125688091681994e-07
2.67161409497666691e+00 1.43984290756333326e+01 9.46582469469394034e-08
6.31988173096666661e-01 1.43985108498333343e+01 1.01351422363597999e-07
8.76334066347666751e-01 1.44021683965000005e+01 1.01310116457435997e-07
9.73313591503666697e-01 1.44028665095000008e+01 1.01285333277333000e-07
1.62732536633333336e+00 1.44037876788333339e+01 9.99927971102726971e-08
6.54914211750000086e-01 1.44051101335000009e+01 1.01463101018656995e-07
1.62717730598999992e+01 1.44076966758666671e+01 7.32911963023517066e-08
7.88179962823666536e-01 1.44114409604000002e+01 1.01641458954334006e-07
7.32475402289666788e-01 1.44134033376000019e+01 1.01700577252786997e-07
1.73419621645333333e+00 1.44167401277000007e+01 9.97181707748158988e-08
7.05294710695333227e-01 1.44176113879000010e+01 1.01800121141701003e-07
8.18432480549666663e-01 1.44222342916333357e+01 1.01803429862043995e-07
1.69507356941000005e+01 1.44241980995999999e+01 7.31448630913569935e-08
6.19646591260999968e-01 1.44244085729000009e+01 1.01956074121489003e-07
4.41336026216333366e+00 1.44253470075666659e+01 8.71892134289625042e-08
1.95677155676666659e+00 1.44299289716999990e+01 9.91851497956997949e-08
7.73066845070333297e-01 1.44354496596333348e+01 1.02213689081197003e-07
7.48246703780333200e-01 1.44367501451333329e+01 1.02241605153310005e-07
2.06716803884666689e+00 1.44383432014666671e+01 9.87588886861860974e-08
6.56290284942000035e-01 1.44384105134666658e+01 1.02339691251252994e-07
1.12064933248333332e+00 1.44415133785999998e+01 1.01995632022180998e-07
1.24952331545333339e+00 1.44428290833999995e+01 1.01834140251516999e-07
6.98131174982333458e-01 1.44429866129666653e+01 1.02423303255964004e-07
1.06080052151000004e+00 1.44438202045999997e+01 1.02154660808491004e-07
4.77559664603666700e+00 1.44444918038666668e+01 8.65326050911552054e-08
8.97281132987666652e-01 1.44472074159000012e+01 1.02357896093383995e-07
1.31986267965666659e+00 1.44472486076333322e+01 1.01751405209491003e-07
6.33364246288666610e-01 1.44484778964666649e+01 1.02515063436637006e-07
9.48172407147333307e-01 1.44498956642666680e+01 1.02391396062807004e-07
6.18692100508333365e+00 1.44516433492999994e+01 8.20176959991654039e-08
8.18402156485666610e-01 1.44526078681999994e+01 1.02627962415840005e-07
6.74336430863666680e-01 1.44535821577333312e+01 1.02626228051699994e-07
2.29102210980666676e+00 1.44575483268333329e+01 9.81468973868219961e-08
1.47785646515666680e+00 1.44580955095666663e+01 1.01726692645184006e-07
2.41110903104999963e+00 1.44585219406333323e+01 9.73899407677609019e-08
7.88670482898333192e-01 1.44603084365666685e+01 1.02802330549392997e-07
7.37170186113666581e-01 1.44647793278333339e+01 1.02924979170591000e-07
7.14235348909999956e-01 1.44668077453666655e+01 1.02975023552584004e-07
6.23717655027666740e-01 1.44740693235666669e+01 1.03164465579163002e-07
8.36370761873999946e-01 1.44747806372000003e+01 1.03143262601540005e-07
1.57234525244999990e+00 1.44777399081666669e+01 1.01713018869917003e-07
8.73435957526666584e-01 1.44801163113666664e+01 1.03119497663526000e-07
1.80797138054999991e+01 1.44816532079666658e+01 7.33025518445247938e-08
7.79181732613666633e-01 1.44858975700333321e+01 1.03425486897526001e-07
6.76687772716000002e-01 1.44869878244333332e+01 1.03514084135959002e-07
7.52501577118999898e-01 1.44890679757999994e+01 1.03509808426713001e-07
1.15258843002666667e+00 1.44925901162333322e+01 1.03150707946475003e-07
7.02000330269333284e-01 1.44933389169333342e+01 1.03621628748094999e-07
1.03537044425333336e+00 1.44945731611999999e+01 1.03358001549807003e-07
1.21556284765000000e+00 1.44956367046666657e+01 1.03075757445256006e-07
9.77141276788333291e-01 1.44961685000999996e+01 1.03489027420884001e-07
1.89079722222333331e+01 1.44973446566999993e+01 7.47999889766612988e-08
6.34569751982999919e-01 1.44984083168333342e+01 1.03762842141129000e-07
5.52003134791999983e+00 1.45015406154999997e+01 8.49078850308712024e-08
6.59847132488666666e-01 1.45050799338666661e+01 1.03891505460486000e-07
8.23889623397999871e-01 1.45067233200333359e+01 1.03912394433026997e-07
6.61099000832999995e+00 1.45079776817999999e+01 8.35553557588640041e-08
7.96432267724999865e-01 1.45101396844999986e+01 1.04003985989119000e-07
7.42383567129333399e-01 1.45155060941333343e+01 1.04163477175229995e-07
1.79317209398333333e+00 1.45155499594666662e+01 1.01849896521399993e-07
7.14817157483333410e-01 1.45177486177333321e+01 1.04227197480670006e-07
1.34942353160666673e+00 1.45178548167333332e+01 1.03321945154421004e-07
8.78998628388666603e-01 1.45202114323999982e+01 1.04249723757252006e-07
1.90517545749000017e+00 1.45229700496666663e+01 1.01375468116789005e-07
6.20852096955333277e-01 1.45243389932666673e+01 1.04405558844113000e-07
2.92774738369666698e+00 1.45258280909666677e+01 9.59543850621759047e-08
1.42665351834333332e+00 1.45294428701666671e+01 1.03467276209926996e-07
3.17743196689666663e+00 1.45313080231333327e+01 9.43548738636548995e-08
8.44101174157999901e-01 1.45327529953666659e+01 1.04527434310037994e-07
7.85183267087666614e-01 1.45377588704333345e+01 1.04690361984312006e-07
6.61394926703999908e-01 1.45386313026333340e+01 1.04799842863505999e-07
7.57814721986666662e-01 1.45399548742999993e+01 1.04761460159900003e-07
1.06565362919333340e+00 1.45425027892000003e+01 1.04483347541257995e-07
1.12302280399333321e+00 1.45428265702333359e+01 1.04378918184135994e-07
7.05911453824333290e-01 1.45438812469333332e+01 1.04894604354831002e-07
9.53911458121666667e-01 1.45440771944666665e+01 1.04660538926766996e-07
1.24105505643000003e+00 1.45472517562999997e+01 1.04253300846106006e-07
2.12339388708333354e+00 1.45472689452000008e+01 1.01003907249613995e-07
6.36117546198333272e-01 1.45486263522666661e+01 1.05008088630248997e-07
9.06718186030666673e-01 1.45496468774333323e+01 1.04892340843664006e-07
6.80667338670666644e-01 1.45541786879666670e+01 1.05118300129978997e-07
2.61916996775333333e+00 1.45541968388666660e+01 9.84649001612905942e-08
2.23759997460333304e+00 1.45573911006666652e+01 1.00548997458805995e-07
1.59794798953999972e+00 1.45608820403666659e+01 1.03768750632798000e-07
8.32880290503000054e-01 1.45617217466000000e+01 1.05247076945275005e-07
8.01419739105666662e-01 1.45633112571999987e+01 1.05316605856180995e-07
7.58447031596999910e+00 1.45634584379333329e+01 8.23084050707872035e-08
3.86026096500333304e+00 1.45644655939000014e+01 9.21349622448966062e-08
1.30457637618333333e+00 1.45650503441333345e+01 1.04479505979151000e-07
2.48252072325666662e+00 1.45659031407666664e+01 9.94530329914871976e-08
7.46651205934000028e-01 1.45663318651333338e+01 1.05428894836182002e-07
7.22314347417666647e-01 1.45680157141666680e+01 1.05479959758177006e-07
6.25265449242999982e-01 1.45742873590000013e+01 1.05692713941272996e-07
4.21115981955333307e+00 1.45831081847000004e+01 9.12112992885557045e-08
8.07455524616000098e+00 1.45863803239666669e+01 8.33589121368514048e-08
6.83279834529999963e-01 1.45878506523000002e+01 1.06046935950266000e-07
7.88507528790333367e-01 1.45896241274000005e+01 1.05987509568581005e-07
7.61107540719666686e-01 1.45904487314666671e+01 1.06027456906090996e-07
9.85248624070000023e-01 1.45907197392666657e+01 1.05798822511230000e-07
1.03876162767666691e+00 1.45907406729000027e+01 1.05692265387128996e-07
5.88575876070999993e+00 1.45919597445333338e+01 8.66123528833226061e-08
1.15286689572999990e+00 1.45931965936000001e+01 1.05566527251719994e-07
8.48570707571000060e-01 1.45934188522333326e+01 1.06011255460351998e-07
8.87511148867999977e-01 1.45938855460333343e+01 1.06043683392484000e-07
7.09694659385999960e-01 1.45943693775666663e+01 1.06148081300210997e-07
1.20792473054333338e+00 1.45945751912333339e+01 1.05462075806423001e-07
6.38250517617999891e-01 1.45995862969000001e+01 1.06359288157845998e-07
1.46054392048333326e+00 1.46030563474666675e+01 1.05156954084015000e-07
1.75192200773999995e+00 1.46041919190333331e+01 1.04017445488850001e-07
6.66140393982999957e-01 1.46065965449333337e+01 1.06466488571333006e-07
9.06913632731333230e+00 1.46097487867333342e+01 8.24106180781168061e-08
1.66756825015666688e+00 1.46113364723000014e+01 1.04775616542054004e-07
9.60473313547333341e+00 1.46117304670333326e+01 8.24549950599417965e-08
8.01731912849666717e-01 1.46131032123333338e+01 1.06589012697843995e-07
1.53734960438666679e+00 1.46148511190666657e+01 1.05275362266335995e-07
7.49076966850666603e-01 1.46163960253000003e+01 1.06710302259006996e-07
8.30334540233000129e-01 1.46184874477666664e+01 1.06650099247859000e-07
7.22000944033333258e-01 1.46186328223666688e+01 1.06761901845118995e-07
4.92936311765000035e+00 1.46226976123999979e+01 8.96109113094360007e-08
6.22985068374999895e-01 1.46252989379000002e+01 1.07037592528080995e-07
1.07644136893333329e+01 1.46262573636333340e+01 8.16766611283555994e-08
1.96121218913333339e+00 1.46282520830333329e+01 1.03732887962149006e-07
1.30326611819666671e+00 1.46292381486333340e+01 1.06179937652725004e-07
6.72006851702000030e-01 1.46321943205666685e+01 1.07173966376000003e-07
9.10219521097999973e-01 1.46336669493000002e+01 1.07011464996529994e-07
9.60763724209000025e-01 1.46360708254999992e+01 1.06943833584673000e-07
7.89028143649333380e-01 1.46376348392666671e+01 1.07236540191562002e-07
1.13933725870666649e+01 1.46394024125333342e+01 8.17861233828751957e-08
7.63773185720999948e-01 1.46401030481666670e+01 1.07303942777187994e-07
1.06783985990000008e+00 1.46402080224666662e+01 1.06899703433362999e-07
1.12457595315333325e+00 1.46423401621333351e+01 1.06799005480790003e-07
2.06903413664666669e+00 1.46441367487999994e+01 1.03376518293505994e-07
5.27368251632000007e+00 1.46446117706666659e+01 8.93841168167420949e-08
1.24010925564666663e+00 1.46447661460333336e+01 1.06624419993025005e-07
7.10472608535333339e-01 1.46450247325333347e+01 1.07484075793710998e-07
6.89173721927999972e-01 1.46474267104333311e+01 1.07594511820527001e-07
8.32141736892666573e-01 1.46494158240666650e+01 1.07598065244512001e-07
6.57162856572999998e-01 1.46501790891333332e+01 1.07711848880531006e-07
6.36030949610999929e-01 1.46502939545000004e+01 1.07693627039053997e-07
8.04949703296333308e-01 1.46604379114666656e+01 1.07793204883520999e-07
1.41615806943333333e+00 1.46656057625333336e+01 1.06777213116802994e-07
7.52969663978666603e-01 1.46661377021333337e+01 1.07987275103400996e-07
1.27420768662333330e+01 1.46666145543666673e+01 8.12565314494169052e-08
7.26745109610333340e-01 1.46688225894333328e+01 1.08075037829128003e-07
8.89445642716666707e-01 1.46713457057666670e+01 1.07924875612399003e-07
1.34349786081333344e+00 1.46722315125333349e+01 1.07071992846194006e-07
8.51702810480333361e-01 1.46725278066999980e+01 1.08094605058383002e-07
2.29633922814666702e+00 1.46729534244333326e+01 1.03028001072726995e-07
6.83285517922333274e-01 1.46732579374000007e+01 1.08269137008750997e-07
6.66179460557333236e-01 1.46743882928999998e+01 1.08296992238024997e-07
2.69613418696333307e+00 1.46749511272000017e+01 1.00712782310706005e-07
6.23045881236000021e-01 1.46749950165999987e+01 1.08311956531107998e-07
2.85021915906666656e+00 1.46752327845666670e+01 9.97516974196828999e-08
2.42117305555666684e+00 1.46804918507333326e+01 1.02454162758248003e-07
9.86563092589000212e-01 1.46841591446666655e+01 1.08153206664477000e-07
1.34661038580000021e+01 1.46842865646333340e+01 8.15286684964468062e-08
7.95607412692666660e-01 1.46864467318666669e+01 1.08485275162815998e-07
1.04012622467333338e+00 1.46882754080000009e+01 1.08118750183777996e-07
7.68882331303333388e-01 1.46896783136333351e+01 1.08581033581236005e-07
1.56612382983666687e+00 1.46928878526333335e+01 1.07157029391274003e-07
1.15466325498333333e+00 1.46942805807666659e+01 1.08072054761992997e-07
7.16133413032999933e-01 1.46951445608000011e+01 1.08763353229502005e-07
1.21513872266333345e+00 1.46953279670333341e+01 1.07912788551058996e-07
1.81230122815333350e+00 1.46970054044000005e+01 1.06224251212492994e-07
6.93972707952333345e-01 1.46971779308666672e+01 1.08833822978037998e-07
1.64162412655666667e+00 1.46973682834999995e+01 1.06987281747593004e-07
3.33620291467333319e+00 1.46978502163999991e+01 9.75025485709981028e-08
6.57990014848666704e-01 1.46995028555666689e+01 1.08939209275280994e-07
6.35988342489333225e-01 1.46999947138999989e+01 1.08939516487412006e-07
8.41073064945333293e-01 1.47070151223666645e+01 1.08999605358486995e-07
8.12169700753999968e-01 1.47099119601333328e+01 1.09090614091749997e-07
1.90958804603999988e+00 1.47136454782000001e+01 1.05839489455647000e-07
7.58512093214333327e-01 1.47159705648000010e+01 1.09273965404205997e-07
3.66769234329333349e+00 1.47163671102666651e+01 9.62995490046030026e-08
7.31987729312333357e-01 1.47187519246666678e+01 1.09359251643012003e-07
9.10890414052666686e-01 1.47197239792999994e+01 1.09195884938391999e-07
6.86741866743666662e-01 1.47227911429000002e+01 1.09512110826224997e-07
6.67865231004999949e-01 1.47239857120999975e+01 1.09542608036689005e-07
6.22942461253333302e-01 1.47249996972999995e+01 1.09576267218317002e-07
9.57463660814000028e-01 1.47301335419999990e+01 1.09322142165564001e-07
8.55589446800333331e-01 1.47328223654666672e+01 1.09678231750542000e-07
8.01379393729666822e-01 1.47368177466999999e+01 1.09799999412595996e-07
7.74446867579333342e-01 1.47396447695999999e+01 1.09881165611386005e-07
1.06784304739000002e+00 1.47404224964000008e+01 1.09449486515176006e-07
1.31232979098333336e+00 1.47417698187666648e+01 1.08910931294540000e-07
1.12564398444666680e+00 1.47442955295000004e+01 1.09397116479300006e-07
7.21690307836333367e-01 1.47449950770333320e+01 1.10044819412503003e-07
1.44249653504333342e+00 1.47460339109666663e+01 1.08666414754015000e-07
8.87663963671333267e-01 1.47467133233333332e+01 1.09785754933971002e-07
6.98605150348333370e-01 1.47470009252000001e+01 1.10117556862099001e-07
1.50381975919666662e+01 1.47475026145000001e+01 8.10150008586004936e-08
1.24712751538333344e+00 1.47493382758666680e+01 1.09218100723251004e-07
6.59108556538333334e-01 1.47494775704333332e+01 1.10207737347445995e-07
6.36187459145999945e-01 1.47499996972999998e+01 1.10218353759034004e-07
6.75870552123999957e+00 1.47524232881666677e+01 8.72999999158796964e-08
8.42481228401000037e-01 1.47596599567000002e+01 1.10362326214159996e-07
4.36160318106000044e+00 1.47602507688000006e+01 9.44392426261656988e-08
8.17174539521666632e-01 1.47607585001666664e+01 1.10416133050072002e-07
1.74818322570666673e+01 1.47613993229666676e+01 8.19402567292376966e-08
1.51565661154333320e+00 1.47615212294666662e+01 1.08945183642881995e-07
7.63853892872999984e-01 1.47662825829333340e+01 1.10587876906511995e-07
2.11378810816000007e+00 1.47664920160000008e+01 1.06163515971312001e-07
7.37621697031999979e-01 1.47688515305000010e+01 1.10664561296581004e-07
7.26603662148333296e+00 1.47724059734666664e+01 8.81928411400328963e-08
6.90601854706333285e-01 1.47726126291666677e+01 1.10798158516981995e-07
1.68158523283666672e+00 1.47733820306333339e+01 1.08658678835278000e-07
6.69981896634999963e-01 1.47738947052000000e+01 1.10829209960269999e-07
6.23244997892666741e-01 1.47750000000000004e+01 1.10864401048014001e-07
8.88098831303666736e-01 1.47792328099666666e+01 1.10841397074439999e-07
1.76790857685000002e+00 1.47801637048000014e+01 1.08348127437663005e-07
4.71757009528333349e+00 1.47806954002000008e+01 9.40140894409901041e-08
8.57224140087999964e-01 1.47823280384000011e+01 1.10966535541687997e-07
9.82773321888333329e-01 1.47830788102333344e+01 1.10735731390173998e-07
2.22688711214000001e+00 1.47851865361666679e+01 1.06064012851135995e-07
8.06256424148666717e-01 1.47877906386000006e+01 1.11131106986501003e-07
1.03958957638000005e+00 1.47892515013000008e+01 1.10712713893904996e-07
1.37000505124333327e+00 1.47898056002333345e+01 1.10184493978445997e-07
1.58473257424000007e+01 1.47899605068333333e+01 8.09002658981256950e-08
7.79868303650333328e-01 1.47904876984666682e+01 1.11214420582130005e-07
5.82303456423333277e+00 1.47941301061666675e+01 9.08593644022680997e-08
7.26822211173333343e-01 1.47950895395666659e+01 1.11363280932632998e-07
7.02887526335666646e-01 1.47968447900666664e+01 1.11419433033319003e-07
1.15279831108666664e+00 1.47980668805000004e+01 1.10789547347100999e-07
6.60267462499000035e-01 1.47993739816333321e+01 1.11510934297850001e-07
6.36451661148999981e-01 1.47999571495666657e+01 1.11515558809746003e-07
2.48462960277333345e+00 1.48010539028333330e+01 1.05073818633293004e-07
1.21380637434333338e+00 1.48020622405999998e+01 1.10789713459202004e-07
1.95216577143333336e+00 1.48070266563333330e+01 1.08156040128582995e-07
2.62294148968333340e+00 1.48072194812000006e+01 1.04372712052753998e-07
8.48760501449333460e-01 1.48075752863000005e+01 1.11635596808971996e-07
8.96638118728000033e-01 1.48098856351999988e+01 1.11801095836868006e-07
8.23099474389333285e-01 1.48119393430333357e+01 1.11755926220580000e-07
5.43603808534333321e+00 1.48148994704000003e+01 9.27331141446797031e-08
7.69078275396000044e-01 1.48175821120666669e+01 1.11937418996510002e-07
7.42264378759999954e-01 1.48196150055999993e+01 1.12008121274399005e-07
6.93464324387333408e-01 1.48227575490333336e+01 1.12121959483494003e-07
6.71464218622000009e-01 1.48240046645666670e+01 1.12148768431146996e-07
2.92455436489666676e+00 1.48240962920000001e+01 1.02792951735859006e-07
8.25355581603333377e+00 1.48242700407000001e+01 8.73026211446634064e-08
6.23206663256333226e-01 1.48249571495666661e+01 1.12180142027349001e-07
8.68565022871999992e-01 1.48299806894333344e+01 1.12197945081336003e-07
9.62503817420333418e-01 1.48306827239666674e+01 1.11934976541789003e-07
9.22506993388999885e-01 1.48353796250000016e+01 1.12237661181966000e-07
8.12860435676333370e-01 1.48397245782333318e+01 1.12503838748854001e-07
3.16085353730333329e+00 1.48412337916666672e+01 1.01688486257323004e-07
7.85227357181333296e-01 1.48426702873999989e+01 1.12593405736223006e-07
1.06582462587333349e+00 1.48438884888999993e+01 1.12172508037533999e-07
2.04854388604000004e+00 1.48439885283666673e+01 1.08295176831611000e-07
7.30900700559333316e-01 1.48463276101333346e+01 1.12722572956146996e-07
1.54688700570666637e+00 1.48468662162666671e+01 1.11011124067331999e-07
8.76367355647666635e+00 1.48473197808999995e+01 8.83235333268360973e-08
7.06035331024333246e-01 1.48477149030666666e+01 1.12771655865511002e-07
1.12123242352333330e+00 1.48488308350000011e+01 1.12188344712634999e-07
6.60729294198000083e-01 1.48496186328666653e+01 1.12843645603586001e-07
6.36287540182333355e-01 1.48499879499333343e+01 1.12845885467016006e-07
1.63731533027999987e+00 1.48542465865666671e+01 1.10845070818818995e-07
1.35873433389333331e+00 1.48556757239000010e+01 1.11802231577508005e-07
1.23487733264333333e+00 1.48570377236999978e+01 1.12315515919387003e-07
8.60840881285000026e-01 1.48603792629666671e+01 1.13029725084819995e-07
8.30797321149333357e-01 1.48657590950333347e+01 1.13177724587442999e-07
1.81229334556333321e+00 1.48699584957333339e+01 1.10494283445471003e-07
7.73833618114333377e-01 1.48702875114333324e+01 1.13341707369424995e-07
7.46320858128333264e-01 1.48719119406333338e+01 1.13402626358222998e-07
6.95782167555333397e-01 1.48742999645000022e+01 1.13494534953487997e-07
6.72476236494333413e-01 1.48749565787666658e+01 1.13516550897031005e-07
6.23080876926000005e-01 1.48750308003666660e+01 1.13525014254998002e-07
1.29108215000666671e+00 1.48801335466333331e+01 1.12823838237918002e-07
1.89926372225999995e+00 1.48801813734666677e+01 1.10199079314387000e-07
9.84695789024666546e+00 1.48832741228999996e+01 8.75397705662947968e-08
9.17250830242000048e-01 1.48866993715666656e+01 1.13569349420521999e-07
9.86861621490666696e-01 1.48870899151333322e+01 1.13420343528893003e-07
3.80974941568999981e+00 1.48898095063000024e+01 9.96046381422648030e-08
8.83657813994000008e-01 1.48916039552999990e+01 1.13789578375182001e-07
1.03336617545199982e+00 1.48941229890000013e+01 1.13545344716340997e-07
8.18860864814999978e-01 1.48948694966000001e+01 1.13976321044104000e-07
7.89530240274999962e-01 1.48964522038333342e+01 1.14038434275083999e-07
7.34827133441000035e-01 1.48989698641000015e+01 1.14131014853463002e-07
7.09153812403000017e-01 1.48999705950333325e+01 1.14181415528242004e-07
6.35850275221333305e-01 1.49004377862333328e+01 1.14213489430082003e-07
6.60803880773999985e-01 1.49007328816999998e+01 1.14216823718561001e-07
1.04303838942666669e+01 1.49028712663999983e+01 8.82574949034706990e-08
1.14681531563999983e+00 1.49038771152333336e+01 1.13671847263365997e-07
1.19945216150333334e+00 1.49080886438333327e+01 1.13697562474098002e-07
2.28168589141000000e+00 1.49094790455666679e+01 1.09015374177085003e-07
4.15276139890666673e+00 1.49150505740333355e+01 9.90964682463722048e-08
9.52678804105333454e-01 1.49176059311666673e+01 1.14370950489836006e-07
2.41459455463333361e+00 1.49178079859333348e+01 1.08480640537800999e-07
1.42018100945666670e+00 1.49203290672333324e+01 1.13619660628941000e-07
8.35164352419333400e-01 1.49220427327333329e+01 1.14715753132234996e-07
1.50118793591666666e+00 1.49232285163666649e+01 1.13189608632036004e-07
8.69917741462666760e-01 1.49241570235000012e+01 1.14684403313851001e-07
7.76983083494000026e-01 1.49243892688666673e+01 1.14809460755183997e-07
7.49792736645999991e-01 1.49252824999333331e+01 1.14846698870178995e-07
6.22769398295333398e-01 1.49254069858666671e+01 1.14898087188278999e-07
6.98110305558333422e-01 1.49263772520666649e+01 1.14900483252349004e-07
6.73066304990333375e-01 1.49264829244666668e+01 1.14917810652807997e-07
1.67645459796333340e+00 1.49389848680000004e+01 1.12934977109689001e-07
2.68763227903000024e+00 1.49392187007999997e+01 1.07355246192280003e-07
2.04535324462999979e+00 1.49462467218666664e+01 1.11465180425626000e-07
1.16862655403333324e+01 1.49466010560333320e+01 8.79430896719716062e-08
1.76510926923333322e+00 1.49479151029999997e+01 1.12681559622593004e-07
1.28443733373999991e+00 1.49482694711666682e+01 1.14815893496194001e-07
1.05822385502200000e+00 1.49502545648666683e+01 1.15100836409699997e-07
8.20263430165666718e-01 1.49506666887000019e+01 1.15522211858739000e-07
6.35664128255999938e-01 1.49512002783333315e+01 1.15621014668347997e-07
7.91412785780333361e-01 1.49514305176000022e+01 1.15540723263086994e-07
6.61007429398333346e-01 1.49519811214666678e+01 1.15615790613010000e-07
7.37382455100000000e-01 1.49523572125333342e+01 1.15592901960520995e-07
7.11373345050333339e-01 1.49524512337333331e+01 1.15613908932606994e-07
8.82261949404000045e-01 1.49545331947333349e+01 1.15580839282566002e-07
1.11626519755999998e+00 1.49550663450000005e+01 1.15093452569308998e-07
2.83516018213999965e+00 1.49558138542333339e+01 1.06712673330059003e-07
9.48101016771333405e-01 1.49596128414000002e+01 1.15574000976295998e-07
6.03713484746666662e+00 1.49599681155666673e+01 9.49020478879202965e-08
1.22629721109666678e+00 1.49606465428999993e+01 1.15096632317631998e-07
4.86943970319333364e+00 1.49607951689666674e+01 9.75657277615554022e-08
6.47671476933666668e+00 1.49613517904666669e+01 9.35748178721129050e-08
1.94788258988999985e+00 1.49647156649666666e+01 1.12320767543945003e-07
1.23578194263333341e+01 1.49709878999000008e+01 8.88737957160276054e-08
9.11031673871333325e-01 1.49727575188333333e+01 1.15973616370723001e-07
5.24358829458333364e+00 1.49730850809000007e+01 9.71490678310689009e-08
6.22894729960666638e-01 1.49757932924666672e+01 1.16295384382864994e-07
6.73637756816000022e-01 1.49780405803666667e+01 1.16341350302761003e-07
6.98959671899999968e-01 1.49786163650333322e+01 1.16335591860411001e-07
8.34735387669666706e-01 1.49788859777999992e+01 1.16283899825201006e-07
7.77806497938333230e-01 1.49794290119999989e+01 1.16325365000604006e-07
7.50966514106000016e-01 1.49794624758666668e+01 1.16337174319495998e-07
8.61980517864666673e-01 1.49806381930666674e+01 1.16299798325826004e-07
1.38874130512666660e+00 1.49966846738666675e+01 1.15703349321016999e-07
1.94258481771666673e+01 1.49991668786333321e+01 8.52301666700095029e-08
1.32064981329666664e+00 1.50001672550666658e+01 1.16004127880779000e-07
9.79624191480000017e-01 1.50005742289333330e+01 1.16684649355190005e-07
1.02944904314533336e+00 1.50012315114666652e+01 1.16547664378010004e-07
6.35667268608333225e-01 1.50018166008666665e+01 1.17040323915671999e-07
6.61066994321333312e-01 1.50032830456333333e+01 1.17042256462912994e-07
7.44530474560666633e+00 1.50035722045999993e+01 9.23933078089019997e-08
3.29048008592666674e+00 1.50049516245666670e+01 1.05034139857519004e-07
7.11609374118999938e-01 1.50053795825999998e+01 1.17082603302944000e-07
7.37607106275333213e-01 1.50063197146333334e+01 1.17084507868607000e-07
9.04350592627333305e-01 1.50065935119666651e+01 1.16968718435176004e-07
1.54569383884666678e+00 1.50066446932999984e+01 1.15345670286415999e-07
7.91726461311999974e-01 1.50076585039666668e+01 1.17100498957755999e-07
8.74853515798000081e-01 1.50077402329999998e+01 1.17035096837863001e-07
8.19804706657999982e-01 1.50078792986666656e+01 1.17083079479722998e-07
1.14314615090666671e+00 1.50114013111333335e+01 1.16644624734998000e-07
1.20054131858000002e+00 1.50127699804333332e+01 1.16585713325416003e-07
1.63053217632000003e+00 1.50150206746333339e+01 1.15133799071917004e-07
2.21631472320666667e+00 1.50229991761333341e+01 1.12481012306238995e-07
6.22772538647666685e-01 1.50260233083999992e+01 1.17711882120851006e-07
2.10345444210333321e+00 1.50273170977666677e+01 1.13204845317956998e-07
6.73199476798666652e-01 1.50293161881999993e+01 1.17783363063192995e-07
6.98419941512333331e-01 1.50308369405000004e+01 1.17793191402864003e-07
7.94273900996666793e+00 1.50325143857999990e+01 9.35760041974608020e-08
1.37894392638000003e+01 1.50327206121333337e+01 8.86219923637740969e-08
7.50182863433000002e-01 1.50341511900666660e+01 1.17865813735817006e-07
3.60788653569333340e+00 1.50350104453333326e+01 1.04401240402947000e-07
8.63486352309000060e-01 1.50355043590000008e+01 1.17813740653553002e-07
7.77462234637333327e-01 1.50355234432666673e+01 1.17880102466921996e-07
1.80625491482333334e+00 1.50359814919999994e+01 1.14935669891647001e-07
8.35682673363999928e-01 1.50373956399333348e+01 1.17894051820061006e-07
9.15742985604666715e-01 1.50422451251666676e+01 1.17949167633094001e-07
1.90205785878333344e+00 1.50425591762333326e+01 1.14655515058179006e-07
2.47295665451333369e+00 1.50436741302000012e+01 1.11573730877367001e-07
9.53947241557333236e-01 1.50493705195666667e+01 1.18107404707708994e-07
6.35415513506000007e-01 1.50520939133000002e+01 1.18473103048882001e-07
6.60442725943999887e-01 1.50539203483333335e+01 1.18475805560606006e-07
7.10105980889999877e-01 1.50574901631000007e+01 1.18559565747050007e-07
1.05781208598999998e+00 1.50575493425999998e+01 1.18141420521220997e-07
2.60768249199999991e+00 1.50589192667000003e+01 1.11061973669254006e-07
7.35871170654333384e-01 1.50598642806333345e+01 1.18590200255908005e-07
1.11346785121333336e+00 1.50629073621333323e+01 1.18116400047483997e-07
8.87704801143000100e-01 1.50632830958999993e+01 1.18584744848093999e-07
7.90179129322333362e-01 1.50651323563999995e+01 1.18712560541428004e-07
8.20321322703000066e-01 1.50667837583666664e+01 1.18739832230915994e-07
1.29152936014999997e+00 1.50691801048666658e+01 1.17980233895114005e-07
1.22956098807666669e+00 1.50694057584999985e+01 1.18098913018462995e-07
1.42685025030333335e+00 1.50714550767333346e+01 1.17639051291605000e-07
6.22642974858333198e-01 1.50760706049000017e+01 1.19146326685160999e-07
1.45742894674000016e+01 1.50775541851666670e+01 9.01529225202814993e-08
1.50279585756333334e+00 1.50785156470333330e+01 1.17446955364266004e-07
6.71939454253333346e-01 1.50796315640333329e+01 1.19220683732407996e-07
6.96382244485666657e-01 1.50816806265000007e+01 1.19244056050463996e-07
7.46988505613000009e-01 1.50874840202333331e+01 1.19396405607678012e-07
7.74017093076666662e-01 1.50913798428000003e+01 1.19461443067171995e-07
4.29007753333999986e+00 1.50987723852000002e+01 1.02737113831318000e-07
9.74085230118666545e-01 1.50992256900333341e+01 1.19531685137599004e-07
8.74724847132666739e-01 1.51003536004333316e+01 1.19745399924353009e-07
1.66940197477333352e+00 1.51006302818666658e+01 1.17437540040023003e-07
6.34934536194666665e-01 1.51014391675999988e+01 1.19898471116795991e-07
8.35145047637666615e-01 1.51019629819666665e+01 1.19725188005174990e-07
2.89406953066666617e+00 1.51019929738666665e+01 1.10258616015138998e-07
6.59203803151666712e-01 1.51031736917000003e+01 1.19897978051423005e-07
8.95821115682000091e+00 1.51056861365666659e+01 9.31676645048695972e-08
1.02812522288599983e+00 1.51067472305333350e+01 1.19564864653865001e-07
7.06677301419333381e-01 1.51081022351000005e+01 1.20015341068230012e-07
7.31518372782333337e-01 1.51115315112999991e+01 1.20083471657706994e-07
1.75647004200666679e+00 1.51126608642333338e+01 1.17281694875320995e-07
7.83957834594333214e-01 1.51203596145000017e+01 1.20331122736076012e-07
1.13996507439000005e+00 1.51205994337000007e+01 1.19770156883145009e-07
4.65078892340333283e+00 1.51240723487333337e+01 1.02790863651607997e-07
6.22291561336333232e-01 1.51253685626999985e+01 1.20606922837522009e-07
1.19866304357999987e+00 1.51257291607666673e+01 1.19760582029179996e-07
6.69564588351333367e-01 1.51267568642333341e+01 1.20588099550010001e-07
8.14943595774666796e-01 1.51292913516999992e+01 1.20502679765807997e-07
6.92595296386666726e-01 1.51296363451666664e+01 1.20630027653407999e-07
1.94640931763333325e+00 1.51310231585333330e+01 1.16918974830597002e-07
1.32263995724000005e+00 1.51319228074666654e+01 1.19677768956088995e-07
3.11309026204666672e+00 1.51339932445333343e+01 1.09639173914760006e-07
2.05033524621333330e+00 1.51342500231666666e+01 1.16629549148840998e-07
1.38986935556333346e+00 1.51376803605333325e+01 1.19589745583256990e-07
7.41046117313333252e-01 1.51386270409333346e+01 1.20891988086717993e-07
9.50589868243000069e+00 1.51396587982666659e+01 9.48020248730852970e-08
8.96178854327666641e-01 1.51400693808666684e+01 1.20834798782919003e-07
2.27561798523666647e+00 1.51428948009333340e+01 1.15581198342180001e-07
7.66456991661666698e-01 1.51435593215666682e+01 1.20995844419796011e-07
9.45193523433333294e-01 1.51439763309666660e+01 1.20828290217285995e-07
6.59647639808333408e-01 1.51524309195333355e+01 1.21354740566740004e-07
6.36643879750333319e-01 1.51527771420999997e+01 1.21440512415035012e-07
1.72134754542333326e+01 1.51539813554666676e+01 8.94075634935918984e-08
2.39935125332000032e+00 1.51552408146333324e+01 1.15168279561749996e-07
5.41370873482333348e+00 1.51553650534333340e+01 1.01156463823331001e-07
7.00169189783000134e-01 1.51573903461000015e+01 1.21466144883088999e-07
8.18771328472000071e-01 1.51594593520666674e+01 1.21484315632074999e-07
1.53856050636666652e+00 1.51598127941666672e+01 1.19719673423038000e-07
7.23778939346666594e-01 1.51629517656666675e+01 1.21601270090458994e-07
5.82025880881666691e+00 1.51630174523333334e+01 1.00491876164018994e-07
1.05183849882266656e+00 1.51630989386333344e+01 1.21216931719426991e-07
7.73870503383333297e-01 1.51687963618666668e+01 1.21762539856047997e-07
1.10802258510333340e+00 1.51715931222666658e+01 1.21274220180478007e-07
6.79199238825333396e-01 1.51732175485333354e+01 1.21980740643427001e-07
1.62032828610333346e+00 1.51735514476666680e+01 1.19686208888453987e-07
7.95199079013333310e-01 1.51757646551666667e+01 1.21958818159505001e-07
6.24352318413999963e-01 1.51774085793999998e+01 1.22171532335635998e-07
6.68923793438000036e+00 1.51804847601333321e+01 9.87182105624845950e-08
8.38762492435999985e-01 1.51812861671333348e+01 1.22151439569935010e-07
8.73209009962333305e-01 1.51813370784666670e+01 1.22085047713328991e-07
1.22570692750000010e+00 1.51859176585666678e+01 1.21493167794958988e-07
7.34658439052000012e-01 1.51893692929333355e+01 1.22412142192556989e-07
7.59339128740333380e-01 1.51902816085000012e+01 1.22417537214275003e-07
1.28771546908666679e+00 1.51923369589000004e+01 1.21496608066931988e-07
2.66272985332666678e+00 1.51927807036333320e+01 1.14558062272446995e-07
1.62579315737666654e+01 1.51990439630666661e+01 8.99575489804893992e-08
1.06854063661333338e+01 1.51992286206666662e+01 9.45683203590420061e-08
9.66090595808333341e-01 1.51995058111333332e+01 1.22484267374930997e-07
6.79218082532333400e-01 1.52005828130666654e+01 1.22856923425781001e-07
1.79455475240666651e+00 1.52013988169999994e+01 1.19787171475855007e-07
6.34918364942666624e-01 1.52026655272333304e+01 1.23000836760352007e-07
7.15049681040666751e+00 1.52027224889666659e+01 9.89700729058739987e-08
7.96103265519999881e-01 1.52041351459333338e+01 1.22842856407525991e-07
1.41876539056666662e+00 1.52074381237333327e+01 1.21599761805477997e-07
1.01869557843033332e+00 1.52111068783000007e+01 1.22637858260406996e-07
8.20303723162333243e-01 1.52120747779999999e+01 1.23146731956717005e-07
7.23521559481333454e-01 1.52126117956666658e+01 1.23141078911987003e-07
6.57940968707666607e-01 1.52130179025333323e+01 1.23233709658482996e-07
3.72574731348999988e+00 1.52130259288333338e+01 1.07972507486980002e-07
1.88869108407333353e+00 1.52131834270666673e+01 1.19640267988386990e-07
7.74362949345333340e-01 1.52132838931999999e+01 1.23141070432353006e-07
7.00342394169333304e-01 1.52182986000666673e+01 1.23336675077267007e-07
2.80158898888333363e+00 1.52192592573666658e+01 1.14203667877603999e-07
8.89228839086333323e-01 1.52205305791000001e+01 1.23305037219672999e-07
1.49151093410999991e+00 1.52225099870666671e+01 1.21675848508542000e-07
6.20566046528666537e-01 1.52252569478333317e+01 1.23698698823347012e-07
1.13123291144666656e+01 1.52298133613999997e+01 9.60632546932537050e-08
1.13202242072666670e+00 1.52314721006000013e+01 1.23059472596689007e-07
2.09352402115666658e+00 1.52341953963000005e+01 1.19282745557236002e-07
9.33095755826666706e-01 1.52347923616666687e+01 1.23579596870861006e-07
7.63613718459000057e-01 1.52366154816666661e+01 1.23914053677864997e-07
7.37453018283333428e-01 1.52368556997000013e+01 1.23901264185627003e-07
1.19100879393333337e+00 1.52406669098333349e+01 1.23154467325052009e-07
8.28528974742666624e-01 1.52432412938999988e+01 1.24104967330560005e-07
6.58149792184666627e-01 1.52442982283666666e+01 1.24271835792229995e-07
6.99748489552666553e-01 1.52465113008999982e+01 1.24280850124568991e-07
2.20594647907666674e+00 1.52471580956999997e+01 1.19070099349303995e-07
6.35127188419666644e-01 1.52506125197333322e+01 1.24474830878216995e-07
4.06492632791999942e+00 1.52515468009666666e+01 1.08185177619632995e-07
8.63007573140333384e-01 1.52516461836666668e+01 1.24303516946593005e-07
7.22500504942999999e-01 1.52565580213333334e+01 1.24549390861767004e-07
1.31432784837333339e+00 1.52568626509666672e+01 1.23403132540793994e-07
6.78833001392666557e-01 1.52600758397333323e+01 1.24700858748370007e-07
1.65492331510333357e+00 1.52609460404000004e+01 1.22247751237075993e-07
7.75540349916333249e-01 1.52634617631999987e+01 1.24751157808714993e-07
1.37814837153000003e+00 1.52662062627333341e+01 1.23468137968183989e-07
1.04153072084433318e+00 1.52669267533333315e+01 1.24370614272304997e-07
8.05933067593000096e-01 1.52697460070000002e+01 1.24904767979370008e-07
8.10834276648999897e+00 1.52732344033666667e+01 9.82639235201935958e-08
6.24561141890999871e-01 1.52753555719000005e+01 1.25260470626214987e-07
9.40158990598333411e-01 1.52763273801333330e+01 1.24922529504196996e-07
1.74208171417333335e+00 1.52767628273666674e+01 1.22237052532922996e-07
1.09867347685999994e+00 1.52787977920000007e+01 1.24482109342501995e-07
2.45098985695666682e+00 1.52793791665333334e+01 1.18601394517980001e-07
7.29542040525333335e-01 1.52807482775333341e+01 1.25343511065169987e-07
7.56421185323000067e-01 1.52878922374333328e+01 1.25519359600987987e-07
8.73289399812333333e-01 1.52884129126666668e+01 1.25490308294708994e-07
6.81952771551666559e-01 1.52920514543333326e+01 1.25763830763783008e-07
1.26392337247000004e+01 1.52966513658666656e+01 9.60555336175422974e-08
9.06573900530000087e-01 1.52988323265666679e+01 1.25747582469143003e-07
3.21418973624666648e+00 1.53002434828333325e+01 1.13396151237224001e-07
6.35508867300999980e-01 1.53005392590666673e+01 1.26075110335920003e-07
2.57964261947666662e+00 1.53016739190333340e+01 1.18320170967318003e-07
7.09909795294000001e-01 1.53026771716999992e+01 1.26030358386735999e-07
9.71818728246666708e-01 1.53035874114000006e+01 1.25833117971041999e-07
1.21586914921999978e+00 1.53037597464333341e+01 1.25093033241704989e-07
1.92697003913000020e+00 1.53039319123333328e+01 1.22260150482355987e-07
8.13924691452000082e-01 1.53069422665666668e+01 1.26101157928736990e-07
1.01431280171700000e+00 1.53069736872666677e+01 1.25616889752227011e-07
6.61651241224999964e-01 1.53095339156333328e+01 1.26275511508606000e-07
1.51695663867666664e+00 1.53111316794333323e+01 1.24387952011345000e-07
7.63690610167333417e-01 1.53132022645333326e+01 1.26349410183628002e-07
1.27717966207333333e+00 1.53135361872333338e+01 1.25180298270253997e-07
4.79780222778333254e+00 1.53139005705666662e+01 1.06968065946746995e-07
8.46802425273666670e-01 1.53172042824666672e+01 1.26404681395154006e-07
2.02787704763333343e+00 1.53217170169333343e+01 1.22282980632537991e-07
8.61369717290000025e+00 1.53233564139333343e+01 1.00635979318454006e-07
6.20947725409999873e-01 1.53251836871666658e+01 1.26862535112783995e-07
7.90801398619666696e-01 1.53259680498666668e+01 1.26677927846153003e-07
7.19430857556666581e-01 1.53298809137333336e+01 1.26934898881662002e-07
1.39975313433000004e+00 1.53310686907000004e+01 1.25469971978813988e-07
5.18657344781333318e+00 1.53329033633333349e+01 1.07037646573125000e-07
7.46332527632333265e-01 1.53332620466666665e+01 1.27019040360546000e-07
9.18072710125999891e-01 1.53356167421333343e+01 1.26953348426386993e-07
1.59860123993333336e+00 1.53358290792666665e+01 1.24684730986073996e-07
1.33468265703999993e+01 1.53407120678333317e+01 9.84795832510876062e-08
9.54842242042666656e-01 1.53410586098666659e+01 1.27041828185621995e-07
6.61125210568666688e-01 1.53424132178000008e+01 1.27440625876477003e-07
1.11804788060333338e+00 1.53425073435333328e+01 1.26522328150896006e-07
3.50944033792333343e+00 1.53492173463666663e+01 1.13454311489946999e-07
6.34982836644666704e-01 1.53500852279000011e+01 1.27663179141911990e-07
7.05725004590666671e-01 1.53519879163666673e+01 1.27695282213398989e-07
8.58036930946333265e-01 1.53534022617999995e+01 1.27591391170919003e-07
7.86886971289333381e-01 1.53546782469333323e+01 1.27741035848704990e-07
1.03793459774266661e+00 1.53549671669333332e+01 1.27292808991285006e-07
7.58028335202999948e-01 1.53575028068999995e+01 1.27833316938367993e-07
6.00454955265999946e+00 1.53576122486666673e+01 1.05254271846658997e-07
1.17625717975666677e+00 1.53582744887333345e+01 1.26830458329804003e-07
6.78989797825999997e-01 1.53586511558666672e+01 1.27903330310432000e-07
1.46581585793333335e+00 1.53609222440666660e+01 1.25888545891045005e-07
8.96022715081000065e-01 1.53613953075666672e+01 1.27783487724675008e-07
2.25146828658333353e+00 1.53635373240999993e+01 1.22439891756793000e-07
2.84788227471999988e+00 1.53638056015333344e+01 1.18257050114828995e-07
1.77710523632999995e+00 1.53655301269999995e+01 1.24942163468934000e-07
6.43394875635333374e+00 1.53736958815666664e+01 1.05186230844371993e-07
6.24035111234666595e-01 1.53749015407333331e+01 1.28518496192452012e-07
7.19473669234333424e-01 1.53767609903666678e+01 1.28513810378914002e-07
9.71453198006999918e-01 1.53772598585666653e+01 1.28190379885283006e-07
1.30445965647333328e+00 1.53786173504333323e+01 1.27247037559744997e-07
1.08452692061333322e+00 1.53786297845333326e+01 1.27547795972618998e-07
7.44875329770999905e-01 1.53788947479666671e+01 1.28546634540429006e-07
8.02923347735333359e-01 1.53792557975333324e+01 1.28535635354194007e-07
1.86785722962000023e+00 1.53809146019000007e+01 1.24951044562604994e-07
8.36111217035999998e-01 1.53819150668999995e+01 1.28544905722650993e-07
2.37277839637999977e+00 1.53834123812333328e+01 1.22312877921862004e-07
1.36321260557333335e+00 1.53868062421333338e+01 1.27239522437794994e-07
1.01205148023666669e+00 1.53877821397666654e+01 1.28246350890131011e-07
6.78285998424999925e-01 1.53880339423999999e+01 1.28970223254449000e-07
7.04141925757999942e-01 1.53969001322333341e+01 1.29182092940281998e-07
9.09006735849333336e-01 1.53977844826666654e+01 1.28986221187515011e-07
6.35906439551333302e-01 1.54008668148333339e+01 1.29414381412155011e-07
7.56979134338000015e-01 1.54049195440999984e+01 1.29406778779153001e-07
6.61345014074333437e-01 1.54059109246000006e+01 1.29529376836250994e-07
7.86168516216000035e-01 1.54081051536333344e+01 1.29474425630931991e-07
9.47667686858666536e-01 1.54082071659333337e+01 1.29169319158261994e-07
3.04146229070333307e+00 1.54127895563333350e+01 1.18185582689489004e-07
8.50573936486333282e-01 1.54163550431333309e+01 1.29698978197503998e-07
7.32814677894333411e+00 1.54215247639333324e+01 1.03980107015516995e-07
7.13133766521333423e-01 1.54223282197333322e+01 1.30033996499722013e-07
1.20129162747000007e+00 1.54226306619333329e+01 1.28962250431871998e-07
8.85483671164999930e-01 1.54242314131333327e+01 1.29870289170832993e-07
6.21871328316666694e-01 1.54259652740999993e+01 1.30250842532670991e-07
9.71700132609666589e+00 1.54264043944666653e+01 1.00917356352784005e-07
1.63299067932333331e+00 1.54271596588666657e+01 1.27577450901471010e-07
7.40569314564666681e-01 1.54282138740000008e+01 1.30157084781077012e-07
2.62515546950666634e+00 1.54297744953666669e+01 1.22111825207506001e-07
1.07979805207666679e+00 1.54308836448666682e+01 1.29675411494214989e-07
1.26818359133333325e+00 1.54331970828333329e+01 1.29029621090252988e-07
1.03149285644733335e+00 1.54333092933333322e+01 1.29746805768592996e-07
6.71277510173666658e-01 1.54354043008999984e+01 1.30556446572933004e-07
2.05809301602999994e+00 1.54365969926000020e+01 1.25814611953139001e-07
7.98226501900666796e-01 1.54369692218666668e+01 1.30434268256710998e-07
1.46134402757666670e+00 1.54386019980999993e+01 1.28781734728578999e-07
1.72433627664999989e+00 1.54410439196333353e+01 1.27531895409015001e-07
8.29444052870333404e-01 1.54425598419999996e+01 1.30575126353920008e-07
6.97210335287666627e-01 1.54429554061999994e+01 1.30661201935835004e-07
9.61619087170999975e-01 1.54491668672999989e+01 1.30551129065443996e-07
1.39349676368666664e+00 1.54492768179333329e+01 1.29221669417936996e-07
6.33210768643999944e-01 1.54517804730333328e+01 1.31136319694337004e-07
4.17996505467999935e+00 1.54552589145999999e+01 1.12337133649416006e-07
6.57178375977999996e-01 1.54561753900666670e+01 1.31175837435682011e-07
7.50661467217999978e-01 1.54564791105666668e+01 1.31108559463228000e-07
8.96426505708999954e-01 1.54585954461333319e+01 1.31044497144540000e-07
7.79129272675999851e-01 1.54620488489000021e+01 1.31261947386969008e-07
1.48713607002666688e+01 1.54622737965666683e+01 9.85273037185774032e-08
7.78855847066666573e+00 1.54630944971333335e+01 1.05568413649468003e-07
1.00484597453000002e+00 1.54637467135000009e+01 1.30783625971876000e-07
2.75453598919333364e+00 1.54654276241333335e+01 1.22045708921011990e-07
2.16926179706000033e+00 1.54654546003666677e+01 1.26181544005706988e-07
1.03130830057799994e+01 1.54663770733666670e+01 1.03312635570701001e-07
1.89621910705000007e+00 1.54666481903333324e+01 1.27648771951542993e-07
7.06442147196666759e-01 1.54728400843666662e+01 1.31687176299974002e-07
9.33900970705666578e-01 1.54731082170333334e+01 1.31398385659785002e-07
8.39824619628000035e-01 1.54737329682666669e+01 1.31631867412047003e-07
1.10581203711999998e+00 1.54745626087333310e+01 1.30969476688904012e-07
6.21339440327333237e-01 1.54758151989333328e+01 1.31909373079874012e-07
1.16536342279000005e+00 1.54773158528666670e+01 1.30849453059384009e-07
7.32457731083666630e-01 1.54804781344666669e+01 1.31858662337715008e-07
6.67988808634333409e-01 1.54813098680666670e+01 1.32063649256615998e-07
8.71897337787999938e-01 1.54818922023999992e+01 1.31884236325909003e-07
6.91319754738999870e-01 1.54904234570666670e+01 1.32176804497720990e-07
7.89057268996666727e-01 1.54921461354000005e+01 1.32280799135995008e-07
4.55212956448000039e+00 1.54923127206666660e+01 1.13579021817188996e-07
1.29569535467333341e+00 1.54973366428333321e+01 1.31162208158161996e-07
8.18535064979000082e-01 1.54982396346333342e+01 1.32463796034985996e-07
6.34012030116000047e-01 1.55015122721666696e+01 1.32785198390011011e-07
6.56693791088999945e-01 1.55026120242666678e+01 1.32736825513472994e-07
2.41874316729666683e+00 1.55040781229999993e+01 1.26038748813635994e-07
1.50353786165333325e+00 1.55044633058999981e+01 1.30672013030976009e-07
1.98554788495666679e+00 1.55045454764333339e+01 1.28182635670944012e-07
1.36225557792666674e+00 1.55052274862333324e+01 1.31181494306117000e-07
1.88928752473000010e+01 1.55055436866333327e+01 9.83163438081420964e-08
1.58464758965333341e+00 1.55070614098999986e+01 1.30330811212668989e-07
7.41051187704333425e-01 1.55105019792333323e+01 1.32878550124467009e-07
8.78618695006999961e-01 1.55134173163000000e+01 1.32963847798725996e-07
1.02162333211933332e+00 1.55151302994000009e+01 1.32585801460437012e-07
7.69182920159333428e-01 1.55166002418333324e+01 1.33078180592921991e-07
9.40621292474666748e-01 1.55169289903666670e+01 1.32928027914285990e-07
6.95898171496666662e-01 1.55201394829666679e+01 1.33274854845757005e-07
3.59837458004333355e+00 1.55239143185333344e+01 1.17158333324986993e-07
6.22672589788666575e-01 1.55256970732333333e+01 1.33569206241848000e-07
5.35008441225000109e+00 1.55258245537999997e+01 1.11823325775651002e-07
6.73900374853333317e-01 1.55275744349333333e+01 1.33581316335451006e-07
2.54246747790333361e+00 1.55281454846333329e+01 1.25898532165784998e-07
1.07428419908000006e+00 1.55283718430999986e+01 1.32834068838754992e-07
8.27827606129666660e-01 1.55294529507666681e+01 1.33529398571750011e-07
1.76075781238333318e+00 1.55297067837333334e+01 1.30370139402400998e-07
7.19614020575000013e-01 1.55325799550333326e+01 1.33643784657988997e-07
9.09868184696999927e-01 1.55339413333666680e+01 1.33485418221486001e-07
8.55838517997666748e-01 1.55364713982999998e+01 1.33720639274578989e-07
1.84188864949333309e+00 1.55399265795333346e+01 1.30281141944650989e-07
1.19437320565000005e+00 1.55406694910999992e+01 1.32989816931435012e-07
1.15660559622000019e+01 1.55409606969666658e+01 1.03429839512064006e-07
1.57458746562000016e+01 1.55413056821333342e+01 1.01381678905469999e-07
5.76151044310333305e+00 1.55428810402333326e+01 1.11956716700038999e-07
9.85116766529333332e-01 1.55443712265333343e+01 1.33625703600058988e-07
7.78181852836666743e-01 1.55475622518666654e+01 1.34152825255259994e-07
1.77962600277333358e+01 1.55491009370666671e+01 1.01188990994298000e-07
1.25781317367000001e+00 1.55501238601666660e+01 1.33039714561335008e-07
6.36140903127999979e-01 1.55521869520333329e+01 1.34476619179636009e-07
6.64686927219666601e-01 1.55529645616333330e+01 1.34441693037018998e-07
8.07348742824666732e-01 1.55543214615666674e+01 1.34353232788468011e-07
7.27582779651666622e-01 1.55630477287666675e+01 1.34736476440075997e-07
8.66362043385333291e-01 1.55675840201333333e+01 1.34805303984720994e-07
9.01508020239333407e-01 1.55692684030333339e+01 1.34850498463388988e-07
1.39095130910333342e+00 1.55710870486333324e+01 1.33363065942999000e-07
7.58018879458333239e-01 1.55719317630000003e+01 1.34960035367375004e-07
6.23468313339333391e-01 1.55764898788000021e+01 1.35265954535609009e-07
1.46438632893999987e+00 1.55809976881333316e+01 1.33342606537781012e-07
6.61342826773000070e+00 1.55816305981333318e+01 1.10509092914901002e-07
6.79208338941999945e-01 1.55822838458999993e+01 1.35447843539700988e-07
1.09785780874333327e+00 1.55832401941000001e+01 1.34766136140538007e-07
1.22214066864333333e+01 1.55834118575666665e+01 1.06112544475832000e-07
3.09080957001666690e+00 1.55835218549333323e+01 1.22538993085471008e-07
2.21213087720666657e+00 1.55842244592333330e+01 1.30007732563689007e-07
8.15890850440000093e-01 1.55856579342000003e+01 1.35437748465310996e-07
9.89077684371333365e-01 1.55868458309999998e+01 1.35117675317023989e-07
7.08379171111333306e-01 1.55878571954333314e+01 1.35530925444709996e-07
2.78227373828333313e+00 1.55886627237666673e+01 1.26006715799941988e-07
3.92972028237000037e+00 1.55914350146333334e+01 1.18316491613148006e-07
8.46893239132666675e-01 1.55919020452333328e+01 1.35651281859753994e-07
1.15839542964333364e+00 1.55927845979666646e+01 1.34847419658256992e-07
1.62620689255666662e+00 1.55969951776333335e+01 1.33244615799671000e-07
9.16355511772666720e-01 1.56016528363333347e+01 1.35975871346658009e-07
2.34030213764666684e+00 1.56029729247333346e+01 1.29923775723620006e-07
7.66597098460999882e-01 1.56034251470666661e+01 1.36076314022573992e-07
6.35881263378333283e-01 1.56039863303000015e+01 1.36219935658204012e-07
1.71097151796000002e+00 1.56057562907000005e+01 1.33114771224901013e-07
7.04636741429333302e+00 1.56072217516666658e+01 1.11361597162180004e-07
1.97305842452000024e+00 1.56076818234000001e+01 1.32279382422769998e-07
6.63075264889333327e-01 1.56090026878000003e+01 1.36284545603233012e-07
9.51898055556333333e-01 1.56092548410000003e+01 1.36208466312078007e-07
8.75161324941666585e+00 1.56096137693333343e+01 1.06371320526505995e-07
7.95302179454666636e-01 1.56103921085666659e+01 1.36280087154223998e-07
1.28375744036333339e+00 1.56140390576999994e+01 1.35263772561140990e-07
7.18865304457000032e-01 1.56216870952333338e+01 1.36734596064872007e-07
1.01947138002133353e+00 1.56229385622999999e+01 1.36546902850831996e-07
8.57143057980000012e-01 1.56239149374999986e+01 1.36750353669643006e-07
1.87914345114333337e+00 1.56241978088666666e+01 1.32938928179667997e-07
1.35033535254333326e+00 1.56271114027666655e+01 1.35403527039497005e-07
6.22412950038999990e-01 1.56274964515000008e+01 1.36954110505747013e-07
7.46647131999999991e-01 1.56283710126333322e+01 1.36909563569385000e-07
1.06473497579333354e+00 1.56303753767333333e+01 1.36483962667852988e-07
8.91459353765999940e-01 1.56319813456999999e+01 1.36995130861441995e-07
6.72440369559333284e-01 1.56411166400333332e+01 1.37402769237555987e-07
8.03125177927666578e-01 1.56419083146999984e+01 1.37397631018495000e-07
3.35247125767999998e+00 1.56456727536000013e+01 1.24101114241212005e-07
6.99059576957666629e-01 1.56482276979333310e+01 1.37594884682861007e-07
8.33963667760333371e-01 1.56491870325999987e+01 1.37639445992615999e-07
2.58840580395000019e+00 1.56500061588666668e+01 1.29936491649107011e-07
6.31856840584666624e-01 1.56524831831999993e+01 1.37817393382751999e-07
1.18274964694000007e+00 1.56537625811666672e+01 1.37001261099594998e-07
9.62566181797333331e-01 1.56547380699000005e+01 1.37749348511094006e-07
2.92496730312333364e+00 1.56577729997666655e+01 1.27114901560578999e-07
7.55060185098333392e-01 1.56599690124333346e+01 1.38034137160207995e-07
6.54690258593999985e-01 1.56610870142333329e+01 1.37997339734965009e-07
1.49500710970000017e+00 1.56619385237333333e+01 1.36100043234425002e-07
1.24467168964000008e+00 1.56655626718333334e+01 1.37155269178439993e-07
9.98009832052333290e-01 1.56657180199333315e+01 1.37931683454630994e-07
7.82833150032333336e-01 1.56665393529999992e+01 1.38233434363174009e-07
9.02023007026000023e-01 1.56674784760999994e+01 1.38251605626640013e-07
2.69883154464333330e+00 1.56748702692333328e+01 1.29724786650158002e-07
7.91368595652333351e+00 1.56748916561333331e+01 1.10205351481863004e-07
6.19443890545666620e-01 1.56749867317000007e+01 1.38547461557180001e-07
1.57571794531666676e+00 1.56753379092333347e+01 1.36194458226904988e-07
9.30722987700333526e+00 1.56786890881666654e+01 1.10916890042262998e-07
7.07726383467000009e-01 1.56795792161999987e+01 1.38698230389403998e-07
8.42546186170333389e-01 1.56815873636000003e+01 1.38759196295058000e-07
9.37587291273666690e-01 1.56826331956333345e+01 1.38597384139546002e-07
7.35945164064666701e-01 1.56846366133000004e+01 1.38866455586440009e-07
1.35990374564999996e+01 1.56857338751666671e+01 1.06747510451342995e-07
2.13923153539333333e+00 1.56864222327999983e+01 1.34068264752067013e-07
4.69678285384000027e+00 1.56883155819333329e+01 1.18553824336295004e-07
2.02595572353000009e+00 1.56883214256333332e+01 1.34569204258765010e-07
6.54250393234666716e-01 1.56890906054333339e+01 1.39089514803407992e-07
1.74808041705999995e+00 1.56908410153333335e+01 1.35975172859693006e-07
1.08650841363333339e+00 1.56914983903333312e+01 1.38652076269194007e-07
8.76289229650000112e-01 1.56918123988999998e+01 1.39092402557847999e-07
1.37364752888999964e+00 1.56927193126666662e+01 1.37777209128217992e-07
6.31416975225333355e-01 1.56971534410666678e+01 1.39265973005102003e-07
7.90595057138333335e-01 1.56979548110000007e+01 1.39373973260333005e-07
1.83512151313333338e+00 1.56990627376999985e+01 1.35805771300752000e-07
5.10596648158000033e+00 1.57028246222999996e+01 1.19018942302312997e-07
6.92885904880333303e-01 1.57044294252666674e+01 1.39547831763779001e-07
1.14398546388000000e+00 1.57053411909000005e+01 1.38890997827997005e-07
8.19469603443666705e-01 1.57057241036999997e+01 1.39601844970620002e-07
6.68998181539666725e-01 1.57068949255333337e+01 1.39627829982527990e-07
1.00627737026433350e+00 1.57118887357666690e+01 1.39647107424496012e-07
7.43814650224333351e-01 1.57150272176666661e+01 1.39966232642561012e-07
1.44488426620999988e+00 1.57176357941333311e+01 1.38214116530770002e-07
7.70691578364000041e-01 1.57217750748000000e+01 1.40181589191626006e-07
6.21973084679666610e-01 1.57221667093666664e+01 1.40168005200097008e-07
2.38802648160999986e+00 1.57228492601000003e+01 1.34009188776209994e-07
8.82499526381333332e-01 1.57245938767333353e+01 1.40220840981664993e-07
9.41322915583000075e-01 1.57272562981999986e+01 1.40264023180764000e-07
1.26700928437000004e+00 1.57279436111999988e+01 1.39411840512345990e-07
1.04951235607333326e+00 1.57302322917333353e+01 1.40018453117719003e-07
7.01206238492000034e-01 1.57327044480999998e+01 1.40576809807343998e-07
8.27654151086666623e-01 1.57375453890999992e+01 1.40747431887402999e-07
6.61568035900999996e-01 1.57382209977999992e+01 1.40749309938451011e-07
7.23916203238333389e-01 1.57382448434000022e+01 1.40775649528801994e-07
1.32940721144000018e+00 1.57420279069666673e+01 1.39696199345464998e-07
5.93015201770000022e+00 1.57422368785333333e+01 1.17337700934337995e-07
3.96605732166333347e+00 1.57441083271333326e+01 1.21671613375717006e-07
9.11968928066666629e-01 1.57448830565000009e+01 1.40792414114870003e-07
6.37376357050333353e-01 1.57454299459999998e+01 1.40941114652558002e-07
9.74569344318666708e-01 1.57455318883000004e+01 1.40819682640982995e-07
2.51240583730666689e+00 1.57458151326000007e+01 1.33828087338802006e-07
8.56941030544666638e-01 1.57461901268333335e+01 1.41014860014878998e-07
7.77916404424333408e-01 1.57525372507999979e+01 1.41309560410834013e-07
6.80748702842333242e-01 1.57529331422999999e+01 1.41260247141856001e-07
1.61189887332333348e+00 1.57579484573666662e+01 1.39077055775194001e-07
8.06004430841666619e-01 1.57605382723999998e+01 1.41559124726554002e-07
1.43387213827666660e+01 1.57624620308666668e+01 1.12691941078809003e-07
1.69949671966333327e+00 1.57646904504000016e+01 1.38893902654762994e-07
6.35267063863333359e+00 1.57649028035333316e+01 1.17975598769416997e-07
1.16747208277333336e+00 1.57655679677333325e+01 1.41094746433925991e-07
7.30383765617666714e-01 1.57674185522666672e+01 1.41829458666667008e-07
1.05438251199133344e+01 1.57687886710000011e+01 1.10868360712470004e-07
8.37138632886333234e+00 1.57712889177666682e+01 1.14757295343318002e-07
6.25403272370666730e-01 1.57732632366333334e+01 1.42007045703503995e-07
7.57507038664000043e-01 1.57749631025333326e+01 1.42091110031595997e-07
1.22857386056333340e+00 1.57763702973666664e+01 1.41246613060268002e-07
8.65145678614333336e-01 1.57775095955999998e+01 1.42112575032669998e-07
1.05542493700999995e+00 1.57786788164999994e+01 1.41902073246881989e-07
6.83773832579333329e-01 1.57793429675666683e+01 1.42292474694731990e-07
8.99552155197666736e-01 1.57795634941666663e+01 1.42289215133750999e-07
1.87303196093999991e+00 1.57808535770333336e+01 1.38649002923102005e-07
2.90513395293999999e+00 1.57854459091666683e+01 1.32057050209420001e-07
1.45402213578999984e+00 1.57865622956666645e+01 1.40975762456342006e-07
1.96995119795999973e+00 1.57866282504333331e+01 1.38485161790363995e-07
2.75271300358666648e+00 1.57876136904000006e+01 1.33792552105535013e-07
7.10698930608333335e-01 1.57882879822333333e+01 1.42565634589969013e-07
9.78998011911333399e-01 1.57907745372333324e+01 1.42556908395192997e-07
8.13377863105333332e-01 1.57918629555333325e+01 1.42714561503307996e-07
6.38690855226666687e-01 1.57984017343666654e+01 1.42921809539861991e-07
8.43232231420000033e-01 1.58001895409999999e+01 1.42986708409061997e-07
6.65907663814333306e-01 1.58009359447666657e+01 1.43039012488747995e-07
2.19099786344666647e+00 1.58037247756000010e+01 1.38111890036708010e-07
7.63837445130000070e-01 1.58052988408999990e+01 1.43228080439207987e-07
1.01661861879366655e+00 1.58055779094666651e+01 1.42969544570421000e-07
1.34581711314000008e+00 1.58058132905333313e+01 1.42049615374047987e-07
9.11003895561000032e-01 1.58122271423333327e+01 1.43409088511711991e-07
1.11698753279999980e+01 1.58127875538666647e+01 1.13785129625179998e-07
7.91620243154000036e-01 1.58141976722999988e+01 1.43525015358336002e-07
1.08843728439000009e+00 1.58145048582666661e+01 1.43211815754476006e-07
1.13569780195000014e+00 1.58158198029000001e+01 1.43011498216444012e-07
7.21403885034999970e+00 1.58167729759333326e+01 1.16989489853395002e-07
7.16734181905333334e-01 1.58171568617666676e+01 1.43662145542512006e-07
2.31162154922333363e+00 1.58214033373999996e+01 1.38071581449549988e-07
9.48679773306000063e-01 1.58221868473333327e+01 1.43665253297444991e-07
6.23287582855999944e-01 1.58251384977333345e+01 1.43920106766415999e-07
3.44976864176000042e+00 1.58253909006333320e+01 1.28706202404289996e-07
1.39919530016999993e+00 1.58254311977666671e+01 1.42551272978194012e-07
7.42749423380666740e-01 1.58266231701666644e+01 1.43975704311117005e-07
6.74375366181000024e-01 1.58277783229999987e+01 1.44030769141442998e-07
8.51244118365666602e-01 1.58325046111666676e+01 1.44201146912414000e-07
1.56979942286666674e+00 1.58340735257333325e+01 1.42143872947735997e-07
6.98276786243000047e-01 1.58350542253333320e+01 1.44256840783841002e-07
1.24861193992333330e+00 1.58357595723333358e+01 1.43480285746688011e-07
1.50161005527333313e+00 1.58373874421000007e+01 1.42646835205141987e-07
8.84609305923333422e-01 1.58424883139333321e+01 1.44521465643055999e-07
7.62094570085666678e+00 1.58428731472000006e+01 1.18223937703572006e-07
7.97701623934666593e-01 1.58454760180333327e+01 1.44719889525612990e-07
1.73504523091666663e+00 1.58458187585333334e+01 1.41772179801906997e-07
6.36591383358999896e-01 1.58500133587333334e+01 1.44845479366859010e-07
6.60462358096333246e-01 1.58501189735999990e+01 1.44848102421022994e-07
1.30345726542999985e+00 1.58511182697333339e+01 1.43783791023258011e-07
4.14840472034333363e+00 1.58535055081666680e+01 1.26897010404523994e-07
1.02526399738033347e+00 1.58537240527333321e+01 1.44773262836632011e-07
1.82153937611999983e+00 1.58537601628000004e+01 1.41648910941224008e-07
8.27471130831666568e-01 1.58554563714333341e+01 1.45069746009878991e-07
3.73200900341666708e+00 1.58563057780666643e+01 1.28608790566007999e-07
7.47549454937999958e-01 1.58572298018333324e+01 1.45155458624189007e-07
4.45374535230666613e+00 1.58605285264000013e+01 1.26677652839708997e-07
1.06626366861999999e+00 1.58631855419333334e+01 1.44991664657993991e-07
6.99933772632333362e-01 1.58645354912999981e+01 1.45414679364081001e-07
7.74718857468000066e-01 1.58671838182999991e+01 1.45519699944259004e-07
9.57465146774666653e-01 1.58687329799333341e+01 1.45423812358818005e-07
2.56714624336000030e+00 1.58723092713000025e+01 1.38423885125428006e-07
1.16111825495333321e+00 1.58733803093999999e+01 1.45142600849730002e-07
6.76048570217333222e-01 1.58736626188999992e+01 1.45743573235634002e-07
6.23303800502999938e-01 1.58748748610000003e+01 1.45769799730058994e-07
1.59807175675333326e+01 1.58750726471666663e+01 1.09044015591154996e-07
7.23191199852000088e-01 1.58772447593999999e+01 1.45895877881765006e-07
8.92306227642333361e-01 1.58776043175666661e+01 1.45861129895536995e-07
1.21293061513666678e+00 1.58825177491999998e+01 1.45261607003604997e-07
2.00570052245333352e+00 1.58832405678666664e+01 1.41894717601804012e-07
9.96428763966666686e-01 1.58854668131000007e+01 1.45850272873436003e-07
8.33463666632000000e-01 1.58877189210333327e+01 1.46307588094659006e-07
2.69702766894666679e+00 1.58892437187333329e+01 1.37808556440415989e-07
9.27486190748666672e-01 1.58938892785666663e+01 1.46350980955058995e-07
1.40981481937000019e+00 1.58963779982000002e+01 1.45256849792776989e-07
5.26563560515999995e+00 1.58973081436000001e+01 1.24562567312921995e-07
6.65235083663999860e-01 1.58977722655333338e+01 1.46691155771974002e-07
7.79780249515666823e-01 1.58983097582333333e+01 1.46738854298660007e-07
6.36361288687000037e-01 1.58990901224999988e+01 1.46668958064172997e-07
8.64933575884999861e-01 1.58998831644000003e+01 1.46745393548669990e-07
2.11347137607666680e+00 1.59022362858666693e+01 1.42277937150417998e-07
2.98452034750333306e+00 1.59031665997000005e+01 1.36075498997258991e-07
1.31647144800333327e+00 1.59065791745000009e+01 1.45927349203361999e-07
7.27239152494333241e-01 1.59077220214666681e+01 1.47108924186586998e-07
1.24542494661666669e+01 1.59087372659000010e+01 1.14382996659621003e-07
8.08755551782666671e-01 1.59088645075666673e+01 1.47132388484915008e-07
1.46925929216666673e+00 1.59100100741666690e+01 1.45576963243012990e-07
1.08170693835999998e+00 1.59116554864333324e+01 1.46763652022672013e-07
1.60970426467333350e+00 1.59141012667333346e+01 1.45044469385926997e-07
7.56658799628000089e-01 1.59188330038333330e+01 1.47527062639156009e-07
1.68735222638333338e+00 1.59191045065000001e+01 1.44860162731053007e-07
5.67839511042666700e+00 1.59196639133999991e+01 1.25120002802487993e-07
1.12930100713333337e+00 1.59205353092666684e+01 1.46920564527536992e-07
1.85077358276999981e+00 1.59232102153666659e+01 1.44115210692353995e-07
6.76845746775333268e-01 1.59232717905666661e+01 1.47662818831521013e-07
6.23057488183999975e-01 1.59242152615000006e+01 1.47619613236766005e-07
7.05025214151666635e-01 1.59286148578666680e+01 1.47908881482775001e-07
1.36945081491333309e+00 1.59322209957333332e+01 1.46606707833142990e-07
8.68849654768999891e-01 1.59332823192666666e+01 1.48046650921314987e-07
9.32342652401333294e-01 1.59352753667333342e+01 1.47980077556628992e-07
1.00334444409633328e+00 1.59377297400333333e+01 1.47884527241757002e-07
1.23249039231333324e+00 1.59394390197000018e+01 1.47417561465691990e-07
8.13592031094999890e-01 1.59407023050000021e+01 1.48395046343366995e-07
2.35737357503666667e+00 1.59409384886333303e+01 1.42479973259107005e-07
3.23706696484999989e+00 1.59433401909333323e+01 1.35558864596437998e-07
6.34310358167666677e-01 1.59455754404000007e+01 1.48393057005314012e-07
6.59224821781999926e-01 1.59459498264333330e+01 1.48529227790854991e-07
1.93801549208333324e+00 1.59469159470333324e+01 1.44717164119190000e-07
1.28118589967333318e+00 1.59481417475999994e+01 1.47579316929210002e-07
7.61380633756333247e-01 1.59496797015000009e+01 1.48765516068294005e-07
9.01078768178999900e-01 1.59523895606000021e+01 1.48674750261778013e-07
8.42216224828333360e-01 1.59529558733333321e+01 1.48833739937333013e-07
1.04762294725000005e+00 1.59544569241666689e+01 1.48401636655796000e-07
7.10912018573333415e-01 1.59599550642333341e+01 1.49148706540564013e-07
7.89338562956333312e-01 1.59609942533333342e+01 1.49178526175667000e-07
9.69237288557000087e-01 1.59623819950333328e+01 1.48773158792034988e-07
3.91435640209666680e+00 1.59657029590999997e+01 1.34466991532774992e-07
1.31242873905333344e+01 1.59669985815333320e+01 1.19106209843503002e-07
2.48851891347666632e+00 1.59688785500333328e+01 1.42637804116386999e-07
7.37847791044333401e-01 1.59699089255000004e+01 1.49540106881560010e-07
6.64459731717666702e-01 1.59706124785999979e+01 1.49506921557341004e-07
6.51947436815666581e+00 1.59709854870000001e+01 1.23867456071167013e-07
6.21252869983666578e-01 1.59713601788999995e+01 1.49437305961952989e-07
1.14806220958666683e+00 1.59755887488999999e+01 1.49044497446670011e-07
9.51775291490666575e+00 1.59766859981999989e+01 1.18748765344155000e-07
6.87967461132666713e-01 1.59792746491000006e+01 1.49895900517712006e-07
1.49578930414333322e+00 1.59799704086666683e+01 1.48219934071972004e-07
8.45679326963333367e-01 1.59847789811999998e+01 1.50113168066898996e-07
9.00294166795333362e-01 1.59849140938666689e+01 1.49921354602536010e-07
1.19943923458333335e+00 1.59853550195333352e+01 1.49216123509342987e-07
6.39545268103333231e-01 1.59869047592333331e+01 1.50166746679569004e-07
1.56804490905666682e+00 1.59873755176000003e+01 1.48117506511800003e-07
2.76293936474666646e+00 1.59898952957333336e+01 1.41581906021179007e-07
7.93482531153666737e-01 1.59923769500000006e+01 1.50443184458576013e-07
1.36079834893333351e+00 1.59931783897000006e+01 1.49327277829986009e-07
1.80473506481666668e+00 1.59954918229666649e+01 1.47468918827905013e-07
6.94790343330999960e+00 1.59972645058666672e+01 1.25047441733616009e-07
8.71528155520333470e-01 1.59976299603999994e+01 1.50568814375937008e-07
1.72780785363333322e+00 1.59993275183666643e+01 1.47899443166784002e-07
7.41788910636000054e-01 1.60008990886666673e+01 1.50787222829119997e-07
1.30303672808999993e+00 1.60009872328333351e+01 1.49612731927094006e-07
8.21199101427333322e-01 1.60039081095333344e+01 1.50875916102030988e-07
9.61480230965000016e-01 1.60051141791000013e+01 1.50688051724288005e-07
2.89801109395000012e+00 1.60059859579333335e+01 1.40544478502860013e-07
1.94670270701333337e+01 1.60063768079999988e+01 1.14318660361610995e-07
1.06237153605333323e+00 1.60076916300333352e+01 1.50513456795140009e-07
6.90094133134000032e-01 1.60095799301666659e+01 1.51112224145641997e-07
6.40077718181666699e-01 1.60097088143333330e+01 1.51098623263253000e-07
9.23800993425666683e-01 1.60105320840666678e+01 1.50943912474840003e-07
8.30419908757333225e+00 1.60113420574666669e+01 1.22467308856789006e-07
7.69465721545333436e-01 1.60120525613333342e+01 1.51219360653671003e-07
2.15555922541666689e+00 1.60140237702666646e+01 1.46497595855918011e-07
1.11521672961666662e+00 1.60199436319333337e+01 1.50764961280047996e-07
7.16979810166333387e-01 1.60212505084666681e+01 1.51588708524917006e-07
1.93711385284333315e+00 1.60232385337333341e+01 1.48032277244056990e-07
6.67118853797333267e-01 1.60237218147666631e+01 1.51678837251039001e-07
1.01582664781333332e+01 1.60268129021333330e+01 1.21689434044161000e-07
6.21785320062000046e-01 1.60274975673333309e+01 1.51918132752180001e-07
8.75673285286000080e-01 1.60285965190333322e+01 1.51828180075386004e-07
1.73693504858000018e+01 1.60289556819999994e+01 1.14583008095780001e-07
2.27883773860000005e+00 1.60350474112333323e+01 1.46658806594664008e-07
8.25078376929666679e-01 1.60352989933666699e+01 1.52153442503165008e-07
9.06530941401333390e-01 1.60377351294666646e+01 1.52103259191955992e-07
1.21921910737000005e+00 1.60414658814666673e+01 1.51408410687367005e-07
7.73375752681666806e-01 1.60429074446666640e+01 1.52479934413264991e-07
9.83916115354333320e-01 1.60433545441999996e+01 1.52161547744598005e-07
7.81283526969333320e+00 1.60435744691999993e+01 1.24763304986447987e-07
4.62205583720666713e+00 1.60465606196333361e+01 1.32850909516342990e-07
8.53703732231333334e-01 1.60471364236666680e+01 1.52582975486399987e-07
1.27412109351666669e+00 1.60483953668666679e+01 1.51544260201743992e-07
1.39303104181000026e+00 1.60492457207999983e+01 1.51282145989735990e-07
6.62419522252666648e-01 1.60494408236666679e+01 1.52783104997803997e-07
1.03068021485666672e+00 1.60500825180999982e+01 1.52193387446879991e-07
1.85139546108333342e+00 1.60508407054666655e+01 1.49472777064930994e-07
7.21438013049666593e-01 1.60511298942666691e+01 1.52809899405903013e-07
1.45818447698333320e+00 1.60512827849666628e+01 1.51117672806597995e-07
6.35378386636999970e-01 1.60520944899000000e+01 1.52935044404000001e-07
8.01271837792333463e-01 1.60546227171666693e+01 1.52925061694612000e-07
7.50157144655666630e-01 1.60616333578000017e+01 1.53241656357355987e-07
1.59813659778333328e+00 1.60652875274333340e+01 1.51135206116054991e-07
1.66074706236999994e+01 1.60672419919333329e+01 1.20729979554933000e-07
5.02476246232000001e+00 1.60688311964666646e+01 1.32664058048725995e-07
6.76832926879333385e-01 1.60689380016666661e+01 1.53565966097163013e-07
7.02458662586333382e-01 1.60709094809666659e+01 1.53619365939088006e-07
1.68025158065000002e+00 1.60722362884333343e+01 1.51122009924595994e-07
9.16983467162666765e-01 1.60737954795666660e+01 1.53557359975297011e-07
6.23593066574999910e-01 1.60745969225666663e+01 1.53819559353120993e-07
1.13283285501666664e+00 1.60779646057000001e+01 1.53085287724981011e-07
8.57890502742333361e-01 1.60794709771666646e+01 1.53914193774759990e-07
9.56689403576333475e-01 1.60848327992666675e+01 1.53832790234283997e-07
8.04696774071000043e-01 1.60857258093000013e+01 1.54211524035049004e-07
1.18545820777333355e+00 1.60897205845999984e+01 1.53327660429374996e-07
2.72613286001666699e+00 1.60899659675333346e+01 1.45998171872557987e-07
2.52382623094666636e+00 1.60913109596333328e+01 1.47496862992802013e-07
7.53769860057666663e-01 1.60920154893666698e+01 1.54510227338991004e-07
3.86507747285999992e+00 1.60954357890333313e+01 1.37667416128652008e-07
8.90312581558333260e-01 1.60969914226333337e+01 1.54466325309199996e-07
6.64707345314666687e-01 1.60971967582666657e+01 1.54708036419134993e-07
1.98252817064333331e+00 1.60975934261999996e+01 1.50847089803234997e-07
8.32690083719333285e-01 1.60987366389999984e+01 1.54698219372985003e-07
7.07326289050333457e-01 1.61000758333666667e+01 1.54861414258734994e-07
6.38508620625999890e-01 1.61002020129333339e+01 1.54829361386311004e-07
1.04949282493333329e+00 1.61038772431666679e+01 1.54397093949226012e-07
7.80413404362333307e-01 1.61043926683666676e+01 1.54968611926610006e-07
1.29575435250000015e+00 1.61069675090333320e+01 1.53814683743799000e-07
2.08020710819000021e+00 1.61090444767000029e+01 1.50815440617264009e-07
3.31691445647000016e+00 1.61095079808000001e+01 1.40696774497783005e-07
7.29918354915666701e-01 1.61106783782333345e+01 1.55242042906228005e-07
1.35690267995000013e+00 1.61156267060999987e+01 1.53967737354139993e-07
6.83023040819333294e-01 1.61157791885333346e+01 1.55440536206062000e-07
1.09880027153000004e+00 1.61195073288666642e+01 1.54695235701364008e-07
5.83678805449666616e+00 1.61196708618666662e+01 1.31135644329191013e-07
1.84490377079666668e+00 1.61198541133999989e+01 1.52421131025829989e-07
6.24915554050999966e-01 1.61256050903666655e+01 1.55883737434195991e-07
1.14005521662000007e+01 1.61268796424666654e+01 1.22587684669268000e-07
9.73509377911999985e-01 1.61292233612333327e+01 1.55669947748809005e-07
8.35203781234333253e-01 1.61301725903666657e+01 1.56015781341866003e-07
8.90718579674000033e-01 1.61302512973666659e+01 1.55898334060294007e-07
1.48668619015666681e+00 1.61304626207666679e+01 1.54207722045993013e-07
7.83019369853666714e-01 1.61352484063333321e+01 1.56259557348003995e-07
2.92523515111333365e+00 1.61361582882333323e+01 1.46149507051419009e-07
2.62925589955666661e+00 1.61362777166333338e+01 1.48653014804618010e-07
1.55438270604333328e+00 1.61370622542999982e+01 1.54275068932170987e-07
7.32327885074666729e-01 1.61411117159999975e+01 1.56491204912939992e-07
1.01954869976666651e+00 1.61415398312333345e+01 1.55887880941650988e-07
8.60810198372999991e-01 1.61441668032666676e+01 1.56548960008502009e-07
6.83658149022666639e-01 1.61443915826666675e+01 1.56681426468621993e-07
1.20345328751666680e+00 1.61464011762666644e+01 1.55597587582108992e-07
2.31941927596333342e+00 1.61468031808666659e+01 1.51116387500026990e-07
8.09816437077333418e-01 1.61480174986333331e+01 1.56759498904318991e-07
6.25534869129333249e+00 1.61483265104666671e+01 1.32389945723866993e-07
6.36386762119333427e-01 1.61507052152666652e+01 1.56941950916260004e-07
1.71389237649333315e+00 1.61516978500000015e+01 1.54287192763139991e-07
7.58785355707999987e-01 1.61533045651000009e+01 1.56985494250065002e-07
1.25884744609666654e+00 1.61567186152999973e+01 1.55880112436560992e-07
9.12839919106999909e-01 1.61577261375666694e+01 1.57067439662125010e-07
7.10370927412666719e-01 1.61591215652666698e+01 1.57167304214274995e-07
6.63220595011333347e-01 1.61596456880666643e+01 1.57238486085602987e-07
1.92336102514666663e+00 1.61615889302333322e+01 1.53848981470689989e-07
1.44561889714666663e+01 1.61624003732000006e+01 1.23092333437078998e-07
9.48615592191666690e-01 1.61635082563666685e+01 1.57029078088117011e-07
1.78952341329333309e+00 1.61664903156333359e+01 1.54621476381196006e-07
3.56989463385000017e+00 1.61740952634333333e+01 1.44646529072392012e-07
6.21471208068333336e-01 1.61751001248999984e+01 1.57917631469760009e-07
2.43326242987000008e+00 1.61751266678666674e+01 1.51569100770698991e-07
8.63687850100000154e-01 1.61753251252000005e+01 1.57872095539925005e-07
1.11247719912999998e+00 1.61782833959333345e+01 1.57191220792453001e-07
8.11877995727666613e-01 1.61791600357666674e+01 1.58077236785604003e-07
1.20295755801333328e+01 1.61803781939000011e+01 1.26576626774594004e-07
2.81963528544666664e+00 1.61838016804666651e+01 1.48954754794646005e-07
7.60398725742999937e-01 1.61839414714000007e+01 1.58294984415671993e-07
8.93974908625333353e-01 1.61866275432333317e+01 1.58265744141485995e-07
1.03185057814000003e+00 1.61867439648999998e+01 1.57855779677450995e-07
7.12246105399666596e-01 1.61885635707999995e+01 1.58486384139264999e-07
1.37515749822000011e+00 1.61896894477666677e+01 1.56924897131979996e-07
6.64419043320000013e-01 1.61912673355999992e+01 1.58559436124772007e-07
8.40142991611666723e-01 1.61924734494333329e+01 1.58608537669804011e-07
1.16450486236000006e+00 1.61934212644333329e+01 1.57696195160803994e-07
7.86694298538999970e-01 1.61970278497666662e+01 1.58828559559807000e-07
6.37585210427999982e-01 1.61989935294666658e+01 1.58922164936227010e-07
3.09159189628666686e+00 1.61995067198666653e+01 1.48022488652358991e-07
1.56234126245000002e+01 1.62007367156666682e+01 1.25751343221553007e-07
7.35816433096666778e-01 1.62011906278333342e+01 1.58989950826481996e-07
1.43978757325333340e+00 1.62024882982666654e+01 1.57344580235550991e-07
6.86731775318333404e-01 1.62054552357333357e+01 1.59160613279779010e-07
1.07547163090666675e+00 1.62078574439000000e+01 1.58477216462112999e-07
7.11931742398333256e+00 1.62085828011666671e+01 1.31578504118492991e-07
9.63994158904333376e-01 1.62098924928999999e+01 1.59047718305752999e-07
1.27422546921666657e+00 1.62109485368999984e+01 1.58144680339572009e-07
8.58049979417666719e+00 1.62140693338999995e+01 1.30602809463526012e-07
1.58390709698999999e+00 1.62149570800999960e+01 1.57494740409676013e-07
4.40690188412666650e+00 1.62158574410000007e+01 1.40931134397406011e-07
2.12935513536999999e+00 1.62175890330333345e+01 1.55245980133849992e-07
9.00058201620333342e-01 1.62182744055000008e+01 1.59604588820231997e-07
4.07377000194999983e+00 1.62188637696666689e+01 1.43105282645860002e-07
1.00118982299799986e+00 1.62208117314333329e+01 1.59335633276571991e-07
1.66130178457333333e+00 1.62226439147999990e+01 1.57528015360374013e-07
6.26114002359666633e-01 1.62238934045666667e+01 1.59998422014269008e-07
8.42247953710333341e-01 1.62241481693333327e+01 1.59931981057831005e-07
9.15331910309333274e+00 1.62266311846333338e+01 1.30016712298099991e-07
7.88039925195333280e-01 1.62281793405333339e+01 1.60173006755657001e-07
7.57734240985999907e+00 1.62287925932333330e+01 1.32684602616787990e-07
6.86803540528666545e-01 1.62317839899333336e+01 1.60304131271895011e-07
7.35450386851666749e-01 1.62328216982666653e+01 1.60371787231851999e-07
1.91303471238666667e+00 1.62332375942333336e+01 1.57127993598661000e-07
2.24528878996000003e+00 1.62343240962333333e+01 1.55255677156008001e-07
1.32938719388999993e+00 1.62352601722999985e+01 1.58816481246399987e-07
9.34301778814666584e-01 1.62357572363666662e+01 1.60156245188257000e-07
8.71876105193666651e-01 1.62386467073666658e+01 1.60518322637003993e-07
8.15328584482666763e-01 1.62419862464333313e+01 1.60732430884642995e-07
1.82433397924666640e+00 1.62421799587333346e+01 1.58052515145618999e-07
7.11951824364999930e-01 1.62465233954333321e+01 1.60908281821791988e-07
7.61378306154333218e-01 1.62467240325999995e+01 1.60958475870356006e-07
1.18439026074666676e+00 1.62477972227999992e+01 1.60042748768184012e-07
6.39917439748666772e-01 1.62492160534999996e+01 1.61063981319581007e-07
6.66823037851000056e-01 1.62511519471666688e+01 1.61186496595420987e-07
1.23871670902333331e+00 1.62550070562333318e+01 1.60148842351879002e-07
1.06963232324000024e+00 1.62566011833666657e+01 1.60860388308568998e-07
5.18199857574999978e+00 1.62612712946333318e+01 1.38934859160557012e-07
1.01964163945466679e+00 1.62629342382666664e+01 1.61215683671923994e-07
2.64281457928333330e+00 1.62689592099333318e+01 1.54209893851479008e-07
8.72967039201666517e-01 1.62713357786333326e+01 1.61909141895137013e-07
9.34368153717666683e-01 1.62721554145333336e+01 1.61789050301458010e-07
7.05353743985666637e-01 1.62726905716666685e+01 1.62159286598319002e-07
8.16543353618666590e-01 1.62735460425999996e+01 1.62116270054836007e-07
6.23803437388999904e-01 1.62753226489333365e+01 1.62206175706710997e-07
6.77894895178666634e-01 1.62760470772000012e+01 1.62233290682346992e-07
7.62823455509999970e-01 1.62769878510999995e+01 1.62291534975491011e-07
2.45931519141000043e+00 1.62789651060666642e+01 1.55912109324030997e-07
1.46031015295000000e+00 1.62797528248999974e+01 1.60493856658461987e-07
1.53673316080000011e+00 1.62856219731999978e+01 1.60719214482450995e-07
9.01215510531333308e-01 1.62873616549333349e+01 1.62558650613719993e-07
8.44553656854333368e-01 1.62883970367666677e+01 1.62719415168287989e-07
5.58126466265999976e+00 1.62897551902333326e+01 1.39931665740093993e-07
7.90699843686999970e-01 1.62900029551999985e+01 1.62879681142687988e-07
7.17861330927666685e-01 1.62910504101666653e+01 1.62938875844520010e-07
2.76461274456333328e+00 1.62936335780666681e+01 1.54635515343389006e-07
7.42524781185000093e-01 1.62940932239000027e+01 1.63076501759892012e-07
1.15298376214000009e+00 1.62962240621666687e+01 1.62254848834655993e-07
1.09871846840000020e+00 1.62963451987666694e+01 1.62491380082325009e-07
1.32871531075666667e+01 1.62964073083000009e+01 1.27482057894450008e-07
1.32207953822333324e+00 1.62975342401000027e+01 1.61917744234574001e-07
6.64887034170666635e-01 1.62985935857333359e+01 1.63258381819080990e-07
6.37701174483333300e-01 1.62998050511333332e+01 1.63279154848533008e-07
1.69699545918666672e+00 1.63001661310333326e+01 1.60845027218605996e-07
9.97867677253000074e-01 1.63025911505000032e+01 1.63001934965759006e-07
9.58112715192333320e-01 1.63031470431333325e+01 1.63097214907369993e-07
1.96578458954000013e+00 1.63040321348333350e+01 1.60089009985679010e-07
1.78439661706000030e+00 1.63049097093333337e+01 1.60861653110754997e-07
1.26331613639333340e+00 1.63067073390666657e+01 1.62369907492239007e-07
2.06584044252666699e+00 1.63092848763333329e+01 1.59547315640606012e-07
7.04531842188000024e-01 1.63173590395000012e+01 1.64139307378313991e-07
9.01132224529999970e-01 1.63201989506333334e+01 1.63975351903707009e-07
8.45400199712333378e-01 1.63208374524666660e+01 1.64142894743912008e-07
7.91288117781333233e-01 1.63209975894999992e+01 1.64269155172584002e-07
6.79016394237999976e-01 1.63215457095333356e+01 1.64232668675571005e-07
7.44392009694999968e-01 1.63223359826666687e+01 1.64434362038096013e-07
6.23897737094333382e-01 1.63244824022000010e+01 1.64383681240216008e-07
2.56343767221333341e+00 1.63278308911333347e+01 1.57193747580370994e-07
1.03891090131199988e+01 1.63288875834666634e+01 1.30948320218629989e-07
9.34706680120000022e-01 1.63344025484000035e+01 1.64618697368376997e-07
7.20475497206666593e-01 1.63354460737333333e+01 1.64869980162729005e-07
3.12772925801333335e+00 1.63355511287666673e+01 1.52274081736240992e-07
7.65278958114333441e-01 1.63362252441666698e+01 1.64958969860216997e-07
8.73730296058333189e-01 1.63366134900333329e+01 1.64783424683609987e-07
8.17978170570999974e-01 1.63369810925999985e+01 1.64905107923518008e-07
2.28849152702000014e+00 1.63394479433999997e+01 1.59679749570984010e-07
3.58112262304999973e+00 1.63408700885666640e+01 1.48878203981695000e-07
1.02318574373833338e+00 1.63464124174666665e+01 1.64915912480628005e-07
1.07404585109999995e+00 1.63464995206333334e+01 1.64765692370914989e-07
6.66294862584333347e-01 1.63472656318000027e+01 1.65400423802837003e-07
6.38362065127999978e-01 1.63489908590666673e+01 1.65464610147847001e-07
1.18080341417999990e+00 1.63504443863999995e+01 1.64611628520764001e-07
1.41848324902999967e+00 1.63514627236333325e+01 1.63841756830157994e-07
1.35516107868333324e+00 1.63516625277999985e+01 1.64034095628450006e-07
1.23680934015666666e+00 1.63537178298666639e+01 1.64537825863290991e-07
1.50646038296666660e+01 1.63538706382666668e+01 1.34811000712126012e-07
2.38867477456333299e+00 1.63557654662333327e+01 1.59743939769146992e-07
6.40954558457999912e+00 1.63566356872333323e+01 1.38927439623241987e-07
1.56542905430333334e+00 1.63616507780666645e+01 1.63862382417203006e-07
7.12056701971000017e-01 1.63644439078666686e+01 1.66236250790922005e-07
7.63839767321000007e-01 1.63673484354000003e+01 1.66363669664290999e-07
9.34692273617666713e-01 1.63677745047000016e+01 1.66112446218830990e-07
1.64829666510666684e+00 1.63685081012000033e+01 1.64053879892436989e-07
8.17573716335666667e-01 1.63693191828666649e+01 1.66364969258286009e-07
8.73880527323333212e-01 1.63701771458666663e+01 1.66292767393650007e-07
6.83391515298666707e-01 1.63720767959000000e+01 1.66507109340107996e-07
6.24464328033666582e-01 1.63745084568666677e+01 1.66642162217533992e-07
3.87370217197000022e+00 1.63819370157333317e+01 1.51421568726326000e-07
7.34534023665999958e-01 1.63824570080333345e+01 1.67021668690145993e-07
1.82237969964999991e+00 1.63840615317000022e+01 1.64114140999171991e-07
7.89444472752666715e-01 1.63844588709999961e+01 1.67079757102894998e-07
1.10053444930999991e+01 1.63849554409333322e+01 1.34809194655049001e-07
8.45145976742000093e-01 1.63867391985666693e+01 1.67078755368908995e-07
9.01268049292666684e-01 1.63871345627666649e+01 1.66931539637615007e-07
1.00232478468833341e+00 1.63879613859666655e+01 1.66819950664908011e-07
6.84508525211666541e+00 1.63906129590666687e+01 1.40986403619059001e-07
1.91506693898999991e+00 1.63921263217000011e+01 1.64165519041502991e-07
9.62058797115333264e-01 1.63927439408666693e+01 1.67124567146735991e-07
1.62501656806666688e+01 1.63929060604333330e+01 1.35801097244642009e-07
1.09885158798666649e+00 1.63933679734999984e+01 1.66833142036912989e-07
1.15134385732666655e+00 1.63974339758666652e+01 1.66810918952618004e-07
6.69419761685333348e-01 1.63988020231666667e+01 1.67775695383629995e-07
6.38425371876666592e-01 1.63995084568666663e+01 1.67774538071451990e-07
4.57140185636999963e+00 1.64013056066333327e+01 1.47471202907589003e-07
1.26210129644666669e+00 1.64070527593999991e+01 1.66881724515362006e-07
2.11456824919999997e+00 1.64099099891666675e+01 1.63817308023860994e-07
3.36427980739666665e+00 1.64123272148333363e+01 1.55634592713479998e-07
2.81649708616999961e+00 1.64130577368666657e+01 1.59462510561327992e-07
7.32565397332333390e-01 1.64132616762666643e+01 1.68446152153096011e-07
1.32168963314333343e+00 1.64141705563000038e+01 1.66895924688261998e-07
1.38793707622333304e+01 1.64150809442666663e+01 1.36302323169940993e-07
7.87285907707999999e-01 1.64159807445000006e+01 1.68532979551637004e-07
8.43748455263999997e-01 1.64205741773666638e+01 1.68634057065667998e-07
6.81696741842000020e-01 1.64230320833999990e+01 1.68871824430178998e-07
1.44758453933333331e+00 1.64233193120333318e+01 1.66918520293207992e-07
2.22128567910333352e+00 1.64233379930333321e+01 1.63813147107759998e-07
9.04095401479333205e-01 1.64243919433666683e+01 1.68622399876866008e-07
4.94379192287999913e+00 1.64244488834333318e+01 1.47764864039870009e-07
6.23961043842999996e-01 1.64250000000000007e+01 1.68986376746051998e-07
1.51810733675666665e+00 1.64276382181666669e+01 1.67026786344054005e-07
7.08896586371333348e-01 1.64290456537999994e+01 1.69211582280542989e-07
7.59712575942666724e-01 1.64296749771333310e+01 1.69202021005257009e-07
9.41058301826000032e-01 1.64318469885666651e+01 1.69051789653805991e-07
1.02502618192999995e+00 1.64321716402000000e+01 1.68840294299054011e-07
2.97414749737333350e+00 1.64325113146666695e+01 1.59136101379826010e-07
8.14017629813000076e-01 1.64346760351666639e+01 1.69349724832389993e-07
1.07069287786666645e+00 1.64374911245666659e+01 1.68888750816670989e-07
2.54644521230000009e+00 1.64400779731666660e+01 1.62882974647621991e-07
8.75310358031999969e-01 1.64412695052666642e+01 1.69508803159176006e-07
1.67979673640333349e+00 1.64461394888666668e+01 1.67404167333201008e-07
1.17449970489333322e+00 1.64485538809666672e+01 1.69104076782592998e-07
7.77030700068333235e+00 1.64499210866999981e+01 1.40152063551689989e-07
6.65974286338333332e-01 1.64503274403000006e+01 1.70180060694884004e-07
6.39232978148000064e-01 1.64515889232000028e+01 1.70258765076349999e-07
2.43395037587666652e+00 1.64533581848333341e+01 1.63962683234186993e-07
1.22925121803666659e+00 1.64548992210333331e+01 1.69191493274826998e-07
1.76647861307333343e+00 1.64569493410666681e+01 1.67675646646806996e-07
7.10126107349999924e-01 1.64582966811666687e+01 1.70598947780339000e-07
7.57304495525333299e-01 1.64599620331666650e+01 1.70636292502965987e-07
9.55592560154666759e-01 1.64645180028666687e+01 1.70409007843226990e-07
8.09971678980999976e-01 1.64668890810666682e+01 1.70860577054282991e-07
8.28210056711999876e+00 1.64674302391000005e+01 1.41526001123198001e-07
9.99294452685666634e-01 1.64696252094000002e+01 1.70565775097605007e-07
1.34525660730000030e+00 1.64702694396666658e+01 1.69469720147891991e-07
6.84237153282666655e-01 1.64705387006333375e+01 1.71143384713121011e-07
7.31386837893666653e-01 1.64727997596666675e+01 1.71222659861735988e-07
6.25271934305000054e-01 1.64765889232000013e+01 1.71414758317575997e-07
8.70556437063000010e-01 1.64773852136666683e+01 1.71229134831703994e-07
7.80831876458666585e-01 1.64784808464333317e+01 1.71433686883240003e-07
1.40782934314333308e+00 1.64796179995666670e+01 1.69774213148884993e-07
1.95124585955666663e+00 1.64806849661666668e+01 1.67930729150264988e-07
1.09045822837999995e+00 1.64872366678333329e+01 1.71141624559127002e-07
8.34948583462999938e-01 1.64889029316666686e+01 1.71835707934868994e-07
5.72514953523666748e+00 1.64889921307666647e+01 1.46477633794835007e-07
2.05069131678000005e+00 1.64932158921333354e+01 1.68051561656248011e-07
1.14177278606666666e+00 1.64942334218666637e+01 1.71333429465042989e-07
1.79080106396999987e+01 1.64954363832999995e+01 1.32462384987421990e-07
6.81014952714333321e-01 1.64970627146333335e+01 1.72416943048569987e-07
1.54748771804333329e+00 1.65004736963999967e+01 1.70344527743829989e-07
9.32153752486333254e-01 1.65004992405000017e+01 1.72152745274329005e-07
7.28688886689333404e-01 1.65011342508333350e+01 1.72575842012833005e-07
6.35583860522999977e-01 1.65015889231999999e+01 1.72628695504836992e-07
8.94811082354999954e-01 1.65041100089666664e+01 1.72403619975605992e-07
1.25126986839333321e+00 1.65067433531333307e+01 1.71594353819942006e-07
1.22518967741666671e+01 1.65069194810333322e+01 1.36655045922597001e-07
7.75891239478666672e-01 1.65082129908666673e+01 1.72864086187442991e-07
6.59102968145000023e-01 1.65101847876333352e+01 1.73017018303455012e-07
1.62630950688666664e+00 1.65121176439666648e+01 1.70705502987431001e-07
7.04205955577333342e-01 1.65131551863333357e+01 1.73133287576168991e-07
1.30768692095999994e+00 1.65149957748666658e+01 1.71800752390363993e-07
1.89090720044666689e+01 1.65164147597333333e+01 1.33347569315617005e-07
1.00936426166899995e+00 1.65168027961666652e+01 1.72677891866246997e-07
7.49665907341000026e-01 1.65180286687666680e+01 1.73323569216745007e-07
9.41107557680666673e+00 1.65205310975666677e+01 1.40320823020922001e-07
8.26793297172333297e-01 1.65213774071000010e+01 1.73409125767762990e-07
2.26233798566666655e+00 1.65226457039666670e+01 1.68165487926728997e-07
6.20311926218000020e-01 1.65250000000000021e+01 1.73742700080186008e-07
6.13486982035999961e+00 1.65272169791666670e+01 1.48727233905279992e-07
1.05486134142666654e+00 1.65290947702333320e+01 1.73222345291649003e-07
7.96875755710333311e-01 1.65290957009333326e+01 1.73804570463152999e-07
9.48046580216333368e-01 1.65299617087000001e+01 1.73396565112054000e-07
2.60768412396999993e+00 1.65349724938000016e+01 1.66603476365084997e-07
3.98672510159999982e+00 1.65353621663999988e+01 1.56410738980507988e-07
2.37481943489666669e+00 1.65363483729333325e+01 1.68263760064937999e-07
2.73432852887666655e+00 1.65367222801999993e+01 1.65776959333387006e-07
7.02430170752333383e-01 1.65400113977666656e+01 1.74433968053867009e-07
6.58226848957333299e-01 1.65402886660666617e+01 1.74482357443528009e-07
1.79706657538666659e+00 1.65407249230000026e+01 1.71394361049073005e-07
8.81015665704666606e-01 1.65408898013666636e+01 1.74222082151925990e-07
9.81555196867999968e-01 1.65411580578333322e+01 1.73728156855530000e-07
7.45047384376666622e-01 1.65429869030000027e+01 1.74529400611445009e-07
1.16232594376333331e+00 1.65450319016666683e+01 1.73680319275181996e-07
8.48605734122000022e-01 1.65466394814999980e+01 1.74561676320380989e-07
1.42536389487666670e+00 1.65468679415999986e+01 1.72922212562901006e-07
6.34707741335333364e-01 1.65483594683000028e+01 1.74835793421540989e-07
1.21707151294666671e+00 1.65511964928666693e+01 1.73863754361617988e-07
3.31048842969999990e+00 1.65528181101999969e+01 1.61428374757323994e-07
7.22294578900000039e-01 1.65529486964999997e+01 1.75016859557043994e-07
6.78363048701666749e-01 1.65540228044999971e+01 1.75090727398331992e-07
1.88914658252999978e+00 1.65563957580999990e+01 1.71819905492046004e-07
4.35129290382333256e+00 1.65577370859666679e+01 1.56277976451579003e-07
7.87896265641666704e-01 1.65577539360333326e+01 1.75211951156656998e-07
7.62293226445666661e-01 1.65618294601999985e+01 1.75422139509335994e-07
1.49449947235333336e+00 1.65634047323000004e+01 1.73570130360672989e-07
9.35578506944666710e-01 1.65637047454333306e+01 1.75130287852472000e-07
1.28394363772333318e+01 1.65646872798000011e+01 1.40920399498253008e-07
1.32645503253666663e+00 1.65648515624666679e+01 1.74199730184834988e-07
3.06179166002999992e+00 1.65653645244333347e+01 1.64672169522353001e-07
9.05890262564333248e-01 1.65710220696333330e+01 1.75608199848669998e-07
1.00063519236066654e+01 1.65726605924666650e+01 1.43543786709413992e-07
6.24395815117333330e-01 1.65733594683000014e+01 1.76079708082978999e-07
9.69087123596333200e-01 1.65749010945666662e+01 1.75964668507190002e-07
8.36210377778333402e-01 1.65779973719999987e+01 1.76131119485426997e-07
6.78640564286666748e-01 1.65790637495999995e+01 1.76327915907161009e-07
7.22962399666666644e-01 1.65795320982333330e+01 1.76323000346966993e-07
1.07159024702999983e+00 1.65800599218000002e+01 1.75673938279101990e-07
8.05418450759999960e-01 1.65813935327000017e+01 1.76334055000801992e-07
7.48223052941333400e-01 1.65856552452333368e+01 1.76668844324147010e-07
2.08740625180666628e+00 1.65869430798999993e+01 1.72244495467331992e-07
1.38155927061000017e+00 1.65873751692999996e+01 1.74861840987548007e-07
1.65296894495666646e+00 1.65885920642333318e+01 1.74216561632065011e-07
1.12774029168000012e+00 1.65890002992000021e+01 1.75968762430653007e-07
7.03375507103999986e-01 1.65916357445999978e+01 1.76963754474289988e-07
6.37090737929333351e-01 1.65975756005999990e+01 1.77221612146745989e-07
6.60887361136333396e-01 1.65978790767999982e+01 1.77317774214756999e-07
1.23860922683000019e+00 1.66015037155333331e+01 1.76252363299592988e-07
2.19233549079000012e+00 1.66029448878666663e+01 1.72556842227690990e-07
8.92383750220333227e-01 1.66040756012999999e+01 1.77269313324753988e-07
8.55113797017000077e-01 1.66053012235333348e+01 1.77453567618519009e-07
1.73704413678666669e+00 1.66063894910666683e+01 1.74812755246256992e-07
1.29157569385333337e+00 1.66069063634000003e+01 1.76400135692664003e-07
7.91371709827666692e-01 1.66088834612666680e+01 1.77764301645534009e-07
7.59779351205000064e-01 1.66090696496333301e+01 1.77791196228172997e-07
6.99921337217999895e+00 1.66127434458333312e+01 1.48283140081296009e-07
5.08265687544666633e+00 1.66129966945333329e+01 1.54345175549209012e-07
9.81546531267999955e-01 1.66140090062666665e+01 1.77654038546870004e-07
6.98983713964333231e-01 1.66169923003000015e+01 1.78279277904283987e-07
6.72547878841666669e-01 1.66219436359666695e+01 1.78501212961544012e-07
1.03428038254733323e+00 1.66235763773333325e+01 1.77966923529091990e-07
6.22694922811999896e-01 1.66242161322999991e+01 1.78568723837256007e-07
1.51886403954333349e+00 1.66341039357999989e+01 1.76918669459740011e-07
9.09619273970666775e-01 1.66342256008666673e+01 1.78804132685497987e-07
7.44533311635000028e-01 1.66345371374666655e+01 1.79104591858166997e-07
8.39570039908333343e-01 1.66347246276999989e+01 1.78945665689840013e-07
8.06619879737333290e-01 1.66349107047333327e+01 1.79022221020645006e-07
2.41454206965666662e+00 1.66349738833333340e+01 1.72619695373377998e-07
7.15649830424333278e-01 1.66370135973666677e+01 1.79247127058053998e-07
1.14859109325000008e+00 1.66398533757666662e+01 1.78418453659870991e-07
1.37458127235333305e+00 1.66456642094666663e+01 1.78310898748661997e-07
6.61777737514333331e-01 1.66457845466000016e+01 1.79689527512401009e-07
9.50377658073666698e-01 1.66460491558999983e+01 1.79193144093300998e-07
1.20471445921666676e+00 1.66461922008999998e+01 1.78605733671421010e-07
1.92059335190333336e+00 1.66462982032333322e+01 1.75967543107359005e-07
2.53491192230666629e+00 1.66468782158666677e+01 1.72823671466201995e-07
1.59851172330333324e+00 1.66476473201666657e+01 1.77368381727279994e-07
6.35721404691666603e-01 1.66483605191333304e+01 1.79733329328002009e-07
5.46474840089333380e+00 1.66490560462666650e+01 1.56266898638750993e-07
7.46641013487000027e+00 1.66518417813999982e+01 1.51298519385932999e-07
1.31562352931333337e+00 1.66543332703000004e+01 1.78669635772000013e-07
7.60420181644999915e-01 1.66613564785333317e+01 1.80429883282660990e-07
7.90914391124666660e-01 1.66619162341666680e+01 1.80388471202218000e-07
8.56276696850999941e-01 1.66633265902999987e+01 1.80362990847826990e-07
7.03745543925999972e-01 1.66640394004333352e+01 1.80615649825841988e-07
8.89055977710000001e-01 1.66640531857000020e+01 1.80351684159230989e-07
2.01940756395666687e+00 1.66643145990666675e+01 1.76481499080286005e-07
2.79674763063666632e+00 1.66661714333666673e+01 1.71539918803629000e-07
6.76309286138666699e-01 1.66678590140000011e+01 1.80739347147491997e-07
6.23026481879666694e-01 1.66741443868333334e+01 1.81053048203986010e-07
3.46616830173999979e+00 1.66752016109000003e+01 1.67067035473273006e-07
2.96656035058666667e+00 1.66753600998000024e+01 1.70563759599722002e-07
1.05636094908066669e+00 1.66768699163333345e+01 1.80573488041291012e-07
3.78609654986666655e+00 1.66826157836999975e+01 1.64902556101177009e-07
1.11452161513333325e+00 1.66842065373666664e+01 1.80749990359339001e-07
9.49015391395333308e-01 1.66863679100333364e+01 1.81498341791174004e-07
7.45961450354999944e-01 1.66871093188000010e+01 1.81713859006981007e-07
7.18170293846666641e-01 1.66873157808000023e+01 1.81739336489591990e-07
8.05715974237999899e-01 1.66897234935000007e+01 1.81765867601655002e-07
8.38128119793333348e-01 1.66913199266666687e+01 1.81814807581796999e-07
1.40653685378666649e+00 1.66933072769999988e+01 1.80479130513735997e-07
1.47397603268333310e+00 1.66940864979333341e+01 1.80211840124709006e-07
9.07796806587999883e-01 1.66941301019999990e+01 1.81862427930498996e-07
1.12343341555333325e+01 1.66954774325999971e+01 1.45548843038348002e-07
6.65537672773333422e-01 1.66957765336999984e+01 1.82164855985943009e-07
1.75789322890000022e+00 1.66959934659666658e+01 1.79057745642859006e-07
1.22714974383666675e+00 1.66974177991666686e+01 1.81076897735047990e-07
2.22651336752666706e+00 1.66985254118000022e+01 1.76991483099051005e-07
6.38311201336999923e-01 1.66994859339999984e+01 1.82341029698031994e-07
1.28509234691000018e+00 1.67001562206999985e+01 1.81169796675087007e-07
7.06555153878000053e-01 1.67104490938666679e+01 1.82885927664736992e-07
8.49134658079333349e+00 1.67126027856000015e+01 1.50239196670249994e-07
1.61823925039666672e+00 1.67131160217333310e+01 1.80535100996368999e-07
7.59022496476666753e-01 1.67136772700666647e+01 1.83027899581926002e-07
6.81358790592000108e-01 1.67150902332000015e+01 1.83064682418278994e-07
7.88282810880000073e-01 1.67157316891333352e+01 1.83112636580747001e-07
2.33623849716333343e+00 1.67168517383000008e+01 1.77563993501980010e-07
9.74909159471333275e-01 1.67199228910333346e+01 1.83097073443600010e-07
1.84936243687333346e+00 1.67202313430333334e+01 1.80086186541201989e-07
1.02526402612233336e+00 1.67212823312000012e+01 1.82897459243448013e-07
8.52954802047333316e-01 1.67222132480333308e+01 1.83344131816615997e-07
8.89844207982999902e-01 1.67242968279666684e+01 1.83435843246443007e-07
6.25284719457333327e-01 1.67253415471666678e+01 1.83682482838717007e-07
4.48444302254999982e+00 1.67324072321333333e+01 1.62640500523203007e-07
7.17136954366999979e-01 1.67353106196666666e+01 1.84147560807924994e-07
1.13654349196666682e+00 1.67365200796666649e+01 1.83350155790013988e-07
6.26443860854333323e+00 1.67382114589333320e+01 1.55758562046961000e-07
7.41813140457333375e-01 1.67387452578666647e+01 1.84321192197171994e-07
6.78784719330666753e-01 1.67396491281666648e+01 1.84461409611958012e-07
1.63845504468666689e+01 1.67417484932999976e+01 1.44142428412460006e-07
1.19304825470333320e+00 1.67433925163333335e+01 1.83550418368000988e-07
1.69354556416333324e+00 1.67436647406999981e+01 1.81785178032043991e-07
8.00267586287666699e-01 1.67442126057333347e+01 1.84535013669492008e-07
8.32527431899666603e-01 1.67490977314666658e+01 1.84728472992980009e-07
6.38368847068999989e-01 1.67514322727999989e+01 1.85061516823693998e-07
7.01308271798666727e-01 1.67521263731666643e+01 1.84966493406427007e-07
1.31060567395333361e+00 1.67522993809666652e+01 1.83686892902461990e-07
9.04750228156333236e+00 1.67531417933333344e+01 1.53178188351668006e-07
1.37309243779000023e+00 1.67541194980999997e+01 1.83689305600527003e-07
6.63021247244000023e-01 1.67556151008000001e+01 1.85228504583867988e-07
2.05178978250999977e+00 1.67565735716000006e+01 1.80926014841829001e-07
1.50599624769333329e+00 1.67592064898000039e+01 1.83453843980313988e-07
9.06971261680999952e-01 1.67594926685666650e+01 1.85172112949012003e-07
9.50817628362000011e-01 1.67628809235999974e+01 1.85281982918177010e-07
2.57457044771666643e+00 1.67634532007666657e+01 1.78101781258669001e-07
1.18518630226666648e+01 1.67639429212666649e+01 1.50457149051783008e-07
7.53005426204000017e-01 1.67642930046000025e+01 1.85616868511525008e-07
4.84341692766333320e+00 1.67645235638999992e+01 1.63912865418122998e-07
1.57061178164666670e+00 1.67646926292333340e+01 1.83565681872203006e-07
7.82199557631000020e-01 1.67677059333999985e+01 1.85751087661634989e-07
1.04996763703833329e+00 1.67723890149333350e+01 1.85482143775369998e-07
2.15396634709666701e+00 1.67747825763666647e+01 1.81526061548847005e-07
6.23084127611666649e-01 1.67760907256333347e+01 1.86323187153577989e-07
6.99129412481333312e-01 1.67767690655000017e+01 1.86375732460088003e-07
1.10308643682999996e+00 1.67802901423666668e+01 1.85668222528471006e-07
2.70976175114000029e+00 1.67809966318666675e+01 1.78296643497604990e-07
6.74405268167666549e-01 1.67817076656333306e+01 1.86620481182252993e-07
8.42126752748333374e-01 1.67842949256333327e+01 1.86498749445821998e-07
7.39635111052666772e-01 1.67862847331333320e+01 1.86802972540058003e-07
6.69324249282666628e+00 1.67897606537666668e+01 1.59686056704747012e-07
7.14630482943666601e-01 1.67914706905666655e+01 1.87077673766876004e-07
8.79681176593999914e-01 1.67926062827999978e+01 1.86957303825075006e-07
7.90650204668000067e-01 1.67926202479666671e+01 1.87048863595975004e-07
1.21555646830666664e+00 1.67967955102000026e+01 1.86229346231761003e-07
6.35002999675000068e-01 1.68016393603999994e+01 1.87647252648054003e-07
1.27517128448333339e+00 1.68029639533000008e+01 1.86436926414728997e-07
6.61671740056000046e-01 1.68030734723999977e+01 1.87745281724420989e-07
3.05173188564999975e+00 1.68041274271666659e+01 1.76182415287416999e-07
8.18317554173333406e-01 1.68043241144666666e+01 1.87539793836629994e-07
9.69953931303666805e-01 1.68048447321999994e+01 1.87375342672134003e-07
1.38112168353000015e+01 1.68083068840333354e+01 1.48294553630561990e-07
7.51404685539000083e-01 1.68093201386000004e+01 1.88023662105343008e-07
1.50497049827333313e+01 1.68093976538000014e+01 1.47503293394089991e-07
1.40126579714666666e+00 1.68114972030666685e+01 1.86521600005876012e-07
7.73225647727333265e-01 1.68122427246333359e+01 1.88143793386985991e-07
1.87994070000333324e+00 1.68129701661333364e+01 1.84660198261259998e-07
1.01874907332900011e+00 1.68129933833666705e+01 1.87604837789381009e-07
2.36220183768000025e+00 1.68130030503666710e+01 1.82209358578499007e-07
1.46673042815333332e+00 1.68158049738333339e+01 1.86566538769304013e-07
3.30264306713333333e+00 1.68165153525000015e+01 1.74942009083906010e-07
1.68275567602333354e+00 1.68166733052666650e+01 1.85966862755288998e-07
7.13027324391000028e-01 1.68186621617999990e+01 1.88635797659364010e-07
6.21918872063333406e-01 1.68255486347666690e+01 1.88840958567995012e-07
1.60308680098333345e+00 1.68255620571666675e+01 1.86665187115739006e-07
7.35936430421666565e-01 1.68280822474333327e+01 1.89024621670299988e-07
6.70810263382000005e-01 1.68290527573333328e+01 1.89090359888885996e-07
1.98355383358666693e+00 1.68312959988666684e+01 1.85226756811649003e-07
8.94086679430666664e-01 1.68315506300333340e+01 1.88930186113749005e-07
8.14035707997999958e-01 1.68326478693000006e+01 1.89258294074549005e-07
1.12333745179666677e+00 1.68336128354000003e+01 1.88390474567480000e-07
6.95096504691333217e-01 1.68351810526333345e+01 1.89423111762184010e-07
7.84272836414333319e-01 1.68355500458666683e+01 1.89375267162142993e-07
9.40513067459333385e-01 1.68404008244000032e+01 1.89267032023060002e-07
1.17930272053666663e+00 1.68432457665666639e+01 1.88750516395091992e-07
5.58506190617666665e+00 1.68443579952666660e+01 1.63098371764546012e-07
2.48016393558333315e+00 1.68477001802999986e+01 1.83623405438117988e-07
3.93318776157999972e+00 1.68477460517000033e+01 1.71686672501684005e-07
6.31710943314999995e-01 1.68487612189000018e+01 1.90004025879155001e-07
6.53933594252666617e-01 1.68508312294666673e+01 1.90175519787428004e-07
7.43074594563000068e-01 1.68517902314666692e+01 1.90306152905278988e-07
7.69590038367333307e-01 1.68563354438666657e+01 1.90516679519173001e-07
8.30176651164999946e-01 1.68579474166333334e+01 1.90571475572152011e-07
1.29949143085000007e+00 1.68592754210666662e+01 1.89291357229470009e-07
8.67645228225333298e-01 1.68624474716666661e+01 1.90620585443729989e-07
1.03711544521066679e+00 1.68627655776000012e+01 1.90177038843337000e-07
7.00378700034333335e-01 1.68643186083666698e+01 1.90979101279152997e-07
1.36309917967666649e+00 1.68659885537000029e+01 1.89509825919356996e-07
2.18319817209666667e+00 1.68681950263000004e+01 1.86177164987928989e-07
7.25447683875333316e-01 1.68715077015666672e+01 1.91343070706958008e-07
6.19792071251666687e-01 1.68732125841333342e+01 1.91274187479833007e-07
1.02283381243533338e+01 1.68737217403333339e+01 1.54303814872517009e-07
4.26696643203999937e+00 1.68751625805666698e+01 1.71848765926127997e-07
6.58814895021999969e-01 1.68752587295000005e+01 1.91473770164295008e-07
1.08858502388666678e+00 1.68754839021999992e+01 1.90585071976610011e-07
1.49632314035666680e+00 1.68783696499333331e+01 1.89763805400581004e-07
1.72771429819000022e+00 1.68802706781666672e+01 1.89127868569587989e-07
7.80036047231666640e-01 1.68825019373333305e+01 1.91907866525488987e-07
1.72805155438000035e+01 1.68825651261000012e+01 1.54743683205701012e-07
6.80973759494333364e-01 1.68826178131000013e+01 1.91917137412883991e-07
1.56806397923333329e+00 1.68826405938333330e+01 1.89772589625876992e-07
9.53600485361333239e-01 1.68847994599333369e+01 1.91553827873255000e-07
8.10859788445666751e-01 1.68870160866666659e+01 1.92124721470645998e-07
1.81856713064999997e+00 1.68874060297666659e+01 1.88886722780963994e-07
2.28170853304333354e+00 1.68880891738000010e+01 1.87071189325052009e-07
7.63483929920000026e+00 1.68891576738666664e+01 1.59798238058968001e-07
6.36592244084333347e-01 1.68898553856000007e+01 1.92331596514696998e-07
1.31548266709666652e+01 1.68898742022000015e+01 1.55428680939535998e-07
5.97503182870333305e+00 1.68952885595333342e+01 1.66848487715554990e-07
1.00140772108733334e+00 1.68990155619666673e+01 1.92132450561089005e-07
7.32514071214333318e-01 1.68990397650333328e+01 1.92825406208877000e-07
8.81258855518999962e-01 1.68991540020666662e+01 1.92579528910798993e-07
1.19947334669000027e+00 1.68994539454333328e+01 1.91664568836114994e-07
2.76468618660000010e+00 1.69052083102666693e+01 1.84236997069536005e-07
7.60586990766333293e-01 1.69054887884000031e+01 1.93165421033255005e-07
1.26004724082666653e+00 1.69093151568333333e+01 1.92082326006658000e-07
6.38114005931333383e-01 1.69116341358333315e+01 1.93571730105248007e-07
6.84665818957999939e-01 1.69117866732333368e+01 1.93510811000835989e-07
9.20787724626333404e-01 1.69126557959666677e+01 1.93174075370858011e-07
8.21603838175333223e-01 1.69168580779333304e+01 1.93705629510446994e-07
2.93684360115999965e+00 1.69191504391333325e+01 1.83507855479563011e-07
7.11137146836999912e-01 1.69210195319666674e+01 1.94013463717700006e-07
2.01500425157333352e+00 1.69220560648666662e+01 1.89790333627871005e-07
8.54534328188333414e-01 1.69244959383000015e+01 1.94066723920934998e-07
6.64028716332666691e-01 1.69262063398666669e+01 1.94282391366639013e-07
1.38873594360000019e+00 1.69264732849333335e+01 1.92633146378870004e-07
6.21313833098666612e-01 1.69283246677000001e+01 1.94559739655836987e-07
1.10159477582666665e+00 1.69313297941666647e+01 1.93540824585981995e-07
8.14798217868666619e+00 1.69324095256666673e+01 1.63552324152620003e-07
7.68575126370000028e-01 1.69338262761999978e+01 1.94683683038635012e-07
1.45649527327333317e+00 1.69345466103999982e+01 1.92879738467496006e-07
1.08400848762999988e+01 1.69404707229999971e+01 1.59741383562627991e-07
7.98768232565000069e-01 1.69406814164000004e+01 1.95065294229152999e-07
2.11247202549666691e+00 1.69407460875333307e+01 1.90524721981879998e-07
1.01391199571333335e+00 1.69409737641666673e+01 1.94299609862409001e-07
1.15651782989000007e+00 1.69456669062333312e+01 1.94320141012484013e-07
4.96392528300000091e+00 1.69479423112666687e+01 1.70752842140832995e-07
9.24243436090666726e-01 1.69480586922999983e+01 1.95110636757694988e-07
1.60119133182333329e+00 1.69489458976999998e+01 1.93183003843460005e-07
7.18485050707666772e-01 1.69499141380000005e+01 1.95607344169137990e-07
6.60547105686999925e-01 1.69512814886666661e+01 1.95785537589913997e-07
2.49093116439333340e+00 1.69528672913333338e+01 1.89202653670746004e-07
6.34632395285666617e-01 1.69533759513000000e+01 1.96003323388566007e-07
1.68117277574000012e+00 1.69554647339333364e+01 1.93252979338509008e-07
7.47850110688666692e-01 1.69562718588666677e+01 1.95944931657204989e-07
8.63070903548333379e-01 1.69570482893333327e+01 1.95817879334741992e-07
3.42773305763666647e+00 1.69577427665000009e+01 1.80890856748879996e-07
1.06262947177666667e+00 1.69605696717666667e+01 1.95303506771597987e-07
8.93251142343333360e-01 1.69671092494333351e+01 1.96327283303212995e-07
1.28222552866999995e+00 1.69685929819666654e+01 1.95199971813470009e-07
8.06506720435666735e-01 1.69706708364333316e+01 1.96672556856104995e-07
9.85891159788666704e-01 1.69713399856999985e+01 1.96276784629817001e-07
9.51264624840333362e-01 1.69720379952333360e+01 1.96507759708239003e-07
6.74684535079999925e-01 1.69723622910666698e+01 1.96929457551608997e-07
7.00664812487666655e-01 1.69734439478999981e+01 1.96920953466998998e-07
6.23318562186999992e-01 1.69750512835999992e+01 1.97140589394682013e-07
1.85759110514666670e+00 1.69758559908666662e+01 1.93532186284173997e-07
1.34730648261666652e+00 1.69790379774333324e+01 1.95604340649462008e-07
8.37878901405999965e-01 1.69793998490000000e+01 1.97130782389185987e-07
3.73834950395666654e+00 1.69815592929000019e+01 1.80484846417745997e-07
7.54444114973333413e-01 1.69867401724000011e+01 1.97611571933803997e-07
2.30417315184666682e+00 1.69878998237333327e+01 1.92298207738517997e-07
5.32347873606666599e+00 1.69917173909000034e+01 1.73722677677315013e-07
1.95041509248666678e+00 1.69921801932333345e+01 1.93991528415304002e-07
7.82907618525333415e-01 1.69942840097666661e+01 1.98022953123699991e-07
7.10896996896666633e-01 1.69988981991666641e+01 1.98305752640184010e-07
9.01294949781333288e-01 1.69995124434666671e+01 1.98087119975749001e-07
6.61798452419999905e-01 1.69995170701000013e+01 1.98445706366541009e-07
1.48307405021666661e+00 1.69995255171000004e+01 1.96297334810437995e-07
6.36347189928333279e-01 1.70001116000000003e+01 1.98463209882857000e-07
1.05551842231333337e+00 1.70037405799666637e+01 1.97926568071054011e-07
1.17564908555000014e+00 1.70048483316666648e+01 1.97512742392964995e-07
1.57428985437666658e+01 1.70051061640666674e+01 1.63637369201806989e-07
9.34618532467333396e-01 1.70051580270666669e+01 1.98330458158486002e-07
7.35311239401333361e-01 1.70058367027999999e+01 1.98604929222911998e-07
1.00913223518866668e+00 1.70088408131000044e+01 1.98320218697716988e-07
1.55602926989000001e+00 1.70096538604999985e+01 1.96632101545971000e-07
1.94420449343333352e+01 1.70100379517333344e+01 1.54102602467255004e-07
8.46657476233333317e-01 1.70110891060666667e+01 1.98842582350800993e-07
1.43731361975999992e+01 1.70111533285000007e+01 1.65141266988205991e-07
1.24078289019333332e+00 1.70179131959999985e+01 1.98009869394403010e-07
2.39543368529333334e+00 1.70179808113333344e+01 1.93407025848580997e-07
8.79893285813666659e-01 1.70211407404333350e+01 1.99272183460311996e-07
2.69272001629000002e+00 1.70229978105666682e+01 1.91470599424085000e-07
6.98210367273333188e-01 1.70233709084999987e+01 1.99683413714564000e-07
7.92550484148666690e-01 1.70245332892666674e+01 1.99713643619076012e-07
6.23028627741333274e-01 1.70250603164000012e+01 1.99831111785961994e-07
6.75092100204333412e-01 1.70250714362666677e+01 1.99795950623374005e-07
1.71458686821999984e+00 1.70293975950000025e+01 1.97120167041958999e-07
9.24164859462666577e+00 1.70303279212999996e+01 1.63242984540311011e-07
7.35519056804333382e-01 1.70306813381666693e+01 2.00145600378174008e-07
2.57801541956666647e+00 1.70310402023000016e+01 1.93041408541534989e-07
6.81209787581000015e+00 1.70319378385333344e+01 1.67878098579370987e-07
2.13936977992999999e+00 1.70324704194999974e+01 1.95344924617785990e-07
8.24928160886333361e-01 1.70326093729999997e+01 2.00019629921452009e-07
9.49359564816333212e-01 1.70369259169666698e+01 2.00038451089091007e-07
9.89246732589333377e-01 1.70413067125333377e+01 2.00129908233908006e-07
1.37020654657000018e+00 1.70414768613333329e+01 1.98941998290727994e-07
7.12265761779333317e-01 1.70416096808666673e+01 2.00619864619451012e-07
1.80015236516666666e+00 1.70426535003333335e+01 1.97477345984530002e-07
1.08164310007999998e+00 1.70444139851666669e+01 2.00102594552893012e-07
4.39119341409999997e+00 1.70452039518333329e+01 1.78703340372127009e-07
7.50077324523666711e-01 1.70487315260999992e+01 2.01104439677403009e-07
7.75493303531666789e-01 1.70489331546999985e+01 2.01052853268691996e-07
6.35818359539333300e-01 1.70503598112666630e+01 2.01214510868742999e-07
6.62430569510666589e-01 1.70509654610333321e+01 2.01233119505534006e-07
1.13712571994000000e+00 1.70516734095666642e+01 2.00150790625730008e-07
3.01401096382000011e+00 1.70534329619666671e+01 1.90017611166065990e-07
1.43821478449666640e+00 1.70538910755333326e+01 1.99432992886447992e-07
8.88309381811333232e-01 1.70571417929333364e+01 2.01238166598946988e-07
2.23256054533333348e+00 1.70597300081999990e+01 1.96389563219034994e-07
8.35221777560333223e-01 1.70615496180999990e+01 2.01674019966291003e-07
7.13145654364999992e-01 1.70650802257999992e+01 2.02096675404217991e-07
9.24452078128000010e-01 1.70672813858666679e+01 2.01745904316179990e-07
7.37238606923333317e-01 1.70725512192666677e+01 2.02421736082256990e-07
6.22789731798000012e-01 1.70752994948666661e+01 2.02572898062458989e-07
8.65367188904999973e-01 1.70760304036666675e+01 2.02233094710890009e-07
6.73396525472000018e-01 1.70769815617333336e+01 2.02693188662047987e-07
7.89629549627666738e-01 1.70778007762333353e+01 2.02694594984678011e-07
1.98100085578666651e+00 1.70781551266333338e+01 1.98572577943206009e-07
1.26187218309666660e+00 1.70787625574666642e+01 2.01338783483061997e-07
3.25398923881333380e+00 1.70796373639999999e+01 1.89226118944588995e-07
1.58338050049666657e+00 1.70797203873000001e+01 2.00377139201859991e-07
1.00719229041066671e+00 1.70797283049666682e+01 2.02235602381288993e-07
6.97633581069999953e-01 1.70818457337666665e+01 2.02932777547027000e-07
8.16980346918666722e-01 1.70823411559000000e+01 2.02805309907305010e-07
4.72917835994666635e+00 1.70858673507666659e+01 1.80653104859569991e-07
1.05320247077666651e+00 1.70879358107333310e+01 2.02453143938688009e-07
1.21088879003666676e+01 1.70887862747333337e+01 1.64237626180171013e-07
1.32621488552666666e+00 1.70918812273333316e+01 2.01883604477782992e-07
7.28649791949333281e+00 1.70922365230666635e+01 1.73920296398022000e-07
1.66195665491000000e+00 1.70929452855666675e+01 2.00872292097923998e-07
6.05878958850999982e+00 1.70942591322333328e+01 1.73691209137593998e-07
7.46639588616333394e-01 1.70961574867333326e+01 2.03756904917264987e-07
9.82720809061666678e+00 1.70987783733999983e+01 1.69116886847678997e-07
2.07248776930666656e+00 1.70997553302333358e+01 1.99357135740416000e-07
6.35649722793000027e-01 1.71004152786666630e+01 2.03965595192865009e-07
7.73614552312666626e-01 1.71012054151000008e+01 2.03939179389827007e-07
6.59644306495666632e-01 1.71014916957666649e+01 2.03989953825493009e-07
9.38921047228666539e-01 1.71043826316000036e+01 2.03821556726908999e-07
8.62361139107666652e-01 1.71069826824666684e+01 2.04232140844225010e-07
8.31294842849666593e-01 1.71098676210999976e+01 2.04382594075550992e-07
7.05434497067000010e-01 1.71108500878333309e+01 2.04590241337128995e-07
9.81774091738333188e-01 1.71124487551333324e+01 2.04055510615521009e-07
1.15828307569666666e+00 1.71156938456000027e+01 2.03683143486489006e-07
7.30347552055000016e-01 1.71176908473333356e+01 2.04869030381733009e-07
1.46041272587666637e+00 1.71209440225999998e+01 2.03097433669216000e-07
1.83002223838666667e+00 1.71238192852666664e+01 2.01860763390118994e-07
6.22859990995000001e-01 1.71251157838000019e+01 2.05288173581733993e-07
6.69135329234999965e-01 1.71261922008999967e+01 2.05355885902278007e-07
7.85091369525333427e-01 1.71292359623333326e+01 2.05526598505301987e-07
1.21789573421000008e+00 1.71297181291666654e+01 2.04293516752349997e-07
6.90688464208333297e-01 1.71306864209333334e+01 2.05522787117557005e-07
2.42015345310666641e+00 1.71330632674333323e+01 1.99608706835502013e-07
8.15420862771333410e-01 1.71333577886666681e+01 2.05695452820932992e-07
1.06734015907333313e+00 1.71339192009333345e+01 2.05022756454421990e-07
8.80439135539999973e-01 1.71355839618666685e+01 2.05760868144466005e-07
1.53262322220333336e+00 1.71366449909666656e+01 2.03781249974476989e-07
9.16669125430999987e-01 1.71377079501666678e+01 2.05676406346953998e-07
3.85754919732666712e+00 1.71380875865000029e+01 1.87086162156662996e-07
1.91804674166666689e+00 1.71429967092000020e+01 2.02553760612794011e-07
7.38830381629333233e-01 1.71461467009333326e+01 2.06501421163667011e-07
2.76377654535333361e+00 1.71486496037333325e+01 1.98049440125794991e-07
2.52529221773666634e+00 1.71498864824666697e+01 2.00014526194579994e-07
9.96756634621000059e-01 1.71498881871333317e+01 2.06174455724463005e-07
6.36924038670666715e-01 1.71501157838000005e+01 2.06664765489566011e-07
6.59204793207999962e-01 1.71501157838000005e+01 2.06592662164218004e-07
7.66599235403333190e-01 1.71526438875666649e+01 2.06817213493859010e-07
1.34579795111000000e+00 1.71539505760666664e+01 2.05315968935364005e-07
1.11693814413333325e+00 1.71544178113999983e+01 2.05866309180572000e-07
1.28243119455999999e+01 1.71569497569000013e+01 1.69989893348963000e-07
2.24976834153333316e+00 1.71570562465666647e+01 2.01800212998961007e-07
6.95329248732666660e-01 1.71597645474000018e+01 2.07196609324880000e-07
1.03631252158999998e+00 1.71631511271666675e+01 2.06622277004524990e-07
8.28229033114999957e-01 1.71634066644999983e+01 2.07360199418279989e-07
2.91291007832333326e+00 1.71651426262666682e+01 1.97054818602347008e-07
1.68810978664999989e+00 1.71669570000333316e+01 2.04914440665001000e-07
7.18558111165666702e-01 1.71683840678999999e+01 2.07688531161817989e-07
8.62181009625666683e-01 1.71685177763333314e+01 2.07540330212797993e-07
1.41198755353333349e+00 1.71705991571333350e+01 2.06079449046674999e-07
6.74980170439999916e-01 1.71718212102333325e+01 2.07826067580358999e-07
4.17661443700999957e+00 1.71743157165666673e+01 1.88283119279175999e-07
6.24064047675666700e-01 1.71750000000000007e+01 2.08015283355475000e-07
9.37068226521666658e-01 1.71786785846333352e+01 2.07984490700112008e-07
6.46705175133333299e+00 1.71793592163999982e+01 1.80833119392511994e-07
5.42850860509666688e+00 1.71817559255333343e+01 1.80998482426012989e-07
8.31917574848999841e+00 1.71818402977666658e+01 1.73096182281847012e-07
2.09662472469333316e+00 1.71820070833999985e+01 2.03823748276039989e-07
7.76328642199999863e-01 1.71823400243666669e+01 2.08509458863280996e-07
9.74302691201999971e-01 1.71827926980666668e+01 2.07966728427624998e-07
1.77060987317999996e+00 1.71845750943999995e+01 2.05679573137895997e-07
1.23841154419666655e+00 1.71884076663999998e+01 2.07554123550958010e-07
8.07628946665666647e-01 1.71889809749666647e+01 2.08809761396874993e-07
6.64784715859666697e-01 1.71968212102333347e+01 2.09405312747878987e-07
1.30197105866666663e+00 1.71995214434333334e+01 2.08094420249260990e-07
6.36149347632666617e-01 1.72000000000000028e+01 2.09365077580809999e-07
2.34610071586000002e+00 1.72003085182000000e+01 2.03611070190671006e-07
7.24768842257333290e-01 1.72003296426333314e+01 2.09562268166716995e-07
1.11936752856666666e+00 1.72044733360000031e+01 2.08851458073063013e-07
8.76190091775333357e-01 1.72056850148999985e+01 2.09604098338370009e-07
7.54770519517666716e-01 1.72077884124666660e+01 2.09969266078005995e-07
1.55529026013999983e+00 1.72078842268000010e+01 2.07768452856780003e-07
1.03834358745333333e+00 1.72084986770666681e+01 2.09342428880191998e-07
2.18071453151666672e+00 1.72120484110333329e+01 2.05118406306878992e-07
9.14847318780333318e-01 1.72137218348999994e+01 2.09893098491765992e-07
6.76786655718666696e-01 1.72179593571666665e+01 2.10470584695233002e-07
8.17331469716666703e-01 1.72189145606333334e+01 2.10503325901275988e-07
9.98787727097666611e-01 1.72210367035666678e+01 2.10164706764681991e-07
7.05325212821666603e-01 1.72211816023999980e+01 2.10696616733381991e-07
3.37024059384666685e+00 1.72232891847666671e+01 1.95871950067075003e-07
1.63220067017333315e+00 1.72249713375999995e+01 2.08598215311822989e-07
6.22085299956999904e-01 1.72249999999999979e+01 2.10884284683344011e-07
1.07180060937000010e+00 1.72293222754333328e+01 2.10438912208958999e-07
8.51940638315666576e-01 1.72305074887333340e+01 2.10956569707227009e-07
1.94730894800999987e+00 1.72326155662666629e+01 2.07490898011691002e-07
5.77384953501333342e+00 1.72333671026000026e+01 1.85784822984199989e-07
1.20284229715666680e+00 1.72362290718666706e+01 2.10581369235543994e-07
7.64073297918666738e-01 1.72372652371333324e+01 2.11659234088218989e-07
1.15278398965999984e+00 1.72383269166000019e+01 2.10821025625144002e-07
8.85668646365999912e+00 1.72392196856666651e+01 1.78707895379084994e-07
1.42668266830000001e+00 1.72417199044333351e+01 2.10100539826740002e-07
7.95333943651999942e-01 1.72417504346999984e+01 2.11950086230761007e-07
6.63455297279333278e-01 1.72459710758000000e+01 2.12166866084031002e-07
7.06501345784333323e-01 1.72479472170333317e+01 2.12430208053144002e-07
1.10339413365333314e+01 1.72497707580666670e+01 1.71535068540141994e-07
6.37389309744666566e-01 1.72498329288666667e+01 2.12437918320823000e-07
2.03440001751666655e+00 1.72500257368666681e+01 2.08029301637450999e-07
1.31722670309333334e+00 1.72523760285333339e+01 2.11115231561810999e-07
9.31647678986333383e-01 1.72545707198333353e+01 2.12298284508707008e-07
2.57759424493333311e+00 1.72575835979333334e+01 2.05693594418773988e-07
9.78353622623333252e-01 1.72577714750666651e+01 2.12448627326816012e-07
3.66318410603999967e+00 1.72579228808666691e+01 1.96302261872904007e-07
8.56188685192666665e-01 1.72580007714000025e+01 2.12513765385383991e-07
1.79139949650333352e+00 1.72598011694333344e+01 2.09904608508862991e-07
6.81181498512000050e-01 1.72612245673333327e+01 2.13078625086058006e-07
7.46331337070666678e-01 1.72629989459999997e+01 2.13315630095246006e-07
4.83850269689666668e+00 1.72631710904000037e+01 1.87865596691355001e-07
1.49777487857999980e+00 1.72633040057333318e+01 2.11302744670841009e-07
2.70137397582666638e+00 1.72643891109333332e+01 2.04965922292930005e-07
7.21330442889000056e-01 1.72651560923666665e+01 2.13395677160082008e-07
8.05617027273333286e-01 1.72704861029999996e+01 2.13610797115752000e-07
6.25304009787666648e-01 1.72748329288666689e+01 2.13965826678972004e-07
8.31862600215000025e-01 1.72751435116000032e+01 2.13803211633589006e-07
1.07792041023999996e+00 1.72753075612333333e+01 2.13201133110771009e-07
1.37574871030333346e+00 1.72779259084666670e+01 2.12400433275641996e-07
8.72629429655999989e-01 1.72818009628000020e+01 2.14149162743736008e-07
1.12640772240666664e+00 1.72841800763666669e+01 2.13708938786418990e-07
6.81503016936000017e-01 1.72851914383666667e+01 2.14637082585134011e-07
1.22885304183000010e+00 1.72874897433333352e+01 2.13560733665815992e-07
9.04505777802000033e-01 1.72877810629333339e+01 2.14390639831991010e-07
1.88007406805333321e+00 1.72886642173666623e+01 2.11339153414773992e-07
7.07094091787666579e-01 1.72903721984333316e+01 2.14975368688502012e-07
7.59407505003666716e-01 1.72909490861333346e+01 2.14926410624622007e-07
1.27967793329666679e+00 1.72925229229666684e+01 2.13750073692012992e-07
7.87432549473000010e-01 1.72939510455666685e+01 2.15006025707733003e-07
1.65446928131666660e+00 1.72979860149666678e+01 2.12775728037884996e-07
2.35105958039666652e+00 1.72985788242333349e+01 2.09444365342669012e-07
8.48303344678333349e-01 1.72989437029999991e+01 2.15306612875477007e-07
9.97823729765666578e-01 1.73003226479666665e+01 2.14873667990891996e-07
6.38081783662333368e-01 1.73005001078666680e+01 2.15531037940046007e-07
2.98163776305666639e+00 1.73011433291666670e+01 2.04351036443530009e-07
6.64469289621000048e-01 1.73039384591666661e+01 2.15747250921101995e-07
2.18092013230999981e+00 1.73075080758000013e+01 2.10741209261114990e-07
1.04603222297333343e+00 1.73083333444666643e+01 2.15241517212794989e-07
7.16470227696333395e-01 1.73133028734999996e+01 2.16282003535427990e-07
1.73116802111666668e+00 1.73151977524333311e+01 2.13702607323636011e-07
5.17827948898000034e+00 1.73152845855333339e+01 1.91504453966275990e-07
7.43782746730666688e-01 1.73160369075666658e+01 2.16416532751599010e-07
8.01423773459333355e-01 1.73229431027333334e+01 2.16775866453331000e-07
8.36048995722999955e-01 1.73232783515666675e+01 2.16800670013287992e-07
6.22777773874666707e-01 1.73256671789999999e+01 2.17063433023511992e-07
1.14432199867666662e+00 1.73257033127999982e+01 2.16049210661178009e-07
1.16852154934666661e+01 1.73296208211333322e+01 1.80869893847489008e-07
9.20069480735333456e-01 1.73299083554666673e+01 2.16883248923193012e-07
1.19670901060333335e+00 1.73311108245000014e+01 2.16278354786763999e-07
6.74420444428333266e-01 1.73317299088999981e+01 2.17446068046737990e-07
2.08650920499666626e+00 1.73321045723666636e+01 2.13037665014946989e-07
3.19899000358666674e+00 1.73330854856333332e+01 2.04418252285640009e-07
1.36613343055999992e+00 1.73355806372666699e+01 2.16234555690102998e-07
7.45275333131666695e+00 1.73357708417666636e+01 1.84070676221482993e-07
7.00830307652000051e-01 1.73359135631666668e+01 2.17591014932021008e-07
1.51977730350999996e+00 1.73364326766999994e+01 2.15572124260588991e-07
4.28225958104666660e+00 1.73390721109000019e+01 1.95196990025371007e-07
9.66681489062000132e-01 1.73392491852666666e+01 2.17247837352228995e-07
1.30425749459666673e+00 1.73414579834000016e+01 2.16646176545775988e-07
7.54944277219666726e-01 1.73432120478999998e+01 2.18030452380916989e-07
1.74115511494666642e+01 1.73432744932333343e+01 1.69472658437215989e-07
7.84560259478999988e-01 1.73471162836333299e+01 2.18198560441101989e-07
2.25493280686333319e+00 1.73507862173666645e+01 2.13071402108607006e-07
6.35034731117333329e-01 1.73516572407666665e+01 2.18635284183027008e-07
8.51534260962333422e-01 1.73536360520333339e+01 2.18540971554157011e-07
1.59956129621333321e+00 1.73540275751333333e+01 2.16392711005184008e-07
6.60289895712333319e-01 1.73542816193666667e+01 2.18706367345080013e-07
1.06313736517666668e+00 1.73577136243666672e+01 2.18166838180548003e-07
8.91540558624333346e-01 1.73612145170666672e+01 2.18803321162160994e-07
7.11514811442000017e-01 1.73622212758333312e+01 2.19186029482053002e-07
1.88983117753666652e+00 1.73648033858000019e+01 2.15796775107830988e-07
1.11293982871333341e+00 1.73662110775666640e+01 2.18538128886442011e-07
7.38316261975333288e-01 1.73667857265000016e+01 2.19394202260427007e-07
2.52475796277333364e+00 1.73676923366666642e+01 2.12269487457635993e-07
2.42473393978666651e+00 1.73716081325666671e+01 2.13441939093773989e-07
6.50137307254333319e+00 1.73751417267999990e+01 1.87710839962863992e-07
6.22256957242666608e-01 1.73759900617666680e+01 2.20020553022023997e-07
7.96313316602333288e-01 1.73772609023333331e+01 2.19999912972643999e-07
1.21865785792000003e+00 1.73804208321666671e+01 2.19175350421966008e-07
6.71237469109333351e-01 1.73808251172666672e+01 2.20298335368833988e-07
7.97228828082666752e+00 1.73821227646666649e+01 1.88353093120852000e-07
8.28662095822000011e-01 1.73834454219000030e+01 2.20314656578475004e-07
9.98540014179666713e+00 1.73838517345666652e+01 1.79674921837649997e-07
6.96052521615333375e-01 1.73845811194666666e+01 2.20449105937462001e-07
9.83475102034999993e-01 1.73846010653333316e+01 2.19945426677482003e-07
1.27538145044666673e+00 1.73857348114333341e+01 2.19391409226043008e-07
1.39953233636666674e+00 1.73867778574666687e+01 2.19200285724600005e-07
4.60616289508666643e+00 1.73872640858000018e+01 1.98162988122216010e-07
2.75746324505999985e+00 1.73887934184666655e+01 2.11902808510069007e-07
1.75091228478333316e+00 1.73889749900666679e+01 2.18037951873861013e-07
1.47026976900333328e+00 1.73936866527666645e+01 2.19236837132119998e-07
7.47968315968666642e-01 1.73949951465666643e+01 2.21097703639181008e-07
1.03172248494199992e+00 1.73950548079333345e+01 2.20417109548343010e-07
6.34041949200999988e-01 1.74014285054333335e+01 2.21535196767728006e-07
7.76349388336333379e-01 1.74015660866666657e+01 2.21411923478703988e-07
6.57767296472666629e-01 1.74036391823333325e+01 2.21579959770839011e-07
9.05758134399999970e-01 1.74075099540333333e+01 2.21541032145885009e-07
2.88859349932000020e+00 1.74090546141666671e+01 2.11511058158575995e-07
1.82090086965333331e+00 1.74097175755000002e+01 2.19039409092873994e-07
2.04816982591666674e+00 1.74106160279000015e+01 2.17804745007247993e-07
3.76547195953000013e+00 1.74106497307000012e+01 2.03146467035161990e-07
7.04788180139000020e-01 1.74114054604666642e+01 2.22065567111929993e-07
1.13207667386666677e+00 1.74147306970999978e+01 2.21436510992093000e-07
7.29902523958999905e-01 1.74172550368999985e+01 2.22365567784782999e-07
8.38511867334000072e-01 1.74176584242666657e+01 2.22369035583429007e-07
1.95513455213999987e+00 1.74183970369000001e+01 2.19038344834289002e-07
1.58122046832666658e+01 1.74204016978333307e+01 1.76890094624535988e-07
9.51080669483999941e-01 1.74215556725000020e+01 2.22136813964015009e-07
1.18540769114666666e+00 1.74235329400000012e+01 2.21829622057974006e-07
6.21784991958333255e-01 1.74254384436666676e+01 2.22912476102004006e-07
5.86109045442333354e+00 1.74265404167000035e+01 1.93689474862888987e-07
1.62212143811666665e+00 1.74269216907666653e+01 2.20711238011154008e-07
6.67502476196333294e-01 1.74276655144333326e+01 2.23006476662742994e-07
6.89708307356666661e-01 1.74316757903666684e+01 2.23171449234026992e-07
7.85107627749333292e-01 1.74321228857000001e+01 2.23271892267947988e-07
8.75601608249999885e-01 1.74341444913666699e+01 2.23017696839273994e-07
1.43643262079999996e+01 1.74365510710000002e+01 1.79417995555164989e-07
1.29939593100333339e+00 1.74387212805333327e+01 2.22527781266984010e-07
8.14921327527333261e-01 1.74420307037333338e+01 2.23746309893525004e-07
1.04830354712866658e+00 1.74436429638333301e+01 2.23339125947880997e-07
1.69677368688666674e+00 1.74446573682333366e+01 2.21575951537026994e-07
7.37432381795000036e-01 1.74456139217666681e+01 2.24110520066484007e-07
2.26903123339666690e+00 1.74456400449333309e+01 2.18800471457949993e-07
1.36167088096000000e+00 1.74456416727000025e+01 2.22802831803604995e-07
6.34522035912333249e-01 1.74498522833333318e+01 2.24364426969429996e-07
6.56514172878666646e-01 1.74498686772000013e+01 2.24279617733325002e-07
7.64256413217666686e-01 1.74539108304666648e+01 2.24531607203254998e-07
1.09885527251666670e+00 1.74548213997999966e+01 2.23871700877082002e-07
4.06548219485333373e+00 1.74555708306666695e+01 2.05385540312254999e-07
6.93698380377666624e-01 1.74580194017333348e+01 2.24813003967273007e-07
1.90385320901333337e+01 1.74603635407000013e+01 1.74368125506842989e-07
1.49870545087999996e+00 1.74657119323666699e+01 2.23566667875366003e-07
7.16308110996000003e-01 1.74661079567000002e+01 2.25347853882461990e-07
2.37468621212999986e+00 1.74666318454000020e+01 2.19604435274829000e-07
1.05803866357666667e+01 1.74680951365666637e+01 1.90391115489626013e-07
9.66870707561666709e-01 1.74692156064000024e+01 2.25020966578860989e-07
6.72444601212999982e-01 1.74696511884666670e+01 2.25577361689173000e-07
8.79260670298000035e-01 1.74711790819000008e+01 2.25328766225472988e-07
8.21327279985333281e-01 1.74743667540333334e+01 2.25739646572424993e-07
6.22737043953999980e-01 1.74744138396666671e+01 2.25841447793032000e-07
3.29719224054666649e+00 1.74757314818666707e+01 2.11270604126985994e-07
1.20544486707999998e+00 1.74761679291333358e+01 2.25004663644907001e-07
1.01584620229933331e+00 1.74808491551333312e+01 2.25562001714664007e-07
1.57077312728999985e+00 1.74813520719333333e+01 2.24222739922275005e-07
2.58129921747666691e+00 1.74820208494999996e+01 2.18889616808779993e-07
1.84224425231000022e+00 1.74830873555666670e+01 2.23441871591327999e-07
6.18035182912999925e+00 1.74832149567333346e+01 1.99530606479200011e-07
7.70993027689999999e-01 1.74832963637999974e+01 2.26342139979061989e-07
1.26270951441000001e+00 1.74860422904000004e+01 2.25492211377389987e-07
8.48576881840000019e-01 1.74870290650999998e+01 2.26412370274637987e-07
1.91956417532999990e+00 1.74931776438666660e+01 2.23770680228686987e-07
6.63831429391000039e-01 1.74938334805999993e+01 2.27183267071715996e-07
7.98250194679666625e-01 1.74938444693333359e+01 2.26880687393340006e-07
7.23540599071333279e-01 1.74941371028666666e+01 2.27117551243435994e-07
2.69022476886999984e+00 1.74963164183000011e+01 2.18674357510422995e-07
2.10075907372666615e+00 1.74977221812000003e+01 2.23069260193026991e-07
6.36116009098333324e-01 1.74986125256666689e+01 2.27284577575655993e-07
8.99894085707333247e+00 1.74987607891333319e+01 1.88654887643323010e-07
9.04145997492333264e-01 1.75000037465666658e+01 2.27132609910810992e-07
5.27912073456333264e+00 1.75002726559000017e+01 1.99228384276281004e-07
7.51401484342666737e-01 1.75030286012666672e+01 2.27484746299673011e-07
1.38575918713333324e+00 1.75051326754000023e+01 2.26375844330230993e-07
9.40681496193666700e-01 1.75052559418000016e+01 2.27079446046165011e-07
1.11502169341000013e+00 1.75065050337333332e+01 2.27021772807006008e-07
2.20087881243666672e+00 1.75129750342000001e+01 2.23469325696645995e-07
1.71885087356666677e+00 1.75180566070333334e+01 2.25987521414886010e-07
1.45205632441666665e+00 1.75182941397666667e+01 2.26939308825173989e-07
8.53907965042333239e-01 1.75186144963333348e+01 2.28348312280573994e-07
3.57073068429666662e+00 1.75186620308333367e+01 2.12811679920975999e-07
1.30296192304999980e+01 1.75188809558333354e+01 1.87024063894303008e-07
1.16828027069333329e+00 1.75190493201666690e+01 2.27688997167807005e-07
7.06884323603666709e-01 1.75200114922666650e+01 2.28628715885569003e-07
6.79039977554000029e-01 1.75200656458333306e+01 2.28667490556872993e-07
6.23378965144333219e-01 1.75241986860000019e+01 2.28901961308041013e-07
8.02065792438333314e-01 1.75258717678000018e+01 2.28850262581075996e-07
7.57129693885666644e-01 1.75278457462666672e+01 2.29029298880139999e-07
6.78952545605000068e+00 1.75279913763999993e+01 2.00824238373211996e-07
1.03034495629400014e+00 1.75297863053000036e+01 2.28584754766169001e-07
8.85587648532000116e-01 1.75300875113333348e+01 2.28845552211320003e-07
1.79433285412000010e+00 1.75357440089333352e+01 2.26803028987156011e-07
8.30473960946333301e-01 1.75379794837333343e+01 2.29548521975553993e-07
7.17695706957666690e+00 1.75391884583000000e+01 1.98191960405642007e-07
7.80536834991666595e-01 1.75401408072666669e+01 2.29684288039863005e-07
1.28279768106999992e+00 1.75424563582333342e+01 2.28933340224070991e-07
2.93905538132666644e+00 1.75433090504999996e+01 2.19263878585231003e-07
7.42723992799333321e-01 1.75442606984666689e+01 2.30084885950478002e-07
1.07896872201666660e+00 1.75442637479333321e+01 2.29327932513414005e-07
7.20339507788666622e-01 1.75453179428666672e+01 2.30098564998435992e-07
6.36138736315666642e-01 1.75490659347333349e+01 2.30416014080789011e-07
6.64084328432666737e-01 1.75497119396333368e+01 2.30462668009329992e-07
9.54267816054000018e-01 1.75520241037000027e+01 2.30025096914317010e-07
1.59314908052666659e+00 1.75536820612333315e+01 2.28637305610954997e-07
1.34357240383666654e+00 1.75546263510666662e+01 2.29554651686130990e-07
2.40710028995333358e+00 1.75578840549000006e+01 2.24762237838896002e-07
8.93458748053666763e-01 1.75579261608000010e+01 2.30538508082928006e-07
4.69695620154666660e+00 1.75595617433333366e+01 2.05370502520430000e-07
5.61659077009000018e+00 1.75599173100000030e+01 2.04100947031312004e-07
1.95161760411333329e+00 1.75635016480000026e+01 2.27912471522773010e-07
9.94955781416666629e-01 1.75649209184666688e+01 2.30751441704300998e-07
7.74966835671999976e-01 1.75653105596999985e+01 2.31451194807328001e-07
7.51506987849666630e-01 1.75660650384666646e+01 2.31433898368632001e-07
1.81685063310333312e+01 1.75667611980666685e+01 1.91204903265113996e-07
8.38493553552000059e-01 1.75694408662666639e+01 2.31506731175822004e-07
7.15466636840333403e-01 1.75701504084000000e+01 2.31825010920864001e-07
1.66657457803333320e+00 1.75726509188666675e+01 2.29516512599567990e-07
1.18480275557000003e+00 1.75742587997666675e+01 2.31098761623430996e-07
9.25603416874333340e-01 1.75746105579333332e+01 2.31432028381509992e-07
6.22759771171333298e-01 1.75748672487333337e+01 2.32040270589638989e-07
9.54209503921999946e+00 1.75749423859333298e+01 1.98727988027679012e-07
6.73782290251666693e-01 1.75754250342666687e+01 2.32061285991655013e-07
2.03977722873333311e+00 1.75758271943333320e+01 2.28251543755459006e-07
2.51368927231333350e+00 1.75771888549000010e+01 2.25307553226911009e-07
8.69798657169666645e-01 1.75779145283333342e+01 2.31916765665822999e-07
3.13030188202333370e+00 1.75780437617333369e+01 2.20000867685979009e-07
7.37527350967666639e-01 1.75821199426000021e+01 2.32453066401732002e-07
6.97372959325999964e-01 1.75828681168333354e+01 2.32528107177696998e-07
1.47373201039333335e+00 1.75855725399333345e+01 2.31105680404028001e-07
1.24205551861666663e+00 1.75877914765666645e+01 2.31847604346231989e-07
7.87809905679666578e-01 1.75885396008666675e+01 2.32852292751996989e-07
8.17682226615333296e-01 1.75927051653333315e+01 2.32980483472450008e-07
6.59352301095999960e-01 1.76000173198666694e+01 2.33585260230361992e-07
6.36275374132666660e-01 1.76001055392333328e+01 2.33629767517303995e-07
1.08921551505333336e+00 1.76004988252999972e+01 2.32855684104070990e-07
1.54275709009333339e+00 1.76053203218333323e+01 2.31972902646587997e-07
9.18228552444666613e-01 1.76063810004333341e+01 2.33666910394325007e-07
7.43295430744999930e-01 1.76064518313666660e+01 2.34017372791488996e-07
8.81978036731999926e-01 1.76069242042666687e+01 2.33754526791220006e-07
1.00486465340266662e+00 1.76081264831999995e+01 2.33413283606305993e-07
1.81804369797000009e+00 1.76109644615333316e+01 2.31378647418332989e-07
2.23250168718666631e+00 1.76133098155666659e+01 2.29475545048915994e-07
7.70118137634666522e-01 1.76136259684000009e+01 2.34379223075168005e-07
6.98391894626666621e-01 1.76141907418999999e+01 2.34486043311314013e-07
1.36248219914999980e+00 1.76153960176999966e+01 2.33329639856326989e-07
4.15072672720999947e+00 1.76157788912666682e+01 2.12310526057015007e-07
2.73381101562999973e+00 1.76169645719333339e+01 2.25915609388961004e-07
1.65848921920333332e+01 1.76177533941999975e+01 1.97512075673073009e-07
1.14179097132333340e+00 1.76179495906999968e+01 2.33914790867274990e-07
8.11338498513666728e+00 1.76200292990333338e+01 1.98334269164615987e-07
5.03013724894000003e+00 1.76204568183000028e+01 2.10135557806843012e-07
6.75557057342333400e-01 1.76237853677666685e+01 2.35086834988901013e-07
8.30685438707000068e-01 1.76250849319666685e+01 2.35026533649683989e-07
6.23515602961333237e-01 1.76252382905000005e+01 2.35189761592479996e-07
7.22253651918333350e-01 1.76258049222333320e+01 2.35197177107030996e-07
1.89800852494333339e+00 1.76286318123000001e+01 2.32153949695461989e-07
1.05050062131666677e+00 1.76292269473999994e+01 2.34610171628284987e-07
8.63676145206000001e-01 1.76308303088333354e+01 2.35268331261121010e-07
1.42634466842333318e+00 1.76331807422000004e+01 2.34188996943700998e-07
9.36698138380999912e-01 1.76363020713999994e+01 2.35521457491327998e-07
2.33306818596999976e+00 1.76372270357999987e+01 2.30343130034321995e-07
9.75043111829999920e-01 1.76399379255333351e+01 2.35604938232717999e-07
7.80137271779333230e-01 1.76416909247666673e+01 2.36161712032328000e-07
2.85151137382666642e+00 1.76436960084333343e+01 2.26264411402817002e-07
1.25903782938666686e+00 1.76452138433666654e+01 2.35447442449097999e-07
1.68804042000000010e+00 1.76472425600666654e+01 2.34124115450847004e-07
6.66384022403333276e-01 1.76486220682333332e+01 2.36729609654346995e-07
8.10832251915999946e-01 1.76489843238666673e+01 2.36498530049694994e-07
6.37419494985666635e-01 1.76499867715999983e+01 2.36782733581877007e-07
1.51102011326333336e+01 1.76500909300666677e+01 2.01952427139154008e-07
7.29018823427999951e-01 1.76555891728666694e+01 2.37116122144666011e-07
1.31868978715333340e+00 1.76606483916666654e+01 2.36290031216390012e-07
2.07111153184333352e+00 1.76620244331666676e+01 2.33486067666455987e-07
1.18213423108666671e+01 1.76623640435000020e+01 1.93676998332666989e-07
8.77001033906999905e-01 1.76637128618666672e+01 2.37334067299850991e-07
7.60079736399333239e-01 1.76643010383666699e+01 2.37554510931895995e-07
1.76402755938333322e+00 1.76678687008333348e+01 2.35104078244708008e-07
3.65059601294666658e+00 1.76680253262666689e+01 2.19601316101389993e-07
1.37022950096333318e+01 1.76688006676333345e+01 2.03086875422615992e-07
9.13772511369333351e-01 1.76697278282666694e+01 2.37629758394637004e-07
4.45829741986333339e+00 1.76715778290333354e+01 2.16547068336356011e-07
6.80192135263999909e-01 1.76734513776333308e+01 2.38315894430870004e-07
6.23903892024333273e-01 1.76747484811000000e+01 2.38389161665212011e-07
1.15739303627666668e+00 1.76748043319000026e+01 2.37523210423171992e-07
1.04231880452666670e+00 1.76758730248333329e+01 2.37898704381239011e-07
7.09403854995000027e-01 1.76774641451333352e+01 2.38486003233210001e-07
1.56225798312000008e+00 1.76776499518666661e+01 2.36560752712054988e-07
8.60252684621333508e+00 1.76792879356000014e+01 2.06480410511371007e-07
9.94958835574000111e-01 1.76800356540333361e+01 2.38140874328804989e-07
8.21023370399666774e-01 1.76805723837333346e+01 2.38501666463223982e-07
2.16371625158666658e+00 1.76842542013999982e+01 2.34388087151609996e-07
6.28136802696000007e+00 1.76847444987666655e+01 2.08170757491147009e-07
2.54416534718333365e+00 1.76857466817333346e+01 2.31773843054449006e-07
1.21738713129333331e+00 1.76885359077666671e+01 2.38318878105193987e-07
8.54201445891666578e-01 1.76895555448666677e+01 2.38955667253441015e-07
7.69078447216999916e-01 1.76938554441333338e+01 2.39445265070661996e-07
6.37523397969666727e-01 1.76992981807666645e+01 2.39968024684545005e-07
6.64847113791666611e-01 1.76993657806666675e+01 2.39983522412975016e-07
1.44306058474000021e+00 1.76998723149333337e+01 2.38442227488280019e-07
1.63411581552000018e+00 1.77006033324666667e+01 2.37650435825142999e-07
7.99327101080666735e-01 1.77028333904000021e+01 2.39891681413738983e-07
9.28809446813333328e-01 1.77066310219666683e+01 2.39963787236393990e-07
1.92230818990666674e+00 1.77089751093666656e+01 2.37112531940982989e-07
7.19943235153333361e-01 1.77094066203999994e+01 2.40558650829846018e-07
2.65536153910666650e+00 1.77112268299666660e+01 2.32527214385510010e-07
9.71650797568999969e-01 1.77133029935999993e+01 2.40286143575921022e-07
1.06703028946333323e+00 1.77166219302333339e+01 2.40407860667510018e-07
7.48556914403999962e-01 1.77170860539000010e+01 2.40897405532958004e-07
3.20609904747333330e+00 1.77178399872333330e+01 2.26998632975398006e-07
3.93058182053666672e+00 1.77202210867333321e+01 2.23125755683944000e-07
1.33371264202999984e+00 1.77202885605666687e+01 2.40102548613669988e-07
1.11981120860000005e+00 1.77206119537666673e+01 2.40560496723351980e-07
6.76019149349666670e-01 1.77220820982333329e+01 2.41424041110249009e-07
6.23619505945333330e-01 1.77245496996666674e+01 2.41638094022912989e-07
1.50994881973666661e+00 1.77245937426999980e+01 2.39682324023737992e-07
8.63035082359000061e-01 1.77266202300666649e+01 2.41300636487418017e-07
6.62252846684999952e+00 1.77267272969666685e+01 2.10963175678804006e-07
7.01903550980333413e-01 1.77281101704666675e+01 2.41697607041803990e-07
2.00725157218666661e+00 1.77300421839000002e+01 2.38139516128955001e-07
8.06238783740666598e-01 1.77324486279666651e+01 2.41795467964035013e-07
9.00871605818333365e-01 1.77376807407666668e+01 2.41994026914778012e-07
2.35918579062666645e+00 1.77400912409333351e+01 2.36673605788272011e-07
1.39422097034333325e+00 1.77417277593333331e+01 2.41248288395300009e-07
7.58123916774333217e-01 1.77434164738333351e+01 2.42578807269430016e-07
1.23322068985000000e+00 1.77444820845333346e+01 2.41905017313509979e-07
1.78456222826000022e+00 1.77460465023666671e+01 2.40031506476414022e-07
8.36768689527000009e-01 1.77472523065000019e+01 2.42581932004007008e-07
6.64228867402333445e-01 1.77474198473999998e+01 2.43115538856042979e-07
5.70828563059999983e+00 1.77474692704666666e+01 2.12322463402748998e-07
7.85557132247333367e-01 1.77498011016333344e+01 2.42958930266126988e-07
6.39152939820000099e-01 1.77499550487333302e+01 2.43320067073502994e-07
7.04742539582666638e-01 1.77530520500666675e+01 2.43457961028948992e-07
9.88093422985000025e-01 1.77548474957999964e+01 2.42930709665554017e-07
1.06763005650333316e+01 1.77601414944666658e+01 2.01183728605471991e-07
1.28989424281999998e+00 1.77608001890333327e+01 2.42830215833447012e-07
1.03611294592666670e+00 1.77623290616333342e+01 2.43410394516735977e-07
6.80772065881333321e-01 1.77645462939000005e+01 2.44211088217959011e-07
3.45285473464666692e+00 1.77648910028000024e+01 2.29802536700695003e-07
7.45251555542666644e-01 1.77685490468666671e+01 2.44310811438623014e-07
2.46369396947999997e+00 1.77693060868666670e+01 2.37823478234774013e-07
1.86287803181000000e+00 1.77694855601333330e+01 2.41154021551131980e-07
2.88850565622666666e+00 1.77703623615000019e+01 2.34325390353080007e-07
7.22731645841333425e-01 1.77718001911666654e+01 2.44613429279159999e-07
7.36489067372666639e+00 1.77719079201666688e+01 2.10610296067312007e-07
7.88939313283000043e-01 1.77750981555666669e+01 2.44621644718376012e-07
8.37256010418333418e-01 1.77751148137666668e+01 2.44429991356040022e-07
6.25533433874666644e-01 1.77754053490666628e+01 2.45042799542249017e-07
1.13988565393666663e+00 1.77756480388666667e+01 2.44069373996006974e-07
1.65373823457333358e+00 1.77768992063000013e+01 2.42585611158547009e-07
9.13015649428333353e-01 1.77773804013999985e+01 2.44543087687491982e-07
2.18683851417666686e+00 1.77811141781666642e+01 2.40560990369761985e-07
1.24503220026666668e+01 1.77834606960333339e+01 2.09673444226639994e-07
8.10108285667666572e-01 1.77856081891666662e+01 2.45367645521579979e-07
1.19330104016999994e+00 1.77857865937666659e+01 2.44707744239208981e-07
7.65067224074999941e-01 1.77876820289666675e+01 2.45545847078852992e-07
9.57396115839333373e-01 1.77878751848000007e+01 2.45165376679660004e-07
6.83393261966999899e-01 1.77891092202666670e+01 2.45969463320324020e-07
7.10924861933333374e-01 1.77965834776333338e+01 2.46308543486395007e-07
5.10796407719999923e+00 1.77976722548000019e+01 2.17559747566551995e-07
8.53140643805999965e-01 1.78002290973999990e+01 2.46311835693977984e-07
1.52376410269000018e+00 1.78013938014333348e+01 2.44685808938534995e-07
1.72819750793000004e+00 1.78017162354333323e+01 2.43723577819250022e-07
6.38994177427333221e-01 1.78020916060999959e+01 2.46872283715927980e-07
1.40362156769666657e+00 1.78047388248333327e+01 2.45376185080815012e-07
7.78178363977666709e+00 1.78063968380000013e+01 2.14756038486898996e-07
8.84636616786666719e-01 1.78073240458333331e+01 2.46589121826330007e-07
6.66691301095333366e-01 1.78074526644666662e+01 2.47105431112293001e-07
8.11065298922666655e-01 1.78079874477666671e+01 2.46758240222148991e-07
1.05213723001000004e+00 1.78083229601999982e+01 2.46336287133881020e-07
3.05184682917666672e+00 1.78097716290666632e+01 2.35711313322972004e-07
7.66917739072000004e-01 1.78126743341666653e+01 2.47237445620190991e-07
2.28174155443333326e+00 1.78130339974666647e+01 2.41984662318960974e-07
1.30212760421333340e+00 1.78155781007999998e+01 2.46408783319331024e-07
6.05380151276333311e+00 1.78156219191999980e+01 2.18087373766999996e-07
1.10312901888333337e+00 1.78176519138999971e+01 2.46977307449733974e-07
2.02881589490666636e+00 1.78189759305333340e+01 2.43775215743428996e-07
8.34567479251000055e-01 1.78203533771000018e+01 2.47551656254031998e-07
7.20654607990333318e-01 1.78219899733999974e+01 2.48007275309756002e-07
7.91746841535000079e-01 1.78224697193666657e+01 2.47804666789438009e-07
2.68648480255666655e+00 1.78261512822999997e+01 2.39738283967878999e-07
6.23460743552666674e-01 1.78266862570333338e+01 2.48468196586142003e-07
7.47490613445000007e-01 1.78300462220999982e+01 2.48356718176388988e-07
1.59569568512666660e+00 1.78307458844333304e+01 2.46212134612519003e-07
9.67399252431000001e-01 1.78342390020666670e+01 2.48168630559817983e-07
6.76956210186666518e-01 1.78366381195333332e+01 2.49084473663580994e-07
1.35534660077666658e+00 1.78380775378333318e+01 2.47697693226819988e-07
4.52634049437000030e+00 1.78383832606333321e+01 2.23677684838460012e-07
1.20851725621666684e+00 1.78386680641000019e+01 2.48138610061663983e-07
1.46627646504666664e+00 1.78396834391666665e+01 2.47339248593556023e-07
9.63312872016000021e+00 1.78404076817000004e+01 2.08964212851066008e-07
8.96128107673666574e-01 1.78428009047666656e+01 2.48930736231677979e-07
7.03387917115333328e-01 1.78437011710999975e+01 2.49331332411541000e-07
8.27140194737999934e-01 1.78449890116999974e+01 2.49438534781160007e-07
7.98851567424000097e-01 1.78463296354333316e+01 2.49346912841168000e-07
1.01412084365999999e+00 1.78472052116333337e+01 2.49081569278999026e-07
2.11579811715333355e+00 1.78478181565666674e+01 2.45222330956807997e-07
1.26067026729000009e+00 1.78521414666333342e+01 2.48995377929497989e-07
1.87943612358999990e+00 1.78527744419333345e+01 2.46501294602932001e-07
6.36229327127333377e-01 1.78531027328333352e+01 2.50264588915382986e-07
6.62027670093333298e-01 1.78576935369666643e+01 2.50359575533161997e-07
2.80192856148000047e+00 1.78585553773333316e+01 2.40834130638666991e-07
9.34510276906999948e-01 1.78592210776000009e+01 2.49856296151366004e-07
7.56041696223999971e-01 1.78593526014333328e+01 2.50335719356709012e-07
5.44864242333333326e+00 1.78650400528666644e+01 2.24470766510207011e-07
7.82573547739999875e-01 1.78658406295666659e+01 2.50668777962294985e-07
1.11815353970666664e+00 1.78670545636333316e+01 2.50167671006392020e-07
8.40803093174666727e-01 1.78685085497666627e+01 2.50838258395529998e-07
8.72337582923333410e-01 1.78696321172333334e+01 2.50873654568003978e-07
7.12653438299333253e-01 1.78717256865666663e+01 2.51239180120834023e-07
1.12659820832000008e+01 1.78745603383333354e+01 2.16849098849567002e-07
3.99123359650000031e+00 1.78760415314333336e+01 2.29980381333599007e-07
6.22768583574666579e-01 1.78764164758000028e+01 2.51722301294751017e-07
1.17012639080666681e+00 1.78779321589333335e+01 2.50886069984432993e-07
7.38471211953333317e-01 1.78793208682000007e+01 2.51602163335382021e-07
1.74615081646666681e+00 1.78803014327999996e+01 2.48900527986385978e-07
1.96043060440666661e+00 1.78811977378000009e+01 2.48051857410275986e-07
6.72579653774333264e-01 1.78827790856333309e+01 2.52062862380449984e-07
2.48806689843000006e+00 1.78868936769999998e+01 2.45316691990955005e-07
6.96773715051666631e-01 1.78897481836666650e+01 2.52307448494021982e-07
1.35896518883333339e+00 1.78899862542000001e+01 2.51176239762624015e-07
7.92423268970333328e-01 1.78926737527333302e+01 2.52498652066383982e-07
1.02833161463666678e+00 1.78955882585333335e+01 2.52247546485714994e-07
8.22364187091000010e-01 1.78966822966666648e+01 2.52741153246406992e-07
9.28032509707000020e-01 1.78971993671000007e+01 2.52741599144360992e-07
8.88385618777666752e-01 1.79015637072999994e+01 2.52964391968867999e-07
6.36104408904333396e-01 1.79018480533000002e+01 2.53433479777508993e-07
4.84282610431333271e+00 1.79035826114333325e+01 2.30171698232410006e-07
6.60117136137999938e-01 1.79036198589999991e+01 2.53367246448634985e-07
1.27248220224666664e+00 1.79041625516666656e+01 2.52400279886787979e-07
1.08137252181000010e+00 1.79061086568333359e+01 2.52925907716586013e-07
7.46080084387000020e-01 1.79076475177666659e+01 2.53543095870279009e-07
1.45889944680000005e+00 1.79076901855999999e+01 2.52094003068539992e-07
1.81907362857666666e+00 1.79079205815333324e+01 2.50163158976930987e-07
1.61789522589666679e+00 1.79095578110333342e+01 2.51592000555016003e-07
3.50853413323999996e+00 1.79099408049666664e+01 2.36457741275242005e-07
7.73500289888000014e-01 1.79145123741666659e+01 2.53981331208190017e-07
7.00349085573666597e-01 1.79177407846333345e+01 2.54252334578336983e-07
2.29631578895333321e+00 1.79179039684999992e+01 2.48963751818080013e-07
2.59966153958333335e+00 1.79182587241999975e+01 2.46504387933770996e-07
8.69707535293333400e+00 1.79183981867666660e+01 2.16159431988181987e-07
1.31755812722666676e+00 1.79195079021999994e+01 2.53250961037373013e-07
1.39986313750666658e+00 1.79246542876333343e+01 2.53276572228826012e-07
6.23335825329666693e-01 1.79254315775000030e+01 2.54967310604566003e-07
8.34824600713333420e-01 1.79256785101999974e+01 2.54658650819794014e-07
6.76722266051333343e-01 1.79264534549666656e+01 2.54975286551513975e-07
7.23837681255000032e-01 1.79280449370999975e+01 2.54975233213654998e-07
1.18401885803333351e+00 1.79288653552333308e+01 2.54199087081507979e-07
8.69311542651333369e-01 1.79294363533666647e+01 2.54906357761666020e-07
9.48891898323000027e-01 1.79306517374666647e+01 2.54907339238506988e-07
1.69389108387999987e+00 1.79342963302666654e+01 2.52471787832901004e-07
9.95080644278666604e-01 1.79347386729666702e+01 2.55030583179920993e-07
6.76742521001666741e+00 1.79380442889666654e+01 2.21715694939152995e-07
4.27942157767999998e+00 1.79384047675666665e+01 2.35742913376588993e-07
1.01723477520033327e+01 1.79413633882333343e+01 2.23956883370024011e-07
1.23422165840000009e+00 1.79416223454333341e+01 2.54970249946722018e-07
3.09874347375999948e+00 1.79416788468666653e+01 2.43008829948637981e-07
7.82198658533666547e-01 1.79439019094666641e+01 2.55964947053923993e-07
2.12649648197666652e+00 1.79485007676666690e+01 2.52072928858571005e-07
6.66569466499333352e-01 1.79498327610666699e+01 2.56587198499877020e-07
1.95964871558000020e+01 1.79503255889666669e+01 2.04302589667652007e-07
6.37195753011333355e-01 1.79505826893000027e+01 2.56657938961610996e-07
8.13582051238333381e-01 1.79510595015666681e+01 2.56398393724770981e-07
1.09603126508999993e+00 1.79552356178666663e+01 2.56153592296706993e-07
7.29652647911333330e-01 1.79570251804333338e+01 2.56966161247780008e-07
2.39813295409666649e+00 1.79625488020999988e+01 2.51127207036941998e-07
8.82551353298333452e-01 1.79638592792999994e+01 2.57163247828746016e-07
7.60593419689000072e-01 1.79660172964000004e+01 2.57499125702073977e-07
1.50002338903333343e+00 1.79670272001333338e+01 2.55839933115085005e-07
1.14670475021333318e+00 1.79671147209666664e+01 2.56879833514761018e-07
3.76692718750333322e+00 1.79688955731333344e+01 2.41360277622350984e-07
1.32996978287666678e+00 1.79693651691999996e+01 2.56609461104254003e-07
9.22484818040666732e-01 1.79694390035999980e+01 2.57548641658279987e-07
7.12235580336666629e+00 1.79720278302666685e+01 2.24478999972624009e-07
1.57067474637333326e+00 1.79726195339999997e+01 2.55744182369873998e-07
1.38041266555666664e+00 1.79747734761999993e+01 2.56821886233333018e-07
6.23859927681666648e-01 1.79751511117999989e+01 2.58300636811916981e-07
6.80380829468666626e-01 1.79757175464000021e+01 2.58324326341499989e-07
2.82871805494333373e+00 1.79790772885333325e+01 2.48882259686484024e-07
7.09298513295333333e-01 1.79795989184333358e+01 2.58525917063227024e-07
1.96436548981333359e+00 1.79800758632333348e+01 2.54596060392660987e-07
1.01292098854533319e+00 1.79825693034333334e+01 2.58225153390313997e-07
8.22590331265333319e-01 1.79835655076999998e+01 2.58574108262379987e-07
1.82865005143999970e+00 1.79839037486999977e+01 2.55296914127576018e-07
2.21211111351999978e+00 1.79866667602999968e+01 2.54021361447231975e-07
1.06083070218333320e+00 1.79925458500333342e+01 2.58795238263290026e-07
8.57072691387333330e-01 1.79926074422666638e+01 2.59134422675962009e-07
1.24738517928999992e+00 1.79935712003666666e+01 2.58407839135747980e-07
3.30867509064999998e+00 1.79947970072000025e+01 2.47040344903008006e-07
7.68042189154000021e-01 1.79967124941666654e+01 2.59592562864618979e-07
6.36798732937333245e-01 1.80008327671999986e+01 2.60014595575611989e-07
6.63945921236333336e-01 1.80021491300333309e+01 2.60096667074755991e-07
9.18452304473333392e+00 1.80033363360666634e+01 2.29852943007489007e-07
1.29805737878666672e+00 1.80059686735999982e+01 2.59094386744682993e-07
7.98655708025666655e-01 1.80071031133666644e+01 2.60168657516044002e-07
9.36336800898333266e-01 1.80097101098666634e+01 2.60201734425818025e-07
7.18422162597666669e-01 1.80101889748666686e+01 2.60617547510054980e-07
6.14293524755333298e+00 1.80106580006333310e+01 2.27061376505494001e-07
1.71254997878333337e+00 1.80127368269333310e+01 2.57900053203888011e-07
7.91050006194666633e+00 1.80132642919666672e+01 2.24521122739886001e-07
1.16015393134333333e+00 1.80174270195333328e+01 2.60231000313557008e-07
7.46225066678666615e-01 1.80183104346333351e+01 2.61043302611274006e-07
2.04344914513666653e+00 1.80185366670666660e+01 2.56780832818973976e-07
9.80584225447333480e-01 1.80187534742000004e+01 2.60776857895607974e-07
2.63099644896333329e+00 1.80208817838333317e+01 2.53081837326477977e-07
2.96219179427333357e+00 1.80227914905000013e+01 2.51076454004215998e-07
1.40412696603333331e+00 1.80229639202666654e+01 2.59962176164633994e-07
6.22938805255666583e-01 1.80256816553999961e+01 2.61659373152115024e-07
1.89294743185999992e+00 1.80276357345333338e+01 2.57483593748115974e-07
6.74659723754333362e-01 1.80291843381999968e+01 2.61883402222174008e-07
1.21063156005333350e+00 1.80311265087333332e+01 2.61021607097098983e-07
8.64288751838666713e-01 1.80319896606999954e+01 2.61773723278783001e-07
1.46470138021666685e+00 1.80321817462333343e+01 2.60054754491955984e-07
7.00218281288999989e-01 1.80333428110000007e+01 2.62115022076394975e-07
1.77438613423333336e+00 1.80347250966333341e+01 2.58732617166516995e-07
8.03644205238666642e-01 1.80392537729000004e+01 2.62373043739793984e-07
1.07496280333000005e+00 1.80409094508666676e+01 2.62055606821177003e-07
9.03619396607333258e-01 1.80435126040000000e+01 2.62613955618467982e-07
5.51134351926666710e+00 1.80452506282333331e+01 2.32177162938204007e-07
7.52946602516333385e-01 1.80489785631333319e+01 2.63153394573381008e-07
2.74460920539999975e+00 1.80492962531333347e+01 2.54412114281601985e-07
6.35007616394333341e-01 1.80511629353333340e+01 2.63372205760627977e-07
6.59581346594000029e-01 1.80533492552999988e+01 2.63449536185411017e-07
1.59787161579666659e+00 1.80538148810999992e+01 2.60970500558004025e-07
1.12361254736666671e+00 1.80539115172666662e+01 2.62816697812919016e-07
8.34794888929666690e-01 1.80550983856666640e+01 2.63299459175853018e-07
1.81402950142666661e+01 1.80567232463333340e+01 2.09842463385215992e-07
1.66179220044999987e+01 1.80575811767333327e+01 2.13310818990118992e-07
1.31354086806666648e+00 1.80590178013666680e+01 2.62624725162893005e-07
7.79752222204666556e-01 1.80595312821999983e+01 2.63723730349298983e-07
7.07735811198666576e-01 1.80625412812666646e+01 2.64110590071444976e-07
9.93580827301999925e-01 1.80635193774333338e+01 2.63796766718960018e-07
8.33664991402666722e+00 1.80660070041666678e+01 2.33246127496179996e-07
1.66375099022333317e+00 1.80691936547999994e+01 2.61616094077915016e-07
7.32661228345000026e-01 1.80700555736333293e+01 2.64502947315100984e-07
1.36916757263333344e+00 1.80706047410333355e+01 2.63221130727948976e-07
2.39969313461666678e+00 1.80735955813999993e+01 2.58931882834443021e-07
1.51267057721999993e+01 1.80743783023999995e+01 2.18707838381468987e-07
4.89530091890666696e+00 1.80753125603333338e+01 2.37541355066697002e-07
6.22068811138666633e-01 1.80754812799333351e+01 2.64974304939623990e-07
1.04004969154666682e+00 1.80756988075000002e+01 2.64543145435535009e-07
6.68768036843999991e-01 1.80779512601666674e+01 2.65101896106614985e-07
6.91363943913999912e-01 1.80829848133333364e+01 2.65356473688068003e-07
1.22392289540000010e+00 1.80838164108000008e+01 2.64585699340460001e-07
9.14655609243333334e-01 1.80853385648333322e+01 2.65432444412143984e-07
8.32480675255666713e-01 1.80868266115333292e+01 2.65598636073308026e-07
7.83187929068666633e-01 1.80878505514333341e+01 2.65706960923586990e-07
6.51539850491666694e+00 1.80910975721999989e+01 2.34501104668126006e-07
2.21606800151333339e+00 1.80919586479666670e+01 2.61401139667418023e-07
1.48762999803000007e+00 1.80958476283999978e+01 2.64433252938349012e-07
9.60369615388999898e-01 1.80963019739333326e+01 2.66183821195976010e-07
1.37467238321666656e+01 1.80978236739999971e+01 2.20683967984932008e-07
8.04765698428666632e-01 1.80993012680000014e+01 2.66451756463552992e-07
1.27616000391666673e+00 1.80993102302000004e+01 2.65404710662946979e-07
4.32296414751666713e+00 1.80996906133000017e+01 2.42762505298291989e-07
6.34843647009666667e-01 1.81002173239333324e+01 2.66650599594593013e-07
6.56969142515333338e-01 1.81005009842000000e+01 2.66579094227094977e-07
7.39768824582333284e-01 1.81015301213999997e+01 2.66714511862091012e-07
2.57488785623333305e+00 1.81023570884999998e+01 2.59771036665528982e-07
1.13613210479999993e+00 1.81043617008666651e+01 2.66265222238937983e-07
7.63489905617666609e-01 1.81087723801333347e+01 2.67055009266789025e-07
6.94230587777666663e-01 1.81108837044666693e+01 2.67353954967732990e-07
1.55014887626999998e+00 1.81118884294000004e+01 2.65092863972763986e-07
8.50249724026666542e-01 1.81123631095666688e+01 2.67504181541539986e-07
1.86825743270333344e+00 1.81134601263333330e+01 2.64221719986455002e-07
1.79266796968333342e+00 1.81137029689000002e+01 2.64049413611548974e-07
8.85005865344333231e-01 1.81169885304666671e+01 2.67764040244254021e-07
3.80318284555666652e+00 1.81201797723666651e+01 2.48208701059963021e-07
1.18596482412333337e+00 1.81205671051999992e+01 2.67152189596549006e-07
2.04328575779333343e+00 1.81210111608666686e+01 2.63971463944013998e-07
6.72340705440000019e-01 1.81217715820333325e+01 2.68096086861314996e-07
7.17710051299666696e-01 1.81219147201666679e+01 2.68092181932250005e-07
5.86012046132333353e+00 1.81227159272666682e+01 2.40886710160617999e-07
1.05166824063999997e+00 1.81228941173999978e+01 2.67786125201588988e-07
6.22774835871000021e-01 1.81247360439999987e+01 2.68314687700111013e-07
2.48117872430333319e+00 1.81269117056999995e+01 2.62291298373276989e-07
8.01985710436333377e-01 1.81286366787333328e+01 2.68517219229565988e-07
1.38613012066000008e+00 1.81289197015333343e+01 2.67097486340362021e-07
2.30183285746666666e+00 1.81342426354666664e+01 2.63859743693754979e-07
7.76513752757999942e-01 1.81354666924666645e+01 2.69061681781685002e-07
3.33581147948333312e+00 1.81371121212666644e+01 2.53865261886762019e-07
1.09910090985666664e+00 1.81385549443666676e+01 2.68712244834018990e-07
9.71222574699333374e-01 1.81398986029666673e+01 2.69187076975522999e-07
8.26671942442000041e-01 1.81401422655333349e+01 2.69506878551675986e-07
1.24751170544999983e+01 1.81435189581333312e+01 2.23706786923532011e-07
1.44401813187333339e+00 1.81449447629333349e+01 2.67861304822670992e-07
6.63847421763000045e-01 1.81449531011000005e+01 2.69799056829457977e-07
1.68049638260000012e+00 1.81462831243666649e+01 2.66890802605804979e-07
6.36407047699666717e-01 1.81482012233333343e+01 2.69938407429718011e-07
5.22313998772666732e+00 1.81496127790666684e+01 2.46327427504899975e-07
7.20356319238333320e-01 1.81502407735000020e+01 2.70133865541960997e-07
1.01605233570566678e+00 1.81543113163666696e+01 2.70103872352574003e-07
1.28958406856999996e+00 1.81557209468333376e+01 2.69274983828105995e-07
2.97042504268333341e+00 1.81562088713333338e+01 2.59836878343042024e-07
2.13028998262666702e+00 1.81562671491333312e+01 2.66277329419570013e-07
7.67070191181666750e-01 1.81566518710666678e+01 2.70538435958379002e-07
8.97456086830666688e-01 1.81573418610333341e+01 2.70601117478093007e-07
7.41858182842666580e-01 1.81624311661666695e+01 2.71049757930258011e-07
6.76554977954666570e-01 1.81653557888333346e+01 2.71196384628304005e-07
2.73859773434333320e+00 1.81655634763000045e+01 2.62985328275934000e-07
7.00233752273333288e-01 1.81673981625999978e+01 2.71413980090750003e-07
1.74757720660999993e+00 1.81688041687666662e+01 2.67740637628431024e-07
9.37958790040000046e-01 1.81692885244333304e+01 2.71394238946271980e-07
4.62235787879999993e+00 1.81713990552666651e+01 2.51006537853287022e-07
6.23632211828666683e-01 1.81734651793333342e+01 2.71790524266714021e-07
8.29981333827999990e-01 1.81736856984999982e+01 2.71844836194545995e-07
1.34392748074666657e+00 1.81737434785000005e+01 2.70191350865830024e-07
1.19770206267666679e+00 1.81744432071333328e+01 2.70901381891567985e-07
1.89944546867333330e+00 1.81814052439666654e+01 2.68379405924308012e-07
7.76972102695333344e-01 1.81816968135666635e+01 2.72521250028269026e-07
1.56847529231333316e+00 1.81838226034333310e+01 2.70039833577619009e-07
7.40018601950000021e-01 1.81862510701333342e+01 2.72806544802458026e-07
8.66009336898999948e-01 1.81862598730999991e+01 2.72757609782431992e-07
1.12979294007666642e+01 1.81876947665666684e+01 2.29047102458919988e-07
1.10947182807000000e+00 1.81884914434666669e+01 2.72206103391506012e-07
4.07103182439000033e+00 1.81886115763999996e+01 2.55389427302719992e-07
1.97564623843666687e+00 1.81891115929333331e+01 2.68903430246417006e-07
6.65210272866666674e-01 1.81927683335333334e+01 2.73227819877862983e-07
7.05423885150333496e-01 1.81930759946333325e+01 2.73277911270045977e-07
1.24908419860666675e+00 1.81941032293666645e+01 2.71936115914579988e-07
8.02416173119666620e-01 1.81941159716666654e+01 2.73257680715704990e-07
2.63756930929000033e+00 1.81944999313333362e+01 2.65572512687185993e-07
7.58214486344000016e-01 1.81971031355000008e+01 2.73511139024806016e-07
6.39727880804000004e-01 1.81976296017999992e+01 2.73520459481235999e-07
7.23706871222666748e-01 1.81997385095000013e+01 2.73717500207163006e-07
1.02485479942566671e+00 1.82003410033666668e+01 2.73325812791845020e-07
1.63294342421666649e+00 1.82028385247000024e+01 2.70815278853668983e-07
3.57192618012666685e+00 1.82035401182666661e+01 2.60138048747481018e-07
1.15824026156666648e+00 1.82081743019000015e+01 2.73314723385573987e-07
6.84208567978333293e-01 1.82083995306666679e+01 2.74399529988117992e-07
9.46095236002333251e-01 1.82106444719999985e+01 2.74299062086721986e-07
1.45824381446333340e+00 1.82118616852999970e+01 2.72534243832031999e-07
3.13411311100333334e+00 1.82174113417666668e+01 2.64398780073192997e-07
1.07084162257333326e+00 1.82188603034999979e+01 2.74493887191614983e-07
1.02090696973366661e+01 1.82202254982666680e+01 2.35284253487588000e-07
7.53708515246000021e-01 1.82205945667333324e+01 2.75328245250972002e-07
8.73458821794333318e-01 1.82227724329999994e+01 2.75320816877447996e-07
7.30832151645000039e-01 1.82233313247333335e+01 2.75477031879681997e-07
7.27904549569666681e+00 1.82233674318666665e+01 2.38475695991287002e-07
6.26095668975333308e-01 1.82241644224666679e+01 2.75545436375397025e-07
7.98907409387333289e-01 1.82249559548333337e+01 2.75643101446014011e-07
9.88161484381666733e-01 1.82272842375333362e+01 2.75433113908200997e-07
2.83093983229666657e+00 1.82287618925333312e+01 2.66900470553619992e-07
7.65029678822666614e+00 1.82301149757333327e+01 2.40418207315137006e-07
6.86658506241666688e-01 1.82334031261666674e+01 2.76276962582094992e-07
1.75603441310999986e+00 1.82334659659333340e+01 2.72419712508187013e-07
2.47256854617000021e+00 1.82343667689666660e+01 2.70160235157777976e-07
1.52018209666333348e+00 1.82346987248000012e+01 2.73562330901116005e-07
9.13042017688333374e-01 1.82352103685000024e+01 2.76278797756459992e-07
1.35592700290666657e+00 1.82353993247333328e+01 2.74536885752008025e-07
7.68957367865000019e-01 1.82360282279666670e+01 2.76336481220257992e-07
2.30105585456666661e+00 1.82399594693000004e+01 2.71670515835200015e-07
7.14999103835999961e-01 1.82416724053666677e+01 2.76904904787210980e-07
8.14917277896666570e-01 1.82474640236333308e+01 2.77246303226895993e-07
8.46424563287666687e-01 1.82493376876666673e+01 2.77486869947802978e-07
6.39533088408333228e-01 1.82496642428999998e+01 2.77430725001312001e-07
9.21870884292666659e+00 1.82521540098666684e+01 2.40265687141989025e-07
6.67465418734333293e-01 1.82531399034666642e+01 2.77719631346622994e-07
1.25997382948333336e+00 1.82533494205000011e+01 2.76149859710558005e-07
2.13163336938666648e+00 1.82562111396000013e+01 2.73449340344096009e-07
1.41235532541000008e+00 1.82574924701333323e+01 2.75686320015186977e-07
1.16745244232333323e+00 1.82614847549333348e+01 2.77125416237102986e-07
7.67638618175333298e-01 1.82630639043333360e+01 2.78468662794726011e-07
1.07916816699666662e+00 1.82676115799000023e+01 2.77965831551586014e-07
7.20384979154999883e-01 1.82682487424000009e+01 2.78844031539337997e-07
1.85627628424666646e+00 1.82684685664333308e+01 2.74972428604219994e-07
2.57659153574666666e+00 1.82709522600333365e+01 2.72490219247516977e-07
9.18098647755333341e-01 1.82710230266666684e+01 2.78817228312475015e-07
9.91579222622666734e-01 1.82725621659333335e+01 2.78646068850771011e-07
7.94719090656333393e-01 1.82728312232666674e+01 2.79252624528467990e-07
1.74163696451666681e+01 1.82730643240333315e+01 2.38263281983443005e-07
6.23437419432999906e-01 1.82754998204333354e+01 2.79364033919241977e-07
1.31247322160666680e+00 1.82766229841999994e+01 2.77316351229415005e-07
1.79902543757333344e+00 1.82773904756333359e+01 2.75490770868899977e-07
7.46640769680666616e-01 1.82781683766666667e+01 2.79584836862341995e-07
1.65404867831333324e+00 1.82790338641333321e+01 2.76235306325587987e-07
6.75598265543666643e-01 1.82793436581999984e+01 2.79629129171296995e-07
1.98271659224333341e+00 1.82802849528333304e+01 2.75742643608374014e-07
8.35932116228333300e+00 1.82828576879333333e+01 2.43712064984447975e-07
1.90103207733666686e+01 1.82836589223000026e+01 2.34782862097026004e-07
8.57333693689999898e-01 1.82840978063999984e+01 2.79998401660195997e-07
1.58617391352999988e+01 1.82845168526999977e+01 2.46189119954014998e-07
7.00177228369999960e-01 1.82861832179333348e+01 2.80122436819390019e-07
2.39030595358333331e+00 1.82867674784999998e+01 2.74535826207261996e-07
1.21780387431000015e+00 1.82869998512999992e+01 2.78481163685466997e-07
1.71005884319666657e+00 1.82871402609666660e+01 2.76513660690803988e-07
1.44252596700999991e+01 1.82898614496999983e+01 2.47823088668614017e-07
1.12701055324999988e+00 1.82905531729000010e+01 2.79314993214454010e-07
9.54569604310333220e-01 1.82917350585666689e+01 2.80256146142385013e-07
8.89424582263666608e-01 1.82933452099000000e+01 2.80569571297350025e-07
6.59886069319666646e+00 1.82937572813666662e+01 2.44245951424271984e-07
1.03659908209000018e+00 1.82943702081666686e+01 2.80248583497969008e-07
2.21663438537333368e+00 1.82976194722666712e+01 2.76179217562855982e-07
8.01399679869666648e-01 1.82982473554333325e+01 2.81087614409008981e-07
6.36559596868666588e-01 1.83005748749666672e+01 2.81222113123637020e-07
6.60788112653333370e-01 1.83009430521666623e+01 2.81239420580184015e-07
8.32506997512333258e-01 1.83076402745333304e+01 2.81800856957254993e-07
1.53329188110000003e+00 1.83078967365666685e+01 2.78916706295357981e-07
1.30988431048666669e+01 1.83079622242999989e+01 2.45710602937644993e-07
7.50072735733000151e-01 1.83079820073333366e+01 2.81810246709966022e-07
5.90770579744999935e+00 1.83111118990999984e+01 2.49390851004729993e-07
2.05169949835999965e+00 1.83121285112333361e+01 2.77880519732208976e-07
7.01626547469999973e-01 1.83145125616333324e+01 2.82268095502650974e-07
7.77751173440999977e-01 1.83182936671666674e+01 2.82638322485008997e-07
6.76732342646333307e-01 1.83239149026666688e+01 2.82981452464387014e-07
1.90936218302333338e+00 1.83243960398999981e+01 2.79294344893405979e-07
1.42114943889999990e+00 1.83249216921000020e+01 2.80602153973669018e-07
6.23122177435666669e-01 1.83250750545333325e+01 2.83039091362134018e-07
5.25779098052000027e+00 1.83253643964666679e+01 2.54080478326204984e-07
7.25266264307333319e-01 1.83263917167666683e+01 2.83204415778159980e-07
1.75304986765999993e+00 1.83310647706666678e+01 2.80805799600324006e-07
9.00162272914666661e-01 1.83326286715333318e+01 2.83432090451802982e-07
9.41859307120333278e-01 1.83329943946999983e+01 2.83667309787759994e-07
1.60269033084666668e+00 1.83332159546333351e+01 2.80490938179854007e-07
1.18780846802666655e+01 1.83355567338333323e+01 2.49239400099507016e-07
4.64939804489999986e+00 1.83363010565333333e+01 2.58366180729427998e-07
8.37739009053000028e-01 1.83388683892333368e+01 2.84088712563422002e-07
1.31922200701666648e+00 1.83395665935333341e+01 2.81946988407698014e-07
1.04510111695999997e+00 1.83401026412333330e+01 2.83561859904357013e-07
1.13665115003000006e+00 1.83427650760333343e+01 2.83176468385076978e-07
4.09102921203666714e+00 1.83443538393666650e+01 2.62484064094545001e-07
7.82182008623666714e-01 1.83465278836000003e+01 2.84729230958198023e-07
1.22498913651999985e+00 1.83480715317333356e+01 2.82938112850318004e-07
6.66236366134333458e-01 1.83482455480666680e+01 2.84830813826504020e-07
6.36854716708333268e-01 1.83497738771333339e+01 2.84888613122976005e-07
3.58012800748666704e+00 1.83516370447666652e+01 2.67087335458710017e-07
1.07449698279333319e+01 1.83521380327333326e+01 2.54722520860650990e-07
1.48014771238999998e+00 1.83524889190333340e+01 2.82138108422330975e-07
8.73303395881666611e-01 1.83546093827333330e+01 2.85239999587954025e-07
7.29094116482333354e-01 1.83551484684333310e+01 2.85366953238625995e-07
8.11062526593000044e-01 1.83577096865666682e+01 2.85660740164931995e-07
3.12619698190333350e+00 1.83598203769333317e+01 2.72259297255324974e-07
9.64904836063333327e-01 1.83614893323666699e+01 2.85778315439464024e-07
2.81875201684333376e+00 1.83623462800333321e+01 2.76969124018498005e-07
1.01276491007399994e+00 1.83644385967333328e+01 2.85743835141941021e-07
7.58331423090666590e-01 1.83649729754333322e+01 2.86195596567474985e-07
1.09731079864666659e+00 1.83655559160999964e+01 2.85111827472302024e-07
1.37146990180666672e+00 1.83657721560333336e+01 2.83433986747364007e-07
9.70403646368666806e+00 1.83680874655333319e+01 2.59722313076743010e-07
6.79973652328000000e-01 1.83733139576666673e+01 2.86697167983342981e-07
6.23732539272666586e-01 1.83746988225999992e+01 2.86742554817111018e-07
1.18427830131333334e+00 1.83747683385000009e+01 2.84730506462439985e-07
2.59322171688000003e+00 1.83756001925000021e+01 2.79991280506974993e-07
7.08085347489666561e-01 1.83763779335666690e+01 2.86983470248627974e-07
1.27390787710333320e+00 1.83773647102666651e+01 2.84454259564821978e-07
8.75393239938333245e+00 1.83840665443333329e+01 2.61760843920478986e-07
8.70264356157666619e-01 1.83863812818333336e+01 2.87833491996230987e-07
8.12290502325666686e-01 1.83864112755333338e+01 2.87858316024618977e-07
7.00757709062666567e+00 1.83920435997333307e+01 2.55070206086302996e-07
7.61199565955333335e-01 1.83923915990666664e+01 2.88245013565908025e-07
2.39421075635333347e+00 1.83932089835333379e+01 2.82455445616766984e-07
7.92206659485999953e+00 1.83987911436000005e+01 2.57864818063587996e-07
2.21556474964999994e+00 1.83989712750000010e+01 2.83881327067147023e-07
6.36764483110666579e-01 1.83992015674666654e+01 2.88540581570709999e-07
8.35927945061666677e-01 1.83993418772999995e+01 2.88970053161165018e-07
6.63623946740000026e-01 1.83993450315999993e+01 2.88635660069403976e-07
6.27398277196000009e+00 1.84017136816333355e+01 2.61186442230066995e-07
7.16304425938666722e-01 1.84023251177333300e+01 2.88896671388372012e-07
9.53718994006333198e-01 1.84024371351333365e+01 2.89158934131907992e-07
7.86278127221000100e-01 1.84026480962000001e+01 2.89179025968156021e-07
1.74898680897000003e+00 1.84027679219333322e+01 2.86192656431096992e-07
1.02598694156733328e+00 1.84049747005333337e+01 2.88916680780890999e-07
1.89620124440000004e+00 1.84050211003666675e+01 2.85699773457695995e-07
2.05074261807999969e+00 1.84057840668333341e+01 2.85059734939645016e-07
1.10098546873000003e+00 1.84069943391333304e+01 2.88051343541940987e-07
7.40181337795999927e-01 1.84085142762333334e+01 2.89475652546317007e-07
5.59357984818666676e+00 1.84093982174666664e+01 2.65405677208341022e-07
8.86649585919000116e-01 1.84122038162333332e+01 2.90126505278488014e-07
1.61020574434333330e+00 1.84130255027333334e+01 2.86597071578290994e-07
4.95699207779999984e+00 1.84159661789999980e+01 2.69731167964922006e-07
4.37000170126333298e+00 1.84203348775333318e+01 2.72133516231603992e-07
9.20199817791666708e-01 1.84217454430666656e+01 2.90856202637873975e-07
1.06199781853666675e+00 1.84220771680666680e+01 2.90012863372948021e-07
3.83138206056333308e+00 1.84240189618333332e+01 2.75776737700283980e-07
9.92674291403666587e-01 1.84244018092000026e+01 2.90749884677726978e-07
6.23031943837999980e-01 1.84245027448666683e+01 2.90419909088193987e-07
1.48486254465000012e+00 1.84254957466333344e+01 2.87597963327561012e-07
7.00025878433999993e-01 1.84255682120333368e+01 2.90694277216620015e-07
6.75457094396999858e-01 1.84256521018000008e+01 2.90568209482731014e-07
3.33609717774333348e+00 1.84276180829333320e+01 2.79856001434753019e-07
8.33101212785000045e-01 1.84277022071000012e+01 2.91197897550895996e-07
2.70325683599666666e+00 1.84301439860333325e+01 2.83144306650458023e-07
7.85226671834666767e-01 1.84302997164000004e+01 2.91310510350929009e-07
2.95032109813000032e+00 1.84322022939999997e+01 2.81700165224846012e-07
1.37343597588999988e+00 1.84326262707000019e+01 2.88470932760289025e-07
7.40201141590000056e-01 1.84343022881666663e+01 2.91515543595516980e-07
1.18262519698000013e+00 1.84362178806999992e+01 2.89556699202395978e-07
1.27296091368000019e+00 1.84387876384000009e+01 2.89219316266999977e-07
8.59312397437666742e-01 1.84389345811666665e+01 2.92243431273563988e-07
8.08412314662666720e-01 1.84424232255333322e+01 2.92342629305929021e-07
2.49310353007333330e+00 1.84454562064666696e+01 2.85851786334677013e-07
6.34917207388333349e-01 1.84455789808666673e+01 2.91952426095788974e-07
7.15030453033000057e-01 1.84456422250000003e+01 2.92275104149552026e-07
1.13867271578000007e+00 1.84456530412666666e+01 2.90715740107943024e-07
7.60167914363000019e-01 1.84458312312000032e+01 2.92439796484217016e-07
6.60482894318000002e-01 1.84465848736666658e+01 2.92148550980304013e-07
2.30389102161333348e+00 1.84477527770666683e+01 2.87144796113883999e-07
1.81793557538333328e+00 1.84504555314666696e+01 2.89059648836797999e-07
2.12960685338333322e+00 1.84512184979333362e+01 2.88183066821149984e-07
1.67652898549000007e+00 1.84523123904666662e+01 2.89216757469881026e-07
1.96859877334000011e+00 1.84545655688999979e+01 2.88951732799509991e-07
1.54552212685666679e+00 1.84607131122666672e+01 2.89693622564749005e-07
1.06991277570666665e+00 1.84607358702000006e+01 2.92934330181405976e-07
9.95520969898666674e-01 1.84611251140999997e+01 2.93403473842332992e-07
9.23019711881999938e-01 1.84633534095666683e+01 2.93873954920498994e-07
1.42783034524333341e+00 1.84647826343666672e+01 2.90414480573046975e-07
8.58536525372333270e-01 1.84677078014666662e+01 2.94402771846650018e-07
1.32024111767666663e+00 1.84678436363333311e+01 2.91007136849440000e-07
1.22238906876333320e+00 1.84709440020666662e+01 2.91529262114988998e-07
8.05170592220666670e-01 1.84710705965666655e+01 2.94655900461902018e-07
6.21885263550333356e-01 1.84710762359999983e+01 2.94005484035723985e-07
7.09251679741333185e-01 1.84712233699000024e+01 2.94294923783259983e-07
6.63331724687333257e-01 1.84720821288000003e+01 2.94341150063884988e-07
7.57196458183999943e-01 1.84728319419000009e+01 2.94578319008314024e-07
1.03674857723233327e+00 1.84803567075666670e+01 2.94887098282157974e-07
1.11650479937000013e+00 1.84803791626333336e+01 2.93785093254573026e-07
9.59385566591666628e-01 1.84807684065333326e+01 2.95224252769295001e-07
8.88693607943999986e-01 1.84825850030333321e+01 2.95593152591955024e-07
6.83268415720333366e-01 1.84843392261333328e+01 2.95212066907257980e-07
8.29083618277666634e-01 1.84851227984333342e+01 2.95823936213356001e-07
7.79013493213666641e-01 1.84859477981333349e+01 2.95719954288451984e-07
7.31450912119333219e-01 1.84868841437666696e+01 2.95508502989045005e-07
6.37766037757666715e-01 1.84877429026666675e+01 2.95295289051923981e-07
7.29412335414333257e-01 1.85100890238999973e+01 3.01346137837173005e-07
6.37132207168666587e-01 1.85115175333666677e+01 3.02718333931328013e-07
6.82910488091666656e-01 1.85137135988666692e+01 3.02986955633750006e-07
7.76252437962333453e-01 1.85156439032333360e+01 3.04801805320225000e-07
8.29465585482666690e-01 1.85159160309333330e+01 3.05107553597405007e-07
8.89326283840666698e-01 1.85164059563999999e+01 3.04330274331297999e-07
9.60282230038000062e-01 1.85175989173000026e+01 3.04387244148028003e-07
1.03981112133233333e+00 1.85233939170666666e+01 3.06712487914525003e-07
7.06855175407666625e-01 1.85238026227666666e+01 3.08777118876733010e-07
1.12720903877666667e+00 1.85241963981333306e+01 3.06394315806080984e-07
6.62339966469666752e-01 1.85252311322333334e+01 3.08729958423993981e-07
1.21986520689666667e+00 1.85253807089333336e+01 3.05396593582343990e-07
7.52396826227666682e-01 1.85257329271333333e+01 3.09797948263184998e-07
1.32047727224666667e+00 1.85262395144333318e+01 3.04988646260598995e-07
6.21251432961333339e-01 1.85281842000333334e+01 3.10804854376756002e-07
1.54642947029666655e+00 1.85286241722999989e+01 3.04572490777939001e-07
8.02791504174333426e-01 1.85315599341666690e+01 3.12660951038176996e-07
8.59551168474000149e-01 1.85323219873333329e+01 3.12806062044810017e-07
1.43104742449666666e+00 1.85338294063333358e+01 3.07347859159327981e-07
9.24549051224999974e-01 1.85340048736999989e+01 3.13956405445074014e-07
9.99480177445000062e-01 1.85409928343666657e+01 3.15941284066746998e-07
1.81409251285000006e+00 1.85433679783666641e+01 3.10341132677094992e-07
1.66925704617333337e+00 1.85445375516000013e+01 3.11104172160557020e-07
1.96605574836333363e+00 1.85446494308666665e+01 3.09469878763731980e-07
7.14491803296333328e-01 1.85469721708333317e+01 3.19484771018288019e-07
1.08367955921333325e+00 1.85475903151999972e+01 3.17724552185223987e-07
7.44090489392000065e-01 1.85489024751999985e+01 3.20522133851505992e-07
6.59577540047000088e-01 1.85491617308666683e+01 3.19935023383709991e-07
2.12939737085666669e+00 1.85492610493666668e+01 3.09751339582174974e-07
1.17426745366999996e+00 1.85495771070666642e+01 3.17653510524280005e-07
1.27067320638333325e+00 1.85516202233666654e+01 3.18031446471102997e-07
6.34369780745999923e-01 1.85521147986666683e+01 3.21436148108504022e-07
2.30628023386333325e+00 1.85531662778333306e+01 3.09540460858101000e-07
2.49757420698999999e+00 1.85571444901666673e+01 3.08914983714282981e-07
1.37688920971333317e+00 1.85600689207666676e+01 3.19522874769805977e-07
1.48898696734333336e+00 1.85624535786333347e+01 3.19518572780684009e-07
8.06306970830000025e-01 1.85635295282000001e+01 3.26332804635767993e-07
7.00347967011333394e-01 1.85648149382000014e+01 3.26406823536265015e-07
8.64365957209333291e-01 1.85650823107666660e+01 3.26439964459368022e-07
6.74007732324000020e-01 1.85655759887666676e+01 3.26480213012614995e-07
2.94931150291666677e+00 1.85675098430333350e+01 3.05460876906889998e-07
9.26099620191000006e-01 1.85675217787666647e+01 3.26639688395558985e-07
1.60384114846666659e+00 1.85731617239000002e+01 3.21469055748641010e-07
2.70741893059000027e+00 1.85733036907999995e+01 3.11262000981270992e-07
6.23118347784666682e-01 1.85739305986333356e+01 3.29405672843966006e-07
7.54598485189999946e-01 1.85739573250333336e+01 3.30557388004905980e-07
3.84623994666666702e+00 1.85747084849999986e+01 2.94064379092648017e-07
9.95381089754333370e-01 1.85760477026333319e+01 3.28965428887910015e-07
4.38421281803333329e+00 1.85796772168999986e+01 2.89891807062702991e-07
8.37795840873666653e-01 1.85806459484000008e+01 3.32254074882448012e-07
8.95691641542000094e-01 1.85826831849000023e+01 3.32709143741859018e-07
7.82336442631666684e-01 1.85827573709999996e+01 3.33109947383757981e-07
3.34211307434333316e+00 1.85840780711666689e+01 3.00580461422490016e-07
9.57733711313333291e-01 1.85861706906333346e+01 3.34274863535772003e-07
1.73787180712000011e+00 1.85879055299666653e+01 3.26575379193533975e-07
1.88981515689000013e+00 1.85880174092333306e+01 3.25666704006410013e-07
7.09590764885666636e-01 1.85899182727000003e+01 3.35409670511763997e-07
1.08816701213666667e+00 1.85916867120999996e+01 3.33922262884371021e-07
6.65369242229666646e-01 1.85922830581333329e+01 3.35821957502727981e-07
2.04799011057666647e+00 1.85939104802333333e+01 3.25784041932133015e-07
5.61810740235999972e+00 1.85969049960666659e+01 2.84883374769797999e-07
7.34242596968666672e-01 1.85971303551666658e+01 3.37945653723318001e-07
6.39687616991333363e-01 1.85976846002000009e+01 3.37541005371793978e-07
1.27261659130333338e+00 1.86008911350000012e+01 3.35396484278484002e-07
1.17480842751333348e+00 1.86018964836000009e+01 3.36351217149185992e-07
2.21774447937333319e+00 1.86024273272000009e+01 3.26541371018793022e-07
4.97953065575666631e+00 1.86027463321000006e+01 2.90556050280271020e-07
6.29728407632333287e+00 1.86067285619333340e+01 2.81787874560247974e-07
6.86701451620333359e-01 1.86071693928666662e+01 3.41189517379336977e-07
1.01872412146166669e+00 1.86078151496000004e+01 3.41239904174814974e-07
1.37543688253666652e+00 1.86090249804999992e+01 3.36324256995497987e-07
2.40107064551999949e+00 1.86103107680000015e+01 3.26628044252593013e-07
7.04011555295333391e+00 1.86118585317666678e+01 2.77361287858575995e-07
8.41857413368333307e-01 1.86127726169333307e+01 3.42898186546508004e-07
7.88401113068000092e-01 1.86161513588999981e+01 3.44312377485546004e-07
1.05484506499000008e+00 1.86168566782333329e+01 3.42809697879645989e-07
9.00540905406333358e-01 1.86172673234999984e+01 3.43949980359805024e-07
1.13223746554333338e+00 1.86206121715666661e+01 3.42757647794472986e-07
9.58883917292333354e-01 1.86206355225666691e+01 3.44688585279407000e-07
6.26569269206666668e-01 1.86237540015666667e+01 3.45941900403971026e-07
1.32096832999000013e+00 1.86244664857999993e+01 3.45010605233332022e-07
7.39686117047000047e-01 1.86255674971666672e+01 3.46835163379587999e-07
1.50592404426666637e+00 1.86259364457666656e+01 3.41656289901903995e-07
1.22234956566000008e+00 1.86269709970999990e+01 3.45157332743121974e-07
8.16433213760999976e-01 1.86290501846333321e+01 3.47800224911893009e-07
2.60185448838999989e+00 1.86304481809666669e+01 3.27750425784693982e-07
8.73276793568333320e-01 1.86317931178999991e+01 3.48234033880974994e-07
7.86237158602000008e+00 1.86325725395333315e+01 2.81254820538487983e-07
6.90220240154333364e-01 1.86333126295000007e+01 3.49036190503713980e-07
7.66106675704666729e-01 1.86357884549333335e+01 3.49618033519231979e-07
9.93300573236666651e-01 1.86364849817666673e+01 3.49476389339189004e-07
9.32099090034333333e-01 1.86365707493000023e+01 3.49067032922850994e-07
1.57973050092666689e+00 1.86366445910333347e+01 3.43786351380876023e-07
2.82190451622333383e+00 1.86408135338333345e+01 3.27696180274370981e-07
7.18553073498000017e-01 1.86444986513333326e+01 3.51945304698848011e-07
9.73168789375666599e+00 1.86484152754333330e+01 2.84558758857715988e-07
6.40579614651666684e-01 1.86491169609666656e+01 3.53183458999491983e-07
8.75551555262333459e+00 1.86502066254666659e+01 2.86173239662740996e-07
3.13120328329000008e+00 1.86515879142000038e+01 3.31884989911611980e-07
1.40919364026333316e+00 1.86522886967666643e+01 3.51905449238934006e-07
6.69780028423999974e-01 1.86531919888666700e+01 3.54365668387596002e-07
1.07662676425333341e+01 1.86536336799333320e+01 2.79314404256484983e-07
4.12009821491000050e+00 1.86543857019000008e+01 3.30046399363652984e-07
3.60100179019000022e+00 1.86587865561666675e+01 3.33435039690442976e-07
8.20325922868333279e-01 1.86599929918333345e+01 3.56509253169555982e-07
1.18883949706333336e+01 1.86600884404333307e+01 2.73671847504772997e-07
8.73422298824666599e-01 1.86601399157000003e+01 3.55701237999382016e-07
1.07138655068999999e+00 1.86632384476999995e+01 3.55992019671379985e-07
7.70746487520333368e-01 1.86658328363999999e+01 3.58070037287860023e-07
1.11868772659333326e+00 1.86661914599666652e+01 3.56675740673650008e-07
1.46545906775666634e+00 1.86668155041666672e+01 3.53174872795893991e-07
1.32261819900333322e+00 1.86720102651333342e+01 3.56900202586062008e-07
8.45895627731999888e-01 1.86720622219333343e+01 3.59863878966895977e-07
7.23644245147999965e-01 1.86729806392999969e+01 3.59651064598619005e-07
1.00030626000833345e+00 1.86732436810333304e+01 3.59269715780734976e-07
1.89065745931333340e+00 1.86736020006666656e+01 3.50516586856538981e-07
1.73894577583333354e+00 1.86740960111000014e+01 3.52335591443610991e-07
9.31489478358333400e-01 1.86746944307666638e+01 3.59655495589072024e-07
6.24010345445000003e-01 1.86753629594000010e+01 3.60204190557088979e-07
1.22614934217333338e+00 1.86759042881333350e+01 3.58339893931867003e-07
1.31089389642000000e+01 1.86764890211666668e+01 2.72306950029037012e-07
7.96933633990999923e-01 1.86771385475666669e+01 3.60887943168109994e-07
6.78469257113999968e-01 1.86802657126333358e+01 3.61399488936142020e-07
4.68614773962666664e+00 1.86824235489999992e+01 3.26950989988416974e-07
2.05006002226666650e+00 1.86835934461999997e+01 3.50907912836415025e-07
9.00076798986666593e-01 1.86837378027666681e+01 3.62333866451463992e-07
7.49417100512666745e-01 1.86840938665999978e+01 3.62274436677899022e-07
7.04000640494333307e-01 1.86888683412333343e+01 3.63368312076898014e-07
1.04227129393333340e+00 1.86909556183333336e+01 3.63163169639536013e-07
1.37308007298333323e+00 1.86922425841999988e+01 3.62277645449918986e-07
9.65279992387999997e-01 1.86955179032999972e+01 3.65144631028897022e-07
1.74402578759333302e+01 1.86973510175000008e+01 2.65002631962996012e-07
1.27806623683000020e+00 1.86973682053666685e+01 3.64363565684883977e-07
1.60211740113333323e+00 1.86983898861333344e+01 3.60043158634720017e-07
5.30485711265000059e+00 1.86996513281666665e+01 3.25405441652749986e-07
6.37807314783000012e-01 1.87002999662333345e+01 3.66362942113620984e-07
6.63065812679666688e-01 1.87011276915666684e+01 3.66457243513562976e-07
1.14099555640333339e+00 1.87012965968333340e+01 3.65229437396313975e-07
8.50800246933999915e-01 1.87014594593000005e+01 3.67218024798588017e-07
5.95553465598666687e+00 1.87036335579999999e+01 3.23443195445886017e-07
1.18906945179333334e+00 1.87058349102666668e+01 3.66607426595458026e-07
8.01204504944999951e-01 1.87074201714666657e+01 3.68506379009826009e-07
1.90101641728333313e+01 1.87093562464333338e+01 2.68401285239906992e-07
8.84731056089333223e-01 1.87101876446000013e+01 3.69077708349822983e-07
2.21586022344666622e+00 1.87109105910333327e+01 3.55080072828589993e-07
7.52538507123666656e-01 1.87133497412999965e+01 3.69594287142602976e-07
1.81600878398666676e+00 1.87151430509333316e+01 3.61734004765409004e-07
7.04298713400333454e-01 1.87172151930000012e+01 3.70197966618912998e-07
6.65470045988666659e+00 1.87185870936999983e+01 3.21548659565308012e-07
2.40249541975333347e+00 1.87190449094000009e+01 3.54342116743395007e-07
8.29501413024333334e-01 1.87196718530999995e+01 3.71231707698230985e-07
1.96896796247666672e+00 1.87199169882666681e+01 3.61571845953518009e-07
1.59185749622999992e+01 1.87207748537000001e+01 2.79067411371721999e-07
1.67173371008333338e+00 1.87210975001333360e+01 3.64680126249078020e-07
6.78553953913000107e-01 1.87248532784999995e+01 3.72038033295442974e-07
6.23796969337999996e-01 1.87249370068333327e+01 3.72068926996947976e-07
7.78138765085333417e-01 1.87253703349999974e+01 3.72385863032698002e-07
1.48404518911666661e+00 1.87296637977333340e+01 3.68572351846288011e-07
7.27063724664999911e-01 1.87305833657666660e+01 3.73418314012391023e-07
1.04695521426666649e+00 1.87352918125999999e+01 3.73893182867144021e-07
9.67657910297000101e-01 1.87369405060333314e+01 3.74470801472775024e-07
2.59060719192666644e+00 1.87416090596333333e+01 3.55298671708888023e-07
1.44486762394666659e+01 1.87418359814999995e+01 2.82789683414973003e-07
1.37860522810999986e+00 1.87430567155333350e+01 3.73335640214355974e-07
8.94612372410999890e-01 1.87436638072999990e+01 3.76750729928501985e-07
7.43596011647333288e+00 1.87444310712999993e+01 3.22915323497260019e-07
1.12249607315999977e+00 1.87469072284000013e+01 3.76213537538451987e-07
2.12958302662000021e+00 1.87474272791666650e+01 3.63970927821041977e-07
6.67558159024666531e-01 1.87484365316666661e+01 3.77264126990586996e-07
1.28215614008333323e+00 1.87489826632666698e+01 3.75638814512630990e-07
6.38059672346333318e-01 1.87493479853333334e+01 3.77476301079882980e-07
1.54689706583333364e+00 1.87505300344333321e+01 3.73244572228731017e-07
8.33990858531666657e-01 1.87518397892000017e+01 3.78471215795552019e-07
1.19668700399999994e+00 1.87549357144333335e+01 3.77757817863143975e-07
7.80262656738999971e-01 1.87549812771333357e+01 3.79007443096978012e-07
7.27740130381666628e-01 1.87586443475666655e+01 3.79506363742586986e-07
1.00736809825066675e+00 1.87590024780333344e+01 3.79060147197832021e-07
9.31573613172000048e-01 1.87597102224333305e+01 3.79767849617793007e-07
1.08339679857999993e+00 1.87614082531666675e+01 3.79054839483428993e-07
2.83522371348333335e+00 1.87619215213333348e+01 3.55807397920679010e-07
1.43330491675000005e+00 1.87659511216666672e+01 3.77688093280813981e-07
8.65171008762999905e-01 1.87671035581000005e+01 3.81552762166587014e-07
8.07817842106000050e-01 1.87691990497000027e+01 3.82083460229293985e-07
6.80156075835666729e-01 1.87703642541666653e+01 3.81947448463146984e-07
2.30582075217000027e+00 1.87703836830666653e+01 3.66486070158266021e-07
7.55338804494000038e-01 1.87710216652333344e+01 3.82471332923281977e-07
6.24262703008333308e-01 1.87744109785000006e+01 3.82878915680322020e-07
1.33223325738333331e+00 1.87744388543666680e+01 3.80578959985914024e-07
7.06111507369333258e-01 1.87746465121333337e+01 3.83150994396187001e-07
1.23785679763333345e+00 1.87766195501999995e+01 3.81708190629058012e-07
2.48775168476000008e+00 1.87770395102333332e+01 3.64952115831975022e-07
1.15764259307333339e+00 1.87785517225666680e+01 3.82361276218468975e-07
8.30120930668333301e+00 1.87827791649999973e+01 3.27109308234882977e-07
3.10953927814666642e+00 1.87880586731333352e+01 3.54376952880377017e-07
6.66884450427333353e-01 1.87963915827000001e+01 3.87525279740026008e-07
1.81636482858666670e+00 1.87984679170333315e+01 3.79760631562557005e-07
9.24794342623666665e+00 1.87986219008999988e+01 3.36567914525045978e-07
6.40489564278333368e-01 1.87995268533666682e+01 3.88113140432775981e-07
7.55416516965666696e-01 1.87995904946333319e+01 3.88276659212132980e-07
8.07318715083999994e-01 1.88005051582333351e+01 3.88486929226407020e-07
7.09119931798666614e-01 1.88007241805666645e+01 3.88555567776839002e-07
1.00813941937066676e+00 1.88018246631333348e+01 3.87870072568596000e-07
1.02580189420066663e+01 1.88020489553666685e+01 3.34146821181011014e-07
9.36285427166333228e-01 1.88026119981999962e+01 3.88562423683252014e-07
1.67968413317666676e+00 1.88031974384333331e+01 3.82430265693560026e-07
1.96428458329000022e+00 1.88035616894333337e+01 3.78653083775808997e-07
8.66001422287666522e-01 1.88049737489999984e+01 3.89348498707782987e-07
4.14188798087666665e+00 1.88056388495666660e+01 3.45963517292554018e-07
1.07747758112999992e+00 1.88062065511333358e+01 3.88198059688224006e-07
3.64796584615000041e+00 1.88067490479333337e+01 3.51567101899666976e-07
7.30826267282666642e-01 1.88132908454000010e+01 3.91023443085905988e-07
1.13295375057333345e+01 1.88137221203666662e+01 3.31071045275582002e-07
6.85128658526666712e-01 1.88138134856333323e+01 3.91079876661177989e-07
7.79841242188666683e-01 1.88148562150666692e+01 3.91219062816300015e-07
1.55348815321000000e+00 1.88148608689333336e+01 3.86035328516371005e-07
8.34322145034333218e-01 1.88210160886333320e+01 3.92217665091234979e-07
9.73141045411333394e-01 1.88226644668999974e+01 3.92167012504990995e-07
1.04180731793666670e+00 1.88229122956666650e+01 3.91519805704697989e-07
9.00154599930000021e-01 1.88244357739666661e+01 3.93141054169279002e-07
2.94096669503333352e+00 1.88250885894666702e+01 3.66427097793201023e-07
6.26226861270000046e-01 1.88251158748666683e+01 3.93278456225691978e-07
1.43842180222666660e+00 1.88257669742333320e+01 3.89406364727387992e-07
1.14923196092333346e+00 1.88272886330000020e+01 3.92022848440241980e-07
1.33402645717666668e+00 1.88284050636666684e+01 3.91081860362978979e-07
2.11246496064000011e+00 1.88289147523333327e+01 3.81493274195370983e-07
1.23876652022666689e+00 1.88305572789666655e+01 3.92303550325737001e-07
4.66737934813666655e+00 1.88359642539666652e+01 3.43194840960347982e-07
1.24955232041999995e+01 1.88365774616000010e+01 3.29192199569136983e-07
6.84984329543333437e-01 1.88369834137666636e+01 3.95660624997502975e-07
2.65894209005333337e+00 1.88385312701333341e+01 3.73866602850205993e-07
1.74725224352666664e+00 1.88395208154999985e+01 3.88490121927439001e-07
1.10816622355999983e+00 1.88404424368000001e+01 3.94083511524944986e-07
1.88633012472666661e+00 1.88405715679333348e+01 3.87082046406881017e-07
7.29938196334000033e-01 1.88408306856333319e+01 3.96302420261798997e-07
7.77292765807666708e-01 1.88441257843666676e+01 3.96904924885001975e-07
1.61665891160333342e+00 1.88448206589333331e+01 3.91143914002916974e-07
2.75571901224333304e+00 1.88484783789666643e+01 3.73192573046579015e-07
2.02825857710000035e+00 1.88487256205333331e+01 3.87031786835426014e-07
8.27174256994000046e-01 1.88509996695666651e+01 3.98174497709901998e-07
6.40399832729666718e-01 1.88511170854666652e+01 3.98358761618879998e-07
7.08087531866666731e-01 1.88514339489333338e+01 3.98222061823029026e-07
1.49575316196999997e+00 1.88538104847999968e+01 3.94262905634795013e-07
6.66650389895333428e-01 1.88544850762666663e+01 3.98971065825355022e-07
7.51979969636000001e-01 1.88563999041666683e+01 3.99093064932141977e-07
1.38551531338000000e+00 1.88568387774000001e+01 3.96139302931671981e-07
1.28485906247000004e+00 1.88568866013333327e+01 3.97007986612715979e-07
1.18918609444333323e+00 1.88576103536333335e+01 3.97477165680104005e-07
7.97622350662666624e-01 1.88597583084666667e+01 3.99780233303343987e-07
1.04471199309333329e+00 1.88645782807333333e+01 3.99570303957751017e-07
9.75839505419666686e-01 1.88653126132666671e+01 4.00298451704840994e-07
9.03100630009666561e-01 1.88660652719333335e+01 4.00855957271908008e-07
3.91499376859333337e+00 1.88739241244333300e+01 3.67928992625768019e-07
6.24172971459666659e-01 1.88760012105999984e+01 4.02944256840192005e-07
1.08695312639000008e+00 1.88778809723000016e+01 4.01868252383428995e-07
8.41103402897666608e-01 1.88779844473999994e+01 4.03556604677893026e-07
7.04156084098666812e-01 1.88787600179333310e+01 4.03309320316516993e-07
2.31033558830333341e+00 1.88791592853999965e+01 3.87456097897259016e-07
5.36416502896999958e+00 1.88802389938999973e+01 3.44943370702400019e-07
6.78998991965000021e-01 1.88818614851666666e+01 4.04006672792754997e-07
3.24508515132000008e+00 1.88821246247000012e+01 3.73004627797842006e-07
2.49083978241333348e+00 1.88824503903000007e+01 3.85018599854050975e-07
4.38723419251000024e+00 1.88844710695333333e+01 3.64968876616235015e-07
7.49356312110999956e-01 1.88846569484666666e+01 4.04366995820457995e-07
1.01374255453566664e+00 1.88861387945666657e+01 4.03614522360983993e-07
9.41929917254333393e-01 1.88868896425333332e+01 4.04231955012957022e-07
7.94410697935333254e-01 1.88878104422999975e+01 4.05069257734671980e-07
8.71940763507666694e-01 1.88891333110333335e+01 4.05004227146442012e-07
3.47407256728333325e+00 1.88936163575333325e+01 3.72932932584359017e-07
7.23383091041000070e-01 1.88964137989333345e+01 4.06384456365844999e-07
7.71457455555333294e-01 1.89004349625000003e+01 4.07100919556208987e-07
6.38149644439999997e-01 1.89010012106000005e+01 4.07518557464818004e-07
8.18434019194333229e-01 1.89013520770666652e+01 4.07397513464196012e-07
6.66725107779666648e-01 1.89034934943666677e+01 4.07688183424839003e-07
2.14910479031333290e+00 1.89051732961333308e+01 3.96098009383099010e-07
1.81640266444999980e+01 1.89067072639333311e+01 3.27999542097473010e-07
5.95924493509333342e+00 1.89069715597333321e+01 3.42658889362105016e-07
1.28347057418333321e+00 1.89118074988666685e+01 4.06937095462599011e-07
1.18698588387000004e+00 1.89119007615333352e+01 4.07309997130669974e-07
1.61762704117999978e+00 1.89175328273666672e+01 4.04298998397817023e-07
1.49666498215666643e+00 1.89179813194666657e+01 4.05681311581492997e-07
1.66986460622666648e+01 1.89181258712000009e+01 3.40318301436956978e-07
1.37802362608666673e+01 1.89183250026666663e+01 3.34583205465454982e-07
1.74690241615999997e+00 1.89190071432000018e+01 4.03040956988243995e-07
1.38555471632999994e+00 1.89205321701333311e+01 4.07429424978376011e-07
1.09630282939999990e+00 1.89215938100333325e+01 4.09675097614487994e-07
1.88288480360666655e+00 1.89227840583999978e+01 4.01967301471580983e-07
7.20673326712666706e-01 1.89247592741333328e+01 4.11458353681611980e-07
6.23976672980333325e-01 1.89249999999999972e+01 4.11621767442267010e-07
6.76212994533333389e-01 1.89273962871666690e+01 4.12026790236260008e-07
2.59104713884000004e+00 1.89277829495666658e+01 3.90487402546553988e-07
2.01748241683666629e+00 1.89283249584000011e+01 4.01485423399989019e-07
2.92190995336666681e+00 1.89285212701000027e+01 3.83765156271466018e-07
7.69293539675666604e-01 1.89296096288999998e+01 4.12292216965540996e-07
8.76738376744000014e-01 1.89297949126333300e+01 4.12247595478678025e-07
1.01695495695566662e+00 1.89298430208333350e+01 4.11405447595952004e-07
9.43574903464333370e-01 1.89300548684999974e+01 4.11892406446237984e-07
8.19306271376666562e-01 1.89307142525999978e+01 4.12551418855442006e-07
6.63445809771999961e+00 1.89320673427666684e+01 3.40948976581689008e-07
2.41009835354000002e+00 1.89332313918000033e+01 3.94831811326877003e-07
2.22942113171333345e+00 1.89363666537666653e+01 3.98796604246703018e-07
6.98856620818000152e-01 1.89369748390666679e+01 4.13510216837946975e-07
1.23517782136666665e+00 1.89397685843999994e+01 4.11896879309580997e-07
1.14143275144666667e+00 1.89419358550333321e+01 4.12639380781079993e-07
7.44482631902999903e-01 1.89421770900666679e+01 4.14289170970402018e-07
2.81351882107666640e+00 1.89461172118333359e+01 3.88915602738945983e-07
7.93119034237999898e-01 1.89463472842333296e+01 4.14961333164430982e-07
1.33267737184000001e+00 1.89470193539333316e+01 4.12155814687940005e-07
8.46773268316333372e-01 1.89480082245333321e+01 4.15202456494073975e-07
6.60758398622666721e-01 1.89492235353999980e+01 4.15756724824675023e-07
6.37097540409333418e-01 1.89493195320000005e+01 4.15621185560352022e-07
9.09543229456000080e-01 1.89498920994999978e+01 4.15287469635980010e-07
1.55536810297333328e+00 1.89517438720333367e+01 4.11026091476217014e-07
1.05727409852333332e+00 1.89519953447333336e+01 4.14771777448598008e-07
9.80696894049666756e-01 1.89521820655000006e+01 4.15350423379449025e-07
1.43937302536333345e+00 1.89536312016333319e+01 4.12237604619726026e-07
1.68030243538666668e+00 1.89553959345666669e+01 4.10076986528060988e-07
1.81256968009999997e+00 1.89601667352000014e+01 4.09192830055187977e-07
1.52069581685666666e+01 1.89626108351999996e+01 3.49640008536823994e-07
7.36564239194333314e+00 1.89628009113999987e+01 3.44722070373472997e-07
6.97125813729333355e-01 1.89647904549999993e+01 4.18387913698931013e-07
1.95006310190666654e+00 1.89653735177666647e+01 4.08366547945033989e-07
4.85711888434666594e+00 1.89659640264333369e+01 3.68971809993463979e-07
2.08557655307000012e+00 1.89659723361333334e+01 4.06757561355256012e-07
6.73626381893333459e-01 1.89711981017666709e+01 4.19365757904150010e-07
7.41783552944333291e-01 1.89716572379000006e+01 4.19366290529131018e-07
6.23120867428999969e-01 1.89743195319999991e+01 4.19816162558695002e-07
7.91276316800666790e-01 1.89764211111333303e+01 4.20119377449946015e-07
5.68112559778666704e+00 1.89808306635333359e+01 3.64060460573154022e-07
8.45744804138666595e-01 1.89813433895666677e+01 4.20794191489902000e-07
7.16243440665333408e-01 1.89820550379000004e+01 4.21048238359271026e-07
7.64751743279666663e-01 1.89891636036333331e+01 4.22178120185387026e-07
9.07600779241999889e-01 1.89926072664666670e+01 4.22536000644290019e-07
5.13979241242000029e+00 1.89930109871999981e+01 3.69648850845067025e-07
1.23366512723333344e+00 1.89933481059999991e+01 4.21013625758187982e-07
8.16435089761666677e-01 1.89941232445333341e+01 4.23068412728350978e-07
6.64208540809666625e-01 1.89953327204999987e+01 4.23339950379294003e-07
1.14423257888999985e+00 1.89961464299000014e+01 4.21812689407607981e-07
9.81217208275666608e-01 1.89967062053000006e+01 4.22934928432651008e-07
6.37363884558666771e-01 1.89983581541333315e+01 4.23668555763983994e-07
1.05955761761666678e+00 1.89985068788666673e+01 4.22703984278055975e-07
1.32485331116666671e+00 1.90010053286999998e+01 4.21440842394225999e-07
1.95963305552666647e+01 1.90010229131000017e+01 3.35576842296876019e-07
8.28031987390666835e+00 1.90023001239333347e+01 3.46681923862099988e-07
8.73767462352333268e-01 1.90058452446333348e+01 4.24632034425396018e-07
3.14045113739666704e+00 1.90098758482666668e+01 3.90775986994926018e-07
1.44475962750333342e+00 1.90125260326999985e+01 4.22426933808530002e-07
7.10267551719333312e-01 1.90126479219000011e+01 4.26083785686978005e-07
9.42152767476333253e-01 1.90172941752666667e+01 4.26445407265846980e-07
7.61635748272999957e-01 1.90186166862999997e+01 4.27090944705347024e-07
2.98584852255666666e+00 1.90192425773333333e+01 3.95876103832733993e-07
1.55274098480333334e+00 1.90193452022666669e+01 4.22212971716926990e-07
1.27413381937666670e+00 1.90193729952333328e+01 4.24988477766159012e-07
6.81732083699666647e-01 1.90195179577333349e+01 4.27126676084505989e-07
1.18827301718000000e+00 1.90196908580000006e+01 4.25551939704706995e-07
1.01975879027499983e+00 1.90208786947666688e+01 4.26654346877635997e-07
1.10138617593666677e+00 1.90223159190333355e+01 4.26460364940454982e-07
6.28075199326333333e+00 1.90235468127333327e+01 3.67429615797040992e-07
8.13246352615333290e-01 1.90238922714999994e+01 4.27935240444014986e-07
6.24243017129666566e-01 1.90240386221333324e+01 4.27901868980800003e-07
3.93882999841666681e+00 1.90249032459999974e+01 3.82172896126127981e-07
1.67649575875666668e+00 1.90309618054333356e+01 4.22786849532532996e-07
7.32691668991666600e-01 1.90317032045666679e+01 4.29150906219926022e-07
3.52065442145666685e+00 1.90319779686666664e+01 3.88882879678105024e-07
2.60250291480000007e+00 1.90329550937333352e+01 4.07689318727765978e-07
4.40651981184666663e+00 1.90330890324333346e+01 3.77999804812315979e-07
7.84971584647666476e-01 1.90356432207666657e+01 4.29877813176749984e-07
8.65914749873666678e-01 1.90363067154000021e+01 4.29698871880740012e-07
2.41363568704333353e+00 1.90388776545666651e+01 4.11971049861592010e-07
2.24097565333000004e+00 1.90408726149666698e+01 4.16100135194323004e-07
1.80848657294999993e+00 1.90412018913000018e+01 4.22805775070805005e-07
8.34703354513666618e-01 1.90415738873000002e+01 4.30860739984693975e-07
6.94955546625666631e+00 1.90437086209333337e+01 3.67435322309306982e-07
1.49942446612666669e+00 1.90444774807666626e+01 4.26891565391516991e-07
1.35520139655333338e+00 1.90453119704333318e+01 4.28894098200067978e-07
6.69574434503000027e-01 1.90465015675666649e+01 4.31566334252249994e-07
2.08739828355999979e+00 1.90474256189333317e+01 4.19918633210106981e-07
1.94587412825666672e+00 1.90478112987999992e+01 4.21969427052402010e-07
6.38930024184000023e-01 1.90479967983333331e+01 4.31740483939492978e-07
2.79557261431000015e+00 1.90480726553666670e+01 4.05579061311944015e-07
1.40384263376333340e+00 1.90517904069333319e+01 4.29397274180939980e-07
1.61119324638000005e+00 1.90607000284666661e+01 4.28404196858119999e-07
7.30300109891333427e-01 1.90611053205666678e+01 4.33970605713527993e-07
9.40917320813666636e-01 1.90619006518333300e+01 4.33808866124324009e-07
7.81756816807333332e-01 1.90644237969999999e+01 4.34514959615895001e-07
8.79576769064000064e-01 1.90647142101666667e+01 4.34869325452298986e-07
1.01897723652833339e+00 1.90673162374000000e+01 4.34329353192908982e-07
8.30198129934999973e-01 1.90693726239999997e+01 4.35330640641397025e-07
6.82104818174666616e-01 1.90698880958666628e+01 4.35350837032136016e-07
1.27382252573333332e+00 1.90710301073999986e+01 4.33491147579478987e-07
1.10147307068666667e+00 1.90710427665666664e+01 4.34429776395640025e-07
1.18830588822000016e+00 1.90721488116666649e+01 4.34114405879657009e-07
6.24687007054333332e-01 1.90739581762000014e+01 4.36057135269234013e-07
1.73901263237999992e+00 1.90756081701666638e+01 4.29077856794024017e-07
7.07804737169333342e-01 1.90758339552999985e+01 4.36430264011816006e-07
7.56029421332333307e-01 1.90767993785333339e+01 4.36541810151858996e-07
8.05526360196333280e-01 1.90804715844333366e+01 4.37146871430830020e-07
9.08672689283333335e-01 1.90805950748999997e+01 4.36742651798444980e-07
8.55289369092333440e-01 1.90845305644333330e+01 4.37875952514929997e-07
1.87461272280666669e+00 1.90862569955333328e+01 4.28843465412258019e-07
9.79200207866333217e-01 1.90877502245000024e+01 4.37746846138781008e-07
2.32542744342333307e+00 1.90893115093666665e+01 4.21631317065390001e-07
1.32049197933333340e+00 1.90893117658666647e+01 4.36153182915544995e-07
2.16248104242000005e+00 1.90911325401333336e+01 4.25028929460947992e-07
4.67438286170333317e+00 1.90915128741333326e+01 3.90293610492630976e-07
2.01511517367666704e+00 1.90922160222333304e+01 4.27659853435046976e-07
2.50583289187666658e+00 1.90932687972333355e+01 4.18741075680170988e-07
2.70035224983999989e+00 1.90934631545333353e+01 4.14362564164910005e-07
1.05886295862000002e+00 1.90936712690333366e+01 4.38301264691132013e-07
9.31554404638333189e+00 1.90942816240333322e+01 3.64147489418502024e-07
3.29776318372666699e+00 1.90958447716333346e+01 4.06818627038260989e-07
3.71838393014666702e+00 1.90960897806333350e+01 4.00598596062040997e-07
6.67468571328666660e-01 1.90967560801666671e+01 4.39760127813626020e-07
1.14435234467999991e+00 1.90973312311000001e+01 4.38371790871297009e-07
1.23338670463000000e+00 1.90974631718333292e+01 4.37836980964713999e-07
6.40695170527333380e-01 1.90993309297333305e+01 4.40120297682861993e-07
1.02979565822399994e+01 1.91025087926333335e+01 3.60126187666725012e-07
7.09300823961333315e-01 1.91033818702666629e+01 4.40902916916492005e-07
7.53881402107333343e-01 1.91046491295000003e+01 4.40985140680665015e-07
4.18500983003666693e+00 1.91052359340333311e+01 3.97520322629541017e-07
2.91005992483333342e+00 1.91058352494333370e+01 4.12397710951192025e-07
8.02991801252999959e-01 1.91080718625999992e+01 4.41419681704368987e-07
1.48816551405000008e+00 1.91090304740999990e+01 4.37886505740102012e-07
8.54328542312333350e-01 1.91103492774000010e+01 4.41801593846346011e-07
1.42945063723666688e+00 1.91137283510333305e+01 4.38961633380004976e-07
6.84922061385333403e-01 1.91155172548333319e+01 4.42736189943345992e-07
7.29648177458333436e-01 1.91165029864999987e+01 4.42919426415176992e-07
7.77074238638999937e-01 1.91198738261333325e+01 4.43447187255652997e-07
8.26702744211666674e-01 1.91227916151333339e+01 4.43888640642539000e-07
1.13508112880333343e+01 1.91232244413666699e+01 3.56040370080587002e-07
9.05328308351333266e-01 1.91244936335666686e+01 4.44389004547230993e-07
6.26008163473000034e-01 1.91253727535333304e+01 4.44370209059721982e-07
1.60318858302999989e+00 1.91303803291000030e+01 4.39744621652867981e-07
9.75686345252666620e-01 1.91332666385666670e+01 4.45209665640655014e-07
8.75271561352000016e-01 1.91344314818000001e+01 4.45237544487881998e-07
6.83341040909666630e-01 1.91381762046666637e+01 4.46399334776857002e-07
1.33076305633333347e+00 1.91413978620999963e+01 4.44181316657239976e-07
1.05582451045333325e+00 1.91424130471666700e+01 4.46156439181920991e-07
7.26842540846666663e-01 1.91427576133333339e+01 4.47089501185382006e-07
7.61145036280666698e+00 1.91434818723333358e+01 3.75660315013436002e-07
7.94375317653666713e+00 1.91446329911666702e+01 3.81277227758146987e-07
7.74083968767666608e-01 1.91473016825000002e+01 4.47692606216430984e-07
1.14278981192333329e+00 1.91496612076000012e+01 4.46738976139765022e-07
8.25142093205666671e-01 1.91507850451999992e+01 4.48055751135926020e-07
9.34059077267999971e-01 1.91513156245666636e+01 4.48243890516954026e-07
6.39471569714666677e-01 1.91513865590333303e+01 4.48590414299289022e-07
1.23425352479666661e+00 1.91516744512333332e+01 4.46388538865860008e-07
7.04914166873999992e-01 1.91522954469333335e+01 4.48590453014622989e-07
1.53347736937666657e+00 1.91535784962333331e+01 4.44570805587922999e-07
6.64663950040333296e-01 1.91548039926333331e+01 4.49139255736315002e-07
1.24970625715333341e+01 1.91582149582333336e+01 3.54121795861086015e-07
7.48085495624333241e-01 1.91583316126999996e+01 4.49537698972736979e-07
1.73037143728666654e+00 1.91585705766333341e+01 4.42514722803234025e-07
1.39108047702666671e+00 1.91593360107666655e+01 4.46660852862424989e-07
1.01242492574800003e+00 1.91615744295999981e+01 4.49410535510208000e-07
8.55543666577000095e-01 1.91618161538000003e+01 4.50386870369822976e-07
7.98440880375666739e-01 1.91634931490333322e+01 4.50330643769941977e-07
1.87052824211333335e+00 1.91697912311666663e+01 4.42290675439920999e-07
5.62851366078000037e+00 1.91712767480000004e+01 3.85301721113137011e-07
1.09687208976333328e+00 1.91721145212000010e+01 4.50538092814491024e-07
8.52547331307666667e+00 1.91741172340999988e+01 3.86117805730903987e-07
6.23463406241666629e-01 1.91760138054999985e+01 4.52490529516310002e-07
6.99442262573000018e-01 1.91760273946666651e+01 4.52452761768698985e-07
1.28496042290000001e+00 1.91773274830333342e+01 4.50120708103151974e-07
5.29927098619333403e+00 1.91776157356333350e+01 3.91621623349374006e-07
1.18761017562999993e+00 1.91786900675666665e+01 4.50894692168539026e-07
2.01053721357666637e+00 1.91790002287666645e+01 4.41453656409290026e-07
6.75324379377333250e-01 1.91792158710333354e+01 4.52995947307763024e-07
1.65984990031333335e+00 1.91836045125333321e+01 4.47284441541792007e-07
2.16138930110666649e+00 1.91849532267333309e+01 4.39727977797477021e-07
7.42795257916666674e-01 1.91851615548333321e+01 4.53782436637823988e-07
2.32412227064999977e+00 1.91910711220999985e+01 4.37516224537230994e-07
7.93571841157333258e-01 1.91921769146000010e+01 4.54816553997301974e-07
7.16080398838000121e-01 1.91933195032000015e+01 4.55125691622301990e-07
9.28072783206333352e-01 1.91956123026000007e+01 4.55433881386146007e-07
8.53952047953666749e-01 1.91958575848666690e+01 4.55721316667548005e-07
2.49977819650333322e+00 1.91994748607999988e+01 4.35242316311877010e-07
6.63821782178333319e-01 1.92010300695999980e+01 4.56439171146363998e-07
6.37153189368333428e-01 1.92012454376666675e+01 4.56524810789465987e-07
7.63924691841666559e-01 1.92028153902000014e+01 4.56584500647859021e-07
1.00567400421366671e+00 1.92066955482666657e+01 4.56622416401945983e-07
1.79576089716333342e+00 1.92076985333999986e+01 4.49143702630195999e-07
8.18681435364000065e-01 1.92135102418333332e+01 4.58075790435659020e-07
8.86629499703666668e-01 1.92157305945333370e+01 4.58688084474174997e-07
2.91713355655666673e+00 1.92172587544333346e+01 4.28120586022677990e-07
1.93721168746333317e+00 1.92181297409666634e+01 4.48176353522795974e-07
3.25610085168666652e+00 1.92202158208666667e+01 4.18914008682979994e-07
7.06752550167666693e-01 1.92207593787333337e+01 4.59531820498098013e-07
1.52221297264333333e+00 1.92216842189333335e+01 4.55318840898470986e-07
9.62949129656666791e-01 1.92226844352666681e+01 4.59477576452845020e-07
1.40195570586000007e+00 1.92231954113999990e+01 4.56588177337805996e-07
2.69492188731333338e+00 1.92245276779333345e+01 4.34327781267189022e-07
6.23689783126666675e-01 1.92252316321666683e+01 4.60262614710713979e-07
6.78611816703666659e-01 1.92252814687666671e+01 4.60133280879012006e-07
6.25695886982666583e+00 1.92257077665333327e+01 3.84914023339392026e-07
1.09042141525000003e+00 1.92264881074333367e+01 4.59143178606909014e-07
2.08172858214666645e+00 1.92280305120666668e+01 4.47314172809737021e-07
7.57053811321333314e-01 1.92304548987333312e+01 4.60968232960956996e-07
1.18671015509666677e+00 1.92341591553666689e+01 4.59713998578020977e-07
1.28815836911333337e+00 1.92343033281999993e+01 4.58842031666020001e-07
2.23857873924333317e+00 1.92364529142999992e+01 4.45811582347541974e-07
3.69658740626999993e+00 1.92398078140333304e+01 4.14158411182924022e-07
7.26596528726000002e-01 1.92402409389000013e+01 4.62589857475203985e-07
8.07770862839333303e-01 1.92416806655666655e+01 4.62748945188621978e-07
1.04262291440566668e+00 1.92419077520666661e+01 4.61850872671520001e-07
4.73728716069333355e+00 1.92435131422666643e+01 4.04533516628137008e-07
9.83922615413666612e+00 1.92445348358333312e+01 3.98612071944403979e-07
2.40627581889666642e+00 1.92468433308666675e+01 4.44077437528214997e-07
7.75790388112333251e-01 1.92479868468666666e+01 4.63697024835648991e-07
1.64114948764666657e+00 1.92481570343999984e+01 4.57975746019645026e-07
6.36918846933666738e-01 1.92499181284666641e+01 4.64110689240543013e-07
6.65172287700666609e-01 1.92501833331333323e+01 4.64179518273856992e-07
8.92087596375666614e+00 1.92502559983000019e+01 4.00580285152813987e-07
6.91738780153333366e+00 1.92511913329333346e+01 3.85394967896940979e-07
1.45986048490666676e+00 1.92528945918999987e+01 4.60680663759454018e-07
1.37378258583333324e+01 1.92558208949999994e+01 3.64231389994289025e-07
8.83220902100666727e-01 1.92590924946000008e+01 4.65474672823615986e-07
1.13543911687666665e+00 1.92595038816333357e+01 4.64140627862377026e-07
1.34483623138000019e+00 1.92622331079000020e+01 4.63141783688168013e-07
1.57322377362999988e+00 1.92630385736666661e+01 4.61314208197626985e-07
1.08274790650666670e+01 1.92635958382000005e+01 3.98620943734485018e-07
1.23655145047666681e+00 1.92641193842000007e+01 4.64147200821673990e-07
9.56336270616000017e-01 1.92647468068333332e+01 4.66199876942241997e-07
8.19242563044666583e-01 1.92675447632666668e+01 4.67068387838806019e-07
7.21899026300333424e-01 1.92683106887666646e+01 4.67053375746861988e-07
4.18650913706666739e+00 1.92687300766000007e+01 4.11587685505080997e-07
2.59101785690000019e+00 1.92702256807000012e+01 4.43239490326580005e-07
6.75455987507666666e-01 1.92734600439333370e+01 4.67876010229652983e-07
7.69951996031999930e-01 1.92742341783333337e+01 4.68027113171399975e-07
6.23229063806999939e-01 1.92746864962999993e+01 4.68025209191101989e-07
8.49248208011999961e-01 1.92788250139333321e+01 4.68839244763927016e-07
3.05791926436333306e+00 1.92801421672333326e+01 4.36663220118101990e-07
6.99359937865666637e-01 1.92808861729666638e+01 4.69121295216590024e-07
9.18051326562666747e-01 1.92810365742333367e+01 4.68938437777804002e-07
1.02984280135566664e+00 1.92827070172666666e+01 4.68266876458825989e-07
7.46517916815333304e-01 1.92847719800666653e+01 4.69753259500846979e-07
7.93621848231333415e-01 1.92879779151000008e+01 4.70380538338911011e-07
9.86281032122999890e-01 1.92895571850333347e+01 4.70057552132188996e-07
2.79721588350666650e+00 1.92905606837666674e+01 4.41652441125313020e-07
1.19112081202666662e+01 1.92912282580666670e+01 3.99215844271469993e-07
1.79857796491999999e+00 1.92925615249333333e+01 4.62952795864878000e-07
6.60660261615333311e-01 1.92973086016999993e+01 4.71694413278733004e-07
6.36686778681666676e-01 1.92988002587333334e+01 4.71759278828630004e-07
5.88283987465000013e+00 1.92995785980000001e+01 4.11090392264302023e-07
3.45719556553999974e+00 1.93000670513000010e+01 4.33786679193286981e-07
5.07950175710999918e+00 1.93025690430000019e+01 4.17708102010518981e-07
1.93444117121999981e+00 1.93027179600999972e+01 4.61803630658214009e-07
1.67175927667999979e+00 1.93067590738333337e+01 4.67693385332741989e-07
6.98900678153333232e-01 1.93086512610999996e+01 4.73621189037380994e-07
7.43397461890333289e-01 1.93120516425666686e+01 4.74073249353281020e-07
7.92944445654999996e-01 1.93138793861666649e+01 4.74362037595649978e-07
8.49454803408666748e-01 1.93156652102999971e+01 4.74531892703271004e-07
8.18890661570666545e+00 1.93164501013333343e+01 4.15563379228426017e-07
1.13462568854333323e+00 1.93164905003000023e+01 4.73104744146295002e-07
6.75225378863000159e-01 1.93173190648666662e+01 4.74804809735424992e-07
2.07527949844666670e+00 1.93186010790666671e+01 4.61385375124564012e-07
9.13271510743666748e-01 1.93207642923333367e+01 4.75126225686196013e-07
1.04933356172999992e+00 1.93211790293333330e+01 4.75061279475876981e-07
1.23575317730666678e+00 1.93220870730666689e+01 4.73229316413615999e-07
7.18319311663000004e-01 1.93233554394000002e+01 4.75866825833610978e-07
1.45668463649666680e+00 1.93234150398666671e+01 4.71926111926580980e-07
1.34457239488999991e+00 1.93235604057333319e+01 4.72516105953851006e-07
6.23457714874666613e-01 1.93241137624333348e+01 4.75788488561290004e-07
1.56385600184999984e+00 1.93265725823666656e+01 4.71590050351731992e-07
7.66154138530666717e-01 1.93274153118999976e+01 4.76542328474341023e-07
9.80303453654999934e-01 1.93286257147333345e+01 4.76187468544586021e-07
7.30026487672000002e+00 1.93302505765666659e+01 4.12298562218538025e-07
8.18771755865000173e-01 1.93302864306999993e+01 4.76943255513448010e-07
1.68023311771333361e+01 1.93318842296333351e+01 3.76002398259717026e-07
3.91853278157000062e+00 1.93321154219666660e+01 4.31738425788290978e-07
1.73765675532999997e+00 1.93325941832999995e+01 4.70079312588715986e-07
2.23107414495333378e+00 1.93342631215333363e+01 4.61078853324410990e-07
1.30680679289999997e+01 1.93356224101333360e+01 4.04438351266093006e-07
8.78647681678333292e-01 1.93356604090666657e+01 4.77596808019037016e-07
1.82563227280999989e+01 1.93357748001333363e+01 3.66554572810923005e-07
1.87057479362666679e+00 1.93392424418333349e+01 4.68004884433744016e-07
1.09107643747999994e+00 1.93412235224999982e+01 4.77373904971510970e-07
6.57849730955999945e+00 1.93417110085666657e+01 4.12255515877935988e-07
6.67329720176000118e-01 1.93434549070333333e+01 4.78980811597202004e-07
9.45578876329000173e-01 1.93435430546333329e+01 4.78735061157853048e-07
2.39790233099666672e+00 1.93479772955333367e+01 4.59873690245736004e-07
4.47092341786666569e+00 1.93485834431333323e+01 4.31781408212012020e-07
6.39535539121333318e-01 1.93487579475666642e+01 4.79710644506121038e-07
1.01532842587433336e+00 1.93487589432333316e+01 4.79518304469194986e-07
1.18509845359333332e+00 1.93491134629000001e+01 4.77719933702351025e-07
7.14014698665999981e-01 1.93500886996666672e+01 4.80134172225985047e-07
1.28709625945333328e+00 1.93535983149000010e+01 4.77921025955140020e-07
2.00131761363333327e+00 1.93541590149000022e+01 4.67756206308850979e-07
1.62024302737333326e+00 1.93544158037000003e+01 4.75891503295987995e-07
1.39851602095999983e+00 1.93550431572000008e+01 4.77333837064917977e-07
1.50966935245333356e+00 1.93557386755999978e+01 4.76575647878611006e-07
7.63117077049666803e-01 1.93567721766666665e+01 4.81179914477959970e-07
8.16047071064333274e-01 1.93575761664666679e+01 4.81045159393868042e-07
6.86700406469333391e-01 1.93615203635333337e+01 4.81788949213234960e-07
7.36055787412333351e-01 1.93681417675999974e+01 4.82999129789428024e-07
7.87182699373333405e-01 1.93705259867000024e+01 4.83536475040589050e-07
2.57087319713666673e+00 1.93721611203000030e+01 4.59432617775288988e-07
2.14743562311666691e+00 1.93733340009666648e+01 4.68173139466919018e-07
8.71041590744999983e-01 1.93735009474000002e+01 4.83617874298245968e-07
6.26077824246666581e-01 1.93746441851333344e+01 4.83971216376509033e-07
8.39124027674666650e-01 1.93807954844000001e+01 4.84844394026409955e-07
9.40064615046666829e-01 1.93827809089333307e+01 4.84807004781367985e-07
6.82801520452000044e-01 1.93849719954666675e+01 4.85637900231033006e-07
1.01365201593766674e+00 1.93872472397666655e+01 4.85405774781719004e-07
2.30824418845999979e+00 1.93900152939999977e+01 4.67989021133137002e-07
1.09174582542333343e+00 1.93931522401000009e+01 4.85901023706961950e-07
7.28639391392666647e-01 1.93945522751999988e+01 4.87327374417334047e-07
9.00151158528000095e-01 1.93978426849666654e+01 4.87495169132253967e-07
7.89947204729333330e-01 1.93983565272333323e+01 4.87874207195176033e-07
6.39203215887333309e-01 1.93995406421666665e+01 4.88010455365335948e-07
7.02699416629000040e-01 1.93999508391999989e+01 4.88416096440117051e-07
6.63098510924666651e-01 1.94010225669000000e+01 4.88640608051752014e-07
2.80231403288999958e+00 1.94022842384333352e+01 4.58624327603004012e-07
2.47126004883999961e+00 1.94025442650666662e+01 4.66611668199493977e-07
8.23078582343999998e-01 1.94063021124333339e+01 4.89327212434396982e-07
9.73112782435999968e-01 1.94063518655666662e+01 4.88546901628196002e-07
1.17846396280333354e+00 1.94094692787000014e+01 4.87635730213148019e-07
1.04832653973666656e+00 1.94115960434666661e+01 4.88966730749659959e-07
7.44206083382666694e-01 1.94134023698333316e+01 4.90409971402004017e-07
1.28201863233666669e+00 1.94145314412000012e+01 4.87585138535185042e-07
7.70884559120333379e-01 1.94157528428333315e+01 4.90779290526067040e-07
1.74640629565333327e+00 1.94158694566666661e+01 4.83466401192002035e-07
1.39262892704666652e+00 1.94182357127333347e+01 4.87294190800951996e-07
1.62182619519999993e+00 1.94184507167666673e+01 4.85611816685713023e-07
1.50468750904999982e+00 1.94216402073333363e+01 4.86971767308136004e-07
3.03795754738333335e+00 1.94217512650999993e+01 4.54211579370408989e-07
1.87222453800333333e+00 1.94218495469666692e+01 4.81728996706988038e-07
6.95150154172999968e-01 1.94232632477333347e+01 4.92108492011645975e-07
6.23125391640666604e-01 1.94248964570333307e+01 4.92210757322204006e-07
6.72299825389999994e-01 1.94252033425666646e+01 4.92462084665393978e-07
1.12866058569666650e+00 1.94287750337000027e+01 4.90691862822669037e-07
3.40403294530666711e+00 1.94293605704999983e+01 4.47583717874682987e-07
1.91024602564333321e+01 1.94300904492999997e+01 4.01522288769632982e-07
1.99532169899666667e+00 1.94333136828000015e+01 4.80553567137044975e-07
8.28241989408999957e-01 1.94364172556666688e+01 4.94107692426145043e-07
8.94312259630333339e-01 1.94367251946666677e+01 4.93610943256723951e-07
7.33226862362000076e-01 1.94381345231666671e+01 4.94397785735636037e-07
7.10110907915999956e-01 1.94425968370666631e+01 4.95116157991223986e-07
7.75703519942000042e-01 1.94429873110333311e+01 4.95202483426848008e-07
1.22404105939999996e+00 1.94433760151666668e+01 4.92584132492223010e-07
9.66557128151666611e-01 1.94459286870999968e+01 4.94738835559766968e-07
1.33360767385999979e+00 1.94476860875666659e+01 4.92571013885044019e-07
6.61904622200999992e-01 1.94481490892666677e+01 4.96012656739998005e-07
6.36625483489000055e-01 1.94493241284666674e+01 4.96073298582869967e-07
1.44581569917999997e+00 1.94525091271333359e+01 4.92288510047322954e-07
8.59124196187333378e-01 1.94529980578000021e+01 4.96546462611340008e-07
1.68209198482999978e+00 1.94540692602666674e+01 4.89900156120771966e-07
1.04037272264666680e+00 1.94549493091666683e+01 4.95897738296533993e-07
7.51905372560999985e-01 1.94551626565666673e+01 4.97181670118396021e-07
7.99929572615999951e-01 1.94557061386666703e+01 4.97186190869719947e-07
2.62732831015333312e+00 1.94557388899666677e+01 4.71971935568428976e-07
1.56045732627333322e+00 1.94565090271666676e+01 4.91851535495111043e-07
1.80897724961999984e+00 1.94584439034333343e+01 4.88160142078044012e-07
1.53326777986333340e+01 1.94612158002999998e+01 3.98018273769572997e-07
9.27670061864666606e-01 1.94612402401666671e+01 4.97472851812134011e-07
1.93009500095999997e+00 1.94644797331333343e+01 4.86270375040381988e-07
3.85132802394666696e+00 1.94651346422333340e+01 4.47403856953839998e-07
7.01892648327666624e-01 1.94677767728333322e+01 4.99087996896357040e-07
9.99142544563333401e-01 1.94701773269999983e+01 4.98599260944716963e-07
2.90226998896000010e+00 1.94705914069666655e+01 4.65638045836716015e-07
6.76536691395666634e-01 1.94713889302000034e+01 4.99658424411269028e-07
1.11587310153000008e+00 1.94717422130666655e+01 4.97776252182735034e-07
2.71994605876333351e+00 1.94722574132333364e+01 4.71955607817236020e-07
2.12974576354999989e+00 1.94730364421999980e+01 4.84306744792031043e-07
6.23500091848333327e-01 1.94744276714333360e+01 5.00066114120269033e-07
1.07100452416666658e+00 1.94794726851666695e+01 4.99901296360540963e-07
7.47398281943000065e-01 1.94805299974999997e+01 5.01136841544245961e-07
7.98809041927333374e-01 1.94863408768999982e+01 5.02058018617390980e-07
7.20501512155666712e-01 1.94886817998666650e+01 5.02434117689648970e-07
2.29811174380333361e+00 1.94898944443666657e+01 4.83835617956411959e-07
8.56693777404999968e-01 1.94909797441333339e+01 5.02582083285544948e-07
5.14149883935333296e+00 1.94910885888000003e+01 4.36827485043547986e-07
3.18297651447333330e+00 1.94911184379333342e+01 4.65531887876582992e-07
6.65600932514000099e-01 1.94971699259333349e+01 5.03731110456780968e-07
2.05159372424333331e+00 1.94974581881999995e+01 4.88535123653760036e-07
7.70075898635333211e-01 1.94989893901999984e+01 5.04088885870791045e-07
6.37843471678666618e-01 1.94990336279666678e+01 5.03940828469055967e-07
9.21194704194666536e-01 1.94992562712000002e+01 5.03533560511801983e-07
2.46864373076333310e+00 1.94993879017666671e+01 4.81984714834056964e-07
3.57622002841333320e+00 1.95021205534999957e+01 4.62940422047854010e-07
1.22034830057666666e+00 1.95037443622333342e+01 5.02507378790353032e-07
5.83811954782333320e+00 1.95045105407333352e+01 4.30293449592354004e-07
8.24691039938000081e-01 1.95050336802333355e+01 5.04933679585585972e-07
1.32836234240333328e+00 1.95092668696666678e+01 5.02295717430943013e-07
9.90587437269333293e-01 1.95100597190000009e+01 5.04959532216684990e-07
8.85406483177999970e-01 1.95127229120333325e+01 5.05939808203775038e-07
1.13207994554333324e+00 1.95128238632999995e+01 5.05438159909255985e-07
4.50352959618999993e+00 1.95152670622666697e+01 4.47285627945152022e-07
1.43965160320666641e+00 1.95169593076333321e+01 5.02613961302142046e-07
7.12323566676333342e-01 1.95182799829000011e+01 5.07132485894379948e-07
1.06146186776333340e+00 1.95198204473333341e+01 5.06404276214575979e-07
6.82778943966666607e-01 1.95231559515999997e+01 5.07825827847000990e-07
9.51526663187666544e-01 1.95238271101333360e+01 5.07441972971158005e-07
8.15420347055666639e+00 1.95242170485333340e+01 4.32860556398494993e-07
6.24343379830333389e-01 1.95246059565333319e+01 5.08048201168673044e-07
1.55531676295666688e+00 1.95258067089000029e+01 5.02876536167637979e-07
7.65271645832333314e-01 1.95287597127333328e+01 5.08867169823382971e-07
1.17268992081333323e+00 1.95327696353666660e+01 5.07687782853117995e-07
1.67893456931666663e+00 1.95328218149000001e+01 5.02477998120168009e-07
2.20325184072999969e+00 1.95338447131333339e+01 4.92546496529291031e-07
1.02227495894933340e+00 1.95351794633333320e+01 5.08994808961896046e-07
8.98696036700666667e+00 1.95360808235333323e+01 4.30447077019321011e-07
2.55884085875666623e+00 1.95362127363999996e+01 4.86277747565635014e-07
1.27308054205666665e+00 1.95364805703666669e+01 5.07354212648317992e-07
9.86467934983000028e+00 1.95367472925333310e+01 4.26360311591236016e-07
7.32711988108666645e+00 1.95381750473333362e+01 4.30411496701794988e-07
8.19820874122333287e-01 1.95383890964666662e+01 5.10324515208855984e-07
1.80746035739666677e+00 1.95385305108000011e+01 5.01170877064863969e-07
7.34416083660666685e-01 1.95398985030666665e+01 5.10630970860634958e-07
1.76362390743999988e+01 1.95401769121333331e+01 4.20205825278789008e-07
1.09482871382333324e+00 1.95424941531999998e+01 5.09969695392021948e-07
1.93314022060666679e+00 1.95433391978000017e+01 4.99197810484326048e-07
1.38121949961666668e+00 1.95442666753333327e+01 5.07601941926843005e-07
2.38515356826333358e+00 1.95447000825999986e+01 4.91177445745485957e-07
8.78542270649666612e-01 1.95487698819333318e+01 5.11789729047480037e-07
6.38475367846333408e-01 1.95491107274666653e+01 5.11976024336442002e-07
7.89134623308666683e-01 1.95494666156666668e+01 5.12160071487365970e-07
6.69153471147333256e-01 1.95495244245666662e+01 5.12056278420563021e-07
6.55285490255000003e+00 1.95495397544333365e+01 4.31464227552620025e-07
1.49338284975999991e+00 1.95553880695666642e+01 5.08155742106226962e-07
8.44959399060999927e-01 1.95603821302666638e+01 5.13722651817302043e-07
9.42267689601666625e-01 1.95613956286666699e+01 5.13581210535729035e-07
1.41070314754666644e+01 1.95633124405333341e+01 4.30279642244100003e-07
1.08320910945000008e+01 1.95648824501333358e+01 4.25263407511211974e-07
1.61352821636999999e+00 1.95665009531333318e+01 5.08472772579010967e-07
7.29520259160666651e-01 1.95687041878666683e+01 5.15344676029897963e-07
2.01037680908666649e+00 1.95688654127333344e+01 5.02424925790562048e-07
3.97843114207666693e+00 1.95717952383666649e+01 4.66238682939501001e-07
9.05071518080333370e-01 1.95728717596333333e+01 5.15565538119256962e-07
6.80549547866666660e-01 1.95731664255000020e+01 5.15987815297923052e-07
6.24131988016000006e-01 1.95745047709333342e+01 5.16113295730790032e-07
1.74173198791666661e+00 1.95747086186666657e+01 5.07873411829006014e-07
1.01227803352266665e+00 1.95765272542333335e+01 5.15765941557042018e-07
7.05409737890666633e-01 1.95805306605333307e+01 5.17543962502147005e-07
1.87375286542666686e+00 1.95807956189999999e+01 5.06220946119705005e-07
7.82963673326333320e-01 1.95812635033666673e+01 5.17377783897336007e-07
1.08836784068333325e+00 1.95866259203333328e+01 5.17232167972298962e-07
9.71331538256666627e-01 1.95889760284333363e+01 5.17954098032124034e-07
7.54204871349999917e-01 1.95893622852333351e+01 5.18905424969455046e-07
2.75912916967333333e+00 1.95896327578000005e+01 4.89448328156493045e-07
1.17341383064333349e+00 1.95901269296999985e+01 5.17173004761490041e-07
2.86850114604666651e+00 1.95907319469333352e+01 4.86618009252212983e-07
5.48283911995666617e+00 1.95938175601666664e+01 4.59839954496254011e-07
8.37071985311333311e-01 1.95943066666000014e+01 5.19338450818036024e-07
1.26940431619999994e+00 1.95955179456333326e+01 5.16985309097293013e-07
6.63902432979999957e-01 1.95965137428666658e+01 5.19987952850016007e-07
6.38162976430333373e-01 1.95982657853999989e+01 5.19920702801153002e-07
4.83189042125999979e+00 1.95987163071999966e+01 4.68231100557465018e-07
1.18984287419000001e+01 1.95995533096999992e+01 4.25204403312909012e-07
8.05762510390333309e-01 1.96041105205000008e+01 5.20851328396280985e-07
1.04500406919666666e+00 1.96053000053666651e+01 5.20204792396586045e-07
1.37438167902333319e+00 1.96057598611000010e+01 5.17607813409494050e-07
4.24902037479333305e+00 1.96080672104666682e+01 4.77052918382994997e-07
8.94963307257666707e-01 1.96084790805000004e+01 5.21531010838128986e-07
7.03585153420333342e-01 1.96090981124000017e+01 5.22413659974837053e-07
1.12634298223333329e+00 1.96143129247666685e+01 5.21280621007764006e-07
6.78623963794666607e-01 1.96176567875666628e+01 5.23370426864786987e-07
8.60546646077333333e-01 1.96183017391333330e+01 5.23041279583013027e-07
1.21739598454999998e+00 1.96201390318333324e+01 5.21513999686782959e-07
1.48466127335666687e+00 1.96205993443666671e+01 5.18839327912047014e-07
7.47496544583666656e-01 1.96219277983000033e+01 5.24187282315470034e-07
3.12512188911666655e+00 1.96228502428333336e+01 4.82985123875125010e-07
6.24030988414333354e-01 1.96237610144666661e+01 5.24117889444234982e-07
3.53444266429333354e+00 1.96260515951999999e+01 4.76031389593394984e-07
9.59107625744999859e-01 1.96270004181666629e+01 5.24214220449982986e-07
1.31784829595333330e+00 1.96297974306999983e+01 5.22213382796084023e-07
7.20987347923999988e-01 1.96298371528000004e+01 5.25202522708956950e-07
2.57179100669000027e+00 1.96298699043999996e+01 5.00671880618283957e-07
1.61479797072333326e+01 1.96331381772333344e+01 4.46356266553461005e-07
9.19935566267333305e-01 1.96350273392666672e+01 5.25759866129262000e-07
2.19531778444999981e+00 1.96355599889666657e+01 5.09566413238198040e-07
7.97804221503333300e-01 1.96364548484999979e+01 5.26253166905545971e-07
1.30289939963999988e+01 1.96381414297666659e+01 4.28199603991832990e-07
6.18659613599000036e+00 1.96384684551333315e+01 4.61037599718247017e-07
2.38248689861333318e+00 1.96418152713666672e+01 5.06152994279011989e-07
6.68345475437999936e-01 1.96435743321333334e+01 5.27614616991049949e-07
1.42409220621000010e+00 1.96436637681999997e+01 5.23387312349238957e-07
1.60432562418333347e+00 1.96438979482999976e+01 5.21230451073999033e-07
7.73010643742999992e+00 1.96461217097000009e+01 4.63416107162971008e-07
7.68297057673000050e-01 1.96461733444333326e+01 5.27573469524274050e-07
2.02473399935666665e+00 1.96472744720333345e+01 5.14875833373260037e-07
6.39491956607333267e-01 1.96479265164999966e+01 5.27955843356399997e-07
8.50347807052333260e-01 1.96518634470999984e+01 5.28697324319129983e-07
1.03220201421333324e+00 1.96541158062999983e+01 5.28397756243782970e-07
1.73859590226333349e+00 1.96543076225666660e+01 5.21062278830335003e-07
8.18914857399333229e-01 1.96602127025666675e+01 5.29882959288908980e-07
1.87541290811666683e+00 1.96612087843666679e+01 5.19651847116485031e-07
9.87252066027666686e-01 1.96633674449000004e+01 5.29978040870798014e-07
7.13508216874666701e-01 1.96638930859333314e+01 5.30783283498946971e-07
1.11881651980333330e+00 1.96663315345666661e+01 5.29986212769665031e-07
2.67946156899666699e+00 1.96667714025333318e+01 5.05287604464631967e-07
6.91860039888999978e+00 1.96669445495666650e+01 4.65118275141333020e-07
8.55685457117666637e+00 1.96677090065333324e+01 4.65938413727042011e-07
1.53739259436666664e+00 1.96684149788666645e+01 5.25840860351685008e-07
6.85827534014333273e-01 1.96690715900999997e+01 5.31447218765517015e-07
9.06662761141999951e-01 1.96704973266999978e+01 5.31777159033682985e-07
9.40708164532666835e+00 1.96723189059666659e+01 4.64491936250826977e-07
3.76458724841333314e+00 1.96726595149999959e+01 4.94622594510803964e-07
2.94633407911333345e+00 1.96736236099666684e+01 4.98727767009354969e-07
6.25460968193000011e-01 1.96741655020333326e+01 5.32254419647712973e-07
1.21174034826666688e+00 1.96756869575000017e+01 5.30758737605028005e-07
7.61296511601666670e-01 1.96771183561999976e+01 5.32766785161668953e-07
8.71491663107333281e-01 1.96775107759000001e+01 5.32704433469996016e-07
3.30440095582999982e+00 1.96850234171000018e+01 4.98442020535508024e-07
2.10897052419000008e+00 1.96856095832666682e+01 5.19722692321577986e-07
7.33016867462999877e-01 1.96869287431999993e+01 5.34260190102446010e-07
1.06803932327000006e+00 1.96874603310666636e+01 5.33587673515120048e-07
1.31039822013999996e+00 1.96883016846666656e+01 5.31889490010137962e-07
2.28751101787333333e+00 1.96887249089666660e+01 5.17173211386441014e-07
1.66659589147666676e+00 1.96898178139666662e+01 5.27989202298967024e-07
2.47892720904666675e+00 1.96901602585333357e+01 5.13897002176561999e-07
8.09503073383666671e-01 1.96910891018333309e+01 5.35105947063466955e-07
1.03280218073666674e+01 1.96960078612666649e+01 4.67223311226652005e-07
1.16023173192999995e+00 1.96976934651666653e+01 5.34853659682373011e-07
6.71663801073333233e-01 1.96981290808000011e+01 5.36336828624804038e-07
7.81391891416333362e-01 1.96982762595333334e+01 5.36134901605161009e-07
1.80598431443333340e+00 1.96985426800666694e+01 5.27164312225288041e-07
6.40150754082666640e-01 1.96988708083666673e+01 5.36229702571188948e-07
9.27101270526666688e-01 1.96992514758666637e+01 5.36326157186789050e-07
9.68518515934666646e-01 1.97001485151666671e+01 5.36130150167035994e-07
1.94915745356666670e+00 1.97021614224666699e+01 5.25380850187266990e-07
1.41423852372666659e+00 1.97038579143666688e+01 5.33445177878746949e-07
1.25629860410333349e+00 1.97095701252666657e+01 5.36047339083765968e-07
8.58688396925333386e-01 1.97102876044333328e+01 5.38319235659274009e-07
7.30208498678666551e-01 1.97138273682000005e+01 5.38854748098439948e-07
8.28132756854666585e-01 1.97155166749000017e+01 5.38955933709841000e-07
6.83617089580333293e-01 1.97243069217000020e+01 5.40582293325134014e-07
1.47350130049666674e+01 1.97244215133000012e+01 4.57469448066738985e-07
1.35707792072666678e+00 1.97244582612333339e+01 5.37647024118098050e-07
6.24689785889666616e-01 1.97247053063333340e+01 5.40615601721894957e-07
1.52050769973333311e+00 1.97272387807999969e+01 5.35950659617219025e-07
7.72660352465999956e-01 1.97282892519999962e+01 5.41302116360408981e-07
7.09260585959666678e-01 1.97288205715666685e+01 5.41478016307993043e-07
1.13426439391000002e+01 1.97328361049333303e+01 4.71502151993786991e-07
7.49756603866999938e-01 1.97340299736666651e+01 5.42028801021498049e-07
9.11499259403666606e-01 1.97391016565999990e+01 5.42907756059278961e-07
1.45792269624000004e+00 1.97396172924666651e+01 5.39336712321258045e-07
1.06075939094999994e+00 1.97399208410999982e+01 5.42690356430394029e-07
8.17118250874666607e-01 1.97417816180666676e+01 5.43434337289690032e-07
9.78643555149666611e-01 1.97428569161333307e+01 5.43842118811097030e-07
8.78257483836999975e-01 1.97431243359666659e+01 5.43421972987703982e-07
7.89757028453333287e-01 1.97473670374666668e+01 5.44321026281206954e-07
6.38440229343666732e-01 1.97491700269333315e+01 5.44648103645595963e-07
6.65854486043666705e-01 1.97495133698666656e+01 5.44894603612956000e-07
1.15294777756333322e+00 1.97500897321999993e+01 5.43622037143092000e-07
7.15271440616666698e-01 1.97534378056333360e+01 5.45420089349547973e-07
7.38918336095666817e-01 1.97558886739333310e+01 5.46116954873082001e-07
1.24745252560666664e+00 1.97635583686666649e+01 5.45150053447996005e-07
1.01629387026933338e+00 1.97640292077666651e+01 5.46862651047921997e-07
8.29411142209333208e-01 1.97662381022666658e+01 5.47668144503430985e-07
9.39476077101000118e-01 1.97680437594999994e+01 5.47639909936375004e-07
1.24452092605666653e+01 1.97690590294999993e+01 4.76389536058655977e-07
1.66454178390666674e+00 1.97697585322666676e+01 5.41633321810814973e-07
1.10425263311666666e+00 1.97711883116333347e+01 5.47664369185679987e-07
8.59994735100999996e-01 1.97728098906333365e+01 5.48431695147313961e-07
6.23750443453999992e-01 1.97744647205999975e+01 5.48923216673053955e-07
7.02208497044000013e-01 1.97745340244999994e+01 5.49144553080700010e-07
7.85599287591333351e-01 1.97745696097666688e+01 5.49287506550678959e-07
6.78435038850333405e-01 1.97751232385999991e+01 5.49162318165948015e-07
7.42439917488333379e-01 1.97780301496666659e+01 5.49928714145842022e-07
4.28126661354000060e+00 1.97788153206666664e+01 4.96178372904284021e-07
1.54868993039999991e+00 1.97794488455666659e+01 5.45710213426836961e-07
1.80321462402999999e+00 1.97814758395000005e+01 5.41378174954497011e-07
1.19561031540333329e+00 1.97820714679333349e+01 5.48937668851960987e-07
4.84252548339666600e+00 1.97840490228000014e+01 4.86842304241920951e-07
1.34705757269666648e+00 1.97852451184333340e+01 5.47965661560134033e-07
2.68380470870666654e+00 1.97856717863999982e+01 5.25183877191987035e-07
8.10068057615000114e-01 1.97863767839333349e+01 5.51264366315208948e-07
1.95020442703999985e+00 1.97863840057333320e+01 5.39703553704619994e-07
2.10964020150333331e+00 1.97867105187666645e+01 5.36863034549027962e-07
7.63995305846666639e-01 1.97881687833333331e+01 5.51600790509731030e-07
2.28399762970333331e+00 1.97887451922666635e+01 5.33934329812772050e-07
2.47345180210666671e+00 1.97920843265333311e+01 5.30797689478213993e-07
7.18649104005666728e-01 1.97922177801666663e+01 5.52524428635266977e-07
1.45047481796333333e+00 1.97955064496333328e+01 5.48890997200455009e-07
6.35803955132333343e-01 1.97958121206000008e+01 5.52401778098400970e-07
6.63074293828666672e-01 1.97961272956666647e+01 5.52955380850262968e-07
2.91533993654000056e+00 1.97963227494333331e+01 5.20241679119528003e-07
3.76386184527666634e+00 1.97983909513666667e+01 5.06086930053801979e-07
1.36123639430000001e+01 1.98004844998333311e+01 4.80908763609015997e-07
1.29153179361333326e+00 1.98030767852666685e+01 5.51567950182134990e-07
8.66625110153333211e-01 1.98030802220999966e+01 5.53867460053693015e-07
1.95061297011666674e+01 1.98040675361999980e+01 4.56376544319132022e-07
1.60548142608000011e+00 1.98050886655666680e+01 5.48370242428148960e-07
5.46591243233000057e+00 1.98100770664000017e+01 4.81222442073590998e-07
8.13733047460666659e-01 1.98120941443333329e+01 5.55619822154914952e-07
9.31517839221000066e-01 1.98123025887000033e+01 5.55361250127129004e-07
3.27350379323000018e+00 1.98160615552333326e+01 5.12050732840365995e-07
7.17431456531666623e-01 1.98166928521000010e+01 5.56827519865420964e-07
7.65360600390000090e-01 1.98169100809333365e+01 5.56657932532388026e-07
1.73377210429000006e+00 1.98171815002999985e+01 5.48222908784506969e-07
1.01402553795599992e+00 1.98172126955000003e+01 5.56137519591312009e-07
1.39677029742000003e+00 1.98205339287333331e+01 5.54019314483853046e-07
6.69308085474999981e-01 1.98208192849666638e+01 5.57404094825472018e-07
6.22053511678333337e-01 1.98213474000000041e+01 5.57098531824631994e-07
1.50193969410666672e+00 1.98217837729666648e+01 5.53515954741701049e-07
1.09904525866666680e+00 1.98220921003333359e+01 5.56495166034864010e-07
8.39706507107333189e-01 1.98222257941333311e+01 5.57368617416407994e-07
8.94801100237666680e-01 1.98259237783666684e+01 5.57451517852993997e-07
1.87369019118666658e+00 1.98283645270666646e+01 5.48143810819374979e-07
7.90629571980333345e-01 1.98290282677666703e+01 5.58715055687739003e-07
6.93560827970333360e-01 1.98311557967333343e+01 5.59407637404365015e-07
7.42587564557666613e-01 1.98312465192000040e+01 5.59250826591634951e-07
1.18718454844666677e+00 1.98317229583333337e+01 5.57490496311679005e-07
2.02645065014333348e+00 1.98325979908000001e+01 5.46332380770666998e-07
2.19247407359333346e+00 1.98366812077666665e+01 5.44110309700584050e-07
6.42037746778666651e-01 1.98371707765666656e+01 5.60635546097619024e-07
9.68416984956333327e-01 1.98402992330666699e+01 5.60090155954319002e-07
2.37349810350333312e+00 1.98437596226666670e+01 5.42001372175011046e-07
1.05328368418666662e+00 1.98440081175333347e+01 5.60469945826948950e-07
2.78930307640333330e+00 1.98498836880333336e+01 5.33700815096544034e-07
1.27548052217666652e+00 1.98502969721333322e+01 5.59943914776823002e-07
1.13931463615666662e+00 1.98506450112999993e+01 5.61322166116494951e-07
2.57065873945999979e+00 1.98506943562666649e+01 5.39138205463526018e-07
8.45038236627333350e-01 1.98518286858999993e+01 5.62522348367257053e-07
6.15489476567333327e+00 1.98521472615666674e+01 4.82383789752977974e-07
7.93343266334666786e-01 1.98573846998666674e+01 5.63666198140272987e-07
7.43524504873999903e-01 1.98589456609666684e+01 5.64149070429175018e-07
8.79620313662333397e-01 1.98591283421333351e+01 5.63969096120140020e-07
6.95883476339666629e-01 1.98593916739999976e+01 5.64415761563219043e-07
1.22297548721333338e+00 1.98604300459333309e+01 5.62546102567308006e-07
6.44666554087999999e-01 1.98621994301000022e+01 5.65235015118634978e-07
4.00995197768666678e+00 1.98682747849333303e+01 5.23120481639376983e-07
8.21778471335000038e-01 1.98700534681999983e+01 5.65911627982378002e-07
4.54641089707333368e+00 1.98713478880666656e+01 5.15545089375556046e-07
7.20691045217333404e-01 1.98726278711333357e+01 5.66642946021786048e-07
7.69011235060666709e-01 1.98729656548000015e+01 5.66538294348629968e-07
6.74259541153666597e-01 1.98740838157666673e+01 5.67216299875988968e-07
3.06323058394333358e+00 1.98765875204333327e+01 5.35179053863650051e-07
1.61239338069999971e+00 1.98775156418666654e+01 5.61413098321725994e-07
1.50554942427999983e+00 1.98785673648000021e+01 5.63056865435100044e-07
6.24682318987666574e-01 1.98797093868666650e+01 5.68810283092720981e-07
1.39629859870666651e+00 1.98806306498666672e+01 5.64466283935420029e-07
3.50282009855666665e+00 1.98828211696999979e+01 5.32252532856434951e-07
6.90106359498333433e+00 1.98853334106666644e+01 4.85848587982921949e-07
9.63592513675666673e-01 1.98882267380666669e+01 5.68632602881424013e-07
1.29968093293333342e+00 1.98901586973333337e+01 5.67681120671085991e-07
8.87054507418666649e-01 1.98923285819333309e+01 5.69933993401758951e-07
5.13520721386333356e+00 1.98926808106333333e+01 5.11032093439016025e-07
1.04830121618333316e+00 1.98935614493666684e+01 5.69302724700108019e-07
6.79565204216999952e-01 1.98986947518000008e+01 5.71702773575672037e-07
1.13348863962666679e+00 1.98992068300333322e+01 5.69862558447634000e-07
7.70345726130333386e+00 1.98997181039333348e+01 4.88244291485740028e-07
7.21420699800000009e-01 1.99001460206999994e+01 5.71613912570019951e-07
8.24055727613000055e-01 1.99007087964333351e+01 5.71293002068446998e-07
7.69717135098999972e-01 1.99016041849333334e+01 5.71631838513160976e-07
1.72492816537666660e+00 1.99036513184333330e+01 5.63856836170021038e-07
1.77114004260666675e+01 1.99043902200666665e+01 4.54504494306516021e-07
1.21558139691666667e+00 1.99052720471666653e+01 5.70565723993377003e-07
6.37909112584666649e-01 1.99064902998333331e+01 5.73905980609008971e-07
1.34913846317999986e+00 1.99083676261666689e+01 5.70364876963453959e-07
1.55921161519333329e+00 1.99086594137000041e+01 5.66974820922143027e-07
9.23137873051333213e-01 1.99099097434000036e+01 5.72860584407350966e-07
7.01918793985666700e-01 1.99115207595999983e+01 5.73500164478389021e-07
1.45361284942333335e+00 1.99123867626000006e+01 5.69344037523057954e-07
6.63199010748333317e-01 1.99135912791000003e+01 5.74397451692290007e-07
1.00421859867200003e+00 1.99146935323333309e+01 5.73296305682573052e-07
7.44960059494999993e-01 1.99151023406666674e+01 5.74172350965588033e-07
1.86801266033000002e+00 1.99153550969999991e+01 5.63759924061038997e-07
8.54749686661666619e-01 1.99156842539333354e+01 5.74183401902684996e-07
7.96326422651000065e-01 1.99166785582333326e+01 5.74405052119815951e-07
1.08823679413333330e+00 1.99202072508999990e+01 5.73978822513993962e-07
8.52194897333666823e+00 1.99209285266999991e+01 4.91338281922493963e-07
2.02060005893999994e+00 1.99238805185333341e+01 5.62542864849776983e-07
1.25909551205333337e+00 1.99239537599999998e+01 5.74797810329914021e-07
1.17396446162000001e+00 1.99251267782999975e+01 5.74567575083622991e-07
6.23226793596999951e-01 1.99267809129666631e+01 5.77373529662136009e-07
1.66260979961333333e+00 1.99286553266999995e+01 5.67944745240957047e-07
2.18423188945333324e+00 1.99344371452333320e+01 5.61424221254751954e-07
5.78949148987999962e+00 1.99344488533999993e+01 5.11940490976006043e-07
6.98555109468666724e-01 1.99367620023000001e+01 5.78439624698041013e-07
6.74745994309333352e-01 1.99376741872666692e+01 5.78942045607771049e-07
7.43814361453666639e-01 1.99424548657666669e+01 5.79177607936946001e-07
7.95254234230333257e-01 1.99463351451000008e+01 5.79746836875846994e-07
9.38133499299333273e+00 1.99486415718333348e+01 4.93065339358514994e-07
2.36204480410999995e+00 1.99491132493333332e+01 5.60747723666381983e-07
6.34796946274666651e-01 1.99498758024666643e+01 5.81372822653736048e-07
8.53299537665666574e-01 1.99501579645000007e+01 5.80396203382152969e-07
7.16911317241666679e-01 1.99527397885000006e+01 5.81506589563943034e-07
6.61026248823333273e-01 1.99536680974999996e+01 5.81917098715970977e-07
1.78869315425999997e+00 1.99549362275666660e+01 5.71760271325531977e-07
9.20743016822666682e-01 1.99552409005999998e+01 5.81120323837589018e-07
7.67499248636999920e-01 1.99586132969000012e+01 5.82249534918846008e-07
9.98446015881333415e-01 1.99622976317666669e+01 5.81946398466078982e-07
1.93867630498000021e+00 1.99646571034000004e+01 5.71143603108085015e-07
8.21533390196333202e-01 1.99648390938666687e+01 5.83130127246514955e-07
2.55747689821666668e+00 1.99664508645333321e+01 5.60013910984547997e-07
1.08298344638333344e+00 1.99685543869666660e+01 5.82671640774855982e-07
1.35399773648999999e+00 1.99690342023333329e+01 5.81657910088616981e-07
1.25991647898333325e+00 1.99697997750333336e+01 5.82487998646725021e-07
8.83209502194000073e-01 1.99721334496999994e+01 5.84174588412744957e-07
1.16942665268666679e+00 1.99730177880666666e+01 5.83131441267432965e-07
6.21570152677666687e-01 1.99730948895000004e+01 5.85531792412939962e-07
2.09554742616000000e+00 1.99757489839666675e+01 5.70411640063666018e-07
1.56381041993333336e+00 1.99759394621666679e+01 5.78572610410264978e-07
1.45526831158000003e+00 1.99763023583666666e+01 5.80651901573668961e-07
6.66194122468999894e-01 1.99784550907666691e+01 5.86600658961911026e-07
7.14316969474333319e-01 1.99792581404333340e+01 5.86329280078411976e-07
9.55425074656333195e-01 1.99811619946999990e+01 5.85561042190048020e-07
6.50361672832666660e+00 1.99816074219666682e+01 5.18960082476329047e-07
2.77114993532666709e+00 1.99840862390666665e+01 5.58703294159055984e-07
7.64682132929666580e-01 1.99859879311333337e+01 5.87245501004869969e-07
1.03727528564266680e+00 1.99895126848666678e+01 5.86825021900546013e-07
6.89065530780333280e-01 1.99910806145333346e+01 5.88817780279482010e-07
6.39964819920333272e-01 1.99913294623999995e+01 5.89308325745284954e-07
2.26430214616999992e+00 1.99918547564000022e+01 5.70317497744080024e-07
1.63051191277333341e+00 1.99927217522000014e+01 5.82106435830983950e-07
1.03012878180666672e+01 1.99934809617000013e+01 4.98082320693381034e-07
1.12369748294333327e+00 1.99954449758666684e+01 5.87517692870520008e-07
8.16546732108999862e-01 1.99958943627333348e+01 5.88856495918554965e-07
7.38402897978999939e-01 1.99963478519333329e+01 5.89445848186174031e-07
1.30536117317333322e+00 1.99966712885333315e+01 5.86528072107057016e-07
1.21186455491333334e+00 1.99990090719666682e+01 5.87772675747675020e-07
3.03920396475999999e+00 2.00042744719333321e+01 5.53748071288943991e-07
7.87450460435666688e-01 2.00047650481999995e+01 5.90757298788253013e-07
1.40281333417333332e+00 2.00052128218000007e+01 5.86386128041040952e-07
1.51180369117666658e+00 2.00097630090333354e+01 5.85366416822648009e-07
7.28293390105333316e+00 2.00101603026666659e+01 5.24994226897861034e-07
8.75136477248333322e-01 2.00101980214000008e+01 5.91309292399268030e-07
2.44881666146999999e+00 2.00131944614666644e+01 5.70762632200043959e-07
6.39904265083666601e-01 2.00143766036333339e+01 5.93571008027557996e-07
8.40239854632666705e-01 2.00192778050666682e+01 5.93135822784100002e-07
7.36330915518999984e-01 2.00209387190333317e+01 5.93925144725515045e-07
6.89325569511999969e-01 2.00212839960666678e+01 5.94334976046445040e-07
3.46813090462333351e+00 2.00245582099000003e+01 5.47605918025622039e-07
6.21509597841000017e-01 2.00294753640666663e+01 5.96801852707118025e-07
9.45916908424666691e-01 2.00295260063666660e+01 5.94630713230941962e-07
7.81823274844999916e-01 2.00310077596999996e+01 5.95605473726825010e-07
8.09264869659000041e+00 2.00310329629333346e+01 5.27708455536854047e-07
6.66393606364000024e-01 2.00317056135333331e+01 5.96539910557900009e-07
7.12505025746000054e-01 2.00340523890666660e+01 5.96577111229376007e-07
2.65246972638666678e+00 2.00356308456999983e+01 5.70903396510675046e-07
7.56982964879000075e-01 2.00368215097333326e+01 5.97071408722761049e-07
3.97922291172333331e+00 2.00369952075333337e+01 5.41406655652333972e-07
1.03090132215933328e+00 2.00378181074666664e+01 5.95733300352887010e-07
9.03161825645333316e-01 2.00416694839666683e+01 5.96831499763898003e-07
1.78121774060000004e+00 2.00430677712999987e+01 5.88669603033991041e-07
1.11832598226666668e+00 2.00445223583333352e+01 5.96482002885935967e-07
1.12999073589666690e+01 2.00462233236666663e+01 5.03322238647138044e-07
1.20771317365666664e+00 2.00496691177666690e+01 5.96925411632292005e-07
8.29355914465999988e-01 2.00497756675999987e+01 5.98963272263642044e-07
4.52609172385666714e+00 2.00524370671333294e+01 5.35212027754164977e-07
8.00035606351666595e-01 2.00526349367666654e+01 5.99780330019581040e-07
1.92882169505666679e+00 2.00533093746000013e+01 5.87701241759490031e-07
1.30021953132333334e+00 2.00552300505666672e+01 5.97141335629903024e-07
6.34156384946333307e-01 2.00555238715333353e+01 6.01833744671023960e-07
6.60645726226666619e-01 2.00561862147666687e+01 6.01351145451787038e-07
1.64262482452333347e+00 2.00569027595000016e+01 5.93116761240985012e-07
2.87316017628000031e+00 2.00582122519666655e+01 5.70622842280956007e-07
9.82563886166333389e-01 2.00589670660333326e+01 5.99982391997138985e-07
7.19594338468666717e-01 2.00611455048666656e+01 6.01955865449382961e-07
7.48198607537333360e-01 2.00620863655999990e+01 6.01837320738862036e-07
8.92630811683333292e+00 2.00656230095666679e+01 5.33315751438366026e-07
1.07123798222333333e+00 2.00659371920333314e+01 6.00864935228062036e-07
1.39889574649333337e+00 2.00660977896666672e+01 5.97475986390949034e-07
2.08304519729666637e+00 2.00667310606333338e+01 5.87264149660266995e-07
1.15990377075333329e+00 2.00727552163333343e+01 6.01522232339316051e-07
6.22646787105333277e-01 2.00760485074666697e+01 6.05326590736699970e-07
7.89748834542999933e-01 2.00763002416333336e+01 6.04285806407106957e-07
8.46323585892666652e-01 2.00777481241333327e+01 6.04159375867875028e-07
6.74463610449000051e-01 2.00780503266333348e+01 6.05453251725138023e-07
8.85232874456333363e-01 2.00787217241666660e+01 6.04251094458722047e-07
1.25062345587666668e+00 2.00790185828666701e+01 6.01869564903041024e-07
7.62752145694666761e-01 2.00799379204333341e+01 6.04993841388047951e-07
1.50977260909333322e+00 2.00812388718666632e+01 5.98499306173393034e-07
7.03347697055333398e-01 2.00814820149000006e+01 6.05749132310845007e-07
5.10831734174000029e+00 2.00817571720666628e+01 5.31728552212249991e-07
3.21478798011333344e+00 2.00854855469333309e+01 5.72091200121498030e-07
1.71090105385666669e+00 2.00865213878000013e+01 5.97554541686118984e-07
1.23878771883666658e+01 2.00865555791000041e+01 5.07769500929774023e-07
1.34493850695999995e+00 2.00884779322333351e+01 6.02409788678660033e-07
2.24611577539666651e+00 2.00911039533666660e+01 5.88933006427869024e-07
1.85068263674666689e+00 2.00921389119333327e+01 5.95996976484070997e-07
8.00150285610333412e-01 2.01003805751000009e+01 6.08801310232831979e-07
6.35183886633333361e-01 2.01008485095333320e+01 6.09766967696390992e-07
1.64111972049666655e+01 2.01020193701666656e+01 5.10461732514349973e-07
6.60511368696666712e-01 2.01021879854666672e+01 6.09772059580142968e-07
1.99824322015333355e+00 2.01035148664000012e+01 5.95605767496404951e-07
8.27404728845666626e-01 2.01046877267666666e+01 6.09523584524088029e-07
7.57602783661333379e-01 2.01061670981000020e+01 6.10360683531235040e-07
9.77388364056999914e-01 2.01065385928666664e+01 6.09040286837552992e-07
1.44931964181666650e+00 2.01086631890666645e+01 6.04213868610599990e-07
3.69844358537999973e+00 2.01088484141666690e+01 5.69492312707111014e-07
7.11984687930666715e-01 2.01102759692333315e+01 6.11199692398075960e-07
9.81219870819666617e+00 2.01105430588333327e+01 5.39155523775811959e-07
1.57389224960000007e+00 2.01115963322999995e+01 6.04471238058692981e-07
1.06558495989666646e+00 2.01146404360666686e+01 6.09948041865113997e-07
1.35495947858666668e+01 2.01153937907000007e+01 5.12360965181995957e-07
8.98514342825333379e-01 2.01157455727666665e+01 6.11482563509670048e-07
7.81566971365999952e-01 2.01190371064666671e+01 6.12547386321669983e-07
7.36601454182999937e-01 2.01201022082666690e+01 6.12912897206424021e-07
2.42687680056999966e+00 2.01214987213000001e+01 5.91462258930892983e-07
1.15417460505333325e+00 2.01231779069000005e+01 6.10916289114791975e-07
6.70813646231999905e-01 2.01246605742999982e+01 6.13860060905561996e-07
2.15354328981666621e+00 2.01246684188666656e+01 5.96550836093734036e-07
6.22537099527999960e-01 2.01248000020666673e+01 6.14019939150246048e-07
4.23021837436000059e+00 2.01286249223333336e+01 5.64613748563593027e-07
6.93402878859666671e-01 2.01293168698000002e+01 6.14560112043533948e-07
9.37125717089333343e-01 2.01300892177333317e+01 6.14093316118819003e-07
1.24437573500999998e+00 2.01322482863333327e+01 6.11822015484667950e-07
5.74578741426000050e+00 2.01334546416000002e+01 5.33285926684292955e-07
1.02007277772333338e+00 2.01340928783333339e+01 6.14327237856974049e-07
8.35773442716666648e-01 2.01344288464333339e+01 6.15179502377908964e-07
1.10694379424000000e+00 2.01436482929333351e+01 6.15287223149460959e-07
1.33703574350000021e+00 2.01438875835666664e+01 6.12841716728866986e-07
8.67973768132666579e-01 2.01445130924000004e+01 6.17072587549196013e-07
7.84295738445999979e-01 2.01448089313666685e+01 6.17466703774951013e-07
6.58898393700666607e-01 2.01468731157333316e+01 6.17935206245879967e-07
6.35949329060000124e-01 2.01483520194333323e+01 6.18238895258218018e-07
7.38077635142666666e-01 2.01498955015000014e+01 6.18625381516765009e-07
1.19573628708999991e+00 2.01533215118000015e+01 6.16272860842798044e-07
4.79531643805666707e+00 2.01542145632999983e+01 5.61277868842373951e-07
6.96019536595999910e-01 2.01548228318000007e+01 6.19528736921454966e-07
8.11247766561333350e-01 2.01558935196666660e+01 6.19459908849954046e-07
2.32191857243666666e+00 2.01566667061333362e+01 5.99929377791450026e-07
2.62740762296333363e+00 2.01609970422333333e+01 5.95349709526193011e-07
7.61807731700999913e-01 2.01617322162333323e+01 6.20674017008209998e-07
1.28606904699666669e+00 2.01638694053666683e+01 6.17278817301044962e-07
1.43437486862999997e+00 2.01639465506666653e+01 6.15038952619484948e-07
1.71407100265333341e+01 2.01649787304999997e+01 5.26147186434276961e-07
7.16077526626666683e-01 2.01655752244666679e+01 6.21460640518622021e-07
6.74305433972333446e-01 2.01655852182666671e+01 6.21532236070611041e-07
1.47359318796999990e+01 2.01706678168666684e+01 5.25056693381923966e-07
1.70724506343666671e+00 2.01734446209999980e+01 6.14931969342982021e-07
6.23412229532000040e-01 2.01735520173666636e+01 6.23023843906773963e-07
1.07626205250666658e+01 2.01757427692999975e+01 5.48117695677658986e-07
9.38747035271333297e-01 2.01762896595000001e+01 6.23073695297801951e-07
1.37604820984666687e+00 2.01767908025999994e+01 6.18622064517512977e-07
1.84040632407999993e+00 2.01771683313666692e+01 6.12811715251501996e-07
8.72013965243000011e-01 2.01798593327000013e+01 6.23905787471698987e-07
1.01609981441999975e+00 2.01816536463333307e+01 6.23344473058691014e-07
1.57437262858999993e+00 2.01852406114333327e+01 6.17920225695968048e-07
8.14279079920333326e-01 2.01859645503333347e+01 6.25218118119845036e-07
2.84964114149999981e+00 2.01861691115333315e+01 5.95867741206774043e-07
1.98638912347333307e+00 2.01894967861333328e+01 6.12038552052042030e-07
7.63218928558333398e-01 2.01904327081666679e+01 6.26296517960342035e-07
6.68399442554333256e-01 2.01915430231666697e+01 6.26494831687130963e-07
1.10082153075333333e+00 2.01930734530999985e+01 6.24691326118379958e-07
7.16120730915666637e-01 2.01933149230666658e+01 6.26903495880743966e-07
9.04175858117666653e-01 2.01972922548333322e+01 6.27068638182321988e-07
6.40455302754666667e-01 2.01980309185666691e+01 6.27682752419358015e-07
5.39531848458666730e+00 2.01981592160333356e+01 5.63031709206635049e-07
8.42844953185999946e-01 2.01998461173999999e+01 6.27808929459469039e-07
2.51047493389333320e+00 2.02001213208999992e+01 6.04692822804653047e-07
9.75036718935666458e-01 2.02002998026333351e+01 6.27215726980691975e-07
7.88738248662333330e-01 2.02035804539666657e+01 6.28681327023041028e-07
1.18887757505666669e+00 2.02047739307000001e+01 6.26146278265120019e-07
7.39532036288999994e-01 2.02063356920333348e+01 6.29313884954301963e-07
2.13251365101666712e+00 2.02076853413333346e+01 6.12686774955649954e-07
1.82204176888000013e+01 2.02082609787666669e+01 5.30909595521471011e-07
6.90156749467000008e-01 2.02085203353000047e+01 6.29791981309194994e-07
6.44769008061333437e+00 2.02105894543333342e+01 5.45120644816179991e-07
1.05548973310666661e+00 2.02116263642333358e+01 6.28725461332728986e-07
1.76728543751333333e+00 2.02150204239333355e+01 6.21128035247090968e-07
1.27835278002666675e+00 2.02167461029000002e+01 6.27507620439487949e-07
1.45969305638999991e+00 2.02168945176333317e+01 6.25672159888508988e-07
1.63944921309333336e+00 2.02174702718333315e+01 6.23410776419333988e-07
3.16061329693666693e+00 2.02184246264333360e+01 5.90532746218596006e-07
1.14119362953333336e+00 2.02240554859666695e+01 6.30350164586893025e-07
1.90669128571000002e+00 2.02243207137666694e+01 6.20623002358560950e-07
6.27043073222666614e-01 2.02244789012000012e+01 6.33005172450354009e-07
1.36728029486666647e+00 2.02287633902999993e+01 6.28714685153789973e-07
1.89913938654666659e+01 2.02300299866666649e+01 5.34424025799939007e-07
1.17983600895666658e+01 2.02304370780333329e+01 5.57322316126702048e-07
8.42733536481666712e-01 2.02322640291999996e+01 6.34163223435114049e-07
7.89737789536999912e-01 2.02335459401666640e+01 6.34560736683021013e-07
9.02074129201666630e-01 2.02344314549666677e+01 6.34384163957695003e-07
1.51369166009333322e+00 2.02349407954666667e+01 6.27941778005058998e-07
7.40110717977000010e-01 2.02349973969666657e+01 6.35007729977023957e-07
2.05016146181666636e+00 2.02357299028333308e+01 6.19852798542965980e-07
6.90261031157000104e-01 2.02363398777666674e+01 6.35364469000749047e-07
1.22980075600666683e+00 2.02365774027666667e+01 6.31861721229384030e-07
2.72256879712333344e+00 2.02374092951666675e+01 6.08534754474861014e-07
7.24412214938999899e+00 2.02436480787000015e+01 5.50645347821111019e-07
9.70702359277999971e-01 2.02464279140666683e+01 6.36262910785911978e-07
8.15167204090666786e-01 2.02483479483333326e+01 6.37285337339020050e-07
1.32055156155000009e+00 2.02487368687999982e+01 6.33266812113781971e-07
7.64797151120999996e-01 2.02490598992999971e+01 6.37567688712880969e-07
8.69800819622666643e-01 2.02494164446333329e+01 6.37459351495316988e-07
7.16803694293666638e-01 2.02497961704666665e+01 6.37926413841679018e-07
6.40632204335000011e-01 2.02503237540666667e+01 6.38144336106164967e-07
6.68680625824666586e-01 2.02549887344666644e+01 6.39132379666721954e-07
1.41358713488333332e+00 2.02577382133666646e+01 6.33896306677728980e-07
9.32310946697666676e-01 2.02595569710666688e+01 6.39170398740768998e-07
1.04919275659666678e+00 2.02599510486999996e+01 6.38185529227266993e-07
2.28470526280333353e+00 2.02635508740000034e+01 6.21923801509136970e-07
2.96151024680333341e+00 2.02651704109999997e+01 6.10831480054158962e-07
1.29088927670666678e+01 2.02705472702333331e+01 5.63842756240750047e-07
3.64006519121333350e+00 2.02722527473000014e+01 5.90184519734702021e-07
8.04964397064000003e+00 2.02742444750666664e+01 5.55448469705888955e-07
1.13371810215000002e+00 2.02745295074333320e+01 6.40235063683467979e-07
6.23589131112333273e-01 2.02758448528666655e+01 6.43267836927650950e-07
1.00546847825233332e+00 2.02761064422333313e+01 6.41676905213118051e-07
7.17490627696000138e-01 2.02778101269999986e+01 6.43528047190279019e-07
7.64728152580666731e-01 2.02785971373333318e+01 6.43477135413109958e-07
8.14238700481666577e-01 2.02791827683000001e+01 6.43452263452377015e-07
6.05526404233999926e+00 2.02801350821333308e+01 5.71325925019120984e-07
2.18787282696333341e+00 2.02810050437000022e+01 6.25484865908487019e-07
6.74785974791999976e-01 2.02810838762000003e+01 6.44206151153377957e-07
8.65637904574333317e-01 2.02811009419333352e+01 6.43736659075127981e-07
1.22194524060666665e+00 2.02888861198000008e+01 6.42241593002789035e-07
6.97053313526666773e-01 2.02904489760333355e+01 6.45952717308635029e-07
1.08704902686000016e+00 2.02918721590333320e+01 6.44055770254659999e-07
7.40728652839000024e-01 2.02925485915333326e+01 6.46147265195013008e-07
7.88740287387666772e-01 2.02939179981666662e+01 6.46254042904763012e-07
8.37642117824333510e-01 2.02947833464666658e+01 6.46251815986089049e-07
1.75753735964666657e+00 2.02959000244999999e+01 6.37801851271174949e-07
1.62982429929000006e+00 2.02960821122000006e+01 6.39537836822504997e-07
4.18904959533666688e+00 2.02987337862333312e+01 5.85139483451509948e-07
6.36884000884666679e-01 2.03011960454666678e+01 6.48317822425654026e-07
6.60032423074666696e-01 2.03017700884000014e+01 6.48397254991685952e-07
1.31311357578666676e+00 2.03018653201333308e+01 6.43773512720840001e-07
2.47018843869999971e+00 2.03024055764333333e+01 6.26589438553781010e-07
9.22205198898999989e-01 2.03030106594999999e+01 6.47741138917977992e-07
1.89658420481666656e+00 2.03061707283333348e+01 6.36725767145232013e-07
1.17354653227333339e+00 2.03075566692000002e+01 6.46342839530253032e-07
1.51496722409333340e+00 2.03088983586333320e+01 6.42984377374345046e-07
8.87805466354666728e-01 2.03095696407000013e+01 6.48728071658026972e-07
1.41100125314000002e+00 2.03110565027333330e+01 6.44264050541532039e-07
6.95863706564333384e-01 2.03174827543666687e+01 6.51449023143139015e-07
8.88144506664333377e+00 2.03190982083333331e+01 5.62744331846688002e-07
2.04174875559000002e+00 2.03204602828333343e+01 6.36625336692388950e-07
3.35557782727999987e+00 2.03209016225333343e+01 6.13855479211691034e-07
7.39353894362333341e-01 2.03215966930333316e+01 6.52047268793121955e-07
1.26305927886333347e+00 2.03221832712666668e+01 6.48350585857128002e-07
9.97461689041000077e-01 2.03231640878666688e+01 6.51035903525879028e-07
6.73302106489666596e-01 2.03242906609333325e+01 6.52696082292566970e-07
7.87496184763666673e-01 2.03244370589333307e+01 6.52454449365851994e-07
1.40451811930666661e+01 2.03244680349666673e+01 5.67600600981074038e-07
6.23294869772333282e-01 2.03253511925999995e+01 6.53030809798481960e-07
8.37547994064333445e-01 2.03261653674000016e+01 6.52565004062748950e-07
4.75711918897999997e+00 2.03293498617333341e+01 5.82132019537776987e-07
2.34937699574333303e+00 2.03306671447000014e+01 6.34095009969518035e-07
1.68787207176666665e+00 2.03329360619333315e+01 6.45924371050242001e-07
7.14926262256999956e-01 2.03338920068333344e+01 6.54298566420139051e-07
1.35725642736000007e+00 2.03352101310000002e+01 6.49928087847700031e-07
9.52589822268000042e-01 2.03369392481333335e+01 6.54027919310072989e-07
1.56602327878666681e+00 2.03378100149666672e+01 6.47756309024198966e-07
7.62109291479999951e-01 2.03381642995999989e+01 6.55052348460993049e-07
8.68902544405000032e-01 2.03393795598333362e+01 6.55131839263267016e-07
1.82055116532000016e+00 2.03398979464999989e+01 6.45377483401794050e-07
8.12900474097666748e-01 2.03410838500000004e+01 6.55511456716916999e-07
1.07883381060333328e+00 2.03415153860000011e+01 6.53978345704643018e-07
1.45838273864666657e+00 2.03441703701666654e+01 6.50055589167765965e-07
6.80632519560666793e+00 2.03478032190666660e+01 5.89720299241220996e-07
6.65177706158666671e-01 2.03511869639000018e+01 6.57967966944727016e-07
6.38318891631333263e-01 2.03528215384999989e+01 6.58499755302277033e-07
2.12783114139333351e+00 2.03544329499333365e+01 6.43311104411595004e-07
1.96786933635333328e+00 2.03560771807000016e+01 6.45567491749454044e-07
1.03297075112866676e+00 2.03566519212999992e+01 6.57295746668139976e-07
1.16475077041000019e+00 2.03595692308000018e+01 6.56856810957469039e-07
2.69808335980000003e+00 2.03620288874999993e+01 6.34487447999388991e-07
7.11261045554333449e-01 2.03625929144333320e+01 6.60189632446646958e-07
7.59402386391000106e-01 2.03684948758333313e+01 6.61291027027593032e-07
2.52008422724333370e+00 2.03702614286333308e+01 6.39795465202342048e-07
3.87967573853333292e+00 2.03705084045666673e+01 6.17191658857669049e-07
6.84074089530666729e-01 2.03730799649333356e+01 6.62201584410714010e-07
8.11153479021999968e-01 2.03733740871333318e+01 6.62095698279876035e-07
5.34420539157666763e+00 2.03743490356666683e+01 5.84335173542990011e-07
8.70854302530333357e-01 2.03746619312666688e+01 6.62424799962680966e-07
1.11670712403000016e+00 2.03761852960000027e+01 6.60493682903441023e-07
1.25445532147000005e+00 2.03762309829666641e+01 6.59449135524753988e-07
7.62164078369000020e+00 2.03764173920999987e+01 5.95944112846346019e-07
6.25024021859000078e-01 2.03774703458999973e+01 6.63245126055740976e-07
7.32981772570666656e-01 2.03806281768666651e+01 6.63593651053471004e-07
9.43282397075333345e-01 2.03834971996000007e+01 6.63404032189600053e-07
7.83042284599000049e-01 2.03870578723000015e+01 6.64723894487247050e-07
2.93353781358333343e+00 2.03891331759333347e+01 6.34809977530633028e-07
1.34894470319999993e+00 2.03913391080666635e+01 6.61453430415194043e-07
8.37752757113999991e-01 2.03937379759666690e+01 6.65788154167677963e-07
1.20454552135000004e+00 2.03949463930999997e+01 6.63508577873534031e-07
9.74963085839000065e+00 2.03951347792333308e+01 5.73834177633211982e-07
4.44672569575666632e+00 2.03976812294666665e+01 6.13525142004408987e-07
9.02515260846666667e-01 2.03988030755333334e+01 6.66489951720236948e-07
2.60663365039000006e+00 2.04016237464000021e+01 6.44338248904501971e-07
6.79640745837999938e-01 2.04019645084666656e+01 6.68227075717818997e-07
6.34605994947999963e-01 2.04024703458999994e+01 6.68518250047126966e-07
1.44950015055999981e+00 2.04049640744666654e+01 6.62930749896175984e-07
1.02323496257533342e+00 2.04050375711333345e+01 6.67102146450164964e-07
1.55836832731999997e+00 2.04089470189999993e+01 6.62904193504147978e-07
1.67851936101666688e+00 2.04094525530999995e+01 6.61995308741399996e-07
7.28819486906333247e-01 2.04106403198666690e+01 6.69835749219669001e-07
1.29619789423333320e+00 2.04120420088999985e+01 6.66124179479404029e-07
6.57031465782666690e-01 2.04130536481666667e+01 6.70461994116179956e-07
8.43408119719666693e+00 2.04176152375999997e+01 6.01949945613937023e-07
9.78418475294999923e-01 2.04181076891666642e+01 6.69945642658251969e-07
7.79046115516666582e-01 2.04184793906333333e+01 6.71260630283144955e-07
1.81060815001999997e+00 2.04188773501999989e+01 6.61812326308886964e-07
7.02665416197333248e-01 2.04214896009666660e+01 6.71914436895072987e-07
6.19581973088999982e-01 2.04249999999999972e+01 6.73120288752124038e-07
1.10649080411666656e+00 2.04275694264333332e+01 6.71048493622997977e-07
1.39380694089333335e+00 2.04279791840999998e+01 6.68341794097456022e-07
8.33367675560666599e-01 2.04280045072666674e+01 6.72855731365585962e-07
7.51243931644333340e-01 2.04299285371666635e+01 6.73491067608866960e-07
5.01900699965333263e+00 2.04330822901333313e+01 6.13308351835346994e-07
2.79718327095666686e+00 2.04347514688000018e+01 6.48990233675663982e-07
1.95196957410999983e+00 2.04350921145666682e+01 6.61975164633431973e-07
2.31958077728000012e+00 2.04366547849333315e+01 6.58749843730573969e-07
1.51766780039666660e+01 2.04388339139666648e+01 5.88081604163934020e-07
8.02772228386333331e-01 2.04390621367666654e+01 6.75221241706259971e-07
1.59502534379000007e+01 2.04404076755333328e+01 5.83617606408124964e-07
1.49842968454000025e+00 2.04408290669666677e+01 6.69973831989811028e-07
1.05888170213666655e+00 2.04412851662666668e+01 6.74093811512314038e-07
8.95130754952000007e-01 2.04415680234666688e+01 6.75151240039874981e-07
6.54500725092666658e-01 2.04420297775000002e+01 6.76574744457123015e-07
3.26736612079666733e+00 2.04436501817000007e+01 6.35390587534753961e-07
1.61281663707333323e+00 2.04437356074000007e+01 6.69498072361407042e-07
2.12985724354000006e+00 2.04455781490333344e+01 6.61561901877891009e-07
6.32075254258000041e-01 2.04481131418999986e+01 6.77548068242522958e-07
1.19413684977666645e+00 2.04492157363333327e+01 6.74852756687892003e-07
6.97687766580333268e-01 2.04512554344333317e+01 6.78186644004284043e-07
1.73824163359666639e+00 2.04513959193666643e+01 6.69737928368121963e-07
8.59084715082333417e-01 2.04516934104999990e+01 6.77529698902667046e-07
5.94228237480333377e+00 2.04537415754333338e+01 5.99307837491294012e-07
2.48335814500999996e+00 2.04580320290666684e+01 6.60900296189484034e-07
7.45760238293333266e-01 2.04599275964333351e+01 6.79833643007916052e-07
6.72132355531000036e-01 2.04607064712666649e+01 6.79922295510450036e-07
1.87074142727333315e+00 2.04641650659000014e+01 6.70420019724806047e-07
3.04442915723333352e+00 2.04651359505333339e+01 6.51525851407876959e-07
1.14412577892333345e+00 2.04652227044666688e+01 6.78289684960375047e-07
9.66010791185333395e-01 2.04654338070999984e+01 6.79688557302029953e-07
1.28619127008666667e+00 2.04682824839999995e+01 6.78087327468636963e-07
1.76497272892666679e+01 2.04688494892000001e+01 6.20978163476768958e-07
7.18358143938333193e-01 2.04704052125999993e+01 6.81857803720731987e-07
7.96831536440666621e-01 2.04704082266333351e+01 6.81771577404253038e-07
6.22493281169000046e-01 2.04731131419000008e+01 6.82696887294092991e-07
9.23490207070999936e-01 2.04735882654666668e+01 6.81463176119505015e-07
7.67621730220000020e-01 2.04798245397666676e+01 6.83802059413326958e-07
5.58169265371333267e+00 2.04832509545333323e+01 6.16973880658631000e-07
8.50745483795333324e-01 2.04844941978333317e+01 6.84318849703258987e-07
9.27390409299666629e+00 2.04867084909999981e+01 6.14543311726710000e-07
1.23404002574999994e+00 2.04867408012999981e+01 6.82109701912040011e-07
1.38269646003000002e+00 2.04880821849333365e+01 6.81343597945682967e-07
1.04755074377999979e+00 2.04892552523333329e+01 6.83989899721422967e-07
2.56990756815666677e+00 2.04893943468333326e+01 6.68447158011435998e-07
2.02787509549333356e+00 2.04906204157999987e+01 6.74212231500881968e-07
2.21887661498666677e+00 2.04911211578333337e+01 6.71053647760802040e-07
6.65504756634333283e-01 2.04911973175333308e+01 6.86419023785477029e-07
1.06847669601999993e+01 2.04917539246000011e+01 5.87777478201935986e-07
8.19087752328000018e-01 2.04921513844666663e+01 6.86146788846995024e-07
2.40366613800333306e+00 2.04961638171000011e+01 6.69548236060723968e-07
6.38291153107000020e-01 2.04975206237666647e+01 6.87585883651982991e-07
7.12407595472666633e-01 2.04988386249666661e+01 6.88010826151763009e-07
9.99496320109000025e-01 2.05003337751333312e+01 6.86882029123523948e-07
1.48791898581333348e+00 2.05049970731000002e+01 6.83970082263001013e-07
9.08247841903000008e-01 2.05070705616666693e+01 6.88413137618457989e-07
1.32782759819000007e+00 2.05076825840000012e+01 6.85658587236858969e-07
8.71549158496999987e-01 2.05078511070000005e+01 6.89204757631194025e-07
7.61303962556333480e-01 2.05092276517000016e+01 6.89989762365315976e-07
6.85109619217999843e-01 2.05101796930666644e+01 6.90149327109781045e-07
1.60352459868333330e+00 2.05162005253333319e+01 6.85328360266544000e-07
7.33491922164000054e-01 2.05177641207333359e+01 6.91927605448419954e-07
1.13058748792666663e+00 2.05215391462666652e+01 6.90202360860722016e-07
8.11056158333666732e-01 2.05223955572666661e+01 6.92551896074409978e-07
6.25797871937999961e-01 2.05244074818666640e+01 6.93477853144177958e-07
1.72769447602666659e+00 2.05275298399333330e+01 6.86314072759428045e-07
1.42787897096999994e+00 2.05292350814333346e+01 6.89293202334486980e-07
7.82482174782666795e-01 2.05300555113666690e+01 6.94251764511297045e-07
1.08162155476333322e+00 2.05318559542999992e+01 6.92419402226340971e-07
3.84782145180000024e+00 2.05341663483333328e+01 6.38832588315550982e-07
6.82935898607999969e-01 2.05359254355333327e+01 6.95973475083043967e-07
8.61898739351666721e-01 2.05384070699333350e+01 6.95601499905201975e-07
9.18298648840333187e-01 2.05414068035333308e+01 6.96487313248219993e-07
1.85690841327666667e+00 2.05417560475666683e+01 6.88120863359177020e-07
1.22255099302333314e+00 2.05422494691333348e+01 6.94114643795477037e-07
8.33063470655666660e-01 2.05452943335666696e+01 6.97268575708474042e-07
7.27888330210333279e-01 2.05454292599333321e+01 6.97753689588356019e-07
1.53856559020333328e+00 2.05455799430666666e+01 6.91918941956663986e-07
9.89596741274333280e-01 2.05459000584666676e+01 6.96378805477016026e-07
6.38934507142333352e-01 2.05498591476333310e+01 6.98999219603434026e-07
7.04630282908999983e-01 2.05522495066333306e+01 6.99448420710132960e-07
6.63974390059666741e-01 2.05526149171999997e+01 6.99775916874004003e-07
1.65868016505666671e+00 2.05580513915999994e+01 6.93475198424354015e-07
7.75489079204666698e-01 2.05587627941000015e+01 7.00395896063162969e-07
2.78039908736999974e+00 2.05602229604999991e+01 6.76895420910646011e-07
8.86645548131666517e-01 2.05603696047999982e+01 7.00196792532287991e-07
1.16910952605333329e+00 2.05610408459666694e+01 6.97992554597223997e-07
9.49378240617333335e-01 2.05610468138000009e+01 7.00054170812601016e-07
3.36298730096999998e+00 2.05611689273333340e+01 6.61087979672111035e-07
4.40816033420999975e+00 2.05623744335000005e+01 6.34442753399127949e-07
1.31568107852000016e+00 2.05634916727333312e+01 6.97921763905889966e-07
7.48707275024666608e-01 2.05656000736333340e+01 7.02023156991728035e-07
1.17061100396666671e+01 2.05676372913333374e+01 5.99388257248821963e-07
2.00676137718333303e+00 2.05691290726999974e+01 6.90279476823126041e-07
1.78622797845333348e+00 2.05726022524333310e+01 6.95229373248381997e-07
1.06473764552999994e+00 2.05743522194333330e+01 7.01322797988079991e-07
8.25014345695000095e-01 2.05748238740000033e+01 7.03352326371802970e-07
6.77316760609000124e+00 2.05748659288666680e+01 6.17719351756537989e-07
6.23136635204333378e-01 2.05754516657666677e+01 7.04609370371229976e-07
2.57864401418000000e+00 2.05759301929333311e+01 6.85151490494638041e-07
1.02076725571200000e+00 2.05773178007999995e+01 7.02793538194998027e-07
6.98901528876666678e-01 2.05773673990666630e+01 7.04900242887545947e-07
6.74545907841999970e-01 2.05787541785333339e+01 7.05414407854929002e-07
1.26255571768999997e+00 2.05796002405666663e+01 7.01731218817565990e-07
7.96013937795000071e-01 2.05806323804333324e+01 7.04947857327472021e-07
3.00895215547666695e+00 2.05838008172000002e+01 6.73015862305151982e-07
1.91702284180333327e+00 2.05911917531333337e+01 6.97921851588138051e-07
7.41794046787333294e-01 2.05931965759333337e+01 7.07890292113076008e-07
1.01608664033933334e+01 2.05940838373999959e+01 6.28162742273638045e-07
8.80339669295333471e-01 2.05949124103666641e+01 7.07463599080562034e-07
1.41107423968666690e+00 2.05967128349333350e+01 7.04644077330522958e-07
2.21267221552000004e+00 2.05979294810666680e+01 6.93754336391016012e-07
1.28107076948000014e+01 2.05980135455666691e+01 6.03939422340024980e-07
7.15246347940666660e-01 2.05981436546666679e+01 7.09239920747506038e-07
2.39471791701999992e+00 2.05986962817999988e+01 6.91582590236915037e-07
4.96961892075666700e+00 2.05987081290000020e+01 6.34916805413187993e-07
6.34749301853999914e-01 2.06004516657666663e+01 7.09955106298052015e-07
6.61118691574333339e-01 2.06009984089666673e+01 7.10216411361158034e-07
8.47543735554666777e-01 2.06024794159333346e+01 7.09040066900994957e-07
9.45909656330999993e-01 2.06058263970666644e+01 7.09514225581026041e-07
7.88970671112000033e-01 2.06084376101666642e+01 7.10838662779607955e-07
1.35374520907666640e+00 2.06113690271666670e+01 7.07571895436871028e-07
3.59218533094000003e+00 2.06117912487666679e+01 6.75300227890268998e-07
6.07763764303999920e+00 2.06118642689333349e+01 6.35117263058257983e-07
7.61532584284333347e-01 2.06141645261333331e+01 7.12384159520160050e-07
1.52424404796666657e+00 2.06155139405666681e+01 7.07805393910200959e-07
1.16012480471999990e+00 2.06181852337999985e+01 7.10658866110920978e-07
1.07904359124333316e+00 2.06186653251666705e+01 7.11725495895253948e-07
1.01159636594199998e+00 2.06191144219999991e+01 7.11857388699876032e-07
7.57434219221666627e+00 2.06201765554666672e+01 6.27372428289981999e-07
9.08524185717666577e-01 2.06207291923666673e+01 7.12644531085168030e-07
2.67416367556000045e+00 2.06211196919666655e+01 6.92158235562160019e-07
6.21612666649666745e-01 2.06250000000000000e+01 7.15484954985103046e-07
7.07157678788333244e-01 2.06266329092999996e+01 7.15221706068787032e-07
4.11862994705666718e+00 2.06270849340333342e+01 6.68777330531374989e-07
6.77385643456666742e-01 2.06281008841333353e+01 7.16078765354126963e-07
2.06100011692666696e+00 2.06283263716000000e+01 7.04133707054211002e-07
8.36287268560333419e-01 2.06293428076666672e+01 7.14559729216832954e-07
8.06714612017666699e-01 2.06294924954666676e+01 7.15318663044799992e-07
1.64628813805000007e+00 2.06311406469333321e+01 7.09870727429230009e-07
9.76957267217999914e-01 2.06324762629333343e+01 7.14677725954235975e-07
1.24864973276666658e+00 2.06328307946666634e+01 7.13654156142547045e-07
2.88127662824000019e+00 2.06332695343000019e+01 6.88992937704002002e-07
8.37760160887333427e+00 2.06368180382999995e+01 6.29978424480523043e-07
1.11612091466666663e+00 2.06416714875000018e+01 7.15329524222592007e-07
5.51322491719999963e+00 2.06418435956666677e+01 6.39902654387771999e-07
7.54132744071333239e-01 2.06420171420999985e+01 7.18380522982999039e-07
1.45679271229333351e+00 2.06424088241000021e+01 7.13768988897178992e-07
1.04355061396999993e+00 2.06452051893000004e+01 7.16813209087875981e-07
2.13968131794333338e+00 2.06452153602999999e+01 7.06056078338558988e-07
2.30442815682999980e+00 2.06459955728666671e+01 7.03989426274448020e-07
2.48314637005000050e+00 2.06471003398666646e+01 7.01805695689146969e-07
3.16850748364666623e+00 2.06477016168000027e+01 6.90885375816249036e-07
1.77345719192333351e+00 2.06482800128666639e+01 7.12139443210154023e-07
7.26305537421999881e-01 2.06495384465333345e+01 7.20046757234648013e-07
6.34837504292666721e-01 2.06503263120333322e+01 7.21183371808527044e-07
1.38627282155333322e+01 2.06520645292666671e+01 6.17722226469930044e-07
1.19966028676666681e+00 2.06526244110666646e+01 7.17236552857928036e-07
6.64241091379333404e-01 2.06528804529666665e+01 7.20969800940802028e-07
7.99959335616333367e-01 2.06561686050666644e+01 7.21067847059350020e-07
1.33398655126666665e+00 2.06579269858666663e+01 7.18441509456923017e-07
8.45660049227333399e-01 2.06589193649999991e+01 7.21600229458166990e-07
1.57681102943999996e+00 2.06592237781666661e+01 7.16640369246542974e-07
4.66916574853666599e+00 2.06596689046333353e+01 6.66810478364981005e-07
9.03211995453999994e-01 2.06605279357666660e+01 7.21156173328959983e-07
7.74815554497666703e-01 2.06629663357333335e+01 7.22776187910798014e-07
1.28201643578666680e+00 2.06632801855333348e+01 7.20410337841476022e-07
1.90431240925333323e+00 2.06684244980999985e+01 7.14790562969414052e-07
9.70409992266333288e-01 2.06748655646999993e+01 7.23827510515316009e-07
8.20924111356333364e-01 2.06751841017666642e+01 7.24845987912938023e-07
6.23224837642999963e-01 2.06753263120333308e+01 7.26387321940355018e-07
8.71305552040666620e-01 2.06756349956000030e+01 7.24300598792033979e-07
1.94852641643000020e+01 2.06759624504666668e+01 6.23816927971586978e-07
1.70253166248999999e+00 2.06762968556999986e+01 7.19133592173749977e-07
6.76385979770000034e-01 2.06788508424666695e+01 7.27030448528461953e-07
7.21649952497000036e-01 2.06793257731999987e+01 7.26956866805162950e-07
6.40512989168000058e+00 2.06804822681333320e+01 6.63497575524289012e-07
1.03892945412666671e+00 2.06853001709999980e+01 7.25693235472789986e-07
9.34050191115666784e-01 2.06880144422333352e+01 7.26589115963437048e-07
6.99890259183333363e-01 2.06901772155999986e+01 7.29182738465241000e-07
7.69710774703333378e-01 2.06915797785333346e+01 7.28926096394633950e-07
1.11124232138000001e+00 2.06932486438666672e+01 7.26998285272179966e-07
1.83142719419666666e+00 2.06946665529666660e+01 7.21742171086476019e-07
2.02393465525666683e+00 2.06948174055333318e+01 7.19842922757459032e-07
5.22634957616666629e+00 2.06985675156666673e+01 6.68963888782713022e-07
1.11298037441999984e+01 2.06994346922666637e+01 6.47623666843363001e-07
6.36107442530333356e-01 2.07003242557000000e+01 7.31777732600682028e-07
7.44372379351999958e-01 2.07004179115666673e+01 7.31056538342589964e-07
6.59864997570666745e-01 2.07012946451999973e+01 7.31893496747472960e-07
1.00042793114699990e+00 2.07015987054666688e+01 7.29153449245654013e-07
8.18215890277333435e-01 2.07018232715666670e+01 7.30624897960615979e-07
1.18622935193000001e+00 2.07044555584333345e+01 7.29758826402624956e-07
8.67440905568000020e-01 2.07087527138333343e+01 7.31612663437696966e-07
1.34401173765333337e+00 2.07092150340666663e+01 7.32560291984423001e-07
1.06954383811333331e+00 2.07103374632333335e+01 7.30796049084927991e-07
7.92146334743000113e-01 2.07114212176666683e+01 7.33014796203537045e-07
1.44489154511333329e+00 2.07117407579000030e+01 7.30397591113101952e-07
1.95698548296333352e+00 2.07128528516000010e+01 7.24216079759102007e-07
7.16366596840000014e+00 2.07144699518666648e+01 6.68310494298275001e-07
1.26436003705333344e+00 2.07156033958666654e+01 7.33135879248738047e-07
8.39087181675666649e-01 2.07186762530333333e+01 7.34115864704979954e-07
6.97034300626000025e-01 2.07196106069333297e+01 7.35873760256016044e-07
1.14181527659666671e+00 2.07215935375333338e+01 7.32790066050696047e-07
6.73187788457000003e-01 2.07246225320999997e+01 7.36958406266456016e-07
6.22882604887333380e-01 2.07249979436666685e+01 7.37070310870000968e-07
5.78567755866999978e+00 2.07274416154333352e+01 6.75101897936047007e-07
9.21956976037666798e-01 2.07289095286333342e+01 7.35886022596522983e-07
1.56399577853999983e+00 2.07294505567666683e+01 7.32621286221807976e-07
7.41185732955000010e-01 2.07308331642333314e+01 7.37913377919917051e-07
8.87254133903333408e-01 2.07345407403999964e+01 7.36935786039216031e-07
1.21756239919666664e+00 2.07369851523666675e+01 7.36198267147900001e-07
7.94586579084333255e+00 2.07372064391333346e+01 6.77635954098853998e-07
2.13682219305999999e+00 2.07375088728666661e+01 7.28320807871447046e-07
7.15607347542666639e-01 2.07391744172000010e+01 7.39802388251638957e-07
1.38673372012666651e+00 2.07396484961333307e+01 7.37514457849992016e-07
7.88237423050666686e-01 2.07404031194333349e+01 7.39590432615724025e-07
9.91727332748999935e-01 2.07437312359666670e+01 7.38915346799241979e-07
1.29749831172000007e+00 2.07442294731333341e+01 7.38303449279896007e-07
2.29655935344666640e+00 2.07460094721000026e+01 7.26410069861682954e-07
8.35121923261666677e-01 2.07474169948666649e+01 7.40600582716484042e-07
2.47694264203666670e+00 2.07477839672333317e+01 7.24008704984822966e-07
2.66767207952666707e+00 2.07483117095000011e+01 7.20424127128112969e-07
6.63195841519999996e-01 2.07486889041999980e+01 7.42175622469385048e-07
6.36648212990666651e-01 2.07500347052666676e+01 7.42493710133238003e-07
1.68892295075666676e+00 2.07502039829333320e+01 7.35978776701011042e-07
7.62615216614000002e-01 2.07509769329666689e+01 7.41932041803624963e-07
1.21974420661999989e+01 2.07512220677333339e+01 6.62684768873162048e-07
1.06038985413000009e+00 2.07518478333000012e+01 7.40472152085933011e-07
1.49952762988666666e+00 2.07550726529666640e+01 7.39347696026523004e-07
2.06619850490000001e+00 2.07567569985666687e+01 7.31967114319676027e-07
2.86868382954000012e+00 2.07575927190333331e+01 7.17209233413671964e-07
9.49616178790333443e-01 2.07578931816000001e+01 7.42168638899674050e-07
8.10341720171000035e-01 2.07595459151666653e+01 7.43380244957991049e-07
8.65177912679333416e-01 2.07606263017333355e+01 7.43925421658925013e-07
1.12789420057666656e+00 2.07622283944666712e+01 7.42542077267239048e-07
9.17367288489666599e+00 2.07675407865999979e+01 6.56126514247487033e-07
3.16187667879666678e+00 2.07680319092666643e+01 7.08305739058570021e-07
1.02107487174533329e+00 2.07689430715666674e+01 7.44088258011417973e-07
7.08247429226666725e-01 2.07696124060999985e+01 7.46571928424900949e-07
3.59691760569666696e+00 2.07698695006333303e+01 6.97201172021720981e-07
1.32689567360666683e+01 2.07704565603333329e+01 6.63955091881159009e-07
1.81786108417666692e+00 2.07707747663666673e+01 7.39105638687128014e-07
6.79682435372999993e-01 2.07741149679333326e+01 7.47618903963094048e-07
6.23765608103333258e-01 2.07750367615999991e+01 7.47952741907301950e-07
1.61986417541666672e+00 2.07752745527666640e+01 7.42489220673281982e-07
1.08816726137666664e+00 2.07753938708666688e+01 7.45434219176248952e-07
7.58126973828999962e-01 2.07807313078000000e+01 7.48971723611107980e-07
1.94577431143000013e+00 2.07850826495999996e+01 7.40719133603056022e-07
4.09192458902333289e+00 2.07851963725666664e+01 6.90046332281542949e-07
8.07062501082000061e-01 2.07900326461666651e+01 7.50748113619027990e-07
2.20194428725333324e+00 2.07902368928666661e+01 7.38781209887562038e-07
7.29337571853999944e-01 2.07910255279666671e+01 7.51359453507025029e-07
1.19649117411333328e+00 2.07915957430666687e+01 7.49675253874857039e-07
8.66373327469333376e-01 2.07928177319999996e+01 7.50949687909761045e-07
1.74628237017000010e+00 2.07982953534999986e+01 7.46194804872619003e-07
9.38820565873999979e-01 2.07985900062666680e+01 7.51532992125420970e-07
2.38064538562333317e+00 2.07993938084000014e+01 7.37394074586276947e-07
6.37184203982000041e-01 2.07995362884333339e+01 7.53398677139927012e-07
1.15123705082666672e+00 2.07997010060666696e+01 7.50442146645804009e-07
6.66553402722333321e-01 2.07999602958333334e+01 7.53496310238829012e-07
7.80469961176666671e-01 2.08006442252666659e+01 7.53307153245134044e-07
1.28490298384666679e+00 2.08017719372333367e+01 7.52940707271951033e-07
2.56594869013333371e+00 2.08038058378333339e+01 7.34630406538810044e-07
1.38136269394333322e+00 2.08075480779999999e+01 7.53309343460095022e-07
8.33038118962666663e-01 2.08100951561333325e+01 7.55160723276602972e-07
1.01174683990866665e+00 2.08101174276666683e+01 7.54049103563235016e-07
2.76131469263666673e+00 2.08117381627666695e+01 7.31675729217855990e-07
8.98989049431333398e-01 2.08130951368000012e+01 7.55520506218116027e-07
2.01784514118666669e+00 2.08146665654333312e+01 7.47942096205984959e-07
1.08076374485666671e+00 2.08162502274666679e+01 7.55253290416453979e-07
1.87953512769999986e+00 2.08167625094999984e+01 7.49001262831999034e-07
8.72473427021999903e+00 2.08191333046333327e+01 6.86087089378625051e-07
4.62300283684999958e+00 2.08192778619333332e+01 6.89150261397276022e-07
7.24350465406333299e-01 2.08198702340999979e+01 7.58151422887084019e-07
1.48998499481000013e+00 2.08219180634999965e+01 7.55064735416790989e-07
6.77328484666333330e-01 2.08230540055666644e+01 7.58843868710195026e-07
6.23418595878666659e-01 2.08244995268333355e+01 7.59075118817162983e-07
9.71603687996000054e-01 2.08256024167333322e+01 7.57868641537491999e-07
1.23069348409666657e+00 2.08277564506666693e+01 7.57722292891843042e-07
2.98972855192666698e+00 2.08284542944000002e+01 7.31921780705157950e-07
7.75320000822333433e-01 2.08310686500666655e+01 7.60559703194269981e-07
7.01253384297000015e-01 2.08312667179666668e+01 7.60957643881150990e-07
1.04365830577333329e+00 2.08338785459999976e+01 7.59548804509004966e-07
1.32604538359666679e+00 2.08346570800333346e+01 7.59319153737829010e-07
1.12039812759333324e+00 2.08347332767000033e+01 7.60043349998741995e-07
3.36108877087666658e+00 2.08395774716666651e+01 7.29222312286848962e-07
7.47989907027000078e-01 2.08400004387333340e+01 7.62788552779712997e-07
8.29595436987666690e-01 2.08427974546666661e+01 7.62847360239336978e-07
1.60480995669666693e+00 2.08435229894000003e+01 7.58536022204437050e-07
6.60795364306333344e-01 2.08460359188000020e+01 7.64410474338940048e-07
1.42997788385333346e+00 2.08464857503000012e+01 7.61217064142539949e-07
6.36254674258999953e-01 2.08479054474666690e+01 7.64252585026375955e-07
1.75861343939000001e+01 2.08494837901666692e+01 6.67399560165196994e-07
3.82584836852333332e+00 2.08503560387333344e+01 7.22568703218082977e-07
7.98469858752666739e-01 2.08531593694999984e+01 7.65449503522349984e-07
8.91791753457666592e-01 2.08539272036999996e+01 7.65040980797718035e-07
5.17252745465333330e+00 2.08581026282666642e+01 6.91683289315434040e-07
6.97681013767999958e-01 2.08590491256333337e+01 7.67885538083230982e-07
1.00508540027500004e+01 2.08636960665999993e+01 6.68549150200876009e-07
1.53939892474333351e+00 2.08645444039333334e+01 7.64297761670277989e-07
9.61001977885666658e-01 2.08650811085333352e+01 7.67417366819555039e-07
8.55733349520666819e-01 2.08663520974333316e+01 7.68112561368592991e-07
6.73173596638999894e-01 2.08664094736999992e+01 7.68801245614016002e-07
7.41044386323666759e-01 2.08694500600666686e+01 7.69927430461704009e-07
1.48581147138999992e+01 2.08700082195000007e+01 6.65370089500856974e-07
6.22836078380333280e-01 2.08734059206333349e+01 7.70263049526101970e-07
1.03440112478000001e+00 2.08762116345666655e+01 7.69884888718200988e-07
7.13832574173999923e-01 2.08771022630999994e+01 7.71579702263926052e-07
1.73000069612666674e+00 2.08782395867000012e+01 7.65168627840727010e-07
9.21021559790000111e-01 2.08789007649666658e+01 7.70755261602366014e-07
4.33529206448999993e+00 2.08800948293333342e+01 7.21414512070698037e-07
1.11865185487999996e+00 2.08802821414666653e+01 7.70990009081554003e-07
5.76164240042333375e+00 2.08831803960000002e+01 6.95339415186824949e-07
1.61280375938333336e+01 2.08834929804999980e+01 6.69515486609250006e-07
7.90743992311666588e-01 2.08844339686000033e+01 7.72943726029032003e-07
1.21589165410000000e+00 2.08856948771666673e+01 7.72059553289225977e-07
2.19075513428999979e+00 2.08882479192999995e+01 7.61580271126182973e-07
2.02321712028333289e+00 2.08905786091666670e+01 7.64829146990594999e-07
6.39869299236666667e+00 2.08907910031666688e+01 6.93651901828810974e-07
6.62090372863333276e-01 2.08910072655666674e+01 7.74888185873623965e-07
7.60648613678000074e-01 2.08917928705000016e+01 7.74800116183192024e-07
9.91887948805000086e-01 2.08919292080333356e+01 7.73669101517871007e-07
1.87158491149000006e+00 2.08943990161999977e+01 7.67045986340788010e-07
6.36293544652000054e-01 2.08961341838333325e+01 7.75244862976975008e-07
1.31747126914000012e+00 2.08977236832666655e+01 7.74558560771325976e-07
1.65758705799333339e+00 2.08983966527666638e+01 7.70605653622893045e-07
2.36987675117666674e+00 2.09020304867666660e+01 7.61334972157542026e-07
8.46749232484000025e-01 2.09021909388000005e+01 7.76707684364590020e-07
1.06976029114999993e+00 2.09041321808000014e+01 7.76506652834684042e-07
7.04353545404999948e-01 2.09054668345333319e+01 7.78431554935735020e-07
1.16112430628333319e+00 2.09098874716666678e+01 7.77601865085036037e-07
8.12885453509999967e-01 2.09099108951333328e+01 7.78667036023879995e-07
1.41982608014666667e+00 2.09107298883999988e+01 7.76699035959488013e-07
6.77118761223333365e-01 2.09120114889333344e+01 7.79440342818361008e-07
2.55433347790666643e+00 2.09157330023000014e+01 7.60940878578114960e-07
4.86963388755666582e+00 2.09178521989000039e+01 7.23706158136586021e-07
9.09813551908666640e-01 2.09179806275666671e+01 7.80330199051523989e-07
7.07571415387333236e+00 2.09188233677333351e+01 7.02500892882610029e-07
7.50832322351000059e-01 2.09207355846666694e+01 7.81873455631804032e-07
6.23457466271666649e-01 2.09227282631999998e+01 7.81774941947555980e-07
1.26152703939333333e+00 2.09227769669666657e+01 7.80214672200359956e-07
7.21749066227666547e-01 2.09267573456666689e+01 7.83212034462956978e-07
1.79362919392333353e+00 2.09283555062666657e+01 7.76690298558995977e-07
1.52529106474666665e+00 2.09285103329666669e+01 7.79874805511269002e-07
8.71599628539666660e-01 2.09288459076666662e+01 7.82761482588638961e-07
1.42349156120999982e+01 2.09294386167000006e+01 6.81089114211212994e-07
2.74726878792999996e+00 2.09326418447666640e+01 7.60442223257123008e-07
2.10192033986999993e+00 2.09332488263000016e+01 7.73712585512094009e-07
9.80074961667666611e-01 2.09334513591999993e+01 7.83984049517238002e-07
1.36263677578000020e+00 2.09348588193333320e+01 7.82457521720537987e-07
1.94319607431666674e+00 2.09386312000333312e+01 7.77541108855868039e-07
6.65612995580333378e-01 2.09408017455666702e+01 7.86588734414577012e-07
8.01268158041999912e-01 2.09408888758333340e+01 7.86112201990944990e-07
7.69310405516666740e-01 2.09443546634666689e+01 7.87351957616146031e-07
9.53938724964666562e+00 2.09455793040333340e+01 7.14382772640610984e-07
9.37980982866999935e-01 2.09456831223000002e+01 7.86900380810194042e-07
6.37748528839999995e-01 2.09463916015666669e+01 7.87102582176842053e-07
2.27460156603666652e+00 2.09466571769000005e+01 7.73712106756792043e-07
1.46572533110666670e+00 2.09501281306333311e+01 7.85251732672633049e-07
1.05823294362999998e+00 2.09505572440000023e+01 7.87862344833072039e-07
7.10813659677000054e-01 2.09534227159666671e+01 7.89976701424599016e-07
2.97607861742333313e+00 2.09555540393333324e+01 7.57659380901289957e-07
5.43536763743999973e+00 2.09571174888333331e+01 7.30205223524382965e-07
1.63548088446333328e+00 2.09595435180666669e+01 7.85201242972897036e-07
6.81912373211333467e-01 2.09609224614666658e+01 7.91140149511034975e-07
2.45455879536333343e+00 2.09623478100666638e+01 7.73761114399897045e-07
1.01106079012266670e+00 2.09641588489333337e+01 7.91223499501238047e-07
8.57107495548000031e-01 2.09662193908000027e+01 7.92259902273261025e-07
7.99247007819000022e+00 2.09670238452666666e+01 7.15756046083252011e-07
1.56859592316999996e+00 2.09686357837333333e+01 7.89062431148987037e-07
8.20639804024333341e-01 2.09705424026333311e+01 7.93082264019141051e-07
7.57439708762666641e-01 2.09713900017666681e+01 7.94051820102472965e-07
1.14869548924999987e+00 2.09721451757333348e+01 7.92853468043541030e-07
6.24291062568333333e-01 2.09736633383666664e+01 7.94010375163041969e-07
7.28026219046333356e-01 2.09744362932666668e+01 7.95184985227250028e-07
6.04716558547999927e+00 2.09779117845333332e+01 7.34496117040903025e-07
3.33600977461333281e+00 2.09802959835333347e+01 7.50306073403332045e-07
2.64201096259333346e+00 2.09811425559666667e+01 7.73852443879302976e-07
1.25108285208666659e+00 2.09838378585666625e+01 7.95270862553676007e-07
9.24218706513333266e-01 2.09851946829333329e+01 7.96825737071256981e-07
1.09469569032666669e+00 2.09889649087333332e+01 7.96670518545701955e-07
6.67877889225000043e+00 2.09895280797666679e+01 7.34273483230231025e-07
6.70272529643666792e-01 2.09904955631999997e+01 7.99072541407256009e-07
7.72582793030333392e-01 2.09933271224000002e+01 7.99434428543093995e-07
8.81559142563333342e-01 2.09948656713333328e+01 7.99155772330761052e-07
8.03825135766666699e-01 2.09959453109000016e+01 7.99543319735977975e-07
1.35282535403666659e+00 2.09967653264666687e+01 7.97740552531701043e-07
6.40515685741000040e-01 2.09976465841000000e+01 8.00105391916339028e-07
7.17266536824999967e-01 2.09998337583666661e+01 8.01643704441314978e-07
3.79554208555000017e+00 2.10031058404333315e+01 7.45255910754143004e-07
2.84098799032999993e+00 2.10055961459666669e+01 7.74449068862276004e-07
9.96516726980666512e-01 2.10066922503666653e+01 8.01877909613813982e-07
6.88414133887999991e-01 2.10083932828000002e+01 8.03313706780285012e-07
1.19301864975999994e+00 2.10090134728333346e+01 8.01326769146433966e-07
1.78837196663333331e+00 2.10100427686000018e+01 7.96459100880073046e-07
1.45502589972999985e+00 2.10118312244666647e+01 8.00406851459747002e-07
9.51768622171999978e-01 2.10154963212666637e+01 8.04156850822492951e-07
7.61346137863999961e-01 2.10177900778000009e+01 8.05685955355895982e-07
1.66154462957999982e+00 2.10188728268333342e+01 8.01228832011245984e-07
1.93879496751000002e+00 2.10203188881333318e+01 7.97005993301576960e-07
1.29721566009000000e+00 2.10206910820000026e+01 8.03586169766456964e-07
7.35443371375000043e-01 2.10212504222666716e+01 8.07023327572750955e-07
6.26224623172666583e-01 2.10239832457333335e+01 8.07222751080682983e-07
8.09078367251333308e-01 2.10248768150333341e+01 8.07498041219178972e-07
1.55659564813666673e+00 2.10278680060666687e+01 8.03333206315442022e-07
8.49555670194333423e+00 2.10299434795666649e+01 7.44679260804183017e-07
2.09505819043333341e+00 2.10306251059000004e+01 7.97178686471971040e-07
8.69500776776000017e-01 2.10330347156666626e+01 8.08850557738139982e-07
6.83188217265000008e-01 2.10335498896333348e+01 8.10167379129267951e-07
1.39931522702666666e+00 2.10343394893666691e+01 8.06205639895461977e-07
4.28829828070333274e+00 2.10351174966999999e+01 7.45006561826018951e-07
1.07456058589333336e+00 2.10356459429333320e+01 8.08631860114318034e-07
3.12314774803000006e+00 2.10358501660666661e+01 7.77734112360223052e-07
7.80692676858000034e-01 2.10377672149000006e+01 8.10758068139820968e-07
1.02355377605466669e+00 2.10397716796333327e+01 8.09962487996430981e-07
8.34322593305000026e-01 2.10437581549666675e+01 8.11863589022999976e-07
1.09645363985000017e+01 2.10458304289000004e+01 7.06080588349117966e-07
2.26212208465000009e+00 2.10461541871999991e+01 7.97779378403693952e-07
7.26113607275666761e-01 2.10467416386333355e+01 8.13297915969396032e-07
1.72159759906666654e+00 2.10473539338333353e+01 8.06708221518066957e-07
6.39530496707333307e-01 2.10493543278333313e+01 8.13760387940996036e-07
1.50259135833666657e+00 2.10494456491333324e+01 8.09191819484899988e-07
7.02710856102666703e-01 2.10504815815666682e+01 8.14632411889496026e-07
6.64061423987000077e-01 2.10506932470999999e+01 8.14804284329890950e-07
9.37428974817999916e-01 2.10547939856666666e+01 8.13917041422861967e-07
1.86192657739333334e+00 2.10577739666333343e+01 8.07357633984377051e-07
1.60811593463999980e+00 2.10598928014666704e+01 8.11553325157060001e-07
8.97820693372000100e-01 2.10626613916666692e+01 8.16106612263348961e-07
3.54153232646000005e+00 2.10633378142000005e+01 7.76490901963554955e-07
1.90936920766333351e+01 2.10635121082999994e+01 7.05319983262321984e-07
7.74051297257666637e-01 2.10638804907000008e+01 8.17195560780377039e-07
2.43946888166666653e+00 2.10679634355999994e+01 7.99701884432632030e-07
7.45374994164333393e-01 2.10693945699666649e+01 8.18849892584421958e-07
1.18528826453333336e+00 2.10694954118333335e+01 8.16413959427774036e-07
2.01195386404000010e+00 2.10696425768666700e+01 8.08091016127441042e-07
1.67781653873000032e+01 2.10735449430999999e+01 7.51614617120962033e-07
6.23305873534666710e-01 2.10753710821000020e+01 8.20470362662550949e-07
4.80749428087999942e+00 2.10761570878666689e+01 7.48856997510949023e-07
1.09528106837333339e+00 2.10763425537666684e+01 8.19137899740223009e-07
6.96028071365999979e-01 2.10763854612000010e+01 8.21004794554282988e-07
6.73586682890333299e-01 2.10775082722999976e+01 8.21348138505671048e-07
7.28731456479666662e+00 2.10778835468666692e+01 7.49635629274554991e-07
8.26682421424333236e-01 2.10798504199000014e+01 8.20811555625110982e-07
1.00512785249800007e+00 2.10806416073333338e+01 8.20514666731842996e-07
1.28832036407666650e+00 2.10814724376000022e+01 8.18826154382479956e-07
2.17141350346666639e+00 2.10851212092000004e+01 8.09158927440999021e-07
9.63751156069999948e-01 2.10868598424666658e+01 8.21813122487575955e-07
7.94796815770333342e-01 2.10870823557666647e+01 8.22733102457190995e-07
4.01462452226333344e+00 2.10929688416333327e+01 7.75675654479250003e-07
1.13988435358333340e+00 2.10944277573000001e+01 8.22799431738803031e-07
1.38997783773666672e+00 2.10950476086666647e+01 8.21324360283177023e-07
2.62513770002333358e+00 2.10956920599666660e+01 8.02434817408517025e-07
1.31875268301333346e+01 2.10959494969333328e+01 7.13738704089297967e-07
7.36711343000333252e-01 2.10965203822333329e+01 8.25331569829518020e-07
1.20847448929666683e+01 2.10983127593000006e+01 7.14922892992338016e-07
7.10767171375000006e-01 2.10997713305333328e+01 8.26469589909569978e-07
8.86133038102333348e-01 2.10999769310666672e+01 8.25334350605391014e-07
6.36866846797666586e-01 2.11012566379333357e+01 8.27040630276486994e-07
6.62616728873666627e-01 2.11020549088666662e+01 8.27064060566802955e-07
1.23445717084666673e+00 2.11051011531666681e+01 8.24856024643093002e-07
8.50172949625666696e-01 2.11064425199999981e+01 8.27189037297561018e-07
2.34230735609333296e+00 2.11071431226000001e+01 8.11271515050348989e-07
1.04094872138566661e+01 2.11077618904333342e+01 7.34632404420158034e-07
1.49373569614333346e+00 2.11096083010999997e+01 8.24035099798456053e-07
7.68842235659666695e+00 2.11140648684999981e+01 7.71270655102699030e-07
1.06740756476666676e+00 2.11165692112333332e+01 8.28999058313286990e-07
1.02826115873000012e+00 2.11167425281000014e+01 8.29170412637046033e-07
7.84743068941999966e-01 2.11175234085000021e+01 8.30282255502904976e-07
1.33459266873333315e+00 2.11182548013666676e+01 8.27285727215266015e-07
5.36669863572666639e+00 2.11202276357666676e+01 7.55852343121424990e-07
1.60296689867666653e+00 2.11204266230666668e+01 8.26246656550594044e-07
7.55333899265333231e-01 2.11214473556999991e+01 8.31417304752981033e-07
1.53735460039000014e+01 2.11236162044999993e+01 7.55200340196546956e-07
9.48664601186333223e-01 2.11244004101333331e+01 8.31154985927800985e-07
6.23560973262999974e-01 2.11258855558333316e+01 8.33010045866752957e-07
7.01915832915000037e-01 2.11263882985000002e+01 8.32963360883043998e-07
2.82209160442000018e+00 2.11268684247333347e+01 8.04563412490288969e-07
6.76206778889333227e-01 2.11275490657333336e+01 8.33356009477381966e-07
1.72182716032666661e+00 2.11279331833999997e+01 8.27224433841648047e-07
9.10654764664666661e-01 2.11296500927333319e+01 8.32620741894780977e-07
1.82591230045999993e+01 2.11307107346999992e+01 7.64628357392019032e-07
4.51386944638666687e+00 2.11326054182666674e+01 7.79119990039562971e-07
1.43683284824666657e+00 2.11327019957333313e+01 8.30079488936418032e-07
2.52237030164000009e+00 2.11358981318333328e+01 8.14394193131539973e-07
8.38212507954000041e-01 2.11403754259333319e+01 8.35514399660871958e-07
1.85505564023666669e+00 2.11406423576333360e+01 8.28077984702089973e-07
8.04668232924333204e-01 2.11442243785666655e+01 8.36756387664010045e-07
1.54259094997999990e+00 2.11485644796333361e+01 8.33088322323605025e-07
7.44797235504000010e-01 2.11495787241333346e+01 8.38359039995299982e-07
7.17323340779000063e-01 2.11512687186333324e+01 8.39062611715400049e-07
1.13421600015666657e+00 2.11514013667999983e+01 8.37755574221380045e-07
6.37320600389666647e-01 2.11519594489333329e+01 8.39664910916945948e-07
6.64216523939999970e-01 2.11528246878999973e+01 8.39578129074117971e-07
1.01003145306133324e+00 2.11558728182333340e+01 8.38735986708668000e-07
9.71811591945666797e-01 2.11573124651333337e+01 8.39349495529533053e-07
2.00188415494999994e+00 2.11573575675666667e+01 8.30082038765674969e-07
1.65662515487666684e+00 2.11599858980000022e+01 8.34940231419864996e-07
1.08991798010999985e+00 2.11604147141333314e+01 8.39481508255501997e-07
1.22610652027333322e+00 2.11649579693333330e+01 8.40204605485163950e-07
8.96887546190666574e-01 2.11675817246333366e+01 8.42015139857926017e-07
2.71149913944999987e+00 2.11684636275333311e+01 8.17744860557937019e-07
3.08655064950333369e+00 2.11710400555333358e+01 8.03618069727794030e-07
8.60405377956666606e-01 2.11718414689000021e+01 8.43217650888866000e-07
1.78173059073666651e+00 2.11734904091666643e+01 8.37125175575694995e-07
7.92323030496000058e-01 2.11743401555000013e+01 8.44176478518909974e-07
7.61861202752333377e-01 2.11757705538666663e+01 8.44933443899187974e-07
6.23759627126666660e-01 2.11760738930999999e+01 8.45599307454617964e-07
5.97502411829666613e+00 2.11773323602999994e+01 7.66430995672022041e-07
7.05831484685999988e-01 2.11779656197666668e+01 8.45658860762717022e-07
6.78433721872666595e-01 2.11783608217999983e+01 8.45990991100039000e-07
2.15797482528333306e+00 2.11788819679666673e+01 8.32809439196458950e-07
1.32589520026666663e+00 2.11789440479000000e+01 8.42835610501995987e-07
5.04171884626333355e+00 2.11795176641666671e+01 7.86134328443429996e-07
6.64028506419000042e+00 2.11798679566666657e+01 7.64256963585917979e-07
1.17126926053333325e+00 2.11863258375000001e+01 8.45921491450541962e-07
1.02874946572133319e+00 2.11898176316999987e+01 8.47287961143714043e-07
9.56823737785000072e-01 2.11903303479666683e+01 8.47349600586978962e-07
1.92185432126333322e+00 2.11909022698333338e+01 8.39752802813798960e-07
1.42690694300999987e+00 2.11923057352666682e+01 8.45102642403111045e-07
1.06948958673333316e+00 2.11945328444666643e+01 8.48091829198512954e-07
9.19909528551666633e-01 2.11953499248666652e+01 8.48740011108186015e-07
1.27127224503666647e+00 2.12020185002999995e+01 8.48888184122744024e-07
6.37789784456999964e-01 2.12020573677999984e+01 8.52387622774727013e-07
8.09494774289333363e-01 2.12021408284000010e+01 8.51215490016829982e-07
7.49745836889333384e-01 2.12033217027666687e+01 8.51764795941005987e-07
6.65567955652666687e-01 2.12034790575333325e+01 8.52269282590388989e-07
8.44032846720333296e-01 2.12034910944333355e+01 8.51124062743727041e-07
7.21190013548000053e-01 2.12038267741666679e+01 8.52190719910608035e-07
2.32523584082666668e+00 2.12063125815999989e+01 8.36468072322010976e-07
3.49469656844999976e+00 2.12080064606999983e+01 8.00487242007172031e-07
1.53139767866000009e+00 2.12101373340333339e+01 8.48579439341802010e-07
2.92058513298666655e+00 2.12120162075666663e+01 8.22716512867130019e-07
2.07154980315999993e+00 2.12121008553666677e+01 8.42808615358543984e-07
1.37135446403333350e+00 2.12153405947333304e+01 8.51233411995707947e-07
1.38003821535999993e+01 2.12192544514333328e+01 7.81635896539760038e-07
6.24030157330333402e-01 2.12259834747000014e+01 8.58400508938078984e-07
9.74860832862333382e-01 2.12269087017999993e+01 8.56566038908766959e-07
1.00856669968299983e+00 2.12278356324333295e+01 8.57052578938341983e-07
6.80130449300333395e-01 2.12292230416333325e+01 8.58980280143308012e-07
7.08354744382333368e-01 2.12299659602999995e+01 8.58754992200085951e-07
7.65605084124000079e-01 2.12300917372333338e+01 8.58599465467152955e-07
9.53432993858666578e+00 2.12302106106000004e+01 7.65351930963266958e-07
7.94892193780333378e-01 2.12303412612333346e+01 8.58320826444789975e-07
1.47261651958666673e+00 2.12307848950333344e+01 8.54171265980767023e-07
9.13372647049000008e-01 2.12315839689999990e+01 8.58254055736527961e-07
1.64409896249999998e+00 2.12324463435000013e+01 8.53475475281542992e-07
8.56970471734666561e-01 2.12326327005000017e+01 8.58690709098362018e-07
1.07566368789333322e+00 2.12382269978666649e+01 8.60625122901463957e-07
2.23161189119999959e+00 2.12390844049666647e+01 8.46902989690608974e-07
3.96566143132333337e+00 2.12398739946333315e+01 7.99833899754920012e-07
2.50195103593666657e+00 2.12411851823999989e+01 8.41564070792990995e-07
1.16053344882999987e+00 2.12428982069333330e+01 8.60732678153279961e-07
6.99409847532666618e+00 2.12431211881333333e+01 8.09985136111791038e-07
8.86993414081000076e-01 2.12452127090333356e+01 8.61707129023921977e-07
5.62083193152666638e+00 2.12457111186999974e+01 7.96839897778272008e-07
6.38279084746333325e-01 2.12521621267333352e+01 8.65319315263878052e-07
9.48639061075999934e-01 2.12525506535666686e+01 8.63559936981306957e-07
1.77038565999666653e+00 2.12535851911999991e+01 8.57788817892183036e-07
6.66601205520666706e-01 2.12539800039333322e+01 8.65225392651291984e-07
1.57924743497999986e+00 2.12544599229666673e+01 8.59194177178437037e-07
7.23387444486333298e-01 2.12560567264333322e+01 8.65533056951721948e-07
7.52081960886666678e-01 2.12566875747666657e+01 8.65295403278891050e-07
8.10120256102666692e-01 2.12577399622333338e+01 8.65398827037390033e-07
8.37660461626000052e-01 2.12586811354666700e+01 8.65433310105702966e-07
1.03327577167500007e+00 2.12594980465666659e+01 8.65549281133467038e-07
3.25257691807666660e+00 2.12601545195000021e+01 8.29438716508125955e-07
1.14281455207333327e+01 2.12611237195333338e+01 7.86429064388059014e-07
1.11090520078333355e+00 2.12636468321333361e+01 8.66308128864163042e-07
1.26250762348333323e+00 2.12656104346666659e+01 8.65505036069018963e-07
1.26165806156333336e+01 2.12705971737333321e+01 7.90725216538723011e-07
2.40197810069666629e+00 2.12724199451666642e+01 8.52065605434119021e-07
8.62602700030000058e+00 2.12733495032999969e+01 7.90344341860010014e-07
1.90915053916333366e+00 2.12745900842666664e+01 8.61537499370447005e-07
1.36367442343000000e+00 2.12748153040333321e+01 8.66769684324721982e-07
6.24248927416000021e-01 2.12761786520333338e+01 8.71415309271576955e-07
8.83661353970000008e-01 2.12799062267666663e+01 8.70825440491214998e-07
6.81207119982666698e-01 2.12802504132999992e+01 8.72174907634270996e-07
1.69795603720999999e+00 2.12804884109333337e+01 8.64877799544164997e-07
6.28805769712333262e+00 2.12805514558333329e+01 8.14850906281591046e-07
7.09769063866333316e-01 2.12815842171333323e+01 8.72031100657509988e-07
7.67292856309999993e-01 2.12833888426000009e+01 8.72270734848797982e-07
7.96044041869666708e-01 2.12841917060666681e+01 8.72078713183113966e-07
1.46147246750333348e+00 2.12845771373000012e+01 8.67865611770382993e-07
1.20660608701666661e+00 2.12851222731333358e+01 8.71101413647980048e-07
8.53658906414333285e-01 2.12853322868666659e+01 8.72228955488540007e-07
4.44619121796666672e+00 2.12870488986333335e+01 8.06352945973548971e-07
2.69024372077666607e+00 2.12907487047000004e+01 8.50010819129873000e-07
3.69974323659999982e+00 2.12946796399333316e+01 8.31059999765023986e-07
9.45205856064999961e-01 2.12961773047666689e+01 8.75265799433305034e-07
2.05545078710333318e+00 2.12989916560666650e+01 8.65642999000700960e-07
1.30945053811000012e+00 2.13020106915666680e+01 8.74023627585676976e-07
6.38613917811000076e-01 2.13025627202666676e+01 8.78508826129031996e-07
1.02318042356166683e+00 2.13039649526333328e+01 8.77609584493073027e-07
1.83100692739666671e+00 2.13044249540999999e+01 8.70095294355226048e-07
6.67249989603333371e-01 2.13048166043333360e+01 8.78450561920881043e-07
1.40808285032333358e+00 2.13055726868333331e+01 8.74182992541762019e-07
7.24593310242000022e-01 2.13080523037999967e+01 8.79013787808530966e-07
7.53422586285333318e-01 2.13092260809333318e+01 8.78852704913922001e-07
9.06607381926999967e-01 2.13099041379333336e+01 8.77663130483444965e-07
8.11359537702000089e-01 2.13107377725333329e+01 8.79027171346831046e-07
8.41434196723333305e-01 2.13109371800999980e+01 8.78685942586239006e-07
1.55942399489666683e+00 2.13164093602333331e+01 8.75382987591915018e-07
1.10354964975666658e+00 2.13177508443000008e+01 8.81081608116114038e-07
2.89725627371666627e+00 2.13231532506666674e+01 8.50578085229618005e-07
2.58346301564666669e+00 2.13232641877000013e+01 8.60638891414147028e-07
9.78187946023333255e-01 2.13251097076333309e+01 8.81822107945738978e-07
1.50043018649333337e+00 2.13258790135666665e+01 8.78355318950387955e-07
6.24364990395000041e-01 2.13263840682333345e+01 8.84621737899785038e-07
1.97308135679333319e+00 2.13279361827000002e+01 8.74613524394585950e-07
2.21430028960666681e+00 2.13297710519333350e+01 8.70495318789373008e-07
6.81762475914333366e-01 2.13312267668666671e+01 8.85547374790814989e-07
7.10543852669333287e-01 2.13331286624999983e+01 8.85466892920494953e-07
7.68431968768666707e-01 2.13359263400666634e+01 8.85906831006720004e-07
4.17165696134333341e+00 2.13364661300666647e+01 8.33256970159534002e-07
7.97617734625666652e-01 2.13366351682000008e+01 8.85699149232909000e-07
1.05821278875333324e+00 2.13367979161000001e+01 8.85379196058244050e-07
8.56495202104666675e-01 2.13368075252666642e+01 8.85421358854904953e-07
4.95220725330333256e+00 2.13376266334666695e+01 8.16101254766430038e-07
1.19398538573999979e+00 2.13383106732666654e+01 8.84920275203750974e-07
8.91665939752666614e-01 2.13412005431999994e+01 8.85796246571545002e-07
1.00997410117233333e+01 2.13466812023666677e+01 8.14284058462606051e-07
1.14055719652666654e+00 2.13501906192333344e+01 8.89369928386780952e-07
6.38731168112666725e-01 2.13527661662000021e+01 8.91837328574629023e-07
6.67492581839666754e-01 2.13553549807666663e+01 8.91815399889365047e-07
2.12456420763333353e+00 2.13564594156333349e+01 8.80439735782897948e-07
1.67609361303999993e+00 2.13591332239000025e+01 8.85915376251783021e-07
7.25138393188666686e-01 2.13597616128333350e+01 8.92624308580058027e-07
2.77750732647666654e+00 2.13602905449999980e+01 8.66285157484236049e-07
7.54197233244666698e-01 2.13613855132666650e+01 8.92541696068015033e-07
7.79148504127333297e+00 2.13624780709999982e+01 8.18922672767860971e-07
8.41920871236666701e-01 2.13631314166333368e+01 8.92264145044072049e-07
8.13118062779000006e-01 2.13631584671333314e+01 8.92686823066021028e-07
1.30945230573000004e+00 2.13636070447000002e+01 8.91232875491570033e-07
1.41227817103999986e+00 2.13649224094333334e+01 8.89906168537454980e-07
2.38095549112999993e+00 2.13664108148000018e+01 8.76904085561777045e-07
1.60241309824666689e+00 2.13730405937333359e+01 8.89518325701241953e-07
9.69370610562666601e-01 2.13763546354000020e+01 8.96086234903259970e-07
6.24366177717666671e-01 2.13763820979666654e+01 8.97993027448190045e-07
8.95868119638666638e-01 2.13770455416666714e+01 8.96406756356451002e-07
1.47099229988333335e+00 2.13786541312999994e+01 8.93016941103938996e-07
1.22414738234666665e+00 2.13798739689333352e+01 8.97086326435823023e-07
6.81848371588666624e-01 2.13816974087666658e+01 8.99028913872083045e-07
9.12827592527000142e+00 2.13828834379999968e+01 8.35423533566919049e-07
7.10712806182666745e-01 2.13842021452000033e+01 8.99009507872417955e-07
1.81536601278666665e+00 2.13857045205666658e+01 8.91894996017986049e-07
1.04836831524666674e+00 2.13860753707666653e+01 8.98848048825290980e-07
7.68691165070333304e-01 2.13879111110666678e+01 8.99642012345408992e-07
4.65030445950000004e+00 2.13887095375333338e+01 8.41562434440835030e-07
7.98426228747666666e-01 2.13889752367999968e+01 8.99609281816195051e-07
8.61330924972666723e-01 2.13902753585333301e+01 8.99511737208568986e-07
2.28690162966666666e+00 2.13909900981999961e+01 8.86806794850955982e-07
1.27043124684666675e+00 2.13933835773666665e+01 8.99055780116078027e-07
1.36787151176666666e+00 2.13957613797666681e+01 8.98674411358376040e-07
9.26566202932333383e-01 2.13973383738666634e+01 9.01545732181568023e-07
1.12881657588999995e+00 2.14006273411000016e+01 9.02838398753295956e-07
3.18379467639999980e+00 2.14011689530333342e+01 8.59088361613929039e-07
6.38689001602666728e-01 2.14027930318999999e+01 9.05292313844293009e-07
5.49236291074666649e+00 2.14035760091666667e+01 8.34936498938832988e-07
1.00451861459433345e+00 2.14044873350666656e+01 9.03136040757266997e-07
6.67409781746666653e-01 2.14055195281333290e+01 9.05291413755597983e-07
7.24984666782000020e-01 2.14107262700333365e+01 9.06289165553329977e-07
1.95685827753333341e+00 2.14112303365333325e+01 8.97328690921984949e-07
7.53904185613666677e-01 2.14128113354666674e+01 9.06320010386665950e-07
1.73288232121666663e+00 2.14135095706333338e+01 9.00069187182912002e-07
8.12187996847999916e-01 2.14156987269666672e+01 9.06730598397296958e-07
8.46289884615333388e-01 2.14170258991999987e+01 9.07115763648022949e-07
1.08196455561333327e+00 2.14174650208333333e+01 9.06517100705189031e-07
2.55162194578666668e+00 2.14182468443666671e+01 8.86791531968812049e-07
2.99443954855666661e+00 2.14231915321666655e+01 8.76916737235832993e-07
1.49718247264666648e+00 2.14257180691000002e+01 9.05335362049175970e-07
6.24322823885000044e-01 2.14264109339333295e+01 9.11508518303950955e-07
1.20291320650333322e+00 2.14281487235666646e+01 9.09999867367359053e-07
1.56960946260666656e+00 2.14295741848666665e+01 9.05233833743175956e-07
2.44908735651000020e+00 2.14301587087000023e+01 8.94054871982407053e-07
7.03402060550333363e+00 2.14311231187333355e+01 8.38352795971624043e-07
6.81626435478000059e-01 2.14319075798999990e+01 9.12601292225726956e-07
7.10336885919333305e-01 2.14346095853666689e+01 9.12626558260712977e-07
3.65056541200333307e+00 2.14353703505666680e+01 8.55383290306776960e-07
5.14871802198666639e+00 2.14362014955333358e+01 8.52158375291899052e-07
1.16101058926000000e+00 2.14370221497666655e+01 9.11635365781321029e-07
1.87728654529333316e+00 2.14391638045666646e+01 9.05651149056746971e-07
7.67842160739333313e-01 2.14394354512666645e+01 9.13581423529308962e-07
2.10699905893000006e+00 2.14406815554000012e+01 9.02776063975426043e-07
7.96390908296333300e-01 2.14412587170333317e+01 9.13753653622709032e-07
9.21174757834999913e-01 2.14419622556000000e+01 9.13682683194905992e-07
8.57538941558666612e-01 2.14453639480999989e+01 9.14759866785284044e-07
9.95669286013999955e-01 2.14517487406333345e+01 9.16229754369072002e-07
1.27443305477333335e+00 2.14518457184999995e+01 9.15824832429596009e-07
6.38573024753666729e-01 2.14528079313000006e+01 9.18881258261840956e-07
6.67155856202666708e-01 2.14555780810333339e+01 9.18892441859122971e-07
1.36819547465666669e+00 2.14582791815333316e+01 9.16165485593697950e-07
8.22600306122333258e+00 2.14588430714999987e+01 8.63819657978522042e-07
8.88068345233000045e-01 2.14591061012666700e+01 9.18233903755298016e-07
7.24359846424333376e-01 2.14609857715999972e+01 9.19964009137668977e-07
7.52945602412666504e-01 2.14637265720666655e+01 9.20058128486294989e-07
1.07119738505333317e+00 2.14653154983999990e+01 9.19569069788587018e-07
2.02166255914000015e+00 2.14665079496666635e+01 9.11895272383760037e-07
8.09513781203666571e-01 2.14680214983333322e+01 9.21111100213757963e-07
9.55129836884999972e-01 2.14682399226999969e+01 9.20537006886869014e-07
1.23201115486666679e+00 2.14694479545999997e+01 9.19771673435803974e-07
4.11885759923333339e+00 2.14703433576666676e+01 8.57348278774135953e-07
8.36559926698666634e-01 2.14707995571666679e+01 9.21590873530242016e-07
6.24250200868666671e-01 2.14763969973666669e+01 9.25153288957860020e-07
2.26674437115000016e+00 2.14766037848333333e+01 9.09898215539572003e-07
2.77981220016333319e+00 2.14782226054333307e+01 8.99730931722953962e-07
1.47278066854666645e+00 2.14811181162999993e+01 9.20948269449881981e-07
1.02875181610633337e+00 2.14811872538999999e+01 9.23584973740904963e-07
6.81248437241666616e-01 2.14819238731333364e+01 9.26263421539863019e-07
1.14449998694666655e+00 2.14827045299333292e+01 9.23778000389358045e-07
1.31377807654666667e+00 2.14845869875999966e+01 9.23151925390384991e-07
7.09741977022000037e-01 2.14846295582333333e+01 9.26297849482654046e-07
6.27370739707999991e+00 2.14852031487333335e+01 8.47539821057559982e-07
3.37673650217666621e+00 2.14897116048666668e+01 8.94238468666724985e-07
7.66707865829333368e-01 2.14900611228333283e+01 9.27426231958828035e-07
1.58514071925000000e+00 2.14906473397333322e+01 9.22811298685523021e-07
7.94727297063333338e-01 2.14925327833333313e+01 9.27642793134499972e-07
1.71545367964333351e+00 2.14931436082000005e+01 9.21817484390076047e-07
1.10153880301666662e+00 2.14941601988333382e+01 9.26623008514796001e-07
1.41578755080333352e+00 2.14971131989333344e+01 9.26071999224723008e-07
8.81201017085333382e-01 2.14977514387999982e+01 9.29410623917655000e-07
2.17657788238666683e+00 2.14996068783333349e+01 9.19379504632188035e-07
8.49852763410666623e-01 2.15013140900999993e+01 9.29787549229301049e-07
6.38429850506666674e-01 2.15028275816000018e+01 9.32599701786918966e-07
6.66845255430666639e-01 2.15055843076333311e+01 9.32606387002265027e-07
2.59293949955666703e+00 2.15103503713333346e+01 9.13979828905951018e-07
7.23622935195333383e-01 2.15107868779333309e+01 9.33618933446996980e-07
9.46627055149666607e-01 2.15123915305666635e+01 9.32939549027431049e-07
1.96084279123333332e+01 2.15125496578333326e+01 8.29495231093602032e-07
7.52003068014333365e-01 2.15134776420666647e+01 9.33676620488408993e-07
7.43029937964999920e+00 2.15142986799666680e+01 8.82996683909840960e-07
3.86368424461666704e+00 2.15144419328666636e+01 8.89619945317085997e-07
8.07358400867333348e-01 2.15159349331333374e+01 9.34257419393935976e-07
2.42839737774333342e+00 2.15189839619333334e+01 9.18216403378268027e-07
2.92111394578333305e+00 2.15204300730999982e+01 9.09248807686252997e-07
1.85906700377999989e+00 2.15204461897999977e+01 9.28210955986710052e-07
1.21454831254666673e+00 2.15210803357666656e+01 9.34225941569313040e-07
8.35437721719666571e-01 2.15219381810666626e+01 9.35131895888410006e-07
1.64278964068000000e+00 2.15235830101999994e+01 9.31301397195786974e-07
1.52307432346333349e+00 2.15241434248333299e+01 9.33254953048736042e-07
9.05804647951999997e-01 2.15247592010000055e+01 9.36520885949279994e-07
1.16893976187000015e+00 2.15254634849000013e+01 9.34525214449597989e-07
6.24179649637999989e-01 2.15264305842333350e+01 9.38928037277377009e-07
1.02010227721633329e+00 2.15272424855000004e+01 9.36401053652221989e-07
6.80864418859333242e-01 2.15320215037333327e+01 9.40049475087275951e-07
7.09148558843666676e-01 2.15345183889333320e+01 9.40055694512372042e-07
1.52314725941999995e+01 2.15381362073666658e+01 8.26361351311562991e-07
7.92965145895666690e-01 2.15389278706666687e+01 9.40781818918264039e-07
7.65629244276666676e-01 2.15389422400999990e+01 9.40789283350521969e-07
1.09386345194000012e+00 2.15405483398000008e+01 9.39470854735913033e-07
2.34010825384666665e+00 2.15408497546666666e+01 9.28184389122717051e-07
9.78516965388666726e-01 2.15419555800999980e+01 9.40643423246195010e-07
1.30441508779000004e+00 2.15439095885666632e+01 9.40177206734699989e-07
2.69138151172666662e+00 2.15451533702333329e+01 9.21147796715361052e-07
1.77971782969999981e+00 2.15466209433666656e+01 9.36174315491639979e-07
2.00450330954666667e+00 2.15489939163666691e+01 9.34673023477412014e-07
5.60693768844000129e+00 2.15504307311000041e+01 8.75240877529185051e-07
1.67150961071333342e+01 2.15505555631333330e+01 8.28323613252148022e-07
8.36129029598333351e-01 2.15507361839999980e+01 9.44970222309901015e-07
4.53348565108999946e+00 2.15519507558333316e+01 8.80221844192040999e-07
6.38321334250000039e-01 2.15529852008333336e+01 9.46487536463240051e-07
6.66590698547333438e-01 2.15558193942999985e+01 9.46476920108808992e-07
1.05487249508666658e+00 2.15577588709666657e+01 9.44178131517649017e-07
8.07624087914333266e-01 2.15605193930666701e+01 9.46514010462271048e-07
7.22921367511999979e-01 2.15606005923333335e+01 9.47355752974084955e-07
1.40299519806999995e+00 2.15617131288999992e+01 9.44302814919390044e-07
7.51021920125999998e-01 2.15623336793666631e+01 9.47334946331757972e-07
1.13604238597666662e+00 2.15626015969666689e+01 9.45603239078332966e-07
1.24760722369666666e+00 2.15628007006333320e+01 9.45059572118908023e-07
8.93225379036000078e-01 2.15687466781666650e+01 9.48953040299257005e-07
6.66585689432333339e+00 2.15725215801666650e+01 9.00865598571670966e-07
2.50958728643999995e+00 2.15738602937333326e+01 9.34349907424578950e-07
1.38212945946666679e+01 2.15743440571000029e+01 8.40362858859958968e-07
1.92147948642666666e+00 2.15749986884666640e+01 9.42968341405041993e-07
6.24141684611999925e-01 2.15765546166000028e+01 9.52851865263239948e-07
8.55861494998666594e-01 2.15771555861666684e+01 9.51118371677130026e-07
1.81876478506333328e+01 2.15797482842333324e+01 8.40946921053958987e-07
1.51285710430333320e+00 2.15813991533666645e+01 9.48502684840254035e-07
1.34604013316666649e+00 2.15822017124666665e+01 9.50033925558452993e-07
6.80633259231666621e-01 2.15825729225333305e+01 9.54072046988039928e-07
2.15497255678333310e+00 2.15826217768666631e+01 9.42520090835467990e-07
4.27657304744666700e+00 2.15841673445333306e+01 8.91866644952744043e-07
7.08679788212000061e-01 2.15848572353666661e+01 9.54038588885681894e-07
7.93632237141999930e-01 2.15862413427666660e+01 9.54298501609771902e-07
9.69512840264333264e-01 2.15865327322333336e+01 9.53275612174149962e-07
7.64365970972666786e-01 2.15880412596333322e+01 9.54413689435782909e-07
5.05913085106999993e+00 2.15890401537000010e+01 8.85061046514138988e-07
1.63194596372666667e+00 2.15994052104999987e+01 9.52789185840950991e-07
9.25043661109333448e-01 2.16009561598666657e+01 9.57632899870722090e-07
1.44977109665333348e+00 2.16029737748000024e+01 9.55300859245395004e-07
6.38331819955666679e-01 2.16032606234333322e+01 9.60569569895894046e-07
1.04778057661666679e+00 2.16034231524999996e+01 9.56955187843086910e-07
5.93037081584999992e+00 2.16059036998333340e+01 9.09312716051187988e-07
2.06823448373333330e+00 2.16061824206333313e+01 9.50511563091345050e-07
6.66554030277999976e-01 2.16064447358999985e+01 9.60531369719570928e-07
8.06874451223333344e-01 2.16086694946333324e+01 9.60075946761407991e-07
8.40598767396000035e-01 2.16093669470999998e+01 9.60647098344327070e-07
7.22406573129000029e-01 2.16109078588000010e+01 9.61375956454171911e-07
1.13613462263666665e+00 2.16114134642666649e+01 9.59133811331154936e-07
7.49992203275666625e-01 2.16123587960333339e+01 9.61349319089030025e-07
1.00400623362200014e+00 2.16174839191666699e+01 9.61769832323210926e-07
1.23212593549666671e+00 2.16201666039000031e+01 9.61578772402642092e-07
1.13301462554333341e+01 2.16221766808333342e+01 8.52140161548876987e-07
1.75907801696999999e+00 2.16228372010666696e+01 9.57788208700504043e-07
1.56407982313666660e+00 2.16237252685666697e+01 9.60063634130660056e-07
2.31493971850333313e+00 2.16244973916333372e+01 9.51665047911499967e-07
6.24190135343666630e-01 2.16267060068333308e+01 9.66947211001250916e-07
1.25371522580333323e+01 2.16307895242666639e+01 8.51946253670975047e-07
3.34728244506999983e+00 2.16321547738999982e+01 9.21051090460183037e-07
6.80760811681333400e-01 2.16331925891999965e+01 9.68292605410044067e-07
1.08686377013000013e+00 2.16350244886333343e+01 9.65899769300245065e-07
7.08566825552000013e-01 2.16353713992666634e+01 9.68224962199670042e-07
7.92120045258000061e-01 2.16381506651999977e+01 9.68938319565859020e-07
7.64504063479666596e-01 2.16400400497333294e+01 9.69323410933775032e-07
1.17878669410000003e+00 2.16418286419666686e+01 9.67023336504234019e-07
8.46778923342333290e-01 2.16418817255000029e+01 9.70512649439961089e-07
1.33258046866666668e+00 2.16424586576000024e+01 9.67300133367047956e-07
3.84135505892333384e+00 2.16427724399333350e+01 9.11122597031699010e-07
2.21997051020333336e+00 2.16432663203333355e+01 9.60223475648492935e-07
9.16088602849666755e-01 2.16445637059666645e+01 9.70219232318196961e-07
2.94466574301333317e+00 2.16446071753333342e+01 9.43045518087653045e-07
1.68397018995999992e+00 2.16451820662000038e+01 9.64961682882074905e-07
1.01961221315999992e+01 2.16458027021333343e+01 8.71547326456356980e-07
6.38399443905666719e-01 2.16532051166333304e+01 9.74741881992742042e-07
4.74580127397666640e+00 2.16537065099333326e+01 9.21806451214112999e-07
6.66747909920999970e-01 2.16565075865333334e+01 9.74690287841590956e-07
7.21054706320000016e-01 2.16590154434999995e+01 9.75009321023507089e-07
8.13946840497000057e-01 2.16597360731333310e+01 9.75545724852552079e-07
1.89925289858333346e+00 2.16597810820666687e+01 9.66822827065574017e-07
8.77030097888999993e-01 2.16604572771333324e+01 9.75439339528372895e-07
1.27547413508999985e+00 2.16615324369666666e+01 9.72612965674614025e-07
9.94923450639000007e-01 2.16616803281666677e+01 9.74416917748183990e-07
7.49406314100999893e-01 2.16622331567333326e+01 9.75743709685210991e-07
1.43645733159333333e+00 2.16642958766333322e+01 9.72697812759745063e-07
5.31699997824333348e+00 2.16674289080666682e+01 9.28610015813258994e-07
2.70632897014999996e+00 2.16728530435333333e+01 9.58606055947098947e-07
9.51474999021666767e-01 2.16743366873333336e+01 9.78880094922055990e-07
2.49701011929333339e+00 2.16759298349666665e+01 9.63474174563893005e-07
6.24209308561999965e-01 2.16764991097999946e+01 9.81225104919641068e-07
1.07786011458666664e+00 2.16801537247666687e+01 9.78518534484304990e-07
1.81620060320666687e+00 2.16814448410999994e+01 9.73632627566707993e-07
1.37622176851000000e+00 2.16832921758666650e+01 9.78421604676010051e-07
2.05145281933333345e+00 2.16835489764000044e+01 9.72228394855520074e-07
6.82015218630666720e-01 2.16837706889999993e+01 9.82829102646785933e-07
7.08516001159000042e-01 2.16840997359000021e+01 9.82303678964069080e-07
1.54698021677999997e+00 2.16885110576666698e+01 9.78673011225051021e-07
7.55085128762999935e-01 2.16900337988333298e+01 9.84475381448304904e-07
8.09757937088333324e-01 2.16912963159333323e+01 9.84663721164590018e-07
1.02969413809033328e+00 2.16927487976333317e+01 9.83478353155834922e-07
4.10151038956666714e+00 2.16930572826666683e+01 9.47163096981476002e-07
9.18636211301000039e+00 2.16967354200666698e+01 8.92666418931731043e-07
1.16680311903000011e+00 2.16977341127333325e+01 9.83524649867945064e-07
8.72379478487666726e-01 2.17006166535666694e+01 9.87186693805279049e-07
6.37481107142000014e-01 2.17021625923333339e+01 9.88772606166246001e-07
7.27842499019999978e-01 2.17041493916666646e+01 9.88671831238989019e-07
2.39065167525333333e+00 2.17047011401333343e+01 9.75339556231220011e-07
3.12522947713999999e+00 2.17047839499666679e+01 9.63371327792177002e-07
7.79798265256666734e-01 2.17050946506333382e+01 9.88702449541186975e-07
6.66938551195333407e-01 2.17061317016333355e+01 9.89233240969159929e-07
3.59878216920333349e+00 2.17061440266666636e+01 9.59110702223236085e-07
1.48244373288666664e+00 2.17075070443000016e+01 9.84590559602056004e-07
1.96549505730333340e+00 2.17111428657333363e+01 9.82158118790162100e-07
1.11514739202333346e+00 2.17124481711666704e+01 9.88402390236760026e-07
8.37939400532333400e-01 2.17136013447333340e+01 9.91120559836113064e-07
9.40301668566333348e-01 2.17149584963333346e+01 9.90865808673349019e-07
1.66281678023000001e+00 2.17154621034000002e+01 9.85550859973849105e-07
1.26039664096666670e+00 2.17177181022999974e+01 9.89128106493468983e-07
8.27793534811666731e+00 2.17251929137666657e+01 9.11797126689855028e-07
9.00264652993000070e-01 2.17253448913999989e+01 9.94382857753223971e-07
6.23271798579999925e-01 2.17256634825333350e+01 9.95453916422582991e-07
2.81831145581666709e+00 2.17300993809666672e+01 9.71966654996925935e-07
7.25013974706333220e-01 2.17306365253666627e+01 9.96317140064967022e-07
6.76703944796333445e-01 2.17313357820000022e+01 9.96825259016692022e-07
1.20506486630333320e+00 2.17322577399999979e+01 9.93874784222541954e-07
1.59369294763999991e+00 2.17344710367999987e+01 9.91314157082641980e-07
2.18429678505666658e+00 2.17360957819666680e+01 9.88718213057324071e-07
7.77271966303333284e-01 2.17382583814666646e+01 9.98578458366403004e-07
1.01904185612700005e+00 2.17393105273333340e+01 9.97119946466129947e-07
2.59530979083333335e+00 2.17401195858666654e+01 9.81029562762163942e-07
7.01313712992999938e-01 2.17423209231999977e+01 9.99804278056666080e-07
1.36130423802666667e+00 2.17454530404333362e+01 9.96643831407059030e-07
8.31737239350000102e-01 2.17474655663000043e+01 1.00120768853952990e-06
1.78613030607999979e+00 2.17479884671333359e+01 9.93758578593795086e-07
9.73097838220333244e-01 2.17488638668666674e+01 1.00112061118776005e-06
7.49730305495999949e-01 2.17496846633666685e+01 1.00184400533031993e-06
1.10221466911333343e+00 2.17518223752666700e+01 9.99782251420091955e-07
6.35918977476666591e-01 2.17523992413000009e+01 1.00301838759277003e-06
2.10251716723666648e+00 2.17528177942666723e+01 9.91310420858920038e-07
6.59893679639666608e-01 2.17541024314666664e+01 1.00324164298608998e-06
7.44509449611666696e+00 2.17571123528333317e+01 9.25202234221126954e-07
8.01029476952666575e-01 2.17583242683333360e+01 1.00431066624161001e-06
1.70785431011333344e+00 2.17596608642999989e+01 9.98065195477983951e-07
1.30258544405999999e+00 2.17608051875000008e+01 1.00166376731466008e-06
8.89817117325666707e-01 2.17613446874666643e+01 1.00539125369682994e-06
1.44671939102666673e+01 2.17631126039666647e+01 9.31675874293156995e-07
1.46842563112666658e+00 2.17642486603999998e+01 1.00089495642517998e-06
1.05427510971333338e+00 2.17660896585666670e+01 1.00575243216358006e-06
8.55729781637999953e-01 2.17704806712000014e+01 1.00791187656790997e-06
6.98695454444333230e-01 2.17706361973666667e+01 1.00818613354455995e-06
1.59228949039666645e+01 2.17750236034000011e+01 9.36775141754700960e-07
1.74515899597666646e+01 2.17755319597333319e+01 9.52933286426088018e-07
6.22647178896666653e-01 2.17767357587666659e+01 1.00955544400496000e-06
6.73461066564333355e-01 2.17773899990666671e+01 1.00972995568499001e-06
7.44830167847000069e-01 2.17793286800333341e+01 1.01067705125497004e-06
1.40752169934999993e+00 2.17831983572999981e+01 1.00796569213330010e-06
6.66982679440333204e+00 2.17840555552666650e+01 9.35713028489789951e-07
1.18725849064666655e+00 2.17844323455999991e+01 1.00942213518782994e-06
9.55956900157333478e-01 2.17883784899666644e+01 1.01284825824935994e-06
7.17495578508666632e-01 2.17885958162000009e+01 1.01315517586260990e-06
1.13606402046333321e+00 2.17892829224333333e+01 1.01210916720402009e-06
7.94813096655666684e-01 2.17897024356666691e+01 1.01376033675995991e-06
1.95954630921333339e+00 2.17902246057666673e+01 1.00416599099272000e-06
9.12713194835999886e-01 2.17904729155000005e+01 1.01396682050972989e-06
2.35217810606333311e+00 2.17913843988666649e+01 1.00104735843185009e-06
7.66155448357333291e-01 2.17992805654666704e+01 1.01636981859291006e-06
6.63384100071333305e-01 2.18008969717666652e+01 1.01660986527193001e-06
6.36544914566666620e-01 2.18019459216333331e+01 1.01719561032081006e-06
1.07458150589999999e+01 2.18026186097000014e+01 9.42125527228227952e-07
8.46858632988666593e-01 2.18030451550666662e+01 1.01776142030511995e-06
2.24079242416666657e+00 2.18040101120000003e+01 1.00676135500879997e-06
1.90222169226666651e+01 2.18042163245000005e+01 9.65017877539856895e-07
1.57050476205999989e+00 2.18046084541000020e+01 1.01260455523513990e-06
5.95126212801000065e+00 2.18077513645666663e+01 9.44796297229532962e-07
1.05599322917666671e+00 2.18101451407999996e+01 1.01955281053680001e-06
1.81287818894666675e+00 2.18110417696999974e+01 1.01342239658366990e-06
1.28446135764666658e+00 2.18111558934666725e+01 1.01674944881952000e-06
1.31290109136000002e+01 2.18112314531333311e+01 9.47622673362154038e-07
8.16649710403666518e-01 2.18114082175000021e+01 1.02011480245651994e-06
1.50977392943999988e+00 2.18153900910666643e+01 1.01572125369019991e-06
7.09473115025999967e-01 2.18190262820333345e+01 1.02204908894101009e-06
1.19073172700666685e+01 2.18195580711333328e+01 9.47288551964844952e-07
1.22446617889666665e+00 2.18202434138666668e+01 1.02086667772071998e-06
2.04784397591333311e+00 2.18203453674000052e+01 1.01601064599671009e-06
8.98483229592666688e-01 2.18218635268333294e+01 1.02317134461664001e-06
4.68340663640333332e+00 2.18229286882999993e+01 9.55876368336517998e-07
5.29978401925999965e+00 2.18243170882333324e+01 9.54469574086444040e-07
6.80596024468666627e-01 2.18245736358999984e+01 1.02347422871454993e-06
1.68962083984666656e+00 2.18249563269666673e+01 1.01792646165535001e-06
6.23897735669999953e-01 2.18252101628666679e+01 1.02387502782301003e-06
8.66716003432999926e-01 2.18252997826666650e+01 1.02423962035111000e-06
1.10864693345333332e+00 2.18261913560333340e+01 1.02411363223003993e-06
9.76039856406999973e-01 2.18276925151333323e+01 1.02516260928554999e-06
7.58960545165999978e-01 2.18288269068666665e+01 1.02533499552670007e-06
4.10725663607999980e+00 2.18300628723333325e+01 9.71808160683833958e-07
1.88567877449333321e+00 2.18333848379666655e+01 1.02069108699382004e-06
1.02144418923966662e+00 2.18385232466666679e+01 1.02849789035676006e-06
7.29612801172999981e-01 2.18393054872666674e+01 1.02775263147343990e-06
8.09087983760999996e-01 2.18408752399000008e+01 1.02902424228958010e-06
1.40821427856000003e+00 2.18424992732000014e+01 1.02597525878318999e-06
9.68879724620333427e+00 2.18431840924333329e+01 9.60712206494740073e-07
3.58758110319999979e+00 2.18486506933333366e+01 9.84987194530276103e-07
7.80056466821666628e-01 2.18487157994666639e+01 1.03140140548752008e-06
6.38050018449666578e-01 2.18498491232666687e+01 1.03115825663339001e-06
6.67909121743666567e-01 2.18502615461666672e+01 1.03096740631625996e-06
1.62139512438333333e+00 2.18508949833666684e+01 1.02673150083281992e-06
9.11405280992000022e-01 2.18526403688333346e+01 1.03279112388900996e-06
8.73604547493333250e+00 2.18535513276333297e+01 9.75452385757523997e-07
3.12523499501000046e+00 2.18564885064666719e+01 9.97176114402372968e-07
1.30933601600333316e+00 2.18580223860666649e+01 1.03231407544499000e-06
8.58207863926666703e-01 2.18588306652666660e+01 1.03448405317384003e-06
1.74882574209999997e+00 2.18588529351666665e+01 1.02922323280183000e-06
9.45718202485000048e-01 2.18605637826666630e+01 1.03532444161750999e-06
2.82083363906666662e+00 2.18639101585333329e+01 1.01288450914551994e-06
7.23713501714333240e-01 2.18654372619666653e+01 1.03574944696691997e-06
1.47431928920333344e+00 2.18655542120333344e+01 1.03301540420669009e-06
8.30788766839666626e-01 2.18660430600666693e+01 1.03661144669871003e-06
2.59349136051333318e+00 2.18672434138999989e+01 1.01870304154931993e-06
1.21578253732333330e+00 2.18701153590999979e+01 1.03593847990867009e-06
7.85821244463333368e+00 2.18716415861333360e+01 9.86548297246305077e-07
1.12003332633999997e+00 2.18719660672000025e+01 1.03793887427212991e-06
6.79702837716666619e-01 2.18725121228666666e+01 1.03767665273705000e-06
6.24152282779666723e-01 2.18746389604000022e+01 1.03858390553429997e-06
1.36228694291999997e+00 2.18746517200000028e+01 1.03674457373671005e-06
8.84535296606999921e-01 2.18764552581999965e+01 1.04012742072921992e-06
7.02426081705666672e-01 2.18770010795000012e+01 1.03973680759454998e-06
7.70135797984000003e-01 2.18788081295333363e+01 1.04070681652095999e-06
7.43140576869666614e-01 2.18850510116333332e+01 1.04192562381218010e-06
7.05278562205000004e+00 2.18854707666999992e+01 9.94007578301798998e-07
1.03077069747966665e+00 2.18860623718999996e+01 1.04263393758256994e-06
2.39015183983333346e+00 2.18897369217333342e+01 1.03149754455886003e-06
8.21068661158333213e-01 2.18924547111333361e+01 1.04468011498375994e-06
1.16951401376666664e+00 2.18934212121999963e+01 1.04452523883101998e-06
1.26669029279333323e+00 2.18951599865333328e+01 1.04472090859494002e-06
6.65309140492666651e-01 2.18968501370333293e+01 1.04545855950659993e-06
7.89447209242000070e-01 2.18973792210333329e+01 1.04646565019963992e-06
6.29856860932000018e+00 2.18985847885666658e+01 1.00111377165524999e-06
9.53614344289000049e-01 2.18986095986666669e+01 1.04680292554043010e-06
6.39617688849666632e-01 2.18993893974666669e+01 1.04607973658256004e-06
7.04671917714000062e-01 2.19016292837666668e+01 1.04703866712375010e-06
2.04942960383666639e+00 2.19019758779666667e+01 1.03962291397798993e-06
2.21729428888333358e+00 2.19023626348666660e+01 1.03763596755634008e-06
1.07670613030333340e+00 2.19034589771999997e+01 1.04830561201271991e-06
7.28266644520333295e-01 2.19075280501000016e+01 1.04958139295237010e-06
4.37853310071000035e+00 2.19077781760666674e+01 1.00867076535831009e-06
5.61061304161666641e+00 2.19091665760000005e+01 1.00508912077572997e-06
8.86025104870666547e-01 2.19098767471333353e+01 1.05033638040049006e-06
9.93262506451000005e-01 2.19132774563666679e+01 1.05164754898279996e-06
6.83261797015333294e-01 2.19139184704666690e+01 1.05106598106647994e-06
4.97952025451333302e+00 2.19151505122333354e+01 1.00450384696640006e-06
1.88974579870666659e+00 2.19174241216999981e+01 1.04487559106617002e-06
8.30855661040999949e-01 2.19202538190333343e+01 1.05425650739289994e-06
3.83590023943333369e+00 2.19222846962666686e+01 1.02301832525830997e-06
1.61096611745666674e+00 2.19232618699333308e+01 1.04894118613644000e-06
9.20791231059666537e-01 2.19241076737666702e+01 1.05489364103939991e-06
6.25465406070000007e-01 2.19247504370666633e+01 1.05388381562570009e-06
1.74613206141999999e+00 2.19253016033666661e+01 1.04850379904156000e-06
7.82583897686666696e-01 2.19263190990000005e+01 1.05578975800855993e-06
3.33608689693666705e+00 2.19263659970666680e+01 1.03107872512326995e-06
1.48361398633999997e+00 2.19271394616333346e+01 1.05193517068508992e-06
2.94719344413333317e+00 2.19301225093999967e+01 1.03180677406815992e-06
7.32180542782666754e-01 2.19311992592666662e+01 1.05669129816197003e-06
8.57345031364999954e-01 2.19315466012333324e+01 1.05704605426227993e-06
2.48881451123999975e+00 2.19334557647666664e+01 1.04106558087619010e-06
2.70703272307999976e+00 2.19337876491333361e+01 1.03572623571377992e-06
6.82205072711333238e-01 2.19371709263333337e+01 1.05823879881160009e-06
1.37058334890000011e+00 2.19382166706333344e+01 1.05640736508765996e-06
8.06955467002999804e-01 2.19403104026000015e+01 1.06003714406277009e-06
7.57083039807999847e-01 2.19413168783333354e+01 1.06036212847976993e-06
1.26755452355000009e+00 2.19441398470333304e+01 1.05895175753704002e-06
2.13122295667333317e+00 2.19460814778999982e+01 1.05180094439554011e-06
6.37167587401666680e-01 2.19461780432666664e+01 1.06040201016557009e-06
1.17062665421666678e+00 2.19478986424333335e+01 1.06081607480665991e-06
7.07529091672333244e-01 2.19485529487999997e+01 1.06253085365236000e-06
6.61802314740666642e-01 2.19502245720333349e+01 1.06274813214367003e-06
1.08021101814666665e+00 2.19513414723666678e+01 1.06255897059487995e-06
1.96519896134999983e+00 2.19558944000666649e+01 1.05639235457246993e-06
2.30354641478000000e+00 2.19562811569666678e+01 1.05304859016953999e-06
9.96928153515333371e-01 2.19563480690666673e+01 1.06458215085264008e-06
1.54530643285333347e+00 2.19594899882000014e+01 1.06060059804107994e-06
1.81425153248000015e+00 2.19615297216333367e+01 1.05965985765829004e-06
9.22405536646666691e-01 2.19617600517000007e+01 1.06627354558814000e-06
1.67649815223999998e+00 2.19637718817333329e+01 1.06107415900666007e-06
8.57845421804666608e-01 2.19664449385666671e+01 1.06794373217755992e-06
1.42580538167666671e+00 2.19676494734333296e+01 1.06454971201905004e-06
8.04288030974333323e-01 2.19691757223999993e+01 1.06916348837108998e-06
1.31849665274000016e+00 2.19705671972000012e+01 1.06682429701543002e-06
7.55525770167666644e-01 2.19712907057666662e+01 1.06975384405865002e-06
6.21702181331666659e-01 2.19714276061999989e+01 1.06905198929259998e-06
7.07247814009333342e-01 2.19735123216333328e+01 1.07018088313178005e-06
1.21775940853000009e+00 2.19735726498333328e+01 1.06858232979086003e-06
1.12465085463333314e+00 2.19743259926000007e+01 1.06953578127437999e-06
6.62227621714666648e-01 2.19754741349666638e+01 1.07093544395662008e-06
1.03794123238733338e+00 2.19770154797666670e+01 1.07108316913913007e-06
9.58894296940333457e-01 2.19793325893000002e+01 1.07215114153942995e-06
8.88139800897333243e-01 2.19824274624000005e+01 1.07307578778878004e-06
8.28688615452000010e-01 2.19840174761666667e+01 1.07334699159180991e-06
7.78359192017666679e-01 2.19851582462333361e+01 1.07380242201465991e-06
7.30341995479333317e-01 2.19861324595333336e+01 1.07433771137814000e-06
6.82349102022333454e-01 2.19873798620999992e+01 1.07480793677098003e-06
6.37592894375666575e-01 2.19880942728666646e+01 1.07432704903997996e-06
6.37789412151666624e-01 2.20122570973333325e+01 1.08128966801724996e-06
7.77138129928333310e-01 2.20138598092666662e+01 1.08148080237627000e-06
6.81663384755333390e-01 2.20138607510666695e+01 1.08142495170128009e-06
8.28018444897333339e-01 2.20140821613333344e+01 1.08124347274989993e-06
8.87890582437333209e-01 2.20157150797333365e+01 1.08126985801029998e-06
7.28618850230666637e-01 2.20164978156333326e+01 1.08210112851270994e-06
1.12648717011666655e+00 2.20243735648333363e+01 1.08219999173495996e-06
1.21818775342999985e+00 2.20245035932666688e+01 1.08129698548476998e-06
9.58054605692333361e-01 2.20249673975999976e+01 1.08333722923158994e-06
1.04027560731400004e+00 2.20253500253666665e+01 1.08325389743994999e-06
6.61738422223666745e-01 2.20261178484000020e+01 1.08352760006787004e-06
8.02396798330333283e-01 2.20279419706000006e+01 1.08437453052617992e-06
6.21898699107666708e-01 2.20289237639999982e+01 1.08453141491101991e-06
8.56926032790000014e-01 2.20297972410666709e+01 1.08483683946079004e-06
7.52581562829666706e-01 2.20303576249000024e+01 1.08463685446477992e-06
7.04838951493666599e-01 2.20303585667000021e+01 1.08449502798615008e-06
1.31949089142666676e+00 2.20318122503999980e+01 1.08199922604546992e-06
1.42995109028000011e+00 2.20336506186999976e+01 1.08137657389609010e-06
1.54646340871999999e+00 2.20357769322999992e+01 1.08047356701671006e-06
1.67443477908333338e+00 2.20361719561333338e+01 1.07934023939749006e-06
1.81322680236000000e+00 2.20383077052666643e+01 1.07855852031466006e-06
9.21316626938666672e-01 2.20406824773333305e+01 1.08642744785379992e-06
1.96204533015333316e+00 2.20424287399000001e+01 1.07798998332973010e-06
2.12463459354666684e+00 2.20475906228999996e+01 1.07755664532212009e-06
1.17289131459999996e+00 2.20488771580999980e+01 1.08710593855762009e-06
1.08438170855666649e+00 2.20497235901999993e+01 1.08773823657881994e-06
9.98422837194000046e-01 2.20503174229666676e+01 1.08821233094355008e-06
6.58406304759666661e-01 2.20506497615000008e+01 1.08901014706438990e-06
6.34457294687666651e-01 2.20534556771000005e+01 1.08955503833351993e-06
2.30275550319666644e+00 2.20538267594333348e+01 1.07676785247495008e-06
8.02441722524666723e-01 2.20542268466666656e+01 1.08963928387962000e-06
7.53709788472333386e-01 2.20552508250000017e+01 1.08973954473815004e-06
1.26897710713666645e+00 2.20563158436666669e+01 1.08752650070577999e-06
2.49523957885333347e+00 2.20577904429333351e+01 1.07387175845178010e-06
8.56428027477666665e-01 2.20584304440999972e+01 1.09047781110531993e-06
6.99025625427000086e-01 2.20594585938333374e+01 1.09104925642943995e-06
2.94712621538000041e+00 2.20642322988333319e+01 1.06399831365849995e-06
2.70599345943333347e+00 2.20646960505000003e+01 1.07055952912678009e-06
7.78311279765333430e-01 2.20650378854333304e+01 1.09250919809810996e-06
1.37572329619000011e+00 2.20654628690999992e+01 1.08814015136072006e-06
6.72517941224666682e-01 2.20674926913000000e+01 1.09216132209679997e-06
4.96032026585666674e+00 2.20687609042333328e+01 1.02756201321925011e-06
8.27565363779333318e-01 2.20690002404333292e+01 1.09325878722522000e-06
1.48891667080999990e+00 2.20694275510000004e+01 1.08763525604622996e-06
1.61005972016666665e+00 2.20719488884333366e+01 1.08750155569192003e-06
9.13710479654999852e-01 2.20731121300666651e+01 1.09302798802429994e-06
1.74304395814333302e+00 2.20744796614000016e+01 1.08715226018737002e-06
6.22558595580000040e-01 2.20745319131000031e+01 1.09376806329895000e-06
7.37488160636666557e-01 2.20750038551666705e+01 1.09462516779006002e-06
8.79786429841333373e-01 2.20767779355000009e+01 1.09459754269524004e-06
3.33479121208666696e+00 2.20770444651666651e+01 1.05615383916454006e-06
7.14641361757666682e-01 2.20792106821999994e+01 1.09486784884823990e-06
4.40560386192000042e+00 2.20793243246999999e+01 1.03743874278406996e-06
1.88556743738999977e+00 2.20807364451666643e+01 1.08702659155334008e-06
7.76414797891333386e-01 2.20885230772666681e+01 1.09717413437689010e-06
2.03968760951333339e+00 2.20900193627999961e+01 1.08737790932743009e-06
6.61899047999666590e-01 2.20942610201666660e+01 1.09798365653261995e-06
3.85525762115333359e+00 2.20951466567666692e+01 1.05133439871596990e-06
8.24860264891333350e-01 2.20955300235000003e+01 1.09846878511609000e-06
7.52311773218666602e-01 2.20958510406333346e+01 1.09894363801160994e-06
1.17565668324333328e+00 2.20958876848999957e+01 1.09661189211797999e-06
6.35888712427000069e-01 2.20984943263666658e+01 1.09841941096076008e-06
1.08822677957666669e+00 2.20991008337000032e+01 1.09779701133576000e-06
2.20991501417333325e+00 2.21014173823333344e+01 1.08777735894236991e-06
1.26702339298666655e+00 2.21017301007333344e+01 1.09642845088485008e-06
1.00035492621333333e+00 2.21037224652999988e+01 1.09914064357441003e-06
7.97840141762666710e-01 2.21042418215666707e+01 1.10076612119438997e-06
9.27400738182666551e-01 2.21052694236333309e+01 1.10052541310393989e-06
8.74490684066333457e-01 2.21060230657000005e+01 1.10051126542756993e-06
5.56829620896666722e+00 2.21061781121999985e+01 1.03603418407305006e-06
6.27966755184333270e+00 2.21062813605666690e+01 1.03347571855102007e-06
7.03850325422666678e-01 2.21080654393333340e+01 1.10116285138780997e-06
2.39578599586333318e+00 2.21116172023666699e+01 1.08689057445372001e-06
7.03016133587333325e+00 2.21135764893666646e+01 1.03004068955896000e-06
8.48427182814666669e-01 2.21142053573666679e+01 1.10251305074731995e-06
6.77615695866999990e-01 2.21150816798333345e+01 1.10200794434647990e-06
1.21899940792333328e+00 2.21169283771333340e+01 1.10180026749364000e-06
7.46400583941666640e-01 2.21199122625333366e+01 1.10389139443354010e-06
1.13309760977999985e+00 2.21207613351333343e+01 1.10238757807835993e-06
2.59887716447999972e+00 2.21224864934333318e+01 1.08514458741198989e-06
1.37999775367999988e+00 2.21230767577333332e+01 1.10004761955722009e-06
6.23330116846999904e-01 2.21239624132666677e+01 1.10378752490783994e-06
8.99801361874666639e-01 2.21252622359666695e+01 1.10439682951480990e-06
9.62255261154666641e-01 2.21262448132333311e+01 1.10364774129325993e-06
7.20785935024666702e-01 2.21279198342000001e+01 1.10508117501323004e-06
7.85388450926666692e+00 2.21280482695666656e+01 1.02813301876608992e-06
1.04605276735333330e+00 2.21281323112000017e+01 1.10377734584733005e-06
2.81972714666666668e+00 2.21289283493333322e+01 1.08212333143972002e-06
7.93111912555000020e-01 2.21312790792333338e+01 1.10614711042188010e-06
7.65775379406666623e-01 2.21396215568333332e+01 1.10783448972628000e-06
1.29675573417333334e+00 2.21405593494666668e+01 1.10643469645331994e-06
9.70013167755999994e+00 2.21407484110000006e+01 1.00985186369291005e-06
3.12387208140666672e+00 2.21412767639999970e+01 1.08376355338806003e-06
1.48728065305000001e+00 2.21428505601333363e+01 1.10325049023437006e-06
1.60938904079333334e+00 2.21433648983666700e+01 1.10228518165920990e-06
8.43241605989999976e-01 2.21434671580333315e+01 1.10837452344469003e-06
6.67294124623333373e-01 2.21449193464333298e+01 1.10836895947714996e-06
1.74170149256333318e+00 2.21460705031333340e+01 1.10155149536561000e-06
1.07484116524666664e+01 2.21478041250999986e+01 1.00033696244745999e-06
4.69127740895666623e+00 2.21480852289333363e+01 1.06384847805288998e-06
6.39018881175999920e-01 2.21495667736666668e+01 1.10912905586512996e-06
8.14946458858999967e-01 2.21518290818333305e+01 1.11019389986919998e-06
1.33791771641333335e+00 2.21527589810333332e+01 1.10747519285721999e-06
8.97379928681333205e-01 2.21551517444333363e+01 1.11047804252680004e-06
7.13332740979666702e-01 2.21551883690666678e+01 1.11095146348454990e-06
8.75557425787999932e+00 2.21601684224666684e+01 1.02651889490228000e-06
1.88043550012333327e+00 2.21602787515999999e+01 1.10332163834441992e-06
1.22201307043999985e+00 2.21608159930666666e+01 1.11033119257787007e-06
1.43258953001000022e+00 2.21646875164666675e+01 1.10809160515566006e-06
6.86075560133999951e-01 2.21651716407999970e+01 1.11244414273971998e-06
8.66883674048333330e-01 2.21651743748333381e+01 1.11271754221922997e-06
1.13734365170666663e+00 2.21677621968333334e+01 1.11199314848160009e-06
1.18744519941333326e+01 2.21677857143666692e+01 1.00486316764796010e-06
7.59487905663666640e-01 2.21680746724666626e+01 1.11359702019606992e-06
9.59092475360333374e-01 2.21710708720999996e+01 1.11338050861445996e-06
3.60564280006999960e+00 2.21721911219333343e+01 1.08392488270855996e-06
4.15368477901000066e+00 2.21744709814666692e+01 1.07378973692921000e-06
1.31019931602666677e+01 2.21747036631000007e+01 1.00614078897184000e-06
5.23826719795333329e+00 2.21749390164333313e+01 1.06399334078010007e-06
6.25688764329000002e-01 2.21756043603999977e+01 1.11466765846536995e-06
7.32659916153666657e-01 2.21756339130333338e+01 1.11503799756776999e-06
1.26564520297333338e+00 2.21771383082666667e+01 1.11390081296689999e-06
1.05215606630666669e+00 2.21783254116333346e+01 1.11437637840863997e-06
2.03109280252333324e+00 2.21791509871999999e+01 1.10571352922639995e-06
1.67242163413000000e+00 2.21791788077999996e+01 1.10990271062662993e-06
9.21816519195000073e-01 2.21799849909666698e+01 1.11528069251246000e-06
1.54415671158666679e+00 2.21806159513666650e+01 1.11057493906510003e-06
8.08269825766333327e-01 2.21818455327666690e+01 1.11626632218202000e-06
1.18291638768666663e+00 2.21867761625333344e+01 1.11626005231821010e-06
1.44392866892000011e+01 2.21871116513000004e+01 1.00152090857575995e-06
1.80675239951333322e+00 2.21894408534333358e+01 1.11079711084607000e-06
7.80147805719333398e-01 2.21897486457999982e+01 1.11784369407614997e-06
6.81965068799999963e-01 2.21917802535333344e+01 1.11832676702270001e-06
1.58681112311666652e+01 2.21942496106000000e+01 1.00461249181949991e-06
8.60008605005333382e-01 2.21957427353666645e+01 1.11884731988610997e-06
1.09857612045666664e+00 2.21962947958333352e+01 1.11816903250764998e-06
2.20005195099333362e+00 2.22015739258333333e+01 1.10856163362882002e-06
6.37954910879000026e-01 2.22025266383000002e+01 1.12050972045971994e-06
9.82131367515666653e-01 2.22037905076666675e+01 1.12010965614492010e-06
8.29689903854333277e-01 2.22040519695000000e+01 1.12061860066411008e-06
7.26153434120999974e-01 2.22044125571666662e+01 1.12095444096502003e-06
1.35534984819000015e+00 2.22067974535333299e+01 1.11911777936675999e-06
6.62119662992333269e-01 2.22078211571333348e+01 1.12155405070949000e-06
1.02088374531666659e+00 2.22095401769999974e+01 1.12069034334371997e-06
7.02715767612999920e-01 2.22105756259333340e+01 1.12212713693916005e-06
1.94831858589666651e+00 2.22111026707333359e+01 1.11359248865810001e-06
9.11669652918333351e-01 2.22114272921000016e+01 1.12178941388497010e-06
5.89004423788333309e+00 2.22124594727666640e+01 1.07687764534101009e-06
1.90124965747333334e+01 2.22147190256333324e+01 1.04436678287261006e-06
1.41233347705000001e+00 2.22168876206666646e+01 1.12035520337576999e-06
8.80357993361666757e-01 2.22171624061000017e+01 1.12297689323208006e-06
7.72780427806999959e-01 2.22196958209333353e+01 1.12406172169876991e-06
6.62830145075000043e+00 2.22198578499333337e+01 1.07572551502282991e-06
1.74175477044999987e+01 2.22223163279666664e+01 1.02249198319502996e-06
1.27330426967333366e+00 2.22226387890999995e+01 1.12326498939785991e-06
7.45614045718666740e-01 2.22268004917333322e+01 1.12536476094192003e-06
6.22266146550000010e-01 2.22269222779000017e+01 1.12539354633380991e-06
2.38861108634999963e+00 2.22301984336666685e+01 1.11203766455425997e-06
1.18890962340000006e+00 2.22329111954333349e+01 1.12567013655542000e-06
8.21649146183666690e-01 2.22350114185333325e+01 1.12707058444494005e-06
2.59285051962000024e+00 2.22364287402666641e+01 1.10954720621542002e-06
2.10617672337666662e+00 2.22368787908000023e+01 1.11743445681306008e-06
6.70160615262666681e-01 2.22382688725999991e+01 1.12786156197512004e-06
6.94333931854666631e-01 2.22390796608333368e+01 1.12805410695772005e-06
1.32184693264999997e+00 2.22400983027999963e+01 1.12623347316401003e-06
7.41814227457333342e+00 2.22416247589333302e+01 1.07803777444510005e-06
7.92861690183333301e-01 2.22427521569333351e+01 1.12854276379804002e-06
1.10419652866333351e+00 2.22430064249333306e+01 1.12798009951048003e-06
9.27012363877333434e-01 2.22438763826999981e+01 1.12818614658662007e-06
1.67159352990333332e+00 2.22450303025000018e+01 1.12334804637369009e-06
9.60198122309333435e-01 2.22451537171333342e+01 1.12855554351994003e-06
8.71579878914333417e-01 2.22490071771333326e+01 1.12974878344132999e-06
6.32343038952666636e-01 2.22515679912666684e+01 1.13055345198934003e-06
1.23566537285333333e+00 2.22524515068000035e+01 1.12974254982633002e-06
2.83513192349000009e+00 2.22541122941333320e+01 1.10943589180250992e-06
7.37468176722000046e-01 2.22561068042000016e+01 1.13153636794403006e-06
6.56072755551999953e-01 2.22576200671333311e+01 1.13140566525434005e-06
8.43189732887333343e-01 2.22585469554333315e+01 1.13161346333302998e-06
1.02746032085333350e+00 2.22585562956333369e+01 1.13142212675941002e-06
1.14895729562666671e+00 2.22606088588333364e+01 1.13202881352411004e-06
1.55037509716333344e+00 2.22614639927666680e+01 1.12862999407300010e-06
7.09625729365999991e-01 2.22622229045333349e+01 1.13258837649613996e-06
1.79653030274666659e+00 2.22627625110666685e+01 1.12605074010843010e-06
9.00487516299000035e-01 2.22682468584666680e+01 1.13391295363420992e-06
2.28571753050333326e+00 2.22725645342333358e+01 1.12254085562556996e-06
1.43308254338000007e+00 2.22731980423666691e+01 1.13280852340043004e-06
7.83902212761666717e-01 2.22736263204333333e+01 1.13511721425407994e-06
1.06435305005000003e+00 2.22740531593666695e+01 1.13477046539572006e-06
6.20076892402666613e-01 2.22746457133666667e+01 1.13512543376260005e-06
9.86303920880333251e-01 2.22777814216333354e+01 1.13584410050453992e-06
7.55675081388666681e-01 2.22798762968999995e+01 1.13619674744128995e-06
3.12372108039999974e+00 2.22835138365666658e+01 1.10683788095149002e-06
1.73065129157000008e+00 2.22852436554666689e+01 1.13167771484224991e-06
6.58312785033666636e-01 2.22878066498666669e+01 1.13818322936580008e-06
8.29313619569666649e+00 2.22882166920333340e+01 1.08261433826467995e-06
1.02100531564233332e+01 2.22885525360999992e+01 1.07074508544300007e-06
7.02384322903000125e-01 2.22900455779666657e+01 1.13850630268612991e-06
1.61477932214333353e+00 2.22900644344666681e+01 1.13299485828339010e-06
2.48203802447999999e+00 2.22903139210666659e+01 1.12345910969839002e-06
8.33613759522666697e-01 2.22911017338333330e+01 1.13872457307794004e-06
1.33339324614999999e+00 2.22926610513999996e+01 1.13745316333729990e-06
1.93384587216000003e+00 2.22928394951666640e+01 1.13083085012110002e-06
2.66456594177333317e+00 2.22957925869999976e+01 1.12204766279419006e-06
6.34583068434333319e-01 2.22984212406666664e+01 1.13987913829754998e-06
8.03113695397333349e-01 2.22984403604333323e+01 1.13999050967862996e-06
9.21722532731333288e+00 2.23009168334666690e+01 1.07451981426328000e-06
6.77433949310000005e-01 2.23020500094000020e+01 1.14056281612808000e-06
1.24268894758666648e+00 2.23029329085333359e+01 1.14037066926117999e-06
1.49722396828333348e+00 2.23039722931666660e+01 1.13713580998719008e-06
8.95334408358333333e-01 2.23041089485666646e+01 1.14169588040656999e-06
4.75711889638333307e+00 2.23063873132333335e+01 1.08765081681064999e-06
2.75810600207333323e+00 2.23070342849666652e+01 1.12146612370525998e-06
1.15420700654000008e+00 2.23082044760000038e+01 1.14182072181417009e-06
7.45483118636333320e-01 2.23101125100333348e+01 1.14263965228108992e-06
7.20034807506666596e-01 2.23141656907666679e+01 1.14323038935298990e-06
1.85574068961999994e+00 2.23153372336666678e+01 1.13682614027725995e-06
1.12998775729666665e+01 2.23155898394666679e+01 1.07443530244079995e-06
1.38764522802000001e+00 2.23156706238333307e+01 1.14142356424749998e-06
1.07110363203333336e+00 2.23158430737333333e+01 1.14357250412921990e-06
8.56850797608999959e-01 2.23174240456333344e+01 1.14408821738117998e-06
9.70916377159000032e-01 2.23191677577666674e+01 1.14503328823908997e-06
6.24506176031666693e-01 2.23237755273000005e+01 1.14531487292165996e-06
1.29187415790666660e+00 2.23256829394333352e+01 1.14456019282660996e-06
4.23543577406333327e+00 2.23282061457666678e+01 1.09890879080152006e-06
7.92431978880333343e-01 2.23297841990333303e+01 1.14684344167579010e-06
2.08554235812333344e+00 2.23301940824333336e+01 1.13747299237984005e-06
1.20118290904666658e+00 2.23309882143333311e+01 1.14644819131969009e-06
2.96237999119666684e+00 2.23316533162000006e+01 1.12438478978992003e-06
9.24060018159666652e-01 2.23319233613333346e+01 1.14724225394063990e-06
1.11619682156000000e+00 2.23323919564666653e+01 1.14734239451803990e-06
3.58998484603666634e+00 2.23328418848000005e+01 1.10793561806011990e-06
5.09922689799333373e+00 2.23332411007333320e+01 1.10055533569956003e-06
7.63028533492333350e-01 2.23352063721666667e+01 1.14764676080749010e-06
6.80621872647333315e-01 2.23353390770666671e+01 1.14802059870776001e-06
7.07495897818666730e-01 2.23417357384333322e+01 1.14897028787206005e-06
1.24772692287666676e+01 2.23424893774666664e+01 1.08509272742889998e-06
6.36201251827666625e-01 2.23480323550333360e+01 1.15030161476632993e-06
1.04319729668666672e+00 2.23503939821333368e+01 1.15180621651927993e-06
8.46000059306666663e-01 2.23516624799999981e+01 1.15139523283972005e-06
1.71385298186999990e+00 2.23521668655333343e+01 1.14613632859785998e-06
6.63118891764333362e-01 2.23540401652333323e+01 1.15141929887028000e-06
1.99598572353333314e+00 2.23542031032666664e+01 1.14325147896873007e-06
9.99895099125333253e-01 2.23550392869666688e+01 1.15239326224184007e-06
8.12081304703333284e-01 2.23566840067999983e+01 1.15249768317687990e-06
1.64180453361000001e+00 2.23571624763333325e+01 1.14853863193710002e-06
1.37663696202666674e+01 2.23618153144000011e+01 1.09252891733726998e-06
7.51734266419000097e-01 2.23640024452666673e+01 1.15387455268424009e-06
7.21649941874999978e-01 2.23664786308000032e+01 1.15444448426871010e-06
1.39569356703000014e+00 2.23697332605333337e+01 1.15305003596017997e-06
6.21695075796000030e-01 2.23742568277333334e+01 1.15573654275653002e-06
1.11502569602333335e+00 2.23762411141333324e+01 1.15662930740766995e-06
2.25730864884000004e+00 2.23765312479000009e+01 1.14600149184073010e-06
9.09208825515333330e-01 2.23777756518333319e+01 1.15734731454504010e-06
3.31898225704666672e+00 2.23799323006000002e+01 1.13382694276721995e-06
1.30023978202666668e+00 2.23806660464666685e+01 1.15633172020797001e-06
1.51487817003333323e+01 2.23813612619000004e+01 1.09073957118161007e-06
1.49861192796333320e+00 2.23829113894999985e+01 1.15555739053804000e-06
8.69632477411666716e-01 2.23841996734333328e+01 1.15838788484104007e-06
6.64993338412333324e-01 2.23866533061333364e+01 1.15879946224299002e-06
1.20283772908333320e+00 2.23868400747333389e+01 1.15824753717194001e-06
7.99863449858666642e-01 2.23872065579666639e+01 1.15902486268549002e-06
1.07040140771999992e+00 2.23879108514333325e+01 1.15990763515702991e-06
7.68919856962333448e-01 2.23891028233000036e+01 1.15944503573655006e-06
1.83715078081000005e+00 2.23897347527666675e+01 1.15269079129368998e-06
7.12183297954000039e-01 2.23912547874000012e+01 1.15969535839836000e-06
4.55319634439999987e+00 2.23913615733000029e+01 1.11973211203453001e-06
2.48603365800333309e+00 2.23948196967000008e+01 1.14635269126913007e-06
6.38075698475666697e-01 2.23973121626000022e+01 1.16066721172529009e-06
2.65748208497666694e+00 2.23977302818666679e+01 1.14576998096613007e-06
2.15100870407666678e+00 2.23988559311333368e+01 1.15136208978703010e-06
9.81266462930333261e-01 2.24004356904333299e+01 1.16250753558296005e-06
6.85211819898333352e-01 2.24006781570000015e+01 1.16164012887686005e-06
1.34980720927999998e+00 2.24017067951333360e+01 1.16032865078231994e-06
1.76114208423666674e+00 2.24040832402333336e+01 1.15721766630648006e-06
1.44251884206999992e+00 2.24061997754000011e+01 1.16003515244224008e-06
1.15469070104000004e+00 2.24079054940666644e+01 1.16327629077812990e-06
2.75102214527666655e+00 2.24089719798333356e+01 1.14749185072580993e-06
9.37436548319666607e-01 2.24104164517333295e+01 1.16435732310879006e-06
1.25270939174333318e+00 2.24137678759666699e+01 1.16377077697454005e-06
8.16867945683666719e-01 2.24147520614999998e+01 1.16513981747427004e-06
1.66262701790666689e+01 2.24165659385666665e+01 1.11180751826156001e-06
8.52718218633333414e-01 2.24167667037666654e+01 1.16535593043330998e-06
5.86210406616666635e+00 2.24170894638000000e+01 1.10432351366622997e-06
7.28549433426000093e-01 2.24171884133333315e+01 1.16547253085095999e-06
7.55201667890333384e-01 2.24175126347666662e+01 1.16557704753989009e-06
1.61595613807999983e+00 2.24196546890333330e+01 1.16206287918068989e-06
6.26380622679666654e-01 2.24230553348666639e+01 1.16638366469390993e-06
1.05732030582000003e+00 2.24275598239666643e+01 1.16810420118026002e-06
6.86312048194333335e-01 2.24285609281666645e+01 1.16797393997783992e-06
6.57350668169333385e+00 2.24331614206666643e+01 1.10560662788570006e-06
1.54834641934999984e+00 2.24335027427000000e+01 1.16533470439068991e-06
1.97232277675000023e+00 2.24349157063000000e+01 1.16059960455242006e-06
1.01148755859166672e+00 2.24354393581333333e+01 1.17012261290758998e-06
1.81438852474333352e+01 2.24370353535999989e+01 1.12448779217525002e-06
7.13215200923333348e-01 2.24374470294333328e+01 1.16986248309568992e-06
8.02026999627999948e-01 2.24427339095333309e+01 1.17118060120268010e-06
2.58976229634666666e+00 2.24428722107666658e+01 1.15639530858040008e-06
4.07237778089999924e+00 2.24428793070333370e+01 1.13206617772749008e-06
7.71304314731000029e-01 2.24435982174666684e+01 1.17135125229896992e-06
8.64422292487666777e-01 2.24471787956666695e+01 1.17241323905688001e-06
6.40120371913666664e-01 2.24474628361666646e+01 1.17150712559586993e-06
1.89159301656666656e+00 2.24479496173000008e+01 1.16508059693242995e-06
6.68138240146333384e-01 2.24480200841999995e+01 1.17226347168565002e-06
3.80115232400000025e+00 2.24497949056000010e+01 1.14336681419709995e-06
9.26176292553333447e-01 2.24528324403999981e+01 1.17369680997222002e-06
1.14252267125666673e+00 2.24556649129000014e+01 1.17357751136759994e-06
2.31718888600333317e+00 2.24594406782666631e+01 1.16389963712667996e-06
7.16476205239666708e-01 2.24595933260000038e+01 1.17487279492324003e-06
2.94707579411333365e+00 2.24603020296666678e+01 1.15321529325180990e-06
1.36380487746000001e+00 2.24613794701666656e+01 1.17307867299041992e-06
1.08977656434000014e+00 2.24636495055000012e+01 1.17603761759127010e-06
8.93027618151000069e-01 2.24638293344666664e+01 1.17604402380211010e-06
2.41403932784333319e+00 2.24639434237333369e+01 1.16373696905708000e-06
1.42225785682666661e+00 2.24678437307000003e+01 1.17422702603567990e-06
8.16222134111333375e-01 2.24694259240333309e+01 1.17714485001818006e-06
5.22777465624333360e+00 2.24697510460999972e+01 1.12703383022923006e-06
7.59246320362999882e-01 2.24706933892999992e+01 1.17722382267379009e-06
1.26063307862666663e+00 2.24709880208666668e+01 1.17607695396134004e-06
6.76888053937666712e-01 2.24716933328000010e+01 1.17699847774161991e-06
8.42767154021333398e-01 2.24718561679000004e+01 1.17770461352939990e-06
1.73889250952000007e+00 2.24742772827333290e+01 1.17214039102639000e-06
6.98322866302000023e-01 2.24743804733333370e+01 1.17799382268181009e-06
6.23739749233999996e-01 2.24744075013000035e+01 1.17756997334546999e-06
7.34966134385333425e-01 2.24747371498333344e+01 1.17816435977883006e-06
7.35423244494333428e+00 2.24759988830666657e+01 1.11124087127607999e-06
9.97687241261333457e-01 2.24790367882999966e+01 1.17944343665691990e-06
2.81274386960999978e+00 2.24846987024666696e+01 1.16225566707651999e-06
1.66575501162333350e+00 2.24848531207333338e+01 1.17581481272595994e-06
9.56205889833666611e-01 2.24864491092666690e+01 1.18109616723880990e-06
2.11574208157333343e+00 2.24922348347666663e+01 1.17241010205190999e-06
1.17097960776999988e+00 2.24929314125333342e+01 1.18195547442159003e-06
8.01754806212666704e-01 2.24947510155000003e+01 1.18255406224989010e-06
7.75501677361333353e-01 2.24951541728333346e+01 1.18258429209989006e-06
6.64657255181999918e-01 2.24955080752999983e+01 1.18231167996738998e-06
1.32216113708999994e+00 2.24975588663999986e+01 1.18128988746024009e-06
7.03237928570333293e-01 2.24977014283333325e+01 1.18290910000650004e-06
6.39526818710999923e-01 2.24987794918333357e+01 1.18295752115700000e-06
8.84815153683999989e-01 2.24992244993666652e+01 1.18397310089352008e-06
7.24615289477666624e-01 2.25000072500666697e+01 1.18375144068107000e-06
8.54964293944666665e-01 2.25001280802333348e+01 1.18386544177100995e-06
1.22132927398666680e+00 2.25022947058333322e+01 1.18322304977959009e-06
2.02661278883666673e+00 2.25042855891000038e+01 1.17539388710122992e-06
1.07426639751999997e+00 2.25075445169000012e+01 1.18536988013396008e-06
1.52714534874666685e+00 2.25077547597999974e+01 1.18198999542887999e-06
6.83850436449000010e-01 2.25116454437000009e+01 1.18614355209838010e-06
1.02800982166966670e+00 2.25150522655333312e+01 1.18730687504468004e-06
5.56092383559333303e+00 2.25160789528333289e+01 1.14625116866558011e-06
8.13636384595000095e-01 2.25181195811333339e+01 1.18760238259179993e-06
1.45714987211666647e+00 2.25188073619000022e+01 1.18515999508372999e-06
3.26776941765666651e+00 2.25205021798333327e+01 1.15659835790831000e-06
7.63011991489333297e-01 2.25208963935333308e+01 1.18816631893371990e-06
8.40300852417000033e-01 2.25210664019999989e+01 1.18821563902306999e-06
1.86829926344666664e+00 2.25211523353333369e+01 1.18085537104497003e-06
7.36405789583333359e-01 2.25217057102333342e+01 1.18831706048925996e-06
6.19693261107000026e+00 2.25242149223333321e+01 1.14660225955638990e-06
6.25787069477000024e-01 2.25243719905333357e+01 1.18869897613627007e-06
9.39808059862000000e-01 2.25300933889666624e+01 1.19069572903829008e-06
9.01565998114666645e-01 2.25318718850000010e+01 1.19078395098368002e-06
6.83602329405333276e-01 2.25329456176333309e+01 1.19068425754350997e-06
1.79160745297333346e+00 2.25331315133000025e+01 1.18503969408021008e-06
1.14954542603666665e+00 2.25373652018666668e+01 1.19169092151835998e-06
8.01024890782666699e-01 2.25419540965333347e+01 1.19287445752941003e-06
7.25415558773333302e-01 2.25432080830333348e+01 1.19280854128630010e-06
1.10557832270333334e+00 2.25439937136333377e+01 1.19342060474479000e-06
7.76653626528333363e-01 2.25443277515999974e+01 1.19313587591898995e-06
2.57566678475000010e+00 2.25451457148333354e+01 1.17966069801664998e-06
7.03332826496666619e-01 2.25457770717666683e+01 1.19383681673692993e-06
4.55210883423999935e+00 2.25458020498666656e+01 1.14720480455393992e-06
1.95987075644000015e+01 2.25480523589666682e+01 1.14959534301152994e-06
6.39362097403666674e-01 2.25490171682666691e+01 1.19409594178660003e-06
6.64244426831000045e-01 2.25503792589999996e+01 1.19478358808712004e-06
8.45551407998999971e-01 2.25510120724666656e+01 1.19499660809486004e-06
3.05720404392666678e+00 2.25527324292666691e+01 1.17373022804786990e-06
1.64216385212000016e+00 2.25532303785000003e+01 1.19063680443036005e-06
8.21683207398333337e+00 2.25535591548333336e+01 1.12546873467451006e-06
1.22788615607666673e+00 2.25542036209666641e+01 1.19499319039800010e-06
1.01251565666600007e+00 2.25590047232333326e+01 1.19689808492147991e-06
1.32402946775999997e+00 2.25591366264333324e+01 1.19540140585765001e-06
2.26248580506666652e+00 2.25595284336999988e+01 1.18770572810154009e-06
6.91145673718666576e+00 2.25612541842333307e+01 1.15393597595680993e-06
2.46765836085000023e+00 2.25615779433333330e+01 1.18601657177035998e-06
1.57116390797333327e+00 2.25622839639000006e+01 1.19356893167108996e-06
8.76965693957333259e-01 2.25627211363333338e+01 1.19781022872994000e-06
8.19497240187333276e-01 2.25641287952000020e+01 1.19788834469351994e-06
9.29083738143666693e+00 2.25641982943666655e+01 1.11779056025227010e-06
9.65795246285999998e-01 2.25666335256999986e+01 1.19856865917074995e-06
7.36460951604000047e-01 2.25680517170333310e+01 1.19841088039870001e-06
6.97649643876333325e-01 2.25688595212666705e+01 1.19878316219442008e-06
7.61092817453000059e-01 2.25699807023000005e+01 1.19923485337708996e-06
2.16733894539999961e+00 2.25699979069666661e+01 1.18860406906880997e-06
1.18223931461333343e+00 2.25715420745666684e+01 1.19924013870021991e-06
1.02028232135566679e+01 2.25721225017999991e+01 1.10756355646073990e-06
1.99687866660999980e+00 2.25725257730666691e+01 1.18992651774694010e-06
6.75707105234666705e-01 2.25729679210000000e+01 1.19976960368375008e-06
6.23575027926666636e-01 2.25746451777333341e+01 1.19986083778977994e-06
1.91929490140333336e+00 2.25763586083000014e+01 1.19332021671601001e-06
4.25904828413666703e+00 2.25814974515333340e+01 1.16771596088796998e-06
1.43464377290666678e+00 2.25828044543666664e+01 1.19941976022882998e-06
7.16745637780666578e-01 2.25828859342333317e+01 1.20211890559737990e-06
1.26905829138666659e+00 2.25844746960333289e+01 1.20113645611396990e-06
1.08881560433666658e+00 2.25881709657666647e+01 1.20305069915601009e-06
8.09227183521333493e-01 2.25902570705333297e+01 1.20395643863776010e-06
7.75194025041333390e-01 2.25937353225666691e+01 1.20452620370577998e-06
6.65329416446000077e-01 2.25950566313000003e+01 1.20467280106266011e-06
1.04200951414966680e+00 2.25956742267333368e+01 1.20487482900107992e-06
6.38079668565333380e-01 2.25980959787666684e+01 1.20502529609764995e-06
2.76965274906333292e+00 2.25982775122333344e+01 1.18781127741422010e-06
8.80618842918999944e-01 2.25986799536666645e+01 1.20583359616308991e-06
1.37166637414333348e+00 2.25994030685333342e+01 1.20350090547911995e-06
3.70309162521333368e+00 2.26013896171000006e+01 1.17015221074640999e-06
7.11633661924333416e-01 2.26081356197999988e+01 1.20791853349240006e-06
1.76623207302333340e+00 2.26089029873666654e+01 1.20164348995288005e-06
9.50862438709333291e-01 2.26098378346000004e+01 1.20821952220875997e-06
8.23745988128666617e-01 2.26135944275333323e+01 1.20911960059145997e-06
1.17033685828000000e+00 2.26153777645666629e+01 1.20867944441104999e-06
6.82159979231333313e-01 2.26161979171333343e+01 1.20935342728827999e-06
1.68992597006666667e+00 2.26184260145666656e+01 1.20463890021851009e-06
8.52536468027000005e-01 2.26196878964666617e+01 1.21043597513391002e-06
9.12120215506999954e-01 2.26208778887333324e+01 1.21062261202651994e-06
2.65110110245666641e+00 2.26216122508333335e+01 1.19520430304920991e-06
7.61522130674333386e-01 2.26218932251666693e+01 1.21105415344350006e-06
6.24504640638666619e-01 2.26234508010333322e+01 1.21080630567841009e-06
5.04645660063666668e+00 2.26244043519999991e+01 1.16590739868286004e-06
3.44071130786000046e+00 2.26250064755333362e+01 1.18489403434168995e-06
1.12088025133666647e+00 2.26253781439999990e+01 1.21121730906889993e-06
1.54650224981999984e+00 2.26273250922999978e+01 1.20802785085788993e-06
7.71367055792333378e+00 2.26277648565000042e+01 1.16683413842543008e-06
7.30861452093999997e-01 2.26284652997999984e+01 1.21221153611264007e-06
1.12702639117000007e+01 2.26360097818666652e+01 1.11860064604720005e-06
1.47997759138333329e+00 2.26367929806666659e+01 1.21086947989155009e-06
1.25906537778666672e+00 2.26393932518666645e+01 1.21333972147421995e-06
1.02460520169300007e+00 2.26404178296666707e+01 1.21483155298487009e-06
8.08826118322000021e-01 2.26407722880000044e+01 1.21539062445995003e-06
6.70707708663333180e-01 2.26425497769333326e+01 1.21535796181972007e-06
7.80635419347666670e-01 2.26455928335999950e+01 1.21626209790454008e-06
6.40302117951333405e-01 2.26467633133666659e+01 1.21598037435585002e-06
9.80178536632666741e-01 2.26469526350666683e+01 1.21622733046984000e-06
1.89926433368999992e+00 2.26471581443999987e+01 1.20889920550369000e-06
2.03117100786333316e+00 2.26493239376666651e+01 1.20788063379185008e-06
8.53585626062999925e-01 2.26509740686999983e+01 1.21777062555203008e-06
4.75575843523333308e+00 2.26528983036666638e+01 1.17963487911198993e-06
1.20599078614333322e+00 2.26529578667999978e+01 1.21670351870194995e-06
2.42365600760666666e+00 2.26573738500666657e+01 1.20672374119195997e-06
9.03494685301999945e-01 2.26581188063333343e+01 1.21896156833171994e-06
2.11250199391666627e+00 2.26588468258999995e+01 1.21026545843393004e-06
7.18798806592333306e-01 2.26588988377999989e+01 1.21933587811847009e-06
2.31533389366333342e+00 2.26598270859000017e+01 1.20844113445426003e-06
8.26820488877333393e-01 2.26614209896333314e+01 1.21993233487945010e-06
6.88118745854666591e-01 2.26649210175999976e+01 1.22031984002024998e-06
1.35566444004999997e+00 2.26655730908333339e+01 1.21841179571619004e-06
8.73042470750000077e-01 2.26672070434999995e+01 1.22101852823684007e-06
1.82289331578333336e+00 2.26677233455000042e+01 1.21482005078145999e-06
1.10410382233999993e+00 2.26710059905333345e+01 1.22120484686698995e-06
6.25797477312666661e-01 2.26733125123333288e+01 1.22230865100841005e-06
7.69833953611999910e-01 2.26733476914000001e+01 1.22259749582835002e-06
3.00403242495666634e+00 2.26752278901000004e+01 1.19826915379111993e-06
1.05463486288333308e+00 2.26785424152333341e+01 1.22311819399357009e-06
7.38658019436999935e-01 2.26800816209666642e+01 1.22418914543369990e-06
1.29803462006666681e+00 2.26802252045666677e+01 1.22186819515001000e-06
1.58583301395666676e+00 2.26813058708000028e+01 1.21988494470627002e-06
1.65825679005666671e+00 2.26814603784666673e+01 1.21868231569790008e-06
8.19160481414666575e-01 2.26875436423666663e+01 1.22584250710831001e-06
9.76651378881666687e+00 2.26875998376000005e+01 1.16331694249470005e-06
9.60121530589333361e-01 2.26899551117000016e+01 1.22598469048284006e-06
9.22179902461000012e-01 2.26900812288333320e+01 1.22583276454489993e-06
6.76272040714000044e-01 2.26946087686999967e+01 1.22728771759612009e-06
7.90364645123666665e-01 2.26946497985333338e+01 1.22754902000784993e-06
2.85081305459666678e+00 2.26963763002666674e+01 1.20767224730271995e-06
1.96731651744666647e+00 2.26964322540666679e+01 1.22048276698573010e-06
8.66251352826666654e-01 2.26984639779333293e+01 1.22819403152712004e-06
5.55030186697666661e+00 2.26987486155666680e+01 1.17585668050178001e-06
6.44356362884000000e-01 2.26987867269999981e+01 1.22833785662572002e-06
1.45789633921333350e+00 2.26988363826666664e+01 1.22485033008364000e-06
1.18941119531999995e+00 2.27029972872999970e+01 1.22777248001181996e-06
1.24499169744666656e+01 2.27062759331666655e+01 1.13560211996057003e-06
7.31165785664000034e-01 2.27073110356666668e+01 1.23017930974892991e-06
8.39134500676999906e-01 2.27083536558666701e+01 1.23029260281281001e-06
1.39656058664333327e+00 2.27110178786666665e+01 1.22792930262949003e-06
1.13698083846000020e+00 2.27110450315999977e+01 1.23003317280936002e-06
4.16570842786333362e+00 2.27133039505666652e+01 1.19035768347754001e-06
6.99459867678666747e-01 2.27158160035999970e+01 1.23270784173370993e-06
8.95732679328666515e-01 2.27158711677333365e+01 1.23249049553413007e-06
6.13266444786000076e+00 2.27195439456666683e+01 1.17664200275025011e-06
7.81832129707666579e-01 2.27224601653999976e+01 1.23390090972210000e-06
1.03639287354666654e+00 2.27233830042000022e+01 1.23314333992218010e-06
6.28558885571333326e-01 2.27254742146666651e+01 1.23476945732318995e-06
3.88097722584000016e+00 2.27262805175666642e+01 1.20243764450415008e-06
1.51440719946333306e+01 2.27265651598000034e+01 1.13498032633138992e-06
9.86306206313000033e-01 2.27282608952666685e+01 1.23470001645163994e-06
7.53809204422999923e-01 2.27283874729666699e+01 1.23551581171748004e-06
1.28008627663333341e+00 2.27360847409666640e+01 1.23446653665217995e-06
1.68494303029666681e+00 2.27375075885333331e+01 1.23188474249313002e-06
2.61258704325000002e+00 2.27381408430666703e+01 1.22171038776690996e-06
8.31409350357999899e-01 2.27382687343333316e+01 1.23745686686161994e-06
8.99065636987999994e+00 2.27395791755333327e+01 1.17598713842546992e-06
1.55896837259000010e+00 2.27396445338000035e+01 1.23312741900361994e-06
2.14921948016333308e+00 2.27405723315666677e+01 1.22805652964159009e-06
8.53405791919666790e+00 2.27416401774333288e+01 1.18558180232789998e-06
6.96078779575333262e-01 2.27419180970666694e+01 1.23838230067056997e-06
1.80493106822000016e+00 2.27436893375333362e+01 1.23210175934576007e-06
8.02902815679666593e-01 2.27452690876999988e+01 1.23910135692173000e-06
1.22453744353000005e+00 2.27452922087666671e+01 1.23699490683654998e-06
1.49755635628333361e+00 2.27477071572999989e+01 1.23542733253895002e-06
8.92713372544000072e-01 2.27499787323333322e+01 1.23999916823878996e-06
6.43238035527666674e-01 2.27515486148666639e+01 1.24113467020065008e-06
1.07115680483333335e+01 2.27517940331999995e+01 1.17834088354169999e-06
2.25690452024333332e+00 2.27520220648333371e+01 1.22964864803704998e-06
5.24794007668999996e+00 2.27549500426333289e+01 1.20020375515132003e-06
7.45361130108333270e-01 2.27556646601333341e+01 1.24181840734754003e-06
6.71772625254333344e-01 2.27568060833666657e+01 1.24256500815252002e-06
2.49315037230000014e+00 2.27574702138000013e+01 1.22808370513678991e-06
3.35140557781666670e+00 2.27578643490666650e+01 1.20935072731195006e-06
1.11769567748333354e+00 2.27580496046000000e+01 1.24047627629672003e-06
7.19336623246000006e-01 2.27606903162999998e+01 1.24306491852971007e-06
8.55506895722999983e-01 2.27624866210000043e+01 1.24299340213171002e-06
1.06657667202666673e+00 2.27628511525000015e+01 1.24204869719338002e-06
1.74158193071333334e+00 2.27659840936333353e+01 1.23815732122085996e-06
1.37626259697000020e+00 2.27703995145666660e+01 1.24147555608811996e-06
9.68423058257999902e-01 2.27712610986999984e+01 1.24433027774726996e-06
1.38008091586333332e+01 2.27721811387999971e+01 1.14870215568324006e-06
6.82092600735333310e+00 2.27737694006333307e+01 1.18660524180125998e-06
7.93262310792333225e-01 2.27744966725666700e+01 1.24580447707023008e-06
1.95304421757666691e+00 2.27749463898999984e+01 1.23875061329271997e-06
3.12529206864333320e+00 2.27758555141999999e+01 1.22226819842626994e-06
6.24679149956333335e-01 2.27760744001999988e+01 1.24711559489514010e-06
9.23831303061666609e-01 2.27783241214000007e+01 1.24646234905535991e-06
7.63743550505666668e-01 2.27789649374333329e+01 1.24695467992542003e-06
1.31741810694333328e+00 2.27808142631333332e+01 1.24426867854088007e-06
1.64504065191333315e+00 2.27826150114333323e+01 1.24296467089101996e-06
6.81846619269333321e-01 2.27839710818000007e+01 1.24884124533742999e-06
1.59148977030666661e+00 2.27849064643666672e+01 1.24303726194342991e-06
7.08984198555000056e-01 2.27854764488333359e+01 1.24874323708110006e-06
5.78721393433999953e+00 2.27950881498666682e+01 1.20961569127789000e-06
8.47312463732333376e-01 2.27952102962999987e+01 1.25035989601223002e-06
1.20418758478999988e+00 2.27975350736666655e+01 1.24873839163695992e-06
8.13574413480000036e-01 2.28002199944999973e+01 1.25164059444300997e-06
1.86702978625666671e+00 2.28016382722666684e+01 1.24517698477733008e-06
1.14977617560333356e+00 2.28022447252000013e+01 1.25035129218983009e-06
6.39064956507666593e-01 2.28023783743666684e+01 1.25327078600833993e-06
6.67697836094000130e-01 2.28050175874666650e+01 1.25344308747988996e-06
1.47559502341666682e+00 2.28060848722666663e+01 1.24880152560516008e-06
7.52336747185333388e-01 2.28064650159000024e+01 1.25321723798868997e-06
1.04662373408999998e+00 2.28073822008666696e+01 1.25204695204234011e-06
7.23601902097000038e-01 2.28079508711333325e+01 1.25381985627184992e-06
9.98556787555000103e-01 2.28109142560000002e+01 1.25331234222596998e-06
2.80800302468666674e+00 2.28124450116666644e+01 1.23469664109754008e-06
1.41563701667333319e+00 2.28165957335333331e+01 1.25169193414562993e-06
4.64602797552666669e+00 2.28194199652666647e+01 1.21041985018471003e-06
9.09924073767000130e-01 2.28201057962999982e+01 1.25573009727650005e-06
8.70611711258666765e-01 2.28244840825333313e+01 1.25703327041893993e-06
6.24385806551333356e-01 2.28263039741666667e+01 1.25856347491190992e-06
2.09945182986333334e+00 2.28276420112000018e+01 1.24934851618912008e-06
8.00710464094333330e-01 2.28294185324000019e+01 1.25823220970930002e-06
2.68832865994666648e+00 2.28308748158666681e+01 1.24128933463286992e-06
7.68991558086333349e-01 2.28311952889333334e+01 1.25876500712301008e-06
6.82247395105666676e-01 2.28318309661666667e+01 1.25960372114376989e-06
7.11013881822999960e-01 2.28332588827999992e+01 1.25941966274258990e-06
1.29568339614333339e+00 2.28363964575999994e+01 1.25705536527070006e-06
2.28502741216000027e+00 2.28367188153333309e+01 1.24885201790786000e-06
1.72310951169999993e+00 2.28378379567666663e+01 1.25584420749261008e-06
1.66577470641333325e+00 2.28393224048666674e+01 1.25493074808087999e-06
1.57088232962333341e+00 2.28394866598000021e+01 1.25585005606715002e-06
2.01185462197999998e+00 2.28400412927333321e+01 1.25238411221455009e-06
6.41870778864999991e+00 2.28410056604000005e+01 1.22114647328855995e-06
1.23800170709333357e+00 2.28439098003333356e+01 1.25896637062349006e-06
4.34903851825999954e+00 2.28441302104999977e+01 1.22420894345211993e-06
1.12657233523333322e+00 2.28490110625333323e+01 1.26073403857504990e-06
1.07453889917666667e+00 2.28493469903000026e+01 1.26148433193114007e-06
1.18174860785666667e+01 2.28519922124666657e+01 1.20076294175911002e-06
6.38159907349666655e-01 2.28525264269666657e+01 1.26461253834340991e-06
1.51639959903999988e+00 2.28526024441999986e+01 1.25918183734368004e-06
9.79515764808666645e-01 2.28528883705666637e+01 1.26271349643643991e-06
9.35474806216999966e-01 2.28550168881666629e+01 1.26366226056046007e-06
6.67388616317666661e-01 2.28554142058666692e+01 1.26478845734531998e-06
7.54438028370333247e-01 2.28595864319666653e+01 1.26530091221740997e-06
7.58167034683666685e+00 2.28595988335666682e+01 1.20694746064673003e-06
8.17788091122999994e-01 2.28598737134999972e+01 1.26501771917139009e-06
8.53951288035000089e-01 2.28599489618333287e+01 1.26508235040737001e-06
7.25195197195333208e-01 2.28601641706000009e+01 1.26544196401081000e-06
1.65780774040000018e+01 2.28604738382666675e+01 1.17154408227213004e-06
3.77196698359000004e+00 2.28611728348333365e+01 1.22871689973188007e-06
2.45606929223000003e+00 2.28665017916333362e+01 1.25358520394364993e-06
3.50477565291999982e+00 2.28691398078999981e+01 1.23776798929760996e-06
1.39388059588666668e+00 2.28740794272000016e+01 1.26500059204995990e-06
1.62018598046666651e+00 2.28758218499666697e+01 1.26450924722379003e-06
6.23774100798333286e-01 2.28762224528000040e+01 1.26987485585048001e-06
1.84310919502666670e+00 2.28806507470333322e+01 1.26373631561806002e-06
6.79262918123333281e-01 2.28811504217333344e+01 1.27057162922173995e-06
7.68551801111000077e-01 2.28820566903000042e+01 1.27016515473604002e-06
1.33277146538333335e+00 2.28834654027000006e+01 1.26762242055877001e-06
8.00182957855666621e-01 2.28841207283666677e+01 1.27053535832796003e-06
7.08303012283666544e-01 2.28844724698333373e+01 1.27135083350566010e-06
2.36427452407333316e+00 2.28867051912666675e+01 1.26044978393383995e-06
9.17916802800999965e-01 2.28919735992999982e+01 1.27182074452736008e-06
1.05194176248666671e+00 2.28920403676000035e+01 1.27114622505871999e-06
1.00498557465366667e+00 2.28920496927333339e+01 1.27166788984450998e-06
8.75705647127333342e-01 2.28925273867333345e+01 1.27257486307870003e-06
1.76253805797666652e+00 2.28945556754333346e+01 1.26785424581516006e-06
3.04875806036333330e+00 2.28948313856333350e+01 1.24702918331211001e-06
1.21087157556999991e+00 2.28993232084333336e+01 1.27204487802052002e-06
1.15385361289666677e+00 2.28997148191000015e+01 1.27203304077568996e-06
2.22099211032333299e+00 2.28998861290333302e+01 1.26564042304838993e-06
2.14310156810666674e+00 2.29022590581666634e+01 1.26525044487062006e-06
6.36544081835666575e-01 2.29023252272333337e+01 1.27584301476840002e-06
5.15280787834999998e+00 2.29036374288333313e+01 1.22673315406819000e-06
6.62804190192666565e-01 2.29043654172666713e+01 1.27612369883401992e-06
7.59102416237333322e-01 2.29051215369333363e+01 1.27603422565636001e-06
2.88468838676666683e+00 2.29102724729333325e+01 1.25555265942575010e-06
1.49638061795000010e+00 2.29106374410000022e+01 1.27262268199347997e-06
7.15372796010333212e-01 2.29111825945666681e+01 1.27738592096304004e-06
8.03964289469999982e-01 2.29115971625333366e+01 1.27758352096878990e-06
7.38134842922666734e-01 2.29178506247666682e+01 1.27903771978571992e-06
1.81868729457666660e+01 2.29180567855333344e+01 1.19612895553436002e-06
7.13170150402333380e+00 2.29203480765333332e+01 1.23829461478130998e-06
1.43381962154000031e+00 2.29216035627333348e+01 1.27578419670551003e-06
7.78541093035999943e-01 2.29220301771333368e+01 1.27989299976707000e-06
6.22769981037333387e-01 2.29261027744333319e+01 1.28109171207150007e-06
8.60209366253666730e-01 2.29261803474000025e+01 1.28010059952368996e-06
1.07412174494666668e+00 2.29303470281333368e+01 1.27999352650893005e-06
6.73549593273000013e-01 2.29305343822333327e+01 1.28202770293816001e-06
8.25836679641999916e-01 2.29307665960000016e+01 1.28183310760870994e-06
9.39448185523000023e-01 2.29324261829666654e+01 1.28115390986251999e-06
1.97785912591666668e+00 2.29333449720666671e+01 1.27435400763409008e-06
6.97078104930333287e-01 2.29340295114333337e+01 1.28255712297195009e-06
9.82475998783999938e-01 2.29346307940000003e+01 1.28138025970170008e-06
9.73715700168666665e+00 2.29350865836666635e+01 1.20682123824264995e-06
1.60959563363999991e+00 2.29359813246666704e+01 1.27870327066988991e-06
1.12400015929999997e+00 2.29383574074000016e+01 1.28107357501535996e-06
4.84159394258999942e+00 2.29396133997999989e+01 1.24472740432119998e-06
1.30927300779999989e+00 2.29399275709666703e+01 1.28088494859650995e-06
1.44690165218666689e+01 2.29426813735999993e+01 1.22893706534692001e-06
2.64505040167666650e+00 2.29438133820333370e+01 1.26806860401788004e-06
7.44693024188666564e-01 2.29438424563000005e+01 1.28504009323692998e-06
7.70647403251333407e-01 2.29440310270999994e+01 1.28492001713674993e-06
1.89512813028333316e+00 2.29472625440000009e+01 1.27798697041324010e-06
1.24505480703666671e+00 2.29482720339666635e+01 1.28321507282888007e-06
1.31090804443333351e+01 2.29488560431999993e+01 1.23034389025352995e-06
6.34836154227000016e-01 2.29520653603999989e+01 1.28699558291739998e-06
6.59355658105666653e-01 2.29544567781666693e+01 1.28724577545338991e-06
8.82411582202000111e-01 2.29559197185666655e+01 1.28721505991843002e-06
1.54027300170666659e+00 2.29576811313000029e+01 1.28353608951193000e-06
2.53222770490999993e+00 2.29601109870666669e+01 1.27387929104443995e-06
7.07119872003666661e-01 2.29614029625333309e+01 1.28905731077246992e-06
8.15668752789000084e-01 2.29624492974333343e+01 1.28884091983446990e-06
9.19439245797666671e-01 2.29627193415666682e+01 1.28746278047182005e-06
7.31972744349666748e-01 2.29645478772000011e+01 1.28937022312803006e-06
7.85902672832333393e-01 2.29652807139333355e+01 1.28965105437797005e-06
9.26651623642000111e+00 2.29676459101333315e+01 1.23639155121995993e-06
1.73480994358333329e+00 2.29695457020000013e+01 1.28528738047005010e-06
1.05300972428333339e+00 2.29699567479333382e+01 1.28944243004428993e-06
5.70393969287333302e+00 2.29706788716999988e+01 1.23916952071524998e-06
1.00832016595366691e+00 2.29742311886666677e+01 1.29067204379276005e-06
6.22066173189666727e-01 2.29759625859666698e+01 1.29214327855193996e-06
1.41059627951000000e+00 2.29796297739999993e+01 1.28944384140293992e-06
6.70053095382999953e-01 2.29804733752999972e+01 1.29318748390255000e-06
1.58152087503999983e+01 2.29833614082000004e+01 1.24019924750507995e-06
6.94288797623666576e-01 2.29839244304666686e+01 1.29365246225406005e-06
1.65911386034666641e+00 2.29848676609000044e+01 1.28924796406205004e-06
2.11026997558333340e+00 2.29849217493333349e+01 1.28528046863519010e-06
1.12936732724666666e+00 2.29856085130333376e+01 1.29336134566748996e-06
8.66735637766666733e-01 2.29856800789666664e+01 1.29375800345327996e-06
8.33235758704999974e+00 2.29871625519333342e+01 1.24041304267245003e-06
8.34365494965333299e-01 2.29876234092333327e+01 1.29450116619041009e-06
2.24662543912333357e+00 2.29880406044666650e+01 1.28433859913244998e-06
1.34715879627333313e+00 2.29885678067333323e+01 1.29195044777167010e-06
3.40018537397999987e+00 2.29887936739666685e+01 1.26260917094672005e-06
7.44922342189333286e-01 2.29906457616666664e+01 1.29531938787440993e-06
7.72897891609333421e-01 2.29911900275999983e+01 1.29539321726978992e-06
2.32847188048999998e+00 2.29920284941999995e+01 1.28632732117642995e-06
4.21311282345666616e+00 2.29954670766333322e+01 1.25680122525316997e-06
3.17028129059666641e+00 2.29964940865666669e+01 1.27184171823606001e-06
3.92077249080999968e+00 2.29995331339666649e+01 1.25968486590624990e-06
6.33569045393333252e-01 2.30010201028333334e+01 1.29775315995447009e-06
9.22874995388333397e-01 2.30013545210333348e+01 1.29808754787791995e-06
6.57036463708000062e-01 2.30031394744000011e+01 1.29798011100962003e-06
2.03262474127666648e+00 2.30036083817000012e+01 1.28940942787261005e-06
1.08233621581000006e+00 2.30041817764333310e+01 1.29755958163601004e-06
1.22321139261999989e+00 2.30045957696333296e+01 1.29658293188521997e-06
7.04640219136666635e-01 2.30126367629333295e+01 1.30021547660734007e-06
8.87658489545000040e-01 2.30134772349999999e+01 1.30001608614507002e-06
8.19936342167666754e-01 2.30159808566999970e+01 1.30088610665430998e-06
7.30420891356333257e-01 2.30162131794666642e+01 1.30084012324894009e-06
7.88234818768333345e-01 2.30167160585666686e+01 1.30109713870797991e-06
1.16729889260666675e+00 2.30173559662333354e+01 1.30037405944719009e-06
9.91180659439666711e-01 2.30182191546666672e+01 1.30104340948444010e-06
1.51799172018666684e+00 2.30191175093000027e+01 1.29806736184925004e-06
5.37189542717000013e+00 2.30230267235999975e+01 1.26486523470035992e-06
2.83808777672333301e+00 2.30241975782000026e+01 1.28291219578847005e-06
6.21502872203666623e-01 2.30250575168666671e+01 1.30294745671845995e-06
6.66421674993333379e-01 2.30258625312999960e+01 1.30316118533196999e-06
1.86403515980666667e+00 2.30267096956333326e+01 1.29654708128447008e-06
9.48741292852666618e-01 2.30280660804333337e+01 1.30336449051449991e-06
1.90554842730666678e+01 2.30290737909000001e+01 1.27161017354336992e-06
1.45087599439999981e+00 2.30301000302666665e+01 1.30097581449127006e-06
7.88313153074999917e+00 2.30309155064000031e+01 1.26120132954432004e-06
6.89789728181333328e-01 2.30319087646666674e+01 1.30412521558217000e-06
6.32100673520000012e+00 2.30341858778666726e+01 1.25350535040024009e-06
1.78428811015666677e+00 2.30350879252333307e+01 1.29959555410275990e-06
2.71812415637333338e+00 2.30393086830999998e+01 1.28875298790208001e-06
2.17766487664333352e+00 2.30425985111999978e+01 1.29829650859196990e-06
7.73716968221333290e-01 2.30429241363000017e+01 1.30698745135433003e-06
7.43878590229333336e-01 2.30429655231333328e+01 1.30702557128287009e-06
8.71877205602333283e-01 2.30429838474666688e+01 1.30691799557574003e-06
8.36525201026333320e-01 2.30435441388999998e+01 1.30709260286504998e-06
1.32226026366999982e+00 2.30440903139000000e+01 1.30524718085401997e-06
1.06263898948333324e+01 2.30449206058666647e+01 1.22253444463344994e-06
1.06898403134666675e+00 2.30465885804999999e+01 1.30759912641384991e-06
6.54980733634666579e-01 2.30473132350333323e+01 1.30793208306787002e-06
6.33529349159666633e-01 2.30486275921666675e+01 1.30808336653285999e-06
1.26253106077999999e+00 2.30517738138000006e+01 1.30751462968552007e-06
1.02251803330600022e+00 2.30563515179999996e+01 1.30981948026714009e-06
6.91562158065999966e-01 2.30578653832333345e+01 1.31066525236245001e-06
1.63342467396333357e+00 2.30592229149000012e+01 1.30671319270142006e-06
6.68717709630333279e-01 2.30669983749666692e+01 1.31234805716375991e-06
7.32907918450666607e-01 2.30677571466000018e+01 1.31259050919469002e-06
2.49107471106000000e+00 2.30686920156000035e+01 1.30010061387099006e-06
7.87622267168333390e-01 2.30692976111000014e+01 1.31304393437124998e-06
8.18728976574000011e-01 2.30706528155666639e+01 1.31351457375005004e-06
1.56162516573666643e+00 2.30717729566666669e+01 1.30993850530043006e-06
1.15246740994333341e+00 2.30724716947666657e+01 1.31329825937429997e-06
7.08388192346666501e-01 2.30730004852666646e+01 1.31378074672735001e-06
9.32360916480666657e-01 2.30733573363666657e+01 1.31424475565467990e-06
6.22026476955999996e-01 2.30735700753000010e+01 1.31369935221915008e-06
8.90713335073666790e-01 2.30761523894333322e+01 1.31433818488105009e-06
2.37911365479666692e+00 2.30804061231000013e+01 1.30507998443275996e-06
1.10118366012000002e+00 2.30831310456333370e+01 1.31594295167281990e-06
5.95168915294333356e+00 2.30883148849666675e+01 1.28100009114171995e-06
1.42407043663666677e+00 2.30892120016333315e+01 1.31508384896124007e-06
6.61129024244666685e-01 2.30911163659666663e+01 1.31795868997514995e-06
3.52399806488333311e+00 2.30913352871999997e+01 1.28794951851728010e-06
7.46335311332000040e-01 2.30932307291000001e+01 1.31849588710586998e-06
1.35889218914333321e+00 2.30942642525333355e+01 1.31689467639398997e-06
7.71211282057666647e-01 2.30948125804333309e+01 1.31903183201704003e-06
6.35889176045333349e-01 2.30963737091666701e+01 1.31864487303633009e-06
1.99697098083999980e+00 2.30979862228000030e+01 1.31226006333796995e-06
8.30558017281666672e-01 2.30979941750000002e+01 1.31970567567903009e-06
4.72590916962666707e+00 2.30981221328333355e+01 1.27592140097504001e-06
1.00560564302866662e+00 2.31011273864333333e+01 1.32057859597304993e-06
7.04466459077666585e-01 2.31037006515333339e+01 1.32080335419168992e-06
8.67190371205333377e-01 2.31040540402999994e+01 1.32129289873406991e-06
1.23935069937666675e+00 2.31046255788333319e+01 1.32051416785210004e-06
1.91111239500333330e+00 2.31071699648000042e+01 1.31420454472997005e-06
1.75357744464666676e+00 2.31078226976666663e+01 1.31669198973227002e-06
9.57887892790333262e-01 2.31082862790333365e+01 1.32218945153137000e-06
3.77739385104333314e+00 2.31100417202666648e+01 1.28924043289869010e-06
3.07994909336333356e+00 2.31102829786000008e+01 1.29690646886693990e-06
1.18519954855333332e+00 2.31125632631999984e+01 1.32241791861211008e-06
6.80051739411333345e-01 2.31126835405000008e+01 1.32276350849114998e-06
1.00882882729266665e+01 2.31127358205333344e+01 1.26807200531858007e-06
7.27524929151333377e-01 2.31155353274666702e+01 1.32375744005503990e-06
1.67841009168999999e+00 2.31166357284333337e+01 1.31942509907715000e-06
7.82761005122666664e-01 2.31210651423999991e+01 1.32516523221303992e-06
2.91182525308666662e+00 2.31225453829333354e+01 1.30478109612899001e-06
6.23862699089333339e-01 2.31228036338666669e+01 1.32489376713590004e-06
8.11001030941000067e-01 2.31228915325000024e+01 1.32595965734033993e-06
6.99898448610333279e+00 2.31268704937000003e+01 1.27632100692623998e-06
4.39441750776000006e+00 2.31292655644333358e+01 1.29244366432891994e-06
1.08300279805333344e+00 2.31312260103333358e+01 1.32748815142901001e-06
8.74663450125000019e-01 2.31327538019666683e+01 1.32800120203203007e-06
2.15891246334666675e+00 2.31367105469666683e+01 1.32151318808574997e-06
1.53418376298999992e+00 2.31373029433333350e+01 1.32556983640174002e-06
1.03389077900266657e+00 2.31394594136333325e+01 1.32921572760010008e-06
6.69761938482333341e-01 2.31412976322666673e+01 1.32965080341932991e-06
7.35181465647333332e-01 2.31416231998666682e+01 1.32998870605340001e-06
1.46374475967666662e+00 2.31437594673333358e+01 1.32787019521768007e-06
1.32805212421666674e+00 2.31446234499666694e+01 1.32959415193197998e-06
7.65541570893000123e-01 2.31455711634666663e+01 1.33101365426714998e-06
6.38812746359666672e-01 2.31461603824333331e+01 1.33010730515151991e-06
1.74123426277666660e+01 2.31472456595999994e+01 1.30055363940810995e-06
1.26823983734000012e+00 2.31473012763666652e+01 1.33023763476831005e-06
8.22016319510666782e-01 2.31493737039000003e+01 1.33230543166809008e-06
2.67249713891999940e+00 2.31493762742999998e+01 1.31546103758706006e-06
9.39088634460666594e-01 2.31524935990666627e+01 1.33273175045368010e-06
8.49046384771000029e-01 2.31531761080666634e+01 1.33348766514562006e-06
9.01839712820000083e-01 2.31566168687000022e+01 1.33403103598702005e-06
2.55827039037333348e+00 2.31624620017666700e+01 1.32078930764718991e-06
1.16361772226666660e+00 2.31631986073000000e+01 1.33491790200646991e-06
7.16965205392999905e-01 2.31664635485000012e+01 1.33576164719723997e-06
6.85981297411666691e-01 2.31665783464333295e+01 1.33542562558431006e-06
1.79234985005666658e+00 2.31688064746666669e+01 1.33022833931761002e-06
1.11270472158999989e+00 2.31712020035666661e+01 1.33640957651071008e-06
7.77006344262666793e-01 2.31713280858333341e+01 1.33707779202649010e-06
9.08881275527000021e+00 2.31729609999333377e+01 1.27743849653148007e-06
8.05241067062000049e-01 2.31733042361666683e+01 1.33780662282448007e-06
6.24950047270333320e-01 2.31733567485666647e+01 1.33667964344047005e-06
2.05586380184999973e+00 2.31734116262000036e+01 1.32843133875263009e-06
6.59050793598333318e+00 2.31734720352666699e+01 1.30104722856484998e-06
1.87013775076333322e+00 2.31765319713999993e+01 1.33037633375810001e-06
8.58235577445666586e-01 2.31785365537000025e+01 1.33931520046446004e-06
5.27007068850666638e+00 2.31839259736333361e+01 1.29459791153610007e-06
1.01562089736933348e+00 2.31852576688666687e+01 1.34022855028360009e-06
8.87781506181000046e-01 2.31855852423000037e+01 1.34065876191372996e-06
1.64995706344333315e+00 2.31861759585333296e+01 1.33596797582400993e-06
1.17087686715000014e+01 2.31875436891999982e+01 1.25304957107901996e-06
2.33701631412666666e+00 2.31882547544666693e+01 1.33088965298393992e-06
8.61125255658333266e+00 2.31904166398333338e+01 1.29630098663327991e-06
9.68536503065666743e-01 2.31911329617000028e+01 1.34184657454379004e-06
1.57753024297000000e+00 2.31942931316666687e+01 1.33879924261122003e-06
7.30531662170000096e-01 2.31950067539666698e+01 1.34235314276933008e-06
6.69837661531333395e-01 2.31955544870666692e+01 1.34229425324518010e-06
7.60212695793999971e-01 2.31959233277000010e+01 1.34292622740253996e-06
6.39755603512666582e-01 2.31974701390333315e+01 1.34223021053462998e-06
1.24243959425666683e+00 2.31976687181000010e+01 1.34349967896068998e-06
3.42101352207333287e+00 2.31983691131666667e+01 1.31246928519810004e-06
8.17266201613999876e-01 2.31990526569999993e+01 1.34388960574846991e-06
8.43230646737333278e-01 2.32004825703666704e+01 1.34429758581506001e-06
1.36108164854666658e+00 2.32033687457333322e+01 1.34349317111450004e-06
1.19196863000666675e+00 2.32056283646666657e+01 1.34442996893086006e-06
1.43159603651333334e+00 2.32075570140000025e+01 1.34310780471387009e-06
3.20686863393666677e+00 2.32096163919666658e+01 1.32250466866681995e-06
2.22889382711333317e+00 2.32118828631000014e+01 1.33679932588115995e-06
8.88522747995666662e-01 2.32163123246999987e+01 1.34879144083847006e-06
1.09226877285666668e+00 2.32192928546666657e+01 1.34804726526307010e-06
7.13940347378666740e-01 2.32205931834666650e+01 1.34845292980802000e-06
6.84230254721333253e-01 2.32210261186333362e+01 1.34816478091378994e-06
7.72895897583000036e-01 2.32216855359666674e+01 1.34890688048958005e-06
8.01714680603666685e-01 2.32228387149333315e+01 1.34941570448070004e-06
4.93529836672333300e+00 2.32230454118999994e+01 1.31400235268980002e-06
6.24805556242333360e-01 2.32241133904666697e+01 1.34867256508410000e-06
1.04429696768666669e+00 2.32251151166666681e+01 1.34951458676314993e-06
8.58142573129666686e-01 2.32255458360666687e+01 1.35022099574916002e-06
2.86356305167666614e+00 2.32339577139333358e+01 1.33220014087305000e-06
9.51619768472333316e-01 2.32356385907999972e+01 1.35239316029408002e-06
1.76218582680333324e+00 2.32376157222666677e+01 1.34677714826423010e-06
3.81146946767999983e+00 2.32404280318666672e+01 1.31849137747255006e-06
1.26926681470333325e+00 2.32407388866666658e+01 1.35328223027767005e-06
9.11466760905666695e-01 2.32424847999666646e+01 1.35418683532079010e-06
2.74419855786000033e+00 2.32456775003999958e+01 1.33744053172572011e-06
1.69496039314666658e+00 2.32461721753666666e+01 1.34967653519637006e-06
7.27333063396666701e-01 2.32462191183000009e+01 1.35438830071773995e-06
7.56607579977000011e-01 2.32463948970666650e+01 1.35480493782237005e-06
6.68606788407333341e-01 2.32473526365666707e+01 1.35448607449275993e-06
6.39264147946999928e-01 2.32485242564333312e+01 1.35436300825777009e-06
8.14601101232333313e-01 2.32489042324333326e+01 1.35554791305809993e-06
1.32809658211666659e+00 2.32491167406999999e+01 1.35342731600058003e-06
8.45064548635000024e-01 2.32501814401999987e+01 1.35591102489907992e-06
7.70691762602666586e+00 2.32524722067666687e+01 1.30840095702024008e-06
1.17166526936666648e+00 2.32551345777666683e+01 1.35643432642574994e-06
1.54793712408666662e+00 2.32597136953333319e+01 1.35456855990715990e-06
1.12287841289333357e+00 2.32607956715000022e+01 1.35788705483955005e-06
1.88140846716666665e+00 2.32608765013333318e+01 1.35228085217430006e-06
1.10763683511333326e+01 2.32646878312666665e+01 1.30222339283725008e-06
1.47244192094333326e+00 2.32665210536666649e+01 1.35718423300904990e-06
5.84304739937000051e+00 2.32673815704666644e+01 1.31428891543515003e-06
2.51526918614333317e+00 2.32687477224333357e+01 1.34678070111367007e-06
1.02586184357666688e+00 2.32700201555999975e+01 1.36021045849032000e-06
7.11536842612999987e-01 2.32715092424333356e+01 1.36047605360716994e-06
7.69266484234999992e-01 2.32716772913999996e+01 1.36064425886149008e-06
6.82520660281000002e-01 2.32722098255333343e+01 1.36024584699010993e-06
7.98441222469666645e-01 2.32730334477999996e+01 1.36120406027419991e-06
6.24458591704666666e-01 2.32744108659666686e+01 1.36060499412659993e-06
2.03028547959333316e+00 2.32746272526333335e+01 1.35370851258181001e-06
9.80269038666000014e-01 2.32746683369000031e+01 1.36148864863590990e-06
2.40597616615999987e+00 2.32828263676333336e+01 1.35152228527745003e-06
8.58791925192333383e-01 2.32833987745999984e+01 1.36353991603328004e-06
8.94813962596999968e-01 2.32849356457333307e+01 1.36426368444333999e-06
4.28919314940333241e+00 2.32873945018333330e+01 1.32362428905344993e-06
7.27273942419333252e+00 2.32876779510999974e+01 1.32823917497423999e-06
3.57342989441999981e+00 2.32912499936666677e+01 1.34107688941318996e-06
1.25118162920333331e+00 2.32913971503333350e+01 1.36492141491941998e-06
7.53314375516666690e-01 2.32962636983333304e+01 1.36649462224444009e-06
7.24859250474999883e-01 2.32962714281333341e+01 1.36620018890508010e-06
1.80996959825000014e+00 2.32966766274333317e+01 1.35960344744634992e-06
6.67387659367333352e-01 2.32978146455666710e+01 1.36641551780295994e-06
1.20405104811666663e+00 2.32978331948666657e+01 1.36683601306095002e-06
8.08870053600666661e-01 2.32981395000333329e+01 1.36697977772529993e-06
6.38668231251333318e-01 2.32988440661333307e+01 1.36632543436890009e-06
1.46891830071666671e+01 2.32998668495333341e+01 1.30948648563168002e-06
1.10327185404999994e+00 2.33069768793333338e+01 1.36870270072429001e-06
8.38757308920666689e-01 2.33072276190666656e+01 1.36864983409688008e-06
1.34087536912666661e+00 2.33091404416000039e+01 1.36964172040358994e-06
1.05422708990333347e+00 2.33103791014333375e+01 1.36989900263572997e-06
5.49347320063666711e+00 2.33106448072333308e+01 1.33526375371627993e-06
1.94421776038666683e+00 2.33107076937666697e+01 1.36147570931629998e-06
1.66734505900666652e+00 2.33151694508999974e+01 1.36606484867190010e-06
9.61389501714000061e-01 2.33183919286333321e+01 1.37191216337799006e-06
1.59274861041999993e+00 2.33205937977333342e+01 1.36900524468134008e-06
7.66148805969666724e-01 2.33211058459666667e+01 1.37224592521876003e-06
3.11310860768666720e+00 2.33213487833333346e+01 1.34751932084501998e-06
7.09588510718999976e-01 2.33214092711333336e+01 1.37226558195960993e-06
7.92529745818999931e-01 2.33216254912666692e+01 1.37251066229282005e-06
9.16087433211666635e-01 2.33218130282999994e+01 1.37269736850551009e-06
6.81133101943333319e-01 2.33222519054666684e+01 1.37209877567924002e-06
2.19485559680666675e+00 2.33229026498666663e+01 1.36373752538257008e-06
6.24209639546666639e-01 2.33244332001666699e+01 1.37248053543730003e-06
4.00609535758666624e+00 2.33273304655333327e+01 1.34734743693598000e-06
1.28858558658333333e+00 2.33314467314666665e+01 1.37477155968660005e-06
1.55659042414333353e+01 2.33334089248333356e+01 1.31399635010013002e-06
2.93792686570333350e+00 2.33334277009666664e+01 1.35552675161970003e-06
1.44866199766000014e+00 2.33337015227333318e+01 1.37371824676101991e-06
8.37754088679000031e-01 2.33388449597666643e+01 1.37703241713261007e-06
7.50988237674000025e-01 2.33455498806333317e+01 1.37809459092366005e-06
7.22883067465000084e-01 2.33458455759999985e+01 1.37791271584483006e-06
8.07001484690999971e-01 2.33460130882666697e+01 1.37821832000535003e-06
6.66402148676666695e-01 2.33476798652333315e+01 1.37824925049104991e-06
1.38674699302666649e+00 2.33487041588333319e+01 1.37814792363137992e-06
6.38198114395999938e-01 2.33488317393666698e+01 1.37818169305087997e-06
1.18774064711333338e+00 2.33489373643333344e+01 1.37866084792373007e-06
2.09929591078333333e+00 2.33489459601666702e+01 1.36974790932697000e-06
1.29918488587999992e+01 2.33497474526333342e+01 1.29742125025878007e-06
1.13574830952000005e+00 2.33524199550666687e+01 1.37994489003601998e-06
1.03402354857333312e+00 2.33532567349000004e+01 1.38008294656954993e-06
2.69718035955333368e+00 2.33537624844666674e+01 1.36401653163612992e-06
9.86778765294666571e-01 2.33566213808000036e+01 1.38085974765435008e-06
6.45529588206666727e+00 2.33606476730000026e+01 1.33792865594515008e-06
2.58247773638333333e+00 2.33637469790333334e+01 1.36851016714053996e-06
8.95400521230000024e-01 2.33649959751666643e+01 1.38295144856467006e-06
9.93564836789666650e+00 2.33677901036000009e+01 1.31522693261610995e-06
8.56692738201666693e-01 2.33678543392333324e+01 1.38329428559187007e-06
1.78856372385000006e+00 2.33678683093333319e+01 1.37690839489072996e-06
7.93348723177333404e-01 2.33699405733666659e+01 1.38391579637080997e-06
7.63716416009666665e-01 2.33699970110333339e+01 1.38371979975047004e-06
7.08191678559999982e-01 2.33710660765000000e+01 1.38399244220832999e-06
6.80166168547333361e-01 2.33720577314000018e+01 1.38392042972059008e-06
6.23988474849333286e-01 2.33743985392000013e+01 1.38433531756395001e-06
1.71316461826333355e+00 2.33778046797000023e+01 1.38052941685742005e-06
1.27805074559666654e+00 2.33823845258333307e+01 1.38683030315427998e-06
4.82216242993000055e+00 2.33839821022666676e+01 1.34537162290050999e-06
2.36486343970666679e+00 2.33867062365333318e+01 1.37713780475296997e-06
1.56667990860333339e+00 2.33874464280666672e+01 1.38463648306142994e-06
1.05841432560000004e+00 2.33913478734333324e+01 1.38929840983800001e-06
8.05708567827000066e-01 2.33932281833666629e+01 1.38926176534973004e-06
1.22433638721333327e+00 2.33934391141666680e+01 1.38987304353665992e-06
1.49808849898666652e+00 2.33937467947333317e+01 1.38785485167240006e-06
1.11109432239999983e+00 2.33939133157000008e+01 1.38968746168240992e-06
7.49279140754333439e-01 2.33945672281999997e+01 1.38969297728464992e-06
7.21859573513666697e-01 2.33953405982999989e+01 1.38965947378717997e-06
9.40681361550666573e+00 2.33954559565333291e+01 1.34204280211660009e-06
6.65865658668666760e-01 2.33976140345666686e+01 1.39006765888079995e-06
8.38299978863333295e-01 2.33983100777333313e+01 1.39053397795243008e-06
9.66670305326999935e-01 2.33986984965333313e+01 1.39110533112484003e-06
6.37891999251333330e-01 2.33988029682333369e+01 1.39004128039690001e-06
6.07715292771000026e+00 2.34004282010999987e+01 1.35792730597852994e-06
2.26186535736666672e+00 2.34031544101333289e+01 1.38184410200724991e-06
3.49950242148000035e+00 2.34035616478666668e+01 1.36218853529778997e-06
9.20594129764666591e-01 2.34036519912333354e+01 1.39206911585946005e-06
1.92096345160333315e+00 2.34094398146000024e+01 1.38620754873091005e-06
1.37309002806333313e+00 2.34155030003999975e+01 1.39415366663957000e-06
8.41907490151999838e+00 2.34156833577000008e+01 1.34647822410776010e-06
7.90130045111999912e-01 2.34171071980333316e+01 1.39521948500278002e-06
4.50754887447666608e+00 2.34171877606000010e+01 1.36405954337237991e-06
7.63332925207000024e-01 2.34183898051999968e+01 1.39540863564767008e-06
7.07705597527333308e-01 2.34206194858666663e+01 1.39577187576371009e-06
6.79737192695000103e-01 2.34219012672333342e+01 1.39574205805364993e-06
3.25332602288333339e+00 2.34224131587333346e+01 1.37536437448303995e-06
6.23903524402000031e-01 2.34244044290666658e+01 1.39619760058189009e-06
1.31668356317666668e+00 2.34268770775333337e+01 1.39722440611494000e-06
8.38908293814333295e-01 2.34290892376333346e+01 1.39888813500458003e-06
1.83674828398333312e+00 2.34308003040666684e+01 1.39102382393891000e-06
1.03585346581000004e+00 2.34315396309666681e+01 1.39922795495506994e-06
1.12858706037999990e+00 2.34315410686000014e+01 1.39914298283382996e-06
7.96396602726333214e+00 2.34339859701666633e+01 1.36149404559667003e-06
9.91354228815666594e-01 2.34355256081666674e+01 1.39980147521490992e-06
8.06991425434666620e-01 2.34398657750000012e+01 1.40078033454770995e-06
1.22239679818666644e+01 2.34427188193333329e+01 1.35004623553090998e-06
7.49888224295666705e-01 2.34429568455000030e+01 1.40135519466051008e-06
2.88746577950999983e+00 2.34443032003666652e+01 1.38316544066473996e-06
7.21680463856666621e-01 2.34444131560666698e+01 1.40137837459422003e-06
9.02615457578666569e-01 2.34448749900333375e+01 1.40229253184211001e-06
2.06839990765000037e+00 2.34457937101666687e+01 1.39464091366659992e-06
1.21029807899333330e+00 2.34465407028999984e+01 1.40275668447382995e-06
6.65675022971666697e-01 2.34474963570666688e+01 1.40192341861470992e-06
6.37815014095999944e-01 2.34488105852333319e+01 1.40192302459687993e-06
1.68299533395666656e+00 2.34498786973333324e+01 1.39830445140046994e-06
8.62614647546999902e-01 2.34522976118333339e+01 1.40417433051367010e-06
2.76608376717666715e+00 2.34529181973999989e+01 1.38737884860868992e-06
1.61110707288333344e+00 2.34540960988666676e+01 1.40061306376706990e-06
1.16738529408333336e+00 2.34555664957333363e+01 1.40573480579290001e-06
1.47659317469333318e+00 2.34598460471666641e+01 1.40345960284518004e-06
1.09677246964000008e+00 2.34620022211666672e+01 1.40771886562406997e-06
1.05671887187000002e+00 2.34645662257999987e+01 1.40688220389012994e-06
7.94593828120666590e-01 2.34650009801666677e+01 1.40696546091076995e-06
1.41350970840333345e+00 2.34665996167333333e+01 1.40597191611641001e-06
7.64287746886666675e-01 2.34668094435000008e+01 1.40705576808085999e-06
2.53686636852000014e+00 2.34669841339333338e+01 1.39399058219503002e-06
7.07708097757666632e-01 2.34693919029000000e+01 1.40750169500776007e-06
1.97613516767666675e+00 2.34702071234666683e+01 1.39939280178915003e-06
6.79671061705000024e-01 2.34711933225333347e+01 1.40750758974610005e-06
6.23911489694000010e-01 2.34744061562333322e+01 1.40808593580150008e-06
2.42854509182666689e+00 2.34758647462333379e+01 1.39776473827854993e-06
9.72178237214333385e-01 2.34762509618666684e+01 1.40977017028808992e-06
5.37288766261333350e+00 2.34798164165999985e+01 1.36926878138505006e-06
9.29515641539666593e-01 2.34806468490333344e+01 1.41095992339607993e-06
1.94567767086666663e+01 2.34810214319333319e+01 1.37226040083368000e-06
3.92871576903666631e+00 2.34823712574666672e+01 1.37596214661269000e-06
7.11068680453999935e+00 2.34824223292666652e+01 1.37035862513269003e-06
1.29961834346666660e+00 2.34828940332666711e+01 1.41084724080529006e-06
7.49942264403999914e-01 2.34910937509000028e+01 1.41304541183765009e-06
1.24694721766666650e+00 2.34915030703000021e+01 1.41322805234657008e-06
8.46272016501333213e-01 2.34915417991999966e+01 1.41390381718887999e-06
7.21570375713999845e-01 2.34922198997333318e+01 1.41295818172149005e-06
8.10168065454666575e-01 2.34934686301666638e+01 1.41366318380921004e-06
6.65755196440666608e-01 2.34964692433666649e+01 1.41374000359759007e-06
6.37855633305333347e-01 2.34983678488999992e+01 1.41374981000982999e-06
2.22351920940333336e+00 2.35012271284000001e+01 1.40645197044110008e-06
1.03855473929000008e+00 2.35040645059000006e+01 1.41675092111814001e-06
1.10909197056999997e+00 2.35040914761666677e+01 1.41681756876461995e-06
1.14971863896333337e+00 2.35063118867666674e+01 1.41835428135689999e-06
1.80771805245333339e+00 2.35065379232333349e+01 1.41018736176103990e-06
3.66016240619000000e+00 2.35077804780000008e+01 1.39195255152585003e-06
6.70171981253333371e+00 2.35087905096000007e+01 1.38582524831446991e-06
9.98513341628666673e-01 2.35117632647666674e+01 1.41835544963803001e-06
7.61990248295333239e-01 2.35124987256000004e+01 1.41825161021806000e-06
5.03634921369000033e+00 2.35140342733666650e+01 1.38593248098057004e-06
1.72936420801333313e+00 2.35156799461333321e+01 1.41363376812344001e-06
7.91909968111999873e-01 2.35166820681999980e+01 1.41945645773522994e-06
7.07632774020999999e-01 2.35170514041666650e+01 1.41916735240020999e-06
2.12561344570999999e+00 2.35178231181333324e+01 1.41084395017796002e-06
9.10818318746999922e-01 2.35191824711999971e+01 1.42054509452655008e-06
6.79854630800333370e-01 2.35194993281666633e+01 1.41920250000734004e-06
8.67575503740333320e-01 2.35226547995666664e+01 1.42140243331764000e-06
6.23944143611333324e-01 2.35239616927666653e+01 1.42001544961632001e-06
1.39141211821333322e+00 2.35247015080666664e+01 1.41977178917029999e-06
1.51366418707666672e+00 2.35276948661000027e+01 1.41914174342453991e-06
1.57958667564999988e+00 2.35282452844666672e+01 1.41864448831549000e-06
1.33392721816333304e+00 2.35296218474666681e+01 1.42172593288645992e-06
1.07259089568000010e+00 2.35315555742333338e+01 1.42390913156026001e-06
7.47925923809333426e-01 2.35354786772666671e+01 1.42425604584911005e-06
3.15818973561000016e+00 2.35375244992333315e+01 1.40026099715815993e-06
7.21940338225000033e-01 2.35389052069999991e+01 1.42443417371147999e-06
1.22747402510000003e+00 2.35442183180666689e+01 1.42631150721977999e-06
7.93362367399999990e-01 2.35444606354333352e+01 1.42724200088577006e-06
6.65801293372999980e-01 2.35452148233666669e+01 1.42559292836286990e-06
2.96751123422000029e+00 2.35473356232333337e+01 1.40886227931175009e-06
6.37790369319333306e-01 2.35477785824333345e+01 1.42558568790391991e-06
1.17315823130666685e+00 2.35500013416999998e+01 1.42817163996578006e-06
9.80966838936333296e-01 2.35545896133999975e+01 1.42890241673319010e-06
7.63927488090666684e-01 2.35553853881333346e+01 1.42922400229496000e-06
1.08981733583666678e+01 2.35556531673666676e+01 1.35519528569494004e-06
1.94320779345000005e+00 2.35564711747666671e+01 1.42158959927995999e-06
9.35934411729333338e-01 2.35576129326666610e+01 1.42992245373786002e-06
8.50413013671666662e-01 2.35584707083000033e+01 1.43048473267932000e-06
2.71423052605333348e+00 2.35599410691666691e+01 1.41435392250045004e-06
7.08468418806333378e-01 2.35636935015666715e+01 1.43078852911058007e-06
2.59971575056666682e+00 2.35640225111333343e+01 1.41707992389607009e-06
8.14578770565333343e-01 2.35646485809666650e+01 1.43206263855949005e-06
6.80107517175000065e-01 2.35675551939333339e+01 1.43087370852704005e-06
1.85900584584666650e+00 2.35714414850666678e+01 1.42616535704774006e-06
4.39942666085666634e+00 2.35724952847000004e+01 1.39542539825817991e-06
1.42154556522999997e+00 2.35726631291333319e+01 1.43129043329885999e-06
2.38509048730666695e+00 2.35727113448666650e+01 1.42196061217685006e-06
6.23846225708000079e-01 2.35738168897666647e+01 1.43201501790186008e-06
1.06427629232333332e+00 2.35760128436999992e+01 1.43466232474668995e-06
5.94322280821999982e+00 2.35789055036999997e+01 1.39546852072098001e-06
7.53469803439666630e-01 2.35804245972333320e+01 1.43556695251150990e-06
2.28306268722333350e+00 2.35816255534333372e+01 1.42539048379535000e-06
1.48071416780333354e+00 2.35824100567333339e+01 1.43202040656015996e-06
1.31261053084666668e+00 2.35832482267333319e+01 1.43489917960172003e-06
7.23996319739666716e-01 2.35853061809333333e+01 1.43611703897741998e-06
1.25882846358333311e+00 2.35892356603000017e+01 1.43676236832080994e-06
1.70047145014000001e+00 2.35896733215333363e+01 1.43202383028041010e-06
8.71994519628666698e-01 2.35902635138999983e+01 1.43841673281769002e-06
1.02955549970366675e+01 2.35909402250333322e+01 1.38792157747972993e-06
1.01269363324099992e+00 2.35913481239999960e+01 1.43820388579402993e-06
6.64682864892333303e-01 2.35926267818333315e+01 1.43754692063428998e-06
9.14273102679666660e-01 2.35928780666333324e+01 1.43849546651240997e-06
6.36432497478999992e-01 2.35963247185999982e+01 1.43725304558131005e-06
4.10369134723333318e+00 2.35977428178666635e+01 1.40930341982659999e-06
1.62258217885000011e+00 2.35980212583333326e+01 1.43542270989327010e-06
8.02299849155666656e-01 2.35981554829000011e+01 1.44037814994410000e-06
1.15182039877333331e+00 2.36012518707666636e+01 1.44068719921797003e-06
7.70625761339333248e-01 2.36030067464666651e+01 1.44108131267342002e-06
2.09006321271000006e+00 2.36080433467999988e+01 1.43364428637303993e-06
1.73751543052666655e+01 2.36080713175999968e+01 1.36865303863014997e-06
7.11102119229666596e-01 2.36103982573333333e+01 1.44247790891941008e-06
1.09990082607333317e+00 2.36117905197999995e+01 1.44299527753226990e-06
6.80149566013666718e-01 2.36138571658666656e+01 1.44278982721349002e-06
5.58853174185666646e+00 2.36150304824333368e+01 1.41112545655124009e-06
1.43035982095000005e+01 2.36206914880999967e+01 1.39358506653400993e-06
1.99992230042333330e+00 2.36222779901333304e+01 1.43780493929405008e-06
6.22586271771000010e-01 2.36225078289333332e+01 1.44422638656376996e-06
8.54119387305666833e-01 2.36227355352999986e+01 1.44650601132296999e-06
1.39691579751666661e+00 2.36241092162000008e+01 1.44410131908676994e-06
8.20258959938999888e-01 2.36244496316333361e+01 1.44671975514199008e-06
9.19373637356999929e+00 2.36255686134999969e+01 1.39438329705110003e-06
9.29334342513000067e-01 2.36261104758333325e+01 1.44715675373378001e-06
1.59160495169666660e+01 2.36276666109666671e+01 1.39521415573954001e-06
8.68355785826999949e+00 2.36283403747666689e+01 1.40464176156785009e-06
1.34546566318333327e+00 2.36297739743999990e+01 1.44590305283224995e-06
7.57197363342333341e-01 2.36306219139666638e+01 1.44801219111039996e-06
7.27147204932666713e-01 2.36331318411333307e+01 1.44827701788944995e-06
3.55892912876333334e+00 2.36341685030333331e+01 1.41902744860230006e-06
1.00105568287533320e+00 2.36355127322666654e+01 1.44884524539563989e-06
6.68958576759666634e-01 2.36369190042666624e+01 1.44834572253276997e-06
1.23748632235666656e+00 2.36405316063000015e+01 1.44947057404154997e-06
6.39645649930333349e-01 2.36418717305666632e+01 1.44951336968832010e-06
9.63063400968333205e-01 2.36450044548333302e+01 1.45209327724356994e-06
3.30313285678000002e+00 2.36450610133999994e+01 1.42974304381697007e-06
1.48683456252333346e+00 2.36455687208666667e+01 1.44975777507659010e-06
1.18479405133999993e+00 2.36467647931333325e+01 1.45128551059914001e-06
1.83015160908999985e+00 2.36467818620000010e+01 1.44507329789012993e-06
1.35134723039000004e+01 2.36519894334000007e+01 1.40614690031864009e-06
8.71004273208000002e-01 2.36536786274666646e+01 1.45412039161577997e-06
8.04494756379333431e-01 2.36542196783333338e+01 1.45411098264369994e-06
9.03940645364333384e-01 2.36544390152666644e+01 1.45472000224812999e-06
7.73107247599000069e-01 2.36555406970999975e+01 1.45416625634573003e-06
1.74997105782333340e+00 2.36558716755666687e+01 1.44839965245459007e-06
7.13755506738666612e-01 2.36581080813333351e+01 1.45455411963661993e-06
6.86519431781666634e-01 2.36584363359333345e+01 1.45474480857034004e-06
2.90984712455000016e+00 2.36593147873000014e+01 1.43646384406899005e-06
2.44167379979666643e+00 2.36604096989666637e+01 1.44316903331462998e-06
2.54797778636333350e+00 2.36606014775333335e+01 1.44140981478710992e-06
7.76139953071666611e+00 2.36620570757000017e+01 1.41659199737802996e-06
2.77794842871666647e+00 2.36633052361999994e+01 1.43934448132898000e-06
1.08219866199666659e+00 2.36639126159333379e+01 1.45595714456935997e-06
1.43159778509333346e+00 2.36689175688999995e+01 1.45455769387286001e-06
6.27059378159333325e-01 2.36693639017333339e+01 1.45646525293883999e-06
1.59769915210333324e+00 2.36721341196333306e+01 1.45406155273183991e-06
1.03493617788100001e+00 2.36722995480999998e+01 1.45809596761921999e-06
2.24274359119333333e+00 2.36725027298666646e+01 1.44824683045291996e-06
7.34229850982666665e+00 2.36752876904666714e+01 1.42241243531783009e-06
4.90867344706333331e+00 2.36775797871333289e+01 1.42058646798874996e-06
6.74294066073000020e-01 2.36806151766666666e+01 1.46027772335579004e-06
1.32345178327666657e+00 2.36814765931666678e+01 1.45865215156778998e-06
8.19702731313999955e-01 2.36816575006666703e+01 1.46079594969700994e-06
2.14764988037333326e+00 2.36823245334999974e+01 1.45175058789665004e-06
7.57457545254000109e-01 2.36827421162666667e+01 1.46103899957836001e-06
7.28155962803333279e-01 2.36827995733333303e+01 1.46082685028875993e-06
8.52351820776000024e-01 2.36828305461333350e+01 1.46117430225913008e-06
9.55059533839666686e-01 2.36859917525666646e+01 1.46219778948521994e-06
1.26925450971333320e+00 2.36862467915000003e+01 1.46041177176679993e-06
6.44146939279999997e-01 2.36865900161666652e+01 1.46067956094882007e-06
9.20204761484333389e-01 2.36880819389333332e+01 1.46246213771414995e-06
1.53039141260333333e+00 2.36882398813333346e+01 1.45851900623745002e-06
6.54064666136000028e+00 2.36889748201999986e+01 1.42614429696961995e-06
1.16391672367000010e+00 2.36968081546999976e+01 1.46375893866456001e-06
4.58636444968333379e+00 2.37028351401333310e+01 1.43275021558296005e-06
1.11324090702666667e+00 2.37034173284666672e+01 1.46544340210406994e-06
1.96699240585666679e+00 2.37053768584999993e+01 1.45885270152087991e-06
6.83997329871000037e-01 2.37064981811333304e+01 1.46646577132251996e-06
7.10623151644333206e-01 2.37090108323999971e+01 1.46755356285954006e-06
7.71824126327000037e-01 2.37090549125333325e+01 1.46748781746616997e-06
8.02681803606666633e-01 2.37092913156999998e+01 1.46772973623843006e-06
6.38556219814333303e-01 2.37113873850666685e+01 1.46778106952770999e-06
8.67522765287000008e-01 2.37143380221333331e+01 1.46881913270350001e-06
1.88142366212666690e+00 2.37149104200666621e+01 1.46200722901092991e-06
1.01759319007366655e+00 2.37168409595333323e+01 1.46908576381670998e-06
9.02439333839000102e-01 2.37188290271333351e+01 1.46940644487291991e-06
6.16029261140333251e+00 2.37193092862000015e+01 1.43886836032245009e-06
9.75708827939333445e-01 2.37210414414333286e+01 1.47002979702592990e-06
1.41391986054666674e+00 2.37227010935000031e+01 1.46811877058272995e-06
6.65318861771666659e-01 2.37233009578333345e+01 1.47093277635767011e-06
6.21468658693666742e-01 2.37274946039666652e+01 1.47240916940148006e-06
1.72056613378000001e+00 2.37286261669999980e+01 1.46672223411464998e-06
1.35722399306333341e+00 2.37295953595666695e+01 1.47029505387893992e-06
1.24702731202999995e+00 2.37355688930999982e+01 1.47276285557240003e-06
7.23440356916666638e-01 2.37357944056666668e+01 1.47413049281870993e-06
7.55339749148666528e-01 2.37358959428666658e+01 1.47431473566818003e-06
1.64618349934999997e+00 2.37365406742666671e+01 1.46952547142166998e-06
8.16589177966999924e-01 2.37372573586000009e+01 1.47453499708353993e-06
3.98668162940000004e+00 2.37390461984333321e+01 1.44072895859644994e-06
1.19438179700333325e+00 2.37398970694666680e+01 1.47419798122198001e-06
8.48781050185333341e-01 2.37411310195666658e+01 1.47500874523868999e-06
6.61724390476333357e-01 2.37477415100666640e+01 1.47744056090240010e-06
2.39497098886333326e+00 2.37483252554333326e+01 1.46556180256963995e-06
3.71047277377666695e+00 2.37500626630666680e+01 1.45048947121660999e-06
2.29806858034333317e+00 2.37515040777666684e+01 1.46773418944940008e-06
1.09255631314000001e+00 2.37516376248333358e+01 1.47755296003923995e-06
6.34961748519000002e-01 2.37524946039666638e+01 1.47853901028502993e-06
9.14907321269000096e-01 2.37564262142999958e+01 1.47836804538134008e-06
1.04417108030266648e+00 2.37566743237333320e+01 1.47863769660735001e-06
1.51133031013999997e+00 2.37604845111000031e+01 1.47695561860648993e-06
9.53322043014000031e-01 2.37607288149666651e+01 1.47997606283678004e-06
7.08183006201666743e-01 2.37618882321666653e+01 1.48088231031599991e-06
3.19502031453333357e+00 2.37624707804999993e+01 1.45711648672373002e-06
7.69252506761000099e-01 2.37628902590666655e+01 1.48087937581155001e-06
7.99644258299666677e-01 2.37640152716333297e+01 1.48111945566606992e-06
6.78711763961666659e-01 2.37660794983999999e+01 1.48173509541519001e-06
1.66370428912333317e+01 2.37665114697000028e+01 1.46022969603156993e-06
2.99241308369333359e+00 2.37669134303999989e+01 1.46368703197089005e-06
2.60170629608666681e+00 2.37679010200666703e+01 1.46784821831586997e-06
2.11067046661999980e+00 2.37688004666999966e+01 1.47367769290698990e-06
8.60957985954333371e-01 2.37694870896333335e+01 1.48198648128907005e-06
1.45009553551333337e+00 2.37715968752333318e+01 1.47966571630934992e-06
2.71716216295333401e+00 2.37746862207000014e+01 1.46816451130056995e-06
6.23493089825333358e-01 2.37750000001000039e+01 1.48380885579295003e-06
2.02015390438999987e+00 2.37776181483666669e+01 1.47675764172535006e-06
1.20133221650333315e+01 2.37785460152333350e+01 1.41293760339481009e-06
1.33487193251999980e+00 2.37791571254666678e+01 1.48251543403668994e-06
8.92167688486000032e-01 2.37802912793666650e+01 1.48387869661049995e-06
1.27887252504999993e+00 2.37803604606666674e+01 1.48415590099774999e-06
5.45026742770666672e+00 2.37871405202666715e+01 1.44887552402064998e-06
1.17241234721666676e+00 2.37879462045666692e+01 1.48638317415126995e-06
7.23986403520333277e-01 2.37885948010333372e+01 1.48765238931586996e-06
7.53156511847666743e-01 2.37894952907333312e+01 1.48761376235291999e-06
8.12666243226000007e-01 2.37914596714000020e+01 1.48770500303119009e-06
1.84665570004666679e+00 2.37920897513666638e+01 1.48166670979623996e-06
8.41788098662333284e-01 2.37930578284333336e+01 1.48807076005493010e-06
1.12126267999666673e+00 2.37930775861666639e+01 1.48763770580388004e-06
6.65874629435666665e-01 2.37945011831999977e+01 1.48920763519809001e-06
1.76597872296666658e+00 2.37967156847333321e+01 1.48356711576787000e-06
6.37418597256666608e-01 2.37986685909999984e+01 1.48953395164414008e-06
9.70848347487666685e-01 2.38036476533666672e+01 1.49007158924694006e-06
1.01981302264200013e+00 2.38037936440333340e+01 1.49064670981726005e-06
1.61819933321999998e+00 2.38063129818000014e+01 1.48727713836997002e-06
8.87016336442333464e-01 2.38137126310666645e+01 1.49378749140387996e-06
1.55065388350999989e+00 2.38141510569333370e+01 1.48958643831274006e-06
1.13199278618999983e+01 2.38143362211999978e+01 1.44105601466166991e-06
5.10694758183666675e+00 2.38154719682000007e+01 1.46069398549191008e-06
7.09020697197666805e-01 2.38155773567666671e+01 1.49434301591826006e-06
7.66767430273999850e-01 2.38163647254999979e+01 1.49412741531383994e-06
7.95885410113666758e-01 2.38172040936000009e+01 1.49430115039416993e-06
6.80380165353000055e-01 2.38172924727000002e+01 1.49443283673887990e-06
8.54134569422333456e-01 2.38204342047333313e+01 1.49429498959525004e-06
8.46527418961666633e+00 2.38224274564666665e+01 1.45559414582515994e-06
6.23925507431333348e-01 2.38236685910000006e+01 1.49587828390815002e-06
2.44089497997999993e+00 2.38268386029999988e+01 1.48541569970808004e-06
1.25516425313333335e+00 2.38288807284666682e+01 1.49630905288508991e-06
1.42649686849000013e+00 2.38304629928666678e+01 1.49466824153588995e-06
1.36796913298000011e+00 2.38311289770333339e+01 1.49613175528874999e-06
1.20134959032666666e+00 2.38321382960000001e+01 1.49723040242086992e-06
6.73759800792666663e+00 2.38334761466000025e+01 1.46723701722658008e-06
9.03154196658000008e-01 2.38356409209666644e+01 1.49836647433658999e-06
9.44465575493333431e-01 2.38370491439333314e+01 1.49863236908059999e-06
2.25748557725666643e+00 2.38373503488666643e+01 1.48972638135521003e-06
7.99822473632000008e+00 2.38378415449333367e+01 1.46830866891166991e-06
1.09940542655333329e+00 2.38405240046000024e+01 1.49969728888273001e-06
7.50931215913333339e-01 2.38425428129333348e+01 1.50081740937732992e-06
7.22354591164333315e-01 2.38426559339000015e+01 1.50073108388190008e-06
8.08812474440666729e-01 2.38440152986999969e+01 1.50078655825139010e-06
2.16518117435333357e+00 2.38448249341666667e+01 1.49261362895518995e-06
6.65693134686999977e-01 2.38453544087999951e+01 1.50153441686764005e-06
8.37939778312999928e-01 2.38456472527999956e+01 1.50089872622621998e-06
7.13028286438666736e+00 2.38461571972000002e+01 1.47173517875836993e-06
1.04634100203600000e+00 2.38462033635666693e+01 1.50098784110031003e-06
2.54132630063666687e+00 2.38462225890666666e+01 1.48756861854472989e-06
6.37694508944333327e-01 2.38475631193000019e+01 1.50156819474127006e-06
1.00632414159133337e+01 2.38542387102666673e+01 1.44785053670751992e-06
4.44973837003666706e+00 2.38593107922333338e+01 1.46852968773301999e-06
1.98221568644000001e+00 2.38604135621666664e+01 1.49799399166408993e-06
9.49025754483666617e+00 2.38612012458000002e+01 1.46124133499728992e-06
1.73095044797666664e+00 2.38645576275666649e+01 1.50090625613734992e-06
1.89428622582666684e+00 2.38653516036000006e+01 1.49999454266881990e-06
1.65755369265999986e+00 2.38662404173666687e+01 1.50199817611872006e-06
7.63608949401333281e-01 2.38687514736333348e+01 1.50715542810692991e-06
7.07285196929333337e-01 2.38692139593999997e+01 1.50749382106553991e-06
7.92372228089000097e-01 2.38693845913000011e+01 1.50745046355792996e-06
8.85236618176333478e-01 2.38701549459666644e+01 1.50756113901567004e-06
6.79264272296666749e-01 2.38701973183666638e+01 1.50745567519104998e-06
4.14579086337666691e+00 2.38702743173666647e+01 1.47506958358542995e-06
8.52903966851333295e-01 2.38734397041333324e+01 1.50809851280319001e-06
6.23769001513000076e-01 2.38738945284000010e+01 1.50829636065789002e-06
3.59118804876666653e+00 2.38743354702999966e+01 1.48039594796573007e-06
3.33153186150666691e+00 2.38758510773666650e+01 1.48705786247531990e-06
9.49839898169333341e-01 2.38765825113999988e+01 1.50961912162568008e-06
2.92571246973333343e+00 2.38776387881999987e+01 1.49155821167510005e-06
1.17922673873333328e+00 2.38780733130999998e+01 1.50863338966677008e-06
1.52396118566333350e+00 2.38790676200999989e+01 1.50613018282294997e-06
1.12843224217999993e+00 2.38813276401000003e+01 1.50979872720653000e-06
2.78236024482666666e+00 2.38814211295999996e+01 1.49540774025848992e-06
1.46103894527000011e+00 2.38842671919000047e+01 1.50771736257693009e-06
1.28293234507333342e+00 2.38858762729999974e+01 1.50984408728840993e-06
1.33973781744999987e+00 2.38893278567666663e+01 1.51008668453126005e-06
9.09474172623999988e-01 2.38931161268666692e+01 1.51364028679803000e-06
1.02593404586266668e+00 2.38940767728666685e+01 1.51325124269271999e-06
7.47898509576999992e-01 2.38944548817666664e+01 1.51384656716947992e-06
7.20151381854000072e-01 2.38948042465666646e+01 1.51366014882217007e-06
8.04164585391666686e-01 2.38957369156999988e+01 1.51395068518664008e-06
6.64859991731999944e-01 2.38966692142666659e+01 1.51418825482626010e-06
6.37363346691000032e-01 2.38981577137999999e+01 1.51418218847483991e-06
8.35569020281666686e-01 2.38981600744333349e+01 1.51470640688494003e-06
6.01249223961666690e+00 2.38986143213000020e+01 1.47951229398817002e-06
9.80077547127666704e-01 2.39037469852666682e+01 1.51592377963641009e-06
2.39852623317666680e+00 2.39066284818999968e+01 1.50617332431185009e-06
2.31201923897333295e+00 2.39139614054333300e+01 1.50905197732912000e-06
1.20323881066333338e+00 2.39201340052333364e+01 1.51924529701946999e-06
7.60084072016000145e-01 2.39203019321666659e+01 1.52014104817322999e-06
7.05328912244333472e-01 2.39207279689666628e+01 1.52034121320807997e-06
7.87586869143000023e-01 2.39209508484333355e+01 1.52049274570493992e-06
6.78058446755000044e-01 2.39216095777000000e+01 1.52025167384751004e-06
6.23594345178000053e-01 2.39242631854999992e+01 1.52085759666556994e-06
8.44603023928666707e-01 2.39251368718666662e+01 1.52154439987204009e-06
9.02538241584000089e-01 2.39259485269333361e+01 1.52156182398138007e-06
1.10684012382999986e+00 2.39288110566333323e+01 1.52190534018073003e-06
2.12618968959666654e+00 2.39297026787000000e+01 1.51444907036035998e-06
1.62481391164333355e+00 2.39298332292333349e+01 1.51874079563565993e-06
5.65715812228333359e+00 2.39303205766333349e+01 1.49158227301113002e-06
1.25312975419666661e+00 2.39311945326666660e+01 1.52026489324953008e-06
1.55876685435666684e+00 2.39348223568333331e+01 1.51965871070433010e-06
1.05740635202999989e+00 2.39358808304333337e+01 1.52336261458055999e-06
2.03374076391333292e+00 2.39364736250333330e+01 1.51710069911399999e-06
8.72185341252666668e-01 2.39375316411666681e+01 1.52480108578118991e-06
1.76717520089666658e+00 2.39411765885666661e+01 1.52035681323692996e-06
2.55359534817000000e+00 2.39434788421666660e+01 1.51553236873995997e-06
1.54887969334000015e+01 2.39445772971999986e+01 1.48802815019480003e-06
1.43433431775000009e+00 2.39453871158666658e+01 1.52319278733623997e-06
7.44928566998333430e-01 2.39458936349999938e+01 1.52668007862878991e-06
7.17920534949666678e-01 2.39459703069999996e+01 1.52649889726839005e-06
1.84983400166666656e+00 2.39465964979666666e+01 1.52116124003399010e-06
7.99016637688000020e-01 2.39473037826666655e+01 1.52696996804578008e-06
6.63894769691666720e-01 2.39474362692000007e+01 1.52690215476897010e-06
9.67082839553666695e-01 2.39479106936666675e+01 1.52685475351905991e-06
6.36927313155666641e-01 2.39486013774666695e+01 1.52686939194329991e-06
8.24628357583666705e-01 2.39490666473666671e+01 1.52752889847569010e-06
1.37156092544000008e+00 2.39497817965666684e+01 1.52455896191357996e-06
9.29909259555333434e-01 2.39535786198666649e+01 1.52863480153798005e-06
1.18120622928333341e+00 2.39644534169333348e+01 1.53030115840474999e-06
1.13560203900333323e+00 2.39698761413333337e+01 1.53154633180394004e-06
8.65833894124000025e-01 2.39706623161666634e+01 1.53319359893465010e-06
1.47530668602000006e+01 2.39711442496333298e+01 1.49561798593662007e-06
7.03561188358333367e-01 2.39714759560999973e+01 1.53304883038126994e-06
7.56954899226999989e-01 2.39715628484999961e+01 1.53297586791579000e-06
6.76805888589666615e-01 2.39720603095666682e+01 1.53297329647000999e-06
7.83540172789666589e-01 2.39723240798999946e+01 1.53326432089520007e-06
1.89597546244000021e+01 2.39737699654333341e+01 1.49199406161994005e-06
6.23332967977666574e-01 2.39743381920666678e+01 1.53352169360368995e-06
8.36557510314666630e-01 2.39754187905000009e+01 1.53380364433771004e-06
2.45890799857999998e+00 2.39770362978666647e+01 1.52470571436232995e-06
4.95771760302333320e+00 2.39827563542666660e+01 1.49984161012154010e-06
1.65500850748333339e+00 2.39840319327000024e+01 1.53216566749762994e-06
1.25803739216000010e+00 2.39850938200000030e+01 1.53549183136355000e-06
1.03469188326000006e+00 2.39851276458000022e+01 1.53597878256272009e-06
9.16885328194666727e-01 2.39868458901333277e+01 1.53705376666020995e-06
9.90224869518666728e-01 2.39874872966333328e+01 1.53631042267522006e-06
3.01259886549000022e+00 2.39885127188333342e+01 1.52095409239150990e-06
1.80539549745999999e+01 2.39902452847333336e+01 1.51331167847825999e-06
3.21581102642333327e+00 2.39911676579000037e+01 1.51582626047632001e-06
8.83162863094666739e-01 2.39923464722000013e+01 1.53789146784717990e-06
2.73579198652666689e+00 2.39943157739666653e+01 1.52522635671605002e-06
7.15940574905333360e-01 2.39962835444333287e+01 1.53917182835652008e-06
7.42326253725333451e-01 2.39964471088333333e+01 1.53934744686999006e-06
1.72397304142000007e+00 2.39970580818333339e+01 1.53423142807625005e-06
1.52864402338000005e+00 2.39971121976333315e+01 1.53596975947157996e-06
6.62973268253999937e-01 2.39976311466333350e+01 1.53959549699152005e-06
3.72424622421999985e+00 2.39979657962000026e+01 1.51115919241527995e-06
7.95097686583666641e-01 2.39983012289333324e+01 1.53961056178307003e-06
6.36467804177999974e-01 2.39987439208666622e+01 1.53961548040119999e-06
2.27371230165333316e+00 2.39990661727333325e+01 1.53103736594108002e-06
8.22503304212999997e-01 2.39996330748333371e+01 1.53982292456673005e-06
4.62281738860333302e+00 2.40013398252999970e+01 1.50577245857805010e-06
1.46713372716666668e+00 2.40024773848666655e+01 1.53687010289746997e-06
1.21014769443000003e+00 2.40040119061666672e+01 1.53966785870336995e-06
4.00264018320666626e+00 2.40049211078999996e+01 1.50960048163127996e-06
2.18018715518000006e+00 2.40073328607000001e+01 1.53400223037419003e-06
1.34801334052666655e+00 2.40110234157333338e+01 1.54014523990661004e-06
6.57865008054666589e+00 2.40130481911333327e+01 1.51056760323024991e-06
2.62766171960666650e+00 2.40131332887000006e+01 1.53221181380625010e-06
9.31461446990666686e-01 2.40147406050333352e+01 1.54371492316649996e-06
1.11465737755333327e+00 2.40186310449000011e+01 1.54410708124347996e-06
1.99354492993666654e+00 2.40201364348333328e+01 1.53885582542473996e-06
7.02138998784666568e-01 2.40210489631666633e+01 1.54556414534714007e-06
9.67627408316333315e-01 2.40210499377333342e+01 1.54472764300499010e-06
7.54008074996333377e-01 2.40216379339666624e+01 1.54560374571176009e-06
6.75926991902000007e-01 2.40218122118999986e+01 1.54558825672552992e-06
1.29379595407666659e+00 2.40220341083000015e+01 1.54325544048574994e-06
7.80194234291999966e-01 2.40227308226666700e+01 1.54589891604332000e-06
8.65675964579999957e-01 2.40237165246333326e+01 1.54642423533167000e-06
6.23134836200333275e-01 2.40244057288999961e+01 1.54633723192847006e-06
1.89756762830333336e+00 2.40253212663333358e+01 1.54125161886795996e-06
8.34292789507666721e-01 2.40262466529333345e+01 1.54623768409270990e-06
1.06318099360999985e+00 2.40268127755666683e+01 1.54599068111715998e-06
9.12523311552333349e-01 2.40444737223000011e+01 1.55171865624491007e-06
1.62157988752000004e+00 2.40448861184333360e+01 1.54854971829699010e-06
7.14204949270666689e-01 2.40449010964666634e+01 1.55149624490561991e-06
7.39688346662333296e-01 2.40453265028666685e+01 1.55172770608584004e-06
6.23389836219333393e+00 2.40478518998333328e+01 1.52545886077197005e-06
8.80460294241666719e-01 2.40479490598333321e+01 1.55172212288486006e-06
7.91390085125333376e-01 2.40485639550999970e+01 1.55238274383444999e-06
6.63302262910333229e-01 2.40494776512999984e+01 1.55270594592714008e-06
1.19512947543333325e+00 2.40498993751666710e+01 1.55136818830922006e-06
7.19308255922333206e+00 2.40504898778666671e+01 1.51860561641467006e-06
8.18083022711666552e-01 2.40507479394666639e+01 1.55273750362412009e-06
6.37015571284666682e-01 2.40509583940666687e+01 1.55306783771064996e-06
1.56126246070333341e+00 2.40529772557666668e+01 1.54936438835296999e-06
1.14524334883666667e+00 2.40590957895000024e+01 1.55379117934401008e-06
1.31212615446333327e+01 2.40603675079999988e+01 1.51007731339136006e-06
9.67324256472000044e-01 2.40613557044333284e+01 1.55616337756797990e-06
2.42909175449999992e+00 2.40623618983333358e+01 1.54662556285863997e-06
1.43909736564000013e+00 2.40637034235333367e+01 1.55260050398411993e-06
7.02255280872333354e-01 2.40666715248999985e+01 1.55714099234380996e-06
1.38275037131000000e+00 2.40678547737000024e+01 1.55347388589201004e-06
7.50558110366666753e-01 2.40703256621666668e+01 1.55810031944875991e-06
6.77564601394666677e-01 2.40704848310000017e+01 1.55776491496558996e-06
1.72641260614000003e+00 2.40705134897333330e+01 1.55614036471109994e-06
7.76073689534000022e-01 2.40724702257000018e+01 1.55863362290671000e-06
7.89294093090333337e+00 2.40727810766333334e+01 1.52061637112765007e-06
9.29323207882333246e-01 2.40741229692000012e+01 1.55858109254935001e-06
8.67653184652999876e+00 2.40755458002333320e+01 1.51683451568543005e-06
1.04347283696999993e+00 2.40758652754000018e+01 1.55889274014368002e-06
6.23880735084333282e-01 2.40765526652666644e+01 1.55958577285933009e-06
8.62227361044999974e-01 2.40769225271333340e+01 1.55975322615827004e-06
2.33040305177666651e+00 2.40770588496666669e+01 1.55067060811356990e-06
8.31233264587333376e-01 2.40771912784666675e+01 1.55976931533152007e-06
1.27772177109333329e+00 2.40806138616333349e+01 1.55811458676286999e-06
9.95576295284333335e-01 2.40886106302999963e+01 1.56194608837815990e-06
7.12381518380666656e-01 2.40894289695000019e+01 1.56307732426025005e-06
1.22694499018000003e+00 2.40895610423333331e+01 1.56078708283165008e-06
1.10457661305333321e+01 2.40925756288999970e+01 1.50641273142533993e-06
7.35200950483333338e-01 2.40926577003666686e+01 1.56387626568047996e-06
2.14023159356333315e+00 2.40928242957999998e+01 1.55622158057544005e-06
1.23889922827000003e+01 2.40939527231333379e+01 1.50140836932609996e-06
6.73537838978333192e-01 2.40965379864999996e+01 1.56521727900051008e-06
1.65806169755999999e+00 2.40968356360333331e+01 1.56089004584050989e-06
1.03916980458766659e+01 2.40971910603000019e+01 1.52186358220928005e-06
2.04603829400333304e+00 2.40988569235999996e+01 1.55881181699334994e-06
7.86969217989000103e-01 2.40989163339666703e+01 1.56551174447112006e-06
2.94454461793333344e+00 2.40993801503666703e+01 1.54838405649373005e-06
2.81108996387666688e+00 2.41014008641000004e+01 1.55235267716354991e-06
8.15435855456000058e-01 2.41014534023666691e+01 1.56610287204312008e-06
6.33082765779000023e-01 2.41015526652666665e+01 1.56633795619350000e-06
8.78676159363333320e-01 2.41041109629666686e+01 1.56666809433393009e-06
9.13708988889999962e-01 2.41047867425666631e+01 1.56647502607393009e-06
5.50680737667666609e+00 2.41051987409000041e+01 1.53247459867442003e-06
3.33928523132666655e+00 2.41059203713999999e+01 1.54537401006939001e-06
1.12631730625666671e+00 2.41074231115666642e+01 1.56631016612486999e-06
6.96070033027999968e-01 2.41079286898333329e+01 1.56785630732880999e-06
6.55342694988333307e-01 2.41094584113333354e+01 1.56823172036219992e-06
1.85935495418666652e+00 2.41096363280999988e+01 1.56342948743548998e-06
3.58806424186333350e+00 2.41142341167666672e+01 1.54321046781161009e-06
1.07602317833333339e+00 2.41160108667999999e+01 1.56862066891472011e-06
9.19133668645000057e+00 2.41170913508333342e+01 1.53279054888820000e-06
1.52802246190000002e+00 2.41181812186000002e+01 1.56686992496562004e-06
7.44429782484333225e-01 2.41185395604666688e+01 1.57064178126750009e-06
1.35814467937666650e+00 2.41185798934666700e+01 1.56631649203220996e-06
1.30733346560999997e+00 2.41203282888333348e+01 1.56758151716031010e-06
7.70682470822666610e-01 2.41226536305333354e+01 1.57162047841960008e-06
1.46736766305000010e+00 2.41235421991333290e+01 1.56687066406246008e-06
1.77561399012999988e+00 2.41238152627000026e+01 1.56804597452636001e-06
6.19202030694666727e-01 2.41250000001000018e+01 1.57243916912408002e-06
2.59411693983666636e+00 2.41265489567333304e+01 1.56188770053658001e-06
1.65650843721666696e+01 2.41286644225333333e+01 1.53824989611493993e-06
5.15068670328666656e+00 2.41293030705999989e+01 1.54142113293344002e-06
8.28239774339333379e-01 2.41293061287000050e+01 1.57334851942983001e-06
8.60485981789000043e-01 2.41322324406333344e+01 1.57411877093416003e-06
7.00905061340333257e-01 2.41335217868333309e+01 1.57463389022762003e-06
9.77649778515999990e-01 2.41362313171666649e+01 1.57451959157067992e-06
1.20912784082666658e+00 2.41392725031000026e+01 1.57369848168717005e-06
9.33783520711333304e-01 2.41396401646666625e+01 1.57553111238357991e-06
7.26445378694000055e-01 2.41409039266000001e+01 1.57633597571213004e-06
6.55898309526000034e-01 2.41410934378666688e+01 1.57663755405328995e-06
2.49023432431999980e+00 2.41422201106666670e+01 1.56597369384208997e-06
1.15838628350000006e+00 2.41479381580000023e+01 1.57619907282567995e-06
6.33638380316666638e-01 2.41498543584666656e+01 1.57886020692851000e-06
7.81150168469666561e-01 2.41501100451333350e+01 1.57887899296020000e-06
6.83215842669666795e+00 2.41509266446999966e+01 1.55942594663275007e-06
6.78928481828333319e-01 2.41537661100333310e+01 1.57960446902902008e-06
8.10240834519333375e-01 2.41542254749000023e+01 1.57984102029303003e-06
4.12998114498666613e+00 2.41568556994666643e+01 1.54330572993582999e-06
1.63023816987333325e+00 2.41611567715000000e+01 1.57869498254229996e-06
1.05794723794333323e+00 2.41621876525000054e+01 1.58064233397437005e-06
8.73067318170000051e-01 2.41625927264666700e+01 1.58206017799371992e-06
4.44621084372333275e+00 2.41642379419999997e+01 1.54961265810777004e-06
2.29096834973333330e+00 2.41656662771666682e+01 1.57376503737990993e-06
7.35150229121333321e-01 2.41687513380333314e+01 1.58367119885142005e-06
7.52162482849666603e+00 2.41690567497000011e+01 1.56675600712529010e-06
9.11332027565666558e-01 2.41693246709000000e+01 1.58375964400795991e-06
1.00747037981166665e+00 2.41696627479666688e+01 1.58323403000169992e-06
1.29051672528666672e+00 2.41700642225333304e+01 1.58063368659864008e-06
2.19432203799333303e+00 2.41731650353333372e+01 1.57656412816339008e-06
7.63602330558666664e-01 2.41738433864999998e+01 1.58493352080578996e-06
1.56051636103000013e+00 2.41744112167333327e+01 1.58008295133158990e-06
1.37661543214666682e+00 2.41745868888999986e+01 1.58073335309718997e-06
6.24436349622000009e-01 2.41748543584666642e+01 1.58570634798683993e-06
1.24308788141666660e+00 2.41800612561000001e+01 1.58377460101816003e-06
8.21130610774666647e-01 2.41824590464666649e+01 1.58733299495225992e-06
2.00552431191333325e+00 2.41828609412000013e+01 1.58077977747574006e-06
1.42949142149000008e+00 2.41837005447333304e+01 1.58327178690695003e-06
6.85991881282333349e-01 2.41841306296666687e+01 1.58790883826055999e-06
8.51710886975666548e-01 2.41878999860999961e+01 1.58883556519623010e-06
1.91481827372999991e+00 2.41884555142000011e+01 1.58333373006410992e-06
7.16673311221666665e-01 2.41917337178999965e+01 1.58950199401623002e-06
1.13925132643999993e+00 2.41958776746333335e+01 1.58867329487914993e-06
1.08910640880666665e+00 2.42015394139000044e+01 1.59084067914161009e-06
6.38423645978333343e-01 2.42019895255999984e+01 1.59316192021521009e-06
7.73878660093666682e-01 2.42023127169333350e+01 1.59250809827517003e-06
1.58678086848000017e+01 2.42063410225000020e+01 1.56492590254548009e-06
1.33246243215333338e+00 2.42067833420333329e+01 1.59005501749939010e-06
8.02316274259999962e-01 2.42068129471333329e+01 1.59369353838538003e-06
6.67746974641666768e-01 2.42069264579666701e+01 1.59361032834177002e-06
1.74672333688999992e+00 2.42077069424666682e+01 1.59023440621898990e-06
9.93810493623999869e-01 2.42090932457666668e+01 1.59332026323696994e-06
9.20140566943666638e-01 2.42095821572333314e+01 1.59472063076062991e-06
2.76439058396333337e+00 2.42141488873666653e+01 1.58132450349933000e-06
3.03103843261333372e+00 2.42143933932666648e+01 1.57852331335548001e-06
8.59937554959000039e-01 2.42166472167000002e+01 1.59649901088054993e-06
3.22256688507333289e+00 2.42182786752333357e+01 1.57513382618438007e-06
1.66969842521333334e+00 2.42187263049666655e+01 1.59267170020399990e-06
2.65554782684333368e+00 2.42204794652666635e+01 1.58430832643246998e-06
7.27031375362999999e-01 2.42210527240333313e+01 1.59742017522648006e-06
9.53994182847333172e-01 2.42257152311000006e+01 1.59872345941058007e-06
7.55784622797666672e-01 2.42265396746000015e+01 1.59863814014552990e-06
6.23987296356333321e-01 2.42271351672333317e+01 1.59951033523544001e-06
3.68842740978333339e+00 2.42288277714999971e+01 1.56956148255380010e-06
1.22475173032666684e+00 2.42302729829666674e+01 1.59701613330046005e-06
8.90102525531333399e-01 2.42315974434000019e+01 1.59986312444745001e-06
6.08712812368000034e+00 2.42332263684333320e+01 1.56678076424542004e-06
8.32132340356000100e+00 2.42335335279333322e+01 1.58315899495448993e-06
8.12644877224666717e-01 2.42356616992333329e+01 1.60135299792762993e-06
1.17165673267666670e+00 2.42374237466000011e+01 1.59937497659065996e-06
1.52657476244333346e+00 2.42388999052666634e+01 1.59845333899983002e-06
6.80886701325000065e-01 2.42392490378666672e+01 1.60250505846155994e-06
8.39685881722666672e-01 2.42400550291666654e+01 1.60246012042662008e-06
2.44765537814333323e+00 2.42401192224333322e+01 1.59166032725733996e-06
1.45620462175333354e+00 2.42428282527333323e+01 1.59900473425578011e-06
7.09489672106999980e-01 2.42457722157000006e+01 1.60346075552841009e-06
1.07007234413333330e+00 2.42462923655999987e+01 1.60235849924741008e-06
1.02525328708233321e+00 2.42463711020000012e+01 1.60373182114648007e-06
2.34707810628000013e+00 2.42488684375999988e+01 1.59460643351346998e-06
6.36791353254000048e-01 2.42548213315999988e+01 1.60710150976984993e-06
7.66166122644333369e-01 2.42558400709000033e+01 1.60646777430237995e-06
5.71537125549666669e+00 2.42588669541666668e+01 1.57816691504998991e-06
2.15213903229333292e+00 2.42599448150999990e+01 1.59934754574757992e-06
1.31982662742000012e+00 2.42600748929333321e+01 1.60493410798894996e-06
7.94588762905000023e-01 2.42604618653333368e+01 1.60762931602346992e-06
6.64367429559333367e-01 2.42619982698666661e+01 1.60778320341184990e-06
2.05753460577333369e+00 2.42636080931666669e+01 1.60142710510851995e-06
3.95195035392000049e+00 2.42644940425000009e+01 1.58075161832198010e-06
8.84872601813333381e-01 2.42654598009333320e+01 1.60981280094075003e-06
8.52165144912333417e-01 2.42684987035000006e+01 1.61007825563867009e-06
1.87535534833333339e+00 2.42685504505666643e+01 1.60454776326065003e-06
9.62655661227000081e-01 2.42714748926666637e+01 1.61138870655080990e-06
1.25954476946333327e+00 2.42735675003000004e+01 1.60818322062631990e-06
1.79100137554999983e+00 2.42736229442333347e+01 1.60650924742702994e-06
7.20114985418666698e-01 2.42760322335000005e+01 1.61157075517503010e-06
6.22804056897666602e-01 2.42776861644666688e+01 1.61257093091158007e-06
7.48038188521333303e-01 2.42806131381333330e+01 1.61272846373955002e-06
1.00553371239366651e+00 2.42829801054333352e+01 1.61242217128191000e-06
1.15011161174333321e+00 2.42861699397333375e+01 1.61224926988406999e-06
1.63608975184999994e+00 2.42889245143666663e+01 1.61165542725581004e-06
1.09867214083333331e+00 2.42893768194666677e+01 1.61347634214374005e-06
8.05435352655666570e-01 2.42896815491666693e+01 1.61541731875988994e-06
8.35970730165000120e-01 2.42933250574000006e+01 1.61647500157871001e-06
6.74466911404000058e-01 2.42938465552333334e+01 1.61648144836245995e-06
1.56268789792333340e+00 2.42958436694333280e+01 1.61292522109285001e-06
9.03170699292666690e-01 2.42965163696999973e+01 1.61785850342361000e-06
4.99193018499000019e+00 2.42984994008666639e+01 1.58314458667653992e-06
7.01611496481333252e-01 2.43013573410333343e+01 1.61797799877751995e-06
6.32726192386666608e-01 2.43027815483333320e+01 1.61916888558693008e-06
9.40953142763333417e-01 2.43030099401666639e+01 1.61844647406023999e-06
1.42277173522666689e+00 2.43037341117666692e+01 1.61574782783089994e-06
1.35734791557666656e+00 2.43092789857000007e+01 1.61722528975311001e-06
7.58254930851333331e-01 2.43098561756333318e+01 1.62052895777359995e-06
6.56812970587666634e-01 2.43117650008333328e+01 1.62060882497905005e-06
7.87229454724999944e-01 2.43143027922333346e+01 1.62174448201706991e-06
4.62235453984666744e+00 2.43148508012333338e+01 1.59057792270918005e-06
8.47715308243666699e-01 2.43232796116999985e+01 1.62433702783818994e-06
2.82586259985666644e+00 2.43233561395666698e+01 1.60826359465410996e-06
6.19922135488999992e-01 2.43250953839666657e+01 1.62460962648651990e-06
1.23747763541333344e+00 2.43254132062666706e+01 1.62214051002085998e-06
1.13187404924666666e+01 2.43254891243999971e+01 1.57011500666762991e-06
2.95905579444999978e+00 2.43256213591999995e+01 1.60624602694155003e-06
2.60880304073666691e+00 2.43259974751666626e+01 1.61141900246558992e-06
8.82207820470333304e-01 2.43295098265666674e+01 1.62584979664918994e-06
7.11470521311999948e-01 2.43297470083000000e+01 1.62561961300375007e-06
2.50479320755333346e+00 2.43299660784000018e+01 1.61375257658021993e-06
1.02480836402466680e+00 2.43304155957666666e+01 1.62504846831552990e-06
1.18113947534333330e+00 2.43308648820666633e+01 1.62381327448285992e-06
3.34019475041333314e+00 2.43326592099333361e+01 1.60501848617979992e-06
7.40190752579333311e-01 2.43336649382666685e+01 1.62674665125290006e-06
1.44104475944999990e+01 2.43346148075000031e+01 1.58408397034433995e-06
3.55727626458666668e+00 2.43348945608333338e+01 1.60157472839319001e-06
1.07312773541333328e+00 2.43368910461999981e+01 1.62594388528690999e-06
6.56728756037333272e-01 2.43395528056000039e+01 1.62861965956884998e-06
2.30339541244333335e+00 2.43400708737666633e+01 1.61855876123966995e-06
2.20510265019666685e+00 2.43436484931000017e+01 1.62078427921744992e-06
7.97157867316000135e-01 2.43438309122333330e+01 1.62956711694681996e-06
9.56629314077333315e-01 2.43457133763000009e+01 1.63007365863397009e-06
1.92263195743666659e+00 2.43464918373000039e+01 1.62460561722658007e-06
2.01410517669333311e+00 2.43471440529000027e+01 1.62345205629277010e-06
6.32641977836333247e-01 2.43472360197666653e+01 1.63006648238340992e-06
1.75288980476333323e+00 2.43474606837666663e+01 1.62654709508081993e-06
8.27108343325333339e-01 2.43491642234666692e+01 1.63107325719170009e-06
1.67500309273999992e+00 2.43517428913999971e+01 1.62755514878967000e-06
6.97137233513333343e-01 2.43532907475666640e+01 1.63191617808553997e-06
6.72421974724666582e-01 2.43565314445000034e+01 1.63264788384507990e-06
6.73278558849000053e+00 2.43615134644666682e+01 1.59911426535251991e-06
9.97606484172000041e-01 2.43616138191333285e+01 1.63258724082954990e-06
1.52837455546333345e+00 2.43623811715333325e+01 1.63123339739740993e-06
7.49850287047333364e-01 2.43624253545333325e+01 1.63447181901653994e-06
1.19685723414999998e+01 2.43626564246000008e+01 1.60777891797498993e-06
1.45882853345666663e+00 2.43663432663999977e+01 1.63193567564000996e-06
1.01148482309366674e+01 2.43666424458333353e+01 1.59393245838399995e-06
7.77842877910333352e-01 2.43681447119000012e+01 1.63579644160351011e-06
1.32962122815999995e+00 2.43701479142000004e+01 1.63341316243069994e-06
6.22719842347333352e-01 2.43721406358999992e+01 1.63673053311492992e-06
1.27003280595333323e+00 2.43727895274000019e+01 1.63451418211583003e-06
8.94227745605333246e-01 2.43731896849999998e+01 1.63705830262295007e-06
8.34963144606999941e-01 2.43794995945666670e+01 1.63903814901436007e-06
9.48747074258666601e+00 2.43795802008333347e+01 1.60662637954653009e-06
7.07358153979000037e-01 2.43804206148000020e+01 1.63923859087241993e-06
1.15782611183666662e+00 2.43809325666666687e+01 1.63710540787470995e-06
9.30866795741666642e-01 2.43828996642666631e+01 1.63890302836776992e-06
1.10125384281666672e+00 2.43837518510666662e+01 1.63847990028730002e-06
7.31350976245666584e-01 2.43856372917999984e+01 1.64041047514996992e-06
6.65029982741000003e-01 2.43875722811000024e+01 1.64092336130616003e-06
1.35687681845333330e+01 2.43925401205666681e+01 1.61306833991510993e-06
6.39414628564666576e-01 2.43954982583333333e+01 1.64262800156338002e-06
8.67590034660333465e-01 2.43972948412333324e+01 1.64229357465721002e-06
7.86728227838666694e-01 2.43982431502666657e+01 1.64377263047975996e-06
6.86617839060333246e-01 2.44015449650333345e+01 1.64476919969017990e-06
3.95831994332999981e+00 2.44029860083666676e+01 1.61365399201839001e-06
8.13898018525999967e-01 2.44042647217000024e+01 1.64514547402076007e-06
9.98913965507333246e-01 2.44085351838333331e+01 1.64646138508083006e-06
6.33250700382666665e+00 2.44090094794999999e+01 1.62057293905140006e-06
1.79087211878666674e+00 2.44142948213333320e+01 1.64370665093568004e-06
7.39983430727333413e-01 2.44148996399333349e+01 1.64832175233179009e-06
1.87626029867666655e+00 2.44183984685333364e+01 1.64396961190199992e-06
7.46817535103333352e+00 2.44188178899999997e+01 1.61192719754174010e-06
1.63795729865333328e+00 2.44201376597666666e+01 1.64641993681105006e-06
7.67368091457333201e-01 2.44217861410333335e+01 1.64974911232554009e-06
9.52575699389666575e-01 2.44225088355999986e+01 1.64963703653014007e-06
6.26694786217333322e-01 2.44233576225333309e+01 1.65056542203713991e-06
1.56473061530333335e+00 2.44238567848333332e+01 1.64716589469810002e-06
1.24338230788333326e+00 2.44242486876666653e+01 1.64826595915301992e-06
2.45877333015666677e+00 2.44262064318666638e+01 1.63871688267629008e-06
2.66444847452666655e+00 2.44267474155333311e+01 1.63652032641266001e-06
1.18751377383666679e+00 2.44269400511333323e+01 1.64908530025746991e-06
2.35795280691000020e+00 2.44275620120666694e+01 1.64091779820545992e-06
6.91499787027999968e-01 2.44296650448666668e+01 1.65251968397197009e-06
2.77266527652666639e+00 2.44304366578333365e+01 1.63547060779875000e-06
1.35880540554333340e+00 2.44311976901000030e+01 1.64945267893645010e-06
2.06260469753999987e+00 2.44313683544333351e+01 1.64535943533265003e-06
2.15899774452333304e+00 2.44315360726999984e+01 1.64419760556124992e-06
1.42258889118999998e+00 2.44329379162333318e+01 1.65022399257510010e-06
8.60722546912999875e-01 2.44336275381999997e+01 1.65340675796046990e-06
8.24360324257333299e-01 2.44342128161333356e+01 1.65299865044063000e-06
1.68709958512333351e+01 2.44342850434333343e+01 1.61264937987439010e-06
1.08007217523333332e+00 2.44347291019333319e+01 1.65194295130070990e-06
5.55401441740666701e+00 2.44348551538666641e+01 1.62160542898413991e-06
7.20872556428333255e-01 2.44378030427666637e+01 1.65422175199925006e-06
3.69562209455999957e+00 2.44421566080333328e+01 1.63438076037846010e-06
1.03047223408666655e+00 2.44432714671000006e+01 1.65461158450596994e-06
3.04268093793999972e+00 2.44446818289666652e+01 1.63693593967417997e-06
3.23229144144333347e+00 2.44478343977333310e+01 1.63468748910105000e-06
6.41293731579666626e-01 2.44498636925666659e+01 1.65778381448044998e-06
5.18669402029000093e+00 2.44503832708666664e+01 1.62734632370237992e-06
7.76618261632333273e-01 2.44516018177666687e+01 1.65787769374604006e-06
6.71791033723666664e-01 2.44533911284999981e+01 1.65863997956524008e-06
1.76217550396333351e+01 2.44543060577333335e+01 1.63501439869218002e-06
8.06440703744999987e-01 2.44580069214333342e+01 1.65924691929320996e-06
9.41750545607000000e-01 2.44626710714666693e+01 1.66030940503324004e-06
8.73159771846000132e-01 2.44656743882000001e+01 1.66188120270666002e-06
7.29800646090999927e-01 2.44674020660999965e+01 1.66233184943058006e-06
1.26784819323000009e+00 2.44696326191333355e+01 1.65990363049910000e-06
7.58161690565000046e-01 2.44743143400000029e+01 1.66366970412207995e-06
6.24598945362333402e-01 2.44765060701333361e+01 1.66500530559048003e-06
1.16462242500999991e+00 2.44768036159333349e+01 1.66250479508726990e-06
9.05841155946999987e-01 2.44792139063666667e+01 1.66487829891051000e-06
1.32368286868333329e+00 2.44792232347666641e+01 1.66193617922493995e-06
4.47291695222333363e+00 2.44794938503666657e+01 1.63097976798534995e-06
1.11375309542666656e+00 2.44817733823333299e+01 1.66410209934028000e-06
1.74939445332000010e+00 2.44830410205333351e+01 1.66294436790897001e-06
1.67436634520999994e+00 2.44846016513333353e+01 1.66312288674981010e-06
6.83175286177666652e-01 2.44846798127666681e+01 1.66709576560882005e-06
8.16235616012999987e-01 2.44876708115666624e+01 1.66728406895282008e-06
1.52842543640999984e+00 2.44885859667000005e+01 1.66540451470096004e-06
7.11812129144666628e-01 2.44905527524666660e+01 1.66819677361968996e-06
1.95029779157333358e+01 2.44927485335000021e+01 1.62994074377847002e-06
1.45582973430333329e+00 2.44937050032333339e+01 1.66600535591565009e-06
8.29233379644333191e+00 2.44954209089999999e+01 1.63385800587611006e-06
8.46592461458333223e-01 2.44959235562666642e+01 1.66929990460283009e-06
1.01383887727733346e+00 2.44979054336333348e+01 1.66910909971637992e-06
9.71455454915333250e-01 2.45033313862333308e+01 1.67029736694625004e-06
6.38344297562666640e-01 2.45037997831666665e+01 1.67269240787171991e-06
7.67678622603000016e-01 2.45039728708999966e+01 1.67182140582123006e-06
4.15225868429666622e+00 2.45052968444999983e+01 1.65035615106414006e-06
1.91369749005999989e+00 2.45075095397666693e+01 1.66733212607533000e-06
6.66423336233999963e-01 2.45084460898666663e+01 1.67316467569716995e-06
7.04026024355333391e+00 2.45108378379333374e+01 1.65648329397605004e-06
7.95930105938333354e-01 2.45109242387999977e+01 1.67333319362056996e-06
2.31219432623333310e+00 2.45174891936333346e+01 1.66466811446245996e-06
1.24147701215333339e+00 2.45174901515666654e+01 1.67312274652560009e-06
2.21153202609333333e+00 2.45178856349333323e+01 1.66680727899455009e-06
2.00856866966666692e+00 2.45198272100666657e+01 1.66948162477729006e-06
2.51261519846666692e+00 2.45200077305666646e+01 1.66267518736346001e-06
7.21642831583333311e-01 2.45200361333666699e+01 1.67625414975382010e-06
1.19411977797999991e+00 2.45219697849000049e+01 1.67430010189474001e-06
2.61428050965333325e+00 2.45245173174666640e+01 1.66143793647170001e-06
8.52455709888000013e-01 2.45259078356333333e+01 1.67734606166896007e-06
7.49148280567666691e-01 2.45265439779000012e+01 1.67758975115779993e-06
9.07321246836666706e-01 2.45266498671999962e+01 1.67721615982107993e-06
6.23745352200333336e-01 2.45272937131333322e+01 1.67871645271756002e-06
1.09468218523333327e+00 2.45314940707333342e+01 1.67731127812529995e-06
6.78141344916333377e-01 2.45368383151666656e+01 1.68101142520667003e-06
1.04436790823066672e+00 2.45390837568666704e+01 1.67940000056691001e-06
1.32601660447666680e+00 2.45395184708333325e+01 1.67989718672454008e-06
8.04694138021666561e-01 2.45403946895333327e+01 1.68135974200915005e-06
9.45865546133999868e-01 2.45410322703333321e+01 1.68116555069443008e-06
2.82533520641666636e+00 2.45418402084666702e+01 1.66397471259036993e-06
7.04723997298666638e-01 2.45425554189666677e+01 1.68189320270223992e-06
8.80503111165333308e-01 2.45430946283999987e+01 1.68117504714649001e-06
8.30862896525999983e-01 2.45471255416666700e+01 1.68291097749444989e-06
1.77967187848000008e+00 2.45491009996000003e+01 1.67986527489491998e-06
1.63796239584999981e+00 2.45518609838999993e+01 1.68145832403232990e-06
1.56524817040000008e+00 2.45521261742000014e+01 1.68230479902429006e-06
2.96215767323666634e+00 2.45538201599666657e+01 1.66482907815535003e-06
6.36733705854999998e-01 2.45538728670333342e+01 1.68615036236788990e-06
7.57887640338666624e-01 2.45560197613333315e+01 1.68567891647265008e-06
6.63050659899666606e-01 2.45587711623666678e+01 1.68651477077090001e-06
1.42791512657000008e+00 2.45596233777333346e+01 1.68504318199062007e-06
1.27257967108666681e+00 2.45609900887999970e+01 1.68424548065560003e-06
3.60048050926333296e+00 2.45616560747666703e+01 1.66163767788078010e-06
7.85182014457333266e-01 2.45629191050666691e+01 1.68723792016185999e-06
1.56730774375999999e+01 2.45681751686666701e+01 1.63834572628953991e-06
1.85858673533000007e+00 2.45694658716333372e+01 1.68297370674507997e-06
3.35423137031999952e+00 2.45695692153666663e+01 1.66696414082637003e-06
7.13421569322666649e-01 2.45710414570999980e+01 1.68973434266228993e-06
1.17335931844000019e+00 2.45710688445666676e+01 1.68754058759640997e-06
1.09938676701999984e+01 2.45737338772333338e+01 1.65950977080608994e-06
1.12479105527666667e+00 2.45756233640000055e+01 1.68884894873116999e-06
8.72209484499333332e-01 2.45759516250666650e+01 1.69106555974216995e-06
8.40297190258666671e-01 2.45760112818999978e+01 1.69076096068612000e-06
6.22988353654666649e-01 2.45765791540000009e+01 1.69197468929193990e-06
1.36704753677000013e+00 2.45770874242666650e+01 1.68875777313453007e-06
7.39079763378333254e-01 2.45779979549333341e+01 1.69130469377668007e-06
9.53691264292333307e-01 2.45811052774333341e+01 1.69165689019465001e-06
6.73441554402666731e-01 2.45831440303333331e+01 1.69329805777514991e-06
1.03147853488400010e+00 2.45835470855999993e+01 1.69112340523040004e-06
7.81050184632333355e+00 2.45844295980000034e+01 1.67977375493106992e-06
6.97229811443333403e-01 2.45896972212666647e+01 1.69438840015355001e-06
7.93720213353000026e-01 2.45923374690666670e+01 1.69530256280104993e-06
6.15109449166000033e+00 2.45975534570000036e+01 1.67004090793352004e-06
5.74435877342333345e+00 2.45977585456333365e+01 1.66751176579451005e-06
9.92222022197000064e-01 2.45983990586666614e+01 1.69604965008608994e-06
8.22666630650000008e-01 2.45986987937666690e+01 1.69683760562291008e-06
6.36438044388000002e-01 2.46021139823333357e+01 1.69900858640470998e-06
6.60574291091333365e-01 2.46037805633333306e+01 1.69874862433596008e-06
8.86412771437666613e-01 2.46049598375666676e+01 1.69864609279409004e-06
2.36678355574666677e+00 2.46053432068333358e+01 1.68787848150485000e-06
2.16435153068333319e+00 2.46064346975333343e+01 1.69083568234056995e-06
7.46397325650666743e-01 2.46072670127666662e+01 1.69944569516528010e-06
2.05778122123999996e+00 2.46085439909333310e+01 1.69293408776998006e-06
2.46638390473333358e+00 2.46092173239666643e+01 1.68555371943687010e-06
1.25471672342333318e+00 2.46100713862999960e+01 1.69754704461175009e-06
1.04440434933266655e+01 2.46102717672666671e+01 1.67201022335651994e-06
9.21888306029999938e-01 2.46115903023000016e+01 1.70000653995972997e-06
7.73743401506666650e-01 2.46147071831666615e+01 1.70133851602320010e-06
1.20285360495000004e+00 2.46156705087333307e+01 1.69931074443447008e-06
5.02533365723666758e+00 2.46160002623000018e+01 1.66978995772788990e-06
1.74124836143000006e+00 2.46164274601333375e+01 1.69798209959034009e-06
7.00537259414666713e-01 2.46175890548666665e+01 1.70236287160300010e-06
1.67456698691000017e+00 2.46176268136333363e+01 1.69871302504877010e-06
1.53202729626333323e+00 2.46181206408666675e+01 1.69983051452193996e-06
1.46728995454000000e+00 2.46204988078666673e+01 1.70111401779319006e-06
1.10432701246999998e+00 2.46245451300000013e+01 1.70186438854431010e-06
1.06132876907999996e+00 2.46248791654666661e+01 1.70225685301132003e-06
2.66254894798999997e+00 2.46248910304666673e+01 1.68732442799038005e-06
6.23449690733333339e-01 2.46255348284333344e+01 1.70524070728856990e-06
6.77210339452666621e-01 2.46266582050333334e+01 1.70529126955487010e-06
7.24046579566333226e-01 2.46282023485333355e+01 1.70523923171105992e-06
8.32474824883333242e-01 2.46283753100333342e+01 1.70501096510750992e-06
4.68113223431333392e+00 2.46287594414333313e+01 1.67759495541645990e-06
8.64308671430333297e-01 2.46346960106666693e+01 1.70664806133252995e-06
2.76538684275333324e+00 2.46385246791666646e+01 1.68875274463733991e-06
9.96623811549666727e-01 2.46421197983999996e+01 1.70761390615367000e-06
1.34458948634333342e+00 2.46428366225333342e+01 1.70737611120916992e-06
7.81959070356333275e-01 2.46443032085000020e+01 1.70957780026214997e-06
6.67023236084999915e-01 2.46504980640333322e+01 1.71197134977876995e-06
6.37398834068999998e-01 2.46510412684333318e+01 1.71224428100163001e-06
9.33238682936333164e-01 2.46511428591333335e+01 1.71085367153661991e-06
8.11744076436000106e-01 2.46516100106666691e+01 1.71139585710813005e-06
1.28569560638666669e+00 2.46543489666000006e+01 1.70931508785174994e-06
7.30993940828333244e-01 2.46580376411333333e+01 1.71372169679656009e-06
1.85829752184666663e+00 2.46582410418999984e+01 1.70969250771978990e-06
9.23390128613333339e+00 2.46582718509000038e+01 1.67762582475933000e-06
1.03783643711666662e+00 2.46583468199999949e+01 1.71088616614334000e-06
1.19851697197000018e+01 2.46631653828333306e+01 1.67685366481667003e-06
9.69443430551333307e-01 2.46643785740000006e+01 1.71353284736005001e-06
4.04117669269666724e+00 2.46654358014999993e+01 1.68562747044908005e-06
1.18188675362333329e+00 2.46656782556333347e+01 1.71311768005825991e-06
8.74087725817333294e-01 2.46659221422000030e+01 1.71517019510498009e-06
7.61560355762333274e-01 2.46666983307000010e+01 1.71567759686051007e-06
1.49514464204999999e+01 2.46698820012333329e+01 1.70216501895011996e-06
1.13192842430666651e+00 2.46699983574666675e+01 1.71417604019058003e-06
6.23949143335666645e-01 2.46755064400999977e+01 1.71885572691231005e-06
9.07542202730999947e-01 2.46757385259333368e+01 1.71750415815359006e-06
6.81089018867000018e-01 2.46770712436333319e+01 1.71920157198989000e-06
7.10863847488666600e-01 2.46811991077333346e+01 1.72001498643618998e-06
1.43915589683000000e+00 2.46815572306999975e+01 1.71798150965681990e-06
8.20579929751999892e-01 2.46819544115000014e+01 1.71981210389867993e-06
1.77973315943333343e+00 2.46823428783000018e+01 1.71469378160304009e-06
3.75209636643333333e+00 2.46826244320999990e+01 1.69590871267204990e-06
1.63934022276333313e+00 2.46852191704333386e+01 1.71726390759725998e-06
1.56951475756666681e+00 2.46854478073666677e+01 1.71785332223221999e-06
1.37732301843333338e+00 2.46864309988333339e+01 1.71846093848731998e-06
8.51089732586333358e-01 2.46899458424000038e+01 1.72181524018996004e-06
1.04323193388000002e+00 2.46910469426333314e+01 1.71973876127910998e-06
2.32147194370333310e+00 2.46919168020666682e+01 1.71115835691457000e-06
3.01547792685333294e+00 2.46920767666333347e+01 1.69772815119601000e-06
2.21970221878000018e+00 2.46926118514666690e+01 1.71399296071958001e-06
7.69245416576333274e-01 2.46967931600333337e+01 1.72412855394706993e-06
2.51918397246000003e+00 2.46976379462000004e+01 1.70933616725139991e-06
2.01208583713333322e+00 2.46997772328333305e+01 1.71832517463335001e-06
6.37054437085333269e-01 2.47014454481333310e+01 1.72597045834459001e-06
8.67386776167999862e+00 2.47020062003333329e+01 1.71114393760739001e-06
6.64569910600666613e-01 2.47035534560666683e+01 1.72630677239962008e-06
3.21794112043333280e+00 2.47046732532666660e+01 1.70428451726619004e-06
7.98479984486333283e-01 2.47047424386666670e+01 1.72617983413538995e-06
1.26295287115666666e+00 2.47051141108000003e+01 1.72376795012996991e-06
9.14588617126333325e-01 2.47078405423333329e+01 1.72622535463750998e-06
9.78568968794666705e-01 2.47082405645000023e+01 1.72534517514925006e-06
2.61368370453000010e+00 2.47088020658000005e+01 1.70823930228839001e-06
1.21100713686666683e+00 2.47108442773999997e+01 1.72520639580204007e-06
7.20721378546666624e-01 2.47123050640000024e+01 1.72856468678731000e-06
1.91487528571999999e+00 2.47174171210999987e+01 1.72347634666412005e-06
1.01114484655633330e+00 2.47186819115333343e+01 1.72757725597376005e-06
7.48536532700333268e-01 2.47192384267333303e+01 1.73024684827372005e-06
1.10864257485666662e+00 2.47194399213333327e+01 1.72808057916049007e-06
1.06884847795333338e+00 2.47205031585999997e+01 1.72830455237436001e-06
8.59903360324333232e-01 2.47209744575333339e+01 1.73045571800869001e-06
6.98814237388999970e+00 2.47235416822333320e+01 1.69487951055355008e-06
6.23105293749666611e-01 2.47259390081333343e+01 1.73251158563648991e-06
9.49410635574999939e-01 2.47271068660333349e+01 1.73083577893067003e-06
8.89947767950666546e-01 2.47290527737333328e+01 1.73250250125789994e-06
6.75569757888000111e-01 2.47305011009333349e+01 1.73364069353479006e-06
7.01946397212333317e-01 2.47351248447666698e+01 1.73466164407876991e-06
8.06389789538666690e-01 2.47352995563000029e+01 1.73459597692838993e-06
2.79821739458999952e+00 2.47404041921999998e+01 1.71651414448886004e-06
1.34815087298999980e+00 2.47417521806666691e+01 1.73450916310859001e-06
8.37303362542333396e-01 2.47435401442666709e+01 1.73684548958945996e-06
1.46595508069999991e+00 2.47460304333333347e+01 1.73527573670462003e-06
1.03676139062966666e+00 2.47481381274999990e+01 1.73845411345765005e-06
1.29267460567000003e+00 2.47489229485666691e+01 1.73572149991115008e-06
7.55250044740666593e-01 2.47493801048666633e+01 1.73867812354844994e-06
1.75131374219000002e+00 2.47496775647666709e+01 1.73320138806298001e-06
1.67760218003999984e+00 2.47513545033999982e+01 1.73497846771648001e-06
6.35323448901999988e-01 2.47515045235999942e+01 1.73952035251014990e-06
1.53157659971333349e+00 2.47522991769999976e+01 1.73640325526492000e-06
1.63007295484666663e+01 2.47524387876666658e+01 1.73379237193978008e-06
6.60272439525000032e-01 2.47539586084666645e+01 1.73984961026531001e-06
7.83868733669000117e-01 2.47574919558000026e+01 1.74082529677606004e-06
9.00909377095666652e-01 2.47597508439333360e+01 1.74119116890244001e-06
1.18915245831999994e+00 2.47610281382666635e+01 1.73942101950444003e-06
9.40187814655999987e-01 2.47611774583999988e+01 1.74202579594794007e-06
7.09426893687333249e-01 2.47635658263666691e+01 1.74254416399238004e-06
5.55535162339999999e+00 2.47649028248000000e+01 1.71518939390412007e-06
1.13674622562666650e+00 2.47653036803666673e+01 1.74082417760838994e-06
5.20364690433000021e+00 2.47676164244666666e+01 1.71289193829216996e-06
7.34915387062000103e-01 2.47708877237333347e+01 1.74441754511102991e-06
8.45683086417333363e-01 2.47748033066333342e+01 1.74552172278233009e-06
6.22218155152333363e-01 2.47755655155666652e+01 1.74593472141145000e-06
2.37979561249333349e+00 2.47765801838333317e+01 1.73458000470402009e-06
6.69544755886333331e-01 2.47780196004333284e+01 1.74640855254410010e-06
2.47790729226333362e+00 2.47784272108333319e+01 1.73001155913065002e-06
2.17340926868999995e+00 2.47796414680999995e+01 1.73839455235741009e-06
2.91148601187000011e+00 2.47819763281666674e+01 1.72464335241263009e-06
8.79244693344333306e-01 2.47829356901000004e+01 1.74796004146169990e-06
6.92322570724333342e-01 2.47830030744999981e+01 1.74751782816191996e-06
1.37461113298999993e+00 2.47833089063999985e+01 1.74566943479171995e-06
1.03387939629966663e+00 2.47836106900666664e+01 1.74756865679987991e-06
2.07236319648666667e+00 2.47846975560666642e+01 1.74119181766560994e-06
4.52969228634666710e+00 2.47869481424333316e+01 1.71779446330744990e-06
7.91014569667000011e-01 2.47879607355999987e+01 1.74924837564397009e-06
1.32476270703666668e+01 2.47893024783333367e+01 1.71075075656067999e-06
6.30416153278000024e+00 2.47919532727333376e+01 1.71853269108423006e-06
1.13557176040666672e+01 2.47922799882666673e+01 1.74034408786147998e-06
1.43058246230333341e+00 2.47924609272000005e+01 1.74750467740290998e-06
9.55818916988000034e-01 2.47951370492666676e+01 1.75168706958603996e-06
8.21915349411666774e-01 2.47970314984666658e+01 1.75190274722346002e-06
4.21039501265666694e+00 2.47978215083666669e+01 1.72431980338625009e-06
1.26994252512000005e+00 2.47996296159666656e+01 1.75029386481943002e-06
6.57472801693333331e-01 2.48005655155666638e+01 1.75250088680946004e-06
6.35095191582333296e-01 2.48005655155666709e+01 1.75278480360273002e-06
7.40252335751000135e-01 2.48005967697333354e+01 1.75284603304411007e-06
1.21836611206000001e+00 2.48060046390666677e+01 1.75166748939268004e-06
1.88098829680000001e+00 2.48069349332000009e+01 1.74836852330442991e-06
9.94735621338666665e-01 2.48069803664999995e+01 1.75450008270568006e-06
2.63729074467000002e+00 2.48092044547333330e+01 1.73609927453037000e-06
7.67732829427666630e-01 2.48095579306666671e+01 1.75531247719698005e-06
6.95284500901333313e-01 2.48107783097999999e+01 1.75551802119642991e-06
1.11583228145333346e+00 2.48144432889333331e+01 1.75482348906582006e-06
1.79599111568333325e+00 2.48150935404666662e+01 1.75188512994270009e-06
8.88282925312000038e-01 2.48163723527666669e+01 1.75720646154256010e-06
1.64386796502000010e+00 2.48188344118999993e+01 1.75388146880810009e-06
1.07069783840666677e+00 2.48194895625333345e+01 1.75701938813240003e-06
1.56766784989000008e+00 2.48195504485666625e+01 1.75511353098482011e-06
3.62363723122666670e+00 2.48202461559999996e+01 1.73182055432676996e-06
7.17725772553333363e-01 2.48210501076666681e+01 1.75829999818364009e-06
6.73165567340999971e-01 2.48218959869333311e+01 1.75851408561323993e-06
6.22877036429999920e-01 2.48250000001000011e+01 1.75944981354367001e-06
9.25578711395333431e-01 2.48271470974666677e+01 1.76033778699273994e-06
2.71898653996666662e+00 2.48271729324333315e+01 1.74233069024409009e-06
8.28367261879333294e-01 2.48287216052666686e+01 1.76068346515455004e-06
7.69333348109666559e+00 2.48327260317333298e+01 1.73168648204594006e-06
1.34874854441000003e+00 2.48334663316000039e+01 1.76031423416330994e-06
3.33573112416999962e+00 2.48343818365666635e+01 1.73618276923621003e-06
7.73525577646333340e-01 2.48391903797666664e+01 1.76354871910398002e-06
8.61173230852666727e-01 2.48399300760999999e+01 1.76396163077223010e-06
6.65520379750000046e+00 2.48408737756666653e+01 1.75036097815328005e-06
1.29955620385999993e+00 2.48426162732666675e+01 1.76173725588497001e-06
6.64669094074333389e-01 2.48459450358666665e+01 1.76559930395289999e-06
6.36758173274333372e-01 2.48490490490333364e+01 1.76621594035936997e-06
8.03259230353333353e-01 2.48492832915000008e+01 1.76661558927640005e-06
7.22655887278333409e-01 2.48496449966333337e+01 1.76661995327222010e-06
1.43290307776666670e+00 2.48519443706333334e+01 1.76638467209286004e-06
2.54913477334333338e+00 2.48533788150333343e+01 1.75330436268592998e-06
1.00783205632233330e+00 2.48556873223999979e+01 1.76781051307146010e-06
1.19643685766999996e+00 2.48569648849333333e+01 1.76618889448982992e-06
7.50975198694666557e-01 2.48588241078000003e+01 1.76925253752611994e-06
1.14630925975666664e+00 2.48611279926999948e+01 1.76753333787183993e-06
2.33492303040333349e+00 2.48615297869333318e+01 1.75871247165191003e-06
2.23030641152333331e+00 2.48638960218000022e+01 1.76184017505838996e-06
1.05153908683666675e+00 2.48639866114999997e+01 1.76899249066076002e-06
9.34115623218666702e-01 2.48657794384666637e+01 1.77087223487696998e-06
6.78291783390333358e-01 2.48668698956999954e+01 1.77135062509705010e-06
7.04336731261333338e-01 2.48686313919333308e+01 1.77201477420511999e-06
2.02710445640999959e+00 2.48710537691666644e+01 1.76580478180867991e-06
1.37943969528666677e+00 2.48738596049333331e+01 1.77052954670366993e-06
6.23881136844333328e-01 2.48740490490333350e+01 1.77350574823109995e-06
8.66230139695666757e-01 2.48746915776000037e+01 1.77357879785474000e-06
1.93294010813666683e+00 2.48756512580333329e+01 1.76773720904283002e-06
7.29888911614333313e+00 2.48798181680333350e+01 1.75745975941632997e-06
8.07504202108333402e-01 2.48804202463000017e+01 1.77537170426264992e-06
1.24843026978333338e+01 2.48816575030666662e+01 1.77063122494139010e-06
9.77452263794999943e-01 2.48824763461666656e+01 1.77522230967898997e-06
1.76298584334666675e+00 2.48825712328000037e+01 1.77078886603638992e-06
1.01891276108233324e+01 2.48836894356666676e+01 1.74509351725723005e-06
1.68457425483333334e+00 2.48846351656000024e+01 1.77233381827971995e-06
7.56001317683666740e-01 2.48864015013333351e+01 1.77715890861645991e-06
1.53550659118666677e+00 2.48880336494666672e+01 1.77422754305391000e-06
9.01876745978333338e-01 2.48897661952666702e+01 1.77789165765090000e-06
1.27818271337333322e+00 2.48944893194999999e+01 1.77666775232266999e-06
8.37669142477333373e-01 2.48946200615666662e+01 1.77928155803270995e-06
6.66877725274666600e-01 2.48949202010666681e+01 1.77958122694102010e-06
7.10722492067000000e-01 2.48963182380333308e+01 1.78007320993288993e-06
1.47036264407333328e+00 2.48968940890999981e+01 1.77692316466521991e-06
7.82796668390333239e-01 2.48979047280999986e+01 1.78035734732221991e-06
6.40377999528666586e-01 2.48989953412333342e+01 1.78083559778739994e-06
1.22663978024333331e+00 2.49024629080666671e+01 1.77857332072822006e-06
7.34067767072999922e-01 2.49049092362666649e+01 1.78247167485601005e-06
2.89820693788666617e+00 2.49049442057666681e+01 1.76396901316589003e-06
1.07407211010000014e+00 2.49106726006333332e+01 1.78178665382635010e-06
6.87293270036000048e-01 2.49121206517333356e+01 1.78470922599965001e-06
1.12370783997333334e+00 2.49128602554333334e+01 1.78186128178339990e-06
9.60636289197999815e+00 2.49187517643000014e+01 1.76664224037964998e-06
7.85006295297333345e-01 2.49247396287333345e+01 1.78797332195244002e-06
6.26496862684333355e-01 2.49249462922999960e+01 1.78872371600798008e-06
9.82025341245000072e-01 2.49251579536333310e+01 1.78676217811509992e-06
5.03481573777999980e+00 2.49252832370333302e+01 1.75667789212682996e-06
2.76166606961666616e+00 2.49271595544000029e+01 1.77115957736503995e-06
1.36121004570333337e+00 2.49275419615666642e+01 1.78594878310326005e-06
9.05697517878000014e-01 2.49280322376666668e+01 1.78837033835611010e-06
8.37982421392999943e-01 2.49306640726999973e+01 1.78950817945146994e-06
7.38611264112333354e-01 2.49313768051999993e+01 1.79003163020427002e-06
4.70506254272000035e+00 2.49318557758666657e+01 1.75960478973203993e-06
5.69799986859333263e+00 2.49319717252000004e+01 1.75556819285048990e-06
6.87984111824333389e-01 2.49364373352333359e+01 1.79178317493696995e-06
2.51003333310000043e+00 2.49376733034000004e+01 1.77864897071270006e-06
1.30914540433999993e+00 2.49390217344666674e+01 1.78822730630619991e-06
7.62754441629999946e-01 2.49397039708999984e+01 1.79258187928577008e-06
4.06202347213666659e+00 2.49412845480333338e+01 1.76370207087118994e-06
8.10027107930999968e-01 2.49432991580666652e+01 1.79301712258836993e-06
1.05308697380999994e+00 2.49457250405333326e+01 1.79034892433114991e-06
1.01318214454233324e+00 2.49460251784999976e+01 1.79238938911510006e-06
3.76434601697000026e+00 2.49465205650666633e+01 1.76598195768168999e-06
9.42509472568333284e-01 2.49467270883333327e+01 1.79362615334142010e-06
7.15956830894666663e-01 2.49471024904666656e+01 1.79555435316470992e-06
2.39393326993000022e+00 2.49476713022999981e+01 1.78308097500108997e-06
8.70364190510999891e-01 2.49490016311333314e+01 1.79484721035029990e-06
1.80489705919666665e+00 2.49495363710999989e+01 1.78968507123477990e-06
1.88985414286999998e+00 2.49507750036000004e+01 1.78913121946658006e-06
2.18182854532000015e+00 2.49514386774666654e+01 1.78714150507944990e-06
6.40106789744666616e-01 2.49514387193999987e+01 1.79672112325313003e-06
1.79156967258666668e+01 2.49523207759999970e+01 1.73903073783324008e-06
1.64921151789000020e+00 2.49523571599333316e+01 1.79160804723323009e-06
2.07967266240999971e+00 2.49535403368666664e+01 1.78870550534727004e-06
1.20565113824000014e+00 2.49543875857000010e+01 1.79361089801740992e-06
6.67297357279000081e-01 2.49550135960666672e+01 1.79798199528443006e-06
1.57634396937333321e+00 2.49550396071333296e+01 1.79243676231849999e-06
1.44771533889333326e+00 2.49591141892999993e+01 1.79404481413169989e-06
6.04007405973666689e+00 2.49592272617666708e+01 1.77403336879538998e-06
1.15284679588333350e+00 2.49606218252999987e+01 1.79546127385105998e-06
7.69423270849666774e-01 2.49660794826333330e+01 1.80034425786980995e-06
1.39202612300333328e+00 2.49678468274666692e+01 1.79590104560696995e-06
7.99819502480666689e-01 2.49702100892666685e+01 1.80157308282951992e-06
3.20273528981666677e+00 2.49707302079000009e+01 1.77631554675110001e-06
7.21945348204000026e-01 2.49735088085000001e+01 1.80307116233271003e-06
6.23609927060333358e-01 2.49764924272000002e+01 1.80403405927188995e-06
7.51268610641333434e-01 2.49841586349666649e+01 1.80552992561366006e-06
6.76258554796333233e-01 2.49843401689333326e+01 1.80669212185280008e-06
9.44521241022333258e-01 2.49857177451666637e+01 1.80432755457537003e-06
8.73397235928999982e-01 2.49875979491000031e+01 1.80573565546087993e-06
1.05373972635999991e+00 2.49904853200333328e+01 1.80629543170709995e-06
1.01383489709233321e+00 2.49907854579999942e+01 1.80509240833194001e-06
7.02933826651000015e-01 2.49921702261333358e+01 1.80796300492105996e-06
8.48956395335000025e+00 2.49929924178666631e+01 1.77631600027527010e-06
1.28941283848666655e+00 2.49930415724666659e+01 1.80380100114232009e-06
2.98679435290000006e+00 2.49942018313666665e+01 1.78863457295497010e-06
8.10724987178666701e-01 2.49987552901333352e+01 1.80983115713093993e-06
1.23746150551666667e+00 2.50004338351333324e+01 1.80618612480606008e-06
6.36130135804000019e-01 2.50026371647333292e+01 1.81181125857124996e-06
9.10742331749999967e-01 2.50056192124666659e+01 1.81070000959585995e-06
6.61588196005666762e-01 2.50069100298000002e+01 1.81245036527843991e-06
1.88911199521666653e+01 2.50072385710666651e+01 1.78725766273426001e-06
9.84689862249000014e-01 2.50089088899666656e+01 1.81054076973538008e-06
8.43639375210333387e-01 2.50100684849000032e+01 1.81226978095179997e-06
7.58476211717333371e-01 2.50131875557000001e+01 1.81398351860536010e-06
1.13123982545666668e+00 2.50135356252333310e+01 1.81143374717773001e-06
1.76569584148666681e+00 2.50169466151999984e+01 1.80920339815850995e-06
1.68842188869333332e+00 2.50177034712333324e+01 1.81002666598064995e-06
1.47261339442333328e+00 2.50180609487666636e+01 1.81013025929369005e-06
1.53609807778999996e+00 2.50228468062333320e+01 1.81239611061764994e-06
1.07903161497333322e+00 2.50233624182999996e+01 1.81411280746295994e-06
7.87536356623666722e-01 2.50236536042333348e+01 1.81647423906168002e-06
7.11582442929333259e-01 2.50237483992666654e+01 1.81721028607467991e-06
1.37393104260999999e+00 2.50248547478999974e+01 1.81243856534061993e-06
6.22520208743666648e-01 2.50261447376333308e+01 1.81824439869781001e-06
6.71198055641000102e-01 2.50310368584000003e+01 1.81957265846813990e-06
1.92989558070000000e+00 2.50338951724666678e+01 1.81229815946105993e-06
7.37801565558333317e-01 2.50341159023666648e+01 1.81940026601344010e-06
2.69884813270666646e+00 2.50342945091999987e+01 1.80378371044630990e-06
7.99086162288666557e+00 2.50347035602666672e+01 1.79944410094918996e-06
2.34370344171333356e+00 2.50364493696000032e+01 1.80933736359157002e-06
2.57220991536333310e+00 2.50373398746333322e+01 1.80519644406884992e-06
2.23621533598333322e+00 2.50378505099000002e+01 1.81140675861841990e-06
1.32338239945666669e+00 2.50385697199999981e+01 1.81600012393086992e-06
6.94517030710000038e-01 2.50400451706666693e+01 1.82111286286756004e-06
2.02554975196666653e+00 2.50412579946000022e+01 1.81432928975764999e-06
9.14111367878999936e-01 2.50426423893333343e+01 1.82108263410671993e-06
9.84529630953999924e-01 2.50440931016999997e+01 1.82007357728615009e-06
8.50396387808666554e-01 2.50482997640666696e+01 1.82326580708014999e-06
6.35353687248999988e-01 2.50516286150666652e+01 1.82555028715274007e-06
6.58573473944666588e-01 2.50522478707666671e+01 1.82545954233696995e-06
1.21660333125666686e+00 2.50530068876666689e+01 1.82166466806362002e-06
7.94101568628999943e-01 2.50560333030999978e+01 1.82587360852139001e-06
9.47730045856333359e-01 2.50579251337666626e+01 1.82608338764241007e-06
1.42337866918333322e+00 2.50598003680666643e+01 1.82293550192248990e-06
1.16318599355333330e+00 2.50598744381666627e+01 1.82401032637480997e-06
5.18770981094666706e+00 2.50625510616666674e+01 1.79501868014240992e-06
8.83523284656333452e-01 2.50628524051333379e+01 1.82720155866985990e-06
1.46405314833000002e+01 2.50647580379333306e+01 1.79791439631244006e-06
7.43391299166666575e-01 2.50652691855000000e+01 1.82846362409846008e-06
8.24047211782333311e-01 2.50693662681666645e+01 1.82897704662283999e-06
6.97099109779666715e-01 2.50696570139666655e+01 1.83008407093145003e-06
5.49918922268999921e+00 2.50719531495000005e+01 1.80154259401674008e-06
1.11668792138666646e+01 2.50740031563333332e+01 1.80368022103074001e-06
1.05655041240000003e+00 2.50750424521666666e+01 1.82960877497211990e-06
6.22833478505333327e-01 2.50754838775333333e+01 1.83209544284483001e-06
3.62135195835666712e+00 2.50764158055333333e+01 1.80487714531960000e-06
6.74093404472333346e-01 2.50766545082666674e+01 1.83218418477563995e-06
1.01294947571733318e+00 2.50766794441000052e+01 1.83061252582175993e-06
7.70631157330999961e-01 2.50767205376999982e+01 1.83124107981168010e-06
6.73775682017333377e+00 2.50783372403333296e+01 1.79501933460832997e-06
1.80077574342666669e+00 2.50785642648999989e+01 1.82660806156864999e-06
7.19754255607333415e-01 2.50845135257000003e+01 1.83378826305900009e-06
1.65157687628666672e+00 2.50852789015000006e+01 1.82994973029784010e-06
3.34764733825999983e+00 2.50864897677999998e+01 1.81090192919829000e-06
1.57212061389999991e+00 2.50877397893000023e+01 1.83100085291240996e-06
1.30576820024000018e+00 2.50916012658666681e+01 1.83155653116464006e-06
4.20690501994333399e+00 2.50917605494000036e+01 1.80196425228952009e-06
9.50731378764333335e-01 2.50923880998666675e+01 1.83548872239975996e-06
4.53064681683666581e+00 2.50932051431666672e+01 1.80541656810740999e-06
1.88001839896666678e+00 2.50942741896666632e+01 1.82886181957265998e-06
1.25094046501000000e+00 2.50986461708666688e+01 1.83471254229477991e-06
8.87567475835666642e-01 2.50990231577333311e+01 1.83734307780117994e-06
6.36055735291000013e-01 2.51010674784000010e+01 1.83931540324522004e-06
6.64095874562333321e-01 2.51016188534333367e+01 1.83919246508386006e-06
7.11881751912666605e+00 2.51021140795666646e+01 1.81684333366705992e-06
8.28536660915999978e-01 2.51039819461000029e+01 1.83896776850122991e-06
9.88889892065333398e-01 2.51067299191333326e+01 1.83973545580551003e-06
1.64217564015333330e+01 2.51067504795333321e+01 1.79765412757154998e-06
7.75399158063999949e-01 2.51090726614666693e+01 1.84066106366365001e-06
1.14112969498666672e+00 2.51117245635666677e+01 1.83961328106557002e-06
9.21156891966333213e-01 2.51132761080333324e+01 1.84175768570686002e-06
7.24084096594666771e-01 2.51149398719333306e+01 1.84273558939729994e-06
1.08670232431666669e+00 2.51170657844999994e+01 1.84171583804116998e-06
1.41651183551333326e+00 2.51182606956000001e+01 1.83943931421505998e-06
8.58930028121666744e-01 2.51190861946000012e+01 1.84288774808190003e-06
8.03359018495666710e-01 2.51230011048000001e+01 1.84395967784768008e-06
2.39331965294666693e+00 2.51235537875000006e+01 1.83374928397664006e-06
6.23222256785666673e-01 2.51255836009666673e+01 1.84601938864010006e-06
1.37783915431333330e+01 2.51262532019666658e+01 1.83288896788366009e-06
2.91863527198999995e+00 2.51274103411666658e+01 1.82886964110664003e-06
7.52489140886999919e-01 2.51280476555000014e+01 1.84569905595594998e-06
2.18403337294000011e+00 2.51283763364333339e+01 1.83847831371509005e-06
6.76384707834666643e-01 2.51287663205333338e+01 1.84691836218409008e-06
1.05501133974966663e+01 2.51288747137000001e+01 1.83188453544187009e-06
2.07552367183333297e+00 2.51296821617333315e+01 1.83953216177501991e-06
2.50572606342666715e+00 2.51344422914333343e+01 1.83399407131277996e-06
7.03331475849000021e-01 2.51354287823666702e+01 1.84816752439631007e-06
1.34945000972333329e+00 2.51363466213000031e+01 1.84592440839383009e-06
6.12680782314666672e+00 2.51372625206000002e+01 1.80931540288980001e-06
9.90124375322666617e-01 2.51426141398000027e+01 1.85030315116108003e-06
2.76722992006666679e+00 2.51452876703666668e+01 1.83437878928259009e-06
1.76767390863333351e+00 2.51460948696666655e+01 1.84626262098686003e-06
9.23698009492333383e-01 2.51499546107999983e+01 1.85204883606785002e-06
1.23043503203666682e+00 2.51500908328333317e+01 1.84984746643687998e-06
6.35347988050666723e-01 2.51511044651999960e+01 1.85314210473948003e-06
1.69574899428666659e+00 2.51520526502333333e+01 1.84944831492531992e-06
6.60470299828333385e-01 2.51537358097333339e+01 1.85355823737831005e-06
8.05990529537666700e-01 2.51542556544000000e+01 1.85296844142841006e-06
1.53595252186666653e+00 2.51558503895666661e+01 1.85131193407839994e-06
1.17404159971666666e+00 2.51563016750333333e+01 1.85242964103856996e-06
8.59986197315666612e-01 2.51564000863333348e+01 1.85354045942190990e-06
7.57044806869333287e-01 2.51585293928000020e+01 1.85464110709029004e-06
1.89042989064999989e+00 2.51640568877333344e+01 1.85099438949209990e-06
9.54506979547666723e-01 2.51649508232999999e+01 1.85622182368280001e-06
1.46455638049666681e+00 2.51651280805666637e+01 1.85386161456901009e-06
7.10392362351000006e-01 2.51667452493000035e+01 1.85723702001993007e-06
1.06315520150333342e+00 2.51695999697000019e+01 1.85729124760503002e-06
7.82586335088333307e-01 2.51708089483666662e+01 1.85759992442474991e-06
8.32224341152000058e-01 2.51725503874333327e+01 1.85730807625763000e-06
8.91164762555666790e-01 2.51730155522333341e+01 1.85839366631341994e-06
1.01801284305799999e+00 2.51754390252000029e+01 1.85877791683513005e-06
6.22125731265000037e-01 2.51755208643333326e+01 1.85982877858657006e-06
7.35700649078999902e-01 2.51767380761666679e+01 1.85960378110413000e-06
6.69328748844333354e-01 2.51781522088666669e+01 1.86041477670973995e-06
6.92304043352666709e-01 2.51844991866000036e+01 1.86183537454292006e-06
3.73883054518999991e+00 2.51862095486333324e+01 1.83483823739713002e-06
1.33070203746666671e+00 2.51888379489666647e+01 1.86064315816723002e-06
1.81712259181666691e+00 2.51943995451666645e+01 1.86069462301397002e-06
9.36518518990666671e+00 2.51949869710333338e+01 1.83834106904844991e-06
1.26651479500999997e+00 2.51955372554999997e+01 1.86356851883722005e-06
8.29015810331333314e-01 2.51978955982333339e+01 1.86456654363426990e-06
7.86388637301333238e-01 2.51985793120000032e+01 1.86578872582133996e-06
6.34454844489333425e-01 2.52004311043666682e+01 1.86677951229805996e-06
6.56535550290999970e-01 2.52004311043666682e+01 1.86662852898397995e-06
9.56652869796666749e-01 2.52026015805999997e+01 1.86714367088147003e-06
7.40113024354000060e-01 2.52055569518333300e+01 1.86805185414766008e-06
4.02670615161000001e+00 2.52067903095333321e+01 1.84536739613955994e-06
8.06584300929999998e-01 2.52073712288333347e+01 1.86811924858059990e-06
1.15230501269000007e+00 2.52074182672000013e+01 1.86752230060059010e-06
6.47344831886333338e+00 2.52074519962333312e+01 1.84576689914353997e-06
8.93122606577666622e-01 2.52106639153666663e+01 1.86931765124845002e-06
2.34041417319333389e+00 2.52116982944666681e+01 1.86151029902751996e-06
6.94443917090333263e-01 2.52129282910666639e+01 1.87018783800782006e-06
9.94740221451666629e-01 2.52149664062000021e+01 1.87063199170356000e-06
7.65259484357333264e-01 2.52151186321000012e+01 1.87084129501339998e-06
2.23861599891666652e+00 2.52151197030999974e+01 1.86360253882429004e-06
1.09584598514666687e+00 2.52153753409333348e+01 1.86997492999874999e-06
3.22025488976666630e+00 2.52155702851666668e+01 1.84961280161605003e-06
2.53480415161666661e+00 2.52166283081000024e+01 1.85780913767659004e-06
5.05664959338000042e+00 2.52175581376333362e+01 1.83551499517680004e-06
1.65916323599666637e+00 2.52201170712666674e+01 1.86992964872359003e-06
2.01842706108000014e+00 2.52202357581333310e+01 1.86727898191586008e-06
8.37173989107333316e-01 2.52211272180000030e+01 1.87320138693323005e-06
1.57882302596333335e+00 2.52214539227999985e+01 1.87068596855505991e-06
6.71672004541333245e-01 2.52226373557999999e+01 1.87289162393271996e-06
1.93329186527666685e+00 2.52227774517333359e+01 1.86761326369848990e-06
7.16944611363666606e-01 2.52239932294333329e+01 1.87338851473906989e-06
6.22329113224333264e-01 2.52249102401333296e+01 1.87365108351671007e-06
9.27801743763333242e-01 2.52252537312333338e+01 1.87370616288814990e-06
8.80841977573000001e+00 2.52254932751666665e+01 1.85431932238960993e-06
8.14742479706000000e-01 2.52306028486000002e+01 1.87565324229422992e-06
1.43497863107333323e+00 2.52307282312000005e+01 1.87405529361501994e-06
8.61977980177666581e-01 2.52324014767333331e+01 1.87623858298922004e-06
3.00718376041333357e+00 2.52330192350666671e+01 1.85905868417792008e-06
1.36818611383333333e+00 2.52363521739000021e+01 1.87489558682544008e-06
4.72933979432999951e+00 2.52416396803000005e+01 1.85449973469266996e-06
7.70285514746333333e-01 2.52424541313999988e+01 1.87890693431131010e-06
1.24329799608999991e+00 2.52463376654000022e+01 1.87855831897311009e-06
6.62846042613666753e-01 2.52466983806666683e+01 1.87997951154042005e-06
5.58044055757333357e+00 2.52475813418000001e+01 1.83941447088768004e-06
6.35583857098333316e-01 2.52489712649999980e+01 1.88051142423010007e-06
7.99572846466333309e-01 2.52491464310666665e+01 1.88157052039552999e-06
1.81424938223333321e+00 2.52512669034000048e+01 1.87711650425179996e-06
7.20834061573999985e-01 2.52515733623666669e+01 1.88143153709027005e-06
1.18548164609000017e+00 2.52520078348999988e+01 1.88047877530077994e-06
9.98302895201333307e-01 2.52529060345666672e+01 1.88188192969583007e-06
7.49028504953333396e-01 2.52604725840666724e+01 1.88441907828414003e-06
9.30439509667333353e-01 2.52637687229000001e+01 1.88486185931913001e-06
1.22533681800666674e+01 2.52639393353333332e+01 1.85635189194191991e-06
2.70358464744000004e+00 2.52665525568999989e+01 1.87329357589467009e-06
1.07580512197000000e+00 2.52665666004000009e+01 1.88529389050870008e-06
6.75606930673666617e-01 2.52674565962333340e+01 1.88586866188608005e-06
7.01342662783333348e-01 2.52695102129333371e+01 1.88696072809164997e-06
8.65405049546000060e-01 2.52697237024000003e+01 1.88715040707954010e-06
6.23254743874000039e-01 2.52740610249666666e+01 1.88792354539468001e-06
2.60359451156666655e+00 2.52769899152000015e+01 1.87682609875790008e-06
1.03032763734433330e+00 2.52784193940333353e+01 1.88853150938603003e-06
8.05860879963666732e-01 2.52786256171000012e+01 1.89008269553158997e-06
9.62853309450333317e-01 2.52790562006333346e+01 1.88880300253927995e-06
1.88590877753999986e+00 2.52816527171666685e+01 1.88752271544640993e-06
5.86598496688666682e+00 2.52856351763333329e+01 1.86623870200085997e-06
1.69563989386666680e+00 2.52864617830666667e+01 1.88975280308449990e-06
8.99187441849999991e-01 2.52865011326999998e+01 1.89153105338457001e-06
1.72859643905333336e+01 2.52866114535666675e+01 1.87697549475756004e-06
7.78678379111666619e+00 2.52868476679000018e+01 1.86471316962543995e-06
1.46799476307666676e+00 2.52868961474666669e+01 1.89003867335609996e-06
1.54044301659666671e+00 2.52868995300666661e+01 1.89071100816039995e-06
2.47796237762666660e+00 2.52876770514666696e+01 1.88292637786461002e-06
7.53253914466000096e-01 2.52883619129000010e+01 1.89263957126151990e-06
1.33624211887333355e+00 2.52889178761000011e+01 1.89118666898749993e-06
8.36510315615333178e-01 2.52912753970333313e+01 1.89334706457618991e-06
1.27554124358666665e+00 2.52922040610666663e+01 1.89208155646844000e-06
1.76408521996000012e+00 2.52929825522333367e+01 1.89204695994463003e-06
2.39597880968333365e+00 2.52936355417666654e+01 1.88634116661490006e-06
6.64405797638666695e-01 2.52941193887000004e+01 1.89405397643897008e-06
7.06826307804666598e-01 2.52950965012666700e+01 1.89454293333160008e-06
6.39315796354333332e-01 2.52984509330999998e+01 1.89522952474358993e-06
7.80798957756333345e-01 2.52998226462666658e+01 1.89610642775006997e-06
1.16178377836333335e+00 2.53011403955666658e+01 1.89526398139093004e-06
3.60774204053000025e+00 2.53022562392000019e+01 1.87315869140268993e-06
7.30543116107999935e-01 2.53050489795333355e+01 1.89768986387608006e-06
7.30918405230999912e+00 2.53071660508999976e+01 1.87072442137123009e-06
1.10856628178666661e+00 2.53077420873333345e+01 1.89712541316147008e-06
6.83896884301333330e-01 2.53100384345000009e+01 1.89904298963259992e-06
2.18406003848333308e+00 2.53117416828666641e+01 1.89355441677028011e-06
2.07238080175333339e+00 2.53155519126000002e+01 1.89464490548229991e-06
9.69791497573333383e-01 2.53204575433333332e+01 1.90104315185547006e-06
3.36287100520333349e+00 2.53215430134666661e+01 1.88343514730589997e-06
6.26061052480333280e-01 2.53243899082333321e+01 1.90315477593189993e-06
1.01152324798099991e+00 2.53246466086333335e+01 1.90292561025026008e-06
9.00102308210666613e-01 2.53254921441333352e+01 1.90311812725718000e-06
1.15653968117333346e+01 2.53271703831666635e+01 1.89513022364363992e-06
8.39448884880666601e-01 2.53282876385999991e+01 1.90440356951963995e-06
7.83509908622333273e-01 2.53312651189666660e+01 1.90549609198780995e-06
7.32491373820999936e-01 2.53326899442666722e+01 1.90590308476860003e-06
6.85720947219666699e-01 2.53334255671333324e+01 1.90604303852463007e-06
1.36353034041666654e+00 2.53362743910333315e+01 1.90480568542025999e-06
1.42849046737999985e+00 2.53398766051000024e+01 1.90624975141158010e-06
5.30107966520666718e+00 2.53405585387333332e+01 1.88734816593551002e-06
1.24832371532666664e+00 2.53416198285333358e+01 1.90717167344039994e-06
1.87368924300666673e+00 2.53433263397666622e+01 1.90738696329813990e-06
4.04713828669666675e+00 2.53439696827999974e+01 1.88165408632659009e-06
9.38292564150999930e-01 2.53441610770333341e+01 1.90869631395882997e-06
1.19238260010333330e+00 2.53448859935333353e+01 1.90802666610915009e-06
8.69258485172000106e-01 2.53457269554000000e+01 1.90885759689390010e-06
7.10598628436000079e-01 2.53461245986333346e+01 1.90969745186881003e-06
8.11510400094999973e-01 2.53470803313666693e+01 1.90971044316798017e-06
7.57913123044999915e-01 2.53474453503333343e+01 1.91010832504624012e-06
2.54675273757666654e+00 2.53480386585666686e+01 1.90277809328007998e-06
6.40483779944000076e-01 2.53496874591666703e+01 1.91081234283701982e-06
1.57728285061999984e+00 2.53516373903666654e+01 1.91052000795263001e-06
6.67397844146666586e-01 2.53520763807333331e+01 1.91160615260025998e-06
1.65213951785666668e+00 2.53525364948999972e+01 1.91062131140933998e-06
1.79537901190333327e+00 2.53569082681333278e+01 1.91163654411874983e-06
1.08711750062000001e+00 2.53573003939333326e+01 1.91216209456773994e-06
2.93118360443000014e+00 2.53597312349666701e+01 1.89881526771932996e-06
1.03555195143999978e+00 2.53623521216000007e+01 1.91375943546062003e-06
7.07495286967000037e-01 2.53732401652000021e+01 1.91800973101004998e-06
6.24422727463666671e-01 2.53752975510333378e+01 1.91856894410083984e-06
2.77898984337999977e+00 2.53753872276000010e+01 1.90510923246461008e-06
6.80979280733999937e-01 2.53781154431666671e+01 1.91952999883263019e-06
7.57276982146333322e-01 2.53805036699999995e+01 1.92008399461105021e-06
8.12246083883999881e-01 2.53812593898999985e+01 1.92009637547204016e-06
2.35356402954999977e+00 2.53822668269999987e+01 1.91350421074835001e-06
8.69574643115666568e-01 2.53833935746333346e+01 1.92055455602186000e-06
1.44528684424666665e+00 2.53844157899000002e+01 1.91888850475156998e-06
9.38679683082333405e-01 2.53851958417666630e+01 1.92058869425983979e-06
1.33166423775666676e+00 2.53861059855666689e+01 1.92088342963298987e-06
1.17092896112333333e+00 2.53876244047000021e+01 1.92047989827737005e-06
1.27715848795333309e+00 2.53881652381000009e+01 1.92099567077384006e-06
7.28751891453333300e-01 2.53928638305000014e+01 1.92356163916059021e-06
1.11888135821666679e+00 2.53934371133333343e+01 1.92330490851948985e-06
2.24344343262666657e+00 2.53969515594666682e+01 1.91805851468420015e-06
3.76912409284999983e+00 2.53979935566666661e+01 1.91057112245965983e-06
1.91943150245666661e+00 2.53984525346666636e+01 1.92316309523665013e-06
7.83609451512666588e-01 2.53985024971666640e+01 1.92496375400144992e-06
2.01539875002000013e+00 2.53995003157999975e+01 1.92098377264945014e-06
6.38422909274666717e-01 2.53998384572999960e+01 1.92595123431903982e-06
8.40500726613333415e-01 2.54001333163666665e+01 1.92510266640147004e-06
6.68065398342333361e-01 2.54002674278666660e+01 1.92612003963623019e-06
1.01510923970666678e+00 2.54017400308666659e+01 1.92539343920960999e-06
9.00805585085666660e-01 2.54041935280999986e+01 1.92629638789469995e-06
4.59984563045999995e+00 2.54060850301999999e+01 1.89498688945123991e-06
9.71274726290333401e-01 2.54082927929333344e+01 1.92803638806730002e-06
1.03002119655299982e+01 2.54162754839666682e+01 1.90824910479721008e-06
1.76319268240333327e+00 2.54163524436333326e+01 1.92959735888885019e-06
1.53931967610999987e+00 2.54179771787333344e+01 1.93079553301389981e-06
1.48464706047000017e+00 2.54184501079333351e+01 1.93144491962598005e-06
1.68839851445000022e+00 2.54185014395666649e+01 1.93017808020398995e-06
6.42777892558666597e+00 2.54186686423999966e+01 1.89797520009409002e-06
7.23937036676666756e-01 2.54191913028999998e+01 1.93131872504114007e-06
6.79004416980999892e-01 2.54219698954999984e+01 1.93254995827011996e-06
6.24000181811000032e-01 2.54245409063666621e+01 1.93349007251980991e-06
1.40984681438000004e+00 2.54252697350000005e+01 1.93347950462307021e-06
7.01128114089999976e-01 2.54275120679333355e+01 1.93486735065242018e-06
1.36118433485333323e+00 2.54305621447333330e+01 1.93456250962923995e-06
7.85096129667000042e-01 2.54306594577666658e+01 1.93488188061012992e-06
1.51010592713333338e+01 2.54322211964999987e+01 1.91550752483056991e-06
2.52695477243999989e+00 2.54326667734000011e+01 1.92978523101294016e-06
8.39647907116333414e-01 2.54342287473000006e+01 1.93528594186090995e-06
1.19574549653000006e+00 2.54357836681000009e+01 1.93550238659210982e-06
1.58882951260999992e+01 2.54368991182666662e+01 1.92655957310872991e-06
4.26441744927666644e+00 2.54394405249333317e+01 1.92511790067947980e-06
1.24603390813666670e+00 2.54395906664999991e+01 1.93684817778725020e-06
1.11098987208000000e+00 2.54403772129000032e+01 1.93747201486090014e-06
7.39691086008000043e-01 2.54418671040000000e+01 1.93914703222817980e-06
1.03319774734000003e+00 2.54421030401999992e+01 1.93889674158872995e-06
8.98577490865999917e-01 2.54448623014999988e+01 1.93840517241235011e-06
6.65159111393666680e-01 2.54464997753333328e+01 1.94031735354328993e-06
9.69804847678333282e+00 2.54473254126666681e+01 1.92343773824877016e-06
8.12879942541333222e-01 2.54475117814333345e+01 1.93937091386403021e-06
7.63221465002999921e-01 2.54486764626333333e+01 1.94040724784249985e-06
6.39797365291333242e-01 2.54494997567666701e+01 1.94107244105128003e-06
9.65087071587000023e-01 2.54500667434333359e+01 1.94052648864167007e-06
7.02807874859666781e-01 2.54517675798000020e+01 1.94202785275460008e-06
3.24959645173333334e+00 2.54531981266000003e+01 1.91982161370637992e-06
8.66493729399000046e-01 2.54581577789666653e+01 1.94148169493732014e-06
1.44920703060333333e+00 2.54593040530333319e+01 1.94508101652347015e-06
1.07222796809666665e+00 2.54604914860666689e+01 1.94388404480649000e-06
2.41574963235666651e+00 2.54609364515333318e+01 1.93691750335822982e-06
7.22842667156333385e-01 2.54612056662333366e+01 1.94464503360285005e-06
6.01408908995333302e+00 2.54620774800333329e+01 1.91556263379543996e-06
6.82481179419999862e-01 2.54633100181666663e+01 1.94531433176825998e-06
9.30263934159333394e-01 2.54676385656666646e+01 1.94536214429514984e-06
1.15979552070666680e+00 2.54690797945000007e+01 1.94616177154193001e-06
9.99433656676666615e-01 2.54694720365666676e+01 1.94672273172836015e-06
3.03098018031333316e+00 2.54739373981999968e+01 1.93351946876575981e-06
6.25797183480333308e-01 2.54749588505000020e+01 1.94882388321827002e-06
1.87919066256666678e+00 2.54771033413666679e+01 1.94739722413145980e-06
2.04748238552333328e+00 2.54785921074000008e+01 1.94525500778314018e-06
8.13568085104666605e-01 2.54797418240000013e+01 1.94915676516047980e-06
7.68622458947000098e-01 2.54803875792333336e+01 1.95032303463568013e-06
1.80126207361666668e+00 2.54814213219666676e+01 1.94837561650369017e-06
1.33701095356666677e+00 2.54816421733333307e+01 1.95014669339543992e-06
7.25503464746333315e-01 2.54854056018333317e+01 1.95183570895916998e-06
1.65159995396666659e+00 2.54857718758666643e+01 1.95067552395194990e-06
6.82971385210333293e-01 2.54857961114999974e+01 1.95212103523879011e-06
8.60374341849666657e-01 2.54858136237333319e+01 1.94940793325607987e-06
1.57737778286333352e+00 2.54861467195666656e+01 1.95121106680007997e-06
1.27636627665333324e+00 2.54886114425666683e+01 1.95171917162978008e-06
2.20454913918000051e+00 2.54906195695000015e+01 1.94768911246177007e-06
8.34216662130333297e-01 2.54941146346333340e+01 1.95245095679469003e-06
8.56316500930333291e+00 2.54941744377333315e+01 1.92871831435730010e-06
7.91185266174333379e-01 2.54946006169333366e+01 1.95309012408346001e-06
2.71951279333999985e+00 2.54955377420999980e+01 1.94482385554110987e-06
7.47752877541999816e-01 2.54977781562000025e+01 1.95486817509569014e-06
7.05958878240000032e-01 2.54984536087333318e+01 1.95543151592505021e-06
6.39841338200999865e-01 2.55006259507999999e+01 1.95662553306726015e-06
6.65693290093666623e-01 2.55034453960333316e+01 1.95738086691663019e-06
5.21229168812000054e+00 2.55081032246333343e+01 1.92705428900126995e-06
9.99573520104333313e-01 2.55081519607333327e+01 1.95804039875808003e-06
9.28120594198666660e-01 2.55088124671666634e+01 1.95778109203522020e-06
1.43558997874000016e+00 2.55094970604666678e+01 1.96020721828207004e-06
1.07254752543999987e+00 2.55104469330666639e+01 1.95909468215700983e-06
1.34551820180999986e+01 2.55118797895999982e+01 1.93316399064476021e-06
2.59540842182333309e+00 2.55127082587666685e+01 1.95163041023387010e-06
3.68505686826666690e+00 2.55134007276333357e+01 1.93850190488348996e-06
8.67681200939666719e-01 2.55134607116666672e+01 1.95967229568143000e-06
8.04023135515333287e+00 2.55138176880666663e+01 1.93131280423661983e-06
1.93881420364333330e+01 2.55144900375666630e+01 1.93139363458600983e-06
2.12026025356666681e+00 2.55151768985666649e+01 1.95689046648368990e-06
1.15819605425000005e+00 2.55176766533000006e+01 1.96103547060402986e-06
8.41523521220333470e-01 2.55217617225666658e+01 1.96140494631640018e-06
7.03948123317333363e-01 2.55249395716666641e+01 1.96346312953015994e-06
6.24044154720666655e-01 2.55256671003999998e+01 1.96418552642406999e-06
7.49174658208333288e-01 2.55263257054999997e+01 1.96366507953444983e-06
1.37205638122999996e+00 2.55265427710333341e+01 1.96340262046015985e-06
7.94347846541666569e-01 2.55268000468333334e+01 1.96337633255758001e-06
8.93273269068666664e-01 2.55289387982666653e+01 1.96380062468941990e-06
6.79207601528000082e-01 2.55296569909999995e+01 1.96536792127372998e-06
9.63083595053999986e-01 2.55299205690999997e+01 1.96401585403915016e-06
1.03365716811099984e+00 2.55307384113666664e+01 1.96423224370525990e-06
7.09050665254666779e+00 2.55360521366666688e+01 1.93700607828071992e-06
1.10970996296666669e+00 2.55389295187000016e+01 1.96705517356295006e-06
8.24037524562000079e-01 2.55395883418333334e+01 1.96698830038310992e-06
7.24914490489999896e-01 2.55404391140666682e+01 1.96794854207269993e-06
7.73206819980666649e-01 2.55411345584333311e+01 1.96739036352118010e-06
1.91638953727333328e+00 2.55429360822666673e+01 1.96620817411014999e-06
1.98871401266666692e+00 2.55433770671666700e+01 1.96676484969276986e-06
1.25345307587666688e+00 2.55443352475333363e+01 1.96857739040767021e-06
3.41040026247666672e+00 2.55493185233000020e+01 1.95439301294571010e-06
4.83836745242333333e+00 2.55495481734333332e+01 1.95123774213724005e-06
1.54201189474333344e+00 2.55506461508666689e+01 1.97094108928069986e-06
6.37602818411666661e-01 2.55507544412333338e+01 1.97177622035377987e-06
1.76393957938666657e+00 2.55514582864666657e+01 1.96993214484018988e-06
6.66914313326333219e-01 2.55519248866000019e+01 1.97201903976307002e-06
2.37273292345666675e+00 2.55523417856666697e+01 1.96609421448946020e-06
1.68907162768999997e+00 2.55536598444333301e+01 1.97062654236860985e-06
1.19874761365333327e+00 2.55555678209333337e+01 1.97211810029868981e-06
1.47367124750999978e+00 2.55561486209000002e+01 1.97283610459833018e-06
1.26934830275666659e+01 2.55572108982333361e+01 1.96170765641498984e-06
2.27165302720333351e+00 2.55673401711666664e+01 1.97085209438032004e-06
7.26808474047666575e-01 2.55678304110666659e+01 1.97634370016809004e-06
8.93058316194333401e-01 2.55702204167666700e+01 1.97631141068741988e-06
7.73890929623666679e-01 2.55709427108666638e+01 1.97660181158941016e-06
6.65937705220666754e+00 2.55714087979666687e+01 1.94835682096163980e-06
9.61983781523666592e-01 2.55714751640666655e+01 1.97637146298729003e-06
1.02886533780433331e+00 2.55716712315666648e+01 1.97646706813371010e-06
8.26688926511999989e-01 2.55731602850000002e+01 1.97718100898113989e-06
6.23558663690999992e-01 2.55750873409000015e+01 1.97905745536860012e-06
6.78313349474333305e-01 2.55766748806333339e+01 1.97947829889297994e-06
1.34890043888333344e+00 2.55821509455000005e+01 1.98044095678096993e-06
7.05433345851000038e-01 2.55832618511000014e+01 1.98138413377495990e-06
7.51752751408999997e-01 2.55835251549333300e+01 1.98022423682339982e-06
1.09831796085666666e+00 2.55886308976999999e+01 1.98209431342696989e-06
7.97683358134666620e-01 2.55901801424333364e+01 1.98127702883907982e-06
9.93681876267333286e-01 2.55906393758999968e+01 1.98160391548889018e-06
8.57774160701000099e-01 2.55910335013999948e+01 1.98232119890240993e-06
9.26805827794000003e-01 2.55916486806333303e+01 1.98225661933847980e-06
1.29094181044333323e+00 2.55929741527666685e+01 1.98271528479701020e-06
2.94792764123999973e+00 2.55988493313666652e+01 1.97415776093086016e-06
2.09984985281666647e+00 2.55989570776333331e+01 1.98282297969216009e-06
6.36244699079333342e-01 2.55992173606666675e+01 1.98617965475019996e-06
6.61687889947999985e-01 2.55996344550333355e+01 1.98649595793723984e-06
4.16011981478666737e+00 2.56002860215333321e+01 1.96364241717036009e-06
1.05636369302333333e+00 2.56010811322666676e+01 1.98451403974626018e-06
2.78865401531666635e+00 2.56047936826333320e+01 1.97710055622599008e-06
2.02389818087666695e+00 2.56084719403666661e+01 1.98554459259448993e-06
7.09719534771000027e-01 2.56090094645000015e+01 1.98901279317135017e-06
1.18134872283666659e+00 2.56131792888000014e+01 1.98944556459325009e-06
1.87748299999000001e+00 2.56136726398333359e+01 1.98812976501503986e-06
7.93949929852666769e-01 2.56148787332666643e+01 1.98883197163453986e-06
7.52435637176333327e-01 2.56150993977333314e+01 1.99027387284692994e-06
1.80296163105333362e+00 2.56178768634333345e+01 1.98940429874252993e-06
1.44422930359000001e+00 2.56195240286333323e+01 1.99219932058414000e-06
3.85877342762333342e+00 2.56202223503666637e+01 1.98065994448076014e-06
6.71455917040333361e-01 2.56215027907333344e+01 1.99279383343842994e-06
1.57556919692000008e+00 2.56219349022666627e+01 1.99180265949306989e-06
2.54446595168333367e+00 2.56236449243333340e+01 1.98724115429494979e-06
6.22686035388333337e-01 2.56241300198000026e+01 1.99380922633669992e-06
6.92367565486666670e-01 2.56242908297333365e+01 1.99373197541717994e-06
1.12940516132333335e+00 2.56249895001666630e+01 1.99184117608541989e-06
7.31777548734999894e-01 2.56251522672666674e+01 1.99315422746602981e-06
1.64840675876333331e+00 2.56253234395333322e+01 1.99276220534752980e-06
7.70840387109000047e-01 2.56272155445000003e+01 1.99293849234064985e-06
1.38299209247333343e+00 2.56284806426666627e+01 1.99369868320182006e-06
8.56637154273333312e-01 2.56296211091666635e+01 1.99380440090778993e-06
9.25423181774000070e-01 2.56328442271666681e+01 1.99469901451339997e-06
9.96764568072999957e-01 2.56335722730666653e+01 1.99457349273776010e-06
2.43299559339999982e+00 2.56350087730999974e+01 1.99056021521626979e-06
8.03660072892999899e-01 2.56355272041666673e+01 1.99677929029142013e-06
5.83698019522333311e+00 2.56356722551999958e+01 1.96558394786717981e-06
1.03633409724000014e+00 2.56418334785000006e+01 1.99728113512818000e-06
1.12973134710000007e+01 2.56439188383999976e+01 1.98031353386509993e-06
6.61002682876666747e-01 2.56457911215333354e+01 2.00015983406788007e-06
8.26700997118333447e-01 2.56468363523333345e+01 1.99955972379330988e-06
6.97985003092666645e-01 2.56473338847000001e+01 2.00055165523758980e-06
7.80550530149333288e-01 2.56478640153999997e+01 2.00098586398375005e-06
6.37675992093333366e-01 2.56488354449666645e+01 2.00115052488039979e-06
1.26783478993333332e+00 2.56489213777999971e+01 2.00005182097710021e-06
3.34711449257333316e+00 2.56494273522333316e+01 1.97742626566128984e-06
8.90538663746666681e-01 2.56500035710666658e+01 2.00015497838740987e-06
7.22159517141999885e-01 2.56502714386000008e+01 2.00191451318236013e-06
5.43910237467000002e+00 2.56538692298333331e+01 1.97976097234280987e-06
2.23009927886000048e+00 2.56540594269999964e+01 1.99822066869591994e-06
9.63683827309333219e-01 2.56556036077666647e+01 2.00169664807361008e-06
1.21294716455000007e+00 2.56578939404333362e+01 2.00189792493093996e-06
2.14258499008666670e+00 2.56611190043999962e+01 2.00031904514968987e-06
6.79377275963000016e-01 2.56617879177333350e+01 2.00524789713426984e-06
1.47266718373666694e+00 2.56660926691666695e+01 2.00545899555293010e-06
1.99109557071666643e+00 2.56721365497666660e+01 2.00497442466033020e-06
7.78978915320000076e-01 2.56729213065999993e+01 2.00895391663989979e-06
1.53566642983333335e+00 2.56740060128333312e+01 2.00743874986353982e-06
1.10906697769333351e+00 2.56743644368666679e+01 2.00705293528108986e-06
6.24989956705000016e-01 2.56747054251666640e+01 2.00914438642950990e-06
7.29822018801333350e-01 2.56750566561999989e+01 2.00956651395283982e-06
8.27660578815999970e-01 2.56762151103333345e+01 2.00845085141282991e-06
1.91700486522333335e+00 2.56777782341333314e+01 2.00688247618759002e-06
1.06488944411666662e+01 2.56781523818333319e+01 1.99853530919317018e-06
1.05795018144333319e+00 2.56787581806333343e+01 2.00864660935140995e-06
6.81380465088999965e-01 2.56844347140999965e+01 2.01225264471221997e-06
1.35686203037666675e+00 2.56860799766666652e+01 2.01166335913150008e-06
7.56273185497666645e-01 2.56871109228333303e+01 2.01267746365376999e-06
1.76810498337999999e+00 2.56891508252666654e+01 2.01146354988149993e-06
8.03048039761333321e-01 2.56899632533666669e+01 2.01294505253866021e-06
8.84821274941666736e-01 2.56900602368666675e+01 2.01240446108345009e-06
1.68841806278666673e+00 2.56943958434000024e+01 2.01347273378086988e-06
7.07650693878000059e-01 2.56947658986666632e+01 2.01557858312814989e-06
1.29966335627666663e+00 2.56956975045333316e+01 2.01324011648331985e-06
9.60490291160666643e-01 2.56980768377333355e+01 2.01472794439467002e-06
8.51879347165999889e-01 2.56990565329666651e+01 2.01529605443009991e-06
6.37516419085333297e-01 2.57001617493333328e+01 2.01691870623851008e-06
6.62846298994666738e-01 2.57030975555999994e+01 2.01804992201835015e-06
4.69711616923666764e+00 2.57101360363666664e+01 1.99521827060872019e-06
1.18941161666666662e+00 2.57105321678000003e+01 2.01803859264397015e-06
3.01666881380000040e+00 2.57149522307666700e+01 2.00812289043960005e-06
1.13747499132333352e+00 2.57151924528666704e+01 2.01913576333468992e-06
2.72297829400000024e+00 2.57152355292999992e+01 2.01401561166958981e-06
9.16512256820333326e-01 2.57153741229333370e+01 2.02031981308576011e-06
3.17324964319333347e+00 2.57164899413000008e+01 2.01605874550166989e-06
2.60289460188333344e+00 2.57169162543333307e+01 2.01502458111370009e-06
8.06806021863333278e-01 2.57180060263666661e+01 2.02178876302802987e-06
7.59612290088666597e-01 2.57199122869333330e+01 2.02269780633432984e-06
7.12179011272000007e-01 2.57199944183666673e+01 2.02320519509014999e-06
1.03867472923666671e+00 2.57202006366000013e+01 2.02106182347322981e-06
1.44400822142000007e+00 2.57213857264333292e+01 2.02318555960416000e-06
6.22526462380333379e-01 2.57254563241666681e+01 2.02451576634709003e-06
8.37478910358666617e-01 2.57261800265333314e+01 2.02434610799183990e-06
4.35429671278333341e+00 2.57275183897333335e+01 2.01175600035326018e-06
9.93280963324333244e-01 2.57277818803666669e+01 2.02368071286051995e-06
6.70874823788333408e-01 2.57278143406000019e+01 2.02558337701238985e-06
9.42393944848333298e+00 2.57278962473333337e+01 2.00558124283739990e-06
2.10517309416999998e+00 2.57291343888666653e+01 2.02105869080153021e-06
2.38090911610333356e+00 2.57302889603999994e+01 2.02139469526705017e-06
2.02963534673999968e+00 2.57306370714999986e+01 2.02199157700127999e-06
1.38944027917666646e+00 2.57324164198999945e+01 2.02480246763104995e-06
7.37689440786333361e-01 2.57330865400000022e+01 2.02689549934661001e-06
7.86076002012999986e-01 2.57337654436999976e+01 2.02674480692328001e-06
2.27909269781666657e+00 2.57343412288000017e+01 2.02204314403746013e-06
6.93937307276666693e-01 2.57343800187999996e+01 2.02732684508899005e-06
1.71992556658333342e+01 2.57375021398666668e+01 1.99769765583011984e-06
1.53964804250333320e+00 2.57390188935333306e+01 2.02960849292930982e-06
8.84582139517999977e+00 2.57442389682666679e+01 2.00652741358744995e-06
3.48245956815666702e+00 2.57444090456333328e+01 2.01848354728971995e-06
1.88494423927000021e+00 2.57479889775999986e+01 2.02859378532934986e-06
6.58781802543000006e-01 2.57491531397333340e+01 2.03172770500469000e-06
7.78624609859999950e+00 2.57491783276999975e+01 2.00472383028035000e-06
6.35763321044333307e-01 2.57497309295666668e+01 2.03189331313739019e-06
7.31412113480000059e+00 2.57510943932999972e+01 2.00001444966855010e-06
3.71946189741666666e+00 2.57511218394333348e+01 2.02224781409570996e-06
1.27408774521666657e+00 2.57521903141666684e+01 2.03078471858084008e-06
1.81056572636333346e+00 2.57551573451333304e+01 2.03100148859689990e-06
9.12252029643333295e-01 2.57570776186999986e+01 2.03300001252631991e-06
1.21872363098999981e+00 2.57580524148000016e+01 2.03183468681720003e-06
8.44561156830333282e-01 2.57581298140666668e+01 2.03443735984747981e-06
6.96293747939000007e-01 2.57599365820999999e+01 2.03536604006201009e-06
1.11498939040333345e+00 2.57607600099000003e+01 2.03277432449820008e-06
7.39594082639666639e-01 2.57610221446999965e+01 2.03563773791750019e-06
1.06730592456666673e+00 2.57613744498666684e+01 2.03355997078793011e-06
7.88147898070666653e-01 2.57638720580666671e+01 2.03615735454358019e-06
1.47904980338666658e+00 2.57652457153333323e+01 2.03554741615784997e-06
1.65680298453333319e+00 2.57682214722666636e+01 2.03646406069543985e-06
9.81595524137999997e-01 2.57685669746000023e+01 2.03588632951704005e-06
6.73941660734333259e-01 2.57688558517999979e+01 2.03782643265882980e-06
7.16440093787666599e-01 2.57734865863666691e+01 2.03928914904936003e-06
6.23236858663999915e-01 2.57742746053999987e+01 2.03920550104536014e-06
8.77089289284666673e-01 2.57755490911333318e+01 2.03893822313029011e-06
7.63588827999666542e-01 2.57779545060000004e+01 2.04030969919263001e-06
8.15960164392666609e-01 2.57800624282666639e+01 2.04061365995449993e-06
9.44544624797333365e-01 2.57805654277333325e+01 2.03981427514194001e-06
1.58535642532999987e+00 2.57834979138000016e+01 2.04144421289615993e-06
1.36402848708333324e+00 2.57893606007666669e+01 2.04276156439014980e-06
6.45747263142999994e+00 2.57926592370999970e+01 2.01515087931832981e-06
6.67125747818666626e-01 2.57946094297666662e+01 2.04543369784471979e-06
2.00084826281000039e+00 2.57992881103999991e+01 2.04331350619696995e-06
6.39439427246999981e-01 2.57994503935333341e+01 2.04680557944505996e-06
1.30587462722333325e+00 2.57995169671666673e+01 2.04445618996022013e-06
1.00550888956366680e+00 2.58003762850666654e+01 2.04565306369966981e-06
1.04582552407999985e+00 2.58007650041000005e+01 2.04532090781994002e-06
7.15757389386999954e-01 2.58018853141999962e+01 2.04794147506240993e-06
1.13867893313333357e+00 2.58100204866333343e+01 2.04758449794089995e-06
2.13115188646666631e+00 2.58107354674666674e+01 2.04570699869376989e-06
1.93024786083333311e+00 2.58109983321333338e+01 2.04734223282016015e-06
3.30859471877666644e+00 2.58114716346999984e+01 2.05767902040043983e-06
1.19047654837666683e+00 2.58119731766000022e+01 2.04837949785138988e-06
7.62027684877999989e-01 2.58120699650999974e+01 2.05103088893745981e-06
6.04876561008000024e+00 2.58135138566999984e+01 2.02153996104887004e-06
6.88795130622666729e-01 2.58140888878999988e+01 2.05129105347791018e-06
8.16077639263666721e-01 2.58146472500666668e+01 2.05147288590887013e-06
2.54371842954999972e+00 2.58157969103666680e+01 2.04753185735703003e-06
8.77234389072333420e-01 2.58171876196000021e+01 2.05181578074762988e-06
2.43320330205333368e+00 2.58178057676666661e+01 2.04794142709155997e-06
9.44016746070666657e-01 2.58227771321333357e+01 2.05281465814116998e-06
2.21755720134000001e+00 2.58230018847999965e+01 2.05114429564502999e-06
1.45867178746666681e+00 2.58235050827333339e+01 2.05392028955350019e-06
7.37350235117333330e-01 2.58235363316333348e+01 2.05351121028707018e-06
6.26202568582999941e-01 2.58251757881333361e+01 2.05464429603379995e-06
1.77882755867666664e+00 2.58266506525666664e+01 2.05317862596130019e-06
1.46831378060666680e+01 2.58271842763000024e+01 2.03583887290034015e-06
1.63022291276666671e+01 2.58315762792999983e+01 2.04501157193659996e-06
7.86704229819999878e-01 2.58325723389666670e+01 2.05623128380672983e-06
8.44823731488999918e-01 2.58343531643333328e+01 2.05691765261740002e-06
1.70475173743999986e+00 2.58344697615666661e+01 2.05598430911890016e-06
2.77926757830666693e+00 2.58353256773666651e+01 2.05138266615553004e-06
9.81493397727999928e-01 2.58353575580333334e+01 2.05663632992423989e-06
1.39821841340666686e+00 2.58365892747000032e+01 2.05639498597749999e-06
1.06505859486333332e+00 2.58369420426666636e+01 2.05633659666280020e-06
6.85914430099666572e-01 2.58398076047666656e+01 2.05867570236145991e-06
9.11869250704333223e-01 2.58409278515666649e+01 2.05857684010151004e-06
2.91368447218333282e+00 2.58409867300999991e+01 2.05397458791477015e-06
5.26473955347999922e+00 2.58416457238333344e+01 2.03494609533765001e-06
1.38994004929999999e+01 2.58453477053666667e+01 2.04933249486467997e-06
1.11022853807999988e+00 2.58468119651666655e+01 2.05858945450215008e-06
6.38985507911666750e-01 2.58506741800333337e+01 2.06246283372163979e-06
7.29589016085666731e-01 2.58538579724333317e+01 2.06348654148807013e-06
6.63791127960333238e-01 2.58548852664666668e+01 2.06381232828647997e-06
1.27993336812000003e+00 2.58550424376999963e+01 2.06206885337154011e-06
4.89667758374333406e+00 2.58564675815666654e+01 2.04638062980789996e-06
2.06273727321333311e+00 2.58565006503333308e+01 2.06147784292080990e-06
7.05115469832333308e-01 2.58579256718666670e+01 2.06423614295479004e-06
1.56215666715000001e+00 2.58592016295666660e+01 2.06485455209830983e-06
1.21989940350000015e+00 2.58616365465000051e+01 2.06344353008942990e-06
7.85318053492333301e-01 2.58672108859000041e+01 2.06738822951564006e-06
8.41053237661333331e-01 2.58701919080333340e+01 2.06808435150320007e-06
9.98609639650999914e-01 2.58715317072000026e+01 2.06784081386481985e-06
1.04185820227000003e+00 2.58727274728000047e+01 2.06760776175499985e-06
1.49607026840333357e+00 2.58729819767000002e+01 2.06789657094745017e-06
6.22782939328666685e-01 2.58754983918999990e+01 2.07019573901696014e-06
4.21250675598999980e+00 2.58774521325666633e+01 2.05533834307733994e-06
7.39857068153999986e-01 2.58784044620666656e+01 2.07057625238477018e-06
6.72321301924333259e-01 2.58797094783333357e+01 2.07116963626275993e-06
9.06710634917999969e-01 2.58805689639333316e+01 2.07104349573309989e-06
6.94941970911333251e-01 2.58808382749999986e+01 2.07111453269689016e-06
3.87901832778666700e+00 2.58811192534333294e+01 2.06608063484102987e-06
1.90076371557000012e+00 2.58830927877999990e+01 2.06995856112776985e-06
8.10920969108333334e-01 2.58851245407000015e+01 2.07223100227482011e-06
7.62650974739333187e-01 2.58853701840999975e+01 2.07218115696245016e-06
1.82372192631999996e+00 2.58915767406999997e+01 2.07283077877416009e-06
1.11197533840999996e+00 2.58917465291000006e+01 2.07404767773374018e-06
8.68305279458333357e-01 2.58926674756666664e+01 2.07485214406802000e-06
1.37249396618333352e+00 2.58950108332000006e+01 2.07484055833286995e-06
1.23682819682999980e+01 2.59013908011666700e+01 2.06098229755302981e-06
6.37997461366999974e-01 2.59019981416000000e+01 2.07842188473182001e-06
6.62730203914000060e-01 2.59019981416000000e+01 2.07746504882541017e-06
1.31236278075666668e+00 2.59033076298000005e+01 2.07632096385622987e-06
7.02880353627000076e-01 2.59041287755666652e+01 2.07782759110504020e-06
2.59101096515333351e+00 2.59041503042666648e+01 2.07504886303386982e-06
1.67453311680666661e+00 2.59054348118333309e+01 2.07809328352007012e-06
7.23321904616333278e-01 2.59057626620666674e+01 2.07854845891900990e-06
1.06667023440666653e+00 2.59063375114666705e+01 2.07819288594521993e-06
9.76581692231666576e-01 2.59109262488333343e+01 2.07993381316471988e-06
2.37695290518000002e+00 2.59128782438333332e+01 2.07901058837481991e-06
9.34081585574666584e-01 2.59135260304333315e+01 2.08124185974616020e-06
2.26312322275333333e+00 2.59140220925666682e+01 2.07912858859706005e-06
1.60338460571999986e+00 2.59148902382999999e+01 2.08077180239942012e-06
1.19565920460333341e+00 2.59157015147000038e+01 2.08054669202972979e-06
7.61599971549666521e-01 2.59168428694333350e+01 2.08257665563136004e-06
8.06827553571000000e-01 2.59182763267666694e+01 2.08293890051543021e-06
6.82691267349666675e-01 2.59206680033666679e+01 2.08376442648922016e-06
1.14379066809666674e+00 2.59248415024666663e+01 2.08351702968085004e-06
1.16600837800666657e+01 2.59248676935000013e+01 2.07658957186628994e-06
2.70647642179333303e+00 2.59253597963000004e+01 2.07998569692679019e-06
3.25674155681999977e+00 2.59254018601333343e+01 2.08202652130435979e-06
8.59533059098666730e-01 2.59255661073999981e+01 2.08489476800422989e-06
6.25214522038333276e-01 2.59264997496999996e+01 2.08569709073910997e-06
7.36146459413000165e-01 2.59274182125000010e+01 2.08522607841298013e-06
7.80173634765333301e-01 2.59318353573000024e+01 2.08649997451396981e-06
2.04257681509999989e+00 2.59354837159666687e+01 2.08658692136403014e-06
8.28187601764333370e-01 2.59362423258333337e+01 2.08786192462920011e-06
1.46969828899000010e+00 2.59370484089666640e+01 2.08805250725759008e-06
6.83747083013666601e-01 2.59449232684666669e+01 2.09150289213894995e-06
1.04953199740000014e+00 2.59459093176666649e+01 2.09054079303629006e-06
1.40657536083000001e+00 2.59459930735000022e+01 2.08973024389822020e-06
1.95120365943333329e+00 2.59503656316999987e+01 2.09091252335550012e-06
6.35667933455666634e-01 2.59514094202999992e+01 2.09348290140527018e-06
1.00269201784399997e+00 2.59516938206333343e+01 2.09196396019411006e-06
7.08285890947999963e+00 2.59529511772999975e+01 2.06754851190815019e-06
7.30018213445666753e-01 2.59532397755333335e+01 2.09373830444208004e-06
3.01841213962000010e+00 2.59564546660666657e+01 2.09816980819465986e-06
8.77996340029666644e-01 2.59575814632666670e+01 2.09421438714118979e-06
9.14139511046000108e-01 2.59576398980333352e+01 2.09462865960590989e-06
1.28519006691333337e+00 2.59580018246000002e+01 2.09366148320643008e-06
6.61456491666666646e-01 2.59589980187333360e+01 2.09600925511904004e-06
6.65734000645000012e+00 2.59591593598000010e+01 2.06794357393601007e-06
1.79145145011333362e+00 2.59613860330666633e+01 2.09456291903073002e-06
7.75925290960666647e-01 2.59619994557333342e+01 2.09617463705220999e-06
7.07578608544333298e-01 2.59625456349666699e+01 2.09654897157718989e-06
1.22852045537999999e+00 2.59638016006999983e+01 2.09481199988598021e-06
1.71633846183666683e+00 2.59674249952000018e+01 2.09664058439483997e-06
8.23847521272999983e-01 2.59685587079000015e+01 2.09789028026197984e-06
7.51223381777666677e-01 2.59728285308999993e+01 2.09933235791173982e-06
1.03589930904333318e+01 2.59731661302333343e+01 2.08806795053741992e-06
6.20453411417333345e-01 2.59749096705999989e+01 2.10066973194050987e-06
1.12455861858333317e+00 2.59775524692999973e+01 2.10004037685198993e-06
7.98239129275000070e-01 2.59807568072666690e+01 2.10142719799220019e-06
1.57353586509666665e+00 2.59826191026999993e+01 2.10204600800374005e-06
1.07560505189000000e+00 2.59840293021333331e+01 2.10138369651073000e-06
8.53444927369999995e-01 2.59853380645333338e+01 2.10293902090339992e-06
5.84837481730000075e+00 2.59897202474000011e+01 2.08168193681033993e-06
6.59410974741666656e-01 2.59904661529000016e+01 2.10574453654582994e-06
1.50593594711333334e+00 2.59909969262333327e+01 2.10386941652888007e-06
9.73620158649666756e+00 2.59918600670333326e+01 2.09346845558615990e-06
7.04599067919333244e-01 2.59923847708333362e+01 2.10667440131661020e-06
9.83057459001333345e-01 2.59933488928666669e+01 2.10486073943310017e-06
2.53621573599666661e+00 2.59948773428999971e+01 2.10494755521034008e-06
9.37005058860333251e-01 2.59966951886666671e+01 2.10626756406348991e-06
6.33622416530666643e-01 2.59995442211333341e+01 2.10773080326823012e-06
5.46222658125333282e+00 2.59996551398999998e+01 2.08763464199294995e-06
7.46797146756666641e-01 2.60014744994000004e+01 2.10873109741455007e-06
2.43267280351999959e+00 2.60015964251666674e+01 2.10691043031340011e-06
7.99297620735666570e+00 2.60036432907333328e+01 2.07315813506151003e-06
6.78722025463666667e-01 2.60062305384999952e+01 2.10969701283127015e-06
1.37750795895333322e+00 2.60070271933000008e+01 2.10890412029681004e-06
7.92820102149666694e-01 2.60103391260666683e+01 2.11096673625666986e-06
1.31625385046333321e+00 2.60107391477999990e+01 2.10941553353437995e-06
7.22612437799666552e-01 2.60117248799000009e+01 2.11147969900319011e-06
1.20279254061666663e+00 2.60140440427999984e+01 2.11106841779785982e-06
2.20521187720666623e+00 2.60148898596666669e+01 2.11134225181365992e-06
4.73035360900999979e+00 2.60151711710000022e+01 2.09656214540170980e-06
8.51822734846666818e-01 2.60173414370333340e+01 2.11295752534773996e-06
8.52961784978666770e+00 2.60183471816333345e+01 2.09837440947792004e-06
1.15069924032666671e+00 2.60186549236333349e+01 2.11190926801708996e-06
4.38900223770999975e+00 2.60187733686333331e+01 2.10301389311782008e-06
2.10003967227333321e+00 2.60194721639333331e+01 2.11239463115038011e-06
7.66080028814333236e-01 2.60202277430333346e+01 2.11391092603838989e-06
1.91544951590666668e+00 2.60238973099999988e+01 2.11362024486310003e-06
3.73777293216333328e+00 2.60239702375333337e+01 2.10847167487614014e-06
6.23169005113333285e-01 2.60246345505333352e+01 2.11568803491992006e-06
1.83273909583666672e+00 2.60264337584666663e+01 2.11442289221612984e-06
1.05437555392666660e+00 2.60280932028333325e+01 2.11528100694971009e-06
8.16806301624333320e-01 2.60301443991999975e+01 2.11751116811079987e-06
1.88480607380999992e+01 2.60304829918333347e+01 2.09749063389044004e-06
1.00866794059400022e+00 2.60316282905999969e+01 2.11651234883399995e-06
6.75656793674666578e-01 2.60341353664666677e+01 2.11862301030625002e-06
1.68345614671666666e+00 2.60348733617000043e+01 2.11788536046473979e-06
3.43908781941333386e+00 2.60382322959666652e+01 2.12443748416978983e-06
2.71322664311666628e+00 2.60382980105000001e+01 2.12111365683087018e-06
7.17801398451999972e-01 2.60395508667333324e+01 2.12060605972540000e-06
9.18251242076333352e-01 2.60398810436000012e+01 2.11963998870938014e-06
1.61180206106333324e+00 2.60406120427333327e+01 2.11941664481023001e-06
8.78227650746666755e-01 2.60451045458666641e+01 2.12143658726141001e-06
6.96722796782666687e-01 2.60481155856333366e+01 2.12288930393574005e-06
6.35325182651999998e-01 2.60496558262666689e+01 2.12356851998836985e-06
7.60727203050999834e-01 2.60512057917333344e+01 2.12429723144649981e-06
6.58048509073999921e-01 2.60518159193333361e+01 2.12419941240888008e-06
1.47697271831333343e+00 2.60528266241666699e+01 2.12346769164458009e-06
1.22706504992333332e+00 2.60571937953666684e+01 2.12403688454826990e-06
8.11279717952666624e-01 2.60578677595666655e+01 2.12579016002008011e-06
1.28385674823666673e+00 2.60596886764666671e+01 2.12511903601233006e-06
1.41166765831333341e+00 2.60599122266999963e+01 2.12472389838444013e-06
7.36633281645666660e-01 2.60602785349333352e+01 2.12646493694381002e-06
1.12639738569666670e+00 2.60650116770000011e+01 2.12683234012590013e-06
1.07902726598999998e+00 2.60679731233666665e+01 2.12735540296661998e-06
7.81940692714666596e-01 2.60690405351333290e+01 2.12956639671400979e-06
9.90321956031000039e-01 2.60718190826000011e+01 2.12897054472379998e-06
6.91250313739666722e-01 2.60726306759333362e+01 2.13077845699573020e-06
6.22156177538666699e-01 2.60750212757333344e+01 2.13130892970870984e-06
6.69171483057000027e-01 2.60757038486333350e+01 2.13166729676636980e-06
9.45957657654333262e-01 2.60767255397999982e+01 2.13083566479153004e-06
2.60025972888333312e+00 2.60771211896999979e+01 2.13181289457857013e-06
8.32286856619000037e-01 2.60778468878666665e+01 2.13259078129652002e-06
8.64218356190666781e-01 2.60778866363333321e+01 2.13149022643762990e-06
7.29158757229000032e-01 2.60855922290000031e+01 2.13452230119256020e-06
2.95996246838000010e+00 2.60878493070333342e+01 2.13500162722295005e-06
7.04854390992333268e-01 2.60893796510999998e+01 2.13568960888853983e-06
1.77859287871000014e+01 2.60931225497333337e+01 2.14084693435693005e-06
1.79698201932666657e+00 2.60931936414666659e+01 2.13523200710403986e-06
1.72281205848333330e+00 2.60955942825666654e+01 2.13648592127750013e-06
1.95244511454333325e+00 2.60959527366999993e+01 2.13557249080000005e-06
7.81276489447333411e-01 2.60965810677999990e+01 2.13853408119519007e-06
2.38228259913666696e+00 2.60972033948333326e+01 2.13828299054865993e-06
6.59285833173333224e-01 2.60982480580666696e+01 2.13857544174240014e-06
6.34993854077000042e-01 2.60997255782333362e+01 2.13886875280592020e-06
1.19894209237333338e+00 2.61033619424666661e+01 2.13944770027947008e-06
1.30111164536000001e+00 2.61047323846333335e+01 2.13930431571077000e-06
8.24767644311000026e-01 2.61048956990666632e+01 2.14102530898653020e-06
1.57863573329999984e+00 2.61053219289333356e+01 2.14011837479358983e-06
2.04566211524333319e+00 2.61064095063666635e+01 2.13987117531633016e-06
1.15036772843666668e+00 2.61065689432666659e+01 2.13925887662840983e-06
8.72649463168333361e-01 2.61081901023333351e+01 2.14229276358365982e-06
1.05710506978666663e+00 2.61091508946333306e+01 2.14021056823289983e-06
1.51140630853333313e+00 2.61091586868333358e+01 2.14078375609093010e-06
2.26865135524999983e+00 2.61093529806000042e+01 2.14128780193539018e-06
1.01410737316033339e+00 2.61094617660999972e+01 2.14049199204000986e-06
7.39724752611333414e-01 2.61109489481000026e+01 2.14284672949324004e-06
1.39039175244333335e+00 2.61122842289333335e+01 2.14103882575300005e-06
8.03096302377333315e-01 2.61124571034333322e+01 2.14326865497941010e-06
7.61062075296000007e-01 2.61157891057000029e+01 2.14421598867847987e-06
6.98213944496333228e-01 2.61158826423333323e+01 2.14404415648491007e-06
9.32896879816666691e-01 2.61165025956666632e+01 2.14328252321537010e-06
2.79755962882666642e+00 2.61179295851333357e+01 2.14561049733543999e-06
6.74724217359999989e-01 2.61216778765999997e+01 2.14561899892637996e-06
1.34422588451333347e+00 2.61235195553999979e+01 2.14625091947245003e-06
8.46118704104666719e-01 2.61239979963333333e+01 2.14674653789340997e-06
6.22837676538333329e-01 2.61247043025000032e+01 2.14655847005585995e-06
8.98211578938333255e-01 2.61267847832999998e+01 2.14721845527468991e-06
7.18722969003666723e-01 2.61313316513000018e+01 2.14894812657706000e-06
7.25063025189666632e+00 2.61330116979000024e+01 2.12000434729678999e-06
7.97591438496000005e-01 2.61390411450333318e+01 2.15176660056459982e-06
7.71976283836666610e-01 2.61424015404666648e+01 2.15287966415094010e-06
9.96247737505666642e-01 2.61439277796666651e+01 2.15095187856670989e-06
1.26824935604000011e+00 2.61446424887000006e+01 2.15258948769558009e-06
1.22287150136666667e+00 2.61457669276333320e+01 2.15238561099847019e-06
9.59401542538666718e-01 2.61460621520333341e+01 2.15238563348275013e-06
6.44609307753999961e+00 2.61473232747333348e+01 2.13270294854461003e-06
6.63316213168999913e-01 2.61476419441333299e+01 2.15398810226212015e-06
6.35721651443666658e-01 2.61491908498666668e+01 2.15406629242985986e-06
1.07940692688999995e+00 2.61500637054333360e+01 2.15311862560771002e-06
1.12529946583333351e+00 2.61504432004333296e+01 2.15338893109826998e-06
8.41413298141333477e-01 2.61515841114333334e+01 2.15547236736303004e-06
1.83330202478000004e+00 2.61539359637999986e+01 2.15420342983039987e-06
7.18547748916333440e-01 2.61552835586666674e+01 2.15666522915741007e-06
6.04583490973999904e+00 2.61570295427333370e+01 2.13698783997594000e-06
8.14557374466333250e-01 2.61590658557666664e+01 2.15770565598227995e-06
1.90605469992666676e+00 2.61592315074999995e+01 2.15524077728655012e-06
1.68901940406666662e+00 2.61605285447999982e+01 2.15712548084131014e-06
4.23032187656666636e+00 2.61640427638999995e+01 2.14973819109496010e-06
1.61649716453666681e+00 2.61645175101333329e+01 2.15863546270258002e-06
8.93239735434666726e-01 2.61650211546666647e+01 2.15918433520752015e-06
3.91258099922333313e+00 2.61655725119333340e+01 2.15548929639679986e-06
7.62100609307999943e-01 2.61664332677999987e+01 2.16041556325938003e-06
1.41956410638333352e+00 2.61669202023666685e+01 2.15900307425367020e-06
1.47527360247333328e+00 2.61708802628000008e+01 2.16088421189743981e-06
7.38742239021666691e-01 2.61712800842333344e+01 2.16184212071559980e-06
5.26875845971666745e+00 2.61718584343333305e+01 2.14628106294747984e-06
6.75245889958000056e-01 2.61720734963000012e+01 2.16150376175396008e-06
4.90494745720999958e+00 2.61725526076999984e+01 2.14685199347957011e-06
2.55835610181999984e+00 2.61725580633666652e+01 2.16309983801301014e-06
6.98514098639999914e-01 2.61737812578666649e+01 2.16263034697124993e-06
1.33820776331333335e+00 2.61739956503666669e+01 2.16161858078396016e-06
8.62972213701333479e-01 2.61740125888000001e+01 2.16198131813706010e-06
6.22883974905333315e-01 2.61744865473666657e+01 2.16204217627575995e-06
9.50922668521666736e-01 2.61826549100000001e+01 2.16372593842091989e-06
1.01218661339200011e+00 2.61843008196999989e+01 2.16385114014918997e-06
1.29508042957333314e+00 2.61844830722999973e+01 2.16519964053658987e-06
7.68862258597333437e+00 2.61856198769333339e+01 2.14925027870608006e-06
2.44392190455000025e+00 2.61859211862333332e+01 2.16661153688527019e-06
3.31921217539333346e+00 2.61863952523666690e+01 2.16506378633010013e-06
8.05954606562333198e-01 2.61867055117999996e+01 2.16636441336201013e-06
2.06678233310000037e+00 2.61878412151333322e+01 2.16609706716283017e-06
7.79112996063333285e-01 2.61907125283999989e+01 2.16765306089178000e-06
1.05234810614999996e+00 2.61907476169333329e+01 2.16604229628683013e-06
1.19858526360333340e+00 2.61910117535666700e+01 2.16660086497348003e-06
9.19446162295999958e-01 2.61913317250000013e+01 2.16688482244352991e-06
1.14958759200666671e+00 2.61924810255666678e+01 2.16675843778127995e-06
1.59460559629999992e+01 2.61954080824999984e+01 2.15184888643018979e-06
1.51142004961666654e+01 2.61956940012666699e+01 2.15975550833656009e-06
7.29993850578000036e-01 2.61979625347666705e+01 2.17036966105826016e-06
6.59879215709333278e-01 2.61981945178000011e+01 2.16982447452779980e-06
6.35111862381999903e-01 2.61990586631333322e+01 2.16954893760191993e-06
7.06972152074666682e-01 2.61993174362666679e+01 2.17046146510418981e-06
1.37983837832999989e+00 2.62028252812333342e+01 2.17115595248807981e-06
3.07841624155999982e+00 2.62049594574999993e+01 2.17305837530220006e-06
2.22512743112666689e+00 2.62052711725666647e+01 2.17333751065298990e-06
8.54316845604333408e-01 2.62056825148333310e+01 2.17184540303900985e-06
9.83015138772000086e-01 2.62084956748000018e+01 2.17143592544514997e-06
8.24155162140333353e-01 2.62108936934999974e+01 2.17353596875945996e-06
1.79973260208999997e+00 2.62156852539000020e+01 2.17354221610281991e-06
7.68392282131333371e-01 2.62177548820999959e+01 2.17606886366686992e-06
1.72961994222000004e+00 2.62198771937999986e+01 2.17597368329565001e-06
7.42631506932333263e-01 2.62201580720333318e+01 2.17671436978574988e-06
6.95045769266666724e-01 2.62227306117666679e+01 2.17756425754289005e-06
6.71221041583333289e-01 2.62233154548666683e+01 2.17734766322452016e-06
6.22227887476666575e-01 2.62245721157666658e+01 2.17754835383945017e-06
9.10241841143000108e-01 2.62266699474333329e+01 2.17768015234329009e-06
1.58278495258333329e+00 2.62282362042333368e+01 2.17920861081829982e-06
1.27711063601333330e+00 2.62284382000333345e+01 2.17896118709416014e-06
2.13685072444666702e+00 2.62291270498666655e+01 2.18064244178603984e-06
1.35490269411333344e+01 2.62299258224000020e+01 2.15972104332948019e-06
1.50879081528666670e+00 2.62307621989999973e+01 2.18005875599120016e-06
8.75380046184666583e-01 2.62320293031333343e+01 2.17975466712099004e-06
1.92127495254666658e+00 2.62332815285666641e+01 2.17927439842038004e-06
1.22599332471666655e+00 2.62338424423666652e+01 2.18009998071506990e-06
1.07352345045666664e+00 2.62347397893999990e+01 2.18002266686545014e-06
1.13365048452666670e+01 2.62347646037666671e+01 2.17790732328486007e-06
1.12487039737000005e+00 2.62360937030333332e+01 2.18045126062763991e-06
8.12234005328666631e-01 2.62400195480999976e+01 2.18267973834067015e-06
1.27796074069666670e+01 2.62406378095666639e+01 2.17431212779999989e-06
7.83312735818666561e-01 2.62428737200999969e+01 2.18339244169027990e-06
9.75661162718666652e-01 2.62467140275666679e+01 2.18435335355125019e-06
7.31199432970999985e-01 2.62470597980666689e+01 2.18493181804689984e-06
2.75054966676333335e+00 2.62477933801999974e+01 2.18782406017524992e-06
7.06635393808666579e-01 2.62482774363000004e+01 2.18509077359939983e-06
1.06838331854666677e+01 2.62488294970666658e+01 2.18160908921817011e-06
6.58492058308666750e-01 2.62491377461000006e+01 2.18522100577355000e-06
6.34266257529333299e-01 2.62495302616666670e+01 2.18513243550118016e-06
1.98878558501999980e+00 2.62514344665333361e+01 2.18756399557002011e-06
9.34364371315333231e-01 2.62562114852000015e+01 2.18680557090943011e-06
1.36997137402666680e+00 2.62567053443333300e+01 2.18893600745807984e-06
2.62431305399000037e+00 2.62635986792333362e+01 2.19175799770442004e-06
8.62977613690666612e-01 2.62641996014666681e+01 2.18974728879052991e-06
8.29993256298666715e-01 2.62669786677666650e+01 2.19078430023163012e-06
1.85156306713333341e+00 2.62686751148333322e+01 2.19254412948596997e-06
7.70583488714333242e-01 2.62711802147666624e+01 2.19227849188580987e-06
1.31037096544999998e+00 2.62718308411999999e+01 2.19250994164271985e-06
7.44230961065666663e-01 2.62729631028000021e+01 2.19251987179557988e-06
9.43393913901666714e+00 2.62738424879000014e+01 2.18645939494575001e-06
6.94494379437999965e-01 2.62745990020000022e+01 2.19306390548055996e-06
6.70175771621333460e-01 2.62748744686999949e+01 2.19296143736886018e-06
6.22038370052666711e-01 2.62749581459000012e+01 2.19294367303996993e-06
1.04844604046000001e+00 2.62777400130666656e+01 2.19351618251628001e-06
1.20172121012333322e+00 2.62801832419666646e+01 2.19469416254796989e-06
1.00162392111866660e+00 2.62803474857000019e+01 2.19440789406610981e-06
1.14959595437333317e+00 2.62809652306333312e+01 2.19456869547979988e-06
2.39333677204000006e+00 2.62825294717666651e+01 2.19891479564325018e-06
8.80547345561000050e+00 2.62839868815666655e+01 2.18227995778022013e-06
1.69595136799666668e+00 2.62850966511333333e+01 2.19758326832383998e-06
1.62163861789000019e+00 2.62894666962333332e+01 2.19882250017461998e-06
2.28817354250333338e+00 2.62897298723333357e+01 2.20122214438461019e-06
9.19429059358666589e-01 2.62909941505666644e+01 2.19774224737798018e-06
8.82904096692333273e-01 2.62936229111333368e+01 2.19877130253636995e-06
1.47610247427333352e+00 2.62941461394333338e+01 2.20059695920112991e-06
8.15971641134000003e-01 2.62969812296333316e+01 2.19990534236619987e-06
7.85483143059666600e-01 2.62983286046333298e+01 2.20032958099114001e-06
6.33906415569333359e-01 2.63002172190333319e+01 2.20067200370062006e-06
7.31522102661666729e-01 2.63004839490000002e+01 2.20095745318230003e-06
6.57818016358666768e-01 2.63005260573999955e+01 2.20074557108280995e-06
7.06349560196333326e-01 2.63009022099666652e+01 2.20089015992566000e-06
1.40927569472333336e+00 2.63029959323666667e+01 2.20287727732601002e-06
3.76389635736666683e+00 2.63041535861333351e+01 2.19997670504247002e-06
7.02826100687666599e+00 2.63068642419999996e+01 2.18758119283418980e-06
4.38667796829333412e+00 2.63094369787000026e+01 2.19564929803411986e-06
3.46921264628666615e+00 2.63107142681333350e+01 2.20534769366900990e-06
6.64924273554999967e+00 2.63149676363333356e+01 2.19070160065117980e-06
2.10235834242000008e+00 2.63189304630666641e+01 2.21308466530703017e-06
4.71995217763666730e+00 2.63215490201333360e+01 2.20019000488025980e-06
9.81643909868666675e-01 2.63225499853000002e+01 2.20759976173130000e-06
1.07331934262999984e+00 2.63226600030666695e+01 2.20763683456702020e-06
9.40745839512000082e-01 2.63236991925333363e+01 2.20803773923433005e-06
1.28660308828333347e+00 2.63240842748333357e+01 2.20906664919308009e-06
1.12312230963000004e+00 2.63245313070000009e+01 2.20828026995851010e-06
6.21868045516666634e-01 2.63252590731333349e+01 2.20829502576853983e-06
2.01136774096999993e+00 2.63253389455666671e+01 2.21063544669965017e-06
8.67336875568666676e-01 2.63257758902333343e+01 2.20868102706944021e-06
8.33388777402333303e-01 2.63263551424333322e+01 2.20890985882506992e-06
6.69411949294333453e-01 2.63263823834333301e+01 2.20865217484237010e-06
1.22907064425333346e+00 2.63270324332666696e+01 2.20935055755672985e-06
6.93624885315333284e-01 2.63270340026999996e+01 2.20878717935740016e-06
7.71991544682999908e-01 2.63270618612666674e+01 2.20904357798466981e-06
7.44383031933666728e-01 2.63274343175999981e+01 2.20903768552868001e-06
5.83771354923666763e+00 2.63329248763000017e+01 2.20043359569138994e-06
1.82450137096666665e+00 2.63348005510999990e+01 2.21473182117984994e-06
2.98432591891666688e+00 2.63376786761999995e+01 2.21668570657974018e-06
5.44678533526000042e+00 2.63378188754000000e+01 2.19865237413845012e-06
1.73900233170000007e+00 2.63470301475000035e+01 2.21775797753567983e-06
2.81886218367333319e+00 2.63504323207999995e+01 2.21938857331422999e-06
6.33580720394333330e-01 2.63507084873666706e+01 2.21613330550091014e-06
6.57213023382666628e-01 2.63515229592999987e+01 2.21622718285063007e-06
1.58539328750666653e+00 2.63525658154666651e+01 2.21965974883569011e-06
7.05455944485666619e-01 2.63533667462666692e+01 2.21689200644444996e-06
7.31041548638666661e-01 2.63541853221333326e+01 2.21711743010109998e-06
1.51385128118666668e+00 2.63547192638999981e+01 2.21989091291898986e-06
7.86668301459666708e-01 2.63553931340666701e+01 2.21773391555261007e-06
8.17577036104666699e-01 2.63560337902333366e+01 2.21788651564883981e-06
8.85088395874999989e-01 2.63573087511000033e+01 2.21849351315266000e-06
9.21972397151999967e-01 2.63578608139666670e+01 2.21870672347266002e-06
1.00274389357999993e+00 2.63596542816333290e+01 2.21937507551928010e-06
1.04759720699999992e+00 2.63623717720333381e+01 2.22016612682289006e-06
1.38019806271000012e+00 2.63667598971333348e+01 2.22399549053820998e-06
2.56589411790000010e+00 2.63687568567000028e+01 2.22734117884081014e-06
1.14689978849333341e+00 2.63718991808333350e+01 2.22337859028644983e-06
1.31712586484666683e+00 2.63727227427333339e+01 2.22426882311516992e-06
2.44935203322000028e+00 2.63743245263666672e+01 2.22789311008579986e-06
1.20072286736666656e+00 2.63751822957666668e+01 2.22453687391521981e-06
6.21712674877666682e-01 2.63754494142333336e+01 2.22358263128308008e-06
6.68718362350333329e-01 2.63773336603333348e+01 2.22421072001870985e-06
6.92748347432333378e-01 2.63785258280333323e+01 2.22441356725005008e-06
2.23902997533000025e+00 2.63808392869333339e+01 2.23167936079326016e-06
7.43726935164333303e-01 2.63812295660666649e+01 2.22551252533684015e-06
7.71745175236000058e-01 2.63828098343333330e+01 2.22592031148643009e-06
2.14149148192666638e+00 2.63861840003666650e+01 2.23245826205422008e-06
8.32806352474333322e-01 2.63868214861000006e+01 2.22747819826177020e-06
8.66369614078333239e-01 2.63886756991666687e+01 2.22819030611316010e-06
9.39650856533666645e-01 2.63920933877999992e+01 2.22949346852478013e-06
1.95990179546666643e+00 2.63940978669333326e+01 2.23526322218481984e-06
9.79524282605000018e-01 2.63950360627000009e+01 2.23048583487808998e-06
1.87228763926999986e+00 2.63995475420000041e+01 2.23546384119018986e-06
6.33242421597666638e-01 2.64010314008999991e+01 2.23145157886984994e-06
6.56615806082000097e-01 2.64021011750666652e+01 2.23158255790776996e-06
7.04241982823666679e-01 2.64047174447999993e+01 2.23259745977719997e-06
1.06656101037333340e+00 2.64053315571333336e+01 2.23386573192320980e-06
7.29634966402666674e-01 2.64066026069666684e+01 2.23303868607763013e-06
7.68593235659333374e+00 2.64073246199333305e+01 2.21819426465015003e-06
7.84411611817000143e-01 2.64117821893333335e+01 2.23498870578314993e-06
1.11606062486666668e+00 2.64129876620000026e+01 2.23634520874020999e-06
1.47836125345333347e+00 2.64146057547666651e+01 2.24012925490045995e-06
8.14564054410333305e-01 2.64151531849333310e+01 2.23603385426546018e-06
1.41153481452666685e+00 2.64177965950666653e+01 2.23986883581965013e-06
1.70136659509666655e+00 2.64187282264999972e+01 2.24152914945310992e-06
1.62207030100999994e+00 2.64198938493666695e+01 2.24122802189946019e-06
8.81313124730999875e-01 2.64213148565333320e+01 2.23837897404279019e-06
9.17710365909333192e-01 2.64241804822999988e+01 2.23959675703228011e-06
6.21529746719999943e-01 2.64255819866666677e+01 2.23873196054759002e-06
6.67820712463666588e-01 2.64280279172666646e+01 2.23956296635549998e-06
1.22374309923666669e+00 2.64290935595333316e+01 2.24145483416695010e-06
6.91416904123333342e-01 2.64294520193000011e+01 2.23987586840179014e-06
1.28261365268666672e+00 2.64295821649333327e+01 2.24340227763944009e-06
9.95493842855000088e-01 2.64321885548000033e+01 2.24231329538406989e-06
7.40779770706999963e-01 2.64335830220000041e+01 2.24150022311809007e-06
3.91259314020666693e+00 2.64351751632000003e+01 2.24268516393657979e-06
7.67538176049666787e-01 2.64371823360999976e+01 2.24252487334480979e-06
1.03767725720333348e+00 2.64397665588333304e+01 2.24479401972680011e-06
4.21763387379000054e+00 2.64419883038000023e+01 2.24355777689095980e-06
3.32530819389333310e+00 2.64451476138666663e+01 2.25033340366559004e-06
8.26352267529999907e-01 2.64488164855333316e+01 2.24656449083777991e-06
6.32762823270333397e-01 2.64512422487999999e+01 2.24655425728886004e-06
6.55680404529666583e-01 2.64526184052333342e+01 2.24673847124328006e-06
8.59538076246666560e-01 2.64531239440666646e+01 2.24830143910707001e-06
3.08121740035666614e+00 2.64535478168000004e+01 2.25294102016691991e-06
7.02122882516999947e-01 2.64558421005000035e+01 2.24803243506150003e-06
7.26092765521666572e-01 2.64580879410333303e+01 2.24865615837113993e-06
9.32699767126000001e-01 2.64584420766666675e+01 2.25041085698705986e-06
1.13203494113333325e+00 2.64607053924666680e+01 2.25151028531923009e-06
9.70609818000333413e-01 2.64635074742666667e+01 2.25217619057785989e-06
7.76195214153000079e-01 2.64648499504333330e+01 2.25127711230830001e-06
2.74938162922999974e+00 2.64677789492666697e+01 2.26004165569170021e-06
2.09206769129000003e+00 2.64696280820666665e+01 2.26004366168823994e-06
1.50712703992333341e+00 2.64696580074333347e+01 2.25771157823916004e-06
2.28406266900666699e+00 2.64700589726999986e+01 2.25927006221668007e-06
2.62265017623000007e+00 2.64702981861333342e+01 2.25915616466074004e-06
2.38922149735999989e+00 2.64707446126999990e+01 2.26082579668234984e-06
7.24785425738000111e+00 2.64708582908666692e+01 2.25145728697341981e-06
2.00146860628000001e+00 2.64711334661333346e+01 2.25936808118253016e-06
8.04856863039999926e-01 2.64731131042666625e+01 2.25372620807931014e-06
1.18589433662999988e+00 2.64735281750666722e+01 2.25612737844258984e-06
1.37754671754333313e+00 2.64751816907999995e+01 2.25944998714945015e-06
6.21233076550333330e-01 2.64756602621333350e+01 2.25366655966222989e-06
1.57929408115999981e+00 2.64770995504666651e+01 2.26035856142692993e-06
1.82934657413666657e+00 2.64777340747999972e+01 2.26156546021841014e-06
6.66321196139333383e-01 2.64785370224333292e+01 2.25464729683254998e-06
6.89167482466999992e-01 2.64803366156666691e+01 2.25507394744526008e-06
1.31169775356666674e+00 2.64810044150666677e+01 2.25942534478637983e-06
1.74392456922999983e+00 2.64846851628999964e+01 2.26266562494214012e-06
7.35675001569333298e-01 2.64849318940666656e+01 2.25704136104614017e-06
1.04969414677000006e+00 2.64857975837999966e+01 2.25964460867526988e-06
8.74455565228333342e-01 2.64866158634333324e+01 2.25887257259263011e-06
7.59019044857999980e-01 2.64880945893666677e+01 2.25817027128243009e-06
9.11220014929333355e-01 2.64890683702666649e+01 2.25984834421200004e-06
4.86212122389666757e+00 2.64948102673000001e+01 2.24961432186853000e-06
6.44589205106666707e+00 2.64948734234999996e+01 2.25431549852268990e-06
9.81775779982000052e-01 2.64974673510000009e+01 2.26294353490428996e-06
1.09455221620666676e+00 2.64990803125666652e+01 2.26407444040666992e-06
8.08763976395333373e-01 2.65010584998333343e+01 2.26283636950818998e-06
6.32064794283333287e-01 2.65012994193666707e+01 2.26137258441330013e-06
6.54235332613000042e-01 2.65028000232333341e+01 2.26159438538941995e-06
6.03462103255333293e+00 2.65031243954666671e+01 2.25793010941167990e-06
6.98944969083666656e-01 2.65064522888000020e+01 2.26307805809039007e-06
7.21482605181333336e-01 2.65088017266666647e+01 2.26381595926034003e-06
5.22514337901333370e+00 2.65117742959333356e+01 2.26635750465478021e-06
1.01867669440333342e+00 2.65121794564999966e+01 2.26718176067273007e-06
7.66611326259999948e-01 2.65148089520333343e+01 2.26666493545294007e-06
1.94599187016666662e+01 2.65159929542666646e+01 2.27653663725243991e-06
1.47700650706666661e+01 2.65170532448333347e+01 2.26068214483556988e-06
8.57033006206999848e-01 2.65188209578666658e+01 2.26877791700451006e-06
7.87694608910333383e-01 2.65195097086666642e+01 2.26820723984574995e-06
8.28988163646333320e-01 2.65208872382666669e+01 2.26937771694275009e-06
1.19277409538333345e+00 2.65214860027000014e+01 2.27180671745947992e-06
9.26354423235333346e-01 2.65231316071000016e+01 2.27074076491519007e-06
1.46896245991666663e+00 2.65241391349666635e+01 2.27684410431019983e-06
6.20831717732999944e-01 2.65256391572333321e+01 2.26833175944440988e-06
9.59000137413666631e-01 2.65264651902333348e+01 2.27194419552660983e-06
1.40620857646333342e+00 2.65264719780333316e+01 2.27559163875155986e-06
1.16530683798666672e+01 2.65265547513000008e+01 2.27458792301940015e-06
6.64268679742999968e-01 2.65285161235666642e+01 2.26934303222479985e-06
6.86132029886000083e-01 2.65303687958999994e+01 2.26981984684348986e-06
1.39886288287000013e+01 2.65331216369000025e+01 2.28288704918402989e-06
7.30097418597333347e-01 2.65349501627333346e+01 2.27189450040778005e-06
1.59769174222000010e+00 2.65352581033333337e+01 2.28002880207123998e-06
1.28288707840333327e+00 2.65368769104333317e+01 2.27861559347049992e-06
7.51882096387333387e-01 2.65377946928000021e+01 2.27294347815670008e-06
1.03624564111666668e+01 2.65423131419666696e+01 2.28270678096785013e-06
1.95392365984666672e+00 2.65465087138666682e+01 2.28459549213576018e-06
7.94393901623666743e-01 2.65466151516666677e+01 2.27671034752323988e-06
1.86941578390000007e+00 2.65476596474666628e+01 2.28366903856271995e-06
1.10768573297333339e+00 2.65477315368666673e+01 2.28003171786361991e-06
1.23169290312000013e+00 2.65485942921333340e+01 2.28158909304679013e-06
9.73535386865333230e+00 2.65486321959999998e+01 2.27949420774195999e-06
2.13370041762333340e+00 2.65489619851999983e+01 2.28514734220526016e-06
8.17561749375333324e-01 2.65500634144666670e+01 2.27775738856641012e-06
8.51266543791666663e+00 2.65509025334000022e+01 2.27347670410504999e-06
6.31222998358666576e-01 2.65512574747333332e+01 2.27588718628829019e-06
1.01339375599166659e+00 2.65522832585333326e+01 2.28155863908642986e-06
8.73852580093999909e-01 2.65524917032000012e+01 2.27923547553489005e-06
6.52489422038999956e-01 2.65526338372000019e+01 2.27611638006190988e-06
9.06409547421333284e-01 2.65543498456000009e+01 2.28013599995157992e-06
2.22815690193666649e+00 2.65547375892666651e+01 2.28734134216409012e-06
1.71387919329333305e+00 2.65550818391000014e+01 2.28601969573625013e-06
1.23879727533333348e+01 2.65559048494333325e+01 2.28475211685420019e-06
6.95222870492000045e-01 2.65560589322666658e+01 2.27759765186855019e-06
1.15204821665333346e+00 2.65573144444000029e+01 2.28361983108074985e-06
7.16650623105666629e-01 2.65582908612333313e+01 2.27833570964874984e-06
9.74383839463333401e-01 2.65588762602333333e+01 2.28220276290544011e-06
7.59328748392666619e-01 2.65636957966666678e+01 2.28093331574108002e-06
3.76072013489000012e+00 2.65645414320999969e+01 2.28827932904326014e-06
2.43305365033666687e+00 2.65673409393666695e+01 2.29115773109320990e-06
7.80757270978666651e-01 2.65678154988999999e+01 2.28215920180793016e-06
1.65181183525666664e+00 2.65678793188999975e+01 2.29163273032573980e-06
3.46811889965666653e+00 2.65679532007666666e+01 2.29097010465425009e-06
4.33899230744666742e+00 2.65697643542000002e+01 2.28255048523870005e-06
2.54994024452666679e+00 2.65724621824666656e+01 2.29490146999798012e-06
6.20391280625666730e-01 2.65756183175000018e+01 2.28270488285727008e-06
7.97609280134999921e+00 2.65762267917999964e+01 2.29184114196679988e-06
1.49434667637999996e+00 2.65764297386999999e+01 2.29342189244746986e-06
6.61994703653666750e-01 2.65782846334666658e+01 2.28369167647887021e-06
6.82864801963666612e-01 2.65798570561999981e+01 2.28415931397015997e-06
1.55090891744666681e+00 2.65801071640333362e+01 2.29586315377441001e-06
1.37296888414999985e+00 2.65803124119999978e+01 2.29418037637601990e-06
8.25977813687999940e-01 2.65807199370999996e+01 2.28713016364404989e-06
7.24821978182333293e-01 2.65838314677999996e+01 2.28610160278928997e-06
1.31549635006666654e+00 2.65848946201333369e+01 2.29402095691462001e-06
8.54223801845999997e-01 2.65852145062333314e+01 2.28882815776571013e-06
2.96962749174000029e+00 2.65856178964666690e+01 2.30026991874517020e-06
7.45715425679333244e-01 2.65863918731666651e+01 2.28702952300738012e-06
1.03412162325500012e+00 2.65868194732333336e+01 2.29202363760568014e-06
1.73625026693999978e+01 2.65870801092666653e+01 2.28536150733322995e-06
2.80325545585666669e+00 2.65870953843333346e+01 2.29718872477982000e-06
9.21108674524000026e-01 2.65887793350999999e+01 2.29087775237824990e-06
1.07705734130333330e+00 2.65888248649666643e+01 2.29290739705449020e-06
9.56437252387666526e-01 2.65899721666000026e+01 2.29193786339387990e-06
7.86661076210333321e-01 2.65925387236000006e+01 2.28989508018860017e-06
1.64196563834666662e+01 2.65952915026000021e+01 2.29482989757952000e-06
1.21163164832999981e+00 2.66001885727000023e+01 2.29905388944540980e-06
6.30322222035333279e-01 2.66011996457666662e+01 2.29009843569707999e-06
1.16550755079333324e+00 2.66019067482666678e+01 2.29791441800452998e-06
8.08713771168000028e-01 2.66019948990000010e+01 2.29221986702773018e-06
6.50659221383000030e-01 2.66024895992666650e+01 2.29032770422628997e-06
6.91436582887666629e-01 2.66054750583999997e+01 2.29175301900247986e-06
7.11966006492666614e-01 2.66072175410333323e+01 2.29244739872227013e-06
4.65020544821000037e+00 2.66104742762666682e+01 2.30470144398672983e-06
7.53403760504999909e-01 2.66115267725666627e+01 2.29468174802360013e-06
7.72920888449999954e-01 2.66135539207666660e+01 2.29554758815083002e-06
1.99113499018333329e+00 2.66195492553999991e+01 2.30756608550995983e-06
8.66839243855999975e-01 2.66196749821333327e+01 2.29951050751645998e-06
1.82682150159333312e+00 2.66198194670666659e+01 2.30760139390918993e-06
1.75670691589333328e+00 2.66202905706000017e+01 2.30744549802537987e-06
9.01167149206666629e-01 2.66213816685999980e+01 2.30072552077240012e-06
2.08031266295000039e+00 2.66235079108000008e+01 2.31002371497486987e-06
9.70770281435333282e-01 2.66250429325999995e+01 2.30284521769586998e-06
6.19930941409666647e-01 2.66255813282666658e+01 2.29676794975838996e-06
6.59621002444666704e-01 2.66280315959333329e+01 2.29772828158457008e-06
1.00944473577433347e+00 2.66284832409333312e+01 2.30461280103855999e-06
1.45815584644000018e+00 2.66289417394666650e+01 2.31140796565248981e-06
6.79528265639333218e-01 2.66294446323333318e+01 2.29820345608517013e-06
1.39953193766333328e+00 2.66304915696999984e+01 2.31005211650041019e-06
8.05641268953666612e-01 2.66308018425999968e+01 2.30237714768665994e-06
1.63404392402000020e+00 2.66309720225666666e+01 2.31207518037405994e-06
7.19705342112999968e-01 2.66327974897999979e+01 2.30006532552295021e-06
1.57499085341333345e+00 2.66331619182333306e+01 2.31291802378584007e-06
7.40249648628333312e-01 2.66345463159666629e+01 2.30094615299228002e-06
1.28629513633999992e+00 2.66362580904999966e+01 2.31148298289047993e-06
7.81816258682999976e-01 2.66370043791000022e+01 2.30258137065092000e-06
1.09250364931333332e+00 2.66391488387333304e+01 2.30884967620726009e-06
1.23362460988666656e+00 2.66398346613666668e+01 2.31110281131057979e-06
1.13659137512333319e+00 2.66426478144999983e+01 2.31123359325068002e-06
7.08224757271333250e+00 2.66506856861666677e+01 2.30771249653579997e-06
6.29438157120666641e-01 2.66510452257666657e+01 2.30396658285763991e-06
6.48791218807999948e-01 2.66522055399333340e+01 2.30418218706620004e-06
8.48057083429333391e-01 2.66534339391999993e+01 2.30953824387713014e-06
2.25929584605666678e+00 2.66542252529333332e+01 2.31975506250169004e-06
6.87471958824000029e-01 2.66550375346666648e+01 2.30568667689572988e-06
8.18844244667333299e-01 2.66550571114666646e+01 2.30912238895022988e-06
9.14060972333666566e-01 2.66559636893666685e+01 2.31132285610199982e-06
7.07119611692666683e-01 2.66566479094999984e+01 2.30641179578821981e-06
9.48335526698666609e-01 2.66584321218666673e+01 2.31295322490035988e-06
7.48223330572666545e-01 2.66601619422666651e+01 2.30858906094033991e-06
7.70272812682333274e-01 2.66605928571999975e+01 2.30945718489126012e-06
2.35903376610333337e+00 2.66661429630333338e+01 2.32607606581474019e-06
6.65930363772666656e+00 2.66665974244666693e+01 2.31692272601512998e-06
2.58800588497333317e+00 2.66713773165666659e+01 2.32610464665126984e-06
1.02060635419266665e+00 2.66741931008999984e+01 2.31902725088290999e-06
6.19507215710999981e-01 2.66754638974999985e+01 2.31049380866786021e-06
1.66321690113333331e+00 2.66758898736666659e+01 2.32588379475216983e-06
6.57089416775333279e-01 2.66774759598333340e+01 2.31136610388179981e-06
1.72381253497000020e+00 2.66780059015000006e+01 2.32600324870372998e-06
6.75862893596666736e-01 2.66788949181666659e+01 2.31189590068583982e-06
5.83151011420333276e+00 2.66806943273333310e+01 2.32143584866980987e-06
1.36644917959666667e+00 2.66819199838000003e+01 2.32760101061194999e-06
7.14203132949666752e-01 2.66824045311333329e+01 2.31405370111714982e-06
1.06072954968333333e+00 2.66828533069666669e+01 2.32230971140313004e-06
1.48503879251666682e+00 2.66828724788666669e+01 2.32840484553675982e-06
1.31068491235666662e+00 2.66831042964666665e+01 2.32624886755334014e-06
1.54531155842333323e+00 2.66834152323000033e+01 2.32906029694448985e-06
7.34762545314333271e-01 2.66841697377333311e+01 2.31504584225608000e-06
5.41296067463999986e+00 2.66844502287000012e+01 2.32680593392274004e-06
1.20503692328333334e+00 2.66867232068999982e+01 2.32681364612410987e-06
7.78791413854666659e-01 2.66867539271666665e+01 2.31724758271212987e-06
4.18080669253333337e+00 2.66871848873333342e+01 2.32979781443680984e-06
8.03537835569000047e-01 2.66874207179333318e+01 2.31842891059507003e-06
1.15412778605666655e+00 2.66878181844666678e+01 2.32511072268158001e-06
2.71458964330333297e+00 2.66885297552999994e+01 2.33563573005332998e-06
8.61409983690999970e-01 2.66885617087999982e+01 2.32020086731288985e-06
3.90757525355999968e+00 2.66887751058333329e+01 2.33177219506514985e-06
8.93085967244666712e-01 2.66893847725000022e+01 2.32151235518500995e-06
1.86173961525333342e+00 2.66909866956333310e+01 2.33041636033768981e-06
1.94154522789666673e+00 2.66918674175666695e+01 2.33240465397229995e-06
9.57760598229666638e-01 2.66922543479666672e+01 2.32343746056948016e-06
2.10920861539000004e+00 2.66938227419999983e+01 2.33244679685640984e-06
3.32200681000666664e+00 2.66960912549666638e+01 2.33608266767282016e-06
6.29037828402333354e-01 2.67006636646666671e+01 2.31742569515637008e-06
6.47266967779333235e-01 2.67015154128333343e+01 2.31756330129190007e-06
6.82851601917999873e-01 2.67045134095333339e+01 2.31937408822042021e-06
9.91356971384666608e-01 2.67045750186666631e+01 2.32708037180666015e-06
3.06760619562666648e+00 2.67053557477333356e+01 2.33965431454128994e-06
7.01544188402333346e-01 2.67064126476666672e+01 2.32022879624654979e-06
7.41553871762666739e-01 2.67100295355666653e+01 2.32278109173638984e-06
7.63533258193333286e-01 2.67121828100666647e+01 2.32420646312256986e-06
2.19373531418333334e+00 2.67187644800666675e+01 2.34111756900467013e-06
8.11860155829333352e-01 2.67199142849999980e+01 2.32838899149462997e-06
8.40519465189333292e-01 2.67226784481333333e+01 2.33039748575685003e-06
9.05591104131333258e-01 2.67230083078000007e+01 2.33183720677359003e-06
9.35991180751333363e-01 2.67234094507666669e+01 2.33302087887385009e-06
6.19530612691333360e-01 2.67251997671666679e+01 2.32376016084295998e-06
6.54718660927999907e-01 2.67269229751666693e+01 2.32472235472197016e-06
6.71529818245333310e-01 2.67285020135333333e+01 2.32527815321441988e-06
1.07480596621666646e+00 2.67303217848333361e+01 2.33780975008362999e-06
1.27881203806666655e+00 2.67315361034333314e+01 2.34270434311780980e-06
1.22583457544666685e+00 2.67315784430000001e+01 2.34090850005891985e-06
1.12411647678000004e+00 2.67317876865666655e+01 2.33986249966749992e-06
7.07411383181666742e-01 2.67322958944999982e+01 2.32795802174221015e-06
1.39000004775000008e+00 2.67327695655666666e+01 2.34377372926495000e-06
7.26861654177333283e-01 2.67341475758000051e+01 2.32915155946809985e-06
1.63510711846666656e+00 2.67343475460999969e+01 2.34522695115605020e-06
1.44996575189333332e+00 2.67352718908666667e+01 2.34577134146959016e-06
7.68885752837000003e-01 2.67373203450999988e+01 2.33189578332877003e-06
1.57625484636333346e+00 2.67396830090666668e+01 2.34687605335821001e-06
7.92466228758666680e-01 2.67443850292666667e+01 2.33448461330880008e-06
1.74238493782000003e+00 2.67453949197666638e+01 2.34830400908022002e-06
9.85087732542333394e-01 2.67461364554333336e+01 2.34238042614661013e-06
6.28599559282999931e-01 2.67503371374999972e+01 2.33033799406323008e-06
6.45558468142666708e-01 2.67512085973333349e+01 2.33057824727710021e-06
6.77005959922666656e-01 2.67543989920666689e+01 2.33286537749252998e-06
8.85933043516666685e-01 2.67551738949333355e+01 2.34199732789730004e-06
9.48997021536666652e-01 2.67555465014666645e+01 2.34283255455642015e-06
8.52537388128333351e-01 2.67556670989666650e+01 2.34084824372789001e-06
6.94194938374666726e-01 2.67562936349000005e+01 2.33386954482559990e-06
1.81019743240333320e+00 2.67588468174333336e+01 2.35418626505492997e-06
7.32644040563333321e-01 2.67601647912666643e+01 2.33699464892673016e-06
2.05630775092666651e+00 2.67603199916333345e+01 2.35693109181913979e-06
7.52688752792333382e-01 2.67611842860666691e+01 2.33837530916856002e-06
1.97782203620000008e+00 2.67623233226000004e+01 2.35522776354261009e-06
4.65701326265666626e+00 2.67624943039333338e+01 2.35232180645334984e-06
2.39932052056666656e+00 2.67656306124666656e+01 2.35808759701786999e-06
2.51140604524666644e+00 2.67657437228999981e+01 2.36203776049367004e-06
1.04782658105000004e+00 2.67744032006333335e+01 2.35213643405122995e-06
6.19068946591666669e-01 2.67751373703333293e+01 2.33646581408848007e-06
1.14356218344666671e+00 2.67759237764999973e+01 2.35392093487255992e-06
6.50841786788666665e-01 2.67767277923999991e+01 2.33770035838539989e-06
1.19437114488666674e+00 2.67768095105000015e+01 2.35626157089893016e-06
7.87758331699666692e-01 2.67770773020666688e+01 2.34637415140387000e-06
1.00480863438699997e+00 2.67781887079000001e+01 2.35156285087446981e-06
6.65478121251333321e-01 2.67783391487666655e+01 2.33836878956403002e-06
1.29974218923666673e+00 2.67791278131000006e+01 2.35786821251660010e-06
1.68371767838666675e+00 2.67813030257333367e+01 2.36163351772579998e-06
1.35516593167999999e+00 2.67815455879000019e+01 2.36034916613130019e-06
6.98556428795000017e-01 2.67823116997666659e+01 2.34172640095254997e-06
7.17555259987999960e-01 2.67843311748333299e+01 2.34320325105461997e-06
9.31451071735999947e-01 2.67863964499666629e+01 2.35299688449006011e-06
8.98787170335999974e-01 2.67864249864000037e+01 2.35180858227432992e-06
7.61089927021000090e-01 2.67868169995000009e+01 2.34602122856984014e-06
8.34972180206333348e-01 2.67888330683666673e+01 2.35172364818397015e-06
2.73433198963999979e+00 2.67936222591333326e+01 2.37084742681557003e-06
1.47767668391000018e+00 2.67962424324333348e+01 2.36558719802405001e-06
8.03560945889000067e-01 2.67974594312666632e+01 2.35199730494555014e-06
1.54369301247333346e+00 2.68001107972000021e+01 2.36691537618317006e-06
6.27038168073666746e-01 2.68002240036999986e+01 2.34276209112706983e-06
6.41852099410999966e-01 2.68009429659333342e+01 2.34308287322800992e-06
4.34634883302333286e+00 2.68036819418333323e+01 2.37887448698542012e-06
6.68868149658999989e-01 2.68040533258666649e+01 2.34593966359818001e-06
2.18421334845333304e+00 2.68051915853999994e+01 2.37386571766047001e-06
6.84757478750666615e-01 2.68061312340333338e+01 2.34712982461059018e-06
7.22075280268000053e-01 2.68103062920999982e+01 2.35120587840785015e-06
7.45565235072000010e-01 2.68117726219666679e+01 2.35347893355069013e-06
3.76223189467333308e+00 2.68138428729999987e+01 2.37689647850625994e-06
8.79536175191000136e-01 2.68167234286666663e+01 2.36192974503182981e-06
3.46926468635333363e+00 2.68177472534666670e+01 2.37894091613201981e-06
9.44254751972333328e-01 2.68178652183333277e+01 2.36313426216126985e-06
7.76265901132000025e+00 2.68178698288333344e+01 2.36560478954613991e-06
8.49116840449666732e-01 2.68186383065999969e+01 2.36088738307058008e-06
9.81521603617666716e-01 2.68190675223000028e+01 2.36483624615745980e-06
1.06552759102666683e+00 2.68194213404666648e+01 2.36631136945848004e-06
1.11195268285999993e+00 2.68194760145999993e+01 2.36877478956633979e-06
1.13076720586333348e+01 2.68212276935666694e+01 2.38392806052134993e-06
1.06697317497333319e+01 2.68229211909333323e+01 2.37932050418448005e-06
1.21494626961000018e+00 2.68244914397333361e+01 2.37170773661427019e-06
6.17969221481999953e-01 2.68250866333666700e+01 2.34864067244098991e-06
6.45225919041333307e-01 2.68253396354666656e+01 2.34979012088356006e-06
2.09571495425333332e+00 2.68268043604333322e+01 2.37844380378396005e-06
6.57605634826666563e-01 2.68268386390333369e+01 2.35042726829162984e-06
1.26733985134000005e+00 2.68268520819000003e+01 2.37384378920961986e-06
7.30689188189666705e+00 2.68287950522666669e+01 2.37347531965989982e-06
7.93214993237333243e-01 2.68302899061666658e+01 2.36324630418326990e-06
1.84183308601666673e+00 2.68314464591999986e+01 2.37863840528822017e-06
6.87424481178333324e-01 2.68322416258333334e+01 2.35514159105957003e-06
1.37550232042000009e+00 2.68323251043333322e+01 2.37685972292186986e-06
2.97590036839000049e+00 2.68331697387666672e+01 2.38419273606542005e-06
1.92965207717000009e+00 2.68340422424333376e+01 2.38058249620228010e-06
7.05743451502666708e-01 2.68343972088333338e+01 2.35697732526866981e-06
8.80037045599666534e+00 2.68369974193666678e+01 2.36713300755859001e-06
7.48129807794333246e-01 2.68399099832666650e+01 2.36295161797246011e-06
1.43804736850666681e+00 2.68445196235666685e+01 2.38130579416220980e-06
9.39459320332666614e+00 2.68448714756333295e+01 2.38745345087634021e-06
1.66452560097000002e+00 2.68454676928333349e+01 2.38349930678091011e-06
8.90690366731666572e-01 2.68459842954333290e+01 2.37119551821239002e-06
7.68488464477000033e-01 2.68463610758999955e+01 2.36625772574139012e-06
9.22745042113000014e-01 2.68471546215333348e+01 2.37302199276632990e-06
6.46386806910999923e+00 2.68482211984999992e+01 2.37976599704353989e-06
8.31771091653666694e-01 2.68483854286333354e+01 2.37109121284493986e-06
6.37450181319333287e-01 2.68500304342999989e+01 2.35507579989881006e-06
6.25007415097333374e-01 2.68504963944333355e+01 2.35479629353599979e-06
8.07280478758666598e-01 2.68514106653000049e+01 2.37023274853190999e-06
6.58208209313666637e-01 2.68523617877333329e+01 2.35811926399752997e-06
6.04734556409999957e+00 2.68540671293999971e+01 2.38683693679998017e-06
6.72137726573666661e-01 2.68556868663666677e+01 2.35964163536012980e-06
2.82908794079999959e+00 2.68573495586999975e+01 2.39452506921462999e-06
1.58335320716000005e+00 2.68589400013333339e+01 2.38768576116608997e-06
9.91384281656999988e-01 2.68603115869999982e+01 2.37819997457908981e-06
7.06607713135333326e-01 2.68608907200333356e+01 2.36564299992904996e-06
1.12873806419000000e+00 2.68615764675999991e+01 2.38216372351901991e-06
5.23394598006333300e+00 2.68621983329333318e+01 2.38742159007296000e-06
2.33829329774666661e+00 2.68632300166666660e+01 2.39277401499081992e-06
2.54980190924666639e+00 2.68634824232000007e+01 2.39381033501947008e-06
1.03237232240299992e+00 2.68644509124333304e+01 2.38181242536733985e-06
7.25504114623000018e-01 2.68649371645999970e+01 2.36837990805887008e-06
1.18092268949999979e+00 2.68657061587333317e+01 2.38586805542605011e-06
6.44897465661666724e-01 2.68678525785333342e+01 2.35959754186568981e-06
1.29137593978999998e+00 2.68679563187999975e+01 2.38825987024390989e-06
1.26379857929000021e+01 2.68686169999666653e+01 2.37771766219095979e-06
1.34411466642666677e+00 2.68710115664333351e+01 2.38956420197675012e-06
2.23759837481333301e+00 2.68729023342333342e+01 2.39526296895941991e-06
2.64614409530999994e+00 2.68742085206999981e+01 2.39897770686085996e-06
8.70459547180999937e-01 2.68742997163999995e+01 2.38108484329580987e-06
8.41959606844333464e-01 2.68747859716666682e+01 2.37949613987285000e-06
6.17038193615333408e-01 2.68754097610666669e+01 2.36018241902769982e-06
9.30607972592000010e-01 2.68761553182333337e+01 2.38231409374537991e-06
7.67232702397666722e-01 2.68762620611999985e+01 2.37646892504927981e-06
7.90222718182333472e-01 2.68780737908666651e+01 2.37939337837885999e-06
6.72065283737000030e-01 2.68802218780333355e+01 2.36740310293989996e-06
4.87254738555666655e+00 2.68809671509666650e+01 2.40929305430764995e-06
6.88216299974333423e-01 2.68832701486999959e+01 2.36977211438072015e-06
6.42093107391666695e-01 2.68857930469666684e+01 2.36456820367909019e-06
9.61980360490666708e-01 2.68881099797333327e+01 2.38643146493659009e-06
7.22055654534333402e-01 2.68959780230999996e+01 2.37956655402272003e-06
1.38327559969666680e+01 2.68972137873000001e+01 2.38054422360977005e-06
1.45097878459666685e+00 2.68982425254333357e+01 2.40011494787619991e-06
2.05636873246333307e+00 2.69003339327000042e+01 2.40427013274749014e-06
7.43425585626333318e-01 2.69008518270666634e+01 2.38338470184715979e-06
6.21887581114333288e-01 2.69010743204666660e+01 2.36625878165375018e-06
1.09593414488999996e+00 2.69017494467333336e+01 2.39707555146103985e-06
6.31525989066333282e-01 2.69018821620999979e+01 2.36668788776272981e-06
8.79536923376333379e-01 2.69019333851999995e+01 2.38993733175083010e-06
8.22334496953333272e-01 2.69019964150333344e+01 2.38925273917068002e-06
7.95088221186333377e-01 2.69022589975666655e+01 2.38711706475875014e-06
9.07630673406000010e-01 2.69026186609333315e+01 2.39174686416462008e-06
6.46069780950666583e-01 2.69027744272999989e+01 2.37024077798591987e-06
1.79527780671666659e+00 2.69030683093000000e+01 2.40329808532009001e-06
6.56707867429333292e-01 2.69030872342666676e+01 2.37121808684511994e-06
1.04599349493633342e+00 2.69046785656999994e+01 2.39414235717551994e-06
1.19346254015666653e+00 2.69049824622333347e+01 2.39883427034304011e-06
1.96879157010666650e+00 2.69055684837333331e+01 2.40405484352031982e-06
1.71221231894333314e+00 2.69059291187999996e+01 2.40412480570844996e-06
6.84989630835333263e-01 2.69066987847333330e+01 2.37827374373042986e-06
1.27253630263000006e+00 2.69107198146666668e+01 2.40338055377984017e-06
6.99932583907666661e-01 2.69153602145666646e+01 2.38196988087348984e-06
6.35502662625333392e-01 2.69188635424333320e+01 2.37104384542197991e-06
1.55826041909000002e+00 2.69205035904666659e+01 2.40818590601600002e-06
1.35616472686333345e+00 2.69205562344666625e+01 2.40753326393667983e-06
1.50850964112333319e+01 2.69225654376333345e+01 2.39040062688077997e-06
9.55279843503999970e-01 2.69226514762666689e+01 2.39993004873393990e-06
1.23305129773333344e+00 2.69230265137666684e+01 2.40760572756344987e-06
6.55433535303333370e-01 2.69231651747333309e+01 2.37750951368764993e-06
6.67564282472000059e-01 2.69237284545333324e+01 2.37968370440808991e-06
6.14849387498999977e-01 2.69256645594000013e+01 2.37051765154803982e-06
7.73581304858333318e-01 2.69280721092666653e+01 2.39652910276907008e-06
8.30164849892333301e-01 2.69283884429000011e+01 2.39778552366493001e-06
7.44908685083000122e-01 2.69284766684333334e+01 2.39302995022250011e-06
8.58867335978666713e-01 2.69288116683333349e+01 2.39975215630132008e-06
9.19743367879000018e-01 2.69289331886666652e+01 2.40048567257283001e-06
4.22147749081333412e+00 2.69298517556333330e+01 2.41982847368946995e-06
1.49793808134333339e+00 2.69308057822666633e+01 2.41263727956970019e-06
1.40048379694666658e+00 2.69355926742333338e+01 2.41374280933323000e-06
3.91059199143666669e+00 2.69384224683000006e+01 2.42165929540651004e-06
1.15797364377000012e+00 2.69384765873333372e+01 2.41211432410058985e-06
6.88646587596000059e-01 2.69390181941333360e+01 2.39319328132974007e-06
1.11262987381333311e+00 2.69393732629666651e+01 2.40911909431400989e-06
6.30196160914333281e-01 2.69396454028666632e+01 2.37663278419829016e-06
3.32973548483333337e+00 2.69418563285333335e+01 2.42211837250604989e-06
6.41991677313666687e-01 2.69441468205333337e+01 2.38190387332283007e-06
6.58772467604333278e-01 2.69441990975666670e+01 2.38782865334920998e-06
1.01720743513266676e+00 2.69442098867999960e+01 2.40936602061600995e-06
1.31234191814000001e+00 2.69445285331333331e+01 2.41568474690441006e-06
3.09077178124999996e+00 2.69480143210666654e+01 2.42619261505013986e-06
9.74776198046666598e-01 2.69484059793666688e+01 2.40894120427023008e-06
6.16771725008666727e-01 2.69484513623666651e+01 2.37562583296707982e-06
6.64911819655999992e-01 2.69508274073333318e+01 2.38949641157255018e-06
6.32181409856333310e-01 2.69527498045333367e+01 2.37975982178697017e-06
6.21103631249666610e-01 2.69533743977666660e+01 2.37652319955582981e-06
7.79854122822666640e-01 2.69537061164666660e+01 2.40497633425102983e-06
7.19803410551000056e-01 2.69538812122666656e+01 2.40365134425239979e-06
8.09191392089666728e-01 2.69542850326333330e+01 2.40745128920371994e-06
9.01874898020999960e-01 2.69552097488999998e+01 2.41017777450344999e-06
6.93333151874666598e-01 2.69556325023333336e+01 2.39932056315277997e-06
8.69092616150333286e-01 2.69557735042999980e+01 2.40869972380964011e-06
6.42461489702333410e-01 2.69566803041000007e+01 2.38497165798363991e-06
2.38987881135000002e+00 2.69579006296333326e+01 2.42370762953602004e-06
2.48930189816999992e+00 2.69580399257333347e+01 2.42530795431831979e-06
1.21951478593000018e+00 2.69669760433333359e+01 2.42343000585189011e-06
2.19215879028666683e+00 2.69685398820333369e+01 2.42799360710991998e-06
6.11922337509666625e-01 2.69727868029666666e+01 2.38028629780546020e-06
1.17510997163000019e+00 2.69734426221333337e+01 2.42306866289231000e-06
2.09942754213666660e+00 2.69743587054666669e+01 2.42836767094938009e-06
2.78664694885000008e+00 2.69744194258333323e+01 2.43483461752877987e-06
6.41766205312999993e-01 2.69745396528000008e+01 2.40392943319678980e-06
2.68234172731999942e+00 2.69753509516333345e+01 2.43230537457737980e-06
6.21166542682000000e-01 2.69770253298000000e+01 2.38661123470501986e-06
6.28319316004000039e-01 2.69770269193666685e+01 2.39253689568770994e-06
1.08304954260000019e+00 2.69770397155000019e+01 2.42313302002342011e-06
6.16254243750666730e-01 2.69777098383666640e+01 2.38369641238694016e-06
7.26003251931333415e-01 2.69785908551333335e+01 2.41209328834971996e-06
7.57381344427666803e-01 2.69788203184999986e+01 2.41512223439402993e-06
1.03756775387299993e+00 2.69789472203666669e+01 2.42120443167135014e-06
6.58113704371666608e-01 2.69791837572333328e+01 2.41183074317853015e-06
1.92321739358666655e+00 2.69794089664333363e+01 2.42980767250889983e-06
1.83752262135000000e+00 2.69795045752333351e+01 2.42906484486996987e-06
8.17953155727000003e-01 2.69803113856000003e+01 2.41614001421588004e-06
1.67412836133333331e+00 2.69809005343000017e+01 2.42928230791306007e-06
8.49151893701333371e-01 2.69813766318333315e+01 2.41818555372882991e-06
1.60134885529000015e+00 2.69820026974666654e+01 2.42974197495236002e-06
9.52692429322000045e-01 2.69830517790000037e+01 2.42151020446052989e-06
9.15327604921333360e-01 2.69835738361333313e+01 2.41967036167576019e-06
1.41785229375000021e+00 2.69873572587333292e+01 2.43138109833381014e-06
1.47774470162333338e+00 2.69891670447333354e+01 2.43252070661395017e-06
1.29661555352333324e+00 2.69905097167000001e+01 2.43205606348238986e-06
1.24327342621000003e+00 2.70006505278000013e+01 2.43411067653818980e-06
1.59028322571999983e+01 2.70010896141666699e+01 2.44928165515733006e-06
6.59487463674666707e-01 2.70018948593000054e+01 2.42051329158205985e-06
7.00906752558000057e-01 2.70030532472666671e+01 2.42376686382941017e-06
7.66011963514333316e-01 2.70039990783666646e+01 2.42355831021236020e-06
7.97246505546666762e-01 2.70049112292999958e+01 2.42566215544415990e-06
8.59277077836666625e-01 2.70084294977666666e+01 2.42721148850669001e-06
7.97576102072333271e+00 2.70091025721000015e+01 2.43168190488728983e-06
1.14897207557333325e+00 2.70106742543999978e+01 2.43674068425525982e-06
8.92670507186000051e-01 2.70111904574666646e+01 2.42975147884810018e-06
1.10225541650000003e+00 2.70133746721333345e+01 2.43507917714714990e-06
9.67620549517333450e-01 2.70157192371333288e+01 2.43234107834426016e-06
1.01006463698233340e+00 2.70158107710666648e+01 2.43479972719176988e-06
1.32723820117666662e+01 2.70203066477666631e+01 2.47332431499754986e-06
1.89342292037666660e+01 2.70208455112999992e+01 2.44922339338622991e-06
7.10420971086666686e+00 2.70217463859000020e+01 2.44023092569013979e-06
6.68412983306666586e+00 2.70252607938333362e+01 2.44707424222305998e-06
6.31655285053000060e-01 2.70256594632333353e+01 2.43185483091542006e-06
7.10851300396999952e-01 2.70278028716333303e+01 2.43189684103390020e-06
7.44578418857000046e-01 2.70285192393666627e+01 2.43370942341501996e-06
1.78989451224999989e+01 2.70292931084000010e+01 2.45250438574897993e-06
8.06654244677333487e-01 2.70298939667333364e+01 2.43399159763098006e-06
5.85352541838999940e+00 2.70316629710333309e+01 2.44938122159629019e-06
8.37486078992999983e-01 2.70323469889666654e+01 2.43621657818377001e-06
1.38506278583999998e+00 2.70326128728333366e+01 2.44633526702341020e-06
1.32661602668000000e+00 2.70326472369333324e+01 2.44596143388926996e-06
5.45867527391666574e+00 2.70360382732000026e+01 2.45673420939857011e-06
1.50602974726333350e+00 2.70412394456333338e+01 2.44927520446062990e-06
1.21953308613333333e+00 2.70441248237666656e+01 2.44935018493417986e-06
9.01481942431666572e-01 2.70441924185666664e+01 2.44071669577527008e-06
1.56931156318333342e+00 2.70443772901666648e+01 2.44959467000419001e-06
2.52996227570999999e+00 2.70444286344333307e+01 2.45314860180706980e-06
1.16963654979666676e+00 2.70476819715666643e+01 2.44873370853118012e-06
9.39067160362333286e-01 2.70492432553666653e+01 2.44460260289260986e-06
1.71243709187666671e+00 2.70499727107333321e+01 2.45253109841546010e-06
2.33638356490000021e+00 2.70501056899666672e+01 2.45502595501281013e-06
2.62665991879666683e+00 2.70510135628333330e+01 2.45700823644759991e-06
2.23935846677000017e+00 2.70510726247999997e+01 2.45494767575202998e-06
6.51244721072000043e-01 2.70512287315666669e+01 2.44126172465128013e-06
1.79276586411999994e+00 2.70514375611666651e+01 2.45372727445518995e-06
1.07428537916333333e+00 2.70518994776333308e+01 2.44911166192248011e-06
6.89021447532666698e-01 2.70522137520000001e+01 2.44215779716127020e-06
1.02757638837266652e+00 2.70524280717000032e+01 2.44695929004471017e-06
7.55795243521666715e-01 2.70534826633333303e+01 2.44213176609352993e-06
8.47689982883333393e+00 2.70535544210333292e+01 2.45768456018848992e-06
7.86636527309666711e-01 2.70539452397666658e+01 2.44351539654957015e-06
1.96404787659333357e+00 2.70543214819000006e+01 2.45498228309961997e-06
2.05268086278666706e+00 2.70545057719666708e+01 2.45611503654884981e-06
4.72169984678333332e+00 2.70564838899999991e+01 2.46583070559174999e-06
8.45173880258000110e-01 2.70568377481999960e+01 2.44433043887777995e-06
3.47151062428333335e+00 2.70632455032000045e+01 2.46533574000060984e-06
3.75939992256666677e+00 2.70637160234333329e+01 2.46856880232373015e-06
4.38129438167333252e+00 2.70641808567666651e+01 2.46672157769768987e-06
8.75776314347333273e-01 2.70659222181000025e+01 2.44826740525883014e-06
2.99633739123666665e+00 2.70672460465333380e+01 2.46720175656240011e-06
2.83902498642666634e+00 2.70694713313666675e+01 2.46581008635214010e-06
6.29589436019000082e-01 2.70755692683333358e+01 2.45078332286333003e-06
7.03347687424000001e-01 2.70775778253999988e+01 2.45098272034840997e-06
7.36394364953000036e-01 2.70781303689999966e+01 2.45180732220840998e-06
7.97743220162333344e-01 2.70781816987000035e+01 2.45169240903486987e-06
8.25448738795000025e-01 2.70786211848999976e+01 2.45269505158657983e-06
1.29749620632999996e+00 2.70835109927333342e+01 2.46326406325995014e-06
1.24375539309666672e+00 2.70848477684666697e+01 2.46275573284326014e-06
1.41291940426333329e+00 2.70864477121666702e+01 2.46415778170127987e-06
1.14237815643000018e+00 2.70881648823000027e+01 2.46326844166897981e-06
9.51183486148999946e-01 2.70883337836666698e+01 2.45749453884910994e-06
1.09374364486999998e+00 2.70896819706333361e+01 2.46166595677492994e-06
9.97248626694333340e-01 2.70914270660666681e+01 2.46101328196755984e-06
1.47399395781333342e+00 2.70932644989666649e+01 2.46572998289596994e-06
8.72559052531999946e-01 2.70937454718333299e+01 2.45877715621547989e-06
8.39827704559666710e-01 2.71004923616333322e+01 2.46072332256288019e-06
6.48390902569333405e-01 2.71013114213999984e+01 2.46016194452639009e-06
6.84372427513666559e-01 2.71023349580333353e+01 2.46046048805013018e-06
7.80705849897333271e-01 2.71030152619999996e+01 2.46104526510465982e-06
7.50198278476000069e-01 2.71034265087333317e+01 2.46056960837391981e-06
1.03491631689666672e+01 2.71085992643333320e+01 2.48472090153521007e-06
1.16043929104666663e+01 2.71089291180333340e+01 2.48299483428221982e-06
8.89428835896666659e-01 2.71130644961666682e+01 2.46600773129517020e-06
1.59513318129000026e+00 2.71148669433000009e+01 2.47318534345794008e-06
9.24595445934999982e-01 2.71170010828000017e+01 2.46728416197259003e-06
1.66547920394000015e+00 2.71215645270333319e+01 2.47703206789364996e-06
8.27157125045666741e-01 2.71237743790333354e+01 2.46893296052074983e-06
9.70112716507333239e+00 2.71242304949999955e+01 2.48766400030188993e-06
1.83062621722333319e+00 2.71254447355666635e+01 2.47870913987348017e-06
6.28801466550333310e-01 2.71257421530666676e+01 2.46919990890683018e-06
1.16209760207333335e+00 2.71267225630333364e+01 2.47600136129698018e-06
7.95740789016000094e-01 2.71267367656000005e+01 2.46946221273096017e-06
1.21357830240333353e+00 2.71269625969999986e+01 2.47792642299648000e-06
1.21998022712666678e+01 2.71269683262999983e+01 2.49802417513167019e-06
7.00287758600000032e-01 2.71282074955000034e+01 2.46968232321941010e-06
1.91621345745999982e+00 2.71284242650999978e+01 2.48062887762352981e-06
7.33066932033333285e-01 2.71287465025999985e+01 2.46986475993316987e-06
1.32458287009999998e+00 2.71292037806666677e+01 2.47871034961882982e-06
1.06603609612666683e+00 2.71293017112666632e+01 2.47601676310993008e-06
1.01625006874166668e+00 2.71305182126333335e+01 2.47419828758959993e-06
1.38155930887333334e+00 2.71321748641999996e+01 2.47920237117006996e-06
2.09479450265666678e+00 2.71342518409333309e+01 2.48306209551900994e-06
2.48024274348000029e+00 2.71345950757333334e+01 2.48422056124110011e-06
2.18874085848999966e+00 2.71366375172000005e+01 2.48428310700715987e-06
2.38608711949000041e+00 2.71404114273666686e+01 2.48524236237018990e-06
8.74063634353000052e-01 2.71421363755999998e+01 2.47632409017299996e-06
1.49430366938999981e+00 2.71440643695333286e+01 2.48278072274124989e-06
8.44523271474333370e-01 2.71460993686666683e+01 2.47691468865071006e-06
6.47344123200999988e-01 2.71519416575666632e+01 2.47876252391917007e-06
9.25845649707999985e-01 2.71520317900666690e+01 2.48115616886541980e-06
7.81410449214000047e-01 2.71523193808999999e+01 2.47864144097833984e-06
6.82848890306333445e-01 2.71533834633666658e+01 2.47882939802796988e-06
7.49244163652666662e-01 2.71539178711666658e+01 2.47895081217538980e-06
2.64985978856000015e+00 2.71572416741000033e+01 2.49304038741886008e-06
1.45181637459333341e+01 2.71587120504333335e+01 2.52123915629280981e-06
1.55216107694666650e+00 2.71625289693333336e+01 2.48862903762642996e-06
8.91537306450666645e-01 2.71643803760333320e+01 2.48384765053405988e-06
1.13375989521333320e+00 2.71673605217000009e+01 2.49098247950432980e-06
1.08633290082666645e+00 2.71684225815999980e+01 2.48924814192104019e-06
9.90478876016333332e-01 2.71694637321666654e+01 2.48827600768021983e-06
8.30471899740333419e-01 2.71724960797666704e+01 2.48633206817246998e-06
1.23840545496999987e+00 2.71739561544666657e+01 2.49383014013767993e-06
9.48148626320666654e-01 2.71753890029666678e+01 2.48886858108295995e-06
7.98775413509666632e-01 2.71757537054333334e+01 2.48711623025786021e-06
6.28542656650666665e-01 2.71761995044999942e+01 2.48752954384930005e-06
2.75791963465999990e+00 2.71766309684333329e+01 2.50522185414085018e-06
1.29566920943333330e+00 2.71775341138666704e+01 2.49462008683210021e-06
3.08859319050666636e+00 2.71803140799000005e+01 2.50614806462261993e-06
7.33630774804666763e-01 2.71808444626666663e+01 2.48849349708423996e-06
7.00014674891666799e-01 2.71808490619666649e+01 2.48867733539978011e-06
3.32480271997000010e+00 2.71824715290999990e+01 2.51018163138814997e-06
1.40909265125666683e+00 2.71824855064333342e+01 2.49655904508397986e-06
1.46076245822333317e+00 2.71875582249666650e+01 2.49770768857895990e-06
8.80180741966333335e-01 2.71911538451666672e+01 2.49322328380139987e-06
3.88829147332000025e+00 2.71930848572333339e+01 2.51077264564756001e-06
1.69867006379333318e+00 2.71931552543333339e+01 2.50108777084521010e-06
8.48655698134666792e-01 2.71953065558333300e+01 2.49453120671419988e-06
1.78348830483333320e+00 2.71955706124333325e+01 2.50308230700820997e-06
6.46714650374999978e-01 2.72015677499999988e+01 2.49704214785718006e-06
4.19930043304999945e+00 2.72021204032333337e+01 2.52272045900167013e-06
7.84389126581333418e-01 2.72025889644333319e+01 2.49675357050139003e-06
7.74775100572666631e+00 2.72043431136333318e+01 2.50289847449668992e-06
6.82681901510666655e-01 2.72047755016666706e+01 2.49719237600424985e-06
7.33196682529333277e+00 2.72060617040000032e+01 2.51237016135040011e-06
7.51410773437666712e-01 2.72060812314000025e+01 2.49745265452165986e-06
1.95318721664999995e+00 2.72068185192333338e+01 2.50716499796488009e-06
6.48017891889333342e+00 2.72071516599666658e+01 2.51349956539212010e-06
6.06609700922666661e+00 2.72077079062666662e+01 2.51631562163720019e-06
1.01262506898466675e+00 2.72077967636000011e+01 2.50147816815248001e-06
1.05869306640999983e+00 2.72079721143999969e+01 2.50328571115727980e-06
1.15462455450666668e+00 2.72085515818666686e+01 2.50508693153918992e-06
9.31524870901000113e-01 2.72087913070333336e+01 2.50036067936251994e-06
5.26958668634333360e+00 2.72099354476666662e+01 2.51983984221680009e-06
2.55439335395000056e+00 2.72109245098333368e+01 2.51305573615903983e-06
4.89400985371666675e+00 2.72116122464333330e+01 2.52016203056682020e-06
8.97865329804000023e-01 2.72122075632666700e+01 2.50090448213976003e-06
2.04313527565333342e+00 2.72124618050000002e+01 2.51021189727973007e-06
1.20778941393333317e+00 2.72149071806666676e+01 2.50699278895001011e-06
1.32491871435333342e+00 2.72195756746666682e+01 2.50950812739412000e-06
1.38136571740333314e+00 2.72215559837000001e+01 2.50921610170739015e-06
8.35707600125000005e-01 2.72220476928666670e+01 2.50401489628147997e-06
2.23501429813333319e+00 2.72230542415666612e+01 2.51417220604111008e-06
6.28171993724333411e-01 2.72253682455000039e+01 2.50594618262904990e-06
1.54463225390666659e+00 2.72254363520666693e+01 2.51315432561412996e-06
8.03137514802333308e-01 2.72260724757999988e+01 2.50537865854170982e-06
2.33533546100333345e+00 2.72277950865666689e+01 2.51521022167365990e-06
7.00083328093999868e-01 2.72327655162666673e+01 2.50791219743200019e-06
7.35196100107999961e-01 2.72340758452999978e+01 2.50788423360938984e-06
1.48556234587000002e+00 2.72388039032333324e+01 2.51511898750285997e-06
8.86255162644333350e-01 2.72388933033333309e+01 2.51035261964661002e-06
9.43946510941333305e-01 2.72402778533000003e+01 2.51145743108810018e-06
8.55622476796999987e-01 2.72445807222666652e+01 2.51241929690222009e-06
9.82716459329333270e-01 2.72452085806666666e+01 2.51509617269018992e-06
1.07925827424000009e+00 2.72477624214333325e+01 2.51694066173147012e-06
1.12776276794999997e+00 2.72494039487999977e+01 2.51879342484852986e-06
6.45742892777333322e-01 2.72502593820333345e+01 2.51505467353413016e-06
7.89978319134000073e-01 2.72534414011000017e+01 2.51525333771548990e-06
6.81686976011333434e-01 2.72544489011333333e+01 2.51573612956363985e-06
7.55015257583333210e-01 2.72579525036333337e+01 2.51700142383805988e-06
1.22386987896666666e+00 2.72591334014333313e+01 2.52278218388722982e-06
9.13292599734666588e-01 2.72599554986999983e+01 2.51895551185123002e-06
1.65517925940333366e+00 2.72627818095333332e+01 2.52600106155624016e-06
1.30768888406666650e+00 2.72657767943666691e+01 2.52554510345461998e-06
1.81793408567333326e+00 2.72689079297999974e+01 2.52793308361400001e-06
8.42478657325666624e-01 2.72716159365000017e+01 2.52228887416877985e-06
1.58106148176999994e+00 2.72721226416333309e+01 2.52751187611932008e-06
1.39863284848333325e+00 2.72748868206333306e+01 2.52810167511193988e-06
6.27570899053000009e-01 2.72748911365333306e+01 2.52393056436596017e-06
8.09404584985333297e-01 2.72764518323999994e+01 2.52373374447459011e-06
1.90204575725333314e+00 2.72771763070666680e+01 2.53139191982297979e-06
6.91703265508333387e-01 2.72789900821333333e+01 2.52493906066549979e-06
1.26531742260666658e+00 2.72802580048333319e+01 2.53094421878839019e-06
1.00084306490466646e+00 2.72847173501999976e+01 2.52860261180419983e-06
7.43838851407666701e-01 2.72858945119999987e+01 2.52697480180942011e-06
1.45115966998333334e+00 2.72870620216333322e+01 2.53281913592022017e-06
1.05131688238999987e+00 2.72870958401666677e+01 2.53066630551243019e-06
2.80846839535333315e+00 2.72893677651666700e+01 2.54480094568569997e-06
9.03421403204333284e-01 2.72899620093333333e+01 2.52956212360437010e-06
1.14762812078000009e+00 2.72900910625999984e+01 2.53273834182890980e-06
7.16240726018000040e-01 2.72920528618333300e+01 2.53041337068175983e-06
1.19057037237000007e+00 2.72934649164333329e+01 2.53492882011138018e-06
2.08146565200333322e+00 2.72946529916333311e+01 2.53839307380402981e-06
2.98182954638999975e+00 2.72952761614666706e+01 2.54903694691106996e-06
8.63240146642666684e-01 2.72959350282000024e+01 2.53129334969372012e-06
6.71547511555333210e-01 2.72993077409333331e+01 2.53316221058138020e-06
6.43359228334000055e-01 2.72993983144333328e+01 2.53226464465836012e-06
3.44364111786333327e+00 2.73021282589999998e+01 2.54931040974436986e-06
1.35370041279333297e+00 2.73021592157333366e+01 2.53856990793772003e-06
2.17939831864999967e+00 2.73028597519333296e+01 2.54210348921638011e-06
7.96962535099333347e-01 2.73040002190666655e+01 2.53378577819383001e-06
7.66359863072333281e-01 2.73089317961333329e+01 2.53558819908897995e-06
3.71924057292999954e+00 2.73122710668999993e+01 2.56143534967327002e-06
8.51514860079333324e+00 2.73159255192999986e+01 2.54220241645168992e-06
2.51657378869666681e+00 2.73169444437333340e+01 2.55097465466979001e-06
7.09905210593333336e-01 2.73193390881333329e+01 2.53977570950958020e-06
6.83585180311666707e-01 2.73225590164666663e+01 2.54072628112642985e-06
9.25272824716000031e-01 2.73232494854333332e+01 2.54117955007856999e-06
8.49326770283333254e-01 2.73237668388999992e+01 2.54080933544837008e-06
6.25788329280999922e-01 2.73245071779000028e+01 2.54109747534597988e-06
9.71245188347666599e-01 2.73246649487333322e+01 2.54260713279891009e-06
8.16123231080333356e-01 2.73269961338666683e+01 2.54207191520059991e-06
1.25484087919666654e+00 2.73270449138666685e+01 2.54732396964024020e-06
1.07238268417999993e+00 2.73274247784000011e+01 2.54451091539989002e-06
2.39167151973999959e+00 2.73279986688333345e+01 2.55099651949974985e-06
1.69133071198666673e+00 2.73283348080333326e+01 2.54803990921797994e-06
1.12018942886000006e+00 2.73287784734666666e+01 2.54611005449254999e-06
1.76926729721666653e+00 2.73320455701999983e+01 2.55023268368635019e-06
1.21002680524000006e+00 2.73321237247333322e+01 2.54834534176641983e-06
7.55231173593333360e-01 2.73363516403666615e+01 2.54515238806896021e-06
7.26374646503999966e-01 2.73406005825333374e+01 2.54678524792853008e-06
1.54510846015333336e+00 2.73411898484333342e+01 2.55313598642471000e-06
1.47427655640333310e+00 2.73427616772666653e+01 2.55218769336748994e-06
6.71425788096999931e-01 2.73467496673666659e+01 2.54894795620429012e-06
8.66203953618333355e-01 2.73476443939333329e+01 2.54944728539512012e-06
6.41817220287666745e-01 2.73486072552999993e+01 2.54914684456355004e-06
1.33979028580000015e+00 2.73523716838333364e+01 2.55667476783163015e-06
9.01968751489333420e-01 2.73531000593333324e+01 2.55107022103781017e-06
8.04039493474999922e-01 2.73544285898666679e+01 2.55163330163758017e-06
7.73750108014999882e-01 2.73588525193000009e+01 2.55300666449696988e-06
1.93042360039333327e+00 2.73599248655000018e+01 2.55976730881377000e-06
1.28330221366333319e+00 2.73627761715000020e+01 2.55953173542767990e-06
4.33298600795666644e+00 2.73658962402333366e+01 2.57125284065092987e-06
9.95248722586333456e-01 2.73665995217333347e+01 2.55711561927136993e-06
1.04591240093333337e+00 2.73669808614333334e+01 2.55812628326997001e-06
7.15146111593333411e-01 2.73671929531666684e+01 2.55589372160936985e-06
1.18816398941666646e+00 2.73686629765666680e+01 2.56086443899726004e-06
1.14126886462666666e+00 2.73686915791333369e+01 2.55985240839973982e-06
6.86517283468000006e-01 2.73701221096666671e+01 2.55672763479494984e-06
1.31708041679666668e+01 2.73705395678666683e+01 2.56514278031544987e-06
2.01989543614000011e+00 2.73717582643000021e+01 2.56666399816437011e-06
8.51354970787666532e-01 2.73734088079000024e+01 2.55858689161890997e-06
6.26028891006666588e-01 2.73741000774000014e+01 2.55791654718250986e-06
8.22394049847333442e-01 2.73769637088666649e+01 2.55963915182917014e-06
5.45790563207333435e+00 2.73809145377666674e+01 2.58148412769798002e-06
5.85956581048333458e+00 2.73830622985333321e+01 2.58340758661947998e-06
4.68728996351333294e+00 2.73830850501999983e+01 2.58769605116898983e-06
9.04342914840666645e-01 2.73842064872666668e+01 2.56321715335503020e-06
1.06541682869666676e+01 2.73851462761666653e+01 2.58580853716726003e-06
7.61617170766000107e-01 2.73859077901666659e+01 2.56250292224952981e-06
1.12714577195666674e+01 2.73871696272333338e+01 2.59017255802011997e-06
2.21963298654666685e+00 2.73876167303999978e+01 2.57202449286572020e-06
6.69340152588666637e+00 2.73883303419000015e+01 2.58261106627645013e-06
7.31869701433666697e-01 2.73899992818666647e+01 2.56365159120039991e-06
7.12510955448666650e+00 2.73907547938666660e+01 2.58077862042738983e-06
1.65003710509333334e+00 2.73912430308666650e+01 2.57138438749014013e-06
1.79452836991333342e+00 2.73921874982333300e+01 2.57053996508329999e-06
1.57793263089333347e+00 2.73947572391666654e+01 2.57103351570647011e-06
8.70450663648666634e-01 2.73950990859666668e+01 2.56647122156373009e-06
6.73472006153999936e-01 2.73960509462333341e+01 2.56568435115325996e-06
8.02755833826000043e+00 2.73963718444333324e+01 2.58800824559170014e-06
1.43853449324666660e+00 2.73972610680666655e+01 2.57212496083417014e-06
6.42592181502000037e-01 2.73981713260333350e+01 2.56605714884950996e-06
1.37499304645999998e+00 2.73990122068333335e+01 2.57286808203123986e-06
8.10002871908666600e-01 2.74036859237333346e+01 2.56898851989311011e-06
2.73142635948666657e+00 2.74050439603000022e+01 2.58651686843331021e-06
9.70546286869333308e-01 2.74054035950333343e+01 2.57043626755918991e-06
1.06784563085333328e+00 2.74072030148666670e+01 2.57196426310068995e-06
1.26141623498999977e+00 2.74072918557999969e+01 2.57495033054282990e-06
1.11539534986666666e+00 2.74075600375000015e+01 2.57334414283556013e-06
2.33158502476666696e+00 2.74080148022999985e+01 2.57772764197556015e-06
1.21109208469999996e+00 2.74080998500000028e+01 2.57453623944915016e-06
9.27693261932333257e-01 2.74081903045999979e+01 2.57153001373973017e-06
7.79515378287333305e-01 2.74082060756000025e+01 2.57028324772098988e-06
1.25181170696666673e+01 2.74088126734666666e+01 2.60133714439035983e-06
9.44140166366666733e+00 2.74094240192000029e+01 2.58593468684289003e-06
3.06715491287666664e+00 2.74100450372666664e+01 2.58851864935475017e-06
1.87157300151000006e+00 2.74117984162666666e+01 2.57941537227373997e-06
3.29275695488666642e+00 2.74147396855999972e+01 2.59451404512798998e-06
2.59101068185666650e+00 2.74153305779666674e+01 2.58632010596101997e-06
7.19153653312333163e-01 2.74166131606333359e+01 2.57304015207734992e-06
6.89384786157999918e-01 2.74197356684999995e+01 2.57379075168336992e-06
8.60135567193333284e-01 2.74207251801333314e+01 2.57522319842477009e-06
6.26563290495333325e-01 2.74240712486333287e+01 2.57511018601961010e-06
8.28648696393666562e-01 2.74257571169333296e+01 2.57683573727747993e-06
7.66870741991333316e-01 2.74351677960333369e+01 2.57985187714604996e-06
7.36256486348666694e-01 2.74394833893666679e+01 2.58099680114852011e-06
9.11917622503999881e-01 2.74403273059333337e+01 2.58206999752545999e-06
8.78252178957000029e-01 2.74419695827666636e+01 2.58268605555854981e-06
3.81541509360999997e+00 2.74438583690333360e+01 2.59958361970068009e-06
9.93302749912999938e-01 2.74446676238333289e+01 2.58394699641866018e-06
6.75531111111666527e-01 2.74459443263333327e+01 2.58310767912655000e-06
1.03993841554999999e+00 2.74460857039666699e+01 2.58590896513091011e-06
1.75052323166999990e+00 2.74464272450333340e+01 2.59209178345231991e-06
1.13762787183333347e+00 2.74472783042666642e+01 2.58710515951005989e-06
1.18642948187666675e+00 2.74478467193333309e+01 2.58814020536816995e-06
6.43589440100999943e-01 2.74481595266666680e+01 2.58347254177557994e-06
1.68396855207999985e+00 2.74491935398333311e+01 2.59151090956684012e-06
8.16426108772999926e-01 2.74524775757000015e+01 2.58620220063008986e-06
1.28460210377333328e+00 2.74550123859666684e+01 2.59155904877699009e-06
1.54192617276666666e+00 2.74550542361000005e+01 2.59290473051851015e-06
1.63327039118999977e+01 2.74550549716333343e+01 2.59935162849930000e-06
1.47335993887000005e+00 2.74559862361666660e+01 2.59335104332185980e-06
2.05900313647999988e+00 2.74560377490000000e+01 2.59656236640304995e-06
1.34169084310666675e+00 2.74571372246666670e+01 2.59369701481528002e-06
7.85135647991999974e-01 2.74573681029333336e+01 2.58770074973050989e-06
2.16080802023999974e+00 2.74636894548000008e+01 2.59980670907837994e-06
7.22763523452333412e-01 2.74666784076666666e+01 2.59076805412685016e-06
8.66848987904999979e-01 2.74694161799666681e+01 2.59207509270945996e-06
6.91807015369666600e-01 2.74700168367666642e+01 2.59149263012801996e-06
9.23647735450000007e-01 2.74725112845666679e+01 2.59320077010761008e-06
6.27026149605666716e-01 2.74740882780333351e+01 2.59277742545694011e-06
8.36509788520666597e-01 2.74748922361000005e+01 2.59428072556349984e-06
8.88306769142999997e+00 2.74776751562333352e+01 2.63309452472553018e-06
9.62179837922000014e-01 2.74796383120333338e+01 2.59696640890707021e-06
1.86574937274666652e+00 2.74810119174999983e+01 2.60607858029351019e-06
1.20862467277333319e+00 2.74839882883999991e+01 2.60119537208351990e-06
7.72381313693666804e-01 2.74846188529666655e+01 2.59751289997453005e-06
1.06058890707999987e+00 2.74862290811999976e+01 2.59952797041226013e-06
1.11072864435000018e+00 2.74870646588666681e+01 2.60099901722095012e-06
2.35695132067666657e+00 2.74875996789666708e+01 2.60577186466222995e-06
4.11815156890666678e+00 2.74884479963666699e+01 2.62793444446430013e-06
7.40623444796666752e-01 2.74896135643666639e+01 2.59883281499258013e-06
8.93348779834666651e-01 2.74908447731000045e+01 2.60030554279436009e-06
1.73859704912666651e+01 2.74914698591999986e+01 2.61752793711617009e-06
1.25647314437999991e+00 2.74919619492333318e+01 2.60373868115331993e-06
6.77344752400333316e-01 2.74967618979000008e+01 2.60113811900342018e-06
6.44505557646999905e-01 2.74986181388333328e+01 2.60147414291021992e-06
1.78781125694333309e+00 2.74999963445999960e+01 2.61124702156787998e-06
8.24261198128999895e-01 2.75022725299999991e+01 2.60387830530500993e-06
1.94743105020999998e+01 2.75048525570333311e+01 2.62799545836306999e-06
7.91423184083000053e-01 2.75071086196333319e+01 2.60558282616018986e-06
1.64817525660333319e+00 2.75093549905000003e+01 2.61317133583457999e-06
1.37214242147666687e+00 2.75105362634333339e+01 2.61285757009215002e-06
1.44027007045333355e+00 2.75111364137000010e+01 2.61296103626186989e-06
1.57823735149000011e+00 2.75117014784666658e+01 2.61330676305250980e-06
7.27548080580333267e-01 2.75190508950999977e+01 2.60933772471566004e-06
8.84135793335333209e-01 2.75202439439333340e+01 2.61055969129871002e-06
1.18329345991000001e+00 2.75221762993666665e+01 2.61502511255531013e-06
9.77308214271333298e-01 2.75223007795000001e+01 2.61103480082941985e-06
3.39966353145999989e+00 2.75223774412333313e+01 2.63044022678826989e-06
6.95225896266666754e-01 2.75228607995333334e+01 2.61047160147470017e-06
6.27479408041333286e-01 2.75245298607999977e+01 2.61087254418932012e-06
2.96608299363666683e+00 2.75257921125333347e+01 2.63214637985794989e-06
1.13419904152999984e+00 2.75258210849000022e+01 2.61451278124813979e-06
8.45387411013999945e-01 2.75261956446999996e+01 2.61270971686200984e-06
2.80371559128333336e+00 2.75266994318666711e+01 2.63075718063994988e-06
1.02908161779233320e+00 2.75274734685333335e+01 2.61436354491705992e-06
2.00632472902000014e+00 2.75310466762666657e+01 2.62375725490923008e-06
7.79079733095333293e-01 2.75339911359666694e+01 2.61522497283241985e-06
1.91548457723333332e+00 2.75341806659999975e+01 2.62546954087692997e-06
1.25723247538666660e+00 2.75382939261333348e+01 2.62404507061832982e-06
2.52333726332333308e+00 2.75388582602000014e+01 2.63264969353232014e-06
1.44080093981000008e+01 2.75406717329666684e+01 2.62787352177497993e-06
7.46962498489666671e-01 2.75409387000333332e+01 2.61710486593607016e-06
3.64672221511666672e+00 2.75413533167666635e+01 2.64595916031017990e-06
9.04112919862333331e-01 2.75455098363333342e+01 2.61963232091015999e-06
2.42228379910999969e+00 2.75471728977000048e+01 2.63186685402665993e-06
5.25220041708333341e+00 2.75489522148333315e+01 2.64897153935850008e-06
6.44249885124999921e-01 2.75492898088000011e+01 2.61972251558797017e-06
4.85716158114999974e+00 2.75494459284999955e+01 2.64627948403721999e-06
6.79157178596999977e-01 2.75494769884666653e+01 2.62013338270943020e-06
2.20266441693666648e+00 2.75495053879000018e+01 2.63032621035755001e-06
9.46456581692666554e-01 2.75519838529666679e+01 2.62162001222176994e-06
2.28685567915333321e+00 2.75530175401666675e+01 2.63233306236358006e-06
8.32491218637666730e-01 2.75543467127666695e+01 2.62230851343584010e-06
1.20882052583666666e+00 2.75557428863333342e+01 2.62659092424278006e-06
7.99021554764999919e-01 2.75573061143999958e+01 2.62382393999018987e-06
1.75700066797666654e+00 2.75609840426666644e+01 2.63318389658297008e-06
6.05996160268666717e+00 2.75616050306666693e+01 2.65010854982163999e-06
7.40983410747333315e-01 2.75672005745666695e+01 2.62688014296336992e-06
6.47971540842333393e+00 2.75674293203333320e+01 2.65271222744932982e-06
1.68391934722666647e+00 2.75675763937666680e+01 2.63348158965280987e-06
1.10810656313000000e+00 2.75676073073666679e+01 2.62945812994071990e-06
1.34453713051333335e+00 2.75691291538666690e+01 2.63345672822852993e-06
1.05312887666233324e+00 2.75700952686666660e+01 2.62915982229937989e-06
1.47466071988000014e+00 2.75701969552666668e+01 2.63422279215611982e-06
1.54406176701999986e+00 2.75716940201000007e+01 2.63435845596643992e-06
6.26770477083666733e-01 2.75747599480000041e+01 2.62903744453150008e-06
6.91761741305333300e-01 2.75762332806666670e+01 2.62961131018601006e-06
1.28845102915333332e+00 2.75763993770000013e+01 2.63608914384067994e-06
8.85365130371666642e-01 2.75768619060333329e+01 2.63079745765829988e-06
7.34060897953333313e+00 2.75770581085666642e+01 2.65279561158482003e-06
8.52491811468333416e-01 2.75797470817000026e+01 2.63155772296763020e-06
7.18813768834333344e-01 2.75817884969000033e+01 2.63215479746768988e-06
7.87574024544333340e-01 2.75840783151666642e+01 2.63270670400931014e-06
7.82727358287333441e+00 2.75843937494999984e+01 2.65592404985692984e-06
7.61653115132333247e-01 2.75870252112666670e+01 2.63407339693494984e-06
9.48499215620333236e-01 2.75906877354666697e+01 2.63641438769625988e-06
1.18524322206333355e+00 2.75992072139666682e+01 2.64283219852097994e-06
6.42719811044000000e-01 2.75996217900333356e+01 2.63779634437957986e-06
6.72803781793666733e-01 2.76009079430333308e+01 2.63826533760321001e-06
9.07457398162999973e-01 2.76024482076666686e+01 2.64009130756338009e-06
1.13362367773666683e+00 2.76074268494666626e+01 2.64291534165695980e-06
8.37627959498000063e-01 2.76078878927000027e+01 2.64132610852551985e-06
7.25741642521333219e-01 2.76088365746333331e+01 2.64121498650865997e-06
8.06179836446666687e-01 2.76092597245333309e+01 2.64183006444157993e-06
1.87658308030666654e+00 2.76095341029999979e+01 2.65220399392738013e-06
7.51234669628666807e-01 2.76108955713333337e+01 2.64245108818948014e-06
2.35218815758666677e+00 2.76125907589000015e+01 2.66006218275613994e-06
1.02746468835233329e+00 2.76131362367666675e+01 2.64418114113198988e-06
1.79603728685333319e+00 2.76173530525666671e+01 2.65260721146368979e-06
9.77764608302333360e-01 2.76183728816333343e+01 2.64636970444817994e-06
2.05299379971999985e+00 2.76213683497666658e+01 2.65652131545565018e-06
6.84585545412333296e-01 2.76244942009666659e+01 2.64638471761468982e-06
6.25949333960333365e-01 2.76248618420333294e+01 2.64681406573730014e-06
7.10471378610999960e-01 2.76268676163333318e+01 2.64742135952497019e-06
1.36210238053333317e+01 2.76294063899333331e+01 2.69101784316701010e-06
1.37946017345000005e+00 2.76296898451333313e+01 2.65421444895144991e-06
1.64936499860333341e+00 2.76298122066333320e+01 2.65559302460538984e-06
1.44145611384000016e+00 2.76301574962666656e+01 2.65421665818109989e-06
1.57944532351000011e+00 2.76315833449999992e+01 2.65549485408891008e-06
2.14752860387666678e+00 2.76321753556000012e+01 2.65974181968438007e-06
8.93383843371000075e-01 2.76326617637333349e+01 2.65040007706738002e-06
7.62360029134333317e-01 2.76338214114666663e+01 2.65019932168108990e-06
7.91384286540333215e-01 2.76351324607666662e+01 2.65071391822001995e-06
1.26622311973000001e+00 2.76351389026000014e+01 2.65584687713675998e-06
8.56427723609333391e-01 2.76352162731000028e+01 2.65104287804664993e-06
4.16148374068000049e+00 2.76374143046000000e+01 2.66799460493175999e-06
1.21142726218999996e+00 2.76404977793666653e+01 2.65604693698950015e-06
2.73207566890999987e+00 2.76428349271333325e+01 2.67284476500520007e-06
3.28222954630666663e+00 2.76430609643000018e+01 2.67200721796097013e-06
2.59211301857999965e+00 2.76447071377999976e+01 2.67188242310398015e-06
6.73001468792333468e-01 2.76493190143000014e+01 2.65494783011783017e-06
6.44449228090000048e-01 2.76509728083666637e+01 2.65631037965522016e-06
3.07425105049333292e+00 2.76511702839333360e+01 2.67954524969967003e-06
1.10761727943333343e+00 2.76513608005333360e+01 2.65884044868826005e-06
7.18417309233333357e-01 2.76524578379000019e+01 2.65609312578522010e-06
1.05643597651666643e+00 2.76545822265333356e+01 2.65870009874645010e-06
1.03442542542000009e+01 2.76559395350999999e+01 2.69167428324874985e-06
7.44812932649333348e-01 2.76573526363333322e+01 2.65834255940406980e-06
9.58635907520000052e-01 2.76603530154000019e+01 2.66050828890512011e-06
8.06362923856000058e-01 2.76616956766333324e+01 2.66011307677371987e-06
9.15296960046000030e-01 2.76628814253000002e+01 2.66099152345466979e-06
8.39958237873666747e-01 2.76631513208000008e+01 2.66060431232884017e-06
9.77952363479333364e+00 2.76645860474666669e+01 2.69710268009837013e-06
6.95082036203999998e-01 2.76680002134999974e+01 2.66228241358651987e-06
3.69791774629666614e+00 2.76680172375999973e+01 2.68014751962976992e-06
1.91259901713333336e+00 2.76690441302999979e+01 2.67299614136982003e-06
1.15707589677666665e+01 2.76734647076333324e+01 2.69272775976689989e-06
6.28499894129666670e-01 2.76761109663333293e+01 2.66526083998012983e-06
1.22220089570666683e+01 2.76770685455999974e+01 2.69722286760017984e-06
7.56503984886999992e-01 2.76831269253333296e+01 2.66738890388886002e-06
1.76036685352666655e+00 2.76831415487666668e+01 2.67625383190595004e-06
1.99816958476000006e+00 2.76840123668000011e+01 2.67806642245526982e-06
1.29237598153666666e+00 2.76859970107666697e+01 2.67235242359761004e-06
7.89029718687666581e-01 2.76861589163333299e+01 2.66860365737734999e-06
1.34952693389666667e+00 2.76878181764333355e+01 2.67353887337556021e-06
1.68677588602666684e+00 2.76890083517333316e+01 2.67686300799940010e-06
1.18471035524333335e+00 2.76899532993000008e+01 2.67314033161277979e-06
6.95472411978666716e-01 2.76908548788666629e+01 2.66996924316634010e-06
1.13251991681333330e+00 2.76925966849666700e+01 2.67268395505992014e-06
8.56762128451999949e-01 2.76928963358000004e+01 2.67120014701865987e-06
2.32932739606666672e+00 2.76938090134666659e+01 2.68757754512789019e-06
1.54318197301000026e+00 2.76946487302666640e+01 2.67753717587334989e-06
1.47459381048000004e+00 2.76947199463666642e+01 2.67653822484411987e-06
8.95144730862666660e-01 2.76951809496666641e+01 2.67208238817394019e-06
1.03046453746000011e+00 2.76959968545333339e+01 2.67325211545348019e-06
9.82364548513333324e-01 2.76965309985333334e+01 2.67295882113245021e-06
6.44864366388000043e-01 2.77024241810999996e+01 2.67508873547522987e-06
7.41854705241000167e-01 2.77042390411999975e+01 2.67479487665443019e-06
7.17271102321333287e-01 2.77057636994333336e+01 2.67612693842231981e-06
6.73806982864999959e-01 2.77069583857333335e+01 2.67654802130861999e-06
8.01880515896666757e-01 2.77145584194333310e+01 2.67866400327985995e-06
2.20885910457333345e+00 2.77169057624333313e+01 2.69483887250188988e-06
3.90994279656333310e+00 2.77194885980999999e+01 2.71798778284807988e-06
8.36017611643333325e-01 2.77198401947333330e+01 2.68059343538911996e-06
5.44447244665666741e+00 2.77240316268333338e+01 2.71454140527050989e-06
6.26364472258333360e-01 2.77263132147666660e+01 2.68365953234007990e-06
4.68830996861333293e+00 2.77263559897000000e+01 2.71003259637670008e-06
7.53341963162333372e-01 2.77293174830333378e+01 2.68411513271148999e-06
9.13075618044333237e-01 2.77298297513666654e+01 2.68413721915572009e-06
7.10718226771666628e-01 2.77309446506666681e+01 2.68458583776876019e-06
6.86784114557666636e-01 2.77329047451999990e+01 2.68604040004202999e-06
9.56956488220999990e-01 2.77337082101333330e+01 2.68581984492702014e-06
5.85057345385000005e+00 2.77345366818999999e+01 2.71798131537885004e-06
1.20921088867333326e+00 2.77346595601333341e+01 2.68811018871023019e-06
1.87260565003666657e+00 2.77349504619333338e+01 2.69644842630372001e-06
3.46823801928666642e+00 2.77359946795666694e+01 2.72307322942565990e-06
1.26208065742666675e+00 2.77360621483666669e+01 2.68919969821170020e-06
8.77250388674666759e+00 2.77365605699000035e+01 2.69909094007331015e-06
7.80842040017333261e-01 2.77366048702666639e+01 2.68660832979835001e-06
1.10554288073333340e+00 2.77371273578000022e+01 2.68812663067766996e-06
1.05466880429666676e+00 2.77373061013666700e+01 2.68737661446246979e-06
1.80091927988333356e+00 2.77412289308333300e+01 2.69700351984668008e-06
7.31292769587999936e-01 2.77450319290999978e+01 2.69029535515880013e-06
4.38495311262666743e+00 2.77471713595000011e+01 2.72659503949421003e-06
6.42296677984333431e-01 2.77514683170666672e+01 2.69269837812076012e-06
8.48976836868333251e-01 2.77516231575999974e+01 2.69166582723556983e-06
6.68249667660333291e+00 2.77522569989333334e+01 2.72248338870401998e-06
1.65217019253333319e+00 2.77524277322000010e+01 2.69922874843608011e-06
1.37267792298333347e+00 2.77525325457666661e+01 2.69544885125045994e-06
6.73773703806666568e-01 2.77535256428666663e+01 2.69313066355319981e-06
1.57849595461000014e+00 2.77562969723666697e+01 2.69890700895467021e-06
2.52833190320333356e+00 2.77567602454666655e+01 2.71264914310312006e-06
1.43574885917666673e+00 2.77589666645666675e+01 2.69851497574363001e-06
8.87652240858666564e-01 2.77593281003666696e+01 2.69449059222103998e-06
7.11168221911333376e+00 2.77594613352000010e+01 2.72869946111749985e-06
2.79740649233666661e+00 2.77615482870666703e+01 2.71615936292383989e-06
2.00311067842333346e+00 2.77650109496999988e+01 2.70996485095426019e-06
7.89466983955999901e-01 2.77679618410333298e+01 2.69755474709790989e-06
2.40447929770000002e+00 2.77694898154999983e+01 2.71593661096172983e-06
7.32835185220999996e-01 2.77702345809000057e+01 2.69885192759672995e-06
8.00173531339000021e+00 2.77707595848333320e+01 2.72001871163821011e-06
2.97721447156666663e+00 2.77707909631999996e+01 2.72176751564306989e-06
6.25932205725999946e-01 2.77751551023000012e+01 2.70093893032929997e-06
6.84844997276000012e-01 2.77763544920666696e+01 2.70123485171483987e-06
9.76220299736666686e-01 2.77769923441666684e+01 2.70045571800349984e-06
8.23464685060333323e-01 2.77776983530666648e+01 2.70100869377946993e-06
1.13002997971999997e+00 2.77806643343333342e+01 2.70295275750441007e-06
1.18150754923000001e+00 2.77808399223333318e+01 2.70386802523954982e-06
1.02583262686566679e+00 2.77811243794000013e+01 2.70233582453695990e-06
1.28220706325666667e+00 2.77821375142333302e+01 2.70506979860245014e-06
7.10753791655333367e-01 2.77840884951333358e+01 2.70404182048388996e-06
7.63509322734000073e-01 2.77858771055999973e+01 2.70443541399958985e-06
1.91930869135333348e+00 2.77921826142000015e+01 2.71764876343565996e-06
1.33565337645333315e+00 2.77967867459666671e+01 2.70944495272355996e-06
8.98812499040666624e-01 2.77970073251000009e+01 2.70745146745486997e-06
6.69287221527666620e-01 2.77982439480000032e+01 2.70915801615587015e-06
6.41851455800000026e-01 2.77991018840333339e+01 2.70923630921145006e-06
2.17127930475000008e+00 2.78044923644000015e+01 2.72434903773323980e-06
8.33844407670000010e-01 2.78065914731333343e+01 2.71106118170244980e-06
1.76576179558333313e+00 2.78080572528333327e+01 2.72065962651314985e-06
7.10246143421000120e-01 2.78103216159666715e+01 2.71352537081162979e-06
9.43499687741999993e-01 2.78107931101333357e+01 2.71246364033596979e-06
1.69060367573333337e+00 2.78133892512333318e+01 2.72080394970179993e-06
7.61740230904999982e-01 2.78148723168333341e+01 2.71481328119951992e-06
6.84324393389666663e-01 2.78180459590000027e+01 2.71623855412334983e-06
8.70516817660000108e-01 2.78181955023999983e+01 2.71532277616666993e-06
1.54098224514333304e+00 2.78203539823666688e+01 2.72170645789469988e-06
2.06666680297999994e+00 2.78215233550333352e+01 2.73088510063594019e-06
1.46682331224000007e+00 2.78229524584666628e+01 2.72094870200416012e-06
1.10338097503333343e+00 2.78235779759999993e+01 2.71738909775632013e-06
1.05005769861566667e+00 2.78238592775000022e+01 2.71673843188669986e-06
6.25919250073999955e-01 2.78239467817333370e+01 2.71806785632591979e-06
8.38445835634333214e+00 2.78250993662999981e+01 2.77654723198026988e-06
7.30558445157666658e-01 2.78254629129666675e+01 2.71917548152158006e-06
1.25448745094666658e+00 2.78259755905999988e+01 2.72012905630854992e-06
1.20665770567333319e+00 2.78260805869333296e+01 2.71958820034753989e-06
8.14635480956000024e-01 2.78299152212000003e+01 2.72056709027050981e-06
7.84205164483333328e-01 2.78336649546333348e+01 2.72223876540031018e-06
6.74785148232333376e-01 2.78432886884333328e+01 2.72515311859964994e-06
6.43815770644333374e-01 2.78483315751333294e+01 2.72661980111169020e-06
8.68900426735666698e-01 2.78485522070666640e+01 2.72683861633155981e-06
7.23710332836000059e-01 2.78509925079666658e+01 2.72817277152236987e-06
9.53109573675333444e-01 2.78524887030333304e+01 2.72693555491481983e-06
1.33424055691333332e+00 2.78535882672666695e+01 2.73207078289995997e-06
8.34382787094000045e-01 2.78542634038000010e+01 2.72979054406825021e-06
1.89052647623333336e+00 2.78604781411666664e+01 2.74133531681089991e-06
6.93858785942000011e-01 2.78610939404000000e+01 2.73156069475985988e-06
7.73300819354666658e-01 2.78627717821333363e+01 2.73278998266819993e-06
1.58289846171666682e+01 2.78632577481333321e+01 2.75774257596440021e-06
1.49188662716666673e+01 2.78636378128333320e+01 2.78091191564128996e-06
1.03064106876900019e+00 2.78644988218999998e+01 2.73030471386355007e-06
2.59401394875000024e+00 2.78651029743333360e+01 2.75252223114862990e-06
3.46450728414333353e+00 2.78670739569999988e+01 2.75153262469922994e-06
1.28079869996000006e+00 2.78691843302333346e+01 2.73522688782710004e-06
7.43987773454666601e-01 2.78695087393333374e+01 2.73520001106620983e-06
8.87943938637666741e-01 2.78698197558666614e+01 2.73480905709918013e-06
1.80866595061666668e+00 2.78700743108999980e+01 2.74298645942284980e-06
1.12469080529333332e+00 2.78716954624666648e+01 2.73361416665970981e-06
2.72312588755333351e+00 2.78717632265999988e+01 2.75584594421916994e-06
3.95705449307666646e+00 2.78732481620999977e+01 2.75501410652708998e-06
9.90955762949999985e-01 2.78739685198000018e+01 2.73454987315725019e-06
1.17648996642333348e+00 2.78740224854000012e+01 2.73604004304358009e-06
6.27896520570333294e-01 2.78743847933999973e+01 2.73613993923748017e-06
9.22129420415333301e-01 2.78754794325666637e+01 2.73579840499294989e-06
2.35304037226333307e+00 2.78775644734666663e+01 2.75480123192563018e-06
1.65338184511666664e+00 2.78785538776000017e+01 2.74382285273308011e-06
8.23958143408666577e-01 2.78797822663666643e+01 2.73831538838196996e-06
1.57743465245000003e+00 2.78816493685666664e+01 2.74313292225535993e-06
6.89560294639666616e-01 2.78842326237000009e+01 2.74000338051072995e-06
7.93306492141999997e-01 2.78845409112666687e+01 2.74028511184010012e-06
1.43249195011999997e+00 2.78869243887666620e+01 2.74398283462117002e-06
2.24030867080666640e+00 2.78894702733999971e+01 2.75621168454822980e-06
5.25369308558666592e+00 2.78928265014999965e+01 2.77589571096663005e-06
4.89256944347666689e+00 2.78946571506999987e+01 2.77706011593330993e-06
7.34801539220333311e-01 2.78954478696666683e+01 2.74413952365047008e-06
1.36891309070666689e+00 2.78956304592000031e+01 2.74579257957775981e-06
1.05463293568333327e+00 2.78992134855666656e+01 2.74252914719751999e-06
6.43053152919000004e-01 2.78994318250666673e+01 2.74501976384744014e-06
7.10225607299333372e-01 2.79000703216000012e+01 2.74625427447299020e-06
8.74227655115999980e-01 2.79000978243999960e+01 2.74511887153044987e-06
3.03827457503333287e+00 2.79001193410666701e+01 2.76542068123757006e-06
6.69724039204666610e-01 2.79008609549999989e+01 2.74655912717255984e-06
8.44759499528666691e-01 2.79043491381666691e+01 2.74689916072452004e-06
1.09535939579000008e+00 2.79066914276333335e+01 2.74513852547418987e-06
4.24157407570000000e+00 2.79090473772666705e+01 2.78190469018094007e-06
9.27782633341999952e-01 2.79114494744000012e+01 2.74869100615802991e-06
7.83119005285666581e-01 2.79130404502000005e+01 2.74995843639584002e-06
2.03371966429999995e+00 2.79136885063000015e+01 2.76243906950365020e-06
1.25712289777666686e+00 2.79165409808000042e+01 2.75239629414963981e-06
7.53927098263999951e-01 2.79172104513999990e+01 2.75171565320133992e-06
6.04395900466666536e+00 2.79176793720333336e+01 2.78636640463956982e-06
9.92791526921000034e-01 2.79187365831666661e+01 2.74962659697792010e-06
1.20064390951333344e+00 2.79212741396333293e+01 2.75176401373107018e-06
8.96805971894666709e-01 2.79233237129000003e+01 2.75314532770876980e-06
1.06203487924333331e+01 2.79235056570999980e+01 2.78891056857299989e-06
7.02890859967333359e-01 2.79245828967333374e+01 2.75458019906698010e-06
9.51410007185999973e+00 2.79248726875333340e+01 2.79691755620608016e-06
6.25156632348666697e-01 2.79250470316666650e+01 2.75413011897700021e-06
1.94138132462333335e+00 2.79254716279333337e+01 2.76488524952495010e-06
6.79485659086000005e-01 2.79260741037666662e+01 2.75502169223033982e-06
9.06541429605000104e+00 2.79285960729333347e+01 2.79747204270064015e-06
6.45612842168333412e+00 2.79295753993999973e+01 2.79705312194785016e-06
1.02890149168333322e+00 2.79312206504999985e+01 2.75415978747085011e-06
8.33477647434999969e-01 2.79329467019333322e+01 2.75643347719628991e-06
9.60598550573000032e-01 2.79332268082333322e+01 2.75586443050069990e-06
8.02488804458666660e-01 2.79368793690666699e+01 2.75808196301584016e-06
1.77147014467000008e+00 2.79389312453666712e+01 2.76703442426325983e-06
1.12295640733999988e+01 2.79390074785666656e+01 2.80545152442289008e-06
1.69134415902000002e+00 2.79420788136666687e+01 2.76617712528583996e-06
3.24796325290666665e+00 2.79437069462333341e+01 2.79522225142767019e-06
7.43813787282333383e-01 2.79438904492333329e+01 2.76055878961444002e-06
1.53934779657333354e+00 2.79449534055999997e+01 2.76563043668672997e-06
7.17353480906666618e-01 2.79466404426333348e+01 2.76179281171984993e-06
1.46856402714666667e+00 2.79476299497000014e+01 2.76509991416404012e-06
7.31458297626999965e+00 2.79481750896999976e+01 2.80007759092848989e-06
6.68195686251333298e-01 2.79495152982333366e+01 2.76266881076259009e-06
6.40537545799666708e-01 2.79499173560666669e+01 2.76262207777813017e-06
1.09704977685999983e+00 2.79512044209000017e+01 2.76238307913522981e-06
7.71797146720666660e+00 2.79521376983999978e+01 2.80729770886735999e-06
3.74129870766666661e+00 2.79528560790333351e+01 2.80362141122792004e-06
8.88260305731000011e-01 2.79531930084333347e+01 2.76309383664767987e-06
8.54400136858666670e-01 2.79585646837000006e+01 2.76521179681833020e-06
1.34021501541666677e+00 2.79591487633333315e+01 2.76863371345340007e-06
1.04969136722333345e+00 2.79631879591333359e+01 2.76621852013116997e-06
1.28186667943999999e+00 2.79644632219666676e+01 2.76812033529024980e-06
7.90622044266000024e-01 2.79651040221999985e+01 2.76756740029520993e-06
1.33137118859333352e+01 2.79669428346333326e+01 2.80308452869074996e-06
7.61138934111333376e-01 2.79679451011666664e+01 2.76864993957726020e-06
2.41183999375333302e+00 2.79680791173999985e+01 2.78678652814891007e-06
2.52896096473666665e+00 2.79683471883000010e+01 2.78862057498212005e-06
1.17465322670666672e+00 2.79691514679000015e+01 2.76911280561039996e-06
7.07363917999666802e-01 2.79724605848000003e+01 2.77035624002045993e-06
9.54248137193999924e-01 2.79728228116333355e+01 2.76946430160787013e-06
6.81611324225666615e-01 2.79738442333666661e+01 2.77077145696619017e-06
6.25380913450999998e-01 2.79748703244000012e+01 2.77098007807166001e-06
1.25673841359666678e+01 2.79763318847000022e+01 2.80919422900457002e-06
1.12643359623999983e+00 2.79794550068666688e+01 2.77158561751297002e-06
2.19140166840333350e+00 2.79805793888333341e+01 2.78815218807938989e-06
9.12886553799333256e-01 2.79809147733333354e+01 2.77257475055613984e-06
2.77675058673666664e+00 2.79869442421666683e+01 2.79832471996439015e-06
2.08942516366666675e+00 2.79877666311000013e+01 2.78916865377952995e-06
8.41890672506333426e-01 2.79878023462333339e+01 2.77498874942828004e-06
8.09101422890000088e-01 2.79904090176000011e+01 2.77615812049892010e-06
7.49504581498333322e-01 2.79948093271333356e+01 2.77771229382769997e-06
7.22189871762333291e-01 2.79965748173666675e+01 2.77840404617125991e-06
6.69748473928999943e-01 2.79991732250666701e+01 2.77922144547570998e-06
6.41176203606000028e-01 2.79997972582666677e+01 2.77938150950130985e-06
1.03118768271999994e+00 2.80007732937333316e+01 2.77862936431167992e-06
1.90245912955000018e+00 2.80023923389666685e+01 2.79141274045748982e-06
9.83461582451999994e-01 2.80053260017666652e+01 2.78078042094013016e-06
2.91209129498666641e+00 2.80060576805000032e+01 2.80848415039127986e-06
1.81440847521333359e+00 2.80062557866666673e+01 2.79099181052636002e-06
1.57453310952999992e+00 2.80063808222333357e+01 2.78716852186442997e-06
1.65058227931000001e+00 2.80066017212666658e+01 2.78897178481538995e-06
1.43354147571333357e+00 2.80081239159999988e+01 2.78671651407542989e-06
1.78955140564333313e+01 2.80095946074333320e+01 2.80041662268675002e-06
1.36877132339666674e+00 2.80109366591999986e+01 2.78581860402996994e-06
8.98396019676666602e-01 2.80139323727999994e+01 2.78361713989967979e-06
8.61260307256000002e-01 2.80154482704333354e+01 2.78446615905586006e-06
1.19757645775333321e+00 2.80158489993333326e+01 2.78514579406021993e-06
1.24831092222333329e+00 2.80158939122333344e+01 2.78710868405130999e-06
7.95924187151999973e-01 2.80179195832333363e+01 2.78538073198171005e-06
7.65810455915000077e-01 2.80194788138000028e+01 2.78616215923211006e-06
7.10038040977333362e-01 2.80227498914333317e+01 2.78723746334258017e-06
6.83349236917999980e-01 2.80239646505666649e+01 2.78748472560506016e-06
6.25795290155000017e-01 2.80249269338666664e+01 2.78780829510685017e-06
1.10759665996333334e+00 2.80291877690333315e+01 2.78996865218708985e-06
1.89485699859999990e+01 2.80314249023666662e+01 2.81555489786482992e-06
1.05970915608000005e+00 2.80385225176666673e+01 2.79162812506728019e-06
8.13028996897666723e-01 2.80435068790000024e+01 2.79428268024647000e-06
8.45575867385333413e-01 2.80436422375666687e+01 2.79401252831562012e-06
7.52814338242333236e-01 2.80458502200000019e+01 2.79512801614777010e-06
7.24356633040666664e-01 2.80473558073999989e+01 2.79541825031428001e-06
9.62252850805333515e-01 2.80487451643999997e+01 2.79577806980170011e-06
9.18548871424666680e-01 2.80492595737333339e+01 2.79542103773528000e-06
6.70399177586666783e-01 2.80495095838666657e+01 2.79619468826181980e-06
6.41417501146666624e-01 2.80498478339666661e+01 2.79619842358363017e-06
4.38161972753333373e+00 2.80536052852999980e+01 2.83332045344729016e-06
4.72925823932333333e+00 2.80600304285333344e+01 2.83595309772904003e-06
1.17205708186333335e+00 2.80629582075666697e+01 2.80130068109587016e-06
8.36970848639666620e+00 2.80633011164999999e+01 2.83007524991231009e-06
2.35401365782333327e+00 2.80655363268333353e+01 2.82079127820868994e-06
1.46310628669666687e+00 2.80658257989000042e+01 2.80671013034907992e-06
1.13029691453999992e+00 2.80659934383000014e+01 2.80115847084514013e-06
2.24630703392999997e+00 2.80661307983333366e+01 2.81894500714909995e-06
1.27123925778666647e+00 2.80667048736000027e+01 2.80394489764787991e-06
1.53331415108666680e+00 2.80667592492333320e+01 2.80895071767351017e-06
1.33335132298333314e+00 2.80670620791999994e+01 2.80621686963064993e-06
7.98220241611666714e-01 2.80696302821999986e+01 2.80328054255704979e-06
8.60078519331333280e-01 2.80699024695666672e+01 2.80313604285508017e-06
7.68119314193333236e-01 2.80704143926333352e+01 2.80348703017598983e-06
2.04446439764666676e+00 2.80722113089666685e+01 2.81828154691407979e-06
5.44227628931000051e+00 2.80723364741666650e+01 2.84324805409423981e-06
7.10713832758666619e-01 2.80732991886333316e+01 2.80442151098687987e-06
3.27794700177999987e+00 2.80735117066666646e+01 2.82583230207187009e-06
2.58175233266333359e+00 2.80739680983000000e+01 2.82669782952985006e-06
6.83445181364000010e-01 2.80742382059666653e+01 2.80447708775363020e-06
1.68689461777999994e+00 2.80748224470666656e+01 2.81302719431223982e-06
6.25622210991666705e-01 2.80749209001000004e+01 2.80477878073220018e-06
1.94983670320666680e+00 2.80750538951999999e+01 2.81757980366230992e-06
8.95915810949999947e-01 2.80770357033666649e+01 2.80506697689665013e-06
1.77059482803333346e+00 2.80776240807666682e+01 2.81555761777935002e-06
1.03836069668333342e+00 2.80801513177000004e+01 2.80661303842188002e-06
9.88630491676666723e-01 2.80858212563999992e+01 2.80857846862665988e-06
2.70043001586000031e+00 2.80859048999000009e+01 2.83289446170830011e-06
5.82644120119666642e+00 2.80866842896333360e+01 2.85652525972967984e-06
8.13827762336333360e-01 2.80953593961999992e+01 2.81226237324576019e-06
8.43139169568333346e-01 2.80954962250000015e+01 2.81220034615030995e-06
7.53438343660666643e-01 2.80956471522666682e+01 2.81237562400801002e-06
7.24490567427666599e-01 2.80970263608666677e+01 2.81239797483599994e-06
6.69614692499333253e-01 2.80992515310000037e+01 2.81321449928569002e-06
6.40773398566999997e-01 2.80995959750333348e+01 2.81312613663869011e-06
3.71679834877666648e+00 2.81002031769666694e+01 2.84134497704549012e-06
8.97229279005333336e-01 2.81108906268666665e+01 2.81828137082966004e-06
1.11107622122000005e+00 2.81126105201333303e+01 2.81681186466105005e-06
1.18510436734666658e+00 2.81133172049666662e+01 2.81817797490490002e-06
1.23355207880000006e+00 2.81170189581000010e+01 2.82192566318595979e-06
1.06702750724666662e+00 2.81174336509000007e+01 2.81938071718859008e-06
7.68156242689333357e-01 2.81187112837666682e+01 2.82044969923377019e-06
7.98444733946666596e-01 2.81192076381333322e+01 2.82066707963689981e-06
6.64288293953666642e+00 2.81206835655000020e+01 2.86601576289787987e-06
1.36000606046999994e+00 2.81210849226333330e+01 2.82487518575100983e-06
8.61447099948333239e-01 2.81211115639000013e+01 2.82144094291578986e-06
7.10122617250000032e-01 2.81217197041333371e+01 2.82131882849188018e-06
1.42499087186666640e+00 2.81226613855333341e+01 2.82726108450742005e-06
6.82515393716333296e-01 2.81230058569333323e+01 2.82129603018092009e-06
2.95419195033333359e+00 2.81244052122000028e+01 2.84958384982087992e-06
6.25151187575333278e-01 2.81246750749333323e+01 2.82188389319171993e-06
1.56233084064000027e+00 2.81250449068333346e+01 2.82925372169301981e-06
9.69107926797333263e-01 2.81283337816666688e+01 2.82355029964302017e-06
7.07215195161333288e+00 2.81320789195333312e+01 2.88205385158278016e-06
1.63986213755333310e+00 2.81328872056333346e+01 2.83372349671670991e-06
7.97517696932000053e+00 2.81333706982666634e+01 2.88966693303346993e-06
9.24296468238666624e-01 2.81361004210333334e+01 2.82685368444491984e-06
8.75441595214000046e+00 2.81361013409333331e+01 2.90206388415064988e-06
7.51785799623000073e-01 2.81424117757333363e+01 2.82930715269242981e-06
1.14714195566666666e+00 2.81434174798666668e+01 2.82984958325145017e-06
7.22699950416666681e-01 2.81440409875000022e+01 2.82884891828866980e-06
3.46999067412666662e+00 2.81442258153666671e+01 2.87127011482567983e-06
6.68400815967999939e-01 2.81478241391666693e+01 2.83024899517718996e-06
3.11035897925333371e+00 2.81482716332000003e+01 2.86877855582224007e-06
8.12147259011333333e-01 2.81484965284333377e+01 2.83108778000317004e-06
6.39877903759333400e-01 2.81491489131333310e+01 2.83018575318140006e-06
1.81283156516333332e+00 2.81501779682000013e+01 2.84151717603194021e-06
8.45838217780999990e-01 2.81502636254000009e+01 2.83184997917765994e-06
1.90402278599999986e+00 2.81514712303333319e+01 2.84388918559776009e-06
2.09303136204666673e+00 2.81520695008999979e+01 2.84704470182863991e-06
2.19289749359333319e+00 2.81531762325333368e+01 2.84918754087459993e-06
2.40413299761000010e+00 2.81597183830000013e+01 2.85451897027706992e-06
1.04708684255333329e+00 2.81607331729333339e+01 2.83479608508515988e-06
7.63192840322333255e-01 2.81634707937000002e+01 2.83620891323977013e-06
9.98897467110666626e-01 2.81659633649999996e+01 2.83668585269910988e-06
2.51475070146666679e+00 2.81678820835666670e+01 2.85928087047100003e-06
7.08366505921333434e-01 2.81684752866333348e+01 2.83798148814628000e-06
7.93265808453333388e-01 2.81690591920333304e+01 2.83835462068140998e-06
9.75026558846333380e+00 2.81694583929999993e+01 2.88554600945754017e-06
1.25818164366666685e+00 2.81699195832666653e+01 2.84103727412552001e-06
6.81674595006333317e-01 2.81709722854999995e+01 2.83805169203960014e-06
1.32252356013999983e+00 2.81736283422000007e+01 2.84377351780525999e-06
6.24726716183999997e-01 2.81744738381999973e+01 2.83912826221108980e-06
9.08873003394333412e-01 2.81765644547666660e+01 2.84078113372459014e-06
1.02917836896299999e+01 2.81767378749333339e+01 2.90075383523884018e-06
8.66196931993666652e-01 2.81805067221000023e+01 2.84238835181516998e-06
1.45311545439333334e+00 2.81808992050333309e+01 2.84792854377595986e-06
1.52024755877666640e+00 2.81823492760000001e+01 2.85076410820216021e-06
7.47787610424999971e-01 2.81869756996666645e+01 2.84508953382900017e-06
1.13073282546666665e+00 2.81875958618666687e+01 2.84661892636064993e-06
7.22047125230333431e-01 2.81903509808333332e+01 2.84550236935302991e-06
6.67889898164666707e-01 2.81963875115999976e+01 2.84730586364169016e-06
2.74382020404333327e+00 2.81975049280000007e+01 2.87311840446703991e-06
7.92892596030999930e-01 2.81976843511333328e+01 2.84942393566594015e-06
6.39464931551000038e-01 2.81985642903333336e+01 2.84742353129774009e-06
1.07472642632666671e+00 2.82000884241666654e+01 2.84838695540574013e-06
4.22089114558000045e+00 2.82014891411000015e+01 2.88803687060780993e-06
1.67705000863666664e+00 2.82069983945000011e+01 2.86098726651466990e-06
9.78497633042333503e-01 2.82072267165666659e+01 2.85124688483134012e-06
7.63604532318666762e-01 2.82073367003666675e+01 2.85197522729416014e-06
9.33284627884666595e-01 2.82100611669666677e+01 2.85229531640729002e-06
3.91394572347999992e+00 2.82136116787666680e+01 2.89771776347748980e-06
8.49367160670666643e-01 2.82141073385666665e+01 2.85415122198679011e-06
7.09568295437000063e-01 2.82155461932000016e+01 2.85460303650560006e-06
4.89178180513666661e+00 2.82164588820333364e+01 2.89496805681090019e-06
2.86224143026666633e+00 2.82168918019666677e+01 2.88312140748082992e-06
8.13197093084333300e-01 2.82189834720666681e+01 2.85631718753474996e-06
6.82102979286333344e-01 2.82190857251000011e+01 2.85502915753965017e-06
1.22342154675666670e+00 2.82190893102000011e+01 2.85918898167012019e-06
1.76631922599333335e+00 2.82214875233666653e+01 2.86563808915465014e-06
6.24738215367000027e-01 2.82240904521333356e+01 2.85658471271630010e-06
1.16222329065333341e+00 2.82249645714333326e+01 2.85901620514900992e-06
1.94808946693333329e+00 2.82287449843666671e+01 2.87199173598595987e-06
1.34905739451999995e+00 2.82303631013666667e+01 2.86391131208471999e-06
5.24367621301333386e+00 2.82305955768666657e+01 2.90640505877940982e-06
2.04247034853999976e+00 2.82321858411666682e+01 2.87467649770159989e-06
7.52600031278666592e-01 2.82324747155000040e+01 2.86109808986274982e-06
1.41466447737666656e+00 2.82360575012999995e+01 2.86705646635546997e-06
7.24304279591666655e-01 2.82373089271666693e+01 2.86194952134195994e-06
2.23932424669000030e+00 2.82403746313333350e+01 2.88047178643242994e-06
1.14763391279999993e+01 2.82416529000333334e+01 2.90354868395498001e-06
1.05198373879666662e+00 2.82436862147666652e+01 2.86417713670001990e-06
1.55058909534000011e+00 2.82441469614666651e+01 2.87278930740035998e-06
6.68953047521000044e-01 2.82454401849000014e+01 2.86460928547216007e-06
1.00394432095500008e+00 2.82455943151000035e+01 2.86470940161096993e-06
9.12410385145666747e-01 2.82464835654333335e+01 2.86491274523803008e-06
8.71168989332333332e-01 2.82465874696999997e+01 2.86525830512208007e-06
2.34285312681333346e+00 2.82475112533000008e+01 2.88491812000929003e-06
6.40013250215333396e-01 2.82482681331999999e+01 2.86501387697920019e-06
7.99627313623333280e-01 2.82508814936000014e+01 2.86763202028713017e-06
7.68318315530000073e-01 2.82547203878000026e+01 2.86852194216930994e-06
1.62986024828666665e+00 2.82609537811666662e+01 2.87674844046425016e-06
7.12334930953333334e-01 2.82634838838000029e+01 2.87153130728034007e-06
3.17823049818333336e+00 2.82666634247333342e+01 2.90410202638490004e-06
6.84449015033333219e-01 2.82680756096333319e+01 2.87237164121191002e-06
1.45338832292333340e+01 2.82683578436666636e+01 2.92731885016157989e-06
3.39467453585333345e+00 2.82689760269666657e+01 2.91045348233422983e-06
2.55874700580333325e+00 2.82694808940000009e+01 2.89584662682485998e-06
1.25013010120333323e+00 2.82727436571999995e+01 2.87824281731610002e-06
6.25275034848333355e-01 2.82741776810666643e+01 2.87442937109997010e-06
5.99280812977999933e+00 2.82751365865333355e+01 2.92192458608330989e-06
1.21629092012666664e+01 2.82753734682000015e+01 2.94028836213041000e-06
8.15987969307333305e-01 2.82769600479666678e+01 2.87634987158424993e-06
1.13338334574999977e+00 2.82770455704333337e+01 2.87832770324370985e-06
8.51359577429999903e-01 2.82775421575666677e+01 2.87622510120548001e-06
1.31142403249333328e+00 2.82803086894333369e+01 2.88096745494847014e-06
7.55645243926666765e-01 2.82817117783999983e+01 2.87828363078981010e-06
1.37157144362666656e+01 2.82829282084999996e+01 2.93339479015481020e-06
1.07915019303333337e+00 2.82832746514666695e+01 2.87893231154436021e-06
7.27957611036999963e-01 2.82856410627333332e+01 2.87908057124544011e-06
9.33288083165000004e-01 2.82864858673333295e+01 2.87824870680769981e-06
2.66913882518333345e+00 2.82871669368333301e+01 2.90356364671343984e-06
9.79609013816666763e-01 2.82884310673999977e+01 2.87958296731358988e-06
1.44345620652333317e+00 2.82965633370333336e+01 2.88867747731238015e-06
6.73158916109000027e-01 2.82971951283666669e+01 2.88275815562958020e-06
6.39708045110333234e+00 2.82972398350333343e+01 2.94622839553544980e-06
1.80818002644999987e+00 2.82979205458000003e+01 2.89475577374562000e-06
6.42924733229666590e-01 2.83004692515000009e+01 2.88399652534644985e-06
1.51224872010333322e+00 2.83032027262333337e+01 2.89178801846829015e-06
1.89875904655333305e+00 2.83038847446666644e+01 2.89786156229501981e-06
8.00029832824999954e-01 2.83050054864333340e+01 2.88632946260463006e-06
7.70996105537666732e-01 2.83059183226666669e+01 2.88664057037683990e-06
8.65183742527333322e-01 2.83073349821333302e+01 2.88619492090829989e-06
7.17918737977333410e-01 2.83102781706333353e+01 2.88782309152761018e-06
2.08547572167000039e+00 2.83146752485666688e+01 2.90436228801469992e-06
9.05870852449000008e-01 2.83163825961666653e+01 2.88846365640214990e-06
6.91005958969333367e-01 2.83172405104333329e+01 2.88969679404692993e-06
1.16180373251666658e+00 2.83179006380333362e+01 2.89276577559037996e-06
1.21735223186666652e+00 2.83194739860333300e+01 2.89396740348852008e-06
2.18246348827333358e+00 2.83217573071000004e+01 2.90853556724448985e-06
1.65052893963000002e+00 2.83228517446999994e+01 2.89866584155402006e-06
1.05493643827000017e+00 2.83257978375333330e+01 2.89425563199975009e-06
6.27649698381333332e-01 2.83262915704333373e+01 2.89325133756863003e-06
1.00343467689499999e+00 2.83290461531333335e+01 2.89391472064955989e-06
7.76523734552333433e+00 2.83304509485333362e+01 2.96979328437881020e-06
8.14740351637666671e-01 2.83315888358666683e+01 2.89576356240035016e-06
7.57542373493000021e-01 2.83319921681999993e+01 2.89586564405669994e-06
7.32152638822333390e-01 2.83324227318333328e+01 2.89572317585294986e-06
7.26560081875333363e+00 2.83331217785000007e+01 2.95467119277434011e-06
8.44522653217333441e-01 2.83333362219666647e+01 2.89621325754276985e-06
1.62942786655333336e+01 2.83388777664666662e+01 2.93610921666399009e-06
2.38663084161000016e+00 2.83420852760666691e+01 2.91904749509963008e-06
1.33375948664333333e+00 2.83430123442000017e+01 2.90284507259463999e-06
9.14042753502666727e-01 2.83443928073000002e+01 2.89752536733298009e-06
6.89467722258666704e-01 2.83470794999000013e+01 2.90115300834295990e-06
2.89367930051333344e+00 2.83499452080999994e+01 2.92926729812332992e-06
6.40881081867333280e-01 2.83520001959000005e+01 2.90278454754944013e-06
1.40018457781666661e+00 2.83535725918666657e+01 2.90812263790088985e-06
4.38822200410999930e+00 2.83552384945000000e+01 2.94643689510571985e-06
2.49190701674333326e+00 2.83558912162000034e+01 2.92554002747549997e-06
7.16286107601666777e-01 2.83563250342000011e+01 2.90427148647800016e-06
7.71037373466000098e-01 2.83566988837666649e+01 2.90465774667883989e-06
7.99201624323333193e-01 2.83572083876666632e+01 2.90498428942994990e-06
8.58877032280000008e-01 2.83603025663333312e+01 2.90631154601692984e-06
6.69577028036000055e-01 2.83618983955666693e+01 2.90593240650706020e-06
8.87710022643666719e-01 2.83623115376333317e+01 2.90689403887912982e-06
1.54439402049000019e+00 2.83627366677666650e+01 2.91353685528161993e-06
4.71147415187666674e+00 2.83637830921999985e+01 2.95389522243219012e-06
1.13374590019666655e+00 2.83650978281666646e+01 2.90928762199918984e-06
3.78750340888666637e+00 2.83652840342000019e+01 2.94618498433986012e-06
1.60340308707000001e+00 2.83655788665333368e+01 2.91537941121999990e-06
1.23811280331666662e+00 2.83663455205666679e+01 2.91035263957543009e-06
1.08111175866666698e+00 2.83667659466333326e+01 2.90896568860436993e-06
9.36703609468999887e-01 2.83693479938000017e+01 2.90907980869317009e-06
1.69452020728666652e+00 2.83694127169333363e+01 2.91879957768977997e-06
8.88193026342666769e+00 2.83708269854999990e+01 2.96884235648659986e-06
9.74775292277000105e-01 2.83708839897000011e+01 2.91019426222909980e-06
1.76073698714666649e+00 2.83726647746999987e+01 2.92059700456550987e-06
6.23231383486000046e-01 2.83757086254666682e+01 2.91129160443691020e-06
3.05350133950999991e+00 2.83758504098666684e+01 2.94397924500565997e-06
3.51503989591000021e+00 2.83766257439999983e+01 2.94857120051336015e-06
7.27210038013666682e-01 2.83807937780333326e+01 2.91310879494862019e-06
7.56571569207333372e-01 2.83815981912333335e+01 2.91349041277224003e-06
1.29322612680333315e+00 2.83823188464999987e+01 2.91579382321312009e-06
8.13141544367333324e-01 2.83832885326000017e+01 2.91448340924771019e-06
1.94019669835333342e+00 2.83836134674666702e+01 2.92689031878572016e-06
8.43034650744333369e-01 2.83846353251666699e+01 2.91496728640299007e-06
9.10370878609999878e-01 2.83872667241333367e+01 2.91675493183296019e-06
2.69985948699333322e+00 2.83887720352333339e+01 2.94001317052834012e-06
2.03253249186333340e+00 2.83909631145666701e+01 2.93050351043825989e-06
6.68405269200666674e-01 2.83946268490000016e+01 2.91822714168505013e-06
6.39709323032000010e-01 2.84013953160000021e+01 2.92043612506343990e-06
5.39857730701666672e+00 2.84045854575000014e+01 2.96722998761614001e-06
7.14709577996999967e-01 2.84051113800999993e+01 2.92172252738322989e-06
7.69759679691333409e-01 2.84069534927666645e+01 2.92258809933974016e-06
1.20895163818333340e+00 2.84071733030666671e+01 2.92474893762009005e-06
1.16013323441333327e+00 2.84074989586666682e+01 2.92429195660701996e-06
9.42909412394000235e+00 2.84079074229666695e+01 3.00334008289152000e-06
7.98165403994000044e-01 2.84081343302333345e+01 2.92308907088645002e-06
1.05647413736666684e+00 2.84097915697666679e+01 2.92418562949780990e-06
1.00163943235199993e+00 2.84106612972333323e+01 2.92488449414232993e-06
2.22140711204333341e+00 2.84109010502666699e+01 2.94024524930875998e-06
8.58219698857333291e-01 2.84114734962666660e+01 2.92496140810575983e-06
8.96722936359333311e-01 2.84120959239333324e+01 2.92578918487872993e-06
6.87141509422333319e-01 2.84121062636666686e+01 2.92380585002739994e-06
1.64739435472666673e+00 2.84121398387666666e+01 2.93508871072565989e-06
1.05096318994633346e+01 2.84123429752000014e+01 2.98387895351746018e-06
1.43197787153333334e+00 2.84178436655999995e+01 2.93113232232941018e-06
1.50739480062666686e+00 2.84203683523000024e+01 2.93326913619811994e-06
2.32204558525666682e+00 2.84240923972666657e+01 2.94705007030183982e-06
6.26477939545999951e-01 2.84256866905333290e+01 2.92894716940808007e-06
7.29521881968666630e-01 2.84305127113333320e+01 2.93069729648196015e-06
7.55210452469333382e-01 2.84315504107999999e+01 2.93110071806217989e-06
2.80597873610000015e+00 2.84321634325333328e+01 2.95467058729578982e-06
8.11558974195999983e-01 2.84344775151666660e+01 2.93259145545772021e-06
5.76354431189666627e+00 2.84347786516999967e+01 2.99355757073461013e-06
1.29197133746666659e+00 2.84354688126000035e+01 2.93646139201545993e-06
8.41720162682333295e-01 2.84364698886333365e+01 2.93361545129970990e-06
9.09506435851000106e-01 2.84408850831333346e+01 2.93641464609268990e-06
6.85555537816666671e-01 2.84452387033333345e+01 2.93612171581338015e-06
1.23685927488666647e+00 2.84481888526333364e+01 2.93967200452158010e-06
1.73075415254333329e+01 2.84487997382000053e+01 2.98169360664800992e-06
6.38351755464666604e-01 2.84507083044666622e+01 2.93784837125084021e-06
1.13495508032000014e+00 2.84510634190333356e+01 2.93930928010936991e-06
9.81066219544333262e-01 2.84511597065000039e+01 2.93882789965657993e-06
1.08393012480333328e+00 2.84516879116666672e+01 2.93948348574463016e-06
1.80167718340666672e+00 2.84531621487000024e+01 2.94990886173051020e-06
7.12585848410999922e-01 2.84548515437000020e+01 2.93916287650465987e-06
7.68015390946333310e-01 2.84567921181666641e+01 2.94005097118963008e-06
9.40652848101999894e-01 2.84580902884999993e+01 2.94284178153914013e-06
1.89055787451000001e+00 2.84581466425999992e+01 2.95239967648027021e-06
7.95958188370333386e-01 2.84585383850666638e+01 2.94077259218503008e-06
2.53205747807000003e+00 2.84601129431333355e+01 2.96354054193797006e-06
6.65461730027666731e-01 2.84604056104666654e+01 2.94086761613585003e-06
1.10849720568666665e+01 2.84617561788333298e+01 3.02919115977270999e-06
8.54505622175666613e-01 2.84643211707666666e+01 2.94356452870109017e-06
8.83788657842333181e-01 2.84681139375999983e+01 2.94548938785463014e-06
1.62576629621000013e+00 2.84709844024666658e+01 2.95533401362974986e-06
2.07113474177999990e+00 2.84727297157666648e+01 2.95990923682262979e-06
6.21873815918666639e-01 2.84750216139333361e+01 2.94639468886159013e-06
2.62961812894000024e+00 2.84753077193333333e+01 2.96950704420830980e-06
1.39642870640333316e+00 2.84759224201333332e+01 2.95019186262635001e-06
1.32957276012333314e+00 2.84772638332666652e+01 2.95150025623194018e-06
7.24194962680666632e-01 2.84803632546333354e+01 2.94828595744121988e-06
7.53935934715333267e-01 2.84812661296333367e+01 2.94837841584920999e-06
1.54477580868999986e+00 2.84820551147666663e+01 2.95540635228868987e-06
8.07772735193000080e-01 2.84849937739000012e+01 2.95012155294157005e-06
2.16302159535666716e+00 2.84855855929333330e+01 2.96527020975261000e-06
8.36158980512000105e-01 2.84887841861333300e+01 2.95167563636365006e-06
1.21564518646999997e+00 2.84913148422333329e+01 2.95440632238552990e-06
6.64067446831333341e-01 2.84915659324333319e+01 2.95256148572650000e-06
3.93161501034999938e+00 2.84923961622999968e+01 2.99491573248505999e-06
1.01252184945899981e+00 2.84927430690666661e+01 2.95441014506527987e-06
1.16255939567333333e+00 2.84938637530333345e+01 2.95457854651213004e-06
1.06055104970333325e+00 2.84941410017000010e+01 2.95390861276202992e-06
4.22538818347333223e+00 2.84944731602666650e+01 3.00092069781317995e-06
9.30394954848666633e-01 2.84972609426999988e+01 2.95623608163506981e-06
6.55855709915000062e+00 2.84977130498333331e+01 3.01297564794815011e-06
8.96668351819666753e-01 2.84982282174999995e+01 2.95575966437840005e-06
6.36957472268333436e-01 2.84985352931000016e+01 2.95451400788251000e-06
3.38472642362333298e+00 2.85034601657000017e+01 2.99373693071819008e-06
7.66356515627333312e-01 2.85037369936333285e+01 2.95619929523615008e-06
3.13963190489333321e+00 2.85049974337999998e+01 2.98703059549365003e-06
7.92250518681000049e-01 2.85057183710000004e+01 2.95698008169477017e-06
7.11593649289666730e-01 2.85090539130333305e+01 2.95811150780518997e-06
6.83100567662000002e-01 2.85138678411333331e+01 2.95973095107196980e-06
4.85257275540333310e+00 2.85172942293999974e+01 3.00832884628422983e-06
8.47353158499666748e-01 2.85177164889666663e+01 2.96182968216844992e-06
6.99780845472333368e+00 2.85221996392666703e+01 3.04504209083042016e-06
8.78579494140666717e-01 2.85233677534999970e+01 2.96379944454202019e-06
6.25083656349666672e-01 2.85235136791666655e+01 2.96323402743347011e-06
1.94742594838999992e+01 2.85265723453333351e+01 3.00575793614485997e-06
7.56661057790666725e-01 2.85279777169666708e+01 2.96481311415505013e-06
1.75547113625333329e+00 2.85297604619666636e+01 2.97650379952019016e-06
9.49059651632333412e-01 2.85301914306000022e+01 2.96694804303318995e-06
9.90773174800333334e-01 2.85326041389666720e+01 2.96708391856331020e-06
2.35348534227666661e+00 2.85326170595999997e+01 2.98487722230680990e-06
8.00110775585666567e-01 2.85334198929333347e+01 2.96682128988121004e-06
1.66984336013000001e+00 2.85336047907666632e+01 2.97605471267391997e-06
1.30309351112333327e+00 2.85336681028333317e+01 2.96988625559329993e-06
7.31639163487666777e-01 2.85341975113666706e+01 2.96655560823771007e-06
1.24427800005000022e+00 2.85349990717666664e+01 2.96970530266005983e-06
1.93012573032333346e+00 2.85374418319666638e+01 2.98080662096881997e-06
1.08644818415000000e+00 2.85378401358666629e+01 2.96921041379372012e-06
1.13743157460333344e+00 2.85381873798333352e+01 2.96962606178957987e-06
8.26827170085333463e-01 2.85416275986666683e+01 2.96966718908683020e-06
5.18778150266666671e+00 2.85439598998666675e+01 3.02935522498456013e-06
2.01836680408333358e+00 2.85446752580333332e+01 2.98456915126836988e-06
1.43113399671666675e+00 2.85458970843666684e+01 2.97517197581749987e-06
6.74529488041333281e-01 2.85467877653666626e+01 2.97079272942409011e-06
7.77795523315666593e-01 2.85475796688333325e+01 2.97184279199025984e-06
6.43622551292000078e-01 2.85494642427333361e+01 2.97246062263254981e-06
1.50406416991000014e+00 2.85495050922999987e+01 2.97872786267986000e-06
7.98108962257666565e+00 2.85501779540333338e+01 3.04873973655452014e-06
2.79134804456666652e+00 2.85519013137666668e+01 3.00264631030751014e-06
2.45822105995666673e+00 2.85548316653333352e+01 2.99488065280662018e-06
8.90353117813666661e-01 2.85585472908666667e+01 2.97584737736556012e-06
7.24359529265333424e-01 2.85611261110333317e+01 2.97595798835915979e-06
9.27106672276333366e-01 2.85663382427666654e+01 2.97830889204300979e-06
2.19388183930999991e+00 2.85666669870666681e+01 2.99450751368995018e-06
6.95742935446666766e-01 2.85689024369333318e+01 2.97901259435210983e-06
8.36677013505000011e-01 2.85695352523333348e+01 2.97953384178820001e-06
7.73576049725000048e-01 2.85738767568000007e+01 2.98104195170294984e-06
2.67598706134333320e+00 2.85745452290666684e+01 3.00553443976994993e-06
6.28538894942333282e-01 2.85759505635666677e+01 2.98180258350032005e-06
1.01272584842799995e+00 2.85781230566000026e+01 2.98257111481975983e-06
1.32867255760666669e+00 2.85798004238666685e+01 2.98579576018368983e-06
8.52110828499333373e+00 2.85798966015333349e+01 3.08590610141287983e-06
8.68976625592333352e-01 2.85808036799999989e+01 2.98251543248217001e-06
7.45161949977666715e-01 2.85812034046000001e+01 2.98353501675984008e-06
1.06037165753333329e+00 2.85819611208666657e+01 2.98376852319364018e-06
1.21746951422000005e+00 2.85823291478666697e+01 2.98573908444384988e-06
1.16370887956999991e+00 2.85829685451333368e+01 2.98517555931391018e-06
1.49070164975000008e+01 2.85889236880333328e+01 3.05841931747282003e-06
1.38985709692000015e+00 2.85933708185333337e+01 2.99054485807673005e-06
6.92767647783000040e-01 2.85938641773000022e+01 2.98780756577754980e-06
8.21381272026000087e-01 2.85941443311666639e+01 2.98787731094224991e-06
7.93770045036999883e-01 2.85962896986000032e+01 2.98893969228167982e-06
2.28370711301666640e+00 2.86005071067333319e+01 3.00553504399594009e-06
6.44140933789333237e-01 2.86026616160000025e+01 2.99166206539535010e-06
9.42469863877333336e-01 2.86057505074666665e+01 2.99174880358242979e-06
1.79524154186666673e+00 2.86072440238333314e+01 3.00320172981156018e-06
7.38257818836333346e-01 2.86073213202333356e+01 2.99254954298973987e-06
6.72072582874999935e-01 2.86082802123333302e+01 2.99346113106187019e-06
1.88101544483333338e+00 2.86099408999333349e+01 3.00588153152772981e-06
8.69429015360333235e-01 2.86117367700999985e+01 2.99427649390188980e-06
1.62642660491333335e+00 2.86118349638666700e+01 3.00285691950676010e-06
7.14480110460333329e-01 2.86122057670333341e+01 2.99454346565493000e-06
9.86375516861000001e-01 2.86151226129333338e+01 2.99413853182419986e-06
1.24662951510333340e+01 2.86154817083666622e+01 3.05090378432984019e-06
1.54163790221333330e+00 2.86166645530999979e+01 3.00176757848582011e-06
8.39767683843666735e-01 2.86194204856333307e+01 2.99677054476127989e-06
3.50836798004666628e+00 2.86221458680666672e+01 3.03649973903695993e-06
3.78279305379666653e+00 2.86224235744666657e+01 3.04505709901483979e-06
2.05606013889666661e+00 2.86234296312999987e+01 3.01292363229636005e-06
3.02745602540666647e+00 2.86252453194666678e+01 3.03283396726813979e-06
7.83975048034666666e-01 2.86255923132666652e+01 2.99874986490756003e-06
6.25602038846999942e-01 2.86267110524333361e+01 3.00013971233389990e-06
1.29731191312000016e+00 2.86269100728666679e+01 3.00206049015386995e-06
1.08355143696333323e+00 2.86276486408333319e+01 2.99921390872059006e-06
1.24492438080666656e+00 2.86281078279333343e+01 3.00161507931564000e-06
1.13590526854666662e+00 2.86283088211333308e+01 3.00058312433309983e-06
7.56876921581333240e-01 2.86292972871000018e+01 3.00027675609961982e-06
1.32727726360666676e+01 2.86324254987333298e+01 3.08791303324208017e-06
2.13968832054666658e+00 2.86325654831666689e+01 3.01694718268123993e-06
8.87964589754666633e-01 2.86328147255000012e+01 3.00136925786489004e-06
6.81964777754333284e-01 2.86348338734666648e+01 3.00293172954179984e-06
9.20927242707666682e-01 2.86349815257666656e+01 3.00097331535813021e-06
4.36020833355666682e+00 2.86357095702666697e+01 3.05207540517933001e-06
7.06614096526999913e-01 2.86357483076666703e+01 3.00268364754105980e-06
5.87620567445333375e+00 2.86372774862000021e+01 3.05551759187962019e-06
2.85914461374666695e+00 2.86399212600666679e+01 3.03338857612075016e-06
8.30789035345333438e-01 2.86455479701333324e+01 3.00555701458459990e-06
8.02607626525333351e-01 2.86495744303333311e+01 3.00703377086280011e-06
4.66414075771999936e+00 2.86499860417000001e+01 3.06903942696556996e-06
6.40977782122333362e-01 2.86529047090999995e+01 3.00944140459873010e-06
1.39008341279666681e+00 2.86541611799666676e+01 3.01380593807155014e-06
6.69408871944000006e-01 2.86554089338000004e+01 3.00969198306578015e-06
7.47390303213666729e-01 2.86555597518666652e+01 3.00911039790157005e-06
7.20905186535333420e-01 2.86571263256333317e+01 3.01010402590022988e-06
1.57572935882999996e+01 2.86598236755333318e+01 3.10176488076443979e-06
1.00185132286633327e+00 2.86631034052666678e+01 3.01085556529893985e-06
2.50120611740000021e+00 2.86637454993999974e+01 3.03478462102283998e-06
8.77660486995333389e-01 2.86649159762999979e+01 3.01202668010829987e-06
2.62141146791666646e+00 2.86682642869333328e+01 3.03916764760716011e-06
8.50146264102666582e-01 2.86699655054000004e+01 3.01379945652571014e-06
1.05138143386333316e+00 2.86717913689000028e+01 3.01479046915402020e-06
1.32894250659333335e+00 2.86718274244666667e+01 3.01791299917994980e-06
9.29080904413000064e-01 2.86721777447333324e+01 3.01465914450306996e-06
1.02095448522066672e+01 2.86730107815999986e+01 3.10195254499703012e-06
1.16184088444666656e+00 2.86744735252333349e+01 3.01675441764989005e-06
1.21709936205666658e+00 2.86749119292999985e+01 3.01752940974522019e-06
9.67052517785000099e+00 2.86758547113000013e+01 3.10182266978770005e-06
6.25375743275333296e-01 2.86761936566666655e+01 3.01721044575756994e-06
7.92251175477999947e-01 2.86772378194666686e+01 3.01633404504909019e-06
6.26694614038333242e+00 2.86781086358333361e+01 3.10577852239619013e-06
7.64131978619666641e-01 2.86795181671666661e+01 3.01737837465840021e-06
1.74911206332666658e+00 2.86797835422333343e+01 3.02821134892709000e-06
1.66592490249666647e+00 2.86805301534666661e+01 3.02621137872964002e-06
6.83007999960333456e-01 2.86805787061000039e+01 3.01847134797701007e-06
7.09854995779000020e-01 2.86813816637333332e+01 3.01814556636006001e-06
1.91828180479666677e+00 2.86862766832666658e+01 3.03287259412005010e-06
8.99727348970333352e-01 2.86881044684666655e+01 3.01964335385199009e-06
1.50478036165666662e+00 2.86890433562666658e+01 3.02667970530479013e-06
9.66099331587999988e-01 2.86909275187666708e+01 3.02082745284250979e-06
2.00508542509999987e+00 2.86925319885666674e+01 3.03685752660220016e-06
5.29100582878999948e+00 2.86925664970000014e+01 3.07540109686033007e-06
2.27552704250666649e+00 2.86937020941666674e+01 3.04344195668628017e-06
8.39707567907999941e-01 2.86993515071000012e+01 3.02373108478521018e-06
1.43270771432999999e+00 2.86995047061333359e+01 3.02918169243838002e-06
6.41059016269333370e-01 2.87022611993000005e+01 3.02626016742290001e-06
8.09993888103333393e-01 2.87025973609666671e+01 3.02497667416055989e-06
6.70260183132666665e-01 2.87041420240333345e+01 3.02619092467793980e-06
7.52759000025000069e-01 2.87060282816000019e+01 3.02621349344326003e-06
7.24967133862666757e-01 2.87063252044000023e+01 3.02679445351409020e-06
2.18119249005999993e+00 2.87087025749333300e+01 3.04507770802171993e-06
1.07492305858666648e+00 2.87177618324666675e+01 3.03103072589460003e-06
8.92765484058999914e-01 2.87193379009000012e+01 3.03052942510304997e-06
1.13302867758666648e+00 2.87197838085000008e+01 3.03227302937912015e-06
1.30526451271666666e+00 2.87204058898666688e+01 3.03435263034086005e-06
1.24580890049333348e+00 2.87222926396333342e+01 3.03428097861066982e-06
8.60259925889333310e-01 2.87255354104333342e+01 3.03275664988670011e-06
6.25683272993999950e-01 2.87260675426333343e+01 3.03410068627904997e-06
6.84834773603333336e-01 2.87300237964000011e+01 3.03522371317725997e-06
7.97628852445000036e-01 2.87309868849000019e+01 3.03460526537968005e-06
7.12694728514666753e-01 2.87314040191333362e+01 3.03498644222675994e-06
7.68513161225000019e-01 2.87321374578333320e+01 3.03513220958874996e-06
9.63669412011333382e-01 2.87337860824666684e+01 3.03569013117824018e-06
7.16839606646000060e+00 2.87338139810999991e+01 3.11757764954221008e-06
1.11523211505666655e+01 2.87369344201333341e+01 3.11747849549689010e-06
3.36600354854333306e+00 2.87422237717999991e+01 3.08379858066985986e-06
3.13018611263333346e+00 2.87437859550999981e+01 3.07643973401522989e-06
9.19689119925000020e-01 2.87462697408666656e+01 3.04030342639018982e-06
3.90438834158666603e+00 2.87498185020333317e+01 3.09055991230478020e-06
1.62350510557333361e+00 2.87505080235666668e+01 3.05029349907469017e-06
1.78577642732000008e+00 2.87525920017333334e+01 3.05353236309225020e-06
6.41363410101000064e-01 2.87528077701000022e+01 3.04322043350979000e-06
1.54714926743333336e+00 2.87541916371333350e+01 3.04927443646189997e-06
6.71313743846999933e-01 2.87548831991333316e+01 3.04329697378943013e-06
5.61446299569666607e+00 2.87556908891333336e+01 3.12563960875451989e-06
8.47797075937000044e-01 2.87563255682999994e+01 3.04316782998628010e-06
1.86917226582333318e+00 2.87563882666666650e+01 3.05715468683860993e-06
8.14879682297333319e-01 2.87585311889000046e+01 3.04396204971576007e-06
7.27329778325000009e-01 2.87588121515333341e+01 3.04444156829045992e-06
7.55356344872999963e-01 2.87598425130333339e+01 3.04437042273612000e-06
2.43990447539666633e+00 2.87606379390000022e+01 3.06978023951866985e-06
4.18803044822333348e+00 2.87610274998666675e+01 3.10762943054336013e-06
2.79680438069666693e+00 2.87619621906333300e+01 3.07937947522643000e-06
1.04763474604999995e+00 2.87628430063000025e+01 3.04653543749986980e-06
7.65204070754333276e+00 2.87644631258333341e+01 3.15669917143560983e-06
2.33147333224999986e+00 2.87663018058000013e+01 3.06963904930115017e-06
1.40423118569999983e+00 2.87664335526000023e+01 3.05171900727942003e-06
9.96807001449666719e-01 2.87665335280333352e+01 3.04800248252180002e-06
1.15917225731666651e+00 2.87671792194999973e+01 3.04889871129925020e-06
2.67443221809000020e+00 2.87676613022000005e+01 3.07626760847370986e-06
1.21669400261333327e+00 2.87692496465666672e+01 3.05022580642648008e-06
1.33792889028999973e+00 2.87696684918333325e+01 3.05172194462212021e-06
2.04326724998999998e+00 2.87702865482666681e+01 3.06489446858406005e-06
6.25680137106999990e-01 2.87767402274666644e+01 3.05093064820018998e-06
2.13574613330000007e+00 2.87773212827666676e+01 3.06906649820470012e-06
9.07486085407333332e-01 2.87824380601333303e+01 3.05248641851972000e-06
6.86049354438666659e-01 2.87836981439999988e+01 3.05299135245400988e-06
7.14205434005333317e-01 2.87862468736666663e+01 3.05305200733774985e-06
8.68099599589000070e-01 2.87862963780333310e+01 3.05341887638950993e-06
8.00449517321333293e-01 2.87880730789666650e+01 3.05382031939469999e-06
7.70041871116999954e-01 2.87882338301666714e+01 3.05389497643559017e-06
4.78782890264333361e+00 2.87970681735999996e+01 3.12018882096462007e-06
6.40375136089999963e-01 2.88041561330000029e+01 3.06017616044495982e-06
6.70794019675666653e-01 2.88090386205000009e+01 3.06078131644680011e-06
1.07602766560333341e+00 2.88092725471000044e+01 3.06298633132635016e-06
1.12945955786999996e+00 2.88115867842666660e+01 3.06406020736594003e-06
9.76279566193666626e-01 2.88126129708666667e+01 3.06362189932716998e-06
5.07948522645000011e+00 2.88129829584333343e+01 3.14260678629614987e-06
9.30938942237666711e-01 2.88160338445666646e+01 3.06389916566859005e-06
7.27205087645333315e-01 2.88165794670000004e+01 3.06321877431789006e-06
1.66007405945666675e+00 2.88174729500333342e+01 3.07362951742795018e-06
7.55014958208999887e-01 2.88175360619999985e+01 3.06359250376454020e-06
8.16405429122666670e-01 2.88181454472666694e+01 3.06387530209281998e-06
8.51138117750666723e-01 2.88185743669333334e+01 3.06411948153582019e-06
1.50910769364666653e+00 2.88193022857333396e+01 3.07218658442799985e-06
1.24354064194333325e+00 2.88198936156666683e+01 3.06785035244473019e-06
1.73915822037333334e+00 2.88203035394333362e+01 3.07674903508808996e-06
1.43826225924000006e+00 2.88210828513333333e+01 3.07079833976383981e-06
1.30531991739666675e+00 2.88221992106999956e+01 3.06981377696357009e-06
6.24694998983000072e-01 2.88274159055333321e+01 3.06741180719978988e-06
1.90375662803000001e+00 2.88325434043333324e+01 3.08389079784981015e-06
1.99104799189333348e+00 2.88401863806333303e+01 3.08890761772494011e-06
6.81696052296333455e-01 2.88406246210000035e+01 3.07125221638512007e-06
7.09951040699333347e-01 2.88456167378333355e+01 3.07281862762443010e-06
7.68477385576666783e-01 2.88465958846000028e+01 3.07313173560115017e-06
7.99460210286000006e-01 2.88473660210666658e+01 3.07356192651938012e-06
1.00002542460733346e+00 2.88517107852333368e+01 3.07683406961172015e-06
1.04894577941666678e+00 2.88520608832000001e+01 3.07754452039858014e-06
6.36550962715000002e-01 2.88523677161000016e+01 3.07564232122396010e-06
8.69250940780666781e+00 2.88534733183000007e+01 3.16964230910926996e-06
8.67667099779333317e-01 2.88541133177333329e+01 3.07585816262952009e-06
1.21001515258666661e+01 2.88550064577666667e+01 3.16420644836734020e-06
9.08081438448000156e-01 2.88554311132666648e+01 3.07731223511253021e-06
3.02084083947666704e+00 2.88584664219000011e+01 3.12104963527005021e-06
2.17810472927333310e+00 2.88588695605333321e+01 3.09911894347192981e-06
1.15289291914666658e+00 2.88593784290333311e+01 3.08062179770416006e-06
3.48173000610999983e+00 2.88594820367999993e+01 3.12602777298717006e-06
6.63133132442666695e-01 2.88606939440666679e+01 3.07744812298511015e-06
2.85577051920000002e+00 2.88619667168333329e+01 3.11633754192451004e-06
2.49914784087333297e+00 2.88627262169000005e+01 3.10882471072450990e-06
2.27949737577666633e+00 2.88628505643333320e+01 3.10398429240870995e-06
2.61347023305000015e+00 2.88652307925666669e+01 3.11210910630232980e-06
1.20945225792333333e+00 2.88656148333666671e+01 3.08342977404611988e-06
1.15298744525999979e+01 2.88663044759999998e+01 3.21592400938738983e-06
3.74568972540333300e+00 2.88667990606333298e+01 3.14146580174742001e-06
1.05789084658100005e+01 2.88722218202000001e+01 3.23113680229322984e-06
6.21855963732000028e-01 2.88749518105666674e+01 3.08286949870464020e-06
7.22018354348999858e-01 2.88751535110333322e+01 3.08275277419135993e-06
7.52734828662666722e-01 2.88751760627999978e+01 3.08291556094337010e-06
1.33397146121666665e+00 2.88765022501666664e+01 3.08863155441891991e-06
8.12231627863333361e-01 2.88768826380999997e+01 3.08341610803206017e-06
1.40061150764999987e+00 2.88786208300333307e+01 3.09095399084849016e-06
1.54200469284333330e+00 2.88795129685666687e+01 3.09295214588355004e-06
1.61661522051333328e+00 2.88813672464333315e+01 3.09566150016082991e-06
8.45705828728666731e-01 2.88832010150999992e+01 3.08497620377623018e-06
6.42215212323333251e+00 2.88848368479000008e+01 3.17602529758881996e-06
1.76715775748999988e+01 2.88862802662666667e+01 3.13575498258357994e-06
6.63057748274333281e-01 2.88890696317000000e+01 3.08809879488515006e-06
1.77166972239000020e+00 2.88915103165666665e+01 3.10160575442452020e-06
9.74789227947666759e-01 2.88924354883333336e+01 3.09081803671403004e-06
9.28185865744333261e-01 2.88927349426666638e+01 3.08983969586733987e-06
1.07050593284333329e+00 2.88950032407999977e+01 3.09226170506547006e-06
6.36475578546666587e-01 2.88974100703999994e+01 3.09003732245006982e-06
4.29914523940333293e+00 2.88996531890000021e+01 3.15438011101386020e-06
1.85287229154333333e+00 2.88999539165333346e+01 3.10665365273952991e-06
1.12102118030666653e+00 2.89000065494666671e+01 3.09453735417891999e-06
7.66194168560333289e-01 2.89030865617333319e+01 3.09219105422286979e-06
7.94708143051666593e-01 2.89040230005666672e+01 3.09258018099237992e-06
7.08119602582999996e-01 2.89044998986999992e+01 3.09280028136411990e-06
6.80253020162333244e-01 2.89092055645000023e+01 3.09411601462517005e-06
8.52008753387666573e-01 2.89106105352666667e+01 3.09432388266084005e-06
9.29476244015000042e+00 2.89123509906000002e+01 3.23401864465088992e-06
6.88435069373666675e+00 2.89160556037333372e+01 3.21153475278483992e-06
2.02476734897333310e+00 2.89180449145000011e+01 3.11640564424047018e-06
4.59501126965999962e+00 2.89214173913000003e+01 3.18154566067500012e-06
6.24619614814666657e-01 2.89224582598333306e+01 3.09849380650828990e-06
1.23001233363333351e+00 2.89225212274999990e+01 3.10284758345220007e-06
5.56408998164333379e+00 2.89272414919000020e+01 3.19078054108397997e-06
2.11934520304333374e+00 2.89296933598999999e+01 3.12413267262256987e-06
7.51651226897666724e-01 2.89305586871333311e+01 3.10148656489976990e-06
9.03769748138666618e-01 2.89308237348000006e+01 3.10320585842768013e-06
1.29275226147333333e+00 2.89311030492666674e+01 3.10777064061040999e-06
8.70939614819333463e-01 2.89311729155666661e+01 3.10262639528886013e-06
7.24293135233999963e-01 2.89319945758666677e+01 3.10166965459441990e-06
8.06852293529999987e-01 2.89321895014666666e+01 3.10196618575969004e-06
8.30678703000666707e-01 2.89324586591666666e+01 3.10247703897988993e-06
9.95857670677000040e-01 2.89325977256000009e+01 3.10455973948534020e-06
1.04265402076333324e+00 2.89348153801000016e+01 3.10601244506062991e-06
1.43118723799666658e+00 2.89362312056333337e+01 3.11117079404570007e-06
1.50173498878333334e+00 2.89389039097666654e+01 3.11353265263472011e-06
1.13813220756666666e+00 2.89424883869666694e+01 3.10916669484102993e-06
6.70275785414333303e-01 2.89431722755000003e+01 3.10548857507207013e-06
1.64795938504666672e+00 2.89465160103333368e+01 3.11831164525974018e-06
6.41224549794333298e-01 2.89480845321333327e+01 3.10652149006055995e-06
2.32867424896666675e+00 2.89521935124333361e+01 3.13758621608527992e-06
8.49609564432333264e-01 2.89530210394666661e+01 3.11049871731134011e-06
1.72392972600666661e+00 2.89538284910666697e+01 3.12270447571119005e-06
5.21627005864333260e+00 2.89560146118666673e+01 3.19669796648679011e-06
7.64646153154333263e-01 2.89576214243333361e+01 3.11052797161383000e-06
1.45178917851333349e+01 2.89576360057999977e+01 3.21113908484570983e-06
2.43989357091666648e+00 2.89577330318000001e+01 3.14243800195538018e-06
7.13065732582333300e-01 2.89581175160333366e+01 3.11055764625741989e-06
7.91333245295333332e-01 2.89583157998333327e+01 3.11091490036666996e-06
1.19056402211666668e+00 2.89587666606666652e+01 3.11505353800028996e-06
6.86914965183333392e-01 2.89645895498666626e+01 3.11192770147597007e-06
2.67073820296666620e+00 2.89659047764999968e+01 3.15181210177526999e-06
2.79066632650999980e+00 2.89683398123333369e+01 3.15572389157370989e-06
3.10995179678000033e+00 2.89688555361999995e+01 3.16160696182169998e-06
9.24570661722333376e-01 2.89688836613333329e+01 3.11633790142901020e-06
9.70055222057333300e-01 2.89709571064666669e+01 3.11751251722850979e-06
3.33502352750333309e+00 2.89714333344000003e+01 3.17344500166580014e-06
1.88088310405333314e+00 2.89756247365666688e+01 3.13307319693230998e-06
6.26604934979666628e-01 2.89756262723000013e+01 3.11567076676258982e-06
1.06317587679999992e+00 2.89772957432000027e+01 3.12060386523822015e-06
1.10813881614000009e+00 2.89799654414000010e+01 3.12220962456949002e-06
8.39528853776333239e-01 2.89805866616333354e+01 3.12020569555481993e-06
7.25864280820666785e-01 2.89827807194666640e+01 3.11886268633464987e-06
7.50086609729000098e-01 2.89837205165000000e+01 3.11940287803944993e-06
1.96548679761999989e+00 2.89860727582333340e+01 3.14079647404175002e-06
8.05078944110000028e-01 2.89861505796999985e+01 3.12050871285426986e-06
1.37018167166666647e+01 2.89865674516666694e+01 3.24135012094149015e-06
3.84581257307000035e+00 2.89886572571999999e+01 3.18242767532323998e-06
1.32086349434333328e+00 2.89889456986666687e+01 3.12804384369917007e-06
7.81259820003333250e+00 2.89915017048666677e+01 3.23009815380931983e-06
1.39265842443333310e+00 2.89919552751666707e+01 3.13047701734749007e-06
6.83897738908333275e-01 2.89959335039666684e+01 3.12334764978420996e-06
1.53250741276000002e+00 2.89990552165666635e+01 3.13470698983130998e-06
6.38544496649333326e-01 2.90004979595666619e+01 3.12409784487779008e-06
1.60412128135333343e+00 2.90048130392666650e+01 3.13817794763618995e-06
9.01241954107666721e-01 2.90058302942666693e+01 3.12880275826474021e-06
7.09142587787000012e-01 2.90067248451333342e+01 3.12679160639465987e-06
8.59823221715666719e-01 2.90079231788333338e+01 3.12874566370239990e-06
1.18694767726666672e+00 2.90094563873666651e+01 3.13456953636560997e-06
6.64578505994333324e-01 2.90102629903666696e+01 3.12719717682443011e-06
4.11562598043333328e+00 2.90103023877333328e+01 3.21043952944026012e-06
7.62418586302666679e-01 2.90109571655666656e+01 3.12882563548699983e-06
9.89704251640333488e-01 2.90120332233999996e+01 3.13152104420316985e-06
7.90723828542666762e-01 2.90126928532666675e+01 3.12931687867295018e-06
1.03602855629666668e+00 2.90161542056333310e+01 3.13355680472210020e-06
1.13255170570333341e+00 2.90209033597666668e+01 3.13670178566706003e-06
2.16016956032333374e+00 2.90227703812333324e+01 3.15826953672962013e-06
1.75191697175666672e+00 2.90242816316000010e+01 3.14734784414287989e-06
6.21939561669666685e-01 2.90248716872666641e+01 3.13206840180028021e-06
7.18365498848999917e-01 2.90340217580666682e+01 3.13636758387657998e-06
1.91755032075666669e+01 2.90365152463000022e+01 3.17636597364978005e-06
7.47419168456333272e-01 2.90373142814666636e+01 3.13745392838872013e-06
1.82766778064999991e+00 2.90376342771333320e+01 3.15375592560516002e-06
6.61720706767666589e-01 2.90404078277000046e+01 3.13813640325773994e-06
2.26810595974333351e+00 2.90412895299666651e+01 3.16764504313776989e-06
8.05929967374666600e-01 2.90416268657666627e+01 3.13972597766532986e-06
8.40579450881333456e-01 2.90424211093999993e+01 3.14013408840760983e-06
9.19888913052333224e-01 2.90436268646333353e+01 3.14142641229701019e-06
1.28534900340666680e+00 2.90440806134000020e+01 3.14729963320712980e-06
6.35686697422666591e-01 2.90473094635666662e+01 3.13906474355816999e-06
9.62866650249999956e-01 2.90477563486333388e+01 3.14345502791605012e-06
1.22168603590999991e+00 2.90485495784333345e+01 3.14835660872465017e-06
1.42310942465000001e+00 2.90504121467666643e+01 3.15098358271823009e-06
8.31304823787999858e+00 2.90507932498333332e+01 3.29103372082659981e-06
1.58908245433000008e+01 2.90528562527666629e+01 3.23699692127175002e-06
1.49241066218999996e+00 2.90548393840333325e+01 3.15377808733783995e-06
2.49306996185666696e+00 2.90574717614666689e+01 3.18111847169586012e-06
1.98812660052333334e+00 2.90602856432333319e+01 3.16611610742664006e-06
7.03855814249333300e-01 2.90605734075666682e+01 3.14472768074954006e-06
6.77121244356666652e-01 2.90618387367333355e+01 3.14482385632115008e-06
2.60959220172999995e+00 2.90631389304999992e+01 3.18654502531597004e-06
1.05535509573999997e+00 2.90634337786999986e+01 3.14961544972148987e-06
1.10691530580666675e+00 2.90655132346333325e+01 3.15201098527888008e-06
7.59413254840666685e-01 2.90660005728999984e+01 3.14745996180330981e-06
1.63145061915333334e+00 2.90667198315666688e+01 3.15982653069254992e-06
7.89618811519000041e-01 2.90685774694999992e+01 3.14848846949567987e-06
2.85050868845333349e+00 2.90714703856999996e+01 3.19722733124347009e-06
6.23747135753000004e-01 2.90724377763000028e+01 3.14713396039263986e-06
8.57651397257000014e-01 2.90731067299333326e+01 3.15073295807386983e-06
3.00472383844666657e+00 2.90754864044999977e+01 3.20393660493537017e-06
8.95542127036000113e-01 2.90764053697333331e+01 3.15239570521025017e-06
1.70327596859666675e+00 2.90788759431666683e+01 3.16535200134001984e-06
6.17273584788666696e+00 2.90790955333666652e+01 3.26388476185913015e-06
4.70804146505666665e+00 2.90809239834666649e+01 3.23341261873701021e-06
5.76584821064999975e+00 2.90817138093333334e+01 3.25949014275095984e-06
3.44025479525666666e+00 2.90830713433999968e+01 3.21325730498167003e-06
2.08823150915666700e+00 2.90853348208333280e+01 3.17922038548958984e-06
9.78330255936000093e-01 2.90878253666666673e+01 3.15701037275440984e-06
6.64923045922333422e-01 2.90890943827666710e+01 3.15344765905932019e-06
7.16688991068333281e-01 2.90906637494999991e+01 3.15513969498132989e-06
6.37582946663666661e-01 2.90927917864666661e+01 3.15323107496258985e-06
7.43192762052333311e-01 2.90927983914333339e+01 3.15617589521693008e-06
3.68708412153000031e+00 2.90929782423666659e+01 3.23160925952688999e-06
8.02705598998333270e-01 2.90988728447000007e+01 3.15890645128080005e-06
1.02449439676966669e+00 2.90993818145000027e+01 3.16112635369111990e-06
5.03764393023333312e+00 2.90996064192000006e+01 3.25949011513762011e-06
1.31974696471999997e+00 2.91014753250333342e+01 3.16777371746968001e-06
8.36088701229666609e-01 2.91026078615000010e+01 3.16055358496417003e-06
1.38571245587333336e+00 2.91047972819000016e+01 3.16941243846421017e-06
1.19461300444333340e+00 2.91055770178000017e+01 3.16770184907709017e-06
1.13423824590333333e+00 2.91110937015999980e+01 3.16758021712016019e-06
9.08969917375333281e-01 2.91119561283999992e+01 3.16426241847523988e-06
1.52119643831666651e+00 2.91143965451999982e+01 3.17464106051731006e-06
6.73772946026000130e-01 2.91151730099333292e+01 3.16199542493278009e-06
1.84743875952666659e+00 2.91168881472999992e+01 3.18180581204104011e-06
6.98804321279333340e-01 2.91180077058333353e+01 3.16409101559029984e-06
1.84864833274666687e+01 2.91188321461000008e+01 3.28534984221145021e-06
9.48780309077666750e-01 2.91192466413333335e+01 3.16755738518125008e-06
6.23835810910666644e-01 2.91203540101666647e+01 3.16248286891892985e-06
1.58862252668666670e+00 2.91205191700333330e+01 3.17833115130657992e-06
7.54651939866333499e-01 2.91220756965666681e+01 3.16629731743350001e-06
7.03147787821333292e+00 2.91244110418666651e+01 3.28149533817529990e-06
7.83959220134000101e-01 2.91255732532333305e+01 3.16761420777102989e-06
1.92329388583333327e+00 2.91290914917333339e+01 3.19131042463165995e-06
8.48425193491333385e-01 2.91344829718999989e+01 3.17123011178568985e-06
6.46432846767333369e-01 2.91355370802999971e+01 3.16943579815797010e-06
1.72285783554333327e+00 2.91382831156333388e+01 3.18589479941139008e-06
8.83415679858000069e-01 2.91405325990000001e+01 3.17381175577357992e-06
2.31569494102333318e+00 2.91424115409666662e+01 3.20772245569305003e-06
1.02913596046966682e+00 2.91428304877333346e+01 3.17677597351933983e-06
4.18882712283666692e+00 2.91455264209333329e+01 3.25075721754890021e-06
7.08464404353666644e-01 2.91459584379000027e+01 3.17354546738736983e-06
7.37808251956666772e-01 2.91478917867000007e+01 3.17477315153785003e-06
2.42943962118666690e+00 2.91530542530999988e+01 3.21452659699013981e-06
1.22478497385000007e+00 2.91546814863333346e+01 3.18439368256939980e-06
1.28625596662999997e+00 2.91550487586000031e+01 3.18546069913360006e-06
7.95484827913000014e-01 2.91556579433666663e+01 3.17807565412036010e-06
1.21206338675333338e+01 2.91575524457666688e+01 3.34213544134726982e-06
9.57241217999333371e-01 2.91578537517333309e+01 3.18017608661129005e-06
6.46328652099999901e-01 2.91596094211000008e+01 3.17734801604885999e-06
1.10865521305000003e+00 2.91597194396666630e+01 3.18423088634231985e-06
2.10261362422666664e+00 2.91604232988666645e+01 3.20355585805839984e-06
8.26567699038999959e-01 2.91608326452333309e+01 3.17999355551300981e-06
1.41543809336666659e+00 2.91628805762666623e+01 3.18972477252410990e-06
1.79126981757999992e+00 2.91629426742333351e+01 3.19685780224787008e-06
1.05426664261766661e+01 2.91637695661000009e+01 3.31180824218205007e-06
2.66499181820666653e+00 2.91656703615333335e+01 3.22690724848243016e-06
1.48162083826999980e+00 2.91680526022999977e+01 3.19276868989454004e-06
1.06079067316333342e+00 2.91687208622666674e+01 3.18581431672625992e-06
1.15503567942666674e+01 2.91688504640000019e+01 3.31978759771208003e-06
7.47608074342666651e+00 2.91692079982666677e+01 3.33703414761818992e-06
9.91432728557666620e-01 2.91698811503000002e+01 3.18480705676150015e-06
6.95359603234000034e-01 2.91705221157333341e+01 3.18191226232514989e-06
2.78598018138666648e+00 2.91715667808999974e+01 3.23332632851443003e-06
6.72091037144333270e-01 2.91740284716666629e+01 3.18351602343491996e-06
8.92273439811000046e-01 2.91748131283333301e+01 3.18525263301628997e-06
7.48144094701999940e-01 2.91762631530666674e+01 3.18457274944805005e-06
6.23731616243333398e-01 2.91777596842999998e+01 3.18513485986888019e-06
1.61541144007666659e+00 2.91799948148999988e+01 3.19921771592928006e-06
7.76513390390666580e-01 2.91805317530666635e+01 3.18626550576911990e-06
3.09140090586999960e+00 2.91826395331333295e+01 3.24650347321515988e-06
9.26288586249999990e-01 2.91848437681333337e+01 3.18912147298468009e-06
1.67782139948999998e+00 2.91856026488999980e+01 3.20301629614119013e-06
3.30186013195666694e+00 2.91876466738333313e+01 3.25817859935305008e-06
1.72031877296666664e+01 2.91892696781666636e+01 3.31090820512977005e-06
8.36520621635666650e-01 2.91913180002333341e+01 3.19042895059118005e-06
4.48537657720333272e+00 2.91943838143666703e+01 3.30050264021229000e-06
7.06393957820333207e-01 2.91960575670666636e+01 3.19085429854014003e-06
8.67235876041000053e-01 2.91992488562333357e+01 3.19328754007469020e-06
3.76925083971333308e+00 2.91994571340333344e+01 3.26670941393004995e-06
7.29834601685333317e-01 2.91998652556000025e+01 3.19250789429658983e-06
6.66509099729666654e-01 2.92013978413999986e+01 3.19233267079976009e-06
6.40746714685333285e-01 2.92036454575000022e+01 3.19429251000548009e-06
1.13796591937666669e+00 2.92060818963666691e+01 3.20054775065484995e-06
1.19372092163666665e+00 2.92065606268333369e+01 3.20175999090779985e-06
1.95372743698666684e+00 2.92067229302333295e+01 3.21948364631835989e-06
9.97177899104666587e-01 2.92084460273666657e+01 3.19787482121736004e-06
9.44737731434000061e+00 2.92093977432333354e+01 3.32428672187352018e-06
7.86324115306333282e-01 2.92097172712000024e+01 3.19632858896427008e-06
1.31504310091999987e+00 2.92108067150333319e+01 3.20465304216916997e-06
1.03883107494999982e+00 2.92114774092666671e+01 3.20129121827683987e-06
2.03294226674666634e+00 2.92130055597666676e+01 3.22408060571900987e-06
6.86408873929333363e-01 2.92143566785666629e+01 3.19744962866914005e-06
1.37825973650333355e+00 2.92153165758333380e+01 3.20716410530255985e-06
8.15248475425333297e-01 2.92153288165000014e+01 3.19846555151326007e-06
9.28931580896999898e-01 2.92245951675666653e+01 3.20245924742666989e-06
6.27015098441999985e-01 2.92258857732000017e+01 3.20151085316199002e-06
1.50926478994000024e+00 2.92273191167666653e+01 3.21338993537615000e-06
1.50763584838333333e+01 2.92274945896666658e+01 3.40298690347180995e-06
7.38359050175333320e-01 2.92280602276999986e+01 3.20220307275509996e-06
8.72604322119666764e-01 2.92286967988666682e+01 3.20330317371512987e-06
1.77994520918333343e+00 2.92298082031666695e+01 3.22267813910949010e-06
4.00118043365666676e+00 2.92303601820666650e+01 3.30080204092598998e-06
2.15986382665000010e+00 2.92310118381666655e+01 3.23544497318397000e-06
1.57562930337666685e+00 2.92331387045333315e+01 3.21707127664362991e-06
7.66479268107666645e-01 2.92336436433000024e+01 3.20431958545831996e-06
9.65629383193333246e-01 2.92361700282333352e+01 3.20776491997977013e-06
2.24817536681000041e+00 2.92404733581999956e+01 3.24144623157462005e-06
6.88583568171333371e-01 2.92418011727666673e+01 3.20689841943654007e-06
1.70705298429666663e+00 2.92421109701666637e+01 3.22303924307633000e-06
9.00284880536666665e-01 2.92440124703999977e+01 3.20827332012606015e-06
8.24023369796333172e-01 2.92445280645333305e+01 3.20848089992298991e-06
5.19357048319000025e+00 2.92489252306333363e+01 3.32035220119641989e-06
1.05460104583666658e+00 2.92498347222999975e+01 3.21345525621898017e-06
8.50663962085333236e-01 2.92499651908999994e+01 3.21061484496261003e-06
1.64867351887666693e+01 2.92499690625333351e+01 3.40369409090317013e-06
6.39874511907333354e-01 2.92504875663333337e+01 3.20957486679289000e-06
7.17093100552333329e-01 2.92516970333666677e+01 3.21010155319639984e-06
1.10587135037666662e+00 2.92534406319999967e+01 3.21669977497437998e-06
2.48253242934666707e+00 2.92549229965666662e+01 3.25399365627525009e-06
1.22019587773333327e+00 2.92569992309999982e+01 3.21902248413740001e-06
6.67811591193666731e-01 2.92590177777666689e+01 3.21214832966709012e-06
5.57395484060666746e+00 2.92598057407333378e+01 3.32800298291409018e-06
1.28004706423666659e+00 2.92608780469333389e+01 3.22125452055120008e-06
2.60156238649333327e+00 2.92618719359666670e+01 3.26045738975963002e-06
6.37123850493000088e+00 2.92621592895000013e+01 3.34130001551217016e-06
7.75417806153999911e-01 2.92624713005999979e+01 3.21422120908212983e-06
8.04037547723666646e-01 2.92677441765333306e+01 3.21633518621077988e-06
9.73711204732333413e-01 2.92736872120333373e+01 3.21983286606840984e-06
1.40505339381000005e+00 2.92740294378666697e+01 3.22735073396366993e-06
6.22859413465333245e-01 2.92746017931333320e+01 3.21759776043426007e-06
8.91996710138333260e-01 2.92757554687999999e+01 3.22064465189763004e-06
6.76778196475333260e+00 2.92762560421666649e+01 3.36752101863218998e-06
8.60333135085666556e-01 2.92776560226000022e+01 3.22019551737390008e-06
2.84208256940666715e+00 2.92778517457333329e+01 3.27605900701603001e-06
7.25950446960666684e-01 2.92803529771666682e+01 3.22000434022701981e-06
1.90690077114999990e+00 2.92808440621333297e+01 3.24383174827666017e-06
1.46987570234333353e+00 2.92808599527666651e+01 3.23095534597306994e-06
2.09019246917000023e+00 2.92835940990666650e+01 3.25229904154720995e-06
1.02102969153033318e+00 2.92843205242000018e+01 3.22488475218681014e-06
1.82275363351666653e+00 2.92847321363333322e+01 3.24216015083400995e-06
2.99328814389666675e+00 2.92849084791666634e+01 3.28591056733991989e-06
7.56154934629999942e-01 2.92855438287999981e+01 3.22203056837790010e-06
6.66137989311000100e-01 2.92882369523666632e+01 3.22278836483792016e-06
1.60379026636000011e+00 2.92933466121333304e+01 3.23807688713752012e-06
3.41125840736999963e+00 2.92945176027999992e+01 3.30011067015232016e-06
8.13299094000666578e-01 2.92963155300666642e+01 3.22621193269258009e-06
6.38200910024666612e-01 2.92963734076000009e+01 3.22462538183109016e-06
3.63181978885333301e+00 2.92964211640333332e+01 3.31072369595890016e-06
1.67280398786666673e+00 2.92967110437666669e+01 3.24141216854289993e-06
8.42954089073666757e-01 2.93007902497666670e+01 3.22820573975947984e-06
1.33158489967333313e+01 2.93009454709666670e+01 3.38554344206749017e-06
1.12831388504999985e+00 2.93016211843999947e+01 3.23291059813286994e-06
7.09124604557333282e-01 2.93028156887666675e+01 3.22773639411662004e-06
9.07781441436000036e-01 2.93029799137666664e+01 3.22994128071052979e-06
9.45105601971000020e-01 2.93046230754000021e+01 3.23132318459155988e-06
1.18688341014666676e+00 2.93047010529333356e+01 3.23514669105669003e-06
6.81977364265333286e-01 2.93052128379666676e+01 3.22821466875009015e-06
7.65022927176000067e-01 2.93137097970333294e+01 3.23185860269279999e-06
8.44443237499999988e+00 2.93138979614333302e+01 3.37136689000898997e-06
1.30604889346666675e+00 2.93164595757333331e+01 3.24028409084133010e-06
1.02677154433699980e+00 2.93183341549000005e+01 3.23587975818873997e-06
7.93547344977000080e-01 2.93192086223666699e+01 3.23412843964865997e-06
6.25341496559333354e-01 2.93217716144666696e+01 3.23334409310420982e-06
1.36783858745666653e+00 2.93251011058666649e+01 3.24339731624727999e-06
8.53542878353666712e-01 2.93294506472666683e+01 3.23820462319440985e-06
7.19476845787333397e-01 2.93298670685666671e+01 3.23710994523507014e-06
1.11365614525999987e+01 2.93310281540333335e+01 3.43914499112114019e-06
1.00317856783766661e+01 2.93323572688333343e+01 3.43605419118341987e-06
8.86706655663333287e-01 2.93335408650666665e+01 3.24041627908447989e-06
7.45170680736666591e-01 2.93355703251999991e+01 3.23941029250214985e-06
6.73260649830666580e-01 2.93359359633333376e+01 3.23872556395376004e-06
1.24940428220333342e+01 2.93410093441999997e+01 3.44857070784485019e-06
1.49602318804999990e+00 2.93424869323333333e+01 3.25203918877273017e-06
9.62280613523333272e-01 2.93429534126333351e+01 3.24458252626615995e-06
6.44561861410999914e-01 2.93443582846000020e+01 3.24096919591929008e-06
9.96628069091333280e-01 2.93460311799666691e+01 3.24611847265325999e-06
1.05394857961333344e+00 2.93462373831333316e+01 3.24769059346515992e-06
2.30276291866333338e+00 2.93463173508666664e+01 3.28233497997385013e-06
8.02413574816666753e-01 2.93476694216666658e+01 3.24398589491185009e-06
1.09655880362666669e+00 2.93477298022999982e+01 3.24869702197891980e-06
1.56357323863000008e+00 2.93491540039333358e+01 3.25625072000026980e-06
6.96208473787666704e-01 2.93497459401000036e+01 3.24417751928490004e-06
4.51377803808666656e+00 2.93500020410333349e+01 3.34534481912088010e-06
2.42337530103666632e+00 2.93501242770999973e+01 3.28621872287881015e-06
2.05491683593333319e+00 2.93531572282666673e+01 3.27648007305344981e-06
8.32754113120333428e-01 2.93534367268666649e+01 3.24653456095655999e-06
1.20974765846333354e+00 2.93548231029666624e+01 3.25211705445244010e-06
1.95083996767333345e+00 2.93566898208666665e+01 3.27153467777138003e-06
1.70487208286000036e+00 2.93579400895666680e+01 3.26302617797843012e-06
1.78192950362333336e+00 2.93582639491333346e+01 3.26636149205100985e-06
4.00763008039000024e+00 2.93590004615000026e+01 3.33993940418198989e-06
1.26906195527999999e+00 2.93627028098333334e+01 3.25522062589756010e-06
7.52468359004333287e-01 2.93632303552666656e+01 3.24901038995120999e-06
8.97530332698666666e-01 2.93647382492666686e+01 3.25111864577764006e-06
2.65473630266666705e+00 2.93652803569333365e+01 3.30122696714137989e-06
7.81186835283333436e-01 2.93698306263999989e+01 3.25179317017887000e-06
9.35780130023666668e-01 2.93725076351999981e+01 3.25482138876531992e-06
6.29220364851666658e-01 2.93725866701333338e+01 3.25124829351599008e-06
1.02380510436766681e+00 2.93739344082000002e+01 3.25823802150081983e-06
2.77426812240000009e+00 2.93753637473333349e+01 3.31020988961040017e-06
6.99274930749333223e-01 2.93756707711000047e+01 3.25289284279632987e-06
8.41654435453666694e-01 2.93831997139000016e+01 3.25680649781063007e-06
7.29840981016666723e-01 2.93834519296333347e+01 3.25662424164959002e-06
1.39029524496999990e+00 2.93870687974666680e+01 3.26435103126608985e-06
5.05436251925000057e+00 2.93893370076333333e+01 3.37764718055553006e-06
8.73266877722333468e-01 2.93904110185000000e+01 3.25981919772331000e-06
3.07705076869333327e+00 2.93953022140333324e+01 3.32997654183553004e-06
1.12153316962666660e+00 2.93961073261999992e+01 3.26559799679196993e-06
7.58231992459333259e+00 2.93971562881999979e+01 3.40415853032978981e-06
5.68581388080999961e+00 2.93974201970000024e+01 3.37986491609529018e-06
3.76877489852333314e+00 2.93974401307333331e+01 3.36029694298819010e-06
6.45741889940666614e-01 2.93974974647666691e+01 3.25983755108790006e-06
1.45365753703000000e+00 2.93976241090333339e+01 3.26951588327405996e-06
6.77507135322000020e-01 2.93983333078333366e+01 3.26135129640585007e-06
7.89045263092333360e-01 2.93988244678666710e+01 3.26180239435600017e-06
3.28456180607999970e+00 2.93999041969666699e+01 3.34320959878385986e-06
1.17615249936666655e+00 2.94001207583333333e+01 3.26761564815876984e-06
8.19172324959000053e-01 2.94064262501666640e+01 3.26475160809886004e-06
1.01724858435100018e+00 2.94068193883666673e+01 3.26867271537699018e-06
9.42328110986000111e-01 2.94095425753333330e+01 3.26750241533447005e-06
7.36564113975333279e-01 2.94112556349666647e+01 3.26596366275685004e-06
1.59074228775000015e+00 2.94129312299666701e+01 3.27803551894160003e-06
1.28793489747333312e+00 2.94133886630333343e+01 3.27193588109906982e-06
8.97650841911666753e+00 2.94136247825333328e+01 3.45886406132951996e-06
1.66302741047333336e+00 2.94183528839666657e+01 3.28269323377966995e-06
8.80630398696999994e-01 2.94197807923333308e+01 3.26987360408419019e-06
7.67049919771999988e-01 2.94200279020666642e+01 3.26913890419952015e-06
1.81824784239666681e+00 2.94243835582333304e+01 3.28956212826345019e-06
6.26521525089000053e-01 2.94249107946333304e+01 3.26961703329293984e-06
9.75675739435333256e-01 2.94250756642666680e+01 3.27402004515383991e-06
1.90301116881333332e+00 2.94266975041666683e+01 3.29464086624596014e-06
6.87330968867666647e-01 2.94269565902333348e+01 3.27101304892992995e-06
4.75838255028666701e+00 2.94280881284666656e+01 3.41436211710166003e-06
1.34737849317333325e+00 2.94291131205333336e+01 3.27782640215035982e-06
4.22367823045333335e+00 2.94297849270333352e+01 3.40330596033638019e-06
2.08922791274333308e+00 2.94305940838000026e+01 3.30447811671410013e-06
9.11441834635666637e-01 2.94311429632333379e+01 3.27445108290016007e-06
7.15821897253666628e-01 2.94320977588333328e+01 3.27291081088148990e-06
8.27518592011000087e-01 2.94390069269666661e+01 3.27597950135374015e-06
1.09159365812999987e+00 2.94405421314999991e+01 3.28086742594467986e-06
1.04546072540000012e+00 2.94406369287333298e+01 3.28041035237398986e-06
2.26016741889333339e+00 2.94444873318000013e+01 3.31524745959635009e-06
8.57364223480333365e-01 2.94451501645333309e+01 3.27842613940301010e-06
2.47798657937666666e+00 2.94486981332000006e+01 3.32457613812929021e-06
7.73710037861999989e-01 2.94489762464333324e+01 3.27917458690836979e-06
6.41685566307999999e-01 2.94493816520666662e+01 3.27793490119655004e-06
1.19778188132666674e+00 2.94494012517999977e+01 3.28435397389379982e-06
6.20672912828000012e+00 2.94505722347000010e+01 3.41920083896033979e-06
6.70729764705333409e-01 2.94505916046000031e+01 3.27878661902434003e-06
1.25024998261666664e+00 2.94547894496333349e+01 3.28692938188648985e-06
2.59031762386000031e+00 2.94569052736333354e+01 3.33199087268101995e-06
8.04051648234333283e-01 2.94603534890333343e+01 3.28319312652347993e-06
7.23586453804999974e-01 2.94605807289666650e+01 3.28260148662290021e-06
1.47753563828000001e+00 2.94623026240333310e+01 3.29143485692393990e-06
9.09446220023999885e-01 2.94645265690333353e+01 3.28611262984021999e-06
2.17021958636999956e+00 2.94686624555666690e+01 3.32157752551748990e-06
7.50988788616666625e-01 2.94686869494666688e+01 3.28590672202058014e-06
9.75331388187333226e-01 2.94696959026999998e+01 3.28864986246602014e-06
6.85756551938666714e+00 2.94703051817666655e+01 3.43134848114347010e-06
1.54707033841999997e+00 2.94709426733666646e+01 3.29647535816342006e-06
6.80393355340333295e-01 2.94732547913666671e+01 3.28636654795344007e-06
8.74075370947000052e-01 2.94732906596666631e+01 3.28901521663399983e-06
6.25164041219000044e-01 2.94744708574333352e+01 3.28656672852885986e-06
1.35539147261333337e+00 2.94748788190999989e+01 3.29233580188514982e-06
7.04759116053999990e-01 2.94781027471333346e+01 3.28834458247832000e-06
1.01580157530966653e+00 2.94816659543666653e+01 3.29444362398645004e-06
8.05022151832000077e+00 2.94825547063999984e+01 3.48331655900641013e-06
1.69174698302666671e+00 2.94841896582333334e+01 3.30504883036478999e-06
5.93341317672666690e+00 2.94850301961333336e+01 3.44474109564688999e-06
2.82654236549666704e+00 2.94857917771000011e+01 3.35456373284643005e-06
9.39988145126333330e-01 2.94875464195666659e+01 3.29456718056988010e-06
1.11405151179666650e+00 2.94878959718000004e+01 3.29687009212644981e-06
1.76990999418666672e+00 2.94898964729333350e+01 3.31083202979625984e-06
8.06040963695000001e-01 2.94900142641000009e+01 3.29393376126073018e-06
1.16562040525333344e+00 2.94927416599666685e+01 3.29906259103653997e-06
6.67249231714333368e-01 2.94951752549666679e+01 3.29399034444766988e-06
6.41064115990333305e-01 2.94976012735666693e+01 3.29438255812571981e-06
2.97811943729999973e+00 2.94986735103666682e+01 3.36888756160188015e-06
1.93766896562333346e+00 2.95000549147999998e+01 3.32004872273179994e-06
7.55253000338000025e-01 2.95000747250666677e+01 3.29653835775624015e-06
3.66936421275666680e+00 2.95007968959333340e+01 3.39692326997293005e-06
8.61756926888666563e-01 2.95031590697999953e+01 3.29900217730937015e-06
7.06891365022000007e-01 2.95031704236666705e+01 3.29715233830060021e-06
3.40571250179666629e+00 2.95051645233999977e+01 3.39078079055296999e-06
1.27500883633333317e+00 2.95066471150000034e+01 3.30482668841828005e-06
2.01980884129333349e+00 2.95074840870333333e+01 3.32747890730860983e-06
8.29372669075000069e-01 2.95096511822666656e+01 3.30092959938709017e-06
1.97012437236666678e+01 2.95099429009666672e+01 3.37093190104621008e-06
7.79963565043999996e-01 2.95100247970999980e+01 3.29998184126877991e-06
1.32070673062999977e+00 2.95110120269666680e+01 3.30521410468764003e-06
1.39006577000666653e+00 2.95122060162333355e+01 3.30707973412042991e-06
6.83261637860666737e-01 2.95136486932666635e+01 3.30054519277333010e-06
7.29982914494333279e-01 2.95170361810999999e+01 3.30194301021844985e-06
1.43896763678666662e+00 2.95178807643333307e+01 3.30825841306820009e-06
6.25900074771333359e-01 2.95231304161333306e+01 3.30330150041196986e-06
1.03124409746966661e+00 2.95231837274999975e+01 3.30822454454152979e-06
9.28418855052333236e-01 2.95273054329333320e+01 3.30840835914917001e-06
1.08336110122666640e+00 2.95295085421666670e+01 3.31080842299311985e-06
8.85558485891666636e-01 2.95341539925333336e+01 3.30970734330223015e-06
5.50945829707000012e+00 2.95366395198333329e+01 3.45161225991978018e-06
1.57056923171999974e+00 2.95379605106000014e+01 3.31881935873194998e-06
7.87219189497999960e-01 2.95393166594000007e+01 3.31068409412936991e-06
5.25839129292666652e+00 2.95394368405666654e+01 3.45622827585844017e-06
6.76618023083999987e-01 2.95398680624000001e+01 3.30943794538552019e-06
8.17720762890666641e-01 2.95401633451000016e+01 3.31134338026942994e-06
2.32456542691333334e+00 2.95407132889333326e+01 3.35220234370019003e-06
2.42177220502333324e+00 2.95411171641000010e+01 3.35504394290995988e-06
1.18760795448333334e+00 2.95424338012666681e+01 3.31614134063015009e-06
7.27078638182666714e-01 2.95434601755000017e+01 3.31097466715807016e-06
1.64296075360333327e+00 2.95457858414666674e+01 3.32491468355911007e-06
7.22750061401333355e+00 2.95464084713999995e+01 3.50533540085782013e-06
6.45441575718666560e-01 2.95469237666666658e+01 3.31172443937821992e-06
1.35538102802333338e+00 2.95483392241000011e+01 3.31903636309397004e-06
1.24452828427333340e+00 2.95509510584666657e+01 3.31877052289076981e-06
6.97343473933666580e-01 2.95558137871999982e+01 3.31516580282260015e-06
2.63531189204999983e+00 2.95584297627000012e+01 3.37106481459754009e-06
1.80033381970333362e+00 2.95586206063333314e+01 3.33418174335183010e-06
9.53186968922333233e-01 2.95620561025666682e+01 3.32019030356327021e-06
7.71357341365999982e-01 2.95626543998333347e+01 3.31856931963589989e-06
1.00144173574533313e+00 2.95627426697000004e+01 3.32132305005886015e-06
7.44280709323999923e-01 2.95631225054333306e+01 3.31817865016867995e-06
1.88332946472333340e+00 2.95664651022666654e+01 3.34148687779632981e-06
8.33072992334999984e-01 2.95667726460333320e+01 3.32037135946975005e-06
8.68526457522333373e-01 2.95672554059333379e+01 3.32081485624458006e-06
2.14105468243333341e+00 2.95727008387666679e+01 3.35731978870597001e-06
6.29541500947333410e-01 2.95737933505333359e+01 3.32153922566942006e-06
1.10343247234666664e+00 2.95765630910666637e+01 3.32681696673575017e-06
2.75200481395333307e+00 2.95772328757666649e+01 3.38488523175765010e-06
6.51170311551333381e+00 2.95784638660000034e+01 3.51777390875359020e-06
1.77182370125666644e+01 2.95785453237000020e+01 3.49310380997617012e-06
6.98485733576666767e-01 2.95818101450000022e+01 3.32449288349787010e-06
2.05195428072999997e+00 2.95834518289666697e+01 3.35290223800289006e-06
1.15611043214666664e+00 2.95846426619999967e+01 3.32961239478232992e-06
4.19688788732999996e+00 2.95847830103000007e+01 3.44376879214053996e-06
7.27322751135999979e-01 2.95872900867999995e+01 3.32710880287951014e-06
1.45708968340999978e+00 2.95876081186333302e+01 3.33142089993169017e-06
1.35683397155333352e+00 2.95895679879999989e+01 3.33171774075304002e-06
7.83899415150333234e-01 2.95905099800333353e+01 3.32799653156219987e-06
3.77362525080666700e+00 2.95908567116333359e+01 3.43662857827433996e-06
4.74096104985666678e+00 2.95918825819333335e+01 3.46020895154924019e-06
1.84136110975666654e+01 2.95922598007666693e+01 3.41326309121476991e-06
8.15113492726666666e-01 2.95937815405333318e+01 3.32934119932713989e-06
1.50092622075000008e+01 2.95950456422000023e+01 3.49960878652610002e-06
1.51915657820333316e+00 2.95990478155666636e+01 3.33795946736716007e-06
6.46878409220666639e-01 2.95994558660666662e+01 3.33075305826476992e-06
8.86700592972333279e-01 2.95998486429333347e+01 3.33222693446936014e-06
9.28500735211666650e-01 2.96014978991666631e+01 3.33353694915551994e-06
6.79197116229000031e-01 2.96017298529333353e+01 3.33191895070701009e-06
1.26645471727666670e+00 2.96027384980000043e+01 3.33676808218145989e-06
1.02235091458899974e+00 2.96081925466333367e+01 3.33673586645643984e-06
7.36877258770333388e-01 2.96093134041999981e+01 3.33431791962534016e-06
7.66377290742666695e-01 2.96130014030333335e+01 3.33565926747917992e-06
1.66668733477666664e+00 2.96132896818333329e+01 3.34695170776384006e-06
1.07222464743333323e+00 2.96156881533333340e+01 3.33954670179717009e-06
1.31628119913333319e+00 2.96166227622666689e+01 3.34130242620385987e-06
1.74589738971666653e+00 2.96204176319999988e+01 3.35461360347352015e-06
1.40964076016000006e+00 2.96231621344333327e+01 3.34298253963626011e-06
5.75705759298666653e+00 2.96242495189666677e+01 3.53614242055280001e-06
3.06474580723333290e+00 2.96250385409333319e+01 3.41960829214143995e-06
6.27336908273333327e-01 2.96256625155333317e+01 3.34041273403293990e-06
8.26559848189333368e-01 2.96262824067666664e+01 3.34033217870171985e-06
2.46829575949666635e+00 2.96264397973666682e+01 3.38628425799187987e-06
3.28482783434333347e+00 2.96269275710333346e+01 3.43606840873380008e-06
6.90715537512666677e-01 2.96284951879999987e+01 3.34115186329816985e-06
7.19558662494666712e-01 2.96305987974666643e+01 3.34185995126210018e-06
8.62693483247666593e-01 2.96318667492666670e+01 3.34316703122811992e-06
2.27821151991666682e+00 2.96353322675000008e+01 3.38267475461941988e-06
1.17673247351333332e+00 2.96355401003666650e+01 3.34706194788951020e-06
2.56950440204000019e+00 2.96355452555333336e+01 3.39549036237634004e-06
7.75909387486000024e-01 2.96368654845333310e+01 3.34378396475401002e-06
9.46997079763666760e-01 2.96374985013000014e+01 3.34596862615746992e-06
3.97968227166666644e+00 2.96386723938666705e+01 3.47613400606519016e-06
1.64506611878999998e+01 2.96392447080666663e+01 3.51414563781152004e-06
1.35976799700666664e+01 2.96395650776333355e+01 3.54429162588179020e-06
2.18464860796000027e+00 2.96431446935666685e+01 3.37972511692757018e-06
1.91513504699333326e+00 2.96432063333666669e+01 3.36769661485195015e-06
9.92592492317999842e-01 2.96435065816333356e+01 3.34865601365234985e-06
1.23015642885333332e+00 2.96451186791666679e+01 3.35063837791982011e-06
8.04877867356333376e-01 2.96468749277666639e+01 3.34688539487794017e-06
2.00161998733000024e+00 2.96527638878333342e+01 3.37482129680579010e-06
6.45571080025999944e-01 2.96531733116999980e+01 3.35047251086590988e-06
7.32846032746000020e-01 2.96537244776333324e+01 3.34988152933339991e-06
6.76631002257000014e-01 2.96537319972999995e+01 3.34997487238036016e-06
7.59696725765000025e-01 2.96563031658666638e+01 3.35042420225747012e-06
5.05750367504666709e+00 2.96577053461666651e+01 3.52943969865597010e-06
1.11626138491333311e+01 2.96583497424666653e+01 3.52682890911642002e-06
1.09133508219666675e+00 2.96631336373000032e+01 3.35577424236436019e-06
1.53941555053333334e+00 2.96643822051333323e+01 3.35910862645566000e-06
8.77896373762333315e-01 2.96665840600333333e+01 3.35500514914698987e-06
1.33682187510333339e+00 2.96675470652333324e+01 3.35985950755593015e-06
4.46956619453333293e+00 2.96687945777666648e+01 3.52449348578079991e-06
1.39661417850000014e+00 2.96701528539000030e+01 3.35957283324160981e-06
9.20399828039000112e-01 2.96705665558333322e+01 3.35742242172046986e-06
1.61455478522333351e+00 2.96707987405333320e+01 3.36610295584175008e-06
7.20104582041333430e-01 2.96728703410666661e+01 3.35623239918150989e-06
1.00607195023999996e+01 2.96741892921666697e+01 3.52837134399760987e-06
1.14316494847666683e+00 2.96749060134000011e+01 3.35942939666437991e-06
6.92732676534333347e-01 2.96749814701999988e+01 3.35751297631943994e-06
8.03628098598333285e-01 2.96754891963333343e+01 3.35760006492669985e-06
6.28234171752666604e-01 2.96775107961666613e+01 3.35897615882704981e-06
1.23457860206999985e+01 2.96796289508666682e+01 3.55087521099802994e-06
7.74085662732333368e-01 2.96797799617999978e+01 3.35883699203933014e-06
1.01044411694233349e+00 2.96894502087666687e+01 3.36439276602784001e-06
1.76908599782666687e+00 2.96911344378666655e+01 3.37729292876965989e-06
2.79029047244000017e+00 2.96919554659999996e+01 3.42939921778886016e-06
7.33522999858333358e-01 2.96950925637999994e+01 3.36436797726175998e-06
1.25143666361999983e+00 2.96966332694666626e+01 3.36831989221560012e-06
8.55067777740666668e-01 2.96975169505666656e+01 3.36559914739487997e-06
8.20841261365666708e-01 2.96981643745666695e+01 3.36527025655344020e-06
7.60653387530333291e-01 2.96994234962999997e+01 3.36528089963074017e-06
6.90127910646999965e-01 2.97006162129333298e+01 3.36688217385024990e-06
1.05931297397666668e+00 2.97015816577333318e+01 3.36773731683116994e-06
3.67670392449000039e+00 2.97022079920666648e+01 3.48432568828726005e-06
9.04749876490333271e+00 2.97036611302666671e+01 3.54063895382510007e-06
6.42249471289999985e-01 2.97040930847999967e+01 3.36866093328535999e-06
1.30827562801333319e+00 2.97051773912666697e+01 3.37166556673992020e-06
1.85532801008333337e+00 2.97060786432999997e+01 3.38739080279003001e-06
9.34595029491333329e-01 2.97074655420666680e+01 3.36990896571200016e-06
7.16372078942333346e-01 2.97125529917666675e+01 3.37050172234486000e-06
6.70704627633666672e-01 2.97136198464666670e+01 3.37135909383095984e-06
1.42923636731333326e+00 2.97154718447666681e+01 3.37643560413289011e-06
1.49464247695666663e+00 2.97191225096666649e+01 3.37836135314626990e-06
2.42300553788666662e+00 2.97201373695999997e+01 3.41688033544024006e-06
9.79043905840333295e-01 2.97203411146666667e+01 3.37401203351107018e-06
7.72856377658666660e-01 2.97235528774999977e+01 3.37366720601146992e-06
6.24015299537333257e-01 2.97265822886333346e+01 3.37657696800839990e-06
8.03501815628000049e-01 2.97265845212333346e+01 3.37538726778987007e-06
2.95145439391666642e+00 2.97268793979000030e+01 3.45748020396857986e-06
1.16014283662666662e+00 2.97272897067333339e+01 3.37722865466047988e-06
2.33012807641666653e+00 2.97294337149000008e+01 3.41592850355805997e-06
8.70686763929666707e-01 2.97313213815999973e+01 3.37722425915504986e-06
2.59438742698000002e+00 2.97323005569666670e+01 3.43112394318517982e-06
1.63369459270999973e+00 2.97337032649000008e+01 3.38638026754614989e-06
3.45155821898666693e+00 2.97339112239999999e+01 3.50110212752519983e-06
7.23926053531333324e-01 2.97363830031000020e+01 3.37838789362558989e-06
9.07710561403666572e-01 2.97372874772999971e+01 3.37987958292823998e-06
1.21499059643000007e+00 2.97394383839999996e+01 3.38227538618737986e-06
2.03411427476666651e+00 2.97398288800666677e+01 3.40427512399446986e-06
2.12804249369333354e+00 2.97409606760000003e+01 3.41118888579496993e-06
8.11003530301666764e+00 2.97410154131999995e+01 3.55344399797031010e-06
7.53279964575666594e-01 2.97430519563333320e+01 3.38080514800390983e-06
6.77168122809666762e-01 2.97432145174000020e+01 3.38177644184065982e-06
1.07720950110666691e+00 2.97445822729333322e+01 3.38255302035507988e-06
1.70901575037333342e+00 2.97469110120666649e+01 3.39599596218871993e-06
3.88276094534999983e+00 2.97500236742999959e+01 3.54315453264885989e-06
6.35213916391333289e-01 2.97515822886333297e+01 3.38472838708365988e-06
8.14626075378666603e-01 2.97528572503333315e+01 3.38416842130475000e-06
7.04145380412000033e-01 2.97540408951999957e+01 3.38462892094058016e-06
1.33389139629666675e+00 2.97578192150333329e+01 3.39009059367152986e-06
8.47584507305333301e-01 2.97582415347000016e+01 3.38634313970218987e-06
1.12620949747666654e+00 2.97585179458333329e+01 3.38704550173466992e-06
6.59911583319999995e-01 2.97586877557333302e+01 3.38638106778892005e-06
9.86791729582333410e-01 2.97596178482333329e+01 3.38736060619072979e-06
1.39505983220000007e+00 2.97655078798666644e+01 3.39263441864578983e-06
7.62818232558999942e-01 2.97693658230666642e+01 3.38964457243523986e-06
7.26607156373000063e+00 2.97694118736333344e+01 3.56636353828367000e-06
2.69848057547666675e+00 2.97699076543666656e+01 3.45225451392007982e-06
1.51931324311666671e+00 2.97718475524333321e+01 3.39609330311674987e-06
9.19425640588666604e-01 2.97733218367333343e+01 3.39198448219904991e-06
6.21198616854000019e-01 2.97749999999999950e+01 3.39203417236701997e-06
6.49141660725999969e+00 2.97759467583999999e+01 3.56914082005466000e-06
7.93518905392666674e-01 2.97761394733333304e+01 3.39211821912523998e-06
1.05507260951333337e+00 2.97798158423999979e+01 3.39456359768321980e-06
1.58322612418000008e+00 2.97800117722666648e+01 3.40240804736532012e-06
7.12191621246666684e-01 2.97809312913000035e+01 3.39374983942723014e-06
9.54057932418333365e-01 2.97827766350666678e+01 3.39550200112581985e-06
1.01902808693433333e+00 2.97836289496000006e+01 3.39654649548909017e-06
1.42904495265666664e+01 2.97853626913666680e+01 3.68376452120695020e-06
1.87406986512666673e+00 2.97856205413666650e+01 3.41285289764325005e-06
2.50037866316999979e+00 2.97872096021000026e+01 3.44687069929367998e-06
5.76894288446999948e+00 2.97872744499333351e+01 3.57872958602644998e-06
7.41510562349333324e-01 2.97895872659333349e+01 3.39666898938447003e-06
6.62919258301999936e-01 2.97898033952999981e+01 3.39678733567955011e-06
1.23698941380333327e+00 2.97898911430666651e+01 3.39965466791462980e-06
8.58317578277666637e-01 2.97904826422333322e+01 3.39716669353029011e-06
6.38221591373333230e-01 2.97993645948666703e+01 3.40008422855310979e-06
8.93134914087000076e-01 2.97995968485666651e+01 3.40041901753056020e-06
1.29905124927666660e+00 2.97997278522999984e+01 3.40375948610774992e-06
6.88222038626333354e-01 2.98012205530666670e+01 3.40064726031690003e-06
1.12708460637333352e+00 2.98040864736333333e+01 3.40374701683946005e-06
8.02864486422000034e-01 2.98047323806000009e+01 3.40168712250762013e-06
1.57876542661000006e+01 2.98096829508333343e+01 3.69457000103883993e-06
1.96637118947333334e+00 2.98098132236666693e+01 3.42693867292488995e-06
2.28187574837000007e+00 2.98110066363999984e+01 3.44165888122211008e-06
8.34704727380333300e-01 2.98136912651333326e+01 3.40469466146245013e-06
2.17335307760333363e+00 2.98147211714333338e+01 3.43663029181240003e-06
1.08322417990000019e+00 2.98158028136666644e+01 3.40723981173980986e-06
1.72333909820666675e+00 2.98158088872666660e+01 3.41799439328594014e-06
7.50479609730666741e-01 2.98177644338333323e+01 3.40611927989779017e-06
5.09844245652333328e+00 2.98179329564000000e+01 3.57550765714495999e-06
9.66622875583333374e-01 2.98185026524666661e+01 3.40766740197671985e-06
1.00449624264400006e+00 2.98209958785666664e+01 3.40869751133530016e-06
1.42717889196666659e+00 2.98234455730666674e+01 3.41342476315271998e-06
6.27022974519333309e-01 2.98243645948666689e+01 3.40849534641592993e-06
1.17453521083333339e+01 2.98254265645999972e+01 3.67873213107560003e-06
1.48602619324000007e+00 2.98261345807333349e+01 3.41407208910151005e-06
7.81132860969666609e-01 2.98261358982333320e+01 3.40879577239457017e-06
1.20672747467000008e+00 2.98275111955333330e+01 3.41219693036005020e-06
1.72575208628999981e+01 2.98295617572333356e+01 3.67885079910524001e-06
1.15674693775666682e+00 2.98305230259666700e+01 3.41314444127266980e-06
6.96457730587000001e-01 2.98313059775999996e+01 3.41065194176786995e-06
4.46809737627999937e+00 2.98324981740666679e+01 3.56818148187530018e-06
1.05976526467333318e+01 2.98329231778666646e+01 3.65590781953869993e-06
9.02546970160666651e-01 2.98378444823333346e+01 3.41305405934399987e-06
1.59444324158333317e+00 2.98380110383666697e+01 3.42112836247746011e-06
7.29396360588666748e-01 2.98391938837333335e+01 3.41314988826295979e-06
1.80215120070333334e+00 2.98395742111333284e+01 3.43080237247496988e-06
9.54730148414999924e+00 2.98412661142999980e+01 3.65047386573466004e-06
1.91026309776666672e+01 2.98432762343000029e+01 3.63980562879153996e-06
8.41857904081000030e-01 2.98441637742333334e+01 3.41483196341607011e-06
9.41402639827333410e-01 2.98472954879000021e+01 3.41711012860262981e-06
1.07025232707666684e+00 2.98506244675999994e+01 3.41824483573630018e-06
6.43566863872000017e-01 2.98508439860333290e+01 3.41754374468890012e-06
1.02756891239966675e+00 2.98520044252999988e+01 3.41984455890599991e-06
1.32168551807666668e+00 2.98539262560333327e+01 3.42274114570617002e-06
7.89669445253000091e-01 2.98542014446666677e+01 3.41815313234287001e-06
1.29714351818333338e+01 2.98542023862666674e+01 3.71737168902673012e-06
6.76500222761333370e-01 2.98547015443333343e+01 3.41826386143945979e-06
8.74882811052000053e-01 2.98592027850999990e+01 3.41977052149557988e-06
3.91031272821999965e+00 2.98598378870333327e+01 3.57320152026554012e-06
2.97765478918000026e+00 2.98598997246333333e+01 3.50781512245408982e-06
1.65923505794666681e+00 2.98606004062000032e+01 3.43295666007452991e-06
8.57523650548333372e+00 2.98623950159666656e+01 3.65835684093176009e-06
8.18554247406000024e-01 2.98632704361333339e+01 3.42114451682497988e-06
3.40410740148333346e+00 2.98650425206333345e+01 3.53880998198518021e-06
7.39610618819000032e-01 2.98683917765999958e+01 3.42293686479452006e-06
1.53232901741000016e+00 2.98685952297333337e+01 3.43270740719634017e-06
1.38864472486333335e+00 2.98699553119666668e+01 3.42877616768400001e-06
1.22771330034666648e+00 2.98741984941333278e+01 3.42907045272808018e-06
7.69230452244333285e-01 2.98750278731333339e+01 3.42503312331764012e-06
6.26543889352666583e-01 2.98764793911666686e+01 3.42578078454925984e-06
1.14396497743666647e+00 2.98773299217666697e+01 3.42848087034511017e-06
7.68070465900666743e+00 2.98786203972333340e+01 3.66297468731911002e-06
2.71490774005666680e+00 2.98829425670666673e+01 3.49172477682401996e-06
6.90331880598333392e-01 2.98850202704000019e+01 3.42862178029267985e-06
6.11848974707666660e+00 2.98851552819999995e+01 3.65601273968358986e-06
1.10133079323000005e+00 2.98857150233666680e+01 3.43194074251773015e-06
2.50033312310333322e+00 2.98868059940666662e+01 3.47929946660594011e-06
9.59024901949333319e-01 2.98876672349999986e+01 3.43084617779905991e-06
8.23960964414000130e-01 2.98885831906333301e+01 3.42948801531882001e-06
8.74510538943999993e-01 2.98898352638333336e+01 3.43015416369398982e-06
1.00731780746100008e+00 2.98898829463000020e+01 3.43200919853943001e-06
1.28060950827999998e+00 2.98907768454000013e+01 3.43524945083018988e-06
6.87584996085000011e+00 2.98907914764000004e+01 3.66365307688108981e-06
7.20503646654333418e-01 2.98908225965333365e+01 3.43014843266857996e-06
8.46892348981000076e-01 2.99001090074666678e+01 3.43377246871292998e-06
1.97069761159000012e+00 2.99012450662666680e+01 3.45747300772743989e-06
2.30880658722999987e+00 2.99013066830666645e+01 3.47466854156845998e-06
7.79357286760666734e-01 2.99016649831999963e+01 3.43394937058153005e-06
1.18579922909666657e+00 2.99019659219999987e+01 3.43927080044949011e-06
5.42829544142000042e+00 2.99021191679333356e+01 3.65777448815084020e-06
6.41669026866000025e-01 2.99024721232333341e+01 3.43450206221268994e-06
2.13961092734666680e+00 2.99050212180999999e+01 3.46759351541241985e-06
8.05202996777333424e-01 2.99061513092333335e+01 3.43546614044806007e-06
6.72523659222333259e-01 2.99071554441666656e+01 3.43560977104521987e-06
8.93588197678000018e-01 2.99140899317333329e+01 3.43932156862646021e-06
4.78043101308000029e+00 2.99158137884666644e+01 3.65229462827911996e-06
4.18335119240333331e+00 2.99166843855999964e+01 3.63986466987004019e-06
1.80796955664666648e+00 2.99181782259666669e+01 3.45586076057954988e-06
9.32236448700999976e-01 2.99190720635333349e+01 3.44137827091037994e-06
1.08499298682333323e+00 2.99203164038333291e+01 3.44325287081493003e-06
7.31732875511000080e-01 2.99210122246999966e+01 3.44026199502589020e-06
3.16927421624333361e+00 2.99218890191999982e+01 3.57126812191498012e-06
1.03366341573133336e+00 2.99231043690666638e+01 3.44416219058744980e-06
7.60966682192000032e-01 2.99252185148333325e+01 3.44170889467163009e-06
6.25125137513333318e-01 2.99259927320666641e+01 3.44192279158526018e-06
8.43880154525999959e-01 2.99265701682666645e+01 3.44217175343633989e-06
1.53099754566000001e+00 2.99286627703999990e+01 3.45167498847062996e-06
1.66419915698666654e+00 2.99287093312666705e+01 3.45471050565826999e-06
8.18484016681666593e-01 2.99301069743333308e+01 3.44385618491234009e-06
1.40602683664999994e+00 2.99327118602999995e+01 3.45068746310310996e-06
6.82108974308333393e-01 2.99339435518333339e+01 3.44454226728030980e-06
2.83291803228333317e+00 2.99380107054333315e+01 3.52278481226515004e-06
8.69242854508666674e-01 2.99387116186333309e+01 3.44841987385344020e-06
2.40311503150333339e+00 2.99418741324333304e+01 3.49351150466192989e-06
7.11146424540999966e-01 2.99419980062333337e+01 3.44739348137563008e-06
3.65680488985666630e+00 2.99431535014333328e+01 3.63376928229287011e-06
1.29397154016000004e+00 2.99443306350333351e+01 3.45320051812278992e-06
2.61076905149333349e+00 2.99449318616333358e+01 3.50643396815049021e-06
2.05148565340666655e+00 2.99455886674666658e+01 3.47585450089392020e-06
6.38524481443999981e-01 2.99476079450666681e+01 3.44887844881925015e-06
1.19141260465666643e+00 2.99483076792666658e+01 3.45429484198719989e-06
7.73720257869666583e-01 2.99488116212333324e+01 3.44962511555195009e-06
8.05391882342666676e-01 2.99492137546999970e+01 3.45028888745189997e-06
6.64653685882666712e-01 2.99508754439000029e+01 3.45025142164003005e-06
1.88421464318666665e+00 2.99556563987999986e+01 3.47136490116202001e-06
1.10192083716000000e+00 2.99582730594999980e+01 3.45737798439340985e-06
9.42074687906666597e-01 2.99592444304999965e+01 3.45572839918681990e-06
2.22108875306333298e+00 2.99594325506333341e+01 3.49033409391383988e-06
1.02175622829133328e+00 2.99610610247333291e+01 3.45687766539210010e-06
1.46984600792333353e+00 2.99624752663000002e+01 3.46181260991956982e-06
1.73412155318999983e+00 2.99625218271666682e+01 3.46913583988754997e-06
1.59807586887333319e+00 2.99661875041000023e+01 3.46639712891149991e-06
8.70132890686333149e-01 2.99666921469666647e+01 3.45717815198794001e-06
1.35242966174333357e+00 2.99702365939999993e+01 3.46268624669114985e-06
7.14977506275666586e-01 2.99706480186333373e+01 3.45701179736802990e-06
6.23399343930666650e-01 2.99716152130000033e+01 3.45704819236116003e-06
7.64827056635666636e-01 2.99732553435000000e+01 3.45830507481563002e-06
8.13008204821000002e-01 2.99736574769666646e+01 3.45875727653997996e-06
1.24668870778666663e+00 2.99740940410333359e+01 3.46380862611504013e-06
1.14758273089999996e+00 2.99742136382333335e+01 3.46395776064819014e-06
6.67704738748333249e-01 2.99748827118333345e+01 3.45870745010720996e-06
9.80715895958666706e-01 2.99770016034666646e+01 3.46331331940365999e-06
9.04316473061333226e-01 2.99822428270333319e+01 3.46371260995633013e-06
7.40043539640333314e-01 2.99840471864666682e+01 3.46176562394167994e-06
1.06302371162333342e+00 2.99840594212666645e+01 3.46766382617614021e-06
8.39913586793999856e-01 2.99844493199333328e+01 3.46326070157677015e-06
6.88991108908666661e-01 2.99866008321666691e+01 3.46245753439673985e-06
6.41575534309666629e-01 2.99882818796666690e+01 3.46298885925873982e-06
7.88369230405333354e-01 2.99892081570333318e+01 3.46423335079140985e-06
