time_h,reservoir_head_cm,reservoir_storage_m3,reservoir_net_flux_m3_s
95.023094356674,1200,14.0278395168091,0
95.123094356674,1200,14.0278395168091,0
95.223094356674,1200,14.0278395168091,0
95.323094356674,1200,14.0278395168091,0
95.423094356674,1200,14.0278395168091,0
95.523094356674,1200,14.0278395168091,0
95.623094356674,1200,14.0278395168091,0
95.723094356674,1200,14.0278395168091,0
95.823094356674,1200,14.0278395168091,0
95.923094356674,1200,14.0278395168091,0
96,1200,14.0278395168091,0
96.1,1021.79049799304,11.9445942713724,-0.0057867923484353
96.2,973.496566117055,11.380044666379,-0.00156819334720393
96.2333333333333,965.480742797541,11.286340763778,-0.000780865855008583
96.2515151515152,961.66023749934,11.2416795677811,-0.000682323827730416
96.2579322638146,960.363460278474,11.226520415495,-0.000656194786460058
96.261432506887,959.725246219187,11.2190597784941,-0.000592072928657303
96.2629326110609,959.443601982912,11.215767395038,-0.0006096582996929
96.2636249668335,959.320755896269,11.2143313407141,-0.000576154622620748
96.2638846002482,959.276334064955,11.2138120554468,-0.000555575281919423
96.264004431055,959.256168660848,11.2135763245697,-0.000546443781573121
96.2640763295391,959.244173487612,11.2134361025987,-0.00054174365410047
96.2641379568112,959.233949244171,11.2133165825602,-0.000538722704665892
96.2642252621133,959.219512047417,11.2131478136609,-0.000536969103566182
96.2643489446246,959.198997682991,11.2129080034843,-0.000538588174305889
96.2645241615156,959.169576345969,11.2125640719892,-0.000545247241113311
96.2647723854445,959.127021947388,11.2120666167609,-0.000556682864863184
96.2651240360104,959.065236787042,11.2113443564993,-0.000570531857039755
96.2656222076455,958.975739830882,11.2102981490508,-0.000583359548523216
96.2663279507953,958.846922796338,11.2087922951444,-0.000592698281108017
96.2673277535908,958.662986750413,11.2066421073664,-0.000597392191212066
96.2687441408844,958.401885829693,11.2035898725218,-0.000598595466244694
96.2707506895503,958.032766202337,11.1992749134426,-0.000597343969060643
96.2733146128457,957.563952117904,11.1937945394929,-0.000593748689709511
96.2769468375141,956.905075291517,11.186092357508,-0.000589031569110272
96.2820924891277,955.960230458851,11.1750472477739,-0.00059624830199014
96.289382162247,954.644029472287,11.1596610342644,-0.000586301762389156
96.299709199166,952.82176928145,11.1383590563353,-0.000572982951240749
96.3129048574514,950.575471389413,11.1121001343882,-0.000552768556712936
96.3297659763716,947.760339538257,11.0791916195327,-0.000542149911272313
96.3489689173641,944.747451776325,11.0439713645272,-0.000509474260844789
96.3708389334944,941.449347906614,11.0054169713655,-0.000489691164022248
96.3927089496247,938.319138751863,10.9688252449681,-0.000464762731914057
96.414578965755,935.429702390014,10.9350481203197,-0.000429013612456657
96.4364489818853,932.662655498817,10.9027017122154,-0.000410841643132624
96.4583189980156,930.102057432705,10.8727686632667,-0.000380188828830839
96.4801890141459,927.62608457558,10.8438248716936,-0.000367623967706924
96.5020590302762,925.320287692927,10.8168704145034,-0.000342356822001623
96.5184615423739,923.652158347425,10.7973702055434,-0.000330237507451977
96.5325208384577,922.296092820608,10.7815179808897,-0.000313201721544897
96.5485328145531,920.738681632422,10.7633120523817,-0.000315838740527204
96.5667686762173,919.037176898182,10.7434216895909,-0.000302979967548014
96.587537296446,917.185434111464,10.7217750640588,-0.000289520992270132
96.6083059166747,915.347826227798,10.700293673653,-0.000287310992486799
96.6290745369034,913.611422061072,10.6799953411638,-0.000271487736276388
96.6527276877193,911.723205361264,10.6579223404655,-0.00025922081715602
96.6763808385354,909.839915712368,10.6359069363335,-0.00025854441483238
96.7000339893514,908.061074760531,10.6151125235016,-0.000244205342094828
96.7269723000029,906.124853348772,10.5924783541407,-0.00023339508361391
96.7539106106545,904.196168226654,10.5699322829977,-0.000232486647760284
96.784590353341,902.105402439492,10.5454915105564,-0.000221289452303741
96.8152700960275,900.028505028004,10.5212128575721,-0.00021982160484031
96.845949838714,898.077011828654,10.4984001630566,-0.000206548655000114
96.8722467610167,896.520076335516,10.4801997953601,-0.000192252828497094
96.9021960336392,894.693991580315,10.458853108785,-0.000197989287902537
96.9321453062617,892.966604439011,10.438660184117,-0.00018728821269924
96.9620945788843,891.325505273914,10.4194759543511,-0.000177932625607666
96.9962034727044,889.38916246602,10.3968403658855,-0.000184340878828083
97.0350497128884,887.273960045487,10.3721139324682,-0.000176811287128593
97.0641843930264,885.720117332504,10.3539497189581,-0.000173182435503239
97.0973655565169,883.993471213855,10.3337654567458,-0.000168973565529596
97.1305467200074,882.339891924816,10.314435336,-0.000161823077315582
97.1683363784271,880.371213049509,10.2914217432309,-0.00016916439378942
97.2061260368469,878.507221842348,10.2696319353019,-0.000160168804848479
97.249164258936,876.449133150734,10.2455731537375,-0.000155280458964285
97.2922024810252,874.343831886149,10.220962463509,-0.000158842594080084
97.34121823396,872.040020756508,10.194031219506,-0.000152622384927896
97.3832317364756,870.089164471257,10.1712259704311,-0.000150779892900753
97.4252452389912,868.244254614131,10.1496592209322,-0.000142591390648398
97.4730939501896,866.214224181826,10.1259284366667,-0.000137765142531762
97.527588315721,863.804236816589,10.0977560066691,-0.000143605213548406
97.5896513431318,861.20383926864,10.0673577071003,-0.000136054789054188
97.6603342354607,858.16532150977,10.0318378408583,-0.000139590064675727
97.7408341961687,854.894346412659,9.99360057942019,-0.000131943685651278
97.7945008366407,852.927234654978,9.97060530604653,-0.000119023212203123
97.8556211771782,850.723012880663,9.94483824828859,-0.00011710530374875
97.9014614325813,849.112471914319,9.92601123977932,-0.000114085851832948
97.9407530800697,847.796704201355,9.91063009118027,-0.000108739173606132
97.9855019008205,846.286849830717,9.89298009550938,-0.000109562140253027
98.0426809495575,844.140032645863,9.86788408972517,-0.000121917255914881
98.1078015328412,841.792926260365,9.8404467299713,-0.000117036556434156
98.172922116125,839.425203438298,9.81276836683109,-0.000118064578323964
98.2380426994088,837.23863533244,9.78720767809647,-0.000109031445314764
98.3031632826926,834.999273012505,9.76102983205977,-0.000111663985984158
98.3773283914325,832.537009501833,9.73224630091327,-0.000107805751981214
98.4617942097196,829.80760516592,9.70033992924605,-0.000104928611341323
98.5251435734349,827.862346737593,9.67760011836997,-9.97107746911179e-05
98.5726555962214,826.494221570057,9.66160691812905,-9.35038199161249e-05
98.6267665110616,824.772993463962,9.64148599175895,-0.000103290551091662
98.6959082355796,822.565662347037,9.61568258620171,-0.000103665517525873
98.7650499600976,820.485511961297,9.59136590638339,-9.76925775276313e-05
98.8341916846156,818.322371437272,9.56607908294728,-0.000101590142133523
98.8934560199167,816.645598701269,9.54647783390827,-9.18729851952175e-05
98.9527203552178,814.852825513589,9.52552055510259,-9.82288302961622e-05
99.0202158481997,812.867903123841,9.50231707782201,-9.5493937016673e-05
99.0970857152068,810.651363911719,9.47640603086337,-9.36324378368174e-05
99.1739555822139,808.313698121876,9.44907903041016,-9.87491426064698e-05
99.2615018196387,805.74276052033,9.41902511367498,-9.53588692077169e-05
99.3490480570634,803.030474706066,9.38731885523646,-0.000100601628005638
99.4240876891418,800.98302188831,9.36338440561503,-8.85992913882361e-05
99.4884073737804,798.966949870168,9.33981679334434,-0.000101781577457403
99.5616603479521,796.782290091779,9.31427841270262,-9.68424108769838e-05
99.6450873463144,794.178880807983,9.28384490634457,-0.000101331126998205
99.7165962020535,792.173423973405,9.26040138415011,-9.10668955775557e-05
99.7881050577926,790.142246256338,9.23665718827917,-9.22348693176715e-05
99.869545699051,787.924674839846,9.21073407498949,-8.84185670866841e-05
99.9622975404841,785.494262190858,9.18232287615647,-8.50872559929155e-05
100.062297540484,782.835096165593,9.15123758094733,-8.63480422476228e-05
100.162297540484,780.38311038426,9.1225741950823,-7.96205162917535e-05
100.262297540484,777.906954173975,9.09362826013527,-8.04053748528673e-05
100.362297540484,775.527754556172,9.06581573478777,-7.72570148541523e-05
100.462297540484,773.124309936258,9.03771978860803,-7.804429494372e-05
100.562297540484,770.881241236534,9.01149861548727,-7.28365920021085e-05
100.662297540484,768.61558495768,8.98501339658726,-7.3570052500029e-05
100.762297540484,766.478029070697,8.9600256541366,-6.94103956963047e-05
100.862297540484,764.300546503408,8.93457117413278,-7.07068888994963e-05
100.962297540484,762.211884396425,8.91015499343145,-6.78227241703636e-05
101.062297540484,760.103039675487,8.88550288067212,-6.84780909981088e-05
101.137297540484,758.678573046883,8.8688510562862,-6.16734236515663e-05
101.222714207151,757.01224888414,8.84937194967125,-6.33466881786868e-05
101.308130873817,755.286034618142,8.82919273575871,-6.56234598781945e-05
101.40541096641,753.28872554589,8.80584445981619,-6.66696755050934e-05
101.50541096641,751.248408047195,8.78199342112033,-6.62528852662822e-05
101.60541096641,749.127810704168,8.75720392178054,-6.88597203883292e-05
101.68041096641,747.668535788367,8.74014519317241,-6.31804763264021e-05
101.765827633077,745.977675977336,8.72037926811026,-6.42794310963989e-05
101.851244299743,744.258843877541,8.70028635073338,-6.53428207378345e-05
101.948524392336,742.317288198814,8.67758982450494,-6.4808641223376e-05
102.048524392336,740.314696181621,8.65417979164258,-6.50278690620998e-05
102.148524392336,738.414689157186,8.63196896362626,-6.1696744489797e-05
102.248524392336,736.591065616329,8.61065104831774,-5.92164314125389e-05
102.348524392336,734.771742999627,8.58938341023742,-5.90767724453433e-05
102.448524392336,733.041747860893,8.56915999842823,-5.6176143914422e-05
102.548524392336,731.373827343625,8.54966223064237,-5.41604660718162e-05
102.648524392336,729.690259582663,8.52998154867034,-5.46685610334356e-05
102.748524392336,728.03462389602,8.51062738891156,-5.37615548854917e-05
102.848524392336,726.40017077909,8.49152085055985,-5.30737176436211e-05
102.948524392336,724.762520887608,8.47237694234117,-5.31775228296938e-05
103.048524392336,723.188587896111,8.45397787616206,-5.11085171641754e-05
103.148524392336,721.675850493897,8.43629417823761,-4.91213831234776e-05
103.248524392336,720.186155460062,8.41887984251793,-4.83731547768963e-05
103.348524392336,718.764711543195,8.40226335322797,-4.61569146943385e-05
103.448524392336,717.385836195191,8.38614448481506,-4.47746344803006e-05
103.548524392336,715.985501937489,8.36977476461761,-4.54714449929078e-05
103.648524392336,714.60083679744,8.35358821431002,-4.49626397433251e-05
103.748524392336,713.230133667421,8.33756487803243,-4.4509267437723e-05
103.848524392336,711.892961452942,8.32193351367322,-4.34204565533678e-05
103.948524392336,710.553642958824,8.30627705959207,-4.34901502254269e-05
104.048524392336,709.264387671088,8.29120583769828,-4.18645052605346e-05
104.148524392336,708.013298542395,8.2765807730995,-4.06251794410381e-05
104.248524392336,706.786501175733,8.26223967595018,-3.98363809703408e-05
104.348524392336,705.542189823617,8.24769384265317,-4.0405092491705e-05
104.448524392336,704.314773482005,8.23334550976946,-3.98564802325126e-05
104.548524392336,703.106425506298,8.21922008353306,-3.92372951011081e-05
104.648524392336,701.910750832574,8.20524280650196,-3.88257695308296e-05
104.748524392336,700.693216793396,8.1910099964121,-3.95355835829542e-05
104.848524392336,699.499101171524,8.17705094448865,-3.87751442318164e-05
104.948524392336,698.324766032294,8.16332312376192,-3.8132835352007e-05
105.048524392336,697.174599603329,8.14987783202598,-3.73480325998507e-05
105.148524392336,696.009964068014,8.13626339837183,-3.78178712615058e-05
105.248524392336,694.883564634258,8.12309593963137,-3.65762742790548e-05
105.348524392336,693.791622682823,8.11033128425104,-3.54573760564977e-05
105.448524392336,692.728678860187,8.09790561311827,-3.45157531465735e-05
105.548524392336,691.694824949936,8.08581999917091,-3.35711498537701e-05
105.648524392336,690.654864141341,8.07366299639863,-3.37694521452223e-05
105.748524392336,689.646916319412,8.06188022115918,-3.27299312206933e-05
105.848524392336,688.655749671564,8.05029361560049,-3.21850154408165e-05
105.948524392336,687.675677753467,8.03883670594884,-3.18247490323741e-05
106.048524392336,686.702931996708,8.02746543814344,-3.15868550149966e-05
106.148524392336,685.695366628386,8.01568713373551,-3.2717512244238e-05
106.248524392336,684.693954006042,8.00398075410522,-3.25177211952473e-05
106.348524392336,683.689759226355,7.99224185142766,-3.26080629932193e-05
106.448524392336,682.695885155669,7.98062359645808,-3.22729304710712e-05
106.548524392336,681.721410632508,7.96923211960464,-3.16429912595481e-05
106.648524392336,680.753135858654,7.95791311699147,-3.14416739254542e-05
106.748524392336,679.819481455432,7.94699882188101,-3.03174864179473e-05
106.848524392336,678.914443770972,7.93641905238578,-2.9388248597857e-05
106.948524392336,678.027948424566,7.92605604034263,-2.87861445643163e-05
107.048524392336,677.155466508007,7.91585684342029,-2.83311025620539e-05
107.148524392336,676.268600493029,7.90548949831111,-2.87981808588289e-05
107.248524392336,675.393980737568,7.89526531033791,-2.84005221477827e-05
107.348524392336,674.531528143817,7.88518335485791,-2.80054318888779e-05
107.448524392336,673.668883558496,7.87509915502214,-2.80116662104752e-05
107.548524392336,672.814666452947,7.86511347129784,-2.77380103452842e-05
107.648524392336,671.966431393937,7.85519771689758,-2.75437622229465e-05
107.748524392336,671.102406865211,7.84509738570795,-2.80564755267397e-05
107.848524392336,670.252680128617,7.83516419379621,-2.75921997548468e-05
107.948524392336,669.411426707627,7.8253300538107,-2.73170555152857e-05
108.048524392336,668.582103683811,7.81563537857262,-2.69296534391199e-05
108.148524392336,667.764270478569,7.80607501777708,-2.65565577653901e-05
108.248524392336,666.955510556473,7.79662072244809,-2.62619314694102e-05
108.348524392336,666.145617549054,7.78715318150321,-2.62987248469012e-05
108.448524392336,665.354089025009,7.77790031891298,-2.57023960839728e-05
108.548524392336,664.572690485897,7.76876587449186,-2.5373456725311e-05
108.648524392336,663.804287394022,7.75978334511099,-2.49514705024247e-05
108.748524392336,663.043815230727,7.75089352722457,-2.46939385733848e-05
108.848524392336,662.290498130659,7.74208735107039,-2.44616004282839e-05
108.948524392336,661.539255290467,7.73330542273675,-2.43942453712163e-05
109.048524392336,660.800866307783,7.72467375427836,-2.39768568288776e-05
109.148524392336,660.075700822173,7.7161966667323,-2.35474654057056e-05
109.248524392336,659.36072640757,7.70783871144341,-2.32165424691533e-05
109.348524392336,658.649203938411,7.69952110893511,-2.31044514119515e-05
109.448524392336,657.939215452244,7.69122143848283,-2.30546401452134e-05
109.548524392336,657.228387153668,7.6829119507358,-2.30819104084027e-05
109.648524392336,656.508455526312,7.67449604629278,-2.33775123417233e-05
109.748524392336,655.782390331689,7.66600844126869,-2.35766806224937e-05
109.848524392336,655.065175231442,7.65762429266428,-2.3289301678909e-05
109.948524392336,654.350768690346,7.64927297574073,-2.31981025654142e-05
110.048524392336,653.646511498272,7.64104030334992,-2.28685344189058e-05
110.148524392336,652.949042176309,7.63288698025292,-2.26481197138912e-05
110.248524392336,652.260165339664,7.62483410216018,-2.23691058131843e-05
110.348524392336,651.571794954297,7.61678714441512,-2.23526604029288e-05
110.448524392336,650.889988777745,7.60881692139326,-2.21395083940548e-05
110.548524392336,650.214543744604,7.60092105928716,-2.19329502947296e-05
110.648524392336,649.541204131858,7.59304980926389,-2.18645833979646e-05
110.748524392336,648.873601346158,7.58524562198158,-2.1678298006427e-05
110.848524392336,648.208227451073,7.57746749013247,-2.16059218030725e-05
110.948524392336,647.547412362555,7.56974265012246,-2.14578889166969e-05
111.048524392336,646.889869293674,7.56205605958442,-2.13516403834434e-05
111.148524392336,646.224812087293,7.55428162978391,-2.15956383347565e-05
111.248524392336,645.564112470125,7.54655813961854,-2.14541393482496e-05
111.348524392336,644.910171181569,7.53891365341081,-2.12346839103633e-05
111.448524392336,644.26063681391,7.53132068351899,-2.10915830328375e-05
111.548524392336,643.615346967656,7.52377733151477,-2.09537555672798e-05
111.648524392336,642.981829000928,7.51637159120787,-2.05715008524914e-05
111.748524392336,642.352950942671,7.50902009081048,-2.04208344372047e-05
111.848524392336,641.730854536544,7.50174786701953,-2.02006216415266e-05
111.948524392336,641.117545993607,7.49457837217402,-1.99152634597503e-05
112.048524392336,640.51296401507,7.4875108896993,-1.96318957631061e-05
112.148524392336,639.915250106845,7.48052369404801,-1.94088768091425e-05
112.248524392336,639.32227839422,7.47359193402908,-1.92548889414727e-05
112.348524392336,638.734526566381,7.46672119376522,-1.90853896218342e-05
112.448524392336,638.15379062752,7.45993246830523,-1.8857570722189e-05
112.548524392336,637.576037534306,7.45317861191193,-1.87607122035916e-05
112.648524392336,637.001070054945,7.44645731897206,-1.86702581663278e-05
112.748524392336,636.430331700712,7.43978546393933,-1.85329306464644e-05
112.848524392336,635.858635308571,7.43310240957159,-1.85640399104048e-05
112.948524392336,635.288116573792,7.42643312186091,-1.85257991963341e-05
113.048524392336,634.717237419313,7.41975962089214,-1.85375026910221e-05
113.148524392336,634.148140017685,7.41310694837592,-1.84796458783875e-05
113.248524392336,633.579458693271,7.40645913974668,-1.8466135081235e-05
113.348524392336,633.015766287825,7.39986965091298,-1.83041356491481e-05
113.448524392336,632.454328934697,7.39330652333929,-1.82309099269092e-05
113.548524392336,631.898993840057,7.38681473035124,-1.80327583001428e-05
113.648524392336,631.342335689164,7.38030747101254,-1.80757203852991e-05
113.748524392336,630.787074387065,7.37381654064942,-1.8030362119778e-05
113.848524392336,630.230702905279,7.36731263243423,-1.80664117088516e-05
113.948524392336,629.673935382394,7.36080409455157,-1.80792718962856e-05
114.048524392336,629.119250332357,7.35431990049799,-1.80116501488231e-05
114.148524392336,628.564840300281,7.34783892136759,-1.80027198066648e-05
114.248524392336,628.012333894736,7.34138019537676,-1.79409055300714e-05
114.348524392336,627.465306194189,7.33498551471467,-1.7763001839156e-05
114.448524392336,626.929809179239,7.32872562622512,-1.7388579137617e-05
114.548524392336,626.393402668689,7.32245510585365,-1.74181121429706e-05
114.648524392336,625.861565533476,7.31623800086877,-1.72697360691093e-05
114.748524392336,625.3330945368,7.31006024559323,-1.71604313209615e-05
114.848524392336,624.807343121859,7.30391428186446,-1.70721214688077e-05
114.948524392336,624.283979552768,7.29779623173433,-1.69945836947938e-05
115.048524392336,623.765541024286,7.29173575467026,-1.68346585113144e-05
115.148524392336,623.249105674101,7.28569869449259,-1.67696116046175e-05
115.248524392336,622.735953672465,7.27970001622036,-1.66629952006647e-05
115.348524392336,622.221675542164,7.27368817365464,-1.66995626825415e-05
115.448524392336,621.713457693449,7.26774717497017,-1.65027741235276e-05
115.548524392336,621.200143072686,7.2617465957021,-1.66682757446437e-05
115.648524392336,620.684734617828,7.25572153979347,-1.67362664128663e-05
115.748524392336,620.17097634943,7.24971577434387,-1.66826818044262e-05
115.848524392336,619.659822018723,7.24374044857763,-1.65981271284477e-05
115.948524392336,619.153952029906,7.23782689606139,-1.642653476733e-05
116.048524392336,618.654592336647,7.23198944802956,-1.62151334217606e-05
116.148524392336,618.16045549921,7.2262130544838,-1.60455376271184e-05
116.248524392336,617.671503328561,7.22049726899942,-1.58771819010407e-05
116.348524392336,617.187881083568,7.21484378963315,-1.57041093507643e-05
116.448524392336,616.712913803976,7.20929148565494,-1.54230666061301e-05
116.548524392336,616.239869197308,7.20376165746608,-1.53606338579353e-05
116.648524392336,615.768064213159,7.19824632029868,-1.5320381020562e-05
116.748524392336,615.297947344995,7.19275071698139,-1.52655647702426e-05
116.848524392336,614.828051977784,7.18725770298062,-1.52583722243676e-05
116.948524392336,614.358826095198,7.18177251516558,-1.52366328195528e-05
117.048524392336,613.890339036137,7.17629596409874,-1.5212641852332e-05
117.148524392336,613.423613686475,7.17084000717916,-1.51554358877151e-05
117.248524392336,612.955719832043,7.16537039059511,-1.51933794001407e-05
117.348524392336,612.492737474071,7.15995818874781,-1.50338940202723e-05
117.448524392336,612.037896232131,7.15464115545818,-1.47695369156339e-05
117.548524392336,611.5799257508,7.14928754177856,-1.4871149110077e-05
117.648524392336,611.121289113226,7.14392614082154,-1.48927804361497e-05
117.748524392336,610.665780183695,7.13860130235327,-1.47912179674294e-05
117.848524392336,610.211195404186,7.13328726707515,-1.47612091058872e-05
117.948524392336,609.757632543875,7.1279851778958,-1.47280254982083e-05
118.048524392336,609.304824223872,7.12269190919173,-1.47035241779486e-05
118.148524392336,608.851463650146,7.11739218471551,-1.47214568784149e-05
118.248524392336,608.398720083619,7.11209967297091,-1.47014215127735e-05
118.348524392336,607.950821740908,7.10686380124475,-1.45440881282042e-05
118.448524392336,607.505671589249,7.10166005550445,-1.44548492786211e-05
118.548524392336,607.063794318665,7.09649456930622,-1.43485727728606e-05
118.648524392336,606.635994339807,7.09149364476563,-1.38914570572026e-05
118.748524392336,606.204307644834,7.08644728503345,-1.40176659227198e-05
118.848524392336,605.773316070587,7.08140905116959,-1.39950940662799e-05
118.948524392336,605.341445345965,7.07636054015541,-1.40236417060364e-05
119.048524392336,604.908988888365,7.07130518200106,-1.4042661539865e-05
119.148524392336,604.476889308301,7.06625399569738,-1.40310730657848e-05
119.248524392336,604.044288425911,7.06119694923655,-1.40473512800882e-05
119.348524392336,603.615102243377,7.05617982016036,-1.39364696560671e-05
119.448524392336,603.184922228175,7.0511510733132,-1.39687412421262e-05
119.548524392336,602.762322569193,7.04621093981649,-1.37225930463997e-05
119.648524392336,602.337949556966,7.0412500760575,-1.37801771083219e-05
119.748524392336,601.949182124382,7.0367054367628,-1.26239980408298e-05
119.848524392336,601.552479793694,7.03206803957043,-1.28816588677011e-05
119.948524392336,601.15422151287,7.02741245352906,-1.2932183448233e-05
120.048524392336,600.7541729827,7.02273593971227,-1.2990316157765e-05
120.148524392336,600.353682868833,7.0180542638411,-1.30046551976848e-05
120.248524392336,599.956423755392,7.01341035793282,-1.28997386341148e-05
120.348524392336,599.561382174277,7.00879237468086,-1.28277312554307e-05
120.448524392336,599.168503094249,7.00419967077741,-1.27575108429266e-05
120.548524392336,598.779371440313,6.99965077378381,-1.26358249822331e-05
120.648524392336,598.392245093003,6.99512531855648,-1.25707089647977e-05
120.748524392336,598.007443589366,6.99062704044077,-1.24952169880883e-05
120.848524392336,597.624274016926,6.98614783938251,-1.24422251618375e-05
120.948524392336,597.244306750929,6.9817060728583,-1.23382403450198e-05
121.048524392336,596.878201386549,6.97742635011016,-1.18881187448281e-05
121.148524392336,596.509327289427,6.97311426124655,-1.19780246211455e-05
121.248524392336,596.142051793714,6.96882085981962,-1.19261150747897e-05
121.348524392336,595.774901785288,6.96452892532229,-1.19220402703645e-05
121.448524392336,595.411308879545,6.96027857287962,-1.18065345629808e-05
121.548524392336,595.050447096039,6.95606014689063,-1.1717849969411e-05
121.648524392336,594.691324863652,6.95186205602161,-1.16613635250726e-05
121.748524392336,594.335544374003,6.94770302967826,-1.15528509537323e-05
121.848524392336,593.981047928099,6.94355901363458,-1.15111556768907e-05
121.948524392336,593.625896826445,6.93940734475273,-1.15324135607131e-05
122.048524392336,593.277515908452,6.93533481841246,-1.13125731674158e-05
122.148524392336,592.926768520977,6.93123462836043,-1.1389416811184e-05
122.248524392336,592.580111733484,6.92718225687512,-1.12565874591947e-05
122.348524392336,592.236473980357,6.9231651774978,-1.11585538258926e-05
122.448524392336,591.918139740387,6.9194438928053,-1.03369019236078e-05
122.548524392336,591.590352861678,6.91561210803009,-1.06438465978116e-05
122.648524392336,591.261769369043,6.91177101094463,-1.06697141262667e-05
122.748524392336,590.934400220592,6.90794410938027,-1.0630282123218e-05
122.848524392336,590.607706806568,6.904125107061,-1.0608339775757e-05
122.948524392336,590.281760942649,6.90031484350248,-1.05840654403452e-05
123.048524392336,589.95773101511,6.89652697698402,-1.0521851440175e-05
123.148524392336,589.635167392044,6.89275625136874,-1.0474237820204e-05
123.248524392336,589.314007758784,6.88900193820653,-1.04286476728104e-05
123.348524392336,588.998344458368,6.88531187644022,-1.02501715730829e-05
123.448524392336,588.685589900599,6.88165581748644,-1.01557193160562e-05
123.548524392336,588.375881140376,6.87803536349864,-1.00568166327867e-05
123.648524392336,588.068568237753,6.87444291676577,-9.97901870242445e-06
123.748524392336,587.764160106624,6.8708844264232,-9.88469539602022e-06
123.848524392336,587.462524011329,6.8673583408088,-9.7946822622236e-06
123.948524392336,587.206958339734,6.86437081228618,-8.29869034059747e-06
124.048524392336,586.933567522597,6.86117491019604,-8.87750580593734e-06
124.148524392336,586.652027880164,6.85788374942799,-9.14211324460314e-06
124.248524392336,586.364178238729,6.85451882561546,-9.34701059034096e-06
124.348524392336,586.074312499475,6.85113033388907,-9.41247701774558e-06
124.448524392336,585.781771524188,6.84771056901123,-9.49934688290869e-06
124.548524392336,585.487383264237,6.84426920962271,-9.55933163477446e-06
124.648524392336,585.192637104105,6.84082366642893,-9.57095331605926e-06
124.748524392336,584.897281200072,6.83737099541049,-9.59075282897341e-06
124.848524392336,584.601622455338,6.83391478422478,-9.60058662699413e-06
124.948524392336,584.309232347806,6.8304967829708,-9.49444792770329e-06
125.048524392336,584.017609311735,6.82708774867963,-9.46953969769136e-06
125.148524392336,583.727850429991,6.82370050610323,-9.40900715666956e-06
125.248524392336,583.439577179233,6.82033063035439,-9.36076596901366e-06
125.348524392336,583.152699962883,6.81697707406106,-9.31543414812043e-06
125.448524392336,582.867121953482,6.81363870532322,-9.27324649401027e-06
125.548524392336,582.583863940222,6.81032745703001,-9.19791192559229e-06
125.648524392336,582.302135459755,6.80703408877058,-9.14824516507489e-06
125.748524392336,582.035204914589,6.80391370639582,-8.66772881878502e-06
125.848524392336,581.762759390862,6.80072885465921,-8.84681037945273e-06
125.948524392336,581.487449217295,6.7975105155491,-8.93983086143492e-06
126.048524392336,581.211461676761,6.79428425810973,-8.96182622047816e-06
126.148524392336,580.937761050965,6.7910847343978,-8.88756586645538e-06
126.248524392336,580.665274730415,6.78789940575179,-8.84813512779806e-06
126.348524392336,580.393333961486,6.78472045453128,-8.83042005697419e-06
126.448524392336,580.121943112865,6.78154793180562,-8.81256312683871e-06
126.548524392336,579.850574035169,6.77837566357918,-8.81185618457295e-06
126.648524392336,579.579125528358,6.77520246683698,-8.81443539497928e-06
126.748524392336,579.309277465044,6.77204797906525,-8.76246603258711e-06
126.848524392336,579.039442185105,6.76889364072945,-8.76205093279229e-06
126.948524392336,578.77139814281,6.76576024172216,-8.70388613135888e-06
127.048524392336,578.504793235317,6.76264366600824,-8.65715476088713e-06
127.148524392336,578.239479148142,6.7595421798112,-8.61523943621221e-06
127.248524392336,577.977529268877,6.75648002075472,-8.50599737910664e-06
127.348524392336,577.717809624792,6.75344393284923,-8.43357751524374e-06
127.448524392336,577.459562450413,6.75042505791768,-8.38576369876624e-06
127.548524392336,577.220890573287,6.74763501559311,-7.75011756826496e-06
127.648524392336,576.975401480168,6.74476528092527,-7.97148518843383e-06
127.748524392336,576.72674888671,6.74185856536155,-8.07420989921899e-06
127.848524392336,576.481761354755,6.73899469387664,-7.95519856919059e-06
127.948524392336,576.238052146622,6.73614576582626,-7.91368902884418e-06
128.048524392336,575.995952277452,6.73331565073313,-7.8614308142429e-06
128.148524392336,575.756350775407,6.73051474121757,-7.78030420987855e-06
128.248524392336,575.518523274184,6.72773456953437,-7.72269912002083e-06
128.348524392336,575.283261390777,6.72498438958032,-7.6393887612378e-06
128.448524392336,575.049983682762,6.72225740437125,-7.57495891407026e-06
128.548524392336,574.817852516773,6.71954382208513,-7.53772857257507e-06
128.648524392336,574.587639811258,6.71685266634539,-7.47543261038435e-06
128.748524392336,574.36071208614,6.71419991158716,-7.36876321730826e-06
128.848524392336,574.136027396898,6.71157337761835,-7.29592769114425e-06
128.948524392336,573.912923584695,6.70896532389071,-7.24459368788703e-06
129.048524392336,573.691343609493,6.70637508361382,-7.19511188024041e-06
129.148524392336,573.470937602232,6.70379856686516,-7.15699096851059e-06
129.248524392336,573.25108002831,6.70122846122888,-7.13918232300424e-06
129.348524392336,573.031926372517,6.69866658430138,-7.11632479859623e-06
129.448524392336,572.813294587149,6.69611080796937,-7.09937870003451e-06
129.548524392336,572.595048504961,6.69355954045595,-7.0868542039409e-06
129.648524392336,572.377200779159,6.6910129296754,-7.07391883485622e-06
129.748524392336,572.181476202536,6.6887249355501,-6.35553923695116e-06
129.848524392336,571.977234741143,6.68633738018086,-6.6320982478975e-06
129.948524392336,571.768864478228,6.68390155967398,-6.76616807466922e-06
130.048524392336,571.557941436967,6.68143589752964,-6.84906151204956e-06
130.148524392336,571.345691628651,6.67895472565587,-6.89214409382037e-06
130.248524392336,571.132517368792,6.67646274706719,-6.92216274633338e-06
130.348524392336,570.919287562347,6.67397011914635,-6.92396644677739e-06
130.448524392336,570.705754424846,6.67147394532602,-6.93381616756603e-06
130.548524392336,570.49190417975,6.66897406456033,-6.94411323802647e-06
130.648524392336,570.277806686882,6.66647129350124,-6.95214183082549e-06
130.748524392336,570.064483039533,6.66397756859278,-6.92701363460829e-06
130.848524392336,569.850486848826,6.66147598174241,-6.94885236213053e-06
130.948524392336,569.63681088666,6.65897813832085,-6.93845394877857e-06
131.048524392336,569.422977707264,6.6564784570509,-6.94355908318683e-06
131.148524392336,569.209295784311,6.65398054394855,-6.9386475065303e-06
131.248524392336,568.995427113574,6.65148044778958,-6.94471155270655e-06
131.348524392336,568.78084308146,6.64897198915178,-6.96794066056196e-06
131.448524392336,568.563319655955,6.64642916939832,-7.0633882040327e-06
131.548524392336,568.352388719755,6.64396341496322,-6.84931787530317e-06
131.648524392336,568.135390721916,6.64142673738891,-7.04632659528755e-06
131.748524392336,567.919923485388,6.63890795420963,-6.99661994245107e-06
131.848524392336,567.705154519733,6.63639733372346,-6.97394579491737e-06
131.948524392336,567.490496771537,6.63388801335451,-6.97033435818198e-06
132.048524392336,567.298914505765,6.63164844228908,-6.22103073730626e-06
132.148524392336,567.096372773501,6.62928075652604,-6.57690489734044e-06
132.248524392336,566.889303123656,6.62686014001201,-6.72393476119388e-06
132.348524392336,566.679349960892,6.6244058156176,-6.81756776225418e-06
132.448524392336,566.468032124932,6.62193553837603,-6.86188122658526e-06
132.548524392336,566.257421045972,6.61947352302927,-6.83893151878331e-06
132.648524392336,566.046648881217,6.61700962461111,-6.84416227265618e-06
132.748524392336,565.834966822309,6.61453508965198,-6.87370821979907e-06
132.848524392336,565.624905407133,6.61207949980134,-6.82108291843476e-06
132.948524392336,565.412864505469,6.6096007700184,-6.88536050818831e-06
133.048524392336,565.211952667049,6.6072521374964,-6.52397922776116e-06
133.148524392336,565.00246092013,6.60480320699152,-6.80258473579555e-06
133.248524392336,564.793195611167,6.60235692351603,-6.79523187633833e-06
133.348524392336,564.585937193873,6.59993410033578,-6.73006438959566e-06
133.448524392336,564.380122794163,6.59752815752797,-6.68317446615009e-06
133.548524392336,564.175449899879,6.59513555876591,-6.64610767236833e-06
133.648524392336,563.971668095994,6.59275337673146,-6.6171723179138e-06
133.748524392336,563.768680247035,6.59038047592392,-6.59139113206718e-06
133.848524392336,563.566100213637,6.58801234242573,-6.578148606087e-06
133.948524392336,563.363945751442,6.585649183798,-6.56432952146178e-06
134.048524392336,563.16200615716,6.58328853694744,-6.55735236267859e-06
134.148524392336,562.960598576089,6.58093410926015,-6.54007690911972e-06
134.248524392336,562.759808851911,6.57858690423733,-6.52001395229465e-06
134.348524392336,562.558856006468,6.57623779234873,-6.52531080165166e-06
134.448524392336,562.357336512541,6.57388205641513,-6.54371092666513e-06
134.548524392336,562.179676567026,6.57180523541159,-5.7689472320591e-06
134.648524392336,561.990836550411,6.56959772087207,-6.13198483199539e-06
134.748524392336,561.796139166329,6.5673217344902,-6.322184394086e-06
134.848524392336,561.597813222443,6.56500333072949,-6.44001044642459e-06
134.948524392336,561.397033167506,6.5626562387388,-6.51969997414002e-06
135.048524392336,561.19579248369,6.56030376205811,-6.53465744636747e-06
135.148524392336,560.993488800566,6.55793885905767,-6.56917500120107e-06
135.248524392336,560.79086537864,6.55557021835341,-6.57955751185761e-06
135.348524392336,560.587944211393,6.55319809704615,-6.58922585348441e-06
135.448524392336,560.384715256696,6.55082237774477,-6.59922028160761e-06
135.548524392336,560.18100821694,6.54844106969298,-6.6147445883059e-06
135.648524392336,559.976382083283,6.54604901755642,-6.644589268237e-06
135.748524392336,559.772009373316,6.54365992790888,-6.63636013203829e-06
135.848524392336,559.566991174,6.5412632925772,-6.65732036578984e-06
135.948524392336,559.361109048579,6.53885655806487,-6.68537364534723e-06
136.048524392336,559.153897347531,6.53643428099128,-6.72854742665451e-06
136.148524392336,558.94512774347,6.53399379223982,-6.7791354207216e-06
136.248524392336,558.734578909152,6.5315325045246,-6.83691032006225e-06
136.348524392336,558.522726377571,6.52905597676272,-6.87924378298607e-06
136.448524392336,558.309115689597,6.52655889638774,-6.93633437493411e-06
136.548524392336,558.09387312993,6.52404273965092,-6.9893242689476e-06
136.648524392336,557.876287647504,6.52149919446037,-7.06540330709497e-06
136.748524392336,557.657804018096,6.51894515005172,-7.09456780181268e-06
136.848524392336,557.438214060423,6.5163781728136,-7.13049232810783e-06
136.948524392336,557.243046088689,6.51409668532501,-6.33746524606602e-06
137.048524392336,557.039531821956,6.51171763076409,-6.60848489146499e-06
137.148524392336,556.827844452043,6.50924303372002,-6.87388067795584e-06
137.248524392336,556.612000984134,6.50671985244621,-7.00883687170991e-06
137.348524392336,556.393048531975,6.50416032756228,-7.10979134423025e-06
137.448524392336,556.172620537694,6.5015835537883,-7.15770492772732e-06
137.548524392336,555.950951505057,6.4989922724419,-7.19800374000998e-06
137.648524392336,555.728301885555,6.49638952816619,-7.22984521029386e-06
137.748524392336,555.506020656761,6.49379109032859,-7.21788288223965e-06
137.848524392336,555.281970023724,6.49117196839203,-7.2753387126708e-06
137.948524392336,555.056577311749,6.48853715773215,-7.31891849966575e-06
138.048524392336,554.829821048817,6.48588640734395,-7.36319552275864e-06
138.148524392336,554.601867142523,6.48322165666502,-7.40208521927634e-06
138.248524392336,554.372649532454,6.48054213345796,-7.44312001960813e-06
138.348524392336,554.143576802796,6.47786430388352,-7.4384154845447e-06
138.448524392336,553.916079227728,6.4752048876556,-7.38726729979238e-06
138.548524392336,553.688924816054,6.47254948296184,-7.37612414931273e-06
138.648524392336,553.461678240153,6.4698930008806,-7.37911689234146e-06
138.748524392336,553.236745239898,6.46726356418926,-7.30399080927147e-06
138.848524392336,553.01159158589,6.46463154808506,-7.31115584500407e-06
138.948524392336,552.788410187717,6.4620225873878,-7.24711304793837e-06
139.048524392336,552.56566492302,6.45941872503255,-7.23295098682547e-06
139.148524392336,552.342750106888,6.4568128806437,-7.23845663567209e-06
139.248524392336,552.150128171224,6.45456115597627,-6.25479074287194e-06
139.348524392336,551.945992124282,6.45217483288786,-6.62867524559047e-06
139.448524392336,551.735799496271,6.44971770917673,-6.82534364202377e-06
139.548524392336,551.522302377812,6.44722195641419,-6.93264656260024e-06
139.648524392336,551.30742190687,6.44471003244613,-6.97756657794814e-06
139.748524392336,551.091615043916,6.44218727907935,-7.00764824107173e-06
139.848524392336,550.875443501095,6.43966026265368,-7.01949007128649e-06
139.948524392336,550.660112688749,6.43714307425484,-6.99218999678029e-06
140.048524392336,550.445426190279,6.43463341779904,-6.97126793278614e-06
140.148524392336,550.231733189717,6.43213537520091,-6.93900721702436e-06
140.248524392336,550.017801771914,6.42963454553712,-6.94674906607013e-06
140.348524392336,549.804588388167,6.42714210959543,-6.92343317137932e-06
140.448524392336,549.591820988947,6.4246548871532,-6.90895122840229e-06
140.548524392336,549.380726791884,6.42218722422043,-6.85461925770626e-06
140.648524392336,549.169685981777,6.41972018537403,-6.85288568442827e-06
140.748524392336,548.961603292434,6.41728772656376,-6.75683002852661e-06
140.848524392336,548.753147883223,6.41485091070807,-6.76893293247485e-06
140.948524392336,548.545993572124,6.41242930451531,-6.7266838687799e-06
141.03423867805,548.375208592423,6.41043285094271,-6.46998842973722e-06
141.131857725669,548.173087856583,6.40807008657156,-6.72331325123872e-06
141.231857725669,547.965208256209,6.40564000184416,-6.75023535386789e-06
141.331857725669,547.757521579736,6.40321217237138,-6.74397075772522e-06
141.431857725669,547.55302788624,6.40082166844258,-6.6402886911298e-06
141.531857725669,547.34784355523,6.3984230910536,-6.66271496937435e-06
141.631857725669,547.169828422143,6.39634211795485,-5.78048082986862e-06
141.731857725669,546.976742726024,6.39408497198972,-6.26984990314393e-06
141.831857725669,546.79158873089,6.39192054654836,-6.01229289265464e-06
141.931857725669,546.594370174297,6.38961508799701,-6.40405153154097e-06
142.031857725669,546.397267156221,6.38731098007547,-6.40029978204778e-06
142.131857725669,546.200263914164,6.38500803852225,-6.39705987006269e-06
142.231857725669,546.003942029421,6.3827130619449,-6.37493493708041e-06
142.331857725669,545.810175568745,6.38044795793315,-6.29195558820016e-06
142.431857725669,545.616557836485,6.37818459253668,-6.2871261012913e-06
142.531857725669,545.423422481889,6.37592686607061,-6.27146240576563e-06
142.631857725669,545.231592193565,6.37368439565472,-6.22908448857174e-06
142.731857725669,545.041594834731,6.37146335193943,-6.16956587581504e-06
142.831857725669,544.853015864964,6.36925888900266,-6.12350815770143e-06
142.931857725669,544.666774707278,6.36708175477645,-6.04759507279708e-06
143.031857725669,544.482272685705,6.36492495081882,-5.99112210452575e-06
143.131857725669,544.298966453948,6.36278212548422,-5.95229259609204e-06
143.231857725669,544.116918165278,6.36065400533608,-5.91144485594669e-06
143.331857725669,543.936031541962,6.35853946490056,-5.87372343200219e-06
143.431857725669,543.755791608802,6.35643248418649,-5.85272420576553e-06
143.531857725669,543.57687053006,6.35434092070419,-5.80989856193805e-06
143.631857725669,543.398638258652,6.3522574092875,-5.78753171303865e-06
143.731857725669,543.220910355208,6.35017979386486,-5.77115395177871e-06
143.831857725669,543.042713522865,6.34809669672609,-5.786380941008e-06
143.931857725669,542.867747144327,6.34605136316029,-5.6814821272332e-06
144.031857725669,542.692786335896,6.34400609470828,-5.68130125556886e-06
144.131857725669,542.51808210945,6.34196382566537,-5.67296956364211e-06
144.231857725669,542.343293250605,6.33992056728104,-5.67571773424624e-06
144.331857725669,542.200353065397,6.3382496156322,-4.64153235789172e-06
144.431857725669,542.041941150743,6.33639780153527,-5.14392804703631e-06
144.531857725669,541.878000696476,6.33448135954963,-5.32344996011365e-06
144.631857725669,541.705463748695,6.33246442570447,-5.60259401433761e-06
144.731857725669,541.547916256871,6.33062271659482,-5.11585863790234e-06
144.831857725669,541.376346338106,6.32861708718953,-5.57119279249303e-06
144.931857725669,541.205657386707,6.32662175617493,-5.54258615165954e-06
145.031857725669,541.030612707416,6.3245755072838,-5.68402469758815e-06
145.131857725669,540.855590428999,6.32252952025588,-5.68329729976673e-06
145.231857725669,540.682058108174,6.32050095063295,-5.63491561926277e-06
145.331857725669,540.508804369783,6.31847563760143,-5.62586953200154e-06
145.431857725669,540.336996482445,6.31646722637534,-5.57892007245101e-06
145.531857725669,540.164794375665,6.31445420677669,-5.59172110735881e-06
145.631857725669,539.993739987516,6.31245460385537,-5.55445255924422e-06
145.731857725669,539.82265070465,6.31045459301945,-5.5555856553186e-06
145.831857725669,539.651626875515,6.30845534732891,-5.55346025150016e-06
145.931857725669,539.480075073156,6.30644992970198,-5.57060451925029e-06
146.031857725669,539.309229379286,6.30445276638886,-5.54767586978772e-06
146.131857725669,539.14050204222,6.30248036638348,-5.4788889038361e-06
146.217572011384,539.000973688225,6.30084929858524,-5.28586786465118e-06
146.291041399139,538.884248619681,6.2994847981443,-5.15899086466948e-06
146.364510786894,538.766216914142,6.29810502329164,-5.21674134108182e-06
146.448184256282,538.626949221716,6.29647700259229,-5.40467576342336e-06
146.548184256282,538.454533127838,6.29446148151308,-5.59866966445708e-06
146.648184256282,538.284083877364,6.29246895257025,-5.53480261899653e-06
146.748184256282,538.116163107336,6.29050598122566,-5.45269817939289e-06
146.848184256282,537.948020305834,6.28854041436286,-5.45990795223814e-06
146.948184256282,537.779641291711,6.28657208620609,-5.4675782132577e-06
147.048184256282,537.618627677614,6.28468985859061,-5.22841004298371e-06
147.148184256282,537.455122795654,6.28277850838698,-5.30930612118828e-06
147.248184256282,537.324682577252,6.28125367967842,-4.23563530156593e-06
147.348184256282,537.182220295472,6.27958831465675,-4.62601394909392e-06
147.448184256282,537.034601447928,6.27786267007091,-4.79345718288466e-06
147.548184256282,536.891655879366,6.27619165549139,-4.6417071653166e-06
147.648184256282,536.740495003453,6.27442460506762,-4.90847339937564e-06
147.748184256282,536.587723784328,6.27263872994706,-4.96076422377121e-06
147.848184256282,536.436736843424,6.27087371280028,-4.90282540773115e-06
147.948184256282,536.282780430208,6.2690739829193,-4.99924966938763e-06
148.048184256282,536.136574693734,6.26736485741288,-4.74757085115728e-06
148.148184256282,535.985756769211,6.26560181604499,-4.89733713302709e-06
148.248184256282,535.835219235758,6.26384205241121,-4.88823231605612e-06
148.348184256282,535.685668099015,6.26209381962306,-4.85620218930039e-06
148.448184256282,535.541127596991,6.26040416048467,-4.69349760665701e-06
148.548184256282,535.397532545537,6.25872555353699,-4.66279707688294e-06
148.648184256282,535.254847922433,6.25705758937498,-4.63323378335243e-06
148.748184256282,535.114844511266,6.25542096822193,-4.54616986957923e-06
148.848184256282,534.975211039772,6.25378867161418,-4.53415724375336e-06
148.948184256282,534.836083415992,6.25216228829856,-4.51773143227218e-06
149.048184256282,534.698510005924,6.2505540735334,-4.4672632365779e-06
149.148184256282,534.564199403248,6.24898400055027,-4.36131384202191e-06
149.248184256282,534.430863592482,6.24742532275421,-4.32966054460355e-06
149.348184256282,534.298761761443,6.24588107001613,-4.28959093910348e-06
149.448184256282,534.167220128365,6.24434336591731,-4.27140027452735e-06
149.548184256282,534.036470909809,6.24281492503826,-4.24566910845056e-06
149.648184256282,533.906104892467,6.24129096373017,-4.23322585582285e-06
149.748184256282,533.776475502947,6.23977561350279,-4.20930618716699e-06
149.848184256282,533.64978540715,6.23829462322595,-4.11386188009772e-06
149.948184256282,533.524507538074,6.23683014169061,-4.0680042648298e-06
150.048184256282,533.399834274021,6.23537272790713,-4.04837162078463e-06
150.148184256282,533.27597787186,6.23392486312993,-4.02184660333763e-06
150.248184256282,533.152592413882,6.23248250362724,-4.00655417414341e-06
150.348184256282,533.029853438261,6.23104770141685,-3.98556169552786e-06
150.448184256282,532.909691613808,6.22964302575896,-3.90187682747752e-06
150.548184256282,532.791182928951,6.22825767508185,-3.84819632528646e-06
150.648184256282,532.67587994601,6.22690979863143,-3.74410125117352e-06
150.748184256282,532.561461234052,6.22557225919055,-3.715387335784e-06
150.848184256282,532.448205857128,6.22424831898062,-3.67761169423533e-06
150.948184256282,532.362613283686,6.2232477532439,-2.77934926868604e-06
151.048184256282,532.263811188027,6.22209276995904,-3.20828690237001e-06
151.148184256282,532.16024735053,6.22088212254891,-3.36290947257708e-06
151.248184256282,532.053061939602,6.21962913942971,-3.48050866445199e-06
151.348184256282,531.944255150876,6.21835720262088,-3.53315780229636e-06
151.448184256282,531.835186075731,6.2170821997189,-3.54167472772568e-06
151.548184256282,531.726195991314,6.21580812020796,-3.53910975261702e-06
151.648184256282,531.617091420995,6.21453270237215,-3.54282732170647e-06
151.748184256282,531.510160951079,6.21328269947927,-3.47223025797275e-06
151.848184256282,531.402017096293,6.21201851227955,-3.51163111033813e-06
151.948184256282,531.293508203403,6.21075005783321,-3.5234845731598e-06
152.048184256282,531.188205749668,6.20951908623178,-3.4193655595455e-06
152.148184256282,531.082390754467,6.20828212308915,-3.4360087295151e-06
152.248184256282,530.979181163644,6.20707561677527,-3.35140642743495e-06
152.348184256282,530.87449843627,6.20585188969212,-3.39924189765198e-06
152.448184256282,530.77156876777,6.20464865563275,-3.34231683158374e-06
152.548184256282,530.668600053936,6.20344496513866,-3.34358470580291e-06
152.648184256282,530.56636931858,6.20224990151427,-3.31962117886111e-06
152.748184256282,530.465740576339,6.20107356497517,-3.26760149750719e-06
152.848184256282,530.365192157913,6.19989816741071,-3.2649932346119e-06
152.948184256282,530.266407384554,6.19874338662122,-3.20772441524867e-06
153.048184256282,530.167661117511,6.19758905596541,-3.20647404390587e-06
153.148184256282,530.069200286221,6.19643806201539,-3.19720541674071e-06
153.248184256282,529.975041520508,6.19533735863662,-3.05750938545757e-06
153.348184256282,529.880132206793,6.19422788145209,-3.08188106815324e-06
153.448184256282,529.78512571406,6.19311726825783,-3.08503665071379e-06
153.548184256282,529.68939999641,6.19199824742047,-3.10839121488369e-06
153.648184256282,529.593358405776,6.19087553407018,-3.11864819526469e-06
153.748184256282,529.496856986636,6.18974744538615,-3.1335796778537e-06
153.848184256282,529.40100052229,6.1886268961374,-3.11263680208695e-06
153.948184256282,529.305672041879,6.18751251895024,-3.09549218653932e-06
154.048184256282,529.213410149698,6.18643398976938,-2.99591439127459e-06
154.148184256282,529.121830538828,6.18536343636581,-2.97375945438813e-06
154.248184256282,529.029381301194,6.18428271714165,-3.0019978448718e-06
154.348184256282,528.938827797523,6.183224158794,-2.9404398545939e-06
154.448184256282,528.85231302095,6.182212812626,-2.8092949111129e-06
154.548184256282,528.766090921343,6.18120488781259,-2.79979114834228e-06
154.648184256282,528.681443080023,6.18021536586802,-2.74867206825239e-06
154.748184256282,528.598992454033,6.17925152907682,-2.67732442000285e-06
154.848184256282,528.51239908055,6.17823926412145,-2.81184709824798e-06
154.948184256282,528.424648092066,6.17721346680155,-2.84943699974462e-06
155.048184256282,528.338616189399,6.17620776536492,-2.79361510173254e-06
155.148184256282,528.250922739134,6.17518264065909,-2.8475686272973e-06
155.248184256282,528.163228501407,6.17415750674794,-2.84759419763964e-06
155.348184256282,528.079131612778,6.17317442536665,-2.73078161469886e-06
155.448184256282,527.994333943029,6.17218315194778,-2.75353727463013e-06
155.548184256282,527.91039981386,6.17120197320282,-2.72549651380229e-06
155.648184256282,527.826373454328,6.17021971629724,-2.72849140437083e-06
155.748184256282,527.746841098891,6.16928999369851,-2.582562774245e-06
155.848184256282,527.666294355561,6.16834841304099,-2.61550182644086e-06
155.948184256282,527.585691609706,6.16740617772144,-2.6173203321059e-06
156.048184256282,527.504339402338,6.16645518129702,-2.6416567344921e-06
156.148184256282,527.421992178589,6.16549255326418,-2.67396675789391e-06
156.248184256282,527.368620239416,6.164868642433,-1.73308564215863e-06
156.348184256282,527.306607345318,6.16414371999435,-2.013673440694e-06
156.448184256282,527.238186489029,6.16334388933466,-2.22175183246591e-06
156.548184256282,527.162996877052,6.16246493282621,-2.44154585681487e-06
156.648184256282,527.095644952709,6.16167759783801,-2.18704163389172e-06
156.748184256282,527.019749213404,6.16079038679553,-2.46447511798787e-06
156.848184256282,526.942849387285,6.15989143811248,-2.49707967516031e-06
156.948184256282,526.867057328327,6.15900543907938,-2.46110842526263e-06
157.048184256282,526.789631396219,6.15810034028767,-2.51416331030662e-06
157.148184256282,526.712314792311,6.15719651952799,-2.51061322133063e-06
157.248184256282,526.635587038265,6.15629958234447,-2.49149217646046e-06
157.348184256282,526.559310074313,6.15540791483684,-2.47685418784875e-06
157.448184256282,526.482550568379,6.15451060647798,-2.49252321906594e-06
157.548184256282,526.404424165836,6.15359731928057,-2.53690888169817e-06
157.648184256282,526.326975338824,6.15269195285049,-2.51490675022227e-06
157.748184256282,526.249267138418,6.15178355438012,-2.52332908434532e-06
157.848184256282,526.171606786307,6.15087571524993,-2.52177536163011e-06
157.948184256282,526.097276628959,6.15000680565115,-2.41363777441239e-06
158.048184256282,526.022193184499,6.14912909022677,-2.43809840103815e-06
158.148184256282,525.946986615705,6.14824993549539,-2.44209647604829e-06
158.248184256282,525.878174512441,6.1474455312109,-2.23445634582025e-06
158.348184256282,525.809609386149,6.14664401405417,-2.22643654645704e-06
158.448184256282,525.738752519338,6.14581570675726,-2.30085360251961e-06
158.548184256282,525.665755454921,6.14496238083656,-2.37034977972502e-06
158.648184256282,525.592596979908,6.14410716804758,-2.37559108050866e-06
158.748184256282,525.520081271405,6.14325946911314,-2.35471926233688e-06
158.848184256282,525.447400690696,6.14240984284466,-2.36007296800071e-06
158.948184256282,525.375440211227,6.14156863446338,-2.33668994800634e-06
159.048184256282,525.310494560686,6.14080942849413,-2.10890547013451e-06
159.148184256282,525.242597233367,6.14001571781808,-2.20475187790831e-06
159.248184256282,525.172267477765,6.13919357238071,-2.28373732601506e-06
159.348184256282,525.100222613871,6.13835137755678,-2.33943006648414e-06
159.448184256282,525.028895528883,6.13751757347227,-2.31612245697446e-06
159.548184256282,524.958933403655,6.13669972558481,-2.27179968738646e-06
159.648184256282,524.889686532545,6.13589023892233,-2.24857406244612e-06
159.748184256282,524.821074454694,6.13508817290816,-2.22796115048307e-06
159.848184256282,524.751188451371,6.13427121487559,-2.26932786823984e-06
159.948184256282,524.680380590482,6.13344348045136,-2.29926228953343e-06
160.048184256282,524.609200772475,6.13261139789816,-2.31134042554813e-06
160.148184256282,524.542464140658,6.13183125559731,-2.16706194680892e-06
160.248184256282,524.478293630427,6.13108111091461,-2.08373522970652e-06
160.348184256282,524.414207817988,6.13033195633778,-2.08098493565981e-06
160.448184256282,524.350311169978,6.12958501306782,-2.07484241654066e-06
160.548184256282,524.281619427702,6.12878201578718,-2.23054800180137e-06
160.648184256282,524.215423833115,6.12800819813919,-2.14949346662489e-06
160.748184256282,524.148311487223,6.12722366379104,-2.17926207818805e-06
160.848184256282,524.08463472635,6.12647929097232,-2.06770227423107e-06
160.948184256282,524.022655723726,6.12575476472047,-2.01257292182097e-06
161.048184256282,523.962577007106,6.12505245255786,-1.9508671183356e-06
161.148184256282,523.904516706833,6.12437373541242,-1.88532540400324e-06
161.248184256282,523.845739244807,6.123686634742,-1.90861297338314e-06
161.348184256282,523.787780351416,6.12300910302945,-1.88203253486686e-06
161.448184256282,523.729321505197,6.1223257269352,-1.89826692846492e-06
161.548184256282,523.669031400472,6.12162094367392,-1.95773128134e-06
161.648184256282,523.612681450797,6.12096222029824,-1.82978715468382e-06
161.748184256282,523.554748828194,6.12028499568769,-1.88117947374593e-06
161.848184256282,523.496916258833,6.11960894068616,-1.87793055980167e-06
161.948184256282,523.437914456106,6.11891921750294,-1.91589773116107e-06
162.048184256282,523.380578418193,6.11824896688763,-1.86180726476111e-06
162.148184256282,523.321296607919,6.11755597045364,-1.92499009441154e-06
162.248184256282,523.259616263761,6.11683493547931,-2.00287492867822e-06
162.348184256282,523.198161341437,6.11611653565608,-1.99555506452374e-06
162.448184256282,523.134933546898,6.11537741119375,-2.0531235064881e-06
162.548184256282,523.071784056149,6.11463920209226,-2.05058083746514e-06
162.648184256282,523.009227770058,6.11390792747387,-2.03131838439934e-06
162.748184256282,522.944129363075,6.11314693580224,-2.1138657545236e-06
162.848184256282,522.875921353034,6.11234959328673,-2.21484032086552e-06
162.948184256282,522.809042810425,6.1115677920677,-2.171670052876e-06
163.048184256282,522.745425809936,6.11082411783987,-2.06576174397676e-06
163.148184256282,522.685048780446,6.11011831843971,-1.96055388932737e-06
163.248184256282,522.628031263426,6.10945179129105,-1.85146430183682e-06
163.348184256282,522.570149338018,6.10877515932392,-1.87953324202614e-06
163.448184256282,522.509038247568,6.10806077884931,-1.98439020725273e-06
163.548184256282,522.451032797764,6.10738270289852,-1.88354430775771e-06
163.648184256282,522.426622716032,6.10709735230758,-7.92640530381682e-07
163.748184256282,522.387214689487,6.10663667774754,-1.27965155566689e-06
163.848184256282,522.348679732894,6.10618620925847,-1.25130135851581e-06
163.948184256282,522.290569494283,6.10550690834054,-1.88694699424741e-06
164.048184256282,522.234560439239,6.10485216997751,-1.81871767510649e-06
164.148184256282,522.175893506668,6.10416636138163,-1.90502387743693e-06
164.248184256282,522.117185948003,6.10348007787215,-1.90634308187545e-06
164.348184256282,522.071511039127,6.10294614429578,-1.48314882326822e-06
164.448184256282,522.032837142301,6.10249405161396,-1.25581300503509e-06
164.548184256282,521.991484831609,6.10201064863227,-1.34278606025419e-06
164.648184256282,521.944829446293,6.10146525341743,-1.51498670789645e-06
164.748184256282,521.896226987068,6.10089709716899,-1.57821180120931e-06
164.848184256282,521.852901032441,6.10039062255364,-1.40687393152227e-06
164.948184256282,521.804922277392,6.0998297573236,-1.55795897233717e-06
165.048184256282,521.75720139129,6.09927190654706,-1.54958549038181e-06
165.148184256282,521.710162910351,6.09872203299564,-1.52742653174893e-06
165.248184256282,521.665607039621,6.09820118082553,-1.44681158363281e-06
165.348184256282,521.624790959297,6.09772404630511,-1.32537366781462e-06
165.448184256282,521.581888627005,6.0972225237782,-1.39311813030244e-06
165.548184256282,521.536337952341,6.09669004248315,-1.47911470849118e-06
165.648184256282,521.484823819914,6.09608784916437,-1.67275921882995e-06
165.748184256282,521.428717740522,6.09543197659968,-1.82186823525305e-06
165.848184256282,521.3701668439,6.09474752444854,-1.90125597539418e-06
165.948184256282,521.312946368585,6.09407862474454,-1.8580547333294e-06
166.048184256282,521.258952343567,6.09344744181302,-1.75328592088214e-06
166.148184256282,521.206921357451,6.09283920654374,-1.68954241465893e-06
166.248184256282,521.156840890869,6.09225377258696,-1.62620543549757e-06
166.348184256282,521.108901863548,6.09169337176874,-1.55666893949591e-06
166.448184256282,521.057378308384,6.09109106829943,-1.67306519254309e-06
166.548184256282,521.002789887026,6.0904529369542,-1.77258707008894e-06
166.648184256282,520.945363151873,6.08978162610027,-1.86475237200904e-06
166.748184256282,520.892536840367,6.08916409358356,-1.71536810199199e-06
166.848184256282,520.838208088006,6.08852899773417,-1.76415513719023e-06
166.948184256282,520.793306761489,6.08800410723211,-1.45802917238669e-06
167.048184256282,520.744635189714,6.0874351430672,-1.58045601363964e-06
167.148184256282,520.694758000485,6.08685208539548,-1.61960464365592e-06
167.248184256282,520.649035289761,6.08631759302189,-1.48470103774718e-06
167.348184256282,520.59393678687,6.08567349889175,-1.78915036151387e-06
167.448184256282,520.546411206691,6.08511793121533,-1.54324354559256e-06
167.548184256282,520.508554628286,6.08467539287657,-1.22927316323319e-06
167.648184256282,520.47870796323,6.08432648935364,-9.69176452570536e-07
167.748184256282,520.451707836078,6.08401086147812,-8.76744098670857e-07
167.848184256282,520.420501600722,6.08364606476021,-1.01332421642755e-06
167.948184256282,520.389073610901,6.08327867576225,-1.02052499432017e-06
168.048184256282,520.348447216099,6.08280375864022,-1.31921422785068e-06
168.148184256282,520.306410749761,6.08231235797052,-1.36500186029195e-06
168.248184256282,520.265477862994,6.08183385799842,-1.32916658916072e-06
168.348184256282,520.256052349523,6.08172367500647,-3.06063866521055e-07
168.448184256282,520.224205263295,6.08135138682757,-1.03413383029074e-06
168.548184256282,520.19848619651,6.08105073437642,-8.35145697648646e-07
168.648184256282,520.159665049463,6.08059692035922,-1.26059449220676e-06
168.748184256282,520.112488206054,6.08004542936902,-1.53191941723745e-06
168.848184256282,520.058348744453,6.07941254630329,-1.75800851589824e-06
168.948184256282,520.0198723762,6.07896276270409,-1.2493988866793e-06
169.048184256282,519.981310107328,6.07851197493814,-1.25218823874704e-06
169.148184256282,519.933874902011,6.07795746373178,-1.54030890656502e-06
169.248184256282,519.885214029615,6.07738862464117,-1.58010858500965e-06
169.348184256282,519.838887625122,6.07684707516817,-1.50430409168597e-06
169.448184256282,519.77957848999,6.07615375931024,-1.92587738313816e-06
169.548184256282,519.732728476547,6.07560608891862,-1.52130664337013e-06
169.648184256282,519.703348484073,6.07526264073575,-9.54022730187919e-07
169.748184256282,519.674303197026,6.07492310521458,-9.43154225475717e-07
169.848184256282,519.632140336061,6.07443022700859,-1.36910612775702e-06
169.948184256282,519.581569731409,6.07383906340332,-1.64212112573999e-06
170.048184256282,519.539122010159,6.0733428552187,-1.37835606839966e-06
170.148184256282,519.49872266594,6.07287059228762,-1.31184147521691e-06
170.248184256282,519.462402984674,6.07244602007087,-1.17936726876579e-06
170.348184256282,519.44484834288,6.07224080865599,-5.70031707986862e-07
170.448184256282,519.450574659778,6.07230774853471,1.85944107563237e-07
170.548184256282,519.45029962172,6.0723045333766,-8.93099477246351e-09
170.614850922948,519.455142162894,6.0723611420353,2.35869411252046e-07
170.681517589615,519.448835648844,6.07228741972946,-3.07176274301062e-07
170.738660446758,519.443046440273,6.07221974465549,-3.28976054027419e-07
170.795803303901,519.426555487311,6.0720269676208,-9.3711058530172e-07
170.838660446758,519.419213696393,6.07194114306683,-5.56270257245227e-07
170.881517589615,519.409649516725,6.07182933908558,-7.24655433984723e-07
170.924374732472,519.395606896195,6.07166518272959,-1.06397638141832e-06
170.973184256282,519.383819557652,6.07152739031841,-7.84184453861174e-07
171.021993780091,519.373264543206,6.07140400361113,-7.02200773179571e-07
171.070803303901,519.361759356815,6.07126950952088,-7.65413521741151e-07
171.11961282771,519.354122025331,6.07118023013722,-5.08094053351017e-07
171.161449562404,519.349857986944,6.07113038409873,-3.30956082126343e-07
171.209096954694,519.344066471527,6.07106268205803,-3.94693634063777e-07
171.263362040358,519.346223559685,6.07108789813012,1.2907865865523e-07
171.325163943475,519.35126782885,6.07114686496206,2.65035131828357e-07
171.37813700329,519.358476384516,6.07123113201375,4.41875822165508e-07
171.431110063105,519.367006885107,6.07133085242483,5.22909461624905e-07
171.491440492338,519.360515927096,6.07125497399375,-3.4936502582308e-07
171.543152288824,519.344539065144,6.07106820661421,-1.0032493778183e-06
171.59486408531,519.316744245489,6.07074328888962,-1.74534496249845e-06
171.639188482298,519.287551079364,6.07040202468179,-2.13867801316233e-06
171.672431780039,519.268104786077,6.07017470011394,-1.89950208264539e-06
171.700926035245,519.250979668725,6.06997450978234,-1.95156620313297e-06
171.729420290452,519.233276541863,6.06976756259686,-2.01743575616637e-06
171.757914545658,519.214476527202,6.06954779293971,-2.14243631016782e-06
171.786408800865,519.190694162678,6.06926978027898,-2.71022135979184e-06
171.814903056071,519.163974131597,6.06895742668909,-3.04499575279185e-06
171.843397311278,519.137249549556,6.06864501989906,-3.04551437708287e-06
171.867820958598,519.119199658211,6.06843401908316,-2.39977825519185e-06
171.888755513443,519.103819926975,6.06825423208183,-2.3855694123937e-06
171.906699417596,519.091950308968,6.06811547783472,-2.14796323533586e-06
171.92464332175,519.077724029717,6.06794917453285,-2.57443203197658e-06
171.945079434813,519.060061842445,6.06774270592571,-2.80642364299829e-06
171.968353896914,519.037252877112,6.06747607217135,-3.1822403219214e-06
171.994860923194,519.008688385187,6.06714215708085,-3.49923038609712e-06
172.025049480903,518.974366904961,6.06674094356702,-3.6917364307468e-06
172.055238038611,518.942801451661,6.06637194763938,-3.39528869775317e-06
172.081113945219,518.918761720293,6.06609092639466,-3.01676219700006e-06
172.103293293739,518.899265550015,6.06586301877146,-2.85435223913534e-06
172.12547264226,518.877862303214,6.06561281767873,-3.13355928691864e-06
172.150732455853,518.854318514208,6.0653375939339,-3.02658766460008e-06
172.175992269446,518.830498595293,6.06505914226737,-3.06208455829557e-06
172.204760390482,518.805552822483,6.06476752951937,-2.81573972132488e-06
172.229418779942,518.784764996089,6.0645245226089,-2.73748290349679e-06
172.254077169402,518.765967900163,6.06430478707137,-2.47532992429629e-06
172.282160335175,518.743866211908,6.06404642129147,-2.55556203220346e-06
172.310243500949,518.719245867774,6.06375861276117,-2.84678780933399e-06
172.338326666722,518.698545484174,6.06351662804526,-2.39353273711753e-06
172.362397951671,518.679720529904,6.06329656684742,-2.53946187923869e-06
172.389812470641,518.655853538776,6.06301756491301,-2.82698877273783e-06
172.41722698961,518.636159274411,6.06278734159642,-2.33273913530645e-06
172.440725148727,518.619478780103,6.06259234884875,-2.30505938194539e-06
172.467486941054,518.597701253812,6.06233777247884,-2.64241114506014e-06
172.494248733381,518.577589356677,6.06210266709102,-2.44030935497414e-06
172.521010525709,518.558374518173,6.06187804819862,-2.3314633046196e-06
172.551489233637,518.5327976037,6.06157905748899,-2.72495064731084e-06
172.577613840433,518.511259088772,6.06132727512995,-2.67715203230368e-06
172.603738447229,518.491133314927,6.06109200752525,-2.50155391539181e-06
172.629863054024,518.470668146738,6.06085277244604,-2.54373928714921e-06
172.659616078431,518.450199840054,6.06061350067826,-2.2338697079197e-06
172.685118670779,518.434359179018,6.06042832546921,-2.01695409496423e-06
172.710621263127,518.419128168931,6.06025027699823,-1.9393286741756e-06
172.73966588219,518.400476724935,6.06003224411229,-2.08522929517668e-06
172.761449346488,518.386448635242,6.05986825761984,-2.0911184206958e-06
172.786258291938,518.369179497117,6.05966638370466,-2.26031725783176e-06
172.814512924255,518.35100004768,6.05945386837198,-2.08928703056947e-06
172.842767556573,518.332174772867,6.05923380342703,-2.16350900224129e-06
172.871022188891,518.316881526739,6.05905502742506,-1.75758792364286e-06
172.89221316313,518.306487166084,6.0589335187391,-1.59277305452777e-06
172.916347328234,518.292760826716,6.0587730596676,-1.84684094575082e-06
172.943833460715,518.278729907495,6.05860904009835,-1.65759920901252e-06
172.971319593195,518.264773028626,6.0584458860509,-1.64885215360031e-06
172.994879135322,518.25332377732,6.05831204583431,-1.5780373719882e-06
173.021710836076,518.240903816579,6.05816685815424,-1.50306950342151e-06
173.052269161936,518.223794322868,6.05796685046092,-1.81808692155512e-06
173.082827487796,518.211539090605,6.05782358843472,-1.30226398721996e-06
173.11763002558,518.201957716865,6.05771158345709,-8.93971985065614e-07
173.152432563365,518.195004624843,6.05763030274123,-6.48745122177992e-07
173.18723510115,518.192498633343,6.05760100803573,-2.33816805111432e-07
173.210436793006,518.187315353171,6.05754041618371,-7.25424253975418e-07
173.233638484862,518.187432445529,6.05754178497772,1.63876221446495e-08
173.253525649311,518.184116605178,6.05750302324746,-5.41411890176485e-07
173.276174919932,518.180526851156,6.05746105950303,-5.14656558729703e-07
173.301969922585,518.172798783653,6.05737071942743,-9.7284213463098e-07
173.331347564495,518.160501100883,6.05722696116049,-1.3592939845232e-06
173.360725206405,518.151821967455,6.05712550325144,-9.59326572266901e-07
173.390102848314,518.14606150378,6.05705816420146,-6.36718621543717e-07
173.423560718267,518.136128344416,6.05694204689691,-9.64042446988416e-07
173.45701858822,518.130608364218,6.05687751906661,-5.35730377609063e-07
173.490476458173,518.124663575081,6.05680802527663,-5.76959339520127e-07
173.528581254508,518.112648659906,6.05666757252507,-1.02387775198645e-06
173.56124250851,518.106210864415,6.05659231555674,-6.40046258574418e-07
173.589237869082,518.09790847588,6.0564952617451,-9.62994995328686e-07
173.621121474179,518.089571912998,6.0563978084399,-8.4903706694082e-07
173.653005079276,518.080751460553,6.05629469853044,-8.98318788920959e-07
173.689316962858,518.06813503392,6.05614721419036,-1.12822217417382e-06
173.725628846441,518.055791617021,6.05600292129757,-1.10380831713393e-06
173.766984047188,518.039576585544,6.05581336974814,-1.27319435583703e-06
173.808339247934,518.031086456095,6.05571412127032,-6.66639772484634e-07
173.84378656286,518.028850877575,6.05568798765639,-2.04792301386614e-07
173.879233877786,518.02436108765,6.05563550261263,-4.1129148583183e-07
173.914681192711,518.016093325615,6.05553885358013,-7.57376222330311e-07
173.950128507637,518.008292393022,6.05544766172139,-7.14611866294732e-07
173.985575822563,517.997285598981,6.05531899377105,-1.00828786016251e-06
174.021023137488,517.983358954242,6.05515619315654,-1.27576356669557e-06
174.056470452414,517.969998391202,6.05500000996139,-1.22390711298364e-06
174.096841005524,517.949937323439,6.05476549876213,-1.61360186514557e-06
174.131444336761,517.939882069821,6.05464795419209,-9.43587460776516e-07
174.166047667998,517.932262219036,6.05455887915546,-7.1504866281522e-07
174.200650999235,517.926532359255,6.05449189786091,-5.37691444371146e-07
174.230310997438,517.918047822856,6.05439271476509,-9.28889467964396e-07
174.264090439836,517.903889300705,6.05422720353465,-1.36104501807948e-06
174.302561471456,517.89141912141,6.0540814288064,-1.05255768724876e-06
174.341032503076,517.87975744658,6.05394510538722,-9.84315076678378e-07
174.384846733532,517.870244003057,6.05383389450474,-7.05065716790266e-07
174.428660963988,517.853047824307,6.05363287347489,-1.27445294316084e-06
174.466216018665,517.846201537396,6.0535528412965,-5.91961877167479e-07
174.498406065531,517.838688499109,6.05346501488368,-7.57881027202738e-07
174.535066952239,517.825301874875,6.05330852703666,-1.18570090080857e-06
174.576819628768,517.81075462629,6.05313847164619,-1.13136719344334e-06
174.624371288148,517.795120366845,6.05295570924415,-1.06762486450498e-06
174.671922947527,517.780268684255,6.05278209506088,-1.0141846288397e-06
174.71268151271,517.773631061956,6.05270450214388,-5.28811256170611e-07
174.753440077893,517.769006577046,6.05265044253374,-3.6842706077498e-07
174.794198643076,517.764426892301,6.05259690663155,-3.64857886366807e-07
174.834957208259,517.764443399575,6.05259709959938,1.31511439180527e-09
174.869893121273,517.760595848815,6.05255212224554,-3.57617944425719e-07
174.909681244427,517.756230668829,6.05250109387529,-3.56250714230594e-07
174.949469367582,517.751658107591,6.05244764124594,-3.73175496154668e-07
174.994783618952,517.739209257341,6.05230211585138,-8.92075218891375e-07
175.033624405842,517.736526844084,6.05227075879913,-2.24256329222058e-07
175.077859746465,517.730056412547,6.0521951203198,-4.74975176103564e-07
175.128238884398,517.729016500071,6.05218296388202,-6.70275119662697e-08
175.171421002626,517.72550053225,6.0521418626884,-2.64391806047923e-07
175.214603120853,517.727054619615,6.05216002976186,1.16863403213796e-07
175.263782755502,517.723635709525,6.05212006316015,-2.25740469408375e-07
175.31296239015,517.72222298294,6.0521035485753,-9.32781365994263e-08
175.362142024799,517.717643081543,6.05205001014047,-3.0239727400502e-07
175.418152164259,517.716395268048,6.05203542336759,-7.23419258103043e-08
175.466160855225,517.720657410721,6.05208524724543,2.88280429796527e-07
175.514169546192,517.714691657731,6.05201550839082,-4.03508274606662e-07
175.568846110903,517.717379740371,6.05204693171738,1.59642469642186e-07
175.623522675615,517.71616454579,6.05203272625525,-7.21691591977822e-08
175.678199240327,517.714041234784,6.05200790503355,-1.26101261905329e-07
175.732875805038,517.710355731583,6.05196482199402,-2.18878253287766e-07
175.78755236975,517.699462440827,6.0518374808819,-6.46941360147776e-07
175.849822901783,517.694217791888,6.0517761716372,-2.7348964581736e-07
175.912093433815,517.68345331765,6.05165033637296,-5.6132875257803e-07
175.974363965848,517.684153409992,6.05165852035881,3.65073065729273e-08
176.03663449788,517.689297368682,6.05171865254797,2.68239010200389e-07
176.098905029913,517.675851043647,6.05156146680657,-7.0117766010911e-07
176.16982424695,517.681029081343,6.05162199737473,2.37087314496343e-07
176.250593355243,517.687323175408,6.05169557449261,2.53043381707646e-07
176.342580395242,517.676382836271,6.05156768339122,-3.86199033521422e-07
176.421426429528,517.653333425081,6.05129823885694,-9.49264026309427e-07
176.511223301908,517.637521287088,6.05111339707845,-5.71789830857882e-07
176.601020174289,517.615289860818,6.0508535146785,-8.03920600217889e-07
176.677988922044,517.597458179533,6.05064506470902,-7.52289351065758e-07
176.743962134405,517.5757562467,6.05039137201653,-1.06816372637747e-06
176.793442043676,517.560834298594,6.05021693643877,-9.79272756740652e-07
176.83585339448,517.549431007779,6.05008363349418,-8.73082206046831e-07
176.872205980883,517.538317629066,6.04995371958328,-9.92699585998888e-07
176.91360753762,517.528337748245,6.04983705611115,-7.82736751699078e-07
176.949094586251,517.524982219956,6.04979783043421,-3.07042196871448e-07
176.984581634883,517.52071702432,6.04974797086764,-3.90279838342566e-07
177.029926197023,517.503911153295,6.0495515124829,-1.20349102429269e-06
177.068792964572,517.485098143818,6.04933159091809,-1.57176239271902e-06
177.113057894281,517.483778643219,6.04931616613255,-9.67958760518533e-08
177.150999262602,517.477395457656,6.04924154754699,-5.46300404952795e-07
177.194210265413,517.466496663145,6.04911414209671,-8.19013689895926e-07
177.24942432456,517.455079328079,6.04898067497669,-6.71463039962034e-07
177.312307003033,517.438426853791,6.04878600977931,-8.59913528709086e-07
177.392657092193,517.404855171309,6.04839356130084,-1.35673111731228e-06
177.473007181353,517.376632985573,6.0480636477239,-1.14054211039313e-06
177.564517005118,517.350111912583,6.04775361992747,-9.41088385893378e-07
177.664517005118,517.316340360539,6.04735883500055,-1.09662479699462e-06
177.764517005118,517.270906212765,6.04682771588925,-1.47533086473216e-06
177.864517005118,517.206876079972,6.04607921220004,-2.07917691448372e-06
177.964517005118,517.153829813844,6.04545910844319,-1.72251043568589e-06
178.064517005118,517.116691067041,6.04502496145985,-1.20596384260917e-06
178.164517005118,517.076575002137,6.04455601002609,-1.30264287156635e-06
178.264517005118,517.048534868847,6.0442282246179,-9.10515022736817e-07
178.364517005118,517.025048738444,6.04395367489443,-7.62638120755841e-07
178.464517005118,516.992773391626,6.04357638040651,-1.04804024423085e-06
178.564517005118,516.968168563164,6.04328875325234,-7.98964317133675e-07
178.664517005118,516.963191931649,6.04323057709548,-1.61600435719859e-07
178.764517005118,516.948797208105,6.04306230470235,-4.67423314258067e-07
178.864517005118,516.914759009825,6.04266440271658,-1.10528329379761e-06
178.964517005118,516.878922330153,6.04224547672387,-1.16368331307047e-06
179.064517005118,516.861541175326,6.04204229334843,-5.64398265124756e-07
179.164517005118,516.833447501539,6.04171388205899,-9.12253581768256e-07
179.264517005118,516.82209405423,6.04158116177832,-3.68667446324214e-07
179.364517005118,516.804359331889,6.04137384524592,-5.75879256659557e-07
179.464517005118,516.766977124067,6.04093685223582,-1.21386947248954e-06
179.564517005118,516.730292981091,6.04050801951043,-1.19120201498293e-06
179.664517005118,516.688626560231,6.04002094462287,-1.35298579876964e-06
179.764517005118,516.637495248264,6.03942322642408,-1.66032832996687e-06
179.864517005118,516.597086165542,6.0389508496512,-1.31215770244373e-06
179.964517005118,516.550299891566,6.03840392436544,-1.5192369049065e-06
180.064517005118,516.520689874798,6.03805778722935,-9.61492044694293e-07
180.164517005118,516.499057485643,6.03780490749315,-7.0244371165483e-07
180.264517005118,516.482856533673,6.03761552053127,-5.26074894114791e-07
180.364517005118,516.471818680574,6.0374864895047,-3.58419518235072e-07
180.464517005118,516.458267460408,6.03732807755324,-4.40033198502744e-07
180.564517005118,516.446802638086,6.03719405531356,-3.72283999110606e-07
180.664517005118,516.412711422454,6.03679553356204,-1.10700486533768e-06
180.764517005118,516.397345429124,6.036615907155,-4.98962241775498e-07
180.864517005118,516.391787262369,6.03655093292896,-1.80483961215628e-07
180.964517005118,516.374439919919,6.0363481448157,-5.63300314633315e-07
181.064517005118,516.356952801132,6.03614372273573,-5.67839111021095e-07
181.164517005118,516.346882378173,6.03602600083812,-3.27005271132917e-07
181.264517005118,516.343150572593,6.03598237652997,-1.21178633762213e-07
181.364517005118,516.346457889553,6.03602103862292,1.07394702636962e-07
181.464517005118,516.344241350086,6.03599512757298,-7.19751387071499e-08
181.564517005118,516.341791552052,6.03596648976159,-7.95494760865832e-08
181.664517005118,516.338032819535,6.03592255068114,-1.2205300125195e-07
181.764517005118,516.333263704122,6.03586680035977,-1.54862003817476e-07
181.864517005118,516.325809047061,6.03577965641568,-2.42066511346163e-07
181.964517005118,516.309517830571,6.03558921427363,-5.29005950149395e-07
182.064517005118,516.278134624082,6.03522234878684,-1.01907079661995e-06
182.164517005118,516.242469892072,6.0348054328393,-1.15809985429102e-06
182.264517005118,516.204875627564,6.0343659609149,-1.22075534553909e-06
182.364517005118,516.164855849888,6.03389813506596,-1.29951624706831e-06
182.464517005118,516.133860975445,6.03353580912885,-1.00646093641229e-06
182.564517005118,516.100277481935,6.03314322258104,-1.09051818836289e-06
182.664517005118,516.077693246772,6.03287921589231,-7.33351913140313e-07
182.764517005118,516.078667376925,6.03289060334353,3.16318089486519e-08
182.864517005118,516.074617670614,6.03284326281834,-1.31501458868974e-07
182.964517005118,516.064441005788,6.03272429896751,-3.30455141193479e-07
183.064517005118,516.069816947281,6.03278714300461,1.74566769727654e-07
183.164517005118,516.065966998307,6.03274213761597,-1.25014968429273e-07
183.264517005118,516.064399619377,6.03272381516591,-5.08956946359845e-08
183.364517005118,516.06272437429,6.03270423177488,-5.43983084053301e-08
183.464517005118,516.071367932896,6.03280527381902,2.80672344850445e-07
183.564517005118,516.072511879959,6.0328186464072,3.71460782692447e-08
183.664517005118,516.060600727951,6.03267940663318,-3.86777150063515e-07
183.764517005118,516.037521238694,6.03240961049032,-7.49433730155115e-07
183.864517005118,516.012293696926,6.03211470390089,-8.19184970642204e-07
183.964517005118,515.97670586401,6.03169868689347,-1.1556027983879e-06
184.064517005118,515.943896355292,6.03131514812437,-1.06538546973339e-06
184.164517005118,515.901152054106,6.03081547295996,-1.38798656778715e-06
184.264517005118,515.875217071526,6.03051229648204,-8.42156883128462e-07
184.364517005118,515.838981631519,6.03008870903434,-1.17663179915818e-06
184.464517005118,515.811599471166,6.02976861524179,-8.89149423760473e-07
184.564517005118,515.778404832824,6.02938057435889,-1.07789134137999e-06
184.664517005118,515.763031520875,6.02920086239817,-4.99199890887136e-07
184.764517005118,515.767021379869,6.02924750331623,1.29558105702303e-07
184.864517005118,515.773327297623,6.02932121865144,2.04764820050527e-07
184.964517005118,515.766208109922,6.02923799629931,-2.3117320036892e-07
185.064517005118,515.751298656478,6.02906370678248,-4.84137546759562e-07
185.164517005118,515.744207270854,6.02898080943291,-2.30270415466719e-07
185.264517005118,515.751567792519,6.02906685294681,2.39009760830689e-07
185.364517005118,515.766307047161,6.02923915286241,4.78610876664212e-07
185.464517005118,515.778669327596,6.0293836662674,4.0142612498956e-07
185.564517005118,515.79230826705,6.02954310364561,4.42881606131903e-07
185.664517005118,515.808542076033,6.02973287470157,5.27141822112248e-07
185.764517005118,515.812106151076,6.02977453826218,1.15732112798766e-07
185.864517005118,515.798724585744,6.02961810955304,-4.34524192041135e-07
185.964517005118,515.806409506083,6.02970794524406,2.49543586148546e-07
186.064517005118,515.802720131335,6.02966481694665,-1.19800826120697e-07
186.164517005118,515.787374816757,6.02948543227146,-4.9829076442899e-07
186.264517005118,515.790910136597,6.02952675968759,1.14798378147852e-07
186.364517005118,515.799966862009,6.02963263159644,2.9408863569643e-07
186.464517005118,515.804511389086,6.02968575651021,1.47569204903183e-07
186.564517005118,515.805058092207,6.02969214739658,1.77524621340885e-08
186.664517005118,515.822609653583,6.02989732280179,5.69931681133343e-07
186.764517005118,515.832659976879,6.03001480973703,3.26352597900206e-07
186.864517005118,515.832665682693,6.03001487643723,1.85278331446808e-10
186.964517005118,515.818172593879,6.02984545416725,-4.70617416615074e-07
187.064517005118,515.802976271605,6.02966781119215,-4.9345270859673e-07
187.164517005118,515.790540935141,6.02952244377195,-4.03798389462796e-07
187.264517005118,515.785564159709,6.02946426593272,-1.61605108956576e-07
187.364517005118,515.785107334688,6.02945892570932,-1.48339538894081e-08
187.464517005118,515.771989629273,6.02930558148732,-4.25956172211429e-07
187.564517005118,515.757907375045,6.02914096181871,-4.57276857261174e-07
187.664517005118,515.740092190965,6.02893270469934,-5.78491998251741e-07
187.764517005118,515.727653918505,6.02878730295773,-4.03893726696371e-07
187.864517005118,515.719015750465,6.02868632392857,-2.80497303209344e-07
187.964517005118,515.733639531691,6.02885727397538,4.74861241126809e-07
188.064517005118,515.773118387201,6.02931877651655,1.28195150325362e-06
188.164517005118,515.801616250345,6.02965191272552,9.25378358237172e-07
188.264517005118,515.82625697637,6.02993995951739,8.0012997742301e-07
188.364517005118,515.828931418745,6.02997122339109,8.68440936048273e-08
188.464517005118,515.861787187993,6.0303553029396,1.06688763475879e-06
188.564517005118,515.896859839839,6.0307652975492,1.13887391555837e-06
188.664517005118,515.923044379534,6.03107139131643,8.50260464512909e-07
188.764517005118,515.927512049729,6.03112361778351,1.45073519685203e-07
188.864517005118,515.931608054555,6.03117149953214,1.33004857302726e-07
188.964517005118,515.943762751237,6.03131358631084,3.94685496377761e-07
189.064517005118,515.96288191124,6.03153708673435,6.20834509761846e-07
189.164517005118,515.975882917927,6.03168906676382,4.22166748512864e-07
189.264517005118,516.011375008155,6.03210396455202,1.15249385610249e-06
189.364517005118,516.05657001788,6.0326322881715,1.46756560968547e-06
189.464517005118,516.094571017909,6.03307651477974,1.23396280066032e-06
189.564517005118,516.118393026652,6.03335499087609,7.73544712072468e-07
189.664517005118,516.13972855727,6.03360440037568,6.92804165525275e-07
189.764517005118,516.148369797773,6.03370541532152,2.80597071785876e-07
189.864517005118,516.168015017039,6.03393506530747,6.37916627639286e-07
189.964517005118,516.203652010174,6.03435165699126,1.15719912165856e-06
190.064517005118,516.251574118648,6.03491186003041,1.55611955318657e-06
190.164517005118,516.303763842767,6.03552195092572,1.69469693141677e-06
190.264517005118,516.346884062671,6.03602602052967,1.4001933443035e-06
190.364517005118,516.370469139437,6.03630172692289,7.65851092280693e-07
190.464517005118,516.376113814819,6.03636771242322,1.83293056459051e-07
190.564517005118,516.375876790992,6.03636494164637,-7.69660235687119e-09
190.664517005118,516.374840457736,6.03635282704921,-3.36516587710539e-08
190.764517005118,516.375827138504,6.03636436121543,3.20393506045122e-08
190.864517005118,516.367814234809,6.03627069144285,-2.60193812722849e-07
190.964517005118,516.366370116374,6.03625380989147,-4.68931982653338e-08
191.064517005118,516.374768636355,6.03635198746687,2.72715487208021e-07
191.164517005118,516.390009449387,6.03653015053297,4.9489740584976e-07
191.264517005118,516.388741377192,6.03651532693859,-4.11766510666841e-08
191.364517005118,516.411273630395,6.03677872596517,7.31663962719707e-07
191.464517005118,516.434606190404,6.03705148047127,7.57651405834961e-07
191.564517005118,516.454046103206,6.03727873045211,6.31249946779718e-07
191.664517005118,516.481616933113,6.0376010297665,8.9527587331245e-07
191.764517005118,516.516063718022,6.03800370807532,1.11855085783175e-06
191.864517005118,516.545445558046,6.03834717785579,9.54082723517381e-07
191.964517005118,516.584326414925,6.03880168987293,1.26253338097037e-06
192.064517005118,516.616408421356,6.0391767242376,1.0417621240643e-06
192.164517005118,516.646731416079,6.03953119599062,9.84643758411514e-07
192.264517005118,516.672471535274,6.03983209454164,8.35829308382366e-07
192.364517005118,516.686923788724,6.04000103945168,4.69291416774059e-07
192.464517005118,516.683149205259,6.03995691507577,-1.22567710844858e-07
192.564517005118,516.672441966511,6.03983174888675,-3.47683858412973e-07
192.664517005118,516.65853679934,6.03966919934215,-4.51526512778632e-07
192.764517005118,516.634785433472,6.03939154905155,-7.71250807198589e-07
192.864517005118,516.616512299884,6.03917793856369,-5.93362466283563e-07
192.964517005118,516.650669365826,6.03957723009652,1.10914314675114e-06
193.064517005118,516.704927684984,6.04021150259119,1.76186804074636e-06
193.164517005118,516.770463840329,6.04097761148264,2.1280802540096e-06
193.264517005118,516.851807912845,6.04192851281172,2.64139258077809e-06
193.364517005118,516.923040957921,6.04276121758223,2.31306880699211e-06
193.464517005118,516.980033986199,6.04342745846078,1.85066910707048e-06
193.564517005118,517.026200682508,6.04396714096648,1.49911807140146e-06
193.664517005118,517.082794252673,6.04462871223311,1.83769796285273e-06
193.764517005118,517.108346584706,6.04492741557732,8.29731511689363e-07
193.864517005118,517.105555523996,6.04489478845088,-9.06309067847231e-08
193.964517005118,517.072842185375,6.04451237389736,-1.06226264867129e-06
194.064517005118,517.04288979464,6.04416223445537,-9.72609561071364e-07
194.164517005118,517.056028271901,6.04431582149746,4.26630672486957e-07
194.264517005118,517.087241600052,6.04468070112921,1.01355453262765e-06
194.364517005118,517.147639728414,6.04538674717235,1.96123900872828e-06
194.464517005118,517.202899974903,6.04603273206352,1.7944024754763e-06
194.564517005118,517.245133930327,6.04652644135423,1.3714146964192e-06
194.664517005118,517.278669507817,6.04691846777018,1.08896226652365e-06
194.764517005118,517.297074803241,6.04713362321223,5.97654005691905e-07
194.864517005118,517.319010003087,6.04739004276491,7.12276535221737e-07
194.964517005118,517.328455647914,6.04750046108971,3.06717568887865e-07
195.064517005118,517.333527871732,6.04755975470781,1.6470449471426e-07
195.164517005118,517.353181908232,6.04778950776604,6.38202939523511e-07
195.264517005118,517.423901980598,6.04861621595418,2.29641163372937e-06
195.364517005118,517.493387904704,6.0494284971142,2.25633655562627e-06
195.464517005118,517.542330982925,6.05000063515317,1.58927233044923e-06
195.564517005118,517.546250229117,6.050046450617,1.27265177321988e-07
195.664517005118,517.565600869798,6.05027265701868,6.2835111578205e-07
195.764517005118,517.610272750383,6.05079486532848,1.45057863833936e-06
195.864517005118,517.654524594558,6.05131216346883,1.43693927872983e-06
195.964517005118,517.684719717144,6.05166514041368,9.80491513485665e-07
196.064517005118,517.698870168668,6.05183055729957,4.59491349687911e-07
196.164517005118,517.73094110454,6.05220546225087,1.04140264250883e-06
196.264517005118,517.754483504044,6.05248066975261,7.64465282607583e-07
196.364517005118,517.818455218665,6.05322849054122,2.07727996835347e-06
196.464517005118,517.895236892682,6.054126058042,2.493243057728e-06
196.564517005118,517.970822410317,6.05500964263465,2.45440164624144e-06
196.664517005118,518.024144650603,6.05563297249249,1.73147182734822e-06
196.764517005118,518.074361534139,6.05622000114522,1.63063514647513e-06
196.864517005118,518.108415062872,6.05661808234192,1.10578110194061e-06
196.964517005118,518.126693697948,6.05683175714145,5.93541109790951e-07
197.064517005118,518.164235733736,6.05727061851909,1.21905938234304e-06
197.164517005118,518.190600632039,6.05757882065432,8.56117042299157e-07
197.264517005118,518.19900474618,6.05767706362469,2.72897139910495e-07
197.364517005118,518.250591549623,6.05828010645793,1.67511898123319e-06
197.464517005118,518.328180394739,6.05918710968091,2.51945339715721e-06
197.564517005118,518.395844139901,6.05997808981278,2.19716703298379e-06
197.664517005118,518.433267973744,6.06041556942549,1.21522114639602e-06
197.764517005118,518.474708020572,6.06089999803088,1.34563501498361e-06
197.864517005118,518.503110609482,6.0612320204968,9.22284627552263e-07
197.964517005118,518.556178654684,6.0618523788481,1.72321764249566e-06
198.064517005118,518.610496582097,6.0624873481553,1.76380363110946e-06
198.164517005118,518.648451465279,6.06293103566376,1.23246530129349e-06
198.264517005118,518.655254454846,6.06301056170199,2.20905661747199e-07
198.364517005118,518.667507136208,6.06315379390849,3.97867240276923e-07
198.464517005118,518.68982371046,6.06341467167696,7.24660467977263e-07
198.564517005118,518.713861777038,6.06369567346051,7.80560509844949e-07
198.664517005118,518.736948284983,6.06396555165089,7.49661639939899e-07
198.764517005118,518.761881139625,6.06425701338723,8.09615934301649e-07
198.864517005118,518.818717080599,6.0649214179362,1.84556819157575e-06
198.964517005118,518.870693113646,6.06552901081146,1.68775798681646e-06
199.064517005118,518.920246087201,6.0661082784453,1.60907676067668e-06
199.164517005118,518.955152001181,6.06651632391156,1.13345962849544e-06
199.264517005118,518.979824545587,6.06680474265605,8.01163179145687e-07
199.364517005118,519.017263480856,6.06724239880242,1.21571151768107e-06
199.464517005118,519.058482814815,6.06772424730389,1.33846805963507e-06
199.564517005118,519.099288987784,6.06820126600864,1.3250519576496e-06
199.664517005118,519.149080919861,6.06878332703564,1.61683618612129e-06
199.764517005118,519.199229445133,6.06936955658941,1.62841542712714e-06
199.864517005118,519.240849384734,6.06985608811727,1.35147646627493e-06
199.964517005118,519.272237577199,6.07022301188945,1.01923270051065e-06
200.064517005118,519.324302712517,6.07083164635833,1.69065130244031e-06
200.164517005118,519.37211919509,6.07139061464483,1.5526896847255e-06
200.264517005118,519.421825814416,6.07197167837718,1.61406592319113e-06
200.364517005118,519.465278608672,6.07247963573084,1.41099264905357e-06
200.464517005118,519.50100768801,6.07289730389003,1.16018933108682e-06
200.564517005118,519.53113609307,6.07324950091593,9.78325071948641e-07
200.664517005118,519.559591683611,6.07358214296382,9.24005688573827e-07
200.764517005118,519.597886357646,6.07402980258191,1.24349893913608e-06
200.864517005118,519.64902014115,6.07462754967264,1.66040858537666e-06
200.964517005118,519.696791891475,6.07518599504515,1.55123714584142e-06
201.064517005118,519.769946119838,6.07604115819135,2.37545318388403e-06
201.164517005118,519.833809114507,6.07678770805825,2.07374963028194e-06
201.264517005118,519.859619426388,6.07708942715237,8.3810859478874e-07
201.364517005118,519.851063628542,6.07698941101977,-2.77822590569265e-07
201.464517005118,519.847627475137,6.076949242846,-1.11578260473291e-07
201.564517005118,519.87567810665,6.07727715097701,9.10855919476564e-07
201.664517005118,519.905067361811,6.07762070743944,9.54323506750873e-07
201.764517005118,519.972731471545,6.0784116918331,2.19717887127717e-06
201.864517005118,520.040200913649,6.07920040058821,2.19085765307302e-06
201.964517005118,520.072185235345,6.07957429303138,1.03859011993218e-06
202.064517005118,520.059574846664,6.07942687927416,-4.09482658949728e-07
202.164517005118,520.036276215001,6.07915452138589,-7.56549689645049e-07
202.264517005118,520.052963703124,6.07934959589033,5.41873623443263e-07
202.364517005118,520.097339647992,6.07986834475118,1.44096905790546e-06
202.464517005118,520.164109740292,6.08064887820059,2.16814847059642e-06
202.564517005118,520.22335808811,6.08134148346295,1.92390350655693e-06
202.664517005118,520.243218204239,6.08157364556449,6.44894726501112e-07
202.764517005118,520.231164355341,6.0814327376829,-3.91410782203345e-07
202.864517005118,520.218006912725,6.08127892893835,-4.27246512636064e-07
202.964517005118,520.228823114859,6.08140536889478,3.51222101203568e-07
203.064517005118,520.261568803412,6.08178816161469,1.06331311085325e-06
203.164517005118,520.317760815007,6.08244503871533,1.82465861290528e-06
203.264517005118,520.375710430394,6.08312246196927,1.8817312609222e-06
203.364517005118,520.417603080559,6.08361218144714,1.36033188297904e-06
203.464517005118,520.439044193972,6.08386282519549,6.96232634296096e-07
203.564517005118,520.423598643274,6.08368226877345,-5.0154561676525e-07
203.664517005118,520.395747055046,6.08335668743183,-9.04392615616408e-07
203.764517005118,520.413490983521,6.08356411158269,5.76178196844555e-07
203.864517005118,520.482072138629,6.08436581611414,2.22695703179036e-06
203.964517005118,520.545685706589,6.08510945021617,2.06565028342221e-06
204.064517005118,520.58121300892,6.08552475962914,1.15363725824076e-06
204.164517005118,520.587487252007,6.08559810469173,2.03736284987835e-07
204.264517005118,520.564924253636,6.08533434625827,-7.32662315179275e-07
204.364517005118,520.529940542512,6.08492539135381,-1.13598584572446e-06
204.464517005118,520.538035060455,6.08502001518603,2.62843978409719e-07
204.564517005118,520.57477261927,6.08544947233545,1.19293652614383e-06
204.664517005118,520.627024892313,6.08606029441931,1.69672801071823e-06
204.764517005118,520.662894997154,6.08647961114777,1.16476869018982e-06
204.864517005118,520.673344049142,6.08660175916809,3.39300056441646e-07
204.964517005118,520.680596169915,6.08668653549006,2.35489783249027e-07
205.064517005118,520.687843347567,6.0867712540276,2.35329270949029e-07
205.164517005118,520.711609258644,6.08704907434974,7.71723117052838e-07
205.264517005118,520.727379165179,6.08723342244813,5.12078051076939e-07
205.364517005118,520.735618107265,6.08732973457927,2.67533697617783e-07
205.464517005118,520.727773527943,6.08723803249611,-2.54728008800869e-07
205.564517005118,520.725567017132,6.08721223867981,-7.16494897068212e-08
205.664517005118,520.726580063729,6.08722408105905,3.28954978892663e-08
205.764517005118,520.739062565299,6.08736999983304,4.05329927749592e-07
205.864517005118,520.753491432902,6.08753867136567,4.68532035069736e-07
205.964517005118,520.758496780736,6.08759718321245,1.62532907721663e-07
206.064517005118,520.78285847719,6.08788196818596,7.91069370876583e-07
206.164517005118,520.810137729734,6.08820085899999,8.85807816727167e-07
206.264517005118,520.831300510398,6.08844824907572,6.87194654814695e-07
206.364517005118,520.844453847282,6.08860200982481,4.2711319192844e-07
206.464517005118,520.851081980086,6.08867949181088,2.15227739070518e-07
206.564517005118,520.867741090517,6.08887423458389,5.40952147237045e-07
206.664517005118,520.888867666862,6.08912120143598,6.86019033595339e-07
206.764517005118,520.90314184178,6.0892880646318,4.63508877267635e-07
206.864517005118,520.918216995461,6.08946429116224,4.89518140124329e-07
206.964517005118,520.922464766274,6.08951394703497,1.37932979794566e-07
207.064517005118,520.929635854815,6.08959777610098,2.32858516704233e-07
207.164517005118,520.926903378557,6.08956583381895,-8.8728561182556e-08
207.264517005118,520.926608764553,6.08956238982065,-9.5666619647624e-09
207.364517005118,520.926601586482,6.08956230590996,-2.33085245068307e-10
207.464517005118,520.912060583763,6.08939232353282,-4.72173269826019e-07
207.564517005118,520.882853915066,6.08905090148174,-9.483945863318e-07
207.664517005118,520.842185708526,6.08857549558609,-1.32057193237436e-06
207.764517005118,520.806594803937,6.08815944267123,-1.15570254126152e-06
207.864517005118,520.778464500478,6.08783060318582,-9.13443015026794e-07
207.964517005118,520.745375751183,6.08744380013173,-1.07445292805319e-06
208.064517005118,520.705228878528,6.08697448855947,-1.30364325626279e-06
208.164517005118,520.662799219531,6.08647849152017,-1.37776955361492e-06
208.264517005118,520.616358614338,6.08593560705625,-1.50801239978052e-06
208.364517005118,520.572300737159,6.08542057636414,-1.43064081140059e-06
208.464517005118,520.525213480566,6.08487013263183,-1.52901036753935e-06
208.564517005118,520.468995649979,6.08421295371062,-1.82549700336421e-06
208.664517005118,520.412299661471,6.08355018518726,-1.84102367599866e-06
208.764517005118,520.356430669887,6.08289708414734,-1.81416955533171e-06
208.864517005118,520.290390385087,6.08212508204998,-2.14445027044294e-06
208.964517005118,520.210906797309,6.08119592953868,-2.58097919804683e-06
209.064517005118,520.138619216782,6.08035089738976,-2.34731152477397e-06
209.164517005118,520.067736353994,6.07952228620337,-2.30169773997882e-06
209.264517005118,519.994232948427,6.07866304122233,-2.3867916139875e-06
209.364517005118,519.91327119782,6.07771660918523,-2.62897788082293e-06
209.464517005118,519.833683136752,6.07678623539514,-2.5843716391486e-06
209.564517005118,519.75325166229,6.07584600221526,-2.61175883298907e-06
209.664517005118,519.6702987566,6.07487629384154,-2.69363437144146e-06
209.764517005118,519.584554684179,6.07387395710201,-2.78426872092948e-06
209.864517005118,519.496888234727,6.07284914803207,-2.84669186094603e-06
209.964517005118,519.406584713122,6.07179351194134,-2.93232247424648e-06
210.064517005118,519.313085634475,6.07070052021614,-3.03608812554495e-06
210.164517005118,519.216156961904,6.06956743699665,-3.14745338748713e-06
210.264517005118,519.115659646517,6.06839263681988,-3.26333382435028e-06
210.364517005118,519.011486687712,6.06717486886312,-3.38268876878713e-06
210.464517005118,518.903706084876,6.06591492803012,-3.49983564722784e-06
210.564517005118,518.792427412148,6.06461409522789,-3.61342445062505e-06
210.664517005118,518.678193163678,6.06327871214051,-3.70939746496037e-06
210.764517005118,518.561725742621,6.06191722356424,-3.78191271185308e-06
210.864517005118,518.443700315162,6.06053752210149,-3.83250406318799e-06
210.964517005118,518.324872395845,6.05914843961625,-3.85856245901591e-06
211.064517005118,518.205921966554,6.05775792500579,-3.86254058460463e-06
211.164517005118,518.08728592325,6.05637108552547,-3.85233188975916e-06
211.264517005118,517.969373995837,6.05499271086308,-3.82881850665082e-06
211.364517005118,517.852505030236,6.0536265282848,-3.79495160633905e-06
211.464517005118,517.736832142066,6.05227432769171,-3.75611275855916e-06
211.564517005118,517.622308319566,6.05093555952264,-3.7188004696503e-06
211.664517005118,517.509061149057,6.04961171524462,-3.67734521673946e-06
211.764517005118,517.397089796206,6.04830278510439,-3.63591705618766e-06
211.864517005118,517.320716738934,6.04740999427871,-2.47997451577774e-06
211.964517005118,517.228752963805,6.04633495004631,-2.9862339788661e-06
212.064517005118,517.130935001616,6.04519147115011,-3.17633026724395e-06
212.164517005118,517.03025639745,6.04401455173176,-3.26922060652838e-06
212.264517005118,516.928169089887,6.0428211647591,-3.31496381294033e-06
212.364517005118,516.82547615524,6.04162069808681,-3.33462964523608e-06
212.464517005118,516.722661789276,6.04041881189868,-3.33857274481975e-06
212.564517005118,516.620118356627,6.03922009288476,-3.32977503867061e-06
212.664517005118,516.517813018144,6.03802415715979,-3.32204368045488e-06
212.764517005118,516.415920613151,6.03683304857211,-3.30863496579981e-06
212.864517005118,516.314492359931,6.03564736585658,-3.29356309867324e-06
212.964517005118,516.213545755481,6.03446731355075,-3.27792307174877e-06
213.064517005118,516.113077093385,6.03329284832712,-3.26240339897968e-06
213.164517005118,516.013076389813,6.03212385347607,-3.24720791959392e-06
213.264517005118,515.913526197354,6.03096012503967,-3.23257899000433e-06
213.364517005118,515.814422099264,6.02980161138677,-3.21809348026261e-06
213.464517005118,515.71575695736,6.02864822907299,-3.2038397604978e-06
213.564517005118,515.617551993268,6.0275002261763,-3.18889693525313e-06
213.664517005118,515.519752964515,6.02635696860943,-3.17571546352045e-06
213.764517005118,515.422357322804,6.02521842658313,-3.16261673972031e-06
213.864517005118,515.325301406595,6.02408385590251,-3.15158522394526e-06
213.964517005118,515.228485228448,6.02295208772779,-3.14380048535268e-06
214.064517005118,515.131871368572,6.02182268462659,-3.1372308366634e-06
214.164517005118,515.035451687978,6.02069555145522,-3.1309254760145e-06
214.264517005118,514.939228327675,6.01957071324181,-3.1245505928117e-06
214.364517005118,514.843207489615,6.01844824248632,-3.11797432079762e-06
214.464517005118,514.747397576841,6.01732823741923,-3.11112518637456e-06
214.564517005118,514.65180764544,6.01621080390497,-3.10398198406475e-06
214.664517005118,514.556435876276,6.01509592067808,-3.09689785245315e-06
214.764517005118,514.461290886287,6.01398368846941,-3.08953391296831e-06
214.864517005118,514.366384648287,6.01287424723958,-3.08178119398292e-06
214.964517005118,514.271723912792,6.01176767590119,-3.07380927330938e-06
215.064517005118,514.177314063686,6.01066403739113,-3.06566252792692e-06
215.164517005118,514.083153002175,6.0095633071748,-3.05758393427717e-06
215.264517005118,513.989233699276,6.00846540308429,-3.04973358472728e-06
215.364517005118,513.89564536635,6.00737136798852,-3.03898637714719e-06
215.464517005118,513.802293033572,6.00628009170291,-3.0313230155971e-06
215.564517005118,513.709052416642,6.00519012136062,-3.0276953952362e-06
215.664517005118,513.615905254576,6.0041012434932,-3.0246607428448e-06
215.764517005118,513.522907942247,6.00301411734916,-3.01979484455773e-06
215.864517005118,513.430126299298,6.00192951235134,-3.01279166060917e-06
215.964517005118,513.337438001846,6.00084599854988,-3.00976055960805e-06
216.064517005118,513.244907832661,5.99976433324672,-3.0046258421075e-06
216.164517005118,513.15257020178,5.99868491869058,-2.99837376704946e-06
216.264517005118,513.060373759045,5.997607154605,-2.99378912663414e-06
216.364517005118,512.968358577717,5.99653150944102,-2.98790323327915e-06
216.464517005118,512.876533398252,5.99545808537341,-2.98173352113549e-06
216.564517005118,512.78490878441,5.9943870058911,-2.9752207841852e-06
216.664517005118,512.693495258964,5.99331839400392,-2.96836635329051e-06
216.764517005118,512.602295694901,5.99225228329668,-2.96141863121124e-06
216.864517005118,512.511307831344,5.99118864734006,-2.95454432395378e-06
216.964517005118,512.420528615191,5.99012745044367,-2.94776915662299e-06
217.064517005118,512.363615417033,5.98946214276855,-1.84807687534497e-06
217.164517005118,512.290616166898,5.9886087912971,-2.37042075402603e-06
217.264517005118,512.211040806036,5.98767856597071,-2.5839592399542e-06
217.364517005118,512.127836023264,5.98670591318758,-2.70181328649125e-06
217.464517005118,512.042485731411,5.98570817969023,-2.77148193707115e-06
217.564517005118,511.955760693584,5.98469437559628,-2.81612248319307e-06
217.664517005118,511.868197247048,5.98367077061667,-2.84334716559587e-06
217.764517005118,511.780115931752,5.98264111182049,-2.86016332270426e-06
217.864517005118,511.691721577435,5.98160779364004,-2.87032827904942e-06
217.964517005118,511.603145036036,5.98057234571696,-2.87624423077864e-06
218.064517005118,511.514470165869,5.97953574834373,-2.87943714785791e-06
218.164517005118,511.425751397227,5.97849863780319,-2.88086261260418e-06
218.264517005118,511.337026303378,5.97746145332184,-2.88106800374407e-06
218.364517005118,511.248323477414,5.97642452914908,-2.88034492434118e-06
218.464517005118,511.159668025297,5.97538815877025,-2.87880660784948e-06
218.564517005118,511.071083600695,5.97435261869358,-2.87650021297767e-06
218.664517005118,510.982593182962,5.97331817754463,-2.87344763595831e-06
218.764517005118,510.894215750361,5.97228505717678,-2.86977879959586e-06
218.864517005118,510.805967070596,5.97125344191235,-2.86559795674911e-06
218.964517005118,510.717869963306,5.97022359850989,-2.86067611795734e-06
219.064517005118,510.629938567654,5.96919569225431,-2.85529515438624e-06
219.164517005118,510.542213228126,5.96817019476726,-2.84860413068235e-06
219.264517005118,510.454642380738,5.96714650327266,-2.8435874849965e-06
219.364517005118,510.367248814916,5.96612488417587,-2.83783082441226e-06
219.464517005118,510.280035996693,5.96510537799433,-2.8319616153889e-06
219.564517005118,510.193006341091,5.96408801295935,-2.82601398606849e-06
219.664517005118,510.106159771537,5.96307278817577,-2.8200688432684e-06
219.764517005118,510.019495710023,5.96205969688678,-2.81414246942364e-06
219.864517005118,509.933012476587,5.96104871945383,-2.80827064708392e-06
219.964517005118,509.846706940748,5.96003981928203,-2.80250047723498e-06
220.064517005118,509.760575269892,5.95903295156863,-2.79685475942674e-06
220.164517005118,509.67461329708,5.95802806760267,-2.79134434990035e-06
220.264517005118,509.588816224724,5.95702511130098,-2.78598972690987e-06
220.364517005118,509.503178488907,5.95602401762212,-2.78081577460524e-06
220.464517005118,509.417688963441,5.95502465650246,-2.77600311017802e-06
220.564517005118,509.332344267778,5.95402698842381,-2.77130021846334e-06
220.664517005118,509.247146351157,5.95303103617254,-2.76653403131162e-06
220.764517005118,509.162088039298,5.95203671588226,-2.76200080632317e-06
220.864517005118,509.077202208709,5.95104441187497,-2.75640002025491e-06
220.964517005118,508.992409486218,5.95005319628889,-2.75337662798656e-06
221.064517005118,508.907718530057,5.9490631703376,-2.75007208693205e-06
221.164517005118,508.823123239252,5.94807426270153,-2.7469656557494e-06
221.264517005118,508.738618066138,5.9470864085292,-2.74403936757229e-06
221.364517005118,508.654198126589,5.94609955072586,-2.74127167594763e-06
221.464517005118,508.569859215366,5.94511364013282,-2.73864053623314e-06
221.564517005118,508.485706306258,5.94412990387961,-2.73260070334726e-06
221.664517005118,508.401569065538,5.94314635078777,-2.73209192178314e-06
221.764517005118,508.31743847816,5.94216287547261,-2.73187587545898e-06
221.864517005118,508.233379686461,5.94118023943934,-2.72954453684586e-06
221.964517005118,508.149392318328,5.940198438338,-2.72722528150782e-06
222.064517005118,508.065469728692,5.93921739448862,-2.72512180382582e-06
222.164517005118,507.981645852063,5.93823750458109,-2.72191640980392e-06
222.264517005118,507.89782615341,5.93725766351356,-2.72178074314782e-06
222.364517005118,507.8140536326,5.93627837394868,-2.72024879131921e-06
222.464517005118,507.730327613548,5.93529962798315,-2.71873879314043e-06
222.564517005118,507.646645460328,5.93432139480332,-2.71731438842507e-06
222.664517005118,507.563074643475,5.93334446313074,-2.71369909049457e-06
222.764517005118,507.479472836318,5.93236716918565,-2.71470540304421e-06
222.864517005118,507.425812285991,5.93173988452867,-1.74245738049784e-06
222.964517005118,507.357822579404,5.93094509395133,-2.20775160370595e-06
223.064517005118,507.283841226246,5.93008026182689,-2.4023114567779e-06
223.164517005118,507.206476068229,5.92917587347618,-2.51218986309839e-06
223.264517005118,507.127033235331,5.92824719738397,-2.57965581168674e-06
223.364517005118,507.046240518629,5.92730274133061,-2.62348903710787e-06
223.464517005118,506.964528304866,5.92634753647959,-2.65334680838315e-06
223.564517005118,506.882198493543,5.92538511199568,-2.67340134419926e-06
223.664517005118,506.799435560232,5.92441762437366,-2.68746561671655e-06
223.764517005118,506.716356858588,5.92344644546206,-2.69771919890287e-06
223.864517005118,506.633037259162,5.92247245048759,-2.70554159574815e-06
223.964517005118,506.549524984551,5.92149620316599,-2.71179811556431e-06
224.064517005118,506.465852638918,5.92051808463554,-2.71699591789981e-06
224.164517005118,506.382043851124,5.91953837111448,-2.72142644739262e-06
224.264517005118,506.298117239173,5.91855728024478,-2.72525241583536e-06
224.364517005118,506.214089401424,5.91757500605904,-2.72853940484181e-06
224.464517005118,506.129975283945,5.91659172327479,-2.7313410673437e-06
224.564517005118,506.045788806936,5.91560759461732,-2.73369071519554e-06
224.664517005118,505.961542804615,5.91462277011691,-2.73562361225359e-06
224.764517005118,505.877248703172,5.91363738334421,-2.73718547974436e-06
224.864517005118,505.792914764459,5.91265153087913,-2.73847906964486e-06
224.964517005118,505.708557549787,5.91166540632121,-2.73923488311089e-06
225.064517005118,505.624185093254,5.91067910358798,-2.73972981454897e-06
225.164517005118,505.539805978864,5.90969272302528,-2.73994600750769e-06
225.264517005118,505.455471849196,5.90870686832797,-2.73848527030182e-06
225.364517005118,505.371109848009,5.90772068781633,-2.73939031009409e-06
225.464517005118,505.286767382055,5.90673473566895,-2.73875596495923e-06
225.564517005118,505.202453772006,5.90574912084324,-2.73781896030368e-06
225.664517005118,505.118170606661,5.90476386191205,-2.73683036442208e-06
225.764517005118,505.033918269818,5.90377896336192,-2.73582930590571e-06
225.864517005118,504.949697021966,5.90279442823794,-2.7348197888234e-06
225.964517005118,504.865440244873,5.9018094777819,-2.73597348901511e-06
226.064517005118,504.781047084445,5.90082293302289,-2.74040210835377e-06
226.164517005118,504.696484052078,5.89983440248364,-2.74591816457988e-06
226.264517005118,504.611747056225,5.89884383833451,-2.75156708091764e-06
226.364517005118,504.526843662288,5.89785132901403,-2.75697033468979e-06
226.464517005118,504.441787109621,5.89685702928847,-2.76194368208723e-06
226.564517005118,504.356592728789,5.8958611183701,-2.76641921771153e-06
226.664517005118,504.271275585944,5.89486377238022,-2.77040552744156e-06
226.764517005118,504.185844111968,5.8938650898747,-2.77411807087521e-06
226.864517005118,504.100312201578,5.89286523328093,-2.77737942714555e-06
226.964517005118,504.014701148617,5.8918644515211,-2.77994933286891e-06
227.064517005118,503.929022202091,5.89086287609457,-2.78215396258147e-06
227.164517005118,503.843398732933,5.88986194919106,-2.78035250976036e-06
227.264517005118,503.757621863722,5.88885922906143,-2.78533369341537e-06
227.364517005118,503.67178908826,5.88785585539522,-2.78714907280505e-06
227.464517005118,503.585914296362,5.88685199056247,-2.78851342428811e-06
227.564517005118,503.500009418438,5.88584777402812,-2.78949037319802e-06
227.664517005118,503.414087064349,5.88484335319973,-2.79005785665202e-06
227.764517005118,503.328152590097,5.88383879068826,-2.79045142075143e-06
227.864517005118,503.242203787558,5.88283406068102,-2.79091668677525e-06
227.964517005118,503.1562404551,5.88182916082098,-2.79138850012102e-06
228.064517005118,503.070308977587,5.88082463334098,-2.79035411110074e-06
228.164517005118,502.984323748647,5.87981947751399,-2.79209951940361e-06
228.264517005118,502.898280659315,5.87881364530676,-2.79397835342686e-06
228.364517005118,502.812214237903,5.87780754035064,-2.79473598923215e-06
228.464517005118,502.726120405072,5.87680111495868,-2.79562608876455e-06
228.564517005118,502.639997034423,5.8757943442736,-2.79658523635103e-06
228.664517005118,502.553845343898,5.87478724253293,-2.79750483517928e-06
228.764517005118,502.467665103052,5.87377980704284,-2.79843191691223e-06
228.864517005118,502.408772529056,5.8730913607289,-1.91235087207428e-06
228.964517005118,502.336832617418,5.8722503927828,-2.33602207249924e-06
229.064517005118,502.259337027363,5.871344479699,-2.51642523275822e-06
229.164517005118,502.178696298629,5.87040180036467,-2.61855370648107e-06
229.264517005118,502.09609607671,5.86943621481706,-2.68218207668407e-06
229.364517005118,502.012215017404,5.86845565645169,-2.72377323714549e-06
229.464517005118,501.927476904176,5.86746507924059,-2.75160336416891e-06
229.564517005118,501.842124121187,5.86646731662219,-2.77156282888034e-06
229.664517005118,501.756350820909,5.86546463821292,-2.78521780354346e-06
229.764517005118,501.670270293907,5.86445836836432,-2.79519402387503e-06
229.864517005118,501.583957165151,5.86344937943234,-2.80274703328317e-06
229.964517005118,501.497461372536,5.86243825518427,-2.80867846685561e-06
230.064517005118,501.410817858809,5.86142540409616,-2.81347524475379e-06
230.164517005118,501.324053069483,5.86041113531251,-2.81741328792147e-06
230.264517005118,501.237188481665,5.85939569989784,-2.82065392962393e-06
230.364517005118,501.150243117893,5.85837932022308,-2.82327687435275e-06
230.464517005118,501.063234386417,5.85736219978832,-2.82533454100489e-06
230.564517005118,500.97617868393,5.85634453026872,-2.82685977665225e-06
230.664517005118,500.889091344142,5.85532649091332,-2.82788709834163e-06
230.764517005118,500.801984832297,5.85430822743913,-2.82850965053081e-06
230.864517005118,500.71487257895,5.85328989684755,-2.82869608772957e-06
230.964517005118,500.627770362323,5.85227168358388,-2.82837017686017e-06
231.064517005118,500.540686927588,5.85125368987801,-2.82776029406361e-06
231.164517005118,500.453652366274,5.8502362674959,-2.82617328364219e-06
231.264517005118,500.366639976386,5.8492191042948,-2.82545333638743e-06
231.364517005118,500.279719309237,5.84820301332025,-2.82247492931163e-06
231.464517005118,500.192777768092,5.84718667833148,-2.82315274657246e-06
231.564517005118,500.105885916885,5.84617092421143,-2.82153922235642e-06
231.664517005118,500.019052290508,5.84515585073187,-2.81964855432647e-06
231.764517005118,499.93228164583,5.84414151349994,-2.81760342203847e-06
231.864517005118,499.845578676848,5.84312796738785,-2.81540586691998e-06
231.964517005118,499.758944835679,5.84211522937065,-2.81316115888657e-06
232.064517005118,499.672362638644,5.84110309506646,-2.81148417830285e-06
232.164517005118,499.58581993785,5.84009142246806,-2.81020166221758e-06
232.264517005118,499.499313894009,5.83908017838453,-2.80901134314572e-06
232.364517005118,499.412842937013,5.83806934446152,-2.8078720083536e-06
232.464517005118,499.326415224316,5.83705901605859,-2.8064677859285e-06
232.564517005118,499.240038013018,5.83604927801026,-2.80482791202191e-06
232.664517005118,499.15371617952,5.835040187321,-2.80302969238604e-06
232.764517005118,499.067455701925,5.83403181387405,-2.80103735265393e-06
232.864517005118,498.981283126245,5.83302446798872,-2.79818301478296e-06
232.964517005118,498.895155642457,5.83201764922158,-2.79671879761026e-06
233.064517005118,498.809109832367,5.83101178520906,-2.79406670144482e-06
233.164517005118,498.723152585022,5.83000695648318,-2.79119090523631e-06
233.264517005118,498.637291426616,5.82900325102414,-2.78807071955684e-06
233.364517005118,498.551533555486,5.82800075297954,-2.78471679054352e-06
233.464517005118,498.46588558873,5.82699953970237,-2.78114799213452e-06
233.564517005118,498.380359242342,5.82599974815105,-2.77719875366652e-06
233.664517005118,498.294955035466,5.82500138439429,-2.7732326576758e-06
233.764517005118,498.209677527504,5.82400450173088,-2.76911850946704e-06
233.864517005118,498.124527770767,5.82300911246221,-2.76497019074527e-06
233.964517005118,498.039537249629,5.8220155846364,-2.75979951613475e-06
234.064517005118,497.954645456613,5.82102321092914,-2.75659363129102e-06
234.164517005118,497.869887919398,5.82003240665422,-2.75223409698484e-06
234.264517005118,497.785263660103,5.81904316038037,-2.74790631625431e-06
234.364517005118,497.700770270785,5.81805544395905,-2.74365672588261e-06
234.464517005118,497.616405057644,5.8170692259001,-2.73949460820152e-06
234.564517005118,497.532166145798,5.8160844842864,-2.73539337138498e-06
234.664517005118,497.448098120186,5.81510174030992,-2.72984437912237e-06
234.764517005118,497.390905673042,5.81443316825149,-1.85714460673941e-06
234.864517005118,497.321129885478,5.8136174986264,-2.26574895857479e-06
234.964517005118,497.246095221059,5.81274035343418,-2.43651442285983e-06
235.064517005118,497.168111074393,5.81182872918894,-2.53228957009256e-06
235.164517005118,497.088332938106,5.81089613344495,-2.59054373331332e-06
235.264517005118,497.007425159271,5.80995033233065,-2.62722531750029e-06
235.364517005118,496.92578913254,5.80899601809584,-2.65087287447775e-06
235.464517005118,496.843669335495,5.80803604865076,-2.66658179188513e-06
235.564517005118,496.761215184481,5.80707217065249,-2.67743888408239e-06
235.664517005118,496.678519902021,5.80610547385987,-2.68526886838645e-06
235.764517005118,496.595642026386,5.80513664257745,-2.69119800671871e-06
235.864517005118,496.512618751395,5.80416611159601,-2.69591939289782e-06
235.964517005118,496.429474209504,5.80319416302073,-2.69985715356388e-06
236.064517005118,496.346225804835,5.80222100030345,-2.70322977020969e-06
236.164517005118,496.262887503119,5.80124678670172,-2.70614889369261e-06
236.264517005118,496.179471581129,5.80027166572936,-2.70866936766313e-06
236.364517005118,496.095989494806,5.79929577130481,-2.71081784597382e-06
236.464517005118,496.012452067377,5.79831922995013,-2.71261487411372e-06
236.564517005118,495.92886934811,5.79734215913991,-2.7140855839385e-06
236.664517005118,495.845247714064,5.79636463342114,-2.71534921880743e-06
236.764517005118,495.761601557715,5.79538682103992,-2.71614550340622e-06
236.864517005118,495.677936952577,5.79440879299483,-2.71674456968574e-06
236.964517005118,495.594257111801,5.79343058684716,-2.71723929907408e-06
237.064517005118,495.510585319584,5.79245247478607,-2.71697794746771e-06
237.164517005118,495.426888672575,5.7914740721758,-2.71778502854631e-06
237.264517005118,495.343173313731,5.79049545082667,-2.71839263647126e-06
237.364517005118,495.259441330154,5.78951663513663,-2.71893247232164e-06
237.464517005118,495.175693697695,5.78853763651325,-2.71944062049636e-06
237.564517005118,495.091930102646,5.78755845128934,-2.71995895531483e-06
237.664517005118,495.0081474023,5.78657904272705,-2.7205793396805e-06
237.764517005118,494.924342685135,5.78559937679111,-2.72129426651772e-06
237.864517005118,494.840520926943,5.78461951164782,-2.72184762023225e-06
237.964517005118,494.75677522612,5.78364053560502,-2.71937789667803e-06
238.064517005118,494.672992602764,5.78266112794274,-2.72057683966476e-06
238.164517005118,494.589143474413,5.78168094284597,-2.72273637992552e-06
238.264517005118,494.505201599284,5.78069967355175,-2.72574803949104e-06
238.364517005118,494.421231096046,5.77971806959879,-2.72667764712857e-06
238.464517005118,494.337230776166,5.77873611709325,-2.72764584871032e-06
238.564517005118,494.253199749219,5.77775380562621,-2.72864296399969e-06
238.664517005118,494.169137478817,5.77677112892736,-2.7296574968007e-06
238.764517005118,494.085043939056,5.7757880866939,-2.73067287074013e-06
238.864517005118,494.000919894758,5.77480468786646,-2.73166340954817e-06
238.964517005118,493.91675803221,5.77382084694874,-2.73289143809931e-06
239.064517005118,493.832506434308,5.77283595703674,-2.73580531110753e-06
239.164517005118,493.748142575193,5.77184975480617,-2.73945064047049e-06
239.264517005118,493.663663534465,5.77086220611795,-2.74319080061895e-06
239.364517005118,493.579072541712,5.76987334872553,-2.74682609006925e-06
239.464517005118,493.494375150147,5.76888324754523,-2.7502810563834e-06
239.564517005118,493.409575846846,5.76789195503036,-2.75359031908172e-06
239.664517005118,493.324677093697,5.76689949996007,-2.75681963970407e-06
239.764517005118,493.239722360874,5.76590639049487,-2.75863740332091e-06
239.864517005118,493.154620734049,5.76491156385843,-2.76340732343866e-06
239.964517005118,493.069425546896,5.76391564351428,-2.76644540042349e-06
240,493.044651585202,5.76362603921524,-2.26716033665672e-06
