absolute_time_h,cycle3_elapsed_h,gross_injection_rate_m3_h,cycle3_cumulative_injection_m3
480.000000000,0.000000000,156.021560854,0.000000000
480.100000000,0.100000000,331.774051256,24.389780606
480.200000000,0.200000000,465.910416824,64.274004010
480.300000000,0.300000000,558.430657559,115.491057729
480.400000000,0.400000000,609.334773459,173.879329280
480.500000000,0.500000000,618.622764525,235.277206179
480.600000000,0.600000000,586.294630757,295.523075943
480.700000000,0.700000000,512.350372155,350.455326089
480.800000000,0.800000000,396.789988720,395.912344132
480.900000000,0.900000000,239.613480450,427.732517591
481.000000000,1.000000000,40.820847346,441.754233981
481.100000000,1.100000000,34.328859346,445.511719315
481.200000000,1.200000000,33.942205894,448.925272577
481.300000000,1.300000000,33.555552442,452.300160494
481.400000000,1.400000000,33.168898988,455.636383066
481.500000000,1.500000000,32.782245534,458.933940292
481.600000000,1.600000000,32.395592079,462.192832172
481.700000000,1.700000000,32.008938623,465.413058707
481.800000000,1.800000000,31.622285166,468.594619897
481.900000000,1.900000000,31.235631708,471.737515741
482.000000000,2.000000000,30.848978250,474.841746238
482.100000000,2.100000000,30.525550976,477.910472700
482.200000000,2.200000000,30.328576072,480.953179052
482.300000000,2.300000000,30.131601168,483.976187914
482.400000000,2.400000000,29.934626264,486.979499286
482.500000000,2.500000000,29.737651359,489.963113167
482.600000000,2.600000000,29.540676455,492.927029557
482.700000000,2.700000000,29.343701550,495.871248458
482.800000000,2.800000000,29.146726644,498.795769867
482.900000000,2.900000000,28.949751739,501.700593787
483.000000000,3.000000000,28.752776833,504.585720215
483.100000000,3.100000000,28.598678410,507.453292977
483.200000000,3.200000000,28.458872147,510.306170505
483.300000000,3.300000000,28.319065884,513.145067407
483.400000000,3.400000000,28.179259621,515.969983682
483.500000000,3.500000000,28.039453358,518.780919331
483.600000000,3.600000000,27.899647094,521.577874353
483.700000000,3.700000000,27.759840831,524.360848750
483.800000000,3.800000000,27.620034567,527.129842520
483.900000000,3.900000000,27.480228304,529.884855663
484.000000000,4.000000000,27.340422040,532.625888180
484.100000000,4.100000000,27.227780238,535.354298294
484.200000000,4.200000000,27.124193258,538.071896969
484.300000000,4.300000000,27.020606277,540.779136946
484.400000000,4.400000000,26.917019296,543.476018224
484.500000000,4.500000000,26.813432315,546.162540805
484.600000000,4.600000000,26.709845334,548.838704687
484.700000000,4.700000000,26.606258353,551.504509872
484.800000000,4.800000000,26.502671372,554.159956358
484.900000000,4.900000000,26.399084391,556.805044146
485.000000000,5.000000000,26.295497410,559.439773236
485.100000000,5.100000000,26.210198582,562.065058036
485.200000000,5.200000000,26.130995805,564.682117755
485.300000000,5.300000000,26.051793028,567.291257197
485.400000000,5.400000000,25.972590251,569.892476361
485.500000000,5.500000000,25.893387473,572.485775247
485.600000000,5.600000000,25.814184696,575.071153856
485.700000000,5.700000000,25.734981919,577.648612186
485.800000000,5.800000000,25.655779142,580.218150239
485.900000000,5.900000000,25.576576364,582.779768015
486.000000000,6.000000000,25.497373587,585.333465512
486.100000000,6.100000000,25.423299933,587.879499188
486.200000000,6.200000000,25.350935987,590.418210984
486.300000000,6.300000000,25.278572041,592.949686386
486.400000000,6.400000000,25.206208096,595.473925392
486.500000000,6.500000000,25.133844150,597.990928005
486.600000000,6.600000000,25.061480204,600.500694222
486.700000000,6.700000000,24.989116257,603.003224045
486.800000000,6.800000000,24.916752311,605.498517474
486.900000000,6.900000000,24.844388365,607.986574508
487.000000000,7.000000000,24.772024419,610.467395147
487.100000000,7.100000000,24.706989143,612.941345825
487.200000000,7.200000000,24.644396758,615.408915120
487.300000000,7.300000000,24.581804372,617.870225177
487.400000000,7.400000000,24.519211987,620.325275995
487.500000000,7.500000000,24.456619601,622.774067574
487.600000000,7.600000000,24.394027216,625.216599915
487.700000000,7.700000000,24.331434830,627.652873017
487.800000000,7.800000000,24.268842444,630.082886881
487.900000000,7.900000000,24.206250059,632.506641506
488.000000000,8.000000000,24.143657673,634.924136893
488.100000000,8.100000000,24.090791227,637.335859338
488.200000000,8.200000000,24.041166761,639.742457237
488.300000000,8.300000000,23.991542295,642.144092690
488.400000000,8.400000000,23.941917830,644.540765696
488.500000000,8.500000000,23.892293364,646.932476256
488.600000000,8.600000000,23.842668898,649.319224369
488.700000000,8.700000000,23.793044432,651.701010035
488.800000000,8.800000000,23.743419966,654.077833255
488.900000000,8.900000000,23.693795500,656.449694029
489.000000000,9.000000000,23.644171034,658.816592355
489.100000000,9.100000000,23.600112426,661.178806528
489.200000000,9.200000000,23.557909104,663.536707605
489.300000000,9.300000000,23.515705782,665.890388349
489.400000000,9.400000000,23.473502459,668.239848761
489.500000000,9.500000000,23.431299137,670.585088841
489.600000000,9.600000000,23.389095815,672.926108589
489.700000000,9.700000000,23.346892493,675.262908004
489.800000000,9.800000000,23.304689171,677.595487087
489.900000000,9.900000000,23.262485848,679.923845838
490.000000000,10.000000000,23.220282526,682.247984257
490.100000000,10.100000000,23.183591154,684.568177941
490.200000000,10.200000000,23.148737099,686.884794353
490.300000000,10.300000000,23.113883044,689.197925361
490.400000000,10.400000000,23.079028989,691.507570962
490.500000000,10.500000000,23.044174934,693.813731158
490.600000000,10.600000000,23.009320879,696.116405949
490.700000000,10.700000000,22.974466824,698.415595334
490.800000000,10.800000000,22.939612769,700.711299314
490.900000000,10.900000000,22.904758714,703.003517888
491.000000000,11.000000000,22.869904659,705.292251057
491.100000000,11.100000000,22.839337212,707.577713151
491.200000000,11.200000000,22.810198635,709.860189943
491.300000000,11.300000000,22.781060057,712.139752877
491.400000000,11.400000000,22.751921480,714.416401954
491.500000000,11.500000000,22.722782902,716.690137173
491.600000000,11.600000000,22.693644324,718.960958535
491.700000000,11.700000000,22.664505747,721.228866038
491.800000000,11.800000000,22.635367169,723.493859684
491.900000000,11.900000000,22.606228591,725.755939472
492.000000000,12.000000000,22.577090014,728.015105402
492.100000000,12.100000000,22.549676438,730.271443725
492.200000000,12.200000000,22.522837862,732.525069440
492.300000000,12.300000000,22.495999287,734.776011297
492.400000000,12.400000000,22.469160712,737.024269297
492.500000000,12.500000000,22.442322136,739.269843440
492.600000000,12.600000000,22.415483561,741.512733724
492.700000000,12.700000000,22.388644986,743.752940152
492.800000000,12.800000000,22.361806410,745.990462722
492.900000000,12.900000000,22.334967835,748.225301434
493.000000000,13.000000000,22.308129260,750.457456289
493.100000000,13.100000000,22.279303362,752.686827920
493.200000000,13.200000000,22.249815024,754.913283839
493.300000000,13.300000000,22.220326686,757.136790925
493.400000000,13.400000000,22.190838348,759.357349176
493.500000000,13.500000000,22.161350010,761.574958594
493.600000000,13.600000000,22.131861672,763.789619178
493.700000000,13.700000000,22.102373334,766.001330929
493.800000000,13.800000000,22.072884996,768.210093845
493.900000000,13.900000000,22.043396658,770.415907928
494.000000000,14.000000000,22.013908320,772.618773177
494.100000000,14.100000000,21.988590218,774.818898104
494.200000000,14.200000000,21.964662194,777.016560724
494.300000000,14.300000000,21.940734171,779.211830543
494.400000000,14.400000000,21.916806147,781.404707558
494.500000000,14.500000000,21.892878123,783.595191772
494.600000000,14.600000000,21.868950100,785.783283183
494.700000000,14.700000000,21.845022076,787.968981792
494.800000000,14.800000000,21.821094052,790.152287598
494.900000000,14.900000000,21.797166029,792.333200602
495.000000000,15.000000000,21.773238005,794.511720804
495.100000000,15.100000000,21.752176830,796.687991546
495.200000000,15.200000000,21.732071272,798.862203951
495.300000000,15.300000000,21.711965713,801.034405800
495.400000000,15.400000000,21.691860155,803.204597094
495.500000000,15.500000000,21.671754596,805.372777831
495.600000000,15.600000000,21.651649038,807.538948013
495.700000000,15.700000000,21.631543479,809.703107639
495.800000000,15.800000000,21.611437921,811.865256709
495.900000000,15.900000000,21.591332362,814.025395223
496.000000000,16.000000000,21.571226803,816.183523181
496.100000000,16.100000000,21.552056314,818.339687337
496.200000000,16.200000000,21.533197513,820.493950028
496.300000000,16.300000000,21.514338713,822.646326840
496.400000000,16.400000000,21.495479913,824.796817771
496.500000000,16.500000000,21.476621112,826.945422822
496.600000000,16.600000000,21.457762312,829.092141993
496.700000000,16.700000000,21.438903512,831.236975285
496.800000000,16.800000000,21.420044711,833.379922696
496.900000000,16.900000000,21.401185911,835.520984227
497.000000000,17.000000000,21.382327111,837.660159878
497.100000000,17.100000000,21.365767013,839.797564584
497.200000000,17.200000000,21.349973149,841.933351592
497.300000000,17.300000000,21.334179285,844.067559214
497.400000000,17.400000000,21.318385421,846.200187449
497.500000000,17.500000000,21.302591558,848.331236298
497.600000000,17.600000000,21.286797694,850.460705761
497.700000000,17.700000000,21.271003830,852.588595837
497.800000000,17.800000000,21.255209966,854.714906527
497.900000000,17.900000000,21.239416102,856.839637830
498.000000000,18.000000000,21.223622238,858.962789747
498.100000000,18.100000000,21.208281423,861.084384930
498.200000000,18.200000000,21.193091623,863.204453583
498.300000000,18.300000000,21.177901824,865.323003255
498.400000000,18.400000000,21.162712024,867.440033947
498.500000000,18.500000000,21.147522225,869.555545660
498.600000000,18.600000000,21.132332425,871.669538392
498.700000000,18.700000000,21.117142626,873.782012145
498.800000000,18.800000000,21.101952826,875.892966918
498.900000000,18.900000000,21.086763027,878.002402710
499.000000000,19.000000000,21.071573227,880.110319523
499.100000000,19.100000000,21.056052617,882.216700815
499.200000000,19.200000000,21.040421737,884.321524533
499.300000000,19.300000000,21.024790857,886.424785163
499.400000000,19.400000000,21.009159977,888.526482704
499.500000000,19.500000000,20.993529096,890.626617158
499.600000000,19.600000000,20.977898216,892.725188524
499.700000000,19.700000000,20.962267336,894.822196801
499.800000000,19.800000000,20.946636456,896.917641991
499.900000000,19.900000000,20.931005575,899.011524092
500.000000000,20.000000000,20.915374695,901.103843106
500.100000000,20.100000000,20.899940866,903.194608884
500.200000000,20.200000000,20.884572720,905.283834563
500.300000000,20.300000000,20.869204575,907.371523428
500.400000000,20.400000000,20.853836429,909.457675478
500.500000000,20.500000000,20.838468284,911.542290714
500.600000000,20.600000000,20.823100138,913.625369135
500.700000000,20.700000000,20.807731993,915.706910742
500.800000000,20.800000000,20.792363847,917.786915534
500.900000000,20.900000000,20.776995702,919.865383511
501.000000000,21.000000000,20.761627556,921.942314674
501.100000000,21.100000000,20.747025204,924.017747312
501.200000000,21.200000000,20.732678116,926.091732478
501.300000000,21.300000000,20.718331028,928.164282935
501.400000000,21.400000000,20.703983940,930.235398683
501.500000000,21.500000000,20.689636852,932.305079723
501.600000000,21.600000000,20.675289764,934.373326054
501.700000000,21.700000000,20.660942677,936.440137676
501.800000000,21.800000000,20.646595589,938.505514589
501.900000000,21.900000000,20.632248501,940.569456794
502.000000000,22.000000000,20.617901413,942.631964289
502.100000000,22.100000000,20.604113597,944.693065040
502.200000000,22.200000000,20.590512205,946.752796330
502.300000000,22.300000000,20.576910813,948.811167481
502.400000000,22.400000000,20.563309421,950.868178493
502.500000000,22.500000000,20.549708029,952.923829365
502.600000000,22.600000000,20.536106637,954.978120098
502.700000000,22.700000000,20.522505245,957.031050692
502.800000000,22.800000000,20.508903853,959.082621147
502.900000000,22.900000000,20.495302461,961.132831463
503.000000000,23.000000000,20.481701069,963.181681639
503.100000000,23.100000000,20.468704283,965.229201907
503.200000000,23.200000000,20.455909033,967.275432573
503.300000000,23.300000000,20.443113782,969.320383714
503.400000000,23.400000000,20.430318532,971.364055329
503.500000000,23.500000000,20.417523281,973.406447420
503.600000000,23.600000000,20.404728031,975.447559986
503.700000000,23.700000000,20.391932781,977.487393026
503.800000000,23.800000000,20.379137530,979.525946542
503.900000000,23.900000000,20.366342280,981.563220532
504.000000000,24.000000000,20.353547029,983.599214998
504.100000000,24.100000000,20.340897143,985.633937206
504.200000000,24.200000000,20.328295712,987.667396849
504.300000000,24.300000000,20.315694281,989.699596349
504.400000000,24.400000000,20.303092850,991.730535705
504.500000000,24.500000000,20.290491419,993.760214919
504.600000000,24.600000000,20.277889988,995.788633989
504.700000000,24.700000000,20.265288557,997.815792916
504.800000000,24.800000000,20.252687126,999.841691701
504.900000000,24.900000000,20.240085695,1001.866330342
505.000000000,25.000000000,20.227484264,1003.889708840
505.100000000,25.100000000,20.215034261,1005.911834766
505.200000000,25.200000000,20.202634734,1007.932718216
505.300000000,25.300000000,20.190235206,1009.952361713
505.400000000,25.400000000,20.177835679,1011.970765257
505.500000000,25.500000000,20.165436152,1013.987928848
505.600000000,25.600000000,20.153036625,1016.003852487
505.700000000,25.700000000,20.140637097,1018.018536173
505.800000000,25.800000000,20.128237570,1020.031979907
505.900000000,25.900000000,20.115838043,1022.044183687
506.000000000,26.000000000,20.103438515,1024.055147515
506.100000000,26.100000000,20.089156041,1026.064777243
506.200000000,26.200000000,20.074245918,1028.072947341
506.300000000,26.300000000,20.059335795,1030.079626427
506.400000000,26.400000000,20.044425672,1032.084814500
506.500000000,26.500000000,20.029515550,1034.088511561
506.600000000,26.600000000,20.014605427,1036.090717610
506.700000000,26.700000000,19.999695304,1038.091432647
506.800000000,26.800000000,19.984785181,1040.090656671
506.900000000,26.900000000,19.969875058,1042.088389683
507.000000000,27.000000000,19.954964935,1044.084631682
507.100000000,27.100000000,19.940380479,1046.079398953
507.200000000,27.200000000,19.925904578,1048.072713206
507.300000000,27.300000000,19.911428678,1050.064579869
507.400000000,27.400000000,19.896952778,1052.054998941
507.500000000,27.500000000,19.882476877,1054.043970424
507.600000000,27.600000000,19.868000977,1056.031494317
507.700000000,27.700000000,19.853525077,1058.017570620
507.800000000,27.800000000,19.839049176,1060.002199332
507.900000000,27.900000000,19.824573276,1061.985380455
508.000000000,28.000000000,19.810097376,1063.967113987
508.100000000,28.100000000,19.796227676,1065.947430240
508.200000000,28.200000000,19.782560042,1067.926369626
508.300000000,28.300000000,19.768892409,1069.903942248
508.400000000,28.400000000,19.755224776,1071.880148108
508.500000000,28.500000000,19.741557143,1073.854987204
508.600000000,28.600000000,19.727889509,1075.828459536
508.700000000,28.700000000,19.714221876,1077.800565106
508.800000000,28.800000000,19.700554243,1079.771303912
508.900000000,28.900000000,19.686886610,1081.740675954
509.000000000,29.000000000,19.673218977,1083.708681233
509.100000000,29.100000000,19.660740902,1085.675379227
509.200000000,29.200000000,19.648659347,1087.640849240
509.300000000,29.300000000,19.636577791,1089.605111097
509.400000000,29.400000000,19.624496236,1091.568164798
509.500000000,29.500000000,19.612414681,1093.530010344
509.600000000,29.600000000,19.600333126,1095.490647734
509.700000000,29.700000000,19.588251570,1097.450076969
509.800000000,29.800000000,19.576170015,1099.408298048
509.900000000,29.900000000,19.564088460,1101.365310972
510.000000000,30.000000000,19.552006905,1103.321115740
510.100000000,30.100000000,19.540525775,1105.275742374
510.200000000,30.200000000,19.529244786,1107.229230902
510.300000000,30.300000000,19.517963798,1109.181591332
510.400000000,30.400000000,19.506682810,1111.132823662
510.500000000,30.500000000,19.495401822,1113.082927894
510.600000000,30.600000000,19.484120834,1115.031904026
510.700000000,30.700000000,19.472839845,1116.979752060
510.800000000,30.800000000,19.461558857,1118.926471995
510.900000000,30.900000000,19.450277869,1120.872063832
511.000000000,31.000000000,19.438996881,1122.816527569
511.100000000,31.100000000,19.428142430,1124.759884535
511.200000000,31.200000000,19.417430159,1126.702163164
511.300000000,31.300000000,19.406717887,1128.643370567
511.400000000,31.400000000,19.396005616,1130.583506742
511.500000000,31.500000000,19.385293344,1132.522571690
511.600000000,31.600000000,19.374581073,1134.460565411
511.700000000,31.700000000,19.363868801,1136.397487904
511.800000000,31.800000000,19.353156530,1138.333339171
511.900000000,31.900000000,19.342444258,1140.268119210
512.000000000,32.000000000,19.331731987,1142.201828022
512.100000000,32.100000000,19.321001424,1144.134464693
512.200000000,32.200000000,19.310264763,1146.066028002
512.300000000,32.300000000,19.299528103,1147.996517646
512.400000000,32.400000000,19.288791443,1149.925933623
512.500000000,32.500000000,19.278054783,1151.854275934
512.600000000,32.600000000,19.267318123,1153.781544579
512.700000000,32.700000000,19.256581462,1155.707739559
512.800000000,32.800000000,19.245844802,1157.632860872
512.900000000,32.900000000,19.235108142,1159.556908519
513.000000000,33.000000000,19.224371482,1161.479882500
513.100000000,33.100000000,19.213940834,1163.401798116
513.200000000,33.200000000,19.203612191,1165.322675767
513.300000000,33.300000000,19.193283548,1167.242520554
513.400000000,33.400000000,19.182954905,1169.161332477
513.500000000,33.500000000,19.172626262,1171.079111535
513.600000000,33.600000000,19.162297619,1172.995857729
513.700000000,33.700000000,19.151968975,1174.911571059
513.800000000,33.800000000,19.141640332,1176.826251524
513.900000000,33.900000000,19.131311689,1178.739899125
514.000000000,34.000000000,19.120983046,1180.652513862
514.100000000,34.100000000,19.109171964,1182.564021613
514.200000000,34.200000000,19.096866735,1184.474323548
514.300000000,34.300000000,19.084561506,1186.383394960
514.400000000,34.400000000,19.072256278,1188.291235849
514.500000000,34.500000000,19.059951049,1190.197846215
514.600000000,34.600000000,19.047645820,1192.103226059
514.700000000,34.700000000,19.035340591,1194.007375379
514.800000000,34.800000000,19.023035363,1195.910294177
514.900000000,34.900000000,19.010730134,1197.811982452
515.000000000,35.000000000,18.998424905,1199.712440204
515.100000000,35.100000000,18.986415492,1201.611682224
515.200000000,35.200000000,18.974504684,1203.509728232
515.300000000,35.300000000,18.962593876,1205.406583160
515.400000000,35.400000000,18.950683068,1207.302247008
515.500000000,35.500000000,18.938772260,1209.196719774
515.600000000,35.600000000,18.926861452,1211.090001460
515.700000000,35.700000000,18.914950645,1212.982092064
515.800000000,35.800000000,18.903039837,1214.872991589
515.900000000,35.900000000,18.891129029,1216.762700032
516.000000000,36.000000000,18.879218221,1218.651217394
516.100000000,36.100000000,18.868224581,1220.538589534
516.200000000,36.200000000,18.857536664,1222.424877597
516.300000000,36.300000000,18.846848747,1224.310096867
516.400000000,36.400000000,18.836160830,1226.194247346
516.500000000,36.500000000,18.825472914,1228.077329033
516.600000000,36.600000000,18.814784997,1229.959341929
516.700000000,36.700000000,18.804097080,1231.840286033
516.800000000,36.800000000,18.793409163,1233.720161345
516.900000000,36.900000000,18.782721246,1235.598967865
517.000000000,37.000000000,18.772033329,1237.476705594
517.100000000,37.100000000,18.760954880,1239.353355004
517.200000000,37.200000000,18.749746253,1241.228890061
517.300000000,37.300000000,18.738537627,1243.103304255
517.400000000,37.400000000,18.727329000,1244.976597586
517.500000000,37.500000000,18.716120374,1246.848770055
517.600000000,37.600000000,18.704911747,1248.719821661
517.700000000,37.700000000,18.693703121,1250.589752405
517.800000000,37.800000000,18.682494494,1252.458562285
517.900000000,37.900000000,18.671285867,1254.326251303
518.000000000,38.000000000,18.660077241,1256.192819459
518.100000000,38.100000000,18.649091418,1258.058277892
518.200000000,38.200000000,18.638179862,1259.922641456
518.300000000,38.300000000,18.627268307,1261.785913864
518.400000000,38.400000000,18.616356752,1263.648095117
518.500000000,38.500000000,18.605445196,1265.509185215
518.600000000,38.600000000,18.594533641,1267.369184156
518.700000000,38.700000000,18.583622086,1269.228091943
518.800000000,38.800000000,18.572710530,1271.085908574
518.900000000,38.900000000,18.561798975,1272.942634049
519.000000000,39.000000000,18.550887419,1274.798268368
519.100000000,39.100000000,18.539659474,1276.652795713
519.200000000,39.200000000,18.528326065,1278.506194990
519.300000000,39.300000000,18.516992656,1280.358460926
519.400000000,39.400000000,18.505659247,1282.209593521
519.500000000,39.500000000,18.494325838,1284.059592776
519.600000000,39.600000000,18.482992429,1285.908458689
519.700000000,39.700000000,18.471659020,1287.756191261
519.800000000,39.800000000,18.460325611,1289.602790493
519.900000000,39.900000000,18.448992202,1291.448256384
520.000000000,40.000000000,18.437658793,1293.292588933
520.100000000,40.100000000,18.425544514,1295.135749099
520.200000000,40.200000000,18.413169944,1296.977684822
520.300000000,40.300000000,18.400795375,1298.818383087
520.400000000,40.400000000,18.388420805,1300.657843896
520.500000000,40.500000000,18.376046236,1302.496067248
520.600000000,40.600000000,18.363671666,1304.333053144
520.700000000,40.700000000,18.351297096,1306.168801582
520.800000000,40.800000000,18.338922527,1308.003312563
520.900000000,40.900000000,18.326547957,1309.836586087
521.000000000,41.000000000,18.314173388,1311.668622154
521.100000000,41.100000000,18.302173543,1313.499439501
521.200000000,41.200000000,18.290298606,1315.329063108
521.300000000,41.300000000,18.278423670,1317.157499222
521.400000000,41.400000000,18.266548733,1318.984747842
521.500000000,41.500000000,18.254673797,1320.810808969
521.600000000,41.600000000,18.242798860,1322.635682602
521.700000000,41.700000000,18.230923924,1324.459368741
521.800000000,41.800000000,18.219048987,1326.281867386
521.900000000,41.900000000,18.207174051,1328.103178538
522.000000000,42.000000000,18.195299114,1329.923302197
522.100000000,42.100000000,18.183777320,1331.742256018
522.200000000,42.200000000,18.172373241,1333.560063546
522.300000000,42.300000000,18.160969162,1335.376730666
522.400000000,42.400000000,18.149565082,1337.192257379
522.500000000,42.500000000,18.138161003,1339.006643683
522.600000000,42.600000000,18.126756923,1340.819889579
522.700000000,42.700000000,18.115352844,1342.631995068
522.800000000,42.800000000,18.103948764,1344.442960148
522.900000000,42.900000000,18.092544685,1346.252784820
523.000000000,43.000000000,18.081140606,1348.061469085
523.100000000,43.100000000,18.070533560,1349.869052793
523.200000000,43.200000000,18.060192192,1351.675589081
523.300000000,43.300000000,18.049850824,1353.481091232
523.400000000,43.400000000,18.039509456,1355.285559246
523.500000000,43.500000000,18.029168088,1357.088993123
523.600000000,43.600000000,18.018826720,1358.891392863
523.700000000,43.700000000,18.008485352,1360.692758467
523.800000000,43.800000000,17.998143984,1362.493089934
523.900000000,43.900000000,17.987802616,1364.292387264
524.000000000,44.000000000,17.977461248,1366.090650457
524.100000000,44.100000000,17.967517153,1367.887899377
524.200000000,44.200000000,17.957705483,1369.684160509
524.300000000,44.300000000,17.947893813,1371.479440473
524.400000000,44.400000000,17.938082142,1373.273739271
524.500000000,44.500000000,17.928270472,1375.067056902
524.600000000,44.600000000,17.918458802,1376.859393366
524.700000000,44.700000000,17.908647132,1378.650748662
524.800000000,44.800000000,17.898835461,1380.441122792
524.900000000,44.900000000,17.889023791,1382.230515755
525.000000000,45.000000000,17.879212121,1384.018927550
525.100000000,45.100000000,17.869474896,1385.806361901
525.200000000,45.200000000,17.859762486,1387.592823770
525.300000000,45.300000000,17.850050076,1389.378314398
525.400000000,45.400000000,17.840337666,1391.162833785
525.500000000,45.500000000,17.830625256,1392.946381931
525.600000000,45.600000000,17.820912846,1394.728958836
525.700000000,45.700000000,17.811200436,1396.510564500
525.800000000,45.800000000,17.801488026,1398.291198923
525.900000000,45.900000000,17.791775616,1400.070862105
526.000000000,46.000000000,17.782063206,1401.849554046
526.100000000,46.100000000,17.772180315,1403.627266223
526.200000000,46.200000000,17.762240597,1405.403987268
526.300000000,46.300000000,17.752300879,1407.179714342
526.400000000,46.400000000,17.742361160,1408.954447444
526.500000000,46.500000000,17.732421442,1410.728186574
526.600000000,46.600000000,17.722481724,1412.500931732
526.700000000,46.700000000,17.712542006,1414.272682919
526.800000000,46.800000000,17.702602288,1416.043440134
526.900000000,46.900000000,17.692662570,1417.813203376
527.000000000,47.000000000,17.682722852,1419.581972648
527.100000000,47.100000000,17.671369890,1421.349677285
527.200000000,47.200000000,17.659545846,1423.116223071
527.300000000,47.300000000,17.647721801,1424.881586454
527.400000000,47.400000000,17.635897757,1426.645767432
527.500000000,47.500000000,17.624073713,1428.408766005
527.600000000,47.600000000,17.612249669,1430.170582174
527.700000000,47.700000000,17.600425625,1431.931215939
527.800000000,47.800000000,17.588601581,1433.690667299
527.900000000,47.900000000,17.576777537,1435.448936255
528.000000000,48.000000000,17.564953492,1437.206022807
528.100000000,48.100000000,17.552300350,1438.961885499
528.200000000,48.200000000,17.539370841,1440.716469058
528.300000000,48.300000000,17.526441332,1442.469759667
528.400000000,48.400000000,17.513511823,1444.221757325
528.500000000,48.500000000,17.500582314,1445.972462031
528.600000000,48.600000000,17.487652805,1447.721873787
528.700000000,48.700000000,17.474723296,1449.469992592
528.800000000,48.800000000,17.461793787,1451.216818446
528.900000000,48.900000000,17.448864278,1452.962351350
529.000000000,49.000000000,17.435934769,1454.706591302
529.100000000,49.100000000,17.423598500,1456.449567965
529.200000000,49.200000000,17.411459978,1458.191320889
529.300000000,49.300000000,17.399321455,1459.931859961
529.400000000,49.400000000,17.387182933,1461.671185180
529.500000000,49.500000000,17.375044411,1463.409296548
529.600000000,49.600000000,17.362905889,1465.146194063
529.700000000,49.700000000,17.350767367,1466.881877725
529.800000000,49.800000000,17.338628845,1468.616347536
529.900000000,49.900000000,17.326490323,1470.349603494
530.000000000,50.000000000,17.314351800,1472.081645600
530.100000000,50.100000000,17.302155873,1473.812470984
530.200000000,50.200000000,17.289940811,1475.542075818
530.300000000,50.300000000,17.277725749,1477.270459146
530.400000000,50.400000000,17.265510687,1478.997620968
530.500000000,50.500000000,17.253295625,1480.723561284
530.600000000,50.600000000,17.241080563,1482.448280093
530.700000000,50.700000000,17.228865501,1484.171777396
530.800000000,50.800000000,17.216650439,1485.894053193
530.900000000,50.900000000,17.204435377,1487.615107484
531.000000000,51.000000000,17.192220314,1489.334940269
531.100000000,51.100000000,17.180104031,1491.053556486
531.200000000,51.200000000,17.168020674,1492.770962721
531.300000000,51.300000000,17.155937316,1494.487160621
531.400000000,51.400000000,17.143853959,1496.202150184
531.500000000,51.500000000,17.131770602,1497.915931412
531.600000000,51.600000000,17.119687244,1499.628504305
531.700000000,51.700000000,17.107603887,1501.339868861
531.800000000,51.800000000,17.095520530,1503.050025082
531.900000000,51.900000000,17.083437172,1504.758972967
532.000000000,52.000000000,17.071353815,1506.466712516
532.100000000,52.100000000,17.060138407,1508.173287127
532.200000000,52.200000000,17.049212315,1509.878754664
532.300000000,52.300000000,17.038286223,1511.583129590
532.400000000,52.400000000,17.027360131,1513.286411908
532.500000000,52.500000000,17.016434039,1514.988601617
532.600000000,52.600000000,17.005507947,1516.689698716
532.700000000,52.700000000,16.994581855,1518.389703206
532.800000000,52.800000000,16.983655763,1520.088615087
532.900000000,52.900000000,16.972729671,1521.786434358
533.000000000,53.000000000,16.961803579,1523.483161021
533.100000000,53.100000000,16.951370818,1525.178819741
533.200000000,53.200000000,16.941102500,1526.873443407
533.300000000,53.300000000,16.930834183,1528.567040241
533.400000000,53.400000000,16.920565866,1530.259610243
533.500000000,53.500000000,16.910297549,1531.951153414
533.600000000,53.600000000,16.900029231,1533.641669753
533.700000000,53.700000000,16.889760914,1535.331159260
533.800000000,53.800000000,16.879492597,1537.019621936
533.900000000,53.900000000,16.869224280,1538.707057779
534.000000000,54.000000000,16.858955962,1540.393466792
534.100000000,54.100000000,16.848401538,1542.078834667
534.200000000,54.200000000,16.837751744,1543.763142331
534.300000000,54.300000000,16.827101951,1545.446385015
534.400000000,54.400000000,16.816452157,1547.128562721
534.500000000,54.500000000,16.805802364,1548.809675447
534.600000000,54.600000000,16.795152570,1550.489723194
534.700000000,54.700000000,16.784502777,1552.168705961
534.800000000,54.800000000,16.773852983,1553.846623749
534.900000000,54.900000000,16.763203190,1555.523476558
535.000000000,55.000000000,16.752553396,1557.199264387
535.100000000,55.100000000,16.741610541,1558.873972584
535.200000000,55.200000000,16.730569999,1560.547581611
535.300000000,55.300000000,16.719529457,1562.220086584
535.400000000,55.400000000,16.708488915,1563.891487502
535.500000000,55.500000000,16.697448374,1565.561784367
535.600000000,55.600000000,16.686407832,1567.230977177
535.700000000,55.700000000,16.675367290,1568.899065933
535.800000000,55.800000000,16.664326748,1570.566050635
535.900000000,55.900000000,16.653286206,1572.231931283
536.000000000,56.000000000,16.642245664,1573.896707876
536.100000000,56.100000000,16.630494756,1575.560344897
536.200000000,56.200000000,16.618507059,1577.222794988
536.300000000,56.300000000,16.606519363,1578.884046309
536.400000000,56.400000000,16.594531666,1580.544098860
536.500000000,56.500000000,16.582543970,1582.202952642
536.600000000,56.600000000,16.570556273,1583.860607654
536.700000000,56.700000000,16.558568577,1585.517063897
536.800000000,56.800000000,16.546580880,1587.172321370
536.900000000,56.900000000,16.534593184,1588.826380073
537.000000000,57.000000000,16.522605487,1590.479240006
537.100000000,57.100000000,16.508569633,1592.130798762
537.200000000,57.200000000,16.493851060,1593.780919797
537.300000000,57.300000000,16.479132487,1595.429568975
537.400000000,57.400000000,16.464413914,1597.076746295
537.500000000,57.500000000,16.449695341,1598.722451757
537.600000000,57.600000000,16.434976767,1600.366685363
537.700000000,57.700000000,16.420258194,1602.009447111
537.800000000,57.800000000,16.405539621,1603.650737002
537.900000000,57.900000000,16.390821048,1605.290555035
538.000000000,58.000000000,16.376102475,1606.928901211
538.100000000,58.100000000,16.362263562,1608.565819513
538.200000000,58.200000000,16.348717869,1610.201368585
538.300000000,58.300000000,16.335172177,1611.835563087
538.400000000,58.400000000,16.321626484,1613.468403020
538.500000000,58.500000000,16.308080791,1615.099888384
538.600000000,58.600000000,16.294535098,1616.730019178
538.700000000,58.700000000,16.280989406,1618.358795403
538.800000000,58.800000000,16.267443713,1619.986217059
538.900000000,58.900000000,16.253898020,1621.612284146
539.000000000,59.000000000,16.240352328,1623.236996663
539.100000000,59.100000000,16.227768205,1624.860402690
539.200000000,59.200000000,16.215504605,1626.482566330
539.300000000,59.300000000,16.203241006,1628.103503611
539.400000000,59.400000000,16.190977406,1629.723214531
539.500000000,59.500000000,16.178713806,1631.341699092
539.600000000,59.600000000,16.166450207,1632.958957293
539.700000000,59.700000000,16.154186607,1634.574989133
539.800000000,59.800000000,16.141923008,1636.189794614
539.900000000,59.900000000,16.129659408,1637.803373735
540.000000000,60.000000000,16.117395808,1639.415726496
540.100000000,60.100000000,16.105899777,1641.026891275
540.200000000,60.200000000,16.094659601,1642.636919244
540.300000000,60.300000000,16.083419425,1644.245823195
540.400000000,60.400000000,16.072179249,1645.853603129
540.500000000,60.500000000,16.060939073,1647.460259045
540.600000000,60.600000000,16.049698897,1649.065790943
540.700000000,60.700000000,16.038458721,1650.670198824
540.800000000,60.800000000,16.027218545,1652.273482688
540.900000000,60.900000000,16.015978369,1653.875642533
541.000000000,61.000000000,16.004738194,1655.476678362
541.100000000,61.100000000,15.993967982,1657.076613670
541.200000000,61.200000000,15.983354425,1658.675479791
541.300000000,61.300000000,15.972740868,1660.273284555
541.400000000,61.400000000,15.962127312,1661.870027964
541.500000000,61.500000000,15.951513755,1663.465710018
541.600000000,61.600000000,15.940900198,1665.060330715
541.700000000,61.700000000,15.930286641,1666.653890057
541.800000000,61.800000000,15.919673085,1668.246388044
541.900000000,61.900000000,15.909059528,1669.837824674
542.000000000,62.000000000,15.898445971,1671.428199949
542.100000000,62.100000000,15.888295604,1673.017537028
542.200000000,62.200000000,15.878299633,1674.605866790
542.300000000,62.300000000,15.868303662,1676.193196955
542.400000000,62.400000000,15.858307690,1677.779527522
542.500000000,62.500000000,15.848311719,1679.364858493
542.600000000,62.600000000,15.838315748,1680.949189866
542.700000000,62.700000000,15.828319777,1682.532521642
542.800000000,62.800000000,15.818323806,1684.114853822
542.900000000,62.900000000,15.808327835,1685.696186404
543.000000000,63.000000000,15.798331864,1687.276519389
543.100000000,63.100000000,15.788546284,1688.855863296
543.200000000,63.200000000,15.778830834,1690.434232152
543.300000000,63.300000000,15.769115384,1692.011629463
543.400000000,63.400000000,15.759399934,1693.588055229
543.500000000,63.500000000,15.749684484,1695.163509449
543.600000000,63.600000000,15.739969034,1696.737992125
543.700000000,63.700000000,15.730253584,1698.311503256
543.800000000,63.800000000,15.720538134,1699.884042842
543.900000000,63.900000000,15.710822684,1701.455610883
544.000000000,64.000000000,15.701107234,1703.026207379
544.100000000,64.100000000,15.691467946,1704.595836138
544.200000000,64.200000000,15.681854046,1706.164502237
544.300000000,64.300000000,15.672240145,1707.732206947
544.400000000,64.400000000,15.662626245,1709.298950267
544.500000000,64.500000000,15.653012345,1710.864732196
544.600000000,64.600000000,15.643398444,1712.429552735
544.700000000,64.700000000,15.633784544,1713.993411885
544.800000000,64.800000000,15.624170643,1715.556309644
544.900000000,64.900000000,15.614556743,1717.118246014
545.000000000,65.000000000,15.604942843,1718.679220993
545.100000000,65.100000000,15.595399653,1720.239238118
545.200000000,65.200000000,15.585880034,1721.798302102
545.300000000,65.300000000,15.576360415,1723.356414124
545.400000000,65.400000000,15.566840796,1724.913574185
545.500000000,65.500000000,15.557321177,1726.469782284
545.600000000,65.600000000,15.547801558,1728.025038420
545.700000000,65.700000000,15.538281939,1729.579342595
545.800000000,65.800000000,15.528762320,1731.132694808
545.900000000,65.900000000,15.519242701,1732.685095059
546.000000000,66.000000000,15.509723082,1734.236543348
546.100000000,66.100000000,15.500060711,1735.787032538
546.200000000,66.200000000,15.490350757,1737.336553111
546.300000000,66.300000000,15.480640803,1738.885102689
546.400000000,66.400000000,15.470930848,1740.432681272
546.500000000,66.500000000,15.461220894,1741.979288859
546.600000000,66.600000000,15.451510940,1743.524925451
546.700000000,66.700000000,15.441800986,1745.069591047
546.800000000,66.800000000,15.432091031,1746.613285648
546.900000000,66.900000000,15.422381077,1748.156009253
547.000000000,67.000000000,15.412671123,1749.697761863
547.100000000,67.100000000,15.402483319,1751.238519585
547.200000000,67.200000000,15.392136233,1752.778250563
547.300000000,67.300000000,15.381789147,1754.316946832
547.400000000,67.400000000,15.371442061,1755.854608392
547.500000000,67.500000000,15.361094975,1757.391235244
547.600000000,67.600000000,15.350747889,1758.926827387
547.700000000,67.700000000,15.340400803,1760.461384822
547.800000000,67.800000000,15.330053716,1761.994907548
547.900000000,67.900000000,15.319706630,1763.527395565
548.000000000,68.000000000,15.309359544,1765.058848874
548.100000000,68.100000000,15.298911445,1766.589262423
548.200000000,68.200000000,15.288429676,1768.118629479
548.300000000,68.300000000,15.277947906,1769.646948359
548.400000000,68.400000000,15.267466137,1771.174219061
548.500000000,68.500000000,15.256984368,1772.700441586
548.600000000,68.600000000,15.246502598,1774.225615934
548.700000000,68.700000000,15.236020829,1775.749742106
548.800000000,68.800000000,15.225539059,1777.272820100
548.900000000,68.900000000,15.215057290,1778.794849917
549.000000000,69.000000000,15.204575520,1780.315831558
549.100000000,69.100000000,15.193931675,1781.835756918
549.200000000,69.200000000,15.183233806,1783.354615192
549.300000000,69.300000000,15.172535936,1784.872403679
549.400000000,69.400000000,15.161838066,1786.389122379
549.500000000,69.500000000,15.151140196,1787.904771292
549.600000000,69.600000000,15.140442326,1789.419350418
549.700000000,69.700000000,15.129744456,1790.932859757
549.800000000,69.800000000,15.119046586,1792.445299309
549.900000000,69.900000000,15.108348716,1793.956669075
550.000000000,70.000000000,15.097650847,1795.466969053
550.100000000,70.100000000,15.087444089,1796.976223799
550.200000000,70.200000000,15.077401035,1798.484466056
550.300000000,70.300000000,15.067357981,1799.991704006
550.400000000,70.400000000,15.057314928,1801.497937652
550.500000000,70.500000000,15.047271874,1803.003166992
550.600000000,70.600000000,15.037228820,1804.507392027
550.700000000,70.700000000,15.027185766,1806.010612756
550.800000000,70.800000000,15.017142712,1807.512829180
550.900000000,70.900000000,15.007099659,1809.014041298
551.000000000,71.000000000,14.997056605,1810.514249112
551.100000000,71.100000000,14.987393674,1812.013471626
551.200000000,71.200000000,14.977857450,1813.511734182
551.300000000,71.300000000,14.968321227,1815.009043116
551.400000000,71.400000000,14.958785003,1816.505398427
551.500000000,71.500000000,14.949248780,1818.000800116
551.600000000,71.600000000,14.939712556,1819.495248183
551.700000000,71.700000000,14.930176332,1820.988742627
551.800000000,71.800000000,14.920640109,1822.481283450
551.900000000,71.900000000,14.911103885,1823.972870649
552.000000000,72.000000000,14.901567662,1825.463504227
552.100000000,72.100000000,14.892412384,1826.953203229
552.200000000,72.200000000,14.883384087,1828.441993052
552.300000000,72.300000000,14.874355791,1829.929880046
552.400000000,72.400000000,14.865327495,1831.416864211
552.500000000,72.500000000,14.856299199,1832.902945545
552.600000000,72.600000000,14.847270902,1834.388124050
552.700000000,72.700000000,14.838242606,1835.872399726
552.800000000,72.800000000,14.829214310,1837.355772572
552.900000000,72.900000000,14.820186013,1838.838242588
553.000000000,73.000000000,14.811157717,1840.319809774
553.100000000,73.100000000,14.802234398,1841.800479380
553.200000000,73.200000000,14.793346071,1843.280258403
553.300000000,73.300000000,14.784457745,1844.759148594
553.400000000,73.400000000,14.775569418,1846.237149952
553.500000000,73.500000000,14.766681092,1847.714262478
553.600000000,73.600000000,14.757792765,1849.190486171
553.700000000,73.700000000,14.748904439,1850.665821031
553.800000000,73.800000000,14.740016112,1852.140267058
553.900000000,73.900000000,14.731127785,1853.613824253
554.000000000,74.000000000,14.722239459,1855.086492616
554.100000000,74.100000000,14.713686195,1856.558288898
554.200000000,74.200000000,14.705324741,1858.029239445
554.300000000,74.300000000,14.696971233,1859.499354244
554.400000000,74.400000000,14.688617724,1860.968633692
554.500000000,74.500000000,14.680264216,1862.437077789
554.600000000,74.600000000,14.671910707,1863.904686535
554.700000000,74.700000000,14.663557199,1865.371459930
554.800000000,74.800000000,14.655203691,1866.837397975
554.900000000,74.900000000,14.646875742,1868.302501946
555.000000000,75.000000000,14.638592292,1869.766775348
555.100000000,75.100000000,14.630286365,1871.230219281
555.200000000,75.200000000,14.621972945,1872.692832246
555.300000000,75.300000000,14.613659524,1874.154613870
555.400000000,75.400000000,14.605346104,1875.615564151
555.500000000,75.500000000,14.597032684,1877.075683091
555.600000000,75.600000000,14.588719264,1878.534970688
555.700000000,75.700000000,14.580405844,1879.993426943
555.800000000,75.800000000,14.572092424,1881.451051857
555.900000000,75.900000000,14.563779004,1882.907845428
556.000000000,76.000000000,14.555465583,1884.363807657
556.100000000,76.100000000,14.547211026,1885.818941488
556.200000000,76.200000000,14.538981871,1887.273251133
556.300000000,76.300000000,14.530785729,1888.726739513
556.400000000,76.400000000,14.522608128,1890.179409206
556.500000000,76.500000000,14.514467758,1891.631263000
556.600000000,76.600000000,14.506327389,1893.082302757
556.700000000,76.700000000,14.498187019,1894.532528478
556.800000000,76.800000000,14.490059400,1895.981940799
556.900000000,76.900000000,14.481959509,1897.430541744
557.000000000,77.000000000,14.473907920,1898.878335116
557.100000000,77.100000000,14.466001310,1900.325330577
557.200000000,77.200000000,14.458142400,1901.771537763
557.300000000,77.300000000,14.450283491,1903.216959057
557.400000000,77.400000000,14.442469090,1904.661596686
557.500000000,77.500000000,14.434693249,1906.105454803
557.600000000,77.600000000,14.426919537,1907.548535442
557.700000000,77.700000000,14.419145825,1908.990838710
557.800000000,77.800000000,14.411372113,1910.432364607
557.900000000,77.900000000,14.403623703,1911.873114398
558.000000000,78.000000000,14.395895412,1913.313090354
558.100000000,78.100000000,14.387580821,1914.752264165
558.200000000,78.200000000,14.379115043,1916.190598959
558.300000000,78.300000000,14.370653899,1917.628087406
558.400000000,78.400000000,14.362260927,1919.064733147
558.500000000,78.500000000,14.353899168,1920.500541152
558.600000000,78.600000000,14.345554278,1921.935513824
558.700000000,78.700000000,14.337239003,1923.369653488
558.800000000,78.800000000,14.328923727,1924.802961625
558.900000000,78.900000000,14.320608451,1926.235438234
559.000000000,79.000000000,14.312293176,1927.667083315
559.100000000,79.100000000,14.303622356,1929.097879092
559.200000000,79.200000000,14.294833021,1930.527801860
559.300000000,79.300000000,14.286066323,1931.956846828
559.400000000,79.400000000,14.277323678,1933.385016328
559.500000000,79.500000000,14.268581032,1934.812311563
559.600000000,79.600000000,14.259838386,1936.238732534
559.700000000,79.700000000,14.251136523,1937.664281279
559.800000000,79.800000000,14.242461227,1939.088961167
559.900000000,79.900000000,14.233804797,1940.512774468
560.000000000,80.000000000,14.225148367,1941.935722126
560.100000000,80.100000000,14.216993494,1943.357829219
560.200000000,80.200000000,14.209005805,1944.779129184
560.300000000,80.300000000,14.201018117,1946.199630380
560.400000000,80.400000000,14.193030429,1947.619332808
560.500000000,80.500000000,14.185042740,1949.038236466
560.600000000,80.600000000,14.177055052,1950.456341356
560.700000000,80.700000000,14.169067364,1951.873647477
560.800000000,80.800000000,14.161079676,1953.290154829
560.900000000,80.900000000,14.153091987,1954.705863412
561.000000000,81.000000000,14.145104299,1956.120773226
561.100000000,81.100000000,14.137428591,1957.534899870
561.200000000,81.200000000,14.129856876,1958.948264144
561.300000000,81.300000000,14.122285161,1960.360871246
561.400000000,81.400000000,14.114713447,1961.772721176
561.500000000,81.500000000,14.107161093,1963.183814903
561.600000000,81.600000000,14.099610035,1964.594153460
561.700000000,81.700000000,14.092058977,1966.003736910
561.800000000,81.800000000,14.084507918,1967.412565255
561.900000000,81.900000000,14.076956860,1968.820638494
562.000000000,82.000000000,14.069405802,1970.227956627
562.100000000,82.100000000,14.061972448,1971.634525539
562.200000000,82.200000000,14.054632292,1973.040355776
562.300000000,82.300000000,14.047305730,1974.445452678
562.400000000,82.400000000,14.039980062,1975.849816967
562.500000000,82.500000000,14.032687435,1977.253450342
562.600000000,82.600000000,14.025394809,1978.656354454
562.700000000,82.700000000,14.018112817,1980.058529835
562.800000000,82.800000000,14.010887214,1981.459979837
562.900000000,82.900000000,14.003680867,1982.860708241
563.000000000,83.000000000,13.996493064,1984.260716938
563.100000000,83.100000000,13.989374915,1985.660010337
563.200000000,83.200000000,13.982279984,1987.058593082
563.300000000,83.300000000,13.975185052,1988.456466333
563.400000000,83.400000000,13.968090505,1989.853630111
563.500000000,83.500000000,13.961012178,1991.250085245
563.600000000,83.600000000,13.953951508,1992.645833430
563.700000000,83.700000000,13.946890837,1994.040875547
563.800000000,83.800000000,13.939842597,1995.435212219
563.900000000,83.900000000,13.932795519,1996.828844124
564.000000000,84.000000000,13.925758842,1998.221771843
564.100000000,84.100000000,13.918886726,1999.614004121
564.200000000,84.200000000,13.912079143,2001.005552414
564.300000000,84.300000000,13.905271560,2002.396419949
564.400000000,84.400000000,13.898463977,2003.786606726
564.500000000,84.500000000,13.891658306,2005.176112841
564.600000000,84.600000000,13.884901289,2006.564940820
564.700000000,84.700000000,13.878154156,2007.953093592
564.800000000,84.800000000,13.871407022,2009.340571651
564.900000000,84.900000000,13.864659889,2010.727374997
565.000000000,85.000000000,13.857912756,2012.113503629
565.100000000,85.100000000,13.851236216,2013.498961078
565.200000000,85.200000000,13.844583206,2014.883752049
565.300000000,85.300000000,13.837930196,2016.267877719
565.400000000,85.400000000,13.831278224,2017.651338140
565.500000000,85.500000000,13.824633934,2019.034133748
565.600000000,85.600000000,13.817989643,2020.416264927
565.700000000,85.700000000,13.811345353,2021.797731677
565.800000000,85.800000000,13.804701063,2023.178533997
565.900000000,85.900000000,13.798056772,2024.558671889
566.000000000,86.000000000,13.791412482,2025.938145352
566.100000000,86.100000000,13.784710106,2027.316951481
566.200000000,86.200000000,13.777988367,2028.695086405
566.300000000,86.300000000,13.771266629,2030.072549155
566.400000000,86.400000000,13.764544891,2031.449339731
566.500000000,86.500000000,13.757824005,2032.825458175
566.600000000,86.600000000,13.751107425,2034.200904747
566.700000000,86.700000000,13.744390845,2035.575679660
566.800000000,86.800000000,13.737683166,2036.949783361
566.900000000,86.900000000,13.731011434,2038.323218091
567.000000000,87.000000000,13.724352708,2039.695986298
567.100000000,87.100000000,13.717456997,2041.068076783
567.200000000,87.200000000,13.710520706,2042.439475669
567.300000000,87.300000000,13.703627180,2043.810183063
567.400000000,87.400000000,13.696743103,2045.180201577
567.500000000,87.500000000,13.689859026,2046.549531683
567.600000000,87.600000000,13.682974948,2047.918173382
567.700000000,87.700000000,13.676097841,2049.286127022
567.800000000,87.800000000,13.669244593,2050.653394143
567.900000000,87.900000000,13.662391346,2052.019975940
568.000000000,88.000000000,13.655538099,2053.385872413
568.100000000,88.100000000,13.648436347,2054.751071135
568.200000000,88.200000000,13.641251760,2056.115555540
568.300000000,88.300000000,13.634067173,2057.479321487
568.400000000,88.400000000,13.626882586,2058.842368975
568.500000000,88.500000000,13.619697999,2060.204698004
568.600000000,88.600000000,13.612513412,2061.566308575
568.700000000,88.700000000,13.605328825,2062.927200686
568.800000000,88.800000000,13.598149117,2064.287374583
568.900000000,88.900000000,13.590997948,2065.646831937
569.000000000,89.000000000,13.583846779,2067.005574173
569.100000000,89.100000000,13.576689225,2068.363600973
569.200000000,89.200000000,13.569529542,2069.720911912
569.300000000,89.300000000,13.562369860,2071.077506882
569.400000000,89.400000000,13.555210177,2072.433385884
569.500000000,89.500000000,13.548050495,2073.788548917
569.600000000,89.600000000,13.540890812,2075.142995983
569.700000000,89.700000000,13.533731130,2076.496727080
569.800000000,89.800000000,13.526571447,2077.849742208
569.900000000,89.900000000,13.519411765,2079.202041369
570.000000000,90.000000000,13.512252082,2080.553624561
570.100000000,90.100000000,13.505212698,2081.904497800
570.200000000,90.200000000,13.498213414,2083.254669106
570.300000000,90.300000000,13.491214130,2084.604140483
570.400000000,90.400000000,13.484235935,2085.952912987
570.500000000,90.500000000,13.477265655,2087.300988066
570.600000000,90.600000000,13.470295375,2088.648366117
570.700000000,90.700000000,13.463325094,2089.995047141
570.800000000,90.800000000,13.456354814,2091.341031136
570.900000000,90.900000000,13.449384533,2092.686318104
571.000000000,91.000000000,13.442414253,2094.030908043
571.100000000,91.100000000,13.435552421,2095.374806377
571.200000000,91.200000000,13.428732216,2096.718020609
571.300000000,91.300000000,13.421930561,2098.060553747
571.400000000,91.400000000,13.415128907,2099.402406721
571.500000000,91.500000000,13.408327252,2100.743579529
571.600000000,91.600000000,13.401525597,2102.084072171
571.700000000,91.700000000,13.394723943,2103.423884648
571.800000000,91.800000000,13.387922288,2104.763016960
571.900000000,91.900000000,13.381120633,2106.101469106
572.000000000,92.000000000,13.374318979,2107.439241086
572.100000000,92.100000000,13.367600616,2108.776337066
572.200000000,92.200000000,13.360914538,2110.112762824
572.300000000,92.300000000,13.354252288,2111.448521165
572.400000000,92.400000000,13.347616966,2112.783614628
572.500000000,92.500000000,13.341005714,2114.118045762
572.600000000,92.600000000,13.334399432,2115.451816019
572.700000000,92.700000000,13.327812452,2116.784926613
572.800000000,92.800000000,13.321232881,2118.117378880
572.900000000,92.900000000,13.314653310,2119.449173190
573.000000000,93.000000000,13.308073739,2120.780309542
573.100000000,93.100000000,13.301860293,2122.110806244
573.200000000,93.200000000,13.295768889,2123.440687703
573.300000000,93.300000000,13.289677485,2124.769960022
573.400000000,93.400000000,13.283586081,2126.098623200
573.500000000,93.500000000,13.277494678,2127.426677238
573.600000000,93.600000000,13.271403274,2128.754122135
573.700000000,93.700000000,13.265352359,2130.080959917
573.800000000,93.800000000,13.259309728,2131.407193021
573.900000000,93.900000000,13.253267096,2132.732821863
574.000000000,94.000000000,13.247238466,2134.057847141
574.100000000,94.100000000,13.241385489,2135.382278338
574.200000000,94.200000000,13.235587455,2136.706126986
574.300000000,94.300000000,13.229789420,2138.029395829
574.400000000,94.400000000,13.223991386,2139.352084870
574.500000000,94.500000000,13.218193351,2140.674194107
574.600000000,94.600000000,13.212395317,2141.995723540
574.700000000,94.700000000,13.206597282,2143.316673170
574.800000000,94.800000000,13.200799248,2144.637042996
574.900000000,94.900000000,13.195001213,2145.956833019
575.000000000,95.000000000,13.189203179,2147.276043239
575.100000000,95.100000000,13.183464900,2148.594676643
575.200000000,95.200000000,13.177746540,2149.912737215
575.300000000,95.300000000,13.172044038,2151.230226744
575.400000000,95.400000000,13.166347763,2152.547146334
575.500000000,95.500000000,13.160651488,2153.863496296
575.600000000,95.600000000,13.154955212,2155.179276631
575.700000000,95.700000000,13.149258937,2156.494487339
575.800000000,95.800000000,13.143562662,2157.809128419
575.900000000,95.900000000,13.137866386,2159.123199871
576.000000000,96.000000000,13.132170111,2160.436701696
576.100000000,96.100000000,13.126261755,2161.749623289
576.200000000,96.200000000,13.120282705,2163.061950512
576.300000000,96.300000000,13.114303655,2164.373679830
576.400000000,96.400000000,13.108324605,2165.684811243
576.500000000,96.500000000,13.102345556,2166.995344752
576.600000000,96.600000000,13.096366506,2168.305280355
576.700000000,96.700000000,13.090387456,2169.614618053
576.800000000,96.800000000,13.084408406,2170.923357846
576.900000000,96.900000000,13.078429356,2172.231499734
577.000000000,97.000000000,13.072450306,2173.539043717
577.100000000,97.100000000,13.065996544,2174.845966060
577.200000000,97.200000000,13.059384545,2176.152235114
577.300000000,97.300000000,13.052772545,2177.457842969
577.400000000,97.400000000,13.046186281,2178.762790910
577.500000000,97.500000000,13.039603923,2180.067080420
577.600000000,97.600000000,13.033022481,2181.370711740
577.700000000,97.700000000,13.026469493,2182.673686339
577.800000000,97.800000000,13.019916504,2183.976005639
577.900000000,97.900000000,13.013363516,2185.277669640
578.000000000,98.000000000,13.006810528,2186.578678342
578.100000000,98.100000000,13.000128492,2187.879025293
578.200000000,98.200000000,12.993418015,2189.178702618
578.300000000,98.300000000,12.986721212,2190.477709580
578.400000000,98.400000000,12.980024408,2191.776046861
578.500000000,98.500000000,12.973327604,2193.073714461
578.600000000,98.600000000,12.966630800,2194.370712381
578.700000000,98.700000000,12.959933996,2195.667040621
578.800000000,98.800000000,12.953237193,2196.962699181
578.900000000,98.900000000,12.946540389,2198.257688060
579.000000000,99.000000000,12.939843585,2199.552007258
579.100000000,99.100000000,12.933420837,2200.845670480
579.200000000,99.200000000,12.927081425,2202.138695593
579.300000000,99.300000000,12.920742014,2203.431086765
579.400000000,99.400000000,12.914402602,2204.722843995
579.500000000,99.500000000,12.908063190,2206.013967285
579.600000000,99.600000000,12.901732244,2207.304457057
579.700000000,99.700000000,12.895418988,2208.594314618
579.800000000,99.800000000,12.889105733,2209.883540854
579.900000000,99.900000000,12.882792478,2211.172135765
580.000000000,100.000000000,12.876479222,2212.460099350
580.100000000,100.100000000,12.870382187,2213.747442420
580.200000000,100.200000000,12.864373672,2215.034180213
580.300000000,100.300000000,12.858372523,2216.320317523
580.400000000,100.400000000,12.852371374,2217.605854718
580.500000000,100.500000000,12.846385901,2218.890792582
580.600000000,100.600000000,12.840408902,2220.175132322
580.700000000,100.700000000,12.834431904,2221.458874362
580.800000000,100.800000000,12.828454906,2222.742018703
580.900000000,100.900000000,12.822477907,2224.024565343
581.000000000,101.000000000,12.816500909,2225.306514284
581.100000000,101.100000000,12.810701522,2226.587874406
581.200000000,101.200000000,12.804961338,2227.868657549
581.300000000,101.300000000,12.799221154,2229.148866673
581.400000000,101.400000000,12.793480971,2230.428501780
581.500000000,101.500000000,12.787740787,2231.707562868
581.600000000,101.600000000,12.782000604,2232.986049937
581.700000000,101.700000000,12.776260420,2234.263962988
581.800000000,101.800000000,12.770520236,2235.541302021
581.900000000,101.900000000,12.764780053,2236.818067036
582.000000000,102.000000000,12.759039869,2238.094258032
582.100000000,102.100000000,12.753464508,2239.369883251
582.200000000,102.200000000,12.747944088,2240.644953680
582.300000000,102.300000000,12.742423667,2241.919472068
582.400000000,102.400000000,12.736903247,2243.193438414
582.500000000,102.500000000,12.731382826,2244.466852717
582.600000000,102.600000000,12.725871338,2245.739715426
582.700000000,102.700000000,12.720372713,2247.012027628
582.800000000,102.800000000,12.714874089,2248.283789968
582.900000000,102.900000000,12.709375465,2249.555002446
583.000000000,103.000000000,12.703876840,2250.825665061
583.100000000,103.100000000,12.698497865,2252.095783796
583.200000000,103.200000000,12.693158773,2253.365366628
583.300000000,103.300000000,12.687819681,2254.634415551
583.400000000,103.400000000,12.682480588,2255.902930564
583.500000000,103.500000000,12.677141496,2257.170911669
583.600000000,103.600000000,12.671802404,2258.438358864
583.700000000,103.700000000,12.666463312,2259.705272149
583.800000000,103.800000000,12.661124220,2260.971651526
583.900000000,103.900000000,12.655785127,2262.237496993
584.000000000,104.000000000,12.650446035,2263.502808552
584.100000000,104.100000000,12.645173410,2264.767589524
584.200000000,104.200000000,12.639922939,2266.031844341
584.300000000,104.300000000,12.634672469,2267.295574112
584.400000000,104.400000000,12.629440268,2268.558779749
584.500000000,104.500000000,12.624210939,2269.821462309
584.600000000,104.600000000,12.618981609,2271.083621936
584.700000000,104.700000000,12.613752280,2272.345258631
584.800000000,104.800000000,12.608542208,2273.606373355
584.900000000,104.900000000,12.603332406,2274.866967086
585.000000000,105.000000000,12.598122604,2276.127039836
585.100000000,105.100000000,12.592887372,2277.386590335
585.200000000,105.200000000,12.587643665,2278.645616887
585.300000000,105.300000000,12.582419284,2279.904120034
585.400000000,105.400000000,12.577196125,2281.162100805
585.500000000,105.500000000,12.571972966,2282.419559259
585.600000000,105.600000000,12.566749807,2283.676495398
585.700000000,105.700000000,12.561526648,2284.932909221
585.800000000,105.800000000,12.556303489,2286.188800728
585.900000000,105.900000000,12.551080331,2287.444169919
586.000000000,106.000000000,12.545857172,2288.699016794
586.100000000,106.100000000,12.540719262,2289.953345616
586.200000000,106.200000000,12.535609770,2291.207162067
586.300000000,106.300000000,12.530500277,2292.460467569
586.400000000,106.400000000,12.525390784,2293.713262123
586.500000000,106.500000000,12.520285381,2294.965545931
586.600000000,106.600000000,12.515194743,2296.217319937
586.700000000,106.700000000,12.510104104,2297.468584879
586.800000000,106.800000000,12.505013466,2298.719340758
586.900000000,106.900000000,12.499922827,2299.969587573
587.000000000,107.000000000,12.494832189,2301.219325323
587.100000000,107.100000000,12.489937371,2302.468563801
587.200000000,107.200000000,12.485107827,2303.717316061
587.300000000,107.300000000,12.480278282,2304.965585367
587.400000000,107.400000000,12.475463360,2306.213372449
587.500000000,107.500000000,12.470652602,2307.460678247
587.600000000,107.600000000,12.465841843,2308.707502969
587.700000000,107.700000000,12.461031085,2309.953846616
587.800000000,107.800000000,12.456220326,2311.199709186
587.900000000,107.900000000,12.451409568,2312.445090681
588.000000000,108.000000000,12.446601195,2313.689991219
588.100000000,108.100000000,12.441903715,2314.934416465
588.200000000,108.200000000,12.437254722,2316.178374386
588.300000000,108.300000000,12.432607029,2317.421867474
588.400000000,108.400000000,12.427959337,2318.664895792
588.500000000,108.500000000,12.423311645,2319.907459341
588.600000000,108.600000000,12.418663953,2321.149558121
588.700000000,108.700000000,12.414016260,2322.391192132
588.800000000,108.800000000,12.409368568,2323.632361373
588.900000000,108.900000000,12.404720876,2324.873065846
589.000000000,109.000000000,12.400073184,2326.113305548
589.100000000,109.100000000,12.395503084,2327.353084362
589.200000000,109.200000000,12.390958849,2328.592407459
589.300000000,109.300000000,12.386414614,2329.831276132
589.400000000,109.400000000,12.381870379,2331.069690381
589.500000000,109.500000000,12.377326144,2332.307650207
589.600000000,109.600000000,12.372781908,2333.545155610
589.700000000,109.700000000,12.368237673,2334.782206589
589.800000000,109.800000000,12.363693438,2336.018803145
589.900000000,109.900000000,12.359149203,2337.254945277
590.000000000,110.000000000,12.354604968,2338.490632985
590.100000000,110.100000000,12.350146814,2339.725870574
590.200000000,110.200000000,12.345717353,2340.960663783
590.300000000,110.300000000,12.341287892,2342.195014045
590.400000000,110.400000000,12.336858432,2343.428921361
590.500000000,110.500000000,12.332428971,2344.662385731
590.600000000,110.600000000,12.327999510,2345.895407155
590.700000000,110.700000000,12.323570050,2347.127985633
590.800000000,110.800000000,12.319140589,2348.360121165
590.900000000,110.900000000,12.314711128,2349.591813751
591.000000000,111.000000000,12.310281668,2350.823063391
591.100000000,111.100000000,12.305830860,2352.053869017
591.200000000,111.200000000,12.301372936,2353.284229207
591.300000000,111.300000000,12.296915013,2354.514143605
591.400000000,111.400000000,12.292457089,2355.743612210
591.500000000,111.500000000,12.287999166,2356.972635022
591.600000000,111.600000000,12.283541242,2358.201212043
591.700000000,111.700000000,12.279083319,2359.429343271
591.800000000,111.800000000,12.274625395,2360.657028707
591.900000000,111.900000000,12.270167472,2361.884268350
592.000000000,112.000000000,12.265709548,2363.111062201
592.100000000,112.100000000,12.261181562,2364.337406756
592.200000000,112.200000000,12.256630222,2365.563297346
592.300000000,112.300000000,12.252078882,2366.788732801
592.400000000,112.400000000,12.247527542,2368.013713122
592.500000000,112.500000000,12.242976202,2369.238238309
592.600000000,112.600000000,12.238424862,2370.462308362
592.700000000,112.700000000,12.233873522,2371.685923282
592.800000000,112.800000000,12.229326383,2372.909083277
592.900000000,112.900000000,12.224793693,2374.131789280
593.000000000,113.000000000,12.220261003,2375.354042015
593.100000000,113.100000000,12.215752830,2376.575842707
593.200000000,113.200000000,12.211252830,2377.797192990
593.300000000,113.300000000,12.206752830,2379.018093273
593.400000000,113.400000000,12.202252830,2380.238543556
593.500000000,113.500000000,12.197752830,2381.458543839
593.600000000,113.600000000,12.193252830,2382.678094122
593.700000000,113.700000000,12.188752830,2383.897194405
593.800000000,113.800000000,12.184252830,2385.115844688
593.900000000,113.900000000,12.179752830,2386.334044971
594.000000000,114.000000000,12.175252830,2387.551795254
594.100000000,114.100000000,12.170936824,2388.769104737
594.200000000,114.200000000,12.166682149,2389.985985685
594.300000000,114.300000000,12.162427474,2391.202441166
594.400000000,114.400000000,12.158172800,2392.418471180
594.500000000,114.500000000,12.153918125,2393.634075726
594.600000000,114.600000000,12.149663450,2394.849254805
594.700000000,114.700000000,12.145408775,2396.064008416
594.800000000,114.800000000,12.141154101,2397.278336560
594.900000000,114.900000000,12.136899426,2398.492239236
595.000000000,115.000000000,12.132644751,2399.705716445
595.100000000,115.100000000,12.128487718,2400.918773069
595.200000000,115.200000000,12.124363232,2402.131415616
595.300000000,115.300000000,12.120238746,2403.343645715
595.400000000,115.400000000,12.116114260,2404.555463365
595.500000000,115.500000000,12.111989773,2405.766868567
595.600000000,115.600000000,12.107865287,2406.977861320
595.700000000,115.700000000,12.103741788,2408.188441674
595.800000000,115.800000000,12.099632478,2409.398610387
595.900000000,115.900000000,12.095523168,2410.608368169
596.000000000,116.000000000,12.091413858,2411.817715021
596.100000000,116.100000000,12.087395184,2413.026655473
596.200000000,116.200000000,12.083406723,2414.235195568
596.300000000,116.300000000,12.079418261,2415.443336817
596.400000000,116.400000000,12.075429800,2416.651079220
596.500000000,116.500000000,12.071441338,2417.858422777
596.600000000,116.600000000,12.067452877,2419.065367488
596.700000000,116.700000000,12.063464415,2420.271913353
596.800000000,116.800000000,12.059475954,2421.478060371
596.900000000,116.900000000,12.055487492,2422.683808543
597.000000000,117.000000000,12.051499031,2423.889157870
597.100000000,117.100000000,12.047620757,2425.094113859
597.200000000,117.200000000,12.043779212,2426.298683857
597.300000000,117.300000000,12.039937667,2427.502869701
597.400000000,117.400000000,12.036096122,2428.706671391
597.500000000,117.500000000,12.032254577,2429.910088926
597.600000000,117.600000000,12.028413468,2431.113122328
597.700000000,117.700000000,12.024586859,2432.315772344
597.800000000,117.800000000,12.020760249,2433.518039700
597.900000000,117.900000000,12.016933640,2434.719924394
598.000000000,118.000000000,12.013107031,2435.921426428
598.100000000,118.100000000,12.009354085,2437.122549484
598.200000000,118.200000000,12.005625694,2438.323298472
598.300000000,118.300000000,12.001897303,2439.523674622
598.400000000,118.400000000,11.998168912,2440.723677933
598.500000000,118.500000000,11.994440520,2441.923308405
598.600000000,118.600000000,11.990712129,2443.122566037
598.700000000,118.700000000,11.986983738,2444.321450830
598.800000000,118.800000000,11.983255347,2445.519962785
598.900000000,118.900000000,11.979526956,2446.718101900
599.000000000,119.000000000,11.975798564,2447.915868176
599.100000000,119.100000000,11.972091976,2449.113262703
599.200000000,119.200000000,11.968392656,2450.310286934
599.300000000,119.300000000,11.964693335,2451.506941234
599.400000000,119.400000000,11.960994015,2452.703225601
599.500000000,119.500000000,11.957294694,2453.899140037
599.600000000,119.600000000,11.953595374,2455.094684540
599.700000000,119.700000000,11.949896053,2456.289859112
599.800000000,119.800000000,11.946196732,2457.484663751
599.900000000,119.900000000,11.942497412,2458.679098458
600.000000000,120.000000000,11.938798091,2459.873163233
600.100000000,120.100000000,11.935065497,2461.066856413
600.200000000,120.200000000,11.931321812,2462.260175778
600.300000000,120.300000000,11.927578127,2463.453120775
600.400000000,120.400000000,11.923834442,2464.645691404
600.500000000,120.500000000,11.920090757,2465.837887664
600.600000000,120.600000000,11.916347071,2467.029709555
600.700000000,120.700000000,11.912603386,2468.221157078
600.800000000,120.800000000,11.908859701,2469.412230232
600.900000000,120.900000000,11.905116016,2470.602929018
601.000000000,121.000000000,11.901372331,2471.793253435
601.100000000,121.100000000,11.897582233,2472.983201163
601.200000000,121.200000000,11.893776664,2474.172769108
601.300000000,121.300000000,11.889971095,2475.361956496
601.400000000,121.400000000,11.886165526,2476.550763327
601.500000000,121.500000000,11.882359958,2477.739189601
601.600000000,121.600000000,11.878554389,2478.927235319
601.700000000,121.700000000,11.874748820,2480.114900479
601.800000000,121.800000000,11.870943251,2481.302185083
601.900000000,121.900000000,11.867137682,2482.489089129
602.000000000,122.000000000,11.863332114,2483.675612619
602.100000000,122.100000000,11.859554413,2484.861756946
602.200000000,122.200000000,11.855786002,2486.047523966
602.300000000,122.300000000,11.852017592,2487.232914146
602.400000000,122.400000000,11.848249181,2488.417927485
602.500000000,122.500000000,11.844480770,2489.602563982
602.600000000,122.600000000,11.840712359,2490.786823639
602.700000000,122.700000000,11.836943948,2491.970706454
602.800000000,122.800000000,11.833175538,2493.154212428
602.900000000,122.900000000,11.829407127,2494.337341562
603.000000000,123.000000000,11.825638716,2495.520093854
603.100000000,123.100000000,11.821909220,2496.702471251
603.200000000,123.200000000,11.818192695,2497.884476346
603.300000000,123.300000000,11.814476170,2499.066109789
603.400000000,123.400000000,11.810759645,2500.247371580
603.500000000,123.500000000,11.807043121,2501.428261719
603.600000000,123.600000000,11.803326596,2502.608780204
603.700000000,123.700000000,11.799610071,2503.788927038
603.800000000,123.800000000,11.795893547,2504.968702219
603.900000000,123.900000000,11.792177022,2506.148105747
604.000000000,124.000000000,11.788460497,2507.327137623
604.100000000,124.100000000,11.784794070,2508.505800351
604.200000000,124.200000000,11.781144343,2509.684097272
604.300000000,124.300000000,11.777494615,2510.862029220
604.400000000,124.400000000,11.773844888,2512.039596195
604.500000000,124.500000000,11.770200960,2513.216798488
604.600000000,124.600000000,11.766569118,2514.393636991
604.700000000,124.700000000,11.762947503,2515.570112822
604.800000000,124.800000000,11.759325889,2516.746226492
604.900000000,124.900000000,11.755704275,2517.921978000
605.000000000,125.000000000,11.752082660,2519.097367347
605.100000000,125.100000000,11.748516921,2520.272397326
605.200000000,125.200000000,11.744982683,2521.447072306
605.300000000,125.300000000,11.741449310,2522.621393906
605.400000000,125.400000000,11.737915938,2523.795362168
605.500000000,125.500000000,11.734382565,2524.968977093
605.600000000,125.600000000,11.730849193,2526.142238681
605.700000000,125.700000000,11.727328018,2527.315147542
605.800000000,125.800000000,11.723808285,2528.487704357
605.900000000,125.900000000,11.720288552,2529.659909199
606.000000000,126.000000000,11.716768819,2530.831762067
606.100000000,126.100000000,11.713348094,2532.003267913
606.200000000,126.200000000,11.709960371,2533.174433336
606.300000000,126.300000000,11.706572649,2534.345259987
606.400000000,126.400000000,11.703184926,2535.515747866
606.500000000,126.500000000,11.699797203,2536.685896973
606.600000000,126.600000000,11.696409481,2537.855707307
606.700000000,126.700000000,11.693021758,2539.025178869
606.800000000,126.800000000,11.689634035,2540.194311658
606.900000000,126.900000000,11.686246313,2541.363105676
607.000000000,127.000000000,11.682858590,2542.531560921
607.100000000,127.100000000,11.679514120,2543.699679557
607.200000000,127.200000000,11.676186795,2544.867464602
607.300000000,127.300000000,11.672868831,2546.034917384
607.400000000,127.400000000,11.669550866,2547.202038368
607.500000000,127.500000000,11.666232902,2548.368827557
607.600000000,127.600000000,11.662914938,2549.535284949
607.700000000,127.700000000,11.659596974,2550.701410544
607.800000000,127.800000000,11.656280838,2551.867204435
607.900000000,127.900000000,11.652975295,2553.032667242
608.000000000,128.000000000,11.649669751,2554.197799494
608.100000000,128.100000000,11.646428436,2555.362604403
608.200000000,128.200000000,11.643208530,2556.527086252
608.300000000,128.300000000,11.639988624,2557.691246109
608.400000000,128.400000000,11.636768718,2558.855083976
608.500000000,128.500000000,11.633548813,2560.018599853
608.600000000,128.600000000,11.630328907,2561.181793739
608.700000000,128.700000000,11.627109001,2562.344665634
608.800000000,128.800000000,11.623889095,2563.507215539
608.900000000,128.900000000,11.620669189,2564.669443453
609.000000000,129.000000000,11.617449284,2565.831349377
609.100000000,129.100000000,11.614235565,2566.992933620
609.200000000,129.200000000,11.611023908,2568.154196593
609.300000000,129.300000000,11.607812252,2569.315138401
609.400000000,129.400000000,11.604600596,2570.475759044
609.500000000,129.500000000,11.601388939,2571.636058520
609.600000000,129.600000000,11.598177283,2572.796036831
609.700000000,129.700000000,11.594965626,2573.955693977
609.800000000,129.800000000,11.591753970,2575.115029957
609.900000000,129.900000000,11.588542313,2576.274044771
610.000000000,130.000000000,11.585330657,2577.432738419
610.100000000,130.100000000,11.582081409,2578.591109023
610.200000000,130.200000000,11.578819631,2579.749154075
610.300000000,130.300000000,11.575557853,2580.906872949
610.400000000,130.400000000,11.572296074,2582.064265645
610.500000000,130.500000000,11.569034296,2583.221332164
610.600000000,130.600000000,11.565772518,2584.378072504
610.700000000,130.700000000,11.562510739,2585.534486667
610.800000000,130.800000000,11.559248961,2586.690574652
610.900000000,130.900000000,11.555987183,2587.846336459
611.000000000,131.000000000,11.552725405,2589.001772089
611.100000000,131.100000000,11.549412117,2590.156878965
611.200000000,131.200000000,11.546081659,2591.311653654
611.300000000,131.300000000,11.542751202,2592.466095297
611.400000000,131.400000000,11.539420744,2593.620203894
611.500000000,131.500000000,11.536090287,2594.773979446
611.600000000,131.600000000,11.532759829,2595.927421951
611.700000000,131.700000000,11.529429372,2597.080531411
611.800000000,131.800000000,11.526098914,2598.233307826
611.900000000,131.900000000,11.522768457,2599.385751194
612.000000000,132.000000000,11.519437999,2600.537861517
612.100000000,132.100000000,11.516113156,2601.689639075
612.200000000,132.200000000,11.512790183,2602.841084242
612.300000000,132.300000000,11.509467211,2603.992197111
612.400000000,132.400000000,11.506144239,2605.142977684
612.500000000,132.500000000,11.502821267,2606.293425959
612.600000000,132.600000000,11.499498295,2607.443541937
612.700000000,132.700000000,11.496175322,2608.593325618
612.800000000,132.800000000,11.492852350,2609.742777002
612.900000000,132.900000000,11.489529378,2610.891896088
613.000000000,133.000000000,11.486206406,2612.040682877
613.100000000,133.100000000,11.482921748,2613.189139285
613.200000000,133.200000000,11.479649861,2614.337267866
613.300000000,133.300000000,11.476377975,2615.485069257
613.400000000,133.400000000,11.473106088,2616.632543461
613.500000000,133.500000000,11.469834202,2617.779690475
613.600000000,133.600000000,11.466562315,2618.926510301
613.700000000,133.700000000,11.463290429,2620.073002938
613.800000000,133.800000000,11.460018542,2621.219168387
613.900000000,133.900000000,11.456755645,2622.365007096
614.000000000,134.000000000,11.453497165,2623.510519737
614.100000000,134.100000000,11.450267483,2624.655707969
614.200000000,134.200000000,11.447047401,2625.800573713
614.300000000,134.300000000,11.443827319,2626.945117449
614.400000000,134.400000000,11.440607237,2628.089339177
614.500000000,134.500000000,11.437387154,2629.233238897
614.600000000,134.600000000,11.434167072,2630.376816608
614.700000000,134.700000000,11.430946990,2631.520072311
614.800000000,134.800000000,11.427726908,2632.663006006
614.900000000,134.900000000,11.424514858,2633.805618094
615.000000000,135.000000000,11.421307359,2634.947909205
615.100000000,135.100000000,11.418200558,2636.089884601
615.200000000,135.200000000,11.415127323,2637.231550995
615.300000000,135.300000000,11.412054088,2638.372910065
615.400000000,135.400000000,11.408980853,2639.513961812
615.500000000,135.500000000,11.405907618,2640.654706236
615.600000000,135.600000000,11.402834383,2641.795143336
615.700000000,135.700000000,11.399761149,2642.935273113
615.800000000,135.800000000,11.396687914,2644.075095566
615.900000000,135.900000000,11.393614679,2645.214610695
616.000000000,136.000000000,11.390541444,2646.353818502
616.100000000,136.100000000,11.387473839,2647.492719266
616.200000000,136.200000000,11.384408111,2648.631313363
616.300000000,136.300000000,11.381342383,2649.769600888
616.400000000,136.400000000,11.378276655,2650.907581840
616.500000000,136.500000000,11.375210926,2652.045256219
616.600000000,136.600000000,11.372145198,2653.182624025
616.700000000,136.700000000,11.369079470,2654.319685259
616.800000000,136.800000000,11.366013742,2655.456439919
616.900000000,136.900000000,11.362948014,2656.592888007
617.000000000,137.000000000,11.359882286,2657.729029522
617.100000000,137.100000000,11.356749740,2658.864861123
617.200000000,137.200000000,11.353594922,2660.000378356
617.300000000,137.300000000,11.350440104,2661.135580108
617.400000000,137.400000000,11.347285286,2662.270466377
617.500000000,137.500000000,11.344130468,2663.405037165
617.600000000,137.600000000,11.340975649,2664.539292471
617.700000000,137.700000000,11.337820831,2665.673232295
617.800000000,137.800000000,11.334666013,2666.806856637
617.900000000,137.900000000,11.331511195,2667.940165497
618.000000000,138.000000000,11.328356377,2669.073158876
618.100000000,138.100000000,11.325016405,2670.205827515
618.200000000,138.200000000,11.321614715,2671.338159071
618.300000000,138.300000000,11.318213026,2672.470150458
618.400000000,138.400000000,11.314811336,2673.601801676
618.500000000,138.500000000,11.311409646,2674.733112725
618.600000000,138.600000000,11.308007956,2675.864083605
618.700000000,138.700000000,11.304606267,2676.994714317
618.800000000,138.800000000,11.301204577,2678.125004859
618.900000000,138.900000000,11.297802887,2679.254955232
619.000000000,139.000000000,11.294401197,2680.384565436
619.100000000,139.100000000,11.290886627,2681.513829827
619.200000000,139.200000000,11.287334429,2682.642740880
619.300000000,139.300000000,11.283782232,2683.771296713
619.400000000,139.400000000,11.280230199,2684.899497335
619.500000000,139.500000000,11.276692521,2686.027343471
619.600000000,139.600000000,11.273154843,2687.154835839
619.700000000,139.700000000,11.269617165,2688.281974439
619.800000000,139.800000000,11.266079487,2689.408759272
619.900000000,139.900000000,11.262541809,2690.535190337
620.000000000,140.000000000,11.259004131,2691.661267634
620.100000000,140.100000000,11.255520796,2692.786993880
620.200000000,140.200000000,11.252055576,2693.912372699
620.300000000,140.300000000,11.248590355,2695.037404995
620.400000000,140.400000000,11.245125135,2696.162090770
620.500000000,140.500000000,11.241659915,2697.286430022
620.600000000,140.600000000,11.238194694,2698.410422753
620.700000000,140.700000000,11.234729474,2699.534068961
620.800000000,140.800000000,11.231264254,2700.657368647
620.900000000,140.900000000,11.227799033,2701.780321812
621.000000000,141.000000000,11.224337265,2702.902928627
621.100000000,141.100000000,11.220963412,2704.025193661
621.200000000,141.200000000,11.217615581,2705.147122610
621.300000000,141.300000000,11.214267750,2706.268716777
621.400000000,141.400000000,11.210919919,2707.389976160
621.500000000,141.500000000,11.207572088,2708.510900760
621.600000000,141.600000000,11.204224257,2709.631490578
621.700000000,141.700000000,11.200876426,2710.751745612
621.800000000,141.800000000,11.197528595,2711.871665863
621.900000000,141.900000000,11.194180764,2712.991251331
622.000000000,142.000000000,11.190832933,2714.110502016
622.100000000,142.100000000,11.187618602,2715.229424592
622.200000000,142.200000000,11.184451924,2716.348028119
622.300000000,142.300000000,11.181285245,2717.466314977
622.400000000,142.400000000,11.178118567,2718.584285168
622.500000000,142.500000000,11.174951889,2719.701938691
622.600000000,142.600000000,11.171795048,2720.819276037
622.700000000,142.700000000,11.168640328,2721.936297806
622.800000000,142.800000000,11.165485607,2723.053004103
622.900000000,142.900000000,11.162330887,2724.169394928
623.000000000,143.000000000,11.159176166,2725.285470280
623.100000000,143.100000000,11.156064087,2726.401232293
623.200000000,143.200000000,11.152966222,2727.516683808
623.300000000,143.300000000,11.149868357,2728.631825537
623.400000000,143.400000000,11.146770492,2729.746657480
623.500000000,143.500000000,11.143680884,2730.861180049
623.600000000,143.600000000,11.140594415,2731.975393814
623.700000000,143.700000000,11.137507946,2733.089298932
623.800000000,143.800000000,11.134421477,2734.202895403
623.900000000,143.900000000,11.131335007,2735.316183227
624.000000000,144.000000000,11.128248538,2736.429162404
624.100000000,144.100000000,11.125223658,2737.541836014
624.200000000,144.200000000,11.122219309,2738.654208162
624.300000000,144.300000000,11.119214959,2739.766279876
624.400000000,144.400000000,11.116210609,2740.878051154
624.500000000,144.500000000,11.113206259,2741.989521998
624.600000000,144.600000000,11.110201909,2743.100692406
624.700000000,144.700000000,11.107197559,2744.211562379
624.800000000,144.800000000,11.104193210,2745.322131918
624.900000000,144.900000000,11.101188860,2746.432401021
625.000000000,145.000000000,11.098184510,2747.542369690
625.100000000,145.100000000,11.095236117,2748.652040721
625.200000000,145.200000000,11.092306377,2749.761417846
625.300000000,145.300000000,11.089376637,2750.870501997
625.400000000,145.400000000,11.086446897,2751.979293173
625.500000000,145.500000000,11.083517157,2753.087791376
625.600000000,145.600000000,11.080587417,2754.195996605
625.700000000,145.700000000,11.077657677,2755.303908860
625.800000000,145.800000000,11.074727937,2756.411528140
625.900000000,145.900000000,11.071798197,2757.518854447
626.000000000,146.000000000,11.068868457,2758.625887780
626.100000000,146.100000000,11.065985912,2759.732630498
626.200000000,146.200000000,11.063119097,2760.839085749
626.300000000,146.300000000,11.060252283,2761.945254318
626.400000000,146.400000000,11.057393655,2763.051136615
626.500000000,146.500000000,11.054537242,2764.156733159
626.600000000,146.600000000,11.051680828,2765.262044063
626.700000000,146.700000000,11.048824414,2766.367069325
626.800000000,146.800000000,11.045968001,2767.471808946
626.900000000,146.900000000,11.043111587,2768.576262925
627.000000000,147.000000000,11.040255173,2769.680431263
627.100000000,147.100000000,11.037442509,2770.784316147
627.200000000,147.200000000,11.034644429,2771.887920494
627.300000000,147.300000000,11.031846349,2772.991245033
627.400000000,147.400000000,11.029048269,2774.094289764
627.500000000,147.500000000,11.026250189,2775.197054687
627.600000000,147.600000000,11.023452108,2776.299539802
627.700000000,147.700000000,11.020654028,2777.401745109
627.800000000,147.800000000,11.017855948,2778.503670607
627.900000000,147.900000000,11.015057868,2779.605316298
628.000000000,148.000000000,11.012259788,2780.706682181
628.100000000,148.100000000,11.009498394,2781.807770090
628.200000000,148.200000000,11.006749229,2782.908582471
628.300000000,148.300000000,11.004000063,2784.009119936
628.400000000,148.400000000,11.001251727,2785.109382525
628.500000000,148.500000000,10.998512382,2786.209370731
628.600000000,148.600000000,10.995773037,2787.309085002
628.700000000,148.700000000,10.993033692,2788.408525338
628.800000000,148.800000000,10.990294347,2789.507691740
628.900000000,148.900000000,10.987555002,2790.606584207
629.000000000,149.000000000,10.984815657,2791.705202740
629.100000000,149.100000000,10.982111558,2792.803549101
629.200000000,149.200000000,10.979419207,2793.901625639
629.300000000,149.300000000,10.976726856,2794.999432942
629.400000000,149.400000000,10.974034504,2796.096971010
629.500000000,149.500000000,10.971342153,2797.194239843
629.600000000,149.600000000,10.968649802,2798.291239441
629.700000000,149.700000000,10.965957451,2799.387969804
629.800000000,149.800000000,10.963265100,2800.484430931
629.900000000,149.900000000,10.960572749,2801.580622824
630.000000000,150.000000000,10.957880398,2802.676545481
630.100000000,150.100000000,10.955243980,2803.772201700
630.200000000,150.200000000,10.952626207,2804.867595209
630.300000000,150.300000000,10.950008433,2805.962726941
630.400000000,150.400000000,10.947390659,2807.057596896
630.500000000,150.500000000,10.944772885,2808.152205073
630.600000000,150.600000000,10.942155112,2809.246551473
630.700000000,150.700000000,10.939537338,2810.340636096
630.800000000,150.800000000,10.936919564,2811.434458941
630.900000000,150.900000000,10.934301791,2812.528020008
631.000000000,151.000000000,10.931684017,2813.621319299
631.100000000,151.100000000,10.929124353,2814.714359717
631.200000000,151.200000000,10.926589460,2815.807145408
631.300000000,151.300000000,10.924054568,2816.899677609
631.400000000,151.400000000,10.921519676,2817.991956322
631.500000000,151.500000000,10.918984783,2819.083981545
631.600000000,151.600000000,10.916449891,2820.175753278
631.700000000,151.700000000,10.913914999,2821.267271523
631.800000000,151.800000000,10.911380106,2822.358536278
631.900000000,151.900000000,10.908845214,2823.449547544
632.000000000,152.000000000,10.906310322,2824.540305321
632.100000000,152.100000000,10.903815275,2825.630811601
632.200000000,152.200000000,10.901333510,2826.721069040
632.300000000,152.300000000,10.898851745,2827.811078303
632.400000000,152.400000000,10.896369980,2828.900839389
632.500000000,152.500000000,10.893888215,2829.990352298
632.600000000,152.600000000,10.891406450,2831.079617032
632.700000000,152.700000000,10.888924685,2832.168633588
632.800000000,152.800000000,10.886442920,2833.257401969
632.900000000,152.900000000,10.883962470,2834.345922238
633.000000000,153.000000000,10.881489415,2835.434194832
633.100000000,153.100000000,10.879047592,2836.522221683
633.200000000,153.200000000,10.876616179,2837.610004871
633.300000000,153.300000000,10.874184766,2838.697544918
633.400000000,153.400000000,10.871753353,2839.784841824
633.500000000,153.500000000,10.869321941,2840.871895589
633.600000000,153.600000000,10.866890528,2841.958706213
633.700000000,153.700000000,10.864459115,2843.045273695
633.800000000,153.800000000,10.862027702,2844.131598036
633.900000000,153.900000000,10.859596289,2845.217679235
634.000000000,154.000000000,10.857164877,2846.303517294
634.100000000,154.100000000,10.854762003,2847.389113638
634.200000000,154.200000000,10.852368643,2848.474470170
634.300000000,154.300000000,10.849975283,2849.559587366
634.400000000,154.400000000,10.847581922,2850.644465226
634.500000000,154.500000000,10.845188562,2851.729103751
634.600000000,154.600000000,10.842795202,2852.813502939
634.700000000,154.700000000,10.840401842,2853.897662791
634.800000000,154.800000000,10.838008481,2854.981583307
634.900000000,154.900000000,10.835615121,2856.065264487
635.000000000,155.000000000,10.833221761,2857.148706331
635.100000000,155.100000000,10.830861749,2858.231910507
635.200000000,155.200000000,10.828512853,2859.314879237
635.300000000,155.300000000,10.826163958,2860.397613078
635.400000000,155.400000000,10.823815062,2861.480112029
635.500000000,155.500000000,10.821466166,2862.562376090
635.600000000,155.600000000,10.819117271,2863.644405262
635.700000000,155.700000000,10.816768375,2864.726199544
635.800000000,155.800000000,10.814419479,2865.807758937
635.900000000,155.900000000,10.812070584,2866.889083440
636.000000000,156.000000000,10.809721688,2867.970173054
636.100000000,156.100000000,10.807408139,2869.051029545
636.200000000,156.200000000,10.805106373,2870.131655271
636.300000000,156.300000000,10.802804606,2871.212050819
636.400000000,156.400000000,10.800502840,2872.292216192
636.500000000,156.500000000,10.798201073,2873.372151387
636.600000000,156.600000000,10.795899307,2874.451856406
636.700000000,156.700000000,10.793597540,2875.531331249
636.800000000,156.800000000,10.791295773,2876.610575914
636.900000000,156.900000000,10.788994007,2877.689590403
637.000000000,157.000000000,10.786692240,2878.768374716
637.100000000,157.100000000,10.784422401,2879.846930448
637.200000000,157.200000000,10.782163203,2880.925259728
637.300000000,157.300000000,10.779904006,2882.003363088
637.400000000,157.400000000,10.777644808,2883.081240529
637.500000000,157.500000000,10.775385610,2884.158892050
637.600000000,157.600000000,10.773126413,2885.236317651
637.700000000,157.700000000,10.770867215,2886.313517333
637.800000000,157.800000000,10.768608018,2887.390491094
637.900000000,157.900000000,10.766348820,2888.467238936
638.000000000,158.000000000,10.764089623,2889.543760858
638.100000000,158.100000000,10.761866854,2890.620058682
638.200000000,158.200000000,10.759656229,2891.696134836
638.300000000,158.300000000,10.757445603,2892.771989928
638.400000000,158.400000000,10.755234978,2893.847623957
638.500000000,158.500000000,10.753024352,2894.923036923
638.600000000,158.600000000,10.750813727,2895.998228827
638.700000000,158.700000000,10.748603101,2897.073199669
638.800000000,158.800000000,10.746392476,2898.147949448
638.900000000,158.900000000,10.744181850,2899.222478164
639.000000000,159.000000000,10.741971225,2900.296785818
639.100000000,159.100000000,10.739790581,2901.370873908
639.200000000,159.200000000,10.737619932,2902.444744434
639.300000000,159.300000000,10.735449282,2903.518397894
639.400000000,159.400000000,10.733278633,2904.591834290
639.500000000,159.500000000,10.731107984,2905.665053621
639.600000000,159.600000000,10.728937334,2906.738055887
639.700000000,159.700000000,10.726766685,2907.810841088
639.800000000,159.800000000,10.724596035,2908.883409224
639.900000000,159.900000000,10.722425386,2909.955760295
640.000000000,160.000000000,10.720254737,2911.027894301
640.100000000,160.100000000,10.718116068,2912.099812841
640.200000000,160.200000000,10.715988060,2913.171518048
640.300000000,160.300000000,10.713860052,2914.243010453
640.400000000,160.400000000,10.711732044,2915.314290058
640.500000000,160.500000000,10.709604036,2916.385356862
640.600000000,160.600000000,10.707476028,2917.456210865
640.700000000,160.700000000,10.705348020,2918.526852068
640.800000000,160.800000000,10.703220012,2919.597280469
640.900000000,160.900000000,10.701092004,2920.667496070
641.000000000,161.000000000,10.698963996,2921.737498870
641.100000000,161.100000000,10.696877933,2922.807290967
641.200000000,161.200000000,10.694805852,2923.876875156
641.300000000,161.300000000,10.692733770,2924.946252137
641.400000000,161.400000000,10.690661688,2926.015421910
641.500000000,161.500000000,10.688589607,2927.084384475
641.600000000,161.600000000,10.686517525,2928.153139831
641.700000000,161.700000000,10.684445443,2929.221687980
641.800000000,161.800000000,10.682373362,2930.290028920
641.900000000,161.900000000,10.680301280,2931.358162652
642.000000000,162.000000000,10.678229198,2932.426089176
642.100000000,162.100000000,10.676190012,2933.493810136
642.200000000,162.200000000,10.674161790,2934.561327726
642.300000000,162.300000000,10.672133569,2935.628642494
642.400000000,162.400000000,10.670105348,2936.695754440
642.500000000,162.500000000,10.668077126,2937.762663564
642.600000000,162.600000000,10.666048905,2938.829369866
642.700000000,162.700000000,10.664020684,2939.895873345
642.800000000,162.800000000,10.661992462,2940.962174002
642.900000000,162.900000000,10.659964241,2942.028271837
643.000000000,163.000000000,10.657936019,2943.094166850
643.100000000,163.100000000,10.655932474,2944.159860275
643.200000000,163.200000000,10.653937155,2945.225353757
643.300000000,163.300000000,10.651941835,2946.290647706
643.400000000,163.400000000,10.649946515,2947.355742124
643.500000000,163.500000000,10.647951196,2948.420637009
643.600000000,163.600000000,10.645955876,2949.485332363
643.700000000,163.700000000,10.643960556,2950.549828184
643.800000000,163.800000000,10.641965237,2951.614124474
643.900000000,163.900000000,10.639969917,2952.678221232
644.000000000,164.000000000,10.637974598,2953.742118457
644.100000000,164.100000000,10.635998964,2954.805817135
644.200000000,164.200000000,10.634029892,2955.869318578
644.300000000,164.300000000,10.632060819,2956.932623114
644.400000000,164.400000000,10.630091747,2957.995730742
644.500000000,164.500000000,10.628122675,2959.058641463
644.600000000,164.600000000,10.626153603,2960.121355277
644.700000000,164.700000000,10.624185964,2961.183872256
644.800000000,164.800000000,10.622223588,2962.246192733
644.900000000,164.900000000,10.620261213,2963.308316973
645.000000000,165.000000000,10.618298837,2964.370244976
645.100000000,165.100000000,10.616356674,2965.431977751
645.200000000,165.200000000,10.614421249,2966.493516647
645.300000000,165.300000000,10.612485824,2967.554862001
645.400000000,165.400000000,10.610550399,2968.616013812
645.500000000,165.500000000,10.608614974,2969.676972081
645.600000000,165.600000000,10.606679549,2970.737736807
645.700000000,165.700000000,10.604744124,2971.798307991
645.800000000,165.800000000,10.602808699,2972.858685632
645.900000000,165.900000000,10.600873274,2973.918869731
646.000000000,166.000000000,10.598937849,2974.978860287
646.100000000,166.100000000,10.597016129,2976.038657986
646.200000000,166.200000000,10.595098976,2977.098263741
646.300000000,166.300000000,10.593181823,2978.157677781
646.400000000,166.400000000,10.591264671,2979.216900106
646.500000000,166.500000000,10.589347518,2980.275930715
646.600000000,166.600000000,10.587430366,2981.334769609
646.700000000,166.700000000,10.585513213,2982.393416788
646.800000000,166.800000000,10.583596061,2983.451872252
646.900000000,166.900000000,10.581678908,2984.510136000
647.000000000,167.000000000,10.579761755,2985.568208034
647.100000000,167.100000000,10.577866307,2986.626089437
647.200000000,167.200000000,10.575978093,2987.683781657
647.300000000,167.300000000,10.574089878,2988.741285055
647.400000000,167.400000000,10.572201664,2989.798599632
647.500000000,167.500000000,10.570313450,2990.855725388
647.600000000,167.600000000,10.568425236,2991.912662322
647.700000000,167.700000000,10.566537022,2992.969410435
647.800000000,167.800000000,10.564648808,2994.025969727
647.900000000,167.900000000,10.562760594,2995.082340197
648.000000000,168.000000000,10.560872380,2996.138521846
648.100000000,168.100000000,10.558997752,2997.194515352
648.200000000,168.200000000,10.557127652,2998.250321622
648.300000000,168.300000000,10.555257553,2999.305940883
648.400000000,168.400000000,10.553387454,3000.361373133
648.500000000,168.500000000,10.551517355,3001.416618373
648.600000000,168.600000000,10.549647256,3002.471676604
648.700000000,168.700000000,10.547777156,3003.526547824
648.800000000,168.800000000,10.545907057,3004.581232035
648.900000000,168.900000000,10.544036958,3005.635729236
649.000000000,169.000000000,10.542166859,3006.690039427
649.100000000,169.100000000,10.540311298,3007.744163335
649.200000000,169.200000000,10.538460584,3008.798101929
649.300000000,169.300000000,10.536609870,3009.851855451
649.400000000,169.400000000,10.534759156,3010.905423903
649.500000000,169.500000000,10.532908442,3011.958807283
649.600000000,169.600000000,10.531057728,3013.012005591
649.700000000,169.700000000,10.529207014,3014.065018828
649.800000000,169.800000000,10.527356299,3015.117846994
649.900000000,169.900000000,10.525505585,3016.170490088
650.000000000,170.000000000,10.523654871,3017.222948111
650.100000000,170.100000000,10.521811163,3018.275221412
650.200000000,170.200000000,10.519969791,3019.327310460
650.300000000,170.300000000,10.518128418,3020.379215371
650.400000000,170.400000000,10.516287045,3021.430936144
650.500000000,170.500000000,10.514445673,3022.482472780
650.600000000,170.600000000,10.512604300,3023.533825278
650.700000000,170.700000000,10.510762928,3024.584993640
650.800000000,170.800000000,10.508921555,3025.635977864
650.900000000,170.900000000,10.507080182,3026.686777951
651.000000000,171.000000000,10.505238810,3027.737393900
651.100000000,171.100000000,10.503398997,3028.787825791
651.200000000,171.200000000,10.501559705,3029.838073726
651.300000000,171.300000000,10.499720413,3030.888137732
651.400000000,171.400000000,10.497881121,3031.938017808
651.500000000,171.500000000,10.496041829,3032.987713956
651.600000000,171.600000000,10.494202536,3034.037226174
651.700000000,171.700000000,10.492363244,3035.086554463
651.800000000,171.800000000,10.490523952,3036.135698823
651.900000000,171.900000000,10.488684660,3037.184659254
652.000000000,172.000000000,10.486845368,3038.233435755
652.100000000,172.100000000,10.485002878,3039.282028167
652.200000000,172.200000000,10.483159322,3040.330436277
652.300000000,172.300000000,10.481315766,3041.378660032
652.400000000,172.400000000,10.479472210,3042.426699430
652.500000000,172.500000000,10.477628654,3043.474554474
652.600000000,172.600000000,10.475785098,3044.522225161
652.700000000,172.700000000,10.473941543,3045.569711493
652.800000000,172.800000000,10.472097987,3046.617013470
652.900000000,172.900000000,10.470254431,3047.664131091
653.000000000,173.000000000,10.468410875,3048.711064356
653.100000000,173.100000000,10.466571313,3049.757813465
653.200000000,173.200000000,10.464733083,3050.804378685
653.300000000,173.300000000,10.462894852,3051.850760082
653.400000000,173.400000000,10.461056622,3052.896957656
653.500000000,173.500000000,10.459218391,3053.942971406
653.600000000,173.600000000,10.457380161,3054.988801334
653.700000000,173.700000000,10.455541931,3056.034447439
653.800000000,173.800000000,10.453703700,3057.079909720
653.900000000,173.900000000,10.451865470,3058.125188179
654.000000000,174.000000000,10.450027239,3059.170282814
654.100000000,174.100000000,10.448186966,3060.215193524
654.200000000,174.200000000,10.446346011,3061.259920173
654.300000000,174.300000000,10.444505057,3062.304462727
654.400000000,174.400000000,10.442670016,3063.348821480
654.500000000,174.500000000,10.440835117,3064.392996737
654.600000000,174.600000000,10.439000218,3065.436988504
654.700000000,174.700000000,10.437165319,3066.480796780
654.800000000,174.800000000,10.435334440,3067.524421768
654.900000000,174.900000000,10.433505597,3068.567863770
655.000000000,175.000000000,10.431676754,3069.611122888
655.100000000,175.100000000,10.429847592,3070.654199105
655.200000000,175.200000000,10.428018324,3071.697092401
655.300000000,175.300000000,10.426189056,3072.739802770
655.400000000,175.400000000,10.424359788,3073.782330212
655.500000000,175.500000000,10.422530521,3074.824674727
655.600000000,175.600000000,10.420701253,3075.866836316
655.700000000,175.700000000,10.418876288,3076.908815193
655.800000000,175.800000000,10.417052863,3077.950611651
655.900000000,175.900000000,10.415229438,3078.992225766
656.000000000,176.000000000,10.413406013,3080.033657538
656.100000000,176.100000000,10.411581127,3081.074906895
656.200000000,176.200000000,10.409755755,3082.115973739
656.300000000,176.300000000,10.407930383,3083.156858046
656.400000000,176.400000000,10.406105010,3084.197559816
656.500000000,176.500000000,10.404279638,3085.238079048
656.600000000,176.600000000,10.402454266,3086.278415744
656.700000000,176.700000000,10.400628893,3087.318569902
656.800000000,176.800000000,10.398803521,3088.358541522
656.900000000,176.900000000,10.396978149,3089.398330606
657.000000000,177.000000000,10.395152776,3090.437937152
657.100000000,177.100000000,10.393329255,3091.477361254
657.200000000,177.200000000,10.391507244,3092.516603079
657.300000000,177.300000000,10.389685233,3093.555662702
657.400000000,177.400000000,10.387863222,3094.594540125
657.500000000,177.500000000,10.386041211,3095.633235347
657.600000000,177.600000000,10.384219199,3096.671748367
657.700000000,177.700000000,10.382397188,3097.710079187
657.800000000,177.800000000,10.380575177,3098.748227805
657.900000000,177.900000000,10.378753166,3099.786194222
658.000000000,178.000000000,10.376931155,3100.823978438
658.100000000,178.100000000,10.375104564,3101.861580224
658.200000000,178.200000000,10.373276447,3102.898999275
658.300000000,178.300000000,10.371448330,3103.936235513
658.400000000,178.400000000,10.369620213,3104.973288941
658.500000000,178.500000000,10.367792096,3106.010159556
658.600000000,178.600000000,10.365963979,3107.046847360
658.700000000,178.700000000,10.364135862,3108.083352352
658.800000000,178.800000000,10.362307745,3109.119674532
658.900000000,178.900000000,10.360479628,3110.155813901
659.000000000,179.000000000,10.358651511,3111.191770458
659.100000000,179.100000000,10.356818656,3112.227543966
659.200000000,179.200000000,10.354989821,3113.263134390
659.300000000,179.300000000,10.353160986,3114.298541930
659.400000000,179.400000000,10.351336866,3115.333766823
659.500000000,179.500000000,10.349514464,3116.368809389
659.600000000,179.600000000,10.347692062,3117.403669716
659.700000000,179.700000000,10.345869660,3118.438347802
659.800000000,179.800000000,10.344047258,3119.472843648
659.900000000,179.900000000,10.342224857,3120.507157253
660.000000000,180.000000000,10.340402455,3121.541288619
660.100000000,180.100000000,10.338571711,3122.575237327
660.200000000,180.200000000,10.336738187,3123.609002822
660.300000000,180.300000000,10.334904663,3124.642584965
660.400000000,180.400000000,10.333071139,3125.675983755
660.500000000,180.500000000,10.331237615,3126.709199192
660.600000000,180.600000000,10.329404090,3127.742231278
660.700000000,180.700000000,10.327570566,3128.775080010
660.800000000,180.800000000,10.325737042,3129.807745391
660.900000000,180.900000000,10.323903518,3130.840227419
661.000000000,181.000000000,10.322070119,3131.872526101
661.100000000,181.100000000,10.320232805,3132.904641247
661.200000000,181.200000000,10.318392236,3133.936572499
661.300000000,181.300000000,10.316551668,3134.968319694
661.400000000,181.400000000,10.314711099,3135.999882833
661.500000000,181.500000000,10.312870530,3137.031261914
661.600000000,181.600000000,10.311029961,3138.062456938
661.700000000,181.700000000,10.309189392,3139.093467906
661.800000000,181.800000000,10.307348823,3140.124294817
661.900000000,181.900000000,10.305508254,3141.154937671
662.000000000,182.000000000,10.303667685,3142.185396468
662.100000000,182.100000000,10.301818940,3143.215670799
662.200000000,182.200000000,10.299967471,3144.245760119
662.300000000,182.300000000,10.298116001,3145.275664293
662.400000000,182.400000000,10.296264531,3146.305383319
662.500000000,182.500000000,10.294413061,3147.334917199
662.600000000,182.600000000,10.292561592,3148.364265932
662.700000000,182.700000000,10.290710122,3149.393429517
662.800000000,182.800000000,10.288858652,3150.422407956
662.900000000,182.900000000,10.287007183,3151.451201248
663.000000000,183.000000000,10.285155713,3152.479809393
663.100000000,183.100000000,10.283301590,3153.508232258
663.200000000,183.200000000,10.281446583,3154.536469667
663.300000000,183.300000000,10.279591576,3155.564521575
663.400000000,183.400000000,10.277736569,3156.592387982
663.500000000,183.500000000,10.275881562,3157.620068888
663.600000000,183.600000000,10.274026555,3158.647564294
663.700000000,183.700000000,10.272171548,3159.674874199
663.800000000,183.800000000,10.270321353,3160.701998844
663.900000000,183.900000000,10.268472609,3161.728938543
664.000000000,184.000000000,10.266623865,3162.755693366
664.100000000,184.100000000,10.264779036,3163.782263511
664.200000000,184.200000000,10.262935512,3164.808649239
664.300000000,184.300000000,10.261091988,3165.834850614
664.400000000,184.400000000,10.259248465,3166.860867636
664.500000000,184.500000000,10.257404941,3167.886700307
664.600000000,184.600000000,10.255561417,3168.912348625
664.700000000,184.700000000,10.253717894,3169.937812590
664.800000000,184.800000000,10.251874370,3170.963092203
664.900000000,184.900000000,10.250030846,3171.988187464
665.000000000,185.000000000,10.248187323,3173.013098373
665.100000000,185.100000000,10.246347532,3174.037825115
665.200000000,185.200000000,10.244508986,3175.062367941
665.300000000,185.300000000,10.242670439,3176.086726912
665.400000000,185.400000000,10.240831893,3177.110902029
665.500000000,185.500000000,10.238993346,3178.134893291
665.600000000,185.600000000,10.237154800,3179.158700698
665.700000000,185.700000000,10.235316253,3180.182324251
665.800000000,185.800000000,10.233477707,3181.205763949
665.900000000,185.900000000,10.231639160,3182.229019792
666.000000000,186.000000000,10.229800614,3183.252091781
666.100000000,186.100000000,10.227968967,3184.274980260
666.200000000,186.200000000,10.226139621,3185.297685689
666.300000000,186.300000000,10.224310274,3186.320208184
666.400000000,186.400000000,10.222480928,3187.342547744
666.500000000,186.500000000,10.220651581,3188.364704370
666.600000000,186.600000000,10.218822235,3189.386678060
666.700000000,186.700000000,10.216992889,3190.408468817
666.800000000,186.800000000,10.215166543,3191.430076788
666.900000000,186.900000000,10.213343509,3192.451502291
667.000000000,187.000000000,10.211520475,3193.472745490
667.100000000,187.100000000,10.209705886,3194.493806808
667.200000000,187.200000000,10.207894111,3195.514686808
667.300000000,187.300000000,10.206082337,3196.535385630
667.400000000,187.400000000,10.204270562,3197.555903275
667.500000000,187.500000000,10.202458787,3198.576239743
667.600000000,187.600000000,10.200647013,3199.596395033
667.700000000,187.700000000,10.198835238,3200.616369145
667.800000000,187.800000000,10.197023463,3201.636162080
667.900000000,187.900000000,10.195211689,3202.655773838
668.000000000,188.000000000,10.193399914,3203.675204418
668.100000000,188.100000000,10.191598716,3204.694454350
668.200000000,188.200000000,10.189801043,3205.713524337
668.300000000,188.300000000,10.188003371,3206.732414558
668.400000000,188.400000000,10.186205698,3207.751125012
668.500000000,188.500000000,10.184408025,3208.769655698
668.600000000,188.600000000,10.182610353,3209.788006617
668.700000000,188.700000000,10.180812680,3210.806177768
668.800000000,188.800000000,10.179015007,3211.824169153
668.900000000,188.900000000,10.177217335,3212.841980770
669.000000000,189.000000000,10.175419662,3213.859612620
669.100000000,189.100000000,10.173632125,3214.877065209
669.200000000,189.200000000,10.171847967,3215.894339213
669.300000000,189.300000000,10.170063808,3216.911434802
669.400000000,189.400000000,10.168279650,3217.928351975
669.500000000,189.500000000,10.166495491,3218.945090732
669.600000000,189.600000000,10.164711333,3219.961651073
669.700000000,189.700000000,10.162927174,3220.978032999
669.800000000,189.800000000,10.161143016,3221.994236508
669.900000000,189.900000000,10.159358857,3223.010261602
670.000000000,190.000000000,10.157574699,3224.026108280
670.100000000,190.100000000,10.155804032,3225.041777216
670.200000000,190.200000000,10.154037862,3226.057269311
670.300000000,190.300000000,10.152271692,3227.072584789
670.400000000,190.400000000,10.150505522,3228.087723649
670.500000000,190.500000000,10.148739352,3229.102685893
670.600000000,190.600000000,10.146973181,3230.117471520
670.700000000,190.700000000,10.145207011,3231.132080529
670.800000000,190.800000000,10.143440841,3232.146512922
670.900000000,190.900000000,10.141674671,3233.160768697
671.000000000,191.000000000,10.139908501,3234.174847856
671.100000000,191.100000000,10.138163266,3235.188751444
671.200000000,191.200000000,10.136425009,3236.202480858
671.300000000,191.300000000,10.134687807,3237.216036499
671.400000000,191.400000000,10.132955346,3238.229418657
671.500000000,191.500000000,10.131222885,3239.242627568
671.600000000,191.600000000,10.129490424,3240.255663234
671.700000000,191.700000000,10.127757963,3241.268525653
671.800000000,191.800000000,10.126025502,3242.281214826
671.900000000,191.900000000,10.124293041,3243.293730753
672.000000000,192.000000000,10.122560580,3244.306073435
672.100000000,192.100000000,10.120861300,3245.318244529
672.200000000,192.200000000,10.119173081,3246.330246248
672.300000000,192.300000000,10.117484861,3247.342079145
672.400000000,192.400000000,10.115796641,3248.353743220
672.500000000,192.500000000,10.114108421,3249.365238473
672.600000000,192.600000000,10.112420201,3250.376564904
672.700000000,192.700000000,10.110731981,3251.387722513
672.800000000,192.800000000,10.109043762,3252.398711300
672.900000000,192.900000000,10.107355542,3253.409531265
673.000000000,193.000000000,10.105667322,3254.420182409
673.100000000,193.100000000,10.103998608,3255.430665705
673.200000000,193.200000000,10.102336395,3256.440982455
673.300000000,193.300000000,10.100674183,3257.451132984
673.400000000,193.400000000,10.099011970,3258.461117292
673.500000000,193.500000000,10.097349758,3259.470935378
673.600000000,193.600000000,10.095687545,3260.480587243
673.700000000,193.700000000,10.094025333,3261.490072887
673.800000000,193.800000000,10.092363121,3262.499392310
673.900000000,193.900000000,10.090700908,3263.508545511
674.000000000,194.000000000,10.089038696,3264.517532492
674.100000000,194.100000000,10.087398810,3265.526354367
674.200000000,194.200000000,10.085766367,3266.535012626
674.300000000,194.300000000,10.084133924,3267.543507640
674.400000000,194.400000000,10.082501481,3268.551839410
674.500000000,194.500000000,10.080869037,3269.560007936
674.600000000,194.600000000,10.079236594,3270.568013218
674.700000000,194.700000000,10.077604151,3271.575855255
674.800000000,194.800000000,10.075971708,3272.583534048
674.900000000,194.900000000,10.074339265,3273.591049597
675.000000000,195.000000000,10.072706822,3274.598401901
675.100000000,195.100000000,10.071096936,3275.605592089
675.200000000,195.200000000,10.069494569,3276.612621664
675.300000000,195.300000000,10.067892202,3277.619491003
675.400000000,195.400000000,10.066289835,3278.626200105
675.500000000,195.500000000,10.064687468,3279.632748970
675.600000000,195.600000000,10.063085102,3280.639137598
675.700000000,195.700000000,10.061482735,3281.645365990
675.800000000,195.800000000,10.059880368,3282.651434145
675.900000000,195.900000000,10.058278001,3283.657342064
676.000000000,196.000000000,10.056675634,3284.663089746
676.100000000,196.100000000,10.055096890,3285.668678372
676.200000000,196.200000000,10.053526020,3286.674109517
676.300000000,196.300000000,10.051955150,3287.679383576
676.400000000,196.400000000,10.050384280,3288.684500547
676.500000000,196.500000000,10.048813410,3289.689460432
676.600000000,196.600000000,10.047242540,3290.694263229
676.700000000,196.700000000,10.045671670,3291.698908940
676.800000000,196.800000000,10.044100800,3292.703397563
676.900000000,196.900000000,10.042529930,3293.707729100
677.000000000,197.000000000,10.040959060,3294.711903549
677.100000000,197.100000000,10.039407380,3295.715921871
677.200000000,197.200000000,10.037862097,3296.719785345
677.300000000,197.300000000,10.036316815,3297.723494291
677.400000000,197.400000000,10.034771532,3298.727048708
677.500000000,197.500000000,10.033226249,3299.730448597
677.600000000,197.600000000,10.031680966,3300.733693958
677.700000000,197.700000000,10.030135684,3301.736784790
677.800000000,197.800000000,10.028590401,3302.739721095
677.900000000,197.900000000,10.027045118,3303.742502870
678.000000000,198.000000000,10.025499836,3304.745130118
678.100000000,198.100000000,10.023973021,3305.747603761
678.200000000,198.200000000,10.022452363,3306.749925030
678.300000000,198.300000000,10.020931705,3307.752094234
678.400000000,198.400000000,10.019411047,3308.754111371
678.500000000,198.500000000,10.017890389,3309.755976443
678.600000000,198.600000000,10.016369731,3310.757689449
678.700000000,198.700000000,10.014849073,3311.759250389
678.800000000,198.800000000,10.013328415,3312.760659264
678.900000000,198.900000000,10.011807757,3313.761916072
679.000000000,199.000000000,10.010287099,3314.763020815
679.100000000,199.100000000,10.008785590,3315.763974450
679.200000000,199.200000000,10.007290465,3316.764778253
679.300000000,199.300000000,10.005795339,3317.765432543
679.400000000,199.400000000,10.004300213,3318.765937320
679.500000000,199.500000000,10.002805088,3319.766292585
679.600000000,199.600000000,10.001309962,3320.766498338
679.700000000,199.700000000,9.999814836,3321.766554578
679.800000000,199.800000000,9.998319710,3322.766461305
679.900000000,199.900000000,9.996824585,3323.766218520
680.000000000,200.000000000,9.995329459,3324.765826222
680.100000000,200.100000000,9.993854080,3325.765285399
680.200000000,200.200000000,9.992385284,3326.764597367
680.300000000,200.300000000,9.990916487,3327.763762456
680.400000000,200.400000000,9.989447691,3328.762780665
680.500000000,200.500000000,9.987978894,3329.761651994
680.600000000,200.600000000,9.986510098,3330.760376443
680.700000000,200.700000000,9.985041302,3331.758954013
680.800000000,200.800000000,9.983572505,3332.757384704
680.900000000,200.900000000,9.982103709,3333.755668514
681.000000000,201.000000000,9.980634912,3334.753805446
681.100000000,201.100000000,9.979186254,3335.751796504
681.200000000,201.200000000,9.977744309,3336.749643032
681.300000000,201.300000000,9.976302364,3337.747345366
681.400000000,201.400000000,9.974860418,3338.744903505
681.500000000,201.500000000,9.973418473,3339.742317449
681.600000000,201.600000000,9.971976527,3340.739587199
681.700000000,201.700000000,9.970534582,3341.736712755
681.800000000,201.800000000,9.969092637,3342.733694116
681.900000000,201.900000000,9.967650691,3343.730531282
682.000000000,202.000000000,9.966208746,3344.727224254
682.100000000,202.100000000,9.964784806,3345.723773932
682.200000000,202.200000000,9.963366869,3346.720181515
682.300000000,202.300000000,9.961948931,3347.716447305
682.400000000,202.400000000,9.960530994,3348.712571301
682.500000000,202.500000000,9.959113056,3349.708553504
682.600000000,202.600000000,9.957695118,3350.704393913
682.700000000,202.700000000,9.956277181,3351.700092528
682.800000000,202.800000000,9.954859243,3352.695649349
682.900000000,202.900000000,9.953441306,3353.691064376
683.000000000,203.000000000,9.952023368,3354.686337610
683.100000000,203.100000000,9.950618590,3355.681469708
683.200000000,203.200000000,9.949218199,3356.676461547
683.300000000,203.300000000,9.947817807,3357.671313348
683.400000000,203.400000000,9.946417416,3358.666025109
683.500000000,203.500000000,9.945017024,3359.660596831
683.600000000,203.600000000,9.943616633,3360.655028514
683.700000000,203.700000000,9.942216241,3361.649320157
683.800000000,203.800000000,9.940815850,3362.643471762
683.900000000,203.900000000,9.939415458,3363.637483327
684.000000000,204.000000000,9.938015067,3364.631354854
684.100000000,204.100000000,9.936641656,3365.625087690
684.200000000,204.200000000,9.935277238,3366.618683634
684.300000000,204.300000000,9.933912821,3367.612143137
684.400000000,204.400000000,9.932548403,3368.605466198
684.500000000,204.500000000,9.931183986,3369.598652818
684.600000000,204.600000000,9.929819568,3370.591702996
684.700000000,204.700000000,9.928455150,3371.584616732
684.800000000,204.800000000,9.927090733,3372.577394026
684.900000000,204.900000000,9.925726315,3373.570034878
685.000000000,205.000000000,9.924361898,3374.562539289
685.100000000,205.100000000,9.923014434,3375.554908105
685.200000000,205.200000000,9.921672621,3376.547142458
685.300000000,205.300000000,9.920330808,3377.539242629
685.400000000,205.400000000,9.918988995,3378.531208620
685.500000000,205.500000000,9.917647182,3379.523040428
685.600000000,205.600000000,9.916305369,3380.514738056
685.700000000,205.700000000,9.914963556,3381.506301502
685.800000000,205.800000000,9.913621743,3382.497730767
685.900000000,205.900000000,9.912279930,3383.489025851
686.000000000,206.000000000,9.910938117,3384.480186753
686.100000000,206.100000000,9.909605819,3385.471213950
686.200000000,206.200000000,9.908276693,3386.462108076
686.300000000,206.300000000,9.906947567,3387.452869289
686.400000000,206.400000000,9.905618441,3388.443497589
686.500000000,206.500000000,9.904289315,3389.433992977
686.600000000,206.600000000,9.902960189,3390.424355452
686.700000000,206.700000000,9.901631063,3391.414585015
686.800000000,206.800000000,9.900301937,3392.404681665
686.900000000,206.900000000,9.898972811,3393.394645402
687.000000000,207.000000000,9.897643685,3394.384476227
687.100000000,207.100000000,9.896323274,3395.374174575
687.200000000,207.200000000,9.895005767,3396.363741027
687.300000000,207.300000000,9.893688260,3397.353175728
687.400000000,207.400000000,9.892370754,3398.342478679
687.500000000,207.500000000,9.891053247,3399.331649879
687.600000000,207.600000000,9.889735741,3400.320689328
687.700000000,207.700000000,9.888418234,3401.309597027
687.800000000,207.800000000,9.887100727,3402.298372975
687.900000000,207.900000000,9.885783221,3403.287017173
688.000000000,208.000000000,9.884465714,3404.275529619
688.100000000,208.100000000,9.883156169,3405.263910713
688.200000000,208.200000000,9.881849279,3406.252160986
688.300000000,208.300000000,9.880542388,3407.240280569
688.400000000,208.400000000,9.879235497,3408.228269463
688.500000000,208.500000000,9.877928606,3409.216127669
688.600000000,208.600000000,9.876621715,3410.203855185
688.700000000,208.700000000,9.875314825,3411.191452012
688.800000000,208.800000000,9.874007934,3412.178918150
688.900000000,208.900000000,9.872701043,3413.166253598
689.000000000,209.000000000,9.871394152,3414.153458358
689.100000000,209.100000000,9.870095689,3415.140532850
689.200000000,209.200000000,9.868800036,3416.127477636
689.300000000,209.300000000,9.867504382,3417.114292857
689.400000000,209.400000000,9.866208728,3418.100978513
689.500000000,209.500000000,9.864913075,3419.087534603
689.600000000,209.600000000,9.863617421,3420.073961128
689.700000000,209.700000000,9.862321767,3421.060258087
689.800000000,209.800000000,9.861026114,3422.046425481
689.900000000,209.900000000,9.859730460,3423.032463310
690.000000000,210.000000000,9.858434806,3424.018371573
690.100000000,210.100000000,9.857151557,3425.004150891
690.200000000,210.200000000,9.855872443,3425.989802091
690.300000000,210.300000000,9.854593329,3426.975325380
690.400000000,210.400000000,9.853314215,3427.960720757
690.500000000,210.500000000,9.852035101,3428.945988223
690.600000000,210.600000000,9.850755986,3429.931127777
690.700000000,210.700000000,9.849476872,3430.916139420
690.800000000,210.800000000,9.848197758,3431.901023152
690.900000000,210.900000000,9.846918644,3432.885778972
691.000000000,211.000000000,9.845639530,3433.870406881
691.100000000,211.100000000,9.844375229,3434.854907618
691.200000000,211.200000000,9.843115865,3435.839282173
691.300000000,211.300000000,9.841856502,3436.823530792
691.400000000,211.400000000,9.840597139,3437.807653474
691.500000000,211.500000000,9.839337776,3438.791650219
691.600000000,211.600000000,9.838078413,3439.775521029
691.700000000,211.700000000,9.836819049,3440.759265902
691.800000000,211.800000000,9.835559686,3441.742884839
691.900000000,211.900000000,9.834300424,3442.726377844
692.000000000,212.000000000,9.833045278,3443.709745129
692.100000000,212.100000000,9.831801026,3444.692987444
692.200000000,212.200000000,9.830560405,3445.676105516
692.300000000,212.300000000,9.829319785,3446.659099526
692.400000000,212.400000000,9.828079165,3447.641969473
692.500000000,212.500000000,9.826838544,3448.624715358
692.600000000,212.600000000,9.825597924,3449.607337182
692.700000000,212.700000000,9.824359225,3450.589835039
692.800000000,212.800000000,9.823122690,3451.572209135
692.900000000,212.900000000,9.821886156,3452.554459577
693.000000000,213.000000000,9.820649621,3453.536586366
693.100000000,213.100000000,9.819421514,3454.518589923
693.200000000,213.200000000,9.818196217,3455.500470810
693.300000000,213.300000000,9.816970920,3456.482229166
693.400000000,213.400000000,9.815745623,3457.463864994
693.500000000,213.500000000,9.814520326,3458.445378291
693.600000000,213.600000000,9.813295029,3459.426769059
693.700000000,213.700000000,9.812069732,3460.408037297
693.800000000,213.800000000,9.810844435,3461.389183005
693.900000000,213.900000000,9.809619138,3462.370206184
694.000000000,214.000000000,9.808393841,3463.351106833
694.100000000,214.100000000,9.807174495,3464.331885250
694.200000000,214.200000000,9.805957133,3465.312541831
694.300000000,214.300000000,9.804739771,3466.293076676
694.400000000,214.400000000,9.803522408,3467.273489785
694.500000000,214.500000000,9.802305046,3468.253781158
694.600000000,214.600000000,9.801087684,3469.233950794
694.700000000,214.700000000,9.799870322,3470.213998695
694.800000000,214.800000000,9.798652960,3471.193924859
694.900000000,214.900000000,9.797435597,3472.173729287
695.000000000,215.000000000,9.796218235,3473.153411978
695.100000000,215.100000000,9.795004100,3474.132973095
695.200000000,215.200000000,9.793791041,3475.112412852
695.300000000,215.300000000,9.792577982,3476.091731303
695.400000000,215.400000000,9.791364923,3477.070928449
695.500000000,215.500000000,9.790151863,3478.050004288
695.600000000,215.600000000,9.788938804,3479.028958821
695.700000000,215.700000000,9.787725745,3480.007792049
695.800000000,215.800000000,9.786512686,3480.986503970
695.900000000,215.900000000,9.785299626,3481.965094586
696.000000000,216.000000000,9.784086567,3482.943563895
696.100000000,216.100000000,9.782872957,3483.921911872
696.200000000,216.200000000,9.781659163,3484.900138478
696.300000000,216.300000000,9.780445369,3485.878243704
696.400000000,216.400000000,9.779231575,3486.856227552
696.500000000,216.500000000,9.778017782,3487.834090019
696.600000000,216.600000000,9.776803988,3488.811831108
696.700000000,216.700000000,9.775590194,3489.789450817
696.800000000,216.800000000,9.774376400,3490.766949147
696.900000000,216.900000000,9.773162606,3491.744326097
697.000000000,217.000000000,9.771948813,3492.721581668
697.100000000,217.100000000,9.770736725,3493.698715945
697.200000000,217.200000000,9.769525206,3494.675729041
697.300000000,217.300000000,9.768313687,3495.652620986
697.400000000,217.400000000,9.767102169,3496.629391779
697.500000000,217.500000000,9.765890650,3497.606041420
697.600000000,217.600000000,9.764679131,3498.582569909
697.700000000,217.700000000,9.763467612,3499.558977246
697.800000000,217.800000000,9.762256093,3500.535263431
697.900000000,217.900000000,9.761044575,3501.511428465
698.000000000,218.000000000,9.759833056,3502.487472346
698.100000000,218.100000000,9.758621135,3503.463395056
698.200000000,218.200000000,9.757410964,3504.439196661
698.300000000,218.300000000,9.756200793,3505.414877249
698.400000000,218.400000000,9.754990623,3506.390436819
698.500000000,218.500000000,9.753780452,3507.365875373
698.600000000,218.600000000,9.752570281,3508.341192910
698.700000000,218.700000000,9.751360110,3509.316389429
698.800000000,218.800000000,9.750149940,3510.291464932
698.900000000,218.900000000,9.748941973,3511.266419527
699.000000000,219.000000000,9.747735812,3512.241253417
699.100000000,219.100000000,9.746528844,3513.215966649
699.200000000,219.200000000,9.745321607,3514.190559172
699.300000000,219.300000000,9.744114370,3515.165030971
699.400000000,219.400000000,9.742907133,3516.139382046
699.500000000,219.500000000,9.741699896,3517.113612397
699.600000000,219.600000000,9.740492660,3518.087722025
699.700000000,219.700000000,9.739285423,3519.061710929
699.800000000,219.800000000,9.738078186,3520.035579110
699.900000000,219.900000000,9.736870949,3521.009326567
700.000000000,220.000000000,9.735663713,3521.982953300
700.100000000,220.100000000,9.734457883,3522.956459379
700.200000000,220.200000000,9.733252521,3523.929844900
700.300000000,220.300000000,9.732047160,3524.903109884
700.400000000,220.400000000,9.730841799,3525.876254332
700.500000000,220.500000000,9.729636438,3526.849278244
700.600000000,220.600000000,9.728431077,3527.822181619
700.700000000,220.700000000,9.727225716,3528.794964459
700.800000000,220.800000000,9.726020355,3529.767626762
700.900000000,220.900000000,9.724814993,3530.740168530
701.000000000,221.000000000,9.723609632,3531.712589761
701.100000000,221.100000000,9.722408104,3532.684890648
701.200000000,221.200000000,9.721207853,3533.657071446
701.300000000,221.300000000,9.720007601,3534.629132218
701.400000000,221.400000000,9.718807350,3535.601072966
701.500000000,221.500000000,9.717607099,3536.572893689
701.600000000,221.600000000,9.716406848,3537.544594386
701.700000000,221.700000000,9.715206597,3538.516175058
701.800000000,221.800000000,9.714006346,3539.487635705
701.900000000,221.900000000,9.712806095,3540.458976327
702.000000000,222.000000000,9.711605844,3541.430196924
702.100000000,222.100000000,9.710404459,3542.401297439
702.200000000,222.200000000,9.709202696,3543.372277797
702.300000000,222.300000000,9.708000934,3544.343137979
702.400000000,222.400000000,9.706799171,3545.313877984
702.500000000,222.500000000,9.705597409,3546.284497813
702.600000000,222.600000000,9.704395646,3547.254997466
702.700000000,222.700000000,9.703193883,3548.225376942
702.800000000,222.800000000,9.701992121,3549.195636242
702.900000000,222.900000000,9.700790358,3550.165775366
703.000000000,223.000000000,9.699588596,3551.135794314
703.100000000,223.100000000,9.698389384,3552.105693213
703.200000000,223.200000000,9.697191022,3553.075472233
703.300000000,223.300000000,9.695992660,3554.045131417
703.400000000,223.400000000,9.694794298,3555.014670765
703.500000000,223.500000000,9.693595937,3555.984090277
703.600000000,223.600000000,9.692397575,3556.953389953
703.700000000,223.700000000,9.691199213,3557.922569792
703.800000000,223.800000000,9.690000851,3558.891629795
703.900000000,223.900000000,9.688802490,3559.860569962
704.000000000,224.000000000,9.687604128,3560.829390293
704.100000000,224.100000000,9.686410396,3561.798091019
704.200000000,224.200000000,9.685218208,3562.766672450
704.300000000,224.300000000,9.684026020,3563.735134661
704.400000000,224.400000000,9.682833832,3564.703477654
704.500000000,224.500000000,9.681641644,3565.671701427
704.600000000,224.600000000,9.680449456,3566.639805982
704.700000000,224.700000000,9.679257268,3567.607791318
704.800000000,224.800000000,9.678065080,3568.575657436
704.900000000,224.900000000,9.676872891,3569.543404334
705.000000000,225.000000000,9.675680703,3570.511032014
705.100000000,225.100000000,9.674489802,3571.478540539
705.200000000,225.200000000,9.673299329,3572.445929996
705.300000000,225.300000000,9.672108856,3573.413200405
705.400000000,225.400000000,9.670918383,3574.380351767
705.500000000,225.500000000,9.669727910,3575.347384082
705.600000000,225.600000000,9.668537437,3576.314297349
705.700000000,225.700000000,9.667346964,3577.281091569
705.800000000,225.800000000,9.666156491,3578.247766742
705.900000000,225.900000000,9.664966018,3579.214322867
706.000000000,226.000000000,9.663775545,3580.180759945
706.100000000,226.100000000,9.662588684,3581.147078157
706.200000000,226.200000000,9.661403027,3582.113277742
706.300000000,226.300000000,9.660217370,3583.079358762
706.400000000,226.400000000,9.659031713,3584.045321216
706.500000000,226.500000000,9.657846057,3585.011165105
706.600000000,226.600000000,9.656660400,3585.976890428
706.700000000,226.700000000,9.655474743,3586.942497185
706.800000000,226.800000000,9.654289086,3587.907985376
706.900000000,226.900000000,9.653103429,3588.873355002
707.000000000,227.000000000,9.651917772,3589.838606062
707.100000000,227.100000000,9.650737292,3590.803738815
707.200000000,227.200000000,9.649558538,3591.768753607
707.300000000,227.300000000,9.648379784,3592.733650523
707.400000000,227.400000000,9.647201030,3593.698429564
707.500000000,227.500000000,9.646022276,3594.663090729
707.600000000,227.600000000,9.644843521,3595.627634019
707.700000000,227.700000000,9.643664767,3596.592059433
707.800000000,227.800000000,9.642486013,3597.556366972
707.900000000,227.900000000,9.641307259,3598.520556636
708.000000000,228.000000000,9.640128504,3599.484628424
708.100000000,228.100000000,9.638955665,3600.448582632
708.200000000,228.200000000,9.637784798,3601.412419656
708.300000000,228.300000000,9.636613931,3602.376139592
708.400000000,228.400000000,9.635443064,3603.339742442
708.500000000,228.500000000,9.634272196,3604.303228205
708.600000000,228.600000000,9.633101329,3605.266596881
708.700000000,228.700000000,9.631930462,3606.229848471
708.800000000,228.800000000,9.630759595,3607.192982973
708.900000000,228.900000000,9.629588728,3608.156000390
709.000000000,229.000000000,9.628417860,3609.118900719
709.100000000,229.100000000,9.627254589,3610.081684341
709.200000000,229.200000000,9.626093849,3611.044351763
709.300000000,229.300000000,9.624933109,3612.006903111
709.400000000,229.400000000,9.623772369,3612.969338385
709.500000000,229.500000000,9.622611629,3613.931657585
709.600000000,229.600000000,9.621450889,3614.893860711
709.700000000,229.700000000,9.620290149,3615.855947763
709.800000000,229.800000000,9.619129409,3616.817918741
709.900000000,229.900000000,9.617968669,3617.779773645
710.000000000,230.000000000,9.616807929,3618.741512474
710.100000000,230.100000000,9.615656717,3619.703135707
710.200000000,230.200000000,9.614508681,3620.664643977
710.300000000,230.300000000,9.613360645,3621.626037443
710.400000000,230.400000000,9.612212609,3622.587316106
710.500000000,230.500000000,9.611064573,3623.548479965
710.600000000,230.600000000,9.609916537,3624.509529020
710.700000000,230.700000000,9.608768501,3625.470463272
710.800000000,230.800000000,9.607620465,3626.431282721
710.900000000,230.900000000,9.606472430,3627.391987365
711.000000000,231.000000000,9.605324394,3628.352577207
711.100000000,231.100000000,9.604187550,3629.313052804
711.200000000,231.200000000,9.603054438,3630.273414903
711.300000000,231.300000000,9.601921326,3631.233663691
711.400000000,231.400000000,9.600788213,3632.193799168
711.500000000,231.500000000,9.599655101,3633.153821334
711.600000000,231.600000000,9.598521989,3634.113730189
711.700000000,231.700000000,9.597388877,3635.073525732
711.800000000,231.800000000,9.596255764,3636.033207964
711.900000000,231.900000000,9.595122652,3636.992776885
712.000000000,232.000000000,9.593989540,3637.952232494
712.100000000,232.100000000,9.592869188,3638.911575431
712.200000000,232.200000000,9.591753089,3639.870806545
712.300000000,232.300000000,9.590636991,3640.829926049
712.400000000,232.400000000,9.589520892,3641.788933943
712.500000000,232.500000000,9.588404794,3642.747830227
712.600000000,232.600000000,9.587288695,3643.706614901
712.700000000,232.700000000,9.586172597,3644.665287966
712.800000000,232.800000000,9.585056498,3645.623849421
712.900000000,232.900000000,9.583940400,3646.582299266
713.000000000,233.000000000,9.582824301,3647.540637501
713.100000000,233.100000000,9.581723227,3648.498864877
713.200000000,233.200000000,9.580627160,3649.456982396
713.300000000,233.300000000,9.579531093,3650.414990309
713.400000000,233.400000000,9.578435026,3651.372888615
713.500000000,233.500000000,9.577338959,3652.330677314
713.600000000,233.600000000,9.576242892,3653.288356407
713.700000000,233.700000000,9.575146826,3654.245925893
713.800000000,233.800000000,9.574050759,3655.203385772
713.900000000,233.900000000,9.572954692,3656.160736045
714.000000000,234.000000000,9.571858625,3657.117976710
714.100000000,234.100000000,9.570777879,3658.075108536
714.200000000,234.200000000,9.569702240,3659.032132542
714.300000000,234.300000000,9.568626601,3659.989048984
714.400000000,234.400000000,9.567550962,3660.945857862
714.500000000,234.500000000,9.566475323,3661.902559176
714.600000000,234.600000000,9.565399684,3662.859152926
714.700000000,234.700000000,9.564324045,3663.815639113
714.800000000,234.800000000,9.563248406,3664.772017735
714.900000000,234.900000000,9.562172767,3665.728288794
715.000000000,235.000000000,9.561097128,3666.684452289
715.100000000,235.100000000,9.560035821,3667.640508936
715.200000000,235.200000000,9.558979290,3668.596459692
715.300000000,235.300000000,9.557922760,3669.552304794
715.400000000,235.400000000,9.556866230,3670.508044244
715.500000000,235.500000000,9.555809700,3671.463678040
715.600000000,235.600000000,9.554753170,3672.419206184
715.700000000,235.700000000,9.553696640,3673.374628674
715.800000000,235.800000000,9.552640109,3674.329945512
715.900000000,235.900000000,9.551583579,3675.285156696
716.000000000,236.000000000,9.550527049,3676.240262228
716.100000000,236.100000000,9.549487212,3677.195262941
716.200000000,236.200000000,9.548452940,3678.150159948
716.300000000,236.300000000,9.547418668,3679.104953529
716.400000000,236.400000000,9.546384396,3680.059643682
716.500000000,236.500000000,9.545350124,3681.014230408
716.600000000,236.600000000,9.544315852,3681.968713707
716.700000000,236.700000000,9.543281580,3682.923093578
716.800000000,236.800000000,9.542247308,3683.877370023
716.900000000,236.900000000,9.541213036,3684.831543040
717.000000000,237.000000000,9.540178763,3685.785612630
717.100000000,237.100000000,9.539160968,3686.739579616
717.200000000,237.200000000,9.538148664,3687.693445098
717.300000000,237.300000000,9.537136360,3688.647209349
717.400000000,237.400000000,9.536124056,3689.600872370
717.500000000,237.500000000,9.535111753,3690.554434160
717.600000000,237.600000000,9.534099449,3691.507894720
717.700000000,237.700000000,9.533087145,3692.461254050
717.800000000,237.800000000,9.532074841,3693.414512149
717.900000000,237.900000000,9.531062537,3694.367669018
718.000000000,238.000000000,9.530050234,3695.320724657
718.100000000,238.100000000,9.529053893,3696.273679863
718.200000000,238.200000000,9.528062873,3697.226535701
718.300000000,238.300000000,9.527071854,3698.179292438
718.400000000,238.400000000,9.526080834,3699.131950072
718.500000000,238.500000000,9.525089815,3700.084508605
718.600000000,238.600000000,9.524098795,3701.036968035
718.700000000,238.700000000,9.523107775,3701.989328364
718.800000000,238.800000000,9.522116756,3702.941589590
718.900000000,238.900000000,9.521125736,3703.893751715
719.000000000,239.000000000,9.520134717,3704.845814738
719.100000000,239.100000000,9.519156012,3705.797779274
719.200000000,239.200000000,9.518181413,3706.749646145
719.300000000,239.300000000,9.517206814,3707.701415557
719.400000000,239.400000000,9.516232214,3708.653087508
719.500000000,239.500000000,9.515257615,3709.604661999
719.600000000,239.600000000,9.514283015,3710.556139031
719.700000000,239.700000000,9.513308416,3711.507518603
719.800000000,239.800000000,9.512333817,3712.458800714
719.900000000,239.900000000,9.511359217,3713.409985366
720.000000000,240.000000000,9.510384618,3714.361072558
720.100000000,240.100000000,9.509425300,3715.312063054
720.200000000,240.200000000,9.508471076,3716.262957872
720.300000000,240.300000000,9.507516852,3717.213757269
720.400000000,240.400000000,9.506562628,3718.164461243
720.500000000,240.500000000,9.505608404,3719.115069794
720.600000000,240.600000000,9.504654180,3720.065582923
720.700000000,240.700000000,9.503699956,3721.016000630
720.800000000,240.800000000,9.502745732,3721.966322915
720.900000000,240.900000000,9.501791507,3722.916549777
721.000000000,241.000000000,9.500837283,3723.866681216
721.100000000,241.100000000,9.499897709,3724.816717966
721.200000000,241.200000000,9.498963018,3725.766661002
721.300000000,241.300000000,9.498028326,3726.716510569
721.400000000,241.400000000,9.497093635,3727.666266667
721.500000000,241.500000000,9.496158944,3728.615929296
721.600000000,241.600000000,9.495224252,3729.565498456
721.700000000,241.700000000,9.494289561,3730.514974147
721.800000000,241.800000000,9.493354870,3731.464356368
721.900000000,241.900000000,9.492420178,3732.413645121
722.000000000,242.000000000,9.491485487,3733.362840404
722.100000000,242.100000000,9.490565187,3734.311942938
722.200000000,242.200000000,9.489649683,3735.260953681
722.300000000,242.300000000,9.488734180,3736.209872874
722.400000000,242.400000000,9.487818676,3737.158700517
722.500000000,242.500000000,9.486903172,3738.107436609
722.600000000,242.600000000,9.485987669,3739.056081151
722.700000000,242.700000000,9.485072165,3740.004634143
722.800000000,242.800000000,9.484156662,3740.953095585
722.900000000,242.900000000,9.483241158,3741.901465476
723.000000000,243.000000000,9.482325655,3742.849743816
723.100000000,243.100000000,9.481424359,3743.797931317
723.200000000,243.200000000,9.480527799,3744.746028925
723.300000000,243.300000000,9.479631239,3745.694036877
723.400000000,243.400000000,9.478734679,3746.641955173
723.500000000,243.500000000,9.477838119,3747.589783813
723.600000000,243.600000000,9.476941559,3748.537522796
723.700000000,243.700000000,9.476044999,3749.485172124
723.800000000,243.800000000,9.475148439,3750.432731796
723.900000000,243.900000000,9.474251879,3751.380201812
724.000000000,244.000000000,9.473355319,3752.327582172
724.100000000,244.100000000,9.472472688,3753.274873573
724.200000000,244.200000000,9.471594700,3754.222076942
724.300000000,244.300000000,9.470716712,3755.169192513
724.400000000,244.400000000,9.469838723,3756.116220284
724.500000000,244.500000000,9.468960735,3757.063160257
724.600000000,244.600000000,9.468082747,3758.010012431
724.700000000,244.700000000,9.467204758,3758.956776807
724.800000000,244.800000000,9.466326770,3759.903453383
724.900000000,244.900000000,9.465448782,3760.850042161
725.000000000,245.000000000,9.464570793,3761.796543139
725.100000000,245.100000000,9.463706287,3762.742956993
725.200000000,245.200000000,9.462846275,3763.689284621
725.300000000,245.300000000,9.461986263,3764.635526248
725.400000000,245.400000000,9.461126250,3765.581681874
725.500000000,245.500000000,9.460266238,3766.527751498
725.600000000,245.600000000,9.459406226,3767.473735122
725.700000000,245.700000000,9.458546213,3768.419632743
725.800000000,245.800000000,9.457686201,3769.365444364
725.900000000,245.900000000,9.456826189,3770.311169984
726.000000000,246.000000000,9.455966176,3771.256809602
726.100000000,246.100000000,9.455119001,3772.202363861
726.200000000,246.200000000,9.454276104,3773.147833616
726.300000000,246.300000000,9.453433207,3774.093219082
726.400000000,246.400000000,9.452590310,3775.038520257
726.500000000,246.500000000,9.451747413,3775.983737144
726.600000000,246.600000000,9.450904516,3776.928869740
726.700000000,246.700000000,9.450061619,3777.873918047
726.800000000,246.800000000,9.449218722,3778.818882064
726.900000000,246.900000000,9.448375826,3779.763761791
727.000000000,247.000000000,9.447532929,3780.708557229
727.100000000,247.100000000,9.446703203,3781.653269036
727.200000000,247.200000000,9.445877869,3782.597898089
727.300000000,247.300000000,9.445052534,3783.542444609
727.400000000,247.400000000,9.444227199,3784.486908596
727.500000000,247.500000000,9.443401864,3785.431290049
727.600000000,247.600000000,9.442576530,3786.375588969
727.700000000,247.700000000,9.441751195,3787.319805355
727.800000000,247.800000000,9.440925860,3788.263939208
727.900000000,247.900000000,9.440100525,3789.207990527
728.000000000,248.000000000,9.439275190,3790.151959313
728.100000000,248.100000000,9.438463449,3791.095846245
728.200000000,248.200000000,9.437656238,3792.039652229
728.300000000,248.300000000,9.436849027,3792.983377492
728.400000000,248.400000000,9.436041817,3793.927022035
728.500000000,248.500000000,9.435234606,3794.870585856
728.600000000,248.600000000,9.434427395,3795.814068956
728.700000000,248.700000000,9.433620184,3796.757471335
728.800000000,248.800000000,9.432812974,3797.700792993
728.900000000,248.900000000,9.432005763,3798.644033929
729.000000000,249.000000000,9.431198552,3799.587194145
729.100000000,249.100000000,9.430404928,3800.530274319
729.200000000,249.200000000,9.429615833,3801.473275357
729.300000000,249.300000000,9.428826738,3802.416197486
729.400000000,249.400000000,9.428037643,3803.359040705
729.500000000,249.500000000,9.427248548,3804.301805014
729.600000000,249.600000000,9.426459453,3805.244490414
729.700000000,249.700000000,9.425670358,3806.187096905
729.800000000,249.800000000,9.424881262,3807.129624486
729.900000000,249.900000000,9.424092167,3808.072073157
730.000000000,250.000000000,9.423303072,3809.014442919
730.100000000,250.100000000,9.422527394,3809.956734443
730.200000000,250.200000000,9.421756187,3810.898948622
730.300000000,250.300000000,9.420984981,3811.841085680
730.400000000,250.400000000,9.420213774,3812.783145618
730.500000000,250.500000000,9.419442568,3813.725128435
730.600000000,250.600000000,9.418671361,3814.667034131
730.700000000,250.700000000,9.417900155,3815.608862707
730.800000000,250.800000000,9.417128948,3816.550614162
730.900000000,250.900000000,9.416357742,3817.492288497
731.000000000,251.000000000,9.415586535,3818.433885711
731.100000000,251.100000000,9.414828466,3819.375406461
731.200000000,251.200000000,9.414074775,3820.316851623
731.300000000,251.300000000,9.413321085,3821.258221416
731.400000000,251.400000000,9.412567394,3822.199515840
731.500000000,251.500000000,9.411813704,3823.140734895
731.600000000,251.600000000,9.411060013,3824.081878580
731.700000000,251.700000000,9.410306322,3825.022946897
731.800000000,251.800000000,9.409552632,3825.963939845
731.900000000,251.900000000,9.408798941,3826.904857424
732.000000000,252.000000000,9.408045251,3827.845699633
732.100000000,252.100000000,9.407304351,3828.786467113
732.200000000,252.200000000,9.406567716,3829.727160717
732.300000000,252.300000000,9.405831080,3830.667780656
732.400000000,252.400000000,9.405094445,3831.608326933
732.500000000,252.500000000,9.404357809,3832.548799545
732.600000000,252.600000000,9.403621174,3833.489198495
732.700000000,252.700000000,9.402884538,3834.429523780
732.800000000,252.800000000,9.402147902,3835.369775402
732.900000000,252.900000000,9.401411267,3836.309953361
733.000000000,253.000000000,9.400674631,3837.250057655
733.100000000,253.100000000,9.399950419,3838.190088908
733.200000000,253.200000000,9.399230348,3839.130047946
733.300000000,253.300000000,9.398510277,3840.069934978
733.400000000,253.400000000,9.397790205,3841.009750002
733.500000000,253.500000000,9.397070134,3841.949493019
733.600000000,253.600000000,9.396350063,3842.889164028
733.700000000,253.700000000,9.395629992,3843.828763031
733.800000000,253.800000000,9.394909920,3844.768290027
733.900000000,253.900000000,9.394189849,3845.707745015
734.000000000,254.000000000,9.393469778,3846.647127997
734.100000000,254.100000000,9.392761712,3847.586439571
734.200000000,254.200000000,9.392057649,3848.525680539
734.300000000,254.300000000,9.391353585,3849.464851101
734.400000000,254.400000000,9.390649521,3850.403951256
734.500000000,254.500000000,9.389945458,3851.342981005
734.600000000,254.600000000,9.389241394,3852.281940348
734.700000000,254.700000000,9.388537330,3853.220829284
734.800000000,254.800000000,9.387833267,3854.159647814
734.900000000,254.900000000,9.387129203,3855.098395937
735.000000000,255.000000000,9.386425139,3856.037073654
735.100000000,255.100000000,9.385732752,3856.975681549
735.200000000,255.200000000,9.385044257,3857.914220399
735.300000000,255.300000000,9.384355761,3858.852690400
735.400000000,255.400000000,9.383667266,3859.791091552
735.500000000,255.500000000,9.382978771,3860.729423853
735.600000000,255.600000000,9.382290275,3861.667687306
735.700000000,255.700000000,9.381601780,3862.605881909
735.800000000,255.800000000,9.380913285,3863.544007662
735.900000000,255.900000000,9.380224789,3864.482064565
736.000000000,256.000000000,9.379536294,3865.420052620
736.100000000,256.100000000,9.378857907,3866.357972330
736.200000000,256.200000000,9.378182890,3867.295824370
736.300000000,256.300000000,9.377507873,3868.233608908
736.400000000,256.400000000,9.376832856,3869.171325944
736.500000000,256.500000000,9.376157838,3870.108975479
736.600000000,256.600000000,9.375482821,3871.046557512
736.700000000,256.700000000,9.374807804,3871.984072043
736.800000000,256.800000000,9.374132787,3872.921519073
736.900000000,256.900000000,9.373457770,3873.858898601
737.000000000,257.000000000,9.372782752,3874.796210627
737.100000000,257.100000000,9.372118823,3875.733455705
737.200000000,257.200000000,9.371458590,3876.670634576
737.300000000,257.300000000,9.370798357,3877.607747423
737.400000000,257.400000000,9.370138123,3878.544794247
737.500000000,257.500000000,9.369477890,3879.481775048
737.600000000,257.600000000,9.368817657,3880.418689825
737.700000000,257.700000000,9.368157424,3881.355538579
737.800000000,257.800000000,9.367497190,3882.292321310
737.900000000,257.900000000,9.366836957,3883.229038018
738.000000000,258.000000000,9.366176724,3884.165688702
738.100000000,258.100000000,9.365526870,3885.102273881
738.200000000,258.200000000,9.364880477,3886.038794249
738.300000000,258.300000000,9.364234083,3886.975249977
738.400000000,258.400000000,9.363587689,3887.911641065
738.500000000,258.500000000,9.362941296,3888.847967515
738.600000000,258.600000000,9.362294902,3889.784229324
738.700000000,258.700000000,9.361648509,3890.720426495
738.800000000,258.800000000,9.361002115,3891.656559026
738.900000000,258.900000000,9.360355721,3892.592626918
739.000000000,259.000000000,9.359709328,3893.528630170
739.100000000,259.100000000,9.359072953,3894.464569284
739.200000000,259.200000000,9.358439918,3895.400444928
739.300000000,259.300000000,9.357806883,3896.336257268
739.400000000,259.400000000,9.357173849,3897.272006305
739.500000000,259.500000000,9.356540814,3898.207692038
739.600000000,259.600000000,9.355907779,3899.143314468
739.700000000,259.700000000,9.355274744,3900.078873594
739.800000000,259.800000000,9.354641709,3901.014369416
739.900000000,259.900000000,9.354008675,3901.949801936
740.000000000,260.000000000,9.353375640,3902.885171151
740.100000000,260.100000000,9.352750764,3903.820477471
740.200000000,260.200000000,9.352128608,3904.755721440
740.300000000,260.300000000,9.351506452,3905.690903193
740.400000000,260.400000000,9.350884295,3906.626022730
740.500000000,260.500000000,9.350262139,3907.561080052
740.600000000,260.600000000,9.349639983,3908.496075158
740.700000000,260.700000000,9.349017827,3909.431008049
740.800000000,260.800000000,9.348395671,3910.365878724
740.900000000,260.900000000,9.347773515,3911.300687183
741.000000000,261.000000000,9.347151358,3912.235433426
741.100000000,261.100000000,9.346539852,3913.170117987
741.200000000,261.200000000,9.345931895,3914.104741574
741.300000000,261.300000000,9.345323938,3915.039304366
741.400000000,261.400000000,9.344715981,3915.973806362
741.500000000,261.500000000,9.344108024,3916.908247562
741.600000000,261.600000000,9.343500067,3917.842627967
741.700000000,261.700000000,9.342892110,3918.776947575
741.800000000,261.800000000,9.342284153,3919.711206388
741.900000000,261.900000000,9.341676196,3920.645404406
742.000000000,262.000000000,9.341068239,3921.579541628
742.100000000,262.100000000,9.340469958,3922.513618537
742.200000000,262.200000000,9.339874902,3923.447635780
742.300000000,262.300000000,9.339279846,3924.381593518
742.400000000,262.400000000,9.338684791,3925.315491750
742.500000000,262.500000000,9.338089735,3926.249330476
742.600000000,262.600000000,9.337494679,3927.183109697
742.700000000,262.700000000,9.336899624,3928.116829412
742.800000000,262.800000000,9.336304568,3929.050489621
742.900000000,262.900000000,9.335709512,3929.984090325
743.000000000,263.000000000,9.335114457,3930.917631524
743.100000000,263.100000000,9.334531321,3931.851113813
743.200000000,263.200000000,9.333952158,3932.784537987
743.300000000,263.300000000,9.333372996,3933.717904244
743.400000000,263.400000000,9.332793833,3934.651212586
743.500000000,263.500000000,9.332214671,3935.584463011
743.600000000,263.600000000,9.331635508,3936.517655520
743.700000000,263.700000000,9.331056345,3937.450790113
743.800000000,263.800000000,9.330477183,3938.383866789
743.900000000,263.900000000,9.329898020,3939.316885549
744.000000000,264.000000000,9.329318858,3940.249846393
744.100000000,264.100000000,9.328755356,3941.182750104
744.200000000,264.200000000,9.328197074,3942.115597725
744.300000000,264.300000000,9.327638792,3943.048389519
744.400000000,264.400000000,9.327080510,3943.981125484
744.500000000,264.500000000,9.326522228,3944.913805621
744.600000000,264.600000000,9.325963946,3945.846429929
744.700000000,264.700000000,9.325405664,3946.778998410
744.800000000,264.800000000,9.324847383,3947.711511062
744.900000000,264.900000000,9.324289101,3948.643967886
745.000000000,265.000000000,9.323730819,3949.576368882
745.100000000,265.100000000,9.323183002,3950.508714573
745.200000000,265.200000000,9.322638674,3951.441005657
745.300000000,265.300000000,9.322094346,3952.373242308
745.400000000,265.400000000,9.321550018,3953.305424526
745.500000000,265.500000000,9.321005690,3954.237552312
745.600000000,265.600000000,9.320461361,3955.169625664
745.700000000,265.700000000,9.319917033,3956.101644584
745.800000000,265.800000000,9.319372705,3957.033609071
745.900000000,265.900000000,9.318828377,3957.965519125
746.000000000,266.000000000,9.318284049,3958.897374746
746.100000000,266.100000000,9.317749729,3959.829176435
746.200000000,266.200000000,9.317218746,3960.760924859
746.300000000,266.300000000,9.316687763,3961.692620184
746.400000000,266.400000000,9.316156780,3962.624262412
746.500000000,266.500000000,9.315625797,3963.555851540
746.600000000,266.600000000,9.315094813,3964.487387571
746.700000000,266.700000000,9.314563830,3965.418870503
746.800000000,266.800000000,9.314032847,3966.350300337
746.900000000,266.900000000,9.313501864,3967.281677073
747.000000000,267.000000000,9.312970881,3968.213000710
747.100000000,267.100000000,9.312449252,3969.144271716
747.200000000,267.200000000,9.311930742,3970.075490716
747.300000000,267.300000000,9.311412232,3971.006657865
747.400000000,267.400000000,9.310893721,3971.937773162
747.500000000,267.500000000,9.310375211,3972.868836609
747.600000000,267.600000000,9.309856700,3973.799848205
747.700000000,267.700000000,9.309338190,3974.730807949
747.800000000,267.800000000,9.308819680,3975.661715843
747.900000000,267.900000000,9.308301169,3976.592571885
748.000000000,268.000000000,9.307782659,3977.523376076
748.100000000,268.100000000,9.307272976,3978.454128858
748.200000000,268.200000000,9.306766235,3979.384830819
748.300000000,268.300000000,9.306259495,3980.315482105
748.400000000,268.400000000,9.305752754,3981.246082718
748.500000000,268.500000000,9.305246014,3982.176632656
748.600000000,268.600000000,9.304739273,3983.107131921
748.700000000,268.700000000,9.304232533,3984.037580511
748.800000000,268.800000000,9.303725792,3984.967978427
748.900000000,268.900000000,9.303219052,3985.898325669
749.000000000,269.000000000,9.302712311,3986.828622238
749.100000000,269.100000000,9.302212533,3987.758868480
749.200000000,269.200000000,9.301715076,3988.689064860
749.300000000,269.300000000,9.301217619,3989.619211495
749.400000000,269.400000000,9.300720162,3990.549308384
749.500000000,269.500000000,9.300222705,3991.479355527
749.600000000,269.600000000,9.299725248,3992.409352925
749.700000000,269.700000000,9.299227791,3993.339300577
749.800000000,269.800000000,9.298730334,3994.269198483
749.900000000,269.900000000,9.298232877,3995.199046644
750.000000000,270.000000000,9.297735419,3996.128845059
750.100000000,270.100000000,9.297245810,3997.058594120
750.200000000,270.200000000,9.296758815,3997.988294351
750.300000000,270.300000000,9.296271821,3998.917945883
750.400000000,270.400000000,9.295784827,3999.847548716
750.500000000,270.500000000,9.295297833,4000.777102849
750.600000000,270.600000000,9.294810839,4001.706608282
750.700000000,270.700000000,9.294323845,4002.636065016
750.800000000,270.800000000,9.293836851,4003.565473051
750.900000000,270.900000000,9.293349857,4004.494832387
751.000000000,271.000000000,9.292862863,4005.424143023
751.100000000,271.100000000,9.292383424,4006.353405337
751.200000000,271.200000000,9.291906503,4007.282619833
751.300000000,271.300000000,9.291429582,4008.211786637
751.400000000,271.400000000,9.290952661,4009.140905750
751.500000000,271.500000000,9.290475741,4010.069977170
751.600000000,271.600000000,9.289998820,4010.999000898
751.700000000,271.700000000,9.289521899,4011.927976934
751.800000000,271.800000000,9.289044979,4012.856905278
751.900000000,271.900000000,9.288568058,4013.785785929
752.000000000,272.000000000,9.288091137,4014.714618889
752.100000000,272.100000000,9.287621764,4015.643404534
752.200000000,272.200000000,9.287154907,4016.572143368
752.300000000,272.300000000,9.286688050,4017.500835516
752.400000000,272.400000000,9.286221193,4018.429480978
752.500000000,272.500000000,9.285754336,4019.358079754
752.600000000,272.600000000,9.285287479,4020.286631845
752.700000000,272.700000000,9.284820622,4021.215137250
752.800000000,272.800000000,9.284355900,4022.143596076
752.900000000,272.900000000,9.283891679,4023.072008455
753.000000000,273.000000000,9.283427457,4024.000374412
753.100000000,273.100000000,9.282970660,4024.928694318
753.200000000,273.200000000,9.282516336,4025.856968667
753.300000000,273.300000000,9.282062013,4026.785197585
753.400000000,273.400000000,9.281607690,4027.713381070
753.500000000,273.500000000,9.281153367,4028.641519123
753.600000000,273.600000000,9.280699043,4029.569611743
753.700000000,273.700000000,9.280244720,4030.497658932
753.800000000,273.800000000,9.279790397,4031.425660687
753.900000000,273.900000000,9.279336074,4032.353617011
754.000000000,274.000000000,9.278881750,4033.281527902
754.100000000,274.100000000,9.278434591,4034.209393719
754.200000000,274.200000000,9.277989819,4035.137214940
754.300000000,274.300000000,9.277545047,4036.064991683
754.400000000,274.400000000,9.277100275,4036.992723949
754.500000000,274.500000000,9.276655503,4037.920411738
754.600000000,274.600000000,9.276210731,4038.848055050
754.700000000,274.700000000,9.275765959,4039.775653884
754.800000000,274.800000000,9.275321187,4040.703208241
754.900000000,274.900000000,9.274876415,4041.630718122
755.000000000,275.000000000,9.274431643,4042.558183525
755.100000000,275.100000000,9.273993941,4043.485604804
755.200000000,275.200000000,9.273558594,4044.412982430
755.300000000,275.300000000,9.273123248,4045.340316523
755.400000000,275.400000000,9.272687902,4046.267607080
755.500000000,275.500000000,9.272252556,4047.194854103
755.600000000,275.600000000,9.271817209,4048.122057591
755.700000000,275.700000000,9.271381863,4049.049217545
755.800000000,275.800000000,9.270946517,4049.976333964
755.900000000,275.900000000,9.270511171,4050.903406848
756.000000000,276.000000000,9.270075824,4051.830436198
756.100000000,276.100000000,9.269647460,4052.757422362
756.200000000,276.200000000,9.269221423,4053.684365806
756.300000000,276.300000000,9.268795386,4054.611266647
756.400000000,276.400000000,9.268369349,4055.538124883
756.500000000,276.500000000,9.267943311,4056.464940516
756.600000000,276.600000000,9.267517274,4057.391713546
756.700000000,276.700000000,9.267091237,4058.318443971
756.800000000,276.800000000,9.266665200,4059.245131793
756.900000000,276.900000000,9.266239163,4060.171777011
757.000000000,277.000000000,9.265813126,4061.098379626
757.100000000,277.100000000,9.265393948,4062.024939979
757.200000000,277.200000000,9.264977056,4062.951458530
757.300000000,277.300000000,9.264560164,4063.877935391
757.400000000,277.400000000,9.264143273,4064.804370562
757.500000000,277.500000000,9.263726381,4065.730764045
757.600000000,277.600000000,9.263309489,4066.657115839
757.700000000,277.700000000,9.262892598,4067.583425943
757.800000000,277.800000000,9.262475706,4068.509694358
757.900000000,277.900000000,9.262058814,4069.435921084
758.000000000,278.000000000,9.261641923,4070.362106121
758.100000000,278.100000000,9.261230168,4071.288249725
758.200000000,278.200000000,9.260820125,4072.214352240
758.300000000,278.300000000,9.260410083,4073.140413750
758.400000000,278.400000000,9.260000040,4074.066434257
758.500000000,278.500000000,9.259589998,4074.992413759
758.600000000,278.600000000,9.259179955,4075.918352256
758.700000000,278.700000000,9.258769913,4076.844249750
758.800000000,278.800000000,9.258359871,4077.770106239
758.900000000,278.900000000,9.257949828,4078.695921724
759.000000000,279.000000000,9.257539786,4079.621696204
759.100000000,279.100000000,9.257137785,4080.547430083
759.200000000,279.200000000,9.256738464,4081.473123895
759.300000000,279.300000000,9.256339143,4082.398777776
759.400000000,279.400000000,9.255939823,4083.324391724
759.500000000,279.500000000,9.255540502,4084.249965740
759.600000000,279.600000000,9.255141181,4085.175499824
759.700000000,279.700000000,9.254741861,4086.100993977
759.800000000,279.800000000,9.254342540,4087.026448197
759.900000000,279.900000000,9.253943219,4087.951862485
760.000000000,280.000000000,9.253543899,4088.877236840
760.100000000,280.100000000,9.253151013,4089.802571586
760.200000000,280.200000000,9.252760272,4090.727867150
760.300000000,280.300000000,9.252369532,4091.653123641
760.400000000,280.400000000,9.251978791,4092.578341057
760.500000000,280.500000000,9.251588050,4093.503519399
760.600000000,280.600000000,9.251197310,4094.428658667
760.700000000,280.700000000,9.250806569,4095.353758861
760.800000000,280.800000000,9.250415828,4096.278819981
760.900000000,280.900000000,9.250025087,4097.203842026
761.000000000,281.000000000,9.249634347,4098.128824998
761.100000000,281.100000000,9.249249909,4099.053769211
761.200000000,281.200000000,9.248867572,4099.978675085
761.300000000,281.300000000,9.248485234,4100.903542725
761.400000000,281.400000000,9.248102897,4101.828372132
761.500000000,281.500000000,9.247720560,4102.753163305
761.600000000,281.600000000,9.247338223,4103.677916244
761.700000000,281.700000000,9.246955886,4104.602630949
761.800000000,281.800000000,9.246573549,4105.527307421
761.900000000,281.900000000,9.246191211,4106.451945659
762.000000000,282.000000000,9.245808874,4107.376545663
762.100000000,282.100000000,9.245432689,4108.301107741
762.200000000,282.200000000,9.245058554,4109.225632303
762.300000000,282.300000000,9.244684418,4110.150119452
762.400000000,282.400000000,9.244310283,4111.074569187
762.500000000,282.500000000,9.243936148,4111.998981509
762.600000000,282.600000000,9.243562013,4112.923356417
762.700000000,282.700000000,9.243187878,4113.847693911
762.800000000,282.800000000,9.242813743,4114.771993992
762.900000000,282.900000000,9.242439608,4115.696256660
763.000000000,283.000000000,9.242065473,4116.620481914
763.100000000,283.100000000,9.241697192,4117.544670047
763.200000000,283.200000000,9.241330863,4118.468821450
763.300000000,283.300000000,9.240964534,4119.392936220
763.400000000,283.400000000,9.240598205,4120.317014357
763.500000000,283.500000000,9.240231876,4121.241055861
763.600000000,283.600000000,9.239865547,4122.165060732
763.700000000,283.700000000,9.239499218,4123.089028970
763.800000000,283.800000000,9.239132890,4124.012960576
763.900000000,283.900000000,9.238766561,4124.936855548
764.000000000,284.000000000,9.238400232,4125.860713888
764.100000000,284.100000000,9.238039752,4126.784535887
764.200000000,284.200000000,9.237681222,4127.708321936
764.300000000,284.300000000,9.237322692,4128.632072132
764.400000000,284.400000000,9.236964163,4129.555786474
764.500000000,284.500000000,9.236605633,4130.479464964
764.600000000,284.600000000,9.236247103,4131.403107601
764.700000000,284.700000000,9.235888573,4132.326714385
764.800000000,284.800000000,9.235530044,4133.250285316
764.900000000,284.900000000,9.235171514,4134.173820393
765.000000000,285.000000000,9.234812984,4135.097319618
765.100000000,285.100000000,9.234460116,4136.020783273
765.200000000,285.200000000,9.234109136,4136.944211736
765.300000000,285.300000000,9.233758155,4137.867605100
765.400000000,285.400000000,9.233407175,4138.790963367
765.500000000,285.500000000,9.233056194,4139.714286535
765.600000000,285.600000000,9.232705214,4140.637574606
765.700000000,285.700000000,9.232354233,4141.560827578
765.800000000,285.800000000,9.232003253,4142.484045452
765.900000000,285.900000000,9.231652272,4143.407228229
766.000000000,286.000000000,9.231301291,4144.330375907
766.100000000,286.100000000,9.230955947,4145.253488769
766.200000000,286.200000000,9.230612481,4146.176567190
766.300000000,286.300000000,9.230269014,4147.099611265
766.400000000,286.400000000,9.229925548,4148.022620993
766.500000000,286.500000000,9.229582082,4148.945596374
766.600000000,286.600000000,9.229238616,4149.868537409
766.700000000,286.700000000,9.228895150,4150.791444098
766.800000000,286.800000000,9.228551684,4151.714316439
766.900000000,286.900000000,9.228208217,4152.637154434
767.000000000,287.000000000,9.227864751,4153.559958083
767.100000000,287.100000000,9.227526776,4154.482727659
767.200000000,287.200000000,9.227190630,4155.405463529
767.300000000,287.300000000,9.226854485,4156.328165785
767.400000000,287.400000000,9.226518339,4157.250834426
767.500000000,287.500000000,9.226182194,4158.173469453
767.600000000,287.600000000,9.225846048,4159.096070865
767.700000000,287.700000000,9.225509903,4160.018638663
767.800000000,287.800000000,9.225173758,4160.941172846
767.900000000,287.900000000,9.224837612,4161.863673414
768.000000000,288.000000000,9.224501467,4162.786140368
768.100000000,288.100000000,9.224170697,4163.708573976
768.200000000,288.200000000,9.223841719,4164.630974597
768.300000000,288.300000000,9.223512741,4165.553342320
768.400000000,288.400000000,9.223183764,4166.475677145
768.500000000,288.500000000,9.222854786,4167.397979073
768.600000000,288.600000000,9.222525808,4168.320248103
768.700000000,288.700000000,9.222196830,4169.242484234
768.800000000,288.800000000,9.221867852,4170.164687469
768.900000000,288.900000000,9.221538875,4171.086857805
769.000000000,289.000000000,9.221209897,4172.008995243
769.100000000,289.100000000,9.220884979,4172.931099987
769.200000000,289.200000000,9.220561414,4173.853172307
769.300000000,289.300000000,9.220237849,4174.775212270
769.400000000,289.400000000,9.219914284,4175.697219877
769.500000000,289.500000000,9.219590720,4176.619195127
769.600000000,289.600000000,9.219267155,4177.541138021
769.700000000,289.700000000,9.218943590,4178.463048558
769.800000000,289.800000000,9.218620025,4179.384926739
769.900000000,289.900000000,9.218296460,4180.306772563
770.000000000,290.000000000,9.217972896,4181.228586031
770.100000000,290.100000000,9.217656257,4182.150367488
770.200000000,290.200000000,9.217341928,4183.072117398
770.300000000,290.300000000,9.217027599,4183.993835874
770.400000000,290.400000000,9.216713269,4184.915522917
770.500000000,290.500000000,9.216398940,4185.837178528
770.600000000,290.600000000,9.216084611,4186.758802705
770.700000000,290.700000000,9.215770281,4187.680395450
770.800000000,290.800000000,9.215455952,4188.601956762
770.900000000,290.900000000,9.215141623,4189.523486640
771.000000000,291.000000000,9.214827294,4190.444985086
771.100000000,291.100000000,9.214517573,4191.366452330
771.200000000,291.200000000,9.214209388,4192.287888678
771.300000000,291.300000000,9.213901204,4193.209294207
771.400000000,291.400000000,9.213593019,4194.130668918
771.500000000,291.500000000,9.213284834,4195.052012811
771.600000000,291.600000000,9.212976650,4195.973325885
771.700000000,291.700000000,9.212668465,4196.894608141
771.800000000,291.800000000,9.212360280,4197.815859578
771.900000000,291.900000000,9.212052096,4198.737080197
772.000000000,292.000000000,9.211743911,4199.658269997
772.100000000,292.100000000,9.211440576,4200.579429222
772.200000000,292.200000000,9.211138857,4201.500558193
772.300000000,292.300000000,9.210837139,4202.421656993
772.400000000,292.400000000,9.210535420,4203.342725621
772.500000000,292.500000000,9.210233701,4204.263764077
772.600000000,292.600000000,9.209931982,4205.184772361
772.700000000,292.700000000,9.209630264,4206.105750474
772.800000000,292.800000000,9.209328545,4207.026698414
772.900000000,292.900000000,9.209026826,4207.947616183
773.000000000,293.000000000,9.208725108,4208.868503779
773.100000000,293.100000000,9.208428208,4209.789361445
773.200000000,293.200000000,9.208132915,4210.710189501
773.300000000,293.300000000,9.207837622,4211.630988028
773.400000000,293.400000000,9.207542328,4212.551757026
773.500000000,293.500000000,9.207247035,4213.472496494
773.600000000,293.600000000,9.206951742,4214.393206433
773.700000000,293.700000000,9.206656449,4215.313886842
773.800000000,293.800000000,9.206361156,4216.234537722
773.900000000,293.900000000,9.206065863,4217.155159073
774.000000000,294.000000000,9.205770569,4218.075750895
774.100000000,294.100000000,9.205480010,4218.996313424
774.200000000,294.200000000,9.205191029,4219.916846976
774.300000000,294.300000000,9.204902047,4220.837351630
774.400000000,294.400000000,9.204613066,4221.757827385
774.500000000,294.500000000,9.204324085,4222.678274243
774.600000000,294.600000000,9.204035104,4223.598692202
774.700000000,294.700000000,9.203746122,4224.519081264
774.800000000,294.800000000,9.203457141,4225.439441427
774.900000000,294.900000000,9.203168160,4226.359772692
775.000000000,295.000000000,9.202879178,4227.280075059
775.100000000,295.100000000,9.202594835,4228.200348759
775.200000000,295.200000000,9.202312038,4229.120594103
775.300000000,295.300000000,9.202029241,4230.040811167
775.400000000,295.400000000,9.201746444,4230.960999951
775.500000000,295.500000000,9.201463647,4231.881160456
775.600000000,295.600000000,9.201180850,4232.801292681
775.700000000,295.700000000,9.200898053,4233.721396626
775.800000000,295.800000000,9.200615256,4234.641472291
775.900000000,295.900000000,9.200332459,4235.561519677
776.000000000,296.000000000,9.200049662,4236.481538783
776.100000000,296.100000000,9.199771406,4237.401529837
776.200000000,296.200000000,9.199494663,4238.321493140
776.300000000,296.300000000,9.199217920,4239.241428769
776.400000000,296.400000000,9.198941177,4240.161336724
776.500000000,296.500000000,9.198664434,4241.081217005
776.600000000,296.600000000,9.198387691,4242.001069611
776.700000000,296.700000000,9.198110949,4242.920894543
776.800000000,296.800000000,9.197834206,4243.840691801
776.900000000,296.900000000,9.197557463,4244.760461384
777.000000000,297.000000000,9.197280720,4245.680203293
777.100000000,297.100000000,9.197008421,4246.599917750
777.200000000,297.200000000,9.196737603,4247.519605052
777.300000000,297.300000000,9.196466785,4248.439265271
777.400000000,297.400000000,9.196195967,4249.358898409
777.500000000,297.500000000,9.195925149,4250.278504464
777.600000000,297.600000000,9.195654331,4251.198083438
777.700000000,297.700000000,9.195383513,4252.117635331
777.800000000,297.800000000,9.195112695,4253.037160141
777.900000000,297.900000000,9.194841877,4253.956657870
778.000000000,298.000000000,9.194571059,4254.876128516
778.100000000,298.100000000,9.194304581,4255.795572298
778.200000000,298.200000000,9.194039550,4256.714989505
778.300000000,298.300000000,9.193774518,4257.634380208
778.400000000,298.400000000,9.193509486,4258.553744409
778.500000000,298.500000000,9.193244455,4259.473082106
778.600000000,298.600000000,9.192979423,4260.392393300
778.700000000,298.700000000,9.192714392,4261.311677990
778.800000000,298.800000000,9.192449360,4262.230936178
778.900000000,298.900000000,9.192184328,4263.150167862
779.000000000,299.000000000,9.191919297,4264.069373044
779.100000000,299.100000000,9.191658735,4264.988551945
779.200000000,299.200000000,9.191399663,4265.907704865
779.300000000,299.300000000,9.191140591,4266.826831878
779.400000000,299.400000000,9.190881519,4267.745932983
779.500000000,299.500000000,9.190622447,4268.665008182
779.600000000,299.600000000,9.190363375,4269.584057473
779.700000000,299.700000000,9.190104304,4270.503080857
779.800000000,299.800000000,9.189845232,4271.422078333
779.900000000,299.900000000,9.189586160,4272.341049903
780.000000000,300.000000000,9.189327088,4273.259995565
780.100000000,300.100000000,9.189072969,4274.178915568
780.200000000,300.200000000,9.188820501,4275.097810242
780.300000000,300.300000000,9.188568034,4276.016679668
780.400000000,300.400000000,9.188315566,4276.935523848
780.500000000,300.500000000,9.188063098,4277.854342782
780.600000000,300.600000000,9.187810631,4278.773136468
780.700000000,300.700000000,9.187558163,4279.691904908
780.800000000,300.800000000,9.187305695,4280.610648101
780.900000000,300.900000000,9.187053228,4281.529366047
781.000000000,301.000000000,9.186800760,4282.448058746
781.100000000,301.100000000,9.186552128,4283.366726391
781.200000000,301.200000000,9.186304774,4284.285369236
781.300000000,301.300000000,9.186057420,4285.203987345
781.400000000,301.400000000,9.185810066,4286.122580720
781.500000000,301.500000000,9.185562712,4287.041149359
781.600000000,301.600000000,9.185315358,4287.959693262
781.700000000,301.700000000,9.185068005,4288.878212430
781.800000000,301.800000000,9.184820651,4289.796706863
781.900000000,301.900000000,9.184573297,4290.715176561
782.000000000,302.000000000,9.184325943,4291.633621523
782.100000000,302.100000000,9.184082398,4292.552041940
782.200000000,302.200000000,9.183840123,4293.470438066
782.300000000,302.300000000,9.183597847,4294.388809964
782.400000000,302.400000000,9.183355572,4295.307157635
782.500000000,302.500000000,9.183113296,4296.225481078
782.600000000,302.600000000,9.182871021,4297.143780294
782.700000000,302.700000000,9.182628745,4298.062055283
782.800000000,302.800000000,9.182386470,4298.980306043
782.900000000,302.900000000,9.182144195,4299.898532577
783.000000000,303.000000000,9.181901919,4300.816734882
783.100000000,303.100000000,9.181663388,4301.734913148
783.200000000,303.200000000,9.181426105,4302.653067622
783.300000000,303.300000000,9.181188822,4303.571198369
783.400000000,303.400000000,9.180951539,4304.489305387
783.500000000,303.500000000,9.180714255,4305.407388676
783.600000000,303.600000000,9.180476972,4306.325448238
783.700000000,303.700000000,9.180239689,4307.243484071
783.800000000,303.800000000,9.180002406,4308.161496176
783.900000000,303.900000000,9.179765123,4309.079484552
784.000000000,304.000000000,9.179527840,4309.997449200
784.100000000,304.100000000,9.179294223,4310.915390303
784.200000000,304.200000000,9.179061828,4311.833308106
784.300000000,304.300000000,9.178829434,4312.751202669
784.400000000,304.400000000,9.178597039,4313.669073993
784.500000000,304.500000000,9.178364645,4314.586922077
784.600000000,304.600000000,9.178132250,4315.504746922
784.700000000,304.700000000,9.177899856,4316.422548527
784.800000000,304.800000000,9.177667461,4317.340326893
784.900000000,304.900000000,9.177435067,4318.258082019
785.000000000,305.000000000,9.177202673,4319.175813906
785.100000000,305.100000000,9.176973875,4320.093522734
785.200000000,305.200000000,9.176746276,4321.011208741
785.300000000,305.300000000,9.176518678,4321.928871989
785.400000000,305.400000000,9.176291079,4322.846512477
785.500000000,305.500000000,9.176063481,4323.764130205
785.600000000,305.600000000,9.175835882,4324.681725173
785.700000000,305.700000000,9.175608283,4325.599297381
785.800000000,305.800000000,9.175380685,4326.516846830
785.900000000,305.900000000,9.175153086,4327.434373518
786.000000000,306.000000000,9.174925488,4328.351877447
786.100000000,306.100000000,9.174701422,4329.269358792
786.200000000,306.200000000,9.174478534,4330.186817790
786.300000000,306.300000000,9.174255647,4331.104254499
786.400000000,306.400000000,9.174032759,4332.021668919
786.500000000,306.500000000,9.173809871,4332.939061051
786.600000000,306.600000000,9.173586983,4333.856430894
786.700000000,306.700000000,9.173364095,4334.773778448
786.800000000,306.800000000,9.173141208,4335.691103713
786.900000000,306.900000000,9.172918320,4336.608406689
787.000000000,307.000000000,9.172695432,4337.525687377
787.100000000,307.100000000,9.172476015,4338.442945949
787.200000000,307.200000000,9.172257755,4339.360182638
787.300000000,307.300000000,9.172039496,4340.277397500
787.400000000,307.400000000,9.171821236,4341.194590537
787.500000000,307.500000000,9.171602976,4342.111761747
787.600000000,307.600000000,9.171384717,4343.028911132
787.700000000,307.700000000,9.171166457,4343.946038691
787.800000000,307.800000000,9.170948197,4344.863144423
787.900000000,307.900000000,9.170729938,4345.780228330
788.000000000,308.000000000,9.170511678,4346.697290411
788.100000000,308.100000000,9.170296831,4347.614330836
788.200000000,308.200000000,9.170083121,4348.531349834
788.300000000,308.300000000,9.169869411,4349.448347460
788.400000000,308.400000000,9.169655701,4350.365323716
788.500000000,308.500000000,9.169441991,4351.282278601
788.600000000,308.600000000,9.169228282,4352.199212114
788.700000000,308.700000000,9.169014572,4353.116124257
788.800000000,308.800000000,9.168800862,4354.033015029
788.900000000,308.900000000,9.168587152,4354.949884429
789.000000000,309.000000000,9.168373443,4355.866732459
789.100000000,309.100000000,9.168163090,4356.783559286
789.200000000,309.200000000,9.167953857,4357.700365133
789.300000000,309.300000000,9.167744625,4358.617150057
789.400000000,309.400000000,9.167535392,4359.533914058
789.500000000,309.500000000,9.167326159,4360.450657136
789.600000000,309.600000000,9.167116926,4361.367379290
789.700000000,309.700000000,9.166907693,4362.284080521
789.800000000,309.800000000,9.166698460,4363.200760828
789.900000000,309.900000000,9.166489227,4364.117420213
790.000000000,310.000000000,9.166279994,4365.034058674
790.100000000,310.100000000,9.166074068,4365.950676377
790.200000000,310.200000000,9.165869244,4366.867273542
790.300000000,310.300000000,9.165664421,4367.783850226
790.400000000,310.400000000,9.165459597,4368.700406427
790.500000000,310.500000000,9.165254774,4369.616942145
790.600000000,310.600000000,9.165049950,4370.533457381
790.700000000,310.700000000,9.164845127,4371.449952135
790.800000000,310.800000000,9.164640303,4372.366426407
790.900000000,310.900000000,9.164435480,4373.282880196
791.000000000,311.000000000,9.164230656,4374.199313503
791.100000000,311.100000000,9.164029077,4375.115726489
791.200000000,311.200000000,9.163828580,4376.032119372
791.300000000,311.300000000,9.163628082,4376.948492205
791.400000000,311.400000000,9.163427585,4377.864844989
791.500000000,311.500000000,9.163227087,4378.781177722
791.600000000,311.600000000,9.163026590,4379.697490406
791.700000000,311.700000000,9.162826092,4380.613783040
791.800000000,311.800000000,9.162625595,4381.530055625
791.900000000,311.900000000,9.162425097,4382.446308159
792.000000000,312.000000000,9.162224600,4383.362540644
792.100000000,312.100000000,9.162027344,4384.278753241
792.200000000,312.200000000,9.161831170,4385.194946167
792.300000000,312.300000000,9.161634995,4386.111119475
792.400000000,312.400000000,9.161438821,4387.027273166
792.500000000,312.500000000,9.161242647,4387.943407240
792.600000000,312.600000000,9.161046472,4388.859521695
792.700000000,312.700000000,9.160850298,4389.775616534
792.800000000,312.800000000,9.160654123,4390.691691755
792.900000000,312.900000000,9.160457949,4391.607747359
793.000000000,313.000000000,9.160261774,4392.523783345
793.100000000,313.100000000,9.160068822,4393.439799874
793.200000000,313.200000000,9.159876945,4394.355797163
793.300000000,313.300000000,9.159685067,4395.271775263
793.400000000,313.400000000,9.159493189,4396.187734176
793.500000000,313.500000000,9.159301312,4397.103673901
793.600000000,313.600000000,9.159109434,4398.019594439
793.700000000,313.700000000,9.158917556,4398.935495788
793.800000000,313.800000000,9.158725679,4399.851377950
793.900000000,313.900000000,9.158533801,4400.767240924
794.000000000,314.000000000,9.158341923,4401.683084710
794.100000000,314.100000000,9.158153212,4402.598909467
794.200000000,314.200000000,9.157965556,4403.514715405
794.300000000,314.300000000,9.157777901,4404.430502578
794.400000000,314.400000000,9.157590245,4405.346270985
794.500000000,314.500000000,9.157402589,4406.262020627
794.600000000,314.600000000,9.157214933,4407.177751503
794.700000000,314.700000000,9.157027278,4408.093463614
794.800000000,314.800000000,9.156839622,4409.009156959
794.900000000,314.900000000,9.156651966,4409.924831538
795.000000000,315.000000000,9.156464311,4410.840487352
795.100000000,315.100000000,9.156279758,4411.756124555
795.200000000,315.200000000,9.156096239,4412.671743355
795.300000000,315.300000000,9.155912720,4413.587343803
795.400000000,315.400000000,9.155729202,4414.502925899
795.500000000,315.500000000,9.155545683,4415.418489644
795.600000000,315.600000000,9.155362164,4416.334035036
795.700000000,315.700000000,9.155178646,4417.249562076
795.800000000,315.800000000,9.154995127,4418.165070765
795.900000000,315.900000000,9.154811608,4419.080561102
796.000000000,316.000000000,9.154628090,4419.996033087
796.100000000,316.100000000,9.154447608,4420.911486872
796.200000000,316.200000000,9.154268138,4421.826922659
796.300000000,316.300000000,9.154088669,4422.742340499
796.400000000,316.400000000,9.153909199,4423.657740393
796.500000000,316.500000000,9.153729730,4424.573122339
796.600000000,316.600000000,9.153550260,4425.488486339
796.700000000,316.700000000,9.153370791,4426.403832391
796.800000000,316.800000000,9.153191321,4427.319160497
796.900000000,316.900000000,9.153011852,4428.234470655
797.000000000,317.000000000,9.152832382,4429.149762867
797.100000000,317.100000000,9.152655794,4430.065037276
797.200000000,317.200000000,9.152480167,4430.980294074
797.300000000,317.300000000,9.152304540,4431.895533309
797.400000000,317.400000000,9.152128913,4432.810754982
797.500000000,317.500000000,9.151953285,4433.725959092
797.600000000,317.600000000,9.151777658,4434.641145639
797.700000000,317.700000000,9.151602031,4435.556314623
797.800000000,317.800000000,9.151426404,4436.471466045
797.900000000,317.900000000,9.151250776,4437.386599904
798.000000000,318.000000000,9.151075149,4438.301716200
798.100000000,318.100000000,9.150902279,4439.216815072
798.200000000,318.200000000,9.150730328,4440.131896702
798.300000000,318.300000000,9.150558377,4441.046961137
798.400000000,318.400000000,9.150386426,4441.962008378
798.500000000,318.500000000,9.150214475,4442.877038423
798.600000000,318.600000000,9.150042524,4443.792051273
798.700000000,318.700000000,9.149870573,4444.707046928
798.800000000,318.800000000,9.149698622,4445.622025387
798.900000000,318.900000000,9.149526671,4446.536986652
799.000000000,319.000000000,9.149354720,4447.451930722
799.100000000,319.100000000,9.149185538,4448.366857735
799.200000000,319.200000000,9.149017278,4449.281767875
799.300000000,319.300000000,9.148849018,4450.196661190
799.400000000,319.400000000,9.148680759,4451.111537679
799.500000000,319.500000000,9.148512499,4452.026397342
799.600000000,319.600000000,9.148344239,4452.941240179
799.700000000,319.700000000,9.148175979,4453.856066190
799.800000000,319.800000000,9.148007719,4454.770875375
799.900000000,319.900000000,9.147839460,4455.685667734
800.000000000,320.000000000,9.147671200,4456.600443267
800.100000000,320.100000000,9.147505657,4457.515202109
800.200000000,320.200000000,9.147341020,4458.429944443
800.300000000,320.300000000,9.147176383,4459.344670313
800.400000000,320.400000000,9.147011746,4460.259379720
800.500000000,320.500000000,9.146847109,4461.174072663
800.600000000,320.600000000,9.146682473,4462.088749142
800.700000000,320.700000000,9.146517836,4463.003409157
800.800000000,320.800000000,9.146353199,4463.918052709
800.900000000,320.900000000,9.146188562,4464.832679797
801.000000000,321.000000000,9.146023925,4465.747290421
801.100000000,321.100000000,9.145861960,4466.661884716
801.200000000,321.200000000,9.145700886,4467.576462858
801.300000000,321.300000000,9.145539811,4468.491024893
801.400000000,321.400000000,9.145378737,4469.405570820
801.500000000,321.500000000,9.145217663,4470.320100640
801.600000000,321.600000000,9.145056589,4471.234614353
801.700000000,321.700000000,9.144895515,4472.149111958
801.800000000,321.800000000,9.144734440,4473.063593456
801.900000000,321.900000000,9.144573366,4473.978058846
802.000000000,322.000000000,9.144412292,4474.892508129
802.100000000,322.100000000,9.144253844,4475.806941436
802.200000000,322.200000000,9.144096272,4476.721358942
802.300000000,322.300000000,9.143938699,4477.635760690
802.400000000,322.400000000,9.143781127,4478.550146681
802.500000000,322.500000000,9.143623554,4479.464516915
802.600000000,322.600000000,9.143465982,4480.378871392
802.700000000,322.700000000,9.143308410,4481.293210112
802.800000000,322.800000000,9.143150837,4482.207533074
802.900000000,322.900000000,9.142993265,4483.121840279
803.000000000,323.000000000,9.142835692,4484.036131727
803.100000000,323.100000000,9.142680690,4484.950407546
803.200000000,323.200000000,9.142526543,4485.864667908
803.300000000,323.300000000,9.142372397,4486.778912855
803.400000000,323.400000000,9.142218251,4487.693142387
803.500000000,323.500000000,9.142064105,4488.607356505
803.600000000,323.600000000,9.141909959,4489.521555208
803.700000000,323.700000000,9.141755813,4490.435738497
803.800000000,323.800000000,9.141601667,4491.349906371
803.900000000,323.900000000,9.141447521,4492.264058830
804.000000000,324.000000000,9.141293375,4493.178195875
804.100000000,324.100000000,9.141141735,4494.092317631
804.200000000,324.200000000,9.140990931,4495.006424264
804.300000000,324.300000000,9.140840127,4495.920515817
804.400000000,324.400000000,9.140689322,4496.834592289
804.500000000,324.500000000,9.140538518,4497.748653681
804.600000000,324.600000000,9.140387714,4498.662699993
804.700000000,324.700000000,9.140236909,4499.576731224
804.800000000,324.800000000,9.140086105,4500.490747375
804.900000000,324.900000000,9.139935301,4501.404748445
805.000000000,325.000000000,9.139784497,4502.318734435
805.100000000,325.100000000,9.139636174,4503.232705468
805.200000000,325.200000000,9.139488678,4504.146661711
805.300000000,325.300000000,9.139341182,4505.060603204
805.400000000,325.400000000,9.139193686,4505.974529947
805.500000000,325.500000000,9.139046190,4506.888441941
805.600000000,325.600000000,9.138898694,4507.802339185
805.700000000,325.700000000,9.138751198,4508.716221680
805.800000000,325.800000000,9.138603702,4509.630089425
805.900000000,325.900000000,9.138456206,4510.543942420
806.000000000,326.000000000,9.138308710,4511.457780666
806.100000000,326.100000000,9.138163664,4512.371604285
806.200000000,326.200000000,9.138019434,4513.285413440
806.300000000,326.300000000,9.137875204,4514.199208172
806.400000000,326.400000000,9.137730974,4515.112988481
806.500000000,326.500000000,9.137586745,4516.026754367
806.600000000,326.600000000,9.137442515,4516.940505830
806.700000000,326.700000000,9.137298285,4517.854242870
806.800000000,326.800000000,9.137154055,4518.767965487
806.900000000,326.900000000,9.137009825,4519.681673681
807.000000000,327.000000000,9.136865596,4520.595367452
807.100000000,327.100000000,9.136723884,4521.509046926
807.200000000,327.200000000,9.136583012,4522.422712270
807.300000000,327.300000000,9.136442139,4523.336363528
807.400000000,327.400000000,9.136301267,4524.250000698
807.500000000,327.500000000,9.136160395,4525.163623781
807.600000000,327.600000000,9.136019523,4526.077232777
807.700000000,327.700000000,9.135878650,4526.990827686
807.800000000,327.800000000,9.135737778,4527.904408507
807.900000000,327.900000000,9.135596906,4528.817975242
808.000000000,328.000000000,9.135456034,4529.731527889
808.100000000,328.100000000,9.135317700,4530.645066575
808.200000000,328.200000000,9.135180213,4531.558591471
808.300000000,328.300000000,9.135042726,4532.472102618
808.400000000,328.400000000,9.134905238,4533.385600016
808.500000000,328.500000000,9.134767751,4534.299083665
808.600000000,328.600000000,9.134630264,4535.212553566
808.700000000,328.700000000,9.134492777,4536.126009718
808.800000000,328.800000000,9.134355289,4537.039452121
808.900000000,328.900000000,9.134217802,4537.952880776
809.000000000,329.000000000,9.134080315,4538.866295682
809.100000000,329.100000000,9.133945296,4539.779696962
809.200000000,329.200000000,9.133811101,4540.693084782
809.300000000,329.300000000,9.133676905,4541.606459183
809.400000000,329.400000000,9.133542709,4542.519820163
809.500000000,329.500000000,9.133408514,4543.433167724
809.600000000,329.600000000,9.133274318,4544.346501866
809.700000000,329.700000000,9.133140123,4545.259822588
809.800000000,329.800000000,9.133005927,4546.173129891
809.900000000,329.900000000,9.132871731,4547.086423773
810.000000000,330.000000000,9.132737536,4547.999704237
810.100000000,330.100000000,9.132605746,4548.912971401
810.200000000,330.200000000,9.132474759,4549.826225426
810.300000000,330.300000000,9.132343772,4550.739466353
810.400000000,330.400000000,9.132212785,4551.652694181
810.500000000,330.500000000,9.132081798,4552.565908910
810.600000000,330.600000000,9.131950811,4553.479110540
810.700000000,330.700000000,9.131819824,4554.392299072
810.800000000,330.800000000,9.131688836,4555.305474505
810.900000000,330.900000000,9.131557849,4556.218636839
811.000000000,331.000000000,9.131426862,4557.131786075
811.100000000,331.100000000,9.131298225,4558.044922329
811.200000000,331.200000000,9.131170372,4558.958045759
811.300000000,331.300000000,9.131042518,4559.871156404
811.400000000,331.400000000,9.130914665,4560.784254263
811.500000000,331.500000000,9.130786811,4561.697339336
811.600000000,331.600000000,9.130658958,4562.610411625
811.700000000,331.700000000,9.130531104,4563.523471128
811.800000000,331.800000000,9.130403251,4564.436517846
811.900000000,331.900000000,9.130275398,4565.349551778
812.000000000,332.000000000,9.130147544,4566.262572925
812.100000000,332.100000000,9.130021980,4567.175581402
812.200000000,332.200000000,9.129897180,4568.088577360
812.300000000,332.300000000,9.129772379,4569.001560838
812.400000000,332.400000000,9.129647579,4569.914531835
812.500000000,332.500000000,9.129522778,4570.827490353
812.600000000,332.600000000,9.129397977,4571.740436391
812.700000000,332.700000000,9.129273177,4572.653369949
812.800000000,332.800000000,9.129148376,4573.566291026
812.900000000,332.900000000,9.129023576,4574.479199624
813.000000000,333.000000000,9.128898775,4575.392095742
813.100000000,333.100000000,9.128776041,4576.304979482
813.200000000,333.200000000,9.128653995,4577.217850984
813.300000000,333.300000000,9.128531950,4578.130710281
813.400000000,333.400000000,9.128409904,4579.043557374
813.500000000,333.500000000,9.128287859,4579.956392262
813.600000000,333.600000000,9.128165813,4580.869214946
813.700000000,333.700000000,9.128043768,4581.782025425
813.800000000,333.800000000,9.127921722,4582.694823699
813.900000000,333.900000000,9.127799677,4583.607609769
814.000000000,334.000000000,9.127677631,4584.520383635
814.100000000,334.100000000,9.127557790,4585.433145406
814.200000000,334.200000000,9.127438684,4586.345895230
814.300000000,334.300000000,9.127319578,4587.258633143
814.400000000,334.400000000,9.127200472,4588.171359145
814.500000000,334.500000000,9.127081366,4589.084073237
814.600000000,334.600000000,9.126962260,4589.996775418
814.700000000,334.700000000,9.126843154,4590.909465689
814.800000000,334.800000000,9.126724047,4591.822144049
814.900000000,334.900000000,9.126604941,4592.734810499
815.000000000,335.000000000,9.126485835,4593.647465037
815.100000000,335.100000000,9.126368859,4594.560107772
815.200000000,335.200000000,9.126252592,4595.472738845
815.300000000,335.300000000,9.126136326,4596.385358290
815.400000000,335.400000000,9.126020059,4597.297966110
815.500000000,335.500000000,9.125903792,4598.210562302
815.600000000,335.600000000,9.125787526,4599.123146868
815.700000000,335.700000000,9.125671259,4600.035719807
815.800000000,335.800000000,9.125554993,4600.948281120
815.900000000,335.900000000,9.125438726,4601.860830806
816.000000000,336.000000000,9.125322459,4602.773368865
816.100000000,336.100000000,9.125208273,4603.685895402
816.200000000,336.200000000,9.125094779,4604.598410554
816.300000000,336.300000000,9.124981286,4605.510914358
816.400000000,336.400000000,9.124867793,4606.423406812
816.500000000,336.500000000,9.124754299,4607.335887916
816.600000000,336.600000000,9.124640806,4608.248357671
816.700000000,336.700000000,9.124527313,4609.160816077
816.800000000,336.800000000,9.124413819,4610.073263134
816.900000000,336.900000000,9.124300326,4610.985698841
817.000000000,337.000000000,9.124186833,4611.898123199
817.100000000,337.100000000,9.124075365,4612.810536309
817.200000000,337.200000000,9.123964572,4613.722938306
817.300000000,337.300000000,9.123853779,4614.635329224
817.400000000,337.400000000,9.123742987,4615.547709062
817.500000000,337.500000000,9.123632194,4616.460077821
817.600000000,337.600000000,9.123521401,4617.372435501
817.700000000,337.700000000,9.123410609,4618.284782101
817.800000000,337.800000000,9.123299816,4619.197117622
817.900000000,337.900000000,9.123189023,4620.109442064
818.000000000,338.000000000,9.123078230,4621.021755427
818.100000000,338.100000000,9.122968527,4621.934057765
818.200000000,338.200000000,9.122859186,4622.846349151
818.300000000,338.300000000,9.122749846,4623.758629602
818.400000000,338.400000000,9.122640506,4624.670899120
818.500000000,338.500000000,9.122531165,4625.583157703
818.600000000,338.600000000,9.122421825,4626.495405353
818.700000000,338.700000000,9.122312484,4627.407642068
818.800000000,338.800000000,9.122203144,4628.319867850
818.900000000,338.900000000,9.122093803,4629.232082697
819.000000000,339.000000000,9.121984463,4630.144286610
819.100000000,339.100000000,9.121877964,4631.056479732
819.200000000,339.200000000,9.121772412,4631.968662250
819.300000000,339.300000000,9.121666861,4632.880834214
819.400000000,339.400000000,9.121561310,4633.792995623
819.500000000,339.500000000,9.121455758,4634.705146476
819.600000000,339.600000000,9.121350207,4635.617286774
819.700000000,339.700000000,9.121244655,4636.529416517
819.800000000,339.800000000,9.121139104,4637.441535705
819.900000000,339.900000000,9.121033552,4638.353644338
820.000000000,340.000000000,9.120928001,4639.265742416
820.100000000,340.100000000,9.120824308,4640.177830031
820.200000000,340.200000000,9.120721235,4641.089907308
820.300000000,340.300000000,9.120618162,4642.001974278
820.400000000,340.400000000,9.120515089,4642.914030941
820.500000000,340.500000000,9.120412016,4643.826077296
820.600000000,340.600000000,9.120308943,4644.738113344
820.700000000,340.700000000,9.120205870,4645.650139085
820.800000000,340.800000000,9.120102797,4646.562154518
820.900000000,340.900000000,9.119999724,4647.474159644
821.000000000,341.000000000,9.119896651,4648.386154463
821.100000000,341.100000000,9.119795305,4649.298139061
821.200000000,341.200000000,9.119694534,4650.210113553
821.300000000,341.300000000,9.119593762,4651.122077967
821.400000000,341.400000000,9.119492991,4652.034032305
821.500000000,341.500000000,9.119392220,4652.945976566
821.600000000,341.600000000,9.119291449,4653.857910749
821.700000000,341.700000000,9.119190677,4654.769834855
821.800000000,341.800000000,9.119089906,4655.681748884
821.900000000,341.900000000,9.118989135,4656.593652837
822.000000000,342.000000000,9.118888364,4657.505546711
822.100000000,342.100000000,9.118788012,4658.417430530
822.200000000,342.200000000,9.118687801,4659.329304321
822.300000000,342.300000000,9.118587589,4660.241168090
822.400000000,342.400000000,9.118487378,4661.153021839
822.500000000,342.500000000,9.118387166,4662.064865566
822.600000000,342.600000000,9.118286954,4662.976699272
822.700000000,342.700000000,9.118186743,4663.888522957
822.800000000,342.800000000,9.118086531,4664.800336620
822.900000000,342.900000000,9.117986320,4665.712140263
823.000000000,343.000000000,9.117886108,4666.623933884
823.100000000,343.100000000,9.117788435,4667.535717612
823.200000000,343.200000000,9.117691608,4668.447491614
823.300000000,343.300000000,9.117594782,4669.359255933
823.400000000,343.400000000,9.117497955,4670.271010570
823.500000000,343.500000000,9.117401129,4671.182755524
823.600000000,343.600000000,9.117304302,4672.094490796
823.700000000,343.700000000,9.117207475,4673.006216385
823.800000000,343.800000000,9.117110649,4673.917932291
823.900000000,343.900000000,9.117013822,4674.829638514
824.000000000,344.000000000,9.116916995,4675.741335055
824.100000000,344.100000000,9.116823040,4676.653022057
824.200000000,344.200000000,9.116730041,4677.564699711
824.300000000,344.300000000,9.116637042,4678.476368065
824.400000000,344.400000000,9.116544044,4679.388027120
824.500000000,344.500000000,9.116451045,4680.299676874
824.600000000,344.600000000,9.116358046,4681.211317328
824.700000000,344.700000000,9.116265048,4682.122948483
824.800000000,344.800000000,9.116172049,4683.034570338
824.900000000,344.900000000,9.116079050,4683.946182893
825.000000000,345.000000000,9.115986051,4684.857786148
825.100000000,345.100000000,9.115894894,4685.769380195
825.200000000,345.200000000,9.115804349,4686.680965157
825.300000000,345.300000000,9.115713805,4687.592541065
825.400000000,345.400000000,9.115623261,4688.504107918
825.500000000,345.500000000,9.115532717,4689.415665717
825.600000000,345.600000000,9.115442173,4690.327214462
825.700000000,345.700000000,9.115351629,4691.238754152
825.800000000,345.800000000,9.115261084,4692.150284788
825.900000000,345.900000000,9.115170540,4693.061806369
826.000000000,346.000000000,9.115079996,4693.973318896
826.100000000,346.100000000,9.114990749,4694.884822433
826.200000000,346.200000000,9.114901935,4695.796317067
826.300000000,346.300000000,9.114813121,4696.707802820
826.400000000,346.400000000,9.114724306,4697.619279691
826.500000000,346.500000000,9.114635492,4698.530747681
826.600000000,346.600000000,9.114546678,4699.442206790
826.700000000,346.700000000,9.114457863,4700.353657017
826.800000000,346.800000000,9.114369049,4701.265098362
826.900000000,346.900000000,9.114280235,4702.176530826
827.000000000,347.000000000,9.114191421,4703.087954409
827.100000000,347.100000000,9.114104095,4703.999369185
827.200000000,347.200000000,9.114017266,4704.910775253
827.300000000,347.300000000,9.113930437,4705.822172638
827.400000000,347.400000000,9.113843608,4706.733561341
827.500000000,347.500000000,9.113756779,4707.644941360
827.600000000,347.600000000,9.113669950,4708.556312696
827.700000000,347.700000000,9.113583121,4709.467675350
827.800000000,347.800000000,9.113496292,4710.379029321
827.900000000,347.900000000,9.113409463,4711.290374608
828.000000000,348.000000000,9.113322634,4712.201711213
828.100000000,348.100000000,9.113237335,4713.113039212
828.200000000,348.200000000,9.113152545,4714.024358706
828.300000000,348.300000000,9.113067756,4714.935669721
828.400000000,348.400000000,9.112982967,4715.846972257
828.500000000,348.500000000,9.112898177,4716.758266314
828.600000000,348.600000000,9.112813388,4717.669551892
828.700000000,348.700000000,9.112728599,4718.580828992
828.800000000,348.800000000,9.112643809,4719.492097612
828.900000000,348.900000000,9.112559020,4720.403357754
829.000000000,349.000000000,9.112474231,4721.314609416
829.100000000,349.100000000,9.112390967,4722.225852676
829.200000000,349.200000000,9.112308212,4723.137087635
829.300000000,349.300000000,9.112225457,4724.048314318
829.400000000,349.400000000,9.112142702,4724.959532726
829.500000000,349.500000000,9.112059947,4725.870742859
829.600000000,349.600000000,9.111977192,4726.781944716
829.700000000,349.700000000,9.111894437,4727.693138297
829.800000000,349.800000000,9.111811682,4728.604323603
829.900000000,349.900000000,9.111728926,4729.515500633
830.000000000,350.000000000,9.111646171,4730.426669388
830.100000000,350.100000000,9.111564923,4731.337829943
830.200000000,350.200000000,9.111484177,4732.248982398
830.300000000,350.300000000,9.111403431,4733.160126778
830.400000000,350.400000000,9.111322685,4734.071263084
830.500000000,350.500000000,9.111241939,4734.982391315
830.600000000,350.600000000,9.111161192,4735.893511472
830.700000000,350.700000000,9.111080446,4736.804623554
830.800000000,350.800000000,9.110999700,4737.715727561
830.900000000,350.900000000,9.110918954,4738.626823494
831.000000000,351.000000000,9.110838208,4739.537911352
831.100000000,351.100000000,9.110758944,4740.448991210
831.200000000,351.200000000,9.110680175,4741.360063166
831.300000000,351.300000000,9.110601405,4742.271127245
831.400000000,351.400000000,9.110522636,4743.182183447
831.500000000,351.500000000,9.110443867,4744.093231772
831.600000000,351.600000000,9.110365097,4745.004272220
831.700000000,351.700000000,9.110286328,4745.915304791
831.800000000,351.800000000,9.110207558,4746.826329486
831.900000000,351.900000000,9.110128789,4747.737346303
832.000000000,352.000000000,9.110050019,4748.648355243
832.100000000,352.100000000,9.109972705,4749.559356380
832.200000000,352.200000000,9.109895875,4750.470349809
832.300000000,352.300000000,9.109819045,4751.381335554
832.400000000,352.400000000,9.109742215,4752.292313618
832.500000000,352.500000000,9.109665385,4753.203283998
832.600000000,352.600000000,9.109588556,4754.114246695
832.700000000,352.700000000,9.109511726,4755.025201709
832.800000000,352.800000000,9.109434896,4755.936149040
832.900000000,352.900000000,9.109358066,4756.847088688
833.000000000,353.000000000,9.109281236,4757.758020653
833.100000000,353.100000000,9.109205838,4758.668945007
833.200000000,353.200000000,9.109130915,4759.579861844
833.300000000,353.300000000,9.109055993,4760.490771190
833.400000000,353.400000000,9.108981071,4761.401673043
833.500000000,353.500000000,9.108906149,4762.312567404
833.600000000,353.600000000,9.108831227,4763.223454273
833.700000000,353.700000000,9.108756305,4764.134333650
833.800000000,353.800000000,9.108681383,4765.045205534
833.900000000,353.900000000,9.108606461,4765.956069926
834.000000000,354.000000000,9.108531604,4766.866926829
834.100000000,354.100000000,9.108458508,4767.777776335
834.200000000,354.200000000,9.108385877,4768.688618554
834.300000000,354.300000000,9.108313246,4769.599453510
834.400000000,354.400000000,9.108240614,4770.510281203
834.500000000,354.500000000,9.108167983,4771.421101633
834.600000000,354.600000000,9.108095352,4772.331914800
834.700000000,354.700000000,9.108022721,4773.242720704
834.800000000,354.800000000,9.107950089,4774.153519344
834.900000000,354.900000000,9.107877458,4775.064310722
835.000000000,355.000000000,9.107804827,4775.975094836
835.100000000,355.100000000,9.107733567,4776.885871756
835.200000000,355.200000000,9.107662763,4777.796641572
835.300000000,355.300000000,9.107591960,4778.707404308
835.400000000,355.400000000,9.107521157,4779.618159964
835.500000000,355.500000000,9.107450354,4780.528908540
835.600000000,355.600000000,9.107379551,4781.439650035
835.700000000,355.700000000,9.107308747,4782.350384450
835.800000000,355.800000000,9.107237944,4783.261111784
835.900000000,355.900000000,9.107167141,4784.171832039
836.000000000,356.000000000,9.107096338,4785.082545212
836.100000000,356.100000000,9.107026936,4785.993251376
836.200000000,356.200000000,9.106958001,4786.903950623
836.300000000,356.300000000,9.106889065,4787.814642976
836.400000000,356.400000000,9.106820130,4788.725328436
836.500000000,356.500000000,9.106751195,4789.636007002
836.600000000,356.600000000,9.106682260,4790.546678675
836.700000000,356.700000000,9.106613325,4791.457343454
836.800000000,356.800000000,9.106544390,4792.368001340
836.900000000,356.900000000,9.106475455,4793.278652332
837.000000000,357.000000000,9.106406520,4794.189296431
837.100000000,357.100000000,9.106338981,4795.099933706
837.200000000,357.200000000,9.106271908,4796.010564251
837.300000000,357.300000000,9.106204834,4796.921188088
837.400000000,357.400000000,9.106137761,4797.831805217
837.500000000,357.500000000,9.106070687,4798.742415640
837.600000000,357.600000000,9.106003613,4799.653019355
837.700000000,357.700000000,9.105936540,4800.563616363
837.800000000,357.800000000,9.105869466,4801.474206663
837.900000000,357.900000000,9.105802393,4802.384790256
838.000000000,358.000000000,9.105735319,4803.295367141
838.100000000,358.100000000,9.105669624,4804.205937389
838.200000000,358.200000000,9.105604389,4805.116501089
838.300000000,358.300000000,9.105539153,4806.027058266
838.400000000,358.400000000,9.105473918,4806.937608920
838.500000000,358.500000000,9.105408682,4807.848153050
838.600000000,358.600000000,9.105343447,4808.758690656
838.700000000,358.700000000,9.105278211,4809.669221739
838.800000000,358.800000000,9.105212976,4810.579746299
838.900000000,358.900000000,9.105147740,4811.490264334
839.000000000,359.000000000,9.105082505,4812.400775847
839.100000000,359.100000000,9.105017475,4813.311280846
839.200000000,359.200000000,9.104952514,4814.221779345
839.300000000,359.300000000,9.104887553,4815.132271348
839.400000000,359.400000000,9.104822592,4816.042756856
839.500000000,359.500000000,9.104757631,4816.953235867
839.600000000,359.600000000,9.104692670,4817.863708382
839.700000000,359.700000000,9.104627709,4818.774174401
839.800000000,359.800000000,9.104562748,4819.684633924
839.900000000,359.900000000,9.104497787,4820.595086950
840.000000000,360.000000000,9.104432826,4821.505533481
840.100000000,360.100000000,9.104370277,4822.415973636
840.200000000,360.200000000,9.104308532,4823.326407577
840.300000000,360.300000000,9.104246787,4824.236835343
840.400000000,360.400000000,9.104185043,4825.147256934
840.500000000,360.500000000,9.104123298,4826.057672351
840.600000000,360.600000000,9.104061553,4826.968081594
840.700000000,360.700000000,9.103999808,4827.878484662
840.800000000,360.800000000,9.103938064,4828.788881555
840.900000000,360.900000000,9.103876319,4829.699272274
841.000000000,361.000000000,9.103814574,4830.609656819
841.100000000,361.100000000,9.103754136,4831.520035255
841.200000000,361.200000000,9.103694133,4832.430407668
841.300000000,361.300000000,9.103634131,4833.340774081
841.400000000,361.400000000,9.103574129,4834.251134494
841.500000000,361.500000000,9.103514126,4835.161488907
841.600000000,361.600000000,9.103454124,4836.071837320
841.700000000,361.700000000,9.103394121,4836.982179732
841.800000000,361.800000000,9.103334119,4837.892516144
841.900000000,361.900000000,9.103274116,4838.802846556
842.000000000,362.000000000,9.103214114,4839.713170967
842.100000000,362.100000000,9.103155400,4840.623489443
842.200000000,362.200000000,9.103097115,4841.533802069
842.300000000,362.300000000,9.103038830,4842.444108866
842.400000000,362.400000000,9.102980546,4843.354409835
842.500000000,362.500000000,9.102922261,4844.264704975
842.600000000,362.600000000,9.102863976,4845.174994287
842.700000000,362.700000000,9.102805691,4846.085277770
842.800000000,362.800000000,9.102747406,4846.995555425
842.900000000,362.900000000,9.102689122,4847.905827251
843.000000000,363.000000000,9.102630837,4848.816093249
843.100000000,363.100000000,9.102573817,4849.726353482
843.200000000,363.200000000,9.102517218,4850.636608034
843.300000000,363.300000000,9.102460619,4851.546856926
843.400000000,363.400000000,9.102404020,4852.457100157
843.500000000,363.500000000,9.102347421,4853.367337729
843.600000000,363.600000000,9.102290822,4854.277569642
843.700000000,363.700000000,9.102234223,4855.187795894
843.800000000,363.800000000,9.102177624,4856.098016486
843.900000000,363.900000000,9.102121025,4857.008231419
844.000000000,364.000000000,9.102064426,4857.918440691
844.100000000,364.100000000,9.102009068,4858.828644366
844.200000000,364.200000000,9.101954122,4859.738842526
844.300000000,364.300000000,9.101899177,4860.649035190
844.400000000,364.400000000,9.101844232,4861.559222361
844.500000000,364.500000000,9.101789287,4862.469404037
844.600000000,364.600000000,9.101734342,4863.379580218
844.700000000,364.700000000,9.101679396,4864.289750905
844.800000000,364.800000000,9.101624451,4865.199916098
844.900000000,364.900000000,9.101569506,4866.110075795
845.000000000,365.000000000,9.101514561,4867.020229999
845.100000000,365.100000000,9.101460832,4867.930378768
845.200000000,365.200000000,9.101407509,4868.840522185
845.300000000,365.300000000,9.101354186,4869.750660270
845.400000000,365.400000000,9.101300863,4870.660793023
845.500000000,365.500000000,9.101247540,4871.570920443
845.600000000,365.600000000,9.101194217,4872.481042531
845.700000000,365.700000000,9.101140894,4873.391159286
845.800000000,365.800000000,9.101087571,4874.301270709
845.900000000,365.900000000,9.101034248,4875.211376800
846.000000000,366.000000000,9.100980925,4876.121477559
846.100000000,366.100000000,9.100928793,4877.031573045
846.200000000,366.200000000,9.100877059,4877.941663338
846.300000000,366.300000000,9.100825325,4878.851748457
846.400000000,366.400000000,9.100773591,4879.761828403
846.500000000,366.500000000,9.100721857,4880.671903175
846.600000000,366.600000000,9.100670123,4881.581972774
846.700000000,366.700000000,9.100618389,4882.492037200
846.800000000,366.800000000,9.100566655,4883.402096452
846.900000000,366.900000000,9.100514921,4884.312150531
847.000000000,367.000000000,9.100463187,4885.222199436
847.100000000,367.100000000,9.100412624,4886.132243227
847.200000000,367.200000000,9.100362452,4887.042281981
847.300000000,367.300000000,9.100312280,4887.952315717
847.400000000,367.400000000,9.100262107,4888.862344437
847.500000000,367.500000000,9.100211935,4889.772368139
847.600000000,367.600000000,9.100161763,4890.682386824
847.700000000,367.700000000,9.100111591,4891.592400491
847.800000000,367.800000000,9.100061418,4892.502409142
847.900000000,367.900000000,9.100011246,4893.412412775
848.000000000,368.000000000,9.099961074,4894.322411391
848.100000000,368.100000000,9.099912050,4895.232405047
848.200000000,368.200000000,9.099863408,4896.142393820
848.300000000,368.300000000,9.099814767,4897.052377729
848.400000000,368.400000000,9.099766126,4897.962356773
848.500000000,368.500000000,9.099717484,4898.872330954
848.600000000,368.600000000,9.099668843,4899.782300270
848.700000000,368.700000000,9.099620201,4900.692264722
848.800000000,368.800000000,9.099571560,4901.602224310
848.900000000,368.900000000,9.099522919,4902.512179034
849.000000000,369.000000000,9.099474277,4903.422128894
849.100000000,369.100000000,9.099426762,4904.332073946
849.200000000,369.200000000,9.099379623,4905.242014265
849.300000000,369.300000000,9.099332483,4906.151949871
849.400000000,369.400000000,9.099285344,4907.061880762
849.500000000,369.500000000,9.099238204,4907.971806939
849.600000000,369.600000000,9.099191064,4908.881728403
849.700000000,369.700000000,9.099143925,4909.791645152
849.800000000,369.800000000,9.099096785,4910.701557188
849.900000000,369.900000000,9.099049646,4911.611464509
850.000000000,370.000000000,9.099002506,4912.521367117
850.100000000,370.100000000,9.098956470,4913.431265066
850.200000000,370.200000000,9.098910802,4914.341158429
850.300000000,370.300000000,9.098865134,4915.251047226
850.400000000,370.400000000,9.098819466,4916.160931456
850.500000000,370.500000000,9.098773798,4917.070811120
850.600000000,370.600000000,9.098728130,4917.980686216
850.700000000,370.700000000,9.098682462,4918.890556746
850.800000000,370.800000000,9.098636794,4919.800422708
850.900000000,370.900000000,9.098591126,4920.710284104
851.000000000,371.000000000,9.098545458,4921.620140933
851.100000000,371.100000000,9.098500874,4922.529993250
851.200000000,371.200000000,9.098456651,4923.439841126
851.300000000,371.300000000,9.098412428,4924.349684580
851.400000000,371.400000000,9.098368205,4925.259523612
851.500000000,371.500000000,9.098323983,4926.169358221
851.600000000,371.600000000,9.098279760,4927.079188408
851.700000000,371.700000000,9.098235537,4927.989014173
851.800000000,371.800000000,9.098191314,4928.898835516
851.900000000,371.900000000,9.098147091,4929.808652436
852.000000000,372.000000000,9.098102869,4930.718464934
852.100000000,372.100000000,9.098059709,4931.628273063
852.200000000,372.200000000,9.098016905,4932.538076894
852.300000000,372.300000000,9.097974100,4933.447876444
852.400000000,372.400000000,9.097931295,4934.357671714
852.500000000,372.500000000,9.097888490,4935.267462703
852.600000000,372.600000000,9.097845686,4936.177249412
852.700000000,372.700000000,9.097802881,4937.087031840
852.800000000,372.800000000,9.097760076,4937.996809988
852.900000000,372.900000000,9.097717271,4938.906583855
853.000000000,373.000000000,9.097674467,4939.816353442
853.100000000,373.100000000,9.097632705,4940.726118801
853.200000000,373.200000000,9.097591292,4941.635880001
853.300000000,373.300000000,9.097549879,4942.545637059
853.400000000,373.400000000,9.097508466,4943.455389976
853.500000000,373.500000000,9.097467053,4944.365138752
853.600000000,373.600000000,9.097425639,4945.274883387
853.700000000,373.700000000,9.097384226,4946.184623880
853.800000000,373.800000000,9.097342813,4947.094360232
853.900000000,373.900000000,9.097301400,4948.004092443
854.000000000,374.000000000,9.097259987,4948.913820512
854.100000000,374.100000000,9.097219598,4949.823544491
854.200000000,374.200000000,9.097179550,4950.733264449
854.300000000,374.300000000,9.097139503,4951.642980401
854.400000000,374.400000000,9.097099455,4952.552692349
854.500000000,374.500000000,9.097059407,4953.462400292
854.600000000,374.600000000,9.097019360,4954.372104231
854.700000000,374.700000000,9.096979312,4955.281804164
854.800000000,374.800000000,9.096939265,4956.191500093
854.900000000,374.900000000,9.096899217,4957.101192017
855.000000000,375.000000000,9.096859170,4958.010879937
855.100000000,375.100000000,9.096820127,4958.920563902
855.200000000,375.200000000,9.096781420,4959.830243979
855.300000000,375.300000000,9.096742713,4960.739920186
855.400000000,375.400000000,9.096704006,4961.649592522
855.500000000,375.500000000,9.096665299,4962.559260987
855.600000000,375.600000000,9.096626592,4963.468925581
855.700000000,375.700000000,9.096587885,4964.378586305
855.800000000,375.800000000,9.096549178,4965.288243158
855.900000000,375.900000000,9.096510470,4966.197896141
856.000000000,376.000000000,9.096471763,4967.107545252
856.100000000,376.100000000,9.096434043,4968.017190543
856.200000000,376.200000000,9.096396651,4968.926832077
856.300000000,376.300000000,9.096359260,4969.836469873
856.400000000,376.400000000,9.096321868,4970.746103929
856.500000000,376.500000000,9.096284476,4971.655734247
856.600000000,376.600000000,9.096247085,4972.565360825
856.700000000,376.700000000,9.096209693,4973.474983663
856.800000000,376.800000000,9.096172302,4974.384602763
856.900000000,376.900000000,9.096134910,4975.294218124
857.000000000,377.000000000,9.096097518,4976.203829745
857.100000000,377.100000000,9.096061098,4977.113437676
857.200000000,377.200000000,9.096025002,4978.023041981
857.300000000,377.300000000,9.095988906,4978.932642677
857.400000000,377.400000000,9.095952810,4979.842239762
857.500000000,377.500000000,9.095916715,4980.751833239
857.600000000,377.600000000,9.095880619,4981.661423105
857.700000000,377.700000000,9.095844523,4982.571009362
857.800000000,377.800000000,9.095808427,4983.480592010
857.900000000,377.900000000,9.095772331,4984.390171048
858.000000000,378.000000000,9.095736235,4985.299746476
858.100000000,378.100000000,9.095701094,4986.209318342
858.200000000,378.200000000,9.095666271,4987.118886711
858.300000000,378.300000000,9.095631449,4988.028451597
858.400000000,378.400000000,9.095596627,4988.938013000
858.500000000,378.500000000,9.095561804,4989.847570922
858.600000000,378.600000000,9.095526982,4990.757125361
858.700000000,378.700000000,9.095492160,4991.666676318
858.800000000,378.800000000,9.095457337,4992.576223793
858.900000000,378.900000000,9.095422515,4993.485767786
859.000000000,379.000000000,9.095387693,4994.395308296
859.100000000,379.100000000,9.095353809,4995.304845371
859.200000000,379.200000000,9.095320237,4996.214379074
859.300000000,379.300000000,9.095286666,4997.123909419
859.400000000,379.400000000,9.095253095,4998.033436407
859.500000000,379.500000000,9.095219523,4998.942960038
859.600000000,379.600000000,9.095185952,4999.852480311
859.700000000,379.700000000,9.095152381,5000.761997228
859.800000000,379.800000000,9.095118809,5001.671510788
859.900000000,379.900000000,9.095085238,5002.581020990
860.000000000,380.000000000,9.095051667,5003.490527835
860.100000000,380.100000000,9.095019017,5004.400031369
860.200000000,380.200000000,9.094986674,5005.309531654
860.300000000,380.300000000,9.094954332,5006.219028704
860.400000000,380.400000000,9.094921989,5007.128522520
860.500000000,380.500000000,9.094889647,5008.038013102
860.600000000,380.600000000,9.094857304,5008.947500450
860.700000000,380.700000000,9.094824961,5009.856984563
860.800000000,380.800000000,9.094792619,5010.766465442
860.900000000,380.900000000,9.094760276,5011.675943087
861.000000000,381.000000000,9.094727933,5012.585417497
861.100000000,381.100000000,9.094696496,5013.494888719
861.200000000,381.200000000,9.094665360,5014.404356811
861.300000000,381.300000000,9.094634224,5015.313821790
861.400000000,381.400000000,9.094603088,5016.223283656
861.500000000,381.500000000,9.094571952,5017.132742408
861.600000000,381.600000000,9.094540816,5018.042198046
861.700000000,381.700000000,9.094509679,5018.951650571
861.800000000,381.800000000,9.094478543,5019.861099982
861.900000000,381.900000000,9.094447407,5020.770546280
862.000000000,382.000000000,9.094416271,5021.679989464
862.100000000,382.100000000,9.094386024,5022.589429579
862.200000000,382.200000000,9.094356073,5023.498866683
862.300000000,382.300000000,9.094326122,5024.408300793
862.400000000,382.400000000,9.094296171,5025.317731908
862.500000000,382.500000000,9.094266220,5026.227160027
862.600000000,382.600000000,9.094236269,5027.136585152
862.700000000,382.700000000,9.094206318,5028.046007281
862.800000000,382.800000000,9.094176367,5028.955426415
862.900000000,382.900000000,9.094146416,5029.864842555
863.000000000,383.000000000,9.094116465,5030.774255699
863.100000000,383.100000000,9.094087387,5031.683665891
863.200000000,383.200000000,9.094058600,5032.593073191
863.300000000,383.300000000,9.094029813,5033.502477611
863.400000000,383.400000000,9.094001026,5034.411879153
863.500000000,383.500000000,9.093972238,5035.321277816
863.600000000,383.600000000,9.093943451,5036.230673601
863.700000000,383.700000000,9.093914664,5037.140066507
863.800000000,383.800000000,9.093885877,5038.049456534
863.900000000,383.900000000,9.093857090,5038.958843682
864.000000000,384.000000000,9.093828303,5039.868227952
864.100000000,384.100000000,9.093800373,5040.777609385
864.200000000,384.200000000,9.093772729,5041.686988041
864.300000000,384.300000000,9.093745085,5042.596363931
864.400000000,384.400000000,9.093717440,5043.505737058
864.500000000,384.500000000,9.093689796,5044.415107419
864.600000000,384.600000000,9.093662152,5045.324475017
864.700000000,384.700000000,9.093634508,5046.233839850
864.800000000,384.800000000,9.093606864,5047.143201918
864.900000000,384.900000000,9.093579220,5048.052561223
865.000000000,385.000000000,9.093551575,5048.961917762
865.100000000,385.100000000,9.093524771,5049.871271580
865.200000000,385.200000000,9.093498247,5050.780622730
865.300000000,385.300000000,9.093471723,5051.689971229
865.400000000,385.400000000,9.093445199,5052.599317075
865.500000000,385.500000000,9.093418675,5053.508660269
865.600000000,385.600000000,9.093392151,5054.418000810
865.700000000,385.700000000,9.093365627,5055.327338699
865.800000000,385.800000000,9.093339103,5056.236673935
865.900000000,385.900000000,9.093312578,5057.146006519
866.000000000,386.000000000,9.093286054,5058.055336451
866.100000000,386.100000000,9.093260359,5058.964663772
866.200000000,386.200000000,9.093234940,5059.873988537
866.300000000,386.300000000,9.093209521,5060.783310760
866.400000000,386.400000000,9.093184102,5061.692630441
866.500000000,386.500000000,9.093158683,5062.601947580
866.600000000,386.600000000,9.093133265,5063.511262178
866.700000000,386.700000000,9.093107846,5064.420574233
866.800000000,386.800000000,9.093082427,5065.329883747
866.900000000,386.900000000,9.093057008,5066.239190718
867.000000000,387.000000000,9.093031589,5067.148495148
867.100000000,387.100000000,9.093006983,5068.057797077
867.200000000,387.200000000,9.092982649,5068.967096559
867.300000000,387.300000000,9.092958315,5069.876393607
867.400000000,387.400000000,9.092933981,5070.785688222
867.500000000,387.500000000,9.092909646,5071.694980403
867.600000000,387.600000000,9.092885312,5072.604270151
867.700000000,387.700000000,9.092860978,5073.513557465
867.800000000,387.800000000,9.092836644,5074.422842346
867.900000000,387.900000000,9.092812309,5075.332124794
868.000000000,388.000000000,9.092787975,5076.241404808
868.100000000,388.100000000,9.092764440,5077.150682429
868.200000000,388.200000000,9.092741172,5078.059957710
868.300000000,388.300000000,9.092717904,5078.969230663
868.400000000,388.400000000,9.092694635,5079.878501290
868.500000000,388.500000000,9.092671367,5080.787769591
868.600000000,388.600000000,9.092648099,5081.697035564
868.700000000,388.700000000,9.092624831,5082.606299210
868.800000000,388.800000000,9.092601562,5083.515560530
868.900000000,388.900000000,9.092578294,5084.424819523
869.000000000,389.000000000,9.092555026,5085.334076189
869.100000000,389.100000000,9.092532543,5086.243330567
869.200000000,389.200000000,9.092510323,5087.152582711
869.300000000,389.300000000,9.092488103,5088.061832632
869.400000000,389.400000000,9.092465882,5088.971080331
869.500000000,389.500000000,9.092443662,5089.880325808
869.600000000,389.600000000,9.092421441,5090.789569064
869.700000000,389.700000000,9.092399221,5091.698810097
869.800000000,389.800000000,9.092377001,5092.608048908
869.900000000,389.900000000,9.092354780,5093.517285497
870.000000000,390.000000000,9.092332560,5094.426519864
870.100000000,390.100000000,9.092311112,5095.335752047
870.200000000,390.200000000,9.092289922,5096.244982099
870.300000000,390.300000000,9.092268731,5097.154210032
870.400000000,390.400000000,9.092247541,5098.063435845
870.500000000,390.500000000,9.092226351,5098.972659540
870.600000000,390.600000000,9.092205161,5099.881881115
870.700000000,390.700000000,9.092183971,5100.791100572
870.800000000,390.800000000,9.092162780,5101.700317910
870.900000000,390.900000000,9.092141590,5102.609533128
871.000000000,391.000000000,9.092120400,5103.518746228
871.100000000,391.100000000,9.092099970,5104.427957246
871.200000000,391.200000000,9.092079792,5105.337166234
871.300000000,391.300000000,9.092059615,5106.246373205
871.400000000,391.400000000,9.092039438,5107.155578157
871.500000000,391.500000000,9.092019261,5108.064781092
871.600000000,391.600000000,9.091999084,5108.973982009
871.700000000,391.700000000,9.091978906,5109.883180909
871.800000000,391.800000000,9.091958729,5110.792377791
871.900000000,391.900000000,9.091938552,5111.701572655
872.000000000,392.000000000,9.091918375,5112.610765501
872.100000000,392.100000000,9.091898945,5113.519956367
872.200000000,392.200000000,9.091879764,5114.429145302
872.300000000,392.300000000,9.091860583,5115.338332320
872.400000000,392.400000000,9.091841402,5116.247517419
872.500000000,392.500000000,9.091822221,5117.156700600
872.600000000,392.600000000,9.091803040,5118.065881863
872.700000000,392.700000000,9.091783859,5118.975061208
872.800000000,392.800000000,9.091764678,5119.884238635
872.900000000,392.900000000,9.091745497,5120.793414144
873.000000000,393.000000000,9.091726316,5121.702587734
873.100000000,393.100000000,9.091707870,5122.611759444
873.200000000,393.200000000,9.091689669,5123.520929321
873.300000000,393.300000000,9.091671468,5124.430097378
873.400000000,393.400000000,9.091653267,5125.339263614
873.500000000,393.500000000,9.091635066,5126.248428031
873.600000000,393.600000000,9.091616865,5127.157590628
873.700000000,393.700000000,9.091598664,5128.066751404
873.800000000,393.800000000,9.091580463,5128.975910360
873.900000000,393.900000000,9.091562262,5129.885067497
874.000000000,394.000000000,9.091544061,5130.794222813
874.100000000,394.100000000,9.091526584,5131.703376345
874.200000000,394.200000000,9.091509348,5132.612528142
874.300000000,394.300000000,9.091492112,5133.521678215
874.400000000,394.400000000,9.091474876,5134.430826564
874.500000000,394.500000000,9.091457640,5135.339973190
874.600000000,394.600000000,9.091440404,5136.249118092
874.700000000,394.700000000,9.091423168,5137.158261270
874.800000000,394.800000000,9.091405932,5138.067402725
874.900000000,394.900000000,9.091388696,5138.976542457
875.000000000,395.000000000,9.091371460,5139.885680465
875.100000000,395.100000000,9.091354935,5140.794816784
875.200000000,395.200000000,9.091338648,5141.703951464
875.300000000,395.300000000,9.091322361,5142.613084514
875.400000000,395.400000000,9.091306073,5143.522215936
875.500000000,395.500000000,9.091289786,5144.431345729
875.600000000,395.600000000,9.091273498,5145.340473893
875.700000000,395.700000000,9.091257211,5146.249600428
875.800000000,395.800000000,9.091240924,5147.158725335
875.900000000,395.900000000,9.091224636,5148.067848613
876.000000000,396.000000000,9.091208349,5148.976970262
876.100000000,396.100000000,9.091192762,5149.886090318
876.200000000,396.200000000,9.091177408,5150.795208826
876.300000000,396.300000000,9.091162053,5151.704325799
876.400000000,396.400000000,9.091146699,5152.613441237
876.500000000,396.500000000,9.091131345,5153.522555139
876.600000000,396.600000000,9.091115991,5154.431667506
876.700000000,396.700000000,9.091100637,5155.340778338
876.800000000,396.800000000,9.091085283,5156.249887634
876.900000000,396.900000000,9.091069929,5157.158995394
877.000000000,397.000000000,9.091054575,5158.068101619
877.100000000,397.100000000,9.091039910,5158.977206344
877.200000000,397.200000000,9.091025474,5159.886309613
877.300000000,397.300000000,9.091011039,5160.795411438
877.400000000,397.400000000,9.090996603,5161.704511821
877.500000000,397.500000000,9.090982168,5162.613610759
877.600000000,397.600000000,9.090967732,5163.522708254
877.700000000,397.700000000,9.090953297,5164.431804306
877.800000000,397.800000000,9.090938861,5165.340898914
877.900000000,397.900000000,9.090924426,5166.249992078
878.000000000,398.000000000,9.090909990,5167.159083799
878.100000000,398.100000000,9.090896233,5168.068174110
878.200000000,398.200000000,9.090882702,5168.977263057
878.300000000,398.300000000,9.090869170,5169.886350650
878.400000000,398.400000000,9.090855639,5170.795436891
878.500000000,398.500000000,9.090842108,5171.704521778
878.600000000,398.600000000,9.090828576,5172.613605312
878.700000000,398.700000000,9.090815045,5173.522687493
878.800000000,398.800000000,9.090801513,5174.431768321
878.900000000,398.900000000,9.090787982,5175.340847796
879.000000000,399.000000000,9.090774451,5176.249925917
879.100000000,399.100000000,9.090761587,5177.159002719
879.200000000,399.200000000,9.090748946,5178.068078246
879.300000000,399.300000000,9.090736304,5178.977152508
879.400000000,399.400000000,9.090723663,5179.886225507
879.500000000,399.500000000,9.090711022,5180.795297241
879.600000000,399.600000000,9.090698380,5181.704367711
879.700000000,399.700000000,9.090685739,5182.613436917
879.800000000,399.800000000,9.090673098,5183.522504859
879.900000000,399.900000000,9.090660456,5184.431571537
880.000000000,400.000000000,9.090647815,5185.340636950
880.100000000,400.100000000,9.090635831,5186.249701132
880.200000000,400.200000000,9.090624066,5187.158764127
880.300000000,400.300000000,9.090612301,5188.067825946
880.400000000,400.400000000,9.090600536,5188.976886587
880.500000000,400.500000000,9.090588771,5189.885946053
880.600000000,400.600000000,9.090577006,5190.795004342
880.700000000,400.700000000,9.090565241,5191.704061454
880.800000000,400.800000000,9.090553475,5192.613117390
880.900000000,400.900000000,9.090541710,5193.522172149
881.000000000,401.000000000,9.090529945,5194.431225732
881.100000000,401.100000000,9.090518827,5195.340278170
881.200000000,401.200000000,9.090507925,5196.249329508
881.300000000,401.300000000,9.090497023,5197.158379755
881.400000000,401.400000000,9.090486121,5198.067428913
881.500000000,401.500000000,9.090475218,5198.976476980
881.600000000,401.600000000,9.090464316,5199.885523956
881.700000000,401.700000000,9.090453414,5200.794569843
881.800000000,401.800000000,9.090442512,5201.703614639
881.900000000,401.900000000,9.090431609,5202.612658345
882.000000000,402.000000000,9.090420707,5203.521700961
882.100000000,402.100000000,9.090410442,5204.430742518
882.200000000,402.200000000,9.090400389,5205.339783060
882.300000000,402.300000000,9.090390337,5206.248822596
882.400000000,402.400000000,9.090380284,5207.157861127
882.500000000,402.500000000,9.090370232,5208.066898653
882.600000000,402.600000000,9.090360179,5208.975935174
882.700000000,402.700000000,9.090350126,5209.884970689
882.800000000,402.800000000,9.090340074,5210.794005199
882.900000000,402.900000000,9.090330021,5211.703038704
883.000000000,403.000000000,9.090319968,5212.612071203
883.100000000,403.100000000,9.090310543,5213.521102729
883.200000000,403.200000000,9.090301328,5214.430133322
883.300000000,403.300000000,9.090292112,5215.339162994
883.400000000,403.400000000,9.090282896,5216.248191745
883.500000000,403.500000000,9.090273680,5217.157219573
883.600000000,403.600000000,9.090264464,5218.066246481
883.700000000,403.700000000,9.090255248,5218.975272466
883.800000000,403.800000000,9.090246032,5219.884297530
883.900000000,403.900000000,9.090236817,5220.793321673
884.000000000,404.000000000,9.090227601,5221.702344894
884.100000000,404.100000000,9.090219003,5222.611367224
884.200000000,404.200000000,9.090210611,5223.520388705
884.300000000,404.300000000,9.090202220,5224.429409346
884.400000000,404.400000000,9.090193828,5225.338429149
884.500000000,404.500000000,9.090185436,5226.247448112
884.600000000,404.600000000,9.090177045,5227.156466236
884.700000000,404.700000000,9.090168653,5228.065483521
884.800000000,404.800000000,9.090160262,5228.974499967
884.900000000,404.900000000,9.090151870,5229.883515573
885.000000000,405.000000000,9.090143478,5230.792530340
885.100000000,405.100000000,9.090135695,5231.701544299
885.200000000,405.200000000,9.090128116,5232.610557490
885.300000000,405.300000000,9.090120536,5233.519569922
885.400000000,405.400000000,9.090112956,5234.428581597
885.500000000,405.500000000,9.090105376,5235.337592514
885.600000000,405.600000000,9.090097797,5236.246602672
885.700000000,405.700000000,9.090090217,5237.155612073
885.800000000,405.800000000,9.090082637,5238.064620716
885.900000000,405.900000000,9.090075057,5238.973628600
886.000000000,406.000000000,9.090067478,5239.882635727
886.100000000,406.100000000,9.090060498,5240.791642126
886.200000000,406.200000000,9.090053718,5241.700647837
886.300000000,406.300000000,9.090046938,5242.609652869
886.400000000,406.400000000,9.090040158,5243.518657224
886.500000000,406.500000000,9.090033378,5244.427660901
886.600000000,406.600000000,9.090026598,5245.336663900
886.700000000,406.700000000,9.090019819,5246.245666221
886.800000000,406.800000000,9.090013039,5247.154667864
886.900000000,406.900000000,9.090006259,5248.063668829
887.000000000,407.000000000,9.089999479,5248.972669115
887.100000000,407.100000000,9.089993290,5249.881668754
887.200000000,407.200000000,9.089987298,5250.790667783
887.300000000,407.300000000,9.089981307,5251.699666214
887.400000000,407.400000000,9.089975315,5252.608664045
887.500000000,407.500000000,9.089969323,5253.517661277
887.600000000,407.600000000,9.089963331,5254.426657909
887.700000000,407.700000000,9.089957339,5255.335653943
887.800000000,407.800000000,9.089951348,5256.244649377
887.900000000,407.900000000,9.089945356,5257.153644212
888.000000000,408.000000000,9.089939364,5258.062638448
888.100000000,408.100000000,9.089933955,5258.971632114
888.200000000,408.200000000,9.089928739,5259.880625249
888.300000000,408.300000000,9.089923524,5260.789617862
888.400000000,408.400000000,9.089918309,5261.698609954
888.500000000,408.500000000,9.089913094,5262.607601524
888.600000000,408.600000000,9.089907879,5263.516592573
888.700000000,408.700000000,9.089902663,5264.425583100
888.800000000,408.800000000,9.089897448,5265.334573105
888.900000000,408.900000000,9.089892233,5266.243562589
889.000000000,409.000000000,9.089887018,5267.152551552
889.100000000,409.100000000,9.089882377,5268.061540022
889.200000000,409.200000000,9.089877927,5268.970528037
889.300000000,409.300000000,9.089873477,5269.879515607
889.400000000,409.400000000,9.089869027,5270.788502732
889.500000000,409.500000000,9.089864577,5271.697489412
889.600000000,409.600000000,9.089860127,5272.606475648
889.700000000,409.700000000,9.089855677,5273.515461438
889.800000000,409.800000000,9.089851227,5274.424446783
889.900000000,409.900000000,9.089846778,5275.333431683
890.000000000,410.000000000,9.089842328,5276.242416139
890.100000000,410.100000000,9.089838444,5277.151400177
890.200000000,410.200000000,9.089834748,5278.060383837
890.300000000,410.300000000,9.089831052,5278.969367127
890.400000000,410.400000000,9.089827357,5279.878350047
890.500000000,410.500000000,9.089823661,5280.787332598
890.600000000,410.600000000,9.089819966,5281.696314779
890.700000000,410.700000000,9.089816270,5282.605296591
890.800000000,410.800000000,9.089812574,5283.514278033
890.900000000,410.900000000,9.089808879,5284.423259106
891.000000000,411.000000000,9.089805183,5285.332239809
891.100000000,411.100000000,9.089802045,5286.241220171
891.200000000,411.200000000,9.089799093,5287.150200227
891.300000000,411.300000000,9.089796141,5288.059179989
891.400000000,411.400000000,9.089793189,5288.968159456
891.500000000,411.500000000,9.089790237,5289.877138627
891.600000000,411.600000000,9.089787285,5290.786117503
891.700000000,411.700000000,9.089784333,5291.695096084
891.800000000,411.800000000,9.089781381,5292.604074370
891.900000000,411.900000000,9.089778429,5293.513052360
892.000000000,412.000000000,9.089775476,5294.422030055
892.100000000,412.100000000,9.089773073,5295.331007483
892.200000000,412.200000000,9.089770851,5296.239984679
892.300000000,412.300000000,9.089768630,5297.148961653
892.400000000,412.400000000,9.089766409,5298.057938405
892.500000000,412.500000000,9.089764188,5298.966914935
892.600000000,412.600000000,9.089761967,5299.875891243
892.700000000,412.700000000,9.089759745,5300.784867328
892.800000000,412.800000000,9.089757524,5301.693843192
892.900000000,412.900000000,9.089755303,5302.602818833
893.000000000,413.000000000,9.089753082,5303.511794252
893.100000000,413.100000000,9.089751398,5304.420769476
893.200000000,413.200000000,9.089749894,5305.329744541
893.300000000,413.300000000,9.089748390,5306.238719455
893.400000000,413.400000000,9.089746886,5307.147694219
893.500000000,413.500000000,9.089745382,5308.056668832
893.600000000,413.600000000,9.089743877,5308.965643295
893.700000000,413.700000000,9.089742373,5309.874617608
893.800000000,413.800000000,9.089740869,5310.783591770
893.900000000,413.900000000,9.089739365,5311.692565781
894.000000000,414.000000000,9.089737861,5312.601539643
894.100000000,414.100000000,9.089736889,5313.510513380
894.200000000,414.200000000,9.089736094,5314.419487029
894.300000000,414.300000000,9.089735299,5315.328460599
894.400000000,414.400000000,9.089734504,5316.237434089
894.500000000,414.500000000,9.089733709,5317.146407500
894.600000000,414.600000000,9.089732914,5318.055380831
894.700000000,414.700000000,9.089732119,5318.964354083
894.800000000,414.800000000,9.089731325,5319.873327255
894.900000000,414.900000000,9.089730530,5320.782300347
895.000000000,415.000000000,9.089729735,5321.691273361
895.100000000,415.100000000,9.089729466,5322.600246321
895.200000000,415.200000000,9.089729372,5323.509219263
895.300000000,415.300000000,9.089729278,5324.418192195
895.400000000,415.400000000,9.089729184,5325.327165118
895.500000000,415.500000000,9.089729090,5326.236138032
895.600000000,415.600000000,9.089728996,5327.145110936
895.700000000,415.700000000,9.089728902,5328.054083831
895.800000000,415.800000000,9.089728808,5328.963056716
895.900000000,415.900000000,9.089728714,5329.872029592
896.000000000,416.000000000,9.089728620,5330.781002459
896.100000000,416.100000000,9.089729044,5331.689975342
896.200000000,416.200000000,9.089729642,5332.598948276
896.300000000,416.300000000,9.089730240,5333.507921271
896.400000000,416.400000000,9.089730838,5334.416894325
896.500000000,416.500000000,9.089731436,5335.325867438
896.600000000,416.600000000,9.089732034,5336.234840612
896.700000000,416.700000000,9.089732631,5337.143813845
896.800000000,416.800000000,9.089733229,5338.052787138
896.900000000,416.900000000,9.089733827,5338.961760491
897.000000000,417.000000000,9.089734425,5339.870733903
897.100000000,417.100000000,9.089735535,5340.779707401
897.200000000,417.200000000,9.089736815,5341.688681019
897.300000000,417.300000000,9.089738096,5342.597654764
897.400000000,417.400000000,9.089739377,5343.506628638
897.500000000,417.500000000,9.089740657,5344.415602640
897.600000000,417.600000000,9.089741938,5345.324576769
897.700000000,417.700000000,9.089743219,5346.233551027
897.800000000,417.800000000,9.089744499,5347.142525413
897.900000000,417.900000000,9.089745780,5348.051499927
898.000000000,418.000000000,9.089747061,5348.960474569
898.100000000,418.100000000,9.089748847,5349.869449365
898.200000000,418.200000000,9.089750801,5350.778424347
898.300000000,418.300000000,9.089752756,5351.687399525
898.400000000,418.400000000,9.089754710,5352.596374898
898.500000000,418.500000000,9.089756665,5353.505350467
898.600000000,418.600000000,9.089758619,5354.414326231
898.700000000,418.700000000,9.089760574,5355.323302191
898.800000000,418.800000000,9.089762529,5356.232278346
898.900000000,418.900000000,9.089764483,5357.141254697
899.000000000,419.000000000,9.089766438,5358.050231243
899.100000000,419.100000000,9.089768891,5358.959208009
899.200000000,419.200000000,9.089771511,5359.868185029
899.300000000,419.300000000,9.089774130,5360.777162311
899.400000000,419.400000000,9.089776750,5361.686139855
899.500000000,419.500000000,9.089779370,5362.595117661
899.600000000,419.600000000,9.089781989,5363.504095729
899.700000000,419.700000000,9.089784609,5364.413074059
899.800000000,419.800000000,9.089787228,5365.322052651
899.900000000,419.900000000,9.089789848,5366.231031505
900.000000000,420.000000000,9.089792468,5367.140010620
900.100000000,420.100000000,9.089795580,5368.048990023
900.200000000,420.200000000,9.089798856,5368.957969745
900.300000000,420.300000000,9.089802131,5369.866949794
900.400000000,420.400000000,9.089805407,5370.775930171
900.500000000,420.500000000,9.089808683,5371.684910875
900.600000000,420.600000000,9.089811959,5372.593891908
900.700000000,420.700000000,9.089815235,5373.502873267
900.800000000,420.800000000,9.089818511,5374.411854955
900.900000000,420.900000000,9.089821787,5375.320836970
901.000000000,421.000000000,9.089825063,5376.229819312
901.100000000,421.100000000,9.089828825,5377.138802006
901.200000000,421.200000000,9.089832749,5378.047785085
901.300000000,421.300000000,9.089836672,5378.956768556
901.400000000,421.400000000,9.089840596,5379.865752420
901.500000000,421.500000000,9.089844520,5380.774736675
901.600000000,421.600000000,9.089848443,5381.683721323
901.700000000,421.700000000,9.089852367,5382.592706364
901.800000000,421.800000000,9.089856291,5383.501691797
901.900000000,421.900000000,9.089860214,5384.410677622
902.000000000,422.000000000,9.089864138,5385.319663840
902.100000000,422.100000000,9.089868541,5386.228650474
902.200000000,422.200000000,9.089873104,5387.137637556
902.300000000,422.300000000,9.089877667,5388.046625095
902.400000000,422.400000000,9.089882230,5388.955613089
902.500000000,422.500000000,9.089886793,5389.864601541
902.600000000,422.600000000,9.089891356,5390.773590448
902.700000000,422.700000000,9.089895919,5391.682579812
902.800000000,422.800000000,9.089900482,5392.591569632
902.900000000,422.900000000,9.089905045,5393.500559908
903.000000000,423.000000000,9.089909608,5394.409550641
903.100000000,423.100000000,9.089914644,5395.318541853
903.200000000,423.200000000,9.089919838,5396.227533577
903.300000000,423.300000000,9.089925032,5397.136525821
903.400000000,423.400000000,9.089930225,5398.045518584
903.500000000,423.500000000,9.089935419,5398.954511866
903.600000000,423.600000000,9.089940613,5399.863505667
903.700000000,423.700000000,9.089945807,5400.772499989
903.800000000,423.800000000,9.089951001,5401.681494829
903.900000000,423.900000000,9.089956195,5402.590490189
904.000000000,424.000000000,9.089961389,5403.499486068
904.100000000,424.100000000,9.089967050,5404.408482490
904.200000000,424.200000000,9.089972866,5405.317479486
904.300000000,424.300000000,9.089978683,5406.226477063
904.400000000,424.400000000,9.089984500,5407.135475222
904.500000000,424.500000000,9.089990316,5408.044473963
904.600000000,424.600000000,9.089996133,5408.953473285
904.700000000,424.700000000,9.090001949,5409.862473189
904.800000000,424.800000000,9.090007766,5410.771473675
904.900000000,424.900000000,9.090013583,5411.680474743
905.000000000,425.000000000,9.090019399,5412.589476392
905.100000000,425.100000000,9.090025677,5413.498478646
905.200000000,425.200000000,9.090032108,5414.407481535
905.300000000,425.300000000,9.090038540,5415.316485067
905.400000000,425.400000000,9.090044971,5416.225489243
905.500000000,425.500000000,9.090051402,5417.134494061
905.600000000,425.600000000,9.090057834,5418.043499523
905.700000000,425.700000000,9.090064265,5418.952505628
905.800000000,425.800000000,9.090070696,5419.861512376
905.900000000,425.900000000,9.090077128,5420.770519767
906.000000000,426.000000000,9.090083559,5421.679527802
906.100000000,426.100000000,9.090090446,5422.588536502
906.200000000,426.200000000,9.090097484,5423.497545899
906.300000000,426.300000000,9.090104522,5424.406555999
906.400000000,426.400000000,9.090111560,5425.315566803
906.500000000,426.500000000,9.090118598,5426.224578311
906.600000000,426.600000000,9.090125637,5427.133590523
906.700000000,426.700000000,9.090132675,5428.042603438
906.800000000,426.800000000,9.090139713,5428.951617058
906.900000000,426.900000000,9.090146751,5429.860631381
907.000000000,427.000000000,9.090153789,5430.769646408
907.100000000,427.100000000,9.090161277,5431.678662161
907.200000000,427.200000000,9.090168914,5432.587678671
907.300000000,427.300000000,9.090176551,5433.496695944
907.400000000,427.400000000,9.090184189,5434.405713981
907.500000000,427.500000000,9.090191826,5435.314732782
907.600000000,427.600000000,9.090199463,5436.223752346
907.700000000,427.700000000,9.090207101,5437.132772674
907.800000000,427.800000000,9.090214738,5438.041793766
907.900000000,427.900000000,9.090222375,5438.950815622
908.000000000,428.000000000,9.090230013,5439.859838241
908.100000000,428.100000000,9.090238094,5440.768861647
908.200000000,428.200000000,9.090246322,5441.677885868
908.300000000,428.300000000,9.090254551,5442.586910911
908.400000000,428.400000000,9.090262780,5443.495936778
908.500000000,428.500000000,9.090271009,5444.404963467
908.600000000,428.600000000,9.090279238,5445.313990980
908.700000000,428.700000000,9.090287467,5446.223019315
908.800000000,428.800000000,9.090295696,5447.132048473
908.900000000,428.900000000,9.090303924,5448.041078454
909.000000000,429.000000000,9.090312153,5448.950109258
909.100000000,429.100000000,9.090320820,5449.859140906
909.200000000,429.200000000,9.090329633,5450.768173429
909.300000000,429.300000000,9.090338446,5451.677206833
909.400000000,429.400000000,9.090347259,5452.586241118
909.500000000,429.500000000,9.090356072,5453.495276285
909.600000000,429.600000000,9.090364885,5454.404312333
909.700000000,429.700000000,9.090373698,5455.313349262
909.800000000,429.800000000,9.090382511,5456.222387072
909.900000000,429.900000000,9.090391324,5457.131425764
910.000000000,430.000000000,9.090400137,5458.040465337
910.100000000,430.100000000,9.090409382,5458.949505813
910.200000000,430.200000000,9.090418772,5459.858547221
910.300000000,430.300000000,9.090428162,5460.767589567
910.400000000,430.400000000,9.090437552,5461.676632853
910.500000000,430.500000000,9.090446941,5462.585677078
910.600000000,430.600000000,9.090456331,5463.494722241
910.700000000,430.700000000,9.090465721,5464.403768344
910.800000000,430.800000000,9.090475111,5465.312815386
910.900000000,430.900000000,9.090484500,5466.221863366
911.000000000,431.000000000,9.090493890,5467.130912286
911.100000000,431.100000000,9.090503707,5468.039962165
911.200000000,431.200000000,9.090513667,5468.949013034
911.300000000,431.300000000,9.090523626,5469.858064899
911.400000000,431.400000000,9.090533585,5470.767117759
911.500000000,431.500000000,9.090543545,5471.676171616
911.600000000,431.600000000,9.090553504,5472.585226468
911.700000000,431.700000000,9.090563464,5473.494282317
911.800000000,431.800000000,9.090573423,5474.403339161
911.900000000,431.900000000,9.090583383,5475.312397001
912.000000000,432.000000000,9.090593342,5476.221455838
912.100000000,432.100000000,9.090603723,5477.130515691
912.200000000,432.200000000,9.090614245,5478.039576589
912.300000000,432.300000000,9.090624767,5478.948638540
912.400000000,432.400000000,9.090635290,5479.857701543
912.500000000,432.500000000,9.090645812,5480.766765598
912.600000000,432.600000000,9.090656334,5481.675830705
912.700000000,432.700000000,9.090666856,5482.584896865
912.800000000,432.800000000,9.090677378,5483.493964076
912.900000000,432.900000000,9.090687900,5484.403032340
913.000000000,433.000000000,9.090698422,5485.312101656
913.100000000,433.100000000,9.090709361,5486.221172045
913.200000000,433.200000000,9.090720439,5487.130243535
913.300000000,433.300000000,9.090731517,5488.039316133
913.400000000,433.400000000,9.090742594,5488.948389839
913.500000000,433.500000000,9.090753672,5489.857464652
913.600000000,433.600000000,9.090764750,5490.766540573
913.700000000,433.700000000,9.090775828,5491.675617602
913.800000000,433.800000000,9.090786906,5492.584695739
913.900000000,433.900000000,9.090797984,5493.493774983
914.000000000,434.000000000,9.090809062,5494.402855336
914.100000000,434.100000000,9.090820551,5495.311936816
914.200000000,434.200000000,9.090832178,5496.221019453
914.300000000,434.300000000,9.090843805,5497.130103252
914.400000000,434.400000000,9.090855432,5498.039188214
914.500000000,434.500000000,9.090867059,5498.948274338
914.600000000,434.600000000,9.090878686,5499.857361625
914.700000000,434.700000000,9.090890313,5500.766450075
914.800000000,434.800000000,9.090901939,5501.675539688
914.900000000,434.900000000,9.090913566,5502.584630463
915.000000000,435.000000000,9.090925193,5503.493722401
915.100000000,435.100000000,9.090937227,5504.402815522
915.200000000,435.200000000,9.090949396,5505.311909853
915.300000000,435.300000000,9.090961566,5506.221005401
915.400000000,435.400000000,9.090973735,5507.130102166
915.500000000,435.500000000,9.090985904,5508.039200148
915.600000000,435.600000000,9.090998073,5508.948299347
915.700000000,435.700000000,9.091010243,5509.857399763
915.800000000,435.800000000,9.091022412,5510.766501396
915.900000000,435.900000000,9.091034581,5511.675604246
916.000000000,436.000000000,9.091046751,5512.584708312
916.100000000,436.100000000,9.091059322,5513.493813616
916.200000000,436.200000000,9.091072027,5514.402920183
916.300000000,436.300000000,9.091084732,5515.312028021
916.400000000,436.400000000,9.091097438,5516.221137130
916.500000000,436.500000000,9.091110143,5517.130247509
916.600000000,436.600000000,9.091122848,5518.039359158
916.700000000,436.700000000,9.091135554,5518.948472078
916.800000000,436.800000000,9.091148259,5519.857586269
916.900000000,436.900000000,9.091160964,5520.766701730
917.000000000,437.000000000,9.091173669,5521.675818462
917.100000000,437.100000000,9.091186772,5522.584936484
917.200000000,437.200000000,9.091200007,5523.494055823
917.300000000,437.300000000,9.091213241,5524.403176485
917.400000000,437.400000000,9.091226476,5525.312298471
917.500000000,437.500000000,9.091239711,5526.221421780
917.600000000,437.600000000,9.091252946,5527.130546413
917.700000000,437.700000000,9.091266181,5528.039672370
917.800000000,437.800000000,9.091279416,5528.948799649
917.900000000,437.900000000,9.091292650,5529.857928253
918.000000000,438.000000000,9.091305885,5530.767058179
918.100000000,438.100000000,9.091319513,5531.676189449
918.200000000,438.200000000,9.091333271,5532.585322089
918.300000000,438.300000000,9.091347029,5533.494456104
918.400000000,438.400000000,9.091360787,5534.403591494
918.500000000,438.500000000,9.091374545,5535.312728261
918.600000000,438.600000000,9.091388304,5536.221866403
918.700000000,438.700000000,9.091402062,5537.131005922
918.800000000,438.800000000,9.091415820,5538.040146816
918.900000000,438.900000000,9.091429578,5538.949289086
919.000000000,439.000000000,9.091443336,5539.858432731
919.100000000,439.100000000,9.091457483,5540.767577772
919.200000000,439.200000000,9.091471758,5541.676724234
919.300000000,439.300000000,9.091486034,5542.585872124
919.400000000,439.400000000,9.091500309,5543.495021441
919.500000000,439.500000000,9.091514585,5544.404172186
919.600000000,439.600000000,9.091528860,5545.313324358
919.700000000,439.700000000,9.091543136,5546.222477958
919.800000000,439.800000000,9.091557411,5547.131632985
919.900000000,439.900000000,9.091571687,5548.040789440
920.000000000,440.000000000,9.091585962,5548.949947322
920.100000000,440.100000000,9.091600621,5549.859106652
920.200000000,440.200000000,9.091615408,5550.768267453
920.300000000,440.300000000,9.091630195,5551.677429733
920.400000000,440.400000000,9.091644981,5552.586593492
920.500000000,440.500000000,9.091659768,5553.495758729
920.600000000,440.600000000,9.091674555,5554.404925446
920.700000000,440.700000000,9.091689341,5555.314093640
920.800000000,440.800000000,9.091704128,5556.223263314
920.900000000,440.900000000,9.091718915,5557.132434466
921.000000000,441.000000000,9.091733702,5558.041607097
921.100000000,441.100000000,9.091748867,5558.950781225
921.200000000,441.200000000,9.091764159,5559.859956877
921.300000000,441.300000000,9.091779451,5560.769134057
921.400000000,441.400000000,9.091794744,5561.678312767
921.500000000,441.500000000,9.091810036,5562.587493006
921.600000000,441.600000000,9.091825328,5563.496674774
921.700000000,441.700000000,9.091840620,5564.405858071
921.800000000,441.800000000,9.091855912,5565.315042898
921.900000000,441.900000000,9.091871204,5566.224229254
922.000000000,442.000000000,9.091886496,5567.133417139
922.100000000,442.100000000,9.091902163,5568.042606572
922.200000000,442.200000000,9.091917954,5568.951797578
922.300000000,442.300000000,9.091933746,5569.860990163
922.400000000,442.400000000,9.091949537,5570.770184327
922.500000000,442.500000000,9.091965329,5571.679380070
922.600000000,442.600000000,9.091981121,5572.588577393
922.700000000,442.700000000,9.091996912,5573.497776294
922.800000000,442.800000000,9.092012704,5574.406976775
922.900000000,442.900000000,9.092028496,5575.316178835
923.000000000,443.000000000,9.092044287,5576.225382474
923.100000000,443.100000000,9.092060449,5577.134587711
923.200000000,443.200000000,9.092076735,5578.043794570
923.300000000,443.300000000,9.092093020,5578.953003058
923.400000000,443.400000000,9.092109306,5579.862213174
923.500000000,443.500000000,9.092125591,5580.771424919
923.600000000,443.600000000,9.092141877,5581.680638292
923.700000000,443.700000000,9.092158162,5582.589853294
923.800000000,443.800000000,9.092174448,5583.499069925
923.900000000,443.900000000,9.092190733,5584.408288184
924.000000000,444.000000000,9.092207019,5585.317508072
924.100000000,444.100000000,9.092223671,5586.226729606
924.200000000,444.200000000,9.092240444,5587.135952812
924.300000000,444.300000000,9.092257218,5588.045177695
924.400000000,444.400000000,9.092273992,5588.954404255
924.500000000,444.500000000,9.092290766,5589.863632493
924.600000000,444.600000000,9.092307540,5590.772862409
924.700000000,444.700000000,9.092324314,5591.682094001
924.800000000,444.800000000,9.092341087,5592.591327271
924.900000000,444.900000000,9.092357861,5593.500562219
925.000000000,445.000000000,9.092374635,5594.409798844
925.100000000,445.100000000,9.092391771,5595.319037164
925.200000000,445.200000000,9.092409028,5596.228277204
925.300000000,445.300000000,9.092426284,5597.137518969
925.400000000,445.400000000,9.092443541,5598.046762461
925.500000000,445.500000000,9.092460798,5598.956007678
925.600000000,445.600000000,9.092478055,5599.865254620
925.700000000,445.700000000,9.092495311,5600.774503289
925.800000000,445.800000000,9.092512568,5601.683753683
925.900000000,445.900000000,9.092529825,5602.593005802
926.000000000,446.000000000,9.092547081,5603.502259647
926.100000000,446.100000000,9.092564696,5604.411515236
926.200000000,446.200000000,9.092582430,5605.320772593
926.300000000,446.300000000,9.092600165,5606.230031722
926.400000000,446.400000000,9.092617899,5607.139292626
926.500000000,446.500000000,9.092635633,5608.048555302
926.600000000,446.600000000,9.092653367,5608.957819752
926.700000000,446.700000000,9.092671101,5609.867085976
926.800000000,446.800000000,9.092688836,5610.776353972
926.900000000,446.900000000,9.092706570,5611.685623743
927.000000000,447.000000000,9.092724304,5612.594895286
927.100000000,447.100000000,9.092742392,5613.504168621
927.200000000,447.200000000,9.092760599,5614.413443771
927.300000000,447.300000000,9.092778805,5615.322720741
927.400000000,447.400000000,9.092797012,5616.231999532
927.500000000,447.500000000,9.092815218,5617.141280143
927.600000000,447.600000000,9.092833425,5618.050562575
927.700000000,447.700000000,9.092851631,5618.959846828
927.800000000,447.800000000,9.092869838,5619.869132902
927.900000000,447.900000000,9.092888044,5620.778420796
928.000000000,448.000000000,9.092906250,5621.687710511
928.100000000,448.100000000,9.092924807,5622.597002063
928.200000000,448.200000000,9.092943481,5623.506295478
928.300000000,448.300000000,9.092962155,5624.415590760
928.400000000,448.400000000,9.092980828,5625.324887909
928.500000000,448.500000000,9.092999502,5626.234186925
928.600000000,448.600000000,9.093018176,5627.143487809
928.700000000,448.700000000,9.093036849,5628.052790560
928.800000000,448.800000000,9.093055523,5628.962095179
928.900000000,448.900000000,9.093074196,5629.871401665
929.000000000,449.000000000,9.093092870,5630.780710018
929.100000000,449.100000000,9.093111890,5631.690020256
929.200000000,449.200000000,9.093131026,5632.599332402
929.300000000,449.300000000,9.093150162,5633.508646462
929.400000000,449.400000000,9.093169298,5634.417962435
929.500000000,449.500000000,9.093188434,5635.327280321
929.600000000,449.600000000,9.093207570,5636.236600121
929.700000000,449.700000000,9.093226706,5637.145921835
929.800000000,449.800000000,9.093245841,5638.055245462
929.900000000,449.900000000,9.093264977,5638.964571003
930.000000000,450.000000000,9.093284113,5639.873898458
930.100000000,450.100000000,9.093303592,5640.783227843
930.200000000,450.200000000,9.093323185,5641.692559182
930.300000000,450.300000000,9.093342777,5642.601892480
930.400000000,450.400000000,9.093362370,5643.511227737
930.500000000,450.500000000,9.093381963,5644.420564954
930.600000000,450.600000000,9.093401556,5645.329904130
930.700000000,450.700000000,9.093421149,5646.239245265
930.800000000,450.800000000,9.093440741,5647.148588360
930.900000000,450.900000000,9.093460334,5648.057933413
931.000000000,451.000000000,9.093479927,5648.967280427
931.100000000,451.100000000,9.093499859,5649.876629416
931.200000000,451.200000000,9.093519904,5650.785980404
931.300000000,451.300000000,9.093539949,5651.695333397
931.400000000,451.400000000,9.093559994,5652.604688394
931.500000000,451.500000000,9.093580039,5653.514045395
931.600000000,451.600000000,9.093600084,5654.423404402
931.700000000,451.700000000,9.093620129,5655.332765412
931.800000000,451.800000000,9.093640174,5656.242128427
931.900000000,451.900000000,9.093660219,5657.151493447
932.000000000,452.000000000,9.093680264,5658.060860471
932.100000000,452.100000000,9.093700645,5658.970229517
932.200000000,452.200000000,9.093721138,5659.879600606
932.300000000,452.300000000,9.093741631,5660.788973744
932.400000000,452.400000000,9.093762123,5661.698348932
932.500000000,452.500000000,9.093782616,5662.607726169
932.600000000,452.600000000,9.093803109,5663.517105455
932.700000000,452.700000000,9.093823602,5664.426486791
932.800000000,452.800000000,9.093844095,5665.335870176
932.900000000,452.900000000,9.093864587,5666.245255610
933.000000000,453.000000000,9.093885080,5667.154643093
933.100000000,453.100000000,9.093905905,5668.064032642
933.200000000,453.200000000,9.093926840,5668.973424280
933.300000000,453.300000000,9.093947776,5669.882818010
933.400000000,453.400000000,9.093968711,5670.792213835
933.500000000,453.500000000,9.093989646,5671.701611753
933.600000000,453.600000000,9.094010582,5672.611011764
933.700000000,453.700000000,9.094031517,5673.520413869
933.800000000,453.800000000,9.094052453,5674.429818067
933.900000000,453.900000000,9.094073388,5675.339224359
934.000000000,454.000000000,9.094094323,5676.248632745
934.100000000,454.100000000,9.094115587,5677.158043241
934.200000000,454.200000000,9.094136960,5678.067455868
934.300000000,454.300000000,9.094158334,5678.976870633
934.400000000,454.400000000,9.094179707,5679.886287535
934.500000000,454.500000000,9.094201080,5680.795706574
934.600000000,454.600000000,9.094222454,5681.705127751
934.700000000,454.700000000,9.094243827,5682.614551065
934.800000000,454.800000000,9.094265200,5683.523976516
934.900000000,454.900000000,9.094286574,5684.433404105
935.000000000,455.000000000,9.094307947,5685.342833831
935.100000000,455.100000000,9.094329644,5686.252265711
935.200000000,455.200000000,9.094351449,5687.161699765
935.300000000,455.300000000,9.094373253,5688.071136000
935.400000000,455.400000000,9.094395058,5688.980574416
935.500000000,455.500000000,9.094416863,5689.890015012
935.600000000,455.600000000,9.094438667,5690.799457788
935.700000000,455.700000000,9.094460472,5691.708902745
935.800000000,455.800000000,9.094482277,5692.618349883
935.900000000,455.900000000,9.094504081,5693.527799201
936.000000000,456.000000000,9.094525886,5694.437250699
936.100000000,456.100000000,9.094548007,5695.346704394
936.200000000,456.200000000,9.094570233,5696.256160306
936.300000000,456.300000000,9.094592459,5697.165618440
936.400000000,456.400000000,9.094614685,5698.075078797
936.500000000,456.500000000,9.094636911,5698.984541377
936.600000000,456.600000000,9.094659138,5699.894006180
936.700000000,456.700000000,9.094681364,5700.803473205
936.800000000,456.800000000,9.094703590,5701.712942453
936.900000000,456.900000000,9.094725816,5702.622413923
937.000000000,457.000000000,9.094748042,5703.531887616
937.100000000,457.100000000,9.094770588,5704.441363547
937.200000000,457.200000000,9.094793241,5705.350841739
937.300000000,457.300000000,9.094815893,5706.260322195
937.400000000,457.400000000,9.094838546,5707.169804917
937.500000000,457.500000000,9.094861198,5708.079289905
937.600000000,457.600000000,9.094883851,5708.988777157
937.700000000,457.700000000,9.094906503,5709.898266675
937.800000000,457.800000000,9.094929156,5710.807758458
937.900000000,457.900000000,9.094951808,5711.717252506
938.000000000,458.000000000,9.094974461,5712.626748819
938.100000000,458.100000000,9.094997428,5713.536247414
938.200000000,458.200000000,9.095020499,5714.445748310
938.300000000,458.300000000,9.095043571,5715.355251514
938.400000000,458.400000000,9.095066643,5716.264757024
938.500000000,458.500000000,9.095089715,5717.174264842
938.600000000,458.600000000,9.095112787,5718.083774967
938.700000000,458.700000000,9.095135859,5718.993287400
938.800000000,458.800000000,9.095158931,5719.902802139
938.900000000,458.900000000,9.095182003,5720.812319186
939.000000000,459.000000000,9.095205074,5721.721838540
939.100000000,459.100000000,9.095228458,5722.631360216
939.200000000,459.200000000,9.095251944,5723.540884236
939.300000000,459.300000000,9.095275431,5724.450410605
939.400000000,459.400000000,9.095298918,5725.359939323
939.500000000,459.500000000,9.095322405,5726.269470389
939.600000000,459.600000000,9.095345892,5727.179003804
939.700000000,459.700000000,9.095369378,5728.088539567
939.800000000,459.800000000,9.095392865,5728.998077679
939.900000000,459.900000000,9.095416352,5729.907618140
940.000000000,460.000000000,9.095439839,5730.817160950
940.100000000,460.100000000,9.095463634,5731.726706123
940.200000000,460.200000000,9.095487531,5732.636253681
940.300000000,460.300000000,9.095511429,5733.545803629
940.400000000,460.400000000,9.095535326,5734.455355967
940.500000000,460.500000000,9.095559223,5735.364910695
940.600000000,460.600000000,9.095583121,5736.274467812
940.700000000,460.700000000,9.095607018,5737.184027319
940.800000000,460.800000000,9.095630916,5738.093589216
940.900000000,460.900000000,9.095654813,5739.003153502
941.000000000,461.000000000,9.095678711,5739.912720178
941.100000000,461.100000000,9.095702913,5740.822289259
941.200000000,461.200000000,9.095727217,5741.731860766
941.300000000,461.300000000,9.095751521,5742.641434703
941.400000000,461.400000000,9.095775825,5743.551011070
941.500000000,461.500000000,9.095800129,5744.460589868
941.600000000,461.600000000,9.095824433,5745.370171096
941.700000000,461.700000000,9.095848736,5746.279754754
941.800000000,461.800000000,9.095873040,5747.189340843
941.900000000,461.900000000,9.095897344,5748.098929362
942.000000000,462.000000000,9.095921648,5749.008520312
942.100000000,462.100000000,9.095946254,5749.918113707
942.200000000,462.200000000,9.095970960,5750.827709568
942.300000000,462.300000000,9.095995667,5751.737307899
942.400000000,462.400000000,9.096020373,5752.646908701
942.500000000,462.500000000,9.096045079,5753.556511974
942.600000000,462.600000000,9.096069785,5754.466117717
942.700000000,462.700000000,9.096094492,5755.375725931
942.800000000,462.800000000,9.096119198,5756.285336615
942.900000000,462.900000000,9.096143904,5757.194949770
943.000000000,463.000000000,9.096168611,5758.104565396
943.100000000,463.100000000,9.096193616,5759.014183507
943.200000000,463.200000000,9.096218721,5759.923804124
943.300000000,463.300000000,9.096243825,5760.833427252
943.400000000,463.400000000,9.096268930,5761.743052889
943.500000000,463.500000000,9.096294035,5762.652681038
943.600000000,463.600000000,9.096319139,5763.562311696
943.700000000,463.700000000,9.096344244,5764.471944865
943.800000000,463.800000000,9.096369349,5765.381580545
943.900000000,463.900000000,9.096394453,5766.291218735
944.000000000,464.000000000,9.096419558,5767.200859436
944.100000000,464.100000000,9.096444959,5768.110502662
944.200000000,464.200000000,9.096470458,5769.020148432
944.300000000,464.300000000,9.096495957,5769.929796753
944.400000000,464.400000000,9.096521456,5770.839447624
944.500000000,464.500000000,9.096546955,5771.749101044
944.600000000,464.600000000,9.096572454,5772.658757015
944.700000000,464.700000000,9.096597954,5773.568415535
944.800000000,464.800000000,9.096623453,5774.478076606
944.900000000,464.900000000,9.096648952,5775.387740226
945.000000000,465.000000000,9.096674451,5776.297406396
945.100000000,465.100000000,9.096700243,5777.207075131
945.200000000,465.200000000,9.096726133,5778.116746449
945.300000000,465.300000000,9.096752023,5779.026420357
945.400000000,465.400000000,9.096777912,5779.936096854
945.500000000,465.500000000,9.096803802,5780.845775940
945.600000000,465.600000000,9.096829692,5781.755457614
945.700000000,465.700000000,9.096855582,5782.665141878
945.800000000,465.800000000,9.096881472,5783.574828731
945.900000000,465.900000000,9.096907361,5784.484518172
946.000000000,466.000000000,9.096933251,5785.394210203
946.100000000,466.100000000,9.096959432,5786.303904837
946.200000000,466.200000000,9.096985709,5787.213602094
946.300000000,466.300000000,9.097011987,5788.123301979
946.400000000,466.400000000,9.097038264,5789.033004492
946.500000000,466.500000000,9.097064542,5789.942709632
946.600000000,466.600000000,9.097090820,5790.852417400
946.700000000,466.700000000,9.097117097,5791.762127796
946.800000000,466.800000000,9.097143375,5792.671840819
946.900000000,466.900000000,9.097169652,5793.581556471
947.000000000,467.000000000,9.097195930,5794.491274750
947.100000000,467.100000000,9.097222495,5795.400995671
947.200000000,467.200000000,9.097249157,5796.310719254
947.300000000,467.300000000,9.097275819,5797.220445503
947.400000000,467.400000000,9.097302480,5798.130174418
947.500000000,467.500000000,9.097329142,5799.039905999
947.600000000,467.600000000,9.097355804,5799.949640246
947.700000000,467.700000000,9.097382465,5800.859377159
947.800000000,467.800000000,9.097409127,5801.769116739
947.900000000,467.900000000,9.097435789,5802.678858985
948.000000000,468.000000000,9.097462450,5803.588603897
948.100000000,468.100000000,9.097489397,5804.498351489
948.200000000,468.200000000,9.097516438,5805.408101781
948.300000000,468.300000000,9.097543479,5806.317854777
948.400000000,468.400000000,9.097570521,5807.227610477
948.500000000,468.500000000,9.097597562,5808.137368881
948.600000000,468.600000000,9.097624603,5809.047129989
948.700000000,468.700000000,9.097651645,5809.956893801
948.800000000,468.800000000,9.097678686,5810.866660318
948.900000000,468.900000000,9.097705728,5811.776429539
949.000000000,469.000000000,9.097732769,5812.686201464
949.100000000,469.100000000,9.097760092,5813.595976107
949.200000000,469.200000000,9.097787510,5814.505753487
949.300000000,469.300000000,9.097814927,5815.415533608
949.400000000,469.400000000,9.097842344,5816.325316472
949.500000000,469.500000000,9.097869762,5817.235102077
949.600000000,469.600000000,9.097897179,5818.144890424
949.700000000,469.700000000,9.097924596,5819.054681513
949.800000000,469.800000000,9.097952014,5819.964475344
949.900000000,469.900000000,9.097979431,5820.874271916
950.000000000,470.000000000,9.098006849,5821.784071230
950.100000000,470.100000000,9.098034545,5822.693873300
950.200000000,470.200000000,9.098062335,5823.603678144
950.300000000,470.300000000,9.098090125,5824.513485767
950.400000000,470.400000000,9.098117915,5825.423296169
950.500000000,470.500000000,9.098145705,5826.333109350
950.600000000,470.600000000,9.098173495,5827.242925310
950.700000000,470.700000000,9.098201285,5828.152744049
950.800000000,470.800000000,9.098229075,5829.062565567
950.900000000,470.900000000,9.098256865,5829.972389864
951.000000000,471.000000000,9.098284655,5830.882216940
951.100000000,471.100000000,9.098312722,5831.792046809
951.200000000,471.200000000,9.098340880,5832.701879489
951.300000000,471.300000000,9.098369039,5833.611714985
951.400000000,471.400000000,9.098397198,5834.521553297
951.500000000,471.500000000,9.098425357,5835.431394424
951.600000000,471.600000000,9.098453516,5836.341238368
951.700000000,471.700000000,9.098481675,5837.251085128
951.800000000,471.800000000,9.098509834,5838.160934703
951.900000000,471.900000000,9.098537993,5839.070787094
952.000000000,472.000000000,9.098566152,5839.980642302
952.100000000,472.100000000,9.098594584,5840.890500338
952.200000000,472.200000000,9.098623107,5841.800361223
952.300000000,472.300000000,9.098651630,5842.710224960
952.400000000,472.400000000,9.098680153,5843.620091549
952.500000000,472.500000000,9.098708677,5844.529960990
952.600000000,472.600000000,9.098737200,5845.439833284
952.700000000,472.700000000,9.098765723,5846.349708430
952.800000000,472.800000000,9.098794246,5847.259586429
952.900000000,472.900000000,9.098822769,5848.169467280
953.000000000,473.000000000,9.098851292,5849.079350983
953.100000000,473.100000000,9.098880085,5849.989237552
953.200000000,473.200000000,9.098908968,5850.899127004
953.300000000,473.300000000,9.098937851,5851.809019345
953.400000000,473.400000000,9.098966734,5852.718914574
953.500000000,473.500000000,9.098995617,5853.628812692
953.600000000,473.600000000,9.099024500,5854.538713698
953.700000000,473.700000000,9.099053383,5855.448617592
953.800000000,473.800000000,9.099082266,5856.358524375
953.900000000,473.900000000,9.099111149,5857.268434045
954.000000000,474.000000000,9.099140032,5858.178346605
954.100000000,474.100000000,9.099169182,5859.088262065
954.200000000,474.200000000,9.099198422,5859.998180445
954.300000000,474.300000000,9.099227661,5860.908101750
954.400000000,474.400000000,9.099256900,5861.818025978
954.500000000,474.500000000,9.099286139,5862.727953130
954.600000000,474.600000000,9.099315378,5863.637883205
954.700000000,474.700000000,9.099344617,5864.547816205
954.800000000,474.800000000,9.099373856,5865.457752129
954.900000000,474.900000000,9.099403095,5866.367690976
955.000000000,475.000000000,9.099432334,5867.277632748
955.100000000,475.100000000,9.099461838,5868.187577456
955.200000000,475.200000000,9.099491429,5869.097525120
955.300000000,475.300000000,9.099521021,5870.007475742
955.400000000,475.400000000,9.099550612,5870.917429324
955.500000000,475.500000000,9.099580204,5871.827385865
955.600000000,475.600000000,9.099609795,5872.737345365
955.700000000,475.700000000,9.099639387,5873.647307824
955.800000000,475.800000000,9.099668979,5874.557273242
955.900000000,475.900000000,9.099698570,5875.467241619
956.000000000,476.000000000,9.099728162,5876.377212956
956.100000000,476.100000000,9.099758015,5877.287187265
956.200000000,476.200000000,9.099787956,5878.197164563
956.300000000,476.300000000,9.099817896,5879.107144856
956.400000000,476.400000000,9.099847837,5880.017128143
956.500000000,476.500000000,9.099877777,5880.927114423
956.600000000,476.600000000,9.099907718,5881.837103698
956.700000000,476.700000000,9.099937659,5882.747095967
956.800000000,476.800000000,9.099967599,5883.657091230
956.900000000,476.900000000,9.099997540,5884.567089487
957.000000000,477.000000000,9.100027480,5885.477090738
957.100000000,477.100000000,9.100057680,5886.387094996
957.200000000,477.200000000,9.100087967,5887.297102278
957.300000000,477.300000000,9.100118253,5888.207112589
957.400000000,477.400000000,9.100148539,5889.117125929
957.500000000,477.500000000,9.100178826,5890.027142297
957.600000000,477.600000000,9.100209112,5890.937161694
957.700000000,477.700000000,9.100239398,5891.847184119
957.800000000,477.800000000,9.100269684,5892.757209574
957.900000000,477.900000000,9.100299971,5893.667238056
958.000000000,478.000000000,9.100330257,5894.577269568
958.100000000,478.100000000,9.100360800,5895.487304121
958.200000000,478.200000000,9.100391429,5896.397341732
958.300000000,478.300000000,9.100422058,5897.307382406
958.400000000,478.400000000,9.100452686,5898.217426144
958.500000000,478.500000000,9.100483315,5899.127472944
958.600000000,478.600000000,9.100513944,5900.037522807
958.700000000,478.700000000,9.100544573,5900.947575732
958.800000000,478.800000000,9.100575201,5901.857631721
958.900000000,478.900000000,9.100605830,5902.767690773
959.000000000,479.000000000,9.100636459,5903.677752887
959.100000000,479.100000000,9.100667367,5904.587818078
959.200000000,479.200000000,9.100698369,5905.497886365
959.300000000,479.300000000,9.100729370,5906.407957752
959.400000000,479.400000000,9.100760371,5907.318032239
959.500000000,479.500000000,9.100791373,5908.228109826
959.600000000,479.600000000,9.100822374,5909.138190514
959.700000000,479.700000000,9.100853376,5910.048274301
959.800000000,479.800000000,9.100884377,5910.958361189
959.900000000,479.900000000,9.100915379,5911.868451177
960.000000000,480.000000000,9.100946380,5912.778544265
