time_h,cycle,phase,dt_s,applied_boundary_head_cm,drywell_net_flux_to_well_m3_s,well_to_soil_flux_m3_s,soil_to_well_flux_m3_s,step_well_to_soil_m3,step_soil_to_well_m3,step_net_to_soil_m3,step_well_storage_change_m3,step_external_supply_m3,cumulative_wetting_well_to_soil_m3,cumulative_wetting_soil_to_well_m3,cumulative_wetting_net_to_soil_m3,cumulative_drainage_well_to_soil_m3,cumulative_drainage_soil_to_well_m3,cumulative_drainage_net_to_soil_m3,cumulative_total_well_to_soil_m3,cumulative_total_soil_to_well_m3,cumulative_total_net_to_soil_m3,cumulative_external_supply_m3,reservoir_state_head_cm,reservoir_state_storage_m3
0.0003,1,wetting,1.08,0.72,-1.58021137218621e-06,1.58021137218621e-06,0,1.70662828196111e-06,0,1.70662828196111e-06,0.00841670371008549,0.00841841033836745,1.70662828196111e-06,0,1.70662828196111e-06,0,0,0,1.70662828196111e-06,0,1.70662828196111e-06,0.00841841033836745,1200,14.0278395168091
0.000725,1,wetting,1.53,1.74,-1.64031567487558e-06,1.64031567487558e-06,0,2.50968298255964e-06,0,2.50968298255964e-06,0.0119236635892878,0.0119261732722703,4.21631126452075e-06,0,4.21631126452075e-06,0,0,0,4.21631126452075e-06,0,4.21631126452075e-06,0.0203445836106378,1200,14.0278395168091
0.00138611111111111,1,wetting,2.38,3.32666666666667,-2.18452544027722e-06,2.18452544027722e-06,0,5.19917054785979e-06,0,5.19917054785979e-06,0.0185479211388921,0.0185531203094399,9.41548181238054e-06,0,9.41548181238054e-06,0,0,0,9.41548181238054e-06,0,9.41548181238054e-06,0.0388977039200777,1200,14.0278395168091
0.00241450617283951,1,wetting,3.70222222222222,5.79481481481482,-2.39212383052519e-06,2.39212383052519e-06,0,8.8561740036777e-06,0,8.8561740036777e-06,0.0288523217716099,0.0288611779456136,1.82716558160582e-05,0,1.82716558160582e-05,0,0,0,1.82716558160582e-05,0,1.82716558160582e-05,0.0677588818656913,1200,14.0278395168091
0.00401423182441701,1,wetting,5.75901234567901,9.63415637860082,-3.04484749278268e-06,3.04484749278268e-06,0,1.75353143016452e-05,0,1.75353143016452e-05,0.0448813894225043,0.044898924736806,3.58069701177035e-05,0,3.58069701177035e-05,0,0,0,3.58069701177035e-05,0,3.58069701177035e-05,0.112657806602497,1200,14.0278395168091
0.00650269394909313,1,wetting,8.95846364883402,15.6064654778235,-4.11566297183032e-06,4.11566297183032e-06,0,3.68700171239941e-05,0,3.68700171239941e-05,0.069815494657229,0.069852364674353,7.26769872416976e-05,0,7.26769872416976e-05,0,0,0,7.26769872416976e-05,0,7.26769872416976e-05,0.18251017127685,1200,14.0278395168091
0.0103736350319226,1,wetting,13.9353878981863,24.8967240766143,-6.47355564526667e-06,6.47355564526667e-06,0,9.02115089972844e-05,0,9.02115089972844e-05,0.108601880577912,0.108692092086909,0.000162888496238982,0,0.000162888496238982,0,0,0,0.000162888496238982,0,0.000162888496238982,0.291202263363759,1200,14.0278395168091
0.0131155516322602,1,wetting,9.87089976121526,31.4773239174245,-8.63289424524635e-06,8.63289424524635e-06,0,8.52144337439988e-05,0,8.52144337439988e-05,0.0769263320760208,0.0770115465097648,0.000248102929982981,0,0.000248102929982981,0,0,0,0.000248102929982981,0,0.000248102929982981,0.368213809873524,1200,14.0278395168091
0.0150577425574993,1,wetting,6.99188733086081,36.1385821379984,-1.08735616266929e-05,1.08735616266929e-05,0,7.60267177790087e-05,0,7.60267177790087e-05,0.0544894852205147,0.0545655119382937,0.00032412964776199,0,0.00032412964776199,0,0,0,0.00032412964776199,0,0.00032412964776199,0.422779321811818,1200,14.0278395168091
0.0178091797015881,1,wetting,9.90517371871949,42.7420312838114,-1.69740501495876e-05,1.69740501495876e-05,0,0.000168130915441921,0,0.000168130915441921,0.0771934373957292,0.0773615683111711,0.000492260563203911,0,0.000492260563203911,0,0,0,0.000492260563203911,0,0.000492260563203911,0.500140890122989,1200,14.0278395168091
0.0186881110115053,1,wetting,3.16415271570206,44.8514664276128,-1.99976561388389e-05,1.99976561388389e-05,0,6.3275637979383e-05,0,6.3275637979383e-05,0.0246590147236357,0.0247222903616151,0.000555536201183294,0,0.000555536201183294,0,0,0,0.000555536201183294,0,0.000555536201183294,0.524863180484604,1200,14.0278395168091
0.0199332637005547,1,wetting,4.48254968057792,47.8398328813314,-3.134874070881e-05,3.134874070881e-05,0,0.000140522287650796,0,0.000140522287650796,0.0349336041918173,0.0350741264794681,0.00069605848883409,0,0.00069605848883409,0,0,0,0.00069605848883409,0,0.00069605848883409,0.559937306964072,1200,14.0278395168091
0.0215242921365623,1,wetting,5.72770236962734,51.6583011277496,-9.41335617717774e-05,9.41335617717774e-05,0,0.000539169024821671,0,0.000539169024821671,0.0446373831339887,0.0451765521588104,0.00123522751365576,0,0.00123522751365576,0,0,0,0.00123522751365576,0,0.00123522751365576,0.605113859122882,1200,14.0278395168091
0.0228880307959974,1,wetting,4.90945917396629,54.9312739103938,-9.78243980259135e-05,9.78243980259135e-05,0,0.000480264888326051,0,0.000480264888326051,0.0382606141148475,0.0387408790031735,0.00171549240198181,0,0.00171549240198181,0,0,0,0.00171549240198181,0,0.00171549240198181,0.643854738126056,1200,14.0278395168091
0.0244411776025762,1,wetting,5.59132850368383,58.658826246183,-0.000100029033691444,0.000100029033691444,0,0.000559295187274921,0,0.000559295187274921,0.0435745882974652,0.0441338834847401,0.00227478758925673,0,0.00227478758925673,0,0,0,0.00227478758925673,0,0.00227478758925673,0.687988621610796,1200,14.0278395168091
0.0262100392434022,1,wetting,6.36790190697325,62.9040941841652,-0.000104550895563619,0.000104550895563619,0,0.00066576984723533,0,0.00066576984723533,0.0496266144498908,0.0502923842971261,0.00294055743649206,0,0.00294055743649206,0,0,0,0.00294055743649206,0,0.00294055743649206,0.738281005907922,1200,14.0278395168091
0.0282245761121205,1,wetting,7.2523327273862,67.7389826690893,-0.000115858001659924,0.000115858001659924,0,0.000840240777167832,0,0.000840240777167832,0.0565191997901536,0.0573594405673215,0.00378079821365989,0,0.00378079821365989,0,0,0,0.00378079821365989,0,0.00378079821365989,0.795640446475244,1200,14.0278395168091
0.0295116413338017,1,wetting,4.63343479805229,70.8279392011242,-0.00013203801031124,0.00013203801031124,0,0.000611789511641685,0,0.000611789511641685,0.0361094887548202,0.0367212782664619,0.00439258772530158,0,0.00439258772530158,0,0,0,0.00439258772530158,0,0.00439258772530158,0.832361724741706,1200,14.0278395168091
0.0311562246726166,1,wetting,5.92050001973348,74.7749392142798,-0.000189201138730951,0.000189201138730951,0,0.00112016534559019,0,0.00112016534559019,0.0461399022978261,0.0472600676434162,0.00551275307089177,0,0.00551275307089177,0,0,0,0.00551275307089177,0,0.00551275307089177,0.879621792385122,1200,14.0278395168091
0.0328008080114314,1,wetting,5.92050001973348,78.7219392274355,-0.000216358330470745,0.000216358330470745,0,0.00128094949982155,0,0.00128094949982155,0.0461399022978258,0.0474208517976474,0.00679370257071332,0,0.00679370257071332,0,0,0,0.00679370257071332,0,0.00679370257071332,0.927042644182769,1200,14.0278395168091
0.0335056294423521,1,wetting,2.53735715131435,80.413510661645,-0.000223843014963705,0.000223843014963705,0,0.000567969674789922,0,0.000567969674789922,0.0197742438419253,0.0203422135167152,0.00736167224550324,0,0.00736167224550324,0,0,0,0.00736167224550324,0,0.00736167224550324,0.947384857699484,1200,14.0278395168091
0.0343083427386784,1,wetting,2.88976786677468,82.3400225728281,-0.000240063141609191,0.000240063141609191,0,0.000693726752619218,0,0.000693726752619218,0.0225206665977484,0.0232143933503676,0.00805539899812246,0,0.00805539899812246,0,0,0,0.00805539899812246,0,0.00805539899812246,0.970599251049852,1200,14.0278395168091
0.0353340319506509,1,wetting,3.69248116310098,84.8016766815621,-0.00029692865858351,0.00029692865858351,0,0.00109640347860445,0,0.00109640347860445,0.0287764073193454,0.0298728107979498,0.00915180247672691,0,0.00915180247672691,0,0,0,0.00915180247672691,0,0.00915180247672691,1.0004720618478,1200,14.0278395168091
0.0365021779976196,1,wetting,4.20532576908722,87.605227194287,-0.000310329587112733,0.000310329587112733,0,0.00130503700959537,0,0.00130503700959537,0.0327731305581429,0.0340781675677383,0.0104568394863223,0,0.0104568394863223,0,0,0,0.0104568394863223,0,0.0104568394863223,1.03455022941554,1200,14.0278395168091
0.0371673722743656,1,wetting,2.39469939628578,89.2016934584775,-0.000321106600483614,0.000321106600483614,0,0.000768953782321489,0,0.000768953782321489,0.018662477123387,0.0194314309057085,0.0112257932686438,0,0.0112257932686438,0,0,0,0.0112257932686438,0,0.0112257932686438,1.05398166032125,1200,14.0278395168091
0.0381097308330892,1,wetting,3.39249081140485,91.463353999414,-0.000380604894300463,0.000380604894300463,0,0.00129119860669004,0,0.00129119860669004,0.0264385092581316,0.0277297078648217,0.0125169918753338,0,0.0125169918753338,0,0,0,0.0125169918753338,0,0.0125169918753338,1.08171136818607,1200,14.0278395168091
0.0391829725249688,1,wetting,3.86367009076664,94.0391340599251,-0.000476322568655436,0.000476322568655436,0,0.00184035326207115,0,0.00184035326207115,0.0301105244328721,0.0319508776949432,0.014357345137405,0,0.014357345137405,0,0,0,0.014357345137405,0,0.014357345137405,1.11366224588101,1200,14.0278395168091
0.0398984669862219,1,wetting,2.57578006051109,95.7563207669325,-0.000512812308309323,0.000512812308309323,0,0.00132089171852782,0,0.00132089171852782,0.0200736829552481,0.021394574673776,0.0156782368559328,0,0.0156782368559328,0,0,0,0.0156782368559328,0,0.0156782368559328,1.13505682055479,1200,14.0278395168091
0.0407133356782046,1,wetting,2.93352729113763,97.712005627691,-0.000538787025704316,0.000538787025704316,0,0.00158054644401448,0,0.00158054644401448,0.0228616944768105,0.024442240920825,0.0172587832999473,0,0.0172587832999473,0,0,0,0.0172587832999473,0,0.0172587832999473,1.15949906147561,1200,14.0278395168091
0.0417545567846269,1,wetting,3.74839598312031,100.210936283105,-0.000604993729374607,0.000604993729374607,0,0.00226775606500075,0,0.00226775606500075,0.0292121651648132,0.0314799212298139,0.019526539364948,0,0.019526539364948,0,0,0,0.019526539364948,0,0.019526539364948,1.19097898270543,1200,14.0278395168091
0.0429403919336078,1,wetting,4.26900653633146,103.056940640659,-0.000813960236744103,0.000813960236744103,0,0.00347480157097448,0,0.00347480157097448,0.0332694103265927,0.0367442118975672,0.0230013409359225,0,0.0230013409359225,0,0,0,0.0230013409359225,0,0.0230013409359225,1.227723194603,1200,14.0278395168091
0.0441262270825888,1,wetting,4.26900653633146,105.902944998213,-0.000921700711863713,0.000921700711863713,0,0.00393474636348755,0,0.00393474636348755,0.0332694103265929,0.0372041566900805,0.02693608729941,0,0.02693608729941,0,0,0,0.02693608729941,0,0.02693608729941,1.26492735129308,1200,14.0278395168091
0.0453120622315698,1,wetting,4.26900653633146,108.748949355767,-0.000931512159035634,0.000931512159035634,0,0.00397663149559535,0,0.00397663149559535,0.0332694103265927,0.037246041822188,0.0309127187950054,0,0.0309127187950054,0,0,0,0.0309127187950054,0,0.0309127187950054,1.30217339311526,1200,14.0278395168091
0.0466625967067981,1,wetting,4.86192411082194,111.990232096315,-0.00097523028016305,0.00097523028016305,0,0.00474149561272837,0,0.00474149561272837,0.037890161760842,0.0426316573735704,0.0356542144077338,0,0.0356542144077338,0,0,0,0.0356542144077338,0,0.0356542144077338,1.34480505048883,1200,14.0278395168091
0.048200705414697,1,wetting,5.5371913484361,115.681692995273,-0.00101486406012109,0.00101486406012109,0,0.00561949649354122,0,0.00561949649354122,0.0431526842276251,0.0487721807211663,0.041273710901275,0,0.041273710901275,0,0,0,0.041273710901275,0,0.041273710901275,1.39357723121,1200,14.0278395168091
0.0495190843071818,1,wetting,4.74616401294523,118.845802337236,-0.000987684477959331,0.000987684477959331,0,0.00468771252543517,0,0.00468771252543517,0.0369880150522504,0.0416757275776855,0.0459614234267102,0,0.0459614234267102,0,0,0,0.0459614234267102,0,0.0459614234267102,1.43525295878769,1200,14.0278395168091
0.0508374631996666,1,wetting,4.74616401294523,122.0099116792,-0.000933827330551056,0.000933827330551056,0,0.00443209767056613,0,0.00443209767056613,0.0369880150522501,0.0414201127228163,0.0503935210972763,0,0.0503935210972763,0,0,0,0.0503935210972763,0,0.0503935210972763,1.4766730715105,1200,14.0278395168091
0.0523389502716631,1,wetting,5.40535345918762,125.613480651991,-0.000923047950307886,0.000923047950307886,0,0.00498940043119277,0,0.00498940043119277,0.0421252393650628,0.0471146397962556,0.0553829215284691,0,0.0553829215284691,0,0,0,0.0553829215284691,0,0.0553829215284691,1.52378771130676,1200,14.0278395168091
0.0540489772147703,1,wetting,6.1560969951859,129.717545315449,-0.000902953856675789,0.000902953856675789,0,0.00555867152387335,0,0.00555867152387335,0.0479759670546551,0.0535346385785285,0.0609415930523424,0,0.0609415930523424,0,0,0,0.0609415930523424,0,0.0609415930523424,1.57732234988529,1200,14.0278395168091
0.0559965078999757,1,wetting,7.0111104667395,134.391618959942,-0.00093550667151952,0.00093550667151952,0,0.00655894061639514,0,0.00655894061639514,0.0546392958122455,0.0611982364286406,0.0675005336687376,0,0.0675005336687376,0,0,0,0.0675005336687376,0,0.0675005336687376,1.63852058631393,1200,14.0278395168091
0.0579440385851811,1,wetting,7.0111104667395,139.065692604435,-0.00100140620523622,0.00100140620523622,0,0.00702096952698958,0,0.00702096952698958,0.0546392958122457,0.0616602653392353,0.0745215031957271,0,0.0745215031957271,0,0,0,0.0745215031957271,0,0.0745215031957271,1.70018085165316,1200,14.0278395168091
0.0592423923753181,1,wetting,4.674073644493,142.181741700763,-0.000985079785658682,0.000985079785658682,0,0.00460433546387006,0,0.00460433546387006,0.0364261972081645,0.0410305326720346,0.0791258386595972,0,0.0791258386595972,0,0,0,0.0791258386595972,0,0.0791258386595972,1.7412113843252,1200,14.0278395168091
0.0609013999960486,1,wetting,5.97242743462994,146.163359990517,-0.000946619222708792,0.000946619222708792,0,0.00565361461585406,0,0.00565361461585406,0.0465445853215425,0.0521981999373965,0.0847794532754513,0,0.0847794532754513,0,0,0,0.0847794532754513,0,0.0847794532754513,1.79340958426259,1200,14.0278395168091
0.0627908253418806,1,wetting,6.80193124499521,150.697980820514,-0.000940323916334271,0.000940323916334271,0,0.00639601862693034,0,0.00639601862693034,0.0530091110606459,0.0594051296875762,0.0911754719023816,0,0.0911754719023816,0,0,0,0.0911754719023816,0,0.0911754719023816,1.85281471395017,1200,14.0278395168091
0.0649426708746337,1,wetting,7.74664391791122,155.862410099121,-0.000983884175792633,0.000983884175792633,0,0.00762180036633309,0,0.00762180036633309,0.0603714875968469,0.0679932879631799,0.0987972722687147,0,0.0987972722687147,0,0,0,0.0987972722687147,0,0.0987972722687147,1.92080800191335,1200,14.0278395168091
0.0667871099027079,1,wetting,6.63998050106676,160.289063766499,-0.000998246425207922,0.000998246425207922,0,0.00662833679864019,0,0.00662833679864019,0.0517469893687257,0.0583753261673659,0.105425609067355,0,0.105425609067355,0,0,0,0.105425609067355,0,0.105425609067355,1.97918332808072,1200,14.0278395168091
0.0688877210180145,1,wetting,7.56220001510381,165.330530443235,-0.000997065632480805,0.000997065632480805,0,0.00754000974100583,0,0.00754000974100583,0.0589340712254935,0.0664740809664994,0.112965618808361,0,0.112965618808361,0,0,0,0.112965618808361,0,0.112965618808361,2.04565740904722,1200,14.0278395168091
0.0709883321333211,1,wetting,7.56220001510381,170.371997119971,-0.00105767726599286,0.00105767726599286,0,0.00799836703686613,0,0.00799836703686613,0.0589340712254931,0.0669324382623592,0.120963985845227,0,0.120963985845227,0,0,0,0.120963985845227,0,0.120963985845227,2.11258984730957,1200,14.0278395168091
0.0720386376909744,1,wetting,3.7811000075519,172.892730458339,-0.00106405065574335,0.00106405065574335,0,0.00402328194246678,0,0.00402328194246678,0.0294670356127467,0.0334903175552134,0.124987267787694,0,0.124987267787694,0,0,0,0.124987267787694,0,0.124987267787694,2.14608016486479,1200,14.0278395168091
0.073234819020524,1,wetting,4.30625278637856,175.763565649258,-0.00106606429706353,0.00106606429706353,0,0.00459074234968852,0,0.00459074234968852,0.0335596794478503,0.0381504217975388,0.129578010137382,0,0.129578010137382,0,0,0,0.129578010137382,0,0.129578010137382,2.18423058666233,1200,14.0278395168091
0.0747632729416151,1,wetting,5.50243411592815,179.431855059876,-0.00113280984942448,0.00113280984942448,0,0.00623321156233271,0,0.00623321156233271,0.042881812627809,0.0491150241901417,0.135811221699715,0,0.135811221699715,0,0,0,0.135811221699715,0,0.135811221699715,2.23334561085247,1200,14.0278395168091
0.0762917268627063,1,wetting,5.50243411592815,183.100144470495,-0.00114419669849229,0.00114419669849229,0,0.00629586694911632,0,0.00629586694911632,0.0428818126278081,0.0491776795769244,0.142107088648831,0,0.142107088648831,0,0,0,0.142107088648831,0,0.142107088648831,2.28252329042939,1200,14.0278395168091
0.0778201807837974,1,wetting,5.50243411592815,186.768433881114,-0.00121153443022763,0.00121153443022763,0,0.00666638838150608,0,0.00666638838150608,0.042881812627809,0.0495482010093151,0.148773477030337,0,0.148773477030337,0,0,0,0.148773477030337,0,0.148773477030337,2.33207149143871,1200,14.0278395168091
0.0793486347048886,1,wetting,5.50243411592815,190.436723291733,-0.00120683881426502,0.00120683881426502,0,0.00664055106403811,0,0.00664055106403811,0.042881812627809,0.0495223636918471,0.155414028094375,0,0.155414028094375,0,0,0,0.155414028094375,0,0.155414028094375,2.38159385513055,1200,14.0278395168091
0.0808770886259798,1,wetting,5.50243411592815,194.105012702351,-0.00126099442194361,0.00126099442194361,0,0.00693853872729761,0,0.00693853872729761,0.042881812627809,0.0498203513551066,0.162352566821673,0,0.162352566821673,0,0,0,0.162352566821673,0,0.162352566821673,2.43141420648566,1200,14.0278395168091
0.0824055425470709,1,wetting,5.50243411592815,197.77330211297,-0.00127821653586957,0.00127821653586957,0,0.00703330227451224,0,0.00703330227451224,0.0428818126278094,0.0499151149023217,0.169385869096185,0,0.169385869096185,0,0,0,0.169385869096185,0,0.169385869096185,2.48132932138798,1200,14.0278395168091
0.0839339964681621,1,wetting,5.50243411592815,201.441591523589,-0.00134893318720159,0.00134893318720159,0,0.00742241598936574,0,0.00742241598936574,0.0428818126278081,0.0503042286171738,0.176808285085551,0,0.176808285085551,0,0,0,0.176808285085551,0,0.176808285085551,2.53163355000516,1200,14.0278395168091
0.0852440998290974,1,wetting,4.71637209936699,204.585839589834,-0.0013600190859119,0.0013600190859119,0,0.00641435607140146,0,0.00641435607140146,0.0367558393952647,0.0431701954666662,0.183222641156952,0,0.183222641156952,0,0,0,0.183222641156952,0,0.183222641156952,2.57480374547182,1200,14.0278395168091
0.0867361619901625,1,wetting,5.37142377983463,208.16678877639,-0.00151774744850664,0.00151774744850664,0,0.00815246473669191,0,0.00815246473669191,0.0418608170890513,0.0500132818257432,0.191375105893644,0,0.191375105893644,0,0,0,0.191375105893644,0,0.191375105893644,2.62481702729757,1200,14.0278395168091
0.0874821930706951,1,wetting,2.68571188991731,209.957263369668,-0.00153351632808751,0.00153351632808751,0,0.00411858303572696,0,0.00411858303572696,0.0209304085445257,0.0250489915802526,0.195493688929371,0,0.195493688929371,0,0,0,0.195493688929371,0,0.195493688929371,2.64986601887782,1200,14.0278395168091
0.0883318395790794,1,wetting,3.05872743018361,211.996414989791,-0.00150597606238665,0.00150597606238665,0,0.00460637029122193,0,0.00460637029122193,0.0238374097312652,0.0284437800224872,0.200100059220593,0,0.200100059220593,0,0,0,0.200100059220593,0,0.200100059220593,2.67830979890031,1200,14.0278395168091
0.0894174990064594,1,wetting,3.90837393856794,214.601997615503,-0.00148911992719316,0.00148911992719316,0,0.00582003751484396,0,0.00582003751484396,0.0304589124343946,0.0362789499492385,0.205920096735437,0,0.205920096735437,0,0,0,0.205920096735437,0,0.205920096735437,2.71458874884955,1200,14.0278395168091
0.09065394446542,1,wetting,4.45120365225793,217.569466717008,-0.00156092070637117,0.00156092070637117,0,0.00694797594908437,0,0.00694797594908437,0.034689316939172,0.0416372928882564,0.212868072684521,0,0.212868072684521,0,0,0,0.212868072684521,0,0.212868072684521,2.7562260417378,1200,14.0278395168091
0.0913580314628836,1,wetting,2.5347131908691,219.259275510921,-0.00161623471122585,0.00161623471122585,0,0.00409669144208468,0,0.00409669144208468,0.0197536388125839,0.0238503302546685,0.216964764126606,0,0.216964764126606,0,0,0,0.216964764126606,0,0.216964764126606,2.78007637199247,1200,14.0278395168091
0.0921599083211061,1,wetting,2.88675668960092,221.183779970655,-0.00167126038643764,0.00167126038643764,0,0.00482452210061387,0,0.00482452210061387,0.0224971997587762,0.02732172185939,0.22178928622722,0,0.22178928622722,0,0,0,0.22178928622722,0,0.22178928622722,2.80739809385186,1200,14.0278395168091
0.0930731569651928,1,wetting,3.28769511871216,223.375576716463,-0.0017387871003593,0.0017387871003593,0,0.00571660186233095,0,0.00571660186233095,0.0256218108363839,0.0313384126987149,0.227505888089551,0,0.227505888089551,0,0,0,0.227505888089551,0,0.227505888089551,2.83873650655058,1200,14.0278395168091
0.094113245698736,1,wetting,3.74431944075551,225.871789676966,-0.00174593414227342,0.00174593414227342,0,0.00653733515119319,0,0.00653733515119319,0.0291803956747709,0.0357177308259641,0.234043223240744,0,0.234043223240744,0,0,0,0.234043223240744,0,0.234043223240744,2.87445423737654,1200,14.0278395168091
0.0952977912008269,1,wetting,4.26436380752711,228.714698881985,-0.00186766817004987,0.00186766817004987,0,0.00796441654883107,0,0.00796441654883107,0.0332332284073775,0.0411976449562086,0.242007639789575,0,0.242007639789575,0,0,0,0.242007639789575,0,0.242007639789575,2.91565188233275,1200,14.0278395168091
0.0963131159169048,1,wetting,3.65516897788038,231.151478200571,-0.00191325175069549,0.00191325175069549,0,0.00699325844601748,0,0.00699325844601748,0.0284856243491807,0.0354788827951981,0.249000898235593,0,0.249000898235593,0,0,0,0.249000898235593,0,0.249000898235593,2.95113076512795,1200,14.0278395168091
0.0973284406329827,1,wetting,3.65516897788038,233.588257519158,-0.00186059759423446,0.00186059759423446,0,0.00680079860676467,0,0.00680079860676467,0.0284856243491811,0.0352864229559458,0.255801696842357,0,0.255801696842357,0,0,0,0.255801696842357,0,0.255801696842357,2.98641718808389,1200,14.0278395168091
0.098484782670738,1,wetting,4.16283133591932,236.363478409771,-0.00196875159606909,0.00196875159606909,0,0.00819558083675759,0,0.00819558083675759,0.0324419610643445,0.0406375419011021,0.263997277679115,0,0.263997277679115,0,0,0,0.263997277679115,0,0.263997277679115,3.02705472998499,1200,14.0278395168091
0.0996411247084934,1,wetting,4.16283133591932,239.138699300384,-0.00200139186079981,0.00200139186079981,0,0.00833145675359135,0,0.00833145675359135,0.0324419610643449,0.0407734178179363,0.272328734432706,0,0.272328734432706,0,0,0,0.272328734432706,0,0.272328734432706,3.06782814780293,1200,14.0278395168091
0.100797466746249,1,wetting,4.16283133591932,241.913920190997,-0.00197941029243933,0.00197941029243933,0,0.0082399511920077,0,0.0082399511920077,0.0324419610643454,0.0406819122563531,0.280568685624714,0,0.280568685624714,0,0,0,0.280568685624714,0,0.280568685624714,3.10851006005928,1200,14.0278395168091
0.102114411844803,1,wetting,4.74100235479701,245.074588427528,-0.00191523984248146,0.00191523984248146,0,0.00908015660320565,0,0.00908015660320565,0.0369477889899477,0.0460279455931533,0.28964884222792,0,0.28964884222792,0,0,0,0.28964884222792,0,0.28964884222792,3.15453800565244,1200,14.0278395168091
0.10379717502629,1,wetting,6.05794745335173,249.113220063096,-0.00189014898742618,0.00189014898742618,0,0.0114504232448338,0,0.0114504232448338,0.0472110637093786,0.0586614869542123,0.301099265472754,0,0.301099265472754,0,0,0,0.301099265472754,0,0.301099265472754,3.21319949260665,1200,14.0278395168091
0.105479938207777,1,wetting,6.05794745335173,253.151851698664,-0.00194850027622862,0.00194850027622862,0,0.0118039122862343,0,0.0118039122862343,0.0472110637093781,0.0590149759956124,0.312903177758988,0,0.312903177758988,0,0,0,0.312903177758988,0,0.312903177758988,3.27221446860226,1200,14.0278395168091
0.10632131979852,1,wetting,3.02897372667587,255.171167516448,-0.00196150054938553,0.00196150054938553,0,0.00594133362894905,0,0.00594133362894905,0.0236055318546886,0.0295468654836377,0.318844511387937,0,0.318844511387937,0,0,0,0.318844511387937,0,0.318844511387937,3.3017613340859,1200,14.0278395168091
0.107279559943533,1,wetting,3.44966452204751,257.47094386448,-0.00200231587464008,0.00200231587464008,0,0.00690731803467841,0,0.00690731803467841,0.0268840779456188,0.0337913959802972,0.325751829422615,0,0.325751829422615,0,0,0,0.325751829422615,0,0.325751829422615,3.3355527300662,1200,14.0278395168091
0.108370888997576,1,wetting,3.92878459455411,260.090133594182,-0.0022219801458662,0.0022219801458662,0,0.00872968136648421,0,0.00872968136648421,0.0306179776602868,0.0393476590267711,0.334481510789099,0,0.334481510789099,0,0,0,0.334481510789099,0,0.334481510789099,3.37490038909297,1200,14.0278395168091
0.109025686430002,1,wetting,2.35727075673247,261.661647432004,-0.00224845243756407,0.00224845243756407,0,0.00530021117897362,0,0.00530021117897362,0.0183707865961731,0.0236709977751467,0.339781721968073,0,0.339781721968073,0,0,0,0.339781721968073,0,0.339781721968073,3.39857138686811,1200,14.0278395168091
0.109680483862427,1,wetting,2.35727075673247,263.233161269826,-0.00222599566629083,0.00222599566629083,0,0.00524727448876058,0,0.00524727448876058,0.0183707865961718,0.0236180610849323,0.345028996456834,0,0.345028996456834,0,0,0,0.345028996456834,0,0.345028996456834,3.42218944795305,1200,14.0278395168091
0.110517169470527,1,wetting,3.01206818915815,265.241206729264,-0.00218128208753943,0.00218128208753943,0,0.00657017038745802,0,0.00657017038745802,0.0234737828728875,0.0300439532603455,0.351599166844292,0,0.351599166844292,0,0,0,0.351599166844292,0,0.351599166844292,3.45223340121339,1200,14.0278395168091
0.111586267747543,1,wetting,3.84875379725764,267.807042594103,-0.00215276331405143,0.00215276331405143,0,0.00828545597955238,0,0.00828545597955238,0.029994278115355,0.0382797340949074,0.359884622823844,0,0.359884622823844,0,0,0,0.359884622823844,0,0.359884622823844,3.4905131353083,1200,14.0278395168091
0.112952337768174,1,wetting,4.91785207427365,271.085610643619,-0.00217700242817038,0.00217700242817038,0,0.0107061759070765,0,0.0107061759070765,0.0383260220362871,0.0490321979433636,0.370590798730921,0,0.370590798730921,0,0,0,0.370590798730921,0,0.370590798730921,3.53954533325166,1200,14.0278395168091
0.114508139736116,1,wetting,5.60088708458944,274.819535366678,-0.00234436907627658,0.00234436907627658,0,0.0131305464808284,0,0.0131305464808284,0.0436490806524392,0.0567796271332676,0.383721345211749,0,0.383721345211749,0,0,0,0.383721345211749,0,0.383721345211749,3.59632496038493,1200,14.0278395168091
0.116063941704057,1,wetting,5.60088708458944,278.553460089738,-0.0023622745683589,0.0023622745683589,0,0.0132308331201754,0,0.0132308331201754,0.0436490806524392,0.0568799137726146,0.396952178331924,0,0.396952178331924,0,0,0,0.396952178331924,0,0.396952178331924,3.65320487415754,1200,14.0278395168091
0.117619743671999,1,wetting,5.60088708458944,282.287384812797,-0.00228644122464963,0.00228644122464963,0,0.012806099124813,0,0.012806099124813,0.0436490806524379,0.0564551797772509,0.409758277456737,0,0.409758277456737,0,0,0,0.409758277456737,0,0.409758277456737,3.7096600539348,1200,14.0278395168091
0.119391629246599,1,wetting,6.37878806856019,286.539910191838,-0.00226842253092581,0.00226842253092581,0,0.0144697865747227,0,0.0144697865747227,0.0497114529652776,0.0641812395400003,0.42422806403146,0,0.42422806403146,0,0,0,0.42422806403146,0,0.42422806403146,3.7738412934748,1200,14.0278395168091
0.121409610039893,1,wetting,7.26473085586022,291.383064095744,-0.00233683169641358,0.00233683169641358,0,0.0169764533298879,0,0.0169764533298879,0.0566158214326768,0.0735922747625648,0.441204517361348,0,0.441204517361348,0,0,0,0.441204517361348,0,0.441204517361348,3.84743356823736,1200,14.0278395168091
0.123139307862717,1,wetting,6.2269121621659,295.534338870522,-0.00233838584771456,0.00233838584771456,0,0.0145609232749704,0,0.0145609232749704,0.0485278469422945,0.0630887702172649,0.455765440636318,0,0.455765440636318,0,0,0,0.455765440636318,0,0.455765440636318,3.91052233845463,1200,14.0278395168091
0.124621905996566,1,wetting,5.33735328185649,299.092574391759,-0.00230988433225385,0.00230988433225385,0,0.012328668721464,0,0.012328668721464,0.0415952973791103,0.0539239661005743,0.468094109357782,0,0.468094109357782,0,0,0,0.468094109357782,0,0.468094109357782,3.9644463045552,1200,14.0278395168091
0.126310420537894,1,wetting,6.078652348781,303.145009290947,-0.00228971879015135,0.00228971879015135,0,0.0139184045018015,0,0.0139184045018015,0.0473724220150968,0.0612908265168983,0.482012513859584,0,0.482012513859584,0,0,0,0.482012513859584,0,0.482012513859584,4.0257371310721,1200,14.0278395168091
0.12823345098774,1,wetting,6.92290961944502,307.760282370577,-0.00235142809085482,0.00235142809085482,0,0.0162787241496121,0,0.0162787241496121,0.0539519250727487,0.0702306492223608,0.498291238009196,0,0.498291238009196,0,0,0,0.498291238009196,0,0.498291238009196,4.09596778029446,1200,14.0278395168091
0.129881762801894,1,wetting,5.93392253095288,311.716230724545,-0.00236256496823553,0.00236256496823553,0,0.0140192774958528,0,0.0140192774958528,0.0462445072052153,0.0602637847010681,0.512310515505049,0,0.512310515505049,0,0,0,0.512310515505049,0,0.512310515505049,4.15623156499553,1200,14.0278395168091
0.13129460149974,1,wetting,5.08621931224532,315.107043599376,-0.00234857297965564,0.00234857297965564,0,0.0119453572453421,0,0.0119453572453421,0.0396381490330397,0.0515835062783818,0.524255872750391,0,0.524255872750391,0,0,0,0.524255872750391,0,0.524255872750391,4.20781507127391,1200,14.0278395168091
0.132099134647124,1,wetting,2.89631933058414,317.037923153098,-0.00236889001690801,0.00236889001690801,0,0.00686106194799846,0,0.00686106194799846,0.0225717237549259,0.0294327857029243,0.531116934698389,0,0.531116934698389,0,0,0,0.531116934698389,0,0.531116934698389,4.23724785697683,1200,14.0278395168091
0.133127149224338,1,wetting,3.70085247796863,319.505158138411,-0.00245453496692152,0.00245453496692152,0,0.00908387181459213,0,0.00908387181459213,0.0288416470201827,0.0379255188347748,0.540200806512981,0,0.540200806512981,0,0,0,0.540200806512981,0,0.540200806512981,4.27517337581161,1200,14.0278395168091
0.134297943603942,1,wetting,4.21485976657538,322.315064649461,-0.00256792183253384,0.00256792183253384,0,0.0108234304156574,0,0.0108234304156574,0.0328474313285421,0.0436708617441995,0.551024236928639,0,0.551024236928639,0,0,0,0.551024236928639,0,0.551024236928639,4.31884423755581,1200,14.0278395168091
0.135468737983546,1,wetting,4.21485976657538,325.124971160511,-0.00258611584053225,0.00258611584053225,0,0.0109001156079626,0,0.0109001156079626,0.0328474313285421,0.0437475469365047,0.561924352536601,0,0.561924352536601,0,0,0,0.561924352536601,0,0.561924352536601,4.36259178449231,1200,14.0278395168091
0.136639532363151,1,wetting,4.21485976657538,327.934877671561,-0.00255557442313094,0.00255557442313094,0,0.0107713878165437,0,0.0107713878165437,0.0328474313285412,0.0436188191450849,0.572695740353145,0,0.572695740353145,0,0,0,0.572695740353145,0,0.572695740353145,4.4062106036374,1200,14.0278395168091
0.137306234718203,1,wetting,2.40012847818876,329.534963323687,-0.00255413096018879,0.00255413096018879,0,0.00613024245457271,0,0.00613024245457271,0.0187047872843094,0.0248350297388821,0.578825982807718,0,0.578825982807718,0,0,0,0.578825982807718,0,0.578825982807718,4.43104563337628,1200,14.0278395168091
0.138158132171881,1,wetting,3.06683083324119,331.579517212515,-0.00258137008171487,0.00258137008171487,0,0.00791662535860951,0,0.00791662535860951,0.0239005615299486,0.0318171868885581,0.586742608166327,0,0.586742608166327,0,0,0,0.586742608166327,0,0.586742608166327,4.46286282026484,1200,14.0278395168091
0.139246667807137,1,wetting,3.9187282869193,334.192002737128,-0.00268867583693317,0.00268867583693317,0,0.0105361900565464,0,0.0105361900565464,0.0305396063993806,0.041075796455927,0.597278798222874,0,0.597278798222874,0,0,0,0.597278798222874,0,0.597278798222874,4.50393861672076,1200,14.0278395168091
0.140179698351641,1,wetting,3.35890996021654,336.431276043939,-0.00269900004752723,0.00269900004752723,0,0.00906569814226412,0,0.00906569814226412,0.0261768054851825,0.0352425036274467,0.606344496365138,0,0.606344496365138,0,0,0,0.606344496365138,0,0.606344496365138,4.53918112034821,1200,14.0278395168091
0.141242316471771,1,wetting,3.82542523246884,338.981559532251,-0.0026349917926747,0.0026349917926747,0,0.0100799640910461,0,0.0100799640910461,0.0298124729136813,0.0398924370047274,0.616424460456184,0,0.616424460456184,0,0,0,0.616424460456184,0,0.616424460456184,4.57907355735294,1200,14.0278395168091
0.14245252044192,1,wetting,4.35673429253395,341.886049060607,-0.0026285170656049,0.0026285170656049,0,0.0114517504382316,0,0.0114517504382316,0.0339530941516921,0.0454048445899237,0.627876210894415,0,0.627876210894415,0,0,0,0.627876210894415,0,0.627876210894415,4.62447840194286,1200,14.0278395168091
0.143998892181554,1,wetting,5.56693826268227,345.597341235729,-0.00282891933942911,0.00282891933942911,0,0.0157484193127098,0,0.0157484193127098,0.0433845091938285,0.0591329285065383,0.643624630207125,0,0.643624630207125,0,0,0,0.643624630207125,0,0.643624630207125,4.6836113304494,1200,14.0278395168091
0.145158670986279,1,wetting,4.17520369701171,348.38081036707,-0.0028393347451045,0.0028393347451045,0,0.0118548009248141,0,0.0118548009248141,0.0325383818953711,0.0443931828201852,0.655479431131939,0,0.655479431131939,0,0,0,0.655479431131939,0,0.655479431131939,4.72800451326959,1200,14.0278395168091
0.146318449791005,1,wetting,4.17520369701171,351.164279498411,-0.00281408024698871,0.00281408024698871,0,0.0117493582509149,0,0.0117493582509149,0.0325383818953719,0.0442877401462868,0.667228789382854,0,0.667228789382854,0,0,0,0.667228789382854,0,0.667228789382854,4.77229225341587,1200,14.0278395168091
0.147639308985275,1,wetting,4.75509309937444,354.334341564661,-0.00278249064055013,0.00278249064055013,0,0.0132310020439539,0,0.0132310020439539,0.0370576016030606,0.0502886036470145,0.680459791426808,0,0.680459791426808,0,0,0,0.680459791426808,0,0.680459791426808,4.82258085706289,1200,14.0278395168091
0.149143620845417,1,wetting,5.41552269650978,357.944690029001,-0.00278856118725926,0.00278856118725926,0,0.0151015164002088,0,0.0151015164002088,0.0422044907145995,0.0573060071148083,0.695561307827017,0,0.695561307827017,0,0,0,0.695561307827017,0,0.695561307827017,4.87988686417769,1200,14.0278395168091
0.151065797111153,1,wetting,6.91983455665139,362.557913066768,-0.00289340228946647,0.00289340228946647,0,0.0200218651489443,0,0.0200218651489443,0.0539279603575418,0.0739498255064861,0.715583172975961,0,0.715583172975961,0,0,0,0.715583172975961,0,0.715583172975961,4.95383668968418,1200,14.0278395168091
0.15298797337689,1,wetting,6.91983455665139,367.171136104536,-0.00303735267737914,0.00303735267737914,0,0.0210179780176658,0,0.0210179780176658,0.0539279603575427,0.0749459383752084,0.736601150993627,0,0.736601150993627,0,0,0,0.736601150993627,0,0.736601150993627,5.02878262805939,1200,14.0278395168091
0.153811763205063,1,wetting,2.96564338142202,369.14823169215,-0.00301442639178972,0.00301442639178972,0,0.00893971367759504,0,0.00893971367759504,0.0231119830103745,0.0320516966879696,0.745540864671222,0,0.745540864671222,0,0,0,0.745540864671222,0,0.745540864671222,5.06083432474736,1200,14.0278395168091
0.154864383541061,1,wetting,3.78943320959481,371.674520498547,-0.00301508076771278,0.00301508076771278,0,0.0114254471907814,0,0.0114254471907814,0.0295319782910353,0.0409574254818167,0.756966311862003,0,0.756966311862003,0,0,0,0.756966311862003,0,0.756966311862003,5.10179175022918,1200,14.0278395168091
0.156209398414837,1,wetting,4.84205354559336,374.902556195609,-0.00308410373850602,0.00308410373850602,0,0.0149333954420108,0,0.0149333954420108,0.0377353055940999,0.0526687010361107,0.771899707304014,0,0.771899707304014,0,0,0,0.771899707304014,0,0.771899707304014,5.15446045126529,1200,14.0278395168091
0.157554413288613,1,wetting,4.84205354559336,378.130591892671,-0.00309522518115177,0.00309522518115177,0,0.0149872460628058,0,0.0149872460628058,0.0377353055940999,0.0527225516569057,0.78688695336682,0,0.78688695336682,0,0,0,0.78688695336682,0,0.78688695336682,5.20718300292219,1200,14.0278395168091
0.158899428162389,1,wetting,4.84205354559336,381.358627589734,-0.0031797331585557,0.0031797331585557,0,0.0153964382144254,0,0.0153964382144254,0.0377353055940999,0.0531317438085253,0.802283391581246,0,0.802283391581246,0,0,0,0.802283391581246,0,0.802283391581246,5.26031474673072,1200,14.0278395168091
0.160431250657523,1,wetting,5.51456098248133,385.035001578055,-0.00333993020214836,0.00333993020214836,0,0.0184182487769783,0,0.0184182487769783,0.0429763202599487,0.061394569036927,0.820701640358224,0,0.820701640358224,0,0,0,0.820701640358224,0,0.820701640358224,5.32170931576764,1200,14.0278395168091
0.161580117528873,1,wetting,4.135920736861,387.792282069295,-0.00333666675638311,0.00333666675638311,0,0.0138001892297196,0,0.0138001892297196,0.0322322401949604,0.04603242942468,0.834501829587943,0,0.834501829587943,0,0,0,0.834501829587943,0,0.834501829587943,5.36774174519232,1200,14.0278395168091
0.162888549243466,1,wetting,4.71035417253614,390.932518184319,-0.00330247438781289,0.00330247438781289,0,0.0155558240123282,0,0.0155558240123282,0.0367089402220371,0.0522647642343653,0.850057653600272,0,0.850057653600272,0,0,0,0.850057653600272,0,0.850057653600272,5.42000650942669,1200,14.0278395168091
0.16419698095806,1,wetting,4.71035417253614,394.072754299343,-0.00336550902909662,0.00336550902909662,0,0.0158527394979133,0,0.0158527394979133,0.036708940222038,0.0525616797199513,0.865910393098185,0,0.865910393098185,0,0,0,0.865910393098185,0,0.865910393098185,5.47256818914664,1200,14.0278395168091
0.165505412672653,1,wetting,4.71035417253614,397.212990414367,-0.00354882830569658,0.00354882830569658,0,0.0167162382173523,0,0.0167162382173523,0.0367089402220389,0.0534251784393911,0.882626631315537,0,0.882626631315537,0,0,0,0.882626631315537,0,0.882626631315537,5.52599336758603,1200,14.0278395168091
0.166626925570876,1,wetting,4.0374464336024,399.904621370102,-0.00352298603412464,0.00352298603412464,0,0.0142238673991076,0,0.0142238673991076,0.0314648059046041,0.0456886733037117,0.896850498714645,0,0.896850498714645,0,0,0,0.896850498714645,0,0.896850498714645,5.57168204088974,1200,14.0278395168091
0.167748438469099,1,wetting,4.0374464336024,402.596252325837,-0.00346587935789438,0.00346587935789438,0,0.0139933022528269,0,0.0139933022528269,0.031464805904605,0.0454581081574318,0.910843800967472,0,0.910843800967472,0,0,0,0.910843800967472,0,0.910843800967472,5.61714014904718,1200,14.0278395168091
0.16902571704763,1,wetting,4.59820288271385,405.661720914313,-0.00358195923678876,0.00358195923678876,0,0.0164705752883656,0,0.0164705752883656,0.0358349178357997,0.0523054931241653,0.927314376255837,0,0.927314376255837,0,0,0,0.927314376255837,0,0.927314376255837,5.66944564217134,1200,14.0278395168091
0.169983675981529,1,wetting,3.44865216203539,407.96082235567,-0.00364486688719929,0.00364486688719929,0,0.012569878070871,0,0.012569878070871,0.0268761883768498,0.0394460664477208,0.939884254326708,0,0.939884254326708,0,0,0,0.939884254326708,0,0.939884254326708,5.70889170861906,1200,14.0278395168091
0.171074684767358,1,wetting,3.92763162898474,410.57924344166,-0.00362532820755621,0.00362532820755621,0,0.0142389537334483,0,0.0142389537334483,0.0306089923180783,0.0448479460515267,0.954123208060156,0,0.954123208060156,0,0,0,0.954123208060156,0,0.954123208060156,5.75373965467059,1200,14.0278395168091
0.172317222551219,1,wetting,4.47313602189929,413.561334122926,-0.00358928947452704,0.00358928947452704,0,0.0160553800415309,0,0.0160553800415309,0.0348602412511454,0.0509156212926763,0.970178588101687,0,0.970178588101687,0,0,0,0.970178588101687,0,0.970178588101687,5.80465527596327,1200,14.0278395168091
0.173732335027283,1,wetting,5.09440491382975,416.957604065479,-0.00364665884840524,0.00364665884840524,0,0.0185775567563764,0,0.0185775567563764,0.0397019414249158,0.0582794981812922,0.988756144858064,0,0.988756144858064,0,0,0,0.988756144858064,0,0.988756144858064,5.86293477414456,1200,14.0278395168091
0.174945288578195,1,wetting,4.36663278328264,419.868692587668,-0.00366167070765881,0.00366167070765881,0,0.0159891713536487,0,0.0159891713536487,0.0340302355070694,0.0500194068607181,1.00474531621171,0,1.00474531621171,0,0,0,1.00474531621171,0,1.00474531621171,5.91295418100528,1200,14.0278395168091
0.176158242129107,1,wetting,4.36663278328264,422.779781109856,-0.00367377577951705,0.00367377577951705,0,0.0160420297572689,0,0.0160420297572689,0.0340302355070703,0.0500722652643392,1.02078734596898,0,1.02078734596898,0,0,0,1.02078734596898,0,1.02078734596898,5.96302644626962,1200,14.0278395168091
0.177539661450979,1,wetting,4.97310955873856,426.095187482348,-0.00385667120700899,0.00385667120700899,0,0.0191796484444882,0,0.0191796484444882,0.0387566571052744,0.0579363055497627,1.03996699441347,0,1.03996699441347,0,0,0,1.03996699441347,0,1.03996699441347,6.02096275181938,1200,14.0278395168091
0.178230371111914,1,wetting,2.48655477936928,427.752890668595,-0.00387672655131127,0.00387672655131127,0,0.00963969293447082,0,0.00963969293447082,0.0193783285526372,0.029018021487108,1.04960668734794,0,1.04960668734794,0,0,0,1.04960668734794,0,1.04960668734794,6.04998077330649,1200,14.0278395168091
0.179017012670203,1,wetting,2.83190960983724,429.640830408486,-0.00383834928769188,0.00383834928769188,0,0.0108698582337265,0,0.0108698582337265,0.0220697630738362,0.0329396213075628,1.06047654558167,0,1.06047654558167,0,0,0,1.06047654558167,0,1.06047654558167,6.08292039461405,1200,14.0278395168091
0.179912910000475,1,wetting,3.2252303889813,431.79098400114,-0.00378769364514493,0.00378769364514493,0,0.0122161846484728,0,0.0122161846484728,0.0251350079452033,0.0373511925936761,1.07269273023014,0,1.07269273023014,0,0,0,1.07269273023014,0,1.07269273023014,6.12027158720772,1200,14.0278395168091
0.180933237515508,1,wetting,3.67317905411759,434.239770037219,-0.00376336544820859,0.00376336544820859,0,0.0138235151373497,0,0.0138235151373497,0.0286259812709257,0.0424494964082754,1.08651624536749,0,1.08651624536749,0,0,0,1.08651624536749,0,1.08651624536749,6.162721083616,1200,14.0278395168091
0.182095277185406,1,wetting,4.18334281163392,437.028665244975,-0.00376726173107334,0.00376726173107334,0,0.0157597472822292,0,0.0157597472822292,0.0326018120029996,0.0483615592852288,1.10227599264972,0,1.10227599264972,0,0,0,1.10227599264972,0,1.10227599264972,6.21108264290123,1200,14.0278395168091
0.183418711253901,1,wetting,4.76436264658308,440.204907009363,-0.00380604219155548,0.00380604219155548,0,0.0181333652487661,0,0.0181333652487661,0.0371298414478591,0.0552632066966253,1.12040935789848,0,1.12040935789848,0,0,0,1.12040935789848,0,1.12040935789848,6.26634584959785,1200,14.0278395168091
0.184553083312612,1,wetting,4.08373941135692,442.927399950268,-0.00377881083763525,0.00377881083763525,0,0.0154316787457137,0,0.0154316787457137,0.0318255783838799,0.0472572571295936,1.1358410366442,0,1.1358410366442,0,0,0,1.1358410366442,0,1.1358410366442,6.31360310672745,1200,14.0278395168091
0.185687455371322,1,wetting,4.08373941135692,445.649892891173,-0.00375561193878767,0.00375561193878767,0,0.0153369404881898,0,0.0153369404881898,0.031825578383879,0.0471625188720688,1.15117797713239,0,1.15117797713239,0,0,0,1.15117797713239,0,1.15117797713239,6.36076562559952,1200,14.0278395168091
0.187136930779674,1,wetting,5.21811147006718,449.128633871217,-0.00381789476837727,0.00381789476837727,0,0.0199222004823789,0,0.0199222004823789,0.0406660168238453,0.0605882173062242,1.17110017761477,0,1.17110017761477,0,0,0,1.17110017761477,0,1.17110017761477,6.42135384290574,1200,14.0278395168091
0.188224037335938,1,wetting,3.91358360255038,451.737689606251,-0.00383753370384425,0.00383753370384425,0,0.0150185089775993,0,0.0150185089775993,0.0304995126178857,0.045518021595485,1.18611868659237,0,1.18611868659237,0,0,0,1.18611868659237,0,1.18611868659237,6.46687186450123,1200,14.0278395168091
0.189462130913905,1,wetting,4.45713688068238,454.709114193372,-0.00382000309124019,0.00382000309124019,0,0.0170262766622873,0,0.0170262766622873,0.0347355560370355,0.0517618326993228,1.20314496325465,0,1.20314496325465,0,0,0,1.20314496325465,0,1.20314496325465,6.51863369720055,1200,14.0278395168091
0.190700224491873,1,wetting,4.45713688068238,457.680538780494,-0.00381316353369894,0.00381316353369894,0,0.0169957918181227,0,0.0169957918181227,0.0347355560370355,0.0517313478551582,1.22014075507278,0,1.22014075507278,0,0,0,1.22014075507278,0,1.22014075507278,6.57036504505571,1200,14.0278395168091
0.192110275511224,1,wetting,5.07618366966605,461.064661226938,-0.00390896047099569,0.00390896047099569,0,0.0198426013082384,0,0.0198426013082384,0.0395599388199566,0.059402540128195,1.23998335638101,0,1.23998335638101,0,0,0,1.23998335638101,0,1.23998335638101,6.6297675851839,1200,14.0278395168091
0.193318890670668,1,wetting,4.35101457399947,463.965337609604,-0.00393249633923939,0.00393249633923939,0,0.0171103488842302,0,0.0171103488842302,0.0339085189885342,0.0510188678727644,1.25709370526525,0,1.25709370526525,0,0,0,1.25709370526525,0,1.25709370526525,6.68078645305667,1200,14.0278395168091
0.194527505830113,1,wetting,4.35101457399947,466.866013992271,-0.00391020156484948,0.00391020156484948,0,0.0170133439959356,0,0.0170133439959356,0.0339085189885351,0.0509218629844707,1.27410704926118,0,1.27410704926118,0,0,0,1.27410704926118,0,1.27410704926118,6.73170831604114,1200,14.0278395168091
0.195903984206147,1,wetting,4.95532215372162,470.169562094752,-0.00404143444217333,0.00404143444217333,0,0.0200266096241151,0,0.0200266096241151,0.0386180355147188,0.0586446451388338,1.2941336588853,0,1.2941336588853,0,0,0,1.2941336588853,0,1.2941336588853,6.79035296117997,1200,14.0278395168091
0.197083822814175,1,wetting,4.24741898890424,473.001174754021,-0.00410854252106095,0.00410854252106095,0,0.0174507015206748,0,0.0174507015206748,0.0331011732983315,0.0505518748190063,1.31158436040597,0,1.31158436040597,0,0,0,1.31158436040597,0,1.31158436040597,6.84090483599898,1200,14.0278395168091
0.198263661422204,1,wetting,4.24741898890424,475.832787413291,-0.00407170025813447,0.00407170025813447,0,0.0172942169935266,0,0.0172942169935266,0.0331011732983306,0.0503953902918573,1.3288785773995,0,1.3288785773995,0,0,0,1.3288785773995,0,1.3288785773995,6.89130022629084,1200,14.0278395168091
0.199443500030233,1,wetting,4.24741898890424,478.66440007256,-0.004116711928418,0.004116711928418,0,0.0174854004166112,0,0.0174854004166112,0.0331011732983315,0.0505865737149427,1.34636397781611,0,1.34636397781611,0,0,0,1.34636397781611,0,1.34636397781611,6.94188680000578,1200,14.0278395168091
0.2007872051116,1,wetting,4.83733829291872,481.889292267839,-0.00438687087760326,0.00438687087760326,0,0.0212207784823202,0,0.0212207784823202,0.0376985584786551,0.0589193369609753,1.36758475629843,0,1.36758475629843,0,0,0,1.36758475629843,0,1.36758475629843,7.00080613696675,1200,14.0278395168091
0.201683008499177,1,wetting,3.22489219527915,484.039220398025,-0.00436095386705057,0.00436095386705057,0,0.0140636060898238,0,0.0140636060898238,0.0251323723191037,0.0391959784089275,1.38164836238825,0,1.38164836238825,0,0,0,1.38164836238825,0,1.38164836238825,7.04000211537568,1200,14.0278395168091
0.202578811886755,1,wetting,3.22489219527915,486.189148528211,-0.0043134151247973,0.0043134151247973,0,0.0139102987709578,0,0.0139102987709578,0.0251323723191037,0.0390426710900615,1.39555866115921,0,1.39555866115921,0,0,0,1.39555866115921,0,1.39555866115921,7.07904478646574,1200,14.0278395168091
0.203723449548659,1,wetting,4.12069558285669,488.936278916783,-0.00431347697180148,0.00431347697180148,0,0.0177745255044564,0,0.0177745255044564,0.032113586852188,0.0498881123566444,1.41333318666367,0,1.41333318666367,0,0,0,1.41333318666367,0,1.41333318666367,7.12893289882239,1200,14.0278395168091
0.205027064663606,1,wetting,4.693014413809,492.064955192655,-0.00436688121676214,0.00436688121676214,0,0.0204938364936565,0,0.0204938364936565,0.0365738072483248,0.0570676437419813,1.43382702315732,0,1.43382702315732,0,0,0,1.43382702315732,0,1.43382702315732,7.18600054256437,1200,14.0278395168091
0.206511737433407,1,wetting,5.34482197128248,495.628169840177,-0.00452206433648471,0.00452206433648471,0,0.0241696288211964,0,0.0241696288211964,0.0416535026994813,0.0658231315206777,1.45799665197852,0,1.45799665197852,0,0,0,1.45799665197852,0,1.45799665197852,7.25182367408505,1200,14.0278395168091
0.207148025763322,1,wetting,2.29063798769249,497.155261831972,-0.00452777269409579,0.00452777269409579,0,0.0103714881327326,0,0.0103714881327326,0.0178515011569198,0.0282229892896524,1.46836814011125,0,1.46836814011125,0,0,0,1.46836814011125,0,1.46836814011125,7.2800466633747,1200,14.0278395168091
0.207872687472391,1,wetting,2.60878215264978,498.894449933738,-0.004568030618196,0.004568030618196,0,0.0119169967495075,0,0.0119169967495075,0.0203308763176029,0.0322478730671104,1.48028513686076,0,1.48028513686076,0,0,0,1.48028513686076,0,1.48028513686076,7.31229453644181,1200,14.0278395168091
0.208798644100646,1,wetting,3.33344386171916,501.116745841551,-0.00474835716705763,0.00474835716705763,0,0.0158283820517785,0,0.0158283820517785,0.025978341961383,0.0418067240131615,1.49611351891254,0,1.49611351891254,0,0,0,1.49611351891254,0,1.49611351891254,7.35410126045497,1200,14.0278395168091
0.209592321210579,1,wetting,2.85723759575928,503.021570905391,-0.00499620717741797,0.00499620717741797,0,0.014275350983521,0,0.014275350983521,0.0222671502526142,0.0365425012361352,1.51038886989606,0,1.51038886989606,0,0,0,1.51038886989606,0,1.51038886989606,7.3906437616911,1200,14.0278395168091
0.210187579043029,1,wetting,2.14292819681946,504.45018970327,-0.00500171183953156,0.00500171183953156,0,0.0107183093332979,0,0.0107183093332979,0.0167003626894608,0.0274186720227588,1.52110717922936,0,1.52110717922936,0,0,0,1.52110717922936,0,1.52110717922936,7.41806243371386,1200,14.0278395168091
0.210865511574431,1,wetting,2.44055711304439,506.077227778633,-0.00495300680119642,0.00495300680119642,0,0.0120880959796172,0,0.0120880959796172,0.0190198575074403,0.0311079534870574,1.53319527520897,0,1.53319527520897,0,0,0,1.53319527520897,0,1.53319527520897,7.44917038720092,1200,14.0278395168091
0.21163760140186,1,wetting,2.779523378745,507.930243364463,-0.00491125029766234,0.00491125029766234,0,0.0136509350212208,0,0.0136509350212208,0.0216615043834736,0.0353124394046944,1.54684621023019,0,1.54684621023019,0,0,0,1.54684621023019,0,1.54684621023019,7.48448282660562,1200,14.0278395168091
0.212516925927543,1,wetting,3.16556829245958,510.040622226103,-0.00495301655808618,0.00495301655808618,0,0.0156791121683049,0,0.0156791121683049,0.0246700466589589,0.0403491588272638,1.5625253223985,0,1.5625253223985,0,0,0,1.5625253223985,0,1.5625253223985,7.52483198543288,1200,14.0278395168091
0.213518378859571,1,wetting,3.60523055530119,512.444109262971,-0.00503045833743817,0.00503045833743817,0,0.0181359621053017,0,0.0181359621053017,0.0280964420282563,0.046232404133558,1.5806612845038,0,1.5806612845038,0,0,0,1.5806612845038,0,1.5806612845038,7.57106438956644,1200,14.0278395168091
0.214376767087024,1,wetting,3.09019761882959,514.504241008857,-0.00502604943839918,0.00502604943839918,0,0.015531486006661,0,0.015531486006661,0.0240826645956478,0.0396141506023087,1.59619277051046,0,1.59619277051046,0,0,0,1.59619277051046,0,1.59619277051046,7.61067854016875,1200,14.0278395168091
0.215354375901623,1,wetting,3.51939173255592,516.850502163894,-0.00503649827888949,0.00503649827888949,0,0.0177254104037558,0,0.0177254104037558,0.0274274791228226,0.0451528895265784,1.61391818091422,0,1.61391818091422,0,0,0,1.61391818091422,0,1.61391818091422,7.65583142969533,1200,14.0278395168091
0.216603542720277,1,wetting,4.49700054715479,519.848502528664,-0.00507037699247368,0.00507037699247368,0,0.0228014881094352,0,0.0228014881094352,0.0350462233236053,0.0578477114330405,1.63671966902365,0,1.63671966902365,0,0,0,1.63671966902365,0,1.63671966902365,7.71367914112837,1200,14.0278395168091
0.217852709538931,1,wetting,4.49700054715479,522.846502893434,-0.00516975998483893,0.00516975998483893,0,0.0232484134804796,0,0.0232484134804796,0.0350462233236062,0.0582946368040858,1.65996808250413,0,1.65996808250413,0,0,0,1.65996808250413,0,1.65996808250413,7.77197377793245,1200,14.0278395168091
0.219101876357585,1,wetting,4.49700054715479,525.844503258204,-0.00521041464489407,0.00521041464489407,0,0.0234312375089919,0,0.0234312375089919,0.0350462233236062,0.0584774608325981,1.68339932001312,0,1.68339932001312,0,0,0,1.68339932001312,0,1.68339932001312,7.83045123876505,1200,14.0278395168091
0.220172590773574,1,wetting,3.85457189756125,528.414217856578,-0.00517910983956102,0.00517910983956102,0,0.0199632512419548,0,0.0199632512419548,0.0300396199916628,0.0500028712336176,1.70336257125508,0,1.70336257125508,0,0,0,1.70336257125508,0,1.70336257125508,7.88045410999867,1200,14.0278395168091
0.221243305189563,1,wetting,3.85457189756125,530.983932454952,-0.00528364835668393,0.00528364835668393,0,0.0203662024722695,0,0.0203662024722695,0.0300396199916619,0.0504058224639315,1.72372877372735,0,1.72372877372735,0,0,0,1.72372877372735,0,1.72372877372735,7.9308599324626,1200,14.0278395168091
0.222314019605553,1,wetting,3.85457189756125,533.553647053326,-0.0053518460590617,0.0053518460590617,0,0.0206290754193331,0,0.0206290754193331,0.0300396199916628,0.0506686954109959,1.74435784914668,0,1.74435784914668,0,0,0,1.74435784914668,0,1.74435784914668,7.98152862787359,1200,14.0278395168091
0.223384734021542,1,wetting,3.85457189756125,536.123361651701,-0.00535145853309079,0.00535145853309079,0,0.0206275816726161,0,0.0206275816726161,0.0300396199916628,0.0506672016642789,1.7649854308193,0,1.7649854308193,0,0,0,1.7649854308193,0,1.7649854308193,8.03219582953787,1200,14.0278395168091
0.224604158773085,1,wetting,4.38992910555586,539.049981055405,-0.00543418517455926,0.00543418517455926,0,0.0238556876627779,0,0.0238556876627779,0.0342117894349485,0.0580674770977264,1.78884111848208,0,1.78884111848208,0,0,0,1.78884111848208,0,1.78884111848208,8.0902633066356,1200,14.0278395168091
0.225417108607447,1,wetting,2.92661940370391,541.001060657874,-0.00549307787589331,0.00549307787589331,0,0.016076148297646,0,0.016076148297646,0.0228078596232981,0.0388840079209441,1.80491726677972,0,1.80491726677972,0,0,0,1.80491726677972,0,1.80491726677972,8.12914731455654,1200,14.0278395168091
0.226342968141027,1,wetting,3.33309432088501,543.223123538464,-0.00549797114458262,0.00549797114458262,0,0.018325256398398,0,0.018325256398398,0.0259756179043125,0.0443008743027104,1.82324252317812,0,1.82324252317812,0,0,0,1.82324252317812,0,1.82324252317812,8.17344818885925,1200,14.0278395168091
0.227268827674606,1,wetting,3.33309432088501,545.445186419054,-0.00549252537957328,0.00549252537957328,0,0.0183071051499725,0,0.0183071051499725,0.0259756179043134,0.0442827230542858,1.84154962832809,0,1.84154962832809,0,0,0,1.84154962832809,0,1.84154962832809,8.21773091191354,1200,14.0278395168091
0.228451870411957,1,wetting,4.25895385446417,548.284488988697,-0.0055679318375017,0.0055679318375017,0,0.0237135647607217,0,0.0237135647607217,0.0331910673221776,0.0569046320828992,1.86526319308881,0,1.86526319308881,0,0,0,1.86526319308881,0,1.86526319308881,8.27463554399644,1200,14.0278395168091
0.229799224640607,1,wetting,4.85047522313975,551.518139137456,-0.00573763795625461,0.00573763795625461,0,0.0278302707461592,0,0.0278302707461592,0.0378009377835893,0.0656312085297485,1.89309346383497,0,1.89309346383497,0,0,0,1.89309346383497,0,1.89309346383497,8.34026675252619,1200,14.0278395168091
0.230954099693735,1,wetting,4.15755019126265,554.289839264965,-0.00574898705528632,0.00574898705528632,0,0.0239017022312721,0,0.0239017022312721,0.0324008038145083,0.0563025060457804,1.91699516606625,0,1.91699516606625,0,0,0,1.91699516606625,0,1.91699516606625,8.39656925857197,1200,14.0278395168091
0.232108974746864,1,wetting,4.15755019126265,557.061539392473,-0.00581675497336021,0.00581675497336021,0,0.0241834507520217,0,0.0241834507520217,0.0324008038145056,0.0565842545665273,1.94117861681827,0,1.94117861681827,0,0,0,1.94117861681827,0,1.94117861681827,8.45315351313849,1200,14.0278395168091
0.233424249112927,1,wetting,4.7349877178269,560.218197871025,-0.00594307988800046,0.00594307988800046,0,0.0281404102757463,0,0.0281404102757463,0.0369009154554103,0.0650413257311566,1.96931902709401,0,1.96931902709401,0,0,0,1.96931902709401,0,1.96931902709401,8.51819483886965,1200,14.0278395168091
0.234551627140981,1,wetting,4.05856090099449,562.923905138354,-0.00594704410632804,0.00594704410632804,0,0.0241364406864327,0,0.0241364406864327,0.031629356104637,0.0557657967910697,1.99345546778045,0,1.99345546778045,0,0,0,1.99345546778045,0,1.99345546778045,8.57396063566072,1200,14.0278395168091
0.235679005169035,1,wetting,4.05856090099449,565.629612405684,-0.00591147136389314,0.00591147136389314,0,0.0239920665448452,0,0.0239920665448452,0.0316293561046379,0.0556214226494832,2.01744753432529,0,2.01744753432529,0,0,0,2.01744753432529,0,2.01744753432529,8.6295820583102,1200,14.0278395168091
0.236962963478763,1,wetting,4.6222499150215,568.711112349032,-0.00594859182592354,0.00594859182592354,0,0.0274958780618727,0,0.0274958780618727,0.0360223222302816,0.0635182002921542,2.04494341238716,0,2.04494341238716,0,0,0,2.04494341238716,0,2.04494341238716,8.69310025860236,1200,14.0278395168091
0.238425249331509,1,wetting,5.2642290698856,572.220598395622,-0.00632478414188554,0.00632478414188554,0,0.0332951125404653,0,0.0332951125404653,0.0410254225400424,0.0743205350805076,2.07823852492763,0,2.07823852492763,0,0,0,2.07823852492763,0,2.07823852492763,8.76742079368287,1200,14.0278395168091
0.238863935087333,1,wetting,1.57926872096568,573.273444209599,-0.00640170492669116,0.00640170492669116,0,0.0101100123515752,0,0.0101100123515752,0.0123076267620128,0.022417639113588,2.0883485372792,0,2.0883485372792,0,0,0,2.0883485372792,0,2.0883485372792,8.78983843279645,1200,14.0278395168091
0.239363549420355,1,wetting,1.79861159887758,574.472518608851,-0.00642070176362585,0.00642070176362585,0,0.0115483486649912,0,0.0115483486649912,0.0140170193678477,0.0255653680328389,2.0998968859442,0,2.0998968859442,0,0,0,2.0998968859442,0,2.0998968859442,8.81540380082929,1200,14.0278395168091
0.240001945512549,1,wetting,2.29822593189913,576.004669230117,-0.00640589268007883,0.00640589268007883,0,0.01472218867432,0,0.01472218867432,0.0179106358589163,0.0326328245332363,2.11461907461852,0,2.11461907461852,0,0,0,2.11461907461852,0,2.11461907461852,8.84803662536253,1200,14.0278395168091
0.240817673852575,1,wetting,2.93662202409333,577.962417246179,-0.00637651819889205,0.00637651819889205,0,0.0187254237798983,0,0.0187254237798983,0.0228858124863933,0.0416112362662917,2.13334449839841,0,2.13334449839841,0,0,0,2.13334449839841,0,2.13334449839841,8.88964786162882,1200,14.0278395168091
0.241859993398163,1,wetting,3.75235036411925,580.463984155592,-0.00653546223675252,0.00653546223675252,0,0.024523344103766,0,0.024523344103766,0.0292429826215033,0.0537663267252692,2.15786784250218,0,2.15786784250218,0,0,0,2.15786784250218,0,2.15786784250218,8.94341418835409,1200,14.0278395168091
0.242753410151525,1,wetting,3.21630031210222,582.60818436366,-0.00656898086544477,0.00656898086544477,0,0.0211278152077235,0,0.0211278152077235,0.0250654136755744,0.0461932288832979,2.1789956577099,0,2.1789956577099,0,0,0,2.1789956577099,0,2.1789956577099,8.98960741723739,1200,14.0278395168091
0.243770912565076,1,wetting,3.66300868878308,585.050190156182,-0.00665875514838872,0.00665875514838872,0,0.024391077965027,0,0.024391077965027,0.0285467211305148,0.0529377990955418,2.20338673567493,0,2.20338673567493,0,0,0,2.20338673567493,0,2.20338673567493,9.04254521633293,1200,14.0278395168091
0.244279663771851,1,wetting,1.83150434439154,586.271193052443,-0.00667310062868678,0.00667310062868678,0,0.0122218127920018,0,0.0122218127920018,0.0142733605652552,0.0264951733572569,2.21560854846693,0,2.21560854846693,0,0,0,2.21560854846693,0,2.21560854846693,9.06904038969019,1200,14.0278395168091
0.244929734758287,1,wetting,2.34025555116697,587.831363419888,-0.00671429052305924,0.00671429052305924,0,0.0157131556687371,0,0.0157131556687371,0.0182381829444971,0.0339513386132342,2.23132170413567,0,2.23132170413567,0,0,0,2.23132170413567,0,2.23132170413567,9.10299172830342,1200,14.0278395168091
0.245760381018732,1,wetting,2.99032653760224,589.824914444956,-0.00685656427188604,0.00685656427188604,0,0.0205033660989962,0,0.0205033660989962,0.0233043448735213,0.0438077109725175,2.25182507023467,0,2.25182507023467,0,0,0,2.25182507023467,0,2.25182507023467,9.14679943927594,1200,14.0278395168091
0.246591027279177,1,wetting,2.99032653760224,591.818465470024,-0.00694652629970804,0.00694652629970804,0,0.0207723819381688,0,0.0207723819381688,0.0233043448735213,0.0440767268116901,2.27259745217283,0,2.27259745217283,0,0,0,2.27259745217283,0,2.27259745217283,9.19087616608763,1200,14.0278395168091
0.247537041075795,1,wetting,3.40564966782477,594.088898581907,-0.00694624284559015,0.00694624284559015,0,0.0236564696397143,0,0.0236564696397143,0.026541059439289,0.0501975290790032,2.29625392181255,0,2.29625392181255,0,0,0,2.29625392181255,0,2.29625392181255,9.24107369516663,1200,14.0278395168091
0.248614445677498,1,wetting,3.87865656613377,596.674669625996,-0.00702123986590931,0.00702123986590931,0,0.0272329781083093,0,0.0272329781083093,0.0302273176947452,0.0574602958030545,2.32348689992086,0,2.32348689992086,0,0,0,2.32348689992086,0,2.32348689992086,9.29853399096968,1200,14.0278395168091
0.249537935336102,1,wetting,3.3245627709718,598.891044806644,-0.00709144992025653,0.00709144992025653,0,0.0235759703970958,0,0.0235759703970958,0.0259091294526401,0.0494850998497359,2.34706287031795,0,2.34706287031795,0,0,0,2.34706287031795,0,2.34706287031795,9.34801909081942,1200,14.0278395168091
0.250461424994705,1,wetting,3.3245627709718,601.107419987292,-0.00714123504643018,0.00714123504643018,0,0.0237414841741208,0,0.0237414841741208,0.0259091294526383,0.0496506136267592,2.37080435449207,0,2.37080435449207,0,0,0,2.37080435449207,0,2.37080435449207,9.39766970444618,1200,14.0278395168091
0.251513177105892,1,wetting,3.78630760027344,603.631625054141,-0.00713719162410571,0.00713719162410571,0,0.0270236028909594,0,0.0270236028909594,0.029507619654396,0.0565312225453553,2.39782795738303,0,2.39782795738303,0,0,0,2.39782795738303,0,2.39782795738303,9.45420092699154,1200,14.0278395168091
0.252564929217079,1,wetting,3.78630760027344,606.15583012099,-0.00713100175680276,0.00713100175680276,0,0.0270001661493455,0,0.0270001661493455,0.0295076196543942,0.0565077858037397,2.42482812353238,0,2.42482812353238,0,0,0,2.42482812353238,0,2.42482812353238,9.51070871279528,1200,14.0278395168091
0.253762758010376,1,wetting,4.31218365586697,609.030619224901,-0.00711865525149313,0.00711865525149313,0,0.0306969488272403,0,0.0306969488272403,0.03360590016195,0.0643028489891902,2.45552507235962,0,2.45552507235962,0,0,0,2.45552507235962,0,2.45552507235962,9.57501156178447,1200,14.0278395168091
0.255126951913852,1,wetting,4.91109805251516,612.304684593245,-0.00717787172404174,0.00717787172404174,0,0.035251231845145,0,0.035251231845145,0.038273386295554,0.073524618140699,2.49077630420476,0,2.49077630420476,0,0,0,2.49077630420476,0,2.49077630420476,9.64853617992516,1200,14.0278395168091
0.256491145817328,1,wetting,4.91109805251516,615.578749961588,-0.00715152560882283,0.00715152560882283,0,0.0351218434900021,0,0.0351218434900021,0.0382733862955531,0.0733952297855552,2.52589814769477,0,2.52589814769477,0,0,0,2.52589814769477,0,2.52589814769477,9.72193140971072,1200,14.0278395168091
0.257855339720805,1,wetting,4.91109805251516,618.852815329932,-0.00710414519594694,0.00710414519594694,0,0.0348891536365999,0,0.0348891536365999,0.038273386295554,0.0731625399321539,2.56078730133137,0,2.56078730133137,0,0,0,2.56078730133137,0,2.56078730133137,9.79509394964287,1200,14.0278395168091
0.259219533624281,1,wetting,4.91109805251516,622.126880698275,-0.00710458521639206,0.00710458521639206,0,0.034891314620151,0,0.034891314620151,0.0382733862955549,0.0731647009157059,2.59567861595152,0,2.59567861595152,0,0,0,2.59567861595152,0,2.59567861595152,9.86825865055858,1200,14.0278395168091
0.260773198903241,1,wetting,5.59319500425338,625.855677367777,-0.00716672072667847,0.00716672072667847,0,0.0400848665653372,0,0.0400848665653372,0.0435891343921577,0.0836740009574949,2.63576348251685,0,2.63576348251685,0,0,0,2.63576348251685,0,2.63576348251685,9.95193265151608,1200,14.0278395168091
0.2623268641822,1,wetting,5.59319500425338,629.58447403728,-0.0071913494833422,0.0071913494833422,0,0.0402226200040697,0,0.0402226200040697,0.0435891343921577,0.0838117543962274,2.67598610252092,0,2.67598610252092,0,0,0,2.67598610252092,0,2.67598610252092,10.0357444059123,1200,14.0278395168091
0.264096316305459,1,wetting,6.37002764373301,633.831159133102,-0.00717469405164414,0.00717469405164414,0,0.0457029994443,0,0.0457029994443,0.0496431808355142,0.0953461802798142,2.72168910196522,0,2.72168910196522,0,0,0,2.72168910196522,0,2.72168910196522,10.1310905861921,1200,14.0278395168091
0.265612989553967,1,wetting,5.4600236946283,637.471174929521,-0.00719914884487415,0.00719914884487415,0,0.0393075232741688,0,0.0393075232741688,0.0425512978590117,0.0818588211331805,2.76099662523939,0,2.76099662523939,0,0,0,2.76099662523939,0,2.76099662523939,10.2129494073253,1200,14.0278395168091
0.267340311864767,1,wetting,6.21836031888223,641.616748475442,-0.0072296519227893,0.0072296519227893,0,0.0449565806360036,0,0.0449565806360036,0.0484612003394291,0.0934177809754327,2.8059532058754,0,2.8059532058754,0,0,0,2.8059532058754,0,2.8059532058754,10.3063671883007,1200,14.0278395168091
0.269067634175568,1,wetting,6.21836031888223,645.762322021364,-0.00725411829940458,0.00725411829940458,0,0.0451087213814949,0,0.0451087213814949,0.0484612003394318,0.0935699217209267,2.85106192725689,0,2.85106192725689,0,0,0,2.85106192725689,0,2.85106192725689,10.3999371100217,1200,14.0278395168091
0.270548196156254,1,wetting,5.33002313047048,649.315670775011,-0.00727536661677739,0.00727536661677739,0,0.0387778723500762,0,0.0387778723500762,0.0415381717195107,0.0803160440695869,2.88983979960697,0,2.88983979960697,0,0,0,2.88983979960697,0,2.88983979960697,10.4802531540912,1200,14.0278395168091
0.272234391745369,1,wetting,6.0703041208136,653.362540188886,-0.00731894440137126,0.00731894440137126,0,0.0444282183596496,0,0.0444282183596496,0.0473073622361087,0.0917355805957582,2.93426801796662,0,2.93426801796662,0,0,0,2.93426801796662,0,2.93426801796662,10.571988734687,1200,14.0278395168091
0.273920587334484,1,wetting,6.0703041208136,657.409409602762,-0.00734157876360284,0.00734157876360284,0,0.0445656158219759,0,0.0445656158219759,0.0473073622361131,0.091872978058089,2.97883363378859,0,2.97883363378859,0,0,0,2.97883363378859,0,2.97883363378859,10.6638617127451,1200,14.0278395168091
0.275606782923599,1,wetting,6.0703041208136,661.456279016638,-0.00742386602540711,0.00742386602540711,0,0.0450651245263969,0,0.0450651245263969,0.0473073622361087,0.0923724867625055,3.02389875831499,0,3.02389875831499,0,0,0,3.02389875831499,0,3.02389875831499,10.7562341995076,1200,14.0278395168091
0.277292978512714,1,wetting,6.0703041208136,665.503148430514,-0.00754687995114632,0.00754687995114632,0,0.045811856466729,0,0.045811856466729,0.0473073622361113,0.0931192187028404,3.06971061478172,0,3.06971061478172,0,0,0,3.06971061478172,0,3.06971061478172,10.8493534182104,1200,14.0278395168091
0.278979174101829,1,wetting,6.0703041208136,669.550017844389,-0.00755159901209511,0.00755159901209511,0,0.0458405026018529,0,0.0458405026018529,0.0473073622361087,0.0931478648379615,3.11555111738357,0,3.11555111738357,0,0,0,3.11555111738357,0,3.11555111738357,10.9425012830484,1200,14.0278395168091
0.280665369690944,1,wetting,6.0703041208136,673.596887258265,-0.00757628665682653,0.00757628665682653,0,0.0459903641133992,0,0.0459903641133992,0.0473073622361095,0.0932977263495087,3.16154148149697,0,3.16154148149697,0,0,0,3.16154148149697,0,3.16154148149697,11.0357990093979,1200,14.0278395168091
0.282351565280059,1,wetting,6.0703041208136,677.643756672141,-0.00762760429117082,0.00762760429117082,0,0.0463018777606298,0,0.0463018777606298,0.0473073622361122,0.0936092399967419,3.2078433592576,0,3.2078433592576,0,0,0,3.2078433592576,0,3.2078433592576,11.1294082493946,1200,14.0278395168091
0.284271954700995,1,wetting,6.91340191537105,682.252691282388,-0.00765567276529699,0.00765567276529699,0,0.0529267427590582,0,0.0529267427590582,0.0538778292133486,0.106804571972407,3.26077010201666,0,3.26077010201666,0,0,0,3.26077010201666,0,3.26077010201666,11.2362128213671,1200,14.0278395168091
0.286459064874839,1,wetting,7.87359662583925,687.501755699614,-0.00774212290990193,0.00774212290990193,0,0.0609583528202366,0,0.0609583528202366,0.0613608610485334,0.12231921386877,3.3217284548369,0,3.3217284548369,0,0,0,3.3217284548369,0,3.3217284548369,11.3585320352358,1200,14.0278395168091
0.288949940350606,1,wetting,8.96715171276136,693.479856841455,-0.00786661192458758,0.00786661192458758,0,0.0705411025931945,0,0.0705411025931945,0.0698832028608312,0.140424305454026,3.39226955743009,0,3.39226955743009,0,0,0,3.39226955743009,0,3.39226955743009,11.4989563406898,1200,14.0278395168091
0.291440815826373,1,wetting,8.96715171276136,699.457957983296,-0.00792436669151952,0.00792436669151952,0,0.0710589983504084,0,0.0710589983504084,0.0698832028608312,0.14094220121124,3.4633285557805,0,3.4633285557805,0,0,0,3.4633285557805,0,3.4633285557805,11.6398985419011,1200,14.0278395168091
0.29393169130214,1,wetting,8.96715171276136,705.436059125137,-0.0079894503785486,0.0079894503785486,0,0.071642613646024,0,0.071642613646024,0.0698832028608294,0.141525816506853,3.53497116942652,0,3.53497116942652,0,0,0,3.53497116942652,0,3.53497116942652,11.7814243584079,1200,14.0278395168091
0.295799847908966,1,wetting,6.72536378457102,709.919634981518,-0.00803730220070237,0.00803730220070237,0,0.0540537811462567,0,0.0540537811462567,0.0524124021456274,0.106466183291884,3.58902495057278,0,3.58902495057278,0,0,0,3.58902495057278,0,3.58902495057278,11.8878905416998,1200,14.0278395168091
0.297927470711183,1,wetting,7.65944208798366,715.02592970684,-0.00810962487956983,0.00810962487956983,0,0.0621152021203366,0,0.0621152021203366,0.0596919024436247,0.121807104563961,3.65114015269311,0,3.65114015269311,0,0,0,3.65114015269311,0,3.65114015269311,12.0096976462638,1200,14.0278395168091
0.300055093513401,1,wetting,7.65944208798366,720.132224432162,-0.00816268478334657,0.00816268478334657,0,0.0625216113805085,0,0.0625216113805085,0.0596919024436282,0.122213513824137,3.71366176407362,0,3.71366176407362,0,0,0,3.71366176407362,0,3.71366176407362,12.1319111600879,1200,14.0278395168091
0.301878770201016,1,wetting,6.56523607541457,724.509048482439,-0.00819413660362603,0.00819413660362603,0,0.0537964412370006,0,0.0537964412370006,0.0511644878088227,0.104960929045823,3.76745820531062,0,3.76745820531062,0,0,0,3.76745820531062,0,3.76745820531062,12.2368720891337,1200,14.0278395168091
0.303702446888631,1,wetting,6.56523607541457,728.885872532715,-0.00824461241346181,0.00824461241346181,0,0.0541278268446703,0,0.0541278268446703,0.0511644878088227,0.105292314653493,3.82158603215529,0,3.82158603215529,0,0,0,3.82158603215529,0,3.82158603215529,12.3421644037872,1200,14.0278395168091
0.305779412005082,1,wetting,7.47707441922215,733.870588812197,-0.00831340084057486,0.00831340084057486,0,0.0621599167618022,0,0.0621599167618022,0.0582706666711594,0.120430583432962,3.8837459489171,0,3.8837459489171,0,0,0,3.8837459489171,0,3.8837459489171,12.4625949872202,1200,14.0278395168091
0.307856377121533,1,wetting,7.47707441922215,738.855305091678,-0.00839289783339987,0.00839289783339987,0,0.0627543216932591,0,0.0627543216932591,0.0582706666711594,0.121024988364419,3.94650027061036,0,3.94650027061036,0,0,0,3.94650027061036,0,3.94650027061036,12.5836199755846,1200,14.0278395168091
0.309933342237983,1,wetting,7.47707441922215,743.84002137116,-0.00851700441144371,0.00851700441144371,0,0.0636822758132079,0,0.0636822758132079,0.0582706666711612,0.121952942484369,4.01018254642356,0,4.01018254642356,0,0,0,4.01018254642356,0,4.01018254642356,12.705572918069,1200,14.0278395168091
0.311713598052084,1,wetting,6.40892093076184,748.112635325001,-0.00859118336001697,0.00859118336001697,0,0.0550602148560256,0,0.0550602148560256,0.0499462857181356,0.105006500574161,4.06524276127959,0,4.06524276127959,0,0,0,4.06524276127959,0,4.06524276127959,12.8105794186432,1200,14.0278395168091
0.313493853866184,1,wetting,6.40892093076184,752.385249278842,-0.00862908597147538,0.00862908597147538,0,0.0553031296959319,0,0.0553031296959319,0.0499462857181374,0.105249415414069,4.12054589097552,0,4.12054589097552,0,0,0,4.12054589097552,0,4.12054589097552,12.9158288340572,1200,14.0278395168091
0.315274109680285,1,wetting,6.40892093076184,756.657863232683,-0.00870052584617734,0.00870052584617734,0,0.0557609822042003,0,0.0557609822042003,0.0499462857181374,0.105707267922338,4.17630687317972,0,4.17630687317972,0,0,0,4.17630687317972,0,4.17630687317972,13.0215361019796,1200,14.0278395168091
0.317301623246344,1,wetting,7.29904883781209,761.523895791225,-0.00877127395485692,0.00877127395485692,0,0.0640219569663299,0,0.0640219569663299,0.0568832698456561,0.120905226811986,4.24032883014605,0,4.24032883014605,0,0,0,4.24032883014605,0,4.24032883014605,13.1424413287915,1200,14.0278395168091
0.318822258420888,1,wetting,5.47428662835907,765.173420210131,-0.00883438656110011,0.00883438656110011,0,0.0483619642211854,0,0.0483619642211854,0.0426624523842438,0.0910244166054292,4.28869079436724,0,4.28869079436724,0,0,0,4.28869079436724,0,4.28869079436724,13.233465745397,1200,14.0278395168091
0.320342893595432,1,wetting,5.47428662835907,768.822944629037,-0.00888636385628059,0.00888636385628059,0,0.0486465028331702,0,0.0486465028331702,0.0426624523842403,0.0913089552174104,4.33733729720041,0,4.33733729720041,0,0,0,4.33733729720041,0,4.33733729720041,13.3247747006144,1200,14.0278395168091
0.321863528769976,1,wetting,5.47428662835907,772.472469047943,-0.0089479696028751,0.0089479696028751,0,0.0489837503479826,0,0.0489837503479826,0.0426624523842438,0.0916462027322264,4.38632104754839,0,4.38632104754839,0,0,0,4.38632104754839,0,4.38632104754839,13.4164209033466,1200,14.0278395168091
0.323595363274318,1,wetting,6.23460421563116,776.628871858364,-0.00901990732290305,0.00901990732290305,0,0.0562355522199737,0,0.0562355522199737,0.048587792993164,0.104823345213138,4.44255659976836,0,4.44255659976836,0,0,0,4.44255659976836,0,4.44255659976836,13.5212442485597,1200,14.0278395168091
0.32532719777866,1,wetting,6.23460421563116,780.785274668784,-0.00908018059214883,0.00908018059214883,0,0.0566113321985034,0,0.0566113321985034,0.048587792993164,0.105199125191667,4.49916793196687,0,4.49916793196687,0,0,0,4.49916793196687,0,4.49916793196687,13.6264433737514,1200,14.0278395168091
0.327059032283002,1,wetting,6.23460421563116,784.941677479205,-0.00915659872635677,0.00915659872635677,0,0.0570877690201869,0,0.0570877690201869,0.048587792993164,0.105675562013351,4.55625570098705,0,4.55625570098705,0,0,0,4.55625570098705,0,4.55625570098705,13.7321189357648,1200,14.0278395168091
0.329031399357392,1,wetting,7.10052146780216,789.67535845774,-0.00924081407321915,0.00924081407321915,0,0.0656145987068609,0,0.0656145987068609,0.0553360975755481,0.120950696282409,4.62187029969391,0,4.62187029969391,0,0,0,4.62187029969391,0,4.62187029969391,13.8530696320472,1200,14.0278395168091
0.331277706303224,1,wetting,8.0867050049969,795.066495127738,-0.00933074394395112,0.00933074394395112,0,0.0754549737518941,0,0.0754549737518941,0.0630216666832641,0.138476640435158,4.69732527344581,0,4.69732527344581,0,0,0,4.69732527344581,0,4.69732527344581,13.9915462724823,1200,14.0278395168091
0.333524013249057,1,wetting,8.0867050049969,800.457631797736,-0.00942306548676681,0.00942306548676681,0,0.0762015508342507,0,0.0762015508342507,0.0630216666832624,0.139223217517513,4.77352682428006,0,4.77352682428006,0,0,0,4.77352682428006,0,4.77352682428006,14.1307694899998,1200,14.0278395168091
0.335770320194889,1,wetting,8.0867050049969,805.848768467734,-0.00963697642195646,0.00963697642195646,0,0.0779313854644724,0,0.0779313854644724,0.0630216666832641,0.140953052147737,4.85145820974453,0,4.85145820974453,0,0,0,4.85145820974453,0,4.85145820974453,14.2717225421476,1200,14.0278395168091
0.337455050404263,1,wetting,6.06502875374768,809.892120970232,-0.00978951602084429,0.00978951602084429,0,0.0593736961516942,0,0.0593736961516942,0.0472662500124468,0.106639946164141,4.91083190589623,0,4.91083190589623,0,0,0,4.91083190589623,0,4.91083190589623,14.3783624883117,1200,14.0278395168091
0.338899104869441,1,wetting,5.19859607464087,813.35785168666,-0.00986772543119653,0.00986772543119653,0,0.0512983186922521,0,0.0512983186922521,0.0405139285820972,0.0918122472743493,4.96213022458848,0,4.96213022458848,0,0,0,4.96213022458848,0,4.96213022458848,14.4701747355861,1200,14.0278395168091
0.340343159334619,1,wetting,5.19859607464087,816.823582403087,-0.00997303138232518,0.00997303138232518,0,0.0518457617964258,0,0.0518457617964258,0.0405139285820972,0.0923596903785231,5.0139759863849,0,5.0139759863849,0,0,0,5.0139759863849,0,5.0139759863849,14.5625344259646,1200,14.0278395168091
0.341787213799797,1,wetting,5.19859607464087,820.289313119514,-0.0100443528688582,0.0100443528688582,0,0.0522165333963539,0,0.0522165333963539,0.0405139285820972,0.0927304619784512,5.06619251978126,0,5.06619251978126,0,0,0,5.06619251978126,0,5.06619251978126,14.655264887943,1200,14.0278395168091
0.343431831385139,1,wetting,5.92062330722988,824.236395324334,-0.0102133004819406,0.0102133004819406,0,0.0604691048771194,0,0.0604691048771194,0.0461408631073876,0.106609967984507,5.12666162465838,0,5.12666162465838,0,0,0,5.12666162465838,0,5.12666162465838,14.7618748559276,1200,14.0278395168091
0.345076448970481,1,wetting,5.92062330722988,828.183477529154,-0.0103497288783181,0.0103497288783181,0,0.0612768460204801,0,0.0612768460204801,0.0461408631073894,0.107417709127869,5.18793847067886,0,5.18793847067886,0,0,0,5.18793847067886,0,5.18793847067886,14.8692925650554,1200,14.0278395168091
0.346486121186488,1,wetting,5.07481997762561,831.566690847571,-0.0103977921156028,0.0103977921156028,0,0.052766923151459,0,0.052766923151459,0.0395493112349037,0.0923162343863626,5.24070539383032,0,5.24070539383032,0,0,0,5.24070539383032,0,5.24070539383032,14.9616087994418,1200,14.0278395168091
0.347694411657351,1,wetting,4.34984569510766,834.466587977642,-0.0104248960923952,0.0104248960923952,0,0.0453466893894498,0,0.0453466893894498,0.0338994096299192,0.079246099019369,5.28605208321977,0,5.28605208321977,0,0,0,5.28605208321977,0,5.28605208321977,15.0408548984612,1200,14.0278395168091
0.349070520249167,1,wetting,4.95399093053928,837.769248598002,-0.0105028838885631,0.0105028838885631,0,0.0520311915284486,0,0.0520311915284486,0.0386076609674078,0.0906388524958563,5.33808327474822,0,5.33808327474822,0,0,0,5.33808327474822,0,5.33808327474822,15.131493750957,1200,14.0278395168091
0.350446628840984,1,wetting,4.95399093053928,841.071909218361,-0.0105807592333513,0.0105807592333513,0,0.0524169852802419,0,0.0524169852802419,0.038607660967406,0.0910246462476479,5.39050026002846,0,5.39050026002846,0,0,0,5.39050026002846,0,5.39050026002846,15.2225183972047,1200,14.0278395168091
0.3518227374328,1,wetting,4.95399093053928,844.374569838721,-0.0106303847129169,0.0106303847129169,0,0.0526628294559336,0,0.0526628294559336,0.0386076609674078,0.0912704904233414,5.44316308948439,0,5.44316308948439,0,0,0,5.44316308948439,0,5.44316308948439,15.313788887628,1200,14.0278395168091
0.353198846024617,1,wetting,4.95399093053928,847.67723045908,-0.0106950472331268,0.0106950472331268,0,0.0529831669945995,0,0.0529831669945995,0.038607660967406,0.0915908279620055,5.49614625647899,0,5.49614625647899,0,0,0,5.49614625647899,0,5.49614625647899,15.40537971559,1200,14.0278395168091
0.354766080809741,1,wetting,5.64204522644752,851.438593943379,-0.0107925382796516,0.0107925382796516,0,0.0608919890819604,0,0.0608919890819604,0.0439698361017697,0.10486182518373,5.55703824556095,0,5.55703824556095,0,0,0,5.55703824556095,0,5.55703824556095,15.5102415407737,1200,14.0278395168091
0.356333315594865,1,wetting,5.64204522644752,855.199957427677,-0.0108976811516493,0.0108976811516493,0,0.0614852099210098,0,0.0614852099210098,0.043969836101768,0.105455046022778,5.61852345548196,0,5.61852345548196,0,0,0,5.61852345548196,0,5.61852345548196,15.6156965867965,1200,14.0278395168091
0.35790055037999,1,wetting,5.64204522644752,858.961320911975,-0.010985462563509,0.010985462563509,0,0.0619804766167639,0,0.0619804766167639,0.043969836101768,0.105950312718532,5.68050393209873,0,5.68050393209873,0,0,0,5.68050393209873,0,5.68050393209873,15.721646899515,1200,14.0278395168091
0.359685456663048,1,wetting,6.42566261900967,863.245095991315,-0.0111348236007883,0.0111348236007883,0,0.0715486197808519,0,0.0715486197808519,0.0500767577825698,0.121625377563422,5.75205255187958,0,5.75205255187958,0,0,0,5.75205255187958,0,5.75205255187958,15.8432722770785,1200,14.0278395168091
0.361470362946106,1,wetting,6.42566261900967,867.528871070655,-0.0112571202784123,0.0112571202784123,0,0.0723344569706899,0,0.0723344569706899,0.0500767577825734,0.122411214753263,5.82438700885027,0,5.82438700885027,0,0,0,5.82438700885027,0,5.82438700885027,15.9656834918317,1200,14.0278395168091
0.363000282617299,1,wetting,5.507710816294,871.200678281518,-0.0113338773899373,0.0113338773899373,0,0.0624237190911078,0,0.0624237190911078,0.0429229352422045,0.105346654333312,5.88681072794138,0,5.88681072794138,0,0,0,5.88681072794138,0,5.88681072794138,16.071030146165,1200,14.0278395168091
0.364530202288492,1,wetting,5.507710816294,874.87248549238,-0.0114140279015324,0.0114140279015324,0,0.0628651649307514,0,0.0628651649307514,0.0429229352422027,0.105788100172954,5.94967589287213,0,5.94967589287213,0,0,0,5.94967589287213,0,5.94967589287213,16.176818246338,1200,14.0278395168091
0.366060121959685,1,wetting,5.507710816294,878.544292703243,-0.0114964505362756,0.0114964505362756,0,0.0633191249676341,0,0.0633191249676341,0.0429229352422045,0.106242060209839,6.01299501783976,0,6.01299501783976,0,0,0,6.01299501783976,0,6.01299501783976,16.2830603065478,1200,14.0278395168091
0.367802530474099,1,wetting,6.27267065189039,882.726073137837,-0.0116079256743859,0.0116079256743859,0,0.0728126947070457,0,0.0728126947070457,0.0488844540258437,0.121697148732889,6.08580771254681,0,6.08580771254681,0,0,0,6.08580771254681,0,6.08580771254681,16.4047574552807,1200,14.0278395168091
0.369544938988513,1,wetting,6.27267065189039,886.90785357243,-0.011770290433871,0.011770290433871,0,0.0738311553687691,0,0.0738311553687691,0.0488844540258402,0.122715609394609,6.15963886791558,0,6.15963886791558,0,0,0,6.15963886791558,0,6.15963886791558,16.5274730646753,1200,14.0278395168091
0.371287347502927,1,wetting,6.27267065189039,891.089634007024,-0.0119085012851099,0.0119085012851099,0,0.074698106519108,0,0.074698106519108,0.0488844540258437,0.123582560544952,6.23433697443468,0,6.23433697443468,0,0,0,6.23433697443468,0,6.23433697443468,16.6510556252203,1200,14.0278395168091
0.372780840515281,1,wetting,5.37657484447748,894.674017236676,-0.0120148272464041,0.0120148272464041,0,0.0645986179337587,0,0.0645986179337587,0.0419009605935816,0.10649957852734,6.29893559236844,0,6.29893559236844,0,0,0,6.29893559236844,0,6.29893559236844,16.7575552037476,1200,14.0278395168091
0.374274333527636,1,wetting,5.37657484447748,898.258400466327,-0.0121400095646931,0.0121400095646931,0,0.0652716700372447,0,0.0652716700372447,0.0419009605935798,0.107172630630825,6.36420726240569,0,6.36420726240569,0,0,0,6.36420726240569,0,6.36420726240569,16.8647278343785,1200,14.0278395168091
0.375767826539991,1,wetting,5.37657484447748,901.842783695979,-0.0122481283944613,0.0122481283944613,0,0.0658529790175909,0,0.0658529790175909,0.0419009605935781,0.107753939611169,6.43006024142328,0,6.43006024142328,0,0,0,6.43006024142328,0,6.43006024142328,16.9724817739896,1200,14.0278395168091
0.377047963407724,1,wetting,4.60849272383784,904.915112178537,-0.012324755670504,0.012324755670504,0,0.0567985468305969,0,0.0567985468305969,0.0359151090802126,0.0927136559108094,6.48685878825387,0,6.48685878825387,0,0,0,6.48685878825387,0,6.48685878825387,17.0651954299004,1200,14.0278395168091
0.378328100275457,1,wetting,4.60849272383784,907.987440661096,-0.0124222581397517,0.0124222581397517,0,0.0572478862506811,0,0.0572478862506811,0.0359151090802108,0.0931629953308919,6.54410667450455,0,6.54410667450455,0,0,0,6.54410667450455,0,6.54410667450455,17.1583584252313,1200,14.0278395168091
0.379608237143189,1,wetting,4.60849272383784,911.059769143654,-0.0124855757122775,0.0124855757122775,0,0.0575396848229572,0,0.0575396848229572,0.0359151090802108,0.093454793903168,6.60164635932751,0,6.60164635932751,0,0,0,6.60164635932751,0,6.60164635932751,17.2518132191345,1200,14.0278395168091
0.381066170798107,1,wetting,5.2485611577042,914.558809915457,-0.0125747645838432,0.0125747645838432,0,0.0659994209620338,0,0.0659994209620338,0.0409033186746832,0.106902739636717,6.66764578028955,0,6.66764578028955,0,0,0,6.66764578028955,0,6.66764578028955,17.3587159587712,1200,14.0278395168091
0.382315828216608,1,wetting,4.4987667066036,917.55798771986,-0.0126369863755627,0.0126369863755627,0,0.056850853578185,0,0.056850853578185,0.035059987435444,0.091910841013629,6.72449663386773,0,6.72449663386773,0,0,0,6.72449663386773,0,6.72449663386773,17.4506267997848,1200,14.0278395168091
0.383739049165457,1,wetting,5.1235954158541,920.973717997096,-0.0127204460575071,0.0127204460575071,0,0.0651744191078628,0,0.0651744191078628,0.0399294301348139,0.105103849242677,6.78967105297559,0,6.78967105297559,0,0,0,6.78967105297559,0,6.78967105297559,17.5557306490275,1200,14.0278395168091
0.385162270114305,1,wetting,5.1235954158541,924.389448274332,-0.0127979488756283,0.0127979488756283,0,0.0655715121915044,0,0.0655715121915044,0.0399294301348103,0.105500942326315,6.8552425651671,0,6.8552425651671,0,0,0,6.8552425651671,0,6.8552425651671,17.6612315913538,1200,14.0278395168091
0.386783160639382,1,wetting,5.83520589027829,928.279585534518,-0.0129173436273678,0.0129173436273678,0,0.0753753596211654,0,0.0753753596211654,0.0454751843202033,0.120850543941369,6.93061792478826,0,6.93061792478826,0,0,0,6.93061792478826,0,6.93061792478826,17.7820821352952,1200,14.0278395168091
0.38840405116446,1,wetting,5.83520589027829,932.169722794703,-0.0130336290872885,0.0130336290872885,0,0.076053909221848,0,0.076053909221848,0.0454751843202033,0.121529093542051,7.00667183401011,0,7.00667183401011,0,0,0,7.00667183401011,0,7.00667183401011,17.9036112288372,1200,14.0278395168091
0.390024941689537,1,wetting,5.83520589027829,936.059860054889,-0.013155537086253,0.013155537086253,0,0.076765267495478,0,0.076765267495478,0.0454751843202015,0.122240451815679,7.08343710150559,0,7.08343710150559,0,0,0,7.08343710150559,0,7.08343710150559,18.0258516806529,1200,14.0278395168091
0.391645832214614,1,wetting,5.83520589027829,939.949997315074,-0.0132680642689658,0.0132680642689658,0,0.0774218867748599,0,0.0774218867748599,0.0454751843201997,0.12289707109506,7.16085898828045,0,7.16085898828045,0,0,0,7.16085898828045,0,7.16085898828045,18.148748751748,1200,14.0278395168091
0.39349184642373,1,wetting,6.64565115281694,944.380431416952,-0.0134354231535109,0.0134354231535109,0,0.0892871353687127,0,0.0892871353687127,0.0517911821424537,0.141078317511166,7.25014612364916,0,7.25014612364916,0,0,0,7.25014612364916,0,7.25014612364916,18.2898270692592,1200,14.0278395168091
0.395337860632846,1,wetting,6.64565115281694,948.81086551883,-0.0135524172414338,0.0135524172414338,0,0.0900646372639908,0,0.0900646372639908,0.0517911821424519,0.141855819406443,7.34021076091315,0,7.34021076091315,0,0,0,7.34021076091315,0,7.34021076091315,18.4316828886656,1200,14.0278395168091
0.396722371289683,1,wetting,4.9842383646127,952.133691095239,-0.0136513764342567,0.0136513764342567,0,0.0680417141533921,0,0.0680417141533921,0.0388433866068407,0.106885100760233,7.40825247506654,0,7.40825247506654,0,0,0,7.40825247506654,0,7.40825247506654,18.5385679894258,1200,14.0278395168091
0.39810688194652,1,wetting,4.9842383646127,955.456516671647,-0.013748416527905,0.013748416527905,0,0.0685253851110594,0,0.0685253851110594,0.0388433866068407,0.1073687717179,7.4767778601776,0,7.4767778601776,0,0,0,7.4767778601776,0,7.4767778601776,18.6459367611437,1200,14.0278395168091
0.399491392603357,1,wetting,4.9842383646127,958.779342248056,-0.0138349848312994,0.0138349848312994,0,0.0689568621699975,0,0.0689568621699975,0.0388433866068354,0.107800248776833,7.5457347223476,0,7.5457347223476,0,0,0,7.5457347223476,0,7.5457347223476,18.7537370099206,1200,14.0278395168091
0.401068196406976,1,wetting,5.67649369303113,962.563671376743,-0.0139719720724791,0.0139719720724791,0,0.0793118113486346,0,0.0793118113486346,0.0442383014133458,0.12355011276198,7.62504653369624,0,7.62504653369624,0,0,0,7.62504653369624,0,7.62504653369624,18.8772871226825,1200,14.0278395168091
0.402419742524365,1,wetting,4.86556602259811,965.807382058475,-0.0140728724270026,0.0140728724270026,0,0.0684724899211817,0,0.0684724899211817,0.0379185440685816,0.106391033989763,7.69351902361742,0,7.69351902361742,0,0,0,7.69351902361742,0,7.69351902361742,18.9836781566723,1200,14.0278395168091
0.403959003380279,1,wetting,5.5413390812923,969.50160811267,-0.0142071444103453,0.0142071444103453,0,0.0787266045546098,0,0.0787266045546098,0.0431850085225509,0.121911613077161,7.77224562817203,0,7.77224562817203,0,0,0,7.77224562817203,0,7.77224562817203,19.1055897697495,1200,14.0278395168091
0.405498264236194,1,wetting,5.5413390812923,973.195834166865,-0.0142915852537671,0.0142915852537671,0,0.0791945199003203,0,0.0791945199003203,0.0431850085225509,0.122379528422871,7.85144014807235,0,7.85144014807235,0,0,0,7.85144014807235,0,7.85144014807235,19.2279692981723,1200,14.0278395168091
0.407037525092108,1,wetting,5.5413390812923,976.89006022106,-0.0144080525107584,0.0144080525107584,0,0.0798399044631772,0,0.0798399044631772,0.0431850085225527,0.12302491298573,7.93128005253552,0,7.93128005253552,0,0,0,7.93128005253552,0,7.93128005253552,19.3509942111581,1200,14.0278395168091
0.408790572178011,1,wetting,6.31096950924956,981.097373227226,-0.0145758750449223,0.0145758750449223,0,0.0919879029791359,0,0.0919879029791359,0.049182926372902,0.141170829352038,8.02326795551466,0,8.02326795551466,0,0,0,8.02326795551466,0,8.02326795551466,19.4921650405101,1200,14.0278395168091
0.410543619263914,1,wetting,6.31096950924956,985.304686233393,-0.0147174940742585,0.0147174940742585,0,0.0928816563552067,0,0.0928816563552067,0.0491829263729056,0.142064582728112,8.11614961186987,0,8.11614961186987,0,0,0,8.11614961186987,0,8.11614961186987,19.6342296232382,1200,14.0278395168091
0.411712317321182,1,wetting,4.20731300616637,988.109561570837,-0.0147703054827898,0.0147703054827898,0,0.062143298362792,0,0.062143298362792,0.0327886175819376,0.0949319159447297,8.17829291023266,0,8.17829291023266,0,0,0,8.17829291023266,0,8.17829291023266,19.729161539183,1200,14.0278395168091
0.413043334553071,1,wetting,4.79166203480059,991.304002927371,-0.0148634793249182,0.0148634793249182,0,0.0712207695862542,0,0.0712207695862542,0.0373425922460928,0.108563361832347,8.24951367981891,0,8.24951367981891,0,0,0,8.24951367981891,0,8.24951367981891,19.8377249010153,1200,14.0278395168091
0.41437435178496,1,wetting,4.79166203480059,994.498444283904,-0.0149509703440808,0.0149509703440808,0,0.0716399969811614,0,0.0716399969811614,0.0373425922460928,0.108982589227254,8.32115367680007,0,8.32115367680007,0,0,0,8.32115367680007,0,8.32115367680007,19.9467074902425,1200,14.0278395168091
0.415890232521278,1,wetting,5.45717065074512,998.136558051068,-0.0150829824140911,0.0150829824140911,0,0.0823104089558827,0,0.0823104089558827,0.0425290633913864,0.124839472347269,8.40346408575596,0,8.40346408575596,0,0,0,8.40346408575596,0,8.40346408575596,20.0715469625898,1200,14.0278395168091
0.417406113257596,1,wetting,5.45717065074512,1001.77467181823,-0.0152049683301771,0.0152049683301771,0,0.0829761069169515,0,0.0829761069169515,0.0425290633913846,0.125505170308336,8.48644019267291,0,8.48644019267291,0,0,0,8.48644019267291,0,8.48644019267291,20.1970521328982,1200,14.0278395168091
0.418921993993914,1,wetting,5.45717065074512,1005.41278558539,-0.0153345298654059,0.0153345298654059,0,0.0836831463244676,0,0.0836831463244676,0.0425290633913882,0.126212209715856,8.57012333899738,0,8.57012333899738,0,0,0,8.57012333899738,0,8.57012333899738,20.323264342614,1200,14.0278395168091
0.420437874730233,1,wetting,5.45717065074512,1009.05089935256,-0.0154466345684154,0.0154466345684154,0,0.0842949208195416,0,0.0842949208195416,0.0425290633913864,0.126823984210928,8.65441825981692,0,8.65441825981692,0,0,0,8.65441825981692,0,8.65441825981692,20.4500883268249,1200,14.0278395168091
0.421953755466551,1,wetting,5.45717065074512,1012.68901311972,-0.0156134457759642,0.0156134457759642,0,0.0852052380455923,0,0.0852052380455923,0.0425290633913846,0.127734301436977,8.73962349786251,0,8.73962349786251,0,0,0,8.73962349786251,0,8.73962349786251,20.5778226282619,1200,14.0278395168091
0.423469636202869,1,wetting,5.45717065074512,1016.32712688688,-0.0157650437575741,0.0157650437575741,0,0.0860325341015458,0,0.0860325341015458,0.0425290633913846,0.12856159749293,8.82565603196406,0,8.82565603196406,0,0,0,8.82565603196406,0,8.82565603196406,20.7063842257548,1200,14.0278395168091
0.424480223360414,1,wetting,3.63811376716341,1018.75253606499,-0.0158188126479037,0.0158188126479037,0,0.0575506400745172,0,0.0575506400745172,0.0283527089275921,0.0859033490021093,8.88320667203857,0,8.88320667203857,0,0,0,8.88320667203857,0,8.88320667203857,20.792287574757,1200,14.0278395168091
0.425490810517959,1,wetting,3.63811376716341,1021.1779452431,-0.0158544642868142,0.0158544642868142,0,0.0576803447928596,0,0.0576803447928596,0.0283527089275886,0.0860330537204481,8.94088701683143,0,8.94088701683143,0,0,0,8.94088701683143,0,8.94088701683143,20.8783206284774,1200,14.0278395168091
0.426782116330379,1,wetting,4.6487009247088,1024.27707919291,-0.0159362176956029,0.0159362176956029,0,0.07408270993791,0,0.07408270993791,0.0362284614074735,0.110311171345384,9.01496972676934,0,9.01496972676934,0,0,0,9.01496972676934,0,9.01496972676934,20.9886317998228,1200,14.0278395168091
0.428073422142798,1,wetting,4.6487009247088,1027.37621314271,-0.0160047711369492,0.0160047711369492,0,0.0744013943840886,0,0.0744013943840886,0.0362284614074753,0.110629855791564,9.08937112115343,0,9.08937112115343,0,0,0,9.08937112115343,0,9.08937112115343,21.0992616556144,1200,14.0278395168091
0.429364727955217,1,wetting,4.6487009247088,1030.47534709252,-0.016097989807453,0.016097989807453,0,0.0748347401038597,0,0.0748347401038597,0.0362284614074753,0.111063201511335,9.16420586125729,0,9.16420586125729,0,0,0,9.16420586125729,0,9.16420586125729,21.2103248571257,1200,14.0278395168091
0.430835381797138,1,wetting,5.29435383091836,1034.00491631313,-0.0162572117013475,0.0162572117013475,0,0.0860714310510801,0,0.0860714310510801,0.0412601921585161,0.127331623209596,9.25027729230837,0,9.25027729230837,0,0,0,9.25027729230837,0,9.25027729230837,21.3376564803353,1200,14.0278395168091
0.43230603563906,1,wetting,5.29435383091836,1037.53448553374,-0.0164719005379904,0.0164719005379904,0,0.0872080697158155,0,0.0872080697158155,0.0412601921585143,0.12846826187433,9.33748536202419,0,9.33748536202419,0,0,0,9.33748536202419,0,9.33748536202419,21.4661247422096,1200,14.0278395168091
0.433566596074993,1,wetting,4.53801756935859,1040.55983057998,-0.0165416702154728,0.0165416702154728,0,0.0750663900643513,0,0.0750663900643513,0.035365878993014,0.110432269057365,9.41255175208854,0,9.41255175208854,0,0,0,9.41255175208854,0,9.41255175208854,21.576557011267,1200,14.0278395168091
0.434827156510926,1,wetting,4.53801756935859,1043.58517562622,-0.0166282537224748,0.0166282537224748,0,0.0754593075403429,0,0.0754593075403429,0.0353658789930122,0.110825186533355,9.48801105962888,0,9.48801105962888,0,0,0,9.48801105962888,0,9.48801105962888,21.6873821978003,1200,14.0278395168091
0.436087716946859,1,wetting,4.53801756935859,1046.61052067246,-0.0166887983002158,0.0166887983002158,0,0.0757340598978612,0,0.0757340598978612,0.0353658789930105,0.111099938890872,9.56374511952674,0,9.56374511952674,0,0,0,9.56374511952674,0,9.56374511952674,21.7984821366912,1200,14.0278395168091
0.437523355221116,1,wetting,5.16829778732506,1050.05605253068,-0.016767669344787,0.016767669344787,0,0.0866603083732607,0,0.0866603083732607,0.0402778066309324,0.126938115004193,9.6504054279,0,9.6504054279,0,0,0,9.6504054279,0,9.6504054279,21.9254202516954,1200,14.0278395168091
0.438958993495373,1,wetting,5.16829778732506,1053.5015843889,-0.0168720173959641,0.0168720173959641,0,0.0871996101752714,0,0.0871996101752714,0.0402778066309306,0.127477416806202,9.73760503807528,0,9.73760503807528,0,0,0,9.73760503807528,0,9.73760503807528,22.0528976685016,1200,14.0278395168091
0.44039463176963,1,wetting,5.16829778732506,1056.94711624711,-0.0169754647406299,0.0169754647406299,0,0.0877342568578121,0,0.0877342568578121,0.0402778066309359,0.128012063488748,9.82533929493309,0,9.82533929493309,0,0,0,9.82533929493309,0,9.82533929493309,22.1809097319903,1200,14.0278395168091
0.442029664248645,1,wetting,5.88611692445354,1060.87119419675,-0.0171535789345548,0.0171535789345548,0,0.100967971281633,0,0.100967971281633,0.0458719464407817,0.146839917722414,9.92630726621472,0,9.92630726621472,0,0,0,9.92630726621472,0,9.92630726621472,22.3277496497128,1200,14.0278395168091
0.44366469672766,1,wetting,5.88611692445354,1064.79527214638,-0.0173160278883294,0.0173160278883294,0,0.101924164817805,0,0.101924164817805,0.04587194644078,0.147796111258585,10.0282314310325,0,10.0282314310325,0,0,0,10.0282314310325,0,10.0282314310325,22.4755457609713,1200,14.0278395168091
0.445066153138244,1,wetting,5.04524307810304,1068.15876753179,-0.0174457599350448,0.0174457599350448,0,0.0880180995545323,0,0.0880180995545323,0.0393188112349563,0.127336910789489,10.1162495305871,0,10.1162495305871,0,0,0,10.1162495305871,0,10.1162495305871,22.6028826717608,1200,14.0278395168091
0.446267401490173,1,wetting,4.32449406694546,1071.04176357642,-0.0175273577939044,0.0175273577939044,0,0.0757969547889699,0,0.0757969547889699,0.0337018382013916,0.109498792990362,10.192046485376,0,10.192046485376,0,0,0,10.192046485376,0,10.192046485376,22.7123814647512,1200,14.0278395168091
0.447635489890982,1,wetting,4.92511824291011,1074.32517573836,-0.0176426435558583,0.0176426435558583,0,0.0868921056301183,0,0.0868921056301183,0.0383826490626937,0.125274754692812,10.2789385910061,0,10.2789385910061,0,0,0,10.2789385910061,0,10.2789385910061,22.837656219444,1200,14.0278395168091
0.44900357829179,1,wetting,4.92511824291011,1077.6085879003,-0.0177592448396146,0.0177592448396146,0,0.0874663807398929,0,0.0874663807398929,0.0383826490626973,0.12584902980259,10.366404971746,0,10.366404971746,0,0,0,10.366404971746,0,10.366404971746,22.9635052492466,1200,14.0278395168091
0.450176225492483,1,wetting,4.22152992249438,1080.42294118196,-0.0178519953343984,0.0178519953343984,0,0.0753627324803928,0,0.0753627324803928,0.032899413482312,0.108262145962705,10.4417677042264,0,10.4417677042264,0,0,0,10.4417677042264,0,10.4417677042264,23.0717673952093,1200,14.0278395168091
0.451511740359939,1,wetting,4.80785352284082,1083.62817686385,-0.018003684563614,0.018003684563614,0,0.0865590782532865,0,0.0865590782532865,0.0374687764659623,0.124027854719249,10.5283267824797,0,10.5283267824797,0,0,0,10.5283267824797,0,10.5283267824797,23.1957952499285,1200,14.0278395168091
0.452847255227394,1,wetting,4.80785352284082,1086.83341254575,-0.0181156478907823,0.0181156478907823,0,0.0870973815302414,0,0.0870973815302414,0.0374687764659658,0.124566157996207,10.61542416401,0,10.61542416401,0,0,0,10.61542416401,0,10.61542416401,23.3203614079248,1200,14.0278395168091
0.45418277009485,1,wetting,4.80785352284082,1090.03864822764,-0.0182086782858287,0.0182086782858287,0,0.0875446580427964,0,0.0875446580427964,0.037468776465964,0.12501343450876,10.7029688220528,0,10.7029688220528,0,0,0,10.7029688220528,0,10.7029688220528,23.4453748424335,1200,14.0278395168091
0.455518284962306,1,wetting,4.80785352284082,1093.24388390953,-0.0183006832665345,0.0183006832665345,0,0.0879870045134018,0,0.0879870045134018,0.0374687764659623,0.125455780979364,10.7909558265662,0,10.7909558265662,0,0,0,10.7909558265662,0,10.7909558265662,23.5708306234129,1200,14.0278395168091
0.456853799829762,1,wetting,4.80785352284082,1096.44911959143,-0.0183797564993382,0.0183797564993382,0,0.0883671770342998,0,0.0883671770342998,0.0374687764659658,0.125835953500266,10.8793230036005,0,10.8793230036005,0,0,0,10.8793230036005,0,10.8793230036005,23.6966665769131,1200,14.0278395168091
0.458189314697217,1,wetting,4.80785352284082,1099.65435527332,-0.018488027696838,0.018488027696838,0,0.0888877290926211,0,0.0888877290926211,0.0374687764659658,0.126356505558587,10.9682107326931,0,10.9682107326931,0,0,0,10.9682107326931,0,10.9682107326931,23.8230230824717,1200,14.0278395168091
0.459524829564673,1,wetting,4.80785352284082,1102.85959095522,-0.0185796689116547,0.0185796689116547,0,0.0893283266301149,0,0.0893283266301149,0.037468776465964,0.126797103096079,11.0575390593232,0,11.0575390593232,0,0,0,11.0575390593232,0,11.0575390593232,23.9498201855678,1200,14.0278395168091
0.460860344432129,1,wetting,4.80785352284082,1106.06482663711,-0.0187055196139262,0.0187055196139262,0,0.0899333983723829,0,0.0899333983723829,0.0374687764659658,0.127402174838349,11.1474724576956,0,11.1474724576956,0,0,0,11.1474724576956,0,11.1474724576956,24.0772223604062,1200,14.0278395168091
0.462195859299585,1,wetting,4.80785352284082,1109.270062319,-0.0188760100620292,0.0188760100620292,0,0.0907530914739059,0,0.0907530914739059,0.0374687764659623,0.128221867939868,11.2382255491695,0,11.2382255491695,0,0,0,11.2382255491695,0,11.2382255491695,24.205444228346,1200,14.0278395168091
0.463531374167041,1,wetting,4.80785352284082,1112.4752980009,-0.0190327271664508,0.0190327271664508,0,0.0915065643564888,0,0.0915065643564888,0.037468776465964,0.128975340822453,11.329732113526,0,11.329732113526,0,0,0,11.329732113526,0,11.329732113526,24.3344195691685,1200,14.0278395168091
0.464676101196288,1,wetting,4.12101730529213,1115.22264287109,-0.019113903232598,0.019113903232598,0,0.0787687259932156,0,0.0787687259932156,0.032116094113686,0.110884820106902,11.4085008395192,0,11.4085008395192,0,0,0,11.4085008395192,0,11.4085008395192,24.4453043892754,1200,14.0278395168091
0.465979818090709,1,wetting,4.69338081991604,1118.3515634177,-0.0192354712543852,0.0192354712543852,0,0.0902793918473778,0,0.0902793918473778,0.0365766627405826,0.12685605458796,11.4987802313666,0,11.4987802313666,0,0,0,11.4987802313666,0,11.4987802313666,24.5721604438633,1200,14.0278395168091
0.467283534985131,1,wetting,4.69338081991604,1121.48048396431,-0.0193192446278154,0.0193192446278154,0,0.0906725721914546,0,0.0906725721914546,0.0365766627405861,0.127249234932041,11.589452803558,0,11.589452803558,0,0,0,11.589452803558,0,11.589452803558,24.6994096787954,1200,14.0278395168091
0.468587251879552,1,wetting,4.69338081991604,1124.60940451092,-0.0194621963005916,0.0194621963005916,0,0.0913434988306375,0,0.0913434988306375,0.0365766627405826,0.12792016157122,11.6807963023887,0,11.6807963023887,0,0,0,11.6807963023887,0,11.6807963023887,24.8273298403666,1200,14.0278395168091
0.469890968773973,1,wetting,4.69338081991604,1127.73832505753,-0.0195852548040416,0.0195852548040416,0,0.0919210592504573,0,0.0919210592504573,0.0365766627405844,0.128497721991042,11.7727173616391,0,11.7727173616391,0,0,0,11.7727173616391,0,11.7727173616391,24.9558275623576,1200,14.0278395168091
0.471008440397762,1,wetting,4.02289784564232,1130.42025695463,-0.0196693930664494,0.0196693930664494,0,0.0791279589921112,0,0.0791279589921112,0.0313514252062159,0.110479384198327,11.8518453206312,0,11.8518453206312,0,0,0,11.8518453206312,0,11.8518453206312,25.066306946556,1200,14.0278395168091
0.472281116413745,1,wetting,4.58163365753708,1133.47467939299,-0.0197842522651558,0.0197842522651558,0,0.0906441960672422,0,0.0906441960672422,0.0357057898181896,0.126349985885432,11.9424895166985,0,11.9424895166985,0,0,0,11.9424895166985,0,11.9424895166985,25.1926569324414,1200,14.0278395168091
0.473553792429727,1,wetting,4.58163365753708,1136.52910183135,-0.0198764818803094,0.0198764818803094,0,0.0910667583762516,0,0.0910667583762516,0.0357057898181896,0.126772548194441,12.0335562750747,0,12.0335562750747,0,0,0,12.0335562750747,0,12.0335562750747,25.3194294806358,1200,14.0278395168091
0.474644657586284,1,wetting,3.92711456360321,1139.14717820708,-0.0199560400686624,0.0199560400686624,0,0.0783696555854932,0,0.0783696555854932,0.0306049627013092,0.108974618286802,12.1119259306602,0,12.1119259306602,0,0,0,12.1119259306602,0,12.1119259306602,25.4284040989226,1200,14.0278395168091
0.47573552274284,1,wetting,3.92711456360321,1141.76525458282,-0.020006446858454,0.020006446858454,0,0.0785676088237883,0,0.0785676088237883,0.0306049627013039,0.109172571525092,12.190493539484,0,12.190493539484,0,0,0,12.190493539484,0,12.190493539484,25.5375766704477,1200,14.0278395168091
0.476977896948919,1,wetting,4.47254714188144,1144.7469526774,-0.0201056900024045,0.0201056900024045,0,0.0899236463558085,0,0.0899236463558085,0.0348556519653762,0.124779298321185,12.2804171858398,0,12.2804171858398,0,0,0,12.2804171858398,0,12.2804171858398,25.6623559687689,1200,14.0278395168091
0.478392823128063,1,wetting,5.09373424492053,1148.14277550735,-0.020234196408878,0.020234196408878,0,0.10306761916635,0,0.10306761916635,0.039696714738346,0.142764333904696,12.3834848050062,0,12.3834848050062,0,0,0,12.3834848050062,0,12.3834848050062,25.8051203026736,1200,14.0278395168091
0.479807749307208,1,wetting,5.09373424492053,1151.5385983373,-0.0203851217668086,0.0203851217668086,0,0.103836392830468,0,0.103836392830468,0.0396967147383442,0.143533107568812,12.4873211978366,0,12.4873211978366,0,0,0,12.4873211978366,0,12.4873211978366,25.9486534102424,1200,14.0278395168091
0.481020543175046,1,wetting,4.36605792421759,1154.44930362011,-0.0204995065439597,0.0204995065439597,0,0.0895020329888056,0,0.0895020329888056,0.0340257554900099,0.123527788478815,12.5768232308254,0,12.5768232308254,0,0,0,12.5768232308254,0,12.5768232308254,26.0721811987212,1200,14.0278395168091
0.482401780635639,1,wetting,4.9724548581367,1157.76427352553,-0.0206311943829679,0.0206311943829679,0,0.102587682738751,0,0.102587682738751,0.0387515548636195,0.141339237602371,12.6794109135642,0,12.6794109135642,0,0,0,12.6794109135642,0,12.6794109135642,26.2135204363236,1200,14.0278395168091
0.483783018096233,1,wetting,4.9724548581367,1161.07924343096,-0.0207403978895787,0.0207403978895787,0,0.103130692245724,0,0.103130692245724,0.038751554863623,0.141882247109347,12.7825416058099,0,12.7825416058099,0,0,0,12.7825416058099,0,12.7825416058099,26.355402683433,1200,14.0278395168091
0.485164255556827,1,wetting,4.9724548581367,1164.39421333638,-0.0208936945912547,0.0208936945912547,0,0.103892953174709,0,0.103892953174709,0.0387515548636213,0.14264450803833,12.8864345589846,0,12.8864345589846,0,0,0,12.8864345589846,0,12.8864345589846,26.4980471914713,1200,14.0278395168091
0.48654549301742,1,wetting,4.9724548581367,1167.70918324181,-0.0210654542328445,0.0210654542328445,0,0.104747020238964,0,0.104747020238964,0.0387515548636213,0.143498575102585,12.9911815792236,0,12.9911815792236,0,0,0,12.9911815792236,0,12.9911815792236,26.6415457665739,1200,14.0278395168091
0.487729410840786,1,wetting,4.26210416411717,1170.55058601789,-0.021183408958192,0.021183408958192,0,0.0902858955309071,0,0.0902858955309071,0.0332156184545305,0.123501513985438,13.0814674747545,0,13.0814674747545,0,0,0,13.0814674747545,0,13.0814674747545,26.7650472805593,1200,14.0278395168091
0.488913328664152,1,wetting,4.26210416411717,1173.39198879396,-0.0213106311649826,0.0213106311649826,0,0.0908281298282375,0,0.0908281298282375,0.033215618454534,0.124043748282772,13.1722956045827,0,13.1722956045827,0,0,0,13.1722956045827,0,13.1722956045827,26.8890910288421,1200,14.0278395168091
0.490097246487518,1,wetting,4.26210416411717,1176.23339157004,-0.021390832414236,0.021390832414236,0,0.0911699559066479,0,0.0911699559066479,0.0332156184545358,0.124385574361184,13.2634655604894,0,13.2634655604894,0,0,0,13.2634655604894,0,13.2634655604894,27.0134766032033,1200,14.0278395168091
0.491281164310883,1,wetting,4.26210416411717,1179.07479434612,-0.0214910053083827,0.0214910053083827,0,0.0915969032159223,0,0.0915969032159223,0.0332156184545305,0.124812521670453,13.3550624637053,0,13.3550624637053,0,0,0,13.3550624637053,0,13.3550624637053,27.1382891248737,1200,14.0278395168091
0.492629515165272,1,wetting,4.85406307580012,1182.31083639665,-0.0216451953864824,0.0216451953864824,0,0.105067143694003,0,0.105067143694003,0.0378288987954392,0.142896042489442,13.4601296073993,0,13.4601296073993,0,0,0,13.4601296073993,0,13.4601296073993,27.2811851673632,1200,14.0278395168091
0.493977866019661,1,wetting,4.85406307580012,1185.54687844719,-0.0217690297863265,0.0217690297863265,0,0.105668243681801,0,0.105668243681801,0.0378288987954409,0.143497142477241,13.5657978510811,0,13.5657978510811,0,0,0,13.5657978510811,0,13.5657978510811,27.4246823098404,1200,14.0278395168091
0.495133595323423,1,wetting,4.16062549354296,1188.32062877622,-0.0218682780532242,0.0218682780532242,0,0.0909857151681304,0,0.0909857151681304,0.0324247703960889,0.123410485564219,13.6567835662492,0,13.6567835662492,0,0,0,13.6567835662492,0,13.6567835662492,27.5480927954046,1200,14.0278395168091
0.496289324627185,1,wetting,4.16062549354296,1191.09437910524,-0.0219484629487317,0.0219484629487317,0,0.0913193344885762,0,0.0913193344885762,0.0324247703960943,0.12374410488467,13.7481029007378,0,13.7481029007378,0,0,0,13.7481029007378,0,13.7481029007378,27.6718369002893,1200,14.0278395168091
0.497445053930947,1,wetting,4.16062549354296,1193.86812943427,-0.0220248569701607,0.0220248569701607,0,0.0916371814016878,0,0.0916371814016878,0.0324247703960925,0.12406195179778,13.8397400821395,0,13.8397400821395,0,0,0,13.8397400821395,0,13.8397400821395,27.7958988520871,1200,14.0278395168091
0.498600783234709,1,wetting,4.16062549354296,1196.6418797633,-0.0221260241536229,0.0221260241536229,0,0.0920581001643105,0,0.0920581001643105,0.0324247703960907,0.124482870560401,13.9317981823038,0,13.9317981823038,0,0,0,13.9317981823038,0,13.9317981823038,27.9203817226475,1200,14.0278395168091
0.499756512538471,1,wetting,4.16062549354296,1199.41563009233,-0.0222912603211977,0.0222912603211977,0,0.0927455859755778,0,0.0927455859755778,0.0324247703960925,0.12517035637167,14.0245437682794,0,14.0245437682794,0,0,0,14.0245437682794,0,14.0245437682794,28.0455520790192,1200,14.0278395168091
0.5,1,wetting,0.876554861504701,1200,-0.0223168601393882,0.0223168601393882,0,0.0195619522487012,0,0.0195619522487012,0.00683120606937138,0.0263931583180726,14.0441057205281,0,14.0441057205281,0,0,0,14.0441057205281,0,14.0441057205281,28.0719452373372,1200,14.0278395168091
0.500344940570499,1,wetting,1.24178605379833,1200,-0.0222751286543178,0.0222751286543178,0,0.0276609441094954,0,0.0276609441094954,0,0.0276609441094954,14.0717666646376,0,14.0717666646376,0,0,0,14.0717666646376,0,14.0717666646376,28.0996061814467,1200,14.0278395168091
0.500785697966138,1,wetting,1.58672662429786,1200,-0.0222139636113114,0.0222139636113114,0,0.0352474874932517,0,0.0352474874932517,0,0.0352474874932517,14.1070141521308,0,14.1070141521308,0,0,0,14.1070141521308,0,14.1070141521308,28.13485366894,1200,14.0278395168091
0.501348887971676,1,wetting,2.02748401993616,1200,-0.0221383727098007,0.0221383727098007,0,0.0448851968965115,0,0.0448851968965115,0,0.0448851968965115,14.1518993490273,0,14.1518993490273,0,0,0,14.1518993490273,0,14.1518993490273,28.1797388658365,1200,14.0278395168091
0.502068519645418,1,wetting,2.59067402547398,1200,-0.0220518250390203,0.0220518250390203,0,0.0571290903428867,0,0.0571290903428867,0,0.0571290903428867,14.2090284393702,0,14.2090284393702,0,0,0,14.2090284393702,0,14.2090284393702,28.2368679561794,1200,14.0278395168091
0.502988049006312,1,wetting,3.31030569921675,1200,-0.0219750934235714,0.0219750934235714,0,0.0727442770008689,0,0.0727442770008689,0,0.0727442770008689,14.2817727163711,0,14.2817727163711,0,0,0,14.2817727163711,0,14.2817727163711,28.3096122331802,1200,14.0278395168091
0.504035290778441,1,wetting,3.77007037966352,1200,-0.0218937490115361,0.0218937490115361,0,0.0825409746481799,0,0.0825409746481799,0,0.0825409746481799,14.3643136910193,0,14.3643136910193,0,0,0,14.3643136910193,0,14.3643136910193,28.3921532078284,1200,14.0278395168091
0.505227982796698,1,wetting,4.2936912657279,1200,-0.0217492386392754,0.0217492386392754,0,0.0933845159816883,0,0.0933845159816883,0,0.0933845159816883,14.457698207001,0,14.457698207001,0,0,0,14.457698207001,0,14.457698207001,28.4855377238101,1200,14.0278395168091
0.506420674814956,1,wetting,4.2936912657279,1200,-0.021603042330944,0.021603042330944,0,0.0927567941695244,0,0.0927567941695244,0,0.0927567941695244,14.5504550011705,0,14.5504550011705,0,0,0,14.5504550011705,0,14.5504550011705,28.5782945179796,1200,14.0278395168091
0.507944670171619,1,wetting,5.48638328398564,1200,-0.0214376888636862,0.0214376888636862,0,0.117615377829013,0,0.117615377829013,0,0.117615377829013,14.6680703789995,0,14.6680703789995,0,0,0,14.6680703789995,0,14.6680703789995,28.6959098958086,1200,14.0278395168091
0.509891997571799,1,wetting,7.01037864064832,1200,-0.0212472670399406,0.0212472670399406,0,0.148951387028951,0,0.148951387028951,0,0.148951387028951,14.8170217660285,0,14.8170217660285,0,0,0,14.8170217660285,0,14.8170217660285,28.8448612828376,1200,14.0278395168091
0.512109787110893,1,wetting,7.98404234073837,1200,-0.0210506281601541,0.0210506281601541,0,0.16806910652981,0,0.16806910652981,0,0.16806910652981,14.9850908725583,0,14.9850908725583,0,0,0,14.9850908725583,0,14.9850908725583,29.0129303893674,1200,14.0278395168091
0.514635602974861,1,wetting,9.09293711028536,1200,-0.020843826673375,0.020843826673375,0,0.189531605078687,0,0.189531605078687,0,0.189531605078687,15.174622477637,0,15.174622477637,0,0,0,15.174622477637,0,15.174622477637,29.2024619944461,1200,14.0278395168091
0.517512226597714,1,wetting,10.3558450422694,1200,-0.0206301986437725,0.0206301986437725,0,0.213643140346145,0,0.213643140346145,0,0.213643140346145,15.3882656179831,0,15.3882656179831,0,0,0,15.3882656179831,0,15.3882656179831,29.4161051347922,1200,14.0278395168091
0.520788381279296,1,wetting,11.7941568536957,1200,-0.0204127214921796,0.0204127214921796,0,0.240750839089573,0,0.240750839089573,0,0.240750839089573,15.6290164570727,0,15.6290164570727,0,0,0,15.6290164570727,0,15.6290164570727,29.6568559738818,1200,14.0278395168091
0.524519557444431,1,wetting,13.4322341944868,1200,-0.0201916880541335,0.0201916880541335,0,0.271219482725143,0,0.271219482725143,0,0.271219482725143,15.9002359397978,0,15.9002359397978,0,0,0,15.9002359397978,0,15.9002359397978,29.928075456607,1200,14.0278395168091
0.528768952521391,1,wetting,15.2978222770544,1200,-0.0199607365791573,0.0199607365791573,0,0.305355800707048,0,0.305355800707048,0,0.305355800707048,16.2055917405049,0,16.2055917405049,0,0,0,16.2055917405049,0,16.2055917405049,30.233431257314,1200,14.0278395168091
0.533608541359039,1,wetting,17.4225198155342,1200,-0.0197213243563907,0.0197213243563907,0,0.343595164387795,0,0.343595164387795,0,0.343595164387795,16.5491869048927,0,16.5491869048927,0,0,0,16.5491869048927,0,16.5491869048927,30.5770264217018,1200,14.0278395168091
0.539120295313028,1,wetting,19.8423142343584,1200,-0.0194753957321773,0.0194753957321773,0,0.386436921956344,0,0.386436921956344,0,0.386436921956344,16.935623826849,0,16.935623826849,0,0,0,16.935623826849,0,16.935623826849,30.9634633436581,1200,14.0278395168091
0.545397570649514,1,wetting,22.5981912113526,1200,-0.0192157762934391,0.0192157762934391,0,0.434241786953714,0,0.434241786953714,0,0.434241786953714,17.3698656138027,0,17.3698656138027,0,0,0,17.3698656138027,0,17.3698656138027,31.3977051306119,1200,14.0278395168091
0.551674845986001,1,wetting,22.5981912113526,1200,-0.0189761458202402,0.0189761458202402,0,0.428826571700299,0,0.428826571700299,0,0.428826571700299,17.798692185503,0,17.798692185503,0,0,0,17.798692185503,0,17.798692185503,31.8265317023122,1200,14.0278395168091
0.558823965119222,1,wetting,25.7368288795961,1200,-0.0187228152494679,0.0187228152494679,0,0.481865892219847,0,0.481865892219847,0,0.481865892219847,18.2805580777229,0,18.2805580777229,0,0,0,18.2805580777229,0,18.2805580777229,32.308397594532,1200,14.0278395168091
0.565973084252444,1,wetting,25.7368288795961,1200,-0.0184889389758204,0.0184889389758204,0,0.475846658585984,0,0.475846658585984,0,0.475846658585984,18.7564047363088,0,18.7564047363088,0,0,0,18.7564047363088,0,18.7564047363088,32.784244253118,1200,14.0278395168091
0.574115136598612,1,wetting,29.3113884462066,1200,-0.0182421929398899,0.0182421929398899,0,0.534704003371761,0,0.534704003371761,0,0.534704003371761,19.2911087396806,0,19.2911087396806,0,0,0,19.2911087396806,0,19.2911087396806,33.3189482564898,1200,14.0278395168091
0.583388029548415,1,wetting,33.3824146192909,1200,-0.0179744193828058,0.0179744193828058,0,0.60002952037784,0,0.60002952037784,0,0.60002952037784,19.8911382600584,0,19.8911382600584,0,0,0,19.8911382600584,0,19.8911382600584,33.9189777768676,1200,14.0278395168091
0.592660922498218,1,wetting,33.3824146192909,1200,-0.0177276568509622,0.0177276568509622,0,0.591791991227331,0,0.591791991227331,0,0.591791991227331,20.4829302512858,0,20.4829302512858,0,0,0,20.4829302512858,0,20.4829302512858,34.5107697680949,1200,14.0278395168091
0.603221717246605,1,wetting,38.0188610941924,1200,-0.017488486070806,0.017488486070806,0,0.664892322673691,0,0.664892322673691,0,0.664892322673691,21.1478225739595,0,21.1478225739595,0,0,0,21.1478225739595,0,21.1478225739595,35.1756620907686,1200,14.0278395168091
0.613782511994992,1,wetting,38.0188610941924,1200,-0.017267622414986,0.017267622414986,0,0.656495338022317,0,0.656495338022317,0,0.656495338022317,21.8043179119818,0,21.8043179119818,0,0,0,21.8043179119818,0,21.8043179119818,35.8321574287909,1200,14.0278395168091
0.625810083791766,1,wetting,43.2992584683858,1200,-0.0170381440428081,0.0170381440428081,0,0.737739002731134,0,0.737739002731134,0,0.737739002731134,22.5420569147129,0,22.5420569147129,0,0,0,22.5420569147129,0,22.5420569147129,36.5698964315221,1200,14.0278395168091
0.639508151671425,1,wetting,49.3130443667727,1200,-0.0167848788327114,0.0167848788327114,0,0.827713474568403,0,0.827713474568403,0,0.827713474568403,23.3697703892813,0,23.3697703892813,0,0,0,23.3697703892813,0,23.3697703892813,37.3976099060905,1200,14.0278395168091
0.653206219551084,1,wetting,49.3130443667727,1200,-0.016562346988399,0.016562346988399,0,0.816739751856801,0,0.816739751856801,0,0.816739751856801,24.1865101411381,0,24.1865101411381,0,0,0,24.1865101411381,0,24.1865101411381,38.2143496579473,1200,14.0278395168091
0.668806796858473,1,wetting,56.1620783066022,1200,-0.0163240081019267,0.0163240081019267,0,0.916790221298019,0,0.916790221298019,0,0.916790221298019,25.1033003624361,0,25.1033003624361,0,0,0,25.1033003624361,0,25.1033003624361,39.1311398792453,1200,14.0278395168091
0.684407374165863,1,wetting,56.1620783066022,1200,-0.0160919294125152,0.0160919294125152,0,0.903756199769995,0,0.903756199769995,0,0.903756199769995,26.0070565622061,0,26.0070565622061,0,0,0,26.0070565622061,0,26.0070565622061,40.0348960790153,1200,14.0278395168091
0.700007951473252,1,wetting,56.1620783066022,1200,-0.0158796709071977,0.0158796709071977,0,0.89183532097311,0,0.89183532097311,0,0.89183532097311,26.8988918831792,0,26.8988918831792,0,0,0,26.8988918831792,0,26.8988918831792,40.9267313999884,1200,14.0278395168091
0.715608528780642,1,wetting,56.1620783066022,1200,-0.0156910653954089,0.0156910653954089,0,0.88124284345097,0,0.88124284345097,0,0.88124284345097,27.7801347266302,0,27.7801347266302,0,0,0,27.7801347266302,0,27.7801347266302,41.8079742434394,1200,14.0278395168091
0.73337585293628,1,wetting,63.962366960297,1200,-0.0154920395614595,0.0154920395614595,0,0.990907519393509,0,0.990907519393509,0,0.990907519393509,28.7710422460237,0,28.7710422460237,0,0,0,28.7710422460237,0,28.7710422460237,42.7988817628329,1200,14.0278395168091
0.751143177091918,1,wetting,63.962366960297,1200,-0.015304550386793,0.015304550386793,0,0.978915268002412,0,0.978915268002412,0,0.978915268002412,29.7499575140261,0,29.7499575140261,0,0,0,29.7499575140261,0,29.7499575140261,43.7777970308353,1200,14.0278395168091
0.768910501247556,1,wetting,63.962366960297,1200,-0.0151269558908787,0.0151269558908787,0,0.967555903684611,0,0.967555903684611,0,0.967555903684611,30.7175134177107,0,30.7175134177107,0,0,0,30.7175134177107,0,30.7175134177107,44.7453529345199,1200,14.0278395168091
0.789145509313699,1,wetting,72.846029038116,1200,-0.014942667915446,0.014942667915446,0,1.0885140208755,0,1.0885140208755,0,1.0885140208755,31.8060274385863,0,31.8060274385863,0,0,0,31.8060274385863,0,31.8060274385863,45.8338669553954,1200,14.0278395168091
0.809380517379843,1,wetting,72.846029038116,1200,-0.0147723172305711,0.0147723172305711,0,1.07610464993844,0,1.07610464993844,0,1.07610464993844,32.8821320885247,0,32.8821320885247,0,0,0,32.8821320885247,0,32.8821320885247,46.9099716053338,1200,14.0278395168091
0.829615525445986,1,wetting,72.846029038116,1200,-0.0146097012807364,0.0146097012807364,0,1.06425872373473,0,1.06425872373473,0,1.06425872373473,33.9463908122594,0,33.9463908122594,0,0,0,33.9463908122594,0,33.9463908122594,47.9742303290686,1200,14.0278395168091
0.849850533512129,1,wetting,72.846029038116,1200,-0.0144483354626513,0.0144483354626513,0,1.05250386466473,0,1.05250386466473,0,1.05250386466473,34.9988946769242,0,34.9988946769242,0,0,0,34.9988946769242,0,34.9988946769242,49.0267341937333,1200,14.0278395168091
0.872895959365237,1,wetting,82.9635330711877,1200,-0.0142875796511619,0.0142875796511619,0,1.1853480868964,0,1.1853480868964,0,1.1853480868964,36.1842427638205,0,36.1842427638205,0,0,0,36.1842427638205,0,36.1842427638205,50.2120822806297,1200,14.0278395168091
0.895941385218345,1,wetting,82.9635330711877,1200,-0.0141352168541005,0.0141352168541005,0,1.17270753094357,0,1.17270753094357,0,1.17270753094357,37.3569502947641,0,37.3569502947641,0,0,0,37.3569502947641,0,37.3569502947641,51.3847898115733,1200,14.0278395168091
0.918986811071452,1,wetting,82.9635330711877,1200,-0.0139932493206059,0.0139932493206059,0,1.16092940278346,0,1.16092940278346,0,1.16092940278346,38.5178796975476,0,38.5178796975476,0,0,0,38.5178796975476,0,38.5178796975476,52.5457192143567,1200,14.0278395168091
0.945232990515269,1,wetting,94.4862459977415,1200,-0.0138400708959221,0.0138400708959221,0,1.30769634329828,0,1.30769634329828,0,1.30769634329828,39.8255760408459,0,39.8255760408459,0,0,0,39.8255760408459,0,39.8255760408459,53.853415557655,1200,14.0278395168091
0.971479169959086,1,wetting,94.4862459977415,1200,-0.0136925653912009,0.0136925653912009,0,1.29375910189317,0,1.29375910189317,0,1.29375910189317,41.119335142739,0,41.119335142739,0,0,0,41.119335142739,0,41.119335142739,55.1471746595482,1200,14.0278395168091
1.00137065210343,1,wetting,107.60933571965,1200,-0.0135419260609118,0.0135419260609118,0,1.45723766777933,0,1.45723766777933,0,1.45723766777933,42.5765728105184,0,42.5765728105184,0,0,0,42.5765728105184,0,42.5765728105184,56.6044123273275,1200,14.0278395168091
1.03541372899005,1,wetting,122.555076791824,1200,-0.0133857076424398,0.0133857076424398,0,1.64048642803211,0,1.64048642803211,0,1.64048642803211,44.2170592385505,0,44.2170592385505,0,0,0,44.2170592385505,0,44.2170592385505,58.2448987553596,1200,14.0278395168091
1.06459350917858,1,wetting,105.047208678706,1200,-0.0132537916476533,0.0132537916476533,0,1.39227381699512,0,1.39227381699512,0,1.39227381699512,45.6093330555456,0,45.6093330555456,0,0,0,45.6093330555456,0,45.6093330555456,59.6371725723547,1200,14.0278395168091
1.09782603661552,1,wetting,119.637098772971,1200,-0.0131123096068568,0.0131123096068568,0,1.5687186795773,0,1.5687186795773,0,1.5687186795773,47.1780517351229,0,47.1780517351229,0,0,0,47.1780517351229,0,47.1780517351229,61.205891251932,1200,14.0278395168091
1.13105856405245,1,wetting,119.637098772971,1200,-0.0129786653149882,0.0129786653149882,0,1.55272986423058,0,1.55272986423058,0,1.55272986423058,48.7307815993535,0,48.7307815993535,0,0,0,48.7307815993535,0,48.7307815993535,62.7586211161626,1200,14.0278395168091
1.16890672030008,1,wetting,136.253362491439,1200,-0.0128402584819561,0.0128402584819561,0,1.74952839342574,0,1.74952839342574,0,1.74952839342574,50.4803099927792,0,50.4803099927792,0,0,0,50.4803099927792,0,50.4803099927792,64.5081495095884,1200,14.0278395168091
1.21201156491542,1,wetting,155.17744061525,1200,-0.0126965651919392,0.0126965651919392,0,1.97022049108979,0,1.97022049108979,0,1.97022049108979,52.450530483869,0,52.450530483869,0,0,0,52.450530483869,0,52.450530483869,66.4783700006782,1200,14.0278395168091
1.25511640953077,1,wetting,155.17744061525,1200,-0.0125566646564613,0.0125566646564613,0,1.94851108405362,0,1.94851108405362,0,1.94851108405362,54.3990415679226,0,54.3990415679226,0,0,0,54.3990415679226,0,54.3990415679226,68.4268810847318,1200,14.0278395168091
1.29822125414612,1,wetting,155.17744061525,1200,-0.0124300881134533,0.0124300881134533,0,1.92886926006773,0,1.92886926006773,0,1.92886926006773,56.3279108279904,0,56.3279108279904,0,0,0,56.3279108279904,0,56.3279108279904,70.3557503447995,1200,14.0278395168091
1.34132609876146,1,wetting,155.17744061525,1200,-0.0123125668077034,0.0123125668077034,0,1.91063260462369,0,1.91063260462369,0,1.91063260462369,58.2385434326141,0,58.2385434326141,0,0,0,58.2385434326141,0,58.2385434326141,72.2663829494232,1200,14.0278395168091
1.37827310843176,1,wetting,133.009234813071,1200,-0.0122180356874924,0.0122180356874924,0,1.62511157771216,0,1.62511157771216,0,1.62511157771216,59.8636550103262,0,59.8636550103262,0,0,0,59.8636550103262,0,59.8636550103262,73.8914945271354,1200,14.0278395168091
1.41522011810206,1,wetting,133.009234813071,1200,-0.0121290359453154,0.0121290359453154,0,1.61327379010664,0,1.61327379010664,0,1.61327379010664,61.4769288004328,0,61.4769288004328,0,0,0,61.4769288004328,0,61.4769288004328,75.504768317242,1200,14.0278395168091
1.45729865689323,1,wetting,151.48273964822,1200,-0.0120310528237066,0.0120310528237066,0,1.82249684258753,0,1.82249684258753,0,1.82249684258753,63.2994256430204,0,63.2994256430204,0,0,0,63.2994256430204,0,63.2994256430204,77.3272651598295,1200,14.0278395168091
1.50522143718318,1,wetting,172.522009043806,1200,-0.0119316908990695,0.0119316908990695,0,2.05847928519717,0,2.05847928519717,0,2.05847928519717,65.3579049282175,0,65.3579049282175,0,0,0,65.3579049282175,0,65.3579049282175,79.3857444450267,1200,14.0278395168091
1.55314421747312,1,wetting,172.522009043806,1200,-0.0118423176436162,0.0118423176436162,0,2.04306043161158,0,2.04306043161158,0,2.04306043161158,67.4009653598291,0,67.4009653598291,0,0,0,67.4009653598291,0,67.4009653598291,81.4288048766383,1200,14.0278395168091
1.60772293947001,1,wetting,196.483399188779,1200,-0.0117450888489418,0.0117450888489418,0,2.30771498081432,0,2.30771498081432,0,2.30771498081432,69.7086803406434,0,69.7086803406434,0,0,0,69.7086803406434,0,69.7086803406434,83.7365198574526,1200,14.0278395168091
1.66230166146689,1,wetting,196.483399188779,1200,-0.0116496753287595,0.0116496753287595,0,2.28896780804032,0,2.28896780804032,0,2.28896780804032,71.9976481486838,0,71.9976481486838,0,0,0,71.9976481486838,0,71.9976481486838,86.0254876654929,1200,14.0278395168091
1.71688038346377,1,wetting,196.483399188779,1200,-0.0115548291603647,0.0115548291603647,0,2.27033211047409,0,2.27033211047409,0,2.27033211047409,74.2679802591579,0,74.2679802591579,0,0,0,74.2679802591579,0,74.2679802591579,88.295819775967,1200,14.0278395168091
1.77145910546066,1,wetting,196.483399188779,1200,-0.0114682008812588,0.0114682008812588,0,2.25331109172949,0,2.25331109172949,0,2.25331109172949,76.5212913508873,0,76.5212913508873,0,0,0,76.5212913508873,0,76.5212913508873,90.5491308676965,1200,14.0278395168091
1.83361820551266,1,wetting,223.772760187221,1200,-0.0113741676346748,0.0113741676346748,0,2.54522888644334,0,2.54522888644334,0,2.54522888644334,79.0665202373307,0,79.0665202373307,0,0,0,79.0665202373307,0,79.0665202373307,93.0943597541398,1200,14.0278395168091
1.90441051390522,1,wetting,254.852310213224,1200,-0.0112755634747548,0.0112755634747548,0,2.8736034004971,0,2.8736034004971,0,2.8736034004971,81.9401236378278,0,81.9401236378278,0,0,0,81.9401236378278,0,81.9401236378278,95.9679631546369,1200,14.0278395168091
1.96508963538456,1,wetting,218.44483732562,1200,-0.01118836194403,0.01118836194403,0,2.44403990480379,0,2.44403990480379,0,2.44403990480379,84.3841635426316,0,84.3841635426316,0,0,0,84.3841635426316,0,84.3841635426316,98.4120030594407,1200,14.0278395168091
2.03419641262492,1,wetting,248.78439806529,1200,-0.0111030569729643,0.0111030569729643,0,2.76226734570354,0,2.76226734570354,0,2.76226734570354,87.1464308883351,0,87.1464308883351,0,0,0,87.1464308883351,0,87.1464308883351,101.174270405144,1200,14.0278395168091
2.11290135337088,1,wetting,283.337786685469,1200,-0.0110157308858533,0.0110157308858533,0,3.12117280792044,0,3.12117280792044,0,3.12117280792044,90.2676036962555,0,90.2676036962555,0,0,0,90.2676036962555,0,90.2676036962555,104.295443213065,1200,14.0278395168091
2.19160629411685,1,wetting,283.337786685469,1200,-0.0109306379735867,0.0109306379735867,0,3.0970627704962,0,3.0970627704962,0,3.0970627704962,93.3646664667518,0,93.3646664667518,0,0,0,93.3646664667518,0,93.3646664667518,107.392505983561,1200,14.0278395168091
2.28124247663308,1,wetting,322.690257058451,1200,-0.0108364329998526,0.0108364329998526,0,3.49681135031913,0,3.49681135031913,0,3.49681135031913,96.8614778170709,0,96.8614778170709,0,0,0,96.8614778170709,0,96.8614778170709,110.88931733388,1200,14.0278395168091
2.37087865914932,1,wetting,322.690257058451,1200,-0.0107501509113638,0.0107501509113638,0,3.46896896100513,0,3.46896896100513,0,3.46896896100513,100.330446778076,0,100.330446778076,0,0,0,100.330446778076,0,100.330446778076,114.358286294885,1200,14.0278395168091
2.46051484166556,1,wetting,322.690257058451,1200,-0.0106678354289248,0.0106678354289248,0,3.44240655681699,0,3.44240655681699,0,3.44240655681699,103.772853334893,0,103.772853334893,0,0,0,103.772853334893,0,103.772853334893,117.800692851702,1200,14.0278395168091
2.56051484166556,1,wetting,360,1200,-0.0105828017265118,0.0105828017265118,0,3.80980862154426,0,3.80980862154426,0,3.80980862154426,107.582661956437,0,107.582661956437,0,0,0,107.582661956437,0,107.582661956437,121.610501473246,1200,14.0278395168091
2.66051484166556,1,wetting,360,1200,-0.0105092142704447,0.0105092142704447,0,3.78331713736009,0,3.78331713736009,0,3.78331713736009,111.365979093797,0,111.365979093797,0,0,0,111.365979093797,0,111.365979093797,125.393818610606,1200,14.0278395168091
2.76051484166556,1,wetting,360,1200,-0.0104400867238438,0.0104400867238438,0,3.75843122058378,0,3.75843122058378,0,3.75843122058378,115.124410314381,0,115.124410314381,0,0,0,115.124410314381,0,115.124410314381,129.15224983119,1200,14.0278395168091
2.86051484166556,1,wetting,360,1200,-0.0103784827639688,0.0103784827639688,0,3.73625379502877,0,3.73625379502877,0,3.73625379502877,118.86066410941,0,118.86066410941,0,0,0,118.86066410941,0,118.86066410941,132.888503626219,1200,14.0278395168091
2.96051484166556,1,wetting,360,1200,-0.0103226623950458,0.0103226623950458,0,3.71615846221649,0,3.71615846221649,0,3.71615846221649,122.576822571626,0,122.576822571626,0,0,0,122.576822571626,0,122.576822571626,136.604662088436,1200,14.0278395168091
3.06051484166556,1,wetting,360,1200,-0.0102625432144525,0.0102625432144525,0,3.69451555720291,0,3.69451555720291,0,3.69451555720291,126.271338128829,0,126.271338128829,0,0,0,126.271338128829,0,126.271338128829,140.299177645638,1200,14.0278395168091
3.16051484166556,1,wetting,360,1200,-0.0102067318715493,0.0102067318715493,0,3.67442347375775,0,3.67442347375775,0,3.67442347375775,129.945761602587,0,129.945761602587,0,0,0,129.945761602587,0,129.945761602587,143.973601119396,1200,14.0278395168091
3.26051484166556,1,wetting,360,1200,-0.0101489930712646,0.0101489930712646,0,3.65363750565527,0,3.65363750565527,0,3.65363750565527,133.599399108242,0,133.599399108242,0,0,0,133.599399108242,0,133.599399108242,147.627238625051,1200,14.0278395168091
3.36051484166556,1,wetting,360,1200,-0.0100936068204205,0.0100936068204205,0,3.6336984553514,0,3.6336984553514,0,3.6336984553514,137.233097563594,0,137.233097563594,0,0,0,137.233097563594,0,137.233097563594,151.260937080403,1200,14.0278395168091
3.46051484166556,1,wetting,360,1200,-0.0100359282095609,0.0100359282095609,0,3.61293415544193,0,3.61293415544193,0,3.61293415544193,140.846031719036,0,140.846031719036,0,0,0,140.846031719036,0,140.846031719036,154.873871235845,1200,14.0278395168091
3.56051484166556,1,wetting,360,1200,-0.00997812723332284,0.00997812723332284,0,3.59212580399622,0,3.59212580399622,0,3.59212580399622,144.438157523032,0,144.438157523032,0,0,0,144.438157523032,0,144.438157523032,158.465997039841,1200,14.0278395168091
3.66051484166556,1,wetting,360,1200,-0.00992532462380324,0.00992532462380324,0,3.57311686456917,0,3.57311686456917,0,3.57311686456917,148.011274387601,0,148.011274387601,0,0,0,148.011274387601,0,148.011274387601,162.03911390441,1200,14.0278395168091
3.76051484166556,1,wetting,360,1200,-0.00987923350329686,0.00987923350329686,0,3.55652406118687,0,3.55652406118687,0,3.55652406118687,151.567798448788,0,151.567798448788,0,0,0,151.567798448788,0,151.567798448788,165.595637965597,1200,14.0278395168091
3.86051484166556,1,wetting,360,1200,-0.00984144025854792,0.00984144025854792,0,3.54291849307725,0,3.54291849307725,0,3.54291849307725,155.110716941865,0,155.110716941865,0,0,0,155.110716941865,0,155.110716941865,169.138556458674,1200,14.0278395168091
3.96051484166556,1,wetting,360,1200,-0.00980358529926403,0.00980358529926403,0,3.52929070773505,0,3.52929070773505,0,3.52929070773505,158.6400076496,0,158.6400076496,0,0,0,158.6400076496,0,158.6400076496,172.667847166409,1200,14.0278395168091
4.06051484166556,1,wetting,360,1200,-0.00976821207370773,0.00976821207370773,0,3.51655634653478,0,3.51655634653478,0,3.51655634653478,162.156563996135,0,162.156563996135,0,0,0,162.156563996135,0,162.156563996135,176.184403512944,1200,14.0278395168091
4.16051484166556,1,wetting,360,1200,-0.00973661794150974,0.00973661794150974,0,3.5051824589435,0,3.5051824589435,0,3.5051824589435,165.661746455078,0,165.661746455078,0,0,0,165.661746455078,0,165.661746455078,179.689585971888,1200,14.0278395168091
4.26051484166556,1,wetting,360,1200,-0.00970420105482362,0.00970420105482362,0,3.4935123797365,0,3.4935123797365,0,3.4935123797365,169.155258834815,0,169.155258834815,0,0,0,169.155258834815,0,169.155258834815,183.183098351624,1200,14.0278395168091
4.36051484166556,1,wetting,360,1200,-0.00966914929583429,0.00966914929583429,0,3.48089374650034,0,3.48089374650034,0,3.48089374650034,172.636152581315,0,172.636152581315,0,0,0,172.636152581315,0,172.636152581315,186.663992098124,1200,14.0278395168091
4.46051484166556,1,wetting,360,1200,-0.00962963651326488,0.00962963651326488,0,3.46666914477536,0,3.46666914477536,0,3.46666914477536,176.102821726091,0,176.102821726091,0,0,0,176.102821726091,0,176.102821726091,190.1306612429,1200,14.0278395168091
4.56051484166556,1,wetting,360,1200,-0.00958621732481224,0.00958621732481224,0,3.4510382369324,0,3.4510382369324,0,3.4510382369324,179.553859963023,0,179.553859963023,0,0,0,179.553859963023,0,179.553859963023,193.581699479832,1200,14.0278395168091
4.66051484166556,1,wetting,360,1200,-0.00954881667014233,0.00954881667014233,0,3.43757400125124,0,3.43757400125124,0,3.43757400125124,182.991433964274,0,182.991433964274,0,0,0,182.991433964274,0,182.991433964274,197.019273481084,1200,14.0278395168091
4.76051484166556,1,wetting,360,1200,-0.0095202252085054,0.0095202252085054,0,3.42728107506194,0,3.42728107506194,0,3.42728107506194,186.418715039336,0,186.418715039336,0,0,0,186.418715039336,0,186.418715039336,200.446554556145,1200,14.0278395168091
4.86051484166556,1,wetting,360,1200,-0.00949154769655913,0.00949154769655913,0,3.41695717076129,0,3.41695717076129,0,3.41695717076129,189.835672210098,0,189.835672210098,0,0,0,189.835672210098,0,189.835672210098,203.863511726907,1200,14.0278395168091
4.96051484166556,1,wetting,360,1200,-0.00945828909184213,0.00945828909184213,0,3.40498407306317,0,3.40498407306317,0,3.40498407306317,193.240656283161,0,193.240656283161,0,0,0,193.240656283161,0,193.240656283161,207.26849579997,1200,14.0278395168091
5.06051484166556,1,wetting,360,1200,-0.00942477995113832,0.00942477995113832,0,3.39292078240979,0,3.39292078240979,0,3.39292078240979,196.633577065571,0,196.633577065571,0,0,0,196.633577065571,0,196.633577065571,210.66141658238,1200,14.0278395168091
5.16051484166556,1,wetting,360,1200,-0.00939708507875071,0.00939708507875071,0,3.38295062835025,0,3.38295062835025,0,3.38295062835025,200.016527693921,0,200.016527693921,0,0,0,200.016527693921,0,200.016527693921,214.04436721073,1200,14.0278395168091
5.26051484166556,1,wetting,360,1200,-0.00937225599298,0.00937225599298,0,3.3740121574728,0,3.3740121574728,0,3.3740121574728,203.390539851394,0,203.390539851394,0,0,0,203.390539851394,0,203.390539851394,217.418379368203,1200,14.0278395168091
5.36051484166556,1,wetting,360,1200,-0.00934753584368913,0.00934753584368913,0,3.36511290372809,0,3.36511290372809,0,3.36511290372809,206.755652755122,0,206.755652755122,0,0,0,206.755652755122,0,206.755652755122,220.783492271931,1200,14.0278395168091
5.46051484166556,1,wetting,360,1200,-0.00932103237468476,0.00932103237468476,0,3.35557165488651,0,3.35557165488651,0,3.35557165488651,210.111224410008,0,210.111224410008,0,0,0,210.111224410008,0,210.111224410008,224.139063926817,1200,14.0278395168091
5.56051484166556,1,wetting,360,1200,-0.00929369082108058,0.00929369082108058,0,3.34572869558901,0,3.34572869558901,0,3.34572869558901,213.456953105597,0,213.456953105597,0,0,0,213.456953105597,0,213.456953105597,227.484792622406,1200,14.0278395168091
5.66051484166556,1,wetting,360,1200,-0.0092673700779128,0.0092673700779128,0,3.33625322804861,0,3.33625322804861,0,3.33625322804861,216.793206333646,0,216.793206333646,0,0,0,216.793206333646,0,216.793206333646,230.821045850455,1200,14.0278395168091
5.76051484166556,1,wetting,360,1200,-0.00924322762279475,0.00924322762279475,0,3.32756194420611,0,3.32756194420611,0,3.32756194420611,220.120768277852,0,220.120768277852,0,0,0,220.120768277852,0,220.120768277852,234.148607794661,1200,14.0278395168091
5.86051484166556,1,wetting,360,1200,-0.00921865027562562,0.00921865027562562,0,3.31871409922522,0,3.31871409922522,0,3.31871409922522,223.439482377077,0,223.439482377077,0,0,0,223.439482377077,0,223.439482377077,237.467321893886,1200,14.0278395168091
5.96051484166556,1,wetting,360,1200,-0.0091930206529119,0.0091930206529119,0,3.30948743504829,0,3.30948743504829,0,3.30948743504829,226.748969812125,0,226.748969812125,0,0,0,226.748969812125,0,226.748969812125,240.776809328935,1200,14.0278395168091
6.06051484166556,1,wetting,360,1200,-0.00916895134258704,0.00916895134258704,0,3.30082248333133,0,3.30082248333133,0,3.30082248333133,230.049792295457,0,230.049792295457,0,0,0,230.049792295457,0,230.049792295457,244.077631812266,1200,14.0278395168091
6.16051484166556,1,wetting,360,1200,-0.00914606815683693,0.00914606815683693,0,3.29258453646129,0,3.29258453646129,0,3.29258453646129,233.342376831918,0,233.342376831918,0,0,0,233.342376831918,0,233.342376831918,247.370216348727,1200,14.0278395168091
6.26051484166556,1,wetting,360,1200,-0.00912318589460703,0.00912318589460703,0,3.28434692205853,0,3.28434692205853,0,3.28434692205853,236.626723753977,0,236.626723753977,0,0,0,236.626723753977,0,236.626723753977,250.654563270786,1200,14.0278395168091
6.36051484166556,1,wetting,360,1200,-0.00910432457600501,0.00910432457600501,0,3.2775568473618,0,3.2775568473618,0,3.2775568473618,239.904280601338,0,239.904280601338,0,0,0,239.904280601338,0,239.904280601338,253.932120118148,1200,14.0278395168091
6.46051484166556,1,wetting,360,1200,-0.00908773880283959,0.00908773880283959,0,3.27158596902225,0,3.27158596902225,0,3.27158596902225,243.175866570361,0,243.175866570361,0,0,0,243.175866570361,0,243.175866570361,257.20370608717,1200,14.0278395168091
6.56051484166556,1,wetting,360,1200,-0.00906986240440944,0.00906986240440944,0,3.2651504655874,0,3.2651504655874,0,3.2651504655874,246.441017035948,0,246.441017035948,0,0,0,246.441017035948,0,246.441017035948,260.468856552757,1200,14.0278395168091
6.66051484166556,1,wetting,360,1200,-0.00905090396646815,0.00905090396646815,0,3.25832542792853,0,3.25832542792853,0,3.25832542792853,249.699342463877,0,249.699342463877,0,0,0,249.699342463877,0,249.699342463877,263.727181980686,1200,14.0278395168091
6.76051484166556,1,wetting,360,1200,-0.00903107243831608,0.00903107243831608,0,3.25118607779379,0,3.25118607779379,0,3.25118607779379,252.95052854167,0,252.95052854167,0,0,0,252.95052854167,0,252.95052854167,266.978368058479,1200,14.0278395168091
6.86051484166556,1,wetting,360,1200,-0.00901070448254777,0.00901070448254777,0,3.2438536137172,0,3.2438536137172,0,3.2438536137172,256.194382155388,0,256.194382155388,0,0,0,256.194382155388,0,256.194382155388,270.222221672197,1200,14.0278395168091
6.96051484166556,1,wetting,360,1200,-0.00899263988635924,0.00899263988635924,0,3.23735035908933,0,3.23735035908933,0,3.23735035908933,259.431732514477,0,259.431732514477,0,0,0,259.431732514477,0,259.431732514477,273.459572031286,1200,14.0278395168091
7.06051484166556,1,wetting,360,1200,-0.0089756521199348,0.0089756521199348,0,3.23123476317653,0,3.23123476317653,0,3.23123476317653,262.662967277653,0,262.662967277653,0,0,0,262.662967277653,0,262.662967277653,276.690806794463,1200,14.0278395168091
7.16051484166556,1,wetting,360,1200,-0.00895676391189604,0.00895676391189604,0,3.22443500828257,0,3.22443500828257,0,3.22443500828257,265.887402285936,0,265.887402285936,0,0,0,265.887402285936,0,265.887402285936,279.915241802745,1200,14.0278395168091
7.26051484166556,1,wetting,360,1200,-0.00893614803661376,0.00893614803661376,0,3.21701329318095,0,3.21701329318095,0,3.21701329318095,269.104415579117,0,269.104415579117,0,0,0,269.104415579117,0,269.104415579117,283.132255095926,1200,14.0278395168091
7.36051484166556,1,wetting,360,1200,-0.00891486837570339,0.00891486837570339,0,3.20935261525322,0,3.20935261525322,0,3.20935261525322,272.31376819437,0,272.31376819437,0,0,0,272.31376819437,0,272.31376819437,286.341607711179,1200,14.0278395168091
7.46051484166556,1,wetting,360,1200,-0.00889371374307138,0.00889371374307138,0,3.2017369475057,0,3.2017369475057,0,3.2017369475057,275.515505141876,0,275.515505141876,0,0,0,275.515505141876,0,275.515505141876,289.543344658685,1200,14.0278395168091
7.56051484166556,1,wetting,360,1200,-0.00887418001159462,0.00887418001159462,0,3.19470480417406,0,3.19470480417406,0,3.19470480417406,278.71020994605,0,278.71020994605,0,0,0,278.71020994605,0,278.71020994605,292.738049462859,1200,14.0278395168091
7.66051484166556,1,wetting,360,1200,-0.00885605591578931,0.00885605591578931,0,3.18818012968415,0,3.18818012968415,0,3.18818012968415,281.898390075734,0,281.898390075734,0,0,0,281.898390075734,0,281.898390075734,295.926229592543,1200,14.0278395168091
7.76051484166556,1,wetting,360,1200,-0.00884090926371773,0.00884090926371773,0,3.18272733493838,0,3.18272733493838,0,3.18272733493838,285.081117410672,0,285.081117410672,0,0,0,285.081117410672,0,285.081117410672,299.108956927482,1200,14.0278395168091
7.86051484166556,1,wetting,360,1200,-0.00882694071455744,0.00882694071455744,0,3.17769865724068,0,3.17769865724068,0,3.17769865724068,288.258816067913,0,288.258816067913,0,0,0,288.258816067913,0,288.258816067913,302.286655584722,1200,14.0278395168091
7.96051484166556,1,wetting,360,1200,-0.00881368717607166,0.00881368717607166,0,3.1729273833858,0,3.1729273833858,0,3.1729273833858,291.431743451299,0,291.431743451299,0,0,0,291.431743451299,0,291.431743451299,305.459582968108,1200,14.0278395168091
8.06051484166556,1,wetting,360,1200,-0.00880172439528201,0.00880172439528201,0,3.16862078230152,0,3.16862078230152,0,3.16862078230152,294.6003642336,0,294.6003642336,0,0,0,294.6003642336,0,294.6003642336,308.62820375041,1200,14.0278395168091
8.16051484166556,1,wetting,360,1200,-0.00878858469504575,0.00878858469504575,0,3.16389049021647,0,3.16389049021647,0,3.16389049021647,297.764254723817,0,297.764254723817,0,0,0,297.764254723817,0,297.764254723817,311.792094240626,1200,14.0278395168091
8.26051484166556,1,wetting,360,1200,-0.00877462304732472,0.00877462304732472,0,3.1588642970369,0,3.1588642970369,0,3.1588642970369,300.923119020854,0,300.923119020854,0,0,0,300.923119020854,0,300.923119020854,314.950958537663,1200,14.0278395168091
8.36051484166556,1,wetting,360,1200,-0.00876117152968428,0.00876117152968428,0,3.15402175068634,0,3.15402175068634,0,3.15402175068634,304.07714077154,0,304.07714077154,0,0,0,304.07714077154,0,304.07714077154,318.104980288349,1200,14.0278395168091
8.46051484166556,1,wetting,360,1200,-0.00874816456713311,0.00874816456713311,0,3.14933924416792,0,3.14933924416792,0,3.14933924416792,307.226480015708,0,307.226480015708,0,0,0,307.226480015708,0,307.226480015708,321.254319532517,1200,14.0278395168091
8.56051484166556,1,wetting,360,1200,-0.00873396323378985,0.00873396323378985,0,3.14422676416435,0,3.14422676416435,0,3.14422676416435,310.370706779872,0,310.370706779872,0,0,0,310.370706779872,0,310.370706779872,324.398546296682,1200,14.0278395168091
8.66051484166556,1,wetting,360,1200,-0.00871850430508323,0.00871850430508323,0,3.13866154982996,0,3.13866154982996,0,3.13866154982996,313.509368329702,0,313.509368329702,0,0,0,313.509368329702,0,313.509368329702,327.537207846511,1200,14.0278395168091
8.76051484166556,1,wetting,360,1200,-0.00870262884702248,0.00870262884702248,0,3.13294638492809,0,3.13294638492809,0,3.13294638492809,316.64231471463,0,316.64231471463,0,0,0,316.64231471463,0,316.64231471463,330.67015423144,1200,14.0278395168091
8.86051484166556,1,wetting,360,1200,-0.00868647548329163,0.00868647548329163,0,3.12713117398499,0,3.12713117398499,0,3.12713117398499,319.769445888615,0,319.769445888615,0,0,0,319.769445888615,0,319.769445888615,333.797285405425,1200,14.0278395168091
8.96051484166556,1,wetting,360,1200,-0.00867034779413833,0.00867034779413833,0,3.1213252058898,0,3.1213252058898,0,3.1213252058898,322.890771094505,0,322.890771094505,0,0,0,322.890771094505,0,322.890771094505,336.918610611314,1200,14.0278395168091
9.06051484166556,1,wetting,360,1200,-0.00865543335607878,0.00865543335607878,0,3.11595600818836,0,3.11595600818836,0,3.11595600818836,326.006727102694,0,326.006727102694,0,0,0,326.006727102694,0,326.006727102694,340.034566619503,1200,14.0278395168091
9.16051484166556,1,wetting,360,1200,-0.0086417934177491,0.0086417934177491,0,3.11104563038968,0,3.11104563038968,0,3.11104563038968,329.117772733083,0,329.117772733083,0,0,0,329.117772733083,0,329.117772733083,343.145612249892,1200,14.0278395168091
9.26051484166556,1,wetting,360,1200,-0.00862812302309482,0.00862812302309482,0,3.10612428831413,0,3.10612428831413,0,3.10612428831413,332.223897021397,0,332.223897021397,0,0,0,332.223897021397,0,332.223897021397,346.251736538207,1200,14.0278395168091
9.36051484166556,1,wetting,360,1200,-0.00861365899327108,0.00861365899327108,0,3.10091723757759,0,3.10091723757759,0,3.10091723757759,335.324814258975,0,335.324814258975,0,0,0,335.324814258975,0,335.324814258975,349.352653775784,1200,14.0278395168091
9.46051484166556,1,wetting,360,1200,-0.0085992657579104,0.0085992657579104,0,3.09573567284774,0,3.09573567284774,0,3.09573567284774,338.420549931823,0,338.420549931823,0,0,0,338.420549931823,0,338.420549931823,352.448389448632,1200,14.0278395168091
9.56051484166556,1,wetting,360,1200,-0.00858642613776748,0.00858642613776748,0,3.09111340959629,0,3.09111340959629,0,3.09111340959629,341.511663341419,0,341.511663341419,0,0,0,341.511663341419,0,341.511663341419,355.539502858228,1200,14.0278395168091
9.66051484166556,1,wetting,360,1200,-0.00857492390194346,0.00857492390194346,0,3.08697260469965,0,3.08697260469965,0,3.08697260469965,344.598635946119,0,344.598635946119,0,0,0,344.598635946119,0,344.598635946119,358.626475462928,1200,14.0278395168091
9.76051484166556,1,wetting,360,1200,-0.00856411286844379,0.00856411286844379,0,3.08308063263977,0,3.08308063263977,0,3.08308063263977,347.681716578759,0,347.681716578759,0,0,0,347.681716578759,0,347.681716578759,361.709556095568,1200,14.0278395168091
9.86051484166556,1,wetting,360,1200,-0.00855321020124949,0.00855321020124949,0,3.07915567244982,0,3.07915567244982,0,3.07915567244982,350.760872251208,0,350.760872251208,0,0,0,350.760872251208,0,350.760872251208,364.788711768017,1200,14.0278395168091
9.96051484166556,1,wetting,360,1200,-0.00854189488336395,0.00854189488336395,0,3.07508215801102,0,3.07508215801102,0,3.07508215801102,353.835954409219,0,353.835954409219,0,0,0,353.835954409219,0,353.835954409219,367.863793926028,1200,14.0278395168091
10.0605148416656,1,wetting,360,1200,-0.00853031490327761,0.00853031490327761,0,3.07091336517994,0,3.07091336517994,0,3.07091336517994,356.906867774399,0,356.906867774399,0,0,0,356.906867774399,0,356.906867774399,370.934707291208,1200,14.0278395168091
10.1605148416656,1,wetting,360,1200,-0.00851930845858391,0.00851930845858391,0,3.06695104509021,0,3.06695104509021,0,3.06695104509021,359.97381881949,0,359.97381881949,0,0,0,359.97381881949,0,359.97381881949,374.001658336299,1200,14.0278395168091
10.2605148416656,1,wetting,360,1200,-0.00850871617378432,0.00850871617378432,0,3.06313782256236,0,3.06313782256236,0,3.06313782256236,363.036956642052,0,363.036956642052,0,0,0,363.036956642052,0,363.036956642052,377.064796158861,1200,14.0278395168091
10.3605148416656,1,wetting,360,1200,-0.00849709667760303,0.00849709667760303,0,3.05895480393709,0,3.05895480393709,0,3.05895480393709,366.095911445989,0,366.095911445989,0,0,0,366.095911445989,0,366.095911445989,380.123750962798,1200,14.0278395168091
10.4605148416656,1,wetting,360,1200,-0.00848409720113522,0.00848409720113522,0,3.05427499240868,0,3.05427499240868,0,3.05427499240868,369.150186438398,0,369.150186438398,0,0,0,369.150186438398,0,369.150186438398,383.178025955207,1200,14.0278395168091
10.5605148416656,1,wetting,360,1200,-0.00847032793048537,0.00847032793048537,0,3.04931805497473,0,3.04931805497473,0,3.04931805497473,372.199504493372,0,372.199504493372,0,0,0,372.199504493372,0,372.199504493372,386.227344010181,1200,14.0278395168091
10.6605148416656,1,wetting,360,1200,-0.0084575021882102,0.0084575021882102,0,3.04470078775567,0,3.04470078775567,0,3.04470078775567,375.244205281128,0,375.244205281128,0,0,0,375.244205281128,0,375.244205281128,389.272044797937,1200,14.0278395168091
10.7605148416656,1,wetting,360,1200,-0.00844545517663586,0.00844545517663586,0,3.04036386358891,0,3.04036386358891,0,3.04036386358891,378.284569144717,0,378.284569144717,0,0,0,378.284569144717,0,378.284569144717,392.312408661526,1200,14.0278395168091
10.8605148416656,1,wetting,360,1200,-0.00843389607511141,0.00843389607511141,0,3.03620258704011,0,3.03620258704011,0,3.03620258704011,381.320771731757,0,381.320771731757,0,0,0,381.320771731757,0,381.320771731757,395.348611248566,1200,14.0278395168091
10.9605148416656,1,wetting,360,1200,-0.00842220481699815,0.00842220481699815,0,3.03199373411934,0,3.03199373411934,0,3.03199373411934,384.352765465876,0,384.352765465876,0,0,0,384.352765465876,0,384.352765465876,398.380604982685,1200,14.0278395168091
11.0605148416656,1,wetting,360,1200,-0.00840962227184608,0.00840962227184608,0,3.02746401786459,0,3.02746401786459,0,3.02746401786459,387.380229483741,0,387.380229483741,0,0,0,387.380229483741,0,387.380229483741,401.40806900055,1200,14.0278395168091
11.1605148416656,1,wetting,360,1200,-0.00839607528616278,0.00839607528616278,0,3.0225871030186,0,3.0225871030186,0,3.0225871030186,390.40281658676,0,390.40281658676,0,0,0,390.40281658676,0,390.40281658676,404.430656103569,1200,14.0278395168091
11.2605148416656,1,wetting,360,1200,-0.00838295561422847,0.00838295561422847,0,3.01786402112225,0,3.01786402112225,0,3.01786402112225,393.420680607882,0,393.420680607882,0,0,0,393.420680607882,0,393.420680607882,407.448520124691,1200,14.0278395168091
11.3605148416656,1,wetting,360,1200,-0.00837137773595655,0.00837137773595655,0,3.01369598494436,0,3.01369598494436,0,3.01369598494436,396.434376592826,0,396.434376592826,0,0,0,396.434376592826,0,396.434376592826,410.462216109635,1200,14.0278395168091
11.4605148416656,1,wetting,360,1200,-0.00836128766305965,0.00836128766305965,0,3.01006355870148,0,3.01006355870148,0,3.01006355870148,399.444440151528,0,399.444440151528,0,0,0,399.444440151528,0,399.444440151528,413.472279668337,1200,14.0278395168091
11.5605148416656,1,wetting,360,1200,-0.00835233595807172,0.00835233595807172,0,3.00684094490582,0,3.00684094490582,0,3.00684094490582,402.451281096433,0,402.451281096433,0,0,0,402.451281096433,0,402.451281096433,416.479120613243,1200,14.0278395168091
11.6605148416656,1,wetting,360,1200,-0.00834376162539691,0.00834376162539691,0,3.00375418514289,0,3.00375418514289,0,3.00375418514289,405.455035281576,0,405.455035281576,0,0,0,405.455035281576,0,405.455035281576,419.482874798385,1200,14.0278395168091
11.7605148416656,1,wetting,360,1200,-0.00833400430923434,0.00833400430923434,0,3.00024155132436,0,3.00024155132436,0,3.00024155132436,408.455276832901,0,408.455276832901,0,0,0,408.455276832901,0,408.455276832901,422.48311634971,1200,14.0278395168091
11.8605148416656,1,wetting,360,1200,-0.00832368116697187,0.00832368116697187,0,2.99652522010987,0,2.99652522010987,0,2.99652522010987,411.451802053011,0,411.451802053011,0,0,0,411.451802053011,0,411.451802053011,425.47964156982,1200,14.0278395168091
11.9605148416656,1,wetting,360,1200,-0.00831445281830749,0.00831445281830749,0,2.9932030145907,0,2.9932030145907,0,2.9932030145907,414.445005067601,0,414.445005067601,0,0,0,414.445005067601,0,414.445005067601,428.47284458441,1200,14.0278395168091
12.0605148416656,1,wetting,360,1200,-0.00830774232025872,0.00830774232025872,0,2.99078723529314,0,2.99078723529314,0,2.99078723529314,417.435792302894,0,417.435792302894,0,0,0,417.435792302894,0,417.435792302894,431.463631819703,1200,14.0278395168091
12.1605148416656,1,wetting,360,1200,-0.00830206297168468,0.00830206297168468,0,2.98874266980648,0,2.98874266980648,0,2.98874266980648,420.424534972701,0,420.424534972701,0,0,0,420.424534972701,0,420.424534972701,434.45237448951,1200,14.0278395168091
12.2605148416656,1,wetting,360,1200,-0.00829560849043414,0.00829560849043414,0,2.98641905655629,0,2.98641905655629,0,2.98641905655629,423.410954029257,0,423.410954029257,0,0,0,423.410954029257,0,423.410954029257,437.438793546066,1200,14.0278395168091
12.3605148416656,1,wetting,360,1200,-0.00828772331510481,0.00828772331510481,0,2.98358039343773,0,2.98358039343773,0,2.98358039343773,426.394534422695,0,426.394534422695,0,0,0,426.394534422695,0,426.394534422695,440.422373939504,1200,14.0278395168091
12.4605148416656,1,wetting,360,1200,-0.00827854719954274,0.00827854719954274,0,2.98027699183539,0,2.98027699183539,0,2.98027699183539,429.37481141453,0,429.37481141453,0,0,0,429.37481141453,0,429.37481141453,443.402650931339,1200,14.0278395168091
12.5605148416656,1,wetting,360,1200,-0.00826874529063743,0.00826874529063743,0,2.97674830462947,0,2.97674830462947,0,2.97674830462947,432.35155971916,0,432.35155971916,0,0,0,432.35155971916,0,432.35155971916,446.379399235969,1200,14.0278395168091
12.6605148416656,1,wetting,360,1200,-0.00825910271104859,0.00825910271104859,0,2.97327697597749,0,2.97327697597749,0,2.97327697597749,435.324836695137,0,435.324836695137,0,0,0,435.324836695137,0,435.324836695137,449.352676211946,1200,14.0278395168091
12.7605148416656,1,wetting,360,1200,-0.00824950049407913,0.00824950049407913,0,2.96982017786849,0,2.96982017786849,0,2.96982017786849,438.294656873006,0,438.294656873006,0,0,0,438.294656873006,0,438.294656873006,452.322496389815,1200,14.0278395168091
12.8605148416656,1,wetting,360,1200,-0.00824031838666501,0.00824031838666501,0,2.9665146191994,0,2.9665146191994,0,2.9665146191994,441.261171492205,0,441.261171492205,0,0,0,441.261171492205,0,441.261171492205,455.289011009014,1200,14.0278395168091
12.9605148416656,1,wetting,360,1200,-0.00823068221666791,0.00823068221666791,0,2.96304559800045,0,2.96304559800045,0,2.96304559800045,444.224217090206,0,444.224217090206,0,0,0,444.224217090206,0,444.224217090206,458.252056607015,1200,14.0278395168091
13.0605148416656,1,wetting,360,1200,-0.00821961348980151,0.00821961348980151,0,2.95906085632854,0,2.95906085632854,0,2.95906085632854,447.183277946534,0,447.183277946534,0,0,0,447.183277946534,0,447.183277946534,461.211117463343,1200,14.0278395168091
13.1605148416656,1,wetting,360,1200,-0.00820778817723969,0.00820778817723969,0,2.95480374380629,0,2.95480374380629,0,2.95480374380629,450.13808169034,0,450.13808169034,0,0,0,450.13808169034,0,450.13808169034,464.16592120715,1200,14.0278395168091
13.2605148416656,1,wetting,360,1200,-0.00819510130397776,0.00819510130397776,0,2.95023646943199,0,2.95023646943199,0,2.95023646943199,453.088318159772,0,453.088318159772,0,0,0,453.088318159772,0,453.088318159772,467.116157676582,1200,14.0278395168091
13.3605148416656,1,wetting,360,1200,-0.00818363452519888,0.00818363452519888,0,2.9461084290716,0,2.9461084290716,0,2.9461084290716,456.034426588844,0,456.034426588844,0,0,0,456.034426588844,0,456.034426588844,470.062266105653,1200,14.0278395168091
13.4605148416656,1,wetting,360,1200,-0.00817441485049002,0.00817441485049002,0,2.94278934617641,0,2.94278934617641,0,2.94278934617641,458.977215935021,0,458.977215935021,0,0,0,458.977215935021,0,458.977215935021,473.00505545183,1200,14.0278395168091
13.5605148416656,1,wetting,360,1200,-0.00816714090975692,0.00816714090975692,0,2.94017072751249,0,2.94017072751249,0,2.94017072751249,461.917386662533,0,461.917386662533,0,0,0,461.917386662533,0,461.917386662533,475.945226179342,1200,14.0278395168091
13.6605148416656,1,wetting,360,1200,-0.00816042963391672,0.00816042963391672,0,2.93775466821002,0,2.93775466821002,0,2.93775466821002,464.855141330743,0,464.855141330743,0,0,0,464.855141330743,0,464.855141330743,478.882980847552,1200,14.0278395168091
13.7605148416656,1,wetting,360,1200,-0.00815400602847787,0.00815400602847787,0,2.93544217025203,0,2.93544217025203,0,2.93544217025203,467.790583500995,0,467.790583500995,0,0,0,467.790583500995,0,467.790583500995,481.818423017804,1200,14.0278395168091
13.8605148416656,1,wetting,360,1200,-0.00814770822314975,0.00814770822314975,0,2.93317496033391,0,2.93317496033391,0,2.93317496033391,470.723758461329,0,470.723758461329,0,0,0,470.723758461329,0,470.723758461329,484.751597978138,1200,14.0278395168091
13.9605148416656,1,wetting,360,1200,-0.00814137689916009,0.00814137689916009,0,2.93089568369763,0,2.93089568369763,0,2.93089568369763,473.654654145027,0,473.654654145027,0,0,0,473.654654145027,0,473.654654145027,487.682493661836,1200,14.0278395168091
14.0605148416656,1,wetting,360,1200,-0.00813477293832085,0.00813477293832085,0,2.92851825779551,0,2.92851825779551,0,2.92851825779551,476.583172402822,0,476.583172402822,0,0,0,476.583172402822,0,476.583172402822,490.611011919631,1200,14.0278395168091
14.1605148416656,1,wetting,360,1200,-0.00812818091560305,0.00812818091560305,0,2.9261451296171,0,2.9261451296171,0,2.9261451296171,479.509317532439,0,479.509317532439,0,0,0,479.509317532439,0,479.509317532439,493.537157049248,1200,14.0278395168091
14.2605148416656,1,wetting,360,1200,-0.00812203253522803,0.00812203253522803,0,2.92393171268209,0,2.92393171268209,0,2.92393171268209,482.433249245121,0,482.433249245121,0,0,0,482.433249245121,0,482.433249245121,496.46108876193,1200,14.0278395168091
14.3605148416656,1,wetting,360,1200,-0.00811490887186847,0.00811490887186847,0,2.92136719387265,0,2.92136719387265,0,2.92136719387265,485.354616438994,0,485.354616438994,0,0,0,485.354616438994,0,485.354616438994,499.382455955803,1200,14.0278395168091
14.4605148416656,1,wetting,360,1200,-0.00810607631743087,0.00810607631743087,0,2.91818747427511,0,2.91818747427511,0,2.91818747427511,488.272803913269,0,488.272803913269,0,0,0,488.272803913269,0,488.272803913269,502.300643430078,1200,14.0278395168091
14.5605148416656,1,wetting,360,1200,-0.00809630125006575,0.00809630125006575,0,2.91466845002367,0,2.91466845002367,0,2.91466845002367,491.187472363293,0,491.187472363293,0,0,0,491.187472363293,0,491.187472363293,505.215311880102,1200,14.0278395168091
14.6605148416656,1,wetting,360,1200,-0.00808670249796733,0.00808670249796733,0,2.91121289926824,0,2.91121289926824,0,2.91121289926824,494.098685262561,0,494.098685262561,0,0,0,494.098685262561,0,494.098685262561,508.12652477937,1200,14.0278395168091
14.7605148416656,1,wetting,360,1200,-0.00807823111832113,0.00807823111832113,0,2.90816320259561,0,2.90816320259561,0,2.90816320259561,497.006848465157,0,497.006848465157,0,0,0,497.006848465157,0,497.006848465157,511.034687981966,1200,14.0278395168091
14.8605148416656,1,wetting,360,1200,-0.00807163237135376,0.00807163237135376,0,2.90578765368735,0,2.90578765368735,0,2.90578765368735,499.912636118844,0,499.912636118844,0,0,0,499.912636118844,0,499.912636118844,513.940475635653,1200,14.0278395168091
14.9605148416656,1,wetting,360,1200,-0.00806489825893959,0.00806489825893959,0,2.90336337321825,0,2.90336337321825,0,2.90336337321825,502.815999492062,0,502.815999492062,0,0,0,502.815999492062,0,502.815999492062,516.843839008871,1200,14.0278395168091
15.0605148416656,1,wetting,360,1200,-0.00805622199989552,0.00805622199989552,0,2.90023991996239,0,2.90023991996239,0,2.90023991996239,505.716239412025,0,505.716239412025,0,0,0,505.716239412025,0,505.716239412025,519.744078928834,1200,14.0278395168091
15.1605148416656,1,wetting,360,1200,-0.00804493028998005,0.00804493028998005,0,2.89617490439282,0,2.89617490439282,0,2.89617490439282,508.612414316417,0,508.612414316417,0,0,0,508.612414316417,0,508.612414316417,522.640253833227,1200,14.0278395168091
15.2605148416656,1,wetting,360,1200,-0.00803199460933867,0.00803199460933867,0,2.89151805936192,0,2.89151805936192,0,2.89151805936192,511.503932375779,0,511.503932375779,0,0,0,511.503932375779,0,511.503932375779,525.531771892588,1200,14.0278395168091
15.3605148416656,1,wetting,360,1200,-0.00802016410324379,0.00802016410324379,0,2.88725907716776,0,2.88725907716776,0,2.88725907716776,514.391191452947,0,514.391191452947,0,0,0,514.391191452947,0,514.391191452947,528.419030969756,1200,14.0278395168091
15.4605148416656,1,wetting,360,1200,-0.0080108982807196,0.0080108982807196,0,2.88392338105906,0,2.88392338105906,0,2.88392338105906,517.275114834006,0,517.275114834006,0,0,0,517.275114834006,0,517.275114834006,531.302954350815,1200,14.0278395168091
15.5605148416656,1,wetting,360,1200,-0.00800309736378396,0.00800309736378396,0,2.88111505096222,0,2.88111505096222,0,2.88111505096222,520.156229884968,0,520.156229884968,0,0,0,520.156229884968,0,520.156229884968,534.184069401777,1200,14.0278395168091
15.6605148416656,1,wetting,360,1200,-0.00799604866737857,0.00799604866737857,0,2.87857752025629,0,2.87857752025629,0,2.87857752025629,523.034807405225,0,523.034807405225,0,0,0,523.034807405225,0,523.034807405225,537.062646922034,1200,14.0278395168091
15.7605148416656,1,wetting,360,1200,-0.00798948308620977,0.00798948308620977,0,2.87621391103552,0,2.87621391103552,0,2.87621391103552,525.91102131626,0,525.91102131626,0,0,0,525.91102131626,0,525.91102131626,539.938860833069,1200,14.0278395168091
15.8605148416656,1,wetting,360,1200,-0.00798355258861219,0.00798355258861219,0,2.87407893190039,0,2.87407893190039,0,2.87407893190039,528.785100248161,0,528.785100248161,0,0,0,528.785100248161,0,528.785100248161,542.81293976497,1200,14.0278395168091
15.9605148416656,1,wetting,360,1200,-0.00797698378246193,0.00797698378246193,0,2.87171416168629,0,2.87171416168629,0,2.87171416168629,531.656814409847,0,531.656814409847,0,0,0,531.656814409847,0,531.656814409847,545.684653926656,1200,14.0278395168091
16.0605148416656,1,wetting,360,1200,-0.00796990324961636,0.00796990324961636,0,2.86916516986189,0,2.86916516986189,0,2.86916516986189,534.525979579709,0,534.525979579709,0,0,0,534.525979579709,0,534.525979579709,548.553819096518,1200,14.0278395168091
16.1605148416656,1,wetting,360,1200,-0.0079625423655274,0.0079625423655274,0,2.86651525158987,0,2.86651525158987,0,2.86651525158987,537.392494831299,0,537.392494831299,0,0,0,537.392494831299,0,537.392494831299,551.420334348108,1200,14.0278395168091
16.2605148416656,1,wetting,360,1200,-0.00795474848665785,0.00795474848665785,0,2.86370945519683,0,2.86370945519683,0,2.86370945519683,540.256204286495,0,540.256204286495,0,0,0,540.256204286495,0,540.256204286495,554.284043803304,1200,14.0278395168091
16.3605148416656,1,wetting,360,1200,-0.00794703382400016,0.00794703382400016,0,2.86093217664006,0,2.86093217664006,0,2.86093217664006,543.117136463135,0,543.117136463135,0,0,0,543.117136463135,0,543.117136463135,557.144975979945,1200,14.0278395168091
16.4605148416656,1,wetting,360,1200,-0.00794057021509115,0.00794057021509115,0,2.85860527743281,0,2.85860527743281,0,2.85860527743281,545.975741740568,0,545.975741740568,0,0,0,545.975741740568,0,545.975741740568,560.003581257377,1200,14.0278395168091
16.5605148416656,1,wetting,360,1200,-0.00793425921837351,0.00793425921837351,0,2.85633331861446,0,2.85633331861446,0,2.85633331861446,548.832075059183,0,548.832075059183,0,0,0,548.832075059183,0,548.832075059183,562.859914575992,1200,14.0278395168091
16.6605148416656,1,wetting,360,1200,-0.00792758520659473,0.00792758520659473,0,2.8539306743741,0,2.8539306743741,0,2.8539306743741,551.686005733557,0,551.686005733557,0,0,0,551.686005733557,0,551.686005733557,565.713845250366,1200,14.0278395168091
16.7605148416656,1,wetting,360,1200,-0.00792043221375387,0.00792043221375387,0,2.85135559695139,0,2.85135559695139,0,2.85135559695139,554.537361330508,0,554.537361330508,0,0,0,554.537361330508,0,554.537361330508,568.565200847317,1200,14.0278395168091
16.8605148416656,1,wetting,360,1200,-0.0079136009896445,0.0079136009896445,0,2.84889635627202,0,2.84889635627202,0,2.84889635627202,557.38625768678,0,557.38625768678,0,0,0,557.38625768678,0,557.38625768678,571.414097203589,1200,14.0278395168091
16.9605148416656,1,wetting,360,1200,-0.00790716048074313,0.00790716048074313,0,2.84657777306753,0,2.84657777306753,0,2.84657777306753,560.232835459848,0,560.232835459848,0,0,0,560.232835459848,0,560.232835459848,574.260674976657,1200,14.0278395168091
17.0605148416656,1,wetting,360,1200,-0.00790031810873035,0.00790031810873035,0,2.84411451914293,0,2.84411451914293,0,2.84411451914293,563.076949978991,0,563.076949978991,0,0,0,563.076949978991,0,563.076949978991,577.1047894958,1200,14.0278395168091
17.1605148416656,1,wetting,360,1200,-0.00789222772784933,0.00789222772784933,0,2.84120198202576,0,2.84120198202576,0,2.84120198202576,565.918151961017,0,565.918151961017,0,0,0,565.918151961017,0,565.918151961017,579.945991477826,1200,14.0278395168091
17.2605148416656,1,wetting,360,1200,-0.00788218823311829,0.00788218823311829,0,2.83758776392258,0,2.83758776392258,0,2.83758776392258,568.755739724939,0,568.755739724939,0,0,0,568.755739724939,0,568.755739724939,582.783579241748,1200,14.0278395168091
17.3605148416656,1,wetting,360,1200,-0.00787020676167537,0.00787020676167537,0,2.83327443420313,0,2.83327443420313,0,2.83327443420313,571.589014159142,0,571.589014159142,0,0,0,571.589014159142,0,571.589014159142,585.616853675951,1200,14.0278395168091
17.4605148416656,1,wetting,360,1200,-0.0078591226943179,0.0078591226943179,0,2.82928416995444,0,2.82928416995444,0,2.82928416995444,574.418298329097,0,574.418298329097,0,0,0,574.418298329097,0,574.418298329097,588.446137845906,1200,14.0278395168091
17.5605148416656,1,wetting,360,1200,-0.00785136770762786,0.00785136770762786,0,2.82649237474603,0,2.82649237474603,0,2.82649237474603,577.244790703843,0,577.244790703843,0,0,0,577.244790703843,0,577.244790703843,591.272630220652,1200,14.0278395168091
17.6605148416656,1,wetting,360,1200,-0.00784552583398797,0.00784552583398797,0,2.82438930023567,0,2.82438930023567,0,2.82438930023567,580.069180004078,0,580.069180004078,0,0,0,580.069180004078,0,580.069180004078,594.097019520887,1200,14.0278395168091
17.7605148416656,1,wetting,360,1200,-0.00784035938983768,0.00784035938983768,0,2.82252938034157,0,2.82252938034157,0,2.82252938034157,582.89170938442,0,582.89170938442,0,0,0,582.89170938442,0,582.89170938442,596.919548901229,1200,14.0278395168091
17.8605148416656,1,wetting,360,1200,-0.00783529262993443,0.00783529262993443,0,2.8207053467764,0,2.8207053467764,0,2.8207053467764,585.712414731196,0,585.712414731196,0,0,0,585.712414731196,0,585.712414731196,599.740254248005,1200,14.0278395168091
17.9605148416656,1,wetting,360,1200,-0.00782972684898393,0.00782972684898393,0,2.81870166563421,0,2.81870166563421,0,2.81870166563421,588.531116396831,0,588.531116396831,0,0,0,588.531116396831,0,588.531116396831,602.55895591364,1200,14.0278395168091
18.0605148416656,1,wetting,360,1200,-0.00782425129398764,0.00782425129398764,0,2.81673046583555,0,2.81673046583555,0,2.81673046583555,591.347846862666,0,591.347846862666,0,0,0,591.347846862666,0,591.347846862666,605.375686379475,1200,14.0278395168091
18.1605148416656,1,wetting,360,1200,-0.00781873599337457,0.00781873599337457,0,2.81474495761484,0,2.81474495761484,0,2.81474495761484,594.162591820281,0,594.162591820281,0,0,0,594.162591820281,0,594.162591820281,608.19043133709,1200,14.0278395168091
18.2605148416656,1,wetting,360,1200,-0.00781365789866304,0.00781365789866304,0,2.8129168435187,0,2.8129168435187,0,2.8129168435187,596.9755086638,0,596.9755086638,0,0,0,596.9755086638,0,596.9755086638,611.003348180609,1200,14.0278395168091
18.3605148416656,1,wetting,360,1200,-0.00780926962225106,0.00780926962225106,0,2.81133706401038,0,2.81133706401038,0,2.81133706401038,599.78684572781,0,599.78684572781,0,0,0,599.78684572781,0,599.78684572781,613.814685244619,1200,14.0278395168091
18.4605148416656,1,wetting,360,1200,-0.00780484503076287,0.00780484503076287,0,2.80974421107463,0,2.80974421107463,0,2.80974421107463,602.596589938885,0,602.596589938885,0,0,0,602.596589938885,0,602.596589938885,616.624429455694,1200,14.0278395168091
18.5605148416656,1,wetting,360,1200,-0.00779942103014734,0.00779942103014734,0,2.80779157085304,0,2.80779157085304,0,2.80779157085304,605.404381509738,0,605.404381509738,0,0,0,605.404381509738,0,605.404381509738,619.432221026547,1200,14.0278395168091
18.6605148416656,1,wetting,360,1200,-0.0077920440438701,0.0077920440438701,0,2.80513585579324,0,2.80513585579324,0,2.80513585579324,608.209517365531,0,608.209517365531,0,0,0,608.209517365531,0,608.209517365531,622.23735688234,1200,14.0278395168091
18.7605148416656,1,wetting,360,1200,-0.00778377918214212,0.00778377918214212,0,2.80216050557116,0,2.80216050557116,0,2.80216050557116,611.011677871102,0,611.011677871102,0,0,0,611.011677871102,0,611.011677871102,625.039517387911,1200,14.0278395168091
18.8605148416656,1,wetting,360,1200,-0.0077760021740901,0.0077760021740901,0,2.79936078267244,0,2.79936078267244,0,2.79936078267244,613.811038653775,0,613.811038653775,0,0,0,613.811038653775,0,613.811038653775,627.838878170584,1200,14.0278395168091
18.9605148416656,1,wetting,360,1200,-0.00776928674850503,0.00776928674850503,0,2.79694322946181,0,2.79694322946181,0,2.79694322946181,616.607981883236,0,616.607981883236,0,0,0,616.607981883236,0,616.607981883236,630.635821400045,1200,14.0278395168091
19.0605148416656,1,wetting,360,1200,-0.00776354588675247,0.00776354588675247,0,2.79487651923089,0,2.79487651923089,0,2.79487651923089,619.402858402467,0,619.402858402467,0,0,0,619.402858402467,0,619.402858402467,633.430697919276,1200,14.0278395168091
19.1605148416656,1,wetting,360,1200,-0.00775868610153418,0.00775868610153418,0,2.7931269965523,0,2.7931269965523,0,2.7931269965523,622.19598539902,0,622.19598539902,0,0,0,622.19598539902,0,622.19598539902,636.223824915829,1200,14.0278395168091
19.2605148416656,1,wetting,360,1200,-0.0077538145791184,0.0077538145791184,0,2.79137324848262,0,2.79137324848262,0,2.79137324848262,624.987358647502,0,624.987358647502,0,0,0,624.987358647502,0,624.987358647502,639.015198164311,1200,14.0278395168091
19.3605148416656,1,wetting,360,1200,-0.00774840254128974,0.00774840254128974,0,2.78942491486431,0,2.78942491486431,0,2.78942491486431,627.776783562367,0,627.776783562367,0,0,0,627.776783562367,0,627.776783562367,641.804623079176,1200,14.0278395168091
19.4605148416656,1,wetting,360,1200,-0.00774179244153374,0.00774179244153374,0,2.78704527895215,0,2.78704527895215,0,2.78704527895215,630.563828841319,0,630.563828841319,0,0,0,630.563828841319,0,630.563828841319,644.591668358128,1200,14.0278395168091
19.5605148416656,1,wetting,360,1200,-0.0077336847746518,0.0077336847746518,0,2.78412651887465,0,2.78412651887465,0,2.78412651887465,633.347955360193,0,633.347955360193,0,0,0,633.347955360193,0,633.347955360193,647.375794877002,1200,14.0278395168091
19.6605148416656,1,wetting,360,1200,-0.00772629898393103,0.00772629898393103,0,2.78146763421517,0,2.78146763421517,0,2.78146763421517,636.129422994409,0,636.129422994409,0,0,0,636.129422994409,0,636.129422994409,650.157262511218,1200,14.0278395168091
19.7605148416656,1,wetting,360,1200,-0.00772045512825208,0.00772045512825208,0,2.77936384617075,0,2.77936384617075,0,2.77936384617075,638.908786840579,0,638.908786840579,0,0,0,638.908786840579,0,638.908786840579,652.936626357388,1200,14.0278395168091
19.8605148416656,1,wetting,360,1200,-0.00771595530506114,0.00771595530506114,0,2.77774390982201,0,2.77774390982201,0,2.77774390982201,641.686530750401,0,641.686530750401,0,0,0,641.686530750401,0,641.686530750401,655.71437026721,1200,14.0278395168091
19.9605148416656,1,wetting,360,1200,-0.00771187949547037,0.00771187949547037,0,2.77627661836933,0,2.77627661836933,0,2.77627661836933,644.462807368771,0,644.462807368771,0,0,0,644.462807368771,0,644.462807368771,658.49064688558,1200,14.0278395168091
20.0605148416656,1,wetting,360,1200,-0.00770791685815559,0.00770791685815559,0,2.77485006893601,0,2.77485006893601,0,2.77485006893601,647.237657437707,0,647.237657437707,0,0,0,647.237657437707,0,647.237657437707,661.265496954516,1200,14.0278395168091
20.1605148416656,1,wetting,360,1200,-0.00770381028834585,0.00770381028834585,0,2.77337170380451,0,2.77337170380451,0,2.77337170380451,650.011029141511,0,650.011029141511,0,0,0,650.011029141511,0,650.011029141511,664.03886865832,1200,14.0278395168091
20.2605148416656,1,wetting,360,1200,-0.00769915015057393,0.00769915015057393,0,2.77169405420662,0,2.77169405420662,0,2.77169405420662,652.782723195718,0,652.782723195718,0,0,0,652.782723195718,0,652.782723195718,666.810562712527,1200,14.0278395168091
20.3605148416656,1,wetting,360,1200,-0.00769326549376502,0.00769326549376502,0,2.76957557775541,0,2.76957557775541,0,2.76957557775541,655.552298773473,0,655.552298773473,0,0,0,655.552298773473,0,655.552298773473,669.580138290282,1200,14.0278395168091
20.4605148416656,1,wetting,360,1200,-0.00768636497631059,0.00768636497631059,0,2.76709139147181,0,2.76709139147181,0,2.76709139147181,658.319390164945,0,658.319390164945,0,0,0,658.319390164945,0,658.319390164945,672.347229681754,1200,14.0278395168091
20.5605148416656,1,wetting,360,1200,-0.0076788130248838,0.0076788130248838,0,2.76437268895817,0,2.76437268895817,0,2.76437268895817,661.083762853903,0,661.083762853903,0,0,0,661.083762853903,0,661.083762853903,675.111602370712,1200,14.0278395168091
20.6605148416656,1,wetting,360,1200,-0.00767184007200718,0.00767184007200718,0,2.76186242592259,0,2.76186242592259,0,2.76186242592259,663.845625279826,0,663.845625279826,0,0,0,663.845625279826,0,663.845625279826,677.873464796635,1200,14.0278395168091
20.7605148416656,1,wetting,360,1200,-0.00766633885485919,0.00766633885485919,0,2.75988198774931,0,2.75988198774931,0,2.75988198774931,666.605507267575,0,666.605507267575,0,0,0,666.605507267575,0,666.605507267575,680.633346784384,1200,14.0278395168091
20.8605148416656,1,wetting,360,1200,-0.00766188733053593,0.00766188733053593,0,2.75827943899294,0,2.75827943899294,0,2.75827943899294,669.363786706568,0,669.363786706568,0,0,0,669.363786706568,0,669.363786706568,683.391626223377,1200,14.0278395168091
20.9605148416656,1,wetting,360,1200,-0.00765791876557675,0.00765791876557675,0,2.75685075560763,0,2.75685075560763,0,2.75685075560763,672.120637462176,0,672.120637462176,0,0,0,672.120637462176,0,672.120637462176,686.148476978985,1200,14.0278395168091
21.0605148416656,1,wetting,360,1200,-0.00765393492380381,0.00765393492380381,0,2.75541657256937,0,2.75541657256937,0,2.75541657256937,674.876054034745,0,674.876054034745,0,0,0,674.876054034745,0,674.876054034745,688.903893551554,1200,14.0278395168091
21.1605148416656,1,wetting,360,1200,-0.00764950133713593,0.00764950133713593,0,2.75382048136893,0,2.75382048136893,0,2.75382048136893,677.629874516114,0,677.629874516114,0,0,0,677.629874516114,0,677.629874516114,691.657714032923,1200,14.0278395168091
21.2605148416656,1,wetting,360,1200,-0.0076442408167491,0.0076442408167491,0,2.75192669402968,0,2.75192669402968,0,2.75192669402968,680.381801210144,0,680.381801210144,0,0,0,680.381801210144,0,680.381801210144,694.409640726953,1200,14.0278395168091
21.3605148416656,1,wetting,360,1200,-0.00763817944911313,0.00763817944911313,0,2.74974460168073,0,2.74974460168073,0,2.74974460168073,683.131545811824,0,683.131545811824,0,0,0,683.131545811824,0,683.131545811824,697.159385328633,1200,14.0278395168091
21.4605148416656,1,wetting,360,1200,-0.00763094344266563,0.00763094344266563,0,2.74713963935963,0,2.74713963935963,0,2.74713963935963,685.878685451184,0,685.878685451184,0,0,0,685.878685451184,0,685.878685451184,699.906524967993,1200,14.0278395168091
21.5605148416656,1,wetting,360,1200,-0.00762311333169292,0.00762311333169292,0,2.74432079940945,0,2.74432079940945,0,2.74432079940945,688.623006250593,0,688.623006250593,0,0,0,688.623006250593,0,688.623006250593,702.650845767402,1200,14.0278395168091
21.6605148416656,1,wetting,360,1200,-0.00761623150267086,0.00761623150267086,0,2.74184334096151,0,2.74184334096151,0,2.74184334096151,691.364849591555,0,691.364849591555,0,0,0,691.364849591555,0,691.364849591555,705.392689108364,1200,14.0278395168091
21.7605148416656,1,wetting,360,1200,-0.00761041595255756,0.00761041595255756,0,2.73974974292072,0,2.73974974292072,0,2.73974974292072,694.104599334476,0,694.104599334476,0,0,0,694.104599334476,0,694.104599334476,708.132438851285,1200,14.0278395168091
21.8605148416656,1,wetting,360,1200,-0.00760535504688246,0.00760535504688246,0,2.73792781687769,0,2.73792781687769,0,2.73792781687769,696.842527151353,0,696.842527151353,0,0,0,696.842527151353,0,696.842527151353,710.870366668162,1200,14.0278395168091
21.9605148416656,1,wetting,360,1200,-0.00760077559493929,0.00760077559493929,0,2.73627921417814,0,2.73627921417814,0,2.73627921417814,699.578806365531,0,699.578806365531,0,0,0,699.578806365531,0,699.578806365531,713.60664588234,1200,14.0278395168091
22.0605148416656,1,wetting,360,1200,-0.00759603429456295,0.00759603429456295,0,2.73457234604266,0,2.73457234604266,0,2.73457234604266,702.313378711574,0,702.313378711574,0,0,0,702.313378711574,0,702.313378711574,716.341218228383,1200,14.0278395168091
22.1605148416656,1,wetting,360,1200,-0.0075910538060876,0.0075910538060876,0,2.73277937019154,0,2.73277937019154,0,2.73277937019154,705.046158081766,0,705.046158081766,0,0,0,705.046158081766,0,705.046158081766,719.073997598575,1200,14.0278395168091
22.2605148416656,1,wetting,360,1200,-0.00758564675997593,0.00758564675997593,0,2.73083283359133,0,2.73083283359133,0,2.73083283359133,707.776990915357,0,707.776990915357,0,0,0,707.776990915357,0,707.776990915357,721.804830432166,1200,14.0278395168091
22.3605148416656,1,wetting,360,1200,-0.00758060613270006,0.00758060613270006,0,2.72901820777202,0,2.72901820777202,0,2.72901820777202,710.506009123129,0,710.506009123129,0,0,0,710.506009123129,0,710.506009123129,724.533848639938,1200,14.0278395168091
22.4605148416656,1,wetting,360,1200,-0.00757547118987124,0.00757547118987124,0,2.72716962835364,0,2.72716962835364,0,2.72716962835364,713.233178751483,0,713.233178751483,0,0,0,713.233178751483,0,713.233178751483,727.261018268292,1200,14.0278395168091
22.5605148416656,1,wetting,360,1200,-0.00757006693891067,0.00757006693891067,0,2.72522409800784,0,2.72522409800784,0,2.72522409800784,715.95840284949,0,715.95840284949,0,0,0,715.95840284949,0,715.95840284949,729.9862423663,1200,14.0278395168091
22.6605148416656,1,wetting,360,1200,-0.00756474278074543,0.00756474278074543,0,2.72330740106835,0,2.72330740106835,0,2.72330740106835,718.681710250559,0,718.681710250559,0,0,0,718.681710250559,0,718.681710250559,732.709549767368,1200,14.0278395168091
22.7605148416656,1,wetting,360,1200,-0.00756027149975178,0.00756027149975178,0,2.72169773991064,0,2.72169773991064,0,2.72169773991064,721.403407990469,0,721.403407990469,0,0,0,721.403407990469,0,721.403407990469,735.431247507278,1200,14.0278395168091
22.8605148416656,1,wetting,360,1200,-0.00755626070129904,0.00755626070129904,0,2.72025385246765,0,2.72025385246765,0,2.72025385246765,724.123661842937,0,724.123661842937,0,0,0,724.123661842937,0,724.123661842937,738.151501359746,1200,14.0278395168091
22.9605148416656,1,wetting,360,1200,-0.00755260396356075,0.00755260396356075,0,2.71893742688187,0,2.71893742688187,0,2.71893742688187,726.842599269819,0,726.842599269819,0,0,0,726.842599269819,0,726.842599269819,740.870438786628,1200,14.0278395168091
23.0605148416656,1,wetting,360,1200,-0.00754940261350776,0.00754940261350776,0,2.71778494086279,0,2.71778494086279,0,2.71778494086279,729.560384210682,0,729.560384210682,0,0,0,729.560384210682,0,729.560384210682,743.588223727491,1200,14.0278395168091
23.1605148416656,1,wetting,360,1200,-0.00754625594951279,0.00754625594951279,0,2.7166521418246,0,2.7166521418246,0,2.7166521418246,732.277036352506,0,732.277036352506,0,0,0,732.277036352506,0,732.277036352506,746.304875869315,1200,14.0278395168091
23.2605148416656,1,wetting,360,1200,-0.00754311722592386,0.00754311722592386,0,2.71552220133259,0,2.71552220133259,0,2.71552220133259,734.992558553839,0,734.992558553839,0,0,0,734.992558553839,0,734.992558553839,749.020398070648,1200,14.0278395168091
23.3605148416656,1,wetting,360,1200,-0.00753999305052331,0.00753999305052331,0,2.71439749818839,0,2.71439749818839,0,2.71439749818839,737.706956052027,0,737.706956052027,0,0,0,737.706956052027,0,737.706956052027,751.734795568836,1200,14.0278395168091
23.4605148416656,1,wetting,360,1200,-0.00753683107985074,0.00753683107985074,0,2.71325918874627,0,2.71325918874627,0,2.71325918874627,740.420215240774,0,740.420215240774,0,0,0,740.420215240774,0,740.420215240774,754.448054757583,1200,14.0278395168091
23.5605148416656,1,wetting,360,1200,-0.00753372024133377,0.00753372024133377,0,2.71213928688016,0,2.71213928688016,0,2.71213928688016,743.132354527654,0,743.132354527654,0,0,0,743.132354527654,0,743.132354527654,757.160194044463,1200,14.0278395168091
23.6605148416656,1,wetting,360,1200,-0.00753075736829814,0.00753075736829814,0,2.71107265258733,0,2.71107265258733,0,2.71107265258733,745.843427180241,0,745.843427180241,0,0,0,745.843427180241,0,745.843427180241,759.87126669705,1200,14.0278395168091
23.7605148416656,1,wetting,360,1200,-0.00752762078490431,0.00752762078490431,0,2.70994348256555,0,2.70994348256555,0,2.70994348256555,748.553370662807,0,748.553370662807,0,0,0,748.553370662807,0,748.553370662807,762.581210179616,1200,14.0278395168091
23.8605148416656,1,wetting,360,1200,-0.00752399020428723,0.00752399020428723,0,2.7086364735434,0,2.7086364735434,0,2.7086364735434,751.26200713635,0,751.26200713635,0,0,0,751.26200713635,0,751.26200713635,765.289846653159,1200,14.0278395168091
23.9605148416656,1,wetting,360,1200,-0.00751964542504465,0.00751964542504465,0,2.70707235301607,0,2.70707235301607,0,2.70707235301607,753.969079489366,0,753.969079489366,0,0,0,753.969079489366,0,753.969079489366,767.996919006175,1200,14.0278395168091
24.0605148416656,1,wetting,360,1200,-0.00751473468287177,0.00751473468287177,0,2.70530448583384,0,2.70530448583384,0,2.70530448583384,756.6743839752,0,756.6743839752,0,0,0,756.6743839752,0,756.6743839752,770.702223492009,1200,14.0278395168091
24.1605148416656,1,wetting,360,1200,-0.00750939576503886,0.00750939576503886,0,2.70338247541399,0,2.70338247541399,0,2.70338247541399,759.377766450614,0,759.377766450614,0,0,0,759.377766450614,0,759.377766450614,773.405605967423,1200,14.0278395168091
24.2605148416656,1,wetting,360,1200,-0.0075041520107562,0.0075041520107562,0,2.70149472387223,0,2.70149472387223,0,2.70149472387223,762.079261174486,0,762.079261174486,0,0,0,762.079261174486,0,762.079261174486,776.107100691295,1200,14.0278395168091
24.3605148416656,1,wetting,360,1200,-0.00749918511794265,0.00749918511794265,0,2.69970664245935,0,2.69970664245935,0,2.69970664245935,764.778967816946,0,764.778967816946,0,0,0,764.778967816946,0,764.778967816946,778.806807333755,1200,14.0278395168091
24.4605148416656,1,wetting,360,1200,-0.00749440784093202,0.00749440784093202,0,2.69798682273553,0,2.69798682273553,0,2.69798682273553,767.476954639681,0,767.476954639681,0,0,0,767.476954639681,0,767.476954639681,781.50479415649,1200,14.0278395168091
24.5605148416656,1,wetting,360,1200,-0.00748997360547693,0.00748997360547693,0,2.69639049797169,0,2.69639049797169,0,2.69639049797169,770.173345137653,0,770.173345137653,0,0,0,770.173345137653,0,770.173345137653,784.201184654462,1200,14.0278395168091
24.6605148416656,1,wetting,360,1200,-0.00748531057164996,0.00748531057164996,0,2.69471180579398,0,2.69471180579398,0,2.69471180579398,772.868056943447,0,772.868056943447,0,0,0,772.868056943447,0,772.868056943447,786.895896460256,1200,14.0278395168091
24.7605148416656,1,wetting,360,1200,-0.0074801091723621,0.0074801091723621,0,2.69283930205036,0,2.69283930205036,0,2.69283930205036,775.560896245497,0,775.560896245497,0,0,0,775.560896245497,0,775.560896245497,789.588735762306,1200,14.0278395168091
24.8605148416656,1,wetting,360,1200,-0.00747405326340508,0.00747405326340508,0,2.69065917482583,0,2.69065917482583,0,2.69065917482583,778.251555420323,0,778.251555420323,0,0,0,778.251555420323,0,778.251555420323,792.279394937132,1200,14.0278395168091
24.9605148416656,1,wetting,360,1200,-0.00746718082625392,0.00746718082625392,0,2.68818509745141,0,2.68818509745141,0,2.68818509745141,780.939740517774,0,780.939740517774,0,0,0,780.939740517774,0,780.939740517774,794.967580034583,1200,14.0278395168091
25.0605148416656,1,wetting,360,1200,-0.00746026875552963,0.00746026875552963,0,2.68569675199067,0,2.68569675199067,0,2.68569675199067,783.625437269765,0,783.625437269765,0,0,0,783.625437269765,0,783.625437269765,797.653276786574,1200,14.0278395168091
25.1605148416656,1,wetting,360,1200,-0.00745405692831288,0.00745405692831288,0,2.68346049419263,0,2.68346049419263,0,2.68346049419263,786.308897763958,0,786.308897763958,0,0,0,786.308897763958,0,786.308897763958,800.336737280767,1200,14.0278395168091
25.2605148416656,1,wetting,360,1200,-0.00744867985890495,0.00744867985890495,0,2.68152474920578,0,2.68152474920578,0,2.68152474920578,788.990422513163,0,788.990422513163,0,0,0,788.990422513163,0,788.990422513163,803.018262029973,1200,14.0278395168091
25.3605148416656,1,wetting,360,1200,-0.00744406694423704,0.00744406694423704,0,2.67986409992533,0,2.67986409992533,0,2.67986409992533,791.670286613089,0,791.670286613089,0,0,0,791.670286613089,0,791.670286613089,805.698126129898,1200,14.0278395168091
25.4605148416656,1,wetting,360,1200,-0.0074398785897855,0.0074398785897855,0,2.67835629232278,0,2.67835629232278,0,2.67835629232278,794.348642905412,0,794.348642905412,0,0,0,794.348642905412,0,794.348642905412,808.376482422221,1200,14.0278395168091
25.5605148416656,1,wetting,360,1200,-0.00743587776410868,0.00743587776410868,0,2.67691599507912,0,2.67691599507912,0,2.67691599507912,797.025558900491,0,797.025558900491,0,0,0,797.025558900491,0,797.025558900491,811.0533984173,1200,14.0278395168091
25.6605148416656,1,wetting,360,1200,-0.00743191492152892,0.00743191492152892,0,2.67548937175041,0,2.67548937175041,0,2.67548937175041,799.701048272241,0,799.701048272241,0,0,0,799.701048272241,0,799.701048272241,813.72888778905,1200,14.0278395168091
25.7605148416656,1,wetting,360,1200,-0.00742794630577649,0.00742794630577649,0,2.67406067007954,0,2.67406067007954,0,2.67406067007954,802.37510894232,0,802.37510894232,0,0,0,802.37510894232,0,802.37510894232,816.40294845913,1200,14.0278395168091
25.8605148416656,1,wetting,360,1200,-0.0074238148052004,0.0074238148052004,0,2.67257332987214,0,2.67257332987214,0,2.67257332987214,805.047682272193,0,805.047682272193,0,0,0,805.047682272193,0,805.047682272193,819.075521789002,1200,14.0278395168091
25.9605148416656,1,wetting,360,1200,-0.00741923847093731,0.00741923847093731,0,2.67092584953743,0,2.67092584953743,0,2.67092584953743,807.71860812173,0,807.71860812173,0,0,0,807.71860812173,0,807.71860812173,821.746447638539,1200,14.0278395168091
26.0605148416656,1,wetting,360,1200,-0.00741464870259856,0.00741464870259856,0,2.66927353293548,0,2.66927353293548,0,2.66927353293548,810.387881654666,0,810.387881654666,0,0,0,810.387881654666,0,810.387881654666,824.415721171475,1200,14.0278395168091
26.1605148416656,1,wetting,360,1200,-0.00741025549385453,0.00741025549385453,0,2.66769197778763,0,2.66769197778763,0,2.66769197778763,813.055573632453,0,813.055573632453,0,0,0,813.055573632453,0,813.055573632453,827.083413149262,1200,14.0278395168091
26.2605148416656,1,wetting,360,1200,-0.00740590670201463,0.00740590670201463,0,2.66612641272527,0,2.66612641272527,0,2.66612641272527,815.721700045178,0,815.721700045178,0,0,0,815.721700045178,0,815.721700045178,829.749539561987,1200,14.0278395168091
26.3605148416656,1,wetting,360,1200,-0.007401553991552,0.007401553991552,0,2.66455943695872,0,2.66455943695872,0,2.66455943695872,818.386259482137,0,818.386259482137,0,0,0,818.386259482137,0,818.386259482137,832.414098998946,1200,14.0278395168091
26.4605148416656,1,wetting,360,1200,-0.0073970177774582,0.0073970177774582,0,2.66292639988495,0,2.66292639988495,0,2.66292639988495,821.049185882022,0,821.049185882022,0,0,0,821.049185882022,0,821.049185882022,835.077025398831,1200,14.0278395168091
26.5605148416656,1,wetting,360,1200,-0.00739258003892992,0.00739258003892992,0,2.66132881401477,0,2.66132881401477,0,2.66132881401477,823.710514696037,0,823.710514696037,0,0,0,823.710514696037,0,823.710514696037,837.738354212846,1200,14.0278395168091
26.6605148416656,1,wetting,360,1200,-0.00738895136189772,0.00738895136189772,0,2.66002249028318,0,2.66002249028318,0,2.66002249028318,826.37053718632,0,826.37053718632,0,0,0,826.37053718632,0,826.37053718632,840.398376703129,1200,14.0278395168091
26.7605148416656,1,wetting,360,1200,-0.0073859408903239,0.0073859408903239,0,2.6589387205166,0,2.6589387205166,0,2.6589387205166,829.029475906837,0,829.029475906837,0,0,0,829.029475906837,0,829.029475906837,843.057315423646,1200,14.0278395168091
26.8605148416656,1,wetting,360,1200,-0.00738324242088214,0.00738324242088214,0,2.65796727151757,0,2.65796727151757,0,2.65796727151757,831.687443178354,0,831.687443178354,0,0,0,831.687443178354,0,831.687443178354,845.715282695163,1200,14.0278395168091
26.9605148416656,1,wetting,360,1200,-0.00738064483668995,0.00738064483668995,0,2.65703214120838,0,2.65703214120838,0,2.65703214120838,834.344475319563,0,834.344475319563,0,0,0,834.344475319563,0,834.344475319563,848.372314836372,1200,14.0278395168091
27.0605148416656,1,wetting,360,1200,-0.00737827797978827,0.00737827797978827,0,2.65618007272378,0,2.65618007272378,0,2.65618007272378,837.000655392286,0,837.000655392286,0,0,0,837.000655392286,0,837.000655392286,851.028494909095,1200,14.0278395168091
27.1605148416656,1,wetting,360,1200,-0.00737605938577688,0.00737605938577688,0,2.65538137887968,0,2.65538137887968,0,2.65538137887968,839.656036771166,0,839.656036771166,0,0,0,839.656036771166,0,839.656036771166,853.683876287975,1200,14.0278395168091
27.2605148416656,1,wetting,360,1200,-0.00737400024869904,0.00737400024869904,0,2.65464008953165,0,2.65464008953165,0,2.65464008953165,842.310676860698,0,842.310676860698,0,0,0,842.310676860698,0,842.310676860698,856.338516377507,1200,14.0278395168091
27.3605148416656,1,wetting,360,1200,-0.00737199363075225,0.00737199363075225,0,2.65391770707081,0,2.65391770707081,0,2.65391770707081,844.964594567769,0,844.964594567769,0,0,0,844.964594567769,0,844.964594567769,858.992434084578,1200,14.0278395168091
27.4605148416656,1,wetting,360,1200,-0.00737003005132381,0.00737003005132381,0,2.65321081847657,0,2.65321081847657,0,2.65321081847657,847.617805386245,0,847.617805386245,0,0,0,847.617805386245,0,847.617805386245,861.645644903054,1200,14.0278395168091
27.5605148416656,1,wetting,360,1200,-0.00736806900798879,0.00736806900798879,0,2.65250484287596,0,2.65250484287596,0,2.65250484287596,850.270310229121,0,850.270310229121,0,0,0,850.270310229121,0,850.270310229121,864.29814974593,1200,14.0278395168091
27.6605148416656,1,wetting,360,1200,-0.00736610690964562,0.00736610690964562,0,2.65179848747242,0,2.65179848747242,0,2.65179848747242,852.922108716594,0,852.922108716594,0,0,0,852.922108716594,0,852.922108716594,866.949948233403,1200,14.0278395168091
27.7605148416656,1,wetting,360,1200,-0.0073640914017684,0.0073640914017684,0,2.65107290463663,0,2.65107290463663,0,2.65107290463663,855.57318162123,0,855.57318162123,0,0,0,855.57318162123,0,855.57318162123,869.601021138039,1200,14.0278395168091
27.8605148416656,1,wetting,360,1200,-0.00736196303944061,0.00736196303944061,0,2.65030669419862,0,2.65030669419862,0,2.65030669419862,858.223488315429,0,858.223488315429,0,0,0,858.223488315429,0,858.223488315429,872.251327832238,1200,14.0278395168091
27.9605148416656,1,wetting,360,1200,-0.00735964779570325,0.00735964779570325,0,2.64947320645317,0,2.64947320645317,0,2.64947320645317,860.872961521882,0,860.872961521882,0,0,0,860.872961521882,0,860.872961521882,874.900801038691,1200,14.0278395168091
28.0605148416656,1,wetting,360,1200,-0.00735729343919307,0.00735729343919307,0,2.6486256381095,0,2.6486256381095,0,2.6486256381095,863.521587159992,0,863.521587159992,0,0,0,863.521587159992,0,863.521587159992,877.549426676801,1200,14.0278395168091
28.1605148416656,1,wetting,360,1200,-0.00735473366643557,0.00735473366643557,0,2.64770411991681,0,2.64770411991681,0,2.64770411991681,866.169291279908,0,866.169291279908,0,0,0,866.169291279908,0,866.169291279908,880.197130796717,1200,14.0278395168091
28.2605148416656,1,wetting,360,1200,-0.00735190419725826,0.00735190419725826,0,2.64668551101297,0,2.64668551101297,0,2.64668551101297,868.815976790921,0,868.815976790921,0,0,0,868.815976790921,0,868.815976790921,882.84381630773,1200,14.0278395168091
28.3605148416656,1,wetting,360,1200,-0.00734883878687902,0.00734883878687902,0,2.64558196327645,0,2.64558196327645,0,2.64558196327645,871.461558754198,0,871.461558754198,0,0,0,871.461558754198,0,871.461558754198,885.489398271007,1200,14.0278395168091
28.4605148416656,1,wetting,360,1200,-0.00734565151809282,0.00734565151809282,0,2.64443454651342,0,2.64443454651342,0,2.64443454651342,874.105993300711,0,874.105993300711,0,0,0,874.105993300711,0,874.105993300711,888.13383281752,1200,14.0278395168091
28.5605148416656,1,wetting,360,1200,-0.00734260937480373,0.00734260937480373,0,2.64333937492934,0,2.64333937492934,0,2.64333937492934,876.749332675641,0,876.749332675641,0,0,0,876.749332675641,0,876.749332675641,890.77717219245,1200,14.0278395168091
28.6605148416656,1,wetting,360,1200,-0.00733979254471581,0.00733979254471581,0,2.64232531609769,0,2.64232531609769,0,2.64232531609769,879.391657991738,0,879.391657991738,0,0,0,879.391657991738,0,879.391657991738,893.419497508547,1200,14.0278395168091
28.7605148416656,1,wetting,360,1200,-0.00733705515332031,0.00733705515332031,0,2.64133985519531,0,2.64133985519531,0,2.64133985519531,882.032997846933,0,882.032997846933,0,0,0,882.032997846933,0,882.032997846933,896.060837363743,1200,14.0278395168091
28.8605148416656,1,wetting,360,1200,-0.0073342743180414,0.0073342743180414,0,2.6403387544949,0,2.6403387544949,0,2.6403387544949,884.673336601428,0,884.673336601428,0,0,0,884.673336601428,0,884.673336601428,898.701176118237,1200,14.0278395168091
28.9605148416656,1,wetting,360,1200,-0.00733158065109034,0.00733158065109034,0,2.63936903439252,0,2.63936903439252,0,2.63936903439252,887.312705635821,0,887.312705635821,0,0,0,887.312705635821,0,887.312705635821,901.34054515263,1200,14.0278395168091
29.0605148416656,1,wetting,360,1200,-0.00732891854404101,0.00732891854404101,0,2.63841067585476,0,2.63841067585476,0,2.63841067585476,889.951116311676,0,889.951116311676,0,0,0,889.951116311676,0,889.951116311676,903.978955828485,1200,14.0278395168091
29.1605148416656,1,wetting,360,1200,-0.00732625994925832,0.00732625994925832,0,2.63745358173299,0,2.63745358173299,0,2.63745358173299,892.588569893409,0,892.588569893409,0,0,0,892.588569893409,0,892.588569893409,906.616409410218,1200,14.0278395168091
29.2605148416656,1,wetting,360,1200,-0.00732350919669377,0.00732350919669377,0,2.63646331080976,0,2.63646331080976,0,2.63646331080976,895.225033204218,0,895.225033204218,0,0,0,895.225033204218,0,895.225033204218,909.252872721027,1200,14.0278395168091
29.3605148416656,1,wetting,360,1200,-0.00732080414108631,0.00732080414108631,0,2.63548949079107,0,2.63548949079107,0,2.63548949079107,897.860522695009,0,897.860522695009,0,0,0,897.860522695009,0,897.860522695009,911.888362211819,1200,14.0278395168091
29.4605148416656,1,wetting,360,1200,-0.00731810126717613,0.00731810126717613,0,2.63451645618341,0,2.63451645618341,0,2.63451645618341,900.495039151193,0,900.495039151193,0,0,0,900.495039151193,0,900.495039151193,914.522878668002,1200,14.0278395168091
29.5605148416656,1,wetting,360,1200,-0.0073153321177643,0.0073153321177643,0,2.63351956239515,0,2.63351956239515,0,2.63351956239515,903.128558713588,0,903.128558713588,0,0,0,903.128558713588,0,903.128558713588,917.156398230397,1200,14.0278395168091
29.6605148416656,1,wetting,360,1200,-0.00731250005171691,0.00731250005171691,0,2.63250001861809,0,2.63250001861809,0,2.63250001861809,905.761058732206,0,905.761058732206,0,0,0,905.761058732206,0,905.761058732206,919.788898249015,1200,14.0278395168091
29.7605148416656,1,wetting,360,1200,-0.00730960056679859,0.00730960056679859,0,2.63145620404749,0,2.63145620404749,0,2.63145620404749,908.392514936254,0,908.392514936254,0,0,0,908.392514936254,0,908.392514936254,922.420354453063,1200,14.0278395168091
29.8605148416656,1,wetting,360,1200,-0.00730672576226838,0.00730672576226838,0,2.63042127441662,0,2.63042127441662,0,2.63042127441662,911.02293621067,0,911.02293621067,0,0,0,911.02293621067,0,911.02293621067,925.050775727479,1200,14.0278395168091
29.9605148416656,1,wetting,360,1200,-0.00730397233848716,0.00730397233848716,0,2.62943004185538,0,2.62943004185538,0,2.62943004185538,913.652366252525,0,913.652366252525,0,0,0,913.652366252525,0,913.652366252525,927.680205769335,1200,14.0278395168091
30.0605148416656,1,wetting,360,1200,-0.00730141818448282,0.00730141818448282,0,2.62851054641381,0,2.62851054641381,0,2.62851054641381,916.280876798939,0,916.280876798939,0,0,0,916.280876798939,0,916.280876798939,930.308716315748,1200,14.0278395168091
30.1605148416656,1,wetting,360,1200,-0.00729882924132429,0.00729882924132429,0,2.62757852687674,0,2.62757852687674,0,2.62757852687674,918.908455325816,0,918.908455325816,0,0,0,918.908455325816,0,918.908455325816,932.936294842625,1200,14.0278395168091
30.2605148416656,1,wetting,360,1200,-0.00729619067896437,0.00729619067896437,0,2.62662864442717,0,2.62662864442717,0,2.62662864442717,921.535083970243,0,921.535083970243,0,0,0,921.535083970243,0,921.535083970243,935.562923487052,1200,14.0278395168091
30.3605148416656,1,wetting,360,1200,-0.00729344708941084,0.00729344708941084,0,2.6256409521879,0,2.6256409521879,0,2.6256409521879,924.160724922431,0,924.160724922431,0,0,0,924.160724922431,0,924.160724922431,938.18856443924,1200,14.0278395168091
30.4605148416656,1,wetting,360,1200,-0.0072905273690019,0.0072905273690019,0,2.62458985284068,0,2.62458985284068,0,2.62458985284068,926.785314775272,0,926.785314775272,0,0,0,926.785314775272,0,926.785314775272,940.813154292081,1200,14.0278395168091
30.5605148416656,1,wetting,360,1200,-0.0072875428668659,0.0072875428668659,0,2.62351543207172,0,2.62351543207172,0,2.62351543207172,929.408830207344,0,929.408830207344,0,0,0,929.408830207344,0,929.408830207344,943.436669724153,1200,14.0278395168091
30.6605148416656,1,wetting,360,1200,-0.00728442695019583,0.00728442695019583,0,2.6223937020705,0,2.6223937020705,0,2.6223937020705,932.031223909414,0,932.031223909414,0,0,0,932.031223909414,0,932.031223909414,946.059063426223,1200,14.0278395168091
30.7605148416656,1,wetting,360,1200,-0.00728109094113709,0.00728109094113709,0,2.62119273880935,0,2.62119273880935,0,2.62119273880935,934.652416648223,0,934.652416648223,0,0,0,934.652416648223,0,934.652416648223,948.680256165033,1200,14.0278395168091
30.8605148416656,1,wetting,360,1200,-0.00727751924013355,0.00727751924013355,0,2.61990692644808,0,2.61990692644808,0,2.61990692644808,937.272323574672,0,937.272323574672,0,0,0,937.272323574672,0,937.272323574672,951.300163091481,1200,14.0278395168091
30.9605148416656,1,wetting,360,1200,-0.00727359007691812,0.00727359007691812,0,2.61849242769052,0,2.61849242769052,0,2.61849242769052,939.890816002362,0,939.890816002362,0,0,0,939.890816002362,0,939.890816002362,953.918655519171,1200,14.0278395168091
31.0605148416656,1,wetting,360,1200,-0.0072691111219725,0.0072691111219725,0,2.6168800039101,0,2.6168800039101,0,2.6168800039101,942.507696006272,0,942.507696006272,0,0,0,942.507696006272,0,942.507696006272,956.535535523081,1200,14.0278395168091
31.1605148416656,1,wetting,360,1200,-0.00726389411607371,0.00726389411607371,0,2.61500188178654,0,2.61500188178654,0,2.61500188178654,945.122697888059,0,945.122697888059,0,0,0,945.122697888059,0,945.122697888059,959.150537404868,1200,14.0278395168091
31.2605148416656,1,wetting,360,1200,-0.00725830743817951,0.00725830743817951,0,2.61299067774462,0,2.61299067774462,0,2.61299067774462,947.735688565803,0,947.735688565803,0,0,0,947.735688565803,0,947.735688565803,961.763528082612,1200,14.0278395168091
31.3605148416656,1,wetting,360,1200,-0.00725331670279521,0.00725331670279521,0,2.61119401300627,0,2.61119401300627,0,2.61119401300627,950.34688257881,0,950.34688257881,0,0,0,950.34688257881,0,950.34688257881,964.374722095619,1200,14.0278395168091
31.4605148416656,1,wetting,360,1200,-0.0072484868168016,0.0072484868168016,0,2.60945525404858,0,2.60945525404858,0,2.60945525404858,952.956337832858,0,952.956337832858,0,0,0,952.956337832858,0,952.956337832858,966.984177349667,1200,14.0278395168091
31.5605148416656,1,wetting,360,1200,-0.00724356580889781,0.00724356580889781,0,2.60768369120321,0,2.60768369120321,0,2.60768369120321,955.564021524061,0,955.564021524061,0,0,0,955.564021524061,0,955.564021524061,969.59186104087,1200,14.0278395168091
31.6605148416656,1,wetting,360,1200,-0.0072385359983052,0.0072385359983052,0,2.60587295938987,0,2.60587295938987,0,2.60587295938987,958.169894483451,0,958.169894483451,0,0,0,958.169894483451,0,958.169894483451,972.19773400026,1200,14.0278395168091
31.7605148416656,1,wetting,360,1200,-0.00723340500615265,0.00723340500615265,0,2.60402580221496,0,2.60402580221496,0,2.60402580221496,960.773920285666,0,960.773920285666,0,0,0,960.773920285666,0,960.773920285666,974.801759802475,1200,14.0278395168091
31.8605148416656,1,wetting,360,1200,-0.00722839574658126,0.00722839574658126,0,2.60222246876925,0,2.60222246876925,0,2.60222246876925,963.376142754435,0,963.376142754435,0,0,0,963.376142754435,0,963.376142754435,977.403982271245,1200,14.0278395168091
31.9605148416656,1,wetting,360,1200,-0.00722387645930666,0.00722387645930666,0,2.6005955253504,0,2.6005955253504,0,2.6005955253504,965.976738279786,0,965.976738279786,0,0,0,965.976738279786,0,965.976738279786,980.004577796595,1200,14.0278395168091
32.0605148416656,1,wetting,360,1200,-0.00721990806519875,0.00721990806519875,0,2.59916690347155,0,2.59916690347155,0,2.59916690347155,968.575905183257,0,968.575905183257,0,0,0,968.575905183257,0,968.575905183257,982.603744700066,1200,14.0278395168091
32.1605148416656,1,wetting,360,1200,-0.0072162669833911,0.0072162669833911,0,2.5978561140208,0,2.5978561140208,0,2.5978561140208,971.173761297278,0,971.173761297278,0,0,0,971.173761297278,0,971.173761297278,985.201600814087,1200,14.0278395168091
32.2605148416656,1,wetting,360,1200,-0.00721290183888471,0.00721290183888471,0,2.59664466199849,0,2.59664466199849,0,2.59664466199849,973.770405959277,0,973.770405959277,0,0,0,973.770405959277,0,973.770405959277,987.798245476086,1200,14.0278395168091
32.3605148416656,1,wetting,360,1200,-0.00720974282612686,0.00720974282612686,0,2.59550741740567,0,2.59550741740567,0,2.59550741740567,976.365913376682,0,976.365913376682,0,0,0,976.365913376682,0,976.365913376682,990.393752893492,1200,14.0278395168091
32.4605148416656,1,wetting,360,1200,-0.00720682538447882,0.00720682538447882,0,2.59445713841237,0,2.59445713841237,0,2.59445713841237,978.960370515095,0,978.960370515095,0,0,0,978.960370515095,0,978.960370515095,992.988210031904,1200,14.0278395168091
32.5605148416656,1,wetting,360,1200,-0.00720406574336011,0.00720406574336011,0,2.59346366760964,0,2.59346366760964,0,2.59346366760964,981.553834182704,0,981.553834182704,0,0,0,981.553834182704,0,981.553834182704,995.581673699514,1200,14.0278395168091
32.6605148416656,1,wetting,360,1200,-0.00720152738532235,0.00720152738532235,0,2.59254985871605,0,2.59254985871605,0,2.59254985871605,984.146384041421,0,984.146384041421,0,0,0,984.146384041421,0,984.146384041421,998.17422355823,1200,14.0278395168091
32.7605148416656,1,wetting,360,1200,-0.00719910876608062,0.00719910876608062,0,2.59167915578902,0,2.59167915578902,0,2.59167915578902,986.73806319721,0,986.73806319721,0,0,0,986.73806319721,0,986.73806319721,1000.76590271402,1200,14.0278395168091
32.8605148416656,1,wetting,360,1200,-0.00719689096518042,0.00719689096518042,0,2.59088074746495,0,2.59088074746495,0,2.59088074746495,989.328943944675,0,989.328943944675,0,0,0,989.328943944675,0,989.328943944675,1003.35678346148,1200,14.0278395168091
32.9605148416656,1,wetting,360,1200,-0.00719475504413202,0.00719475504413202,0,2.59011181588753,0,2.59011181588753,0,2.59011181588753,991.919055760562,0,991.919055760562,0,0,0,991.919055760562,0,991.919055760562,1005.94689527737,1200,14.0278395168091
33.0605148416656,1,wetting,360,1200,-0.00719270054151719,0.00719270054151719,0,2.58937219494619,0,2.58937219494619,0,2.58937219494619,994.508427955508,0,994.508427955508,0,0,0,994.508427955508,0,994.508427955508,1008.53626747232,1200,14.0278395168091
33.1605148416656,1,wetting,360,1200,-0.00719072720319521,0.00719072720319521,0,2.58866179315028,0,2.58866179315028,0,2.58866179315028,997.097089748659,0,997.097089748659,0,0,0,997.097089748659,0,997.097089748659,1011.12492926547,1200,14.0278395168091
33.2605148416656,1,wetting,360,1200,-0.0071888272566471,0.0071888272566471,0,2.58797781239295,0,2.58797781239295,0,2.58797781239295,999.685067561052,0,999.685067561052,0,0,0,999.685067561052,0,999.685067561052,1013.71290707786,1200,14.0278395168091
33.3605148416656,1,wetting,360,1200,-0.00718696102977878,0.00718696102977878,0,2.58730597072036,0,2.58730597072036,0,2.58730597072036,1002.27237353177,0,1002.27237353177,0,0,0,1002.27237353177,0,1002.27237353177,1016.30021304858,1200,14.0278395168091
33.4605148416656,1,wetting,360,1200,-0.00718511014710978,0.00718511014710978,0,2.58663965295952,0,2.58663965295952,0,2.58663965295952,1004.85901318473,0,1004.85901318473,0,0,0,1004.85901318473,0,1004.85901318473,1018.88685270154,1200,14.0278395168091
33.5605148416656,1,wetting,360,1200,-0.00718326243451758,0.00718326243451758,0,2.58597447642633,0,2.58597447642633,0,2.58597447642633,1007.44498766116,0,1007.44498766116,0,0,0,1007.44498766116,0,1007.44498766116,1021.47282717797,1200,14.0278395168091
33.6605148416656,1,wetting,360,1200,-0.00718139689843752,0.00718139689843752,0,2.58530288343751,0,2.58530288343751,0,2.58530288343751,1010.0302905446,0,1010.0302905446,0,0,0,1010.0302905446,0,1010.0302905446,1024.0581300614,1200,14.0278395168091
33.7605148416656,1,wetting,360,1200,-0.00717949258734655,0.00717949258734655,0,2.58461733144476,0,2.58461733144476,0,2.58461733144476,1012.61490787604,0,1012.61490787604,0,0,0,1012.61490787604,0,1012.61490787604,1026.64274739285,1200,14.0278395168091
33.8605148416656,1,wetting,360,1200,-0.00717749733938213,0.00717749733938213,0,2.58389904217757,0,2.58389904217757,0,2.58389904217757,1015.19880691822,0,1015.19880691822,0,0,0,1015.19880691822,0,1015.19880691822,1029.22664643503,1200,14.0278395168091
33.9605148416656,1,wetting,360,1200,-0.00717537931800373,0.00717537931800373,0,2.58313655448134,0,2.58313655448134,0,2.58313655448134,1017.7819434727,0,1017.7819434727,0,0,0,1017.7819434727,0,1017.7819434727,1031.80978298951,1200,14.0278395168091
34.0605148416656,1,wetting,360,1200,-0.00717318550364973,0.00717318550364973,0,2.5823467813139,0,2.5823467813139,0,2.5823467813139,1020.36429025401,0,1020.36429025401,0,0,0,1020.36429025401,0,1020.36429025401,1034.39212977082,1200,14.0278395168091
34.1605148416656,1,wetting,360,1200,-0.00717077348756558,0.00717077348756558,0,2.58147845552361,0,2.58147845552361,0,2.58147845552361,1022.94576870954,0,1022.94576870954,0,0,0,1022.94576870954,0,1022.94576870954,1036.97360822635,1200,14.0278395168091
34.2605148416656,1,wetting,360,1200,-0.00716820770003278,0.00716820770003278,0,2.5805547720118,0,2.5805547720118,0,2.5805547720118,1025.52632348155,0,1025.52632348155,0,0,0,1025.52632348155,0,1025.52632348155,1039.55416299836,1200,14.0278395168091
34.3605148416656,1,wetting,360,1200,-0.00716540457412787,0.00716540457412787,0,2.57954564668603,0,2.57954564668603,0,2.57954564668603,1028.10586912823,0,1028.10586912823,0,0,0,1028.10586912823,0,1028.10586912823,1042.13370864504,1200,14.0278395168091
34.4605148416656,1,wetting,360,1200,-0.00716245780230099,0.00716245780230099,0,2.57848480882836,0,2.57848480882836,0,2.57848480882836,1030.68435393706,0,1030.68435393706,0,0,0,1030.68435393706,0,1030.68435393706,1044.71219345387,1200,14.0278395168091
34.5605148416656,1,wetting,360,1200,-0.00715950287375206,0.00715950287375206,0,2.57742103455074,0,2.57742103455074,0,2.57742103455074,1033.26177497161,0,1033.26177497161,0,0,0,1033.26177497161,0,1033.26177497161,1047.28961448842,1200,14.0278395168091
34.6605148416656,1,wetting,360,1200,-0.00715661415286206,0.00715661415286206,0,2.57638109503034,0,2.57638109503034,0,2.57638109503034,1035.83815606664,0,1035.83815606664,0,0,0,1035.83815606664,0,1035.83815606664,1049.86599558345,1200,14.0278395168091
34.7605148416656,1,wetting,360,1200,-0.00715391043898351,0.00715391043898351,0,2.57540775803406,0,2.57540775803406,0,2.57540775803406,1038.41356382468,0,1038.41356382468,0,0,0,1038.41356382468,0,1038.41356382468,1052.44140334149,1200,14.0278395168091
34.8605148416656,1,wetting,360,1200,-0.00715131601368295,0.00715131601368295,0,2.57447376492586,0,2.57447376492586,0,2.57447376492586,1040.9880375896,0,1040.9880375896,0,0,0,1040.9880375896,0,1040.9880375896,1055.01587710641,1200,14.0278395168091
34.9605148416656,1,wetting,360,1200,-0.00714885204631037,0.00714885204631037,0,2.57358673667173,0,2.57358673667173,0,2.57358673667173,1043.56162432628,0,1043.56162432628,0,0,0,1043.56162432628,0,1043.56162432628,1057.58946384308,1200,14.0278395168091
35.0605148416656,1,wetting,360,1200,-0.00714648529963639,0.00714648529963639,0,2.5727347078691,0,2.5727347078691,0,2.5727347078691,1046.13435903414,0,1046.13435903414,0,0,0,1046.13435903414,0,1046.13435903414,1060.16219855095,1200,14.0278395168091
35.1605148416656,1,wetting,360,1200,-0.00714420066839941,0.00714420066839941,0,2.57191224062379,0,2.57191224062379,0,2.57191224062379,1048.70627127477,0,1048.70627127477,0,0,0,1048.70627127477,0,1048.70627127477,1062.73411079158,1200,14.0278395168091
35.2605148416656,1,wetting,360,1200,-0.00714198532102356,0.00714198532102356,0,2.57111471556848,0,2.57111471556848,0,2.57111471556848,1051.27738599034,0,1051.27738599034,0,0,0,1051.27738599034,0,1051.27738599034,1065.30522550715,1200,14.0278395168091
35.3605148416656,1,wetting,360,1200,-0.00713989578693442,0.00713989578693442,0,2.57036248329639,0,2.57036248329639,0,2.57036248329639,1053.84774847363,0,1053.84774847363,0,0,0,1053.84774847363,0,1053.84774847363,1067.87558799044,1200,14.0278395168091
35.4605148416656,1,wetting,360,1200,-0.0071379060609837,0.0071379060609837,0,2.56964618195413,0,2.56964618195413,0,2.56964618195413,1056.41739465559,0,1056.41739465559,0,0,0,1056.41739465559,0,1056.41739465559,1070.4452341724,1200,14.0278395168091
35.5605148416656,1,wetting,360,1200,-0.0071359995290043,0.0071359995290043,0,2.56895983044155,0,2.56895983044155,0,2.56895983044155,1058.98635448603,0,1058.98635448603,0,0,0,1058.98635448603,0,1058.98635448603,1073.01419400284,1200,14.0278395168091
35.6605148416656,1,wetting,360,1200,-0.00713415003977835,0.00713415003977835,0,2.56829401432021,0,2.56829401432021,0,2.56829401432021,1061.55464850035,0,1061.55464850035,0,0,0,1061.55464850035,0,1061.55464850035,1075.58248801716,1200,14.0278395168091
35.7605148416656,1,wetting,360,1200,-0.00713232296473751,0.00713232296473751,0,2.5676362673055,0,2.5676362673055,0,2.5676362673055,1064.12228476765,0,1064.12228476765,0,0,0,1064.12228476765,0,1064.12228476765,1078.15012428446,1200,14.0278395168091
35.8605148416656,1,wetting,360,1200,-0.00713048671739139,0.00713048671739139,0,2.5669752182609,0,2.5669752182609,0,2.5669752182609,1066.68925998592,0,1066.68925998592,0,0,0,1066.68925998592,0,1066.68925998592,1080.71709950272,1200,14.0278395168091
35.9605148416656,1,wetting,360,1200,-0.00712864977756691,0.00712864977756691,0,2.56631391992409,0,2.56631391992409,0,2.56631391992409,1069.25557390584,0,1069.25557390584,0,0,0,1069.25557390584,0,1069.25557390584,1083.28341342265,1200,14.0278395168091
36.0605148416656,1,wetting,360,1200,-0.0071268205762931,0.0071268205762931,0,2.56565540746552,0,2.56565540746552,0,2.56565540746552,1071.82122931331,0,1071.82122931331,0,0,0,1071.82122931331,0,1071.82122931331,1085.84906883011,1200,14.0278395168091
36.1605148416656,1,wetting,360,1200,-0.00712508635869844,0.00712508635869844,0,2.56503108913144,0,2.56503108913144,0,2.56503108913144,1074.38626040244,0,1074.38626040244,0,0,0,1074.38626040244,0,1074.38626040244,1088.41409991925,1200,14.0278395168091
36.2605148416656,1,wetting,360,1200,-0.00712332563729273,0.00712332563729273,0,2.56439722942538,0,2.56439722942538,0,2.56439722942538,1076.95065763186,0,1076.95065763186,0,0,0,1076.95065763186,0,1076.95065763186,1090.97849714867,1200,14.0278395168091
36.3605148416656,1,wetting,360,1200,-0.00712159569572526,0.00712159569572526,0,2.56377445046109,0,2.56377445046109,0,2.56377445046109,1079.51443208232,0,1079.51443208232,0,0,0,1079.51443208232,0,1079.51443208232,1093.54227159913,1200,14.0278395168091
36.4605148416656,1,wetting,360,1200,-0.00711981120522717,0.00711981120522717,0,2.56313203388178,0,2.56313203388178,0,2.56313203388178,1082.0775641162,0,1082.0775641162,0,0,0,1082.0775641162,0,1082.0775641162,1096.10540363301,1200,14.0278395168091
36.5605148416656,1,wetting,360,1200,-0.00711791123482667,0.00711791123482667,0,2.5624480445376,0,2.5624480445376,0,2.5624480445376,1084.64001216074,0,1084.64001216074,0,0,0,1084.64001216074,0,1084.64001216074,1098.66785167755,1200,14.0278395168091
36.6605148416656,1,wetting,360,1200,-0.0071159521092183,0.0071159521092183,0,2.56174275931859,0,2.56174275931859,0,2.56174275931859,1087.20175492006,0,1087.20175492006,0,0,0,1087.20175492006,0,1087.20175492006,1101.22959443687,1200,14.0278395168091
36.7605148416656,1,wetting,360,1200,-0.00711388179833706,0.00711388179833706,0,2.56099744740134,0,2.56099744740134,0,2.56099744740134,1089.76275236746,0,1089.76275236746,0,0,0,1089.76275236746,0,1089.76275236746,1103.79059188427,1200,14.0278395168091
36.8605148416656,1,wetting,360,1200,-0.00711184537652416,0.00711184537652416,0,2.5602643355487,0,2.5602643355487,0,2.5602643355487,1092.32301670301,0,1092.32301670301,0,0,0,1092.32301670301,0,1092.32301670301,1106.35085621982,1200,14.0278395168091
36.9605148416656,1,wetting,360,1200,-0.00710996567473786,0.00710996567473786,0,2.55958764290563,0,2.55958764290563,0,2.55958764290563,1094.88260434592,0,1094.88260434592,0,0,0,1094.88260434592,0,1094.88260434592,1108.91044386273,1200,14.0278395168091
37.0605148416656,1,wetting,360,1200,-0.00710816250594575,0.00710816250594575,0,2.55893850214047,0,2.55893850214047,0,2.55893850214047,1097.44154284806,0,1097.44154284806,0,0,0,1097.44154284806,0,1097.44154284806,1111.46938236487,1200,14.0278395168091
37.1605148416656,1,wetting,360,1200,-0.00710642666395276,0.00710642666395276,0,2.55831359902299,0,2.55831359902299,0,2.55831359902299,1099.99985644708,0,1099.99985644708,0,0,0,1099.99985644708,0,1099.99985644708,1114.02769596389,1200,14.0278395168091
37.2605148416656,1,wetting,360,1200,-0.00710470962948976,0.00710470962948976,0,2.55769546661631,0,2.55769546661631,0,2.55769546661631,1102.5575519137,0,1102.5575519137,0,0,0,1102.5575519137,0,1102.5575519137,1116.58539143051,1200,14.0278395168091
37.3605148416656,1,wetting,360,1200,-0.00710304429019614,0.00710304429019614,0,2.55709594447061,0,2.55709594447061,0,2.55709594447061,1105.11464785817,0,1105.11464785817,0,0,0,1105.11464785817,0,1105.11464785817,1119.14248737498,1200,14.0278395168091
37.4605148416656,1,wetting,360,1200,-0.00710141459183172,0.00710141459183172,0,2.55650925305942,0,2.55650925305942,0,2.55650925305942,1107.67115711123,0,1107.67115711123,0,0,0,1107.67115711123,0,1107.67115711123,1121.69899662804,1200,14.0278395168091
37.5605148416656,1,wetting,360,1200,-0.00709977385732426,0.00709977385732426,0,2.55591858863673,0,2.55591858863673,0,2.55591858863673,1110.22707569986,0,1110.22707569986,0,0,0,1110.22707569986,0,1110.22707569986,1124.25491521667,1200,14.0278395168091
37.6605148416656,1,wetting,360,1200,-0.0070981069927126,0.0070981069927126,0,2.55531851737653,0,2.55531851737653,0,2.55531851737653,1112.78239421724,0,1112.78239421724,0,0,0,1112.78239421724,0,1112.78239421724,1126.81023373405,1200,14.0278395168091
37.7605148416656,1,wetting,360,1200,-0.00709640889484406,0.00709640889484406,0,2.55470720214386,0,2.55470720214386,0,2.55470720214386,1115.33710141938,0,1115.33710141938,0,0,0,1115.33710141938,0,1115.33710141938,1129.36494093619,1200,14.0278395168091
37.8605148416656,1,wetting,360,1200,-0.00709465223052897,0.00709465223052897,0,2.55407480299043,0,2.55407480299043,0,2.55407480299043,1117.89117622237,0,1117.89117622237,0,0,0,1117.89117622237,0,1117.89117622237,1131.91901573918,1200,14.0278395168091
37.9605148416656,1,wetting,360,1200,-0.00709279294578529,0.00709279294578529,0,2.55340546048271,0,2.55340546048271,0,2.55340546048271,1120.44458168286,0,1120.44458168286,0,0,0,1120.44458168286,0,1120.44458168286,1134.47242119967,1200,14.0278395168091
38.0605148416656,1,wetting,360,1200,-0.00709081483289637,0.00709081483289637,0,2.55269333984269,0,2.55269333984269,0,2.55269333984269,1122.9972750227,0,1122.9972750227,0,0,0,1122.9972750227,0,1122.9972750227,1137.02511453951,1200,14.0278395168091
38.1605148416656,1,wetting,360,1200,-0.00708868727386908,0.00708868727386908,0,2.55192741859287,0,2.55192741859287,0,2.55192741859287,1125.54920244129,0,1125.54920244129,0,0,0,1125.54920244129,0,1125.54920244129,1139.5770419581,1200,14.0278395168091
38.2605148416656,1,wetting,360,1200,-0.00708637525637409,0.00708637525637409,0,2.55109509229467,0,2.55109509229467,0,2.55109509229467,1128.10029753359,0,1128.10029753359,0,0,0,1128.10029753359,0,1128.10029753359,1142.1281370504,1200,14.0278395168091
38.3605148416656,1,wetting,360,1200,-0.0070838546416876,0.0070838546416876,0,2.55018767100754,0,2.55018767100754,0,2.55018767100754,1130.65048520459,0,1130.65048520459,0,0,0,1130.65048520459,0,1130.65048520459,1144.6783247214,1200,14.0278395168091
38.4605148416656,1,wetting,360,1200,-0.00708107522341221,0.00708107522341221,0,2.5491870804284,0,2.5491870804284,0,2.5491870804284,1133.19967228502,0,1133.19967228502,0,0,0,1133.19967228502,0,1133.19967228502,1147.22751180183,1200,14.0278395168091
38.5605148416656,1,wetting,360,1200,-0.00707789059583245,0.00707789059583245,0,2.54804061449968,0,2.54804061449968,0,2.54804061449968,1135.74771289952,0,1135.74771289952,0,0,0,1135.74771289952,0,1135.74771289952,1149.77555241633,1200,14.0278395168091
38.6605148416656,1,wetting,360,1200,-0.00707471871401286,0.00707471871401286,0,2.54689873704463,0,2.54689873704463,0,2.54689873704463,1138.29461163657,0,1138.29461163657,0,0,0,1138.29461163657,0,1138.29461163657,1152.32245115338,1200,14.0278395168091
38.7605148416656,1,wetting,360,1200,-0.00707171148846207,0.00707171148846207,0,2.54581613584634,0,2.54581613584634,0,2.54581613584634,1140.84042777241,0,1140.84042777241,0,0,0,1140.84042777241,0,1140.84042777241,1154.86826728922,1200,14.0278395168091
38.8605148416656,1,wetting,360,1200,-0.00706864530201447,0.00706864530201447,0,2.54471230872521,0,2.54471230872521,0,2.54471230872521,1143.38514008114,0,1143.38514008114,0,0,0,1143.38514008114,0,1143.38514008114,1157.41297959795,1200,14.0278395168091
38.9605148416656,1,wetting,360,1200,-0.00706553592823987,0.00706553592823987,0,2.54359293416635,0,2.54359293416635,0,2.54359293416635,1145.92873301531,0,1145.92873301531,0,0,0,1145.92873301531,0,1145.92873301531,1159.95657253211,1200,14.0278395168091
39.0605148416656,1,wetting,360,1200,-0.00706262650079398,0.00706262650079398,0,2.54254554028583,0,2.54254554028583,0,2.54254554028583,1148.47127855559,0,1148.47127855559,0,0,0,1148.47127855559,0,1148.47127855559,1162.4991180724,1200,14.0278395168091
39.1605148416656,1,wetting,360,1200,-0.007060058641455,0.007060058641455,0,2.5416211109238,0,2.5416211109238,0,2.5416211109238,1151.01289966651,0,1151.01289966651,0,0,0,1151.01289966651,0,1151.01289966651,1165.04073918332,1200,14.0278395168091
39.2605148416656,1,wetting,360,1200,-0.00705770110334318,0.00705770110334318,0,2.54077239720355,0,2.54077239720355,0,2.54077239720355,1153.55367206372,0,1153.55367206372,0,0,0,1153.55367206372,0,1153.55367206372,1167.58151158053,1200,14.0278395168091
39.3605148416656,1,wetting,360,1200,-0.00705553685006897,0.00705553685006897,0,2.53999326602483,0,2.53999326602483,0,2.53999326602483,1156.09366532974,0,1156.09366532974,0,0,0,1156.09366532974,0,1156.09366532974,1170.12150484655,1200,14.0278395168091
39.4605148416656,1,wetting,360,1200,-0.00705353157412887,0.00705353157412887,0,2.53927136668639,0,2.53927136668639,0,2.53927136668639,1158.63293669643,0,1158.63293669643,0,0,0,1158.63293669643,0,1158.63293669643,1172.66077621324,1200,14.0278395168091
39.5605148416656,1,wetting,360,1200,-0.00705164288072018,0.00705164288072018,0,2.53859143705926,0,2.53859143705926,0,2.53859143705926,1161.17152813349,0,1161.17152813349,0,0,0,1161.17152813349,0,1161.17152813349,1175.1993676503,1200,14.0278395168091
39.6605148416656,1,wetting,360,1200,-0.00704985156944082,0.00704985156944082,0,2.53794656499869,0,2.53794656499869,0,2.53794656499869,1163.70947469849,0,1163.70947469849,0,0,0,1163.70947469849,0,1163.70947469849,1177.7373142153,1200,14.0278395168091
39.7605148416656,1,wetting,360,1200,-0.00704813430574718,0.00704813430574718,0,2.53732835006898,0,2.53732835006898,0,2.53732835006898,1166.24680304856,0,1166.24680304856,0,0,0,1166.24680304856,0,1166.24680304856,1180.27464256537,1200,14.0278395168091
39.8605148416656,1,wetting,360,1200,-0.00704646384290666,0.00704646384290666,0,2.5367269834464,0,2.5367269834464,0,2.5367269834464,1168.783530032,0,1168.783530032,0,0,0,1168.783530032,0,1168.783530032,1182.81136954881,1200,14.0278395168091
39.9605148416656,1,wetting,360,1200,-0.00704481142466916,0.00704481142466916,0,2.5361321128809,0,2.5361321128809,0,2.5361321128809,1171.31966214488,0,1171.31966214488,0,0,0,1171.31966214488,0,1171.31966214488,1185.34750166169,1200,14.0278395168091
40.0605148416656,1,wetting,360,1200,-0.00704329612244425,0.00704329612244425,0,2.53558660407993,0,2.53558660407993,0,2.53558660407993,1173.85524874896,0,1173.85524874896,0,0,0,1173.85524874896,0,1173.85524874896,1187.88308826577,1200,14.0278395168091
40.1605148416656,1,wetting,360,1200,-0.00704185415835538,0.00704185415835538,0,2.53506749700794,0,2.53506749700794,0,2.53506749700794,1176.39031624597,0,1176.39031624597,0,0,0,1176.39031624597,0,1176.39031624597,1190.41815576278,1200,14.0278395168091
40.2605148416656,1,wetting,360,1200,-0.00704046851844009,0.00704046851844009,0,2.53456866663843,0,2.53456866663843,0,2.53456866663843,1178.92488491261,0,1178.92488491261,0,0,0,1178.92488491261,0,1178.92488491261,1192.95272442942,1200,14.0278395168091
40.3605148416656,1,wetting,360,1200,-0.0070391333324797,0.0070391333324797,0,2.53408799969269,0,2.53408799969269,0,2.53408799969269,1181.4589729123,0,1181.4589729123,0,0,0,1181.4589729123,0,1181.4589729123,1195.48681242911,1200,14.0278395168091
40.4605148416656,1,wetting,360,1200,-0.00703784319148692,0.00703784319148692,0,2.53362354893529,0,2.53362354893529,0,2.53362354893529,1183.99259646124,0,1183.99259646124,0,0,0,1183.99259646124,0,1183.99259646124,1198.02043597805,1200,14.0278395168091
40.5605148416656,1,wetting,360,1200,-0.00703658947900662,0.00703658947900662,0,2.53317221244238,0,2.53317221244238,0,2.53317221244238,1186.52576867368,0,1186.52576867368,0,0,0,1186.52576867368,0,1186.52576867368,1200.55360819049,1200,14.0278395168091
40.6605148416656,1,wetting,360,1200,-0.00703537382394607,0.00703537382394607,0,2.53273457662059,0,2.53273457662059,0,2.53273457662059,1189.0585032503,0,1189.0585032503,0,0,0,1189.0585032503,0,1189.0585032503,1203.08634276711,1200,14.0278395168091
40.7605148416656,1,wetting,360,1200,-0.00703418888302737,0.00703418888302737,0,2.53230799788985,0,2.53230799788985,0,2.53230799788985,1191.59081124819,0,1191.59081124819,0,0,0,1191.59081124819,0,1191.59081124819,1205.618650765,1200,14.0278395168091
40.8605148416656,1,wetting,360,1200,-0.00703302993531452,0.00703302993531452,0,2.53189077671323,0,2.53189077671323,0,2.53189077671323,1194.1227020249,0,1194.1227020249,0,0,0,1194.1227020249,0,1194.1227020249,1208.15054154171,1200,14.0278395168091
40.9605148416656,1,wetting,360,1200,-0.00703189254049492,0.00703189254049492,0,2.53148131457817,0,2.53148131457817,0,2.53148131457817,1196.65418333948,0,1196.65418333948,0,0,0,1196.65418333948,0,1196.65418333948,1210.68202285629,1200,14.0278395168091
41.0605148416656,1,wetting,360,1200,-0.0070307336715307,0.0070307336715307,0,2.53106412175105,0,2.53106412175105,0,2.53106412175105,1199.18524746123,0,1199.18524746123,0,0,0,1199.18524746123,0,1199.18524746123,1213.21308697804,1200,14.0278395168091
41.1605148416656,1,wetting,360,1200,-0.00702958860549191,0.00702958860549191,0,2.53065189797709,0,2.53065189797709,0,2.53065189797709,1201.71589935921,0,1201.71589935921,0,0,0,1201.71589935921,0,1201.71589935921,1215.74373887602,1200,14.0278395168091
41.2605148416656,1,wetting,360,1200,-0.00702849973495925,0.00702849973495925,0,2.53025990458533,0,2.53025990458533,0,2.53025990458533,1204.2461592638,0,1204.2461592638,0,0,0,1204.2461592638,0,1204.2461592638,1218.27399878061,1200,14.0278395168091
41.3605148416656,1,wetting,360,1200,-0.0070273893851936,0.0070273893851936,0,2.52986017866969,0,2.52986017866969,0,2.52986017866969,1206.77601944247,0,1206.77601944247,0,0,0,1206.77601944247,0,1206.77601944247,1220.80385895927,1200,14.0278395168091
41.4605148416656,1,wetting,360,1200,-0.00702631374760314,0.00702631374760314,0,2.52947294913713,0,2.52947294913713,0,2.52947294913713,1209.3054923916,0,1209.3054923916,0,0,0,1209.3054923916,0,1209.3054923916,1223.33333190841,1200,14.0278395168091
41.5605148416656,1,wetting,360,1200,-0.00702522877689846,0.00702522877689846,0,2.52908235968345,0,2.52908235968345,0,2.52908235968345,1211.83457475129,0,1211.83457475129,0,0,0,1211.83457475129,0,1211.83457475129,1225.8624142681,1200,14.0278395168091
41.6605148416656,1,wetting,360,1200,-0.00702411947669555,0.00702411947669555,0,2.5286830116104,0,2.5286830116104,0,2.5286830116104,1214.3632577629,0,1214.3632577629,0,0,0,1214.3632577629,0,1214.3632577629,1228.39109727971,1200,14.0278395168091
41.7605148416656,1,wetting,360,1200,-0.00702299131895148,0.00702299131895148,0,2.52827687482253,0,2.52827687482253,0,2.52827687482253,1216.89153463772,0,1216.89153463772,0,0,0,1216.89153463772,0,1216.89153463772,1230.91937415453,1200,14.0278395168091
41.8605148416656,1,wetting,360,1200,-0.00702183498080815,0.00702183498080815,0,2.52786059309093,0,2.52786059309093,0,2.52786059309093,1219.41939523081,0,1219.41939523081,0,0,0,1219.41939523081,0,1219.41939523081,1233.44723474762,1200,14.0278395168091
41.9605148416656,1,wetting,360,1200,-0.00702066481996325,0.00702066481996325,0,2.52743933518677,0,2.52743933518677,0,2.52743933518677,1221.946834566,0,1221.946834566,0,0,0,1221.946834566,0,1221.946834566,1235.97467408281,1200,14.0278395168091
42.0605148416656,1,wetting,360,1200,-0.00701950247682056,0.00701950247682056,0,2.5270208916554,0,2.5270208916554,0,2.5270208916554,1224.47385545765,0,1224.47385545765,0,0,0,1224.47385545765,0,1224.47385545765,1238.50169497446,1200,14.0278395168091
42.1605148416656,1,wetting,360,1200,-0.00701831017340311,0.00701831017340311,0,2.52659166242512,0,2.52659166242512,0,2.52659166242512,1227.00044712008,0,1227.00044712008,0,0,0,1227.00044712008,0,1227.00044712008,1241.02828663689,1200,14.0278395168091
42.2605148416656,1,wetting,360,1200,-0.00701711870001722,0.00701711870001722,0,2.5261627320062,0,2.5261627320062,0,2.5261627320062,1229.52660985208,0,1229.52660985208,0,0,0,1229.52660985208,0,1229.52660985208,1243.55444936889,1200,14.0278395168091
42.3605148416656,1,wetting,360,1200,-0.00701592943977843,0.00701592943977843,0,2.52573459832023,0,2.52573459832023,0,2.52573459832023,1232.0523444504,0,1232.0523444504,0,0,0,1232.0523444504,0,1232.0523444504,1246.08018396721,1200,14.0278395168091
42.4605148416656,1,wetting,360,1200,-0.00701472087736229,0.00701472087736229,0,2.52529951585042,0,2.52529951585042,0,2.52529951585042,1234.57764396625,0,1234.57764396625,0,0,0,1234.57764396625,0,1234.57764396625,1248.60548348306,1200,14.0278395168091
42.5605148416656,1,wetting,360,1200,-0.00701348495921096,0.00701348495921096,0,2.52485458531594,0,2.52485458531594,0,2.52485458531594,1237.10249855157,0,1237.10249855157,0,0,0,1237.10249855157,0,1237.10249855157,1251.13033806838,1200,14.0278395168091
42.6605148416656,1,wetting,360,1200,-0.00701221632523775,0.00701221632523775,0,2.52439787708559,0,2.52439787708559,0,2.52439787708559,1239.62689642866,0,1239.62689642866,0,0,0,1239.62689642866,0,1239.62689642866,1253.65473594547,1200,14.0278395168091
42.7605148416656,1,wetting,360,1200,-0.00701090226532584,0.00701090226532584,0,2.5239248155173,0,2.5239248155173,0,2.5239248155173,1242.15082124417,0,1242.15082124417,0,0,0,1242.15082124417,0,1242.15082124417,1256.17866076098,1200,14.0278395168091
42.8605148416656,1,wetting,360,1200,-0.00700952703301308,0.00700952703301308,0,2.52342973188471,0,2.52342973188471,0,2.52342973188471,1244.67425097606,0,1244.67425097606,0,0,0,1244.67425097606,0,1244.67425097606,1258.70209049287,1200,14.0278395168091
42.9605148416656,1,wetting,360,1200,-0.00700806700150249,0.00700806700150249,0,2.5229041205409,0,2.5229041205409,0,2.5229041205409,1247.1971550966,0,1247.1971550966,0,0,0,1247.1971550966,0,1247.1971550966,1261.22499461341,1200,14.0278395168091
43.0605148416656,1,wetting,360,1200,-0.00700655797810836,0.00700655797810836,0,2.52236087211901,0,2.52236087211901,0,2.52236087211901,1249.71951596872,0,1249.71951596872,0,0,0,1249.71951596872,0,1249.71951596872,1263.74735548553,1200,14.0278395168091
43.1605148416656,1,wetting,360,1200,-0.00700499529541684,0.00700499529541684,0,2.52179830635006,0,2.52179830635006,0,2.52179830635006,1252.24131427507,0,1252.24131427507,0,0,0,1252.24131427507,0,1252.24131427507,1266.26915379188,1200,14.0278395168091
43.2605148416656,1,wetting,360,1200,-0.00700341763867132,0.00700341763867132,0,2.52123034992167,0,2.52123034992167,0,2.52123034992167,1254.76254462499,0,1254.76254462499,0,0,0,1254.76254462499,0,1254.76254462499,1268.7903841418,1200,14.0278395168091
43.3605148416656,1,wetting,360,1200,-0.00700188447464413,0.00700188447464413,0,2.52067841087189,0,2.52067841087189,0,2.52067841087189,1257.28322303586,0,1257.28322303586,0,0,0,1257.28322303586,0,1257.28322303586,1271.31106255267,1200,14.0278395168091
43.4605148416656,1,wetting,360,1200,-0.00700042370940333,0.00700042370940333,0,2.5201525353852,0,2.5201525353852,0,2.5201525353852,1259.80337557125,0,1259.80337557125,0,0,0,1259.80337557125,0,1259.80337557125,1273.83121508806,1200,14.0278395168091
43.5605148416656,1,wetting,360,1200,-0.00699894433679769,0.00699894433679769,0,2.51961996124717,0,2.51961996124717,0,2.51961996124717,1262.32299553249,0,1262.32299553249,0,0,0,1262.32299553249,0,1262.32299553249,1276.3508350493,1200,14.0278395168091
43.6605148416656,1,wetting,360,1200,-0.00699746786126441,0.00699746786126441,0,2.51908843005519,0,2.51908843005519,0,2.51908843005519,1264.84208396255,0,1264.84208396255,0,0,0,1264.84208396255,0,1264.84208396255,1278.86992347936,1200,14.0278395168091
43.7605148416656,1,wetting,360,1200,-0.00699600695659631,0.00699600695659631,0,2.51856250437467,0,2.51856250437467,0,2.51856250437467,1267.36064646692,0,1267.36064646692,0,0,0,1267.36064646692,0,1267.36064646692,1281.38848598373,1200,14.0278395168091
43.8605148416656,1,wetting,360,1200,-0.00699456667744136,0.00699456667744136,0,2.51804400387889,0,2.51804400387889,0,2.51804400387889,1269.8786904708,0,1269.8786904708,0,0,0,1269.8786904708,0,1269.8786904708,1283.90652998761,1200,14.0278395168091
43.9605148416656,1,wetting,360,1200,-0.00699315182477989,0.00699315182477989,0,2.51753465692076,0,2.51753465692076,0,2.51753465692076,1272.39622512772,0,1272.39622512772,0,0,0,1272.39622512772,0,1272.39622512772,1286.42406464453,1200,14.0278395168091
44.0605148416656,1,wetting,360,1200,-0.00699177530839732,0.00699177530839732,0,2.51703911102304,0,2.51703911102304,0,2.51703911102304,1274.91326423875,0,1274.91326423875,0,0,0,1274.91326423875,0,1274.91326423875,1288.94110375556,1200,14.0278395168091
44.1605148416656,1,wetting,360,1200,-0.00699043057327077,0.00699043057327077,0,2.51655500637748,0,2.51655500637748,0,2.51655500637748,1277.42981924512,0,1277.42981924512,0,0,0,1277.42981924512,0,1277.42981924512,1291.45765876193,1200,14.0278395168091
44.2605148416656,1,wetting,360,1200,-0.00698909841898321,0.00698909841898321,0,2.51607543083395,0,2.51607543083395,0,2.51607543083395,1279.94589467596,0,1279.94589467596,0,0,0,1279.94589467596,0,1279.94589467596,1293.97373419277,1200,14.0278395168091
44.3605148416656,1,wetting,360,1200,-0.00698779535412941,0.00698779535412941,0,2.51560632748659,0,2.51560632748659,0,2.51560632748659,1282.46150100344,0,1282.46150100344,0,0,0,1282.46150100344,0,1282.46150100344,1296.48934052025,1200,14.0278395168091
44.4605148416656,1,wetting,360,1200,-0.00698652019361448,0.00698652019361448,0,2.51514726970121,0,2.51514726970121,0,2.51514726970121,1284.97664827315,0,1284.97664827315,0,0,0,1284.97664827315,0,1284.97664827315,1299.00448778996,1200,14.0278395168091
44.5605148416656,1,wetting,360,1200,-0.006985244137301,0.006985244137301,0,2.51468788942836,0,2.51468788942836,0,2.51468788942836,1287.49133616257,0,1287.49133616257,0,0,0,1287.49133616257,0,1287.49133616257,1301.51917567938,1200,14.0278395168091
44.6605148416656,1,wetting,360,1200,-0.00698401054535827,0.00698401054535827,0,2.51424379632898,0,2.51424379632898,0,2.51424379632898,1290.0055799589,0,1290.0055799589,0,0,0,1290.0055799589,0,1290.0055799589,1304.03341947571,1200,14.0278395168091
44.7605148416656,1,wetting,360,1200,-0.00698278829142328,0.00698278829142328,0,2.51380378491238,0,2.51380378491238,0,2.51380378491238,1292.51938374382,0,1292.51938374382,0,0,0,1292.51938374382,0,1292.51938374382,1306.54722326063,1200,14.0278395168091
44.8605148416656,1,wetting,360,1200,-0.00698157974920089,0.00698157974920089,0,2.51336870971232,0,2.51336870971232,0,2.51336870971232,1295.03275245353,0,1295.03275245353,0,0,0,1295.03275245353,0,1295.03275245353,1309.06059197034,1200,14.0278395168091
44.9605148416656,1,wetting,360,1200,-0.00698033755614295,0.00698033755614295,0,2.51292152021146,0,2.51292152021146,0,2.51292152021146,1297.54567397374,0,1297.54567397374,0,0,0,1297.54567397374,0,1297.54567397374,1311.57351349055,1200,14.0278395168091
45.0605148416656,1,wetting,360,1200,-0.00697908732266065,0.00697908732266065,0,2.51247143615783,0,2.51247143615783,0,2.51247143615783,1300.0581454099,0,1300.0581454099,0,0,0,1300.0581454099,0,1300.0581454099,1314.08598492671,1200,14.0278395168091
45.1605148416656,1,wetting,360,1200,-0.00697782538046505,0.00697782538046505,0,2.51201713696742,0,2.51201713696742,0,2.51201713696742,1302.57016254686,0,1302.57016254686,0,0,0,1302.57016254686,0,1302.57016254686,1316.59800206367,1200,14.0278395168091
45.2605148416656,1,wetting,360,1200,-0.00697652770905282,0.00697652770905282,0,2.51154997525902,0,2.51154997525902,0,2.51154997525902,1305.08171252212,0,1305.08171252212,0,0,0,1305.08171252212,0,1305.08171252212,1319.10955203893,1200,14.0278395168091
45.3605148416656,1,wetting,360,1200,-0.00697527360190481,0.00697527360190481,0,2.51109849668573,0,2.51109849668573,0,2.51109849668573,1307.59281101881,0,1307.59281101881,0,0,0,1307.59281101881,0,1307.59281101881,1321.62065053562,1200,14.0278395168091
45.4605148416656,1,wetting,360,1200,-0.00697402736025428,0.00697402736025428,0,2.51064984969154,0,2.51064984969154,0,2.51064984969154,1310.1034608685,0,1310.1034608685,0,0,0,1310.1034608685,0,1310.1034608685,1324.13130038531,1200,14.0278395168091
45.5605148416656,1,wetting,360,1200,-0.0069727706915854,0.0069727706915854,0,2.51019744897074,0,2.51019744897074,0,2.51019744897074,1312.61365831747,0,1312.61365831747,0,0,0,1312.61365831747,0,1312.61365831747,1326.64149783428,1200,14.0278395168091
45.6605148416656,1,wetting,360,1200,-0.0069714859173336,0.0069714859173336,0,2.50973493024009,0,2.50973493024009,0,2.50973493024009,1315.12339324771,0,1315.12339324771,0,0,0,1315.12339324771,0,1315.12339324771,1329.15123276452,1200,14.0278395168091
45.7605148416656,1,wetting,360,1200,-0.00697012572305566,0.00697012572305566,0,2.50924526030004,0,2.50924526030004,0,2.50924526030004,1317.63263850801,0,1317.63263850801,0,0,0,1317.63263850801,0,1317.63263850801,1331.66047802482,1200,14.0278395168091
45.8605148416656,1,wetting,360,1200,-0.00696862643576244,0.00696862643576244,0,2.50870551687448,0,2.50870551687448,0,2.50870551687448,1320.14134402489,0,1320.14134402489,0,0,0,1320.14134402489,0,1320.14134402489,1334.1691835417,1200,14.0278395168091
45.9605148416656,1,wetting,360,1200,-0.00696701720643965,0.00696701720643965,0,2.50812619431827,0,2.50812619431827,0,2.50812619431827,1322.6494702192,0,1322.6494702192,0,0,0,1322.6494702192,0,1322.6494702192,1336.67730973601,1200,14.0278395168091
46.0605148416656,1,wetting,360,1200,-0.00696526991638619,0.00696526991638619,0,2.50749716989903,0,2.50749716989903,0,2.50749716989903,1325.1569673891,0,1325.1569673891,0,0,0,1325.1569673891,0,1325.1569673891,1339.18480690591,1200,14.0278395168091
46.1605148416656,1,wetting,360,1200,-0.0069633361581478,0.0069633361581478,0,2.50680101693321,0,2.50680101693321,0,2.50680101693321,1327.66376840604,0,1327.66376840604,0,0,0,1327.66376840604,0,1327.66376840604,1341.69160792285,1200,14.0278395168091
46.2605148416656,1,wetting,360,1200,-0.00696116731105047,0.00696116731105047,0,2.50602023197817,0,2.50602023197817,0,2.50602023197817,1330.16978863802,0,1330.16978863802,0,0,0,1330.16978863802,0,1330.16978863802,1344.19762815482,1200,14.0278395168091
46.3605148416656,1,wetting,360,1200,-0.00695873046633676,0.00695873046633676,0,2.50514296788123,0,2.50514296788123,0,2.50514296788123,1332.6749316059,0,1332.6749316059,0,0,0,1332.6749316059,0,1332.6749316059,1346.70277112271,1200,14.0278395168091
46.4605148416656,1,wetting,360,1200,-0.00695601075981199,0.00695601075981199,0,2.50416387353231,0,2.50416387353231,0,2.50416387353231,1335.17909547943,0,1335.17909547943,0,0,0,1335.17909547943,0,1335.17909547943,1349.20693499624,1200,14.0278395168091
46.5605148416656,1,wetting,360,1200,-0.00695346390182903,0.00695346390182903,0,2.50324700465845,0,2.50324700465845,0,2.50324700465845,1337.68234248409,0,1337.68234248409,0,0,0,1337.68234248409,0,1337.68234248409,1351.7101820009,1200,14.0278395168091
46.6605148416656,1,wetting,360,1200,-0.00695101291042192,0.00695101291042192,0,2.50236464775189,0,2.50236464775189,0,2.50236464775189,1340.18470713184,0,1340.18470713184,0,0,0,1340.18470713184,0,1340.18470713184,1354.21254664865,1200,14.0278395168091
46.7605148416656,1,wetting,360,1200,-0.00694894570586256,0.00694894570586256,0,2.50162045411052,0,2.50162045411052,0,2.50162045411052,1342.68632758595,0,1342.68632758595,0,0,0,1342.68632758595,0,1342.68632758595,1356.71416710276,1200,14.0278395168091
46.8605148416656,1,wetting,360,1200,-0.00694706520639341,0.00694706520639341,0,2.50094347430163,0,2.50094347430163,0,2.50094347430163,1345.18727106025,0,1345.18727106025,0,0,0,1345.18727106025,0,1345.18727106025,1359.21511057706,1200,14.0278395168091
46.9605148416656,1,wetting,360,1200,-0.00694527254749254,0.00694527254749254,0,2.50029811709731,0,2.50029811709731,0,2.50029811709731,1347.68756917735,0,1347.68756917735,0,0,0,1347.68756917735,0,1347.68756917735,1361.71540869416,1200,14.0278395168091
47.0605148416656,1,wetting,360,1200,-0.00694356477331427,0.00694356477331427,0,2.49968331839314,0,2.49968331839314,0,2.49968331839314,1350.18725249574,0,1350.18725249574,0,0,0,1350.18725249574,0,1350.18725249574,1364.21509201255,1200,14.0278395168091
47.1605148416656,1,wetting,360,1200,-0.00694193820366641,0.00694193820366641,0,2.49909775331991,0,2.49909775331991,0,2.49909775331991,1352.68635024906,0,1352.68635024906,0,0,0,1352.68635024906,0,1352.68635024906,1366.71418976587,1200,14.0278395168091
47.2605148416656,1,wetting,360,1200,-0.00694039153472301,0.00694039153472301,0,2.49854095250028,0,2.49854095250028,0,2.49854095250028,1355.18489120156,0,1355.18489120156,0,0,0,1355.18489120156,0,1355.18489120156,1369.21273071837,1200,14.0278395168091
47.3605148416656,1,wetting,360,1200,-0.00693889661937139,0.00693889661937139,0,2.4980027829737,0,2.4980027829737,0,2.4980027829737,1357.68289398454,0,1357.68289398454,0,0,0,1357.68289398454,0,1357.68289398454,1371.71073350134,1200,14.0278395168091
47.4605148416656,1,wetting,360,1200,-0.00693745739194013,0.00693745739194013,0,2.49748466109845,0,2.49748466109845,0,2.49748466109845,1360.18037864563,0,1360.18037864563,0,0,0,1360.18037864563,0,1360.18037864563,1374.20821816244,1200,14.0278395168091
47.5605148416656,1,wetting,360,1200,-0.00693604975978241,0.00693604975978241,0,2.49697791352167,0,2.49697791352167,0,2.49697791352167,1362.67735655916,0,1362.67735655916,0,0,0,1362.67735655916,0,1362.67735655916,1376.70519607596,1200,14.0278395168091
47.6605148416656,1,wetting,360,1200,-0.00693478906754771,0.00693478906754771,0,2.49652406431718,0,2.49652406431718,0,2.49652406431718,1365.17388062347,0,1365.17388062347,0,0,0,1365.17388062347,0,1365.17388062347,1379.20172014028,1200,14.0278395168091
47.7605148416656,1,wetting,360,1200,-0.00693358201734622,0.00693358201734622,0,2.49608952624464,0,2.49608952624464,0,2.49608952624464,1367.66997014972,0,1367.66997014972,0,0,0,1367.66997014972,0,1367.66997014972,1381.69780966653,1200,14.0278395168091
47.8605148416656,1,wetting,360,1200,-0.00693234521323099,0.00693234521323099,0,2.49564427676316,0,2.49564427676316,0,2.49564427676316,1370.16561442648,0,1370.16561442648,0,0,0,1370.16561442648,0,1370.16561442648,1384.19345394329,1200,14.0278395168091
47.9605148416656,1,wetting,360,1200,-0.00693112747950005,0.00693112747950005,0,2.49520589262002,0,2.49520589262002,0,2.49520589262002,1372.6608203191,0,1372.6608203191,0,0,0,1372.6608203191,0,1372.6608203191,1386.68865983591,1200,14.0278395168091
48.0605148416656,1,wetting,360,1200,-0.00692993809129675,0.00692993809129675,0,2.49477771286683,0,2.49477771286683,0,2.49477771286683,1375.15559803197,0,1375.15559803197,0,0,0,1375.15559803197,0,1375.15559803197,1389.18343754878,1200,14.0278395168091
48.1605148416656,1,wetting,360,1200,-0.00692873280901542,0.00692873280901542,0,2.49434381124555,0,2.49434381124555,0,2.49434381124555,1377.64994184321,0,1377.64994184321,0,0,0,1377.64994184321,0,1377.64994184321,1391.67778136002,1200,14.0278395168091
48.2605148416656,1,wetting,360,1200,-0.00692750113655335,0.00692750113655335,0,2.49390040915921,0,2.49390040915921,0,2.49390040915921,1380.14384225237,0,1380.14384225237,0,0,0,1380.14384225237,0,1380.14384225237,1394.17168176918,1200,14.0278395168091
48.3605148416656,1,wetting,360,1200,-0.00692627294673484,0.00692627294673484,0,2.49345826082454,0,2.49345826082454,0,2.49345826082454,1382.6373005132,0,1382.6373005132,0,0,0,1382.6373005132,0,1382.6373005132,1396.66514003001,1200,14.0278395168091
48.4605148416656,1,wetting,360,1200,-0.00692504596341771,0.00692504596341771,0,2.49301654683038,0,2.49301654683038,0,2.49301654683038,1385.13031706003,0,1385.13031706003,0,0,0,1385.13031706003,0,1385.13031706003,1399.15815657684,1200,14.0278395168091
48.5605148416656,1,wetting,360,1200,-0.00692380857756511,0.00692380857756511,0,2.49257108792344,0,2.49257108792344,0,2.49257108792344,1387.62288814795,0,1387.62288814795,0,0,0,1387.62288814795,0,1387.62288814795,1401.65072766476,1200,14.0278395168091
48.6605148416656,1,wetting,360,1200,-0.00692262699797051,0.00692262699797051,0,2.49214571926938,0,2.49214571926938,0,2.49214571926938,1390.11503386722,0,1390.11503386722,0,0,0,1390.11503386722,0,1390.11503386722,1404.14287338403,1200,14.0278395168091
48.7605148416656,1,wetting,360,1200,-0.00692146430635525,0.00692146430635525,0,2.49172715028789,0,2.49172715028789,0,2.49172715028789,1392.60676101751,0,1392.60676101751,0,0,0,1392.60676101751,0,1392.60676101751,1406.63460053432,1200,14.0278395168091
48.8605148416656,1,wetting,360,1200,-0.00692031697783266,0.00692031697783266,0,2.49131411201976,0,2.49131411201976,0,2.49131411201976,1395.09807512953,0,1395.09807512953,0,0,0,1395.09807512953,0,1395.09807512953,1409.12591464634,1200,14.0278395168091
48.9605148416656,1,wetting,360,1200,-0.00691918236611881,0.00691918236611881,0,2.49090565180277,0,2.49090565180277,0,2.49090565180277,1397.58898078133,0,1397.58898078133,0,0,0,1397.58898078133,0,1397.58898078133,1411.61682029814,1200,14.0278395168091
49.0605148416656,1,wetting,360,1200,-0.00691805749493556,0.00691805749493556,0,2.4905006981768,0,2.4905006981768,0,2.4905006981768,1400.07948147951,0,1400.07948147951,0,0,0,1400.07948147951,0,1400.07948147951,1414.10732099632,1200,14.0278395168091
49.1605148416656,1,wetting,360,1200,-0.00691693823482436,0.00691693823482436,0,2.49009776453677,0,2.49009776453677,0,2.49009776453677,1402.56957924404,0,1402.56957924404,0,0,0,1402.56957924404,0,1402.56957924404,1416.59741876085,1200,14.0278395168091
49.2605148416656,1,wetting,360,1200,-0.00691580633291048,0.00691580633291048,0,2.48969027984777,0,2.48969027984777,0,2.48969027984777,1405.05926952389,0,1405.05926952389,0,0,0,1405.05926952389,0,1405.05926952389,1419.0871090407,1200,14.0278395168091
49.3605148416656,1,wetting,360,1200,-0.00691467482139237,0.00691467482139237,0,2.48928293570125,0,2.48928293570125,0,2.48928293570125,1407.54855245959,0,1407.54855245959,0,0,0,1407.54855245959,0,1407.54855245959,1421.5763919764,1200,14.0278395168091
49.4605148416656,1,wetting,360,1200,-0.00691353610355226,0.00691353610355226,0,2.48887299727881,0,2.48887299727881,0,2.48887299727881,1410.03742545687,0,1410.03742545687,0,0,0,1410.03742545687,0,1410.03742545687,1424.06526497368,1200,14.0278395168091
49.5605148416656,1,wetting,360,1200,-0.00691237640642176,0.00691237640642176,0,2.48845550631184,0,2.48845550631184,0,2.48845550631184,1412.52588096318,0,1412.52588096318,0,0,0,1412.52588096318,0,1412.52588096318,1426.55372047999,1200,14.0278395168091
49.6605148416656,1,wetting,360,1200,-0.00691117599034789,0.00691117599034789,0,2.48802335652524,0,2.48802335652524,0,2.48802335652524,1415.01390431971,0,1415.01390431971,0,0,0,1415.01390431971,0,1415.01390431971,1429.04174383652,1200,14.0278395168091
49.7605148416656,1,wetting,360,1200,-0.00690993495879138,0.00690993495879138,0,2.4875765851649,0,2.4875765851649,0,2.4875765851649,1417.50148090487,0,1417.50148090487,0,0,0,1417.50148090487,0,1417.50148090487,1431.52932042168,1200,14.0278395168091
49.8605148416656,1,wetting,360,1200,-0.00690864421999436,0.00690864421999436,0,2.48711191919797,0,2.48711191919797,0,2.48711191919797,1419.98859282407,0,1419.98859282407,0,0,0,1419.98859282407,0,1419.98859282407,1434.01643234088,1200,14.0278395168091
49.9605148416656,1,wetting,360,1200,-0.00690729277081974,0.00690729277081974,0,2.48662539749511,0,2.48662539749511,0,2.48662539749511,1422.47521822157,0,1422.47521822157,0,0,0,1422.47521822157,0,1422.47521822157,1436.50305773838,1200,14.0278395168091
50.0605148416656,1,wetting,360,1200,-0.00690587709401102,0.00690587709401102,0,2.48611575384397,0,2.48611575384397,0,2.48611575384397,1424.96133397541,0,1424.96133397541,0,0,0,1424.96133397541,0,1424.96133397541,1438.98917349222,1200,14.0278395168091
50.1605148416656,1,wetting,360,1200,-0.00690439537091968,0.00690439537091968,0,2.48558233353109,0,2.48558233353109,0,2.48558233353109,1427.44691630894,0,1427.44691630894,0,0,0,1427.44691630894,0,1427.44691630894,1441.47475582575,1200,14.0278395168091
50.2605148416656,1,wetting,360,1200,-0.0069028771692459,0.0069028771692459,0,2.48503578092852,0,2.48503578092852,0,2.48503578092852,1429.93195208987,0,1429.93195208987,0,0,0,1429.93195208987,0,1429.93195208987,1443.95979160668,1200,14.0278395168091
50.3605148416656,1,wetting,360,1200,-0.00690142368032299,0.00690142368032299,0,2.48451252491627,0,2.48451252491627,0,2.48451252491627,1432.41646461479,0,1432.41646461479,0,0,0,1432.41646461479,0,1432.41646461479,1446.4443041316,1200,14.0278395168091
50.4605148416656,1,wetting,360,1200,-0.00690007074984384,0.00690007074984384,0,2.48402546994378,0,2.48402546994378,0,2.48402546994378,1434.90049008473,0,1434.90049008473,0,0,0,1434.90049008473,0,1434.90049008473,1448.92832960154,1200,14.0278395168091
50.5605148416656,1,wetting,360,1200,-0.0068987634830644,0.0068987634830644,0,2.48355485390318,0,2.48355485390318,0,2.48355485390318,1437.38404493863,0,1437.38404493863,0,0,0,1437.38404493863,0,1437.38404493863,1451.41188445544,1200,14.0278395168091
50.6605148416656,1,wetting,360,1200,-0.006897460947993,0.006897460947993,0,2.48308594127748,0,2.48308594127748,0,2.48308594127748,1439.86713087991,0,1439.86713087991,0,0,0,1439.86713087991,0,1439.86713087991,1453.89497039672,1200,14.0278395168091
50.7605148416656,1,wetting,360,1200,-0.00689613169162083,0.00689613169162083,0,2.4826074089835,0,2.4826074089835,0,2.4826074089835,1442.34973828889,0,1442.34973828889,0,0,0,1442.34973828889,0,1442.34973828889,1456.3775778057,1200,14.0278395168091
50.8605148416656,1,wetting,360,1200,-0.00689478997196112,0.00689478997196112,0,2.482124389906,0,2.482124389906,0,2.482124389906,1444.8318626788,0,1444.8318626788,0,0,0,1444.8318626788,0,1444.8318626788,1458.85970219561,1200,14.0278395168091
50.9605148416656,1,wetting,360,1200,-0.00689341592185661,0.00689341592185661,0,2.48162973186838,0,2.48162973186838,0,2.48162973186838,1447.31349241067,0,1447.31349241067,0,0,0,1447.31349241067,0,1447.31349241067,1461.34133192748,1200,14.0278395168091
51.0605148416656,1,wetting,360,1200,-0.00689202073776272,0.00689202073776272,0,2.48112746559458,0,2.48112746559458,0,2.48112746559458,1449.79461987626,0,1449.79461987626,0,0,0,1449.79461987626,0,1449.79461987626,1463.82245939307,1200,14.0278395168091
51.1605148416656,1,wetting,360,1200,-0.00689059602633721,0.00689059602633721,0,2.4806145694814,0,2.4806145694814,0,2.4806145694814,1452.27523444574,0,1452.27523444574,0,0,0,1452.27523444574,0,1452.27523444574,1466.30307396255,1200,14.0278395168091
51.2605148416656,1,wetting,360,1200,-0.00688911495448669,0.00688911495448669,0,2.48008138361521,0,2.48008138361521,0,2.48008138361521,1454.75531582936,0,1454.75531582936,0,0,0,1454.75531582936,0,1454.75531582936,1468.78315534617,1200,14.0278395168091
51.3605148416656,1,wetting,360,1200,-0.00688760472054558,0.00688760472054558,0,2.47953769939641,0,2.47953769939641,0,2.47953769939641,1457.23485352876,0,1457.23485352876,0,0,0,1457.23485352876,0,1457.23485352876,1471.26269304557,1200,14.0278395168091
51.4605148416656,1,wetting,360,1200,-0.00688608309183017,0.00688608309183017,0,2.47898991305886,0,2.47898991305886,0,2.47898991305886,1459.71384344182,0,1459.71384344182,0,0,0,1459.71384344182,0,1459.71384344182,1473.74168295862,1200,14.0278395168091
51.5605148416656,1,wetting,360,1200,-0.00688454299264613,0.00688454299264613,0,2.47843547735261,0,2.47843547735261,0,2.47843547735261,1462.19227891917,0,1462.19227891917,0,0,0,1462.19227891917,0,1462.19227891917,1476.22011843598,1200,14.0278395168091
51.6605148416656,1,wetting,360,1200,-0.00688299373683289,0.00688299373683289,0,2.47787774525984,0,2.47787774525984,0,2.47787774525984,1464.67015666443,0,1464.67015666443,0,0,0,1464.67015666443,0,1464.67015666443,1478.69799618124,1200,14.0278395168091
51.7605148416656,1,wetting,360,1200,-0.00688146565418684,0.00688146565418684,0,2.47732763550726,0,2.47732763550726,0,2.47732763550726,1467.14748429993,0,1467.14748429993,0,0,0,1467.14748429993,0,1467.14748429993,1481.17532381674,1200,14.0278395168091
51.8605148416656,1,wetting,360,1200,-0.00688000836117001,0.00688000836117001,0,2.4768030100212,0,2.4768030100212,0,2.4768030100212,1469.62428730996,0,1469.62428730996,0,0,0,1469.62428730996,0,1469.62428730996,1483.65212682677,1200,14.0278395168091
51.9605148416656,1,wetting,360,1200,-0.00687869620005471,0.00687869620005471,0,2.4763306320197,0,2.4763306320197,0,2.4763306320197,1472.10061794198,0,1472.10061794198,0,0,0,1472.10061794198,0,1472.10061794198,1486.12845745879,1200,14.0278395168091
52.0605148416656,1,wetting,360,1200,-0.00687743501170581,0.00687743501170581,0,2.47587660421409,0,2.47587660421409,0,2.47587660421409,1474.57649454619,0,1474.57649454619,0,0,0,1474.57649454619,0,1474.57649454619,1488.604334063,1200,14.0278395168091
52.1605148416656,1,wetting,360,1200,-0.00687620921139021,0.00687620921139021,0,2.47543531610048,0,2.47543531610048,0,2.47543531610048,1477.05192986229,0,1477.05192986229,0,0,0,1477.05192986229,0,1477.05192986229,1491.0797693791,1200,14.0278395168091
52.2605148416656,1,wetting,360,1200,-0.00687501180233249,0.00687501180233249,0,2.4750042488397,0,2.4750042488397,0,2.4750042488397,1479.52693411113,0,1479.52693411113,0,0,0,1479.52693411113,0,1479.52693411113,1493.55477362794,1200,14.0278395168091
52.3605148416656,1,wetting,360,1200,-0.00687383447260792,0.00687383447260792,0,2.47458041013885,0,2.47458041013885,0,2.47458041013885,1482.00151452127,0,1482.00151452127,0,0,0,1482.00151452127,0,1482.00151452127,1496.02935403808,1200,14.0278395168091
52.4605148416656,1,wetting,360,1200,-0.00687263682719082,0.00687263682719082,0,2.4741492577887,0,2.4741492577887,0,2.4741492577887,1484.47566377906,0,1484.47566377906,0,0,0,1484.47566377906,0,1484.47566377906,1498.50350329587,1200,14.0278395168091
52.5605148416656,1,wetting,360,1200,-0.00687149240488532,0.00687149240488532,0,2.47373726575872,0,2.47373726575872,0,2.47373726575872,1486.94940104482,0,1486.94940104482,0,0,0,1486.94940104482,0,1486.94940104482,1500.97724056163,1200,14.0278395168091
52.6605148416656,1,wetting,360,1200,-0.00687036144205328,0.00687036144205328,0,2.47333011913918,0,2.47333011913918,0,2.47333011913918,1489.42273116396,0,1489.42273116396,0,0,0,1489.42273116396,0,1489.42273116396,1503.45057068076,1200,14.0278395168091
52.7605148416656,1,wetting,360,1200,-0.00686924756193965,0.00686924756193965,0,2.47292912229828,0,2.47292912229828,0,2.47292912229828,1491.89566028625,0,1491.89566028625,0,0,0,1491.89566028625,0,1491.89566028625,1505.92349980306,1200,14.0278395168091
52.8605148416656,1,wetting,360,1200,-0.00686814949080884,0.00686814949080884,0,2.47253381669118,0,2.47253381669118,0,2.47253381669118,1494.36819410294,0,1494.36819410294,0,0,0,1494.36819410294,0,1494.36819410294,1508.39603361975,1200,14.0278395168091
52.9605148416656,1,wetting,360,1200,-0.00686706443439437,0.00686706443439437,0,2.47214319638197,0,2.47214319638197,0,2.47214319638197,1496.84033729933,0,1496.84033729933,0,0,0,1496.84033729933,0,1496.84033729933,1510.86817681614,1200,14.0278395168091
53.0605148416656,1,wetting,360,1200,-0.00686598750189328,0.00686598750189328,0,2.47175550068158,0,2.47175550068158,0,2.47175550068158,1499.31209280001,0,1499.31209280001,0,0,0,1499.31209280001,0,1499.31209280001,1513.33993231682,1200,14.0278395168091
53.1605148416656,1,wetting,360,1200,-0.00686491608483507,0.00686491608483507,0,2.47136979054063,0,2.47136979054063,0,2.47136979054063,1501.78346259055,0,1501.78346259055,0,0,0,1501.78346259055,0,1501.78346259055,1515.81130210736,1200,14.0278395168091
53.2605148416656,1,wetting,360,1200,-0.00686384404030762,0.00686384404030762,0,2.47098385451074,0,2.47098385451074,0,2.47098385451074,1504.25444644506,0,1504.25444644506,0,0,0,1504.25444644506,0,1504.25444644506,1518.28228596187,1200,14.0278395168091
53.3605148416656,1,wetting,360,1200,-0.00686276778304187,0.00686276778304187,0,2.47059640189507,0,2.47059640189507,0,2.47059640189507,1506.72504284695,0,1506.72504284695,0,0,0,1506.72504284695,0,1506.72504284695,1520.75288236376,1200,14.0278395168091
53.4605148416656,1,wetting,360,1200,-0.00686170750655148,0.00686170750655148,0,2.47021470235853,0,2.47021470235853,0,2.47021470235853,1509.19525754931,0,1509.19525754931,0,0,0,1509.19525754931,0,1509.19525754931,1523.22309706612,1200,14.0278395168091
53.5605148416656,1,wetting,360,1200,-0.00686064806985145,0.00686064806985145,0,2.46983330514652,0,2.46983330514652,0,2.46983330514652,1511.66509085446,0,1511.66509085446,0,0,0,1511.66509085446,0,1511.66509085446,1525.69293037127,1200,14.0278395168091
53.6605148416656,1,wetting,360,1200,-0.0068595864109613,0.0068595864109613,0,2.46945110794607,0,2.46945110794607,0,2.46945110794607,1514.13454196241,0,1514.13454196241,0,0,0,1514.13454196241,0,1514.13454196241,1528.16238147922,1200,14.0278395168091
53.7605148416656,1,wetting,360,1200,-0.00685851790807138,0.00685851790807138,0,2.4690664469057,0,2.4690664469057,0,2.4690664469057,1516.60360840931,0,1516.60360840931,0,0,0,1516.60360840931,0,1516.60360840931,1530.63144792612,1200,14.0278395168091
53.8605148416656,1,wetting,360,1200,-0.00685743177381781,0.00685743177381781,0,2.46867543857441,0,2.46867543857441,0,2.46867543857441,1519.07228384789,0,1519.07228384789,0,0,0,1519.07228384789,0,1519.07228384789,1533.1001233647,1200,14.0278395168091
53.9605148416656,1,wetting,360,1200,-0.00685632363906563,0.00685632363906563,0,2.46827651006363,0,2.46827651006363,0,2.46827651006363,1521.54056035795,0,1521.54056035795,0,0,0,1521.54056035795,0,1521.54056035795,1535.56839987476,1200,14.0278395168091
54.0605148416656,1,wetting,360,1200,-0.00685518690449338,0.00685518690449338,0,2.46786728561762,0,2.46786728561762,0,2.46786728561762,1524.00842764357,0,1524.00842764357,0,0,0,1524.00842764357,0,1524.00842764357,1538.03626716038,1200,14.0278395168091
54.1605148416656,1,wetting,360,1200,-0.00685400810926051,0.00685400810926051,0,2.46744291933379,0,2.46744291933379,0,2.46744291933379,1526.4758705629,0,1526.4758705629,0,0,0,1526.4758705629,0,1526.4758705629,1540.50371007971,1200,14.0278395168091
54.2605148416656,1,wetting,360,1200,-0.00685278530219292,0.00685278530219292,0,2.46700270878945,0,2.46700270878945,0,2.46700270878945,1528.94287327169,0,1528.94287327169,0,0,0,1528.94287327169,0,1528.94287327169,1542.9707127885,1200,14.0278395168091
54.3605148416656,1,wetting,360,1200,-0.00685155157635667,0.00685155157635667,0,2.4665585674884,0,2.4665585674884,0,2.4665585674884,1531.40943183918,0,1531.40943183918,0,0,0,1531.40943183918,0,1531.40943183918,1545.43727135599,1200,14.0278395168091
54.4605148416656,1,wetting,360,1200,-0.00685029246527908,0.00685029246527908,0,2.46610528750047,0,2.46610528750047,0,2.46610528750047,1533.87553712668,0,1533.87553712668,0,0,0,1533.87553712668,0,1533.87553712668,1547.90337664349,1200,14.0278395168091
54.5605148416656,1,wetting,360,1200,-0.00684900723094437,0.00684900723094437,0,2.46564260313997,0,2.46564260313997,0,2.46564260313997,1536.34117972982,0,1536.34117972982,0,0,0,1536.34117972982,0,1536.34117972982,1550.36901924663,1200,14.0278395168091
54.6605148416656,1,wetting,360,1200,-0.00684773421484301,0.00684773421484301,0,2.46518431734348,0,2.46518431734348,0,2.46518431734348,1538.80636404716,0,1538.80636404716,0,0,0,1538.80636404716,0,1538.80636404716,1552.83420356397,1200,14.0278395168091
54.7605148416656,1,wetting,360,1200,-0.00684648410096575,0.00684648410096575,0,2.46473427634767,0,2.46473427634767,0,2.46473427634767,1541.27109832351,0,1541.27109832351,0,0,0,1541.27109832351,0,1541.27109832351,1555.29893784032,1200,14.0278395168091
54.8605148416656,1,wetting,360,1200,-0.00684525529563861,0.00684525529563861,0,2.4642919064299,0,2.4642919064299,0,2.4642919064299,1543.73539022994,0,1543.73539022994,0,0,0,1543.73539022994,0,1543.73539022994,1557.76322974675,1200,14.0278395168091
54.9605148416656,1,wetting,360,1200,-0.00684404027860132,0.00684404027860132,0,2.46385450029648,0,2.46385450029648,0,2.46385450029648,1546.19924473024,0,1546.19924473024,0,0,0,1546.19924473024,0,1546.19924473024,1560.22708424705,1200,14.0278395168091
55.0605148416656,1,wetting,360,1200,-0.00684283823867937,0.00684283823867937,0,2.46342176592457,0,2.46342176592457,0,2.46342176592457,1548.66266649616,0,1548.66266649616,0,0,0,1548.66266649616,0,1548.66266649616,1562.69050601297,1200,14.0278395168091
55.1605148416656,1,wetting,360,1200,-0.00684164434404365,0.00684164434404365,0,2.46299196385571,0,2.46299196385571,0,2.46299196385571,1551.12565846002,0,1551.12565846002,0,0,0,1551.12565846002,0,1551.12565846002,1565.15349797683,1200,14.0278395168091
55.2605148416656,1,wetting,360,1200,-0.0068404527762976,0.0068404527762976,0,2.46256299946713,0,2.46256299946713,0,2.46256299946713,1553.58822145948,0,1553.58822145948,0,0,0,1553.58822145948,0,1553.58822145948,1567.61606097629,1200,14.0278395168091
55.3605148416656,1,wetting,360,1200,-0.00683926024867406,0.00683926024867406,0,2.46213368952266,0,2.46213368952266,0,2.46213368952266,1556.05035514901,0,1556.05035514901,0,0,0,1556.05035514901,0,1556.05035514901,1570.07819466582,1200,14.0278395168091
55.4605148416656,1,wetting,360,1200,-0.00683806336731084,0.00683806336731084,0,2.4617028122319,0,2.4617028122319,0,2.4617028122319,1558.51205796124,0,1558.51205796124,0,0,0,1558.51205796124,0,1558.51205796124,1572.53989747805,1200,14.0278395168091
55.5605148416656,1,wetting,360,1200,-0.00683686056475259,0.00683686056475259,0,2.46126980331093,0,2.46126980331093,0,2.46126980331093,1560.97332776455,0,1560.97332776455,0,0,0,1560.97332776455,0,1560.97332776455,1575.00116728136,1200,14.0278395168091
55.6605148416656,1,wetting,360,1200,-0.00683563442760955,0.00683563442760955,0,2.46082839393944,0,2.46082839393944,0,2.46082839393944,1563.43415615849,0,1563.43415615849,0,0,0,1563.43415615849,0,1563.43415615849,1577.4619956753,1200,14.0278395168091
55.7605148416656,1,wetting,360,1200,-0.00683441824042435,0.00683441824042435,0,2.46039056655277,0,2.46039056655277,0,2.46039056655277,1565.89454672504,0,1565.89454672504,0,0,0,1565.89454672504,0,1565.89454672504,1579.92238624185,1200,14.0278395168091
55.8605148416656,1,wetting,360,1200,-0.00683320397852917,0.00683320397852917,0,2.4599534322705,0,2.4599534322705,0,2.4599534322705,1568.35450015731,0,1568.35450015731,0,0,0,1568.35450015731,0,1568.35450015731,1582.38233967412,1200,14.0278395168091
55.9605148416656,1,wetting,360,1200,-0.00683195665928063,0.00683195665928063,0,2.45950439734102,0,2.45950439734102,0,2.45950439734102,1570.81400455465,0,1570.81400455465,0,0,0,1570.81400455465,0,1570.81400455465,1584.84184407146,1200,14.0278395168091
56.0605148416656,1,wetting,360,1200,-0.00683072216314039,0.00683072216314039,0,2.45905997873054,0,2.45905997873054,0,2.45905997873054,1573.27306453338,0,1573.27306453338,0,0,0,1573.27306453338,0,1573.27306453338,1587.30090405019,1200,14.0278395168091
56.1605148416656,1,wetting,360,1200,-0.00682957678666801,0.00682957678666801,0,2.45864764320048,0,2.45864764320048,0,2.45864764320048,1575.73171217658,0,1575.73171217658,0,0,0,1575.73171217658,0,1575.73171217658,1589.75955169339,1200,14.0278395168091
56.2605148416656,1,wetting,360,1200,-0.00682843870301052,0.00682843870301052,0,2.45823793308379,0,2.45823793308379,0,2.45823793308379,1578.18995010967,0,1578.18995010967,0,0,0,1578.18995010967,0,1578.18995010967,1592.21778962648,1200,14.0278395168091
56.3605148416656,1,wetting,360,1200,-0.00682729786387658,0.00682729786387658,0,2.45782723099557,0,2.45782723099557,0,2.45782723099557,1580.64777734066,0,1580.64777734066,0,0,0,1580.64777734066,0,1580.64777734066,1594.67561685747,1200,14.0278395168091
56.4605148416656,1,wetting,360,1200,-0.0068261351009949,0.0068261351009949,0,2.45740863635816,0,2.45740863635816,0,2.45740863635816,1583.10518597702,0,1583.10518597702,0,0,0,1583.10518597702,0,1583.10518597702,1597.13302549383,1200,14.0278395168091
56.5605148416656,1,wetting,360,1200,-0.00682496228217148,0.00682496228217148,0,2.45698642158173,0,2.45698642158173,0,2.45698642158173,1585.5621723986,0,1585.5621723986,0,0,0,1585.5621723986,0,1585.5621723986,1599.59001191541,1200,14.0278395168091
56.6605148416656,1,wetting,360,1200,-0.00682377309027346,0.00682377309027346,0,2.45655831249845,0,2.45655831249845,0,2.45655831249845,1588.0187307111,0,1588.0187307111,0,0,0,1588.0187307111,0,1588.0187307111,1602.04657022791,1200,14.0278395168091
56.7605148416656,1,wetting,360,1200,-0.00682255356498572,0.00682255356498572,0,2.45611928339486,0,2.45611928339486,0,2.45611928339486,1590.4748499945,0,1590.4748499945,0,0,0,1590.4748499945,0,1590.4748499945,1604.50268951131,1200,14.0278395168091
56.8605148416656,1,wetting,360,1200,-0.0068212982195903,0.0068212982195903,0,2.45566735905251,0,2.45566735905251,0,2.45566735905251,1592.93051735355,0,1592.93051735355,0,0,0,1592.93051735355,0,1592.93051735355,1606.95835687036,1200,14.0278395168091
56.9605148416656,1,wetting,360,1200,-0.00681999053054575,0.00681999053054575,0,2.45519659099647,0,2.45519659099647,0,2.45519659099647,1595.38571394455,0,1595.38571394455,0,0,0,1595.38571394455,0,1595.38571394455,1609.41355346136,1200,14.0278395168091
57.0605148416656,1,wetting,360,1200,-0.00681866198540696,0.00681866198540696,0,2.45471831474651,0,2.45471831474651,0,2.45471831474651,1597.84043225929,0,1597.84043225929,0,0,0,1597.84043225929,0,1597.84043225929,1611.8682717761,1200,14.0278395168091
57.1605148416656,1,wetting,360,1200,-0.00681733022877107,0.00681733022877107,0,2.45423888235758,0,2.45423888235758,0,2.45423888235758,1600.29467114165,0,1600.29467114165,0,0,0,1600.29467114165,0,1600.29467114165,1614.32251065846,1200,14.0278395168091
57.2605148416656,1,wetting,360,1200,-0.00681603726475325,0.00681603726475325,0,2.45377341531117,0,2.45377341531117,0,2.45377341531117,1602.74844455696,0,1602.74844455696,0,0,0,1602.74844455696,0,1602.74844455696,1616.77628407377,1200,14.0278395168091
57.3605148416656,1,wetting,360,1200,-0.00681479386401198,0.00681479386401198,0,2.45332579104431,0,2.45332579104431,0,2.45332579104431,1605.20177034801,0,1605.20177034801,0,0,0,1605.20177034801,0,1605.20177034801,1619.22960986481,1200,14.0278395168091
57.4605148416656,1,wetting,360,1200,-0.00681355122053436,0.00681355122053436,0,2.45287843939237,0,2.45287843939237,0,2.45287843939237,1607.6546487874,0,1607.6546487874,0,0,0,1607.6546487874,0,1607.6546487874,1621.68248830421,1200,14.0278395168091
57.5605148416656,1,wetting,360,1200,-0.00681229822516924,0.00681229822516924,0,2.45242736106093,0,2.45242736106093,0,2.45242736106093,1610.10707614846,0,1610.10707614846,0,0,0,1610.10707614846,0,1610.10707614846,1624.13491566527,1200,14.0278395168091
57.6605148416656,1,wetting,360,1200,-0.00681099410179076,0.00681099410179076,0,2.45195787664467,0,2.45195787664467,0,2.45195787664467,1612.5590340251,0,1612.5590340251,0,0,0,1612.5590340251,0,1612.5590340251,1626.58687354191,1200,14.0278395168091
57.7605148416656,1,wetting,360,1200,-0.00680965248405778,0.00680965248405778,0,2.4514748942608,0,2.4514748942608,0,2.4514748942608,1615.01050891936,0,1615.01050891936,0,0,0,1615.01050891936,0,1615.01050891936,1629.03834843617,1200,14.0278395168091
57.8605148416656,1,wetting,360,1200,-0.00680824591204952,0.00680824591204952,0,2.45096852833783,0,2.45096852833783,0,2.45096852833783,1617.4614774477,0,1617.4614774477,0,0,0,1617.4614774477,0,1617.4614774477,1631.48931696451,1200,14.0278395168091
57.9605148416656,1,wetting,360,1200,-0.0068067214813473,0.0068067214813473,0,2.45041973328503,0,2.45041973328503,0,2.45041973328503,1619.91189718099,0,1619.91189718099,0,0,0,1619.91189718099,0,1619.91189718099,1633.9397366978,1200,14.0278395168091
58.0605148416656,1,wetting,360,1200,-0.00680514564445411,0.00680514564445411,0,2.44985243200348,0,2.44985243200348,0,2.44985243200348,1622.36174961299,0,1622.36174961299,0,0,0,1622.36174961299,0,1622.36174961299,1636.3895891298,1200,14.0278395168091
58.1605148416656,1,wetting,360,1200,-0.00680351283265964,0.00680351283265964,0,2.44926461975747,0,2.44926461975747,0,2.44926461975747,1624.81101423275,0,1624.81101423275,0,0,0,1624.81101423275,0,1624.81101423275,1638.83885374956,1200,14.0278395168091
58.2605148416656,1,wetting,360,1200,-0.00680183336980232,0.00680183336980232,0,2.44866001312883,0,2.44866001312883,0,2.44866001312883,1627.25967424588,0,1627.25967424588,0,0,0,1627.25967424588,0,1627.25967424588,1641.28751376269,1200,14.0278395168091
58.3605148416656,1,wetting,360,1200,-0.00680003476594445,0.00680003476594445,0,2.44801251574,0,2.44801251574,0,2.44801251574,1629.70768676162,0,1629.70768676162,0,0,0,1629.70768676162,0,1629.70768676162,1643.73552627843,1200,14.0278395168091
58.4605148416656,1,wetting,360,1200,-0.00679804345746464,0.00679804345746464,0,2.44729564468727,0,2.44729564468727,0,2.44729564468727,1632.1549824063,0,1632.1549824063,0,0,0,1632.1549824063,0,1632.1549824063,1646.18282192311,1200,14.0278395168091
58.5605148416656,1,wetting,360,1200,-0.00679576881052637,0.00679576881052637,0,2.44647677178949,0,2.44647677178949,0,2.44647677178949,1634.60145917809,0,1634.60145917809,0,0,0,1634.60145917809,0,1634.60145917809,1648.6292986949,1200,14.0278395168091
58.6605148416656,1,wetting,360,1200,-0.00679301696302393,0.00679301696302393,0,2.44548610668861,0,2.44548610668861,0,2.44548610668861,1637.04694528478,0,1637.04694528478,0,0,0,1637.04694528478,0,1637.04694528478,1651.07478480159,1200,14.0278395168091
58.7605148416656,1,wetting,360,1200,-0.00678942938493001,0.00678942938493001,0,2.44419457857481,0,2.44419457857481,0,2.44419457857481,1639.49113986336,0,1639.49113986336,0,0,0,1639.49113986336,0,1639.49113986336,1653.51897938017,1200,14.0278395168091
58.8605148416656,1,wetting,360,1200,-0.00678464388857678,0.00678464388857678,0,2.44247179988764,0,2.44247179988764,0,2.44247179988764,1641.93361166325,0,1641.93361166325,0,0,0,1641.93361166325,0,1641.93361166325,1655.96145118005,1200,14.0278395168091
58.9605148416656,1,wetting,360,1200,-0.00678023359176239,0.00678023359176239,0,2.44088409303446,0,2.44088409303446,0,2.44088409303446,1644.37449575628,0,1644.37449575628,0,0,0,1644.37449575628,0,1644.37449575628,1658.40233527309,1200,14.0278395168091
59.0605148416656,1,wetting,360,1200,-0.00677638377964586,0.00677638377964586,0,2.43949816067251,0,2.43949816067251,0,2.43949816067251,1646.81399391695,0,1646.81399391695,0,0,0,1646.81399391695,0,1646.81399391695,1660.84183343376,1200,14.0278395168091
59.1605148416656,1,wetting,360,1200,-0.00677348059690562,0.00677348059690562,0,2.43845301488602,0,2.43845301488602,0,2.43845301488602,1649.25244693184,0,1649.25244693184,0,0,0,1649.25244693184,0,1649.25244693184,1663.28028644865,1200,14.0278395168091
59.2605148416656,1,wetting,360,1200,-0.00677100991914793,0.00677100991914793,0,2.43756357089326,0,2.43756357089326,0,2.43756357089326,1651.69001050273,0,1651.69001050273,0,0,0,1651.69001050273,0,1651.69001050273,1665.71785001954,1200,14.0278395168091
59.3605148416656,1,wetting,360,1200,-0.00676880946235836,0.00676880946235836,0,2.43677140644901,0,2.43677140644901,0,2.43677140644901,1654.12678190918,0,1654.12678190918,0,0,0,1654.12678190918,0,1654.12678190918,1668.15462142599,1200,14.0278395168091
59.4605148416656,1,wetting,360,1200,-0.00676678986177651,0.00676678986177651,0,2.43604435023954,0,2.43604435023954,0,2.43604435023954,1656.56282625942,0,1656.56282625942,0,0,0,1656.56282625942,0,1656.56282625942,1670.59066577623,1200,14.0278395168091
59.5605148416656,1,wetting,360,1200,-0.00676489702168272,0.00676489702168272,0,2.43536292780578,0,2.43536292780578,0,2.43536292780578,1658.99818918723,0,1658.99818918723,0,0,0,1658.99818918723,0,1658.99818918723,1673.02602870403,1200,14.0278395168091
59.6605148416656,1,wetting,360,1200,-0.00676309848267881,0.00676309848267881,0,2.43471545376437,0,2.43471545376437,0,2.43471545376437,1661.43290464099,0,1661.43290464099,0,0,0,1661.43290464099,0,1661.43290464099,1675.4607441578,1200,14.0278395168091
59.7605148416656,1,wetting,360,1200,-0.00676142231692121,0.00676142231692121,0,2.43411203409163,0,2.43411203409163,0,2.43411203409163,1663.86701667508,0,1663.86701667508,0,0,0,1663.86701667508,0,1663.86701667508,1677.89485619189,1200,14.0278395168091
59.8605148416656,1,wetting,360,1200,-0.00675986177732838,0.00675986177732838,0,2.43355023983822,0,2.43355023983822,0,2.43355023983822,1666.30056691492,0,1666.30056691492,0,0,0,1666.30056691492,0,1666.30056691492,1680.32840643173,1200,14.0278395168091
59.9605148416656,1,wetting,360,1200,-0.00675837154070888,0.00675837154070888,0,2.4330137546552,0,2.4330137546552,0,2.4330137546552,1668.73358066957,0,1668.73358066957,0,0,0,1668.73358066957,0,1668.73358066957,1682.76142018638,1200,14.0278395168091
60.0605148416656,1,wetting,360,1200,-0.00675689009342971,0.00675689009342971,0,2.43248043363469,0,2.43248043363469,0,2.43248043363469,1671.16606110321,0,1671.16606110321,0,0,0,1671.16606110321,0,1671.16606110321,1685.19390062002,1200,14.0278395168091
60.1605148416656,1,wetting,360,1200,-0.00675541501077326,0.00675541501077326,0,2.43194940387837,0,2.43194940387837,0,2.43194940387837,1673.59801050709,0,1673.59801050709,0,0,0,1673.59801050709,0,1673.59801050709,1687.6258500239,1200,14.0278395168091
60.2605148416656,1,wetting,360,1200,-0.00675392181443492,0.00675392181443492,0,2.43141185319657,0,2.43141185319657,0,2.43141185319657,1676.02942236028,0,1676.02942236028,0,0,0,1676.02942236028,0,1676.02942236028,1690.05726187709,1200,14.0278395168091
60.3605148416656,1,wetting,360,1200,-0.00675244802043651,0.00675244802043651,0,2.43088128735714,0,2.43088128735714,0,2.43088128735714,1678.46030364764,0,1678.46030364764,0,0,0,1678.46030364764,0,1678.46030364764,1692.48814316445,1200,14.0278395168091
60.4605148416656,1,wetting,360,1200,-0.00675102842686129,0.00675102842686129,0,2.43037023367007,0,2.43037023367007,0,2.43037023367007,1680.89067388131,0,1680.89067388131,0,0,0,1680.89067388131,0,1680.89067388131,1694.91851339812,1200,14.0278395168091
60.5605148416656,1,wetting,360,1200,-0.00674962454590335,0.00674962454590335,0,2.42986483652521,0,2.42986483652521,0,2.42986483652521,1683.32053871784,0,1683.32053871784,0,0,0,1683.32053871784,0,1683.32053871784,1697.34837823465,1200,14.0278395168091
60.6605148416656,1,wetting,360,1200,-0.00674820899581519,0.00674820899581519,0,2.42935523849347,0,2.42935523849347,0,2.42935523849347,1685.74989395633,0,1685.74989395633,0,0,0,1685.74989395633,0,1685.74989395633,1699.77773347314,1200,14.0278395168091
60.7605148416656,1,wetting,360,1200,-0.0067467998464497,0.0067467998464497,0,2.42884794472189,0,2.42884794472189,0,2.42884794472189,1688.17874190105,0,1688.17874190105,0,0,0,1688.17874190105,0,1688.17874190105,1702.20658141786,1200,14.0278395168091
60.8605148416656,1,wetting,360,1200,-0.00674539655820851,0.00674539655820851,0,2.42834276095506,0,2.42834276095506,0,2.42834276095506,1690.60708466201,0,1690.60708466201,0,0,0,1690.60708466201,0,1690.60708466201,1704.63492417882,1200,14.0278395168091
60.9605148416656,1,wetting,360,1200,-0.00674398486579,0.00674398486579,0,2.4278345516844,0,2.4278345516844,0,2.4278345516844,1693.03491921369,0,1693.03491921369,0,0,0,1693.03491921369,0,1693.03491921369,1707.0627587305,1200,14.0278395168091
61.0605148416656,1,wetting,360,1200,-0.00674256409132134,0.00674256409132134,0,2.42732307287568,0,2.42732307287568,0,2.42732307287568,1695.46224228657,0,1695.46224228657,0,0,0,1695.46224228657,0,1695.46224228657,1709.49008180338,1200,14.0278395168091
61.1605148416656,1,wetting,360,1200,-0.00674110161620905,0.00674110161620905,0,2.42679658183526,0,2.42679658183526,0,2.42679658183526,1697.8890388684,0,1697.8890388684,0,0,0,1697.8890388684,0,1697.8890388684,1711.91687838521,1200,14.0278395168091
61.2605148416656,1,wetting,360,1200,-0.00673963455503168,0.00673963455503168,0,2.4262684398114,0,2.4262684398114,0,2.4262684398114,1700.31530730821,0,1700.31530730821,0,0,0,1700.31530730821,0,1700.31530730821,1714.34314682502,1200,14.0278395168091
61.3605148416656,1,wetting,360,1200,-0.00673822046258063,0.00673822046258063,0,2.42575936652903,0,2.42575936652903,0,2.42575936652903,1702.74106667474,0,1702.74106667474,0,0,0,1702.74106667474,0,1702.74106667474,1716.76890619155,1200,14.0278395168091
61.4605148416656,1,wetting,360,1200,-0.00673684364567083,0.00673684364567083,0,2.4252637124415,0,2.4252637124415,0,2.4252637124415,1705.16633038718,0,1705.16633038718,0,0,0,1705.16633038718,0,1705.16633038718,1719.19416990399,1200,14.0278395168091
61.5605148416656,1,wetting,360,1200,-0.00673544587165568,0.00673544587165568,0,2.42476051379604,0,2.42476051379604,0,2.42476051379604,1707.59109090098,0,1707.59109090098,0,0,0,1707.59109090098,0,1707.59109090098,1721.61893041779,1200,14.0278395168091
61.6605148416656,1,wetting,360,1200,-0.00673400595631609,0.00673400595631609,0,2.42424214427379,0,2.42424214427379,0,2.42424214427379,1710.01533304525,0,1710.01533304525,0,0,0,1710.01533304525,0,1710.01533304525,1724.04317256206,1200,14.0278395168091
61.7605148416656,1,wetting,360,1200,-0.00673250576558768,0.00673250576558768,0,2.42370207561156,0,2.42370207561156,0,2.42370207561156,1712.43903512087,0,1712.43903512087,0,0,0,1712.43903512087,0,1712.43903512087,1726.46687463767,1200,14.0278395168091
61.8605148416656,1,wetting,360,1200,-0.00673097739468911,0.00673097739468911,0,2.42315186208808,0,2.42315186208808,0,2.42315186208808,1714.86218698295,0,1714.86218698295,0,0,0,1714.86218698295,0,1714.86218698295,1728.89002649976,1200,14.0278395168091
61.9605148416656,1,wetting,360,1200,-0.00672939295912098,0.00672939295912098,0,2.42258146528355,0,2.42258146528355,0,2.42258146528355,1717.28476844824,0,1717.28476844824,0,0,0,1717.28476844824,0,1717.28476844824,1731.31260796505,1200,14.0278395168091
62.0605148416656,1,wetting,360,1200,-0.00672774405438241,0.00672774405438241,0,2.42198785957767,0,2.42198785957767,0,2.42198785957767,1719.70675630782,0,1719.70675630782,0,0,0,1719.70675630782,0,1719.70675630782,1733.73459582462,1200,14.0278395168091
62.1605148416656,1,wetting,360,1200,-0.00672599085133147,0.00672599085133147,0,2.42135670647933,0,2.42135670647933,0,2.42135670647933,1722.12811301429,0,1722.12811301429,0,0,0,1722.12811301429,0,1722.12811301429,1736.1559525311,1200,14.0278395168091
62.2605148416656,1,wetting,360,1200,-0.00672414101350046,0.00672414101350046,0,2.42069076486017,0,2.42069076486017,0,2.42069076486017,1724.54880377915,0,1724.54880377915,0,0,0,1724.54880377915,0,1724.54880377915,1738.57664329596,1200,14.0278395168091
62.3605148416656,1,wetting,360,1200,-0.00672223494952601,0.00672223494952601,0,2.42000458182936,0,2.42000458182936,0,2.42000458182936,1726.96880836098,0,1726.96880836098,0,0,0,1726.96880836098,0,1726.96880836098,1740.99664787779,1200,14.0278395168091
62.4605148416656,1,wetting,360,1200,-0.00672025493360502,0.00672025493360502,0,2.41929177609781,0,2.41929177609781,0,2.41929177609781,1729.38810013708,0,1729.38810013708,0,0,0,1729.38810013708,0,1729.38810013708,1743.41593965389,1200,14.0278395168091
62.5605148416656,1,wetting,360,1200,-0.00671824306276008,0.00671824306276008,0,2.41856750259363,0,2.41856750259363,0,2.41856750259363,1731.80666763968,0,1731.80666763968,0,0,0,1731.80666763968,0,1731.80666763968,1745.83450715648,1200,14.0278395168091
62.6605148416656,1,wetting,360,1200,-0.00671616154446909,0.00671616154446909,0,2.41781815600887,0,2.41781815600887,0,2.41781815600887,1734.22448579568,0,1734.22448579568,0,0,0,1734.22448579568,0,1734.22448579568,1748.25232531249,1200,14.0278395168091
62.7605148416656,1,wetting,360,1200,-0.00671396622112237,0.00671396622112237,0,2.41702783960405,0,2.41702783960405,0,2.41702783960405,1736.64151363529,0,1736.64151363529,0,0,0,1736.64151363529,0,1736.64151363529,1750.6693531521,1200,14.0278395168091
62.8605148416656,1,wetting,360,1200,-0.00671159616161469,0.00671159616161469,0,2.41617461818129,0,2.41617461818129,0,2.41617461818129,1739.05768825347,0,1739.05768825347,0,0,0,1739.05768825347,0,1739.05768825347,1753.08552777028,1200,14.0278395168091
62.9605148416656,1,wetting,360,1200,-0.00670900829372747,0.00670900829372747,0,2.41524298574189,0,2.41524298574189,0,2.41524298574189,1741.47293123921,0,1741.47293123921,0,0,0,1741.47293123921,0,1741.47293123921,1755.50077075602,1200,14.0278395168091
63.0605148416656,1,wetting,360,1200,-0.00670630551081031,0.00670630551081031,0,2.41426998389171,0,2.41426998389171,0,2.41426998389171,1743.8872012231,0,1743.8872012231,0,0,0,1743.8872012231,0,1743.8872012231,1757.91504073991,1200,14.0278395168091
63.1605148416656,1,wetting,360,1200,-0.00670411688723894,0.00670411688723894,0,2.41348207940602,0,2.41348207940602,0,2.41348207940602,1746.30068330251,0,1746.30068330251,0,0,0,1746.30068330251,0,1746.30068330251,1760.32852281932,1200,14.0278395168091
63.2605148416656,1,wetting,360,1200,-0.00670231333886921,0.00670231333886921,0,2.41283280199291,0,2.41283280199291,0,2.41283280199291,1748.7135161045,0,1748.7135161045,0,0,0,1748.7135161045,0,1748.7135161045,1762.74135562131,1200,14.0278395168091
63.3605148416656,1,wetting,360,1200,-0.00670065442292293,0.00670065442292293,0,2.41223559225225,0,2.41223559225225,0,2.41223559225225,1751.12575169675,0,1751.12575169675,0,0,0,1751.12575169675,0,1751.12575169675,1765.15359121356,1200,14.0278395168091
63.4605148416656,1,wetting,360,1200,-0.00669906395008451,0.00669906395008451,0,2.41166302203042,0,2.41166302203042,0,2.41166302203042,1753.53741471878,0,1753.53741471878,0,0,0,1753.53741471878,0,1753.53741471878,1767.56525423559,1200,14.0278395168091
63.5605148416656,1,wetting,360,1200,-0.00669750928555606,0.00669750928555606,0,2.41110334280018,0,2.41110334280018,0,2.41110334280018,1755.94851806159,0,1755.94851806159,0,0,0,1755.94851806159,0,1755.94851806159,1769.97635757839,1200,14.0278395168091
63.6605148416656,1,wetting,360,1200,-0.00669596488522092,0.00669596488522092,0,2.41054735867953,0,2.41054735867953,0,2.41054735867953,1758.35906542026,0,1758.35906542026,0,0,0,1758.35906542026,0,1758.35906542026,1772.38690493707,1200,14.0278395168091
63.7605148416656,1,wetting,360,1200,-0.00669440825421786,0.00669440825421786,0,2.40998697151843,0,2.40998697151843,0,2.40998697151843,1760.76905239178,0,1760.76905239178,0,0,0,1760.76905239178,0,1760.76905239178,1774.79689190859,1200,14.0278395168091
63.8605148416656,1,wetting,360,1200,-0.00669282804582393,0.00669282804582393,0,2.40941809649661,0,2.40941809649661,0,2.40941809649661,1763.17847048828,0,1763.17847048828,0,0,0,1763.17847048828,0,1763.17847048828,1777.20631000509,1200,14.0278395168091
63.9605148416656,1,wetting,360,1200,-0.00669121140986963,0.00669121140986963,0,2.40883610755307,0,2.40883610755307,0,2.40883610755307,1765.58730659583,0,1765.58730659583,0,0,0,1765.58730659583,0,1765.58730659583,1779.61514611264,1200,14.0278395168091
64.0605148416656,1,wetting,360,1200,-0.00668950323425698,0.00668950323425698,0,2.40822116433251,0,2.40822116433251,0,2.40822116433251,1767.99552776017,0,1767.99552776017,0,0,0,1767.99552776017,0,1767.99552776017,1782.02336727697,1200,14.0278395168091
64.1605148416656,1,wetting,360,1200,-0.00668779540323715,0.00668779540323715,0,2.40760634516537,0,2.40760634516537,0,2.40760634516537,1770.40313410533,0,1770.40313410533,0,0,0,1770.40313410533,0,1770.40313410533,1784.43097362214,1200,14.0278395168091
64.2605148416656,1,wetting,360,1200,-0.00668607398884625,0.00668607398884625,0,2.40698663598465,0,2.40698663598465,0,2.40698663598465,1772.81012074132,0,1772.81012074132,0,0,0,1772.81012074132,0,1772.81012074132,1786.83796025812,1200,14.0278395168091
64.3605148416656,1,wetting,360,1200,-0.00668439777574197,0.00668439777574197,0,2.40638319926711,0,2.40638319926711,0,2.40638319926711,1775.21650394058,0,1775.21650394058,0,0,0,1775.21650394058,0,1775.21650394058,1789.24434345739,1200,14.0278395168091
64.4605148416656,1,wetting,360,1200,-0.00668274195279227,0.00668274195279227,0,2.40578710300522,0,2.40578710300522,0,2.40578710300522,1777.62229104359,0,1777.62229104359,0,0,0,1777.62229104359,0,1777.62229104359,1791.6501305604,1200,14.0278395168091
64.5605148416656,1,wetting,360,1200,-0.00668116745462794,0.00668116745462794,0,2.40522028366606,0,2.40522028366606,0,2.40522028366606,1780.02751132725,0,1780.02751132725,0,0,0,1780.02751132725,0,1780.02751132725,1794.05535084406,1200,14.0278395168091
64.6605148416656,1,wetting,360,1200,-0.00667964827003786,0.00667964827003786,0,2.40467337721363,0,2.40467337721363,0,2.40467337721363,1782.43218470447,0,1782.43218470447,0,0,0,1782.43218470447,0,1782.43218470447,1796.46002422128,1200,14.0278395168091
64.7605148416656,1,wetting,360,1200,-0.00667817520772064,0.00667817520772064,0,2.40414307477943,0,2.40414307477943,0,2.40414307477943,1784.83632777925,0,1784.83632777925,0,0,0,1784.83632777925,0,1784.83632777925,1798.86416729606,1200,14.0278395168091
64.8605148416656,1,wetting,360,1200,-0.00667674248916811,0.00667674248916811,0,2.40362729610052,0,2.40362729610052,0,2.40362729610052,1787.23995507535,0,1787.23995507535,0,0,0,1787.23995507535,0,1787.23995507535,1801.26779459216,1200,14.0278395168091
64.9605148416656,1,wetting,360,1200,-0.00667534468214591,0.00667534468214591,0,2.40312408557253,0,2.40312408557253,0,2.40312408557253,1789.64307916092,0,1789.64307916092,0,0,0,1789.64307916092,0,1789.64307916092,1803.67091867773,1200,14.0278395168091
65.0605148416656,1,wetting,360,1200,-0.00667396940850193,0.00667396940850193,0,2.4026289870607,0,2.4026289870607,0,2.4026289870607,1792.04570814798,0,1792.04570814798,0,0,0,1792.04570814798,0,1792.04570814798,1806.07354766479,1200,14.0278395168091
65.1605148416656,1,wetting,360,1200,-0.00667262383205097,0.00667262383205097,0,2.40214457953835,0,2.40214457953835,0,2.40214457953835,1794.44785272752,0,1794.44785272752,0,0,0,1794.44785272752,0,1794.44785272752,1808.47569224433,1200,14.0278395168091
65.2605148416656,1,wetting,360,1200,-0.00667130615511872,0.00667130615511872,0,2.40167021584274,0,2.40167021584274,0,2.40167021584274,1796.84952294336,0,1796.84952294336,0,0,0,1796.84952294336,0,1796.84952294336,1810.87736246017,1200,14.0278395168091
65.3605148416656,1,wetting,360,1200,-0.0066699852898949,0.0066699852898949,0,2.40119470436216,0,2.40119470436216,0,2.40119470436216,1799.25071764772,0,1799.25071764772,0,0,0,1799.25071764772,0,1799.25071764772,1813.27855716453,1200,14.0278395168091
65.4605148416656,1,wetting,360,1200,-0.00666870176021428,0.00666870176021428,0,2.40073263367714,0,2.40073263367714,0,2.40073263367714,1801.6514502814,0,1801.6514502814,0,0,0,1801.6514502814,0,1801.6514502814,1815.67928979821,1200,14.0278395168091
65.5605148416656,1,wetting,360,1200,-0.00666743606918348,0.00666743606918348,0,2.40027698490605,0,2.40027698490605,0,2.40027698490605,1804.05172726631,0,1804.05172726631,0,0,0,1804.05172726631,0,1804.05172726631,1818.07956678312,1200,14.0278395168091
65.6605148416656,1,wetting,360,1200,-0.00666617945244271,0.00666617945244271,0,2.39982460287937,0,2.39982460287937,0,2.39982460287937,1806.45155186919,0,1806.45155186919,0,0,0,1806.45155186919,0,1806.45155186919,1820.479391386,1200,14.0278395168091
65.7605148416656,1,wetting,360,1200,-0.0066648966092479,0.0066648966092479,0,2.39936277932925,0,2.39936277932925,0,2.39936277932925,1808.85091464852,0,1808.85091464852,0,0,0,1808.85091464852,0,1808.85091464852,1822.87875416532,1200,14.0278395168091
65.8605148416656,1,wetting,360,1200,-0.00666363883026746,0.00666363883026746,0,2.39890997889629,0,2.39890997889629,0,2.39890997889629,1811.24982462741,0,1811.24982462741,0,0,0,1811.24982462741,0,1811.24982462741,1825.27766414422,1200,14.0278395168091
65.9605148416656,1,wetting,360,1200,-0.00666235498097179,0.00666235498097179,0,2.39844779314984,0,2.39844779314984,0,2.39844779314984,1813.64827242056,0,1813.64827242056,0,0,0,1813.64827242056,0,1813.64827242056,1827.67611193737,1200,14.0278395168091
66.0605148416656,1,wetting,360,1200,-0.00666107961057857,0.00666107961057857,0,2.39798865980828,0,2.39798865980828,0,2.39798865980828,1816.04626108037,0,1816.04626108037,0,0,0,1816.04626108037,0,1816.04626108037,1830.07410059718,1200,14.0278395168091
66.1605148416656,1,wetting,360,1200,-0.00665981016634236,0.00665981016634236,0,2.39753165988325,0,2.39753165988325,0,2.39753165988325,1818.44379274025,0,1818.44379274025,0,0,0,1818.44379274025,0,1818.44379274025,1832.47163225706,1200,14.0278395168091
66.2605148416656,1,wetting,360,1200,-0.00665854194221639,0.00665854194221639,0,2.3970750991979,0,2.3970750991979,0,2.3970750991979,1820.84086783945,0,1820.84086783945,0,0,0,1820.84086783945,0,1820.84086783945,1834.86870735626,1200,14.0278395168091
66.3605148416656,1,wetting,360,1200,-0.00665727269326871,0.00665727269326871,0,2.39661816957673,0,2.39661816957673,0,2.39661816957673,1823.23748600903,0,1823.23748600903,0,0,0,1823.23748600903,0,1823.23748600903,1837.26532552584,1200,14.0278395168091
66.4605148416656,1,wetting,360,1200,-0.006655994329923,0.006655994329923,0,2.39615795877228,0,2.39615795877228,0,2.39615795877228,1825.6336439678,0,1825.6336439678,0,0,0,1825.6336439678,0,1825.6336439678,1839.66148348461,1200,14.0278395168091
66.5605148416656,1,wetting,360,1200,-0.0066546971905645,0.0066546971905645,0,2.39569098860322,0,2.39569098860322,0,2.39569098860322,1828.0293349564,0,1828.0293349564,0,0,0,1828.0293349564,0,1828.0293349564,1842.05717447321,1200,14.0278395168091
66.6605148416656,1,wetting,360,1200,-0.00665336997089283,0.00665336997089283,0,2.39521318952142,0,2.39521318952142,0,2.39521318952142,1830.42454814592,0,1830.42454814592,0,0,0,1830.42454814592,0,1830.42454814592,1844.45238766273,1200,14.0278395168091
66.7605148416656,1,wetting,360,1200,-0.00665199425664319,0.00665199425664319,0,2.39471793239155,0,2.39471793239155,0,2.39471793239155,1832.81926607832,0,1832.81926607832,0,0,0,1832.81926607832,0,1832.81926607832,1846.84710559513,1200,14.0278395168091
66.8605148416656,1,wetting,360,1200,-0.00665054410862132,0.00665054410862132,0,2.39419587910368,0,2.39419587910368,0,2.39419587910368,1835.21346195742,0,1835.21346195742,0,0,0,1835.21346195742,0,1835.21346195742,1849.24130147423,1200,14.0278395168091
66.9605148416656,1,wetting,360,1200,-0.00664895712791901,0.00664895712791901,0,2.39362456605084,0,2.39362456605084,0,2.39362456605084,1837.60708652347,0,1837.60708652347,0,0,0,1837.60708652347,0,1837.60708652347,1851.63492604028,1200,14.0278395168091
67.0605148416656,1,wetting,360,1200,-0.00664720103028924,0.00664720103028924,0,2.39299237090413,0,2.39299237090413,0,2.39299237090413,1840.00007889437,0,1840.00007889437,0,0,0,1840.00007889437,0,1840.00007889437,1854.02791841118,1200,14.0278395168091
67.1605148416656,1,wetting,360,1200,-0.00664519549289349,0.00664519549289349,0,2.39227037744165,0,2.39227037744165,0,2.39227037744165,1842.39234927182,0,1842.39234927182,0,0,0,1842.39234927182,0,1842.39234927182,1856.42018878863,1200,14.0278395168091
67.2605148416656,1,wetting,360,1200,-0.00664276373713166,0.00664276373713166,0,2.3913949453674,0,2.3913949453674,0,2.3913949453674,1844.78374421718,0,1844.78374421718,0,0,0,1844.78374421718,0,1844.78374421718,1858.81158373399,1200,14.0278395168091
67.3605148416656,1,wetting,360,1200,-0.00663959983422626,0.00663959983422626,0,2.39025594032145,0,2.39025594032145,0,2.39025594032145,1847.17400015751,0,1847.17400015751,0,0,0,1847.17400015751,0,1847.17400015751,1861.20183967431,1200,14.0278395168091
67.4605148416656,1,wetting,360,1200,-0.00663541345951164,0.00663541345951164,0,2.38874884542419,0,2.38874884542419,0,2.38874884542419,1849.56274900293,0,1849.56274900293,0,0,0,1849.56274900293,0,1849.56274900293,1863.59058851974,1200,14.0278395168091
67.5605148416656,1,wetting,360,1200,-0.00663021094775378,0.00663021094775378,0,2.38687594119136,0,2.38687594119136,0,2.38687594119136,1851.94962494412,0,1851.94962494412,0,0,0,1851.94962494412,0,1851.94962494412,1865.97746446093,1200,14.0278395168091
67.6605148416656,1,wetting,360,1200,-0.00662602640646473,0.00662602640646473,0,2.3853695063273,0,2.3853695063273,0,2.3853695063273,1854.33499445045,0,1854.33499445045,0,0,0,1854.33499445045,0,1854.33499445045,1868.36283396726,1200,14.0278395168091
67.7605148416656,1,wetting,360,1200,-0.00662287414792173,0.00662287414792173,0,2.38423469325182,0,2.38423469325182,0,2.38423469325182,1856.7192291437,0,1856.7192291437,0,0,0,1856.7192291437,0,1856.7192291437,1870.74706866051,1200,14.0278395168091
67.8605148416656,1,wetting,360,1200,-0.00662040104083432,0.00662040104083432,0,2.38334437470035,0,2.38334437470035,0,2.38334437470035,1859.1025735184,0,1859.1025735184,0,0,0,1859.1025735184,0,1859.1025735184,1873.13041303521,1200,14.0278395168091
67.9605148416656,1,wetting,360,1200,-0.00661833720211826,0.00661833720211826,0,2.38260139276258,0,2.38260139276258,0,2.38260139276258,1861.48517491116,0,1861.48517491116,0,0,0,1861.48517491116,0,1861.48517491116,1875.51301442797,1200,14.0278395168091
68.0605148416656,1,wetting,360,1200,-0.00661649228904932,0.00661649228904932,0,2.38193722405776,0,2.38193722405776,0,2.38193722405776,1863.86711213522,0,1863.86711213522,0,0,0,1863.86711213522,0,1863.86711213522,1877.89495165203,1200,14.0278395168091
68.1605148416656,1,wetting,360,1200,-0.00661476281933741,0.00661476281933741,0,2.38131461496147,0,2.38131461496147,0,2.38131461496147,1866.24842675018,0,1866.24842675018,0,0,0,1866.24842675018,0,1866.24842675018,1880.27626626699,1200,14.0278395168091
68.2605148416656,1,wetting,360,1200,-0.0066130691796642,0.0066130691796642,0,2.38070490467911,0,2.38070490467911,0,2.38070490467911,1868.62913165486,0,1868.62913165486,0,0,0,1868.62913165486,0,1868.62913165486,1882.65697117167,1200,14.0278395168091
68.3605148416656,1,wetting,360,1200,-0.0066113379857916,0.0066113379857916,0,2.38008167488497,0,2.38008167488497,0,2.38008167488497,1871.00921332975,0,1871.00921332975,0,0,0,1871.00921332975,0,1871.00921332975,1885.03705284656,1200,14.0278395168091
68.4605148416656,1,wetting,360,1200,-0.00660951453516114,0.00660951453516114,0,2.37942523265801,0,2.37942523265801,0,2.37942523265801,1873.3886385624,0,1873.3886385624,0,0,0,1873.3886385624,0,1873.3886385624,1887.41647807921,1200,14.0278395168091
68.5605148416656,1,wetting,360,1200,-0.00660753919033612,0.00660753919033612,0,2.378714108521,0,2.378714108521,0,2.378714108521,1875.76735267093,0,1875.76735267093,0,0,0,1875.76735267093,0,1875.76735267093,1889.79519218773,1200,14.0278395168091
68.6605148416656,1,wetting,360,1200,-0.00660535788696004,0.00660535788696004,0,2.37792883930562,0,2.37792883930562,0,2.37792883930562,1878.14528151023,0,1878.14528151023,0,0,0,1878.14528151023,0,1878.14528151023,1892.17312102704,1200,14.0278395168091
68.7605148416656,1,wetting,360,1200,-0.00660292965154081,0.00660292965154081,0,2.37705467455469,0,2.37705467455469,0,2.37705467455469,1880.52233618479,0,1880.52233618479,0,0,0,1880.52233618479,0,1880.52233618479,1894.55017570159,1200,14.0278395168091
68.8605148416656,1,wetting,360,1200,-0.00660028214041598,0.00660028214041598,0,2.37610157054975,0,2.37610157054975,0,2.37610157054975,1882.89843775534,0,1882.89843775534,0,0,0,1882.89843775534,0,1882.89843775534,1896.92627727214,1200,14.0278395168091
68.9605148416656,1,wetting,360,1200,-0.00659750013862607,0.00659750013862607,0,2.37510004990538,0,2.37510004990538,0,2.37510004990538,1885.27353780524,0,1885.27353780524,0,0,0,1885.27353780524,0,1885.27353780524,1899.30137732205,1200,14.0278395168091
69.0605148416656,1,wetting,360,1200,-0.00659466401856677,0.00659466401856677,0,2.37407904668404,0,2.37407904668404,0,2.37407904668404,1887.64761685192,0,1887.64761685192,0,0,0,1887.64761685192,0,1887.64761685192,1901.67545636873,1200,14.0278395168091
69.1605148416656,1,wetting,360,1200,-0.00659193152993461,0.00659193152993461,0,2.37309535077646,0,2.37309535077646,0,2.37309535077646,1890.0207122027,0,1890.0207122027,0,0,0,1890.0207122027,0,1890.0207122027,1904.04855171951,1200,14.0278395168091
69.2605148416656,1,wetting,360,1200,-0.00658949955603281,0.00658949955603281,0,2.37221984017181,0,2.37221984017181,0,2.37221984017181,1892.39293204287,0,1892.39293204287,0,0,0,1892.39293204287,0,1892.39293204287,1906.42077155968,1200,14.0278395168091
69.3605148416656,1,wetting,360,1200,-0.00658760857850743,0.00658760857850743,0,2.37153908826267,0,2.37153908826267,0,2.37153908826267,1894.76447113114,0,1894.76447113114,0,0,0,1894.76447113114,0,1894.76447113114,1908.79231064794,1200,14.0278395168091
69.4605148416656,1,wetting,360,1200,-0.00658585831858513,0.00658585831858513,0,2.37090899469065,0,2.37090899469065,0,2.37090899469065,1897.13538012583,0,1897.13538012583,0,0,0,1897.13538012583,0,1897.13538012583,1911.16321964264,1200,14.0278395168091
69.5605148416656,1,wetting,360,1200,-0.00658417564850402,0.00658417564850402,0,2.37030323346145,0,2.37030323346145,0,2.37030323346145,1899.50568335929,0,1899.50568335929,0,0,0,1899.50568335929,0,1899.50568335929,1913.5335228761,1200,14.0278395168091
69.6605148416656,1,wetting,360,1200,-0.00658253541531614,0.00658253541531614,0,2.36971274951381,0,2.36971274951381,0,2.36971274951381,1901.8753961088,0,1901.8753961088,0,0,0,1901.8753961088,0,1901.8753961088,1915.90323562561,1200,14.0278395168091
69.7605148416656,1,wetting,360,1200,-0.00658092230615072,0.00658092230615072,0,2.36913203021426,0,2.36913203021426,0,2.36913203021426,1904.24452813902,0,1904.24452813902,0,0,0,1904.24452813902,0,1904.24452813902,1918.27236765583,1200,14.0278395168091
69.8605148416656,1,wetting,360,1200,-0.00657931644290144,0.00657931644290144,0,2.36855391944452,0,2.36855391944452,0,2.36855391944452,1906.61308205846,0,1906.61308205846,0,0,0,1906.61308205846,0,1906.61308205846,1920.64092157527,1200,14.0278395168091
69.9605148416656,1,wetting,360,1200,-0.00657769755146703,0.00657769755146703,0,2.36797111852813,0,2.36797111852813,0,2.36797111852813,1908.98105317699,0,1908.98105317699,0,0,0,1908.98105317699,0,1908.98105317699,1923.0088926938,1200,14.0278395168091
70.0605148416656,1,wetting,360,1200,-0.00657620502692921,0.00657620502692921,0,2.36743380969452,0,2.36743380969452,0,2.36743380969452,1911.34848698668,0,1911.34848698668,0,0,0,1911.34848698668,0,1911.34848698668,1925.37632650349,1200,14.0278395168091
70.1605148416656,1,wetting,360,1200,-0.00657471982777507,0.00657471982777507,0,2.36689913799902,0,2.36689913799902,0,2.36689913799902,1913.71538612468,0,1913.71538612468,0,0,0,1913.71538612468,0,1913.71538612468,1927.74322564149,1200,14.0278395168091
70.2605148416656,1,wetting,360,1200,-0.00657322664096832,0.00657322664096832,0,2.3663615907486,0,2.3663615907486,0,2.3663615907486,1916.08174771543,0,1916.08174771543,0,0,0,1916.08174771543,0,1916.08174771543,1930.10958723224,1200,14.0278395168091
70.3605148416656,1,wetting,360,1200,-0.00657172287134541,0.00657172287134541,0,2.36582023368435,0,2.36582023368435,0,2.36582023368435,1918.44756794912,0,1918.44756794912,0,0,0,1918.44756794912,0,1918.44756794912,1932.47540746592,1200,14.0278395168091
70.4605148416656,1,wetting,360,1200,-0.00657020412977006,0.00657020412977006,0,2.36527348671722,0,2.36527348671722,0,2.36527348671722,1920.81284143583,0,1920.81284143583,0,0,0,1920.81284143583,0,1920.81284143583,1934.84068095264,1200,14.0278395168091
70.5605148416656,1,wetting,360,1200,-0.00656865696593118,0.00656865696593118,0,2.36471650773523,0,2.36471650773523,0,2.36471650773523,1923.17755794357,0,1923.17755794357,0,0,0,1923.17755794357,0,1923.17755794357,1937.20539746038,1200,14.0278395168091
70.6605148416656,1,wetting,360,1200,-0.00656704612308284,0.00656704612308284,0,2.36413660430982,0,2.36413660430982,0,2.36413660430982,1925.54169454788,0,1925.54169454788,0,0,0,1925.54169454788,0,1925.54169454788,1939.56953406469,1200,14.0278395168091
70.7605148416656,1,wetting,360,1200,-0.00656533667832499,0.00656533667832499,0,2.363521204197,0,2.363521204197,0,2.363521204197,1927.90521575207,0,1927.90521575207,0,0,0,1927.90521575207,0,1927.90521575207,1941.93305526888,1200,14.0278395168091
70.8605148416656,1,wetting,360,1200,-0.00656354989694481,0.00656354989694481,0,2.36287796290013,0,2.36287796290013,0,2.36287796290013,1930.26809371497,0,1930.26809371497,0,0,0,1930.26809371497,0,1930.26809371497,1944.29593323178,1200,14.0278395168091
70.9605148416656,1,wetting,360,1200,-0.00656160276198197,0.00656160276198197,0,2.36217699431351,0,2.36217699431351,0,2.36217699431351,1932.63027070929,0,1932.63027070929,0,0,0,1932.63027070929,0,1932.63027070929,1946.6581102261,1200,14.0278395168091
71.0605148416656,1,wetting,360,1200,-0.00655948395388913,0.00655948395388913,0,2.36141422340009,0,2.36141422340009,0,2.36141422340009,1934.99168493269,0,1934.99168493269,0,0,0,1934.99168493269,0,1934.99168493269,1949.0195244495,1200,14.0278395168091
71.1605148416656,1,wetting,360,1200,-0.00655705737758761,0.00655705737758761,0,2.36054065593154,0,2.36054065593154,0,2.36054065593154,1937.35222558862,0,1937.35222558862,0,0,0,1937.35222558862,0,1937.35222558862,1951.38006510543,1200,14.0278395168091
71.2605148416656,1,wetting,360,1200,-0.00655423174487337,0.00655423174487337,0,2.35952342815441,0,2.35952342815441,0,2.35952342815441,1939.71174901677,0,1939.71174901677,0,0,0,1939.71174901677,0,1939.71174901677,1953.73958853358,1200,14.0278395168091
71.3605148416656,1,wetting,360,1200,-0.00655100273357174,0.00655100273357174,0,2.35836098408583,0,2.35836098408583,0,2.35836098408583,1942.07011000086,0,1942.07011000086,0,0,0,1942.07011000086,0,1942.07011000086,1956.09794951767,1200,14.0278395168091
71.4605148416656,1,wetting,360,1200,-0.00654748885816788,0.00654748885816788,0,2.35709598894044,0,2.35709598894044,0,2.35709598894044,1944.4272059898,0,1944.4272059898,0,0,0,1944.4272059898,0,1944.4272059898,1958.45504550661,1200,14.0278395168091
71.5605148416656,1,wetting,360,1200,-0.00654387069699088,0.00654387069699088,0,2.35579345091672,0,2.35579345091672,0,2.35579345091672,1946.78299944072,0,1946.78299944072,0,0,0,1946.78299944072,0,1946.78299944072,1960.81083895753,1200,14.0278395168091
71.6605148416656,1,wetting,360,1200,-0.00654007024229933,0.00654007024229933,0,2.35442528722776,0,2.35442528722776,0,2.35442528722776,1949.13742472795,0,1949.13742472795,0,0,0,1949.13742472795,0,1949.13742472795,1963.16526424475,1200,14.0278395168091
71.7605148416656,1,wetting,360,1200,-0.00653632357843219,0.00653632357843219,0,2.35307648823559,0,2.35307648823559,0,2.35307648823559,1951.49050121618,0,1951.49050121618,0,0,0,1951.49050121618,0,1951.49050121618,1965.51834073299,1200,14.0278395168091
71.8605148416656,1,wetting,360,1200,-0.00653267831832101,0.00653267831832101,0,2.35176419459556,0,2.35176419459556,0,2.35176419459556,1953.84226541078,0,1953.84226541078,0,0,0,1953.84226541078,0,1953.84226541078,1967.87010492759,1200,14.0278395168091
71.9605148416656,1,wetting,360,1200,-0.00652852528558868,0.00652852528558868,0,2.35026910281193,0,2.35026910281193,0,2.35026910281193,1956.19253451359,0,1956.19253451359,0,0,0,1956.19253451359,0,1956.19253451359,1970.2203740304,1200,14.0278395168091
72.0605148416656,1,wetting,360,1200,-0.00652511204159298,0.00652511204159298,0,2.34904033497347,0,2.34904033497347,0,2.34904033497347,1958.54157484856,0,1958.54157484856,0,0,0,1958.54157484856,0,1958.54157484856,1972.56941436537,1200,14.0278395168091
72.1605148416656,1,wetting,360,1200,-0.00652233701204182,0.00652233701204182,0,2.34804132433506,0,2.34804132433506,0,2.34804132433506,1960.8896161729,0,1960.8896161729,0,0,0,1960.8896161729,0,1960.8896161729,1974.91745568971,1200,14.0278395168091
72.2605148416656,1,wetting,360,1200,-0.00651991457669853,0.00651991457669853,0,2.34716924761147,0,2.34716924761147,0,2.34716924761147,1963.23678542051,0,1963.23678542051,0,0,0,1963.23678542051,0,1963.23678542051,1977.26462493732,1200,14.0278395168091
72.3605148416656,1,wetting,360,1200,-0.00651772565607951,0.00651772565607951,0,2.34638123618862,0,2.34638123618862,0,2.34638123618862,1965.5831666567,0,1965.5831666567,0,0,0,1965.5831666567,0,1965.5831666567,1979.61100617351,1200,14.0278395168091
72.4605148416656,1,wetting,360,1200,-0.00651571004813393,0.00651571004813393,0,2.34565561732822,0,2.34565561732822,0,2.34565561732822,1967.92882227402,0,1967.92882227402,0,0,0,1967.92882227402,0,1967.92882227402,1981.95666179083,1200,14.0278395168091
72.5605148416656,1,wetting,360,1200,-0.0065137894407079,0.0065137894407079,0,2.34496419865484,0,2.34496419865484,0,2.34496419865484,1970.27378647268,0,1970.27378647268,0,0,0,1970.27378647268,0,1970.27378647268,1984.30162598949,1200,14.0278395168091
72.6605148416656,1,wetting,360,1200,-0.00651199264187465,0.00651199264187465,0,2.34431735107487,0,2.34431735107487,0,2.34431735107487,1972.61810382375,0,1972.61810382375,0,0,0,1972.61810382375,0,1972.61810382375,1986.64594334056,1200,14.0278395168091
72.7605148416656,1,wetting,360,1200,-0.00651029901762927,0.00651029901762927,0,2.34370764634654,0,2.34370764634654,0,2.34370764634654,1974.9618114701,0,1974.9618114701,0,0,0,1974.9618114701,0,1974.9618114701,1988.98965098691,1200,14.0278395168091
72.8605148416656,1,wetting,360,1200,-0.00650867903300256,0.00650867903300256,0,2.34312445188092,0,2.34312445188092,0,2.34312445188092,1977.30493592198,0,1977.30493592198,0,0,0,1977.30493592198,0,1977.30493592198,1991.33277543879,1200,14.0278395168091
72.9605148416656,1,wetting,360,1200,-0.00650711842657241,0.00650711842657241,0,2.34256263356607,0,2.34256263356607,0,2.34256263356607,1979.64749855555,0,1979.64749855555,0,0,0,1979.64749855555,0,1979.64749855555,1993.67533807236,1200,14.0278395168091
73.0605148416656,1,wetting,360,1200,-0.0065056071602653,0.0065056071602653,0,2.34201857769551,0,2.34201857769551,0,2.34201857769551,1981.98951713324,0,1981.98951713324,0,0,0,1981.98951713324,0,1981.98951713324,1996.01735665005,1200,14.0278395168091
73.1605148416656,1,wetting,360,1200,-0.00650413494602401,0.00650413494602401,0,2.34148858056864,0,2.34148858056864,0,2.34148858056864,1984.33100571381,0,1984.33100571381,0,0,0,1984.33100571381,0,1984.33100571381,1998.35884523062,1200,14.0278395168091
73.2605148416656,1,wetting,360,1200,-0.0065026944120997,0.0065026944120997,0,2.34096998835589,0,2.34096998835589,0,2.34096998835589,1986.67197570217,0,1986.67197570217,0,0,0,1986.67197570217,0,1986.67197570217,2000.69981521898,1200,14.0278395168091
73.3605148416656,1,wetting,360,1200,-0.00650127275303092,0.00650127275303092,0,2.34045819109113,0,2.34045819109113,0,2.34045819109113,1989.01243389326,0,1989.01243389326,0,0,0,1989.01243389326,0,1989.01243389326,2003.04027341007,1200,14.0278395168091
73.4605148416656,1,wetting,360,1200,-0.00649984828923768,0.00649984828923768,0,2.33994538412556,0,2.33994538412556,0,2.33994538412556,1991.35237927738,0,1991.35237927738,0,0,0,1991.35237927738,0,1991.35237927738,2005.38021879419,1200,14.0278395168091
73.5605148416656,1,wetting,360,1200,-0.00649842977304726,0.00649842977304726,0,2.33943471829701,0,2.33943471829701,0,2.33943471829701,1993.69181399568,0,1993.69181399568,0,0,0,1993.69181399568,0,1993.69181399568,2007.71965351249,1200,14.0278395168091
73.6605148416656,1,wetting,360,1200,-0.00649702445065348,0.00649702445065348,0,2.33892880223525,0,2.33892880223525,0,2.33892880223525,1996.03074279792,0,1996.03074279792,0,0,0,1996.03074279792,0,1996.03074279792,2010.05858231473,1200,14.0278395168091
73.7605148416656,1,wetting,360,1200,-0.00649560993374124,0.00649560993374124,0,2.33841957614685,0,2.33841957614685,0,2.33841957614685,1998.36916237406,0,1998.36916237406,0,0,0,1998.36916237406,0,1998.36916237406,2012.39700189087,1200,14.0278395168091
73.8605148416656,1,wetting,360,1200,-0.00649418211896595,0.00649418211896595,0,2.33790556282774,0,2.33790556282774,0,2.33790556282774,2000.70706793689,0,2000.70706793689,0,0,0,2000.70706793689,0,2000.70706793689,2014.7349074537,1200,14.0278395168091
73.9605148416656,1,wetting,360,1200,-0.0064928065455425,0.0064928065455425,0,2.3374103563953,0,2.3374103563953,0,2.3374103563953,2003.04447829329,0,2003.04447829329,0,0,0,2003.04447829329,0,2003.04447829329,2017.0723178101,1200,14.0278395168091
74.0605148416656,1,wetting,360,1200,-0.00649145344369764,0.00649145344369764,0,2.33692323973115,0,2.33692323973115,0,2.33692323973115,2005.38140153302,0,2005.38140153302,0,0,0,2005.38140153302,0,2005.38140153302,2019.40924104983,1200,14.0278395168091
74.1605148416656,1,wetting,360,1200,-0.00649011324208923,0.00649011324208923,0,2.33644076715212,0,2.33644076715212,0,2.33644076715212,2007.71784230017,0,2007.71784230017,0,0,0,2007.71784230017,0,2007.71784230017,2021.74568181698,1200,14.0278395168091
74.2605148416656,1,wetting,360,1200,-0.00648878161700495,0.00648878161700495,0,2.33596138212178,0,2.33596138212178,0,2.33596138212178,2010.05380368229,0,2010.05380368229,0,0,0,2010.05380368229,0,2010.05380368229,2024.0816431991,1200,14.0278395168091
74.3605148416656,1,wetting,360,1200,-0.00648745400508982,0.00648745400508982,0,2.33548344183233,0,2.33548344183233,0,2.33548344183233,2012.38928712412,0,2012.38928712412,0,0,0,2012.38928712412,0,2012.38928712412,2026.41712664093,1200,14.0278395168091
74.4605148416656,1,wetting,360,1200,-0.00648612547414091,0.00648612547414091,0,2.33500517069073,0,2.33500517069073,0,2.33500517069073,2014.72429229481,0,2014.72429229481,0,0,0,2014.72429229481,0,2014.72429229481,2028.75213181162,1200,14.0278395168091
74.5605148416656,1,wetting,360,1200,-0.00648479012944204,0.00648479012944204,0,2.33452444659914,0,2.33452444659914,0,2.33452444659914,2017.05881674141,0,2017.05881674141,0,0,0,2017.05881674141,0,2017.05881674141,2031.08665625822,1200,14.0278395168091
74.6605148416656,1,wetting,360,1200,-0.00648344179956338,0.00648344179956338,0,2.33403904784282,0,2.33403904784282,0,2.33403904784282,2019.39285578926,0,2019.39285578926,0,0,0,2019.39285578926,0,2019.39285578926,2033.42069530607,1200,14.0278395168091
74.7605148416656,1,wetting,360,1200,-0.00648207131246136,0.00648207131246136,0,2.33354567248609,0,2.33354567248609,0,2.33354567248609,2021.72640146174,0,2021.72640146174,0,0,0,2021.72640146174,0,2021.72640146174,2035.75424097855,1200,14.0278395168091
74.8605148416656,1,wetting,360,1200,-0.00648066448832116,0.00648066448832116,0,2.33303921579562,0,2.33303921579562,0,2.33303921579562,2024.05944067754,0,2024.05944067754,0,0,0,2024.05944067754,0,2024.05944067754,2038.08728019435,1200,14.0278395168091
74.9605148416656,1,wetting,360,1200,-0.00647921022265422,0.00647921022265422,0,2.33251568015552,0,2.33251568015552,0,2.33251568015552,2026.39195635769,0,2026.39195635769,0,0,0,2026.39195635769,0,2026.39195635769,2040.4197958745,1200,14.0278395168091
75.0605148416656,1,wetting,360,1200,-0.0064776968741706,0.0064776968741706,0,2.33197087470142,0,2.33197087470142,0,2.33197087470142,2028.7239272324,0,2028.7239272324,0,0,0,2028.7239272324,0,2028.7239272324,2042.7517667492,1200,14.0278395168091
75.1605148416656,1,wetting,360,1200,-0.00647616312127817,0.00647616312127817,0,2.33141872366014,0,2.33141872366014,0,2.33141872366014,2031.05534595606,0,2031.05534595606,0,0,0,2031.05534595606,0,2031.05534595606,2045.08318547286,1200,14.0278395168091
75.2605148416656,1,wetting,360,1200,-0.00647457161375712,0.00647457161375712,0,2.33084578095256,0,2.33084578095256,0,2.33084578095256,2033.38619173701,0,2033.38619173701,0,0,0,2033.38619173701,0,2033.38619173701,2047.41403125382,1200,14.0278395168091
75.3605148416656,1,wetting,360,1200,-0.00647288887579674,0.00647288887579674,0,2.33023999528683,0,2.33023999528683,0,2.33023999528683,2035.71643173229,0,2035.71643173229,0,0,0,2035.71643173229,0,2035.71643173229,2049.7442712491,1200,14.0278395168091
75.4605148416656,1,wetting,360,1200,-0.00647111700121118,0.00647111700121118,0,2.32960212043602,0,2.32960212043602,0,2.32960212043602,2038.04603385273,0,2038.04603385273,0,0,0,2038.04603385273,0,2038.04603385273,2052.07387336954,1200,14.0278395168091
75.5605148416656,1,wetting,360,1200,-0.0064692494772885,0.0064692494772885,0,2.32892981182386,0,2.32892981182386,0,2.32892981182386,2040.37496366455,0,2040.37496366455,0,0,0,2040.37496366455,0,2040.37496366455,2054.40280318136,1200,14.0278395168091
75.6605148416656,1,wetting,360,1200,-0.00646727640271416,0.00646727640271416,0,2.3282195049771,0,2.3282195049771,0,2.3282195049771,2042.70318316953,0,2042.70318316953,0,0,0,2042.70318316953,0,2042.70318316953,2056.73102268634,1200,14.0278395168091
75.7605148416656,1,wetting,360,1200,-0.00646519715088452,0.00646519715088452,0,2.32747097431843,0,2.32747097431843,0,2.32747097431843,2045.03065414385,0,2045.03065414385,0,0,0,2045.03065414385,0,2045.03065414385,2059.05849366066,1200,14.0278395168091
75.8605148416656,1,wetting,360,1200,-0.00646303670550581,0.00646303670550581,0,2.32669321398209,0,2.32669321398209,0,2.32669321398209,2047.35734735783,0,2047.35734735783,0,0,0,2047.35734735783,0,2047.35734735783,2061.38518687464,1200,14.0278395168091
75.9605148416656,1,wetting,360,1200,-0.00646078558163918,0.00646078558163918,0,2.32588280939011,0,2.32588280939011,0,2.32588280939011,2049.68323016722,0,2049.68323016722,0,0,0,2049.68323016722,0,2049.68323016722,2063.71106968403,1200,14.0278395168091
76.0605148416656,1,wetting,360,1200,-0.0064584553031971,0.0064584553031971,0,2.32504390915096,0,2.32504390915096,0,2.32504390915096,2052.00827407637,0,2052.00827407637,0,0,0,2052.00827407637,0,2052.00827407637,2066.03611359318,1200,14.0278395168091
76.1605148416656,1,wetting,360,1200,-0.00645604481615363,0.00645604481615363,0,2.32417613381531,0,2.32417613381531,0,2.32417613381531,2054.33245021019,0,2054.33245021019,0,0,0,2054.33245021019,0,2054.33245021019,2068.360289727,1200,14.0278395168091
76.2605148416656,1,wetting,360,1200,-0.00645354124333778,0.00645354124333778,0,2.3232748476016,0,2.3232748476016,0,2.3232748476016,2056.65572505779,0,2056.65572505779,0,0,0,2056.65572505779,0,2056.65572505779,2070.6835645746,1200,14.0278395168091
76.3605148416656,1,wetting,360,1200,-0.00645090031200345,0.00645090031200345,0,2.32232411232124,0,2.32232411232124,0,2.32232411232124,2058.97804917011,0,2058.97804917011,0,0,0,2058.97804917011,0,2058.97804917011,2073.00588868692,1200,14.0278395168091
76.4605148416656,1,wetting,360,1200,-0.00644805266062664,0.00644805266062664,0,2.32129895782559,0,2.32129895782559,0,2.32129895782559,2061.29934812794,0,2061.29934812794,0,0,0,2061.29934812794,0,2061.29934812794,2075.32718764475,1200,14.0278395168091
76.5605148416656,1,wetting,360,1200,-0.00644483644752169,0.00644483644752169,0,2.32014112110781,0,2.32014112110781,0,2.32014112110781,2063.61948924905,0,2063.61948924905,0,0,0,2063.61948924905,0,2063.61948924905,2077.64732876585,1200,14.0278395168091
76.6605148416656,1,wetting,360,1200,-0.006441113516711,0.006441113516711,0,2.31880086601596,0,2.31880086601596,0,2.31880086601596,2065.93829011506,0,2065.93829011506,0,0,0,2065.93829011506,0,2065.93829011506,2079.96612963187,1200,14.0278395168091
76.7605148416656,1,wetting,360,1200,-0.00643665168868527,0.00643665168868527,0,2.3171946079267,0,2.3171946079267,0,2.3171946079267,2068.25548472299,0,2068.25548472299,0,0,0,2068.25548472299,0,2068.25548472299,2082.2833242398,1200,14.0278395168091
76.8605148416656,1,wetting,360,1200,-0.00643114265102387,0.00643114265102387,0,2.31521135436859,0,2.31521135436859,0,2.31521135436859,2070.57069607736,0,2070.57069607736,0,0,0,2070.57069607736,0,2070.57069607736,2084.59853559417,1200,14.0278395168091
76.9605148416656,1,wetting,360,1200,-0.00642603567348025,0.00642603567348025,0,2.31337284245289,0,2.31337284245289,0,2.31337284245289,2072.88406891981,0,2072.88406891981,0,0,0,2072.88406891981,0,2072.88406891981,2086.91190843662,1200,14.0278395168091
77.0605148416656,1,wetting,360,1200,-0.00642098225747597,0.00642098225747597,0,2.31155361269135,0,2.31155361269135,0,2.31155361269135,2075.1956225325,0,2075.1956225325,0,0,0,2075.1956225325,0,2075.1956225325,2089.22346204931,1200,14.0278395168091
77.1605148416656,1,wetting,360,1200,-0.00641754812472538,0.00641754812472538,0,2.31031732490114,0,2.31031732490114,0,2.31031732490114,2077.5059398574,0,2077.5059398574,0,0,0,2077.5059398574,0,2077.5059398574,2091.53377937421,1200,14.0278395168091
77.2605148416656,1,wetting,360,1200,-0.00641467947337322,0.00641467947337322,0,2.30928461041436,0,2.30928461041436,0,2.30928461041436,2079.81522446782,0,2079.81522446782,0,0,0,2079.81522446782,0,2079.81522446782,2093.84306398463,1200,14.0278395168091
77.3605148416656,1,wetting,360,1200,-0.00641207097271859,0.00641207097271859,0,2.30834555017869,0,2.30834555017869,0,2.30834555017869,2082.123570018,0,2082.123570018,0,0,0,2082.123570018,0,2082.123570018,2096.1514095348,1200,14.0278395168091
77.4605148416656,1,wetting,360,1200,-0.00640958663023186,0.00640958663023186,0,2.30745118688347,0,2.30745118688347,0,2.30745118688347,2084.43102120488,0,2084.43102120488,0,0,0,2084.43102120488,0,2084.43102120488,2098.45886072169,1200,14.0278395168091
77.5605148416656,1,wetting,360,1200,-0.00640713974593087,0.00640713974593087,0,2.30657030853511,0,2.30657030853511,0,2.30657030853511,2086.73759151341,0,2086.73759151341,0,0,0,2086.73759151341,0,2086.73759151341,2100.76543103022,1200,14.0278395168091
77.6605148416656,1,wetting,360,1200,-0.00640466584176497,0.00640466584176497,0,2.30567970303539,0,2.30567970303539,0,2.30567970303539,2089.04327121645,0,2089.04327121645,0,0,0,2089.04327121645,0,2089.04327121645,2103.07111073326,1200,14.0278395168091
77.7605148416656,1,wetting,360,1200,-0.00640210886199775,0.00640210886199775,0,2.30475919031919,0,2.30475919031919,0,2.30475919031919,2091.34803040677,0,2091.34803040677,0,0,0,2091.34803040677,0,2091.34803040677,2105.37586992358,1200,14.0278395168091
77.8605148416656,1,wetting,360,1200,-0.006399410493259,0.006399410493259,0,2.30378777757324,0,2.30378777757324,0,2.30378777757324,2093.65181818434,0,2093.65181818434,0,0,0,2093.65181818434,0,2093.65181818434,2107.67965770115,1200,14.0278395168091
77.9605148416656,1,wetting,360,1200,-0.00639650462804571,0.00639650462804571,0,2.30274166609645,0,2.30274166609645,0,2.30274166609645,2095.95455985044,0,2095.95455985044,0,0,0,2095.95455985044,0,2095.95455985044,2109.98239936725,1200,14.0278395168091
78.0605148416656,1,wetting,360,1200,-0.0063933228726192,0.0063933228726192,0,2.30159623414291,0,2.30159623414291,0,2.30159623414291,2098.25615608458,0,2098.25615608458,0,0,0,2098.25615608458,0,2098.25615608458,2112.28399560139,1200,14.0278395168091
78.1605148416656,1,wetting,360,1200,-0.00638988417826624,0.00638988417826624,0,2.30035830417585,0,2.30035830417585,0,2.30035830417585,2100.55651438876,0,2100.55651438876,0,0,0,2100.55651438876,0,2100.55651438876,2114.58435390557,1200,14.0278395168091
78.2605148416656,1,wetting,360,1200,-0.00638626868643467,0.00638626868643467,0,2.29905672711648,0,2.29905672711648,0,2.29905672711648,2102.85557111587,0,2102.85557111587,0,0,0,2102.85557111587,0,2102.85557111587,2116.88341063268,1200,14.0278395168091
78.3605148416656,1,wetting,360,1200,-0.00638245649963475,0.00638245649963475,0,2.29768433986851,0,2.29768433986851,0,2.29768433986851,2105.15325545574,0,2105.15325545574,0,0,0,2105.15325545574,0,2105.15325545574,2119.18109497255,1200,14.0278395168091
78.4605148416656,1,wetting,360,1200,-0.00637855454911596,0.00637855454911596,0,2.29627963768174,0,2.29627963768174,0,2.29627963768174,2107.44953509342,0,2107.44953509342,0,0,0,2107.44953509342,0,2107.44953509342,2121.47737461023,1200,14.0278395168091
78.5605148416656,1,wetting,360,1200,-0.00637469238341882,0.00637469238341882,0,2.29488925803078,0,2.29488925803078,0,2.29488925803078,2109.74442435145,0,2109.74442435145,0,0,0,2109.74442435145,0,2109.74442435145,2123.77226386826,1200,14.0278395168091
78.6605148416656,1,wetting,360,1200,-0.00637082010719217,0.00637082010719217,0,2.29349523858918,0,2.29349523858918,0,2.29349523858918,2112.03791959004,0,2112.03791959004,0,0,0,2112.03791959004,0,2112.03791959004,2126.06575910685,1200,14.0278395168091
78.7605148416656,1,wetting,360,1200,-0.00636691165459896,0.00636691165459896,0,2.29208819565563,0,2.29208819565563,0,2.29208819565563,2114.3300077857,0,2114.3300077857,0,0,0,2114.3300077857,0,2114.3300077857,2128.35784730251,1200,14.0278395168091
78.8605148416656,1,wetting,360,1200,-0.00636292586288575,0.00636292586288575,0,2.29065331063887,0,2.29065331063887,0,2.29065331063887,2116.62066109634,0,2116.62066109634,0,0,0,2116.62066109634,0,2116.62066109634,2130.64850061315,1200,14.0278395168091
78.9605148416656,1,wetting,360,1200,-0.00635955849546828,0.00635955849546828,0,2.28944105836858,0,2.28944105836858,0,2.28944105836858,2118.91010215471,0,2118.91010215471,0,0,0,2118.91010215471,0,2118.91010215471,2132.93794167152,1200,14.0278395168091
79.0605148416656,1,wetting,360,1200,-0.00635651613150876,0.00635651613150876,0,2.28834580734315,0,2.28834580734315,0,2.28834580734315,2121.19844796205,0,2121.19844796205,0,0,0,2121.19844796205,0,2121.19844796205,2135.22628747886,1200,14.0278395168091
79.1605148416656,1,wetting,360,1200,-0.00635358146972388,0.00635358146972388,0,2.2872893291006,0,2.2872893291006,0,2.2872893291006,2123.48573729115,0,2123.48573729115,0,0,0,2123.48573729115,0,2123.48573729115,2137.51357680796,1200,14.0278395168091
79.2605148416656,1,wetting,360,1200,-0.00635074279537067,0.00635074279537067,0,2.28626740633344,0,2.28626740633344,0,2.28626740633344,2125.77200469748,0,2125.77200469748,0,0,0,2125.77200469748,0,2125.77200469748,2139.79984421429,1200,14.0278395168091
79.3605148416656,1,wetting,360,1200,-0.00634798466080611,0.00634798466080611,0,2.2852744778902,0,2.2852744778902,0,2.2852744778902,2128.05727917537,0,2128.05727917537,0,0,0,2128.05727917537,0,2128.05727917537,2142.08511869218,1200,14.0278395168091
79.4605148416656,1,wetting,360,1200,-0.00634541230394873,0.00634541230394873,0,2.28434842942154,0,2.28434842942154,0,2.28434842942154,2130.3416276048,0,2130.3416276048,0,0,0,2130.3416276048,0,2130.3416276048,2144.3694671216,1200,14.0278395168091
79.5605148416656,1,wetting,360,1200,-0.00634282482588169,0.00634282482588169,0,2.28341693731741,0,2.28341693731741,0,2.28341693731741,2132.62504454211,0,2132.62504454211,0,0,0,2132.62504454211,0,2132.62504454211,2146.65288405892,1200,14.0278395168091
79.6605148416656,1,wetting,360,1200,-0.00634026644658601,0.00634026644658601,0,2.28249592077096,0,2.28249592077096,0,2.28249592077096,2134.90754046288,0,2134.90754046288,0,0,0,2134.90754046288,0,2134.90754046288,2148.93537997969,1200,14.0278395168091
79.7605148416656,1,wetting,360,1200,-0.00633766148157559,0.00633766148157559,0,2.28155813336721,0,2.28155813336721,0,2.28155813336721,2137.18909859625,0,2137.18909859625,0,0,0,2137.18909859625,0,2137.18909859625,2151.21693811306,1200,14.0278395168091
79.8605148416656,1,wetting,360,1200,-0.00633495579352202,0.00633495579352202,0,2.28058408566793,0,2.28058408566793,0,2.28058408566793,2139.46968268192,0,2139.46968268192,0,0,0,2139.46968268192,0,2139.46968268192,2153.49752219873,1200,14.0278395168091
79.9605148416656,1,wetting,360,1200,-0.00633211063278223,0.00633211063278223,0,2.2795598278016,0,2.2795598278016,0,2.2795598278016,2141.74924250972,0,2141.74924250972,0,0,0,2141.74924250972,0,2141.74924250972,2155.77708202653,1200,14.0278395168091
80.0605148416656,1,wetting,360,1200,-0.00632904513841528,0.00632904513841528,0,2.2784562498295,0,2.2784562498295,0,2.2784562498295,2144.02769875955,0,2144.02769875955,0,0,0,2144.02769875955,0,2144.02769875955,2158.05553827636,1200,14.0278395168091
80.1605148416656,1,wetting,360,1200,-0.00632566921549218,0.00632566921549218,0,2.27724091757718,0,2.27724091757718,0,2.27724091757718,2146.30493967713,0,2146.30493967713,0,0,0,2146.30493967713,0,2146.30493967713,2160.33277919394,1200,14.0278395168091
80.2605148416656,1,wetting,360,1200,-0.00632190294344395,0.00632190294344395,0,2.27588505963982,0,2.27588505963982,0,2.27588505963982,2148.58082473677,0,2148.58082473677,0,0,0,2148.58082473677,0,2148.58082473677,2162.60866425358,1200,14.0278395168091
80.3605148416656,1,wetting,360,1200,-0.00631771602606015,0.00631771602606015,0,2.27437776938165,0,2.27437776938165,0,2.27437776938165,2150.85520250615,0,2150.85520250615,0,0,0,2150.85520250615,0,2150.85520250615,2164.88304202296,1200,14.0278395168091
80.4605148416656,1,wetting,360,1200,-0.00631318545784865,0.00631318545784865,0,2.27274676482551,0,2.27274676482551,0,2.27274676482551,2153.12794927097,0,2153.12794927097,0,0,0,2153.12794927097,0,2153.12794927097,2167.15578878778,1200,14.0278395168091
80.5605148416656,1,wetting,360,1200,-0.00630875568445588,0.00630875568445588,0,2.27115204640412,0,2.27115204640412,0,2.27115204640412,2155.39910131738,0,2155.39910131738,0,0,0,2155.39910131738,0,2155.39910131738,2169.42694083419,1200,14.0278395168091
80.6605148416656,1,wetting,360,1200,-0.0063056124105456,0.0063056124105456,0,2.27002046779642,0,2.27002046779642,0,2.27002046779642,2157.66912178517,0,2157.66912178517,0,0,0,2157.66912178517,0,2157.66912178517,2171.69696130198,1200,14.0278395168091
80.7605148416656,1,wetting,360,1200,-0.00630286876547814,0.00630286876547814,0,2.26903275557213,0,2.26903275557213,0,2.26903275557213,2159.93815454075,0,2159.93815454075,0,0,0,2159.93815454075,0,2159.93815454075,2173.96599405756,1200,14.0278395168091
80.8605148416656,1,wetting,360,1200,-0.00630029988809553,0.00630029988809553,0,2.26810795971439,0,2.26810795971439,0,2.26810795971439,2162.20626250046,0,2162.20626250046,0,0,0,2162.20626250046,0,2162.20626250046,2176.23410201727,1200,14.0278395168091
80.9605148416656,1,wetting,360,1200,-0.00629782345734521,0.00629782345734521,0,2.26721644464428,0,2.26721644464428,0,2.26721644464428,2164.47347894511,0,2164.47347894511,0,0,0,2164.47347894511,0,2164.47347894511,2178.50131846191,1200,14.0278395168091
81.0605148416656,1,wetting,360,1200,-0.00629534001939973,0.00629534001939973,0,2.2663224069839,0,2.2663224069839,0,2.2663224069839,2166.73980135209,0,2166.73980135209,0,0,0,2166.73980135209,0,2166.73980135209,2180.7676408689,1200,14.0278395168091
81.1605148416656,1,wetting,360,1200,-0.00629279318781998,0.00629279318781998,0,2.26540554761519,0,2.26540554761519,0,2.26540554761519,2169.0052068997,0,2169.0052068997,0,0,0,2169.0052068997,0,2169.0052068997,2183.03304641651,1200,14.0278395168091
81.2605148416656,1,wetting,360,1200,-0.00629025057140432,0.00629025057140432,0,2.26449020570555,0,2.26449020570555,0,2.26449020570555,2171.26969710541,0,2171.26969710541,0,0,0,2171.26969710541,0,2171.26969710541,2185.29753662222,1200,14.0278395168091
81.3605148416656,1,wetting,360,1200,-0.0062875838972975,0.0062875838972975,0,2.2635302030271,0,2.2635302030271,0,2.2635302030271,2173.53322730844,0,2173.53322730844,0,0,0,2173.53322730844,0,2173.53322730844,2187.56106682525,1200,14.0278395168091
81.4605148416656,1,wetting,360,1200,-0.00628476545951937,0.00628476545951937,0,2.26251556542697,0,2.26251556542697,0,2.26251556542697,2175.79574287386,0,2175.79574287386,0,0,0,2175.79574287386,0,2175.79574287386,2189.82358239067,1200,14.0278395168091
81.5605148416656,1,wetting,360,1200,-0.00628184194830161,0.00628184194830161,0,2.26146310138858,0,2.26146310138858,0,2.26146310138858,2178.05720597525,0,2178.05720597525,0,0,0,2178.05720597525,0,2178.05720597525,2192.08504549206,1200,14.0278395168091
81.6605148416656,1,wetting,360,1200,-0.00627880131859914,0.00627880131859914,0,2.26036847469569,0,2.26036847469569,0,2.26036847469569,2180.31757444995,0,2180.31757444995,0,0,0,2180.31757444995,0,2180.31757444995,2194.34541396676,1200,14.0278395168091
81.7605148416656,1,wetting,360,1200,-0.00627561538156311,0.00627561538156311,0,2.25922153736272,0,2.25922153736272,0,2.25922153736272,2182.57679598731,0,2182.57679598731,0,0,0,2182.57679598731,0,2182.57679598731,2196.60463550412,1200,14.0278395168091
81.8605148416656,1,wetting,360,1200,-0.00627261990868986,0.00627261990868986,0,2.25814316712835,0,2.25814316712835,0,2.25814316712835,2184.83493915444,0,2184.83493915444,0,0,0,2184.83493915444,0,2184.83493915444,2198.86277867125,1200,14.0278395168091
81.9605148416656,1,wetting,360,1200,-0.00626972246998678,0.00626972246998678,0,2.25710008919524,0,2.25710008919524,0,2.25710008919524,2187.09203924363,0,2187.09203924363,0,0,0,2187.09203924363,0,2187.09203924363,2201.11987876044,1200,14.0278395168091
82.0605148416656,1,wetting,360,1200,-0.00626678869448742,0.00626678869448742,0,2.25604393001547,0,2.25604393001547,0,2.25604393001547,2189.34808317365,0,2189.34808317365,0,0,0,2189.34808317365,0,2189.34808317365,2203.37592269046,1200,14.0278395168091
82.1605148416656,1,wetting,360,1200,-0.00626383395956,0.00626383395956,0,2.2549802254416,0,2.2549802254416,0,2.2549802254416,2191.60306339909,0,2191.60306339909,0,0,0,2191.60306339909,0,2191.60306339909,2205.6309029159,1200,14.0278395168091
82.2605148416656,1,wetting,360,1200,-0.00626088903361607,0.00626088903361607,0,2.25392005210179,0,2.25392005210179,0,2.25392005210179,2193.85698345119,0,2193.85698345119,0,0,0,2193.85698345119,0,2193.85698345119,2207.884822968,1200,14.0278395168091
82.3605148416656,1,wetting,360,1200,-0.00625799128783149,0.00625799128783149,0,2.25287686361934,0,2.25287686361934,0,2.25287686361934,2196.10986031481,0,2196.10986031481,0,0,0,2196.10986031481,0,2196.10986031481,2210.13769983162,1200,14.0278395168091
82.4605148416656,1,wetting,360,1200,-0.00625517013568657,0.00625517013568657,0,2.25186124884716,0,2.25186124884716,0,2.25186124884716,2198.36172156366,0,2198.36172156366,0,0,0,2198.36172156366,0,2198.36172156366,2212.38956108047,1200,14.0278395168091
82.5605148416656,1,wetting,360,1200,-0.00625243694459694,0.00625243694459694,0,2.2508773000549,0,2.2508773000549,0,2.2508773000549,2200.61259886371,0,2200.61259886371,0,0,0,2200.61259886371,0,2200.61259886371,2214.64043838052,1200,14.0278395168091
82.6605148416656,1,wetting,360,1200,-0.00624977838760823,0.00624977838760823,0,2.24992021953896,0,2.24992021953896,0,2.24992021953896,2202.86251908325,0,2202.86251908325,0,0,0,2202.86251908325,0,2202.86251908325,2216.89035860006,1200,14.0278395168091
82.7605148416656,1,wetting,360,1200,-0.0062471553763132,0.0062471553763132,0,2.24897593547275,0,2.24897593547275,0,2.24897593547275,2205.11149501873,0,2205.11149501873,0,0,0,2205.11149501873,0,2205.11149501873,2219.13933453554,1200,14.0278395168091
82.8605148416656,1,wetting,360,1200,-0.00624452042824143,0.00624452042824143,0,2.24802735416692,0,2.24802735416692,0,2.24802735416692,2207.35952237289,0,2207.35952237289,0,0,0,2207.35952237289,0,2207.35952237289,2221.3873618897,1200,14.0278395168091
82.9605148416656,1,wetting,360,1200,-0.00624181072860534,0.00624181072860534,0,2.24705186229792,0,2.24705186229792,0,2.24705186229792,2209.60657423519,0,2209.60657423519,0,0,0,2209.60657423519,0,2209.60657423519,2223.634413752,1200,14.0278395168091
83.0605148416656,1,wetting,360,1200,-0.00623894374195457,0.00623894374195457,0,2.24601974710365,0,2.24601974710365,0,2.24601974710365,2211.8525939823,0,2211.8525939823,0,0,0,2211.8525939823,0,2211.8525939823,2225.8804334991,1200,14.0278395168091
83.1605148416656,1,wetting,360,1200,-0.00623579761450922,0.00623579761450922,0,2.24488714122332,0,2.24488714122332,0,2.24488714122332,2214.09748112352,0,2214.09748112352,0,0,0,2214.09748112352,0,2214.09748112352,2228.12532064033,1200,14.0278395168091
83.2605148416656,1,wetting,360,1200,-0.00623225080107416,0.00623225080107416,0,2.2436102883867,0,2.2436102883867,0,2.2436102883867,2216.34109141191,0,2216.34109141191,0,0,0,2216.34109141191,0,2216.34109141191,2230.36893092871,1200,14.0278395168091
83.3605148416656,1,wetting,360,1200,-0.00622825460875082,0.00622825460875082,0,2.2421716591503,0,2.2421716591503,0,2.2421716591503,2218.58326307106,0,2218.58326307106,0,0,0,2218.58326307106,0,2218.58326307106,2232.61110258786,1200,14.0278395168091
83.4605148416656,1,wetting,360,1200,-0.00622375977435627,0.00622375977435627,0,2.24055351876826,0,2.24055351876826,0,2.24055351876826,2220.82381658982,0,2220.82381658982,0,0,0,2220.82381658982,0,2220.82381658982,2234.85165610663,1200,14.0278395168091
83.5605148416656,1,wetting,360,1200,-0.00621846446436348,0.00621846446436348,0,2.23864720717085,0,2.23864720717085,0,2.23864720717085,2223.06246379699,0,2223.06246379699,0,0,0,2223.06246379699,0,2223.06246379699,2237.0903033138,1200,14.0278395168091
83.6605148416656,1,wetting,360,1200,-0.00621336599680408,0.00621336599680408,0,2.23681175884947,0,2.23681175884947,0,2.23681175884947,2225.29927555584,0,2225.29927555584,0,0,0,2225.29927555584,0,2225.29927555584,2239.32711507265,1200,14.0278395168091
83.7605148416656,1,wetting,360,1200,-0.00620874675264584,0.00620874675264584,0,2.2351488309525,0,2.2351488309525,0,2.2351488309525,2227.5344243868,0,2227.5344243868,0,0,0,2227.5344243868,0,2227.5344243868,2241.56226390361,1200,14.0278395168091
83.8605148416656,1,wetting,360,1200,-0.00620548851865669,0.00620548851865669,0,2.23397586671641,0,2.23397586671641,0,2.23397586671641,2229.76840025351,0,2229.76840025351,0,0,0,2229.76840025351,0,2229.76840025351,2243.79623977032,1200,14.0278395168091
83.9605148416656,1,wetting,360,1200,-0.0062027039361806,0.0062027039361806,0,2.23297341702502,0,2.23297341702502,0,2.23297341702502,2232.00137367054,0,2232.00137367054,0,0,0,2232.00137367054,0,2232.00137367054,2246.02921318735,1200,14.0278395168091
84.0605148416656,1,wetting,360,1200,-0.00620005161404575,0.00620005161404575,0,2.23201858105647,0,2.23201858105647,0,2.23201858105647,2234.23339225159,0,2234.23339225159,0,0,0,2234.23339225159,0,2234.23339225159,2248.2612317684,1200,14.0278395168091
84.1605148416656,1,wetting,360,1200,-0.00619748259738252,0.00619748259738252,0,2.23109373505771,0,2.23109373505771,0,2.23109373505771,2236.46448598665,0,2236.46448598665,0,0,0,2236.46448598665,0,2236.46448598665,2250.49232550346,1200,14.0278395168091
84.2605148416656,1,wetting,360,1200,-0.00619498929140924,0.00619498929140924,0,2.23019614490733,0,2.23019614490733,0,2.23019614490733,2238.69468213156,0,2238.69468213156,0,0,0,2238.69468213156,0,2238.69468213156,2252.72252164837,1200,14.0278395168091
84.3605148416656,1,wetting,360,1200,-0.00619245235521508,0.00619245235521508,0,2.22928284787743,0,2.22928284787743,0,2.22928284787743,2240.92396497944,0,2240.92396497944,0,0,0,2240.92396497944,0,2240.92396497944,2254.95180449625,1200,14.0278395168091
84.4605148416656,1,wetting,360,1200,-0.00618984335361593,0.00618984335361593,0,2.22834360730174,0,2.22834360730174,0,2.22834360730174,2243.15230858674,0,2243.15230858674,0,0,0,2243.15230858674,0,2243.15230858674,2257.18014810355,1200,14.0278395168091
84.5605148416656,1,wetting,360,1200,-0.00618715383952169,0.00618715383952169,0,2.22737538222781,0,2.22737538222781,0,2.22737538222781,2245.37968396897,0,2245.37968396897,0,0,0,2245.37968396897,0,2245.37968396897,2259.40752348577,1200,14.0278395168091
84.6605148416656,1,wetting,360,1200,-0.00618435803607928,0.00618435803607928,0,2.22636889298854,0,2.22636889298854,0,2.22636889298854,2247.60605286195,0,2247.60605286195,0,0,0,2247.60605286195,0,2247.60605286195,2261.63389237876,1200,14.0278395168091
84.7605148416656,1,wetting,360,1200,-0.00618146517129478,0.00618146517129478,0,2.22532746166612,0,2.22532746166612,0,2.22532746166612,2249.83138032362,0,2249.83138032362,0,0,0,2249.83138032362,0,2249.83138032362,2263.85921984043,1200,14.0278395168091
84.8605148416656,1,wetting,360,1200,-0.00617842723286692,0.00617842723286692,0,2.22423380383209,0,2.22423380383209,0,2.22423380383209,2252.05561412745,0,2252.05561412745,0,0,0,2252.05561412745,0,2252.05561412745,2266.08345364426,1200,14.0278395168091
84.9605148416656,1,wetting,360,1200,-0.0061751981147836,0.0061751981147836,0,2.2230713213221,0,2.2230713213221,0,2.2230713213221,2254.27868544877,0,2254.27868544877,0,0,0,2254.27868544877,0,2254.27868544877,2268.30652496558,1200,14.0278395168091
85.0605148416656,1,wetting,360,1200,-0.00617173453796993,0.00617173453796993,0,2.22182443366917,0,2.22182443366917,0,2.22182443366917,2256.50050988244,0,2256.50050988244,0,0,0,2256.50050988244,0,2256.50050988244,2270.52834939925,1200,14.0278395168091
85.1605148416656,1,wetting,360,1200,-0.00616801145037936,0.00616801145037936,0,2.22048412213657,0,2.22048412213657,0,2.22048412213657,2258.72099400458,0,2258.72099400458,0,0,0,2258.72099400458,0,2258.72099400458,2272.74883352139,1200,14.0278395168091
85.2605148416656,1,wetting,360,1200,-0.00616401877539604,0.00616401877539604,0,2.21904675914257,0,2.21904675914257,0,2.21904675914257,2260.94004076372,0,2260.94004076372,0,0,0,2260.94004076372,0,2260.94004076372,2274.96788028053,1200,14.0278395168091
85.3605148416656,1,wetting,360,1200,-0.00615976690606972,0.00615976690606972,0,2.2175160861851,0,2.2175160861851,0,2.2175160861851,2263.15755684991,0,2263.15755684991,0,0,0,2263.15755684991,0,2263.15755684991,2277.18539636672,1200,14.0278395168091
85.4605148416656,1,wetting,360,1200,-0.00615542212345885,0.00615542212345885,0,2.21595196444519,0,2.21595196444519,0,2.21595196444519,2265.37350881435,0,2265.37350881435,0,0,0,2265.37350881435,0,2265.37350881435,2279.40134833116,1200,14.0278395168091
85.5605148416656,1,wetting,360,1200,-0.0061508117236621,0.0061508117236621,0,2.21429222051836,0,2.21429222051836,0,2.21429222051836,2267.58780103487,0,2267.58780103487,0,0,0,2267.58780103487,0,2267.58780103487,2281.61564055168,1200,14.0278395168091
85.6605148416656,1,wetting,360,1200,-0.00614689778328926,0.00614689778328926,0,2.21288320198413,0,2.21288320198413,0,2.21288320198413,2269.80068423686,0,2269.80068423686,0,0,0,2269.80068423686,0,2269.80068423686,2283.82852375366,1200,14.0278395168091
85.7605148416656,1,wetting,360,1200,-0.00614324588539836,0.00614324588539836,0,2.21156851874341,0,2.21156851874341,0,2.21156851874341,2272.0122527556,0,2272.0122527556,0,0,0,2272.0122527556,0,2272.0122527556,2286.04009227241,1200,14.0278395168091
85.8605148416656,1,wetting,360,1200,-0.0061395916045212,0.0061395916045212,0,2.21025297762763,0,2.21025297762763,0,2.21025297762763,2274.22250573323,0,2274.22250573323,0,0,0,2274.22250573323,0,2274.22250573323,2288.25034525004,1200,14.0278395168091
85.9605148416656,1,wetting,360,1200,-0.00613599795071999,0.00613599795071999,0,2.2089592622592,0,2.2089592622592,0,2.2089592622592,2276.43146499549,0,2276.43146499549,0,0,0,2276.43146499549,0,2276.43146499549,2290.45930451229,1200,14.0278395168091
86.0605148416656,1,wetting,360,1200,-0.00613248252874473,0.00613248252874473,0,2.2076937103481,0,2.2076937103481,0,2.2076937103481,2278.63915870583,0,2278.63915870583,0,0,0,2278.63915870583,0,2278.63915870583,2292.66699822264,1200,14.0278395168091
86.1605148416656,1,wetting,360,1200,-0.00612894613933419,0.00612894613933419,0,2.20642061016031,0,2.20642061016031,0,2.20642061016031,2280.84557931599,0,2280.84557931599,0,0,0,2280.84557931599,0,2280.84557931599,2294.8734188328,1200,14.0278395168091
86.2605148416656,1,wetting,360,1200,-0.00612540299421458,0.00612540299421458,0,2.20514507791725,0,2.20514507791725,0,2.20514507791725,2283.05072439391,0,2283.05072439391,0,0,0,2283.05072439391,0,2283.05072439391,2297.07856391072,1200,14.0278395168091
86.3605148416656,1,wetting,360,1200,-0.00612212014653265,0.00612212014653265,0,2.20396325275175,0,2.20396325275175,0,2.20396325275175,2285.25468764666,0,2285.25468764666,0,0,0,2285.25468764666,0,2285.25468764666,2299.28252716347,1200,14.0278395168091
86.4605148416656,1,wetting,360,1200,-0.00611878344427613,0.00611878344427613,0,2.20276203993941,0,2.20276203993941,0,2.20276203993941,2287.4574496866,0,2287.4574496866,0,0,0,2287.4574496866,0,2287.4574496866,2301.48528920341,1200,14.0278395168091
86.5605148416656,1,wetting,360,1200,-0.00611534818972054,0.00611534818972054,0,2.2015253482994,0,2.2015253482994,0,2.2015253482994,2289.6589750349,0,2289.6589750349,0,0,0,2289.6589750349,0,2289.6589750349,2303.68681455171,1200,14.0278395168091
86.6605148416656,1,wetting,360,1200,-0.00611182481877787,0.00611182481877787,0,2.20025693476003,0,2.20025693476003,0,2.20025693476003,2291.85923196966,0,2291.85923196966,0,0,0,2291.85923196966,0,2291.85923196966,2305.88707148647,1200,14.0278395168091
86.7605148416656,1,wetting,360,1200,-0.00610823963939023,0.00610823963939023,0,2.19896627018048,0,2.19896627018048,0,2.19896627018048,2294.05819823984,0,2294.05819823984,0,0,0,2294.05819823984,0,2294.05819823984,2308.08603775665,1200,14.0278395168091
86.8605148416656,1,wetting,360,1200,-0.00610461059703776,0.00610461059703776,0,2.19765981493359,0,2.19765981493359,0,2.19765981493359,2296.25585805478,0,2296.25585805478,0,0,0,2296.25585805478,0,2296.25585805478,2310.28369757158,1200,14.0278395168091
86.9605148416656,1,wetting,360,1200,-0.00610092602790189,0.00610092602790189,0,2.19633337004468,0,2.19633337004468,0,2.19633337004468,2298.45219142482,0,2298.45219142482,0,0,0,2298.45219142482,0,2298.45219142482,2312.48003094163,1200,14.0278395168091
87.0605148416656,1,wetting,360,1200,-0.00609711065754999,0.00609711065754999,0,2.194959836718,0,2.194959836718,0,2.194959836718,2300.64715126154,0,2300.64715126154,0,0,0,2300.64715126154,0,2300.64715126154,2314.67499077835,1200,14.0278395168091
87.1605148416656,1,wetting,360,1200,-0.00609311559420426,0.00609311559420426,0,2.19352161391353,0,2.19352161391353,0,2.19352161391353,2302.84067287545,0,2302.84067287545,0,0,0,2302.84067287545,0,2302.84067287545,2316.86851239226,1200,14.0278395168091
87.2605148416656,1,wetting,360,1200,-0.00608890854602551,0.00608890854602551,0,2.19200707656919,0,2.19200707656919,0,2.19200707656919,2305.03267995202,0,2305.03267995202,0,0,0,2305.03267995202,0,2305.03267995202,2319.06051946883,1200,14.0278395168091
87.3605148416656,1,wetting,360,1200,-0.00608467565589436,0.00608467565589436,0,2.19048323612197,0,2.19048323612197,0,2.19048323612197,2307.22316318814,0,2307.22316318814,0,0,0,2307.22316318814,0,2307.22316318814,2321.25100270495,1200,14.0278395168091
87.4605148416656,1,wetting,360,1200,-0.00608043286357908,0.00608043286357908,0,2.18895583088847,0,2.18895583088847,0,2.18895583088847,2309.41211901903,0,2309.41211901903,0,0,0,2309.41211901903,0,2309.41211901903,2323.43995853584,1200,14.0278395168091
87.5605148416656,1,wetting,360,1200,-0.00607645353006135,0.00607645353006135,0,2.18752327082209,0,2.18752327082209,0,2.18752327082209,2311.59964228985,0,2311.59964228985,0,0,0,2311.59964228985,0,2311.59964228985,2325.62748180666,1200,14.0278395168091
87.6605148416656,1,wetting,360,1200,-0.00607336082272188,0.00607336082272188,0,2.18640989617988,0,2.18640989617988,0,2.18640989617988,2313.78605218603,0,2313.78605218603,0,0,0,2313.78605218603,0,2313.78605218603,2327.81389170284,1200,14.0278395168091
87.7605148416656,1,wetting,360,1200,-0.00607058068305223,0.00607058068305223,0,2.1854090458988,0,2.1854090458988,0,2.1854090458988,2315.97146123193,0,2315.97146123193,0,0,0,2315.97146123193,0,2315.97146123193,2329.99930074874,1200,14.0278395168091
87.8605148416656,1,wetting,360,1200,-0.00606796358203765,0.00606796358203765,0,2.18446688953356,0,2.18446688953356,0,2.18446688953356,2318.15592812147,0,2318.15592812147,0,0,0,2318.15592812147,0,2318.15592812147,2332.18376763827,1200,14.0278395168091
87.9605148416656,1,wetting,360,1200,-0.00606531930761068,0.00606531930761068,0,2.18351495073985,0,2.18351495073985,0,2.18351495073985,2320.33944307221,0,2320.33944307221,0,0,0,2320.33944307221,0,2320.33944307221,2334.36728258901,1200,14.0278395168091
88.0605148416656,1,wetting,360,1200,-0.0060625877187638,0.0060625877187638,0,2.18253157875497,0,2.18253157875497,0,2.18253157875497,2322.52197465096,0,2322.52197465096,0,0,0,2322.52197465096,0,2322.52197465096,2336.54981416777,1200,14.0278395168091
88.1605148416656,1,wetting,360,1200,-0.00605972733860596,0.00605972733860596,0,2.18150184189815,0,2.18150184189815,0,2.18150184189815,2324.70347649286,0,2324.70347649286,0,0,0,2324.70347649286,0,2324.70347649286,2338.73131600967,1200,14.0278395168091
88.2605148416656,1,wetting,360,1200,-0.00605665865414003,0.00605665865414003,0,2.18039711549041,0,2.18039711549041,0,2.18039711549041,2326.88387360835,0,2326.88387360835,0,0,0,2326.88387360835,0,2326.88387360835,2340.91171312516,1200,14.0278395168091
88.3605148416656,1,wetting,360,1200,-0.00605335381533077,0.00605335381533077,0,2.17920737351908,0,2.17920737351908,0,2.17920737351908,2329.06308098187,0,2329.06308098187,0,0,0,2329.06308098187,0,2329.06308098187,2343.09092049868,1200,14.0278395168091
88.4605148416656,1,wetting,360,1200,-0.00604983328696809,0.00604983328696809,0,2.17793998330851,0,2.17793998330851,0,2.17793998330851,2331.24102096518,0,2331.24102096518,0,0,0,2331.24102096518,0,2331.24102096518,2345.26886048199,1200,14.0278395168091
88.5605148416656,1,wetting,360,1200,-0.00604618323477563,0.00604618323477563,0,2.17662596451923,0,2.17662596451923,0,2.17662596451923,2333.4176469297,0,2333.4176469297,0,0,0,2333.4176469297,0,2333.4176469297,2347.44548644651,1200,14.0278395168091
88.6605148416656,1,wetting,360,1200,-0.00604253029001594,0.00604253029001594,0,2.17531090440574,0,2.17531090440574,0,2.17531090440574,2335.5929578341,0,2335.5929578341,0,0,0,2335.5929578341,0,2335.5929578341,2349.62079735091,1200,14.0278395168091
88.7605148416656,1,wetting,360,1200,-0.00603899116219827,0.00603899116219827,0,2.17403681839138,0,2.17403681839138,0,2.17403681839138,2337.76699465249,0,2337.76699465249,0,0,0,2337.76699465249,0,2337.76699465249,2351.7948341693,1200,14.0278395168091
88.8605148416656,1,wetting,360,1200,-0.00603568314241712,0.00603568314241712,0,2.17284593127016,0,2.17284593127016,0,2.17284593127016,2339.93984058376,0,2339.93984058376,0,0,0,2339.93984058376,0,2339.93984058376,2353.96768010057,1200,14.0278395168091
88.9605148416656,1,wetting,360,1200,-0.00603262203373112,0.00603262203373112,0,2.1717439321432,0,2.1717439321432,0,2.1717439321432,2342.11158451591,0,2342.11158451591,0,0,0,2342.11158451591,0,2342.11158451591,2356.13942403272,1200,14.0278395168091
89.0605148416656,1,wetting,360,1200,-0.00602973627679165,0.00602973627679165,0,2.17070505964499,0,2.17070505964499,0,2.17070505964499,2344.28228957555,0,2344.28228957555,0,0,0,2344.28228957555,0,2344.28228957555,2358.31012909236,1200,14.0278395168091
89.1605148416656,1,wetting,360,1200,-0.00602727693772654,0.00602727693772654,0,2.16981969758156,0,2.16981969758156,0,2.16981969758156,2346.45210927313,0,2346.45210927313,0,0,0,2346.45210927313,0,2346.45210927313,2360.47994878994,1200,14.0278395168091
89.2605148416656,1,wetting,360,1200,-0.00602494012553432,0.00602494012553432,0,2.16897844519235,0,2.16897844519235,0,2.16897844519235,2348.62108771833,0,2348.62108771833,0,0,0,2348.62108771833,0,2348.62108771833,2362.64892723514,1200,14.0278395168091
89.3605148416656,1,wetting,360,1200,-0.00602260266772764,0.00602260266772764,0,2.16813696038195,0,2.16813696038195,0,2.16813696038195,2350.78922467871,0,2350.78922467871,0,0,0,2350.78922467871,0,2350.78922467871,2364.81706419552,1200,14.0278395168091
89.4605148416656,1,wetting,360,1200,-0.00602023505596819,0.00602023505596819,0,2.16728462014855,0,2.16728462014855,0,2.16728462014855,2352.95650929886,0,2352.95650929886,0,0,0,2352.95650929886,0,2352.95650929886,2366.98434881567,1200,14.0278395168091
89.5605148416656,1,wetting,360,1200,-0.00601780733929037,0.00601780733929037,0,2.16641064214453,0,2.16641064214453,0,2.16641064214453,2355.122919941,0,2355.122919941,0,0,0,2355.122919941,0,2355.122919941,2369.15075945781,1200,14.0278395168091
89.6605148416656,1,wetting,360,1200,-0.00601527452757708,0.00601527452757708,0,2.16549882992775,0,2.16549882992775,0,2.16549882992775,2357.28841877093,0,2357.28841877093,0,0,0,2357.28841877093,0,2357.28841877093,2371.31625828774,1200,14.0278395168091
89.7605148416656,1,wetting,360,1200,-0.00601259091255934,0.00601259091255934,0,2.16453272852136,0,2.16453272852136,0,2.16453272852136,2359.45295149945,0,2359.45295149945,0,0,0,2359.45295149945,0,2359.45295149945,2373.48079101626,1200,14.0278395168091
89.8605148416656,1,wetting,360,1200,-0.00600969602652491,0.00600969602652491,0,2.16349056954897,0,2.16349056954897,0,2.16349056954897,2361.616442069,0,2361.616442069,0,0,0,2361.616442069,0,2361.616442069,2375.64428158581,1200,14.0278395168091
89.9605148416656,1,wetting,360,1200,-0.00600653711295009,0.00600653711295009,0,2.16235336066203,0,2.16235336066203,0,2.16235336066203,2363.77879542966,0,2363.77879542966,0,0,0,2363.77879542966,0,2363.77879542966,2377.80663494647,1200,14.0278395168091
90.0605148416656,1,wetting,360,1200,-0.00600305741110612,0.00600305741110612,0,2.1611006679982,0,2.1611006679982,0,2.1611006679982,2365.93989609766,0,2365.93989609766,0,0,0,2365.93989609766,0,2365.93989609766,2379.96773561447,1200,14.0278395168091
90.1605148416656,1,wetting,360,1200,-0.00599916795934942,0.00599916795934942,0,2.15970046536579,0,2.15970046536579,0,2.15970046536579,2368.09959656303,0,2368.09959656303,0,0,0,2368.09959656303,0,2368.09959656303,2382.12743607983,1200,14.0278395168091
90.2605148416656,1,wetting,360,1200,-0.00599478047627611,0.00599478047627611,0,2.1581209714594,0,2.1581209714594,0,2.1581209714594,2370.25771753449,0,2370.25771753449,0,0,0,2370.25771753449,0,2370.25771753449,2384.28555705129,1200,14.0278395168091
90.3605148416656,1,wetting,360,1200,-0.00598977760468968,0.00598977760468968,0,2.15631993768828,0,2.15631993768828,0,2.15631993768828,2372.41403747217,0,2372.41403747217,0,0,0,2372.41403747217,0,2372.41403747217,2386.44187698898,1200,14.0278395168091
90.4605148416656,1,wetting,360,1200,-0.00598410247783396,0.00598410247783396,0,2.15427689202023,0,2.15427689202023,0,2.15427689202023,2374.56831436419,0,2374.56831436419,0,0,0,2374.56831436419,0,2374.56831436419,2388.596153881,1200,14.0278395168091
90.5605148416656,1,wetting,360,1200,-0.00597792543232192,0.00597792543232192,0,2.15205315563589,0,2.15205315563589,0,2.15205315563589,2376.72036751983,0,2376.72036751983,0,0,0,2376.72036751983,0,2376.72036751983,2390.74820703664,1200,14.0278395168091
90.6605148416656,1,wetting,360,1200,-0.0059720088207758,0.0059720088207758,0,2.14992317547929,0,2.14992317547929,0,2.14992317547929,2378.87029069531,0,2378.87029069531,0,0,0,2378.87029069531,0,2378.87029069531,2392.89813021212,1200,14.0278395168091
90.7605148416656,1,wetting,360,1200,-0.0059662578451253,0.0059662578451253,0,2.14785282424511,0,2.14785282424511,0,2.14785282424511,2381.01814351955,0,2381.01814351955,0,0,0,2381.01814351955,0,2381.01814351955,2395.04598303636,1200,14.0278395168091
90.8605148416656,1,wetting,360,1200,-0.00596064178969821,0.00596064178969821,0,2.14583104429135,0,2.14583104429135,0,2.14583104429135,2383.16397456385,0,2383.16397456385,0,0,0,2383.16397456385,0,2383.16397456385,2397.19181408065,1200,14.0278395168091
90.9605148416656,1,wetting,360,1200,-0.005955755794743,0.005955755794743,0,2.14407208610748,0,2.14407208610748,0,2.14407208610748,2385.30804664995,0,2385.30804664995,0,0,0,2385.30804664995,0,2385.30804664995,2399.33588616676,1200,14.0278395168091
91.0605148416656,1,wetting,360,1200,-0.00595199333706262,0.00595199333706262,0,2.14271760134254,0,2.14271760134254,0,2.14271760134254,2387.4507642513,0,2387.4507642513,0,0,0,2387.4507642513,0,2387.4507642513,2401.4786037681,1200,14.0278395168091
91.1605148416656,1,wetting,360,1200,-0.00594847732454028,0.00594847732454028,0,2.1414518368345,0,2.1414518368345,0,2.1414518368345,2389.59221608813,0,2389.59221608813,0,0,0,2389.59221608813,0,2389.59221608813,2403.62005560494,1200,14.0278395168091
91.2605148416656,1,wetting,360,1200,-0.00594510535244528,0.00594510535244528,0,2.1402379268803,0,2.1402379268803,0,2.1402379268803,2391.73245401501,0,2391.73245401501,0,0,0,2391.73245401501,0,2391.73245401501,2405.76029353182,1200,14.0278395168091
91.3605148416656,1,wetting,360,1200,-0.00594182232215408,0.00594182232215408,0,2.13905603597547,0,2.13905603597547,0,2.13905603597547,2393.87151005099,0,2393.87151005099,0,0,0,2393.87151005099,0,2393.87151005099,2407.89934956779,1200,14.0278395168091
91.4605148416656,1,wetting,360,1200,-0.00593863500738879,0.00593863500738879,0,2.13790860265996,0,2.13790860265996,0,2.13790860265996,2396.00941865365,0,2396.00941865365,0,0,0,2396.00941865365,0,2396.00941865365,2410.03725817045,1200,14.0278395168091
91.5605148416656,1,wetting,360,1200,-0.00593548247023305,0.00593548247023305,0,2.1367736892839,0,2.1367736892839,0,2.1367736892839,2398.14619234293,0,2398.14619234293,0,0,0,2398.14619234293,0,2398.14619234293,2412.17403185974,1200,14.0278395168091
91.6605148416656,1,wetting,360,1200,-0.00593228175631504,0.00593228175631504,0,2.13562143227341,0,2.13562143227341,0,2.13562143227341,2400.2818137752,0,2400.2818137752,0,0,0,2400.2818137752,0,2400.2818137752,2414.30965329201,1200,14.0278395168091
91.7605148416656,1,wetting,360,1200,-0.00592894860019252,0.00592894860019252,0,2.13442149606931,0,2.13442149606931,0,2.13442149606931,2402.41623527127,0,2402.41623527127,0,0,0,2402.41623527127,0,2402.41623527127,2416.44407478808,1200,14.0278395168091
91.8605148416656,1,wetting,360,1200,-0.00592540749046036,0.00592540749046036,0,2.13314669656573,0,2.13314669656573,0,2.13314669656573,2404.54938196784,0,2404.54938196784,0,0,0,2404.54938196784,0,2404.54938196784,2418.57722148465,1200,14.0278395168091
91.9605148416656,1,wetting,360,1200,-0.00592194657500448,0.00592194657500448,0,2.13190076700161,0,2.13190076700161,0,2.13190076700161,2406.68128273484,0,2406.68128273484,0,0,0,2406.68128273484,0,2406.68128273484,2420.70912225165,1200,14.0278395168091
92.0605148416656,1,wetting,360,1200,-0.00591832240365105,0.00591832240365105,0,2.13059606531438,0,2.13059606531438,0,2.13059606531438,2408.81187880015,0,2408.81187880015,0,0,0,2408.81187880015,0,2408.81187880015,2422.83971831696,1200,14.0278395168091
92.1605148416656,1,wetting,360,1200,-0.00591453739884447,0.00591453739884447,0,2.12923346358401,0,2.12923346358401,0,2.12923346358401,2410.94111226374,0,2410.94111226374,0,0,0,2410.94111226374,0,2410.94111226374,2424.96895178055,1200,14.0278395168091
92.2605148416656,1,wetting,360,1200,-0.00591075416572659,0.00591075416572659,0,2.12787149966157,0,2.12787149966157,0,2.12787149966157,2413.0689837634,0,2413.0689837634,0,0,0,2413.0689837634,0,2413.0689837634,2427.09682328021,1200,14.0278395168091
92.3605148416656,1,wetting,360,1200,-0.00590706381123565,0.00590706381123565,0,2.12654297204483,0,2.12654297204483,0,2.12654297204483,2415.19552673544,0,2415.19552673544,0,0,0,2415.19552673544,0,2415.19552673544,2429.22336625225,1200,14.0278395168091
92.4605148416656,1,wetting,360,1200,-0.00590354948921532,0.00590354948921532,0,2.12527781611751,0,2.12527781611751,0,2.12527781611751,2417.32080455156,0,2417.32080455156,0,0,0,2417.32080455156,0,2417.32080455156,2431.34864406837,1200,14.0278395168091
92.5605148416656,1,wetting,360,1200,-0.00590054495337167,0.00590054495337167,0,2.1241961832138,0,2.1241961832138,0,2.1241961832138,2419.44500073478,0,2419.44500073478,0,0,0,2419.44500073478,0,2419.44500073478,2433.47284025158,1200,14.0278395168091
92.6605148416656,1,wetting,360,1200,-0.0058978746878639,0.0058978746878639,0,2.123234887631,0,2.123234887631,0,2.123234887631,2421.56823562241,0,2421.56823562241,0,0,0,2421.56823562241,0,2421.56823562241,2435.59607513922,1200,14.0278395168091
92.7605148416656,1,wetting,360,1200,-0.00589530454378562,0.00589530454378562,0,2.12230963576282,0,2.12230963576282,0,2.12230963576282,2423.69054525817,0,2423.69054525817,0,0,0,2423.69054525817,0,2423.69054525817,2437.71838477498,1200,14.0278395168091
92.8605148416656,1,wetting,360,1200,-0.00589286618957058,0.00589286618957058,0,2.12143182824541,0,2.12143182824541,0,2.12143182824541,2425.81197708642,0,2425.81197708642,0,0,0,2425.81197708642,0,2425.81197708642,2439.83981660322,1200,14.0278395168091
92.9605148416656,1,wetting,360,1200,-0.00589046168484052,0.00589046168484052,0,2.12056620654259,0,2.12056620654259,0,2.12056620654259,2427.93254329296,0,2427.93254329296,0,0,0,2427.93254329296,0,2427.93254329296,2441.96038280977,1200,14.0278395168091
93.0605148416656,1,wetting,360,1200,-0.00588803621655051,0.00588803621655051,0,2.11969303795818,0,2.11969303795818,0,2.11969303795818,2430.05223633092,0,2430.05223633092,0,0,0,2430.05223633092,0,2430.05223633092,2444.08007584773,1200,14.0278395168091
93.1605148416656,1,wetting,360,1200,-0.00588557081477434,0.00588557081477434,0,2.11880549331876,0,2.11880549331876,0,2.11880549331876,2432.17104182424,0,2432.17104182424,0,0,0,2432.17104182424,0,2432.17104182424,2446.19888134104,1200,14.0278395168091
93.2605148416656,1,wetting,360,1200,-0.00588300785341876,0.00588300785341876,0,2.11788282723075,0,2.11788282723075,0,2.11788282723075,2434.28892465147,0,2434.28892465147,0,0,0,2434.28892465147,0,2434.28892465147,2448.31676416827,1200,14.0278395168091
93.3605148416656,1,wetting,360,1200,-0.0058803813744667,0.0058803813744667,0,2.11693729480801,0,2.11693729480801,0,2.11693729480801,2436.40586194627,0,2436.40586194627,0,0,0,2436.40586194627,0,2436.40586194627,2450.43370146308,1200,14.0278395168091
93.4605148416656,1,wetting,360,1200,-0.00587763917358651,0.00587763917358651,0,2.11595010249114,0,2.11595010249114,0,2.11595010249114,2438.52181204877,0,2438.52181204877,0,0,0,2438.52181204877,0,2438.52181204877,2452.54965156557,1200,14.0278395168091
93.5605148416656,1,wetting,360,1200,-0.00587473968751628,0.00587473968751628,0,2.11490628750586,0,2.11490628750586,0,2.11490628750586,2440.63671833627,0,2440.63671833627,0,0,0,2440.63671833627,0,2440.63671833627,2454.66455785308,1200,14.0278395168091
93.6605148416656,1,wetting,360,1200,-0.00587162971604509,0.00587162971604509,0,2.11378669777623,0,2.11378669777623,0,2.11378669777623,2442.75050503405,0,2442.75050503405,0,0,0,2442.75050503405,0,2442.75050503405,2456.77834455086,1200,14.0278395168091
93.7605148416656,1,wetting,360,1200,-0.00586825888486889,0.00586825888486889,0,2.1125731985528,0,2.1125731985528,0,2.1125731985528,2444.8630782326,0,2444.8630782326,0,0,0,2444.8630782326,0,2444.8630782326,2458.89091774941,1200,14.0278395168091
93.8605148416656,1,wetting,360,1200,-0.00586460932005765,0.00586460932005765,0,2.11125935522075,0,2.11125935522075,0,2.11125935522075,2446.97433758782,0,2446.97433758782,0,0,0,2446.97433758782,0,2446.97433758782,2461.00217710463,1200,14.0278395168091
93.9605148416656,1,wetting,360,1200,-0.00586068897248875,0.00586068897248875,0,2.10984803009595,0,2.10984803009595,0,2.10984803009595,2449.08418561792,0,2449.08418561792,0,0,0,2449.08418561792,0,2449.08418561792,2463.11202513473,1200,14.0278395168091
94.0605148416656,1,wetting,360,1200,-0.00585650764953605,0.00585650764953605,0,2.10834275383298,0,2.10834275383298,0,2.10834275383298,2451.19252837175,0,2451.19252837175,0,0,0,2451.19252837175,0,2451.19252837175,2465.22036788856,1200,14.0278395168091
94.1605148416656,1,wetting,360,1200,-0.00585221480864443,0.00585221480864443,0,2.10679733111199,0,2.10679733111199,0,2.10679733111199,2453.29932570286,0,2453.29932570286,0,0,0,2453.29932570286,0,2453.29932570286,2467.32716521967,1200,14.0278395168091
94.2605148416656,1,wetting,360,1200,-0.00584844236606493,0.00584844236606493,0,2.10543925178337,0,2.10543925178337,0,2.10543925178337,2455.40476495465,0,2455.40476495465,0,0,0,2455.40476495465,0,2455.40476495465,2469.43260447145,1200,14.0278395168091
94.3605148416656,1,wetting,360,1200,-0.0058449726043776,0.0058449726043776,0,2.10419013757594,0,2.10419013757594,0,2.10419013757594,2457.50895509222,0,2457.50895509222,0,0,0,2457.50895509222,0,2457.50895509222,2471.53679460903,1200,14.0278395168091
94.4605148416656,1,wetting,360,1200,-0.00584168121733439,0.00584168121733439,0,2.10300523824038,0,2.10300523824038,0,2.10300523824038,2459.61196033046,0,2459.61196033046,0,0,0,2459.61196033046,0,2459.61196033046,2473.63979984727,1200,14.0278395168091
94.5605148416656,1,wetting,360,1200,-0.00583855038900889,0.00583855038900889,0,2.1018781400432,0,2.1018781400432,0,2.1018781400432,2461.7138384705,0,2461.7138384705,0,0,0,2461.7138384705,0,2461.7138384705,2475.74167798731,1200,14.0278395168091
94.6605148416656,1,wetting,360,1200,-0.00583568153758144,0.00583568153758144,0,2.10084535352932,0,2.10084535352932,0,2.10084535352932,2463.81468382403,0,2463.81468382403,0,0,0,2463.81468382403,0,2463.81468382403,2477.84252334084,1200,14.0278395168091
94.7605148416656,1,wetting,360,1200,-0.00583291689065998,0.00583291689065998,0,2.09985008063759,0,2.09985008063759,0,2.09985008063759,2465.91453390467,0,2465.91453390467,0,0,0,2465.91453390467,0,2465.91453390467,2479.94237342148,1200,14.0278395168091
94.8605148416656,1,wetting,360,1200,-0.00583021064663675,0.00583021064663675,0,2.09887583278923,0,2.09887583278923,0,2.09887583278923,2468.01340973746,0,2468.01340973746,0,0,0,2468.01340973746,0,2468.01340973746,2482.04124925427,1200,14.0278395168091
94.9605148416656,1,wetting,360,1200,-0.005827522737514,0.005827522737514,0,2.09790818550504,0,2.09790818550504,0,2.09790818550504,2470.11131792297,0,2470.11131792297,0,0,0,2470.11131792297,0,2470.11131792297,2484.13915743977,1200,14.0278395168091
95.0605148416656,1,wetting,360,1200,-0.00582481843326305,0.00582481843326305,0,2.0969346359747,0,2.0969346359747,0,2.0969346359747,2472.20825255894,0,2472.20825255894,0,0,0,2472.20825255894,0,2472.20825255894,2486.23609207575,1200,14.0278395168091
95.1605148416656,1,wetting,360,1200,-0.00582206185711144,0.00582206185711144,0,2.09594226856012,0,2.09594226856012,0,2.09594226856012,2474.3041948275,0,2474.3041948275,0,0,0,2474.3041948275,0,2474.3041948275,2488.33203434431,1200,14.0278395168091
95.2605148416656,1,wetting,360,1200,-0.00581921153379045,0.00581921153379045,0,2.09491615216456,0,2.09491615216456,0,2.09491615216456,2476.39911097966,0,2476.39911097966,0,0,0,2476.39911097966,0,2476.39911097966,2490.42695049647,1200,14.0278395168091
95.3605148416656,1,wetting,360,1200,-0.00581621394853718,0.00581621394853718,0,2.09383702147339,0,2.09383702147339,0,2.09383702147339,2478.49294800114,0,2478.49294800114,0,0,0,2478.49294800114,0,2478.49294800114,2492.52078751795,1200,14.0278395168091
95.4605148416656,1,wetting,360,1200,-0.00581296766366643,0.00581296766366643,0,2.09266835891991,0,2.09266835891991,0,2.09266835891991,2480.58561636006,0,2480.58561636006,0,0,0,2480.58561636006,0,2480.58561636006,2494.61345587687,1200,14.0278395168091
95.5605148416656,1,wetting,360,1200,-0.00580972377933517,0.00580972377933517,0,2.09150056056066,0,2.09150056056066,0,2.09150056056066,2482.67711692062,0,2482.67711692062,0,0,0,2482.67711692062,0,2482.67711692062,2496.70495643743,1200,14.0278395168091
95.6605148416656,1,wetting,360,1200,-0.00580626241875991,0.00580626241875991,0,2.09025447075357,0,2.09025447075357,0,2.09025447075357,2484.76737139137,0,2484.76737139137,0,0,0,2484.76737139137,0,2484.76737139137,2498.79521090818,1200,14.0278395168091
95.7605148416656,1,wetting,360,1200,-0.00580247412780363,0.00580247412780363,0,2.08889068600931,0,2.08889068600931,0,2.08889068600931,2486.85626207738,0,2486.85626207738,0,0,0,2486.85626207738,0,2486.85626207738,2500.88410159419,1200,14.0278395168091
95.8605148416656,1,wetting,360,1200,-0.00579837446087679,0.00579837446087679,0,2.08741480591565,0,2.08741480591565,0,2.08741480591565,2488.9436768833,0,2488.9436768833,0,0,0,2488.9436768833,0,2488.9436768833,2502.97151640011,1200,14.0278395168091
95.9605148416656,1,wetting,360,1200,-0.00579383548536077,0.00579383548536077,0,2.08578077472988,0,2.08578077472988,0,2.08578077472988,2491.02945765803,0,2491.02945765803,0,0,0,2491.02945765803,0,2491.02945765803,2505.05729717484,1200,14.0278395168091
96.0605148416656,1,wetting,360,1200,-0.00578884377424583,0.00578884377424583,0,2.0839837587285,0,2.0839837587285,0,2.0839837587285,2493.11344141676,0,2493.11344141676,0,0,0,2493.11344141676,0,2493.11344141676,2507.14128093356,1200,14.0278395168091
96.1605148416656,1,wetting,360,1200,-0.00578359162675288,0.00578359162675288,0,2.08209298563104,0,2.08209298563104,0,2.08209298563104,2495.19553440239,0,2495.19553440239,0,0,0,2495.19553440239,0,2495.19553440239,2509.2233739192,1200,14.0278395168091
96.2605148416656,1,wetting,360,1200,-0.00577831222692977,0.00577831222692977,0,2.08019240169472,0,2.08019240169472,0,2.08019240169472,2497.27572680408,0,2497.27572680408,0,0,0,2497.27572680408,0,2497.27572680408,2511.30356632089,1200,14.0278395168091
96.3605148416656,1,wetting,360,1200,-0.00577279233297524,0.00577279233297524,0,2.07820523987109,0,2.07820523987109,0,2.07820523987109,2499.35393204395,0,2499.35393204395,0,0,0,2499.35393204395,0,2499.35393204395,2513.38177156076,1200,14.0278395168091
96.4605148416656,1,wetting,360,1200,-0.00576766049526164,0.00576766049526164,0,2.07635777829419,0,2.07635777829419,0,2.07635777829419,2501.43028982225,0,2501.43028982225,0,0,0,2501.43028982225,0,2501.43028982225,2515.45812933906,1200,14.0278395168091
96.5605148416656,1,wetting,360,1200,-0.00576318262205322,0.00576318262205322,0,2.07474574393916,0,2.07474574393916,0,2.07474574393916,2503.50503556619,0,2503.50503556619,0,0,0,2503.50503556619,0,2503.50503556619,2517.53287508299,1200,14.0278395168091
96.6605148416656,1,wetting,360,1200,-0.00575897334264686,0.00575897334264686,0,2.07323040335287,0,2.07323040335287,0,2.07323040335287,2505.57826596954,0,2505.57826596954,0,0,0,2505.57826596954,0,2505.57826596954,2519.60610548635,1200,14.0278395168091
96.7605148416656,1,wetting,360,1200,-0.00575582957815608,0.00575582957815608,0,2.07209864813619,0,2.07209864813619,0,2.07209864813619,2507.65036461767,0,2507.65036461767,0,0,0,2507.65036461767,0,2507.65036461767,2521.67820413448,1200,14.0278395168091
96.8605148416656,1,wetting,360,1200,-0.00575307945035221,0.00575307945035221,0,2.07110860212679,0,2.07110860212679,0,2.07110860212679,2509.7214732198,0,2509.7214732198,0,0,0,2509.7214732198,0,2509.7214732198,2523.74931273661,1200,14.0278395168091
96.9605148416656,1,wetting,360,1200,-0.0057504820125101,0.0057504820125101,0,2.07017352450364,0,2.07017352450364,0,2.07017352450364,2511.79164674431,0,2511.79164674431,0,0,0,2511.79164674431,0,2511.79164674431,2525.81948626111,1200,14.0278395168091
97.0605148416656,1,wetting,360,1200,-0.00574795840205279,0.00574795840205279,0,2.069265024739,0,2.069265024739,0,2.069265024739,2513.86091176904,0,2513.86091176904,0,0,0,2513.86091176904,0,2513.86091176904,2527.88875128585,1200,14.0278395168091
97.1605148416656,1,wetting,360,1200,-0.0057454769795322,0.0057454769795322,0,2.06837171263159,0,2.06837171263159,0,2.06837171263159,2515.92928348168,0,2515.92928348168,0,0,0,2515.92928348168,0,2515.92928348168,2529.95712299848,1200,14.0278395168091
97.2605148416656,1,wetting,360,1200,-0.00574297723076378,0.00574297723076378,0,2.06747180307496,0,2.06747180307496,0,2.06747180307496,2517.99675528475,0,2517.99675528475,0,0,0,2517.99675528475,0,2517.99675528475,2532.02459480156,1200,14.0278395168091
97.3605148416656,1,wetting,360,1200,-0.00574048165097795,0.00574048165097795,0,2.06657339435206,0,2.06657339435206,0,2.06657339435206,2520.0633286791,0,2520.0633286791,0,0,0,2520.0633286791,0,2520.0633286791,2534.09116819591,1200,14.0278395168091
97.4605148416656,1,wetting,360,1200,-0.00573799432741562,0.00573799432741562,0,2.06567795786962,0,2.06567795786962,0,2.06567795786962,2522.12900663697,0,2522.12900663697,0,0,0,2522.12900663697,0,2522.12900663697,2536.15684615378,1200,14.0278395168091
97.5605148416656,1,wetting,360,1200,-0.00573552564690044,0.00573552564690044,0,2.06478923288416,0,2.06478923288416,0,2.06478923288416,2524.19379586986,0,2524.19379586986,0,0,0,2524.19379586986,0,2524.19379586986,2538.22163538667,1200,14.0278395168091
97.6605148416656,1,wetting,360,1200,-0.00573308630154175,0.00573308630154175,0,2.06391106855503,0,2.06391106855503,0,2.06391106855503,2526.25770693841,0,2526.25770693841,0,0,0,2526.25770693841,0,2526.25770693841,2540.28554645522,1200,14.0278395168091
97.7605148416656,1,wetting,360,1200,-0.00573065990011435,0.00573065990011435,0,2.06303756404117,0,2.06303756404117,0,2.06303756404117,2528.32074450245,0,2528.32074450245,0,0,0,2528.32074450245,0,2528.32074450245,2542.34858401926,1200,14.0278395168091
97.8605148416656,1,wetting,360,1200,-0.00572823558080739,0.00572823558080739,0,2.06216480909066,0,2.06216480909066,0,2.06216480909066,2530.38290931154,0,2530.38290931154,0,0,0,2530.38290931154,0,2530.38290931154,2544.41074882835,1200,14.0278395168091
97.9605148416656,1,wetting,360,1200,-0.00572579735546691,0.00572579735546691,0,2.06128704796809,0,2.06128704796809,0,2.06128704796809,2532.44419635951,0,2532.44419635951,0,0,0,2532.44419635951,0,2532.44419635951,2546.47203587632,1200,14.0278395168091
98.0605148416656,1,wetting,360,1200,-0.00572333482627944,0.00572333482627944,0,2.0604005374606,0,2.0604005374606,0,2.0604005374606,2534.50459689697,0,2534.50459689697,0,0,0,2534.50459689697,0,2534.50459689697,2548.53243641378,1200,14.0278395168091
98.1605148416656,1,wetting,360,1200,-0.00572082777665492,0.00572082777665492,0,2.05949799959577,0,2.05949799959577,0,2.05949799959577,2536.56409489657,0,2536.56409489657,0,0,0,2536.56409489657,0,2536.56409489657,2550.59193441338,1200,14.0278395168091
98.2605148416656,1,wetting,360,1200,-0.00571827456515315,0.00571827456515315,0,2.05857884345514,0,2.05857884345514,0,2.05857884345514,2538.62267374002,0,2538.62267374002,0,0,0,2538.62267374002,0,2538.62267374002,2552.65051325683,1200,14.0278395168091
98.3605148416656,1,wetting,360,1200,-0.00571562040734807,0.00571562040734807,0,2.05762334664531,0,2.05762334664531,0,2.05762334664531,2540.68029708667,0,2540.68029708667,0,0,0,2540.68029708667,0,2540.68029708667,2554.70813660348,1200,14.0278395168091
98.4605148416656,1,wetting,360,1200,-0.00571282205434472,0.00571282205434472,0,2.0566159395641,0,2.0566159395641,0,2.0566159395641,2542.73691302623,0,2542.73691302623,0,0,0,2542.73691302623,0,2542.73691302623,2556.76475254304,1200,14.0278395168091
98.5605148416656,1,wetting,360,1200,-0.00570982644529676,0.00570982644529676,0,2.05553752030683,0,2.05553752030683,0,2.05553752030683,2544.79245054654,0,2544.79245054654,0,0,0,2544.79245054654,0,2544.79245054654,2558.82029006335,1200,14.0278395168091
98.6605148416656,1,wetting,360,1200,-0.00570653705170653,0.00570653705170653,0,2.05435333861435,0,2.05435333861435,0,2.05435333861435,2546.84680388515,0,2546.84680388515,0,0,0,2546.84680388515,0,2546.84680388515,2560.87464340196,1200,14.0278395168091
98.7605148416656,1,wetting,360,1200,-0.00570303628915754,0.00570303628915754,0,2.05309306409672,0,2.05309306409672,0,2.05309306409672,2548.89989694925,0,2548.89989694925,0,0,0,2548.89989694925,0,2548.89989694925,2562.92773646606,1200,14.0278395168091
98.8605148416656,1,wetting,360,1200,-0.00569941112384571,0.00569941112384571,0,2.05178800458445,0,2.05178800458445,0,2.05178800458445,2550.95168495383,0,2550.95168495383,0,0,0,2550.95168495383,0,2550.95168495383,2564.97952447064,1200,14.0278395168091
98.9605148416656,1,wetting,360,1200,-0.00569573293375882,0.00569573293375882,0,2.05046385615317,0,2.05046385615317,0,2.05046385615317,2553.00214880999,0,2553.00214880999,0,0,0,2553.00214880999,0,2553.00214880999,2567.0299883268,1200,14.0278395168091
99.0605148416656,1,wetting,360,1200,-0.00569202076529813,0.00569202076529813,0,2.04912747550733,0,2.04912747550733,0,2.04912747550733,2555.0512762855,0,2555.0512762855,0,0,0,2555.0512762855,0,2555.0512762855,2569.0791158023,1200,14.0278395168091
99.1605148416656,1,wetting,360,1200,-0.0056882532236604,0.0056882532236604,0,2.04777116051774,0,2.04777116051774,0,2.04777116051774,2557.09904744601,0,2557.09904744601,0,0,0,2557.09904744601,0,2557.09904744601,2571.12688696282,1200,14.0278395168091
99.2605148416656,1,wetting,360,1200,-0.0056847413651454,0.0056847413651454,0,2.04650689145234,0,2.04650689145234,0,2.04650689145234,2559.14555433747,0,2559.14555433747,0,0,0,2559.14555433747,0,2559.14555433747,2573.17339385427,1200,14.0278395168091
99.3605148416656,1,wetting,360,1200,-0.00568110631317295,0.00568110631317295,0,2.04519827274226,0,2.04519827274226,0,2.04519827274226,2561.19075261021,0,2561.19075261021,0,0,0,2561.19075261021,0,2561.19075261021,2575.21859212702,1200,14.0278395168091
99.4605148416656,1,wetting,360,1200,-0.00567724102866661,0.00567724102866661,0,2.04380677031998,0,2.04380677031998,0,2.04380677031998,2563.23455938053,0,2563.23455938053,0,0,0,2563.23455938053,0,2563.23455938053,2577.26239889734,1200,14.0278395168091
99.5605148416656,1,wetting,360,1200,-0.00567322472466856,0.00567322472466856,0,2.04236090088068,0,2.04236090088068,0,2.04236090088068,2565.27692028141,0,2565.27692028141,0,0,0,2565.27692028141,0,2565.27692028141,2579.30475979822,1200,14.0278395168091
99.6605148416656,1,wetting,360,1200,-0.0056696057400574,0.0056696057400574,0,2.04105806642066,0,2.04105806642066,0,2.04105806642066,2567.31797834783,0,2567.31797834783,0,0,0,2567.31797834783,0,2567.31797834783,2581.34581786464,1200,14.0278395168091
99.7605148416656,1,wetting,360,1200,-0.00566596201977319,0.00566596201977319,0,2.03974632711835,0,2.03974632711835,0,2.03974632711835,2569.35772467495,0,2569.35772467495,0,0,0,2569.35772467495,0,2569.35772467495,2583.38556419176,1200,14.0278395168091
99.8605148416656,1,wetting,360,1200,-0.00566221910732462,0.00566221910732462,0,2.03839887863686,0,2.03839887863686,0,2.03839887863686,2571.39612355358,0,2571.39612355358,0,0,0,2571.39612355358,0,2571.39612355358,2585.42396307039,1200,14.0278395168091
99.9605148416656,1,wetting,360,1200,-0.00565838007401259,0.00565838007401259,0,2.03701682664453,0,2.03701682664453,0,2.03701682664453,2573.43314038023,0,2573.43314038023,0,0,0,2573.43314038023,0,2573.43314038023,2587.46097989704,1200,14.0278395168091
100.060514841666,1,wetting,360,1200,-0.00565440155383605,0.00565440155383605,0,2.03558455938098,0,2.03558455938098,0,2.03558455938098,2575.46872493961,0,2575.46872493961,0,0,0,2575.46872493961,0,2575.46872493961,2589.49656445642,1200,14.0278395168091
100.160514841666,1,wetting,360,1200,-0.0056501418133475,0.0056501418133475,0,2.0340510528051,0,2.0340510528051,0,2.0340510528051,2577.50277599241,0,2577.50277599241,0,0,0,2577.50277599241,0,2577.50277599241,2591.53061550922,1200,14.0278395168091
100.260514841666,1,wetting,360,1200,-0.00564550285893406,0.00564550285893406,0,2.03238102921626,0,2.03238102921626,0,2.03238102921626,2579.53515702163,0,2579.53515702163,0,0,0,2579.53515702163,0,2579.53515702163,2593.56299653844,1200,14.0278395168091
100.360514841666,1,wetting,360,1200,-0.00564053357361551,0.00564053357361551,0,2.03059208650158,0,2.03059208650158,0,2.03059208650158,2581.56574910813,0,2581.56574910813,0,0,0,2581.56574910813,0,2581.56574910813,2595.59358862494,1200,14.0278395168091
100.460514841666,1,wetting,360,1200,-0.00563590912137368,0.00563590912137368,0,2.02892728369452,0,2.02892728369452,0,2.02892728369452,2583.59467639183,0,2583.59467639183,0,0,0,2583.59467639183,0,2583.59467639183,2597.62251590864,1200,14.0278395168091
100.560514841666,1,wetting,360,1200,-0.00563223090720258,0.00563223090720258,0,2.02760312659293,0,2.02760312659293,0,2.02760312659293,2585.62227951842,0,2585.62227951842,0,0,0,2585.62227951842,0,2585.62227951842,2599.65011903523,1200,14.0278395168091
100.660514841666,1,wetting,360,1200,-0.0056287616349753,0.0056287616349753,0,2.02635418859111,0,2.02635418859111,0,2.02635418859111,2587.64863370701,0,2587.64863370701,0,0,0,2587.64863370701,0,2587.64863370701,2601.67647322382,1200,14.0278395168091
100.760514841666,1,wetting,360,1200,-0.00562537719428771,0.00562537719428771,0,2.02513578994358,0,2.02513578994358,0,2.02513578994358,2589.67376949695,0,2589.67376949695,0,0,0,2589.67376949695,0,2589.67376949695,2603.70160901376,1200,14.0278395168091
100.860514841666,1,wetting,360,1200,-0.00562202899231056,0.00562202899231056,0,2.0239304372318,0,2.0239304372318,0,2.0239304372318,2591.69769993419,0,2591.69769993419,0,0,0,2591.69769993419,0,2591.69769993419,2605.725539451,1200,14.0278395168091
100.960514841666,1,wetting,360,1200,-0.00561867734084345,0.00561867734084345,0,2.02272384270364,0,2.02272384270364,0,2.02272384270364,2593.72042377689,0,2593.72042377689,0,0,0,2593.72042377689,0,2593.72042377689,2607.7482632937,1200,14.0278395168091
101.060514841666,1,wetting,360,1200,-0.00561532761270664,0.00561532761270664,0,2.02151794057439,0,2.02151794057439,0,2.02151794057439,2595.74194171746,0,2595.74194171746,0,0,0,2595.74194171746,0,2595.74194171746,2609.76978123427,1200,14.0278395168091
101.160514841666,1,wetting,360,1200,-0.0056119211962359,0.0056119211962359,0,2.02029163064492,0,2.02029163064492,0,2.02029163064492,2597.76223334811,0,2597.76223334811,0,0,0,2597.76223334811,0,2597.76223334811,2611.79007286492,1200,14.0278395168091
101.260514841666,1,wetting,360,1200,-0.00560844137612452,0.00560844137612452,0,2.01903889540483,0,2.01903889540483,0,2.01903889540483,2599.78127224351,0,2599.78127224351,0,0,0,2599.78127224351,0,2599.78127224351,2613.80911176032,1200,14.0278395168091
101.360514841666,1,wetting,360,1200,-0.00560482475640466,0.00560482475640466,0,2.01773691230568,0,2.01773691230568,0,2.01773691230568,2601.79900915582,0,2601.79900915582,0,0,0,2601.79900915582,0,2601.79900915582,2615.82684867263,1200,14.0278395168091
101.460514841666,1,wetting,360,1200,-0.0056009297049759,0.0056009297049759,0,2.01633469379133,0,2.01633469379133,0,2.01633469379133,2603.81534384961,0,2603.81534384961,0,0,0,2603.81534384961,0,2603.81534384961,2617.84318336642,1200,14.0278395168091
101.560514841666,1,wetting,360,1200,-0.00559660811392276,0.00559660811392276,0,2.01477892101219,0,2.01477892101219,0,2.01477892101219,2605.83012277062,0,2605.83012277062,0,0,0,2605.83012277062,0,2605.83012277062,2619.85796228743,1200,14.0278395168091
101.660514841666,1,wetting,360,1200,-0.00559188796248005,0.00559188796248005,0,2.01307966649282,0,2.01307966649282,0,2.01307966649282,2607.84320243712,0,2607.84320243712,0,0,0,2607.84320243712,0,2607.84320243712,2621.87104195393,1200,14.0278395168091
101.760514841666,1,wetting,360,1200,-0.00558695242629687,0.00558695242629687,0,2.01130287346687,0,2.01130287346687,0,2.01130287346687,2609.85450531058,0,2609.85450531058,0,0,0,2609.85450531058,0,2609.85450531058,2623.88234482739,1200,14.0278395168091
101.860514841666,1,wetting,360,1200,-0.0055821426555496,0.0055821426555496,0,2.00957135599785,0,2.00957135599785,0,2.00957135599785,2611.86407666658,0,2611.86407666658,0,0,0,2611.86407666658,0,2611.86407666658,2625.89191618339,1200,14.0278395168091
101.960514841666,1,wetting,360,1200,-0.00557769394758164,0.00557769394758164,0,2.00796982112939,0,2.00796982112939,0,2.00796982112939,2613.87204648771,0,2613.87204648771,0,0,0,2613.87204648771,0,2613.87204648771,2627.89988600452,1200,14.0278395168091
102.060514841666,1,wetting,360,1200,-0.0055739968678018,0.0055739968678018,0,2.00663887240865,0,2.00663887240865,0,2.00663887240865,2615.87868536012,0,2615.87868536012,0,0,0,2615.87868536012,0,2615.87868536012,2629.90652487693,1200,14.0278395168091
102.160514841666,1,wetting,360,1200,-0.00557091201811274,0.00557091201811274,0,2.00552832652059,0,2.00552832652059,0,2.00552832652059,2617.88421368664,0,2617.88421368664,0,0,0,2617.88421368664,0,2617.88421368664,2631.91205320345,1200,14.0278395168091
102.260514841666,1,wetting,360,1200,-0.00556791724561148,0.00556791724561148,0,2.00445020842013,0,2.00445020842013,0,2.00445020842013,2619.88866389506,0,2619.88866389506,0,0,0,2619.88866389506,0,2619.88866389506,2633.91650341187,1200,14.0278395168091
102.360514841666,1,wetting,360,1200,-0.00556495356048242,0.00556495356048242,0,2.00338328177367,0,2.00338328177367,0,2.00338328177367,2621.89204717683,0,2621.89204717683,0,0,0,2621.89204717683,0,2621.89204717683,2635.91988669364,1200,14.0278395168091
102.460514841666,1,wetting,360,1200,-0.00556199591243702,0.00556199591243702,0,2.00231852847733,0,2.00231852847733,0,2.00231852847733,2623.89436570531,0,2623.89436570531,0,0,0,2623.89436570531,0,2623.89436570531,2637.92220522212,1200,14.0278395168091
102.560514841666,1,wetting,360,1200,-0.00555892564862392,0.00555892564862392,0,2.00121323350461,0,2.00121323350461,0,2.00121323350461,2625.89557893881,0,2625.89557893881,0,0,0,2625.89557893881,0,2625.89557893881,2639.92341845562,1200,14.0278395168091
102.660514841666,1,wetting,360,1200,-0.00555580763434062,0.00555580763434062,0,2.00009074836262,0,2.00009074836262,0,2.00009074836262,2627.89566968718,0,2627.89566968718,0,0,0,2627.89566968718,0,2627.89566968718,2641.92350920399,1200,14.0278395168091
102.760514841666,1,wetting,360,1200,-0.0055525574610278,0.0055525574610278,0,1.99892068597001,0,1.99892068597001,0,1.99892068597001,2629.89459037315,0,2629.89459037315,0,0,0,2629.89459037315,0,2629.89459037315,2643.92242988996,1200,14.0278395168091
102.860514841666,1,wetting,360,1200,-0.00554908339567126,0.00554908339567126,0,1.99767002244165,0,1.99767002244165,0,1.99767002244165,2631.89226039559,0,2631.89226039559,0,0,0,2631.89226039559,0,2631.89226039559,2645.9200999124,1200,14.0278395168091
102.960514841666,1,wetting,360,1200,-0.00554512599442636,0.00554512599442636,0,1.99624535799349,0,1.99624535799349,0,1.99624535799349,2633.88850575358,0,2633.88850575358,0,0,0,2633.88850575358,0,2633.88850575358,2647.91634527039,1200,14.0278395168091
103.060514841666,1,wetting,360,1200,-0.00554046695921419,0.00554046695921419,0,1.99456810531711,0,1.99456810531711,0,1.99456810531711,2635.8830738589,0,2635.8830738589,0,0,0,2635.8830738589,0,2635.8830738589,2649.91091337571,1200,14.0278395168091
103.160514841666,1,wetting,360,1200,-0.0055348328363501,0.0055348328363501,0,1.99253982108604,0,1.99253982108604,0,1.99253982108604,2637.87561367999,0,2637.87561367999,0,0,0,2637.87561367999,0,2637.87561367999,2651.90345319679,1200,14.0278395168091
103.260514841666,1,wetting,360,1200,-0.00552880971488764,0.00552880971488764,0,1.99037149735955,0,1.99037149735955,0,1.99037149735955,2639.86598517735,0,2639.86598517735,0,0,0,2639.86598517735,0,2639.86598517735,2653.89382469415,1200,14.0278395168091
103.360514841666,1,wetting,360,1200,-0.00552466666742885,0.00552466666742885,0,1.98888000027439,0,1.98888000027439,0,1.98888000027439,2641.85486517762,0,2641.85486517762,0,0,0,2641.85486517762,0,2641.85486517762,2655.88270469443,1200,14.0278395168091
103.460514841666,1,wetting,360,1200,-0.0055213073054002,0.0055213073054002,0,1.98767062994407,0,1.98767062994407,0,1.98767062994407,2643.84253580756,0,2643.84253580756,0,0,0,2643.84253580756,0,2643.84253580756,2657.87037532437,1200,14.0278395168091
103.560514841666,1,wetting,360,1200,-0.00551809175677313,0.00551809175677313,0,1.98651303243833,0,1.98651303243833,0,1.98651303243833,2645.82904884,0,2645.82904884,0,0,0,2645.82904884,0,2645.82904884,2659.85688835681,1200,14.0278395168091
103.660514841666,1,wetting,360,1200,-0.00551492823180561,0.00551492823180561,0,1.98537416345002,0,1.98537416345002,0,1.98537416345002,2647.81442300345,0,2647.81442300345,0,0,0,2647.81442300345,0,2647.81442300345,2661.84226252026,1200,14.0278395168091
103.760514841666,1,wetting,360,1200,-0.00551181028440705,0.00551181028440705,0,1.98425170238654,0,1.98425170238654,0,1.98425170238654,2649.79867470584,0,2649.79867470584,0,0,0,2649.79867470584,0,2649.79867470584,2663.82651422265,1200,14.0278395168091
103.860514841666,1,wetting,360,1200,-0.00550871997890612,0.00550871997890612,0,1.9831391924062,0,1.9831391924062,0,1.9831391924062,2651.78181389825,0,2651.78181389825,0,0,0,2651.78181389825,0,2651.78181389825,2665.80965341505,1200,14.0278395168091
103.960514841666,1,wetting,360,1200,-0.00550564774428559,0.00550564774428559,0,1.98203318794281,0,1.98203318794281,0,1.98203318794281,2653.76384708619,0,2653.76384708619,0,0,0,2653.76384708619,0,2653.76384708619,2667.791686603,1200,14.0278395168091
104.060514841666,1,wetting,360,1200,-0.0055025831568652,0.0055025831568652,0,1.98092993647147,0,1.98092993647147,0,1.98092993647147,2655.74477702266,0,2655.74477702266,0,0,0,2655.74477702266,0,2655.74477702266,2669.77261653947,1200,14.0278395168091
104.160514841666,1,wetting,360,1200,-0.00549969035766959,0.00549969035766959,0,1.97988852876105,0,1.97988852876105,0,1.97988852876105,2657.72466555142,0,2657.72466555142,0,0,0,2657.72466555142,0,2657.72466555142,2671.75250506823,1200,14.0278395168091
104.260514841666,1,wetting,360,1200,-0.00549680184475256,0.00549680184475256,0,1.97884866411092,0,1.97884866411092,0,1.97884866411092,2659.70351421553,0,2659.70351421553,0,0,0,2659.70351421553,0,2659.70351421553,2673.73135373234,1200,14.0278395168091
104.360514841666,1,wetting,360,1200,-0.00549389746325279,0.00549389746325279,0,1.97780308677101,0,1.97780308677101,0,1.97780308677101,2661.6813173023,0,2661.6813173023,0,0,0,2661.6813173023,0,2661.6813173023,2675.70915681911,1200,14.0278395168091
104.460514841666,1,wetting,360,1200,-0.00549098024741144,0.00549098024741144,0,1.97675288906812,0,1.97675288906812,0,1.97675288906812,2663.65807019137,0,2663.65807019137,0,0,0,2663.65807019137,0,2663.65807019137,2677.68590970818,1200,14.0278395168091
104.560514841666,1,wetting,360,1200,-0.00548804209379214,0.00548804209379214,0,1.97569515376517,0,1.97569515376517,0,1.97569515376517,2665.63376534514,0,2665.63376534514,0,0,0,2665.63376534514,0,2665.63376534514,2679.66160486194,1200,14.0278395168091
104.660514841666,1,wetting,360,1200,-0.00548507378705933,0.00548507378705933,0,1.97462656334136,0,1.97462656334136,0,1.97462656334136,2667.60839190848,0,2667.60839190848,0,0,0,2667.60839190848,0,2667.60839190848,2681.63623142529,1200,14.0278395168091
104.760514841666,1,wetting,360,1200,-0.00548205619146127,0.00548205619146127,0,1.97354022892606,0,1.97354022892606,0,1.97354022892606,2669.5819321374,0,2669.5819321374,0,0,0,2669.5819321374,0,2669.5819321374,2683.60977165421,1200,14.0278395168091
104.860514841666,1,wetting,360,1200,-0.00547896649804808,0.00547896649804808,0,1.97242793929731,0,1.97242793929731,0,1.97242793929731,2671.5543600767,0,2671.5543600767,0,0,0,2671.5543600767,0,2671.5543600767,2685.58219959351,1200,14.0278395168091
104.960514841666,1,wetting,360,1200,-0.00547580253745188,0.00547580253745188,0,1.97128891348268,0,1.97128891348268,0,1.97128891348268,2673.52564899018,0,2673.52564899018,0,0,0,2673.52564899018,0,2673.52564899018,2687.55348850699,1200,14.0278395168091
105.060514841666,1,wetting,360,1200,-0.00547256098436943,0.00547256098436943,0,1.97012195437299,0,1.97012195437299,0,1.97012195437299,2675.49577094456,0,2675.49577094456,0,0,0,2675.49577094456,0,2675.49577094456,2689.52361046137,1200,14.0278395168091
105.160514841666,1,wetting,360,1200,-0.00546923714765435,0.00546923714765435,0,1.96892537315556,0,1.96892537315556,0,1.96892537315556,2677.46469631771,0,2677.46469631771,0,0,0,2677.46469631771,0,2677.46469631771,2691.49253583452,1200,14.0278395168091
105.260514841666,1,wetting,360,1200,-0.00546583201795575,0.00546583201795575,0,1.96769952646407,0,1.96769952646407,0,1.96769952646407,2679.43239584418,0,2679.43239584418,0,0,0,2679.43239584418,0,2679.43239584418,2693.46023536098,1200,14.0278395168091
105.360514841666,1,wetting,360,1200,-0.00546234853460934,0.00546234853460934,0,1.96644547245936,0,1.96644547245936,0,1.96644547245936,2681.39884131663,0,2681.39884131663,0,0,0,2681.39884131663,0,2681.39884131663,2695.42668083344,1200,14.0278395168091
105.460514841666,1,wetting,360,1200,-0.00545896620250523,0.00545896620250523,0,1.96522783290188,0,1.96522783290188,0,1.96522783290188,2683.36406914954,0,2683.36406914954,0,0,0,2683.36406914954,0,2683.36406914954,2697.39190866635,1200,14.0278395168091
105.560514841666,1,wetting,360,1200,-0.0054556560306426,0.0054556560306426,0,1.96403617103134,0,1.96403617103134,0,1.96403617103134,2685.32810532057,0,2685.32810532057,0,0,0,2685.32810532057,0,2685.32810532057,2699.35594483738,1200,14.0278395168091
105.660514841666,1,wetting,360,1200,-0.00545253921707265,0.00545253921707265,0,1.96291411814615,0,1.96291411814615,0,1.96291411814615,2687.29101943871,0,2687.29101943871,0,0,0,2687.29101943871,0,2687.29101943871,2701.31885895552,1200,14.0278395168091
105.760514841666,1,wetting,360,1200,-0.00544947515556338,0.00544947515556338,0,1.96181105600282,0,1.96181105600282,0,1.96181105600282,2689.25283049472,0,2689.25283049472,0,0,0,2689.25283049472,0,2689.25283049472,2703.28067001153,1200,14.0278395168091
105.860514841666,1,wetting,360,1200,-0.0054464701698942,0.0054464701698942,0,1.96072926116191,0,1.96072926116191,0,1.96072926116191,2691.21355975588,0,2691.21355975588,0,0,0,2691.21355975588,0,2691.21355975588,2705.24139927269,1200,14.0278395168091
105.960514841666,1,wetting,360,1200,-0.00544349152289053,0.00544349152289053,0,1.95965694824059,0,1.95965694824059,0,1.95965694824059,2693.17321670412,0,2693.17321670412,0,0,0,2693.17321670412,0,2693.17321670412,2707.20105622093,1200,14.0278395168091
106.060514841666,1,wetting,360,1200,-0.00544050191940206,0.00544050191940206,0,1.95858069098474,0,1.95858069098474,0,1.95858069098474,2695.1317973951,0,2695.1317973951,0,0,0,2695.1317973951,0,2695.1317973951,2709.15963691191,1200,14.0278395168091
106.160514841666,1,wetting,360,1200,-0.00543752399781098,0.00543752399781098,0,1.95750863921195,0,1.95750863921195,0,1.95750863921195,2697.08930603432,0,2697.08930603432,0,0,0,2697.08930603432,0,2697.08930603432,2711.11714555112,1200,14.0278395168091
106.260514841666,1,wetting,360,1200,-0.00543456412297254,0.00543456412297254,0,1.95644308427011,0,1.95644308427011,0,1.95644308427011,2699.04574911859,0,2699.04574911859,0,0,0,2699.04574911859,0,2699.04574911859,2713.0735886354,1200,14.0278395168091
106.360514841666,1,wetting,360,1200,-0.00543161434163482,0.00543161434163482,0,1.95538116298854,0,1.95538116298854,0,1.95538116298854,2701.00113028157,0,2701.00113028157,0,0,0,2701.00113028157,0,2701.00113028157,2715.02896979838,1200,14.0278395168091
106.460514841666,1,wetting,360,1200,-0.00542864547425026,0.00542864547425026,0,1.95431237073009,0,1.95431237073009,0,1.95431237073009,2702.9554426523,0,2702.9554426523,0,0,0,2702.9554426523,0,2702.9554426523,2716.98328216911,1200,14.0278395168091
106.560514841666,1,wetting,360,1200,-0.00542565576884689,0.00542565576884689,0,1.95323607678488,0,1.95323607678488,0,1.95323607678488,2704.90867872909,0,2704.90867872909,0,0,0,2704.90867872909,0,2704.90867872909,2718.9365182459,1200,14.0278395168091
106.660514841666,1,wetting,360,1200,-0.00542263426634178,0.00542263426634178,0,1.95214833588304,0,1.95214833588304,0,1.95214833588304,2706.86082706497,0,2706.86082706497,0,0,0,2706.86082706497,0,2706.86082706497,2720.88866658178,1200,14.0278395168091
106.760514841666,1,wetting,360,1200,-0.0054196229029908,0.0054196229029908,0,1.95106424507669,0,1.95106424507669,0,1.95106424507669,2708.81189131005,0,2708.81189131005,0,0,0,2708.81189131005,0,2708.81189131005,2722.83973082686,1200,14.0278395168091
106.860514841666,1,wetting,360,1200,-0.00541649731770908,0.00541649731770908,0,1.94993903437527,0,1.94993903437527,0,1.94993903437527,2710.76183034442,0,2710.76183034442,0,0,0,2710.76183034442,0,2710.76183034442,2724.78966986123,1200,14.0278395168091
106.960514841666,1,wetting,360,1200,-0.00541324766324139,0.00541324766324139,0,1.9487691587669,0,1.9487691587669,0,1.9487691587669,2712.71059950319,0,2712.71059950319,0,0,0,2712.71059950319,0,2712.71059950319,2726.73843902,1200,14.0278395168091
107.060514841666,1,wetting,360,1200,-0.00540985518870989,0.00540985518870989,0,1.94754786793556,0,1.94754786793556,0,1.94754786793556,2714.65814737113,0,2714.65814737113,0,0,0,2714.65814737113,0,2714.65814737113,2728.68598688794,1200,14.0278395168091
107.160514841666,1,wetting,360,1200,-0.005406339159151,0.005406339159151,0,1.94628209729436,0,1.94628209729436,0,1.94628209729436,2716.60442946842,0,2716.60442946842,0,0,0,2716.60442946842,0,2716.60442946842,2730.63226898523,1200,14.0278395168091
107.260514841666,1,wetting,360,1200,-0.00540306749700702,0.00540306749700702,0,1.94510429892253,0,1.94510429892253,0,1.94510429892253,2718.54953376734,0,2718.54953376734,0,0,0,2718.54953376734,0,2718.54953376734,2732.57737328415,1200,14.0278395168091
107.360514841666,1,wetting,360,1200,-0.00539997211127984,0.00539997211127984,0,1.94398996006074,0,1.94398996006074,0,1.94398996006074,2720.4935237274,0,2720.4935237274,0,0,0,2720.4935237274,0,2720.4935237274,2734.52136324421,1200,14.0278395168091
107.460514841666,1,wetting,360,1200,-0.00539689593361324,0.00539689593361324,0,1.94288253610077,0,1.94288253610077,0,1.94288253610077,2722.43640626351,0,2722.43640626351,0,0,0,2722.43640626351,0,2722.43640626351,2736.46424578031,1200,14.0278395168091
107.560514841666,1,wetting,360,1200,-0.00539381477670914,0.00539381477670914,0,1.94177331961529,0,1.94177331961529,0,1.94177331961529,2724.37817958312,0,2724.37817958312,0,0,0,2724.37817958312,0,2724.37817958312,2738.40601909993,1200,14.0278395168091
107.660514841666,1,wetting,360,1200,-0.00539075551054041,0.00539075551054041,0,1.94067198379455,0,1.94067198379455,0,1.94067198379455,2726.31885156691,0,2726.31885156691,0,0,0,2726.31885156691,0,2726.31885156691,2740.34669108372,1200,14.0278395168091
107.760514841666,1,wetting,360,1200,-0.00538769059524255,0.00538769059524255,0,1.93956861428732,0,1.93956861428732,0,1.93956861428732,2728.2584201812,0,2728.2584201812,0,0,0,2728.2584201812,0,2728.2584201812,2742.28625969801,1200,14.0278395168091
107.860514841666,1,wetting,360,1200,-0.00538454561345916,0.00538454561345916,0,1.9384364208453,0,1.9384364208453,0,1.9384364208453,2730.19685660205,0,2730.19685660205,0,0,0,2730.19685660205,0,2730.19685660205,2744.22469611886,1200,14.0278395168091
107.960514841666,1,wetting,360,1200,-0.00538126626170278,0.00538126626170278,0,1.937255854213,0,1.937255854213,0,1.937255854213,2732.13411245626,0,2732.13411245626,0,0,0,2732.13411245626,0,2732.13411245626,2746.16195197307,1200,14.0278395168091
108.060514841666,1,wetting,360,1200,-0.00537786106170341,0.00537786106170341,0,1.93602998221323,0,1.93602998221323,0,1.93602998221323,2734.07014243847,0,2734.07014243847,0,0,0,2734.07014243847,0,2734.07014243847,2748.09798195528,1200,14.0278395168091
108.160514841666,1,wetting,360,1200,-0.0053743124367749,0.0053743124367749,0,1.93475247723896,0,1.93475247723896,0,1.93475247723896,2736.00489491571,0,2736.00489491571,0,0,0,2736.00489491571,0,2736.00489491571,2750.03273443252,1200,14.0278395168091
108.260514841666,1,wetting,360,1200,-0.00537061343941226,0.00537061343941226,0,1.93342083818842,0,1.93342083818842,0,1.93342083818842,2737.9383157539,0,2737.9383157539,0,0,0,2737.9383157539,0,2737.9383157539,2751.96615527071,1200,14.0278395168091
108.360514841666,1,wetting,360,1200,-0.00536678079451053,0.00536678079451053,0,1.93204108602379,0,1.93204108602379,0,1.93204108602379,2739.87035683993,0,2739.87035683993,0,0,0,2739.87035683993,0,2739.87035683993,2753.89819635673,1200,14.0278395168091
108.460514841666,1,wetting,360,1200,-0.00536292740929133,0.00536292740929133,0,1.93065386734488,0,1.93065386734488,0,1.93065386734488,2741.80101070727,0,2741.80101070727,0,0,0,2741.80101070727,0,2741.80101070727,2755.82885022408,1200,14.0278395168091
108.560514841666,1,wetting,360,1200,-0.00535905568370577,0.00535905568370577,0,1.92926004613408,0,1.92926004613408,0,1.92926004613408,2743.7302707534,0,2743.7302707534,0,0,0,2743.7302707534,0,2743.7302707534,2757.75811027021,1200,14.0278395168091
108.660514841666,1,wetting,360,1200,-0.00535527767202403,0.00535527767202403,0,1.92789996192865,0,1.92789996192865,0,1.92789996192865,2745.65817071533,0,2745.65817071533,0,0,0,2745.65817071533,0,2745.65817071533,2759.68601023214,1200,14.0278395168091
108.760514841666,1,wetting,360,1200,-0.00535160214020171,0.00535160214020171,0,1.92657677047261,0,1.92657677047261,0,1.92657677047261,2747.58474748581,0,2747.58474748581,0,0,0,2747.58474748581,0,2747.58474748581,2761.61258700261,1200,14.0278395168091
108.860514841666,1,wetting,360,1200,-0.0053480716265668,0.0053480716265668,0,1.92530578556405,0,1.92530578556405,0,1.92530578556405,2749.51005327137,0,2749.51005327137,0,0,0,2749.51005327137,0,2749.51005327137,2763.53789278818,1200,14.0278395168091
108.960514841666,1,wetting,360,1200,-0.00534464146901097,0.00534464146901097,0,1.92407092884395,0,1.92407092884395,0,1.92407092884395,2751.43412420021,0,2751.43412420021,0,0,0,2751.43412420021,0,2751.43412420021,2765.46196371702,1200,14.0278395168091
109.060514841666,1,wetting,360,1200,-0.00534126623348622,0.00534126623348622,0,1.92285584405504,0,1.92285584405504,0,1.92285584405504,2753.35698004427,0,2753.35698004427,0,0,0,2753.35698004427,0,2753.35698004427,2767.38481956108,1200,14.0278395168091
109.160514841666,1,wetting,360,1200,-0.00533812924621562,0.00533812924621562,0,1.92172652863762,0,1.92172652863762,0,1.92172652863762,2755.27870657291,0,2755.27870657291,0,0,0,2755.27870657291,0,2755.27870657291,2769.30654608971,1200,14.0278395168091
109.260514841666,1,wetting,360,1200,-0.00533501157714018,0.00533501157714018,0,1.92060416777047,0,1.92060416777047,0,1.92060416777047,2757.19931074068,0,2757.19931074068,0,0,0,2757.19931074068,0,2757.19931074068,2771.22715025748,1200,14.0278395168091
109.360514841666,1,wetting,360,1200,-0.00533189701136854,0.00533189701136854,0,1.91948292409267,0,1.91948292409267,0,1.91948292409267,2759.11879366477,0,2759.11879366477,0,0,0,2759.11879366477,0,2759.11879366477,2773.14663318158,1200,14.0278395168091
109.460514841666,1,wetting,360,1200,-0.00532877080732223,0.00532877080732223,0,1.918357490636,0,1.918357490636,0,1.918357490636,2761.0371511554,0,2761.0371511554,0,0,0,2761.0371511554,0,2761.0371511554,2775.06499067221,1200,14.0278395168091
109.560514841666,1,wetting,360,1200,-0.00532560765506637,0.00532560765506637,0,1.91721875582389,0,1.91721875582389,0,1.91721875582389,2762.95436991123,0,2762.95436991123,0,0,0,2762.95436991123,0,2762.95436991123,2776.98220942804,1200,14.0278395168091
109.660514841666,1,wetting,360,1200,-0.00532236991424337,0.00532236991424337,0,1.91605316912761,0,1.91605316912761,0,1.91605316912761,2764.87042308036,0,2764.87042308036,0,0,0,2764.87042308036,0,2764.87042308036,2778.89826259717,1200,14.0278395168091
109.760514841666,1,wetting,360,1200,-0.00531899968219908,0.00531899968219908,0,1.91483988559167,0,1.91483988559167,0,1.91483988559167,2766.78526296595,0,2766.78526296595,0,0,0,2766.78526296595,0,2766.78526296595,2780.81310248276,1200,14.0278395168091
109.860514841666,1,wetting,360,1200,-0.0053154076446015,0.0053154076446015,0,1.91354675205654,0,1.91354675205654,0,1.91354675205654,2768.698809718,0,2768.698809718,0,0,0,2768.698809718,0,2768.698809718,2782.72664923481,1200,14.0278395168091
109.960514841666,1,wetting,360,1200,-0.00531182348189742,0.00531182348189742,0,1.91225645348307,0,1.91225645348307,0,1.91225645348307,2770.61106617149,0,2770.61106617149,0,0,0,2770.61106617149,0,2770.61106617149,2784.6389056883,1200,14.0278395168091
110.060514841666,1,wetting,360,1200,-0.00530823643206564,0.00530823643206564,0,1.91096511554363,0,1.91096511554363,0,1.91096511554363,2772.52203128703,0,2772.52203128703,0,0,0,2772.52203128703,0,2772.52203128703,2786.54987080384,1200,14.0278395168091
110.160514841666,1,wetting,360,1200,-0.00530489380092293,0.00530489380092293,0,1.90976176833225,0,1.90976176833225,0,1.90976176833225,2774.43179305536,0,2774.43179305536,0,0,0,2774.43179305536,0,2774.43179305536,2788.45963257217,1200,14.0278395168091
110.260514841666,1,wetting,360,1200,-0.0053015716942874,0.0053015716942874,0,1.90856580994346,0,1.90856580994346,0,1.90856580994346,2776.34035886531,0,2776.34035886531,0,0,0,2776.34035886531,0,2776.34035886531,2790.36819838212,1200,14.0278395168091
110.360514841666,1,wetting,360,1200,-0.00529827330253754,0.00529827330253754,0,1.90737838891351,0,1.90737838891351,0,1.90737838891351,2778.24773725422,0,2778.24773725422,0,0,0,2778.24773725422,0,2778.24773725422,2792.27557677103,1200,14.0278395168091
110.460514841666,1,wetting,360,1200,-0.0052950114439314,0.0052950114439314,0,1.90620411981531,0,1.90620411981531,0,1.90620411981531,2780.15394137404,0,2780.15394137404,0,0,0,2780.15394137404,0,2780.15394137404,2794.18178089084,1200,14.0278395168091
110.560514841666,1,wetting,360,1200,-0.00529178427296732,0.00529178427296732,0,1.90504233826824,0,1.90504233826824,0,1.90504233826824,2782.0589837123,0,2782.0589837123,0,0,0,2782.0589837123,0,2782.0589837123,2796.08682322911,1200,14.0278395168091
110.660514841666,1,wetting,360,1200,-0.00528858199089924,0.00528858199089924,0,1.90388951672373,0,1.90388951672373,0,1.90388951672373,2783.96287322903,0,2783.96287322903,0,0,0,2783.96287322903,0,2783.96287322903,2797.99071274584,1200,14.0278395168091
110.760514841666,1,wetting,360,1200,-0.00528537869938044,0.00528537869938044,0,1.90273633177696,0,1.90273633177696,0,1.90273633177696,2785.8656095608,0,2785.8656095608,0,0,0,2785.8656095608,0,2785.8656095608,2799.89344907761,1200,14.0278395168091
110.860514841666,1,wetting,360,1200,-0.00528217555433238,0.00528217555433238,0,1.90158319955966,0,1.90158319955966,0,1.90158319955966,2787.76719276036,0,2787.76719276036,0,0,0,2787.76719276036,0,2787.76719276036,2801.79503227717,1200,14.0278395168091
110.960514841666,1,wetting,360,1200,-0.00527897098022027,0.00527897098022027,0,1.9004295528793,0,1.9004295528793,0,1.9004295528793,2789.66762231324,0,2789.66762231324,0,0,0,2789.66762231324,0,2789.66762231324,2803.69546183005,1200,14.0278395168091
111.060514841666,1,wetting,360,1200,-0.00527572210537568,0.00527572210537568,0,1.89925995793524,0,1.89925995793524,0,1.89925995793524,2791.56688227118,0,2791.56688227118,0,0,0,2791.56688227118,0,2791.56688227118,2805.59472178799,1200,14.0278395168091
111.160514841666,1,wetting,360,1200,-0.00527243764309279,0.00527243764309279,0,1.8980775515134,0,1.8980775515134,0,1.8980775515134,2793.46495982269,0,2793.46495982269,0,0,0,2793.46495982269,0,2793.46495982269,2807.4927993395,1200,14.0278395168091
111.260514841666,1,wetting,360,1200,-0.00526912638929916,0.00526912638929916,0,1.8968855001477,0,1.8968855001477,0,1.8968855001477,2795.36184532284,0,2795.36184532284,0,0,0,2795.36184532284,0,2795.36184532284,2809.38968483965,1200,14.0278395168091
111.360514841666,1,wetting,360,1200,-0.00526577816634115,0.00526577816634115,0,1.89568013988282,0,1.89568013988282,0,1.89568013988282,2797.25752546272,0,2797.25752546272,0,0,0,2797.25752546272,0,2797.25752546272,2811.28536497953,1200,14.0278395168091
111.460514841666,1,wetting,360,1200,-0.00526237367460305,0.00526237367460305,0,1.8944545228571,0,1.8944545228571,0,1.8944545228571,2799.15197998558,0,2799.15197998558,0,0,0,2799.15197998558,0,2799.15197998558,2813.17981950239,1200,14.0278395168091
111.560514841666,1,wetting,360,1200,-0.00525894508734845,0.00525894508734845,0,1.89322023144544,0,1.89322023144544,0,1.89322023144544,2801.04520021703,0,2801.04520021703,0,0,0,2801.04520021703,0,2801.04520021703,2815.07303973383,1200,14.0278395168091
111.660514841666,1,wetting,360,1200,-0.00525563990244124,0.00525563990244124,0,1.89203036487885,0,1.89203036487885,0,1.89203036487885,2802.9372305819,0,2802.9372305819,0,0,0,2802.9372305819,0,2802.9372305819,2816.96507009871,1200,14.0278395168091
111.760514841666,1,wetting,360,1200,-0.00525226250611662,0.00525226250611662,0,1.89081450220198,0,1.89081450220198,0,1.89081450220198,2804.82804508411,0,2804.82804508411,0,0,0,2804.82804508411,0,2804.82804508411,2818.85588460091,1200,14.0278395168091
111.860514841666,1,wetting,360,1200,-0.00524881791267285,0.00524881791267285,0,1.88957444856223,0,1.88957444856223,0,1.88957444856223,2806.71761953267,0,2806.71761953267,0,0,0,2806.71761953267,0,2806.71761953267,2820.74545904948,1200,14.0278395168091
111.960514841666,1,wetting,360,1200,-0.00524531896785833,0.00524531896785833,0,1.888314828429,0,1.888314828429,0,1.888314828429,2808.6059343611,0,2808.6059343611,0,0,0,2808.6059343611,0,2808.6059343611,2822.63377387791,1200,14.0278395168091
112.060514841666,1,wetting,360,1200,-0.00524175916847027,0.00524175916847027,0,1.8870333006493,0,1.8870333006493,0,1.8870333006493,2810.49296766175,0,2810.49296766175,0,0,0,2810.49296766175,0,2810.49296766175,2824.52080717856,1200,14.0278395168091
112.160514841666,1,wetting,360,1200,-0.00523810437575254,0.00523810437575254,0,1.88571757527091,0,1.88571757527091,0,1.88571757527091,2812.37868523702,0,2812.37868523702,0,0,0,2812.37868523702,0,2812.37868523702,2826.40652475383,1200,14.0278395168091
112.260514841666,1,wetting,360,1200,-0.00523431844059692,0.00523431844059692,0,1.88435463861489,0,1.88435463861489,0,1.88435463861489,2814.26303987563,0,2814.26303987563,0,0,0,2814.26303987563,0,2814.26303987563,2828.29087939244,1200,14.0278395168091
112.360514841666,1,wetting,360,1200,-0.00523038691389391,0.00523038691389391,0,1.88293928900181,0,1.88293928900181,0,1.88293928900181,2816.14597916463,0,2816.14597916463,0,0,0,2816.14597916463,0,2816.14597916463,2830.17381868144,1200,14.0278395168091
112.460514841666,1,wetting,360,1200,-0.00522631221795065,0.00522631221795065,0,1.88147239846224,0,1.88147239846224,0,1.88147239846224,2818.0274515631,0,2818.0274515631,0,0,0,2818.0274515631,0,2818.0274515631,2832.05529107991,1200,14.0278395168091
112.560514841666,1,wetting,360,1200,-0.00522207866971622,0.00522207866971622,0,1.87994832109784,0,1.87994832109784,0,1.87994832109784,2819.90739988419,0,2819.90739988419,0,0,0,2819.90739988419,0,2819.90739988419,2833.935239401,1200,14.0278395168091
112.660514841666,1,wetting,360,1200,-0.00521765421693147,0.00521765421693147,0,1.87835551809533,0,1.87835551809533,0,1.87835551809533,2821.78575540229,0,2821.78575540229,0,0,0,2821.78575540229,0,2821.78575540229,2835.8135949191,1200,14.0278395168091
112.760514841666,1,wetting,360,1200,-0.00521338404804447,0.00521338404804447,0,1.87681825729601,0,1.87681825729601,0,1.87681825729601,2823.66257365959,0,2823.66257365959,0,0,0,2823.66257365959,0,2823.66257365959,2837.69041317639,1200,14.0278395168091
112.860514841666,1,wetting,360,1200,-0.00520935195548254,0.00520935195548254,0,1.87536670397372,0,1.87536670397372,0,1.87536670397372,2825.53794036356,0,2825.53794036356,0,0,0,2825.53794036356,0,2825.53794036356,2839.56577988037,1200,14.0278395168091
112.960514841666,1,wetting,360,1200,-0.00520532240409194,0.00520532240409194,0,1.8739160654731,0,1.8739160654731,0,1.8739160654731,2827.41185642903,0,2827.41185642903,0,0,0,2827.41185642903,0,2827.41185642903,2841.43969594584,1200,14.0278395168091
113.060514841666,1,wetting,360,1200,-0.00520126710646734,0.00520126710646734,0,1.87245615832824,0,1.87245615832824,0,1.87245615832824,2829.28431258736,0,2829.28431258736,0,0,0,2829.28431258736,0,2829.28431258736,2843.31215210417,1200,14.0278395168091
113.160514841666,1,wetting,360,1200,-0.00519733536836148,0.00519733536836148,0,1.87104073261013,0,1.87104073261013,0,1.87104073261013,2831.15535331997,0,2831.15535331997,0,0,0,2831.15535331997,0,2831.15535331997,2845.18319283678,1200,14.0278395168091
113.260514841666,1,wetting,360,1200,-0.00519331454240305,0.00519331454240305,0,1.8695932352651,0,1.8695932352651,0,1.8695932352651,2833.02494655524,0,2833.02494655524,0,0,0,2833.02494655524,0,2833.02494655524,2847.05278607204,1200,14.0278395168091
113.360514841666,1,wetting,360,1200,-0.00518919306218029,0.00518919306218029,0,1.8681095023849,0,1.8681095023849,0,1.8681095023849,2834.89305605762,0,2834.89305605762,0,0,0,2834.89305605762,0,2834.89305605762,2848.92089557443,1200,14.0278395168091
113.460514841666,1,wetting,360,1200,-0.00518471486959927,0.00518471486959927,0,1.86649735305574,0,1.86649735305574,0,1.86649735305574,2836.75955341068,0,2836.75955341068,0,0,0,2836.75955341068,0,2836.75955341068,2850.78739292749,1200,14.0278395168091
113.560514841666,1,wetting,360,1200,-0.00517996114925562,0.00517996114925562,0,1.86478601373202,0,1.86478601373202,0,1.86478601373202,2838.62433942441,0,2838.62433942441,0,0,0,2838.62433942441,0,2838.62433942441,2852.65217894122,1200,14.0278395168091
113.660514841666,1,wetting,360,1200,-0.00517512964098918,0.00517512964098918,0,1.8630466707561,0,1.8630466707561,0,1.8630466707561,2840.48738609516,0,2840.48738609516,0,0,0,2840.48738609516,0,2840.48738609516,2854.51522561197,1200,14.0278395168091
113.760514841666,1,wetting,360,1200,-0.00517041802757072,0.00517041802757072,0,1.86135048992546,0,1.86135048992546,0,1.86135048992546,2842.34873658509,0,2842.34873658509,0,0,0,2842.34873658509,0,2842.34873658509,2856.3765761019,1200,14.0278395168091
113.860514841666,1,wetting,360,1200,-0.00516651701302807,0.00516651701302807,0,1.8599461246901,0,1.8599461246901,0,1.8599461246901,2844.20868270978,0,2844.20868270978,0,0,0,2844.20868270978,0,2844.20868270978,2858.23652222659,1200,14.0278395168091
113.960514841666,1,wetting,360,1200,-0.00516256597942826,0.00516256597942826,0,1.85852375259417,0,1.85852375259417,0,1.85852375259417,2846.06720646237,0,2846.06720646237,0,0,0,2846.06720646237,0,2846.06720646237,2860.09504597918,1200,14.0278395168091
114.060514841666,1,wetting,360,1200,-0.00515876175466851,0.00515876175466851,0,1.85715423168066,0,1.85715423168066,0,1.85715423168066,2847.92436069405,0,2847.92436069405,0,0,0,2847.92436069405,0,2847.92436069405,2861.95220021086,1200,14.0278395168091
114.160514841666,1,wetting,360,1200,-0.00515539864639698,0.00515539864639698,0,1.85594351270291,0,1.85594351270291,0,1.85594351270291,2849.78030420676,0,2849.78030420676,0,0,0,2849.78030420676,0,2849.78030420676,2863.80814372357,1200,14.0278395168091
114.260514841666,1,wetting,360,1200,-0.00515222142312026,0.00515222142312026,0,1.85479971232329,0,1.85479971232329,0,1.85479971232329,2851.63510391908,0,2851.63510391908,0,0,0,2851.63510391908,0,2851.63510391908,2865.66294343589,1200,14.0278395168091
114.360514841666,1,wetting,360,1200,-0.00514913655151025,0.00514913655151025,0,1.85368915854369,0,1.85368915854369,0,1.85368915854369,2853.48879307762,0,2853.48879307762,0,0,0,2853.48879307762,0,2853.48879307762,2867.51663259443,1200,14.0278395168091
114.460514841666,1,wetting,360,1200,-0.00514612074061792,0.00514612074061792,0,1.85260346662245,0,1.85260346662245,0,1.85260346662245,2855.34139654425,0,2855.34139654425,0,0,0,2855.34139654425,0,2855.34139654425,2869.36923606106,1200,14.0278395168091
114.560514841666,1,wetting,360,1200,-0.00514315853597917,0.00514315853597917,0,1.8515370729525,0,1.8515370729525,0,1.8515370729525,2857.1929336172,0,2857.1929336172,0,0,0,2857.1929336172,0,2857.1929336172,2871.22077313401,1200,14.0278395168091
114.660514841666,1,wetting,360,1200,-0.00514019962584533,0.00514019962584533,0,1.85047186530432,0,1.85047186530432,0,1.85047186530432,2859.0434054825,0,2859.0434054825,0,0,0,2859.0434054825,0,2859.0434054825,2873.07124499931,1200,14.0278395168091
114.760514841666,1,wetting,360,1200,-0.00513734511268238,0.00513734511268238,0,1.84944424056566,0,1.84944424056566,0,1.84944424056566,2860.89284972307,0,2860.89284972307,0,0,0,2860.89284972307,0,2860.89284972307,2874.92068923988,1200,14.0278395168091
114.860514841666,1,wetting,360,1200,-0.00513451367377443,0.00513451367377443,0,1.84842492255879,0,1.84842492255879,0,1.84842492255879,2862.74127464563,0,2862.74127464563,0,0,0,2862.74127464563,0,2862.74127464563,2876.76911416244,1200,14.0278395168091
114.960514841666,1,wetting,360,1200,-0.00513171645381414,0.00513171645381414,0,1.84741792337309,0,1.84741792337309,0,1.84741792337309,2864.588692569,0,2864.588692569,0,0,0,2864.588692569,0,2864.588692569,2878.61653208581,1200,14.0278395168091
115.060514841666,1,wetting,360,1200,-0.00512894728972168,0.00512894728972168,0,1.8464210242998,0,1.8464210242998,0,1.8464210242998,2866.4351135933,0,2866.4351135933,0,0,0,2866.4351135933,0,2866.4351135933,2880.46295311011,1200,14.0278395168091
115.160514841666,1,wetting,360,1200,-0.0051262036313954,0.0051262036313954,0,1.84543330730234,0,1.84543330730234,0,1.84543330730234,2868.2805469006,0,2868.2805469006,0,0,0,2868.2805469006,0,2868.2805469006,2882.30838641741,1200,14.0278395168091
115.260514841666,1,wetting,360,1200,-0.00512348740312193,0.00512348740312193,0,1.84445546512389,0,1.84445546512389,0,1.84445546512389,2870.12500236573,0,2870.12500236573,0,0,0,2870.12500236573,0,2870.12500236573,2884.15284188254,1200,14.0278395168091
115.360514841666,1,wetting,360,1200,-0.00512079313260416,0.00512079313260416,0,1.8434855277375,0,1.8434855277375,0,1.8434855277375,2871.96848789346,0,2871.96848789346,0,0,0,2871.96848789346,0,2871.96848789346,2885.99632741027,1200,14.0278395168091
115.460514841666,1,wetting,360,1200,-0.0051181187259196,0.0051181187259196,0,1.84252274133106,0,1.84252274133106,0,1.84252274133106,2873.8110106348,0,2873.8110106348,0,0,0,2873.8110106348,0,2873.8110106348,2887.8388501516,1200,14.0278395168091
115.560514841666,1,wetting,360,1200,-0.00511543072856979,0.00511543072856979,0,1.84155506228512,0,1.84155506228512,0,1.84155506228512,2875.65256569708,0,2875.65256569708,0,0,0,2875.65256569708,0,2875.65256569708,2889.68040521389,1200,14.0278395168091
115.660514841666,1,wetting,360,1200,-0.00511277730591583,0.00511277730591583,0,1.8405998301297,0,1.8405998301297,0,1.8405998301297,2877.49316552721,0,2877.49316552721,0,0,0,2877.49316552721,0,2877.49316552721,2891.52100504402,1200,14.0278395168091
115.760514841666,1,wetting,360,1200,-0.00511015690732112,0.00511015690732112,0,1.8396564866356,0,1.8396564866356,0,1.8396564866356,2879.33282201385,0,2879.33282201385,0,0,0,2879.33282201385,0,2879.33282201385,2893.36066153065,1200,14.0278395168091
115.860514841666,1,wetting,360,1200,-0.00510754338538735,0.00510754338538735,0,1.83871561873945,0,1.83871561873945,0,1.83871561873945,2881.17153763259,0,2881.17153763259,0,0,0,2881.17153763259,0,2881.17153763259,2895.19937714939,1200,14.0278395168091
115.960514841666,1,wetting,360,1200,-0.00510493707354292,0.00510493707354292,0,1.83777734647545,0,1.83777734647545,0,1.83777734647545,2883.00931497906,0,2883.00931497906,0,0,0,2883.00931497906,0,2883.00931497906,2897.03715449587,1200,14.0278395168091
116.060514841666,1,wetting,360,1200,-0.00510233079464008,0.00510233079464008,0,1.83683908607043,0,1.83683908607043,0,1.83683908607043,2884.84615406513,0,2884.84615406513,0,0,0,2884.84615406513,0,2884.84615406513,2898.87399358194,1200,14.0278395168091
116.160514841666,1,wetting,360,1200,-0.00509971973508892,0.00509971973508892,0,1.83589910463201,0,1.83589910463201,0,1.83589910463201,2886.68205316976,0,2886.68205316976,0,0,0,2886.68205316976,0,2886.68205316976,2900.70989268657,1200,14.0278395168091
116.260514841666,1,wetting,360,1200,-0.00509709781104044,0.00509709781104044,0,1.83495521197456,0,1.83495521197456,0,1.83495521197456,2888.51700838174,0,2888.51700838174,0,0,0,2888.51700838174,0,2888.51700838174,2902.54484789855,1200,14.0278395168091
116.360514841666,1,wetting,360,1200,-0.00509445754586375,0.00509445754586375,0,1.83400471651095,0,1.83400471651095,0,1.83400471651095,2890.35101309825,0,2890.35101309825,0,0,0,2890.35101309825,0,2890.35101309825,2904.37885261506,1200,14.0278395168091
116.460514841666,1,wetting,360,1200,-0.0050917934811524,0.0050917934811524,0,1.83304565321486,0,1.83304565321486,0,1.83304565321486,2892.18405875146,0,2892.18405875146,0,0,0,2892.18405875146,0,2892.18405875146,2906.21189826827,1200,14.0278395168091
116.560514841666,1,wetting,360,1200,-0.00508909756302512,0.00508909756302512,0,1.83207512268904,0,1.83207512268904,0,1.83207512268904,2894.01613387415,0,2894.01613387415,0,0,0,2894.01613387415,0,2894.01613387415,2908.04397339096,1200,14.0278395168091
116.660514841666,1,wetting,360,1200,-0.0050863641283759,0.0050863641283759,0,1.83109108621533,0,1.83109108621533,0,1.83109108621533,2895.84722496037,0,2895.84722496037,0,0,0,2895.84722496037,0,2895.84722496037,2909.87506447718,1200,14.0278395168091
116.760514841666,1,wetting,360,1200,-0.00508358614392557,0.00508358614392557,0,1.8300910118132,0,1.8300910118132,0,1.8300910118132,2897.67731597218,0,2897.67731597218,0,0,0,2897.67731597218,0,2897.67731597218,2911.70515548899,1200,14.0278395168091
116.860514841666,1,wetting,360,1200,-0.00508077374917618,0.00508077374917618,0,1.82907854970342,0,1.82907854970342,0,1.82907854970342,2899.50639452188,0,2899.50639452188,0,0,0,2899.50639452188,0,2899.50639452188,2913.53423403869,1200,14.0278395168091
116.960514841666,1,wetting,360,1200,-0.00507791041843787,0.00507791041843787,0,1.82804775063763,0,1.82804775063763,0,1.82804775063763,2901.33444227252,0,2901.33444227252,0,0,0,2901.33444227252,0,2901.33444227252,2915.36228178933,1200,14.0278395168091
117.060514841666,1,wetting,360,1200,-0.00507502933304214,0.00507502933304214,0,1.82701055989517,0,1.82701055989517,0,1.82701055989517,2903.16145283242,0,2903.16145283242,0,0,0,2903.16145283242,0,2903.16145283242,2917.18929234923,1200,14.0278395168091
117.160514841666,1,wetting,360,1200,-0.00507222971455906,0.00507222971455906,0,1.82600269724126,0,1.82600269724126,0,1.82600269724126,2904.98745552966,0,2904.98745552966,0,0,0,2904.98745552966,0,2904.98745552966,2919.01529504647,1200,14.0278395168091
117.260514841666,1,wetting,360,1200,-0.00506948897164756,0.00506948897164756,0,1.82501602979312,0,1.82501602979312,0,1.82501602979312,2906.81247155945,0,2906.81247155945,0,0,0,2906.81247155945,0,2906.81247155945,2920.84031107626,1200,14.0278395168091
117.360514841666,1,wetting,360,1200,-0.00506674296463651,0.00506674296463651,0,1.82402746726914,0,1.82402746726914,0,1.82402746726914,2908.63649902672,0,2908.63649902672,0,0,0,2908.63649902672,0,2908.63649902672,2922.66433854353,1200,14.0278395168091
117.460514841666,1,wetting,360,1200,-0.00506398826818933,0.00506398826818933,0,1.82303577654816,0,1.82303577654816,0,1.82303577654816,2910.45953480327,0,2910.45953480327,0,0,0,2910.45953480327,0,2910.45953480327,2924.48737432008,1200,14.0278395168091
117.560514841666,1,wetting,360,1200,-0.00506122646220885,0.00506122646220885,0,1.82204152639519,0,1.82204152639519,0,1.82204152639519,2912.28157632966,0,2912.28157632966,0,0,0,2912.28157632966,0,2912.28157632966,2926.30941584647,1200,14.0278395168091
117.660514841666,1,wetting,360,1200,-0.00505845480860877,0.00505845480860877,0,1.82104373109916,0,1.82104373109916,0,1.82104373109916,2914.10262006076,0,2914.10262006076,0,0,0,2914.10262006076,0,2914.10262006076,2928.13045957757,1200,14.0278395168091
117.760514841666,1,wetting,360,1200,-0.00505566795255172,0.00505566795255172,0,1.82004046291862,0,1.82004046291862,0,1.82004046291862,2915.92266052368,0,2915.92266052368,0,0,0,2915.92266052368,0,2915.92266052368,2929.95050004049,1200,14.0278395168091
117.860514841666,1,wetting,360,1200,-0.00505285663192672,0.00505285663192672,0,1.81902838749362,0,1.81902838749362,0,1.81902838749362,2917.74168891118,0,2917.74168891118,0,0,0,2917.74168891118,0,2917.74168891118,2931.76952842798,1200,14.0278395168091
117.960514841666,1,wetting,360,1200,-0.00504997969672682,0.00504997969672682,0,1.81799269082165,0,1.81799269082165,0,1.81799269082165,2919.559681602,0,2919.559681602,0,0,0,2919.559681602,0,2919.559681602,2933.58752111881,1200,14.0278395168091
118.060514841666,1,wetting,360,1200,-0.00504704845196584,0.00504704845196584,0,1.8169374427077,0,1.8169374427077,0,1.8169374427077,2921.3766190447,0,2921.3766190447,0,0,0,2921.3766190447,0,2921.3766190447,2935.40445856151,1200,14.0278395168091
118.160514841666,1,wetting,360,1200,-0.00504407258985829,0.00504407258985829,0,1.81586613234898,0,1.81586613234898,0,1.81586613234898,2923.19248517705,0,2923.19248517705,0,0,0,2923.19248517705,0,2923.19248517705,2937.22032469386,1200,14.0278395168091
118.260514841666,1,wetting,360,1200,-0.00504105042611425,0.00504105042611425,0,1.81477815340113,0,1.81477815340113,0,1.81477815340113,2925.00726333045,0,2925.00726333045,0,0,0,2925.00726333045,0,2925.00726333045,2939.03510284726,1200,14.0278395168091
118.360514841666,1,wetting,360,1200,-0.00503798178616952,0.00503798178616952,0,1.81367344302103,0,1.81367344302103,0,1.81367344302103,2926.82093677348,0,2926.82093677348,0,0,0,2926.82093677348,0,2926.82093677348,2940.84877629028,1200,14.0278395168091
118.460514841666,1,wetting,360,1200,-0.00503484889755261,0.00503484889755261,0,1.81254560311894,0,1.81254560311894,0,1.81254560311894,2928.63348237659,0,2928.63348237659,0,0,0,2928.63348237659,0,2928.63348237659,2942.6613218934,1200,14.0278395168091
118.560514841666,1,wetting,360,1200,-0.0050316479482447,0.0050316479482447,0,1.81139326136809,0,1.81139326136809,0,1.81139326136809,2930.44487563796,0,2930.44487563796,0,0,0,2930.44487563796,0,2930.44487563796,2944.47271515477,1200,14.0278395168091
118.660514841666,1,wetting,360,1200,-0.00502835714532946,0.00502835714532946,0,1.8102085723186,0,1.8102085723186,0,1.8102085723186,2932.25508421028,0,2932.25508421028,0,0,0,2932.25508421028,0,2932.25508421028,2946.28292372709,1200,14.0278395168091
118.760514841666,1,wetting,360,1200,-0.00502493062280433,0.00502493062280433,0,1.80897502420956,0,1.80897502420956,0,1.80897502420956,2934.06405923449,0,2934.06405923449,0,0,0,2934.06405923449,0,2934.06405923449,2948.0918987513,1200,14.0278395168091
118.860514841666,1,wetting,360,1200,-0.00502135655448235,0.00502135655448235,0,1.80768835961365,0,1.80768835961365,0,1.80768835961365,2935.8717475941,0,2935.8717475941,0,0,0,2935.8717475941,0,2935.8717475941,2949.89958711091,1200,14.0278395168091
118.960514841666,1,wetting,360,1200,-0.0050176688805946,0.0050176688805946,0,1.80636079701406,0,1.80636079701406,0,1.80636079701406,2937.67810839112,0,2937.67810839112,0,0,0,2937.67810839112,0,2937.67810839112,2951.70594790793,1200,14.0278395168091
119.060514841666,1,wetting,360,1200,-0.00501390085182924,0.00501390085182924,0,1.80500430665853,0,1.80500430665853,0,1.80500430665853,2939.48311269778,0,2939.48311269778,0,0,0,2939.48311269778,0,2939.48311269778,2953.51095221459,1200,14.0278395168091
119.160514841666,1,wetting,360,1200,-0.005010081756514,0.005010081756514,0,1.80362943234504,0,1.80362943234504,0,1.80362943234504,2941.28674213012,0,2941.28674213012,0,0,0,2941.28674213012,0,2941.28674213012,2955.31458164693,1200,14.0278395168091
119.260514841666,1,wetting,360,1200,-0.00500631350192929,0.00500631350192929,0,1.80227286069454,0,1.80227286069454,0,1.80227286069454,2943.08901499082,0,2943.08901499082,0,0,0,2943.08901499082,0,2943.08901499082,2957.11685450763,1200,14.0278395168091
119.360514841666,1,wetting,360,1200,-0.00500257204000638,0.00500257204000638,0,1.8009259344023,0,1.8009259344023,0,1.8009259344023,2944.88994092522,0,2944.88994092522,0,0,0,2944.88994092522,0,2944.88994092522,2958.91778044203,1200,14.0278395168091
119.460514841666,1,wetting,360,1200,-0.00499880844485093,0.00499880844485093,0,1.79957104014634,0,1.79957104014634,0,1.79957104014634,2946.68951196537,0,2946.68951196537,0,0,0,2946.68951196537,0,2946.68951196537,2960.71735148217,1200,14.0278395168091
119.560514841666,1,wetting,360,1200,-0.0049950057348077,0.0049950057348077,0,1.79820206453077,0,1.79820206453077,0,1.79820206453077,2948.4877140299,0,2948.4877140299,0,0,0,2948.4877140299,0,2948.4877140299,2962.51555354671,1200,14.0278395168091
119.660514841666,1,wetting,360,1200,-0.0049911342311463,0.0049911342311463,0,1.79680832321267,0,1.79680832321267,0,1.79680832321267,2950.28452235311,0,2950.28452235311,0,0,0,2950.28452235311,0,2950.28452235311,2964.31236186992,1200,14.0278395168091
119.760514841666,1,wetting,360,1200,-0.00498716548711003,0.00498716548711003,0,1.79537957535961,0,1.79537957535961,0,1.79537957535961,2952.07990192847,0,2952.07990192847,0,0,0,2952.07990192847,0,2952.07990192847,2966.10774144528,1200,14.0278395168091
119.860514841666,1,wetting,360,1200,-0.00498314532966268,0.00498314532966268,0,1.79393231867857,0,1.79393231867857,0,1.79393231867857,2953.87383424715,0,2953.87383424715,0,0,0,2953.87383424715,0,2953.87383424715,2967.90167376396,1200,14.0278395168091
119.960514841666,1,wetting,360,1200,-0.00497908503229881,0.00497908503229881,0,1.79247061162757,0,1.79247061162757,0,1.79247061162757,2955.66630485878,0,2955.66630485878,0,0,0,2955.66630485878,0,2955.66630485878,2969.69414437558,1200,14.0278395168091
120.060514841666,1,wetting,360,1200,-0.00497479529626616,0.00497479529626616,0,1.79092630665582,0,1.79092630665582,0,1.79092630665582,2957.45723116543,0,2957.45723116543,0,0,0,2957.45723116543,0,2957.45723116543,2971.48507068224,1200,14.0278395168091
120.160514841666,1,wetting,360,1200,-0.0049704320798432,0.0049704320798432,0,1.78935554874355,0,1.78935554874355,0,1.78935554874355,2959.24658671417,0,2959.24658671417,0,0,0,2959.24658671417,0,2959.24658671417,2973.27442623098,1200,14.0278395168091
120.260514841666,1,wetting,360,1200,-0.00496578277377022,0.00496578277377022,0,1.78768179855728,0,1.78768179855728,0,1.78768179855728,2961.03426851273,0,2961.03426851273,0,0,0,2961.03426851273,0,2961.03426851273,2975.06210802954,1200,14.0278395168091
120.360514841666,1,wetting,360,1200,-0.00496090129887699,0.00496090129887699,0,1.78592446759571,0,1.78592446759571,0,1.78592446759571,2962.82019298033,0,2962.82019298033,0,0,0,2962.82019298033,0,2962.82019298033,2976.84803249714,1200,14.0278395168091
120.460514841666,1,wetting,360,1200,-0.0049559462599248,0.0049559462599248,0,1.78414065357293,0,1.78414065357293,0,1.78414065357293,2964.6043336339,0,2964.6043336339,0,0,0,2964.6043336339,0,2964.6043336339,2978.63217315071,1200,14.0278395168091
120.560514841666,1,wetting,360,1200,-0.00495091365845671,0.00495091365845671,0,1.78232891704442,0,1.78232891704442,0,1.78232891704442,2966.38666255094,0,2966.38666255094,0,0,0,2966.38666255094,0,2966.38666255094,2980.41450206775,1200,14.0278395168091
120.660514841666,1,wetting,360,1200,-0.0049459555523396,0.0049459555523396,0,1.78054399884226,0,1.78054399884226,0,1.78054399884226,2968.16720654979,0,2968.16720654979,0,0,0,2968.16720654979,0,2968.16720654979,2982.1950460666,1200,14.0278395168091
120.760514841666,1,wetting,360,1200,-0.00494110736786101,0.00494110736786101,0,1.77879865242997,0,1.77879865242997,0,1.77879865242997,2969.94600520222,0,2969.94600520222,0,0,0,2969.94600520222,0,2969.94600520222,2983.97384471903,1200,14.0278395168091
120.860514841666,1,wetting,360,1200,-0.00493638920696474,0.00493638920696474,0,1.77710011450731,0,1.77710011450731,0,1.77710011450731,2971.72310531672,0,2971.72310531672,0,0,0,2971.72310531672,0,2971.72310531672,2985.75094483353,1200,14.0278395168091
120.960514841666,1,wetting,360,1200,-0.00493178145862265,0.00493178145862265,0,1.77544132510415,0,1.77544132510415,0,1.77544132510415,2973.49854664183,0,2973.49854664183,0,0,0,2973.49854664183,0,2973.49854664183,2987.52638615864,1200,14.0278395168091
121.060514841666,1,wetting,360,1200,-0.00492777435196573,0.00492777435196573,0,1.77399876670766,0,1.77399876670766,0,1.77399876670766,2975.27254540854,0,2975.27254540854,0,0,0,2975.27254540854,0,2975.27254540854,2989.30038492535,1200,14.0278395168091
121.160514841666,1,wetting,360,1200,-0.00492393115840416,0.00492393115840416,0,1.7726152170255,0,1.7726152170255,0,1.7726152170255,2977.04516062556,0,2977.04516062556,0,0,0,2977.04516062556,0,2977.04516062556,2991.07300014237,1200,14.0278395168091
121.260514841666,1,wetting,360,1200,-0.00492011915601029,0.00492011915601029,0,1.7712428961637,0,1.7712428961637,0,1.7712428961637,2978.81640352173,0,2978.81640352173,0,0,0,2978.81640352173,0,2978.81640352173,2992.84424303853,1200,14.0278395168091
121.360514841666,1,wetting,360,1200,-0.00491632050588383,0.00491632050588383,0,1.76987538211818,0,1.76987538211818,0,1.76987538211818,2980.58627890384,0,2980.58627890384,0,0,0,2980.58627890384,0,2980.58627890384,2994.61411842065,1200,14.0278395168091
121.460514841666,1,wetting,360,1200,-0.00491252780688268,0.00491252780688268,0,1.76851001047777,0,1.76851001047777,0,1.76851001047777,2982.35478891432,0,2982.35478891432,0,0,0,2982.35478891432,0,2982.35478891432,2996.38262843113,1200,14.0278395168091
121.560514841666,1,wetting,360,1200,-0.00490873138256138,0.00490873138256138,0,1.7671432977221,0,1.7671432977221,0,1.7671432977221,2984.12193221204,0,2984.12193221204,0,0,0,2984.12193221204,0,2984.12193221204,2998.14977172885,1200,14.0278395168091
121.660514841666,1,wetting,360,1200,-0.00490504167259249,0.00490504167259249,0,1.7658150021333,0,1.7658150021333,0,1.7658150021333,2985.88774721418,0,2985.88774721418,0,0,0,2985.88774721418,0,2985.88774721418,2999.91558673099,1200,14.0278395168091
121.760514841666,1,wetting,360,1200,-0.00490153939636778,0.00490153939636778,0,1.7645541826924,0,1.7645541826924,0,1.7645541826924,2987.65230139687,0,2987.65230139687,0,0,0,2987.65230139687,0,2987.65230139687,3001.68014091368,1200,14.0278395168091
121.860514841666,1,wetting,360,1200,-0.00489805296042387,0.00489805296042387,0,1.76329906575259,0,1.76329906575259,0,1.76329906575259,2989.41560046262,0,2989.41560046262,0,0,0,2989.41560046262,0,2989.41560046262,3003.44343997943,1200,14.0278395168091
121.960514841666,1,wetting,360,1200,-0.00489456946573055,0.00489456946573055,0,1.762045007663,0,1.762045007663,0,1.762045007663,2991.17764547028,0,2991.17764547028,0,0,0,2991.17764547028,0,2991.17764547028,3005.20548498709,1200,14.0278395168091
122.060514841666,1,wetting,360,1200,-0.00489109615621966,0.00489109615621966,0,1.76079461623908,0,1.76079461623908,0,1.76079461623908,2992.93844008652,0,2992.93844008652,0,0,0,2992.93844008652,0,2992.93844008652,3006.96627960333,1200,14.0278395168091
122.160514841666,1,wetting,360,1200,-0.00488760047391616,0.00488760047391616,0,1.75953617060982,0,1.75953617060982,0,1.75953617060982,2994.69797625713,0,2994.69797625713,0,0,0,2994.69797625713,0,2994.69797625713,3008.72581577394,1200,14.0278395168091
122.260514841666,1,wetting,360,1200,-0.00488408228448517,0.00488408228448517,0,1.75826962241466,0,1.75826962241466,0,1.75826962241466,2996.45624587955,0,2996.45624587955,0,0,0,2996.45624587955,0,2996.45624587955,3010.48408539636,1200,14.0278395168091
122.360514841666,1,wetting,360,1200,-0.00488057378827003,0.00488057378827003,0,1.75700656377721,0,1.75700656377721,0,1.75700656377721,2998.21325244333,0,2998.21325244333,0,0,0,2998.21325244333,0,2998.21325244333,3012.24109196013,1200,14.0278395168091
122.460514841666,1,wetting,360,1200,-0.00487712192743475,0.00487712192743475,0,1.75576389387651,0,1.75576389387651,0,1.75576389387651,2999.9690163372,0,2999.9690163372,0,0,0,2999.9690163372,0,2999.9690163372,3013.99685585401,1200,14.0278395168091
122.560514841666,1,wetting,360,1200,-0.0048737165043475,0.0048737165043475,0,1.7545379415651,0,1.7545379415651,0,1.7545379415651,3001.72355427877,0,3001.72355427877,0,0,0,3001.72355427877,0,3001.72355427877,3015.75139379558,1200,14.0278395168091
122.660514841666,1,wetting,360,1200,-0.00487035758742411,0.00487035758742411,0,1.75332873147268,0,1.75332873147268,0,1.75332873147268,3003.47688301024,0,3003.47688301024,0,0,0,3003.47688301024,0,3003.47688301024,3017.50472252705,1200,14.0278395168091
122.760514841666,1,wetting,360,1200,-0.00486704641798377,0.00486704641798377,0,1.75213671047416,0,1.75213671047416,0,1.75213671047416,3005.22901972071,0,3005.22901972071,0,0,0,3005.22901972071,0,3005.22901972071,3019.25685923752,1200,14.0278395168091
122.860514841666,1,wetting,360,1200,-0.00486378257473246,0.00486378257473246,0,1.75096172690369,0,1.75096172690369,0,1.75096172690369,3006.97998144762,0,3006.97998144762,0,0,0,3006.97998144762,0,3006.97998144762,3021.00782096443,1200,14.0278395168091
122.960514841666,1,wetting,360,1200,-0.00486056442144448,0.00486056442144448,0,1.74980319172001,0,1.74980319172001,0,1.74980319172001,3008.72978463934,0,3008.72978463934,0,0,0,3008.72978463934,0,3008.72978463934,3022.75762415615,1200,14.0278395168091
123.060514841666,1,wetting,360,1200,-0.00485749845030776,0.00485749845030776,0,1.74869944211079,0,1.74869944211079,0,1.74869944211079,3010.47848408145,0,3010.47848408145,0,0,0,3010.47848408145,0,3010.47848408145,3024.50632359826,1200,14.0278395168091
123.160514841666,1,wetting,360,1200,-0.00485450432874754,0.00485450432874754,0,1.74762155834911,0,1.74762155834911,0,1.74762155834911,3012.2261056398,0,3012.2261056398,0,0,0,3012.2261056398,0,3012.2261056398,3026.25394515661,1200,14.0278395168091
123.260514841666,1,wetting,360,1200,-0.00485153952812873,0.00485153952812873,0,1.74655423012634,0,1.74655423012634,0,1.74655423012634,3013.97265986992,0,3013.97265986992,0,0,0,3013.97265986992,0,3013.97265986992,3028.00049938673,1200,14.0278395168091
123.360514841666,1,wetting,360,1200,-0.00484860412086326,0.00484860412086326,0,1.74549748351077,0,1.74549748351077,0,1.74549748351077,3015.71815735343,0,3015.71815735343,0,0,0,3015.71815735343,0,3015.71815735343,3029.74599687024,1200,14.0278395168091
123.460514841666,1,wetting,360,1200,-0.00484575803838601,0.00484575803838601,0,1.74447289381896,0,1.74447289381896,0,1.74447289381896,3017.46263024725,0,3017.46263024725,0,0,0,3017.46263024725,0,3017.46263024725,3031.49046976406,1200,14.0278395168091
123.560514841666,1,wetting,360,1200,-0.00484293184991093,0.00484293184991093,0,1.74345546596794,0,1.74345546596794,0,1.74345546596794,3019.20608571322,0,3019.20608571322,0,0,0,3019.20608571322,0,3019.20608571322,3033.23392523003,1200,14.0278395168091
123.660514841666,1,wetting,360,1200,-0.00484011503285397,0.00484011503285397,0,1.74244141182743,0,1.74244141182743,0,1.74244141182743,3020.94852712505,0,3020.94852712505,0,0,0,3020.94852712505,0,3020.94852712505,3034.97636664186,1200,14.0278395168091
123.760514841666,1,wetting,360,1200,-0.00483731657803268,0.00483731657803268,0,1.74143396809176,0,1.74143396809176,0,1.74143396809176,3022.68996109314,0,3022.68996109314,0,0,0,3022.68996109314,0,3022.68996109314,3036.71780060995,1200,14.0278395168091
123.860514841666,1,wetting,360,1200,-0.00483453656364553,0.00483453656364553,0,1.74043316291239,0,1.74043316291239,0,1.74043316291239,3024.43039425605,0,3024.43039425605,0,0,0,3024.43039425605,0,3024.43039425605,3038.45823377286,1200,14.0278395168091
123.960514841666,1,wetting,360,1200,-0.00483176199676519,0.00483176199676519,0,1.73943431883547,0,1.73943431883547,0,1.73943431883547,3026.16982857489,0,3026.16982857489,0,0,0,3026.16982857489,0,3026.16982857489,3040.1976680917,1200,14.0278395168091
124.060514841666,1,wetting,360,1200,-0.00482899069331806,0.00482899069331806,0,1.7384366495945,0,1.7384366495945,0,1.7384366495945,3027.90826522448,0,3027.90826522448,0,0,0,3027.90826522448,0,3027.90826522448,3041.93610474129,1200,14.0278395168091
124.160514841666,1,wetting,360,1200,-0.00482621056039745,0.00482621056039745,0,1.73743580174308,0,1.73743580174308,0,1.73743580174308,3029.64570102623,0,3029.64570102623,0,0,0,3029.64570102623,0,3029.64570102623,3043.67354054303,1200,14.0278395168091
124.260514841666,1,wetting,360,1200,-0.00482341399339008,0.00482341399339008,0,1.73642903762043,0,1.73642903762043,0,1.73642903762043,3031.38213006385,0,3031.38213006385,0,0,0,3031.38213006385,0,3031.38213006385,3045.40996958065,1200,14.0278395168091
124.360514841666,1,wetting,360,1200,-0.00482058414692996,0.00482058414692996,0,1.73541029289479,0,1.73541029289479,0,1.73541029289479,3033.11754035674,0,3033.11754035674,0,0,0,3033.11754035674,0,3033.11754035674,3047.14537987355,1200,14.0278395168091
124.460514841666,1,wetting,360,1200,-0.0048177211325271,0.0048177211325271,0,1.73437960770976,0,1.73437960770976,0,1.73437960770976,3034.85191996445,0,3034.85191996445,0,0,0,3034.85191996445,0,3034.85191996445,3048.87975948126,1200,14.0278395168091
124.560514841666,1,wetting,360,1200,-0.0048148223196212,0.0048148223196212,0,1.73333603506363,0,1.73333603506363,0,1.73333603506363,3036.58525599951,0,3036.58525599951,0,0,0,3036.58525599951,0,3036.58525599951,3050.61309551632,1200,14.0278395168091
124.660514841666,1,wetting,360,1200,-0.00481187831464082,0.00481187831464082,0,1.73227619327069,0,1.73227619327069,0,1.73227619327069,3038.31753219278,0,3038.31753219278,0,0,0,3038.31753219278,0,3038.31753219278,3052.34537170959,1200,14.0278395168091
124.760514841666,1,wetting,360,1200,-0.00480887870017374,0.00480887870017374,0,1.73119633206255,0,1.73119633206255,0,1.73119633206255,3040.04872852485,0,3040.04872852485,0,0,0,3040.04872852485,0,3040.04872852485,3054.07656804166,1200,14.0278395168091
124.860514841666,1,wetting,360,1200,-0.00480576774650029,0.00480576774650029,0,1.7300763887401,0,1.7300763887401,0,1.7300763887401,3041.77880491359,0,3041.77880491359,0,0,0,3041.77880491359,0,3041.77880491359,3055.8066444304,1200,14.0278395168091
124.960514841666,1,wetting,360,1200,-0.00480254620805473,0.00480254620805473,0,1.7289166348997,0,1.7289166348997,0,1.7289166348997,3043.50772154849,0,3043.50772154849,0,0,0,3043.50772154849,0,3043.50772154849,3057.5355610653,1200,14.0278395168091
125.060514841666,1,wetting,360,1200,-0.00479928732469405,0.00479928732469405,0,1.72774343688986,0,1.72774343688986,0,1.72774343688986,3045.23546498538,0,3045.23546498538,0,0,0,3045.23546498538,0,3045.23546498538,3059.26330450219,1200,14.0278395168091
125.160514841666,1,wetting,360,1200,-0.00479601158598509,0.00479601158598509,0,1.72656417095463,0,1.72656417095463,0,1.72656417095463,3046.96202915633,0,3046.96202915633,0,0,0,3046.96202915633,0,3046.96202915633,3060.98986867314,1200,14.0278395168091
125.260514841666,1,wetting,360,1200,-0.00479273127592689,0.00479273127592689,0,1.72538325933368,0,1.72538325933368,0,1.72538325933368,3048.68741241567,0,3048.68741241567,0,0,0,3048.68741241567,0,3048.68741241567,3062.71525193247,1200,14.0278395168091
125.360514841666,1,wetting,360,1200,-0.00478943253743841,0.00478943253743841,0,1.72419571347783,0,1.72419571347783,0,1.72419571347783,3050.41160812914,0,3050.41160812914,0,0,0,3050.41160812914,0,3050.41160812914,3064.43944764595,1200,14.0278395168091
125.460514841666,1,wetting,360,1200,-0.00478620682513027,0.00478620682513027,0,1.7230344570469,0,1.7230344570469,0,1.7230344570469,3052.13464258619,0,3052.13464258619,0,0,0,3052.13464258619,0,3052.13464258619,3066.162482103,1200,14.0278395168091
125.560514841666,1,wetting,360,1200,-0.00478292256172332,0.00478292256172332,0,1.7218521222204,0,1.7218521222204,0,1.7218521222204,3053.85649470841,0,3053.85649470841,0,0,0,3053.85649470841,0,3053.85649470841,3067.88433422522,1200,14.0278395168091
125.660514841666,1,wetting,360,1200,-0.00477963051555027,0.00477963051555027,0,1.7206669855981,0,1.7206669855981,0,1.7206669855981,3055.57716169401,0,3055.57716169401,0,0,0,3055.57716169401,0,3055.57716169401,3069.60500121082,1200,14.0278395168091
125.760514841666,1,wetting,360,1200,-0.00477630012556807,0.00477630012556807,0,1.71946804520451,0,1.71946804520451,0,1.71946804520451,3057.29662973921,0,3057.29662973921,0,0,0,3057.29662973921,0,3057.29662973921,3071.32446925602,1200,14.0278395168091
125.860514841666,1,wetting,360,1200,-0.00477293112803252,0.00477293112803252,0,1.71825520609171,0,1.71825520609171,0,1.71825520609171,3059.0148849453,0,3059.0148849453,0,0,0,3059.0148849453,0,3059.0148849453,3073.04272446211,1200,14.0278395168091
125.960514841666,1,wetting,360,1200,-0.00476968221853512,0.00476968221853512,0,1.71708559867264,0,1.71708559867264,0,1.71708559867264,3060.73197054398,0,3060.73197054398,0,0,0,3060.73197054398,0,3060.73197054398,3074.75981006079,1200,14.0278395168091
126.060514841666,1,wetting,360,1200,-0.00476643204957517,0.00476643204957517,0,1.71591553784706,0,1.71591553784706,0,1.71591553784706,3062.44788608182,0,3062.44788608182,0,0,0,3062.44788608182,0,3062.44788608182,3076.47572559863,1200,14.0278395168091
126.160514841666,1,wetting,360,1200,-0.00476316423111946,0.00476316423111946,0,1.714739123203,0,1.714739123203,0,1.714739123203,3064.16262520503,0,3064.16262520503,0,0,0,3064.16262520503,0,3064.16262520503,3078.19046472184,1200,14.0278395168091
126.260514841666,1,wetting,360,1200,-0.00475990577154144,0.00475990577154144,0,1.71356607775492,0,1.71356607775492,0,1.71356607775492,3065.87619128278,0,3065.87619128278,0,0,0,3065.87619128278,0,3065.87619128278,3079.90403079959,1200,14.0278395168091
126.360514841666,1,wetting,360,1200,-0.00475665789024356,0.00475665789024356,0,1.71239684048768,0,1.71239684048768,0,1.71239684048768,3067.58858812327,0,3067.58858812327,0,0,0,3067.58858812327,0,3067.58858812327,3081.61642764008,1200,14.0278395168091
126.460514841666,1,wetting,360,1200,-0.00475342102429403,0.00475342102429403,0,1.71123156874585,0,1.71123156874585,0,1.71123156874585,3069.29981969202,0,3069.29981969202,0,0,0,3069.29981969202,0,3069.29981969202,3083.32765920883,1200,14.0278395168091
126.560514841666,1,wetting,360,1200,-0.00475018287709887,0.00475018287709887,0,1.71006583575559,0,1.71006583575559,0,1.71006583575559,3071.00988552777,0,3071.00988552777,0,0,0,3071.00988552777,0,3071.00988552777,3085.03772504458,1200,14.0278395168091
126.660514841666,1,wetting,360,1200,-0.00474694887724085,0.00474694887724085,0,1.70890159580671,0,1.70890159580671,0,1.70890159580671,3072.71878712358,0,3072.71878712358,0,0,0,3072.71878712358,0,3072.71878712358,3086.74662664039,1200,14.0278395168091
126.760514841666,1,wetting,360,1200,-0.00474372158685342,0.00474372158685342,0,1.70773977126723,0,1.70773977126723,0,1.70773977126723,3074.42652689485,0,3074.42652689485,0,0,0,3074.42652689485,0,3074.42652689485,3088.45436641165,1200,14.0278395168091
126.860514841666,1,wetting,360,1200,-0.00474049984496985,0.00474049984496985,0,1.70657994418915,0,1.70657994418915,0,1.70657994418915,3076.13310683904,0,3076.13310683904,0,0,0,3076.13310683904,0,3076.13310683904,3090.16094635584,1200,14.0278395168091
126.960514841666,1,wetting,360,1200,-0.00473727944462517,0.00473727944462517,0,1.70542060006506,0,1.70542060006506,0,1.70542060006506,3077.8385274391,0,3077.8385274391,0,0,0,3077.8385274391,0,3077.8385274391,3091.86636695591,1200,14.0278395168091
127.060514841666,1,wetting,360,1200,-0.00473405249588636,0.00473405249588636,0,1.70425889851909,0,1.70425889851909,0,1.70425889851909,3079.54278633762,0,3079.54278633762,0,0,0,3079.54278633762,0,3079.54278633762,3093.57062585443,1200,14.0278395168091
127.160514841666,1,wetting,360,1200,-0.00473085563915788,0.00473085563915788,0,1.70310803009684,0,1.70310803009684,0,1.70310803009684,3081.24589436772,0,3081.24589436772,0,0,0,3081.24589436772,0,3081.24589436772,3095.27373388453,1200,14.0278395168091
127.260514841666,1,wetting,360,1200,-0.00472763839099675,0.00472763839099675,0,1.70194982075883,0,1.70194982075883,0,1.70194982075883,3082.94784418848,0,3082.94784418848,0,0,0,3082.94784418848,0,3082.94784418848,3096.97568370528,1200,14.0278395168091
127.360514841666,1,wetting,360,1200,-0.00472438525350942,0.00472438525350942,0,1.70077869126339,0,1.70077869126339,0,1.70077869126339,3084.64862287974,0,3084.64862287974,0,0,0,3084.64862287974,0,3084.64862287974,3098.67646239655,1200,14.0278395168091
127.460514841666,1,wetting,360,1200,-0.00472106297922859,0.00472106297922859,0,1.69958267252229,0,1.69958267252229,0,1.69958267252229,3086.34820555226,0,3086.34820555226,0,0,0,3086.34820555226,0,3086.34820555226,3100.37604506907,1200,14.0278395168091
127.560514841666,1,wetting,360,1200,-0.00471771173485464,0.00471771173485464,0,1.69837622454767,0,1.69837622454767,0,1.69837622454767,3088.04658177681,0,3088.04658177681,0,0,0,3088.04658177681,0,3088.04658177681,3102.07442129362,1200,14.0278395168091
127.660514841666,1,wetting,360,1200,-0.00471431664228582,0.00471431664228582,0,1.6971539912229,0,1.6971539912229,0,1.6971539912229,3089.74373576803,0,3089.74373576803,0,0,0,3089.74373576803,0,3089.74373576803,3103.77157528484,1200,14.0278395168091
127.760514841666,1,wetting,360,1200,-0.00471102298562241,0.00471102298562241,0,1.69596827482407,0,1.69596827482407,0,1.69596827482407,3091.43970404286,0,3091.43970404286,0,0,0,3091.43970404286,0,3091.43970404286,3105.46754355966,1200,14.0278395168091
127.860514841666,1,wetting,360,1200,-0.00470760723815756,0.00470760723815756,0,1.69473860573672,0,1.69473860573672,0,1.69473860573672,3093.13444264859,0,3093.13444264859,0,0,0,3093.13444264859,0,3093.13444264859,3107.1622821654,1200,14.0278395168091
127.960514841666,1,wetting,360,1200,-0.00470402282865893,0.00470402282865893,0,1.69344821831722,0,1.69344821831722,0,1.69344821831722,3094.82789086691,0,3094.82789086691,0,0,0,3094.82789086691,0,3094.82789086691,3108.85573038372,1200,14.0278395168091
128.060514841666,1,wetting,360,1200,-0.00470021954537823,0.00470021954537823,0,1.69207903633616,0,1.69207903633616,0,1.69207903633616,3096.51996990325,0,3096.51996990325,0,0,0,3096.51996990325,0,3096.51996990325,3110.54780942005,1200,14.0278395168091
128.160514841666,1,wetting,360,1200,-0.00469614011555178,0.00469614011555178,0,1.69061044159864,0,1.69061044159864,0,1.69061044159864,3098.21058034484,0,3098.21058034484,0,0,0,3098.21058034484,0,3098.21058034484,3112.23841986165,1200,14.0278395168091
128.260514841666,1,wetting,360,1200,-0.00469169862378181,0.00469169862378181,0,1.68901150456145,0,1.68901150456145,0,1.68901150456145,3099.89959184941,0,3099.89959184941,0,0,0,3099.89959184941,0,3099.89959184941,3113.92743136621,1200,14.0278395168091
128.360514841666,1,wetting,360,1200,-0.004686847056813,0.004686847056813,0,1.68726494045268,0,1.68726494045268,0,1.68726494045268,3101.58685678986,0,3101.58685678986,0,0,0,3101.58685678986,0,3101.58685678986,3115.61469630667,1200,14.0278395168091
128.460514841666,1,wetting,360,1200,-0.00468141738555738,0.00468141738555738,0,1.68531025880066,0,1.68531025880066,0,1.68531025880066,3103.27216704866,0,3103.27216704866,0,0,0,3103.27216704866,0,3103.27216704866,3117.30000656547,1200,14.0278395168091
128.560514841666,1,wetting,360,1200,-0.00467503037599211,0.00467503037599211,0,1.68301093535716,0,1.68301093535716,0,1.68301093535716,3104.95517798402,0,3104.95517798402,0,0,0,3104.95517798402,0,3104.95517798402,3118.98301750083,1200,14.0278395168091
128.660514841666,1,wetting,360,1200,-0.00466711203549393,0.00466711203549393,0,1.68016033277781,0,1.68016033277781,0,1.68016033277781,3106.63533831679,0,3106.63533831679,0,0,0,3106.63533831679,0,3106.63533831679,3120.6631778336,1200,14.0278395168091
128.760514841666,1,wetting,360,1200,-0.00465820483839648,0.00465820483839648,0,1.67695374182273,0,1.67695374182273,0,1.67695374182273,3108.31229205862,0,3108.31229205862,0,0,0,3108.31229205862,0,3108.31229205862,3122.34013157543,1200,14.0278395168091
128.860514841666,1,wetting,360,1200,-0.00465088507286707,0.00465088507286707,0,1.67431862623215,0,1.67431862623215,0,1.67431862623215,3109.98661068485,0,3109.98661068485,0,0,0,3109.98661068485,0,3109.98661068485,3124.01445020166,1200,14.0278395168091
128.960514841666,1,wetting,360,1200,-0.00464389011644389,0.00464389011644389,0,1.6718004419198,0,1.6718004419198,0,1.6718004419198,3111.65841112677,0,3111.65841112677,0,0,0,3111.65841112677,0,3111.65841112677,3125.68625064358,1200,14.0278395168091
129.060514841666,1,wetting,360,1200,-0.00463792775370709,0.00463792775370709,0,1.66965399133455,0,1.66965399133455,0,1.66965399133455,3113.3280651181,0,3113.3280651181,0,0,0,3113.3280651181,0,3113.3280651181,3127.35590463491,1200,14.0278395168091
129.160514841666,1,wetting,360,1200,-0.00463291217694226,0.00463291217694226,0,1.66784838369922,0,1.66784838369922,0,1.66784838369922,3114.9959135018,0,3114.9959135018,0,0,0,3114.9959135018,0,3114.9959135018,3129.02375301861,1200,14.0278395168091
129.260514841666,1,wetting,360,1200,-0.00462884926044994,0.00462884926044994,0,1.66638573376198,0,1.66638573376198,0,1.66638573376198,3116.66229923556,0,3116.66229923556,0,0,0,3116.66229923556,0,3116.66229923556,3130.69013875237,1200,14.0278395168091
129.360514841666,1,wetting,360,1200,-0.00462507777314282,0.00462507777314282,0,1.66502799833142,0,1.66502799833142,0,1.66502799833142,3118.3273272339,0,3118.3273272339,0,0,0,3118.3273272339,0,3118.3273272339,3132.3551667507,1200,14.0278395168091
129.460514841666,1,wetting,360,1200,-0.00462140814514849,0.00462140814514849,0,1.66370693225345,0,1.66370693225345,0,1.66370693225345,3119.99103416615,0,3119.99103416615,0,0,0,3119.99103416615,0,3119.99103416615,3134.01887368296,1200,14.0278395168091
129.560514841666,1,wetting,360,1200,-0.00461779900301172,0.00461779900301172,0,1.66240764108422,0,1.66240764108422,0,1.66240764108422,3121.65344180723,0,3121.65344180723,0,0,0,3121.65344180723,0,3121.65344180723,3135.68128132404,1200,14.0278395168091
129.660514841666,1,wetting,360,1200,-0.00461423842295622,0.00461423842295622,0,1.66112583226424,0,1.66112583226424,0,1.66112583226424,3123.3145676395,0,3123.3145676395,0,0,0,3123.3145676395,0,3123.3145676395,3137.34240715631,1200,14.0278395168091
129.760514841666,1,wetting,360,1200,-0.00461071061912104,0.00461071061912104,0,1.65985582288357,0,1.65985582288357,0,1.65985582288357,3124.97442346238,0,3124.97442346238,0,0,0,3124.97442346238,0,3124.97442346238,3139.00226297919,1200,14.0278395168091
129.860514841666,1,wetting,360,1200,-0.00460719905394041,0.00460719905394041,0,1.65859165941855,0,1.65859165941855,0,1.65859165941855,3126.6330151218,0,3126.6330151218,0,0,0,3126.6330151218,0,3126.6330151218,3140.66085463861,1200,14.0278395168091
129.960514841666,1,wetting,360,1200,-0.0046036809382904,0.0046036809382904,0,1.65732513778454,0,1.65732513778454,0,1.65732513778454,3128.29034025958,0,3128.29034025958,0,0,0,3128.29034025958,0,3128.29034025958,3142.31817977639,1200,14.0278395168091
130.060514841666,1,wetting,360,1200,-0.00460016668531532,0.00460016668531532,0,1.65606000671351,0,1.65606000671351,0,1.65606000671351,3129.9464002663,0,3129.9464002663,0,0,0,3129.9464002663,0,3129.9464002663,3143.97423978311,1200,14.0278395168091
130.160514841666,1,wetting,360,1200,-0.00459666318291558,0.00459666318291558,0,1.65479874584961,0,1.65479874584961,0,1.65479874584961,3131.60119901215,0,3131.60119901215,0,0,0,3131.60119901215,0,3131.60119901215,3145.62903852896,1200,14.0278395168091
130.260514841666,1,wetting,360,1200,-0.00459317526218707,0.00459317526218707,0,1.65354309438735,0,1.65354309438735,0,1.65354309438735,3133.25474210654,0,3133.25474210654,0,0,0,3133.25474210654,0,3133.25474210654,3147.28258162334,1200,14.0278395168091
130.360514841666,1,wetting,360,1200,-0.00458969755476599,0.00458969755476599,0,1.65229111971576,0,1.65229111971576,0,1.65229111971576,3134.90703322625,0,3134.90703322625,0,0,0,3134.90703322625,0,3134.90703322625,3148.93487274306,1200,14.0278395168091
130.460514841666,1,wetting,360,1200,-0.00458625918143046,0.00458625918143046,0,1.65105330531496,0,1.65105330531496,0,1.65105330531496,3136.55808653157,0,3136.55808653157,0,0,0,3136.55808653157,0,3136.55808653157,3150.58592604837,1200,14.0278395168091
130.560514841666,1,wetting,360,1200,-0.0045828458164692,0.0045828458164692,0,1.64982449392891,0,1.64982449392891,0,1.64982449392891,3138.20791102549,0,3138.20791102549,0,0,0,3138.20791102549,0,3138.20791102549,3152.2357505423,1200,14.0278395168091
130.660514841666,1,wetting,360,1200,-0.00457945299137049,0.00457945299137049,0,1.64860307689338,0,1.64860307689338,0,1.64860307689338,3139.85651410239,0,3139.85651410239,0,0,0,3139.85651410239,0,3139.85651410239,3153.8843536192,1200,14.0278395168091
130.760514841666,1,wetting,360,1200,-0.00457605032543888,0.00457605032543888,0,1.647378117158,0,1.647378117158,0,1.647378117158,3141.50389221955,0,3141.50389221955,0,0,0,3141.50389221955,0,3141.50389221955,3155.53173173636,1200,14.0278395168091
130.860514841666,1,wetting,360,1200,-0.00457272340686769,0.00457272340686769,0,1.64618042647237,0,1.64618042647237,0,1.64618042647237,3143.15007264602,0,3143.15007264602,0,0,0,3143.15007264602,0,3143.15007264602,3157.17791216283,1200,14.0278395168091
130.960514841666,1,wetting,360,1200,-0.0045695241971885,0.0045695241971885,0,1.64502871098786,0,1.64502871098786,0,1.64502871098786,3144.79510135701,0,3144.79510135701,0,0,0,3144.79510135701,0,3144.79510135701,3158.82294087382,1200,14.0278395168091
131.060514841666,1,wetting,360,1200,-0.00456640281334634,0.00456640281334634,0,1.64390501280468,0,1.64390501280468,0,1.64390501280468,3146.43900636981,0,3146.43900636981,0,0,0,3146.43900636981,0,3146.43900636981,3160.46684588662,1200,14.0278395168091
131.160514841666,1,wetting,360,1200,-0.00456331564840221,0.00456331564840221,0,1.6427936334248,0,1.6427936334248,0,1.6427936334248,3148.08180000324,0,3148.08180000324,0,0,0,3148.08180000324,0,3148.08180000324,3162.10963952004,1200,14.0278395168091
131.260514841666,1,wetting,360,1200,-0.00456023565482303,0.00456023565482303,0,1.64168483573629,0,1.64168483573629,0,1.64168483573629,3149.72348483897,0,3149.72348483897,0,0,0,3149.72348483897,0,3149.72348483897,3163.75132435578,1200,14.0278395168091
131.360514841666,1,wetting,360,1200,-0.00455719168848209,0.00455719168848209,0,1.64058900785355,0,1.64058900785355,0,1.64058900785355,3151.36407384683,0,3151.36407384683,0,0,0,3151.36407384683,0,3151.36407384683,3165.39191336363,1200,14.0278395168091
131.460514841666,1,wetting,360,1200,-0.00455415207934571,0.00455415207934571,0,1.63949474856446,0,1.63949474856446,0,1.63949474856446,3153.00356859539,0,3153.00356859539,0,0,0,3153.00356859539,0,3153.00356859539,3167.0314081122,1200,14.0278395168091
131.560514841666,1,wetting,360,1200,-0.0045511399984982,0.0045511399984982,0,1.63841039945935,0,1.63841039945935,0,1.63841039945935,3154.64197899485,0,3154.64197899485,0,0,0,3154.64197899485,0,3154.64197899485,3168.66981851166,1200,14.0278395168091
131.660514841666,1,wetting,360,1200,-0.00454819127893979,0.00454819127893979,0,1.63734886041832,0,1.63734886041832,0,1.63734886041832,3156.27932785527,0,3156.27932785527,0,0,0,3156.27932785527,0,3156.27932785527,3170.30716737208,1200,14.0278395168091
131.760514841666,1,wetting,360,1200,-0.00454532881317762,0.00454532881317762,0,1.63631837274394,0,1.63631837274394,0,1.63631837274394,3157.91564622801,0,3157.91564622801,0,0,0,3157.91564622801,0,3157.91564622801,3171.94348574482,1200,14.0278395168091
131.860514841666,1,wetting,360,1200,-0.00454248619774871,0.00454248619774871,0,1.63529503118953,0,1.63529503118953,0,1.63529503118953,3159.5509412592,0,3159.5509412592,0,0,0,3159.5509412592,0,3159.5509412592,3173.57878077601,1200,14.0278395168091
131.960514841666,1,wetting,360,1200,-0.00453966001766803,0.00453966001766803,0,1.63427760636049,0,1.63427760636049,0,1.63427760636049,3161.18521886556,0,3161.18521886556,0,0,0,3161.18521886556,0,3161.18521886556,3175.21305838237,1200,14.0278395168091
132.060514841666,1,wetting,360,1200,-0.00453684942257087,0.00453684942257087,0,1.63326579212551,0,1.63326579212551,0,1.63326579212551,3162.81848465769,0,3162.81848465769,0,0,0,3162.81848465769,0,3162.81848465769,3176.8463241745,1200,14.0278395168091
132.160514841666,1,wetting,360,1200,-0.00453404759882966,0.00453404759882966,0,1.63225713557868,0,1.63225713557868,0,1.63225713557868,3164.45074179327,0,3164.45074179327,0,0,0,3164.45074179327,0,3164.45074179327,3178.47858131007,1200,14.0278395168091
132.260514841666,1,wetting,360,1200,-0.00453125505690057,0.00453125505690057,0,1.6312518204842,0,1.6312518204842,0,1.6312518204842,3166.08199361375,0,3166.08199361375,0,0,0,3166.08199361375,0,3166.08199361375,3180.10983313056,1200,14.0278395168091
132.360514841666,1,wetting,360,1200,-0.00452847488464032,0.00452847488464032,0,1.63025095847052,0,1.63025095847052,0,1.63025095847052,3167.71224457222,0,3167.71224457222,0,0,0,3167.71224457222,0,3167.71224457222,3181.74008408903,1200,14.0278395168091
132.460514841666,1,wetting,360,1200,-0.00452569313447542,0.00452569313447542,0,1.62924952841115,0,1.62924952841115,0,1.62924952841115,3169.34149410063,0,3169.34149410063,0,0,0,3169.34149410063,0,3169.34149410063,3183.36933361744,1200,14.0278395168091
132.560514841666,1,wetting,360,1200,-0.00452291448659065,0.00452291448659065,0,1.62824921517263,0,1.62824921517263,0,1.62824921517263,3170.9697433158,0,3170.9697433158,0,0,0,3170.9697433158,0,3170.9697433158,3184.99758283261,1200,14.0278395168091
132.660514841666,1,wetting,360,1200,-0.00452013508696834,0.00452013508696834,0,1.6272486313086,0,1.6272486313086,0,1.6272486313086,3172.59699194711,0,3172.59699194711,0,0,0,3172.59699194711,0,3172.59699194711,3186.62483146392,1200,14.0278395168091
132.760514841666,1,wetting,360,1200,-0.004517359221915,0.004517359221915,0,1.6262493198894,0,1.6262493198894,0,1.6262493198894,3174.223241267,0,3174.223241267,0,0,0,3174.223241267,0,3174.223241267,3188.25108078381,1200,14.0278395168091
132.860514841666,1,wetting,360,1200,-0.00451458401412981,0.00451458401412981,0,1.62525024508673,0,1.62525024508673,0,1.62525024508673,3175.84849151209,0,3175.84849151209,0,0,0,3175.84849151209,0,3175.84849151209,3189.8763310289,1200,14.0278395168091
132.960514841666,1,wetting,360,1200,-0.00451180433516328,0.00451180433516328,0,1.62424956065878,0,1.62424956065878,0,1.62424956065878,3177.47274107275,0,3177.47274107275,0,0,0,3177.47274107275,0,3177.47274107275,3191.50058058956,1200,14.0278395168091
133.060514841666,1,wetting,360,1200,-0.00450901509038685,0.00450901509038685,0,1.62324543253927,0,1.62324543253927,0,1.62324543253927,3179.09598650529,0,3179.09598650529,0,0,0,3179.09598650529,0,3179.09598650529,3193.1238260221,1200,14.0278395168091
133.160514841666,1,wetting,360,1200,-0.00450622465284671,0.00450622465284671,0,1.62224087502482,0,1.62224087502482,0,1.62224087502482,3180.71822738031,0,3180.71822738031,0,0,0,3180.71822738031,0,3180.71822738031,3194.74606689712,1200,14.0278395168091
133.260514841666,1,wetting,360,1200,-0.00450342482421896,0.00450342482421896,0,1.62123293671883,0,1.62123293671883,0,1.62123293671883,3182.33946031703,0,3182.33946031703,0,0,0,3182.33946031703,0,3182.33946031703,3196.36729983384,1200,14.0278395168091
133.360514841666,1,wetting,360,1200,-0.00450061931490516,0.00450061931490516,0,1.62022295336586,0,1.62022295336586,0,1.62022295336586,3183.9596832704,0,3183.9596832704,0,0,0,3183.9596832704,0,3183.9596832704,3197.98752278721,1200,14.0278395168091
133.460514841666,1,wetting,360,1200,-0.0044977984681776,0.0044977984681776,0,1.61920744854394,0,1.61920744854394,0,1.61920744854394,3185.57889071894,0,3185.57889071894,0,0,0,3185.57889071894,0,3185.57889071894,3199.60673023575,1200,14.0278395168091
133.560514841666,1,wetting,360,1200,-0.00449496157679146,0.00449496157679146,0,1.61818616764492,0,1.61818616764492,0,1.61818616764492,3187.19707688659,0,3187.19707688659,0,0,0,3187.19707688659,0,3187.19707688659,3201.22491640339,1200,14.0278395168091
133.660514841666,1,wetting,360,1200,-0.00449211469856824,0.00449211469856824,0,1.61716129148457,0,1.61716129148457,0,1.61716129148457,3188.81423817807,0,3188.81423817807,0,0,0,3188.81423817807,0,3188.81423817807,3202.84207769488,1200,14.0278395168091
133.760514841666,1,wetting,360,1200,-0.00448926040970923,0.00448926040970923,0,1.61613374749532,0,1.61613374749532,0,1.61613374749532,3190.43037192557,0,3190.43037192557,0,0,0,3190.43037192557,0,3190.43037192557,3204.45821144237,1200,14.0278395168091
133.860514841666,1,wetting,360,1200,-0.00448640467733134,0.00448640467733134,0,1.61510568383928,0,1.61510568383928,0,1.61510568383928,3192.04547760941,0,3192.04547760941,0,0,0,3192.04547760941,0,3192.04547760941,3206.07331712621,1200,14.0278395168091
133.960514841666,1,wetting,360,1200,-0.00448355090966329,0.00448355090966329,0,1.61407832747879,0,1.61407832747879,0,1.61407832747879,3193.65955593688,0,3193.65955593688,0,0,0,3193.65955593688,0,3193.65955593688,3207.68739545369,1200,14.0278395168091
134.060514841666,1,wetting,360,1200,-0.00448070205757876,0.00448070205757876,0,1.61305274072835,0,1.61305274072835,0,1.61305274072835,3195.27260867761,0,3195.27260867761,0,0,0,3195.27260867761,0,3195.27260867761,3209.30044819442,1200,14.0278395168091
134.160514841666,1,wetting,360,1200,-0.00447786188535966,0.00447786188535966,0,1.61203027872948,0,1.61203027872948,0,1.61203027872948,3196.88463895634,0,3196.88463895634,0,0,0,3196.88463895634,0,3196.88463895634,3210.91247847315,1200,14.0278395168091
134.260514841666,1,wetting,360,1200,-0.00447503112508232,0.00447503112508232,0,1.61101120502964,0,1.61101120502964,0,1.61101120502964,3198.49565016137,0,3198.49565016137,0,0,0,3198.49565016137,0,3198.49565016137,3212.52348967818,1200,14.0278395168091
134.360514841666,1,wetting,360,1200,-0.00447220498869669,0.00447220498869669,0,1.60999379593081,0,1.60999379593081,0,1.60999379593081,3200.1056439573,0,3200.1056439573,0,0,0,3200.1056439573,0,3200.1056439573,3214.13348347411,1200,14.0278395168091
134.460514841666,1,wetting,360,1200,-0.00446938679937234,0.00446938679937234,0,1.60897924777404,0,1.60897924777404,0,1.60897924777404,3201.71462320508,0,3201.71462320508,0,0,0,3201.71462320508,0,3201.71462320508,3215.74246272189,1200,14.0278395168091
134.560514841666,1,wetting,360,1200,-0.00446656610372396,0.00446656610372396,0,1.60796379734063,0,1.60796379734063,0,1.60796379734063,3203.32258700242,0,3203.32258700242,0,0,0,3203.32258700242,0,3203.32258700242,3217.35042651923,1200,14.0278395168091
134.660514841666,1,wetting,360,1200,-0.00446375694328261,0.00446375694328261,0,1.60695249958174,0,1.60695249958174,0,1.60695249958174,3204.929539502,0,3204.929539502,0,0,0,3204.929539502,0,3204.929539502,3218.95737901881,1200,14.0278395168091
134.760514841666,1,wetting,360,1200,-0.00446092353631392,0.00446092353631392,0,1.60593247307301,0,1.60593247307301,0,1.60593247307301,3206.53547197507,0,3206.53547197507,0,0,0,3206.53547197507,0,3206.53547197507,3220.56331149188,1200,14.0278395168091
134.860514841666,1,wetting,360,1200,-0.00445799232283718,0.00445799232283718,0,1.60487723622139,0,1.60487723622139,0,1.60487723622139,3208.14034921129,0,3208.14034921129,0,0,0,3208.14034921129,0,3208.14034921129,3222.1681887281,1200,14.0278395168091
134.960514841666,1,wetting,360,1200,-0.0044551474103645,0.0044551474103645,0,1.60385306773122,0,1.60385306773122,0,1.60385306773122,3209.74420227902,0,3209.74420227902,0,0,0,3209.74420227902,0,3209.74420227902,3223.77204179583,1200,14.0278395168091
135.060514841666,1,wetting,360,1200,-0.00445224873988637,0.00445224873988637,0,1.60280954635909,0,1.60280954635909,0,1.60280954635909,3211.34701182538,0,3211.34701182538,0,0,0,3211.34701182538,0,3211.34701182538,3225.37485134219,1200,14.0278395168091
135.160514841666,1,wetting,360,1200,-0.00444930535185675,0.00444930535185675,0,1.60174992666843,0,1.60174992666843,0,1.60174992666843,3212.94876175205,0,3212.94876175205,0,0,0,3212.94876175205,0,3212.94876175205,3226.97660126886,1200,14.0278395168091
135.260514841666,1,wetting,360,1200,-0.00444635780006455,0.00444635780006455,0,1.60068880802324,0,1.60068880802324,0,1.60068880802324,3214.54945056008,0,3214.54945056008,0,0,0,3214.54945056008,0,3214.54945056008,3228.57729007688,1200,14.0278395168091
135.360514841666,1,wetting,360,1200,-0.00444339185558824,0.00444339185558824,0,1.59962106801176,0,1.59962106801176,0,1.59962106801176,3216.14907162809,0,3216.14907162809,0,0,0,3216.14907162809,0,3216.14907162809,3230.1769111449,1200,14.0278395168091
135.460514841666,1,wetting,360,1200,-0.00444049457264247,0.00444049457264247,0,1.59857804615129,0,1.59857804615129,0,1.59857804615129,3217.74764967424,0,3217.74764967424,0,0,0,3217.74764967424,0,3217.74764967424,3231.77548919105,1200,14.0278395168091
135.560514841666,1,wetting,360,1200,-0.00443766934440247,0.00443766934440247,0,1.59756096398489,0,1.59756096398489,0,1.59756096398489,3219.34521063822,0,3219.34521063822,0,0,0,3219.34521063822,0,3219.34521063822,3233.37305015503,1200,14.0278395168091
135.660514841666,1,wetting,360,1200,-0.00443483290861877,0.00443483290861877,0,1.59653984710276,0,1.59653984710276,0,1.59653984710276,3220.94175048533,0,3220.94175048533,0,0,0,3220.94175048533,0,3220.94175048533,3234.96959000214,1200,14.0278395168091
135.760514841666,1,wetting,360,1200,-0.00443192607815477,0.00443192607815477,0,1.59549338813572,0,1.59549338813572,0,1.59549338813572,3222.53724387346,0,3222.53724387346,0,0,0,3222.53724387346,0,3222.53724387346,3236.56508339027,1200,14.0278395168091
135.860514841666,1,wetting,360,1200,-0.00442906923040252,0.00442906923040252,0,1.59446492294491,0,1.59446492294491,0,1.59446492294491,3224.13170879641,0,3224.13170879641,0,0,0,3224.13170879641,0,3224.13170879641,3238.15954831322,1200,14.0278395168091
135.960514841666,1,wetting,360,1200,-0.00442617132732004,0.00442617132732004,0,1.59342167783521,0,1.59342167783521,0,1.59342167783521,3225.72513047424,0,3225.72513047424,0,0,0,3225.72513047424,0,3225.72513047424,3239.75296999105,1200,14.0278395168091
136.060514841666,1,wetting,360,1200,-0.00442319700110645,0.00442319700110645,0,1.59235092039832,0,1.59235092039832,0,1.59235092039832,3227.31748139464,0,3227.31748139464,0,0,0,3227.31748139464,0,3227.31748139464,3241.34532091145,1200,14.0278395168091
136.160514841666,1,wetting,360,1200,-0.00442019335032873,0.00442019335032873,0,1.59126960611834,0,1.59126960611834,0,1.59126960611834,3228.90875100076,0,3228.90875100076,0,0,0,3228.90875100076,0,3228.90875100076,3242.93659051757,1200,14.0278395168091
136.260514841666,1,wetting,360,1200,-0.00441714041742102,0.00441714041742102,0,1.59017055027157,0,1.59017055027157,0,1.59017055027157,3230.49892155103,0,3230.49892155103,0,0,0,3230.49892155103,0,3230.49892155103,3244.52676106784,1200,14.0278395168091
136.360514841666,1,wetting,360,1200,-0.00441403014925322,0.00441403014925322,0,1.58905085373116,0,1.58905085373116,0,1.58905085373116,3232.08797240476,0,3232.08797240476,0,0,0,3232.08797240476,0,3232.08797240476,3246.11581192157,1200,14.0278395168091
136.460514841666,1,wetting,360,1200,-0.00441084587424581,0.00441084587424581,0,1.58790451472849,0,1.58790451472849,0,1.58790451472849,3233.67587691949,0,3233.67587691949,0,0,0,3233.67587691949,0,3233.67587691949,3247.7037164363,1200,14.0278395168091
136.560514841666,1,wetting,360,1200,-0.00440757164276839,0.00440757164276839,0,1.58672579139662,0,1.58672579139662,0,1.58672579139662,3235.26260271089,0,3235.26260271089,0,0,0,3235.26260271089,0,3235.26260271089,3249.2904422277,1200,14.0278395168091
136.660514841666,1,wetting,360,1200,-0.00440420841826276,0.00440420841826276,0,1.58551503057459,0,1.58551503057459,0,1.58551503057459,3236.84811774146,0,3236.84811774146,0,0,0,3236.84811774146,0,3236.84811774146,3250.87595725827,1200,14.0278395168091
136.760514841666,1,wetting,360,1200,-0.00440083394108445,0.00440083394108445,0,1.5843002187904,0,1.5843002187904,0,1.5843002187904,3238.43241796025,0,3238.43241796025,0,0,0,3238.43241796025,0,3238.43241796025,3252.46025747706,1200,14.0278395168091
136.860514841666,1,wetting,360,1200,-0.00439750288441702,0.00439750288441702,0,1.58310103839013,0,1.58310103839013,0,1.58310103839013,3240.01551899864,0,3240.01551899864,0,0,0,3240.01551899864,0,3240.01551899864,3254.04335851545,1200,14.0278395168091
136.960514841666,1,wetting,360,1200,-0.00439408625321933,0.00439408625321933,0,1.58187105115896,0,1.58187105115896,0,1.58187105115896,3241.5973900498,0,3241.5973900498,0,0,0,3241.5973900498,0,3241.5973900498,3255.62522956661,1200,14.0278395168091
137.060514841666,1,wetting,360,1200,-0.00439056564074895,0.00439056564074895,0,1.58060363066962,0,1.58060363066962,0,1.58060363066962,3243.17799368047,0,3243.17799368047,0,0,0,3243.17799368047,0,3243.17799368047,3257.20583319728,1200,14.0278395168091
137.160514841666,1,wetting,360,1200,-0.00438691922643372,0.00438691922643372,0,1.57929092151614,0,1.57929092151614,0,1.57929092151614,3244.75728460199,0,3244.75728460199,0,0,0,3244.75728460199,0,3244.75728460199,3258.7851241188,1200,14.0278395168091
137.260514841666,1,wetting,360,1200,-0.00438312629299977,0.00438312629299977,0,1.57792546547992,0,1.57792546547992,0,1.57792546547992,3246.33521006747,0,3246.33521006747,0,0,0,3246.33521006747,0,3246.33521006747,3260.36304958427,1200,14.0278395168091
137.360514841666,1,wetting,360,1200,-0.00437918308763201,0.00437918308763201,0,1.57650591154752,0,1.57650591154752,0,1.57650591154752,3247.91171597901,0,3247.91171597901,0,0,0,3247.91171597901,0,3247.91171597901,3261.93955549582,1200,14.0278395168091
137.460514841666,1,wetting,360,1200,-0.00437500427209654,0.00437500427209654,0,1.57500153795476,0,1.57500153795476,0,1.57500153795476,3249.48671751697,0,3249.48671751697,0,0,0,3249.48671751697,0,3249.48671751697,3263.51455703378,1200,14.0278395168091
137.560514841666,1,wetting,360,1200,-0.00437075075717638,0.00437075075717638,0,1.5734702725835,0,1.5734702725835,0,1.5734702725835,3251.06018778955,0,3251.06018778955,0,0,0,3251.06018778955,0,3251.06018778955,3265.08802730636,1200,14.0278395168091
137.660514841666,1,wetting,360,1200,-0.00436636862888984,0.00436636862888984,0,1.57189270640034,0,1.57189270640034,0,1.57189270640034,3252.63208049595,0,3252.63208049595,0,0,0,3252.63208049595,0,3252.63208049595,3266.65992001276,1200,14.0278395168091
137.760514841666,1,wetting,360,1200,-0.00436220638735208,0.00436220638735208,0,1.57039429944675,0,1.57039429944675,0,1.57039429944675,3254.2024747954,0,3254.2024747954,0,0,0,3254.2024747954,0,3254.2024747954,3268.23031431221,1200,14.0278395168091
137.860514841666,1,wetting,360,1200,-0.0043581853737494,0.0043581853737494,0,1.56894673454978,0,1.56894673454978,0,1.56894673454978,3255.77142152995,0,3255.77142152995,0,0,0,3255.77142152995,0,3255.77142152995,3269.79926104676,1200,14.0278395168091
137.960514841666,1,wetting,360,1200,-0.00435418460999526,0.00435418460999526,0,1.56750645959829,0,1.56750645959829,0,1.56750645959829,3257.33892798955,0,3257.33892798955,0,0,0,3257.33892798955,0,3257.33892798955,3271.36676750636,1200,14.0278395168091
138.060514841666,1,wetting,360,1200,-0.00435045203767379,0.00435045203767379,0,1.56616273356256,0,1.56616273356256,0,1.56616273356256,3258.90509072311,0,3258.90509072311,0,0,0,3258.90509072311,0,3258.90509072311,3272.93293023992,1200,14.0278395168091
138.160514841666,1,wetting,360,1200,-0.00434686477327652,0.00434686477327652,0,1.56487131837955,0,1.56487131837955,0,1.56487131837955,3260.46996204149,0,3260.46996204149,0,0,0,3260.46996204149,0,3260.46996204149,3274.4978015583,1200,14.0278395168091
138.260514841666,1,wetting,360,1200,-0.00434324672691686,0.00434324672691686,0,1.56356882169007,0,1.56356882169007,0,1.56356882169007,3262.03353086318,0,3262.03353086318,0,0,0,3262.03353086318,0,3262.03353086318,3276.06137037999,1200,14.0278395168091
138.360514841666,1,wetting,360,1200,-0.004339645683079,0.004339645683079,0,1.56227244590844,0,1.56227244590844,0,1.56227244590844,3263.59580330909,0,3263.59580330909,0,0,0,3263.59580330909,0,3263.59580330909,3277.6236428259,1200,14.0278395168091
138.460514841666,1,wetting,360,1200,-0.00433624776963531,0.00433624776963531,0,1.56104919706871,0,1.56104919706871,0,1.56104919706871,3265.15685250616,0,3265.15685250616,0,0,0,3265.15685250616,0,3265.15685250616,3279.18469202297,1200,14.0278395168091
138.560514841666,1,wetting,360,1200,-0.00433288706086212,0.00433288706086212,0,1.55983934191036,0,1.55983934191036,0,1.55983934191036,3266.71669184807,0,3266.71669184807,0,0,0,3266.71669184807,0,3266.71669184807,3280.74453136488,1200,14.0278395168091
138.660514841666,1,wetting,360,1200,-0.00432952319634134,0.00432952319634134,0,1.55862835068288,0,1.55862835068288,0,1.55862835068288,3268.27532019875,0,3268.27532019875,0,0,0,3268.27532019875,0,3268.27532019875,3282.30315971556,1200,14.0278395168091
138.760514841666,1,wetting,360,1200,-0.00432612278460184,0.00432612278460184,0,1.55740420245666,0,1.55740420245666,0,1.55740420245666,3269.83272440121,0,3269.83272440121,0,0,0,3269.83272440121,0,3269.83272440121,3283.86056391802,1200,14.0278395168091
138.860514841666,1,wetting,360,1200,-0.00432266262678413,0.00432266262678413,0,1.55615854564229,0,1.55615854564229,0,1.55615854564229,3271.38888294685,0,3271.38888294685,0,0,0,3271.38888294685,0,3271.38888294685,3285.41672246366,1200,14.0278395168091
138.960514841666,1,wetting,360,1200,-0.00431915306097587,0.00431915306097587,0,1.55489510195131,0,1.55489510195131,0,1.55489510195131,3272.9437780488,0,3272.9437780488,0,0,0,3272.9437780488,0,3272.9437780488,3286.97161756561,1200,14.0278395168091
139.060514841666,1,wetting,360,1200,-0.00431565685983506,0.00431565685983506,0,1.55363646954062,0,1.55363646954062,0,1.55363646954062,3274.49741451834,0,3274.49741451834,0,0,0,3274.49741451834,0,3274.49741451834,3288.52525403515,1200,14.0278395168091
139.160514841666,1,wetting,360,1200,-0.00431205122593392,0.00431205122593392,0,1.55233844133621,0,1.55233844133621,0,1.55233844133621,3276.04975295968,0,3276.04975295968,0,0,0,3276.04975295968,0,3276.04975295968,3290.07759247649,1200,14.0278395168091
139.260514841666,1,wetting,360,1200,-0.0043085077184161,0.0043085077184161,0,1.5510627786298,0,1.5510627786298,0,1.5510627786298,3277.60081573831,0,3277.60081573831,0,0,0,3277.60081573831,0,3277.60081573831,3291.62865525512,1200,14.0278395168091
139.360514841666,1,wetting,360,1200,-0.00430499037248042,0.00430499037248042,0,1.54979653409295,0,1.54979653409295,0,1.54979653409295,3279.1506122724,0,3279.1506122724,0,0,0,3279.1506122724,0,3279.1506122724,3293.17845178921,1200,14.0278395168091
139.460514841666,1,wetting,360,1200,-0.00430152452764888,0.00430152452764888,0,1.5485488299536,0,1.5485488299536,0,1.5485488299536,3280.69916110235,0,3280.69916110235,0,0,0,3280.69916110235,0,3280.69916110235,3294.72700061916,1200,14.0278395168091
139.560514841666,1,wetting,360,1200,-0.0042981325946322,0.0042981325946322,0,1.54732773406759,0,1.54732773406759,0,1.54732773406759,3282.24648883642,0,3282.24648883642,0,0,0,3282.24648883642,0,3282.24648883642,3296.27432835323,1200,14.0278395168091
139.660514841666,1,wetting,360,1200,-0.00429475056309175,0.00429475056309175,0,1.54611020271303,0,1.54611020271303,0,1.54611020271303,3283.79259903913,0,3283.79259903913,0,0,0,3283.79259903913,0,3283.79259903913,3297.82043855594,1200,14.0278395168091
139.760514841666,1,wetting,360,1200,-0.00429151008991891,0.00429151008991891,0,1.54494363237081,0,1.54494363237081,0,1.54494363237081,3285.3375426715,0,3285.3375426715,0,0,0,3285.3375426715,0,3285.3375426715,3299.36538218831,1200,14.0278395168091
139.860514841666,1,wetting,360,1200,-0.00428831933241056,0.00428831933241056,0,1.5437949596678,0,1.5437949596678,0,1.5437949596678,3286.88133763117,0,3286.88133763117,0,0,0,3286.88133763117,0,3286.88133763117,3300.90917714798,1200,14.0278395168091
139.960514841666,1,wetting,360,1200,-0.00428533008699047,0.00428533008699047,0,1.54271883131657,0,1.54271883131657,0,1.54271883131657,3288.42405646249,0,3288.42405646249,0,0,0,3288.42405646249,0,3288.42405646249,3302.4518959793,1200,14.0278395168091
140.060514841666,1,wetting,360,1200,-0.00428244772676203,0.00428244772676203,0,1.54168118163433,0,1.54168118163433,0,1.54168118163433,3289.96573764412,0,3289.96573764412,0,0,0,3289.96573764412,0,3289.96573764412,3303.99357716093,1200,14.0278395168091
140.160514841666,1,wetting,360,1200,-0.00427954946792861,0.00427954946792861,0,1.5406378084543,0,1.5406378084543,0,1.5406378084543,3291.50637545258,0,3291.50637545258,0,0,0,3291.50637545258,0,3291.50637545258,3305.53421496939,1200,14.0278395168091
140.260514841666,1,wetting,360,1200,-0.00427672126634799,0.00427672126634799,0,1.53961965588528,0,1.53961965588528,0,1.53961965588528,3293.04599510846,0,3293.04599510846,0,0,0,3293.04599510846,0,3293.04599510846,3307.07383462527,1200,14.0278395168091
140.360514841666,1,wetting,360,1200,-0.00427390612544022,0.00427390612544022,0,1.53860620515848,0,1.53860620515848,0,1.53860620515848,3294.58460131362,0,3294.58460131362,0,0,0,3294.58460131362,0,3294.58460131362,3308.61244083043,1200,14.0278395168091
140.460514841666,1,wetting,360,1200,-0.00427109564257735,0.00427109564257735,0,1.53759443132785,0,1.53759443132785,0,1.53759443132785,3296.12219574495,0,3296.12219574495,0,0,0,3296.12219574495,0,3296.12219574495,3310.15003526176,1200,14.0278395168091
140.560514841666,1,wetting,360,1200,-0.00426832453087207,0.00426832453087207,0,1.53659683111395,0,1.53659683111395,0,1.53659683111395,3297.65879257606,0,3297.65879257606,0,0,0,3297.65879257606,0,3297.65879257606,3311.68663209287,1200,14.0278395168091
140.660514841666,1,wetting,360,1200,-0.0042655669983541,0.0042655669983541,0,1.53560411940747,0,1.53560411940747,0,1.53560411940747,3299.19439669547,0,3299.19439669547,0,0,0,3299.19439669547,0,3299.19439669547,3313.22223621228,1200,14.0278395168091
140.760514841666,1,wetting,360,1200,-0.00426280615877636,0.00426280615877636,0,1.53461021715949,0,1.53461021715949,0,1.53461021715949,3300.72900691263,0,3300.72900691263,0,0,0,3300.72900691263,0,3300.72900691263,3314.75684642944,1200,14.0278395168091
140.860514841666,1,wetting,360,1200,-0.00426006121901009,0.00426006121901009,0,1.53362203884363,0,1.53362203884363,0,1.53362203884363,3302.26262895147,0,3302.26262895147,0,0,0,3302.26262895147,0,3302.26262895147,3316.29046846828,1200,14.0278395168091
140.960514841666,1,wetting,360,1200,-0.004257318483612,0.004257318483612,0,1.53263465410032,0,1.53263465410032,0,1.53263465410032,3303.79526360557,0,3303.79526360557,0,0,0,3303.79526360557,0,3303.79526360557,3317.82310312238,1200,14.0278395168091
141.060514841666,1,wetting,360,1200,-0.00425458265533369,0.00425458265533369,0,1.53164975592013,0,1.53164975592013,0,1.53164975592013,3305.32691336149,0,3305.32691336149,0,0,0,3305.32691336149,0,3305.32691336149,3319.3547528783,1200,14.0278395168091
141.160514841666,1,wetting,360,1200,-0.00425187130228491,0.00425187130228491,0,1.53067366882257,0,1.53067366882257,0,1.53067366882257,3306.85758703032,0,3306.85758703032,0,0,0,3306.85758703032,0,3306.85758703032,3320.88542654713,1200,14.0278395168091
141.260514841666,1,wetting,360,1200,-0.00424917715386406,0.00424917715386406,0,1.52970377539106,0,1.52970377539106,0,1.52970377539106,3308.38729080571,0,3308.38729080571,0,0,0,3308.38729080571,0,3308.38729080571,3322.41513032252,1200,14.0278395168091
141.360514841666,1,wetting,360,1200,-0.00424649348191569,0.00424649348191569,0,1.52873765348965,0,1.52873765348965,0,1.52873765348965,3309.9160284592,0,3309.9160284592,0,0,0,3309.9160284592,0,3309.9160284592,3323.94386797601,1200,14.0278395168091
141.460514841666,1,wetting,360,1200,-0.00424382736665011,0.00424382736665011,0,1.52777785199404,0,1.52777785199404,0,1.52777785199404,3311.44380631119,0,3311.44380631119,0,0,0,3311.44380631119,0,3311.44380631119,3325.471645828,1200,14.0278395168091
141.560514841666,1,wetting,360,1200,-0.004241178396351,0.004241178396351,0,1.52682422268636,0,1.52682422268636,0,1.52682422268636,3312.97063053388,0,3312.97063053388,0,0,0,3312.97063053388,0,3312.97063053388,3326.99847005069,1200,14.0278395168091
141.660514841666,1,wetting,360,1200,-0.00423854601157678,0.00423854601157678,0,1.52587656416764,0,1.52587656416764,0,1.52587656416764,3314.49650709805,0,3314.49650709805,0,0,0,3314.49650709805,0,3314.49650709805,3328.52434661485,1200,14.0278395168091
141.760514841666,1,wetting,360,1200,-0.00423591320885971,0.00423591320885971,0,1.52492875518949,0,1.52492875518949,0,1.52492875518949,3316.02143585323,0,3316.02143585323,0,0,0,3316.02143585323,0,3316.02143585323,3330.04927537004,1200,14.0278395168091
141.860514841666,1,wetting,360,1200,-0.004233297903847,0.004233297903847,0,1.52398724538492,0,1.52398724538492,0,1.52398724538492,3317.54542309862,0,3317.54542309862,0,0,0,3317.54542309862,0,3317.54542309862,3331.57326261543,1200,14.0278395168091
141.960514841666,1,wetting,360,1200,-0.00423069646491462,0.00423069646491462,0,1.52305072736926,0,1.52305072736926,0,1.52305072736926,3319.06847382599,0,3319.06847382599,0,0,0,3319.06847382599,0,3319.06847382599,3333.0963133428,1200,14.0278395168091
142.060514841666,1,wetting,360,1200,-0.00422810109641911,0.00422810109641911,0,1.52211639471088,0,1.52211639471088,0,1.52211639471088,3320.5905902207,0,3320.5905902207,0,0,0,3320.5905902207,0,3320.5905902207,3334.61842973751,1200,14.0278395168091
142.160514841666,1,wetting,360,1200,-0.00422551455448645,0.00422551455448645,0,1.52118523961512,0,1.52118523961512,0,1.52118523961512,3322.11177546031,0,3322.11177546031,0,0,0,3322.11177546031,0,3322.11177546031,3336.13961497712,1200,14.0278395168091
142.260514841666,1,wetting,360,1200,-0.00422292275921503,0.00422292275921503,0,1.52025219331741,0,1.52025219331741,0,1.52025219331741,3323.63202765363,0,3323.63202765363,0,0,0,3323.63202765363,0,3323.63202765363,3337.65986717044,1200,14.0278395168091
142.360514841666,1,wetting,360,1200,-0.00422030096483767,0.00422030096483767,0,1.51930834734156,0,1.51930834734156,0,1.51930834734156,3325.15133600097,0,3325.15133600097,0,0,0,3325.15133600097,0,3325.15133600097,3339.17917551778,1200,14.0278395168091
142.460514841666,1,wetting,360,1200,-0.00421768663080324,0.00421768663080324,0,1.51836718708917,0,1.51836718708917,0,1.51836718708917,3326.66970318806,0,3326.66970318806,0,0,0,3326.66970318806,0,3326.66970318806,3340.69754270487,1200,14.0278395168091
142.560514841666,1,wetting,360,1200,-0.00421507054779131,0.00421507054779131,0,1.51742539720487,0,1.51742539720487,0,1.51742539720487,3328.18712858527,0,3328.18712858527,0,0,0,3328.18712858527,0,3328.18712858527,3342.21496810208,1200,14.0278395168091
142.660514841666,1,wetting,360,1200,-0.00421243475913514,0.00421243475913514,0,1.51647651328865,0,1.51647651328865,0,1.51647651328865,3329.70360509856,0,3329.70360509856,0,0,0,3329.70360509856,0,3329.70360509856,3343.73144461537,1200,14.0278395168091
142.760514841666,1,wetting,360,1200,-0.00420980082961929,0.00420980082961929,0,1.51552829866294,0,1.51552829866294,0,1.51552829866294,3331.21913339722,0,3331.21913339722,0,0,0,3331.21913339722,0,3331.21913339722,3345.24697291403,1200,14.0278395168091
142.860514841666,1,wetting,360,1200,-0.00420715918198644,0.00420715918198644,0,1.51457730551512,0,1.51457730551512,0,1.51457730551512,3332.73371070273,0,3332.73371070273,0,0,0,3332.73371070273,0,3332.73371070273,3346.76155021954,1200,14.0278395168091
142.960514841666,1,wetting,360,1200,-0.00420450008753357,0.00420450008753357,0,1.51362003151209,0,1.51362003151209,0,1.51362003151209,3334.24733073425,0,3334.24733073425,0,0,0,3334.24733073425,0,3334.24733073425,3348.27517025105,1200,14.0278395168091
143.060514841666,1,wetting,360,1200,-0.00420181019124066,0.00420181019124066,0,1.51265166884664,0,1.51265166884664,0,1.51265166884664,3335.75998240309,0,3335.75998240309,0,0,0,3335.75998240309,0,3335.75998240309,3349.7878219199,1200,14.0278395168091
143.160514841666,1,wetting,360,1200,-0.00419909913329012,0.00419909913329012,0,1.51167568798444,0,1.51167568798444,0,1.51167568798444,3337.27165809108,0,3337.27165809108,0,0,0,3337.27165809108,0,3337.27165809108,3351.29949760789,1200,14.0278395168091
143.260514841666,1,wetting,360,1200,-0.00419634779239273,0.00419634779239273,0,1.51068520526138,0,1.51068520526138,0,1.51068520526138,3338.78234329634,0,3338.78234329634,0,0,0,3338.78234329634,0,3338.78234329634,3352.81018281315,1200,14.0278395168091
143.360514841666,1,wetting,360,1200,-0.00419355041552365,0.00419355041552365,0,1.50967814958851,0,1.50967814958851,0,1.50967814958851,3340.29202144593,0,3340.29202144593,0,0,0,3340.29202144593,0,3340.29202144593,3354.31986096274,1200,14.0278395168091
143.460514841666,1,wetting,360,1200,-0.00419071959694474,0.00419071959694474,0,1.50865905490011,0,1.50865905490011,0,1.50865905490011,3341.80068050083,0,3341.80068050083,0,0,0,3341.80068050083,0,3341.80068050083,3355.82852001764,1200,14.0278395168091
143.560514841666,1,wetting,360,1200,-0.00418786410962928,0.00418786410962928,0,1.50763107946654,0,1.50763107946654,0,1.50763107946654,3343.30831158029,0,3343.30831158029,0,0,0,3343.30831158029,0,3343.30831158029,3357.3361510971,1200,14.0278395168091
143.660514841666,1,wetting,360,1200,-0.00418497598340573,0.00418497598340573,0,1.50659135402606,0,1.50659135402606,0,1.50659135402606,3344.81490293432,0,3344.81490293432,0,0,0,3344.81490293432,0,3344.81490293432,3358.84274245113,1200,14.0278395168091
143.760514841666,1,wetting,360,1200,-0.00418208086608619,0.00418208086608619,0,1.50554911179103,0,1.50554911179103,0,1.50554911179103,3346.32045204611,0,3346.32045204611,0,0,0,3346.32045204611,0,3346.32045204611,3360.34829156292,1200,14.0278395168091
143.860514841666,1,wetting,360,1200,-0.00417917651475727,0.00417917651475727,0,1.50450354531262,0,1.50450354531262,0,1.50450354531262,3347.82495559142,0,3347.82495559142,0,0,0,3347.82495559142,0,3347.82495559142,3361.85279510823,1200,14.0278395168091
143.960514841666,1,wetting,360,1200,-0.00417627286888589,0.00417627286888589,0,1.50345823279892,0,1.50345823279892,0,1.50345823279892,3349.32841382422,0,3349.32841382422,0,0,0,3349.32841382422,0,3349.32841382422,3363.35625334103,1200,14.0278395168091
144.060514841666,1,wetting,360,1200,-0.00417337180859474,0.00417337180859474,0,1.50241385109411,0,1.50241385109411,0,1.50241385109411,3350.83082767532,0,3350.83082767532,0,0,0,3350.83082767532,0,3350.83082767532,3364.85866719212,1200,14.0278395168091
144.160514841666,1,wetting,360,1200,-0.00417046768170503,0.00417046768170503,0,1.50136836541381,0,1.50136836541381,0,1.50136836541381,3352.33219604073,0,3352.33219604073,0,0,0,3352.33219604073,0,3352.33219604073,3366.36003555754,1200,14.0278395168091
144.260514841666,1,wetting,360,1200,-0.00416759172764351,0.00416759172764351,0,1.50033302195166,0,1.50033302195166,0,1.50033302195166,3353.83252906268,0,3353.83252906268,0,0,0,3353.83252906268,0,3353.83252906268,3367.86036857949,1200,14.0278395168091
144.360514841666,1,wetting,360,1200,-0.00416478727594904,0.00416478727594904,0,1.49932341934165,0,1.49932341934165,0,1.49932341934165,3355.33185248202,0,3355.33185248202,0,0,0,3355.33185248202,0,3355.33185248202,3369.35969199883,1200,14.0278395168091
144.460514841666,1,wetting,360,1200,-0.00416186134078845,0.00416186134078845,0,1.49827008268384,0,1.49827008268384,0,1.49827008268384,3356.83012256471,0,3356.83012256471,0,0,0,3356.83012256471,0,3356.83012256471,3370.85796208152,1200,14.0278395168091
144.560514841666,1,wetting,360,1200,-0.00415907809820761,0.00415907809820761,0,1.49726811535474,0,1.49726811535474,0,1.49726811535474,3358.32739068006,0,3358.32739068006,0,0,0,3358.32739068006,0,3358.32739068006,3372.35523019687,1200,14.0278395168091
144.660514841666,1,wetting,360,1200,-0.00415626514001977,0.00415626514001977,0,1.49625545040712,0,1.49625545040712,0,1.49625545040712,3359.82364613047,0,3359.82364613047,0,0,0,3359.82364613047,0,3359.82364613047,3373.85148564728,1200,14.0278395168091
144.760514841666,1,wetting,360,1200,-0.00415343280601091,0.00415343280601091,0,1.49523581016393,0,1.49523581016393,0,1.49523581016393,3361.31888194063,0,3361.31888194063,0,0,0,3361.31888194063,0,3361.31888194063,3375.34672145744,1200,14.0278395168091
144.860514841666,1,wetting,360,1200,-0.00415059318484189,0.00415059318484189,0,1.49421354654308,0,1.49421354654308,0,1.49421354654308,3362.81309548718,0,3362.81309548718,0,0,0,3362.81309548718,0,3362.81309548718,3376.84093500399,1200,14.0278395168091
144.960514841666,1,wetting,360,1200,-0.00414772512600037,0.00414772512600037,0,1.49318104536013,0,1.49318104536013,0,1.49318104536013,3364.30627653254,0,3364.30627653254,0,0,0,3364.30627653254,0,3364.30627653254,3378.33411604935,1200,14.0278395168091
145.060514841666,1,wetting,360,1200,-0.0041448228485032,0.0041448228485032,0,1.49213622546115,0,1.49213622546115,0,1.49213622546115,3365.798412758,0,3365.798412758,0,0,0,3365.798412758,0,3365.798412758,3379.82625227481,1200,14.0278395168091
145.160514841666,1,wetting,360,1200,-0.00414183877013317,0.00414183877013317,0,1.49106195724794,0,1.49106195724794,0,1.49106195724794,3367.28947471525,0,3367.28947471525,0,0,0,3367.28947471525,0,3367.28947471525,3381.31731423205,1200,14.0278395168091
145.260514841666,1,wetting,360,1200,-0.00413888145787262,0.00413888145787262,0,1.48999732483414,0,1.48999732483414,0,1.48999732483414,3368.77947204008,0,3368.77947204008,0,0,0,3368.77947204008,0,3368.77947204008,3382.80731155689,1200,14.0278395168091
145.360514841666,1,wetting,360,1200,-0.00413591432236418,0.00413591432236418,0,1.48892915605111,0,1.48892915605111,0,1.48892915605111,3370.26840119613,0,3370.26840119613,0,0,0,3370.26840119613,0,3370.26840119613,3384.29624071294,1200,14.0278395168091
145.460514841666,1,wetting,360,1200,-0.00413293364551246,0.00413293364551246,0,1.48785611238449,0,1.48785611238449,0,1.48785611238449,3371.75625730852,0,3371.75625730852,0,0,0,3371.75625730852,0,3371.75625730852,3385.78409682532,1200,14.0278395168091
145.560514841666,1,wetting,360,1200,-0.00412997610316881,0.00412997610316881,0,1.48679139714077,0,1.48679139714077,0,1.48679139714077,3373.24304870566,0,3373.24304870566,0,0,0,3373.24304870566,0,3373.24304870566,3387.27088822247,1200,14.0278395168091
145.660514841666,1,wetting,360,1200,-0.00412706291326163,0.00412706291326163,0,1.48574264877419,0,1.48574264877419,0,1.48574264877419,3374.72879135443,0,3374.72879135443,0,0,0,3374.72879135443,0,3374.72879135443,3388.75663087124,1200,14.0278395168091
145.760514841666,1,wetting,360,1200,-0.00412415165042534,0.00412415165042534,0,1.48469459415312,0,1.48469459415312,0,1.48469459415312,3376.21348594858,0,3376.21348594858,0,0,0,3376.21348594858,0,3376.21348594858,3390.24132546539,1200,14.0278395168091
145.860514841666,1,wetting,360,1200,-0.00412124697708839,0.00412124697708839,0,1.48364891175182,0,1.48364891175182,0,1.48364891175182,3377.69713486034,0,3377.69713486034,0,0,0,3377.69713486034,0,3377.69713486034,3391.72497437714,1200,14.0278395168091
145.960514841666,1,wetting,360,1200,-0.0041183581158589,0.0041183581158589,0,1.48260892170921,0,1.48260892170921,0,1.48260892170921,3379.17974378204,0,3379.17974378204,0,0,0,3379.17974378204,0,3379.17974378204,3393.20758329885,1200,14.0278395168091
146.060514841666,1,wetting,360,1200,-0.00411547886787126,0.00411547886787126,0,1.48157239243365,0,1.48157239243365,0,1.48157239243365,3380.66131617448,0,3380.66131617448,0,0,0,3380.66131617448,0,3380.66131617448,3394.68915569129,1200,14.0278395168091
146.160514841666,1,wetting,360,1200,-0.00411259006511604,0.00411259006511604,0,1.48053242344177,0,1.48053242344177,0,1.48053242344177,3382.14184859792,0,3382.14184859792,0,0,0,3382.14184859792,0,3382.14184859792,3396.16968811473,1200,14.0278395168091
146.260514841666,1,wetting,360,1200,-0.00410969915027394,0.00410969915027394,0,1.47949169409862,0,1.47949169409862,0,1.47949169409862,3383.62134029202,0,3383.62134029202,0,0,0,3383.62134029202,0,3383.62134029202,3397.64917980883,1200,14.0278395168091
146.360514841666,1,wetting,360,1200,-0.00410681431417195,0.00410681431417195,0,1.4784531531019,0,1.4784531531019,0,1.4784531531019,3385.09979344512,0,3385.09979344512,0,0,0,3385.09979344512,0,3385.09979344512,3399.12763296193,1200,14.0278395168091
146.460514841666,1,wetting,360,1200,-0.00410392227063465,0.00410392227063465,0,1.47741201742847,0,1.47741201742847,0,1.47741201742847,3386.57720546255,0,3386.57720546255,0,0,0,3386.57720546255,0,3386.57720546255,3400.60504497936,1200,14.0278395168091
146.560514841666,1,wetting,360,1200,-0.00410100305227127,0.00410100305227127,0,1.47636109881766,0,1.47636109881766,0,1.47636109881766,3388.05356656137,0,3388.05356656137,0,0,0,3388.05356656137,0,3388.05356656137,3402.08140607817,1200,14.0278395168091
146.660514841666,1,wetting,360,1200,-0.00409818525835472,0.00409818525835472,0,1.4753466930077,0,1.4753466930077,0,1.4753466930077,3389.52891325437,0,3389.52891325437,0,0,0,3389.52891325437,0,3389.52891325437,3403.55675277118,1200,14.0278395168091
146.760514841666,1,wetting,360,1200,-0.00409540227519989,0.00409540227519989,0,1.47434481907196,0,1.47434481907196,0,1.47434481907196,3391.00325807345,0,3391.00325807345,0,0,0,3391.00325807345,0,3391.00325807345,3405.03109759025,1200,14.0278395168091
146.860514841666,1,wetting,360,1200,-0.00409260584291004,0.00409260584291004,0,1.47333810344762,0,1.47333810344762,0,1.47333810344762,3392.47659617689,0,3392.47659617689,0,0,0,3392.47659617689,0,3392.47659617689,3406.5044356937,1200,14.0278395168091
146.960514841666,1,wetting,360,1200,-0.00408978990211711,0.00408978990211711,0,1.47232436476216,0,1.47232436476216,0,1.47232436476216,3393.94892054166,0,3393.94892054166,0,0,0,3393.94892054166,0,3393.94892054166,3407.97676005846,1200,14.0278395168091
147.060514841666,1,wetting,360,1200,-0.00408705486109724,0.00408705486109724,0,1.47133974999501,0,1.47133974999501,0,1.47133974999501,3395.42026029165,0,3395.42026029165,0,0,0,3395.42026029165,0,3395.42026029165,3409.44809980846,1200,14.0278395168091
147.160514841666,1,wetting,360,1200,-0.00408427950670831,0.00408427950670831,0,1.47034062241499,0,1.47034062241499,0,1.47034062241499,3396.89060091407,0,3396.89060091407,0,0,0,3396.89060091407,0,3396.89060091407,3410.91844043087,1200,14.0278395168091
147.260514841666,1,wetting,360,1200,-0.00408146357539803,0.00408146357539803,0,1.46932688714329,0,1.46932688714329,0,1.46932688714329,3398.35992780121,0,3398.35992780121,0,0,0,3398.35992780121,0,3398.35992780121,3412.38776731802,1200,14.0278395168091
147.360514841666,1,wetting,360,1200,-0.00407858953756503,0.00407858953756503,0,1.46829223352341,0,1.46829223352341,0,1.46829223352341,3399.82822003473,0,3399.82822003473,0,0,0,3399.82822003473,0,3399.82822003473,3413.85605955154,1200,14.0278395168091
147.460514841666,1,wetting,360,1200,-0.00407564399882183,0.00407564399882183,0,1.46723183957586,0,1.46723183957586,0,1.46723183957586,3401.29545187431,0,3401.29545187431,0,0,0,3401.29545187431,0,3401.29545187431,3415.32329139112,1200,14.0278395168091
147.560514841666,1,wetting,360,1200,-0.0040726497867232,0.0040726497867232,0,1.46615392322035,0,1.46615392322035,0,1.46615392322035,3402.76160579753,0,3402.76160579753,0,0,0,3402.76160579753,0,3402.76160579753,3416.78944531434,1200,14.0278395168091
147.660514841666,1,wetting,360,1200,-0.00406971980616646,0.00406971980616646,0,1.46509913021992,0,1.46509913021992,0,1.46509913021992,3404.22670492775,0,3404.22670492775,0,0,0,3404.22670492775,0,3404.22670492775,3418.25454444456,1200,14.0278395168091
147.760514841666,1,wetting,360,1200,-0.00406679067864954,0.00406679067864954,0,1.46404464431383,0,1.46404464431383,0,1.46404464431383,3405.69074957206,0,3405.69074957206,0,0,0,3405.69074957206,0,3405.69074957206,3419.71858908887,1200,14.0278395168091
147.860514841666,1,wetting,360,1200,-0.00406383651193121,0.00406383651193121,0,1.46298114429523,0,1.46298114429523,0,1.46298114429523,3407.15373071636,0,3407.15373071636,0,0,0,3407.15373071636,0,3407.15373071636,3421.18157023317,1200,14.0278395168091
147.960514841666,1,wetting,360,1200,-0.0040608536352688,0.0040608536352688,0,1.46190730869677,0,1.46190730869677,0,1.46190730869677,3408.61563802505,0,3408.61563802505,0,0,0,3408.61563802505,0,3408.61563802505,3422.64347754186,1200,14.0278395168091
148.060514841666,1,wetting,360,1200,-0.0040578381492105,0.0040578381492105,0,1.46082173371578,0,1.46082173371578,0,1.46082173371578,3410.07645975877,0,3410.07645975877,0,0,0,3410.07645975877,0,3410.07645975877,3424.10429927558,1200,14.0278395168091
148.160514841666,1,wetting,360,1200,-0.00405478329866763,0.00405478329866763,0,1.45972198752035,0,1.45972198752035,0,1.45972198752035,3411.53618174629,0,3411.53618174629,0,0,0,3411.53618174629,0,3411.53618174629,3425.5640212631,1200,14.0278395168091
148.260514841666,1,wetting,360,1200,-0.00405166597009311,0.00405166597009311,0,1.45859974923352,0,1.45859974923352,0,1.45859974923352,3412.99478149552,0,3412.99478149552,0,0,0,3412.99478149552,0,3412.99478149552,3427.02262101233,1200,14.0278395168091
148.360514841666,1,wetting,360,1200,-0.00404846603083377,0.00404846603083377,0,1.45744777110016,0,1.45744777110016,0,1.45744777110016,3414.45222926662,0,3414.45222926662,0,0,0,3414.45222926662,0,3414.45222926662,3428.48006878343,1200,14.0278395168091
148.460514841666,1,wetting,360,1200,-0.00404517429562103,0.00404517429562103,0,1.45626274642357,0,1.45626274642357,0,1.45626274642357,3415.90849201305,0,3415.90849201305,0,0,0,3415.90849201305,0,3415.90849201305,3429.93633152986,1200,14.0278395168091
148.560514841666,1,wetting,360,1200,-0.0040418101466662,0.0040418101466662,0,1.45505165279983,0,1.45505165279983,0,1.45505165279983,3417.36354366585,0,3417.36354366585,0,0,0,3417.36354366585,0,3417.36354366585,3431.39138318266,1200,14.0278395168091
148.660514841666,1,wetting,360,1200,-0.00403836125137136,0.00403836125137136,0,1.45381005049369,0,1.45381005049369,0,1.45381005049369,3418.81735371634,0,3418.81735371634,0,0,0,3418.81735371634,0,3418.81735371634,3432.84519323315,1200,14.0278395168091
148.760514841666,1,wetting,360,1200,-0.00403490652895609,0.00403490652895609,0,1.45256635042419,0,1.45256635042419,0,1.45256635042419,3420.26992006677,0,3420.26992006677,0,0,0,3420.26992006677,0,3420.26992006677,3434.29775958357,1200,14.0278395168091
148.860514841666,1,wetting,360,1200,-0.00403164783684324,0.00403164783684324,0,1.45139322126357,0,1.45139322126357,0,1.45139322126357,3421.72131328803,0,3421.72131328803,0,0,0,3421.72131328803,0,3421.72131328803,3435.74915280484,1200,14.0278395168091
148.960514841666,1,wetting,360,1200,-0.00402846810219269,0.00402846810219269,0,1.45024851678937,0,1.45024851678937,0,1.45024851678937,3423.17156180482,0,3423.17156180482,0,0,0,3423.17156180482,0,3423.17156180482,3437.19940132163,1200,14.0278395168091
149.060514841666,1,wetting,360,1200,-0.00402531467972393,0.00402531467972393,0,1.44911328470061,0,1.44911328470061,0,1.44911328470061,3424.62067508952,0,3424.62067508952,0,0,0,3424.62067508952,0,3424.62067508952,3438.64851460633,1200,14.0278395168091
149.160514841666,1,wetting,360,1200,-0.0040221845941434,0.0040221845941434,0,1.44798645389162,0,1.44798645389162,0,1.44798645389162,3426.06866154341,0,3426.06866154341,0,0,0,3426.06866154341,0,3426.06866154341,3440.09650106022,1200,14.0278395168091
149.260514841666,1,wetting,360,1200,-0.00401918722086956,0.00401918722086956,0,1.44690739951304,0,1.44690739951304,0,1.44690739951304,3427.51556894292,0,3427.51556894292,0,0,0,3427.51556894292,0,3427.51556894292,3441.54340845973,1200,14.0278395168091
149.360514841666,1,wetting,360,1200,-0.00401624682033495,0.00401624682033495,0,1.44584885532058,0,1.44584885532058,0,1.44584885532058,3428.96141779824,0,3428.96141779824,0,0,0,3428.96141779824,0,3428.96141779824,3442.98925731505,1200,14.0278395168091
149.460514841666,1,wetting,360,1200,-0.00401334380354717,0.00401334380354717,0,1.44480376927698,0,1.44480376927698,0,1.44480376927698,3430.40622156752,0,3430.40622156752,0,0,0,3430.40622156752,0,3430.40622156752,3444.43406108433,1200,14.0278395168091
149.560514841666,1,wetting,360,1200,-0.00401045867755268,0.00401045867755268,0,1.44376512391897,0,1.44376512391897,0,1.44376512391897,3431.84998669144,0,3431.84998669144,0,0,0,3431.84998669144,0,3431.84998669144,3445.87782620825,1200,14.0278395168091
149.660514841666,1,wetting,360,1200,-0.00400759365042187,0.00400759365042187,0,1.44273371415187,0,1.44273371415187,0,1.44273371415187,3433.29272040559,0,3433.29272040559,0,0,0,3433.29272040559,0,3433.29272040559,3447.3205599224,1200,14.0278395168091
149.760514841666,1,wetting,360,1200,-0.00400473782068003,0.00400473782068003,0,1.44170561544481,0,1.44170561544481,0,1.44170561544481,3434.73442602104,0,3434.73442602104,0,0,0,3434.73442602104,0,3434.73442602104,3448.76226553785,1200,14.0278395168091
149.860514841666,1,wetting,360,1200,-0.00400187371080297,0.00400187371080297,0,1.44067453588907,0,1.44067453588907,0,1.44067453588907,3436.17510055693,0,3436.17510055693,0,0,0,3436.17510055693,0,3436.17510055693,3450.20294007373,1200,14.0278395168091
149.960514841666,1,wetting,360,1200,-0.00399903257049697,0.00399903257049697,0,1.43965172537891,0,1.43965172537891,0,1.43965172537891,3437.6147522823,0,3437.6147522823,0,0,0,3437.6147522823,0,3437.6147522823,3451.64259179911,1200,14.0278395168091
150.060514841666,1,wetting,360,1200,-0.00399619616024009,0.00399619616024009,0,1.43863061768643,0,1.43863061768643,0,1.43863061768643,3439.05338289999,0,3439.05338289999,0,0,0,3439.05338289999,0,3439.05338289999,3453.0812224168,1200,14.0278395168091
150.160514841666,1,wetting,360,1200,-0.00399335487921423,0.00399335487921423,0,1.43760775651712,0,1.43760775651712,0,1.43760775651712,3440.49099065651,0,3440.49099065651,0,0,0,3440.49099065651,0,3440.49099065651,3454.51883017332,1200,14.0278395168091
150.260514841666,1,wetting,360,1200,-0.00399051084417434,0.00399051084417434,0,1.43658390390276,0,1.43658390390276,0,1.43658390390276,3441.92757456041,0,3441.92757456041,0,0,0,3441.92757456041,0,3441.92757456041,3455.95541407722,1200,14.0278395168091
150.360514841666,1,wetting,360,1200,-0.00398766967958696,0.00398766967958696,0,1.43556108465131,0,1.43556108465131,0,1.43556108465131,3443.36313564506,0,3443.36313564506,0,0,0,3443.36313564506,0,3443.36313564506,3457.39097516187,1200,14.0278395168091
150.460514841666,1,wetting,360,1200,-0.00398481410232836,0.00398481410232836,0,1.43453307683821,0,1.43453307683821,0,1.43453307683821,3444.7976687219,0,3444.7976687219,0,0,0,3444.7976687219,0,3444.7976687219,3458.82550823871,1200,14.0278395168091
150.560514841666,1,wetting,360,1200,-0.00398195747911249,0.00398196247941052,5.00029802071661e-09,1.43350649258779,1.80010728745798e-06,1.4335046924805,0,1.4335046924805,3446.23117521449,1.80010728745798e-06,3446.23117341438,0,0,0,3446.23117521449,1.80010728745798e-06,3446.23117341438,3460.25901293119,1200,14.0278395168091
150.660514841666,1,wetting,360,1200,-0.00397909617500511,0.00397913722243043,4.10474253205429e-08,1.43248940007496,1.47770731153954e-05,1.43247462300184,0,1.43247462300184,3447.66366461456,1.65771804028534e-05,3447.66364803738,0,0,0,3447.66366461456,1.65771804028534e-05,3447.66364803738,3461.69148755419,1200,14.0278395168091
150.760514841666,1,wetting,360,1200,-0.00397622161737354,0.0039762989796608,7.73622872602347e-08,1.43146763267789,2.78504234136845e-05,1.43143978225448,0,1.43143978225448,3449.09513224724,4.44276038165379e-05,3449.09508781964,0,0,0,3449.09513224724,4.44276038165379e-05,3449.09508781964,3463.12292733645,1200,14.0278395168091
150.860514841666,1,wetting,360,1200,-0.00397334190546141,0.00397345542914579,1.13523684377064e-07,1.43044395449248,4.08685263757429e-05,1.43040308596611,0,1.43040308596611,3450.52557620173,8.52961301922808e-05,3450.5254909056,0,0,0,3450.52557620173,8.52961301922808e-05,3450.5254909056,3464.55333042241,1200,14.0278395168091
150.960514841666,1,wetting,360,1200,-0.00397045183451595,0.00397060451846399,1.52683948035606e-07,1.42941762664704,5.49662212928182e-05,1.42936266042574,0,1.42936266042574,3451.95499382838,0.000140262351485099,3451.95485356603,0,0,0,3451.95499382838,0.000140262351485099,3451.95485356603,3465.98269308284,1200,14.0278395168091
151.060514841666,1,wetting,360,1200,-0.00396754416581779,0.0039677623294047,2.18163586908286e-07,1.42839443858569,7.85388912869831e-05,1.42831589969441,0,1.42831589969441,3453.38338826697,0.000218801242772082,3453.38316946572,0,0,0,3453.38338826697,0.000218801242772082,3453.38316946572,3467.41100898253,1200,14.0278395168091
151.160514841666,1,wetting,360,1200,-0.00396462475312138,0.0039649083985463,2.83645424918643e-07,1.42736702347667,0.000102112352970711,1.4272649111237,0,1.4272649111237,3454.81075529044,0.000320913595742794,3454.81043437685,0,0,0,3454.81075529044,0.000320913595742794,3454.81043437685,3468.83827389366,1200,14.0278395168091
151.260514841666,1,wetting,360,1200,-0.00396169202999818,0.00396204121086668,3.49180868497751e-07,1.426334835912,0.00012570511265919,1.42620913079935,0,1.42620913079935,3456.23709012636,0.000446618708401984,3456.23664350765,0,0,0,3456.23709012636,0.000446618708401984,3456.23664350765,3470.26448302446,1200,14.0278395168091
151.360514841666,1,wetting,360,1200,-0.00395873574225897,0.00395915126748932,4.15525230354514e-07,1.42529445629616,0.000149589082927625,1.42514486721323,0,1.42514486721323,3457.66238458265,0.000596207791329609,3457.66178837486,0,0,0,3457.66238458265,0.000596207791329609,3457.66178837486,3471.68962789167,1200,14.0278395168091
151.460514841666,1,wetting,360,1200,-0.00395575983037526,0.00395624208514838,4.82254773123553e-07,1.42424715065342,0.000173611718324479,1.42407353893509,0,1.42407353893509,3459.08663173331,0.000769819509654088,3459.0858619138,0,0,0,3459.08663173331,0.000769819509654088,3459.0858619138,3473.1137014306,1200,14.0278395168091
151.560514841666,1,wetting,360,1200,-0.00395280349850863,0.00395336431995881,5.60821450180521e-07,1.42321115518517,0.000201895722064988,1.42300925946311,0,1.42300925946311,3460.50984288849,0.000971715231719075,3460.50887117326,0,0,0,3460.50984288849,0.000971715231719075,3460.50887117326,3474.53671069007,1200,14.0278395168091
151.660514841666,1,wetting,360,1200,-0.003949941856214,0.00395058083848825,6.38982274250162e-07,1.42220910185577,0.000230033618730058,1.42197906823704,0,1.42197906823704,3461.93205199035,0.00120174885044913,3461.9308502415,0,0,0,3461.93205199035,0.00120174885044913,3461.9308502415,3475.9586897583,1200,14.0278395168091
151.760514841666,1,wetting,360,1200,-0.00394707848311383,0.00394779503573798,7.1655262415104e-07,1.42120621286567,0.000257958944694374,1.42094825392098,0,1.42094825392098,3463.35325820321,0.00145970779514351,3463.35179849542,0,0,0,3463.35325820321,0.00145970779514351,3463.35179849542,3477.37963801223,1200,14.0278395168091
151.860514841666,1,wetting,360,1200,-0.00394419976070667,0.00394500000962084,8.00248914168305e-07,1.4202000034635,0.00028808960910059,1.4199119138544,0,1.4199119138544,3464.77345820668,0.0017477974042441,3464.77171040927,0,0,0,3464.77345820668,0.0017477974042441,3464.77171040927,3478.79954992608,1200,14.0278395168091
151.960514841666,1,wetting,360,1200,-0.00394130809153775,0.00394222345146402,9.15359926265073e-07,1.41920044252705,0.000329529573455426,1.41887091295359,0,1.41887091295359,3466.1926586492,0.00207732697769952,3466.19058132222,0,0,0,3466.1926586492,0.00207732697769952,3466.19058132222,3480.21842083903,1200,14.0278395168091
152.060514841666,1,wetting,360,1200,-0.0039384244569199,0.00393945601161142,1.03155469151167e-06,1.41820416418011,0.000371359688944202,1.41783280449117,0,1.41783280449117,3467.61086281338,0.00244868666664373,3467.60841412672,0,0,0,3467.61086281338,0.00244868666664373,3467.60841412672,3481.63625364352,1200,14.0278395168091
152.160514841666,1,wetting,360,1200,-0.0039355440809478,0.00393669129884794,1.14721790013612e-06,1.41720886758526,0.000412998444049005,1.41679586914121,0,1.41679586914121,3469.02807168097,0.00286168511069273,3469.02520999586,0,0,0,3469.02807168097,0.00286168511069273,3469.02520999586,3483.05304951267,1200,14.0278395168091
152.260514841666,1,wetting,360,1200,-0.00393266758481918,0.00393395493845349,1.28735363430886e-06,1.41622377784326,0.000463447308351191,1.41576033053491,0,1.41576033053491,3470.44429545881,0.00332513241904392,3470.44097032639,0,0,0,3470.44429545881,0.00332513241904392,3470.44097032639,3484.4688098432,1200,14.0278395168091
152.360514841666,1,wetting,360,1200,-0.00392979420250364,0.00393123187712919,1.43767462554943e-06,1.41524347576651,0.000517562865197796,1.41472591290131,0,1.41472591290131,3471.85953893458,0.00384269528424172,3471.85569623929,0,0,0,3471.85953893458,0.00384269528424172,3471.85569623929,3485.8835357561,1200,14.0278395168091
152.460514841666,1,wetting,360,1200,-0.00392692592036347,0.00392852831163442,1.60239127095446e-06,1.41427019218839,0.000576860857543606,1.41369333133085,0,1.41369333133085,3473.27380912677,0.00441955614178532,3473.26938957062,0,0,0,3473.27380912677,0.00441955614178532,3473.26938957062,3487.29722908743,1200,14.0278395168091
152.560514841666,1,wetting,360,1200,-0.00392404666302343,0.00392581873059942,1.77206757599463e-06,1.41329474301579,0.000637944327358067,1.41265679868843,0,1.41265679868843,3474.68710386978,0.00505750046914339,3474.68204636931,0,0,0,3474.68710386978,0.00505750046914339,3474.68204636931,3488.70988588612,1200,14.0278395168091
152.660514841666,1,wetting,360,1200,-0.00392116477755917,0.00392311887171882,1.95409415965467e-06,1.41232279381878,0.00070347389747568,1.4116193199213,0,1.4116193199213,3476.0994266636,0.00576097436661907,3476.09366568923,0,0,0,3476.0994266636,0.00576097436661907,3476.09366568923,3490.12150520604,1200,14.0278395168091
152.760514841666,1,wetting,360,1200,-0.0039182911198574,0.00392044020801416,2.14908815676558e-06,1.4113584748851,0.000773671736435607,1.41058480314866,0,1.41058480314866,3477.51078513849,0.00653464610305468,3477.50425049238,0,0,0,3477.51078513849,0.00653464610305468,3477.50425049238,3491.53209000919,1200,14.0278395168091
152.860514841666,1,wetting,360,1200,-0.00391541747467176,0.00391776700776702,2.34953309525804e-06,1.41039612279613,0.000845831914292893,1.40955029088183,0,1.40955029088183,3478.92118126128,0.00738047801734757,3478.91380078326,0,0,0,3478.92118126128,0.00738047801734757,3478.91380078326,3492.94164030007,1200,14.0278395168091
152.960514841666,1,wetting,360,1200,-0.0039125346372474,0.0039150859339887,2.55129674129583e-06,1.40943093623593,0.000918466826866499,1.40851246940907,0,1.40851246940907,3480.33061219752,0.00829894484421407,3480.32231325267,0,0,0,3480.33061219752,0.00829894484421407,3480.32231325267,3494.35015276948,1200,14.0278395168091
153.060514841666,1,wetting,360,1200,-0.00390964469797179,0.0039124073511615,2.76265318971055e-06,1.40846664641814,0.000994555148295798,1.40747209126984,0,1.40747209126984,3481.73907884394,0.00929349999250987,3481.72978534394,0,0,0,3481.73907884394,0.00929349999250987,3481.72978534394,3495.75762486075,1200,14.0278395168091
153.160514841666,1,wetting,360,1200,-0.00390672453742675,0.00390970873105954,2.98419363279453e-06,1.40749514318144,0.00107430970780603,1.40642083347363,0,1.40642083347363,3483.14657398712,0.0103678097003159,3483.13620617742,0,0,0,3483.14657398712,0.0103678097003159,3483.13620617742,3497.16404569423,1200,14.0278395168091
153.260514841666,1,wetting,360,1200,-0.00390378889490691,0.00390699507510801,3.20618020109857e-06,1.40651822703888,0.00115422487239548,1.40536400216649,0,1.40536400216649,3484.55309221416,0.0115220345727114,3484.54157017958,0,0,0,3484.55309221416,0.0115220345727114,3484.54157017958,3498.56940969639,1200,14.0278395168091
153.360514841666,1,wetting,360,1200,-0.00390084291721942,0.00390427201854453,3.42910132510305e-06,1.40553792667603,0.0012344764770371,1.40430345019899,0,1.40430345019899,3485.95863014083,0.0127565110497485,3485.94587362978,0,0,0,3485.95863014083,0.0127565110497485,3485.94587362978,3499.97371314659,1200,14.0278395168091
153.460514841666,1,wetting,360,1200,-0.00389787119493356,0.00390152598884709,3.65479391352635e-06,1.40454935598495,0.00131572580886949,1.40323363017608,0,1.40323363017608,3487.36317949682,0.014072236858618,3487.34910725996,0,0,0,3487.36317949682,0.014072236858618,3487.34910725996,3501.37694677677,1200,14.0278395168091
153.560514841666,1,wetting,360,1200,-0.00389487118452899,0.00389876854582923,3.89736130023716e-06,1.40355667649852,0.00140305006808538,1.40215362643044,0,1.40215362643044,3488.76673617332,0.0154752869267033,3488.75126088639,0,0,0,3488.76673617332,0.0154752869267033,3488.75126088639,3502.7791004032,1200,14.0278395168091
153.660514841666,1,wetting,360,1200,-0.00389182435978603,0.00389600910014811,4.18474036208585e-06,1.40256327605332,0.00150650653035091,1.40105676952297,0,1.40105676952297,3490.16929944937,0.0169817934570543,3490.15231765591,0,0,0,3490.16929944937,0.0169817934570543,3490.15231765591,3504.18015717272,1200,14.0278395168091
153.760514841666,1,wetting,360,1200,-0.00388873896001776,0.00389322299897929,4.48403896152413e-06,1.40156027963254,0.00161425402614869,1.39994602560639,0,1.39994602560639,3491.570859729,0.0185960474832029,3491.55226368152,0,0,0,3491.570859729,0.0185960474832029,3491.55226368152,3505.58010319833,1200,14.0278395168091
153.860514841666,1,wetting,360,1200,-0.00388561106523631,0.00389040468210409,4.79361686778038e-06,1.40054568555747,0.00172570207240094,1.39881998348507,0,1.39881998348507,3492.97140541456,0.0203217495556039,3492.951083665,0,0,0,3492.97140541456,0.0203217495556039,3492.951083665,3506.97892318181,1200,14.0278395168091
153.960514841666,1,wetting,360,1200,-0.00388272305309659,0.00388780481381121,5.08176071461884e-06,1.39960973297204,0.00182943385726278,1.39778029911477,0,1.39778029911477,3494.37101514753,0.0221511834128667,3494.34886396412,0,0,0,3494.37101514753,0.0221511834128667,3494.34886396412,3508.37670348093,1200,14.0278395168091
154.060514841666,1,wetting,360,1200,-0.00387989821854776,0.00388525957207611,5.36135352835218e-06,1.3986934459474,0.00193008727020679,1.39676335867719,0,1.39676335867719,3495.76970859348,0.0240812706830734,3495.7456273228,0,0,0,3495.76970859348,0.0240812706830734,3495.7456273228,3509.7734668396,1200,14.0278395168091
154.160514841666,1,wetting,360,1200,-0.00387707043196274,0.00388271241857758,5.64198661484703e-06,1.39777647068793,0.00203111518134493,1.39574535550658,0,1.39574535550658,3497.16748506417,0.0261123858644184,3497.1413726783,0,0,0,3497.16748506417,0.0261123858644184,3497.1413726783,3511.16921219511,1200,14.0278395168091
154.260514841666,1,wetting,360,1200,-0.00387423661683948,0.00388016100069318,5.92438385369973e-06,1.39685796024955,0.0021327781873319,1.39472518206221,0,1.39472518206221,3498.56434302442,0.0282451640517503,3498.53609786036,0,0,0,3498.56434302442,0.0282451640517503,3498.53609786036,3512.56393737717,1200,14.0278395168091
154.360514841666,1,wetting,360,1200,-0.00387140215030625,0.00387760875714807,6.2066068418189e-06,1.39593915257331,0.0022343784630548,1.39370477411025,0,1.39370477411025,3499.96028217699,0.0304795425148051,3499.92980263447,0,0,0,3499.96028217699,0.0304795425148051,3499.92980263447,3513.95764215128,1200,14.0278395168091
154.460514841666,1,wetting,360,1200,-0.00386856995213195,0.00387505751940667,6.48756727472099e-06,1.3950207069864,0.00233552421889956,1.3926851827675,0,1.3926851827675,3501.35530288398,0.0328150667337046,3501.32248781724,0,0,0,3501.35530288398,0.0328150667337046,3501.32248781724,3515.35032733405,1200,14.0278395168091
154.560514841666,1,wetting,360,1200,-0.00386573287917092,0.00387251670213079,6.78382295987406e-06,1.39410601276708,0.00244217626555466,1.39166383650153,0,1.39166383650153,3502.74940889674,0.0352572429992593,3502.71415165374,0,0,0,3502.74940889674,0.0352572429992593,3502.71415165374,3516.74199117055,1200,14.0278395168091
154.660514841666,1,wetting,360,1200,-0.00386286893908365,0.00386994923501631,7.08029593265619e-06,1.39318172460587,0.00254890653575623,1.39063281807011,0,1.39063281807011,3504.14259062135,0.0378061495350155,3504.10478447181,0,0,0,3504.14259062135,0.0378061495350155,3504.10478447181,3518.13262398862,1200,14.0278395168091
154.760514841666,1,wetting,360,1200,-0.00386011759102688,0.00386747718336361,7.35959233673845e-06,1.3922917860109,0.00264945324122584,1.38964233276967,0,1.38964233276967,3505.53488240736,0.0404556027762414,3505.49442680458,0,0,0,3505.53488240736,0.0404556027762414,3505.49442680458,3519.52226632139,1200,14.0278395168091
154.860514841666,1,wetting,360,1200,-0.00385735693515552,0.00386499686391808,7.63992876255585e-06,1.39139887101051,0.0027503743545201,1.38864849665599,0,1.38864849665599,3506.92628127837,0.0432059771307615,3506.88307530124,0,0,0,3506.92628127837,0.0432059771307615,3506.88307530124,3520.91091481805,1200,14.0278395168091
154.960514841666,1,wetting,360,1200,-0.00385457133475861,0.0038624957160999,7.92438134128706e-06,1.39049845779596,0.00285277728286334,1.3876456805131,0,1.3876456805131,3508.31677973617,0.0460587544136248,3508.27072098175,0,0,0,3508.31677973617,0.0460587544136248,3508.27072098175,3522.29856049856,1200,14.0278395168091
155.060514841666,1,wetting,360,1200,-0.00385176471986485,0.00385998589307602,8.22117321116912e-06,1.38959492150737,0.00295962235602088,1.38663529915134,0,1.38663529915134,3509.70637465767,0.0490183767696457,3509.6573562809,0,0,0,3509.70637465767,0.0490183767696457,3509.6573562809,3523.68519579771,1200,14.0278395168091
155.160514841666,1,wetting,360,1200,-0.0038489432274425,0.00385746291053787,8.51968309536865e-06,1.38868664779363,0.00306708591433271,1.3856195618793,0,1.3856195618793,3511.09506130547,0.0520854626839784,3511.04297584278,0,0,0,3511.09506130547,0.0520854626839784,3511.04297584278,3525.07081535959,1200,14.0278395168091
155.260514841666,1,wetting,360,1200,-0.0038460890343507,0.00385491132686602,8.822292515324e-06,1.38776807767177,0.00317602530551664,1.38459205236625,0,1.38459205236625,3512.48282938314,0.055261487989495,3512.42756789515,0,0,0,3512.48282938314,0.055261487989495,3512.42756789515,3526.45540741196,1200,14.0278395168091
155.360514841666,1,wetting,360,1200,-0.00384317455295406,0.00385230456292233,9.13000996826651e-06,1.38682964265204,0.00328680358857594,1.38354283906346,0,1.38354283906346,3513.86965902579,0.058548291578071,3513.81111073421,0,0,0,3513.86965902579,0.058548291578071,3513.81111073421,3527.83895025102,1200,14.0278395168091
155.460514841666,1,wetting,360,1200,-0.00384023018002736,0.00384967173908117,9.4415590538053e-06,1.38588182606922,0.00339896125936991,1.38248286480985,0,1.38248286480985,3515.25554085186,0.0619472528374409,3515.19359359902,0,0,0,3515.25554085186,0.0619472528374409,3515.19359359902,3529.22143311583,1200,14.0278395168091
155.560514841666,1,wetting,360,1200,-0.00383725405994114,0.00384701076616508,9.75670622394559e-06,1.38492387581943,0.00351241424062041,1.38141146157881,0,1.38141146157881,3516.64046472768,0.0654596670780613,3516.5750050606,0,0,0,3516.64046472768,0.0654596670780613,3516.5750050606,3530.60284457741,1200,14.0278395168091
155.660514841666,1,wetting,360,1200,-0.00383423153923334,0.00384431076823055,1.00792289972085e-05,1.383951876563,0.00362852243899507,1.380323354124,0,1.380323354124,3518.02441660424,0.0690881895170564,3517.95532841473,0,0,0,3518.02441660424,0.0690881895170564,3517.95532841473,3531.98316793153,1200,14.0278395168091
155.760514841666,1,wetting,360,1200,-0.00383114880754818,0.00384158142899657,1.04326214483906e-05,1.38296931443877,0.00375574372142061,1.37921357071735,0,1.37921357071735,3519.40738591868,0.072843933238477,3519.33454198544,0,0,0,3519.40738591868,0.072843933238477,3519.33454198544,3533.36238150225,1200,14.0278395168091
155.860514841666,1,wetting,360,1200,-0.00382803777773664,0.0038388403858864,1.08026081497555e-05,1.3819825389191,0.00388893893391199,1.37809359998519,0,1.37809359998519,3520.7893684576,0.076732872172389,3520.71263558543,0,0,0,3520.7893684576,0.076732872172389,3520.71263558543,3534.74047510224,1200,14.0278395168091
155.960514841666,1,wetting,360,1200,-0.00382489122763853,0.00383607198005927,1.11807524207427e-05,1.38098591282134,0.00402507087146735,1.37696084194987,0,1.37696084194987,3522.17035437042,0.0807579430438563,3522.08959642738,0,0,0,3522.17035437042,0.0807579430438563,3522.08959642738,3536.11743594419,1200,14.0278395168091
156.060514841666,1,wetting,360,1200,-0.00382170931209483,0.00383327365387706,1.15643417822284e-05,1.37997851539574,0.00416316304160222,1.37581535235414,0,1.37581535235414,3523.55033288582,0.0849211060854585,3523.46541177973,0,0,0,3523.55033288582,0.0849211060854585,3523.46541177973,3537.49325129654,1200,14.0278395168091
156.160514841666,1,wetting,360,1200,-0.00381849292304525,0.00383047739291825,1.19844698729988e-05,1.37897186145057,0.00431440915427956,1.37465745229629,0,1.37465745229629,3524.92930474727,0.0892355152397381,3524.84006923203,0,0,0,3524.92930474727,0.0892355152397381,3524.84006923203,3538.86790874884,1200,14.0278395168091
156.260514841666,1,wetting,360,1200,-0.00381526085627386,0.00382768347553386,1.24226192599953e-05,1.37796605119219,0.00447214293359831,1.37349390825859,0,1.37349390825859,3526.30727079846,0.0937076581733364,3526.21356314029,0,0,0,3526.30727079846,0.0937076581733364,3526.21356314029,3540.2414026571,1200,14.0278395168091
156.360514841666,1,wetting,360,1200,-0.00381201420518655,0.00382487722314605,1.28630179595018e-05,1.37695580033258,0.00463068646542065,1.37232511386716,0,1.37232511386716,3527.68422659879,0.0983383446387571,3527.58588825415,0,0,0,3527.68422659879,0.0983383446387571,3527.58588825415,3541.61372777096,1200,14.0278395168091
156.460514841666,1,wetting,360,1200,-0.00380876395696245,0.00382207662618042,1.33126692179685e-05,1.37594758542495,0.00479256091846865,1.37115502450648,0,1.37115502450648,3529.06017418422,0.103130905557226,3528.95704327866,0,0,0,3529.06017418422,0.103130905557226,3528.95704327866,3542.98488279547,1200,14.0278395168091
156.560514841666,1,wetting,360,1200,-0.0038055148782157,0.00381927935609183,1.37644778761322e-05,1.37494056819306,0.00495521203540761,1.36998535615765,0,1.36998535615765,3530.43511475241,0.108086117592633,3530.32702863482,0,0,0,3530.43511475241,0.108086117592633,3530.32702863482,3544.35486815163,1200,14.0278395168091
156.660514841666,1,wetting,360,1200,-0.00380225491555318,0.00381648491293734,1.42299973841669e-05,1.37393456865744,0.00512279905830009,1.36881176959914,0,1.36881176959914,3531.80904932107,0.113208916650933,3531.69584040442,0,0,0,3531.80904932107,0.113208916650933,3531.69584040442,3545.72367992123,1200,14.0278395168091
156.760514841666,1,wetting,360,1200,-0.00379900045794745,0.00381369737572519,1.46969177777473e-05,1.37293105526107,0.00529089039998903,1.36764016486108,0,1.36764016486108,3533.18198037633,0.118499807050922,3533.06348056928,0,0,0,3533.18198037633,0.118499807050922,3533.06348056928,3547.09132008609,1200,14.0278395168091
156.860514841666,1,wetting,360,1200,-0.00379574228841677,0.00381091654531499,1.51742568982251e-05,1.3719299563134,0.00546273248336102,1.36646722383004,0,1.36646722383004,3534.55391033264,0.123962539534283,3534.42994779311,0,0,0,3534.55391033264,0.123962539534283,3534.42994779311,3548.45778730992,1200,14.0278395168091
156.960514841666,1,wetting,360,1200,-0.0037924763152265,0.00380812935442624,1.56530391997412e-05,1.37092656759345,0.00563509411190684,1.36529147348154,0,1.36529147348154,3535.92483690024,0.12959763364619,3535.79523926659,0,0,0,3535.92483690024,0.12959763364619,3535.79523926659,3549.8230787834,1200,14.0278395168091
157.060514841666,1,wetting,360,1200,-0.00378919674934026,0.00380535674844859,1.61599991083221e-05,1.36992842944149,0.00581759967899597,1.36411082976249,0,1.36411082976249,3537.29476532968,0.135415233325186,3537.15935009635,0,0,0,3537.29476532968,0.135415233325186,3537.15935009635,3551.18718961316,1200,14.0278395168091
157.160514841666,1,wetting,360,1200,-0.00378589886090444,0.00380256805912456,1.66691982201176e-05,1.36892450128484,0.00600091135924233,1.3629235899256,0,1.3629235899256,3538.66368983096,0.141416144684429,3538.52227368628,0,0,0,3538.66368983096,0.141416144684429,3538.52227368628,3552.55011320309,1200,14.0278395168091
157.260514841666,1,wetting,360,1200,-0.00378260490607303,0.00379978371313773,1.71788070646996e-05,1.36792213672958,0.00618437054329185,1.36173776618629,0,1.36173776618629,3540.03161196769,0.14760051522772,3539.88401145246,0,0,0,3540.03161196769,0.14760051522772,3539.88401145246,3553.91185096927,1200,14.0278395168091
157.360514841666,1,wetting,360,1200,-0.00377940977311989,0.00379708624453311,1.76764714132236e-05,1.36695104803192,0.00636352970876049,1.36058751832316,0,1.36058751832316,3541.39856301573,0.153964044936481,3541.24459897079,0,0,0,3541.39856301573,0.153964044936481,3541.24459897079,3555.2724384876,1200,14.0278395168091
157.460514841666,1,wetting,360,1200,-0.0037761922550981,0.00379436674542762,1.81744903295209e-05,1.36597202835394,0.00654281651862753,1.35942921183532,0,1.35942921183532,3542.76453504408,0.160506861455108,3542.60402818262,0,0,0,3542.76453504408,0.160506861455108,3542.60402818262,3556.63186769943,1200,14.0278395168091
157.560514841666,1,wetting,360,1200,-0.00377292267150254,0.00379160352541929,1.86808539167517e-05,1.36497726915094,0.00672510741003062,1.35825216174091,0,1.35825216174091,3544.12951231323,0.167231968865139,3543.96228034436,0,0,0,3544.12951231323,0.167231968865139,3543.96228034436,3557.99011986117,1200,14.0278395168091
157.660514841666,1,wetting,360,1200,-0.00376967476420917,0.00378887351720619,1.91987529970178e-05,1.36399446619423,0.0069115510789264,1.3570829151153,0,1.3570829151153,3545.49350677942,0.174143519944065,3545.31936325948,0,0,0,3545.49350677942,0.174143519944065,3545.31936325948,3559.34720277629,1200,14.0278395168091
157.760514841666,1,wetting,360,1200,-0.00376658124466946,0.00378626850051008,1.96872558406187e-05,1.36305666018363,0.00708741210262273,1.355969248081,0,1.355969248081,3546.85656343961,0.181230932046688,3546.67533250756,0,0,0,3546.85656343961,0.181230932046688,3546.67533250756,3560.70317202437,1200,14.0278395168091
157.860514841666,1,wetting,360,1200,-0.00376346743382071,0.00378364270010322,2.0175266282508e-05,1.36211137203716,0.00726309586170287,1.35484827617546,0,1.35484827617546,3548.21867481165,0.188494027908391,3548.03018078373,0,0,0,3548.21867481165,0.188494027908391,3548.03018078373,3562.05802030054,1200,14.0278395168091
157.960514841666,1,wetting,360,1200,-0.00376035684170695,0.0037810324563624,2.06756146554516e-05,1.36117168429047,0.00744322127596256,1.3537284630145,0,1.3537284630145,3549.57984649594,0.195937249184354,3549.38390924675,0,0,0,3549.57984649594,0.195937249184354,3549.38390924675,3563.41174876356,1200,14.0278395168091
158.060514841666,1,wetting,360,1200,-0.0037572493325938,0.00377842463281725,2.11753002234516e-05,1.36023286781421,0.00762310808044258,1.35260975973377,0,1.35260975973377,3550.94007936375,0.203560357264796,3550.73651900648,0,0,0,3550.94007936375,0.203560357264796,3550.73651900648,3564.76435852329,1200,14.0278395168091
158.160514841666,1,wetting,360,1200,-0.0037541400160319,0.00377581757824485,2.16775622129475e-05,1.35929432816815,0.00780392239666109,1.35149040577149,0,1.35149040577149,3552.29937369192,0.211364279661457,3552.08800941225,0,0,0,3552.29937369192,0.211364279661457,3552.08800941225,3566.11584892906,1200,14.0278395168091
158.260514841666,1,wetting,360,1200,-0.00375105314746948,0.00377322400739631,2.21708599268327e-05,1.35836064266267,0.00798150957365977,1.35037913308901,0,1.35037913308901,3553.65773433458,0.219345789235117,3553.43838854534,0,0,0,3553.65773433458,0.219345789235117,3553.43838854534,3567.46622806215,1200,14.0278395168091
158.360514841666,1,wetting,360,1200,-0.00374798029525093,0.00377065500664147,2.26747113905435e-05,1.35743580239093,0.00816289610059567,1.34927290629033,0,1.34927290629033,3555.01517013697,0.227508685335713,3554.78766145163,0,0,0,3555.01517013697,0.227508685335713,3554.78766145163,3568.81550096844,1200,14.0278395168091
158.460514841666,1,wetting,360,1200,-0.00374492472407474,0.00376810855878135,2.31838347066079e-05,1.35651908116128,0.00834618049437883,1.34817290066691,0,1.34817290066691,3556.37168921813,0.235854865830092,3556.1358343523,0,0,0,3556.37168921813,0.235854865830092,3556.1358343523,3570.16367386911,1200,14.0278395168091
158.560514841666,1,wetting,360,1200,-0.00374188550389445,0.00376558986094783,2.37043570533771e-05,1.35561234994122,0.00853356853921576,1.347078781402,0,1.347078781402,3557.72730156808,0.244388434369307,3557.4829131337,0,0,0,3557.72730156808,0.244388434369307,3557.4829131337,3571.51075265051,1200,14.0278395168091
158.660514841666,1,wetting,360,1200,-0.00373886151940364,0.00376309570089911,2.42341814954692e-05,1.35471445232368,0.00872430533836892,1.34599014698531,0,1.34599014698531,3559.0820160204,0.253112739707676,3558.82890328069,0,0,0,3559.0820160204,0.253112739707676,3558.82890328069,3572.8567427975,1200,14.0278395168091
158.760514841666,1,wetting,360,1200,-0.00373585111605674,0.00376061226780957,2.47611517528256e-05,1.35382041641144,0.00891401463101722,1.34490640178043,0,1.34490640178043,3560.43583643681,0.262026754338693,3560.17380968247,0,0,0,3560.43583643681,0.262026754338693,3560.17380968247,3574.20164919928,1200,14.0278395168091
158.860514841666,1,wetting,360,1200,-0.00373285314058778,0.00375814236816076,2.52892275729821e-05,1.35293125253787,0.00910412192627357,1.3438271306116,0,1.3438271306116,3561.78876768935,0.271130876264967,3561.51763681308,0,0,0,3561.78876768935,0.271130876264967,3561.51763681308,3575.54547632989,1200,14.0278395168091
158.960514841666,1,wetting,360,1200,-0.00372986585733136,0.00375568890495045,2.58230476190851e-05,1.35204800578216,0.00929629714287062,1.34275170863929,0,1.34275170863929,3563.14081569513,0.280427173407838,3562.86038852172,0,0,0,3563.14081569513,0.280427173407838,3562.86038852172,3576.88822803853,1200,14.0278395168091
159.060514841666,1,wetting,360,1200,-0.00372688566877378,0.00375324104580045,2.63553770266728e-05,1.35116677648816,0.00948793572960219,1.34167884075856,0,1.34167884075856,3564.49198247162,0.28991510913744,3564.20206736248,0,0,0,3564.49198247162,0.28991510913744,3564.20206736248,3578.22990687929,1200,14.0278395168091
159.160514841666,1,wetting,360,1200,-0.00372391062912486,0.00375079757342621,2.68869443013561e-05,1.35028712643344,0.0096792999484882,1.34060782648495,0,1.34060782648495,3565.84226959805,0.299594409085928,3565.54267518896,0,0,0,3565.84226959805,0.299594409085928,3565.54267518896,3579.57051470577,1200,14.0278395168091
159.260514841666,1,wetting,360,1200,-0.00372093859567375,0.00374835750265981,2.74189069860557e-05,1.34940870095753,0.00987080651498004,1.33953789444255,0,1.33953789444255,3567.19167829901,0.309465215600908,3566.88221308341,0,0,0,3567.19167829901,0.309465215600908,3566.88221308341,3580.91005260022,1200,14.0278395168091
159.360514841666,1,wetting,360,1200,-0.00371796559610877,0.00374591903809609,2.7953441987325e-05,1.34853085371459,0.010063239115437,1.33846761459916,0,1.33846761459916,3568.54020915272,0.319528454716345,3568.22068069801,0,0,0,3568.54020915272,0.319528454716345,3568.22068069801,3582.24852021481,1200,14.0278395168091
159.460514841666,1,wetting,360,1200,-0.00371498909958292,0.00374347843028584,2.84893307029228e-05,1.3476522349029,0.0102561590530522,1.33739607584985,0,1.33739607584985,3569.88786138763,0.329784613769397,3569.55807677386,0,0,0,3569.88786138763,0.329784613769397,3569.55807677386,3583.58591629066,1200,14.0278395168091
159.560514841666,1,wetting,360,1200,-0.00371204894272554,0.00374106519709681,2.90162543712669e-05,1.34678347095485,0.0104458515736561,1.3363376193812,0,1.3363376193812,3571.23464485858,0.340230465343053,3570.89441439324,0,0,0,3571.23464485858,0.340230465343053,3570.89441439324,3584.92225391005,1200,14.0278395168091
159.660514841666,1,wetting,360,1200,-0.00370914782296511,0.00373869162352475,2.95438005596422e-05,1.34592898446891,0.0106357682014712,1.33529321626744,0,1.33529321626744,3572.58057384305,0.350866233544525,3572.2297076095,0,0,0,3572.58057384305,0.350866233544525,3572.2297076095,3586.25754712631,1200,14.0278395168091
159.760514841666,1,wetting,360,1200,-0.00370628261432601,0.00373636195130943,3.00793369834141e-05,1.34509030247139,0.0108285613140291,1.33426174115736,0,1.33426174115736,3573.92566414552,0.361694794858554,3573.56396935066,0,0,0,3573.92566414552,0.361694794858554,3573.56396935066,3587.59180886747,1200,14.0278395168091
159.860514841666,1,wetting,360,1200,-0.00370340750727034,0.00373402645442217,3.06189471518338e-05,1.34424952359198,0.0110228209746602,1.33322670261732,0,1.33322670261732,3575.26991366911,0.372717615833214,3574.89719605328,0,0,0,3575.26991366911,0.372717615833214,3574.89719605328,3588.92503557009,1200,14.0278395168091
159.960514841666,1,wetting,360,1200,-0.0037005212691754,0.0037316841099277,3.11628407523015e-05,1.34340627957397,0.0112186226708285,1.33218765690314,0,1.33218765690314,3576.61331994869,0.383936238504042,3576.22938371018,0,0,0,3576.61331994869,0.383936238504042,3576.22938371018,3590.25722322699,1200,14.0278395168091
160.060514841666,1,wetting,360,1200,-0.003697622752638,0.00372933384111976,3.17110884817683e-05,1.34256018280311,0.0114159918534366,1.33114419094968,0,1.33114419094968,3577.95588013149,0.395352230357479,3577.56052790113,0,0,0,3577.95588013149,0.395352230357479,3577.56052790113,3591.58836741794,1200,14.0278395168091
160.160514841666,1,wetting,360,1200,-0.00369471160895479,0.00372697519510286,3.22635861480718e-05,1.34171107023703,0.0116148910133058,1.33009617922372,0,1.33009617922372,3579.29759120173,0.406967121370785,3578.89062408035,0,0,0,3579.29759120173,0.406967121370785,3578.89062408035,3592.91846359716,1200,14.0278395168091
160.260514841666,1,wetting,360,1200,-0.00369178998800321,0.00372460995371844,3.28199657152324e-05,1.34085958333864,0.0118151876574836,1.32904439568116,0,1.32904439568116,3580.63845078507,0.418782309028268,3580.21966847604,0,0,0,3580.63845078507,0.418782309028268,3580.21966847604,3594.24750799284,1200,14.0278395168091
160.360514841666,1,wetting,360,1200,-0.00368885896587118,0.00372223850496042,3.33795390892388e-05,1.34000586178575,0.012016634072126,1.32798922771363,0,1.32798922771363,3581.97845664685,0.430798943100394,3581.54765770375,0,0,0,3581.97845664685,0.430798943100394,3581.54765770375,3595.57549722056,1200,14.0278395168091
160.460514841666,1,wetting,360,1200,-0.00368591914470228,0.00371986103253954,3.39418878372584e-05,1.33914997171423,0.012219079621413,1.32693089209282,0,1.32693089209282,3583.31760661857,0.443018022721807,3582.87458859584,0,0,0,3583.31760661857,0.443018022721807,3582.87458859584,3596.90242811265,1200,14.0278395168091
160.560514841666,1,wetting,360,1200,-0.00368297821885152,0.00371748294651114,3.45047276596208e-05,1.33829386074401,0.0124217019574635,1.32587215878655,0,1.32587215878655,3584.65590047931,0.455439724679271,3584.20046075463,0,0,0,3584.65590047931,0.455439724679271,3584.20046075463,3598.22830027144,1200,14.0278395168091
160.660514841666,1,wetting,360,1200,-0.00368003974428351,0.00371511400581621,3.50742615326953e-05,1.33744104209384,0.0126267341517703,1.32481430794207,0,1.32481430794207,3585.99334152141,0.468066458831041,3585.52527506257,0,0,0,3585.99334152141,0.468066458831041,3585.52527506257,3599.55311457938,1200,14.0278395168091
160.760514841666,1,wetting,360,1200,-0.00367710829037606,0.00371275477884155,3.56464884654916e-05,1.33659172038296,0.012832735847577,1.32375898453538,0,1.32375898453538,3587.32993324179,0.480899194678618,3586.84903404711,0,0,0,3587.32993324179,0.480899194678618,3586.84903404711,3600.87687356392,1200,14.0278395168091
160.860514841666,1,wetting,360,1200,-0.00367418799396894,0.00371040371543144,3.62157214624929e-05,1.33574533755532,0.0130376597264974,1.32270767782882,0,1.32270767782882,3588.66567857934,0.493936854405116,3588.17174172494,0,0,0,3588.66567857934,0.493936854405116,3588.17174172494,3602.19958124174,1200,14.0278395168091
160.960514841666,1,wetting,360,1200,-0.00367128237303818,0.00370806325112065,3.67808780824676e-05,1.33490277040343,0.0132411161096883,1.32166165429375,0,1.32166165429375,3590.00058134975,0.507177970514804,3589.49340337923,0,0,0,3590.00058134975,0.507177970514804,3589.49340337923,3603.52124289604,1200,14.0278395168091
161.060514841666,1,wetting,360,1200,-0.00366839121255486,0.00370573333134199,3.73421187871312e-05,1.33406399928312,0.0134431627633672,1.32062083651975,0,1.32062083651975,3591.33464534903,0.520621133278171,3590.81402421575,0,0,0,3591.33464534903,0.520621133278171,3590.81402421575,3604.84186373256,1200,14.0278395168091
161.160514841666,1,wetting,360,1200,-0.00366552122261014,0.00370341935663412,3.78981340239783e-05,1.33323096838828,0.0136433282486322,1.31958764013965,0,1.31958764013965,3592.66787631742,0.534264461526803,3592.13361185589,0,0,0,3592.66787631742,0.534264461526803,3592.13361185589,3606.1614513727,1200,14.0278395168091
161.260514841666,1,wetting,360,1200,-0.00366267351261966,0.00370112482156292,3.84513089432648e-05,1.33240493576265,0.0138424712195753,1.31856246454308,0,1.31856246454308,3594.00028125318,0.548106932746379,3593.45217432043,0,0,0,3594.00028125318,0.548106932746379,3593.45217432043,3607.48001383724,1200,14.0278395168091
161.360514841666,1,wetting,360,1200,-0.00365984523593488,0.00369885200801461,3.90067720797353e-05,1.33158672288526,0.0140424379487047,1.31754428493656,0,1.31754428493656,3595.33186797607,0.562149370695084,3594.76971860537,0,0,0,3595.33186797607,0.562149370695084,3594.76971860537,3608.79755812218,1200,14.0278395168091
161.460514841666,1,wetting,360,1200,-0.00365703488165754,0.00369659281004823,3.95579283906815e-05,1.33077341161736,0.0142408542206453,1.31653255739672,0,1.31653255739672,3596.66264138768,0.576390224915729,3596.08625116276,0,0,0,3596.66264138768,0.576390224915729,3596.08625116276,3610.11409067957,1200,14.0278395168091
161.560514841666,1,wetting,360,1200,-0.00365424114272122,0.00369434625435199,4.01051116307632e-05,1.32996465156671,0.0144378401870748,1.31552681137964,0,1.31552681137964,3597.99260603925,0.590828065102804,3597.40177797414,0,0,0,3597.99260603925,0.590828065102804,3597.40177797414,3611.42961749095,1200,14.0278395168091
161.660514841666,1,wetting,360,1200,-0.00365146886030482,0.00369211639828028,4.06475379754622e-05,1.3291619033809,0.0146331136711664,1.31452878970973,0,1.31452878970973,3599.32176794263,0.60546117877397,3598.71630676385,0,0,0,3599.32176794263,0.60546117877397,3598.71630676385,3612.74414628066,1200,14.0278395168091
161.760514841666,1,wetting,360,1200,-0.0036487104785425,0.00368989752057554,4.1187042033044e-05,1.32836310740719,0.0148273351318958,1.3135357722753,0,1.3135357722753,3600.65013105004,0.620288513905866,3600.02984253613,0,0,0,3600.65013105004,0.620288513905866,3600.02984253613,3614.05768205294,1200,14.0278395168091
161.860514841666,1,wetting,360,1200,-0.00364596439409349,0.00368768793467192,4.17235405784277e-05,1.32756765648189,0.015020474608234,1.31254718187366,0,1.31254718187366,3601.97769870652,0.6353089885141,3601.342389718,0,0,0,3601.97769870652,0.6353089885141,3601.342389718,3615.37022923481,1200,14.0278395168091
161.960514841666,1,wetting,360,1200,-0.00364322307201055,0.00368548146776558,4.22583957550259e-05,1.32677332839561,0.0152130224718093,1.3115603059238,0,1.3115603059238,3603.30447203492,0.650522010985909,3602.65395002393,0,0,0,3603.30447203492,0.650522010985909,3602.65395002393,3616.68178954074,1200,14.0278395168091
162.060514841666,1,wetting,360,1200,-0.00364047429989831,0.00368327193024908,4.2797630350768e-05,1.32597789488967,0.0154071469262765,1.31057074796339,0,1.31057074796339,3604.6304499298,0.665929157912186,3603.96452077189,0,0,0,3604.6304499298,0.665929157912186,3603.96452077189,3617.9923602887,1200,14.0278395168091
162.160514841666,1,wetting,360,1200,-0.00363773937962237,0.0036810850171587,4.33456375363255e-05,1.32519060617713,0.0156044295130772,1.30958617666405,0,1.30958617666405,3605.95564053598,0.681533587425263,3605.27410694855,0,0,0,3605.95564053598,0.681533587425263,3605.27410694855,3619.30194646536,1200,14.0278395168091
162.260514841666,1,wetting,360,1200,-0.0036350058129214,0.0036789176792465,4.39118663251069e-05,1.32441036452874,0.0158082718770385,1.3086020926517,0,1.3086020926517,3607.28005090051,0.697341859302301,3606.58270904121,0,0,0,3607.28005090051,0.697341859302301,3606.58270904121,3620.61054855801,1200,14.0278395168091
162.360514841666,1,wetting,360,1200,-0.00363230085389819,0.0036767909573064,4.44901034082046e-05,1.3236447446303,0.0160164372269536,1.30762830740335,0,1.30762830740335,3608.60369564514,0.713358296529255,3607.89033734861,0,0,0,3608.60369564514,0.713358296529255,3607.89033734861,3621.91817686542,1200,14.0278395168091
162.460514841666,1,wetting,360,1200,-0.00362966067809742,0.00367469772185786,4.50370437604434e-05,1.32289117986883,0.0162133357537596,1.30667784411507,0,1.30667784411507,3609.92658682501,0.729571632283014,3609.19701519272,0,0,0,3609.92658682501,0.729571632283014,3609.19701519272,3623.22485470953,1200,14.0278395168091
162.560514841666,1,wetting,360,1200,-0.00362701331926767,0.00367260281014797,4.55894908802961e-05,1.32213701165327,0.0164122167169066,1.30572479493636,0,1.30572479493636,3611.24872383666,0.745983848999921,3610.50273998766,0,0,0,3611.24872383666,0.745983848999921,3610.50273998766,3624.53057950447,1200,14.0278395168091
162.660514841666,1,wetting,360,1200,-0.00362437554963284,0.00367051576623015,4.61402165973081e-05,1.32138567584285,0.0166104779750309,1.30477519786782,0,1.30477519786782,3612.57010951251,0.762594326974952,3611.80751518553,0,0,0,3612.57010951251,0.762594326974952,3611.80751518553,3625.83535470234,1200,14.0278395168091
162.760514841666,1,wetting,360,1200,-0.00362173798085054,0.00366842980875113,4.66918279005989e-05,1.32063473115041,0.0168090580442156,1.30382567310619,0,1.30382567310619,3613.89074424366,0.779403385019168,3613.11134085863,0,0,0,3613.89074424366,0.779403385019168,3613.11134085863,3627.13918037544,1200,14.0278395168091
162.860514841666,1,wetting,360,1200,-0.00361909222030848,0.00366633827638822,4.72460560797434e-05,1.31988177949976,0.0170085801887076,1.30287319931105,0,1.30287319931105,3615.21062602316,0.796411965207875,3614.41421405795,0,0,0,3615.21062602316,0.796411965207875,3614.41421405795,3628.44205357475,1200,14.0278395168091
162.960514841666,1,wetting,360,1200,-0.00361642908009953,0.00366424118273753,4.7812102637997e-05,1.31912682578551,0.0172123569496789,1.30191446883583,0,1.30191446883583,3616.52975284894,0.813624322157554,3615.71612852678,0,0,0,3616.52975284894,0.813624322157554,3615.71612852678,3629.74396804359,1200,14.0278395168091
163.060514841666,1,wetting,360,1200,-0.00361376272163483,0.00366214819538234,4.83854737475089e-05,1.31837335033764,0.0174187705491032,1.30095457978854,0,1.30095457978854,3617.84812619928,0.831043092706657,3617.01708310657,0,0,0,3617.84812619928,0.831043092706657,3617.01708310657,3631.04492262338,1200,14.0278395168091
163.160514841666,1,drainage,360,1200,-0.0036111067323967,0.00366006924905997,4.89625166632647e-05,1.31762492966159,0.0176265059987753,1.29999842366281,0,0,3617.84812619928,0.831043092706657,3617.01708310657,1.31762492966159,0.0176265059987753,1.29999842366281,3619.16575112894,0.848669598705433,3618.31708153023,3631.04492262338,1200,14.0278395168091
163.260514841666,1,drainage,360,1200,-0.00360845048346862,0.00365799994669502,4.95494632263969e-05,1.31687998081021,0.0178378067615029,1.2990421740487,0,0,3617.84812619928,0.831043092706657,3617.01708310657,2.63450491047179,0.0354643127602782,2.59904059771152,3620.48263110975,0.866507405466936,3619.61612370428,3631.04492262338,1200,14.0278395168091
163.360514841666,1,drainage,360,1200,-0.00360577313255703,0.003655915950549,5.01428179919715e-05,1.31612974219764,0.0180514144771097,1.29807832772053,0,0,3617.84812619928,0.831043092706657,3617.01708310657,3.95063465266943,0.0535157272373879,3.89711892543205,3621.79876085195,0.884558819944046,3620.914202032,3631.04492262338,1200,14.0278395168091
163.460514841666,1,drainage,360,1200,-0.00360307556533723,0.00365381789679144,5.07423314542121e-05,1.31537444284492,0.0182672393235164,1.2971072035214,0,0,3617.84812619928,0.831043092706657,3617.01708310657,5.26600909551435,0.0717829665609043,5.19422612895345,3623.11413529479,0.902826059267562,3622.21130923552,3631.04492262338,1200,14.0278395168091
163.560514841666,1,drainage,360,1200,-0.00360035199560125,0.00365170244566869,5.13504500674337e-05,1.31461288044073,0.0184861620242761,1.29612671841645,0,0,3617.84812619928,0.831043092706657,3617.01708310657,6.58062197595508,0.0902691285851804,6.4903528473699,3624.42874817523,0.921312221291838,3623.50743595394,3631.04492262338,1200,14.0278395168091
163.660514841666,1,drainage,360,1200,-0.00359759508324823,0.00364956225533518,5.1967172086951e-05,1.31384241192066,0.0187081819513024,1.29513422996936,0,0,3617.84812619928,0.831043092706657,3617.01708310657,7.89446438787574,0.108977310536483,7.78548707733926,3625.74259058716,0.94002040324314,3624.80257018391,3631.04492262338,1200,14.0278395168091
163.760514841666,1,drainage,360,1200,-0.00359479359085102,0.00364739018793889,5.25965970878688e-05,1.313060467658,0.0189347749516328,1.29412569270637,0,0,3617.84812619928,0.831043092706657,3617.01708310657,9.20752485553374,0.127912085488116,9.07961277004563,3627.05565105481,0.958955178194773,3626.09669587662,3631.04492262338,1200,14.0278395168091
163.860514841666,1,drainage,360,1200,-0.00359193915481102,0.00364518012266872,5.32409678577022e-05,1.31226484416074,0.0191667484287728,1.29309809573197,0,0,3617.84812619928,0.831043092706657,3617.01708310657,10.5197896996945,0.147078833916888,10.3727108657776,3628.36791589897,0.978121926623546,3627.38979397235,3631.04492262338,1200,14.0278395168091
163.960514841666,1,drainage,360,1200,-0.00358902006336687,0.00364292191108388,5.39018477170132e-05,1.3114518879902,0.0194046651781248,1.29204722281207,0,0,3617.84812619928,0.831043092706657,3617.01708310657,11.8312415876847,0.166483499095013,11.6647580885897,3629.67936778696,0.997526591801671,3628.68184119516,3631.04492262338,1200,14.0278395168091
164.060514841666,1,drainage,360,1200,-0.00358603197586473,0.00364062040456035,5.45884286956231e-05,1.31062334564173,0.0196518343304243,1.2909715113113,0,0,3617.84812619928,0.831043092706657,3617.01708310657,13.1418649333264,0.186135333425437,12.955729599901,3630.98999113261,1.01717842613209,3629.97281270647,3631.04492262338,1200,14.0278395168091
164.160514841666,1,drainage,360,1200,-0.00358297562846021,0.00363827589395827,5.53002654980586e-05,1.30977932182498,0.0199080955793011,1.28987122624568,0,0,3617.84812619928,0.831043092706657,3617.01708310657,14.4516442551514,0.206043429004738,14.2456008261466,3632.29977045443,1.0370865217114,3631.26268393272,3631.04492262338,1200,14.0278395168091
164.260514841666,1,drainage,360,1200,-0.00357984111147703,0.00363587739036646,5.60362788894252e-05,1.30891586053192,0.0201730604001931,1.28874280013173,0,0,3617.84812619928,0.831043092706657,3617.01708310657,15.7605601156833,0.226216489404932,15.5343436262784,3633.60868631496,1.05725958211159,3632.55142673285,3631.04492262338,1200,14.0278395168091
164.360514841666,1,drainage,360,1200,-0.00357661290931258,0.00363341334184833,5.68004325357484e-05,1.3080288030654,0.0204481557128694,1.28758064735253,0,0,3617.84812619928,0.831043092706657,3617.01708310657,17.0685889187487,0.246664645117801,16.8219242736309,3634.91671511803,1.07770773782446,3633.8390073802,3631.04492262338,1200,14.0278395168091
164.460514841666,1,drainage,360,1200,-0.00357324618001675,0.00363086063503654,5.7614455019792e-05,1.30710982861315,0.0207412038071251,1.28636862480603,0,0,3617.84812619928,0.831043092706657,3617.01708310657,18.3756987473619,0.267405848924926,18.1082928984369,3636.22382494664,1.09844894163158,3635.12537600501,3631.04492262338,1200,14.0278395168091
164.560514841666,1,drainage,360,1200,-0.00356977695192329,0.00362823064962887,5.8453697705583e-05,1.30616303386639,0.0210433311740099,1.28511970269238,0,0,3617.84812619928,0.831043092706657,3617.01708310657,19.6818617812282,0.288449180098936,19.3934126011293,3637.52998798051,1.11949227280559,3636.4104957077,3631.04492262338,1200,14.0278395168091
164.660514841666,1,drainage,360,1200,-0.00356616869712288,0.00362550341264683,5.93347155239556e-05,1.30518122855286,0.021360497588624,1.28382073096424,0,0,3617.84812619928,0.831043092706657,3617.01708310657,20.9870430097811,0.30980967768756,20.6772333320935,3638.83516920906,1.14085277039422,3637.69431643866,3631.04492262338,1200,14.0278395168091
164.760514841666,1,drainage,360,1200,-0.00356240692741753,0.00362266921912918,6.02622917116509e-05,1.30416091888651,0.0216944250161943,1.28246649387031,0,0,3617.84812619928,0.831043092706657,3617.01708310657,22.2912039286676,0.331504102703754,21.9596998259639,3640.13933012795,1.16254719541041,3638.97678293253,3631.04492262338,1200,14.0278395168091
164.860514841666,1,drainage,360,1200,-0.00355848485138202,0.00361972167569221,6.12368243101944e-05,1.3030998032492,0.02204525675167,1.28105454649753,0,0,3617.84812619928,0.831043092706657,3617.01708310657,23.5943037319168,0.353549359455424,23.2407543724614,3641.4424299312,1.18459245216208,3640.25783747903,3631.04492262338,1200,14.0278395168091
164.960514841666,1,drainage,360,1200,-0.00355440958972693,0.00361666303055077,6.22534408238386e-05,1.30199869099828,0.0224112386965819,1.2795874523017,0,0,3617.84812619928,0.831043092706657,3617.01708310657,24.8963024229151,0.375960598152006,24.5203418247631,3642.74442862219,1.20700369085866,3641.53742493133,3631.04492262338,1200,14.0278395168091
165.060514841666,1,drainage,360,1200,-0.00355023191541654,0.00361354786052152,6.33159451049804e-05,1.30087722978775,0.022793740237793,1.27808348954995,0,0,3617.84812619928,0.831043092706657,3617.01708310657,26.1971796527028,0.398754338389799,25.798425314313,3644.04530585198,1.22979743109646,3642.81550842088,3631.04492262338,1200,14.0278395168091
165.160514841666,1,drainage,360,1200,-0.0035459992475361,0.0036104024145095,6.44031669734016e-05,1.29974486922342,0.0231851401104246,1.276559729113,0,0,3617.84812619928,0.831043092706657,3617.01708310657,27.4969245219263,0.421939478500224,27.074985043426,3645.34505072121,1.25298257120688,3644.09206815,3631.04492262338,1200,14.0278395168091
165.260514841666,1,drainage,360,1200,-0.00354176853437707,0.00360725349196445,6.54849575873898e-05,1.2986112571072,0.0235745847314603,1.27503667237574,0,0,3617.84812619928,0.831043092706657,3617.01708310657,28.7955357790335,0.445514063231684,28.3500217158018,3646.64366197831,1.27655715593834,3645.36710482237,3631.04492262338,1200,14.0278395168091
165.360514841666,1,drainage,360,1200,-0.00353768760595321,0.00360419555612925,6.65079501760387e-05,1.29751040020653,0.0239428620633739,1.27356753814316,0,0,3617.84812619928,0.831043092706657,3617.01708310657,30.09304617924,0.469456925295058,29.6235892539449,3647.94117237852,1.30050001800172,3646.64067236052,3631.04492262338,1200,14.0278395168091
165.460514841666,1,drainage,360,1200,-0.00353382424129292,0.00360128668993015,6.74624486372253e-05,1.29646320837485,0.0242864815094011,1.27217672686545,0,0,3617.84812619928,0.831043092706657,3617.01708310657,31.3895093876148,0.493743406804459,30.8957659808104,3649.23763558689,1.32478649951112,3647.91284908738,3631.04492262338,1200,14.0278395168091
165.560514841666,1,drainage,360,1200,-0.00353007182692821,0.00359844487241633,6.83730454881277e-05,1.29544015406988,0.024614296375726,1.27082585769415,0,0,3617.84812619928,0.831043092706657,3617.01708310657,32.6849495416847,0.518357703180185,32.1665918385045,3650.53307574096,1.34940079588684,3649.18367494508,3631.04492262338,1200,14.0278395168091
165.660514841666,1,drainage,360,1200,-0.00352641706992495,0.00359566224322348,6.92451732985369e-05,1.29443840756045,0.0249282623874733,1.26951014517298,0,0,3617.84812619928,0.831043092706657,3617.01708310657,33.9793879492452,0.543285965567658,33.4361019836775,3651.82751414853,1.37432905827432,3650.45318509025,3631.04492262338,1200,14.0278395168091
165.760514841666,1,drainage,360,1200,-0.0035230103830419,0.00359305132734746,7.00409443055637e-05,1.29349847784509,0.0252147399500029,1.26828373789508,0,0,3617.84812619928,0.831043092706657,3617.01708310657,35.2728864270903,0.568500705517661,34.7043857215726,3653.12101262637,1.39954379822432,3651.72146882814,3631.04492262338,1200,14.0278395168091
165.860514841666,1,drainage,360,1200,-0.0035196438491967,0.00359048132718559,7.08374779888872e-05,1.29257327778681,0.0255014920759994,1.26707178571081,0,0,3617.84812619928,0.831043092706657,3617.01708310657,36.5654597048771,0.594002197593661,35.9714575072834,3654.41358590416,1.42504529030032,3652.98854061385,3631.04492262338,1200,14.0278395168091
165.960514841666,1,drainage,360,1200,-0.00351632589690653,0.00358794533336814,7.16194364616093e-05,1.29166032001253,0.0257829971261794,1.26587732288635,0,0,3617.84812619928,0.831043092706657,3617.01708310657,37.8571200248896,0.61978519471984,37.2373348301698,3655.70524622417,1.4508282874265,3654.25441793674,3631.04492262338,1200,14.0278395168091
166.060514841666,1,drainage,360,1200,-0.00351310184869068,0.00358546281734095,7.23609686502696e-05,1.29076661424274,0.026049948714097,1.26471666552865,0,0,3617.84812619928,0.831043092706657,3617.01708310657,39.1478866391324,0.645835143433937,38.5020514956984,3656.99601283841,1.47687823614059,3655.51913460227,3631.04492262338,1200,14.0278395168091
166.160514841666,1,drainage,360,1200,-0.00350990911730254,0.00358300216732419,7.30930500216549e-05,1.28988078023671,0.0263134980077958,1.26356728222891,0,0,3617.84812619928,0.831043092706657,3617.01708310657,40.4377674193691,0.672148641441733,39.7656187779273,3658.28589361865,1.50319173414839,3656.7827018845,3631.04492262338,1200,14.0278395168091
166.260514841666,1,drainage,360,1200,-0.00350674426265487,0.00358056439382703,7.38201311721647e-05,1.28900318177773,0.0265752472219793,1.26242793455575,0,0,3617.84812619928,0.831043092706657,3617.01708310657,41.7267706011468,0.698723888663712,41.0280467124831,3659.57489680043,1.52976698137037,3658.04512981905,3631.04492262338,1200,14.0278395168091
166.360514841666,1,drainage,360,1200,-0.00350358715535423,0.0035781418739444,7.45547185901688e-05,1.28813107461998,0.0268396986924608,1.26129137592752,0,0,3617.84812619928,0.831043092706657,3617.01708310657,43.0149016757668,0.725563587356173,42.2893380884106,3660.86302787505,1.55660668006283,3659.30642119498,3631.04492262338,1200,14.0278395168091
166.460514841666,1,drainage,360,1200,-0.00350044658981364,0.00357573061017949,7.52840203658444e-05,1.28726301966462,0.027102247331704,1.26016077233291,0,0,3617.84812619928,0.831043092706657,3617.01708310657,44.3021646954314,0.752665834687877,43.5494988607435,3662.15029089471,1.58370892739453,3660.56658196731,3631.04492262338,1200,14.0278395168091
166.560514841666,1,drainage,360,1200,-0.00349730889731721,0.00357332453691611,7.6015639598903e-05,1.2863968332898,0.0273656302556051,1.2590312030342,0,0,3617.84812619928,0.831043092706657,3617.01708310657,45.5885615287212,0.780031464943482,44.8085300637777,3663.436687728,1.61107455765014,3661.82561317035,3631.04492262338,1200,14.0278395168091
166.660514841666,1,drainage,360,1200,-0.00349421182724783,0.00357094387895407,7.67320517062434e-05,1.28553979642347,0.0276235386142476,1.25791625780922,0,0,3617.84812619928,0.831043092706657,3617.01708310657,46.8741013251447,0.807655003557729,46.0664463215869,3664.72222752442,1.63869809626439,3663.08352942816,3631.04492262338,1200,14.0278395168091
166.760514841666,1,drainage,360,1200,-0.00349122739159018,0.00356863644882799,7.74090572378055e-05,1.28470912157808,0.02786726060561,1.25684186097247,0,0,3617.84812619928,0.831043092706657,3617.01708310657,48.1588104467227,0.835522264163339,47.3232881825594,3666.006936646,1.66656535687,3664.34037128913,3631.04492262338,1200,14.0278395168091
166.860514841666,1,drainage,360,1200,-0.00348825274297418,0.00356634611250073,7.80933695265511e-05,1.28388460050026,0.0281136130295584,1.25577098747071,0,0,3617.84812619928,0.831043092706657,3617.01708310657,49.442695047223,0.863635877192898,48.5790591700301,3667.2908212465,1.69467896989956,3665.5961422766,3631.04492262338,1200,14.0278395168091
166.960514841666,1,drainage,360,1200,-0.00348523140193963,0.00356404140131239,7.8809999372757e-05,1.28305490447246,0.0283715997741925,1.25468330469827,0,0,3617.84812619928,0.831043092706657,3617.01708310657,50.7257499516954,0.89200747696709,49.8337424747284,3668.57387615098,1.72305056967375,3666.8508255813,3631.04492262338,1200,14.0278395168091
167.060514841666,1,drainage,360,1200,-0.00348225633634214,0.00356174984637162,7.94935100294816e-05,1.28222994469378,0.0286176636106134,1.25361228108317,0,0,3617.84812619928,0.831043092706657,3617.01708310657,52.0079798963892,0.920625140577704,51.0873547558115,3669.85610609567,1.75166823328436,3668.10443786238,3631.04492262338,1200,14.0278395168091
167.160514841666,1,drainage,360,1200,-0.00347928006575817,0.00355945931558114,8.01792498229766e-05,1.28140535360921,0.0288645299362716,1.25254082367294,0,0,3617.84812619928,0.831043092706657,3617.01708310657,53.2893852499984,0.949489670513975,52.3398955794845,3671.13751144928,1.78053276322063,3669.35697868606,3631.04492262338,1200,14.0278395168091
167.260514841666,1,drainage,360,1200,-0.00347640344708998,0.00355723535705859,8.08319099686087e-05,1.28060472854109,0.0290994875886991,1.25150524095239,0,0,3617.84812619928,0.831043092706657,3617.01708310657,54.5699899785395,0.978589158102674,53.5914008204369,3672.41811617782,1.80963225080933,3670.60848392701,3631.04492262338,1200,14.0278395168091
167.360514841666,1,drainage,360,1200,-0.00347355353866401,0.00355503012142724,8.14765827632224e-05,1.2798108437138,0.0293315697947601,1.25047927391904,0,0,3617.84812619928,0.831043092706657,3617.01708310657,55.8498008222533,1.00792072789743,54.8418800943559,3673.69792702153,1.83896382060409,3671.85896320093,3631.04492262338,1200,14.0278395168091
167.460514841666,1,drainage,360,1200,-0.00347072205086008,0.00355283833706269,8.21162862026076e-05,1.27902180134257,0.0295618630329387,1.24945993830963,0,0,3617.84812619928,0.831043092706657,3617.01708310657,57.1288226235959,1.03748259093037,56.0913400326655,3674.97694882288,1.86852568363703,3673.10842313924,3631.04492262338,1200,14.0278395168091
167.560514841666,1,drainage,360,1200,-0.00346790001516001,0.00355065539363788,8.27553784778627e-05,1.27823594170964,0.0297919362520306,1.2484440054576,0,0,3617.84812619928,0.831043092706657,3617.01708310657,58.4070585653055,1.0672745271824,57.3397840381231,3676.25518476459,1.89831761988906,3674.35686714469,3631.04492262338,1200,14.0278395168091
167.660514841666,1,drainage,360,1200,-0.00346509266865911,0.003548481029251,8.33883605918857e-05,1.27745317053036,0.0300198098130789,1.24743336071728,0,0,3617.84812619928,0.831043092706657,3617.01708310657,59.6845117358359,1.09729433699548,58.5872173988404,3677.53263793512,1.92833742970214,3675.60430050541,3631.04492262338,1200,14.0278395168091
167.760514841666,1,drainage,360,1200,-0.00346229541453745,0.0035463150913846,8.40196768471523e-05,1.27667343289846,0.0302470836649748,1.24642634923348,0,0,3617.84812619928,0.831043092706657,3617.01708310657,60.9611851687343,1.12754142066046,59.8336437480739,3678.80931136801,1.95858451336712,3676.85072685465,3631.04492262338,1200,14.0278395168091
167.860514841666,1,drainage,360,1200,-0.00345951490694051,0.00354416226199336,8.46473550528557e-05,1.27589841431761,0.030473047819028,1.24542536649858,0,0,3617.84812619928,0.831043092706657,3617.01708310657,62.237083583052,1.15801446847949,61.0790691145725,3680.08520978233,1.98905756118614,3678.09615222114,3631.04492262338,1200,14.0278395168091
167.960514841666,1,drainage,360,1200,-0.00345674641107487,0.00354201896023777,8.52725491628956e-05,1.2751268256856,0.0306981176986424,1.24442870798695,0,0,3617.84812619928,0.831043092706657,3617.01708310657,63.5122104087376,1.18871258617813,62.3234978225594,3681.36033660802,2.01975567888479,3679.34058092913,3631.04492262338,1200,14.0278395168091
168.060514841666,1,drainage,360,1200,-0.00345401715541279,0.00353991169413948,8.58945387266888e-05,1.27436820989021,0.030922033941608,1.24344617594861,0,0,3617.84812619928,0.831043092706657,3617.01708310657,64.7865786186278,1.21963462011974,63.566943998508,3682.63470481791,2.05067771282639,3680.58402710508,3631.04492262338,1200,14.0278395168091
168.160514841666,1,drainage,360,1200,-0.00345131001566528,0.00353782467696802,8.65146613027358e-05,1.27361688370849,0.0311452780689849,1.2424716056395,0,0,3617.84812619928,0.831043092706657,3617.01708310657,66.0601955023363,1.25077989818872,64.8094156041475,3683.90832170162,2.08182299089538,3681.82649871072,3631.04492262338,1200,14.0278395168091
168.260514841666,1,drainage,360,1200,-0.00344862797058306,0.00353576761121673,8.713964063367e-05,1.27287634003802,0.0313702706281212,1.2415060694099,0,0,3617.84812619928,0.831043092706657,3617.01708310657,67.3330718423743,1.28215016881684,66.0509216735574,3685.18119804165,2.1131932615235,3683.06800478013,3631.04492262338,1200,14.0278395168091
168.360514841666,1,drainage,360,1200,-0.00344596949436437,0.00353373119977039,8.77617054060143e-05,1.27214323191734,0.0315942139461651,1.24054901797117,0,0,3617.84812619928,0.831043092706657,3617.01708310657,68.6052150742916,1.31374438276301,67.2914706915286,3686.45334127357,2.14478747546966,3684.3085537981,3631.04492262338,1200,14.0278395168091
168.460514841666,1,drainage,360,1200,-0.00344329711785196,0.00353168020114325,8.83830832912903e-05,1.27140487241157,0.0318179099848645,1.2395869624267,0,0,3617.84812619928,0.831043092706657,3617.01708310657,69.8766199467032,1.34556229274787,68.5310576539553,3687.72474614598,2.17660538545453,3685.54814076053,3631.04492262338,1200,14.0278395168091
168.560514841666,1,drainage,360,1200,-0.00344065516009331,0.00352965679930661,8.90016392133076e-05,1.27067644775038,0.0320405901167907,1.23863585763359,0,0,3617.84812619928,0.831043092706657,3617.01708310657,71.1472963944536,1.37760288286466,69.7696935115889,3688.99542259373,2.20864597557132,3686.78677661816,3631.04492262338,1200,14.0278395168091
168.660514841666,1,drainage,360,1200,-0.00343801894099567,0.0035276374947446,8.96185537489256e-05,1.26994949810806,0.0322626793496132,1.23768681875844,0,0,3617.84812619928,0.831043092706657,3617.01708310657,72.4172458925616,1.40986556221428,71.0073803303474,3690.26537209184,2.24090865492093,3688.02446343692,3631.04492262338,1200,14.0278395168091
168.760514841666,1,drainage,360,1200,-0.00343538141637733,0.00352561887831194,9.02374619346065e-05,1.2692227961923,0.0324854862964583,1.23673730989584,0,0,3617.84812619928,0.831043092706657,3617.01708310657,73.6864686887539,1.44235104851073,72.2441176402432,3691.53459488803,2.27339414121739,3689.26120074681,3631.04492262338,1200,14.0278395168091
168.860514841666,1,drainage,360,1200,-0.00343275078200659,0.00352360331873819,9.08525367315962e-05,1.26849719474575,0.0327069132233746,1.23579028152237,0,0,3617.84812619928,0.831043092706657,3617.01708310657,74.9549658834997,1.47505796173411,73.4799079217656,3692.80309208278,2.30610105444077,3690.49699102834,3631.04492262338,1200,14.0278395168091
168.960514841666,1,drainage,360,1200,-0.00343012397364634,0.00352159021502164,9.14662413752994e-05,1.26777247740779,0.0329278468951078,1.23484463051268,0,0,3617.84812619928,0.831043092706657,3617.01708310657,76.2227383609075,1.50798580862922,74.7147525522783,3694.07086456019,2.33902890133587,3691.73183565885,3631.04492262338,1200,14.0278395168091
169.060514841666,1,drainage,360,1200,-0.00342750122456557,0.003519580164017,9.2078939451432e-05,1.26704885904612,0.0331484182025155,1.2339004408436,0,0,3617.84812619928,0.831043092706657,3617.01708310657,77.4897872199536,1.54113422683173,75.9486529931219,3695.33791341923,2.37217731953839,3692.96573609969,3631.04492262338,1200,14.0278395168091
169.160514841666,1,drainage,360,1200,-0.00342488248351499,0.00351757325194374,9.26907684287471e-05,1.26632637069975,0.033368676634349,1.2329576940654,0,0,3617.84812619928,0.831043092706657,3617.01708310657,78.7561135906533,1.57450290346608,77.1816106871872,3696.60423978993,2.40554599617274,3694.19869379376,3631.04492262338,1200,14.0278395168091
169.260514841666,1,drainage,360,1200,-0.00342226695792506,0.00351556965095661,9.33026930315578e-05,1.26560507434438,0.0335889694913608,1.23201610485302,0,0,3617.84812619928,0.831043092706657,3617.01708310657,80.0217186649977,1.60809187295744,78.4136267920403,3697.86984486428,2.4391349656641,3695.43070989861,3631.04492262338,1200,14.0278395168091
169.360514841666,1,drainage,360,1200,-0.00341965304434887,0.00351357453054426,9.39214861953978e-05,1.26488683099593,0.0338117350303432,1.23107509596559,0,0,3617.84812619928,0.831043092706657,3617.01708310657,81.2866054959936,1.64190360798779,79.6447018880059,3699.13473169527,2.47294670069444,3696.66178499458,3631.04492262338,1200,14.0278395168091
169.460514841666,1,drainage,360,1200,-0.00341704296103351,0.00351158360666994,9.4540645636426e-05,1.26417009840118,0.0340346324291134,1.23013546597207,0,0,3617.84812619928,0.831043092706657,3617.01708310657,82.5507755943948,1.6759382404169,80.8748373539779,3700.39890179368,2.50698133312356,3697.89192046055,3631.04492262338,1200,14.0278395168091
169.560514841666,1,drainage,360,1200,-0.00341443793836619,0.00350959868755582,9.51607491896327e-05,1.2634555275201,0.0342578697082678,1.22919765781183,0,0,3617.84812619928,0.831043092706657,3617.01708310657,83.8142311219149,1.71019611012517,82.1040350117897,3701.6623573212,2.54123920283182,3699.12111811836,3631.04492262338,1200,14.0278395168091
169.660514841666,1,drainage,360,1200,-0.00341183685441978,0.00350762443555778,9.57875811379987e-05,1.2627447968008,0.0344835292096795,1.22826126759112,0,0,3617.84812619928,0.831043092706657,3617.01708310657,85.0769759187157,1.74467963933485,83.3322962793809,3702.925102118,2.5757227320415,3700.34937938595,3631.04492262338,1200,14.0278395168091
169.760514841666,1,drainage,360,1200,-0.0034092167088347,0.00350563222624055,9.64155174058523e-05,1.2620276014466,0.0347095862661068,1.22731801518049,0,0,3617.84812619928,0.831043092706657,3617.01708310657,86.3390035201623,1.77938922560095,84.5596142945614,3704.18712971944,2.61043231830761,3701.57669740113,3631.04492262338,1200,14.0278395168091
169.860514841666,1,drainage,360,1200,-0.00340661919814838,0.0035036639030321,9.70447048837222e-05,1.26131900509156,0.03493609375814,1.22638291133342,0,0,3617.84812619928,0.831043092706657,3617.01708310657,87.6003225252539,1.81432531935909,85.7859972058948,3705.44844872453,2.64536841206575,3702.80308031247,3631.04492262338,1200,14.0278395168091
169.960514841666,1,drainage,360,1200,-0.00340401596817114,0.00350169819834654,9.76822301754037e-05,1.26061135140476,0.0351656028631453,1.22544574854161,0,0,3617.84812619928,0.831043092706657,3617.01708310657,88.8609338766586,1.84949092222224,87.0114429544364,3706.70906007594,2.6805340149289,3704.02852606101,3631.04492262338,1200,14.0278395168091
170.060514841666,1,drainage,360,1200,-0.00340140589551551,0.00349973117693618,9.83252814206717e-05,1.25990322369702,0.0353971013114418,1.22450612238558,0,0,3617.84812619928,0.831043092706657,3617.01708310657,90.1208371003556,1.88488802353368,88.235949076822,3707.96896329964,2.71593111624034,3705.25303218339,3631.04492262338,1200,14.0278395168091
170.160514841666,1,drainage,360,1200,-0.00339879393972806,0.00349776408455727,9.89701448292125e-05,1.25919507044062,0.0356292521385165,1.2235658183021,0,0,3617.84812619928,0.831043092706657,3617.01708310657,91.3800321707963,1.9205172756722,89.4595148951241,3709.22815837008,2.75156036837885,3706.4765980017,3631.04492262338,1200,14.0278395168091
170.260514841666,1,drainage,360,1200,-0.00339617505167859,0.00349579311755378,9.96180658751904e-05,1.25848552231936,0.0358625037150686,1.22262301860429,0,0,3617.84812619928,0.831043092706657,3617.01708310657,92.6385176931156,1.95637977938726,90.6821379137284,3710.4866438924,2.78742287209392,3707.6992210203,3631.04492262338,1200,14.0278395168091
170.360514841666,1,drainage,360,1200,-0.00339353873055476,0.00349381407871321,0.00010027534815845,1.25777306833676,0.0360991253370422,1.22167394299971,0,0,3617.84812619928,0.831043092706657,3617.01708310657,93.8962907614524,1.99247890472431,91.9038118567281,3711.74441696073,2.82352199743096,3708.9208949633,3631.04492262338,1200,14.0278395168091
170.460514841666,1,drainage,360,1200,-0.00339089386886104,0.00349182789814812,0.000100934029287075,1.25705804333332,0.0363362505433471,1.22072179278998,0,0,3617.84812619928,0.831043092706657,3617.01708310657,95.1533488047857,2.02881515526765,93.1245336495181,3713.00147500407,2.85985824797431,3710.14161675609,3631.04492262338,1200,14.0278395168091
170.560514841666,1,drainage,360,1200,-0.00338821595986723,0.00348982696849783,0.000101611008630599,1.25633770865922,0.0365799631070158,1.2197577455522,0,0,3617.84812619928,0.831043092706657,3617.01708310657,96.4096865134449,2.06539511837467,94.3442913950703,3714.25781271273,2.89643821108133,3711.36137450164,3631.04492262338,1200,14.0278395168091
170.660514841666,1,drainage,360,1200,-0.00338553956229433,0.00348781928083772,0.000102279718543383,1.25561494110158,0.0368206986756177,1.21879424242596,0,0,3617.84812619928,0.831043092706657,3617.01708310657,97.6653014545465,2.10221581705029,95.5630856374962,3715.51342765383,2.93325890975695,3712.58016874407,3631.04492262338,1200,14.0278395168091
170.760514841666,1,drainage,360,1200,-0.00338269400154206,0.00348574808062183,0.000103054079079763,1.25486930902386,0.0370994684687145,1.21776984055514,0,0,3617.84812619928,0.831043092706657,3617.01708310657,98.9201707635704,2.139315285519,96.7808554780514,3716.76829696285,2.97035837822566,3713.79793858462,3631.04492262338,1200,14.0278395168091
170.860514841666,1,drainage,360,1200,-0.00337996552402662,0.00348372946876086,0.000103763944734248,1.25414260875391,0.0373550201043293,1.21678758864958,0,0,3617.84812619928,0.831043092706657,3617.01708310657,100.174313372324,2.17667030562333,97.9976430667009,3718.02243957161,3.00771339832999,3715.01472617327,3631.04492262338,1200,14.0278395168091
170.960514841666,1,drainage,360,1200,-0.00337724297415178,0.0034817051982548,0.000104462224103023,1.25341387137173,0.0376064006770881,1.21580747069464,0,0,3617.84812619928,0.831043092706657,3617.01708310657,101.427727243696,2.21427670630042,99.2134505373956,3719.27585344298,3.04531979900708,3716.23053364397,3631.04492262338,1200,14.0278395168091
171.060514841666,1,drainage,360,1200,-0.0033744951010429,0.0034796613056229,0.000105166204579997,1.25267807002424,0.0378598336487991,1.21481823637544,0,0,3617.84812619928,0.831043092706657,3617.01708310657,102.68040531372,2.25213653994922,100.428268773771,3720.528531513,3.08317963265588,3717.44535188034,3631.04492262338,1200,14.0278395168091
171.160514841666,1,drainage,360,1200,-0.00337174944399921,0.00347761990114764,0.000105870457148429,1.25194316441315,0.0381133645734345,1.21382979983972,0,0,3617.84812619928,0.831043092706657,3617.01708310657,103.932348478133,2.29024990452265,101.642098573611,3721.78047467741,3.12129299722931,3718.65918168018,3631.04492262338,1200,14.0278395168091
171.260514841666,1,drainage,360,1200,-0.00336898816854036,0.00347558347463832,0.00010659530609796,1.25121005086979,0.0383743101952656,1.21283574067453,0,0,3617.84812619928,0.831043092706657,3617.01708310657,105.183558529003,2.32862421471792,102.854934314285,3723.03168472828,3.15966730742458,3719.87201742086,3631.04492262338,1200,14.0278395168091
171.360514841666,1,drainage,360,1200,-0.00336624478006503,0.00347355138173767,0.000107306601672638,1.25047849742556,0.0386303766021498,1.21184812082341,0,0,3617.84812619928,0.831043092706657,3617.01708310657,106.434037026429,2.36725459132007,104.066782435109,3724.28216322571,3.19829768402673,3721.08386554168,3631.04492262338,1200,14.0278395168091
171.460514841666,1,drainage,360,1200,-0.00336340066559165,0.00347147381599729,0.000108073150405636,1.24973057375902,0.038906334146029,1.21082423961299,0,0,3617.84812619928,0.831043092706657,3617.01708310657,107.683767600188,2.4061609254661,105.277606674722,3725.53189379947,3.23720401817276,3722.29468978129,3631.04492262338,1200,14.0278395168091
171.560514841666,1,drainage,360,1200,-0.0033606674994341,0.00346944870590055,0.000108781206466455,1.2490015341242,0.0391612343279238,1.20984029979627,0,0,3617.84812619928,0.831043092706657,3617.01708310657,108.932769134312,2.44532215979402,106.487446974518,3726.78089533359,3.27636525250068,3723.50453008109,3631.04492262338,1200,14.0278395168091
171.660514841666,1,drainage,360,1200,-0.00335792140840374,0.00346743124593248,0.000109509837528741,1.24827524853569,0.0394235415103468,1.20885170702534,0,0,3617.84812619928,0.831043092706657,3617.01708310657,110.181044382848,2.48474570130437,107.696298681543,3728.02917058213,3.31578879401103,3724.71338178811,3631.04492262338,1200,14.0278395168091
171.760514841666,1,drainage,360,1200,-0.0033551759264329,0.00346541672236448,0.000110240795931586,1.24755002005121,0.0396866865353711,1.20786333351584,0,0,3617.84812619928,0.831043092706657,3617.01708310657,111.428594402899,2.52443238783974,108.904162015059,3729.27672060218,3.3554754805464,3725.92124512163,3631.04492262338,1200,14.0278395168091
171.860514841666,1,drainage,360,1200,-0.00335242974379436,0.00346340183932526,0.000110972095530902,1.24682466215709,0.0399499543911248,1.20687470776597,0,0,3617.84812619928,0.831043092706657,3617.01708310657,112.675419065056,2.56438234223086,110.111036722825,3730.52354526434,3.39542543493752,3727.1281198294,3631.04492262338,1200,14.0278395168091
171.960514841666,1,drainage,360,1200,-0.00334967797052352,0.00346138331932067,0.000111705348797145,1.24609799495544,0.0402139255669721,1.20588406938847,0,0,3617.84812619928,0.831043092706657,3617.01708310657,113.921517060011,2.60459626779784,111.316920792214,3731.76964325929,3.43563936050449,3728.33400389879,3631.04492262338,1200,14.0278395168091
172.060514841666,1,drainage,360,1200,-0.00334698761976276,0.00345939925907239,0.000112411639309632,1.24538373326606,0.0404681901514675,1.20491554311459,0,0,3617.84812619928,0.831043092706657,3617.01708310657,115.166900793277,2.6450644579493,112.521836335328,3733.01502699256,3.47610755065596,3729.5389194419,3631.04492262338,1200,14.0278395168091
172.160514841666,1,drainage,360,1200,-0.00334422413889964,0.00345738628117629,0.000113162142276652,1.24465906122346,0.0407383712195948,1.20392069000387,0,0,3617.84812619928,0.831043092706657,3617.01708310657,116.411559854501,2.6858028291689,113.725757025332,3734.25968605378,3.51684592187556,3730.7428401319,3631.04492262338,1200,14.0278395168091
172.260514841666,1,drainage,360,1200,-0.00334148127899209,0.00345539277576936,0.00011391149677726,1.24394139927697,0.0410081388398136,1.20293326043715,0,0,3617.84812619928,0.831043092706657,3617.01708310657,117.655501253778,2.72681096800871,114.928690285769,3735.50362745306,3.55785406071537,3731.94577339234,3631.04492262338,1200,14.0278395168091
172.360514841666,1,drainage,360,1200,-0.00333886287989082,0.00345345368824523,0.000114590808354419,1.24324332776828,0.0412526910075908,1.20199063676069,0,0,3617.84812619928,0.831043092706657,3617.01708310657,118.898744581546,2.7680636590163,116.13068092253,3736.74687078083,3.59910675172296,3733.1477640291,3631.04492262338,1200,14.0278395168091
172.460514841666,1,drainage,360,1200,-0.00333623439583132,0.00345151226362053,0.00011527786778921,1.24254441490339,0.0415000324041157,1.20104438249927,0,0,3617.84812619928,0.831043092706657,3617.01708310657,120.14128899645,2.80956369142042,117.331725305029,3737.98941519573,3.64060678412708,3734.3488084116,3631.04492262338,1200,14.0278395168091
172.560514841666,1,drainage,360,1200,-0.00333348238090727,0.00344951492475586,0.000116032543848587,1.24182537291211,0.0417717157854913,1.20005365712662,0,0,3617.84812619928,0.831043092706657,3617.01708310657,121.383114369362,2.85133540720591,118.531778962156,3739.23124056864,3.68237849991257,3735.54886206873,3631.04492262338,1200,14.0278395168091
172.660514841666,1,drainage,360,1200,-0.00333088601219901,0.00344758617334744,0.000116700161148432,1.24113102240508,0.0420120580134356,1.19911896439164,0,0,3617.84812619928,0.831043092706657,3617.01708310657,122.624245391767,2.89334746521934,119.730897926547,3740.47237159105,3.724390557926,3736.74798103312,3631.04492262338,1200,14.0278395168091
172.760514841666,1,drainage,360,1200,-0.0033282714308046,0.00344565260314445,0.000117381172339853,1.240434937132,0.0422572220423469,1.19817771508966,0,0,3617.84812619928,0.831043092706657,3617.01708310657,123.864680328899,2.93560468726169,120.929075641637,3741.71280652818,3.76664777996835,3737.94615874821,3631.04492262338,1200,14.0278395168091
172.860514841666,1,drainage,360,1200,-0.00332565997365402,0.00344372142275306,0.000118061449099046,1.2397397121911,0.0425021216756565,1.19723759051545,0,0,3617.84812619928,0.831043092706657,3617.01708310657,125.10442004109,2.97810680893735,122.126313232153,3742.95254624037,3.80914990164401,3739.14339633872,3631.04492262338,1200,14.0278395168091
172.960514841666,1,drainage,360,1200,-0.00332305107366591,0.0034417911700086,0.000118740096342695,1.2390448212031,0.04274643468337,1.19629838651973,0,0,3617.84812619928,0.831043092706657,3617.01708310657,126.343464862293,3.02085324362072,123.322611618672,3744.19159106157,3.85189633632738,3740.33969472524,3631.04492262338,1200,14.0278395168091
173.060514841666,1,drainage,360,1200,-0.00332044443674743,0.00343986187824805,0.000119417441500622,1.2383502761693,0.0429902789402238,1.19535999722908,0,0,3617.84812619928,0.831043092706657,3617.01708310657,127.581815138462,3.06384352256094,124.517971615901,3745.42994133774,3.8948866152676,3741.53505472247,3631.04492262338,1200,14.0278395168091
173.160514841666,1,drainage,360,1200,-0.00331783810385036,0.00343793198062596,0.000120093876775605,1.23765551302535,0.0432337956392179,1.19442171738613,0,0,3617.84812619928,0.831043092706657,3617.01708310657,128.819470651488,3.10707731820016,125.712393333287,3746.66759685077,3.93812041090682,3742.72947643986,3631.04492262338,1200,14.0278395168091
173.260514841666,1,drainage,360,1200,-0.00331511407910969,0.00343594149525469,0.000120827416145002,1.23693893829169,0.0434978698122008,1.19344106847949,0,0,3617.84812619928,0.831043092706657,3617.01708310657,130.056409589779,3.15057518801236,126.905834401767,3747.90453578906,3.98161828071902,3743.92291750834,3631.04492262338,1200,14.0278395168091
173.360514841666,1,drainage,360,1200,-0.0033124931043434,0.00343400173270123,0.000121508628357838,1.23624062377244,0.0437431062088216,1.19249751756362,0,0,3617.84812619928,0.831043092706657,3617.01708310657,131.292650213552,3.19431829422118,128.098331919331,3749.14077641283,4.02536138692784,3745.1154150259,3631.04492262338,1200,14.0278395168091
173.460514841666,1,drainage,360,1200,-0.00330986403064602,0.00343205670514299,0.000122192674496971,1.23554041385148,0.0439893628189097,1.19155105103257,0,0,3617.84812619928,0.831043092706657,3617.01708310657,132.528190627403,3.23830765704009,129.289882970363,3750.37631682669,4.06935074974675,3746.30696607693,3631.04492262338,1200,14.0278395168091
173.560514841666,1,drainage,360,1200,-0.00330723647032627,0.00343011362364554,0.000122877153319276,1.2348409045124,0.0442357751949392,1.19060512931746,0,0,3617.84812619928,0.831043092706657,3617.01708310657,133.763031531916,3.28254343223503,130.480488099681,3751.6111577312,4.11358652494169,3747.49757120625,3631.04492262338,1200,14.0278395168091
173.660514841666,1,drainage,360,1200,-0.00330466471964608,0.00342820526539347,0.000123540545747395,1.23415389554165,0.0444745964690623,1.18967929907259,0,0,3617.84812619928,0.831043092706657,3617.01708310657,134.997185427457,3.32701802870409,131.670167398753,3752.84531162674,4.15806112141075,3748.68725050532,3631.04492262338,1200,14.0278395168091
173.760514841666,1,drainage,360,1200,-0.00330216902929606,0.00342634800359363,0.000124178974297566,1.23348528129371,0.0447044307471239,1.18878085054658,0,0,3617.84812619928,0.831043092706657,3617.01708310657,136.230670708751,3.37172245945122,132.8589482493,3754.07879690803,4.20276555215788,3749.87603135587,3631.04492262338,1200,14.0278395168091
173.860514841666,1,drainage,360,1200,-0.00329961057057188,0.00342446952826622,0.000124858957694334,1.23280903017584,0.0449492247699604,1.18785980540588,0,0,3617.84812619928,0.831043092706657,3617.01708310657,137.463479738927,3.41667168422118,134.046808054706,3755.31160593821,4.24771477692784,3751.06389116128,3631.04492262338,1200,14.0278395168091
173.960514841666,1,drainage,360,1200,-0.0032971251206136,0.00342261372852086,0.000125488607907262,1.23214094226751,0.0451758988466145,1.1869650434209,0,0,3617.84812619928,0.831043092706657,3617.01708310657,138.695620681194,3.46184758306779,135.233773098127,3756.54374688048,4.29289067577445,3752.2508562047,3631.04492262338,1200,14.0278395168091
174.060514841666,1,drainage,360,1200,-0.0032945675382301,0.00342073173526424,0.000126164197034137,1.23146342469513,0.0454191109322893,1.18604431376284,0,0,3617.84812619928,0.831043092706657,3617.01708310657,139.927084105889,3.50726669400008,136.419817411889,3757.77521030517,4.33830978670674,3753.43690051846,3631.04492262338,1200,14.0278395168091
174.160514841666,1,drainage,360,1200,-0.00329205996503039,0.00341886231959351,0.000126802354563116,1.23079043505366,0.0456488476427217,1.18514158741094,0,0,3617.84812619928,0.831043092706657,3617.01708310657,141.157874540943,3.5529155416428,137.6049589993,3759.00600074022,4.38395863434946,3754.62204210587,3631.04492262338,1200,14.0278395168091
174.260514841666,1,drainage,360,1200,-0.00328946103288621,0.00341696367222368,0.000127502639337472,1.23010692200053,0.0459009501614898,1.18420597183904,0,0,3617.84812619928,0.831043092706657,3617.01708310657,142.387981462944,3.59881649180429,138.789164971139,3760.23610766223,4.42985958451095,3755.80624807771,3631.04492262338,1200,14.0278395168091
174.360514841666,1,drainage,360,1200,-0.00328695152288128,0.00341509615533169,0.000128144632450408,1.22943461591941,0.0461320676821469,1.18330254823726,0,0,3617.84812619928,0.831043092706657,3617.01708310657,143.617416078863,3.64494855948644,139.972467519377,3761.46554227814,4.4759916521931,3756.98955062595,3631.04492262338,1200,14.0278395168091
174.460514841666,1,drainage,360,1200,-0.00328440324027521,0.00341321638032868,0.000128813140053463,1.22875789691832,0.0463727304192466,1.18238516649908,0,0,3617.84812619928,0.831043092706657,3617.01708310657,144.846173975781,3.69132128990569,141.154852685876,3762.69430017506,4.52236438261234,3758.17193579245,3631.04492262338,1200,14.0278395168091
174.560514841666,1,drainage,360,1200,-0.00328184613034264,0.00341133040452875,0.000129484274186116,1.22807894563035,0.0466143387070019,1.18146460692335,0,0,3617.84812619928,0.831043092706657,3617.01708310657,146.074252921412,3.73793562861269,142.336317292799,3763.92237912069,4.56897872131935,3759.35340039937,3631.04492262338,1200,14.0278395168091
174.660514841666,1,drainage,360,1200,-0.0032792991691198,0.0034094426568982,0.000130143487778401,1.22739935648335,0.0468516556002243,1.18054770088313,0,0,3617.84812619928,0.831043092706657,3617.01708310657,147.301652277895,3.78478728421291,143.516864993682,3765.14977847718,4.61583037691957,3760.53394810025,3631.04492262338,1200,14.0278395168091
174.760514841666,1,drainage,360,1200,-0.0032767412726228,0.00340754830092676,0.000130807028303956,1.22671738833363,0.047090530189424,1.17962685814421,0,0,3617.84812619928,0.831043092706657,3617.01708310657,148.528369666229,3.83187781440234,144.696491851826,3766.37649586551,4.66292090710899,3761.7135749584,3631.04492262338,1200,14.0278395168091
174.860514841666,1,drainage,360,1200,-0.00327417593750833,0.00340564837613516,0.00013147243862683,1.22603341540866,0.0473300779056589,1.178703337503,0,0,3617.84812619928,0.831043092706657,3617.01708310657,149.754403081637,3.879207892308,145.875195189329,3767.60252928092,4.71025098501465,3762.8922782959,3631.04492262338,1200,14.0278395168091
174.960514841666,1,drainage,360,1200,-0.00327141195339887,0.00340365039567493,0.00013223844227606,1.22531414244298,0.0476058392193817,1.17770830322359,0,0,3617.84812619928,0.831043092706657,3617.01708310657,150.97971722408,3.92681373152738,147.052903492553,3768.82784342336,4.75785682423403,3764.06998659912,3631.04492262338,1200,14.0278395168091
175.060514841666,1,drainage,360,1200,-0.00326868758086875,0.00340166579733046,0.000132978216461715,1.22459968703897,0.0478721579262174,1.17672752911275,0,0,3617.84812619928,0.831043092706657,3617.01708310657,152.204316911119,3.9746858894536,148.229631021666,3770.0524431104,4.80572898216025,3765.24671412824,3631.04492262338,1200,14.0278395168091
175.160514841666,1,drainage,360,1200,-0.00326607947117473,0.00339973863593939,0.000133659164764665,1.22390590893818,0.0481172993152794,1.1757886096229,0,0,3617.84812619928,0.831043092706657,3617.01708310657,153.428222820057,4.02280318876888,149.405419631289,3771.27634901934,4.85384628147553,3766.42250273786,3631.04492262338,1200,14.0278395168091
175.260514841666,1,drainage,360,1200,-0.00326344305897893,0.0033977953206319,0.000134352261652974,1.22320631542749,0.0483668141950706,1.17483950123241,0,0,3617.84812619928,0.831043092706657,3617.01708310657,154.651429135485,4.07117000296395,150.580259132521,3772.49955533477,4.9022130956706,3767.59734223909,3631.04492262338,1200,14.0278395168091
175.360514841666,1,drainage,360,1200,-0.00326079889985198,0.00339584533376355,0.00013504643391157,1.22250432015488,0.048616716208165,1.17388760394671,0,0,3617.84812619928,0.831043092706657,3617.01708310657,155.87393345564,4.11978671917211,151.754146736468,3773.72205965492,4.95082981187877,3768.77122984304,3631.04492262338,1200,14.0278395168091
175.460514841666,1,drainage,360,1200,-0.00325812847321127,0.00339388330780637,0.000135754834595097,1.22179799081029,0.0488717404542349,1.17292625035606,0,0,3617.84812619928,0.831043092706657,3617.01708310657,157.09573144645,4.16865845962635,152.927072986824,3774.94385764573,4.999701552333,3769.9441560934,3631.04492262338,1200,14.0278395168091
175.560514841666,1,drainage,360,1200,-0.00325546012128227,0.00339191565562997,0.000136455534347702,1.22108963602679,0.0491239923651729,1.17196564366162,0,0,3617.84812619928,0.831043092706657,3617.01708310657,158.316821082477,4.21778245199152,154.099038630485,3776.16494728176,5.04882554469818,3771.11612173706,3631.04492262338,1200,14.0278395168091
175.660514841666,1,drainage,360,1200,-0.00325277809208955,0.00338993749588554,0.000137159403795981,1.22037749851879,0.0493773853665532,1.17100011315224,0,0,3617.84812619928,0.831043092706657,3617.01708310657,159.537198580996,4.26715983735807,155.270038743638,3777.38532478028,5.09820293006473,3772.28712185021,3631.04492262338,1200,14.0278395168091
175.760514841666,1,drainage,360,1200,-0.00325007286112565,0.00338794603974316,0.000137873178617511,1.21966057430754,0.049634344302304,1.17002623000523,0,0,3617.84812619928,0.831043092706657,3617.01708310657,160.756859155303,4.31679418166038,156.440064973643,3778.60498535458,5.14783727436703,3773.45714808021,3631.04492262338,1200,14.0278395168091
175.860514841666,1,drainage,360,1200,-0.00324735814301041,0.00338594373595829,0.000138585592947877,1.21893974494498,0.0498908134612358,1.16904893148375,0,0,3617.84812619928,0.831043092706657,3617.01708310657,161.975798900248,4.36668499512161,157.609113905127,3779.82392509953,5.19772808782827,3774.6261970117,3631.04492262338,1200,14.0278395168091
175.960514841666,1,drainage,360,1200,-0.00324446905947257,0.00338385693880775,0.000139387879335181,1.21818849797079,0.0501796365606652,1.16800886141012,0,0,3617.84812619928,0.831043092706657,3617.01708310657,163.193987398219,4.41686463168228,158.777122766537,3781.0421135975,5.24790772438893,3775.79420587311,3631.04492262338,1200,14.0278395168091
176.060514841666,1,drainage,360,1200,-0.00324173467435679,0.00338184804966005,0.000140113375303263,1.21746529787762,0.0504408151091745,1.16702448276844,0,0,3617.84812619928,0.831043092706657,3617.01708310657,164.411452696097,4.46730544679145,159.944147249305,3782.25957889538,5.29834853949811,3776.96123035588,3631.04492262338,1200,14.0278395168091
176.160514841666,1,drainage,360,1200,-0.00323897985625561,0.0033798278391072,0.000140847982851592,1.21673802207859,0.0507052738265733,1.16603274825202,0,0,3617.84812619928,0.831043092706657,3617.01708310657,165.628190718175,4.51801072061803,161.110179997557,3783.47631691746,5.34905381332468,3778.12726310413,3631.04492262338,1200,14.0278395168091
176.260514841666,1,drainage,360,1200,-0.00323622151772157,0.00337780463051464,0.000141583112793075,1.21600966698527,0.050969920605507,1.16503974637976,0,0,3617.84812619928,0.831043092706657,3617.01708310657,166.844200385161,4.56898064122353,162.275219743937,3784.69232658444,5.40002373393019,3779.29230285051,3631.04492262338,1200,14.0278395168091
176.360514841666,1,drainage,360,1200,-0.00323341670957903,0.00337576405919693,0.000142347349617906,1.2152750613109,0.0512450458624462,1.16403001544845,0,0,3617.84812619928,0.831043092706657,3617.01708310657,168.059475446471,4.62022568708598,163.439249759386,3785.90760164575,5.45126877979264,3780.45633286596,3631.04492262338,1200,14.0278395168091
176.460514841666,1,drainage,360,1200,-0.00323065383827702,0.00337373824350182,0.000143084405224801,1.21454576766066,0.0515103858809282,1.16303538177973,0,0,3617.84812619928,0.831043092706657,3617.01708310657,169.274021214132,4.67173607296691,164.602285141165,3787.12214741341,5.50277916567356,3781.61936824774,3631.04492262338,1200,14.0278395168091
176.560514841666,1,drainage,360,1200,-0.00322785776933581,0.00337170170349464,0.000143843934158831,1.21381261325807,0.0517838162971791,1.16202879696089,0,0,3617.84812619928,0.831043092706657,3617.01708310657,170.48783382739,4.72351988926409,165.764313938126,3788.33596002667,5.55456298197074,3782.7813970447,3631.04492262338,1200,14.0278395168091
176.660514841666,1,drainage,360,1200,-0.00322514547776082,0.00336971924888141,0.000144573771120589,1.21309892959731,0.0520465576034121,1.16105237199389,0,0,3617.84812619928,0.831043092706657,3617.01708310657,171.700932756987,4.7755664468675,166.92536631012,3789.54905895627,5.60660953957415,3783.94244941669,3631.04492262338,1200,14.0278395168091
176.760514841666,1,drainage,360,1200,-0.00322243877677941,0.00336774391061663,0.000145305133837228,1.21238780782199,0.0523098481814019,1.16007795964059,0,0,3617.84812619928,0.831043092706657,3617.01708310657,172.913320564809,4.8278762950489,168.085444269761,3790.76144676409,5.65891938775556,3785.10252737633,3631.04492262338,1200,14.0278395168091
176.860514841666,1,drainage,360,1200,-0.00321974136096393,0.00336577842338687,0.000146037062422944,1.21168023241927,0.0525733424722597,1.15910688994701,0,0,3617.84812619928,0.831043092706657,3617.01708310657,174.125000797229,4.88044963752116,169.244551159708,3791.97312699651,5.71149273022782,3786.26163426628,3631.04492262338,1200,14.0278395168091
176.960514841666,1,drainage,360,1200,-0.00321701831082649,0.0033638081387897,0.000146789827963204,1.21097092996429,0.0528443380667536,1.15812659189754,0,0,3617.84812619928,0.831043092706657,3617.01708310657,175.335971727193,4.93329397558791,170.402677751605,3793.18409792647,5.76433706829457,3787.41976085818,3631.04492262338,1200,14.0278395168091
177.060514841666,1,drainage,360,1200,-0.00321432932160065,0.00336184672977196,0.000147517408171308,1.21026482271791,0.053106266941671,1.15715855577623,0,0,3617.84812619928,0.831043092706657,3617.01708310657,176.546236549911,4.98640024252959,171.559836307381,3794.39436274919,5.81744333523624,3788.57691941395,3631.04492262338,1200,14.0278395168091
177.160514841666,1,drainage,360,1200,-0.00321164405145099,0.00335988736138588,0.00014824330993489,1.20955945009892,0.0533675915765603,1.15619185852236,0,0,3617.84812619928,0.831043092706657,3617.01708310657,177.75579600001,5.03976783410615,172.716028165904,3795.60392219929,5.8708109268128,3789.73311127248,3631.04492262338,1200,14.0278395168091
177.260514841666,1,drainage,360,1200,-0.0032089528262331,0.00335792066677983,0.000148967840546734,1.20885144004074,0.0536284225968241,1.15522301744392,0,0,3617.84812619928,0.831043092706657,3617.01708310657,178.964647440051,5.09339625670297,173.871251183348,3796.81277363933,5.92443934940963,3790.88833428992,3631.04492262338,1200,14.0278395168091
177.360514841666,1,drainage,360,1200,-0.00320625759426564,0.00335595475476461,0.000149697160498972,1.20814371171526,0.05389097777963,1.15425273393563,0,0,3617.84812619928,0.831043092706657,3617.01708310657,180.172791151766,5.1472872344826,175.025503917283,3798.02091735105,5.97833032718925,3792.04258702385,3631.04492262338,1200,14.0278395168091
177.460514841666,1,drainage,360,1200,-0.00320354649206504,0.00335398648622052,0.000150439994155477,1.20743513503939,0.0541583978959717,1.15327673714341,0,0,3617.84812619928,0.831043092706657,3617.01708310657,181.380226286805,5.20144563237857,176.178780654427,3799.22835248609,6.03248872508523,3793.195863761,3631.04492262338,1200,14.0278395168091
177.560514841666,1,drainage,360,1200,-0.00320086137996731,0.00335202475725784,0.000151163377290522,1.20672891261282,0.0544188158245879,1.15231009678823,0,0,3617.84812619928,0.831043092706657,3617.01708310657,182.586955199418,5.25586444820316,177.331090751215,3800.4350813987,6.08690754090981,3794.34817385779,3631.04492262338,1200,14.0278395168091
177.660514841666,1,drainage,360,1200,-0.00319816486200125,0.00335006022216791,0.000151895360166658,1.20602167998045,0.054682329659997,1.15133935032045,0,0,3617.84812619928,0.831043092706657,3617.01708310657,183.792976879398,5.31054677786315,178.482430101535,3801.64110307868,6.14158987056981,3795.49951320811,3631.04492262338,1200,14.0278395168091
177.760514841666,1,drainage,360,1200,-0.00319547328058544,0.00334809536902172,0.00015262208843628,1.20531433284782,0.0549439518370609,1.15037038101076,0,0,3617.84812619928,0.831043092706657,3617.01708310657,184.998291212246,5.36549072970022,179.632800482546,3802.84641741153,6.19653382240687,3796.64988358912,3631.04492262338,1200,14.0278395168091
177.860514841666,1,drainage,360,1200,-0.00319277756352873,0.00334612732278491,0.000153349759256182,1.20460583620257,0.0552059133322254,1.14939992287034,0,0,3617.84812619928,0.831043092706657,3617.01708310657,186.202897048449,5.42069664303244,180.782200405417,3804.05102324773,6.2517397357391,3797.79928351199,3631.04492262338,1200,14.0278395168091
177.960514841666,1,drainage,360,1200,-0.00319010301134595,0.00334417646675857,0.000154073455412625,1.20390352803309,0.0554664439485448,1.14843708408454,0,0,3617.84812619928,0.831043092706657,3617.01708310657,187.406800576482,5.47616308698099,181.930637489501,3805.25492677576,6.30720617968764,3798.94772059607,3631.04492262338,1200,14.0278395168091
178.060514841666,1,drainage,360,1200,-0.00318754565751242,0.0033423161167748,0.000154770459262376,1.20323380203893,0.0557173653344554,1.14751643670447,0,0,3617.84812619928,0.831043092706657,3617.01708310657,188.610034378521,5.53188045231544,183.078153926206,3806.4581605778,6.3629235450221,3800.09523703278,3631.04492262338,1200,14.0278395168091
178.160514841666,1,drainage,360,1200,-0.00318506536734933,0.00334049572273109,0.000155430355381769,1.20257846018319,0.0559549279374369,1.14662353224576,0,0,3617.84812619928,0.831043092706657,3617.01708310657,189.812612838704,5.58783538025288,184.224777458451,3807.66073903799,6.41887847295953,3801.24186056502,3631.04492262338,1200,14.0278395168091
178.260514841666,1,drainage,360,1200,-0.00318259694459995,0.00333868652793026,0.000156089583330312,1.2019271500549,0.0561922499989122,1.14573490005598,0,0,3617.84812619928,0.831043092706657,3617.01708310657,191.014539988759,5.64402763025179,185.370512358507,3808.86266618804,6.47507072295845,3802.38759546508,3631.04492262338,1200,14.0278395168091
178.360514841666,1,drainage,360,1200,-0.00318013809413068,0.00333688549316398,0.000156747399033297,1.20127877753903,0.0564290636519869,1.14484971388705,0,0,3617.84812619928,0.831043092706657,3617.01708310657,192.215818766298,5.70045669390378,186.515362072394,3810.06394496558,6.53149978661043,3803.53244517897,3631.04492262338,1200,14.0278395168091
178.460514841666,1,drainage,360,1200,-0.00317769107738802,0.00333509455053091,0.00015740347314289,1.20063403819113,0.0566652503314403,1.14396878785969,0,0,3617.84812619928,0.831043092706657,3617.01708310657,193.416452804489,5.75712194423522,187.659330860254,3811.26457900377,6.58816503694188,3804.67641396683,3631.04492262338,1200,14.0278395168091
178.560514841666,1,drainage,360,1200,-0.00317525573552067,0.0033333137722296,0.000158058036708933,1.19999295800266,0.0569008932152158,1.14309206478744,0,0,3617.84812619928,0.831043092706657,3617.01708310657,194.616445762492,5.81402283745044,188.802422925041,3812.46457196177,6.64506593015709,3805.81950603161,3631.04492262338,1200,14.0278395168091
178.660514841666,1,drainage,360,1200,-0.00317282422172686,0.00333153691225631,0.000158712690529452,1.19935328841227,0.0571365685906029,1.14221671982167,0,0,3617.84812619928,0.831043092706657,3617.01708310657,195.815799050904,5.87115940604104,189.944639644863,3813.66392525019,6.70220249874769,3806.96172275143,3631.04492262338,1200,14.0278395168091
178.760514841666,1,drainage,360,1200,-0.00317039551338157,0.00332976321436805,0.00015936770098648,1.1987147571725,0.0573723723551329,1.14134238481737,0,0,3617.84812619928,0.831043092706657,3617.01708310657,197.014513808077,5.92853177839617,191.085982029681,3814.86264000736,6.75957487110283,3808.10306513625,3631.04492262338,1200,14.0278395168091
178.860514841666,1,drainage,360,1200,-0.00316796864259907,0.00332799194163573,0.000160023299036655,1.19807709898886,0.0576083876531959,1.14046871133567,0,0,3617.84812619928,0.831043092706657,3617.01708310657,198.212590907065,5.98614016604937,192.226450741016,3816.06071710635,6.81718325875602,3809.24353384759,3631.04492262338,1200,14.0278395168091
178.960514841666,1,drainage,360,1200,-0.00316554278529196,0.00332622249272326,0.000160679707431297,1.19744009738037,0.0578446946752668,1.13959540270511,0,0,3617.84812619928,0.831043092706657,3617.01708310657,199.410031004446,6.04398486072463,193.366046143721,3817.25815720373,6.87502795343129,3810.38312925029,3631.04492262338,1200,14.0278395168091
179.060514841666,1,drainage,360,1200,-0.00316309784244073,0.00332444798287426,0.000161350140433525,1.19680127383473,0.0580860505560689,1.13871522327866,0,0,3617.84812619928,0.831043092706657,3617.01708310657,200.606832278281,6.1020709112807,194.504761367,3818.45495847756,6.93311400398736,3811.52184447357,3631.04492262338,1200,14.0278395168091
179.160514841666,1,drainage,360,1200,-0.0031604006029923,0.0033225763137253,0.000162175710732999,1.19612747294111,0.0583832558638798,1.13774421707723,0,0,3617.84812619928,0.831043092706657,3617.01708310657,201.802959751222,6.16045416714458,195.642505584077,3819.6510859505,6.99149725985124,3812.65958869065,3631.04492262338,1200,14.0278395168091
179.260514841666,1,drainage,360,1200,-0.0031580087463979,0.00332082001551344,0.000162811269115539,1.19549520558484,0.0586120568815939,1.13688314870325,0,0,3617.84812619928,0.831043092706657,3617.01708310657,202.998454956807,6.21906622402618,196.77938873278,3820.84658115609,7.05010931673283,3813.79647183935,3631.04492262338,1200,14.0278395168091
179.360514841666,1,drainage,360,1200,-0.00315554527925897,0.00331903488779195,0.000163489608532975,1.1948525596051,0.0588562590718709,1.13599630053323,0,0,3617.84812619928,0.831043092706657,3617.01708310657,204.193307516412,6.27792248309805,197.915385033314,3822.04143371569,7.1089655758047,3814.93246813989,3631.04492262338,1200,14.0278395168091
179.460514841666,1,drainage,360,1200,-0.00315307278154087,0.00331724895857939,0.000164176177038523,1.19420962508858,0.0591034237338683,1.13510620135471,0,0,3617.84812619928,0.831043092706657,3617.01708310657,205.3875171415,6.33702590683192,199.050491234668,3823.23564334078,7.16806899953857,3816.06757434124,3631.04492262338,1200,14.0278395168091
179.560514841666,1,drainage,360,1200,-0.00315060450727751,0.00331546400538708,0.000164859498109575,1.19356704193935,0.059349419319447,1.1342176226199,0,0,3617.84812619928,0.831043092706657,3617.01708310657,206.58108418344,6.39637532615136,200.184708857288,3824.42921038272,7.22741841885802,3817.20179196386,3631.04492262338,1200,14.0278395168091
179.660514841666,1,drainage,360,1200,-0.00314814764945634,0.00331368190957302,0.000165534260116688,1.19292548744629,0.0595923336420077,1.13333315380428,0,0,3617.84812619928,0.831043092706657,3617.01708310657,207.774009670886,6.45596765979337,201.318042011093,3825.62213587017,7.28701075250003,3818.33512511767,3631.04492262338,1200,14.0278395168091
179.760514841666,1,drainage,360,1200,-0.00314569938899458,0.00331192695653754,0.000166227567542959,1.19229370435351,0.0598419243154652,1.13245178003805,0,0,3617.84812619928,0.831043092706657,3617.01708310657,208.966303375239,6.51580958410884,202.450493791131,3826.81442957452,7.34685267681549,3819.4675768977,3631.04492262338,1200,14.0278395168091
179.860514841666,1,drainage,360,1200,-0.00314329281302994,0.00331020473651038,0.000166911923480448,1.19167370514374,0.0600882924529611,1.13158541269078,0,0,3617.84812619928,0.831043092706657,3617.01708310657,210.157977080383,6.5758978765618,203.582079203821,3828.00610327967,7.40694096926845,3820.59916231039,3631.04492262338,1200,14.0278395168091
179.960514841666,1,drainage,360,1200,-0.00314096767881289,0.00330850591700857,0.000167538238195682,1.19106213012309,0.0603137657504455,1.13074836437264,0,0,3617.84812619928,0.831043092706657,3617.01708310657,211.349039210506,6.63621164231224,204.712827568194,3829.19716540979,7.4672547350189,3821.72991067477,3631.04492262338,1200,14.0278395168091
180.060514841666,1,drainage,360,1200,-0.00313849313492922,0.00330673835763968,0.000168245222710462,1.19042580875028,0.0605682801757663,1.12985752857452,0,0,3617.84812619928,0.831043092706657,3617.01708310657,212.539465019256,6.69677992248801,205.842685096769,3830.38759121854,7.52782301519466,3822.85976820334,3631.04492262338,1200,14.0278395168091
180.160514841666,1,drainage,360,1200,-0.00313616509919599,0.00330504065943932,0.000168875560243334,1.18981463739815,0.0607952016876001,1.12901943571055,0,0,3617.84812619928,0.831043092706657,3617.01708310657,213.729279656655,6.75757512417561,206.971704532479,3831.57740585594,7.58861821688226,3823.98878763905,3631.04492262338,1200,14.0278395168091
180.260514841666,1,drainage,360,1200,-0.00313375903810353,0.00330331495421153,0.000169555916107993,1.18919338351615,0.0610401297988774,1.12815325371727,0,0,3617.84812619928,0.831043092706657,3617.01708310657,214.918473040171,6.81861525397449,208.099857786196,3832.76659923945,7.64965834668114,3825.11694089277,3631.04492262338,1200,14.0278395168091
180.360514841666,1,drainage,360,1200,-0.00313132425348972,0.0033015747104475,0.000170250456957785,1.1885668957611,0.0612901645048027,1.1272767312563,0,0,3617.84812619928,0.831043092706657,3617.01708310657,216.107039935932,6.87990541847929,209.227134517453,3833.95516613521,7.71094851118594,3826.24421762403,3631.04492262338,1200,14.0278395168091
180.460514841666,1,drainage,360,1200,-0.00312892396155709,0.00329984783367736,0.000170923872120263,1.18794522012385,0.0615325939632949,1.12641262616055,0,0,3617.84812619928,0.831043092706657,3617.01708310657,217.294985156056,6.94143801244258,210.353547143613,3835.14311135534,7.77248110514924,3827.37063025019,3631.04492262338,1200,14.0278395168091
180.560514841666,1,drainage,360,1200,-0.00312649972250553,0.00329811148780352,0.000171611765297984,1.18732013560927,0.0617802355072742,1.12553990010199,0,0,3617.84812619928,0.831043092706657,3617.01708310657,218.482305291665,7.00321824794986,211.479087043715,3836.33043149095,7.83426134065651,3828.49617015029,3631.04492262338,1200,14.0278395168091
180.660514841666,1,drainage,360,1200,-0.00312386135183077,0.00329629372921374,0.000172432377382973,1.18666574251695,0.0620756558578704,1.12459008665908,0,0,3617.84812619928,0.831043092706657,3617.01708310657,219.668971034182,7.06529390380773,212.603677130374,3837.51709723346,7.89633699651438,3829.62076023695,3631.04492262338,1200,14.0278395168091
180.760514841666,1,drainage,360,1200,-0.00312140933706238,0.003294548683291,0.000173139346228615,1.18603752598476,0.0623301646423013,1.12370736134246,0,0,3617.84812619928,0.831043092706657,3617.01708310657,220.855008560167,7.12762406845003,213.727384491717,3838.70313475945,7.95866716115668,3830.74446759829,3631.04492262338,1200,14.0278395168091
180.860514841666,1,drainage,360,1200,-0.00311885469490337,0.00329276799374184,0.000173913298838474,1.18539647774706,0.0626087875818506,1.12278769016521,0,0,3617.84812619928,0.831043092706657,3617.01708310657,222.040405037914,7.19023285603188,214.850172181882,3839.8885312372,8.02127594873853,3831.86725528845,3631.04492262338,1200,14.0278395168091
180.960514841666,1,drainage,360,1200,-0.00311627179481384,0.00329096583879842,0.000174694043984581,1.18474770196743,0.062889855834449,1.12185784613298,0,0,3617.84812619928,0.831043092706657,3617.01708310657,223.225152739881,7.25312271186633,215.972030028015,3841.07327893916,8.08416580457298,3832.98911313459,3631.04492262338,1200,14.0278395168091
181.060514841666,1,drainage,360,1200,-0.00311362206482175,0.0032891318273169,0.000175509762495151,1.18408745783409,0.0631835144982544,1.12090394333583,0,0,3617.84812619928,0.831043092706657,3617.01708310657,224.409240197715,7.31630622636458,217.092933971351,3842.257366397,8.14734931907124,3834.11001707792,3631.04492262338,1200,14.0278395168091
181.160514841666,1,drainage,360,1200,-0.00311094401635567,0.00328728176923125,0.000176337752875583,1.18342143692325,0.0634815910352097,1.11993984588804,0,0,3617.84812619928,0.831043092706657,3617.01708310657,225.592661634639,7.37978781739979,218.212873817239,3843.44078783392,8.21083091010645,3835.22995692381,3631.04492262338,1200,14.0278395168091
181.260514841666,1,drainage,360,1200,-0.0031081812281493,0.00328538174469308,0.000177200516543778,1.18273742808951,0.06379218595576,1.11894524213375,0,0,3617.84812619928,0.831043092706657,3617.01708310657,226.775399062728,7.44358000335555,219.331819059373,3844.62352526201,8.27462309606221,3836.34890216595,3631.04492262338,1200,14.0278395168091
181.360514841666,1,drainage,360,1200,-0.00310561516584724,0.00328357585171375,0.000177960685866508,1.18208730661695,0.064065846911943,1.11802145970501,0,0,3617.84812619928,0.831043092706657,3617.01708310657,227.957486369345,7.50764585026749,220.449840519078,3845.80561256863,8.33868894297415,3837.46692362565,3631.04492262338,1200,14.0278395168091
181.460514841666,1,drainage,360,1200,-0.0031031651843762,0.00328183547785762,0.000178670293481419,1.18146077202874,0.0643213056533107,1.11713946637543,0,0,3617.84812619928,0.831043092706657,3617.01708310657,229.138947141374,7.5719671559208,221.566979985453,3846.98707334066,8.40301024862746,3838.58406309203,3631.04492262338,1200,14.0278395168091
181.560514841666,1,drainage,360,1200,-0.00310054288430226,0.00328002437581759,0.000179481491515332,1.18080877529433,0.0646133369455194,1.11619543834881,0,0,3617.84812619928,0.831043092706657,3617.01708310657,230.319755916668,7.63658049286632,222.683175423802,3848.16788211595,8.46762358557298,3839.70025853037,3631.04492262338,1200,14.0278395168091
181.660514841666,1,drainage,360,1200,-0.00309812184895352,0.00327829425689226,0.000180172407938746,1.18018593248122,0.0648620668579487,1.11532386562327,0,0,3617.84812619928,0.831043092706657,3617.01708310657,231.499941849149,7.70144255972427,223.798499289425,3849.34806804843,8.53248565243093,3840.815582396,3631.04492262338,1200,14.0278395168091
181.760514841666,1,drainage,360,1200,-0.00309564455612008,0.00327654454384018,0.000180899987720099,1.17955603578247,0.0651239955792357,1.11443204020323,0,0,3617.84812619928,0.831043092706657,3617.01708310657,232.679497884932,7.76656655530351,224.912931329628,3850.52762408421,8.59760964801016,3841.9300144362,3631.04492262338,1200,14.0278395168091
181.860514841666,1,drainage,360,1200,-0.00309312584460169,0.00327478095974074,0.000181655115139058,1.17892114550667,0.0653958414500608,1.11352530405661,0,0,3617.84812619928,0.831043092706657,3617.01708310657,233.858419030438,7.83196239675357,226.026456633685,3851.70654522972,8.66300548946022,3843.04353974026,3631.04492262338,1200,14.0278395168091
181.960514841666,1,drainage,360,1200,-0.00309060424261472,0.00327300300633234,0.000182398763717626,1.17828108227964,0.0656635549383455,1.1126175273413,0,0,3617.84812619928,0.831043092706657,3617.01708310657,235.036700112718,7.89762595169191,227.139074161026,3852.884826312,8.72866904439857,3844.1561572676,3631.04492262338,1200,14.0278395168091
182.060514841666,1,drainage,360,1200,-0.00308811125537937,0.00327124863010206,0.000183137374722692,1.17764950683674,0.0659294549001691,1.11172005193657,0,0,3617.84812619928,0.831043092706657,3617.01708310657,236.214349619555,7.96355540659208,228.250794212963,3854.06247581884,8.79459849929874,3845.26787731954,3631.04492262338,1200,14.0278395168091
182.160514841666,1,drainage,360,1200,-0.00308562002568548,0.0032694972302102,0.000183877204524717,1.17701900287567,0.0661957936288983,1.11082320924677,0,0,3617.84812619928,0.831043092706657,3617.01708310657,237.391368622431,8.02975120022098,229.36161742221,3855.23949482171,8.86079429292764,3846.37870052878,3631.04492262338,1200,14.0278395168091
182.260514841666,1,drainage,360,1200,-0.00308314534330517,0.00326775089731771,0.000184605554012547,1.17639032303438,0.066457999444517,1.10993232358986,0,0,3617.84812619928,0.831043092706657,3617.01708310657,238.567758945465,8.0962091996655,230.471549745799,3856.41588514475,8.92725229237215,3847.48863285237,3631.04492262338,1200,14.0278395168091
182.360514841666,1,drainage,360,1200,-0.00308067567496689,0.00326600831022538,0.000185332635258493,1.17576299168114,0.0667197486930574,1.10904324298808,0,0,3617.84812619928,0.831043092706657,3617.01708310657,239.743521937146,8.16292894835856,231.580592988788,3857.59164813643,8.99397204106521,3848.59767609536,3631.04492262338,1200,14.0278395168091
182.460514841666,1,drainage,360,1200,-0.00307821546588889,0.00326427074113009,0.000186055275241199,1.17513746680683,0.0669798990868318,1.10815756772,0,0,3617.84812619928,0.831043092706657,3617.01708310657,240.918659403953,8.22990884744539,232.688750556508,3858.76678560324,9.06095194015204,3849.70583366308,3631.04492262338,1200,14.0278395168091
182.560514841666,1,drainage,360,1200,-0.00307572544982,0.00326253035318183,0.000186804903361827,1.17451092714546,0.0672497652102579,1.1072611619352,0,0,3617.84812619928,0.831043092706657,3617.01708310657,242.093170331098,8.29715861265564,233.796011718443,3859.94129653038,9.1282017053623,3850.81309482502,3631.04492262338,1200,14.0278395168091
182.660514841666,1,drainage,360,1200,-0.0030732646830257,0.00326079800435194,0.000187533321326242,1.1738872815667,0.0675119956774473,1.10637528588925,0,0,3617.84812619928,0.831043092706657,3617.01708310657,243.267057612665,8.36467060833309,234.902387004332,3861.11518381195,9.19571370103975,3851.9194701109,3631.04492262338,1200,14.0278395168091
182.760514841666,1,drainage,360,1200,-0.00307082115669577,0.00325907135674785,0.000188250200052086,1.17326568842923,0.0677700720187509,1.10549561641048,0,0,3617.84812619928,0.831043092706657,3617.01708310657,244.440323301094,8.43244068035184,236.007882620742,3862.28844950038,9.2634837730585,3853.02496572732,3631.04492262338,1200,14.0278395168091
182.860514841666,1,drainage,360,1200,-0.00306841450579754,0.00325735718299435,0.000188942677196813,1.17264858587797,0.0680193637908527,1.10462922208711,0,0,3617.84812619928,0.831043092706657,3617.01708310657,245.612971886972,8.5004600441427,237.11251184283,3863.46109808625,9.33150313684935,3854.1295949494,3631.04492262338,1200,14.0278395168091
182.960514841666,1,drainage,360,1200,-0.00306598995232494,0.00325564671661682,0.000189656764291883,1.17203281798206,0.0682764351450779,1.10375638283698,0,0,3617.84812619928,0.831043092706657,3617.01708310657,246.785004704954,8.56873647928778,238.216268225667,3864.63313090424,9.39977957199443,3855.23335133224,3631.04492262338,1200,14.0278395168091
183.060514841666,1,drainage,360,1200,-0.00306361872602906,0.0032539523828602,0.000190333656831146,1.17142285782967,0.0685201164592124,1.10290274137046,0,0,3617.84812619928,0.831043092706657,3617.01708310657,247.956427562784,8.63725659574699,239.319170967037,3865.80455376207,9.46829968845364,3856.33625407361,3631.04492262338,1200,14.0278395168091
183.160514841666,1,drainage,360,1200,-0.00306125562214116,0.0032522626869712,0.000191007064830041,1.17081456730963,0.0687625433388147,1.10205202397082,0,0,3617.84812619928,0.831043092706657,3617.01708310657,249.127242130094,8.7060191390858,240.421222991008,3866.97536832938,9.53706223179246,3857.43830609758,3631.04492262338,1200,14.0278395168091
183.260514841666,1,drainage,360,1200,-0.0030588965533118,0.00325057630337136,0.000191679750059557,1.17020746921369,0.0690047100214405,1.10120275919225,0,0,3617.84812619928,0.831043092706657,3617.01708310657,250.297449599307,8.77502384910724,241.5224257502,3868.14557579859,9.6060669418139,3858.53950885677,3631.04492262338,1200,14.0278395168091
183.360514841666,1,drainage,360,1200,-0.00305643022380335,0.00324885221115199,0.000192421987348645,1.16958679601472,0.0692719154455121,1.10031488056921,0,0,3617.84812619928,0.831043092706657,3617.01708310657,251.467036395322,8.84429576455275,242.622740630769,3869.31516259461,9.67533885725941,3859.63982373734,3631.04492262338,1200,14.0278395168091
183.460514841666,1,drainage,360,1200,-0.00305409573569044,0.0032471752005903,0.000193079464899855,1.16898307221251,0.0695086073639477,1.09947446484856,0,0,3617.84812619928,0.831043092706657,3617.01708310657,252.636019467535,8.9138043719167,243.722215095618,3870.48414566682,9.74484746462336,3860.73929820219,3631.04492262338,1200,14.0278395168091
183.560514841666,1,drainage,360,1200,-0.00305154313712762,0.0032453984000205,0.000193855262892878,1.16834342400738,0.0697878946414361,1.09855552936594,0,0,3617.84812619928,0.831043092706657,3617.01708310657,253.804362891542,8.98359226655814,244.820770624984,3871.65248909082,9.81463535926479,3861.83785373156,3631.04492262338,1200,14.0278395168091
183.660514841666,1,drainage,360,1200,-0.00304924636191506,0.00324374107537829,0.000194494713463232,1.16774678713618,0.0700180968467634,1.09772869028942,0,0,3617.84812619928,0.831043092706657,3617.01708310657,254.972109678678,9.0536103634049,245.918499315273,3872.82023587796,9.88465345611156,3862.93558242185,3631.04492262338,1200,14.0278395168091
183.760514841666,1,drainage,360,1200,-0.00304673904991456,0.00324198716796802,0.000195248118053468,1.16711538046849,0.0702893224992485,1.09682605796924,0,0,3617.84812619928,0.831043092706657,3617.01708310657,256.139225059147,9.12389968590415,247.015325373242,3873.98735125843,9.95494277861081,3864.03240847982,3631.04492262338,1200,14.0278395168091
183.860514841666,1,drainage,360,1200,-0.00304438854024984,0.00324030815570835,0.000195919615458503,1.16651093605501,0.070531061565061,1.09597987448994,0,0,3617.84812619928,0.831043092706657,3617.01708310657,257.305735995202,9.19443074746921,248.111305247732,3875.15386219449,10.0254738401759,3865.12838835431,3631.04492262338,1200,14.0278395168091
183.960514841666,1,drainage,360,1200,-0.00304194514864622,0.00323859516088786,0.00019665001224164,1.16589425791963,0.0707940044069904,1.09510025351264,0,0,3617.84812619928,0.831043092706657,3617.01708310657,258.471630253121,9.2652247518762,249.206405501245,3876.3197564524,10.0962678445829,3866.22348860782,3631.04492262338,1200,14.0278395168091
184.060514841666,1,drainage,360,1200,-0.0030395778194618,0.00323690789376314,0.000197330074301341,1.16528684175473,0.0710388267484826,1.09424801500625,0,0,3617.84812619928,0.831043092706657,3617.01708310657,259.636917094876,9.33626357862468,250.300653516251,3877.48504329416,10.1673066713313,3867.31773662282,3631.04492262338,1200,14.0278395168091
184.160514841666,1,drainage,360,1200,-0.0030371644231246,0.00323521150625276,0.00019804708312816,1.164676142251,0.0712969499261376,1.09337919232486,0,0,3617.84812619928,0.831043092706657,3617.01708310657,260.801593237127,9.40756052855082,251.394032708576,3878.64971943641,10.2386036212575,3868.41111581515,3631.04492262338,1200,14.0278395168091
184.260514841666,1,drainage,360,1200,-0.00303481942826483,0.00323353237757894,0.000198712949314111,1.16407165592842,0.07153666175308,1.09253499417534,0,0,3617.84812619928,0.831043092706657,3617.01708310657,261.965664893055,9.4790971903039,252.486567702752,3879.81379109234,10.3101402830106,3869.50365080932,3631.04492262338,1200,14.0278395168091
184.360514841666,1,drainage,360,1200,-0.00303249196550574,0.00323185819850173,0.00019936623299599,1.16346895146062,0.0717718438785565,1.09169710758207,0,0,3617.84812619928,0.831043092706657,3617.01708310657,263.129133844516,9.55086903418246,253.578264810334,3880.9772600438,10.3819121268891,3870.59534791691,3631.04492262338,1200,14.0278395168091
184.460514841666,1,drainage,360,1200,-0.00303017488602055,0.00323018683394259,0.000200011947922036,1.16286726021933,0.0720043012519329,1.0908629589674,0,0,3617.84812619928,0.831043092706657,3617.01708310657,264.292001104735,9.62287333543439,254.669127769301,3882.14012730402,10.453916428141,3871.68621087587,3631.04492262338,1200,14.0278395168091
184.560514841666,1,drainage,360,1200,-0.00302785337630488,0.00322851003568847,0.000200656659383594,1.16226361284785,0.0722363973780937,1.09002721546976,0,0,3617.84812619928,0.831043092706657,3617.01708310657,265.454264717583,9.69510973281249,255.759154984771,3883.30239091687,10.5261528255191,3872.77623809134,3631.04492262338,1200,14.0278395168091
184.660514841666,1,drainage,360,1200,-0.00302552570819204,0.00322683840194094,0.000201312693748898,1.16166182469874,0.0724725697496034,1.08918925494913,0,0,3617.84812619928,0.831043092706657,3617.01708310657,266.615926542282,9.76758230256209,256.84834423972,3884.46405274157,10.5986253952687,3873.86542734629,3631.04492262338,1200,14.0278395168091
184.760514841666,1,drainage,360,1200,-0.00302320626840595,0.00322517248193871,0.000201966213532758,1.16106209349794,0.0727078368717927,1.08835425662614,0,0,3617.84812619928,0.831043092706657,3617.01708310657,267.77698863578,9.84029013943388,257.936698496346,3885.62511483506,10.6713332321405,3874.95378160292,3631.04492262338,1200,14.0278395168091
184.860514841666,1,drainage,360,1200,-0.0030208173977477,0.00322348689451263,0.000202669496764932,1.16045528202455,0.0729610188353757,1.08749426318917,0,0,3617.84812619928,0.831043092706657,3617.01708310657,268.937443917804,9.91325115826926,259.024192759535,3886.78557011709,10.7442942509759,3876.04127586611,3631.04492262338,1200,14.0278395168091
184.960514841666,1,drainage,360,1200,-0.00301845543130207,0.00322181055251747,0.000203355121215396,1.15985179890629,0.0732078436375427,1.08664395526875,0,0,3617.84812619928,0.831043092706657,3617.01708310657,270.097295716711,9.9864590019068,260.110836714804,3887.94542191599,10.8175020946135,3877.12791982138,3631.04492262338,1200,14.0278395168091
185.060514841666,1,drainage,360,1200,-0.00301587232286353,0.00322003289304773,0.000204160570184199,1.15921184149718,0.0734978052663115,1.08571403623087,0,0,3617.84812619928,0.831043092706657,3617.01708310657,271.256507558208,10.0599568071731,261.196550751035,3889.10463375749,10.8909998998798,3878.21363385761,3631.04492262338,1200,14.0278395168091
185.160514841666,1,drainage,360,1200,-0.00301350214408913,0.00321835009583883,0.000204847951749705,1.15860603450198,0.0737452626298937,1.08486077187209,0,0,3617.84812619928,0.831043092706657,3617.01708310657,272.41511359271,10.133702069803,262.281411522907,3890.26323979199,10.9647451625097,3879.29849462948,3631.04492262338,1200,14.0278395168091
185.260514841666,1,drainage,360,1200,-0.00301112897394995,0.0032166634012627,0.000205534427312745,1.15799882445457,0.0739923938325882,1.08400643062198,0,0,3617.84812619928,0.831043092706657,3617.01708310657,273.573112417164,10.2076944636356,263.365417953529,3891.42123861645,11.0387375563422,3880.3825010601,3631.04492262338,1200,14.0278395168091
185.360514841666,1,drainage,360,1200,-0.00300876673887207,0.00321497984790094,0.000206213109028866,1.15739274524434,0.0742367192503918,1.08315602599395,0,0,3617.84812619928,0.831043092706657,3617.01708310657,274.730505162409,10.281931182886,264.448573979523,3892.57863136169,11.1129742755926,3881.4656570861,3631.04492262338,1200,14.0278395168091
185.460514841666,1,drainage,360,1200,-0.00300641833700235,0.00321330391063239,0.000206885573630043,1.15678940782766,0.0744788065068154,1.08231060132085,0,0,3617.84812619928,0.831043092706657,3617.01708310657,275.887294570236,10.3564099893928,265.530884580844,3893.73542076952,11.1874530820995,3882.54796768742,3631.04492262338,1200,14.0278395168091
185.560514841666,1,drainage,360,1200,-0.00300407469653546,0.00321162735771796,0.000207552661182501,1.15618584877847,0.0747189580257003,1.08146689075277,0,0,3617.84812619928,0.831043092706657,3617.01708310657,277.043480419015,10.4311289474185,266.612351471596,3894.8916066183,11.2621720401252,3883.62943457817,3631.04492262338,1200,14.0278395168091
185.660514841666,1,drainage,360,1200,-0.00300179806889874,0.00320999050142739,0.000208192432528644,1.15559658051386,0.074949275710312,1.08064730480355,0,0,3617.84812619928,0.831043092706657,3617.01708310657,278.199076999529,10.5060782231288,267.6929987764,3896.04720319881,11.3371213158355,3884.71008188297,3631.04492262338,1200,14.0278395168091
185.760514841666,1,drainage,360,1200,-0.00299951932506675,0.00320835277827055,0.000208833453203796,1.1550070001774,0.0751800431533665,1.07982695702403,0,0,3617.84812619928,0.831043092706657,3617.01708310657,279.354083999706,10.5812582662822,268.772825733424,3897.20221019899,11.4123013589888,3885.78990884,3631.04492262338,1200,14.0278395168091
185.860514841666,1,drainage,360,1200,-0.00299722394014513,0.00320670238831236,0.000209478448167225,1.15441285979245,0.075412241340201,1.07900061845225,0,0,3617.84812619928,0.831043092706657,3617.01708310657,280.508496859499,10.6566705076224,269.851826351876,3898.35662305878,11.487713600329,3886.86890945845,3631.04492262338,1200,14.0278395168091
185.960514841666,1,drainage,360,1200,-0.00299492469716658,0.00320504981788391,0.000210125120717332,1.15381793443821,0.0756450434582394,1.07817289097997,0,0,3617.84812619928,0.831043092706657,3617.01708310657,281.662314793937,10.7323155510806,270.929999242856,3899.51044099322,11.5633586437873,3887.94708234943,3631.04492262338,1200,14.0278395168091
186.060514841666,1,drainage,360,1200,-0.00299260197544361,0.00320339149211055,0.000210789516666933,1.1532209371598,0.0758842260000957,1.0773367111597,0,0,3617.84812619928,0.831043092706657,3617.01708310657,282.815535731097,10.8081997770807,272.007335954016,3900.66366193038,11.6392428697874,3889.02441906059,3631.04492262338,1200,14.0278395168091
186.160514841666,1,drainage,360,1200,-0.00299026478671739,0.00320172682806933,0.000211462041351944,1.15262165810496,0.0761263348866997,1.07649532321826,0,0,3617.84812619928,0.831043092706657,3617.01708310657,283.968157389202,10.8843261119674,273.083831277234,3901.81628358849,11.7153692046741,3890.10091438381,3631.04492262338,1200,14.0278395168091
186.260514841666,1,drainage,360,1200,-0.00298791410326054,0.00320005638613774,0.000212142282877207,1.15202029900959,0.0763712218357946,1.07564907717379,0,0,3617.84812619928,0.831043092706657,3617.01708310657,285.120177688211,10.9606973338032,274.159480354408,3902.96830388749,11.7917404265099,3891.17656346098,3631.04492262338,1200,14.0278395168091
186.360514841666,1,drainage,360,1200,-0.00298551797916808,0.0031983735273498,0.000212855548181716,1.15141446984593,0.0766279973454178,1.07478647250051,0,0,3617.84812619928,0.831043092706657,3617.01708310657,286.271592158057,11.0373253311486,275.234266826908,3904.11971835734,11.8683684238553,3892.25134993348,3631.04492262338,1200,14.0278395168091
186.460514841666,1,drainage,360,1200,-0.00298311764869815,0.00319668632314684,0.000213568674448691,1.15080707633286,0.0768847228015287,1.07392235353133,0,0,3617.84812619928,0.831043092706657,3617.01708310657,287.42239923439,11.1142100539502,276.30818918044,3905.27052543367,11.9452531466568,3893.32527228701,3631.04492262338,1200,14.0278395168091
186.560514841666,1,drainage,360,1200,-0.00298076942929336,0.00319500570100258,0.000214236271709213,1.15020205236093,0.0771250578153166,1.07307699454561,0,0,3617.84812619928,0.831043092706657,3617.01708310657,288.572601286751,11.1913351117655,277.381266174985,3906.42072748603,12.0223782044721,3894.39834928156,3631.04492262338,1200,14.0278395168091
186.660514841666,1,drainage,360,1200,-0.00297837498737664,0.00319331200848463,0.000214937021107986,1.14959232305447,0.0773773275988751,1.07221499545559,0,0,3617.84812619928,0.831043092706657,3617.01708310657,289.722193609805,11.2687124393643,278.453481170441,3907.57031980909,12.099755532071,3895.47056427702,3631.04492262338,1200,14.0278395168091
186.760514841666,1,drainage,360,1200,-0.00297585765616798,0.00319154881008297,0.000215691153914985,1.14895757162987,0.0776488154093945,1.07130875622047,0,0,3617.84812619928,0.831043092706657,3617.01708310657,290.871151181435,11.3463612547737,279.524789926661,3908.71927738072,12.1774043474804,3896.54187303324,3631.04492262338,1200,14.0278395168091
186.860514841666,1,drainage,360,1200,-0.00297350612574596,0.0031898445445606,0.000216338418814637,1.14834403604181,0.0778818307732694,1.07046220526855,0,0,3617.84812619928,0.831043092706657,3617.01708310657,292.019495217477,11.424243085547,280.59525213193,3909.86762141676,12.2552861782537,3897.6123352385,3631.04492262338,1200,14.0278395168091
186.960514841666,1,drainage,360,1200,-0.00297104493862455,0.00318811477678657,0.000217069838162014,1.14772131964316,0.078145141738325,1.06957617790484,0,0,3617.84812619928,0.831043092706657,3617.01708310657,293.16721653712,11.5023882272853,281.664828309835,3911.0153427364,12.333431319992,3898.68191141641,3631.04492262338,1200,14.0278395168091
187.060514841666,1,drainage,360,1200,-0.00296863587792569,0.00318639388999358,0.000217758012067895,1.14710180039769,0.0783928843444421,1.06870891605325,0,0,3617.84812619928,0.831043092706657,3617.01708310657,294.314318337518,11.5807811116298,282.733537225888,3912.1624445368,12.4118242043364,3899.75062033246,3631.04492262338,1200,14.0278395168091
187.160514841666,1,drainage,360,1200,-0.00296622779170791,0.00318468936889404,0.000218461577186126,1.14648817280185,0.0786461677870053,1.06784200501485,0,0,3617.84812619928,0.831043092706657,3617.01708310657,295.46080651032,11.6594272794168,283.801379230903,3913.3089327096,12.4904703721234,3900.81846233748,3631.04492262338,1200,14.0278395168091
187.260514841666,1,drainage,360,1200,-0.00296393024289677,0.00318302666063534,0.000219096417738568,1.14588959782872,0.0788747103858846,1.06701488744284,0,0,3617.84812619928,0.831043092706657,3617.01708310657,296.606696108149,11.7383019898027,284.868394118346,3914.45482230743,12.5693450825093,3901.88547722492,3631.04492262338,1200,14.0278395168091
187.360514841666,1,drainage,360,1200,-0.00296151791836979,0.00318132192298536,0.000219804004615574,1.14527589227473,0.0791294416616066,1.06614645061312,0,0,3617.84812619928,0.831043092706657,3617.01708310657,297.751972000423,11.8174314314643,285.934540568959,3915.60009819971,12.6484745241709,3902.95162367553,3631.04492262338,1200,14.0278395168091
187.460514841666,1,drainage,360,1200,-0.00295911710186316,0.0031796224521679,0.000220505350304741,1.14466408278044,0.0793819261097068,1.06528215667074,0,0,3617.84812619928,0.831043092706657,3617.01708310657,298.896636083204,11.896813357574,286.99982272563,3916.74476228249,12.7278564502806,3904.0169058322,3631.04492262338,1200,14.0278395168091
187.560514841666,1,drainage,360,1200,-0.00295670259435843,0.00317791510451505,0.000221212510156622,1.14404943762542,0.0796365036563841,1.06441293396903,0,0,3617.84812619928,0.831043092706657,3617.01708310657,300.040685520829,11.9764498612304,288.064235659599,3917.88881172011,12.807492953937,3905.08131876617,3631.04492262338,1200,14.0278395168091
187.660514841666,1,drainage,360,1200,-0.00295429242874178,0.00317619935975287,0.000221906931011086,1.14343176951103,0.0798864951639911,1.06354527434704,0,0,3617.84812619928,0.831043092706657,3617.01708310657,301.18411729034,12.0563363563944,289.127780933946,3919.03224348962,12.887379449101,3906.14486404052,3631.04492262338,1200,14.0278395168091
187.760514841666,1,drainage,360,1200,-0.00295186024810898,0.00317446852603323,0.000222608277924257,1.14280866937196,0.0801389800527324,1.06266968931923,0,0,3617.84812619928,0.831043092706657,3617.01708310657,302.326925959712,12.1364753364471,290.190450623265,3920.17505215899,12.9675184291537,3907.20753372984,3631.04492262338,1200,14.0278395168091
187.860514841666,1,drainage,360,1200,-0.00294938407115999,0.00317273147190219,0.000223347400742202,1.14218332988479,0.0804050642671926,1.0617782656176,0,0,3617.84812619928,0.831043092706657,3617.01708310657,303.469109289597,12.2168804007143,291.252228888882,3921.31723548888,13.0479234934209,3908.26931199546,3631.04492262338,1200,14.0278395168091
187.960514841666,1,drainage,360,1200,-0.00294688750276349,0.00317098559473866,0.000224098091975169,1.14155481410592,0.080675313111061,1.06087950099486,0,0,3617.84812619928,0.831043092706657,3617.01708310657,304.610664103703,12.2975557138253,292.313108389877,3922.45879030299,13.128598806532,3909.33019149645,3631.04492262338,1200,14.0278395168091
188.060514841666,1,drainage,360,1200,-0.00294444624478072,0.00316924550795122,0.000224799263170505,1.14092838286244,0.0809277347413816,1.06000064812106,0,0,3617.84812619928,0.831043092706657,3617.01708310657,305.751592486565,12.3784834485667,293.373109037998,3923.59971868585,13.2095265412734,3910.39019214457,3631.04492262338,1200,14.0278395168091
188.160514841666,1,drainage,360,1200,-0.00294173997556262,0.00316737100809436,0.000225631032531742,1.14025356291397,0.0812271717114272,1.05902639120254,0,0,3617.84812619928,0.831043092706657,3617.01708310657,306.891846049479,12.4597106202782,294.432135429201,3924.73997224876,13.2907537129848,3911.44921853577,3631.04492262338,1200,14.0278395168091
188.260514841666,1,drainage,360,1200,-0.00293937007357847,0.0031656516228961,0.000226281549317639,1.1396345842426,0.0814613577543499,1.05817322648825,0,0,3617.84812619928,0.831043092706657,3617.01708310657,308.031480633722,12.5411719780325,295.490308655689,3925.879606833,13.3722150707392,3912.50739176226,3631.04492262338,1200,14.0278395168091
188.360514841666,1,drainage,360,1200,-0.00293692291720958,0.0031639036396871,0.000226980722477527,1.13900531028736,0.0817130600919097,1.05729225019545,0,0,3617.84812619928,0.831043092706657,3617.01708310657,309.170485944009,12.6228850381244,296.547600905885,3927.01861214329,13.4539281308311,3913.56468401246,3631.04492262338,1200,14.0278395168091
188.460514841666,1,drainage,360,1200,-0.00293448709629463,0.00316215760702982,0.000227670510735187,1.13837673853074,0.0819613838646672,1.05641535466607,0,0,3617.84812619928,0.831043092706657,3617.01708310657,310.30886268254,12.7048464219891,297.604016260551,3928.15698888182,13.5358895146957,3914.62109936712,3631.04492262338,1200,14.0278395168091
188.560514841666,1,drainage,360,1200,-0.00293195998614983,0.00316038812975757,0.000228428143607743,1.13773972671272,0.0822341316987873,1.05550559501394,0,0,3617.84812619928,0.831043092706657,3617.01708310657,311.446602409253,12.7870805536879,298.659521855565,3929.29472860854,13.6181236463945,3915.67660496214,3631.04492262338,1200,14.0278395168091
188.660514841666,1,drainage,360,1200,-0.00292930282450017,0.00315857063377277,0.000229267809272597,1.1370854281582,0.0825364113381348,1.05454901682006,0,0,3617.84812619928,0.831043092706657,3617.01708310657,312.583687837411,12.869616965026,299.714070872385,3930.43181403669,13.7006600577327,3916.73115397896,3631.04492262338,1200,14.0278395168091
188.760514841666,1,drainage,360,1200,-0.00292690157117819,0.00315686029185124,0.000229958720673055,1.13646970506645,0.0827851394422999,1.05368456562415,0,0,3617.84812619928,0.831043092706657,3617.01708310657,313.720157542477,12.9524021044683,300.767755438009,3931.56828374176,13.783445197175,3917.78483854458,3631.04492262338,1200,14.0278395168091
188.860514841666,1,drainage,360,1200,-0.00292446328049614,0.00315514578392978,0.000230682503433641,1.13585248221472,0.0830457012361106,1.05280678097861,0,0,3617.84812619928,0.831043092706657,3617.01708310657,314.856010024692,13.0354478057044,301.820562218987,3932.70413622397,13.8664908984111,3918.83764532556,3631.04492262338,1200,14.0278395168091
188.960514841666,1,drainage,360,1200,-0.0029219205616248,0.00315337500162056,0.000231454439995763,1.1352150005834,0.0833235983984746,1.05189140218493,0,0,3617.84812619928,0.831043092706657,3617.01708310657,315.991225025275,13.1187714041029,302.872453621172,3933.83935122456,13.9498144968095,3919.88953672775,3631.04492262338,1200,14.0278395168091
189.060514841666,1,drainage,360,1200,-0.00291932312266211,0.00315162481770161,0.00023230169503951,1.13458493437258,0.0836286102142235,1.05095632415836,0,0,3617.84812619928,0.831043092706657,3617.01708310657,317.125809959648,13.2024000143171,303.923409945331,3934.97393615893,14.0334431070238,3920.94049305191,3631.04492262338,1200,14.0278395168091
189.160514841666,1,drainage,360,1200,-0.00291691325747543,0.00314991726538157,0.00023300400790614,1.13397021553736,0.0838814428462104,1.05008877269115,0,0,3617.84812619928,0.831043092706657,3617.01708310657,318.259780175185,13.2862814571633,304.973498718022,3936.10790637447,14.11732454987,3921.9905818246,3631.04492262338,1200,14.0278395168091
189.260514841666,1,drainage,360,1200,-0.00291454099441685,0.00314823654738045,0.000233695552963602,1.13336515705696,0.0841303990668966,1.04923475799006,0,0,3617.84812619928,0.831043092706657,3617.01708310657,319.393145332242,13.3704118562302,306.022733476012,3937.24127153152,14.2014549489369,3923.03981658259,3631.04492262338,1200,14.0278395168091
189.360514841666,1,drainage,360,1200,-0.00291206022941158,0.0031465419241052,0.000234481694693621,1.13275509267787,0.0844134100897036,1.04834168258817,0,0,3617.84812619928,0.831043092706657,3617.01708310657,320.52590042492,13.4548252663199,307.0710751586,3938.3740266242,14.2858683590266,3924.08815826518,3631.04492262338,1200,14.0278395168091
189.460514841666,1,drainage,360,1200,-0.00290960808365354,0.00314485363891058,0.000235245555257039,1.13214731000781,0.0846883998925339,1.04745891011527,0,0,3617.84812619928,0.831043092706657,3617.01708310657,321.658047734928,13.5395136662125,308.118534068715,3939.50617393421,14.3705567589191,3925.13561717529,3631.04492262338,1200,14.0278395168091
189.560514841666,1,drainage,360,1200,-0.00290730036771741,0.00314319859401117,0.00023589822629376,1.13155149384402,0.0849233614657535,1.04662813237827,0,0,3617.84812619928,0.831043092706657,3617.01708310657,322.789599228772,13.6244370276782,309.165162201094,3940.63772542806,14.4554801203849,3926.18224530767,3631.04492262338,1200,14.0278395168091
189.660514841666,1,drainage,360,1200,-0.00290481466079678,0.00314148334265116,0.000236668681854379,1.13093400335442,0.0852007254675765,1.04573327788684,0,0,3617.84812619928,0.831043092706657,3617.01708310657,323.920533232127,13.7096377531458,310.21089547898,3941.76865943141,14.5406808458524,3927.22797858556,3631.04492262338,1200,14.0278395168091
189.760514841666,1,drainage,360,1200,-0.00290250535057226,0.0031398368904284,0.000237331539856136,1.13034128055422,0.0854393543482088,1.04490192620601,0,0,3617.84812619928,0.831043092706657,3617.01708310657,325.050874512681,13.795077107494,311.255797405186,3942.89900071196,14.6261202002006,3928.27288051176,3631.04492262338,1200,14.0278395168091
189.860514841666,1,drainage,360,1200,-0.00290021314211091,0.00313819561878364,0.000237982476672728,1.12975042276211,0.085673691602182,1.04407673115993,0,0,3617.84812619928,0.831043092706657,3617.01708310657,326.180624935443,13.8807507990962,312.299874136346,3944.02875113473,14.7117938918028,3929.31695724292,3631.04492262338,1200,14.0278395168091
189.960514841666,1,drainage,360,1200,-0.00289786642446886,0.00313654761754922,0.000238681193080364,1.12915714231772,0.0859252295089311,1.04323191280879,0,0,3617.84812619928,0.831043092706657,3617.01708310657,327.309782077761,13.9666760286051,313.343106049155,3945.15790827704,14.7977191213118,3930.36018915573,3631.04492262338,1200,14.0278395168091
190.060514841666,1,drainage,360,1200,-0.00289561327804423,0.00313493387253851,0.000239320594494275,1.12857619411386,0.086155414017939,1.04242078009592,0,0,3617.84812619928,0.831043092706657,3617.01708310657,328.438358271874,14.052831442623,314.385526829251,3946.28648447116,14.8838745353297,3931.40260993583,3631.04492262338,1200,14.0278395168091
190.160514841666,1,drainage,360,1200,-0.00289331705413487,0.00313331447660367,0.000239997422468807,1.12799321157732,0.0863990720887706,1.04159413948855,0,0,3617.84812619928,0.831043092706657,3617.01708310657,329.566351483452,14.1392305147118,315.42712096874,3947.41447768273,14.9702736074185,3932.44420407532,3631.04492262338,1200,14.0278395168091
190.260514841666,1,drainage,360,1200,-0.00289085656565291,0.00313167061099356,0.000240814045340656,1.12740141995768,0.0866930563226363,1.04070836363505,0,0,3617.84812619928,0.831043092706657,3617.01708310657,330.693752903409,14.2259235710345,316.467829332375,3948.54187910269,15.0569666637411,3933.48491243895,3631.04492262338,1200,14.0278395168091
190.360514841666,1,drainage,360,1200,-0.00288843467262281,0.00313000777528471,0.000241573102661899,1.12680279910249,0.0869663169582837,1.03983648214421,0,0,3617.84812619928,0.831043092706657,3617.01708310657,331.820555702512,14.3128898879927,317.507665814519,3949.66868190179,15.1439329806994,3934.52474892109,3631.04492262338,1200,14.0278395168091
190.460514841666,1,drainage,360,1200,-0.00288631831815037,0.00312846481109375,0.000242146492943379,1.12624733199375,0.0871727374596165,1.03907459453413,0,0,3617.84812619928,0.831043092706657,3617.01708310657,332.946803034506,14.4000626254524,318.546740409053,3950.79492923379,15.231105718159,3935.56382351563,3631.04492262338,1200,14.0278395168091
190.560514841666,1,drainage,360,1200,-0.00288415377503514,0.00312690360881018,0.000242749833775039,1.12568529917167,0.0873899401590141,1.03829535901265,0,0,3617.84812619928,0.831043092706657,3617.01708310657,334.072488333677,14.4874525656114,319.585035768066,3951.92061453296,15.318495658318,3936.60211887464,3631.04492262338,1200,14.0278395168091
190.660514841666,1,drainage,360,1200,-0.00288197958050311,0.003125339734396,0.000243360153892887,1.12512230438256,0.0876096554014393,1.03751264898112,0,0,3617.84812619928,0.831043092706657,3617.01708310657,335.19761063806,14.5750622210128,320.622548417047,3953.04573683734,15.4061053137195,3937.63963152362,3631.04492262338,1200,14.0278395168091
190.760514841666,1,drainage,360,1200,-0.00287962200900771,0.00312373643776998,0.000244114428762279,1.12454511759719,0.0878811943544204,1.03666392324277,0,0,3617.84812619928,0.831043092706657,3617.01708310657,336.322155755657,14.6629434153672,321.65921234029,3954.17028195494,15.4939865080739,3938.67629544687,3631.04492262338,1200,14.0278395168091
190.860514841666,1,drainage,360,1200,-0.00287737823853399,0.0031221549854669,0.000244776746932913,1.12397579476809,0.0881196288958487,1.03585616587224,0,0,3617.84812619928,0.831043092706657,3617.01708310657,337.446131550425,14.7510630442631,322.695068506162,3955.29425774971,15.5821061369697,3939.71215161274,3631.04492262338,1200,14.0278395168091
190.924184089832,1,drainage,229.209293399239,1200,-0.0028759794733965,0.00312116138320934,0.000245181909812844,0.715399195230405,0.0561979723024779,0.659201222927927,0,0,3617.84812619928,0.831043092706657,3617.01708310657,338.161530745656,14.8072610165655,323.35426972909,3956.00965694494,15.6383041092722,3940.37135283567,3631.04492262338,1200,14.0278395168091
191.014382191401,1,drainage,324.713165648922,1200,-0.00287399152751527,0.00311975906007132,0.000245767532556044,1.01302684045766,0.0798039535099976,0.933222886947665,0,0,3617.84812619928,0.831043092706657,3617.01708310657,339.174557586113,14.8870649700755,324.287492616037,3957.0226837854,15.7181080627822,3941.30457572261,3631.04492262338,1120.16821528395,13.0946166298615
191.114382191401,1,drainage,360,1120.16821528395,-0.000761698380025722,0.00122580759920955,0.000464109219183823,0.441290735715436,0.167079318906176,0.27421141680926,0,0,3617.84812619928,0.831043092706657,3617.01708310657,339.615848321829,15.0541442889817,324.561704032847,3957.46397452111,15.8851873816884,3941.57878713942,3631.04492262338,1096.71102504615,12.8204052130522
191.157239334258,1,drainage,154.285714285714,1096.71102504615,-0.000247329687932482,0.000824918299180374,0.000577588611247892,0.127273109016401,0.0891136714496748,0.0381594375667258,0,0,3617.84812619928,0.831043092706657,3617.01708310657,339.743121430845,15.1432579604314,324.599863470413,3957.59124763013,15.9743010531381,3941.61694657699,3631.04492262338,1093.44670732814