absolute_time_h,cycle_time_h,gross_injection_rate_m3_h,cycle_cumulative_injection_m3
0.000000000000,0.000000000000,0.000000000000,0.000000000000
0.050000000000,0.050000000000,0.879188589067,0.021979714727
0.100000000000,0.100000000000,4.181193772184,0.148489273758
0.150000000000,0.150000000000,11.737867103387,0.546465795647
0.200000000000,0.200000000000,25.691956548866,1.482211386954
0.250000000000,0.250000000000,48.775176936526,3.343889724088
0.300000000000,0.300000000000,87.079505351175,6.740256781281
0.350000000000,0.350000000000,150.784120415252,12.686847425442
0.400000000000,0.400000000000,253.732508833960,22.799763156672
0.450000000000,0.450000000000,459.174189148745,40.622430606239
0.500000000000,0.500000000000,834.914110026176,72.974638085613
0.550000000000,0.550000000000,832.176304530846,114.651898449538
0.600000000000,0.600000000000,814.573709460957,155.820648799333
0.650000000000,0.650000000000,782.106324816508,195.737649656270
0.700000000000,0.700000000000,734.774150597501,233.659661541620
0.750000000000,0.750000000000,672.577186803934,268.843444976656
0.800000000000,0.800000000000,595.515433435807,300.545760482649
0.850000000000,0.850000000000,503.588890493122,328.023368580873
0.900000000000,0.900000000000,396.797557975877,350.533029792598
0.950000000000,0.950000000000,275.141435884073,367.331504639096
1.000000000000,1.000000000000,138.620524217710,377.675553641641
1.030436111111,1.030436111111,48.238927659326,380.519191161376
1.050000000000,1.050000000000,48.075816818609,381.461336641045
1.100000000000,1.100000000000,47.658949696777,383.854705803930
1.150000000000,1.150000000000,47.242082573690,386.227231610691
1.200000000000,1.200000000000,46.825215449347,388.578914061267
1.250000000000,1.250000000000,46.408348323750,390.909753155595
1.300000000000,1.300000000000,45.991481196897,393.219748893611
1.350000000000,1.350000000000,45.574614068789,395.508901275253
1.400000000000,1.400000000000,45.157746939426,397.777210300459
1.450000000000,1.450000000000,44.740879808807,400.024675969164
1.500000000000,1.500000000000,44.324012676934,402.251298281308
1.550000000000,1.550000000000,43.907145543805,404.457077236826
1.600000000000,1.600000000000,43.490278409421,406.642012835657
1.650000000000,1.650000000000,43.073411273781,408.806105077737
1.700000000000,1.700000000000,42.656544136887,410.949353963004
1.750000000000,1.750000000000,42.239676998737,413.071759491395
1.800000000000,1.800000000000,41.822809859332,415.173321662846
1.850000000000,1.850000000000,41.405942718672,417.254040477296
1.900000000000,1.900000000000,40.989075576757,419.313915934682
1.950000000000,1.950000000000,40.572208433586,421.352948034941
2.000000000000,2.000000000000,40.155341289160,423.371136778009
2.017527777778,2.017527777778,40.009206195455,424.073689965001
2.050000000000,2.050000000000,39.912613583762,425.371309511130
2.100000000000,2.100000000000,39.763882444982,427.363221911849
2.150000000000,2.150000000000,39.615151306010,429.347697755624
2.200000000000,2.200000000000,39.466420166847,431.324737042445
2.250000000000,2.250000000000,39.317689027492,433.294339772303
2.300000000000,2.300000000000,39.168957887946,435.256505945189
2.350000000000,2.350000000000,39.020226748208,437.211235561093
2.400000000000,2.400000000000,38.871495608278,439.158528620005
2.450000000000,2.450000000000,38.722764468157,441.098385121916
2.500000000000,2.500000000000,38.574033327844,443.030805066816
2.550000000000,2.550000000000,38.425302187340,444.955788454696
2.600000000000,2.600000000000,38.276571046644,446.873335285545
2.650000000000,2.650000000000,38.127839905757,448.783445559355
2.700000000000,2.700000000000,37.979108764678,450.686119276116
2.750000000000,2.750000000000,37.830377623407,452.581356435818
2.800000000000,2.800000000000,37.681646481945,454.469157038452
2.850000000000,2.850000000000,37.532915340291,456.349521084008
2.900000000000,2.900000000000,37.384184198445,458.222448572477
2.950000000000,2.950000000000,37.235453056408,460.087939503848
3.000000000000,3.000000000000,37.086721914179,461.945993878113
3.050000000000,3.050000000000,36.937990771759,463.796611695261
3.054750000000,3.054750000000,36.923861313219,463.972033593963
3.100000000000,3.100000000000,36.843173130647,465.641012748255
3.150000000000,3.150000000000,36.754014917785,467.480942449466
3.200000000000,3.200000000000,36.664856704844,469.316414240032
3.250000000000,3.250000000000,36.575698491824,471.147428119948
3.300000000000,3.300000000000,36.486540278725,472.973984089212
3.350000000000,3.350000000000,36.397382065548,474.796082147819
3.400000000000,3.400000000000,36.308223852292,476.613722295765
3.450000000000,3.450000000000,36.219065638957,478.426904533046
3.500000000000,3.500000000000,36.129907425544,480.235628859659
3.550000000000,3.550000000000,36.040749212052,482.039895275599
3.600000000000,3.600000000000,35.951590998480,483.839703780862
3.650000000000,3.650000000000,35.862432784831,485.635054375445
3.700000000000,3.700000000000,35.773274571102,487.425947059343
3.750000000000,3.750000000000,35.684116357295,489.212381832553
3.800000000000,3.800000000000,35.594958143409,490.994358695071
3.850000000000,3.850000000000,35.505799929444,492.771877646892
3.900000000000,3.900000000000,35.416641715400,494.544938688013
3.950000000000,3.950000000000,35.327483501278,496.313541818430
4.000000000000,4.000000000000,35.238325287077,498.077687038139
4.050000000000,4.050000000000,35.149167072797,499.837374347136
4.054750000000,4.054750000000,35.140697042436,500.004312774409
4.100000000000,4.100000000000,35.084805623426,501.593164772224
4.150000000000,4.150000000000,35.023047149340,503.345861091544
4.200000000000,4.200000000000,34.961288675210,505.095469487157
4.250000000000,4.250000000000,34.899530201036,506.841989959063
4.300000000000,4.300000000000,34.837771726819,508.585422507260
4.350000000000,4.350000000000,34.776013252558,510.325767131744
4.400000000000,4.400000000000,34.714254778253,512.063023832515
4.450000000000,4.450000000000,34.652496303904,513.797192609568
4.500000000000,4.500000000000,34.590737829511,515.528273462904
4.550000000000,4.550000000000,34.528979355075,517.256266392518
4.600000000000,4.600000000000,34.467220880595,518.981171398410
4.650000000000,4.650000000000,34.405462406071,520.702988480577
4.700000000000,4.700000000000,34.343703931503,522.421717639016
4.750000000000,4.750000000000,34.281945456892,524.137358873726
4.800000000000,4.800000000000,34.220186982236,525.849912184704
4.850000000000,4.850000000000,34.158428507537,527.559377571949
4.900000000000,4.900000000000,34.096670032794,529.265755035457
4.950000000000,4.950000000000,34.034911558008,530.969044575227
5.000000000000,5.000000000000,33.973153083177,532.669246191257
5.050000000000,5.050000000000,33.911394608303,534.366359883544
5.054750000000,5.054750000000,33.905527553188,534.527425073677
5.100000000000,5.100000000000,33.863807662614,536.060706282934
5.150000000000,5.150000000000,33.817708335988,537.752744182900
5.200000000000,5.200000000000,33.771609009335,539.442477116533
5.250000000000,5.250000000000,33.725509682655,541.129905083832
5.300000000000,5.300000000000,33.679410355948,542.815028084797
5.350000000000,5.350000000000,33.633311029215,544.497846119427
5.400000000000,5.400000000000,33.587211702455,546.178359187718
5.450000000000,5.450000000000,33.541112375668,547.856567289671
5.500000000000,5.500000000000,33.495013048855,549.532470425284
5.550000000000,5.550000000000,33.448913722014,551.206068594556
5.600000000000,5.600000000000,33.402814395147,552.877361797485
5.650000000000,5.650000000000,33.356715068253,554.546350034070
5.700000000000,5.700000000000,33.310615741333,556.213033304310
5.750000000000,5.750000000000,33.264516414385,557.877411608203
5.800000000000,5.800000000000,33.218417087411,559.539484945748
5.850000000000,5.850000000000,33.172317760410,561.199253316943
5.900000000000,5.900000000000,33.126218433383,562.856716721788
5.950000000000,5.950000000000,33.080119106328,564.511875160281
6.000000000000,6.000000000000,33.034019779247,566.164728632420
6.050000000000,6.050000000000,32.987920452139,567.815277138205
6.054750000000,6.054750000000,32.983541016062,567.971959359192
6.100000000000,6.100000000000,32.952051503265,569.463752139942
6.150000000000,6.150000000000,32.917256461485,571.110484839061
6.200000000000,6.200000000000,32.882461419690,572.755477786090
6.250000000000,6.250000000000,32.847666377879,574.398730981029
6.300000000000,6.300000000000,32.812871336053,576.040244423877
6.350000000000,6.350000000000,32.778076294211,577.680018114634
6.400000000000,6.400000000000,32.743281252353,579.318052053298
6.450000000000,6.450000000000,32.708486210481,580.954346239869
6.500000000000,6.500000000000,32.673691168592,582.588900674346
6.550000000000,6.550000000000,32.638896126689,584.221715356728
6.600000000000,6.600000000000,32.604101084769,585.852790287014
6.650000000000,6.650000000000,32.569306042834,587.482125465204
6.700000000000,6.700000000000,32.534511000884,589.109720891297
6.750000000000,6.750000000000,32.499715958919,590.735576565292
6.800000000000,6.800000000000,32.464920916937,592.359692487189
6.850000000000,6.850000000000,32.430125874941,593.982068656985
6.900000000000,6.900000000000,32.395330832929,595.602705074682
6.950000000000,6.950000000000,32.360535790901,597.221601740278
7.000000000000,7.000000000000,32.325740748858,598.838758653772
7.050000000000,7.050000000000,32.290945706799,600.454175815163
7.054750000000,7.054750000000,32.287640177803,600.607549956639
7.100000000000,7.100000000000,32.259292173954,602.067924301098
7.150000000000,7.150000000000,32.227968412781,603.680105815766
7.200000000000,7.200000000000,32.196644651593,605.290721142376
7.250000000000,7.250000000000,32.165320890389,606.899770280925
7.300000000000,7.300000000000,32.133997129171,608.507253231414
7.350000000000,7.350000000000,32.102673367937,610.113169993842
7.400000000000,7.400000000000,32.071349606688,611.717520568207
7.450000000000,7.450000000000,32.040025845423,613.320304954510
7.500000000000,7.500000000000,32.008702084144,614.921523152749
7.550000000000,7.550000000000,31.977378322849,616.521175162924
7.600000000000,7.600000000000,31.946054561539,618.119260985034
7.650000000000,7.650000000000,31.914730800214,619.715780619078
7.700000000000,7.700000000000,31.883407038874,621.310734065055
7.750000000000,7.750000000000,31.852083277519,622.904121322965
7.800000000000,7.800000000000,31.820759516148,624.495942392807
7.850000000000,7.850000000000,31.789435754762,626.086197274579
7.900000000000,7.900000000000,31.758111993361,627.674885968283
7.950000000000,7.950000000000,31.726788231945,629.262008473915
8.000000000000,8.000000000000,31.695464470514,630.847564791477
8.050000000000,8.050000000000,31.664140709067,632.431554920966
8.054750000000,8.054750000000,31.661164951729,632.581952521911
8.100000000000,8.100000000000,31.637369902597,634.014081872990
8.150000000000,8.150000000000,31.611077030618,635.595293046320
8.200000000000,8.200000000000,31.584784158628,637.175189576051
8.250000000000,8.250000000000,31.558491286627,638.753771462183
8.300000000000,8.300000000000,31.532198414615,640.331038704714
8.350000000000,8.350000000000,31.505905542592,641.906991303644
8.400000000000,8.400000000000,31.479612670557,643.481629258973
8.450000000000,8.450000000000,31.453319798512,645.054952570699
8.500000000000,8.500000000000,31.427026926455,646.626961238823
8.550000000000,8.550000000000,31.400734054388,648.197655263345
8.600000000000,8.600000000000,31.374441182309,649.767034644262
8.650000000000,8.650000000000,31.348148310220,651.335099381575
8.700000000000,8.700000000000,31.321855438119,652.901849475284
8.750000000000,8.750000000000,31.295562566007,654.467284925387
8.800000000000,8.800000000000,31.269269693884,656.031405731884
8.850000000000,8.850000000000,31.242976821750,657.594211894775
8.900000000000,8.900000000000,31.216683949605,659.155703414059
8.950000000000,8.950000000000,31.190391077449,660.715880289735
9.000000000000,9.000000000000,31.164098205282,662.274742521804
9.050000000000,9.050000000000,31.137805333104,663.832290110263
9.054750000000,9.054750000000,31.135307510247,663.980188753266
9.100000000000,9.100000000000,31.114894475788,665.388599573200
9.150000000000,9.150000000000,31.092338636598,666.943780401010
9.200000000000,9.200000000000,31.069782797400,668.497833436860
9.250000000000,9.250000000000,31.047226958192,670.050758680749
9.300000000000,9.300000000000,31.024671118977,671.602556132679
9.350000000000,9.350000000000,31.002115279752,673.153225792647
9.400000000000,9.400000000000,30.979559440519,674.702767660654
9.450000000000,9.450000000000,30.957003601277,676.251181736699
9.500000000000,9.500000000000,30.934447762026,677.798468020781
9.550000000000,9.550000000000,30.911891922767,679.344626512901
9.600000000000,9.600000000000,30.889336083499,680.889657213058
9.650000000000,9.650000000000,30.866780244222,682.433560121251
9.700000000000,9.700000000000,30.844224404936,683.976335237480
9.750000000000,9.750000000000,30.821668565642,685.517982561744
9.800000000000,9.800000000000,30.799112726339,687.058502094044
9.850000000000,9.850000000000,30.776556887027,688.597893834378
9.900000000000,9.900000000000,30.754001047707,690.136157782746
9.950000000000,9.950000000000,30.731445208377,691.673293939148
10.000000000000,10.000000000000,30.708889369040,693.209302303584
10.050000000000,10.050000000000,30.686333529693,694.744182876052
10.054750000000,10.054750000000,30.684190724955,694.889937871157
10.100000000000,10.100000000000,30.664566242564,696.277953497547
10.150000000000,10.150000000000,30.642881731627,697.810639696901
10.200000000000,10.200000000000,30.621197220681,699.342241670709
10.250000000000,10.250000000000,30.599512709726,700.872759418969
10.300000000000,10.300000000000,30.577828198762,702.402192941682
10.350000000000,10.350000000000,30.556143687790,703.930542238845
10.400000000000,10.400000000000,30.534459176809,705.457807310460
10.450000000000,10.450000000000,30.512774665819,706.983988156526
10.500000000000,10.500000000000,30.491090154821,708.509084777042
10.550000000000,10.550000000000,30.469405643813,710.033097172008
10.600000000000,10.600000000000,30.447721132797,711.556025341423
10.650000000000,10.650000000000,30.426036621772,713.077869285288
10.700000000000,10.700000000000,30.404352110738,714.598629003600
10.750000000000,10.750000000000,30.382667599696,716.118304496361
10.800000000000,10.800000000000,30.360983088644,717.636895763570
10.850000000000,10.850000000000,30.339298577584,719.154402805225
10.900000000000,10.900000000000,30.317614066515,720.670825621328
10.950000000000,10.950000000000,30.295929555438,722.186164211877
11.000000000000,11.000000000000,30.274245044351,723.700418576871
11.050000000000,11.050000000000,30.252560533256,725.213588716312
11.054750000000,11.054750000000,30.250500504702,725.357283486277
11.100000000000,11.100000000000,30.233796194399,726.725740699094
11.150000000000,11.150000000000,30.215338392954,728.236969063778
11.200000000000,11.200000000000,30.196880591503,729.747274538389
11.250000000000,11.250000000000,30.178422790044,731.256657122928
11.300000000000,11.300000000000,30.159964988580,732.765116817394
11.350000000000,11.350000000000,30.141507187108,734.272653621786
11.400000000000,11.400000000000,30.123049385630,735.779267536104
11.450000000000,11.450000000000,30.104591584145,737.284958560349
11.500000000000,11.500000000000,30.086133782654,738.789726694519
11.550000000000,11.550000000000,30.067675981156,740.293571938614
11.600000000000,11.600000000000,30.049218179652,741.796494292634
11.650000000000,11.650000000000,30.030760378141,743.298493756579
11.700000000000,11.700000000000,30.012302576623,744.799570330448
11.750000000000,11.750000000000,29.993844775099,746.299724014241
11.800000000000,11.800000000000,29.975386973568,747.798954807958
11.850000000000,11.850000000000,29.956929172031,749.297262711598
11.900000000000,11.900000000000,29.938471370487,750.794647725161
11.950000000000,11.950000000000,29.920013568936,752.291109848646
12.000000000000,12.000000000000,29.901555767379,753.786649082054
12.050000000000,12.050000000000,29.883097965815,755.281265425384
12.054750000000,12.054750000000,29.881344474666,755.423205976180
12.100000000000,12.100000000000,29.867098343255,756.775014494935
12.150000000000,12.150000000000,29.851356761580,758.267975872556
12.200000000000,12.200000000000,29.835615179900,759.760150171093
12.250000000000,12.250000000000,29.819873598216,761.251537390546
12.300000000000,12.300000000000,29.804132016526,762.742137530915
12.350000000000,12.350000000000,29.788390434831,764.231950592199
12.400000000000,12.400000000000,29.772648853131,765.720976574398
12.450000000000,12.450000000000,29.756907271426,767.209215477512
12.500000000000,12.500000000000,29.741165689716,768.696667301540
12.550000000000,12.550000000000,29.725424108000,770.183332046483
12.600000000000,12.600000000000,29.709682526280,771.669209712340
12.650000000000,12.650000000000,29.693940944555,773.154300299111
12.700000000000,12.700000000000,29.678199362825,774.638603806795
12.750000000000,12.750000000000,29.662457781090,776.122120235393
12.800000000000,12.800000000000,29.646716199349,777.604849584904
12.850000000000,12.850000000000,29.630974617604,779.086791855328
12.900000000000,12.900000000000,29.615233035854,780.567947046664
12.950000000000,12.950000000000,29.599491454098,782.048315158913
13.000000000000,13.000000000000,29.583749872338,783.527896192074
13.050000000000,13.050000000000,29.568008290573,785.006690146147
13.054750000000,13.054750000000,29.566512840304,785.147134633833
13.100000000000,13.100000000000,29.552640106260,786.484705469249
13.150000000000,13.150000000000,29.537311118361,787.961954249864
13.200000000000,13.200000000000,29.521982130456,789.438436581085
13.250000000000,13.250000000000,29.506653142547,790.914152462910
13.300000000000,13.300000000000,29.491324154633,792.389101895339
13.350000000000,13.350000000000,29.475995166714,793.863284878373
13.400000000000,13.400000000000,29.460666178789,795.336701412011
13.450000000000,13.450000000000,29.445337190860,796.809351496252
13.500000000000,13.500000000000,29.430008202926,798.281235131097
13.550000000000,13.550000000000,29.414679214987,799.752352316544
13.600000000000,13.600000000000,29.399350227043,801.222703052595
13.650000000000,13.650000000000,29.384021239093,802.692287339249
13.700000000000,13.700000000000,29.368692251139,804.161105176504
13.750000000000,13.750000000000,29.353363263180,805.629156564362
13.800000000000,13.800000000000,29.338034275216,807.096441502822
13.850000000000,13.850000000000,29.322705287247,808.562959991884
13.900000000000,13.900000000000,29.307376299273,810.028712031547
13.950000000000,13.950000000000,29.292047311294,811.493697621811
14.000000000000,14.000000000000,29.276718323309,812.957916762676
14.050000000000,14.050000000000,29.261389335320,814.421369454142
14.054750000000,14.054750000000,29.259933081461,814.560357594882
14.100000000000,14.100000000000,29.247234357859,815.884082258196
14.150000000000,14.150000000000,29.233202619068,817.346093182619
14.200000000000,14.200000000000,29.219170880274,818.807402520103
14.250000000000,14.250000000000,29.205139141475,820.268010270647
14.300000000000,14.300000000000,29.191107402673,821.727916434250
14.350000000000,14.350000000000,29.177075663867,823.187121010914
14.400000000000,14.400000000000,29.163043925057,824.645624000637
14.450000000000,14.450000000000,29.149012186244,826.103425403420
14.500000000000,14.500000000000,29.134980447426,827.560525219261
14.550000000000,14.550000000000,29.120948708605,829.016923448162
14.600000000000,14.600000000000,29.106916969780,830.472620090122
14.650000000000,14.650000000000,29.092885230951,831.927615145140
14.700000000000,14.700000000000,29.078853492118,833.381908613217
14.750000000000,14.750000000000,29.064821753281,834.835500494352
14.800000000000,14.800000000000,29.050790014440,836.288390788545
14.850000000000,14.850000000000,29.036758275596,837.740579495795
14.900000000000,14.900000000000,29.022726536748,839.192066616104
14.950000000000,14.950000000000,29.008694797896,840.642852149470
15.000000000000,15.000000000000,28.994663059040,842.092936095894
15.050000000000,15.050000000000,28.980631320180,843.542318455374
15.054750000000,15.054750000000,28.979298304988,843.679973288234
15.100000000000,15.100000000000,28.965193049898,844.990967405138
15.150000000000,15.150000000000,28.949607132666,846.438837409702
15.200000000000,15.200000000000,28.934021215429,847.885928118405
15.250000000000,15.250000000000,28.918435298187,849.332239531245
15.300000000000,15.300000000000,28.902849380941,850.777771648223
15.350000000000,15.350000000000,28.887263463689,852.222524469339
15.400000000000,15.400000000000,28.871677546433,853.666497994592
15.450000000000,15.450000000000,28.856091629172,855.109692223982
15.500000000000,15.500000000000,28.840505711906,856.552107157509
15.550000000000,15.550000000000,28.824919794635,857.993742795173
15.600000000000,15.600000000000,28.809333877359,859.434599136973
15.650000000000,15.650000000000,28.793747960078,860.874676182909
15.700000000000,15.700000000000,28.778162042792,862.313973932980
15.750000000000,15.750000000000,28.762576125502,863.752492387188
15.800000000000,15.800000000000,28.746990208206,865.190231545530
15.850000000000,15.850000000000,28.731404290906,866.627191408008
15.900000000000,15.900000000000,28.715818373601,868.063371974621
15.950000000000,15.950000000000,28.700232456290,869.498773245368
16.000000000000,16.000000000000,28.684646538975,870.933395220250
16.050000000000,16.050000000000,28.669060621655,872.367237899266
16.054750000000,16.054750000000,28.667579959510,872.503412420646
16.100000000000,16.100000000000,28.656245551920,873.800363972842
16.150000000000,16.150000000000,28.643721344635,875.232863145256
16.200000000000,16.200000000000,28.631197137347,876.664736107306
16.250000000000,16.250000000000,28.618672930056,878.095982858991
16.300000000000,16.300000000000,28.606148722762,879.526603400311
16.350000000000,16.350000000000,28.593624515465,880.956597731267
16.400000000000,16.400000000000,28.581100308165,882.385965851857
16.450000000000,16.450000000000,28.568576100862,883.814707762083
16.500000000000,16.500000000000,28.556051893556,885.242823461943
16.550000000000,16.550000000000,28.543527686246,886.670312951439
16.600000000000,16.600000000000,28.531003478934,888.097176230568
16.650000000000,16.650000000000,28.518479271619,889.523413299332
16.700000000000,16.700000000000,28.505955064300,890.949024157730
16.750000000000,16.750000000000,28.493430856979,892.374008805762
16.800000000000,16.800000000000,28.480906649654,893.798367243428
16.850000000000,16.850000000000,28.468382442327,895.222099470727
16.900000000000,16.900000000000,28.455858234996,896.645205487660
16.950000000000,16.950000000000,28.443334027662,898.067685294227
17.000000000000,17.000000000000,28.430809820325,899.489538890426
17.050000000000,17.050000000000,28.418285612985,900.910766276259
17.054750000000,17.054750000000,28.417095813288,901.045750307147
17.100000000000,17.100000000000,28.404683208696,902.331343057519
17.150000000000,17.150000000000,28.390967623508,903.751234328324
17.200000000000,17.200000000000,28.377252038315,905.170439819870
17.250000000000,17.250000000000,28.363536453119,906.588959532156
17.300000000000,17.300000000000,28.349820867920,908.006793465182
17.350000000000,17.350000000000,28.336105282716,909.423941618947
17.400000000000,17.400000000000,28.322389697509,910.840403993453
17.450000000000,17.450000000000,28.308674112297,912.256180588698
17.500000000000,17.500000000000,28.294958527082,913.671271404683
17.550000000000,17.550000000000,28.281242941863,915.085676441406
17.600000000000,17.600000000000,28.267527356640,916.499395698869
17.650000000000,17.650000000000,28.253811771414,917.912429177070
17.700000000000,17.700000000000,28.240096186183,919.324776876010
17.750000000000,17.750000000000,28.226380600949,920.736438795688
17.800000000000,17.800000000000,28.212665015711,922.147414936105
17.850000000000,17.850000000000,28.198949430469,923.557705297260
17.900000000000,17.900000000000,28.185233845223,924.967309879152
17.950000000000,17.950000000000,28.171518259974,926.376228681782
18.000000000000,18.000000000000,28.157802674720,927.784461705149
18.050000000000,18.050000000000,28.144087089463,929.192008949254
18.054750000000,18.054750000000,28.142784108864,929.325690268350
18.100000000000,18.100000000000,28.132896671597,930.598927546008
18.150000000000,18.150000000000,28.121971326549,932.005299245961
18.200000000000,18.200000000000,28.111045981499,933.411124678663
18.250000000000,18.250000000000,28.100120636446,934.816403844111
18.300000000000,18.300000000000,28.089195291391,936.221136742307
18.350000000000,18.350000000000,28.078269946333,937.625323373250
18.400000000000,18.400000000000,28.067344601273,939.028963736940
18.450000000000,18.450000000000,28.056419256211,940.432057833378
18.500000000000,18.500000000000,28.045493911147,941.834605662562
18.550000000000,18.550000000000,28.034568566080,943.236607224492
18.600000000000,18.600000000000,28.023643221011,944.638062519170
18.650000000000,18.650000000000,28.012717875940,946.038971546593
18.700000000000,18.700000000000,28.001792530866,947.439334306763
18.750000000000,18.750000000000,27.990867185790,948.839150799680
18.800000000000,18.800000000000,27.979941840712,950.238421025343
18.850000000000,18.850000000000,27.969016495631,951.637144983751
18.900000000000,18.900000000000,27.958091150548,953.035322674906
18.950000000000,18.950000000000,27.947165805462,954.432954098806
19.000000000000,19.000000000000,27.936240460375,955.830039255452
19.050000000000,19.050000000000,27.925315115284,957.226578144843
19.054750000000,19.054750000000,27.924277207501,957.359220926610
19.100000000000,19.100000000000,27.915198265454,958.622589059186
19.150000000000,19.150000000000,27.905166285289,960.018098172954
19.200000000000,19.200000000000,27.895134305123,961.413105687714
19.250000000000,19.250000000000,27.885102324954,962.807611603466
19.300000000000,19.300000000000,27.875070344784,964.201615920210
19.350000000000,19.350000000000,27.865038364612,965.595118637945
19.400000000000,19.400000000000,27.855006384437,966.988119756671
19.450000000000,19.450000000000,27.844974404261,968.380619276388
19.500000000000,19.500000000000,27.834942424083,969.772617197097
19.550000000000,19.550000000000,27.824910443903,971.164113518797
19.600000000000,19.600000000000,27.814878463721,972.555108241487
19.650000000000,19.650000000000,27.804846483537,973.945601365169
19.700000000000,19.700000000000,27.794814503351,975.335592889841
19.750000000000,19.750000000000,27.784782523163,976.725082815504
19.800000000000,19.800000000000,27.774750542973,978.114071142157
19.850000000000,19.850000000000,27.764718562781,979.502557869801
19.900000000000,19.900000000000,27.754686582587,980.890542998435
19.950000000000,19.950000000000,27.744654602391,982.278026528059
20.000000000000,20.000000000000,27.734622622193,983.665008458674
20.050000000000,20.050000000000,27.724590641994,985.051488790279
20.054750000000,20.054750000000,27.723637603874,985.183178332363
20.100000000000,20.100000000000,27.714866567470,986.437474489239
20.150000000000,20.150000000000,27.705174814534,987.822975523789
20.200000000000,20.200000000000,27.695483061597,989.207991970693
20.250000000000,20.250000000000,27.685791308658,990.592523829949
20.300000000000,20.300000000000,27.676099555717,991.976571101558
20.350000000000,20.350000000000,27.666407802775,993.360133785521
20.400000000000,20.400000000000,27.656716049830,994.743211881836
20.450000000000,20.450000000000,27.647024296884,996.125805390504
20.500000000000,20.500000000000,27.637332543936,997.507914311524
20.550000000000,20.550000000000,27.627640790986,998.889538644897
20.600000000000,20.600000000000,27.617949038035,1000.270678390623
20.650000000000,20.650000000000,27.608257285082,1001.651333548701
20.700000000000,20.700000000000,27.598565532127,1003.031504119131
20.750000000000,20.750000000000,27.588873779170,1004.411190101913
20.800000000000,20.800000000000,27.579182026212,1005.790391497048
20.850000000000,20.850000000000,27.569490273251,1007.169108304535
20.900000000000,20.900000000000,27.559798520289,1008.547340524373
20.950000000000,20.950000000000,27.550106767325,1009.925088156563
21.000000000000,21.000000000000,27.540415014360,1011.302351201105
21.050000000000,21.050000000000,27.530723261392,1012.679129657999
21.054750000000,21.054750000000,27.529802544860,1012.809898406789
21.100000000000,21.100000000000,27.520417238357,1014.055409629384
21.150000000000,21.150000000000,27.510046733932,1015.431171228692
21.200000000000,21.200000000000,27.499676229505,1016.806414302778
21.250000000000,21.250000000000,27.489305725076,1018.181138851642
21.300000000000,21.300000000000,27.478935220645,1019.555344875285
21.350000000000,21.350000000000,27.468564716211,1020.929032373706
21.400000000000,21.400000000000,27.458194211776,1022.302201346906
21.450000000000,21.450000000000,27.447823707339,1023.674851794884
21.500000000000,21.500000000000,27.437453202900,1025.046983717640
21.550000000000,21.550000000000,27.427082698459,1026.418597115174
21.600000000000,21.600000000000,27.416712194015,1027.789691987486
21.650000000000,21.650000000000,27.406341689570,1029.160268334575
21.700000000000,21.700000000000,27.395971185123,1030.530326156443
21.750000000000,21.750000000000,27.385600680674,1031.899865453088
21.800000000000,21.800000000000,27.375230176222,1033.268886224510
21.850000000000,21.850000000000,27.364859671769,1034.637388470710
21.900000000000,21.900000000000,27.354489167314,1036.005372191687
21.950000000000,21.950000000000,27.344118662856,1037.372837387441
22.000000000000,22.000000000000,27.333748158397,1038.739784057972
22.050000000000,22.050000000000,27.323377653936,1040.106212203281
22.054750000000,22.054750000000,27.322392456012,1040.235995907292
22.100000000000,22.100000000000,27.314761506147,1041.472161515686
22.150000000000,22.150000000000,27.306329517345,1042.837688791273
22.200000000000,22.200000000000,27.297897528541,1044.202794467420
22.250000000000,22.250000000000,27.289465539736,1045.567478544127
22.300000000000,22.300000000000,27.281033550930,1046.931741021394
22.350000000000,22.350000000000,27.272601562123,1048.295581899220
22.400000000000,22.400000000000,27.264169573314,1049.659001177606
22.450000000000,22.450000000000,27.255737584504,1051.021998856552
22.500000000000,22.500000000000,27.247305595692,1052.384574936056
22.550000000000,22.550000000000,27.238873606880,1053.746729416121
22.600000000000,22.600000000000,27.230441618065,1055.108462296744
22.650000000000,22.650000000000,27.222009629250,1056.469773577927
22.700000000000,22.700000000000,27.213577640433,1057.830663259669
22.750000000000,22.750000000000,27.205145651615,1059.191131341971
22.800000000000,22.800000000000,27.196713662796,1060.551177824831
22.850000000000,22.850000000000,27.188281673975,1061.910802708250
22.900000000000,22.900000000000,27.179849685153,1063.270005992228
22.950000000000,22.950000000000,27.171417696330,1064.628787676765
23.000000000000,23.000000000000,27.162985707505,1065.987147761861
23.050000000000,23.050000000000,27.154553718679,1067.345086247516
23.054750000000,23.054750000000,27.153752679741,1067.474068475212
23.100000000000,23.100000000000,27.148182741717,1068.702649764122
23.150000000000,23.150000000000,27.142028114066,1070.059905035517
23.200000000000,23.200000000000,27.135873486414,1071.416852575529
23.250000000000,23.250000000000,27.129718858762,1072.773492384158
23.300000000000,23.300000000000,27.123564231109,1074.129824461405
23.350000000000,23.350000000000,27.117409603455,1075.485848807269
23.400000000000,23.400000000000,27.111254975801,1076.841565421751
23.450000000000,23.450000000000,27.105100348146,1078.196974304849
23.500000000000,23.500000000000,27.098945720491,1079.552075456565
23.550000000000,23.550000000000,27.092791092835,1080.906868876898
23.600000000000,23.600000000000,27.086636465178,1082.261354565849
23.650000000000,23.650000000000,27.080481837520,1083.615532523416
23.700000000000,23.700000000000,27.074327209862,1084.969402749601
23.750000000000,23.750000000000,27.068172582204,1086.322965244402
23.800000000000,23.800000000000,27.062017954544,1087.676220007821
23.850000000000,23.850000000000,27.055863326884,1089.029167039857
23.900000000000,23.900000000000,27.049708699224,1090.381806340509
23.950000000000,23.950000000000,27.043554071563,1091.734137909779
24.000000000000,24.000000000000,27.037399443901,1093.086161747666
24.050000000000,24.050000000000,27.031244816238,1094.437877854169
24.054750000000,24.054750000000,27.030660126610,1094.566274878408
24.100000000000,24.100000000000,27.021881172836,1095.789213625309
24.150000000000,24.150000000000,27.012180671426,1097.140065171415
24.200000000000,24.200000000000,27.002480170014,1098.490431692451
24.250000000000,24.250000000000,26.992779668600,1099.840313188416
24.300000000000,24.300000000000,26.983079167185,1101.189709659311
24.350000000000,24.350000000000,26.973378665768,1102.538621105135
24.400000000000,24.400000000000,26.963678164350,1103.887047525888
24.450000000000,24.450000000000,26.953977662929,1105.234988921570
24.500000000000,24.500000000000,26.944277161507,1106.582445292181
24.550000000000,24.550000000000,26.934576660084,1107.929416637720
24.600000000000,24.600000000000,26.924876158658,1109.275902958189
24.650000000000,24.650000000000,26.915175657231,1110.621904253586
24.700000000000,24.700000000000,26.905475155803,1111.967420523912
24.750000000000,24.750000000000,26.895774654372,1113.312451769166
24.800000000000,24.800000000000,26.886074152940,1114.656997989349
24.850000000000,24.850000000000,26.876373651506,1116.001059184460
24.900000000000,24.900000000000,26.866673150071,1117.344635354500
24.950000000000,24.950000000000,26.856972648634,1118.687726499467
25.000000000000,25.000000000000,26.847272147195,1120.030332619363
25.050000000000,25.050000000000,26.837571645754,1121.372453714187
25.054750000000,25.054750000000,26.836650098117,1121.499929990828
25.100000000000,25.100000000000,26.829109406716,1122.714117799625
25.150000000000,25.150000000000,26.820777151023,1124.055364963569
25.200000000000,25.200000000000,26.812444895328,1125.396195514727
25.250000000000,25.250000000000,26.804112639632,1126.736609453101
25.300000000000,25.300000000000,26.795780383935,1128.076606778691
25.350000000000,25.350000000000,26.787448128237,1129.416187491495
25.400000000000,25.400000000000,26.779115872537,1130.755351591514
25.450000000000,25.450000000000,26.770783616837,1132.094099078749
25.500000000000,25.500000000000,26.762451361135,1133.432429953198
25.550000000000,25.550000000000,26.754119105431,1134.770344214862
25.600000000000,25.600000000000,26.745786849727,1136.107841863741
25.650000000000,25.650000000000,26.737454594021,1137.444922899835
25.700000000000,25.700000000000,26.729122338314,1138.781587323143
25.750000000000,25.750000000000,26.720790082606,1140.117835133666
25.800000000000,25.800000000000,26.712457826897,1141.453666331404
25.850000000000,25.850000000000,26.704125571186,1142.789080916356
25.900000000000,25.900000000000,26.695793315474,1144.124078888522
25.950000000000,25.950000000000,26.687461059761,1145.458660247903
26.000000000000,26.000000000000,26.679128804047,1146.792824994498
26.050000000000,26.050000000000,26.670796548331,1148.126573128308
26.054750000000,26.054750000000,26.670004984038,1148.253257531947
26.100000000000,26.100000000000,26.663991116477,1149.459939193721
26.150000000000,26.150000000000,26.657345958949,1150.792972620607
26.200000000000,26.200000000000,26.650700801421,1152.125673789616
26.250000000000,26.250000000000,26.644055643893,1153.458042700749
26.300000000000,26.300000000000,26.637410486363,1154.790079354005
26.350000000000,26.350000000000,26.630765328833,1156.121783749385
26.400000000000,26.400000000000,26.624120171301,1157.453155886888
26.450000000000,26.450000000000,26.617475013769,1158.784195766515
26.500000000000,26.500000000000,26.610829856237,1160.114903388265
26.550000000000,26.550000000000,26.604184698703,1161.445278752139
26.600000000000,26.600000000000,26.597539541169,1162.775321858136
26.650000000000,26.650000000000,26.590894383634,1164.105032706256
26.700000000000,26.700000000000,26.584249226098,1165.434411296499
26.750000000000,26.750000000000,26.577604068561,1166.763457628865
26.800000000000,26.800000000000,26.570958911024,1168.092171703355
26.850000000000,26.850000000000,26.564313753486,1169.420553519968
26.900000000000,26.900000000000,26.557668595947,1170.748603078704
26.950000000000,26.950000000000,26.551023438407,1172.076320379563
27.000000000000,27.000000000000,26.544378280866,1173.403705422544
27.050000000000,27.050000000000,26.537733123325,1174.730758207649
27.054750000000,27.054750000000,26.537101833359,1174.856810940671
27.100000000000,27.100000000000,26.533687598561,1176.057537551568
27.150000000000,27.150000000000,26.529914963426,1177.384127615618
27.200000000000,27.200000000000,26.526142328291,1178.710529047911
27.250000000000,27.250000000000,26.522369693155,1180.036741848447
27.300000000000,27.300000000000,26.518597058019,1181.362766017227
27.350000000000,27.350000000000,26.514824422883,1182.688601554249
27.400000000000,27.400000000000,26.511051787747,1184.014248459515
27.450000000000,27.450000000000,26.507279152610,1185.339706733024
27.500000000000,27.500000000000,26.503506517473,1186.664976374776
27.550000000000,27.550000000000,26.499733882336,1187.990057384771
27.600000000000,27.600000000000,26.495961247199,1189.314949763010
27.650000000000,27.650000000000,26.492188612061,1190.639653509491
27.700000000000,27.700000000000,26.488415976923,1191.964168624216
27.750000000000,27.750000000000,26.484643341785,1193.288495107184
27.800000000000,27.800000000000,26.480870706647,1194.612632958394
27.850000000000,27.850000000000,26.477098071509,1195.936582177848
27.900000000000,27.900000000000,26.473325436370,1197.260342765545
27.950000000000,27.950000000000,26.469552801231,1198.583914721485
28.000000000000,28.000000000000,26.465780166092,1199.907298045668
28.050000000000,28.050000000000,26.462007530952,1201.230492738094
28.054722222222,28.054722222222,26.461651226523,1201.355451376822
28.100000000000,28.100000000000,26.457045548524,1202.553471873262
28.150000000000,28.150000000000,26.451959523740,1203.876197000069
28.200000000000,28.200000000000,26.446873498955,1205.198667825636
28.250000000000,28.250000000000,26.441787474169,1206.520884349964
28.300000000000,28.300000000000,26.436701449384,1207.842846573053
28.350000000000,28.350000000000,26.431615424598,1209.164554494903
28.400000000000,28.400000000000,26.426529399811,1210.486008115513
28.450000000000,28.450000000000,26.421443375024,1211.807207434884
28.500000000000,28.500000000000,26.416357350236,1213.128152453015
28.550000000000,28.550000000000,26.411271325448,1214.448843169907
28.600000000000,28.600000000000,26.406185300660,1215.769279585560
28.650000000000,28.650000000000,26.401099275871,1217.089461699973
28.700000000000,28.700000000000,26.396013251081,1218.409389513147
28.750000000000,28.750000000000,26.390927226291,1219.729063025081
28.800000000000,28.800000000000,26.385841201501,1221.048482235776
28.850000000000,28.850000000000,26.380755176710,1222.367647145232
28.900000000000,28.900000000000,26.375669151919,1223.686557753447
28.950000000000,28.950000000000,26.370583127127,1225.005214060423
29.000000000000,29.000000000000,26.365497102335,1226.323616066160
29.050000000000,29.050000000000,26.360411077542,1227.641763770657
29.054722222222,29.054722222222,26.359930730756,1227.766242355476
29.100000000000,29.100000000000,26.355473554730,1228.959660535834
29.150000000000,29.150000000000,26.350551519854,1230.277311162699
29.200000000000,29.200000000000,26.345629484978,1231.594715687820
29.250000000000,29.250000000000,26.340707450101,1232.911874111197
29.300000000000,29.300000000000,26.335785415224,1234.228786432830
29.350000000000,29.350000000000,26.330863380346,1235.545452652719
29.400000000000,29.400000000000,26.325941345468,1236.861872770864
29.450000000000,29.450000000000,26.321019310590,1238.178046787265
29.500000000000,29.500000000000,26.316097275711,1239.493974701923
29.550000000000,29.550000000000,26.311175240831,1240.809656514837
29.600000000000,29.600000000000,26.306253205952,1242.125092226006
29.650000000000,29.650000000000,26.301331171071,1243.440281835432
29.700000000000,29.700000000000,26.296409136191,1244.755225343113
29.750000000000,29.750000000000,26.291487101310,1246.069922749051
29.800000000000,29.800000000000,26.286565066428,1247.384374053244
29.850000000000,29.850000000000,26.281643031546,1248.698579255694
29.900000000000,29.900000000000,26.276720996664,1250.012538356399
29.950000000000,29.950000000000,26.271798961781,1251.326251355360
30.000000000000,30.000000000000,26.266876926898,1252.639718252577
30.050000000000,30.050000000000,26.261954892015,1253.952939048050
30.054722222222,30.054722222222,26.261490033164,1254.076952737451
30.100000000000,30.100000000000,26.256379048520,1255.265898940278
30.150000000000,30.150000000000,26.250735016396,1256.578576791901
30.200000000000,30.200000000000,26.245090984272,1257.890972441917
30.250000000000,30.250000000000,26.239446952147,1259.203085890328
30.300000000000,30.300000000000,26.233802920022,1260.514917137132
30.350000000000,30.350000000000,26.228158887896,1261.826466182330
30.400000000000,30.400000000000,26.222514855769,1263.137733025922
30.450000000000,30.450000000000,26.216870823642,1264.448717667907
30.500000000000,30.500000000000,26.211226791515,1265.759420108286
30.550000000000,30.550000000000,26.205582759387,1267.069840347059
30.600000000000,30.600000000000,26.199938727258,1268.379978384225
30.650000000000,30.650000000000,26.194294695129,1269.689834219784
30.700000000000,30.700000000000,26.188650662999,1270.999407853737
30.750000000000,30.750000000000,26.183006630869,1272.308699286084
30.800000000000,30.800000000000,26.177362598738,1273.617708516824
30.850000000000,30.850000000000,26.171718566607,1274.926435545958
30.900000000000,30.900000000000,26.166074534475,1276.234880373485
30.950000000000,30.950000000000,26.160430502343,1277.543042999406
31.000000000000,31.000000000000,26.154786470210,1278.850923423719
31.050000000000,31.050000000000,26.149142438076,1280.158521646427
31.054722222222,31.054722222222,26.148609390597,1280.282002449350
31.100000000000,31.100000000000,26.140574649725,1281.465771476935
31.150000000000,31.150000000000,26.131701929742,1282.772578391422
31.200000000000,31.200000000000,26.122829209758,1284.078941669909
31.250000000000,31.250000000000,26.113956489772,1285.384861312397
31.300000000000,31.300000000000,26.105083769785,1286.690337318886
31.350000000000,31.350000000000,26.096211049797,1287.995369689376
31.400000000000,31.400000000000,26.087338329807,1289.299958423866
31.450000000000,31.450000000000,26.078465609816,1290.604103522356
31.500000000000,31.500000000000,26.069592889823,1291.907804984847
31.550000000000,31.550000000000,26.060720169830,1293.211062811339
31.600000000000,31.600000000000,26.051847449834,1294.513877001830
31.650000000000,31.650000000000,26.042974729838,1295.816247556322
31.700000000000,31.700000000000,26.034102009840,1297.118174474814
31.750000000000,31.750000000000,26.025229289840,1298.419657757306
31.800000000000,31.800000000000,26.016356569839,1299.720697403798
31.850000000000,31.850000000000,26.007483849837,1301.021293414290
31.900000000000,31.900000000000,25.998611129834,1302.321445788782
31.950000000000,31.950000000000,25.989738409829,1303.621154527273
32.000000000000,32.000000000000,25.980865689822,1304.920419629764
32.050000000000,32.050000000000,25.971992969815,1306.219241096255
32.054722222222,32.054722222222,25.971154990703,1306.341884640045
32.100000000000,32.100000000000,25.966578088853,1307.517697208380
32.150000000000,32.150000000000,25.961523841410,1308.815899756637
32.200000000000,32.200000000000,25.956469593968,1310.113849592521
32.250000000000,32.250000000000,25.951415346525,1311.411546716033
32.300000000000,32.300000000000,25.946361099081,1312.708991127173
32.350000000000,32.350000000000,25.941306851637,1314.006182825942
32.400000000000,32.400000000000,25.936252604193,1315.303121812337
32.450000000000,32.450000000000,25.931198356748,1316.599808086361
32.500000000000,32.500000000000,25.926144109303,1317.896241648012
32.550000000000,32.550000000000,25.921089861858,1319.192422497291
32.600000000000,32.600000000000,25.916035614412,1320.488350634198
32.650000000000,32.650000000000,25.910981366965,1321.784026058732
32.700000000000,32.700000000000,25.905927119519,1323.079448770894
32.750000000000,32.750000000000,25.900872872072,1324.374618770684
32.800000000000,32.800000000000,25.895818624624,1325.669536058102
32.850000000000,32.850000000000,25.890764377176,1326.964200633147
32.900000000000,32.900000000000,25.885710129728,1328.258612495819
32.950000000000,32.950000000000,25.880655882279,1329.552771646119
33.000000000000,33.000000000000,25.875601634830,1330.846678084047
33.050000000000,33.050000000000,25.870547387380,1332.140331809602
33.054722222222,33.054722222222,25.870070041788,1332.262497156305
33.100000000000,33.100000000000,25.866887211185,1333.433764383010
33.150000000000,33.150000000000,25.863372428923,1334.727020874012
33.200000000000,33.200000000000,25.859857646661,1336.020101625902
33.250000000000,33.250000000000,25.856342864399,1337.313006638678
33.300000000000,33.300000000000,25.852828082137,1338.605735912342
33.350000000000,33.350000000000,25.849313299874,1339.898289446892
33.400000000000,33.400000000000,25.845798517612,1341.190667242329
33.450000000000,33.450000000000,25.842283735349,1342.482869298653
33.500000000000,33.500000000000,25.838768953086,1343.774895615864
33.550000000000,33.550000000000,25.835254170822,1345.066746193962
33.600000000000,33.600000000000,25.831739388559,1346.358421032946
33.650000000000,33.650000000000,25.828224606296,1347.649920132817
33.700000000000,33.700000000000,25.824709824032,1348.941243493576
33.750000000000,33.750000000000,25.821195041768,1350.232391115221
33.800000000000,33.800000000000,25.817680259504,1351.523362997752
33.850000000000,33.850000000000,25.814165477239,1352.814159141171
33.900000000000,33.900000000000,25.810650694975,1354.104779545476
33.950000000000,33.950000000000,25.807135912710,1355.395224210668
34.000000000000,34.000000000000,25.803621130445,1356.685493136747
34.050000000000,34.050000000000,25.800106348180,1357.975586323713
34.054722222222,34.054722222222,25.799774396522,1358.097419375466
34.100000000000,34.100000000000,25.795422179731,1359.265477297962
34.150000000000,34.150000000000,25.790616050759,1360.555128253724
34.200000000000,34.200000000000,25.785809921786,1361.844538903038
34.250000000000,34.250000000000,25.781003792814,1363.133709245903
34.300000000000,34.300000000000,25.776197663841,1364.422639282319
34.350000000000,34.350000000000,25.771391534867,1365.711329012287
34.400000000000,34.400000000000,25.766585405893,1366.999778435805
34.450000000000,34.450000000000,25.761779276919,1368.287987552876
34.500000000000,34.500000000000,25.756973147944,1369.575956363497
34.550000000000,34.550000000000,25.752167018969,1370.863684867670
34.600000000000,34.600000000000,25.747360889993,1372.151173065394
34.650000000000,34.650000000000,25.742554761018,1373.438420956669
34.700000000000,34.700000000000,25.737748632041,1374.725428541496
34.750000000000,34.750000000000,25.732942503065,1376.012195819874
34.800000000000,34.800000000000,25.728136374088,1377.298722791802
34.850000000000,34.850000000000,25.723330245110,1378.585009457282
34.900000000000,34.900000000000,25.718524116132,1379.871055816313
34.950000000000,34.950000000000,25.713717987154,1381.156861868895
35.000000000000,35.000000000000,25.708911858175,1382.442427615029
35.050000000000,35.050000000000,25.704105729196,1383.727753054713
35.054722222222,35.054722222222,25.703651817015,1383.849132482247
35.100000000000,35.100000000000,25.700432173264,1385.012863828144
35.150000000000,35.150000000000,25.696876738447,1386.297796550936
35.200000000000,35.200000000000,25.693321303630,1387.582551501989
35.250000000000,35.250000000000,25.689765868813,1388.867128681300
35.300000000000,35.300000000000,25.686210433996,1390.151528088870
35.350000000000,35.350000000000,25.682654999178,1391.435749724699
35.400000000000,35.400000000000,25.679099564360,1392.719793588788
35.450000000000,35.450000000000,25.675544129542,1394.003659681135
35.500000000000,35.500000000000,25.671988694724,1395.287348001742
35.550000000000,35.550000000000,25.668433259905,1396.570858550607
35.600000000000,35.600000000000,25.664877825086,1397.854191327732
35.650000000000,35.650000000000,25.661322390268,1399.137346333116
35.700000000000,35.700000000000,25.657766955448,1400.420323566759
35.750000000000,35.750000000000,25.654211520629,1401.703123028661
35.800000000000,35.800000000000,25.650656085810,1402.985744718822
35.850000000000,35.850000000000,25.647100650990,1404.268188637242
35.900000000000,35.900000000000,25.643545216170,1405.550454783921
35.950000000000,35.950000000000,25.639989781350,1406.832543158859
36.000000000000,36.000000000000,25.636434346529,1408.114453762056
36.050000000000,36.050000000000,25.632878911709,1409.396186593512
36.054722222222,36.054722222222,25.632543120643,1409.517229951083
36.100000000000,36.100000000000,25.629489462954,1410.677745410967
36.150000000000,36.150000000000,25.626117325628,1411.959135580682
36.200000000000,36.200000000000,25.622745188303,1413.240357143530
36.250000000000,36.250000000000,25.619373050977,1414.521410099512
36.300000000000,36.300000000000,25.616000913651,1415.802294448628
36.350000000000,36.350000000000,25.612628776325,1417.083010190878
36.400000000000,36.400000000000,25.609256638999,1418.363557326261
36.450000000000,36.450000000000,25.605884501673,1419.643935854778
36.500000000000,36.500000000000,25.602512364346,1420.924145776428
36.550000000000,36.550000000000,25.599140227019,1422.204187091212
36.600000000000,36.600000000000,25.595768089692,1423.484059799130
36.650000000000,36.650000000000,25.592395952365,1424.763763900181
36.700000000000,36.700000000000,25.589023815038,1426.043299394366
36.750000000000,36.750000000000,25.585651677710,1427.322666281685
36.800000000000,36.800000000000,25.582279540382,1428.601864562137
36.850000000000,36.850000000000,25.578907403054,1429.880894235723
36.900000000000,36.900000000000,25.575535265726,1431.159755302443
36.950000000000,36.950000000000,25.572163128398,1432.438447762296
37.000000000000,37.000000000000,25.568790991069,1433.716971615282
37.050000000000,37.050000000000,25.565418853740,1434.995326861402
37.054722222222,37.054722222222,25.565100374104,1435.116051698463
37.100000000000,37.100000000000,25.562284284629,1436.273518878937
37.150000000000,37.150000000000,25.559174492570,1437.551555348367
37.200000000000,37.200000000000,25.556064700511,1438.829436328194
37.250000000000,37.250000000000,25.552954908452,1440.107161818418
37.300000000000,37.300000000000,25.549845116393,1441.384731819039
37.350000000000,37.350000000000,25.546735324333,1442.662146330057
37.400000000000,37.400000000000,25.543625532274,1443.939405351472
37.450000000000,37.450000000000,25.540515740214,1445.216508883285
37.500000000000,37.500000000000,25.537405948154,1446.493456925494
37.550000000000,37.550000000000,25.534296156094,1447.770249478100
37.600000000000,37.600000000000,25.531186364034,1449.046886541103
37.650000000000,37.650000000000,25.528076571973,1450.323368114503
37.700000000000,37.700000000000,25.524966779913,1451.599694198301
37.750000000000,37.750000000000,25.521856987852,1452.875864792495
37.800000000000,37.800000000000,25.518747195791,1454.151879897086
37.850000000000,37.850000000000,25.515637403730,1455.427739512074
37.900000000000,37.900000000000,25.512527611669,1456.703443637459
37.950000000000,37.950000000000,25.509417819608,1457.978992273241
38.000000000000,38.000000000000,25.506308027546,1459.254385419420
38.050000000000,38.050000000000,25.503198235484,1460.529623075995
38.054722222222,38.054722222222,25.502904532901,1460.650054151971
38.100000000000,38.100000000000,25.498360690032,1461.804666128551
38.150000000000,38.150000000000,25.493342949440,1463.079458719538
38.200000000000,38.200000000000,25.488325208848,1464.354000423495
38.250000000000,38.250000000000,25.483307468256,1465.628291240423
38.300000000000,38.300000000000,25.478289727663,1466.902331170321
38.350000000000,38.350000000000,25.473271987070,1468.176120213189
38.400000000000,38.400000000000,25.468254246476,1469.449658369028
38.450000000000,38.450000000000,25.463236505881,1470.722945637837
38.500000000000,38.500000000000,25.458218765286,1471.995982019616
38.550000000000,38.550000000000,25.453201024691,1473.268767514365
38.600000000000,38.600000000000,25.448183284096,1474.541302122085
38.650000000000,38.650000000000,25.443165543499,1475.813585842775
38.700000000000,38.700000000000,25.438147802903,1477.085618676435
38.750000000000,38.750000000000,25.433130062306,1478.357400623065
38.800000000000,38.800000000000,25.428112321708,1479.628931682665
38.850000000000,38.850000000000,25.423094581110,1480.900211855236
38.900000000000,38.900000000000,25.418076840512,1482.171241140776
38.950000000000,38.950000000000,25.413059099913,1483.442019539287
39.000000000000,39.000000000000,25.408041359314,1484.712547050768
39.050000000000,39.050000000000,25.403023618714,1485.982823675218
39.054722222222,39.054722222222,25.402549720991,1486.102781278931
39.100000000000,39.100000000000,25.399302609275,1487.252878769192
39.150000000000,39.150000000000,25.395716841737,1488.522754255467
39.200000000000,39.200000000000,25.392131074198,1489.792450453365
39.250000000000,39.250000000000,25.388545306660,1491.061967362887
39.300000000000,39.300000000000,25.384959539120,1492.331304984031
39.350000000000,39.350000000000,25.381373771581,1493.600463316799
39.400000000000,39.400000000000,25.377788004042,1494.869442361189
39.450000000000,39.450000000000,25.374202236502,1496.138242117203
39.500000000000,39.500000000000,25.370616468962,1497.406862584839
39.550000000000,39.550000000000,25.367030701422,1498.675303764099
39.600000000000,39.600000000000,25.363444933881,1499.943565654982
39.650000000000,39.650000000000,25.359859166341,1501.211648257487
39.700000000000,39.700000000000,25.356273398800,1502.479551571616
39.750000000000,39.750000000000,25.352687631259,1503.747275597367
39.800000000000,39.800000000000,25.349101863718,1505.014820334742
39.850000000000,39.850000000000,25.345516096176,1506.282185783739
39.900000000000,39.900000000000,25.341930328634,1507.549371944359
39.950000000000,39.950000000000,25.338344561092,1508.816378816603
40.000000000000,40.000000000000,25.334758793550,1510.083206400468
40.050000000000,40.050000000000,25.331173026008,1511.349854695957
40.054722222222,40.054722222222,25.330834370184,1511.469473324526
40.100000000000,40.100000000000,25.328764178497,1512.616350347231
40.150000000000,40.150000000000,25.326478077247,1513.882731403625
40.200000000000,40.200000000000,25.324191975997,1515.148998154956
40.250000000000,40.250000000000,25.321905874747,1516.415150601224
40.300000000000,40.300000000000,25.319619773496,1517.681188742431
40.350000000000,40.350000000000,25.317333672246,1518.947112578574
40.400000000000,40.400000000000,25.315047570996,1520.212922109655
40.450000000000,40.450000000000,25.312761469745,1521.478617335674
40.500000000000,40.500000000000,25.310475368494,1522.744198256630
40.550000000000,40.550000000000,25.308189267244,1524.009664872523
40.600000000000,40.600000000000,25.305903165993,1525.275017183354
40.650000000000,40.650000000000,25.303617064742,1526.540255189122
40.700000000000,40.700000000000,25.301330963491,1527.805378889828
40.750000000000,40.750000000000,25.299044862240,1529.070388285471
40.800000000000,40.800000000000,25.296758760989,1530.335283376052
40.850000000000,40.850000000000,25.294472659738,1531.600064161570
40.900000000000,40.900000000000,25.292186558486,1532.864730642026
40.950000000000,40.950000000000,25.289900457235,1534.129282817419
41.000000000000,41.000000000000,25.287614355984,1535.393720687749
41.050000000000,41.050000000000,25.285328254732,1536.658044253017
41.054722222222,41.054722222222,25.285112345169,1536.777446682206
41.100000000000,41.100000000000,25.283290198154,1537.922259128678
41.150000000000,41.150000000000,25.281278011265,1539.186373333914
41.200000000000,41.200000000000,25.279265824376,1540.450386929805
41.250000000000,41.250000000000,25.277253637487,1541.714299916351
41.300000000000,41.300000000000,25.275241450598,1542.978112293554
41.350000000000,41.350000000000,25.273229263709,1544.241824061411
41.400000000000,41.400000000000,25.271217076820,1545.505435219924
41.450000000000,41.450000000000,25.269204889931,1546.768945769093
41.500000000000,41.500000000000,25.267192703041,1548.032355708918
41.550000000000,41.550000000000,25.265180516152,1549.295665039397
41.600000000000,41.600000000000,25.263168329263,1550.558873760533
41.650000000000,41.650000000000,25.261156142373,1551.821981872324
41.700000000000,41.700000000000,25.259143955484,1553.084989374770
41.750000000000,41.750000000000,25.257131768594,1554.347896267872
41.800000000000,41.800000000000,25.255119581704,1555.610702551629
41.850000000000,41.850000000000,25.253107394815,1556.873408226043
41.900000000000,41.900000000000,25.251095207925,1558.136013291111
41.950000000000,41.950000000000,25.249083021035,1559.398517746835
42.000000000000,42.000000000000,25.247070834145,1560.660921593214
42.050000000000,42.050000000000,25.245058647255,1561.923224830249
42.054722222222,42.054722222222,25.244868607382,1562.042437158484
42.100000000000,42.100000000000,25.242792456765,1563.185421707581
42.150000000000,42.150000000000,25.240499775103,1564.447504013377
42.200000000000,42.200000000000,25.238207093440,1565.709471685091
42.250000000000,42.250000000000,25.235914411777,1566.971324722721
42.300000000000,42.300000000000,25.233621730114,1568.233063126268
42.350000000000,42.350000000000,25.231329048451,1569.494686895733
42.400000000000,42.400000000000,25.229036366788,1570.756196031114
42.450000000000,42.450000000000,25.226743685125,1572.017590532412
42.500000000000,42.500000000000,25.224451003461,1573.278870399626
42.550000000000,42.550000000000,25.222158321798,1574.540035632758
42.600000000000,42.600000000000,25.219865640134,1575.801086231806
42.650000000000,42.650000000000,25.217572958471,1577.062022196771
42.700000000000,42.700000000000,25.215280276807,1578.322843527653
42.750000000000,42.750000000000,25.212987595143,1579.583550224452
42.800000000000,42.800000000000,25.210694913479,1580.844142287167
42.850000000000,42.850000000000,25.208402231815,1582.104619715799
42.900000000000,42.900000000000,25.206109550151,1583.364982510348
42.950000000000,42.950000000000,25.203816868487,1584.625230670815
43.000000000000,43.000000000000,25.201524186823,1585.885364197197
43.050000000000,43.050000000000,25.199231505158,1587.145383089497
43.054722222222,43.054722222222,25.199014974112,1587.264378949234
43.100000000000,43.100000000000,25.196609802369,1588.405279899040
43.150000000000,43.150000000000,25.193953784494,1589.665043988712
43.200000000000,43.200000000000,25.191297766618,1590.924675277490
43.250000000000,43.250000000000,25.188641748743,1592.184173765374
43.300000000000,43.300000000000,25.185985730867,1593.443539452364
43.350000000000,43.350000000000,25.183329712991,1594.702772338460
43.400000000000,43.400000000000,25.180673695115,1595.961872423663
43.450000000000,43.450000000000,25.178017677238,1597.220839707972
43.500000000000,43.500000000000,25.175361659362,1598.479674191387
43.550000000000,43.550000000000,25.172705641485,1599.738375873908
43.600000000000,43.600000000000,25.170049623609,1600.996944755535
43.650000000000,43.650000000000,25.167393605732,1602.255380836269
43.700000000000,43.700000000000,25.164737587855,1603.513684116109
43.750000000000,43.750000000000,25.162081569978,1604.771854595054
43.800000000000,43.800000000000,25.159425552101,1606.029892273106
43.850000000000,43.850000000000,25.156769534223,1607.287797150264
43.900000000000,43.900000000000,25.154113516346,1608.545569226529
43.950000000000,43.950000000000,25.151457498468,1609.803208501899
44.000000000000,44.000000000000,25.148801480591,1611.060714976375
44.050000000000,44.050000000000,25.146145462713,1612.318088649958
44.054722222222,44.054722222222,25.145894616580,1612.436833744584
44.100000000000,44.100000000000,25.143838554317,1613.575337426098
44.150000000000,44.150000000000,25.141568056112,1614.832472591358
44.200000000000,44.200000000000,25.139297557907,1616.089494231709
44.250000000000,44.250000000000,25.137027059701,1617.346402347149
44.300000000000,44.300000000000,25.134756561496,1618.603196937679
44.350000000000,44.350000000000,25.132486063291,1619.859878003299
44.400000000000,44.400000000000,25.130215565085,1621.116445544008
44.450000000000,44.450000000000,25.127945066880,1622.372899559807
44.500000000000,44.500000000000,25.125674568674,1623.629240050696
44.550000000000,44.550000000000,25.123404070469,1624.885467016674
44.600000000000,44.600000000000,25.121133572263,1626.141580457743
44.650000000000,44.650000000000,25.118863074057,1627.397580373901
44.700000000000,44.700000000000,25.116592575851,1628.653466765148
44.750000000000,44.750000000000,25.114322077645,1629.909239631486
44.800000000000,44.800000000000,25.112051579439,1631.164898972913
44.850000000000,44.850000000000,25.109781081232,1632.420444789429
44.900000000000,44.900000000000,25.107510583026,1633.675877081036
44.950000000000,44.950000000000,25.105240084820,1634.931195847732
45.000000000000,45.000000000000,25.102969586613,1636.186401089518
45.050000000000,45.050000000000,25.100699088406,1637.441492806393
45.054722222222,45.054722222222,25.100484652465,1637.560023379109
45.100000000000,45.100000000000,25.098279664062,1638.696467626836
45.150000000000,45.150000000000,25.095844707543,1639.951320736126
45.200000000000,45.200000000000,25.093409751024,1641.206052097590
45.250000000000,45.250000000000,25.090974794505,1642.460661711229
45.300000000000,45.300000000000,25.088539837986,1643.715149577041
45.350000000000,45.350000000000,25.086104881467,1644.969515695027
45.400000000000,45.400000000000,25.083669924948,1646.223760065187
45.450000000000,45.450000000000,25.081234968428,1647.477882687522
45.500000000000,45.500000000000,25.078800011909,1648.731883562030
45.550000000000,45.550000000000,25.076365055389,1649.985762688713
45.600000000000,45.600000000000,25.073930098870,1651.239520067569
45.650000000000,45.650000000000,25.071495142350,1652.493155698600
45.700000000000,45.700000000000,25.069060185830,1653.746669581804
45.750000000000,45.750000000000,25.066625229310,1655.000061717183
45.800000000000,45.800000000000,25.064190272790,1656.253332104735
45.850000000000,45.850000000000,25.061755316270,1657.506480744462
45.900000000000,45.900000000000,25.059320359750,1658.759507636362
45.950000000000,45.950000000000,25.056885403229,1660.012412780437
46.000000000000,46.000000000000,25.054450446709,1661.265196176685
46.050000000000,46.050000000000,25.052015490188,1662.517857825107
46.054722222222,46.054722222222,25.051785522072,1662.636158466381
46.100000000000,46.100000000000,25.048242862028,1663.770367442304
46.150000000000,46.150000000000,25.044330722102,1665.022681781907
46.200000000000,46.200000000000,25.040418582176,1666.274800514514
46.250000000000,46.250000000000,25.036506442249,1667.526723640125
46.300000000000,46.300000000000,25.032594302323,1668.778451158739
46.350000000000,46.350000000000,25.028682162395,1670.029983070357
46.400000000000,46.400000000000,25.024770022468,1671.281319374978
46.450000000000,46.450000000000,25.020857882540,1672.532460072604
46.500000000000,46.500000000000,25.016945742612,1673.783405163232
46.550000000000,46.550000000000,25.013033602684,1675.034154646865
46.600000000000,46.600000000000,25.009121462756,1676.284708523501
46.650000000000,46.650000000000,25.005209322827,1677.535066793140
46.700000000000,46.700000000000,25.001297182898,1678.785229455784
46.750000000000,46.750000000000,24.997385042968,1680.035196511430
46.800000000000,46.800000000000,24.993472903039,1681.284967960080
46.850000000000,46.850000000000,24.989560763109,1682.534543801734
46.900000000000,46.900000000000,24.985648623179,1683.783924036391
46.950000000000,46.950000000000,24.981736483248,1685.033108664052
47.000000000000,47.000000000000,24.977824343318,1686.282097684716
47.050000000000,47.050000000000,24.973912203387,1687.530891098383
47.054722222222,47.054722222222,24.973542723504,1687.648822589177
47.100000000000,47.100000000000,24.971299465855,1688.779518322081
47.150000000000,47.150000000000,24.968822248819,1690.028021364948
47.200000000000,47.200000000000,24.966345031783,1691.276400546963
47.250000000000,47.250000000000,24.963867814746,1692.524655868126
47.300000000000,47.300000000000,24.961390597710,1693.772787328438
47.350000000000,47.350000000000,24.958913380673,1695.020794927897
47.400000000000,47.400000000000,24.956436163637,1696.268678666505
47.450000000000,47.450000000000,24.953958946600,1697.516438544261
47.500000000000,47.500000000000,24.951481729563,1698.764074561165
47.550000000000,47.550000000000,24.949004512526,1700.011586717217
47.600000000000,47.600000000000,24.946527295489,1701.258975012418
47.650000000000,47.650000000000,24.944050078452,1702.506239446766
47.700000000000,47.700000000000,24.941572861415,1703.753380020263
47.750000000000,47.750000000000,24.939095644377,1705.000396732908
47.800000000000,47.800000000000,24.936618427340,1706.247289584700
47.850000000000,47.850000000000,24.934141210303,1707.494058575641
47.900000000000,47.900000000000,24.931663993265,1708.740703705731
47.950000000000,47.950000000000,24.929186776227,1709.987224974968
48.000000000000,48.000000000000,24.926709559189,1711.233622383353
48.050000000000,48.050000000000,24.924232342151,1712.479895930887
48.054722222222,48.054722222222,24.923998382764,1712.597593142315
48.100000000000,48.100000000000,24.922076068414,1713.726052883368
48.150000000000,48.150000000000,24.919953267292,1714.972103616761
48.200000000000,48.200000000000,24.917830466169,1716.218048210098
48.250000000000,48.250000000000,24.915707665046,1717.463886663378
48.300000000000,48.300000000000,24.913584863923,1718.709618976602
48.350000000000,48.350000000000,24.911462062800,1719.955245149770
48.400000000000,48.400000000000,24.909339261677,1721.200765182882
48.450000000000,48.450000000000,24.907216460554,1722.446179075938
48.500000000000,48.500000000000,24.905093659430,1723.691486828938
48.550000000000,48.550000000000,24.902970858307,1724.936688441881
48.600000000000,48.600000000000,24.900848057184,1726.181783914768
48.650000000000,48.650000000000,24.898725256060,1727.426773247599
48.700000000000,48.700000000000,24.896602454937,1728.671656440374
48.750000000000,48.750000000000,24.894479653813,1729.916433493093
48.800000000000,48.800000000000,24.892356852689,1731.161104405756
48.850000000000,48.850000000000,24.890234051565,1732.405669178362
48.900000000000,48.900000000000,24.888111250442,1733.650127810912
48.950000000000,48.950000000000,24.885988449317,1734.894480303406
49.000000000000,49.000000000000,24.883865648194,1736.138726655844
49.050000000000,49.050000000000,24.881742847069,1737.382866868226
49.054722222222,49.054722222222,24.881542360297,1737.500363513849
49.100000000000,49.100000000000,24.879606656897,1738.626900637438
49.150000000000,49.150000000000,24.877469070321,1739.870827530618
49.200000000000,49.200000000000,24.875331483744,1741.114647544470
49.250000000000,49.250000000000,24.873193897168,1742.358360678993
49.300000000000,49.300000000000,24.871056310591,1743.601966934187
49.350000000000,49.350000000000,24.868918724014,1744.845466310052
49.400000000000,49.400000000000,24.866781137438,1746.088858806588
49.450000000000,49.450000000000,24.864643550861,1747.332144423796
49.500000000000,49.500000000000,24.862505964284,1748.575323161674
49.550000000000,49.550000000000,24.860368377707,1749.818395020224
49.600000000000,49.600000000000,24.858230791130,1751.061359999445
49.650000000000,49.650000000000,24.856093204553,1752.304218099337
49.700000000000,49.700000000000,24.853955617975,1753.546969319900
49.750000000000,49.750000000000,24.851818031398,1754.789613661134
49.800000000000,49.800000000000,24.849680444821,1756.032151123040
49.850000000000,49.850000000000,24.847542858243,1757.274581705616
49.900000000000,49.900000000000,24.845405271666,1758.516905408864
49.950000000000,49.950000000000,24.843267685088,1759.759122232783
50.000000000000,50.000000000000,24.841130098510,1761.001232177373
50.050000000000,50.050000000000,24.838992511933,1762.243235242634
50.054722222222,50.054722222222,24.838790628756,1762.360530008377
50.100000000000,50.100000000000,24.836561573071,1763.485124787396
50.150000000000,50.150000000000,24.834100039185,1764.726891327703
50.200000000000,50.200000000000,24.831638505300,1765.968534791315
50.250000000000,50.250000000000,24.829176971414,1767.210055178233
50.300000000000,50.300000000000,24.826715437529,1768.451452488456
50.350000000000,50.350000000000,24.824253903643,1769.692726721985
50.400000000000,50.400000000000,24.821792369757,1770.933877878820
50.450000000000,50.450000000000,24.819330835871,1772.174905958961
50.500000000000,50.500000000000,24.816869301985,1773.415810962407
50.550000000000,50.550000000000,24.814407768098,1774.656592889159
50.600000000000,50.600000000000,24.811946234212,1775.897251739217
50.650000000000,50.650000000000,24.809484700325,1777.137787512580
50.700000000000,50.700000000000,24.807023166439,1778.378200209250
50.750000000000,50.750000000000,24.804561632552,1779.618489829224
50.800000000000,50.800000000000,24.802100098665,1780.858656372505
50.850000000000,50.850000000000,24.799638564778,1782.098699839091
50.900000000000,50.900000000000,24.797177030891,1783.338620228983
50.950000000000,50.950000000000,24.794715497004,1784.578417542180
51.000000000000,51.000000000000,24.792253963117,1785.818091778683
51.050000000000,51.050000000000,24.789792429230,1787.057642938491
51.054722222222,51.054722222222,24.789559951029,1787.174705298273
51.100000000000,51.100000000000,24.787193051092,1788.297067900965
51.150000000000,51.150000000000,24.784579296560,1789.536362209656
51.200000000000,51.200000000000,24.781965542028,1790.775525830621
51.250000000000,51.250000000000,24.779351787496,1792.014558763859
51.300000000000,51.300000000000,24.776738032964,1793.253461009370
51.350000000000,51.350000000000,24.774124278431,1794.492232567155
51.400000000000,51.400000000000,24.771510523899,1795.730873437213
51.450000000000,51.450000000000,24.768896769366,1796.969383619545
51.500000000000,51.500000000000,24.766283014834,1798.207763114150
51.550000000000,51.550000000000,24.763669260301,1799.446011921028
51.600000000000,51.600000000000,24.761055505768,1800.684130040180
51.650000000000,51.650000000000,24.758441751235,1801.922117471605
51.700000000000,51.700000000000,24.755827996702,1803.159974215304
51.750000000000,51.750000000000,24.753214242169,1804.397700271275
51.800000000000,51.800000000000,24.750600487635,1805.635295639521
51.850000000000,51.850000000000,24.747986733102,1806.872760320039
51.900000000000,51.900000000000,24.745372978568,1808.110094312831
51.950000000000,51.950000000000,24.742759224035,1809.347297617896
52.000000000000,52.000000000000,24.740145469501,1810.584370235234
52.050000000000,52.050000000000,24.737531714967,1811.821312164846
52.054722222222,52.054722222222,24.737284860372,1811.938127703977
52.100000000000,52.100000000000,24.735412926621,1813.058134612216
52.150000000000,52.150000000000,24.733345760515,1814.294853579394
52.200000000000,52.200000000000,24.731278594409,1815.531469188267
52.250000000000,52.250000000000,24.729211428303,1816.767981438835
52.300000000000,52.300000000000,24.727144262197,1818.004390331098
52.350000000000,52.350000000000,24.725077096091,1819.240695865055
52.400000000000,52.400000000000,24.723009929985,1820.476898040707
52.450000000000,52.450000000000,24.720942763879,1821.712996858053
52.500000000000,52.500000000000,24.718875597772,1822.948992317095
52.550000000000,52.550000000000,24.716808431666,1824.184884417831
52.600000000000,52.600000000000,24.714741265560,1825.420673160261
52.650000000000,52.650000000000,24.712674099453,1826.656358544386
52.700000000000,52.700000000000,24.710606933346,1827.891940570207
52.750000000000,52.750000000000,24.708539767240,1829.127419237721
52.800000000000,52.800000000000,24.706472601133,1830.362794546930
52.850000000000,52.850000000000,24.704405435026,1831.598066497834
52.900000000000,52.900000000000,24.702338268920,1832.833235090433
52.950000000000,52.950000000000,24.700271102813,1834.068300324726
53.000000000000,53.000000000000,24.698203936706,1835.303262200714
53.050000000000,53.050000000000,24.696136770599,1836.538120718397
53.054722222222,53.054722222222,24.695941538244,1836.654740903287
53.100000000000,53.100000000000,24.694197773322,1837.772878779374
53.150000000000,53.150000000000,24.692272143347,1839.007540527291
53.200000000000,53.200000000000,24.690346513372,1840.242105993709
53.250000000000,53.250000000000,24.688420883397,1841.476575178628
53.300000000000,53.300000000000,24.686495253422,1842.710948082048
53.350000000000,53.350000000000,24.684569623446,1843.945224703970
53.400000000000,53.400000000000,24.682643993471,1845.179405044393
53.450000000000,53.450000000000,24.680718363496,1846.413489103317
53.500000000000,53.500000000000,24.678792733520,1847.647476880742
53.550000000000,53.550000000000,24.676867103545,1848.881368376669
53.600000000000,53.600000000000,24.674941473569,1850.115163591097
53.650000000000,53.650000000000,24.673015843593,1851.348862524026
53.700000000000,53.700000000000,24.671090213618,1852.582465175456
53.750000000000,53.750000000000,24.669164583642,1853.815971545388
53.800000000000,53.800000000000,24.667238953666,1855.049381633820
53.850000000000,53.850000000000,24.665313323690,1856.282695440754
53.900000000000,53.900000000000,24.663387693714,1857.515912966189
53.950000000000,53.950000000000,24.661462063738,1858.749034210126
54.000000000000,54.000000000000,24.659536433762,1859.982059172563
54.050000000000,54.050000000000,24.657610803786,1861.214987853502
54.054722222222,54.054722222222,24.657428938733,1861.331426141777
54.100000000000,54.100000000000,24.655408800348,1862.447813996154
54.150000000000,54.150000000000,24.653177972684,1863.680528665480
54.200000000000,54.200000000000,24.650947145020,1864.913131793422
54.250000000000,54.250000000000,24.648716317355,1866.145623379982
54.300000000000,54.300000000000,24.646485489691,1867.378003425158
54.350000000000,54.350000000000,24.644254662026,1868.610271928951
54.400000000000,54.400000000000,24.642023834361,1869.842428891360
54.450000000000,54.450000000000,24.639793006697,1871.074474312387
54.500000000000,54.500000000000,24.637562179032,1872.306408192030
54.550000000000,54.550000000000,24.635331351367,1873.538230530290
54.600000000000,54.600000000000,24.633100523702,1874.769941327167
54.650000000000,54.650000000000,24.630869696037,1876.001540582660
54.700000000000,54.700000000000,24.628638868372,1877.233028296770
54.750000000000,54.750000000000,24.626408040707,1878.464404469497
54.800000000000,54.800000000000,24.624177213041,1879.695669100841
54.850000000000,54.850000000000,24.621946385376,1880.926822190801
54.900000000000,54.900000000000,24.619715557711,1882.157863739379
54.950000000000,54.950000000000,24.617484730045,1883.388793746573
55.000000000000,55.000000000000,24.615253902379,1884.619612212383
55.050000000000,55.050000000000,24.613023074714,1885.850319136810
55.054722222222,55.054722222222,24.612812385434,1885.966546803864
55.100000000000,55.100000000000,24.610849969955,1887.080915826637
55.150000000000,55.150000000000,24.608682885376,1888.311404148020
55.200000000000,55.200000000000,24.606515800798,1889.541784115175
55.250000000000,55.250000000000,24.604348716219,1890.772055728100
55.300000000000,55.300000000000,24.602181631640,1892.002218986797
55.350000000000,55.350000000000,24.600014547062,1893.232273891264
55.400000000000,55.400000000000,24.597847462483,1894.462220441503
55.450000000000,55.450000000000,24.595680377904,1895.692058637512
55.500000000000,55.500000000000,24.593513293325,1896.921788479293
55.550000000000,55.550000000000,24.591346208746,1898.151409966845
55.600000000000,55.600000000000,24.589179124166,1899.380923100168
55.650000000000,55.650000000000,24.587012039587,1900.610327879261
55.700000000000,55.700000000000,24.584844955008,1901.839624304126
55.750000000000,55.750000000000,24.582677870429,1903.068812374762
55.800000000000,55.800000000000,24.580510785849,1904.297892091169
55.850000000000,55.850000000000,24.578343701270,1905.526863453347
55.900000000000,55.900000000000,24.576176616690,1906.755726461296
55.950000000000,55.950000000000,24.574009532110,1907.984481115016
56.000000000000,56.000000000000,24.571842447531,1909.213127414507
56.050000000000,56.050000000000,24.569675362951,1910.441665359769
56.054722222222,56.054722222222,24.569470693852,1910.557688343509
56.100000000000,56.100000000000,24.567527410461,1911.670095383932
56.150000000000,56.150000000000,24.565381453343,1912.898418105527
56.200000000000,56.200000000000,24.563235496224,1914.126633529266
56.250000000000,56.250000000000,24.561089539105,1915.354741655149
56.300000000000,56.300000000000,24.558943581987,1916.582742483177
56.350000000000,56.350000000000,24.556797624868,1917.810636013348
56.400000000000,56.400000000000,24.554651667749,1919.038422245663
56.450000000000,56.450000000000,24.552505710630,1920.266101180123
56.500000000000,56.500000000000,24.550359753512,1921.493672816727
56.550000000000,56.550000000000,24.548213796392,1922.721137155474
56.600000000000,56.600000000000,24.546067839273,1923.948494196366
56.650000000000,56.650000000000,24.543921882154,1925.175743939401
56.700000000000,56.700000000000,24.541775925035,1926.402886384581
56.750000000000,56.750000000000,24.539629967916,1927.629921531905
56.800000000000,56.800000000000,24.537484010796,1928.856849381373
56.850000000000,56.850000000000,24.535338053677,1930.083669932985
56.900000000000,56.900000000000,24.533192096557,1931.310383186741
56.950000000000,56.950000000000,24.531046139438,1932.536989142641
57.000000000000,57.000000000000,24.528900182318,1933.763487800684
57.050000000000,57.050000000000,24.526754225199,1934.989879160872
57.054722222222,57.054722222222,24.526551551471,1935.105699466173
57.100000000000,57.100000000000,24.524399827764,1936.216158504347
57.150000000000,57.150000000000,24.522023691156,1937.442319092320
57.200000000000,57.200000000000,24.519647554548,1938.668360873463
57.250000000000,57.250000000000,24.517271417939,1939.894283847775
57.300000000000,57.300000000000,24.514895281331,1941.120088015257
57.350000000000,57.350000000000,24.512519144722,1942.345773375908
57.400000000000,57.400000000000,24.510143008113,1943.571339929729
57.450000000000,57.450000000000,24.507766871505,1944.796787676719
57.500000000000,57.500000000000,24.505390734896,1946.022116616879
57.550000000000,57.550000000000,24.503014598287,1947.247326750209
57.600000000000,57.600000000000,24.500638461678,1948.472418076708
57.650000000000,57.650000000000,24.498262325069,1949.697390596377
57.700000000000,57.700000000000,24.495886188459,1950.922244309215
57.750000000000,57.750000000000,24.493510051850,1952.146979215222
57.800000000000,57.800000000000,24.491133915241,1953.371595314400
57.850000000000,57.850000000000,24.488757778631,1954.596092606747
57.900000000000,57.900000000000,24.486381642022,1955.820471092263
57.950000000000,57.950000000000,24.484005505412,1957.044730770949
58.000000000000,58.000000000000,24.481629368802,1958.268871642804
58.050000000000,58.050000000000,24.479253232192,1959.492893707829
58.054722222222,58.054722222222,24.479028819290,1959.608489651556
58.100000000000,58.100000000000,24.474585064926,1960.716745076996
58.150000000000,58.150000000000,24.469677851517,1961.940351649907
58.200000000000,58.200000000000,24.464770638107,1963.163712862148
58.250000000000,58.250000000000,24.459863424697,1964.386828713718
58.300000000000,58.300000000000,24.454956211287,1965.609699204618
58.350000000000,58.350000000000,24.450048997876,1966.832324334847
58.400000000000,58.400000000000,24.445141784465,1968.054704104405
58.450000000000,58.450000000000,24.440234571053,1969.276838513293
58.500000000000,58.500000000000,24.435327357641,1970.498727561510
58.550000000000,58.550000000000,24.430420144229,1971.720371249057
58.600000000000,58.600000000000,24.425512930816,1972.941769575933
58.650000000000,58.650000000000,24.420605717403,1974.162922542139
58.700000000000,58.700000000000,24.415698503989,1975.383830147674
58.750000000000,58.750000000000,24.410791290575,1976.604492392538
58.800000000000,58.800000000000,24.405884077161,1977.824909276731
58.850000000000,58.850000000000,24.400976863746,1979.045080800254
58.900000000000,58.900000000000,24.396069650331,1980.265006963106
58.950000000000,58.950000000000,24.391162436916,1981.484687765287
59.000000000000,59.000000000000,24.386255223500,1982.704123206797
59.050000000000,59.050000000000,24.381348010083,1983.923313287637
59.054722222222,59.054722222222,24.380884551038,1984.038446336734
59.100000000000,59.100000000000,24.377474260013,1985.142281404268
59.150000000000,59.150000000000,24.373708294464,1986.361060968130
59.200000000000,59.200000000000,24.369942328915,1987.579652233714
59.250000000000,59.250000000000,24.366176363365,1988.798055201021
59.300000000000,59.300000000000,24.362410397815,1990.016269870051
59.350000000000,59.350000000000,24.358644432265,1991.234296240803
59.400000000000,59.400000000000,24.354878466715,1992.452134313277
59.450000000000,59.450000000000,24.351112501164,1993.669784087474
59.500000000000,59.500000000000,24.347346535614,1994.887245563394
59.550000000000,59.550000000000,24.343580570063,1996.104518741035
59.600000000000,59.600000000000,24.339814604512,1997.321603620400
59.650000000000,59.650000000000,24.336048638960,1998.538500201487
59.700000000000,59.700000000000,24.332282673409,1999.755208484296
59.750000000000,59.750000000000,24.328516707857,2000.971728468827
59.800000000000,59.800000000000,24.324750742305,2002.188060155082
59.850000000000,59.850000000000,24.320984776753,2003.404203543058
59.900000000000,59.900000000000,24.317218811201,2004.620158632757
59.950000000000,59.950000000000,24.313452845648,2005.835925424178
60.000000000000,60.000000000000,24.309686880096,2007.051503917322
60.050000000000,60.050000000000,24.305920914543,2008.266894112188
60.054722222222,60.054722222222,24.305565240018,2008.381671232270
60.100000000000,60.100000000000,24.303262233698,2009.482121076472
60.150000000000,60.150000000000,24.300719036535,2010.697220608227
60.200000000000,60.200000000000,24.298175839371,2011.912192980125
60.250000000000,60.250000000000,24.295632642207,2013.127038192164
60.300000000000,60.300000000000,24.293089445044,2014.341756244346
60.350000000000,60.350000000000,24.290546247880,2015.556347136669
60.400000000000,60.400000000000,24.288003050716,2016.770810869134
60.450000000000,60.450000000000,24.285459853552,2017.985147441741
60.500000000000,60.500000000000,24.282916656388,2019.199356854489
60.550000000000,60.550000000000,24.280373459224,2020.413439107379
60.600000000000,60.600000000000,24.277830262059,2021.627394200411
60.650000000000,60.650000000000,24.275287064895,2022.841222133585
60.700000000000,60.700000000000,24.272743867731,2024.054922906901
60.750000000000,60.750000000000,24.270200670566,2025.268496520358
60.800000000000,60.800000000000,24.267657473401,2026.481942973958
60.850000000000,60.850000000000,24.265114276237,2027.695262267699
60.900000000000,60.900000000000,24.262571079072,2028.908454401581
60.950000000000,60.950000000000,24.260027881907,2030.121519375606
61.000000000000,61.000000000000,24.257484684743,2031.334457189772
61.050000000000,61.050000000000,24.254941487578,2032.547267844080
61.054722222222,61.054722222222,24.254701296734,2032.661804500648
61.100000000000,61.100000000000,24.252297739145,2033.759949062161
61.150000000000,61.150000000000,24.249643503771,2034.972497593234
61.200000000000,61.200000000000,24.246989268397,2036.184913412538
61.250000000000,61.250000000000,24.244335033023,2037.397196520073
61.300000000000,61.300000000000,24.241680797648,2038.609346915840
61.350000000000,61.350000000000,24.239026562273,2039.821364599838
61.400000000000,61.400000000000,24.236372326899,2041.033249572067
61.450000000000,61.450000000000,24.233718091524,2042.245001832528
61.500000000000,61.500000000000,24.231063856149,2043.456621381220
61.550000000000,61.550000000000,24.228409620774,2044.668108218143
61.600000000000,61.600000000000,24.225755385399,2045.879462343297
61.650000000000,61.650000000000,24.223101150024,2047.090683756683
61.700000000000,61.700000000000,24.220446914649,2048.301772458300
61.750000000000,61.750000000000,24.217792679274,2049.512728448148
61.800000000000,61.800000000000,24.215138443898,2050.723551726227
61.850000000000,61.850000000000,24.212484208523,2051.934242292538
61.900000000000,61.900000000000,24.209829973147,2053.144800147079
61.950000000000,61.950000000000,24.207175737772,2054.355225289853
62.000000000000,62.000000000000,24.204521502396,2055.565517720857
62.050000000000,62.050000000000,24.201867267020,2056.775677440092
62.054722222222,62.054722222222,24.201616589235,2056.889963443637
62.100000000000,62.100000000000,24.198228037950,2057.985682148396
62.150000000000,62.150000000000,24.194486079476,2059.195500001332
62.200000000000,62.200000000000,24.190744121002,2060.405130756344
62.250000000000,62.250000000000,24.187002162527,2061.614574413432
62.300000000000,62.300000000000,24.183260204053,2062.823830972596
62.350000000000,62.350000000000,24.179518245578,2064.032900433837
62.400000000000,62.400000000000,24.175776287103,2065.241782797154
62.450000000000,62.450000000000,24.172034328627,2066.450478062548
62.500000000000,62.500000000000,24.168292370152,2067.658986230017
62.550000000000,62.550000000000,24.164550411676,2068.867307299563
62.600000000000,62.600000000000,24.160808453200,2070.075441271184
62.650000000000,62.650000000000,24.157066494724,2071.283388144882
62.700000000000,62.700000000000,24.153324536248,2072.491147920657
62.750000000000,62.750000000000,24.149582577771,2073.698720598507
62.800000000000,62.800000000000,24.145840619295,2074.906106178434
62.850000000000,62.850000000000,24.142098660818,2076.113304660436
62.900000000000,62.900000000000,24.138356702341,2077.320316044515
62.950000000000,62.950000000000,24.134614743863,2078.527140330671
63.000000000000,63.000000000000,24.130872785386,2079.733777518902
63.050000000000,63.050000000000,24.127130826908,2080.940227609209
63.054722222222,63.054722222222,24.126777419719,2081.054160448120
63.100000000000,63.100000000000,24.123886591486,2082.146501869490
63.150000000000,63.150000000000,24.120694265830,2083.352616390923
63.200000000000,63.200000000000,24.117501940174,2084.558571296073
63.250000000000,63.250000000000,24.114309614518,2085.764366584940
63.300000000000,63.300000000000,24.111117288862,2086.970002257524
63.350000000000,63.350000000000,24.107924963206,2088.175478313826
63.400000000000,63.400000000000,24.104732637549,2089.380794753845
63.450000000000,63.450000000000,24.101540311893,2090.585951577581
63.500000000000,63.500000000000,24.098347986236,2091.790948785034
63.550000000000,63.550000000000,24.095155660579,2092.995786376205
63.600000000000,63.600000000000,24.091963334922,2094.200464351092
63.650000000000,63.650000000000,24.088771009264,2095.404982709697
63.700000000000,63.700000000000,24.085578683607,2096.609341452019
63.750000000000,63.750000000000,24.082386357950,2097.813540578058
63.800000000000,63.800000000000,24.079194032292,2099.017580087814
63.850000000000,63.850000000000,24.076001706634,2100.221459981287
63.900000000000,63.900000000000,24.072809380976,2101.425180258477
63.950000000000,63.950000000000,24.069617055318,2102.628740919385
64.000000000000,64.000000000000,24.066424729660,2103.832141964009
64.050000000000,64.050000000000,24.063232404002,2105.035383392351
64.054722222222,64.054722222222,24.062930906579,2105.149014611273
64.100000000000,64.100000000000,24.060342999966,2106.238472062219
64.150000000000,64.150000000000,24.057485188983,2107.441417766942
64.200000000000,64.200000000000,24.054627377999,2108.644220581117
64.250000000000,64.250000000000,24.051769567016,2109.846880504742
64.300000000000,64.300000000000,24.048911756032,2111.049397537818
64.350000000000,64.350000000000,24.046053945048,2112.251771680345
64.400000000000,64.400000000000,24.043196134064,2113.454002932323
64.450000000000,64.450000000000,24.040338323080,2114.656091293752
64.500000000000,64.500000000000,24.037480512096,2115.858036764631
64.550000000000,64.550000000000,24.034622701112,2117.059839344961
64.600000000000,64.600000000000,24.031764890128,2118.261499034742
64.650000000000,64.650000000000,24.028907079143,2119.463015833974
64.700000000000,64.700000000000,24.026049268159,2120.664389742657
64.750000000000,64.750000000000,24.023191457174,2121.865620760790
64.800000000000,64.800000000000,24.020333646189,2123.066708888374
64.850000000000,64.850000000000,24.017475835204,2124.267654125409
64.900000000000,64.900000000000,24.014618024219,2125.468456471895
64.950000000000,64.950000000000,24.011760213234,2126.669115927831
65.000000000000,65.000000000000,24.008902402249,2127.869632493218
65.050000000000,65.050000000000,24.006044591263,2129.070006168055
65.054722222222,65.054722222222,24.005774686893,2129.183367408013
65.100000000000,65.100000000000,24.003656158285,2130.270247578540
65.150000000000,65.150000000000,24.001316678840,2131.470371899469
65.200000000000,65.200000000000,23.998977199396,2132.670379246425
65.250000000000,65.250000000000,23.996637719952,2133.870269619408
65.300000000000,65.300000000000,23.994298240507,2135.070043018420
65.350000000000,65.350000000000,23.991958761062,2136.269699443459
65.400000000000,65.400000000000,23.989619281618,2137.469238894526
65.450000000000,65.450000000000,23.987279802173,2138.668661371621
65.500000000000,65.500000000000,23.984940322728,2139.867966874743
65.550000000000,65.550000000000,23.982600843283,2141.067155403894
65.600000000000,65.600000000000,23.980261363838,2142.266226959071
65.650000000000,65.650000000000,23.977921884393,2143.465181540278
65.700000000000,65.700000000000,23.975582404948,2144.664019147511
65.750000000000,65.750000000000,23.973242925503,2145.862739780772
65.800000000000,65.800000000000,23.970903446057,2147.061343440061
65.850000000000,65.850000000000,23.968563966612,2148.259830125378
65.900000000000,65.900000000000,23.966224487167,2149.458199836723
65.950000000000,65.950000000000,23.963885007721,2150.656452574095
66.000000000000,66.000000000000,23.961545528276,2151.854588337495
66.050000000000,66.050000000000,23.959206048830,2153.052607126922
66.054722222222,66.054722222222,23.958985097993,2153.165747300457
66.100000000000,66.100000000000,23.956777916741,2154.250506935380
66.150000000000,66.150000000000,23.954340538670,2155.448284896765
66.200000000000,66.200000000000,23.951903160600,2156.645940989247
66.250000000000,66.250000000000,23.949465782529,2157.843475212825
66.300000000000,66.300000000000,23.947028404458,2159.040887567500
66.350000000000,66.350000000000,23.944591026387,2160.238178053271
66.400000000000,66.400000000000,23.942153648316,2161.435346670139
66.450000000000,66.450000000000,23.939716270245,2162.632393418103
66.500000000000,66.500000000000,23.937278892174,2163.829318297163
66.550000000000,66.550000000000,23.934841514103,2165.026121307320
66.600000000000,66.600000000000,23.932404136031,2166.222802448573
66.650000000000,66.650000000000,23.929966757960,2167.419361720923
66.700000000000,66.700000000000,23.927529379889,2168.615799124369
66.750000000000,66.750000000000,23.925092001817,2169.812114658912
66.800000000000,66.800000000000,23.922654623746,2171.008308324551
66.850000000000,66.850000000000,23.920217245674,2172.204380121286
66.900000000000,66.900000000000,23.917779867602,2173.400330049119
66.950000000000,66.950000000000,23.915342489530,2174.596158108047
67.000000000000,67.000000000000,23.912905111458,2175.791864298072
67.050000000000,67.050000000000,23.910467733386,2176.987448619193
67.054722222222,67.054722222222,23.910237536568,2177.100358617742
67.100000000000,67.100000000000,23.905212114656,2178.182847269573
67.150000000000,67.150000000000,23.899662568986,2179.377969136665
67.200000000000,67.200000000000,23.894113023316,2180.572813526472
67.250000000000,67.250000000000,23.888563477645,2181.767380438996
67.300000000000,67.300000000000,23.883013931973,2182.961669874237
67.350000000000,67.350000000000,23.877464386301,2184.155681832193
67.400000000000,67.400000000000,23.871914840629,2185.349416312867
67.450000000000,67.450000000000,23.866365294955,2186.542873316256
67.500000000000,67.500000000000,23.860815749282,2187.736052842362
67.550000000000,67.550000000000,23.855266203608,2188.928954891184
67.600000000000,67.600000000000,23.849716657934,2190.121579462723
67.650000000000,67.650000000000,23.844167112259,2191.313926556978
67.700000000000,67.700000000000,23.838617566583,2192.505996173949
67.750000000000,67.750000000000,23.833068020907,2193.697788313636
67.800000000000,67.800000000000,23.827518475231,2194.889302976039
67.850000000000,67.850000000000,23.821968929554,2196.080540161159
67.900000000000,67.900000000000,23.816419383876,2197.271499868995
67.950000000000,67.950000000000,23.810869838198,2198.462182099547
68.000000000000,68.000000000000,23.805320292520,2199.652586852815
68.050000000000,68.050000000000,23.799770746841,2200.842714128798
68.054722222222,68.054722222222,23.799246623083,2200.955100697583
68.100000000000,68.100000000000,23.795844286690,2202.032600672351
68.150000000000,68.150000000000,23.792087105396,2203.222298957154
68.200000000000,68.200000000000,23.788329924103,2204.411809382891
68.250000000000,68.250000000000,23.784572742809,2205.601131949564
68.300000000000,68.300000000000,23.780815561515,2206.790266657172
68.350000000000,68.350000000000,23.777058380221,2207.979213505715
68.400000000000,68.400000000000,23.773301198927,2209.167972495194
68.450000000000,68.450000000000,23.769544017633,2210.356543625608
68.500000000000,68.500000000000,23.765786836338,2211.544926896957
68.550000000000,68.550000000000,23.762029655043,2212.733122309242
68.600000000000,68.600000000000,23.758272473748,2213.921129862462
68.650000000000,68.650000000000,23.754515292453,2215.108949556617
68.700000000000,68.700000000000,23.750758111157,2216.296581391707
68.750000000000,68.750000000000,23.747000929862,2217.484025367733
68.800000000000,68.800000000000,23.743243748566,2218.671281484693
68.850000000000,68.850000000000,23.739486567269,2219.858349742589
68.900000000000,68.900000000000,23.735729385973,2221.045230141420
68.950000000000,68.950000000000,23.731972204677,2222.231922681186
69.000000000000,69.000000000000,23.728215023380,2223.418427361888
69.050000000000,69.050000000000,23.724457842083,2224.604744183524
69.054722222222,69.054722222222,23.724102997183,2224.716775507723
69.100000000000,69.100000000000,23.720917684035,2225.790878059261
69.150000000000,69.150000000000,23.717400160313,2226.976836005370
69.200000000000,69.200000000000,23.713882636591,2228.162618075292
69.250000000000,69.250000000000,23.710365112869,2229.348224269029
69.300000000000,69.300000000000,23.706847589146,2230.533654586579
69.350000000000,69.350000000000,23.703330065424,2231.718909027943
69.400000000000,69.400000000000,23.699812541701,2232.903987593122
69.450000000000,69.450000000000,23.696295017978,2234.088890282113
69.500000000000,69.500000000000,23.692777494255,2235.273617094919
69.550000000000,69.550000000000,23.689259970532,2236.458168031539
69.600000000000,69.600000000000,23.685742446808,2237.642543091972
69.650000000000,69.650000000000,23.682224923085,2238.826742276220
69.700000000000,69.700000000000,23.678707399361,2240.010765584281
69.750000000000,69.750000000000,23.675189875637,2241.194613016155
69.800000000000,69.800000000000,23.671672351913,2242.378284571844
69.850000000000,69.850000000000,23.668154828189,2243.561780251347
69.900000000000,69.900000000000,23.664637304464,2244.745100054663
69.950000000000,69.950000000000,23.661119780740,2245.928243981793
70.000000000000,70.000000000000,23.657602257015,2247.111212032737
70.050000000000,70.050000000000,23.654084733290,2248.294004207494
70.054722222222,70.054722222222,23.653752522716,2248.405703267677
70.100000000000,70.100000000000,23.651123631822,2249.476633102847
70.150000000000,70.150000000000,23.648220562123,2250.659116707696
70.200000000000,70.200000000000,23.645317492424,2251.841455159060
70.250000000000,70.250000000000,23.642414422725,2253.023648456939
70.300000000000,70.300000000000,23.639511353025,2254.205696601332
70.350000000000,70.350000000000,23.636608283326,2255.387599592241
70.400000000000,70.400000000000,23.633705213626,2256.569357429665
70.450000000000,70.450000000000,23.630802143927,2257.750970113604
70.500000000000,70.500000000000,23.627899074227,2258.932437644058
70.550000000000,70.550000000000,23.624996004527,2260.113760021026
70.600000000000,70.600000000000,23.622092934827,2261.294937244510
70.650000000000,70.650000000000,23.619189865127,2262.475969314509
70.700000000000,70.700000000000,23.616286795426,2263.656856231023
70.750000000000,70.750000000000,23.613383725726,2264.837597994052
70.800000000000,70.800000000000,23.610480656026,2266.018194603595
70.850000000000,70.850000000000,23.607577586325,2267.198646059654
70.900000000000,70.900000000000,23.604674516624,2268.378952362228
70.950000000000,70.950000000000,23.601771446923,2269.559113511317
71.000000000000,71.000000000000,23.598868377222,2270.739129506921
71.050000000000,71.050000000000,23.595965307521,2271.919000349039
71.054722222222,71.054722222222,23.595691128716,2272.030425093397
71.100000000000,71.100000000000,23.590217600238,2273.098661638238
71.150000000000,71.150000000000,23.584173212961,2274.278021408568
71.200000000000,71.200000000000,23.578128825683,2275.457078959535
71.250000000000,71.250000000000,23.572084438405,2276.635834291137
71.300000000000,71.300000000000,23.566040051126,2277.814287403375
71.350000000000,71.350000000000,23.559995663847,2278.992438296249
71.400000000000,71.400000000000,23.553951276567,2280.170286969760
71.450000000000,71.450000000000,23.547906889286,2281.347833423906
71.500000000000,71.500000000000,23.541862502005,2282.525077658688
71.550000000000,71.550000000000,23.535818114723,2283.702019674106
71.600000000000,71.600000000000,23.529773727441,2284.878659470161
71.650000000000,71.650000000000,23.523729340158,2286.054997046851
71.700000000000,71.700000000000,23.517684952874,2287.231032404177
71.750000000000,71.750000000000,23.511640565590,2288.406765542139
71.800000000000,71.800000000000,23.505596178306,2289.582196460736
71.850000000000,71.850000000000,23.499551791020,2290.757325159969
71.900000000000,71.900000000000,23.493507403735,2291.932151639838
71.950000000000,71.950000000000,23.487463016448,2293.106675900342
72.000000000000,72.000000000000,23.481418629161,2294.280897941483
72.050000000000,72.050000000000,23.475374241873,2295.454817763258
72.054722222222,72.054722222222,23.474803383074,2295.565672349312
72.100000000000,72.100000000000,23.471388908910,2296.628481980372
72.150000000000,72.150000000000,23.467618323944,2297.801957161194
72.200000000000,72.200000000000,23.463847738977,2298.975243812767
72.250000000000,72.250000000000,23.460077154010,2300.148341935091
72.300000000000,72.300000000000,23.456306569043,2301.321251528168
72.350000000000,72.350000000000,23.452535984076,2302.493972591995
72.400000000000,72.400000000000,23.448765399109,2303.666505126575
72.450000000000,72.450000000000,23.444994814141,2304.838849131906
72.500000000000,72.500000000000,23.441224229173,2306.011004607989
72.550000000000,72.550000000000,23.437453644205,2307.182971554824
72.600000000000,72.600000000000,23.433683059237,2308.354749972410
72.650000000000,72.650000000000,23.429912474269,2309.526339860748
72.700000000000,72.700000000000,23.426141889300,2310.697741219837
72.750000000000,72.750000000000,23.422371304331,2311.868954049678
72.800000000000,72.800000000000,23.418600719362,2313.039978350270
72.850000000000,72.850000000000,23.414830134393,2314.210814121614
72.900000000000,72.900000000000,23.411059549424,2315.381461363710
72.950000000000,72.950000000000,23.407288964454,2316.551920076557
73.000000000000,73.000000000000,23.403518379484,2317.722190260155
73.050000000000,73.050000000000,23.399747794514,2318.892271914505
73.054722222222,73.054722222222,23.399391683712,2319.002769882712
73.100000000000,73.100000000000,23.397076977138,2320.062189937123
73.150000000000,73.150000000000,23.394520859449,2321.231979883038
73.200000000000,73.200000000000,23.391964741760,2322.401642023068
73.250000000000,73.250000000000,23.389408624071,2323.571176357214
73.300000000000,73.300000000000,23.386852506382,2324.740582885475
73.350000000000,73.350000000000,23.384296388692,2325.909861607852
73.400000000000,73.400000000000,23.381740271003,2327.079012524344
73.450000000000,73.450000000000,23.379184153313,2328.248035634952
73.500000000000,73.500000000000,23.376628035624,2329.416930939675
73.550000000000,73.550000000000,23.374071917934,2330.585698438514
73.600000000000,73.600000000000,23.371515800244,2331.754338131469
73.650000000000,73.650000000000,23.368959682554,2332.922850018539
73.700000000000,73.700000000000,23.366403564864,2334.091234099724
73.750000000000,73.750000000000,23.363847447174,2335.259490375025
73.800000000000,73.800000000000,23.361291329484,2336.427618844441
73.850000000000,73.850000000000,23.358735211794,2337.595619507973
73.900000000000,73.900000000000,23.356179094104,2338.763492365621
73.950000000000,73.950000000000,23.353622976414,2339.931237417383
74.000000000000,74.000000000000,23.351066858723,2341.098854663262
74.050000000000,74.050000000000,23.348510741033,2342.266344103256
74.054722222222,74.054722222222,23.348269329917,2342.376600389529
74.100000000000,74.100000000000,23.346058734221,2343.433708094319
74.150000000000,74.150000000000,23.343617585600,2344.600950002315
74.200000000000,74.200000000000,23.341176436978,2345.768069852879
74.250000000000,74.250000000000,23.338735288356,2346.935067646013
74.300000000000,74.300000000000,23.336294139734,2348.101943381715
74.350000000000,74.350000000000,23.333852991112,2349.268697059986
74.400000000000,74.400000000000,23.331411842490,2350.435328680826
74.450000000000,74.450000000000,23.328970693868,2351.601838244235
74.500000000000,74.500000000000,23.326529545245,2352.768225750212
74.550000000000,74.550000000000,23.324088396623,2353.934491198759
74.600000000000,74.600000000000,23.321647248001,2355.100634589875
74.650000000000,74.650000000000,23.319206099378,2356.266655923559
74.700000000000,74.700000000000,23.316764950755,2357.432555199812
74.750000000000,74.750000000000,23.314323802133,2358.598332418635
74.800000000000,74.800000000000,23.311882653510,2359.763987580026
74.850000000000,74.850000000000,23.309441504887,2360.929520683985
74.900000000000,74.900000000000,23.307000356264,2362.094931730514
74.950000000000,74.950000000000,23.304559207641,2363.260220719612
75.000000000000,75.000000000000,23.302118059018,2364.425387651278
75.050000000000,75.050000000000,23.299676910395,2365.590432525514
75.054722222222,75.054722222222,23.299446357470,2365.700458233224
75.100000000000,75.100000000000,23.296459643097,2366.755337771853
75.150000000000,75.150000000000,23.293161430906,2367.920078298704
75.200000000000,75.200000000000,23.289863218714,2369.084653914944
75.250000000000,75.250000000000,23.286565006523,2370.249064620575
75.300000000000,75.300000000000,23.283266794331,2371.413310415596
75.350000000000,75.350000000000,23.279968582139,2372.577391300008
75.400000000000,75.400000000000,23.276670369948,2373.741307273810
75.450000000000,75.450000000000,23.273372157755,2374.905058337003
75.500000000000,75.500000000000,23.270073945563,2376.068644489586
75.550000000000,75.550000000000,23.266775733371,2377.232065731559
75.600000000000,75.600000000000,23.263477521178,2378.395322062923
75.650000000000,75.650000000000,23.260179308986,2379.558413483677
75.700000000000,75.700000000000,23.256881096793,2380.721339993821
75.750000000000,75.750000000000,23.253582884600,2381.884101593356
75.800000000000,75.800000000000,23.250284672406,2383.046698282281
75.850000000000,75.850000000000,23.246986460213,2384.209130060597
75.900000000000,75.900000000000,23.243688248020,2385.371396928303
75.950000000000,75.950000000000,23.240390035826,2386.533498885399
76.000000000000,76.000000000000,23.237091823632,2387.695435931885
76.050000000000,76.050000000000,23.233793611438,2388.857208067762
76.054722222222,76.054722222222,23.233482113620,2388.966922468774
76.100000000000,76.100000000000,23.227785459595,2390.018753943006
76.150000000000,76.150000000000,23.221494676008,2391.179985946397
76.200000000000,76.200000000000,23.215203892421,2392.340903410608
76.250000000000,76.250000000000,23.208913108834,2393.501506335639
76.300000000000,76.300000000000,23.202622325245,2394.661794721491
76.350000000000,76.350000000000,23.196331541656,2395.821768568163
76.400000000000,76.400000000000,23.190040758067,2396.981427875657
76.450000000000,76.450000000000,23.183749974477,2398.140772643970
76.500000000000,76.500000000000,23.177459190886,2399.299802873104
76.550000000000,76.550000000000,23.171168407294,2400.458518563059
76.600000000000,76.600000000000,23.164877623702,2401.616919713833
76.650000000000,76.650000000000,23.158586840110,2402.775006325429
76.700000000000,76.700000000000,23.152296056516,2403.932778397844
76.750000000000,76.750000000000,23.146005272922,2405.090235931080
76.800000000000,76.800000000000,23.139714489328,2406.247378925137
76.850000000000,76.850000000000,23.133423705732,2407.404207380013
76.900000000000,76.900000000000,23.127132922137,2408.560721295710
76.950000000000,76.950000000000,23.120842138540,2409.716920672227
77.000000000000,77.000000000000,23.114551354943,2410.872805509564
77.050000000000,77.050000000000,23.108260571345,2412.028375807721
77.054722222222,77.054722222222,23.107666441783,2412.137496746497
77.100000000000,77.100000000000,23.102920350146,2413.183653086375
77.150000000000,77.150000000000,23.097679267355,2414.338668076813
77.200000000000,77.200000000000,23.092438184564,2415.493421013111
77.250000000000,77.250000000000,23.087197101773,2416.647911895269
77.300000000000,77.300000000000,23.081956018981,2417.802140723288
77.350000000000,77.350000000000,23.076714936189,2418.956107497168
77.400000000000,77.400000000000,23.071473853397,2420.109812216907
77.450000000000,77.450000000000,23.066232770604,2421.263254882507
77.500000000000,77.500000000000,23.060991687811,2422.416435493968
77.550000000000,77.550000000000,23.055750605017,2423.569354051288
77.600000000000,77.600000000000,23.050509522223,2424.722010554469
77.650000000000,77.650000000000,23.045268439429,2425.874405003511
77.700000000000,77.700000000000,23.040027356634,2427.026537398412
77.750000000000,77.750000000000,23.034786273839,2428.178407739174
77.800000000000,77.800000000000,23.029545191044,2429.330016025796
77.850000000000,77.850000000000,23.024304108248,2430.481362258278
77.900000000000,77.900000000000,23.019063025451,2431.632446436621
77.950000000000,77.950000000000,23.013821942655,2432.783268560824
78.000000000000,78.000000000000,23.008580859858,2433.933828630887
78.050000000000,78.050000000000,23.003339777060,2435.084126646810
78.054722222222,78.054722222222,23.002844785907,2435.192752360356
78.100000000000,78.100000000000,22.996828651319,2436.234133856231
78.150000000000,78.150000000000,22.990185067111,2437.383809199192
78.200000000000,78.200000000000,22.983541482902,2438.533152362943
78.250000000000,78.250000000000,22.976897898693,2439.682163347483
78.300000000000,78.300000000000,22.970254314483,2440.830842152812
78.350000000000,78.350000000000,22.963610730273,2441.979188778931
78.400000000000,78.400000000000,22.956967146061,2443.127203225840
78.450000000000,78.450000000000,22.950323561849,2444.274885493538
78.500000000000,78.500000000000,22.943679977637,2445.422235582025
78.550000000000,78.550000000000,22.937036393423,2446.569253491301
78.600000000000,78.600000000000,22.930392809210,2447.715939221367
78.650000000000,78.650000000000,22.923749224995,2448.862292772223
78.700000000000,78.700000000000,22.917105640780,2450.008314143867
78.750000000000,78.750000000000,22.910462056564,2451.154003336300
78.800000000000,78.800000000000,22.903818472348,2452.299360349523
78.850000000000,78.850000000000,22.897174888131,2453.444385183535
78.900000000000,78.900000000000,22.890531303913,2454.589077838336
78.950000000000,78.950000000000,22.883887719694,2455.733438313926
79.000000000000,79.000000000000,22.877244135475,2456.877466610305
79.050000000000,79.050000000000,22.870600551256,2458.021162727473
79.054722222222,79.054722222222,22.869973101635,2458.129161304149
79.100000000000,79.100000000000,22.865498890195,2459.164561572858
79.150000000000,79.150000000000,22.860558043205,2460.307712996193
79.200000000000,79.200000000000,22.855617196215,2461.450617377179
79.250000000000,79.250000000000,22.850676349224,2462.593274715815
79.300000000000,79.300000000000,22.845735502234,2463.735685012101
79.350000000000,79.350000000000,22.840794655243,2464.877848266038
79.400000000000,79.400000000000,22.835853808251,2466.019764477626
79.450000000000,79.450000000000,22.830912961260,2467.161433646863
79.500000000000,79.500000000000,22.825972114268,2468.302855773752
79.550000000000,79.550000000000,22.821031267275,2469.444030858290
79.600000000000,79.600000000000,22.816090420283,2470.584958900479
79.650000000000,79.650000000000,22.811149573290,2471.725639900319
79.700000000000,79.700000000000,22.806208726296,2472.866073857809
79.750000000000,79.750000000000,22.801267879303,2474.006260772949
79.800000000000,79.800000000000,22.796327032309,2475.146200645739
79.850000000000,79.850000000000,22.791386185314,2476.285893476180
79.900000000000,79.900000000000,22.786445338320,2477.425339264271
79.950000000000,79.950000000000,22.781504491325,2478.564538010012
80.000000000000,80.000000000000,22.776563644330,2479.703489713403
80.050000000000,80.050000000000,22.771622797334,2480.842194374445
80.054722222222,80.054722222222,22.771156161784,2480.949725935871
80.100000000000,80.100000000000,22.765569180664,2481.980626801268
80.150000000000,80.150000000000,22.759399508261,2483.118751018491
80.200000000000,80.200000000000,22.753229835857,2484.256566752094
80.250000000000,80.250000000000,22.747060163453,2485.394074002077
80.300000000000,80.300000000000,22.740890491048,2486.531272768439
80.350000000000,80.350000000000,22.734720818642,2487.668163051181
80.400000000000,80.400000000000,22.728551146236,2488.804744850303
80.450000000000,80.450000000000,22.722381473830,2489.941018165805
80.500000000000,80.500000000000,22.716211801423,2491.076982997686
80.550000000000,80.550000000000,22.710042129015,2492.212639345947
80.600000000000,80.600000000000,22.703872456607,2493.347987210588
80.650000000000,80.650000000000,22.697702784199,2494.483026591608
80.700000000000,80.700000000000,22.691533111790,2495.617757489008
80.750000000000,80.750000000000,22.685363439380,2496.752179902787
80.800000000000,80.800000000000,22.679193766970,2497.886293832945
80.850000000000,80.850000000000,22.673024094559,2499.020099279483
80.900000000000,80.900000000000,22.666854422148,2500.153596242401
80.950000000000,80.950000000000,22.660684749736,2501.286784721698
81.000000000000,81.000000000000,22.654515077323,2502.419664717375
81.050000000000,81.050000000000,22.648345404910,2503.552236229430
81.054722222222,81.054722222222,22.647762713627,2503.659185373594
81.100000000000,81.100000000000,22.643158079248,2504.684521497104
81.150000000000,81.150000000000,22.638073206927,2505.816552279259
81.200000000000,81.200000000000,22.632988334606,2506.948328817798
81.250000000000,81.250000000000,22.627903462284,2508.079851112720
81.300000000000,81.300000000000,22.622818589963,2509.211119164026
81.350000000000,81.350000000000,22.617733717640,2510.342132971716
81.400000000000,81.400000000000,22.612648845318,2511.472892535790
81.450000000000,81.450000000000,22.607563972995,2512.603397856248
81.500000000000,81.500000000000,22.602479100672,2513.733648933089
81.550000000000,81.550000000000,22.597394228348,2514.863645766315
81.600000000000,81.600000000000,22.592309356024,2515.993388355924
81.650000000000,81.650000000000,22.587224483700,2517.122876701917
81.700000000000,81.700000000000,22.582139611375,2518.252110804294
81.750000000000,81.750000000000,22.577054739050,2519.381090663054
81.800000000000,81.800000000000,22.571969866725,2520.509816278199
81.850000000000,81.850000000000,22.566884994399,2521.638287649727
81.900000000000,81.900000000000,22.561800122073,2522.766504777639
81.950000000000,81.950000000000,22.556715249747,2523.894467661934
82.000000000000,82.000000000000,22.551630377420,2525.022176302613
82.050000000000,82.050000000000,22.546545505093,2526.149630699676
82.054722222222,82.054722222222,22.546065267151,2526.256099363995
82.100000000000,82.100000000000,22.541516442492,2527.276832116593
82.150000000000,82.150000000000,22.536493200536,2528.403782357669
82.200000000000,82.200000000000,22.531469958580,2529.530481436646
82.250000000000,82.250000000000,22.526446716624,2530.656929353526
82.300000000000,82.300000000000,22.521423474668,2531.783126108308
82.350000000000,82.350000000000,22.516400232711,2532.909071700993
82.400000000000,82.400000000000,22.511376990754,2534.034766131580
82.450000000000,82.450000000000,22.506353748796,2535.160209400068
82.500000000000,82.500000000000,22.501330506838,2536.285401506459
82.550000000000,82.550000000000,22.496307264880,2537.410342450752
82.600000000000,82.600000000000,22.491284022921,2538.535032232947
82.650000000000,82.650000000000,22.486260780962,2539.659470853044
82.700000000000,82.700000000000,22.481237539003,2540.783658311043
82.750000000000,82.750000000000,22.476214297043,2541.907594606944
82.800000000000,82.800000000000,22.471191055083,2543.031279740747
82.850000000000,82.850000000000,22.466167813123,2544.154713712453
82.900000000000,82.900000000000,22.461144571162,2545.277896522060
82.950000000000,82.950000000000,22.456121329202,2546.400828169569
83.000000000000,83.000000000000,22.451098087240,2547.523508654980
83.050000000000,83.050000000000,22.446074845279,2548.645937978293
83.054722222222,83.054722222222,22.445600427982,2548.751932211572
83.100000000000,83.100000000000,22.439259985098,2549.768075579262
83.150000000000,83.150000000000,22.432258269028,2550.889863535615
83.200000000000,83.200000000000,22.425256552958,2552.011301406165
83.250000000000,83.250000000000,22.418254836887,2553.132389190911
83.300000000000,83.300000000000,22.411253120816,2554.253126889853
83.350000000000,83.350000000000,22.404251404744,2555.373514502992
83.400000000000,83.400000000000,22.397249688671,2556.493552030328
83.450000000000,83.450000000000,22.390247972597,2557.613239471860
83.500000000000,83.500000000000,22.383246256523,2558.732576827588
83.550000000000,83.550000000000,22.376244540448,2559.851564097512
83.600000000000,83.600000000000,22.369242824372,2560.970201281632
83.650000000000,83.650000000000,22.362241108296,2562.088488379949
83.700000000000,83.700000000000,22.355239392219,2563.206425392462
83.750000000000,83.750000000000,22.348237676141,2564.324012319171
83.800000000000,83.800000000000,22.341235960063,2565.441249160076
83.850000000000,83.850000000000,22.334234243984,2566.558135915177
83.900000000000,83.900000000000,22.327232527904,2567.674672584475
83.950000000000,83.950000000000,22.320230811824,2568.790859167968
84.000000000000,84.000000000000,22.313229095742,2569.906695665657
84.050000000000,84.050000000000,22.306227379661,2571.022182077542
84.054722222222,84.054722222222,22.305566106475,2571.127515478824
84.100000000000,84.100000000000,22.301105239487,2572.137360955133
84.150000000000,84.150000000000,22.296179128703,2573.252293064338
84.200000000000,84.200000000000,22.291253017918,2574.366978868004
84.250000000000,84.250000000000,22.286326907133,2575.481418366130
84.300000000000,84.300000000000,22.281400796347,2576.595611558716
84.350000000000,84.350000000000,22.276474685562,2577.709558445764
84.400000000000,84.400000000000,22.271548574776,2578.823259027273
84.450000000000,84.450000000000,22.266622463989,2579.936713303242
84.500000000000,84.500000000000,22.261696353203,2581.049921273672
84.550000000000,84.550000000000,22.256770242416,2582.162882938562
84.600000000000,84.600000000000,22.251844131629,2583.275598297913
84.650000000000,84.650000000000,22.246918020841,2584.388067351725
84.700000000000,84.700000000000,22.241991910053,2585.500290099998
84.750000000000,84.750000000000,22.237065799265,2586.612266542731
84.800000000000,84.800000000000,22.232139688477,2587.723996679924
84.850000000000,84.850000000000,22.227213577688,2588.835480511578
84.900000000000,84.900000000000,22.222287466899,2589.946718037693
84.950000000000,84.950000000000,22.217361356109,2591.057709258268
85.000000000000,85.000000000000,22.212435245320,2592.168454173304
85.050000000000,85.050000000000,22.207509134530,2593.278952782800
85.054722222222,85.054722222222,22.207043890733,2593.383820477438
85.100000000000,85.100000000000,22.200676997045,2594.389161936430
85.150000000000,85.150000000000,22.193646071500,2595.499020013144
85.200000000000,85.200000000000,22.186615145954,2596.608526543580
85.250000000000,85.250000000000,22.179584220408,2597.717681527739
85.300000000000,85.300000000000,22.172553294860,2598.826484965621
85.350000000000,85.350000000000,22.165522369313,2599.934936857225
85.400000000000,85.400000000000,22.158491443764,2601.043037202552
85.450000000000,85.450000000000,22.151460518215,2602.150786001601
85.500000000000,85.500000000000,22.144429592665,2603.258183254373
85.550000000000,85.550000000000,22.137398667114,2604.365228960868
85.600000000000,85.600000000000,22.130367741563,2605.471923121084
85.650000000000,85.650000000000,22.123336816011,2606.578265735024
85.700000000000,85.700000000000,22.116305890458,2607.684256802685
85.750000000000,85.750000000000,22.109274964905,2608.789896324070
85.800000000000,85.800000000000,22.102244039351,2609.895184299176
85.850000000000,85.850000000000,22.095213113796,2611.000120728005
85.900000000000,85.900000000000,22.088182188241,2612.104705610556
85.950000000000,85.950000000000,22.081151262685,2613.208938946829
86.000000000000,86.000000000000,22.074120337128,2614.312820736824
86.050000000000,86.050000000000,22.067089411571,2615.416350980542
86.054722222222,86.054722222222,22.066425379713,2615.520555112683
86.100000000000,86.100000000000,22.060739557709,2616.519545096688
86.150000000000,86.150000000000,22.054460735863,2617.622425104027
86.200000000000,86.200000000000,22.048181914017,2618.724991170274
86.250000000000,86.250000000000,22.041903092171,2619.827243295429
86.300000000000,86.300000000000,22.035624270324,2620.929181479491
86.350000000000,86.350000000000,22.029345448476,2622.030805722462
86.400000000000,86.400000000000,22.023066626628,2623.132116024339
86.450000000000,86.450000000000,22.016787804780,2624.233112385125
86.500000000000,86.500000000000,22.010508982931,2625.333794804817
86.550000000000,86.550000000000,22.004230161081,2626.434163283418
86.600000000000,86.600000000000,21.997951339231,2627.534217820925
86.650000000000,86.650000000000,21.991672517381,2628.633958417341
86.700000000000,86.700000000000,21.985393695530,2629.733385072663
86.750000000000,86.750000000000,21.979114873678,2630.832497786893
86.800000000000,86.800000000000,21.972836051827,2631.931296560031
86.850000000000,86.850000000000,21.966557229974,2633.029781392076
86.900000000000,86.900000000000,21.960278408121,2634.127952283029
86.950000000000,86.950000000000,21.953999586268,2635.225809232888
87.000000000000,87.000000000000,21.947720764414,2636.323352241655
87.050000000000,87.050000000000,21.941441942559,2637.420581309329
87.054722222222,87.054722222222,21.940848942717,2637.524192273915
87.100000000000,87.100000000000,21.935010931343,2638.517492990513
87.150000000000,87.150000000000,21.928564047616,2639.614082364987
87.200000000000,87.200000000000,21.922117163889,2640.710349395275
87.250000000000,87.250000000000,21.915670280161,2641.806294081376
87.300000000000,87.300000000000,21.909223396432,2642.901916423290
87.350000000000,87.350000000000,21.902776512704,2643.997216421019
87.400000000000,87.400000000000,21.896329628974,2645.092194074561
87.450000000000,87.450000000000,21.889882745244,2646.186849383917
87.500000000000,87.500000000000,21.883435861514,2647.281182349086
87.550000000000,87.550000000000,21.876988977783,2648.375192970068
87.600000000000,87.600000000000,21.870542094052,2649.468881246864
87.650000000000,87.650000000000,21.864095210320,2650.562247179474
87.700000000000,87.700000000000,21.857648326587,2651.655290767896
87.750000000000,87.750000000000,21.851201442854,2652.748012012132
87.800000000000,87.800000000000,21.844754559121,2653.840410912182
87.850000000000,87.850000000000,21.838307675387,2654.932487468044
87.900000000000,87.900000000000,21.831860791653,2656.024241679720
87.950000000000,87.950000000000,21.825413907918,2657.115673547210
88.000000000000,88.000000000000,21.818967024182,2658.206783070512
88.050000000000,88.050000000000,21.812520140446,2659.297570249627
88.054722222222,88.054722222222,21.811911268094,2659.400572379337
88.100000000000,88.100000000000,21.806603811753,2660.388047095733
88.150000000000,88.150000000000,21.800742817022,2661.478230761452
88.200000000000,88.200000000000,21.794881822289,2662.568121377435
88.250000000000,88.250000000000,21.789020827557,2663.657718943681
88.300000000000,88.300000000000,21.783159832824,2664.747023460191
88.350000000000,88.350000000000,21.777298838090,2665.836034926963
88.400000000000,88.400000000000,21.771437843357,2666.924753344000
88.450000000000,88.450000000000,21.765576848622,2668.013178711299
88.500000000000,88.500000000000,21.759715853888,2669.101311028862
88.550000000000,88.550000000000,21.753854859153,2670.189150296688
88.600000000000,88.600000000000,21.747993864417,2671.276696514777
88.650000000000,88.650000000000,21.742132869681,2672.363949683130
88.700000000000,88.700000000000,21.736271874945,2673.450909801745
88.750000000000,88.750000000000,21.730410880208,2674.537576870624
88.800000000000,88.800000000000,21.724549885471,2675.623950889766
88.850000000000,88.850000000000,21.718688890733,2676.710031859171
88.900000000000,88.900000000000,21.712827895996,2677.795819778839
88.950000000000,88.950000000000,21.706966901257,2678.881314648771
89.000000000000,89.000000000000,21.701105906518,2679.966516468965
89.050000000000,89.050000000000,21.695244911779,2681.051425239422
89.054722222222,89.054722222222,21.694691373387,2681.153873700091
89.100000000000,89.100000000000,21.690502354267,2682.136066280319
89.150000000000,89.150000000000,21.685876443582,2683.220475750265
89.200000000000,89.200000000000,21.681250532897,2684.304653924677
89.250000000000,89.250000000000,21.676624622212,2685.388600803555
89.300000000000,89.300000000000,21.671998711526,2686.472316386898
89.350000000000,89.350000000000,21.667372800840,2687.555800674707
89.400000000000,89.400000000000,21.662746890154,2688.639053666982
89.450000000000,89.450000000000,21.658120979468,2689.722075363723
89.500000000000,89.500000000000,21.653495068782,2690.804865764929
89.550000000000,89.550000000000,21.648869158095,2691.887424870601
89.600000000000,89.600000000000,21.644243247408,2692.969752680739
89.650000000000,89.650000000000,21.639617336721,2694.051849195342
89.700000000000,89.700000000000,21.634991426033,2695.133714414411
89.750000000000,89.750000000000,21.630365515346,2696.215348337945
89.800000000000,89.800000000000,21.625739604658,2697.296750965945
89.850000000000,89.850000000000,21.621113693970,2698.377922298411
89.900000000000,89.900000000000,21.616487783281,2699.458862335342
89.950000000000,89.950000000000,21.611861872593,2700.539571076739
90.000000000000,90.000000000000,21.607235961904,2701.620048522602
90.050000000000,90.050000000000,21.602610051215,2702.700294672930
90.054722222222,90.054722222222,21.602173159650,2702.802305966617
90.100000000000,90.100000000000,21.593957557147,2703.780218370350
90.150000000000,90.150000000000,21.584885112664,2704.859689437095
90.200000000000,90.200000000000,21.575812668180,2705.938706881616
90.250000000000,90.250000000000,21.566740223695,2707.017270703913
90.300000000000,90.300000000000,21.557667779209,2708.095380903986
90.350000000000,90.350000000000,21.548595334722,2709.173037481834
90.400000000000,90.400000000000,21.539522890234,2710.250240437458
90.450000000000,90.450000000000,21.530450445745,2711.326989770857
90.500000000000,90.500000000000,21.521378001254,2712.403285482033
90.550000000000,90.550000000000,21.512305556763,2713.479127570983
90.600000000000,90.600000000000,21.503233112271,2714.554516037709
90.650000000000,90.650000000000,21.494160667777,2715.629450882210
90.700000000000,90.700000000000,21.485088223283,2716.703932104487
90.750000000000,90.750000000000,21.476015778787,2717.777959704538
90.800000000000,90.800000000000,21.466943334290,2718.851533682365
90.850000000000,90.850000000000,21.457870889793,2719.924654037967
90.900000000000,90.900000000000,21.448798445294,2720.997320771345
90.950000000000,90.950000000000,21.439726000794,2722.069533882497
91.000000000000,91.000000000000,21.430653556293,2723.141293371424
91.050000000000,91.050000000000,21.421581111791,2724.212599238126
91.054722222222,91.054722222222,21.420724269810,2724.313754681383
91.100000000000,91.100000000000,21.415195060022,2725.283512299549
91.150000000000,91.150000000000,21.409089184181,2726.354119405655
91.200000000000,91.200000000000,21.402983308341,2727.424421217968
91.250000000000,91.250000000000,21.396877432500,2728.494417736489
91.300000000000,91.300000000000,21.390771556658,2729.564108961218
91.350000000000,91.350000000000,21.384665680816,2730.633494892154
91.400000000000,91.400000000000,21.378559804973,2731.702575529299
91.450000000000,91.450000000000,21.372453929131,2732.771350872652
91.500000000000,91.500000000000,21.366348053288,2733.839820922212
91.550000000000,91.550000000000,21.360242177444,2734.907985677980
91.600000000000,91.600000000000,21.354136301600,2735.975845139957
91.650000000000,91.650000000000,21.348030425756,2737.043399308141
91.700000000000,91.700000000000,21.341924549911,2738.110648182532
91.750000000000,91.750000000000,21.335818674066,2739.177591763132
91.800000000000,91.800000000000,21.329712798220,2740.244230049939
91.850000000000,91.850000000000,21.323606922374,2741.310563042954
91.900000000000,91.900000000000,21.317501046528,2742.376590742177
91.950000000000,91.950000000000,21.311395170681,2743.442313147607
92.000000000000,92.000000000000,21.305289294834,2744.507730259245
92.050000000000,92.050000000000,21.299183418986,2745.572842077090
92.054722222222,92.054722222222,21.298606752934,2745.673420192769
92.100000000000,92.100000000000,21.293429480138,2746.637656568606
92.150000000000,92.150000000000,21.287712246376,2747.702185111769
92.200000000000,92.200000000000,21.281995012613,2748.766427793244
92.250000000000,92.250000000000,21.276277778850,2749.830384613031
92.300000000000,92.300000000000,21.270560545087,2750.894055571129
92.350000000000,92.350000000000,21.264843311323,2751.957440667539
92.400000000000,92.400000000000,21.259126077559,2753.020539902262
92.450000000000,92.450000000000,21.253408843795,2754.083353275295
92.500000000000,92.500000000000,21.247691610030,2755.145880786641
92.550000000000,92.550000000000,21.241974376265,2756.208122436298
92.600000000000,92.600000000000,21.236257142500,2757.270078224267
92.650000000000,92.650000000000,21.230539908734,2758.331748150548
92.700000000000,92.700000000000,21.224822674968,2759.393132215141
92.750000000000,92.750000000000,21.219105441202,2760.454230418045
92.800000000000,92.800000000000,21.213388207435,2761.515042759261
92.850000000000,92.850000000000,21.207670973668,2762.575569238788
92.900000000000,92.900000000000,21.201953739900,2763.635809856628
92.950000000000,92.950000000000,21.196236506132,2764.695764612778
93.000000000000,93.000000000000,21.190519272364,2765.755433507241
93.050000000000,93.050000000000,21.184802038596,2766.814816540015
93.054722222222,93.054722222222,21.184262077629,2766.914854608062
93.100000000000,93.100000000000,21.179535803208,2767.873923921203
93.150000000000,93.150000000000,21.174316604460,2768.932770231394
93.200000000000,93.200000000000,21.169097405712,2769.991355581649
93.250000000000,93.250000000000,21.163878206964,2771.049679971966
93.300000000000,93.300000000000,21.158659008216,2772.107743402345
93.350000000000,93.350000000000,21.153439809467,2773.165545872787
93.400000000000,93.400000000000,21.148220610718,2774.223087383292
93.450000000000,93.450000000000,21.143001411969,2775.280367933859
93.500000000000,93.500000000000,21.137782213220,2776.337387524489
93.550000000000,93.550000000000,21.132563014470,2777.394146155181
93.600000000000,93.600000000000,21.127343815720,2778.450643825936
93.650000000000,93.650000000000,21.122124616969,2779.506880536753
93.700000000000,93.700000000000,21.116905418219,2780.562856287633
93.750000000000,93.750000000000,21.111686219468,2781.618571078575
93.800000000000,93.800000000000,21.106467020717,2782.674024909579
93.850000000000,93.850000000000,21.101247821965,2783.729217780646
93.900000000000,93.900000000000,21.096028623214,2784.784149691776
93.950000000000,93.950000000000,21.090809424461,2785.838820642968
94.000000000000,94.000000000000,21.085590225709,2786.893230634222
94.050000000000,94.050000000000,21.080371026957,2787.947379665538
94.054722222222,94.054722222222,21.079878102630,2788.046924698201
94.100000000000,94.100000000000,21.074376941517,2789.001250194344
94.150000000000,94.150000000000,21.068302039675,2790.054817168874
94.200000000000,94.200000000000,21.062227137833,2791.108080398311
94.250000000000,94.250000000000,21.056152235989,2792.161039882657
94.300000000000,94.300000000000,21.050077334146,2793.213695621910
94.350000000000,94.350000000000,21.044002432302,2794.266047616071
94.400000000000,94.400000000000,21.037927530458,2795.318095865141
94.450000000000,94.450000000000,21.031852628613,2796.369840369117
94.500000000000,94.500000000000,21.025777726768,2797.421281128002
94.550000000000,94.550000000000,21.019702824922,2798.472418141794
94.600000000000,94.600000000000,21.013627923076,2799.523251410494
94.650000000000,94.650000000000,21.007553021230,2800.573780934102
94.700000000000,94.700000000000,21.001478119383,2801.624006712617
94.750000000000,94.750000000000,20.995403217536,2802.673928746040
94.800000000000,94.800000000000,20.989328315689,2803.723547034371
94.850000000000,94.850000000000,20.983253413841,2804.772861577609
94.900000000000,94.900000000000,20.977178511992,2805.821872375755
94.950000000000,94.950000000000,20.971103610143,2806.870579428808
95.000000000000,95.000000000000,20.965028708294,2807.918982736770
95.050000000000,95.050000000000,20.958953806445,2808.967082299638
95.054722222222,95.054722222222,20.958380065714,2809.066053782387
95.100000000000,95.100000000000,20.953028573760,2810.014881505758
95.150000000000,95.150000000000,20.947118950743,2811.062385193871
95.200000000000,95.200000000000,20.941209327726,2812.109593400833
95.250000000000,95.250000000000,20.935299704708,2813.156506126643
95.300000000000,95.300000000000,20.929390081690,2814.203123371303
95.350000000000,95.350000000000,20.923480458672,2815.249445134812
95.400000000000,95.400000000000,20.917570835653,2816.295471417171
95.450000000000,95.450000000000,20.911661212633,2817.341202218377
95.500000000000,95.500000000000,20.905751589614,2818.386637538434
95.550000000000,95.550000000000,20.899841966594,2819.431777377339
95.600000000000,95.600000000000,20.893932343573,2820.476621735093
95.650000000000,95.650000000000,20.888022720552,2821.521170611697
95.700000000000,95.700000000000,20.882113097531,2822.565424007149
95.750000000000,95.750000000000,20.876203474509,2823.609381921449
95.800000000000,95.800000000000,20.870293851487,2824.653044354599
95.850000000000,95.850000000000,20.864384228465,2825.696411306598
95.900000000000,95.900000000000,20.858474605442,2826.739482777446
95.950000000000,95.950000000000,20.852564982419,2827.782258767143
96.000000000000,96.000000000000,20.846655359395,2828.824739275688
96.050000000000,96.050000000000,20.840745736371,2829.866924303082
96.054722222222,96.054722222222,20.840187605308,2829.965337617912
96.100000000000,96.100000000000,20.832973055115,2830.908771671757
96.150000000000,96.150000000000,20.825006067170,2831.950221149814
96.200000000000,96.200000000000,20.817039079225,2832.991272278474
96.250000000000,96.250000000000,20.809072091279,2834.031925057737
96.300000000000,96.300000000000,20.801105103333,2835.072179487602
96.350000000000,96.350000000000,20.793138115385,2836.112035568070
96.400000000000,96.400000000000,20.785171127437,2837.151493299141
96.450000000000,96.450000000000,20.777204139488,2838.190552680814
96.500000000000,96.500000000000,20.769237151538,2839.229213713090
96.550000000000,96.550000000000,20.761270163588,2840.267476395968
96.600000000000,96.600000000000,20.753303175637,2841.305340729449
96.650000000000,96.650000000000,20.745336187685,2842.342806713532
96.700000000000,96.700000000000,20.737369199732,2843.379874348217
96.750000000000,96.750000000000,20.729402211778,2844.416543633505
96.800000000000,96.800000000000,20.721435223824,2845.452814569395
96.850000000000,96.850000000000,20.713468235869,2846.488687155887
96.900000000000,96.900000000000,20.705501247913,2847.524161392982
96.950000000000,96.950000000000,20.697534259957,2848.559237280678
97.000000000000,97.000000000000,20.689567271999,2849.593914818977
97.050000000000,97.050000000000,20.681600284041,2850.628194007878
97.054722222222,97.054722222222,20.680847846290,2850.725855343737
97.100000000000,97.100000000000,20.676844596469,2851.662147547654
97.150000000000,97.150000000000,20.672423829796,2852.695879258311
97.200000000000,97.200000000000,20.668003063123,2853.729389930634
97.250000000000,97.250000000000,20.663582296449,2854.762679564623
97.300000000000,97.300000000000,20.659161529776,2855.795748160278
97.350000000000,97.350000000000,20.654740763102,2856.828595717600
97.400000000000,97.400000000000,20.650319996428,2857.861222236589
97.450000000000,97.450000000000,20.645899229754,2858.893627717243
97.500000000000,97.500000000000,20.641478463079,2859.925812159564
97.550000000000,97.550000000000,20.637057696405,2860.957775563551
97.600000000000,97.600000000000,20.632636929730,2861.989517929204
97.650000000000,97.650000000000,20.628216163055,2863.021039256524
97.700000000000,97.700000000000,20.623795396380,2864.052339545510
97.750000000000,97.750000000000,20.619374629704,2865.083418796162
97.800000000000,97.800000000000,20.614953863029,2866.114277008480
97.850000000000,97.850000000000,20.610533096353,2867.144914182465
97.900000000000,97.900000000000,20.606112329677,2868.175330318116
97.950000000000,97.950000000000,20.601691563001,2869.205525415433
98.000000000000,98.000000000000,20.597270796325,2870.235499474416
98.050000000000,98.050000000000,20.592850029649,2871.265252495065
98.054722222222,98.054722222222,20.592432512796,2871.362495523286
98.100000000000,98.100000000000,20.587684377340,2872.294767613997
98.150000000000,98.150000000000,20.582441037573,2873.324020749370
98.200000000000,98.200000000000,20.577197697805,2874.353011717755
98.250000000000,98.250000000000,20.571954358037,2875.381740519151
98.300000000000,98.300000000000,20.566711018269,2876.410207153559
98.350000000000,98.350000000000,20.561467678501,2877.438411620978
98.400000000000,98.400000000000,20.556224338732,2878.466353921409
98.450000000000,98.450000000000,20.550980998963,2879.494034054851
98.500000000000,98.500000000000,20.545737659194,2880.521452021305
98.550000000000,98.550000000000,20.540494319424,2881.548607820770
98.600000000000,98.600000000000,20.535250979654,2882.575501453247
98.650000000000,98.650000000000,20.530007639884,2883.602132918736
98.700000000000,98.700000000000,20.524764300114,2884.628502217236
98.750000000000,98.750000000000,20.519520960343,2885.654609348747
98.800000000000,98.800000000000,20.514277620572,2886.680454313270
98.850000000000,98.850000000000,20.509034280801,2887.706037110805
98.900000000000,98.900000000000,20.503790941030,2888.731357741351
98.950000000000,98.950000000000,20.498547601258,2889.756416204908
99.000000000000,99.000000000000,20.493304261486,2890.781212501477
99.050000000000,99.050000000000,20.488060921713,2891.805746631057
99.054722222222,99.054722222222,20.487565717401,2891.902494638394
99.100000000000,99.100000000000,20.481488127958,2892.829988496287
99.150000000000,99.150000000000,20.474776679492,2893.853895116473
99.200000000000,99.200000000000,20.468065231026,2894.877466164236
99.250000000000,99.250000000000,20.461353782560,2895.900701639576
99.300000000000,99.300000000000,20.454642334093,2896.923601542492
99.350000000000,99.350000000000,20.447930885625,2897.946165872985
99.400000000000,99.400000000000,20.441219437157,2898.968394631055
99.450000000000,99.450000000000,20.434507988689,2899.990287816701
99.500000000000,99.500000000000,20.427796540220,2901.011845429924
99.550000000000,99.550000000000,20.421085091750,2902.033067470723
99.600000000000,99.600000000000,20.414373643280,2903.053953939099
99.650000000000,99.650000000000,20.407662194809,2904.074504835052
99.700000000000,99.700000000000,20.400950746338,2905.094720158580
99.750000000000,99.750000000000,20.394239297867,2906.114599909686
99.800000000000,99.800000000000,20.387527849395,2907.134144088367
99.850000000000,99.850000000000,20.380816400922,2908.153352694625
99.900000000000,99.900000000000,20.374104952449,2909.172225728460
99.950000000000,99.950000000000,20.367393503976,2910.190763189870
100.000000000000,100.000000000000,20.360682055501,2911.208965078857
100.050000000000,100.050000000000,20.353970607027,2912.226831395420
100.054722222222,100.054722222222,20.353336748004,2912.322945871115
100.100000000000,100.100000000000,20.346800978115,2913.244351766863
100.150000000000,100.150000000000,20.339583563514,2914.261511380404
100.200000000000,100.200000000000,20.332366148911,2915.278310123215
100.250000000000,100.250000000000,20.325148734308,2916.294747995295
100.300000000000,100.300000000000,20.317931319705,2917.310824996646
100.350000000000,100.350000000000,20.310713905101,2918.326541127266
100.400000000000,100.400000000000,20.303496490496,2919.341896387156
100.450000000000,100.450000000000,20.296279075891,2920.356890776316
100.500000000000,100.500000000000,20.289061661285,2921.371524294745
100.550000000000,100.550000000000,20.281844246678,2922.385796942444
100.600000000000,100.600000000000,20.274626832071,2923.399708719413
100.650000000000,100.650000000000,20.267409417463,2924.413259625651
100.700000000000,100.700000000000,20.260192002855,2925.426449661159
100.750000000000,100.750000000000,20.252974588246,2926.439278825936
100.800000000000,100.800000000000,20.245757173637,2927.451747119983
100.850000000000,100.850000000000,20.238539759027,2928.463854543299
100.900000000000,100.900000000000,20.231322344416,2929.475601095886
100.950000000000,100.950000000000,20.224104929805,2930.486986777741
101.000000000000,101.000000000000,20.216887515193,2931.498011588866
101.050000000000,101.050000000000,20.209670100580,2932.508675529260
101.054722222222,101.054722222222,20.208988455867,2932.604108473070
101.100000000000,101.100000000000,20.202366237334,2933.518976641823
101.150000000000,101.150000000000,20.195053357971,2934.528912131706
101.200000000000,101.200000000000,20.187740478608,2935.538481977621
101.250000000000,101.250000000000,20.180427599245,2936.547686179567
101.300000000000,101.300000000000,20.173114719881,2937.556524737545
101.350000000000,101.350000000000,20.165801840516,2938.564997651555
101.400000000000,101.400000000000,20.158488961150,2939.573104921597
101.450000000000,101.450000000000,20.151176081784,2940.580846547670
101.500000000000,101.500000000000,20.143863202418,2941.588222529775
101.550000000000,101.550000000000,20.136550323050,2942.595232867912
101.600000000000,101.600000000000,20.129237443682,2943.601877562080
101.650000000000,101.650000000000,20.121924564314,2944.608156612280
101.700000000000,101.700000000000,20.114611684945,2945.614070018511
101.750000000000,101.750000000000,20.107298805575,2946.619617780774
101.800000000000,101.800000000000,20.099985926205,2947.624799899068
101.850000000000,101.850000000000,20.092673046834,2948.629616373394
101.900000000000,101.900000000000,20.085360167462,2949.634067203752
101.950000000000,101.950000000000,20.078047288090,2950.638152390140
102.000000000000,102.000000000000,20.070734408717,2951.641871932561
102.050000000000,102.050000000000,20.063421529343,2952.645225831012
102.054722222222,102.054722222222,20.062730868514,2952.739968135280
102.100000000000,102.100000000000,20.057393076406,2953.648243163482
102.150000000000,102.150000000000,20.051498582054,2954.650965454944
102.200000000000,102.200000000000,20.045604087702,2955.653393021687
102.250000000000,102.250000000000,20.039709593349,2956.655525863714
102.300000000000,102.300000000000,20.033815098996,2957.657363981022
102.350000000000,102.350000000000,20.027920604643,2958.658907373613
102.400000000000,102.400000000000,20.022026110289,2959.660156041487
102.450000000000,102.450000000000,20.016131615935,2960.661109984642
102.500000000000,102.500000000000,20.010237121580,2961.661769203080
102.550000000000,102.550000000000,20.004342627225,2962.662133696800
102.600000000000,102.600000000000,19.998448132870,2963.662203465802
102.650000000000,102.650000000000,19.992553638514,2964.661978510087
102.700000000000,102.700000000000,19.986659144158,2965.661458829654
102.750000000000,102.750000000000,19.980764649801,2966.660644424503
102.800000000000,102.800000000000,19.974870155444,2967.659535294634
102.850000000000,102.850000000000,19.968975661087,2968.658131440047
102.900000000000,102.900000000000,19.963081166729,2969.656432860742
102.950000000000,102.950000000000,19.957186672371,2970.654439556720
103.000000000000,103.000000000000,19.951292178013,2971.652151527979
103.050000000000,103.050000000000,19.945397683654,2972.649568774521
103.054722222222,103.054722222222,19.944840981409,2972.743754060254
103.100000000000,103.100000000000,19.938327538844,2973.646664680925
103.150000000000,103.150000000000,19.931134780182,2974.643401238901
103.200000000000,103.200000000000,19.923942021519,2975.639778158943
103.250000000000,103.250000000000,19.916749262856,2976.635795441053
103.300000000000,103.300000000000,19.909556504193,2977.631453085229
103.350000000000,103.350000000000,19.902363745528,2978.626751091472
103.400000000000,103.400000000000,19.895170986863,2979.621689459782
103.450000000000,103.450000000000,19.887978228198,2980.616268190158
103.500000000000,103.500000000000,19.880785469532,2981.610487282601
103.550000000000,103.550000000000,19.873592710865,2982.604346737111
103.600000000000,103.600000000000,19.866399952198,2983.597846553687
103.650000000000,103.650000000000,19.859207193530,2984.590986732331
103.700000000000,103.700000000000,19.852014434861,2985.583767273040
103.750000000000,103.750000000000,19.844821676192,2986.576188175817
103.800000000000,103.800000000000,19.837628917522,2987.568249440660
103.850000000000,103.850000000000,19.830436158852,2988.559951067569
103.900000000000,103.900000000000,19.823243400181,2989.551293056545
103.950000000000,103.950000000000,19.816050641509,2990.542275407587
104.000000000000,104.000000000000,19.808857882837,2991.532898120695
104.050000000000,104.050000000000,19.801665124164,2992.523161195870
104.054722222222,104.054722222222,19.800985808068,2992.616667455011
104.100000000000,104.100000000000,19.796178762985,2993.513103264055
104.150000000000,104.150000000000,19.790870369643,2994.502779492371
104.200000000000,104.200000000000,19.785561976300,2995.492190301019
104.250000000000,104.250000000000,19.780253582957,2996.481335690001
104.300000000000,104.300000000000,19.774945189613,2997.470215659315
104.350000000000,104.350000000000,19.769636796269,2998.458830208962
104.400000000000,104.400000000000,19.764328402925,2999.447179338942
104.450000000000,104.450000000000,19.759020009581,3000.435263049254
104.500000000000,104.500000000000,19.753711616236,3001.423081339900
104.550000000000,104.550000000000,19.748403222891,3002.410634210878
104.600000000000,104.600000000000,19.743094829546,3003.397921662189
104.650000000000,104.650000000000,19.737786436200,3004.384943693833
104.700000000000,104.700000000000,19.732478042855,3005.371700305809
104.750000000000,104.750000000000,19.727169649508,3006.358191498118
104.800000000000,104.800000000000,19.721861256162,3007.344417270760
104.850000000000,104.850000000000,19.716552862815,3008.330377623734
104.900000000000,104.900000000000,19.711244469468,3009.316072557042
104.950000000000,104.950000000000,19.705936076121,3010.301502070682
105.000000000000,105.000000000000,19.700627682774,3011.286666164654
105.050000000000,105.050000000000,19.695319289426,3012.271564838959
105.054722222222,105.054722222222,19.694817941165,3012.364569329638
105.100000000000,105.100000000000,19.689513958367,3013.256186843479
105.150000000000,105.150000000000,19.683656799449,3014.240516112425
105.200000000000,105.200000000000,19.677799640530,3015.224552523424
105.250000000000,105.250000000000,19.671942481611,3016.208296076478
105.300000000000,105.300000000000,19.666085322692,3017.191746771585
105.350000000000,105.350000000000,19.660228163772,3018.174904608747
105.400000000000,105.400000000000,19.654371004852,3019.157769587962
105.450000000000,105.450000000000,19.648513845931,3020.140341709232
105.500000000000,105.500000000000,19.642656687010,3021.122620972556
105.550000000000,105.550000000000,19.636799528089,3022.104607377933
105.600000000000,105.600000000000,19.630942369168,3023.086300925364
105.650000000000,105.650000000000,19.625085210246,3024.067701614850
105.700000000000,105.700000000000,19.619228051323,3025.048809446389
105.750000000000,105.750000000000,19.613370892401,3026.029624419983
105.800000000000,105.800000000000,19.607513733478,3027.010146535630
105.850000000000,105.850000000000,19.601656574554,3027.990375793330
105.900000000000,105.900000000000,19.595799415631,3028.970312193085
105.950000000000,105.950000000000,19.589942256707,3029.949955734894
106.000000000000,106.000000000000,19.584085097782,3030.929306418756
106.050000000000,106.050000000000,19.578227938857,3031.908364244672
106.054722222222,106.054722222222,19.577674762737,3032.000815681602
106.100000000000,106.100000000000,19.572796554327,3032.887138851700
106.150000000000,106.150000000000,19.567409575715,3033.865644004952
106.200000000000,106.200000000000,19.562022597103,3034.843879809272
106.250000000000,106.250000000000,19.556635618491,3035.821846264662
106.300000000000,106.300000000000,19.551248639878,3036.799543371121
106.350000000000,106.350000000000,19.545861661265,3037.776971128650
106.400000000000,106.400000000000,19.540474682652,3038.754129537248
106.450000000000,106.450000000000,19.535087704038,3039.731018596915
106.500000000000,106.500000000000,19.529700725424,3040.707638307651
106.550000000000,106.550000000000,19.524313746810,3041.683988669457
106.600000000000,106.600000000000,19.518926768196,3042.660069682333
106.650000000000,106.650000000000,19.513539789581,3043.635881346277
106.700000000000,106.700000000000,19.508152810966,3044.611423661291
106.750000000000,106.750000000000,19.502765832350,3045.586696627373
106.800000000000,106.800000000000,19.497378853734,3046.561700244526
106.850000000000,106.850000000000,19.491991875118,3047.536434512747
106.900000000000,106.900000000000,19.486604896502,3048.510899432038
106.950000000000,106.950000000000,19.481217917885,3049.485095002397
107.000000000000,107.000000000000,19.475830939268,3050.459021223826
107.050000000000,107.050000000000,19.470443960651,3051.432678096324
107.054722222222,107.054722222222,19.469935190448,3051.524620658205
107.100000000000,107.100000000000,19.464726742189,3052.406058143628
107.150000000000,107.150000000000,19.458975081533,3053.379150689222
107.200000000000,107.200000000000,19.453223420878,3054.351955651782
107.250000000000,107.250000000000,19.447471760222,3055.324473031309
107.300000000000,107.300000000000,19.441720099565,3056.296702827804
107.350000000000,107.350000000000,19.435968438909,3057.268645041265
107.400000000000,107.400000000000,19.430216778252,3058.240299671695
107.450000000000,107.450000000000,19.424465117594,3059.211666719091
107.500000000000,107.500000000000,19.418713456936,3060.182746183454
107.550000000000,107.550000000000,19.412961796278,3061.153538064784
107.600000000000,107.600000000000,19.407210135620,3062.124042363082
107.650000000000,107.650000000000,19.401458474961,3063.094259078346
107.700000000000,107.700000000000,19.395706814302,3064.064188210577
107.750000000000,107.750000000000,19.389955153642,3065.033829759776
107.800000000000,107.800000000000,19.384203492982,3066.003183725942
107.850000000000,107.850000000000,19.378451832322,3066.972250109074
107.900000000000,107.900000000000,19.372700171662,3067.941028909174
107.950000000000,107.950000000000,19.366948511001,3068.909520126240
108.000000000000,108.000000000000,19.361196850339,3069.877723760274
108.050000000000,108.050000000000,19.355445189678,3070.845639811274
108.054722222222,108.054722222222,19.354901977282,3070.937039242081
108.100000000000,108.100000000000,19.348956651180,3071.813251597147
108.150000000000,108.150000000000,19.342391260393,3072.780535294936
108.200000000000,108.200000000000,19.335825869605,3073.747490723186
108.250000000000,108.250000000000,19.329260478816,3074.714117881897
108.300000000000,108.300000000000,19.322695088027,3075.680416771067
108.350000000000,108.350000000000,19.316129697238,3076.646387390699
108.400000000000,108.400000000000,19.309564306448,3077.612029740792
108.450000000000,108.450000000000,19.302998915658,3078.577343821344
108.500000000000,108.500000000000,19.296433524867,3079.542329632357
108.550000000000,108.550000000000,19.289868134076,3080.506987173831
108.600000000000,108.600000000000,19.283302743284,3081.471316445764
108.650000000000,108.650000000000,19.276737352491,3082.435317448159
108.700000000000,108.700000000000,19.270171961699,3083.398990181014
108.750000000000,108.750000000000,19.263606570906,3084.362334644329
108.800000000000,108.800000000000,19.257041180112,3085.325350838104
108.850000000000,108.850000000000,19.250475789318,3086.288038762340
108.900000000000,108.900000000000,19.243910398523,3087.250398417036
108.950000000000,108.950000000000,19.237345007728,3088.212429802192
109.000000000000,109.000000000000,19.230779616932,3089.174132917808
109.050000000000,109.050000000000,19.224214226136,3090.135507763885
109.054722222222,109.054722222222,19.223594161450,3090.226287311462
109.100000000000,109.100000000000,19.218296131587,3091.096568994489
109.150000000000,109.150000000000,19.212445546461,3092.057337536441
109.200000000000,109.200000000000,19.206594961335,3093.017813549136
109.250000000000,109.250000000000,19.200744376209,3093.977997032574
109.300000000000,109.300000000000,19.194893791082,3094.937887986756
109.350000000000,109.350000000000,19.189043205955,3095.897486411682
109.400000000000,109.400000000000,19.183192620827,3096.856792307352
109.450000000000,109.450000000000,19.177342035700,3097.815805673765
109.500000000000,109.500000000000,19.171491450572,3098.774526510922
109.550000000000,109.550000000000,19.165640865443,3099.732954818822
109.600000000000,109.600000000000,19.159790280314,3100.691090597466
109.650000000000,109.650000000000,19.153939695185,3101.648933846854
109.700000000000,109.700000000000,19.148089110056,3102.606484566985
109.750000000000,109.750000000000,19.142238524926,3103.563742757859
109.800000000000,109.800000000000,19.136387939796,3104.520708419478
109.850000000000,109.850000000000,19.130537354665,3105.477381551839
109.900000000000,109.900000000000,19.124686769534,3106.433762154944
109.950000000000,109.950000000000,19.118836184403,3107.389850228793
110.000000000000,110.000000000000,19.112985599271,3108.345645773384
110.050000000000,110.050000000000,19.107135014139,3109.301148788719
110.054722222222,110.054722222222,19.106582458877,3109.391375621638
110.100000000000,110.100000000000,19.101219517111,3110.256357805265
110.150000000000,110.150000000000,19.095297250130,3111.211270724446
110.200000000000,110.200000000000,19.089374983149,3112.165887530278
110.250000000000,110.250000000000,19.083452716167,3113.120208222761
110.300000000000,110.300000000000,19.077530449185,3114.074232801894
110.350000000000,110.350000000000,19.071608182202,3115.027961267679
110.400000000000,110.400000000000,19.065685915219,3115.981393620114
110.450000000000,110.450000000000,19.059763648236,3116.934529859201
110.500000000000,110.500000000000,19.053841381253,3117.887369984938
110.550000000000,110.550000000000,19.047919114269,3118.839913997326
110.600000000000,110.600000000000,19.041996847285,3119.792161896365
110.650000000000,110.650000000000,19.036074580300,3120.744113682054
110.700000000000,110.700000000000,19.030152313315,3121.695769354395
110.750000000000,110.750000000000,19.024230046330,3122.647128913386
110.800000000000,110.800000000000,19.018307779344,3123.598192359028
110.850000000000,110.850000000000,19.012385512358,3124.548959691320
110.900000000000,110.900000000000,19.006463245372,3125.499430910264
110.950000000000,110.950000000000,19.000540978385,3126.449606015858
111.000000000000,111.000000000000,18.994618711398,3127.399485008102
111.050000000000,111.050000000000,18.988696444411,3128.349067886998
111.054722222222,111.054722222222,18.988137119195,3128.438735410685
111.100000000000,111.100000000000,18.982689729774,3129.298352740742
111.150000000000,111.150000000000,18.976674207713,3130.247336839180
111.200000000000,111.200000000000,18.970658685652,3131.196020161514
111.250000000000,111.250000000000,18.964643163591,3132.144402707745
111.300000000000,111.300000000000,18.958627641529,3133.092484477873
111.350000000000,111.350000000000,18.952612119467,3134.040265471898
111.400000000000,111.400000000000,18.946596597405,3134.987745689820
111.450000000000,111.450000000000,18.940581075342,3135.934925131638
111.500000000000,111.500000000000,18.934565553279,3136.881803797354
111.550000000000,111.550000000000,18.928550031215,3137.828381686966
111.600000000000,111.600000000000,18.922534509151,3138.774658800475
111.650000000000,111.650000000000,18.916518987087,3139.720635137881
111.700000000000,111.700000000000,18.910503465023,3140.666310699184
111.750000000000,111.750000000000,18.904487942958,3141.611685484384
111.800000000000,111.800000000000,18.898472420893,3142.556759493480
111.850000000000,111.850000000000,18.892456898827,3143.501532726473
111.900000000000,111.900000000000,18.886441376761,3144.446005183363
111.950000000000,111.950000000000,18.880425854695,3145.390176864149
112.000000000000,112.000000000000,18.874410332628,3146.334047768832
112.050000000000,112.050000000000,18.868394810561,3147.277617897412
112.054722222222,112.054722222222,18.867826677921,3147.366717309255
112.100000000000,112.100000000000,18.861397670500,3148.220865027147
112.150000000000,112.150000000000,18.854298153102,3149.163757422737
112.200000000000,112.200000000000,18.847198635703,3150.106294842457
112.250000000000,112.250000000000,18.840099118303,3151.048477286307
112.300000000000,112.300000000000,18.832999600904,3151.990304754288
112.350000000000,112.350000000000,18.825900083503,3152.931777246398
112.400000000000,112.400000000000,18.818800566102,3153.872894762638
112.450000000000,112.450000000000,18.811701048701,3154.813657303008
112.500000000000,112.500000000000,18.804601531299,3155.754064867508
112.550000000000,112.550000000000,18.797502013897,3156.694117456138
112.600000000000,112.600000000000,18.790402496493,3157.633815068898
112.650000000000,112.650000000000,18.783302979090,3158.573157705787
112.700000000000,112.700000000000,18.776203461686,3159.512145366807
112.750000000000,112.750000000000,18.769103944281,3160.450778051956
112.800000000000,112.800000000000,18.762004426876,3161.389055761234
112.850000000000,112.850000000000,18.754904909470,3162.326978494643
112.900000000000,112.900000000000,18.747805392064,3163.264546252181
112.950000000000,112.950000000000,18.740705874658,3164.201759033850
113.000000000000,113.000000000000,18.733606357250,3165.138616839647
113.050000000000,113.050000000000,18.726506839843,3166.075119669574
113.054722222222,113.054722222222,18.725836329865,3166.163548813165
113.100000000000,113.100000000000,18.718838163693,3167.011254638509
113.150000000000,113.150000000000,18.711110127428,3167.947003345788
113.200000000000,113.200000000000,18.703382091162,3168.882365651253
113.250000000000,113.250000000000,18.695654054896,3169.817341554904
113.300000000000,113.300000000000,18.687926018629,3170.751931056742
113.350000000000,113.350000000000,18.680197982362,3171.686134156767
113.400000000000,113.400000000000,18.672469946094,3172.619950854978
113.450000000000,113.450000000000,18.664741909825,3173.553381151376
113.500000000000,113.500000000000,18.657013873556,3174.486425045961
113.550000000000,113.550000000000,18.649285837286,3175.419082538732
113.600000000000,113.600000000000,18.641557801015,3176.351353629689
113.650000000000,113.650000000000,18.633829764744,3177.283238318833
113.700000000000,113.700000000000,18.626101728472,3178.214736606164
113.750000000000,113.750000000000,18.618373692199,3179.145848491680
113.800000000000,113.800000000000,18.610645655926,3180.076573975383
113.850000000000,113.850000000000,18.602917619652,3181.006913057273
113.900000000000,113.900000000000,18.595189583378,3181.936865737349
113.950000000000,113.950000000000,18.587461547102,3182.866432015611
114.000000000000,114.000000000000,18.579733510826,3183.795611892059
114.050000000000,114.050000000000,18.572005474550,3184.724405366693
114.054722222222,114.054722222222,18.571275604457,3184.812104780348
114.100000000000,114.100000000000,18.566068051188,3185.652852977001
114.150000000000,114.150000000000,18.560317378866,3186.581012612752
114.200000000000,114.200000000000,18.554566706544,3187.508884714887
114.250000000000,114.250000000000,18.548816034221,3188.436469283406
114.300000000000,114.300000000000,18.543065361898,3189.363766318309
114.350000000000,114.350000000000,18.537314689575,3190.290775819596
114.400000000000,114.400000000000,18.531564017251,3191.217497787267
114.450000000000,114.450000000000,18.525813344927,3192.143932221321
114.500000000000,114.500000000000,18.520062672603,3193.070079121760
114.550000000000,114.550000000000,18.514312000279,3193.995938488581
114.600000000000,114.600000000000,18.508561327954,3194.921510321787
114.650000000000,114.650000000000,18.502810655629,3195.846794621377
114.700000000000,114.700000000000,18.497059983303,3196.771791387350
114.750000000000,114.750000000000,18.491309310977,3197.696500619707
114.800000000000,114.800000000000,18.485558638651,3198.620922318448
114.850000000000,114.850000000000,18.479807966324,3199.545056483573
114.900000000000,114.900000000000,18.474057293998,3200.468903115081
114.950000000000,114.950000000000,18.468306621671,3201.392462212973
115.000000000000,115.000000000000,18.462555949343,3202.315733777248
115.050000000000,115.050000000000,18.456805277015,3203.238717807907
115.054722222222,115.054722222222,18.456262157962,3203.325873661568
115.100000000000,115.100000000000,18.451880366690,3204.161432999284
115.150000000000,115.150000000000,18.447041578781,3205.083906047921
115.200000000000,115.200000000000,18.442202790872,3206.006137157162
115.250000000000,115.250000000000,18.437364002963,3206.928126327008
115.300000000000,115.300000000000,18.432525215054,3207.849873557458
115.350000000000,115.350000000000,18.427686427145,3208.771378848513
115.400000000000,115.400000000000,18.422847639235,3209.692642200172
115.450000000000,115.450000000000,18.418008851326,3210.613663612437
115.500000000000,115.500000000000,18.413170063416,3211.534443085305
115.550000000000,115.550000000000,18.408331275505,3212.454980618778
115.600000000000,115.600000000000,18.403492487595,3213.375276212856
115.650000000000,115.650000000000,18.398653699684,3214.295329867538
115.700000000000,115.700000000000,18.393814911773,3215.215141582824
115.750000000000,115.750000000000,18.388976123862,3216.134711358715
115.800000000000,115.800000000000,18.384137335951,3217.054039195210
115.850000000000,115.850000000000,18.379298548039,3217.973125092310
115.900000000000,115.900000000000,18.374459760127,3218.891969050014
115.950000000000,115.950000000000,18.369620972216,3219.810571068323
116.000000000000,116.000000000000,18.364782184303,3220.728931147235
116.050000000000,116.050000000000,18.359943396391,3221.647049286753
116.054722222222,116.054722222222,18.359486399755,3221.733747940434
116.100000000000,116.100000000000,18.355160377061,3222.564926749413
116.150000000000,116.150000000000,18.350383174087,3223.482565338192
116.200000000000,116.200000000000,18.345605971112,3224.399965066822
116.250000000000,116.250000000000,18.340828768137,3225.317125935303
116.300000000000,116.300000000000,18.336051565162,3226.234047943635
116.350000000000,116.350000000000,18.331274362187,3227.150731091819
116.400000000000,116.400000000000,18.326497159211,3228.067175379854
116.450000000000,116.450000000000,18.321719956235,3228.983380807741
116.500000000000,116.500000000000,18.316942753260,3229.899347375478
116.550000000000,116.550000000000,18.312165550283,3230.815075083066
116.600000000000,116.600000000000,18.307388347307,3231.730563930506
116.650000000000,116.650000000000,18.302611144330,3232.645813917797
116.700000000000,116.700000000000,18.297833941353,3233.560825044939
116.750000000000,116.750000000000,18.293056738376,3234.475597311932
116.800000000000,116.800000000000,18.288279535399,3235.390130718777
116.850000000000,116.850000000000,18.283502332422,3236.304425265472
116.900000000000,116.900000000000,18.278725129444,3237.218480952019
116.950000000000,116.950000000000,18.273947926466,3238.132297778417
117.000000000000,117.000000000000,18.269170723488,3239.045875744665
117.050000000000,117.050000000000,18.264393520510,3239.959214850765
117.054722222222,117.054722222222,18.263942340228,3240.045462310432
117.100000000000,117.100000000000,18.259427518743,3240.872310822521
117.150000000000,117.150000000000,18.254441826305,3241.785157556148
117.200000000000,117.200000000000,18.249456133867,3242.697755005152
117.250000000000,117.250000000000,18.244470441429,3243.610103169534
117.300000000000,117.300000000000,18.239484748990,3244.522202049295
117.350000000000,117.350000000000,18.234499056552,3245.434051644433
117.400000000000,117.400000000000,18.229513364113,3246.345651954950
117.450000000000,117.450000000000,18.224527671673,3247.257002980844
117.500000000000,117.500000000000,18.219541979234,3248.168104722117
117.550000000000,117.550000000000,18.214556286794,3249.078957178767
117.600000000000,117.600000000000,18.209570594354,3249.989560350796
117.650000000000,117.650000000000,18.204584901914,3250.899914238203
117.700000000000,117.700000000000,18.199599209474,3251.810018840987
117.750000000000,117.750000000000,18.194613517033,3252.719874159150
117.800000000000,117.800000000000,18.189627824592,3253.629480192690
117.850000000000,117.850000000000,18.184642132151,3254.538836941609
117.900000000000,117.900000000000,18.179656439710,3255.447944405905
117.950000000000,117.950000000000,18.174670747268,3256.356802585580
118.000000000000,118.000000000000,18.169685054827,3257.265411480632
118.050000000000,118.050000000000,18.164699362384,3258.173771091062
118.054722222222,118.054722222222,18.164228491432,3258.259547726268
118.100000000000,118.100000000000,18.159187856653,3259.081869513042
118.150000000000,118.150000000000,18.153621511499,3259.989689747245
118.200000000000,118.200000000000,18.148055166344,3260.897231664192
118.250000000000,118.250000000000,18.142488821189,3261.804495263880
118.300000000000,118.300000000000,18.136922476034,3262.711480546310
118.350000000000,118.350000000000,18.131356130878,3263.618187511483
118.400000000000,118.400000000000,18.125789785722,3264.524616159398
118.450000000000,118.450000000000,18.120223440566,3265.430766490055
118.500000000000,118.500000000000,18.114657095409,3266.336638503455
118.550000000000,118.550000000000,18.109090750253,3267.242232199596
118.600000000000,118.600000000000,18.103524405096,3268.147547578480
118.650000000000,118.650000000000,18.097958059938,3269.052584640106
118.700000000000,118.700000000000,18.092391714781,3269.957343384473
118.750000000000,118.750000000000,18.086825369623,3270.861823811584
118.800000000000,118.800000000000,18.081259024465,3271.766025921436
118.850000000000,118.850000000000,18.075692679306,3272.669949714030
118.900000000000,118.900000000000,18.070126334147,3273.573595189366
118.950000000000,118.950000000000,18.064559988988,3274.476962347444
119.000000000000,119.000000000000,18.058993643829,3275.380051188265
119.050000000000,119.050000000000,18.053427298669,3276.282861711827
119.054722222222,119.054722222222,18.052901588293,3276.368112766139
119.100000000000,119.100000000000,18.046716427326,3277.185368007330
119.150000000000,119.150000000000,18.039886188221,3278.087533072719
119.200000000000,119.200000000000,18.033055949115,3278.989356626153
119.250000000000,119.250000000000,18.026225710010,3279.890838667631
119.300000000000,119.300000000000,18.019395470903,3280.791979197154
119.350000000000,119.350000000000,18.012565231797,3281.692778214721
119.400000000000,119.400000000000,18.005734992689,3282.593235720334
119.450000000000,119.450000000000,17.998904753582,3283.493351713990
119.500000000000,119.500000000000,17.992074514474,3284.393126195691
119.550000000000,119.550000000000,17.985244275365,3285.292559165437
119.600000000000,119.600000000000,17.978414036256,3286.191650623227
119.650000000000,119.650000000000,17.971583797147,3287.090400569063
119.700000000000,119.700000000000,17.964753558037,3287.988809002942
119.750000000000,119.750000000000,17.957923318926,3288.886875924866
119.800000000000,119.800000000000,17.951093079816,3289.784601334835
119.850000000000,119.850000000000,17.944262840705,3290.681985232848
119.900000000000,119.900000000000,17.937432601593,3291.579027618905
119.950000000000,119.950000000000,17.930602362481,3292.475728493007
120.000000000000,120.000000000000,17.923772123368,3293.372087855153
120.050000000000,120.050000000000,17.916941884256,3294.268105705344
120.054722222222,120.054722222222,17.916296806117,3294.352711963359
120.100000000000,120.100000000000,17.908740763827,3295.163751008349
120.150000000000,120.150000000000,17.900396668047,3296.058979444146
120.200000000000,120.200000000000,17.892052572265,3296.953790675154
120.250000000000,120.250000000000,17.883708476483,3297.848184701373
120.300000000000,120.300000000000,17.875364380700,3298.742161522802
120.350000000000,120.350000000000,17.867020284917,3299.635721139442
120.400000000000,120.400000000000,17.858676189132,3300.528863551294
120.450000000000,120.450000000000,17.850332093348,3301.421588758356
120.500000000000,120.500000000000,17.841987997562,3302.313896760629
120.550000000000,120.550000000000,17.833643901776,3303.205787558112
120.600000000000,120.600000000000,17.825299805989,3304.097261150806
120.650000000000,120.650000000000,17.816955710201,3304.988317538711
120.700000000000,120.700000000000,17.808611614413,3305.878956721826
120.750000000000,120.750000000000,17.800267518624,3306.769178700152
120.800000000000,120.800000000000,17.791923422834,3307.658983473689
120.850000000000,120.850000000000,17.783579327044,3308.548371042436
120.900000000000,120.900000000000,17.775235231253,3309.437341406393
120.950000000000,120.950000000000,17.766891135462,3310.325894565561
121.000000000000,121.000000000000,17.758547039669,3311.214030519939
121.050000000000,121.050000000000,17.750202943876,3312.101749269528
121.054722222222,121.054722222222,17.749414890385,3312.185567811633
121.100000000000,121.100000000000,17.743129242793,3312.989079574651
121.150000000000,121.150000000000,17.736188036862,3313.876062506643
121.200000000000,121.200000000000,17.729246830931,3314.762698378338
121.250000000000,121.250000000000,17.722305625000,3315.648987189736
121.300000000000,121.300000000000,17.715364419068,3316.534928940837
121.350000000000,121.350000000000,17.708423213136,3317.420523631642
121.400000000000,121.400000000000,17.701482007204,3318.305771262151
121.450000000000,121.450000000000,17.694540801271,3319.190671832363
121.500000000000,121.500000000000,17.687599595337,3320.075225342278
121.550000000000,121.550000000000,17.680658389404,3320.959431791897
121.600000000000,121.600000000000,17.673717183470,3321.843291181219
121.650000000000,121.650000000000,17.666775977535,3322.726803510244
121.700000000000,121.700000000000,17.659834771600,3323.609968778972
121.750000000000,121.750000000000,17.652893565664,3324.492786987404
121.800000000000,121.800000000000,17.645952359729,3325.375258135539
121.850000000000,121.850000000000,17.639011153792,3326.257382223377
121.900000000000,121.900000000000,17.632069947856,3327.139159250918
121.950000000000,121.950000000000,17.625128741919,3328.020589218163
122.000000000000,122.000000000000,17.618187535981,3328.901672125110
122.050000000000,122.050000000000,17.611246330043,3329.782407971761
122.054722222222,122.054722222222,17.610590771705,3329.865570642692
122.100000000000,122.100000000000,17.604983977087,3330.662812126592
122.150000000000,122.150000000000,17.598792424748,3331.542906536638
122.200000000000,122.200000000000,17.592600872409,3332.422691369067
122.250000000000,122.250000000000,17.586409320069,3333.302166623879
122.300000000000,122.300000000000,17.580217767730,3334.181332301074
122.350000000000,122.350000000000,17.574026215389,3335.060188400652
122.400000000000,122.400000000000,17.567834663049,3335.938734922613
122.450000000000,122.450000000000,17.561643110708,3336.816971866957
122.500000000000,122.500000000000,17.555451558367,3337.694899233684
122.550000000000,122.550000000000,17.549260006025,3338.572517022793
122.600000000000,122.600000000000,17.543068453684,3339.449825234286
122.650000000000,122.650000000000,17.536876901341,3340.326823868162
122.700000000000,122.700000000000,17.530685348999,3341.203512924420
122.750000000000,122.750000000000,17.524493796656,3342.079892403061
122.800000000000,122.800000000000,17.518302244313,3342.955962304085
122.850000000000,122.850000000000,17.512110691970,3343.831722627493
122.900000000000,122.900000000000,17.505919139626,3344.707173373283
122.950000000000,122.950000000000,17.499727587282,3345.582314541456
123.000000000000,123.000000000000,17.493536034937,3346.457146132011
123.050000000000,123.050000000000,17.487344482593,3347.331668144949
123.054722222222,123.054722222222,17.486759724871,3347.414245890991
123.100000000000,123.100000000000,17.481971429370,3348.205899110181
123.150000000000,123.150000000000,17.476683741086,3349.079865489442
123.200000000000,123.200000000000,17.471396052801,3349.953567484290
123.250000000000,123.250000000000,17.466108364517,3350.827005094723
123.300000000000,123.300000000000,17.460820676232,3351.700178320741
123.350000000000,123.350000000000,17.455532987947,3352.573087162345
123.400000000000,123.400000000000,17.450245299662,3353.445731619536
123.450000000000,123.450000000000,17.444957611377,3354.318111692312
123.500000000000,123.500000000000,17.439669923091,3355.190227380673
123.550000000000,123.550000000000,17.434382234805,3356.062078684621
123.600000000000,123.600000000000,17.429094546519,3356.933665604154
123.650000000000,123.650000000000,17.423806858233,3357.804988139273
123.700000000000,123.700000000000,17.418519169946,3358.676046289977
123.750000000000,123.750000000000,17.413231481659,3359.546840056267
123.800000000000,123.800000000000,17.407943793372,3360.417369438143
123.850000000000,123.850000000000,17.402656105085,3361.287634435604
123.900000000000,123.900000000000,17.397368416797,3362.157635048651
123.950000000000,123.950000000000,17.392080728510,3363.027371277284
124.000000000000,124.000000000000,17.386793040222,3363.896843121502
124.050000000000,124.050000000000,17.381505351933,3364.766050581306
124.054722222222,124.054722222222,17.381005959151,3364.848128733009
124.100000000000,124.100000000000,17.376366865193,3365.634997034453
124.150000000000,124.150000000000,17.371243939351,3366.503687304566
124.200000000000,124.200000000000,17.366121013508,3367.372121428388
124.250000000000,124.250000000000,17.360998087665,3368.240299405917
124.300000000000,124.300000000000,17.355875161822,3369.108221237154
124.350000000000,124.350000000000,17.350752235979,3369.975886922099
124.400000000000,124.400000000000,17.345629310135,3370.843296460752
124.450000000000,124.450000000000,17.340506384291,3371.710449853113
124.500000000000,124.500000000000,17.335383458447,3372.577347099181
124.550000000000,124.550000000000,17.330260532603,3373.443988198957
124.600000000000,124.600000000000,17.325137606758,3374.310373152442
124.650000000000,124.650000000000,17.320014680914,3375.176501959634
124.700000000000,124.700000000000,17.314891755069,3376.042374620533
124.750000000000,124.750000000000,17.309768829224,3376.907991135140
124.800000000000,124.800000000000,17.304645903378,3377.773351503456
124.850000000000,124.850000000000,17.299522977533,3378.638455725478
124.900000000000,124.900000000000,17.294400051687,3379.503303801209
124.950000000000,124.950000000000,17.289277125841,3380.367895730647
125.000000000000,125.000000000000,17.284154199995,3381.232231513793
125.050000000000,125.050000000000,17.279031274148,3382.096311150646
125.054722222222,125.054722222222,17.278547442263,3382.177905433723
125.100000000000,125.100000000000,17.273237565664,3382.960119455433
125.150000000000,125.150000000000,17.267373898254,3383.823634742032
125.200000000000,125.200000000000,17.261510230844,3384.686856845259
125.250000000000,125.250000000000,17.255646563434,3385.549785765116
125.300000000000,125.300000000000,17.249782896023,3386.412421501603
125.350000000000,125.350000000000,17.243919228612,3387.274764054719
125.400000000000,125.400000000000,17.238055561201,3388.136813424464
125.450000000000,125.450000000000,17.232191893790,3388.998569610839
125.500000000000,125.500000000000,17.226328226378,3389.860032613843
125.550000000000,125.550000000000,17.220464558966,3390.721202433477
125.600000000000,125.600000000000,17.214600891553,3391.582079069740
125.650000000000,125.650000000000,17.208737224141,3392.442662522632
125.700000000000,125.700000000000,17.202873556728,3393.302952792154
125.750000000000,125.750000000000,17.197009889314,3394.162949878305
125.800000000000,125.800000000000,17.191146221901,3395.022653781085
125.850000000000,125.850000000000,17.185282554487,3395.882064500495
125.900000000000,125.900000000000,17.179418887073,3396.741182036534
125.950000000000,125.950000000000,17.173555219658,3397.600006389202
126.000000000000,126.000000000000,17.167691552243,3398.458537558500
126.050000000000,126.050000000000,17.161827884828,3399.316775544426
126.054722222222,126.054722222222,17.161274094017,3399.397816201873
126.100000000000,126.100000000000,17.156005421695,3400.174721279801
126.150000000000,126.150000000000,17.150187255940,3401.032376096743
126.200000000000,126.200000000000,17.144369090185,3401.889740005396
126.250000000000,126.250000000000,17.138550924430,3402.746813005761
126.300000000000,126.300000000000,17.132732758675,3403.603595097838
126.350000000000,126.350000000000,17.126914592919,3404.460086281628
126.400000000000,126.400000000000,17.121096427163,3405.316286557130
126.450000000000,126.450000000000,17.115278261407,3406.172195924345
126.500000000000,126.500000000000,17.109460095650,3407.027814383271
126.550000000000,126.550000000000,17.103641929894,3407.883141933910
126.600000000000,126.600000000000,17.097823764137,3408.738178576260
126.650000000000,126.650000000000,17.092005598379,3409.592924310324
126.700000000000,126.700000000000,17.086187432621,3410.447379136099
126.750000000000,126.750000000000,17.080369266864,3411.301543053586
126.800000000000,126.800000000000,17.074551101105,3412.155416062785
126.850000000000,126.850000000000,17.068732935347,3413.008998163696
126.900000000000,126.900000000000,17.062914769588,3413.862289356320
126.950000000000,126.950000000000,17.057096603829,3414.715289640655
127.000000000000,127.000000000000,17.051278438070,3415.567999016702
127.050000000000,127.050000000000,17.045460272310,3416.420417484462
127.054722222222,127.054722222222,17.044910778877,3416.500908638329
127.100000000000,127.100000000000,17.039557696460,3417.272543132983
127.150000000000,127.150000000000,17.033646317103,3418.124373233322
127.200000000000,127.200000000000,17.027734937746,3418.975907764693
127.250000000000,127.250000000000,17.021823558388,3419.827146727097
127.300000000000,127.300000000000,17.015912179030,3420.678090120532
127.350000000000,127.350000000000,17.010000799672,3421.528737945000
127.400000000000,127.400000000000,17.004089420314,3422.379090200499
127.450000000000,127.450000000000,16.998178040955,3423.229146887031
127.500000000000,127.500000000000,16.992266661596,3424.078908004595
127.550000000000,127.550000000000,16.986355282237,3424.928373553191
127.600000000000,127.600000000000,16.980443902878,3425.777543532819
127.650000000000,127.650000000000,16.974532523518,3426.626417943479
127.700000000000,127.700000000000,16.968621144158,3427.474996785171
127.750000000000,127.750000000000,16.962709764797,3428.323280057894
127.800000000000,127.800000000000,16.956798385437,3429.171267761650
127.850000000000,127.850000000000,16.950887006076,3430.018959896438
127.900000000000,127.900000000000,16.944975626715,3430.866356462258
127.950000000000,127.950000000000,16.939064247353,3431.713457459110
128.000000000000,128.000000000000,16.933152867991,3432.560262886993
128.050000000000,128.050000000000,16.927241488629,3433.406772745909
128.054722222222,128.054722222222,16.926683191689,3433.486705623623
128.100000000000,128.100000000000,16.917697594679,3434.252904799762
128.150000000000,128.150000000000,16.907774849513,3435.098541610867
128.200000000000,128.200000000000,16.897852104346,3435.943682284714
128.250000000000,128.250000000000,16.887929359178,3436.788326821302
128.300000000000,128.300000000000,16.878006614009,3437.632475220632
128.350000000000,128.350000000000,16.868083868839,3438.476127482703
128.400000000000,128.400000000000,16.858161123669,3439.319283607516
128.450000000000,128.450000000000,16.848238378497,3440.161943595070
128.500000000000,128.500000000000,16.838315633324,3441.004107445365
128.550000000000,128.550000000000,16.828392888150,3441.845775158402
128.600000000000,128.600000000000,16.818470142976,3442.686946734180
128.650000000000,128.650000000000,16.808547397800,3443.527622172700
128.700000000000,128.700000000000,16.798624652623,3444.367801473960
128.750000000000,128.750000000000,16.788701907446,3445.207484637962
128.800000000000,128.800000000000,16.778779162267,3446.046671664705
128.850000000000,128.850000000000,16.768856417087,3446.885362554189
128.900000000000,128.900000000000,16.758933671907,3447.723557306414
128.950000000000,128.950000000000,16.749010926725,3448.561255921380
129.000000000000,129.000000000000,16.739088181543,3449.398458399086
129.050000000000,129.050000000000,16.729165436359,3450.235164739534
129.054722222222,129.054722222222,16.728228288203,3450.314161363602
129.100000000000,129.100000000000,16.720864802969,3451.071411665531
129.150000000000,129.150000000000,16.712733346881,3451.907251619277
129.200000000000,129.200000000000,16.704601890793,3452.742685000219
129.250000000000,129.250000000000,16.696470434705,3453.577711808357
129.300000000000,129.300000000000,16.688338978616,3454.412332043690
129.350000000000,129.350000000000,16.680207522526,3455.246545706218
129.400000000000,129.400000000000,16.672076066436,3456.080352795942
129.450000000000,129.450000000000,16.663944610345,3456.913753312861
129.500000000000,129.500000000000,16.655813154254,3457.746747256977
129.550000000000,129.550000000000,16.647681698162,3458.579334628287
129.600000000000,129.600000000000,16.639550242070,3459.411515426792
129.650000000000,129.650000000000,16.631418785977,3460.243289652494
129.700000000000,129.700000000000,16.623287329883,3461.074657305390
129.750000000000,129.750000000000,16.615155873789,3461.905618385482
129.800000000000,129.800000000000,16.607024417695,3462.736172892769
129.850000000000,129.850000000000,16.598892961599,3463.566320827251
129.900000000000,129.900000000000,16.590761505504,3464.396062188929
129.950000000000,129.950000000000,16.582630049407,3465.225396977802
130.000000000000,130.000000000000,16.574498593310,3466.054325193870
130.050000000000,130.050000000000,16.566367137213,3466.882846837133
130.054722222222,130.054722222222,16.565599166359,3466.961075090901
130.100000000000,130.100000000000,16.559977199498,3467.711001333632
130.150000000000,130.150000000000,16.553768892534,3468.538844985933
130.200000000000,130.200000000000,16.547560585569,3469.366378222885
130.250000000000,130.250000000000,16.541352278605,3470.193601044490
130.300000000000,130.300000000000,16.535143971640,3471.020513450746
130.350000000000,130.350000000000,16.528935664674,3471.847115441653
130.400000000000,130.400000000000,16.522727357709,3472.673407017213
130.450000000000,130.450000000000,16.516519050743,3473.499388177424
130.500000000000,130.500000000000,16.510310743777,3474.325058922288
130.550000000000,130.550000000000,16.504102436811,3475.150419251802
130.600000000000,130.600000000000,16.497894129844,3475.975469165968
130.650000000000,130.650000000000,16.491685822877,3476.800208664787
130.700000000000,130.700000000000,16.485477515910,3477.624637748256
130.750000000000,130.750000000000,16.479269208942,3478.448756416378
130.800000000000,130.800000000000,16.473060901974,3479.272564669151
130.850000000000,130.850000000000,16.466852595006,3480.096062506575
130.900000000000,130.900000000000,16.460644288038,3480.919249928652
130.950000000000,130.950000000000,16.454435981069,3481.742126935379
131.000000000000,131.000000000000,16.448227674100,3482.564693526759
131.050000000000,131.050000000000,16.442019367131,3483.386949702789
131.054722222222,131.054722222222,16.441433027028,3483.464591187605
131.100000000000,131.100000000000,16.436456742903,3484.208910081011
131.150000000000,131.150000000000,16.430961459819,3485.030595536080
131.200000000000,131.200000000000,16.425466176734,3485.852006226993
131.250000000000,131.250000000000,16.419970893650,3486.673142153753
131.300000000000,131.300000000000,16.414475610566,3487.494003316358
131.350000000000,131.350000000000,16.408980327481,3488.314589714809
131.400000000000,131.400000000000,16.403485044396,3489.134901349106
131.450000000000,131.450000000000,16.397989761311,3489.954938219249
131.500000000000,131.500000000000,16.392494478225,3490.774700325237
131.550000000000,131.550000000000,16.386999195139,3491.594187667071
131.600000000000,131.600000000000,16.381503912053,3492.413400244751
131.650000000000,131.650000000000,16.376008628967,3493.232338058277
131.700000000000,131.700000000000,16.370513345881,3494.051001107648
131.750000000000,131.750000000000,16.365018062794,3494.869389392865
131.800000000000,131.800000000000,16.359522779708,3495.687502913927
131.850000000000,131.850000000000,16.354027496620,3496.505341670835
131.900000000000,131.900000000000,16.348532213533,3497.322905663589
131.950000000000,131.950000000000,16.343036930446,3498.140194892188
132.000000000000,132.000000000000,16.337541647358,3498.957209356634
132.050000000000,132.050000000000,16.332046364270,3499.773949056925
132.054722222222,132.054722222222,16.331527365312,3499.851071383783
132.100000000000,132.100000000000,16.326983869816,3500.590423790915
132.150000000000,132.150000000000,16.321966512827,3501.406647550481
132.200000000000,132.200000000000,16.316949155838,3502.222620442197
132.250000000000,132.250000000000,16.311931798848,3503.038342466064
132.300000000000,132.300000000000,16.306914441858,3503.853813622082
132.350000000000,132.350000000000,16.301897084868,3504.669033910250
132.400000000000,132.400000000000,16.296879727878,3505.484003330569
132.450000000000,132.450000000000,16.291862370888,3506.298721883038
132.500000000000,132.500000000000,16.286845013897,3507.113189567658
132.550000000000,132.550000000000,16.281827656906,3507.927406384428
132.600000000000,132.600000000000,16.276810299915,3508.741372333348
132.650000000000,132.650000000000,16.271792942924,3509.555087414420
132.700000000000,132.700000000000,16.266775585933,3510.368551627641
132.750000000000,132.750000000000,16.261758228942,3511.181764973013
132.800000000000,132.800000000000,16.256740871950,3511.994727450535
132.850000000000,132.850000000000,16.251723514958,3512.807439060208
132.900000000000,132.900000000000,16.246706157966,3513.619899802031
132.950000000000,132.950000000000,16.241688800974,3514.432109676004
133.000000000000,133.000000000000,16.236671443981,3515.244068682128
133.050000000000,133.050000000000,16.231654086989,3516.055776820403
133.054722222222,133.054722222222,16.231180225495,3516.132425179193
133.100000000000,133.100000000000,16.226606661878,3516.867233410118
133.150000000000,133.150000000000,16.221556100829,3517.678437479186
133.200000000000,133.200000000000,16.216505539780,3518.489389020202
133.250000000000,133.250000000000,16.211454978730,3519.300088033165
133.300000000000,133.300000000000,16.206404417681,3520.110534518075
133.350000000000,133.350000000000,16.201353856631,3520.920728474932
133.400000000000,133.400000000000,16.196303295581,3521.730669903738
133.450000000000,133.450000000000,16.191252734530,3522.540358804490
133.500000000000,133.500000000000,16.186202173480,3523.349795177191
133.550000000000,133.550000000000,16.181151612429,3524.158979021839
133.600000000000,133.600000000000,16.176101051378,3524.967910338434
133.650000000000,133.650000000000,16.171050490327,3525.776589126976
133.700000000000,133.700000000000,16.165999929276,3526.585015387466
133.750000000000,133.750000000000,16.160949368225,3527.393189119904
133.800000000000,133.800000000000,16.155898807173,3528.201110324289
133.850000000000,133.850000000000,16.150848246121,3529.008779000621
133.900000000000,133.900000000000,16.145797685069,3529.816195148901
133.950000000000,133.950000000000,16.140747124017,3530.623358769128
134.000000000000,134.000000000000,16.135696562964,3531.430269861302
134.050000000000,134.050000000000,16.130646001912,3532.236928425425
134.054722222222,134.054722222222,16.130169004479,3532.313099794186
134.100000000000,134.100000000000,16.125547642542,3533.043333379393
134.150000000000,134.150000000000,16.120444298071,3533.849483177908
134.200000000000,134.200000000000,16.115340953600,3534.655377809200
134.250000000000,134.250000000000,16.110237609129,3535.461017273269
134.300000000000,134.300000000000,16.105134264658,3536.266401570113
134.350000000000,134.350000000000,16.100030920187,3537.071530699734
134.400000000000,134.400000000000,16.094927575715,3537.876404662132
134.450000000000,134.450000000000,16.089824231243,3538.681023457306
134.500000000000,134.500000000000,16.084720886771,3539.485387085256
134.550000000000,134.550000000000,16.079617542299,3540.289495545983
134.600000000000,134.600000000000,16.074514197827,3541.093348839486
134.650000000000,134.650000000000,16.069410853354,3541.896946965766
134.700000000000,134.700000000000,16.064307508881,3542.700289924821
134.750000000000,134.750000000000,16.059204164408,3543.503377716654
134.800000000000,134.800000000000,16.054100819935,3544.306210341263
134.850000000000,134.850000000000,16.048997475461,3545.108787798647
134.900000000000,134.900000000000,16.043894130988,3545.911110088809
134.950000000000,134.950000000000,16.038790786514,3546.713177211746
135.000000000000,135.000000000000,16.033687442040,3547.514989167460
135.050000000000,135.050000000000,16.028584097566,3548.316545955951
135.054722222222,135.054722222222,16.028102115032,3548.392235353949
135.100000000000,135.100000000000,16.023392119901,3549.117845570660
135.150000000000,135.150000000000,16.018190898284,3549.918885146115
135.200000000000,135.200000000000,16.012989676667,3550.719664660488
135.250000000000,135.250000000000,16.007788455049,3551.520184113781
135.300000000000,135.300000000000,16.002587233432,3552.320443505994
135.350000000000,135.350000000000,15.997386011814,3553.120442837125
135.400000000000,135.400000000000,15.992184790195,3553.920182107175
135.450000000000,135.450000000000,15.986983568577,3554.719661316144
135.500000000000,135.500000000000,15.981782346959,3555.518880464032
135.550000000000,135.550000000000,15.976581125340,3556.317839550840
135.600000000000,135.600000000000,15.971379903721,3557.116538576567
135.650000000000,135.650000000000,15.966178682102,3557.914977541212
135.700000000000,135.700000000000,15.960977460482,3558.713156444777
135.750000000000,135.750000000000,15.955776238862,3559.511075287261
135.800000000000,135.800000000000,15.950575017242,3560.308734068663
135.850000000000,135.850000000000,15.945373795622,3561.106132788985
135.900000000000,135.900000000000,15.940172574002,3561.903271448225
135.950000000000,135.950000000000,15.934971352382,3562.700150046385
136.000000000000,136.000000000000,15.929770130761,3563.496768583464
136.050000000000,136.050000000000,15.924568909140,3564.293127059461
136.054722222222,136.054722222222,15.924077682653,3564.368325252799
136.100000000000,136.100000000000,15.918996901183,3565.089217080187
136.150000000000,136.150000000000,15.913386222257,3565.885026658273
136.200000000000,136.200000000000,15.907775543332,3566.680555702413
136.250000000000,136.250000000000,15.902164864406,3567.475804212606
136.300000000000,136.300000000000,15.896554185480,3568.270772188854
136.350000000000,136.350000000000,15.890943506554,3569.065459631154
136.400000000000,136.400000000000,15.885332827628,3569.859866539509
136.450000000000,136.450000000000,15.879722148701,3570.653992913917
136.500000000000,136.500000000000,15.874111469774,3571.447838754379
136.550000000000,136.550000000000,15.868500790847,3572.241404060894
136.600000000000,136.600000000000,15.862890111919,3573.034688833463
136.650000000000,136.650000000000,15.857279432991,3573.827693072086
136.700000000000,136.700000000000,15.851668754063,3574.620416776762
136.750000000000,136.750000000000,15.846058075135,3575.412859947492
136.800000000000,136.800000000000,15.840447396206,3576.205022584276
136.850000000000,136.850000000000,15.834836717278,3576.996904687113
136.900000000000,136.900000000000,15.829226038348,3577.788506256004
136.950000000000,136.950000000000,15.823615359419,3578.579827290947
137.000000000000,137.000000000000,15.818004680490,3579.370867791945
137.050000000000,137.050000000000,15.812394001560,3580.161627758997
137.054722222222,137.054722222222,15.811864104105,3580.236296146187
137.100000000000,137.100000000000,15.805520887481,3580.952078611972
137.150000000000,137.150000000000,15.798516108387,3581.742179536869
137.200000000000,137.200000000000,15.791511329293,3582.531930222811
137.250000000000,137.250000000000,15.784506550198,3583.321330669798
137.300000000000,137.300000000000,15.777501771102,3584.110380877831
137.350000000000,137.350000000000,15.770496992006,3584.899080846908
137.400000000000,137.400000000000,15.763492212910,3585.687430577032
137.450000000000,137.450000000000,15.756487433814,3586.475430068199
137.500000000000,137.500000000000,15.749482654716,3587.263079320413
137.550000000000,137.550000000000,15.742477875619,3588.050378333671
137.600000000000,137.600000000000,15.735473096521,3588.837327107974
137.650000000000,137.650000000000,15.728468317423,3589.623925643323
137.700000000000,137.700000000000,15.721463538324,3590.410173939717
137.750000000000,137.750000000000,15.714458759225,3591.196071997155
137.800000000000,137.800000000000,15.707453980125,3591.981619815639
137.850000000000,137.850000000000,15.700449201025,3592.766817395167
137.900000000000,137.900000000000,15.693444421924,3593.551664735741
137.950000000000,137.950000000000,15.686439642823,3594.336161837360
138.000000000000,138.000000000000,15.679434863722,3595.120308700024
138.050000000000,138.050000000000,15.672430084620,3595.904105323732
138.054722222222,138.054722222222,15.671768522149,3595.978112459328
138.100000000000,138.100000000000,15.665936819511,3596.687563288594
138.150000000000,138.150000000000,15.659496902486,3597.470699131644
138.200000000000,138.200000000000,15.653056985461,3598.253512978842
138.250000000000,138.250000000000,15.646617068436,3599.036004830190
138.300000000000,138.300000000000,15.640177151410,3599.818174685686
138.350000000000,138.350000000000,15.633737234384,3600.600022545330
138.400000000000,138.400000000000,15.627297317358,3601.381548409124
138.450000000000,138.450000000000,15.620857400332,3602.162752277066
138.500000000000,138.500000000000,15.614417483305,3602.943634149157
138.550000000000,138.550000000000,15.607977566277,3603.724194025397
138.600000000000,138.600000000000,15.601537649250,3604.504431905785
138.650000000000,138.650000000000,15.595097732222,3605.284347790322
138.700000000000,138.700000000000,15.588657815193,3606.063941679007
138.750000000000,138.750000000000,15.582217898165,3606.843213571841
138.800000000000,138.800000000000,15.575777981136,3607.622163468824
138.850000000000,138.850000000000,15.569338064107,3608.400791369955
138.900000000000,138.900000000000,15.562898147077,3609.179097275235
138.950000000000,138.950000000000,15.556458230047,3609.957081184662
139.000000000000,139.000000000000,15.550018313017,3610.734743098239
139.050000000000,139.050000000000,15.543578395986,3611.512083015964
139.054722222222,139.054722222222,15.542970181600,3611.585481811213
139.100000000000,139.100000000000,15.537328552003,3612.289105240880
139.150000000000,139.150000000000,15.531098531590,3613.065815917970
139.200000000000,139.200000000000,15.524868511176,3613.842215094039
139.250000000000,139.250000000000,15.518638490761,3614.618302769087
139.300000000000,139.300000000000,15.512408470347,3615.394078943115
139.350000000000,139.350000000000,15.506178449932,3616.169543616122
139.400000000000,139.400000000000,15.499948429516,3616.944696788108
139.450000000000,139.450000000000,15.493718409101,3617.719538459073
139.500000000000,139.500000000000,15.487488388685,3618.494068629018
139.550000000000,139.550000000000,15.481258368269,3619.268287297942
139.600000000000,139.600000000000,15.475028347852,3620.042194465845
139.650000000000,139.650000000000,15.468798327435,3620.815790132727
139.700000000000,139.700000000000,15.462568307018,3621.589074298588
139.750000000000,139.750000000000,15.456338286601,3622.362046963429
139.800000000000,139.800000000000,15.450108266183,3623.134708127249
139.850000000000,139.850000000000,15.443878245765,3623.907057790048
139.900000000000,139.900000000000,15.437648225347,3624.679095951826
139.950000000000,139.950000000000,15.431418204928,3625.450822612582
140.000000000000,140.000000000000,15.425188184509,3626.222237772318
140.050000000000,140.050000000000,15.418958164089,3626.993341431034
140.054722222222,140.054722222222,15.418369773272,3627.066151788660
140.100000000000,140.100000000000,15.413719306796,3627.764156027559
140.150000000000,140.150000000000,15.408583822344,3628.534713605788
140.200000000000,140.200000000000,15.403448337891,3629.305014409794
140.250000000000,140.250000000000,15.398312853439,3630.075058439577
140.300000000000,140.300000000000,15.393177368986,3630.844845695138
140.350000000000,140.350000000000,15.388041884533,3631.614376176476
140.400000000000,140.400000000000,15.382906400079,3632.383649883592
140.450000000000,140.450000000000,15.377770915626,3633.152666816484
140.500000000000,140.500000000000,15.372635431172,3633.921426975154
140.550000000000,140.550000000000,15.367499946718,3634.689930359601
140.600000000000,140.600000000000,15.362364462264,3635.458176969826
140.650000000000,140.650000000000,15.357228977810,3636.226166805828
140.700000000000,140.700000000000,15.352093493356,3636.993899867607
140.750000000000,140.750000000000,15.346958008901,3637.761376155163
140.800000000000,140.800000000000,15.341822524446,3638.528595668497
140.850000000000,140.850000000000,15.336687039991,3639.295558407608
140.900000000000,140.900000000000,15.331551555536,3640.062264372496
140.950000000000,140.950000000000,15.326416071080,3640.828713563161
141.000000000000,141.000000000000,15.321280586625,3641.594905979604
141.050000000000,141.050000000000,15.316145102169,3642.360841621824
141.054722222222,141.054722222222,15.315660084192,3642.433166717400
141.100000000000,141.100000000000,15.311283426579,3643.126526688549
141.150000000000,141.150000000000,15.306450307743,3643.891970031907
141.200000000000,141.200000000000,15.301617188906,3644.657171719323
141.250000000000,141.250000000000,15.296784070069,3645.422131750798
141.300000000000,141.300000000000,15.291950951232,3646.186850126330
141.350000000000,141.350000000000,15.287117832395,3646.951326845920
141.400000000000,141.400000000000,15.282284713557,3647.715561909569
141.450000000000,141.450000000000,15.277451594720,3648.479555317276
141.500000000000,141.500000000000,15.272618475882,3649.243307069041
141.550000000000,141.550000000000,15.267785357044,3650.006817164864
141.600000000000,141.600000000000,15.262952238206,3650.770085604745
141.650000000000,141.650000000000,15.258119119367,3651.533112388684
141.700000000000,141.700000000000,15.253286000529,3652.295897516682
141.750000000000,141.750000000000,15.248452881690,3653.058440988737
141.800000000000,141.800000000000,15.243619762851,3653.820742804851
141.850000000000,141.850000000000,15.238786644012,3654.582802965022
141.900000000000,141.900000000000,15.233953525173,3655.344621469252
141.950000000000,141.950000000000,15.229120406334,3656.106198317540
142.000000000000,142.000000000000,15.224287287494,3656.867533509886
142.050000000000,142.050000000000,15.219454168654,3657.628627046289
142.054722222222,142.054722222222,15.218997707430,3657.700495613215
142.100000000000,142.100000000000,15.214738827330,3658.389481593103
142.150000000000,142.150000000000,15.210035769549,3659.150100958025
142.200000000000,142.200000000000,15.205332711769,3659.910485170057
142.250000000000,142.250000000000,15.200629653988,3660.670634229201
142.300000000000,142.300000000000,15.195926596207,3661.430548135456
142.350000000000,142.350000000000,15.191223538426,3662.190226888822
142.400000000000,142.400000000000,15.186520480645,3662.949670489299
142.450000000000,142.450000000000,15.181817422864,3663.708878936886
142.500000000000,142.500000000000,15.177114365082,3664.467852231585
142.550000000000,142.550000000000,15.172411307300,3665.226590373395
142.600000000000,142.600000000000,15.167708249518,3665.985093362315
142.650000000000,142.650000000000,15.163005191736,3666.743361198347
142.700000000000,142.700000000000,15.158302133954,3667.501393881489
142.750000000000,142.750000000000,15.153599076172,3668.259191411742
142.800000000000,142.800000000000,15.148896018389,3669.016753789106
142.850000000000,142.850000000000,15.144192960606,3669.774081013581
142.900000000000,142.900000000000,15.139489902823,3670.531173085166
142.950000000000,142.950000000000,15.134786845040,3671.288030003863
143.000000000000,143.000000000000,15.130083787257,3672.044651769671
143.050000000000,143.050000000000,15.125380729474,3672.801038382589
143.054722222222,143.054722222222,15.124936551794,3672.872462742833
143.100000000000,143.100000000000,15.120420007149,3673.557184009379
143.150000000000,143.150000000000,15.115432411835,3674.313080319854
143.200000000000,143.200000000000,15.110444816521,3675.068727250562
143.250000000000,143.250000000000,15.105457221207,3675.824124801506
143.300000000000,143.300000000000,15.100469625893,3676.579272972684
143.350000000000,143.350000000000,15.095482030578,3677.334171764095
143.400000000000,143.400000000000,15.090494435264,3678.088821175741
143.450000000000,143.450000000000,15.085506839949,3678.843221207621
143.500000000000,143.500000000000,15.080519244633,3679.597371859736
143.550000000000,143.550000000000,15.075531649318,3680.351273132085
143.600000000000,143.600000000000,15.070544054002,3681.104925024668
143.650000000000,143.650000000000,15.065556458687,3681.858327537485
143.700000000000,143.700000000000,15.060568863371,3682.611480670536
143.750000000000,143.750000000000,15.055581268054,3683.364384423822
143.800000000000,143.800000000000,15.050593672738,3684.117038797342
143.850000000000,143.850000000000,15.045606077421,3684.869443791096
143.900000000000,143.900000000000,15.040618482104,3685.621599405084
143.950000000000,143.950000000000,15.035630886788,3686.373505639306
144.000000000000,144.000000000000,15.030643291470,3687.125162493763
144.050000000000,144.050000000000,15.025655696153,3687.876569968454
144.054722222222,144.054722222222,15.025184645484,3687.947523341479
144.100000000000,144.100000000000,15.020529358783,3688.627724922412
144.150000000000,144.150000000000,15.015388551383,3689.378622870167
144.200000000000,144.200000000000,15.010247743983,3690.129263777550
144.250000000000,144.250000000000,15.005106936583,3690.879647644565
144.300000000000,144.300000000000,14.999966129182,3691.629774471209
144.350000000000,144.350000000000,14.994825321781,3692.379644257483
144.400000000000,144.400000000000,14.989684514380,3693.129257003387
144.450000000000,144.450000000000,14.984543706979,3693.878612708921
144.500000000000,144.500000000000,14.979402899577,3694.627711374085
144.550000000000,144.550000000000,14.974262092176,3695.376552998879
144.600000000000,144.600000000000,14.969121284774,3696.125137583303
144.650000000000,144.650000000000,14.963980477372,3696.873465127356
144.700000000000,144.700000000000,14.958839669969,3697.621535631039
144.750000000000,144.750000000000,14.953698862567,3698.369349094353
144.800000000000,144.800000000000,14.948558055164,3699.116905517296
144.850000000000,144.850000000000,14.943417247761,3699.864204899869
144.900000000000,144.900000000000,14.938276440358,3700.611247242072
144.950000000000,144.950000000000,14.933135632954,3701.358032543905
145.000000000000,145.000000000000,14.927994825551,3702.104560805367
145.050000000000,145.050000000000,14.922854018147,3702.850832026460
145.054722222222,145.054722222222,14.922368497447,3702.921299912952
145.100000000000,145.100000000000,14.917593280142,3703.596843492086
145.150000000000,145.150000000000,14.912320034038,3704.342591324941
145.200000000000,145.200000000000,14.907046787934,3705.088075495490
145.250000000000,145.250000000000,14.901773541830,3705.833296003734
145.300000000000,145.300000000000,14.896500295725,3706.578252849673
145.350000000000,145.350000000000,14.891227049620,3707.322946033307
145.400000000000,145.400000000000,14.885953803515,3708.067375554635
145.450000000000,145.450000000000,14.880680557409,3708.811541413658
145.500000000000,145.500000000000,14.875407311304,3709.555443610376
145.550000000000,145.550000000000,14.870134065198,3710.299082144789
145.600000000000,145.600000000000,14.864860819092,3711.042457016896
145.650000000000,145.650000000000,14.859587572986,3711.785568226698
145.700000000000,145.700000000000,14.854314326879,3712.528415774194
145.750000000000,145.750000000000,14.849041080773,3713.270999659385
145.800000000000,145.800000000000,14.843767834666,3714.013319882271
145.850000000000,145.850000000000,14.838494588558,3714.755376442852
145.900000000000,145.900000000000,14.833221342451,3715.497169341127
145.950000000000,145.950000000000,14.827948096343,3716.238698577097
146.000000000000,146.000000000000,14.822674850236,3716.979964150762
146.050000000000,146.050000000000,14.817401604127,3717.720966062121
146.054722222222,146.054722222222,14.816903575328,3717.790935949346
146.100000000000,146.100000000000,14.812212989889,3718.461706227145
146.150000000000,146.150000000000,14.807033202288,3719.202187381950
146.200000000000,146.200000000000,14.801853414686,3719.942409547374
146.250000000000,146.250000000000,14.796673627084,3720.682372723419
146.300000000000,146.300000000000,14.791493839482,3721.422076910083
146.350000000000,146.350000000000,14.786314051879,3722.161522107367
146.400000000000,146.400000000000,14.781134264277,3722.900708315271
146.450000000000,146.450000000000,14.775954476674,3723.639635533794
146.500000000000,146.500000000000,14.770774689071,3724.378303762938
146.550000000000,146.550000000000,14.765594901468,3725.116713002702
146.600000000000,146.600000000000,14.760415113864,3725.854863253085
146.650000000000,146.650000000000,14.755235326260,3726.592754514088
146.700000000000,146.700000000000,14.750055538656,3727.330386785711
146.750000000000,146.750000000000,14.744875751052,3728.067760067954
146.800000000000,146.800000000000,14.739695963448,3728.804874360817
146.850000000000,146.850000000000,14.734516175843,3729.541729664299
146.900000000000,146.900000000000,14.729336388238,3730.278325978401
146.950000000000,146.950000000000,14.724156600633,3731.014663303123
147.000000000000,147.000000000000,14.718976813028,3731.750741638465
147.050000000000,147.050000000000,14.713797025422,3732.486560984426
147.054722222222,147.054722222222,14.713307823260,3732.556041648649
147.100000000000,147.100000000000,14.708659182492,3733.222122290587
147.150000000000,147.150000000000,14.703525714160,3733.957426913004
147.200000000000,147.200000000000,14.698392245827,3734.692474862004
147.250000000000,147.250000000000,14.693258777494,3735.427266137587
147.300000000000,147.300000000000,14.688125309161,3736.161800739753
147.350000000000,147.350000000000,14.682991840828,3736.896078668503
147.400000000000,147.400000000000,14.677858372494,3737.630099923836
147.450000000000,147.450000000000,14.672724904160,3738.363864505752
147.500000000000,147.500000000000,14.667591435827,3739.097372414252
147.550000000000,147.550000000000,14.662457967492,3739.830623649335
147.600000000000,147.600000000000,14.657324499158,3740.563618211001
147.650000000000,147.650000000000,14.652191030823,3741.296356099251
147.700000000000,147.700000000000,14.647057562488,3742.028837314083
147.750000000000,147.750000000000,14.641924094153,3742.761061855500
147.800000000000,147.800000000000,14.636790625818,3743.493029723499
147.850000000000,147.850000000000,14.631657157483,3744.224740918081
147.900000000000,147.900000000000,14.626523689147,3744.956195439247
147.950000000000,147.950000000000,14.621390220811,3745.687393286996
148.000000000000,148.000000000000,14.616256752475,3746.418334461328
148.050000000000,148.050000000000,14.611123284138,3747.149018962244
148.054722222222,148.054722222222,14.610638456573,3747.218014788572
148.100000000000,148.100000000000,14.605429266515,3747.879434099529
148.150000000000,148.150000000000,14.599676786697,3748.609561750859
148.200000000000,148.200000000000,14.593924306878,3749.339401778198
148.250000000000,148.250000000000,14.588171827059,3750.068954181546
148.300000000000,148.300000000000,14.582419347239,3750.798218960904
148.350000000000,148.350000000000,14.576666867420,3751.527196116270
148.400000000000,148.400000000000,14.570914387600,3752.255885647645
148.450000000000,148.450000000000,14.565161907779,3752.984287555029
148.500000000000,148.500000000000,14.559409427959,3753.712401838423
148.550000000000,148.550000000000,14.553656948138,3754.440228497826
148.600000000000,148.600000000000,14.547904468317,3755.167767533237
148.650000000000,148.650000000000,14.542151988495,3755.895018944657
148.700000000000,148.700000000000,14.536399508673,3756.621982732086
148.750000000000,148.750000000000,14.530647028851,3757.348658895524
148.800000000000,148.800000000000,14.524894549029,3758.075047434972
148.850000000000,148.850000000000,14.519142069206,3758.801148350427
148.900000000000,148.900000000000,14.513389589383,3759.526961641892
148.950000000000,148.950000000000,14.507637109560,3760.252487309366
149.000000000000,149.000000000000,14.501884629737,3760.977725352848
149.050000000000,149.050000000000,14.496132149913,3761.702675772340
149.054722222222,149.054722222222,14.495588860152,3761.771128446944
149.100000000000,149.100000000000,14.490668618113,3762.427345109302
149.150000000000,149.150000000000,14.485235221997,3763.151742705305
149.200000000000,149.200000000000,14.479801825881,3763.875868631501
149.250000000000,149.250000000000,14.474368429764,3764.599722887893
149.300000000000,149.300000000000,14.468935033647,3765.323305474478
149.350000000000,149.350000000000,14.463501637530,3766.046616391257
149.400000000000,149.400000000000,14.458068241413,3766.769655638231
149.450000000000,149.450000000000,14.452634845295,3767.492423215399
149.500000000000,149.500000000000,14.447201449177,3768.214919122760
149.550000000000,149.550000000000,14.441768053059,3768.937143360316
149.600000000000,149.600000000000,14.436334656940,3769.659095928066
149.650000000000,149.650000000000,14.430901260822,3770.380776826010
149.700000000000,149.700000000000,14.425467864703,3771.102186054148
149.750000000000,149.750000000000,14.420034468584,3771.823323612481
149.800000000000,149.800000000000,14.414601072464,3772.544189501007
149.850000000000,149.850000000000,14.409167676345,3773.264783719727
149.900000000000,149.900000000000,14.403734280224,3773.985106268642
149.950000000000,149.950000000000,14.398300884104,3774.705157147750
150.000000000000,150.000000000000,14.392867487984,3775.424936357052
150.050000000000,150.050000000000,14.387434091863,3776.144443896548
150.054722222222,150.054722222222,14.386920937785,3776.212383345920
150.100000000000,150.100000000000,14.382278865149,3776.863686063684
150.150000000000,150.150000000000,14.377152649967,3777.582671851562
150.200000000000,150.200000000000,14.372026434785,3778.301401328681
150.250000000000,150.250000000000,14.366900219604,3779.019874495040
150.300000000000,150.300000000000,14.361774004421,3779.738091350641
150.350000000000,150.350000000000,14.356647789239,3780.456051895483
150.400000000000,150.400000000000,14.351521574056,3781.173756129565
150.450000000000,150.450000000000,14.346395358873,3781.891204052888
150.500000000000,150.500000000000,14.341269143690,3782.608395665453
150.550000000000,150.550000000000,14.336142928507,3783.325330967258
150.600000000000,150.600000000000,14.331016713323,3784.042009958304
150.650000000000,150.650000000000,14.325890498140,3784.758432638590
150.700000000000,150.700000000000,14.320764282956,3785.474599008117
150.750000000000,150.750000000000,14.315675859737,3786.190510011685
150.800000000000,150.800000000000,14.310614558961,3786.906167272152
150.850000000000,150.850000000000,14.305553258184,3787.621571467580
150.900000000000,150.900000000000,14.300491957408,3788.336722597970
150.950000000000,150.950000000000,14.295430656631,3789.051620663321
151.000000000000,151.000000000000,14.290369355854,3789.766265663633
151.050000000000,151.050000000000,14.285308055077,3790.480657598907
151.054722222222,151.054722222222,14.284830043337,3790.548114869414
151.100000000000,151.100000000000,14.280150016831,3791.194794279112
151.150000000000,151.150000000000,14.275006892825,3791.908673201854
151.200000000000,151.200000000000,14.269890519061,3792.622295637151
151.250000000000,151.250000000000,14.264774145297,3793.335662253760
151.300000000000,151.300000000000,14.259657771533,3794.048773051681
151.350000000000,151.350000000000,14.254541397769,3794.761628030913
151.400000000000,151.400000000000,14.249425024005,3795.474227191457
151.450000000000,151.450000000000,14.244308650240,3796.186570533313
151.500000000000,151.500000000000,14.239192276475,3796.898658056482
151.550000000000,151.550000000000,14.234075902710,3797.610489760961
151.600000000000,151.600000000000,14.228959528945,3798.322065646752
151.650000000000,151.650000000000,14.223843155180,3799.033385713856
151.700000000000,151.700000000000,14.218747130443,3799.744450470996
151.750000000000,151.750000000000,14.213659448600,3800.455260635472
151.800000000000,151.800000000000,14.208571766758,3801.165816415857
151.850000000000,151.850000000000,14.203484084915,3801.876117812148
151.900000000000,151.900000000000,14.198396403072,3802.586164824348
151.950000000000,151.950000000000,14.193308721228,3803.295957452455
152.000000000000,152.000000000000,14.188221039385,3804.005495696471
152.050000000000,152.050000000000,14.183166343015,3804.714780381031
152.054722222222,152.054722222222,14.182692610724,3804.781755325780
152.100000000000,152.100000000000,14.178202788929,3805.423814485525
152.150000000000,152.150000000000,14.173244703512,3806.132600672836
152.200000000000,152.200000000000,14.168286618094,3806.841138955876
152.250000000000,152.250000000000,14.163328532676,3807.549429334646
152.300000000000,152.300000000000,14.158370447258,3808.257471809145
152.350000000000,152.350000000000,14.153417112208,3808.965266498131
152.400000000000,152.400000000000,14.148498263408,3809.672814382521
152.450000000000,152.450000000000,14.143603650380,3810.380116930366
152.500000000000,152.500000000000,14.138709037353,3811.087174747559
152.550000000000,152.550000000000,14.133814424324,3811.793987834101
152.600000000000,152.600000000000,14.128949996206,3812.500556944614
152.650000000000,152.650000000000,14.124088662561,3813.206882911084
152.700000000000,152.700000000000,14.119227328916,3813.912965810870
152.750000000000,152.750000000000,14.114365995270,3814.618805643975
152.800000000000,152.800000000000,14.109530983541,3815.324403068445
152.850000000000,152.850000000000,14.104698065060,3816.029758794660
152.900000000000,152.900000000000,14.099884579524,3816.734873360775
152.950000000000,152.950000000000,14.095082105274,3817.439747527895
153.000000000000,153.000000000000,14.090279631023,3818.144381571302
153.050000000000,153.050000000000,14.085477156773,3818.848775490997
153.054722222222,153.054722222222,14.085023589760,3818.915289173312
153.100000000000,153.100000000000,14.080557303548,3819.552926629650
153.150000000000,153.150000000000,14.075625208345,3820.256831192447
153.200000000000,153.200000000000,14.070710220230,3820.960489578162
153.250000000000,153.250000000000,14.065806861324,3821.663902505201
153.300000000000,153.300000000000,14.060903502418,3822.367070264294
153.350000000000,153.350000000000,14.056000143512,3823.069992855442
153.400000000000,153.400000000000,14.051096784606,3823.772670278645
153.450000000000,153.450000000000,14.046193425699,3824.475102533903
153.500000000000,153.500000000000,14.041290066793,3825.177289621215
153.550000000000,153.550000000000,14.036386707886,3825.879231540582
153.600000000000,153.600000000000,14.031483348979,3826.580928292004
153.650000000000,153.650000000000,14.026579990071,3827.282379875480
153.700000000000,153.700000000000,14.021707888859,3827.983587072453
153.750000000000,153.750000000000,14.016848358018,3828.684550978625
153.800000000000,153.800000000000,14.012049187980,3829.385273417275
153.850000000000,153.850000000000,14.007250017942,3830.085755897423
153.900000000000,153.900000000000,14.002450847904,3830.785998419070
153.950000000000,153.950000000000,13.997651677866,3831.486000982214
154.000000000000,154.000000000000,13.992852507827,3832.185763586856
154.050000000000,154.050000000000,13.988075083803,3832.885286776647
154.054722222222,154.054722222222,13.987624586853,3832.951340511977
154.100000000000,154.100000000000,13.983437038444,3833.584574268220
154.150000000000,154.150000000000,13.978812751857,3834.283630512977
154.200000000000,154.200000000000,13.974188465269,3834.982455543405
154.250000000000,154.250000000000,13.969564178682,3835.681049359504
154.300000000000,154.300000000000,13.964939892094,3836.379411961273
154.350000000000,154.350000000000,13.960315605506,3837.077543348713
154.400000000000,154.400000000000,13.955691318918,3837.775443521824
154.450000000000,154.450000000000,13.951067032330,3838.473112480605
154.500000000000,154.500000000000,13.946442745742,3839.170550225057
154.550000000000,154.550000000000,13.941818459154,3839.867756755179
154.600000000000,154.600000000000,13.937194172565,3840.564732070972
154.650000000000,154.650000000000,13.932577242223,3841.261476356342
154.700000000000,154.700000000000,13.927980021343,3841.957990287931
154.750000000000,154.750000000000,13.923382800463,3842.654274358476
154.800000000000,154.800000000000,13.918785579583,3843.350328567978
154.850000000000,154.850000000000,13.914188358703,3844.046152916434
154.900000000000,154.900000000000,13.909591137823,3844.741747403848
154.950000000000,154.950000000000,13.904993916943,3845.437112030217
155.000000000000,155.000000000000,13.900396696062,3846.132246795542
155.050000000000,155.050000000000,13.895799475181,3846.827151699823
155.054722222222,155.054722222222,13.895365293209,3846.892769727746
155.100000000000,155.100000000000,13.891154018494,3847.521825651055
155.150000000000,155.150000000000,13.886518453007,3848.216267462843
155.200000000000,155.200000000000,13.881888169344,3848.910477628402
155.250000000000,155.250000000000,13.877257885680,3849.604456279777
155.300000000000,155.300000000000,13.872627602016,3850.298203416970
155.350000000000,155.350000000000,13.867997318352,3850.991719039979
155.400000000000,155.400000000000,13.863367034688,3851.685003148805
155.450000000000,155.450000000000,13.858736751024,3852.378055743447
155.500000000000,155.500000000000,13.854106467359,3853.070876823907
155.550000000000,155.550000000000,13.849476183695,3853.763466390184
155.600000000000,155.600000000000,13.844845900030,3854.455824442277
155.650000000000,155.650000000000,13.840215616365,3855.147950980187
155.700000000000,155.700000000000,13.835585332700,3855.839846003913
155.750000000000,155.750000000000,13.830955049035,3856.531509513457
155.800000000000,155.800000000000,13.826324765369,3857.222941508817
155.850000000000,155.850000000000,13.821714356021,3857.914142486852
155.900000000000,155.900000000000,13.817131464830,3858.605113632373
155.950000000000,155.950000000000,13.812548573639,3859.295855633335
156.000000000000,156.000000000000,13.807980263923,3859.986368854274
156.050000000000,156.050000000000,13.803421088208,3860.676653888077
156.054722222222,156.054722222222,13.802990499391,3860.741835693211
156.100000000000,156.100000000000,13.798397099214,3861.366700440238
156.150000000000,156.150000000000,13.793324632760,3862.056493483538
156.200000000000,156.200000000000,13.788252166307,3862.746032903514
156.250000000000,156.250000000000,13.783185686385,3863.435318849832
156.300000000000,156.300000000000,13.778163386099,3864.124352576644
156.350000000000,156.350000000000,13.773162005264,3864.813135711428
156.400000000000,156.400000000000,13.768183347470,3865.501669345247
156.450000000000,156.450000000000,13.763209261095,3866.189954160461
156.500000000000,156.500000000000,13.758235174720,3866.877990271356
156.550000000000,156.550000000000,13.753261088345,3867.565777677933
156.600000000000,156.600000000000,13.748296118245,3868.253316608098
156.650000000000,156.650000000000,13.743348099396,3868.940607713539
156.700000000000,156.700000000000,13.738400080546,3869.627651418037
156.750000000000,156.750000000000,13.733452061696,3870.314447721593
156.800000000000,156.800000000000,13.728514140718,3871.000996876654
156.850000000000,156.850000000000,13.723591163254,3871.687299509253
156.900000000000,156.900000000000,13.718668185789,3872.373355992979
156.950000000000,156.950000000000,13.713755310487,3873.059166580385
157.000000000000,157.000000000000,13.708858153040,3873.744731916974
157.050000000000,157.050000000000,13.703960995594,3874.430052395690
157.054722222222,157.054722222222,13.703498486280,3874.494764452797
157.100000000000,157.100000000000,13.698986234926,3875.115126259683
157.150000000000,157.150000000000,13.694003461865,3875.799951002103
157.200000000000,157.200000000000,13.689068079596,3876.484527790639
157.250000000000,157.250000000000,13.684135575476,3877.168857882016
157.300000000000,157.300000000000,13.679203071356,3877.852941348187
157.350000000000,157.350000000000,13.674270567236,3878.536778189151
157.400000000000,157.400000000000,13.669338063116,3879.220368404910
157.450000000000,157.450000000000,13.664405558995,3879.903711995463
157.500000000000,157.500000000000,13.659473054875,3880.586808960810
157.550000000000,157.550000000000,13.654540550754,3881.269659300950
157.600000000000,157.600000000000,13.649608046633,3881.952263015885
157.650000000000,157.650000000000,13.644677141028,3882.634620145577
157.700000000000,157.700000000000,13.639746250218,3883.316730730357
157.750000000000,157.750000000000,13.634815359407,3883.998594770598
157.800000000000,157.800000000000,13.629892916597,3884.680212477499
157.850000000000,157.850000000000,13.624973819164,3885.361584145892
157.900000000000,157.900000000000,13.620054721731,3886.042709859415
157.950000000000,157.950000000000,13.615135624299,3886.723589618065
158.000000000000,158.000000000000,13.610216526866,3887.404223421845
158.050000000000,158.050000000000,13.605297429432,3888.084611270752
158.054722222222,158.054722222222,13.604832848008,3888.148857411682
158.100000000000,158.100000000000,13.600638486107,3888.764759054387
158.150000000000,158.150000000000,13.596007421916,3889.444675202088
158.200000000000,158.200000000000,13.591376357725,3890.124359796579
158.250000000000,158.250000000000,13.586745293533,3890.803812837861
158.300000000000,158.300000000000,13.582114229342,3891.483034325933
158.350000000000,158.350000000000,13.577483165150,3892.162024260795
158.400000000000,158.400000000000,13.572852100958,3892.840782642447
158.450000000000,158.450000000000,13.568221036766,3893.519309470890
158.500000000000,158.500000000000,13.563592820305,3894.197604817317
158.550000000000,158.550000000000,13.559002054443,3894.875669689186
158.600000000000,158.600000000000,13.554412628609,3895.553505056262
158.650000000000,158.650000000000,13.549823202775,3896.231110952047
158.700000000000,158.700000000000,13.545244799034,3896.908487652092
158.750000000000,158.750000000000,13.540697221958,3897.585636202617
158.800000000000,158.800000000000,13.536160291781,3898.262557640461
158.850000000000,158.850000000000,13.531623361604,3898.939252231795
158.900000000000,158.900000000000,13.527086431427,3899.615719976621
158.950000000000,158.950000000000,13.522549501250,3900.291960874938
159.000000000000,159.000000000000,13.518012571072,3900.967974926746
159.050000000000,159.050000000000,13.513491893200,3901.643762538353
159.054722222222,159.054722222222,13.513065494333,3901.707575243293
159.100000000000,159.100000000000,13.509106576114,3902.319327194335
159.150000000000,159.150000000000,13.504734764583,3902.994673227853
159.200000000000,159.200000000000,13.500362953052,3903.669800670793
159.250000000000,159.250000000000,13.495991141522,3904.344709523158
159.300000000000,159.300000000000,13.491619329991,3905.019399784946
159.350000000000,159.350000000000,13.487247518460,3905.693871456157
159.400000000000,159.400000000000,13.482875706928,3906.368124536792
159.450000000000,159.450000000000,13.478506990161,3907.042159104219
159.500000000000,159.500000000000,13.474139353132,3907.715975262801
159.550000000000,159.550000000000,13.469771716102,3908.389573039532
159.600000000000,159.600000000000,13.465404079073,3909.062952434412
159.650000000000,159.650000000000,13.461036442043,3909.736113447440
159.700000000000,159.700000000000,13.456668805013,3910.409056078616
159.750000000000,159.750000000000,13.452301167983,3911.081780327941
159.800000000000,159.800000000000,13.447933530953,3911.754286195415
159.850000000000,159.850000000000,13.443578859207,3912.426574005169
159.900000000000,159.900000000000,13.439233057136,3913.098644303078
159.950000000000,159.950000000000,13.434887255065,3913.770497310883
160.000000000000,160.000000000000,13.430541452994,3914.442133028584
160.050000000000,160.050000000000,13.426195650922,3915.113551456182
160.054722222222,160.054722222222,13.425785214060,3915.176951966554
160.100000000000,160.100000000000,13.421937087892,3915.784754568671
160.150000000000,160.150000000000,13.417687623411,3916.455745186453
160.200000000000,160.200000000000,13.413438158931,3917.126523331012
160.250000000000,160.250000000000,13.409188694450,3917.797089002347
160.300000000000,160.300000000000,13.404939229969,3918.467442200457
160.350000000000,160.350000000000,13.400689765488,3919.137582925343
160.400000000000,160.400000000000,13.396440301007,3919.807511177006
160.450000000000,160.450000000000,13.392190836526,3920.477226955444
160.500000000000,160.500000000000,13.387941372045,3921.146730260658
160.550000000000,160.550000000000,13.383691907563,3921.816021092648
160.600000000000,160.600000000000,13.379442443081,3922.485099451414
160.650000000000,160.650000000000,13.375192978600,3923.153965336957
160.700000000000,160.700000000000,13.370943514118,3923.822618749275
160.750000000000,160.750000000000,13.366694049636,3924.491059688369
160.800000000000,160.800000000000,13.362451795344,3925.159288334493
160.850000000000,160.850000000000,13.358222927057,3925.827305202553
160.900000000000,160.900000000000,13.353994058770,3926.495110627199
160.950000000000,160.950000000000,13.349765190482,3927.162704608430
161.000000000000,161.000000000000,13.345536322194,3927.830087146247
161.050000000000,161.050000000000,13.341307453906,3928.497258240650
161.054722222222,161.054722222222,13.340908060790,3928.560257916168
161.100000000000,161.100000000000,13.337175308954,3929.164220081347
161.150000000000,161.150000000000,13.333053251712,3929.830975795364
161.200000000000,161.200000000000,13.328931194469,3930.497525406518
161.250000000000,161.250000000000,13.324809137226,3931.163868914810
161.300000000000,161.300000000000,13.320687079983,3931.830006320241
161.350000000000,161.350000000000,13.316565022741,3932.495937622809
161.400000000000,161.400000000000,13.312442965497,3933.161662822515
161.450000000000,161.450000000000,13.308329338475,3933.827182130114
161.500000000000,161.500000000000,13.304224397376,3934.492495973510
161.550000000000,161.550000000000,13.300119456276,3935.157604569852
161.600000000000,161.600000000000,13.296014515177,3935.822507919138
161.650000000000,161.650000000000,13.291909574077,3936.487206021369
161.700000000000,161.700000000000,13.287804632977,3937.151698876545
161.750000000000,161.750000000000,13.283699691877,3937.815986484667
161.800000000000,161.800000000000,13.279594750777,3938.480068845733
161.850000000000,161.850000000000,13.275489809676,3939.143945959744
161.900000000000,161.900000000000,13.271384868576,3939.807617826701
161.950000000000,161.950000000000,13.267279927476,3940.471084446602
162.000000000000,162.000000000000,13.263174986375,3941.134345819448
162.050000000000,162.050000000000,13.259070045274,3941.797401945239
162.054722222222,162.054722222222,13.258682356392,3941.860013305074
162.100000000000,162.100000000000,13.255149198534,3942.460256991667
162.150000000000,162.150000000000,13.251247551820,3943.122916910426
162.200000000000,162.200000000000,13.247349651141,3943.785381840500
162.250000000000,162.250000000000,13.243466670118,3944.447652248531
162.300000000000,162.300000000000,13.239586323975,3945.109728573384
162.350000000000,162.350000000000,13.235722066679,3945.771611283150
162.400000000000,162.400000000000,13.231864797659,3946.433300954759
162.450000000000,162.450000000000,13.228037933847,3947.094798523046
162.500000000000,162.500000000000,13.224211070036,3947.756104748143
162.550000000000,162.550000000000,13.220384206224,3948.417219630050
162.600000000000,162.600000000000,13.216557342412,3949.078143168766
162.650000000000,162.650000000000,13.212730478601,3949.738875364291
162.700000000000,162.700000000000,13.208903614789,3950.399416216625
162.750000000000,162.750000000000,13.205076750977,3951.059765725770
162.800000000000,162.800000000000,13.201249887165,3951.719923891724
162.850000000000,162.850000000000,13.197423023353,3952.379890714486
162.900000000000,162.900000000000,13.193596159540,3953.039666194059
162.950000000000,162.950000000000,13.189769295728,3953.699250330440
163.000000000000,163.000000000000,13.185942431915,3954.358643123632
163.050000000000,163.050000000000,13.182115568103,3955.017844573632
163.054722222222,163.054722222222,13.181754142076,3955.080092599334
163.100000000000,163.100000000000,13.178311299302,3955.676855191968
163.150000000000,163.150000000000,13.174522338257,3956.335676032907
163.200000000000,163.200000000000,13.170735754721,3956.994307485231
163.250000000000,163.250000000000,13.166965425007,3957.652750014724
163.300000000000,163.300000000000,13.163195095292,3958.311004027732
163.350000000000,163.350000000000,13.159432585992,3958.969069719763
163.400000000000,163.400000000000,13.155680812318,3959.626947554721
163.450000000000,163.450000000000,13.151929038643,3960.284637800995
163.500000000000,163.500000000000,13.148177264968,3960.942140458586
163.550000000000,163.550000000000,13.144425491294,3961.599455527493
163.600000000000,163.600000000000,13.140673717619,3962.256583007716
163.650000000000,163.650000000000,13.136921943944,3962.913522899255
163.700000000000,163.700000000000,13.133170170269,3963.570275202110
163.750000000000,163.750000000000,13.129418396593,3964.226839916282
163.800000000000,163.800000000000,13.125666622918,3964.883217041770
163.850000000000,163.850000000000,13.121914849243,3965.539406578573
163.900000000000,163.900000000000,13.118163075567,3966.195408526693
163.950000000000,163.950000000000,13.114411301891,3966.851222886130
164.000000000000,164.000000000000,13.110659528216,3967.506849656882
164.050000000000,164.050000000000,13.106907754540,3968.162288838952
164.054722222222,164.054722222222,13.106553420359,3968.224181733389
164.100000000000,164.100000000000,13.102537815589,3968.817526437761
164.150000000000,164.150000000000,13.098103405413,3969.472542468287
164.200000000000,164.200000000000,13.093682347391,3970.127337112106
164.250000000000,164.250000000000,13.089270226722,3970.781910926460
164.300000000000,164.300000000000,13.084858106052,3971.436264134779
164.350000000000,164.350000000000,13.080445985382,3972.090396737065
164.400000000000,164.400000000000,13.076033864712,3972.744308733318
164.450000000000,164.450000000000,13.071621744042,3973.398000123536
164.500000000000,164.500000000000,13.067209623371,3974.051470907722
164.550000000000,164.550000000000,13.062797502701,3974.704721085874
164.600000000000,164.600000000000,13.058385382030,3975.357750657992
164.650000000000,164.650000000000,13.053973261359,3976.010559624077
164.700000000000,164.700000000000,13.049561140688,3976.663147984128
164.750000000000,164.750000000000,13.045149020017,3977.315515738146
164.800000000000,164.800000000000,13.040736899346,3977.967662886130
164.850000000000,164.850000000000,13.036324778675,3978.619589428080
164.900000000000,164.900000000000,13.031912658003,3979.271295363998
164.950000000000,164.950000000000,13.027500537332,3979.922780693881
165.000000000000,165.000000000000,13.023088416660,3980.574045417731
165.050000000000,165.050000000000,13.018676295988,3981.225089535547
165.054722222222,165.054722222222,13.018259595702,3981.286565634177
165.100000000000,165.100000000000,13.013375000968,3981.875892917410
165.150000000000,165.150000000000,13.007980969974,3982.526426816684
165.200000000000,165.200000000000,13.002588824704,3983.176691061551
165.250000000000,165.250000000000,12.997223229065,3983.826686362895
165.300000000000,165.300000000000,12.991857633426,3984.476413384457
165.350000000000,165.350000000000,12.986504234173,3985.125872431147
165.400000000000,165.400000000000,12.981166650307,3985.775064203259
165.450000000000,165.450000000000,12.975829066442,3986.423989096178
165.500000000000,165.500000000000,12.970491482576,3987.072647109903
165.550000000000,165.550000000000,12.965153898710,3987.721038244435
165.600000000000,165.600000000000,12.959816314844,3988.369162499774
165.650000000000,165.650000000000,12.954494047505,3989.017020258833
165.700000000000,165.700000000000,12.949183629725,3989.664612200763
165.750000000000,165.750000000000,12.943873211945,3990.311938621805
165.800000000000,165.800000000000,12.938562794165,3990.958999521958
165.850000000000,165.850000000000,12.933252376385,3991.605794901222
165.900000000000,165.900000000000,12.927941958604,3992.252324759596
165.950000000000,165.950000000000,12.922631540824,3992.898589097082
166.000000000000,166.000000000000,12.917321123043,3993.544587913678
166.050000000000,166.050000000000,12.912010705262,3994.190321209386
166.054722222222,166.054722222222,12.911509165805,3994.251293409079
166.100000000000,166.100000000000,12.907514920872,3994.835807426599
166.150000000000,166.150000000000,12.903114105415,3995.481073152257
166.200000000000,166.200000000000,12.898713289957,3996.126118837141
166.250000000000,166.250000000000,12.894312474500,3996.770944481253
166.300000000000,166.300000000000,12.889911659042,3997.415550084591
166.350000000000,166.350000000000,12.885510843585,3998.059935647157
166.400000000000,166.400000000000,12.881110028127,3998.704101168949
166.450000000000,166.450000000000,12.876719996257,3999.348046919559
166.500000000000,166.500000000000,12.872339283655,3999.991773401557
166.550000000000,166.550000000000,12.867958571052,4000.635280847925
166.600000000000,166.600000000000,12.863577858450,4001.278569258662
166.650000000000,166.650000000000,12.859197145847,4001.921638633769
166.700000000000,166.700000000000,12.854816433244,4002.564488973247
166.750000000000,166.750000000000,12.850435720641,4003.207120277094
166.800000000000,166.800000000000,12.846060038406,4003.849532671070
166.850000000000,166.850000000000,12.841699476348,4004.491726658939
166.900000000000,166.900000000000,12.837338914289,4005.133702618705
166.950000000000,166.950000000000,12.832978352230,4005.775460550368
167.000000000000,167.000000000000,12.828634043693,4006.417000860266
167.050000000000,167.050000000000,12.824293817119,4007.058324056786
167.054722222222,167.054722222222,12.823883906831,4007.118882254187
167.100000000000,167.100000000000,12.820253078029,4007.699437022041
167.150000000000,167.150000000000,12.816243573830,4008.340349438338
167.200000000000,167.200000000000,12.812234069631,4008.981061379424
167.250000000000,167.250000000000,12.808224565432,4009.621572845301
167.300000000000,167.300000000000,12.804215061232,4010.261883835968
167.350000000000,167.350000000000,12.800205557033,4010.901994351424
167.400000000000,167.400000000000,12.796196052834,4011.541904391671
167.450000000000,167.450000000000,12.792186548634,4012.181613956708
167.500000000000,167.500000000000,12.788177044434,4012.821123046534
167.550000000000,167.550000000000,12.784167540235,4013.460431661151
167.600000000000,167.600000000000,12.780158036035,4014.099539800558
167.650000000000,167.650000000000,12.776148531835,4014.738447464754
167.700000000000,167.700000000000,12.772139027634,4015.377154653741
167.750000000000,167.750000000000,12.768129523434,4016.015661367518
167.800000000000,167.800000000000,12.764120019234,4016.653967606084
167.850000000000,167.850000000000,12.760110515033,4017.292073369441
167.900000000000,167.900000000000,12.756101010833,4017.929978657588
167.950000000000,167.950000000000,12.752091506632,4018.567683470524
168.000000000000,168.000000000000,12.748082002432,4019.205187808251
168.050000000000,168.050000000000,12.744072498231,4019.842491670767
168.054722222222,168.054722222222,12.743693822834,4019.902671119023
168.100000000000,168.100000000000,12.740298177070,4020.479600382356
168.150000000000,168.150000000000,12.736548384201,4021.116521546388
168.200000000000,168.200000000000,12.732798591333,4021.753255220776
168.250000000000,168.250000000000,12.729048798464,4022.389801405521
168.300000000000,168.300000000000,12.725299005596,4023.026160100623
168.350000000000,168.350000000000,12.721555118363,4023.662331453721
168.400000000000,168.400000000000,12.717821883067,4024.298315878757
168.450000000000,168.450000000000,12.714088647771,4024.934113642028
168.500000000000,168.500000000000,12.710355412476,4025.569724743534
168.550000000000,168.550000000000,12.706622177180,4026.205149183276
168.600000000000,168.600000000000,12.702888941884,4026.840386961252
168.650000000000,168.650000000000,12.699155706588,4027.475438077464
168.700000000000,168.700000000000,12.695422471292,4028.110302531911
168.750000000000,168.750000000000,12.691689235996,4028.744980324593
168.800000000000,168.800000000000,12.687956000700,4029.379471455511
168.850000000000,168.850000000000,12.684222765403,4030.013775924663
168.900000000000,168.900000000000,12.680489530107,4030.647893732051
168.950000000000,168.950000000000,12.676756294810,4031.281824877674
169.000000000000,169.000000000000,12.673023059514,4031.915569361532
169.050000000000,169.050000000000,12.669289824217,4032.549127183625
169.054722222222,169.054722222222,12.668937240884,4032.608953553082
169.100000000000,169.100000000000,12.665684401400,4033.182501237486
169.150000000000,169.150000000000,12.662092308719,4033.815695655239
169.200000000000,169.200000000000,12.658500216038,4034.448710468358
169.250000000000,169.250000000000,12.654908123357,4035.081545676843
169.300000000000,169.300000000000,12.651316030675,4035.714201280694
169.350000000000,169.350000000000,12.647723937994,4036.346677279911
169.400000000000,169.400000000000,12.644131845312,4036.978973674494
169.450000000000,169.450000000000,12.640541062823,4037.611090497197
169.500000000000,169.500000000000,12.636965903827,4038.243028171363
169.550000000000,169.550000000000,12.633390744831,4038.874787087580
169.600000000000,169.600000000000,12.629815585835,4039.506367245846
169.650000000000,169.650000000000,12.626240426838,4040.137768646163
169.700000000000,169.700000000000,12.622665267842,4040.768991288530
169.750000000000,169.750000000000,12.619100558306,4041.400035434184
169.800000000000,169.800000000000,12.615540594975,4042.030901463017
169.850000000000,169.850000000000,12.611980631643,4042.661589493682
169.900000000000,169.900000000000,12.608420668311,4043.292099526181
169.950000000000,169.950000000000,12.604860704979,4043.922431560513
170.000000000000,170.000000000000,12.601300741646,4044.552585596678
170.050000000000,170.050000000000,12.597740778314,4045.182561634678
170.054722222222,170.054722222222,12.597404559555,4045.242050172278
170.100000000000,170.100000000000,12.594159266865,4045.812359186684
170.150000000000,170.150000000000,12.590578927513,4046.441977641544
170.200000000000,170.200000000000,12.586998588162,4047.071417079435
170.250000000000,170.250000000000,12.583418248811,4047.700677500360
170.300000000000,170.300000000000,12.579837909459,4048.329758904317
170.350000000000,170.350000000000,12.576257570108,4048.958661291306
170.400000000000,170.400000000000,12.572677230756,4049.587384661328
170.450000000000,170.450000000000,12.569096891404,4050.215929014381
170.500000000000,170.500000000000,12.565516552052,4050.844294350468
170.550000000000,170.550000000000,12.561936212701,4051.472480669587
170.600000000000,170.600000000000,12.558355873348,4052.100487971738
170.650000000000,170.650000000000,12.554775533996,4052.728316256922
170.700000000000,170.700000000000,12.551195194644,4053.355965525137
170.750000000000,170.750000000000,12.547614855292,4053.983435776386
170.800000000000,170.800000000000,12.544034515940,4054.610727010667
170.850000000000,170.850000000000,12.540455746933,4055.237839267239
170.900000000000,170.900000000000,12.536890613323,4055.864772926246
170.950000000000,170.950000000000,12.533325479714,4056.491528328571
171.000000000000,171.000000000000,12.529760346104,4057.118105474217
171.050000000000,171.050000000000,12.526195212495,4057.744504363182
171.054722222222,171.054722222222,12.525858505432,4057.803655045569
171.100000000000,171.100000000000,12.522539494109,4058.370722944727
171.150000000000,171.150000000000,12.518874328230,4058.996758290286
171.200000000000,171.200000000000,12.515209162352,4059.622610377550
171.250000000000,171.250000000000,12.511543996473,4060.248279206521
171.300000000000,171.300000000000,12.507878830594,4060.873764777198
171.350000000000,171.350000000000,12.504219132899,4061.499067226285
171.400000000000,171.400000000000,12.500571109276,4062.124186982340
171.450000000000,171.450000000000,12.496923085654,4062.749124337213
171.500000000000,171.500000000000,12.493275062032,4063.373879290905
171.550000000000,171.550000000000,12.489627038409,4063.998451843417
171.600000000000,171.600000000000,12.485979014786,4064.622841994747
171.650000000000,171.650000000000,12.482330991164,4065.247049744895
171.700000000000,171.700000000000,12.478682967541,4065.871075093863
171.750000000000,171.750000000000,12.475042476926,4066.494918229974
171.800000000000,171.800000000000,12.471416493347,4067.118579704231
171.850000000000,171.850000000000,12.467802675544,4067.742060183453
171.900000000000,171.900000000000,12.464188857741,4068.365359971785
171.950000000000,171.950000000000,12.460575039938,4068.988479069227
172.000000000000,172.000000000000,12.456961222135,4069.611417475779
172.050000000000,172.050000000000,12.453347404332,4070.234175191441
172.054722222222,172.054722222222,12.453006099317,4070.292981859433
172.100000000000,172.100000000000,12.449786239290,4070.856753408212
172.150000000000,172.150000000000,12.446230565641,4071.479153828336
172.200000000000,172.200000000000,12.442674891992,4072.101376464776
172.250000000000,172.250000000000,12.439119218342,4072.723421317535
172.300000000000,172.300000000000,12.435563544692,4073.345288386611
172.350000000000,172.350000000000,12.432007871043,4073.966977672004
172.400000000000,172.400000000000,12.428452197393,4074.588489173715
172.450000000000,172.450000000000,12.424896523743,4075.209822891743
172.500000000000,172.500000000000,12.421340850093,4075.830978826089
172.550000000000,172.550000000000,12.417785176443,4076.451956976753
172.600000000000,172.600000000000,12.414229502793,4077.072757343734
172.650000000000,172.650000000000,12.410673829143,4077.693379927032
172.700000000000,172.700000000000,12.407118155493,4078.313824726648
172.750000000000,172.750000000000,12.403562481842,4078.934091742582
172.800000000000,172.800000000000,12.400006808192,4079.554180974832
172.850000000000,172.850000000000,12.396451134541,4080.174092423400
172.900000000000,172.900000000000,12.392895460891,4080.793826088287
172.950000000000,172.950000000000,12.389339787240,4081.413381969490
173.000000000000,173.000000000000,12.385784113589,4082.032760067011
173.050000000000,173.050000000000,12.382228439938,4082.651960380849
173.054722222222,173.054722222222,12.381892626316,4082.710431222253
173.100000000000,173.100000000000,12.378744545453,4083.270984536005
173.150000000000,173.150000000000,12.375268137139,4083.889834853070
173.200000000000,173.200000000000,12.371791728825,4084.508511349719
173.250000000000,173.250000000000,12.368315320510,4085.127014025953
173.300000000000,173.300000000000,12.364838912196,4085.745342881770
173.350000000000,173.350000000000,12.361362503881,4086.363497917172
173.400000000000,173.400000000000,12.357886095566,4086.981479132158
173.450000000000,173.450000000000,12.354409687251,4087.599286526729
173.500000000000,173.500000000000,12.350933278936,4088.216920100883
173.550000000000,173.550000000000,12.347456870621,4088.834379854623
173.600000000000,173.600000000000,12.343980462306,4089.451665787945
173.650000000000,173.650000000000,12.340504053991,4090.068777900853
173.700000000000,173.700000000000,12.337027645676,4090.685716193344
173.750000000000,173.750000000000,12.333551237361,4091.302480665421
173.800000000000,173.800000000000,12.330074829045,4091.919071317081
173.850000000000,173.850000000000,12.326598420730,4092.535488148325
173.900000000000,173.900000000000,12.323122012415,4093.151731159154
173.950000000000,173.950000000000,12.319645604099,4093.767800349567
174.000000000000,174.000000000000,12.316169195783,4094.383695719564
174.050000000000,174.050000000000,12.312692787467,4094.999417269145
174.054722222222,174.054722222222,12.312364460015,4095.057559765422
174.100000000000,174.100000000000,12.309297729523,4095.614966839993
174.150000000000,174.150000000000,12.305911155974,4096.230347062130
174.200000000000,174.200000000000,12.302524582425,4096.845557955589
174.250000000000,174.250000000000,12.299138008875,4097.460599520372
174.300000000000,174.300000000000,12.295751435326,4098.075471756477
174.350000000000,174.350000000000,12.292364861776,4098.690174663904
174.400000000000,174.400000000000,12.288978288226,4099.304708242655
174.450000000000,174.450000000000,12.285599204548,4099.919072679973
174.500000000000,174.500000000000,12.282228001390,4100.533268360122
174.550000000000,174.550000000000,12.278856798232,4101.147295480113
174.600000000000,174.600000000000,12.275485595073,4101.761154039946
174.650000000000,174.650000000000,12.272114391915,4102.374844039620
174.700000000000,174.700000000000,12.268743188756,4102.988365479137
174.750000000000,174.750000000000,12.265371985597,4103.601718358495
174.800000000000,174.800000000000,12.262000782439,4104.214902677696
174.850000000000,174.850000000000,12.258629579280,4104.827918436738
174.900000000000,174.900000000000,12.255258376121,4105.440765635623
174.950000000000,174.950000000000,12.251887172962,4106.053444274350
175.000000000000,175.000000000000,12.248515969803,4106.665954352919
175.050000000000,175.050000000000,12.245144766644,4107.278295871331
175.054722222222,175.054722222222,12.244826375234,4107.336119414302
175.100000000000,175.100000000000,12.241648734384,4107.890466003591
175.150000000000,175.150000000000,12.238139683138,4108.502460714029
175.200000000000,175.200000000000,12.234630631893,4109.114279971905
175.250000000000,175.250000000000,12.231121580647,4109.725923777218
175.300000000000,175.300000000000,12.227612529401,4110.337392129969
175.350000000000,175.350000000000,12.224103478155,4110.948685030157
175.400000000000,175.400000000000,12.220594426909,4111.559802477784
175.450000000000,175.450000000000,12.217085375663,4112.170744472848
175.500000000000,175.500000000000,12.213576324416,4112.781511015351
175.550000000000,175.550000000000,12.210067273170,4113.392102105290
175.600000000000,175.600000000000,12.206558221924,4114.002517742667
175.650000000000,175.650000000000,12.203049170677,4114.612757927482
175.700000000000,175.700000000000,12.199540119431,4115.222822659734
175.750000000000,175.750000000000,12.196031068184,4115.832711939425
175.800000000000,175.800000000000,12.192522016937,4116.442425766553
175.850000000000,175.850000000000,12.189012965690,4117.051964141118
175.900000000000,175.900000000000,12.185503914443,4117.661327063121
175.950000000000,175.950000000000,12.181994863196,4118.270514532563
176.000000000000,176.000000000000,12.178485811949,4118.879526549442
176.050000000000,176.050000000000,12.174976760702,4119.488363113758
176.054722222222,176.054722222222,12.174645424115,4119.545855277247
176.100000000000,176.100000000000,12.171366927686,4120.097021945769
176.150000000000,176.150000000000,12.167746502181,4120.705499781517
176.200000000000,176.200000000000,12.164126076676,4121.313796595988
176.250000000000,176.250000000000,12.160505651170,4121.921912389184
176.300000000000,176.300000000000,12.156885225665,4122.529847161106
176.350000000000,176.350000000000,12.153264800160,4123.137600911751
176.400000000000,176.400000000000,12.149644374654,4123.745173641121
176.450000000000,176.450000000000,12.146023949149,4124.352565349216
176.500000000000,176.500000000000,12.142403523643,4124.959776036036
176.550000000000,176.550000000000,12.138783098137,4125.566805701580
176.600000000000,176.600000000000,12.135162672632,4126.173654345849
176.650000000000,176.650000000000,12.131542247126,4126.780321968843
176.700000000000,176.700000000000,12.127921821620,4127.386808570562
176.750000000000,176.750000000000,12.124301396114,4127.993114151005
176.800000000000,176.800000000000,12.120680970607,4128.599238710173
176.850000000000,176.850000000000,12.117060545101,4129.205182248066
176.900000000000,176.900000000000,12.113440119595,4129.810944764684
176.950000000000,176.950000000000,12.109824876080,4130.416526389576
177.000000000000,177.000000000000,12.106220731774,4131.021927529772
177.050000000000,177.050000000000,12.102616587469,4131.627148462753
177.054722222222,177.054722222222,12.102276196062,4131.684298904045
177.100000000000,177.100000000000,12.099079637033,4132.232190709714
177.150000000000,177.150000000000,12.095549694547,4132.837056443003
177.200000000000,177.200000000000,12.092019752061,4133.441745679168
177.250000000000,177.250000000000,12.088489809575,4134.046258418209
177.300000000000,177.300000000000,12.084959867089,4134.650594660126
177.350000000000,177.350000000000,12.081429924603,4135.254754404918
177.400000000000,177.400000000000,12.077899982117,4135.858737652586
177.450000000000,177.450000000000,12.074370039631,4136.462544403129
177.500000000000,177.500000000000,12.070840097144,4137.066174656548
177.550000000000,177.550000000000,12.067310154658,4137.669628412844
177.600000000000,177.600000000000,12.063780212171,4138.272905672015
177.650000000000,177.650000000000,12.060250269684,4138.876006434061
177.700000000000,177.700000000000,12.056720327198,4139.478930698983
177.750000000000,177.750000000000,12.053190384711,4140.081678466781
177.800000000000,177.800000000000,12.049660442224,4140.684249737455
177.850000000000,177.850000000000,12.046130499737,4141.286644511003
177.900000000000,177.900000000000,12.042600557250,4141.888862787428
177.950000000000,177.950000000000,12.039070614763,4142.490904566727
178.000000000000,178.000000000000,12.035540672276,4143.092769848903
178.050000000000,178.050000000000,12.032010729788,4143.694458633955
178.054722222222,178.054722222222,12.031677346331,4143.751275675243
178.100000000000,178.100000000000,12.028666202256,4144.295975119470
178.150000000000,178.150000000000,12.025341012480,4144.897325299838
178.200000000000,178.200000000000,12.022015822703,4145.498509220718
178.250000000000,178.250000000000,12.018690632927,4146.099526882109
178.300000000000,178.300000000000,12.015365443150,4146.700378284011
178.350000000000,178.350000000000,12.012040253374,4147.301063426424
178.400000000000,178.400000000000,12.008715063597,4147.901582309348
178.450000000000,178.450000000000,12.005389873821,4148.501934932783
178.500000000000,178.500000000000,12.002064684044,4149.102121296730
178.550000000000,178.550000000000,11.998739494267,4149.702141401188
178.600000000000,178.600000000000,11.995414304490,4150.301995246156
178.650000000000,178.650000000000,11.992089114713,4150.901682831636
178.700000000000,178.700000000000,11.988763924936,4151.501204157627
178.750000000000,178.750000000000,11.985438735159,4152.100559224130
178.800000000000,178.800000000000,11.982113545382,4152.699748031144
178.850000000000,178.850000000000,11.978788355604,4153.298770578668
178.900000000000,178.900000000000,11.975463165827,4153.897626866704
178.950000000000,178.950000000000,11.972137976049,4154.496316895251
179.000000000000,179.000000000000,11.968812786272,4155.094840664309
179.050000000000,179.050000000000,11.965487596494,4155.693198173879
179.054722222222,179.054722222222,11.965173550793,4155.749701123807
179.100000000000,179.100000000000,11.962250363400,4156.291391415200
179.150000000000,179.150000000000,11.959022303702,4156.889423231878
179.200000000000,179.200000000000,11.955794244004,4157.487293645570
179.250000000000,179.250000000000,11.952566184306,4158.085002656278
179.300000000000,179.300000000000,11.949338124607,4158.682550264001
179.350000000000,179.350000000000,11.946110064909,4159.279936468739
179.400000000000,179.400000000000,11.942882005211,4159.877161270492
179.450000000000,179.450000000000,11.939653945512,4160.474224669260
179.500000000000,179.500000000000,11.936425885813,4161.071126665043
179.550000000000,179.550000000000,11.933197826115,4161.667867257842
179.600000000000,179.600000000000,11.929969766416,4162.264446447655
179.650000000000,179.650000000000,11.926741706717,4162.860864234483
179.700000000000,179.700000000000,11.923513647018,4163.457120618326
179.750000000000,179.750000000000,11.920285587320,4164.053215599185
179.800000000000,179.800000000000,11.917057527621,4164.649149177058
179.850000000000,179.850000000000,11.913829467922,4165.244921351947
179.900000000000,179.900000000000,11.910601408222,4165.840532123851
179.950000000000,179.950000000000,11.907373348523,4166.435981492769
180.000000000000,180.000000000000,11.904145288824,4167.031269458703
180.050000000000,180.050000000000,11.900917229125,4167.626396021652
180.054722222222,180.054722222222,11.900612356820,4167.682594077616
180.100000000000,180.100000000000,11.897782036110,4168.221363284014
180.150000000000,180.150000000000,11.894656528578,4168.816174248132
180.200000000000,180.200000000000,11.891531021045,4169.410828936872
180.250000000000,180.250000000000,11.888405513513,4170.005327350236
180.300000000000,180.300000000000,11.885280005980,4170.599669488223
180.350000000000,180.350000000000,11.882154498447,4171.193855350833
180.400000000000,180.400000000000,11.879028990915,4171.787884938068
180.450000000000,180.450000000000,11.875903483382,4172.381758249925
180.500000000000,180.500000000000,11.872777975849,4172.975475286406
180.550000000000,180.550000000000,11.869652468316,4173.569036047510
180.600000000000,180.600000000000,11.866538306530,4174.162440816881
180.650000000000,180.650000000000,11.863426755230,4174.755689943425
180.700000000000,180.700000000000,11.860315203930,4175.348783492404
180.750000000000,180.750000000000,11.857207593924,4175.941721562350
180.800000000000,180.800000000000,11.854109330983,4176.534504485473
180.850000000000,180.850000000000,11.851011068042,4177.127132495449
180.900000000000,180.900000000000,11.847912805101,4177.719605592278
180.950000000000,180.950000000000,11.844823056221,4178.311923988811
181.000000000000,181.000000000000,11.841738777137,4178.904088034645
181.050000000000,181.050000000000,11.838654498052,4179.496097866525
181.054722222222,181.054722222222,11.838363205028,4179.552001936099
181.100000000000,181.100000000000,11.835424857598,4180.087950193631
181.150000000000,181.150000000000,11.832180056755,4180.679640316490
181.200000000000,181.200000000000,11.828935255912,4181.271168199306
181.250000000000,181.250000000000,11.825690455069,4181.862533842081
181.300000000000,181.300000000000,11.822454999922,4182.453737478456
181.350000000000,181.350000000000,11.819225305413,4183.044779486089
181.400000000000,181.400000000000,11.815995610903,4183.635660008998
181.450000000000,181.450000000000,11.812765916393,4184.226379047180
181.500000000000,181.500000000000,11.809536221884,4184.816936600637
181.550000000000,181.550000000000,11.806306527374,4185.407332669369
181.600000000000,181.600000000000,11.803076832864,4185.997567253375
181.650000000000,181.650000000000,11.799847138354,4186.587640352655
181.700000000000,181.700000000000,11.796617443844,4187.177551967210
181.750000000000,181.750000000000,11.793387749334,4187.767302097040
181.800000000000,181.800000000000,11.790158054824,4188.356890742144
181.850000000000,181.850000000000,11.786928360313,4188.946317902522
181.900000000000,181.900000000000,11.783703747056,4189.535583705207
181.950000000000,181.950000000000,11.780488675973,4190.124688515783
182.000000000000,182.000000000000,11.777273604890,4190.713632572804
182.050000000000,182.050000000000,11.774058533807,4191.302415876272
182.054722222222,182.054722222222,11.773754888204,4191.358014880182
182.100000000000,182.100000000000,11.770900479108,4191.891039716972
182.150000000000,182.150000000000,11.767760626847,4192.479506244621
182.200000000000,182.200000000000,11.764622655809,4193.067815826687
182.250000000000,182.250000000000,11.761484684772,4193.655968510202
182.300000000000,182.300000000000,11.758346713734,4194.243964295165
182.350000000000,182.350000000000,11.755208742696,4194.831803181575
182.400000000000,182.400000000000,11.752070771659,4195.419485169434
182.450000000000,182.450000000000,11.748932800621,4196.007010258741
182.500000000000,182.500000000000,11.745794829583,4196.594378449496
182.550000000000,182.550000000000,11.742656858545,4197.181589741699
182.600000000000,182.600000000000,11.739518887507,4197.768644135350
182.650000000000,182.650000000000,11.736380916469,4198.355541630450
182.700000000000,182.700000000000,11.733242945431,4198.942282226997
182.750000000000,182.750000000000,11.730104974393,4199.528865924993
182.800000000000,182.800000000000,11.726967003354,4200.115292724437
182.850000000000,182.850000000000,11.723829032316,4200.701562625328
182.900000000000,182.900000000000,11.720691061278,4201.287675627668
182.950000000000,182.950000000000,11.717553090239,4201.873631731456
183.000000000000,183.000000000000,11.714415119201,4202.459430936692
183.050000000000,183.050000000000,11.711277148162,4203.045073243376
183.054722222222,183.054722222222,11.710980784231,4203.100375796826
183.100000000000,183.100000000000,11.708192418681,4203.630559856839
183.150000000000,183.150000000000,11.705113242001,4204.215892498356
183.200000000000,183.200000000000,11.702034065321,4204.801071181038
183.250000000000,183.250000000000,11.698954888640,4205.386095904888
183.300000000000,183.300000000000,11.695875711960,4205.970966669903
183.350000000000,183.350000000000,11.692796535279,4206.555683476084
183.400000000000,183.400000000000,11.689717358598,4207.140246323431
183.450000000000,183.450000000000,11.686638181918,4207.724655211943
183.500000000000,183.500000000000,11.683559005237,4208.308910141623
183.550000000000,183.550000000000,11.680479828556,4208.893011112467
183.600000000000,183.600000000000,11.677400651875,4209.476958124478
183.650000000000,183.650000000000,11.674321475194,4210.060751177655
183.700000000000,183.700000000000,11.671242298513,4210.644390271998
183.750000000000,183.750000000000,11.668163121832,4211.227875407506
183.800000000000,183.800000000000,11.665083945151,4211.811206584181
183.850000000000,183.850000000000,11.662004768470,4212.394383802020
183.900000000000,183.900000000000,11.658925591788,4212.977407061027
183.950000000000,183.950000000000,11.655846415107,4213.560276361200
184.000000000000,184.000000000000,11.652767238426,4214.142991702538
184.050000000000,184.050000000000,11.649688061744,4214.725553085043
184.054722222222,184.054722222222,11.649397250613,4214.780564814249
184.100000000000,184.100000000000,11.646663373670,4215.307961742274
184.150000000000,184.150000000000,11.643644368456,4215.890219435827
184.200000000000,184.200000000000,11.640625363243,4216.472326179120
184.250000000000,184.250000000000,11.637606358029,4217.054281972151
184.300000000000,184.300000000000,11.634587352816,4217.636086814922
184.350000000000,184.350000000000,11.631568347602,4218.217740707432
184.400000000000,184.400000000000,11.628549342388,4218.799243649682
184.450000000000,184.450000000000,11.625530337174,4219.380595641672
184.500000000000,184.500000000000,11.622511331961,4219.961796683400
184.550000000000,184.550000000000,11.619492326747,4220.542846774868
184.600000000000,184.600000000000,11.616473321533,4221.123745916075
184.650000000000,184.650000000000,11.613454316319,4221.704494107021
184.700000000000,184.700000000000,11.610435311104,4222.285091347706
184.750000000000,184.750000000000,11.607416305890,4222.865537638131
184.800000000000,184.800000000000,11.604403489054,4223.445833133005
184.850000000000,184.850000000000,11.601398571960,4224.025978184531
184.900000000000,184.900000000000,11.598393654866,4224.605972990202
184.950000000000,184.950000000000,11.595388737772,4225.185817550017
185.000000000000,185.000000000000,11.592383820678,4225.765511863979
185.050000000000,185.050000000000,11.589378903584,4226.345055932085
185.054722222222,185.054722222222,11.589095105859,4226.399782884605
185.100000000000,185.100000000000,11.586358836595,4226.924449411360
185.150000000000,185.150000000000,11.583337189555,4227.503691812014
185.200000000000,185.200000000000,11.580315542515,4228.082783130316
185.250000000000,185.250000000000,11.577293895474,4228.661723366266
185.300000000000,185.300000000000,11.574272248434,4229.240512519863
185.350000000000,185.350000000000,11.571250601394,4229.819150591108
185.400000000000,185.400000000000,11.568228954354,4230.397637580002
185.450000000000,185.450000000000,11.565207307313,4230.975973486544
185.500000000000,185.500000000000,11.562185660273,4231.554158310733
185.550000000000,185.550000000000,11.559164013232,4232.132192052571
185.600000000000,185.600000000000,11.556155511635,4232.710075040693
185.650000000000,185.650000000000,11.553147298693,4233.287807610951
185.700000000000,185.700000000000,11.550139085751,4233.865389770562
185.750000000000,185.750000000000,11.547130872809,4234.442821519526
185.800000000000,185.800000000000,11.544122659867,4235.020102857843
185.850000000000,185.850000000000,11.541114446924,4235.597233785513
185.900000000000,185.900000000000,11.538106233982,4236.174214302536
185.950000000000,185.950000000000,11.535098021040,4236.751044408911
186.000000000000,186.000000000000,11.532089808097,4237.327724104640
186.050000000000,186.050000000000,11.529081595155,4237.904253389721
186.054722222222,186.054722222222,11.528797486154,4237.958695604216
186.100000000000,186.100000000000,11.526080745822,4238.480632430858
186.150000000000,186.150000000000,11.523080664473,4239.056861466116
186.200000000000,186.200000000000,11.520080583123,4239.632940497306
186.250000000000,186.250000000000,11.517080501774,4240.208869524428
186.300000000000,186.300000000000,11.514080420425,4240.784648547484
186.350000000000,186.350000000000,11.511080339075,4241.360277566471
186.400000000000,186.400000000000,11.508080257726,4241.935756581392
186.450000000000,186.450000000000,11.505080176376,4242.511085592244
186.500000000000,186.500000000000,11.502080095027,4243.086264599029
186.550000000000,186.550000000000,11.499080013677,4243.661293601747
186.600000000000,186.600000000000,11.496079932328,4244.236172600397
186.650000000000,186.650000000000,11.493079850978,4244.810901594980
186.700000000000,186.700000000000,11.490079769628,4245.385480585495
186.750000000000,186.750000000000,11.487079688278,4245.959909571943
186.800000000000,186.800000000000,11.484079606928,4246.534188554323
186.850000000000,186.850000000000,11.481079525578,4247.108317532636
186.900000000000,186.900000000000,11.478079444228,4247.682296506881
186.950000000000,186.950000000000,11.475079362878,4248.256125477059
187.000000000000,187.000000000000,11.472079281528,4248.829804443169
187.050000000000,187.050000000000,11.469079200178,4249.403333405212
187.054722222222,187.054722222222,11.468795859161,4249.457492276877
187.100000000000,187.100000000000,11.466021160376,4249.976711051072
187.150000000000,187.150000000000,11.462957075828,4250.549935506977
187.200000000000,187.200000000000,11.459892991280,4251.123006758655
187.250000000000,187.250000000000,11.456828906733,4251.695924806105
187.300000000000,187.300000000000,11.453764822184,4252.268689649328
187.350000000000,187.350000000000,11.450700737636,4252.841301288323
187.400000000000,187.400000000000,11.447636653088,4253.413759723091
187.450000000000,187.450000000000,11.444572568540,4253.986064953631
187.500000000000,187.500000000000,11.441508483992,4254.558216979945
187.550000000000,187.550000000000,11.438444399443,4255.130215802031
187.600000000000,187.600000000000,11.435380314895,4255.702061419889
187.650000000000,187.650000000000,11.432316230346,4256.273753833520
187.700000000000,187.700000000000,11.429252145798,4256.845293042924
187.750000000000,187.750000000000,11.426188061249,4257.416679048100
187.800000000000,187.800000000000,11.423123976700,4257.987911849049
187.850000000000,187.850000000000,11.420059892152,4258.558991445770
187.900000000000,187.900000000000,11.416995807603,4259.129917838263
187.950000000000,187.950000000000,11.413931723054,4259.700691026529
188.000000000000,188.000000000000,11.410867638505,4260.271311010568
188.050000000000,188.050000000000,11.407815652048,4260.841778092832
188.054722222222,188.054722222222,11.407527434777,4260.895647652896
188.100000000000,188.100000000000,11.404654465880,4261.412090104260
188.150000000000,188.150000000000,11.401481862191,4261.982243512462
188.200000000000,188.200000000000,11.398309258502,4262.552238290478
188.250000000000,188.250000000000,11.395136654813,4263.122074438311
188.300000000000,188.300000000000,11.391964051124,4263.691751955959
188.350000000000,188.350000000000,11.388791447434,4264.261270843423
188.400000000000,188.400000000000,11.385618843745,4264.830631100702
188.450000000000,188.450000000000,11.382446240056,4265.399832727797
188.500000000000,188.500000000000,11.379273636366,4265.968875724708
188.550000000000,188.550000000000,11.376101032676,4266.537760091433
188.600000000000,188.600000000000,11.372928428987,4267.106485827975
188.650000000000,188.650000000000,11.369755825297,4267.675052934333
188.700000000000,188.700000000000,11.366583221607,4268.243461410505
188.750000000000,188.750000000000,11.363410617917,4268.811711256493
188.800000000000,188.800000000000,11.360239647505,4269.379802513129
188.850000000000,188.850000000000,11.357080026002,4269.947735504967
188.900000000000,188.900000000000,11.353920404498,4270.515510515729
188.950000000000,188.950000000000,11.350760782995,4271.083127545417
189.000000000000,189.000000000000,11.347601161492,4271.650586594029
189.050000000000,189.050000000000,11.344441539988,4272.217887661566
189.054722222222,189.054722222222,11.344143131291,4272.271457930927
189.100000000000,189.100000000000,11.341361450038,4272.785032548534
189.150000000000,189.150000000000,11.338289654790,4273.352023826155
189.200000000000,189.200000000000,11.335217859541,4273.918861514014
189.250000000000,189.250000000000,11.332146064293,4274.485545612109
189.300000000000,189.300000000000,11.329074269044,4275.052076120443
189.350000000000,189.350000000000,11.326002473796,4275.618453039015
189.400000000000,189.400000000000,11.322930678547,4276.184676367823
189.450000000000,189.450000000000,11.319874132456,4276.750746488098
189.500000000000,189.500000000000,11.316828430574,4277.316664052174
189.550000000000,189.550000000000,11.313782728692,4277.882429331155
189.600000000000,189.600000000000,11.310737026810,4278.448042325042
189.650000000000,189.650000000000,11.307691324927,4279.013503033836
189.700000000000,189.700000000000,11.304645623045,4279.578811457535
189.750000000000,189.750000000000,11.301599921163,4280.143967596141
189.800000000000,189.800000000000,11.298554219280,4280.708971449652
189.850000000000,189.850000000000,11.295508517398,4281.273823018069
189.900000000000,189.900000000000,11.292466872307,4281.838522402812
189.950000000000,189.950000000000,11.289433970429,4282.403069923881
190.000000000000,190.000000000000,11.286401068551,4282.967465799856
190.050000000000,190.050000000000,11.283368166673,4283.531710030737
190.054722222222,190.054722222222,11.283081725940,4283.584991926314
190.100000000000,190.100000000000,11.280454237150,4284.095805309925
190.150000000000,190.150000000000,11.277552715787,4284.659755483748
190.200000000000,190.200000000000,11.274651194423,4285.223560581503
190.250000000000,190.250000000000,11.271749673060,4285.787220603191
190.300000000000,190.300000000000,11.268848151696,4286.350735548810
190.350000000000,190.350000000000,11.265946630333,4286.914105418360
190.400000000000,190.400000000000,11.263045108969,4287.477330211843
190.450000000000,190.450000000000,11.260143587606,4288.040409929257
190.500000000000,190.500000000000,11.257242066242,4288.603344570603
190.550000000000,190.550000000000,11.254340544878,4289.166134135881
190.600000000000,190.600000000000,11.251439023514,4289.728778625091
190.650000000000,190.650000000000,11.248537502150,4290.291278038233
190.700000000000,190.700000000000,11.245635980786,4290.853632375306
190.750000000000,190.750000000000,11.242734459422,4291.415841636312
190.800000000000,190.800000000000,11.239832938058,4291.977905821249
190.850000000000,190.850000000000,11.236931416694,4292.539824930118
190.900000000000,190.900000000000,11.234029895330,4293.101598962919
190.950000000000,190.950000000000,11.231128373966,4293.663227919651
191.000000000000,191.000000000000,11.228226852601,4294.224711800315
191.050000000000,191.050000000000,11.225325331237,4294.786050604911
191.054722222222,191.054722222222,11.225051298664,4294.839058438618
191.100000000000,191.100000000000,11.222427906250,4295.347244426176
191.150000000000,191.150000000000,11.219530908492,4295.908293396545
191.200000000000,191.200000000000,11.216633910735,4296.469197517025
191.250000000000,191.250000000000,11.213736912977,4297.029956787618
191.300000000000,191.300000000000,11.210839915219,4297.590571208323
191.350000000000,191.350000000000,11.207942917462,4298.151040779140
191.400000000000,191.400000000000,11.205045919704,4298.711365500069
191.450000000000,191.450000000000,11.202156700922,4299.271545565585
191.500000000000,191.500000000000,11.199271990173,4299.831581282862
191.550000000000,191.550000000000,11.196387279424,4300.391472764602
191.600000000000,191.600000000000,11.193502568674,4300.951220010805
191.650000000000,191.650000000000,11.190617857925,4301.510823021470
191.700000000000,191.700000000000,11.187733147176,4302.070281796598
191.750000000000,191.750000000000,11.184848436426,4302.629596336188
191.800000000000,191.800000000000,11.181963725677,4303.188766640241
191.850000000000,191.850000000000,11.179079014927,4303.747792708756
191.900000000000,191.900000000000,11.176194304177,4304.306674541734
191.950000000000,191.950000000000,11.173309593428,4304.865412139174
192.000000000000,192.000000000000,11.170424882678,4305.424005501077
192.050000000000,192.050000000000,11.167540171928,4305.982454627442
192.054722222222,192.054722222222,11.167267727024,4306.035189590534
192.100000000000,192.100000000000,11.164355496126,4306.540752727394
192.150000000000,192.150000000000,11.161139535625,4307.098890103188
192.200000000000,192.200000000000,11.157923575125,4307.656866680956
192.250000000000,192.250000000000,11.154707614624,4308.214682460700
192.300000000000,192.300000000000,11.151496315851,4308.772337558962
192.350000000000,192.350000000000,11.148295139974,4309.329832345357
192.400000000000,192.400000000000,11.145093964096,4309.887167072960
192.450000000000,192.450000000000,11.141892788218,4310.444341741767
192.500000000000,192.500000000000,11.138691612339,4311.001356351781
192.550000000000,192.550000000000,11.135490436461,4311.558210903002
192.600000000000,192.600000000000,11.132289260583,4312.114905395428
192.650000000000,192.650000000000,11.129088084705,4312.671439829060
192.700000000000,192.700000000000,11.125886908826,4313.227814203898
192.750000000000,192.750000000000,11.122685732948,4313.784028519942
192.800000000000,192.800000000000,11.119484557069,4314.340082777192
192.850000000000,192.850000000000,11.116283381191,4314.895976975648
192.900000000000,192.900000000000,11.113082205312,4315.451711115311
192.950000000000,192.950000000000,11.109881029434,4316.007285196180
193.000000000000,193.000000000000,11.106679853555,4316.562699218254
193.050000000000,193.050000000000,11.103478677676,4317.117953181535
193.054722222222,193.054722222222,11.103176344398,4317.170385561446
193.100000000000,193.100000000000,11.100241182811,4317.673046263801
193.150000000000,193.150000000000,11.096999900076,4318.227977290873
193.200000000000,193.200000000000,11.093759851250,4318.782746284656
193.250000000000,193.250000000000,11.090533342572,4319.337353614502
193.300000000000,193.300000000000,11.087306833893,4319.891799618914
193.350000000000,193.350000000000,11.084080325214,4320.446084297892
193.400000000000,193.400000000000,11.080853816535,4321.000207651436
193.450000000000,193.450000000000,11.077627307856,4321.554169679545
193.500000000000,193.500000000000,11.074400799177,4322.107970382222
193.550000000000,193.550000000000,11.071174290498,4322.661609759463
193.600000000000,193.600000000000,11.067947781819,4323.215087811271
193.650000000000,193.650000000000,11.064721273140,4323.768404537645
193.700000000000,193.700000000000,11.061494764460,4324.321559938584
193.750000000000,193.750000000000,11.058268255781,4324.874554014090
193.800000000000,193.800000000000,11.055044079923,4325.427386822483
193.850000000000,193.850000000000,11.051832350160,4325.980058733235
193.900000000000,193.900000000000,11.048620620397,4326.532570057499
193.950000000000,193.950000000000,11.045408890633,4327.084920795274
194.000000000000,194.000000000000,11.042197160870,4327.637110946562
194.050000000000,194.050000000000,11.038985431106,4328.189140511361
194.054722222222,194.054722222222,11.038682101073,4328.241268337476
194.100000000000,194.100000000000,11.035957546365,4328.741013651719
194.150000000000,194.150000000000,11.032948835643,4329.292736311269
194.200000000000,194.200000000000,11.029940124922,4329.844308535284
194.250000000000,194.250000000000,11.026931414200,4330.395730323762
194.300000000000,194.300000000000,11.023922703479,4330.947001676705
194.350000000000,194.350000000000,11.020913992757,4331.498122594110
194.400000000000,194.400000000000,11.017905282036,4332.049093075980
194.450000000000,194.450000000000,11.014896571314,4332.599913122313
194.500000000000,194.500000000000,11.011887860593,4333.150582733111
194.550000000000,194.550000000000,11.008879149871,4333.701101908373
194.600000000000,194.600000000000,11.005870439149,4334.251470648098
194.650000000000,194.650000000000,11.002861728427,4334.801688952288
194.700000000000,194.700000000000,10.999853017705,4335.351756820941
194.750000000000,194.750000000000,10.996844306983,4335.901674254058
194.800000000000,194.800000000000,10.993835596261,4336.451441251639
194.850000000000,194.850000000000,10.990826885539,4337.001057813684
194.900000000000,194.900000000000,10.987818174817,4337.550523940194
194.950000000000,194.950000000000,10.984809464094,4338.099839631166
195.000000000000,195.000000000000,10.981800753372,4338.649004886603
195.050000000000,195.050000000000,10.978792042649,4339.198019706503
195.054722222222,195.054722222222,10.978507886637,4339.249863331333
195.100000000000,195.100000000000,10.975816691593,4339.746884846093
195.150000000000,195.150000000000,10.972844819766,4340.295601383878
195.200000000000,195.200000000000,10.969872947938,4340.844169328070
195.250000000000,195.250000000000,10.966901076111,4341.392588678672
195.300000000000,195.300000000000,10.963929204283,4341.940859435682
195.350000000000,195.350000000000,10.960957332456,4342.488981599100
195.400000000000,195.400000000000,10.957985460628,4343.036955168927
195.450000000000,195.450000000000,10.955013588800,4343.584780145163
195.500000000000,195.500000000000,10.952041716973,4344.132456527807
195.550000000000,195.550000000000,10.949069845145,4344.679984316860
195.600000000000,195.600000000000,10.946097973317,4345.227363512321
195.650000000000,195.650000000000,10.943126101489,4345.774594114191
195.700000000000,195.700000000000,10.940154229661,4346.321676122469
195.750000000000,195.750000000000,10.937182357833,4346.868609537157
195.800000000000,195.800000000000,10.934210486005,4347.415394358253
195.850000000000,195.850000000000,10.931238614176,4347.962030585758
195.900000000000,195.900000000000,10.928266742348,4348.508518219671
195.950000000000,195.950000000000,10.925294870520,4349.054857259992
196.000000000000,196.000000000000,10.922322998691,4349.601047706722
196.050000000000,196.050000000000,10.919351126863,4350.147089559861
196.054722222222,196.054722222222,10.919070450079,4350.198652499694
196.100000000000,196.100000000000,10.916392962576,4350.692983129732
196.150000000000,196.150000000000,10.913436227909,4351.238728859495
196.200000000000,196.200000000000,10.910479493242,4351.784326752523
196.250000000000,196.250000000000,10.907522758575,4352.329776808819
196.300000000000,196.300000000000,10.904566023909,4352.875079028381
196.350000000000,196.350000000000,10.901609289242,4353.420233411210
196.400000000000,196.400000000000,10.898652554575,4353.965239957305
196.450000000000,196.450000000000,10.895695819908,4354.510098666667
196.500000000000,196.500000000000,10.892739085241,4355.054809539295
196.550000000000,196.550000000000,10.889782350574,4355.599372575191
196.600000000000,196.600000000000,10.886825615907,4356.143787774352
196.650000000000,196.650000000000,10.883868881239,4356.688055136780
196.700000000000,196.700000000000,10.880912146572,4357.232174662476
196.750000000000,196.750000000000,10.877955411905,4357.776146351438
196.800000000000,196.800000000000,10.874998677237,4358.319970203666
196.850000000000,196.850000000000,10.872041942570,4358.863646219162
196.900000000000,196.900000000000,10.869085207902,4359.407174397924
196.950000000000,196.950000000000,10.866128473235,4359.950554739952
197.000000000000,197.000000000000,10.863171738567,4360.493787245247
197.050000000000,197.050000000000,10.860215003899,4361.036871913810
197.054722222222,197.054722222222,10.859935756736,4361.088155603103
197.100000000000,197.100000000000,10.857271438039,4361.579809043765
197.150000000000,197.150000000000,10.854329245611,4362.122599060856
197.200000000000,197.200000000000,10.851387053184,4362.665241968326
197.250000000000,197.250000000000,10.848444860757,4363.207737766174
197.300000000000,197.300000000000,10.845502668329,4363.750086454402
197.350000000000,197.350000000000,10.842560475902,4364.292288033007
197.400000000000,197.400000000000,10.839618283475,4364.834342501991
197.450000000000,197.450000000000,10.836682433803,4365.376250019923
197.500000000000,197.500000000000,10.833751853078,4365.918010877095
197.550000000000,197.550000000000,10.830821272353,4366.459625205232
197.600000000000,197.600000000000,10.827890691628,4367.001093004331
197.650000000000,197.650000000000,10.824960110903,4367.542414274394
197.700000000000,197.700000000000,10.822029530178,4368.083589015421
197.750000000000,197.750000000000,10.819098949452,4368.624617227412
197.800000000000,197.800000000000,10.816168368727,4369.165498910367
197.850000000000,197.850000000000,10.813237788001,4369.706234064285
197.900000000000,197.900000000000,10.810307207276,4370.246822689167
197.950000000000,197.950000000000,10.807376626550,4370.787264785013
198.000000000000,198.000000000000,10.804446045825,4371.327560351822
198.050000000000,198.050000000000,10.801515465099,4371.867709389596
198.054722222222,198.054722222222,10.801238688031,4371.918715892455
198.100000000000,198.100000000000,10.798628282013,4372.407712880807
198.150000000000,198.150000000000,10.795745625060,4372.947572228483
198.200000000000,198.200000000000,10.792862968108,4373.487287443312
198.250000000000,198.250000000000,10.789980311156,4374.026858525294
198.300000000000,198.300000000000,10.787097654203,4374.566285474429
198.350000000000,198.350000000000,10.784214997251,4375.105568290714
198.400000000000,198.400000000000,10.781332340298,4375.644706974153
198.450000000000,198.450000000000,10.778449683345,4376.183701524745
198.500000000000,198.500000000000,10.775567026393,4376.722551942488
198.550000000000,198.550000000000,10.772684369440,4377.261258227384
198.600000000000,198.600000000000,10.769801712487,4377.799820379432
198.650000000000,198.650000000000,10.766919055534,4378.338238398633
198.700000000000,198.700000000000,10.764036398581,4378.876512284985
198.750000000000,198.750000000000,10.761153741628,4379.414642038490
198.800000000000,198.800000000000,10.758271084675,4379.952627659148
198.850000000000,198.850000000000,10.755388427722,4380.490469146957
198.900000000000,198.900000000000,10.752505770769,4381.028166501920
198.950000000000,198.950000000000,10.749623113816,4381.565719724034
199.000000000000,199.000000000000,10.746740456862,4382.103128813302
199.050000000000,199.050000000000,10.743857799909,4382.640393769721
199.054722222222,199.054722222222,10.743585548975,4382.691128010960
199.100000000000,199.100000000000,10.740981397773,4383.177514734895
199.150000000000,199.150000000000,10.738105647980,4383.714491911040
199.200000000000,199.200000000000,10.735229898187,4384.251325299693
199.250000000000,199.250000000000,10.732354148394,4384.788014900858
199.300000000000,199.300000000000,10.729478398601,4385.324560714533
199.350000000000,199.350000000000,10.726602648808,4385.860962740718
199.400000000000,199.400000000000,10.723726899015,4386.397220979414
199.450000000000,199.450000000000,10.720851149222,4386.933335430619
199.500000000000,199.500000000000,10.717975399428,4387.469306094335
199.550000000000,199.550000000000,10.715099649635,4388.005132970562
199.600000000000,199.600000000000,10.712223899841,4388.540816059299
199.650000000000,199.650000000000,10.709348150048,4389.076355360547
199.700000000000,199.700000000000,10.706472400254,4389.611750874304
199.750000000000,199.750000000000,10.703596650461,4390.147002600572
199.800000000000,199.800000000000,10.700720900667,4390.682110539350
199.850000000000,199.850000000000,10.697845150874,4391.217074690639
199.900000000000,199.900000000000,10.694969401080,4391.751895054437
199.950000000000,199.950000000000,10.692093651286,4392.286571630746
200.000000000000,200.000000000000,10.689217901492,4392.821104419566
200.050000000000,200.050000000000,10.686342151698,4393.355493420896
200.054722222222,200.054722222222,10.686070553107,4393.405956062003
200.100000000000,200.100000000000,10.683579217077,4393.889741188746
200.150000000000,200.150000000000,10.680828048454,4394.423851370385
200.200000000000,200.200000000000,10.678076879832,4394.957823993592
200.250000000000,200.250000000000,10.675325711210,4395.491659058368
200.300000000000,200.300000000000,10.672574542588,4396.025356564713
200.350000000000,200.350000000000,10.669823373966,4396.558916512627
200.400000000000,200.400000000000,10.667072205343,4397.092338902109
200.450000000000,200.450000000000,10.664321036721,4397.625623733161
200.500000000000,200.500000000000,10.661569868098,4398.158771005781
200.550000000000,200.550000000000,10.658819331740,4398.691780735777
200.600000000000,200.600000000000,10.656077721594,4399.224653162110
200.650000000000,200.650000000000,10.653336111447,4399.757388507936
200.700000000000,200.700000000000,10.650594501300,4400.289986773255
200.750000000000,200.750000000000,10.647852891153,4400.822447958067
200.800000000000,200.800000000000,10.645111281006,4401.354772062371
200.850000000000,200.850000000000,10.642369670860,4401.886959086168
200.900000000000,200.900000000000,10.639628060713,4402.419009029457
200.950000000000,200.950000000000,10.636886450566,4402.950921892239
201.000000000000,201.000000000000,10.634144840419,4403.482697674513
201.050000000000,201.050000000000,10.631403230271,4404.014336376281
201.054722222222,201.054722222222,10.631144300424,4404.064539613504
201.100000000000,201.100000000000,10.628657301625,4404.545837899775
201.150000000000,201.150000000000,10.625910922583,4405.077202105380
201.200000000000,201.200000000000,10.623170541298,4405.608429141977
201.250000000000,201.250000000000,10.620433783276,4406.139519250091
201.300000000000,201.300000000000,10.617697025254,4406.670472520304
201.350000000000,201.350000000000,10.614967529786,4407.201289134180
201.400000000000,201.400000000000,10.612249760300,4407.731969566433
201.450000000000,201.450000000000,10.609531994472,4408.262514110302
201.500000000000,201.500000000000,10.606814228644,4408.792922765880
201.550000000000,201.550000000000,10.604096462817,4409.323195533167
201.600000000000,201.600000000000,10.601378696989,4409.853332412162
201.650000000000,201.650000000000,10.598660931161,4410.383333402866
201.700000000000,201.700000000000,10.595943165332,4410.913198505278
201.750000000000,201.750000000000,10.593225399504,4411.442927719399
201.800000000000,201.800000000000,10.590507633676,4411.972521045229
201.850000000000,201.850000000000,10.587789867848,4412.501978482766
201.900000000000,201.900000000000,10.585072102020,4413.031300032013
201.950000000000,201.950000000000,10.582356784319,4413.560485754171
202.000000000000,202.000000000000,10.579649131227,4414.089535902060
202.050000000000,202.050000000000,10.576941478136,4414.618450667293
202.054722222222,202.054722222222,10.576685755344,4414.668396731592
202.100000000000,202.100000000000,10.574323447068,4415.147232078815
202.150000000000,202.150000000000,10.571714763082,4415.675883034070
202.200000000000,202.200000000000,10.569112053547,4416.204403704485
202.250000000000,202.250000000000,10.566512547477,4416.732794319511
202.300000000000,202.300000000000,10.563913041407,4417.261054959233
202.350000000000,202.350000000000,10.561313535338,4417.789185623651
202.400000000000,202.400000000000,10.558714029268,4418.317186312766
202.450000000000,202.450000000000,10.556114523198,4418.845057026578
202.500000000000,202.500000000000,10.553515017128,4419.372797765086
202.550000000000,202.550000000000,10.550915511059,4419.900408528290
202.600000000000,202.600000000000,10.548316004989,4420.427889316192
202.650000000000,202.650000000000,10.545716498919,4420.955240128789
202.700000000000,202.700000000000,10.543116992849,4421.482460966084
202.750000000000,202.750000000000,10.540517486779,4422.009551828074
202.800000000000,202.800000000000,10.537917980709,4422.536512714762
202.850000000000,202.850000000000,10.535318474639,4423.063343626145
202.900000000000,202.900000000000,10.532718968568,4423.590044562226
202.950000000000,202.950000000000,10.530119462498,4424.116615523002
203.000000000000,203.000000000000,10.527519956428,4424.643056508476
203.020833333333,203.020833333333,10.526436828899,4424.862368558319
203.050000000000,203.050000000000,10.524920112231,4425.169367513714
203.100000000000,203.100000000000,10.522322276577,4425.695548573434
203.150000000000,203.150000000000,10.519724440922,4426.221599741372
203.200000000000,203.200000000000,10.517126605267,4426.747521017527
203.250000000000,203.250000000000,10.514528769613,4427.273312401900
203.300000000000,203.300000000000,10.511930933958,4427.798973894489
203.350000000000,203.350000000000,10.509333098303,4428.324505495295
203.400000000000,203.400000000000,10.506735262648,4428.849907204319
203.450000000000,203.450000000000,10.504137426993,4429.375179021559
203.500000000000,203.500000000000,10.501539591339,4429.900320947017
203.550000000000,203.550000000000,10.498941755683,4430.425332980693
203.600000000000,203.600000000000,10.496343920028,4430.950215122586
203.650000000000,203.650000000000,10.493746084373,4431.474967372696
203.700000000000,203.700000000000,10.491148248718,4431.999589731024
203.750000000000,203.750000000000,10.488550413063,4432.524082197569
203.800000000000,203.800000000000,10.485952865557,4433.048444779534
203.850000000000,203.850000000000,10.483364882786,4433.572677723243
203.900000000000,203.900000000000,10.480776900014,4434.096781267813
203.950000000000,203.950000000000,10.478188917242,4434.620755413244
204.000000000000,204.000000000000,10.475600934470,4435.144600159537
204.015277777778,204.015277777778,10.474810161956,4435.304638022081
204.050000000000,204.050000000000,10.472984807073,4435.668315018069
204.100000000000,204.100000000000,10.470356296042,4436.191898545647
204.150000000000,204.150000000000,10.467727785010,4436.715350647673
204.200000000000,204.200000000000,10.465099273979,4437.238671324148
204.250000000000,204.250000000000,10.462470762947,4437.761860575071
204.300000000000,204.300000000000,10.459842251916,4438.284918400443
204.350000000000,204.350000000000,10.457213740884,4438.807844800263
204.400000000000,204.400000000000,10.454585229853,4439.330639774531
204.450000000000,204.450000000000,10.451956718821,4439.853303323248
204.500000000000,204.500000000000,10.449328207789,4440.375835446413
204.550000000000,204.550000000000,10.446699696757,4440.898236144028
204.600000000000,204.600000000000,10.444071185725,4441.420505416089
204.650000000000,204.650000000000,10.441442674694,4441.942643262600
204.700000000000,204.700000000000,10.438814163662,4442.464649683558
204.750000000000,204.750000000000,10.436185652630,4442.986524678966
204.800000000000,204.800000000000,10.433557141598,4443.508268248822
204.850000000000,204.850000000000,10.430928630566,4444.029880393125
204.900000000000,204.900000000000,10.428300119534,4444.551361111878
204.950000000000,204.950000000000,10.425671608501,4445.072710405078
205.000000000000,205.000000000000,10.423043097469,4445.593928272728
205.024444444444,205.024444444444,10.421758047631,4445.848698064497
205.050000000000,205.050000000000,10.420430228048,4446.115014914691
205.100000000000,205.100000000000,10.417832320169,4446.635971478396
205.150000000000,205.150000000000,10.415234412290,4447.156798146707
205.200000000000,205.200000000000,10.412636504411,4447.677494919624
205.250000000000,205.250000000000,10.410038596531,4448.198061797148
205.300000000000,205.300000000000,10.407440688652,4448.718498779277
205.350000000000,205.350000000000,10.404842780772,4449.238805866013
205.400000000000,205.400000000000,10.402244872893,4449.758983057354
205.450000000000,205.450000000000,10.399646965013,4450.279030353302
205.500000000000,205.500000000000,10.397049057134,4450.798947753856
205.550000000000,205.550000000000,10.394451149254,4451.318735259016
205.600000000000,205.600000000000,10.391853241375,4451.838392868781
205.650000000000,205.650000000000,10.389260702496,4452.357920717378
205.700000000000,205.700000000000,10.386673395846,4452.877319069837
205.750000000000,205.750000000000,10.384086089197,4453.396588056963
205.800000000000,205.800000000000,10.381498782547,4453.915727678756
205.850000000000,205.850000000000,10.378911475897,4454.434737935218
205.900000000000,205.900000000000,10.376324169248,4454.953618826346
205.950000000000,205.950000000000,10.373736862598,4455.472370352142
206.000000000000,206.000000000000,10.371149555948,4455.990992512606
206.020277777778,206.020277777778,10.370100259363,4456.201285739902
206.050000000000,206.050000000000,10.368518644474,4456.509484659721
206.100000000000,206.100000000000,10.365857983914,4457.027844075431
206.150000000000,206.150000000000,10.363197323354,4457.546070458113
206.200000000000,206.200000000000,10.360536662794,4458.064163807766
206.250000000000,206.250000000000,10.357876002234,4458.582124124392
206.300000000000,206.300000000000,10.355228139262,4459.099951727930
206.350000000000,206.350000000000,10.352580772527,4459.617646950725
206.400000000000,206.400000000000,10.349933405792,4460.135209805183
206.450000000000,206.450000000000,10.347286039057,4460.652640291304
206.500000000000,206.500000000000,10.344638672322,4461.169938409089
206.550000000000,206.550000000000,10.341991305587,4461.687104158536
206.600000000000,206.600000000000,10.339343938852,4462.204137539647
206.650000000000,206.650000000000,10.336696572117,4462.721038552422
206.700000000000,206.700000000000,10.334049205381,4463.237807196860
206.750000000000,206.750000000000,10.331401838646,4463.754443472961
206.800000000000,206.800000000000,10.328754471911,4464.270947380724
206.850000000000,206.850000000000,10.326107105175,4464.787318920152
206.900000000000,206.900000000000,10.323459738440,4465.303558091242
206.950000000000,206.950000000000,10.320812371704,4465.819664893996
207.000000000000,207.000000000000,10.318165004969,4466.335639328413
207.025277777778,207.025277777778,10.316826614008,4466.596442694710
207.050000000000,207.050000000000,10.315205924242,4466.851477541361
207.100000000000,207.100000000000,10.311934461162,4467.367156050997
207.150000000000,207.150000000000,10.308671478086,4467.882671199478
207.200000000000,207.200000000000,10.305416975013,4468.398023410805
207.250000000000,207.250000000000,10.302170951943,4468.913213108979
207.300000000000,207.300000000000,10.298933408877,4469.428240718000
207.350000000000,207.350000000000,10.295704345813,4469.943106661867
207.400000000000,207.400000000000,10.292483762754,4470.457811364581
207.450000000000,207.450000000000,10.289340615883,4470.972356974047
207.500000000000,207.500000000000,10.286317350512,4471.486748423207
207.550000000000,207.550000000000,10.283390259178,4472.000991113449
207.600000000000,207.600000000000,10.280580106023,4472.515090372579
207.650000000000,207.650000000000,10.277769952868,4473.029049124051
207.700000000000,207.700000000000,10.274959799713,4473.542867367865
207.750000000000,207.750000000000,10.272149646558,4474.056545104022
207.800000000000,207.800000000000,10.269339493403,4474.570082332521
207.850000000000,207.850000000000,10.266529340248,4475.083479053363
207.900000000000,207.900000000000,10.263719187093,4475.596735266547
207.950000000000,207.950000000000,10.260909033938,4476.109850972072
208.000000000000,208.000000000000,10.258098880783,4476.622826169941
208.009722222222,208.009722222222,10.257552462114,4476.722555030633
208.050000000000,208.050000000000,10.255157327691,4477.135658213902
208.100000000000,208.100000000000,10.252184498864,4477.648341759566
208.150000000000,208.150000000000,10.249212159073,4478.160876676015
208.200000000000,208.200000000000,10.246240308319,4478.673262987700
208.250000000000,208.250000000000,10.243268946601,4479.185500719072
208.300000000000,208.300000000000,10.240298073919,4479.697589894586
208.350000000000,208.350000000000,10.237327690273,4480.209530538690
208.400000000000,208.400000000000,10.234357795664,4480.721322675839
208.450000000000,208.450000000000,10.231388390091,4481.232966330483
208.500000000000,208.500000000000,10.228419473554,4481.744461527074
208.550000000000,208.550000000000,10.225451046053,4482.255808290064
208.600000000000,208.600000000000,10.222483107589,4482.767006643905
208.650000000000,208.650000000000,10.219515658161,4483.278056613049
208.700000000000,208.700000000000,10.216548697769,4483.788958221947
208.750000000000,208.750000000000,10.213601805102,4484.299711984519
208.800000000000,208.800000000000,10.210701075882,4484.810319556544
208.850000000000,208.850000000000,10.207831017889,4485.320782858887
208.900000000000,208.900000000000,10.204957933898,4485.831102582682
208.950000000000,208.950000000000,10.202081823908,4486.341278576628
209.000000000000,209.000000000000,10.199202687921,4486.851310689423
209.035277777778,209.035277777778,10.197169476840,4487.211080031776
209.050000000000,209.050000000000,10.196330669152,4487.361198852293
209.100000000000,209.100000000000,10.193482215991,4487.870944174422
209.150000000000,209.150000000000,10.190634269093,4488.380547086549
209.200000000000,209.200000000000,10.187786828458,4488.890007613988
209.250000000000,209.250000000000,10.184939894086,4489.399325782052
209.300000000000,209.300000000000,10.182093465978,4489.908501616053
209.350000000000,209.350000000000,10.179247544132,4490.417535141306
209.400000000000,209.400000000000,10.176402128549,4490.926426383123
209.450000000000,209.450000000000,10.173557219230,4491.435175366817
209.500000000000,209.500000000000,10.170712816173,4491.943782117703
209.550000000000,209.550000000000,10.167868919380,4492.452246661092
209.600000000000,209.600000000000,10.165025528850,4492.960569022297
209.650000000000,209.650000000000,10.162182644583,4493.468749226633
209.700000000000,209.700000000000,10.159340266579,4493.976787299412
209.750000000000,209.750000000000,10.156498394838,4494.484683265947
209.800000000000,209.800000000000,10.153657029360,4494.992437151552
209.850000000000,209.850000000000,10.150816170145,4495.500048981539
209.900000000000,209.900000000000,10.147975817193,4496.007518781223
209.950000000000,209.950000000000,10.145135970505,4496.514846575915
210.000000000000,210.000000000000,10.142296630079,4497.022032390930
210.006388888889,210.006388888889,10.141933861947,4497.086829238336
210.050000000000,210.050000000000,10.139499580665,4497.529077162014
210.100000000000,210.100000000000,10.136709195480,4498.035982381417
210.150000000000,210.150000000000,10.133919355692,4498.542748095197
210.200000000000,210.200000000000,10.131130061300,4499.049374330622
210.250000000000,210.250000000000,10.128341312305,4499.555861114962
210.300000000000,210.300000000000,10.125553108707,4500.062208475487
210.350000000000,210.350000000000,10.122765450506,4500.568416439467
210.400000000000,210.400000000000,10.119980280191,4501.074485082734
210.450000000000,210.450000000000,10.117201879019,4501.580414636715
210.500000000000,210.500000000000,10.114423951953,4502.086205282489
210.550000000000,210.550000000000,10.111646498994,4502.591857043763
210.600000000000,210.600000000000,10.108869520141,4503.097369944241
210.650000000000,210.650000000000,10.106093015394,4503.602744007630
210.700000000000,210.700000000000,10.103316984753,4504.107979257633
210.750000000000,210.750000000000,10.100541428219,4504.613075717957
210.800000000000,210.800000000000,10.097766345791,4505.118033412307
210.850000000000,210.850000000000,10.094991737469,4505.622852364389
210.900000000000,210.900000000000,10.092219329820,4506.127532641071
210.950000000000,210.950000000000,10.089452520755,4506.632074437334
211.000000000000,211.000000000000,10.086686114917,4507.136477903226
211.050000000000,211.050000000000,10.083920112307,4507.640743058907
211.077500000000,211.077500000000,10.082398982747,4507.918029946463
211.100000000000,211.100000000000,10.081095424283,4508.144869258543
211.150000000000,211.150000000000,10.078198996801,4508.648851619070
211.200000000000,211.200000000000,10.075303078433,4509.152689170951
211.250000000000,211.250000000000,10.072407669177,4509.656381939642
211.300000000000,211.300000000000,10.069512769033,4510.159929950597
211.350000000000,211.350000000000,10.066618378002,4510.663333229272
211.400000000000,211.400000000000,10.063724496083,4511.166591801124
211.450000000000,211.450000000000,10.060831123277,4511.669705691608
211.500000000000,211.500000000000,10.057938259583,4512.172674926180
211.550000000000,211.550000000000,10.055045905002,4512.675499530294
211.600000000000,211.600000000000,10.052154059533,4513.178179529407
211.650000000000,211.650000000000,10.049262723177,4513.680714948975
211.700000000000,211.700000000000,10.046371895933,4514.183105814453
211.750000000000,211.750000000000,10.043481577802,4514.685352151296
211.800000000000,211.800000000000,10.040591768783,4515.187453984960
211.850000000000,211.850000000000,10.037702468877,4515.689411340902
211.900000000000,211.900000000000,10.034813678083,4516.191224244576
211.950000000000,211.950000000000,10.031925396402,4516.692892721438
212.000000000000,212.000000000000,10.029037623833,4517.194416796943
212.050000000000,212.050000000000,10.026150360377,4517.695796496549
212.092222222222,212.092222222222,10.023712623270,4518.119071381757
212.100000000000,212.100000000000,10.023255822514,4518.197031814604
212.150000000000,212.150000000000,10.020319599380,4518.698121200152
212.200000000000,212.200000000000,10.017383987475,4519.199063789823
212.250000000000,212.250000000000,10.014448986798,4519.699859614180
212.300000000000,212.300000000000,10.011514597351,4520.200508703784
212.350000000000,212.350000000000,10.008580819133,4520.701011089196
212.400000000000,212.400000000000,10.005647652144,4521.201366800978
212.450000000000,212.450000000000,10.002715096384,4521.701575869691
212.500000000000,212.500000000000,9.999783151853,4522.201638325897
212.550000000000,212.550000000000,9.996851818551,4522.701554200157
212.600000000000,212.600000000000,9.993921096478,4523.201323523032
212.650000000000,212.650000000000,9.990990985634,4523.700946325085
212.700000000000,212.700000000000,9.988061486019,4524.200422636876
212.750000000000,212.750000000000,9.985132597633,4524.699752488968
212.800000000000,212.800000000000,9.982204320477,4525.198935911921
212.850000000000,212.850000000000,9.979276654549,4525.697972936297
212.900000000000,212.900000000000,9.976349599850,4526.196863592657
212.950000000000,212.950000000000,9.973423156381,4526.695607911563
213.000000000000,213.000000000000,9.970497324140,4527.194205923575
213.050000000000,213.050000000000,9.967572103129,4527.692657659257
213.092222222222,213.092222222222,9.965102392501,4528.113458565274
213.100000000000,213.100000000000,9.964614775919,4528.190963020930
213.150000000000,213.150000000000,9.961480534159,4528.689115403682
213.200000000000,213.200000000000,9.958347047475,4529.187111093222
213.250000000000,213.250000000000,9.955214315866,4529.684950127306
213.300000000000,213.300000000000,9.952082339333,4530.182632543687
213.350000000000,213.350000000000,9.948951117876,4530.680158380117
213.400000000000,213.400000000000,9.945820651494,4531.177527674351
213.450000000000,213.450000000000,9.942690940189,4531.674740464143
213.500000000000,213.500000000000,9.939561983958,4532.171796787246
213.550000000000,213.550000000000,9.936433782804,4532.668696681416
213.600000000000,213.600000000000,9.933306336724,4533.165440184404
213.650000000000,213.650000000000,9.930179645721,4533.662027333966
213.700000000000,213.700000000000,9.927053709794,4534.158458167853
213.750000000000,213.750000000000,9.923928528942,4534.654732723822
213.800000000000,213.800000000000,9.920804103165,4535.150851039625
213.850000000000,213.850000000000,9.917680432465,4535.646813153016
213.900000000000,213.900000000000,9.914557516839,4536.142619101748
213.950000000000,213.950000000000,9.911435356290,4536.638268923576
214.000000000000,214.000000000000,9.908313950816,4537.133762656254
214.050000000000,214.050000000000,9.905193300418,4537.629100337535
214.092222222222,214.092222222222,9.902558672553,4538.047263990295
214.100000000000,214.100000000000,9.902090671598,4538.124282071080
214.150000000000,214.150000000000,9.899082530430,4538.619311401130
214.200000000000,214.200000000000,9.896075144577,4539.114190343005
214.250000000000,214.250000000000,9.893068514037,4539.608918934471
214.300000000000,214.300000000000,9.890062638811,4540.103497213292
214.350000000000,214.350000000000,9.887057518900,4540.597925217235
214.400000000000,214.400000000000,9.884053154302,4541.092202984065
214.450000000000,214.450000000000,9.881049545019,4541.586330551548
214.500000000000,214.500000000000,9.878046691049,4542.080307957450
214.550000000000,214.550000000000,9.875044592394,4542.574135239536
214.600000000000,214.600000000000,9.872043249052,4543.067812435572
214.650000000000,214.650000000000,9.869042661025,4543.561339583323
214.700000000000,214.700000000000,9.866042828311,4544.054716720557
214.750000000000,214.750000000000,9.863043750912,4544.547943885038
214.800000000000,214.800000000000,9.860045428827,4545.041021114532
214.850000000000,214.850000000000,9.857047862056,4545.533948446804
214.900000000000,214.900000000000,9.854051050598,4546.026725919621
214.950000000000,214.950000000000,9.851054994455,4546.519353570747
215.000000000000,215.000000000000,9.848059693626,4547.011831437949
215.050000000000,215.050000000000,9.845065148111,4547.504159558992
215.092222222222,215.092222222222,9.842537008999,4547.919786715640
215.100000000000,215.100000000000,9.842045938462,4547.996337871548
215.150000000000,215.150000000000,9.838889548290,4548.488361258717
215.200000000000,215.200000000000,9.835734009396,4548.980226847660
215.250000000000,215.250000000000,9.832579321783,4549.471934680939
215.300000000000,215.300000000000,9.829425485449,4549.963484801120
215.350000000000,215.350000000000,9.826272500394,4550.454877250766
215.400000000000,215.400000000000,9.823120366619,4550.946112072442
215.450000000000,215.450000000000,9.819969084123,4551.437189308710
215.500000000000,215.500000000000,9.816818652907,4551.928109002136
215.550000000000,215.550000000000,9.813669072971,4552.418871195283
215.600000000000,215.600000000000,9.810520344314,4552.909475930715
215.650000000000,215.650000000000,9.807372466937,4553.399923250996
215.700000000000,215.700000000000,9.804225440839,4553.890213198690
215.750000000000,215.750000000000,9.801079266020,4554.380345816361
215.800000000000,215.800000000000,9.797933942481,4554.870321146574
215.850000000000,215.850000000000,9.794789470222,4555.360139231891
215.900000000000,215.900000000000,9.791645849242,4555.849800114877
215.950000000000,215.950000000000,9.788503079542,4556.339303838096
216.000000000000,216.000000000000,9.785361161121,4556.828650444113
216.050000000000,216.050000000000,9.782220093980,4557.317839975491
216.077777777778,216.077777777778,9.780475424516,4557.589544079917
216.100000000000,216.100000000000,9.778997287763,4557.806871554495
216.150000000000,216.150000000000,9.775672189535,4558.295738291427
216.200000000000,216.200000000000,9.772348073644,4558.784438798007
216.250000000000,216.250000000000,9.769024940090,4559.272973123350
216.300000000000,216.300000000000,9.765702788874,4559.761341316575
216.350000000000,216.350000000000,9.762381619996,4560.249543426796
216.400000000000,216.400000000000,9.759061433456,4560.737579503132
216.450000000000,216.450000000000,9.755742229253,4561.225449594700
216.500000000000,216.500000000000,9.752424007388,4561.713153750616
216.550000000000,216.550000000000,9.749106767861,4562.200692019997
216.600000000000,216.600000000000,9.745790510671,4562.688064451961
216.650000000000,216.650000000000,9.742475235819,4563.175271095623
216.700000000000,216.700000000000,9.739160943305,4563.662312000100
216.750000000000,216.750000000000,9.735847633128,4564.149187214512
216.800000000000,216.800000000000,9.732535305289,4564.635896787972
216.850000000000,216.850000000000,9.729223959787,4565.122440769599
216.900000000000,216.900000000000,9.725913596623,4565.608819208509
216.950000000000,216.950000000000,9.722604215797,4566.095032153819
217.000000000000,217.000000000000,9.719295817309,4566.581079654648
217.050000000000,217.050000000000,9.715988401158,4567.066961760110
217.077777777778,217.077777777778,9.714151372208,4567.336824812520
217.100000000000,217.100000000000,9.712824863377,4567.552680104024
217.150000000000,217.150000000000,9.709840969920,4568.038246749857
217.200000000000,217.200000000000,9.706858116882,4568.523664227027
217.250000000000,217.250000000000,9.703876304263,4569.008932587555
217.300000000000,217.300000000000,9.700895532062,4569.494051883464
217.350000000000,217.350000000000,9.697915800279,4569.979022166772
217.400000000000,217.400000000000,9.694937108915,4570.463843489501
217.450000000000,217.450000000000,9.691959457969,4570.948515903673
217.500000000000,217.500000000000,9.688982847442,4571.433039461308
217.550000000000,217.550000000000,9.686007277333,4571.917414214427
217.600000000000,217.600000000000,9.683032747642,4572.401640215052
217.650000000000,217.650000000000,9.680059258370,4572.885717515202
217.700000000000,217.700000000000,9.677086809517,4573.369646166900
217.750000000000,217.750000000000,9.674115401082,4573.853426222165
217.800000000000,217.800000000000,9.671145033065,4574.337057733019
217.850000000000,217.850000000000,9.668175705467,4574.820540751482
217.900000000000,217.900000000000,9.665207418287,4575.303875329576
217.950000000000,217.950000000000,9.662240171526,4575.787061519321
218.000000000000,218.000000000000,9.659273965183,4576.270099372739
218.050000000000,218.050000000000,9.656308799258,4576.752988941850
218.077777777778,218.077777777778,9.654661934419,4577.021196868709
218.100000000000,218.100000000000,9.653314148747,4577.235729936298
218.150000000000,218.150000000000,9.650282533756,4577.718319853360
218.200000000000,218.200000000000,9.647252168757,4578.200758220923
218.250000000000,218.250000000000,9.644223053749,4578.683045101486
218.300000000000,218.300000000000,9.641195188734,4579.165180557548
218.350000000000,218.350000000000,9.638168573710,4579.647164651608
218.400000000000,218.400000000000,9.635143208678,4580.128997446168
218.450000000000,218.450000000000,9.632119093638,4580.610679003726
218.500000000000,218.500000000000,9.629107335900,4581.092209664464
218.550000000000,218.550000000000,9.626104728740,4581.573589966080
218.600000000000,218.600000000000,9.623103247609,4582.054820165489
218.650000000000,218.650000000000,9.620102892506,4582.535900318992
218.700000000000,218.700000000000,9.617103663432,4583.016830482890
218.750000000000,218.750000000000,9.614105560386,4583.497610713486
218.800000000000,218.800000000000,9.611108583369,4583.978241067080
218.850000000000,218.850000000000,9.608112732381,4584.458721599975
218.900000000000,218.900000000000,9.605118007421,4584.939052368470
218.950000000000,218.950000000000,9.602124408490,4585.419233428867
219.000000000000,219.000000000000,9.599131935588,4585.899264837470
219.050000000000,219.050000000000,9.596140588714,4586.379146650577
219.077777777778,219.077777777778,9.594479215895,4586.645683036754
219.100000000000,219.100000000000,9.593187405576,4586.858879332546
219.150000000000,219.150000000000,9.590281578507,4587.338466057148
219.200000000000,219.200000000000,9.587376784569,4587.817907516225
219.250000000000,219.250000000000,9.584473023762,4588.297203761434
219.300000000000,219.300000000000,9.581570296085,4588.776354844430
219.350000000000,219.350000000000,9.578668601538,4589.255360816870
219.400000000000,219.400000000000,9.575767940122,4589.734221730411
219.450000000000,219.450000000000,9.572868311837,4590.212937636710
219.500000000000,219.500000000000,9.569969716682,4590.691508587423
219.550000000000,219.550000000000,9.567072154657,4591.169934634207
219.600000000000,219.600000000000,9.564175625763,4591.648215828717
219.650000000000,219.650000000000,9.561280130000,4592.126352222612
219.700000000000,219.700000000000,9.558385667367,4592.604343867546
219.750000000000,219.750000000000,9.555492237865,4593.082190815177
219.800000000000,219.800000000000,9.552599841493,4593.559893117161
219.850000000000,219.850000000000,9.549708478252,4594.037450825154
219.900000000000,219.900000000000,9.546818148141,4594.514863990814
219.950000000000,219.950000000000,9.543928851161,4594.992132665796
220.000000000000,220.000000000000,9.541040587312,4595.469256901758
220.050000000000,220.050000000000,9.538153356593,4595.946236750356
220.077777777778,220.077777777778,9.536549785941,4596.211163182893
220.100000000000,220.100000000000,9.535260216608,4596.423072182919
220.150000000000,220.150000000000,9.532359580778,4596.899762677854
220.200000000000,220.200000000000,9.529460184413,4597.376308171984
220.250000000000,220.250000000000,9.526562027514,4597.852708727281
220.300000000000,220.300000000000,9.523665110080,4598.328964405721
220.350000000000,220.350000000000,9.520769432111,4598.805075269276
220.400000000000,220.400000000000,9.517874993608,4599.281041379919
220.450000000000,220.450000000000,9.514981794570,4599.756862799623
220.500000000000,220.500000000000,9.512089834998,4600.232539590363
220.550000000000,220.550000000000,9.509199114891,4600.708071814110
220.600000000000,220.600000000000,9.506309634250,4601.183459532838
220.650000000000,220.650000000000,9.503432788544,4601.658703093408
220.700000000000,220.700000000000,9.500564828728,4602.133803033839
220.750000000000,220.750000000000,9.497697992206,4602.608759604363
220.800000000000,220.800000000000,9.494832278976,4603.083572861142
220.850000000000,220.850000000000,9.491967689040,4603.558242860342
220.900000000000,220.900000000000,9.489104222398,4604.032769658128
220.950000000000,220.950000000000,9.486241879048,4604.507153310664
221.000000000000,221.000000000000,9.483380658992,4604.981393874115
221.050000000000,221.050000000000,9.480520562229,4605.455491404646
221.077777777778,221.077777777778,9.478932104956,4605.718817136137
221.100000000000,221.100000000000,9.477616309605,4605.929445451852
221.150000000000,221.150000000000,9.474656674563,4606.403252276456
221.200000000000,221.200000000000,9.471698291904,4606.876911150618
221.250000000000,221.250000000000,9.468741161628,4607.350422136957
221.300000000000,221.300000000000,9.465785283735,4607.823785298091
221.350000000000,221.350000000000,9.462830658224,4608.297000696640
221.400000000000,221.400000000000,9.459877285097,4608.770068395223
221.450000000000,221.450000000000,9.456925164352,4609.242988456459
221.500000000000,221.500000000000,9.453974295990,4609.715760942968
221.550000000000,221.550000000000,9.451024680011,4610.188385917368
221.600000000000,221.600000000000,9.448076316415,4610.660863442278
221.650000000000,221.650000000000,9.445129205202,4611.133193580319
221.700000000000,221.700000000000,9.442183346372,4611.605376394108
221.750000000000,221.750000000000,9.439238739925,4612.077411946266
221.800000000000,221.800000000000,9.436295385860,4612.549300299411
221.850000000000,221.850000000000,9.433353284179,4613.021041516162
221.900000000000,221.900000000000,9.430412434880,4613.492635659139
221.950000000000,221.950000000000,9.427472837964,4613.964082790960
222.000000000000,222.000000000000,9.424534493431,4614.435382974245
222.050000000000,222.050000000000,9.421597401281,4614.906536271613
222.077777777778,222.077777777778,9.419966224573,4615.168224655307
222.100000000000,222.100000000000,9.418550864431,4615.377541511850
222.150000000000,222.150000000000,9.415371719409,4615.848389576446
222.200000000000,222.200000000000,9.412216836162,4616.319079290335
222.250000000000,222.250000000000,9.409063434365,4616.789611297098
222.300000000000,222.300000000000,9.405911514015,4617.259985670808
222.350000000000,222.350000000000,9.402764867983,4617.730202580358
222.400000000000,222.400000000000,9.399637100775,4618.200262629577
222.450000000000,222.450000000000,9.396510694411,4618.670166324457
222.500000000000,222.500000000000,9.393385648891,4619.139913733039
222.550000000000,222.550000000000,9.390270937871,4619.609505147709
222.600000000000,222.600000000000,9.387170186287,4620.078941175812
222.650000000000,222.650000000000,9.384070662472,4620.548222197031
222.700000000000,222.700000000000,9.380972366426,4621.017348272754
222.750000000000,222.750000000000,9.377875298148,4621.486319464369
222.800000000000,222.800000000000,9.374779457640,4621.955135833264
222.850000000000,222.850000000000,9.371684844900,4622.423797440827
222.900000000000,222.900000000000,9.368591459930,4622.892304348448
222.950000000000,222.950000000000,9.365499302728,4623.360656617515
223.000000000000,223.000000000000,9.362408373295,4623.828854309416
223.050000000000,223.050000000000,9.359322566526,4624.296897582912
223.077777777778,223.077777777778,9.357618967587,4624.556855104221
223.100000000000,223.100000000000,9.356269948405,4624.764787203285
223.150000000000,223.150000000000,9.353235401622,4625.232524837035
223.200000000000,223.200000000000,9.350201888280,4625.700110769282
223.250000000000,223.250000000000,9.347169408379,4626.167545051699
223.300000000000,223.300000000000,9.344137961918,4626.634827735957
223.350000000000,223.350000000000,9.341107548899,4627.101958873727
223.400000000000,223.400000000000,9.338078169322,4627.568938516682
223.450000000000,223.450000000000,9.335049823185,4628.035766716495
223.500000000000,223.500000000000,9.332022510489,4628.502443524837
223.550000000000,223.550000000000,9.328996231235,4628.968968993380
223.600000000000,223.600000000000,9.325970985421,4629.435343173796
223.650000000000,223.650000000000,9.322946773049,4629.901566117758
223.700000000000,223.700000000000,9.319923594118,4630.367637876937
223.750000000000,223.750000000000,9.316901448628,4630.833558503005
223.800000000000,223.800000000000,9.313880336579,4631.299328047636
223.850000000000,223.850000000000,9.310860257971,4631.764946562499
223.900000000000,223.900000000000,9.307841212804,4632.230414099268
223.950000000000,223.950000000000,9.304823201079,4632.695730709615
224.000000000000,224.000000000000,9.301806222794,4633.160896445213
224.050000000000,224.050000000000,9.298790277951,4633.625911357732
224.077777777778,224.077777777778,9.297115199586,4633.884187822699
224.100000000000,224.100000000000,9.295665039582,4634.090774269799
224.150000000000,224.150000000000,9.292403215846,4634.555475976185
224.200000000000,224.200000000000,9.289142826953,4635.020014627255
224.250000000000,224.250000000000,9.285883872903,4635.484390294752
224.300000000000,224.300000000000,9.282626353695,4635.948603050418
224.350000000000,224.350000000000,9.279370269329,4636.412652965993
224.400000000000,224.400000000000,9.276115619805,4636.876540113222
224.450000000000,224.450000000000,9.272862405124,4637.340264563845
224.500000000000,224.500000000000,9.269610625285,4637.803826389606
224.550000000000,224.550000000000,9.266360280288,4638.267225662245
224.600000000000,224.600000000000,9.263111370134,4638.730462453505
224.650000000000,224.650000000000,9.259863894822,4639.193536835130
224.700000000000,224.700000000000,9.256617854352,4639.656448878859
224.750000000000,224.750000000000,9.253373248725,4640.119198656436
224.800000000000,224.800000000000,9.250151495470,4640.581786775041
224.850000000000,224.850000000000,9.246931853882,4641.044213858775
224.900000000000,224.900000000000,9.243713509728,4641.506479992865
224.950000000000,224.950000000000,9.240496463008,4641.968585242184
225.000000000000,225.000000000000,9.237280713721,4642.430529671602
225.050000000000,225.050000000000,9.234066261868,4642.892313345992
225.077777777778,225.077777777778,9.232281015903,4643.148790391519
225.100000000000,225.100000000000,9.230882766906,4643.353936655770
225.150000000000,225.150000000000,9.227737584953,4643.815402164566
225.200000000000,225.200000000000,9.224593619096,4644.276710444667
225.250000000000,225.250000000000,9.221450869333,4644.737861556878
225.300000000000,225.300000000000,9.218321090441,4645.198855855872
225.350000000000,225.350000000000,9.215199047517,4645.659693859321
225.400000000000,225.400000000000,9.212078130039,4646.120375788760
225.450000000000,225.450000000000,9.208958338007,4646.580901700460
225.500000000000,225.500000000000,9.205839671421,4647.041271650696
225.550000000000,225.550000000000,9.202722130280,4647.501485695739
225.600000000000,225.600000000000,9.199605714586,4647.961543891860
225.650000000000,225.650000000000,9.196493723693,4648.421446377817
225.700000000000,225.700000000000,9.193397733236,4648.881193664241
225.750000000000,225.750000000000,9.190302772559,4649.340786176886
225.800000000000,225.800000000000,9.187208841662,4649.800223967241
225.850000000000,225.850000000000,9.184115940545,4650.259507086796
225.900000000000,225.900000000000,9.181024069207,4650.718635587041
225.950000000000,225.950000000000,9.177933227650,4651.177609519462
226.000000000000,226.000000000000,9.174843415873,4651.636428935550
226.050000000000,226.050000000000,9.171754633876,4652.095093886794
226.077777777778,226.077777777778,9.170039088844,4652.349841021834
226.100000000000,226.100000000000,9.168688949356,4652.553604666700
226.150000000000,226.150000000000,9.165653608946,4653.011963230658
226.200000000000,226.200000000000,9.162634703624,4653.470170438472
226.250000000000,226.250000000000,9.159616688582,4653.928226723277
226.300000000000,226.300000000000,9.156599563818,4654.386132129586
226.350000000000,226.350000000000,9.153583329333,4654.843886701915
226.400000000000,226.400000000000,9.150567985126,4655.301490484777
226.450000000000,226.450000000000,9.147553531198,4655.758943522685
226.500000000000,226.500000000000,9.144539967549,4656.216245860153
226.550000000000,226.550000000000,9.141527294179,4656.673397541696
226.600000000000,226.600000000000,9.138515511087,4657.130398611828
226.650000000000,226.650000000000,9.135504618274,4657.587249115062
226.700000000000,226.700000000000,9.132494615739,4658.043949095912
226.750000000000,226.750000000000,9.129485503483,4658.500498598894
226.800000000000,226.800000000000,9.126477281506,4658.956897668519
226.850000000000,226.850000000000,9.123485930496,4659.413146748819
226.900000000000,226.900000000000,9.120496952544,4659.869246320894
226.950000000000,226.950000000000,9.117508771979,4660.325196464008
227.000000000000,227.000000000000,9.114521388800,4660.780997218028
227.050000000000,227.050000000000,9.111534803007,4661.236648622823
227.077777777778,227.077777777778,9.109875933227,4661.489723771940
227.100000000000,227.100000000000,9.108516928028,4661.692150359285
227.150000000000,227.150000000000,9.105480433107,4662.147500293313
227.200000000000,227.200000000000,9.102444902245,4662.602698426696
227.250000000000,227.250000000000,9.099410181622,4663.057744803793
227.300000000000,227.300000000000,9.096376271238,4663.512639465114
227.350000000000,227.350000000000,9.093343171093,4663.967382451172
227.400000000000,227.400000000000,9.090310881187,4664.421973802479
227.450000000000,227.450000000000,9.087279401519,4664.876413559547
227.500000000000,227.500000000000,9.084248732091,4665.330701762887
227.550000000000,227.550000000000,9.081218872901,4665.784838453012
227.600000000000,227.600000000000,9.078189823951,4666.238823670433
227.650000000000,227.650000000000,9.075161585239,4666.692657455663
227.700000000000,227.700000000000,9.072134156766,4667.146339849212
227.750000000000,227.750000000000,9.069107538533,4667.599870891595
227.800000000000,227.800000000000,9.066081730538,4668.053250623322
227.850000000000,227.850000000000,9.063056732782,4668.506479084905
227.900000000000,227.900000000000,9.060032545265,4668.959556316856
227.950000000000,227.950000000000,9.057009167986,4669.412482359687
228.000000000000,228.000000000000,9.053986600947,4669.865257253910
228.050000000000,228.050000000000,9.050964844147,4670.317881040038
228.077777777778,228.077777777778,9.049286440472,4670.569273418992
228.100000000000,228.100000000000,9.048036328984,4670.770354783095
228.150000000000,228.150000000000,9.045224036184,4671.222686292224
228.200000000000,228.200000000000,9.042412377605,4671.674877202568
228.250000000000,228.250000000000,9.039601353246,4672.126927545840
228.300000000000,228.300000000000,9.036790963109,4672.578837353749
228.350000000000,228.350000000000,9.033981207192,4673.030606658006
228.400000000000,228.400000000000,9.031172085495,4673.482235490324
228.450000000000,228.450000000000,9.028363598020,4673.933723882411
228.500000000000,228.500000000000,9.025555744765,4674.385071865981
228.550000000000,228.550000000000,9.022748525731,4674.836279472743
228.600000000000,228.600000000000,9.019941940917,4675.287346734409
228.650000000000,228.650000000000,9.017135990324,4675.738273682690
228.700000000000,228.700000000000,9.014330673952,4676.189060349298
228.750000000000,228.750000000000,9.011525991801,4676.639706765942
228.800000000000,228.800000000000,9.008721943870,4677.090212964334
228.850000000000,228.850000000000,9.005918530160,4677.540578976184
228.900000000000,228.900000000000,9.003115750671,4677.990804833205
228.950000000000,228.950000000000,9.000313605403,4678.440890567107
229.000000000000,229.000000000000,8.997512094355,4678.890836209601
229.050000000000,229.050000000000,8.994711217528,4679.340641792398
229.077777777778,229.077777777778,8.993155448892,4679.590473273878
229.100000000000,229.100000000000,8.991908146401,4679.790307313824
229.150000000000,229.150000000000,8.989102233702,4680.239832573327
229.200000000000,229.200000000000,8.986297038106,4680.689217555122
229.250000000000,229.250000000000,8.983492559613,4681.138462295065
229.300000000000,229.300000000000,8.980701648162,4681.587567150260
229.350000000000,229.350000000000,8.977915003057,4682.036532566540
229.400000000000,229.400000000000,8.975129007254,4682.485358666798
229.450000000000,229.450000000000,8.972343660755,4682.934045483498
229.500000000000,229.500000000000,8.969558963558,4683.382593049107
229.550000000000,229.550000000000,8.966774915664,4683.831001396087
229.600000000000,229.600000000000,8.963991517073,4684.279270556905
229.650000000000,229.650000000000,8.961208767785,4684.727400564027
229.700000000000,229.700000000000,8.958426667799,4685.175391449916
229.750000000000,229.750000000000,8.955645217117,4685.623243247039
229.800000000000,229.800000000000,8.952864415737,4686.070955987861
229.850000000000,229.850000000000,8.950084263660,4686.518529704846
229.900000000000,229.900000000000,8.947304760886,4686.965964430459
229.950000000000,229.950000000000,8.944525907414,4687.413260197167
230.000000000000,230.000000000000,8.941747703245,4687.860417037434
230.050000000000,230.050000000000,8.938970148380,4688.307434983724
230.077777777778,230.077777777778,8.937427342906,4688.555718282217
230.100000000000,230.100000000000,8.936184874881,4688.754313973523
230.150000000000,230.150000000000,8.933389842864,4689.201053341467
230.200000000000,230.200000000000,8.930595532287,4689.647652975846
230.250000000000,230.250000000000,8.927801943150,4690.094112912731
230.300000000000,230.300000000000,8.925009075453,4690.540433188196
230.350000000000,230.350000000000,8.922216929195,4690.986613838312
230.400000000000,230.400000000000,8.919425504377,4691.432654899151
230.450000000000,230.450000000000,8.916634800999,4691.878556406786
230.500000000000,230.500000000000,8.913844819060,4692.324318397287
230.550000000000,230.550000000000,8.911055558561,4692.769940906728
230.600000000000,230.600000000000,8.908267019502,4693.215423971180
230.650000000000,230.650000000000,8.905479201883,4693.660767626715
230.700000000000,230.700000000000,8.902692105703,4694.105971909405
230.750000000000,230.750000000000,8.899905730963,4694.551036855321
230.800000000000,230.800000000000,8.897120077663,4694.995962500537
230.850000000000,230.850000000000,8.894335145803,4695.440748881123
230.900000000000,230.900000000000,8.891550935382,4695.885396033153
230.950000000000,230.950000000000,8.888767446401,4696.329903992697
231.000000000000,231.000000000000,8.885984678860,4696.774272795828
231.050000000000,231.050000000000,8.883202632759,4697.218502478619
231.077777777778,231.077777777778,8.881657363324,4697.465236645233
231.100000000000,231.100000000000,8.880472086246,4697.662593639115
231.150000000000,231.150000000000,8.877805656235,4698.106550582676
231.200000000000,231.200000000000,8.875139840183,4698.550374220086
231.250000000000,231.250000000000,8.872474638090,4698.994064582043
231.300000000000,231.300000000000,8.869810049956,4699.437621699245
231.350000000000,231.350000000000,8.867146075782,4699.881045602388
231.400000000000,231.400000000000,8.864482715567,4700.324336322173
231.450000000000,231.450000000000,8.861819969311,4700.767493889294
231.500000000000,231.500000000000,8.859157837015,4701.210518334453
231.550000000000,231.550000000000,8.856496318677,4701.653409688345
231.600000000000,231.600000000000,8.853837407310,4702.096168031495
231.650000000000,231.650000000000,8.851201763304,4702.538794010760
231.700000000000,231.700000000000,8.848570578217,4702.981288319298
231.750000000000,231.750000000000,8.845939895595,4703.423651081143
231.800000000000,231.800000000000,8.843309715436,4703.865882321419
231.850000000000,231.850000000000,8.840682525812,4704.307982127450
231.900000000000,231.900000000000,8.838066146844,4704.749950844267
231.950000000000,231.950000000000,8.835450224855,4705.191788753559
232.000000000000,232.000000000000,8.832834759846,4705.633495878177
232.050000000000,232.050000000000,8.830219751816,4706.075072240968
232.077777777778,232.077777777778,8.828767167037,4706.320335948177
232.100000000000,232.100000000000,8.827699207471,4706.516518907892
232.150000000000,232.150000000000,8.825296581008,4706.957843802604
232.200000000000,232.200000000000,8.822900965753,4707.399048741273
232.250000000000,232.250000000000,8.820511489084,4707.840134052644
232.300000000000,232.300000000000,8.818122362719,4708.281099898940
232.350000000000,232.350000000000,8.815733586658,4708.721946297675
232.400000000000,232.400000000000,8.813345160900,4709.162673266364
232.450000000000,232.450000000000,8.810957085446,4709.603280822522
232.500000000000,232.500000000000,8.808569360297,4710.043768983665
232.550000000000,232.550000000000,8.806181985450,4710.484137767309
232.600000000000,232.600000000000,8.803794960908,4710.924387190968
232.650000000000,232.650000000000,8.801408286670,4711.364517272158
232.700000000000,232.700000000000,8.799021962735,4711.804528028393
232.750000000000,232.750000000000,8.796635989104,4712.244419477190
232.800000000000,232.800000000000,8.794250365777,4712.684191636062
232.850000000000,232.850000000000,8.791865092754,4713.123844522524
232.900000000000,232.900000000000,8.789480170035,4713.563378154095
232.950000000000,232.950000000000,8.787095597619,4714.002792548285
233.000000000000,233.000000000000,8.784711375507,4714.442087722614
233.050000000000,233.050000000000,8.782327503699,4714.881263694594
233.077777777778,233.077777777778,8.781003281839,4715.125198844396
233.100000000000,233.100000000000,8.780020049959,4715.320321325858
233.150000000000,233.150000000000,8.777808001014,4715.759267027132
233.200000000000,233.200000000000,8.775596260538,4716.198102133671
233.250000000000,233.250000000000,8.773384828531,4716.636826660898
233.300000000000,233.300000000000,8.771173704993,4717.075440624236
233.350000000000,233.350000000000,8.768962889924,4717.513944039109
233.400000000000,233.400000000000,8.766752383324,4717.952336920940
233.450000000000,233.450000000000,8.764542185194,4718.390619285153
233.500000000000,233.500000000000,8.762332295532,4718.828791147171
233.550000000000,233.550000000000,8.760122714340,4719.266852522418
233.600000000000,233.600000000000,8.757913441616,4719.704803426317
233.650000000000,233.650000000000,8.755704477362,4720.142643874292
233.700000000000,233.700000000000,8.753495821576,4720.580373881765
233.750000000000,233.750000000000,8.751287474260,4721.017993464161
233.800000000000,233.800000000000,8.749079435413,4721.455502636903
233.850000000000,233.850000000000,8.746871705035,4721.892901415414
233.900000000000,233.900000000000,8.744664283126,4722.330189815118
233.950000000000,233.950000000000,8.742457169686,4722.767367851437
234.000000000000,234.000000000000,8.740250364715,4723.204435539797
234.050000000000,234.050000000000,8.738043868213,4723.641392895621
234.077777777778,234.077777777778,8.736818170113,4723.884099312821
234.100000000000,234.100000000000,8.735876649572,4724.078240366372
234.150000000000,234.150000000000,8.733758452774,4724.514981243930
234.200000000000,234.200000000000,8.731640566710,4724.951616219418
234.250000000000,234.250000000000,8.729522991380,4725.388145308370
234.300000000000,234.300000000000,8.727405726785,4725.824568526325
234.350000000000,234.350000000000,8.725288772924,4726.260885888817
234.400000000000,234.400000000000,8.723172129797,4726.697097411386
234.450000000000,234.450000000000,8.721055797405,4727.133203109565
234.500000000000,234.500000000000,8.718939775747,4727.569202998894
234.550000000000,234.550000000000,8.716824064823,4728.005097094909
234.600000000000,234.600000000000,8.714708664634,4728.440885413145
234.650000000000,234.650000000000,8.712593575178,4728.876567969141
234.700000000000,234.700000000000,8.710478796458,4729.312144778432
234.750000000000,234.750000000000,8.708364328471,4729.747615856555
234.800000000000,234.800000000000,8.706250171219,4730.182981219047
234.850000000000,234.850000000000,8.704136324701,4730.618240881445
234.900000000000,234.900000000000,8.702022788917,4731.053394859286
234.950000000000,234.950000000000,8.699909563867,4731.488443168105
235.000000000000,235.000000000000,8.697796649552,4731.923385823440
235.050000000000,235.050000000000,8.695684045971,4732.358222840829
235.077777777778,235.077777777778,8.694510511583,4732.599753320796
235.100000000000,235.100000000000,8.693609278087,4732.792954651791
235.150000000000,235.150000000000,8.691581724718,4733.227584426861
235.200000000000,235.200000000000,8.689554478730,4733.662112831947
235.250000000000,235.250000000000,8.687527540125,4734.096539882418
235.300000000000,235.300000000000,8.685500908900,4734.530865593644
235.350000000000,235.350000000000,8.683474585058,4734.965089980993
235.400000000000,235.400000000000,8.681448568597,4735.399213059834
235.450000000000,235.450000000000,8.679422859518,4735.833234845537
235.500000000000,235.500000000000,8.677397457821,4736.267155353470
235.550000000000,235.550000000000,8.675380489153,4736.700974802145
235.600000000000,235.600000000000,8.673365098679,4737.134693441841
235.650000000000,235.650000000000,8.671349998101,4737.568311319260
235.700000000000,235.700000000000,8.669335187421,4738.001828448898
235.750000000000,235.750000000000,8.667320666638,4738.435244845249
235.800000000000,235.800000000000,8.665306435752,4738.868560522809
235.850000000000,235.850000000000,8.663292494764,4739.301775496072
235.900000000000,235.900000000000,8.661278843673,4739.734889779533
235.950000000000,235.950000000000,8.659265482479,4740.167903387686
236.000000000000,236.000000000000,8.657252411182,4740.600816335028
236.050000000000,236.050000000000,8.655239629783,4741.033628636053
236.077777777778,236.077777777778,8.654121543159,4741.274036430123
236.100000000000,236.100000000000,8.653253672117,4741.466340599180
236.150000000000,236.150000000000,8.651301169651,4741.898954470224
236.200000000000,236.200000000000,8.649348954323,4742.331470723323
236.250000000000,236.250000000000,8.647397026134,4742.763889372834
236.300000000000,236.300000000000,8.645445385082,4743.196210433115
236.350000000000,236.350000000000,8.643494031169,4743.628433918521
236.400000000000,236.400000000000,8.641542964393,4744.060559843410
236.450000000000,236.450000000000,8.639592184756,4744.492588222139
236.500000000000,236.500000000000,8.637649070351,4744.924519253516
236.550000000000,236.550000000000,8.635709555311,4745.356353219158
236.600000000000,236.600000000000,8.633770298370,4745.788090215500
236.650000000000,236.650000000000,8.631831299529,4746.219730255448
236.700000000000,236.700000000000,8.629892558787,4746.651273351906
236.750000000000,236.750000000000,8.627954076145,4747.082719517779
236.800000000000,236.800000000000,8.626015851602,4747.514068765972
236.850000000000,236.850000000000,8.624077885159,4747.945321109391
236.900000000000,236.900000000000,8.622140176816,4748.376476560941
236.950000000000,236.950000000000,8.620202726572,4748.807535133526
237.000000000000,237.000000000000,8.618265534427,4749.238496840050
237.050000000000,237.050000000000,8.616328600382,4749.669361693421
237.077777777778,237.077777777778,8.615252637437,4749.908689210614
237.100000000000,237.100000000000,8.614505871359,4750.100130971821
237.150000000000,237.150000000000,8.612825749152,4750.530814262334
237.200000000000,237.200000000000,8.611145767440,4750.961413550249
237.250000000000,237.250000000000,8.609465926222,4751.391928842590
237.300000000000,237.300000000000,8.607786225500,4751.822360146383
237.350000000000,237.350000000000,8.606106665273,4752.252707468652
237.400000000000,237.400000000000,8.604427245540,4752.682970816422
237.450000000000,237.450000000000,8.602747966302,4753.113150196718
237.500000000000,237.500000000000,8.601068827560,4753.543245616565
237.550000000000,237.550000000000,8.599389829312,4753.973257082987
237.600000000000,237.600000000000,8.597710971559,4754.403184603009
237.650000000000,237.650000000000,8.596032254301,4754.833028183656
237.700000000000,237.700000000000,8.594353677538,4755.262787831952
237.750000000000,237.750000000000,8.592675241270,4755.692463554922
237.800000000000,237.800000000000,8.590996945497,4756.122055359591
237.850000000000,237.850000000000,8.589318790219,4756.551563252984
237.900000000000,237.900000000000,8.587640775436,4756.980987242126
237.950000000000,237.950000000000,8.585962901148,4757.410327334040
238.000000000000,238.000000000000,8.584285167354,4757.839583535752
238.050000000000,238.050000000000,8.582607574056,4758.268755854288
238.077777777778,238.077777777778,8.581675638487,4758.507148676686
238.100000000000,238.100000000000,8.580881214588,4758.697843752829
238.150000000000,238.150000000000,8.579093931020,4759.126843131469
238.200000000000,238.200000000000,8.577306883119,4759.555753151823
238.250000000000,238.250000000000,8.575520070884,4759.984573825673
238.300000000000,238.300000000000,8.573733494315,4760.413305164802
238.350000000000,238.350000000000,8.571947153412,4760.841947180996
238.400000000000,238.400000000000,8.570161048176,4761.270499886035
238.450000000000,238.450000000000,8.568375178607,4761.698963291705
238.500000000000,238.500000000000,8.566589544703,4762.127337409787
238.550000000000,238.550000000000,8.564804146466,4762.555622252066
238.600000000000,238.600000000000,8.563018983896,4762.983817830325
238.650000000000,238.650000000000,8.561234056992,4763.411924156348
238.700000000000,238.700000000000,8.559449365754,4763.839941241916
238.750000000000,238.750000000000,8.557664910182,4764.267869098814
238.800000000000,238.800000000000,8.555880690277,4764.695707738826
238.850000000000,238.850000000000,8.554096706039,4765.123457173734
238.900000000000,238.900000000000,8.552312957466,4765.551117415322
238.950000000000,238.950000000000,8.550529444560,4765.978688475372
239.000000000000,239.000000000000,8.548746167321,4766.406170365669
239.050000000000,239.050000000000,8.546963125747,4766.833563097995
239.077777777778,239.077777777778,8.545972648927,4767.070964983756
239.100000000000,239.100000000000,8.545244901544,4767.260867400982
239.150000000000,239.150000000000,8.543607595755,4767.688088713414
239.200000000000,239.200000000000,8.541970464180,4768.115228164912
239.250000000000,239.250000000000,8.540333506819,4768.542285764187
239.300000000000,239.300000000000,8.538696723671,4768.969261519949
239.350000000000,239.350000000000,8.537060114738,4769.396155440910
239.400000000000,239.400000000000,8.535423680019,4769.822967535779
239.450000000000,239.450000000000,8.533787419514,4770.249697813267
239.500000000000,239.500000000000,8.532151333223,4770.676346282085
239.550000000000,239.550000000000,8.530515421146,4771.102912950945
239.600000000000,239.600000000000,8.528879683283,4771.529397828555
239.650000000000,239.650000000000,8.527244119634,4771.955800923628
239.700000000000,239.700000000000,8.525608730199,4772.382122244873
239.750000000000,239.750000000000,8.523973514979,4772.808361801003
239.800000000000,239.800000000000,8.522338473972,4773.234519600727
239.850000000000,239.850000000000,8.520703607179,4773.660595652756
239.900000000000,239.900000000000,8.519068914600,4774.086589965800
239.950000000000,239.950000000000,8.517434396236,4774.512502548571
240.000000000000,240.000000000000,8.515800052085,4774.938333409779
240.050000000000,240.050000000000,8.514165882148,4775.364082558135
240.077777777778,240.077777777778,8.513258085239,4775.600574557684
240.100000000000,240.100000000000,8.512550787583,4775.789750211825
240.150000000000,240.150000000000,8.510959472383,4776.215337968324
240.200000000000,240.200000000000,8.509368301910,4776.640846162682
240.250000000000,240.250000000000,8.507777276164,4777.066274802133
240.300000000000,240.300000000000,8.506186395144,4777.491623893916
240.350000000000,240.350000000000,8.504595658851,4777.916893445265
240.400000000000,240.400000000000,8.503005067285,4778.342083463419
240.450000000000,240.450000000000,8.501414620446,4778.767193955612
240.500000000000,240.500000000000,8.499824318333,4779.192224929082
240.550000000000,240.550000000000,8.498234160948,4779.617176391064
240.600000000000,240.600000000000,8.496644148289,4780.042048348795
240.650000000000,240.650000000000,8.495054280356,4780.466840809511
240.700000000000,240.700000000000,8.493464557151,4780.891553780449
240.750000000000,240.750000000000,8.491874978672,4781.316187268844
240.800000000000,240.800000000000,8.490285544921,4781.740741281934
240.850000000000,240.850000000000,8.488696255896,4782.165215826954
240.900000000000,240.900000000000,8.487107111597,4782.589610911142
240.950000000000,240.950000000000,8.485518112026,4783.013926541732
241.000000000000,241.000000000000,8.483929257181,4783.438162725963
241.050000000000,241.050000000000,8.482340547063,4783.862319471069
241.077777777778,241.077777777778,8.481457992867,4784.097927784125
241.100000000000,241.100000000000,8.480696025556,4784.286396162106
241.150000000000,241.150000000000,8.478981767608,4784.710388106935
241.200000000000,241.200000000000,8.477267742970,4785.134294344700
241.250000000000,241.250000000000,8.475553951643,4785.558114887065
241.300000000000,241.300000000000,8.473840393625,4785.981849745697
241.350000000000,241.350000000000,8.472127068918,4786.405498932260
241.400000000000,241.400000000000,8.470413977521,4786.829062458422
241.450000000000,241.450000000000,8.468701119434,4787.252540335845
241.500000000000,241.500000000000,8.466988494658,4787.675932576198
241.550000000000,241.550000000000,8.465276103191,4788.099239191144
241.600000000000,241.600000000000,8.463563945036,4788.522460192349
241.650000000000,241.650000000000,8.461852020190,4788.945595591480
241.700000000000,241.700000000000,8.460140328654,4789.368645400201
241.750000000000,241.750000000000,8.458428870429,4789.791609630178
241.800000000000,241.800000000000,8.456717645514,4790.214488293076
241.850000000000,241.850000000000,8.455006653909,4790.637281400562
241.900000000000,241.900000000000,8.453295895614,4791.059988964300
241.950000000000,241.950000000000,8.451585370630,4791.482610995956
242.000000000000,242.000000000000,8.449875078956,4791.905147507196
242.050000000000,242.050000000000,8.448165020592,4792.327598509684
242.077777777778,242.077777777778,8.447215088981,4792.562256566764
242.100000000000,242.100000000000,8.446500991907,4792.749964523216
242.150000000000,242.150000000000,8.444894406316,4793.172249408171
242.200000000000,242.200000000000,8.443288004638,4793.594453968445
242.250000000000,242.250000000000,8.441681786872,4794.016578213233
242.300000000000,242.300000000000,8.440075753019,4794.438622151730
242.350000000000,242.350000000000,8.438471634475,4794.860585836417
242.400000000000,242.400000000000,8.436874378959,4795.282469486753
242.450000000000,242.450000000000,8.435277291447,4795.704273278513
242.500000000000,242.500000000000,8.433680371938,4796.125997220098
242.550000000000,242.550000000000,8.432083620433,4796.547641319908
242.600000000000,242.600000000000,8.430487036931,4796.969205586342
242.650000000000,242.650000000000,8.428896687344,4797.390690179449
242.700000000000,242.700000000000,8.427309207495,4797.812095326820
242.750000000000,242.750000000000,8.425721878424,4798.233421103968
242.800000000000,242.800000000000,8.424134700134,4798.654667518432
242.850000000000,242.850000000000,8.422547672623,4799.075834577750
242.900000000000,242.900000000000,8.420960795892,4799.496922289463
242.950000000000,242.950000000000,8.419374069940,4799.917930661109
243.000000000000,243.000000000000,8.417787494768,4800.338859700227
243.050000000000,243.050000000000,8.416201070376,4800.759709414356
243.077777777778,243.077777777778,8.415319788643,4800.993480537400
243.100000000000,243.100000000000,8.414685207713,4801.180480592912
243.150000000000,243.150000000000,8.413257462471,4801.601179159667
243.200000000000,243.200000000000,8.411829802870,4802.021806341300
243.250000000000,243.250000000000,8.410402228911,4802.442362142095
243.300000000000,243.300000000000,8.408974740592,4802.862846566332
243.350000000000,243.350000000000,8.407547337914,4803.283259618295
243.400000000000,243.400000000000,8.406120020878,4803.703601302265
243.450000000000,243.450000000000,8.404692789482,4804.123871622524
243.500000000000,243.500000000000,8.403265643728,4804.544070583354
243.550000000000,243.550000000000,8.401838583614,4804.964198189038
243.600000000000,243.600000000000,8.400411609142,4805.384254443857
243.650000000000,243.650000000000,8.398984720311,4805.804239352093
243.700000000000,243.700000000000,8.397557917120,4806.224152918028
243.750000000000,243.750000000000,8.396131199571,4806.643995145946
243.800000000000,243.800000000000,8.394704567663,4807.063766040127
243.850000000000,243.850000000000,8.393278021396,4807.483465604853
243.900000000000,243.900000000000,8.391851560769,4807.903093844408
243.950000000000,243.950000000000,8.390425185784,4808.322650763072
244.000000000000,244.000000000000,8.388998896440,4808.742136365127
244.050000000000,244.050000000000,8.387572692737,4809.161550654857
244.077777777778,244.077777777778,8.386780394352,4809.394527781068
244.100000000000,244.100000000000,8.386127565680,4809.580893425066
244.150000000000,244.150000000000,8.384658786619,4810.000163083874
244.200000000000,244.200000000000,8.383190125874,4810.419359306687
244.250000000000,244.250000000000,8.381721583445,4810.838482099420
244.300000000000,244.300000000000,8.380253159332,4811.257531467989
244.350000000000,244.350000000000,8.378784853534,4811.676507418310
244.400000000000,244.400000000000,8.377316666053,4812.095409956301
244.450000000000,244.450000000000,8.375848596888,4812.514239087874
244.500000000000,244.500000000000,8.374380646038,4812.932994818947
244.550000000000,244.550000000000,8.372912813505,4813.351677155436
244.600000000000,244.600000000000,8.371445099288,4813.770286103256
244.650000000000,244.650000000000,8.369977503386,4814.188821668323
244.700000000000,244.700000000000,8.368510025801,4814.607283856552
244.750000000000,244.750000000000,8.367049964574,4815.025672856312
244.800000000000,244.800000000000,8.365590016889,4815.443988855848
244.850000000000,244.850000000000,8.364130176425,4815.862231860681
244.900000000000,244.900000000000,8.362670443182,4816.280401876172
244.950000000000,244.950000000000,8.361210817159,4816.698498907680
245.000000000000,245.000000000000,8.359751298357,4817.116522960568
245.050000000000,245.050000000000,8.358291886776,4817.534474040196
245.077777777778,245.077777777778,8.357481148894,4817.766637554582
245.100000000000,245.100000000000,8.356799426498,4817.952351783196
245.150000000000,245.150000000000,8.355265660122,4818.370153410361
245.200000000000,245.200000000000,8.353732044694,4818.787878352981
245.250000000000,245.250000000000,8.352198580214,4819.205526618604
245.300000000000,245.300000000000,8.350665266681,4819.623098214777
245.350000000000,245.350000000000,8.349132104095,4820.040593149047
245.400000000000,245.400000000000,8.347599092457,4820.458011428961
245.450000000000,245.450000000000,8.346066231766,4820.875353062066
245.500000000000,245.500000000000,8.344533522023,4821.292618055911
245.550000000000,245.550000000000,8.343000963227,4821.709806418042
245.600000000000,245.600000000000,8.341468555378,4822.126918156006
245.650000000000,245.650000000000,8.339936298477,4822.543953277353
245.700000000000,245.700000000000,8.338404192524,4822.960911789627
245.750000000000,245.750000000000,8.336872237518,4823.377793700378
245.800000000000,245.800000000000,8.335340433459,4823.794599017152
245.850000000000,245.850000000000,8.333808780348,4824.211327747497
245.900000000000,245.900000000000,8.332277278184,4824.627979898961
245.950000000000,245.950000000000,8.330745926968,4825.044555479089
246.000000000000,246.000000000000,8.329214726699,4825.461054495431
246.050000000000,246.050000000000,8.327683677377,4825.877476955533
246.077777777778,246.077777777778,8.326833159645,4826.108789689382
246.100000000000,246.100000000000,8.326306230137,4826.293824571489
246.150000000000,246.150000000000,8.325120666124,4826.710110243896
246.200000000000,246.200000000000,8.323935140024,4827.126336639049
246.250000000000,246.250000000000,8.322749651837,4827.542503758846
246.300000000000,246.300000000000,8.321564201563,4827.958611605181
246.350000000000,246.350000000000,8.320378789201,4828.374660179949
246.400000000000,246.400000000000,8.319193414752,4828.790649485049
246.450000000000,246.450000000000,8.318008078217,4829.206579522373
246.500000000000,246.500000000000,8.316822779593,4829.622450293818
246.550000000000,246.550000000000,8.315637518883,4830.038261801280
246.600000000000,246.600000000000,8.314452296085,4830.454014046654
246.650000000000,246.650000000000,8.313267111200,4830.869707031837
246.700000000000,246.700000000000,8.312081964228,4831.285340758723
246.750000000000,246.750000000000,8.310896855169,4831.700915229208
246.800000000000,246.800000000000,8.309711784022,4832.116430445188
246.850000000000,246.850000000000,8.308526750788,4832.531886408558
246.900000000000,246.900000000000,8.307341755467,4832.947283121214
246.950000000000,246.950000000000,8.306156798059,4833.362620585052
247.000000000000,247.000000000000,8.304971878563,4833.777898801968
247.050000000000,247.050000000000,8.303786996980,4834.193117773857
247.077777777778,247.077777777778,8.303128745816,4834.423769381398
247.100000000000,247.100000000000,8.302590881346,4834.608277377253
247.150000000000,247.150000000000,8.301380728328,4835.023376667496
247.200000000000,247.200000000000,8.300170633522,4835.438415451542
247.250000000000,247.250000000000,8.298960596927,4835.853393732304
247.300000000000,247.300000000000,8.297750618543,4836.268311512690
247.350000000000,247.350000000000,8.296540698371,4836.683168795613
247.400000000000,247.400000000000,8.295330836409,4837.097965583983
247.450000000000,247.450000000000,8.294121032659,4837.512701880710
247.500000000000,247.500000000000,8.292911287120,4837.927377688704
247.550000000000,247.550000000000,8.291701599792,4838.341993010877
247.600000000000,247.600000000000,8.290491970675,4838.756547850138
247.650000000000,247.650000000000,8.289282399769,4839.171042209399
247.700000000000,247.700000000000,8.288072887074,4839.585476091570
247.750000000000,247.750000000000,8.286863432591,4839.999849499562
247.800000000000,247.800000000000,8.285654036319,4840.414162436285
247.850000000000,247.850000000000,8.284444698258,4840.828414904649
247.900000000000,247.900000000000,8.283235418408,4841.242606907565
247.950000000000,247.950000000000,8.282026196769,4841.656738447945
248.000000000000,248.000000000000,8.280817033342,4842.070809528698
248.050000000000,248.050000000000,8.279607928125,4842.484820152735
248.077777777778,248.077777777778,8.278936228158,4842.714799932685
248.100000000000,248.100000000000,8.278371223796,4842.898770015483
248.150000000000,248.150000000000,8.277100030003,4843.312656796828
248.200000000000,248.200000000000,8.275828927622,4843.726480020769
248.250000000000,248.250000000000,8.274560641709,4844.140239760002
248.300000000000,248.300000000000,8.273296599088,4844.553936191022
248.350000000000,248.350000000000,8.272032639101,4844.967569421977
248.400000000000,248.400000000000,8.270768761750,4845.381139456998
248.450000000000,248.450000000000,8.269504967034,4845.794646300218
248.500000000000,248.500000000000,8.268242353949,4846.208089983243
248.550000000000,248.550000000000,8.266985323232,4846.621470675173
248.600000000000,248.600000000000,8.265728366862,4847.034788517425
248.650000000000,248.650000000000,8.264471484840,4847.448043513717
248.700000000000,248.700000000000,8.263214677165,4847.861235667768
248.750000000000,248.750000000000,8.261957943838,4848.274364983293
248.800000000000,248.800000000000,8.260701284858,4848.687431464010
248.850000000000,248.850000000000,8.259444700225,4849.100435113637
248.900000000000,248.900000000000,8.258188189940,4849.513375935891
248.950000000000,248.950000000000,8.256931754002,4849.926253934490
249.000000000000,249.000000000000,8.255675392411,4850.339069113151
249.050000000000,249.050000000000,8.254419105168,4850.751821475590
249.077777777778,249.077777777778,8.253721199936,4850.981101202052
249.100000000000,249.100000000000,8.253292094125,4851.164512460873
249.150000000000,249.150000000000,8.252326616737,4851.577152928645
249.200000000000,249.200000000000,8.251361154147,4851.989745122917
249.250000000000,249.250000000000,8.250395706356,4852.402289044429
249.300000000000,249.300000000000,8.249430273363,4852.814784693923
249.350000000000,249.350000000000,8.248464855169,4853.227232072136
249.400000000000,249.400000000000,8.247499451773,4853.639631179810
249.450000000000,249.450000000000,8.246534063176,4854.051982017683
249.500000000000,249.500000000000,8.245568689376,4854.464284586497
249.550000000000,249.550000000000,8.244603330376,4854.876538886992
249.600000000000,249.600000000000,8.243637986173,4855.288744919905
249.650000000000,249.650000000000,8.242672656769,4855.700902685979
249.700000000000,249.700000000000,8.241707342164,4856.113012185951
249.750000000000,249.750000000000,8.240742042357,4856.525073420565
249.800000000000,249.800000000000,8.239776757348,4856.937086390558
249.850000000000,249.850000000000,8.238811487138,4857.349051096669
249.900000000000,249.900000000000,8.237846231726,4857.760967539641
249.950000000000,249.950000000000,8.236883873039,4858.172835792259
250.000000000000,250.000000000000,8.235921901177,4858.584655936615
250.050000000000,250.050000000000,8.234959943129,4858.996427982723
250.077777777778,250.077777777778,8.234425527960,4859.225169447601
250.100000000000,250.100000000000,8.233960227883,4859.408151511553
250.150000000000,250.150000000000,8.232913328734,4859.819823350469
250.200000000000,250.200000000000,8.231866465617,4860.231442845327
250.250000000000,250.250000000000,8.230819638533,4860.643009997932
250.300000000000,250.300000000000,8.229772847481,4861.054524810082
250.350000000000,250.350000000000,8.228726092462,4861.465987283580
250.400000000000,250.400000000000,8.227679373475,4861.877397420229
250.450000000000,250.450000000000,8.226632690522,4862.288755221828
250.500000000000,250.500000000000,8.225586043601,4862.700060690181
250.550000000000,250.550000000000,8.224539432712,4863.111313827089
250.600000000000,250.600000000000,8.223492857856,4863.522514634354
250.650000000000,250.650000000000,8.222446319033,4863.933663113776
250.700000000000,250.700000000000,8.221399816243,4864.344759267157
250.750000000000,250.750000000000,8.220353349485,4864.755803096301
250.800000000000,250.800000000000,8.219306918760,4865.166794603007
250.850000000000,250.850000000000,8.218260524067,4865.577733789078
250.900000000000,250.900000000000,8.217214165407,4865.988620656314
250.950000000000,250.950000000000,8.216167842780,4866.399455206519
251.000000000000,251.000000000000,8.215121556185,4866.810237441493
251.050000000000,251.050000000000,8.214075305623,4867.220967363039
251.077777777778,251.077777777778,8.213494070881,4867.449128048826
251.100000000000,251.100000000000,8.213030212495,4867.631644985306
251.150000000000,251.150000000000,8.211986561152,4868.042270404647
251.200000000000,251.200000000000,8.210942951381,4868.452843642460
251.250000000000,251.250000000000,8.209899383183,4868.863364700824
251.300000000000,251.300000000000,8.208855856558,4869.273833581818
251.350000000000,251.350000000000,8.207812371505,4869.684250287519
251.400000000000,251.400000000000,8.206768928025,4870.094614820007
251.450000000000,251.450000000000,8.205725526117,4870.504927181360
251.500000000000,251.500000000000,8.204682165782,4870.915187373658
251.550000000000,251.550000000000,8.203638847019,4871.325395398979
251.600000000000,251.600000000000,8.202595569829,4871.735551259399
251.650000000000,251.650000000000,8.201552334212,4872.145654957000
251.700000000000,251.700000000000,8.200509140167,4872.555706493859
251.750000000000,251.750000000000,8.199465987695,4872.965705872056
251.800000000000,251.800000000000,8.198422876795,4873.375653093668
251.850000000000,251.850000000000,8.197379807468,4873.785548160775
251.900000000000,251.900000000000,8.196336779713,4874.195391075455
251.950000000000,251.950000000000,8.195293793531,4874.605181839785
252.000000000000,252.000000000000,8.194250848922,4875.014920455847
252.050000000000,252.050000000000,8.193207945885,4875.424606925717
252.077777777778,252.077777777778,8.192628573272,4875.652187988485
252.100000000000,252.100000000000,8.192215745520,4875.834241814247
252.150000000000,252.150000000000,8.191286898716,4876.243829380353
252.200000000000,252.200000000000,8.190358073567,4876.653370504660
252.250000000000,252.250000000000,8.189429270072,4877.062865188252
252.300000000000,252.300000000000,8.188500488232,4877.472313432209
252.350000000000,252.350000000000,8.187571728046,4877.881715237616
252.400000000000,252.400000000000,8.186642989514,4878.291070605555
252.450000000000,252.450000000000,8.185714272636,4878.700379537109
252.500000000000,252.500000000000,8.184785577413,4879.109642033361
252.550000000000,252.550000000000,8.183856903845,4879.518858095392
252.600000000000,252.600000000000,8.182928251931,4879.928027724286
252.650000000000,252.650000000000,8.181999621671,4880.337150921127
252.700000000000,252.700000000000,8.181071013065,4880.746227686995
252.750000000000,252.750000000000,8.180142426114,4881.155258022975
252.800000000000,252.800000000000,8.179213860817,4881.564241930148
252.850000000000,252.850000000000,8.178285317175,4881.973179409597
252.900000000000,252.900000000000,8.177356795187,4882.382070462406
252.950000000000,252.950000000000,8.176428294854,4882.790915089657
253.000000000000,253.000000000000,8.175499816174,4883.199713292433
253.050000000000,253.050000000000,8.174571359150,4883.608465071816
253.077777777778,253.077777777778,8.174055559048,4883.835529334570
253.100000000000,253.100000000000,8.173663323694,4884.017170655487
253.150000000000,253.150000000000,8.172780807707,4884.425831758773
253.200000000000,253.200000000000,8.171898310498,4884.834448736728
253.250000000000,253.250000000000,8.171015832066,4885.243021590291
253.300000000000,253.300000000000,8.170133372411,4885.651550320404
253.350000000000,253.350000000000,8.169250931534,4886.060034928002
253.400000000000,253.400000000000,8.168368509434,4886.468475414026
253.450000000000,253.450000000000,8.167487756367,4886.876871820671
253.500000000000,253.500000000000,8.166609079741,4887.285224241574
253.550000000000,253.550000000000,8.165730420225,4887.693532729073
253.600000000000,253.600000000000,8.164851777818,4888.101797284024
253.650000000000,253.650000000000,8.163973152521,4888.510017907282
253.700000000000,253.700000000000,8.163094544334,4888.918194599703
253.750000000000,253.750000000000,8.162215953256,4889.326327362143
253.800000000000,253.800000000000,8.161337379287,4889.734416195457
253.850000000000,253.850000000000,8.160458822429,4890.142461100500
253.900000000000,253.900000000000,8.159580282679,4890.550462078128
253.950000000000,253.950000000000,8.158701760039,4890.958419129195
254.000000000000,254.000000000000,8.157823254509,4891.366332254559
254.050000000000,254.050000000000,8.156944766088,4891.774201455074
254.077777777778,254.077777777778,8.156456724359,4892.000776475777
254.100000000000,254.100000000000,8.156031776401,4892.182026348005
254.150000000000,254.150000000000,8.155075669279,4892.589804034147
254.200000000000,254.200000000000,8.154119597855,4892.997533915825
254.250000000000,254.250000000000,8.153163562129,4893.405215994825
254.300000000000,254.300000000000,8.152207562102,4893.812850272931
254.350000000000,254.350000000000,8.151251597773,4894.220436751927
254.400000000000,254.400000000000,8.150295669143,4894.627975433600
254.450000000000,254.450000000000,8.149339776211,4895.035466319734
254.500000000000,254.500000000000,8.148383918978,4895.442909412114
254.550000000000,254.550000000000,8.147428097444,4895.850304712525
254.600000000000,254.600000000000,8.146472311608,4896.257652222751
254.650000000000,254.650000000000,8.145516561470,4896.664951944578
254.700000000000,254.700000000000,8.144560847031,4897.072203879790
254.750000000000,254.750000000000,8.143605168290,4897.479408030174
254.800000000000,254.800000000000,8.142649525248,4897.886564397512
254.850000000000,254.850000000000,8.141693917905,4898.293672983591
254.900000000000,254.900000000000,8.140738346259,4898.700733790195
254.950000000000,254.950000000000,8.139782810313,4899.107746819109
255.000000000000,255.000000000000,8.138827310065,4899.514712072119
255.050000000000,255.050000000000,8.137874656946,4899.921629621294
255.077777777778,255.077777777778,8.137346769998,4900.147674363337
255.100000000000,255.100000000000,8.136988649074,4900.328500312436
255.150000000000,255.150000000000,8.136182885842,4900.735329600809
255.200000000000,255.200000000000,8.135377134860,4901.142118601326
255.250000000000,255.250000000000,8.134571396130,4901.548867314601
255.300000000000,255.300000000000,8.133765669650,4901.955575741245
255.350000000000,255.350000000000,8.132959955422,4902.362243881872
255.400000000000,255.400000000000,8.132154253444,4902.768871737094
255.450000000000,255.450000000000,8.131348563718,4903.175459307523
255.500000000000,255.500000000000,8.130542886242,4903.582006593772
255.550000000000,255.550000000000,8.129737221017,4903.988513596454
255.600000000000,255.600000000000,8.128931568044,4904.394980316180
255.650000000000,255.650000000000,8.128125927321,4904.801406753564
255.700000000000,255.700000000000,8.127320298849,4905.207792909218
255.750000000000,255.750000000000,8.126514682628,4905.614138783755
255.800000000000,255.800000000000,8.125709078658,4906.020444377787
255.850000000000,255.850000000000,8.124903486939,4906.426709691927
255.900000000000,255.900000000000,8.124097907470,4906.832934726788
255.950000000000,255.950000000000,8.123292340253,4907.239119482982
256.000000000000,256.000000000000,8.122486785287,4907.645263961120
256.050000000000,256.050000000000,8.121681242571,4908.051368161817
256.077777777778,256.077777777778,8.121233724134,4908.276964203023
256.100000000000,256.100000000000,8.120862892951,4908.457431943210
256.150000000000,256.150000000000,8.120028535936,4908.863454228932
256.200000000000,256.200000000000,8.119194197125,4909.269434797258
256.250000000000,256.250000000000,8.118359876518,4909.675373649099
256.300000000000,256.300000000000,8.117525574114,4910.081270785365
256.350000000000,256.350000000000,8.116691289914,4910.487126206966
256.400000000000,256.400000000000,8.115857023918,4910.892939914811
256.450000000000,256.450000000000,8.115022776125,4911.298711909812
256.500000000000,256.500000000000,8.114188546536,4911.704442192879
256.550000000000,256.550000000000,8.113354335151,4912.110130764921
256.600000000000,256.600000000000,8.112520141969,4912.515777626850
256.650000000000,256.650000000000,8.111685966991,4912.921382779573
256.700000000000,256.700000000000,8.110851810217,4913.326946224003
256.750000000000,256.750000000000,8.110017671646,4913.732467961050
256.800000000000,256.800000000000,8.109183551279,4914.137947991623
256.850000000000,256.850000000000,8.108349449116,4914.543386316633
256.900000000000,256.900000000000,8.107515365156,4914.948782936989
256.950000000000,256.950000000000,8.106681299400,4915.354137853603
257.000000000000,257.000000000000,8.105847251848,4915.759451067384
257.050000000000,257.050000000000,8.105013222499,4916.164722579243
257.077777777778,257.077777777778,8.104549880727,4916.389855400123
257.100000000000,257.100000000000,8.104215322409,4916.569952791267
257.150000000000,257.150000000000,8.103462574130,4916.975144738680
257.200000000000,257.200000000000,8.102709836836,4917.380299048954
257.250000000000,257.250000000000,8.101957110529,4917.785415722638
257.300000000000,257.300000000000,8.101204395208,4918.190494760282
257.350000000000,257.350000000000,8.100451690873,4918.595536162434
257.400000000000,257.400000000000,8.099698997525,4919.000539929643
257.450000000000,257.450000000000,8.098946315162,4919.405506062461
257.500000000000,257.500000000000,8.098193643786,4919.810434561435
257.550000000000,257.550000000000,8.097440983396,4920.215325427114
257.600000000000,257.600000000000,8.096688333993,4920.620178660050
257.650000000000,257.650000000000,8.095935695575,4921.024994260788
257.700000000000,257.700000000000,8.095183068144,4921.429772229881
257.750000000000,257.750000000000,8.094430451699,4921.834512567877
257.800000000000,257.800000000000,8.093677846241,4922.239215275325
257.850000000000,257.850000000000,8.092925251768,4922.643880352775
257.900000000000,257.900000000000,8.092172668282,4923.048507800776
257.950000000000,257.950000000000,8.091420095782,4923.453097619878
258.000000000000,258.000000000000,8.090667534268,4923.857649810629
258.050000000000,258.050000000000,8.089914983740,4924.262164373579
258.077777777778,258.077777777778,8.089496904861,4924.486878427590
258.100000000000,258.100000000000,8.089128252092,4924.666640929332
258.150000000000,258.150000000000,8.088298802021,4925.071076605685
258.200000000000,258.200000000000,8.087469377784,4925.475470810180
258.250000000000,258.250000000000,8.086639979381,4925.879823544109
258.300000000000,258.300000000000,8.085810606813,4926.284134808764
258.350000000000,258.350000000000,8.084981260080,4926.688404605437
258.400000000000,258.400000000000,8.084151939180,4927.092632935418
258.450000000000,258.450000000000,8.083322644116,4927.496819800001
258.500000000000,258.500000000000,8.082493374886,4927.900965200476
258.550000000000,258.550000000000,8.081664131490,4928.305069138136
258.600000000000,258.600000000000,8.080834913928,4928.709131614271
258.650000000000,258.650000000000,8.080005722202,4929.113152630174
258.700000000000,258.700000000000,8.079176556309,4929.517132187137
258.750000000000,258.750000000000,8.078347416251,4929.921070286451
258.800000000000,258.800000000000,8.077518302028,4930.324966929408
258.850000000000,258.850000000000,8.076689213639,4930.728822117300
258.900000000000,258.900000000000,8.075860151085,4931.132635851418
258.950000000000,258.950000000000,8.075031114365,4931.536408133054
259.000000000000,259.000000000000,8.074202103479,4931.940138963500
259.050000000000,259.050000000000,8.073373118428,4932.343828344048
259.077777777778,259.077777777778,8.072912582341,4932.568082312117
259.100000000000,259.100000000000,8.072592008288,4932.747476807566
259.150000000000,259.150000000000,8.071870725549,4933.151088375912
259.200000000000,259.200000000000,8.071149455105,4933.554663880428
259.250000000000,259.250000000000,8.070428196955,4933.958203321729
259.300000000000,259.300000000000,8.069706951100,4934.361706700431
259.350000000000,259.350000000000,8.068985717540,4934.765174017147
259.400000000000,259.400000000000,8.068264496274,4935.168605272492
259.450000000000,259.450000000000,8.067543287304,4935.572000467081
259.500000000000,259.500000000000,8.066822090628,4935.975359601530
259.550000000000,259.550000000000,8.066100906246,4936.378682676452
259.600000000000,259.600000000000,8.065379734160,4936.781969692462
259.650000000000,259.650000000000,8.064658574368,4937.185220650174
259.700000000000,259.700000000000,8.063937426870,4937.588435550206
259.750000000000,259.750000000000,8.063217239673,4937.991614416869
259.800000000000,259.800000000000,8.062499497528,4938.394757335299
259.850000000000,259.850000000000,8.061781766615,4938.797864366902
259.900000000000,259.900000000000,8.061064046931,4939.200935512240
259.950000000000,259.950000000000,8.060346338477,4939.603970771876
260.000000000000,260.000000000000,8.059628641254,4940.006970146369
260.050000000000,260.050000000000,8.058910955262,4940.409933636282
260.077777777778,260.077777777778,8.058512245674,4940.633786736297
260.100000000000,260.100000000000,8.058227513724,4940.812861622511
260.150000000000,260.150000000000,8.057586871163,4941.215756982133
260.200000000000,260.200000000000,8.056946234592,4941.618620309777
260.250000000000,260.250000000000,8.056305604011,4942.021451605742
260.300000000000,260.300000000000,8.055664979419,4942.424250870328
260.350000000000,260.350000000000,8.055024360818,4942.827018103834
260.400000000000,260.400000000000,8.054383748206,4943.229753306559
260.450000000000,260.450000000000,8.053743141583,4943.632456478804
260.500000000000,260.500000000000,8.053102540951,4944.035127620868
260.550000000000,260.550000000000,8.052461946309,4944.437766733049
260.600000000000,260.600000000000,8.051821357656,4944.840373815648
260.650000000000,260.650000000000,8.051180774993,4945.242948868964
260.700000000000,260.700000000000,8.050540198319,4945.645491893297
260.750000000000,260.750000000000,8.049899627636,4946.048002888946
260.800000000000,260.800000000000,8.049259062942,4946.450481856211
260.850000000000,260.850000000000,8.048618504238,4946.852928795391
260.900000000000,260.900000000000,8.047977951524,4947.255343706785
260.950000000000,260.950000000000,8.047337404800,4947.657726590693
261.000000000000,261.000000000000,8.046696864065,4948.060077447414
261.050000000000,261.050000000000,8.046056329320,4948.462396277249
261.077777777778,261.077777777778,8.045700479273,4948.685892899593
261.100000000000,261.100000000000,8.045393465557,4948.864682832311
261.150000000000,261.150000000000,8.044702693695,4949.266935236292
261.200000000000,261.200000000000,8.044011934292,4949.669153101991
261.250000000000,261.250000000000,8.043321187348,4950.071336430033
261.300000000000,261.300000000000,8.042630452863,4950.473485221038
261.350000000000,261.350000000000,8.041939730837,4950.875599475630
261.400000000000,261.400000000000,8.041249021269,4951.277679194432
261.450000000000,261.450000000000,8.040558324160,4951.679724378068
261.500000000000,261.500000000000,8.039867639511,4952.081735027160
261.550000000000,261.550000000000,8.039176967320,4952.483711142331
261.600000000000,261.600000000000,8.038486307588,4952.885652724204
261.650000000000,261.650000000000,8.037795660315,4953.287559773401
261.700000000000,261.700000000000,8.037105025501,4953.689432290546
261.750000000000,261.750000000000,8.036414403145,4954.091270276263
261.800000000000,261.800000000000,8.035723793249,4954.493073731172
261.850000000000,261.850000000000,8.035033195811,4954.894842655899
261.900000000000,261.900000000000,8.034342610832,4955.296577051065
261.950000000000,261.950000000000,8.033652038313,4955.698276917294
262.000000000000,262.000000000000,8.032961478252,4956.099942255208
262.050000000000,262.050000000000,8.032270930649,4956.501573065430
262.077777777778,262.077777777778,8.031887298476,4956.724686374170
262.100000000000,262.100000000000,8.031595314267,4956.903169514310
262.150000000000,262.150000000000,8.030938358161,4957.304732856121
262.200000000000,262.200000000000,8.030281413637,4957.706263350416
262.250000000000,262.250000000000,8.029624480695,4958.107760997774
262.300000000000,262.300000000000,8.028967559335,4958.509225798774
262.350000000000,262.350000000000,8.028310649557,4958.910657753997
262.400000000000,262.400000000000,8.027653751360,4959.312056864020
262.450000000000,262.450000000000,8.026996864745,4959.713423129422
262.500000000000,262.500000000000,8.026339989712,4960.114756550784
262.550000000000,262.550000000000,8.025683126261,4960.516057128683
262.600000000000,262.600000000000,8.025026274392,4960.917324863700
262.650000000000,262.650000000000,8.024369434105,4961.318559756412
262.700000000000,262.700000000000,8.023712605399,4961.719761807400
262.750000000000,262.750000000000,8.023055788276,4962.120931017242
262.800000000000,262.800000000000,8.022398982734,4962.522067386517
262.850000000000,262.850000000000,8.021742188774,4962.923170915805
262.900000000000,262.900000000000,8.021085406396,4963.324241605684
262.950000000000,262.950000000000,8.020428635600,4963.725279456734
263.000000000000,263.000000000000,8.019771876385,4964.126284469534
263.050000000000,263.050000000000,8.019115128753,4964.527256644662
263.077777777778,263.077777777778,8.018750273962,4964.750004775257
263.100000000000,263.100000000000,8.018452523748,4964.928195917452
263.150000000000,263.150000000000,8.017782595688,4965.329101795438
263.200000000000,263.200000000000,8.017112681361,4965.729974177364
263.250000000000,263.250000000000,8.016442780769,4966.130813063917
263.300000000000,263.300000000000,8.015772893910,4966.531618455784
263.350000000000,263.350000000000,8.015103020786,4966.932390353651
263.400000000000,263.400000000000,8.014433161396,4967.333128758206
263.450000000000,263.450000000000,8.013763315740,4967.733833670134
263.500000000000,263.500000000000,8.013093483819,4968.134505090124
263.550000000000,263.550000000000,8.012423665631,4968.535143018860
263.600000000000,263.600000000000,8.011753861178,4968.935747457031
263.650000000000,263.650000000000,8.011084070459,4969.336318405321
263.700000000000,263.700000000000,8.010414293474,4969.736855864420
263.750000000000,263.750000000000,8.009744530223,4970.137359835013
263.800000000000,263.800000000000,8.009074780707,4970.537830317786
263.850000000000,263.850000000000,8.008405044924,4970.938267313427
263.900000000000,263.900000000000,8.007735322876,4971.338670822622
263.950000000000,263.950000000000,8.007065614562,4971.739040846058
264.000000000000,264.000000000000,8.006395919982,4972.139377384421
264.050000000000,264.050000000000,8.005726239136,4972.539680438399
264.077777777778,264.077777777778,8.005354200156,4972.762056555614
264.100000000000,264.100000000000,8.005088516130,4972.939950363570
264.150000000000,264.150000000000,8.004490732523,4973.340189844786
264.200000000000,264.200000000000,8.003892956466,4973.740399437012
264.250000000000,264.250000000000,8.003295187958,4974.140579140622
264.300000000000,264.300000000000,8.002697426999,4974.540728955996
264.350000000000,264.350000000000,8.002099673590,4974.940848883511
264.400000000000,264.400000000000,8.001501927730,4975.340938923543
264.450000000000,264.450000000000,8.000904189420,4975.740999076472
264.500000000000,264.500000000000,8.000306458659,4976.141029342674
264.550000000000,264.550000000000,7.999708735448,4976.541029722527
264.600000000000,264.600000000000,7.999111019786,4976.941000216408
264.650000000000,264.650000000000,7.998513311674,4977.340940824693
264.700000000000,264.700000000000,7.997915611111,4977.740851547763
264.750000000000,264.750000000000,7.997317918098,4978.140732385993
264.800000000000,264.800000000000,7.996720232634,4978.540583339762
264.850000000000,264.850000000000,7.996122554720,4978.940404409445
264.900000000000,264.900000000000,7.995524884355,4979.340195595422
264.950000000000,264.950000000000,7.994927221539,4979.739956898070
265.000000000000,265.000000000000,7.994329566273,4980.139688317765
265.050000000000,265.050000000000,7.993731918556,4980.539389854885
265.077777777778,265.077777777778,7.993399895309,4980.761433352302
265.100000000000,265.100000000000,7.993127265914,4980.939061431870
265.150000000000,265.150000000000,7.992513857650,4981.338702459959
265.200000000000,265.200000000000,7.991900460290,4981.738312817907
265.250000000000,265.250000000000,7.991287073836,4982.137892506260
265.300000000000,265.300000000000,7.990673698286,4982.537441525563
265.350000000000,265.350000000000,7.990060333640,4982.936959876361
265.400000000000,265.400000000000,7.989446979900,4983.336447559200
265.450000000000,265.450000000000,7.988833637064,4983.735904574624
265.500000000000,265.500000000000,7.988220305132,4984.135330923179
265.550000000000,265.550000000000,7.987606984106,4984.534726605410
265.600000000000,265.600000000000,7.986993673984,4984.934091621863
265.650000000000,265.650000000000,7.986380374767,4985.333425973081
265.700000000000,265.700000000000,7.985767086454,4985.732729659611
265.750000000000,265.750000000000,7.985153809046,4986.132002681999
265.800000000000,265.800000000000,7.984540542543,4986.531245040788
265.850000000000,265.850000000000,7.983927286944,4986.930456736525
265.900000000000,265.900000000000,7.983314042251,4987.329637769754
265.950000000000,265.950000000000,7.982700808461,4987.728788141022
266.000000000000,266.000000000000,7.982087585577,4988.127907850873
266.050000000000,266.050000000000,7.981474373597,4988.526996899853
266.077777777778,266.077777777778,7.981133704987,4988.748699789835
266.100000000000,266.100000000000,7.980853685807,4988.926055205287
266.150000000000,266.150000000000,7.980223651541,4989.325082138720
266.200000000000,266.200000000000,7.979593629581,4989.724077570748
266.250000000000,266.250000000000,7.978963619929,4990.123041501985
266.300000000000,266.300000000000,7.978333622585,4990.521973933049
266.350000000000,266.350000000000,7.977703637547,4990.920874864552
266.400000000000,266.400000000000,7.977073664817,4991.319744297111
266.450000000000,266.450000000000,7.976443704394,4991.718582231341
266.500000000000,266.500000000000,7.975813756278,4992.117388667858
266.550000000000,266.550000000000,7.975183820469,4992.516163607277
266.600000000000,266.600000000000,7.974553896968,4992.914907050214
266.650000000000,266.650000000000,7.973923985774,4993.313618997282
266.700000000000,266.700000000000,7.973294086887,4993.712299449098
266.750000000000,266.750000000000,7.972664200307,4994.110948406278
266.800000000000,266.800000000000,7.972034326034,4994.509565869436
266.850000000000,266.850000000000,7.971404464069,4994.908151839189
266.900000000000,266.900000000000,7.970774614411,4995.306706316151
266.950000000000,266.950000000000,7.970144777060,4995.705229300937
267.000000000000,267.000000000000,7.969514952017,4996.103720794164
267.050000000000,267.050000000000,7.968885139280,4996.502180796447
267.077777777778,267.077777777778,7.968535248633,4996.723533857392
267.100000000000,267.100000000000,7.968246525200,4996.900609210433
267.150000000000,267.150000000000,7.967596910065,4997.299005296314
267.200000000000,267.200000000000,7.966947312364,4997.697368901875
267.250000000000,267.250000000000,7.966297732095,4998.095700027987
267.300000000000,267.300000000000,7.965648169260,4998.493998675521
267.350000000000,267.350000000000,7.964998623857,4998.892264845349
267.400000000000,267.400000000000,7.964349095888,4999.290498538342
267.450000000000,267.450000000000,7.963699585352,4999.688699755373
267.500000000000,267.500000000000,7.963050092249,5000.086868497313
267.550000000000,267.550000000000,7.962400616579,5000.485004765033
267.600000000000,267.600000000000,7.961751158342,5000.883108559407
267.650000000000,267.650000000000,7.961101717539,5001.281179881304
267.700000000000,267.700000000000,7.960452294168,5001.679218731596
267.750000000000,267.750000000000,7.959802888231,5002.077225111156
267.800000000000,267.800000000000,7.959153499726,5002.475199020855
267.850000000000,267.850000000000,7.958504128655,5002.873140461565
267.900000000000,267.900000000000,7.957854775017,5003.271049434156
267.950000000000,267.950000000000,7.957205438812,5003.668925939503
268.000000000000,268.000000000000,7.956556120040,5004.066769978474
268.050000000000,268.050000000000,7.955906818701,5004.464581551943
268.077777777778,268.077777777778,7.955546103268,5004.685573953639
268.100000000000,268.100000000000,7.955299924996,5004.862361131729
268.150000000000,268.150000000000,7.954746028167,5005.260112280557
268.200000000000,268.200000000000,7.954192137266,5005.657835734693
268.250000000000,268.250000000000,7.953638252293,5006.055531494432
268.300000000000,268.300000000000,7.953084373250,5006.453199560071
268.350000000000,268.350000000000,7.952530500135,5006.850839931905
268.400000000000,268.400000000000,7.951976632949,5007.248452610232
268.450000000000,268.450000000000,7.951422771691,5007.646037595347
268.500000000000,268.500000000000,7.950868916363,5008.043594887549
268.550000000000,268.550000000000,7.950315066963,5008.441124487133
268.600000000000,268.600000000000,7.949761223492,5008.838626394394
268.650000000000,268.650000000000,7.949207385949,5009.236100609630
268.700000000000,268.700000000000,7.948653554336,5009.633547133137
268.750000000000,268.750000000000,7.948099728651,5010.030965965211
268.800000000000,268.800000000000,7.947545908895,5010.428357106150
268.850000000000,268.850000000000,7.946992095067,5010.825720556249
268.900000000000,268.900000000000,7.946438287168,5011.223056315805
268.950000000000,268.950000000000,7.945884485198,5011.620364385114
269.000000000000,269.000000000000,7.945330689157,5012.017644764473
269.050000000000,269.050000000000,7.944776899045,5012.414897454178
269.077777777778,269.077777777778,7.944469240433,5012.635581428339
269.100000000000,269.100000000000,7.944211840157,5012.812122329233
269.150000000000,269.150000000000,7.943632697608,5013.209318442677
269.200000000000,269.200000000000,7.943053566235,5013.606485599273
269.250000000000,269.250000000000,7.942474446036,5014.003623799579
269.300000000000,269.300000000000,7.941895337012,5014.400733044155
269.350000000000,269.350000000000,7.941316239163,5014.797813333560
269.400000000000,269.400000000000,7.940737152489,5015.194864668351
269.450000000000,269.450000000000,7.940158076990,5015.591887049089
269.500000000000,269.500000000000,7.939579012666,5015.988880476330
269.550000000000,269.550000000000,7.938999959517,5016.385844950635
269.600000000000,269.600000000000,7.938420917543,5016.782780472562
269.650000000000,269.650000000000,7.937841886744,5017.179687042669
269.700000000000,269.700000000000,7.937262867120,5017.576564661515
269.750000000000,269.750000000000,7.936683858671,5017.973413329661
269.800000000000,269.800000000000,7.936104861397,5018.370233047663
269.850000000000,269.850000000000,7.935525875298,5018.767023816080
269.900000000000,269.900000000000,7.934946900374,5019.163785635471
269.950000000000,269.950000000000,7.934367936626,5019.560518506396
270.000000000000,270.000000000000,7.933788984052,5019.957222429413
270.050000000000,270.050000000000,7.933210042653,5020.353897405081
270.077777777778,270.077777777778,7.932888413371,5020.574259883639
270.100000000000,270.100000000000,7.932620012814,5020.750543310594
270.150000000000,270.150000000000,7.932016122208,5021.147159213970
270.200000000000,270.200000000000,7.931412246342,5021.543744923183
270.250000000000,270.250000000000,7.930808385216,5021.940300438972
270.300000000000,270.300000000000,7.930204538831,5022.336825762073
270.350000000000,270.350000000000,7.929600707186,5022.733320893224
270.400000000000,270.400000000000,7.928996890281,5023.129785833160
270.450000000000,270.450000000000,7.928393088117,5023.526220582620
270.500000000000,270.500000000000,7.927789300693,5023.922625142341
270.550000000000,270.550000000000,7.927185528010,5024.318999513058
270.600000000000,270.600000000000,7.926581770067,5024.715343695510
270.650000000000,270.650000000000,7.925978026864,5025.111657690432
270.700000000000,270.700000000000,7.925374298402,5025.507941498564
270.750000000000,270.750000000000,7.924770584680,5025.904195120641
270.800000000000,270.800000000000,7.924166885699,5026.300418557401
270.850000000000,270.850000000000,7.923563201458,5026.696611809580
270.900000000000,270.900000000000,7.922959531957,5027.092774877915
270.950000000000,270.950000000000,7.922355877197,5027.488907763144
271.000000000000,271.000000000000,7.921752237177,5027.885010466003
271.050000000000,271.050000000000,7.921148611898,5028.281082987231
271.077777777778,271.077777777778,7.920813270890,5028.501110235605
271.100000000000,271.100000000000,7.920548175673,5028.677125362787
271.150000000000,271.150000000000,7.919951721702,5029.073137860220
271.200000000000,271.200000000000,7.919355281948,5029.469120535312
271.250000000000,271.250000000000,7.918758856411,5029.865073388771
271.300000000000,271.300000000000,7.918162445091,5030.260996421308
271.350000000000,271.350000000000,7.917566047988,5030.656889633635
271.400000000000,271.400000000000,7.916969665102,5031.052753026462
271.450000000000,271.450000000000,7.916373296433,5031.448586600500
271.500000000000,271.500000000000,7.915776941980,5031.844390356460
271.550000000000,271.550000000000,7.915180601744,5032.240164295054
271.600000000000,271.600000000000,7.914584275726,5032.635908416991
271.650000000000,271.650000000000,7.913987963924,5033.031622722981
271.700000000000,271.700000000000,7.913391666339,5033.427307213738
271.750000000000,271.750000000000,7.912795382971,5033.822961889971
271.800000000000,271.800000000000,7.912199113820,5034.218586752391
271.850000000000,271.850000000000,7.911602858885,5034.614181801709
271.900000000000,271.900000000000,7.911006618168,5035.009747038634
271.950000000000,271.950000000000,7.910410391668,5035.405282463880
272.000000000000,272.000000000000,7.909814179384,5035.800788078157
272.050000000000,272.050000000000,7.909217981317,5036.196263882174
272.077777777778,272.077777777778,7.908886766312,5036.415959781449
272.100000000000,272.100000000000,7.908628786142,5036.591709954252
272.150000000000,272.150000000000,7.908048339563,5036.987126882394
272.200000000000,272.200000000000,7.907467905171,5037.382514788513
272.250000000000,272.250000000000,7.906887482966,5037.777873673216
272.300000000000,272.300000000000,7.906307072948,5038.173203537114
272.350000000000,272.350000000000,7.905726675118,5038.568504380816
272.400000000000,272.400000000000,7.905146289476,5038.963776204931
272.450000000000,272.450000000000,7.904565916021,5039.359019010068
272.500000000000,272.500000000000,7.903985554753,5039.754232796837
272.550000000000,272.550000000000,7.903405205673,5040.149417565847
272.600000000000,272.600000000000,7.902824868780,5040.544573317708
272.650000000000,272.650000000000,7.902244544075,5040.939700053030
272.700000000000,272.700000000000,7.901664231557,5041.334797772421
272.750000000000,272.750000000000,7.901083931226,5041.729866476490
272.800000000000,272.800000000000,7.900503643083,5042.124906165848
272.850000000000,272.850000000000,7.899923367127,5042.519916841104
272.900000000000,272.900000000000,7.899343103359,5042.914898502865
272.950000000000,272.950000000000,7.898762851778,5043.309851151744
273.000000000000,273.000000000000,7.898182612384,5043.704774788348
273.050000000000,273.050000000000,7.897602385178,5044.099669413287
273.077777777778,273.077777777778,7.897280041997,5044.319042780333
273.100000000000,273.100000000000,7.897035137387,5044.494535171213
273.150000000000,273.150000000000,7.896484109280,5044.889373152379
273.200000000000,273.200000000000,7.895933091231,5045.284183582392
273.250000000000,273.250000000000,7.895382083240,5045.678966461754
273.300000000000,273.300000000000,7.894831085308,5046.073721790967
273.350000000000,273.350000000000,7.894280097434,5046.468449570536
273.400000000000,273.400000000000,7.893729119618,5046.863149800962
273.450000000000,273.450000000000,7.893178151860,5047.257822482748
273.500000000000,273.500000000000,7.892627194160,5047.652467616399
273.550000000000,273.550000000000,7.892076246518,5048.047085202416
273.600000000000,273.600000000000,7.891525308935,5048.441675241303
273.650000000000,273.650000000000,7.890974381410,5048.836237733561
273.700000000000,273.700000000000,7.890423463943,5049.230772679694
273.750000000000,273.750000000000,7.889872556534,5049.625280080207
273.800000000000,273.800000000000,7.889321659183,5050.019759935600
273.850000000000,273.850000000000,7.888770771891,5050.414212246376
273.900000000000,273.900000000000,7.888219894657,5050.808637013040
273.950000000000,273.950000000000,7.887669027481,5051.203034236093
274.000000000000,274.000000000000,7.887118170363,5051.597403916039
274.050000000000,274.050000000000,7.886567323304,5051.991746053381
274.077777777778,274.077777777778,7.886261301506,5052.210813117616
274.100000000000,274.100000000000,7.886011801272,5052.386060596534
274.150000000000,274.150000000000,7.885450434564,5052.780347152429
274.200000000000,274.200000000000,7.884889080066,5053.174605640295
274.250000000000,274.250000000000,7.884327737779,5053.568836060742
274.300000000000,274.300000000000,7.883766407701,5053.963038414379
274.350000000000,274.350000000000,7.883205089833,5054.357212701818
274.400000000000,274.400000000000,7.882643784175,5054.751358923668
274.450000000000,274.450000000000,7.882082490727,5055.145477080540
274.500000000000,274.500000000000,7.881521209488,5055.539567173046
274.550000000000,274.550000000000,7.880959940460,5055.933629201794
274.600000000000,274.600000000000,7.880398683642,5056.327663167397
274.650000000000,274.650000000000,7.879837439033,5056.721669070464
274.700000000000,274.700000000000,7.879276206635,5057.115646911605
274.750000000000,274.750000000000,7.878714986446,5057.509596691432
274.800000000000,274.800000000000,7.878153778467,5057.903518410555
274.850000000000,274.850000000000,7.877592582699,5058.297412069584
274.900000000000,274.900000000000,7.877031399140,5058.691277669130
274.950000000000,274.950000000000,7.876470227791,5059.085115209803
275.000000000000,275.000000000000,7.875909068652,5059.478924692215
275.050000000000,275.050000000000,7.875347921723,5059.872706116974
275.077777777778,275.077777777778,7.875036178705,5060.091461451704
275.100000000000,275.100000000000,7.874775401707,5060.266459358151
275.150000000000,275.150000000000,7.874188664956,5060.660183459818
275.200000000000,275.200000000000,7.873601944123,5061.053878225045
275.250000000000,275.250000000000,7.873015239206,5061.447543654628
275.300000000000,275.300000000000,7.872428550205,5061.841179749364
275.350000000000,275.350000000000,7.871841877121,5062.234786510046
275.400000000000,275.400000000000,7.871255219954,5062.628363937473
275.450000000000,275.450000000000,7.870668578704,5063.021912032440
275.500000000000,275.500000000000,7.870081953370,5063.415430795741
275.550000000000,275.550000000000,7.869495343952,5063.808920228174
275.600000000000,275.600000000000,7.868908750451,5064.202380330535
275.650000000000,275.650000000000,7.868322172867,5064.595811103617
275.700000000000,275.700000000000,7.867735611200,5064.989212548219
275.750000000000,275.750000000000,7.867149065449,5065.382584665135
275.800000000000,275.800000000000,7.866562535614,5065.775927455162
275.850000000000,275.850000000000,7.865976021697,5066.169240919095
275.900000000000,275.900000000000,7.865389523696,5066.562525057729
275.950000000000,275.950000000000,7.864803041611,5066.955779871862
276.000000000000,276.000000000000,7.864216575443,5067.349005362288
276.050000000000,276.050000000000,7.863630125192,5067.742201529804
276.077777777778,276.077777777778,7.863304326374,5067.960631174967
276.100000000000,276.100000000000,7.863047684262,5068.135368419527
276.150000000000,276.150000000000,7.862470249239,5068.528506367865
276.200000000000,276.200000000000,7.861892827687,5068.921615444788
276.250000000000,276.250000000000,7.861315419607,5069.314695650970
276.300000000000,276.300000000000,7.860738024999,5069.707746987086
276.350000000000,276.350000000000,7.860160643862,5070.100769453808
276.400000000000,276.400000000000,7.859583276197,5070.493763051809
276.450000000000,276.450000000000,7.859005922004,5070.886727781764
276.500000000000,276.500000000000,7.858428581282,5071.279663644345
276.550000000000,276.550000000000,7.857851254031,5071.672570640229
276.600000000000,276.600000000000,7.857273940253,5072.065448770086
276.650000000000,276.650000000000,7.856696639946,5072.458298034590
276.700000000000,276.700000000000,7.856119353111,5072.851118434417
276.750000000000,276.750000000000,7.855542079747,5073.243909970239
276.800000000000,276.800000000000,7.854964819855,5073.636672642729
276.850000000000,276.850000000000,7.854387573434,5074.029406452561
276.900000000000,276.900000000000,7.853810340485,5074.422111400409
276.950000000000,276.950000000000,7.853233121008,5074.814787486946
277.000000000000,277.000000000000,7.852655915002,5075.207434712845
277.050000000000,277.050000000000,7.852078722468,5075.600053078782
277.077777777778,277.077777777778,7.851758065771,5075.818161923065
277.100000000000,277.100000000000,7.851506093823,5075.992642635948
277.150000000000,277.150000000000,7.850939168104,5076.385203767496
277.200000000000,277.200000000000,7.850372257843,5076.777736553145
277.250000000000,277.250000000000,7.849805363040,5077.170240993667
277.300000000000,277.300000000000,7.849238483696,5077.562717089835
277.350000000000,277.350000000000,7.848671619810,5077.955164842423
277.400000000000,277.400000000000,7.848104771382,5078.347584252203
277.450000000000,277.450000000000,7.847537938413,5078.739975319948
277.500000000000,277.500000000000,7.846971120902,5079.132338046431
277.550000000000,277.550000000000,7.846404318848,5079.524672432425
277.600000000000,277.600000000000,7.845837532254,5079.916978478703
277.650000000000,277.650000000000,7.845270761117,5080.309256186037
277.700000000000,277.700000000000,7.844704005439,5080.701505555201
277.750000000000,277.750000000000,7.844137265219,5081.093726586968
277.800000000000,277.800000000000,7.843570540457,5081.485919282110
277.850000000000,277.850000000000,7.843003831153,5081.878083641400
277.900000000000,277.900000000000,7.842437137308,5082.270219665611
277.950000000000,277.950000000000,7.841870458921,5082.662327355517
278.000000000000,278.000000000000,7.841303795992,5083.054406711890
278.050000000000,278.050000000000,7.840737148521,5083.446457735503
278.077777777778,278.077777777778,7.840422351050,5083.664251617443
278.100000000000,278.100000000000,7.840183021191,5083.838480566023
278.150000000000,278.150000000000,7.839644537836,5084.230476254997
278.200000000000,278.200000000000,7.839106066703,5084.622445020111
278.250000000000,278.250000000000,7.838567607792,5085.014386861973
278.300000000000,278.300000000000,7.838029161103,5085.406301781196
278.350000000000,278.350000000000,7.837490726637,5085.798189778389
278.400000000000,278.400000000000,7.836952304394,5086.190050854165
278.450000000000,278.450000000000,7.836413894372,5086.581885009134
278.500000000000,278.500000000000,7.835875496573,5086.973692243907
278.550000000000,278.550000000000,7.835337110996,5087.365472559096
278.600000000000,278.600000000000,7.834798737642,5087.757225955312
278.650000000000,278.650000000000,7.834260376510,5088.148952433166
278.700000000000,278.700000000000,7.833722027600,5088.540651993269
278.750000000000,278.750000000000,7.833183690913,5088.932324636231
278.800000000000,278.800000000000,7.832645366448,5089.323970362665
278.850000000000,278.850000000000,7.832107054205,5089.715589173182
278.900000000000,278.900000000000,7.831568754185,5090.107181068392
278.950000000000,278.950000000000,7.831030466387,5090.498746048906
279.000000000000,279.000000000000,7.830492190811,5090.890284115336
279.050000000000,279.050000000000,7.829953927457,5091.281795268293
279.077777777778,279.077777777778,7.829654897543,5091.499289835308
279.100000000000,279.100000000000,7.829413078058,5091.673279479480
279.150000000000,279.150000000000,7.828868993996,5092.064736531281
279.200000000000,279.200000000000,7.828324923472,5092.456166379217
279.250000000000,279.250000000000,7.827780866485,5092.847569023967
279.300000000000,279.300000000000,7.827236823037,5093.238944466205
279.350000000000,279.350000000000,7.826692793126,5093.630292706609
279.400000000000,279.400000000000,7.826148776753,5094.021613745856
279.450000000000,279.450000000000,7.825604773917,5094.412907584622
279.500000000000,279.500000000000,7.825060784620,5094.804174223586
279.550000000000,279.550000000000,7.824516808860,5095.195413663422
279.600000000000,279.600000000000,7.823972846638,5095.586625904810
279.650000000000,279.650000000000,7.823428897954,5095.977810948424
279.700000000000,279.700000000000,7.822884962808,5096.368968794944
279.750000000000,279.750000000000,7.822341041199,5096.760099445044
279.800000000000,279.800000000000,7.821797133128,5097.151202899402
279.850000000000,279.850000000000,7.821253238595,5097.542279158695
279.900000000000,279.900000000000,7.820709357600,5097.933328223599
279.950000000000,279.950000000000,7.820165490143,5098.324350094793
280.000000000000,280.000000000000,7.819621636223,5098.715344772952
280.050000000000,280.050000000000,7.819077795842,5099.106312258754
280.077777777778,280.077777777778,7.818775668146,5099.323504667977
280.100000000000,280.100000000000,7.818555458008,5099.497252791600
280.150000000000,280.150000000000,7.818059992402,5099.888168177859
280.200000000000,280.200000000000,7.817564536771,5100.279058791089
280.250000000000,280.250000000000,7.817069091117,5100.669924631786
280.300000000000,280.300000000000,7.816573655439,5101.060765700449
280.350000000000,280.350000000000,7.816078229736,5101.451581997579
280.400000000000,280.400000000000,7.815582814009,5101.842373523672
280.450000000000,280.450000000000,7.815087408258,5102.233140279229
280.500000000000,280.500000000000,7.814592012483,5102.623882264747
280.550000000000,280.550000000000,7.814096626684,5103.014599480726
280.600000000000,280.600000000000,7.813601250861,5103.405291927665
280.650000000000,280.650000000000,7.813105885014,5103.795959606061
280.700000000000,280.700000000000,7.812610529142,5104.186602516414
280.750000000000,280.750000000000,7.812115183246,5104.577220659225
280.800000000000,280.800000000000,7.811619847327,5104.967814034989
280.850000000000,280.850000000000,7.811124521383,5105.358382644206
280.900000000000,280.900000000000,7.810629205415,5105.748926487376
280.950000000000,280.950000000000,7.810133899423,5106.139445564997
281.000000000000,281.000000000000,7.809638603406,5106.529939877568
281.050000000000,281.050000000000,7.809143317366,5106.920409425587
281.077777777778,281.077777777778,7.808868162765,5107.137326251702
281.100000000000,281.100000000000,7.808647241887,5107.310854200640
281.150000000000,281.150000000000,7.808150177689,5107.701274136130
281.200000000000,281.200000000000,7.807653124261,5108.091669218678
281.250000000000,281.250000000000,7.807156081604,5108.482039448825
281.300000000000,281.300000000000,7.806659049718,5108.872384827108
281.350000000000,281.350000000000,7.806162028602,5109.262705354066
281.400000000000,281.400000000000,7.805665018257,5109.653001030238
281.450000000000,281.450000000000,7.805168018683,5110.043271856161
281.500000000000,281.500000000000,7.804671029879,5110.433517832375
281.550000000000,281.550000000000,7.804174051845,5110.823738959419
281.600000000000,281.600000000000,7.803677084583,5111.213935237830
281.650000000000,281.650000000000,7.803180128091,5111.604106668146
281.700000000000,281.700000000000,7.802683182369,5111.994253250908
281.750000000000,281.750000000000,7.802186247419,5112.384374986653
281.800000000000,281.800000000000,7.801689323239,5112.774471875920
281.850000000000,281.850000000000,7.801192409829,5113.164543919246
281.900000000000,281.900000000000,7.800695507190,5113.554591117171
281.950000000000,281.950000000000,7.800198615322,5113.944613470234
282.000000000000,282.000000000000,7.799701734224,5114.334610978973
282.050000000000,282.050000000000,7.799204863897,5114.724583643926
282.077777777778,282.077777777778,7.798928829480,5114.941224389670
282.100000000000,282.100000000000,7.798686202084,5115.114531223352
282.150000000000,282.150000000000,7.798140303843,5115.504451886000
282.200000000000,282.200000000000,7.797594424157,5115.894345254200
282.250000000000,282.250000000000,7.797048563027,5116.284211328880
282.300000000000,282.300000000000,7.796502720452,5116.674050110967
282.350000000000,282.350000000000,7.795956896433,5117.063861601389
282.400000000000,282.400000000000,7.795411090969,5117.453645801074
282.450000000000,282.450000000000,7.794865304061,5117.843402710951
282.500000000000,282.500000000000,7.794319535708,5118.233132331945
282.550000000000,282.550000000000,7.793773785911,5118.622834664986
282.600000000000,282.600000000000,7.793228054670,5119.012509711000
282.650000000000,282.650000000000,7.792682341984,5119.402157470916
282.700000000000,282.700000000000,7.792136647853,5119.791777945662
282.750000000000,282.750000000000,7.791590972278,5120.181371136166
282.800000000000,282.800000000000,7.791045315258,5120.570937043354
282.850000000000,282.850000000000,7.790499676794,5120.960475668156
282.900000000000,282.900000000000,7.789954056885,5121.349987011497
282.950000000000,282.950000000000,7.789408455532,5121.739471074308
283.000000000000,283.000000000000,7.788862872735,5122.128927857515
283.050000000000,283.050000000000,7.788317308493,5122.518357362046
283.077777777778,283.077777777778,7.788014225265,5122.734695300017
283.100000000000,283.100000000000,7.787799923760,5122.907759901671
283.150000000000,283.150000000000,7.787317753166,5123.297137843594
283.200000000000,283.200000000000,7.786835593363,5123.686491677257
283.250000000000,283.250000000000,7.786353444351,5124.075821403200
283.300000000000,283.300000000000,7.785871306130,5124.465127021962
283.350000000000,283.350000000000,7.785389178700,5124.854408534083
283.400000000000,283.400000000000,7.784907062061,5125.243665940101
283.450000000000,283.450000000000,7.784424956212,5125.632899240558
283.500000000000,283.500000000000,7.783942861155,5126.022108435992
283.550000000000,283.550000000000,7.783460776888,5126.411293526943
283.600000000000,283.600000000000,7.782978703413,5126.800454513951
283.650000000000,283.650000000000,7.782496640728,5127.189591397554
283.700000000000,283.700000000000,7.782014588834,5127.578704178293
283.750000000000,283.750000000000,7.781532547731,5127.967792856707
283.800000000000,283.800000000000,7.781050517419,5128.356857433336
283.850000000000,283.850000000000,7.780568497898,5128.745897908719
283.900000000000,283.900000000000,7.780086489168,5129.134914283395
283.950000000000,283.950000000000,7.779604491229,5129.523906557905
284.000000000000,284.000000000000,7.779122504080,5129.912874732788
284.050000000000,284.050000000000,7.778640527723,5130.301818808583
284.077777777778,284.077777777778,7.778372767743,5130.517888437688
284.100000000000,284.100000000000,7.778161829758,5130.690738822103
284.150000000000,284.150000000000,7.777687226906,5131.079635048520
284.200000000000,284.200000000000,7.777212634597,5131.468507545057
284.250000000000,284.250000000000,7.776738052831,5131.857356312243
284.300000000000,284.300000000000,7.776263481608,5132.246181350603
284.350000000000,284.350000000000,7.775788920928,5132.634982660667
284.400000000000,284.400000000000,7.775314370792,5133.023760242959
284.450000000000,284.450000000000,7.774839831198,5133.412514098009
284.500000000000,284.500000000000,7.774365302147,5133.801244226343
284.550000000000,284.550000000000,7.773890783639,5134.189950628487
284.600000000000,284.600000000000,7.773416275674,5134.578633304970
284.650000000000,284.650000000000,7.772941778252,5134.967292256318
284.700000000000,284.700000000000,7.772467291373,5135.355927483059
284.750000000000,284.750000000000,7.771992815037,5135.744538985719
284.800000000000,284.800000000000,7.771518349244,5136.133126764827
284.850000000000,284.850000000000,7.771043893994,5136.521690820908
284.900000000000,284.900000000000,7.770569449286,5136.910231154489
284.950000000000,284.950000000000,7.770095015122,5137.298747766100
285.000000000000,285.000000000000,7.769620591501,5137.687240656265
285.050000000000,285.050000000000,7.769146178423,5138.075709825514
285.077777777778,285.077777777778,7.768882620157,5138.291515781051
285.100000000000,285.100000000000,7.768670552127,5138.464155260742
285.150000000000,285.150000000000,7.768193407967,5138.852576859744
285.200000000000,285.200000000000,7.767716276142,5139.240974601847
285.250000000000,285.250000000000,7.767239156652,5139.629348487667
285.300000000000,285.300000000000,7.766762049497,5140.017698517820
285.350000000000,285.350000000000,7.766284954677,5140.406024692925
285.400000000000,285.400000000000,7.765807872192,5140.794327013597
285.450000000000,285.450000000000,7.765330802043,5141.182605480452
285.500000000000,285.500000000000,7.764853744228,5141.570860094109
285.550000000000,285.550000000000,7.764376698749,5141.959090855184
285.600000000000,285.600000000000,7.763899665605,5142.347297764292
285.650000000000,285.650000000000,7.763422644796,5142.735480822052
285.700000000000,285.700000000000,7.762945636322,5143.123640029080
285.750000000000,285.750000000000,7.762468640183,5143.511775385993
285.800000000000,285.800000000000,7.761991656379,5143.899886893408
285.850000000000,285.850000000000,7.761514684911,5144.287974551940
285.900000000000,285.900000000000,7.761037725777,5144.676038362207
285.950000000000,285.950000000000,7.760560778979,5145.064078324825
286.000000000000,286.000000000000,7.760083844515,5145.452094440413
286.050000000000,286.050000000000,7.759606922387,5145.840086709586
286.077777777778,286.077777777778,7.759341970979,5146.055627666440
286.100000000000,286.100000000000,7.759116208013,5146.228054979539
286.150000000000,286.150000000000,7.758608253227,5146.615998091070
286.200000000000,286.200000000000,7.758100314903,5147.003915805273
286.250000000000,286.250000000000,7.757592393040,5147.391808122972
286.300000000000,286.300000000000,7.757084487640,5147.779675044989
286.350000000000,286.350000000000,7.756576598701,5148.167516572147
286.400000000000,286.400000000000,7.756068726224,5148.555332705270
286.450000000000,286.450000000000,7.755560870209,5148.943123445181
286.500000000000,286.500000000000,7.755053030655,5149.330888792703
286.550000000000,286.550000000000,7.754545207563,5149.718628748658
286.600000000000,286.600000000000,7.754037400933,5150.106343313871
286.650000000000,286.650000000000,7.753529610765,5150.494032489163
286.700000000000,286.700000000000,7.753021837058,5150.881696275359
286.750000000000,286.750000000000,7.752514079813,5151.269334673281
286.800000000000,286.800000000000,7.752006339030,5151.656947683752
286.850000000000,286.850000000000,7.751498614709,5152.044535307596
286.900000000000,286.900000000000,7.750990906849,5152.432097545634
286.950000000000,286.950000000000,7.750483215452,5152.819634398692
287.000000000000,287.000000000000,7.749975540516,5153.207145867591
287.050000000000,287.050000000000,7.749467882041,5153.594631953155
287.077777777778,287.077777777778,7.749185856669,5153.809891032861
287.100000000000,287.100000000000,7.748976691807,5153.982092838954
287.150000000000,287.150000000000,7.748506079705,5154.369529908241
287.200000000000,287.200000000000,7.748035479841,5154.756943447230
287.250000000000,287.250000000000,7.747564892216,5155.144333456531
287.300000000000,287.300000000000,7.747094316828,5155.531699936757
287.350000000000,287.350000000000,7.746623753679,5155.919042888519
287.400000000000,287.400000000000,7.746153202767,5156.306362312430
287.450000000000,287.450000000000,7.745682664094,5156.693658209101
287.500000000000,287.500000000000,7.745212137658,5157.080930579145
287.550000000000,287.550000000000,7.744741623460,5157.468179423174
287.600000000000,287.600000000000,7.744271121501,5157.855404741797
287.650000000000,287.650000000000,7.743800631779,5158.242606535629
287.700000000000,287.700000000000,7.743330154295,5158.629784805282
287.750000000000,287.750000000000,7.742859689050,5159.016939551366
287.800000000000,287.800000000000,7.742389236042,5159.404070774493
287.850000000000,287.850000000000,7.741918795273,5159.791178475276
287.900000000000,287.900000000000,7.741448366741,5160.178262654326
287.950000000000,287.950000000000,7.740977950447,5160.565323312256
288.000000000000,288.000000000000,7.740507546391,5160.952360449677
288.050000000000,288.050000000000,7.740037154574,5161.339374067202
288.077777777778,288.077777777778,7.739775831074,5161.554371469782
288.100000000000,288.100000000000,7.739574394500,5161.726364250065
288.150000000000,288.150000000000,7.739121170132,5162.113331639181
288.200000000000,288.200000000000,7.738667956736,5162.500276367353
288.250000000000,288.250000000000,7.738214754309,5162.887198435129
288.300000000000,288.300000000000,7.737761562854,5163.274097843058
288.350000000000,288.350000000000,7.737308382370,5163.660974591689
288.400000000000,288.400000000000,7.736855212856,5164.047828681570
288.450000000000,288.450000000000,7.736402054313,5164.434660113249
288.500000000000,288.500000000000,7.735948906741,5164.821468887276
288.550000000000,288.550000000000,7.735495770140,5165.208255004198
288.600000000000,288.600000000000,7.735042644510,5165.595018464564
288.650000000000,288.650000000000,7.734589529851,5165.981759268923
288.700000000000,288.700000000000,7.734136426162,5166.368477417824
288.750000000000,288.750000000000,7.733683333444,5166.755172911814
288.800000000000,288.800000000000,7.733230251698,5167.141845751443
288.850000000000,288.850000000000,7.732777180922,5167.528495937258
288.900000000000,288.900000000000,7.732324121117,5167.915123469809
288.950000000000,288.950000000000,7.731871072282,5168.301728349645
289.000000000000,289.000000000000,7.731418034419,5168.688310577312
289.050000000000,289.050000000000,7.730965007526,5169.074870153361
289.077777777778,289.077777777778,7.730713330660,5169.289615685838
289.100000000000,289.100000000000,7.730505495677,5169.461407006129
289.150000000000,289.150000000000,7.730037876810,5169.847920590440
289.200000000000,289.200000000000,7.729570271574,5170.234410794150
289.250000000000,289.250000000000,7.729102679970,5170.620877617938
289.300000000000,289.300000000000,7.728635101996,5171.007321062488
289.350000000000,289.350000000000,7.728167537654,5171.393741128479
289.400000000000,289.400000000000,7.727699986943,5171.780137816593
289.450000000000,289.450000000000,7.727232449863,5172.166511127513
289.500000000000,289.500000000000,7.726764926414,5172.552861061920
289.550000000000,289.550000000000,7.726297416596,5172.939187620495
289.600000000000,289.600000000000,7.725829920410,5173.325490803921
289.650000000000,289.650000000000,7.725362437855,5173.711770612877
289.700000000000,289.700000000000,7.724894968930,5174.098027048047
289.750000000000,289.750000000000,7.724427513638,5174.484260110111
289.800000000000,289.800000000000,7.723960071976,5174.870469799751
289.850000000000,289.850000000000,7.723492643945,5175.256656117649
289.900000000000,289.900000000000,7.723025229545,5175.642819064486
289.950000000000,289.950000000000,7.722557828777,5176.028958640944
290.000000000000,290.000000000000,7.722090441640,5176.415074847704
290.050000000000,290.050000000000,7.721623068133,5176.801167685448
290.077777777778,290.077777777778,7.721363422076,5177.015653608925
290.100000000000,290.100000000000,7.721164299733,5177.187237250277
290.150000000000,290.150000000000,7.720716283253,5177.573284264851
290.200000000000,290.200000000000,7.720268278943,5177.959308878906
290.250000000000,290.250000000000,7.719820286803,5178.345311093050
290.300000000000,290.300000000000,7.719372306834,5178.731290907891
290.350000000000,290.350000000000,7.718924339036,5179.117248324038
290.400000000000,290.400000000000,7.718476383408,5179.503183342099
290.450000000000,290.450000000000,7.718028439950,5179.889095962683
290.500000000000,290.500000000000,7.717580508663,5180.274986186399
290.550000000000,290.550000000000,7.717132589547,5180.660854013854
290.600000000000,290.600000000000,7.716684682600,5181.046699445657
290.650000000000,290.650000000000,7.716236787825,5181.432522482418
290.700000000000,290.700000000000,7.715788905220,5181.818323124744
290.750000000000,290.750000000000,7.715341034786,5182.204101373244
290.800000000000,290.800000000000,7.714893176522,5182.589857228527
290.850000000000,290.850000000000,7.714445330428,5182.975590691201
290.900000000000,290.900000000000,7.713997496505,5183.361301761874
290.950000000000,290.950000000000,7.713549674753,5183.746990441156
291.000000000000,291.000000000000,7.713101865171,5184.132656729654
291.050000000000,291.050000000000,7.712654067760,5184.518300627977
291.077777777778,291.077777777778,7.712405296679,5184.732537563596
291.100000000000,291.100000000000,7.712215267945,5184.903922236535
291.150000000000,291.150000000000,7.711787710187,5185.289522310987
291.200000000000,291.200000000000,7.711360161973,5185.675101007791
291.250000000000,291.250000000000,7.710932623304,5186.060658327424
291.300000000000,291.300000000000,7.710505094179,5186.446194270361
291.350000000000,291.350000000000,7.710077574598,5186.831708837080
291.400000000000,291.400000000000,7.709650064562,5187.217202028059
291.450000000000,291.450000000000,7.709222564069,5187.602673843775
291.500000000000,291.500000000000,7.708795073121,5187.988124284705
291.550000000000,291.550000000000,7.708367591718,5188.373553351326
291.600000000000,291.600000000000,7.707940119858,5188.758961044115
291.650000000000,291.650000000000,7.707512657543,5189.144347363550
291.700000000000,291.700000000000,7.707085204772,5189.529712310108
291.750000000000,291.750000000000,7.706657761546,5189.915055884267
291.800000000000,291.800000000000,7.706230327863,5190.300378086502
291.850000000000,291.850000000000,7.705802903725,5190.685678917292
291.900000000000,291.900000000000,7.705375489132,5191.070958377113
291.950000000000,291.950000000000,7.704948084082,5191.456216466444
292.000000000000,292.000000000000,7.704520688577,5191.841453185761
292.050000000000,292.050000000000,7.704093302616,5192.226668535541
292.077777777778,292.077777777778,7.703855870095,5192.440667829608
292.100000000000,292.100000000000,7.703663230754,5192.611862486283
292.150000000000,292.150000000000,7.703229800680,5192.997034812069
292.200000000000,292.200000000000,7.702796382299,5193.382185466643
292.250000000000,292.250000000000,7.702362975612,5193.767314450591
292.300000000000,292.300000000000,7.701929580618,5194.152421764496
292.350000000000,292.350000000000,7.701496197317,5194.537507408945
292.400000000000,292.400000000000,7.701062825709,5194.922571384521
292.450000000000,292.450000000000,7.700629465795,5195.307613691808
292.500000000000,292.500000000000,7.700196117573,5195.692634331393
292.550000000000,292.550000000000,7.699762781045,5196.077633303858
292.600000000000,292.600000000000,7.699329456210,5196.462610609790
292.650000000000,292.650000000000,7.698896143069,5196.847566249772
292.700000000000,292.700000000000,7.698462841621,5197.232500224390
292.750000000000,292.750000000000,7.698029551865,5197.617412534227
292.800000000000,292.800000000000,7.697596273804,5198.002303179868
292.850000000000,292.850000000000,7.697163007435,5198.387172161899
292.900000000000,292.900000000000,7.696729752759,5198.772019480904
292.950000000000,292.950000000000,7.696296509777,5199.156845137467
293.000000000000,293.000000000000,7.695863278488,5199.541649132174
293.050000000000,293.050000000000,7.695430058892,5199.926431465608
293.077777777778,293.077777777778,7.695189386392,5200.140190069017
293.100000000000,293.100000000000,7.694982428168,5200.311191978066
293.150000000000,293.150000000000,7.694516782671,5200.695929458337
293.200000000000,293.200000000000,7.694051151721,5201.080643656696
293.250000000000,293.250000000000,7.693585535318,5201.465334573872
293.300000000000,293.300000000000,7.693119933463,5201.850002210592
293.350000000000,293.350000000000,7.692654346156,5202.234646567583
293.400000000000,293.400000000000,7.692188773396,5202.619267645571
293.450000000000,293.450000000000,7.691723215183,5203.003865445286
293.500000000000,293.500000000000,7.691257671518,5203.388439967453
293.550000000000,293.550000000000,7.690792142401,5203.772991212802
293.600000000000,293.600000000000,7.690326627831,5204.157519182058
293.650000000000,293.650000000000,7.689861127809,5204.542023875948
293.700000000000,293.700000000000,7.689395642334,5204.926505295201
293.750000000000,293.750000000000,7.688930171406,5205.310963440545
293.800000000000,293.800000000000,7.688464715026,5205.695398312705
293.850000000000,293.850000000000,7.687999273194,5206.079809912410
293.900000000000,293.900000000000,7.687533845909,5206.464198240387
293.950000000000,293.950000000000,7.687068433171,5206.848563297364
294.000000000000,294.000000000000,7.686603034981,5207.232905084068
294.050000000000,294.050000000000,7.686137651339,5207.617223601226
294.077777777778,294.077777777778,7.685879111156,5207.830723834040
294.100000000000,294.100000000000,7.685676948424,5208.001518901367
294.150000000000,294.150000000000,7.685222093804,5208.385791377423
294.200000000000,294.200000000000,7.684767255147,5208.770041111146
294.250000000000,294.250000000000,7.684312432452,5209.154268103336
294.300000000000,294.300000000000,7.683857625720,5209.538472354790
294.350000000000,294.350000000000,7.683402834950,5209.922653866307
294.400000000000,294.400000000000,7.682948060142,5210.306812638684
294.450000000000,294.450000000000,7.682493301297,5210.690948672720
294.500000000000,294.500000000000,7.682038558414,5211.075061969213
294.550000000000,294.550000000000,7.681583831494,5211.459152528961
294.600000000000,294.600000000000,7.681129120536,5211.843220352762
294.650000000000,294.650000000000,7.680674425540,5212.227265441414
294.700000000000,294.700000000000,7.680219746507,5212.611287795715
294.750000000000,294.750000000000,7.679765083437,5212.995287416464
294.800000000000,294.800000000000,7.679310436328,5213.379264304458
294.850000000000,294.850000000000,7.678855805182,5213.763218460496
294.900000000000,294.900000000000,7.678401189999,5214.147149885375
294.950000000000,294.950000000000,7.677946590778,5214.531058579895
295.000000000000,295.000000000000,7.677492007519,5214.914944544853
295.050000000000,295.050000000000,7.677037440223,5215.298807781047
295.077777777778,295.077777777778,7.676784909734,5215.512055313687
295.100000000000,295.100000000000,7.676601489818,5215.682648495902
295.150000000000,295.150000000000,7.676188802183,5216.066468253201
295.200000000000,295.200000000000,7.675776124482,5216.450267376368
295.250000000000,295.250000000000,7.675363456715,5216.834045865899
295.300000000000,295.300000000000,7.674950798882,5217.217803722288
295.350000000000,295.350000000000,7.674538150983,5217.601540946035
295.400000000000,295.400000000000,7.674125513018,5217.985257537634
295.450000000000,295.450000000000,7.673712884987,5218.368953497585
295.500000000000,295.500000000000,7.673300266891,5218.752628826382
295.550000000000,295.550000000000,7.672887658728,5219.136283524522
295.600000000000,295.600000000000,7.672475060499,5219.519917592503
295.650000000000,295.650000000000,7.672062472205,5219.903531030820
295.700000000000,295.700000000000,7.671649893844,5220.287123839971
295.750000000000,295.750000000000,7.671237325417,5220.670696020453
295.800000000000,295.800000000000,7.670824766925,5221.054247572762
295.850000000000,295.850000000000,7.670412218366,5221.437778497394
295.900000000000,295.900000000000,7.669999679742,5221.821288794847
295.950000000000,295.950000000000,7.669587151052,5222.204778465617
296.000000000000,296.000000000000,7.669174632295,5222.588247510201
296.050000000000,296.050000000000,7.668762123473,5222.971695929095
296.077777777778,296.077777777778,7.668532956198,5223.184713916315
296.100000000000,296.100000000000,7.668354495741,5223.355123776890
296.150000000000,296.150000000000,7.667952966431,5223.738531463444
296.200000000000,296.200000000000,7.667551446421,5224.121919073766
296.250000000000,296.250000000000,7.667149935710,5224.505286608319
296.300000000000,296.300000000000,7.666748434299,5224.888634067569
296.350000000000,296.350000000000,7.666346942187,5225.271961451981
296.400000000000,296.400000000000,7.665945459375,5225.655268762020
296.450000000000,296.450000000000,7.665543985863,5226.038555998151
296.500000000000,296.500000000000,7.665142521650,5226.421823160838
296.550000000000,296.550000000000,7.664741066737,5226.805070250548
296.600000000000,296.600000000000,7.664339621123,5227.188297267745
296.650000000000,296.650000000000,7.663938184809,5227.571504212893
296.700000000000,296.700000000000,7.663536757794,5227.954691086458
296.750000000000,296.750000000000,7.663135340079,5228.337857888905
296.800000000000,296.800000000000,7.662733931664,5228.721004620699
296.850000000000,296.850000000000,7.662332532548,5229.104131282304
296.900000000000,296.900000000000,7.661931142732,5229.487237874187
296.950000000000,296.950000000000,7.661529762216,5229.870324396810
297.000000000000,297.000000000000,7.661128390999,5230.253390850641
297.050000000000,297.050000000000,7.660727029082,5230.636437236143
297.077777777778,297.077777777778,7.660504054257,5230.849232112302
297.100000000000,297.100000000000,7.660321773622,5231.019463510388
297.150000000000,297.150000000000,7.659911650302,5231.402469345986
297.200000000000,297.200000000000,7.659501538209,5231.785454675699
297.250000000000,297.250000000000,7.659091437342,5232.168419500088
297.300000000000,297.300000000000,7.658681347701,5232.551363819714
297.350000000000,297.350000000000,7.658271269288,5232.934287635139
297.400000000000,297.400000000000,7.657861202100,5233.317190946924
297.450000000000,297.450000000000,7.657451146139,5233.700073755630
297.500000000000,297.500000000000,7.657041101405,5234.082936061819
297.550000000000,297.550000000000,7.656631067897,5234.465777866052
297.600000000000,297.600000000000,7.656221045616,5234.848599168890
297.650000000000,297.650000000000,7.655811034561,5235.231399970894
297.700000000000,297.700000000000,7.655401034733,5235.614180272626
297.750000000000,297.750000000000,7.654991046131,5235.996940074648
297.800000000000,297.800000000000,7.654581068755,5236.379679377520
297.850000000000,297.850000000000,7.654171102606,5236.762398181804
297.900000000000,297.900000000000,7.653761147684,5237.145096488061
297.950000000000,297.950000000000,7.653351203988,5237.527774296854
298.000000000000,298.000000000000,7.652941271519,5237.910431608741
298.050000000000,298.050000000000,7.652531350276,5238.293068424287
298.077777777778,298.077777777778,7.652303621104,5238.505635576668
298.100000000000,298.100000000000,7.652105833217,5238.675684570603
298.150000000000,298.150000000000,7.651660821770,5239.058278736978
298.200000000000,298.200000000000,7.651215825964,5239.440850653171
298.250000000000,298.250000000000,7.650770845800,5239.823400319965
298.300000000000,298.300000000000,7.650325881278,5240.205927738142
298.350000000000,298.350000000000,7.649880932397,5240.588432908484
298.400000000000,298.400000000000,7.649435999157,5240.970915831772
298.450000000000,298.450000000000,7.648991081560,5241.353376508790
298.500000000000,298.500000000000,7.648546179604,5241.735814940319
298.550000000000,298.550000000000,7.648101293289,5242.118231127141
298.600000000000,298.600000000000,7.647656422616,5242.500625070039
298.650000000000,298.650000000000,7.647211567585,5242.882996769794
298.700000000000,298.700000000000,7.646766728195,5243.265346227188
298.750000000000,298.750000000000,7.646321904447,5243.647673443004
298.800000000000,298.800000000000,7.645877096341,5244.029978418024
298.850000000000,298.850000000000,7.645432303876,5244.412261153030
298.900000000000,298.900000000000,7.644987527053,5244.794521648803
298.950000000000,298.950000000000,7.644542765871,5245.176759906127
299.000000000000,299.000000000000,7.644098020331,5245.558975925782
299.050000000000,299.050000000000,7.643653290433,5245.941169708551
299.077777777778,299.077777777778,7.643406225026,5246.153489979601
299.100000000000,299.100000000000,7.643228742502,5246.323341479238
299.150000000000,299.150000000000,7.642829414711,5246.705492933169
299.200000000000,299.200000000000,7.642430097841,5247.087624420983
299.250000000000,299.250000000000,7.642030791891,5247.469735943227
299.300000000000,299.300000000000,7.641631496861,5247.851827500445
299.350000000000,299.350000000000,7.641232212751,5248.233899093186
299.400000000000,299.400000000000,7.640832939561,5248.615950721994
299.450000000000,299.450000000000,7.640433677292,5248.997982387415
299.500000000000,299.500000000000,7.640034425943,5249.379994089995
299.550000000000,299.550000000000,7.639635185515,5249.761985830281
299.600000000000,299.600000000000,7.639235956006,5250.143957608820
299.650000000000,299.650000000000,7.638836737418,5250.525909426155
299.700000000000,299.700000000000,7.638437529750,5250.907841282834
299.750000000000,299.750000000000,7.638038333003,5251.289753179403
299.800000000000,299.800000000000,7.637639147175,5251.671645116407
299.850000000000,299.850000000000,7.637239972268,5252.053517094394
299.900000000000,299.900000000000,7.636840808282,5252.435369113908
299.950000000000,299.950000000000,7.636441655215,5252.817201175495
300.000000000000,300.000000000000,7.636042513069,5253.199013279702
