absolute_time_h,cycle_time_h,gross_injection_rate_m3_h,cycle_cumulative_injection_m3
480.000000000000,0.000000000000,0.000000000000,0.000000000000
480.050000000000,0.050000000000,0.000000000000,0.000000000000
480.100000000000,0.100000000000,0.000000000000,0.000000000000
480.150000000000,0.150000000000,0.000000000000,0.000000000000
480.200000000000,0.200000000000,0.000000000000,0.000000000000
480.250000000000,0.250000000000,0.000000000000,0.000000000000
480.300000000000,0.300000000000,24.162257410586,0.604056435265
480.350000000000,0.350000000000,132.522852538337,4.521184183989
480.400000000000,0.400000000000,279.065735048453,14.810898873649
480.450000000000,0.450000000000,530.991159688938,35.062321242089
480.500000000000,0.500000000000,954.923211883881,72.210180531417
480.550000000000,0.550000000000,917.820362302352,119.028769886084
480.600000000000,0.600000000000,868.821043784829,163.694805038274
480.650000000000,0.650000000000,807.925256331389,205.613462541141
480.700000000000,0.700000000000,735.132999941892,244.189918947982
480.750000000000,0.750000000000,650.444274616402,278.829350811947
480.800000000000,0.800000000000,553.859080354919,308.936934686237
480.850000000000,0.850000000000,445.377417157442,333.917847124052
480.900000000000,0.900000000000,324.999285024115,353.177264678573
480.950000000000,0.950000000000,192.724683954664,366.120363903045
481.000000000000,1.000000000000,48.553613949219,372.152321350644
481.002777777778,1.002777777778,40.195293841177,372.275583722586
481.050000000000,1.050000000000,39.869394363374,374.165999971851
481.100000000000,1.100000000000,39.524324327414,376.150842939121
481.150000000000,1.150000000000,39.179254290801,378.118432404574
481.200000000000,1.200000000000,38.834184253533,380.068768368183
481.250000000000,1.250000000000,38.489114215611,382.001850829912
481.300000000000,1.300000000000,38.144044177034,383.917679789729
481.350000000000,1.350000000000,37.798974137802,385.816255247600
481.400000000000,1.400000000000,37.453904097917,387.697577203491
481.450000000000,1.450000000000,37.108834057377,389.561645657374
481.500000000000,1.500000000000,36.763764016182,391.408460609213
481.550000000000,1.550000000000,36.418693974333,393.238022058977
481.600000000000,1.600000000000,36.073623931829,395.050330006631
481.650000000000,1.650000000000,35.728553888671,396.845384452142
481.700000000000,1.700000000000,35.383483844859,398.623185395481
481.750000000000,1.750000000000,35.038413800391,400.383732836612
481.800000000000,1.800000000000,34.693343755270,402.127026775504
481.850000000000,1.850000000000,34.348273709494,403.853067212124
481.900000000000,1.900000000000,34.003203663064,405.561854146436
481.950000000000,1.950000000000,33.658133615979,407.253387578413
482.000000000000,2.000000000000,33.313063568240,408.927667508018
482.050000000000,2.050000000000,32.967993519846,410.584693935221
482.100000000000,2.100000000000,32.841327943387,412.229926971802
482.150000000000,2.150000000000,32.714662366830,413.868826729556
482.200000000000,2.200000000000,32.587996790173,415.501393208482
482.250000000000,2.250000000000,32.461331213416,417.127626408572
482.300000000000,2.300000000000,32.334665636560,418.747526329821
482.350000000001,2.350000000001,32.208000059602,420.361092972257
482.400000000001,2.400000000001,32.081334482548,421.968326335811
482.450000000001,2.450000000001,31.954668905394,423.569226420510
482.500000000001,2.500000000001,31.828003328140,425.163793226349
482.550000000001,2.550000000001,31.701337750788,426.752026753321
482.600000000001,2.600000000001,31.574672173335,428.333927001424
482.650000000001,2.650000000001,31.448006595784,429.909493970652
482.700000000001,2.700000000001,31.321341018133,431.478727661001
482.750000000001,2.750000000001,31.194675440382,433.041628072464
482.800000000001,2.800000000001,31.068009862533,434.598195205035
482.850000000001,2.850000000001,30.941344284584,436.148429058714
482.900000000001,2.900000000001,30.814678706535,437.692329633492
482.950000000001,2.950000000001,30.688013128387,439.229896929365
483.000000000001,3.000000000001,30.561347550140,440.761130946329
483.025000000000,3.025000000000,30.498014760982,441.524372975186
483.050000000001,3.050000000001,30.458627264152,442.286331000531
483.100000000001,3.100000000001,30.379852270463,443.807292988896
483.150000000001,3.150000000001,30.301077276732,445.324316227577
483.200000000001,3.200000000001,30.222302282959,446.837400716569
483.250000000001,3.250000000001,30.143527289143,448.346546455872
483.300000000001,3.300000000001,30.064752295284,449.851753445481
483.350000000001,3.350000000001,29.985977301383,451.353021685398
483.400000000001,3.400000000001,29.907202307440,452.850351175619
483.450000000001,3.450000000001,29.828427313454,454.343741916142
483.500000000001,3.500000000001,29.749652319426,455.833193906964
483.550000000001,3.550000000001,29.670877325355,457.318707148082
483.600000000001,3.600000000001,29.592102331242,458.800281639498
483.650000000001,3.650000000001,29.513327337086,460.277917381206
483.700000000001,3.700000000001,29.434552342888,461.751614373206
483.750000000001,3.750000000001,29.355777348647,463.221372615495
483.800000000001,3.800000000001,29.277002354364,464.687192108069
483.850000000001,3.850000000001,29.198227360038,466.149072850929
483.900000000001,3.900000000001,29.119452365670,467.607014844072
483.950000000001,3.950000000001,29.040677371259,469.061018087496
484.000000000001,4.000000000001,28.961902376806,470.511082581198
484.025000000000,4.025000000000,28.922514879565,471.234637796872
484.050000000001,4.050000000001,28.892170103683,471.957321359191
484.100000000001,4.100000000001,28.831480551901,473.400412625581
484.150000000001,4.150000000001,28.770791000091,474.840469414381
484.200000000001,4.200000000001,28.710101448253,476.277491725590
484.250000000001,4.250000000001,28.649411896388,477.711479559207
484.300000000001,4.300000000001,28.588722344496,479.142432915228
484.350000000001,4.350000000001,28.528032792576,480.570351793655
484.400000000001,4.400000000001,28.467343240628,481.995236194485
484.450000000001,4.450000000001,28.406653688653,483.417086117717
484.500000000001,4.500000000001,28.345964136650,484.835901563350
484.550000000001,4.550000000001,28.285274584620,486.251682531381
484.600000000001,4.600000000001,28.224585032563,487.664429021811
484.650000000001,4.650000000001,28.163895480478,489.074141034637
484.700000000001,4.700000000001,28.103205928365,490.480818569858
484.750000000001,4.750000000001,28.042516376225,491.884461627473
484.800000000001,4.800000000001,27.981826824058,493.285070207479
484.850000000001,4.850000000001,27.921137271862,494.682644309878
484.900000000001,4.900000000001,27.860447719640,496.077183934665
484.950000000001,4.950000000001,27.799758167390,497.468689081841
485.000000000001,5.000000000001,27.739068615112,498.857159751404
485.025000000000,5.025000000000,27.708723838964,499.550257157051
485.050000000001,5.050000000001,27.685929234513,500.242690320498
485.100000000001,5.100000000001,27.640340025601,501.625847052001
485.150000000001,5.150000000001,27.594750816672,503.006724323058
485.200000000001,5.200000000001,27.549161607727,504.385322133668
485.250000000001,5.250000000001,27.503572398766,505.761640483831
485.300000000001,5.300000000001,27.457983189788,507.135679373543
485.350000000001,5.350000000001,27.412393980795,508.507438802808
485.400000000001,5.400000000001,27.366804771785,509.876918771623
485.450000000001,5.450000000001,27.321215562759,511.244119279987
485.500000000001,5.500000000001,27.275626353717,512.609040327899
485.550000000001,5.550000000001,27.230037144658,513.971681915357
485.600000000001,5.600000000001,27.184447935584,515.332044042364
485.650000000001,5.650000000001,27.138858726493,516.690126708916
485.700000000001,5.700000000001,27.093269517385,518.045929915013
485.750000000001,5.750000000001,27.047680308262,519.399453660655
485.800000000001,5.800000000001,27.002091099123,520.750697945838
485.850000000001,5.850000000001,26.956501889967,522.099662770566
485.900000000001,5.900000000001,26.910912680795,523.446348134835
485.950000000001,5.950000000001,26.865323471607,524.790754038645
486.000000000001,6.000000000001,26.819734262402,526.132880481996
486.025000000000,6.025000000000,26.796939657795,526.803088905970
486.050000000001,6.050000000001,26.776449681475,527.472756272738
486.100000000001,6.100000000001,26.735469728825,528.810554257996
486.150000000001,6.150000000001,26.694489776161,530.146303245621
486.200000000001,6.200000000001,26.653509823483,531.480003235612
486.250000000001,6.250000000001,26.612529870792,532.811654227969
486.300000000001,6.300000000001,26.571549918086,534.141256222690
486.350000000001,6.350000000001,26.530569965366,535.468809219777
486.400000000001,6.400000000001,26.489590012632,536.794313219227
486.450000000001,6.450000000001,26.448610059884,538.117768221040
486.500000000002,6.500000000002,26.407630107121,539.439174225241
486.550000000002,6.550000000002,26.366650154345,540.758531231778
486.600000000002,6.600000000002,26.325670201555,542.075839240676
486.650000000002,6.650000000002,26.284690248750,543.391098251934
486.700000000002,6.700000000002,26.243710295932,544.704308265550
486.750000000002,6.750000000002,26.202730343100,546.015469281526
486.800000000002,6.800000000002,26.161750390254,547.324581299860
486.850000000002,6.850000000002,26.120770437393,548.631644320551
486.900000000002,6.900000000002,26.079790484519,549.936658343599
486.950000000002,6.950000000002,26.038810531631,551.239623369002
487.000000000002,7.000000000002,25.997830578728,552.540539396761
487.025000000000,7.025000000000,25.977340602273,553.190229036471
487.050000000002,7.050000000002,25.959838202571,553.839443771585
487.100000000002,7.100000000002,25.924833403161,555.136560561728
487.150000000002,7.150000000002,25.889828603741,556.431927111901
487.200000000002,7.200000000002,25.854823804310,557.725543422101
487.250000000002,7.250000000002,25.819819004868,559.017409492331
487.300000000002,7.300000000002,25.784814205416,560.307525322588
487.350000000002,7.350000000002,25.749809405953,561.595890912873
487.400000000002,7.400000000002,25.714804606480,562.882506263184
487.450000000002,7.450000000002,25.679799806996,564.167371373520
487.500000000002,7.500000000002,25.644795007502,565.450486243882
487.550000000002,7.550000000002,25.609790207997,566.731850874270
487.600000000002,7.600000000002,25.574785408482,568.011465264682
487.650000000002,7.650000000002,25.539780608956,569.289329415119
487.700000000002,7.700000000002,25.504775809419,570.565443325577
487.750000000002,7.750000000002,25.469771009872,571.839806996059
487.800000000002,7.800000000002,25.434766210314,573.112420426564
487.850000000002,7.850000000002,25.399761410746,574.383283617091
487.900000000002,7.900000000002,25.364756611167,575.652396567639
487.950000000002,7.950000000002,25.329751811578,576.919759278207
488.000000000002,8.000000000002,25.294747011978,578.185371748796
488.025000000000,8.025000000000,25.277244612175,578.817521644047
488.050000000002,8.050000000002,25.263817306600,579.449284918083
488.100000000002,8.100000000002,25.236962695446,580.711804418134
488.150000000002,8.150000000002,25.210108084285,581.972981187628
488.200000000002,8.200000000002,25.183253473119,583.232815226562
488.250000000002,8.250000000002,25.156398861947,584.491306534939
488.300000000002,8.300000000002,25.129544250768,585.748455112757
488.350000000002,8.350000000002,25.102689639583,587.004260960016
488.400000000002,8.400000000002,25.075835028392,588.258724076715
488.450000000002,8.450000000002,25.048980417195,589.511844462854
488.500000000002,8.500000000002,25.022125805992,590.763622118434
488.550000000002,8.550000000002,24.995271194783,592.014057043454
488.600000000002,8.600000000002,24.968416583567,593.263149237913
488.650000000002,8.650000000002,24.941561972346,594.510898701811
488.700000000002,8.700000000002,24.914707361118,595.757305435146
488.750000000002,8.750000000002,24.887852749884,597.002369437922
488.800000000002,8.800000000002,24.860998138644,598.246090710135
488.850000000002,8.850000000002,24.834143527398,599.488469251786
488.900000000002,8.900000000002,24.807288916146,600.729505062875
488.950000000002,8.950000000002,24.780434304887,601.969198143400
489.000000000002,9.000000000002,24.753579693623,603.207548493363
489.025000000000,9.025000000000,24.740152387989,603.826220144333
489.050000000002,9.050000000002,24.728816249462,604.444582252352
489.100000000002,9.100000000002,24.706143972405,605.680456257899
489.150000000002,9.150000000002,24.683471695344,606.915196649593
489.200000000002,9.200000000002,24.660799418279,608.148803427432
489.250000000002,9.250000000002,24.638127141210,609.381276591420
489.300000000002,9.300000000002,24.615454864136,610.612616141554
489.350000000002,9.350000000002,24.592782587058,611.842822077834
489.400000000002,9.400000000002,24.570110309976,613.071894400260
489.450000000002,9.450000000002,24.547438032889,614.299833108830
489.500000000002,9.500000000002,24.524765755798,615.526638203548
489.550000000002,9.550000000002,24.502093478703,616.752309684411
489.600000000002,9.600000000002,24.479421201604,617.976847551419
489.650000000002,9.650000000002,24.456748924500,619.200251804572
489.700000000002,9.700000000002,24.434076647392,620.422522443868
489.750000000002,9.750000000002,24.411404370280,621.643659469310
489.800000000002,9.800000000002,24.388732093163,622.863662880896
489.850000000002,9.850000000002,24.366059816042,624.082532678627
489.900000000002,9.900000000002,24.343387538917,625.300268862501
489.950000000002,9.950000000002,24.320715261788,626.516871432518
490.000000000002,10.000000000002,24.298042984654,627.732340388679
490.025000000000,10.025000000000,24.286706846086,628.339649761514
490.050000000002,10.050000000002,24.277269527485,628.946699466233
490.100000000002,10.100000000002,24.258394890282,630.160091076677
490.150000000002,10.150000000002,24.239520253076,631.372538955262
490.200000000002,10.200000000002,24.220645615867,632.584043101984
490.250000000002,10.250000000002,24.201770978655,633.794603516848
490.300000000002,10.300000000002,24.182896341440,635.004220199850
490.350000000002,10.350000000002,24.164021704222,636.212893150992
490.400000000002,10.400000000002,24.145147067001,637.420622370273
490.450000000002,10.450000000002,24.126272429777,638.627407857691
490.500000000002,10.500000000002,24.107397792550,639.833249613250
490.550000000002,10.550000000002,24.088523155320,641.038147636947
490.600000000002,10.600000000002,24.069648518086,642.242101928782
490.650000000002,10.650000000002,24.050773880850,643.445112488756
490.700000000002,10.700000000002,24.031899243611,644.647179316866
490.750000000002,10.750000000002,24.013024606369,645.848302413116
490.800000000002,10.800000000002,23.994149969123,647.048481777504
490.850000000002,10.850000000002,23.975275331875,648.247717410029
490.900000000002,10.900000000002,23.956400694624,649.446009310691
490.950000000002,10.950000000002,23.937526057369,650.643357479490
491.000000000002,11.000000000002,23.918651420112,651.839761916428
491.025000000000,11.025000000000,23.909214101483,652.437610235399
491.050000000002,11.050000000002,23.901163969367,653.035239961333
491.100000000002,11.100000000002,23.885063705137,654.229895653196
491.150000000003,11.150000000003,23.868963440903,655.423746331871
491.200000000003,11.200000000003,23.852863176668,656.616791997310
491.250000000003,11.250000000003,23.836762912431,657.809032649538
491.300000000003,11.300000000003,23.820662648191,659.000468288554
491.350000000003,11.350000000003,23.804562383949,660.191098914356
491.400000000003,11.400000000003,23.788462119705,661.380924526948
491.450000000003,11.450000000003,23.772361855459,662.569945126327
491.500000000003,11.500000000003,23.756261591210,663.758160712494
491.550000000003,11.550000000003,23.740161326959,664.945571285448
491.600000000003,11.600000000003,23.724061062706,666.132176845189
491.650000000003,11.650000000003,23.707960798451,667.317977391718
491.700000000003,11.700000000003,23.691860534193,668.502972925035
491.750000000003,11.750000000003,23.675760269933,669.687163445138
491.800000000003,11.800000000003,23.659660005671,670.870548952028
491.850000000003,11.850000000003,23.643559741407,672.053129445704
491.900000000003,11.900000000003,23.627459477141,673.234904926168
491.950000000003,11.950000000003,23.611359212872,674.415875393419
492.000000000003,12.000000000003,23.595258948601,675.596040847456
492.025000000000,12.025000000000,23.587208816466,676.185821694448
492.050000000003,12.050000000003,23.578481945863,676.775392829049
492.100000000003,12.100000000003,23.561028204656,677.953880582811
492.150000000003,12.150000000003,23.543574463447,679.131495649514
492.200000000003,12.200000000003,23.526120722235,680.308238029156
492.250000000003,12.250000000003,23.508666981020,681.484107721738
492.300000000003,12.300000000003,23.491213239802,682.659104727258
492.350000000003,12.350000000003,23.473759498581,683.833229045717
492.400000000003,12.400000000003,23.456305757357,685.006480677116
492.450000000003,12.450000000003,23.438852016131,686.178859621453
492.500000000003,12.500000000003,23.421398274901,687.350365878729
492.550000000003,12.550000000003,23.403944533669,688.520999448944
492.600000000003,12.600000000003,23.386490792434,689.690760332095
492.650000000003,12.650000000003,23.369037051195,690.859648528186
492.700000000003,12.700000000003,23.351583309954,692.027664037215
492.750000000003,12.750000000003,23.334129568710,693.194806859182
492.800000000003,12.800000000003,23.316675827463,694.361076994087
492.850000000003,12.850000000003,23.299222086213,695.526474441927
492.900000000003,12.900000000003,23.281768344961,696.690999202707
492.950000000003,12.950000000003,23.264314603705,697.854651276424
493.000000000003,13.000000000003,23.246860862447,699.017430663078
493.025000000000,13.025000000000,23.238133991817,699.598493098686
493.050000000003,13.050000000003,23.233030920676,700.179382660163
493.100000000003,13.100000000003,23.222824778395,701.340779052638
493.150000000003,13.150000000003,23.212618636113,702.501665138001
493.200000000003,13.200000000003,23.202412493830,703.662040916250
493.250000000003,13.250000000003,23.192206351546,704.821906387385
493.300000000003,13.300000000003,23.182000209261,705.981261551405
493.350000000003,13.350000000003,23.171794066975,707.140106408310
493.400000000003,13.400000000003,23.161587924688,708.298440958102
493.450000000003,13.450000000003,23.151381782401,709.456265200779
493.500000000003,13.500000000003,23.141175640112,710.613579136342
493.550000000003,13.550000000003,23.130969497823,711.770382764791
493.600000000003,13.600000000003,23.120763355532,712.926676086124
493.650000000003,13.650000000003,23.110557213241,714.082459100343
493.700000000003,13.700000000003,23.100351070949,715.237731807449
493.750000000003,13.750000000003,23.090144928657,716.392494207439
493.800000000003,13.800000000003,23.079938786363,717.546746300315
493.850000000003,13.850000000003,23.069732644068,718.700488086074
493.900000000003,13.900000000003,23.059526501773,719.853719564721
493.950000000003,13.950000000003,23.049320359476,721.006440736252
494.000000000003,14.000000000003,23.039114217179,722.158651600669
494.025000000000,14.025000000000,23.034011146031,722.734565667639
494.050000000003,14.050000000003,23.028393179795,723.310345721782
494.100000000003,14.100000000003,23.017157247325,724.461484482459
494.150000000003,14.150000000003,23.005921314853,725.612061446514
494.200000000003,14.200000000003,22.994685382380,726.762076613945
494.250000000003,14.250000000003,22.983449449906,727.911529984752
494.300000000003,14.300000000003,22.972213517430,729.060421558936
494.350000000003,14.350000000003,22.960977584954,730.208751336495
494.400000000003,14.400000000003,22.949741652476,731.356519317431
494.450000000003,14.450000000003,22.938505719997,732.503725501743
494.500000000003,14.500000000003,22.927269787516,733.650369889431
494.550000000003,14.550000000003,22.916033855035,734.796452480495
494.600000000003,14.600000000003,22.904797922552,735.941973274933
494.650000000003,14.650000000003,22.893561990068,737.086932272749
494.700000000003,14.700000000003,22.882326057583,738.231329473941
494.750000000003,14.750000000003,22.871090125096,739.375164878508
494.800000000003,14.800000000003,22.859854192608,740.518438486451
494.850000000003,14.850000000003,22.848618260119,741.661150297768
494.900000000003,14.900000000003,22.837382327629,742.803300312462
494.950000000003,14.950000000003,22.826146395137,743.944888530531
495.000000000003,15.000000000003,22.814910462644,745.085914951976
495.025000000000,15.025000000000,22.809292496398,745.656217488895
495.050000000003,15.050000000003,22.803109778549,746.226372517401
495.100000000003,15.100000000003,22.790744342852,747.366218870435
495.150000000003,15.150000000003,22.778378907153,748.505446951685
495.200000000003,15.200000000003,22.766013471452,749.644056761151
495.250000000003,15.250000000003,22.753648035750,750.782048298831
495.300000000004,15.300000000004,22.741282600047,751.919421564748
495.350000000004,15.350000000004,22.728917164342,753.056176558858
495.400000000004,15.400000000004,22.716551728635,754.192313281183
495.450000000004,15.450000000004,22.704186292928,755.327831731722
495.500000000004,15.500000000004,22.691820857218,756.462731910475
495.550000000004,15.550000000004,22.679455421507,757.597013817443
495.600000000004,15.600000000004,22.667089985795,758.730677452626
495.650000000004,15.650000000004,22.654724550081,759.863722816023
495.700000000004,15.700000000004,22.642359114366,760.996149907635
495.750000000004,15.750000000004,22.629993678649,762.127958727459
495.800000000004,15.800000000004,22.617628242930,763.259149275499
495.850000000004,15.850000000004,22.605262807211,764.389721551752
495.900000000004,15.900000000004,22.592897371489,765.519675556220
495.950000000004,15.950000000004,22.580531935767,766.649011288902
496.000000000004,16.000000000004,22.568166500042,767.777728749796
496.025000000000,16.025000000000,22.561983782181,768.341855628233
496.050000000004,16.050000000004,22.556175134230,768.905832614779
496.100000000004,16.100000000004,22.544557838330,770.033350939093
496.150000000004,16.150000000004,22.532940542429,771.160288398613
496.200000000004,16.200000000004,22.521323246526,772.286644993337
496.250000000004,16.250000000004,22.509705950622,773.412420723264
496.300000000004,16.300000000004,22.498088654717,774.537615588398
496.350000000004,16.350000000004,22.486471358810,775.662229588737
496.400000000004,16.400000000004,22.474854062902,776.786262724280
496.450000000004,16.450000000004,22.463236766993,777.909714995027
496.500000000004,16.500000000004,22.451619471083,779.032586400978
496.550000000004,16.550000000004,22.440002175171,780.154876942135
496.600000000004,16.600000000004,22.428384879258,781.276586618496
496.650000000004,16.650000000004,22.416767583344,782.397715430061
496.700000000004,16.700000000004,22.405150287429,783.518263376831
496.750000000004,16.750000000004,22.393532991512,784.638230458803
496.800000000004,16.800000000004,22.381915695594,785.757616675981
496.850000000004,16.850000000004,22.370298399675,786.876422028363
496.900000000004,16.900000000004,22.358681103754,787.994646515949
496.950000000004,16.950000000004,22.347063807832,789.112290138739
497.000000000004,17.000000000004,22.335446511909,790.229352896731
497.025000000000,17.025000000000,22.329637863948,790.787666451340
497.050000000004,17.050000000004,22.323831771208,791.345834821869
497.100000000004,17.100000000004,22.312219585728,792.461736105793
497.150000000004,17.150000000004,22.300607400247,793.577056780442
497.200000000004,17.200000000004,22.288995214764,794.691796845818
497.250000000004,17.250000000004,22.277383029280,795.805956301918
497.300000000004,17.300000000004,22.265770843795,796.919535148745
497.350000000004,17.350000000004,22.254158658309,798.032533386298
497.400000000004,17.400000000004,22.242546472821,799.144951014577
497.450000000004,17.450000000004,22.230934287332,800.256788033581
497.500000000004,17.500000000004,22.219322101841,801.368044443309
497.550000000004,17.550000000004,22.207709916350,802.478720243764
497.600000000004,17.600000000004,22.196097730857,803.588815434944
497.650000000004,17.650000000004,22.184485545362,804.698330016850
497.700000000004,17.700000000004,22.172873359867,805.807263989481
497.750000000004,17.750000000004,22.161261174370,806.915617352836
497.800000000004,17.800000000004,22.149648988871,808.023390106917
497.850000000004,17.850000000004,22.138036803372,809.130582251724
497.900000000004,17.900000000004,22.126424617871,810.237193787255
497.950000000004,17.950000000004,22.114812432369,811.343224713511
498.000000000004,18.000000000004,22.103200246865,812.448675030491
498.025000000000,18.025000000000,22.097394154114,813.001182460415
498.050000000004,18.050000000004,22.092937430481,813.553561605311
498.100000000004,18.100000000004,22.084023983216,814.657985640654
498.150000000004,18.150000000004,22.075110535950,815.761964003633
498.200000000004,18.200000000004,22.066197088683,816.865496694249
498.250000000004,18.250000000004,22.057283641415,817.968583712501
498.300000000004,18.300000000004,22.048370194147,819.071225058390
498.350000000004,18.350000000004,22.039456746878,820.173420731916
498.400000000004,18.400000000004,22.030543299608,821.275170733078
498.450000000004,18.450000000004,22.021629852337,822.376475061877
498.500000000004,18.500000000004,22.012716405066,823.477333718311
498.550000000004,18.550000000004,22.003802957794,824.577746702383
498.600000000004,18.600000000004,21.994889510521,825.677714014091
498.650000000004,18.650000000004,21.985976063247,826.777235653436
498.700000000004,18.700000000004,21.977062615973,827.876311620416
498.750000000004,18.750000000004,21.968149168697,828.974941915032
498.800000000004,18.800000000004,21.959235721421,830.073126537285
498.850000000004,18.850000000004,21.950322274145,831.170865487175
498.900000000004,18.900000000004,21.941408826867,832.268158764700
498.950000000004,18.950000000004,21.932495379589,833.365006369862
499.000000000004,19.000000000004,21.923581932310,834.461408302658
499.025000000000,19.025000000000,21.919125208670,835.009442141833
499.050000000004,19.050000000004,21.915874082950,835.557379633066
499.100000000004,19.100000000004,21.909371831511,836.653010780928
499.150000000004,19.150000000004,21.902869580071,837.748316816218
499.200000000004,19.200000000004,21.896367328631,838.843297738936
499.250000000004,19.250000000004,21.889865077190,839.937953549080
499.300000000004,19.300000000004,21.883362825749,841.032284246654
499.350000000004,19.350000000004,21.876860574308,842.126289831656
499.400000000004,19.400000000004,21.870358322866,843.219970304085
499.450000000004,19.450000000004,21.863856071424,844.313325663943
499.500000000004,19.500000000004,21.857353819981,845.406355911227
499.550000000004,19.550000000004,21.850851568538,846.499061045940
499.600000000004,19.600000000004,21.844349317094,847.591441068081
499.650000000004,19.650000000004,21.837847065651,848.683495977650
499.700000000004,19.700000000004,21.831344814206,849.775225774647
499.750000000004,19.750000000004,21.824842562762,850.866630459070
499.800000000004,19.800000000004,21.818340311317,851.957710030922
499.850000000004,19.850000000004,21.811838059871,853.048464490202
499.900000000004,19.900000000004,21.805335808426,854.138893836910
499.950000000005,19.950000000005,21.798833556979,855.228998071066
500.000000000005,20.000000000005,21.792331305533,856.318777192629
500.025000000000,20.025000000000,21.789080179810,856.863544836086
500.050000000005,20.050000000005,21.785485870045,857.408226911819
500.100000000005,20.100000000005,21.778297250516,858.497321489834
500.150000000005,20.150000000005,21.771108630986,859.586056636870
500.200000000005,20.200000000005,21.763920011456,860.674432352931
500.250000000005,20.250000000005,21.756731391925,861.762448638016
500.300000000005,20.300000000005,21.749542772394,862.850105492124
500.350000000005,20.350000000005,21.742354152862,863.937402915256
500.400000000005,20.400000000005,21.735165533330,865.024340907410
500.450000000005,20.450000000005,21.727976913797,866.110919468588
500.500000000005,20.500000000005,21.720788294263,867.197138598790
500.550000000005,20.550000000005,21.713599674730,868.282998298015
500.600000000005,20.600000000005,21.706411055195,869.368498566263
500.650000000005,20.650000000005,21.699222435660,870.453639403534
500.700000000005,20.700000000005,21.692033816125,871.538420809829
500.750000000005,20.750000000005,21.684845196589,872.622842785147
500.800000000005,20.800000000005,21.677656577052,873.706905329488
500.850000000005,20.850000000005,21.670467957515,874.790608442852
500.900000000005,20.900000000005,21.663279337978,875.873952125239
500.950000000005,20.950000000005,21.656090718440,876.956936376649
501.000000000005,21.000000000005,21.648902098901,878.039561197083
501.025000000000,21.025000000000,21.645307789132,878.580738820575
501.050000000005,21.050000000005,21.641720477004,879.121826674011
501.100000000005,21.100000000005,21.634545852748,880.203733332255
501.150000000005,21.150000000005,21.627371228492,881.285281259285
501.200000000005,21.200000000005,21.620196604235,882.366470455103
501.250000000005,21.250000000005,21.613021979978,883.447300919709
501.300000000005,21.300000000005,21.605847355720,884.527772653101
501.350000000005,21.350000000005,21.598672731462,885.607885655281
501.400000000005,21.400000000005,21.591498107203,886.687639926247
501.450000000005,21.450000000005,21.584323482944,887.767035466001
501.500000000005,21.500000000005,21.577148858684,888.846072274542
501.550000000005,21.550000000005,21.569974234423,889.924750351870
501.600000000005,21.600000000005,21.562799610162,891.003069697984
501.650000000005,21.650000000005,21.555624985901,892.081030312885
501.700000000005,21.700000000005,21.548450361639,893.158632196574
501.750000000005,21.750000000005,21.541275737376,894.235875349049
501.800000000005,21.800000000005,21.534101113113,895.312759770312
501.850000000005,21.850000000005,21.526926488850,896.389285460361
501.900000000005,21.900000000005,21.519751864585,897.465452419196
501.950000000005,21.950000000005,21.512577240321,898.541260646819
502.000000000005,22.000000000005,21.505402616055,899.616710143228
502.025000000000,22.025000000000,21.501815303923,900.154300367120
502.050000000005,22.050000000005,21.498426493185,900.691803389692
502.100000000005,22.100000000005,21.491648871709,901.766555273815
502.150000000005,22.150000000005,21.484871250233,902.840968276862
502.200000000005,22.200000000005,21.478093628756,903.915042398837
502.250000000005,22.250000000005,21.471316007279,904.988777639738
502.300000000005,22.300000000005,21.464538385801,906.062173999566
502.350000000005,22.350000000005,21.457760764323,907.135231478319
502.400000000005,22.400000000005,21.450983142844,908.207950075997
502.450000000005,22.450000000005,21.444205521365,909.280329792603
502.500000000005,22.500000000005,21.437427899885,910.352370628134
502.550000000005,22.550000000005,21.430650278405,911.424072582592
502.600000000005,22.600000000005,21.423872656925,912.495435655975
502.650000000005,22.650000000005,21.417095035444,913.566459848283
502.700000000005,22.700000000005,21.410317413962,914.637145159519
502.750000000005,22.750000000005,21.403539792480,915.707491589680
502.800000000005,22.800000000005,21.396762170998,916.777499138767
502.850000000005,22.850000000005,21.389984549515,917.847167806780
502.900000000005,22.900000000005,21.383206928032,918.916497593718
502.950000000005,22.950000000005,21.376429306548,919.985488499583
503.000000000005,23.000000000005,21.369651685064,921.054140524373
503.025000000000,23.025000000000,21.366262874322,921.588339456258
503.050000000005,23.050000000005,21.362982386937,922.122455022132
503.100000000005,23.100000000005,21.356421412167,923.190440117110
503.150000000005,23.150000000005,21.349860437396,924.258097163348
503.200000000005,23.200000000005,21.343299462625,925.325426160848
503.250000000005,23.250000000005,21.336738487854,926.392427109611
503.300000000005,23.300000000005,21.330177513082,927.459100009634
503.350000000005,23.350000000005,21.323616538310,928.525444860919
503.400000000005,23.400000000005,21.317055563538,929.591461663465
503.450000000005,23.450000000005,21.310494588765,930.657150417272
503.500000000005,23.500000000005,21.303933613991,931.722511122342
503.550000000005,23.550000000005,21.297372639217,932.787543778672
503.600000000005,23.600000000005,21.290811664443,933.852248386264
503.650000000005,23.650000000005,21.284250689668,934.916624945115
503.700000000005,23.700000000005,21.277689714893,935.980673455230
503.750000000005,23.750000000005,21.271128740117,937.044393916605
503.800000000005,23.800000000005,21.264567765341,938.107786329242
503.850000000005,23.850000000005,21.258006790565,939.170850693140
503.900000000005,23.900000000005,21.251445815788,940.233587008298
503.950000000005,23.950000000005,21.244884841011,941.295995274718
504.000000000005,24.000000000005,21.238323866233,942.358075492399
504.025000000000,24.025000000000,21.235043378845,942.888992582856
504.050000000005,24.050000000005,21.231415663275,943.419823320990
504.100000000006,24.100000000006,21.224160232138,944.481212718396
504.150000000006,24.150000000006,21.216904801000,945.542239344224
504.200000000006,24.200000000006,21.209649369861,946.602903198496
504.250000000006,24.250000000006,21.202393938722,947.663204281211
504.300000000006,24.300000000006,21.195138507582,948.723142592367
504.350000000006,24.350000000006,21.187883076442,949.782718131968
504.400000000006,24.400000000006,21.180627645301,950.841930900012
504.450000000006,24.450000000006,21.173372214160,951.900780896499
504.500000000006,24.500000000006,21.166116783018,952.959268121429
504.550000000006,24.550000000006,21.158861351876,954.017392574800
504.600000000006,24.600000000006,21.151605920733,955.075154256615
504.650000000006,24.650000000006,21.144350489589,956.132553166874
504.700000000006,24.700000000006,21.137095058445,957.189589305575
504.750000000006,24.750000000006,21.129839627301,958.246262672719
504.800000000006,24.800000000006,21.122584196155,959.302573268304
504.850000000006,24.850000000006,21.115328765010,960.358521092333
504.900000000006,24.900000000006,21.108073333863,961.414106144805
504.950000000006,24.950000000006,21.100817902717,962.469328425720
505.000000000006,25.000000000006,21.093562471569,963.524187935078
505.025000000000,25.025000000000,21.089934755996,964.051481650294
505.050000000006,25.050000000006,21.085829507555,964.578678703715
505.100000000006,25.100000000006,21.077619010675,965.632764916671
505.150000000006,25.150000000006,21.069408513793,966.686440604783
505.200000000006,25.200000000006,21.061198016911,967.739705768051
505.250000000006,25.250000000006,21.052987520028,968.792560406475
505.300000000006,25.300000000006,21.044777023145,969.845004520053
505.350000000006,25.350000000006,21.036566526260,970.897038108789
505.400000000006,25.400000000006,21.028356029375,971.948661172680
505.450000000006,25.450000000006,21.020145532489,972.999873711727
505.500000000006,25.500000000006,21.011935035603,974.050675725929
505.550000000006,25.550000000006,21.003724538715,975.101067215286
505.600000000006,25.600000000006,20.995514041827,976.151048179800
505.650000000006,25.650000000006,20.987303544938,977.200618619470
505.700000000006,25.700000000006,20.979093048049,978.249778534295
505.750000000006,25.750000000006,20.970882551158,979.298527924275
505.800000000006,25.800000000006,20.962672054267,980.346866789410
505.850000000006,25.850000000006,20.954461557375,981.394795129701
505.900000000006,25.900000000006,20.946251060482,982.442312945148
505.950000000006,25.950000000006,20.938040563589,983.489420235750
506.000000000006,26.000000000006,20.929830066695,984.536117001507
506.025000000000,26.025000000000,20.925724818249,985.059311437442
506.050000000006,26.050000000006,20.922325683145,985.582412068835
506.100000000006,26.100000000006,20.915527412941,986.628358396238
506.150000000006,26.150000000006,20.908729142735,987.673964810130
506.200000000006,26.200000000006,20.901930872530,988.719231310512
506.250000000006,26.250000000006,20.895132602324,989.764157897383
506.300000000006,26.300000000006,20.888334332117,990.808744570744
506.350000000006,26.350000000006,20.881536061910,991.852991330594
506.400000000006,26.400000000006,20.874737791702,992.896898176935
506.450000000006,26.450000000006,20.867939521494,993.940465109765
506.500000000006,26.500000000006,20.861141251286,994.983692129085
506.550000000006,26.550000000006,20.854342981077,996.026579234893
506.600000000006,26.600000000006,20.847544710868,997.069126427192
506.650000000006,26.650000000006,20.840746440658,998.111333705980
506.700000000006,26.700000000006,20.833948170448,999.153201071258
506.750000000006,26.750000000006,20.827149900237,1000.194728523026
506.800000000006,26.800000000006,20.820351630026,1001.235916061281
506.850000000006,26.850000000006,20.813553359815,1002.276763686027
506.900000000006,26.900000000006,20.806755089603,1003.317271397263
506.950000000006,26.950000000006,20.799956819390,1004.357439194988
507.000000000006,27.000000000006,20.793158549177,1005.397267079203
507.025000000000,27.025000000000,20.789759414072,1005.917053553618
507.050000000006,27.050000000006,20.786653888225,1006.436758720021
507.100000000006,27.100000000006,20.780442836533,1007.475936138140
507.150000000006,27.150000000006,20.774231784841,1008.514803003675
507.200000000006,27.200000000006,20.768020733149,1009.553359316625
507.250000000006,27.250000000006,20.761809681456,1010.591605076990
507.300000000006,27.300000000006,20.755598629763,1011.629540284770
507.350000000006,27.350000000006,20.749387578069,1012.667164939966
507.400000000006,27.400000000006,20.743176526375,1013.704479042577
507.450000000006,27.450000000006,20.736965474681,1014.741482592604
507.500000000006,27.500000000006,20.730754422986,1015.778175590046
507.550000000006,27.550000000006,20.724543371291,1016.814558034902
507.600000000006,27.600000000006,20.718332319596,1017.850629927174
507.650000000006,27.650000000006,20.712121267900,1018.886391266862
507.700000000006,27.700000000006,20.705910216204,1019.921842053964
507.750000000006,27.750000000006,20.699699164508,1020.956982288483
507.800000000006,27.800000000006,20.693488112811,1021.991811970415
507.850000000006,27.850000000006,20.687277061114,1023.026331099763
507.900000000006,27.900000000006,20.681066009416,1024.060539676526
507.950000000006,27.950000000006,20.674854957718,1025.094437700705
508.000000000006,28.000000000006,20.668643906020,1026.128025172299
508.025000000000,28.025000000000,20.665538380171,1026.644702450751
508.050000000006,28.050000000006,20.662692744698,1027.161305339936
508.100000000006,28.100000000006,20.657001473753,1028.194297695397
508.150000000006,28.150000000006,20.651310202808,1029.227005487312
508.200000000006,28.200000000006,20.645618931862,1030.259428715678
508.250000000006,28.250000000006,20.639927660916,1031.291567380498
508.300000000006,28.300000000006,20.634236389970,1032.323421481769
508.350000000006,28.350000000006,20.628545119024,1033.354991019494
508.400000000006,28.400000000006,20.622853848077,1034.386275993672
508.450000000006,28.450000000006,20.617162577130,1035.417276404303
508.500000000006,28.500000000006,20.611471306182,1036.447992251386
508.550000000006,28.550000000006,20.605780035234,1037.478423534920
508.600000000006,28.600000000006,20.600088764286,1038.508570254908
508.650000000006,28.650000000006,20.594397493338,1039.538432411349
508.700000000006,28.700000000006,20.588706222389,1040.568010004243
508.750000000007,28.750000000007,20.583014951440,1041.597303033609
508.800000000007,28.800000000007,20.577323680491,1042.626311499407
508.850000000007,28.850000000007,20.571632409541,1043.655035401658
508.900000000007,28.900000000007,20.565941138592,1044.683474740362
508.950000000007,28.950000000007,20.560249867641,1045.711629515517
509.000000000007,29.000000000007,20.554558596691,1046.739499727125
509.025000000000,29.025000000000,20.551712961216,1047.253328121455
509.050000000007,29.050000000007,20.549245419034,1047.767090101352
509.100000000007,29.100000000007,20.544310334671,1048.794428995195
509.150000000007,29.150000000007,20.539375250308,1049.821521134820
509.200000000007,29.200000000007,20.534440165944,1050.848366520225
509.250000000007,29.250000000007,20.529505081581,1051.874965151414
509.300000000007,29.300000000007,20.524569997217,1052.901317028384
509.350000000007,29.350000000007,20.519634912853,1053.927422151136
509.400000000007,29.400000000007,20.514699828488,1054.953280519670
509.450000000007,29.450000000007,20.509764744124,1055.978892133984
509.500000000007,29.500000000007,20.504829659759,1057.004256994081
509.550000000007,29.550000000007,20.499894575394,1058.029375099960
509.600000000007,29.600000000007,20.494959491029,1059.054246451621
509.650000000007,29.650000000007,20.490024406663,1060.078871049064
509.700000000007,29.700000000007,20.485089322298,1061.103248892287
509.750000000007,29.750000000007,20.480154237932,1062.127379981293
509.800000000007,29.800000000007,20.475219153566,1063.151264316081
509.850000000007,29.850000000007,20.470284069200,1064.174901896650
509.900000000007,29.900000000007,20.465348984833,1065.198292723001
509.950000000007,29.950000000007,20.460413900466,1066.221436795133
510.000000000007,30.000000000007,20.455478816099,1067.244334113047
510.025000000000,30.025000000000,20.453011273917,1067.755690239029
510.050000000007,30.050000000007,20.450705264770,1068.266986695906
510.100000000007,30.100000000007,20.446093246479,1069.289406658688
510.150000000007,30.150000000007,20.441481228187,1070.311596020554
510.200000000007,30.200000000007,20.436869209895,1071.333554781505
510.250000000007,30.250000000007,20.432257191603,1072.355282941543
510.300000000007,30.300000000007,20.427645173311,1073.376780500666
510.350000000007,30.350000000007,20.423033155018,1074.398047458874
510.400000000007,30.400000000007,20.418421136726,1075.419083816168
510.450000000007,30.450000000007,20.413809118433,1076.439889572546
510.500000000007,30.500000000007,20.409197100140,1077.460464728010
510.550000000007,30.550000000007,20.404585081846,1078.480809282560
510.600000000007,30.600000000007,20.399973063553,1079.500923236196
510.650000000007,30.650000000007,20.395361045259,1080.520806588916
510.700000000007,30.700000000007,20.390749026966,1081.540459340721
510.750000000007,30.750000000007,20.386137008671,1082.559881491612
510.800000000007,30.800000000007,20.381524990377,1083.579073041589
510.850000000007,30.850000000007,20.376912972083,1084.598033990650
510.900000000007,30.900000000007,20.372300953788,1085.616764338797
510.950000000007,30.950000000007,20.367688935494,1086.635264086028
511.000000000007,31.000000000007,20.363076917199,1087.653533232346
511.025000000000,31.025000000000,20.360770908052,1088.162581330019
511.050000000007,31.050000000007,20.358378963025,1088.671570703550
511.100000000007,31.100000000007,20.353595072971,1089.689370054450
511.150000000007,31.150000000007,20.348811182917,1090.706930210848
511.200000000007,31.200000000007,20.344027292863,1091.724251172741
511.250000000007,31.250000000007,20.339243402809,1092.741332940133
511.300000000007,31.300000000007,20.334459512755,1093.758175513023
511.350000000007,31.350000000007,20.329675622700,1094.774778891409
511.400000000007,31.400000000007,20.324891732645,1095.791143075293
511.450000000007,31.450000000007,20.320107842591,1096.807268064673
511.500000000007,31.500000000007,20.315323952535,1097.823153859552
511.550000000007,31.550000000007,20.310540062480,1098.838800459927
511.600000000007,31.600000000007,20.305756172424,1099.854207865800
511.650000000007,31.650000000007,20.300972282368,1100.869376077170
511.700000000007,31.700000000007,20.296188392312,1101.884305094036
511.750000000007,31.750000000007,20.291404502256,1102.898994916401
511.800000000007,31.800000000007,20.286620612199,1103.913445544262
511.850000000007,31.850000000007,20.281836722143,1104.927656977621
511.900000000007,31.900000000007,20.277052832086,1105.941629216477
511.950000000007,31.950000000007,20.272268942028,1106.955362260829
512.000000000007,32.000000000007,20.267485051971,1107.968856110680
512.025000000000,32.025000000000,20.265093106943,1108.475513337524
512.050000000007,32.050000000007,20.262012929099,1108.982102163116
512.100000000007,32.100000000007,20.255852573413,1109.995048800678
512.150000000007,32.150000000007,20.249692217727,1111.007687420458
512.200000000007,32.200000000007,20.243531862041,1112.020018022451
512.250000000007,32.250000000007,20.237371506354,1113.032040606663
512.300000000007,32.300000000007,20.231211150666,1114.043755173087
512.350000000007,32.350000000007,20.225050794978,1115.055161721728
512.400000000007,32.400000000007,20.218890439290,1116.066260252586
512.450000000007,32.450000000007,20.212730083601,1117.077050765657
512.500000000007,32.500000000007,20.206569727912,1118.087533260946
512.550000000007,32.550000000007,20.200409372223,1119.097707738449
512.600000000007,32.600000000007,20.194249016533,1120.107574198167
512.650000000007,32.650000000007,20.188088660843,1121.117132640103
512.700000000007,32.700000000007,20.181928305152,1122.126383064252
512.750000000008,32.750000000008,20.175767949461,1123.135325470637
512.800000000007,32.800000000007,20.169607593770,1124.143959859198
512.850000000007,32.850000000007,20.163447238078,1125.152286229993
512.900000000008,32.900000000008,20.157286882386,1126.160304583027
512.950000000008,32.950000000008,20.151126526693,1127.168014918253
513.000000000008,33.000000000008,20.144966171000,1128.175417235694
513.025000000000,33.025000000000,20.141885993154,1128.679002887586
513.050000000007,33.050000000007,20.138882517524,1129.182512494111
513.100000000008,33.100000000008,20.132875566265,1130.189306446225
513.150000000008,33.150000000008,20.126868615006,1131.195800050758
513.200000000008,33.200000000008,20.120861663747,1132.201993307726
513.250000000008,33.250000000008,20.114854712487,1133.207886217131
513.300000000008,33.300000000008,20.108847761227,1134.213478778975
513.350000000008,33.350000000008,20.102840809966,1135.218770993254
513.400000000008,33.400000000008,20.096833858705,1136.223762859972
513.450000000008,33.450000000008,20.090826907444,1137.228454379125
513.500000000008,33.500000000008,20.084819956182,1138.232845550715
513.550000000008,33.550000000008,20.078813004920,1139.236936374744
513.600000000008,33.600000000008,20.072806053657,1140.240726851207
513.650000000008,33.650000000008,20.066799102394,1141.244216980110
513.700000000008,33.700000000008,20.060792151131,1142.247406761447
513.750000000008,33.750000000008,20.054785199867,1143.250296195221
513.800000000008,33.800000000008,20.048778248603,1144.252885281435
513.850000000008,33.850000000008,20.042771297339,1145.255174020082
513.900000000008,33.900000000008,20.036764346074,1146.257162411169
513.950000000008,33.950000000008,20.030757394809,1147.258850454690
514.000000000008,34.000000000008,20.024750443544,1148.260238150648
514.025000000000,34.025000000000,20.021746967912,1148.760819368131
514.050000000008,34.050000000008,20.018924622080,1149.261327763168
514.100000000008,34.100000000008,20.013279930419,1150.262132876979
514.150000000008,34.150000000008,20.007635238757,1151.262655756210
514.200000000008,34.200000000008,20.001990547094,1152.262896400855
514.250000000008,34.250000000008,19.996345855432,1153.262854810918
514.300000000008,34.300000000008,19.990701163769,1154.262530986399
514.350000000008,34.350000000008,19.985056472106,1155.261924927295
514.400000000008,34.400000000008,19.979411780442,1156.261036633610
514.450000000008,34.450000000008,19.973767088778,1157.259866105340
514.500000000008,34.500000000008,19.968122397114,1158.258413342486
514.550000000008,34.550000000008,19.962477705450,1159.256678345051
514.600000000008,34.600000000008,19.956833013785,1160.254661113031
514.650000000008,34.650000000008,19.951188322120,1161.252361646430
514.700000000008,34.700000000008,19.945543630454,1162.249779945244
514.750000000008,34.750000000008,19.939898938788,1163.246916009474
514.800000000008,34.800000000008,19.934254247122,1164.243769839123
514.850000000008,34.850000000008,19.928609555456,1165.240341434187
514.900000000008,34.900000000008,19.922964863789,1166.236630794669
514.950000000008,34.950000000008,19.917320172122,1167.232637920566
515.000000000008,35.000000000008,19.911675480455,1168.228362811880
515.025000000000,35.025000000000,19.908853134622,1168.726119419409
515.050000000008,35.050000000008,19.905671019241,1169.223800971493
515.100000000008,35.100000000008,19.899306788480,1170.218925416685
515.150000000008,35.150000000008,19.892942557719,1171.213731650341
515.200000000008,35.200000000008,19.886578326957,1172.208219672457
515.250000000008,35.250000000008,19.880214096195,1173.202389483035
515.300000000008,35.300000000008,19.873849865433,1174.196241082077
515.350000000008,35.350000000008,19.867485634670,1175.189774469579
515.400000000008,35.400000000008,19.861121403907,1176.182989645544
515.450000000008,35.450000000008,19.854757173143,1177.175886609970
515.500000000008,35.500000000008,19.848392942379,1178.168465362857
515.550000000008,35.550000000008,19.842028711614,1179.160725904208
515.600000000008,35.600000000008,19.835664480849,1180.152668234019
515.650000000008,35.650000000008,19.829300250084,1181.144292352294
515.700000000008,35.700000000008,19.822936019318,1182.135598259028
515.750000000008,35.750000000008,19.816571788552,1183.126585954224
515.800000000008,35.800000000008,19.810207557785,1184.117255437883
515.850000000008,35.850000000008,19.803843327018,1185.107606710003
515.900000000008,35.900000000008,19.797479096250,1186.097639770586
515.950000000008,35.950000000008,19.791114865482,1187.087354619628
516.000000000008,36.000000000008,19.784750634714,1188.076751257132
516.025000000000,36.025000000000,19.781568519330,1188.571330246400
516.050000000008,36.050000000008,19.778352107882,1189.065829254399
516.100000000008,36.100000000008,19.771919284987,1190.054586039220
516.150000000008,36.150000000008,19.765486462091,1191.043021182898
516.200000000008,36.200000000008,19.759053639195,1192.031134685429
516.250000000008,36.250000000008,19.752620816299,1193.018926546816
516.300000000008,36.300000000008,19.746187993402,1194.006396767060
516.350000000008,36.350000000008,19.739755170504,1194.993545346157
516.400000000008,36.400000000008,19.733322347606,1195.980372284111
516.450000000008,36.450000000008,19.726889524708,1196.966877580918
516.500000000008,36.500000000008,19.720456701809,1197.953061236580
516.550000000008,36.550000000008,19.714023878910,1198.938923251099
516.600000000008,36.600000000008,19.707591056010,1199.924463624471
516.650000000008,36.650000000008,19.701158233110,1200.909682356701
516.700000000008,36.700000000008,19.694725410210,1201.894579447783
516.750000000008,36.750000000008,19.688292587309,1202.879154897720
516.800000000008,36.800000000008,19.681859764407,1203.863408706514
516.850000000008,36.850000000008,19.675426941505,1204.847340874161
516.900000000008,36.900000000008,19.668994118603,1205.830951400665
516.950000000008,36.950000000008,19.662561295700,1206.814240286021
517.000000000008,37.000000000008,19.656128472797,1207.797207530233
517.025000000000,37.025000000000,19.652912061346,1208.288570536753
517.050000000008,37.050000000008,19.649880414881,1208.779855442864
517.100000000008,37.100000000008,19.643817121952,1209.762197881284
517.150000000008,37.150000000008,19.637753829022,1210.744237155060
517.200000000008,37.200000000008,19.631690536092,1211.725973264187
517.250000000008,37.250000000008,19.625627243162,1212.707406208667
517.300000000008,37.300000000008,19.619563950231,1213.688535988503
517.350000000009,37.350000000009,19.613500657300,1214.669362603711
517.400000000008,37.400000000008,19.607437364368,1215.649886054234
517.450000000008,37.450000000008,19.601374071436,1216.630106340128
517.500000000008,37.500000000008,19.595310778504,1217.610023461375
517.550000000009,37.550000000009,19.589247485571,1218.589637417999
517.600000000009,37.600000000009,19.583184192638,1219.568948209953
517.650000000008,37.650000000008,19.577120899705,1220.547955837243
517.700000000009,37.700000000009,19.571057606771,1221.526660299924
517.750000000009,37.750000000009,19.564994313837,1222.505061597938
517.800000000009,37.800000000009,19.558931020902,1223.483159731308
517.850000000009,37.850000000009,19.552867727967,1224.460954700029
517.900000000009,37.900000000009,19.546804435032,1225.438446504103
517.950000000009,37.950000000009,19.540741142096,1226.415635143533
518.000000000009,38.000000000009,19.534677849160,1227.392520618313
518.025000000000,38.025000000000,19.531646202693,1227.880849668785
518.050000000009,38.050000000009,19.529016850520,1228.369107957128
518.100000000009,38.100000000009,19.523758146175,1229.345427332044
518.150000000009,38.150000000009,19.518499441829,1230.321483771744
518.200000000009,38.200000000009,19.513240737484,1231.297277276228
518.250000000009,38.250000000009,19.507982033138,1232.272807845493
518.300000000009,38.300000000009,19.502723328792,1233.248075479542
518.350000000009,38.350000000009,19.497464624445,1234.223080178372
518.400000000009,38.400000000009,19.492205920099,1235.197821941985
518.450000000009,38.450000000009,19.486947215752,1236.172300770382
518.500000000009,38.500000000009,19.481688511405,1237.146516663561
518.550000000009,38.550000000009,19.476429807057,1238.120469621523
518.600000000009,38.600000000009,19.471171102709,1239.094159644267
518.650000000009,38.650000000009,19.465912398361,1240.067586731793
518.700000000009,38.700000000009,19.460653694013,1241.040750884103
518.750000000009,38.750000000009,19.455394989664,1242.013652101194
518.800000000009,38.800000000009,19.450136285315,1242.986290383070
518.850000000009,38.850000000009,19.444877580966,1243.958665729726
518.900000000009,38.900000000009,19.439618876617,1244.930778141165
518.950000000009,38.950000000009,19.434360172267,1245.902627617388
519.000000000009,39.000000000009,19.429101467917,1246.874214158392
519.025000000000,39.025000000000,19.426472115743,1247.359908828013
519.050000000009,39.050000000009,19.424040724175,1247.845540238688
519.100000000009,39.100000000009,19.419177941041,1248.816620705318
519.150000000009,39.150000000009,19.414315157907,1249.787458032790
519.200000000009,39.200000000009,19.409452374773,1250.758052221109
519.250000000009,39.250000000009,19.404589591638,1251.728403270268
519.300000000009,39.300000000009,19.399726808504,1252.698511180273
519.350000000009,39.350000000009,19.394864025369,1253.668375951119
519.400000000009,39.400000000009,19.390001242233,1254.637997582808
519.450000000009,39.450000000009,19.385138459098,1255.607376075343
519.500000000009,39.500000000009,19.380275675962,1256.576511428719
519.550000000009,39.550000000009,19.375412892826,1257.545403642940
519.600000000009,39.600000000009,19.370550109690,1258.514052718002
519.650000000009,39.650000000009,19.365687326553,1259.482458653907
519.700000000009,39.700000000009,19.360824543417,1260.450621450658
519.750000000009,39.750000000009,19.355961760280,1261.418541108249
519.800000000009,39.800000000009,19.351098977143,1262.386217626686
519.850000000009,39.850000000009,19.346236194005,1263.353651005964
519.900000000009,39.900000000009,19.341373410868,1264.320841246085
519.950000000009,39.950000000009,19.336510627730,1265.287788347051
520.000000000009,40.000000000009,19.331647844592,1266.254492308858
520.025000000000,40.025000000000,19.329216453023,1266.737753112404
520.050000000009,40.050000000009,19.326707038667,1267.220952156226
520.100000000009,40.100000000009,19.321688209954,1268.187162037440
520.150000000009,40.150000000009,19.316669381242,1269.153120977219
520.200000000009,40.200000000009,19.311650552529,1270.118828975565
520.250000000009,40.250000000009,19.306631723816,1271.084286032473
520.300000000009,40.300000000009,19.301612895103,1272.049492147947
520.350000000009,40.350000000009,19.296594066389,1273.014447321983
520.400000000009,40.400000000009,19.291575237676,1273.979151554584
520.450000000009,40.450000000009,19.286556408961,1274.943604845751
520.500000000009,40.500000000009,19.281537580247,1275.907807195481
520.550000000009,40.550000000009,19.276518751533,1276.871758603776
520.600000000009,40.600000000009,19.271499922818,1277.835459070634
520.650000000009,40.650000000009,19.266481094103,1278.798908596057
520.700000000009,40.700000000009,19.261462265387,1279.762107180045
520.750000000009,40.750000000009,19.256443436672,1280.725054822596
520.800000000009,40.800000000009,19.251424607956,1281.687751523713
520.850000000009,40.850000000009,19.246405779240,1282.650197283392
520.900000000009,40.900000000009,19.241386950524,1283.612392101635
520.950000000009,40.950000000009,19.236368121807,1284.574335978445
521.000000000009,41.000000000009,19.231349293090,1285.536028913816
521.025000000000,41.025000000000,19.228839878733,1286.016781278291
521.050000000009,41.050000000009,19.226459009670,1286.497472514570
521.100000000009,41.100000000009,19.221697271547,1287.458676421600
521.150000000009,41.150000000009,19.216935533423,1288.419642241723
521.200000000009,41.200000000009,19.212173795299,1289.380369974943
521.250000000009,41.250000000009,19.207412057175,1290.340859621253
521.300000000009,41.300000000009,19.202650319050,1291.301111180660
521.350000000009,41.350000000009,19.197888580925,1292.261124653159
521.400000000009,41.400000000009,19.193126842801,1293.220900038751
521.450000000009,41.450000000009,19.188365104675,1294.180437337440
521.500000000009,41.500000000009,19.183603366550,1295.139736549219
521.550000000010,41.550000000010,19.178841628424,1296.098797674113
521.600000000009,41.600000000009,19.174079890299,1297.057620712062
521.650000000009,41.650000000009,19.169318152173,1298.016205663123
521.700000000010,41.700000000010,19.164556414046,1298.974552527299
521.750000000010,41.750000000010,19.159794675920,1299.932661304548
521.800000000010,41.800000000010,19.155032937793,1300.890531994890
521.850000000009,41.850000000009,19.150271199666,1301.848164598308
521.900000000010,41.900000000010,19.145509461539,1302.805559114857
521.950000000010,41.950000000010,19.140747723411,1303.762715544482
522.000000000010,42.000000000010,19.135985985284,1304.719633887198
522.025000000000,42.025000000000,19.133605116221,1305.198003775775
522.050000000010,42.050000000010,19.131032485701,1305.676311745990
522.100000000010,42.100000000010,19.125887224664,1306.632734738751
522.150000000010,42.150000000010,19.120741963626,1307.588900468457
522.200000000010,42.200000000010,19.115596702587,1308.544808935114
522.250000000010,42.250000000010,19.110451441549,1309.500460138716
522.300000000010,42.300000000010,19.105306180510,1310.455854079267
522.350000000010,42.350000000010,19.100160919471,1311.410990756768
522.400000000010,42.400000000010,19.095015658432,1312.365870171214
522.450000000010,42.450000000010,19.089870397392,1313.320492322611
522.500000000010,42.500000000010,19.084725136353,1314.274857210954
522.550000000010,42.550000000010,19.079579875313,1315.228964836245
522.600000000010,42.600000000010,19.074434614272,1316.182815198486
522.650000000010,42.650000000010,19.069289353232,1317.136408297672
522.700000000010,42.700000000010,19.064144092191,1318.089744133809
522.750000000010,42.750000000010,19.058998831149,1319.042822706892
522.800000000010,42.800000000010,19.053853570108,1319.995644016922
522.850000000010,42.850000000010,19.048708309066,1320.948208063903
522.900000000010,42.900000000010,19.043563048024,1321.900514847829
522.950000000010,42.950000000010,19.038417786982,1322.852564368706
523.000000000010,43.000000000010,19.033272525939,1323.804356626528
523.025000000000,43.025000000000,19.030699895419,1324.280156281604
523.050000000010,43.050000000010,19.027673762239,1324.755885952515
523.100000000010,43.100000000010,19.021621495881,1325.707118333969
523.150000000010,43.150000000010,19.015569229522,1326.658048102103
523.200000000010,43.200000000010,19.009516963163,1327.608675256922
523.250000000010,43.250000000010,19.003464696804,1328.558999798420
523.300000000010,43.300000000010,18.997412430444,1329.509021726600
523.350000000010,43.350000000010,18.991360164084,1330.458741041465
523.400000000010,43.400000000010,18.985307897723,1331.408157743009
523.450000000010,43.450000000010,18.979255631362,1332.357271831238
523.500000000010,43.500000000010,18.973203365001,1333.306083306146
523.550000000010,43.550000000010,18.967151098639,1334.254592167736
523.600000000010,43.600000000010,18.961098832277,1335.202798416010
523.650000000010,43.650000000010,18.955046565915,1336.150702050964
523.700000000010,43.700000000010,18.948994299552,1337.098303072602
523.750000000010,43.750000000010,18.942942033188,1338.045601480920
523.800000000010,43.800000000010,18.936889766825,1338.992597275919
523.850000000010,43.850000000010,18.930837500461,1339.939290457603
523.900000000010,43.900000000010,18.924785234096,1340.885681025966
523.950000000010,43.950000000010,18.918732967731,1341.831768981013
524.000000000010,44.000000000010,18.912680701366,1342.777554322740
524.025000000000,44.025000000000,18.909654568184,1343.250333513419
524.050000000010,44.050000000010,18.907059249494,1343.723042436329
524.100000000010,44.100000000010,18.901868612115,1344.668265632871
524.150000000010,44.150000000010,18.896677974736,1345.613229297541
524.200000000010,44.200000000010,18.891487337357,1346.557933430345
524.250000000010,44.250000000010,18.886296699977,1347.502378031277
524.300000000010,44.300000000010,18.881106062598,1348.446563100341
524.350000000010,44.350000000010,18.875915425217,1349.390488637537
524.400000000010,44.400000000010,18.870724787837,1350.334154642863
524.450000000010,44.450000000010,18.865534150456,1351.277561116322
524.500000000010,44.500000000010,18.860343513075,1352.220708057909
524.550000000010,44.550000000010,18.855152875694,1353.163595467627
524.600000000010,44.600000000010,18.849962238313,1354.106223345479
524.650000000010,44.650000000010,18.844771600931,1355.048591691459
524.700000000010,44.700000000010,18.839580963549,1355.990700505572
524.750000000010,44.750000000010,18.834390326167,1356.932549787814
524.800000000010,44.800000000010,18.829199688784,1357.874139538187
524.850000000010,44.850000000010,18.824009051401,1358.815469756693
524.900000000010,44.900000000010,18.818818414018,1359.756540443328
524.950000000010,44.950000000010,18.813627776635,1360.697351598095
525.000000000010,45.000000000010,18.808437139251,1361.637903220992
525.025000000000,45.025000000000,18.805841820560,1362.108081707801
525.050000000010,45.050000000010,18.803197207594,1362.578194695840
525.100000000010,45.100000000010,18.797907981666,1363.518222325573
525.150000000010,45.150000000010,18.792618755736,1364.457985494007
525.200000000010,45.200000000010,18.787329529807,1365.397484201147
525.250000000010,45.250000000010,18.782040303877,1366.336718446988
525.300000000010,45.300000000010,18.776751077947,1367.275688231533
525.350000000010,45.350000000010,18.771461852017,1368.214393554784
525.400000000010,45.400000000010,18.766172626086,1369.152834416735
525.450000000010,45.450000000010,18.760883400155,1370.091010817393
525.500000000010,45.500000000010,18.755594174224,1371.028922756751
525.550000000010,45.550000000010,18.750304948293,1371.966570234813
525.600000000010,45.600000000010,18.745015722361,1372.903953251581
525.650000000010,45.650000000010,18.739726496429,1373.841071807050
525.700000000010,45.700000000010,18.734437270497,1374.777925901224
525.750000000010,45.750000000010,18.729148044564,1375.714515534100
525.800000000010,45.800000000010,18.723858818631,1376.650840705679
525.850000000010,45.850000000010,18.718569592698,1377.586901415963
525.900000000010,45.900000000010,18.713280366764,1378.522697664949
525.950000000010,45.950000000010,18.707991140831,1379.458229452640
526.000000000010,46.000000000010,18.702701914896,1380.393496779032
526.025000000000,46.025000000000,18.700057301930,1380.861031269055
526.050000000010,46.050000000010,18.697319662407,1381.328498481296
526.100000000010,46.100000000010,18.691844383362,1382.263227582441
526.150000000011,46.150000000011,18.686369104316,1383.197682919652
526.200000000010,46.200000000010,18.680893825270,1384.131864492874
526.250000000010,46.250000000010,18.675418546224,1385.065772302160
526.300000000010,46.300000000010,18.669943267178,1385.999406347494
526.350000000011,46.350000000011,18.664467988131,1386.932766628897
526.400000000011,46.400000000011,18.658992709084,1387.865853146327
526.450000000010,46.450000000010,18.653517430037,1388.798665899787
526.500000000011,46.500000000011,18.648042150989,1389.731204889331
526.550000000011,46.550000000011,18.642566871941,1390.663470114903
526.600000000011,46.600000000011,18.637091592893,1391.595461576525
526.650000000011,46.650000000011,18.631616313844,1392.527179274193
526.700000000011,46.700000000011,18.626141034796,1393.458623207908
526.750000000011,46.750000000011,18.620665755746,1394.389793377673
526.800000000011,46.800000000011,18.615190476697,1395.320689783483
526.850000000011,46.850000000011,18.609715197647,1396.251312425343
526.900000000011,46.900000000011,18.604239918597,1397.181661303248
526.950000000011,46.950000000011,18.598764639547,1398.111736417201
527.000000000011,47.000000000011,18.593289360496,1399.041537767204
527.025000000000,47.025000000000,18.590551720972,1399.506335780517
527.050000000011,47.050000000011,18.587845191036,1399.971065742121
527.100000000011,47.100000000011,18.582432131168,1400.900322675178
527.150000000011,47.150000000011,18.577019071300,1401.829308955239
527.200000000011,47.200000000011,18.571606011431,1402.758024582306
527.250000000011,47.250000000011,18.566192951561,1403.686469556382
527.300000000011,47.300000000011,18.560779891692,1404.614643877462
527.350000000011,47.350000000011,18.555366831822,1405.542547545552
527.400000000011,47.400000000011,18.549953771952,1406.470180560645
527.450000000011,47.450000000011,18.544540712082,1407.397542922745
527.500000000011,47.500000000011,18.539127652211,1408.324634631854
527.550000000011,47.550000000011,18.533714592340,1409.251455687966
527.600000000011,47.600000000011,18.528301532469,1410.178006091088
527.650000000011,47.650000000011,18.522888472598,1411.104285841214
527.700000000011,47.700000000011,18.517475412726,1412.030294938346
527.750000000011,47.750000000011,18.512062352854,1412.956033382487
527.800000000011,47.800000000011,18.506649292981,1413.881501173632
527.850000000011,47.850000000011,18.501236233109,1414.806698311785
527.900000000011,47.900000000011,18.495823173236,1415.731624796943
527.950000000011,47.950000000011,18.490410113363,1416.656280629107
528.000000000011,48.000000000011,18.484997053489,1417.580665808280
528.025000000000,48.025000000000,18.482290523553,1418.042756902789
528.050000000011,48.050000000011,18.479386729447,1418.504777868654
528.100000000011,48.100000000011,18.473579141237,1419.428602015423
528.150000000011,48.150000000011,18.467771553027,1420.352135782779
528.200000000011,48.200000000011,18.461963964816,1421.275379170724
528.250000000011,48.250000000011,18.456156376605,1422.198332179260
528.300000000011,48.300000000011,18.450348788393,1423.120994808384
528.350000000011,48.350000000011,18.444541200181,1424.043367058100
528.400000000011,48.400000000011,18.438733611969,1424.965448928403
528.450000000011,48.450000000011,18.432926023757,1425.887240419295
528.500000000011,48.500000000011,18.427118435544,1426.808741530779
528.550000000011,48.550000000011,18.421310847331,1427.729952262850
528.600000000011,48.600000000011,18.415503259118,1428.650872615513
528.650000000011,48.650000000011,18.409695670904,1429.571502588763
528.700000000011,48.700000000011,18.403888082690,1430.491842182601
528.750000000011,48.750000000011,18.398080494475,1431.411891397032
528.800000000011,48.800000000011,18.392272906260,1432.331650232049
528.850000000011,48.850000000011,18.386465318045,1433.251118687658
528.900000000011,48.900000000011,18.380657729830,1434.170296763854
528.950000000011,48.950000000011,18.374850141614,1435.089184460639
529.000000000011,49.000000000011,18.369042553398,1436.007781778016
529.025000000000,49.025000000000,18.366138759291,1436.466971544221
529.050000000011,49.050000000011,18.363189226867,1436.926088144251
529.100000000011,49.100000000011,18.357290162023,1437.844100128974
529.150000000011,49.150000000011,18.351391097178,1438.761817160453
529.200000000011,49.200000000011,18.345492032332,1439.679239238690
529.250000000011,49.250000000011,18.339592967486,1440.596366363687
529.300000000011,49.300000000011,18.333693902640,1441.513198535439
529.350000000011,49.350000000011,18.327794837794,1442.429735753951
529.400000000011,49.400000000011,18.321895772947,1443.345978019219
529.450000000011,49.450000000011,18.315996708100,1444.261925331245
529.500000000011,49.500000000011,18.310097643252,1445.177577690030
529.550000000011,49.550000000011,18.304198578404,1446.092935095570
529.600000000011,49.600000000011,18.298299513556,1447.007997547870
529.650000000011,49.650000000011,18.292400448708,1447.922765046926
529.700000000011,49.700000000011,18.286501383859,1448.837237592740
529.750000000011,49.750000000011,18.280602319009,1449.751415185313
529.800000000011,49.800000000011,18.274703254160,1450.665297824641
529.850000000011,49.850000000011,18.268804189310,1451.578885510729
529.900000000011,49.900000000011,18.262905124460,1452.492178243573
529.950000000011,49.950000000011,18.257006059609,1453.405176023173
530.000000000011,50.000000000011,18.251106994758,1454.317878849534
530.025000000000,50.025000000000,18.248157462334,1454.774119655046
530.050000000011,50.050000000011,18.245338657294,1455.230288356742
530.100000000011,50.100000000011,18.239701047217,1456.142414349356
530.150000000011,50.150000000011,18.234063437140,1457.054258461464
530.200000000011,50.200000000011,18.228425827062,1457.965820693068
530.250000000011,50.250000000011,18.222788216984,1458.877101044171
530.300000000011,50.300000000011,18.217150606906,1459.788099514767
530.350000000012,50.350000000012,18.211512996827,1460.698816104878
530.400000000011,50.400000000011,18.205875386748,1461.609250814450
530.450000000011,50.450000000011,18.200237776669,1462.519403643535
530.500000000012,50.500000000012,18.194600166589,1463.429274592136
530.550000000012,50.550000000012,18.188962556509,1464.338863660213
530.600000000012,50.600000000012,18.183324946429,1465.248170847786
530.650000000011,50.650000000011,18.177687336349,1466.157196154838
530.700000000012,50.700000000012,18.172049726268,1467.065939581421
530.750000000012,50.750000000012,18.166412116186,1467.974401127484
530.800000000012,50.800000000012,18.160774506105,1468.882580793040
530.850000000012,50.850000000012,18.155136896023,1469.790478578092
530.900000000012,50.900000000012,18.149499285941,1470.698094482643
530.950000000012,50.950000000012,18.143861675859,1471.605428506687
531.000000000012,51.000000000012,18.138224065776,1472.512480650229
531.025000000000,51.025000000000,18.135405260736,1472.965901016591
531.050000000012,51.050000000012,18.132752241210,1473.419252985584
531.100000000012,51.100000000012,18.127446202160,1474.325757946667
531.150000000012,51.150000000012,18.122140163110,1475.231997605800
531.200000000012,51.200000000012,18.116834124060,1476.137971962979
531.250000000012,51.250000000012,18.111528085009,1477.043681018207
531.300000000012,51.300000000012,18.106222045958,1477.949124771480
531.350000000012,51.350000000012,18.100916006907,1478.854303222801
531.400000000012,51.400000000012,18.095609967856,1479.759216372171
531.450000000012,51.450000000012,18.090303928804,1480.663864219587
531.500000000012,51.500000000012,18.084997889752,1481.568246765052
531.550000000012,51.550000000012,18.079691850700,1482.472364008562
531.600000000012,51.600000000012,18.074385811648,1483.376215950120
531.650000000012,51.650000000012,18.069079772595,1484.279802589727
531.700000000012,51.700000000012,18.063773733542,1485.183123927380
531.750000000012,51.750000000012,18.058467694489,1486.086179963082
531.800000000012,51.800000000012,18.053161655435,1486.988970696829
531.850000000012,51.850000000012,18.047855616381,1487.891496128624
531.900000000012,51.900000000012,18.042549577327,1488.793756258468
531.950000000012,51.950000000012,18.037243538273,1489.695751086357
532.000000000012,52.000000000012,18.031937499218,1490.597480612295
532.025000000000,52.025000000000,18.029284479692,1491.048245886814
532.050000000012,52.050000000012,18.026856869530,1491.498947653896
532.100000000012,52.100000000012,18.022001649208,1492.400169116864
532.150000000012,52.150000000012,18.017146428887,1493.301147818818
532.200000000012,52.200000000012,18.012291208565,1494.201883759753
532.250000000012,52.250000000012,18.007435988242,1495.102376939674
532.300000000012,52.300000000012,18.002580767920,1496.002627358577
532.350000000012,52.350000000012,17.997725547597,1496.902635016465
532.400000000012,52.400000000012,17.992870327274,1497.802399913337
532.450000000012,52.450000000012,17.988015106951,1498.701922049192
532.500000000012,52.500000000012,17.983159886628,1499.601201424033
532.550000000012,52.550000000012,17.978304666305,1500.500238037856
532.600000000012,52.600000000012,17.973449445981,1501.399031890662
532.650000000012,52.650000000012,17.968594225657,1502.297582982454
532.700000000012,52.700000000012,17.963739005333,1503.195891313228
532.750000000012,52.750000000012,17.958883785008,1504.093956882988
532.800000000012,52.800000000012,17.954028564684,1504.991779691729
532.850000000012,52.850000000012,17.949173344359,1505.889359739454
532.900000000012,52.900000000012,17.944318124034,1506.786697026165
532.950000000012,52.950000000012,17.939462903708,1507.683791551858
533.000000000012,53.000000000012,17.934607683383,1508.580643316537
533.025000000000,53.025000000000,17.932180073221,1509.028978163278
533.050000000012,53.050000000012,17.929792530786,1509.477252821044
533.100000000012,53.100000000012,17.925017445918,1510.373623070460
533.150000000012,53.150000000012,17.920242361050,1511.269754565636
533.200000000012,53.200000000012,17.915467276181,1512.165647306566
533.250000000012,53.250000000012,17.910692191312,1513.061301293254
533.300000000012,53.300000000012,17.905917106443,1513.956716525697
533.350000000012,53.350000000012,17.901142021574,1514.851893003897
533.400000000012,53.400000000012,17.896366936705,1515.746830727855
533.450000000012,53.450000000012,17.891591851835,1516.641529697568
533.500000000012,53.500000000012,17.886816766965,1517.535989913039
533.550000000012,53.550000000012,17.882041682095,1518.430211374265
533.600000000012,53.600000000012,17.877266597225,1519.324194081247
533.650000000012,53.650000000012,17.872491512355,1520.217938033988
533.700000000012,53.700000000012,17.867716427484,1521.111443232483
533.750000000012,53.750000000012,17.862941342613,1522.004709676737
533.800000000012,53.800000000012,17.858166257742,1522.897737366745
533.850000000012,53.850000000012,17.853391172871,1523.790526302509
533.900000000012,53.900000000012,17.848616087999,1524.683076484032
533.950000000012,53.950000000012,17.843841003128,1525.575387911309
534.000000000012,54.000000000012,17.839065918256,1526.467460584345
534.025000000000,54.025000000000,17.836678375821,1526.913407387806
534.050000000012,54.050000000012,17.834309659833,1527.359294738466
534.100000000012,54.100000000012,17.829572227860,1528.250891785657
534.150000000012,54.150000000012,17.824834795887,1529.142251961252
534.200000000012,54.200000000012,17.820097363913,1530.033375265246
534.250000000012,54.250000000012,17.815359931939,1530.924261697644
534.300000000012,54.300000000012,17.810622499965,1531.814911258441
534.350000000012,54.350000000012,17.805885067991,1532.705323947639
534.400000000012,54.400000000012,17.801147636016,1533.595499765240
534.450000000012,54.450000000012,17.796410204042,1534.485438711241
534.500000000012,54.500000000012,17.791672772067,1535.375140785645
534.550000000012,54.550000000012,17.786935340092,1536.264605988448
534.600000000012,54.600000000012,17.782197908117,1537.153834319652
534.650000000012,54.650000000012,17.777460476141,1538.042825779260
534.700000000012,54.700000000012,17.772723044166,1538.931580367267
534.750000000012,54.750000000012,17.767985612190,1539.820098083677
534.800000000012,54.800000000012,17.763248180214,1540.708378928486
534.850000000012,54.850000000012,17.758510748237,1541.596422901697
534.900000000012,54.900000000012,17.753773316261,1542.484230003310
534.950000000013,54.950000000013,17.749035884284,1543.371800233341
535.000000000012,55.000000000012,17.744298452307,1544.259133591739
535.025000000000,55.025000000000,17.741929736320,1544.702711443883
535.050000000012,55.050000000012,17.739312494660,1545.146226971983
535.100000000012,55.100000000012,17.734078011342,1546.033061734632
535.150000000013,55.150000000013,17.728843528023,1546.919634773136
535.200000000013,55.200000000013,17.723609044705,1547.805946087453
535.250000000012,55.250000000012,17.718374561386,1548.691995677589
535.300000000013,55.300000000013,17.713140078067,1549.577783543592
535.350000000013,55.350000000013,17.707905594747,1550.463309685412
535.400000000013,55.400000000013,17.702671111428,1551.348574103068
535.450000000013,55.450000000013,17.697436628108,1552.233576796555
535.500000000013,55.500000000013,17.692202144788,1553.118317765877
535.550000000013,55.550000000013,17.686967661467,1554.002797011035
535.600000000013,55.600000000013,17.681733178147,1554.887014532024
535.650000000013,55.650000000013,17.676498694826,1555.770970328850
535.700000000013,55.700000000013,17.671264211505,1556.654664401507
535.750000000013,55.750000000013,17.666029728183,1557.538096749998
535.800000000013,55.800000000013,17.660795244862,1558.421267374326
535.850000000013,55.850000000013,17.655560761540,1559.304176274485
535.900000000013,55.900000000013,17.650326278218,1560.186823450480
535.950000000013,55.950000000013,17.645091794896,1561.069208902307
536.000000000013,56.000000000013,17.639857311573,1561.951332629968
536.025000000000,56.025000000000,17.637240069913,1562.392296347007
536.050000000013,56.050000000013,17.634015162833,1562.833187037647
536.100000000013,56.100000000013,17.627565348676,1563.714726550434
536.150000000013,56.150000000013,17.621115534519,1564.595943572515
536.200000000013,56.200000000013,17.614665720362,1565.476838103886
536.250000000013,56.250000000013,17.608215906204,1566.357410144549
536.300000000013,56.300000000013,17.601766092045,1567.237659694507
536.350000000013,56.350000000013,17.595316277886,1568.117586753754
536.400000000013,56.400000000013,17.588866463727,1568.997191322296
536.450000000013,56.450000000013,17.582416649568,1569.876473400127
536.500000000013,56.500000000013,17.575966835408,1570.755432987251
536.550000000013,56.550000000013,17.569517021248,1571.634070083668
536.600000000013,56.600000000013,17.563067207087,1572.512384689376
536.650000000013,56.650000000013,17.556617392926,1573.390376804377
536.700000000013,56.700000000013,17.550167578764,1574.268046428669
536.750000000013,56.750000000013,17.543717764603,1575.145393562252
536.800000000013,56.800000000013,17.537267950440,1576.022418205129
536.850000000013,56.850000000013,17.530818136278,1576.899120357297
536.900000000013,56.900000000013,17.524368322115,1577.775500018758
536.950000000013,56.950000000013,17.517918507951,1578.651557189508
537.000000000013,57.000000000013,17.511468693787,1579.527291869551
537.025000000000,57.025000000000,17.508243786707,1579.965038275330
537.050000000013,57.050000000013,17.505304459480,1580.402707628636
537.100000000013,57.100000000013,17.499425805029,1581.277825885248
537.150000000013,57.150000000013,17.493547150578,1582.152650209139
537.200000000013,57.200000000013,17.487668496126,1583.027180600306
537.250000000013,57.250000000013,17.481789841675,1583.901417058750
537.300000000013,57.300000000013,17.475911187222,1584.775359584474
537.350000000013,57.350000000013,17.470032532770,1585.649008177473
537.400000000013,57.400000000013,17.464153878317,1586.522362837751
537.450000000013,57.450000000013,17.458275223864,1587.395423565305
537.500000000013,57.500000000013,17.452396569411,1588.268190360136
537.550000000013,57.550000000013,17.446517914957,1589.140663222247
537.600000000013,57.600000000013,17.440639260503,1590.012842151632
537.650000000013,57.650000000013,17.434760606049,1590.884727148297
537.700000000013,57.700000000013,17.428881951594,1591.756318212237
537.750000000013,57.750000000013,17.423003297140,1592.627615343455
537.800000000013,57.800000000013,17.417124642685,1593.498618541952
537.850000000013,57.850000000013,17.411245988229,1594.369327807724
537.900000000013,57.900000000013,17.405367333773,1595.239743140775
537.950000000013,57.950000000013,17.399488679317,1596.109864541101
538.000000000013,58.000000000013,17.393610024861,1596.979692008705
538.025000000000,58.025000000000,17.390670697634,1597.414495517510
538.050000000013,58.050000000013,17.387663062944,1597.849224689745
538.100000000013,58.100000000013,17.381647793567,1598.718457461157
538.150000000013,58.150000000013,17.375632524189,1599.587389469102
538.200000000013,58.200000000013,17.369617254812,1600.456020713576
538.250000000013,58.250000000013,17.363601985434,1601.324351194582
538.300000000013,58.300000000013,17.357586716055,1602.192380912120
538.350000000013,58.350000000013,17.351571446676,1603.060109866187
538.400000000013,58.400000000013,17.345556177297,1603.927538056788
538.450000000013,58.450000000013,17.339540907918,1604.794665483917
538.500000000013,58.500000000013,17.333525638538,1605.661492147578
538.550000000013,58.550000000013,17.327510369158,1606.528018047772
538.600000000013,58.600000000013,17.321495099778,1607.394243184495
538.650000000013,58.650000000013,17.315479830397,1608.260167557750
538.700000000013,58.700000000013,17.309464561017,1609.125791167535
538.750000000013,58.750000000013,17.303449291635,1609.991114013850
538.800000000013,58.800000000013,17.297434022254,1610.856136096699
538.850000000013,58.850000000013,17.291418752872,1611.720857416076
538.900000000013,58.900000000013,17.285403483490,1612.585277971986
538.950000000013,58.950000000013,17.279388214108,1613.449397764426
539.000000000013,59.000000000013,17.273372944725,1614.313216793396
539.025000000000,59.025000000000,17.270365310035,1614.745013521356
539.050000000013,59.050000000013,17.267381926341,1615.176735362036
539.100000000013,59.100000000013,17.261415158955,1616.039955289168
539.150000000014,59.150000000014,17.255448391569,1616.902876877948
539.200000000013,59.200000000013,17.249481624182,1617.765500128325
539.250000000013,59.250000000013,17.243514856796,1618.627825040349
539.300000000014,59.300000000014,17.237548089409,1619.489851614023
539.350000000014,59.350000000014,17.231581322021,1620.351579849308
539.400000000014,59.400000000014,17.225614554634,1621.213009746223
539.450000000013,59.450000000013,17.219647787246,1622.074141304754
539.500000000014,59.500000000014,17.213681019858,1622.934974524948
539.550000000014,59.550000000014,17.207714252469,1623.795509406757
539.600000000014,59.600000000014,17.201747485080,1624.655745950195
539.650000000014,59.650000000014,17.195780717691,1625.515684155264
539.700000000014,59.700000000014,17.189813950302,1626.375324021965
539.750000000014,59.750000000014,17.183847182912,1627.234665550294
539.800000000014,59.800000000014,17.177880415522,1628.093708740256
539.850000000014,59.850000000014,17.171913648132,1628.952453591847
539.900000000014,59.900000000014,17.165946880741,1629.810900105068
539.950000000014,59.950000000014,17.159980113350,1630.669048279922
540.000000000014,60.000000000014,17.154013345959,1631.526898116404
540.025000000000,60.025000000000,17.151029962265,1631.955711157516
540.050000000014,60.050000000014,17.148179273915,1632.384451273210
540.100000000014,60.100000000014,17.142477897218,1633.241717702487
540.150000000014,60.150000000014,17.136776520520,1634.098699062930
540.200000000014,60.200000000014,17.131075143822,1634.955395354540
540.250000000014,60.250000000014,17.125373767124,1635.811806577313
540.300000000014,60.300000000014,17.119672390426,1636.667932731253
540.350000000014,60.350000000014,17.113971013727,1637.523773816356
540.400000000014,60.400000000014,17.108269637029,1638.379329832624
540.450000000014,60.450000000014,17.102568260329,1639.234600780059
540.500000000014,60.500000000014,17.096866883630,1640.089586658657
540.550000000014,60.550000000014,17.091165506930,1640.944287468422
540.600000000014,60.600000000014,17.085464130230,1641.798703209351
540.650000000014,60.650000000014,17.079762753530,1642.652833881444
540.700000000014,60.700000000014,17.074061376829,1643.506679484704
540.750000000014,60.750000000014,17.068360000129,1644.360240019127
540.800000000014,60.800000000014,17.062658623428,1645.213515484717
540.850000000014,60.850000000014,17.056957246726,1646.066505881470
540.900000000014,60.900000000014,17.051255870025,1646.919211209389
540.950000000014,60.950000000014,17.045554493323,1647.771631468473
541.000000000014,61.000000000014,17.039853116621,1648.623766658721
541.025000000000,61.025000000000,17.037002428271,1649.049727352794
541.050000000014,61.050000000014,17.034445301721,1649.475620449658
541.100000000014,61.100000000014,17.029331048624,1650.327214858416
541.150000000014,61.150000000014,17.024216795527,1651.178553554519
541.200000000014,61.200000000014,17.019102542429,1652.029636537969
541.250000000014,61.250000000014,17.013988289332,1652.880463808762
541.300000000014,61.300000000014,17.008874036234,1653.731035366903
541.350000000014,61.350000000014,17.003759783136,1654.581351212386
541.400000000014,61.400000000014,16.998645530038,1655.431411345215
541.450000000014,61.450000000014,16.993531276939,1656.281215765390
541.500000000014,61.500000000014,16.988417023840,1657.130764472909
541.550000000014,61.550000000014,16.983302770741,1657.980057467775
541.600000000014,61.600000000014,16.978188517642,1658.829094749984
541.650000000014,61.650000000014,16.973074264543,1659.677876319538
541.700000000014,61.700000000014,16.967960011443,1660.526402176438
541.750000000014,61.750000000014,16.962845758343,1661.374672320682
541.800000000014,61.800000000014,16.957731505243,1662.222686752273
541.850000000014,61.850000000014,16.952617252143,1663.070445471207
541.900000000014,61.900000000014,16.947502999043,1663.917948477486
541.950000000014,61.950000000014,16.942388745942,1664.765195771112
542.000000000014,62.000000000014,16.937274492841,1665.612187352080
542.025000000000,62.025000000000,16.934717366292,1666.035587250082
542.050000000014,62.050000000014,16.932163938164,1666.458923266626
542.100000000014,62.100000000014,16.927057081909,1667.305403792127
542.150000000014,62.150000000014,16.921950225655,1668.151628974816
542.200000000014,62.200000000014,16.916843369400,1668.997598814693
542.250000000014,62.250000000014,16.911736513145,1669.843313311756
542.300000000014,62.300000000014,16.906629656890,1670.688772466008
542.350000000014,62.350000000014,16.901522800635,1671.533976277445
542.400000000014,62.400000000014,16.896415944379,1672.378924746070
542.450000000014,62.450000000014,16.891309088123,1673.223617871884
542.500000000014,62.500000000014,16.886202231867,1674.068055654883
542.550000000014,62.550000000014,16.881095375611,1674.912238095071
542.600000000014,62.600000000014,16.875988519354,1675.756165192444
542.650000000014,62.650000000014,16.870881663097,1676.599836947004
542.700000000014,62.700000000014,16.865774806840,1677.443253358754
542.750000000014,62.750000000014,16.860667950583,1678.286414427689
542.800000000014,62.800000000014,16.855561094326,1679.129320153813
542.850000000014,62.850000000014,16.850454238068,1679.971970537122
542.900000000014,62.900000000014,16.845347381811,1680.814365577618
542.950000000014,62.950000000014,16.840240525553,1681.656505275304
543.000000000014,63.000000000014,16.835133669294,1682.498389630174
543.025000000000,63.025000000000,16.832580241167,1682.919236053819
543.050000000014,63.050000000014,16.829950036919,1683.340017682532
543.100000000014,63.100000000014,16.824689628426,1684.181383674165
543.150000000014,63.150000000014,16.819429219932,1685.022486645373
543.200000000014,63.200000000014,16.814168811439,1685.863326596158
543.250000000014,63.250000000014,16.808908402945,1686.703903526517
543.300000000014,63.300000000014,16.803647994451,1687.544217436453
543.350000000014,63.350000000014,16.798387585957,1688.384268325962
543.400000000014,63.400000000014,16.793127177463,1689.224056195047
543.450000000014,63.450000000014,16.787866768968,1690.063581043709
543.500000000014,63.500000000014,16.782606360473,1690.902842871945
543.550000000014,63.550000000014,16.777345951978,1691.741841679757
543.600000000014,63.600000000014,16.772085543483,1692.580577467143
543.650000000014,63.650000000014,16.766825134987,1693.419050234104
543.700000000014,63.700000000014,16.761564726491,1694.257259980642
543.750000000015,63.750000000015,16.756304317995,1695.095206706770
543.800000000014,63.800000000014,16.751043909499,1695.932890412442
543.850000000014,63.850000000014,16.745783501003,1696.770311097704
543.900000000014,63.900000000014,16.740523092506,1697.607468762541
543.950000000015,63.950000000015,16.735262684009,1698.444363406972
544.000000000015,64.000000000015,16.730002275512,1699.280995030959
544.025000000000,64.025000000000,16.727372071265,1699.699212210042
544.050000000014,64.050000000014,16.724649130550,1700.117362475300
544.100000000015,64.100000000015,16.719203249125,1700.953458784809
544.150000000015,64.150000000015,16.713757367699,1701.789282800228
544.200000000015,64.200000000015,16.708311486273,1702.624834521579
544.250000000015,64.250000000015,16.702865604847,1703.460113948856
544.300000000015,64.300000000015,16.697419723420,1704.295121082062
544.350000000015,64.350000000015,16.691973841994,1705.129855921198
544.400000000015,64.400000000015,16.686527960567,1705.964318466262
544.450000000015,64.450000000015,16.681082079139,1706.798508717255
544.500000000015,64.500000000015,16.675636197712,1707.632426674176
544.550000000015,64.550000000015,16.670190316284,1708.466072337025
544.600000000015,64.600000000015,16.664744434856,1709.299445705805
544.650000000015,64.650000000015,16.659298553428,1710.132546780511
544.700000000015,64.700000000015,16.653852672000,1710.965375561148
544.750000000015,64.750000000015,16.648406790571,1711.797932047711
544.800000000015,64.800000000015,16.642960909142,1712.630216240203
544.850000000015,64.850000000015,16.637515027713,1713.462228138626
544.900000000015,64.900000000015,16.632069146284,1714.293967742975
544.950000000015,64.950000000015,16.626623264854,1715.125435053255
545.000000000015,65.000000000015,16.621177383424,1715.956630069461
545.025000000000,65.025000000000,16.618454442711,1716.372125467038
545.050000000015,65.050000000015,16.615271515977,1716.787547041770
545.100000000015,65.100000000015,16.608905662512,1717.618151471234
545.150000000015,65.150000000015,16.602539809048,1718.448437608022
545.200000000015,65.200000000015,16.596173955582,1719.278405452139
545.250000000015,65.250000000015,16.589808102117,1720.108055003581
545.300000000015,65.300000000015,16.583442248651,1720.937386262349
545.350000000015,65.350000000015,16.577076395185,1721.766399228446
545.400000000015,65.400000000015,16.570710541718,1722.595093901868
545.450000000015,65.450000000015,16.564344688251,1723.423470282618
545.500000000015,65.500000000015,16.557978834784,1724.251528370693
545.550000000015,65.550000000015,16.551612981316,1725.079268166095
545.600000000015,65.600000000015,16.545247127848,1725.906689668825
545.650000000015,65.650000000015,16.538881274380,1726.733792878880
545.700000000015,65.700000000015,16.532515420911,1727.560577796264
545.750000000015,65.750000000015,16.526149567442,1728.387044420972
545.800000000015,65.800000000015,16.519783713972,1729.213192753006
545.850000000015,65.850000000015,16.513417860503,1730.039022792369
545.900000000015,65.900000000015,16.507052007033,1730.864534539057
545.950000000015,65.950000000015,16.500686153562,1731.689727993073
546.000000000015,66.000000000015,16.494320300091,1732.514603154413
546.025000000000,66.025000000000,16.491137373358,1732.926921375084
546.050000000015,66.050000000015,16.487608422200,1733.339155697775
546.100000000015,66.100000000015,16.480550519888,1734.163359671328
546.150000000015,66.150000000015,16.473492617576,1734.987210749764
546.200000000015,66.200000000015,16.466434715263,1735.810708933086
546.250000000015,66.250000000015,16.459376812950,1736.633854221291
546.300000000015,66.300000000015,16.452318910637,1737.456646614380
546.350000000015,66.350000000015,16.445261008323,1738.279086112355
546.400000000015,66.400000000015,16.438203106009,1739.101172715213
546.450000000015,66.450000000015,16.431145203694,1739.922906422956
546.500000000015,66.500000000015,16.424087301379,1740.744287235583
546.550000000015,66.550000000015,16.417029399063,1741.565315153093
546.600000000015,66.600000000015,16.409971496747,1742.385990175489
546.650000000015,66.650000000015,16.402913594431,1743.206312302768
546.700000000015,66.700000000015,16.395855692114,1744.026281534933
546.750000000015,66.750000000015,16.388797789796,1744.845897871980
546.800000000015,66.800000000015,16.381739887479,1745.665161313911
546.850000000015,66.850000000015,16.374681985161,1746.484071860728
546.900000000015,66.900000000015,16.367624082842,1747.302629512427
546.950000000015,66.950000000015,16.360566180523,1748.120834269012
547.000000000015,67.000000000015,16.353508278203,1748.938686130480
547.025000000000,67.025000000000,16.349979327046,1749.347479725300
547.050000000015,67.050000000015,16.346748882727,1749.756188828167
547.100000000015,67.100000000015,16.340287994093,1750.573364750088
547.150000000015,67.150000000015,16.333827105459,1751.390217627576
547.200000000015,67.200000000015,16.327366216824,1752.206747460635
547.250000000015,67.250000000015,16.320905328189,1753.022954249259
547.300000000015,67.300000000015,16.314444439554,1753.838837993452
547.350000000015,67.350000000015,16.307983550918,1754.654398693215
547.400000000015,67.400000000015,16.301522662282,1755.469636348545
547.450000000015,67.450000000015,16.295061773646,1756.284550959444
547.500000000015,67.500000000015,16.288600885010,1757.099142525909
547.550000000015,67.550000000015,16.282139996373,1757.913411047943
547.600000000015,67.600000000015,16.275679107735,1758.727356525547
547.650000000015,67.650000000015,16.269218219098,1759.540978958717
547.700000000015,67.700000000015,16.262757330460,1760.354278347457
547.750000000015,67.750000000015,16.256296441822,1761.167254691763
547.800000000015,67.800000000015,16.249835553183,1761.979907991638
547.850000000015,67.850000000015,16.243374664544,1762.792238247082
547.900000000015,67.900000000015,16.236913775905,1763.604245458093
547.950000000016,67.950000000016,16.230452887265,1764.415929624688
548.000000000015,68.000000000015,16.223991998625,1765.227290746820
548.025000000000,68.025000000000,16.220761554307,1765.632850165987
548.050000000015,68.050000000015,16.217835941256,1766.038332634925
548.100000000016,68.100000000016,16.211984715156,1766.849078151353
548.150000000016,68.150000000016,16.206133489056,1767.659531106458
548.200000000016,68.200000000016,16.200282262956,1768.469691500257
548.250000000015,68.250000000015,16.194431036856,1769.279559332737
548.300000000016,68.300000000016,16.188579810755,1770.089134603943
548.350000000016,68.350000000016,16.182728584654,1770.898417313829
548.400000000016,68.400000000016,16.176877358553,1771.707407462409
548.450000000016,68.450000000016,16.171026132452,1772.516105049683
548.500000000016,68.500000000016,16.165174906350,1773.324510075654
548.550000000016,68.550000000016,16.159323680249,1774.132622540318
548.600000000016,68.600000000016,16.153472454146,1774.940442443679
548.650000000016,68.650000000016,16.147621228044,1775.747969785733
548.700000000016,68.700000000016,16.141770001941,1776.555204566482
548.750000000016,68.750000000016,16.135918775838,1777.362146785928
548.800000000016,68.800000000016,16.130067549735,1778.168796444066
548.850000000016,68.850000000016,16.124216323632,1778.975153540902
548.900000000016,68.900000000016,16.118365097528,1779.781218076430
548.950000000016,68.950000000016,16.112513871424,1780.586990050653
549.000000000016,69.000000000016,16.106662645320,1781.392469463573
549.025000000000,69.025000000000,16.103737032270,1781.795099459284
549.050000000016,69.050000000016,16.101030901316,1782.197659058712
549.100000000016,69.100000000016,16.095618639412,1783.002575297231
549.150000000016,69.150000000016,16.090206377507,1783.807220922653
549.200000000016,69.200000000016,16.084794115602,1784.611595934980
549.250000000016,69.250000000016,16.079381853697,1785.415700334214
549.300000000016,69.300000000016,16.073969591792,1786.219534120350
549.350000000016,69.350000000016,16.068557329886,1787.023097293393
549.400000000016,69.400000000016,16.063145067981,1787.826389853339
549.450000000016,69.450000000016,16.057732806075,1788.629411800190
549.500000000016,69.500000000016,16.052320544169,1789.432163133947
549.550000000016,69.550000000016,16.046908282262,1790.234643854607
549.600000000016,69.600000000016,16.041496020356,1791.036853962174
549.650000000016,69.650000000016,16.036083758449,1791.838793456643
549.700000000016,69.700000000016,16.030671496542,1792.640462338017
549.750000000016,69.750000000016,16.025259234635,1793.441860606298
549.800000000016,69.800000000016,16.019846972728,1794.242988261481
549.850000000016,69.850000000016,16.014434710820,1795.043845303571
549.900000000016,69.900000000016,16.009022448912,1795.844431732563
549.950000000016,69.950000000016,16.003610187004,1796.644747548461
550.000000000016,70.000000000016,15.998197925096,1797.444792751264
550.025000000000,70.025000000000,15.995491794143,1797.844713872498
550.050000000016,70.050000000016,15.992945295279,1798.244569336372
550.100000000016,70.100000000016,15.987852297553,1799.044089276194
550.150000000016,70.150000000016,15.982759299827,1799.843354566128
550.200000000016,70.200000000016,15.977666302101,1800.642365206175
550.250000000016,70.250000000016,15.972573304374,1801.441121196338
550.300000000016,70.300000000016,15.967480306648,1802.239622536613
550.350000000016,70.350000000016,15.962387308921,1803.037869227003
550.400000000016,70.400000000016,15.957294311194,1803.835861267505
550.450000000016,70.450000000016,15.952201313467,1804.633598658121
550.500000000016,70.500000000016,15.947108315739,1805.431081398852
550.550000000016,70.550000000016,15.942015318012,1806.228309489695
550.600000000016,70.600000000016,15.936922320284,1807.025282930654
550.650000000016,70.650000000016,15.931829322556,1807.822001721724
550.700000000016,70.700000000016,15.926736324828,1808.618465862908
550.750000000016,70.750000000016,15.921643327100,1809.414675354207
550.800000000016,70.800000000016,15.916550329371,1810.210630195618
550.850000000016,70.850000000016,15.911457331643,1811.006330387145
550.900000000016,70.900000000016,15.906364333914,1811.801775928783
550.950000000016,70.950000000016,15.901271336185,1812.596966820535
551.000000000016,71.000000000016,15.896178338455,1813.391903062402
551.025000000000,71.025000000000,15.893631839592,1813.789275689373
551.050000000016,71.050000000016,15.891224505500,1814.186586393941
551.100000000016,71.100000000016,15.886409837318,1814.981027252512
551.150000000016,71.150000000016,15.881595169136,1815.775227377673
551.200000000016,71.200000000016,15.876780500954,1816.569186769424
551.250000000016,71.250000000016,15.871965832772,1817.362905427769
551.300000000016,71.300000000016,15.867151164589,1818.156383352702
551.350000000016,71.350000000016,15.862336496407,1818.949620544228
551.400000000016,71.400000000016,15.857521828224,1819.742617002343
551.450000000016,71.450000000016,15.852707160041,1820.535372727049
551.500000000016,71.500000000016,15.847892491858,1821.327887718347
551.550000000016,71.550000000016,15.843077823674,1822.120161976235
551.600000000016,71.600000000016,15.838263155491,1822.912195500715
551.650000000016,71.650000000016,15.833448487307,1823.703988291784
551.700000000016,71.700000000016,15.828633819123,1824.495540349444
551.750000000016,71.750000000016,15.823819150939,1825.286851673697
551.800000000016,71.800000000016,15.819004482755,1826.077922264539
551.850000000016,71.850000000016,15.814189814571,1826.868752121973
551.900000000016,71.900000000016,15.809375146386,1827.659341245996
551.950000000016,71.950000000016,15.804560478202,1828.449689636610
552.000000000016,72.000000000016,15.799745810017,1829.239797293816
552.025000000000,72.025000000000,15.797338475926,1829.634760847137
552.050000000016,72.050000000016,15.794985885519,1830.029664901908
552.100000000016,72.100000000016,15.790280704708,1830.819296566665
552.150000000016,72.150000000016,15.785575523896,1831.608692972379
552.200000000016,72.200000000016,15.780870343084,1832.397854119053
552.250000000016,72.250000000016,15.776165162272,1833.186780006688
552.300000000016,72.300000000016,15.771459981460,1833.975470635280
552.350000000016,72.350000000016,15.766754800648,1834.763926004834
552.400000000016,72.400000000016,15.762049619836,1835.552146115346
552.450000000016,72.450000000016,15.757344439023,1836.340130966816
552.500000000016,72.500000000016,15.752639258211,1837.127880559248
552.550000000017,72.550000000017,15.747934077398,1837.915394892654
552.600000000016,72.600000000016,15.743228896585,1838.702673966988
552.650000000016,72.650000000016,15.738523715772,1839.489717782297
552.700000000016,72.700000000016,15.733818534959,1840.276526338564
552.750000000017,72.750000000017,15.729113354145,1841.063099635809
552.800000000017,72.800000000017,15.724408173331,1841.849437673995
552.850000000016,72.850000000016,15.719702992518,1842.635540453126
552.900000000017,72.900000000017,15.714997811704,1843.421407973247
552.950000000017,72.950000000017,15.710292630890,1844.207040234311
553.000000000017,73.000000000017,15.705587450075,1844.992437236336
553.025000000000,73.025000000000,15.703234859670,1845.385047514940
553.050000000017,73.050000000017,15.700911692735,1845.777599347113
553.100000000017,73.100000000017,15.696265358870,1846.562528773402
553.150000000017,73.150000000017,15.691619025004,1847.347225883000
553.200000000017,73.200000000017,15.686972691138,1848.131690675903
553.250000000017,73.250000000017,15.682326357272,1848.915923152114
553.300000000017,73.300000000017,15.677680023405,1849.699923311630
553.350000000017,73.350000000017,15.673033689539,1850.483691154453
553.400000000017,73.400000000017,15.668387355672,1851.267226680584
553.450000000017,73.450000000017,15.663741021805,1852.050529890021
553.500000000017,73.500000000017,15.659094687938,1852.833600782765
553.550000000017,73.550000000017,15.654448354071,1853.616439358815
553.600000000017,73.600000000017,15.649802020204,1854.399045618171
553.650000000017,73.650000000017,15.645155686337,1855.181419560836
553.700000000017,73.700000000017,15.640509352469,1855.963561186805
553.750000000017,73.750000000017,15.635863018601,1856.745470496083
553.800000000017,73.800000000017,15.631216684733,1857.527147488666
553.850000000017,73.850000000017,15.626570350865,1858.308592164555
553.900000000017,73.900000000017,15.621924016997,1859.089804523752
553.950000000017,73.950000000017,15.617277683129,1859.870784566255
554.000000000017,74.000000000017,15.612631349260,1860.651532292066
554.025000000000,74.025000000000,15.610308182327,1861.041819035944
554.050000000017,74.050000000017,15.608005899230,1861.432047962229
554.100000000017,74.100000000017,15.603401333038,1862.212333143035
554.150000000017,74.150000000017,15.598796766846,1862.992388095533
554.200000000017,74.200000000017,15.594192200654,1863.772212819720
554.250000000017,74.250000000017,15.589587634461,1864.551807315599
554.300000000017,74.300000000017,15.584983068269,1865.331171583167
554.350000000017,74.350000000017,15.580378502076,1866.110305622425
554.400000000017,74.400000000017,15.575773935884,1866.889209433375
554.450000000017,74.450000000017,15.571169369691,1867.667883016014
554.500000000017,74.500000000017,15.566564803497,1868.446326370344
554.550000000017,74.550000000017,15.561960237304,1869.224539496364
554.600000000017,74.600000000017,15.557355671111,1870.002522394074
554.650000000017,74.650000000017,15.552751104917,1870.780275063475
554.700000000017,74.700000000017,15.548146538723,1871.557797504566
554.750000000017,74.750000000017,15.543541972530,1872.335089717348
554.800000000017,74.800000000017,15.538937406335,1873.112151701819
554.850000000017,74.850000000017,15.534332840141,1873.888983457980
554.900000000017,74.900000000017,15.529728273947,1874.665584985833
554.950000000017,74.950000000017,15.525123707752,1875.441956285375
555.000000000017,75.000000000017,15.520519141558,1876.218097356609
555.025000000000,75.025000000000,15.518216858462,1876.606081556344
555.050000000017,75.050000000017,15.515847726746,1876.994007363924
555.100000000017,75.100000000017,15.511109463317,1877.769681293674
555.150000000017,75.150000000017,15.506371199888,1878.545118310256
555.200000000017,75.200000000017,15.501632936459,1879.320318413664
555.250000000017,75.250000000017,15.496894673029,1880.095281603902
555.300000000017,75.300000000017,15.492156409600,1880.870007880967
555.350000000017,75.350000000017,15.487418146170,1881.644497244860
555.400000000017,75.400000000017,15.482679882740,1882.418749695584
555.450000000017,75.450000000017,15.477941619310,1883.192765233135
555.500000000017,75.500000000017,15.473203355880,1883.966543857516
555.550000000017,75.550000000017,15.468465092450,1884.740085568723
555.600000000017,75.600000000017,15.463726829019,1885.513390366759
555.650000000017,75.650000000017,15.458988565588,1886.286458251626
555.700000000017,75.700000000017,15.454250302157,1887.059289223319
555.750000000017,75.750000000017,15.449512038726,1887.831883281842
555.800000000017,75.800000000017,15.444773775295,1888.604240427191
555.850000000017,75.850000000017,15.440035511864,1889.376360659370
555.900000000017,75.900000000017,15.435297248432,1890.148243978378
555.950000000017,75.950000000017,15.430558985000,1890.919890384213
556.000000000017,76.000000000017,15.425820721568,1891.691299876878
556.025000000000,76.025000000000,15.423451589854,1892.076915780508
556.050000000017,76.050000000017,15.420945125468,1892.462470739712
556.100000000017,76.100000000017,15.415932196699,1893.233392672765
556.150000000017,76.150000000017,15.410919267930,1894.004063959382
556.200000000017,76.200000000017,15.405906339161,1894.774484599558
556.250000000017,76.250000000017,15.400893410392,1895.544654593298
556.300000000017,76.300000000017,15.395880481622,1896.314573940598
556.350000000017,76.350000000017,15.390867552853,1897.084242641459
556.400000000017,76.400000000017,15.385854624083,1897.853660695884
556.450000000017,76.450000000017,15.380841695313,1898.622828103868
556.500000000017,76.500000000017,15.375828766542,1899.391744865415
556.550000000017,76.550000000017,15.370815837772,1900.160410980523
556.600000000017,76.600000000017,15.365802909001,1900.928826449191
556.650000000017,76.650000000017,15.360789980230,1901.696991271423
556.700000000017,76.700000000017,15.355777051459,1902.464905447215
556.750000000018,76.750000000018,15.350764122688,1903.232568976583
556.800000000017,76.800000000017,15.345751193917,1903.999981859484
556.850000000017,76.850000000017,15.340738265145,1904.767144095960
556.900000000018,76.900000000018,15.335725336373,1905.534055686014
556.950000000018,76.950000000018,15.330712407601,1906.300716629613
557.000000000018,77.000000000018,15.325699478829,1907.067126926773
557.025000000000,77.025000000000,15.323193014444,1907.450238082663
557.050000000017,77.050000000017,15.320642110163,1907.833286021982
557.100000000018,77.100000000018,15.315540301603,1908.599190582291
557.150000000018,77.150000000018,15.310438493043,1909.364840052158
557.200000000018,77.200000000018,15.305336684482,1910.130234431595
557.250000000018,77.250000000018,15.300234875922,1910.895373720605
557.300000000018,77.300000000018,15.295133067361,1911.660257919188
557.350000000018,77.350000000018,15.290031258801,1912.424887027341
557.400000000018,77.400000000018,15.284929450240,1913.189261045068
557.450000000018,77.450000000018,15.279827641678,1913.953379972365
557.500000000018,77.500000000018,15.274725833117,1914.717243809234
557.550000000018,77.550000000018,15.269624024555,1915.480852555677
557.600000000018,77.600000000018,15.264522215994,1916.244206211690
557.650000000018,77.650000000018,15.259420407432,1917.007304777277
557.700000000018,77.700000000018,15.254318598869,1917.770148252434
557.750000000018,77.750000000018,15.249216790307,1918.532736637163
557.800000000018,77.800000000018,15.244114981744,1919.295069931465
557.850000000018,77.850000000018,15.239013173181,1920.057148135337
557.900000000018,77.900000000018,15.233911364618,1920.818971248784
557.950000000018,77.950000000018,15.228809556055,1921.580539271800
558.000000000018,78.000000000018,15.223707747492,1922.341852204388
558.025000000000,78.025000000000,15.221156843212,1922.722413011498
558.050000000018,78.050000000018,15.218561497974,1923.102909491037
558.100000000018,78.100000000018,15.213370807501,1923.863707798673
558.150000000018,78.150000000018,15.208180117028,1924.624246571788
558.200000000018,78.200000000018,15.202989426554,1925.384525810377
558.250000000018,78.250000000018,15.197798736081,1926.144545514442
558.300000000018,78.300000000018,15.192608045607,1926.904305683985
558.350000000018,78.350000000018,15.187417355133,1927.663806319003
558.400000000018,78.400000000018,15.182226664659,1928.423047419499
558.450000000018,78.450000000018,15.177035974185,1929.182028985469
558.500000000018,78.500000000018,15.171845283710,1929.940751016916
558.550000000018,78.550000000018,15.166654593236,1930.699213513840
558.600000000018,78.600000000018,15.161463902761,1931.457416476240
558.650000000018,78.650000000018,15.156273212286,1932.215359904117
558.700000000018,78.700000000018,15.151082521810,1932.973043797469
558.750000000018,78.750000000018,15.145891831335,1933.730468156296
558.800000000018,78.800000000018,15.140701140859,1934.487632980602
558.850000000018,78.850000000018,15.135510450383,1935.244538270383
558.900000000018,78.900000000018,15.130319759907,1936.001184025641
558.950000000018,78.950000000018,15.125129069431,1936.757570246374
559.000000000018,79.000000000018,15.119938378954,1937.513696932583
559.025000000000,79.025000000000,15.117343033718,1937.891662949969
559.050000000018,79.050000000018,15.114909647488,1938.269566108757
559.100000000018,79.100000000018,15.110042875032,1939.025189921819
559.150000000018,79.150000000018,15.105176102576,1939.780570396261
559.200000000018,79.200000000018,15.100309330120,1940.535707532077
559.250000000018,79.250000000018,15.095442557664,1941.290601329271
559.300000000018,79.300000000018,15.090575785207,1942.045251787844
559.350000000018,79.350000000018,15.085709012750,1942.799658907792
559.400000000018,79.400000000018,15.080842240294,1943.553822689119
559.450000000018,79.450000000018,15.075975467837,1944.307743131822
559.500000000018,79.500000000018,15.071108695379,1945.061420235902
559.550000000018,79.550000000018,15.066241922922,1945.814854001360
559.600000000018,79.600000000018,15.061375150464,1946.568044428194
559.650000000018,79.650000000018,15.056508378007,1947.320991516407
559.700000000018,79.700000000018,15.051641605549,1948.073695265995
559.750000000018,79.750000000018,15.046774833091,1948.826155676961
559.800000000018,79.800000000018,15.041908060632,1949.578372749305
559.850000000018,79.850000000018,15.037041288174,1950.330346483024
559.900000000018,79.900000000018,15.032174515715,1951.082076878123
559.950000000018,79.950000000018,15.027307743256,1951.833563934596
560.000000000018,80.000000000018,15.022440970797,1952.584807652447
560.025000000000,80.025000000000,15.020007584570,1952.960338259119
560.050000000018,80.050000000018,15.017699951643,1953.335809603593
560.100000000018,80.100000000018,15.013084685792,1954.086579219528
560.150000000018,80.150000000018,15.008469419941,1954.837118072172
560.200000000018,80.200000000018,15.003854154090,1955.587426161522
560.250000000018,80.250000000018,14.999238888239,1956.337503487580
560.300000000018,80.300000000018,14.994623622388,1957.087350050347
560.350000000018,80.350000000018,14.990008356536,1957.836965849819
560.400000000018,80.400000000018,14.985393090685,1958.586350886001
560.450000000018,80.450000000018,14.980777824833,1959.335505158888
560.500000000018,80.500000000018,14.976162558981,1960.084428668483
560.550000000018,80.550000000018,14.971547293129,1960.833121414786
560.600000000018,80.600000000018,14.966932027277,1961.581583397796
560.650000000018,80.650000000018,14.962316761424,1962.329814617514
560.700000000018,80.700000000018,14.957701495572,1963.077815073939
560.750000000018,80.750000000018,14.953086229719,1963.825584767070
560.800000000018,80.800000000018,14.948470963866,1964.573123696911
560.850000000018,80.850000000018,14.943855698013,1965.320431863457
560.900000000018,80.900000000018,14.939240432160,1966.067509266713
560.950000000018,80.950000000018,14.934625166307,1966.814355906674
561.000000000018,81.000000000018,14.930009900453,1967.560971783342
561.025000000000,81.025000000000,14.927702267528,1967.934193185173
561.050000000018,81.050000000018,14.925526064791,1968.307358539597
561.100000000018,81.100000000018,14.921173659321,1969.053526032699
561.150000000018,81.150000000018,14.916821253850,1969.799475905529
561.200000000018,81.200000000018,14.912468848380,1970.545208158084
561.250000000018,81.250000000018,14.908116442909,1971.290722790366
561.300000000018,81.300000000018,14.903764037438,1972.036019802375
561.350000000019,81.350000000019,14.899411631966,1972.781099194125
561.400000000018,81.400000000018,14.895059226495,1973.525960965572
561.450000000018,81.450000000018,14.890706821024,1974.270605116760
561.500000000018,81.500000000018,14.886354415552,1975.015031647673
561.550000000019,81.550000000019,14.882002010080,1975.759240558330
561.600000000019,81.600000000019,14.877649604608,1976.503231848697
561.650000000018,81.650000000018,14.873297199136,1977.247005518776
561.700000000019,81.700000000019,14.868944793664,1977.990561568611
561.750000000019,81.750000000019,14.864592388192,1978.733899998157
561.800000000019,81.800000000019,14.860239982719,1979.477020807430
561.850000000019,81.850000000019,14.855887577247,1980.219923996429
561.900000000019,81.900000000019,14.851535171774,1980.962609565154
561.950000000019,81.950000000019,14.847182766301,1981.705077513607
562.000000000019,82.000000000019,14.842830360828,1982.447327841784
562.025000000000,82.025000000000,14.840654158093,1982.818371397989
562.050000000019,82.050000000019,14.838510896526,1983.189360961454
562.100000000019,82.100000000019,14.834224373395,1983.931179343202
562.150000000019,82.150000000019,14.829937850264,1984.672783398793
562.200000000019,82.200000000019,14.825651327133,1985.414173128229
562.250000000019,82.250000000019,14.821364804001,1986.155348531506
562.300000000019,82.300000000019,14.817078280869,1986.896309608629
562.350000000019,82.350000000019,14.812791757738,1987.637056359594
562.400000000019,82.400000000019,14.808505234606,1988.377588784401
562.450000000019,82.450000000019,14.804218711474,1989.117906883055
562.500000000019,82.500000000019,14.799932188341,1989.858010655549
562.550000000019,82.550000000019,14.795645665209,1990.597900101889
562.600000000019,82.600000000019,14.791359142077,1991.337575222070
562.650000000019,82.650000000019,14.787072618944,1992.077036016095
562.700000000019,82.700000000019,14.782786095811,1992.816282483965
562.750000000019,82.750000000019,14.778499572678,1993.555314625677
562.800000000019,82.800000000019,14.774213049545,1994.294132441233
562.850000000019,82.850000000019,14.769926526412,1995.032735930631
562.900000000019,82.900000000019,14.765640003279,1995.771125093873
562.950000000019,82.950000000019,14.761353480145,1996.509299930960
563.000000000019,83.000000000019,14.757066957012,1997.247260441888
563.025000000000,83.025000000000,14.754923695447,1997.616160324763
563.050000000019,83.050000000019,14.752882050641,1997.985007896871
563.100000000019,83.100000000019,14.748798761034,1998.722549917162
563.150000000019,83.150000000019,14.744715471427,1999.459887772973
563.200000000019,83.200000000019,14.740632181819,2000.197021464305
563.250000000019,83.250000000019,14.736548892212,2000.933950991155
563.300000000019,83.300000000019,14.732465602604,2001.670676353527
563.350000000019,83.350000000019,14.728382312996,2002.407197551416
563.400000000019,83.400000000019,14.724299023389,2003.143514584825
563.450000000019,83.450000000019,14.720215733780,2003.879627453755
563.500000000019,83.500000000019,14.716132444172,2004.615536158203
563.550000000019,83.550000000019,14.712049154564,2005.351240698173
563.600000000019,83.600000000019,14.707965864955,2006.086741073660
563.650000000019,83.650000000019,14.703882575347,2006.822037284667
563.700000000019,83.700000000019,14.699799285738,2007.557129331195
563.750000000019,83.750000000019,14.695715996129,2008.292017213241
563.800000000019,83.800000000019,14.691632706520,2009.026700930808
563.850000000019,83.850000000019,14.687549416911,2009.761180483893
563.900000000019,83.900000000019,14.683466127302,2010.495455872498
563.950000000019,83.950000000019,14.679382837693,2011.229527096624
564.000000000019,84.000000000019,14.675299548083,2011.963394156268
564.025000000000,84.025000000000,14.673257903280,2012.330251124131
564.050000000019,84.050000000019,14.671219571349,2012.697057092844
564.100000000019,84.100000000019,14.667142907490,2013.430516154814
564.150000000019,84.150000000019,14.663082653816,2014.163771793846
564.200000000019,84.200000000019,14.659047640878,2014.896825051214
564.250000000019,84.250000000019,14.655012627939,2015.629676557934
564.300000000019,84.300000000019,14.650977615000,2016.362326314008
564.350000000019,84.350000000019,14.646942602061,2017.094774319434
564.400000000019,84.400000000019,14.642907589122,2017.827020574213
564.450000000019,84.450000000019,14.638872576183,2018.559065078347
564.500000000019,84.500000000019,14.634837563244,2019.290907831832
564.550000000019,84.550000000019,14.630802550305,2020.022548834672
564.600000000019,84.600000000019,14.626767537365,2020.753988086863
564.650000000019,84.650000000019,14.622732524426,2021.485225588407
564.700000000019,84.700000000019,14.618697511486,2022.216261339306
564.750000000019,84.750000000019,14.614662498546,2022.947095339556
564.800000000019,84.800000000019,14.610627485606,2023.677727589161
564.850000000019,84.850000000019,14.606592472666,2024.408158088117
564.900000000019,84.900000000019,14.602557459726,2025.138386836426
564.950000000019,84.950000000019,14.598550286734,2025.868414530089
565.000000000019,85.000000000019,14.594548425563,2026.598241997895
565.025000000000,85.025000000000,14.592547494979,2026.963080696625
565.050000000019,85.050000000019,14.590550762934,2027.327869425127
565.100000000019,85.100000000019,14.586557298847,2028.057297126671
565.150000000019,85.150000000019,14.582563834761,2028.786525155010
565.200000000019,85.200000000019,14.578570370673,2029.515553510147
565.250000000019,85.250000000019,14.574576906586,2030.244382192078
565.300000000019,85.300000000019,14.570583442499,2030.973011200806
565.350000000020,85.350000000020,14.566589978412,2031.701440536343
565.400000000019,85.400000000019,14.562596514324,2032.429670198646
565.450000000019,85.450000000019,14.558603050237,2033.157700187761
565.500000000020,85.500000000020,14.554609586149,2033.885530503685
565.550000000020,85.550000000020,14.550616122061,2034.613161146389
565.600000000020,85.600000000020,14.546622657973,2035.340592115891
565.650000000019,85.650000000019,14.542629193885,2036.067823412172
565.700000000020,85.700000000020,14.538635729797,2036.794855035280
565.750000000020,85.750000000020,14.534642265709,2037.521686985167
565.800000000020,85.800000000020,14.530648801620,2038.248319261849
565.850000000020,85.850000000020,14.526655337532,2038.974751865329
565.900000000020,85.900000000020,14.522661873443,2039.700984795603
565.950000000020,85.950000000020,14.518668409355,2040.427018052674
566.000000000020,86.000000000020,14.514674945266,2041.152851636539
566.025000000000,86.025000000000,14.512678213223,2041.515693550729
566.050000000020,86.050000000020,14.510746489338,2041.878486359801
566.100000000020,86.100000000020,14.506883041572,2042.603927098075
566.150000000020,86.150000000020,14.503019593806,2043.329174663959
566.200000000020,86.200000000020,14.499156146039,2044.054229057456
566.250000000020,86.250000000020,14.495299158003,2044.779090440056
566.300000000020,86.300000000020,14.491453955983,2045.503759267905
566.350000000020,86.350000000020,14.487608753963,2046.228235835655
566.400000000020,86.400000000020,14.483763551943,2046.952520143302
566.450000000020,86.450000000020,14.479918349923,2047.676612190849
566.500000000020,86.500000000020,14.476084353794,2048.400512258442
566.550000000020,86.550000000020,14.472265366542,2049.124221001449
566.600000000020,86.600000000020,14.468446379290,2049.847738795096
566.650000000020,86.650000000020,14.464627392037,2050.571065639379
566.700000000020,86.700000000020,14.460808404785,2051.294201534300
566.750000000020,86.750000000020,14.456989417532,2052.017146479857
566.800000000020,86.800000000020,14.453170430280,2052.739900476052
566.850000000020,86.850000000020,14.449354960395,2053.462463610820
566.900000000020,86.900000000020,14.445555013398,2054.184836360164
566.950000000020,86.950000000020,14.441755066400,2054.907019112160
567.000000000020,87.000000000020,14.437955119402,2055.629011866804
567.025000000000,87.025000000000,14.436055145904,2055.989936994832
567.050000000020,87.050000000020,14.434010511503,2056.350812815838
567.100000000020,87.100000000020,14.429930177708,2057.072411333069
567.150000000020,87.150000000020,14.425849843912,2057.793805833609
567.200000000020,87.200000000020,14.421769510116,2058.514996317460
567.250000000020,87.250000000020,14.417689176320,2059.235982784621
567.300000000020,87.300000000020,14.413608842524,2059.956765235091
567.350000000020,87.350000000020,14.409528508727,2060.677343668873
567.400000000020,87.400000000020,14.405451948893,2061.397718180313
567.450000000020,87.450000000020,14.401398890782,2062.117889451306
567.500000000020,87.500000000020,14.397364622166,2062.837858539129
567.550000000020,87.550000000020,14.393330353550,2063.557625913521
567.600000000020,87.600000000020,14.389296084934,2064.277191574484
567.650000000020,87.650000000020,14.385261816318,2064.996555522015
567.700000000020,87.700000000020,14.381227547701,2065.715717756116
567.750000000020,87.750000000020,14.377193279085,2066.434678276785
567.800000000020,87.800000000020,14.373159010468,2067.153437084024
567.850000000020,87.850000000020,14.369124741851,2067.871994177833
567.900000000020,87.900000000020,14.365100723065,2068.590349814455
567.950000000020,87.950000000020,14.361089416744,2069.308504567951
568.000000000020,88.000000000020,14.357087792199,2070.026458998174
568.025000000000,88.025000000000,14.355092992520,2070.385361257695
568.050000000020,88.050000000020,14.352922180165,2070.744211447641
568.100000000020,88.100000000020,14.348580555458,2071.461749016032
568.150000000020,88.150000000020,14.344238930751,2072.179069503187
568.200000000020,88.200000000020,14.339897306043,2072.896172909107
568.250000000020,88.250000000020,14.335567136404,2073.613059520168
568.300000000020,88.300000000020,14.331257149043,2074.329730127304
568.350000000020,88.350000000020,14.326947161681,2075.046185235073
568.400000000020,88.400000000020,14.322637174319,2075.762424843472
568.450000000020,88.450000000020,14.318344971967,2076.478449397130
568.500000000020,88.500000000020,14.314086309777,2077.194260179173
568.550000000020,88.550000000020,14.309841139027,2077.909858365392
568.600000000020,88.600000000020,14.305606516893,2078.625244556791
568.650000000020,88.650000000020,14.301371894760,2079.340419017082
568.700000000020,88.700000000020,14.297137272626,2080.055381746267
568.750000000020,88.750000000020,14.292902650493,2080.770132744345
568.800000000020,88.800000000020,14.288668028359,2081.484672011316
568.850000000020,88.850000000020,14.284433406225,2082.198999547181
568.900000000020,88.900000000020,14.280198784091,2082.913115351938
568.950000000020,88.950000000020,14.275964161957,2083.627019425590
569.000000000020,89.000000000020,14.271729539822,2084.340711768134
569.025000000000,89.025000000000,14.269612228757,2084.697478539955
569.050000000020,89.050000000020,14.267613574298,2085.054193862778
569.100000000020,89.100000000020,14.263616265383,2085.767474608771
569.150000000020,89.150000000020,14.259618956468,2086.480555489317
569.200000000020,89.200000000020,14.255621647552,2087.193436504419
569.250000000020,89.250000000020,14.251624338637,2087.906117654073
569.300000000020,89.300000000020,14.247627029722,2088.618598938281
569.350000000020,89.350000000020,14.243629720806,2089.330880357045
569.400000000020,89.400000000020,14.239632411890,2090.042961910362
569.450000000020,89.450000000020,14.235651256834,2090.754844002081
569.500000000020,89.500000000020,14.231673921690,2091.466527131543
569.550000000020,89.550000000020,14.227696586546,2092.178011394249
569.600000000020,89.600000000020,14.223719251402,2092.889296790198
569.650000000020,89.650000000020,14.219744345140,2093.600383380111
569.700000000020,89.700000000020,14.215788824054,2094.311271709342
569.750000000020,89.750000000020,14.211833302969,2095.021962262517
569.800000000020,89.800000000020,14.207877781883,2095.732455039638
569.850000000020,89.850000000020,14.203922260798,2096.442750040706
569.900000000020,89.900000000020,14.199966739712,2097.152847265718
569.950000000020,89.950000000020,14.196011218626,2097.862746714678
570.000000000020,90.000000000020,14.192055697540,2098.572448387581
570.025000000000,90.025000000000,14.190083807153,2098.927225131105
570.050000000020,90.050000000020,14.188238470183,2099.281954159856
570.100000000020,90.100000000020,14.184547796247,2099.991273816517
570.150000000020,90.150000000020,14.180857122310,2100.700408939480
570.200000000020,90.200000000020,14.177166448373,2101.409359528749
570.250000000020,90.250000000020,14.173475774436,2102.118125584318
570.300000000020,90.300000000020,14.169785100499,2102.826707106191
570.350000000021,90.350000000021,14.166094426562,2103.535104094383
570.400000000020,90.400000000020,14.162403752624,2104.243316548847
570.450000000020,90.450000000020,14.158713078687,2104.951344469631
570.500000000021,90.500000000021,14.155022404749,2105.659187856731
570.550000000021,90.550000000021,14.151331730812,2106.366846710119
570.600000000021,90.600000000021,14.147641056874,2107.074321029812
570.650000000020,90.650000000020,14.143950382936,2107.781610815793
570.700000000021,90.700000000021,14.140259708998,2108.488716068105
570.750000000021,90.750000000021,14.136569035060,2109.195636786707
570.800000000021,90.800000000021,14.132878361122,2109.902372971611
570.850000000021,90.850000000021,14.129187687184,2110.608924622819
570.900000000021,90.900000000021,14.125497013246,2111.315291740329
570.950000000021,90.950000000021,14.121806339307,2112.021474324143
571.000000000021,91.000000000021,14.118115665369,2112.727472374261
571.025000000000,91.025000000000,14.116270328401,2113.080402198886
571.050000000021,91.050000000021,14.114479671190,2113.433286574177
571.100000000021,91.100000000021,14.110898356772,2114.138921024877
571.150000000021,91.150000000021,14.107317042354,2114.844376409855
571.200000000021,91.200000000021,14.103735727935,2115.549652729111
571.250000000021,91.250000000021,14.100154413517,2116.254749982648
571.300000000021,91.300000000021,14.096573099098,2116.959668170463
571.350000000021,91.350000000021,14.092991784680,2117.664407292558
571.400000000021,91.400000000021,14.089410470261,2118.368967348931
571.450000000021,91.450000000021,14.085829155842,2119.073348339583
571.500000000021,91.500000000021,14.082247841423,2119.777550264515
571.550000000021,91.550000000021,14.078666527004,2120.481573123725
571.600000000021,91.600000000021,14.075085212585,2121.185416917216
571.650000000021,91.650000000021,14.071503898166,2121.889081644984
571.700000000021,91.700000000021,14.067922583746,2122.592567307031
571.750000000021,91.750000000021,14.064341269327,2123.295873903359
571.800000000021,91.800000000021,14.060759954907,2123.999001433965
571.850000000021,91.850000000021,14.057178640488,2124.701949898851
571.900000000021,91.900000000021,14.053597326068,2125.404719298014
571.950000000021,91.950000000021,14.050023099783,2126.107309808659
572.000000000021,92.000000000021,14.046451310742,2126.809721668923
572.025000000000,92.025000000000,14.044665416224,2127.160860627715
572.050000000021,92.050000000021,14.042896087424,2127.511955146805
572.100000000021,92.100000000021,14.039357429826,2128.214011484738
572.150000000021,92.150000000021,14.035818772229,2128.915890889788
572.200000000021,92.200000000021,14.032280114632,2129.617593361959
572.250000000021,92.250000000021,14.028741457034,2130.319118901252
572.300000000021,92.300000000021,14.025202799437,2131.020467507663
572.350000000021,92.350000000021,14.021664141839,2131.721639181196
572.400000000021,92.400000000021,14.018126833563,2132.422633955580
572.450000000021,92.450000000021,14.014619786086,2133.123452621071
572.500000000021,92.500000000021,14.011112830189,2133.824095936479
572.550000000021,92.550000000021,14.007605874292,2134.524563904090
572.600000000021,92.600000000021,14.004098918395,2135.224856523909
572.650000000021,92.650000000021,14.000591962498,2135.924973795930
572.700000000021,92.700000000021,13.997092093886,2136.624915897339
572.750000000021,92.750000000021,13.993601066937,2137.324683226361
572.800000000021,92.800000000021,13.990110039988,2138.024276004033
572.850000000021,92.850000000021,13.986619013038,2138.723694230360
572.900000000021,92.900000000021,13.983127986089,2139.422937905337
572.950000000021,92.950000000021,13.979636959139,2140.122007028967
573.000000000021,93.000000000021,13.976146292065,2140.820901610248
573.025000000000,93.025000000000,13.974408803534,2141.170283548649
573.050000000021,93.050000000021,13.972711729048,2141.519622555600
573.100000000021,93.100000000021,13.969331892488,2142.218173646139
573.150000000021,93.150000000021,13.965954158826,2142.916555797421
573.200000000021,93.200000000021,13.962588203251,2143.614769356472
573.250000000021,93.250000000021,13.959225608689,2144.312814701771
573.300000000021,93.300000000021,13.955863014127,2145.010691917341
573.350000000021,93.350000000021,13.952500419566,2145.708401003184
573.400000000021,93.400000000021,13.949137825004,2146.405941959298
573.450000000021,93.450000000021,13.945775230442,2147.103314785684
573.500000000021,93.500000000021,13.942412635880,2147.800519482343
573.550000000021,93.550000000021,13.939050041318,2148.497556049272
573.600000000021,93.600000000021,13.935687446756,2149.194424486475
573.650000000021,93.650000000021,13.932324852193,2149.891124793948
573.700000000021,93.700000000021,13.928962257631,2150.587656971693
573.750000000021,93.750000000021,13.925599663069,2151.284021019711
573.800000000021,93.800000000021,13.922237068506,2151.980216938000
573.850000000021,93.850000000021,13.918888651128,2152.676245080992
573.900000000021,93.900000000021,13.915541112611,2153.372105825085
573.950000000021,93.950000000021,13.912193574094,2154.067799192252
574.000000000021,94.000000000021,13.908846035576,2154.763325182495
574.025000000000,94.025000000000,13.907172266319,2155.111025410975
574.050000000021,94.050000000021,13.905539589471,2155.458684309465
574.100000000021,94.100000000021,13.902274235776,2156.153879655097
574.150000000022,94.150000000022,13.899009633969,2156.848911751854
574.200000000021,94.200000000021,13.895745113465,2157.543780620525
574.250000000021,94.250000000021,13.892480592962,2158.238486263187
574.300000000022,94.300000000022,13.889216072458,2158.933028679836
574.350000000022,94.350000000022,13.885959533218,2159.627408069978
574.400000000022,94.400000000022,13.882709164907,2160.321624787432
574.450000000021,94.450000000021,13.879458796597,2161.015678986455
574.500000000022,94.500000000022,13.876224404319,2161.709571066493
574.550000000022,94.550000000022,13.872994635352,2162.403301542484
574.600000000022,94.600000000022,13.869764866384,2163.096870530027
574.650000000022,94.650000000022,13.866535097417,2163.790278029123
574.700000000022,94.700000000022,13.863305328449,2164.483524039769
574.750000000022,94.750000000022,13.860075559481,2165.176608561968
574.800000000022,94.800000000022,13.856845790514,2165.869531595717
574.850000000022,94.850000000022,13.853616021546,2166.562293141018
574.900000000022,94.900000000022,13.850386252578,2167.254893197872
574.950000000022,94.950000000022,13.847174217974,2167.947332209636
575.000000000022,95.000000000022,13.843972996278,2168.639610889993
575.025000000000,95.025000000000,13.842372385432,2168.985690206958
575.050000000022,95.050000000022,13.840770565372,2169.331729494148
575.100000000022,95.100000000022,13.837566925255,2170.023687931413
575.150000000022,95.150000000022,13.834363285138,2170.715486186674
575.200000000022,95.200000000022,13.831159645020,2171.407124259927
575.250000000022,95.250000000022,13.827956004903,2172.098602151176
575.300000000022,95.300000000022,13.824752364786,2172.789919860418
575.350000000022,95.350000000022,13.821548724668,2173.481077387653
575.400000000022,95.400000000022,13.818345084551,2174.172074732885
575.450000000022,95.450000000022,13.815141444433,2174.862911896109
575.500000000022,95.500000000022,13.811937804316,2175.553588877328
575.550000000022,95.550000000022,13.808734164198,2176.244105676541
575.600000000022,95.600000000022,13.805530524080,2176.934462293747
575.650000000022,95.650000000022,13.802326883962,2177.624658728949
575.700000000022,95.700000000022,13.799123243844,2178.314694982143
575.750000000022,95.750000000022,13.795919603726,2179.004571053334
575.800000000022,95.800000000022,13.792715963608,2179.694286942517
575.850000000022,95.850000000022,13.789512323490,2180.383842649693
575.900000000022,95.900000000022,13.786308683372,2181.073238174866
575.950000000022,95.950000000022,13.783105043253,2181.762473518031
576.000000000022,96.000000000022,13.779901403135,2182.451548679191
576.025000000000,96.025000000000,13.778299583077,2182.796026191214
576.050000000022,96.050000000022,13.776655798341,2183.140463133785
576.100000000022,96.100000000022,13.773368228872,2183.829213734465
576.150000000022,96.150000000022,13.770080659403,2184.517799956673
576.200000000022,96.200000000022,13.766793089934,2185.206221800406
576.250000000022,96.250000000022,13.763506623229,2185.894479293236
576.300000000022,96.300000000022,13.760223374998,2186.582572543191
576.350000000022,96.350000000022,13.756940126766,2187.270501630734
576.400000000022,96.400000000022,13.753656878535,2187.958266555867
576.450000000022,96.450000000022,13.750373630304,2188.645867318588
576.500000000022,96.500000000022,13.747090382073,2189.333303918898
576.550000000022,96.550000000022,13.743807133841,2190.020576356795
576.600000000022,96.600000000022,13.740523885610,2190.707684632281
576.650000000022,96.650000000022,13.737240637378,2191.394628745356
576.700000000022,96.700000000022,13.733957389146,2192.081408696019
576.750000000022,96.750000000022,13.730674140915,2192.768024484271
576.800000000022,96.800000000022,13.727390892683,2193.454476110111
576.850000000022,96.850000000022,13.724107644451,2194.140763573538
576.900000000022,96.900000000022,13.720824396219,2194.826886874556
576.950000000022,96.950000000022,13.717541147987,2195.512846013160
577.000000000022,97.000000000022,13.714257899755,2196.198640989355
577.025000000000,97.025000000000,13.712616275640,2196.541476916244
577.050000000022,97.050000000022,13.710882887105,2196.884270656081
577.100000000022,97.100000000022,13.707426679384,2197.569728395242
577.150000000022,97.150000000022,13.703975055001,2198.255013438603
577.200000000022,97.200000000022,13.700523430617,2198.940125900743
577.250000000022,97.250000000022,13.697071806234,2199.625065781665
577.300000000022,97.300000000022,13.693630385859,2200.309833336466
577.350000000022,97.350000000022,13.690194286145,2200.994428953266
577.400000000022,97.400000000022,13.686760134552,2201.678852813784
577.450000000022,97.450000000022,13.683325982959,2202.363104966721
577.500000000022,97.500000000022,13.679891831366,2203.047185412081
577.550000000022,97.550000000022,13.676458207941,2203.731094163063
577.600000000022,97.600000000022,13.673061012950,2204.414832143584
577.650000000022,97.650000000022,13.669671391181,2205.098400453689
577.700000000022,97.700000000022,13.666281769413,2205.781799282703
577.750000000022,97.750000000022,13.662892147644,2206.465028630630
577.800000000022,97.800000000022,13.659502525875,2207.148088497468
577.850000000022,97.850000000022,13.656112904107,2207.830978883217
577.900000000022,97.900000000022,13.652723282338,2208.513699787879
577.950000000022,97.950000000022,13.649333660569,2209.196251211451
578.000000000022,98.000000000022,13.645944038800,2209.878633153936
578.025000000000,98.025000000000,13.644249227917,2210.219760569469
578.050000000022,98.050000000022,13.642504352639,2210.560844989526
578.100000000022,98.100000000022,13.639019643955,2211.242883089441
578.150000000022,98.150000000022,13.635545322493,2211.924747213603
578.200000000022,98.200000000022,13.632071001031,2212.606437621690
578.250000000022,98.250000000022,13.628596679568,2213.287954313706
578.300000000022,98.300000000022,13.625122358106,2213.969297289647
578.350000000022,98.350000000022,13.621648036644,2214.650466549515
578.400000000022,98.400000000022,13.618173715181,2215.331462093312
578.450000000022,98.450000000022,13.614699393719,2216.012283921034
578.500000000022,98.500000000022,13.611225072256,2216.692932032684
578.550000000022,98.550000000022,13.607750750794,2217.373406428260
578.600000000022,98.600000000022,13.604276429331,2218.053707107762
578.650000000022,98.650000000022,13.600802107868,2218.733834071194
578.700000000022,98.700000000022,13.597327786405,2219.413787318550
578.750000000022,98.750000000022,13.593853464942,2220.093566849834
578.800000000022,98.800000000022,13.590379143479,2220.773172665044
578.850000000022,98.850000000022,13.586904822016,2221.452604764181
578.900000000022,98.900000000022,13.583430500552,2222.131863147246
578.950000000022,98.950000000022,13.579956179089,2222.810947814236
579.000000000022,99.000000000022,13.576481857626,2223.489858765155
579.025000000000,99.025000000000,13.574744696895,2223.829249096787
579.050000000022,99.050000000022,13.573039733898,2224.168596402471
579.100000000022,99.100000000022,13.569629807908,2224.847163141016
579.150000000023,99.150000000023,13.566219881917,2225.525559383276
579.200000000022,99.200000000022,13.562809955926,2226.203785129208
579.250000000022,99.250000000022,13.559406930780,2226.881840551377
579.300000000023,99.300000000023,13.556012050524,2227.559726025922
579.350000000023,99.350000000023,13.552617170269,2228.237441756442
579.400000000023,99.400000000023,13.549222290013,2228.914987742950
579.450000000022,99.450000000022,13.545827409758,2229.592363985429
579.500000000023,99.500000000023,13.542432529502,2230.269570483924
579.550000000023,99.550000000023,13.539037649246,2230.946607238393
579.600000000023,99.600000000023,13.535642768990,2231.623474248849
579.650000000023,99.650000000023,13.532247888734,2232.300171515293
579.700000000023,99.700000000023,13.528853008478,2232.976699037722
579.750000000023,99.750000000023,13.525458128222,2233.653056816139
579.800000000023,99.800000000023,13.522063247965,2234.329244850545
579.850000000023,99.850000000023,13.518668367709,2235.005263140936
579.900000000023,99.900000000023,13.515273487452,2235.681111687316
579.950000000023,99.950000000023,13.511878607196,2236.356790489682
580.000000000023,100.000000000023,13.508483726939,2237.032299548035
580.025000000000,100.025000000000,13.506786286813,2237.369990422896
580.050000000023,100.050000000023,13.505123623713,2237.707639297089
580.100000000023,100.100000000023,13.501798297516,2238.382812345119
580.150000000023,100.150000000023,13.498472971319,2239.057819126841
580.200000000023,100.200000000023,13.495147645122,2239.732659642251
580.250000000023,100.250000000023,13.491822318925,2240.407333891352
580.300000000023,100.300000000023,13.488496992728,2241.081841874144
580.350000000023,100.350000000023,13.485171666531,2241.756183590625
580.400000000023,100.400000000023,13.481846340334,2242.430359040798
580.450000000023,100.450000000023,13.478521014137,2243.104368224659
580.500000000023,100.500000000023,13.475195687939,2243.778211142210
580.550000000023,100.550000000023,13.471870361742,2244.451887793453
580.600000000023,100.600000000023,13.468545035544,2245.125398178384
580.650000000023,100.650000000023,13.465219709347,2245.798742297008
580.700000000023,100.700000000023,13.461894383149,2246.471920149319
580.750000000023,100.750000000023,13.458569056951,2247.144931735321
580.800000000023,100.800000000023,13.455243730754,2247.817777055015
580.850000000023,100.850000000023,13.451921435335,2248.490456184166
580.900000000023,100.900000000023,13.448609783631,2249.162969464641
580.950000000023,100.950000000023,13.445298131926,2249.835317162529
581.000000000023,101.000000000023,13.441986480222,2250.507499277833
581.025000000000,101.025000000000,13.440330654371,2250.843528241706
581.050000000023,101.050000000023,13.438701036960,2251.179516138158
581.100000000023,101.100000000023,13.435441802141,2251.851369709135
581.150000000023,101.150000000023,13.432182567322,2252.523060318372
581.200000000023,101.200000000023,13.428923332503,2253.194587965867
581.250000000023,101.250000000023,13.425664097684,2253.865952651622
581.300000000023,101.300000000023,13.422404862865,2254.537154375636
581.350000000023,101.350000000023,13.419145628046,2255.208193137908
581.400000000023,101.400000000023,13.415886393227,2255.879068938441
581.450000000023,101.450000000023,13.412627158407,2256.549781777232
581.500000000023,101.500000000023,13.409367923588,2257.220331654281
581.550000000023,101.550000000023,13.406108688768,2257.890718569591
581.600000000023,101.600000000023,13.402849453949,2258.560942523158
581.650000000023,101.650000000023,13.399590219129,2259.231003514986
581.700000000023,101.700000000023,13.396330984309,2259.900901545072
581.750000000023,101.750000000023,13.393071749489,2260.570636613416
581.800000000023,101.800000000023,13.389821144295,2261.240208935762
581.850000000023,101.850000000023,13.386573432779,2261.909618800188
581.900000000023,101.900000000023,13.383325721263,2262.578866279040
581.950000000023,101.950000000023,13.380078009747,2263.247951372314
582.000000000023,102.000000000023,13.376830298231,2263.916874080013
582.025000000000,102.025000000000,13.375206442474,2264.251274538964
582.050000000023,102.050000000023,13.373638034476,2264.585635095235
582.100000000023,102.100000000023,13.370501218484,2265.254238576558
582.150000000023,102.150000000023,13.367364402492,2265.922685217084
582.200000000023,102.200000000023,13.364227586500,2266.590975016808
582.250000000023,102.250000000023,13.361090770508,2267.259107975733
582.300000000023,102.300000000023,13.357953954516,2267.927084093859
582.350000000023,102.350000000023,13.354817138523,2268.594903371185
582.400000000023,102.400000000023,13.351680322531,2269.262565807712
582.450000000023,102.450000000023,13.348543506538,2269.930071403438
582.500000000023,102.500000000023,13.345406690546,2270.597420158364
582.550000000023,102.550000000023,13.342269874553,2271.264612072493
582.600000000023,102.600000000023,13.339133058561,2271.931647145820
582.650000000023,102.650000000023,13.335996242568,2272.598525378349
582.700000000023,102.700000000023,13.332859426575,2273.265246770077
582.750000000023,102.750000000023,13.329722610582,2273.931811321006
582.800000000023,102.800000000023,13.326585794589,2274.598219031136
582.850000000023,102.850000000023,13.323448978596,2275.264469900465
582.900000000023,102.900000000023,13.320319226622,2275.930564105596
582.950000000024,102.950000000024,13.317195218333,2276.596501966733
583.000000000023,103.000000000023,13.314071210045,2277.262283627428
583.025000000000,103.025000000000,13.312514218393,2277.595115944977
583.050000000023,103.050000000023,13.311059459326,2277.927910616256
583.100000000024,103.100000000024,13.308149941194,2278.593390851282
583.150000000024,103.150000000024,13.305240423062,2279.258725610388
583.200000000024,103.200000000024,13.302341411011,2279.923915156240
583.250000000023,103.250000000023,13.299444113731,2280.588959794345
583.300000000024,103.300000000024,13.296546897431,2281.253859569638
583.350000000024,103.350000000024,13.293660857718,2281.918614763516
583.400000000024,103.400000000024,13.290774818005,2282.583225655409
583.450000000024,103.450000000024,13.287888778292,2283.247692245317
583.500000000024,103.500000000024,13.285002738579,2283.912014533239
583.550000000024,103.550000000024,13.282116698865,2284.576192519175
583.600000000024,103.600000000024,13.279230659152,2285.240226203126
583.650000000024,103.650000000024,13.276344619439,2285.904115585090
583.700000000024,103.700000000024,13.273458579725,2286.567860665069
583.750000000024,103.750000000024,13.270572540012,2287.231461443062
583.800000000024,103.800000000024,13.267686500298,2287.894917919071
583.850000000024,103.850000000024,13.264800460584,2288.558230093093
583.900000000024,103.900000000024,13.261914420871,2289.221397965129
583.950000000024,103.950000000024,13.259028381157,2289.884421535181
584.000000000024,104.000000000024,13.256142341443,2290.547300803245
584.025000000000,104.025000000000,13.254699321588,2290.878686323715
584.050000000024,104.050000000024,13.253302042094,2291.210036341080
584.100000000024,104.100000000024,13.250507483109,2291.872631579210
584.150000000024,104.150000000024,13.247712924125,2292.535087089390
584.200000000024,104.200000000024,13.244918365140,2293.197402871622
584.250000000024,104.250000000024,13.242123806155,2293.859578925904
584.300000000024,104.300000000024,13.239329247170,2294.521615252238
584.350000000024,104.350000000024,13.236534688185,2295.183511850621
584.400000000024,104.400000000024,13.233740129200,2295.845268721056
584.450000000024,104.450000000024,13.230954340248,2296.506886082793
584.500000000024,104.500000000024,13.228170784334,2297.168364210907
584.550000000024,104.550000000024,13.225398385569,2297.829703440155
584.600000000024,104.600000000024,13.222626020874,2298.490904050316
584.650000000024,104.650000000024,13.219853656179,2299.151966042241
584.700000000024,104.700000000024,13.217081291484,2299.812889415934
584.750000000024,104.750000000024,13.214308926789,2300.473674171390
584.800000000024,104.800000000024,13.211538301053,2301.134320352087
584.850000000024,104.850000000024,13.208777233317,2301.794828240446
584.900000000024,104.900000000024,13.206016165582,2302.455198075418
584.950000000024,104.950000000024,13.203255097846,2303.115429857004
585.000000000024,105.000000000024,13.200494030111,2303.775523585202
585.025000000000,105.025000000000,13.199113496245,2304.105518678965
585.050000000024,105.050000000024,13.197744459942,2304.435479403735
585.100000000024,105.100000000024,13.195006387339,2305.095298174916
585.150000000024,105.150000000024,13.192268314735,2305.754980042468
585.200000000024,105.200000000024,13.189530242132,2306.414525006390
585.250000000024,105.250000000024,13.186792169529,2307.073933066681
585.300000000024,105.300000000024,13.184054096926,2307.733204223343
585.350000000024,105.350000000024,13.181316024323,2308.392338476374
585.400000000024,105.400000000024,13.178577951719,2309.051335825774
585.450000000024,105.450000000024,13.175839879116,2309.710196271546
585.500000000024,105.500000000024,13.173101806512,2310.368919813686
585.550000000024,105.550000000024,13.170363733909,2311.027506452197
585.600000000024,105.600000000024,13.167625661305,2311.685956187077
585.650000000024,105.650000000024,13.164887588701,2312.344269018327
585.700000000024,105.700000000024,13.162149516098,2313.002444945948
585.750000000024,105.750000000024,13.159411443494,2313.660483969937
585.800000000024,105.800000000024,13.156673370890,2314.318386090298
585.850000000024,105.850000000024,13.153935298286,2314.976151307027
585.900000000024,105.900000000024,13.151197225682,2315.633779620125
585.950000000024,105.950000000024,13.148459153079,2316.291271029595
586.000000000024,106.000000000024,13.145721080475,2316.948625535433
586.025000000000,106.025000000000,13.144352044174,2317.277251449176
586.050000000024,106.050000000024,13.142904360661,2317.605842154553
586.100000000024,106.100000000024,13.140008993637,2318.262914988410
586.150000000024,106.150000000024,13.137113626613,2318.919843053915
586.200000000024,106.200000000024,13.134226788875,2319.576626564303
586.250000000024,106.250000000024,13.131343312095,2320.233265816827
586.300000000024,106.300000000024,13.128459835316,2320.889760895513
586.350000000024,106.350000000024,13.125576358537,2321.546111800359
586.400000000024,106.400000000024,13.122692881758,2322.202318531366
586.450000000024,106.450000000024,13.119809404979,2322.858381088535
586.500000000024,106.500000000024,13.116925928199,2323.514299471864
586.550000000024,106.550000000024,13.114042451420,2324.170073681355
586.600000000024,106.600000000024,13.111158974640,2324.825703717006
586.650000000024,106.650000000024,13.108275497861,2325.481189578818
586.700000000024,106.700000000024,13.105392021081,2326.136531266792
586.750000000024,106.750000000024,13.102508544301,2326.791728780926
586.800000000024,106.800000000024,13.099625067522,2327.446782121222
586.850000000024,106.850000000024,13.096741590742,2328.101691287678
586.900000000024,106.900000000024,13.093858113962,2328.756456280295
586.950000000024,106.950000000024,13.090974637182,2329.411077099075
587.000000000024,107.000000000024,13.088091160402,2330.065553744014
587.025000000000,107.025000000000,13.086649422014,2330.392738000980
587.050000000024,107.050000000024,13.085066944735,2330.719884455880
587.100000000024,107.100000000024,13.081901990180,2331.374058679252
587.150000000024,107.150000000024,13.078737035626,2332.028074654896
587.200000000024,107.200000000024,13.075572081071,2332.681932382815
587.250000000024,107.250000000024,13.072407126517,2333.335631863004
587.300000000024,107.300000000024,13.069242171962,2333.989173095467
587.350000000024,107.350000000024,13.066077217407,2334.642556080200
587.400000000024,107.400000000024,13.062912262852,2335.295780817206
587.450000000024,107.450000000024,13.059747308297,2335.948847306486
587.500000000024,107.500000000024,13.056582353742,2336.601755548037
587.550000000024,107.550000000024,13.053417399187,2337.254505541861
587.600000000024,107.600000000024,13.050252444632,2337.907097287956
587.650000000024,107.650000000024,13.047087490077,2338.559530786323
587.700000000024,107.700000000024,13.043922535521,2339.211806036963
587.750000000024,107.750000000024,13.040757580966,2339.863923039875
587.800000000024,107.800000000024,13.037592626411,2340.515881795060
587.850000000024,107.850000000024,13.034427671855,2341.167682302516
587.900000000024,107.900000000024,13.031262717299,2341.819324562244
587.950000000025,107.950000000025,13.028097762744,2342.470808574260
588.000000000024,108.000000000024,13.024932808188,2343.122134338519
588.025000000000,108.025000000000,13.023350330912,2343.447737877445
588.050000000024,108.050000000024,13.021731542141,2343.773301401172
588.100000000025,108.100000000025,13.018501774974,2344.424307234112
588.150000000025,108.150000000025,13.015272007808,2345.075151578681
588.200000000025,108.200000000025,13.012042240641,2345.725834434893
588.250000000024,108.250000000024,13.008812473474,2346.376355802732
588.300000000025,108.300000000025,13.005582706307,2347.026715682239
588.350000000025,108.350000000025,13.002362885816,2347.676914322043
588.400000000025,108.400000000025,12.999147070333,2348.326952070946
588.450000000025,108.450000000025,12.995931254849,2348.976829029077
588.500000000025,108.500000000025,12.992715439365,2349.626545196431
588.550000000025,108.550000000025,12.989499623881,2350.276100573012
588.600000000025,108.600000000025,12.986283808397,2350.925495158820
588.650000000025,108.650000000025,12.983067992913,2351.574728953852
588.700000000025,108.700000000025,12.979852177429,2352.223801958111
588.750000000025,108.750000000025,12.976636361945,2352.872714171595
588.800000000025,108.800000000025,12.973420546460,2353.521465594305
588.850000000025,108.850000000025,12.970204730976,2354.170056226241
588.900000000025,108.900000000025,12.966988915492,2354.818486067402
588.950000000025,108.950000000025,12.963786112550,2355.466755443104
589.000000000025,109.000000000025,12.960583799446,2356.114864690904
589.025000000000,109.025000000000,12.958982642895,2356.438859271108
589.050000000025,109.050000000025,12.957458639552,2356.762814787463
589.100000000025,109.100000000025,12.954410632867,2357.410611519274
589.150000000025,109.150000000025,12.951362626182,2358.058255850750
589.200000000025,109.200000000025,12.948314619497,2358.705747781893
589.250000000025,109.250000000025,12.945266612812,2359.353087312700
589.300000000025,109.300000000025,12.942218606127,2360.000274443173
589.350000000025,109.350000000025,12.939170599442,2360.647309173313
589.400000000025,109.400000000025,12.936122592757,2361.294191503117
589.450000000025,109.450000000025,12.933074586071,2361.940921432589
589.500000000025,109.500000000025,12.930026579386,2362.587498961725
589.550000000025,109.550000000025,12.926978572701,2363.233924090526
589.600000000025,109.600000000025,12.923930566015,2363.880196818995
589.650000000025,109.650000000025,12.920882559330,2364.526317147128
589.700000000025,109.700000000025,12.917834552644,2365.172285074928
589.750000000025,109.750000000025,12.914786545958,2365.818100602392
589.800000000025,109.800000000025,12.911738539273,2366.463763729523
589.850000000025,109.850000000025,12.908690532587,2367.109274456320
589.900000000025,109.900000000025,12.905642525901,2367.754632782782
589.950000000025,109.950000000025,12.902605072297,2368.399838972738
590.000000000025,110.000000000025,12.899569413369,2369.044893334878
590.025000000000,110.025000000000,12.898051583906,2369.367363597021
590.050000000025,110.050000000025,12.896605879124,2369.689796815631
590.100000000025,110.100000000025,12.893714469563,2370.334554824349
590.150000000025,110.150000000025,12.890823060001,2370.979168262588
590.200000000025,110.200000000025,12.887931650439,2371.623637130350
590.250000000025,110.250000000025,12.885040240877,2372.267961427632
590.300000000025,110.300000000025,12.882148831315,2372.912141154437
590.350000000025,110.350000000025,12.879257421754,2373.556176310764
590.400000000025,110.400000000025,12.876366012192,2374.200066896612
590.450000000025,110.450000000025,12.873474602630,2374.843812911984
590.500000000025,110.500000000025,12.870583193068,2375.487414356875
590.550000000025,110.550000000025,12.867702096175,2376.130871489106
590.600000000025,110.600000000025,12.864822068441,2376.774184593222
590.650000000025,110.650000000025,12.861942040707,2377.417353695951
590.700000000025,110.700000000025,12.859062012973,2378.060378797294
590.750000000025,110.750000000025,12.856181985239,2378.703259897248
590.800000000025,110.800000000025,12.853301957505,2379.345996995816
590.850000000025,110.850000000025,12.850421929770,2379.988590092999
590.900000000025,110.900000000025,12.847541902036,2380.631039188794
590.950000000025,110.950000000025,12.844661874301,2381.273344283203
591.000000000025,111.000000000025,12.841781846567,2381.915505376224
591.025000000000,111.025000000000,12.840341832701,2382.236531921894
591.050000000025,111.050000000025,12.838956706419,2382.557523153954
591.100000000025,111.100000000025,12.836186453859,2383.199401732962
591.150000000025,111.150000000025,12.833416201298,2383.841141799340
591.200000000025,111.200000000025,12.830654321512,2384.482743562411
591.250000000025,111.250000000025,12.827894699782,2385.124207287943
591.300000000025,111.300000000025,12.825135078051,2385.765533032388
591.350000000025,111.350000000025,12.822375456321,2386.406720795748
591.400000000025,111.400000000025,12.819615834591,2387.047770578020
591.450000000025,111.450000000025,12.816856212860,2387.688682379207
591.500000000025,111.500000000025,12.814101265951,2388.329456316177
591.550000000025,111.550000000025,12.811352429973,2388.970092658574
591.600000000025,111.600000000025,12.808603593994,2389.610591559174
591.650000000025,111.650000000025,12.805854758016,2390.250953017974
591.700000000025,111.700000000025,12.803105922038,2390.891177034976
591.750000000026,111.750000000026,12.800357086059,2391.531263610191
591.800000000025,111.800000000025,12.797608250081,2392.171212743581
591.850000000025,111.850000000025,12.794859414102,2392.811024435186
591.900000000026,111.900000000026,12.792110578123,2393.450698685005
591.950000000026,111.950000000026,12.789361742145,2394.090235493011
592.000000000026,112.000000000026,12.786612906166,2394.729634859219
592.025000000000,112.025000000000,12.785238488178,2395.049283001315
592.050000000025,112.050000000025,12.783904754159,2395.368897292164
592.100000000026,112.100000000026,12.781237286123,2396.008025843184
592.150000000026,112.150000000026,12.778569818088,2396.647021020789
592.200000000026,112.200000000026,12.775902350052,2397.285882824992
592.250000000026,112.250000000026,12.773234882016,2397.924611255795
592.300000000026,112.300000000026,12.770567413981,2398.563206313194
592.350000000026,112.350000000026,12.767899945945,2399.201667997192
592.400000000026,112.400000000026,12.765232477909,2399.839996307790
592.450000000026,112.450000000026,12.762565009873,2400.478191244983
592.500000000026,112.500000000026,12.759897541837,2401.116252808777
592.550000000026,112.550000000026,12.757230073801,2401.754180999168
592.600000000026,112.600000000026,12.754562605765,2402.391975816156
592.650000000026,112.650000000026,12.751895137729,2403.029637259744
592.700000000026,112.700000000026,12.749227669693,2403.667165329929
592.750000000026,112.750000000026,12.746560201657,2404.304560026714
592.800000000026,112.800000000026,12.743892733621,2404.941821350095
592.850000000026,112.850000000026,12.741225265585,2405.578949300074
592.900000000026,112.900000000026,12.738557797548,2406.215943876653
592.950000000026,112.950000000026,12.735890329512,2406.852805079830
593.000000000026,113.000000000026,12.733222861476,2407.489532909605
593.025000000000,113.025000000000,12.731889127459,2407.807846809135
593.050000000026,113.050000000026,12.730604998792,2408.126127986045
593.100000000026,113.100000000026,12.728036741462,2408.762594029550
593.150000000026,113.150000000026,12.725468484131,2409.398931660191
593.200000000026,113.200000000026,12.722900226800,2410.035140877964
593.250000000026,113.250000000026,12.720331969469,2410.671221682871
593.300000000026,113.300000000026,12.717763712139,2411.307174074911
593.350000000026,113.350000000026,12.715195454808,2411.942998054084
593.400000000026,113.400000000026,12.712627197477,2412.578693620392
593.450000000026,113.450000000026,12.710058940146,2413.214260773832
593.500000000026,113.500000000026,12.707490682815,2413.849699514407
593.550000000026,113.550000000026,12.704922425484,2414.485009842114
593.600000000026,113.600000000026,12.702354168153,2415.120191756955
593.650000000026,113.650000000026,12.699785910822,2415.755245258930
593.700000000026,113.700000000026,12.697217653490,2416.390170348037
593.750000000026,113.750000000026,12.694649396159,2417.024967024279
593.800000000026,113.800000000026,12.692082018307,2417.659635309640
593.850000000026,113.850000000026,12.689523836546,2418.294175456011
593.900000000026,113.900000000026,12.686965654784,2418.928587693295
593.950000000026,113.950000000026,12.684407473022,2419.562872021490
594.000000000026,114.000000000026,12.681849291260,2420.197028440597
594.025000000000,114.025000000000,12.680570200381,2420.514058683912
594.050000000026,114.050000000026,12.679312873251,2420.831057222663
594.100000000026,114.100000000026,12.676798218993,2421.464959999968
594.150000000026,114.150000000026,12.674283564735,2422.098737044562
594.200000000026,114.200000000026,12.671768910477,2422.732388356442
594.250000000026,114.250000000026,12.669254256219,2423.365913935610
594.300000000026,114.300000000026,12.666739601961,2423.999313782064
594.350000000026,114.350000000026,12.664224947703,2424.632587895806
594.400000000026,114.400000000026,12.661710293445,2425.265736276835
594.450000000026,114.450000000026,12.659195639187,2425.898758925150
594.500000000026,114.500000000026,12.656680984929,2426.531655840754
594.550000000026,114.550000000026,12.654166330671,2427.164427023643
594.600000000026,114.600000000026,12.651651676412,2427.797072473820
594.650000000026,114.650000000026,12.649137022154,2428.429592191285
594.700000000026,114.700000000026,12.646622367896,2429.061986176036
594.750000000026,114.750000000026,12.644107713637,2429.694254428075
594.800000000026,114.800000000026,12.641593059379,2430.326396947400
594.850000000026,114.850000000026,12.639078405121,2430.958413734012
594.900000000026,114.900000000026,12.636563750862,2431.590304787912
594.950000000026,114.950000000026,12.634049096604,2432.222070109098
595.000000000026,115.000000000026,12.631534442345,2432.853709697572
595.025000000000,115.025000000000,12.630277115217,2433.169482341713
595.050000000026,115.050000000026,12.629021647342,2433.485223576573
595.100000000026,115.100000000026,12.626510711595,2434.116611885546
595.150000000026,115.150000000026,12.623999775847,2434.747874647733
595.200000000026,115.200000000026,12.621488840099,2435.379011863131
595.250000000026,115.250000000026,12.618977904352,2436.010023531744
595.300000000026,115.300000000026,12.616466968604,2436.640909653567
595.350000000026,115.350000000026,12.613956032856,2437.271670228603
595.400000000026,115.400000000026,12.611445097109,2437.902305256853
595.450000000026,115.450000000026,12.608934161361,2438.532814738314
595.500000000026,115.500000000026,12.606423225613,2439.163198672989
595.550000000026,115.550000000026,12.603912289865,2439.793457060875
595.600000000026,115.600000000026,12.601401354117,2440.423589901975
595.650000000026,115.650000000026,12.598890418369,2441.053597196288
595.700000000026,115.700000000026,12.596379482621,2441.683478943812
595.750000000026,115.750000000026,12.593868546873,2442.313235144550
595.800000000026,115.800000000026,12.591365532502,2442.942865996533
595.850000000026,115.850000000026,12.588864901589,2443.572371757385
595.900000000026,115.900000000026,12.586364270676,2444.201752486692
595.950000000026,115.950000000026,12.583863639764,2444.831008184453
596.000000000026,116.000000000026,12.581363008851,2445.460138850669
596.025000000000,116.025000000000,12.580113519265,2445.774657306943
596.050000000026,116.050000000026,12.578864601992,2446.089144533786
596.100000000026,116.100000000026,12.576366767450,2446.718025318021
596.150000000026,116.150000000026,12.573868932908,2447.346781210531
596.200000000026,116.200000000026,12.571371098366,2447.975412211312
596.250000000026,116.250000000026,12.568873263824,2448.603918320368
596.300000000026,116.300000000026,12.566375429282,2449.232299537695
596.350000000026,116.350000000026,12.563877594739,2449.860555863295
596.400000000026,116.400000000026,12.561379760197,2450.488687297169
596.450000000026,116.450000000026,12.558881925655,2451.116693839315
596.500000000026,116.500000000026,12.556391378553,2451.744575671921
596.550000000026,116.550000000026,12.553903397131,2452.372333041312
596.600000000026,116.600000000026,12.551415415708,2452.999966011633
596.650000000026,116.650000000026,12.548927434286,2453.627474582884
596.700000000026,116.700000000026,12.546439452864,2454.254858755062
596.750000000027,116.750000000027,12.543951471441,2454.882118528182
596.800000000026,116.800000000026,12.541463490019,2455.509253902206
596.850000000026,116.850000000026,12.538975508596,2456.136264877171
596.900000000027,116.900000000027,12.536487527174,2456.763151453079
596.950000000027,116.950000000027,12.533999545751,2457.389913629901
597.000000000027,117.000000000027,12.531511564329,2458.016551407653
597.025000000000,117.025000000000,12.530267573619,2458.329823646539
597.050000000026,117.050000000026,12.529100415868,2458.643065746734
597.100000000027,117.100000000027,12.526766100368,2459.269462409652
597.150000000027,117.150000000027,12.524431784869,2459.895742356784
597.200000000027,117.200000000027,12.522097469369,2460.521905588139
597.250000000027,117.250000000027,12.519763153870,2461.147952103720
597.300000000027,117.300000000027,12.517428838370,2461.773881903527
597.350000000027,117.350000000027,12.515094522871,2462.399694987557
597.400000000027,117.400000000027,12.512760207371,2463.025391355814
597.450000000027,117.450000000027,12.510425891871,2463.650971008295
597.500000000027,117.500000000027,12.508091576371,2464.276433945000
597.550000000027,117.550000000027,12.505757260872,2464.901780165932
597.600000000027,117.600000000027,12.503422945372,2465.527009671087
597.650000000027,117.650000000027,12.501088629872,2466.152122460469
597.700000000027,117.700000000027,12.498754314372,2466.777118534075
597.750000000027,117.750000000027,12.496419998872,2467.401997891905
597.800000000027,117.800000000027,12.494085683372,2468.026760533962
597.850000000027,117.850000000027,12.491751367873,2468.651406460243
597.900000000027,117.900000000027,12.489417052373,2469.275935670750
597.950000000027,117.950000000027,12.487083894670,2469.900348194425
598.000000000027,118.000000000027,12.484758042352,2470.524644242850
598.025000000000,118.025000000000,12.483595116194,2470.836748656995
598.050000000027,118.050000000027,12.482462431508,2471.148824376679
598.100000000027,118.100000000027,12.480197062138,2471.772890864020
598.150000000027,118.150000000027,12.477931692769,2472.396844082893
598.200000000027,118.200000000027,12.475666323399,2473.020684033297
598.250000000027,118.250000000027,12.473400954029,2473.644410715232
598.300000000027,118.300000000027,12.471135584660,2474.268024128700
598.350000000027,118.350000000027,12.468870215290,2474.891524273698
598.400000000027,118.400000000027,12.466604845920,2475.514911150230
598.450000000027,118.450000000027,12.464339476551,2476.138184758291
598.500000000027,118.500000000027,12.462074107181,2476.761345097883
598.550000000027,118.550000000027,12.459808737811,2477.384392169009
598.600000000027,118.600000000027,12.457543368441,2478.007325971665
598.650000000027,118.650000000027,12.455277999071,2478.630146505853
598.700000000027,118.700000000027,12.453012629701,2479.252853771572
598.750000000027,118.750000000027,12.450747260331,2479.875447768822
598.800000000027,118.800000000027,12.448481890961,2480.497928497605
598.850000000027,118.850000000027,12.446216521591,2481.120295957919
598.900000000027,118.900000000027,12.443953108930,2481.742550198683
598.950000000027,118.950000000027,12.441696617457,2482.364691441842
599.000000000027,119.000000000027,12.439440125984,2482.986719860427
599.025000000000,119.025000000000,12.438311880249,2483.297691760170
599.050000000027,119.050000000027,12.437208668595,2483.608635767367
599.100000000027,119.100000000027,12.435002245291,2484.230441040213
599.150000000027,119.150000000027,12.432795821986,2484.852135991896
599.200000000027,119.200000000027,12.430589398681,2485.473720622412
599.250000000027,119.250000000027,12.428382975376,2486.095194931763
599.300000000027,119.300000000027,12.426176552071,2486.716558919950
599.350000000027,119.350000000027,12.423970128767,2487.337812586971
599.400000000027,119.400000000027,12.421763705462,2487.958955932827
599.450000000027,119.450000000027,12.419557282157,2488.579988957517
599.500000000027,119.500000000027,12.417350858852,2489.200911661042
599.550000000027,119.550000000027,12.415144868617,2489.821724054229
599.600000000027,119.600000000027,12.412947311591,2490.442426358734
599.650000000027,119.650000000027,12.410749754564,2491.063018785389
599.700000000027,119.700000000027,12.408554309599,2491.683501386992
599.750000000027,119.750000000027,12.406365479199,2492.303874381711
599.800000000027,119.800000000027,12.404176648799,2492.924137934912
599.850000000027,119.850000000027,12.401987818399,2493.544292046592
599.900000000027,119.900000000027,12.399798988000,2494.164336716753
599.950000000027,119.950000000027,12.397610157600,2494.784271945392
600.000000000027,120.000000000027,12.395421327200,2495.404097732511
600.025000000000,120.025000000000,12.394326912001,2495.713969585167
600.050000000027,120.050000000027,12.393264637998,2496.023814479877
600.100000000027,120.100000000027,12.391140089993,2496.643424598076
600.150000000027,120.150000000027,12.389015541989,2497.262928488876
600.200000000027,120.200000000027,12.386890993984,2497.882326152275
600.250000000027,120.250000000027,12.384766445980,2498.501617588273
600.300000000027,120.300000000027,12.382641897975,2499.120802796873
600.350000000027,120.350000000027,12.380517349971,2499.739881778071
600.400000000027,120.400000000027,12.378392801966,2500.358854531871
600.450000000027,120.450000000027,12.376268253961,2500.977721058268
600.500000000027,120.500000000027,12.374143705957,2501.596481357266
600.550000000028,120.550000000028,12.372019157952,2502.215135428877
600.600000000027,120.600000000027,12.369894609947,2502.833683273062
600.650000000027,120.650000000027,12.367770061942,2503.452124889860
600.700000000028,120.700000000028,12.365645513938,2504.070460279268
600.750000000028,120.750000000028,12.363520965933,2504.688689441265
600.800000000028,120.800000000028,12.361396417928,2505.306812375862
600.850000000027,120.850000000027,12.359271869923,2505.924829083045
600.900000000028,120.900000000028,12.357147321918,2506.542739562853
600.950000000028,120.950000000028,12.355022773913,2507.160543815250
601.000000000028,121.000000000028,12.352898225908,2507.778241840244
601.025000000000,121.025000000000,12.351835951907,2508.087051017121
601.050000000028,121.050000000028,12.350788856958,2508.395833827578
601.100000000028,121.100000000028,12.348694667062,2509.013320915678
601.150000000028,121.150000000028,12.346600477165,2509.630703294284
601.200000000028,121.200000000028,12.344506287269,2510.247980963396
601.250000000028,121.250000000028,12.342412097373,2510.865153923011
601.300000000028,121.300000000028,12.340317907477,2511.482222173133
601.350000000028,121.350000000028,12.338223717581,2512.099185713759
601.400000000028,121.400000000028,12.336129527685,2512.716044544890
601.450000000028,121.450000000028,12.334035337789,2513.332798666528
601.500000000028,121.500000000028,12.331941147892,2513.949448078669
601.550000000028,121.550000000028,12.329846957996,2514.565992781317
601.600000000028,121.600000000028,12.327752768100,2515.182432774469
601.650000000028,121.650000000028,12.325658578203,2515.798768058126
601.700000000028,121.700000000028,12.323564388307,2516.414998632290
601.750000000028,121.750000000028,12.321470198411,2517.031124496957
601.800000000028,121.800000000028,12.319376008514,2517.647145652131
601.850000000028,121.850000000028,12.317281818618,2518.263062097809
601.900000000028,121.900000000028,12.315187628721,2518.878873833992
601.950000000028,121.950000000028,12.313093438825,2519.494580860681
602.000000000028,122.000000000028,12.310999248928,2520.110183177875
602.025000000000,122.025000000000,12.309952153981,2520.417945070066
602.050000000028,122.050000000028,12.308889096169,2520.725680586038
602.100000000028,122.100000000028,12.306762980546,2521.341071887956
602.150000000028,122.150000000028,12.304636864923,2521.956356884092
602.200000000028,122.200000000028,12.302510749300,2522.571535574449
602.250000000028,122.250000000028,12.300384633677,2523.186607959023
602.300000000028,122.300000000028,12.298258518053,2523.801574037817
602.350000000028,122.350000000028,12.296132402430,2524.416433810828
602.400000000028,122.400000000028,12.294006286807,2525.031187278059
602.450000000028,122.450000000028,12.291880171184,2525.645834439510
602.500000000028,122.500000000028,12.289754055561,2526.260375295178
602.550000000028,122.550000000028,12.287627939938,2526.874809845066
602.600000000028,122.600000000028,12.285501824314,2527.489138089172
602.650000000028,122.650000000028,12.283375708691,2528.103360027496
602.700000000028,122.700000000028,12.281249593068,2528.717475660041
602.750000000028,122.750000000028,12.279123477445,2529.331484986803
602.800000000028,122.800000000028,12.276997361821,2529.945388007786
602.850000000028,122.850000000028,12.274871246198,2530.559184722986
602.900000000028,122.900000000028,12.272745130574,2531.172875132404
602.950000000028,122.950000000028,12.270619014951,2531.786459236043
603.000000000028,123.000000000028,12.268492899327,2532.399937033900
603.025000000000,123.025000000000,12.267429841517,2532.706636067817
603.050000000028,123.050000000028,12.266352867451,2533.013308352023
603.100000000028,123.100000000028,12.264198919323,2533.626572146692
603.150000000028,123.150000000028,12.262044971195,2534.239728243954
603.200000000028,123.200000000028,12.259891023066,2534.852776643811
603.250000000028,123.250000000028,12.257737074938,2535.465717346261
603.300000000028,123.300000000028,12.255583126809,2536.078550351306
603.350000000028,123.350000000028,12.253429178680,2536.691275658942
603.400000000028,123.400000000028,12.251275230552,2537.303893269172
603.450000000028,123.450000000028,12.249121282423,2537.916403181998
603.500000000028,123.500000000028,12.246967334294,2538.528805397415
603.550000000028,123.550000000028,12.244813386166,2539.141099915427
603.600000000028,123.600000000028,12.242659438037,2539.753286736032
603.650000000028,123.650000000028,12.240505489908,2540.365365859230
603.700000000028,123.700000000028,12.238351541780,2540.977337285023
603.750000000028,123.750000000028,12.236197593651,2541.589201013408
603.800000000028,123.800000000028,12.234043645522,2542.200957044388
603.850000000028,123.850000000028,12.231889697393,2542.812605377961
603.900000000028,123.900000000028,12.229735749264,2543.424146014127
603.950000000028,123.950000000028,12.227581801135,2544.035578952888
604.000000000028,124.000000000028,12.225427853006,2544.646904194241
604.025000000000,124.025000000000,12.224350878943,2544.952526428048
604.050000000028,124.050000000028,12.223291281513,2545.258121955396
604.100000000028,124.100000000028,12.221172086656,2545.869233539600
604.150000000028,124.150000000028,12.219052891798,2546.480239164061
604.200000000028,124.200000000028,12.216933696941,2547.091138828780
604.250000000028,124.250000000028,12.214814502083,2547.701932533755
604.300000000028,124.300000000028,12.212695307226,2548.312620278989
604.350000000028,124.350000000028,12.210576112368,2548.923202064478
604.400000000028,124.400000000028,12.208456917511,2549.533677890224
604.450000000028,124.450000000028,12.206337722653,2550.144047756229
604.500000000028,124.500000000028,12.204218527795,2550.754311662490
604.550000000028,124.550000000028,12.202099332938,2551.364469609009
604.600000000028,124.600000000028,12.199980658719,2551.974521608799
604.650000000028,124.650000000028,12.197870035267,2552.584467876149
604.700000000028,124.700000000028,12.195759411815,2553.194308612326
604.750000000028,124.750000000028,12.193648788363,2553.804043817330
604.800000000028,124.800000000028,12.191538164911,2554.413673491163
604.850000000028,124.850000000028,12.189427541459,2555.023197633822
604.900000000028,124.900000000028,12.187316918007,2555.632616245308
604.950000000028,124.950000000028,12.185206294555,2556.241929325623
605.000000000028,125.000000000028,12.183095671103,2556.851136874764
605.025000000000,125.025000000000,12.182040359378,2557.155701074804
605.050000000028,125.050000000028,12.181047023821,2557.460239667435
605.100000000028,125.100000000028,12.179060352711,2558.069242351848
605.150000000028,125.150000000028,12.177073681600,2558.678145702705
605.200000000028,125.200000000028,12.175087010490,2559.286949720009
605.250000000028,125.250000000028,12.173100339379,2559.895654403755
605.300000000028,125.300000000028,12.171113668269,2560.504259753947
605.350000000028,125.350000000028,12.169126997158,2561.112765770582
605.400000000028,125.400000000028,12.167140326047,2561.721172453661
605.450000000028,125.450000000028,12.165153654937,2562.329479803187
605.500000000028,125.500000000028,12.163166983826,2562.937687819156
605.550000000029,125.550000000029,12.161180312715,2563.545796501581
605.600000000028,125.600000000028,12.159193641604,2564.153805850427
605.650000000028,125.650000000028,12.157206970494,2564.761715865729
605.700000000029,125.700000000029,12.155220299383,2565.369526547490
605.750000000029,125.750000000029,12.153233628272,2565.977237895680
605.800000000029,125.800000000029,12.151246957161,2566.584849910316
605.850000000028,125.850000000028,12.149260286050,2567.192362591385
605.900000000029,125.900000000029,12.147273614939,2567.799775938921
605.950000000029,125.950000000029,12.145286943828,2568.407089952892
606.000000000029,126.000000000029,12.143300272717,2569.014304633305
606.025000000000,126.025000000000,12.142306937163,2569.317874723076
606.050000000029,126.050000000029,12.141336685403,2569.621420268710
606.100000000029,126.100000000029,12.139396181885,2570.228438590393
606.150000000029,126.150000000029,12.137455678367,2570.835359886898
606.200000000029,126.200000000029,12.135515174850,2571.442184158230
606.250000000029,126.250000000029,12.133574671332,2572.048911404384
606.300000000029,126.300000000029,12.131634167814,2572.655541625362
606.350000000029,126.350000000029,12.129693664297,2573.262074821166
606.400000000029,126.400000000029,12.127753160779,2573.868510991792
606.450000000029,126.450000000029,12.125812657261,2574.474850137244
606.500000000029,126.500000000029,12.123872153743,2575.081092257518
606.550000000029,126.550000000029,12.121931650225,2575.687237352617
606.600000000029,126.600000000029,12.119991146707,2576.293285422541
606.650000000029,126.650000000029,12.118050643189,2576.899236467288
606.700000000029,126.700000000029,12.116110139671,2577.505090486860
606.750000000029,126.750000000029,12.114169636153,2578.110847481255
606.800000000029,126.800000000029,12.112229132635,2578.716507450475
606.850000000029,126.850000000029,12.110288629117,2579.322070394519
606.900000000029,126.900000000029,12.108348125599,2579.927536313387
606.950000000029,126.950000000029,12.106407622081,2580.532905207080
607.000000000029,127.000000000029,12.104467118563,2581.138177075595
607.025000000000,127.025000000000,12.103496866805,2581.440776625061
607.050000000029,127.050000000029,12.102555944376,2581.743352285551
607.100000000029,127.100000000029,12.100674099519,2582.348433036650
607.150000000029,127.150000000029,12.098792254662,2582.953419695504
607.200000000029,127.200000000029,12.096910409806,2583.558312262116
607.250000000029,127.250000000029,12.095028564949,2584.163110736484
607.300000000029,127.300000000029,12.093146720092,2584.767815118610
607.350000000029,127.350000000029,12.091264875235,2585.372425408494
607.400000000029,127.400000000029,12.089383030378,2585.976941606134
607.450000000029,127.450000000029,12.087501185521,2586.581363711532
607.500000000029,127.500000000029,12.085619340665,2587.185691724686
607.550000000029,127.550000000029,12.083737495808,2587.789925645597
607.600000000029,127.600000000029,12.081855650951,2588.394065474267
607.650000000029,127.650000000029,12.079973806094,2588.998111210693
607.700000000029,127.700000000029,12.078091961237,2589.602062854877
607.750000000029,127.750000000029,12.076210116380,2590.205920406816
607.800000000029,127.800000000029,12.074328271523,2590.809683866513
607.850000000029,127.850000000029,12.072452153285,2591.413353377134
607.900000000029,127.900000000029,12.070577310753,2592.016929113734
607.950000000029,127.950000000029,12.068702468221,2592.620411108210
608.000000000029,128.000000000029,12.066827625689,2593.223799360557
608.025000000000,128.025000000000,12.065890204424,2593.525458333083
608.050000000029,128.050000000029,12.064986105541,2593.827094287307
608.100000000029,128.100000000029,12.063177907778,2594.430298387641
608.150000000029,128.150000000029,12.061369710014,2595.033412078085
608.200000000029,128.200000000029,12.059561512250,2595.636435358642
608.250000000029,128.250000000029,12.057753314487,2596.239368229310
608.300000000029,128.300000000029,12.055945116723,2596.842210690090
608.350000000029,128.350000000029,12.054136918959,2597.444962740983
608.400000000029,128.400000000029,12.052328721195,2598.047624381986
608.450000000029,128.450000000029,12.050520523432,2598.650195613102
608.500000000029,128.500000000029,12.048712325668,2599.252676434329
608.550000000029,128.550000000029,12.046904127904,2599.855066845668
608.600000000029,128.600000000029,12.045095930140,2600.457366847120
608.650000000029,128.650000000029,12.043287732376,2601.059576438682
608.700000000029,128.700000000029,12.041479534612,2601.661695620357
608.750000000029,128.750000000029,12.039671336848,2602.263724392144
608.800000000029,128.800000000029,12.037863139084,2602.865662754041
608.850000000029,128.850000000029,12.036054941320,2603.467510706052
608.900000000029,128.900000000029,12.034246743556,2604.069268248174
608.950000000029,128.950000000029,12.032438545792,2604.670935380408
609.000000000029,129.000000000029,12.030630348028,2605.272512102753
609.025000000000,129.025000000000,12.029726249147,2605.573266559868
609.050000000029,129.050000000029,12.028844821974,2605.873998698606
609.100000000029,129.100000000029,12.027081967628,2606.475396868347
609.150000000029,129.150000000029,12.025319113283,2607.076706895369
609.200000000029,129.200000000029,12.023556258937,2607.677928779675
609.250000000029,129.250000000029,12.021793404592,2608.279062521263
609.300000000029,129.300000000029,12.020030550246,2608.880108120133
609.350000000030,129.350000000030,12.018267695900,2609.481065576300
609.400000000029,129.400000000029,12.016504841555,2610.081934889723
609.450000000029,129.450000000029,12.014741987209,2610.682716060443
609.500000000030,129.500000000030,12.012979132863,2611.283409088457
609.550000000030,129.550000000030,12.011216278518,2611.884013973741
609.600000000030,129.600000000030,12.009453424172,2612.484530716309
609.650000000029,129.650000000029,12.007690569826,2613.084959316146
609.700000000030,129.700000000030,12.005927715480,2613.685299773290
609.750000000030,129.750000000030,12.004164861135,2614.285552087706
609.800000000030,129.800000000030,12.002402006789,2614.885716259404
609.850000000030,129.850000000030,12.000639152443,2615.485792288386
609.900000000030,129.900000000030,11.998876740731,2616.085780185715
609.950000000030,129.950000000030,11.997120877671,2616.685680126174
610.000000000030,130.000000000030,11.995365014610,2617.285492273482
610.025000000000,130.025000000000,11.994487083080,2617.585365424343
610.050000000030,130.050000000030,11.993617223886,2617.885216728539
610.100000000030,130.100000000030,11.991877505500,2618.484854096775
610.150000000030,130.150000000030,11.990137787113,2619.084404479090
610.200000000030,130.200000000030,11.988398068727,2619.683867875485
610.250000000030,130.250000000030,11.986658350340,2620.283244285963
610.300000000030,130.300000000030,11.984918631953,2620.882533710520
610.350000000030,130.350000000030,11.983178913567,2621.481736149158
610.400000000030,130.400000000030,11.981439195180,2622.080851601876
610.450000000030,130.450000000030,11.979699476794,2622.679880068675
610.500000000030,130.500000000030,11.977959758407,2623.278821549556
610.550000000030,130.550000000030,11.976220040020,2623.877676044516
610.600000000030,130.600000000030,11.974480321634,2624.476443553559
610.650000000030,130.650000000030,11.972740603247,2625.075124076680
610.700000000030,130.700000000030,11.971000884860,2625.673717613882
610.750000000030,130.750000000030,11.969261166474,2626.272224165166
610.800000000030,130.800000000030,11.967521448087,2626.870643730530
610.850000000030,130.850000000030,11.965781729700,2627.468976309975
610.900000000030,130.900000000030,11.964042011313,2628.067221903500
610.950000000030,130.950000000030,11.962302292926,2628.665380511106
611.000000000030,131.000000000030,11.960562574539,2629.263452132793
611.025000000000,131.025000000000,11.959692715347,2629.562455323558
611.050000000030,131.050000000030,11.958814267145,2629.861436661197
611.100000000030,131.100000000030,11.957057370742,2630.459333452146
611.150000000030,131.150000000030,11.955300474339,2631.057142398272
611.200000000030,131.200000000030,11.953543577936,2631.654863499578
611.250000000030,131.250000000030,11.951786681533,2632.252496756066
611.300000000030,131.300000000030,11.950029785131,2632.850042167732
611.350000000030,131.350000000030,11.948272888728,2633.447499734579
611.400000000030,131.400000000030,11.946515992325,2634.044869456605
611.450000000030,131.450000000030,11.944759095922,2634.642151333810
611.500000000030,131.500000000030,11.943002199519,2635.239345366198
611.550000000030,131.550000000030,11.941245303116,2635.836451553763
611.600000000030,131.600000000030,11.939488406713,2636.433469896509
611.650000000030,131.650000000030,11.937731510310,2637.030400394434
611.700000000030,131.700000000030,11.935974613907,2637.627243047539
611.750000000030,131.750000000030,11.934217717504,2638.223997855825
611.800000000030,131.800000000030,11.932460821101,2638.820664819290
611.850000000030,131.850000000030,11.930703924698,2639.417243937936
611.900000000030,131.900000000030,11.928947028294,2640.013735211760
611.950000000030,131.950000000030,11.927190131891,2640.610138640764
612.000000000030,132.000000000030,11.925433235488,2641.206454224950
612.025000000000,132.025000000000,11.924554787288,2641.504579074876
612.050000000030,132.050000000030,11.923662344307,2641.802681789378
612.100000000030,132.100000000030,11.921877458347,2642.398820284445
612.150000000030,132.150000000030,11.920092572387,2642.994869535213
612.200000000030,132.200000000030,11.918307686428,2643.590829541683
612.250000000030,132.250000000030,11.916522800468,2644.186700303856
612.300000000030,132.300000000030,11.914737914508,2644.782481821730
612.350000000030,132.350000000030,11.912953028548,2645.378174095307
612.400000000030,132.400000000030,11.911168142588,2645.973777124585
612.450000000030,132.450000000030,11.909383256628,2646.569290909565
612.500000000030,132.500000000030,11.907598370669,2647.164715450248
612.550000000030,132.550000000030,11.905813484709,2647.760050746632
612.600000000030,132.600000000030,11.904028598749,2648.355296798719
612.650000000030,132.650000000030,11.902243712789,2648.950453606507
612.700000000030,132.700000000030,11.900458826829,2649.545521169997
612.750000000030,132.750000000030,11.898673940869,2650.140499489190
612.800000000030,132.800000000030,11.896889054909,2650.735388564085
612.850000000030,132.850000000030,11.895104168949,2651.330188394682
612.900000000030,132.900000000030,11.893319282989,2651.924898980980
612.950000000030,132.950000000030,11.891534397029,2652.519520322980
613.000000000030,133.000000000030,11.889749511069,2653.114052420683
613.025000000000,133.025000000000,11.888857068090,2653.411285002565
613.050000000030,133.050000000030,11.887970014157,2653.708495341450
613.100000000030,133.100000000030,11.886195906294,2654.302849489462
613.150000000030,133.150000000030,11.884421798431,2654.897114932080
613.200000000030,133.200000000030,11.882647690568,2655.491291669304
613.250000000030,133.250000000030,11.880873582705,2656.085379701137
613.300000000030,133.300000000030,11.879099474842,2656.679379027575
613.350000000030,133.350000000030,11.877325366979,2657.273289648621
613.400000000030,133.400000000030,11.875551259116,2657.867111564273
613.450000000030,133.450000000030,11.873777151253,2658.460844774532
613.500000000030,133.500000000030,11.872003043390,2659.054489279399
613.550000000030,133.550000000030,11.870228935527,2659.648045078871
613.600000000030,133.600000000030,11.868454827664,2660.241512172952
613.650000000030,133.650000000030,11.866680719801,2660.834890561638
613.700000000030,133.700000000030,11.864906611938,2661.428180244931
613.750000000030,133.750000000030,11.863132504074,2662.021381222832
613.800000000030,133.800000000030,11.861358396211,2662.614493495339
613.850000000030,133.850000000030,11.859584288348,2663.207517062453
613.900000000030,133.900000000030,11.857810180485,2663.800451924174
613.950000000030,133.950000000030,11.856036072622,2664.393298080501
614.000000000030,134.000000000030,11.854261964758,2664.986055531436
614.025000000000,134.025000000000,11.853374910828,2665.282400992025
614.050000000030,134.050000000030,11.852501398378,2665.578724446245
614.100000000030,134.100000000030,11.850754373481,2666.171305840542
614.150000000030,134.150000000030,11.849007348585,2666.763799883593
614.200000000030,134.200000000030,11.847260323688,2667.356206575399
614.250000000030,134.250000000030,11.845513298791,2667.948525915962
614.300000000030,134.300000000030,11.843766273894,2668.540757905279
614.350000000031,134.350000000031,11.842019248997,2669.132902543363
614.400000000030,134.400000000030,11.840272224100,2669.724959830179
614.450000000030,134.450000000030,11.838525199203,2670.316929765761
614.500000000031,134.500000000031,11.836778174306,2670.908812350112
614.550000000031,134.550000000031,11.835031149409,2671.500607583204
614.600000000031,134.600000000031,11.833284124512,2672.092315465052
614.650000000030,134.650000000030,11.831537099615,2672.683935995644
614.700000000031,134.700000000031,11.829790074718,2673.275469175014
614.750000000031,134.750000000031,11.828043049821,2673.866915003128
614.800000000031,134.800000000031,11.826296024924,2674.458273479996
614.850000000031,134.850000000031,11.824549000027,2675.049544605620
614.900000000031,134.900000000031,11.822801975130,2675.640728379999
614.950000000031,134.950000000031,11.821054950233,2676.231824803133
615.000000000031,135.000000000031,11.819307925336,2676.822833875023
615.025000000000,135.025000000000,11.818434412888,2677.118305653883
615.050000000031,135.050000000031,11.817574285395,2677.413755762978
615.100000000031,135.100000000031,11.815854030410,2678.004591470873
615.150000000031,135.150000000031,11.814133775425,2678.595341166020
615.200000000031,135.200000000031,11.812413520440,2679.186004848416
615.250000000031,135.250000000031,11.810693265455,2679.776582518064
615.300000000031,135.300000000031,11.808973010470,2680.367074174962
615.350000000031,135.350000000031,11.807252755485,2680.957479819110
615.400000000031,135.400000000031,11.805532500500,2681.547799450510
615.450000000031,135.450000000031,11.803812245514,2682.138033069160
615.500000000031,135.500000000031,11.802091990529,2682.728180675062
615.550000000031,135.550000000031,11.800371735544,2683.318242268213
615.600000000031,135.600000000031,11.798651480559,2683.908217848616
615.650000000031,135.650000000031,11.796931225574,2684.498107416270
615.700000000031,135.700000000031,11.795210970589,2685.087910971173
615.750000000031,135.750000000031,11.793490715603,2685.677628513329
615.800000000031,135.800000000031,11.791770460618,2686.267260042734
615.850000000031,135.850000000031,11.790050205633,2686.856805559389
615.900000000031,135.900000000031,11.788329950648,2687.446265063297
615.950000000031,135.950000000031,11.786609695662,2688.035638554454
616.000000000031,136.000000000031,11.784889440677,2688.624926032864
616.025000000000,136.025000000000,11.784029313185,2688.919537516921
616.050000000031,136.050000000031,11.783180522951,2689.214127640238
616.100000000031,136.100000000031,11.781482942486,2689.803244226874
616.150000000031,136.150000000031,11.779785362020,2690.392275934487
616.200000000031,136.200000000031,11.778087781554,2690.981222763075
616.250000000031,136.250000000031,11.776390201088,2691.570084712642
616.300000000031,136.300000000031,11.774692620622,2692.158861783184
616.350000000031,136.350000000031,11.772995040156,2692.747553974703
616.400000000031,136.400000000031,11.771297459690,2693.336161287200
616.450000000031,136.450000000031,11.769599879224,2693.924683720673
616.500000000031,136.500000000031,11.767902298759,2694.513121275123
616.550000000031,136.550000000031,11.766204718293,2695.101473950549
616.600000000031,136.600000000031,11.764507137827,2695.689741746951
616.650000000031,136.650000000031,11.762809557361,2696.277924664332
616.700000000031,136.700000000031,11.761111976895,2696.866022702688
616.750000000031,136.750000000031,11.759414396429,2697.454035862022
616.800000000031,136.800000000031,11.757716815962,2698.041964142331
616.850000000031,136.850000000031,11.756019235496,2698.629807543617
616.900000000031,136.900000000031,11.754321655030,2699.217566065881
616.950000000031,136.950000000031,11.752624074564,2699.805239709120
617.000000000031,137.000000000031,11.750926494098,2700.392828473337
617.025000000000,137.025000000000,11.750077703866,2700.686591025447
617.050000000031,137.050000000031,11.749260844188,2700.980332757662
617.100000000031,137.100000000031,11.747627124833,2701.567754956887
617.150000000031,137.150000000031,11.745993405479,2702.155095470145
617.200000000031,137.200000000031,11.744361837621,2702.742354351222
617.250000000031,137.250000000031,11.742734251301,2703.329531753446
617.300000000031,137.300000000031,11.741112542735,2703.916627923296
617.350000000031,137.350000000031,11.739490834169,2704.503643007718
617.400000000031,137.400000000031,11.737869125603,2705.090577006713
617.450000000031,137.450000000031,11.736247417038,2705.677429920279
617.500000000031,137.500000000031,11.734625708472,2706.264201748417
617.550000000031,137.550000000031,11.733003999906,2706.850892491126
617.600000000031,137.600000000031,11.731382291340,2707.437502148407
617.650000000031,137.650000000031,11.729760582774,2708.024030720260
617.700000000031,137.700000000031,11.728138874208,2708.610478206684
617.750000000031,137.750000000031,11.726517165642,2709.196844607681
617.800000000031,137.800000000031,11.724895457076,2709.783129923248
617.850000000031,137.850000000031,11.723273748510,2710.369334153388
617.900000000031,137.900000000031,11.721652039944,2710.955457298100
617.950000000031,137.950000000031,11.720034204229,2711.541499454203
618.000000000031,138.000000000031,11.718418642371,2712.127460775369
618.025000000000,138.025000000000,11.717610861443,2712.420411143803
618.050000000031,138.050000000031,11.716818814012,2712.713341515110
618.100000000031,138.100000000031,11.715234719150,2713.299142853438
618.150000000032,138.150000000032,11.713650624289,2713.884864987037
618.200000000031,138.200000000031,11.712066529427,2714.470507915868
618.250000000031,138.250000000031,11.710482434566,2715.056071639968
618.300000000032,138.300000000032,11.708898339704,2715.641556159336
618.350000000032,138.350000000032,11.707314244843,2716.226961473949
618.400000000032,138.400000000032,11.705730149982,2716.812287583821
618.450000000031,138.450000000031,11.704149460857,2717.397534574079
618.500000000032,138.500000000032,11.702571352851,2717.982702594433
618.550000000032,138.550000000032,11.700993244844,2718.567791709376
618.600000000032,138.600000000032,11.699415136838,2719.152801918918
618.650000000032,138.650000000032,11.697837028831,2719.737733223060
618.700000000032,138.700000000032,11.696258920825,2720.322585621801
618.750000000032,138.750000000032,11.694680812818,2720.907359115142
618.800000000032,138.800000000032,11.693102704812,2721.492053703083
618.850000000032,138.850000000032,11.691524596805,2722.076669385624
618.900000000032,138.900000000032,11.689946488799,2722.661206162764
618.950000000032,138.950000000032,11.688368380792,2723.245664034504
619.000000000032,139.000000000032,11.686790272785,2723.830043000843
619.025000000000,139.025000000000,11.686001218783,2724.122202894114
619.050000000032,139.050000000032,11.685229842139,2724.414343282750
619.100000000032,139.100000000032,11.683687088854,2724.998566206024
619.150000000032,139.150000000032,11.682144335569,2725.582711991635
619.200000000032,139.200000000032,11.680601582284,2726.166780639581
619.250000000032,139.250000000032,11.679058828999,2726.750772149863
619.300000000032,139.300000000032,11.677516075714,2727.334686522481
619.350000000032,139.350000000032,11.675973322428,2727.918523757434
619.400000000032,139.400000000032,11.674430569143,2728.502283854724
619.450000000032,139.450000000032,11.672887815858,2729.085966814349
619.500000000032,139.500000000032,11.671345062573,2729.669572636309
619.550000000032,139.550000000032,11.669802309287,2730.253101320606
619.600000000032,139.600000000032,11.668259556002,2730.836552867238
619.650000000032,139.650000000032,11.666716802717,2731.419927276207
619.700000000032,139.700000000032,11.665174049432,2732.003224547510
619.750000000032,139.750000000032,11.663631296146,2732.586444681149
619.800000000032,139.800000000032,11.662088542861,2733.169587677125
619.850000000032,139.850000000032,11.660545789576,2733.752653535435
619.900000000032,139.900000000032,11.659003036290,2734.335642256082
619.950000000032,139.950000000032,11.657460283005,2734.918553839064
620.000000000032,140.000000000032,11.655917529719,2735.501388284382
620.025000000000,140.025000000000,11.655146153078,2735.792776580044
620.050000000032,140.050000000032,11.654388949696,2736.084145769202
620.100000000032,140.100000000032,11.652874542935,2736.666827356517
620.150000000032,140.150000000032,11.651360136174,2737.249433223496
620.200000000032,140.200000000032,11.649846442861,2737.831963387971
620.250000000032,140.250000000032,11.648337571897,2738.414417988340
620.300000000032,140.300000000032,11.646828700933,2738.996797145161
620.350000000032,140.350000000032,11.645319829969,2739.579100858433
620.400000000032,140.400000000032,11.643810959005,2740.161329128158
620.450000000032,140.450000000032,11.642302088041,2740.743481954334
620.500000000032,140.500000000032,11.640793217077,2741.325559336962
620.550000000032,140.550000000032,11.639284346113,2741.907561276042
620.600000000032,140.600000000032,11.637775475149,2742.489487771573
620.650000000032,140.650000000032,11.636266604185,2743.071338823558
620.700000000032,140.700000000032,11.634757733221,2743.653114431992
620.750000000032,140.750000000032,11.633248862257,2744.234814596879
620.800000000032,140.800000000032,11.631739991293,2744.816439318219
620.850000000032,140.850000000032,11.630231120328,2745.397988596009
620.900000000032,140.900000000032,11.628725096763,2745.979462501437
620.950000000032,140.950000000032,11.627221914287,2746.560861176712
621.000000000032,141.000000000032,11.625718731811,2747.142184692864
621.025000000000,141.025000000000,11.624967140574,2747.432818265897
621.050000000032,141.050000000032,11.624214760623,2747.723433040035
621.100000000032,141.100000000032,11.622710000723,2748.304606159068
621.150000000032,141.150000000032,11.621205240823,2748.885704040107
621.200000000032,141.200000000032,11.619700480923,2749.466726683150
621.250000000032,141.250000000032,11.618195721023,2750.047674088198
621.300000000032,141.300000000032,11.616690961123,2750.628546255253
621.350000000032,141.350000000032,11.615186201223,2751.209343184311
621.400000000032,141.400000000032,11.613681441323,2751.790064875375
621.450000000032,141.450000000032,11.612176681423,2752.370711328444
621.500000000032,141.500000000032,11.610671921524,2752.951282543517
621.550000000032,141.550000000032,11.609167161624,2753.531778520596
621.600000000032,141.600000000032,11.607662401724,2754.112199259680
621.650000000032,141.650000000032,11.606157641824,2754.692544760769
621.700000000032,141.700000000032,11.604652881924,2755.272815023862
621.750000000032,141.750000000032,11.603148122023,2755.853010048960
621.800000000032,141.800000000032,11.601643362123,2756.433129836065
621.850000000032,141.850000000032,11.600138602223,2757.013174385173
621.900000000032,141.900000000032,11.598633842323,2757.593143696287
621.950000000032,141.950000000032,11.597129082423,2758.173037769406
622.000000000032,142.000000000032,11.595624322523,2758.752856604529
622.025000000000,142.025000000000,11.594871942574,2759.042737807472
622.050000000032,142.050000000032,11.594106237786,2759.332600035098
622.100000000032,142.100000000032,11.592574828211,2759.912267061748
622.150000000032,142.150000000032,11.591043418637,2760.491857517919
622.200000000032,142.200000000032,11.589512009063,2761.071371403611
622.250000000032,142.250000000032,11.587980599488,2761.650808718825
622.300000000032,142.300000000032,11.586449189914,2762.230169463561
622.350000000032,142.350000000032,11.584917780339,2762.809453637817
622.400000000032,142.400000000032,11.583386370765,2763.388661241595
622.450000000032,142.450000000032,11.581854961190,2763.967792274893
622.500000000032,142.500000000032,11.580323551616,2764.546846737713
622.550000000032,142.550000000032,11.578792142041,2765.125824630055
622.600000000032,142.600000000032,11.577260732467,2765.704725951918
622.650000000032,142.650000000032,11.575729322892,2766.283550703302
622.700000000032,142.700000000032,11.574197913318,2766.862298884207
622.750000000032,142.750000000032,11.572666503743,2767.440970494633
622.800000000032,142.800000000032,11.571135094168,2768.019565534581
622.850000000032,142.850000000032,11.569603684594,2768.598084004050
622.900000000032,142.900000000032,11.568072275019,2769.176525903041
622.950000000032,142.950000000032,11.566540865444,2769.754891231552
623.000000000032,143.000000000032,11.565009455870,2770.333179989585
623.025000000000,143.025000000000,11.564243751083,2770.622295654302
623.050000000032,143.050000000032,11.563467321373,2770.911392043078
623.100000000032,143.100000000032,11.561914461953,2771.489526587661
623.150000000033,143.150000000033,11.560361602533,2772.067583489284
623.200000000032,143.200000000032,11.558808743114,2772.645562747914
623.250000000032,143.250000000032,11.557255883694,2773.223464363584
623.300000000033,143.300000000033,11.555703024275,2773.801288336296
623.350000000033,143.350000000033,11.554150164855,2774.379034666023
623.400000000033,143.400000000033,11.552597305435,2774.956703352780
623.450000000032,143.450000000032,11.551044446015,2775.534294396555
623.500000000033,143.500000000033,11.549491586596,2776.111807797382
623.550000000033,143.550000000033,11.547938727176,2776.689243555227
623.600000000033,143.600000000033,11.546385867756,2777.266601670100
623.650000000033,143.650000000033,11.544833008337,2777.843882142002
623.700000000033,143.700000000033,11.543280148917,2778.421084970934
623.750000000033,143.750000000033,11.541727289497,2778.998210156893
623.800000000033,143.800000000033,11.540174430077,2779.575257699883
623.850000000033,143.850000000033,11.538621570657,2780.152227599901
623.900000000033,143.900000000033,11.537068711238,2780.729119856948
623.950000000033,143.950000000033,11.535515851818,2781.305934471025
624.000000000033,144.000000000033,11.533962992398,2781.882671442130
624.025000000000,144.025000000000,11.533186562689,2782.171010811188
624.050000000033,144.050000000033,11.532413134381,2782.459330807783
624.100000000033,144.100000000033,11.530866277768,2783.035912793086
624.150000000033,144.150000000033,11.529319421154,2783.612417435559
624.200000000033,144.200000000033,11.527772564541,2784.188844735202
624.250000000033,144.250000000033,11.526225707927,2784.765194692013
624.300000000033,144.300000000033,11.524678851314,2785.341467305995
624.350000000033,144.350000000033,11.523131994700,2785.917662577145
624.400000000033,144.400000000033,11.521585138087,2786.493780505464
624.450000000033,144.450000000033,11.520038281473,2787.069821090954
624.500000000033,144.500000000033,11.518491424860,2787.645784333612
624.550000000033,144.550000000033,11.516944568246,2788.221670233440
624.600000000033,144.600000000033,11.515397711633,2788.797478790436
624.650000000033,144.650000000033,11.513850855019,2789.373210004602
624.700000000033,144.700000000033,11.512303998406,2789.948863875939
624.750000000033,144.750000000033,11.510757141792,2790.524440404443
624.800000000033,144.800000000033,11.509210285178,2791.099939590118
624.850000000033,144.850000000033,11.507663428565,2791.675361432961
624.900000000033,144.900000000033,11.506116571951,2792.250705932973
624.950000000033,144.950000000033,11.504569715337,2792.825973090156
625.000000000033,145.000000000033,11.503022858724,2793.401162904507
625.025000000000,145.025000000000,11.502249430418,2793.688728807742
625.050000000033,145.050000000033,11.501487751634,2793.976275522898
625.100000000033,145.100000000033,11.499964394068,2794.551311826539
625.150000000033,145.150000000033,11.498441036502,2795.126271962303
625.200000000033,145.200000000033,11.496917678936,2795.701155930190
625.250000000033,145.250000000033,11.495394321370,2796.275963730197
625.300000000033,145.300000000033,11.493870963804,2796.850695362327
625.350000000033,145.350000000033,11.492347606238,2797.425350826577
625.400000000033,145.400000000033,11.490824248672,2797.999930122950
625.450000000033,145.450000000033,11.489300891105,2798.574433251445
625.500000000033,145.500000000033,11.487777533539,2799.148860212060
625.550000000033,145.550000000033,11.486254175973,2799.723211004799
625.600000000033,145.600000000033,11.484730818407,2800.297485629658
625.650000000033,145.650000000033,11.483207460841,2800.871684086639
625.700000000033,145.700000000033,11.481684103275,2801.445806375742
625.750000000033,145.750000000033,11.480160745709,2802.019852496966
625.800000000033,145.800000000033,11.478637388142,2802.593822450313
625.850000000033,145.850000000033,11.477114030576,2803.167716235781
625.900000000033,145.900000000033,11.475590673010,2803.741533853370
625.950000000033,145.950000000033,11.474067315444,2804.315275303082
626.000000000033,146.000000000033,11.472543957878,2804.888940584915
626.025000000000,146.025000000000,11.471782279095,2805.175744662498
626.050000000033,146.050000000033,11.471026284715,2805.462529769925
626.100000000033,146.100000000033,11.469514295955,2806.036043284442
626.150000000033,146.150000000033,11.468002307196,2806.609481199520
626.200000000033,146.200000000033,11.466490318436,2807.182843515161
626.250000000033,146.250000000033,11.464978329677,2807.756130231364
626.300000000033,146.300000000033,11.463466340917,2808.329341348130
626.350000000033,146.350000000033,11.461954352158,2808.902476865456
626.400000000033,146.400000000033,11.460442363398,2809.475536783344
626.450000000033,146.450000000033,11.458930374638,2810.048521101796
626.500000000033,146.500000000033,11.457418385879,2810.621429820808
626.550000000033,146.550000000033,11.455906397119,2811.194262940384
626.600000000033,146.600000000033,11.454394408360,2811.767020460520
626.650000000033,146.650000000033,11.452882419600,2812.339702381219
626.700000000033,146.700000000033,11.451370430840,2812.912308702480
626.750000000033,146.750000000033,11.449858442081,2813.484839424303
626.800000000033,146.800000000033,11.448346453321,2814.057294546689
626.850000000033,146.850000000033,11.446834464561,2814.629674069635
626.900000000033,146.900000000033,11.445322475802,2815.201977993144
626.950000000034,146.950000000034,11.443810487042,2815.774206317227
627.000000000033,147.000000000033,11.442298498282,2816.346359041848
627.025000000000,147.025000000000,11.441542503903,2816.632407053998
627.050000000033,147.050000000033,11.440817515566,2816.918436554620
627.100000000034,147.100000000034,11.439367538895,2817.490441180993
627.150000000034,147.150000000034,11.437917562223,2818.062373308520
627.200000000034,147.200000000034,11.436467585551,2818.634232937215
627.250000000033,147.250000000033,11.435017608879,2819.206020067063
627.300000000034,147.300000000034,11.433567632207,2819.777734698102
627.350000000034,147.350000000034,11.432117655535,2820.349376830296
627.400000000034,147.400000000034,11.430667678863,2820.920946463656
627.450000000034,147.450000000034,11.429217702191,2821.492443598183
627.500000000034,147.500000000034,11.427772080356,2822.063868342746
627.550000000034,147.550000000034,11.426327769296,2822.635220838987
627.600000000034,147.600000000034,11.424883458236,2823.206501119676
627.650000000034,147.650000000034,11.423439147176,2823.777709184811
627.700000000034,147.700000000034,11.421994836116,2824.348845034394
627.750000000034,147.750000000034,11.420550525056,2824.919908668423
627.800000000034,147.800000000034,11.419106213995,2825.490900086899
627.850000000034,147.850000000034,11.417661902935,2826.061819289823
627.900000000034,147.900000000034,11.416217591875,2826.632666277193
627.950000000034,147.950000000034,11.414773280815,2827.203441049011
628.000000000034,148.000000000034,11.413328969754,2827.774143605274
628.025000000000,148.025000000000,11.412606814225,2828.059467802186
628.050000000034,148.050000000034,11.411888902289,2828.344773999030
628.100000000034,148.100000000034,11.410453078419,2828.915332548548
628.150000000034,148.150000000034,11.409017254549,2829.485819306872
628.200000000034,148.200000000034,11.407581430678,2830.056234274003
628.250000000034,148.250000000034,11.406145606808,2830.626577449940
628.300000000034,148.300000000034,11.404709782938,2831.196848834683
628.350000000034,148.350000000034,11.403273959067,2831.767048428234
628.400000000034,148.400000000034,11.401838135197,2832.337176230590
628.450000000034,148.450000000034,11.400402311327,2832.907232241754
628.500000000034,148.500000000034,11.398971071233,2833.477216576317
628.550000000034,148.550000000034,11.397540943181,2834.047129376677
628.600000000034,148.600000000034,11.396110815129,2834.616970670636
628.650000000034,148.650000000034,11.394680687077,2835.186740458191
628.700000000034,148.700000000034,11.393250559026,2835.756438739344
628.750000000034,148.750000000034,11.391820430974,2836.326065514093
628.800000000034,148.800000000034,11.390390302922,2836.895620782440
628.850000000034,148.850000000034,11.388960174870,2837.465104544386
628.900000000034,148.900000000034,11.387530046818,2838.034516799928
628.950000000034,148.950000000034,11.386099918766,2838.603857549068
629.000000000034,149.000000000034,11.384669790714,2839.173126791804
629.025000000000,149.025000000000,11.383954726689,2839.457734597885
629.050000000034,149.050000000034,11.383225696747,2839.742324353564
629.100000000034,149.100000000034,11.381767636866,2840.311449186905
629.150000000034,149.150000000034,11.380309576984,2840.880501117251
629.200000000034,149.200000000034,11.378851517103,2841.449480144604
629.250000000034,149.250000000034,11.377393457221,2842.018386268961
629.300000000034,149.300000000034,11.375935397340,2842.587219490325
629.350000000034,149.350000000034,11.374477337458,2843.155979808695
629.400000000034,149.400000000034,11.373019277577,2843.724667224070
629.450000000034,149.450000000034,11.371561217695,2844.293281736453
629.500000000034,149.500000000034,11.370103157814,2844.861823345840
629.550000000034,149.550000000034,11.368645097932,2845.430292052233
629.600000000034,149.600000000034,11.367187038051,2845.998687855634
629.650000000034,149.650000000034,11.365728978169,2846.567010756039
629.700000000034,149.700000000034,11.364270918288,2847.135260753451
629.750000000034,149.750000000034,11.362812858406,2847.703437847868
629.800000000034,149.800000000034,11.361354798525,2848.271542039291
629.850000000034,149.850000000034,11.359896738643,2848.839573327721
629.900000000034,149.900000000034,11.358438678761,2849.407531713155
629.950000000034,149.950000000034,11.356980618880,2849.975417195597
630.000000000034,150.000000000034,11.355522558998,2850.543229775044
630.025000000000,150.025000000000,11.354793529058,2850.827108725758
630.050000000034,150.050000000034,11.354019346816,2851.110968887092
630.100000000034,150.100000000034,11.352470982333,2851.678631145322
630.150000000034,150.150000000034,11.350922617851,2852.246215985326
630.200000000034,150.200000000034,11.349374253368,2852.813723407107
630.250000000034,150.250000000034,11.347825888885,2853.381153410663
630.300000000034,150.300000000034,11.346277524403,2853.948505995995
630.350000000034,150.350000000034,11.344729159920,2854.515781163103
630.400000000034,150.400000000034,11.343180795437,2855.082978911987
630.450000000034,150.450000000034,11.341632430954,2855.650099242647
630.500000000034,150.500000000034,11.340084066472,2856.217142155082
630.550000000034,150.550000000034,11.338535701989,2856.784107649294
630.600000000034,150.600000000034,11.336987337506,2857.350995725282
630.650000000034,150.650000000034,11.335438973023,2857.917806383045
630.700000000034,150.700000000034,11.333890608541,2858.484539622584
630.750000000034,150.750000000034,11.332342244058,2859.051195443898
630.800000000034,150.800000000034,11.330793879575,2859.617773846989
630.850000000034,150.850000000034,11.329245515092,2860.184274831856
630.900000000034,150.900000000034,11.327697150609,2860.750698398498
630.950000000034,150.950000000034,11.326148786126,2861.317044546917
631.000000000034,151.000000000034,11.324600421643,2861.883313277111
631.025000000000,151.025000000000,11.323826239403,2862.166418609989
631.050000000034,151.050000000034,11.323005956776,2862.449504012826
631.100000000034,151.100000000034,11.321365391526,2863.015613296534
631.150000000034,151.150000000034,11.319724826275,2863.581640551979
631.200000000034,151.200000000034,11.318084261024,2864.147585779162
631.250000000034,151.250000000034,11.316443695774,2864.713448978081
631.300000000034,151.300000000034,11.314803130523,2865.279230148738
631.350000000034,151.350000000034,11.313162565272,2865.844929291134
631.400000000034,151.400000000034,11.311522000022,2866.410546405266
631.450000000034,151.450000000034,11.309881434771,2866.976081491136
631.500000000034,151.500000000034,11.308240869520,2867.541534548743
631.550000000034,151.550000000034,11.306600304269,2868.106905578087
631.600000000034,151.600000000034,11.304959739019,2868.672194579170
631.650000000034,151.650000000034,11.303319173768,2869.237401551989
631.700000000034,151.700000000034,11.301678608517,2869.802526496547
631.750000000034,151.750000000034,11.300038043266,2870.367569412841
631.800000000034,151.800000000034,11.298397478015,2870.932530300873
631.850000000034,151.850000000034,11.296756912764,2871.497409160643
631.900000000034,151.900000000034,11.295116347513,2872.062205992149
631.950000000035,151.950000000035,11.293475782262,2872.626920795405
632.000000000034,152.000000000034,11.291835217011,2873.191553570376
632.025000000000,152.025000000000,11.291014934387,2873.473839196884
632.050000000034,152.050000000034,11.290202318094,2873.756104412923
632.100000000035,152.100000000035,11.288577085511,2874.320573898026
632.150000000035,152.150000000035,11.286951852928,2874.884962121486
632.200000000035,152.200000000035,11.285326620345,2875.449269083318
632.250000000034,152.250000000034,11.283701387761,2876.013494783509
632.300000000035,152.300000000035,11.282076155178,2876.577639222094
632.350000000035,152.350000000035,11.280450922595,2877.141702399039
632.400000000035,152.400000000035,11.278825690011,2877.705684314354
632.450000000035,152.450000000035,11.277200457428,2878.269584968039
632.500000000035,152.500000000035,11.275575224844,2878.833404360097
632.550000000035,152.550000000035,11.273949992261,2879.397142490524
632.600000000035,152.600000000035,11.272324759678,2879.960799359324
632.650000000035,152.650000000035,11.270699527094,2880.524374966492
632.700000000035,152.700000000035,11.269074294511,2881.087869312032
632.750000000035,152.750000000035,11.267449061927,2881.651282395944
632.800000000035,152.800000000035,11.265823829344,2882.214614218225
632.850000000035,152.850000000035,11.264198596760,2882.777864778878
632.900000000035,152.900000000035,11.262573364177,2883.341034077901
632.950000000035,152.950000000035,11.260948131593,2883.904122115295
633.000000000035,153.000000000035,11.259325559851,2884.467128957582
633.025000000000,153.025000000000,11.258516125234,2884.748601978251
633.050000000035,153.050000000035,11.257722644564,2885.030054963268
633.100000000035,153.100000000035,11.256135683224,2885.592901421463
633.150000000035,153.150000000035,11.254548721885,2886.155668531590
633.200000000035,153.200000000035,11.252961760546,2886.718356293651
633.250000000035,153.250000000035,11.251374799207,2887.280964707645
633.300000000035,153.300000000035,11.249787837867,2887.843493773571
633.350000000035,153.350000000035,11.248200876528,2888.405943491432
633.400000000035,153.400000000035,11.246613915189,2888.968313861224
633.450000000035,153.450000000035,11.245026953849,2889.530604882950
633.500000000035,153.500000000035,11.243439992510,2890.092816556610
633.550000000035,153.550000000035,11.241853031171,2890.654948882201
633.600000000035,153.600000000035,11.240266069831,2891.217001859727
633.650000000035,153.650000000035,11.238679108492,2891.778975489185
633.700000000035,153.700000000035,11.237092147152,2892.340869770575
633.750000000035,153.750000000035,11.235505185813,2892.902684703900
633.800000000035,153.800000000035,11.233918224474,2893.464420289157
633.850000000035,153.850000000035,11.232331263134,2894.026076526348
633.900000000035,153.900000000035,11.230744301795,2894.587653415470
633.950000000035,153.950000000035,11.229157340455,2895.149150956526
634.000000000035,154.000000000035,11.227570379116,2895.710569149516
634.025000000000,154.025000000000,11.226776898447,2895.991248490092
634.050000000035,154.050000000035,11.226014503379,2896.271908383008
634.100000000035,154.100000000035,11.224489713244,2896.833170988424
634.150000000035,154.150000000035,11.222964923109,2897.394357354332
634.200000000035,154.200000000035,11.221440132974,2897.955467480734
634.250000000035,154.250000000035,11.219915342839,2898.516501367630
634.300000000035,154.300000000035,11.218390552705,2899.077459015018
634.350000000035,154.350000000035,11.216865762570,2899.638340422901
634.400000000035,154.400000000035,11.215340972435,2900.199145591276
634.450000000035,154.450000000035,11.213816182300,2900.759874520144
634.500000000035,154.500000000035,11.212291392165,2901.320527209506
634.550000000035,154.550000000035,11.210766602030,2901.881103659361
634.600000000035,154.600000000035,11.209241811895,2902.441603869710
634.650000000035,154.650000000035,11.207717021761,2903.002027840550
634.700000000035,154.700000000035,11.206192231626,2903.562375571885
634.750000000035,154.750000000035,11.204667441491,2904.122647063713
634.800000000035,154.800000000035,11.203142651356,2904.682842316034
634.850000000035,154.850000000035,11.201617861221,2905.242961328849
634.900000000035,154.900000000035,11.200094004368,2905.803004125488
634.950000000035,154.950000000035,11.198574634747,2906.362970841466
635.000000000035,155.000000000035,11.197055265125,2906.922861588963
635.025000000000,155.025000000000,11.196295580315,2907.202778474139
635.050000000035,155.050000000035,11.195561576173,2907.482676688987
635.100000000035,155.100000000035,11.194093567890,2908.042418067589
635.150000000035,155.150000000035,11.192625559606,2908.602086045776
635.200000000035,155.200000000035,11.191157551323,2909.161680623549
635.250000000035,155.250000000035,11.189689543040,2909.721201800909
635.300000000035,155.300000000035,11.188221534757,2910.280649577853
635.350000000035,155.350000000035,11.186753526474,2910.840023954385
635.400000000035,155.400000000035,11.185285518191,2911.399324930501
635.450000000035,155.450000000035,11.183817509907,2911.958552506203
635.500000000035,155.500000000035,11.182349501624,2912.517706681492
635.550000000035,155.550000000035,11.180881493341,2913.076787456366
635.600000000035,155.600000000035,11.179413485057,2913.635794830826
635.650000000035,155.650000000035,11.177945476774,2914.194728804872
635.700000000035,155.700000000035,11.176477468491,2914.753589378503
635.750000000036,155.750000000036,11.175009460207,2915.312376551733
635.800000000035,155.800000000035,11.173541451924,2915.871090324524
635.850000000035,155.850000000035,11.172073443641,2916.429730696914
635.900000000036,155.900000000036,11.170605435357,2916.988297668900
635.950000000036,155.950000000036,11.169137427074,2917.546791240460
636.000000000036,156.000000000036,11.167669418791,2918.105211411607
636.025000000000,156.025000000000,11.166935414650,2918.384393971622
636.050000000035,156.050000000035,11.166218732070,2918.663558398847
636.100000000036,156.100000000036,11.164785366912,2919.221833501332
636.150000000036,156.150000000036,11.163353945911,2919.780036984153
636.200000000036,156.200000000036,11.161925790732,2920.338168977569
636.250000000036,156.250000000036,11.160497635553,2920.896229563227
636.300000000036,156.300000000036,11.159069480374,2921.454218741124
636.350000000036,156.350000000036,11.157641325195,2922.012136511263
636.400000000036,156.400000000036,11.156213170015,2922.569982873644
636.450000000036,156.450000000036,11.154785014836,2923.127757828265
636.500000000036,156.500000000036,11.153356859657,2923.685461375128
636.550000000036,156.550000000036,11.151928704478,2924.243093514231
636.600000000036,156.600000000036,11.150500549298,2924.800654245575
636.650000000036,156.650000000036,11.149072394119,2925.358143569161
636.700000000036,156.700000000036,11.147644238940,2925.915561484987
636.750000000036,156.750000000036,11.146218079797,2926.472908042957
636.800000000036,156.800000000036,11.144795376770,2927.030183379370
636.850000000036,156.850000000036,11.143372673743,2927.587387580632
636.900000000036,156.900000000036,11.141949970716,2928.144520646745
636.950000000036,156.950000000036,11.140527267688,2928.701582577704
637.000000000036,157.000000000036,11.139104564661,2929.258573373514
637.025000000000,157.025000000000,11.138393213148,2929.537042095335
637.050000000036,157.050000000036,11.137701352237,2929.815493277803
637.100000000036,157.100000000036,11.136317630417,2930.372343752369
637.150000000036,157.150000000036,11.134933908597,2930.929125040845
637.200000000036,157.200000000036,11.133550186776,2931.485837143228
637.250000000036,157.250000000036,11.132166464956,2932.042480059522
637.300000000036,157.300000000036,11.130782743136,2932.599053789724
637.350000000036,157.350000000036,11.129399021315,2933.155558333835
637.400000000036,157.400000000036,11.128015299495,2933.711993691856
637.450000000036,157.450000000036,11.126631577675,2934.268359863785
637.500000000036,157.500000000036,11.125247855854,2934.824656849624
637.550000000036,157.550000000036,11.123864134034,2935.380884649371
637.600000000036,157.600000000036,11.122480412214,2935.937043263026
637.650000000036,157.650000000036,11.121096690393,2936.493132690592
637.700000000036,157.700000000036,11.119712968573,2937.049152932066
637.750000000036,157.750000000036,11.118331794023,2937.605104051132
637.800000000036,157.800000000036,11.116953154075,2938.160986174833
637.850000000036,157.850000000036,11.115574514126,2938.716799366538
637.900000000036,157.900000000036,11.114195874177,2939.272543626246
637.950000000036,157.950000000036,11.112817234229,2939.828218953956
638.000000000036,158.000000000036,11.111438594280,2940.383825349669
638.025000000000,158.025000000000,11.110749274307,2940.661602697626
638.050000000036,158.050000000036,11.110078006872,2940.939363039040
638.100000000036,158.100000000036,11.108735472004,2941.494833376012
638.150000000036,158.150000000036,11.107392937136,2942.050236586241
638.200000000036,158.200000000036,11.106050402268,2942.605572669725
638.250000000036,158.250000000036,11.104707867401,2943.160841626468
638.300000000036,158.300000000036,11.103365332533,2943.716043456466
638.350000000036,158.350000000036,11.102022797665,2944.271178159720
638.400000000036,158.400000000036,11.100680262797,2944.826245736232
638.450000000036,158.450000000036,11.099337727929,2945.381246186000
638.500000000036,158.500000000036,11.097995193061,2945.936179509025
638.550000000036,158.550000000036,11.096652658194,2946.491045705306
638.600000000036,158.600000000036,11.095310123326,2947.045844774844
638.650000000036,158.650000000036,11.093967588458,2947.600576717639
638.700000000036,158.700000000036,11.092625053590,2948.155241533690
638.750000000036,158.750000000036,11.091282518722,2948.709839222999
638.800000000036,158.800000000036,11.089939983854,2949.264369785562
638.850000000036,158.850000000036,11.088597448986,2949.818833221383
638.900000000036,158.900000000036,11.087254914118,2950.373229530462
638.950000000036,158.950000000036,11.085912379250,2950.927558712795
639.000000000036,159.000000000036,11.084569844382,2951.481820768387
639.025000000000,159.025000000000,11.083898576949,2951.758926623254
639.050000000036,159.050000000036,11.083242344949,2952.036015885177
639.100000000036,159.100000000036,11.081929880949,2952.590145190824
639.150000000036,159.150000000036,11.080617416950,2953.144208873272
639.200000000036,159.200000000036,11.079304952951,2953.698206932519
639.250000000036,159.250000000036,11.077992488951,2954.252139368567
639.300000000036,159.300000000036,11.076680024952,2954.806006181414
639.350000000036,159.350000000036,11.075367560952,2955.359807371061
639.400000000036,159.400000000036,11.074055096953,2955.913542937510
639.450000000036,159.450000000036,11.072742632953,2956.467212880757
639.500000000036,159.500000000036,11.071430168954,2957.020817200806
639.550000000036,159.550000000036,11.070117704955,2957.574355897653
639.600000000036,159.600000000036,11.068805240955,2958.127828971300
639.650000000036,159.650000000036,11.067492776956,2958.681236421749
639.700000000036,159.700000000036,11.066180312956,2959.234578248996
639.750000000036,159.750000000036,11.064867848957,2959.787854453044
639.800000000036,159.800000000036,11.063555384957,2960.341065033891
639.850000000036,159.850000000036,11.062242920958,2960.894209991539
639.900000000036,159.900000000036,11.060930456958,2961.447289325988
639.950000000036,159.950000000036,11.059617992959,2962.000303037235
640.000000000036,160.000000000036,11.058305528959,2962.553251125284
640.025000000000,160.025000000000,11.057649296960,2962.829700560209
640.050000000036,160.050000000036,11.057007421622,2963.106133769590
640.100000000036,160.100000000036,11.055723670946,2963.658952046903
640.150000000036,160.150000000036,11.054439920271,2964.211706136684
640.200000000036,160.200000000036,11.053156169596,2964.764396038930
640.250000000036,160.250000000036,11.051872418921,2965.317021753644
640.300000000036,160.300000000036,11.050588668246,2965.869583280823
640.350000000036,160.350000000036,11.049304917570,2966.422080620468
640.400000000036,160.400000000036,11.048021166895,2966.974513772580
640.450000000036,160.450000000036,11.046737416220,2967.526882737157
640.500000000036,160.500000000036,11.045453665545,2968.079187514202
640.550000000036,160.550000000036,11.044169914869,2968.631428103712
640.600000000036,160.600000000036,11.042886164194,2969.183604505688
640.650000000036,160.650000000036,11.041602413519,2969.735716720132
640.700000000036,160.700000000036,11.040318662843,2970.287764747040
640.750000000037,160.750000000037,11.039034912168,2970.839748586427
640.800000000036,160.800000000036,11.037751161493,2971.391668238257
640.850000000036,160.850000000036,11.036467410817,2971.943523702565
640.900000000037,160.900000000037,11.035183660142,2972.495314979350
640.950000000037,160.950000000037,11.033901042465,2973.047042096915
641.000000000037,161.000000000037,11.032621890672,2973.598705170243
641.025000000000,161.025000000000,11.031982314776,2973.874512722403
641.050000000036,161.050000000036,11.031354170653,2974.150304428868
641.100000000037,161.100000000037,11.030097882408,2974.701840730205
641.150000000037,161.150000000037,11.028841594162,2975.253314217120
641.200000000037,161.200000000037,11.027585305917,2975.804724889621
641.250000000037,161.250000000037,11.026329017671,2976.356072747711
641.300000000037,161.300000000037,11.025072729426,2976.907357791389
641.350000000037,161.350000000037,11.023816441181,2977.458580020653
641.400000000037,161.400000000037,11.022560152935,2978.009739435507
641.450000000037,161.450000000037,11.021303864690,2978.560836035947
641.500000000037,161.500000000037,11.020047576444,2979.111869821975
641.550000000037,161.550000000037,11.018791288199,2979.662840793591
641.600000000037,161.600000000037,11.017534999953,2980.213748950795
641.650000000037,161.650000000037,11.016278711708,2980.764594293587
641.700000000037,161.700000000037,11.015022423463,2981.315376821966
641.750000000037,161.750000000037,11.013766135217,2981.866096535932
641.800000000037,161.800000000037,11.012509846972,2982.416753435488
641.850000000037,161.850000000037,11.011253558726,2982.967347520630
641.900000000037,161.900000000037,11.009997270481,2983.517878791361
641.950000000037,161.950000000037,11.008740982235,2984.068347247679
642.000000000037,162.000000000037,11.007484693989,2984.618752889583
642.025000000000,162.025000000000,11.006856549868,2984.893932154725
642.050000000037,162.050000000037,11.006239518379,2985.169095855985
642.100000000037,162.100000000037,11.005005455405,2985.719376980329
642.150000000037,162.150000000037,11.003771392430,2986.269596401526
642.200000000037,162.200000000037,11.002537329455,2986.819754119573
642.250000000037,162.250000000037,11.001303266481,2987.369850134471
642.300000000037,162.300000000037,11.000069203506,2987.919884446221
642.350000000037,162.350000000037,10.998835140531,2988.469857054822
642.400000000037,162.400000000037,10.997601077557,2989.019767960275
642.450000000037,162.450000000037,10.996367014582,2989.569617162578
642.500000000037,162.500000000037,10.995132951607,2990.119404661732
642.550000000037,162.550000000037,10.993898888632,2990.669130457739
642.600000000037,162.600000000037,10.992664825658,2991.218794550596
642.650000000037,162.650000000037,10.991430762683,2991.768396940305
642.700000000037,162.700000000037,10.990196699708,2992.317937626864
642.750000000037,162.750000000037,10.988962636733,2992.867416610275
642.800000000037,162.800000000037,10.987728573759,2993.416833890538
642.850000000037,162.850000000037,10.986494510784,2993.966189467651
642.900000000037,162.900000000037,10.985260447809,2994.515483341617
642.950000000037,162.950000000037,10.984026384834,2995.064715512433
643.000000000037,163.000000000037,10.982792321859,2995.613885980100
643.025000000000,163.025000000000,10.982175290373,2995.888448074847
643.050000000037,163.050000000037,10.981569558409,2996.162994885863
643.100000000037,163.100000000037,10.980358094484,2996.712043077185
643.150000000037,163.150000000037,10.979146630558,2997.261030695312
643.200000000037,163.200000000037,10.977935166633,2997.809957740241
643.250000000037,163.250000000037,10.976723702707,2998.358824211974
643.300000000037,163.300000000037,10.975513170739,2998.907630133811
643.350000000037,163.350000000037,10.974305976619,2999.456375612494
643.400000000037,163.400000000037,10.973098782500,3000.005060731473
643.450000000037,163.450000000037,10.971891588381,3000.553685490745
643.500000000037,163.500000000037,10.970684394261,3001.102249890311
643.550000000037,163.550000000037,10.969477200142,3001.650753930172
643.600000000037,163.600000000037,10.968270006022,3002.199197610325
643.650000000037,163.650000000037,10.967062811903,3002.747580930774
643.700000000037,163.700000000037,10.965855617783,3003.295903891516
643.750000000037,163.750000000037,10.964648423664,3003.844166492551
643.800000000037,163.800000000037,10.963441229544,3004.392368733882
643.850000000037,163.850000000037,10.962234035425,3004.940510615506
643.900000000037,163.900000000037,10.961026841305,3005.488592137425
643.950000000037,163.950000000037,10.959819647186,3006.036613299636
644.000000000037,164.000000000037,10.958612453066,3006.584574102142
644.025000000000,164.025000000000,10.958008856007,3006.858531868100
644.050000000037,164.050000000037,10.957427143435,3007.132474818499
644.100000000037,164.100000000037,10.956263718294,3007.680317090042
644.150000000037,164.150000000037,10.955100293152,3008.228101190329
644.200000000037,164.200000000037,10.953936868010,3008.775827119357
644.250000000037,164.250000000037,10.952773442868,3009.323494877129
644.300000000037,164.300000000037,10.951610017726,3009.871104463644
644.350000000037,164.350000000037,10.950446592584,3010.418655878902
644.400000000037,164.400000000037,10.949283167443,3010.966149122903
644.450000000037,164.450000000037,10.948119742301,3011.513584195646
644.500000000037,164.500000000037,10.946956317159,3012.060961097132
644.550000000038,164.550000000038,10.945792892017,3012.608279827374
644.600000000037,164.600000000037,10.944629466875,3013.155540386334
644.650000000037,164.650000000037,10.943466041733,3013.702742774050
644.700000000038,164.700000000038,10.942302616591,3014.249886990519
644.750000000038,164.750000000038,10.941139191449,3014.796973035720
644.800000000038,164.800000000038,10.939975766307,3015.344000909664
644.850000000037,164.850000000037,10.938812341165,3015.890970612340
644.900000000038,164.900000000038,10.937648916023,3016.437882143780
644.950000000038,164.950000000038,10.936485490881,3016.984735503953
645.000000000038,165.000000000038,10.935322065739,3017.531530692868
645.025000000000,165.025000000000,10.934740353169,3017.804906472689
645.050000000038,165.050000000038,10.934170392069,3018.078267857421
645.100000000038,165.100000000038,10.933030469870,3018.624947878969
645.150000000038,165.150000000038,10.931890547671,3019.171570904407
645.200000000038,165.200000000038,10.930750625471,3019.718136933736
645.250000000038,165.250000000038,10.929610703272,3020.264645966955
645.300000000038,165.300000000038,10.928470781073,3020.811098004064
645.350000000038,165.350000000038,10.927330858874,3021.357493045062
645.400000000038,165.400000000038,10.926190936675,3021.903831089950
645.450000000038,165.450000000038,10.925051014475,3022.450112138729
645.500000000038,165.500000000038,10.923911092276,3022.996336191397
645.550000000038,165.550000000038,10.922771170077,3023.542503247957
645.600000000038,165.600000000038,10.921631247878,3024.088613308405
645.650000000038,165.650000000038,10.920491325678,3024.634666372744
645.700000000038,165.700000000038,10.919351403479,3025.180662440974
645.750000000038,165.750000000038,10.918211481280,3025.726601513092
645.800000000038,165.800000000038,10.917071559081,3026.272483589102
645.850000000038,165.850000000038,10.915931636881,3026.818308669000
645.900000000038,165.900000000038,10.914791714682,3027.364076752789
645.950000000038,165.950000000038,10.913651792483,3027.909787840469
646.000000000038,166.000000000038,10.912511870283,3028.455441932038
646.025000000000,166.025000000000,10.911941909185,3028.728247603866
646.050000000038,166.050000000038,10.911382753823,3029.001039162569
646.100000000038,166.100000000038,10.910264443101,3029.546580342492
646.150000000038,166.150000000038,10.909146132378,3030.092065606878
646.200000000038,166.200000000038,10.908027821656,3030.637494955730
646.250000000038,166.250000000038,10.906909510934,3031.182868389044
646.300000000038,166.300000000038,10.905791200212,3031.728185906823
646.350000000038,166.350000000038,10.904672889490,3032.273447509066
646.400000000038,166.400000000038,10.903554578768,3032.818653195772
646.450000000038,166.450000000038,10.902440039905,3033.363803061239
646.500000000038,166.500000000038,10.901325626445,3033.908897202898
646.550000000038,166.550000000038,10.900211212985,3034.453935623884
646.600000000038,166.600000000038,10.899096799526,3034.998918324196
646.650000000038,166.650000000038,10.897982386066,3035.543845303836
646.700000000038,166.700000000038,10.896867972606,3036.088716562804
646.750000000038,166.750000000038,10.895753559146,3036.633532101097
646.800000000038,166.800000000038,10.894639145686,3037.178291918719
646.850000000038,166.850000000038,10.893524732226,3037.722996015666
646.900000000038,166.900000000038,10.892410318766,3038.267644391940
646.950000000038,166.950000000038,10.891295905306,3038.812237047543
647.000000000038,167.000000000038,10.890181491846,3039.356773982471
647.025000000000,167.025000000000,10.889624285117,3039.629021554269
647.050000000038,167.050000000038,10.889076095325,3039.901255309439
647.100000000038,167.100000000038,10.887979715742,3040.445681704716
647.150000000038,167.150000000038,10.886883336159,3040.990053281013
647.200000000038,167.200000000038,10.885786956576,3041.534370038332
647.250000000038,167.250000000038,10.884690576993,3042.078631976671
647.300000000038,167.300000000038,10.883594197410,3042.622839096031
647.350000000038,167.350000000038,10.882497817827,3043.166991396412
647.400000000038,167.400000000038,10.881401438244,3043.711088877813
647.450000000038,167.450000000038,10.880305058661,3044.255131540237
647.500000000038,167.500000000038,10.879208679078,3044.799119383680
647.550000000038,167.550000000038,10.878112299495,3045.343052408145
647.600000000038,167.600000000038,10.877015919912,3045.886930613629
647.650000000038,167.650000000038,10.875919540329,3046.430754000135
647.700000000038,167.700000000038,10.874823160746,3046.974522567662
647.750000000038,167.750000000038,10.873726781162,3047.518236316210
647.800000000038,167.800000000038,10.872630401579,3048.061895245779
647.850000000038,167.850000000038,10.871534021996,3048.605499356368
647.900000000038,167.900000000038,10.870437642413,3049.149048647978
647.950000000038,167.950000000038,10.869341262830,3049.692543120610
648.000000000038,168.000000000038,10.868244883247,3050.235982774261
648.025000000000,168.025000000000,10.867696693456,3050.507682043557
648.050000000038,168.050000000038,10.867156860667,3050.779367713397
648.100000000038,168.100000000038,10.866077195089,3051.322698564791
648.150000000038,168.150000000038,10.864997529512,3051.865975432905
648.200000000038,168.200000000038,10.863917863934,3052.409198317742
648.250000000038,168.250000000038,10.862838198357,3052.952367219299
648.300000000038,168.300000000038,10.861758532779,3053.495482137578
648.350000000038,168.350000000038,10.860678867201,3054.038543072577
648.400000000038,168.400000000038,10.859599201624,3054.581550024297
648.450000000038,168.450000000038,10.858519536046,3055.124502992740
648.500000000038,168.500000000038,10.857442484884,3055.667402043262
648.550000000038,168.550000000038,10.856366550046,3056.210247269136
648.600000000038,168.600000000038,10.855290615208,3056.753038698267
648.650000000038,168.650000000038,10.854214680370,3057.295776330656
648.700000000038,168.700000000038,10.853138745531,3057.838460166305
648.750000000038,168.750000000038,10.852062810693,3058.381090205210
648.800000000038,168.800000000038,10.850986875855,3058.923666447374
648.850000000038,168.850000000038,10.849910941017,3059.466188892795
648.900000000038,168.900000000038,10.848835006178,3060.008657541475
648.950000000038,168.950000000038,10.847759071340,3060.551072393414
649.000000000038,169.000000000038,10.846683136502,3061.093433448609
649.025000000000,169.025000000000,10.846145169083,3061.364593802017
649.050000000038,169.050000000038,10.845617316190,3061.635740833496
649.100000000038,169.100000000038,10.844561610404,3062.177995306660
649.150000000038,169.150000000038,10.843505904619,3062.720196994535
649.200000000038,169.200000000038,10.842450198834,3063.262345897122
649.250000000038,169.250000000038,10.841394493048,3063.804442014419
649.300000000038,169.300000000038,10.840338787263,3064.346485346428
649.350000000039,169.350000000039,10.839283081478,3064.888475893157
649.400000000038,169.400000000038,10.838227375692,3065.430413654575
649.450000000038,169.450000000038,10.837171669907,3065.972298630716
649.500000000038,169.500000000038,10.836115964121,3066.514130821566
649.550000000039,169.550000000039,10.835060258336,3067.055910227138
649.600000000039,169.600000000039,10.834004552551,3067.597636847411
649.650000000038,169.650000000038,10.832948846765,3068.139310682382
649.700000000039,169.700000000039,10.831893140980,3068.680931732088
649.750000000039,169.750000000039,10.830837435194,3069.222499996491
649.800000000039,169.800000000039,10.829781729409,3069.764015475606
649.850000000039,169.850000000039,10.828726023623,3070.305478169432
649.900000000039,169.900000000039,10.827670317838,3070.846888077968
649.950000000039,169.950000000039,10.826614612052,3071.388245201216
650.000000000039,170.000000000039,10.825558906267,3071.929549539174
650.025000000000,170.025000000000,10.825031053375,3072.200181913247
650.050000000039,170.050000000039,10.824513066117,3072.470801215162
650.100000000039,170.100000000039,10.823477091602,3073.012000969106
650.150000000039,170.150000000039,10.822441117087,3073.553148924323
650.200000000039,170.200000000039,10.821405142572,3074.094245080815
650.250000000039,170.250000000039,10.820369168058,3074.635289438580
650.300000000039,170.300000000039,10.819333193543,3075.176281997619
650.350000000039,170.350000000039,10.818297219028,3075.717222757934
650.400000000039,170.400000000039,10.817261244513,3076.258111719522
650.450000000039,170.450000000039,10.816225269998,3076.798948882386
650.500000000039,170.500000000039,10.815189295483,3077.339734246522
650.550000000039,170.550000000039,10.814153320969,3077.880467811933
650.600000000039,170.600000000039,10.813117346454,3078.421149578619
650.650000000039,170.650000000039,10.812081371939,3078.961779546579
650.700000000039,170.700000000039,10.811045397424,3079.502357715814
650.750000000039,170.750000000039,10.810009422909,3080.042884086321
650.800000000039,170.800000000039,10.808973448394,3080.583358658103
650.850000000039,170.850000000039,10.807937473879,3081.123781431161
650.900000000039,170.900000000039,10.806901499365,3081.664152405492
650.950000000039,170.950000000039,10.805865524850,3082.204471581098
651.000000000039,171.000000000039,10.804829550335,3082.744738957977
651.025000000000,171.025000000000,10.804311563078,3083.014853221473
651.050000000039,171.050000000039,10.803803150582,3083.284954655815
651.100000000039,171.100000000039,10.802786325591,3083.825119392719
651.150000000039,171.150000000039,10.801769500600,3084.365233288374
651.200000000039,171.200000000039,10.800752675609,3084.905296342780
651.250000000039,171.250000000039,10.799735850618,3085.445308555935
651.300000000039,171.300000000039,10.798719025627,3085.985269927840
651.350000000039,171.350000000039,10.797702200636,3086.525180458498
651.400000000039,171.400000000039,10.796685375645,3087.065040147904
651.450000000039,171.450000000039,10.795668550654,3087.604848996063
651.500000000039,171.500000000039,10.794651725663,3088.144607002970
651.550000000039,171.550000000039,10.793634900671,3088.684314168628
651.600000000039,171.600000000039,10.792618075680,3089.223970493038
651.650000000039,171.650000000039,10.791601250689,3089.763575976196
651.700000000039,171.700000000039,10.790584425698,3090.303130618106
651.750000000039,171.750000000039,10.789567600707,3090.842634418766
651.800000000039,171.800000000039,10.788550775716,3091.382087378176
651.850000000039,171.850000000039,10.787533950725,3091.921489496338
651.900000000039,171.900000000039,10.786517125734,3092.460840773249
651.950000000039,171.950000000039,10.785500300743,3093.000141208912
652.000000000039,172.000000000039,10.784483475752,3093.539390803324
652.025000000000,172.025000000000,10.783975063257,3093.808996534641
652.050000000039,172.050000000039,10.783476227216,3094.078589676192
652.100000000039,172.100000000039,10.782478555136,3094.617738545751
652.150000000039,172.150000000039,10.781480883056,3095.156837531706
652.200000000039,172.200000000039,10.780483210976,3095.695886634057
652.250000000039,172.250000000039,10.779485538896,3096.234885852803
652.300000000039,172.300000000039,10.778487866816,3096.773835187945
652.350000000039,172.350000000039,10.777490194735,3097.312734639485
652.400000000039,172.400000000039,10.776492522655,3097.851584207419
652.450000000039,172.450000000039,10.775494850575,3098.390383891751
652.500000000039,172.500000000039,10.774497178495,3098.929133692477
652.550000000039,172.550000000039,10.773499506415,3099.467833609599
652.600000000039,172.600000000039,10.772501834335,3100.006483643119
652.650000000039,172.650000000039,10.771504162255,3100.545083793033
652.700000000039,172.700000000039,10.770506490174,3101.083634059345
652.750000000039,172.750000000039,10.769508818094,3101.622134442051
652.800000000039,172.800000000039,10.768511146014,3102.160584941153
652.850000000039,172.850000000039,10.767513473934,3102.698985556653
652.900000000039,172.900000000039,10.766515801854,3103.237336288547
652.950000000039,172.950000000039,10.765518129773,3103.775637136838
653.000000000039,173.000000000039,10.764520457693,3104.313888101524
653.025000000000,173.025000000000,10.764021621654,3104.582994877096
653.050000000039,173.050000000039,10.763531414877,3104.852089290472
653.100000000039,173.100000000039,10.762551001326,3105.390241350878
653.150000000039,173.150000000039,10.761570587774,3105.928344390605
653.200000000039,173.200000000039,10.760590174223,3106.466398409656
653.250000000039,173.250000000039,10.759609760671,3107.004403408028
653.300000000039,173.300000000039,10.758629347120,3107.542359385722
653.350000000040,173.350000000040,10.757648933568,3108.080266342751
653.400000000039,173.400000000039,10.756668520017,3108.618124279079
653.450000000039,173.450000000039,10.755688106465,3109.155933194742
653.500000000040,173.500000000040,10.754707692914,3109.693693089737
653.550000000040,173.550000000040,10.753727279362,3110.231403964044
653.600000000040,173.600000000040,10.752746865810,3110.769065817674
653.650000000039,173.650000000039,10.751766452259,3111.306678650614
653.700000000040,173.700000000040,10.750786038707,3111.844242462899
653.750000000040,173.750000000040,10.749805625156,3112.381757254496
653.800000000040,173.800000000040,10.748825211604,3112.919223025415
653.850000000040,173.850000000040,10.747844798053,3113.456639775657
653.900000000040,173.900000000040,10.746864384501,3113.994007505220
653.950000000040,173.950000000040,10.745883970949,3114.531326214106
654.000000000040,174.000000000040,10.744903557398,3115.068595902316
654.025000000000,174.025000000000,10.744413350623,3115.337212363236
654.050000000040,174.050000000040,10.743932245466,3115.605816683616
654.100000000040,174.100000000040,10.742970035155,3116.142989240633
654.150000000040,174.150000000040,10.742007824844,3116.680113687132
654.200000000040,174.200000000040,10.741045614532,3117.217190023116
654.250000000040,174.250000000040,10.740083404221,3117.754218248585
654.300000000040,174.300000000040,10.739121193909,3118.291198363538
654.350000000040,174.350000000040,10.738158983598,3118.828130367976
654.400000000040,174.400000000040,10.737196773287,3119.365014261898
654.450000000040,174.450000000040,10.736234562975,3119.901850045304
654.500000000040,174.500000000040,10.735272352664,3120.438637718195
654.550000000040,174.550000000040,10.734310142352,3120.975377280570
654.600000000040,174.600000000040,10.733347932041,3121.512068732431
654.650000000040,174.650000000040,10.732385721729,3122.048712073774
654.700000000040,174.700000000040,10.731423511418,3122.585307304603
654.750000000040,174.750000000040,10.730461301107,3123.121854424917
654.800000000040,174.800000000040,10.729499090795,3123.658353434714
654.850000000040,174.850000000040,10.728536880484,3124.194804333996
654.900000000040,174.900000000040,10.727574670172,3124.731207122762
654.950000000040,174.950000000040,10.726612459861,3125.267561801013
655.000000000040,175.000000000040,10.725650249549,3125.803868368749
655.025000000000,175.025000000000,10.725169144394,3126.072003610744
655.050000000040,175.050000000040,10.724699472992,3126.340126968890
655.100000000040,175.100000000040,10.723760130188,3126.876338458970
655.150000000040,175.150000000040,10.722820787385,3127.412502981909
655.200000000040,175.200000000040,10.721881444582,3127.948620537707
655.250000000040,175.250000000040,10.720942101778,3128.484691126367
655.300000000040,175.300000000040,10.720002758975,3129.020714747885
655.350000000040,175.350000000040,10.719063416172,3129.556691402265
655.400000000040,175.400000000040,10.718124073368,3130.092621089503
655.450000000040,175.450000000040,10.717184730565,3130.628503809601
655.500000000040,175.500000000040,10.716245387761,3131.164339562560
655.550000000040,175.550000000040,10.715306044958,3131.700128348377
655.600000000040,175.600000000040,10.714366702155,3132.235870167056
655.650000000040,175.650000000040,10.713427359351,3132.771565018593
655.700000000040,175.700000000040,10.712488016548,3133.307212902990
655.750000000040,175.750000000040,10.711548673744,3133.842813820248
655.800000000040,175.800000000040,10.710609330941,3134.378367770365
655.850000000040,175.850000000040,10.709669988137,3134.913874753342
655.900000000040,175.900000000040,10.708730645334,3135.449334769178
655.950000000040,175.950000000040,10.707791302531,3135.984747817874
656.000000000040,176.000000000040,10.706851959727,3136.520113899432
656.025000000000,176.025000000000,10.706382288326,3136.787779327104
656.050000000040,176.050000000040,10.705924403284,3137.055433161177
656.100000000040,176.100000000040,10.705008633202,3137.590706487090
656.150000000040,176.150000000040,10.704092863119,3138.125934024497
656.200000000040,176.200000000040,10.703177093037,3138.661115773401
656.250000000040,176.250000000040,10.702261322954,3139.196251733802
656.300000000040,176.300000000040,10.701345552872,3139.731341905697
656.350000000040,176.350000000040,10.700429782789,3140.266386289089
656.400000000040,176.400000000040,10.699514012707,3140.801384883976
656.450000000040,176.450000000040,10.698598242624,3141.336337690359
656.500000000040,176.500000000040,10.697682472542,3141.871244708239
656.550000000040,176.550000000040,10.696766702459,3142.406105937614
656.600000000040,176.600000000040,10.695850932377,3142.940921378485
656.650000000040,176.650000000040,10.694935162294,3143.475691030852
656.700000000040,176.700000000040,10.694019392211,3144.010414894713
656.750000000040,176.750000000040,10.693103622129,3144.545092970073
656.800000000040,176.800000000040,10.692187852046,3145.079725256927
656.850000000040,176.850000000040,10.691272081964,3145.614311755278
656.900000000040,176.900000000040,10.690356311881,3146.148852465124
656.950000000040,176.950000000040,10.689440541799,3146.683347386465
657.000000000040,177.000000000040,10.688524771716,3147.217796519304
657.025000000000,177.025000000000,10.688066886676,3147.485003914605
657.050000000040,177.050000000040,10.687617168829,3147.752199965727
657.100000000040,177.100000000040,10.686717733137,3148.286558338276
657.150000000040,177.150000000040,10.685818297445,3148.820871739040
657.200000000040,177.200000000040,10.684918861753,3149.355140168020
657.250000000040,177.250000000040,10.684019426062,3149.889363625216
657.300000000040,177.300000000040,10.683119990370,3150.423542110626
657.350000000040,177.350000000040,10.682220554678,3150.957675624253
657.400000000040,177.400000000040,10.681321118986,3151.491764166094
657.450000000040,177.450000000040,10.680421683294,3152.025807736150
657.500000000040,177.500000000040,10.679522247602,3152.559806334424
657.550000000040,177.550000000040,10.678622811911,3153.093759960911
657.600000000040,177.600000000040,10.677723376219,3153.627668615615
657.650000000040,177.650000000040,10.676823940527,3154.161532298533
657.700000000040,177.700000000040,10.675924504835,3154.695351009666
657.750000000040,177.750000000040,10.675025069143,3155.229124749017
657.800000000040,177.800000000040,10.674125633451,3155.762853516581
657.850000000040,177.850000000040,10.673226197759,3156.296537312362
657.900000000040,177.900000000040,10.672326762068,3156.830176136357
657.950000000040,177.950000000040,10.671427326376,3157.363769988568
658.000000000040,178.000000000040,10.670527890684,3157.897318868995
658.025000000000,178.025000000000,10.670078172838,3158.164076444362
658.050000000040,178.050000000040,10.669634810771,3158.430822857084
658.100000000040,178.100000000040,10.668748086636,3158.964282429519
658.150000000041,178.150000000041,10.667861362501,3159.497697665758
658.200000000040,178.200000000040,10.666974638367,3160.031068565768
658.250000000040,178.250000000040,10.666087914233,3160.564395129584
658.300000000040,178.300000000040,10.665201190098,3161.097677357192
658.350000000041,178.350000000041,10.664314465963,3161.630915248603
658.400000000041,178.400000000041,10.663427741829,3162.164108803799
658.450000000040,178.450000000040,10.662541017694,3162.697258022775
658.500000000041,178.500000000041,10.661654293560,3163.230362905568
658.550000000041,178.550000000041,10.660767569425,3163.763423452142
658.600000000041,178.600000000041,10.659880845291,3164.296439662510
658.650000000041,178.650000000041,10.658994121156,3164.829411536672
658.700000000041,178.700000000041,10.658107397022,3165.362339074626
658.750000000041,178.750000000041,10.657220672887,3165.895222276374
658.800000000041,178.800000000041,10.656333948752,3166.428061141915
658.850000000041,178.850000000041,10.655447224618,3166.960855671249
658.900000000041,178.900000000041,10.654560500483,3167.493605864377
658.950000000041,178.950000000041,10.653673776349,3168.026311721298
659.000000000041,179.000000000041,10.652787052214,3168.558973242013
659.025000000000,179.025000000000,10.652343690148,3168.825287375855
659.050000000041,179.050000000041,10.651906351414,3169.091590501811
659.100000000041,179.100000000041,10.651031673949,3169.624163952445
659.150000000041,179.150000000041,10.650156996483,3170.156693669206
659.200000000041,179.200000000041,10.649282319018,3170.689179652093
659.250000000041,179.250000000041,10.648407641553,3171.221621901108
659.300000000041,179.300000000041,10.647532964087,3171.754020416248
659.350000000041,179.350000000041,10.646658286622,3172.286375197516
659.400000000041,179.400000000041,10.645783609156,3172.818686244911
659.450000000041,179.450000000041,10.644908931691,3173.350953558431
659.500000000041,179.500000000041,10.644034254225,3173.883177138080
659.550000000041,179.550000000041,10.643159576760,3174.415356983854
659.600000000041,179.600000000041,10.642284899294,3174.947493095754
659.650000000041,179.650000000041,10.641410221829,3175.479585473783
659.700000000041,179.700000000041,10.640535544363,3176.011634117937
659.750000000041,179.750000000041,10.639660866898,3176.543639028220
659.800000000041,179.800000000041,10.638786189432,3177.075600204627
659.850000000041,179.850000000041,10.637911511967,3177.607517647162
659.900000000041,179.900000000041,10.637036834502,3178.139391355824
659.950000000041,179.950000000041,10.636162157036,3178.671221330612
660.000000000041,180.000000000041,10.635287479571,3179.203007571528
660.025000000000,180.025000000000,10.634850140838,3179.468884291347
660.050000000041,180.050000000041,10.634417423576,3179.734750136338
660.100000000041,180.100000000041,10.633551989052,3180.266449371653
660.150000000041,180.150000000041,10.632686554528,3180.798105335243
660.200000000041,180.200000000041,10.631821120005,3181.329718027106
660.250000000041,180.250000000041,10.630955685481,3181.861287447244
660.300000000041,180.300000000041,10.630090250957,3182.392813595654
660.350000000041,180.350000000041,10.629224816433,3182.924296472338
660.400000000041,180.400000000041,10.628359381910,3183.455736077298
660.450000000041,180.450000000041,10.627493947386,3183.987132410530
660.500000000041,180.500000000041,10.626628512862,3184.518485472036
660.550000000041,180.550000000041,10.625763078338,3185.049795261816
660.600000000041,180.600000000041,10.624897643814,3185.581061779869
660.650000000041,180.650000000041,10.624032209291,3186.112285026198
660.700000000041,180.700000000041,10.623166774767,3186.643465000799
660.750000000041,180.750000000041,10.622301340243,3187.174601703674
660.800000000041,180.800000000041,10.621435905719,3187.705695134823
660.850000000041,180.850000000041,10.620570471195,3188.236745294245
660.900000000041,180.900000000041,10.619705036672,3188.767752181943
660.950000000041,180.950000000041,10.618839602148,3189.298715797913
661.000000000041,181.000000000041,10.617974167624,3189.829636142158
661.025000000000,181.025000000000,10.617541450363,3190.095080086946
661.050000000041,181.050000000041,10.617113446244,3190.360513273589
661.100000000041,181.100000000041,10.616257438007,3190.891347545695
661.150000000041,181.150000000041,10.615401429770,3191.422139017390
661.200000000041,181.200000000041,10.614545421534,3191.952887688672
661.250000000041,181.250000000041,10.613689413297,3192.483593559544
661.300000000041,181.300000000041,10.612833405060,3193.014256630002
661.350000000041,181.350000000041,10.611977396824,3193.544876900049
661.400000000041,181.400000000041,10.611121388587,3194.075454369685
661.450000000041,181.450000000041,10.610265380350,3194.605989038908
661.500000000041,181.500000000041,10.609409372114,3195.136480907720
661.550000000041,181.550000000041,10.608553363877,3195.666929976120
661.600000000041,181.600000000041,10.607697355640,3196.197336244107
661.650000000041,181.650000000041,10.606841347404,3196.727699711684
661.700000000041,181.700000000041,10.605985339167,3197.258020378848
661.750000000041,181.750000000041,10.605129330930,3197.788298245601
661.800000000041,181.800000000041,10.604273322693,3198.318533311941
661.850000000041,181.850000000041,10.603417314457,3198.848725577870
661.900000000041,181.900000000041,10.602561306220,3199.378875043387
661.950000000041,181.950000000041,10.601705297983,3199.908981708492
662.000000000041,182.000000000041,10.600849289747,3200.439045573186
662.025000000000,182.025000000000,10.600421285629,3200.704061454943
662.050000000041,182.050000000041,10.599997982329,3200.969066696227
662.100000000041,182.100000000041,10.599151375731,3201.499045430178
662.150000000042,182.150000000042,10.598305476877,3202.028981851505
662.200000000041,182.200000000041,10.597461751242,3202.558876032197
662.250000000041,182.250000000041,10.596618025607,3203.088728026618
662.300000000042,182.300000000042,10.595774299972,3203.618537834768
662.350000000042,182.350000000042,10.594930574337,3204.148305456626
662.400000000042,182.400000000042,10.594086848702,3204.678030892203
662.450000000041,182.450000000041,10.593243123067,3205.207714141485
662.500000000042,182.500000000042,10.592399397431,3205.737355204508
662.550000000042,182.550000000042,10.591555671796,3206.266954081239
662.600000000042,182.600000000042,10.590711946161,3206.796510771688
662.650000000042,182.650000000042,10.589868220526,3207.326025275855
662.700000000042,182.700000000042,10.589024494891,3207.855497593740
662.750000000042,182.750000000042,10.588180769256,3208.384927725343
662.800000000042,182.800000000042,10.587337043621,3208.914315670666
662.850000000042,182.850000000042,10.586493317985,3209.443661429706
662.900000000042,182.900000000042,10.585649592350,3209.972965002465
662.950000000042,182.950000000042,10.584805866715,3210.502226388941
663.000000000042,183.000000000042,10.583962141080,3211.031445589135
663.025000000000,183.025000000000,10.583540278263,3211.296039368933
663.050000000042,183.050000000042,10.583124426451,3211.560622678187
663.100000000042,183.100000000042,10.582292722829,3212.089758106918
663.150000000042,183.150000000042,10.581461019207,3212.618851950469
663.200000000042,183.200000000042,10.580629315584,3213.147904208839
663.250000000042,183.250000000042,10.579797611962,3213.676914882027
663.300000000042,183.300000000042,10.578965908340,3214.205883970035
663.350000000042,183.350000000042,10.578134204717,3214.734811472861
663.400000000042,183.400000000042,10.577302501095,3215.263697390507
663.450000000042,183.450000000042,10.576470797473,3215.792541722971
663.500000000042,183.500000000042,10.575639093850,3216.321344470253
663.550000000042,183.550000000042,10.574807390228,3216.850105632356
663.600000000042,183.600000000042,10.573975686606,3217.378825209276
663.650000000042,183.650000000042,10.573143982983,3217.907503201016
663.700000000042,183.700000000042,10.572312279361,3218.436139607575
663.750000000042,183.750000000042,10.571480575739,3218.964734428951
663.800000000042,183.800000000042,10.570648872116,3219.493287665149
663.850000000042,183.850000000042,10.569817168494,3220.021799316164
663.900000000042,183.900000000042,10.568985464872,3220.550269381999
663.950000000042,183.950000000042,10.568153761249,3221.078697862651
664.000000000042,184.000000000042,10.567322057627,3221.607084758123
664.025000000000,184.025000000000,10.566906205816,3221.871262610972
664.050000000042,184.050000000042,10.566493320395,3222.135430105494
664.100000000042,184.100000000042,10.565667549554,3222.663734127243
664.150000000042,184.150000000042,10.564841778713,3223.191996860450
664.200000000042,184.200000000042,10.564016007872,3223.720218305114
664.250000000042,184.250000000042,10.563190237030,3224.248398461236
664.300000000042,184.300000000042,10.562364466189,3224.776537328818
664.350000000042,184.350000000042,10.561538695348,3225.304634907855
664.400000000042,184.400000000042,10.560712924507,3225.832691198353
664.450000000042,184.450000000042,10.559887153666,3226.360706200307
664.500000000042,184.500000000042,10.559061382825,3226.888679913719
664.550000000042,184.550000000042,10.558235611983,3227.416612338589
664.600000000042,184.600000000042,10.557409841142,3227.944503474917
664.650000000042,184.650000000042,10.556584070301,3228.472353322704
664.700000000042,184.700000000042,10.555758299460,3229.000161881947
664.750000000042,184.750000000042,10.554932528618,3229.527929152649
664.800000000042,184.800000000042,10.554106757777,3230.055655134810
664.850000000042,184.850000000042,10.553280986936,3230.583339828427
664.900000000042,184.900000000042,10.552455216095,3231.110983233503
664.950000000042,184.950000000042,10.551629445254,3231.638585350036
665.000000000042,185.000000000042,10.550803674412,3232.166146178028
665.025000000000,185.025000000000,10.550390788992,3232.429911108377
665.050000000042,185.050000000042,10.549981555740,3232.693665763130
665.100000000042,185.100000000042,10.549163089238,3233.221144379254
665.150000000042,185.150000000042,10.548344622736,3233.748582072054
665.200000000042,185.200000000042,10.547526156233,3234.275978841528
665.250000000042,185.250000000042,10.546707689731,3234.803334687676
665.300000000042,185.300000000042,10.545889223228,3235.330649610501
665.350000000042,185.350000000042,10.545070756726,3235.857923609999
665.400000000042,185.400000000042,10.544252290223,3236.385156686174
665.450000000042,185.450000000042,10.543433823721,3236.912348839022
665.500000000042,185.500000000042,10.542615357218,3237.439500068545
665.550000000042,185.550000000042,10.541796890716,3237.966610374745
665.600000000042,185.600000000042,10.540978424213,3238.493679757617
665.650000000042,185.650000000042,10.540159957711,3239.020708217166
665.700000000042,185.700000000042,10.539341491208,3239.547695753389
665.750000000042,185.750000000042,10.538523024706,3240.074642366286
665.800000000042,185.800000000042,10.537704558203,3240.601548055860
665.850000000042,185.850000000042,10.536886091701,3241.128412822107
665.900000000042,185.900000000042,10.536067625198,3241.655236665030
665.950000000042,185.950000000042,10.535249158696,3242.182019584627
666.000000000042,186.000000000042,10.534430692193,3242.708761580898
666.025000000000,186.025000000000,10.534021458943,3242.972117232345
666.050000000042,186.050000000042,10.533613771142,3243.235462673164
666.100000000042,186.100000000042,10.532798395541,3243.762122977330
666.150000000042,186.150000000042,10.531983019940,3244.288742512718
666.200000000042,186.200000000042,10.531167644340,3244.815321279325
666.250000000042,186.250000000042,10.530352268739,3245.341859277151
666.300000000042,186.300000000042,10.529536893138,3245.868356506199
666.350000000042,186.350000000042,10.528721517538,3246.394812966465
666.400000000042,186.400000000042,10.527906141937,3246.921228657953
666.450000000042,186.450000000042,10.527090766336,3247.447603580659
666.500000000042,186.500000000042,10.526275390736,3247.973937734585
666.550000000042,186.550000000042,10.525460015135,3248.500231119733
666.600000000042,186.600000000042,10.524644639534,3249.026483736099
666.650000000042,186.650000000042,10.523829263934,3249.552695583686
666.700000000042,186.700000000042,10.523013888333,3250.078866662493
666.750000000042,186.750000000042,10.522198512732,3250.604996972519
666.800000000042,186.800000000042,10.521383137131,3251.131086513766
666.850000000042,186.850000000042,10.520567761531,3251.657135286232
666.900000000042,186.900000000042,10.519752385930,3252.183143289919
666.950000000043,186.950000000043,10.518937010329,3252.709110524836
667.000000000042,187.000000000042,10.518121634728,3253.235036990951
667.025000000000,187.025000000000,10.517713946929,3253.497984935281
667.050000000042,187.050000000042,10.517307109043,3253.760922698923
667.100000000042,187.100000000042,10.516493433273,3254.286767712480
667.150000000043,187.150000000043,10.515679757502,3254.812572042259
667.200000000043,187.200000000043,10.514866081732,3255.338335688241
667.250000000042,187.250000000042,10.514052405962,3255.864058650422
667.300000000043,187.300000000043,10.513238730192,3256.389740928837
667.350000000043,187.350000000043,10.512425054421,3256.915382523452
667.400000000043,187.400000000043,10.511611378651,3257.440983434278
667.450000000043,187.450000000043,10.510797702881,3257.966543661317
667.500000000043,187.500000000043,10.509984027111,3258.492063204566
667.550000000043,187.550000000043,10.509170351341,3259.017542064028
667.600000000043,187.600000000043,10.508356675570,3259.542980239701
667.650000000043,187.650000000043,10.507542999800,3260.068377731584
667.700000000043,187.700000000043,10.506729324030,3260.593734539681
667.750000000043,187.750000000043,10.505915648259,3261.119050663988
667.800000000043,187.800000000043,10.505101972489,3261.644326104507
667.850000000043,187.850000000043,10.504288296719,3262.169560861237
667.900000000043,187.900000000043,10.503474620949,3262.694754934178
667.950000000043,187.950000000043,10.502660945178,3263.219908323332
668.000000000043,188.000000000043,10.501847269408,3263.745021028697
668.025000000000,188.025000000000,10.501440431524,3264.007562124507
668.050000000043,188.050000000043,10.501033075682,3264.270093043799
668.100000000043,188.100000000043,10.500218364001,3264.795124329791
668.150000000043,188.150000000043,10.499403652321,3265.320114880198
668.200000000043,188.200000000043,10.498588940640,3265.845064695023
668.250000000043,188.250000000043,10.497774228959,3266.369973774262
668.300000000043,188.300000000043,10.496959517278,3266.894842117919
668.350000000043,188.350000000043,10.496144805597,3267.419669725990
668.400000000043,188.400000000043,10.495330093916,3267.944456598478
668.450000000043,188.450000000043,10.494515382235,3268.469202735382
668.500000000043,188.500000000043,10.493700670554,3268.993908136702
668.550000000043,188.550000000043,10.492885958873,3269.518572802438
668.600000000043,188.600000000043,10.492071247192,3270.043196732589
668.650000000043,188.650000000043,10.491256535511,3270.567779927156
668.700000000043,188.700000000043,10.490441823830,3271.092322386140
668.750000000043,188.750000000043,10.489627112149,3271.616824109540
668.800000000043,188.800000000043,10.488812400468,3272.141285097356
668.850000000043,188.850000000043,10.487997688787,3272.665705349586
668.900000000043,188.900000000043,10.487182977106,3273.190084866234
668.950000000043,188.950000000043,10.486368265425,3273.714423647298
669.000000000043,189.000000000043,10.485553553744,3274.238721692776
669.025000000000,189.025000000000,10.485146197904,3274.500855439221
669.050000000043,189.050000000043,10.484740139935,3274.762979018896
669.100000000043,189.100000000043,10.483928023998,3275.287195722994
669.150000000043,189.150000000043,10.483115908061,3275.811371821294
669.200000000043,189.200000000043,10.482303792124,3276.335507313800
669.250000000043,189.250000000043,10.481491676187,3276.859602200507
669.300000000043,189.300000000043,10.480679560250,3277.383656481418
669.350000000043,189.350000000043,10.479867444312,3277.907670156532
669.400000000043,189.400000000043,10.479055328375,3278.431643225848
669.450000000043,189.450000000043,10.478243212438,3278.955575689369
669.500000000043,189.500000000043,10.477431096501,3279.479467547092
669.550000000043,189.550000000043,10.476618980564,3280.003318799019
669.600000000043,189.600000000043,10.475806864627,3280.527129445149
669.650000000043,189.650000000043,10.474994748689,3281.050899485481
669.700000000043,189.700000000043,10.474182632752,3281.574628920017
669.750000000043,189.750000000043,10.473370516815,3282.098317748756
669.800000000043,189.800000000043,10.472558400878,3282.621965971699
669.850000000043,189.850000000043,10.471746284941,3283.145573588844
669.900000000043,189.900000000043,10.470934169004,3283.669140600192
669.950000000043,189.950000000043,10.470122053066,3284.192667005744
670.000000000043,190.000000000043,10.469309937129,3284.716152805498
670.025000000000,190.025000000000,10.468903879161,3284.977880477752
670.050000000043,190.050000000043,10.468498102908,3285.239598002979
670.100000000043,190.100000000043,10.467686550403,3285.763002619311
670.150000000043,190.150000000043,10.466874997898,3286.286366658018
670.200000000043,190.200000000043,10.466063445393,3286.809690119101
670.250000000043,190.250000000043,10.465251892888,3287.332973002557
670.300000000043,190.300000000043,10.464440340383,3287.856215308389
670.350000000043,190.350000000043,10.463628787878,3288.379417036595
670.400000000043,190.400000000043,10.462817235373,3288.902578187176
670.450000000043,190.450000000043,10.462005682868,3289.425698760133
670.500000000043,190.500000000043,10.461194130362,3289.948778755463
670.550000000043,190.550000000043,10.460382577857,3290.471818173169
670.600000000043,190.600000000043,10.459571025352,3290.994817013249
670.650000000043,190.650000000043,10.458759472847,3291.517775275704
670.700000000043,190.700000000043,10.457947920342,3292.040692960534
670.750000000043,190.750000000043,10.457136367837,3292.563570067738
670.800000000043,190.800000000043,10.456324815332,3293.086406597318
670.850000000043,190.850000000043,10.455513262827,3293.609202549271
670.900000000043,190.900000000043,10.454701710322,3294.131957923600
670.950000000044,190.950000000044,10.453890157816,3294.654672720314
671.000000000043,191.000000000043,10.453078605311,3295.177346939382
671.025000000000,191.025000000000,10.452672829059,3295.438668831862
671.050000000043,191.050000000043,10.452266073568,3295.699980568595
671.100000000044,191.100000000044,10.451452562588,3296.222573534509
671.150000000044,191.150000000044,10.450639051607,3296.745125824863
671.200000000044,191.200000000044,10.449825540626,3297.267637439670
671.250000000043,191.250000000043,10.449012029646,3297.790108378916
671.300000000044,191.300000000044,10.448198518665,3298.312538642634
671.350000000044,191.350000000044,10.447385007684,3298.834928230793
671.400000000044,191.400000000044,10.446571496704,3299.357277143402
671.450000000044,191.450000000044,10.445757985723,3299.879585380464
671.500000000044,191.500000000044,10.444944474742,3300.401852941975
671.550000000044,191.550000000044,10.444130963761,3300.924079827937
671.600000000044,191.600000000044,10.443317452781,3301.446266038351
671.650000000044,191.650000000044,10.442503941800,3301.968411573215
671.700000000044,191.700000000044,10.441690430819,3302.490516432531
671.750000000044,191.750000000044,10.440876919839,3303.012580616297
671.800000000044,191.800000000044,10.440063408858,3303.534604124514
671.850000000044,191.850000000044,10.439249897877,3304.056586957183
671.900000000044,191.900000000044,10.438436386896,3304.578529114302
671.950000000044,191.950000000044,10.437622875916,3305.100430595873
672.000000000044,192.000000000044,10.436809364935,3305.622291401894
672.025000000000,192.025000000000,10.436402609445,3305.883206551114
672.050000000044,192.050000000044,10.435995995690,3306.144111534137
672.100000000044,192.100000000044,10.435182768181,3306.665891003235
672.150000000044,192.150000000044,10.434369540672,3307.187629810956
672.200000000044,192.200000000044,10.433556313163,3307.709327957302
672.250000000044,192.250000000044,10.432743085654,3308.230985442272
672.300000000044,192.300000000044,10.431929858145,3308.752602265867
672.350000000044,192.350000000044,10.431116630636,3309.274178428087
672.400000000044,192.400000000044,10.430303403128,3309.795713928931
672.450000000044,192.450000000044,10.429490175619,3310.317208768400
672.500000000044,192.500000000044,10.428676948110,3310.838662946493
672.550000000044,192.550000000044,10.427863720601,3311.360076463210
672.600000000044,192.600000000044,10.427050493092,3311.881449318553
672.650000000044,192.650000000044,10.426237265583,3312.402781512520
672.700000000044,192.700000000044,10.425424038074,3312.924073045112
672.750000000044,192.750000000044,10.424610810565,3313.445323916327
672.800000000044,192.800000000044,10.423797583056,3313.966534126167
672.850000000044,192.850000000044,10.422984355547,3314.487703674633
672.900000000044,192.900000000044,10.422171128038,3315.008832561722
672.950000000044,192.950000000044,10.421357900529,3315.529920787437
673.000000000044,193.000000000044,10.420546315479,3316.050968392837
673.025000000000,193.025000000000,10.420141042412,3316.311476984351
673.050000000044,193.050000000044,10.419735613097,3316.571975443003
673.100000000044,193.100000000044,10.418924754469,3317.092941952193
673.150000000044,193.150000000044,10.418113895840,3317.613867918451
673.200000000044,193.200000000044,10.417303037212,3318.134753341777
673.250000000044,193.250000000044,10.416492178583,3318.655598222172
673.300000000044,193.300000000044,10.415683048925,3319.176402602860
673.350000000044,193.350000000044,10.414874878998,3319.697166551058
673.400000000044,193.400000000044,10.414066709072,3320.217890090759
673.450000000044,193.450000000044,10.413258539145,3320.738573221965
673.500000000044,193.500000000044,10.412450369218,3321.259215944674
673.550000000044,193.550000000044,10.411642199291,3321.779818258886
673.600000000044,193.600000000044,10.410834029364,3322.300380164603
673.650000000044,193.650000000044,10.410025859437,3322.820901661823
673.700000000044,193.700000000044,10.409217689510,3323.341382750547
673.750000000044,193.750000000044,10.408409519583,3323.861823430774
673.800000000044,193.800000000044,10.407601349656,3324.382223702505
673.850000000044,193.850000000044,10.406793179729,3324.902583565740
673.900000000044,193.900000000044,10.405985009802,3325.422903020478
673.950000000044,193.950000000044,10.405176839875,3325.943182066721
674.000000000044,194.000000000044,10.404368669948,3326.463420704466
674.025000000000,194.025000000000,10.403964584985,3326.723524869694
674.050000000044,194.050000000044,10.403560388708,3326.983618932323
674.100000000044,194.100000000044,10.402751996155,3327.503776741945
674.150000000044,194.150000000044,10.401943603602,3328.023894131939
674.200000000044,194.200000000044,10.401135211048,3328.543971102305
674.250000000044,194.250000000044,10.400326818495,3329.064007653044
674.300000000044,194.300000000044,10.399518425942,3329.584003784154
674.350000000044,194.350000000044,10.398711915924,3330.103959542701
674.400000000044,194.400000000044,10.397906115014,3330.623874993475
674.450000000044,194.450000000044,10.397100314103,3331.143750154203
674.500000000044,194.500000000044,10.396294513192,3331.663585024885
674.550000000044,194.550000000044,10.395488712282,3332.183379605521
674.600000000044,194.600000000044,10.394682911371,3332.703133896113
674.650000000044,194.650000000044,10.393877110461,3333.222847896659
674.700000000044,194.700000000044,10.393071309550,3333.742521607160
674.750000000044,194.750000000044,10.392265508640,3334.262155027614
674.800000000044,194.800000000044,10.391459707729,3334.781748158023
674.850000000044,194.850000000044,10.390653906818,3335.301300998387
674.900000000044,194.900000000044,10.389848105908,3335.820813548705
674.950000000044,194.950000000044,10.389042304997,3336.340285808978
675.000000000044,195.000000000044,10.388236504087,3336.859717779205
675.025000000000,195.025000000000,10.387833603632,3337.119418655094
675.050000000044,195.050000000044,10.387429888013,3337.379109449197
675.100000000044,195.100000000044,10.386622456777,3337.898460757817
675.150000000044,195.150000000044,10.385815025540,3338.417771694875
675.200000000044,195.200000000044,10.385007594304,3338.937042260372
675.250000000044,195.250000000044,10.384200163067,3339.456272454305
675.300000000044,195.300000000044,10.383392731831,3339.975462276677
675.350000000044,195.350000000044,10.382585300594,3340.494611727489
675.400000000044,195.400000000044,10.381777869358,3341.013720806737
675.450000000044,195.450000000044,10.380970438122,3341.532789514425
675.500000000044,195.500000000044,10.380163006885,3342.051817850549
675.550000000044,195.550000000044,10.379355575648,3342.570805815112
675.600000000044,195.600000000044,10.378548144412,3343.089753408115
675.650000000044,195.650000000044,10.377740713176,3343.608660629554
675.700000000044,195.700000000044,10.376933281939,3344.127527479433
675.750000000045,195.750000000045,10.376125850702,3344.646353957758
675.800000000044,195.800000000044,10.375318419466,3345.165140064501
675.850000000044,195.850000000044,10.374510988229,3345.683885799695
675.900000000044,195.900000000044,10.373703556993,3346.202591163325
675.950000000045,195.950000000045,10.372896125756,3346.721256155403
676.000000000045,196.000000000045,10.372088694520,3347.239880775911
676.025000000000,196.025000000000,10.371684978902,3347.499177946362
676.050000000044,196.050000000044,10.371280715037,3347.758465017992
676.100000000045,196.100000000045,10.370472732520,3348.277008854192
676.150000000045,196.150000000045,10.369666916715,3348.795512345423
676.200000000045,196.200000000045,10.368861100910,3349.313975545863
676.250000000045,196.250000000045,10.368055285105,3349.832398455514
676.300000000045,196.300000000045,10.367249469300,3350.350781074374
676.350000000045,196.350000000045,10.366443653495,3350.869123402444
676.400000000045,196.400000000045,10.365637837690,3351.387425439723
676.450000000045,196.450000000045,10.364832021885,3351.905687186212
676.500000000045,196.500000000045,10.364026206081,3352.423908641912
676.550000000045,196.550000000045,10.363220390276,3352.942089806821
676.600000000045,196.600000000045,10.362414574471,3353.460230680940
676.650000000045,196.650000000045,10.361608758666,3353.978331264268
676.700000000045,196.700000000045,10.360802942861,3354.496391556806
676.750000000045,196.750000000045,10.359997127056,3355.014411558554
676.800000000045,196.800000000045,10.359191311251,3355.532391269511
676.850000000045,196.850000000045,10.358385495446,3356.050330689679
676.900000000045,196.900000000045,10.357579679641,3356.568229819056
676.950000000045,196.950000000045,10.356773863836,3357.086088657643
677.000000000045,197.000000000045,10.355968048031,3357.603907205440
677.025000000000,197.025000000000,10.355565140130,3357.862801369826
677.050000000045,197.050000000045,10.355160796363,3358.121685444498
677.100000000045,197.100000000045,10.354352108833,3358.639423267129
677.150000000045,197.150000000045,10.353543421302,3359.157120655382
677.200000000045,197.200000000045,10.352734733772,3359.674777609258
677.250000000045,197.250000000045,10.351926046241,3360.192394128760
677.300000000045,197.300000000045,10.351117358710,3360.709970213883
677.350000000045,197.350000000045,10.350308671180,3361.227505864631
677.400000000045,197.400000000045,10.349499983649,3361.745001081001
677.450000000045,197.450000000045,10.348691296118,3362.262455862995
677.500000000045,197.500000000045,10.347882608588,3362.779870210613
677.550000000045,197.550000000045,10.347073921057,3363.297244123854
677.600000000045,197.600000000045,10.346265233527,3363.814577602719
677.650000000045,197.650000000045,10.345456545996,3364.331870647207
677.700000000045,197.700000000045,10.344647858465,3364.849123257318
677.750000000045,197.750000000045,10.343839170935,3365.366335433053
677.800000000045,197.800000000045,10.343030483404,3365.883507174412
677.850000000045,197.850000000045,10.342221795873,3366.400638481394
677.900000000045,197.900000000045,10.341413108343,3366.917729353999
677.950000000045,197.950000000045,10.340604420812,3367.434779792228
678.000000000045,198.000000000045,10.339795733281,3367.951789796081
678.025000000000,198.025000000000,10.339391389517,3368.210279634650
678.050000000045,198.050000000045,10.338985423727,3368.468759345281
678.100000000045,198.100000000045,10.338173492150,3368.985688318179
678.150000000045,198.150000000045,10.337361560573,3369.502576694496
678.200000000045,198.200000000045,10.336549628996,3370.019424474235
678.250000000045,198.250000000045,10.335737697419,3370.536231657396
678.300000000045,198.300000000045,10.334925765843,3371.052998243978
678.350000000045,198.350000000045,10.334114574210,3371.569724252479
678.400000000045,198.400000000045,10.333305409404,3372.086409752069
678.450000000045,198.450000000045,10.332496244598,3372.603054793419
678.500000000045,198.500000000045,10.331687079792,3373.119659376529
678.550000000045,198.550000000045,10.330877914986,3373.636223501398
678.600000000045,198.600000000045,10.330068750180,3374.152747168028
678.650000000045,198.650000000045,10.329259585373,3374.669230376417
678.700000000045,198.700000000045,10.328450420567,3375.185673126565
678.750000000045,198.750000000045,10.327643238444,3375.702075468041
678.800000000045,198.800000000045,10.326836912239,3376.218437471807
678.850000000045,198.850000000045,10.326030586035,3376.734759159265
678.900000000045,198.900000000045,10.325224259831,3377.251040530411
678.950000000045,198.950000000045,10.324417933626,3377.767281585247
679.000000000045,199.000000000045,10.323611607422,3378.283482323774
679.025000000000,199.025000000000,10.323208444320,3378.541567573956
679.050000000045,199.050000000045,10.322803959974,3378.799642729474
679.100000000045,199.100000000045,10.321994991283,3379.315762703256
679.150000000045,199.150000000045,10.321186022592,3379.831842228603
679.200000000045,199.200000000045,10.320377053901,3380.347881305515
679.250000000045,199.250000000045,10.319568085211,3380.863879933993
679.300000000045,199.300000000045,10.318759116520,3381.379838114036
679.350000000045,199.350000000045,10.317950147829,3381.895755845645
679.400000000045,199.400000000045,10.317141179138,3382.411633128819
679.450000000045,199.450000000045,10.316332210447,3382.927469963558
679.500000000045,199.500000000045,10.315523241756,3383.443266349864
679.550000000045,199.550000000045,10.314714273065,3383.959022287734
679.600000000045,199.600000000045,10.313905304374,3384.474737777171
679.650000000045,199.650000000045,10.313096335683,3384.990412818172
679.700000000045,199.700000000045,10.312287366992,3385.506047410739
679.750000000046,199.750000000046,10.311478398301,3386.021641554882
679.800000000045,199.800000000045,10.310669429610,3386.537195250569
679.850000000045,199.850000000045,10.309860460920,3387.052708497833
679.900000000046,199.900000000046,10.309051492229,3387.568181296672
679.950000000046,199.950000000046,10.308242523538,3388.083613647066
680.000000000046,200.000000000046,10.307433554847,3388.599005549026
680.025000000000,200.025000000000,10.307029070502,3388.856686331368
680.050000000045,200.050000000045,10.306624156280,3389.114356997167
680.100000000046,200.100000000046,10.305814327837,3389.629667959280
680.150000000046,200.150000000046,10.305004499394,3390.144938429961
680.200000000046,200.200000000046,10.304194670951,3390.660168409219
680.250000000046,200.250000000046,10.303384842508,3391.175357897057
680.300000000046,200.300000000046,10.302575014065,3391.690506893470
680.350000000046,200.350000000046,10.301765185622,3392.205615398462
680.400000000046,200.400000000046,10.300955357179,3392.720683412032
680.450000000046,200.450000000046,10.300146709616,3393.235710963702
680.500000000046,200.500000000046,10.299339505515,3393.750698119081
680.550000000046,200.550000000046,10.298532301414,3394.265644914254
680.600000000046,200.600000000046,10.297725097312,3394.780551349221
680.650000000046,200.650000000046,10.296917893210,3395.295417423985
680.700000000046,200.700000000046,10.296110689109,3395.810243138542
680.750000000046,200.750000000046,10.295303485007,3396.325028492896
680.800000000046,200.800000000046,10.294496280906,3396.839773487043
680.850000000046,200.850000000046,10.293689076804,3397.354478120985
680.900000000046,200.900000000046,10.292881872703,3397.869142394723
680.950000000046,200.950000000046,10.292074668601,3398.383766308255
681.000000000046,201.000000000046,10.291267464500,3398.898349861583
681.025000000000,201.025000000000,10.290863862450,3399.155626502696
681.050000000046,201.050000000046,10.290460741005,3399.412893060713
681.100000000046,201.100000000046,10.289654498117,3399.927395941691
681.150000000046,201.150000000046,10.288848255229,3400.441858510525
681.200000000046,201.200000000046,10.288042012341,3400.956280767214
681.250000000046,201.250000000046,10.287235769453,3401.470662711759
681.300000000046,201.300000000046,10.286429526565,3401.985004344159
681.350000000046,201.350000000046,10.285623283677,3402.499305664415
681.400000000046,201.400000000046,10.284817040789,3403.013566672527
681.450000000046,201.450000000046,10.284010797901,3403.527787368494
681.500000000046,201.500000000046,10.283204555013,3404.041967752318
681.550000000046,201.550000000046,10.282398312125,3404.556107823996
681.600000000046,201.600000000046,10.281592069237,3405.070207583529
681.650000000046,201.650000000046,10.280785826349,3405.584267030920
681.700000000046,201.700000000046,10.279979583461,3406.098286166165
681.750000000046,201.750000000046,10.279173340573,3406.612264989266
681.800000000046,201.800000000046,10.278367097685,3407.126203500222
681.850000000046,201.850000000046,10.277560854796,3407.640101699034
681.900000000046,201.900000000046,10.276754611908,3408.153959585702
681.950000000046,201.950000000046,10.275948369020,3408.667777160225
682.000000000046,202.000000000046,10.275142126132,3409.181554422604
682.025000000000,202.025000000000,10.274739004689,3409.438427936266
682.050000000046,202.050000000046,10.274337606260,3409.695291394376
682.100000000046,202.100000000046,10.273534809405,3410.208988204767
682.150000000046,202.150000000046,10.272732012549,3410.722644875317
682.200000000046,202.200000000046,10.271929215694,3411.236261406023
682.250000000046,202.250000000046,10.271126418838,3411.749837796886
682.300000000046,202.300000000046,10.270323621982,3412.263374047906
682.350000000046,202.350000000046,10.269520825127,3412.776870159084
682.400000000046,202.400000000046,10.268718028271,3413.290326130419
682.450000000046,202.450000000046,10.267915231415,3413.803741961911
682.500000000046,202.500000000046,10.267112434560,3414.317117653561
682.550000000046,202.550000000046,10.266309637704,3414.830453205367
682.600000000046,202.600000000046,10.265506840848,3415.343748617331
682.650000000046,202.650000000046,10.264704043993,3415.857003889452
682.700000000046,202.700000000046,10.263901247137,3416.370219021730
682.750000000046,202.750000000046,10.263098450281,3416.883394014166
682.800000000046,202.800000000046,10.262295653426,3417.396528866759
682.850000000046,202.850000000046,10.261492856570,3417.909623579508
682.900000000046,202.900000000046,10.260690059714,3418.422678152416
682.950000000046,202.950000000046,10.259887262858,3418.935692585480
683.000000000046,203.000000000046,10.259084466003,3419.448666878702
683.025000000000,203.025000000000,10.258683067576,3419.705138972399
683.050000000046,203.050000000046,10.258285147450,3419.961601075559
683.100000000046,203.100000000046,10.257489307201,3420.474495436925
683.150000000046,203.150000000046,10.256693466952,3420.987350006279
683.200000000046,203.200000000046,10.255897626703,3421.500164783620
683.250000000046,203.250000000046,10.255101786453,3422.012939768950
683.300000000046,203.300000000046,10.254305946204,3422.525674962266
683.350000000046,203.350000000046,10.253510105955,3423.038370363569
683.400000000046,203.400000000046,10.252714265706,3423.551025972862
683.450000000046,203.450000000046,10.251918425456,3424.063641790140
683.500000000046,203.500000000046,10.251122585207,3424.576217815407
683.550000000046,203.550000000046,10.250326744958,3425.088754048661
683.600000000046,203.600000000046,10.249530904709,3425.601250489902
683.650000000046,203.650000000046,10.248735842986,3426.113707158595
683.700000000046,203.700000000046,10.247942644852,3426.626124120791
683.750000000046,203.750000000046,10.247149446718,3427.138501423081
683.800000000046,203.800000000046,10.246356248584,3427.650839065463
683.850000000046,203.850000000046,10.245563050450,3428.163137047939
683.900000000046,203.900000000046,10.244769852317,3428.675395370508
683.950000000046,203.950000000046,10.243976654183,3429.187614033171
684.000000000046,204.000000000046,10.243183456049,3429.699793035927
684.025000000000,204.025000000000,10.242786856983,3429.955867664368
684.050000000046,204.050000000046,10.242393443583,3430.211932418597
684.100000000046,204.100000000046,10.241606616784,3430.724032420106
684.150000000046,204.150000000046,10.240819789985,3431.236093080276
684.200000000046,204.200000000046,10.240032963186,3431.748114399104
684.250000000046,204.250000000046,10.239246136387,3432.260096376594
684.300000000046,204.300000000046,10.238459309589,3432.772039012743
684.350000000046,204.350000000046,10.237672482790,3433.283942307552
684.400000000046,204.400000000046,10.236885655991,3433.795806261023
684.450000000046,204.450000000046,10.236098829192,3434.307630873152
684.500000000046,204.500000000046,10.235312002393,3434.819416143942
684.550000000047,204.550000000047,10.234525175594,3435.331162073402
684.600000000046,204.600000000046,10.233738348796,3435.842868661501
684.650000000046,204.650000000046,10.232951521997,3436.354535908271
684.700000000046,204.700000000046,10.232164695198,3436.866163813701
684.750000000047,204.750000000047,10.231377868399,3437.377752377801
684.800000000047,204.800000000047,10.230591041600,3437.889301600551
684.850000000046,204.850000000046,10.229804214801,3438.400811481950
684.900000000047,204.900000000047,10.229017388002,3438.912282022031
684.950000000047,204.950000000047,10.228230561204,3439.423713220761
685.000000000047,205.000000000047,10.227443734405,3439.935105078151
685.025000000000,205.025000000000,10.227050321006,3440.190786253363
685.050000000047,205.050000000047,10.226660268975,3440.446457636219
685.100000000047,205.100000000047,10.225880164914,3440.957771147066
685.150000000047,205.150000000047,10.225100060854,3441.469045652711
685.200000000047,205.200000000047,10.224319956793,3441.980281153151
685.250000000047,205.250000000047,10.223539852733,3442.491477648389
685.300000000047,205.300000000047,10.222759748672,3443.002635138424
685.350000000047,205.350000000047,10.221979644611,3443.513753623256
685.400000000047,205.400000000047,10.221199540551,3444.024833102886
685.450000000047,205.450000000047,10.220419436490,3444.535873577311
685.500000000047,205.500000000047,10.219639332429,3445.046875046534
685.550000000047,205.550000000047,10.218859228369,3445.557837510555
685.600000000047,205.600000000047,10.218079124308,3446.068760969371
685.650000000047,205.650000000047,10.217299020248,3446.579645422985
685.700000000047,205.700000000047,10.216518916187,3447.090490871396
685.750000000047,205.750000000047,10.215738812126,3447.601297314603
685.800000000047,205.800000000047,10.214958708066,3448.112064752609
685.850000000047,205.850000000047,10.214178604005,3448.622793185410
685.900000000047,205.900000000047,10.213398499944,3449.133482613010
685.950000000047,205.950000000047,10.212618395884,3449.644133035405
686.000000000047,206.000000000047,10.211838291823,3450.154744452597
686.025000000000,206.025000000000,10.211448239793,3450.410035533763
686.050000000047,206.050000000047,10.211061783700,3450.665316909537
686.100000000047,206.100000000047,10.210288871514,3451.175850675917
686.150000000047,206.150000000047,10.209515959328,3451.686345796688
686.200000000047,206.200000000047,10.208743047142,3452.196802271850
686.250000000047,206.250000000047,10.207970134957,3452.707220101402
686.300000000047,206.300000000047,10.207197222771,3453.217599285345
686.350000000047,206.350000000047,10.206424310585,3453.727939823679
686.400000000047,206.400000000047,10.205651398399,3454.238241716404
686.450000000047,206.450000000047,10.204878486213,3454.748504963519
686.500000000047,206.500000000047,10.204105574028,3455.258729565024
686.550000000047,206.550000000047,10.203332661842,3455.768915520921
686.600000000047,206.600000000047,10.202559749656,3456.279062831208
686.650000000047,206.650000000047,10.201786837470,3456.789171495887
686.700000000047,206.700000000047,10.201013925284,3457.299241514955
686.750000000047,206.750000000047,10.200241013098,3457.809272888414
686.800000000047,206.800000000047,10.199468100913,3458.319265616266
686.850000000047,206.850000000047,10.198695188727,3458.829219698506
686.900000000047,206.900000000047,10.197922923078,3459.339135151302
686.950000000047,206.950000000047,10.197152635630,3459.849012040269
687.000000000047,207.000000000047,10.196382348182,3460.358850414864
687.025000000000,207.025000000000,10.195997204459,3460.613755158793
687.050000000047,207.050000000047,10.195616435244,3460.868650329769
687.100000000047,207.100000000047,10.194854896817,3461.378412113070
687.150000000047,207.150000000047,10.194093358390,3461.888135819451
687.200000000047,207.200000000047,10.193331819963,3462.397821448909
687.250000000047,207.250000000047,10.192570281536,3462.907469001446
687.300000000047,207.300000000047,10.191808743108,3463.417078477063
687.350000000047,207.350000000047,10.191047204681,3463.926649875757
687.400000000047,207.400000000047,10.190285666254,3464.436183197532
687.450000000047,207.450000000047,10.189524127827,3464.945678442383
687.500000000047,207.500000000047,10.188762589399,3465.455135610313
687.550000000047,207.550000000047,10.188001050972,3465.964554701323
687.600000000047,207.600000000047,10.187239512545,3466.473935715411
687.650000000047,207.650000000047,10.186477974118,3466.983278652578
687.700000000047,207.700000000047,10.185716435690,3467.492583512823
687.750000000047,207.750000000047,10.184954897263,3468.001850296146
687.800000000047,207.800000000047,10.184193358836,3468.511079002549
687.850000000047,207.850000000047,10.183431820409,3469.020269632030
687.900000000047,207.900000000047,10.182670281981,3469.529422184590
687.950000000047,207.950000000047,10.181908743554,3470.038536660228
688.000000000047,208.000000000047,10.181147205127,3470.547613058945
688.025000000000,208.025000000000,10.180766435914,3470.802136978979
688.050000000047,208.050000000047,10.180389869813,3471.056651433280
688.100000000047,208.100000000047,10.179636737612,3471.565652098465
688.150000000047,208.150000000047,10.178883605411,3472.074615107042
688.200000000047,208.200000000047,10.178130473210,3472.583540459007
688.250000000047,208.250000000047,10.177377341008,3473.092428154362
688.300000000047,208.300000000047,10.176624208807,3473.601278193108
688.350000000047,208.350000000047,10.175871076606,3474.110090575242
688.400000000047,208.400000000047,10.175117944405,3474.618865300768
688.450000000047,208.450000000047,10.174364812204,3475.127602369683
688.500000000047,208.500000000047,10.173611680003,3475.636301781988
688.550000000048,208.550000000048,10.172858547802,3476.144963537694
688.600000000047,208.600000000047,10.172105415601,3476.653587636768
688.650000000047,208.650000000047,10.171352283400,3477.162174079244
688.700000000048,208.700000000048,10.170599151199,3477.670722865119
688.750000000048,208.750000000048,10.169846018998,3478.179233994374
688.800000000048,208.800000000048,10.169092886796,3478.687707467020
688.850000000047,208.850000000047,10.168339754595,3479.196143283044
688.900000000048,208.900000000048,10.167586622394,3479.704541442478
688.950000000048,208.950000000048,10.166833490193,3480.212901945294
689.000000000048,209.000000000048,10.166080357992,3480.721224791498
689.025000000000,209.025000000000,10.165703791892,3480.975372092883
689.050000000048,209.050000000048,10.165332205249,3481.229510043336
689.100000000048,209.100000000048,10.164589031964,3481.737758074266
689.150000000048,209.150000000048,10.163845858678,3482.245968946531
689.200000000048,209.200000000048,10.163102685393,3482.754142660134
689.250000000048,209.250000000048,10.162359512108,3483.262279215071
689.300000000048,209.300000000048,10.161616338823,3483.770378611345
689.350000000048,209.350000000048,10.160873165538,3484.278440848953
689.400000000048,209.400000000048,10.160129992253,3484.786465927898
689.450000000048,209.450000000048,10.159386818968,3485.294453848179
689.500000000048,209.500000000048,10.158643645682,3485.802404609794
689.550000000048,209.550000000048,10.157900472397,3486.310318212747
689.600000000048,209.600000000048,10.157157299112,3486.818194657034
689.650000000048,209.650000000048,10.156414125827,3487.326033942657
689.700000000048,209.700000000048,10.155670952542,3487.833836069618
689.750000000048,209.750000000048,10.154927779257,3488.341601037912
689.800000000048,209.800000000048,10.154184605971,3488.849328847543
689.850000000048,209.850000000048,10.153441432686,3489.357019498510
689.900000000048,209.900000000048,10.152698259401,3489.864672990811
689.950000000048,209.950000000048,10.151955086116,3490.372289324450
690.000000000048,210.000000000048,10.151211912831,3490.879868499423
690.025000000000,210.025000000000,10.150840326189,3491.133644151923
690.050000000048,210.050000000048,10.150473927500,3491.387410580583
690.100000000048,210.100000000048,10.149741130123,3491.894915957022
690.150000000048,210.150000000048,10.149008332747,3492.402384693594
690.200000000048,210.200000000048,10.148275535370,3492.909816790298
690.250000000048,210.250000000048,10.147542737994,3493.417212247131
690.300000000048,210.300000000048,10.146809940617,3493.924571064098
690.350000000048,210.350000000048,10.146077143241,3494.431893241193
690.400000000048,210.400000000048,10.145344345864,3494.939178778421
690.450000000048,210.450000000048,10.144611548488,3495.446427675780
690.500000000048,210.500000000048,10.143878751111,3495.953639933270
690.550000000048,210.550000000048,10.143145953735,3496.460815550891
690.600000000048,210.600000000048,10.142413156358,3496.967954528643
690.650000000048,210.650000000048,10.141680358982,3497.475056866526
690.700000000048,210.700000000048,10.140947561605,3497.982122564541
690.750000000048,210.750000000048,10.140214764229,3498.489151622687
690.800000000048,210.800000000048,10.139481966852,3498.996144040964
690.850000000048,210.850000000048,10.138749169476,3499.503099819372
690.900000000048,210.900000000048,10.138016372099,3500.010018957911
690.950000000048,210.950000000048,10.137283574722,3500.516901456582
691.000000000048,211.000000000048,10.136550777346,3501.023747315383
691.025000000000,211.025000000000,10.136184378658,3501.277156504346
691.050000000048,211.050000000048,10.135826545256,3501.530556641383
691.100000000048,211.100000000048,10.135110878452,3502.037330076975
691.150000000048,211.150000000048,10.134395211647,3502.544067729227
691.200000000048,211.200000000048,10.133679544843,3503.050769598140
691.250000000048,211.250000000048,10.132963878039,3503.557435683711
691.300000000048,211.300000000048,10.132248211235,3504.064065985944
691.350000000048,211.350000000048,10.131532544431,3504.570660504835
691.400000000048,211.400000000048,10.130816877627,3505.077219240386
691.450000000048,211.450000000048,10.130101210823,3505.583742192598
691.500000000048,211.500000000048,10.129385544019,3506.090229361469
691.550000000048,211.550000000048,10.128669877215,3506.596680747000
691.600000000048,211.600000000048,10.127954210411,3507.103096349190
691.650000000048,211.650000000048,10.127238543607,3507.609476168040
691.700000000048,211.700000000048,10.126522876802,3508.115820203551
691.750000000048,211.750000000048,10.125807209998,3508.622128455721
691.800000000048,211.800000000048,10.125091543194,3509.128400924551
691.850000000048,211.850000000048,10.124375876390,3509.634637610040
691.900000000048,211.900000000048,10.123660209586,3510.140838512189
691.950000000048,211.950000000048,10.122944542782,3510.647003630999
692.000000000048,212.000000000048,10.122228875978,3511.153132966468
692.025000000000,212.025000000000,10.121871042576,3511.406184214964
692.050000000048,212.050000000048,10.121521549268,3511.659226622848
692.100000000048,212.100000000048,10.120822562652,3512.165285225646
692.150000000048,212.150000000048,10.120123576037,3512.671308879113
692.200000000048,212.200000000048,10.119424589421,3513.177297583250
692.250000000048,212.250000000048,10.118725602806,3513.683251338055
692.300000000048,212.300000000048,10.118026616190,3514.189170143531
692.350000000048,212.350000000048,10.117327629575,3514.695053999674
692.400000000048,212.400000000048,10.116628642959,3515.200902906487
692.450000000048,212.450000000048,10.115929656343,3515.706716863970
692.500000000048,212.500000000048,10.115230669728,3516.212495872122
692.550000000048,212.550000000048,10.114531683112,3516.718239930943
692.600000000048,212.600000000048,10.113832696497,3517.223949040433
692.650000000048,212.650000000048,10.113133709881,3517.729623200592
692.700000000048,212.700000000048,10.112434723266,3518.235262411421
692.750000000048,212.750000000048,10.111737711387,3518.740866722287
692.800000000048,212.800000000048,10.111041031867,3519.246436190869
692.850000000048,212.850000000048,10.110344352346,3519.751970825474
692.900000000048,212.900000000048,10.109647672825,3520.257470626103
692.950000000048,212.950000000048,10.108950993305,3520.762935592757
693.000000000048,213.000000000048,10.108254313784,3521.268365725433
693.025000000000,213.025000000000,10.107905974024,3521.521067728546
693.050000000048,213.050000000048,10.107563372416,3521.773761095862
693.100000000048,213.100000000048,10.106878169201,3522.279122134402
693.150000000048,213.150000000048,10.106192965986,3522.784448912781
693.200000000048,213.200000000048,10.105507762771,3523.289741431000
693.250000000048,213.250000000048,10.104822559555,3523.794999689058
693.300000000048,213.300000000048,10.104137356340,3524.300223686957
693.350000000049,213.350000000049,10.103452153125,3524.805413424703
693.400000000048,213.400000000048,10.102766949910,3525.310568902268
693.450000000048,213.450000000048,10.102081746695,3525.815690119684
693.500000000048,213.500000000048,10.101396543480,3526.320777076938
693.550000000049,213.550000000049,10.100711340265,3526.825829774041
693.600000000049,213.600000000049,10.100026137050,3527.330848210975
693.650000000048,213.650000000048,10.099340933835,3527.835832387736
693.700000000049,213.700000000049,10.098655730619,3528.340782304359
693.750000000049,213.750000000049,10.097970527404,3528.845697960809
693.800000000049,213.800000000049,10.097285324189,3529.350579357098
693.850000000049,213.850000000049,10.096600120974,3529.855426493228
693.900000000049,213.900000000049,10.095914917759,3530.360239369195
693.950000000049,213.950000000049,10.095229714544,3530.865017985004
694.000000000049,214.000000000049,10.094544511329,3531.369762340650
694.025000000000,214.025000000000,10.094201909722,3531.622121670418
694.050000000049,214.050000000049,10.093865751247,3531.874472516675
694.100000000049,214.100000000049,10.093193434298,3532.379148996314
694.150000000049,214.150000000049,10.092521117349,3532.883791860105
694.200000000049,214.200000000049,10.091848800400,3533.388401108049
694.250000000049,214.250000000049,10.091176483451,3533.892976740145
694.300000000049,214.300000000049,10.090504166502,3534.397518756393
694.350000000049,214.350000000049,10.089831849553,3534.902027156795
694.400000000049,214.400000000049,10.089159532604,3535.406501941349
694.450000000049,214.450000000049,10.088487215655,3535.910943110056
694.500000000049,214.500000000049,10.087814898706,3536.415350662915
694.550000000049,214.550000000049,10.087142581758,3536.919724599926
694.600000000049,214.600000000049,10.086470264809,3537.424064921091
694.650000000049,214.650000000049,10.085797947860,3537.928371626407
694.700000000049,214.700000000049,10.085125630911,3538.432644715876
694.750000000049,214.750000000049,10.084453313962,3538.936884189498
694.800000000049,214.800000000049,10.083780997013,3539.441090047272
694.850000000049,214.850000000049,10.083108680064,3539.945262289199
694.900000000049,214.900000000049,10.082436363115,3540.449400915279
694.950000000049,214.950000000049,10.081764046166,3540.953505925511
695.000000000049,215.000000000049,10.081091729217,3541.457577319895
695.025000000000,215.025000000000,10.080755570743,3541.709600410651
695.050000000049,215.050000000049,10.080425434634,3541.961615173711
695.100000000049,215.100000000049,10.079765162417,3542.465619938638
695.150000000049,215.150000000049,10.079104890199,3542.969591689953
695.200000000049,215.200000000049,10.078444617982,3543.473530427658
695.250000000049,215.250000000049,10.077784345764,3543.977436151752
695.300000000049,215.300000000049,10.077124073547,3544.481308862234
695.350000000049,215.350000000049,10.076463801329,3544.985148559107
695.400000000049,215.400000000049,10.075803529112,3545.488955242367
695.450000000049,215.450000000049,10.075143256894,3545.992728912018
695.500000000049,215.500000000049,10.074482984677,3546.496469568057
695.550000000049,215.550000000049,10.073822712459,3547.000177210485
695.600000000049,215.600000000049,10.073162440242,3547.503851839303
695.650000000049,215.650000000049,10.072502168024,3548.007493454509
695.700000000049,215.700000000049,10.071841895807,3548.511102056106
695.750000000049,215.750000000049,10.071181623589,3549.014677644090
695.800000000049,215.800000000049,10.070521351372,3549.518220218464
695.850000000049,215.850000000049,10.069861079154,3550.021729779227
695.900000000049,215.900000000049,10.069200806937,3550.525206326379
695.950000000049,215.950000000049,10.068540534719,3551.028649859921
696.000000000049,216.000000000049,10.067880262502,3551.532060379851
696.025000000000,216.025000000000,10.067550126394,3551.783753259219
696.050000000049,216.050000000049,10.067225906355,3552.035437960121
696.100000000049,216.100000000049,10.066577466279,3552.538783044438
696.150000000049,216.150000000049,10.065929026204,3553.042095706749
696.200000000049,216.200000000049,10.065280586128,3553.545375947058
696.250000000049,216.250000000049,10.064632146052,3554.048623765362
696.300000000049,216.300000000049,10.063983705976,3554.551839161662
696.350000000049,216.350000000049,10.063335265900,3555.055022135960
696.400000000049,216.400000000049,10.062686825824,3555.558172688252
696.450000000049,216.450000000049,10.062038385748,3556.061290818543
696.500000000049,216.500000000049,10.061389945673,3556.564376526828
696.550000000049,216.550000000049,10.060741505597,3557.067429813109
696.600000000049,216.600000000049,10.060093065521,3557.570450677388
696.650000000049,216.650000000049,10.059444625445,3558.073439119662
696.700000000049,216.700000000049,10.058796185369,3558.576395139933
696.750000000049,216.750000000049,10.058147745293,3559.079318738199
696.800000000049,216.800000000049,10.057499305218,3559.582209914461
696.850000000049,216.850000000049,10.056850865142,3560.085068668721
696.900000000049,216.900000000049,10.056202425066,3560.587895000976
696.950000000049,216.950000000049,10.055553984990,3561.090688911228
697.000000000049,217.000000000049,10.054905544914,3561.593450399474
697.025000000000,217.025000000000,10.054581324877,3561.844818984854
697.050000000049,217.050000000049,10.054262134157,3562.096179528584
697.100000000049,217.100000000049,10.053623752720,3562.598876675757
697.150000000049,217.150000000049,10.052985371283,3563.101541903856
697.200000000049,217.200000000049,10.052346989845,3563.604175212885
697.250000000049,217.250000000049,10.051708608408,3564.106776602841
697.300000000049,217.300000000049,10.051070226970,3564.609346073725
697.350000000050,217.350000000050,10.050431845533,3565.111883625549
697.400000000049,217.400000000049,10.049793464096,3565.614389258279
697.450000000049,217.450000000049,10.049155082658,3566.116862971948
697.500000000050,217.500000000050,10.048516701221,3566.619304766555
697.550000000050,217.550000000050,10.047878319784,3567.121714642080
697.600000000050,217.600000000050,10.047239938346,3567.624092598534
697.650000000049,217.650000000049,10.046601556909,3568.126438635904
697.700000000050,217.700000000050,10.045963175471,3568.628752754224
697.750000000050,217.750000000050,10.045324794034,3569.131034953462
697.800000000050,217.800000000050,10.044686412596,3569.633285233627
697.850000000050,217.850000000050,10.044048031159,3570.135503594722
697.900000000050,217.900000000050,10.043409649722,3570.637690036743
697.950000000050,217.950000000050,10.042771268284,3571.139844559693
698.000000000050,218.000000000050,10.042132886847,3571.641967163572
698.025000000000,218.025000000000,10.041813696129,3571.893016495356
698.050000000050,218.050000000050,10.041499649586,3572.144057912680
698.100000000050,218.100000000050,10.040871556501,3572.646117192833
698.150000000050,218.150000000050,10.040243463416,3573.148145068330
698.200000000050,218.200000000050,10.039615370331,3573.650141539173
698.250000000050,218.250000000050,10.038987277247,3574.152106605363
698.300000000050,218.300000000050,10.038359184162,3574.654040266898
698.350000000050,218.350000000050,10.037731091077,3575.155942523780
698.400000000050,218.400000000050,10.037102997992,3575.657813376006
698.450000000050,218.450000000050,10.036474904907,3576.159652823578
698.500000000050,218.500000000050,10.035846811823,3576.661460866497
698.550000000050,218.550000000050,10.035218718738,3577.163237504760
698.600000000050,218.600000000050,10.034590625653,3577.664982738371
698.650000000050,218.650000000050,10.033962532568,3578.166696567326
698.700000000050,218.700000000050,10.033334439483,3578.668378991626
698.750000000050,218.750000000050,10.032706346399,3579.170030011274
698.800000000050,218.800000000050,10.032078253314,3579.671649626267
698.850000000050,218.850000000050,10.031450160229,3580.173237836606
698.900000000050,218.900000000050,10.030822067144,3580.674794642290
698.950000000050,218.950000000050,10.030193974059,3581.176320043319
699.000000000050,219.000000000050,10.029565880975,3581.677814039696
699.025000000000,219.025000000000,10.029251834433,3581.928549260637
699.050000000050,219.050000000050,10.028943239765,3582.179276699566
699.100000000050,219.100000000050,10.028326050431,3582.680708431822
699.150000000050,219.150000000050,10.027708861097,3583.182109304609
699.200000000050,219.200000000050,10.027091671764,3583.683479317930
699.250000000050,219.250000000050,10.026474482430,3584.184818471786
699.300000000050,219.300000000050,10.025857293096,3584.686126766173
699.350000000050,219.350000000050,10.025240103762,3585.187404201095
699.400000000050,219.400000000050,10.024622914428,3585.688650776550
699.450000000050,219.450000000050,10.024005725094,3586.189866492537
699.500000000050,219.500000000050,10.023388535760,3586.691051349059
699.550000000050,219.550000000050,10.022771346427,3587.192205346113
699.600000000050,219.600000000050,10.022154157093,3587.693328483702
699.650000000050,219.650000000050,10.021536967759,3588.194420761823
699.700000000050,219.700000000050,10.020919778425,3588.695482180477
699.750000000050,219.750000000050,10.020302589091,3589.196512739666
699.800000000050,219.800000000050,10.019685399757,3589.697512439387
699.850000000050,219.850000000050,10.019068210423,3590.198481279642
699.900000000050,219.900000000050,10.018451021089,3590.699419260429
699.950000000050,219.950000000050,10.017833831756,3591.200326381750
700.000000000050,220.000000000050,10.017216642422,3591.701202643605
700.025000000000,220.025000000000,10.016908047755,3591.951629201731
700.050000000050,220.050000000050,10.016605024979,3592.202048115641
700.100000000050,220.100000000050,10.015998979427,3592.702863215752
700.150000000050,220.150000000050,10.015392933876,3593.203648013584
700.200000000050,220.200000000050,10.014786888324,3593.704402509139
700.250000000050,220.250000000050,10.014180842772,3594.205126702417
700.300000000050,220.300000000050,10.013574797221,3594.705820593416
700.350000000050,220.350000000050,10.012968751669,3595.206484182139
700.400000000050,220.400000000050,10.012362706117,3595.707117468583
700.450000000050,220.450000000050,10.011756660566,3596.207720452750
700.500000000050,220.500000000050,10.011150615014,3596.708293134640
700.550000000050,220.550000000050,10.010544569462,3597.208835514251
700.600000000050,220.600000000050,10.009938523911,3597.709347591586
700.650000000050,220.650000000050,10.009332478359,3598.209829366643
700.700000000050,220.700000000050,10.008726432807,3598.710280839422
700.750000000050,220.750000000050,10.008120387256,3599.210702009924
700.800000000050,220.800000000050,10.007514341704,3599.711092878147
700.850000000050,220.850000000050,10.006908296152,3600.211453444094
700.900000000050,220.900000000050,10.006302250601,3600.711783707763
700.950000000050,220.950000000050,10.005696205049,3601.212083669153
701.000000000050,221.000000000050,10.005090159497,3601.712353328267
701.025000000000,221.025000000000,10.004787136722,3601.962476793969
701.050000000050,221.050000000050,10.004489268952,3602.212592749541
701.100000000050,221.100000000050,10.003893533414,3602.712802319601
701.150000000050,221.150000000050,10.003297797876,3603.212982102883
701.200000000050,221.200000000050,10.002702062338,3603.713132099388
701.250000000050,221.250000000050,10.002106326800,3604.213252309117
701.300000000050,221.300000000050,10.001510591262,3604.713342732068
701.350000000050,221.350000000050,10.000914855724,3605.213403368243
701.400000000050,221.400000000050,10.000319120186,3605.713434217640
701.450000000050,221.450000000050,9.999723384648,3606.213435280261
701.500000000050,221.500000000050,9.999127649110,3606.713406556105
701.550000000050,221.550000000050,9.998531913572,3607.213348045172
701.600000000050,221.600000000050,9.997936178034,3607.713259747463
701.650000000050,221.650000000050,9.997340442496,3608.213141662976
701.700000000050,221.700000000050,9.996744706958,3608.712993791712
701.750000000050,221.750000000050,9.996148971420,3609.212816133672
701.800000000050,221.800000000050,9.995553235882,3609.712608688854
701.850000000050,221.850000000050,9.994957500344,3610.212371457260
701.900000000050,221.900000000050,9.994361764806,3610.712104438889
701.950000000050,221.950000000050,9.993766029268,3611.211807633740
702.000000000050,222.000000000050,9.993170293730,3611.711481041816
702.025000000000,222.025000000000,9.992872425961,3611.961306575311
702.050000000050,222.050000000050,9.992579603856,3612.211124726184
702.100000000050,222.100000000050,9.991993959646,3612.710739065272
702.150000000051,222.150000000051,9.991408315437,3613.210324122158
702.200000000050,222.200000000050,9.990822671227,3613.709879896815
702.250000000050,222.250000000050,9.990237027018,3614.209406389271
702.300000000050,222.300000000050,9.989651382808,3614.708903599517
702.350000000051,222.350000000051,9.989065738599,3615.208371527562
702.400000000051,222.400000000051,9.988480094389,3615.707810173387
702.450000000050,222.450000000050,9.987894450180,3616.207219536991
702.500000000051,222.500000000051,9.987308805970,3616.706599618405
702.550000000051,222.550000000051,9.986723161760,3617.205950417598
702.600000000051,222.600000000051,9.986137517551,3617.705271934580
702.650000000051,222.650000000051,9.985551873341,3618.204564169353
702.700000000051,222.700000000051,9.984966229132,3618.703827121914
702.750000000051,222.750000000051,9.984380584922,3619.203060792267
702.800000000051,222.800000000051,9.983794940713,3619.702265180407
702.850000000051,222.850000000051,9.983209296503,3620.201440286337
702.900000000051,222.900000000051,9.982623652293,3620.700586110057
702.950000000051,222.950000000051,9.982038008084,3621.199702651566
703.000000000051,223.000000000051,9.981452363874,3621.698789910866
703.025000000000,223.025000000000,9.981159541770,3621.948322559177
703.050000000051,223.050000000051,9.980871529716,3622.197847948080
703.100000000051,223.100000000051,9.980295505609,3622.696877123963
703.150000000051,223.150000000051,9.979719481502,3623.195877498641
703.200000000051,223.200000000051,9.979143457395,3623.694849072113
703.250000000051,223.250000000051,9.978567433288,3624.193791844380
703.300000000051,223.300000000051,9.977991409181,3624.692705815442
703.350000000051,223.350000000051,9.977415385073,3625.191590985297
703.400000000051,223.400000000051,9.976839360966,3625.690447353949
703.450000000051,223.450000000051,9.976263336859,3626.189274921394
703.500000000051,223.500000000051,9.975687312752,3626.688073687635
703.550000000051,223.550000000051,9.975111288645,3627.186843652670
703.600000000051,223.600000000051,9.974535264538,3627.685584816499
703.650000000051,223.650000000051,9.973959240431,3628.184297179123
703.700000000051,223.700000000051,9.973383216324,3628.682980740542
703.750000000051,223.750000000051,9.972807192217,3629.181635500756
703.800000000051,223.800000000051,9.972231168110,3629.680261459764
703.850000000051,223.850000000051,9.971655144003,3630.178858617567
703.900000000051,223.900000000051,9.971079119896,3630.677426974165
703.950000000051,223.950000000051,9.970503095788,3631.175966529557
704.000000000051,224.000000000051,9.969927071681,3631.674477283744
704.025000000000,224.025000000000,9.969639059628,3631.923721859876
704.050000000051,224.050000000051,9.969355234892,3632.172959289067
704.100000000051,224.100000000051,9.968787585420,3632.671412859574
704.150000000051,224.150000000051,9.968219935949,3633.169838047609
704.200000000051,224.200000000051,9.967652286477,3633.668234853169
704.250000000051,224.250000000051,9.967084637006,3634.166603276257
704.300000000051,224.300000000051,9.966516987534,3634.664943316870
704.350000000051,224.350000000051,9.965949338063,3635.163254975010
704.400000000051,224.400000000051,9.965381688591,3635.661538250677
704.450000000051,224.450000000051,9.964814039120,3636.159793143869
704.500000000051,224.500000000051,9.964246389648,3636.658019654589
704.550000000051,224.550000000051,9.963678740177,3637.156217782834
704.600000000051,224.600000000051,9.963111090705,3637.654387528606
704.650000000051,224.650000000051,9.962543441233,3638.152528891905
704.700000000051,224.700000000051,9.961975791762,3638.650641872729
704.750000000051,224.750000000051,9.961408142290,3639.148726471081
704.800000000051,224.800000000051,9.960840492819,3639.646782686958
704.850000000051,224.850000000051,9.960272843347,3640.144810520362
704.900000000051,224.900000000051,9.959705193876,3640.642809971293
704.950000000051,224.950000000051,9.959137544404,3641.140781039750
705.000000000051,225.000000000051,9.958569894932,3641.638723725734
705.025000000000,225.025000000000,9.958286070197,3641.887684424789
705.050000000051,225.050000000051,9.958005766563,3642.136638073257
705.100000000051,225.100000000051,9.957445159295,3642.634524346403
705.150000000051,225.150000000051,9.956884552027,3643.132382589187
705.200000000051,225.200000000051,9.956323944759,3643.630212801606
705.250000000051,225.250000000051,9.955763337491,3644.128014983663
705.300000000051,225.300000000051,9.955202730223,3644.625789135355
705.350000000051,225.350000000051,9.954642122955,3645.123535256684
705.400000000051,225.400000000051,9.954081515687,3645.621253347651
705.450000000051,225.450000000051,9.953520908420,3646.118943408253
705.500000000051,225.500000000051,9.952960301152,3646.616605438493
705.550000000051,225.550000000051,9.952399693884,3647.114239438368
705.600000000051,225.600000000051,9.951839086616,3647.611845407880
705.650000000051,225.650000000051,9.951278479348,3648.109423347030
705.700000000051,225.700000000051,9.950717872080,3648.606973255815
705.750000000051,225.750000000051,9.950157264812,3649.104495134238
705.800000000051,225.800000000051,9.949596657544,3649.601988982297
705.850000000051,225.850000000051,9.949036050276,3650.099454799992
705.900000000051,225.900000000051,9.948475443008,3650.596892587325
705.950000000051,225.950000000051,9.947914835740,3651.094302344293
706.000000000051,226.000000000051,9.947354228472,3651.591684070899
706.025000000000,226.025000000000,9.947073924839,3651.840364422308
706.050000000051,226.050000000051,9.946798513105,3652.089037828289
706.100000000051,226.100000000051,9.946247689638,3652.586363983357
706.150000000052,226.150000000052,9.945696866171,3653.083662597263
706.200000000051,226.200000000051,9.945146042704,3653.580933669974
706.250000000051,226.250000000051,9.944595219237,3654.078177201524
706.300000000052,226.300000000052,9.944044395770,3654.575393191909
706.350000000052,226.350000000052,9.943493572303,3655.072581641110
706.400000000052,226.400000000052,9.942942748836,3655.569742549139
706.450000000051,226.450000000051,9.942391925369,3656.066875915984
706.500000000052,226.500000000052,9.941841101902,3656.563981741675
706.550000000052,226.550000000052,9.941290278435,3657.061060026184
706.600000000052,226.600000000052,9.940739454968,3657.558110769519
706.650000000052,226.650000000052,9.940188631501,3658.055133971681
706.700000000052,226.700000000052,9.939637808034,3658.552129632669
706.750000000052,226.750000000052,9.939086984567,3659.049097752484
706.800000000052,226.800000000052,9.938536161100,3659.546038331126
706.850000000052,226.850000000052,9.937985337633,3660.042951368594
706.900000000052,226.900000000052,9.937434514166,3660.539836864890
706.950000000052,226.950000000052,9.936883690699,3661.036694820011
707.000000000052,227.000000000052,9.936332867232,3661.533525233959
707.025000000000,227.025000000000,9.936057455499,3661.781930112476
707.050000000052,227.050000000052,9.935788574334,3662.030328188367
707.100000000052,227.100000000052,9.935250812003,3662.527104173025
707.150000000052,227.150000000052,9.934713049673,3663.023853269568
707.200000000052,227.200000000052,9.934175287343,3663.520575477993
707.250000000052,227.250000000052,9.933637525012,3664.017270798301
707.300000000052,227.300000000052,9.933099762682,3664.513939230494
707.350000000052,227.350000000052,9.932562000352,3665.010580774569
707.400000000052,227.400000000052,9.932024238021,3665.507195430529
707.450000000052,227.450000000052,9.931486475691,3666.003783198372
707.500000000052,227.500000000052,9.930948713361,3666.500344078097
707.550000000052,227.550000000052,9.930410951030,3666.996878069708
707.600000000052,227.600000000052,9.929873188700,3667.493385173200
707.650000000052,227.650000000052,9.929335426370,3667.989865388578
707.700000000052,227.700000000052,9.928797664039,3668.486318715837
707.750000000052,227.750000000052,9.928259901709,3668.982745154980
707.800000000052,227.800000000052,9.927722139378,3669.479144706008
707.850000000052,227.850000000052,9.927184377048,3669.975517368919
707.900000000052,227.900000000052,9.926646614718,3670.471863143714
707.950000000052,227.950000000052,9.926108852387,3670.968182030391
708.000000000052,228.000000000052,9.925571090057,3671.464474028951
708.025000000000,228.025000000000,9.925302208892,3671.712609944672
708.050000000052,228.050000000052,9.925036218157,3671.960739175527
708.100000000052,228.100000000052,9.924504236686,3672.456977686898
708.150000000052,228.150000000052,9.923972255216,3672.953189599196
708.200000000052,228.200000000052,9.923440273745,3673.449374912419
708.250000000052,228.250000000052,9.922908292275,3673.945533626570
708.300000000052,228.300000000052,9.922376310805,3674.441665741647
708.350000000052,228.350000000052,9.921844329334,3674.937771257650
708.400000000052,228.400000000052,9.921312347864,3675.433850174581
708.450000000052,228.450000000052,9.920780366393,3675.929902492437
708.500000000052,228.500000000052,9.920248384923,3676.425928211219
708.550000000052,228.550000000052,9.919716403452,3676.921927330930
708.600000000052,228.600000000052,9.919184421982,3677.417899851565
708.650000000052,228.650000000052,9.918652440512,3677.913845773128
708.700000000052,228.700000000052,9.918120459041,3678.409765095616
708.750000000052,228.750000000052,9.917588477571,3678.905657819031
708.800000000052,228.800000000052,9.917056496100,3679.401523943374
708.850000000052,228.850000000052,9.916524514630,3679.897363468642
708.900000000052,228.900000000052,9.915992533160,3680.393176394837
708.950000000052,228.950000000052,9.915460551689,3680.888962721958
709.000000000052,229.000000000052,9.914928570219,3681.384722450005
709.025000000000,229.025000000000,9.914662579484,3681.632592338861
709.050000000052,229.050000000052,9.914399256346,3681.880455612325
709.100000000052,229.100000000052,9.913872610072,3682.376162408985
709.150000000052,229.150000000052,9.913345963798,3682.871842873332
709.200000000052,229.200000000052,9.912819317524,3683.367497005365
709.250000000052,229.250000000052,9.912292671250,3683.863124805084
709.300000000052,229.300000000052,9.911766024975,3684.358726272490
709.350000000052,229.350000000052,9.911239378701,3684.854301407581
709.400000000052,229.400000000052,9.910712732427,3685.349850210360
709.450000000052,229.450000000052,9.910186086153,3685.845372680824
709.500000000052,229.500000000052,9.909659439879,3686.340868818975
709.550000000052,229.550000000052,9.909132793604,3686.836338624812
709.600000000052,229.600000000052,9.908606147330,3687.331782098335
709.650000000052,229.650000000052,9.908079501056,3687.827199239546
709.700000000052,229.700000000052,9.907552854782,3688.322590048441
709.750000000052,229.750000000052,9.907026208508,3688.817954525023
709.800000000052,229.800000000052,9.906499562233,3689.313292669292
709.850000000052,229.850000000052,9.905972915959,3689.808604481247
709.900000000052,229.900000000052,9.905446269685,3690.303889960889
709.950000000052,229.950000000052,9.904919623411,3690.799149108216
710.000000000052,230.000000000052,9.904392977137,3691.294381923229
710.025000000000,230.025000000000,9.904129654000,3691.541988455604
710.050000000052,230.050000000052,9.903868830367,3691.789588437174
710.100000000052,230.100000000052,9.903347183103,3692.284768837510
710.150000000052,230.150000000052,9.902825535838,3692.779923155484
710.200000000052,230.200000000052,9.902303888574,3693.275051391094
710.250000000052,230.250000000052,9.901782241310,3693.770153544341
710.300000000052,230.300000000052,9.901260594045,3694.265229615225
710.350000000052,230.350000000052,9.900738946781,3694.760279603745
710.400000000052,230.400000000052,9.900217299516,3695.255303509904
710.450000000052,230.450000000052,9.899695652252,3695.750301333697
710.500000000052,230.500000000052,9.899174004987,3696.245273075128
710.550000000052,230.550000000052,9.898652357723,3696.740218734196
710.600000000052,230.600000000052,9.898130710459,3697.235138310900
710.650000000052,230.650000000052,9.897609063194,3697.730031805242
710.700000000052,230.700000000052,9.897087415930,3698.224899217220
710.750000000052,230.750000000052,9.896565768665,3698.719740546834
710.800000000052,230.800000000052,9.896044121401,3699.214555794087
710.850000000052,230.850000000052,9.895522474136,3699.709344958975
710.900000000052,230.900000000052,9.895000826872,3700.204108041501
710.950000000053,230.950000000053,9.894479179608,3700.698845041672
711.000000000052,231.000000000052,9.893957532343,3701.193555959461
711.025000000000,231.025000000000,9.893696708711,3701.440901636960
711.050000000052,231.050000000052,9.893438233367,3701.688240824250
711.100000000052,231.100000000052,9.892921282678,3702.182899812151
711.150000000053,231.150000000053,9.892404331990,3702.677532952527
711.200000000053,231.200000000053,9.891887381301,3703.172140245360
711.250000000052,231.250000000052,9.891370430613,3703.666721690647
711.300000000053,231.300000000053,9.890853479925,3704.161277288421
711.350000000053,231.350000000053,9.890336529236,3704.655807038650
711.400000000053,231.400000000053,9.889819578548,3705.150310941344
711.450000000053,231.450000000053,9.889302627859,3705.644788996505
711.500000000053,231.500000000053,9.888785677171,3706.139241204130
711.550000000053,231.550000000053,9.888268726482,3706.633667564222
711.600000000053,231.600000000053,9.887751775794,3707.128068076779
711.650000000053,231.650000000053,9.887234825106,3707.622442741801
711.700000000053,231.700000000053,9.886717874417,3708.116791559289
711.750000000053,231.750000000053,9.886200923729,3708.611114529243
711.800000000053,231.800000000053,9.885683973040,3709.105411651663
711.850000000053,231.850000000053,9.885167022352,3709.599682926547
711.900000000053,231.900000000053,9.884650071663,3710.093928353897
711.950000000053,231.950000000053,9.884133120975,3710.588147933714
712.000000000053,232.000000000053,9.883616170286,3711.082341665995
712.025000000000,232.025000000000,9.883357694943,3711.329428838786
712.050000000053,232.050000000053,9.883101701605,3711.576509581767
712.100000000053,232.100000000053,9.882589714930,3712.070651867180
712.150000000053,232.150000000053,9.882077728255,3712.564768553259
712.200000000053,232.200000000053,9.881565741580,3713.058859640006
712.250000000053,232.250000000053,9.881053754905,3713.552925127418
712.300000000053,232.300000000053,9.880541768230,3714.046965015497
712.350000000053,232.350000000053,9.880029781556,3714.540979304241
712.400000000053,232.400000000053,9.879517794881,3715.034967993651
712.450000000053,232.450000000053,9.879005808206,3715.528931083729
712.500000000053,232.500000000053,9.878493821531,3716.022868574472
712.550000000053,232.550000000053,9.877981834856,3716.516780465882
712.600000000053,232.600000000053,9.877469848181,3717.010666757958
712.650000000053,232.650000000053,9.876957861506,3717.504527450699
712.700000000053,232.700000000053,9.876445874831,3717.998362544108
712.750000000053,232.750000000053,9.875933888157,3718.492172038183
712.800000000053,232.800000000053,9.875421901482,3718.985955932924
712.850000000053,232.850000000053,9.874909914807,3719.479714228331
712.900000000053,232.900000000053,9.874397928132,3719.973446924404
712.950000000053,232.950000000053,9.873885941457,3720.467154021144
713.000000000053,233.000000000053,9.873373954782,3720.960835518550
713.025000000000,233.025000000000,9.873117961445,3721.207666666979
713.050000000053,233.050000000053,9.872864380913,3721.454491446782
713.100000000053,233.100000000053,9.872357219851,3721.948121986801
713.150000000053,233.150000000053,9.871850058789,3722.441727168767
713.200000000053,233.200000000053,9.871342897726,3722.935306992680
713.250000000053,233.250000000053,9.870835736664,3723.428861458539
713.300000000053,233.300000000053,9.870328575602,3723.922390566347
713.350000000053,233.350000000053,9.869821414540,3724.415894316100
713.400000000053,233.400000000053,9.869314253477,3724.909372707800
713.450000000053,233.450000000053,9.868807092415,3725.402825741448
713.500000000053,233.500000000053,9.868299931353,3725.896253417042
713.550000000053,233.550000000053,9.867792770290,3726.389655734584
713.600000000053,233.600000000053,9.867285609228,3726.883032694072
713.650000000053,233.650000000053,9.866778448166,3727.376384295506
713.700000000053,233.700000000053,9.866271287103,3727.869710538888
713.750000000053,233.750000000053,9.865764126041,3728.363011424216
713.800000000053,233.800000000053,9.865256964979,3728.856286951493
713.850000000053,233.850000000053,9.864749803916,3729.349537120715
713.900000000053,233.900000000053,9.864242642854,3729.842761931883
713.950000000053,233.950000000053,9.863735481792,3730.335961385000
714.000000000053,234.000000000053,9.863228320729,3730.829135480062
714.025000000000,234.025000000000,9.862974740199,3731.075713017801
714.050000000053,234.050000000053,9.862725583894,3731.322284272375
714.100000000053,234.100000000053,9.862227271285,3731.815408093754
714.150000000053,234.150000000053,9.861728958676,3732.308506999503
714.200000000053,234.200000000053,9.861230646067,3732.801580989622
714.250000000053,234.250000000053,9.860732333458,3733.294630064110
714.300000000053,234.300000000053,9.860234020849,3733.787654222968
714.350000000053,234.350000000053,9.859735708240,3734.280653466195
714.400000000053,234.400000000053,9.859237395631,3734.773627793791
714.450000000053,234.450000000053,9.858739083022,3735.266577205758
714.500000000053,234.500000000053,9.858240770413,3735.759501702093
714.550000000053,234.550000000053,9.857742457804,3736.252401282799
714.600000000053,234.600000000053,9.857244145195,3736.745275947874
714.650000000053,234.650000000053,9.856745832587,3737.238125697318
714.700000000053,234.700000000053,9.856247519978,3737.730950531133
714.750000000053,234.750000000053,9.855749207369,3738.223750449316
714.800000000053,234.800000000053,9.855250894760,3738.716525451870
714.850000000053,234.850000000053,9.854752582151,3739.209275538792
714.900000000053,234.900000000053,9.854254269542,3739.702000710084
714.950000000054,234.950000000054,9.853755956933,3740.194700965757
715.000000000053,235.000000000053,9.853257644324,3740.687376305778
715.025000000000,235.025000000000,9.853008488020,3740.933704631910
715.050000000053,235.050000000053,9.852762690425,3741.180026772164
715.100000000054,235.100000000054,9.852271095236,3741.672652616815
715.150000000054,235.150000000054,9.851779500047,3742.165253881697
715.200000000054,235.200000000054,9.851287904858,3742.657830566820
715.250000000053,235.250000000053,9.850796309669,3743.150382672173
715.300000000054,235.300000000054,9.850304714481,3743.642910197786
715.350000000054,235.350000000054,9.849813119292,3744.135413143631
715.400000000054,235.400000000054,9.849321524103,3744.627891509715
715.450000000054,235.450000000054,9.848829928914,3745.120345296042
715.500000000054,235.500000000054,9.848338333725,3745.612774502607
715.550000000054,235.550000000054,9.847846738536,3746.105179129414
715.600000000054,235.600000000054,9.847355143347,3746.597559176461
715.650000000054,235.650000000054,9.846863548158,3747.089914643749
715.700000000054,235.700000000054,9.846371952969,3747.582245531278
715.750000000054,235.750000000054,9.845880357781,3748.074551839046
715.800000000054,235.800000000054,9.845388762592,3748.566833567055
715.850000000054,235.850000000054,9.844897167403,3749.059090715306
715.900000000054,235.900000000054,9.844405572214,3749.551323283796
715.950000000054,235.950000000054,9.843913977025,3750.043531272527
716.000000000054,236.000000000054,9.843422381836,3750.535714681498
716.025000000000,236.025000000000,9.843176584242,3750.781797168042
716.050000000054,236.050000000054,9.842933827521,3751.027873548721
716.100000000054,236.100000000054,9.842448314081,3751.520008102262
716.150000000054,236.150000000054,9.841962800641,3752.012118380129
716.200000000054,236.200000000054,9.841477287201,3752.504204382326
716.250000000054,236.250000000054,9.840991773760,3752.996266108849
716.300000000054,236.300000000054,9.840506260320,3753.488303559701
716.350000000054,236.350000000054,9.840020746880,3753.980316734881
716.400000000054,236.400000000054,9.839535233439,3754.472305634389
716.450000000054,236.450000000054,9.839049719999,3754.964270258226
716.500000000054,236.500000000054,9.838564206559,3755.456210606390
716.550000000054,236.550000000054,9.838078693119,3755.948126678881
716.600000000054,236.600000000054,9.837593179678,3756.440018475702
716.650000000054,236.650000000054,9.837107666238,3756.931885996849
716.700000000054,236.700000000054,9.836622152798,3757.423729242326
716.750000000054,236.750000000054,9.836136639357,3757.915548212129
716.800000000054,236.800000000054,9.835651125917,3758.407342906261
716.850000000054,236.850000000054,9.835165612477,3758.899113324721
716.900000000054,236.900000000054,9.834680099036,3759.390859467508
716.950000000054,236.950000000054,9.834194585596,3759.882581334625
717.000000000054,237.000000000054,9.833709072156,3760.374278926068
717.025000000000,237.025000000000,9.833466315436,3760.620118617882
717.050000000054,237.050000000054,9.833226117394,3760.865952273823
717.100000000054,237.100000000054,9.832745721312,3761.357601569791
717.150000000054,237.150000000054,9.832265325229,3761.849226845954
717.200000000054,237.200000000054,9.831784929147,3762.340828102314
717.250000000054,237.250000000054,9.831304533064,3762.832405338869
717.300000000054,237.300000000054,9.830824136982,3763.323958555620
717.350000000054,237.350000000054,9.830343740899,3763.815487752568
717.400000000054,237.400000000054,9.829863344817,3764.306992929710
717.450000000054,237.450000000054,9.829382948734,3764.798474087049
717.500000000054,237.500000000054,9.828902552652,3765.289931224584
717.550000000054,237.550000000054,9.828422156569,3765.781364342314
717.600000000054,237.600000000054,9.827941760487,3766.272773440241
717.650000000054,237.650000000054,9.827461364404,3766.764158518362
717.700000000054,237.700000000054,9.826980968322,3767.255519576681
717.750000000054,237.750000000054,9.826500572239,3767.746856615195
717.800000000054,237.800000000054,9.826020176156,3768.238169633904
717.850000000054,237.850000000054,9.825539780074,3768.729458632811
717.900000000054,237.900000000054,9.825059383991,3769.220723611912
717.950000000054,237.950000000054,9.824578987909,3769.711964571210
718.000000000054,238.000000000054,9.824098591826,3770.203181510703
718.025000000000,238.025000000000,9.823858393786,3770.448780972492
718.050000000054,238.050000000054,9.823620304246,3770.694374456748
718.100000000054,238.100000000054,9.823144125170,3771.185543567484
718.150000000054,238.150000000054,9.822667946092,3771.676688869265
718.200000000054,238.200000000054,9.822191767015,3772.167810362093
718.250000000054,238.250000000054,9.821715587938,3772.658908045967
718.300000000054,238.300000000054,9.821239408861,3773.149981920886
718.350000000054,238.350000000054,9.820763229784,3773.641031986853
718.400000000054,238.400000000054,9.820287050707,3774.132058243865
718.450000000054,238.450000000054,9.819810871630,3774.623060691924
718.500000000054,238.500000000054,9.819334692553,3775.114039331028
718.550000000054,238.550000000054,9.818858513476,3775.604994161178
718.600000000054,238.600000000054,9.818382334399,3776.095925182376
718.650000000054,238.650000000054,9.817906155322,3776.586832394618
718.700000000054,238.700000000054,9.817429976244,3777.077715797908
718.750000000054,238.750000000054,9.816953797167,3777.568575392243
718.800000000054,238.800000000054,9.816477618090,3778.059411177624
718.850000000054,238.850000000054,9.816001439013,3778.550223154052
718.900000000054,238.900000000054,9.815525259936,3779.041011321526
718.950000000054,238.950000000054,9.815049080859,3779.531775680046
719.000000000054,239.000000000054,9.814572901782,3780.022516229612
719.025000000000,239.025000000000,9.814334812244,3780.267877575507
719.050000000054,239.050000000054,9.814098367545,3780.513232990784
719.100000000054,239.100000000054,9.813625478148,3781.003926086927
719.150000000054,239.150000000054,9.813152588751,3781.494595538599
719.200000000054,239.200000000054,9.812680870883,3781.985241375091
719.250000000054,239.250000000054,9.812209568059,3782.475863636064
719.300000000054,239.300000000054,9.811738265235,3782.966462331896
719.350000000054,239.350000000054,9.811266962411,3783.457037462588
719.400000000054,239.400000000054,9.810795659587,3783.947589028137
719.450000000054,239.450000000054,9.810324356763,3784.438117028547
719.500000000054,239.500000000054,9.809853053939,3784.928621463814
719.550000000054,239.550000000054,9.809381751115,3785.419102333940
719.600000000054,239.600000000054,9.808910448291,3785.909559638926
719.650000000054,239.650000000054,9.808439145468,3786.399993378769
719.700000000054,239.700000000054,9.807967842644,3786.890403553472
719.750000000055,239.750000000055,9.807496539820,3787.380790163043
719.800000000054,239.800000000054,9.807025236996,3787.871153207454
719.850000000054,239.850000000054,9.806553934172,3788.361492686734
719.900000000054,239.900000000054,9.806082631348,3788.851808600871
719.950000000055,239.950000000055,9.805611328524,3789.342100949877
720.000000000055,240.000000000055,9.805140025700,3789.832369733734
720.025000000000,240.025000000000,9.804904374289,3790.077495288194
720.050000000054,240.050000000054,9.804670092430,3790.322614969557
720.100000000055,240.100000000055,9.804201867703,3790.812836768571
720.150000000055,240.150000000055,9.803734848655,3791.303035186480
720.200000000055,240.200000000055,9.803267829607,3791.793210253436
720.250000000055,240.250000000055,9.802800810558,3792.283361969440
720.300000000055,240.300000000055,9.802333791510,3792.773490334491
720.350000000055,240.350000000055,9.801866772462,3793.263595348591
720.400000000055,240.400000000055,9.801399753414,3793.753677011738
720.450000000055,240.450000000055,9.800932734366,3794.243735323932
720.500000000055,240.500000000055,9.800465715317,3794.733770285174
720.550000000055,240.550000000055,9.799998696269,3795.223781895463
720.600000000055,240.600000000055,9.799531677221,3795.713770154801
720.650000000055,240.650000000055,9.799064658173,3796.203735063186
720.700000000055,240.700000000055,9.798597639124,3796.693676620618
720.750000000055,240.750000000055,9.798130620076,3797.183594827098
720.800000000055,240.800000000055,9.797663601028,3797.673489682625
720.850000000055,240.850000000055,9.797196581980,3798.163361187201
720.900000000055,240.900000000055,9.796729562931,3798.653209340824
720.950000000055,240.950000000055,9.796262543883,3799.143034143493
721.000000000055,241.000000000055,9.795795524835,3799.632835595212
721.025000000000,241.025000000000,9.795562015311,3799.877727563925
721.050000000055,241.050000000055,9.795329030391,3800.122613702535
721.100000000055,241.100000000055,9.794863060551,3800.612368504809
721.150000000055,241.150000000055,9.794397090711,3801.102100008590
721.200000000055,241.200000000055,9.793931120871,3801.591808213879
721.250000000055,241.250000000055,9.793465151032,3802.081493120677
721.300000000055,241.300000000055,9.792999181192,3802.571154728982
721.350000000055,241.350000000055,9.792533211352,3803.060793038796
721.400000000055,241.400000000055,9.792067241512,3803.550408050118
721.450000000055,241.450000000055,9.791601271673,3804.039999762947
721.500000000055,241.500000000055,9.791135301833,3804.529568177285
721.550000000055,241.550000000055,9.790669331993,3805.019113293130
721.600000000055,241.600000000055,9.790203362153,3805.508635110485
721.650000000055,241.650000000055,9.789737392313,3805.998133629346
721.700000000055,241.700000000055,9.789271422474,3806.487608849715
721.750000000055,241.750000000055,9.788805452634,3806.977060771593
721.800000000055,241.800000000055,9.788339482794,3807.466489394978
721.850000000055,241.850000000055,9.787873512954,3807.955894719873
721.900000000055,241.900000000055,9.787407543114,3808.445276746274
721.950000000055,241.950000000055,9.786941573275,3808.934635474184
722.000000000055,242.000000000055,9.786475603435,3809.423970903602
722.025000000000,242.025000000000,9.786242618515,3809.668629880838
722.050000000055,242.050000000055,9.786010766768,3809.913283048692
722.100000000055,242.100000000055,9.785547063273,3810.402571994444
722.150000000055,242.150000000055,9.785083359778,3810.891837755020
722.200000000055,242.200000000055,9.784619656284,3811.381080330421
722.250000000055,242.250000000055,9.784155952789,3811.870299720648
722.300000000055,242.300000000055,9.783692249295,3812.359495925700
722.350000000055,242.350000000055,9.783228545800,3812.848668945578
722.400000000055,242.400000000055,9.782764842306,3813.337818780280
722.450000000055,242.450000000055,9.782301138811,3813.826945429807
722.500000000055,242.500000000055,9.781837435316,3814.316048894161
722.550000000055,242.550000000055,9.781373731822,3814.805129173339
722.600000000055,242.600000000055,9.780910028327,3815.294186267343
722.650000000055,242.650000000055,9.780446324833,3815.783220176172
722.700000000055,242.700000000055,9.779982621338,3816.272230899825
722.750000000055,242.750000000055,9.779518917844,3816.761218438306
722.800000000055,242.800000000055,9.779055214349,3817.250182791610
722.850000000055,242.850000000055,9.778591510854,3817.739123959740
722.900000000055,242.900000000055,9.778127807360,3818.228041942695
722.950000000055,242.950000000055,9.777664103865,3818.716936740475
723.000000000055,243.000000000055,9.777200400371,3819.205808353082
723.025000000000,243.025000000000,9.776968548624,3819.450235464406
723.050000000055,243.050000000055,9.776737465513,3819.694656790120
723.100000000055,243.100000000055,9.776275299292,3820.183482109241
723.150000000055,243.150000000055,9.775813133071,3820.672284320050
723.200000000055,243.200000000055,9.775350966851,3821.161063422547
723.250000000055,243.250000000055,9.774888800630,3821.649819416735
723.300000000055,243.300000000055,9.774426634409,3822.138552302610
723.350000000055,243.350000000055,9.773964468188,3822.627262080176
723.400000000055,243.400000000055,9.773502301968,3823.115948749429
723.450000000055,243.450000000055,9.773040135747,3823.604612310372
723.500000000055,243.500000000055,9.772577969526,3824.093252763004
723.550000000055,243.550000000055,9.772115803305,3824.581870107324
723.600000000055,243.600000000055,9.771653637085,3825.070464343335
723.650000000055,243.650000000055,9.771191470864,3825.559035471033
723.700000000055,243.700000000055,9.770729304643,3826.047583490420
723.750000000056,243.750000000056,9.770267138422,3826.536108401507
723.800000000055,243.800000000055,9.769804972201,3827.024610204262
723.850000000055,243.850000000055,9.769342805981,3827.513088898718
723.900000000056,243.900000000056,9.768880639760,3828.001544484871
723.950000000056,243.950000000056,9.768418473539,3828.489976962703
724.000000000056,244.000000000056,9.767956307318,3828.978386332225
724.025000000000,244.025000000000,9.767725224208,3829.222582350822
724.050000000055,244.050000000055,9.767494458130,3829.466772597389
724.100000000056,244.100000000056,9.767032925974,3829.955135782001
724.150000000056,244.150000000056,9.766571393818,3830.443475889997
724.200000000056,244.200000000056,9.766109861662,3830.931792921383
724.250000000056,244.250000000056,9.765648329506,3831.420086876163
724.300000000056,244.300000000056,9.765186797350,3831.908357754334
724.350000000056,244.350000000056,9.764725265194,3832.396605555897
724.400000000056,244.400000000056,9.764263733039,3832.884830280854
724.450000000056,244.450000000056,9.763802200883,3833.373031929201
724.500000000056,244.500000000056,9.763340668727,3833.861210500942
724.550000000056,244.550000000056,9.762879136571,3834.349365996074
724.600000000056,244.600000000056,9.762417604415,3834.837498414598
724.650000000056,244.650000000056,9.761956072259,3835.325607756516
724.700000000056,244.700000000056,9.761494540103,3835.813694021825
724.750000000056,244.750000000056,9.761033007947,3836.301757210526
724.800000000056,244.800000000056,9.760571475791,3836.789797322620
724.850000000056,244.850000000056,9.760109943635,3837.277814358105
724.900000000056,244.900000000056,9.759648411480,3837.765808316984
724.950000000056,244.950000000056,9.759186879324,3838.253779199253
725.000000000056,245.000000000056,9.758725347168,3838.741727004916
725.025000000000,245.025000000000,9.758494581090,3838.985692253472
725.050000000056,245.050000000056,9.758264549315,3839.229651743149
725.100000000056,245.100000000056,9.757804485766,3839.717553469025
725.150000000056,245.150000000056,9.757344422216,3840.205432191726
725.200000000056,245.200000000056,9.756884358667,3840.693287911247
725.250000000056,245.250000000056,9.756424295117,3841.181120627592
725.300000000056,245.300000000056,9.755964231568,3841.668930340759
725.350000000056,245.350000000056,9.755504168018,3842.156717050748
725.400000000056,245.400000000056,9.755044104469,3842.644480757561
725.450000000056,245.450000000056,9.754584040919,3843.132221461196
725.500000000056,245.500000000056,9.754123977370,3843.619939161653
725.550000000056,245.550000000056,9.753663913820,3844.107633858933
725.600000000056,245.600000000056,9.753203850271,3844.595305553034
725.650000000056,245.650000000056,9.752743786721,3845.082954243960
725.700000000056,245.700000000056,9.752283723172,3845.570579931707
725.750000000056,245.750000000056,9.751823659622,3846.058182616277
725.800000000056,245.800000000056,9.751363596073,3846.545762297669
725.850000000056,245.850000000056,9.750903532523,3847.033318975884
725.900000000056,245.900000000056,9.750443468974,3847.520852650921
725.950000000056,245.950000000056,9.749983405424,3848.008363322781
726.000000000056,246.000000000056,9.749523341875,3848.495850991464
726.025000000000,246.025000000000,9.749293310100,3848.739586199067
726.050000000056,246.050000000056,9.749064112745,3848.983315667399
726.100000000056,246.100000000056,9.748605718037,3849.470757413168
726.150000000056,246.150000000056,9.748147323328,3849.958176239203
726.200000000056,246.200000000056,9.747688928619,3850.445572145501
726.250000000056,246.250000000056,9.747230533911,3850.932945132065
726.300000000056,246.300000000056,9.746772139202,3851.420295198892
726.350000000056,246.350000000056,9.746313744494,3851.907622345984
726.400000000056,246.400000000056,9.745855349785,3852.394926573342
726.450000000056,246.450000000056,9.745396955076,3852.882207880963
726.500000000056,246.500000000056,9.744938560367,3853.369466268850
726.550000000056,246.550000000056,9.744480165659,3853.856701737000
726.600000000056,246.600000000056,9.744021770950,3854.343914285415
726.650000000056,246.650000000056,9.743563376241,3854.831103914095
726.700000000056,246.700000000056,9.743104981533,3855.318270623039
726.750000000056,246.750000000056,9.742646586824,3855.805414412249
726.800000000056,246.800000000056,9.742188192115,3856.292535281722
726.850000000056,246.850000000056,9.741729797407,3856.779633231460
726.900000000056,246.900000000056,9.741271402698,3857.266708261463
726.950000000056,246.950000000056,9.740813007989,3857.753760371730
727.000000000056,247.000000000056,9.740354613281,3858.240789562262
727.025000000000,247.025000000000,9.740125415927,3858.484295562081
727.050000000056,247.050000000056,9.739897264223,3858.727795846128
727.100000000056,247.100000000056,9.739440960816,3859.214779301754
727.150000000056,247.150000000056,9.738985977162,3859.701739975204
727.200000000056,247.200000000056,9.738531127932,3860.188677902831
727.250000000056,247.250000000056,9.738076278701,3860.675593087998
727.300000000056,247.300000000056,9.737621429471,3861.162485530701
727.350000000056,247.350000000056,9.737166580240,3861.649355230944
727.400000000056,247.400000000056,9.736711731010,3862.136202188726
727.450000000056,247.450000000056,9.736256881779,3862.623026404045
727.500000000056,247.500000000056,9.735802032548,3863.109827876904
727.550000000056,247.550000000056,9.735347183318,3863.596606607300
727.600000000056,247.600000000056,9.734892334087,3864.083362595235
727.650000000056,247.650000000056,9.734437484857,3864.570095840709
727.700000000056,247.700000000056,9.733982635626,3865.056806343721
727.750000000056,247.750000000056,9.733527786395,3865.543494104272
727.800000000056,247.800000000056,9.733072937165,3866.030159122361
727.850000000056,247.850000000056,9.732618087934,3866.516801397988
727.900000000056,247.900000000056,9.732163238704,3867.003420931154
727.950000000056,247.950000000056,9.731708389473,3867.490017721858
728.000000000056,248.000000000056,9.731253540242,3867.976591770102
728.025000000000,248.025000000000,9.731026115628,3868.219870265255
728.050000000056,248.050000000056,9.730799758896,3868.463143089232
728.100000000056,248.100000000056,9.730347045434,3868.949671759340
728.150000000056,248.150000000056,9.729894331972,3869.436177793776
728.200000000056,248.200000000056,9.729441618511,3869.922661192537
728.250000000056,248.250000000056,9.728989504978,3870.409121970625
728.300000000056,248.300000000056,9.728538274854,3870.895560165121
728.350000000056,248.350000000056,9.728087044730,3871.381975798110
728.400000000056,248.400000000056,9.727635814607,3871.868368869594
728.450000000056,248.450000000056,9.727184584483,3872.354739379571
728.500000000056,248.500000000056,9.726733354360,3872.841087328042
728.550000000057,248.550000000057,9.726282124236,3873.327412715017
728.600000000056,248.600000000056,9.725830894112,3873.813715540465
728.650000000056,248.650000000056,9.725379663989,3874.299995804418
728.700000000056,248.700000000056,9.724928433865,3874.786253506864
728.750000000057,248.750000000057,9.724477203741,3875.272488647814
728.800000000057,248.800000000057,9.724025973618,3875.758701227248
728.850000000056,248.850000000056,9.723574743494,3876.244891245166
728.900000000057,248.900000000057,9.723123513370,3876.731058701598
728.950000000057,248.950000000057,9.722672283247,3877.217203596513
729.000000000057,249.000000000057,9.722221053123,3877.703325929922
729.025000000000,249.025000000000,9.721995438062,3877.946378635508
729.050000000057,249.050000000057,9.721770182472,3878.189425706319
729.100000000057,249.100000000057,9.721319671292,3878.675502952663
729.150000000057,249.150000000057,9.720869160112,3879.161557673448
729.200000000057,249.200000000057,9.720418648932,3879.647589868674
729.250000000057,249.250000000057,9.719968137753,3880.133599538341
729.300000000057,249.300000000057,9.719517626573,3880.619586682450
729.350000000057,249.350000000057,9.719067115393,3881.105551300998
729.400000000057,249.400000000057,9.718616604213,3881.591493393989
729.450000000057,249.450000000057,9.718166093033,3882.077412961420
729.500000000057,249.500000000057,9.717715581854,3882.563310003291
729.550000000057,249.550000000057,9.717265070674,3883.049184519605
729.600000000057,249.600000000057,9.716814559494,3883.535036510359
729.650000000057,249.650000000057,9.716364048314,3884.020865975555
729.700000000057,249.700000000057,9.715913537135,3884.506672915191
729.750000000057,249.750000000057,9.715463025955,3884.992457329268
729.800000000057,249.800000000057,9.715012514775,3885.478219217787
729.850000000057,249.850000000057,9.714562003595,3885.963958580745
729.900000000057,249.900000000057,9.714111492415,3886.449675418146
729.950000000057,249.950000000057,9.713660981236,3886.935369729987
730.000000000057,250.000000000057,9.713210470056,3887.421041516269
730.025000000000,250.025000000000,9.712985214467,3887.663868961772
730.050000000057,250.050000000057,9.712761282255,3887.906690793535
730.100000000057,250.100000000057,9.712313417833,3888.392317661037
730.150000000057,250.150000000057,9.711865553410,3888.877922135319
730.200000000057,250.200000000057,9.711417688988,3889.363504216378
730.250000000057,250.250000000057,9.710969824566,3889.849063904217
730.300000000057,250.300000000057,9.710521960143,3890.334601198835
730.350000000057,250.350000000057,9.710074095721,3890.820116100231
730.400000000057,250.400000000057,9.709626231299,3891.305608608408
730.450000000057,250.450000000057,9.709178366876,3891.791078723361
730.500000000057,250.500000000057,9.708730502454,3892.276526445094
730.550000000057,250.550000000057,9.708282638032,3892.761951773607
730.600000000057,250.600000000057,9.707834773609,3893.247354708898
730.650000000057,250.650000000057,9.707386909187,3893.732735250968
730.700000000057,250.700000000057,9.706939044765,3894.218093399817
730.750000000057,250.750000000057,9.706491180342,3894.703429155444
730.800000000057,250.800000000057,9.706043315920,3895.188742517851
730.850000000057,250.850000000057,9.705595451498,3895.674033487036
730.900000000057,250.900000000057,9.705147587075,3896.159302063001
730.950000000057,250.950000000057,9.704699722653,3896.644548245744
731.000000000057,251.000000000057,9.704251858231,3897.129772035265
731.025000000000,251.025000000000,9.704027926020,3897.372375532016
731.050000000057,251.050000000057,9.703806179688,3897.614973458891
731.100000000057,251.100000000057,9.703362687026,3898.100152680558
731.150000000057,251.150000000057,9.702919194364,3898.585309727594
731.200000000057,251.200000000057,9.702475701702,3899.070444599995
731.250000000057,251.250000000057,9.702032209040,3899.555557297763
731.300000000057,251.300000000057,9.701588716378,3900.040647820899
731.350000000057,251.350000000057,9.701145223716,3900.525716169401
731.400000000057,251.400000000057,9.700701731054,3901.010762343271
731.450000000057,251.450000000057,9.700258238391,3901.495786342507
731.500000000057,251.500000000057,9.699814745729,3901.980788167109
731.550000000057,251.550000000057,9.699371253067,3902.465767817080
731.600000000057,251.600000000057,9.698927760405,3902.950725292416
731.650000000057,251.650000000057,9.698484267743,3903.435660593120
731.700000000057,251.700000000057,9.698040775081,3903.920573719191
731.750000000057,251.750000000057,9.697597282419,3904.405464670628
731.800000000057,251.800000000057,9.697153789756,3904.890333447433
731.850000000057,251.850000000057,9.696710297094,3905.375180049603
731.900000000057,251.900000000057,9.696266804432,3905.860004477142
731.950000000057,251.950000000057,9.695823311770,3906.344806730047
732.000000000057,252.000000000057,9.695379819108,3906.829586808318
732.025000000000,252.025000000000,9.695158072777,3907.071968531414
732.050000000057,252.050000000057,9.694937495956,3907.314344726577
732.100000000057,252.100000000057,9.694496342316,3907.799080572533
732.150000000057,252.150000000057,9.694055188675,3908.283794360808
732.200000000057,252.200000000057,9.693614035034,3908.768486091401
732.250000000057,252.250000000057,9.693172881394,3909.253155764311
732.300000000057,252.300000000057,9.692731727753,3909.737803379540
732.350000000057,252.350000000057,9.692290574112,3910.222428937086
732.400000000057,252.400000000057,9.691849420472,3910.707032436952
732.450000000057,252.450000000057,9.691408266831,3911.191613879133
732.500000000057,252.500000000057,9.690967113191,3911.676173263634
732.550000000058,252.550000000058,9.690525959550,3912.160710590463
732.600000000057,252.600000000057,9.690084805909,3912.645225859589
732.650000000057,252.650000000057,9.689643652268,3913.129719071044
732.700000000058,252.700000000058,9.689202498628,3913.614190224826
732.750000000058,252.750000000058,9.688761344987,3914.098639320915
732.800000000058,252.800000000058,9.688320191346,3914.583066359325
732.850000000057,252.850000000057,9.687879037706,3915.067471340041
732.900000000058,252.900000000058,9.687437884065,3915.551854263094
732.950000000058,252.950000000058,9.686996730424,3916.036215128457
733.000000000058,253.000000000058,9.686555576784,3916.520553936137
733.025000000000,253.025000000000,9.686334999964,3916.762715067784
733.050000000058,253.050000000058,9.686116992002,3917.004870718246
733.100000000058,253.100000000058,9.685680976081,3917.489165667448
733.150000000058,253.150000000058,9.685244960159,3917.973438815854
733.200000000058,253.200000000058,9.684808944237,3918.457690163464
733.250000000058,253.250000000058,9.684372928315,3918.941919710277
733.300000000058,253.300000000058,9.683936912393,3919.426127456296
733.350000000058,253.350000000058,9.683500896471,3919.910313401517
733.400000000058,253.400000000058,9.683064880549,3920.394477545942
733.450000000058,253.450000000058,9.682628864627,3920.878619889572
733.500000000058,253.500000000058,9.682192848706,3921.362740432405
733.550000000058,253.550000000058,9.681756832784,3921.846839174443
733.600000000058,253.600000000058,9.681320816862,3922.330916115684
733.650000000058,253.650000000058,9.680884800940,3922.814971256129
733.700000000058,253.700000000058,9.680448785018,3923.299004595778
733.750000000058,253.750000000058,9.680012769096,3923.783016134631
733.800000000058,253.800000000058,9.679576753174,3924.267005872688
733.850000000058,253.850000000058,9.679140737252,3924.750973809948
733.900000000058,253.900000000058,9.678704721330,3925.234919946412
733.950000000058,253.950000000058,9.678268705408,3925.718844282082
734.000000000058,254.000000000058,9.677832689487,3926.202746816954
734.025000000000,254.025000000000,9.677614681526,3926.444689908530
734.050000000058,254.050000000058,9.677399667320,3926.686627588452
734.100000000058,254.100000000058,9.676969638909,3927.170486821108
734.150000000058,254.150000000058,9.676539610498,3927.654324552343
734.200000000058,254.200000000058,9.676109582087,3928.138140782158
734.250000000058,254.250000000058,9.675679553676,3928.621935510551
734.300000000058,254.300000000058,9.675249525266,3929.105708737526
734.350000000058,254.350000000058,9.674819496855,3929.589460463078
734.400000000058,254.400000000058,9.674389468444,3930.073190687210
734.450000000058,254.450000000058,9.673959440033,3930.556899409923
734.500000000058,254.500000000058,9.673529411622,3931.040586631214
734.550000000058,254.550000000058,9.673099383211,3931.524252351085
734.600000000058,254.600000000058,9.672669354800,3932.007896569535
734.650000000058,254.650000000058,9.672239326389,3932.491519286564
734.700000000058,254.700000000058,9.671809297978,3932.975120502174
734.750000000058,254.750000000058,9.671379269567,3933.458700216362
734.800000000058,254.800000000058,9.670949241156,3933.942258429131
734.850000000058,254.850000000058,9.670519212745,3934.425795140478
734.900000000058,254.900000000058,9.670089184334,3934.909310350405
734.950000000058,254.950000000058,9.669659155923,3935.392804058912
735.000000000058,255.000000000058,9.669229127512,3935.876276265997
735.025000000000,255.025000000000,9.669014113307,3936.118004305947
735.050000000058,255.050000000058,9.668801963518,3936.359727007468
735.100000000058,255.100000000058,9.668377663939,3936.843156498154
735.150000000058,255.150000000058,9.667953364361,3937.326564773861
735.200000000058,255.200000000058,9.667529064783,3937.809951834591
735.250000000058,255.250000000058,9.667104765205,3938.293317680340
735.300000000058,255.300000000058,9.666680465626,3938.776662311112
735.350000000058,255.350000000058,9.666256166048,3939.259985726903
735.400000000058,255.400000000058,9.665831866470,3939.743287927715
735.450000000058,255.450000000058,9.665407566892,3940.226568913550
735.500000000058,255.500000000058,9.664983267313,3940.709828684405
735.550000000058,255.550000000058,9.664558967735,3941.193067240282
735.600000000058,255.600000000058,9.664134668157,3941.676284581179
735.650000000058,255.650000000058,9.663710368579,3942.159480707096
735.700000000058,255.700000000058,9.663286069000,3942.642655618037
735.750000000058,255.750000000058,9.662861769422,3943.125809313997
735.800000000058,255.800000000058,9.662437469844,3943.608941794979
735.850000000058,255.850000000058,9.662013170266,3944.092053060981
735.900000000058,255.900000000058,9.661588870687,3944.575143112005
735.950000000058,255.950000000058,9.661164571109,3945.058211948050
736.000000000058,256.000000000058,9.660740271531,3945.541259569116
736.025000000000,256.025000000000,9.660528121742,3945.782775423471
736.050000000058,256.050000000058,9.660318677696,3946.024286009025
736.100000000058,256.100000000058,9.659899789606,3946.507291470708
736.150000000058,256.150000000058,9.659480901516,3946.990275987985
736.200000000058,256.200000000058,9.659062013426,3947.473239560859
736.250000000058,256.250000000058,9.658643125336,3947.956182189328
736.300000000058,256.300000000058,9.658224237246,3948.439103873393
736.350000000058,256.350000000058,9.657805349155,3948.922004613053
736.400000000058,256.400000000058,9.657386461065,3949.404884408308
736.450000000058,256.450000000058,9.656967572975,3949.887743259160
736.500000000058,256.500000000058,9.656548684885,3950.370581165606
736.550000000058,256.550000000058,9.656129796795,3950.853398127649
736.600000000058,256.600000000058,9.655710908705,3951.336194145286
736.650000000058,256.650000000058,9.655292020614,3951.818969218518
736.700000000058,256.700000000058,9.654873132524,3952.301723347347
736.750000000058,256.750000000058,9.654454244434,3952.784456531771
736.800000000058,256.800000000058,9.654035356344,3953.267168771791
736.850000000058,256.850000000058,9.653616468254,3953.749860067406
736.900000000058,256.900000000058,9.653197580163,3954.232530418616
736.950000000058,256.950000000058,9.652778692073,3954.715179825422
737.000000000058,257.000000000058,9.652359803983,3955.197808287823
737.025000000000,257.025000000000,9.652150359939,3955.439114664312
737.050000000058,257.050000000058,9.651944145343,3955.680415846189
737.100000000058,257.100000000058,9.651531716152,3956.163002742726
737.150000000058,257.150000000058,9.651119286961,3956.645569017803
737.200000000058,257.200000000058,9.650706857770,3957.128114671422
737.250000000058,257.250000000058,9.650294428579,3957.610639703581
737.300000000058,257.300000000058,9.649881999388,3958.093144114280
737.350000000059,257.350000000059,9.649469570197,3958.575627903529
737.400000000058,257.400000000058,9.649057141006,3959.058091071299
737.450000000058,257.450000000058,9.648644711815,3959.540533617620
737.500000000058,257.500000000058,9.648232282624,3960.022955542481
737.550000000059,257.550000000059,9.647819853433,3960.505356845892
737.600000000059,257.600000000059,9.647407424242,3960.987737527834
737.650000000058,257.650000000058,9.646994995051,3961.470097588306
737.700000000059,257.700000000059,9.646582565860,3961.952437027339
737.750000000059,257.750000000059,9.646170136669,3962.434755844902
737.800000000059,257.800000000059,9.645757707478,3962.917054041005
737.850000000059,257.850000000059,9.645345278287,3963.399331615650
737.900000000059,257.900000000059,9.644932849096,3963.881588568835
737.950000000059,257.950000000059,9.644520419905,3964.363824900560
738.000000000059,258.000000000059,9.644107990714,3964.846040610825
738.025000000000,258.025000000000,9.643901776119,3965.087140732341
738.050000000059,258.050000000059,9.643698299289,3965.328235733853
738.100000000059,258.100000000059,9.643291345629,3965.810410474976
738.150000000059,258.150000000059,9.642884391970,3966.292564868416
738.200000000059,258.200000000059,9.642477438310,3966.774698914173
738.250000000059,258.250000000059,9.642070484650,3967.256812612247
738.300000000059,258.300000000059,9.641663530990,3967.738905962638
738.350000000059,258.350000000059,9.641256577331,3968.220978965346
738.400000000059,258.400000000059,9.640849623671,3968.703031620371
738.450000000059,258.450000000059,9.640442670011,3969.185063927714
738.500000000059,258.500000000059,9.640035716351,3969.667075887372
738.550000000059,258.550000000059,9.639628762691,3970.149067499347
738.600000000059,258.600000000059,9.639221809032,3970.631038763641
738.650000000059,258.650000000059,9.638814855372,3971.112989680251
738.700000000059,258.700000000059,9.638407901712,3971.594920249179
738.750000000059,258.750000000059,9.638000948052,3972.076830470422
738.800000000059,258.800000000059,9.637593994393,3972.558720343983
738.850000000059,258.850000000059,9.637187040733,3973.040589869862
738.900000000059,258.900000000059,9.636780087073,3973.522439048057
738.950000000059,258.950000000059,9.636373133413,3974.004267878569
739.000000000059,259.000000000059,9.635966179754,3974.486076361398
739.025000000000,259.025000000000,9.635762702924,3974.726972971863
739.050000000059,259.050000000059,9.635561834530,3974.967864529150
739.100000000059,259.100000000059,9.635160097741,3975.449632577457
739.150000000059,259.150000000059,9.634758360953,3975.931380538924
739.200000000059,259.200000000059,9.634356624165,3976.413108413553
739.250000000059,259.250000000059,9.633954887377,3976.894816201341
739.300000000059,259.300000000059,9.633553150588,3977.376503902290
739.350000000059,259.350000000059,9.633151413800,3977.858171516400
739.400000000059,259.400000000059,9.632749677012,3978.339819043671
739.450000000059,259.450000000059,9.632347940224,3978.821446484102
739.500000000059,259.500000000059,9.631946203435,3979.303053837693
739.550000000059,259.550000000059,9.631544466647,3979.784641104445
739.600000000059,259.600000000059,9.631142729859,3980.266208284359
739.650000000059,259.650000000059,9.630740993071,3980.747755377432
739.700000000059,259.700000000059,9.630339256282,3981.229282383666
739.750000000059,259.750000000059,9.629937519494,3981.710789303060
739.800000000059,259.800000000059,9.629535782706,3982.192276135615
739.850000000059,259.850000000059,9.629134045917,3982.673742881331
739.900000000059,259.900000000059,9.628732309129,3983.155189540207
739.950000000059,259.950000000059,9.628330572341,3983.636616112245
740.000000000059,260.000000000059,9.627928835553,3984.118022597442
740.025000000000,260.025000000000,9.627727967159,3984.358718306907
740.050000000059,260.050000000059,9.627529922684,3984.599409031098
740.100000000059,260.100000000059,9.627133833736,3985.080775625009
740.150000000059,260.150000000059,9.626737744787,3985.562122414472
740.200000000059,260.200000000059,9.626341655839,3986.043449399488
740.250000000059,260.250000000059,9.625945566890,3986.524756580056
740.300000000059,260.300000000059,9.625549477942,3987.006043956176
740.350000000059,260.350000000059,9.625153388993,3987.487311527850
740.400000000059,260.400000000059,9.624757300044,3987.968559295075
740.450000000059,260.450000000059,9.624361211096,3988.449787257854
740.500000000059,260.500000000059,9.623965122147,3988.930995416185
740.550000000059,260.550000000059,9.623569033199,3989.412183770068
740.600000000059,260.600000000059,9.623172944250,3989.893352319505
740.650000000059,260.650000000059,9.622776855302,3990.374501064493
740.700000000059,260.700000000059,9.622380766353,3990.855630005035
740.750000000059,260.750000000059,9.621984677405,3991.336739141129
740.800000000059,260.800000000059,9.621588588456,3991.817828472775
740.850000000059,260.850000000059,9.621192499508,3992.298897999975
740.900000000059,260.900000000059,9.620796410559,3992.779947722726
740.950000000059,260.950000000059,9.620400321611,3993.260977641031
741.000000000059,261.000000000059,9.620004232662,3993.741987754888
741.025000000000,261.025000000000,9.619806188188,3993.982485384581
741.050000000059,261.050000000059,9.619611225585,3994.222978102820
741.100000000059,261.100000000059,9.619221300381,3994.703948915970
741.150000000059,261.150000000059,9.618831375176,3995.184900232859
741.200000000059,261.200000000059,9.618441449971,3995.665832053488
741.250000000059,261.250000000059,9.618051524766,3996.146744377856
741.300000000059,261.300000000059,9.617661599562,3996.627637205964
741.350000000060,261.350000000060,9.617271674357,3997.108510537822
741.400000000059,261.400000000059,9.616881749152,3997.589364373400
741.450000000059,261.450000000059,9.616491823947,3998.070198712728
741.500000000060,261.500000000060,9.616101898742,3998.551013555805
741.550000000060,261.550000000060,9.615711973538,3999.031808902611
741.600000000060,261.600000000060,9.615322048333,3999.512584753159
741.650000000059,261.650000000059,9.614932123128,3999.993341107435
741.700000000060,261.700000000060,9.614542197923,4000.474077965471
741.750000000060,261.750000000060,9.614152272719,4000.954795327238
741.800000000060,261.800000000060,9.613762347514,4001.435493192743
741.850000000060,261.850000000060,9.613372422309,4001.916171561989
741.900000000060,261.900000000060,9.612982497104,4002.396830434974
741.950000000060,261.950000000060,9.612592571900,4002.877469811699
742.000000000060,262.000000000060,9.612202646695,4003.358089692164
742.025000000000,262.025000000000,9.612007684093,4003.598392320722
742.050000000060,262.050000000060,9.611816113464,4003.838690118769
742.100000000060,262.100000000060,9.611432972208,4004.319271345911
742.150000000060,262.150000000060,9.611049830953,4004.799833415990
742.200000000060,262.200000000060,9.610666689697,4005.280376329005
742.250000000060,262.250000000060,9.610283548441,4005.760900084959
742.300000000060,262.300000000060,9.609900407185,4006.241404683849
742.350000000060,262.350000000060,9.609517265929,4006.721890125678
742.400000000060,262.400000000060,9.609134124673,4007.202356410442
742.450000000060,262.450000000060,9.608750983417,4007.682803538144
742.500000000060,262.500000000060,9.608367842161,4008.163231508784
742.550000000060,262.550000000060,9.607984700905,4008.643640322360
742.600000000060,262.600000000060,9.607601559649,4009.124029978875
742.650000000060,262.650000000060,9.607218418393,4009.604400478325
742.700000000060,262.700000000060,9.606835277137,4010.084751820713
742.750000000060,262.750000000060,9.606452135881,4010.565084006039
742.800000000060,262.800000000060,9.606068994625,4011.045397034301
742.850000000060,262.850000000060,9.605685853369,4011.525690905502
742.900000000060,262.900000000060,9.605302712113,4012.005965619638
742.950000000060,262.950000000060,9.604919570857,4012.486221176712
743.000000000060,263.000000000060,9.604536429601,4012.966457576724
743.025000000000,263.025000000000,9.604344858973,4013.206568592254
743.050000000060,263.050000000060,9.604156891596,4013.446674864713
743.100000000060,263.100000000060,9.603780956843,4013.926873310924
743.150000000060,263.150000000060,9.603405022090,4014.407052960397
743.200000000060,263.200000000060,9.603029087337,4014.887213813132
743.250000000060,263.250000000060,9.602653152583,4015.367355869131
743.300000000060,263.300000000060,9.602277217830,4015.847479128391
743.350000000060,263.350000000060,9.601901283077,4016.327583590914
743.400000000060,263.400000000060,9.601525348323,4016.807669256699
743.450000000060,263.450000000060,9.601149413570,4017.287736125746
743.500000000060,263.500000000060,9.600773478817,4017.767784198056
743.550000000060,263.550000000060,9.600397544064,4018.247813473628
743.600000000060,263.600000000060,9.600021609310,4018.727823952463
743.650000000060,263.650000000060,9.599645674557,4019.207815634559
743.700000000060,263.700000000060,9.599269739804,4019.687788519917
743.750000000060,263.750000000060,9.598893805050,4020.167742608539
743.800000000060,263.800000000060,9.598517870297,4020.647677900422
743.850000000060,263.850000000060,9.598141935544,4021.127594395569
743.900000000060,263.900000000060,9.597766000791,4021.607492093977
743.950000000060,263.950000000060,9.597390066037,4022.087370995648
744.000000000060,264.000000000060,9.597014131284,4022.567231100581
744.025000000000,264.025000000000,9.596826163908,4022.807154103695
744.050000000060,264.050000000060,9.596641872521,4023.047072454726
744.100000000060,264.100000000060,9.596273289747,4023.526895333784
744.150000000060,264.150000000060,9.595904706974,4024.006699783701
744.200000000060,264.200000000060,9.595536124201,4024.486485804480
744.250000000060,264.250000000060,9.595167541428,4024.966253396122
744.300000000060,264.300000000060,9.594798958654,4025.446002558624
744.350000000060,264.350000000060,9.594430375881,4025.925733291988
744.400000000060,264.400000000060,9.594061793108,4026.405445596212
744.450000000060,264.450000000060,9.593693210335,4026.885139471298
744.500000000060,264.500000000060,9.593324627561,4027.364814917246
744.550000000060,264.550000000060,9.592956044788,4027.844471934054
744.600000000060,264.600000000060,9.592587462015,4028.324110521725
744.650000000060,264.650000000060,9.592218879242,4028.803730680256
744.700000000060,264.700000000060,9.591850296468,4029.283332409648
744.750000000060,264.750000000060,9.591481713695,4029.762915709903
744.800000000060,264.800000000060,9.591113130922,4030.242480581018
744.850000000060,264.850000000060,9.590744548149,4030.722027022996
744.900000000060,264.900000000060,9.590375965375,4031.201555035834
744.950000000060,264.950000000060,9.590007382602,4031.681064619533
745.000000000060,265.000000000060,9.589638799829,4032.160555774094
745.025000000000,265.025000000000,9.589454508443,4032.400294439872
745.050000000060,265.050000000060,9.589274032045,4032.640028547203
745.100000000060,265.100000000060,9.588913079249,4033.119483224986
745.150000000060,265.150000000060,9.588552126454,4033.598919855128
745.200000000060,265.200000000060,9.588191173659,4034.078338437631
745.250000000060,265.250000000060,9.587830220864,4034.557738972494
745.300000000060,265.300000000060,9.587469268069,4035.037121459717
745.350000000060,265.350000000060,9.587108315273,4035.516485899301
745.400000000060,265.400000000060,9.586747362478,4035.995832291244
745.450000000060,265.450000000060,9.586386409683,4036.475160635548
745.500000000060,265.500000000060,9.586025456888,4036.954470932213
745.550000000060,265.550000000060,9.585664504093,4037.433763181237
745.600000000060,265.600000000060,9.585303551297,4037.913037382623
745.650000000060,265.650000000060,9.584942598502,4038.392293536368
745.700000000060,265.700000000060,9.584581645707,4038.871531642472
745.750000000060,265.750000000060,9.584220692912,4039.350751700938
745.800000000060,265.800000000060,9.583859740116,4039.829953711764
745.850000000060,265.850000000060,9.583498787321,4040.309137674950
745.900000000060,265.900000000060,9.583137834526,4040.788303590496
745.950000000060,265.950000000060,9.582776881731,4041.267451458402
746.000000000060,266.000000000060,9.582415928936,4041.746581278669
746.025000000000,266.025000000000,9.582235452538,4041.986139420362
746.050000000060,266.050000000060,9.582058757545,4042.225693098563
746.100000000060,266.100000000060,9.581705367560,4042.704787201691
746.150000000061,266.150000000061,9.581351977574,4043.183863635329
746.200000000060,266.200000000060,9.580998587588,4043.662922399448
746.250000000060,266.250000000060,9.580645197603,4044.141963494078
746.300000000060,266.300000000060,9.580291807617,4044.620986919208
746.350000000061,266.350000000061,9.579938417631,4045.099992674849
746.400000000061,266.400000000061,9.579585027646,4045.578980760981
746.450000000060,266.450000000060,9.579231637660,4046.057951177604
746.500000000061,266.500000000061,9.578878247675,4046.536903924748
746.550000000061,266.550000000061,9.578524857689,4047.015839002381
746.600000000061,266.600000000061,9.578171467703,4047.494756410515
746.650000000061,266.650000000061,9.577818077718,4047.973656149152
746.700000000061,266.700000000061,9.577464687732,4048.452538218288
746.750000000061,266.750000000061,9.577111297747,4048.931402617925
746.800000000061,266.800000000061,9.576757907761,4049.410249348063
746.850000000061,266.850000000061,9.576404517775,4049.889078408701
746.900000000061,266.900000000061,9.576051127790,4050.367889799841
746.950000000061,266.950000000061,9.575697737804,4050.846683521480
747.000000000061,267.000000000061,9.575344347818,4051.325459573621
747.025000000000,267.025000000000,9.575167652826,4051.564840973044
747.050000000061,267.050000000061,9.574994585433,4051.804218001607
747.100000000061,267.100000000061,9.574648450647,4052.282959077508
747.150000000061,267.150000000061,9.574302315861,4052.761682846672
747.200000000061,267.200000000061,9.573956181074,4053.240389309095
747.250000000061,267.250000000061,9.573610046288,4053.719078464779
747.300000000061,267.300000000061,9.573263911502,4054.197750313724
747.350000000061,267.350000000061,9.572917776716,4054.676404855928
747.400000000061,267.400000000061,9.572571641930,4055.155042091395
747.450000000061,267.450000000061,9.572225507144,4055.633662020122
747.500000000061,267.500000000061,9.571879372358,4056.112264642110
747.550000000061,267.550000000061,9.571533237572,4056.590849957358
747.600000000061,267.600000000061,9.571187102786,4057.069417965866
747.650000000061,267.650000000061,9.570840968000,4057.547968667637
747.700000000061,267.700000000061,9.570494833214,4058.026502062667
747.750000000061,267.750000000061,9.570148698428,4058.505018150958
747.800000000061,267.800000000061,9.569802563642,4058.983516932510
747.850000000061,267.850000000061,9.569456428856,4059.461998407322
747.900000000061,267.900000000061,9.569110294070,4059.940462575395
747.950000000061,267.950000000061,9.568764159284,4060.418909436729
748.000000000061,268.000000000061,9.568418024498,4060.897338991324
748.025000000000,268.025000000000,9.568244957105,4061.136547278010
748.050000000061,268.050000000061,9.568075289431,4061.375751281676
748.100000000061,268.100000000061,9.567735954085,4061.854146562763
748.150000000061,268.150000000061,9.567396618738,4062.332524877084
748.200000000061,268.200000000061,9.567057283391,4062.810886224637
748.250000000061,268.250000000061,9.566717948045,4063.289230605424
748.300000000061,268.300000000061,9.566378612698,4063.767558019442
748.350000000061,268.350000000061,9.566039277352,4064.245868466693
748.400000000061,268.400000000061,9.565699942005,4064.724161947177
748.450000000061,268.450000000061,9.565360606658,4065.202438460893
748.500000000061,268.500000000061,9.565021271312,4065.680698007843
748.550000000061,268.550000000061,9.564681935965,4066.158940588025
748.600000000061,268.600000000061,9.564342600618,4066.637166201439
748.650000000061,268.650000000061,9.564003265272,4067.115374848087
748.700000000061,268.700000000061,9.563663929925,4067.593566527966
748.750000000061,268.750000000061,9.563324594578,4068.071741241079
748.800000000061,268.800000000061,9.562985259232,4068.549898987424
748.850000000061,268.850000000061,9.562645923885,4069.028039767002
748.900000000061,268.900000000061,9.562306588539,4069.506163579813
748.950000000061,268.950000000061,9.561967253192,4069.984270425856
749.000000000061,269.000000000061,9.561627917845,4070.462360305132
749.025000000000,269.025000000000,9.561458250172,4070.701398881648
749.050000000061,269.050000000061,9.561292283737,4070.940433263906
749.100000000061,269.100000000061,9.560960350868,4071.418489579770
749.150000000061,269.150000000061,9.560628417998,4071.896529298992
749.200000000061,269.200000000061,9.560296485128,4072.374552421570
749.250000000061,269.250000000061,9.559964552259,4072.852558947505
749.300000000061,269.300000000061,9.559632619389,4073.330548876796
749.350000000061,269.350000000061,9.559300686520,4073.808522209443
749.400000000061,269.400000000061,9.558968753650,4074.286478945448
749.450000000061,269.450000000061,9.558636820780,4074.764419084808
749.500000000061,269.500000000061,9.558304887911,4075.242342627526
749.550000000061,269.550000000061,9.557972955041,4075.720249573600
749.600000000061,269.600000000061,9.557641022172,4076.198139923029
749.650000000061,269.650000000061,9.557309089302,4076.676013675817
749.700000000061,269.700000000061,9.556977156432,4077.153870831960
749.750000000061,269.750000000061,9.556645223563,4077.631711391461
749.800000000061,269.800000000061,9.556313290693,4078.109535354316
749.850000000061,269.850000000061,9.555981357824,4078.587342720529
749.900000000061,269.900000000061,9.555649424954,4079.065133490099
749.950000000061,269.950000000061,9.555317492084,4079.542907663024
750.000000000061,270.000000000061,9.554985559215,4080.020665239308
750.025000000000,270.025000000000,9.554819592780,4080.259537803124
750.050000000061,270.050000000061,9.554657105757,4080.498406262439
750.100000000061,270.100000000061,9.554332131711,4080.976130993375
750.150000000062,270.150000000062,9.554007157665,4081.453839475620
750.200000000061,270.200000000061,9.553682183620,4081.931531709142
750.250000000061,270.250000000061,9.553357209574,4082.409207693972
750.300000000062,270.300000000062,9.553032235528,4082.886867430109
750.350000000062,270.350000000062,9.552707261482,4083.364510917534
750.400000000062,270.400000000062,9.552382287436,4083.842138156258
750.450000000061,270.450000000061,9.552057313390,4084.319749146268
750.500000000062,270.500000000062,9.551732339344,4084.797343887596
750.550000000062,270.550000000062,9.551407365299,4085.274922380213
750.600000000062,270.600000000062,9.551082391253,4085.752484624126
750.650000000062,270.650000000062,9.550757417207,4086.230030619338
750.700000000062,270.700000000062,9.550432443161,4086.707560365847
750.750000000062,270.750000000062,9.550107469115,4087.185073863653
750.800000000062,270.800000000062,9.549782495069,4087.662571112759
750.850000000062,270.850000000062,9.549457521024,4088.140052113160
750.900000000062,270.900000000062,9.549132546978,4088.617516864861
750.950000000062,270.950000000062,9.548807572932,4089.094965367859
751.000000000062,271.000000000062,9.548482598886,4089.572397622153
751.025000000000,271.025000000000,9.548320111863,4089.811107655446
751.050000000062,271.050000000062,9.548161142086,4090.049813671713
751.100000000062,271.100000000062,9.547843202533,4090.527213780328
751.150000000062,271.150000000062,9.547525262980,4091.004597991966
751.200000000062,271.200000000062,9.547207323427,4091.481966306626
751.250000000062,271.250000000062,9.546889383874,4091.959318724308
751.300000000062,271.300000000062,9.546571444321,4092.436655245014
751.350000000062,271.350000000062,9.546253504768,4092.913975868741
751.400000000062,271.400000000062,9.545935565214,4093.391280595491
751.450000000062,271.450000000062,9.545617625661,4093.868569425263
751.500000000062,271.500000000062,9.545299686108,4094.345842358056
751.550000000062,271.550000000062,9.544981746555,4094.823099393874
751.600000000062,271.600000000062,9.544663807002,4095.300340532712
751.650000000062,271.650000000062,9.544345867449,4095.777565774574
751.700000000062,271.700000000062,9.544027927896,4096.254775119457
751.750000000062,271.750000000062,9.543709988342,4096.731968567363
751.800000000062,271.800000000062,9.543392048789,4097.209146118292
751.850000000062,271.850000000062,9.543074109236,4097.686307772242
751.900000000062,271.900000000062,9.542756169683,4098.163453529215
751.950000000062,271.950000000062,9.542438230130,4098.640583389210
752.000000000062,272.000000000062,9.542120290577,4099.117697352228
752.025000000000,272.025000000000,9.541961320800,4099.356248371779
752.050000000062,272.050000000062,9.541805841690,4099.594795461902
752.100000000062,272.100000000062,9.541494883470,4100.071877980031
752.150000000062,272.150000000062,9.541183925250,4100.548944950249
752.200000000062,272.200000000062,9.540872967030,4101.025996372556
752.250000000062,272.250000000062,9.540562008810,4101.503032246951
752.300000000062,272.300000000062,9.540251050590,4101.980052573436
752.350000000062,272.350000000062,9.539940092370,4102.457057352010
752.400000000062,272.400000000062,9.539629134150,4102.934046582674
752.450000000062,272.450000000062,9.539318175930,4103.411020265425
752.500000000062,272.500000000062,9.539007217710,4103.887978400266
752.550000000062,272.550000000062,9.538696259490,4104.364920987196
752.600000000062,272.600000000062,9.538385301270,4104.841848026215
752.650000000062,272.650000000062,9.538074343050,4105.318759517324
752.700000000062,272.700000000062,9.537763384829,4105.795655460521
752.750000000062,272.750000000062,9.537452426609,4106.272535855806
752.800000000062,272.800000000062,9.537141468389,4106.749400703182
752.850000000062,272.850000000062,9.536830510169,4107.226250002645
752.900000000062,272.900000000062,9.536519551949,4107.703083754199
752.950000000062,272.950000000062,9.536208593729,4108.179901957840
753.000000000062,273.000000000062,9.535897635509,4108.656704613571
753.025000000000,273.025000000000,9.535742156400,4108.895100110379
753.050000000062,273.050000000062,9.535589724742,4109.133491759485
753.100000000062,273.100000000062,9.535284861428,4109.610263624138
753.150000000062,273.150000000062,9.534979998114,4110.087020245628
753.200000000062,273.200000000062,9.534675134799,4110.563761623950
753.250000000062,273.250000000062,9.534370271485,4111.040487759106
753.300000000062,273.300000000062,9.534065408171,4111.517198651099
753.350000000062,273.350000000062,9.533760544856,4111.993894299924
753.400000000062,273.400000000062,9.533455681542,4112.470574705585
753.450000000062,273.450000000062,9.533150818228,4112.947239868079
753.500000000062,273.500000000062,9.532845954913,4113.423889787407
753.550000000062,273.550000000062,9.532541091599,4113.900524463571
753.600000000062,273.600000000062,9.532236228285,4114.377143896568
753.650000000062,273.650000000062,9.531931364971,4114.853748086400
753.700000000062,273.700000000062,9.531626501656,4115.330337033065
753.750000000062,273.750000000062,9.531321638342,4115.806910736565
753.800000000062,273.800000000062,9.531016775028,4116.283469196899
753.850000000062,273.850000000062,9.530711911714,4116.760012414067
753.900000000062,273.900000000062,9.530407048399,4117.236540388070
753.950000000062,273.950000000062,9.530102185085,4117.713053118907
754.000000000062,274.000000000062,9.529797321771,4118.189550606578
754.025000000000,274.025000000000,9.529644890114,4118.427793633636
754.050000000062,274.050000000062,9.529495310082,4118.666032886729
754.100000000062,274.100000000062,9.529196150019,4119.142500173231
754.150000000062,274.150000000062,9.528896989956,4119.618952501732
754.200000000062,274.200000000062,9.528597829893,4120.095389872227
754.250000000062,274.250000000062,9.528298669830,4120.571812284720
754.300000000062,274.300000000062,9.527999509767,4121.048219739211
754.350000000062,274.350000000062,9.527700349704,4121.524612235698
754.400000000062,274.400000000062,9.527401189641,4122.000989774182
754.450000000062,274.450000000062,9.527102029578,4122.477352354662
754.500000000062,274.500000000062,9.526802869516,4122.953699977139
754.550000000062,274.550000000062,9.526503709453,4123.430032641614
754.600000000062,274.600000000062,9.526204549390,4123.906350348085
754.650000000062,274.650000000062,9.525905389327,4124.382653096553
754.700000000062,274.700000000062,9.525606229264,4124.858940887018
754.750000000062,274.750000000062,9.525307069201,4125.335213719479
754.800000000062,274.800000000062,9.525007909138,4125.811471593938
754.850000000062,274.850000000062,9.524708749075,4126.287714510393
754.900000000062,274.900000000062,9.524409589012,4126.763942468846
754.950000000063,274.950000000063,9.524110428949,4127.240155469304
755.000000000062,275.000000000062,9.523811268886,4127.716353511740
755.025000000000,275.025000000000,9.523661688855,4127.954446923121
755.050000000062,275.050000000062,9.523515396704,4128.192536637282
755.100000000062,275.100000000062,9.523222812403,4128.668705092508
755.150000000063,275.150000000063,9.522930228102,4129.144858918530
755.200000000063,275.200000000063,9.522637643800,4129.620998115329
755.250000000062,275.250000000062,9.522345059499,4130.097122682901
755.300000000063,275.300000000063,9.522052475198,4130.573232621279
755.350000000063,275.350000000063,9.521759890897,4131.049327930431
755.400000000063,275.400000000063,9.521467306596,4131.525408610368
755.450000000063,275.450000000063,9.521174722294,4132.001474661090
755.500000000063,275.500000000063,9.520882137993,4132.477526082597
755.550000000063,275.550000000063,9.520589553692,4132.953562874890
755.600000000063,275.600000000063,9.520296969391,4133.429585037967
755.650000000063,275.650000000063,9.520004385090,4133.905592571828
755.700000000063,275.700000000063,9.519711800789,4134.381585476476
755.750000000063,275.750000000063,9.519419216487,4134.857563751908
755.800000000063,275.800000000063,9.519126632186,4135.333527398126
755.850000000063,275.850000000063,9.518834047885,4135.809476415127
755.900000000063,275.900000000063,9.518541463584,4136.285410802913
755.950000000063,275.950000000063,9.518248879283,4136.761330561486
756.000000000063,276.000000000063,9.517956294981,4137.237235690842
756.025000000000,276.025000000000,9.517810002831,4137.475182768965
756.050000000063,276.050000000063,9.517666855049,4137.713126230289
756.100000000063,276.100000000063,9.517380559485,4138.189002415652
756.150000000063,276.150000000063,9.517094263921,4138.664864286236
756.200000000063,276.200000000063,9.516807968356,4139.140711842044
756.250000000063,276.250000000063,9.516521672792,4139.616545083072
756.300000000063,276.300000000063,9.516235377228,4140.092364009323
756.350000000063,276.350000000063,9.515949081664,4140.568168620795
756.400000000063,276.400000000063,9.515662786100,4141.043958917489
756.450000000063,276.450000000063,9.515376490536,4141.519734899406
756.500000000063,276.500000000063,9.515090194972,4141.995496566544
756.550000000063,276.550000000063,9.514803899407,4142.471243918904
756.600000000063,276.600000000063,9.514517603843,4142.946976956485
756.650000000063,276.650000000063,9.514231308279,4143.422695679287
756.700000000063,276.700000000063,9.513945012715,4143.898400087312
756.750000000063,276.750000000063,9.513658717151,4144.374090180559
756.800000000063,276.800000000063,9.513372421587,4144.849765959028
756.850000000063,276.850000000063,9.513086126023,4145.325427422717
756.900000000063,276.900000000063,9.512799830459,4145.801074571629
756.950000000063,276.950000000063,9.512513534894,4146.276707405764
757.000000000063,277.000000000063,9.512227239330,4146.752325925119
757.025000000000,277.025000000000,9.512084091549,4146.990129816156
757.050000000063,277.050000000063,9.511944046693,4147.227930168484
757.100000000063,277.100000000063,9.511663956983,4147.703520368575
757.150000000063,277.150000000063,9.511383867272,4148.179096564181
757.200000000063,277.200000000063,9.511103777562,4148.654658755303
757.250000000063,277.250000000063,9.510823687852,4149.130206941938
757.300000000063,277.300000000063,9.510543598141,4149.605741124088
757.350000000063,277.350000000063,9.510263508431,4150.081261301752
757.400000000063,277.400000000063,9.509983418721,4150.556767474931
757.450000000063,277.450000000063,9.509703329011,4151.032259643624
757.500000000063,277.500000000063,9.509423239300,4151.507737807832
757.550000000063,277.550000000063,9.509143149590,4151.983201967555
757.600000000063,277.600000000063,9.508863059880,4152.458652122791
757.650000000063,277.650000000063,9.508582970169,4152.934088273542
757.700000000063,277.700000000063,9.508302880459,4153.409510419809
757.750000000063,277.750000000063,9.508022790749,4153.884918561588
757.800000000063,277.800000000063,9.507742701039,4154.360312698884
757.850000000063,277.850000000063,9.507462611328,4154.835692831693
757.900000000063,277.900000000063,9.507182521618,4155.311058960016
757.950000000063,277.950000000063,9.506902431908,4155.786411083855
758.000000000063,278.000000000063,9.506622342197,4156.261749203207
758.025000000000,278.025000000000,9.506482297342,4156.499413010602
758.050000000063,278.050000000063,9.506345255521,4156.737073355613
758.100000000063,278.100000000063,9.506071171880,4157.212383766298
758.150000000063,278.150000000063,9.505797088239,4157.687680472800
758.200000000063,278.200000000063,9.505523004597,4158.162963475122
758.250000000063,278.250000000063,9.505248920956,4158.638232773260
758.300000000063,278.300000000063,9.504974837315,4159.113488367218
758.350000000063,278.350000000063,9.504700753673,4159.588730256992
758.400000000063,278.400000000063,9.504426670032,4160.063958442584
758.450000000063,278.450000000063,9.504152586390,4160.539172923995
758.500000000063,278.500000000063,9.503878502749,4161.014373701223
758.550000000063,278.550000000063,9.503604419108,4161.489560774270
758.600000000063,278.600000000063,9.503330335466,4161.964734143134
758.650000000063,278.650000000063,9.503056251825,4162.439893807816
758.700000000063,278.700000000063,9.502782168183,4162.915039768316
758.750000000063,278.750000000063,9.502508084542,4163.390172024634
758.800000000063,278.800000000063,9.502234000901,4163.865290576770
758.850000000063,278.850000000063,9.501959917259,4164.340395424724
758.900000000063,278.900000000063,9.501685833618,4164.815486568496
758.950000000064,278.950000000064,9.501411749976,4165.290564008095
759.000000000063,279.000000000063,9.501137666335,4165.765627743493
759.025000000000,279.025000000000,9.501000624515,4166.003154471529
759.050000000063,279.050000000063,9.500866571661,4166.240677812081
759.100000000064,279.100000000064,9.500598465954,4166.715714438031
759.150000000064,279.150000000064,9.500330360248,4167.190737658685
759.200000000064,279.200000000064,9.500062254541,4167.665747474055
759.250000000063,279.250000000063,9.499794148834,4168.140743884129
759.300000000064,279.300000000064,9.499526043128,4168.615726888937
759.350000000064,279.350000000064,9.499257937421,4169.090696488452
759.400000000064,279.400000000064,9.498989831715,4169.565652682680
759.450000000064,279.450000000064,9.498721726008,4170.040595471623
759.500000000064,279.500000000064,9.498453620301,4170.515524855281
759.550000000064,279.550000000064,9.498185514595,4170.990440833653
759.600000000064,279.600000000064,9.497917408888,4171.465343406741
759.650000000064,279.650000000064,9.497649303182,4171.940232574542
759.700000000064,279.700000000064,9.497381197475,4172.415108337060
759.750000000064,279.750000000064,9.497113091768,4172.889970694290
759.800000000064,279.800000000064,9.496844986062,4173.364819646235
759.850000000064,279.850000000064,9.496576880355,4173.839655192896
759.900000000064,279.900000000064,9.496308774648,4174.314477334271
759.950000000064,279.950000000064,9.496040668942,4174.789286070361
760.000000000064,280.000000000064,9.495772563235,4175.264081401166
760.025000000000,280.025000000000,9.495638510382,4175.501474038978
760.050000000064,280.050000000064,9.495507382816,4175.738863363251
760.100000000064,280.100000000064,9.495245127684,4176.213632176014
760.150000000064,280.150000000064,9.494982872552,4176.688387876019
760.200000000064,280.200000000064,9.494720617420,4177.163130463269
760.250000000064,280.250000000064,9.494458362289,4177.637859937761
760.300000000064,280.300000000064,9.494196107157,4178.112576299497
760.350000000064,280.350000000064,9.493933852025,4178.587279548477
760.400000000064,280.400000000064,9.493671596893,4179.061969684700
760.450000000064,280.450000000064,9.493409341761,4179.536646708167
760.500000000064,280.500000000064,9.493147086630,4180.011310618876
760.550000000064,280.550000000064,9.492884831498,4180.485961416829
760.600000000064,280.600000000064,9.492622576366,4180.960599102026
760.650000000064,280.650000000064,9.492360321234,4181.435223674466
760.700000000064,280.700000000064,9.492098066102,4181.909835134150
760.750000000064,280.750000000064,9.491835810970,4182.384433481076
760.800000000064,280.800000000064,9.491573555839,4182.859018715246
760.850000000064,280.850000000064,9.491311300707,4183.333590836660
760.900000000064,280.900000000064,9.491049045575,4183.808149845317
760.950000000064,280.950000000064,9.490786790443,4184.282695741218
761.000000000064,281.000000000064,9.490524535311,4184.757228524361
761.025000000000,281.025000000000,9.490393407746,4184.994489998042
761.050000000064,281.050000000064,9.490265132283,4185.231748230400
761.100000000064,281.100000000064,9.490008581360,4185.706255073242
761.150000000064,281.150000000064,9.489752030436,4186.180749088536
761.200000000064,281.200000000064,9.489495479512,4186.655230276285
761.250000000064,281.250000000064,9.489238928588,4187.129698636487
761.300000000064,281.300000000064,9.488982377664,4187.604154169143
761.350000000064,281.350000000064,9.488725826741,4188.078596874254
761.400000000064,281.400000000064,9.488469275817,4188.553026751817
761.450000000064,281.450000000064,9.488212724893,4189.027443801835
761.500000000064,281.500000000064,9.487956173969,4189.501848024306
761.550000000064,281.550000000064,9.487699623045,4189.976239419231
761.600000000064,281.600000000064,9.487443072121,4190.450617986611
761.650000000064,281.650000000064,9.487186521198,4190.924983726443
761.700000000064,281.700000000064,9.486929970274,4191.399336638730
761.750000000064,281.750000000064,9.486673419350,4191.873676723470
761.800000000064,281.800000000064,9.486416868426,4192.348003980665
761.850000000064,281.850000000064,9.486160317502,4192.822318410314
761.900000000064,281.900000000064,9.485903766579,4193.296620012415
761.950000000064,281.950000000064,9.485647215655,4193.770908786971
762.000000000064,282.000000000064,9.485390664731,4194.245184733980
762.025000000000,282.025000000000,9.485262389269,4194.482317896547
762.050000000064,282.050000000064,9.485136912578,4194.719447888427
762.100000000064,282.100000000064,9.484885959197,4195.193698460222
762.150000000064,282.150000000064,9.484635005816,4195.667936484347
762.200000000064,282.200000000064,9.484384052435,4196.142161960804
762.250000000064,282.250000000064,9.484133099054,4196.616374889591
762.300000000064,282.300000000064,9.483882145673,4197.090575270709
762.350000000064,282.350000000064,9.483631192292,4197.564763104158
762.400000000064,282.400000000064,9.483380238911,4198.038938389938
762.450000000064,282.450000000064,9.483129285530,4198.513101128050
762.500000000064,282.500000000064,9.482878332149,4198.987251318492
762.550000000064,282.550000000064,9.482627378767,4199.461388961265
762.600000000064,282.600000000064,9.482376425386,4199.935514056369
762.650000000064,282.650000000064,9.482125472005,4200.409626603804
762.700000000064,282.700000000064,9.481874518624,4200.883726603571
762.750000000064,282.750000000064,9.481623565243,4201.357814055667
762.800000000064,282.800000000064,9.481372611862,4201.831888960094
762.850000000064,282.850000000064,9.481121658481,4202.305951316854
762.900000000064,282.900000000064,9.480870705100,4202.780001125942
762.950000000064,282.950000000064,9.480619751719,4203.254038387364
763.000000000064,283.000000000064,9.480368798338,4203.728063101114
763.025000000000,283.025000000000,9.480243321647,4203.965070752008
763.050000000064,283.050000000064,9.480120586151,4204.202075301462
763.100000000064,283.100000000064,9.479875115159,4204.676075193996
763.150000000064,283.150000000064,9.479629644166,4205.150062812978
763.200000000064,283.200000000064,9.479384173174,4205.624038158412
763.250000000064,283.250000000064,9.479138702182,4206.098001230295
763.300000000064,283.300000000064,9.478893231189,4206.571952028629
763.350000000064,283.350000000064,9.478647760197,4207.045890553414
763.400000000064,283.400000000064,9.478402289205,4207.519816804649
763.450000000064,283.450000000064,9.478156818212,4207.993730782335
763.500000000064,283.500000000064,9.477911347220,4208.467632486470
763.550000000064,283.550000000064,9.477665876228,4208.941521917056
763.600000000064,283.600000000064,9.477420405235,4209.415399074093
763.650000000064,283.650000000064,9.477174934243,4209.889263957580
763.700000000064,283.700000000064,9.476929463251,4210.363116567518
763.750000000065,283.750000000065,9.476683992258,4210.836956903915
763.800000000064,283.800000000064,9.476438521266,4211.310784966743
763.850000000064,283.850000000064,9.476193050274,4211.784600756032
763.900000000064,283.900000000064,9.475947579281,4212.258404271771
763.950000000065,283.950000000065,9.475702108289,4212.732195513970
764.000000000065,284.000000000065,9.475456637297,4213.205974482610
764.025000000000,284.025000000000,9.475333901801,4213.442859363732
764.050000000064,284.050000000064,9.475213832531,4213.679741211017
764.100000000065,284.100000000065,9.474973693991,4214.153495899191
764.150000000065,284.150000000065,9.474733555451,4214.627238580426
764.200000000065,284.200000000065,9.474493416912,4215.100969254735
764.250000000065,284.250000000065,9.474253278372,4215.574687922118
764.300000000065,284.300000000065,9.474013139832,4216.048394582573
764.350000000065,284.350000000065,9.473773001293,4216.522089236101
764.400000000065,284.400000000065,9.473532862753,4216.995771882702
764.450000000065,284.450000000065,9.473292724213,4217.469442522375
764.500000000065,284.500000000065,9.473052585674,4217.943101155123
764.550000000065,284.550000000065,9.472812447134,4218.416747780943
764.600000000065,284.600000000065,9.472572308594,4218.890382399837
764.650000000065,284.650000000065,9.472332170054,4219.364005011803
764.700000000065,284.700000000065,9.472092031515,4219.837615616842
764.750000000065,284.750000000065,9.471851892975,4220.311214214955
764.800000000065,284.800000000065,9.471611754435,4220.784800806140
764.850000000065,284.850000000065,9.471371615896,4221.258375390399
764.900000000065,284.900000000065,9.471131477356,4221.731937967730
764.950000000065,284.950000000065,9.470891338816,4222.205488538134
765.000000000065,285.000000000065,9.470651200276,4222.679027101612
765.025000000000,285.025000000000,9.470531131007,4222.915791880137
765.050000000065,285.050000000065,9.470413629664,4223.152553690261
765.100000000065,285.100000000065,9.470178626978,4223.626068496677
765.150000000065,285.150000000065,9.469943624293,4224.099571552959
765.200000000065,285.200000000065,9.469708621607,4224.573062859106
765.250000000065,285.250000000065,9.469473618922,4225.046542415120
765.300000000065,285.300000000065,9.469238616236,4225.520010220998
765.350000000065,285.350000000065,9.469003613551,4225.993466276744
765.400000000065,285.400000000065,9.468768610865,4226.466910582353
765.450000000065,285.450000000065,9.468533608180,4226.940343137829
765.500000000065,285.500000000065,9.468298605494,4227.413763943171
765.550000000065,285.550000000065,9.468063602809,4227.887172998378
765.600000000065,285.600000000065,9.467828600123,4228.360570303453
765.650000000065,285.650000000065,9.467593597437,4228.833955858391
765.700000000065,285.700000000065,9.467358594752,4229.307329663196
765.750000000065,285.750000000065,9.467123592066,4229.780691717867
765.800000000065,285.800000000065,9.466888589381,4230.254042022402
765.850000000065,285.850000000065,9.466653586695,4230.727380576805
765.900000000065,285.900000000065,9.466418584010,4231.200707381072
765.950000000065,285.950000000065,9.466183581324,4231.674022435205
766.000000000065,286.000000000065,9.465948578639,4232.147325739204
766.025000000000,286.025000000000,9.465831077296,4232.383972984288
766.050000000065,286.050000000065,9.465716151302,4232.620617325260
766.100000000065,286.100000000065,9.465486299313,4233.093897386527
766.150000000065,286.150000000065,9.465256447324,4233.567165955193
766.200000000065,286.200000000065,9.465026595336,4234.040423031259
766.250000000065,286.250000000065,9.464796743347,4234.513668614726
766.300000000065,286.300000000065,9.464566891358,4234.986902705593
766.350000000065,286.350000000065,9.464337039369,4235.460125303862
766.400000000065,286.400000000065,9.464107187381,4235.933336409530
766.450000000065,286.450000000065,9.463877335392,4236.406536022599
766.500000000065,286.500000000065,9.463647483403,4236.879724143069
766.550000000065,286.550000000065,9.463417631415,4237.352900770939
766.600000000065,286.600000000065,9.463187779426,4237.826065906211
766.650000000065,286.650000000065,9.462957927437,4238.299219548881
766.700000000065,286.700000000065,9.462728075448,4238.772361698953
766.750000000065,286.750000000065,9.462498223460,4239.245492356426
766.800000000065,286.800000000065,9.462268371471,4239.718611521299
766.850000000065,286.850000000065,9.462038519482,4240.191719193574
766.900000000065,286.900000000065,9.461808667494,4240.664815373248
766.950000000065,286.950000000065,9.461578815505,4241.137900060322
767.000000000065,287.000000000065,9.461348963516,4241.610973254798
767.025000000000,287.025000000000,9.461234037522,4241.847505541696
767.050000000065,287.050000000065,9.461121691157,4242.084034988919
767.100000000065,287.100000000065,9.460896998428,4242.557085456160
767.150000000065,287.150000000065,9.460672305698,4243.030124688763
767.200000000065,287.200000000065,9.460447612969,4243.503152686729
767.250000000065,287.250000000065,9.460222920239,4243.976169450059
767.300000000065,287.300000000065,9.459998227510,4244.449174978753
767.350000000065,287.350000000065,9.459773534780,4244.922169272811
767.400000000065,287.400000000065,9.459548842051,4245.395152332231
767.450000000065,287.450000000065,9.459324149321,4245.868124157015
767.500000000065,287.500000000065,9.459099456592,4246.341084747163
767.550000000066,287.550000000066,9.458874763862,4246.814034102684
767.600000000065,287.600000000065,9.458650071133,4247.286972223550
767.650000000065,287.650000000065,9.458425378404,4247.759899109788
767.700000000065,287.700000000065,9.458200685674,4248.232814761390
767.750000000066,287.750000000066,9.457975992945,4248.705719178366
767.800000000066,287.800000000066,9.457751300215,4249.178612360694
767.850000000065,287.850000000065,9.457526607486,4249.651494308378
767.900000000066,287.900000000066,9.457301914756,4250.124365021443
767.950000000066,287.950000000066,9.457077222027,4250.597224499862
768.000000000066,288.000000000066,9.456852529298,4251.070072743646
768.025000000000,288.025000000000,9.456740182933,4251.306492651924
768.050000000066,288.050000000066,9.456630402798,4251.542909784870
768.100000000066,288.100000000066,9.456410842530,4252.015735816003
768.150000000066,288.150000000066,9.456191282261,4252.488550869123
768.200000000066,288.200000000066,9.455971721992,4252.961354944229
768.250000000066,288.250000000066,9.455752161724,4253.434148041323
768.300000000066,288.300000000066,9.455532601455,4253.906930160402
768.350000000066,288.350000000066,9.455313041186,4254.379701301468
768.400000000066,288.400000000066,9.455093480918,4254.852461464521
768.450000000066,288.450000000066,9.454873920649,4255.325210649560
768.500000000066,288.500000000066,9.454654360380,4255.797948856586
768.550000000066,288.550000000066,9.454434800112,4256.270676085598
768.600000000066,288.600000000066,9.454215239843,4256.743392336596
768.650000000066,288.650000000066,9.453995679574,4257.216097609582
768.700000000066,288.700000000066,9.453776119306,4257.688791904554
768.750000000066,288.750000000066,9.453556559037,4258.161475221513
768.800000000066,288.800000000066,9.453336998768,4258.634147560458
768.850000000066,288.850000000066,9.453117438500,4259.106808921389
768.900000000066,288.900000000066,9.452897878231,4259.579459304307
768.950000000066,288.950000000066,9.452678317962,4260.052098709212
769.000000000066,289.000000000066,9.452458757694,4260.524727136104
769.025000000000,289.025000000000,9.452348977560,4260.761037232171
769.050000000066,289.050000000066,9.452241573604,4260.997344614684
769.100000000066,289.100000000066,9.452026765692,4261.469951323166
769.150000000066,289.150000000066,9.451811957781,4261.942547291254
769.200000000066,289.200000000066,9.451597149869,4262.415132518944
769.250000000066,289.250000000066,9.451382341958,4262.887707006241
769.300000000066,289.300000000066,9.451167534047,4263.360270753141
769.350000000066,289.350000000066,9.450952726135,4263.832823759645
769.400000000066,289.400000000066,9.450737918224,4264.305366025755
769.450000000066,289.450000000066,9.450523110312,4264.777897551468
769.500000000066,289.500000000066,9.450308302401,4265.250418336786
769.550000000066,289.550000000066,9.450093494489,4265.722928381709
769.600000000066,289.600000000066,9.449878686578,4266.195427686235
769.650000000066,289.650000000066,9.449663878667,4266.667916250367
769.700000000066,289.700000000066,9.449449070755,4267.140394074102
769.750000000066,289.750000000066,9.449234262844,4267.612861157442
769.800000000066,289.800000000066,9.449019454932,4268.085317500386
769.850000000066,289.850000000066,9.448804647021,4268.557763102935
769.900000000066,289.900000000066,9.448589839109,4269.030197965089
769.950000000066,289.950000000066,9.448375031198,4269.502622086846
770.000000000066,290.000000000066,9.448160223287,4269.975035468208
770.025000000000,290.025000000000,9.448052819331,4270.211238130617
770.050000000066,290.050000000066,9.447947952225,4270.447438140885
770.100000000066,290.100000000066,9.447738218013,4270.919830295141
770.150000000066,290.150000000066,9.447528483801,4271.392211962687
770.200000000066,290.200000000066,9.447318749590,4271.864583143521
770.250000000066,290.250000000066,9.447109015378,4272.336943837647
770.300000000066,290.300000000066,9.446899281166,4272.809294045060
770.350000000066,290.350000000066,9.446689546954,4273.281633765762
770.400000000066,290.400000000066,9.446479812742,4273.753962999755
770.450000000066,290.450000000066,9.446270078530,4274.226281747036
770.500000000066,290.500000000066,9.446060344319,4274.698590007608
770.550000000066,290.550000000066,9.445850610107,4275.170887781468
770.600000000066,290.600000000066,9.445640875895,4275.643175068618
770.650000000066,290.650000000066,9.445431141683,4276.115451869058
770.700000000066,290.700000000066,9.445221407471,4276.587718182786
770.750000000066,290.750000000066,9.445011673259,4277.059974009805
770.800000000066,290.800000000066,9.444801939048,4277.532219350112
770.850000000066,290.850000000066,9.444592204836,4278.004454203709
770.900000000066,290.900000000066,9.444382470624,4278.476678570597
770.950000000066,290.950000000066,9.444172736412,4278.948892450772
771.000000000066,291.000000000066,9.443963002200,4279.421095844238
771.025000000000,291.025000000000,9.443858135095,4279.657193607831
771.050000000066,291.050000000066,9.443755696304,4279.893288781347
771.100000000066,291.100000000066,9.443550818724,4280.365471444223
771.150000000066,291.150000000066,9.443345941144,4280.837643863220
771.200000000066,291.200000000066,9.443141063564,4281.309806038337
771.250000000066,291.250000000066,9.442936185984,4281.781957969577
771.300000000066,291.300000000066,9.442731308404,4282.254099656936
771.350000000066,291.350000000066,9.442526430824,4282.726231100416
771.400000000066,291.400000000066,9.442321553244,4283.198352300018
771.450000000066,291.450000000066,9.442116675664,4283.670463255740
771.500000000066,291.500000000066,9.441911798084,4284.142563967584
771.550000000066,291.550000000066,9.441706920504,4284.614654435549
771.600000000066,291.600000000066,9.441502042924,4285.086734659634
771.650000000066,291.650000000066,9.441297165344,4285.558804639842
771.700000000066,291.700000000066,9.441092287764,4286.030864376169
771.750000000066,291.750000000066,9.440887410184,4286.502913868619
771.800000000066,291.800000000066,9.440682532604,4286.974953117188
771.850000000066,291.850000000066,9.440477655024,4287.446982121879
771.900000000066,291.900000000066,9.440272777444,4287.919000882692
771.950000000066,291.950000000066,9.440067899864,4288.391009399624
772.000000000066,292.000000000066,9.439863022284,4288.863007672678
772.025000000000,292.025000000000,9.439760583495,4289.099002967127
772.050000000066,292.050000000066,9.439660522544,4289.334995731575
772.100000000066,292.100000000066,9.439460400644,4289.806973754654
772.150000000066,292.150000000066,9.439260278744,4290.278941771639
772.200000000066,292.200000000066,9.439060156844,4290.750899782529
772.250000000066,292.250000000066,9.438860034944,4291.222847787324
772.300000000066,292.300000000066,9.438659913043,4291.694785786023
772.350000000066,292.350000000066,9.438459791143,4292.166713778627
772.400000000066,292.400000000066,9.438259669243,4292.638631765138
772.450000000066,292.450000000066,9.438059547343,4293.110539745552
772.500000000066,292.500000000066,9.437859425443,4293.582437719872
772.550000000067,292.550000000067,9.437659303543,4294.054325688106
772.600000000066,292.600000000066,9.437459181643,4294.526203650226
772.650000000066,292.650000000066,9.437259059743,4294.998071606262
772.700000000066,292.700000000066,9.437058937842,4295.469929556201
772.750000000067,292.750000000067,9.436858815942,4295.941777500055
772.800000000067,292.800000000067,9.436658694042,4296.413615437805
772.850000000066,292.850000000066,9.436458572142,4296.885443369450
772.900000000067,292.900000000067,9.436258450242,4297.357261295019
772.950000000067,292.950000000067,9.436058328342,4297.829069214484
773.000000000067,293.000000000067,9.435858206442,4298.300867127853
773.025000000000,293.025000000000,9.435758145492,4298.536762331621
773.050000000067,293.050000000067,9.435660408351,4298.772655064176
773.100000000067,293.100000000067,9.435464934070,4299.244433197737
773.150000000067,293.150000000067,9.435269459789,4299.716201557584
773.200000000067,293.200000000067,9.435073985508,4300.187960143716
773.250000000067,293.250000000067,9.434878511227,4300.659708956134
773.300000000067,293.300000000067,9.434683036946,4301.131447994839
773.350000000067,293.350000000067,9.434487562665,4301.603177259829
773.400000000067,293.400000000067,9.434292088385,4302.074896751106
773.450000000067,293.450000000067,9.434096614104,4302.546606468668
773.500000000067,293.500000000067,9.433901139823,4303.018306412516
773.550000000067,293.550000000067,9.433705665542,4303.489996582651
773.600000000067,293.600000000067,9.433510191261,4303.961676979070
773.650000000067,293.650000000067,9.433314716980,4304.433347601776
773.700000000067,293.700000000067,9.433119242699,4304.905008450768
773.750000000067,293.750000000067,9.432923768418,4305.376659526046
773.800000000067,293.800000000067,9.432728294137,4305.848300827611
773.850000000067,293.850000000067,9.432532819856,4306.319932355460
773.900000000067,293.900000000067,9.432337345575,4306.791554109596
773.950000000067,293.950000000067,9.432141871294,4307.263166090018
774.000000000067,294.000000000067,9.431946397013,4307.734768296725
774.025000000000,294.025000000000,9.431848659873,4307.970565734304
774.050000000067,294.050000000067,9.431753190698,4308.206360758069
774.100000000067,294.100000000067,9.431562252348,4308.677943644144
774.150000000067,294.150000000067,9.431371313999,4309.149516983303
774.200000000067,294.200000000067,9.431180375649,4309.621080775544
774.250000000067,294.250000000067,9.430989437300,4310.092635020867
774.300000000067,294.300000000067,9.430798498950,4310.564179719274
774.350000000067,294.350000000067,9.430607560600,4311.035714870763
774.400000000067,294.400000000067,9.430416622251,4311.507240475335
774.450000000067,294.450000000067,9.430225683901,4311.978756532988
774.500000000067,294.500000000067,9.430034745551,4312.450263043724
774.550000000067,294.550000000067,9.429843807202,4312.921760007544
774.600000000067,294.600000000067,9.429652868852,4313.393247424445
774.650000000067,294.650000000067,9.429461930502,4313.864725294429
774.700000000067,294.700000000067,9.429270992153,4314.336193617495
774.750000000067,294.750000000067,9.429080053803,4314.807652393643
774.800000000067,294.800000000067,9.428889115454,4315.279101622876
774.850000000067,294.850000000067,9.428698177104,4315.750541305189
774.900000000067,294.900000000067,9.428507238754,4316.221971440586
774.950000000067,294.950000000067,9.428316300405,4316.693392029065
775.000000000067,295.000000000067,9.428125362055,4317.164803070626
775.025000000000,295.025000000000,9.428029892880,4317.400505010681
775.050000000067,295.050000000067,9.427936635503,4317.636204592917
775.100000000067,295.100000000067,9.427750120749,4318.107596761824
775.150000000067,295.150000000067,9.427563605995,4318.578979604993
775.200000000067,295.200000000067,9.427377091241,4319.050353122423
775.250000000067,295.250000000067,9.427190576487,4319.521717314115
775.300000000067,295.300000000067,9.427004061732,4319.993072180072
775.350000000067,295.350000000067,9.426817546978,4320.464417720289
775.400000000067,295.400000000067,9.426631032224,4320.935753934769
775.450000000067,295.450000000067,9.426444517470,4321.407080823511
775.500000000067,295.500000000067,9.426258002716,4321.878398386515
775.550000000067,295.550000000067,9.426071487962,4322.349706623782
775.600000000067,295.600000000067,9.425884973208,4322.821005535311
775.650000000067,295.650000000067,9.425698458453,4323.292295121103
775.700000000067,295.700000000067,9.425511943699,4323.763575381156
775.750000000067,295.750000000067,9.425325428945,4324.234846315472
775.800000000067,295.800000000067,9.425138914191,4324.706107924051
775.850000000067,295.850000000067,9.424952399437,4325.177360206892
775.900000000067,295.900000000067,9.424765884683,4325.648603163995
775.950000000067,295.950000000067,9.424579369929,4326.119836795360
776.000000000067,296.000000000067,9.424392855174,4326.591061100988
776.025000000000,296.025000000000,9.424299597798,4326.826669756018
776.050000000067,296.050000000067,9.424208496625,4327.062276107830
776.100000000067,296.100000000067,9.424026294281,4327.533481977603
776.150000000067,296.150000000067,9.423844091937,4328.004678737258
776.200000000067,296.200000000067,9.423661889592,4328.475866386796
776.250000000067,296.250000000067,9.423479687248,4328.947044926216
776.300000000067,296.300000000067,9.423297484904,4329.418214355521
776.350000000068,296.350000000068,9.423115282560,4329.889374674716
776.400000000067,296.400000000067,9.422933080216,4330.360525883777
776.450000000067,296.450000000067,9.422750877871,4330.831667982729
776.500000000067,296.500000000067,9.422568675527,4331.302800971563
776.550000000068,296.550000000068,9.422386473183,4331.773924850290
776.600000000068,296.600000000068,9.422204270839,4332.245039618891
776.650000000067,296.650000000067,9.422022068495,4332.716145277365
776.700000000068,296.700000000068,9.421839866150,4333.187241825741
776.750000000068,296.750000000068,9.421657663806,4333.658329263989
776.800000000068,296.800000000068,9.421475461462,4334.129407592121
776.850000000068,296.850000000068,9.421293259118,4334.600476810136
776.900000000068,296.900000000068,9.421111056774,4335.071536918033
776.950000000068,296.950000000068,9.420928854429,4335.542587915813
777.000000000068,297.000000000068,9.420746652085,4336.013629803475
777.025000000000,297.025000000000,9.420655550913,4336.249147330372
777.050000000068,297.050000000068,9.420566551532,4336.484662607293
777.100000000068,297.100000000068,9.420388552770,4336.955686484900
777.150000000068,297.150000000068,9.420210554008,4337.426701462569
777.200000000068,297.200000000068,9.420032555246,4337.897707540302
777.250000000068,297.250000000068,9.419854556485,4338.368704718095
777.300000000068,297.300000000068,9.419676557723,4338.839692995951
777.350000000068,297.350000000068,9.419498558961,4339.310672373867
777.400000000068,297.400000000068,9.419320560199,4339.781642851846
777.450000000068,297.450000000068,9.419142561437,4340.252604429887
777.500000000068,297.500000000068,9.418964562675,4340.723557107990
777.550000000068,297.550000000068,9.418786563913,4341.194500886156
777.600000000068,297.600000000068,9.418608565151,4341.665435764382
777.650000000068,297.650000000068,9.418430566390,4342.136361742670
777.700000000068,297.700000000068,9.418252567628,4342.607278821021
777.750000000068,297.750000000068,9.418074568866,4343.078186999433
777.800000000068,297.800000000068,9.417896570104,4343.549086277908
777.850000000068,297.850000000068,9.417718571342,4344.019976656444
777.900000000068,297.900000000068,9.417540572580,4344.490858135041
777.950000000068,297.950000000068,9.417362573818,4344.961730713701
778.000000000068,298.000000000068,9.417184575057,4345.432594392423
778.025000000000,298.025000000000,9.417095575676,4345.668022893667
778.050000000068,298.050000000068,9.417008625195,4345.903449196819
778.100000000068,298.100000000068,9.416834724235,4346.374295280554
778.150000000068,298.150000000068,9.416660823274,4346.845132669241
778.200000000068,298.200000000068,9.416486922314,4347.315961362881
778.250000000068,298.250000000068,9.416313021353,4347.786781361473
778.300000000068,298.300000000068,9.416139120393,4348.257592665017
778.350000000068,298.350000000068,9.415965219432,4348.728395273512
778.400000000068,298.400000000068,9.415791318472,4349.199189186959
778.450000000068,298.450000000068,9.415617417511,4349.669974405359
778.500000000068,298.500000000068,9.415443516551,4350.140750928711
778.550000000068,298.550000000068,9.415269615590,4350.611518757015
778.600000000068,298.600000000068,9.415095714630,4351.082277890270
778.650000000068,298.650000000068,9.414921813669,4351.553028328477
778.700000000068,298.700000000068,9.414747912709,4352.023770071637
778.750000000068,298.750000000068,9.414574011748,4352.494503119748
778.800000000068,298.800000000068,9.414400110788,4352.965227472811
778.850000000068,298.850000000068,9.414226209827,4353.435943130827
778.900000000068,298.900000000068,9.414052308867,4353.906650093793
778.950000000068,298.950000000068,9.413878407906,4354.377348361713
779.000000000068,299.000000000068,9.413704506946,4354.848037934584
779.025000000000,299.025000000000,9.413617556466,4355.083379459737
779.050000000068,299.050000000068,9.413532603712,4355.318718837379
779.100000000068,299.100000000068,9.413362698205,4355.789391219927
779.150000000068,299.150000000068,9.413192792699,4356.260055107199
779.200000000068,299.200000000068,9.413022887192,4356.730710499197
779.250000000068,299.250000000068,9.412852981685,4357.201357395918
779.300000000068,299.300000000068,9.412683076178,4357.671995797366
779.350000000068,299.350000000068,9.412513170671,4358.142625703536
779.400000000068,299.400000000068,9.412343265165,4358.613247114432
779.450000000068,299.450000000068,9.412173359658,4359.083860030053
779.500000000068,299.500000000068,9.412003454151,4359.554464450398
779.550000000068,299.550000000068,9.411833548644,4360.025060375468
779.600000000068,299.600000000068,9.411663643137,4360.495647805263
779.650000000068,299.650000000068,9.411493737631,4360.966226739782
779.700000000068,299.700000000068,9.411323832124,4361.436797179026
779.750000000068,299.750000000068,9.411153926617,4361.907359122994
779.800000000068,299.800000000068,9.410984021110,4362.377912571688
779.850000000068,299.850000000068,9.410814115603,4362.848457525106
779.900000000068,299.900000000068,9.410644210097,4363.318993983248
779.950000000068,299.950000000068,9.410474304590,4363.789521946116
780.000000000068,300.000000000068,9.410304399083,4364.260041413708
780.025000000000,300.025000000000,9.410219446330,4364.495297961135
780.050000000068,300.050000000068,9.410136441925,4364.730552410379
780.100000000068,300.100000000068,9.409970433117,4365.201055082255
780.150000000068,300.150000000068,9.409804424308,4365.671549453690
780.200000000068,300.200000000068,9.409638415499,4366.142035524686
780.250000000068,300.250000000068,9.409472406691,4366.612513295241
780.300000000068,300.300000000068,9.409306397882,4367.082982765356
780.350000000068,300.350000000068,9.409140389073,4367.553443935029
780.400000000068,300.400000000068,9.408974380265,4368.023896804262
780.450000000068,300.450000000068,9.408808371456,4368.494341373056
780.500000000068,300.500000000068,9.408642362648,4368.964777641409
780.550000000068,300.550000000068,9.408476353839,4369.435205609321
780.600000000068,300.600000000068,9.408310345030,4369.905625276792
780.650000000068,300.650000000068,9.408144336222,4370.376036643823
780.700000000068,300.700000000068,9.407978327413,4370.846439710414
780.750000000068,300.750000000068,9.407812318604,4371.316834476565
780.800000000068,300.800000000068,9.407646309796,4371.787220942275
780.850000000068,300.850000000068,9.407480300987,4372.257599107544
780.900000000068,300.900000000068,9.407314292179,4372.727968972373
780.950000000068,300.950000000068,9.407148283370,4373.198330536762
781.000000000068,301.000000000068,9.406982274561,4373.668683800710
781.025000000000,301.025000000000,9.406899270157,4373.903857319379
781.050000000068,301.050000000068,9.406818166518,4374.139028787979
781.100000000068,301.100000000068,9.406655959240,4374.609365641122
781.150000000068,301.150000000068,9.406493751963,4375.079694383901
781.200000000068,301.200000000068,9.406331544685,4375.550015016318
781.250000000068,301.250000000068,9.406169337407,4376.020327538370
781.300000000068,301.300000000068,9.406007130129,4376.490631950059
781.350000000069,301.350000000069,9.405844922852,4376.960928251392
781.400000000068,301.400000000068,9.405682715574,4377.431216442343
781.450000000068,301.450000000068,9.405520508296,4377.901496522940
781.500000000068,301.500000000068,9.405358301018,4378.371768493173
781.550000000069,301.550000000069,9.405196093741,4378.842032353051
781.600000000069,301.600000000069,9.405033886463,4379.312288102557
781.650000000068,301.650000000068,9.404871679185,4379.782535741688
781.700000000069,301.700000000069,9.404709471907,4380.252775270475
781.750000000069,301.750000000069,9.404547264630,4380.723006688889
781.800000000069,301.800000000069,9.404385057352,4381.193229996938
781.850000000069,301.850000000069,9.404222850074,4381.663445194624
781.900000000069,301.900000000069,9.404060642797,4382.133652281946
781.950000000069,301.950000000069,9.403898435519,4382.603851258904
782.000000000069,302.000000000069,9.403736228241,4383.074042125498
782.025000000000,302.025000000000,9.403655124602,4383.309134516760
782.050000000069,302.050000000069,9.403575853098,4383.544224904629
782.100000000069,302.100000000069,9.403417310089,4384.014399733709
782.150000000069,302.150000000069,9.403258767081,4384.484566635638
782.200000000069,302.200000000069,9.403100224072,4384.954725610417
782.250000000069,302.250000000069,9.402941681064,4385.424876658045
782.300000000069,302.300000000069,9.402783138055,4385.895019778523
782.350000000069,302.350000000069,9.402624595046,4386.365154971851
782.400000000069,302.400000000069,9.402466052038,4386.835282238028
782.450000000069,302.450000000069,9.402307509029,4387.305401577055
782.500000000069,302.500000000069,9.402148966021,4387.775512988931
782.550000000069,302.550000000069,9.401990423012,4388.245616473657
782.600000000069,302.600000000069,9.401831880004,4388.715712031233
782.650000000069,302.650000000069,9.401673336995,4389.185799661657
782.700000000069,302.700000000069,9.401514793986,4389.655879364933
782.750000000069,302.750000000069,9.401356250978,4390.125951141056
782.800000000069,302.800000000069,9.401197707969,4390.596014990029
782.850000000069,302.850000000069,9.401039164961,4391.066070911853
782.900000000069,302.900000000069,9.400880621952,4391.536118906525
782.950000000069,302.950000000069,9.400722078943,4392.006158974048
783.000000000069,303.000000000069,9.400563535935,4392.476191114420
783.025000000000,303.025000000000,9.400484264431,4392.711204211275
783.050000000069,303.050000000069,9.400406762655,4392.946215349762
783.100000000069,303.100000000069,9.400251759103,4393.416231812806
783.150000000069,303.150000000069,9.400096755551,4393.886240525672
783.200000000069,303.200000000069,9.399941751999,4394.356241488362
783.250000000069,303.250000000069,9.399786748447,4394.826234700872
783.300000000069,303.300000000069,9.399631744896,4395.296220163205
783.350000000069,303.350000000069,9.399476741344,4395.766197875362
783.400000000069,303.400000000069,9.399321737792,4396.236167837340
783.450000000069,303.450000000069,9.399166734240,4396.706130049141
783.500000000069,303.500000000069,9.399011730688,4397.176084510764
783.550000000069,303.550000000069,9.398856727136,4397.646031222209
783.600000000069,303.600000000069,9.398701723585,4398.115970183478
783.650000000069,303.650000000069,9.398546720033,4398.585901394567
783.700000000069,303.700000000069,9.398391716481,4399.055824855481
783.750000000069,303.750000000069,9.398236712929,4399.525740566216
783.800000000069,303.800000000069,9.398081709377,4399.995648526773
783.850000000069,303.850000000069,9.397926705825,4400.465548737154
783.900000000069,303.900000000069,9.397771702274,4400.935441197355
783.950000000069,303.950000000069,9.397616698722,4401.405325907381
784.000000000069,304.000000000069,9.397461695170,4401.875202867228
784.025000000000,304.025000000000,9.397384193394,4402.110138440186
784.050000000069,304.050000000069,9.397308451338,4402.345072098894
784.100000000069,304.100000000069,9.397156967227,4402.814933734358
784.150000000069,304.150000000069,9.397005483115,4403.284787795616
784.200000000069,304.200000000069,9.396853999003,4403.754634282670
784.250000000069,304.250000000069,9.396702514891,4404.224473195517
784.300000000069,304.300000000069,9.396551030780,4404.694304534159
784.350000000069,304.350000000069,9.396399546668,4405.164128298596
784.400000000069,304.400000000069,9.396248062556,4405.633944488826
784.450000000069,304.450000000069,9.396096578445,4406.103753104852
784.500000000069,304.500000000069,9.395945094333,4406.573554146671
784.550000000069,304.550000000069,9.395793610221,4407.043347614284
784.600000000069,304.600000000069,9.395642126109,4407.513133507693
784.650000000069,304.650000000069,9.395490641998,4407.982911826895
784.700000000069,304.700000000069,9.395339157886,4408.452682571893
784.750000000069,304.750000000069,9.395187673774,4408.922445742684
784.800000000069,304.800000000069,9.395036189663,4409.392201339270
784.850000000069,304.850000000069,9.394884705551,4409.861949361652
784.900000000069,304.900000000069,9.394733221439,4410.331689809826
784.950000000069,304.950000000069,9.394581737328,4410.801422683795
785.000000000069,305.000000000069,9.394430253216,4411.271147983558
785.025000000000,305.025000000000,9.394354511160,4411.506007792465
785.050000000069,305.050000000069,9.394280493956,4411.740865730677
785.100000000069,305.100000000069,9.394132459549,4412.210576054516
785.150000000070,305.150000000070,9.393984425141,4412.680278976642
785.200000000069,305.200000000069,9.393836390733,4413.149974497030
785.250000000069,305.250000000069,9.393688356326,4413.619662615706
785.300000000069,305.300000000069,9.393540321918,4414.089343332662
785.350000000070,305.350000000070,9.393392287510,4414.559016647908
785.400000000070,305.400000000070,9.393244253103,4415.028682561423
785.450000000069,305.450000000069,9.393096218695,4415.498341073209
785.500000000070,305.500000000070,9.392948184288,4415.967992183293
785.550000000070,305.550000000070,9.392800149880,4416.437635891647
785.600000000070,305.600000000070,9.392652115472,4416.907272198281
785.650000000070,305.650000000070,9.392504081065,4417.376901103195
785.700000000070,305.700000000070,9.392356046657,4417.846522606387
785.750000000070,305.750000000070,9.392208012250,4418.316136707860
785.800000000070,305.800000000070,9.392059977842,4418.785743407612
785.850000000070,305.850000000070,9.391911943434,4419.255342705645
785.900000000070,305.900000000070,9.391763909027,4419.724934601955
785.950000000070,305.950000000070,9.391615874619,4420.194519096546
786.000000000070,306.000000000070,9.391467840211,4420.664096189417
786.025000000000,306.025000000000,9.391393823008,4420.898881959550
786.050000000070,306.050000000070,9.391321371001,4421.133665900133
786.100000000070,306.100000000070,9.391176466987,4421.603228346083
786.150000000070,306.150000000070,9.391031562973,4422.072783546831
786.200000000070,306.200000000070,9.390886658959,4422.542331502379
786.250000000070,306.250000000070,9.390741754946,4423.011872212727
786.300000000070,306.300000000070,9.390596850932,4423.481405677874
786.350000000070,306.350000000070,9.390451946918,4423.950931897821
786.400000000070,306.400000000070,9.390307042904,4424.420450872566
786.450000000070,306.450000000070,9.390162138891,4424.889962602110
786.500000000070,306.500000000070,9.390017234877,4425.359467086455
786.550000000070,306.550000000070,9.389872330863,4425.828964325598
786.600000000070,306.600000000070,9.389727426849,4426.298454319542
786.650000000070,306.650000000070,9.389582522835,4426.767937068284
786.700000000070,306.700000000070,9.389437618822,4427.237412571824
786.750000000070,306.750000000070,9.389292714808,4427.706880830166
786.800000000070,306.800000000070,9.389147810794,4428.176341843306
786.850000000070,306.850000000070,9.389002906780,4428.645795611245
786.900000000070,306.900000000070,9.388858002766,4429.115242133984
786.950000000070,306.950000000070,9.388713098753,4429.584681411521
787.000000000070,307.000000000070,9.388568194739,4430.054113443859
787.025000000000,307.025000000000,9.388495742732,4430.288826742420
787.050000000070,307.050000000070,9.388424954887,4430.523538251797
787.100000000070,307.100000000070,9.388283379195,4430.992955960150
787.150000000070,307.150000000070,9.388141803504,4431.462366589717
787.200000000070,307.200000000070,9.388000227813,4431.931770140500
787.250000000070,307.250000000070,9.387858652122,4432.401166612499
787.300000000070,307.300000000070,9.387717076431,4432.870556005712
787.350000000070,307.350000000070,9.387575500740,4433.339938320142
787.400000000070,307.400000000070,9.387433925048,4433.809313555787
787.450000000070,307.450000000070,9.387292349357,4434.278681712646
787.500000000070,307.500000000070,9.387150773666,4434.748042790722
787.550000000070,307.550000000070,9.387009197975,4435.217396790013
787.600000000070,307.600000000070,9.386867622284,4435.686743710519
787.650000000070,307.650000000070,9.386726046593,4436.156083552240
787.700000000070,307.700000000070,9.386584470902,4436.625416315177
787.750000000070,307.750000000070,9.386442895211,4437.094741999331
787.800000000070,307.800000000070,9.386301319519,4437.564060604699
787.850000000070,307.850000000070,9.386159743828,4438.033372131284
787.900000000070,307.900000000070,9.386018168137,4438.502676579083
787.950000000070,307.950000000070,9.385876592446,4438.971973948097
788.000000000070,308.000000000070,9.385735016755,4439.441264238328
788.025000000000,308.025000000000,9.385664228909,4439.675906728241
788.050000000070,308.050000000070,9.385595018044,4439.910547469485
788.100000000070,308.100000000070,9.385456596315,4440.379823759845
788.150000000070,308.150000000070,9.385318174585,4440.849093129117
788.200000000070,308.200000000070,9.385179752856,4441.318355577303
788.250000000070,308.250000000070,9.385041331126,4441.787611104403
788.300000000070,308.300000000070,9.384902909396,4442.256859710416
788.350000000070,308.350000000070,9.384764487667,4442.726101395344
788.400000000070,308.400000000070,9.384626065937,4443.195336159183
788.450000000070,308.450000000070,9.384487644208,4443.664564001936
788.500000000070,308.500000000070,9.384349222478,4444.133784923603
788.550000000070,308.550000000070,9.384210800748,4444.602998924183
788.600000000070,308.600000000070,9.384072379019,4445.072206003678
788.650000000070,308.650000000070,9.383933957289,4445.541406162085
788.700000000070,308.700000000070,9.383795535560,4446.010599399406
788.750000000070,308.750000000070,9.383657113830,4446.479785715641
788.800000000070,308.800000000070,9.383518692100,4446.948965110789
788.850000000070,308.850000000070,9.383380270371,4447.418137584851
788.900000000070,308.900000000070,9.383241848641,4447.887303137826
788.950000000070,308.950000000070,9.383103426912,4448.356461769715
789.000000000070,309.000000000070,9.382965005182,4448.825613480518
789.025000000000,309.025000000000,9.382895794317,4449.060186739855
789.050000000070,309.050000000070,9.382828164645,4449.294758289999
789.100000000070,309.100000000070,9.382692905300,4449.763896316748
789.150000000070,309.150000000070,9.382557645955,4450.233027580529
789.200000000070,309.200000000070,9.382422386610,4450.702152081342
789.250000000070,309.250000000070,9.382287127265,4451.171269819190
789.300000000070,309.300000000070,9.382151867920,4451.640380794069
789.350000000070,309.350000000070,9.382016608575,4452.109485005982
789.400000000070,309.400000000070,9.381881349231,4452.578582454927
789.450000000070,309.450000000070,9.381746089886,4453.047673140904
789.500000000070,309.500000000070,9.381610830541,4453.516757063916
789.550000000070,309.550000000070,9.381475571196,4453.985834223959
789.600000000070,309.600000000070,9.381340311851,4454.454904621035
789.650000000070,309.650000000070,9.381205052506,4454.923968255143
789.700000000070,309.700000000070,9.381069793161,4455.393025126285
789.750000000070,309.750000000070,9.380934533816,4455.862075234460
789.800000000070,309.800000000070,9.380799274471,4456.331118579667
789.850000000070,309.850000000070,9.380664015127,4456.800155161907
789.900000000070,309.900000000070,9.380528755782,4457.269184981180
789.950000000070,309.950000000070,9.380393496437,4457.738208037485
790.000000000070,310.000000000070,9.380258237092,4458.207224330823
790.025000000000,310.025000000000,9.380190607420,4458.441729940722
790.050000000070,310.050000000070,9.380124535152,4458.676233880661
790.100000000070,310.100000000070,9.379992390616,4459.145236803806
790.150000000071,310.150000000071,9.379860246081,4459.614233119732
790.200000000070,310.200000000070,9.379728101545,4460.083222828413
790.250000000070,310.250000000070,9.379595957010,4460.552205929878
790.300000000070,310.300000000070,9.379463812475,4461.021182424115
790.350000000071,310.350000000071,9.379331667939,4461.490152311135
790.400000000071,310.400000000071,9.379199523404,4461.959115590919
790.450000000070,310.450000000070,9.379067378868,4462.428072263466
790.500000000071,310.500000000071,9.378935234333,4462.897022328806
790.550000000071,310.550000000071,9.378803089797,4463.365965786909
790.600000000071,310.600000000071,9.378670945262,4463.834902637785
790.650000000071,310.650000000071,9.378538800726,4464.303832881435
790.700000000071,310.700000000071,9.378406656191,4464.772756517858
790.750000000071,310.750000000071,9.378274511655,4465.241673547055
790.800000000071,310.800000000071,9.378142367120,4465.710583969024
790.850000000071,310.850000000071,9.378010222585,4466.179487783766
790.900000000071,310.900000000071,9.377878078049,4466.648384991283
790.950000000071,310.950000000071,9.377745933514,4467.117275591571
791.000000000071,311.000000000071,9.377613788978,4467.586159584635
791.025000000000,311.025000000000,9.377547716711,4467.820599102789
791.050000000071,311.050000000071,9.377483026815,4468.055036987749
791.100000000071,311.100000000071,9.377353647024,4468.523907904595
791.150000000071,311.150000000071,9.377224267233,4468.992772352452
791.200000000071,311.200000000071,9.377094887442,4469.461630331319
791.250000000071,311.250000000071,9.376965507651,4469.930481841197
791.300000000071,311.300000000071,9.376836127860,4470.399326882084
791.350000000071,311.350000000071,9.376706748070,4470.868165453982
791.400000000071,311.400000000071,9.376577368279,4471.336997556892
791.450000000071,311.450000000071,9.376447988488,4471.805823190811
791.500000000071,311.500000000071,9.376318608697,4472.274642355741
791.550000000071,311.550000000071,9.376189228906,4472.743455051681
791.600000000071,311.600000000071,9.376059849115,4473.212261278631
791.650000000071,311.650000000071,9.375930469324,4473.681061036592
791.700000000071,311.700000000071,9.375801089533,4474.149854325563
791.750000000071,311.750000000071,9.375671709742,4474.618641145546
791.800000000071,311.800000000071,9.375542329951,4475.087421496538
791.850000000071,311.850000000071,9.375412950160,4475.556195378540
791.900000000071,311.900000000071,9.375283570370,4476.024962791554
791.950000000071,311.950000000071,9.375154190579,4476.493723735577
792.000000000071,312.000000000071,9.375024810788,4476.962478210612
792.025000000000,312.025000000000,9.374960120892,4477.196853021592
792.050000000071,312.050000000071,9.374896939753,4477.431226235516
792.100000000071,312.100000000071,9.374770577475,4477.899967923447
792.150000000071,312.150000000071,9.374644215196,4478.368703293264
792.200000000071,312.200000000071,9.374517852918,4478.837432344966
792.250000000071,312.250000000071,9.374391490640,4479.306155078556
792.300000000071,312.300000000071,9.374265128361,4479.774871494031
792.350000000071,312.350000000071,9.374138766083,4480.243581591391
792.400000000071,312.400000000071,9.374012403805,4480.712285370640
792.450000000071,312.450000000071,9.373886041526,4481.180982831773
792.500000000071,312.500000000071,9.373759679248,4481.649673974793
792.550000000071,312.550000000071,9.373633316969,4482.118358799697
792.600000000071,312.600000000071,9.373506954691,4482.587037306488
792.650000000071,312.650000000071,9.373380592413,4483.055709495166
792.700000000071,312.700000000071,9.373254230134,4483.524375365730
792.750000000071,312.750000000071,9.373127867856,4483.993034918180
792.800000000071,312.800000000071,9.373001505578,4484.461688152516
792.850000000071,312.850000000071,9.372875143299,4484.930335068738
792.900000000071,312.900000000071,9.372748781021,4485.398975666846
792.950000000071,312.950000000071,9.372622418742,4485.867609946839
793.000000000071,313.000000000071,9.372496056464,4486.336237908720
793.025000000000,313.025000000000,9.372432875325,4486.570549519702
793.050000000071,313.050000000071,9.372371159562,4486.804859570803
793.100000000071,313.100000000071,9.372247728035,4487.273475042993
793.150000000071,313.150000000071,9.372124296509,4487.742084343607
793.200000000071,313.200000000071,9.372000864983,4488.210687472643
793.250000000071,313.250000000071,9.371877433456,4488.679284430104
793.300000000071,313.300000000071,9.371754001930,4489.147875215988
793.350000000071,313.350000000071,9.371630570403,4489.616459830296
793.400000000071,313.400000000071,9.371507138877,4490.085038273029
793.450000000071,313.450000000071,9.371383707350,4490.553610544184
793.500000000071,313.500000000071,9.371260275824,4491.022176643764
793.550000000071,313.550000000071,9.371136844298,4491.490736571767
793.600000000071,313.600000000071,9.371013412771,4491.959290328194
793.650000000071,313.650000000071,9.370889981245,4492.427837913045
793.700000000071,313.700000000071,9.370766549718,4492.896379326318
793.750000000071,313.750000000071,9.370643118192,4493.364914568017
793.800000000071,313.800000000071,9.370519686666,4493.833443638137
793.850000000071,313.850000000071,9.370396255139,4494.301966536682
793.900000000071,313.900000000071,9.370272823613,4494.770483263651
793.950000000072,313.950000000072,9.370149392086,4495.238993819053
794.000000000071,314.000000000071,9.370025960560,4495.707498202860
794.025000000000,314.025000000000,9.369964244797,4495.941748079761
794.050000000071,314.050000000071,9.369903971430,4496.175996433130
794.100000000071,314.100000000071,9.369783424697,4496.644488618032
794.150000000072,314.150000000072,9.369662877964,4497.112974775609
794.200000000072,314.200000000072,9.369542331231,4497.581454905839
794.250000000071,314.250000000071,9.369421784497,4498.049929008723
794.300000000072,314.300000000072,9.369301237764,4498.518397084288
794.350000000072,314.350000000072,9.369180691031,4498.986859132508
794.400000000072,314.400000000072,9.369060144298,4499.455315153391
794.450000000072,314.450000000072,9.368939597565,4499.923765146938
794.500000000072,314.500000000072,9.368819050832,4500.392209113147
794.550000000072,314.550000000072,9.368698504098,4500.860647052021
794.600000000072,314.600000000072,9.368577957365,4501.329078963557
794.650000000072,314.650000000072,9.368457410632,4501.797504847757
794.700000000072,314.700000000072,9.368336863899,4502.265924704620
794.750000000072,314.750000000072,9.368216317166,4502.734338534146
794.800000000072,314.800000000072,9.368095770432,4503.202746336337
794.850000000072,314.850000000072,9.367975223699,4503.671148111191
794.900000000072,314.900000000072,9.367854676966,4504.139543858708
794.950000000072,314.950000000072,9.367734130233,4504.607933578887
795.000000000072,315.000000000072,9.367613583500,4505.076317271730
795.025000000000,315.025000000000,9.367553310133,4505.310506857226
795.050000000072,315.050000000072,9.367494453227,4505.544694954943
795.100000000072,315.100000000072,9.367376739415,4506.013066734758
795.150000000072,315.150000000072,9.367259025604,4506.481432628884
795.200000000072,315.200000000072,9.367141311792,4506.949792637319
795.250000000072,315.250000000072,9.367023597980,4507.418146760063
795.300000000072,315.300000000072,9.366905884168,4507.886494997118
795.350000000072,315.350000000072,9.366788170357,4508.354837348480
795.400000000072,315.400000000072,9.366670456545,4508.823173814153
795.450000000072,315.450000000072,9.366552742733,4509.291504394135
795.500000000072,315.500000000072,9.366435028921,4509.759829088426
795.550000000072,315.550000000072,9.366317315110,4510.228147897027
795.600000000072,315.600000000072,9.366199601298,4510.696460819937
795.650000000072,315.650000000072,9.366081887486,4511.164767857157
795.700000000072,315.700000000072,9.365964173674,4511.633069008686
795.750000000072,315.750000000072,9.365846459863,4512.101364274524
795.800000000072,315.800000000072,9.365728746051,4512.569653654672
795.850000000072,315.850000000072,9.365611032239,4513.037937149129
795.900000000072,315.900000000072,9.365493318427,4513.506214757896
795.950000000072,315.950000000072,9.365375604616,4513.974486480972
796.000000000072,316.000000000072,9.365257890804,4514.442752318357
796.025000000000,316.025000000000,9.365199033898,4514.676883029241
796.050000000072,316.050000000072,9.365141565954,4514.911012287414
796.100000000072,316.100000000072,9.365026630067,4515.379266492315
796.150000000072,316.150000000072,9.364911694179,4515.847514950422
796.200000000072,316.200000000072,9.364796758291,4516.315757661733
796.250000000072,316.250000000072,9.364681822404,4516.783994626250
796.300000000072,316.300000000072,9.364566886516,4517.252225843974
796.350000000072,316.350000000072,9.364451950629,4517.720451314902
796.400000000072,316.400000000072,9.364337014741,4518.188671039036
796.450000000072,316.450000000072,9.364222078853,4518.656885016376
796.500000000072,316.500000000072,9.364107142966,4519.125093246921
796.550000000072,316.550000000072,9.363992207078,4519.593295730673
796.600000000072,316.600000000072,9.363877271191,4520.061492467629
796.650000000072,316.650000000072,9.363762335303,4520.529683457792
796.700000000072,316.700000000072,9.363647399415,4520.997868701160
796.750000000072,316.750000000072,9.363532463528,4521.466048197733
796.800000000072,316.800000000072,9.363417527640,4521.934221947512
796.850000000072,316.850000000072,9.363302591752,4522.402389950496
796.900000000072,316.900000000072,9.363187655865,4522.870552206688
796.950000000072,316.950000000072,9.363072719977,4523.338708716084
797.000000000072,317.000000000072,9.362957784090,4523.806859478685
797.025000000000,317.025000000000,9.362900316146,4524.040932704263
797.050000000072,317.050000000072,9.362843831230,4524.275004506781
797.100000000072,317.100000000072,9.362730861400,4524.743143874096
797.150000000072,317.150000000072,9.362617891569,4525.211277592921
797.200000000072,317.200000000072,9.362504921738,4525.679405663253
797.250000000072,317.250000000072,9.362391951907,4526.147528085095
797.300000000072,317.300000000072,9.362278982077,4526.615644858445
797.350000000072,317.350000000072,9.362166012246,4527.083755983303
797.400000000072,317.400000000072,9.362053042415,4527.551861459669
797.450000000072,317.450000000072,9.361940072584,4528.019961287544
797.500000000072,317.500000000072,9.361827102754,4528.488055466927
797.550000000072,317.550000000072,9.361714132923,4528.956143997820
797.600000000072,317.600000000072,9.361601163092,4529.424226880220
797.650000000072,317.650000000072,9.361488193261,4529.892304114130
797.700000000072,317.700000000072,9.361375223431,4530.360375699546
797.750000000072,317.750000000072,9.361262253600,4530.828441636471
797.800000000072,317.800000000072,9.361149283769,4531.296501924906
797.850000000072,317.850000000072,9.361036313938,4531.764556564848
797.900000000072,317.900000000072,9.360923344108,4532.232605556300
797.950000000072,317.950000000072,9.360810374277,4532.700648899259
798.000000000072,318.000000000072,9.360697404446,4533.168686593727
798.025000000000,318.025000000000,9.360640919531,4533.402703322103
798.050000000072,318.050000000072,9.360586206448,4533.636718661852
798.100000000072,318.100000000072,9.360476780282,4534.104745236519
798.150000000072,318.150000000072,9.360367354116,4534.572766339880
798.200000000072,318.200000000072,9.360257927950,4535.040781971931
798.250000000072,318.250000000072,9.360148501784,4535.508792132674
798.300000000072,318.300000000072,9.360039075618,4535.976796822109
798.350000000072,318.350000000072,9.359929649452,4536.444796040236
798.400000000072,318.400000000072,9.359820223286,4536.912789787055
798.450000000072,318.450000000072,9.359710797120,4537.380778062565
798.500000000072,318.500000000072,9.359601370954,4537.848760866766
798.550000000072,318.550000000072,9.359491944788,4538.316738199661
798.600000000072,318.600000000072,9.359382518622,4538.784710061245
798.650000000072,318.650000000072,9.359273092456,4539.252676451523
798.700000000072,318.700000000072,9.359163666290,4539.720637370491
798.750000000072,318.750000000072,9.359054240124,4540.188592818151
798.800000000072,318.800000000072,9.358944813958,4540.656542794503
798.850000000072,318.850000000072,9.358835387792,4541.124487299547
798.900000000072,318.900000000072,9.358725961626,4541.592426333283
798.950000000073,318.950000000073,9.358616535460,4542.060359895719
799.000000000072,319.000000000072,9.358507109294,4542.528287986827
799.025000000000,319.025000000000,9.358452396211,4542.762249979973
799.050000000072,319.050000000072,9.358398933157,4542.996210622264
799.100000000072,319.100000000072,9.358292007050,4543.464127895769
799.150000000073,319.150000000073,9.358185080943,4543.932039822977
799.200000000073,319.200000000073,9.358078154836,4544.399946403872
799.250000000072,319.250000000072,9.357971228729,4544.867847638452
799.300000000073,319.300000000073,9.357864302623,4545.335743526746
799.350000000073,319.350000000073,9.357757376516,4545.803634068724
799.400000000073,319.400000000073,9.357650450409,4546.271519264396
799.450000000073,319.450000000073,9.357543524302,4546.739399113765
799.500000000073,319.500000000073,9.357436598195,4547.207273616827
799.550000000073,319.550000000073,9.357329672088,4547.675142773585
799.600000000073,319.600000000073,9.357222745981,4548.143006584037
799.650000000073,319.650000000073,9.357115819874,4548.610865048183
799.700000000073,319.700000000073,9.357008893767,4549.078718166024
799.750000000073,319.750000000073,9.356901967660,4549.546565937560
799.800000000073,319.800000000073,9.356795041553,4550.014408362790
799.850000000073,319.850000000073,9.356688115446,4550.482245441714
799.900000000073,319.900000000073,9.356581189339,4550.950077174333
799.950000000073,319.950000000073,9.356474263233,4551.417903560648
800.000000000073,320.000000000073,9.356367337126,4551.885724600657
800.025000000000,320.025000000000,9.356313874072,4552.119633115114
800.050000000073,320.050000000073,9.356261670137,4552.353540310100
800.100000000073,320.100000000073,9.356157262266,4552.821350783410
800.150000000073,320.150000000073,9.356052854395,4553.289156036326
800.200000000073,320.200000000073,9.355948446524,4553.756956068850
800.250000000073,320.250000000073,9.355844038653,4554.224750880979
800.300000000073,320.300000000073,9.355739630782,4554.692540472715
800.350000000073,320.350000000073,9.355635222911,4555.160324844057
800.400000000073,320.400000000073,9.355530815040,4555.628103995005
800.450000000073,320.450000000073,9.355426407169,4556.095877925562
800.500000000073,320.500000000073,9.355321999298,4556.563646635723
800.550000000073,320.550000000073,9.355217591427,4557.031410125492
800.600000000073,320.600000000073,9.355113183556,4557.499168394866
800.650000000073,320.650000000073,9.355008775685,4557.966921443846
800.700000000073,320.700000000073,9.354904367814,4558.434669272435
800.750000000073,320.750000000073,9.354799959943,4558.902411880628
800.800000000073,320.800000000073,9.354695552072,4559.370149268429
800.850000000073,320.850000000073,9.354591144201,4559.837881435836
800.900000000073,320.900000000073,9.354486736330,4560.305608382849
800.950000000073,320.950000000073,9.354382328459,4560.773330109469
801.000000000073,321.000000000073,9.354277920588,4561.241046615695
801.025000000000,321.025000000000,9.354225716652,4561.474902910478
801.050000000073,321.050000000073,9.354174753051,4561.708757917033
801.100000000073,321.100000000073,9.354072825848,4562.176464106505
801.150000000073,321.150000000073,9.353970898644,4562.644165199617
801.200000000073,321.200000000073,9.353868971441,4563.111861196369
801.250000000073,321.250000000073,9.353767044238,4563.579552096761
801.300000000073,321.300000000073,9.353665117035,4564.047237900793
801.350000000073,321.350000000073,9.353563189832,4564.514918608465
801.400000000073,321.400000000073,9.353461262629,4564.982594219776
801.450000000073,321.450000000073,9.353359335426,4565.450264734728
801.500000000073,321.500000000073,9.353257408223,4565.917930153319
801.550000000073,321.550000000073,9.353155481020,4566.385590475550
801.600000000073,321.600000000073,9.353053553816,4566.853245701421
801.650000000073,321.650000000073,9.352951626613,4567.320895830931
801.700000000073,321.700000000073,9.352849699410,4567.788540864082
801.750000000073,321.750000000073,9.352747772207,4568.256180800872
801.800000000073,321.800000000073,9.352645845004,4568.723815641303
801.850000000073,321.850000000073,9.352543917801,4569.191445385373
801.900000000073,321.900000000073,9.352441990598,4569.659070033083
801.950000000073,321.950000000073,9.352340063395,4570.126689584433
802.000000000073,322.000000000073,9.352238136192,4570.594304039422
802.025000000000,322.025000000000,9.352187172590,4570.828109355100
802.050000000073,322.050000000073,9.352137426207,4571.061913413268
802.100000000073,322.100000000073,9.352037933442,4571.529517797258
802.150000000073,322.150000000073,9.351938440677,4571.997117206611
802.200000000073,322.200000000073,9.351838947911,4572.464711641326
802.250000000073,322.250000000073,9.351739455146,4572.932301101402
802.300000000073,322.300000000073,9.351639962381,4573.399885586841
802.350000000073,322.350000000073,9.351540469615,4573.867465097641
802.400000000073,322.400000000073,9.351440976850,4574.335039633802
802.450000000073,322.450000000073,9.351341484085,4574.802609195326
802.500000000073,322.500000000073,9.351241991319,4575.270173782211
802.550000000073,322.550000000073,9.351142498554,4575.737733394459
802.600000000073,322.600000000073,9.351043005789,4576.205288032067
802.650000000073,322.650000000073,9.350943513024,4576.672837695037
802.700000000073,322.700000000073,9.350844020258,4577.140382383370
802.750000000074,322.750000000074,9.350744527493,4577.607922097072
802.800000000073,322.800000000073,9.350645034728,4578.075456836119
802.850000000073,322.850000000073,9.350545541962,4578.542986600536
802.900000000073,322.900000000073,9.350446049197,4579.010511390315
802.950000000074,322.950000000074,9.350346556432,4579.478031205465
803.000000000074,323.000000000074,9.350247063666,4579.945546045968
803.025000000000,323.025000000000,9.350197317284,4580.179301600037
803.050000000073,323.050000000073,9.350148763460,4580.413055926730
803.100000000074,323.100000000074,9.350051655812,4580.880560937220
803.150000000074,323.150000000074,9.349954548164,4581.348061092319
803.200000000074,323.200000000074,9.349857440517,4581.815556392036
803.250000000074,323.250000000074,9.349760332869,4582.283046836371
803.300000000074,323.300000000074,9.349663225221,4582.750532425322
803.350000000074,323.350000000074,9.349566117573,4583.218013158893
803.400000000074,323.400000000074,9.349469009925,4583.685489037080
803.450000000074,323.450000000074,9.349371902278,4584.152960059885
803.500000000074,323.500000000074,9.349274794630,4584.620426227308
803.550000000074,323.550000000074,9.349177686982,4585.087887539347
803.600000000074,323.600000000074,9.349080579334,4585.555343996006
803.650000000074,323.650000000074,9.348983471687,4586.022795597280
803.700000000074,323.700000000074,9.348886364039,4586.490242343174
803.750000000074,323.750000000074,9.348789256391,4586.957684233685
803.800000000074,323.800000000074,9.348692148743,4587.425121268812
803.850000000074,323.850000000074,9.348595041096,4587.892553448559
803.900000000074,323.900000000074,9.348497933448,4588.359980772922
803.950000000074,323.950000000074,9.348400825800,4588.827403241904
804.000000000074,324.000000000074,9.348303718152,4589.294820855503
804.025000000000,324.025000000000,9.348255164329,4589.528527840842
804.050000000074,324.050000000074,9.348207778014,4589.762233628313
804.100000000074,324.100000000074,9.348113005386,4590.229641647898
804.150000000074,324.150000000074,9.348018232758,4590.697044928852
804.200000000074,324.200000000074,9.347923460130,4591.164443471175
804.250000000074,324.250000000074,9.347828687502,4591.631837274866
804.300000000074,324.300000000074,9.347733914874,4592.099226339925
804.350000000074,324.350000000074,9.347639142246,4592.566610666354
804.400000000074,324.400000000074,9.347544369618,4593.033990254150
804.450000000074,324.450000000074,9.347449596990,4593.501365103316
804.500000000074,324.500000000074,9.347354824362,4593.968735213849
804.550000000074,324.550000000074,9.347260051734,4594.436100585751
804.600000000074,324.600000000074,9.347165279106,4594.903461219023
804.650000000074,324.650000000074,9.347070506478,4595.370817113661
804.700000000074,324.700000000074,9.346975733849,4595.838168269670
804.750000000074,324.750000000074,9.346880961221,4596.305514687047
804.800000000074,324.800000000074,9.346786188593,4596.772856365791
804.850000000074,324.850000000074,9.346691415965,4597.240193305905
804.900000000074,324.900000000074,9.346596643337,4597.707525507388
804.950000000074,324.950000000074,9.346501870709,4598.174852970240
805.000000000074,325.000000000074,9.346407098081,4598.642175694459
805.025000000000,325.025000000000,9.346359711767,4598.875835278890
805.050000000074,325.050000000074,9.346313468143,4599.109493694330
805.100000000074,325.100000000074,9.346220980895,4599.576807055557
805.150000000074,325.150000000074,9.346128493647,4600.044115792420
805.200000000074,325.200000000074,9.346036006399,4600.511419904921
805.250000000074,325.250000000074,9.345943519151,4600.978719393060
805.300000000074,325.300000000074,9.345851031903,4601.446014256836
805.350000000074,325.350000000074,9.345758544655,4601.913304496251
805.400000000074,325.400000000074,9.345666057407,4602.380590111302
805.450000000074,325.450000000074,9.345573570159,4602.847871101992
805.500000000074,325.500000000074,9.345481082911,4603.315147468318
805.550000000074,325.550000000074,9.345388595663,4603.782419210283
805.600000000074,325.600000000074,9.345296108416,4604.249686327885
805.650000000074,325.650000000074,9.345203621168,4604.716948821124
805.700000000074,325.700000000074,9.345111133920,4605.184206690002
805.750000000074,325.750000000074,9.345018646672,4605.651459934516
805.800000000074,325.800000000074,9.344926159424,4606.118708554668
805.850000000074,325.850000000074,9.344833672176,4606.585952550458
805.900000000074,325.900000000074,9.344741184928,4607.053191921886
805.950000000074,325.950000000074,9.344648697680,4607.520426668952
806.000000000074,326.000000000074,9.344556210432,4607.987656791654
806.025000000000,326.025000000000,9.344509966808,4608.221270118177
806.050000000074,326.050000000074,9.344464840234,4608.454882303957
806.100000000074,326.100000000074,9.344374587085,4608.922103289640
806.150000000074,326.150000000074,9.344284333937,4609.389319762666
806.200000000074,326.200000000074,9.344194080788,4609.856531723034
806.250000000074,326.250000000074,9.344103827639,4610.323739170744
806.300000000074,326.300000000074,9.344013574491,4610.790942105798
806.350000000074,326.350000000074,9.343923321342,4611.258140528194
806.400000000074,326.400000000074,9.343833068194,4611.725334437932
806.450000000074,326.450000000074,9.343742815045,4612.192523835014
806.500000000074,326.500000000074,9.343652561896,4612.659708719437
806.550000000074,326.550000000074,9.343562308748,4613.126889091202
806.600000000074,326.600000000074,9.343472055599,4613.594064950312
806.650000000074,326.650000000074,9.343381802451,4614.061236296762
806.700000000074,326.700000000074,9.343291549302,4614.528403130556
806.750000000074,326.750000000074,9.343201296153,4614.995565451693
806.800000000074,326.800000000074,9.343111043005,4615.462723260172
806.850000000074,326.850000000074,9.343020789856,4615.929876555993
806.900000000074,326.900000000074,9.342930536708,4616.397025339157
806.950000000074,326.950000000074,9.342840283559,4616.864169609665
807.000000000074,327.000000000074,9.342750030411,4617.331309367513
807.025000000000,327.025000000000,9.342704903836,4617.564877553500
807.050000000074,327.050000000074,9.342660860898,4617.798444626251
807.100000000074,327.100000000074,9.342572775023,4618.265575467150
807.150000000074,327.150000000074,9.342484689147,4618.732701903753
807.200000000074,327.200000000074,9.342396603272,4619.199823936064
807.250000000074,327.250000000074,9.342308517396,4619.666941564080
807.300000000074,327.300000000074,9.342220431521,4620.134054787803
807.350000000074,327.350000000074,9.342132345645,4620.601163607233
807.400000000074,327.400000000074,9.342044259769,4621.068268022367
807.450000000074,327.450000000074,9.341956173894,4621.535368033209
807.500000000074,327.500000000074,9.341868088018,4622.002463639757
807.550000000074,327.550000000074,9.341780002143,4622.469554842010
807.600000000074,327.600000000074,9.341691916267,4622.936641639972
807.650000000074,327.650000000074,9.341603830391,4623.403724033637
807.700000000074,327.700000000074,9.341515744516,4623.870802023011
807.750000000075,327.750000000075,9.341427658640,4624.337875608098
807.800000000074,327.800000000074,9.341339572765,4624.804944788873
807.850000000074,327.850000000074,9.341251486889,4625.272009565366
807.900000000074,327.900000000074,9.341163401014,4625.739069937563
807.950000000075,327.950000000075,9.341075315138,4626.206125905475
808.000000000075,328.000000000075,9.340987229262,4626.673177469086
808.025000000000,328.025000000000,9.340943186325,4626.906701598580
808.050000000074,328.050000000074,9.340900167953,4627.140224641200
808.100000000075,328.100000000075,9.340814131211,4627.607267498689
808.150000000075,328.150000000075,9.340728094468,4628.074306054331
808.200000000075,328.200000000075,9.340642057726,4628.541340308136
808.250000000075,328.250000000075,9.340556020983,4629.008370260104
808.300000000075,328.300000000075,9.340469984241,4629.475395910235
808.350000000075,328.350000000075,9.340383947499,4629.942417258529
808.400000000075,328.400000000075,9.340297910756,4630.409434304985
808.450000000075,328.450000000075,9.340211874014,4630.876447049603
808.500000000075,328.500000000075,9.340125837271,4631.343455492386
808.550000000075,328.550000000075,9.340039800529,4631.810459633331
808.600000000075,328.600000000075,9.339953763786,4632.277459472439
808.650000000075,328.650000000075,9.339867727044,4632.744455009709
808.700000000075,328.700000000075,9.339781690302,4633.211446245142
808.750000000075,328.750000000075,9.339695653559,4633.678433178739
808.800000000075,328.800000000075,9.339609616817,4634.145415810498
808.850000000075,328.850000000075,9.339523580074,4634.612394140421
808.900000000075,328.900000000075,9.339437543332,4635.079368168506
808.950000000075,328.950000000075,9.339351506589,4635.546337894754
809.000000000075,329.000000000075,9.339265469847,4636.013303319166
809.025000000000,329.025000000000,9.339222451476,4636.246784417482
809.050000000075,329.050000000075,9.339180440796,4636.480264454335
809.100000000075,329.100000000075,9.339096419437,4636.947221375842
809.150000000075,329.150000000075,9.339012398078,4637.414174096280
809.200000000075,329.200000000075,9.338928376719,4637.881122615649
809.250000000075,329.250000000075,9.338844355359,4638.348066933952
809.300000000075,329.300000000075,9.338760334000,4638.815007051186
809.350000000075,329.350000000075,9.338676312641,4639.281942967352
809.400000000075,329.400000000075,9.338592291282,4639.748874682449
809.450000000075,329.450000000075,9.338508269923,4640.215802196479
809.500000000075,329.500000000075,9.338424248564,4640.682725509441
809.550000000075,329.550000000075,9.338340227204,4641.149644621335
809.600000000075,329.600000000075,9.338256205845,4641.616559532162
809.650000000075,329.650000000075,9.338172184486,4642.083470241920
809.700000000075,329.700000000075,9.338088163127,4642.550376750610
809.750000000075,329.750000000075,9.338004141768,4643.017279058233
809.800000000075,329.800000000075,9.337920120409,4643.484177164787
809.850000000075,329.850000000075,9.337836099050,4643.951071070274
809.900000000075,329.900000000075,9.337752077690,4644.417960774693
809.950000000075,329.950000000075,9.337668056331,4644.884846278043
810.000000000075,330.000000000075,9.337584034972,4645.351727580327
810.025000000000,330.025000000000,9.337542024293,4645.585166655367
810.050000000075,330.050000000075,9.337501003715,4645.818604693918
810.100000000075,330.100000000075,9.337418962561,4646.285477693075
810.150000000075,330.150000000075,9.337336921407,4646.752346590174
810.200000000075,330.200000000075,9.337254880253,4647.219211385215
810.250000000075,330.250000000075,9.337172839099,4647.686072078200
810.300000000075,330.300000000075,9.337090797945,4648.152928669126
810.350000000075,330.350000000075,9.337008756790,4648.619781157995
810.400000000075,330.400000000075,9.336926715636,4649.086629544805
810.450000000075,330.450000000075,9.336844674482,4649.553473829557
810.500000000075,330.500000000075,9.336762633328,4650.020314012253
810.550000000075,330.550000000075,9.336680592174,4650.487150092890
810.600000000075,330.600000000075,9.336598551020,4650.953982071471
810.650000000075,330.650000000075,9.336516509865,4651.420809947993
810.700000000075,330.700000000075,9.336434468711,4651.887633722456
810.750000000075,330.750000000075,9.336352427557,4652.354453394863
810.800000000075,330.800000000075,9.336270386403,4652.821268965212
810.850000000075,330.850000000075,9.336188345249,4653.288080433504
810.900000000075,330.900000000075,9.336106304095,4653.754887799737
810.950000000075,330.950000000075,9.336024262940,4654.221691063913
811.000000000075,331.000000000075,9.335942221786,4654.688490226032
811.025000000000,331.025000000000,9.335901201209,4654.921888268119
811.050000000075,331.050000000075,9.335861154477,4655.155285298265
811.100000000075,331.100000000075,9.335781061013,4655.622076353653
811.150000000075,331.150000000075,9.335700967550,4656.088863404367
811.200000000075,331.200000000075,9.335620874086,4656.555646450407
811.250000000075,331.250000000075,9.335540780622,4657.022425491776
811.300000000075,331.300000000075,9.335460687158,4657.489200528470
811.350000000075,331.350000000075,9.335380593694,4657.955971560492
811.400000000075,331.400000000075,9.335300500230,4658.422738587839
811.450000000075,331.450000000075,9.335220406766,4658.889501610513
811.500000000075,331.500000000075,9.335140313303,4659.356260628516
811.550000000076,331.550000000076,9.335060219839,4659.823015641853
811.600000000075,331.600000000075,9.334980126375,4660.289766650500
811.650000000075,331.650000000075,9.334900032911,4660.756513654482
811.700000000075,331.700000000075,9.334819939447,4661.223256653790
811.750000000076,331.750000000076,9.334739845983,4661.689995648437
811.800000000076,331.800000000076,9.334659752519,4662.156730638399
811.850000000075,331.850000000075,9.334579659056,4662.623461623679
811.900000000076,331.900000000076,9.334499565592,4663.090188604304
811.950000000076,331.950000000076,9.334419472128,4663.556911580246
812.000000000076,332.000000000076,9.334339378664,4664.023630551516
812.025000000000,332.025000000000,9.334299331932,4664.256988534688
812.050000000076,332.050000000076,9.334260243319,4664.490345530089
812.100000000076,332.100000000076,9.334182066093,4664.957056587824
812.150000000076,332.150000000076,9.334103888867,4665.423763736699
812.200000000076,332.200000000076,9.334025711641,4665.890466976711
812.250000000076,332.250000000076,9.333947534415,4666.357166307863
812.300000000076,332.300000000076,9.333869357190,4666.823861730152
812.350000000076,332.350000000076,9.333791179964,4667.290553243581
812.400000000076,332.400000000076,9.333713002738,4667.757240848149
812.450000000076,332.450000000076,9.333634825512,4668.223924543855
812.500000000076,332.500000000076,9.333556648286,4668.690604330701
812.550000000076,332.550000000076,9.333478471060,4669.157280208684
812.600000000076,332.600000000076,9.333400293834,4669.623952177806
812.650000000076,332.650000000076,9.333322116608,4670.090620238067
812.700000000076,332.700000000076,9.333243939382,4670.557284389467
812.750000000076,332.750000000076,9.333165762156,4671.023944632007
812.800000000076,332.800000000076,9.333087584930,4671.490600965683
812.850000000076,332.850000000076,9.333009407704,4671.957253390498
812.900000000076,332.900000000076,9.332931230479,4672.423901906453
812.950000000076,332.950000000076,9.332853053253,4672.890546513547
813.000000000076,333.000000000076,9.332774876027,4673.357187211779
813.025000000000,333.025000000000,9.332735787414,4673.590506094362
813.050000000076,333.050000000076,9.332697547332,4673.823824011756
813.100000000076,333.100000000076,9.332621067168,4674.290456977118
813.150000000076,333.150000000076,9.332544587004,4674.757086118473
813.200000000076,333.200000000076,9.332468106841,4675.223711435819
813.250000000076,333.250000000076,9.332391626677,4675.690332929157
813.300000000076,333.300000000076,9.332315146513,4676.156950598486
813.350000000076,333.350000000076,9.332238666350,4676.623564443807
813.400000000076,333.400000000076,9.332162186186,4677.090174465122
813.450000000076,333.450000000076,9.332085706022,4677.556780662427
813.500000000076,333.500000000076,9.332009225858,4678.023383035725
813.550000000076,333.550000000076,9.331932745695,4678.489981585013
813.600000000076,333.600000000076,9.331856265531,4678.956576310294
813.650000000076,333.650000000076,9.331779785367,4679.423167211567
813.700000000076,333.700000000076,9.331703305203,4679.889754288831
813.750000000076,333.750000000076,9.331626825040,4680.356337542087
813.800000000076,333.800000000076,9.331550344876,4680.822916971335
813.850000000076,333.850000000076,9.331473864712,4681.289492576574
813.900000000076,333.900000000076,9.331397384549,4681.756064357806
813.950000000076,333.950000000076,9.331320904385,4682.222632315029
814.000000000076,334.000000000076,9.331244424221,4682.689196448245
814.025000000000,334.025000000000,9.331206184139,4682.922477080139
814.050000000076,334.050000000076,9.331168882986,4683.155756769188
814.100000000076,334.100000000076,9.331094280680,4683.622313348279
814.150000000076,334.150000000076,9.331019678374,4684.088866197256
814.200000000076,334.200000000076,9.330945076068,4684.555415316117
814.250000000076,334.250000000076,9.330870473763,4685.021960704863
814.300000000076,334.300000000076,9.330795871457,4685.488502363493
814.350000000076,334.350000000076,9.330721269151,4685.955040292009
814.400000000076,334.400000000076,9.330646666845,4686.421574490410
814.450000000076,334.450000000076,9.330572064539,4686.888104958693
814.500000000076,334.500000000076,9.330497462233,4687.354631696863
814.550000000076,334.550000000076,9.330422859927,4687.821154704917
814.600000000076,334.600000000076,9.330348257621,4688.287673982855
814.650000000076,334.650000000076,9.330273655315,4688.754189530679
814.700000000076,334.700000000076,9.330199053009,4689.220701348388
814.750000000076,334.750000000076,9.330124450704,4689.687209435981
814.800000000076,334.800000000076,9.330049848398,4690.153713793458
814.850000000076,334.850000000076,9.329975246092,4690.620214420820
814.900000000076,334.900000000076,9.329900643786,4691.086711318068
814.950000000076,334.950000000076,9.329826041480,4691.553204485199
815.000000000076,335.000000000076,9.329751439174,4692.019693922216
815.025000000000,335.025000000000,9.329714138021,4692.252937241221
815.050000000076,335.050000000076,9.329677730677,4692.486179640289
815.100000000076,335.100000000076,9.329604915988,4692.952661706456
815.150000000076,335.150000000076,9.329532101299,4693.419140131889
815.200000000076,335.200000000076,9.329459286610,4693.885614916586
815.250000000076,335.250000000076,9.329386471921,4694.352086060549
815.300000000076,335.300000000076,9.329313657232,4694.818553563778
815.350000000076,335.350000000076,9.329240842543,4695.285017426271
815.400000000076,335.400000000076,9.329168027854,4695.751477648032
815.450000000076,335.450000000076,9.329095213166,4696.217934229057
815.500000000076,335.500000000076,9.329022398477,4696.684387169349
815.550000000076,335.550000000076,9.328949583788,4697.150836468905
815.600000000076,335.600000000076,9.328876769099,4697.617282127727
815.650000000076,335.650000000076,9.328803954410,4698.083724145815
815.700000000076,335.700000000076,9.328731139721,4698.550162523167
815.750000000076,335.750000000076,9.328658325032,4699.016597259787
815.800000000076,335.800000000076,9.328585510344,4699.483028355671
815.850000000076,335.850000000076,9.328512695655,4699.949455810821
815.900000000076,335.900000000076,9.328439880966,4700.415879625237
815.950000000076,335.950000000076,9.328367066277,4700.882299798917
816.000000000076,336.000000000076,9.328294251588,4701.348716331864
816.025000000000,336.025000000000,9.328257844244,4701.581923232352
816.050000000076,336.050000000076,9.328222317938,4701.815129235089
816.100000000076,336.100000000076,9.328151265327,4702.281538574670
816.150000000076,336.150000000076,9.328080212716,4702.747944361621
816.200000000076,336.200000000076,9.328009160105,4703.214346595942
816.250000000076,336.250000000076,9.327938107494,4703.680745277632
816.300000000076,336.300000000076,9.327867054883,4704.147140406691
816.350000000076,336.350000000076,9.327796002272,4704.613531983119
816.400000000076,336.400000000076,9.327724949661,4705.079920006918
816.450000000076,336.450000000076,9.327653897050,4705.546304478085
816.500000000076,336.500000000076,9.327582844439,4706.012685396623
816.550000000077,336.550000000077,9.327511791828,4706.479062762539
816.600000000076,336.600000000076,9.327440739217,4706.945436575805
816.650000000076,336.650000000076,9.327369686606,4707.411806836451
816.700000000076,336.700000000076,9.327298633995,4707.878173544465
816.750000000077,336.750000000077,9.327227581384,4708.344536699859
816.800000000077,336.800000000077,9.327156528773,4708.810896302614
816.850000000076,336.850000000076,9.327085476162,4709.277252352727
816.900000000077,336.900000000077,9.327014423551,4709.743604850230
816.950000000077,336.950000000077,9.326943370940,4710.209953795093
817.000000000077,337.000000000077,9.326872318329,4710.676299187324
817.025000000000,337.025000000000,9.326836792024,4710.909470550485
817.050000000077,337.050000000077,9.326802133329,4711.142641037771
817.100000000077,337.100000000077,9.326732815940,4711.608979411502
817.150000000077,337.150000000077,9.326663498551,4712.075314319364
817.200000000077,337.200000000077,9.326594181162,4712.541645761357
817.250000000077,337.250000000077,9.326524863773,4713.007973737480
817.300000000077,337.300000000077,9.326455546384,4713.474298247735
817.350000000077,337.350000000077,9.326386228995,4713.940619292119
817.400000000077,337.400000000077,9.326316911606,4714.406936870633
817.450000000077,337.450000000077,9.326247594217,4714.873250983280
817.500000000077,337.500000000077,9.326178276828,4715.339561630056
817.550000000077,337.550000000077,9.326108959439,4715.805868810963
817.600000000077,337.600000000077,9.326039642049,4716.272172526000
817.650000000077,337.650000000077,9.325970324660,4716.738472775167
817.700000000077,337.700000000077,9.325901007271,4717.204769558466
817.750000000077,337.750000000077,9.325831689882,4717.671062875895
817.800000000077,337.800000000077,9.325762372493,4718.137352727455
817.850000000077,337.850000000077,9.325693055104,4718.603639113144
817.900000000077,337.900000000077,9.325623737715,4719.069922032963
817.950000000077,337.950000000077,9.325554420326,4719.536201486915
818.000000000077,338.000000000077,9.325485102937,4720.002477474996
818.025000000000,338.025000000000,9.325450444243,4720.235614168618
818.050000000077,338.050000000077,9.325416639129,4720.468750007878
818.100000000077,338.100000000077,9.325349028903,4720.935019149579
818.150000000077,338.150000000077,9.325281418677,4721.401284910768
818.200000000077,338.200000000077,9.325213808451,4721.867547291446
818.250000000077,338.250000000077,9.325146198224,4722.333806291613
818.300000000077,338.300000000077,9.325078587998,4722.800061911269
818.350000000077,338.350000000077,9.325010977772,4723.266314150413
818.400000000077,338.400000000077,9.324943367546,4723.732563009045
818.450000000077,338.450000000077,9.324875757319,4724.198808487167
818.500000000077,338.500000000077,9.324808147093,4724.665050584777
818.550000000077,338.550000000077,9.324740536867,4725.131289301877
818.600000000077,338.600000000077,9.324672926641,4725.597524638464
818.650000000077,338.650000000077,9.324605316414,4726.063756594540
818.700000000077,338.700000000077,9.324537706188,4726.529985170106
818.750000000077,338.750000000077,9.324470095962,4726.996210365159
818.800000000077,338.800000000077,9.324402485736,4727.462432179702
818.850000000077,338.850000000077,9.324334875509,4727.928650613732
818.900000000077,338.900000000077,9.324267265283,4728.394865667252
818.950000000077,338.950000000077,9.324199655057,4728.861077340261
819.000000000077,339.000000000077,9.324132044831,4729.327285632758
819.025000000000,339.025000000000,9.324098239718,4729.560388510597
819.050000000077,339.050000000077,9.324065273847,4729.793490555235
819.100000000077,339.100000000077,9.323999342106,4730.259692170633
819.150000000077,339.150000000077,9.323933410364,4730.725890489444
819.200000000077,339.200000000077,9.323867478623,4731.192085511670
819.250000000077,339.250000000077,9.323801546882,4731.658277237307
819.300000000077,339.300000000077,9.323735615140,4732.124465666358
819.350000000077,339.350000000077,9.323669683399,4732.590650798820
819.400000000077,339.400000000077,9.323603751658,4733.056832634697
819.450000000077,339.450000000077,9.323537819916,4733.523011173987
819.500000000077,339.500000000077,9.323471888175,4733.989186416688
819.550000000077,339.550000000077,9.323405956434,4734.455358362804
819.600000000077,339.600000000077,9.323340024693,4734.921527012331
819.650000000077,339.650000000077,9.323274092951,4735.387692365272
819.700000000077,339.700000000077,9.323208161210,4735.853854421627
819.750000000077,339.750000000077,9.323142229469,4736.320013181394
819.800000000077,339.800000000077,9.323076297727,4736.786168644574
819.850000000077,339.850000000077,9.323010365986,4737.252320811166
819.900000000077,339.900000000077,9.322944434245,4737.718469681172
819.950000000077,339.950000000077,9.322878502503,4738.184615254591
820.000000000077,340.000000000077,9.322812570762,4738.650757531423
820.025000000000,340.025000000000,9.322779604892,4738.883827432901
820.050000000077,340.050000000077,9.322747463768,4739.116896521978
820.100000000077,340.100000000077,9.322683181522,4739.583032288109
820.150000000077,340.150000000077,9.322618899275,4740.049164840128
820.200000000077,340.200000000077,9.322554617029,4740.515294178037
820.250000000077,340.250000000077,9.322490334782,4740.981420301832
820.300000000077,340.300000000077,9.322426052535,4741.447543211516
820.350000000078,340.350000000078,9.322361770289,4741.913662907095
820.400000000077,340.400000000077,9.322297488042,4742.379779388543
820.450000000077,340.450000000077,9.322233205796,4742.845892655890
820.500000000077,340.500000000077,9.322168923549,4743.312002709123
820.550000000078,340.550000000078,9.322104641303,4743.778109548253
820.600000000078,340.600000000078,9.322040359056,4744.244213173263
820.650000000077,340.650000000077,9.321976076810,4744.710313584150
820.700000000078,340.700000000078,9.321911794563,4745.176410780944
820.750000000078,340.750000000078,9.321847512316,4745.642504763616
820.800000000078,340.800000000078,9.321783230070,4746.108595532175
820.850000000078,340.850000000078,9.321718947823,4746.574683086623
820.900000000078,340.900000000078,9.321654665577,4747.040767426957
820.950000000078,340.950000000078,9.321590383330,4747.506848553180
821.000000000078,341.000000000078,9.321526101084,4747.972926465290
821.025000000000,341.025000000000,9.321493959960,4748.205964215325
821.050000000078,341.050000000078,9.321462628479,4748.439001173408
821.100000000078,341.100000000078,9.321399965516,4748.905072738258
821.150000000078,341.150000000078,9.321337302553,4749.371141169960
821.200000000078,341.200000000078,9.321274639590,4749.837206468514
821.250000000078,341.250000000078,9.321211976627,4750.303268633918
821.300000000078,341.300000000078,9.321149313663,4750.769327666175
821.350000000078,341.350000000078,9.321086650700,4751.235383565285
821.400000000078,341.400000000078,9.321023987737,4751.701436331246
821.450000000078,341.450000000078,9.320961324774,4752.167485964059
821.500000000078,341.500000000078,9.320898661811,4752.633532463723
821.550000000078,341.550000000078,9.320835998848,4753.099575830239
821.600000000078,341.600000000078,9.320773335885,4753.565616063608
821.650000000078,341.650000000078,9.320710672922,4754.031653163828
821.700000000078,341.700000000078,9.320648009959,4754.497687130901
821.750000000078,341.750000000078,9.320585346996,4754.963717964824
821.800000000078,341.800000000078,9.320522684032,4755.429745665600
821.850000000078,341.850000000078,9.320460021069,4755.895770233227
821.900000000078,341.900000000078,9.320397358106,4756.361791667706
821.950000000078,341.950000000078,9.320334695143,4756.827809969038
822.000000000078,342.000000000078,9.320272032180,4757.293825137221
822.025000000000,342.025000000000,9.320240700699,4757.526831545654
822.050000000078,342.050000000078,9.320210163599,4757.759837182185
822.100000000078,342.100000000078,9.320149089399,4758.225846163511
822.150000000078,342.150000000078,9.320088015199,4758.691852091126
822.200000000078,342.200000000078,9.320026941000,4759.157854965031
822.250000000078,342.250000000078,9.319965866800,4759.623854785225
822.300000000078,342.300000000078,9.319904792600,4760.089851551710
822.350000000078,342.350000000078,9.319843718401,4760.555845264485
822.400000000078,342.400000000078,9.319782644201,4761.021835923550
822.450000000078,342.450000000078,9.319721570001,4761.487823528906
822.500000000078,342.500000000078,9.319660495802,4761.953808080551
822.550000000078,342.550000000078,9.319599421602,4762.419789578486
822.600000000078,342.600000000078,9.319538347402,4762.885768022711
822.650000000078,342.650000000078,9.319477273203,4763.351743413225
822.700000000078,342.700000000078,9.319416199003,4763.817715750031
822.750000000078,342.750000000078,9.319355124803,4764.283685033126
822.800000000078,342.800000000078,9.319294050604,4764.749651262510
822.850000000078,342.850000000078,9.319232976404,4765.215614438186
822.900000000078,342.900000000078,9.319171902204,4765.681574560151
822.950000000078,342.950000000078,9.319110828005,4766.147531628407
823.000000000078,343.000000000078,9.319049753805,4766.613485642952
823.025000000000,343.025000000000,9.319019216705,4766.846461504356
823.050000000078,343.050000000078,9.318989458704,4767.079436613525
823.100000000078,343.100000000078,9.318929942703,4767.545384598561
823.150000000078,343.150000000078,9.318870426701,4768.011329607796
823.200000000078,343.200000000078,9.318810910700,4768.477271641232
823.250000000078,343.250000000078,9.318751394698,4768.943210698866
823.300000000078,343.300000000078,9.318691878697,4769.409146780700
823.350000000078,343.350000000078,9.318632362696,4769.875079886736
823.400000000078,343.400000000078,9.318572846694,4770.341010016970
823.450000000078,343.450000000078,9.318513330693,4770.806937171405
823.500000000078,343.500000000078,9.318453814691,4771.272861350039
823.550000000078,343.550000000078,9.318394298690,4771.738782552873
823.600000000078,343.600000000078,9.318334782688,4772.204700779908
823.650000000078,343.650000000078,9.318275266687,4772.670616031142
823.700000000078,343.700000000078,9.318215750685,4773.136528306577
823.750000000078,343.750000000078,9.318156234684,4773.602437606211
823.800000000078,343.800000000078,9.318096718682,4774.068343930045
823.850000000078,343.850000000078,9.318037202681,4774.534247278079
823.900000000078,343.900000000078,9.317977686680,4775.000147650313
823.950000000078,343.950000000078,9.317918170678,4775.466045046747
824.000000000078,344.000000000078,9.317858654677,4775.931939467380
824.025000000000,344.025000000000,9.317828896676,4776.164885561046
824.050000000078,344.050000000078,9.317799902552,4776.397830921763
824.100000000078,344.100000000078,9.317741914304,4776.863719467185
824.150000000078,344.150000000078,9.317683926056,4777.329605113193
824.200000000078,344.200000000078,9.317625937808,4777.795487859790
824.250000000078,344.250000000078,9.317567949560,4778.261367706974
824.300000000078,344.300000000078,9.317509961312,4778.727244654745
824.350000000078,344.350000000078,9.317451973064,4779.193118703105
824.400000000078,344.400000000078,9.317393984816,4779.658989852051
824.450000000078,344.450000000078,9.317335996567,4780.124858101587
824.500000000078,344.500000000078,9.317278008319,4780.590723451709
824.550000000078,344.550000000078,9.317220020071,4781.056585902418
824.600000000078,344.600000000078,9.317162031823,4781.522445453717
824.650000000078,344.650000000078,9.317104043575,4781.988302105601
824.700000000078,344.700000000078,9.317046055327,4782.454155858074
824.750000000078,344.750000000078,9.316988067079,4782.920006711134
824.800000000078,344.800000000078,9.316930078831,4783.385854664782
824.850000000078,344.850000000078,9.316872090583,4783.851699719017
824.900000000078,344.900000000078,9.316814102335,4784.317541873840
824.950000000078,344.950000000078,9.316756114087,4784.783381129251
825.000000000078,345.000000000078,9.316698125839,4785.249217485249
825.025000000000,345.025000000000,9.316669131715,4785.482134575242
825.050000000078,345.050000000078,9.316640886325,4785.715050951194
825.100000000078,345.100000000078,9.316584395546,4786.180881583241
825.150000000078,345.150000000078,9.316527904767,4786.646709390749
825.200000000078,345.200000000078,9.316471413988,4787.112534373719
825.250000000078,345.250000000078,9.316414923210,4787.578356532148
825.300000000078,345.300000000078,9.316358432431,4788.044175866039
825.350000000079,345.350000000079,9.316301941652,4788.509992375401
825.400000000078,345.400000000078,9.316245450873,4788.975806060204
825.450000000078,345.450000000078,9.316188960094,4789.441616920479
825.500000000078,345.500000000078,9.316132469315,4789.907424956214
825.550000000079,345.550000000079,9.316075978536,4790.373230167419
825.600000000079,345.600000000079,9.316019487757,4790.839032554077
825.650000000078,345.650000000078,9.315962996978,4791.304832116185
825.700000000079,345.700000000079,9.315906506199,4791.770628853774
825.750000000079,345.750000000079,9.315850015420,4792.236422766815
825.800000000079,345.800000000079,9.315793524641,4792.702213855316
825.850000000079,345.850000000079,9.315737033862,4793.168002119279
825.900000000079,345.900000000079,9.315680543083,4793.633787558702
825.950000000079,345.950000000079,9.315624052304,4794.099570173586
826.000000000079,346.000000000079,9.315567561525,4794.565349963933
826.025000000000,346.025000000000,9.315539316135,4794.798238799168
826.050000000079,346.050000000079,9.315511804593,4795.031126938913
826.100000000079,346.100000000079,9.315456781508,4795.496901153566
826.150000000079,346.150000000079,9.315401758423,4795.962672617064
826.200000000079,346.200000000079,9.315346735338,4796.428441329407
826.250000000079,346.250000000079,9.315291712254,4796.894207290597
826.300000000079,346.300000000079,9.315236689169,4797.359970500633
826.350000000079,346.350000000079,9.315181666084,4797.825730959515
826.400000000079,346.400000000079,9.315126642999,4798.291488667242
826.450000000079,346.450000000079,9.315071619914,4798.757243623814
826.500000000079,346.500000000079,9.315016596829,4799.222995829234
826.550000000079,346.550000000079,9.314961573744,4799.688745283498
826.600000000079,346.600000000079,9.314906550660,4800.154491986609
826.650000000079,346.650000000079,9.314851527575,4800.620235938564
826.700000000079,346.700000000079,9.314796504490,4801.085977139365
826.750000000079,346.750000000079,9.314741481405,4801.551715589013
826.800000000079,346.800000000079,9.314686458320,4802.017451287506
826.850000000079,346.850000000079,9.314631435236,4802.483184234845
826.900000000079,346.900000000079,9.314576412151,4802.948914431029
826.950000000079,346.950000000079,9.314521389066,4803.414641876059
827.000000000079,347.000000000079,9.314466365981,4803.880366569936
827.025000000000,347.025000000000,9.314438854439,4804.113227884455
827.050000000079,347.050000000079,9.314412062067,4804.346088521647
827.100000000079,347.100000000079,9.314358477324,4804.811807785132
827.150000000079,347.150000000079,9.314304892581,4805.277524369380
827.200000000079,347.200000000079,9.314251307837,4805.743238274389
827.250000000079,347.250000000079,9.314197723094,4806.208949500163
827.300000000079,347.300000000079,9.314144138351,4806.674658046699
827.350000000079,347.350000000079,9.314090553608,4807.140363913998
827.400000000079,347.400000000079,9.314036968864,4807.606067102060
827.450000000079,347.450000000079,9.313983384121,4808.071767610883
827.500000000079,347.500000000079,9.313929799378,4808.537465440471
827.550000000079,347.550000000079,9.313876214635,4809.003160590822
827.600000000079,347.600000000079,9.313822629891,4809.468853061935
827.650000000079,347.650000000079,9.313769045148,4809.934542853811
827.700000000079,347.700000000079,9.313715460405,4810.400229966449
827.750000000079,347.750000000079,9.313661875662,4810.865914399851
827.800000000079,347.800000000079,9.313608290919,4811.331596154016
827.850000000079,347.850000000079,9.313554706175,4811.797275228943
827.900000000079,347.900000000079,9.313501121432,4812.262951624633
827.950000000079,347.950000000079,9.313447536689,4812.728625341086
828.000000000079,348.000000000079,9.313393951946,4813.194296378302
828.025000000000,348.025000000000,9.313367159574,4813.427130891460
828.050000000079,348.050000000079,9.313341071916,4813.659964745089
828.100000000079,348.100000000079,9.313288896601,4814.125630494303
828.150000000079,348.150000000079,9.313236721285,4814.591293634749
828.200000000079,348.200000000079,9.313184545970,4815.056954166431
828.250000000079,348.250000000079,9.313132370655,4815.522612089347
828.300000000079,348.300000000079,9.313080195339,4815.988267403496
828.350000000079,348.350000000079,9.313028020024,4816.453920108881
828.400000000079,348.400000000079,9.312975844708,4816.919570205499
828.450000000079,348.450000000079,9.312923669393,4817.385217693351
828.500000000079,348.500000000079,9.312871494078,4817.850862572438
828.550000000079,348.550000000079,9.312819318762,4818.316504842758
828.600000000079,348.600000000079,9.312767143447,4818.782144504314
828.650000000079,348.650000000079,9.312714968131,4819.247781557103
828.700000000079,348.700000000079,9.312662792816,4819.713416001126
828.750000000079,348.750000000079,9.312610617500,4820.179047836385
828.800000000079,348.800000000079,9.312558442185,4820.644677062876
828.850000000079,348.850000000079,9.312506266870,4821.110303680603
828.900000000079,348.900000000079,9.312454091554,4821.575927689563
828.950000000079,348.950000000079,9.312401916239,4822.041549089758
829.000000000079,349.000000000079,9.312349740923,4822.507167881187
829.025000000000,349.025000000000,9.312323653266,4822.739976297878
829.050000000079,349.050000000079,9.312298256107,4822.972784072481
829.100000000079,349.100000000079,9.312247461789,4823.438397715429
829.150000000080,349.150000000080,9.312196667472,4823.904008818670
829.200000000079,349.200000000079,9.312145873154,4824.369617382176
829.250000000079,349.250000000079,9.312095078837,4824.835223405977
829.300000000079,349.300000000079,9.312044284519,4825.300826890060
829.350000000080,349.350000000080,9.311993490202,4825.766427834437
829.400000000080,349.400000000080,9.311942695884,4826.232026239090
829.450000000079,349.450000000079,9.311891901567,4826.697622104017
829.500000000080,349.500000000080,9.311841107249,4827.163215429247
829.550000000080,349.550000000080,9.311790312931,4827.628806214751
829.600000000080,349.600000000080,9.311739518614,4828.094394460540
829.650000000080,349.650000000080,9.311688724296,4828.559980166613
829.700000000080,349.700000000080,9.311637929979,4829.025563332970
829.750000000080,349.750000000080,9.311587135661,4829.491143959612
829.800000000080,349.800000000080,9.311536341344,4829.956722046536
829.850000000080,349.850000000080,9.311485547026,4830.422297593745
829.900000000080,349.900000000080,9.311434752709,4830.887870601238
829.950000000080,349.950000000080,9.311383958391,4831.353441069015
830.000000000080,350.000000000080,9.311333164073,4831.819008997078
830.025000000000,350.025000000000,9.311307766915,4832.051792007969
830.050000000080,350.050000000080,9.311283046346,4832.284574393880
830.100000000080,350.100000000080,9.311233605210,4832.750137310169
830.150000000080,350.150000000080,9.311184164074,4833.215697754401
830.200000000080,350.200000000080,9.311134722938,4833.681255726576
830.250000000080,350.250000000080,9.311085281801,4834.146811226695
830.300000000080,350.300000000080,9.311035840665,4834.612364254756
830.350000000080,350.350000000080,9.310986399529,4835.077914810760
830.400000000080,350.400000000080,9.310936958392,4835.543462894709
830.450000000080,350.450000000080,9.310887517256,4836.009008506599
830.500000000080,350.500000000080,9.310838076120,4836.474551646435
830.550000000080,350.550000000080,9.310788634983,4836.940092314212
830.600000000080,350.600000000080,9.310739193847,4837.405630509932
830.650000000080,350.650000000080,9.310689752711,4837.871166233596
830.700000000080,350.700000000080,9.310640311575,4838.336699485203
830.750000000080,350.750000000080,9.310590870438,4838.802230264754
830.800000000080,350.800000000080,9.310541429302,4839.267758572248
830.850000000080,350.850000000080,9.310491988166,4839.733284407684
830.900000000080,350.900000000080,9.310442547029,4840.198807771064
830.950000000080,350.950000000080,9.310393105893,4840.664328662387
831.000000000080,351.000000000080,9.310343664757,4841.129847081654
831.025000000000,351.025000000000,9.310318944189,4841.362605363520
831.050000000080,351.050000000080,9.310294886623,4841.595363037150
831.100000000080,351.100000000080,9.310246771491,4842.060876578602
831.150000000080,351.150000000080,9.310198656358,4842.526387714299
831.200000000080,351.200000000080,9.310150541226,4842.991896444238
831.250000000080,351.250000000080,9.310102426094,4843.457402768421
831.300000000080,351.300000000080,9.310054310962,4843.922906686847
831.350000000080,351.350000000080,9.310006195830,4844.388408199517
831.400000000080,351.400000000080,9.309958080698,4844.853907306430
831.450000000080,351.450000000080,9.309909965566,4845.319404007587
831.500000000080,351.500000000080,9.309861850434,4845.784898302987
831.550000000080,351.550000000080,9.309813735302,4846.250390192630
831.600000000080,351.600000000080,9.309765620170,4846.715879676517
831.650000000080,351.650000000080,9.309717505038,4847.181366754648
831.700000000080,351.700000000080,9.309669389905,4847.646851427021
831.750000000080,351.750000000080,9.309621274773,4848.112333693639
831.800000000080,351.800000000080,9.309573159641,4848.577813554499
831.850000000080,351.850000000080,9.309525044509,4849.043291009602
831.900000000080,351.900000000080,9.309476929377,4849.508766058951
831.950000000080,351.950000000080,9.309428814245,4849.974238702541
832.000000000080,352.000000000080,9.309380699113,4850.439708940376
832.025000000000,352.025000000000,9.309356641547,4850.672443156389
832.050000000080,352.050000000080,9.309333233696,4850.905176780574
832.100000000080,352.100000000080,9.309286417995,4851.370642271866
832.150000000080,352.150000000080,9.309239602294,4851.836105422374
832.200000000080,352.200000000080,9.309192786592,4852.301566232096
832.250000000080,352.250000000080,9.309145970891,4852.767024701034
832.300000000080,352.300000000080,9.309099155190,4853.232480829185
832.350000000080,352.350000000080,9.309052339488,4853.697934616552
832.400000000080,352.400000000080,9.309005523787,4854.163386063135
832.450000000080,352.450000000080,9.308958708086,4854.628835168931
832.500000000080,352.500000000080,9.308911892385,4855.094281933943
832.550000000080,352.550000000080,9.308865076683,4855.559726358169
832.600000000080,352.600000000080,9.308818260982,4856.025168441611
832.650000000080,352.650000000080,9.308771445281,4856.490608184268
832.700000000080,352.700000000080,9.308724629579,4856.956045586139
832.750000000080,352.750000000080,9.308677813878,4857.421480647226
832.800000000080,352.800000000080,9.308630998177,4857.886913367527
832.850000000080,352.850000000080,9.308584182475,4858.352343747043
832.900000000080,352.900000000080,9.308537366774,4858.817771785775
832.950000000080,352.950000000080,9.308490551073,4859.283197483721
833.000000000080,353.000000000080,9.308443735371,4859.748620840883
833.025000000000,353.025000000000,9.308420327521,4859.981331640924
833.050000000080,353.050000000080,9.308397556214,4860.214041865215
833.100000000080,353.100000000080,9.308352013601,4860.679460604460
833.150000000080,353.150000000080,9.308306470988,4861.144877066576
833.200000000080,353.200000000080,9.308260928375,4861.610291251559
833.250000000080,353.250000000080,9.308215385762,4862.075703159413
833.300000000080,353.300000000080,9.308169843149,4862.541112790135
833.350000000080,353.350000000080,9.308124300536,4863.006520143727
833.400000000080,353.400000000080,9.308078757923,4863.471925220189
833.450000000080,353.450000000080,9.308033215310,4863.937328019520
833.500000000080,353.500000000080,9.307987672697,4864.402728541721
833.550000000080,353.550000000080,9.307942130084,4864.868126786790
833.600000000080,353.600000000080,9.307896587471,4865.333522754728
833.650000000080,353.650000000080,9.307851044858,4865.798916445537
833.700000000080,353.700000000080,9.307805502245,4866.264307859214
833.750000000080,353.750000000080,9.307759959632,4866.729696995762
833.800000000080,353.800000000080,9.307714417019,4867.195083855177
833.850000000080,353.850000000080,9.307668874406,4867.660468437462
833.900000000080,353.900000000080,9.307623331793,4868.125850742618
833.950000000080,353.950000000080,9.307577789180,4868.591230770642
834.000000000080,354.000000000080,9.307532246567,4869.056608521537
834.025000000000,354.025000000000,9.307509475261,4869.289296542314
834.050000000080,354.050000000080,9.307487324437,4869.521984003055
834.100000000080,354.100000000080,9.307443022789,4869.987357261735
834.150000000081,354.150000000081,9.307398721141,4870.452728305344
834.200000000080,354.200000000080,9.307354419493,4870.918097133850
834.250000000080,354.250000000080,9.307310117845,4871.383463747284
834.300000000080,354.300000000080,9.307265816197,4871.848828145634
834.350000000081,354.350000000081,9.307221514549,4872.314190328912
834.400000000081,354.400000000081,9.307177212901,4872.779550297098
834.450000000080,354.450000000080,9.307132911253,4873.244908050192
834.500000000081,354.500000000081,9.307088609605,4873.710263588223
834.550000000081,354.550000000081,9.307044307957,4874.175616911162
834.600000000081,354.600000000081,9.307000006309,4874.640968019018
834.650000000081,354.650000000081,9.306955704661,4875.106316911793
834.700000000081,354.700000000081,9.306911403013,4875.571663589485
834.750000000081,354.750000000081,9.306867101365,4876.037008052094
834.800000000081,354.800000000081,9.306822799717,4876.502350299622
834.850000000081,354.850000000081,9.306778498069,4876.967690332066
834.900000000081,354.900000000081,9.306734196421,4877.433028149429
834.950000000081,354.950000000081,9.306689894773,4877.898363751708
835.000000000081,355.000000000081,9.306645593125,4878.363697138905
835.025000000000,355.025000000000,9.306623442301,4878.596363001095
835.050000000081,355.050000000081,9.306601899550,4878.829028318622
835.100000000081,355.100000000081,9.306558814047,4879.294357336461
835.150000000081,355.150000000081,9.306515728545,4879.759684200027
835.200000000081,355.200000000081,9.306472643043,4880.225008909316
835.250000000081,355.250000000081,9.306429557541,4880.690331464330
835.300000000081,355.300000000081,9.306386472039,4881.155651865070
835.350000000081,355.350000000081,9.306343386536,4881.620970111534
835.400000000081,355.400000000081,9.306300301034,4882.086286203724
835.450000000081,355.450000000081,9.306257215532,4882.551600141637
835.500000000081,355.500000000081,9.306214130030,4883.016911925276
835.550000000081,355.550000000081,9.306171044528,4883.482221554640
835.600000000081,355.600000000081,9.306127959025,4883.947529029729
835.650000000081,355.650000000081,9.306084873523,4884.412834350543
835.700000000081,355.700000000081,9.306041788021,4884.878137517081
835.750000000081,355.750000000081,9.305998702519,4885.343438529344
835.800000000081,355.800000000081,9.305955617017,4885.808737387333
835.850000000081,355.850000000081,9.305912531514,4886.274034091046
835.900000000081,355.900000000081,9.305869446012,4886.739328640485
835.950000000081,355.950000000081,9.305826360510,4887.204621035648
836.000000000081,356.000000000081,9.305783275008,4887.669911276535
836.025000000000,356.025000000000,9.305761732257,4887.902555588373
836.050000000081,356.050000000081,9.305740786501,4888.135199370611
836.100000000081,356.100000000081,9.305698894989,4888.600485362648
836.150000000081,356.150000000081,9.305657003477,4889.065769260111
836.200000000081,356.200000000081,9.305615111965,4889.531051062996
836.250000000081,356.250000000081,9.305573220454,4889.996330771306
836.300000000081,356.300000000081,9.305531328942,4890.461608385041
836.350000000081,356.350000000081,9.305489437430,4890.926883904201
836.400000000081,356.400000000081,9.305447545918,4891.392157328785
836.450000000081,356.450000000081,9.305405654406,4891.857428658793
836.500000000081,356.500000000081,9.305363762895,4892.322697894225
836.550000000081,356.550000000081,9.305321871383,4892.787965035082
836.600000000081,356.600000000081,9.305279979871,4893.253230081364
836.650000000081,356.650000000081,9.305238088359,4893.718493033070
836.700000000081,356.700000000081,9.305196196847,4894.183753890200
836.750000000081,356.750000000081,9.305154305336,4894.649012652754
836.800000000081,356.800000000081,9.305112413824,4895.114269320734
836.850000000081,356.850000000081,9.305070522312,4895.579523894137
836.900000000081,356.900000000081,9.305028630800,4896.044776372965
836.950000000081,356.950000000081,9.304986739288,4896.510026757217
837.000000000081,357.000000000081,9.304944847777,4896.975275046893
837.025000000000,357.025000000000,9.304923902021,4897.207898405512
837.050000000081,357.050000000081,9.304903542157,4897.440521249318
837.100000000081,357.100000000081,9.304862822431,4897.905765408433
837.150000000081,357.150000000081,9.304822102704,4898.371007531562
837.200000000081,357.200000000081,9.304781382978,4898.836247618704
837.250000000081,357.250000000081,9.304740663251,4899.301485669859
837.300000000081,357.300000000081,9.304699943525,4899.766721685030
837.350000000081,357.350000000081,9.304659223798,4900.231955664212
837.400000000081,357.400000000081,9.304618504071,4900.697187607409
837.450000000081,357.450000000081,9.304577784345,4901.162417514620
837.500000000081,357.500000000081,9.304537064618,4901.627645385844
837.550000000081,357.550000000081,9.304496344892,4902.092871221082
837.600000000081,357.600000000081,9.304455625165,4902.558095020333
837.650000000081,357.650000000081,9.304414905439,4903.023316783599
837.700000000081,357.700000000081,9.304374185712,4903.488536510877
837.750000000081,357.750000000081,9.304333465985,4903.953754202169
837.800000000081,357.800000000081,9.304292746259,4904.418969857476
837.850000000081,357.850000000081,9.304252026532,4904.884183476795
837.900000000081,357.900000000081,9.304211306806,4905.349395060129
837.950000000082,357.950000000082,9.304170587079,4905.814604607485
838.000000000081,358.000000000081,9.304129867353,4906.279812118836
838.025000000000,358.025000000000,9.304109507489,4906.512415110268
838.050000000081,358.050000000081,9.304089722367,4906.745017601395
838.100000000081,358.100000000081,9.304050152121,4907.210221098258
838.150000000082,358.150000000082,9.304010581875,4907.675422616617
838.200000000082,358.200000000082,9.303971011629,4908.140622156455
838.250000000081,358.250000000081,9.303931441383,4908.605819717770
838.300000000082,358.300000000082,9.303891871138,4909.071015300593
838.350000000082,358.350000000082,9.303852300892,4909.536208904893
838.400000000082,358.400000000082,9.303812730646,4910.001400530681
838.450000000082,358.450000000082,9.303773160400,4910.466590177958
838.500000000082,358.500000000082,9.303733590155,4910.931777846721
838.550000000082,358.550000000082,9.303694019909,4911.396963536973
838.600000000082,358.600000000082,9.303654449663,4911.862147248712
838.650000000082,358.650000000082,9.303614879417,4912.327328981939
838.700000000082,358.700000000082,9.303575309171,4912.792508736655
838.750000000082,358.750000000082,9.303535738926,4913.257686512857
838.800000000082,358.800000000082,9.303496168680,4913.722862310547
838.850000000082,358.850000000082,9.303456598434,4914.188036129725
838.900000000082,358.900000000082,9.303417028188,4914.653207970390
838.950000000082,358.950000000082,9.303377457943,4915.118377832544
839.000000000082,359.000000000082,9.303337887697,4915.583545716185
839.025000000000,359.025000000000,9.303318102574,4915.816128915300
839.050000000082,359.050000000082,9.303298881288,4916.048711628362
839.100000000082,359.100000000082,9.303260438716,4916.513875611362
839.150000000082,359.150000000082,9.303221996144,4916.979037672233
839.200000000082,359.200000000082,9.303183553572,4917.444197810976
839.250000000082,359.250000000082,9.303145111000,4917.909356027590
839.300000000082,359.300000000082,9.303106668428,4918.374512322076
839.350000000082,359.350000000082,9.303068225856,4918.839666694433
839.400000000082,359.400000000082,9.303029783284,4919.304819144661
839.450000000082,359.450000000082,9.302991340711,4919.769969672761
839.500000000082,359.500000000082,9.302952898139,4920.235118278732
839.550000000082,359.550000000082,9.302914455567,4920.700264962576
839.600000000082,359.600000000082,9.302876012995,4921.165409724289
839.650000000082,359.650000000082,9.302837570423,4921.630552563875
839.700000000082,359.700000000082,9.302799127851,4922.095693481332
839.750000000082,359.750000000082,9.302760685279,4922.560832476660
839.800000000082,359.800000000082,9.302722242707,4923.025969549860
839.850000000082,359.850000000082,9.302683800135,4923.491104700931
839.900000000082,359.900000000082,9.302645357563,4923.956237929873
839.950000000082,359.950000000082,9.302606914991,4924.421369236687
840.000000000082,360.000000000082,9.302568472419,4924.886498621372
840.025000000000,360.025000000000,9.302549251133,4925.119062592154
840.050000000082,360.050000000082,9.302530582967,4925.351626090843
840.100000000082,360.100000000082,9.302493246635,4925.816751686582
840.150000000082,360.150000000082,9.302455910302,4926.281875415505
840.200000000082,360.200000000082,9.302418573970,4926.746997277613
840.250000000082,360.250000000082,9.302381237638,4927.212117272902
840.300000000082,360.300000000082,9.302343901306,4927.677235401376
840.350000000082,360.350000000082,9.302306564973,4928.142351663033
840.400000000082,360.400000000082,9.302269228641,4928.607466057873
840.450000000082,360.450000000082,9.302231892309,4929.072578585898
840.500000000082,360.500000000082,9.302194555977,4929.537689247104
840.550000000082,360.550000000082,9.302157219644,4930.002798041495
840.600000000082,360.600000000082,9.302119883312,4930.467904969069
840.650000000082,360.650000000082,9.302082546980,4930.933010029826
840.700000000082,360.700000000082,9.302045210648,4931.398113223767
840.750000000082,360.750000000082,9.302007874315,4931.863214550891
840.800000000082,360.800000000082,9.301970537983,4932.328314011199
840.850000000082,360.850000000082,9.301933201651,4932.793411604689
840.900000000082,360.900000000082,9.301895865319,4933.258507331363
840.950000000082,360.950000000082,9.301858528986,4933.723601191221
841.000000000082,361.000000000082,9.301821192654,4934.188693184262
841.025000000000,361.025000000000,9.301802524488,4934.421238479964
841.050000000082,361.050000000082,9.301784398129,4934.653783317260
841.100000000082,361.100000000082,9.301748145410,4935.118871630848
841.150000000082,361.150000000082,9.301711892691,4935.583958131801
841.200000000082,361.200000000082,9.301675639973,4936.049042820117
841.250000000082,361.250000000082,9.301639387254,4936.514125695798
841.300000000082,361.300000000082,9.301603134536,4936.979206758843
841.350000000082,361.350000000082,9.301566881817,4937.444286009251
841.400000000082,361.400000000082,9.301530629098,4937.909363447024
841.450000000082,361.450000000082,9.301494376380,4938.374439072161
841.500000000082,361.500000000082,9.301458123661,4938.839512884662
841.550000000082,361.550000000082,9.301421870942,4939.304584884528
841.600000000082,361.600000000082,9.301385618224,4939.769655071756
841.650000000082,361.650000000082,9.301349365505,4940.234723446350
841.700000000082,361.700000000082,9.301313112787,4940.699790008308
841.750000000082,361.750000000082,9.301276860068,4941.164854757629
841.800000000082,361.800000000082,9.301240607349,4941.629917694315
841.850000000082,361.850000000082,9.301204354631,4942.094978818364
841.900000000082,361.900000000082,9.301168101912,4942.560038129777
841.950000000082,361.950000000082,9.301131849194,4943.025095628555
842.000000000082,362.000000000082,9.301095596475,4943.490151314697
842.025000000000,362.025000000000,9.301077470116,4943.722678477267
842.050000000082,362.050000000082,9.301059876160,4943.955205194859
842.100000000082,362.100000000082,9.301024688249,4944.420257308969
842.150000000082,362.150000000082,9.300989500338,4944.885307663683
842.200000000082,362.200000000082,9.300954312427,4945.350356259003
842.250000000082,362.250000000082,9.300919124517,4945.815403094926
842.300000000082,362.300000000082,9.300883936606,4946.280448171455
842.350000000082,362.350000000082,9.300848748695,4946.745491488587
842.400000000082,362.400000000082,9.300813560784,4947.210533046323
842.450000000082,362.450000000082,9.300778372873,4947.675572844665
842.500000000082,362.500000000082,9.300743184962,4948.140610883611
842.550000000082,362.550000000082,9.300707997051,4948.605647163162
842.600000000082,362.600000000082,9.300672809140,4949.070681683316
842.650000000082,362.650000000082,9.300637621229,4949.535714444075
842.700000000082,362.700000000082,9.300602433318,4950.000745445439
842.750000000082,362.750000000082,9.300567245407,4950.465774687406
842.800000000082,362.800000000082,9.300532057496,4950.930802169980
842.850000000082,362.850000000082,9.300496869586,4951.395827893157
842.900000000082,362.900000000082,9.300461681675,4951.860851856938
842.950000000083,362.950000000083,9.300426493764,4952.325874061335
843.000000000082,363.000000000082,9.300391305853,4952.790894506315
843.025000000000,363.025000000000,9.300373711897,4953.023404068274
843.050000000082,363.050000000082,9.300356639272,4953.255913198427
843.100000000082,363.100000000082,9.300322494021,4953.720930176759
843.150000000083,363.150000000083,9.300288348771,4954.185945447838
843.200000000083,363.200000000083,9.300254203520,4954.650959011646
843.250000000082,363.250000000082,9.300220058270,4955.115970868181
843.300000000083,363.300000000083,9.300185913019,4955.580981017472
843.350000000083,363.350000000083,9.300151767768,4956.045989459492
843.400000000083,363.400000000083,9.300117622518,4956.510996194249
843.450000000083,363.450000000083,9.300083477267,4956.976001221744
843.500000000083,363.500000000083,9.300049332016,4957.441004541975
843.550000000083,363.550000000083,9.300015186766,4957.906006154944
843.600000000083,363.600000000083,9.299981041515,4958.371006060652
843.650000000083,363.650000000083,9.299946896265,4958.836004259096
843.700000000083,363.700000000083,9.299912751014,4959.301000750278
843.750000000083,363.750000000083,9.299878605763,4959.765995534197
843.800000000083,363.800000000083,9.299844460513,4960.230988610853
843.850000000083,363.850000000083,9.299810315262,4960.695979980248
843.900000000083,363.900000000083,9.299776170012,4961.160969642379
843.950000000083,363.950000000083,9.299742024761,4961.625957597249
844.000000000083,364.000000000083,9.299707879510,4962.090943844855
844.025000000000,364.025000000000,9.299690806885,4962.323436327663
844.050000000083,364.050000000083,9.299674246553,4962.555928391603
844.100000000083,364.100000000083,9.299641125890,4963.020911275915
844.150000000083,364.150000000083,9.299608005226,4963.485892504193
844.200000000083,364.200000000083,9.299574884563,4963.950872076438
844.250000000083,364.250000000083,9.299541763900,4964.415849992649
844.300000000083,364.300000000083,9.299508643236,4964.880826252826
844.350000000083,364.350000000083,9.299475522573,4965.345800856972
844.400000000083,364.400000000083,9.299442401909,4965.810773805084
844.450000000083,364.450000000083,9.299409281246,4966.275745097163
844.500000000083,364.500000000083,9.299376160583,4966.740714733209
844.550000000083,364.550000000083,9.299343039919,4967.205682713221
844.600000000083,364.600000000083,9.299309919256,4967.670649037201
844.650000000083,364.650000000083,9.299276798592,4968.135613705146
844.700000000083,364.700000000083,9.299243677929,4968.600576717060
844.750000000083,364.750000000083,9.299210557266,4969.065538072939
844.800000000083,364.800000000083,9.299177436602,4969.530497772786
844.850000000083,364.850000000083,9.299144315939,4969.995455816600
844.900000000083,364.900000000083,9.299111195275,4970.460412204380
844.950000000083,364.950000000083,9.299078074612,4970.925366936128
845.000000000083,365.000000000083,9.299044953949,4971.390320011841
845.025000000000,365.025000000000,9.299028393617,4971.622795927914
845.050000000083,365.050000000083,9.299012335617,4971.855271437801
845.100000000083,365.100000000083,9.298980219617,4972.320221251683
845.150000000083,365.150000000083,9.298948103617,4972.785169459763
845.200000000083,365.200000000083,9.298915987617,4973.250116062044
845.250000000083,365.250000000083,9.298883871617,4973.715061058524
845.300000000083,365.300000000083,9.298851755617,4974.180004449205
845.350000000083,365.350000000083,9.298819639617,4974.644946234086
845.400000000083,365.400000000083,9.298787523617,4975.109886413166
845.450000000083,365.450000000083,9.298755407617,4975.574824986448
845.500000000083,365.500000000083,9.298723291617,4976.039761953929
845.550000000083,365.550000000083,9.298691175617,4976.504697315610
845.600000000083,365.600000000083,9.298659059616,4976.969631071491
845.650000000083,365.650000000083,9.298626943616,4977.434563221571
845.700000000083,365.700000000083,9.298594827616,4977.899493765853
845.750000000083,365.750000000083,9.298562711616,4978.364422704333
845.800000000083,365.800000000083,9.298530595616,4978.829350037014
845.850000000083,365.850000000083,9.298498479616,4979.294275763895
845.900000000083,365.900000000083,9.298466363616,4979.759199884975
845.950000000083,365.950000000083,9.298434247616,4980.224122400256
846.000000000083,366.000000000083,9.298402131616,4980.689043309737
846.025000000000,366.025000000000,9.298386073616,4980.921503161530
846.050000000083,366.050000000083,9.298370508338,4981.153962619576
846.100000000083,366.100000000083,9.298339377781,4981.618880366730
846.150000000083,366.150000000083,9.298308247225,4982.083796557355
846.200000000083,366.200000000083,9.298277116668,4982.548711191453
846.250000000083,366.250000000083,9.298245986112,4983.013624269021
846.300000000083,366.300000000083,9.298214855556,4983.478535790063
846.350000000083,366.350000000083,9.298183724999,4983.943445754578
846.400000000083,366.400000000083,9.298152594443,4984.408354162563
846.450000000083,366.450000000083,9.298121463886,4984.873261014022
846.500000000083,366.500000000083,9.298090333330,4985.338166308952
846.550000000083,366.550000000083,9.298059202773,4985.803070047355
846.600000000083,366.600000000083,9.298028072217,4986.267972229230
846.650000000083,366.650000000083,9.297996941660,4986.732872854576
846.700000000083,366.700000000083,9.297965811104,4987.197771923396
846.750000000084,366.750000000084,9.297934680547,4987.662669435696
846.800000000083,366.800000000083,9.297903549991,4988.127565391450
846.850000000083,366.850000000083,9.297872419434,4988.592459790686
846.900000000083,366.900000000083,9.297841288878,4989.057352633394
846.950000000084,366.950000000084,9.297810158322,4989.522243919583
847.000000000084,367.000000000084,9.297779027765,4989.987133649236
847.025000000000,367.025000000000,9.297763462487,4990.219577929583
847.050000000083,367.050000000083,9.297748380623,4990.452021828393
847.100000000084,367.100000000084,9.297718216896,4990.916908493341
847.150000000084,367.150000000084,9.297688053169,4991.381793650092
847.200000000084,367.200000000084,9.297657889442,4991.846677298657
847.250000000084,367.250000000084,9.297627725715,4992.311559439037
847.300000000084,367.300000000084,9.297597561988,4992.776440071229
847.350000000084,367.350000000084,9.297567398261,4993.241319195236
847.400000000084,367.400000000084,9.297537234534,4993.706196811055
847.450000000084,367.450000000084,9.297507070807,4994.171072918688
847.500000000084,367.500000000084,9.297476907080,4994.635947518136
847.550000000084,367.550000000084,9.297446743353,4995.100820609397
847.600000000084,367.600000000084,9.297416579626,4995.565692192472
847.650000000084,367.650000000084,9.297386415899,4996.030562267360
847.700000000084,367.700000000084,9.297356252172,4996.495430834061
847.750000000084,367.750000000084,9.297326088445,4996.960297892577
847.800000000084,367.800000000084,9.297295924718,4997.425163442906
847.850000000084,367.850000000084,9.297265760991,4997.890027485049
847.900000000084,367.900000000084,9.297235597264,4998.354890019005
847.950000000084,367.950000000084,9.297205433537,4998.819751044775
848.000000000084,368.000000000084,9.297175269810,4999.284610562359
848.025000000000,368.025000000000,9.297160187947,4999.517039754800
848.050000000084,368.050000000084,9.297145580397,4999.749468577686
848.100000000084,368.100000000084,9.297116365297,5000.214325126329
848.150000000084,368.150000000084,9.297087150196,5000.679180214215
848.200000000084,368.200000000084,9.297057935096,5001.144033841347
848.250000000084,368.250000000084,9.297028719996,5001.608886007724
848.300000000084,368.300000000084,9.296999504896,5002.073736713346
848.350000000084,368.350000000084,9.296970289796,5002.538585958214
848.400000000084,368.400000000084,9.296941074696,5003.003433742326
848.450000000084,368.450000000084,9.296911859595,5003.468280065683
848.500000000084,368.500000000084,9.296882644495,5003.933124928286
848.550000000084,368.550000000084,9.296853429395,5004.397968330133
848.600000000084,368.600000000084,9.296824214295,5004.862810271226
848.650000000084,368.650000000084,9.296794999195,5005.327650751563
848.700000000084,368.700000000084,9.296765784095,5005.792489771145
848.750000000084,368.750000000084,9.296736568994,5006.257327329972
848.800000000084,368.800000000084,9.296707353894,5006.722163428044
848.850000000084,368.850000000084,9.296678138794,5007.186998065362
848.900000000084,368.900000000084,9.296648923694,5007.651831241924
848.950000000084,368.950000000084,9.296619708594,5008.116662957731
849.000000000084,369.000000000084,9.296590493494,5008.581493212784
849.025000000000,369.025000000000,9.296575885944,5008.813907791746
849.050000000084,369.050000000084,9.296561743809,5009.046322012899
849.100000000084,369.100000000084,9.296533459542,5009.511149392983
849.150000000084,369.150000000084,9.296505175274,5009.975975358852
849.200000000084,369.200000000084,9.296476891006,5010.440799910509
849.250000000084,369.250000000084,9.296448606738,5010.905623047953
849.300000000084,369.300000000084,9.296420322471,5011.370444771183
849.350000000084,369.350000000084,9.296392038203,5011.835265080200
849.400000000084,369.400000000084,9.296363753935,5012.300083975003
849.450000000084,369.450000000084,9.296335469667,5012.764901455593
849.500000000084,369.500000000084,9.296307185399,5013.229717521970
849.550000000084,369.550000000084,9.296278901132,5013.694532174133
849.600000000084,369.600000000084,9.296250616864,5014.159345412084
849.650000000084,369.650000000084,9.296222332596,5014.624157235820
849.700000000084,369.700000000084,9.296194048328,5015.088967645343
849.750000000084,369.750000000084,9.296165764060,5015.553776640654
849.800000000084,369.800000000084,9.296137479793,5016.018584221750
849.850000000084,369.850000000084,9.296109195525,5016.483390388633
849.900000000084,369.900000000084,9.296080911257,5016.948195141302
849.950000000084,369.950000000084,9.296052626989,5017.412998479757
850.000000000084,370.000000000084,9.296024342721,5017.877800404000
850.025000000000,370.025000000000,9.296010200587,5018.110200835011
850.050000000084,370.050000000084,9.295996515173,5018.342600919738
850.100000000084,370.100000000084,9.295969144343,5018.807400061227
850.150000000084,370.150000000084,9.295941773513,5019.272197834172
850.200000000084,370.200000000084,9.295914402684,5019.736994238577
850.250000000084,370.250000000084,9.295887031854,5020.201789274441
850.300000000084,370.300000000084,9.295859661024,5020.666582941762
850.350000000084,370.350000000084,9.295832290195,5021.131375240544
850.400000000084,370.400000000084,9.295804919365,5021.596166170782
850.450000000084,370.450000000084,9.295777548535,5022.060955732480
850.500000000084,370.500000000084,9.295750177705,5022.525743925637
850.550000000084,370.550000000084,9.295722806876,5022.990530750250
850.600000000084,370.600000000084,9.295695436046,5023.455316206324
850.650000000084,370.650000000084,9.295668065216,5023.920100293855
850.700000000084,370.700000000084,9.295640694387,5024.384883012845
850.750000000084,370.750000000084,9.295613323557,5024.849664363293
850.800000000084,370.800000000084,9.295585952727,5025.314444345200
850.850000000084,370.850000000084,9.295558581898,5025.779222958567
850.900000000084,370.900000000084,9.295531211068,5026.244000203390
850.950000000084,370.950000000084,9.295503840238,5026.708776079672
851.000000000084,371.000000000084,9.295476469409,5027.173550587414
851.025000000000,371.025000000000,9.295462783994,5027.405937327300
851.050000000084,371.050000000084,9.295449546796,5027.638323732216
851.100000000084,371.100000000084,9.295423072401,5028.103095547696
851.150000000084,371.150000000084,9.295396598006,5028.567866039456
851.200000000084,371.200000000084,9.295370123611,5029.032635207496
851.250000000084,371.250000000084,9.295343649215,5029.497403051818
851.300000000084,371.300000000084,9.295317174820,5029.962169572418
851.350000000084,371.350000000084,9.295290700425,5030.426934769300
851.400000000084,371.400000000084,9.295264226030,5030.891698642461
851.450000000084,371.450000000084,9.295237751634,5031.356461191902
851.500000000084,371.500000000084,9.295211277239,5031.821222417624
851.550000000084,371.550000000084,9.295184802844,5032.285982319626
851.600000000084,371.600000000084,9.295158328449,5032.750740897909
851.650000000084,371.650000000084,9.295131854053,5033.215498152471
851.700000000084,371.700000000084,9.295105379658,5033.680254083313
851.750000000085,371.750000000085,9.295078905263,5034.145008690446
851.800000000084,371.800000000084,9.295052430868,5034.609761973839
851.850000000084,371.850000000084,9.295025956472,5035.074513933523
851.900000000084,371.900000000084,9.294999482077,5035.539264569486
851.950000000085,371.950000000085,9.294973007682,5036.004013881739
852.000000000085,372.000000000085,9.294946533287,5036.468761870265
852.025000000000,372.025000000000,9.294933296089,5036.701135367342
852.050000000084,372.050000000084,9.294920498804,5036.933508540558
852.100000000085,372.100000000085,9.294894904234,5037.398253925643
852.150000000085,372.150000000085,9.294869309664,5037.862998030992
852.200000000085,372.200000000085,9.294843715095,5038.327740856610
852.250000000085,372.250000000085,9.294818120525,5038.792482402501
852.300000000085,372.300000000085,9.294792525955,5039.257222668663
852.350000000085,372.350000000085,9.294766931385,5039.721961655096
852.400000000085,372.400000000085,9.294741336815,5040.186699361801
852.450000000085,372.450000000085,9.294715742245,5040.651435788777
852.500000000085,372.500000000085,9.294690147675,5041.116170936026
852.550000000085,372.550000000085,9.294664553105,5041.580904803545
852.600000000085,372.600000000085,9.294638958536,5042.045637391336
852.650000000085,372.650000000085,9.294613363966,5042.510368699399
852.700000000085,372.700000000085,9.294587769396,5042.975098727732
852.750000000085,372.750000000085,9.294562174826,5043.439827476338
852.800000000085,372.800000000085,9.294536580256,5043.904554945215
852.850000000085,372.850000000085,9.294510985686,5044.369281134363
852.900000000085,372.900000000085,9.294485391116,5044.834006043783
852.950000000085,372.950000000085,9.294459796547,5045.298729673475
853.000000000085,373.000000000085,9.294434201977,5045.763452023438
853.025000000000,373.025000000000,9.294421404692,5045.995812717731
853.050000000085,373.050000000085,9.294409039174,5046.228173099069
853.100000000085,373.100000000085,9.294384308138,5046.692892932751
853.150000000085,373.150000000085,9.294359577102,5047.157611529883
853.200000000085,373.200000000085,9.294334846066,5047.622328890462
853.250000000085,373.250000000085,9.294310115030,5048.087045014490
853.300000000085,373.300000000085,9.294285383994,5048.551759901966
853.350000000085,373.350000000085,9.294260652958,5049.016473552890
853.400000000085,373.400000000085,9.294235921923,5049.481185967263
853.450000000085,373.450000000085,9.294211190887,5049.945897145082
853.500000000085,373.500000000085,9.294186459851,5050.410607086351
853.550000000085,373.550000000085,9.294161728815,5050.875315791067
853.600000000085,373.600000000085,9.294136997779,5051.340023259231
853.650000000085,373.650000000085,9.294112266743,5051.804729490845
853.700000000085,373.700000000085,9.294087535707,5052.269434485906
853.750000000085,373.750000000085,9.294062804671,5052.734138244416
853.800000000085,373.800000000085,9.294038073635,5053.198840766373
853.850000000085,373.850000000085,9.294013342600,5053.663542051779
853.900000000085,373.900000000085,9.293988611564,5054.128242100634
853.950000000085,373.950000000085,9.293963880528,5054.592940912936
854.000000000085,374.000000000085,9.293939149492,5055.057638488687
854.025000000000,374.025000000000,9.293926783974,5055.289986812065
854.050000000085,374.050000000085,9.293914842293,5055.522334833183
854.100000000085,374.100000000085,9.293890958932,5055.987029978213
854.150000000085,374.150000000085,9.293867075570,5056.451723929076
854.200000000085,374.200000000085,9.293843192209,5056.916416685770
854.250000000085,374.250000000085,9.293819308848,5057.381108248297
854.300000000085,374.300000000085,9.293795425486,5057.845798616655
854.350000000085,374.350000000085,9.293771542125,5058.310487790844
854.400000000085,374.400000000085,9.293747658763,5058.775175770867
854.450000000085,374.450000000085,9.293723775402,5059.239862556721
854.500000000085,374.500000000085,9.293699892040,5059.704548148407
854.550000000085,374.550000000085,9.293676008679,5060.169232545925
854.600000000085,374.600000000085,9.293652125318,5060.633915749275
854.650000000085,374.650000000085,9.293628241956,5061.098597758457
854.700000000085,374.700000000085,9.293604358595,5061.563278573471
854.750000000085,374.750000000085,9.293580475233,5062.027958194317
854.800000000085,374.800000000085,9.293556591872,5062.492636620994
854.850000000085,374.850000000085,9.293532708510,5062.957313853503
854.900000000085,374.900000000085,9.293508825149,5063.421989891845
854.950000000085,374.950000000085,9.293484941788,5063.886664736018
855.000000000085,375.000000000085,9.293461058426,5064.351338386025
855.025000000000,375.025000000000,9.293449116745,5064.583674762423
855.050000000085,375.050000000085,9.293437591145,5064.816010847062
855.100000000085,375.100000000085,9.293414539943,5065.280682150339
855.150000000085,375.150000000085,9.293391488741,5065.745352301057
855.200000000085,375.200000000085,9.293368437540,5066.210021299214
855.250000000085,375.250000000085,9.293345386338,5066.674689144811
855.300000000085,375.300000000085,9.293322335136,5067.139355837848
855.350000000085,375.350000000085,9.293299283935,5067.604021378324
855.400000000085,375.400000000085,9.293276232733,5068.068685766242
855.450000000085,375.450000000085,9.293253181532,5068.533349001598
855.500000000085,375.500000000085,9.293230130330,5068.998011084395
855.550000000086,375.550000000086,9.293207079128,5069.462672014641
855.600000000085,375.600000000085,9.293184027927,5069.927331792307
855.650000000085,375.650000000085,9.293160976725,5070.391990417424
855.700000000085,375.700000000085,9.293137925523,5070.856647889979
855.750000000086,375.750000000086,9.293114874322,5071.321304209984
855.800000000086,375.800000000086,9.293091823120,5071.785959377421
855.850000000085,375.850000000085,9.293068771918,5072.250613392287
855.900000000086,375.900000000086,9.293045720717,5072.715266254613
855.950000000086,375.950000000086,9.293022669515,5073.179917964369
856.000000000086,376.000000000086,9.292999618314,5073.644568521564
856.025000000000,376.025000000000,9.292988092713,5073.876893367153
856.050000000086,376.050000000086,9.292976975606,5074.109217931306
856.100000000086,376.100000000086,9.292954741391,5074.573866224231
856.150000000086,376.150000000086,9.292932507177,5075.038513405446
856.200000000086,376.200000000086,9.292910272962,5075.503159474949
856.250000000086,376.250000000086,9.292888038748,5075.967804432741
856.300000000086,376.300000000086,9.292865804533,5076.432448278823
856.350000000086,376.350000000086,9.292843570319,5076.897091013194
856.400000000086,376.400000000086,9.292821336104,5077.361732635855
856.450000000086,376.450000000086,9.292799101890,5077.826373146805
856.500000000086,376.500000000086,9.292776867676,5078.291012546044
856.550000000086,376.550000000086,9.292754633461,5078.755650833573
856.600000000086,376.600000000086,9.292732399247,5079.220288009390
856.650000000086,376.650000000086,9.292710165032,5079.684924073497
856.700000000086,376.700000000086,9.292687930818,5080.149559025893
856.750000000086,376.750000000086,9.292665696604,5080.614192866578
856.800000000086,376.800000000086,9.292643462389,5081.078825595554
856.850000000086,376.850000000086,9.292621228175,5081.543457212818
856.900000000086,376.900000000086,9.292598993960,5082.008087718372
856.950000000086,376.950000000086,9.292576759746,5082.472717112214
857.000000000086,377.000000000086,9.292554525531,5082.937345394345
857.025000000000,377.025000000000,9.292543408424,5083.169659117721
857.050000000086,377.050000000086,9.292532692395,5083.401972569780
857.100000000086,377.100000000086,9.292511260336,5083.866598668597
857.150000000086,377.150000000086,9.292489828277,5084.331223695814
857.200000000086,377.200000000086,9.292468396219,5084.795847651426
857.250000000086,377.250000000086,9.292446964160,5085.260470535435
857.300000000086,377.300000000086,9.292425532101,5085.725092347842
857.350000000086,377.350000000086,9.292404100043,5086.189713088645
857.400000000086,377.400000000086,9.292382667984,5086.654332757847
857.450000000086,377.450000000086,9.292361235925,5087.118951355444
857.500000000086,377.500000000086,9.292339803867,5087.583568881438
857.550000000086,377.550000000086,9.292318371808,5088.048185335831
857.600000000086,377.600000000086,9.292296939749,5088.512800718619
857.650000000086,377.650000000086,9.292275507690,5088.977415029806
857.700000000086,377.700000000086,9.292254075632,5089.442028269389
857.750000000086,377.750000000086,9.292232643573,5089.906640437369
857.800000000086,377.800000000086,9.292211211514,5090.371251533747
857.850000000086,377.850000000086,9.292189779456,5090.835861558520
857.900000000086,377.900000000086,9.292168347397,5091.300470511692
857.950000000086,377.950000000086,9.292146915338,5091.765078393260
858.000000000086,378.000000000086,9.292125483280,5092.229685203224
858.025000000000,378.025000000000,9.292114767250,5092.461988205557
858.050000000086,378.050000000086,9.292104444900,5092.694290946508
858.100000000086,378.100000000086,9.292083800198,5093.158895652635
858.150000000086,378.150000000086,9.292063155497,5093.623499326528
858.200000000086,378.200000000086,9.292042510796,5094.088101968185
858.250000000086,378.250000000086,9.292021866095,5094.552703577607
858.300000000086,378.300000000086,9.292001221393,5095.017304154794
858.350000000086,378.350000000086,9.291980576692,5095.481903699746
858.400000000086,378.400000000086,9.291959931991,5095.946502212464
858.450000000086,378.450000000086,9.291939287289,5096.411099692946
858.500000000086,378.500000000086,9.291918642588,5096.875696141192
858.550000000086,378.550000000086,9.291897997887,5097.340291557204
858.600000000086,378.600000000086,9.291877353186,5097.804885940981
858.650000000086,378.650000000086,9.291856708484,5098.269479292523
858.700000000086,378.700000000086,9.291836063783,5098.734071611830
858.750000000086,378.750000000086,9.291815419082,5099.198662898901
858.800000000086,378.800000000086,9.291794774380,5099.663253153738
858.850000000086,378.850000000086,9.291774129679,5100.127842376339
858.900000000086,378.900000000086,9.291753484978,5100.592430566706
858.950000000086,378.950000000086,9.291732840277,5101.057017724836
859.000000000086,379.000000000086,9.291712195575,5101.521603850732
859.025000000000,379.025000000000,9.291701873225,5101.753896525794
859.050000000086,379.050000000086,9.291691937055,5101.986188949221
859.100000000086,379.100000000086,9.291672064716,5102.450773049265
859.150000000086,379.150000000086,9.291652192377,5102.915356155693
859.200000000086,379.200000000086,9.291632320037,5103.379938268503
859.250000000086,379.250000000086,9.291612447698,5103.844519387696
859.300000000086,379.300000000086,9.291592575359,5104.309099513273
859.350000000086,379.350000000086,9.291572703020,5104.773678645232
859.400000000086,379.400000000086,9.291552830681,5105.238256783576
859.450000000086,379.450000000086,9.291532958341,5105.702833928301
859.500000000086,379.500000000086,9.291513086002,5106.167410079409
859.550000000086,379.550000000086,9.291493213663,5106.631985236902
859.600000000086,379.600000000086,9.291473341324,5107.096559400776
859.650000000086,379.650000000086,9.291453468984,5107.561132571034
859.700000000086,379.700000000086,9.291433596645,5108.025704747674
859.750000000086,379.750000000086,9.291413724306,5108.490275930698
859.800000000086,379.800000000086,9.291393851967,5108.954846120106
859.850000000086,379.850000000086,9.291373979628,5109.419415315895
859.900000000086,379.900000000086,9.291354107288,5109.883983518069
859.950000000086,379.950000000086,9.291334234949,5110.348550726624
860.000000000086,380.000000000086,9.291314362610,5110.813116941563
860.025000000000,380.025000000000,9.291304426440,5111.045399675627
860.050000000086,380.050000000086,9.291294869740,5111.277682167629
860.100000000086,380.100000000086,9.291275756339,5111.742246433280
860.150000000086,380.150000000086,9.291256642938,5112.206809743263
860.200000000086,380.200000000086,9.291237529537,5112.671372097574
860.250000000086,380.250000000086,9.291218416136,5113.135933496215
860.300000000086,380.300000000086,9.291199302735,5113.600493939188
860.350000000086,380.350000000086,9.291180189334,5114.065053426489
860.400000000086,380.400000000086,9.291161075933,5114.529611958121
860.450000000086,380.450000000086,9.291141962532,5114.994169534082
860.500000000086,380.500000000086,9.291122849130,5115.458726154373
860.550000000087,380.550000000087,9.291103735730,5115.923281819005
860.600000000086,380.600000000086,9.291084622328,5116.387836527946
860.650000000086,380.650000000086,9.291065508927,5116.852390281229
860.700000000086,380.700000000086,9.291046395526,5117.316943078839
860.750000000087,380.750000000087,9.291027282125,5117.781494920790
860.800000000087,380.800000000087,9.291008168724,5118.246045807062
860.850000000086,380.850000000086,9.290989055323,5118.710595737653
860.900000000087,380.900000000087,9.290969941922,5119.175144712593
860.950000000087,380.950000000087,9.290950828521,5119.639692731856
861.000000000087,381.000000000087,9.290931715120,5120.104239795446
861.025000000000,381.025000000000,9.290922158420,5120.336512968057
861.050000000087,381.050000000087,9.290912964955,5120.568785907908
861.100000000087,381.100000000087,9.290894578027,5121.033331096482
861.150000000087,381.150000000087,9.290876191098,5121.497875365711
861.200000000087,381.200000000087,9.290857804170,5121.962418715593
861.250000000087,381.250000000087,9.290839417242,5122.426961146128
861.300000000087,381.300000000087,9.290821030313,5122.891502657317
861.350000000087,381.350000000087,9.290802643385,5123.356043249159
861.400000000087,381.400000000087,9.290784256456,5123.820582921654
861.450000000087,381.450000000087,9.290765869528,5124.285121674804
861.500000000087,381.500000000087,9.290747482599,5124.749659508607
861.550000000087,381.550000000087,9.290729095671,5125.214196423064
861.600000000087,381.600000000087,9.290710708742,5125.678732418174
861.650000000087,381.650000000087,9.290692321814,5126.143267493938
861.700000000087,381.700000000087,9.290673934885,5126.607801650356
861.750000000087,381.750000000087,9.290655547957,5127.072334887427
861.800000000087,381.800000000087,9.290637161028,5127.536867205153
861.850000000087,381.850000000087,9.290618774100,5128.001398603530
861.900000000087,381.900000000087,9.290600387171,5128.465929082561
861.950000000087,381.950000000087,9.290582000243,5128.930458642247
862.000000000087,382.000000000087,9.290563613314,5129.394987282585
862.025000000000,382.025000000000,9.290554419850,5129.627251257191
862.050000000087,382.050000000087,9.290545584100,5129.859515008049
862.100000000087,382.100000000087,9.290527912600,5130.324041845466
862.150000000087,382.150000000087,9.290510241100,5130.788567799308
862.200000000087,382.200000000087,9.290492569600,5131.253092869576
862.250000000087,382.250000000087,9.290474898099,5131.717617056268
862.300000000087,382.300000000087,9.290457226599,5132.182140359386
862.350000000087,382.350000000087,9.290439555099,5132.646662778928
862.400000000087,382.400000000087,9.290421883599,5133.111184314895
862.450000000087,382.450000000087,9.290404212099,5133.575704967287
862.500000000087,382.500000000087,9.290386540599,5134.040224736104
862.550000000087,382.550000000087,9.290368869098,5134.504743621347
862.600000000087,382.600000000087,9.290351197598,5134.969261623014
862.650000000087,382.650000000087,9.290333526098,5135.433778741106
862.700000000087,382.700000000087,9.290315854598,5135.898294975624
862.750000000087,382.750000000087,9.290298183098,5136.362810326566
862.800000000087,382.800000000087,9.290280511597,5136.827324793933
862.850000000087,382.850000000087,9.290262840097,5137.291838377725
862.900000000087,382.900000000087,9.290245168597,5137.756351077942
862.950000000087,382.950000000087,9.290227497097,5138.220862894585
863.000000000087,383.000000000087,9.290209825597,5138.685373827651
863.025000000000,383.025000000000,9.290200989847,5138.917628962036
863.050000000087,383.050000000087,9.290192506022,5139.149883881543
863.100000000087,383.100000000087,9.290175538372,5139.614393082653
863.150000000087,383.150000000087,9.290158570722,5140.078901435380
863.200000000087,383.200000000087,9.290141603073,5140.543408939725
863.250000000087,383.250000000087,9.290124635423,5141.007915595687
863.300000000087,383.300000000087,9.290107667773,5141.472421403268
863.350000000087,383.350000000087,9.290090700123,5141.936926362465
863.400000000087,383.400000000087,9.290073732474,5142.401430473279
863.450000000087,383.450000000087,9.290056764824,5142.865933735712
863.500000000087,383.500000000087,9.290039797174,5143.330436149761
863.550000000087,383.550000000087,9.290022829524,5143.794937715429
863.600000000087,383.600000000087,9.290005861875,5144.259438432714
863.650000000087,383.650000000087,9.289988894225,5144.723938301616
863.700000000087,383.700000000087,9.289971926575,5145.188437322136
863.750000000087,383.750000000087,9.289954958925,5145.652935494273
863.800000000087,383.800000000087,9.289937991276,5146.117432818029
863.850000000087,383.850000000087,9.289921023626,5146.581929293401
863.900000000087,383.900000000087,9.289904055976,5147.046424920391
863.950000000087,383.950000000087,9.289887088327,5147.510919698999
864.000000000087,384.000000000087,9.289870120677,5147.975413629223
864.025000000000,384.025000000000,9.289861636852,5148.207660275384
864.050000000087,384.050000000087,9.289853504835,5148.439906715464
864.100000000087,384.100000000087,9.289837240801,5148.904398984104
864.150000000087,384.150000000087,9.289820976766,5149.368890439543
864.200000000087,384.200000000087,9.289804712732,5149.833381081781
864.250000000087,384.250000000087,9.289788448698,5150.297870910817
864.300000000087,384.300000000087,9.289772184664,5150.762359926651
864.350000000088,384.350000000088,9.289755920630,5151.226848129292
864.400000000087,384.400000000087,9.289739656595,5151.691335518713
864.450000000087,384.450000000087,9.289723392561,5152.155822094942
864.500000000087,384.500000000087,9.289707128527,5152.620307857968
864.550000000088,384.550000000088,9.289690864493,5153.084792807803
864.600000000088,384.600000000088,9.289674600459,5153.549276944427
864.650000000087,384.650000000087,9.289658336424,5154.013760267840
864.700000000088,384.700000000088,9.289642072390,5154.478242778070
864.750000000088,384.750000000088,9.289625808356,5154.942724475089
864.800000000088,384.800000000088,9.289609544322,5155.407205358905
864.850000000088,384.850000000088,9.289593280287,5155.871685429521
864.900000000088,384.900000000088,9.289577016253,5156.336164686933
864.950000000088,384.950000000088,9.289560752219,5156.800643131146
865.000000000088,385.000000000088,9.289544488185,5157.265120762156
865.025000000000,385.025000000000,9.289536356168,5157.497359271892
865.050000000088,385.050000000088,9.289528570789,5157.729597584296
865.100000000088,385.100000000088,9.289513000031,5158.194073623567
865.150000000088,385.150000000088,9.289497429274,5158.658548884299
865.200000000088,385.200000000088,9.289481858517,5159.123023366495
865.250000000088,385.250000000088,9.289466287759,5159.587497070151
865.300000000088,385.300000000088,9.289450717001,5160.051969995269
865.350000000088,385.350000000088,9.289435146244,5160.516442141851
865.400000000088,385.400000000088,9.289419575486,5160.980913509894
865.450000000088,385.450000000088,9.289404004729,5161.445384099400
865.500000000088,385.500000000088,9.289388433971,5161.909853910367
865.550000000088,385.550000000088,9.289372863214,5162.374322942796
865.600000000088,385.600000000088,9.289357292456,5162.838791196688
865.650000000088,385.650000000088,9.289341721699,5163.303258672042
865.700000000088,385.700000000088,9.289326150941,5163.767725368859
865.750000000088,385.750000000088,9.289310580184,5164.232191287137
865.800000000088,385.800000000088,9.289295009426,5164.696656426877
865.850000000088,385.850000000088,9.289279438669,5165.161120788080
865.900000000088,385.900000000088,9.289263867911,5165.625584370744
865.950000000088,385.950000000088,9.289248297154,5166.090047174871
866.000000000088,386.000000000088,9.289232726396,5166.554509200460
866.025000000000,386.025000000000,9.289224941017,5166.786739920484
866.050000000088,386.050000000088,9.289217496964,5167.018970451776
866.100000000088,386.100000000088,9.289202608859,5167.483430954422
866.150000000088,386.150000000088,9.289187720753,5167.947890712662
866.200000000088,386.200000000088,9.289172832647,5168.412349726498
866.250000000088,386.250000000088,9.289157944541,5168.876807995927
866.300000000088,386.300000000088,9.289143056436,5169.341265520951
866.350000000088,386.350000000088,9.289128168330,5169.805722301571
866.400000000088,386.400000000088,9.289113280224,5170.270178337784
866.450000000088,386.450000000088,9.289098392118,5170.734633629593
866.500000000088,386.500000000088,9.289083504012,5171.199088176996
866.550000000088,386.550000000088,9.289068615907,5171.663541979994
866.600000000088,386.600000000088,9.289053727801,5172.127995038587
866.650000000088,386.650000000088,9.289038839695,5172.592447352774
866.700000000088,386.700000000088,9.289023951589,5173.056898922557
866.750000000088,386.750000000088,9.289009063483,5173.521349747933
866.800000000088,386.800000000088,9.288994175378,5173.985799828904
866.850000000088,386.850000000088,9.288979287272,5174.450249165470
866.900000000088,386.900000000088,9.288964399166,5174.914697757631
866.950000000088,386.950000000088,9.288949511060,5175.379145605388
867.000000000088,387.000000000088,9.288934622954,5175.843592708738
867.025000000000,387.025000000000,9.288927178901,5176.075815980444
867.050000000088,387.050000000088,9.288920070702,5176.308039071881
867.100000000088,387.100000000088,9.288905854304,5176.772484720006
867.150000000088,387.150000000088,9.288891637906,5177.236929657311
867.200000000088,387.200000000088,9.288877421508,5177.701373883797
867.250000000088,387.250000000088,9.288863205110,5178.165817399462
867.300000000088,387.300000000088,9.288848988712,5178.630260204307
867.350000000088,387.350000000088,9.288834772314,5179.094702298334
867.400000000088,387.400000000088,9.288820555916,5179.559143681539
867.450000000088,387.450000000088,9.288806339518,5180.023584353926
867.500000000088,387.500000000088,9.288792123120,5180.488024315491
867.550000000088,387.550000000088,9.288777906722,5180.952463566236
867.600000000088,387.600000000088,9.288763690324,5181.416902106163
867.650000000088,387.650000000088,9.288749473926,5181.881339935269
867.700000000088,387.700000000088,9.288735257528,5182.345777053556
867.750000000088,387.750000000088,9.288721041130,5182.810213461022
867.800000000088,387.800000000088,9.288706824732,5183.274649157668
867.850000000088,387.850000000088,9.288692608334,5183.739084143495
867.900000000088,387.900000000088,9.288678391936,5184.203518418502
867.950000000088,387.950000000088,9.288664175538,5184.667951982689
868.000000000088,388.000000000088,9.288649959140,5185.132384836056
868.025000000000,388.025000000000,9.288642850941,5185.364600995365
868.050000000088,388.050000000088,9.288636073071,5185.596816982732
868.100000000088,388.100000000088,9.288622517332,5186.061248447492
868.150000000088,388.150000000088,9.288608961593,5186.525679234465
868.200000000088,388.200000000088,9.288595405854,5186.990109343652
868.250000000088,388.250000000088,9.288581850115,5187.454538775050
868.300000000088,388.300000000088,9.288568294376,5187.918967528663
868.350000000088,388.350000000088,9.288554738637,5188.383395604488
868.400000000088,388.400000000088,9.288541182898,5188.847823002526
868.450000000088,388.450000000088,9.288527627159,5189.312249722778
868.500000000088,388.500000000088,9.288514071420,5189.776675765242
868.550000000088,388.550000000088,9.288500515681,5190.241101129919
868.600000000088,388.600000000088,9.288486959942,5190.705525816810
868.650000000088,388.650000000088,9.288473404203,5191.169949825913
868.700000000088,388.700000000088,9.288459848464,5191.634373157231
868.750000000088,388.750000000088,9.288446292725,5192.098795810760
868.800000000088,388.800000000088,9.288432736986,5192.563217786502
868.850000000088,388.850000000088,9.288419181247,5193.027639084458
868.900000000088,388.900000000088,9.288405625508,5193.492059704627
868.950000000088,388.950000000088,9.288392069769,5193.956479647009
869.000000000088,389.000000000088,9.288378514030,5194.420898911604
869.025000000000,389.025000000000,9.288371736160,5194.653108288914
869.050000000088,389.050000000088,9.288365283120,5194.885317502472
869.100000000088,389.100000000088,9.288352377039,5195.349735443977
869.150000000088,389.150000000088,9.288339470957,5195.814152740177
869.200000000088,389.200000000088,9.288326564876,5196.278569391073
869.250000000088,389.250000000088,9.288313658795,5196.742985396664
869.300000000088,389.300000000088,9.288300752714,5197.207400756952
869.350000000089,389.350000000089,9.288287846633,5197.671815471946
869.400000000088,389.400000000088,9.288274940552,5198.136229541616
869.450000000088,389.450000000088,9.288262034470,5198.600642965992
869.500000000088,389.500000000088,9.288249128389,5199.065055745063
869.550000000089,389.550000000089,9.288236222308,5199.529467878840
869.600000000089,389.600000000089,9.288223316227,5199.993879367304
869.650000000088,389.650000000088,9.288210410146,5200.458290210453
869.700000000089,389.700000000089,9.288197504064,5200.922700408318
869.750000000089,389.750000000089,9.288184597983,5201.387109960870
869.800000000089,389.800000000089,9.288171691902,5201.851518868117
869.850000000089,389.850000000089,9.288158785821,5202.315927130060
869.900000000089,389.900000000089,9.288145879740,5202.780334746699
869.950000000089,389.950000000089,9.288132973659,5203.244741718034
870.000000000089,390.000000000089,9.288120067578,5203.709148044065
870.025000000000,390.025000000000,9.288113614537,5203.941350964265
870.050000000089,390.050000000089,9.288107480884,5204.173553728784
870.100000000089,390.100000000089,9.288095213578,5204.637958796146
870.150000000089,390.150000000089,9.288082946272,5205.102363250142
870.200000000089,390.200000000089,9.288070678966,5205.566767090772
870.250000000089,390.250000000089,9.288058411659,5206.031170318039
870.300000000089,390.300000000089,9.288046144353,5206.495572931939
870.350000000089,390.350000000089,9.288033877047,5206.959974932474
870.400000000089,390.400000000089,9.288021609741,5207.424376319644
870.450000000089,390.450000000089,9.288009342435,5207.888777093448
870.500000000089,390.500000000089,9.287997075129,5208.353177253888
870.550000000089,390.550000000089,9.287984807823,5208.817576800961
870.600000000089,390.600000000089,9.287972540517,5209.281975734671
870.650000000089,390.650000000089,9.287960273211,5209.746374055014
870.700000000089,390.700000000089,9.287948005905,5210.210771761991
870.750000000089,390.750000000089,9.287935738599,5210.675168855604
870.800000000089,390.800000000089,9.287923471293,5211.139565335851
870.850000000089,390.850000000089,9.287911203987,5211.603961202734
870.900000000089,390.900000000089,9.287898936680,5212.068356456251
870.950000000089,390.950000000089,9.287886669374,5212.532751096402
871.000000000089,391.000000000089,9.287874402068,5212.997145123189
871.025000000000,391.025000000000,9.287868268415,5213.229341905742
871.050000000089,391.050000000089,9.287862448789,5213.461538540534
871.100000000089,391.100000000089,9.287850809537,5213.925931371993
871.150000000089,391.150000000089,9.287839170285,5214.390323621488
871.200000000089,391.200000000089,9.287827531033,5214.854715289021
871.250000000089,391.250000000089,9.287815891780,5215.319106374592
871.300000000089,391.300000000089,9.287804252528,5215.783496878199
871.350000000089,391.350000000089,9.287792613276,5216.247886799844
871.400000000089,391.400000000089,9.287780974024,5216.712276139527
871.450000000089,391.450000000089,9.287769334772,5217.176664897246
871.500000000089,391.500000000089,9.287757695519,5217.641053073004
871.550000000089,391.550000000089,9.287746056267,5218.105440666798
871.600000000089,391.600000000089,9.287734417015,5218.569827678631
871.650000000089,391.650000000089,9.287722777763,5219.034214108499
871.700000000089,391.700000000089,9.287711138510,5219.498599956406
871.750000000089,391.750000000089,9.287699499258,5219.962985222351
871.800000000089,391.800000000089,9.287687860006,5220.427369906331
871.850000000089,391.850000000089,9.287676220754,5220.891754008351
871.900000000089,391.900000000089,9.287664581501,5221.356137528407
871.950000000089,391.950000000089,9.287652942249,5221.820520466500
872.000000000089,392.000000000089,9.287641302997,5222.284902822632
872.025000000000,392.025000000000,9.287635483371,5222.517093781635
872.050000000089,392.050000000089,9.287629972504,5222.749284600660
872.100000000089,392.100000000089,9.287618950770,5223.213665823742
872.150000000089,392.150000000089,9.287607929036,5223.678046495737
872.200000000089,392.200000000089,9.287596907302,5224.142426616645
872.250000000089,392.250000000089,9.287585885568,5224.606806186467
872.300000000089,392.300000000089,9.287574863834,5225.071185205202
872.350000000089,392.350000000089,9.287563842100,5225.535563672851
872.400000000089,392.400000000089,9.287552820366,5225.999941589412
872.450000000089,392.450000000089,9.287541798632,5226.464318954886
872.500000000089,392.500000000089,9.287530776898,5226.928695769275
872.550000000089,392.550000000089,9.287519755164,5227.393072032576
872.600000000089,392.600000000089,9.287508733430,5227.857447744792
872.650000000089,392.650000000089,9.287497711696,5228.321822905919
872.700000000089,392.700000000089,9.287486689962,5228.786197515960
872.750000000089,392.750000000089,9.287475668228,5229.250571574916
872.800000000089,392.800000000089,9.287464646494,5229.714945082784
872.850000000089,392.850000000089,9.287453624760,5230.179318039566
872.900000000089,392.900000000089,9.287442603026,5230.643690445260
872.950000000089,392.950000000089,9.287431581292,5231.108062299868
873.000000000089,393.000000000089,9.287420559558,5231.572433603390
873.025000000000,393.025000000000,9.287415048691,5231.804619047666
873.050000000089,393.050000000089,9.287409841314,5232.036804359618
873.100000000089,393.100000000089,9.287399426560,5232.501174591315
873.150000000090,393.150000000090,9.287389011807,5232.965544302284
873.200000000089,393.200000000089,9.287378597053,5233.429913492496
873.250000000089,393.250000000089,9.287368182299,5233.894282161980
873.300000000089,393.300000000089,9.287357767546,5234.358650310726
873.350000000090,393.350000000090,9.287347352792,5234.823017938744
873.400000000090,393.400000000090,9.287336938038,5235.287385046016
873.450000000089,393.450000000089,9.287326523284,5235.751751632539
873.500000000090,393.500000000090,9.287316108531,5236.216117698345
873.550000000090,393.550000000090,9.287305693777,5236.680483243402
873.600000000090,393.600000000090,9.287295279023,5237.144848267721
873.650000000090,393.650000000090,9.287284864270,5237.609212771305
873.700000000090,393.700000000090,9.287274449516,5238.073576754149
873.750000000090,393.750000000090,9.287264034762,5238.537940216257
873.800000000090,393.800000000090,9.287253620009,5239.002303157626
873.850000000090,393.850000000090,9.287243205255,5239.466665578257
873.900000000090,393.900000000090,9.287232790501,5239.931027478151
873.950000000090,393.950000000090,9.287222375747,5240.395388857307
874.000000000090,394.000000000090,9.287211960994,5240.859749715726
874.025000000000,394.025000000000,9.287206753617,5241.091929948822
874.050000000090,394.050000000090,9.287201844660,5241.324110057137
874.100000000090,394.100000000090,9.287192026747,5241.788469903921
874.150000000090,394.150000000090,9.287182208834,5242.252829259812
874.200000000090,394.200000000090,9.287172390921,5242.717188124805
874.250000000090,394.250000000090,9.287162573007,5243.181546498904
874.300000000090,394.300000000090,9.287152755094,5243.645904382106
874.350000000090,394.350000000090,9.287142937181,5244.110261774413
874.400000000090,394.400000000090,9.287133119268,5244.574618675824
874.450000000090,394.450000000090,9.287123301355,5245.038975086340
874.500000000090,394.500000000090,9.287113483441,5245.503331005960
874.550000000090,394.550000000090,9.287103665528,5245.967686434684
874.600000000090,394.600000000090,9.287093847615,5246.432041372512
874.650000000090,394.650000000090,9.287084029702,5246.896395819445
874.700000000090,394.700000000090,9.287074211789,5247.360749775482
874.750000000090,394.750000000090,9.287064393875,5247.825103240624
874.800000000090,394.800000000090,9.287054575962,5248.289456214869
874.850000000090,394.850000000090,9.287044758049,5248.753808698219
874.900000000090,394.900000000090,9.287034940136,5249.218160690675
874.950000000090,394.950000000090,9.287025122223,5249.682512192234
875.000000000090,395.000000000090,9.287015304309,5250.146863202898
875.025000000000,395.025000000000,9.287010395353,5250.379038523308
875.050000000090,395.050000000090,9.287005779810,5250.611213726334
875.100000000090,395.100000000090,9.286996548726,5251.075563784547
875.150000000090,395.150000000090,9.286987317641,5251.539913381207
875.200000000090,395.200000000090,9.286978086556,5252.004262516311
875.250000000090,395.250000000090,9.286968855472,5252.468611189863
875.300000000090,395.300000000090,9.286959624387,5252.932959401859
875.350000000090,395.350000000090,9.286950393302,5253.397307152301
875.400000000090,395.400000000090,9.286941162217,5253.861654441189
875.450000000090,395.450000000090,9.286931931133,5254.326001268522
875.500000000090,395.500000000090,9.286922700048,5254.790347634303
875.550000000090,395.550000000090,9.286913468963,5255.254693538527
875.600000000090,395.600000000090,9.286904237879,5255.719038981198
875.650000000090,395.650000000090,9.286895006794,5256.183383962315
875.700000000090,395.700000000090,9.286885775709,5256.647728481877
875.750000000090,395.750000000090,9.286876544625,5257.112072539887
875.800000000090,395.800000000090,9.286867313540,5257.576416136340
875.850000000090,395.850000000090,9.286858082455,5258.040759271240
875.900000000090,395.900000000090,9.286848851370,5258.505101944586
875.950000000090,395.950000000090,9.286839620286,5258.969444156377
876.000000000090,396.000000000090,9.286830389201,5259.433785906615
876.025000000000,396.025000000000,9.286825773659,5259.665956607814
876.050000000090,396.050000000090,9.286821446869,5259.898127198907
876.100000000090,396.100000000090,9.286812793290,5260.362468054910
876.150000000090,396.150000000090,9.286804139711,5260.826808478236
876.200000000090,396.200000000090,9.286795486132,5261.291148468881
876.250000000090,396.250000000090,9.286786832553,5261.755488026849
876.300000000090,396.300000000090,9.286778178974,5262.219827152137
876.350000000090,396.350000000090,9.286769525395,5262.684165844746
876.400000000090,396.400000000090,9.286760871815,5263.148504104676
876.450000000090,396.450000000090,9.286752218236,5263.612841931928
876.500000000090,396.500000000090,9.286743564657,5264.077179326500
876.550000000090,396.550000000090,9.286734911078,5264.541516288393
876.600000000090,396.600000000090,9.286726257499,5265.005852817607
876.650000000090,396.650000000090,9.286717603920,5265.470188914143
876.700000000090,396.700000000090,9.286708950341,5265.934524578000
876.750000000090,396.750000000090,9.286700296762,5266.398859809177
876.800000000090,396.800000000090,9.286691643183,5266.863194607676
876.850000000090,396.850000000090,9.286682989604,5267.327528973495
876.900000000090,396.900000000090,9.286674336025,5267.791862906636
876.950000000090,396.950000000090,9.286665682446,5268.256196407097
877.000000000090,397.000000000090,9.286657028866,5268.720529474881
877.025000000000,397.025000000000,9.286652702077,5268.952695845682
877.050000000090,397.050000000090,9.286648659233,5269.184862113534
877.100000000090,397.100000000090,9.286640573546,5269.649194344353
877.150000000090,397.150000000090,9.286632487858,5270.113526170890
877.200000000090,397.200000000090,9.286624402171,5270.577857593140
877.250000000090,397.250000000090,9.286616316484,5271.042188611107
877.300000000090,397.300000000090,9.286608230796,5271.506519224788
877.350000000090,397.350000000090,9.286600145109,5271.970849434186
877.400000000090,397.400000000090,9.286592059422,5272.435179239300
877.450000000090,397.450000000090,9.286583973734,5272.899508640128
877.500000000090,397.500000000090,9.286575888047,5273.363837636673
877.550000000090,397.550000000090,9.286567802360,5273.828166228933
877.600000000090,397.600000000090,9.286559716672,5274.292494416908
877.650000000090,397.650000000090,9.286551630985,5274.756822200600
877.700000000090,397.700000000090,9.286543545298,5275.221149580007
877.750000000090,397.750000000090,9.286535459610,5275.685476555130
877.800000000090,397.800000000090,9.286527373923,5276.149803125968
877.850000000090,397.850000000090,9.286519288236,5276.614129292521
877.900000000090,397.900000000090,9.286511202548,5277.078455054791
877.950000000090,397.950000000090,9.286503116861,5277.542780412777
878.000000000090,398.000000000090,9.286495031173,5278.007105366478
878.025000000000,398.025000000000,9.286490988330,5278.239267690885
878.050000000090,398.050000000090,9.286487224770,5278.471429919385
878.100000000090,398.100000000090,9.286479697652,5278.935754092445
878.150000000091,398.150000000091,9.286472170533,5279.400077889160
878.200000000090,398.200000000090,9.286464643414,5279.864401309498
878.250000000090,398.250000000090,9.286457116296,5280.328724353491
878.300000000091,398.300000000091,9.286449589177,5280.793047021138
878.350000000091,398.350000000091,9.286442062058,5281.257369312418
878.400000000091,398.400000000091,9.286434534939,5281.721691227343
878.450000000090,398.450000000090,9.286427007821,5282.186012765903
878.500000000091,398.500000000091,9.286419480702,5282.650333928125
878.550000000091,398.550000000091,9.286411953583,5283.114654713983
878.600000000091,398.600000000091,9.286404426465,5283.578975123484
878.650000000091,398.650000000091,9.286396899346,5284.043295156630
878.700000000091,398.700000000091,9.286389372227,5284.507614813419
878.750000000091,398.750000000091,9.286381845108,5284.971934093852
878.800000000091,398.800000000091,9.286374317990,5285.436252997930
878.850000000091,398.850000000091,9.286366790871,5285.900571525651
878.900000000091,398.900000000091,9.286359263752,5286.364889677017
878.950000000091,398.950000000091,9.286351736633,5286.829207452027
879.000000000091,399.000000000091,9.286344209515,5287.293524850680
879.025000000000,399.025000000000,9.286340445955,5287.525683408028
879.050000000091,399.050000000091,9.286336957119,5287.757841876412
879.100000000091,399.100000000091,9.286329979445,5288.222158549826
879.150000000091,399.150000000091,9.286323001771,5288.686474874357
879.200000000091,399.200000000091,9.286316024098,5289.150790850003
879.250000000091,399.250000000091,9.286309046424,5289.615106476766
879.300000000091,399.300000000091,9.286302068750,5290.079421754646
879.350000000091,399.350000000091,9.286295091077,5290.543736683641
879.400000000091,399.400000000091,9.286288113403,5291.008051263754
879.450000000091,399.450000000091,9.286281135730,5291.472365494982
879.500000000091,399.500000000091,9.286274158056,5291.936679377326
879.550000000091,399.550000000091,9.286267180382,5292.400992910788
879.600000000091,399.600000000091,9.286260202709,5292.865306095365
879.650000000091,399.650000000091,9.286253225035,5293.329618931059
879.700000000091,399.700000000091,9.286246247362,5293.793931417868
879.750000000091,399.750000000091,9.286239269688,5294.258243555794
879.800000000091,399.800000000091,9.286232292014,5294.722555344837
879.850000000091,399.850000000091,9.286225314341,5295.186866784996
879.900000000091,399.900000000091,9.286218336667,5295.651177876272
879.950000000091,399.950000000091,9.286211358994,5296.115488618662
880.000000000091,400.000000000091,9.286204381320,5296.579799012170
880.025000000000,400.025000000000,9.286200892483,5296.811954077248
880.050000000091,400.050000000091,9.286197673904,5297.044109060173
880.100000000091,400.100000000091,9.286191236747,5297.508418782939
880.150000000091,400.150000000091,9.286184799590,5297.972728183848
880.200000000091,400.200000000091,9.286178362432,5298.437037262898
880.250000000091,400.250000000091,9.286171925275,5298.901346020090
880.300000000091,400.300000000091,9.286165488117,5299.365654455426
880.350000000091,400.350000000091,9.286159050960,5299.829962568902
880.400000000091,400.400000000091,9.286152613802,5300.294270360522
880.450000000091,400.450000000091,9.286146176645,5300.758577830283
880.500000000091,400.500000000091,9.286139739488,5301.222884978186
880.550000000091,400.550000000091,9.286133302330,5301.687191804232
880.600000000091,400.600000000091,9.286126865173,5302.151498308419
880.650000000091,400.650000000091,9.286120428015,5302.615804490749
880.700000000091,400.700000000091,9.286113990858,5303.080110351220
880.750000000091,400.750000000091,9.286107553700,5303.544415889834
880.800000000091,400.800000000091,9.286101116543,5304.008721106590
880.850000000091,400.850000000091,9.286094679386,5304.473026001488
880.900000000091,400.900000000091,9.286088242228,5304.937330574528
880.950000000091,400.950000000091,9.286081805071,5305.401634825710
881.000000000091,401.000000000091,9.286075367913,5305.865938755034
881.025000000000,401.025000000000,9.286072149335,5306.098090598155
881.050000000091,401.050000000091,9.286069196645,5306.330242365825
881.100000000091,401.100000000091,9.286063291266,5306.794545678023
881.150000000091,401.150000000091,9.286057385888,5307.258848694952
881.200000000091,401.200000000091,9.286051480509,5307.723151416611
881.250000000091,401.250000000091,9.286045575130,5308.187453843002
881.300000000091,401.300000000091,9.286039669751,5308.651755974125
881.350000000091,401.350000000091,9.286033764372,5309.116057809978
881.400000000091,401.400000000091,9.286027858994,5309.580359350563
881.450000000091,401.450000000091,9.286021953615,5310.044660595877
881.500000000091,401.500000000091,9.286016048236,5310.508961545923
881.550000000091,401.550000000091,9.286010142857,5310.973262200700
881.600000000091,401.600000000091,9.286004237479,5311.437562560209
881.650000000091,401.650000000091,9.285998332100,5311.901862624449
881.700000000091,401.700000000091,9.285992426721,5312.366162393419
881.750000000091,401.750000000091,9.285986521342,5312.830461867120
881.800000000091,401.800000000091,9.285980615963,5313.294761045553
881.850000000091,401.850000000091,9.285974710585,5313.759059928716
881.900000000091,401.900000000091,9.285968805206,5314.223358516611
881.950000000092,401.950000000092,9.285962899827,5314.687656809247
882.000000000091,402.000000000091,9.285956994448,5315.151954806593
882.025000000000,402.025000000000,9.285954041759,5315.384103693701
882.050000000091,402.050000000091,9.285951350684,5315.616252511952
882.100000000091,402.100000000091,9.285945968534,5316.080549944932
882.150000000092,402.150000000092,9.285940586383,5316.544847108814
882.200000000092,402.200000000092,9.285935204233,5317.009144003580
882.250000000091,402.250000000091,9.285929822083,5317.473440629228
882.300000000092,402.300000000092,9.285924439933,5317.937736985788
882.350000000092,402.350000000092,9.285919057783,5318.402033073231
882.400000000092,402.400000000092,9.285913675632,5318.866328891566
882.450000000092,402.450000000092,9.285908293482,5319.330624440794
882.500000000092,402.500000000092,9.285902911332,5319.794919720914
882.550000000092,402.550000000092,9.285897529182,5320.259214731927
882.600000000092,402.600000000092,9.285892147031,5320.723509473833
882.650000000092,402.650000000092,9.285886764881,5321.187803946630
882.700000000092,402.700000000092,9.285881382731,5321.652098150321
882.750000000092,402.750000000092,9.285876000581,5322.116392084903
882.800000000092,402.800000000092,9.285870618431,5322.580685750379
882.850000000092,402.850000000092,9.285865236280,5323.044979146747
882.900000000092,402.900000000092,9.285859854130,5323.509272274007
882.950000000092,402.950000000092,9.285854471980,5323.973565132161
883.000000000092,403.000000000092,9.285849089830,5324.437857721206
883.025000000000,403.025000000000,9.285846398755,5324.670003913959
883.050000000092,403.050000000092,9.285843965110,5324.902150044362
883.100000000092,403.100000000092,9.285839097820,5325.366442120935
883.150000000092,403.150000000092,9.285834230531,5325.830733954143
883.200000000092,403.200000000092,9.285829363241,5326.295025543988
883.250000000092,403.250000000092,9.285824495952,5326.759316890468
883.300000000092,403.300000000092,9.285819628662,5327.223607993584
883.350000000092,403.350000000092,9.285814761373,5327.687898853334
883.400000000092,403.400000000092,9.285809894083,5328.152189469721
883.450000000092,403.450000000092,9.285805026793,5328.616479842744
883.500000000092,403.500000000092,9.285800159504,5329.080769972401
883.550000000092,403.550000000092,9.285795292214,5329.545059858695
883.600000000092,403.600000000092,9.285790424925,5330.009349501623
883.650000000092,403.650000000092,9.285785557635,5330.473638901186
883.700000000092,403.700000000092,9.285780690346,5330.937928057386
883.750000000092,403.750000000092,9.285775823056,5331.402216970220
883.800000000092,403.800000000092,9.285770955766,5331.866505639691
883.850000000092,403.850000000092,9.285766088477,5332.330794065797
883.900000000092,403.900000000092,9.285761221187,5332.795082248538
883.950000000092,403.950000000092,9.285756353898,5333.259370187916
884.000000000092,404.000000000092,9.285751486608,5333.723657883928
884.025000000000,404.025000000000,9.285749052963,5333.955801639819
884.050000000092,404.050000000092,9.285746872655,5334.187945339744
884.100000000092,404.100000000092,9.285742512038,5334.652232574361
884.150000000092,404.150000000092,9.285738151422,5335.116519590947
884.200000000092,404.200000000092,9.285733790805,5335.580806389504
884.250000000092,404.250000000092,9.285729430189,5336.045092970028
884.300000000092,404.300000000092,9.285725069572,5336.509379332523
884.350000000092,404.350000000092,9.285720708955,5336.973665476986
884.400000000092,404.400000000092,9.285716348339,5337.437951403418
884.450000000092,404.450000000092,9.285711987722,5337.902237111820
884.500000000092,404.500000000092,9.285707627105,5338.366522602190
884.550000000092,404.550000000092,9.285703266489,5338.830807874531
884.600000000092,404.600000000092,9.285698905872,5339.295092928840
884.650000000092,404.650000000092,9.285694545255,5339.759377765117
884.700000000092,404.700000000092,9.285690184639,5340.223662383365
884.750000000092,404.750000000092,9.285685824022,5340.687946783582
884.800000000092,404.800000000092,9.285681463406,5341.152230965768
884.850000000092,404.850000000092,9.285677102789,5341.616514929922
884.900000000092,404.900000000092,9.285672742172,5342.080798676046
884.950000000092,404.950000000092,9.285668381556,5342.545082204139
885.000000000092,405.000000000092,9.285664020939,5343.009365514201
885.025000000000,405.025000000000,9.285661840631,5343.241507086616
885.050000000092,405.050000000092,9.285659909652,5343.473648609350
885.100000000092,405.100000000092,9.285656047694,5343.937931508283
885.150000000092,405.150000000092,9.285652185735,5344.402214214118
885.200000000092,405.200000000092,9.285648323778,5344.866496726857
885.250000000092,405.250000000092,9.285644461819,5345.330779046496
885.300000000092,405.300000000092,9.285640599861,5345.795061173038
885.350000000092,405.350000000092,9.285636737903,5346.259343106482
885.400000000092,405.400000000092,9.285632875945,5346.723624846828
885.450000000092,405.450000000092,9.285629013987,5347.187906394077
885.500000000092,405.500000000092,9.285625152029,5347.652187748227
885.550000000092,405.550000000092,9.285621290071,5348.116468909280
885.600000000092,405.600000000092,9.285617428113,5348.580749877235
885.650000000092,405.650000000092,9.285613566155,5349.045030652091
885.700000000092,405.700000000092,9.285609704197,5349.509311233850
885.750000000092,405.750000000092,9.285605842239,5349.973591622511
885.800000000092,405.800000000092,9.285601980281,5350.437871818074
885.850000000092,405.850000000092,9.285598118323,5350.902151820539
885.900000000092,405.900000000092,9.285594256365,5351.366431629905
885.950000000092,405.950000000092,9.285590394407,5351.830711246175
886.000000000092,406.000000000092,9.285586532449,5352.294990669347
886.025000000000,406.025000000000,9.285584601470,5352.527130307666
886.050000000092,406.050000000092,9.285582915898,5352.759269902488
886.100000000092,406.100000000092,9.285579544754,5353.223548964004
886.150000000092,406.150000000092,9.285576173611,5353.687827856963
886.200000000092,406.200000000092,9.285572802467,5354.152106581366
886.250000000092,406.250000000092,9.285569431323,5354.616385137210
886.300000000092,406.300000000092,9.285566060180,5355.080663524498
886.350000000092,406.350000000092,9.285562689036,5355.544941743228
886.400000000092,406.400000000092,9.285559317892,5356.009219793401
886.450000000092,406.450000000092,9.285555946749,5356.473497675018
886.500000000092,406.500000000092,9.285552575605,5356.937775388076
886.550000000092,406.550000000092,9.285549204461,5357.402052932579
886.600000000092,406.600000000092,9.285545833318,5357.866330308523
886.650000000092,406.650000000092,9.285542462174,5358.330607515910
886.700000000092,406.700000000092,9.285539091030,5358.794884554741
886.750000000092,406.750000000092,9.285535719886,5359.259161425013
886.800000000092,406.800000000092,9.285532348743,5359.723438126730
886.850000000092,406.850000000092,9.285528977599,5360.187714659888
886.900000000092,406.900000000092,9.285525606455,5360.651991024489
886.950000000093,406.950000000093,9.285522235312,5361.116267220543
887.000000000092,407.000000000092,9.285518864168,5361.580543248020
887.025000000000,407.025000000000,9.285517178596,5361.812681197701
887.050000000092,407.050000000092,9.285515734488,5362.044819109969
887.100000000093,407.100000000093,9.285512846271,5362.509094824498
887.150000000093,407.150000000093,9.285509958055,5362.973370394606
887.200000000093,407.200000000093,9.285507069838,5363.437645820304
887.250000000092,407.250000000092,9.285504181621,5363.901921101581
887.300000000093,407.300000000093,9.285501293405,5364.366196238466
887.350000000093,407.350000000093,9.285498405188,5364.830471230931
887.400000000093,407.400000000093,9.285495516971,5365.294746078985
887.450000000093,407.450000000093,9.285492628755,5365.759020782629
887.500000000093,407.500000000093,9.285489740538,5366.223295341861
887.550000000093,407.550000000093,9.285486852321,5366.687569756682
887.600000000093,407.600000000093,9.285483964105,5367.151844027093
887.650000000093,407.650000000093,9.285481075888,5367.616118153092
887.700000000093,407.700000000093,9.285478187671,5368.080392134682
887.750000000093,407.750000000093,9.285475299455,5368.544665971860
887.800000000093,407.800000000093,9.285472411238,5369.008939664627
887.850000000093,407.850000000093,9.285469523022,5369.473213212984
887.900000000093,407.900000000093,9.285466634805,5369.937486616929
887.950000000093,407.950000000093,9.285463746588,5370.401759876465
888.000000000093,408.000000000093,9.285460858372,5370.866032991588
888.025000000000,408.025000000000,9.285459414263,5371.098169494133
888.050000000093,408.050000000093,9.285458207809,5371.330305965272
888.100000000093,408.100000000093,9.285455794902,5371.794578815340
888.150000000093,408.150000000093,9.285453381994,5372.258851544762
888.200000000093,408.200000000093,9.285450969087,5372.723124153540
888.250000000093,408.250000000093,9.285448556180,5373.187396641672
888.300000000093,408.300000000093,9.285446143272,5373.651669009158
888.350000000093,408.350000000093,9.285443730364,5374.115941255999
888.400000000093,408.400000000093,9.285441317457,5374.580213382194
888.450000000093,408.450000000093,9.285438904550,5375.044485387745
888.500000000093,408.500000000093,9.285436491642,5375.508757272650
888.550000000093,408.550000000093,9.285434078735,5375.973029036909
888.600000000093,408.600000000093,9.285431665827,5376.437300680524
888.650000000093,408.650000000093,9.285429252920,5376.901572203492
888.700000000093,408.700000000093,9.285426840012,5377.365843605816
888.750000000093,408.750000000093,9.285424427105,5377.830114887493
888.800000000093,408.800000000093,9.285422014197,5378.294386048526
888.850000000093,408.850000000093,9.285419601290,5378.758657088913
888.900000000093,408.900000000093,9.285417188382,5379.222928008655
888.950000000093,408.950000000093,9.285414775475,5379.687198807752
889.000000000093,409.000000000093,9.285412362567,5380.151469486203
889.025000000000,409.025000000000,9.285411156113,5380.383604779322
889.050000000093,409.050000000093,9.285410183828,5380.615740046935
889.100000000093,409.100000000093,9.285408239259,5381.080010507512
889.150000000093,409.150000000093,9.285406294689,5381.544280870860
889.200000000093,409.200000000093,9.285404350119,5382.008551136982
889.250000000093,409.250000000093,9.285402405549,5382.472821305872
889.300000000093,409.300000000093,9.285400460979,5382.937091377536
889.350000000093,409.350000000093,9.285398516409,5383.401361351971
889.400000000093,409.400000000093,9.285396571839,5383.865631229177
889.450000000093,409.450000000093,9.285394627270,5384.329901009155
889.500000000093,409.500000000093,9.285392682700,5384.794170691904
889.550000000093,409.550000000093,9.285390738130,5385.258440277424
889.600000000093,409.600000000093,9.285388793560,5385.722709765717
889.650000000093,409.650000000093,9.285386848990,5386.186979156781
889.700000000093,409.700000000093,9.285384904420,5386.651248450617
889.750000000093,409.750000000093,9.285382959851,5387.115517647223
889.800000000093,409.800000000093,9.285381015281,5387.579786746601
889.850000000093,409.850000000093,9.285379070711,5388.044055748751
889.900000000093,409.900000000093,9.285377126141,5388.508324653671
889.950000000093,409.950000000093,9.285375181571,5388.972593461365
890.000000000093,410.000000000093,9.285373237001,5389.436862171829
890.025000000000,410.025000000000,9.285372264716,5389.668996489737
890.050000000093,410.050000000093,9.285371522219,5389.901130787937
890.100000000093,410.100000000093,9.285370037225,5390.365399326924
890.150000000093,410.150000000093,9.285368552231,5390.829667791660
890.200000000093,410.200000000093,9.285367067237,5391.293936182147
890.250000000093,410.250000000093,9.285365582243,5391.758204498384
890.300000000093,410.300000000093,9.285364097248,5392.222472740371
890.350000000093,410.350000000093,9.285362612254,5392.686740908109
890.400000000093,410.400000000093,9.285361127260,5393.151009001596
890.450000000093,410.450000000093,9.285359642266,5393.615277020835
890.500000000093,410.500000000093,9.285358157272,5394.079544965824
890.550000000093,410.550000000093,9.285356672278,5394.543812836562
890.600000000093,410.600000000093,9.285355187284,5395.008080633052
890.650000000093,410.650000000093,9.285353702289,5395.472348355291
890.700000000093,410.700000000093,9.285352217295,5395.936616003281
890.750000000094,410.750000000094,9.285350732301,5396.400883577029
890.800000000093,410.800000000093,9.285349247307,5396.865151076509
890.850000000093,410.850000000093,9.285347762313,5397.329418501750
890.900000000093,410.900000000093,9.285346277319,5397.793685852741
890.950000000094,410.950000000094,9.285344792325,5398.257953129491
891.000000000094,411.000000000094,9.285343307330,5398.722220331983
891.025000000000,411.025000000000,9.285342564833,5398.954353904513
891.050000000093,411.050000000093,9.285342049007,5399.186487463049
891.100000000094,411.100000000094,9.285341017354,5399.650754539718
891.150000000094,411.150000000094,9.285339985701,5400.115021564794
891.200000000094,411.200000000094,9.285338954048,5400.579288538287
891.250000000094,411.250000000094,9.285337922395,5401.043555460199
891.300000000094,411.300000000094,9.285336890741,5401.507822330527
891.350000000094,411.350000000094,9.285335859088,5401.972089149273
891.400000000094,411.400000000094,9.285334827435,5402.436355916436
891.450000000094,411.450000000094,9.285333795782,5402.900622632016
891.500000000094,411.500000000094,9.285332764129,5403.364889296015
891.550000000094,411.550000000094,9.285331732476,5403.829155908429
891.600000000094,411.600000000094,9.285330700823,5404.293422469263
891.650000000094,411.650000000094,9.285329669170,5404.757688978512
891.700000000094,411.700000000094,9.285328637517,5405.221955436179
891.750000000094,411.750000000094,9.285327605864,5405.686221842264
891.800000000094,411.800000000094,9.285326574211,5406.150488196766
891.850000000094,411.850000000094,9.285325542558,5406.614754499686
891.900000000094,411.900000000094,9.285324510905,5407.079020751022
891.950000000094,411.950000000094,9.285323479252,5407.543286950775
892.000000000094,412.000000000094,9.285322447599,5408.007553098947
892.025000000000,412.025000000000,9.285321931772,5408.239686152816
892.050000000094,412.050000000094,9.285321639334,5408.471819198327
892.100000000094,412.100000000094,9.285321054459,5408.936085265673
892.150000000094,412.150000000094,9.285320469583,5409.400351303773
892.200000000094,412.200000000094,9.285319884708,5409.864617312630
892.250000000094,412.250000000094,9.285319299833,5410.328883292244
892.300000000094,412.300000000094,9.285318714957,5410.793149242614
892.350000000094,412.350000000094,9.285318130082,5411.257415163741
892.400000000094,412.400000000094,9.285317545207,5411.721681055623
892.450000000094,412.450000000094,9.285316960331,5412.185946918261
892.500000000094,412.500000000094,9.285316375456,5412.650212751656
892.550000000094,412.550000000094,9.285315790581,5413.114478555806
892.600000000094,412.600000000094,9.285315205705,5413.578744330714
892.650000000094,412.650000000094,9.285314620830,5414.043010076378
892.700000000094,412.700000000094,9.285314035954,5414.507275792797
892.750000000094,412.750000000094,9.285313451079,5414.971541479974
892.800000000094,412.800000000094,9.285312866204,5415.435807137906
892.850000000094,412.850000000094,9.285312281328,5415.900072766594
892.900000000094,412.900000000094,9.285311696453,5416.364338366038
892.950000000094,412.950000000094,9.285311111578,5416.828603936238
893.000000000094,413.000000000094,9.285310526702,5417.292869477196
893.025000000000,413.025000000000,9.285310234264,5417.525002235835
893.050000000094,413.050000000094,9.285310161855,5417.757134991659
893.100000000094,413.100000000094,9.285310017036,5418.221400496132
893.150000000094,413.150000000094,9.285309872218,5418.685665993363
893.200000000094,413.200000000094,9.285309727399,5419.149931483353
893.250000000094,413.250000000094,9.285309582580,5419.614196966103
893.300000000094,413.300000000094,9.285309437762,5420.078462441611
893.350000000094,413.350000000094,9.285309292943,5420.542727909879
893.400000000094,413.400000000094,9.285309148124,5421.006993370906
893.450000000094,413.450000000094,9.285309003305,5421.471258824691
893.500000000094,413.500000000094,9.285308858487,5421.935524271236
893.550000000094,413.550000000094,9.285308713668,5422.399789710540
893.600000000094,413.600000000094,9.285308568849,5422.864055142603
893.650000000094,413.650000000094,9.285308424031,5423.328320567425
893.700000000094,413.700000000094,9.285308279212,5423.792585985006
893.750000000094,413.750000000094,9.285308134393,5424.256851395347
893.800000000094,413.800000000094,9.285307989574,5424.721116798445
893.850000000094,413.850000000094,9.285307844756,5425.185382194304
893.900000000094,413.900000000094,9.285307699937,5425.649647582921
893.950000000094,413.950000000094,9.285307555118,5426.113912964297
894.000000000094,414.000000000094,9.285307410300,5426.578178338433
894.025000000000,414.025000000000,9.285307337890,5426.810311021912
894.050000000094,414.050000000094,9.285307482233,5427.042443708036
894.100000000094,414.100000000094,9.285307770920,5427.506709089366
894.150000000094,414.150000000094,9.285308059606,5427.970974485129
894.200000000094,414.200000000094,9.285308348292,5428.435239895326
894.250000000094,414.250000000094,9.285308636979,5428.899505319959
894.300000000094,414.300000000094,9.285308925665,5429.363770759024
894.350000000094,414.350000000094,9.285309214351,5429.828036212525
894.400000000094,414.400000000094,9.285309503038,5430.292301680460
894.450000000094,414.450000000094,9.285309791724,5430.756567162828
894.500000000094,414.500000000094,9.285310080410,5431.220832659632
894.550000000094,414.550000000094,9.285310369097,5431.685098170869
894.600000000094,414.600000000094,9.285310657783,5432.149363696542
894.650000000094,414.650000000094,9.285310946469,5432.613629236648
894.700000000094,414.700000000094,9.285311235156,5433.077894791189
894.750000000094,414.750000000094,9.285311523842,5433.542160360164
894.800000000094,414.800000000094,9.285311812528,5434.006425943573
894.850000000094,414.850000000094,9.285312101215,5434.470691541417
894.900000000094,414.900000000094,9.285312389901,5434.934957153695
894.950000000094,414.950000000094,9.285312678587,5435.399222780406
895.000000000094,415.000000000094,9.285312967274,5435.863488421553
895.025000000000,415.025000000000,9.285313111617,5436.095621246666
895.050000000094,415.050000000094,9.285313469498,5436.327754079803
895.100000000094,415.100000000094,9.285314185261,5436.792019771172
895.150000000094,415.150000000094,9.285314901025,5437.256285498329
895.200000000094,415.200000000094,9.285315616788,5437.720551261274
895.250000000094,415.250000000094,9.285316332551,5438.184817060008
895.300000000094,415.300000000094,9.285317048314,5438.649082894529
895.350000000094,415.350000000094,9.285317764077,5439.113348764839
895.400000000094,415.400000000094,9.285318479840,5439.577614670937
895.450000000094,415.450000000094,9.285319195603,5440.041880612823
895.500000000094,415.500000000094,9.285319911367,5440.506146590497
895.550000000094,415.550000000094,9.285320627130,5440.970412603960
895.600000000094,415.600000000094,9.285321342893,5441.434678653211
895.650000000094,415.650000000094,9.285322058656,5441.898944738249
895.700000000094,415.700000000094,9.285322774419,5442.363210859075
895.750000000095,415.750000000095,9.285323490182,5442.827477015700
895.800000000094,415.800000000094,9.285324205945,5443.291743208094
895.850000000094,415.850000000094,9.285324921708,5443.756009436286
895.900000000095,415.900000000095,9.285325637472,5444.220275700275
895.950000000095,415.950000000095,9.285326353235,5444.684542000043
896.000000000095,416.000000000095,9.285327068998,5445.148808335599
896.025000000000,416.025000000000,9.285327426879,5445.380941515915
896.050000000094,416.050000000094,9.285327995144,5445.613074709563
896.100000000095,416.100000000095,9.285329131674,5446.077341137742
896.150000000095,416.150000000095,9.285330268204,5446.541607622740
896.200000000095,416.200000000095,9.285331404733,5447.005874164563
896.250000000095,416.250000000095,9.285332541263,5447.470140763214
896.300000000095,416.300000000095,9.285333677793,5447.934407418689
896.350000000095,416.350000000095,9.285334814322,5448.398674130992
896.400000000095,416.400000000095,9.285335950852,5448.862940900121
896.450000000095,416.450000000095,9.285337087382,5449.327207726077
896.500000000095,416.500000000095,9.285338223911,5449.791474608860
896.550000000095,416.550000000095,9.285339360441,5450.255741548468
896.600000000095,416.600000000095,9.285340496970,5450.720008544903
896.650000000095,416.650000000095,9.285341633500,5451.184275598165
896.700000000095,416.700000000095,9.285342770030,5451.648542708253
896.750000000095,416.750000000095,9.285343906559,5452.112809875169
896.800000000095,416.800000000095,9.285345043089,5452.577077098909
896.850000000095,416.850000000095,9.285346179619,5453.041344379477
896.900000000095,416.900000000095,9.285347316148,5453.505611716871
896.950000000095,416.950000000095,9.285348452678,5453.969879111091
897.000000000095,417.000000000095,9.285349589208,5454.434146562139
897.025000000000,417.025000000000,9.285350157473,5454.666280308090
897.050000000095,417.050000000095,9.285350933024,5454.898414072603
897.100000000095,417.100000000095,9.285352484127,5455.362681658032
897.150000000095,417.150000000095,9.285354035230,5455.826949321016
897.200000000095,417.200000000095,9.285355586333,5456.291217061555
897.250000000095,417.250000000095,9.285357137435,5456.755484879650
897.300000000095,417.300000000095,9.285358688538,5457.219752775299
897.350000000095,417.350000000095,9.285360239641,5457.684020748503
897.400000000095,417.400000000095,9.285361790744,5458.148288799263
897.450000000095,417.450000000095,9.285363341847,5458.612556927577
897.500000000095,417.500000000095,9.285364892950,5459.076825133448
897.550000000095,417.550000000095,9.285366444052,5459.541093416872
897.600000000095,417.600000000095,9.285367995155,5460.005361777852
897.650000000095,417.650000000095,9.285369546258,5460.469630216388
897.700000000095,417.700000000095,9.285371097361,5460.933898732478
897.750000000095,417.750000000095,9.285372648464,5461.398167326124
897.800000000095,417.800000000095,9.285374199567,5461.862435997325
897.850000000095,417.850000000095,9.285375750669,5462.326704746080
897.900000000095,417.900000000095,9.285377301772,5462.790973572392
897.950000000095,417.950000000095,9.285378852875,5463.255242476258
898.000000000095,418.000000000095,9.285380403978,5463.719511457680
898.025000000000,418.025000000000,9.285381179529,5463.951645976591
898.050000000095,418.050000000095,9.285382159328,5464.183780519209
898.100000000095,418.100000000095,9.285384118926,5464.648049676165
898.150000000095,418.150000000095,9.285386078523,5465.112318931102
898.200000000095,418.200000000095,9.285388038121,5465.576588284018
898.250000000095,418.250000000095,9.285389997719,5466.040857734914
898.300000000095,418.300000000095,9.285391957316,5466.505127283790
898.350000000095,418.350000000095,9.285393916914,5466.969396930645
898.400000000095,418.400000000095,9.285395876512,5467.433666675482
898.450000000095,418.450000000095,9.285397836109,5467.897936518297
898.500000000095,418.500000000095,9.285399795707,5468.362206459093
898.550000000095,418.550000000095,9.285401755304,5468.826476497868
898.600000000095,418.600000000095,9.285403714902,5469.290746634622
898.650000000095,418.650000000095,9.285405674500,5469.755016869358
898.700000000095,418.700000000095,9.285407634097,5470.219287202072
898.750000000095,418.750000000095,9.285409593695,5470.683557632768
898.800000000095,418.800000000095,9.285411553293,5471.147828161442
898.850000000095,418.850000000095,9.285413512890,5471.612098788096
898.900000000095,418.900000000095,9.285415472488,5472.076369512731
898.950000000095,418.950000000095,9.285417432086,5472.540640335345
899.000000000095,419.000000000095,9.285419391683,5473.004911255939
899.025000000000,419.025000000000,9.285420371482,5473.237046752096
899.050000000095,419.050000000095,9.285421552547,5473.469182277028
899.100000000095,419.100000000095,9.285423914676,5473.933453413709
899.150000000095,419.150000000095,9.285426276806,5474.397724668496
899.200000000095,419.200000000095,9.285428638936,5474.861996041390
899.250000000095,419.250000000095,9.285431001065,5475.326267532390
899.300000000095,419.300000000095,9.285433363195,5475.790539141496
899.350000000095,419.350000000095,9.285435725325,5476.254810868709
899.400000000095,419.400000000095,9.285438087455,5476.719082714028
899.450000000095,419.450000000095,9.285440449584,5477.183354677454
899.500000000095,419.500000000095,9.285442811714,5477.647626758987
899.550000000096,419.550000000096,9.285445173843,5478.111898958635
899.600000000095,419.600000000095,9.285447535973,5478.576171276371
899.650000000095,419.650000000095,9.285449898103,5479.040443712223
899.700000000095,419.700000000095,9.285452260232,5479.504716266181
899.750000000096,419.750000000096,9.285454622362,5479.968988938255
899.800000000096,419.800000000096,9.285456984492,5480.433261728427
899.850000000095,419.850000000095,9.285459346622,5480.897534636695
899.900000000096,419.900000000096,9.285461708751,5481.361807663089
899.950000000096,419.950000000096,9.285464070881,5481.826080807579
900.000000000096,420.000000000096,9.285466433010,5482.290354070176
900.025000000000,420.025000000000,9.285467614075,5482.522490744874
900.050000000096,420.050000000096,9.285468993482,5482.754627453360
900.100000000096,420.100000000096,9.285471752294,5483.218900972004
900.150000000096,420.150000000096,9.285474511107,5483.683174628590
900.200000000096,420.200000000096,9.285477269919,5484.147448423115
900.250000000096,420.250000000096,9.285480028732,5484.611722355580
900.300000000096,420.300000000096,9.285482787544,5485.075996425988
900.350000000096,420.350000000096,9.285485546357,5485.540270634335
900.400000000096,420.400000000096,9.285488305170,5486.004544980624
900.450000000096,420.450000000096,9.285491063982,5486.468819464852
900.500000000096,420.500000000096,9.285493822795,5486.933094087021
900.550000000096,420.550000000096,9.285496581607,5487.397368847132
900.600000000096,420.600000000096,9.285499340420,5487.861643745183
900.650000000096,420.650000000096,9.285502099232,5488.325918781175
900.700000000096,420.700000000096,9.285504858045,5488.790193955106
900.750000000096,420.750000000096,9.285507616857,5489.254469266978
900.800000000096,420.800000000096,9.285510375670,5489.718744716792
900.850000000096,420.850000000096,9.285513134482,5490.183020304545
900.900000000096,420.900000000096,9.285515893295,5490.647296030240
900.950000000096,420.950000000096,9.285518652108,5491.111571893874
901.000000000096,421.000000000096,9.285521410920,5491.575847895449
901.025000000000,421.025000000000,9.285522790326,5491.807985947074
901.050000000096,421.050000000096,9.285524365206,5492.040124037409
901.100000000096,421.100000000096,9.285527514966,5492.504400334414
901.150000000096,421.150000000096,9.285530664725,5492.968676788907
901.200000000096,421.200000000096,9.285533814485,5493.432953400887
901.250000000096,421.250000000096,9.285536964244,5493.897230170354
901.300000000096,421.300000000096,9.285540114004,5494.361507097311
901.350000000096,421.350000000096,9.285543263763,5494.825784181755
901.400000000096,421.400000000096,9.285546413523,5495.290061423688
901.450000000096,421.450000000096,9.285549563282,5495.754338823108
901.500000000096,421.500000000096,9.285552713042,5496.218616380015
901.550000000096,421.550000000096,9.285555862801,5496.682894094411
901.600000000096,421.600000000096,9.285559012561,5497.147171966295
901.650000000096,421.650000000096,9.285562162321,5497.611449995667
901.700000000096,421.700000000096,9.285565312080,5498.075728182527
901.750000000096,421.750000000096,9.285568461839,5498.540006526875
901.800000000096,421.800000000096,9.285571611599,5499.004285028712
901.850000000096,421.850000000096,9.285574761358,5499.468563688035
901.900000000096,421.900000000096,9.285577911118,5499.932842504847
901.950000000096,421.950000000096,9.285581060877,5500.397121479146
902.000000000096,422.000000000096,9.285584210637,5500.861400610934
902.025000000000,422.025000000000,9.285585785517,5501.093540234994
902.050000000096,422.050000000096,9.285587553058,5501.325679902619
902.100000000096,422.100000000096,9.285591088140,5501.789959368648
902.150000000096,422.150000000096,9.285594623222,5502.254239011432
902.200000000096,422.200000000096,9.285598158304,5502.718518830970
902.250000000096,422.250000000096,9.285601693386,5503.182798827262
902.300000000096,422.300000000096,9.285605228468,5503.647079000309
902.350000000096,422.350000000096,9.285608763550,5504.111359350109
902.400000000096,422.400000000096,9.285612298632,5504.575639876663
902.450000000096,422.450000000096,9.285615833714,5505.039920579971
902.500000000096,422.500000000096,9.285619368796,5505.504201460034
902.550000000096,422.550000000096,9.285622903879,5505.968482516852
902.600000000096,422.600000000096,9.285626438961,5506.432763750422
902.650000000096,422.650000000096,9.285629974043,5506.897045160747
902.700000000096,422.700000000096,9.285633509125,5507.361326747826
902.750000000096,422.750000000096,9.285637044207,5507.825608511659
902.800000000096,422.800000000096,9.285640579289,5508.289890452247
902.850000000096,422.850000000096,9.285644114371,5508.754172569588
902.900000000096,422.900000000096,9.285647649453,5509.218454863684
902.950000000096,422.950000000096,9.285651184535,5509.682737334533
903.000000000096,423.000000000096,9.285654719617,5510.147019982137
903.025000000000,423.025000000000,9.285656487158,5510.379161371330
903.050000000096,423.050000000096,9.285658444602,5510.611302808869
903.100000000096,423.100000000096,9.285662359490,5511.075585828971
903.150000000096,423.150000000096,9.285666274379,5511.539869044818
903.200000000096,423.200000000096,9.285670189267,5512.004152456409
903.250000000096,423.250000000096,9.285674104155,5512.468436063744
903.300000000096,423.300000000096,9.285678019043,5512.932719866824
903.350000000096,423.350000000096,9.285681933931,5513.397003865648
903.400000000096,423.400000000096,9.285685848819,5513.861288060218
903.450000000096,423.450000000096,9.285689763707,5514.325572450531
903.500000000096,423.500000000096,9.285693678595,5514.789857036588
903.550000000096,423.550000000096,9.285697593483,5515.254141818390
903.600000000096,423.600000000096,9.285701508372,5515.718426795936
903.650000000096,423.650000000096,9.285705423260,5516.182711969227
903.700000000096,423.700000000096,9.285709338148,5516.646997338262
903.750000000096,423.750000000096,9.285713253036,5517.111282903041
903.800000000096,423.800000000096,9.285717167924,5517.575568663566
903.850000000096,423.850000000096,9.285721082812,5518.039854619834
903.900000000096,423.900000000096,9.285724997700,5518.504140771847
903.950000000096,423.950000000096,9.285728912589,5518.968427119604
904.000000000096,424.000000000096,9.285732827477,5519.432713663105
904.025000000000,424.025000000000,9.285734784921,5519.664857007369
904.050000000096,424.050000000096,9.285736929566,5519.897000404692
904.100000000096,424.100000000096,9.285741218856,5520.361287358402
904.150000000096,424.150000000096,9.285745508145,5520.825574526578
904.200000000096,424.200000000096,9.285749797435,5521.289861909217
904.250000000096,424.250000000096,9.285754086725,5521.754149506321
904.300000000096,424.300000000096,9.285758376015,5522.218437317890
904.350000000096,424.350000000096,9.285762665305,5522.682725343922
904.400000000096,424.400000000096,9.285766954595,5523.147013584420
904.450000000096,424.450000000096,9.285771243885,5523.611302039381
904.500000000096,424.500000000096,9.285775533174,5524.075590708808
904.550000000097,424.550000000097,9.285779822464,5524.539879592709
904.600000000096,424.600000000096,9.285784111754,5525.004168691054
904.650000000096,424.650000000096,9.285788401044,5525.468458003875
904.700000000097,424.700000000097,9.285792690334,5525.932747531168
904.750000000097,424.750000000097,9.285796979624,5526.397037272917
904.800000000097,424.800000000097,9.285801268914,5526.861327229131
904.850000000096,424.850000000096,9.285805558203,5527.325617399800
904.900000000097,424.900000000097,9.285809847493,5527.789907784952
904.950000000097,424.950000000097,9.285814136783,5528.254198384559
905.000000000097,425.000000000097,9.285818426073,5528.718489198631
905.025000000000,425.025000000000,9.285820570718,5528.950634685190
905.050000000097,425.050000000097,9.285822900046,5529.182780229477
905.100000000097,425.100000000097,9.285827558703,5529.647071490945
905.150000000097,425.150000000097,9.285832217360,5530.111362985346
905.200000000097,425.200000000097,9.285836876017,5530.575654712681
905.250000000097,425.250000000097,9.285841534673,5531.039946672948
905.300000000097,425.300000000097,9.285846193330,5531.504238866149
905.350000000097,425.350000000097,9.285850851987,5531.968531292281
905.400000000097,425.400000000097,9.285855510644,5532.432823951346
905.450000000097,425.450000000097,9.285860169301,5532.897116843345
905.500000000097,425.500000000097,9.285864827957,5533.361409968276
905.550000000097,425.550000000097,9.285869486614,5533.825703326142
905.600000000097,425.600000000097,9.285874145271,5534.289996916938
905.650000000097,425.650000000097,9.285878803928,5534.754290740668
905.700000000097,425.700000000097,9.285883462584,5535.218584797331
905.750000000097,425.750000000097,9.285888121241,5535.682879086927
905.800000000097,425.800000000097,9.285892779898,5536.147173609455
905.850000000097,425.850000000097,9.285897438555,5536.611468364917
905.900000000097,425.900000000097,9.285902097212,5537.075763353310
905.950000000097,425.950000000097,9.285906755868,5537.540058574638
906.000000000097,426.000000000097,9.285911414525,5538.004354028898
906.025000000000,426.025000000000,9.285913743853,5538.236501842477
906.050000000097,426.050000000097,9.285916255138,5538.468649718366
906.100000000097,426.100000000097,9.285921277706,5538.932945656687
906.150000000097,426.150000000097,9.285926300275,5539.397241846135
906.200000000097,426.200000000097,9.285931322843,5539.861538286714
906.250000000097,426.250000000097,9.285936345411,5540.325834978420
906.300000000097,426.300000000097,9.285941367980,5540.790131921255
906.350000000097,426.350000000097,9.285946390548,5541.254429115218
906.400000000097,426.400000000097,9.285951413117,5541.718726560309
906.450000000097,426.450000000097,9.285956435685,5542.183024256529
906.500000000097,426.500000000097,9.285961458253,5542.647322203878
906.550000000097,426.550000000097,9.285966480822,5543.111620402355
906.600000000097,426.600000000097,9.285971503390,5543.575918851960
906.650000000097,426.650000000097,9.285976525959,5544.040217552693
906.700000000097,426.700000000097,9.285981548527,5544.504516504556
906.750000000097,426.750000000097,9.285986571095,5544.968815707546
906.800000000097,426.800000000097,9.285991593664,5545.433115161666
906.850000000097,426.850000000097,9.285996616232,5545.897414866913
906.900000000097,426.900000000097,9.286001638801,5546.361714823289
906.950000000097,426.950000000097,9.286006661369,5546.826015030793
907.000000000097,427.000000000097,9.286011683937,5547.290315489426
907.025000000000,427.025000000000,9.286014195222,5547.522465812014
907.050000000097,427.050000000097,9.286016885912,5547.754616201430
907.100000000097,427.100000000097,9.286022267293,5548.218917180259
907.150000000097,427.150000000097,9.286027648674,5548.683218428158
907.200000000097,427.200000000097,9.286033030055,5549.147519945127
907.250000000097,427.250000000097,9.286038411436,5549.611821731164
907.300000000097,427.300000000097,9.286043792817,5550.076123786271
907.350000000097,427.350000000097,9.286049174198,5550.540426110446
907.400000000097,427.400000000097,9.286054555579,5551.004728703690
907.450000000097,427.450000000097,9.286059936960,5551.469031566004
907.500000000097,427.500000000097,9.286065318341,5551.933334697385
907.550000000097,427.550000000097,9.286070699722,5552.397638097837
907.600000000097,427.600000000097,9.286076081103,5552.861941767358
907.650000000097,427.650000000097,9.286081462484,5553.326245705947
907.700000000097,427.700000000097,9.286086843865,5553.790549913607
907.750000000097,427.750000000097,9.286092225246,5554.254854390334
907.800000000097,427.800000000097,9.286097606627,5554.719159136132
907.850000000097,427.850000000097,9.286102988008,5555.183464150997
907.900000000097,427.900000000097,9.286108369389,5555.647769434931
907.950000000097,427.950000000097,9.286113750769,5556.112074987936
908.000000000097,428.000000000097,9.286119132150,5556.576380810009
908.025000000000,428.025000000000,9.286121822841,5556.808533821046
908.050000000097,428.050000000097,9.286124690440,5557.040686903363
908.100000000097,428.100000000097,9.286130425638,5557.504993281264
908.150000000097,428.150000000097,9.286136160835,5557.969299945926
908.200000000097,428.200000000097,9.286141896033,5558.433606897348
908.250000000097,428.250000000097,9.286147631231,5558.897914135529
908.300000000097,428.300000000097,9.286153366429,5559.362221660472
908.350000000098,428.350000000098,9.286159101627,5559.826529472182
908.400000000097,428.400000000097,9.286164836824,5560.290837570634
908.450000000097,428.450000000097,9.286170572022,5560.755145955855
908.500000000097,428.500000000097,9.286176307220,5561.219454627836
908.550000000098,428.550000000098,9.286182042418,5561.683763586586
908.600000000098,428.600000000098,9.286187777616,5562.148072832088
908.650000000097,428.650000000097,9.286193512813,5562.612382364338
908.700000000098,428.700000000098,9.286199248011,5563.076692183369
908.750000000098,428.750000000098,9.286204983209,5563.541002289149
908.800000000098,428.800000000098,9.286210718407,5564.005312681689
908.850000000098,428.850000000098,9.286216453605,5564.469623360990
908.900000000098,428.900000000098,9.286222188802,5564.933934327050
908.950000000098,428.950000000098,9.286227924000,5565.398245579871
909.000000000098,429.000000000098,9.286233659198,5565.862557119451
909.025000000000,429.025000000000,9.286236526797,5566.094712995865
909.050000000098,429.050000000098,9.286239568850,5566.326868947970
909.100000000098,429.100000000098,9.286245652957,5566.791181078516
909.150000000098,429.150000000098,9.286251737063,5567.255493513267
909.200000000098,429.200000000098,9.286257821169,5567.719806252223
909.250000000098,429.250000000098,9.286263905276,5568.184119295383
909.300000000098,429.300000000098,9.286269989382,5568.648432642750
909.350000000098,429.350000000098,9.286276073489,5569.112746294322
909.400000000098,429.400000000098,9.286282157595,5569.577060250099
909.450000000098,429.450000000098,9.286288241701,5570.041374510082
909.500000000098,429.500000000098,9.286294325808,5570.505689074270
909.550000000098,429.550000000098,9.286300409914,5570.970003942663
909.600000000098,429.600000000098,9.286306494021,5571.434319115261
909.650000000098,429.650000000098,9.286312578127,5571.898634592065
909.700000000098,429.700000000098,9.286318662234,5572.362950373074
909.750000000098,429.750000000098,9.286324746340,5572.827266458288
909.800000000098,429.800000000098,9.286330830447,5573.291582847707
909.850000000098,429.850000000098,9.286336914553,5573.755899541333
909.900000000098,429.900000000098,9.286342998659,5574.220216539163
909.950000000098,429.950000000098,9.286349082766,5574.684533841199
910.000000000098,430.000000000098,9.286355166872,5575.148851447439
910.025000000000,430.025000000000,9.286358208925,5575.381010363727
910.050000000098,430.050000000098,9.286361423038,5575.613169360036
910.100000000098,430.100000000098,9.286367851264,5576.077487591894
910.150000000098,430.150000000098,9.286374279490,5576.541806145163
910.200000000098,430.200000000098,9.286380707716,5577.006125019843
910.250000000098,430.250000000098,9.286387135942,5577.470444215935
910.300000000098,430.300000000098,9.286393564167,5577.934763733437
910.350000000098,430.350000000098,9.286399992393,5578.399083572352
910.400000000098,430.400000000098,9.286406420619,5578.863403732676
910.450000000098,430.450000000098,9.286412848845,5579.327724214414
910.500000000098,430.500000000098,9.286419277070,5579.792045017562
910.550000000098,430.550000000098,9.286425705296,5580.256366142120
910.600000000098,430.600000000098,9.286432133522,5580.720687588091
910.650000000098,430.650000000098,9.286438561748,5581.185009355472
910.700000000098,430.700000000098,9.286444989974,5581.649331444266
910.750000000098,430.750000000098,9.286451418199,5582.113653854470
910.800000000098,430.800000000098,9.286457846425,5582.577976586085
910.850000000098,430.850000000098,9.286464274651,5583.042299639113
910.900000000098,430.900000000098,9.286470702877,5583.506623013551
910.950000000098,430.950000000098,9.286477131103,5583.970946709401
911.000000000098,431.000000000098,9.286483559328,5584.435270726661
911.025000000000,431.025000000000,9.286486773441,5584.667432854910
911.050000000098,431.050000000098,9.286490157358,5584.899595067454
911.100000000098,431.100000000098,9.286496925193,5585.363919744519
911.150000000098,431.150000000098,9.286503693027,5585.828244759974
911.200000000098,431.200000000098,9.286510460861,5586.292570113822
911.250000000098,431.250000000098,9.286517228696,5586.756895806060
911.300000000098,431.300000000098,9.286523996530,5587.221221836690
911.350000000098,431.350000000098,9.286530764364,5587.685548205714
911.400000000098,431.400000000098,9.286537532199,5588.149874913127
911.450000000098,431.450000000098,9.286544300033,5588.614201958933
911.500000000098,431.500000000098,9.286551067867,5589.078529343131
911.550000000098,431.550000000098,9.286557835702,5589.542857065720
911.600000000098,431.600000000098,9.286564603536,5590.007185126701
911.650000000098,431.650000000098,9.286571371370,5590.471513526073
911.700000000098,431.700000000098,9.286578139204,5590.935842263838
911.750000000098,431.750000000098,9.286584907039,5591.400171339994
911.800000000098,431.800000000098,9.286591674873,5591.864500754541
911.850000000098,431.850000000098,9.286598442707,5592.328830507481
911.900000000098,431.900000000098,9.286605210542,5592.793160598812
911.950000000098,431.950000000098,9.286611978376,5593.257491028536
912.000000000098,432.000000000098,9.286618746210,5593.721821796650
912.025000000000,432.025000000000,9.286622130127,5593.953987306694
912.050000000098,432.050000000098,9.286625681405,5594.186152905248
912.100000000098,432.100000000098,9.286632783961,5594.650484366884
912.150000000098,432.150000000098,9.286639886517,5595.114816183645
912.200000000098,432.200000000098,9.286646989073,5595.579148355536
912.250000000098,432.250000000098,9.286654091629,5596.043480882553
912.300000000098,432.300000000098,9.286661194185,5596.507813764698
912.350000000098,432.350000000098,9.286668296741,5596.972147001971
912.400000000098,432.400000000098,9.286675399297,5597.436480594371
912.450000000098,432.450000000098,9.286682501853,5597.900814541901
912.500000000098,432.500000000098,9.286689604409,5598.365148844558
912.550000000098,432.550000000098,9.286696706964,5598.829483502342
912.600000000098,432.600000000098,9.286703809520,5599.293818515254
912.650000000098,432.650000000098,9.286710912076,5599.758153883294
912.700000000098,432.700000000098,9.286718014632,5600.222489606462
912.750000000098,432.750000000098,9.286725117188,5600.686825684757
912.800000000098,432.800000000098,9.286732219744,5601.151162118179
912.850000000098,432.850000000098,9.286739322300,5601.615498906731
912.900000000098,432.900000000098,9.286746424856,5602.079836050410
912.950000000098,432.950000000098,9.286753527412,5602.544173549217
913.000000000098,433.000000000098,9.286760629968,5603.008511403151
913.025000000000,433.025000000000,9.286764181246,5603.240680462381
913.050000000098,433.050000000098,9.286767897618,5603.472849614276
913.100000000098,433.100000000098,9.286775330362,5603.937188194976
913.150000000098,433.150000000098,9.286782763106,5604.401527147313
913.200000000098,433.200000000098,9.286790195850,5604.865866471288
913.250000000098,433.250000000098,9.286797628595,5605.330206166898
913.300000000098,433.300000000098,9.286805061339,5605.794546234146
913.350000000099,433.350000000099,9.286812494083,5606.258886673041
913.400000000098,433.400000000098,9.286819926827,5606.723227483554
913.450000000098,433.450000000098,9.286827359572,5607.187568665715
913.500000000099,433.500000000099,9.286834792316,5607.651910219522
913.550000000099,433.550000000099,9.286842225060,5608.116252144956
913.600000000099,433.600000000099,9.286849657804,5608.580594442028
913.650000000098,433.650000000098,9.286857090549,5609.044937110727
913.700000000099,433.700000000099,9.286864523293,5609.509280151082
913.750000000099,433.750000000099,9.286871956037,5609.973623563065
913.800000000099,433.800000000099,9.286879388781,5610.437967346686
913.850000000099,433.850000000099,9.286886821526,5610.902311501944
913.900000000099,433.900000000099,9.286894254270,5611.366656028838
913.950000000099,433.950000000099,9.286901687014,5611.831000927370
914.000000000099,434.000000000099,9.286909119758,5612.295346197540
914.025000000000,434.025000000000,9.286912836130,5612.527518971069
914.050000000099,434.050000000099,9.286916715367,5612.759691841382
914.100000000099,434.100000000099,9.286924473839,5613.224037871113
914.150000000099,434.150000000099,9.286932232312,5613.688384288766
914.200000000099,434.200000000099,9.286939990784,5614.152731094344
914.250000000099,434.250000000099,9.286947749257,5614.617078287845
914.300000000099,434.300000000099,9.286955507729,5615.081425869270
914.350000000099,434.350000000099,9.286963266202,5615.545773838619
914.400000000099,434.400000000099,9.286971024674,5616.010122195890
914.450000000099,434.450000000099,9.286978783147,5616.474470941085
914.500000000099,434.500000000099,9.286986541619,5616.938820074205
914.550000000099,434.550000000099,9.286994300091,5617.403169595247
914.600000000099,434.600000000099,9.287002058564,5617.867519504214
914.650000000099,434.650000000099,9.287009817037,5618.331869801103
914.700000000099,434.700000000099,9.287017575509,5618.796220485917
914.750000000099,434.750000000099,9.287025333981,5619.260571558655
914.800000000099,434.800000000099,9.287033092454,5619.724923019316
914.850000000099,434.850000000099,9.287040850926,5620.189274867901
914.900000000099,434.900000000099,9.287048609399,5620.653627104409
914.950000000099,434.950000000099,9.287056367871,5621.117979728841
915.000000000099,435.000000000099,9.287064126344,5621.582332741196
915.025000000000,435.025000000000,9.287068005580,5621.814509391926
915.050000000099,435.050000000099,9.287072045487,5622.046686143483
915.100000000099,435.100000000099,9.287080125301,5622.511039947753
915.150000000099,435.150000000099,9.287088205114,5622.975394156014
915.200000000099,435.200000000099,9.287096284928,5623.439748768265
915.250000000099,435.250000000099,9.287104364742,5623.904103784507
915.300000000099,435.300000000099,9.287112444555,5624.368459204739
915.350000000099,435.350000000099,9.287120524369,5624.832815028964
915.400000000099,435.400000000099,9.287128604183,5625.297171257177
915.450000000099,435.450000000099,9.287136683996,5625.761527889381
915.500000000099,435.500000000099,9.287144763810,5626.225884925577
915.550000000099,435.550000000099,9.287152843624,5626.690242365762
915.600000000099,435.600000000099,9.287160923438,5627.154600209939
915.650000000099,435.650000000099,9.287169003251,5627.618958458106
915.700000000099,435.700000000099,9.287177083065,5628.083317110264
915.750000000099,435.750000000099,9.287185162879,5628.547676166413
915.800000000099,435.800000000099,9.287193242692,5629.012035626552
915.850000000099,435.850000000099,9.287201322506,5629.476395490682
915.900000000099,435.900000000099,9.287209402320,5629.940755758802
915.950000000099,435.950000000099,9.287217482133,5630.405116430913
916.000000000099,436.000000000099,9.287225561947,5630.869477507015
916.025000000000,436.025000000000,9.287229601854,5631.101658195643
916.050000000099,436.050000000099,9.287233800277,5631.333838989089
916.100000000099,436.100000000099,9.287242197123,5631.798200889024
916.150000000099,436.150000000099,9.287250593969,5632.262563208801
916.200000000099,436.200000000099,9.287258990814,5632.726925948420
916.250000000099,436.250000000099,9.287267387660,5633.191289107883
916.300000000099,436.300000000099,9.287275784506,5633.655652687186
916.350000000099,436.350000000099,9.287284181352,5634.120016686334
916.400000000099,436.400000000099,9.287292578198,5634.584381105322
916.450000000099,436.450000000099,9.287300975044,5635.048745944153
916.500000000099,436.500000000099,9.287309371890,5635.513111202827
916.550000000099,436.550000000099,9.287317768735,5635.977476881342
916.600000000099,436.600000000099,9.287326165581,5636.441842979701
916.650000000099,436.650000000099,9.287334562427,5636.906209497901
916.700000000099,436.700000000099,9.287342959273,5637.370576435943
916.750000000099,436.750000000099,9.287351356119,5637.834943793829
916.800000000099,436.800000000099,9.287359752965,5638.299311571555
916.850000000099,436.850000000099,9.287368149811,5638.763679769126
916.900000000099,436.900000000099,9.287376546656,5639.228048386537
916.950000000099,436.950000000099,9.287384943502,5639.692417423790
917.000000000099,437.000000000099,9.287393340348,5640.156786880887
917.025000000000,437.025000000000,9.287397538771,5640.388971765956
917.050000000099,437.050000000099,9.287401893594,5640.621156759780
917.100000000099,437.100000000099,9.287410603240,5641.085527072201
917.150000000100,437.150000000100,9.287419312886,5641.549897820114
917.200000000099,437.200000000099,9.287428022531,5642.014269003489
917.250000000099,437.250000000099,9.287436732177,5642.478640622357
917.300000000099,437.300000000099,9.287445441823,5642.943012676707
917.350000000100,437.350000000100,9.287454151469,5643.407385166549
917.400000000100,437.400000000100,9.287462861115,5643.871758091864
917.450000000099,437.450000000099,9.287471570760,5644.336131452651
917.500000000100,437.500000000100,9.287480280406,5644.800505248941
917.550000000100,437.550000000100,9.287488990052,5645.264879480702
917.600000000100,437.600000000100,9.287497699698,5645.729254147946
917.650000000100,437.650000000100,9.287506409344,5646.193629250673
917.700000000100,437.700000000100,9.287515118990,5646.658004788880
917.750000000100,437.750000000100,9.287523828635,5647.122380762571
917.800000000100,437.800000000100,9.287532538281,5647.586757171744
917.850000000100,437.850000000100,9.287541247927,5648.051134016398
917.900000000100,437.900000000100,9.287549957573,5648.515511296537
917.950000000100,437.950000000100,9.287558667219,5648.979889012156
918.000000000100,438.000000000100,9.287567376864,5649.444267163260
918.025000000000,438.025000000000,9.287571731687,5649.676456401187
918.050000000100,438.050000000100,9.287576240832,5649.908645751772
918.100000000100,438.100000000100,9.287585259121,5650.373024789271
918.150000000100,438.150000000100,9.287594277411,5650.837404277685
918.200000000100,438.200000000100,9.287603295700,5651.301784217012
918.250000000100,438.250000000100,9.287612313989,5651.766164607255
918.300000000100,438.300000000100,9.287621332279,5652.230545448411
918.350000000100,438.350000000100,9.287630350568,5652.694926740482
918.400000000100,438.400000000100,9.287639368857,5653.159308483468
918.450000000100,438.450000000100,9.287648387147,5653.623690677367
918.500000000100,438.500000000100,9.287657405436,5654.088073322183
918.550000000100,438.550000000100,9.287666423725,5654.552456417911
918.600000000100,438.600000000100,9.287675442014,5655.016839964554
918.650000000100,438.650000000100,9.287684460304,5655.481223962113
918.700000000100,438.700000000100,9.287693478593,5655.945608410585
918.750000000100,438.750000000100,9.287702496882,5656.409993309972
918.800000000100,438.800000000100,9.287711515172,5656.874378660274
918.850000000100,438.850000000100,9.287720533461,5657.338764461489
918.900000000100,438.900000000100,9.287729551750,5657.803150713619
918.950000000100,438.950000000100,9.287738570040,5658.267537416664
919.000000000100,439.000000000100,9.287747588329,5658.731924570624
919.025000000000,439.025000000000,9.287752097474,5658.964118315767
919.050000000100,439.050000000100,9.287756758914,5659.196312177402
919.100000000100,439.100000000100,9.287766081794,5659.660700248419
919.150000000100,439.150000000100,9.287775404674,5660.125088785581
919.200000000100,439.200000000100,9.287784727554,5660.589477788886
919.250000000100,439.250000000100,9.287794050434,5661.053867258336
919.300000000100,439.300000000100,9.287803373314,5661.518257193929
919.350000000100,439.350000000100,9.287812696194,5661.982647595667
919.400000000100,439.400000000100,9.287822019074,5662.447038463550
919.450000000100,439.450000000100,9.287831341954,5662.911429797575
919.500000000100,439.500000000100,9.287840664834,5663.375821597745
919.550000000100,439.550000000100,9.287849987714,5663.840213864059
919.600000000100,439.600000000100,9.287859310594,5664.304606596515
919.650000000100,439.650000000100,9.287868633474,5664.768999795117
919.700000000100,439.700000000100,9.287877956354,5665.233393459863
919.750000000100,439.750000000100,9.287887279233,5665.697787590753
919.800000000100,439.800000000100,9.287896602113,5666.162182187786
919.850000000100,439.850000000100,9.287905924993,5666.626577250963
919.900000000100,439.900000000100,9.287915247873,5667.090972780285
919.950000000100,439.950000000100,9.287924570753,5667.555368775751
920.000000000100,440.000000000100,9.287933893633,5668.019765237362
920.025000000000,440.025000000000,9.287938555073,5668.251963642041
920.050000000100,440.050000000100,9.287943366798,5668.484162166994
920.100000000100,440.100000000100,9.287952990247,5668.948559575920
920.150000000100,440.150000000100,9.287962613696,5669.412957466019
920.200000000100,440.200000000100,9.287972237145,5669.877355837290
920.250000000100,440.250000000100,9.287981860594,5670.341754689734
920.300000000100,440.300000000100,9.287991484043,5670.806154023349
920.350000000100,440.350000000100,9.288001107492,5671.270553838137
920.400000000100,440.400000000100,9.288010730941,5671.734954134098
920.450000000100,440.450000000100,9.288020354390,5672.199354911231
920.500000000100,440.500000000100,9.288029977839,5672.663756169538
920.550000000100,440.550000000100,9.288039601288,5673.128157909015
920.600000000100,440.600000000100,9.288049224737,5673.592560129666
920.650000000100,440.650000000100,9.288058848186,5674.056962831490
920.700000000100,440.700000000100,9.288068471635,5674.521366014485
920.750000000100,440.750000000100,9.288078095084,5674.985769678653
920.800000000100,440.800000000100,9.288087718533,5675.450173823993
920.850000000100,440.850000000100,9.288097341982,5675.914578450505
920.900000000100,440.900000000100,9.288106965431,5676.378983558191
920.950000000100,440.950000000100,9.288116588880,5676.843389147049
921.000000000100,441.000000000100,9.288126212329,5677.307795217080
921.025000000000,441.025000000000,9.288131024054,5677.539998431605
921.050000000100,441.050000000100,9.288135984086,5677.772201770136
921.100000000100,441.100000000100,9.288145904152,5678.236608817342
921.150000000100,441.150000000100,9.288155824218,5678.701016360552
921.200000000100,441.200000000100,9.288165744284,5679.165424399764
921.250000000100,441.250000000100,9.288175664350,5679.629832934980
921.300000000100,441.300000000100,9.288185584415,5680.094241966199
921.350000000100,441.350000000100,9.288195504481,5680.558651493421
921.400000000100,441.400000000100,9.288205424547,5681.023061516647
921.450000000100,441.450000000100,9.288215344613,5681.487472035876
921.500000000100,441.500000000100,9.288225264678,5681.951883051109
921.550000000100,441.550000000100,9.288235184744,5682.416294562344
921.600000000100,441.600000000100,9.288245104810,5682.880706569582
921.650000000100,441.650000000100,9.288255024876,5683.345119072825
921.700000000100,441.700000000100,9.288264944942,5683.809532072069
921.750000000100,441.750000000100,9.288274865007,5684.273945567319
921.800000000100,441.800000000100,9.288284785073,5684.738359558571
921.850000000100,441.850000000100,9.288294705139,5685.202774045825
921.900000000100,441.900000000100,9.288304625205,5685.667189029085
921.950000000100,441.950000000100,9.288314545270,5686.131604508346
922.000000000100,442.000000000100,9.288324465336,5686.596020483612
922.025000000000,442.025000000000,9.288329425369,5686.828228656316
922.050000000100,442.050000000100,9.288334531778,5687.060436956710
922.100000000100,442.100000000100,9.288344744595,5687.524853938618
922.150000000101,442.150000000101,9.288354957413,5687.989271431179
922.200000000100,442.200000000100,9.288365170230,5688.453689434360
922.250000000100,442.250000000100,9.288375383047,5688.918107948192
922.300000000101,442.300000000101,9.288385595865,5689.382526972674
922.350000000101,442.350000000101,9.288395808682,5689.846946507787
922.400000000101,442.400000000101,9.288406021499,5690.311366553542
922.450000000100,442.450000000100,9.288416234317,5690.775787109927
922.500000000101,442.500000000101,9.288426447134,5691.240208176972
922.550000000101,442.550000000101,9.288436659951,5691.704629754650
922.600000000101,442.600000000101,9.288446872769,5692.169051842968
922.650000000101,442.650000000101,9.288457085586,5692.633474441927
922.700000000101,442.700000000101,9.288467298403,5693.097897551526
922.750000000101,442.750000000101,9.288477511221,5693.562321171767
922.800000000101,442.800000000101,9.288487724038,5694.026745302649
922.850000000101,442.850000000101,9.288497936855,5694.491169944171
922.900000000101,442.900000000101,9.288508149673,5694.955595096335
922.950000000101,442.950000000101,9.288518362490,5695.420020759138
923.000000000101,443.000000000101,9.288528575308,5695.884446932583
923.025000000000,443.025000000000,9.288533681716,5696.116660209858
923.050000000101,443.050000000101,9.288538932602,5696.348873618475
923.100000000101,443.100000000101,9.288549434374,5696.813300827649
923.150000000101,443.150000000101,9.288559936146,5697.277728561913
923.200000000101,443.200000000101,9.288570437918,5697.742156821264
923.250000000101,443.250000000101,9.288580939690,5698.206585605703
923.300000000101,443.300000000101,9.288591441462,5698.671014915233
923.350000000101,443.350000000101,9.288601943234,5699.135444749850
923.400000000101,443.400000000101,9.288612445006,5699.599875109557
923.450000000101,443.450000000101,9.288622946778,5700.064305994351
923.500000000101,443.500000000101,9.288633448550,5700.528737404235
923.550000000101,443.550000000101,9.288643950322,5700.993169339207
923.600000000101,443.600000000101,9.288654452094,5701.457601799268
923.650000000101,443.650000000101,9.288664953866,5701.922034784418
923.700000000101,443.700000000101,9.288675455638,5702.386468294655
923.750000000101,443.750000000101,9.288685957410,5702.850902329981
923.800000000101,443.800000000101,9.288696459182,5703.315336890397
923.850000000101,443.850000000101,9.288706960954,5703.779771975900
923.900000000101,443.900000000101,9.288717462727,5704.244207586493
923.950000000101,443.950000000101,9.288727964498,5704.708643722173
924.000000000101,444.000000000101,9.288738466270,5705.173080382942
924.025000000000,444.025000000000,9.288743717157,5705.405298909297
924.050000000101,444.050000000101,9.288749110743,5705.637517570584
924.100000000101,444.100000000101,9.288759897917,5706.101955295801
924.150000000101,444.150000000101,9.288770685091,5706.566393560376
924.200000000101,444.200000000101,9.288781472265,5707.030832364309
924.250000000101,444.250000000101,9.288792259439,5707.495271707601
924.300000000101,444.300000000101,9.288803046612,5707.959711590253
924.350000000101,444.350000000101,9.288813833786,5708.424152012263
924.400000000101,444.400000000101,9.288824620960,5708.888592973633
924.450000000101,444.450000000101,9.288835408134,5709.353034474359
924.500000000101,444.500000000101,9.288846195308,5709.817476514445
924.550000000101,444.550000000101,9.288856982482,5710.281919093890
924.600000000101,444.600000000101,9.288867769655,5710.746362212692
924.650000000101,444.650000000101,9.288878556829,5711.210805870855
924.700000000101,444.700000000101,9.288889344003,5711.675250068376
924.750000000101,444.750000000101,9.288900131177,5712.139694805255
924.800000000101,444.800000000101,9.288910918351,5712.604140081494
924.850000000101,444.850000000101,9.288921705524,5713.068585897090
924.900000000101,444.900000000101,9.288932492698,5713.533032252047
924.950000000101,444.950000000101,9.288943279872,5713.997479146361
925.000000000101,445.000000000101,9.288954067046,5714.461926580034
925.025000000000,445.025000000000,9.288959460633,5714.694150498191
925.050000000101,445.050000000101,9.288964994997,5714.926374554825
925.100000000101,445.100000000101,9.288976063726,5715.390823081293
925.150000000101,445.150000000101,9.288987132455,5715.855272161199
925.200000000101,445.200000000101,9.288998201184,5716.319721794539
925.250000000101,445.250000000101,9.289009269913,5716.784171981316
925.300000000101,445.300000000101,9.289020338643,5717.248622721530
925.350000000101,445.350000000101,9.289031407372,5717.713074015181
925.400000000101,445.400000000101,9.289042476101,5718.177525862268
925.450000000101,445.450000000101,9.289053544830,5718.641978262791
925.500000000101,445.500000000101,9.289064613559,5719.106431216750
925.550000000101,445.550000000101,9.289075682288,5719.570884724147
925.600000000101,445.600000000101,9.289086751017,5720.035338784979
925.650000000101,445.650000000101,9.289097819746,5720.499793399249
925.700000000101,445.700000000101,9.289108888475,5720.964248566954
925.750000000101,445.750000000101,9.289119957204,5721.428704288095
925.800000000101,445.800000000101,9.289131025933,5721.893160562674
925.850000000101,445.850000000101,9.289142094662,5722.357617390689
925.900000000101,445.900000000101,9.289153163392,5722.822074772141
925.950000000102,445.950000000102,9.289164232121,5723.286532707038
926.000000000101,446.000000000101,9.289175300850,5723.750991195352
926.025000000000,446.025000000000,9.289180835214,5723.983220646115
926.050000000101,446.050000000101,9.289186508559,5724.215450238851
926.100000000101,446.100000000101,9.289197855248,5724.679909847946
926.150000000102,446.150000000102,9.289209201937,5725.144370024384
926.200000000102,446.200000000102,9.289220548626,5725.608830768149
926.250000000101,446.250000000101,9.289231895315,5726.073292079238
926.300000000102,446.300000000102,9.289243242004,5726.537753957681
926.350000000102,446.350000000102,9.289254588692,5727.002216403448
926.400000000102,446.400000000102,9.289265935382,5727.466679416550
926.450000000102,446.450000000102,9.289277282070,5727.931142996987
926.500000000102,446.500000000102,9.289288628759,5728.395607144757
926.550000000102,446.550000000102,9.289299975448,5728.860071859864
926.600000000102,446.600000000102,9.289311322137,5729.324537142303
926.650000000102,446.650000000102,9.289322668826,5729.789002992076
926.700000000102,446.700000000102,9.289334015515,5730.253469409186
926.750000000102,446.750000000102,9.289345362204,5730.717936393628
926.800000000102,446.800000000102,9.289356708893,5731.182403945407
926.850000000102,446.850000000102,9.289368055582,5731.646872064518
926.900000000102,446.900000000102,9.289379402271,5732.111340750964
926.950000000102,446.950000000102,9.289390748960,5732.575810004745
927.000000000102,447.000000000102,9.289402095649,5733.040279825860
927.025000000000,447.025000000000,9.289407768994,5733.272514948220
927.050000000102,447.050000000102,9.289413579554,5733.504750216025
927.100000000102,447.100000000102,9.289425200676,5733.969221185531
927.150000000102,447.150000000102,9.289436821797,5734.433692736092
927.200000000102,447.200000000102,9.289448442919,5734.898164867710
927.250000000102,447.250000000102,9.289460064041,5735.362637580383
927.300000000102,447.300000000102,9.289471685162,5735.827110874114
927.350000000102,447.350000000102,9.289483306283,5736.291584748899
927.400000000102,447.400000000102,9.289494927405,5736.756059204741
927.450000000102,447.450000000102,9.289506548527,5737.220534241640
927.500000000102,447.500000000102,9.289518169648,5737.685009859594
927.550000000102,447.550000000102,9.289529790770,5738.149486058605
927.600000000102,447.600000000102,9.289541411891,5738.613962838672
927.650000000102,447.650000000102,9.289553033013,5739.078440199794
927.700000000102,447.700000000102,9.289564654134,5739.542918141974
927.750000000102,447.750000000102,9.289576275256,5740.007396665208
927.800000000102,447.800000000102,9.289587896377,5740.471875769499
927.850000000102,447.850000000102,9.289599517499,5740.936355454845
927.900000000102,447.900000000102,9.289611138621,5741.400835721248
927.950000000102,447.950000000102,9.289622759742,5741.865316568707
928.000000000102,448.000000000102,9.289634380864,5742.329797997222
928.025000000000,448.025000000000,9.289640191424,5742.562038928429
928.050000000102,448.050000000102,9.289646137545,5742.794280008489
928.100000000102,448.100000000102,9.289658029787,5743.258762612672
928.150000000102,448.150000000102,9.289669922029,5743.723245811468
928.200000000102,448.200000000102,9.289681814271,5744.187729604876
928.250000000102,448.250000000102,9.289693706513,5744.652213992896
928.300000000102,448.300000000102,9.289705598755,5745.116698975528
928.350000000102,448.350000000102,9.289717490997,5745.581184552771
928.400000000102,448.400000000102,9.289729383239,5746.045670724627
928.450000000102,448.450000000102,9.289741275481,5746.510157491095
928.500000000102,448.500000000102,9.289753167723,5746.974644852175
928.550000000102,448.550000000102,9.289765059964,5747.439132807867
928.600000000102,448.600000000102,9.289776952206,5747.903621358171
928.650000000102,448.650000000102,9.289788844448,5748.368110503087
928.700000000102,448.700000000102,9.289800736690,5748.832600242617
928.750000000102,448.750000000102,9.289812628932,5749.297090576757
928.800000000102,448.800000000102,9.289824521174,5749.761581505511
928.850000000102,448.850000000102,9.289836413416,5750.226073028874
928.900000000102,448.900000000102,9.289848305658,5750.690565146851
928.950000000102,448.950000000102,9.289860197900,5751.155057859440
929.000000000102,449.000000000102,9.289872090142,5751.619551166640
929.025000000000,449.025000000000,9.289878036263,5751.851798042273
929.050000000102,449.050000000102,9.289884116170,5752.084045070126
929.100000000102,449.100000000102,9.289896275985,5752.548539579930
929.150000000102,449.150000000102,9.289908435800,5753.013034697724
929.200000000102,449.200000000102,9.289920595615,5753.477530423510
929.250000000102,449.250000000102,9.289932755430,5753.942026757286
929.300000000102,449.300000000102,9.289944915245,5754.406523699054
929.350000000102,449.350000000102,9.289957075059,5754.871021248810
929.400000000102,449.400000000102,9.289969234874,5755.335519406558
929.450000000102,449.450000000102,9.289981394689,5755.800018172297
929.500000000102,449.500000000102,9.289993554504,5756.264517546027
929.550000000102,449.550000000102,9.290005714319,5756.729017527748
929.600000000102,449.600000000102,9.290017874134,5757.193518117459
929.650000000102,449.650000000102,9.290030033949,5757.658019315160
929.700000000102,449.700000000102,9.290042193764,5758.122521120854
929.750000000102,449.750000000102,9.290054353579,5758.587023534537
929.800000000102,449.800000000102,9.290066513394,5759.051526556213
929.850000000102,449.850000000102,9.290078673208,5759.516030185877
929.900000000102,449.900000000102,9.290090833023,5759.980534423532
929.950000000102,449.950000000102,9.290102992838,5760.445039269179
930.000000000102,450.000000000102,9.290115152653,5760.909544722816
930.025000000000,450.025000000000,9.290121232561,5761.141797676683
930.050000000102,450.050000000102,9.290127444564,5761.374050786096
930.100000000102,450.100000000102,9.290139868570,5761.838557468924
930.150000000102,450.150000000102,9.290152292576,5762.303064772952
930.200000000102,450.200000000102,9.290164716582,5762.767572698182
930.250000000102,450.250000000102,9.290177140588,5763.232081244611
930.300000000102,450.300000000102,9.290189564594,5763.696590412241
930.350000000102,450.350000000102,9.290201988600,5764.161100201070
930.400000000102,450.400000000102,9.290214412606,5764.625610611100
930.450000000102,450.450000000102,9.290226836612,5765.090121642332
930.500000000102,450.500000000102,9.290239260618,5765.554633294762
930.550000000102,450.550000000102,9.290251684624,5766.019145568394
930.600000000102,450.600000000102,9.290264108631,5766.483658463226
930.650000000102,450.650000000102,9.290276532637,5766.948171979257
930.700000000102,450.700000000102,9.290288956643,5767.412686116490
930.750000000102,450.750000000102,9.290301380649,5767.877200874921
930.800000000102,450.800000000102,9.290313804655,5768.341716254555
930.850000000102,450.850000000102,9.290326228661,5768.806232255387
930.900000000102,450.900000000102,9.290338652667,5769.270748877419
930.950000000103,450.950000000103,9.290351076673,5769.735266120663
931.000000000102,451.000000000102,9.290363500679,5770.199783985087
931.025000000000,451.025000000000,9.290369712682,5770.432043149307
931.050000000102,451.050000000102,9.290376055135,5770.664302472353
931.100000000103,451.100000000103,9.290388740041,5771.128821592241
931.150000000103,451.150000000103,9.290401424946,5771.593341346365
931.200000000103,451.200000000103,9.290414109852,5772.057861734736
931.250000000102,451.250000000102,9.290426794757,5772.522382757341
931.300000000103,451.300000000103,9.290439479663,5772.986904414211
931.350000000103,451.350000000103,9.290452164568,5773.451426705317
931.400000000103,451.400000000103,9.290464849474,5773.915949630668
931.450000000103,451.450000000103,9.290477534379,5774.380473190266
931.500000000103,451.500000000103,9.290490219285,5774.844997384107
931.550000000103,451.550000000103,9.290502904190,5775.309522212194
931.600000000103,451.600000000103,9.290515589096,5775.774047674527
931.650000000103,451.650000000103,9.290528274001,5776.238573771104
931.700000000103,451.700000000103,9.290540958907,5776.703100501927
931.750000000103,451.750000000103,9.290553643812,5777.167627866995
931.800000000103,451.800000000103,9.290566328718,5777.632155866308
931.850000000103,451.850000000103,9.290579013623,5778.096684499867
931.900000000103,451.900000000103,9.290591698529,5778.561213767670
931.950000000103,451.950000000103,9.290604383434,5779.025743669719
932.000000000103,452.000000000103,9.290617068340,5779.490274206013
932.025000000000,452.025000000000,9.290623410793,5779.722539711045
932.050000000103,452.050000000103,9.290629877562,5779.954805378106
932.100000000103,452.100000000103,9.290642811101,5780.419337195323
932.150000000103,452.150000000103,9.290655744640,5780.883869659217
932.200000000103,452.200000000103,9.290668678179,5781.348402769788
932.250000000103,452.250000000103,9.290681611718,5781.812936527035
932.300000000103,452.300000000103,9.290694545257,5782.277470930959
932.350000000103,452.350000000103,9.290707478795,5782.742005981560
932.400000000103,452.400000000103,9.290720412334,5783.206541678838
932.450000000103,452.450000000103,9.290733345873,5783.671078022794
932.500000000103,452.500000000103,9.290746279412,5784.135615013426
932.550000000103,452.550000000103,9.290759212951,5784.600152650734
932.600000000103,452.600000000103,9.290772146490,5785.064690934721
932.650000000103,452.650000000103,9.290785080029,5785.529229865383
932.700000000103,452.700000000103,9.290798013568,5785.993769442724
932.750000000103,452.750000000103,9.290810947107,5786.458309666740
932.800000000103,452.800000000103,9.290823880646,5786.922850537434
932.850000000103,452.850000000103,9.290836814184,5787.387392054806
932.900000000103,452.900000000103,9.290849747723,5787.851934218853
932.950000000103,452.950000000103,9.290862681262,5788.316477029578
933.000000000103,453.000000000103,9.290875614801,5788.781020486979
933.025000000000,453.025000000000,9.290882081571,5789.013292457227
933.050000000103,453.050000000103,9.290888673515,5789.245564592623
933.100000000103,453.100000000103,9.290901857403,5789.710109355897
933.150000000103,453.150000000103,9.290915041292,5790.174654778364
933.200000000103,453.200000000103,9.290928225180,5790.639200860027
933.250000000103,453.250000000103,9.290941409068,5791.103747600882
933.300000000103,453.300000000103,9.290954592957,5791.568295000932
933.350000000103,453.350000000103,9.290967776845,5792.032843060178
933.400000000103,453.400000000103,9.290980960733,5792.497391778616
933.450000000103,453.450000000103,9.290994144622,5792.961941156251
933.500000000103,453.500000000103,9.291007328510,5793.426491193079
933.550000000103,453.550000000103,9.291020512399,5793.891041889101
933.600000000103,453.600000000103,9.291033696287,5794.355593244319
933.650000000103,453.650000000103,9.291046880175,5794.820145258730
933.700000000103,453.700000000103,9.291060064064,5795.284697932337
933.750000000103,453.750000000103,9.291073247952,5795.749251265137
933.800000000103,453.800000000103,9.291086431840,5796.213805257132
933.850000000103,453.850000000103,9.291099615729,5796.678359908322
933.900000000103,453.900000000103,9.291112799617,5797.142915218705
933.950000000103,453.950000000103,9.291125983505,5797.607471188284
934.000000000103,454.000000000103,9.291139167394,5798.072027817056
934.025000000000,454.025000000000,9.291145759338,5798.304306377682
934.050000000103,454.050000000103,9.291152475804,5798.536585106578
934.100000000103,454.100000000103,9.291165908736,5799.001143066193
934.150000000103,454.150000000103,9.291179341668,5799.465701697452
934.200000000103,454.200000000103,9.291192774599,5799.930261000360
934.250000000103,454.250000000103,9.291206207531,5800.394820974912
934.300000000103,454.300000000103,9.291219640463,5800.859381621111
934.350000000103,454.350000000103,9.291233073395,5801.323942938959
934.400000000103,454.400000000103,9.291246506327,5801.788504928451
934.450000000103,454.450000000103,9.291259939259,5802.253067589591
934.500000000103,454.500000000103,9.291273372191,5802.717630922377
934.550000000103,454.550000000103,9.291286805122,5803.182194926810
934.600000000103,454.600000000103,9.291300238054,5803.646759602890
934.650000000103,454.650000000103,9.291313670986,5804.111324950615
934.700000000103,454.700000000103,9.291327103918,5804.575890969988
934.750000000104,454.750000000104,9.291340536850,5805.040457661016
934.800000000103,454.800000000103,9.291353969782,5805.505025023672
934.850000000103,454.850000000103,9.291367402714,5805.969593057985
934.900000000103,454.900000000103,9.291380835645,5806.434161763943
934.950000000104,454.950000000104,9.291394268577,5806.898731141558
935.000000000104,455.000000000104,9.291407701509,5807.363301190810
935.025000000000,455.025000000000,9.291414417975,5807.595586466337
935.050000000103,455.050000000103,9.291421257057,5807.827871913232
935.100000000104,455.100000000104,9.291434935221,5808.292443318050
935.150000000104,455.150000000104,9.291448613385,5808.757015406764
935.200000000104,455.200000000104,9.291462291548,5809.221588179387
935.250000000104,455.250000000104,9.291475969712,5809.686161635919
935.300000000104,455.300000000104,9.291489647876,5810.150735776358
935.350000000104,455.350000000104,9.291503326040,5810.615310600707
935.400000000104,455.400000000104,9.291517004203,5811.079886108962
935.450000000104,455.450000000104,9.291530682367,5811.544462301126
935.500000000104,455.500000000104,9.291544360531,5812.009039177199
935.550000000104,455.550000000104,9.291558038695,5812.473616737179
935.600000000104,455.600000000104,9.291571716859,5812.938194981069
935.650000000104,455.650000000104,9.291585395022,5813.402773908865
935.700000000104,455.700000000104,9.291599073186,5813.867353520570
935.750000000104,455.750000000104,9.291612751350,5814.331933816184
935.800000000104,455.800000000104,9.291626429514,5814.796514795705
935.850000000104,455.850000000104,9.291640107677,5815.261096459135
935.900000000104,455.900000000104,9.291653785841,5815.725678806472
935.950000000104,455.950000000104,9.291667464005,5816.190261837718
936.000000000104,456.000000000104,9.291681142169,5816.654845552873
936.025000000000,456.025000000000,9.291687981251,5816.887137665949
936.050000000104,456.050000000104,9.291694941348,5817.119429953448
936.100000000104,456.100000000104,9.291708861542,5817.584015048521
936.150000000104,456.150000000104,9.291722781736,5818.048600839603
936.200000000104,456.200000000104,9.291736701931,5818.513187326694
936.250000000104,456.250000000104,9.291750622125,5818.977774509795
936.300000000104,456.300000000104,9.291764542319,5819.442362388906
936.350000000104,456.350000000104,9.291778462513,5819.906950964028
936.400000000104,456.400000000104,9.291792382708,5820.371540235158
936.450000000104,456.450000000104,9.291806302902,5820.836130202298
936.500000000104,456.500000000104,9.291820223096,5821.300720865448
936.550000000104,456.550000000104,9.291834143290,5821.765312224607
936.600000000104,456.600000000104,9.291848063484,5822.229904279778
936.650000000104,456.650000000104,9.291861983678,5822.694497030956
936.700000000104,456.700000000104,9.291875903873,5823.159090478144
936.750000000104,456.750000000104,9.291889824067,5823.623684621343
936.800000000104,456.800000000104,9.291903744261,5824.088279460551
936.850000000104,456.850000000104,9.291917664455,5824.552874995770
936.900000000104,456.900000000104,9.291931584650,5825.017471226997
936.950000000104,456.950000000104,9.291945504844,5825.482068154234
937.000000000104,457.000000000104,9.291959425038,5825.946665777482
937.025000000000,457.025000000000,9.291966385135,5826.178964849142
937.050000000104,457.050000000104,9.291973464709,5826.411264098231
937.100000000104,457.100000000104,9.291987623857,5826.875863125446
937.150000000104,457.150000000104,9.292001783006,5827.340462860617
937.200000000104,457.200000000104,9.292015942154,5827.805063303746
937.250000000104,457.250000000104,9.292030101302,5828.269664454832
937.300000000104,457.300000000104,9.292044260450,5828.734266313876
937.350000000104,457.350000000104,9.292058419598,5829.198868880878
937.400000000104,457.400000000104,9.292072578747,5829.663472155836
937.450000000104,457.450000000104,9.292086737895,5830.128076138752
937.500000000104,457.500000000104,9.292100897043,5830.592680829625
937.550000000104,457.550000000104,9.292115056191,5831.057286228456
937.600000000104,457.600000000104,9.292129215339,5831.521892335245
937.650000000104,457.650000000104,9.292143374488,5831.986499149990
937.700000000104,457.700000000104,9.292157533636,5832.451106672693
937.750000000104,457.750000000104,9.292171692784,5832.915714903354
937.800000000104,457.800000000104,9.292185851932,5833.380323841971
937.850000000104,457.850000000104,9.292200011080,5833.844933488547
937.900000000104,457.900000000104,9.292214170229,5834.309543843079
937.950000000104,457.950000000104,9.292228329377,5834.774154905569
938.000000000104,458.000000000104,9.292242488525,5835.238766676017
938.025000000000,458.025000000000,9.292249568099,5835.471072825758
938.050000000104,458.050000000104,9.292256765654,5835.703379155896
938.100000000104,458.100000000104,9.292271160763,5836.167992354057
938.150000000104,458.150000000104,9.292285555872,5836.632606271973
938.200000000104,458.200000000104,9.292299950981,5837.097220909644
938.250000000104,458.250000000104,9.292314346091,5837.561836267071
938.300000000104,458.300000000104,9.292328741200,5838.026452344253
938.350000000104,458.350000000104,9.292343136309,5838.491069141191
938.400000000104,458.400000000104,9.292357531419,5838.955686657884
938.450000000104,458.450000000104,9.292371926528,5839.420304894333
938.500000000104,458.500000000104,9.292386321637,5839.884923850537
938.550000000104,458.550000000104,9.292400716746,5840.349543526497
938.600000000104,458.600000000104,9.292415111855,5840.814163922212
938.650000000104,458.650000000104,9.292429506965,5841.278785037683
938.700000000104,458.700000000104,9.292443902074,5841.743406872908
938.750000000104,458.750000000104,9.292458297183,5842.208029427890
938.800000000104,458.800000000104,9.292472692292,5842.672652702627
938.850000000104,458.850000000104,9.292487087402,5843.137276697120
938.900000000104,458.900000000104,9.292501482511,5843.601901411367
938.950000000104,458.950000000104,9.292515877620,5844.066526845370
939.000000000104,459.000000000104,9.292530272729,5844.531152999130
939.025000000000,459.025000000000,9.292537470284,5844.763466344951
939.050000000104,459.050000000104,9.292544784985,5844.995779874108
939.100000000104,459.100000000104,9.292559414387,5845.460407479093
939.150000000104,459.150000000104,9.292574043789,5845.925035815547
939.200000000104,459.200000000104,9.292588673191,5846.389664883471
939.250000000104,459.250000000104,9.292603302593,5846.854294682866
939.300000000104,459.300000000104,9.292617931995,5847.318925213730
939.350000000104,459.350000000104,9.292632561397,5847.783556476065
939.400000000104,459.400000000104,9.292647190799,5848.248188469870
939.450000000104,459.450000000104,9.292661820201,5848.712821195145
939.500000000104,459.500000000104,9.292676449603,5849.177454651891
939.550000000104,459.550000000104,9.292691079005,5849.642088840105
939.600000000104,459.600000000104,9.292705708407,5850.106723759791
939.650000000104,459.650000000104,9.292720337809,5850.571359410946
939.700000000104,459.700000000104,9.292734967211,5851.035995793571
939.750000000105,459.750000000105,9.292749596613,5851.500632907677
939.800000000104,459.800000000104,9.292764226015,5851.965270753232
939.850000000104,459.850000000104,9.292778855417,5852.429909330269
939.900000000105,459.900000000105,9.292793484819,5852.894548638784
939.950000000105,459.950000000105,9.292808114221,5853.359188678759
940.000000000105,460.000000000105,9.292822743624,5853.823829450206
940.025000000000,460.025000000000,9.292830058324,5854.056150109254
940.050000000104,460.050000000104,9.292837491327,5854.288470954592
940.100000000105,460.100000000105,9.292852357332,5854.753113200817
940.150000000105,460.150000000105,9.292867223338,5855.217756190335
940.200000000105,460.200000000105,9.292882089343,5855.682399923151
940.250000000105,460.250000000105,9.292896955348,5856.147044399269
940.300000000105,460.300000000105,9.292911821354,5856.611689618687
940.350000000105,460.350000000105,9.292926687359,5857.076335581404
940.400000000105,460.400000000105,9.292941553364,5857.540982287423
940.450000000105,460.450000000105,9.292956419369,5858.005629736741
940.500000000105,460.500000000105,9.292971285375,5858.470277929360
940.550000000105,460.550000000105,9.292986151380,5858.934926865279
940.600000000105,460.600000000105,9.293001017385,5859.399576544497
940.650000000105,460.650000000105,9.293015883391,5859.864226967017
940.700000000105,460.700000000105,9.293030749396,5860.328878132837
940.750000000105,460.750000000105,9.293045615401,5860.793530041957
940.800000000105,460.800000000105,9.293060481407,5861.258182694376
940.850000000105,460.850000000105,9.293075347412,5861.722836090096
940.900000000105,460.900000000105,9.293090213417,5862.187490229117
940.950000000105,460.950000000105,9.293105079422,5862.652145111438
941.000000000105,461.000000000105,9.293119945428,5863.116800737060
941.025000000000,461.025000000000,9.293127378430,5863.349128827632
941.050000000105,461.050000000105,9.293134927681,5863.581457107434
941.100000000105,461.100000000105,9.293150026184,5864.046114231281
941.150000000105,461.150000000105,9.293165124686,5864.510772110053
941.200000000105,461.200000000105,9.293180223189,5864.975430743750
941.250000000105,461.250000000105,9.293195321691,5865.440090132372
941.300000000105,461.300000000105,9.293210420194,5865.904750275919
941.350000000105,461.350000000105,9.293225518696,5866.369411174392
941.400000000105,461.400000000105,9.293240617198,5866.834072827790
941.450000000105,461.450000000105,9.293255715701,5867.298735236112
941.500000000105,461.500000000105,9.293270814203,5867.763398399361
941.550000000105,461.550000000105,9.293285912706,5868.228062317533
941.600000000105,461.600000000105,9.293301011208,5868.692726990630
941.650000000105,461.650000000105,9.293316109710,5869.157392418653
941.700000000105,461.700000000105,9.293331208213,5869.622058601601
941.750000000105,461.750000000105,9.293346306715,5870.086725539474
941.800000000105,461.800000000105,9.293361405218,5870.551393232272
941.850000000105,461.850000000105,9.293376503720,5871.016061679995
941.900000000105,461.900000000105,9.293391602223,5871.480730882644
941.950000000105,461.950000000105,9.293406700725,5871.945400840217
942.000000000105,462.000000000105,9.293421799227,5872.410071552717
942.025000000000,462.025000000000,9.293429348478,5872.642407191086
942.050000000105,462.050000000105,9.293437011863,5872.874743021566
942.100000000105,462.100000000105,9.293452338632,5873.339415255328
942.150000000105,462.150000000105,9.293467665401,5873.804088255430
942.200000000105,462.200000000105,9.293482992171,5874.268762021868
942.250000000105,462.250000000105,9.293498318940,5874.733436554647
942.300000000105,462.300000000105,9.293513645709,5875.198111853762
942.350000000105,462.350000000105,9.293528972478,5875.662787919216
942.400000000105,462.400000000105,9.293544299247,5876.127464751010
942.450000000105,462.450000000105,9.293559626016,5876.592142349141
942.500000000105,462.500000000105,9.293574952786,5877.056820713611
942.550000000105,462.550000000105,9.293590279555,5877.521499844419
942.600000000105,462.600000000105,9.293605606324,5877.986179741565
942.650000000105,462.650000000105,9.293620933093,5878.450860405052
942.700000000105,462.700000000105,9.293636259862,5878.915541834875
942.750000000105,462.750000000105,9.293651586631,5879.380224031038
942.800000000105,462.800000000105,9.293666913400,5879.844906993539
942.850000000105,462.850000000105,9.293682240170,5880.309590722378
942.900000000105,462.900000000105,9.293697566939,5880.774275217556
942.950000000105,462.950000000105,9.293712893708,5881.238960479072
943.000000000105,463.000000000105,9.293728220477,5881.703646506928
943.025000000000,463.025000000000,9.293735883862,5881.935989807255
943.050000000105,463.050000000105,9.293743659525,5882.168333302524
943.100000000105,463.100000000105,9.293759210852,5882.633020874283
943.150000000105,463.150000000105,9.293774762179,5883.097709223609
943.200000000105,463.200000000105,9.293790313506,5883.562398350501
943.250000000105,463.250000000105,9.293805864833,5884.027088254960
943.300000000105,463.300000000105,9.293821416160,5884.491778936985
943.350000000105,463.350000000105,9.293836967487,5884.956470396575
943.400000000105,463.400000000105,9.293852518814,5885.421162633734
943.450000000105,463.450000000105,9.293868070141,5885.885855648457
943.500000000105,463.500000000105,9.293883621468,5886.350549440748
943.550000000106,463.550000000106,9.293899172795,5886.815244010614
943.600000000105,463.600000000105,9.293914724122,5887.279939358027
943.650000000105,463.650000000105,9.293930275449,5887.744635483017
943.700000000105,463.700000000105,9.293945826776,5888.209332385572
943.750000000106,463.750000000106,9.293961378103,5888.674030065704
943.800000000106,463.800000000106,9.293976929429,5889.138728523393
943.850000000105,463.850000000105,9.293992480756,5889.603427758638
943.900000000106,463.900000000106,9.294008032083,5890.068127771468
943.950000000106,463.950000000106,9.294023583410,5890.532828561855
944.000000000106,464.000000000106,9.294039134737,5890.997530129808
944.025000000000,464.025000000000,9.294046910401,5891.229881204387
944.050000000106,464.050000000106,9.294054796821,5891.462232476713
944.100000000106,464.100000000106,9.294070569661,5891.926935610875
944.150000000106,464.150000000106,9.294086342501,5892.391639533680
944.200000000106,464.200000000106,9.294102115342,5892.856344245126
944.250000000106,464.250000000106,9.294117888182,5893.321049745214
944.300000000106,464.300000000106,9.294133661022,5893.785756033944
944.350000000106,464.350000000106,9.294149433862,5894.250463111316
944.400000000106,464.400000000106,9.294165206702,5894.715170977331
944.450000000106,464.450000000106,9.294180979543,5895.179879631986
944.500000000106,464.500000000106,9.294196752383,5895.644589075284
944.550000000106,464.550000000106,9.294212525223,5896.109299307224
944.600000000106,464.600000000106,9.294228298063,5896.574010327806
944.650000000106,464.650000000106,9.294244070903,5897.038722137030
944.700000000106,464.700000000106,9.294259843744,5897.503434734896
944.750000000106,464.750000000106,9.294275616584,5897.968148121403
944.800000000106,464.800000000106,9.294291389424,5898.432862296554
944.850000000106,464.850000000106,9.294307162264,5898.897577260346
944.900000000106,464.900000000106,9.294322935104,5899.362293012781
944.950000000106,464.950000000106,9.294338707945,5899.827009553857
945.000000000106,465.000000000106,9.294354480785,5900.291726883575
945.025000000000,465.025000000000,9.294362367205,5900.524085843190
945.050000000106,465.050000000106,9.294370362960,5900.756445003302
945.100000000106,465.100000000106,9.294386354469,5901.221163921237
945.150000000106,465.150000000106,9.294402345978,5901.685883638749
945.200000000106,465.200000000106,9.294418337487,5902.150604155835
945.250000000106,465.250000000106,9.294434328996,5902.615325472497
945.300000000106,465.300000000106,9.294450320505,5903.080047588735
945.350000000106,465.350000000106,9.294466312014,5903.544770504548
945.400000000106,465.400000000106,9.294482303523,5904.009494219938
945.450000000106,465.450000000106,9.294498295032,5904.474218734901
945.500000000106,465.500000000106,9.294514286541,5904.938944049440
945.550000000106,465.550000000106,9.294530278050,5905.403670163555
945.600000000106,465.600000000106,9.294546269559,5905.868397077244
945.650000000106,465.650000000106,9.294562261068,5906.333124790511
945.700000000106,465.700000000106,9.294578252577,5906.797853303351
945.750000000106,465.750000000106,9.294594244086,5907.262582615767
945.800000000106,465.800000000106,9.294610235595,5907.727312727760
945.850000000106,465.850000000106,9.294626227104,5908.192043639327
945.900000000106,465.900000000106,9.294642218613,5908.656775350471
945.950000000106,465.950000000106,9.294658210122,5909.121507861189
946.000000000106,466.000000000106,9.294674201631,5909.586241171482
946.025000000000,466.025000000000,9.294682197386,5909.818608125485
946.050000000106,466.050000000106,9.294690300970,5910.050975282700
946.100000000106,466.100000000106,9.294706508137,5910.515710202927
946.150000000106,466.150000000106,9.294722715305,5910.980445933514
946.200000000106,466.200000000106,9.294738922473,5911.445182474457
946.250000000106,466.250000000106,9.294755129640,5911.909919825760
946.300000000106,466.300000000106,9.294771336808,5912.374657987421
946.350000000106,466.350000000106,9.294787543975,5912.839396959441
946.400000000106,466.400000000106,9.294803751143,5913.304136741819
946.450000000106,466.450000000106,9.294819958311,5913.768877334555
946.500000000106,466.500000000106,9.294836165478,5914.233618737650
946.550000000106,466.550000000106,9.294852372646,5914.698360951103
946.600000000106,466.600000000106,9.294868579814,5915.163103974915
946.650000000106,466.650000000106,9.294884786981,5915.627847809085
946.700000000106,466.700000000106,9.294900994149,5916.092592453613
946.750000000106,466.750000000106,9.294917201317,5916.557337908499
946.800000000106,466.800000000106,9.294933408484,5917.022084173745
946.850000000106,466.850000000106,9.294949615652,5917.486831249347
946.900000000106,466.900000000106,9.294965822820,5917.951579135310
946.950000000106,466.950000000106,9.294982029987,5918.416327831629
947.000000000106,467.000000000106,9.294998237155,5918.881077338307
947.025000000000,467.025000000000,9.295006340739,5919.113452394546
947.050000000106,467.050000000106,9.295014550756,5919.345827656675
947.100000000106,467.100000000106,9.295030970790,5919.810578794713
947.150000000106,467.150000000106,9.295047390824,5920.275330753754
947.200000000106,467.200000000106,9.295063810858,5920.740083533796
947.250000000106,467.250000000106,9.295080230892,5921.204837134839
947.300000000106,467.300000000106,9.295096650926,5921.669591556885
947.350000000106,467.350000000106,9.295113070961,5922.134346799932
947.400000000106,467.400000000106,9.295129490995,5922.599102863982
947.450000000106,467.450000000106,9.295145911029,5923.063859749032
947.500000000106,467.500000000106,9.295162331063,5923.528617455085
947.550000000106,467.550000000106,9.295178751097,5923.993375982140
947.600000000106,467.600000000106,9.295195171131,5924.458135330195
947.650000000106,467.650000000106,9.295211591166,5924.922895499252
947.700000000106,467.700000000106,9.295228011200,5925.387656489311
947.750000000106,467.750000000106,9.295244431234,5925.852418300371
947.800000000106,467.800000000106,9.295260851268,5926.317180932434
947.850000000106,467.850000000106,9.295277271302,5926.781944385498
947.900000000106,467.900000000106,9.295293691336,5927.246708659564
947.950000000106,467.950000000106,9.295310111370,5927.711473754632
948.000000000106,468.000000000106,9.295326531405,5928.176239670701
948.025000000000,468.025000000000,9.295334741422,5928.408622935626
948.050000000106,468.050000000106,9.295343056546,5928.641006409087
948.100000000106,468.100000000106,9.295359686794,5929.105773977670
948.150000000106,468.150000000106,9.295376317043,5929.570542377766
948.200000000106,468.200000000106,9.295392947291,5930.035311609374
948.250000000106,468.250000000106,9.295409577540,5930.500081672494
948.300000000106,468.300000000106,9.295426207788,5930.964852567128
948.350000000106,468.350000000106,9.295442838037,5931.429624293273
948.400000000106,468.400000000106,9.295459468285,5931.894396850932
948.450000000106,468.450000000106,9.295476098534,5932.359170240102
948.500000000106,468.500000000106,9.295492728782,5932.823944460784
948.550000000107,468.550000000107,9.295509359031,5933.288719512990
948.600000000106,468.600000000106,9.295525989280,5933.753495396688
948.650000000106,468.650000000106,9.295542619528,5934.218272111909
948.700000000107,468.700000000107,9.295559249777,5934.683049658651
948.750000000107,468.750000000107,9.295575880025,5935.147828036896
948.800000000107,468.800000000107,9.295592510274,5935.612607246654
948.850000000106,468.850000000106,9.295609140522,5936.077387287914
948.900000000107,468.900000000107,9.295625770771,5936.542168160706
948.950000000107,468.950000000107,9.295642401019,5937.006949865001
949.000000000107,469.000000000107,9.295659031268,5937.471732400808
949.025000000000,469.025000000000,9.295667346392,5937.704123979534
949.050000000107,469.050000000107,9.295675765351,5937.936515769426
949.100000000107,469.100000000107,9.295692603271,5938.401299978642
949.150000000107,469.150000000107,9.295709441190,5938.866085029753
949.200000000107,469.200000000107,9.295726279109,5939.330870922761
949.250000000107,469.250000000107,9.295743117028,5939.795657657664
949.300000000107,469.300000000107,9.295759954947,5940.260445234464
949.350000000107,469.350000000107,9.295776792866,5940.725233653159
949.400000000107,469.400000000107,9.295793630786,5941.190022913750
949.450000000107,469.450000000107,9.295810468705,5941.654813016238
949.500000000107,469.500000000107,9.295827306624,5942.119603960621
949.550000000107,469.550000000107,9.295844144543,5942.584395746901
949.600000000107,469.600000000107,9.295860982462,5943.049188375076
949.650000000107,469.650000000107,9.295877820381,5943.513981845146
949.700000000107,469.700000000107,9.295894658300,5943.978776157114
949.750000000107,469.750000000107,9.295911496220,5944.443571310977
949.800000000107,469.800000000107,9.295928334139,5944.908367306736
949.850000000107,469.850000000107,9.295945172058,5945.373164144391
949.900000000107,469.900000000107,9.295962009977,5945.837961823941
949.950000000107,469.950000000107,9.295978847896,5946.302760345389
950.000000000107,470.000000000107,9.295995685815,5946.767559708732
950.025000000000,470.025000000000,9.296004104775,5946.999959705119
950.050000000107,470.050000000107,9.296012626342,5947.232359915253
950.100000000107,470.100000000107,9.296029669475,5947.697160972648
950.150000000107,470.150000000107,9.296046712609,5948.161962882200
950.200000000107,470.200000000107,9.296063755742,5948.626765643909
950.250000000107,470.250000000107,9.296080798876,5949.091569257775
950.300000000107,470.300000000107,9.296097842010,5949.556373723797
950.350000000107,470.350000000107,9.296114885143,5950.021179041975
950.400000000107,470.400000000107,9.296131928277,5950.485985212310
950.450000000107,470.450000000107,9.296148971410,5950.950792234803
950.500000000107,470.500000000107,9.296166014544,5951.415600109452
950.550000000107,470.550000000107,9.296183057678,5951.880408836258
950.600000000107,470.600000000107,9.296200100811,5952.345218415219
950.650000000107,470.650000000107,9.296217143945,5952.810028846337
950.700000000107,470.700000000107,9.296234187078,5953.274840129614
950.750000000107,470.750000000107,9.296251230212,5953.739652265046
950.800000000107,470.800000000107,9.296268273346,5954.204465252636
950.850000000107,470.850000000107,9.296285316479,5954.669279092381
950.900000000107,470.900000000107,9.296302359613,5955.134093784282
950.950000000107,470.950000000107,9.296319402746,5955.598909328342
951.000000000107,471.000000000107,9.296336445880,5956.063725724558
951.025000000000,471.025000000000,9.296344967447,5956.296134241230
951.050000000107,471.050000000107,9.296353590430,5956.528542974199
951.100000000107,471.100000000107,9.296370836397,5956.993361084869
951.150000000107,471.150000000107,9.296388082364,5957.458180057838
951.200000000107,471.200000000107,9.296405328331,5957.922999893106
951.250000000107,471.250000000107,9.296422574297,5958.387820590671
951.300000000107,471.300000000107,9.296439820264,5958.852642150536
951.350000000107,471.350000000107,9.296457066231,5959.317464572698
951.400000000107,471.400000000107,9.296474312198,5959.782287857158
951.450000000107,471.450000000107,9.296491558165,5960.247112003917
951.500000000107,471.500000000107,9.296508804132,5960.711937012974
951.550000000107,471.550000000107,9.296526050099,5961.176762884330
951.600000000107,471.600000000107,9.296543296065,5961.641589617983
951.650000000107,471.650000000107,9.296560542032,5962.106417213935
951.700000000107,471.700000000107,9.296577787999,5962.571245672187
951.750000000107,471.750000000107,9.296595033966,5963.036074992736
951.800000000107,471.800000000107,9.296612279933,5963.500905175584
951.850000000107,471.850000000107,9.296629525900,5963.965736220730
951.900000000107,471.900000000107,9.296646771867,5964.430568128174
951.950000000107,471.950000000107,9.296664017833,5964.895400897917
952.000000000107,472.000000000107,9.296681263800,5965.360234529958
952.025000000000,472.025000000000,9.296689886784,5965.592651668346
952.050000000107,472.050000000107,9.296698610026,5965.825069025551
952.100000000107,472.100000000107,9.296716056512,5966.289904392214
952.150000000107,472.150000000107,9.296733502997,5966.754740631201
952.200000000107,472.200000000107,9.296750949482,5967.219577742514
952.250000000107,472.250000000107,9.296768395968,5967.684415726150
952.300000000107,472.300000000107,9.296785842453,5968.149254582111
952.350000000108,472.350000000108,9.296803288938,5968.614094310405
952.400000000107,472.400000000107,9.296820735424,5969.078934911004
952.450000000107,472.450000000107,9.296838181909,5969.543776383937
952.500000000107,472.500000000107,9.296855628394,5970.008618729194
952.550000000108,472.550000000108,9.296873074880,5970.473461946785
952.600000000108,472.600000000108,9.296890521365,5970.938306036692
952.650000000107,472.650000000107,9.296907967850,5971.403150998912
952.700000000108,472.700000000108,9.296925414336,5971.867996833476
952.750000000108,472.750000000108,9.296942860821,5972.332843540355
952.800000000108,472.800000000108,9.296960307306,5972.797691119557
952.850000000108,472.850000000108,9.296977753792,5973.262539571086
952.900000000108,472.900000000108,9.296995200277,5973.727388894937
952.950000000108,472.950000000108,9.297012646762,5974.192239091113
953.000000000108,473.000000000108,9.297030093248,5974.657090159613
953.025000000000,473.025000000000,9.297038816490,5974.889516019981
953.050000000108,473.050000000108,9.297047638863,5975.121942101677
953.100000000108,473.100000000108,9.297065283608,5975.586794924739
953.150000000108,473.150000000108,9.297082928353,5976.051648630038
953.200000000108,473.200000000108,9.297100573098,5976.516503217576
953.250000000108,473.250000000108,9.297118217844,5976.981358687349
953.300000000108,473.300000000108,9.297135862589,5977.446215039359
953.350000000108,473.350000000108,9.297153507334,5977.911072273608
953.400000000108,473.400000000108,9.297171152079,5978.375930390092
953.450000000108,473.450000000108,9.297188796824,5978.840789388815
953.500000000108,473.500000000108,9.297206441570,5979.305649269774
953.550000000108,473.550000000108,9.297224086315,5979.770510032971
953.600000000108,473.600000000108,9.297241731060,5980.235371678406
953.650000000108,473.650000000108,9.297259375805,5980.700234206078
953.700000000108,473.700000000108,9.297277020550,5981.165097615987
953.750000000108,473.750000000108,9.297294665296,5981.629961908133
953.800000000108,473.800000000108,9.297312310041,5982.094827082516
953.850000000108,473.850000000108,9.297329954786,5982.559693139137
953.900000000108,473.900000000108,9.297347599531,5983.024560077994
953.950000000108,473.950000000108,9.297365244277,5983.489427899091
954.000000000108,474.000000000108,9.297382889022,5983.954296602423
954.025000000000,474.025000000000,9.297391711394,5984.186731283924
954.050000000108,474.050000000108,9.297400631793,5984.419166189218
954.100000000108,474.100000000108,9.297418472592,5984.884036666828
954.150000000108,474.150000000108,9.297436313390,5985.348908036477
954.200000000108,474.200000000108,9.297454154188,5985.813780298167
954.250000000108,474.250000000108,9.297471994986,5986.278653451896
954.300000000108,474.300000000108,9.297489835784,5986.743527497665
954.350000000108,474.350000000108,9.297507676583,5987.208402435475
954.400000000108,474.400000000108,9.297525517381,5987.673278265324
954.450000000108,474.450000000108,9.297543358179,5988.138154987214
954.500000000108,474.500000000108,9.297561198977,5988.603032601142
954.550000000108,474.550000000108,9.297579039776,5989.067911107110
954.600000000108,474.600000000108,9.297596880574,5989.532790505120
954.650000000108,474.650000000108,9.297614721372,5989.997670795168
954.700000000108,474.700000000108,9.297632562170,5990.462551977257
954.750000000108,474.750000000108,9.297650402968,5990.927434051385
954.800000000108,474.800000000108,9.297668243767,5991.392317017553
954.850000000108,474.850000000108,9.297686084565,5991.857200875762
954.900000000108,474.900000000108,9.297703925363,5992.322085626010
954.950000000108,474.950000000108,9.297721766161,5992.786971268299
955.000000000108,475.000000000108,9.297739606959,5993.251857802627
955.025000000000,475.025000000000,9.297748527359,5993.484301403301
955.050000000108,475.050000000108,9.297757544705,5993.716745230206
955.100000000108,475.100000000108,9.297775579397,5994.181633558310
955.150000000108,475.150000000108,9.297793614089,5994.646522788146
955.200000000108,475.200000000108,9.297811648781,5995.111412919719
955.250000000108,475.250000000108,9.297829683473,5995.576303953025
955.300000000108,475.300000000108,9.297847718166,5996.041195888065
955.350000000108,475.350000000108,9.297865752858,5996.506088724841
955.400000000108,475.400000000108,9.297883787550,5996.970982463351
955.450000000108,475.450000000108,9.297901822242,5997.435877103597
955.500000000108,475.500000000108,9.297919856934,5997.900772645576
955.550000000108,475.550000000108,9.297937891626,5998.365669089289
955.600000000108,475.600000000108,9.297955926318,5998.830566434739
955.650000000108,475.650000000108,9.297973961011,5999.295464681922
955.700000000108,475.700000000108,9.297991995703,5999.760363830840
955.750000000108,475.750000000108,9.298010030395,6000.225263881493
955.800000000108,475.800000000108,9.298028065087,6000.690164833879
955.850000000108,475.850000000108,9.298046099779,6001.155066688001
955.900000000108,475.900000000108,9.298064134471,6001.619969443857
955.950000000108,475.950000000108,9.298082169164,6002.084873101448
956.000000000108,476.000000000108,9.298100203856,6002.549777660774
956.025000000000,476.025000000000,9.298109221202,6002.782230277582
956.050000000108,476.050000000108,9.298118334545,6003.014683123033
956.100000000108,476.100000000108,9.298136561230,6003.479589495428
956.150000000108,476.150000000108,9.298154787916,6003.944496779156
956.200000000108,476.200000000108,9.298173014602,6004.409404974220
956.250000000108,476.250000000108,9.298191241288,6004.874314080616
956.300000000108,476.300000000108,9.298209467974,6005.339224098348
956.350000000108,476.350000000108,9.298227694660,6005.804135027414
956.400000000108,476.400000000108,9.298245921345,6006.269046867814
956.450000000108,476.450000000108,9.298264148031,6006.733959619549
956.500000000108,476.500000000108,9.298282374717,6007.198873282618
956.550000000108,476.550000000108,9.298300601403,6007.663787857020
956.600000000108,476.600000000108,9.298318828089,6008.128703342758
956.650000000108,476.650000000108,9.298337054774,6008.593619739829
956.700000000108,476.700000000108,9.298355281460,6009.058537048235
956.750000000108,476.750000000108,9.298373508146,6009.523455267975
956.800000000108,476.800000000108,9.298391734832,6009.988374399049
956.850000000108,476.850000000108,9.298409961518,6010.453294441458
956.900000000108,476.900000000108,9.298428188203,6010.918215395201
956.950000000108,476.950000000108,9.298446414889,6011.383137260279
957.000000000108,477.000000000108,9.298464641575,6011.848060036690
957.025000000000,477.025000000000,9.298473754918,6012.080521765642
957.050000000108,477.050000000108,9.298482963151,6012.312983725622
957.100000000108,477.100000000108,9.298501379618,6012.777908334192
957.150000000108,477.150000000108,9.298519796086,6013.242833863585
957.200000000108,477.200000000108,9.298538212553,6013.707760313801
957.250000000108,477.250000000108,9.298556629020,6014.172687684841
957.300000000108,477.300000000108,9.298575045487,6014.637615976703
957.350000000109,477.350000000109,9.298593461954,6015.102545189399
957.400000000108,477.400000000108,9.298611878421,6015.567475322899
957.450000000108,477.450000000108,9.298630294888,6016.032406377232
957.500000000109,477.500000000109,9.298648711355,6016.497338352397
957.550000000109,477.550000000109,9.298667127822,6016.962271248376
957.600000000109,477.600000000109,9.298685544289,6017.427205065180
957.650000000108,477.650000000108,9.298703960756,6017.892139802796
957.700000000109,477.700000000109,9.298722377223,6018.357075461255
957.750000000109,477.750000000109,9.298740793690,6018.822012040529
957.800000000109,477.800000000109,9.298759210158,6019.286949540624
957.850000000109,477.850000000109,9.298777626625,6019.751887961545
957.900000000109,477.900000000109,9.298796043092,6020.216827303287
957.950000000109,477.950000000109,9.298814459559,6020.681767565852
958.000000000109,478.000000000109,9.298832876026,6021.146708749243
958.025000000000,478.025000000000,9.298842084259,6021.379179685232
958.050000000109,478.050000000109,9.298851386341,6021.611650854628
958.100000000109,478.100000000109,9.298869990505,6022.076593889050
958.150000000109,478.150000000109,9.298888594668,6022.541537853679
958.200000000109,478.200000000109,9.298907198832,6023.006482748516
958.250000000109,478.250000000109,9.298925802995,6023.471428573562
958.300000000109,478.300000000109,9.298944407159,6023.936375328815
958.350000000109,478.350000000109,9.298963011322,6024.401323014278
958.400000000109,478.400000000109,9.298981615486,6024.866271629948
958.450000000109,478.450000000109,9.299000219649,6025.331221175826
958.500000000109,478.500000000109,9.299018823813,6025.796171651913
958.550000000109,478.550000000109,9.299037427976,6026.261123058207
958.600000000109,478.600000000109,9.299056032140,6026.726075394710
958.650000000109,478.650000000109,9.299074636303,6027.191028661421
958.700000000109,478.700000000109,9.299093240467,6027.655982858340
958.750000000109,478.750000000109,9.299111844630,6028.120937985468
958.800000000109,478.800000000109,9.299130448794,6028.585894042803
958.850000000109,478.850000000109,9.299149052957,6029.050851030348
958.900000000109,478.900000000109,9.299167657121,6029.515808948099
958.950000000109,478.950000000109,9.299186261284,6029.980767796059
959.000000000109,479.000000000109,9.299204865448,6030.445727574228
959.025000000000,479.025000000000,9.299214167529,6030.678207811126
959.050000000109,479.050000000109,9.299223530424,6030.910688283365
959.100000000109,479.100000000109,9.299242256212,6031.375649928032
959.150000000109,479.150000000109,9.299260982001,6031.840612508987
959.200000000109,479.200000000109,9.299279707789,6032.305576026231
959.250000000109,479.250000000109,9.299298433578,6032.770540479766
959.300000000109,479.300000000109,9.299317159366,6033.235505869589
959.350000000109,479.350000000109,9.299335885155,6033.700472195703
959.400000000109,479.400000000109,9.299354610944,6034.165439458105
959.450000000109,479.450000000109,9.299373336732,6034.630407656796
959.500000000000,479.500000000000,9.299392062521,6035.095376790764
