absolute_time_h,cycle_time_h,gross_injection_rate_m3_h,cycle_cumulative_injection_m3
960.000000000000,0.000000000000,0.000000000000,0.000000000000
960.050000000000,0.050000000000,0.000000000000,0.000000000000
960.100000000000,0.100000000000,0.000000000000,0.000000000000
960.150000000000,0.150000000000,0.000000000000,0.000000000000
960.200000000000,0.200000000000,0.000000000000,0.000000000000
960.250000000000,0.250000000000,0.000000000000,0.000000000000
960.300000000000,0.300000000000,0.000000000000,0.000000000000
960.350000000000,0.350000000000,79.375675041171,1.984391876032
960.400000000000,0.400000000000,246.799276328150,10.138765660258
960.450000000000,0.450000000000,517.639772608674,29.249741883704
960.500000000000,0.500000000000,957.379866982143,66.125232873441
960.550000000000,0.550000000000,915.815995752007,112.955129441752
960.600000000000,0.600000000000,863.914351367186,157.448388119793
960.649999999999,0.649999999999,801.674933829296,199.088120248815
960.699999999999,0.699999999999,729.097743135506,237.357437172987
960.749999999999,0.749999999999,646.182779287314,271.739450233526
960.799999999999,0.799999999999,552.930042284343,301.717270772859
960.849999999999,0.849999999999,449.339532127018,326.774010133120
960.899999999999,0.899999999999,335.411248815137,346.392779656656
960.949999999999,0.949999999999,211.145192348407,360.056690685763
960.999999999999,0.999999999999,76.541362727394,367.248854562652
961.013888888889,1.013888888889,37.316774384001,368.039536070436
961.049999999999,1.049999999999,37.086661725427,369.382931444593
961.099999999999,1.099999999999,36.768044197691,371.229299092669
961.149999999999,1.149999999999,36.449426669409,373.059735864345
961.199999999999,1.199999999999,36.130809140581,374.874241759598
961.249999999999,1.249999999999,35.812191611207,376.672816778391
961.299999999999,1.299999999999,35.493574081287,378.455460920705
961.349999999999,1.349999999999,35.174956550822,380.222174186506
961.399999999999,1.399999999999,34.856339019811,381.972956575771
961.449999999999,1.449999999999,34.537721488253,383.707808088475
961.499999999999,1.499999999999,34.219103956150,385.426728724583
961.549999999999,1.549999999999,33.900486423500,387.129718484077
961.599999999998,1.599999999998,33.581868890311,388.816777366886
961.649999999998,1.649999999998,33.263251356570,390.487905373060
961.699999999998,1.699999999998,32.944633822283,392.143102502530
961.749999999998,1.749999999998,32.626016287450,393.782368755272
961.799999999998,1.799999999998,32.307398752071,395.405704131262
961.849999999998,1.849999999998,31.988781216147,397.013108630466
961.899999999998,1.899999999998,31.670163679675,398.604582252864
961.949999999998,1.949999999998,31.351546142659,400.180124998421
961.999999999998,1.999999999998,31.032928605097,401.739736867113
962.049999999998,2.049999999998,30.714311066988,403.283417858917
962.050000000000,2.050000000000,30.714311066975,403.283417858977
962.099999999998,2.099999999998,30.593779047638,404.816120111781
962.149999999998,2.149999999998,30.473247028209,406.342795763680
962.199999999998,2.199999999998,30.352715008694,407.863444814601
962.249999999998,2.249999999998,30.232182989092,409.378067264544
962.299999999998,2.299999999998,30.111650969404,410.886663113509
962.349999999998,2.349999999998,29.991118949629,412.389232361483
962.399999999998,2.399999999998,29.870586929767,413.885775008470
962.449999999998,2.449999999998,29.750054909819,415.376291054458
962.499999999998,2.499999999998,29.629522889784,416.860780499447
962.549999999998,2.549999999998,29.508990869663,418.339243343435
962.599999999998,2.599999999998,29.388458849455,419.811679586412
962.649999999998,2.649999999998,29.267926829160,421.278089228379
962.699999999998,2.699999999998,29.147394808779,422.738472269326
962.749999999998,2.749999999998,29.026862788311,424.192828709252
962.799999999998,2.799999999998,28.906330767757,425.641158548156
962.849999999997,2.849999999997,28.785798747119,427.083461785997
962.899999999997,2.899999999997,28.665266726391,428.519738422837
962.949999999997,2.949999999997,28.544734705577,429.949988458635
962.999999999997,2.999999999997,28.424202684676,431.374211893393
963.044444444444,3.044444444444,28.317063110462,432.635128911135
963.049999999997,3.049999999997,28.308669157481,432.792422611806
963.099999999997,3.099999999997,28.233123580592,434.205967430256
963.149999999997,3.149999999997,28.157578003664,435.615734969865
963.199999999997,3.199999999997,28.082032426700,437.021725230622
963.249999999997,3.249999999997,28.006486849698,438.423938212534
963.299999999997,3.299999999997,27.930941272659,439.822373915592
963.349999999997,3.349999999997,27.855395695583,441.217032339797
963.399999999997,3.399999999997,27.779850118469,442.607913485150
963.449999999997,3.449999999997,27.704304541318,443.995017351643
963.499999999997,3.499999999997,27.628758964129,445.378343939281
963.549999999997,3.549999999997,27.553213386904,446.757893248056
963.599999999997,3.599999999997,27.477667809641,448.133665277968
963.649999999997,3.649999999997,27.402122232341,449.505660029020
963.699999999997,3.699999999997,27.326576655003,450.873877501202
963.749999999997,3.749999999997,27.251031077628,452.238317694520
963.799999999996,3.799999999996,27.175485500218,453.598980608937
963.849999999996,3.849999999996,27.099939922768,454.955866244513
963.899999999996,3.899999999996,27.024394345281,456.308974601213
963.949999999996,3.949999999996,26.948848767757,457.658305679038
963.999999999996,3.999999999996,26.873303190196,459.003859477989
964.044444444444,4.044444444444,26.806151565659,460.196736250437
964.049999999996,4.049999999996,26.799781112445,460.345641618890
964.099999999996,4.099999999996,26.742447033457,461.684197322540
964.149999999996,4.149999999996,26.685112954446,463.019886322236
964.199999999996,4.199999999996,26.627778875412,464.352708617981
964.249999999996,4.249999999996,26.570444796355,465.682664209777
964.299999999996,4.299999999996,26.513110717275,467.009753097617
964.349999999996,4.349999999996,26.455776638173,468.333975281505
964.399999999996,4.399999999996,26.398442559047,469.655330761434
964.449999999996,4.449999999996,26.341108479899,470.973819537407
964.499999999996,4.499999999996,26.283774400727,472.289441609424
964.549999999996,4.549999999996,26.226440321533,473.602196977479
964.599999999996,4.599999999996,26.169106242315,474.912085641577
964.649999999996,4.649999999996,26.111772163075,476.219107601711
964.699999999996,4.699999999996,26.054438083812,477.523262857882
964.749999999996,4.749999999996,25.997104004526,478.824551410092
964.799999999996,4.799999999996,25.939769925217,480.122973258334
964.849999999996,4.849999999996,25.882435845885,481.418528402614
964.899999999996,4.899999999996,25.825101766530,482.711216842923
964.949999999996,4.949999999996,25.767767687152,484.001038579264
964.999999999996,4.999999999996,25.710433607751,485.287993611638
965.044444444444,5.044444444444,25.659469981593,486.429547024826
965.049999999995,5.049999999995,25.654402314854,486.572085558864
965.099999999995,5.099999999995,25.608793314148,487.853665449591
965.149999999995,5.149999999995,25.563184313427,489.132964890279
965.199999999995,5.199999999995,25.517575312690,490.409983880934
965.249999999995,5.249999999995,25.471966311939,491.684722421548
965.299999999995,5.299999999995,25.426357311172,492.957180512125
965.349999999995,5.349999999995,25.380748310389,494.227358152666
965.399999999995,5.399999999995,25.335139309592,495.495255343164
965.449999999995,5.449999999995,25.289530308779,496.760872083625
965.499999999995,5.499999999995,25.243921307951,498.024208374042
965.549999999995,5.549999999995,25.198312307108,499.285264214418
965.599999999995,5.599999999995,25.152703306249,500.544039604753
965.649999999995,5.649999999995,25.107094305375,501.800534545043
965.699999999995,5.699999999995,25.061485304486,503.054749035291
965.749999999995,5.749999999995,25.015876303582,504.306683075492
965.799999999995,5.799999999995,24.970267302662,505.556336665646
965.849999999995,5.849999999995,24.924658301727,506.803709805758
965.899999999995,5.899999999995,24.879049300777,508.048802495819
965.949999999995,5.949999999995,24.833440299811,509.291614735836
965.999999999994,5.999999999994,24.787831298832,510.532146525775
966.044444444444,6.044444444444,24.747289964608,511.632926998435
966.049999999994,6.049999999994,24.743174824478,511.770400511601
966.099999999994,6.099999999994,24.706138563266,513.006633346294
966.149999999994,6.149999999994,24.669102302044,514.241014367925
966.199999999994,6.199999999994,24.632066040812,515.473543576498
966.249999999994,6.249999999994,24.595029779569,516.704220972007
966.299999999994,6.299999999994,24.557993518316,517.933046554456
966.349999999994,6.349999999994,24.520957257053,519.160020323839
966.399999999994,6.399999999994,24.483920995779,520.385142280158
966.449999999994,6.449999999994,24.446884734495,521.608412423417
966.499999999994,6.499999999994,24.409848473201,522.829830753608
966.549999999994,6.549999999994,24.372812211897,524.049397270737
966.599999999994,6.599999999994,24.335775950582,525.267111974798
966.649999999994,6.649999999994,24.298739689257,526.482974865793
966.699999999994,6.699999999994,24.261703427922,527.696985943724
966.749999999994,6.749999999994,24.224667166577,528.909145208586
966.799999999994,6.799999999994,24.187630905221,530.119452660382
966.849999999994,6.849999999994,24.150594643855,531.327908299108
966.899999999994,6.899999999994,24.113558382479,532.534512124765
966.949999999994,6.949999999994,24.076522121092,533.739264137356
966.999999999994,6.999999999994,24.039485859695,534.942164336875
967.044444444444,7.044444444444,24.006564738441,536.009854350301
967.049999999994,7.049999999994,24.003467463344,536.143215550729
967.099999999994,7.099999999994,23.975591987436,537.342692036997
967.149999999994,7.149999999994,23.947716511523,538.540774749470
967.199999999994,7.199999999994,23.919841035604,539.737463688150
967.249999999993,7.249999999993,23.891965559680,540.932758853007
967.299999999993,7.299999999993,23.864090083750,542.126660244094
967.349999999993,7.349999999993,23.836214607813,543.319167861382
967.399999999993,7.399999999993,23.808339131871,544.510281704876
967.449999999993,7.449999999993,23.780463655923,545.700001774570
967.499999999993,7.499999999993,23.752588179969,546.888328070466
967.549999999993,7.549999999993,23.724712704010,548.075260592567
967.599999999993,7.599999999993,23.696837228044,549.260799340867
967.649999999993,7.649999999993,23.668961752073,550.444944315372
967.699999999993,7.699999999993,23.641086276096,551.627695516075
967.749999999993,7.749999999993,23.613210800113,552.809052942979
967.799999999993,7.799999999993,23.585335324124,553.989016596086
967.849999999993,7.849999999993,23.557459848130,555.167586475392
967.899999999993,7.899999999993,23.529584372129,556.344762580900
967.949999999993,7.949999999993,23.501708896123,557.520544912605
967.999999999993,7.999999999993,23.473833420111,558.694933470510
968.044444444444,8.044444444444,23.449055219203,559.737664329317
968.049999999993,8.049999999993,23.446403065611,559.867929491065
968.099999999993,8.099999999993,23.422533683249,561.039652909786
968.149999999993,8.149999999993,23.398664300882,562.210182859390
968.199999999992,8.199999999992,23.374794918512,563.379519339850
968.249999999992,8.249999999992,23.350925536137,564.547662351218
968.299999999992,8.299999999992,23.327056153758,565.714611893465
968.349999999992,8.349999999992,23.303186771374,566.880367966592
968.399999999992,8.399999999992,23.279317388986,568.044930570602
968.449999999992,8.449999999992,23.255448006594,569.208299705491
968.499999999992,8.499999999992,23.231578624197,570.370475371262
968.549999999992,8.549999999992,23.207709241797,571.531457567911
968.599999999992,8.599999999992,23.183839859391,572.691246295440
968.649999999992,8.649999999992,23.159970476981,573.849841553851
968.699999999992,8.699999999992,23.136101094567,575.007243343138
968.749999999992,8.749999999992,23.112231712149,576.163451663308
968.799999999992,8.799999999992,23.088362329726,577.318466514354
968.849999999992,8.849999999992,23.064492947299,578.472287896278
968.899999999992,8.899999999992,23.040623564868,579.624915809084
968.949999999992,8.949999999992,23.016754182432,580.776350252765
968.999999999992,8.999999999992,22.992884799992,581.926591227327
969.044444444444,9.044444444444,22.971667571149,582.948025724637
969.049999999992,9.049999999992,22.969038058313,583.075638795656
969.099999999992,9.099999999992,22.945372442755,584.223499058182
969.149999999992,9.149999999992,22.921706827193,585.370176039932
969.199999999992,9.199999999992,22.898041211627,586.515669740901
969.249999999992,9.249999999992,22.874375596056,587.659980161095
969.299999999992,9.299999999992,22.850709980480,588.803107300507
969.349999999992,9.349999999992,22.827044364901,589.945051159141
969.399999999992,9.399999999992,22.803378749317,591.085811736998
969.449999999991,9.449999999991,22.779713133729,592.225389034050
969.499999999991,9.499999999991,22.756047518136,593.363783050348
969.549999999991,9.549999999991,22.732381902538,594.500993785864
969.599999999991,9.599999999991,22.708716286937,595.637021240602
969.649999999991,9.649999999991,22.685050671331,596.771865414558
969.699999999991,9.699999999991,22.661385055720,597.905526307733
969.749999999991,9.749999999991,22.637719440105,599.038003920130
969.799999999991,9.799999999991,22.614053824486,600.169298251744
969.849999999991,9.849999999991,22.590388208862,601.299409302579
969.899999999991,9.899999999991,22.566722593235,602.428337072631
969.949999999991,9.949999999991,22.543056977602,603.556081561900
969.999999999991,9.999999999991,22.519391361965,604.682642770391
970.044444444444,10.044444444444,22.498355259169,605.683037139942
970.049999999991,10.049999999991,22.496607813244,605.808023148283
970.099999999991,10.099999999991,22.480880799889,606.932460363613
970.149999999991,10.149999999991,22.465153786531,608.056111228272
970.199999999991,10.199999999991,22.449426773172,609.178975742264
970.249999999991,10.249999999991,22.433699759811,610.301053905590
970.299999999991,10.299999999991,22.417972746448,611.422345718246
970.349999999991,10.349999999991,22.402245733083,612.542851180235
970.399999999990,10.399999999990,22.386518719716,613.662570291531
970.449999999990,10.449999999990,22.370791706347,614.781503052185
970.499999999990,10.499999999990,22.355064692976,615.899649462167
970.549999999990,10.549999999990,22.339337679603,617.017009521480
970.599999999990,10.599999999990,22.323610666228,618.133583230127
970.649999999990,10.649999999990,22.307883652851,619.249370588103
970.699999999990,10.699999999990,22.292156639472,620.364371595413
970.749999999990,10.749999999990,22.276429626092,621.478586252051
970.799999999990,10.799999999990,22.260702612709,622.592014558020
970.849999999990,10.849999999990,22.244975599324,623.704656513322
970.899999999990,10.899999999990,22.229248585938,624.816512117953
970.949999999990,10.949999999990,22.213521572549,625.927581371917
970.999999999990,10.999999999990,22.197794559158,627.037864275208
971.044444444444,11.044444444444,22.183814991695,628.024122265440
971.049999999990,11.049999999990,22.182038535474,628.147360747246
971.099999999990,11.099999999990,22.166050429452,629.256062971371
971.149999999990,11.149999999990,22.150062323428,630.363965790192
971.199999999990,11.199999999990,22.134074217401,631.471069203714
971.249999999990,11.249999999990,22.118086111373,632.577373211933
971.299999999990,11.299999999990,22.102098005342,633.682877814849
971.349999999990,11.349999999990,22.086109899309,634.787583012467
971.399999999990,11.399999999990,22.070121793275,635.891488804781
971.449999999990,11.449999999990,22.054133687238,636.994595191795
971.499999999990,11.499999999990,22.038145581199,638.096902173505
971.549999999990,11.549999999990,22.022157475158,639.198409749913
971.599999999990,11.599999999990,22.006169369114,640.299117921021
971.649999999989,11.649999999989,21.990181263069,641.399026686802
971.699999999989,11.699999999989,21.974193157022,642.498136047306
971.749999999989,11.749999999989,21.958205050972,643.596446002505
971.799999999989,11.799999999989,21.942216944921,644.693956552404
971.849999999989,11.849999999989,21.926228838867,645.790667696998
971.899999999989,11.899999999989,21.910240732811,646.886579436289
971.949999999989,11.949999999989,21.894252626753,647.981691770279
971.999999999989,11.999999999989,21.878264520693,649.076004698964
972.044444444444,12.044444444444,21.864052870856,650.048056196786
972.049999999989,12.049999999989,21.862450605123,650.169518706211
972.099999999989,12.099999999989,21.848030213500,651.262280726676
972.149999999989,12.149999999989,21.833609821874,652.354321727559
972.199999999989,12.199999999989,21.819189430246,653.445641708864
972.249999999989,12.249999999989,21.804769038617,654.536240670584
972.299999999989,12.299999999989,21.790348646987,655.626118612726
972.349999999989,12.349999999989,21.775928255354,656.715275535284
972.399999999989,12.399999999989,21.761507863720,657.803711438259
972.449999999989,12.449999999989,21.747087472084,658.891426321656
972.499999999989,12.499999999989,21.732667080447,659.978420185468
972.549999999989,12.549999999989,21.718246688808,661.064693029701
972.599999999988,12.599999999988,21.703826297167,662.150244854327
972.649999999988,12.649999999988,21.689405905525,663.235075659396
972.699999999988,12.699999999988,21.674985513881,664.319185444880
972.749999999988,12.749999999988,21.660565122235,665.402574210782
972.799999999988,12.799999999988,21.646144730587,666.485241957104
972.849999999988,12.849999999988,21.631724338938,667.567188683841
972.899999999988,12.899999999988,21.617303947287,668.648414390999
972.949999999988,12.949999999988,21.602883555635,669.728919078571
972.999999999988,12.999999999988,21.588463163980,670.808702746560
973.044444444444,13.044444444444,21.575645038061,671.767905151301
973.049999999988,13.049999999988,21.574258215594,671.887765993423
973.099999999988,13.099999999988,21.561776813369,672.966166869146
973.149999999988,13.149999999988,21.549295411142,674.043943674760
973.199999999988,13.199999999988,21.536814008913,675.121096410260
973.249999999988,13.249999999988,21.524332606684,676.197625075649
973.299999999988,13.299999999988,21.511851204453,677.273529670929
973.349999999988,13.349999999988,21.499369802221,678.348810196095
973.399999999988,13.399999999988,21.486888399988,679.423466651152
973.449999999988,13.449999999988,21.474406997753,680.497499036094
973.499999999988,13.499999999988,21.461925595517,681.570907350925
973.549999999988,13.549999999988,21.449444193280,682.643691595647
973.599999999988,13.599999999988,21.436962791042,683.715851770254
973.649999999988,13.649999999988,21.424481388802,684.787387874751
973.699999999988,13.699999999988,21.411999986561,685.858299909135
973.749999999988,13.749999999988,21.399518584318,686.928587873405
973.799999999988,13.799999999988,21.387037182075,687.998251767567
973.849999999987,13.849999999987,21.374555779830,689.067291591592
973.899999999987,13.899999999987,21.362074377584,690.135707345528
973.949999999987,13.949999999987,21.349592975336,691.203499029350
973.999999999987,13.999999999987,21.337111573087,692.270666643063
974.044444444444,14.044444444444,21.326016993306,693.218736167028
974.049999999987,14.049999999987,21.324911699538,693.337210968684
974.099999999987,14.099999999987,21.314964055596,694.403207862561
974.149999999987,14.149999999987,21.305016411653,695.468707374244
974.199999999987,14.199999999987,21.295068767709,696.533709503727
974.249999999987,14.249999999987,21.285121123765,697.598214251015
974.299999999987,14.299999999987,21.275173479820,698.662221616104
974.349999999987,14.349999999987,21.265225835874,699.725731598995
974.399999999987,14.399999999987,21.255278191927,700.788744199692
974.449999999987,14.449999999987,21.245330547979,701.851259418188
974.499999999987,14.499999999987,21.235382904030,702.913277254490
974.549999999987,14.549999999987,21.225435260081,703.974797708592
974.599999999987,14.599999999987,21.215487616131,705.035820780496
974.649999999987,14.649999999987,21.205539972180,706.096346470205
974.699999999987,14.699999999987,21.195592328228,707.156374777715
974.749999999987,14.749999999987,21.185644684276,708.215905703029
974.799999999986,14.799999999986,21.175697040323,709.274939246121
974.849999999986,14.849999999986,21.165749396368,710.333475407040
974.899999999986,14.899999999986,21.155801752413,711.391514185758
974.949999999986,14.949999999986,21.145854108458,712.449055582279
974.999999999986,14.999999999986,21.135906464501,713.506099596604
975.044444444444,15.044444444444,21.127064114314,714.445276720865
975.049999999986,15.049999999986,21.126007454043,714.562646363823
975.099999999986,15.099999999986,21.116497511585,715.618708987965
975.149999999986,15.149999999986,21.106987569126,716.674296114982
975.199999999986,15.199999999986,21.097477626666,717.729407744875
975.249999999986,15.249999999986,21.087967684205,718.784043877649
975.299999999986,15.299999999986,21.078457741744,719.838204513296
975.349999999986,15.349999999986,21.068947799282,720.891889651823
975.399999999986,15.399999999986,21.059437856819,721.945099293225
975.449999999986,15.449999999986,21.049927914355,722.997833437503
975.499999999986,15.499999999986,21.040417971890,724.050092084661
975.549999999986,15.549999999986,21.030908029425,725.101875234693
975.599999999986,15.599999999986,21.021398086959,726.153182887604
975.649999999986,15.649999999986,21.011888144492,727.204015043389
975.699999999986,15.699999999986,21.002378202024,728.254371702051
975.749999999986,15.749999999986,20.992868259556,729.304252863592
975.799999999986,15.799999999986,20.983358317086,730.353658528007
975.849999999986,15.849999999986,20.973848374616,731.402588695301
975.899999999986,15.899999999986,20.964338432145,732.451043365469
975.949999999986,15.949999999986,20.954828489673,733.499022538514
975.999999999986,15.999999999986,20.945318547201,734.546526214437
976.044444444444,16.044444444444,20.936865265000,735.477241410548
976.049999999985,16.049999999985,20.935704999619,735.593554105421
976.099999999985,16.099999999985,20.925262611166,736.640078295692
976.149999999985,16.149999999985,20.914820222711,737.686080366538
976.199999999985,16.199999999985,20.904377834256,738.731560317963
976.249999999985,16.249999999985,20.893935445799,739.776518149964
976.299999999985,16.299999999985,20.883493057342,740.820953862542
976.349999999985,16.349999999985,20.873050668884,741.864867455699
976.399999999985,16.399999999985,20.862608280424,742.908258929430
976.449999999985,16.449999999985,20.852165891964,743.951128283742
976.499999999985,16.499999999985,20.841723503502,744.993475518627
976.549999999985,16.549999999985,20.831281115040,746.035300634090
976.599999999985,16.599999999985,20.820838726577,747.076603630132
976.649999999985,16.649999999985,20.810396338112,748.117384506748
976.699999999985,16.699999999985,20.799953949647,749.157643263943
976.749999999985,16.749999999985,20.789511561181,750.197379901713
976.799999999985,16.799999999985,20.779069172713,751.236594420060
976.849999999985,16.849999999985,20.768626784245,752.275286818985
976.899999999985,16.899999999985,20.758184395776,753.313457098484
976.949999999985,16.949999999985,20.747742007305,754.351105258563
976.999999999984,16.999999999984,20.737299618834,755.388231299194
977.044444444444,17.044444444444,20.728017495744,756.309682790953
977.049999999984,17.049999999984,20.726887166942,756.424835303583
977.099999999984,17.099999999984,20.716714207688,757.460925337948
977.149999999984,17.149999999984,20.706541248434,758.496506724350
977.199999999984,17.199999999984,20.696368289179,759.531579462791
977.249999999984,17.249999999984,20.686195329922,760.566143553268
977.299999999984,17.299999999984,20.676022370665,761.600198995784
977.349999999984,17.349999999984,20.665849411407,762.633745790335
977.399999999984,17.399999999984,20.655676452148,763.666783936923
977.449999999984,17.449999999984,20.645503492888,764.699313435550
977.499999999984,17.499999999984,20.635330533628,765.731334286212
977.549999999984,17.549999999984,20.625157574366,766.762846488913
977.599999999984,17.599999999984,20.614984615103,767.793850043649
977.649999999984,17.649999999984,20.604811655840,768.824344950422
977.699999999984,17.699999999984,20.594638696575,769.854331209234
977.749999999984,17.749999999984,20.584465737310,770.883808820080
977.799999999984,17.799999999984,20.574292778043,771.912777782965
977.849999999984,17.849999999984,20.564119818776,772.941238097884
977.899999999984,17.899999999984,20.553946859508,773.969189764841
977.949999999984,17.949999999984,20.543773900239,774.996632783836
977.999999999984,17.999999999984,20.533600940969,776.023567154865
978.044444444444,18.044444444444,20.524558310502,776.935970694107
978.049999999984,18.049999999984,20.523455706677,777.049992954947
978.099999999984,18.099999999984,20.513532272218,778.075917654418
978.149999999984,18.149999999984,20.503608837758,779.101346182167
978.199999999984,18.199999999984,20.493685403298,780.126278538195
978.249999999983,18.249999999983,20.483761968837,781.150714722476
978.299999999983,18.299999999983,20.473838534374,782.174654735058
978.349999999983,18.349999999983,20.463915099911,783.198098575914
978.399999999983,18.399999999983,20.453991665447,784.221046245049
978.449999999983,18.449999999983,20.444068230982,785.243497742459
978.499999999983,18.499999999983,20.434144796516,786.265453068146
978.549999999983,18.549999999983,20.424221362050,787.286912222111
978.599999999983,18.599999999983,20.414297927582,788.307875204351
978.649999999983,18.649999999983,20.404374493114,789.328342014870
978.699999999983,18.699999999983,20.394451058644,790.348312653663
978.749999999983,18.749999999983,20.384527624174,791.367787120732
978.799999999983,18.799999999983,20.374604189703,792.386765416081
978.849999999983,18.849999999983,20.364680755231,793.405247539703
978.899999999983,18.899999999983,20.354757320758,794.423233491604
978.949999999983,18.949999999983,20.344833886284,795.440723271779
978.999999999983,18.999999999983,20.334910451809,796.457716880231
979.044444444444,19.044444444444,20.326089621161,797.361294659968
979.049999999983,19.049999999983,20.325099123285,797.474214628366
979.099999999983,19.099999999983,20.316184642376,798.490246722507
979.149999999983,19.149999999983,20.307270161467,799.505833092604
979.199999999982,19.199999999982,20.298355680557,800.520973738633
979.249999999982,19.249999999982,20.289441199646,801.535668660640
979.299999999982,19.299999999982,20.280526718734,802.549917858598
979.349999999982,19.349999999982,20.271612237821,803.563721332511
979.399999999982,19.399999999982,20.262697756908,804.577079082381
979.449999999982,19.449999999982,20.253783275995,805.589991108202
979.499999999982,19.499999999982,20.244868795080,806.602457409981
979.549999999982,19.549999999982,20.235954314165,807.614477987711
979.599999999982,19.599999999982,20.227039833249,808.626052841395
979.649999999982,19.649999999982,20.218125352332,809.637181971036
979.699999999982,19.699999999982,20.209210871415,810.647865376629
979.749999999982,19.749999999982,20.200296390497,811.658103058178
979.799999999982,19.799999999982,20.191381909578,812.667895015679
979.849999999982,19.849999999982,20.182467428659,813.677241249134
979.899999999982,19.899999999982,20.173552947739,814.686141758545
979.949999999982,19.949999999982,20.164638466818,815.694596543908
979.999999999982,19.999999999982,20.155723985896,816.702605605228
980.044444444444,20.044444444444,20.147800002851,817.598239471998
980.049999999982,20.049999999982,20.146902290022,817.710169200235
980.099999999982,20.099999999982,20.138822874539,818.717312329348
980.149999999982,20.149999999982,20.130743459055,819.724051487689
980.199999999982,20.199999999982,20.122664043570,820.730386675254
980.249999999982,20.249999999982,20.114584628085,821.736317892046
980.299999999982,20.299999999982,20.106505212600,822.741845138063
980.349999999982,20.349999999982,20.098425797113,823.746968413305
980.399999999982,20.399999999982,20.090346381627,824.751687717774
980.449999999981,20.449999999981,20.082266966139,825.756003051447
980.499999999981,20.499999999981,20.074187550651,826.759914414368
980.549999999981,20.549999999981,20.066108135163,827.763421806513
980.599999999981,20.599999999981,20.058028719674,828.766525227885
980.649999999981,20.649999999981,20.049949304184,829.769224678481
980.699999999981,20.699999999981,20.041869888694,830.771520158302
980.749999999981,20.749999999981,20.033790473203,831.773411667350
980.799999999981,20.799999999981,20.025711057712,832.774899205622
980.849999999981,20.849999999981,20.017631642220,833.775982773122
980.899999999981,20.899999999981,20.009552226727,834.776662369845
980.949999999981,20.949999999981,20.001472811234,835.776937995793
980.999999999981,20.999999999981,19.993393395740,836.776809650969
981.044444444444,21.044444444444,19.986211693076,837.665245319980
981.049999999981,21.049999999981,19.985410556738,837.776277603635
981.099999999981,21.099999999981,19.978200329676,838.775367875797
981.149999999981,21.149999999981,19.970990102614,839.774097636604
981.199999999981,21.199999999981,19.963779875551,840.772466886057
981.249999999981,21.249999999981,19.956569648487,841.770475624159
981.299999999981,21.299999999981,19.949359421424,842.768123850906
981.349999999981,21.349999999981,19.942149194359,843.765411566302
981.399999999980,21.399999999980,19.934938967294,844.762338770322
981.449999999980,21.449999999980,19.927728740229,845.758905463011
981.499999999980,21.499999999980,19.920518513163,846.755111644345
981.549999999980,21.549999999980,19.913308286097,847.750957314326
981.599999999980,21.599999999980,19.906098059031,848.746442472955
981.649999999980,21.649999999980,19.898887831964,849.741567120229
981.699999999980,21.699999999980,19.891677604896,850.736331256152
981.749999999980,21.749999999980,19.884467377828,851.730734880719
981.799999999980,21.799999999980,19.877257150760,852.724777993933
981.849999999980,21.849999999980,19.870046923691,853.718460595796
981.899999999980,21.899999999980,19.862836696621,854.711782686303
981.949999999980,21.949999999980,19.855626469552,855.704744265458
981.999999999980,21.999999999980,19.848416242482,856.697345333258
982.044444444444,22.044444444444,19.842007151749,857.579354742408
982.049999999980,22.049999999980,19.841289751750,857.689586122306
982.099999999980,22.099999999980,19.834833151735,858.681489194894
982.149999999980,22.149999999980,19.828376551720,859.673069437480
982.199999999980,22.199999999980,19.821919951704,860.664326850066
982.249999999980,22.249999999980,19.815463351688,861.655261432650
982.299999999980,22.299999999980,19.809006751672,862.645873185233
982.349999999980,22.349999999980,19.802550151655,863.636162107818
982.399999999980,22.399999999980,19.796093551638,864.626128200399
982.449999999980,22.449999999980,19.789636951620,865.615771462982
982.499999999980,22.499999999980,19.783180351602,866.605091895562
982.549999999980,22.549999999980,19.776723751584,867.594089498141
982.599999999980,22.599999999980,19.770267151566,868.582764270721
982.649999999979,22.649999999979,19.763810551547,869.571116213277
982.699999999979,22.699999999979,19.757353951527,870.559145325856
982.749999999979,22.749999999979,19.750897351508,871.546851608431
982.799999999979,22.799999999979,19.744440751488,872.534235061007
982.849999999979,22.849999999979,19.737984151467,873.521295683580
982.899999999979,22.899999999979,19.731527551447,874.508033476152
982.949999999979,22.949999999979,19.725070951426,875.494448438725
982.999999999979,22.999999999979,19.718614351404,876.480540571295
983.044444444444,23.044444444444,19.712875151382,877.356795893985
983.049999999979,23.049999999979,19.712177048959,877.466309927470
983.099999999979,23.099999999979,19.705894127127,878.451761706871
983.149999999979,23.149999999979,19.699611205295,879.436899340181
983.199999999979,23.199999999979,19.693328283462,880.421722827401
983.249999999979,23.249999999979,19.687045361629,881.406232168528
983.299999999979,23.299999999979,19.680762439796,882.390427363565
983.349999999979,23.349999999979,19.674479517962,883.374308412508
983.399999999979,23.399999999979,19.668196596128,884.357875315359
983.449999999979,23.449999999979,19.661913674294,885.341128072121
983.499999999979,23.499999999979,19.655630752459,886.324066682789
983.549999999979,23.549999999979,19.649347830624,887.306691147367
983.599999999978,23.599999999978,19.643064908789,888.289001465832
983.649999999978,23.649999999978,19.636781986954,889.270997638227
983.699999999978,23.699999999978,19.630499065118,890.252679664527
983.749999999978,23.749999999978,19.624216143281,891.234047544736
983.799999999978,23.799999999978,19.617933221444,892.215101278856
983.849999999978,23.849999999978,19.611650299607,893.195840866881
983.899999999978,23.899999999978,19.605367377770,894.176266308817
983.949999999978,23.949999999978,19.599084455932,895.156377604659
983.999999999978,23.999999999978,19.592801534094,896.136174754408
984.044444444444,24.044444444444,19.587216714680,897.006841827027
984.049999999978,24.049999999978,19.586551888838,897.115657850503
984.099999999978,24.099999999978,19.580568456243,898.094835859130
984.149999999978,24.149999999978,19.574585023647,899.073714696128
984.199999999978,24.199999999978,19.568601591050,900.052294361495
984.249999999978,24.249999999978,19.562618158454,901.030574855231
984.299999999978,24.299999999978,19.556634725857,902.008556177341
984.349999999978,24.349999999978,19.550651293260,902.986238327818
984.399999999978,24.399999999978,19.544667860662,903.963621306667
984.449999999978,24.449999999978,19.538684428064,904.940705113884
984.499999999978,24.499999999978,19.532700995466,905.917489749472
984.549999999978,24.549999999978,19.526717562868,906.893975213431
984.599999999978,24.599999999978,19.520734130269,907.870161505759
984.649999999978,24.649999999978,19.514750697670,908.846048626458
984.699999999978,24.699999999978,19.508767265071,909.821636575526
984.749999999978,24.749999999978,19.502783832471,910.796925352964
984.799999999978,24.799999999978,19.496800399871,911.771914958774
984.849999999977,24.849999999977,19.490816967271,912.746605392931
984.899999999977,24.899999999977,19.484833534670,913.720996655481
984.949999999977,24.949999999977,19.478850102069,914.695088746399
984.999999999977,24.999999999977,19.472866669468,915.668881665689
985.044444444444,25.044444444444,19.467548062708,916.534224215731
985.049999999977,25.049999999977,19.466864834648,916.642375362229
985.099999999977,25.099999999977,19.460715782080,917.615564877646
985.149999999977,25.149999999977,19.454566729512,918.588446940437
985.199999999977,25.199999999977,19.448417676944,919.561021550598
985.249999999977,25.249999999977,19.442268624375,920.533288708132
985.299999999977,25.299999999977,19.436119571805,921.505248413035
985.349999999977,25.349999999977,19.429970519236,922.476900665311
985.399999999977,25.399999999977,19.423821466666,923.448245464959
985.449999999977,25.449999999977,19.417672414096,924.419282811978
985.499999999977,25.499999999977,19.411523361525,925.390012706369
985.549999999977,25.549999999977,19.405374308954,926.360435148131
985.599999999977,25.599999999977,19.399225256383,927.330550137263
985.649999999977,25.649999999977,19.393076203811,928.300357673769
985.699999999977,25.699999999977,19.386927151239,929.269857757645
985.749999999977,25.749999999977,19.380778098667,930.239050388894
985.799999999976,25.799999999976,19.374629046094,931.207935567492
985.849999999976,25.849999999976,19.368479993521,932.176513293484
985.899999999976,25.899999999976,19.362330940948,933.144783566844
985.949999999976,25.949999999976,19.356181888374,934.112746387577
985.999999999976,25.999999999976,19.350032835800,935.080401755682
986.044444444444,26.044444444444,19.344567011286,935.940281752740
986.049999999976,26.049999999976,19.343806718752,936.047749457089
986.099999999976,26.099999999976,19.336964085911,937.014768727207
986.149999999976,26.149999999976,19.330121453069,937.981445865681
986.199999999976,26.199999999976,19.323278820227,938.947780872512
986.249999999976,26.249999999976,19.316436187384,939.913773747704
986.299999999976,26.299999999976,19.309593554541,940.879424491251
986.349999999976,26.349999999976,19.302750921698,941.844733103158
986.399999999976,26.399999999976,19.295908288854,942.809699583421
986.449999999976,26.449999999976,19.289065656009,943.774323932042
986.499999999976,26.499999999976,19.282223023164,944.738606149022
986.549999999976,26.549999999976,19.275380390319,945.702546234359
986.599999999976,26.599999999976,19.268537757473,946.666144188055
986.649999999976,26.649999999976,19.261695124627,947.629400010106
986.699999999976,26.699999999976,19.254852491780,948.592313700516
986.749999999976,26.749999999976,19.248009858933,949.554885259285
986.799999999976,26.799999999976,19.241167226085,950.517114686409
986.849999999976,26.849999999976,19.234324593237,951.479001981894
986.899999999976,26.899999999976,19.227481960388,952.440547145733
986.949999999976,26.949999999976,19.220639327539,953.401750177931
986.999999999976,26.999999999976,19.213796694690,954.362611078488
987.044444444444,27.044444444444,19.207714354375,955.216422435586
987.049999999975,27.049999999975,19.206944004300,955.323129819443
987.099999999975,27.099999999975,19.200010853595,956.283303690892
987.149999999975,27.149999999975,19.193077702889,957.243130904803
987.199999999975,27.199999999975,19.186144552182,958.202611461181
987.249999999975,27.249999999975,19.179211401475,959.161745360022
987.299999999975,27.299999999975,19.172278250768,960.120532601327
987.349999999975,27.349999999975,19.165345100060,961.078973185099
987.399999999975,27.399999999975,19.158411949351,962.037067111333
987.449999999975,27.449999999975,19.151478798642,962.994814380034
987.499999999975,27.499999999975,19.144545647933,963.952214991198
987.549999999975,27.549999999975,19.137612497223,964.909268944826
987.599999999975,27.599999999975,19.130679346512,965.865976240921
987.649999999975,27.649999999975,19.123746195802,966.822336879477
987.699999999975,27.699999999975,19.116813045090,967.778350860501
987.749999999975,27.749999999975,19.109879894378,968.734018183987
987.799999999975,27.799999999975,19.102946743666,969.689338849937
987.849999999975,27.849999999975,19.096013592953,970.644312858354
987.899999999975,27.899999999975,19.089080442240,971.598940209233
987.949999999975,27.949999999975,19.082147291526,972.553220902578
987.999999999974,27.999999999974,19.075214140812,973.507154938366
988.044444444444,28.044444444444,19.069051340173,974.354805282877
988.049999999974,28.049999999974,19.068378449362,974.460742587361
988.099999999974,28.099999999974,19.062322432038,975.414010109395
988.149999999974,28.149999999974,19.056266414714,976.366974830565
988.199999999974,28.199999999974,19.050210397389,977.319636750866
988.249999999974,28.249999999974,19.044154380063,978.271995870302
988.299999999974,28.299999999974,19.038098362738,979.224052188873
988.349999999974,28.349999999974,19.032042345412,980.175805706576
988.399999999974,28.399999999974,19.025986328085,981.127256423415
988.449999999974,28.449999999974,19.019930310759,982.078404339385
988.499999999974,28.499999999974,19.013874293432,983.029249454489
988.549999999974,28.549999999974,19.007818276104,983.979791768729
988.599999999974,28.599999999974,19.001762258777,984.930031282100
988.649999999974,28.649999999974,18.995706241448,985.879967994607
988.699999999974,28.699999999974,18.989650224120,986.829601906245
988.749999999974,28.749999999974,18.983594206791,987.778933017017
988.799999999974,28.799999999974,18.977538189462,988.727961326924
988.849999999974,28.849999999974,18.971482172132,989.676686835963
988.899999999974,28.899999999974,18.965426154803,990.625109544138
988.949999999974,28.949999999974,18.959370137472,991.573229451444
988.999999999974,28.999999999974,18.953314120142,992.521046557884
989.044444444444,29.044444444444,18.947930993622,993.363296449786
989.049999999974,29.049999999974,18.947283012321,993.468560932652
989.099999999974,29.099999999974,18.941451180585,994.415779287474
989.149999999974,29.149999999974,18.935619348848,995.362706050711
989.199999999974,29.199999999974,18.929787517111,996.309341222359
989.249999999973,29.249999999973,18.923955685374,997.255684802403
989.299999999973,29.299999999973,18.918123853636,998.201736790877
989.349999999973,29.349999999973,18.912292021898,999.147497187765
989.399999999973,29.399999999973,18.906460190160,1000.092965993068
989.449999999973,29.449999999973,18.900628358421,1001.038143206781
989.499999999973,29.499999999973,18.894796526682,1001.983028828910
989.549999999973,29.549999999973,18.888964694943,1002.927622859450
989.599999999973,29.599999999973,18.883132863203,1003.871925298403
989.649999999973,29.649999999973,18.877301031463,1004.815936145771
989.699999999973,29.699999999973,18.871469199723,1005.759655401549
989.749999999973,29.749999999973,18.865637367982,1006.703083065743
989.799999999973,29.799999999973,18.859805536241,1007.646219138348
989.849999999973,29.849999999973,18.853973704499,1008.589063619366
989.899999999973,29.899999999973,18.848141872758,1009.531616508798
989.949999999973,29.949999999973,18.842310041016,1010.473877806642
989.999999999973,29.999999999973,18.836478209273,1011.415847512901
990.044444444444,30.044444444444,18.831294358832,1012.252909126025
990.049999999973,30.049999999973,18.830675053467,1012.357525707225
990.099999999973,30.099999999973,18.825101305152,1013.298920116190
990.149999999973,30.149999999973,18.819527556837,1014.240035837741
990.199999999972,30.199999999972,18.813953808521,1015.180872871855
990.249999999972,30.249999999972,18.808380060205,1016.121431218574
990.299999999972,30.299999999972,18.802806311889,1017.061710877875
990.349999999972,30.349999999972,18.797232563573,1018.001711849763
990.399999999972,30.399999999972,18.791658815256,1018.941434134233
990.449999999972,30.449999999972,18.786085066939,1019.880877731287
990.499999999972,30.499999999972,18.780511318622,1020.820042640928
990.549999999972,30.549999999972,18.774937570304,1021.758928863150
990.599999999972,30.599999999972,18.769363821986,1022.697536397958
990.649999999972,30.649999999972,18.763790073668,1023.635865245349
990.699999999972,30.699999999972,18.758216325349,1024.573915405324
990.749999999972,30.749999999972,18.752642577030,1025.511686877884
990.799999999972,30.799999999972,18.747068828711,1026.449179663027
990.849999999972,30.849999999972,18.741495080391,1027.386393760756
990.899999999972,30.899999999972,18.735921332072,1028.323329171067
990.949999999972,30.949999999972,18.730347583752,1029.259985893961
990.999999999972,30.999999999972,18.724773835431,1030.196363929442
991.044444444444,31.044444444444,18.719819392476,1031.028466001689
991.049999999972,31.049999999972,18.719212578759,1031.132463312204
991.099999999972,31.099999999972,18.713751255273,1032.068287408056
991.149999999972,31.149999999972,18.708289931787,1033.003838437731
991.199999999972,31.199999999972,18.702828608301,1033.939116401233
991.249999999972,31.249999999972,18.697367284815,1034.874121298562
991.299999999972,31.299999999972,18.691905961328,1035.808853129715
991.349999999972,31.349999999972,18.686444637841,1036.743311894695
991.399999999972,31.399999999972,18.680983314354,1037.677497593499
991.449999999971,31.449999999971,18.675521990867,1038.611410226112
991.499999999971,31.499999999971,18.670060667379,1039.545049792567
991.549999999971,31.549999999971,18.664599343891,1040.478416292848
991.599999999971,31.599999999971,18.659138020402,1041.411509726957
991.649999999971,31.649999999971,18.653676696914,1042.344330094889
991.699999999971,31.699999999971,18.648215373425,1043.276877396648
991.749999999971,31.749999999971,18.642754049936,1044.209151632232
991.799999999971,31.799999999971,18.637292726446,1045.141152801640
991.849999999971,31.849999999971,18.631831402956,1046.072880904877
991.899999999971,31.899999999971,18.626370079466,1047.004335941936
991.949999999971,31.949999999971,18.620908755976,1047.935517912824
991.999999999971,31.999999999971,18.615447432485,1048.866426817534
992.044444444444,32.044444444444,18.610592922712,1049.693672159293
992.049999999971,32.049999999971,18.609941158101,1049.797062531207
992.099999999971,32.099999999971,18.604075276570,1050.727412942075
992.149999999971,32.149999999971,18.598209395038,1051.657470058864
992.199999999971,32.199999999971,18.592343513506,1052.587233881579
992.249999999971,32.249999999971,18.586477631974,1053.516704410215
992.299999999971,32.299999999971,18.580611750441,1054.445881644775
992.349999999971,32.349999999971,18.574745868908,1055.374765585260
992.399999999970,32.399999999970,18.568879987375,1056.303356231647
992.449999999970,32.449999999970,18.563014105841,1057.231653583979
992.499999999970,32.499999999970,18.557148224307,1058.159657642232
992.549999999970,32.549999999970,18.551282342773,1059.087368406410
992.599999999970,32.599999999970,18.545416461238,1060.014785876509
992.649999999970,32.649999999970,18.539550579703,1060.941910052532
992.699999999970,32.699999999970,18.533684698168,1061.868740934480
992.749999999970,32.749999999970,18.527818816632,1062.795278522349
992.799999999970,32.799999999970,18.521952935096,1063.721522816144
992.849999999970,32.849999999970,18.516087053560,1064.647473815859
992.899999999970,32.899999999970,18.510221172023,1065.573131521498
992.949999999970,32.949999999970,18.504355290486,1066.498495933062
992.999999999970,32.999999999970,18.498489408949,1067.423567050547
993.044444444444,33.044444444444,18.493275292023,1068.245606266672
993.049999999970,33.049999999970,18.492588841074,1068.348344777607
993.099999999970,33.099999999970,18.486410782505,1069.272819768195
993.149999999970,33.149999999970,18.480232723936,1070.196985855855
993.199999999970,33.199999999970,18.474054665366,1071.120843040589
993.249999999970,33.249999999970,18.467876606796,1072.044391322393
993.299999999970,33.299999999970,18.461698548226,1072.967630701269
993.349999999970,33.349999999970,18.455520489655,1073.890561177216
993.399999999970,33.399999999970,18.449342431083,1074.813182750233
993.449999999970,33.449999999970,18.443164372512,1075.735495420324
993.499999999970,33.499999999970,18.436986313940,1076.657499187485
993.549999999970,33.549999999970,18.430808255368,1077.579194051719
993.599999999970,33.599999999970,18.424630196795,1078.500580013022
993.649999999969,33.649999999969,18.418452138222,1079.421657071380
993.699999999969,33.699999999969,18.412274079649,1080.342425226826
993.749999999969,33.749999999969,18.406096021075,1081.262884479343
993.799999999969,33.799999999969,18.399917962501,1082.183034828934
993.849999999969,33.849999999969,18.393739903926,1083.102876275594
993.899999999969,33.899999999969,18.387561845351,1084.022408819327
993.949999999969,33.949999999969,18.381383786776,1084.941632460129
993.999999999969,33.999999999969,18.375205728201,1085.860547198003
994.044444444444,34.044444444444,18.369714120574,1086.677100972982
994.049999999969,34.049999999969,18.369043346105,1086.779153076495
994.099999999969,34.099999999969,18.363006375856,1087.697454319544
994.149999999969,34.149999999969,18.356969405605,1088.615453714081
994.199999999969,34.199999999969,18.350932435355,1089.533151260104
994.249999999969,34.249999999969,18.344895465104,1090.450546957615
994.299999999969,34.299999999969,18.338858494853,1091.367640806615
994.349999999969,34.349999999969,18.332821524601,1092.284432807101
994.399999999969,34.399999999969,18.326784554349,1093.200922959076
994.449999999969,34.449999999969,18.320747584097,1094.117111262536
994.499999999969,34.499999999969,18.314710613844,1095.032997717484
994.549999999969,34.549999999969,18.308673643591,1095.948582323921
994.599999999968,34.599999999968,18.302636673338,1096.863865081824
994.649999999968,34.649999999968,18.296599703084,1097.778845991236
994.699999999968,34.699999999968,18.290562732830,1098.693525052133
994.749999999968,34.749999999968,18.284525762576,1099.607902264519
994.799999999968,34.799999999968,18.278488792321,1100.521977628391
994.849999999968,34.849999999968,18.272451822066,1101.435751143750
994.899999999968,34.899999999968,18.266414851811,1102.349222810598
994.949999999968,34.949999999968,18.260377881555,1103.262392628931
994.999999999968,34.999999999968,18.254340911299,1104.175260598754
995.044444444444,35.044444444444,18.248974715512,1104.986445391036
995.049999999968,35.049999999968,18.248350165853,1105.087826848464
995.099999999968,35.099999999968,18.242729218893,1106.000103833082
995.149999999968,35.149999999968,18.237108271933,1106.912099770354
995.199999999968,35.199999999968,18.231487324972,1107.823814660276
995.249999999968,35.249999999968,18.225866378011,1108.735248502851
995.299999999968,35.299999999968,18.220245431050,1109.646401298077
995.349999999968,35.349999999968,18.214624484089,1110.557273045955
995.399999999968,35.399999999968,18.209003537127,1111.467863746486
995.449999999968,35.449999999968,18.203382590165,1112.378173399668
995.499999999968,35.499999999968,18.197761643202,1113.288202005503
995.549999999968,35.549999999968,18.192140696240,1114.197949563988
995.599999999968,35.599999999968,18.186519749277,1115.107416075125
995.649999999968,35.649999999968,18.180898802314,1116.016601538916
995.699999999968,35.699999999968,18.175277855350,1116.925505955357
995.749999999968,35.749999999968,18.169656908386,1117.834129324451
995.799999999968,35.799999999968,18.164035961422,1118.742471646196
995.849999999967,35.849999999967,18.158415014458,1119.650532920575
995.899999999967,35.899999999967,18.152794067493,1120.558313147623
995.949999999967,35.949999999967,18.147173120528,1121.465812327323
995.999999999967,35.999999999967,18.141552173562,1122.373030459677
996.044444444444,36.044444444444,18.136555776256,1123.179210636930
996.049999999967,36.049999999967,18.135991902585,1123.279967713224
996.099999999967,36.099999999967,18.130917039517,1124.186640436778
996.149999999967,36.149999999967,18.125842176449,1125.093059417176
996.199999999967,36.199999999967,18.120767313380,1125.999224654421
996.249999999967,36.249999999967,18.115692450311,1126.905136148515
996.299999999967,36.299999999967,18.110617587242,1127.810793899453
996.349999999967,36.349999999967,18.105542724173,1128.716197907239
996.399999999967,36.399999999967,18.100467861103,1129.621348171871
996.449999999967,36.449999999967,18.095392998034,1130.526244693348
996.499999999967,36.499999999967,18.090318134964,1131.430887471674
996.549999999967,36.549999999967,18.085243271893,1132.335276506845
996.599999999967,36.599999999967,18.080168408823,1133.239411798864
996.649999999967,36.649999999967,18.075093545752,1134.143293347728
996.699999999967,36.699999999967,18.070018682681,1135.046921153438
996.749999999967,36.749999999967,18.064943819610,1135.950295215996
996.799999999966,36.799999999966,18.059868956539,1136.853415535381
996.849999999966,36.849999999966,18.054794093467,1137.756282111632
996.899999999966,36.899999999966,18.049719230395,1138.658894944728
996.949999999966,36.949999999966,18.044644367323,1139.561254034672
996.999999999966,36.999999999966,18.039569504251,1140.463359381461
997.044444444444,37.044444444444,18.035058514849,1141.265017782491
997.049999999966,37.049999999966,18.034526433504,1141.365211073407
997.099999999966,37.099999999966,18.029737701361,1142.266817676780
997.149999999966,37.149999999966,18.024948969219,1143.168184843544
997.199999999966,37.199999999966,18.020160237076,1144.069312573703
997.249999999966,37.249999999966,18.015371504933,1144.970200867252
997.299999999966,37.299999999966,18.010582772790,1145.870849724194
997.349999999966,37.349999999966,18.005794040647,1146.771259144531
997.399999999966,37.399999999966,18.001005308503,1147.671429128259
997.449999999966,37.449999999966,17.996216576360,1148.571359675382
997.499999999966,37.499999999966,17.991427844216,1149.471050785895
997.549999999966,37.549999999966,17.986639112072,1150.370502459802
997.599999999966,37.599999999966,17.981850379927,1151.269714697103
997.649999999966,37.649999999966,17.977061647783,1152.168687497795
997.699999999966,37.699999999966,17.972272915638,1153.067420861882
997.749999999966,37.749999999966,17.967484183493,1153.965914789359
997.799999999966,37.799999999966,17.962695451348,1154.864169280229
997.849999999966,37.849999999966,17.957906719203,1155.762184334494
997.899999999966,37.899999999966,17.953117987057,1156.659959952150
997.949999999966,37.949999999966,17.948329254911,1157.557496133200
997.999999999966,37.999999999966,17.943540522765,1158.454792877641
998.044444444444,38.044444444444,17.939283871965,1159.252188975905
998.049999999965,38.049999999965,17.938762884166,1159.351850216274
998.099999999965,38.099999999965,17.934073993944,1160.248671138226
998.149999999965,38.149999999965,17.929385103722,1161.145257615667
998.199999999965,38.199999999965,17.924696213499,1162.041609648599
998.249999999965,38.249999999965,17.920007323277,1162.937727237017
998.299999999965,38.299999999965,17.915318433054,1163.833610380927
998.349999999965,38.349999999965,17.910629542831,1164.729259080323
998.399999999965,38.399999999965,17.905940652608,1165.624673335208
998.449999999965,38.449999999965,17.901251762384,1166.519853145584
998.499999999965,38.499999999965,17.896562872161,1167.414798511447
998.549999999965,38.549999999965,17.891873981937,1168.309509432801
998.599999999965,38.599999999965,17.887185091713,1169.203985909641
998.649999999965,38.649999999965,17.882496201489,1170.098227941971
998.699999999965,38.699999999965,17.877807311264,1170.992235529791
998.749999999965,38.749999999965,17.873118421040,1171.886008673097
998.799999999965,38.799999999965,17.868429530815,1172.779547371895
998.849999999965,38.849999999965,17.863740640590,1173.672851626179
998.899999999965,38.899999999965,17.859051750365,1174.565921435952
998.949999999965,38.949999999965,17.854362860139,1175.458756801216
998.999999999964,38.999999999964,17.849673969914,1176.351357721948
999.044444444444,39.044444444444,17.845506067487,1177.144583945638
999.049999999964,39.049999999964,17.844974394865,1177.243724168510
999.099999999964,39.099999999964,17.840189341230,1178.135853261911
999.149999999964,39.149999999964,17.835404287595,1179.027743102633
999.199999999964,39.199999999964,17.830619233960,1179.919393690671
999.249999999964,39.249999999964,17.825834180324,1180.810805026028
999.299999999964,39.299999999964,17.821049126689,1181.701977108704
999.349999999964,39.349999999964,17.816264073053,1182.592909938697
999.399999999964,39.399999999964,17.811479019417,1183.483603516010
999.449999999964,39.449999999964,17.806693965780,1184.374057840639
999.499999999964,39.499999999964,17.801908912144,1185.264272912586
999.549999999964,39.549999999964,17.797123858507,1186.154248731854
999.599999999964,39.599999999964,17.792338804870,1187.043985298438
999.649999999964,39.649999999964,17.787553751233,1187.933482612341
999.699999999964,39.699999999964,17.782768697596,1188.822740673561
999.749999999964,39.749999999964,17.777983643959,1189.711759482099
999.799999999964,39.799999999964,17.773198590321,1190.600539037958
999.849999999964,39.849999999964,17.768413536683,1191.489079341132
999.899999999964,39.899999999964,17.763628483045,1192.377380391626
999.949999999964,39.949999999964,17.758843429406,1193.265442189437
999.999999999964,39.999999999964,17.754058375768,1194.153264734565
1000.044444444444,40.044444444444,17.749804994752,1194.942239476765
1000.049999999964,40.049999999964,17.749161511274,1195.040847716428
1000.099999999964,40.099999999964,17.743370159931,1195.928161008207
1000.149999999964,40.149999999964,17.737578808587,1196.815184732421
1000.199999999964,40.199999999964,17.731787457243,1197.701918889066
1000.249999999963,40.249999999963,17.725996105899,1198.588363478128
1000.299999999963,40.299999999963,17.720204754554,1199.474518499638
1000.349999999963,40.349999999963,17.714413403209,1200.360383953582
1000.399999999963,40.399999999963,17.708622051864,1201.245959839960
1000.449999999963,40.449999999963,17.702830700518,1202.131246158769
1000.499999999963,40.499999999963,17.697039349173,1203.016242910012
1000.549999999963,40.549999999963,17.691247997826,1203.900950093686
1000.599999999963,40.599999999963,17.685456646480,1204.785367709793
1000.649999999963,40.649999999963,17.679665295133,1205.669495758335
1000.699999999963,40.699999999963,17.673873943786,1206.553334239307
1000.749999999963,40.749999999963,17.668082592439,1207.436883152714
1000.799999999963,40.799999999963,17.662291241091,1208.320142498551
1000.849999999963,40.849999999963,17.656499889743,1209.203112276821
1000.899999999963,40.899999999963,17.650708538394,1210.085792487526
1000.949999999963,40.949999999963,17.644917187046,1210.968183130661
1000.999999999963,40.999999999963,17.639125835697,1211.850284206231
1001.044444444444,41.044444444444,17.633977967826,1212.634130958065
1001.049999999963,41.049999999963,17.633298651284,1212.732095614695
1001.099999999963,41.099999999963,17.627184802365,1213.613607701036
1001.149999999963,41.149999999963,17.621070953446,1214.494814094932
1001.199999999962,41.199999999962,17.614957104526,1215.375714796362
1001.249999999962,41.249999999962,17.608843255606,1216.256309805367
1001.299999999962,41.299999999962,17.602729406686,1217.136599121923
1001.349999999962,41.349999999962,17.596615557765,1218.016582746036
1001.399999999962,41.399999999962,17.590501708844,1218.896260677700
1001.449999999962,41.449999999962,17.584387859923,1219.775632916919
1001.499999999962,41.499999999962,17.578274011001,1220.654699463693
1001.549999999962,41.549999999962,17.572160162079,1221.533460318019
1001.599999999962,41.599999999962,17.566046313157,1222.411915479901
1001.649999999962,41.649999999962,17.559932464234,1223.290064949335
1001.699999999962,41.699999999962,17.553818615311,1224.167908726323
1001.749999999962,41.749999999962,17.547704766387,1225.045446810867
1001.799999999962,41.799999999962,17.541590917464,1225.922679202962
1001.849999999962,41.849999999962,17.535477068540,1226.799605902614
1001.899999999962,41.899999999962,17.529363219615,1227.676226909817
1001.949999999962,41.949999999962,17.523249370690,1228.552542224573
1001.999999999962,41.999999999962,17.517135521765,1229.428551846886
1002.044444444444,42.044444444444,17.511700989383,1230.206970436680
1002.049999999962,42.049999999962,17.511063961456,1230.304255894219
1002.099999999962,42.099999999962,17.505330710080,1231.179665761008
1002.149999999962,42.149999999962,17.499597458703,1232.054788965227
1002.199999999962,42.199999999962,17.493864207327,1232.929625506877
1002.249999999962,42.249999999962,17.488130955950,1233.804175385960
1002.299999999962,42.299999999962,17.482397704572,1234.678438602472
1002.349999999962,42.349999999962,17.476664453195,1235.552415156418
1002.399999999961,42.399999999961,17.470931201817,1236.426105047774
1002.449999999961,42.449999999961,17.465197950439,1237.299508276582
1002.499999999961,42.499999999961,17.459464699060,1238.172624842819
1002.549999999961,42.549999999961,17.453731447682,1239.045454746486
1002.599999999961,42.599999999961,17.447998196303,1239.917997987587
1002.649999999961,42.649999999961,17.442264944924,1240.790254566117
1002.699999999961,42.699999999961,17.436531693544,1241.662224482080
1002.749999999961,42.749999999961,17.430798442164,1242.533907735472
1002.799999999961,42.799999999961,17.425065190784,1243.405304326295
1002.849999999961,42.849999999961,17.419331939404,1244.276414254551
1002.899999999961,42.899999999961,17.413598688023,1245.147237520236
1002.949999999961,42.949999999961,17.407865436642,1246.017774123354
1002.999999999961,42.999999999961,17.402132185261,1246.888024063900
1003.044444444444,43.044444444444,17.397035961806,1247.661338912284
1003.049999999961,43.049999999961,17.396376471297,1247.757987279482
1003.099999999961,43.099999999961,17.390441056668,1248.627657717682
1003.149999999961,43.149999999961,17.384505642039,1249.497031385149
1003.199999999961,43.199999999961,17.378570227409,1250.366108281886
1003.249999999961,43.249999999961,17.372634812780,1251.234888407890
1003.299999999961,43.299999999961,17.366699398150,1252.103371763163
1003.349999999961,43.349999999961,17.360763983520,1252.971558347705
1003.399999999960,43.399999999960,17.354828568889,1253.839448161497
1003.449999999960,43.449999999960,17.348893154258,1254.707041204577
1003.499999999960,43.499999999960,17.342957739627,1255.574337476923
1003.549999999960,43.549999999960,17.337022324996,1256.441336978540
1003.599999999960,43.599999999960,17.331086910364,1257.308039709423
1003.649999999960,43.649999999960,17.325151495732,1258.174445669575
1003.699999999960,43.699999999960,17.319216081100,1259.040554858997
1003.749999999960,43.749999999960,17.313280666467,1259.906367277685
1003.799999999960,43.799999999960,17.307345251835,1260.771882925644
1003.849999999960,43.849999999960,17.301409837201,1261.637101802869
1003.899999999960,43.899999999960,17.295474422568,1262.502023909363
1003.949999999960,43.949999999960,17.289539007934,1263.366649245126
1003.999999999960,43.999999999960,17.283603593300,1264.230977810156
1004.044444444444,44.044444444444,17.278327669176,1264.999020727785
1004.049999999960,44.049999999960,17.277669332193,1265.095009607661
1004.099999999960,44.099999999960,17.271744299304,1265.958744948448
1004.149999999960,44.149999999960,17.265819266415,1266.822184037590
1004.199999999960,44.199999999960,17.259894233526,1267.685326875090
1004.249999999960,44.249999999960,17.253969200636,1268.548173460943
1004.299999999960,44.299999999960,17.248044167746,1269.410723795154
1004.349999999960,44.349999999960,17.242119134855,1270.272977877718
1004.399999999960,44.399999999960,17.236194101965,1271.134935708638
1004.449999999960,44.449999999960,17.230269069074,1271.996597287915
1004.499999999960,44.499999999960,17.224344036182,1272.857962615545
1004.549999999960,44.549999999960,17.218419003291,1273.719031691533
1004.599999999959,44.599999999959,17.212493970399,1274.579804515857
1004.649999999959,44.649999999959,17.206568937507,1275.440281088556
1004.699999999959,44.699999999959,17.200643904614,1276.300461409608
1004.749999999959,44.749999999959,17.194718871722,1277.160345479016
1004.799999999959,44.799999999959,17.188793838829,1278.019933296781
1004.849999999959,44.849999999959,17.182868805935,1278.879224862899
1004.899999999959,44.899999999959,17.176943773042,1279.738220177375
1004.949999999959,44.949999999959,17.171018740148,1280.596919240204
1004.999999999959,44.999999999959,17.165093707254,1281.455322051388
1005.044444444444,45.044444444444,17.159827011343,1282.218098068054
1005.049999999959,45.049999999959,17.159221178155,1282.313428756774
1005.099999999959,45.099999999959,17.153768679424,1283.171253503212
1005.149999999959,45.149999999959,17.148316180692,1284.028805624716
1005.199999999959,45.199999999959,17.142863681960,1284.886085121282
1005.249999999959,45.249999999959,17.137411183228,1285.743091992911
1005.299999999959,45.299999999959,17.131958684495,1286.599826239605
1005.349999999959,45.349999999959,17.126506185763,1287.456287861361
1005.399999999959,45.399999999959,17.121053687030,1288.312476858182
1005.449999999959,45.449999999959,17.115601188297,1289.168393230064
1005.499999999959,45.499999999959,17.110148689564,1290.024036977010
1005.549999999959,45.549999999959,17.104696190830,1290.879408099021
1005.599999999958,45.599999999958,17.099243692096,1291.734506596076
1005.649999999958,45.649999999958,17.093791193362,1292.589332468214
1005.699999999958,45.699999999958,17.088338694628,1293.443885715413
1005.749999999958,45.749999999958,17.082886195893,1294.298166337677
1005.799999999958,45.799999999958,17.077433697159,1295.152174335002
1005.849999999958,45.849999999958,17.071981198424,1296.005909707391
1005.899999999958,45.899999999958,17.066528699688,1296.859372454845
1005.949999999958,45.949999999958,17.061076200953,1297.712562577360
1005.999999999958,45.999999999958,17.055623702217,1298.565480074941
1006.044444444444,46.044444444444,17.050777036669,1299.323400092069
1006.049999999958,46.049999999958,17.050233917549,1299.418125121788
1006.099999999958,46.099999999958,17.045345845425,1300.270514615862
1006.149999999958,46.149999999958,17.040457773302,1301.122659706331
1006.199999999958,46.199999999958,17.035569701178,1301.974560393192
1006.249999999958,46.249999999958,17.030681629054,1302.826216676449
1006.299999999958,46.299999999958,17.025793556930,1303.677628556098
1006.349999999958,46.349999999958,17.020905484806,1304.528796032140
1006.399999999958,46.399999999958,17.016017412681,1305.379719104579
1006.449999999958,46.449999999958,17.011129340557,1306.230397773409
1006.499999999958,46.499999999958,17.006241268432,1307.080832038635
1006.549999999958,46.549999999958,17.001353196307,1307.931021900253
1006.599999999958,46.599999999958,16.996465124181,1308.780967358264
1006.649999999958,46.649999999958,16.991577052056,1309.630668412671
1006.699999999958,46.699999999958,16.986688979930,1310.480125063470
1006.749999999958,46.749999999958,16.981800907804,1311.329337310664
1006.799999999957,46.799999999957,16.976912835678,1312.178305154233
1006.849999999957,46.849999999957,16.972024763552,1313.027028594215
1006.899999999957,46.899999999957,16.967136691426,1313.875507630589
1006.949999999957,46.949999999957,16.962248619299,1314.723742263356
1006.999999999957,46.999999999957,16.957360547172,1315.571732492519
1007.044444444444,47.044444444444,16.953015594166,1316.325296407493
1007.049999999957,47.049999999957,16.952470559282,1316.419478312752
1007.099999999957,47.099999999957,16.947565245283,1317.266979207868
1007.149999999957,47.149999999957,16.942659931283,1318.114234837281
1007.199999999957,47.199999999957,16.937754617284,1318.961245200994
1007.249999999957,47.249999999957,16.932849303284,1319.808010299010
1007.299999999957,47.299999999957,16.927943989284,1320.654530131323
1007.349999999957,47.349999999957,16.923038675284,1321.500804697939
1007.399999999957,47.399999999957,16.918133361284,1322.346833998852
1007.449999999957,47.449999999957,16.913228047284,1323.192618034066
1007.499999999957,47.499999999957,16.908322733283,1324.038156803581
1007.549999999957,47.549999999957,16.903417419282,1324.883450307394
1007.599999999957,47.599999999957,16.898512105281,1325.728498545509
1007.649999999957,47.649999999957,16.893606791280,1326.573301517923
1007.699999999957,47.699999999957,16.888701477278,1327.417859224636
1007.749999999957,47.749999999957,16.883796163277,1328.262171665651
1007.799999999956,47.799999999956,16.878890849275,1329.106238840947
1007.849999999956,47.849999999956,16.873985535273,1329.950060750562
1007.899999999956,47.899999999956,16.869080221271,1330.793637394474
1007.949999999956,47.949999999956,16.864174907268,1331.636968772689
1007.999999999956,47.999999999956,16.859269593265,1332.480054885202
1008.044444444444,48.044444444444,16.854909314148,1333.229258861656
1008.049999999956,48.049999999956,16.854345900579,1333.322895680962
1008.099999999956,48.099999999956,16.849275178426,1334.165486207938
1008.149999999956,48.149999999956,16.844204456273,1335.007823198805
1008.199999999956,48.199999999956,16.839133734119,1335.849906653566
1008.249999999956,48.249999999956,16.834063011965,1336.691736572217
1008.299999999956,48.299999999956,16.828992289811,1337.533312954761
1008.349999999956,48.349999999956,16.823921567657,1338.374635801199
1008.399999999956,48.399999999956,16.818850845502,1339.215705111527
1008.449999999956,48.449999999956,16.813780123347,1340.056520885749
1008.499999999956,48.499999999956,16.808709401192,1340.897083123862
1008.549999999956,48.549999999956,16.803638679037,1341.737391825867
1008.599999999956,48.599999999956,16.798567956882,1342.577446991766
1008.649999999956,48.649999999956,16.793497234726,1343.417248621556
1008.699999999956,48.699999999956,16.788426512570,1344.256796715239
1008.749999999956,48.749999999956,16.783355790414,1345.096091272813
1008.799999999956,48.799999999956,16.778285068258,1345.935132294279
1008.849999999956,48.849999999956,16.773214346102,1346.773919779639
1008.899999999956,48.899999999956,16.768143623945,1347.612453728890
1008.949999999956,48.949999999956,16.763072901788,1348.450734142034
1008.999999999955,48.999999999955,16.758002179631,1349.288761019052
1009.044444444444,49.044444444444,16.753494871042,1350.033460954258
1009.049999999955,49.049999999955,16.752892045559,1350.126534250503
1009.099999999955,49.099999999955,16.747466616169,1350.964043217045
1009.149999999955,49.149999999955,16.742041186779,1351.801280912118
1009.199999999955,49.199999999955,16.736615757388,1352.638247335723
1009.249999999955,49.249999999955,16.731190327997,1353.474942487857
1009.299999999955,49.299999999955,16.725764898606,1354.311366368524
1009.349999999955,49.349999999955,16.720339469215,1355.147518977718
1009.399999999955,49.399999999955,16.714914039823,1355.983400315444
1009.449999999955,49.449999999955,16.709488610432,1356.819010381701
1009.499999999955,49.499999999955,16.704063181040,1357.654349176487
1009.549999999955,49.549999999955,16.698637751647,1358.489416699805
1009.599999999955,49.599999999955,16.693212322255,1359.324212951652
1009.649999999955,49.649999999955,16.687786892862,1360.158737932029
1009.699999999955,49.699999999955,16.682361463469,1360.992991640938
1009.749999999955,49.749999999955,16.676936034076,1361.826974078376
1009.799999999955,49.799999999955,16.671510604682,1362.660685244346
1009.849999999955,49.849999999955,16.666085175289,1363.494125138845
1009.899999999955,49.899999999955,16.660659745895,1364.327293761874
1009.949999999955,49.949999999955,16.655234316500,1365.160191113435
1009.999999999954,49.999999999954,16.649808887106,1365.992817193507
1010.044444444444,50.044444444444,16.644986283195,1366.732701531384
1010.049999999954,50.049999999954,16.644237219241,1366.825171595911
1010.099999999954,50.099999999954,16.637495643601,1367.657214917481
1010.149999999954,50.149999999954,16.630754067960,1368.488921160271
1010.199999999954,50.199999999954,16.624012492319,1369.320290324277
1010.249999999954,50.249999999954,16.617270916678,1370.151322409502
1010.299999999954,50.299999999954,16.610529341036,1370.982017415946
1010.349999999954,50.349999999954,16.603787765394,1371.812375343606
1010.399999999954,50.399999999954,16.597046189751,1372.642396192485
1010.449999999954,50.449999999954,16.590304614108,1373.472079962581
1010.499999999954,50.499999999954,16.583563038465,1374.301426653895
1010.549999999954,50.549999999954,16.576821462821,1375.130436266428
1010.599999999954,50.599999999954,16.570079887177,1375.959108800177
1010.649999999954,50.649999999954,16.563338311532,1376.787444255146
1010.699999999954,50.699999999954,16.556596735887,1377.615442631331
1010.749999999954,50.749999999954,16.549855160242,1378.443103928733
1010.799999999954,50.799999999954,16.543113584596,1379.270428147355
1010.849999999954,50.849999999954,16.536372008950,1380.097415287193
1010.899999999954,50.899999999954,16.529630433303,1380.924065348251
1010.949999999954,50.949999999954,16.522888857656,1381.750378330524
1010.999999999954,50.999999999954,16.516147282008,1382.576354234015
1011.044444444444,51.044444444444,16.510154770315,1383.310272058153
1011.049999999954,51.049999999954,16.509419084619,1383.401993095887
1011.099999999954,51.099999999954,16.502797913296,1384.227298520834
1011.149999999954,51.149999999954,16.496176741973,1385.052272887217
1011.199999999953,51.199999999953,16.489555570650,1385.876916195015
1011.249999999953,51.249999999953,16.482934399326,1386.701228444266
1011.299999999953,51.299999999953,16.476313228002,1387.525209634948
1011.349999999953,51.349999999953,16.469692056677,1388.348859767064
1011.399999999953,51.399999999953,16.463070885352,1389.172178840616
1011.449999999953,51.449999999953,16.456449714027,1389.995166855600
1011.499999999953,51.499999999953,16.449828542701,1390.817823812019
1011.549999999953,51.549999999953,16.443207371375,1391.640149709870
1011.599999999953,51.599999999953,16.436586200048,1392.462144549155
1011.649999999953,51.649999999953,16.429965028722,1393.283808329875
1011.699999999953,51.699999999953,16.423343857395,1394.105141052028
1011.749999999953,51.749999999953,16.416722686067,1394.926142715615
1011.799999999953,51.799999999953,16.410101514739,1395.746813320635
1011.849999999953,51.849999999953,16.403480343411,1396.567152867088
1011.899999999953,51.899999999953,16.396859172082,1397.387161354976
1011.949999999953,51.949999999953,16.390238000753,1398.206838784296
1011.999999999953,51.999999999953,16.383616829424,1399.026185155052
1012.044444444444,52.044444444444,16.377731343791,1399.754215115219
1012.049999999953,52.049999999953,16.377052592177,1399.845200625389
1012.099999999953,52.099999999953,16.370943827599,1400.663900535883
1012.149999999953,52.149999999953,16.364835063020,1401.482295008149
1012.199999999952,52.199999999952,16.358726298441,1402.300384042168
1012.249999999952,52.249999999952,16.352617533862,1403.118167637977
1012.299999999952,52.299999999952,16.346508769282,1403.935645795555
1012.349999999952,52.349999999952,16.340400004702,1404.752818514906
1012.399999999952,52.399999999952,16.334291240122,1405.569685796025
1012.449999999952,52.449999999952,16.328182475542,1406.386247638916
1012.499999999952,52.499999999952,16.322073710961,1407.202504043580
1012.549999999952,52.549999999952,16.315964946380,1408.018455010013
1012.599999999952,52.599999999952,16.309856181799,1408.834100538218
1012.649999999952,52.649999999952,16.303747417217,1409.649440628193
1012.699999999952,52.699999999952,16.297638652635,1410.464475279938
1012.749999999952,52.749999999952,16.291529888053,1411.279204493457
1012.799999999952,52.799999999952,16.285421123471,1412.093628268744
1012.849999999952,52.849999999952,16.279312358888,1412.907746605804
1012.899999999952,52.899999999952,16.273203594305,1413.721559504633
1012.949999999952,52.949999999952,16.267094829721,1414.535066965233
1012.999999999952,52.999999999952,16.260986065138,1415.348268987606
1013.044444444444,53.044444444444,16.255556052168,1416.070858813208
1013.049999999952,53.049999999952,16.254937220730,1416.161165738192
1013.099999999952,53.099999999952,16.249367737738,1416.973773362155
1013.149999999952,53.149999999952,16.243798254746,1417.786102511967
1013.199999999952,53.199999999952,16.238228771753,1418.598153187628
1013.249999999952,53.249999999952,16.232659288760,1419.409925389142
1013.299999999952,53.299999999952,16.227089805767,1420.221419116505
1013.349999999952,53.349999999952,16.221520322774,1421.032634369720
1013.399999999951,53.399999999951,16.215950839781,1421.843571148766
1013.449999999951,53.449999999951,16.210381356787,1422.654229453681
1013.499999999951,53.499999999951,16.204811873793,1423.464609284445
1013.549999999951,53.549999999951,16.199242390799,1424.274710641059
1013.599999999951,53.599999999951,16.193672907805,1425.084533523526
1013.649999999951,53.649999999951,16.188103424810,1425.894077931840
1013.699999999951,53.699999999951,16.182533941815,1426.703343866007
1013.749999999951,53.749999999951,16.176964458820,1427.512331326022
1013.799999999951,53.799999999951,16.171394975825,1428.321040311887
1013.849999999951,53.849999999951,16.165825492829,1429.129470823605
1013.899999999951,53.899999999951,16.160256009833,1429.937622861171
1013.949999999951,53.949999999951,16.154686526837,1430.745496424589
1013.999999999951,53.999999999951,16.149117043841,1431.553091513855
1014.044444444444,54.044444444444,16.144166392283,1432.270720035442
1014.049999999951,54.049999999951,16.143590574823,1432.360408248454
1014.099999999951,54.099999999951,16.138408217633,1433.167458218267
1014.149999999951,54.149999999951,16.133225860443,1433.974249070218
1014.199999999951,54.199999999951,16.128043503254,1434.780780804312
1014.249999999951,54.249999999951,16.122861146064,1435.587053420544
1014.299999999951,54.299999999951,16.117678788873,1436.393066918917
1014.349999999951,54.349999999951,16.112496431683,1437.198821299432
1014.399999999950,54.399999999950,16.107314074492,1438.004316562069
1014.449999999950,54.449999999950,16.102131717301,1438.809552706865
1014.499999999950,54.499999999950,16.096949360110,1439.614529733799
1014.549999999950,54.549999999950,16.091767002919,1440.419247642876
1014.599999999950,54.599999999950,16.086584645727,1441.223706434092
1014.649999999950,54.649999999950,16.081402288536,1442.027906107448
1014.699999999950,54.699999999950,16.076219931344,1442.831846662946
1014.749999999950,54.749999999950,16.071037574152,1443.635528100582
1014.799999999950,54.799999999950,16.065855216959,1444.438950420361
1014.849999999950,54.849999999950,16.060672859767,1445.242113622279
1014.899999999950,54.899999999950,16.055490502574,1446.045017706336
1014.949999999950,54.949999999950,16.050308145381,1446.847662672536
1014.999999999950,54.999999999950,16.045125788188,1447.650048520875
1015.044444444444,55.044444444444,16.040519248456,1448.363062855818
1015.049999999950,55.049999999950,16.039976018569,1448.452175341877
1015.099999999950,55.099999999950,16.035086949548,1449.254051916079
1015.149999999950,55.149999999950,16.030197880526,1450.055684036830
1015.199999999950,55.199999999950,16.025308811503,1450.857071704132
1015.249999999950,55.249999999950,16.020419742481,1451.658214917981
1015.299999999950,55.299999999950,16.015530673458,1452.459113678380
1015.349999999950,55.349999999950,16.010641604436,1453.259767985327
1015.399999999950,55.399999999950,16.005752535413,1454.060177838822
1015.449999999950,55.449999999950,16.000863466390,1454.860343238869
1015.499999999950,55.499999999950,15.995974397366,1455.660264185462
1015.549999999950,55.549999999950,15.991085328343,1456.459940678606
1015.599999999949,55.599999999949,15.986196259319,1457.259372718280
1015.649999999949,55.649999999949,15.981307190296,1458.058560304522
1015.699999999949,55.699999999949,15.976418121272,1458.857503437310
1015.749999999949,55.749999999949,15.971529052248,1459.656202116647
1015.799999999949,55.799999999949,15.966639983223,1460.454656342535
1015.849999999949,55.849999999949,15.961750914199,1461.252866114970
1015.899999999949,55.899999999949,15.956861845174,1462.050831433955
1015.949999999949,55.949999999949,15.951972776149,1462.848552299488
1015.999999999949,55.999999999949,15.947083707125,1463.646028711569
1016.044444444444,56.044444444444,15.942737867986,1464.354691414045
1016.049999999949,56.049999999949,15.942226304984,1464.443260758164
1016.099999999949,56.099999999949,15.937622237925,1465.240256971736
1016.149999999949,56.149999999949,15.933018170865,1466.037022981957
1016.199999999949,56.199999999949,15.928414103805,1466.833558788823
1016.249999999949,56.249999999949,15.923810036745,1467.629864392336
1016.299999999949,56.299999999949,15.919205969685,1468.425939792498
1016.349999999949,56.349999999949,15.914601902624,1469.221784989305
1016.399999999949,56.399999999949,15.909997835564,1470.017399982760
1016.449999999949,56.449999999949,15.905393768503,1470.812784772862
1016.499999999949,56.499999999949,15.900789701442,1471.607939359609
1016.549999999949,56.549999999949,15.896185634381,1472.402863743006
1016.599999999948,56.599999999948,15.891581567320,1473.197557923032
1016.649999999948,56.649999999948,15.886977500259,1473.992021899722
1016.699999999948,56.699999999948,15.882373433198,1474.786255673058
1016.749999999948,56.749999999948,15.877769366136,1475.580259243042
1016.799999999948,56.799999999948,15.873165299074,1476.374032609672
1016.849999999948,56.849999999948,15.868561232013,1477.167575772948
1016.899999999948,56.899999999948,15.863957164950,1477.960888732873
1016.949999999948,56.949999999948,15.859353097888,1478.753971489444
1016.999999999948,56.999999999948,15.854749030826,1479.546824042662
1017.044444444444,57.044444444444,15.850656526766,1480.251388611426
1017.049999999948,57.049999999948,15.850156349998,1480.339446424155
1017.099999999948,57.099999999948,15.845654759049,1481.131841701880
1017.149999999948,57.149999999948,15.841153168100,1481.924011900060
1017.199999999948,57.199999999948,15.836651577151,1482.715957018691
1017.249999999948,57.249999999948,15.832149986201,1483.507677057775
1017.299999999948,57.299999999948,15.827648395252,1484.299172017311
1017.349999999948,57.349999999948,15.823146804302,1485.090441897299
1017.399999999948,57.399999999948,15.818645213352,1485.881486697742
1017.449999999948,57.449999999948,15.814143622402,1486.672306418635
1017.499999999948,57.499999999948,15.809642031452,1487.462901059982
1017.549999999948,57.549999999948,15.805140440502,1488.253270621780
1017.599999999948,57.599999999948,15.800638849551,1489.043415104031
1017.649999999948,57.649999999948,15.796137258600,1489.833334506736
1017.699999999948,57.699999999948,15.791635667650,1490.623028829891
1017.749999999948,57.749999999948,15.787134076699,1491.412498073501
1017.799999999947,57.799999999947,15.782632485748,1492.201742237545
1017.849999999947,57.849999999947,15.778130894796,1492.990761322060
1017.899999999947,57.899999999947,15.773629303845,1493.779555327025
1017.949999999947,57.949999999947,15.769127712894,1494.568124252443
1017.999999999947,57.999999999947,15.764626121942,1495.356468098315
1018.044444444444,58.044444444444,15.760624707758,1496.057029228692
1018.049999999947,58.049999999947,15.760139062377,1496.144586905002
1018.099999999947,58.099999999947,15.755768253907,1496.932484587910
1018.149999999947,58.149999999947,15.751397445437,1497.720163730393
1018.199999999947,58.199999999947,15.747026636967,1498.507624332452
1018.249999999947,58.249999999947,15.742655828496,1499.294866394090
1018.299999999947,58.299999999947,15.738285020026,1500.081889915303
1018.349999999947,58.349999999947,15.733914211555,1500.868694896093
1018.399999999947,58.399999999947,15.729543403085,1501.655281336458
1018.449999999947,58.449999999947,15.725172594614,1502.441649236400
1018.499999999947,58.499999999947,15.720801786143,1503.227798595920
1018.549999999947,58.549999999947,15.716430977672,1504.013729415015
1018.599999999947,58.599999999947,15.712060169201,1504.799441693688
1018.649999999947,58.649999999947,15.707689360729,1505.584935431935
1018.699999999947,58.699999999947,15.703318552258,1506.370210629759
1018.749999999947,58.749999999947,15.698947743786,1507.155267287161
1018.799999999946,58.799999999946,15.694576935314,1507.940105404122
1018.849999999946,58.849999999946,15.690206126842,1508.724724980677
1018.899999999946,58.899999999946,15.685835318370,1509.509126016807
1018.949999999946,58.949999999946,15.681464509898,1510.293308512514
1018.999999999946,58.999999999946,15.677093701425,1511.077272467797
1019.044444444444,59.044444444444,15.673208538334,1511.773945851742
1019.049999999946,59.049999999946,15.672725716132,1511.861017890498
1019.099999999946,59.099999999946,15.668380316268,1512.644545541309
1019.149999999946,59.149999999946,15.664034916405,1513.427855922125
1019.199999999946,59.199999999946,15.659689516541,1514.210949032949
1019.249999999946,59.249999999946,15.655344116678,1514.993824873779
1019.299999999946,59.299999999946,15.650998716814,1515.776483444616
1019.349999999946,59.349999999946,15.646653316950,1516.558924745461
1019.399999999946,59.399999999946,15.642307917086,1517.341148776311
1019.449999999946,59.449999999946,15.637962517221,1518.123155537170
1019.499999999946,59.499999999946,15.633617117357,1518.904945028034
1019.549999999946,59.549999999946,15.629271717493,1519.686517248904
1019.599999999946,59.599999999946,15.624926317628,1520.467872199783
1019.649999999946,59.649999999946,15.620580917763,1521.249009880667
1019.699999999946,59.699999999946,15.616235517898,1522.029930291560
1019.749999999946,59.749999999946,15.611890118033,1522.810633432457
1019.799999999946,59.799999999946,15.607544718168,1523.591119303362
1019.849999999946,59.849999999946,15.603199318302,1524.371387904275
1019.899999999946,59.899999999946,15.598853918437,1525.151439235192
1019.949999999946,59.949999999946,15.594508518571,1525.931273296119
1019.999999999945,59.999999999945,15.590163118705,1526.710890087034
1020.044444444444,60.044444444444,15.586300541042,1527.403700391435
1020.049999999945,60.049999999945,15.585804611575,1527.490289571565
1020.099999999945,60.099999999945,15.581341246327,1528.269468218011
1020.149999999945,60.149999999945,15.576877881079,1529.048423696196
1020.199999999945,60.199999999945,15.572414515831,1529.827156006119
1020.249999999945,60.249999999945,15.567951150582,1530.605665147779
1020.299999999945,60.299999999945,15.563487785334,1531.383951121178
1020.349999999945,60.349999999945,15.559024420085,1532.162013926313
1020.399999999945,60.399999999945,15.554561054836,1532.939853563185
1020.449999999945,60.449999999945,15.550097689587,1533.717470031797
1020.499999999945,60.499999999945,15.545634324338,1534.494863332144
1020.549999999945,60.549999999945,15.541170959089,1535.272033464231
1020.599999999945,60.599999999945,15.536707593839,1536.048980428053
1020.649999999945,60.649999999945,15.532244228590,1536.825704223613
1020.699999999945,60.699999999945,15.527780863340,1537.602204850913
1020.749999999945,60.749999999945,15.523317498090,1538.378482309948
1020.799999999945,60.799999999945,15.518854132840,1539.154536600722
1020.849999999945,60.849999999945,15.514390767590,1539.930367723232
1020.899999999945,60.899999999945,15.509927402339,1540.705975677480
1020.949999999945,60.949999999945,15.505464037089,1541.481360463466
1020.999999999944,60.999999999944,15.501000671838,1542.256522081173
1021.044444444444,61.044444444444,15.497033236055,1542.945367279988
1021.049999999944,61.049999999944,15.496508738900,1543.031460451280
1021.099999999944,61.099999999944,15.491788264458,1543.806167876363
1021.149999999944,61.149999999944,15.487067790017,1544.580639277726
1021.199999999944,61.199999999944,15.482347315575,1545.354874655365
1021.249999999944,61.249999999944,15.477626841133,1546.128874009282
1021.299999999944,61.299999999944,15.472906366691,1546.902637339479
1021.349999999944,61.349999999944,15.468185892248,1547.676164645952
1021.399999999944,61.399999999944,15.463465417806,1548.449455928704
1021.449999999944,61.449999999944,15.458744943363,1549.222511187732
1021.499999999944,61.499999999944,15.454024468920,1549.995330423039
1021.549999999944,61.549999999944,15.449303994477,1550.767913634625
1021.599999999944,61.599999999944,15.444583520034,1551.540260822487
1021.649999999944,61.649999999944,15.439863045590,1552.312371986628
1021.699999999944,61.699999999944,15.435142571147,1553.084247127046
1021.749999999944,61.749999999944,15.430422096703,1553.855886243742
1021.799999999944,61.799999999944,15.425701622259,1554.627289336717
1021.849999999944,61.849999999944,15.420981147815,1555.398456405968
1021.899999999944,61.899999999944,15.416260673371,1556.169387451499
1021.949999999944,61.949999999944,15.411540198926,1556.940082473305
1021.999999999944,61.999999999944,15.406819724482,1557.710541471390
1022.044444444444,62.044444444444,15.402623747192,1558.395195771617
1022.049999999944,62.049999999944,15.402085606353,1558.480764407855
1022.099999999944,62.099999999944,15.397242338751,1559.250747606482
1022.149999999944,62.149999999944,15.392399071148,1560.020488641730
1022.199999999943,62.199999999943,15.387555803546,1560.789987513581
1022.249999999943,62.249999999943,15.382712535943,1561.559244222069
1022.299999999943,62.299999999943,15.377869268340,1562.328258767175
1022.349999999943,62.349999999943,15.373026000737,1563.097031148902
1022.399999999943,62.399999999943,15.368182733134,1563.865561367249
1022.449999999943,62.449999999943,15.363339465531,1564.633849422215
1022.499999999943,62.499999999943,15.358496197927,1565.401895313803
1022.549999999943,62.549999999943,15.353652930323,1566.169699042008
1022.599999999943,62.599999999943,15.348809662719,1566.937260606834
1022.649999999943,62.649999999943,15.343966395115,1567.704580008281
1022.699999999943,62.699999999943,15.339123127511,1568.471657246346
1022.749999999943,62.749999999943,15.334279859906,1569.238492321032
1022.799999999943,62.799999999943,15.329436592302,1570.005085232337
1022.849999999943,62.849999999943,15.324593324697,1570.771435980261
1022.899999999943,62.899999999943,15.319750057092,1571.537544564807
1022.949999999943,62.949999999943,15.314906789487,1572.303410985970
1022.999999999943,62.999999999943,15.310063521881,1573.069035243756
1023.044444444444,63.044444444444,15.305758395115,1573.749386842777
1023.049999999943,63.049999999943,15.305199746477,1573.834417281193
1023.099999999943,63.099999999943,15.300171908681,1574.599551572571
1023.149999999943,63.149999999943,15.295144070886,1575.364434472061
1023.199999999942,63.199999999942,15.290116233090,1576.129065979644
1023.249999999942,63.249999999942,15.285088395294,1576.893446095355
1023.299999999942,63.299999999942,15.280060557497,1577.657574819174
1023.349999999942,63.349999999942,15.275032719701,1578.421452151105
1023.399999999942,63.399999999942,15.270004881904,1579.185078091145
1023.449999999942,63.449999999942,15.264977044107,1579.948452639294
1023.499999999942,63.499999999942,15.259949206310,1580.711575795556
1023.549999999942,63.549999999942,15.254921368512,1581.474447559925
1023.599999999942,63.599999999942,15.249893530715,1582.237067932407
1023.649999999942,63.649999999942,15.244865692917,1582.999436912997
1023.699999999942,63.699999999942,15.239837855119,1583.761554501697
1023.749999999942,63.749999999942,15.234810017321,1584.523420698509
1023.799999999942,63.799999999942,15.229782179523,1585.285035503430
1023.849999999942,63.849999999942,15.224754341724,1586.046398916462
1023.899999999942,63.899999999942,15.219726503925,1586.807510937603
1023.949999999942,63.949999999942,15.214698666127,1587.568371566853
1023.999999999942,63.999999999942,15.209670828327,1588.328980804216
1024.044444444444,64.044444444444,15.205201639167,1589.004866859924
1024.049999999942,64.049999999942,15.204657308589,1589.089338689459
1024.099999999942,64.099999999942,15.199758333343,1589.849449080506
1024.149999999942,64.149999999942,15.194859358096,1590.609314522795
1024.199999999942,64.199999999942,15.189960382849,1591.368935016318
1024.249999999942,64.249999999942,15.185061407602,1592.128310561079
1024.299999999942,64.299999999942,15.180162432355,1592.887441157077
1024.349999999942,64.349999999942,15.175263457107,1593.646326804313
1024.399999999941,64.399999999941,15.170364481859,1594.404967502772
1024.449999999941,64.449999999941,15.165465506612,1595.163363252484
1024.499999999941,64.499999999941,15.160566531363,1595.921514053436
1024.549999999941,64.549999999941,15.155667556115,1596.679419905622
1024.599999999941,64.599999999941,15.150768580867,1597.437080809046
1024.649999999941,64.649999999941,15.145869605618,1598.194496763707
1024.699999999941,64.699999999941,15.140970630369,1598.951667769606
1024.749999999941,64.749999999941,15.136071655120,1599.708593826746
1024.799999999941,64.799999999941,15.131172679871,1600.465274935120
1024.849999999941,64.849999999941,15.126273704622,1601.221711094732
1024.899999999941,64.899999999941,15.121374729372,1601.977902305581
1024.949999999941,64.949999999941,15.116475754123,1602.733848567668
1024.999999999941,64.999999999941,15.111576778873,1603.489549880995
1025.044444444444,65.044444444444,15.107222134200,1604.161078746614
1025.049999999941,65.049999999941,15.106718570853,1604.245006358799
1025.099999999941,65.099999999941,15.102186500678,1605.000228985587
1025.149999999941,65.149999999941,15.097654430503,1605.755225008866
1025.199999999941,65.199999999941,15.093122360328,1606.509994428636
1025.249999999941,65.249999999941,15.088590290152,1607.264537244901
1025.299999999941,65.299999999941,15.084058219977,1608.018853457653
1025.349999999941,65.349999999941,15.079526149801,1608.772943066897
1025.399999999940,65.399999999940,15.074994079625,1609.526806072618
1025.449999999940,65.449999999940,15.070462009449,1610.280442474844
1025.499999999940,65.499999999940,15.065929939273,1611.033852273561
1025.549999999940,65.549999999940,15.061397869097,1611.787035468770
1025.599999999940,65.599999999940,15.056865798920,1612.539992060473
1025.649999999940,65.649999999940,15.052333728744,1613.292722048664
1025.699999999940,65.699999999940,15.047801658567,1614.045225433346
1025.749999999940,65.749999999940,15.043269588390,1614.797502214519
1025.799999999940,65.799999999940,15.038737518213,1615.549552392184
1025.849999999940,65.849999999940,15.034205448035,1616.301375966342
1025.899999999940,65.899999999940,15.029673377858,1617.052972936989
1025.949999999940,65.949999999940,15.025141307681,1617.804343304127
1025.999999999940,65.999999999940,15.020609237503,1618.555487067756
1026.044444444444,66.044444444444,15.016580730673,1619.222980179055
1026.049999999940,66.049999999940,15.016110073605,1619.306404319282
1026.099999999940,66.099999999940,15.011874159946,1620.057103925124
1026.149999999940,66.149999999940,15.007638246288,1620.807591735279
1026.199999999940,66.199999999940,15.003402332629,1621.557867749751
1026.249999999940,66.249999999940,14.999166418971,1622.307931968540
1026.299999999940,66.299999999940,14.994930505312,1623.057784391647
1026.349999999940,66.349999999940,14.990694591653,1623.807425019073
1026.399999999940,66.399999999940,14.986458677994,1624.556853850814
1026.449999999940,66.449999999940,14.982222764335,1625.306070886871
1026.499999999940,66.499999999940,14.977986850675,1626.055076127246
1026.549999999940,66.549999999940,14.973750937016,1626.803869571937
1026.599999999939,66.599999999939,14.969515023356,1627.552451220932
1026.649999999939,66.649999999939,14.965279109696,1628.300821074258
1026.699999999939,66.699999999939,14.961043196037,1629.048979131904
1026.749999999939,66.749999999939,14.956807282377,1629.796925393864
1026.799999999939,66.799999999939,14.952571368716,1630.544659860140
1026.849999999939,66.849999999939,14.948335455056,1631.292182530734
1026.899999999939,66.899999999939,14.944099541396,1632.039493405645
1026.949999999939,66.949999999939,14.939863627735,1632.786592484876
1026.999999999939,66.999999999939,14.935627714075,1633.533479768420
1027.044444444444,67.044444444444,14.931862457482,1634.197201773136
1027.049999999939,67.049999999939,14.931414290054,1634.280155318753
1027.099999999939,67.099999999939,14.927380783158,1635.026625195583
1027.149999999939,67.149999999939,14.923347276262,1635.772893397067
1027.199999999939,67.199999999939,14.919313769366,1636.518959923211
1027.249999999939,67.249999999939,14.915280262469,1637.264824774006
1027.299999999939,67.299999999939,14.911246755573,1638.010487949456
1027.349999999939,67.349999999939,14.907213248676,1638.755949449562
1027.399999999939,67.399999999939,14.903179741780,1639.501209274323
1027.449999999939,67.449999999939,14.899146234883,1640.246267423742
1027.499999999939,67.499999999939,14.895112727986,1640.991123897813
1027.549999999939,67.549999999939,14.891079221089,1641.735778696539
1027.599999999938,67.599999999938,14.887045714192,1642.480231819907
1027.649999999938,67.649999999938,14.883012207294,1643.224483267943
1027.699999999938,67.699999999938,14.878978700397,1643.968533040635
1027.749999999938,67.749999999938,14.874945193499,1644.712381137982
1027.799999999938,67.799999999938,14.870911686601,1645.456027559987
1027.849999999938,67.849999999938,14.866878179704,1646.199472306644
1027.899999999938,67.899999999938,14.862844672806,1646.942715377956
1027.949999999938,67.949999999938,14.858811165908,1647.685756773923
1027.999999999938,67.999999999938,14.854777659010,1648.428596494545
1028.044444444444,68.044444444444,14.851192319539,1649.088729161651
1028.049999999938,68.049999999938,14.850757406930,1649.171234576645
1028.099999999938,68.099999999938,14.846843193406,1649.913674591653
1028.149999999938,68.149999999938,14.842928979882,1650.655918895984
1028.199999999938,68.199999999938,14.839014766357,1651.397967489639
1028.249999999938,68.249999999938,14.835100552833,1652.139820372618
1028.299999999938,68.299999999938,14.831186339308,1652.881477544925
1028.349999999938,68.349999999938,14.827272125783,1653.622939006551
1028.399999999938,68.399999999938,14.823357912258,1654.364204757502
1028.449999999938,68.449999999938,14.819443698733,1655.105274797776
1028.499999999938,68.499999999938,14.815529485208,1655.846149127374
1028.549999999938,68.549999999938,14.811615271682,1656.586827746298
1028.599999999938,68.599999999938,14.807701058157,1657.327310654544
1028.649999999938,68.649999999938,14.803786844631,1658.067597852113
1028.699999999938,68.699999999938,14.799872631106,1658.807689339005
1028.749999999938,68.749999999938,14.795958417580,1659.547585115222
1028.799999999937,68.799999999937,14.792044204054,1660.287285180748
1028.849999999937,68.849999999937,14.788129990528,1661.026789535612
1028.899999999937,68.899999999937,14.784215777002,1661.766098179803
1028.949999999937,68.949999999937,14.780301563476,1662.505211113314
1028.999999999937,68.999999999937,14.776387349949,1663.244128336149
1029.044444444444,69.044444444444,14.772908049032,1663.900779345940
1029.049999999937,69.049999999937,14.772483855116,1663.982849878082
1029.099999999937,69.099999999937,14.768666109833,1664.721378627205
1029.149999999937,69.149999999937,14.764848364550,1665.459716489067
1029.199999999937,69.199999999937,14.761030619267,1666.197863463662
1029.249999999937,69.249999999937,14.757212873983,1666.935819550992
1029.299999999937,69.299999999937,14.753395128700,1667.673584751059
1029.349999999937,69.349999999937,14.749577383416,1668.411159063861
1029.399999999937,69.399999999937,14.745759638132,1669.148542489402
1029.449999999937,69.449999999937,14.741941892848,1669.885735027676
1029.499999999937,69.499999999937,14.738124147564,1670.622736678686
1029.549999999937,69.549999999937,14.734306402280,1671.359547442431
1029.599999999937,69.599999999937,14.730488656996,1672.096167318913
1029.649999999937,69.649999999937,14.726670911712,1672.832596308133
1029.699999999937,69.699999999937,14.722853166427,1673.568834410086
1029.749999999937,69.749999999937,14.719035421143,1674.304881624774
1029.799999999936,69.799999999936,14.715217675858,1675.040737952185
1029.849999999936,69.849999999936,14.711399930573,1675.776403392345
1029.899999999936,69.899999999936,14.707582185288,1676.511877945241
1029.949999999936,69.949999999936,14.703764440003,1677.247161610873
1029.999999999936,69.999999999936,14.699946694718,1677.982254389244
1030.044444444444,70.044444444444,14.696553143349,1678.635509942133
1030.049999999936,70.049999999936,14.696127594871,1678.717156276584
1030.099999999936,70.099999999936,14.692297658526,1679.451866907918
1030.149999999936,70.149999999936,14.688467722181,1680.186386042435
1030.199999999936,70.199999999936,14.684637785836,1680.920713680135
1030.249999999936,70.249999999936,14.680807849491,1681.654849821021
1030.299999999936,70.299999999936,14.676977913145,1682.388794465086
1030.349999999936,70.349999999936,14.673147976800,1683.122547612334
1030.399999999936,70.399999999936,14.669318040454,1683.856109262765
1030.449999999936,70.449999999936,14.665488104108,1684.589479416378
1030.499999999936,70.499999999936,14.661658167763,1685.322658073178
1030.549999999936,70.549999999936,14.657828231417,1686.055645233156
1030.599999999936,70.599999999936,14.653998295071,1686.788440896318
1030.649999999936,70.649999999936,14.650168358724,1687.521045062662
1030.699999999936,70.699999999936,14.646338422378,1688.253457732189
1030.749999999936,70.749999999936,14.642508486032,1688.985678904902
1030.799999999936,70.799999999936,14.638678549685,1689.717708580794
1030.849999999936,70.849999999936,14.634848613339,1690.449546759869
1030.899999999936,70.899999999936,14.631018676992,1691.181193442127
1030.949999999936,70.949999999936,14.627188740645,1691.912648627567
1030.999999999935,70.999999999935,14.623358804298,1692.643912316177
1031.044444444444,71.044444444444,14.619977838552,1693.293764242518
1031.049999999935,71.049999999935,14.619557325438,1693.374985172584
1031.099999999935,71.099999999935,14.615772707377,1694.105868423407
1031.149999999935,71.149999999935,14.611988089316,1694.836562443324
1031.199999999935,71.199999999935,14.608203471254,1695.567067232337
1031.249999999935,71.249999999935,14.604418853192,1696.297382790448
1031.299999999935,71.299999999935,14.600634235131,1697.027509117655
1031.349999999935,71.349999999935,14.596849617069,1697.757446213963
1031.399999999935,71.399999999935,14.593064999007,1698.487194079364
1031.449999999935,71.449999999935,14.589280380945,1699.216752713862
1031.499999999935,71.499999999935,14.585495762882,1699.946122117457
1031.549999999935,71.549999999935,14.581711144820,1700.675302290149
1031.599999999935,71.599999999935,14.577926526758,1701.404293231941
1031.649999999935,71.649999999935,14.574141908695,1702.133094942827
1031.699999999935,71.699999999935,14.570357290633,1702.861707422809
1031.749999999935,71.749999999935,14.566572672570,1703.590130671889
1031.799999999935,71.799999999935,14.562788054507,1704.318364690065
1031.849999999935,71.849999999935,14.559020413740,1705.046409901774
1031.899999999935,71.899999999935,14.555266950898,1705.774267085889
1031.949999999934,71.949999999934,14.551513488057,1706.501936596849
1031.999999999934,71.999999999934,14.547760025215,1707.229418434680
1032.044444444444,72.044444444444,14.544423613795,1707.875911405389
1032.049999999934,72.049999999934,14.544015615753,1707.956712624517
1032.099999999934,72.099999999934,14.540343633330,1708.683821605744
1032.149999999934,72.149999999934,14.536671650907,1709.410746987849
1032.199999999934,72.199999999934,14.532999668484,1710.137488770836
1032.249999999934,72.249999999934,14.529327686060,1710.864046954699
1032.299999999934,72.299999999934,14.525655703637,1711.590421539441
1032.349999999934,72.349999999934,14.521983721213,1712.316612525061
1032.399999999934,72.399999999934,14.518311738790,1713.042619911561
1032.449999999934,72.449999999934,14.514639756366,1713.768443698943
1032.499999999934,72.499999999934,14.510967773942,1714.494083887200
1032.549999999934,72.549999999934,14.507295791519,1715.219540476335
1032.599999999934,72.599999999934,14.503623809095,1715.944813466350
1032.649999999934,72.649999999934,14.499951826670,1716.669902857244
1032.699999999934,72.699999999934,14.496279844246,1717.394808649019
1032.749999999934,72.749999999934,14.492607861822,1718.119530841670
1032.799999999934,72.799999999934,14.488935879398,1718.844069435200
1032.849999999934,72.849999999934,14.485263896973,1719.568424429609
1032.899999999934,72.899999999934,14.481591914548,1720.292595824896
1032.949999999934,72.949999999934,14.477919932124,1721.016583621066
1032.999999999934,72.999999999934,14.474247949699,1721.740387818111
1033.044444444444,73.044444444444,14.470983965316,1722.383615194948
1033.049999999934,73.049999999934,14.470544620800,1722.464008328961
1033.099999999934,73.099999999934,14.466590520103,1723.187436707483
1033.149999999934,73.149999999934,14.462636419406,1723.910667380970
1033.199999999933,73.199999999933,14.458701272684,1724.633700823258
1033.249999999933,73.249999999933,14.454766808931,1725.356537525298
1033.299999999933,73.299999999933,14.450832345177,1726.079177504153
1033.349999999933,73.349999999933,14.446897881423,1726.801620759818
1033.399999999933,73.399999999933,14.442963417668,1727.523867292294
1033.449999999933,73.449999999933,14.439043766724,1728.245917471904
1033.499999999933,73.499999999933,14.435137523473,1728.967772004158
1033.549999999933,73.549999999933,14.431231280222,1729.689431224253
1033.599999999933,73.599999999933,14.427325036971,1730.410895132182
1033.649999999933,73.649999999933,14.423418793720,1731.132163727949
1033.699999999933,73.699999999933,14.419512550469,1731.853237011553
1033.749999999933,73.749999999933,14.415623655384,1732.574115416698
1033.799999999933,73.799999999933,14.411737902356,1733.294799455644
1033.849999999933,73.849999999933,14.407852149327,1734.015289206936
1033.899999999933,73.899999999933,14.403966396298,1734.735584670576
1033.949999999933,73.949999999933,14.400091964005,1735.455686129583
1033.999999999933,73.999999999933,14.396231605542,1736.175594218821
1034.044444444444,74.044444444444,14.392800175792,1736.815350481588
1034.049999999933,74.049999999933,14.392344812506,1736.895309216709
1034.099999999933,74.099999999933,14.388246542884,1737.614824000593
1034.149999999932,74.149999999932,14.384148273261,1738.334133870983
1034.199999999932,74.199999999932,14.380050003638,1739.053238827905
1034.249999999932,74.249999999932,14.375951734015,1739.772138871346
1034.299999999932,74.299999999932,14.371868046166,1740.490834365850
1034.349999999932,74.349999999932,14.367816895147,1741.209326489382
1034.399999999932,74.399999999932,14.363765744128,1741.927616055367
1034.449999999932,74.449999999932,14.359714593109,1742.645703063797
1034.499999999932,74.499999999932,14.355663442090,1743.363587514676
1034.549999999932,74.549999999932,14.351612291070,1744.081269408005
1034.599999999932,74.599999999932,14.347561140050,1744.798748743782
1034.649999999932,74.649999999932,14.343509989030,1745.516025522012
1034.699999999932,74.699999999932,14.339458838011,1746.233099742687
1034.749999999932,74.749999999932,14.335411292045,1746.949971495938
1034.799999999932,74.799999999932,14.331383629360,1747.666641368972
1034.849999999932,74.849999999932,14.327375401219,1748.383110344736
1034.899999999932,74.899999999932,14.323369938865,1749.099378978241
1034.949999999932,74.949999999932,14.319364476510,1749.815447338625
1034.999999999932,74.999999999932,14.315359014155,1750.531315425891
1035.044444444444,75.044444444444,14.311798603168,1751.167474485020
1035.049999999932,75.049999999932,14.311372451471,1751.246983292538
1035.099999999932,75.099999999932,14.307537086153,1751.962456030978
1035.149999999932,75.149999999932,14.303701720835,1752.677737001155
1035.199999999932,75.199999999932,14.299866355517,1753.392826203063
1035.249999999932,75.249999999932,14.296042648306,1754.107723928158
1035.299999999932,75.299999999932,14.292233871493,1754.822430841152
1035.349999999932,75.349999999932,14.288425094679,1755.536947315306
1035.399999999931,75.399999999931,14.284616317866,1756.251273350606
1035.449999999931,75.449999999931,14.280819870577,1756.965409255317
1035.499999999931,75.499999999931,14.277073849658,1757.679356598325
1035.549999999931,75.549999999931,14.273328426614,1758.393116655231
1035.599999999931,75.599999999931,14.269583003571,1759.106689440985
1035.649999999931,75.649999999931,14.265837580528,1759.820074955587
1035.699999999931,75.699999999931,14.262092157484,1760.533273199037
1035.749999999931,75.749999999931,14.258346734440,1761.246284171337
1035.799999999931,75.799999999931,14.254601311397,1761.959107872483
1035.849999999931,75.849999999931,14.250855888353,1762.671744302476
1035.899999999931,75.899999999931,14.247110465309,1763.384193461317
1035.949999999931,75.949999999931,14.243365042265,1764.096455349006
1035.999999999931,75.999999999931,14.239619619220,1764.808529965545
1036.044444444444,76.044444444444,14.236290354287,1765.441327965931
1036.049999999931,76.049999999931,14.235897762263,1765.520417376391
1036.099999999931,76.099999999931,14.232364434000,1766.232123931297
1036.149999999931,76.149999999931,14.228831105738,1766.943653819789
1036.199999999931,76.199999999931,14.225297777475,1767.655007041869
1036.249999999931,76.249999999931,14.221764449212,1768.366183597539
1036.299999999931,76.299999999931,14.218231120949,1769.077183486792
1036.349999999930,76.349999999930,14.214697792686,1769.788006709619
1036.399999999930,76.399999999930,14.211164464423,1770.498653266046
1036.449999999930,76.449999999930,14.207631136160,1771.209123156060
1036.499999999930,76.499999999930,14.204097807897,1771.919416379661
1036.549999999930,76.549999999930,14.200564479634,1772.629532936849
1036.599999999930,76.599999999930,14.197031151370,1773.339472827626
1036.649999999930,76.649999999930,14.193499848566,1774.049236102624
1036.699999999930,76.699999999930,14.189983692382,1774.758823191147
1036.749999999930,76.749999999930,14.186476479427,1775.468234695442
1036.799999999930,76.799999999930,14.182979074199,1776.177471084282
1036.849999999930,76.849999999930,14.179481668970,1776.886532602864
1036.899999999930,76.899999999930,14.175984263742,1777.595419251181
1036.949999999930,76.949999999930,14.172486858513,1778.304131029236
1036.999999999930,76.999999999930,14.168989453284,1779.012667937031
1037.044444444444,77.044444444444,14.165880648632,1779.642331718059
1037.049999999930,77.049999999930,14.165509157803,1779.721030022090
1037.099999999930,77.099999999930,14.162165740303,1780.429221894546
1037.149999999930,77.149999999930,14.158822322802,1781.137246596123
1037.199999999930,77.199999999930,14.155478905302,1781.845104126824
1037.249999999930,77.249999999930,14.152135487801,1782.552794486651
1037.299999999930,77.299999999930,14.148792070301,1783.260317675603
1037.349999999930,77.349999999930,14.145448652800,1783.967673693684
1037.399999999930,77.399999999930,14.142112760883,1784.674862729025
1037.449999999930,77.449999999930,14.138781462681,1785.381885084613
1037.499999999930,77.499999999930,14.135450164480,1786.088740875292
1037.549999999930,77.549999999930,14.132118866279,1786.795430101060
1037.599999999929,77.599999999929,14.128787568077,1787.501952761905
1037.649999999929,77.649999999929,14.125456269876,1788.208308857854
1037.699999999929,77.699999999929,14.122124971674,1788.914498388895
1037.749999999929,77.749999999929,14.118793673473,1789.620521355023
1037.799999999929,77.799999999929,14.115462375271,1790.326377756241
1037.849999999929,77.849999999929,14.112131077069,1791.032067592549
1037.899999999929,77.899999999929,14.108799778867,1791.737590863946
1037.949999999929,77.949999999929,14.105468480665,1792.442947570437
1037.999999999929,77.999999999929,14.102137182463,1793.148137712015
1038.044444444444,78.044444444444,14.099176028501,1793.774833562142
1038.049999999929,78.049999999929,14.098809342845,1793.853161298289
1038.099999999929,78.099999999929,14.095509171898,1794.558019261157
1038.149999999929,78.149999999929,14.092209000951,1795.262712215478
1038.199999999929,78.199999999929,14.088908830004,1795.967240161254
1038.249999999929,78.249999999929,14.085608659057,1796.671603098480
1038.299999999929,78.299999999929,14.082308488110,1797.375801027159
1038.349999999929,78.349999999929,14.079008317162,1798.079833947290
1038.399999999929,78.399999999929,14.075708146215,1798.783701858873
1038.449999999929,78.449999999929,14.072407975268,1799.487404761913
1038.499999999929,78.499999999929,14.069107804320,1800.190942656402
1038.549999999928,78.549999999928,14.065807633373,1800.894315542331
1038.599999999928,78.599999999928,14.062507462425,1801.597523419725
1038.649999999928,78.649999999928,14.059207291477,1802.300566288572
1038.699999999928,78.699999999928,14.055907120530,1803.003444148872
1038.749999999928,78.749999999928,14.052606949582,1803.706157000624
1038.799999999928,78.799999999928,14.049306778634,1804.408704843832
1038.849999999928,78.849999999928,14.046006607686,1805.111087678489
1038.899999999928,78.899999999928,14.042706436738,1805.813305504599
1038.949999999928,78.949999999928,14.039406265789,1806.515358322162
1038.999999999928,78.999999999928,14.036106094841,1807.217246131177
1039.044444444444,79.044444444444,14.033172609549,1807.841007881169
1039.049999999928,79.049999999928,14.032812624541,1807.918968950261
1039.099999999928,79.099999999928,14.029572759422,1808.620528584859
1039.149999999928,79.149999999928,14.026332894303,1809.321926226202
1039.199999999928,79.199999999928,14.023093029184,1810.023161874288
1039.249999999928,79.249999999928,14.019853164064,1810.724235529119
1039.299999999928,79.299999999928,14.016613298945,1811.425147190696
1039.349999999928,79.349999999928,14.013373433826,1812.125896859015
1039.399999999928,79.399999999928,14.010133568707,1812.826484534078
1039.449999999928,79.449999999928,14.006893703587,1813.526910215885
1039.499999999928,79.499999999928,14.003653838468,1814.227173904435
1039.549999999928,79.549999999928,14.000416627871,1814.927275666096
1039.599999999928,79.599999999928,13.997185088167,1815.627215708997
1039.649999999928,79.649999999928,13.993953548463,1816.326994174912
1039.699999999928,79.699999999928,13.990722008759,1817.026611063842
1039.749999999928,79.749999999928,13.987490469055,1817.726066375787
1039.799999999927,79.799999999927,13.984260450267,1818.425360148756
1039.849999999927,79.849999999927,13.981057509969,1819.124493097761
1039.899999999927,79.899999999927,13.977854569671,1819.823465899755
1039.949999999927,79.949999999927,13.974651629373,1820.522278554730
1039.999999999927,79.999999999927,13.971448689075,1821.220931062691
1040.044444444444,80.044444444444,13.968601631028,1821.841821070818
1040.049999999927,80.049999999927,13.968256159272,1821.919423452555
1040.099999999927,80.099999999927,13.965148096272,1822.617758558943
1040.149999999927,80.149999999927,13.962052514202,1823.315938574207
1040.199999999927,80.199999999927,13.958956932132,1824.013963810365
1040.249999999927,80.249999999927,13.955861350061,1824.711834267419
1040.299999999927,80.299999999927,13.952765767991,1825.409549945369
1040.349999999927,80.349999999927,13.949670185920,1826.107110844217
1040.399999999927,80.399999999927,13.946574603850,1826.804516963963
1040.449999999927,80.449999999927,13.943479021779,1827.501768304604
1040.499999999927,80.499999999927,13.940383439708,1828.198864866140
1040.549999999927,80.549999999927,13.937301473655,1828.895806988973
1040.599999999927,80.599999999927,13.934226497995,1829.592595188264
1040.649999999927,80.649999999927,13.931161733654,1830.289229894058
1040.699999999927,80.699999999927,13.928108335329,1830.985711645782
1040.749999999926,80.749999999926,13.925054937003,1831.682040727577
1040.799999999926,80.799999999926,13.922001538677,1832.378217139468
1040.849999999926,80.849999999926,13.918948140351,1833.074240881443
1040.899999999926,80.899999999926,13.915894742024,1833.770111953502
1040.949999999926,80.949999999926,13.912841343698,1834.465830355644
1040.999999999926,80.999999999926,13.909787945372,1835.161396087874
1041.044444444444,81.044444444444,13.907073813522,1835.779548572426
1041.049999999926,81.049999999926,13.906740120545,1835.856809165665
1041.099999999926,81.099999999926,13.903736883715,1836.552071090771
1041.149999999926,81.149999999926,13.900733646885,1837.247182854035
1041.199999999926,81.199999999926,13.897730410055,1837.942144455458
1041.249999999926,81.249999999926,13.894727173225,1838.636955895043
1041.299999999926,81.299999999926,13.891723936395,1839.331617172783
1041.349999999926,81.349999999926,13.888721371981,1840.026128305492
1041.399999999926,81.399999999926,13.885731560101,1840.720489628793
1041.449999999926,81.449999999926,13.882741748221,1841.414701461500
1041.499999999926,81.499999999926,13.879751936342,1842.108763803617
1041.549999999926,81.549999999926,13.876762124462,1842.802676655136
1041.599999999926,81.599999999926,13.873772312582,1843.496440016062
1041.649999999926,81.649999999926,13.870782500702,1844.190053886393
1041.699999999926,81.699999999926,13.867792688821,1844.883518266131
1041.749999999926,81.749999999926,13.864802876941,1845.576833155277
1041.799999999926,81.799999999926,13.861813065061,1846.269998553827
1041.849999999926,81.849999999926,13.858823253181,1846.963014461782
1041.899999999926,81.899999999926,13.855838203367,1847.655880998195
1041.949999999926,81.949999999926,13.852861404645,1848.348598488395
1041.999999999925,81.999999999925,13.849884605924,1849.041167138646
1042.044444444444,82.044444444444,13.847238729432,1849.656658769353
1042.049999999925,82.049999999925,13.846903514478,1849.733586941220
1042.099999999925,82.099999999925,13.843897315722,1850.425856961977
1042.149999999925,82.149999999925,13.840894090641,1851.117976747135
1042.199999999925,82.199999999925,13.837890865560,1851.809946371040
1042.249999999925,82.249999999925,13.834887640478,1852.501765833690
1042.299999999925,82.299999999925,13.831884415397,1853.193435135086
1042.349999999925,82.349999999925,13.828881190316,1853.884954275232
1042.399999999925,82.399999999925,13.825877965234,1854.576323254120
1042.449999999925,82.449999999925,13.822880261141,1855.267542209779
1042.499999999925,82.499999999925,13.819882800711,1855.958611286324
1042.549999999925,82.549999999925,13.816895564088,1856.649530745444
1042.599999999925,82.599999999925,13.813925102764,1857.340301262118
1042.649999999925,82.649999999925,13.810954641440,1858.030923255722
1042.699999999925,82.699999999925,13.807984180117,1858.721396726261
1042.749999999925,82.749999999925,13.805013718793,1859.411721673733
1042.799999999925,82.799999999925,13.802043257469,1860.101898098139
1042.849999999925,82.849999999925,13.799072796145,1860.791925999481
1042.899999999925,82.899999999925,13.796102334820,1861.481805377755
1042.949999999924,82.949999999924,13.793131873496,1862.171536232950
1042.999999999924,82.999999999924,13.790161412172,1862.861118565091
1043.044444444444,83.044444444444,13.787521002101,1863.473955953116
1043.049999999924,83.049999999924,13.787175559924,1863.550552331413
1043.099999999924,83.099999999924,13.784066580288,1864.239833384918
1043.149999999924,83.149999999924,13.780957600652,1864.928958989440
1043.199999999924,83.199999999924,13.777848621016,1865.617929144985
1043.249999999924,83.249999999924,13.774739641379,1866.306743851544
1043.299999999924,83.299999999924,13.771630661743,1866.995403109121
1043.349999999924,83.349999999924,13.768521682106,1867.683906917717
1043.399999999924,83.399999999924,13.765412702469,1868.372255277331
1043.449999999924,83.449999999924,13.762303722833,1869.060448187966
1043.499999999924,83.499999999924,13.759194743196,1869.748485649616
1043.549999999924,83.549999999924,13.756085763559,1870.436367662284
1043.599999999924,83.599999999924,13.752976783922,1871.124094225971
1043.649999999924,83.649999999924,13.749867804285,1871.811665340675
1043.699999999924,83.699999999924,13.746758824648,1872.499081006401
1043.749999999924,83.749999999924,13.743649845011,1873.186341223142
1043.799999999924,83.799999999924,13.740540865374,1873.873445990901
1043.849999999924,83.849999999924,13.737431885736,1874.560395309678
1043.899999999924,83.899999999924,13.734322906099,1875.247189179473
1043.949999999924,83.949999999924,13.731213926462,1875.933827600290
1043.999999999924,83.999999999924,13.728104946824,1876.620310572121
1044.044444444444,84.044444444444,13.725341409364,1877.230387158851
1044.049999999924,84.049999999924,13.724980104205,1877.306638050907
1044.099999999924,84.099999999924,13.721728357728,1877.992805762455
1044.149999999924,84.149999999924,13.718476611252,1878.678810886679
1044.199999999923,84.199999999923,13.715224864775,1879.364653423566
1044.249999999923,84.249999999923,13.711973118298,1880.050333373143
1044.299999999923,84.299999999923,13.708725209391,1880.735850831337
1044.349999999923,84.349999999923,13.705477671621,1881.421205903362
1044.399999999923,84.399999999923,13.702230133851,1882.106398598498
1044.449999999923,84.449999999923,13.698982596081,1882.791428916746
1044.499999999923,84.499999999923,13.695735058311,1883.476296858105
1044.549999999923,84.549999999923,13.692487520541,1884.161002422579
1044.599999999923,84.599999999923,13.689239982771,1884.845545610161
1044.649999999923,84.649999999923,13.686000568952,1885.529926623954
1044.699999999923,84.699999999923,13.682767090569,1886.214145815441
1044.749999999923,84.749999999923,13.679533612185,1886.898203333009
1044.799999999923,84.799999999923,13.676300133800,1887.582099176662
1044.849999999923,84.849999999923,13.673066655416,1888.265833346391
1044.899999999923,84.899999999923,13.669833177032,1888.949405842202
1044.949999999923,84.949999999923,13.666600027432,1889.632816672313
1044.999999999923,84.999999999923,13.663380274742,1890.316066179867
1045.044444444444,85.044444444444,13.660518272346,1890.923263926405
1045.049999999923,85.049999999923,13.660160837863,1890.999154700666
1045.099999999923,85.099999999923,13.656943927469,1891.682082319799
1045.149999999922,85.149999999922,13.653727017075,1892.364849093399
1045.199999999922,85.199999999922,13.650510261864,1893.047455025372
1045.249999999922,85.249999999922,13.647305873944,1893.729900428767
1045.299999999922,85.299999999922,13.644119341698,1894.412186059157
1045.349999999922,85.349999999922,13.640942569650,1895.094312606940
1045.399999999922,85.399999999922,13.637765797602,1895.776280316124
1045.449999999922,85.449999999922,13.634590708367,1896.458089228773
1045.499999999922,85.499999999922,13.631416311501,1897.139739404269
1045.549999999922,85.549999999922,13.628241914634,1897.821230859922
1045.599999999922,85.599999999922,13.625067517768,1898.502563595731
1045.649999999922,85.649999999922,13.621893120901,1899.183737611700
1045.699999999922,85.699999999922,13.618718724034,1899.864752907823
1045.749999999922,85.749999999922,13.615544327168,1900.545609484102
1045.799999999922,85.799999999922,13.612369930301,1901.226307340539
1045.849999999922,85.849999999922,13.609198640687,1901.906846554813
1045.899999999922,85.899999999922,13.606037894584,1902.587227468197
1045.949999999922,85.949999999922,13.602877148480,1903.267450344273
1045.999999999922,85.999999999922,13.599716402376,1903.947515183044
1046.044444444444,86.044444444444,13.596906850279,1904.551884589713
1046.049999999922,86.049999999922,13.596554431076,1904.627421981106
1046.099999999922,86.099999999922,13.593382658205,1905.307170408337
1046.149999999922,86.149999999922,13.590210885334,1905.986760246928
1046.199999999922,86.199999999922,13.587039112463,1906.666191496872
1046.249999999922,86.249999999922,13.583867339591,1907.345464158173
1046.299999999922,86.299999999922,13.580695566720,1908.024578230830
1046.349999999922,86.349999999922,13.577523793849,1908.703533714844
1046.399999999921,86.399999999921,13.574352020977,1909.382330610202
1046.449999999921,86.449999999921,13.571180248106,1910.060968916928
1046.499999999921,86.499999999921,13.568008475234,1910.739448635014
1046.549999999921,86.549999999921,13.564836702363,1911.417769764453
1046.599999999921,86.599999999921,13.561664929491,1912.095932305249
1046.649999999921,86.649999999921,13.558493156619,1912.773936257401
1046.699999999921,86.699999999921,13.555321383748,1913.451781620910
1046.749999999921,86.749999999921,13.552149610876,1914.129468395778
1046.799999999921,86.799999999921,13.548977838004,1914.806996581999
1046.849999999921,86.849999999921,13.545806065132,1915.484366179577
1046.899999999921,86.899999999921,13.542634292260,1916.161577188511
1046.949999999921,86.949999999921,13.539462519388,1916.838629608802
1046.999999999921,86.999999999921,13.536290746515,1917.515523440452
1047.044444444444,87.044444444444,13.533471392846,1918.117073711277
1047.049999999921,87.049999999921,13.533122553554,1918.192258693399
1047.099999999921,87.099999999921,13.529982999885,1918.868836332235
1047.149999999921,87.149999999921,13.526850583146,1919.545257171810
1047.199999999921,87.199999999921,13.523724634311,1920.221521552246
1047.249999999921,87.249999999921,13.520598685477,1920.897629635243
1047.299999999921,87.299999999921,13.517472736642,1921.573581420795
1047.349999999920,87.349999999920,13.514346787807,1922.249376908894
1047.399999999920,87.399999999920,13.511220838972,1922.925016099563
1047.449999999920,87.449999999920,13.508094890137,1923.600498992790
1047.499999999920,87.499999999920,13.504968941302,1924.275825588575
1047.549999999920,87.549999999920,13.501842992467,1924.950995886919
1047.599999999920,87.599999999920,13.498717043632,1925.626009887824
1047.649999999920,87.649999999920,13.495591094797,1926.300867591284
1047.699999999920,87.699999999920,13.492465145962,1926.975568997302
1047.749999999920,87.749999999920,13.489339197126,1927.650114105878
1047.799999999920,87.799999999920,13.486213248291,1928.324502917013
1047.849999999920,87.849999999920,13.483087299455,1928.998735430709
1047.899999999920,87.899999999920,13.479961350620,1929.672811646961
1047.949999999920,87.949999999920,13.476835401784,1930.346731565770
1047.999999999920,87.999999999920,13.473709452948,1931.020495187138
1048.044444444444,88.044444444444,13.470930831756,1931.619264972315
1048.049999999920,88.049999999920,13.470598606015,1931.694102553013
1048.099999999920,88.099999999920,13.467608574300,1932.367557732524
1048.149999999920,88.149999999920,13.464618542585,1933.040863410445
1048.199999999920,88.199999999920,13.461628510870,1933.714019586781
1048.249999999920,88.249999999920,13.458638479155,1934.387026261531
1048.299999999920,88.299999999920,13.455648447440,1935.059883434695
1048.349999999920,88.349999999920,13.452658415725,1935.732591106277
1048.399999999920,88.399999999920,13.449668384009,1936.405149276269
1048.449999999920,88.449999999920,13.446678352294,1937.077557944676
1048.499999999920,88.499999999920,13.443688320579,1937.749817111498
1048.549999999920,88.549999999920,13.440698288864,1938.421926776733
1048.599999999919,88.599999999919,13.437708257148,1939.093886940371
1048.649999999919,88.649999999919,13.434718225433,1939.765697602435
1048.699999999919,88.699999999919,13.431728193717,1940.437358762916
1048.749999999919,88.749999999919,13.428738162001,1941.108870421808
1048.799999999919,88.799999999919,13.425748130286,1941.780232579114
1048.849999999919,88.849999999919,13.422758098570,1942.451445234835
1048.899999999919,88.899999999919,13.419779176983,1943.122508666723
1048.949999999919,88.949999999919,13.416801222840,1943.793423176721
1048.999999999919,88.999999999919,13.413823268697,1944.464188789009
1049.044444444444,89.044444444444,13.411176198343,1945.060299889357
1049.049999999919,89.049999999919,13.410858993122,1945.134805541586
1049.099999999919,89.099999999919,13.408004146098,1945.805277120066
1049.149999999919,89.149999999919,13.405149299075,1946.475605956195
1049.199999999919,89.199999999919,13.402294452051,1947.145792049975
1049.249999999919,89.249999999919,13.399439605027,1947.815835401402
1049.299999999919,89.299999999919,13.396584758002,1948.485736010477
1049.349999999919,89.349999999919,13.393729910978,1949.155493877201
1049.399999999919,89.399999999919,13.390875063954,1949.825109001573
1049.449999999919,89.449999999919,13.388020216930,1950.494581383598
1049.499999999919,89.499999999919,13.385165369905,1951.163911023268
1049.549999999918,89.549999999918,13.382310522881,1951.833097920575
1049.599999999918,89.599999999918,13.379455675857,1952.502142075543
1049.649999999918,89.649999999918,13.376600828832,1953.171043488159
1049.699999999918,89.699999999918,13.373745981808,1953.839802158425
1049.749999999918,89.749999999918,13.370891134783,1954.508418086339
1049.799999999918,89.799999999918,13.368036287758,1955.176891271905
1049.849999999918,89.849999999918,13.365181440734,1955.845221715116
1049.899999999918,89.899999999918,13.362326593709,1956.513409415977
1049.949999999918,89.949999999918,13.359472941282,1957.181454404351
1049.999999999918,89.999999999918,13.356627972743,1957.849356927201
1050.044444444444,90.044444444444,13.354099111815,1958.442928641282
1050.049999999918,90.049999999918,13.353793457601,1958.517117230664
1050.099999999918,90.099999999918,13.351042569635,1959.184738131345
1050.149999999918,90.149999999918,13.348291681670,1959.852221487627
1050.199999999918,90.199999999918,13.345540793704,1960.519567299510
1050.249999999918,90.249999999918,13.342789905738,1961.186775566996
1050.299999999918,90.299999999918,13.340039017773,1961.853846290086
1050.349999999918,90.349999999918,13.337288129807,1962.520779468775
1050.399999999918,90.399999999918,13.334537241841,1963.187575103065
1050.449999999918,90.449999999918,13.331786353875,1963.854233192958
1050.499999999918,90.499999999918,13.329035465909,1964.520753738452
1050.549999999918,90.549999999918,13.326284577943,1965.187136739550
1050.599999999918,90.599999999918,13.323533689977,1965.853382196248
1050.649999999918,90.649999999918,13.320782802011,1966.519490108547
1050.699999999918,90.699999999918,13.318031914045,1967.185460476448
1050.749999999918,90.749999999918,13.315281026079,1967.851293299950
1050.799999999917,90.799999999917,13.312530138113,1968.516988579042
1050.849999999917,90.849999999917,13.309779250147,1969.182546313748
1050.899999999917,90.899999999917,13.307028362180,1969.847966504059
1050.949999999917,90.949999999917,13.304277474214,1970.513249149968
1050.999999999917,90.999999999917,13.301526586248,1971.178394251479
1051.044444444444,91.044444444444,13.299081352495,1971.769518873438
1051.049999999917,91.049999999917,13.298786040002,1971.843401837318
1051.099999999917,91.099999999917,13.296128227521,1972.508274694006
1051.149999999917,91.149999999917,13.293470415040,1973.173014660072
1051.199999999917,91.199999999917,13.290812602559,1973.837621735511
1051.249999999917,91.249999999917,13.288154790078,1974.502095920327
1051.299999999917,91.299999999917,13.285503373127,1975.166437374406
1051.349999999917,91.349999999917,13.282856185754,1975.830646363378
1051.399999999917,91.399999999917,13.280208998382,1976.494722992984
1051.449999999917,91.449999999917,13.277563729854,1977.158667311189
1051.499999999917,91.499999999917,13.274927169378,1977.822479583669
1051.549999999917,91.549999999917,13.272290608902,1978.486160028126
1051.599999999917,91.599999999917,13.269654048427,1979.149708644558
1051.649999999917,91.649999999917,13.267024220811,1979.813125601291
1051.699999999917,91.699999999917,13.264404096515,1980.476411309224
1051.749999999916,91.749999999916,13.261788980564,1981.139566136138
1051.799999999916,91.799999999916,13.259173864612,1981.802590207267
1051.849999999916,91.849999999916,13.256558748661,1982.465483522598
1051.899999999916,91.899999999916,13.253943632709,1983.128246082132
1051.949999999916,91.949999999916,13.251328516758,1983.790877885868
1051.999999999916,91.999999999916,13.248713400806,1984.453378933810
1052.044444444444,92.044444444444,13.246388853289,1985.042158985006
1052.049999999916,92.049999999916,13.246105849406,1985.115749246963
1052.099999999916,92.099999999916,13.243558814414,1985.777990863558
1052.149999999916,92.149999999916,13.241011779423,1986.440105128403
1052.199999999916,92.199999999916,13.238464744432,1987.102092041499
1052.249999999916,92.249999999916,13.235917709440,1987.763951602848
1052.299999999916,92.299999999916,13.233370674449,1988.425683812445
1052.349999999916,92.349999999916,13.230823639457,1989.087288670292
1052.399999999916,92.399999999916,13.228276604466,1989.748766176390
1052.449999999916,92.449999999916,13.225729569474,1990.410116330738
1052.499999999916,92.499999999916,13.223182534482,1991.071339133339
1052.549999999916,92.549999999916,13.220635499491,1991.732434584188
1052.599999999916,92.599999999916,13.218088464499,1992.393402683287
1052.649999999916,92.649999999916,13.215541429507,1993.054243430636
1052.699999999916,92.699999999916,13.212994394515,1993.714956826236
1052.749999999916,92.749999999916,13.210447359523,1994.375542870089
1052.799999999916,92.799999999916,13.207900324531,1995.036001562190
1052.849999999916,92.849999999916,13.205353289540,1995.696332902541
1052.899999999916,92.899999999916,13.202806254548,1996.356536891143
1052.949999999916,92.949999999916,13.200266177347,1997.016613701940
1052.999999999915,92.999999999915,13.197729217893,1997.676563586808
1053.044444444444,93.044444444444,13.195474142819,1998.263079218163
1053.049999999915,93.049999999915,13.195196748200,1998.336386636187
1053.099999999915,93.099999999915,13.192705058943,1998.996084181368
1053.149999999915,93.149999999915,13.190218674756,1999.655657274710
1053.199999999915,93.199999999915,13.187732290570,2000.315106048843
1053.249999999915,93.249999999915,13.185245906384,2000.974430503766
1053.299999999915,93.299999999915,13.182759522197,2001.633630639480
1053.349999999915,93.349999999915,13.180273996478,2002.292706477449
1053.399999999915,93.399999999915,13.177797873235,2002.951658274192
1053.449999999915,93.449999999915,13.175321749991,2003.610486264772
1053.499999999915,93.499999999915,13.172845626748,2004.269190449190
1053.549999999915,93.549999999915,13.170369503504,2004.927770827445
1053.599999999915,93.599999999915,13.167893380260,2005.586227399542
1053.649999999915,93.649999999915,13.165417257016,2006.244560165473
1053.699999999915,93.699999999915,13.162941133773,2006.902769125242
1053.749999999915,93.749999999915,13.160465010529,2007.560854278849
1053.799999999915,93.799999999915,13.157988887285,2008.218815626294
1053.849999999915,93.849999999915,13.155512764041,2008.876653167580
1053.899999999915,93.899999999915,13.153036640797,2009.534366902700
1053.949999999914,93.949999999914,13.150560517553,2010.191956831646
1053.999999999914,93.999999999914,13.148084394309,2010.849422954442
1054.044444444444,94.044444444444,13.145883395866,2011.433733350904
1054.049999999914,94.049999999914,13.145593821541,2011.506765230938
1054.099999999914,94.099999999914,13.142987652579,2012.163979767791
1054.149999999914,94.149999999914,13.140381483616,2012.821063996195
1054.199999999914,94.199999999914,13.137775314654,2013.478017916154
1054.249999999914,94.249999999914,13.135169145692,2014.134841527662
1054.299999999914,94.299999999914,13.132562976729,2014.791534830722
1054.349999999914,94.349999999914,13.129956807766,2015.448097825334
1054.399999999914,94.399999999914,13.127350638804,2016.104530511498
1054.449999999914,94.449999999914,13.124744469841,2016.760832889216
1054.499999999914,94.499999999914,13.122138300878,2017.417004958483
1054.549999999914,94.549999999914,13.119532131916,2018.073046719303
1054.599999999914,94.599999999914,13.116925962953,2018.728958171674
1054.649999999914,94.649999999914,13.114319793990,2019.384739315597
1054.699999999914,94.699999999914,13.111713625027,2020.040390151075
1054.749999999914,94.749999999914,13.109107456064,2020.695910678101
1054.799999999914,94.799999999914,13.106501287101,2021.351300896680
1054.849999999914,94.849999999914,13.103896769339,2022.006560848090
1054.899999999914,94.899999999914,13.101301169517,2022.661690796561
1054.949999999914,94.949999999914,13.098705569695,2023.316690965044
1054.999999999914,94.999999999914,13.096109969873,2023.971561353533
1055.044444444444,95.044444444444,13.093802770027,2024.553559415539
1055.049999999914,95.049999999914,13.093482715852,2024.626301874102
1055.099999999914,95.099999999914,13.090602228228,2025.280903997703
1055.149999999914,95.149999999914,13.087721740605,2025.935362096923
1055.199999999913,95.199999999913,13.084841252981,2026.589676171751
1055.249999999913,95.249999999913,13.081960765358,2027.243846222209
1055.299999999913,95.299999999913,13.079080277734,2027.897872248288
1055.349999999913,95.349999999913,13.076199790110,2028.551754249984
1055.399999999913,95.399999999913,13.073319302487,2029.205492227298
1055.449999999913,95.449999999913,13.070438814863,2029.859086180231
1055.499999999913,95.499999999913,13.067558327239,2030.512536108783
1055.549999999913,95.549999999913,13.064677839615,2031.165842012957
1055.599999999913,95.599999999913,13.061797351991,2031.819003892746
1055.649999999913,95.649999999913,13.058916864367,2032.472021748155
1055.699999999913,95.699999999913,13.056036376743,2033.124895579182
1055.749999999913,95.749999999913,13.053155889119,2033.777625385828
1055.799999999913,95.799999999913,13.050275401494,2034.430211168096
1055.849999999913,95.849999999913,13.047394913870,2035.082652925979
1055.899999999913,95.899999999913,13.044514426246,2035.734950659481
1055.949999999913,95.949999999913,13.041633938621,2036.387104368603
1055.999999999913,95.999999999913,13.038753450997,2037.039114053342
1056.044444444444,96.044444444444,13.036193017548,2037.618557309329
1056.049999999913,96.049999999913,13.035865181439,2037.690979692088
1056.099999999913,96.099999999913,13.032914656416,2038.342699188034
1056.149999999912,96.149999999912,13.029964131393,2038.994271157716
1056.199999999912,96.199999999912,13.027013606369,2039.645695601160
1056.249999999912,96.249999999912,13.024063081346,2040.296972518352
1056.299999999912,96.299999999912,13.021112556322,2040.948101909293
1056.349999999912,96.349999999912,13.018162031299,2041.599083773983
1056.399999999912,96.399999999912,13.015211506275,2042.249918112424
1056.449999999912,96.449999999912,13.012260981251,2042.900604924612
1056.499999999912,96.499999999912,13.009310456227,2043.551144210549
1056.549999999912,96.549999999912,13.006359931203,2044.201535970234
1056.599999999912,96.599999999912,13.003409406180,2044.851780203668
1056.649999999912,96.649999999912,13.000458881156,2045.501876910853
1056.699999999912,96.699999999912,12.997508356132,2046.151826091785
1056.749999999912,96.749999999912,12.994558495724,2046.801627763081
1056.799999999912,96.799999999912,12.991620731849,2047.451282243769
1056.849999999912,96.849999999912,12.988682967974,2048.100789836265
1056.899999999912,96.899999999912,12.985745204099,2048.750150540568
1056.949999999912,96.949999999912,12.982807440223,2049.399364356676
1056.999999999912,96.999999999912,12.979869676348,2050.048431284590
1057.044444444444,97.044444444444,12.977262555847,2050.625256446442
1057.049999999912,97.049999999912,12.976948963916,2050.697351477304
1057.099999999912,97.099999999912,12.974126636491,2051.346128367314
1057.149999999912,97.149999999912,12.971304309065,2051.994764140955
1057.199999999912,97.199999999912,12.968481981640,2052.643258798222
1057.249999999912,97.249999999912,12.965659654214,2053.291612339117
1057.299999999912,97.299999999912,12.962837326789,2053.939824763642
1057.349999999912,97.349999999912,12.960014999363,2054.587896071795
1057.399999999911,97.399999999911,12.957192671938,2055.235826263565
1057.449999999911,97.449999999911,12.954370344512,2055.883615338976
1057.499999999911,97.499999999911,12.951548017086,2056.531263298019
1057.549999999911,97.549999999911,12.948725689660,2057.178770140687
1057.599999999911,97.599999999911,12.945903362234,2057.826135866983
1057.649999999911,97.649999999911,12.943081034808,2058.473360476909
1057.699999999911,97.699999999911,12.940258707383,2059.120443970463
1057.749999999911,97.749999999911,12.937437173794,2059.767386367495
1057.799999999911,97.799999999911,12.934625990142,2060.414187946592
1057.849999999911,97.849999999911,12.931814806490,2061.060848966508
1057.899999999911,97.899999999911,12.929003622838,2061.707369427240
1057.949999999911,97.949999999911,12.926192439186,2062.353749328790
1057.999999999911,97.999999999911,12.923381255534,2062.999988671161
1058.044444444444,98.044444444444,12.920882425616,2063.574305642996
1058.049999999911,98.049999999911,12.920584444524,2063.646087494270
1058.099999999911,98.099999999911,12.917902614652,2064.292049670748
1058.149999999911,98.149999999911,12.915220784780,2064.937877755734
1058.199999999911,98.199999999911,12.912538954908,2065.583571749225
1058.249999999911,98.249999999911,12.909857125036,2066.229131651226
1058.299999999911,98.299999999911,12.907175295164,2066.874557461731
1058.349999999910,98.349999999910,12.904493465291,2067.519849180730
1058.399999999910,98.399999999910,12.901811635419,2068.165006808247
1058.449999999910,98.449999999910,12.899129805547,2068.810030344270
1058.499999999910,98.499999999910,12.896447975675,2069.454919788800
1058.549999999910,98.549999999910,12.893766145802,2070.099675141837
1058.599999999910,98.599999999910,12.891084315930,2070.744296403382
1058.649999999910,98.649999999910,12.888402486057,2071.388783573431
1058.699999999910,98.699999999910,12.885720656185,2072.033136651987
1058.749999999910,98.749999999910,12.883038826312,2072.677355639049
1058.799999999910,98.799999999910,12.880356996440,2073.321440534617
1058.849999999910,98.849999999910,12.877675166567,2073.965391338694
1058.899999999910,98.899999999910,12.874993336694,2074.609208051275
1058.949999999910,98.949999999910,12.872314174643,2075.252890739058
1058.999999999910,98.999999999910,12.869642743654,2075.896439662015
1059.044444444444,99.044444444444,12.867268138326,2076.468371016102
1059.049999999910,99.049999999910,12.866983485900,2076.539855047237
1059.099999999910,99.099999999910,12.864421614026,2077.183140174738
1059.149999999910,99.149999999910,12.861859742151,2077.826297208641
1059.199999999910,99.199999999910,12.859297870276,2078.469326148951
1059.249999999910,99.249999999910,12.856735998401,2079.112226995668
1059.299999999910,99.299999999910,12.854174126527,2079.754999748790
1059.349999999910,99.349999999910,12.851612254652,2080.397644408322
1059.399999999910,99.399999999910,12.849050382777,2081.040160974258
1059.449999999910,99.449999999910,12.846488510902,2081.682549446599
1059.499999999910,99.499999999910,12.843926639027,2082.324809825347
1059.549999999910,99.549999999910,12.841364767152,2082.966942110500
1059.599999999909,99.599999999909,12.838804211461,2083.608946334954
1059.649999999909,99.649999999909,12.836252122131,2084.250822743293
1059.699999999909,99.699999999909,12.833700032802,2084.892571547168
1059.749999999909,99.749999999909,12.831147943472,2085.534192746575
1059.799999999909,99.799999999909,12.828595854142,2086.175686341514
1059.849999999909,99.849999999909,12.826043764812,2086.817052331988
1059.899999999909,99.899999999909,12.823491675483,2087.458290717995
1059.949999999909,99.949999999909,12.820939586153,2088.099401499538
1059.999999999909,99.999999999909,12.818387496823,2088.740384676612
1060.044444444444,100.044444444444,12.816118972969,2089.310040377101
1060.049999999909,100.049999999909,12.815842016036,2089.381240267576
1060.099999999909,100.099999999909,12.813349403594,2090.021970053067
1060.149999999909,100.149999999909,12.810856791151,2090.662575207934
1060.199999999909,100.199999999909,12.808364178709,2091.303055732183
1060.249999999909,100.249999999909,12.805871566267,2091.943411625807
1060.299999999909,100.299999999909,12.803378953824,2092.583642888809
1060.349999999909,100.349999999909,12.800886341382,2093.223749521188
1060.399999999909,100.399999999909,12.798399394979,2093.863731664597
1060.449999999909,100.449999999909,12.795916191522,2094.503589554261
1060.499999999909,100.499999999909,12.793432988066,2095.143323283751
1060.549999999908,100.549999999908,12.790949784609,2095.782932853056
1060.599999999908,100.599999999908,12.788466581153,2096.422418262199
1060.649999999908,100.649999999908,12.785983377696,2097.061779511170
1060.699999999908,100.699999999908,12.783500174239,2097.701016599968
1060.749999999908,100.749999999908,12.781025614998,2098.340129744698
1060.799999999908,100.799999999908,12.778551960827,2098.979119184096
1060.849999999908,100.849999999908,12.776078306655,2099.617984940782
1060.899999999908,100.899999999908,12.773604652484,2100.256727014760
1060.949999999908,100.949999999908,12.771130998312,2100.895345406029
1060.999999999908,100.999999999908,12.768657344140,2101.533840114590
1061.044444444444,101.044444444444,12.766458540428,2102.101287135417
1061.049999999908,101.049999999908,12.766191775123,2102.172211162904
1061.099999999908,101.099999999908,12.763790887337,2102.810460729464
1061.149999999908,101.149999999908,12.761389999551,2103.448590251636
1061.199999999908,101.199999999908,12.758989111765,2104.086599729419
1061.249999999908,101.249999999908,12.756588223979,2104.724489162812
1061.299999999908,101.299999999908,12.754187336192,2105.362258551818
1061.349999999908,101.349999999908,12.751786448406,2105.999907896433
1061.399999999908,101.399999999908,12.749385560620,2106.637437196658
1061.449999999908,101.449999999908,12.746984672834,2107.274846452494
1061.499999999908,101.499999999908,12.744583785047,2107.912135663940
1061.549999999908,101.549999999908,12.742182897261,2108.549304831000
1061.599999999908,101.599999999908,12.739782009475,2109.186353953668
1061.649999999908,101.649999999908,12.737381121688,2109.823283031947
1061.699999999908,101.699999999908,12.734980233902,2110.460092065836
1061.749999999908,101.749999999908,12.732579346115,2111.096781055336
1061.799999999907,101.799999999907,12.730178458329,2111.733350000435
1061.849999999907,101.849999999907,12.727777570543,2112.369798901156
1061.899999999907,101.899999999907,12.725376682756,2113.006127757491
1061.949999999907,101.949999999907,12.722975794969,2113.642336569434
1061.999999999907,101.999999999907,12.720574907183,2114.278425336987
1062.044444444444,102.044444444444,12.718440784701,2114.843736797984
1062.049999999907,102.049999999907,12.718179377434,2114.914394075034
1062.099999999907,102.099999999907,12.715826711991,2115.550244227269
1062.149999999907,102.149999999907,12.713474046547,2116.185976746235
1062.199999999907,102.199999999907,12.711121381104,2116.821591631925
1062.249999999907,102.249999999907,12.708768715661,2117.457088884344
1062.299999999907,102.299999999907,12.706416050217,2118.092468503491
1062.349999999907,102.349999999907,12.704063384774,2118.727730489365
1062.399999999907,102.399999999907,12.701710719330,2119.362874841970
1062.449999999907,102.449999999907,12.699358053887,2119.997901561299
1062.499999999907,102.499999999907,12.697005388443,2120.632810647357
1062.549999999907,102.549999999907,12.694652722999,2121.267602100143
1062.599999999907,102.599999999907,12.692300057556,2121.902275919656
1062.649999999907,102.649999999907,12.689947392112,2122.536832105900
1062.699999999907,102.699999999907,12.687594726668,2123.171270658869
1062.749999999906,102.749999999906,12.685242061225,2123.805591578554
1062.799999999906,102.799999999906,12.682889395781,2124.439794864978
1062.849999999906,102.849999999906,12.680536730337,2125.073880518131
1062.899999999906,102.899999999906,12.678184064893,2125.707848538011
1062.949999999906,102.949999999906,12.675831399449,2126.341698924619
1062.999999999906,102.999999999906,12.673478734005,2126.975431677958
1063.044444444444,103.044444444444,12.671387475828,2127.538650928250
1063.049999999906,103.049999999906,12.671128509918,2127.609046804803
1063.099999999906,103.099999999906,12.668797816684,2128.242544962968
1063.149999999906,103.149999999906,12.666467123450,2128.875926586471
1063.199999999906,103.199999999906,12.664136430216,2129.509191675312
1063.249999999906,103.249999999906,12.661805736982,2130.142340229494
1063.299999999906,103.299999999906,12.659475726887,2130.775372266090
1063.349999999906,103.349999999906,12.657154145477,2131.408288012899
1063.399999999906,103.399999999906,12.654832564067,2132.041087680637
1063.449999999906,103.449999999906,12.652510982657,2132.673771269304
1063.499999999906,103.499999999906,12.650189401246,2133.306338778904
1063.549999999906,103.549999999906,12.647867819836,2133.938790209431
1063.599999999906,103.599999999906,12.645546238426,2134.571125560887
1063.649999999906,103.649999999906,12.643224657015,2135.203344833272
1063.699999999906,103.699999999906,12.640903075605,2135.835448026587
1063.749999999906,103.749999999906,12.638581494194,2136.467435140834
1063.799999999906,103.799999999906,12.636259912784,2137.099306176008
1063.849999999906,103.849999999906,12.633938331373,2137.731061132111
1063.899999999906,103.899999999906,12.631616749963,2138.362700009144
1063.949999999906,103.949999999906,12.629295168552,2138.994222807106
1063.999999999905,103.999999999905,12.626973587141,2139.625629525987
1064.044444444444,104.044444444444,12.624909959216,2140.186782494879
1064.049999999905,104.049999999905,12.624659764789,2140.256920187361
1064.099999999905,104.099999999905,12.622408014900,2140.888096881856
1064.149999999905,104.149999999905,12.620156265012,2141.519160988853
1064.199999999905,104.199999999905,12.617904515123,2142.150112508356
1064.249999999905,104.249999999905,12.615652765235,2142.780951440364
1064.299999999905,104.299999999905,12.613401015346,2143.411677784878
1064.349999999905,104.349999999905,12.611149265457,2144.042291541900
1064.399999999905,104.399999999905,12.608897515569,2144.672792711425
1064.449999999905,104.449999999905,12.606645765680,2145.303181293456
1064.499999999905,104.499999999905,12.604394015791,2145.933457287992
1064.549999999905,104.549999999905,12.602142265903,2146.563620695034
1064.599999999905,104.599999999905,12.599890516014,2147.193671514584
1064.649999999905,104.649999999905,12.597638766125,2147.823609746637
1064.699999999905,104.699999999905,12.595387016236,2148.453435391195
1064.749999999905,104.749999999905,12.593135266347,2149.083148448259
1064.799999999905,104.799999999905,12.590883516458,2149.712748917829
1064.849999999905,104.849999999905,12.588631766569,2150.342236799907
1064.899999999905,104.899999999905,12.586380016680,2150.971612094488
1064.949999999904,104.949999999904,12.584128266791,2151.600874801562
1064.999999999904,104.999999999904,12.581876516902,2152.230024921154
1065.044444444444,105.044444444444,12.579874961441,2152.789174955208
1065.049999999904,105.049999999904,12.579630883114,2152.859062470241
1065.099999999904,105.099999999904,12.577434178134,2153.487989096771
1065.149999999904,105.149999999904,12.575237473155,2154.116805888053
1065.199999999904,105.199999999904,12.573040768175,2154.745512844088
1065.249999999904,105.249999999904,12.570844063195,2155.374109964872
1065.299999999904,105.299999999904,12.568647358216,2156.002597250407
1065.349999999904,105.349999999904,12.566450653236,2156.630974700693
1065.399999999904,105.399999999904,12.564253948256,2157.259242315729
1065.449999999904,105.449999999904,12.562057243276,2157.887400095520
1065.499999999904,105.499999999904,12.559860538296,2158.515448040058
1065.549999999904,105.549999999904,12.557663833316,2159.143386149348
1065.599999999904,105.599999999904,12.555468173068,2159.771214449507
1065.649999999904,105.649999999904,12.553280455248,2160.398933165214
1065.699999999904,105.699999999904,12.551092737428,2161.026542495033
1065.749999999904,105.749999999904,12.548906708239,2161.654042481175
1065.799999999904,105.799999999904,12.546727290717,2162.281433331148
1065.849999999904,105.849999999904,12.544547873194,2162.908715210245
1065.899999999904,105.899999999904,12.542368455672,2163.535888118466
1065.949999999904,105.949999999904,12.540189038149,2164.162952055814
1065.999999999904,105.999999999904,12.538009620627,2164.789907022283
1066.044444444444,106.044444444444,12.536072360603,2165.347108845286
1066.049999999904,106.049999999904,12.535838162368,2165.416753039985
1066.099999999904,106.099999999904,12.533730378225,2166.043492253499
1066.149999999904,106.149999999904,12.531622594082,2166.670126077806
1066.199999999903,106.199999999903,12.529517891862,2167.296654589943
1066.249999999903,106.249999999903,12.527418253585,2167.923077993578
1066.299999999903,106.299999999903,12.525318615308,2168.549396415303
1066.349999999903,106.349999999903,12.523218977032,2169.175609855111
1066.399999999903,106.399999999903,12.521119338755,2169.801718313005
1066.449999999903,106.449999999903,12.519019700478,2170.427721788985
1066.499999999903,106.499999999903,12.516920062201,2171.053620283052
1066.549999999903,106.549999999903,12.514820423925,2171.679413795207
1066.599999999903,106.599999999903,12.512720785648,2172.305102325446
1066.649999999903,106.649999999903,12.510621147371,2172.930685873770
1066.699999999903,106.699999999903,12.508521509094,2173.556164440181
1066.749999999903,106.749999999903,12.506421870817,2174.181538024679
1066.799999999903,106.799999999903,12.504322232540,2174.806806627265
1066.849999999903,106.849999999903,12.502222594263,2175.431970247934
1066.899999999903,106.899999999903,12.500122955986,2176.057028886690
1066.949999999903,106.949999999903,12.498023317709,2176.681982543531
1066.999999999903,106.999999999903,12.495923679432,2177.306831218459
1067.044444444444,107.044444444444,12.494057334293,2177.862164131083
1067.049999999903,107.049999999903,12.493830761313,2177.931574930144
1067.099999999903,107.099999999903,12.491791604462,2178.556215489287
1067.149999999902,107.149999999902,12.489752447611,2179.180754090577
1067.199999999902,107.199999999902,12.487713290760,2179.805190734036
1067.249999999902,107.249999999902,12.485674133909,2180.429525419652
1067.299999999902,107.299999999902,12.483634977058,2181.053758147426
1067.349999999902,107.349999999902,12.481595820207,2181.677888917357
1067.399999999902,107.399999999902,12.479556663355,2182.301917729448
1067.449999999902,107.449999999902,12.477517506504,2182.925844583694
1067.499999999902,107.499999999902,12.475478349653,2183.549669480097
1067.549999999902,107.549999999902,12.473439192802,2184.173392418658
1067.599999999902,107.599999999902,12.471400035950,2184.797013399376
1067.649999999902,107.649999999902,12.469360879099,2185.420532422255
1067.699999999902,107.699999999902,12.467321722248,2186.043949487288
1067.749999999902,107.749999999902,12.465282565396,2186.667264594479
1067.799999999902,107.799999999902,12.463243408545,2187.290477743827
1067.849999999902,107.849999999902,12.461204251693,2187.913588935332
1067.899999999902,107.899999999902,12.459165094842,2188.536598168997
1067.949999999902,107.949999999902,12.457125937990,2189.159505444818
1067.999999999902,107.999999999902,12.455087804351,2189.782310788376
1068.044444444444,108.044444444444,12.453281881499,2190.335830115943
1068.049999999902,108.049999999902,12.453061259303,2190.405014401229
1068.099999999902,108.099999999902,12.451075659507,2191.027617824199
1068.149999999902,108.149999999902,12.449090059711,2191.650121967182
1068.199999999902,108.199999999902,12.447104459915,2192.272526830172
1068.249999999902,108.249999999902,12.445118860119,2192.894832413172
1068.299999999902,108.299999999902,12.443133260323,2193.517038716182
1068.349999999902,108.349999999902,12.441147660527,2194.139145739203
1068.399999999901,108.399999999901,12.439162060731,2194.761153482223
1068.449999999901,108.449999999901,12.437176460935,2195.383061945264
1068.499999999901,108.499999999901,12.435190861139,2196.004871128318
1068.549999999901,108.549999999901,12.433205261342,2196.626581031379
1068.599999999901,108.599999999901,12.431219661546,2197.248191654451
1068.649999999901,108.649999999901,12.429234061750,2197.869702997533
1068.699999999901,108.699999999901,12.427248461954,2198.491115060625
1068.749999999901,108.749999999901,12.425262862157,2199.112427843730
1068.799999999901,108.799999999901,12.423277262361,2199.733641346842
1068.849999999901,108.849999999901,12.421291662565,2200.354755569965
1068.899999999901,108.899999999901,12.419306062768,2200.975770513098
1068.949999999901,108.949999999901,12.417320462972,2201.596686176241
1068.999999999901,108.999999999901,12.415334863176,2202.217502559397
1069.044444444444,109.044444444444,12.413569885575,2202.769255999481
1069.049999999901,109.049999999901,12.413352695432,2202.838219672094
1069.099999999901,109.099999999901,12.411401406303,2203.458838524637
1069.149999999901,109.149999999901,12.409454453734,2204.079359921137
1069.199999999901,109.199999999901,12.407507501165,2204.699783970009
1069.249999999901,109.249999999901,12.405560548595,2205.320110671255
1069.299999999901,109.299999999901,12.403613596026,2205.940340024870
1069.349999999900,109.349999999900,12.401666643457,2206.560472030845
1069.399999999900,109.399999999900,12.399719690888,2207.180506689203
1069.449999999900,109.449999999900,12.397772738318,2207.800443999933
1069.499999999900,109.499999999900,12.395825785749,2208.420283963034
1069.549999999900,109.549999999900,12.393878833179,2209.040026578507
1069.599999999900,109.599999999900,12.391931880610,2209.659671846354
1069.649999999900,109.649999999900,12.389984928041,2210.279219766569
1069.699999999900,109.699999999900,12.388037975471,2210.898670339157
1069.749999999900,109.749999999900,12.386091022902,2211.518023564115
1069.799999999900,109.799999999900,12.384149732408,2212.137279582997
1069.849999999900,109.849999999900,12.382210648127,2212.756438592512
1069.899999999900,109.899999999900,12.380271563845,2213.375500647811
1069.949999999900,109.949999999900,12.378334533000,2213.994465800232
1069.999999999900,109.999999999900,12.376403193320,2214.613334243389
1070.044444444444,110.044444444444,12.374686446934,2215.163358458850
1070.049999999900,110.049999999900,12.374473237068,2215.232106123405
1070.099999999900,110.099999999900,12.372554348238,2215.850781813040
1070.149999999900,110.149999999900,12.370635459409,2216.469361558231
1070.199999999900,110.199999999900,12.368716570580,2217.087845358980
1070.249999999900,110.249999999900,12.366797681750,2217.706233215288
1070.299999999900,110.299999999900,12.364878792921,2218.324525127154
1070.349999999900,110.349999999900,12.362959904091,2218.942721094582
1070.399999999900,110.399999999900,12.361041015262,2219.560821117565
1070.449999999900,110.449999999900,12.359122126432,2220.178825196107
1070.499999999900,110.499999999900,12.357203237603,2220.796733330207
1070.549999999900,110.549999999900,12.355284348773,2221.414545519865
1070.599999999899,110.599999999899,12.353365459944,2222.032261765072
1070.649999999899,110.649999999899,12.351446571114,2222.649882065848
1070.699999999899,110.699999999899,12.349527682284,2223.267406422185
1070.749999999899,110.749999999899,12.347608793455,2223.884834834078
1070.799999999899,110.799999999899,12.345689904625,2224.502167301529
1070.849999999899,110.849999999899,12.343771015795,2225.119403824539
1070.899999999899,110.899999999899,12.341852126966,2225.736544403107
1070.949999999899,110.949999999899,12.339933238136,2226.353589037237
1070.999999999899,110.999999999899,12.338014349306,2226.970537726923
1071.044444444444,111.044444444444,12.336308670342,2227.518856017489
1071.049999999899,111.049999999899,12.336092910188,2227.587390465083
1071.099999999899,111.099999999899,12.334151068762,2228.204146564556
1071.149999999899,111.149999999899,12.332209227337,2228.820805571958
1071.199999999899,111.199999999899,12.330267385911,2229.437367487291
1071.249999999899,111.249999999899,12.328325544485,2230.053832310551
1071.299999999899,111.299999999899,12.326383703060,2230.670200041739
1071.349999999899,111.349999999899,12.324441861634,2231.286470680855
1071.399999999899,111.399999999899,12.322500020208,2231.902644227901
1071.449999999899,111.449999999899,12.320558178782,2232.518720682878
1071.499999999899,111.499999999899,12.318616337356,2233.134700045781
1071.549999999898,111.549999999898,12.316674495931,2233.750582316601
1071.599999999898,111.599999999898,12.314732654505,2234.366367495361
1071.649999999898,111.649999999898,12.312790813079,2234.982055582050
1071.699999999898,111.699999999898,12.310848971653,2235.597646576668
1071.749999999898,111.749999999898,12.308907130227,2236.213140479214
1071.799999999898,111.799999999898,12.306965288801,2236.828537289693
1071.849999999898,111.849999999898,12.305023447375,2237.443837008097
1071.899999999898,111.899999999898,12.303081605949,2238.059039634429
1071.949999999898,111.949999999898,12.301139764523,2238.674145168690
1071.999999999898,111.999999999898,12.299197923097,2239.289153610880
1072.044444444444,112.044444444444,12.297471841825,2239.835746273573
1072.049999999898,112.049999999898,12.297256875441,2239.904064963206
1072.099999999898,112.099999999898,12.295322177950,2240.518879439540
1072.149999999898,112.149999999898,12.293387480458,2241.133597181000
1072.199999999898,112.199999999898,12.291452782966,2241.748218187585
1072.249999999898,112.249999999898,12.289518085474,2242.362742459295
1072.299999999898,112.299999999898,12.287583387983,2242.977169996134
1072.349999999898,112.349999999898,12.285648690491,2243.591500798095
1072.399999999898,112.399999999898,12.283713992999,2244.205734865182
1072.449999999898,112.449999999898,12.281779295507,2244.819872197394
1072.499999999898,112.499999999898,12.279844598015,2245.433912794731
1072.549999999898,112.549999999898,12.277909900523,2246.047856657197
1072.599999999898,112.599999999898,12.275975203031,2246.661703784785
1072.649999999898,112.649999999898,12.274040505539,2247.275454177499
1072.699999999898,112.699999999898,12.272105808047,2247.889107835338
1072.749999999898,112.749999999898,12.270171110555,2248.502664758303
1072.799999999897,112.799999999897,12.268236413063,2249.116124946381
1072.849999999897,112.849999999897,12.266301715571,2249.729488399596
1072.899999999897,112.899999999897,12.264367018079,2250.342755117940
1072.949999999897,112.949999999897,12.262432320587,2250.955925101406
1072.999999999897,112.999999999897,12.260497623095,2251.568998349997
1073.044444444444,113.044444444444,12.258777891987,2252.113871140479
1073.049999999897,113.049999999897,12.258566608426,2252.181974873944
1073.099999999897,113.099999999897,12.256665056350,2252.794855665563
1073.149999999897,113.149999999897,12.254763504274,2253.407641379581
1073.199999999897,113.199999999897,12.252861952198,2254.020332015992
1073.249999999897,113.249999999897,12.250960400122,2254.632927574799
1073.299999999897,113.299999999897,12.249058848046,2255.245428056003
1073.349999999897,113.349999999897,12.247157295970,2255.857833459603
1073.399999999897,113.399999999897,12.245255743893,2256.470143785602
1073.449999999897,113.449999999897,12.243354191817,2257.082359033994
1073.499999999897,113.499999999897,12.241452639741,2257.694479204782
1073.549999999897,113.549999999897,12.239551087665,2258.306504297967
1073.599999999897,113.599999999897,12.237649535588,2258.918434313547
1073.649999999897,113.649999999897,12.235747983512,2259.530269251527
1073.699999999897,113.699999999897,12.233846431436,2260.142009111900
1073.749999999896,113.749999999896,12.231944879359,2260.753653894658
1073.799999999896,113.799999999896,12.230043327283,2261.365203599824
1073.849999999896,113.849999999896,12.228141775207,2261.976658227386
1073.899999999896,113.899999999896,12.226240223130,2262.588017777343
1073.949999999896,113.949999999896,12.224338671054,2263.199282249697
1073.999999999896,113.999999999896,12.222437118977,2263.810451644450
1074.044444444444,114.044444444444,12.220746850461,2264.353633511702
1074.049999999896,114.049999999896,12.220541572620,2264.421525978279
1074.099999999896,114.099999999896,12.218694072019,2265.032506869395
1074.149999999896,114.149999999896,12.216846571418,2265.643395385480
1074.199999999896,114.199999999896,12.214999070817,2266.254191526535
1074.249999999896,114.249999999896,12.213151570216,2266.864895292563
1074.299999999896,114.299999999896,12.211304069615,2267.475506683558
1074.349999999896,114.349999999896,12.209456569014,2268.086025699523
1074.399999999896,114.399999999896,12.207609068412,2268.696452340459
1074.449999999896,114.449999999896,12.205761567811,2269.306786606363
1074.499999999896,114.499999999896,12.203914067210,2269.917028497241
1074.549999999896,114.549999999896,12.202066566609,2270.527178013086
1074.599999999896,114.599999999896,12.200219066008,2271.137235153901
1074.649999999896,114.649999999896,12.198371565406,2271.747199919685
1074.699999999896,114.699999999896,12.196524064805,2272.357072310440
1074.749999999896,114.749999999896,12.194676564204,2272.966852326168
1074.799999999896,114.799999999896,12.192829063603,2273.576539966863
1074.849999999896,114.849999999896,12.190981563001,2274.186135232527
1074.899999999896,114.899999999896,12.189134062400,2274.795638123162
1074.949999999896,114.949999999896,12.187286561798,2275.405048638766
1074.999999999895,114.999999999895,12.185439061197,2276.014366779329
1075.044444444444,115.044444444444,12.183796838436,2276.555905356151
1075.049999999895,115.049999999895,12.183598026743,2276.623592562835
1075.099999999895,115.099999999895,12.181808721473,2277.232727731543
1075.149999999895,115.149999999895,12.180019416203,2277.841773434984
1075.199999999895,115.199999999895,12.178230110933,2278.450729673162
1075.249999999895,115.249999999895,12.176440805662,2279.059596446076
1075.299999999895,115.299999999895,12.174651500392,2279.668373753727
1075.349999999895,115.349999999895,12.172862195121,2280.277061596117
1075.399999999895,115.399999999895,12.171072889851,2280.885659973240
1075.449999999895,115.449999999895,12.169283701745,2281.494168888029
1075.499999999895,115.499999999895,12.167501451562,2282.102588516861
1075.549999999895,115.549999999895,12.165719201378,2282.710919033184
1075.599999999895,115.599999999895,12.163936951194,2283.319160437001
1075.649999999895,115.649999999895,12.162154701011,2283.927312728305
1075.699999999895,115.699999999895,12.160372450827,2284.535375907101
1075.749999999895,115.749999999895,12.158590200643,2285.143349973387
1075.799999999895,115.799999999895,12.156807950460,2285.751234927164
1075.849999999895,115.849999999895,12.155025700276,2286.359030768435
1075.899999999895,115.899999999895,12.153243450092,2286.966737497194
1075.949999999894,115.949999999894,12.151461199908,2287.574355113432
1075.999999999894,115.999999999894,12.149678949725,2288.181883617172
1076.044444444444,116.044444444444,12.148094727335,2288.721834144611
1076.049999999894,116.049999999894,12.147903152600,2288.789323026328
1076.099999999894,116.099999999894,12.146178979950,2289.396675079642
1076.149999999894,116.149999999894,12.144454807300,2290.003940924322
1076.199999999894,116.199999999894,12.142730634649,2290.611120560373
1076.249999999894,116.249999999894,12.141006461999,2291.218213987789
1076.299999999894,116.299999999894,12.139282289349,2291.825221206572
1076.349999999894,116.349999999894,12.137558116699,2292.432142216723
1076.399999999894,116.399999999894,12.135833944048,2293.038977018241
1076.449999999894,116.449999999894,12.134109771398,2293.645725611129
1076.499999999894,116.499999999894,12.132385598748,2294.252387995382
1076.549999999894,116.549999999894,12.130661426097,2294.858964171003
1076.599999999894,116.599999999894,12.128937253447,2295.465454137991
1076.649999999894,116.649999999894,12.127213080796,2296.071857896347
1076.699999999894,116.699999999894,12.125488908146,2296.678175446072
1076.749999999894,116.749999999894,12.123764735495,2297.284406787162
1076.799999999894,116.799999999894,12.122040562845,2297.890551919621
1076.849999999894,116.849999999894,12.120316390195,2298.496610843446
1076.899999999894,116.899999999894,12.118592217544,2299.102583558639
1076.949999999894,116.949999999894,12.116868044893,2299.708470065202
1076.999999999894,116.999999999894,12.115143872243,2300.314270363130
1077.044444444444,117.044444444444,12.113611274328,2300.852687145444
1077.049999999894,117.049999999894,12.113426139290,2300.919984470313
1077.099999999894,117.099999999894,12.111759923918,2301.525614121893
1077.149999999894,117.149999999894,12.110093708547,2302.131160462704
1077.199999999893,117.199999999893,12.108427493175,2302.736623492736
1077.249999999893,117.249999999893,12.106761277804,2303.342003212010
1077.299999999893,117.299999999893,12.105095062432,2303.947299620518
1077.349999999893,117.349999999893,12.103428847061,2304.552512718255
1077.399999999893,117.399999999893,12.101762631689,2305.157642505223
1077.449999999893,117.449999999893,12.100096416318,2305.762688981422
1077.499999999893,117.499999999893,12.098430200946,2306.367652146853
1077.549999999893,117.549999999893,12.096763985574,2306.972532001519
1077.599999999893,117.599999999893,12.095097770203,2307.577328545412
1077.649999999893,117.649999999893,12.093431554831,2308.182041778538
1077.699999999893,117.699999999893,12.091765339459,2308.786671700895
1077.749999999893,117.749999999893,12.090099124088,2309.391218312483
1077.799999999893,117.799999999893,12.088432908716,2309.995681613305
1077.849999999893,117.849999999893,12.086766693344,2310.600061603356
1077.899999999893,117.899999999893,12.085100477972,2311.204358282638
1077.949999999893,117.949999999893,12.083434262600,2311.808571651152
1077.999999999893,117.999999999893,12.081768047229,2312.412701708897
1078.044444444444,118.044444444444,12.080286966895,2312.949636266055
1078.049999999893,118.049999999893,12.080107200366,2313.016748470789
1078.099999999893,118.099999999893,12.078489301572,2313.620713383337
1078.149999999892,118.149999999892,12.076871402779,2314.224597400934
1078.199999999892,118.199999999892,12.075253503986,2314.828400523603
1078.249999999892,118.249999999892,12.073635605193,2315.432122751332
1078.299999999892,118.299999999892,12.072017706399,2316.035764084121
1078.349999999892,118.349999999892,12.070399807606,2316.639324521971
1078.399999999892,118.399999999892,12.068781908813,2317.242804064883
1078.449999999892,118.449999999892,12.067164010020,2317.846202712853
1078.499999999892,118.499999999892,12.065546111226,2318.449520465884
1078.549999999892,118.549999999892,12.063928212433,2319.052757323975
1078.599999999892,118.599999999892,12.062310313640,2319.655913287126
1078.649999999892,118.649999999892,12.060692414846,2320.258988355341
1078.699999999892,118.699999999892,12.059074516053,2320.861982528612
1078.749999999892,118.749999999892,12.057456617259,2321.464895806945
1078.799999999892,118.799999999892,12.055838718466,2322.067728190337
1078.849999999892,118.849999999892,12.054220819672,2322.670479678790
1078.899999999892,118.899999999892,12.052602920879,2323.273150272306
1078.949999999892,118.949999999892,12.050985022086,2323.875739970880
1078.999999999892,118.999999999892,12.049367123292,2324.478248774514
1079.044444444444,119.044444444444,12.047928991028,2325.013744245017
1079.049999999892,119.049999999892,12.047753223747,2325.080676694317
1079.099999999892,119.099999999892,12.046171318192,2325.683024807865
1079.149999999892,119.149999999892,12.044590886134,2326.285293862976
1079.199999999892,119.199999999892,12.043015030276,2326.887484010886
1079.249999999892,119.249999999892,12.041439174418,2327.489595366003
1079.299999999892,119.299999999892,12.039863318561,2328.091627928326
1079.349999999892,119.349999999892,12.038287462703,2328.693581697858
1079.399999999891,119.399999999891,12.036711606845,2329.295456674585
1079.449999999891,119.449999999891,12.035135750987,2329.897252858530
1079.499999999891,119.499999999891,12.033559895130,2330.498970249685
1079.549999999891,119.549999999891,12.031984039272,2331.100608848044
1079.599999999891,119.599999999891,12.030408183414,2331.702168653611
1079.649999999891,119.649999999891,12.028832327556,2332.303649666384
1079.699999999891,119.699999999891,12.027256471698,2332.905051886365
1079.749999999891,119.749999999891,12.025680615841,2333.506375313556
1079.799999999891,119.799999999891,12.024104759983,2334.107619947951
1079.849999999891,119.849999999891,12.022528904125,2334.708785789553
1079.899999999891,119.899999999891,12.020953048267,2335.309872838362
1079.949999999891,119.949999999891,12.019377192409,2335.910881094379
1079.999999999891,119.999999999891,12.017801336551,2336.511810557605
1080.044444444444,120.044444444444,12.016400575785,2337.045903934739
1080.049999999891,120.049999999891,12.016227302963,2337.112661233098
1080.099999999891,120.099999999891,12.014667847530,2337.713433611859
1080.149999999891,120.149999999891,12.013108392097,2338.314128017849
1080.199999999891,120.199999999891,12.011548936664,2338.914744451068
1080.249999999891,120.249999999891,12.009989481232,2339.515282911517
1080.299999999891,120.299999999891,12.008430025799,2340.115743399193
1080.349999999890,120.349999999890,12.006870570366,2340.716125914085
1080.399999999890,120.399999999890,12.005311114933,2341.316430456217
1080.449999999890,120.449999999890,12.003751659500,2341.916657025577
1080.499999999890,120.499999999890,12.002192204067,2342.516805622166
1080.549999999890,120.549999999890,12.000632748634,2343.116876245983
1080.599999999890,120.599999999890,11.999073293202,2343.716868897031
1080.649999999890,120.649999999890,11.997513837769,2344.316783575305
1080.699999999890,120.699999999890,11.995954382336,2344.916620280807
1080.749999999890,120.749999999890,11.994394926903,2345.516379013538
1080.799999999890,120.799999999890,11.992835471470,2346.116059773496
1080.849999999890,120.849999999890,11.991276016037,2346.715662560686
1080.899999999890,120.899999999890,11.989716560604,2347.315187375101
1080.949999999890,120.949999999890,11.988157105171,2347.914634216745
1080.999999999890,120.999999999890,11.986597649738,2348.514003085617
1081.044444444444,121.044444444444,11.985211467127,2349.046709956195
1081.049999999890,121.049999999890,11.985037118675,2349.113293978730
1081.099999999890,121.099999999890,11.983467982570,2349.712506606264
1081.149999999890,121.149999999890,11.981898846466,2350.311640776989
1081.199999999890,121.199999999890,11.980329710362,2350.910696490909
1081.249999999890,121.249999999890,11.978760574258,2351.509673748024
1081.299999999890,121.299999999890,11.977191438153,2352.108572548334
1081.349999999890,121.349999999890,11.975622302049,2352.707392891841
1081.399999999890,121.399999999890,11.974053165945,2353.306134778541
1081.449999999890,121.449999999890,11.972484029841,2353.904798208435
1081.499999999890,121.499999999890,11.970919004359,2354.503383284289
1081.549999999890,121.549999999890,11.969356415133,2355.101890169776
1081.599999999889,121.599999999889,11.967793825907,2355.700318925790
1081.649999999889,121.649999999889,11.966231236682,2356.298669552355
1081.699999999889,121.699999999889,11.964668647456,2356.896942049460
1081.749999999889,121.749999999889,11.963106058231,2357.495136417102
1081.799999999889,121.799999999889,11.961543469005,2358.093252655282
1081.849999999889,121.849999999889,11.959980879779,2358.691290764001
1081.899999999889,121.899999999889,11.958418290554,2359.289250743259
1081.949999999889,121.949999999889,11.956855701328,2359.887132593058
1081.999999999889,121.999999999889,11.955293112102,2360.484936313394
1082.044444444444,122.044444444444,11.953904143898,2361.016251809293
1082.049999999889,122.049999999889,11.953727600153,2361.082661896149
1082.099999999889,122.099999999889,11.952138706417,2361.680308553813
1082.149999999889,122.149999999889,11.950549812681,2362.277875766790
1082.199999999889,122.199999999889,11.948960918945,2362.875363535083
1082.249999999889,122.249999999889,11.947372025209,2363.472771858686
1082.299999999889,122.299999999889,11.945783131473,2364.070100737602
1082.349999999889,122.349999999889,11.944194237737,2364.667350171832
1082.399999999889,122.399999999889,11.942605344001,2365.264520161375
1082.449999999889,122.449999999889,11.941016450264,2365.861610706234
1082.499999999889,122.499999999889,11.939427556528,2366.458621806403
1082.549999999888,122.549999999888,11.937838662792,2367.055553461875
1082.599999999888,122.599999999888,11.936249769056,2367.652405672670
1082.649999999888,122.649999999888,11.934660875320,2368.249178438779
1082.699999999888,122.699999999888,11.933071981584,2368.845871760201
1082.749999999888,122.749999999888,11.931483087847,2369.442485636936
1082.799999999888,122.799999999888,11.929894194111,2370.039020068988
1082.849999999888,122.849999999888,11.928305300375,2370.635475056349
1082.899999999888,122.899999999888,11.926716406638,2371.231850599024
1082.949999999888,122.949999999888,11.925127512902,2371.828146697012
1082.999999999888,122.999999999888,11.923538619166,2372.424363350313
1083.044444444444,123.044444444444,11.922126269174,2372.954267015830
1083.049999999888,123.049999999888,11.921948452101,2373.020500555393
1083.099999999888,123.099999999888,11.920348098406,2373.616557969155
1083.149999999888,123.149999999888,11.918747744712,2374.212535365233
1083.199999999888,123.199999999888,11.917147391017,2374.808432743625
1083.249999999888,123.249999999888,11.915547037323,2375.404250104333
1083.299999999888,123.299999999888,11.913946683628,2375.999987447359
1083.349999999888,123.349999999888,11.912346329933,2376.595644772698
1083.399999999888,123.399999999888,11.910745976239,2377.191222080352
1083.449999999888,123.449999999888,11.909145622544,2377.786719370320
1083.499999999888,123.499999999888,11.907545268849,2378.382136642605
1083.549999999888,123.549999999888,11.905944915155,2378.977473897207
1083.599999999888,123.599999999888,11.904344561460,2379.572731134122
1083.649999999888,123.649999999888,11.902744207765,2380.167908353352
1083.699999999888,123.699999999888,11.901143854071,2380.763005554898
1083.749999999888,123.749999999888,11.899543500376,2381.358022738758
1083.799999999887,123.799999999887,11.897943146681,2381.952959904923
1083.849999999887,123.849999999887,11.896342792986,2382.547817053414
1083.899999999887,123.899999999887,11.894742439291,2383.142594184224
1083.949999999887,123.949999999887,11.893142085597,2383.737291297345
1083.999999999887,123.999999999887,11.891541731902,2384.331908392782
1084.044444444444,124.044444444444,11.890119195280,2384.860389748058
1084.049999999887,124.049999999887,11.889943550686,2384.926445476569
1084.099999999887,124.099999999887,11.888362749303,2385.520903134069
1084.149999999887,124.149999999887,11.886781947920,2386.115281751501
1084.199999999887,124.199999999887,11.885201146537,2386.709581328862
1084.249999999887,124.249999999887,11.883620345154,2387.303801866154
1084.299999999887,124.299999999887,11.882039543772,2387.897943363376
1084.349999999887,124.349999999887,11.880458742389,2388.492005820530
1084.399999999887,124.399999999887,11.878877941006,2389.085989237617
1084.449999999887,124.449999999887,11.877297139623,2389.679893614632
1084.499999999887,124.499999999887,11.875716338240,2390.273718951578
1084.549999999887,124.549999999887,11.874135536857,2390.867465248455
1084.599999999887,124.599999999887,11.872554735474,2391.461132505262
1084.649999999887,124.649999999887,11.870973934091,2392.054720722004
1084.699999999887,124.699999999887,11.869393132708,2392.648229898673
1084.749999999886,124.749999999886,11.867812331325,2393.241660035263
1084.799999999886,124.799999999886,11.866231529942,2393.835011131794
1084.849999999886,124.849999999886,11.864650728558,2394.428283188256
1084.899999999886,124.899999999886,11.863069927175,2395.021476204649
1084.949999999886,124.949999999886,11.861489125792,2395.614590180973
1084.999999999886,124.999999999886,11.859908324409,2396.207625117230
1085.044444444444,125.044444444444,11.858503167620,2396.734700929510
1085.049999999886,125.049999999886,11.858336329422,2396.800581037878
1085.099999999886,125.099999999886,11.856834785608,2397.393460315753
1085.149999999886,125.149999999886,11.855333241794,2397.986264516437
1085.199999999886,125.199999999886,11.853831697979,2398.578993639931
1085.249999999886,125.249999999886,11.852330154165,2399.171647686237
1085.299999999886,125.299999999886,11.850828610351,2399.764226655349
1085.349999999886,125.349999999886,11.849327066536,2400.356730547271
1085.399999999886,125.399999999886,11.847825522722,2400.949159362001
1085.449999999886,125.449999999886,11.846323978907,2401.541513099542
1085.499999999886,125.499999999886,11.844822435093,2402.133791759894
1085.549999999886,125.549999999886,11.843320891279,2402.725995343053
1085.599999999886,125.599999999886,11.841819347464,2403.318123849021
1085.649999999886,125.649999999886,11.840317803650,2403.910177277798
1085.699999999886,125.699999999886,11.838816259835,2404.502155629385
1085.749999999886,125.749999999886,11.837314716021,2405.094058903783
1085.799999999886,125.799999999886,11.835813172206,2405.685887100989
1085.849999999886,125.849999999886,11.834311628392,2406.277640221003
1085.899999999886,125.899999999886,11.832810084577,2406.869318263827
1085.949999999886,125.949999999886,11.831308540763,2407.460921229459
1085.999999999885,125.999999999885,11.829806996948,2408.052449117891
1086.044444444444,126.044444444444,11.828472291332,2408.578188658986
1086.049999999885,126.049999999885,11.828308352492,2408.643901937196
1086.099999999885,126.099999999885,11.826832902900,2409.235280468583
1086.149999999885,126.149999999885,11.825357453308,2409.826585227488
1086.199999999885,126.199999999885,11.823882003716,2410.417816213913
1086.249999999885,126.249999999885,11.822406554125,2411.008973427858
1086.299999999885,126.299999999885,11.820931104533,2411.600056869324
1086.349999999885,126.349999999885,11.819455654941,2412.191066538313
1086.399999999885,126.399999999885,11.817980205349,2412.782002434820
1086.449999999885,126.449999999885,11.816504755757,2413.372864558847
1086.499999999885,126.499999999885,11.815029306165,2413.963652910394
1086.549999999885,126.549999999885,11.813553856573,2414.554367489462
1086.599999999885,126.599999999885,11.812078406981,2415.145008296053
1086.649999999885,126.649999999885,11.810602957389,2415.735575330162
1086.699999999885,126.699999999885,11.809127507797,2416.326068591791
1086.749999999885,126.749999999885,11.807652058206,2416.916488080940
1086.799999999885,126.799999999885,11.806176608614,2417.506833797610
1086.849999999885,126.849999999885,11.804701159022,2418.097105741803
1086.899999999885,126.899999999885,11.803225709430,2418.687303913514
1086.949999999884,126.949999999884,11.801750259838,2419.277428312734
1086.999999999884,126.999999999884,11.800274810246,2419.867478939486
1087.044444444444,127.044444444444,11.798963299494,2420.391906454399
1087.049999999884,127.049999999884,11.798802552971,2420.457455802625
1087.099999999884,127.099999999884,11.797355834233,2421.047359762305
1087.149999999884,127.149999999884,11.795909115496,2421.637191386048
1087.199999999884,127.199999999884,11.794462396758,2422.226950673856
1087.249999999884,127.249999999884,11.793015678020,2422.816637625725
1087.299999999884,127.299999999884,11.791568959283,2423.406252241657
1087.349999999884,127.349999999884,11.790122240545,2423.995794521652
1087.399999999884,127.399999999884,11.788675521808,2424.585264465711
1087.449999999884,127.449999999884,11.787228803070,2425.174662073835
1087.499999999884,127.499999999884,11.785782084332,2425.763987346019
1087.549999999884,127.549999999884,11.784335365595,2426.353240282267
1087.599999999884,127.599999999884,11.782888646857,2426.942420882578
1087.649999999884,127.649999999884,11.781441928119,2427.531529146951
1087.699999999884,127.699999999884,11.779995209382,2428.120565075391
1087.749999999884,127.749999999884,11.778548490644,2428.709528667891
1087.799999999884,127.799999999884,11.777101771906,2429.298419924454
1087.849999999884,127.849999999884,11.775655053168,2429.887238845080
1087.899999999884,127.899999999884,11.774208334431,2430.475985429770
1087.949999999884,127.949999999884,11.772761615693,2431.064659678525
1087.999999999884,127.999999999884,11.771314896955,2431.653261591341
1088.044444444444,128.044444444444,11.770028924740,2432.176402566516
1088.049999999884,128.049999999884,11.769870875870,2432.241791175713
1088.099999999884,128.099999999884,11.768448436007,2432.830249158510
1088.149999999884,128.149999999884,11.767025996145,2433.418636019313
1088.199999999883,128.199999999883,11.765603556282,2434.006951758112
1088.249999999883,128.249999999883,11.764181116419,2434.595196374929
1088.299999999883,128.299999999883,11.762758676556,2435.183369869756
1088.349999999883,128.349999999883,11.761336236693,2435.771472242587
1088.399999999883,128.399999999883,11.759913796831,2436.359503493424
1088.449999999883,128.449999999883,11.758491356968,2436.947463622269
1088.499999999883,128.499999999883,11.757068917105,2437.535352629120
1088.549999999883,128.549999999883,11.755646477242,2438.123170513980
1088.599999999883,128.599999999883,11.754224037379,2438.710917276846
1088.649999999883,128.649999999883,11.752801597516,2439.298592917718
1088.699999999883,128.699999999883,11.751379157653,2439.886197436596
1088.749999999883,128.749999999883,11.749956717790,2440.473730833482
1088.799999999883,128.799999999883,11.748534277928,2441.061193108377
1088.849999999883,128.849999999883,11.747111838065,2441.648584261276
1088.899999999883,128.899999999883,11.745689398202,2442.235904292183
1088.949999999883,128.949999999883,11.744266958339,2442.823153201095
1088.999999999883,128.999999999883,11.742844518476,2443.410330988015
1089.044444444444,129.044444444444,11.741580127483,2443.932207092629
1089.049999999883,129.049999999883,11.741424816474,2443.997437660550
1089.099999999883,129.099999999883,11.740027017361,2444.584473956395
1089.149999999882,129.149999999882,11.738629218249,2445.171440362274
1089.199999999882,129.199999999882,11.737231419136,2445.758336878208
1089.249999999882,129.249999999882,11.735833620024,2446.345163504187
1089.299999999882,129.299999999882,11.734435820911,2446.931920240210
1089.349999999882,129.349999999882,11.733038021799,2447.518607086277
1089.399999999882,129.399999999882,11.731640222686,2448.105224042391
1089.449999999882,129.449999999882,11.730242423574,2448.691771108547
1089.499999999882,129.499999999882,11.728844624461,2449.278248284747
1089.549999999882,129.549999999882,11.727446825349,2449.864655570992
1089.599999999882,129.599999999882,11.726049026236,2450.450992967281
1089.649999999882,129.649999999882,11.724651227124,2451.037260473618
1089.699999999882,129.699999999882,11.723253428011,2451.623458089995
1089.749999999882,129.749999999882,11.721855628899,2452.209585816418
1089.799999999882,129.799999999882,11.720457829786,2452.795643652884
1089.849999999882,129.849999999882,11.719060030673,2453.381631599395
1089.899999999882,129.899999999882,11.717664081261,2453.967549702195
1089.949999999882,129.949999999882,11.716276710752,2454.553398221995
1089.999999999882,129.999999999882,11.714889340244,2455.139177373269
1090.044444444444,130.044444444444,11.713656122011,2455.659811718253
1090.049999999882,130.049999999882,11.713502600370,2455.724887157770
1090.099999999882,130.099999999882,11.712120905571,2456.310527745418
1090.149999999882,130.149999999882,11.710739210772,2456.896099248328
1090.199999999882,130.199999999882,11.709357515972,2457.481601666496
1090.249999999882,130.249999999882,11.707975821173,2458.067034999925
1090.299999999882,130.299999999882,11.706594126374,2458.652399248613
1090.349999999882,130.349999999882,11.705212431574,2459.237694412561
1090.399999999881,130.399999999881,11.703830736775,2459.822920491758
1090.449999999881,130.449999999881,11.702449041976,2460.408077486227
1090.499999999881,130.499999999881,11.701067347176,2460.993165395958
1090.549999999881,130.549999999881,11.699685652377,2461.578184220946
1090.599999999881,130.599999999881,11.698303957578,2462.163133961194
1090.649999999881,130.649999999881,11.696922262778,2462.748014616703
1090.699999999881,130.699999999881,11.695540567979,2463.332826187471
1090.749999999881,130.749999999881,11.694161594664,2463.917568741540
1090.799999999881,130.799999999881,11.692785194321,2464.502242411264
1090.849999999881,130.849999999881,11.691408793978,2465.086847260970
1090.899999999881,130.899999999881,11.690032393635,2465.671383290660
1090.949999999881,130.949999999881,11.688655993293,2466.255850500333
1090.999999999881,130.999999999881,11.687279592950,2466.840248889991
1091.044444444444,131.044444444444,11.686056125975,2467.359656351796
1091.049999999881,131.049999999881,11.685903690088,2467.424578461011
1091.099999999881,131.099999999881,11.684531767077,2468.008839347440
1091.149999999881,131.149999999881,11.683159844067,2468.593031637718
1091.199999999881,131.199999999881,11.681787921056,2469.177155331845
1091.249999999881,131.249999999881,11.680418771872,2469.761210499171
1091.299999999881,131.299999999881,11.679052099316,2470.345197270950
1091.349999999880,131.349999999880,11.677685426760,2470.929115709091
1091.399999999880,131.399999999880,11.676318754204,2471.512965813614
1091.449999999880,131.449999999880,11.674952081647,2472.096747584510
1091.499999999880,131.499999999880,11.673585409091,2472.680461021778
1091.549999999880,131.549999999880,11.672218736535,2473.264106125418
1091.599999999880,131.599999999880,11.670852063978,2473.847682895433
1091.649999999880,131.649999999880,11.669485391422,2474.431191331817
1091.699999999880,131.699999999880,11.668118718866,2475.014631434574
1091.749999999880,131.749999999880,11.666752046309,2475.598003203703
1091.799999999880,131.799999999880,11.665385373753,2476.181306639204
1091.849999999880,131.849999999880,11.664018701197,2476.764541741080
1091.899999999880,131.899999999880,11.662652028640,2477.347708509325
1091.949999999880,131.949999999880,11.661285356084,2477.930806943943
1091.999999999880,131.999999999880,11.659918683527,2478.513837044933
1092.044444444444,132.044444444444,11.658703863474,2479.032028658483
1092.049999999880,132.049999999880,11.658551263987,2479.096798810219
1092.099999999880,132.099999999880,11.657177868573,2479.679692038535
1092.149999999880,132.149999999880,11.655804473159,2480.262516597078
1092.199999999880,132.199999999880,11.654431077746,2480.845272485850
1092.249999999880,132.249999999880,11.653057682332,2481.427959704852
1092.299999999880,132.299999999880,11.651684286918,2482.010578254082
1092.349999999880,132.349999999880,11.650310891504,2482.593128133545
1092.399999999880,132.399999999880,11.648937496091,2483.175609343234
1092.449999999880,132.449999999880,11.647564100677,2483.758021883153
1092.499999999880,132.499999999880,11.646190705263,2484.340365753301
1092.549999999880,132.549999999880,11.644817309849,2484.922640953678
1092.599999999879,132.599999999879,11.643443914436,2485.504847484274
1092.649999999879,132.649999999879,11.642070519022,2486.086985345110
1092.699999999879,132.699999999879,11.640697123608,2486.669054536178
1092.749999999879,132.749999999879,11.639323728194,2487.251055057473
1092.799999999879,132.799999999879,11.637950332780,2487.832986908996
1092.849999999879,132.849999999879,11.636576937366,2488.414850090749
1092.899999999879,132.899999999879,11.635203541953,2488.996644602732
1092.949999999879,132.949999999879,11.633830146539,2489.578370444946
1092.999999999879,132.999999999879,11.632456751125,2490.160027617388
1093.044444444444,133.044444444444,11.631235955198,2490.676998567819
1093.049999999879,133.049999999879,11.631081001250,2490.741616113518
1093.099999999879,133.099999999879,11.629686415688,2491.323135298941
1093.149999999879,133.149999999879,11.628291830127,2491.904584755086
1093.199999999879,133.199999999879,11.626897244565,2492.485964481955
1093.249999999879,133.249999999879,11.625505723613,2493.067274556159
1093.299999999879,133.299999999879,11.624116393949,2493.648515109098
1093.349999999879,133.349999999879,11.622727064285,2494.229686195553
1093.399999999879,133.399999999879,11.621337734622,2494.810787815526
1093.449999999879,133.449999999879,11.619948404958,2495.391819969017
1093.499999999879,133.499999999879,11.618559075295,2495.972782656023
1093.549999999878,133.549999999878,11.617169745631,2496.553675876535
1093.599999999878,133.599999999878,11.615780415967,2497.134499630575
1093.649999999878,133.649999999878,11.614391086304,2497.715253918131
1093.699999999878,133.699999999878,11.613001756640,2498.295938739204
1093.749999999878,133.749999999878,11.611612426976,2498.876554093794
1093.799999999878,133.799999999878,11.610223097313,2499.457099981904
1093.849999999878,133.849999999878,11.608833767649,2500.037576403528
1093.899999999878,133.899999999878,11.607444437985,2500.617983358668
1093.949999999878,133.949999999878,11.606055108322,2501.198320847325
1093.999999999878,133.999999999878,11.604670533584,2501.778588988373
1094.044444444444,134.044444444444,11.603440375888,2502.294324787773
1094.049999999878,134.049999999878,11.603283881323,2502.358787909300
1094.099999999878,134.099999999878,11.601875430216,2502.938916892087
1094.149999999878,134.149999999878,11.600466979109,2503.518975452320
1094.199999999878,134.199999999878,11.599058528001,2504.098963589997
1094.249999999878,134.249999999878,11.597650076893,2504.678881305118
1094.299999999878,134.299999999878,11.596241625786,2505.258728597687
1094.349999999878,134.349999999878,11.594833174678,2505.838505467699
1094.399999999878,134.399999999878,11.593424723571,2506.418211915155
1094.449999999878,134.449999999878,11.592016272463,2506.997847940055
1094.499999999878,134.499999999878,11.590607821356,2507.577413542400
1094.549999999878,134.549999999878,11.589199370248,2508.156908722192
1094.599999999878,134.599999999878,11.587790919140,2508.736333479427
1094.649999999878,134.649999999878,11.586382468033,2509.315687814106
1094.699999999878,134.699999999878,11.584974016925,2509.894971726229
1094.749999999878,134.749999999878,11.583565565817,2510.474185215798
1094.799999999877,134.799999999877,11.582157114710,2511.053328282800
1094.849999999877,134.849999999877,11.580748663602,2511.632400927257
1094.899999999877,134.899999999877,11.579340212494,2512.211403149161
1094.949999999877,134.949999999877,11.577931761387,2512.790334948508
1094.999999999877,134.999999999877,11.576523310279,2513.369196325300
1095.044444444444,135.044444444444,11.575271353735,2513.883680652586
1095.049999999877,135.049999999877,11.575116006110,2513.947987282721
1095.099999999877,135.099999999877,11.573717877452,2514.526708129809
1095.149999999877,135.149999999877,11.572319748794,2515.105359070468
1095.199999999877,135.199999999877,11.570921620137,2515.683940104690
1095.249999999877,135.249999999877,11.569523491479,2516.262451232481
1095.299999999877,135.299999999877,11.568125362821,2516.840892453838
1095.349999999877,135.349999999877,11.566727234163,2517.419263768762
1095.399999999877,135.399999999877,11.565329105505,2517.997565177255
1095.449999999877,135.449999999877,11.563930976847,2518.575796679313
1095.499999999877,135.499999999877,11.562532848190,2519.153958274939
1095.549999999877,135.549999999877,11.561134719532,2519.732049964131
1095.599999999877,135.599999999877,11.559736590874,2520.310071746891
1095.649999999877,135.649999999877,11.558338462216,2520.888023623220
1095.699999999877,135.699999999877,11.556940333558,2521.465905593114
1095.749999999876,135.749999999876,11.555542204900,2522.043717656565
1095.799999999876,135.799999999876,11.554144076242,2522.621459813593
1095.849999999876,135.849999999876,11.552745947584,2523.199132064188
1095.899999999876,135.899999999876,11.551347818926,2523.776734408350
1095.949999999876,135.949999999876,11.549949690268,2524.354266846079
1095.999999999876,135.999999999876,11.548551561610,2524.931729377378
1096.044444444444,136.044444444444,11.547308780577,2525.444970719742
1096.049999999876,136.049999999876,11.547157200468,2525.509122012707
1096.099999999876,136.099999999876,11.545792979458,2526.086445767205
1096.149999999876,136.149999999876,11.544428758448,2526.663701310652
1096.199999999876,136.199999999876,11.543064537438,2527.240888643048
1096.249999999876,136.249999999876,11.541700316427,2527.818007764397
1096.299999999876,136.299999999876,11.540336095417,2528.395058674693
1096.349999999876,136.349999999876,11.538971874407,2528.972041373938
1096.399999999876,136.399999999876,11.537607653397,2529.548955862133
1096.449999999876,136.449999999876,11.536243432386,2530.125802139276
1096.499999999876,136.499999999876,11.534879211376,2530.702580205373
1096.549999999876,136.549999999876,11.533514990366,2531.279290060416
1096.599999999876,136.599999999876,11.532150769355,2531.855931704408
1096.649999999876,136.649999999876,11.530786548345,2532.432505137350
1096.699999999876,136.699999999876,11.529422327335,2533.009010359242
1096.749999999876,136.749999999876,11.528058106324,2533.585447370085
1096.799999999876,136.799999999876,11.526693885314,2534.161816169876
1096.849999999876,136.849999999876,11.525329664303,2534.738116758615
1096.899999999876,136.899999999876,11.523965443293,2535.314349136305
1096.949999999876,136.949999999876,11.522601222283,2535.890513302944
1096.999999999875,136.999999999875,11.521237001272,2536.466609258522
1097.044444444444,137.044444444444,11.520024360370,2536.978637290216
1097.049999999875,137.049999999875,11.519873395424,2537.042637004768
1097.099999999875,137.099999999875,11.518514710876,2537.618596707428
1097.149999999875,137.149999999875,11.517156026327,2538.194488475858
1097.199999999875,137.199999999875,11.515797341779,2538.770312310060
1097.249999999875,137.249999999875,11.514438657231,2539.346068210035
1097.299999999875,137.299999999875,11.513079972682,2539.921756175782
1097.349999999875,137.349999999875,11.511721288134,2540.497376207305
1097.399999999875,137.399999999875,11.510362603585,2541.072928304598
1097.449999999875,137.449999999875,11.509003919037,2541.648412467663
1097.499999999875,137.499999999875,11.507645234488,2542.223828696500
1097.549999999875,137.549999999875,11.506286549940,2542.799176991110
1097.599999999875,137.599999999875,11.504927865391,2543.374457351496
1097.649999999875,137.649999999875,11.503569180843,2543.949669777651
1097.699999999875,137.699999999875,11.502210496294,2544.524814269579
1097.749999999875,137.749999999875,11.500851811746,2545.099890827280
1097.799999999875,137.799999999875,11.499493127197,2545.674899450752
1097.849999999875,137.849999999875,11.498134442649,2546.249840140001
1097.899999999875,137.899999999875,11.496775758100,2546.824712895019
1097.949999999874,137.949999999874,11.495417073552,2547.399517715799
1097.999999999874,137.999999999874,11.494058389003,2547.974254602362
1098.044444444444,138.044444444444,11.492850669401,2548.485074805103
1098.049999999874,138.049999999874,11.492702002758,2548.548923561082
1098.099999999874,138.099999999874,11.491364002942,2549.123525211224
1098.149999999874,138.149999999874,11.490026003126,2549.698059961375
1098.199999999874,138.199999999874,11.488688003309,2550.272527811538
1098.249999999874,138.249999999874,11.487350003493,2550.846928761708
1098.299999999874,138.299999999874,11.486012003677,2551.421262811886
1098.349999999874,138.349999999874,11.484674003861,2551.995529962074
1098.399999999874,138.399999999874,11.483336004045,2552.569730212271
1098.449999999874,138.449999999874,11.481998004229,2553.143863562480
1098.499999999874,138.499999999874,11.480660004412,2553.717930012695
1098.549999999874,138.549999999874,11.479322004596,2554.291929562920
1098.599999999874,138.599999999874,11.477984004780,2554.865862213154
1098.649999999874,138.649999999874,11.476646004964,2555.439727963397
1098.699999999874,138.699999999874,11.475308005147,2556.013526813651
1098.749999999874,138.749999999874,11.473970005331,2556.587258763913
1098.799999999874,138.799999999874,11.472632005515,2557.160923814184
1098.849999999874,138.849999999874,11.471294005698,2557.734521964464
1098.899999999874,138.899999999874,11.469956005882,2558.308053214752
1098.949999999874,138.949999999874,11.468618006066,2558.881517565053
1098.999999999874,138.999999999874,11.467280006249,2559.454915015360
1099.044444444444,139.044444444444,11.466090673076,2559.964545476340
1099.049999999874,139.049999999874,11.465943208100,2560.028245569015
1099.099999999874,139.099999999874,11.464616023282,2560.601509549799
1099.149999999874,139.149999999874,11.463288838465,2561.174707171342
1099.199999999873,139.199999999873,11.461961653648,2561.747838433634
1099.249999999873,139.249999999873,11.460634468831,2562.320903336696
1099.299999999873,139.299999999873,11.459307284014,2562.893901880519
1099.349999999873,139.349999999873,11.457980099197,2563.466834065099
1099.399999999873,139.399999999873,11.456652914379,2564.039699890438
1099.449999999873,139.449999999873,11.455325729562,2564.612499356535
1099.499999999873,139.499999999873,11.453998544745,2565.185232463392
1099.549999999873,139.549999999873,11.452671359928,2565.757899211011
1099.599999999873,139.599999999873,11.451344175110,2566.330499599387
1099.649999999873,139.649999999873,11.450016990293,2566.903033628521
1099.699999999873,139.699999999873,11.448689805476,2567.475501298415
1099.749999999873,139.749999999873,11.447362620658,2568.047902609068
1099.799999999873,139.799999999873,11.446035435841,2568.620237560483
1099.849999999873,139.849999999873,11.444708251024,2569.192506152654
1099.899999999873,139.899999999873,11.443381066207,2569.764708385584
1099.949999999873,139.949999999873,11.442053881389,2570.336844259273
1099.999999999873,139.999999999873,11.440726696572,2570.908913773721
1100.044444444444,140.044444444444,11.439546976731,2571.417364301244
1100.049999999873,140.049999999873,11.439401182738,2571.480916933573
1100.099999999873,140.099999999873,11.438089036776,2572.052854189060
1100.149999999872,140.149999999872,11.436776890814,2572.624725837239
1100.199999999872,140.199999999872,11.435464744851,2573.196531878130
1100.249999999872,140.249999999872,11.434152598889,2573.768272311723
1100.299999999872,140.299999999872,11.432840452926,2574.339947138018
1100.349999999872,140.349999999872,11.431528306964,2574.911556357015
1100.399999999872,140.399999999872,11.430216161001,2575.483099968716
1100.449999999872,140.449999999872,11.428904015039,2576.054577973116
1100.499999999872,140.499999999872,11.427591869077,2576.625990370219
1100.549999999872,140.549999999872,11.426279723114,2577.197337160023
1100.599999999872,140.599999999872,11.424967577152,2577.768618342529
1100.649999999872,140.649999999872,11.423655431189,2578.339833917740
1100.699999999872,140.699999999872,11.422343285227,2578.910983885650
1100.749999999872,140.749999999872,11.421031139264,2579.482068246262
1100.799999999872,140.799999999872,11.419718993302,2580.053086999575
1100.849999999872,140.849999999872,11.418406847339,2580.624040145591
1100.899999999872,140.899999999872,11.417094701377,2581.194927684311
1100.949999999872,140.949999999872,11.415782555414,2581.765749615730
1100.999999999872,140.999999999872,11.414470409451,2582.336505939852
1101.044444444444,141.044444444444,11.413304057481,2582.843789818351
1101.049999999872,141.049999999872,11.413157907465,2582.907196655686
1101.099999999872,141.099999999872,11.411842557291,2583.477821667304
1101.149999999872,141.149999999872,11.410527207116,2584.048380911416
1101.199999999872,141.199999999872,11.409211856941,2584.618874388017
1101.249999999872,141.249999999872,11.407896506767,2585.189302097109
1101.299999999872,141.299999999872,11.406581156592,2585.759664038693
1101.349999999872,141.349999999872,11.405265806417,2586.329960212768
1101.399999999871,141.399999999871,11.403950456243,2586.900190619323
1101.449999999871,141.449999999871,11.402635106068,2587.470355258381
1101.499999999871,141.499999999871,11.401319755893,2588.040454129932
1101.549999999871,141.549999999871,11.400008166746,2588.610487327997
1101.599999999871,141.599999999871,11.398698350412,2589.180454990926
1101.649999999871,141.649999999871,11.397388534078,2589.750357163037
1101.699999999871,141.699999999871,11.396078717745,2590.320193844332
1101.749999999871,141.749999999871,11.394768901410,2590.889965034813
1101.799999999871,141.799999999871,11.393459085076,2591.459670734474
1101.849999999871,141.849999999871,11.392149268742,2592.029310943320
1101.899999999871,141.899999999871,11.390839452408,2592.598885661348
1101.949999999871,141.949999999871,11.389529636074,2593.168394888560
1101.999999999871,141.999999999871,11.388219819740,2593.737838624957
1102.044444444444,142.044444444444,11.387055538551,2594.243955856605
1102.049999999871,142.049999999871,11.386903395365,2594.307216852180
1102.099999999871,142.099999999871,11.385534106658,2594.876527789730
1102.149999999871,142.149999999871,11.384164817951,2595.445770262845
1102.199999999871,142.199999999871,11.382795529245,2596.014944271524
1102.249999999871,142.249999999871,11.381426240538,2596.584049815771
1102.299999999871,142.299999999871,11.380056951832,2597.153086895580
1102.349999999870,142.349999999870,11.378687663125,2597.722055510943
1102.399999999870,142.399999999870,11.377320100801,2598.290955705041
1102.449999999870,142.449999999870,11.375956676539,2598.859787624473
1102.499999999870,142.499999999870,11.374593252276,2599.428551372693
1102.549999999870,142.549999999870,11.373229828014,2599.997246949700
1102.599999999870,142.599999999870,11.371866403752,2600.565874355496
1102.649999999870,142.649999999870,11.370502979490,2601.134433590076
1102.699999999870,142.699999999870,11.369139555227,2601.702924653443
1102.749999999870,142.749999999870,11.367776130965,2602.271347545598
1102.799999999870,142.799999999870,11.366412706703,2602.839702266539
1102.849999999870,142.849999999870,11.365049282440,2603.407988816269
1102.899999999870,142.899999999870,11.363685858178,2603.976207194784
1102.949999999870,142.949999999870,11.362322433916,2604.544357402086
1102.999999999870,142.999999999870,11.360959009654,2605.112439438174
1103.044444444444,143.044444444444,11.359747076972,2605.617344019350
1103.049999999870,143.049999999870,11.359585949574,2605.680453276284
1103.099999999870,143.099999999870,11.358135802957,2606.248396320099
1103.149999999870,143.149999999870,11.356685656339,2606.816266856581
1103.199999999870,143.199999999870,11.355235509722,2607.384064885732
1103.249999999870,143.249999999870,11.353785363105,2607.951790407552
1103.299999999870,143.299999999870,11.352335216487,2608.519443422041
1103.349999999870,143.349999999870,11.350885069870,2609.087023929202
1103.399999999870,143.399999999870,11.349434923252,2609.654531929030
1103.449999999870,143.449999999870,11.347984776635,2610.221967421527
1103.499999999870,143.499999999870,11.346534630017,2610.789330406692
1103.549999999870,143.549999999870,11.345084483400,2611.356620884527
1103.599999999869,143.599999999869,11.343634336782,2611.923838855021
1103.649999999869,143.649999999869,11.342184190165,2612.490984318194
1103.699999999869,143.699999999869,11.340734043547,2613.058057274039
1103.749999999869,143.749999999869,11.339283896930,2613.625057722551
1103.799999999869,143.799999999869,11.337833750312,2614.191985663731
1103.849999999869,143.849999999869,11.336383603694,2614.758841097580
1103.899999999869,143.899999999869,11.334933457077,2615.325624024099
1103.949999999869,143.949999999869,11.333483310459,2615.892334443290
1103.999999999869,143.999999999869,11.332033163842,2616.458972355147
1104.044444444444,144.044444444444,11.330744144622,2616.962589630147
1104.049999999869,144.049999999869,11.330583734655,2617.025537761665
1104.099999999869,144.099999999869,11.329140044912,2617.592030856154
1104.149999999869,144.149999999869,11.327696355170,2618.158451766155
1104.199999999869,144.199999999869,11.326252665427,2618.724800491672
1104.249999999869,144.249999999869,11.324808975685,2619.291077032700
1104.299999999869,144.299999999869,11.323365285943,2619.857281389240
1104.349999999869,144.349999999869,11.321921596200,2620.423413561293
1104.399999999869,144.399999999869,11.320477906458,2620.989473548859
1104.449999999869,144.449999999869,11.319034216715,2621.555461351941
1104.499999999869,144.499999999869,11.317590526973,2622.121376970532
1104.549999999868,144.549999999868,11.316146837230,2622.687220404627
1104.599999999868,144.599999999868,11.314703147488,2623.252991654244
1104.649999999868,144.649999999868,11.313259457745,2623.818690719374
1104.699999999868,144.699999999868,11.311815768003,2624.384317600018
1104.749999999868,144.749999999868,11.310372078260,2624.949872296174
1104.799999999868,144.799999999868,11.308928388518,2625.515354807846
1104.849999999868,144.849999999868,11.307484698775,2626.080765135027
1104.899999999868,144.899999999868,11.306041009032,2626.646103277722
1104.949999999868,144.949999999868,11.304597319290,2627.211369235929
1104.999999999868,144.999999999868,11.303153629547,2627.776563009650
1105.044444444444,145.044444444444,11.301870349772,2628.278896877345
1105.049999999868,145.049999999868,11.301718492684,2628.341684622644
1105.099999999868,145.099999999868,11.300351778862,2628.906736379432
1105.149999999868,145.149999999868,11.298985065039,2629.471719800529
1105.199999999868,145.199999999868,11.297618351216,2630.036634885935
1105.249999999868,145.249999999868,11.296251637393,2630.601481635650
1105.299999999868,145.299999999868,11.294884923571,2631.166260049676
1105.349999999868,145.349999999868,11.293518209748,2631.730970128009
1105.399999999868,145.399999999868,11.292151495925,2632.295611870650
1105.449999999868,145.449999999868,11.290784782102,2632.860185277601
1105.499999999868,145.499999999868,11.289418068280,2633.424690348860
1105.549999999868,145.549999999868,11.288051354457,2633.989127084430
1105.599999999868,145.599999999868,11.286684640634,2634.553495484307
1105.649999999868,145.649999999868,11.285317926811,2635.117795548493
1105.699999999868,145.699999999868,11.283951212988,2635.682027276987
1105.749999999868,145.749999999868,11.282584499165,2636.246190669791
1105.799999999867,145.799999999867,11.281217785342,2636.810285726893
1105.849999999867,145.849999999867,11.279851071520,2637.374312448314
1105.899999999867,145.899999999867,11.278484357697,2637.938270834046
1105.949999999867,145.949999999867,11.277117643874,2638.502160884085
1105.999999999867,145.999999999867,11.275750930051,2639.065982598433
1106.044444444444,146.044444444444,11.274536073316,2639.567100088892
1106.049999999867,146.049999999867,11.274385199507,2639.629735979821
1106.099999999867,146.099999999867,11.273027335198,2640.193421293188
1106.149999999867,146.149999999867,11.271669470889,2640.757038713342
1106.199999999867,146.199999999867,11.270311606581,2641.320588240278
1106.249999999867,146.249999999867,11.268953742272,2641.884069873999
1106.299999999867,146.299999999867,11.267595877963,2642.447483614504
1106.349999999867,146.349999999867,11.266238013654,2643.010829461794
1106.399999999867,146.399999999867,11.264880149345,2643.574107415871
1106.449999999867,146.449999999867,11.263522285036,2644.137317476730
1106.499999999867,146.499999999867,11.262164420727,2644.700459644373
1106.549999999867,146.549999999867,11.260806556418,2645.263533918801
1106.599999999867,146.599999999867,11.259448692109,2645.826540300014
1106.649999999867,146.649999999867,11.258090827800,2646.389478788014
1106.699999999867,146.699999999867,11.256732963491,2646.952349382796
1106.749999999866,146.749999999866,11.255375099182,2647.515152084351
1106.799999999866,146.799999999866,11.254017234873,2648.077886892702
1106.849999999866,146.849999999866,11.252659370564,2648.640553807837
1106.899999999866,146.899999999866,11.251301506255,2649.203152829758
1106.949999999866,146.949999999866,11.249943641945,2649.765683958462
1106.999999999866,146.999999999866,11.248585777636,2650.328147193954
1107.044444444444,147.044444444444,11.247378787136,2650.828057519117
1107.049999999866,147.049999999866,11.247230541387,2650.890542543527
1107.099999999866,147.099999999866,11.245896329621,2651.452870715302
1107.149999999866,147.149999999866,11.244562117854,2652.015132176488
1107.199999999866,147.199999999866,11.243227906087,2652.577326927086
1107.249999999866,147.249999999866,11.241893694321,2653.139454967099
1107.299999999866,147.299999999866,11.240559482554,2653.701516296520
1107.349999999866,147.349999999866,11.239225270787,2654.263510915353
1107.399999999866,147.399999999866,11.237891059020,2654.825438823598
1107.449999999866,147.449999999866,11.236556847253,2655.387300021254
1107.499999999866,147.499999999866,11.235224893732,2655.949094564781
1107.549999999866,147.549999999866,11.233895461388,2656.510822573659
1107.599999999866,147.599999999866,11.232566029043,2657.072484110919
1107.649999999866,147.649999999866,11.231236596698,2657.634079176561
1107.699999999866,147.699999999866,11.229907164354,2658.195607770587
1107.749999999866,147.749999999866,11.228577732009,2658.757069892999
1107.799999999866,147.799999999866,11.227248299664,2659.318465543790
1107.849999999866,147.849999999866,11.225918867319,2659.879794722964
1107.899999999866,147.899999999866,11.224589434974,2660.441057430521
1107.949999999866,147.949999999866,11.223260002630,2661.002253666461
1107.999999999865,147.999999999865,11.221930570285,2661.563383430773
1108.044444444444,148.044444444444,11.220748852642,2662.062109641682
1108.049999999865,148.049999999865,11.220603918515,2662.124446731202
1108.099999999865,148.099999999865,11.219299511342,2662.685444316950
1108.149999999865,148.149999999865,11.217995104170,2663.246376682337
1108.199999999865,148.199999999865,11.216690696998,2663.807243827366
1108.249999999865,148.249999999865,11.215386289825,2664.368045752036
1108.299999999865,148.299999999865,11.214081882653,2664.928782456347
1108.349999999865,148.349999999865,11.212777475481,2665.489453940303
1108.399999999865,148.399999999865,11.211473068308,2666.050060203897
1108.449999999865,148.449999999865,11.210168661136,2666.610601247132
1108.499999999865,148.499999999865,11.208864253963,2667.171077070009
1108.549999999865,148.549999999865,11.207559846791,2667.731487672528
1108.599999999865,148.599999999865,11.206255439618,2668.291833054690
1108.649999999865,148.649999999865,11.204951032446,2668.852113216491
1108.699999999865,148.699999999865,11.203646625273,2669.412328157934
1108.749999999865,148.749999999865,11.202342218101,2669.972477879017
1108.799999999865,148.799999999865,11.201037810928,2670.532562379743
1108.849999999865,148.849999999865,11.199733403756,2671.092581660112
1108.899999999865,148.899999999865,11.198428996583,2671.652535720119
1108.949999999864,148.949999999864,11.197124589411,2672.212424559759
1108.999999999864,148.999999999864,11.195820182238,2672.772248179050
1109.044444444444,149.044444444444,11.194660709192,2673.269814422599
1109.049999999864,149.049999999864,11.194519321850,2673.332006587834
1109.099999999864,149.099999999864,11.193246835739,2673.891700741774
1109.149999999864,149.149999999864,11.191974349627,2674.451331271407
1109.199999999864,149.199999999864,11.190701863516,2675.010898176738
1109.249999999864,149.249999999864,11.189429377405,2675.570401457760
1109.299999999864,149.299999999864,11.188156891293,2676.129841114477
1109.349999999864,149.349999999864,11.186884405182,2676.689217146888
1109.399999999864,149.399999999864,11.185611919070,2677.248529554994
1109.449999999864,149.449999999864,11.184339432959,2677.807778338797
1109.499999999864,149.499999999864,11.183066946847,2678.366963498291
1109.549999999864,149.549999999864,11.181794460736,2678.926085033480
1109.599999999864,149.599999999864,11.180521974624,2679.485142944364
1109.649999999864,149.649999999864,11.179249488513,2680.044137230942
1109.699999999864,149.699999999864,11.177977002401,2680.603067893217
1109.749999999864,149.749999999864,11.176704516290,2681.161934931184
1109.799999999864,149.799999999864,11.175432030178,2681.720738344845
1109.849999999864,149.849999999864,11.174159544067,2682.279478134200
1109.899999999864,149.899999999864,11.172889526584,2682.838154360966
1109.949999999864,149.949999999864,11.171621527315,2683.396767137316
1109.999999999864,149.999999999864,11.170353528046,2683.955316513699
1110.044444444444,150.044444444444,11.169226417582,2684.451751625116
1110.049999999864,150.049999999864,11.169089643681,2684.513802501549
1110.099999999864,150.099999999864,11.167858678550,2685.072226209605
1110.149999999864,150.149999999864,11.166627713419,2685.630588369404
1110.199999999863,150.199999999863,11.165396748287,2686.188888980936
1110.249999999863,150.249999999863,11.164165783156,2686.747128044221
1110.299999999863,150.299999999863,11.162934818024,2687.305305559253
1110.349999999863,150.349999999863,11.161703852893,2687.863421526025
1110.399999999863,150.399999999863,11.160472887761,2688.421475944541
1110.449999999863,150.449999999863,11.159241922630,2688.979468814800
1110.499999999863,150.499999999863,11.158010957498,2689.537400136803
1110.549999999863,150.549999999863,11.156779992367,2690.095269910552
1110.599999999863,150.599999999863,11.155549027235,2690.653078136042
1110.649999999863,150.649999999863,11.154318062104,2691.210824813274
1110.699999999863,150.699999999863,11.153087096972,2691.768509942251
1110.749999999863,150.749999999863,11.151856131841,2692.326133522971
1110.799999999863,150.799999999863,11.150625166709,2692.883695555437
1110.849999999863,150.849999999863,11.149394201578,2693.441196039643
1110.899999999863,150.899999999863,11.148163236446,2693.998634975593
1110.949999999863,150.949999999863,11.146932271315,2694.556012363287
1110.999999999863,150.999999999863,11.145701306183,2695.113328202724
1111.044444444444,151.044444444444,11.144607114952,2695.608668391383
1111.049999999863,151.049999999863,11.144474272529,2695.670582504827
1111.099999999863,151.099999999863,11.143278690697,2696.227776328907
1111.149999999862,151.149999999862,11.142083108864,2696.784910373885
1111.199999999862,151.199999999862,11.140887527032,2697.341984639782
1111.249999999862,151.249999999862,11.139691945199,2697.898999126588
1111.299999999862,151.299999999862,11.138496896777,2698.455953847636
1111.349999999862,151.349999999862,11.137305656404,2699.012848911465
1111.399999999862,151.399999999862,11.136114416030,2699.569684413278
1111.449999999862,151.449999999862,11.134923175656,2700.126460353070
1111.499999999862,151.499999999862,11.133731935283,2700.683176730843
1111.549999999862,151.549999999862,11.132540694909,2701.239833546597
1111.599999999862,151.599999999862,11.131349454536,2701.796430800332
1111.649999999862,151.649999999862,11.130158214162,2702.352968492052
1111.699999999862,151.699999999862,11.128966973788,2702.909446621750
1111.749999999862,151.749999999862,11.127775733414,2703.465865189430
1111.799999999862,151.799999999862,11.126584493041,2704.022224195091
1111.849999999862,151.849999999862,11.125393252667,2704.578523638733
1111.899999999862,151.899999999862,11.124202012293,2705.134763520359
1111.949999999862,151.949999999862,11.123010771920,2705.690943839963
1111.999999999862,151.999999999862,11.121819531546,2706.247064597550
1112.044444444444,152.044444444444,11.120760651210,2706.741344158696
1112.049999999862,152.049999999862,11.120632794878,2706.803125805627
1112.099999999862,152.099999999862,11.119482087855,2707.359128677695
1112.149999999862,152.149999999862,11.118334283015,2707.915074086969
1112.199999999862,152.199999999862,11.117187949070,2708.470962142770
1112.249999999862,152.249999999862,11.116041615125,2709.026792881874
1112.299999999862,152.299999999862,11.114895281181,2709.582566304281
1112.349999999862,152.349999999862,11.113748947236,2710.138282409991
1112.399999999861,152.399999999861,11.112602613291,2710.693941198994
1112.449999999861,152.449999999861,11.111456279346,2711.249542671309
1112.499999999861,152.499999999861,11.110309945402,2711.805086826930
1112.549999999861,152.549999999861,11.109163611457,2712.360573665851
1112.599999999861,152.599999999861,11.108017277512,2712.916003188075
1112.649999999861,152.649999999861,11.106870943567,2713.471375393601
1112.699999999861,152.699999999861,11.105724609622,2714.026690282431
1112.749999999861,152.749999999861,11.104578275678,2714.581947854565
1112.799999999861,152.799999999861,11.103431941733,2715.137148110000
1112.849999999861,152.849999999861,11.102285607788,2715.692291048737
1112.899999999861,152.899999999861,11.101139273843,2716.247376670777
1112.949999999861,152.949999999861,11.099992939898,2716.802404976120
1112.999999999861,152.999999999861,11.098846605953,2717.357375964768
1113.044444444444,153.044444444444,11.097827642444,2717.850635394048
1113.049999999861,153.049999999861,11.097703564896,2717.912289645864
1113.099999999861,153.099999999861,11.096586866942,2718.467146906659
1113.149999999861,153.149999999861,11.095470168987,2719.021948332557
1113.199999999861,153.199999999861,11.094353471033,2719.576693923557
1113.249999999861,153.249999999861,11.093236773078,2720.131383679662
1113.299999999861,153.299999999861,11.092120075124,2720.686017600866
1113.349999999860,153.349999999860,11.091006253081,2721.240595759061
1113.399999999860,153.399999999860,11.089893613056,2721.795118255714
1113.449999999860,153.449999999860,11.088780973031,2722.349585120365
1113.499999999860,153.499999999860,11.087668333007,2722.903996353016
1113.549999999860,153.549999999860,11.086555692982,2723.458351953665
1113.599999999860,153.599999999860,11.085443052957,2724.012651922315
1113.649999999860,153.649999999860,11.084330412933,2724.566896258962
1113.699999999860,153.699999999860,11.083217772908,2725.121084963608
1113.749999999860,153.749999999860,11.082105132883,2725.675218036252
1113.799999999860,153.799999999860,11.080992492859,2726.229295476895
1113.849999999860,153.849999999860,11.079879852834,2726.783317285539
1113.899999999860,153.899999999860,11.078767212809,2727.337283462180
1113.949999999860,153.949999999860,11.077654572785,2727.891194006819
1113.999999999860,153.999999999860,11.076541932760,2728.445048919457
1114.044444444444,154.044444444444,11.075552919401,2728.937317695496
1114.049999999860,154.049999999860,11.075432163170,2728.998848208068
1114.099999999860,154.099999999860,11.074345357057,2729.552592646075
1114.149999999860,154.149999999860,11.073258550944,2730.106282743774
1114.199999999860,154.199999999860,11.072171744831,2730.659918501168
1114.249999999860,154.249999999860,11.071084938718,2731.213499918256
1114.299999999860,154.299999999860,11.069998132605,2731.767026995039
1114.349999999860,154.349999999860,11.068911326492,2732.320499731518
1114.399999999860,154.399999999860,11.067824520379,2732.873918127690
1114.449999999860,154.449999999860,11.066737714266,2733.427282183555
1114.499999999860,154.499999999860,11.065650908153,2733.980591899115
1114.549999999860,154.549999999860,11.064564102040,2734.533847274369
1114.599999999859,154.599999999859,11.063477295927,2735.087048309308
1114.649999999859,154.649999999859,11.062390489814,2735.640195003951
1114.699999999859,154.699999999859,11.061303683701,2736.193287358290
1114.749999999859,154.749999999859,11.060216877588,2736.746325372322
1114.799999999859,154.799999999859,11.059130071474,2737.299309046048
1114.849999999859,154.849999999859,11.058043265361,2737.852238379468
1114.899999999859,154.899999999859,11.056956459248,2738.405113372583
1114.949999999859,154.949999999859,11.055869653135,2738.957934025394
1114.999999999859,154.999999999859,11.054782847022,2739.510700337898
1115.044444444444,155.044444444444,11.053816797141,2740.002002553766
1115.049999999859,155.049999999859,11.053698381023,2740.063412316596
1115.099999999859,155.099999999859,11.052632635937,2740.616070592020
1115.149999999859,155.149999999859,11.051566890851,2741.168675580189
1115.199999999859,155.199999999859,11.050501145765,2741.721227281106
1115.249999999859,155.249999999859,11.049435400679,2742.273725694767
1115.299999999859,155.299999999859,11.048369655593,2742.826170821173
1115.349999999859,155.349999999859,11.047303910507,2743.378562660325
1115.399999999859,155.399999999859,11.046238165421,2743.930901212223
1115.449999999859,155.449999999859,11.045172420335,2744.483186476868
1115.499999999859,155.499999999859,11.044106675248,2745.035418454258
1115.549999999858,155.549999999858,11.043040930162,2745.587597144382
1115.599999999858,155.599999999858,11.041975185076,2746.139722547263
1115.649999999858,155.649999999858,11.040909439990,2746.691794662889
1115.699999999858,155.699999999858,11.039843694904,2747.243813491261
1115.749999999858,155.749999999858,11.038777949818,2747.795779032379
1115.799999999858,155.799999999858,11.037712204732,2748.347691286244
1115.849999999858,155.849999999858,11.036646459645,2748.899550252853
1115.899999999858,155.899999999858,11.035580714559,2749.451355932208
1115.949999999858,155.949999999858,11.034514969473,2750.003108324308
1115.999999999858,155.999999999858,11.033449224387,2750.554807429154
1116.044444444444,156.044444444444,11.032501895418,2751.045161900046
1116.049999999858,156.049999999858,11.032385570710,2751.106453252558
1116.099999999858,156.099999999858,11.031338648303,2751.658046358033
1116.149999999858,156.149999999858,11.030291725896,2752.209587117387
1116.199999999858,156.199999999858,11.029244803490,2752.761075530621
1116.249999999858,156.249999999858,11.028197881083,2753.312511597735
1116.299999999858,156.299999999858,11.027150958677,2753.863895318731
1116.349999999858,156.349999999858,11.026104036270,2754.415226693604
1116.399999999858,156.399999999858,11.025057113863,2754.966505722357
1116.449999999858,156.449999999858,11.024010191457,2755.517732404990
1116.499999999858,156.499999999858,11.022963269050,2756.068906741502
1116.549999999858,156.549999999858,11.021916346643,2756.620028731896
1116.599999999858,156.599999999858,11.020869424237,2757.171098376168
1116.649999999858,156.649999999858,11.019822501830,2757.722115674319
1116.699999999858,156.699999999858,11.018775579423,2758.273080626350
1116.749999999857,156.749999999857,11.017728657017,2758.823993232250
1116.799999999857,156.799999999857,11.016681734610,2759.374853492041
1116.849999999857,156.849999999857,11.015634812203,2759.925661405710
1116.899999999857,156.899999999857,11.014587889797,2760.476416973263
1116.949999999857,156.949999999857,11.013540967390,2761.027120194692
1116.999999999857,156.999999999857,11.012494044983,2761.577771070000
1117.044444444444,157.044444444444,11.011563447285,2762.067194571399
1117.049999999857,157.049999999857,11.011449105662,2762.128369604698
1117.099999999857,157.099999999857,11.010420031028,2762.678916333115
1117.149999999857,157.149999999857,11.009390956394,2763.229411607802
1117.199999999857,157.199999999857,11.008362293751,2763.779855439055
1117.249999999857,157.249999999857,11.007336861439,2764.330247917934
1117.299999999857,157.299999999857,11.006311429126,2764.880589125198
1117.349999999857,157.349999999857,11.005285996814,2765.430879060846
1117.399999999857,157.399999999857,11.004260564501,2765.981117724881
1117.449999999857,157.449999999857,11.003235132188,2766.531305117298
1117.499999999857,157.499999999857,11.002209699876,2767.081441238099
1117.549999999857,157.549999999857,11.001184267563,2767.631526087284
1117.599999999857,157.599999999857,11.000158835250,2768.181559664854
1117.649999999857,157.649999999857,10.999133402938,2768.731541970811
1117.699999999857,157.699999999857,10.998107970625,2769.281473005150
1117.749999999856,157.749999999856,10.997082538312,2769.831352767862
1117.799999999856,157.799999999856,10.996057106000,2770.381181258970
1117.849999999856,157.849999999856,10.995031673687,2770.930958478461
1117.899999999856,157.899999999856,10.994006241374,2771.480684426338
1117.949999999856,157.949999999856,10.992980809062,2772.030359102598
1117.999999999856,157.999999999856,10.991955376749,2772.579982507245
1118.044444444444,158.044444444444,10.991043881357,2773.068493603447
1118.049999999856,158.049999999856,10.990932186132,2773.129554646501
1118.099999999856,158.099999999856,10.989926929076,2773.679076124381
1118.149999999856,158.149999999856,10.988921672021,2774.228547339408
1118.199999999856,158.199999999856,10.987916414966,2774.777968291583
1118.249999999856,158.249999999856,10.986911157911,2775.327338980906
1118.299999999856,158.299999999856,10.985905900855,2775.876659407375
1118.349999999856,158.349999999856,10.984900643800,2776.425929570991
1118.399999999856,158.399999999856,10.983895386745,2776.975149471754
1118.449999999856,158.449999999856,10.982890129690,2777.524319109664
1118.499999999856,158.499999999856,10.981884872635,2778.073438484724
1118.549999999856,158.549999999856,10.980879615579,2778.622507596929
1118.599999999856,158.599999999856,10.979874358524,2779.171526446281
1118.649999999856,158.649999999856,10.978869101469,2779.720495032781
1118.699999999856,158.699999999856,10.977863844414,2780.269413356427
1118.749999999856,158.749999999856,10.976858587358,2780.818281417224
1118.799999999856,158.799999999856,10.975853330303,2781.367099215165
1118.849999999856,158.849999999856,10.974848073248,2781.915866750253
1118.899999999856,158.899999999856,10.973842816192,2782.464584022488
1118.949999999855,158.949999999855,10.972837559137,2783.013251031861
1118.999999999855,158.999999999855,10.971832302082,2783.561867778391
1119.044444444444,159.044444444444,10.970938740252,2784.049484914252
1119.049999999855,159.049999999855,10.970829253723,2784.110434268204
1119.099999999855,159.099999999855,10.969843874932,2784.658951096422
1119.149999999855,159.149999999855,10.968858496142,2785.207418655699
1119.199999999855,159.199999999855,10.967873117351,2785.755836946036
1119.249999999855,159.249999999855,10.966887738561,2786.304205967433
1119.299999999855,159.299999999855,10.965902359771,2786.852525719891
1119.349999999855,159.349999999855,10.964916980980,2787.400796203412
1119.399999999855,159.399999999855,10.963931602190,2787.949017417990
1119.449999999855,159.449999999855,10.962946223399,2788.497189363630
1119.499999999855,159.499999999855,10.961960844609,2789.045312040329
1119.549999999855,159.549999999855,10.960975465818,2789.593385448090
1119.599999999855,159.599999999855,10.959990087028,2790.141409586913
1119.649999999855,159.649999999855,10.959004708237,2790.689384456794
1119.699999999855,159.699999999855,10.958019329447,2791.237310057736
1119.749999999855,159.749999999855,10.957033950656,2791.785186389738
1119.799999999855,159.799999999855,10.956048571866,2792.333013452800
1119.849999999855,159.849999999855,10.955063193075,2792.880791246926
1119.899999999855,159.899999999855,10.954077814285,2793.428519772109
1119.949999999854,159.949999999854,10.953092435494,2793.976199028343
1119.999999999854,159.999999999854,10.952107056704,2794.523829015648
1120.044444444444,160.044444444444,10.951231164443,2795.010569866601
1120.049999999854,160.049999999854,10.951123414779,2795.071409738837
1120.099999999854,160.099999999854,10.950154266190,2795.618941680861
1120.149999999854,160.149999999854,10.949187904831,2796.166425235136
1120.199999999854,160.199999999854,10.948221543472,2796.713860471345
1120.249999999854,160.249999999854,10.947255182113,2797.261247389485
1120.299999999854,160.299999999854,10.946288820754,2797.808585989556
1120.349999999854,160.349999999854,10.945322459394,2798.355876271559
1120.399999999854,160.399999999854,10.944356098035,2798.903118235495
1120.449999999854,160.449999999854,10.943389736676,2799.450311881365
1120.499999999854,160.499999999854,10.942423375317,2799.997457209164
1120.549999999854,160.549999999854,10.941457013957,2800.544554218895
1120.599999999854,160.599999999854,10.940490652598,2801.091602910558
1120.649999999854,160.649999999854,10.939524291239,2801.638603284154
1120.699999999854,160.699999999854,10.938557929880,2802.185555339684
1120.749999999854,160.749999999854,10.937591568520,2802.732459077143
1120.799999999854,160.799999999854,10.936625207161,2803.279314496535
1120.849999999854,160.849999999854,10.935658845802,2803.826121597859
1120.899999999854,160.899999999854,10.934692484443,2804.372880381114
1120.949999999854,160.949999999854,10.933726123083,2804.919590846304
1120.999999999854,160.999999999854,10.932759761724,2805.466252993424
1121.044444444444,161.044444444444,10.931900773846,2805.952134340250
1121.049999999854,161.049999999854,10.931795022687,2806.012866826982
1121.099999999854,161.099999999854,10.930843262229,2806.559432784105
1121.149999999853,161.149999999853,10.929891501770,2807.105951153194
1121.199999999853,161.199999999853,10.928939741312,2807.652421934270
1121.249999999853,161.249999999853,10.927987980854,2808.198845127324
1121.299999999853,161.299999999853,10.927036220395,2808.745220732357
1121.349999999853,161.349999999853,10.926084459937,2809.291548749365
1121.399999999853,161.399999999853,10.925132699478,2809.837829178350
1121.449999999853,161.449999999853,10.924180939020,2810.384062019312
1121.499999999853,161.499999999853,10.923229178561,2810.930247272251
1121.549999999853,161.549999999853,10.922277418103,2811.476384937170
1121.599999999853,161.599999999853,10.921325657645,2812.022475014063
1121.649999999853,161.649999999853,10.920373897186,2812.568517502933
1121.699999999853,161.699999999853,10.919422136728,2813.114512403780
1121.749999999853,161.749999999853,10.918470376269,2813.660459716605
1121.799999999853,161.799999999853,10.917518615811,2814.206359441408
1121.849999999853,161.849999999853,10.916566855352,2814.752211578187
1121.899999999853,161.899999999853,10.915615094894,2815.298016126943
1121.949999999853,161.949999999853,10.914663334435,2815.843773087676
1121.999999999853,161.999999999853,10.913711573977,2816.389482460386
1122.044444444444,162.044444444444,10.912865564678,2816.874517509512
1122.049999999853,162.049999999853,10.912761616803,2816.935144250084
1122.099999999853,162.099999999853,10.911826085904,2817.480758942651
1122.149999999852,162.149999999852,10.910890555005,2818.026326858664
1122.199999999852,162.199999999852,10.909955024107,2818.571847998141
1122.249999999852,162.249999999852,10.909019493208,2819.117322361074
1122.299999999852,162.299999999852,10.908083962309,2819.662749947461
1122.349999999852,162.349999999852,10.907148431411,2820.208130757303
1122.399999999852,162.399999999852,10.906212900512,2820.753464790604
1122.449999999852,162.449999999852,10.905277369613,2821.298752047356
1122.499999999852,162.499999999852,10.904341838714,2821.843992527564
1122.549999999852,162.549999999852,10.903406307816,2822.389186231227
1122.599999999852,162.599999999852,10.902470776917,2822.934333158345
1122.649999999852,162.649999999852,10.901535246018,2823.479433308920
1122.699999999852,162.699999999852,10.900599715119,2824.024486682948
1122.749999999852,162.749999999852,10.899664184221,2824.569493280431
1122.799999999852,162.799999999852,10.898728653322,2825.114453101369
1122.849999999852,162.849999999852,10.897793122423,2825.659366145762
1122.899999999852,162.899999999852,10.896857591524,2826.204232413612
1122.949999999852,162.949999999852,10.895922060626,2826.749051904916
1122.999999999852,162.999999999852,10.894986529727,2827.293824619674
1123.044444444444,163.044444444444,10.894154946703,2827.778027765203
1123.049999999852,163.049999999852,10.894052637634,2827.838550562440
1123.099999999852,163.099999999852,10.893131855994,2828.383230174780
1123.149999999852,163.149999999852,10.892211074352,2828.927863748041
1123.199999999852,163.199999999852,10.891290292712,2829.472451282217
1123.249999999852,163.249999999852,10.890369511070,2830.016992777311
1123.299999999852,163.299999999852,10.889448729429,2830.561488233323
1123.349999999851,163.349999999851,10.888527947788,2831.105937650243
1123.399999999851,163.399999999851,10.887607166148,2831.650341028091
1123.449999999851,163.449999999851,10.886686384507,2832.194698366857
1123.499999999851,163.499999999851,10.885765602865,2832.739009666544
1123.549999999851,163.549999999851,10.884844821224,2833.283274927145
1123.599999999851,163.599999999851,10.883924039583,2833.827494148665
1123.649999999851,163.649999999851,10.883003257942,2834.371667331102
1123.699999999851,163.699999999851,10.882082476301,2834.915794474458
1123.749999999851,163.749999999851,10.881161694660,2835.459875578734
1123.799999999851,163.799999999851,10.880240913019,2836.003910643925
1123.849999999851,163.849999999851,10.879320131378,2836.547899670035
1123.899999999851,163.899999999851,10.878399349737,2837.091842657062
1123.949999999851,163.949999999851,10.877481081904,2837.635739667853
1123.999999999851,163.999999999851,10.876563474020,2838.179590781753
1124.044444444444,164.044444444444,10.875747822565,2838.662975478848
1124.049999999851,164.049999999851,10.875647431032,2838.723396019604
1124.099999999851,164.099999999851,10.874743907209,2839.267155803059
1124.149999999851,164.149999999851,10.873840383386,2839.810870410324
1124.199999999851,164.199999999851,10.872936859563,2840.354539841397
1124.249999999851,164.249999999851,10.872033335740,2840.898164096282
1124.299999999851,164.299999999851,10.871129811918,2841.441743174973
1124.349999999850,164.349999999850,10.870226288095,2841.985277077462
1124.399999999850,164.399999999850,10.869322764272,2842.528765803771
1124.449999999850,164.449999999850,10.868419240449,2843.072209353888
1124.499999999850,164.499999999850,10.867515716626,2843.615607727815
1124.549999999850,164.549999999850,10.866612192804,2844.158960925550
1124.599999999850,164.599999999850,10.865708668981,2844.702268947096
1124.649999999850,164.649999999850,10.864805145158,2845.245531792450
1124.699999999850,164.699999999850,10.863901621335,2845.788749461612
1124.749999999850,164.749999999850,10.862998097512,2846.331921954582
1124.799999999850,164.799999999850,10.862094573689,2846.875049271362
1124.849999999850,164.849999999850,10.861191049867,2847.418131411953
1124.899999999850,164.899999999850,10.860287526044,2847.961168376350
1124.949999999850,164.949999999850,10.859384002221,2848.504160164556
1124.999999999850,164.999999999850,10.858480478398,2849.047106776571
1125.044444444444,165.044444444444,10.857677346108,2849.529688063185
1125.049999999850,165.049999999850,10.857578508930,2849.590008216713
1125.099999999850,165.099999999850,10.856688974305,2850.132864903796
1125.149999999850,165.149999999850,10.855799439679,2850.675677114144
1125.199999999850,165.199999999850,10.854909905054,2851.218444847762
1125.249999999850,165.249999999850,10.854020370428,2851.761168104649
1125.299999999850,165.299999999850,10.853130835803,2852.303846884804
1125.349999999850,165.349999999850,10.852241301177,2852.846481188230
1125.399999999850,165.399999999850,10.851351766552,2853.389071014923
1125.449999999850,165.449999999850,10.850462231926,2853.931616364885
1125.499999999850,165.499999999850,10.849572697300,2854.474117238115
1125.549999999849,165.549999999849,10.848683162675,2855.016573634603
1125.599999999849,165.599999999849,10.847793628049,2855.558985554371
1125.649999999849,165.649999999849,10.846904093424,2856.101352997408
1125.699999999849,165.699999999849,10.846014558798,2856.643675963715
1125.749999999849,165.749999999849,10.845125024172,2857.185954453289
1125.799999999849,165.799999999849,10.844235489547,2857.728188466131
1125.849999999849,165.849999999849,10.843345954921,2858.270378002243
1125.899999999849,165.899999999849,10.842456420296,2858.812523061622
1125.949999999849,165.949999999849,10.841566885670,2859.354623644273
1125.999999999849,165.999999999849,10.840677351044,2859.896679750191
1126.044444444444,166.044444444444,10.839886653597,2860.378470063037
1126.049999999849,166.049999999849,10.839789291855,2860.438691383476
1126.099999999849,166.099999999849,10.838913036152,2860.980658941675
1126.149999999849,166.149999999849,10.838036780449,2861.522582687090
1126.199999999849,166.199999999849,10.837160524745,2862.064462619721
1126.249999999849,166.249999999849,10.836284269042,2862.606298739565
1126.299999999849,166.299999999849,10.835408013339,2863.148091046624
1126.349999999849,166.349999999849,10.834531757636,2863.689839540898
1126.399999999849,166.399999999849,10.833655501933,2864.231544222387
1126.449999999848,166.449999999848,10.832779332474,2864.773205093237
1126.499999999848,166.499999999848,10.831906058977,2865.314822228022
1126.549999999848,166.549999999848,10.831032785481,2865.856395699136
1126.599999999848,166.599999999848,10.830159511984,2866.397925506572
1126.649999999848,166.649999999848,10.829286238487,2866.939411650333
1126.699999999848,166.699999999848,10.828412964991,2867.480854130420
1126.749999999848,166.749999999848,10.827539691494,2868.022252946831
1126.799999999848,166.799999999848,10.826666417997,2868.563608099571
1126.849999999848,166.849999999848,10.825793144501,2869.104919588633
1126.899999999848,166.899999999848,10.824919871004,2869.646187414020
1126.949999999848,166.949999999848,10.824046597507,2870.187411575732
1126.999999999848,166.999999999848,10.823173324010,2870.728592073770
1127.044444444444,167.044444444444,10.822397080900,2871.209604751076
1127.049999999848,167.049999999848,10.822301551787,2871.269728912305
1127.099999999848,167.099999999848,10.821441789746,2871.810822495843
1127.149999999848,167.149999999848,10.820582027706,2872.351873091279
1127.199999999848,167.199999999848,10.819722265666,2872.892880698613
1127.249999999848,167.249999999848,10.818862503625,2873.433845317845
1127.299999999848,167.299999999848,10.818002741585,2873.974766948977
1127.349999999848,167.349999999848,10.817142979544,2874.515645592005
1127.399999999848,167.399999999848,10.816283217504,2875.056481246930
1127.449999999848,167.449999999848,10.815423455464,2875.597273913754
1127.499999999848,167.499999999848,10.814563693423,2876.138023592475
1127.549999999848,167.549999999848,10.813703931383,2876.678730283098
1127.599999999848,167.599999999848,10.812844169343,2877.219393985615
1127.649999999848,167.649999999848,10.811984407302,2877.760014700031
1127.699999999848,167.699999999848,10.811124645262,2878.300592426344
1127.749999999848,167.749999999848,10.810264883221,2878.841127164556
1127.799999999848,167.799999999848,10.809405121181,2879.381618914668
1127.849999999847,167.849999999847,10.808545359141,2879.922067676663
1127.899999999847,167.899999999847,10.807685597100,2880.462473450571
1127.949999999847,167.949999999847,10.806825835060,2881.002836236375
1127.999999999847,167.999999999847,10.805966073019,2881.543156034076
1128.044444444444,168.044444444444,10.805201840092,2882.023404211572
1128.049999999847,168.049999999847,10.805108096039,2882.083432848634
1128.099999999847,168.099999999847,10.804264399544,2882.623667161024
1128.149999999847,168.149999999847,10.803420703049,2883.163859288591
1128.199999999847,168.199999999847,10.802577006554,2883.704009231330
1128.249999999847,168.249999999847,10.801733310059,2884.244116989245
1128.299999999847,168.299999999847,10.800889613564,2884.784182562335
1128.349999999847,168.349999999847,10.800045917069,2885.324205950600
1128.399999999847,168.399999999847,10.799202220574,2885.864187154043
1128.449999999847,168.449999999847,10.798358524079,2886.404126172659
1128.499999999847,168.499999999847,10.797514827584,2886.944023006450
1128.549999999847,168.549999999847,10.796671131089,2887.483877655417
1128.599999999847,168.599999999847,10.795827434594,2888.023690119558
1128.649999999846,168.649999999846,10.794983738099,2888.563460398865
1128.699999999846,168.699999999846,10.794140041604,2889.103188493360
1128.749999999846,168.749999999846,10.793296345109,2889.642874403027
1128.799999999846,168.799999999846,10.792452648614,2890.182518127870
1128.849999999846,168.849999999846,10.791608952119,2890.722119667887
1128.899999999846,168.899999999846,10.790765255624,2891.261679023080
1128.949999999846,168.949999999846,10.789921559129,2891.801196193451
1128.999999999846,168.999999999846,10.789077862633,2892.340671178995
1129.044444444444,169.044444444444,10.788327910191,2892.820169086714
1129.049999999846,169.049999999846,10.788236302280,2892.880103985648
1129.099999999846,169.099999999846,10.787411831060,2893.419495188980
1129.149999999846,169.149999999846,10.786587359841,2893.958845168752
1129.199999999846,169.199999999846,10.785762888621,2894.498153924966
1129.249999999846,169.249999999846,10.784938417401,2895.037421457616
1129.299999999846,169.299999999846,10.784113946182,2895.576647766705
1129.349999999846,169.349999999846,10.783289474962,2896.115832852233
1129.399999999846,169.399999999846,10.782465003742,2896.654976714200
1129.449999999846,169.449999999846,10.781640532522,2897.194079352609
1129.499999999846,169.499999999846,10.780816061303,2897.733140767454
1129.549999999846,169.549999999846,10.779991590083,2898.272160958738
1129.599999999846,169.599999999846,10.779167118863,2898.811139926461
1129.649999999846,169.649999999846,10.778342647644,2899.350077670623
1129.699999999846,169.699999999846,10.777518176424,2899.888974191227
1129.749999999846,169.749999999846,10.776693705204,2900.427829488267
1129.799999999846,169.799999999846,10.775869233984,2900.966643561746
1129.849999999846,169.849999999846,10.775044762765,2901.505416411665
1129.899999999846,169.899999999846,10.774220291545,2902.044148038022
1129.949999999846,169.949999999846,10.773395820325,2902.582838440821
1129.999999999846,169.999999999846,10.772571349105,2903.121487620056
1130.044444444444,170.044444444444,10.771838485796,2903.600252284707
1130.049999999845,170.049999999845,10.771748724705,2903.660095580850
1130.099999999845,170.099999999845,10.770940874864,2904.198662820839
1130.149999999845,170.149999999845,10.770133025023,2904.737189668335
1130.199999999845,170.199999999845,10.769325175182,2905.275676123340
1130.249999999845,170.249999999845,10.768517325341,2905.814122185853
1130.299999999845,170.299999999845,10.767709475500,2906.352527855876
1130.349999999845,170.349999999845,10.766901625659,2906.890893133404
1130.399999999845,170.399999999845,10.766093775817,2907.429218018441
1130.449999999845,170.449999999845,10.765285925976,2907.967502510985
1130.499999999845,170.499999999845,10.764478076135,2908.505746611037
1130.549999999845,170.549999999845,10.763670226294,2909.043950318600
1130.599999999845,170.599999999845,10.762862376453,2909.582113633669
1130.649999999845,170.649999999845,10.762054526612,2910.120236556244
1130.699999999845,170.699999999845,10.761246676770,2910.658319086328
1130.749999999845,170.749999999845,10.760438826929,2911.196361223921
1130.799999999845,170.799999999845,10.759630977088,2911.734362969023
1130.849999999844,170.849999999844,10.758823127247,2912.272324321619
1130.899999999844,170.899999999844,10.758015277406,2912.810245281737
1130.949999999844,170.949999999844,10.757207427564,2913.348125849361
1130.999999999844,170.999999999844,10.756399577723,2913.885966024493
1131.044444444444,171.044444444444,10.755681488973,2914.364012272092
1131.049999999844,171.049999999844,10.755593562283,2914.423765812227
1131.099999999844,171.099999999844,10.754802222048,2914.961525706835
1131.149999999844,171.149999999844,10.754010881813,2915.499246034434
1131.199999999844,171.199999999844,10.753219541577,2916.036926795018
1131.249999999844,171.249999999844,10.752428201342,2916.574567988591
1131.299999999844,171.299999999844,10.751636861107,2917.112169615152
1131.349999999844,171.349999999844,10.750845520872,2917.649731674701
1131.399999999844,171.399999999844,10.750054180637,2918.187254167241
1131.449999999844,171.449999999844,10.749262840402,2918.724737092766
1131.499999999844,171.499999999844,10.748471500167,2919.262180451280
1131.549999999844,171.549999999844,10.747680159932,2919.799584242782
1131.599999999844,171.599999999844,10.746888819697,2920.336948467273
1131.649999999844,171.649999999844,10.746097479462,2920.874273124753
1131.699999999844,171.699999999844,10.745306139227,2921.411558215220
1131.749999999844,171.749999999844,10.744514798992,2921.948803738675
1131.799999999844,171.799999999844,10.743723458757,2922.486009695119
1131.849999999844,171.849999999844,10.742932118522,2923.023176084550
1131.899999999844,171.899999999844,10.742140778287,2923.560302906973
1131.949999999844,171.949999999844,10.741349438052,2924.097390162381
1131.999999999844,171.999999999844,10.740558097816,2924.634437850777
1132.044444444444,172.044444444444,10.739854684272,2925.111780358716
1132.049999999844,172.049999999844,10.739768436239,2925.171445976824
1132.099999999844,172.099999999844,10.738992203919,2925.708414992827
1132.149999999844,172.149999999844,10.738215971600,2926.245345197217
1132.199999999844,172.199999999844,10.737439739280,2926.782236589989
1132.249999999843,172.249999999843,10.736663506961,2927.319089171135
1132.299999999843,172.299999999843,10.735887274642,2927.855902940674
1132.349999999843,172.349999999843,10.735111042322,2928.392677898598
1132.399999999843,172.399999999843,10.734334810003,2928.929414044906
1132.449999999843,172.449999999843,10.733558577683,2929.466111379597
1132.499999999843,172.499999999843,10.732782345364,2930.002769902675
1132.549999999843,172.549999999843,10.732006113045,2930.539389614135
1132.599999999843,172.599999999843,10.731229880725,2931.075970513979
1132.649999999843,172.649999999843,10.730453648406,2931.612512602207
1132.699999999843,172.699999999843,10.729677416086,2932.149015878818
1132.749999999843,172.749999999843,10.728901183767,2932.685480343816
1132.799999999843,172.799999999843,10.728124951447,2933.221905997196
1132.849999999843,172.849999999843,10.727348719128,2933.758292838960
1132.899999999843,172.899999999843,10.726572486809,2934.294640869108
1132.949999999843,172.949999999843,10.725796254489,2934.830950087640
1132.999999999843,172.999999999843,10.725020022170,2935.367220494559
1133.044444444444,173.044444444444,10.724330037883,2935.843872719794
1133.049999999842,173.049999999842,10.724245279118,2935.903452093984
1133.099999999842,173.099999999842,10.723482450206,2936.439645287219
1133.149999999842,173.149999999842,10.722719621295,2936.975800339006
1133.199999999842,173.199999999842,10.721956792383,2937.511917249347
1133.249999999842,173.249999999842,10.721193963472,2938.047996018243
1133.299999999842,173.299999999842,10.720431134560,2938.584036645694
1133.349999999842,173.349999999842,10.719668305649,2939.120039131701
1133.399999999842,173.399999999842,10.718905476737,2939.656003476260
1133.449999999842,173.449999999842,10.718142647826,2940.191929679373
1133.499999999842,173.499999999842,10.717379818914,2940.727817741041
1133.549999999842,173.549999999842,10.716616990003,2941.263667661264
1133.599999999842,173.599999999842,10.715854161091,2941.799479440043
1133.649999999842,173.649999999842,10.715091332179,2942.335253077374
1133.699999999842,173.699999999842,10.714328503268,2942.870988573260
1133.749999999842,173.749999999842,10.713565674356,2943.406685927700
1133.799999999842,173.799999999842,10.712802845445,2943.942345140694
1133.849999999842,173.849999999842,10.712040016533,2944.477966212246
1133.899999999842,173.899999999842,10.711277187622,2945.013549142349
1133.949999999842,173.949999999842,10.710514358710,2945.549093931007
1133.999999999842,173.999999999842,10.709751529798,2946.084600578219
1134.044444444444,174.044444444444,10.709073459652,2946.560574468561
1134.049999999842,174.049999999842,10.708989939817,2946.620069087427
1134.099999999842,174.099999999842,10.708238261279,2947.155499792456
1134.149999999842,174.149999999842,10.707486582741,2947.690892913556
1134.199999999842,174.199999999842,10.706734904203,2948.226248450729
1134.249999999842,174.249999999842,10.705983225665,2948.761566403975
1134.299999999842,174.299999999842,10.705231547127,2949.296846773295
1134.349999999842,174.349999999842,10.704479868589,2949.832089558690
1134.399999999842,174.399999999842,10.703728190052,2950.367294760155
1134.449999999841,174.449999999841,10.702976511514,2950.902462377684
1134.499999999841,174.499999999841,10.702224832976,2951.437592411296
1134.549999999841,174.549999999841,10.701473154438,2951.972684860981
1134.599999999841,174.599999999841,10.700721475900,2952.507739726739
1134.649999999841,174.649999999841,10.699969797362,2953.042757008570
1134.699999999841,174.699999999841,10.699218118824,2953.577736706477
1134.749999999841,174.749999999841,10.698466440286,2954.112678820454
1134.799999999841,174.799999999841,10.697714761748,2954.647583350504
1134.849999999841,174.849999999841,10.696963083210,2955.182450296628
1134.899999999841,174.899999999841,10.696211404672,2955.717279658824
1134.949999999841,174.949999999841,10.695459726134,2956.252071437096
1134.999999999841,174.999999999841,10.694708047596,2956.786825631439
1135.044444444444,175.044444444444,10.694039888893,2957.262131142834
1135.049999999841,175.049999999841,10.693957542716,2957.321542245115
1135.099999999841,175.099999999841,10.693216427108,2957.856221594360
1135.149999999841,175.149999999841,10.692475311500,2958.390863887825
1135.199999999841,175.199999999841,10.691734195891,2958.925469125512
1135.249999999840,175.249999999840,10.690993080283,2959.460037307404
1135.299999999840,175.299999999840,10.690251964675,2959.994568433529
1135.349999999840,175.349999999840,10.689510849066,2960.529062503872
1135.399999999840,175.399999999840,10.688769733458,2961.063519518435
1135.449999999840,175.449999999840,10.688028617850,2961.597939477217
1135.499999999840,175.499999999840,10.687287502241,2962.132322380219
1135.549999999840,175.549999999840,10.686546386633,2962.666668227443
1135.599999999840,175.599999999840,10.685805271025,2963.200977018884
1135.649999999840,175.649999999840,10.685064155416,2963.735248754545
1135.699999999840,175.699999999840,10.684323039808,2964.269483434425
1135.749999999840,175.749999999840,10.683581924199,2964.803681058524
1135.799999999840,175.799999999840,10.682840808591,2965.337841626846
1135.849999999840,175.849999999840,10.682099692983,2965.871965139385
1135.899999999840,175.899999999840,10.681358577374,2966.406051596143
1135.949999999840,175.949999999840,10.680617461766,2966.940100997121
1135.999999999840,175.999999999840,10.679876346158,2967.474113342319
1136.044444444444,176.044444444444,10.679217576725,2967.948759875643
1136.049999999840,176.049999999840,10.679136317662,2968.008088634758
1136.099999999840,176.099999999840,10.678404986066,2968.542027167351
1136.149999999840,176.149999999840,10.677673654471,2969.075929133363
1136.199999999840,176.199999999840,10.676942322876,2969.609794532797
1136.249999999840,176.249999999840,10.676210991281,2970.143623365650
1136.299999999840,176.299999999840,10.675479659685,2970.677415631926
1136.349999999840,176.349999999840,10.674748328090,2971.211171331620
1136.399999999840,176.399999999840,10.674016996495,2971.744890464734
1136.449999999840,176.449999999840,10.673285664899,2972.278573031268
1136.499999999840,176.499999999840,10.672554333304,2972.812219031223
1136.549999999840,176.549999999840,10.671823001709,2973.345828464600
1136.599999999840,176.599999999840,10.671091670114,2973.879401331395
1136.649999999839,176.649999999839,10.670360338518,2974.412937631601
1136.699999999839,176.699999999839,10.669629006923,2974.946437365236
1136.749999999839,176.749999999839,10.668897675328,2975.479900532292
1136.799999999839,176.799999999839,10.668166343732,2976.013327132768
1136.849999999839,176.849999999839,10.667435012137,2976.546717166665
1136.899999999839,176.899999999839,10.666703680542,2977.080070633984
1136.949999999839,176.949999999839,10.665972348946,2977.613387534720
1136.999999999839,176.999999999839,10.665241017351,2978.146667868878
1137.044444444444,177.044444444444,10.664590944819,2978.620664136416
1137.049999999839,177.049999999839,10.664510678046,2978.679911639211
1137.099999999839,177.099999999839,10.663788277065,2979.213119113088
1137.149999999839,177.149999999839,10.663065876085,2979.746290466919
1137.199999999839,177.199999999839,10.662343475104,2980.279425700699
1137.249999999839,177.249999999839,10.661621074123,2980.812524814429
1137.299999999839,177.299999999839,10.660898673142,2981.345587808110
1137.349999999839,177.349999999839,10.660176272161,2981.878614681742
1137.399999999839,177.399999999839,10.659453871181,2982.411605435328
1137.449999999838,177.449999999838,10.658731470200,2982.944560068850
1137.499999999838,177.499999999838,10.658009069219,2983.477478582337
1137.549999999838,177.549999999838,10.657286668238,2984.010360975773
1137.599999999838,177.599999999838,10.656564267257,2984.543207249160
1137.649999999838,177.649999999838,10.655841866277,2985.076017402498
1137.699999999838,177.699999999838,10.655119465296,2985.608791435786
1137.749999999838,177.749999999838,10.654397064315,2986.141529349029
1137.799999999838,177.799999999838,10.653674663334,2986.674231142219
1137.849999999838,177.849999999838,10.652952262353,2987.206896815361
1137.899999999838,177.899999999838,10.652229861372,2987.739526368454
1137.949999999838,177.949999999838,10.651507460392,2988.272119801497
1137.999999999838,177.999999999838,10.650785059411,2988.804677114495
1138.044444444444,178.044444444444,10.650142925203,2989.278031071428
1138.049999999838,178.049999999838,10.650063490907,2989.337198309753
1138.099999999838,178.099999999838,10.649348582214,2989.869683611580
1138.149999999838,178.149999999838,10.648633673522,2990.402133167973
1138.199999999838,178.199999999838,10.647918764830,2990.934546978931
1138.249999999838,178.249999999838,10.647203856138,2991.466925044457
1138.299999999838,178.299999999838,10.646488947446,2991.999267364546
1138.349999999838,178.349999999838,10.645774038753,2992.531573939200
1138.399999999838,178.399999999838,10.645059130061,2993.063844768420
1138.449999999838,178.449999999838,10.644344221369,2993.596079852205
1138.499999999838,178.499999999838,10.643629312677,2994.128279190558
1138.549999999838,178.549999999838,10.642914403985,2994.660442783475
1138.599999999838,178.599999999838,10.642199495293,2995.192570630956
1138.649999999838,178.649999999838,10.641484586600,2995.724662733003
1138.699999999838,178.699999999838,10.640769677908,2996.256719089616
1138.749999999838,178.749999999838,10.640054769216,2996.788739700796
1138.799999999838,178.799999999838,10.639339860524,2997.320724566539
1138.849999999837,178.849999999837,10.638624951832,2997.852673686838
1138.899999999837,178.899999999837,10.637910043139,2998.384587061711
1138.949999999837,178.949999999837,10.637195134447,2998.916464691151
1138.999999999837,178.999999999837,10.636480225755,2999.448306575156
1139.044444444444,179.044444444444,10.635844751360,2999.921024909710
1139.049999999837,179.049999999837,10.635766050027,2999.980112715762
1139.099999999837,179.099999999837,10.635057738010,3000.511883310464
1139.149999999837,179.149999999837,10.634349425994,3001.043618489564
1139.199999999837,179.199999999837,10.633641113977,3001.575318253063
1139.249999999837,179.249999999837,10.632932801960,3002.106982600960
1139.299999999837,179.299999999837,10.632224489944,3002.638611533258
1139.349999999837,179.349999999837,10.631516177927,3003.170205049956
1139.399999999837,179.399999999837,10.630807865911,3003.701763151052
1139.449999999837,179.449999999837,10.630099553894,3004.233285836546
1139.499999999837,179.499999999837,10.629391241878,3004.764773106440
1139.549999999837,179.549999999837,10.628682929861,3005.296224960733
1139.599999999837,179.599999999837,10.627974617845,3005.827641399428
1139.649999999836,179.649999999836,10.627266305828,3006.359022422507
1139.699999999836,179.699999999836,10.626557993811,3006.890368030000
1139.749999999836,179.749999999836,10.625849681795,3007.421678221889
1139.799999999836,179.799999999836,10.625141369778,3007.952952998178
1139.849999999836,179.849999999836,10.624433057762,3008.484192358866
1139.899999999836,179.899999999836,10.623724745745,3009.015396303953
1139.949999999836,179.949999999836,10.623016433729,3009.546564833442
1139.999999999836,179.999999999836,10.622308121712,3010.077697947328
1140.044444444444,180.044444444444,10.621678511028,3010.549786540903
1140.049999999836,180.049999999836,10.621600309657,3010.608795647001
1140.099999999836,180.099999999836,10.620896497296,3011.139858067174
1140.149999999836,180.149999999836,10.620192684936,3011.670885296730
1140.199999999836,180.199999999836,10.619488872575,3012.201877335669
1140.249999999836,180.249999999836,10.618785060214,3012.732834183989
1140.299999999836,180.299999999836,10.618081247854,3013.263755841690
1140.349999999836,180.349999999836,10.617377435493,3013.794642308773
1140.399999999836,180.399999999836,10.616673623132,3014.325493585238
1140.449999999836,180.449999999836,10.615969810772,3014.856309671088
1140.499999999836,180.499999999836,10.615265998411,3015.387090566317
1140.549999999836,180.549999999836,10.614562186050,3015.917836270928
1140.599999999836,180.599999999836,10.613858373690,3016.448546784921
1140.649999999836,180.649999999836,10.613154561329,3016.979222108296
1140.699999999836,180.699999999836,10.612450748968,3017.509862241055
1140.749999999836,180.749999999836,10.611746936608,3018.040467183194
1140.799999999836,180.799999999836,10.611043124247,3018.571036934715
1140.849999999836,180.849999999836,10.610339311886,3019.101571495617
1140.899999999836,180.899999999836,10.609635499525,3019.632070865902
1140.949999999836,180.949999999836,10.608931687165,3020.162535045572
1140.999999999836,180.999999999836,10.608227874804,3020.692964034620
1141.044444444444,181.044444444444,10.607602263814,3021.164426928324
1141.049999999835,181.049999999835,10.607524639530,3021.223357834645
1141.099999999835,181.099999999835,10.606826020949,3021.753716601156
1141.149999999835,181.149999999835,10.606127402368,3022.284040436738
1141.199999999835,181.199999999835,10.605428783787,3022.814329341392
1141.249999999835,181.249999999835,10.604730165206,3023.344583315116
1141.299999999835,181.299999999835,10.604031546625,3023.874802357914
1141.349999999835,181.349999999835,10.603332928045,3024.404986469780
1141.399999999835,181.399999999835,10.602634309464,3024.935135650718
1141.449999999835,181.449999999835,10.601935690883,3025.465249900726
1141.499999999835,181.499999999835,10.601237072302,3025.995329219805
1141.549999999835,181.549999999835,10.600538453721,3026.525373607957
1141.599999999835,181.599999999835,10.599839835140,3027.055383065178
1141.649999999835,181.649999999835,10.599141216559,3027.585357591470
1141.699999999835,181.699999999835,10.598442597978,3028.115297186833
1141.749999999835,181.749999999835,10.597743979397,3028.645201851267
1141.799999999835,181.799999999835,10.597045360816,3029.175071584775
1141.849999999834,181.849999999834,10.596346742235,3029.704906387339
1141.899999999834,181.899999999834,10.595648123655,3030.234706258988
1141.949999999834,181.949999999834,10.594949505074,3030.764471199705
1141.999999999834,181.999999999834,10.594250886493,3031.294201209494
1142.044444444444,182.044444444444,10.593629892196,3031.765043006330
1142.049999999834,182.049999999834,10.593552676808,3031.823896289489
1142.099999999834,182.099999999834,10.592857738295,3032.353556549866
1142.149999999834,182.149999999834,10.592162799783,3032.883182063320
1142.199999999834,182.199999999834,10.591467861270,3033.412772829846
1142.249999999834,182.249999999834,10.590772922757,3033.942328849446
1142.299999999834,182.299999999834,10.590077984244,3034.471850122121
1142.349999999834,182.349999999834,10.589383045732,3035.001336647870
1142.399999999834,182.399999999834,10.588688107219,3035.530788426695
1142.449999999834,182.449999999834,10.587993168706,3036.060205458593
1142.499999999834,182.499999999834,10.587298230193,3036.589587743565
1142.549999999834,182.549999999834,10.586603291681,3037.118935281611
1142.599999999834,182.599999999834,10.585908353168,3037.648248072732
1142.649999999834,182.649999999834,10.585213414655,3038.177526116930
1142.699999999834,182.699999999834,10.584518476142,3038.706769414199
1142.749999999834,182.749999999834,10.583823537629,3039.235977964543
1142.799999999834,182.799999999834,10.583128599117,3039.765151767961
1142.849999999834,182.849999999834,10.582433660604,3040.294290824454
1142.899999999834,182.899999999834,10.581738722091,3040.823395134023
1142.949999999834,182.949999999834,10.581043783578,3041.352464696664
1142.999999999834,182.999999999834,10.580348845065,3041.881499512380
1143.044444444444,183.044444444444,10.579731121941,3042.351723513398
1143.049999999834,183.049999999834,10.579654140641,3042.410499581820
1143.099999999834,183.099999999834,10.578961308928,3042.939464968058
1143.149999999834,183.149999999834,10.578268477215,3043.468395712714
1143.199999999834,183.199999999834,10.577575645502,3043.997291815781
1143.249999999833,183.249999999833,10.576882813790,3044.526153277254
1143.299999999833,183.299999999833,10.576189982077,3045.054980097150
1143.349999999833,183.349999999833,10.575497150364,3045.583772275460
1143.399999999833,183.399999999833,10.574804318651,3046.112529812185
1143.449999999833,183.449999999833,10.574111486938,3046.641252707324
1143.499999999833,183.499999999833,10.573418655225,3047.169940960880
1143.549999999833,183.549999999833,10.572726068424,3047.698594578971
1143.599999999833,183.599999999833,10.572035601195,3048.227213620711
1143.649999999833,183.649999999833,10.571345133967,3048.755798139090
1143.699999999833,183.699999999833,10.570654666738,3049.284348134107
1143.749999999833,183.749999999833,10.569964199510,3049.812863605765
1143.799999999833,183.799999999833,10.569273732282,3050.341344554059
1143.849999999833,183.849999999833,10.568583265053,3050.869790978992
1143.899999999833,183.899999999833,10.567892797825,3051.398202880564
1143.949999999833,183.949999999833,10.567202330597,3051.926580258774
1143.999999999833,183.999999999833,10.566511863368,3052.454923113625
1144.044444444444,184.044444444444,10.565898114718,3052.924532226008
1144.049999999832,184.049999999832,10.565822174691,3052.983231447263
1144.099999999832,184.099999999832,10.565138714419,3053.511505469492
1144.149999999832,184.149999999832,10.564455254149,3054.039745318706
1144.199999999832,184.199999999832,10.563771793878,3054.567950994906
1144.249999999832,184.249999999832,10.563088333607,3055.096122498093
1144.299999999832,184.299999999832,10.562404873336,3055.624259828266
1144.349999999832,184.349999999832,10.561721413064,3056.152362985428
1144.399999999832,184.399999999832,10.561037952794,3056.680431969574
1144.449999999832,184.449999999832,10.560354492522,3057.208466780706
1144.499999999832,184.499999999832,10.559671032251,3057.736467418825
1144.549999999832,184.549999999832,10.558987571980,3058.264433883930
1144.599999999832,184.599999999832,10.558304111709,3058.792366176025
1144.649999999832,184.649999999832,10.557620651438,3059.320264295103
1144.699999999832,184.699999999832,10.556937191167,3059.848128241168
1144.749999999832,184.749999999832,10.556253730896,3060.375958014219
1144.799999999832,184.799999999832,10.555570270625,3060.903753614256
1144.849999999832,184.849999999832,10.554886810354,3061.431515041283
1144.899999999832,184.899999999832,10.554203350083,3061.959242295293
1144.949999999832,184.949999999832,10.553519889812,3062.486935376290
1144.999999999832,184.999999999832,10.552836429541,3063.014594284274
1145.044444444444,185.044444444444,10.552228909298,3063.483595738016
1145.049999999832,185.049999999832,10.552153362127,3063.542219020334
1145.099999999832,185.099999999832,10.551473437571,3064.069809690329
1145.149999999832,185.149999999832,10.550793513016,3064.597366364093
1145.199999999832,185.199999999832,10.550113588460,3065.124889041630
1145.249999999832,185.249999999832,10.549433663904,3065.652377722938
1145.299999999832,185.299999999832,10.548753739348,3066.179832408019
1145.349999999832,185.349999999832,10.548073814792,3066.707253096874
1145.399999999832,185.399999999832,10.547393890236,3067.234639789500
1145.449999999831,185.449999999831,10.546713965681,3067.761992485888
1145.499999999831,185.499999999831,10.546034041125,3068.289311186058
1145.549999999831,185.549999999831,10.545354116569,3068.816595889999
1145.599999999831,185.599999999831,10.544674192013,3069.343846597713
1145.649999999831,185.649999999831,10.543994267457,3069.871063309200
1145.699999999831,185.699999999831,10.543314342901,3070.398246024461
1145.749999999831,185.749999999831,10.542634418345,3070.925394743491
1145.799999999831,185.799999999831,10.541954493790,3071.452509466294
1145.849999999831,185.849999999831,10.541274569234,3071.979590192869
1145.899999999831,185.899999999831,10.540594644678,3072.506636923216
1145.949999999831,185.949999999831,10.539914720122,3073.033649657338
1145.999999999831,185.999999999831,10.539234795566,3073.560628395230
1146.044444444444,186.044444444444,10.538630418181,3074.029025401756
1146.049999999831,186.049999999831,10.538555277799,3074.087573138024
1146.099999999831,186.099999999831,10.537879014341,3074.614483995327
1146.149999999831,186.149999999831,10.537202750883,3075.141361039457
1146.199999999831,186.199999999831,10.536526487426,3075.668204270416
1146.249999999830,186.249999999830,10.535850223968,3076.195013688189
1146.299999999830,186.299999999830,10.535173960510,3076.721789292802
1146.349999999830,186.349999999830,10.534497697052,3077.248531084241
1146.399999999830,186.399999999830,10.533821433594,3077.775239062507
1146.449999999830,186.449999999830,10.533145170136,3078.301913227599
1146.499999999830,186.499999999830,10.532468906678,3078.828553579519
1146.549999999830,186.549999999830,10.531792643221,3079.355160118269
1146.599999999830,186.599999999830,10.531116379763,3079.881732843843
1146.649999999830,186.649999999830,10.530440116305,3080.408271756244
1146.699999999830,186.699999999830,10.529763852847,3080.934776855473
1146.749999999830,186.749999999830,10.529087589389,3081.461248141528
1146.799999999830,186.799999999830,10.528411325931,3081.987685614413
1146.849999999830,186.849999999830,10.527735062474,3082.514089274122
1146.899999999830,186.899999999830,10.527058799016,3083.040459120659
1146.949999999830,186.949999999830,10.526382535558,3083.566795154023
1146.999999999830,186.999999999830,10.525706272100,3084.093097374214
1147.044444444444,187.044444444444,10.525105149024,3084.560893185358
1147.049999999830,187.049999999830,10.525030064951,3084.619365781391
1147.099999999830,187.099999999830,10.524354308273,3085.145600390721
1147.149999999830,187.149999999830,10.523678551596,3085.671801212217
1147.199999999830,187.199999999830,10.523002794918,3086.197968245880
1147.249999999830,187.249999999830,10.522327038240,3086.724101491708
1147.299999999830,187.299999999830,10.521651281562,3087.250200949705
1147.349999999830,187.349999999830,10.520975524885,3087.776266619866
1147.399999999830,187.399999999830,10.520299768207,3088.302298502193
1147.449999999830,187.449999999830,10.519624011529,3088.828296596686
1147.499999999830,187.499999999830,10.518948254851,3089.354260903344
1147.549999999830,187.549999999830,10.518272498174,3089.880191422172
1147.599999999830,187.599999999830,10.517596741496,3090.406088153163
1147.649999999829,187.649999999829,10.516920984818,3090.931951096311
1147.699999999829,187.699999999829,10.516245228140,3091.457780251635
1147.749999999829,187.749999999829,10.515569471463,3091.983575619124
1147.799999999829,187.799999999829,10.514893714785,3092.509337198780
1147.849999999829,187.849999999829,10.514217958107,3093.035064990602
1147.899999999829,187.899999999829,10.513542201429,3093.560758994592
1147.949999999829,187.949999999829,10.512866444751,3094.086419210746
1147.999999999829,187.999999999829,10.512190688074,3094.612045639066
1148.044444444444,188.044444444444,10.511590015469,3095.079240767604
1148.049999999829,188.049999999829,10.511515005287,3095.137638279758
1148.099999999829,188.099999999829,10.510839913630,3095.663197152730
1148.149999999829,188.149999999829,10.510164821973,3096.188722271122
1148.199999999829,188.199999999829,10.509489730316,3096.714213634929
1148.249999999829,188.249999999829,10.508814638659,3097.239671244153
1148.299999999829,188.299999999829,10.508139547002,3097.765095098794
1148.349999999829,188.349999999829,10.507464455345,3098.290485198852
1148.399999999829,188.399999999829,10.506789363688,3098.815841544329
1148.449999999828,188.449999999828,10.506114272031,3099.341164135210
1148.499999999828,188.499999999828,10.505439180374,3099.866452971522
1148.549999999828,188.549999999828,10.504764088717,3100.391708053249
1148.599999999828,188.599999999828,10.504088997059,3100.916929380393
1148.649999999828,188.649999999828,10.503413905402,3101.442116952954
1148.699999999828,188.699999999828,10.502738813745,3101.967270770932
1148.749999999828,188.749999999828,10.502063722088,3102.492390834330
1148.799999999828,188.799999999828,10.501388630431,3103.017477143143
1148.849999999828,188.849999999828,10.500713538774,3103.542529697372
1148.899999999828,188.899999999828,10.500038447117,3104.067548497019
1148.949999999828,188.949999999828,10.499363355460,3104.592533542083
1148.999999999828,188.999999999828,10.498688263803,3105.117484832566
1149.044444444444,189.044444444444,10.498088182327,3105.584079866503
1149.049999999828,189.049999999828,10.498013204534,3105.642402368554
1149.099999999828,189.099999999828,10.497338404369,3106.167286158777
1149.149999999828,189.149999999828,10.496663604204,3106.692136208991
1149.199999999828,189.199999999828,10.495988804039,3107.216952519196
1149.249999999828,189.249999999828,10.495314003874,3107.741735089396
1149.299999999828,189.299999999828,10.494639203709,3108.266483919585
1149.349999999828,189.349999999828,10.493964403545,3108.791199009766
1149.399999999828,189.399999999828,10.493289603380,3109.315880359939
1149.449999999828,189.449999999828,10.492614803215,3109.840527970103
1149.499999999828,189.499999999828,10.491940003050,3110.365141840262
1149.549999999828,189.549999999828,10.491265202885,3110.889721970410
1149.599999999828,189.599999999828,10.490590402720,3111.414268360550
1149.649999999828,189.649999999828,10.489915602555,3111.938781010681
1149.699999999828,189.699999999828,10.489240802390,3112.463259920804
1149.749999999828,189.749999999828,10.488566002225,3112.987705090921
1149.799999999828,189.799999999828,10.487891202061,3113.512116521028
1149.849999999827,189.849999999827,10.487216401896,3114.036494211117
1149.899999999827,189.899999999827,10.486541601731,3114.560838161207
1149.949999999827,189.949999999827,10.485866801566,3115.085148371289
1149.999999999827,189.999999999827,10.485192001401,3115.609424841363
1150.044444444444,190.044444444444,10.484592179030,3116.075420047182
1150.049999999827,190.049999999827,10.484517384568,3116.133667571938
1150.099999999827,190.099999999827,10.483844234391,3116.657876612413
1150.149999999827,190.149999999827,10.483171084215,3117.182051995378
1150.199999999827,190.199999999827,10.482497934038,3117.706193720834
1150.249999999827,190.249999999827,10.481824783861,3118.230301788781
1150.299999999827,190.299999999827,10.481151633685,3118.754376199219
1150.349999999827,190.349999999827,10.480478483508,3119.278416952151
1150.399999999827,190.399999999827,10.479805333331,3119.802424047572
1150.449999999827,190.449999999827,10.479132183155,3120.326397485483
1150.499999999827,190.499999999827,10.478459032978,3120.850337265886
1150.549999999827,190.549999999827,10.477785882801,3121.374243388780
1150.599999999827,190.599999999827,10.477112732625,3121.898115854168
1150.649999999826,190.649999999826,10.476439582448,3122.421954662032
1150.699999999826,190.699999999826,10.475766432271,3122.945759812402
1150.749999999826,190.749999999826,10.475093282095,3123.469531305261
1150.799999999826,190.799999999826,10.474420131918,3123.993269140611
1150.849999999826,190.849999999826,10.473746981741,3124.516973318452
1150.899999999826,190.899999999826,10.473073831564,3125.040643838784
1150.949999999826,190.949999999826,10.472400681388,3125.564280701609
1150.999999999826,190.999999999826,10.471727531211,3126.087883906924
1151.044444444444,191.044444444444,10.471129175496,3126.553280724445
1151.049999999826,191.049999999826,10.471054295296,3126.611453454491
1151.099999999826,191.099999999826,10.470380373470,3127.134989321210
1151.149999999826,191.149999999826,10.469706451645,3127.658491491838
1151.199999999826,191.199999999826,10.469032529819,3128.181959966376
1151.249999999826,191.249999999826,10.468358607994,3128.705394744821
1151.299999999826,191.299999999826,10.467684686169,3129.228795827175
1151.349999999826,191.349999999826,10.467010764343,3129.752163213437
1151.399999999826,191.399999999826,10.466336842518,3130.275496903608
1151.449999999826,191.449999999826,10.465662920692,3130.798796897690
1151.499999999826,191.499999999826,10.464988998867,3131.322063195679
1151.549999999826,191.549999999826,10.464315077041,3131.845295797576
1151.599999999826,191.599999999826,10.463641155216,3132.368494703382
1151.649999999826,191.649999999826,10.462967233391,3132.891659913097
1151.699999999826,191.699999999826,10.462293311565,3133.414791426722
1151.749999999826,191.749999999826,10.461619389740,3133.937889244255
1151.799999999826,191.799999999826,10.460945467914,3134.460953365695
1151.849999999826,191.849999999826,10.460271546089,3134.983983791045
1151.899999999826,191.899999999826,10.459597624264,3135.506980520303
1151.949999999826,191.949999999826,10.458923702438,3136.029943553473
1151.999999999826,191.999999999826,10.458249780613,3136.552872890549
1152.044444444444,192.044444444444,10.457650738988,3137.017670681688
1152.049999999825,192.049999999825,10.457576148657,3137.075768532329
1152.099999999825,192.099999999825,10.456904835660,3137.598630556936
1152.149999999825,192.149999999825,10.456233522663,3138.121459015894
1152.199999999825,192.199999999825,10.455562209666,3138.644253909202
1152.249999999825,192.249999999825,10.454890896669,3139.167015236860
1152.299999999825,192.299999999825,10.454219583672,3139.689742998870
1152.349999999825,192.349999999825,10.453548270676,3140.212437195229
1152.399999999825,192.399999999825,10.452876957679,3140.735097825937
1152.449999999825,192.449999999825,10.452205644682,3141.257724890996
1152.499999999825,192.499999999825,10.451534331685,3141.780318390404
1152.549999999825,192.549999999825,10.450863018688,3142.302878324166
1152.599999999825,192.599999999825,10.450191705691,3142.825404692275
1152.649999999825,192.649999999825,10.449520392694,3143.347897494734
1152.699999999825,192.699999999825,10.448849079697,3143.870356731543
1152.749999999825,192.749999999825,10.448177766700,3144.392782402703
1152.799999999825,192.799999999825,10.447506453703,3144.915174508215
1152.849999999824,192.849999999824,10.446835140706,3145.437533048063
1152.899999999824,192.899999999824,10.446163827709,3145.959858022275
1152.949999999824,192.949999999824,10.445492514712,3146.482149430835
1152.999999999824,192.999999999824,10.444821201715,3147.004407273746
1153.044444444444,193.044444444444,10.444224479049,3147.468608290707
1153.049999999824,193.049999999824,10.444150053546,3147.526631551464
1153.099999999824,193.099999999824,10.443480223995,3148.048822308402
1153.149999999824,193.149999999824,10.442810394444,3148.570979573864
1153.199999999824,193.199999999824,10.442140564893,3149.093103347847
1153.249999999824,193.249999999824,10.441470735341,3149.615193630353
1153.299999999824,193.299999999824,10.440800905790,3150.137250421380
1153.349999999824,193.349999999824,10.440131076239,3150.659273720931
1153.399999999824,193.399999999824,10.439461246688,3151.181263529006
1153.449999999824,193.449999999824,10.438791417137,3151.703219845601
1153.499999999824,193.499999999824,10.438121587586,3152.225142670718
1153.549999999824,193.549999999824,10.437451758035,3152.747032004359
1153.599999999824,193.599999999824,10.436781928484,3153.268887846521
1153.649999999824,193.649999999824,10.436112098933,3153.790710197208
1153.699999999824,193.699999999824,10.435442269382,3154.312499056416
1153.749999999824,193.749999999824,10.434772439831,3154.834254424145
1153.799999999824,193.799999999824,10.434102610280,3155.355976300398
1153.849999999824,193.849999999824,10.433432780729,3155.877664685172
1153.899999999824,193.899999999824,10.432762951178,3156.399319578472
1153.949999999824,193.949999999824,10.432093121626,3156.920940980292
1153.999999999824,193.999999999824,10.431423292075,3157.442528890634
1154.044444444444,194.044444444444,10.430827888028,3157.906134474245
1154.049999999824,194.049999999824,10.430753583698,3157.964083309835
1154.099999999824,194.099999999824,10.430084844715,3158.485604270545
1154.149999999824,194.149999999824,10.429416105731,3159.007091794308
1154.199999999824,194.199999999824,10.428747366747,3159.528545881119
1154.249999999823,194.249999999823,10.428078627763,3160.049966530972
1154.299999999823,194.299999999823,10.427409888780,3160.571353743885
1154.349999999823,194.349999999823,10.426741149796,3161.092707519848
1154.399999999823,194.399999999823,10.426072410812,3161.614027858863
1154.449999999823,194.449999999823,10.425403671828,3162.135314760929
1154.499999999823,194.499999999823,10.424734932844,3162.656568226048
1154.549999999823,194.549999999823,10.424066193861,3163.177788254215
1154.599999999823,194.599999999823,10.423397454877,3163.698974845433
1154.649999999823,194.649999999823,10.422728715893,3164.220127999701
1154.699999999823,194.699999999823,10.422059976909,3164.741247717021
1154.749999999823,194.749999999823,10.421391237925,3165.262333997393
1154.799999999823,194.799999999823,10.420722498942,3165.783386840815
1154.849999999823,194.849999999823,10.420053759958,3166.304406247287
1154.899999999823,194.899999999823,10.419385020974,3166.825392216810
1154.949999999823,194.949999999823,10.418716281990,3167.346344749383
1154.999999999823,194.999999999823,10.418047543006,3167.867263845010
1155.044444444444,195.044444444444,10.417453108352,3168.330274972434
1155.049999999822,195.049999999822,10.417378940265,3168.388149504051
1155.099999999822,195.099999999822,10.416711427459,3168.909001763247
1155.149999999822,195.149999999822,10.416043914654,3169.429820646799
1155.199999999822,195.199999999822,10.415376401849,3169.950606154711
1155.249999999822,195.249999999822,10.414708889044,3170.471358286983
1155.299999999822,195.299999999822,10.414041376239,3170.992077043614
1155.349999999822,195.349999999822,10.413373863433,3171.512762424608
1155.399999999822,195.399999999822,10.412706350628,3172.033414429959
1155.449999999822,195.449999999822,10.412038837823,3172.554033059670
1155.499999999822,195.499999999822,10.411371325018,3173.074618313741
1155.549999999822,195.549999999822,10.410703812212,3173.595170192171
1155.599999999822,195.599999999822,10.410036299407,3174.115688694963
1155.649999999822,195.649999999822,10.409368786602,3174.636173822113
1155.699999999822,195.699999999822,10.408701273797,3175.156625573622
1155.749999999822,195.749999999822,10.408033760991,3175.677043949492
1155.799999999822,195.799999999822,10.407366248186,3176.197428949721
1155.849999999822,195.849999999822,10.406698735381,3176.717780574312
1155.899999999822,195.899999999822,10.406031222576,3177.238098823260
1155.949999999822,195.949999999822,10.405363709770,3177.758383696569
1155.999999999822,195.999999999822,10.404696196965,3178.278635194237
1156.044444444444,196.044444444444,10.404102852247,3178.741052952734
1156.049999999822,196.049999999822,10.404028649561,3178.798853316168
1156.099999999822,196.099999999822,10.403360825366,3179.319038053043
1156.149999999822,196.149999999822,10.402693001171,3179.839189398706
1156.199999999822,196.199999999822,10.402025176977,3180.359307353160
1156.249999999822,196.249999999822,10.401357352782,3180.879391916403
1156.299999999822,196.299999999822,10.400689528587,3181.399443088437
1156.349999999822,196.349999999822,10.400021704392,3181.919460869263
1156.399999999822,196.399999999822,10.399353880198,3182.439445258878
1156.449999999821,196.449999999821,10.398686056003,3182.959396257273
1156.499999999821,196.499999999821,10.398018231808,3183.479313864467
1156.549999999821,196.549999999821,10.397350407613,3183.999198080453
1156.599999999821,196.599999999821,10.396684626087,3184.519048956295
1156.649999999821,196.649999999821,10.396018997298,3185.038866546879
1156.699999999821,196.699999999821,10.395354351679,3185.558650880605
1156.749999999821,196.749999999821,10.394690920165,3186.078402012401
1156.799999999821,196.799999999821,10.394027488652,3186.598119972621
1156.849999999821,196.849999999821,10.393364057139,3187.117804761265
1156.899999999821,196.899999999821,10.392700625625,3187.637456378334
1156.949999999821,196.949999999821,10.392037194112,3188.157074823829
1156.999999999821,196.999999999821,10.391373762598,3188.676660097746
1157.044444444444,197.044444444444,10.390784045695,3189.138485828674
1157.049999999821,197.049999999821,10.390710587924,3189.196212200801
1157.099999999821,197.099999999821,10.390049467959,3189.715731202197
1157.149999999821,197.149999999821,10.389388347994,3190.235217147595
1157.199999999821,197.199999999821,10.388727228030,3190.754670036998
1157.249999999820,197.249999999820,10.388066108065,3191.274089870388
1157.299999999820,197.299999999820,10.387404988100,3191.793476647794
1157.349999999820,197.349999999820,10.386743868136,3192.312830369200
1157.399999999820,197.399999999820,10.386082748171,3192.832151034607
1157.449999999820,197.449999999820,10.385421628206,3193.351438644016
1157.499999999820,197.499999999820,10.384760508242,3193.870693197426
1157.549999999820,197.549999999820,10.384099388277,3194.389914694841
1157.599999999820,197.599999999820,10.383438268312,3194.909103136255
1157.649999999820,197.649999999820,10.382777148348,3195.428258521672
1157.699999999820,197.699999999820,10.382116028383,3195.947380851089
1157.749999999820,197.749999999820,10.381454908418,3196.466470124509
1157.799999999820,197.799999999820,10.380793788454,3196.985526341933
1157.849999999820,197.849999999820,10.380132668489,3197.504549503356
1157.899999999820,197.899999999820,10.379471548524,3198.023539608781
1157.949999999820,197.949999999820,10.378810428560,3198.542496658207
1157.999999999820,197.999999999820,10.378149308595,3199.061420651636
1158.044444444444,198.044444444444,10.377563167856,3199.522658708533
1158.049999999820,198.049999999820,10.377489920784,3199.580311631916
1158.099999999820,198.099999999820,10.376830697117,3200.099169647363
1158.149999999820,198.149999999820,10.376171473450,3200.617994701627
1158.199999999820,198.199999999820,10.375512249783,3201.136786794707
1158.249999999820,198.249999999820,10.374853026116,3201.655545926604
1158.299999999820,198.299999999820,10.374193802449,3202.174272097320
1158.349999999820,198.349999999820,10.373534578782,3202.692965306851
1158.399999999820,198.399999999820,10.372875355115,3203.211625555197
1158.449999999820,198.449999999820,10.372216131448,3203.730252842361
1158.499999999820,198.499999999820,10.371556907781,3204.248847168341
1158.549999999820,198.549999999820,10.370897684115,3204.767408533140
1158.599999999819,198.599999999819,10.370238460448,3205.285936936742
1158.649999999819,198.649999999819,10.369579236781,3205.804432379175
1158.699999999819,198.699999999819,10.368920013114,3206.322894860422
1158.749999999819,198.749999999819,10.368260789447,3206.841324380485
1158.799999999819,198.799999999819,10.367601565780,3207.359720939366
1158.849999999819,198.849999999819,10.366942342113,3207.878084537062
1158.899999999819,198.899999999819,10.366283118446,3208.396415173578
1158.949999999819,198.949999999819,10.365623894779,3208.914712848908
1158.999999999819,198.999999999819,10.364964671112,3209.432977563055
1159.044444444444,199.044444444444,10.364378694517,3209.893629639719
1159.049999999819,199.049999999819,10.364305456628,3209.951209316044
1159.099999999819,199.099999999819,10.363646315604,3210.469408110349
1159.149999999819,199.149999999819,10.362987174581,3210.987573947606
1159.199999999819,199.199999999819,10.362328033558,3211.505706827809
1159.249999999819,199.249999999819,10.361668892534,3212.023806750961
1159.299999999819,199.299999999819,10.361009751511,3212.541873717062
1159.349999999819,199.349999999819,10.360350610488,3213.059907726112
1159.399999999819,199.399999999819,10.359691469464,3213.577908778112
1159.449999999818,199.449999999818,10.359032328441,3214.095876873048
1159.499999999818,199.499999999818,10.358373187418,3214.613812010946
1159.549999999818,199.549999999818,10.357714046394,3215.131714191791
1159.599999999818,199.599999999818,10.357054905371,3215.649583415585
1159.649999999818,199.649999999818,10.356395764348,3216.167419682327
1159.699999999818,199.699999999818,10.355736623324,3216.685222992019
1159.749999999818,199.749999999818,10.355077482301,3217.202993344661
1159.799999999818,199.799999999818,10.354418341278,3217.720730740250
1159.849999999818,199.849999999818,10.353759200254,3218.238435178788
1159.899999999818,199.899999999818,10.353100059231,3218.756106660274
1159.949999999818,199.949999999818,10.352440918207,3219.273745184710
1159.999999999818,199.999999999818,10.351781777184,3219.791350752096
1160.044444444444,200.044444444444,10.351195874050,3220.251416924002
1160.049999999818,200.049999999818,10.351122553469,3220.308923362199
1160.099999999818,200.099999999818,10.350462668220,3220.826462992741
1160.149999999818,200.149999999818,10.349802782970,3221.343969629021
1160.199999999818,200.199999999818,10.349142897721,3221.861443271037
1160.249999999818,200.249999999818,10.348483012472,3222.378883918794
1160.299999999818,200.299999999818,10.347823127222,3222.896291572286
1160.349999999818,200.349999999818,10.347163241973,3223.413666231515
1160.399999999818,200.399999999818,10.346503356724,3223.931007896482
1160.449999999818,200.449999999818,10.345844129163,3224.448316583629
1160.499999999818,200.499999999818,10.345186440313,3224.965592347868
1160.549999999818,200.549999999818,10.344528751463,3225.482835227662
1160.599999999818,200.599999999818,10.343871062613,3226.000045223014
1160.649999999818,200.649999999818,10.343213373763,3226.517222333923
1160.699999999818,200.699999999818,10.342555684913,3227.034366560389
1160.749999999818,200.749999999818,10.341897996063,3227.551477902416
1160.799999999817,200.799999999817,10.341240307213,3228.068556359985
1160.849999999817,200.849999999817,10.340582618363,3228.585601933127
1160.899999999817,200.899999999817,10.339924929513,3229.102614621823
1160.949999999817,200.949999999817,10.339267240663,3229.619594426077
1160.999999999817,200.999999999817,10.338609551813,3230.136541345888
1161.044444444444,201.044444444444,10.338024939500,3230.596022114250
1161.049999999817,201.049999999817,10.337952293255,3230.653455382453
1161.099999999817,201.099999999817,10.337298477028,3231.170336651712
1161.149999999817,201.149999999817,10.336644660802,3231.687185230157
1161.199999999817,201.199999999817,10.335990844576,3232.204001117791
1161.249999999817,201.249999999817,10.335337028349,3232.720784314614
1161.299999999817,201.299999999817,10.334683212123,3233.237534820625
1161.349999999817,201.349999999817,10.334029395897,3233.754252635827
1161.399999999817,201.399999999817,10.333375579670,3234.270937760216
1161.449999999817,201.449999999817,10.332721763444,3234.787590193794
1161.499999999817,201.499999999817,10.332067947218,3235.304209936560
1161.549999999817,201.549999999817,10.331414130991,3235.820796988515
1161.599999999817,201.599999999817,10.330760314765,3236.337351349660
1161.649999999816,201.649999999816,10.330106498539,3236.853873019981
1161.699999999816,201.699999999816,10.329452682312,3237.370361999504
1161.749999999816,201.749999999816,10.328798866086,3237.886818288213
1161.799999999816,201.799999999816,10.328145049860,3238.403241886112
1161.849999999816,201.849999999816,10.327491233633,3238.919632793199
1161.899999999816,201.899999999816,10.326837417407,3239.435991009474
1161.949999999816,201.949999999816,10.326183601181,3239.952316534941
1161.999999999816,201.999999999816,10.325529784954,3240.468609369594
1162.044444444444,202.044444444444,10.324948614973,3240.927508891487
1162.049999999816,202.049999999816,10.324876351121,3240.984869514497
1162.099999999816,202.099999999816,10.324225976430,3241.501097072686
1162.149999999816,202.149999999816,10.323575601739,3242.017292112139
1162.199999999816,202.199999999816,10.322925227047,3242.533454632861
1162.249999999816,202.249999999816,10.322274852356,3243.049584634845
1162.299999999816,202.299999999816,10.321624477665,3243.565682118096
1162.349999999816,202.349999999816,10.320974102974,3244.081747082611
1162.399999999816,202.399999999816,10.320323728283,3244.597779528392
1162.449999999816,202.449999999816,10.319673353592,3245.113779455441
1162.499999999816,202.499999999816,10.319022978901,3245.629746863753
1162.549999999816,202.549999999816,10.318372604210,3246.145681753330
1162.599999999816,202.599999999816,10.317722229518,3246.661584124173
1162.649999999816,202.649999999816,10.317071854827,3247.177453976281
1162.699999999816,202.699999999816,10.316421480136,3247.693291309657
1162.749999999816,202.749999999816,10.315771105445,3248.209096124296
1162.799999999816,202.799999999816,10.315120730754,3248.724868420200
1162.849999999816,202.849999999816,10.314470356063,3249.240608197370
1162.899999999816,202.899999999816,10.313819981371,3249.756315455806
1162.949999999816,202.949999999816,10.313169606680,3250.271990195509
1162.999999999815,202.999999999815,10.312519231989,3250.787632416464
1163.044444444444,203.044444444444,10.311941121150,3251.245953759549
1163.049999999815,203.049999999815,10.311869233653,3251.303242119743
1163.099999999815,203.099999999815,10.311222246158,3251.818819406738
1163.149999999815,203.149999999815,10.310575644835,3252.334364354012
1163.199999999815,203.199999999815,10.309930833269,3252.849877015964
1163.249999999815,203.249999999815,10.309286021703,3253.365357437338
1163.299999999815,203.299999999815,10.308641210138,3253.880805618136
1163.349999999815,203.349999999815,10.307996398572,3254.396221558354
1163.399999999815,203.399999999815,10.307351587006,3254.911605257993
1163.449999999815,203.449999999815,10.306706775441,3255.426956717054
1163.499999999815,203.499999999815,10.306061963875,3255.942275935536
1163.549999999815,203.549999999815,10.305417152310,3256.457562913442
1163.599999999815,203.599999999815,10.304772340744,3256.972817650768
1163.649999999815,203.649999999815,10.304127529178,3257.488040147516
1163.699999999815,203.699999999815,10.303482717613,3258.003230403685
1163.749999999815,203.749999999815,10.302837906047,3258.518388419277
1163.799999999815,203.799999999815,10.302194200964,3259.033514221954
1163.849999999814,203.849999999814,10.301551620839,3259.548607867487
1163.899999999814,203.899999999814,10.300909040715,3260.063669384027
1163.949999999814,203.949999999814,10.300266460590,3260.578698771560
1163.999999999814,203.999999999814,10.299623880466,3261.093696030086
1164.044444444444,204.044444444444,10.299052698130,3261.551444400410
1164.049999999814,204.049999999814,10.298981830073,3261.608661161077
1164.099999999814,204.099999999814,10.298344017541,3262.123594307267
1164.149999999814,204.149999999814,10.297706205009,3262.638495562832
1164.199999999814,204.199999999814,10.297068392476,3263.153364927769
1164.249999999814,204.249999999814,10.296430579944,3263.668202402079
1164.299999999814,204.299999999814,10.295792767411,3264.183007985762
1164.349999999814,204.349999999814,10.295154954879,3264.697781678819
1164.399999999814,204.399999999814,10.294517142346,3265.212523481252
1164.449999999814,204.449999999814,10.293879329814,3265.727233393055
1164.499999999814,204.499999999814,10.293241517282,3266.241911414232
1164.549999999814,204.549999999814,10.292603704749,3266.756557544782
1164.599999999814,204.599999999814,10.291965892217,3267.271171784706
1164.649999999814,204.649999999814,10.291328079684,3267.785754134005
1164.699999999814,204.699999999814,10.290690267152,3268.300304592676
1164.749999999814,204.749999999814,10.290052454620,3268.814823160720
1164.799999999814,204.799999999814,10.289414642087,3269.329309838137
1164.849999999814,204.849999999814,10.288776829555,3269.843764624928
1164.899999999814,204.899999999814,10.288139017022,3270.358187521094
1164.949999999814,204.949999999814,10.287501204490,3270.872578526631
1164.999999999814,204.999999999814,10.286863391957,3271.386937641542
1165.044444444444,205.044444444444,10.286296447482,3271.844118973216
1165.049999999814,205.049999999814,10.286226191660,3271.901264867527
1165.099999999814,205.099999999814,10.285593889241,3272.415560369549
1165.149999999814,205.149999999814,10.284961586823,3272.929824256452
1165.199999999813,205.199999999813,10.284329284405,3273.444056528220
1165.249999999813,205.249999999813,10.283696981986,3273.958257184882
1165.299999999813,205.299999999813,10.283064679568,3274.472426226420
1165.349999999813,205.349999999813,10.282432377149,3274.986563652838
1165.399999999813,205.399999999813,10.281800074731,3275.500669464135
1165.449999999813,205.449999999813,10.281167772313,3276.014743660310
1165.499999999813,205.499999999813,10.280535469894,3276.528786241367
1165.549999999813,205.549999999813,10.279903167476,3277.042797207301
1165.599999999813,205.599999999813,10.279270865057,3277.556776558114
1165.649999999813,205.649999999813,10.278638562639,3278.070724293806
1165.699999999813,205.699999999813,10.278006260221,3278.584640414377
1165.749999999813,205.749999999813,10.277374702569,3279.098524938448
1165.799999999813,205.799999999813,10.276744414676,3279.612377916379
1165.849999999813,205.849999999813,10.276114126783,3280.126199379915
1165.899999999813,205.899999999813,10.275483838890,3280.639989329056
1165.949999999813,205.949999999813,10.274853550997,3281.153747763803
1165.999999999813,205.999999999813,10.274223263104,3281.667474684157
1166.044444444444,206.044444444444,10.273663007196,3282.124094380968
1166.049999999812,206.049999999812,10.273593610160,3282.181170091867
1166.099999999812,206.099999999812,10.272969036814,3282.694834158043
1166.149999999812,206.149999999812,10.272344463468,3283.208466995549
1166.199999999812,206.199999999812,10.271719890122,3283.722068604388
1166.249999999812,206.249999999812,10.271095316776,3284.235638984560
1166.299999999812,206.299999999812,10.270470743430,3284.749178136065
1166.349999999812,206.349999999812,10.269846170083,3285.262686058905
1166.399999999812,206.399999999812,10.269221596737,3285.776162753075
1166.449999999812,206.449999999812,10.268597023391,3286.289608218578
1166.499999999812,206.499999999812,10.267972450045,3286.803022455413
1166.549999999812,206.549999999812,10.267347876699,3287.316405463581
1166.599999999812,206.599999999812,10.266723303353,3287.829757243084
1166.649999999812,206.649999999812,10.266098730007,3288.343077793918
1166.699999999812,206.699999999812,10.265474156661,3288.856367116084
1166.749999999812,206.749999999812,10.264849583315,3289.369625209583
1166.799999999812,206.799999999812,10.264225009968,3289.882852074415
1166.849999999812,206.849999999812,10.263600436622,3290.396047710581
1166.899999999812,206.899999999812,10.262975863276,3290.909212118078
1166.949999999812,206.949999999812,10.262351289930,3291.422345296908
1166.999999999812,206.999999999812,10.261726716584,3291.935447247070
1167.044444444444,207.044444444444,10.261171540274,3292.391511654703
1167.049999999812,207.049999999812,10.261102787134,3292.448517970354
1167.099999999812,207.099999999812,10.260484008856,3292.961557640255
1167.149999999812,207.149999999812,10.259865230577,3293.474566371241
1167.199999999812,207.199999999812,10.259246452299,3293.987544163312
1167.249999999812,207.249999999812,10.258627674020,3294.500491016470
1167.299999999812,207.299999999812,10.258008895742,3295.013406930713
1167.349999999812,207.349999999812,10.257390117463,3295.526291906045
1167.399999999811,207.399999999811,10.256771339184,3296.039145942449
1167.449999999811,207.449999999811,10.256152560906,3296.551969039953
1167.499999999811,207.499999999811,10.255533782627,3297.064761198541
1167.549999999811,207.549999999811,10.254915004349,3297.577522418215
1167.599999999811,207.599999999811,10.254296226070,3298.090252698975
1167.649999999811,207.649999999811,10.253677447792,3298.602952040821
1167.699999999811,207.699999999811,10.253058669513,3299.115620443756
1167.749999999811,207.749999999811,10.252439891235,3299.628257907774
1167.799999999811,207.799999999811,10.251821112956,3300.140864432878
1167.849999999811,207.849999999811,10.251202334678,3300.653440019069
1167.899999999811,207.899999999811,10.250583556399,3301.165984666345
1167.949999999811,207.949999999811,10.249964778120,3301.678498374710
1167.999999999811,207.999999999811,10.249345999842,3302.190981144158
1168.044444444444,208.044444444444,10.248795974703,3302.646495412192
1168.049999999811,208.049999999811,10.248728026661,3302.703432976929
1168.099999999811,208.099999999811,10.248116494265,3303.215854089952
1168.149999999811,208.149999999811,10.247504961868,3303.728244626355
1168.199999999811,208.199999999811,10.246893429471,3304.240604586141
1168.249999999810,208.249999999810,10.246281897074,3304.752933969292
1168.299999999810,208.299999999810,10.245670364678,3305.265232775838
1168.349999999810,208.349999999810,10.245058832281,3305.777501005761
1168.399999999810,208.399999999810,10.244447299884,3306.289738659065
1168.449999999810,208.449999999810,10.243835767488,3306.801945735749
1168.499999999810,208.499999999810,10.243224235091,3307.314122235813
1168.549999999810,208.549999999810,10.242612702694,3307.826268159259
1168.599999999810,208.599999999810,10.242001170298,3308.338383506084
1168.649999999810,208.649999999810,10.241389637901,3308.850468276288
1168.699999999810,208.699999999810,10.240778105504,3309.362522469873
1168.749999999810,208.749999999810,10.240166573107,3309.874546086838
1168.799999999810,208.799999999810,10.239555040711,3310.386539127185
1168.849999999810,208.849999999810,10.238943508314,3310.898501590910
1168.899999999810,208.899999999810,10.238331975917,3311.410433478015
1168.949999999810,208.949999999810,10.237720443521,3311.922334788501
1168.999999999810,208.999999999810,10.237108911124,3312.434205522366
1169.044444444444,209.044444444444,10.236565326769,3312.889176062928
1169.049999999810,209.049999999810,10.236498196080,3312.946045681885
1169.099999999810,209.099999999810,10.235894019855,3313.457855487283
1169.149999999810,209.149999999810,10.235289843631,3313.969635083870
1169.199999999810,209.199999999810,10.234685667407,3314.481384471645
1169.249999999810,209.249999999810,10.234081491182,3314.993103650610
1169.299999999810,209.299999999810,10.233477314958,3315.504792620765
1169.349999999810,209.349999999810,10.232873138734,3316.016451382107
1169.399999999810,209.399999999810,10.232268962510,3316.528079934637
1169.449999999810,209.449999999810,10.231664786285,3317.039678278357
1169.499999999810,209.499999999810,10.231060610061,3317.551246413265
1169.549999999810,209.549999999810,10.230456433837,3318.062784339364
1169.599999999809,209.599999999809,10.229852257612,3318.574292056638
1169.649999999809,209.649999999809,10.229248081388,3319.085769565115
1169.699999999809,209.699999999809,10.228643905164,3319.597216864778
1169.749999999809,209.749999999809,10.228039728939,3320.108633955630
1169.799999999809,209.799999999809,10.227435552715,3320.620020837671
1169.849999999809,209.849999999809,10.226831376491,3321.131377510901
1169.899999999809,209.899999999809,10.226227200267,3321.642703975322
1169.949999999809,209.949999999809,10.225623024042,3322.154000230929
1169.999999999809,209.999999999809,10.225018847818,3322.665266277726
1170.044444444444,210.044444444444,10.224481802283,3323.119699627454
1170.049999999809,210.049999999809,10.224415551557,3323.176502118155
1170.099999999809,210.099999999809,10.223820797190,3323.687708026873
1170.149999999809,210.149999999809,10.223226467205,3324.198884208485
1170.199999999809,210.199999999809,10.222632137220,3324.710030673595
1170.249999999809,210.249999999809,10.222037807234,3325.221147422205
1170.299999999809,210.299999999809,10.221443477249,3325.732234454317
1170.349999999809,210.349999999809,10.220849147264,3326.243291769930
1170.399999999809,210.399999999809,10.220254817279,3326.754319369045
1170.449999999808,210.449999999808,10.219660487294,3327.265317251648
1170.499999999808,210.499999999808,10.219066157309,3327.776285417764
1170.549999999808,210.549999999808,10.218471827324,3328.287223867380
1170.599999999808,210.599999999808,10.217877497338,3328.798132600496
1170.649999999808,210.649999999808,10.217283167353,3329.309011617113
1170.699999999808,210.699999999808,10.216688837368,3329.819860917230
1170.749999999808,210.749999999808,10.216094507383,3330.330680500851
1170.799999999808,210.799999999808,10.215500177398,3330.841470367970
1170.849999999808,210.849999999808,10.214905847413,3331.352230518590
1170.899999999808,210.899999999808,10.214311517427,3331.862960952710
1170.949999999808,210.949999999808,10.213717187442,3332.373661670331
1170.999999999808,210.999999999808,10.213122857457,3332.884332671455
1171.044444444444,211.044444444444,10.212594564135,3333.338237505002
1171.049999999808,211.049999999808,10.212529439152,3333.394973958611
1171.099999999808,211.099999999808,10.211943314289,3333.905585777446
1171.149999999808,211.149999999808,10.211357189425,3334.416168290039
1171.199999999808,211.199999999808,10.210771064562,3334.926721496388
1171.249999999808,211.249999999808,10.210184939699,3335.437245396496
1171.299999999808,211.299999999808,10.209598814835,3335.947739990359
1171.349999999808,211.349999999808,10.209012689972,3336.458205277979
1171.399999999808,211.399999999808,10.208426565109,3336.968641259356
1171.449999999808,211.449999999808,10.207840440245,3337.479047934489
1171.499999999808,211.499999999808,10.207254315382,3337.989425303381
1171.549999999808,211.549999999808,10.206668190518,3338.499773366028
1171.599999999808,211.599999999808,10.206082065655,3339.010092122432
1171.649999999808,211.649999999808,10.205495940792,3339.520381572593
1171.699999999808,211.699999999808,10.204909815928,3340.030641716510
1171.749999999808,211.749999999808,10.204323691065,3340.540872554187
1171.799999999807,211.799999999807,10.203737566202,3341.051074085607
1171.849999999807,211.849999999807,10.203151441338,3341.561246310797
1171.899999999807,211.899999999807,10.202565316475,3342.071389229742
1171.949999999807,211.949999999807,10.201979191611,3342.581502842444
1171.999999999807,211.999999999807,10.201393066748,3343.091587148902
1172.044444444444,212.044444444444,10.200872066867,3343.544970820503
1172.049999999807,212.049999999807,10.200807823936,3343.601642151567
1172.099999999807,212.099999999807,10.200229637535,3344.111668088106
1172.149999999807,212.149999999807,10.199651451134,3344.621665115322
1172.199999999807,212.199999999807,10.199073264734,3345.131633233219
1172.249999999807,212.249999999807,10.198495078333,3345.641572441795
1172.299999999807,212.299999999807,10.197916891932,3346.151482741051
1172.349999999807,212.349999999807,10.197338705532,3346.661364130990
1172.399999999807,212.399999999807,10.196760519131,3347.171216611606
1172.449999999807,212.449999999807,10.196182332730,3347.681040182902
1172.499999999807,212.499999999807,10.195604146329,3348.190834844878
1172.549999999807,212.549999999807,10.195025959928,3348.700600597534
1172.599999999807,212.599999999807,10.194447773528,3349.210337440872
1172.649999999806,212.649999999806,10.193869587127,3349.720045374876
1172.699999999806,212.699999999806,10.193291400726,3350.229724399574
1172.749999999806,212.749999999806,10.192713214325,3350.739374514950
1172.799999999806,212.799999999806,10.192135027925,3351.248995721006
1172.849999999806,212.849999999806,10.191556841524,3351.758588017742
1172.899999999806,212.899999999806,10.190978655123,3352.268151405157
1172.949999999806,212.949999999806,10.190400468722,3352.777685883255
1172.999999999806,212.999999999806,10.189822282322,3353.287191452031
1173.044444444444,213.044444444444,10.189308338852,3353.740061023363
1173.049999999806,213.049999999806,10.189245033982,3353.796668114092
1173.099999999806,213.099999999806,10.188675290136,3354.306116122195
1173.149999999806,213.149999999806,10.188105546290,3354.815535643105
1173.199999999806,213.199999999806,10.187535802443,3355.324926676825
1173.249999999806,213.249999999806,10.186966058597,3355.834289223351
1173.299999999806,213.299999999806,10.186396314750,3356.343623282684
1173.349999999806,213.349999999806,10.185826570904,3356.852928854825
1173.399999999806,213.399999999806,10.185256827058,3357.362205939774
1173.449999999806,213.449999999806,10.184687083211,3357.871454537532
1173.499999999806,213.499999999806,10.184117339365,3358.380674648096
1173.549999999806,213.549999999806,10.183547595518,3358.889866271467
1173.599999999806,213.599999999806,10.182977851672,3359.399029407647
1173.649999999806,213.649999999806,10.182408107825,3359.908164056634
1173.699999999806,213.699999999806,10.181838363979,3360.417270218431
1173.749999999806,213.749999999806,10.181268620132,3360.926347893033
1173.799999999806,213.799999999806,10.180698876286,3361.435397080443
1173.849999999806,213.849999999806,10.180129132440,3361.944417780660
1173.899999999806,213.899999999806,10.179559388593,3362.453409993686
1173.949999999806,213.949999999806,10.178989644747,3362.962373719521
1173.999999999805,213.999999999805,10.178420994246,3363.471308985484
1174.044444444444,214.044444444444,10.177916243310,3363.923672037189
1174.049999999805,214.049999999805,10.177854111545,3363.980215841751
1174.099999999805,214.099999999805,10.177294925640,3364.489094567680
1174.149999999805,214.149999999805,10.176735739734,3364.997945334313
1174.199999999805,214.199999999805,10.176176553829,3365.506768141652
1174.249999999805,214.249999999805,10.175617367924,3366.015562989695
1174.299999999805,214.299999999805,10.175058182019,3366.524329878446
1174.349999999805,214.349999999805,10.174498996113,3367.033068807898
1174.399999999805,214.399999999805,10.173939810208,3367.541779778056
1174.449999999805,214.449999999805,10.173380624303,3368.050462788918
1174.499999999805,214.499999999805,10.172821438398,3368.559117840485
1174.549999999805,214.549999999805,10.172262252492,3369.067744932760
1174.599999999805,214.599999999805,10.171703066587,3369.576344065736
1174.649999999805,214.649999999805,10.171143880682,3370.084915239417
1174.699999999805,214.699999999805,10.170584694777,3370.593458453803
1174.749999999805,214.749999999805,10.170025508872,3371.101973708894
1174.799999999805,214.799999999805,10.169466322966,3371.610461004692
1174.849999999804,214.849999999804,10.168907137061,3372.118920341180
1174.899999999804,214.899999999804,10.168347951156,3372.627351718388
1174.949999999804,214.949999999804,10.167788765251,3373.135755136298
1174.999999999804,214.999999999804,10.167229579345,3373.644130594912
1175.044444444444,215.044444444444,10.166732525205,3374.095996421446
1175.049999999804,215.049999999804,10.166671378948,3374.152478096968
1175.099999999804,215.099999999804,10.166121062616,3374.660797908007
1175.149999999804,215.149999999804,10.165570746284,3375.169090203231
1175.199999999804,215.199999999804,10.165020429952,3375.677354982637
1175.249999999804,215.249999999804,10.164470113621,3376.185592246226
1175.299999999804,215.299999999804,10.163919797289,3376.693801993998
1175.349999999804,215.349999999804,10.163369480957,3377.201984225954
1175.399999999804,215.399999999804,10.162819164625,3377.710138942095
1175.449999999804,215.449999999804,10.162268848293,3378.218266142418
1175.499999999804,215.499999999804,10.161718531961,3378.726365826923
1175.549999999804,215.549999999804,10.161168215629,3379.234437995613
1175.599999999804,215.599999999804,10.160617899297,3379.742482648485
1175.649999999804,215.649999999804,10.160067582965,3380.250499785544
1175.699999999804,215.699999999804,10.159517266633,3380.758489406783
1175.749999999804,215.749999999804,10.158966950301,3381.266451512206
1175.799999999804,215.799999999804,10.158416633969,3381.774386101813
1175.849999999804,215.849999999804,10.157866317638,3382.282293175602
1175.899999999804,215.899999999804,10.157316001306,3382.790172733577
1175.949999999804,215.949999999804,10.156765684974,3383.298024775734
1175.999999999804,215.999999999804,10.156215368642,3383.805849302074
1176.044444444444,216.044444444444,10.155726198567,3384.257225783332
1176.049999999804,216.049999999804,10.155666043122,3384.313646315350
1176.099999999804,216.099999999804,10.155124644097,3384.821416082530
1176.149999999804,216.149999999804,10.154583245073,3385.329158779761
1176.199999999803,216.199999999803,10.154041846049,3385.836874407027
1176.249999999803,216.249999999803,10.153500447024,3386.344562964355
1176.299999999803,216.299999999803,10.152959048000,3386.852224451730
1176.349999999803,216.349999999803,10.152417648976,3387.359858869154
1176.399999999803,216.399999999803,10.151876249951,3387.867466216627
1176.449999999803,216.449999999803,10.151334850927,3388.375046494149
1176.499999999803,216.499999999803,10.150793451903,3388.882599701721
1176.549999999803,216.549999999803,10.150252052878,3389.390125839340
1176.599999999803,216.599999999803,10.149710653854,3389.897624907008
1176.649999999803,216.649999999803,10.149169254830,3390.405096904725
1176.699999999803,216.699999999803,10.148627855805,3390.912541832490
1176.749999999803,216.749999999803,10.148086456781,3391.419959690307
1176.799999999803,216.799999999803,10.147545057757,3391.927350478170
1176.849999999803,216.849999999803,10.147003658732,3392.434714196082
1176.899999999803,216.899999999803,10.146462259708,3392.942050844042
1176.949999999803,216.949999999803,10.145920860683,3393.449360422052
1176.999999999803,216.999999999803,10.145379461659,3393.956642930112
1177.044444444444,217.044444444444,10.144898218080,3394.407537991655
1177.049999999802,217.049999999802,10.144839113320,3394.463898371126
1177.099999999802,217.099999999802,10.144307170467,3394.971127028223
1177.149999999802,217.149999999802,10.143775227614,3395.478329088174
1177.199999999802,217.199999999802,10.143243284760,3395.985504550983
1177.249999999802,217.249999999802,10.142711341907,3396.492653416649
1177.299999999802,217.299999999802,10.142179399054,3396.999775685173
1177.349999999802,217.349999999802,10.141647456200,3397.506871356556
1177.399999999802,217.399999999802,10.141115513347,3398.013940430794
1177.449999999802,217.449999999802,10.140583570494,3398.520982907890
1177.499999999802,217.499999999802,10.140051627640,3399.027998787843
1177.549999999802,217.549999999802,10.139519684787,3399.534988070653
1177.599999999802,217.599999999802,10.138987741933,3400.041950756323
1177.649999999802,217.649999999802,10.138455799080,3400.548886844848
1177.699999999802,217.699999999802,10.137923856227,3401.055796336230
1177.749999999802,217.749999999802,10.137391913373,3401.562679230470
1177.799999999802,217.799999999802,10.136859970520,3402.069535527567
1177.849999999802,217.849999999802,10.136328027666,3402.576365227523
1177.899999999802,217.899999999802,10.135796084813,3403.083168330335
1177.949999999802,217.949999999802,10.135264141960,3403.589944836003
1177.999999999802,217.999999999802,10.134732199106,3404.096694744529
1178.044444444444,218.044444444444,10.134259361012,3404.547116781202
1178.049999999802,218.049999999802,10.134201421692,3404.603418059150
1178.099999999802,218.099999999802,10.133679967788,3405.110115093889
1178.149999999802,218.149999999802,10.133158513885,3405.616786055931
1178.199999999802,218.199999999802,10.132637059981,3406.123430945277
1178.249999999802,218.249999999802,10.132115606078,3406.630049761928
1178.299999999802,218.299999999802,10.131594152174,3407.136642505884
1178.349999999802,218.349999999802,10.131072698271,3407.643209177147
1178.399999999801,218.399999999801,10.130551244367,3408.149749775701
1178.449999999801,218.449999999801,10.130029790464,3408.656264301574
1178.499999999801,218.499999999801,10.129508336560,3409.162752754749
1178.549999999801,218.549999999801,10.128986882657,3409.669215135229
1178.599999999801,218.599999999801,10.128465428753,3410.175651443014
1178.649999999801,218.649999999801,10.127943974850,3410.682061678104
1178.699999999801,218.699999999801,10.127422520946,3411.188445840501
1178.749999999801,218.749999999801,10.126901067043,3411.694803930200
1178.799999999801,218.799999999801,10.126379613139,3412.201135947204
1178.849999999801,218.849999999801,10.125858159236,3412.707441891514
1178.899999999801,218.899999999801,10.125336705332,3413.213721763128
1178.949999999801,218.949999999801,10.124815251429,3413.719975562049
1178.999999999801,218.999999999801,10.124293797525,3414.226203288272
1179.044444444444,219.044444444444,10.123830282942,3414.676161603181
1179.049999999801,219.049999999801,10.123773440888,3414.732404944848
1179.099999999801,219.099999999801,10.123261862385,3415.238580827429
1179.149999999801,219.149999999801,10.122750283881,3415.744731131086
1179.199999999801,219.199999999801,10.122238705378,3416.250855855819
1179.249999999800,219.249999999800,10.121727126874,3416.756955001613
1179.299999999800,219.299999999800,10.121215548371,3417.263028568496
1179.349999999800,219.349999999800,10.120703969867,3417.769076556452
1179.399999999800,219.399999999800,10.120192391363,3418.275098965482
1179.449999999800,219.449999999800,10.119680812860,3418.781095795587
1179.499999999800,219.499999999800,10.119169234356,3419.287067046767
1179.549999999800,219.549999999800,10.118657655853,3419.793012719024
1179.599999999800,219.599999999800,10.118146077349,3420.298932812354
1179.649999999800,219.649999999800,10.117634498845,3420.804827326758
1179.699999999800,219.699999999800,10.117122920342,3421.310696262237
1179.749999999800,219.749999999800,10.116611341838,3421.816539618791
1179.799999999800,219.799999999800,10.116099763335,3422.322357396422
1179.849999999800,219.849999999800,10.115588184831,3422.828149595126
1179.899999999800,219.899999999800,10.115076606327,3423.333916214905
1179.949999999800,219.949999999800,10.114565027824,3423.839657255758
1179.999999999800,219.999999999800,10.114053449320,3424.345372717686
1180.044444444444,220.044444444444,10.113598712870,3424.794876101088
1180.049999999800,220.049999999800,10.113543115454,3424.851062604149
1180.099999999800,220.099999999800,10.113042738690,3425.356727250502
1180.149999999800,220.149999999800,10.112542361926,3425.862366878017
1180.199999999800,220.199999999800,10.112041985161,3426.367981486694
1180.249999999800,220.249999999800,10.111541608397,3426.873571076532
1180.299999999800,220.299999999800,10.111041231633,3427.379135647535
1180.349999999800,220.349999999800,10.110540854868,3427.884675199697
1180.399999999800,220.399999999800,10.110040478104,3428.390189733021
1180.449999999800,220.449999999800,10.109540101340,3428.895679247507
1180.499999999800,220.499999999800,10.109039724575,3429.401143743155
1180.549999999800,220.549999999800,10.108539347811,3429.906583219966
1180.599999999799,220.599999999799,10.108038971047,3430.411997677926
1180.649999999799,220.649999999799,10.107538594283,3430.917387117061
1180.699999999799,220.699999999799,10.107038217518,3431.422751537355
1180.749999999799,220.749999999799,10.106537840754,3431.928090938811
1180.799999999799,220.799999999799,10.106037463990,3432.433405321429
1180.849999999799,220.849999999799,10.105537087225,3432.938694685209
1180.899999999799,220.899999999799,10.105036710461,3433.443959030153
1180.949999999799,220.949999999799,10.104536333697,3433.949198356257
1180.999999999799,220.999999999799,10.104035956933,3434.454412663522
1181.044444444444,221.044444444444,10.103591177584,3434.903471046316
1181.049999999799,221.049999999799,10.103537130836,3434.959601956256
1181.099999999799,221.099999999799,10.103050710080,3435.464766652279
1181.149999999799,221.149999999799,10.102564289325,3435.969907027266
1181.199999999799,221.199999999799,10.102077868569,3436.475023081213
1181.249999999799,221.249999999799,10.101591447814,3436.980114814122
1181.299999999799,221.299999999799,10.101105027058,3437.485182225993
1181.349999999799,221.349999999799,10.100618606303,3437.990225316827
1181.399999999799,221.399999999799,10.100132185547,3438.495244086625
1181.449999999798,221.449999999798,10.099645764791,3439.000238535371
1181.499999999798,221.499999999798,10.099159344036,3439.505208663094
1181.549999999798,221.549999999798,10.098672923280,3440.010154469776
1181.599999999798,221.599999999798,10.098186502525,3440.515075955421
1181.649999999798,221.649999999798,10.097700081769,3441.019973120028
1181.699999999798,221.699999999798,10.097213661014,3441.524845963597
1181.749999999798,221.749999999798,10.096727240258,3442.029694486131
1181.799999999798,221.799999999798,10.096240819503,3442.534518687625
1181.849999999798,221.849999999798,10.095754398747,3443.039318568080
1181.899999999798,221.899999999798,10.095267977992,3443.544094127498
1181.949999999798,221.949999999798,10.094781557236,3444.048845365879
1181.999999999798,221.999999999798,10.094295136480,3444.553572283223
1182.044444444444,222.044444444444,10.093862762473,3445.002198016345
1182.049999999798,222.049999999798,10.093809752574,3445.058274882408
1182.099999999798,222.099999999798,10.093332663460,3445.562953442809
1182.149999999798,222.149999999798,10.092855574347,3446.067608148753
1182.199999999798,222.199999999798,10.092378485233,3446.572239000242
1182.249999999798,222.249999999798,10.091901396120,3447.076845997278
1182.299999999798,222.299999999798,10.091424307006,3447.581429139856
1182.349999999798,222.349999999798,10.090947217893,3448.085988427978
1182.399999999798,222.399999999798,10.090470128780,3448.590523861644
1182.449999999798,222.449999999798,10.089993039666,3449.095035440855
1182.499999999798,222.499999999798,10.089515950552,3449.599523165612
1182.549999999798,222.549999999798,10.089038861439,3450.103987035911
1182.599999999798,222.599999999798,10.088561772325,3450.608427051755
1182.649999999798,222.649999999798,10.088084683212,3451.112843213143
1182.699999999798,222.699999999798,10.087608690355,3451.617235547481
1182.749999999798,222.749999999798,10.087133161138,3452.121604093771
1182.799999999797,222.799999999797,10.086657631922,3452.625948863585
1182.849999999797,222.849999999797,10.086182102705,3453.130269856953
1182.899999999797,222.899999999797,10.085706573489,3453.634567073857
1182.949999999797,222.949999999797,10.085231044272,3454.138840514301
1182.999999999797,222.999999999797,10.084755515056,3454.643090178283
1183.044444444444,223.044444444444,10.084332822417,3455.091292143381
1183.049999999797,223.049999999797,10.084281022970,3455.147316068686
1183.099999999797,223.099999999797,10.083814827931,3455.651518464960
1183.149999999797,223.149999999797,10.083348632892,3456.155697551480
1183.199999999797,223.199999999797,10.082882437853,3456.659853328249
1183.249999999797,223.249999999797,10.082416242813,3457.163985795265
1183.299999999797,223.299999999797,10.081950047774,3457.668094952529
1183.349999999797,223.349999999797,10.081483852735,3458.172180800043
1183.399999999797,223.399999999797,10.081017657696,3458.676243337804
1183.449999999797,223.449999999797,10.080551462657,3459.180282565812
1183.499999999797,223.499999999797,10.080085267618,3459.684298484069
1183.549999999797,223.549999999797,10.079619072579,3460.188291092573
1183.599999999797,223.599999999797,10.079152877539,3460.692260391328
1183.649999999796,223.649999999796,10.078686682500,3461.196206380317
1183.699999999796,223.699999999796,10.078220487461,3461.700129059568
1183.749999999796,223.749999999796,10.077754292422,3462.204028429065
1183.799999999796,223.799999999796,10.077288097383,3462.707904488809
1183.849999999796,223.849999999796,10.076821902344,3463.211757238802
1183.899999999796,223.899999999796,10.076355707305,3463.715586679043
1183.949999999796,223.949999999796,10.075889512265,3464.219392809534
1183.999999999796,223.999999999796,10.075423317226,3464.723175630271
1184.044444444444,224.044444444444,10.075008921634,3465.170963015407
1184.049999999796,224.049999999796,10.074958104900,3465.226935143985
1184.099999999796,224.099999999796,10.074500754282,3465.730671615464
1184.149999999796,224.149999999796,10.074043403663,3466.234385219413
1184.199999999796,224.199999999796,10.073586053045,3466.738075955832
1184.249999999796,224.249999999796,10.073128702426,3467.241743824718
1184.299999999796,224.299999999796,10.072671351807,3467.745388826074
1184.349999999796,224.349999999796,10.072214001189,3468.249010959898
1184.399999999796,224.399999999796,10.071756650570,3468.752610226192
1184.449999999796,224.449999999796,10.071299299951,3469.256186624957
1184.499999999796,224.499999999796,10.070841949333,3469.759740156188
1184.549999999796,224.549999999796,10.070384598714,3470.263270819889
1184.599999999796,224.599999999796,10.069927248095,3470.766778616059
1184.649999999796,224.649999999796,10.069469897477,3471.270263544698
1184.699999999796,224.699999999796,10.069012546858,3471.773725605808
1184.749999999796,224.749999999796,10.068555196239,3472.277164799385
1184.799999999796,224.799999999796,10.068097845621,3472.780581125431
1184.849999999796,224.849999999796,10.067640495002,3473.283974583946
1184.899999999796,224.899999999796,10.067183144384,3473.787345174930
1184.949999999796,224.949999999796,10.066725793765,3474.290692898385
1184.999999999795,224.999999999795,10.066268443146,3474.794017754296
1185.044444444444,225.044444444444,10.065861909261,3475.241398430854
1185.049999999795,225.049999999795,10.065812013114,3475.297319745247
1185.099999999795,225.099999999795,10.065362947776,3475.800599119269
1185.149999999795,225.149999999795,10.064913882438,3476.303856040024
1185.199999999795,225.199999999795,10.064464817100,3476.807090507511
1185.249999999795,225.249999999795,10.064015751761,3477.310302521732
1185.299999999795,225.299999999795,10.063566686423,3477.813492082689
1185.349999999795,225.349999999795,10.063117621085,3478.316659190376
1185.399999999795,225.399999999795,10.062668555747,3478.819803844796
1185.449999999795,225.449999999795,10.062219490409,3479.322926045950
1185.499999999795,225.499999999795,10.061770425070,3479.826025793836
1185.549999999795,225.549999999795,10.061321359732,3480.329103088458
1185.599999999795,225.599999999795,10.060872294394,3480.832157929811
1185.649999999795,225.649999999795,10.060423229056,3481.335190317897
1185.699999999795,225.699999999795,10.059974163718,3481.838200252716
1185.749999999795,225.749999999795,10.059525098379,3482.341187734268
1185.799999999795,225.799999999795,10.059076033041,3482.844152762555
1185.849999999794,225.849999999794,10.058626967703,3483.347095337562
1185.899999999794,225.899999999794,10.058177902365,3483.850015459315
1185.949999999794,225.949999999794,10.057728837027,3484.352913127800
1185.999999999794,225.999999999794,10.057279771688,3484.855788343017
1186.044444444444,226.044444444444,10.056880602497,3485.302769686733
1186.049999999794,226.049999999794,10.056831490989,3485.358641107147
1186.099999999794,226.099999999794,10.056389487406,3485.861471631607
1186.149999999794,226.149999999794,10.055947483822,3486.364280055890
1186.199999999794,226.199999999794,10.055505480238,3486.867066379991
1186.249999999794,226.249999999794,10.055063476654,3487.369830603913
1186.299999999794,226.299999999794,10.054621473070,3487.872572727656
1186.349999999794,226.349999999794,10.054179469486,3488.375292751219
1186.399999999794,226.399999999794,10.053737465902,3488.877990674606
1186.449999999794,226.449999999794,10.053295462318,3489.380666497811
1186.499999999794,226.499999999794,10.052853458734,3489.883320220837
1186.549999999794,226.549999999794,10.052411455150,3490.385951843684
1186.599999999794,226.599999999794,10.051969451566,3490.888561366351
1186.649999999794,226.649999999794,10.051527447983,3491.391148788842
1186.699999999794,226.699999999794,10.051085444399,3491.893714111151
1186.749999999794,226.749999999794,10.050643440815,3492.396257333281
1186.799999999794,226.799999999794,10.050201437231,3492.898778455232
1186.849999999794,226.849999999794,10.049759433647,3493.401277477004
1186.899999999794,226.899999999794,10.049317430063,3493.903754398599
1186.949999999794,226.949999999794,10.048875426479,3494.406209220012
1186.999999999794,226.999999999794,10.048433422895,3494.908641941246
1187.044444444444,227.044444444444,10.048040530819,3495.355230253394
1187.049999999794,227.049999999794,10.047992262764,3495.411052564644
1187.099999999794,227.099999999794,10.047557850258,3495.913441317469
1187.149999999794,227.149999999794,10.047123437751,3496.415808349671
1187.199999999793,227.199999999793,10.046689025244,3496.918153661234
1187.249999999793,227.249999999793,10.046254612737,3497.420477252185
1187.299999999793,227.299999999793,10.045820200231,3497.922779122509
1187.349999999793,227.349999999793,10.045385787724,3498.425059272207
1187.399999999793,227.399999999793,10.044951375217,3498.927317701281
1187.449999999793,227.449999999793,10.044516962711,3499.429554409728
1187.499999999793,227.499999999793,10.044082550204,3499.931769397553
1187.549999999793,227.549999999793,10.043648137697,3500.433962664750
1187.599999999793,227.599999999793,10.043213725190,3500.936134211322
1187.649999999793,227.649999999793,10.042779312684,3501.438284037268
1187.699999999793,227.699999999793,10.042344900177,3501.940412142589
1187.749999999793,227.749999999793,10.041910487670,3502.442518527287
1187.799999999793,227.799999999793,10.041476075164,3502.944603191358
1187.849999999793,227.849999999793,10.041041662657,3503.446666134803
1187.899999999793,227.899999999793,10.040607250150,3503.948707357622
1187.949999999793,227.949999999793,10.040172837643,3504.450726859817
1187.999999999793,227.999999999793,10.039738425137,3504.952724641388
1188.044444444444,228.044444444444,10.039352280684,3505.398926659146
1188.049999999792,228.049999999792,10.039304962517,3505.454700704959
1188.099999999792,228.099999999792,10.038879098994,3505.956655306499
1188.149999999792,228.149999999792,10.038453235471,3506.458588614860
1188.199999999792,228.199999999792,10.038027371948,3506.960500630045
1188.249999999792,228.249999999792,10.037601508425,3507.462391352054
1188.299999999792,228.299999999792,10.037175644902,3507.964260780886
1188.349999999792,228.349999999792,10.036749781379,3508.466108916545
1188.399999999792,228.399999999792,10.036323917856,3508.967935759026
1188.449999999792,228.449999999792,10.035898054333,3509.469741308330
1188.499999999792,228.499999999792,10.035472190810,3509.971525564458
1188.549999999792,228.549999999792,10.035046327287,3510.473288527410
1188.599999999792,228.599999999792,10.034620463764,3510.975030197189
1188.649999999792,228.649999999792,10.034194600241,3511.476750573788
1188.699999999792,228.699999999792,10.033768736718,3511.978449657212
1188.749999999792,228.749999999792,10.033342873195,3512.480127447459
1188.799999999792,228.799999999792,10.032917009672,3512.981783944530
1188.849999999792,228.849999999792,10.032491146149,3513.483419148427
1188.899999999792,228.899999999792,10.032065282626,3513.985033059146
1188.949999999792,228.949999999792,10.031639419103,3514.486625676689
1188.999999999792,228.999999999792,10.031213555580,3514.988197001056
1189.044444444444,229.044444444444,10.030835010224,3515.434020304601
1189.049999999792,229.049999999792,10.030788668477,3515.489747034958
1189.099999999792,229.099999999792,10.030371592732,3515.991276041490
1189.149999999792,229.149999999792,10.029954516988,3516.492784194233
1189.199999999792,229.199999999792,10.029537441243,3516.994271493189
1189.249999999792,229.249999999792,10.029120365499,3517.495737938357
1189.299999999792,229.299999999792,10.028703289754,3517.997183529738
1189.349999999792,229.349999999792,10.028286214009,3518.498608267334
1189.399999999791,229.399999999791,10.027869138265,3519.000012151128
1189.449999999791,229.449999999791,10.027452062520,3519.501395181150
1189.499999999791,229.499999999791,10.027034986776,3520.002757357382
1189.549999999791,229.549999999791,10.026617911031,3520.504098679826
1189.599999999791,229.599999999791,10.026200835287,3521.005419148484
1189.649999999791,229.649999999791,10.025783759542,3521.506718763354
1189.699999999791,229.699999999791,10.025366683798,3522.007997524439
1189.749999999791,229.749999999791,10.024949608053,3522.509255431735
1189.799999999791,229.799999999791,10.024532532309,3523.010492485244
1189.849999999791,229.849999999791,10.024115456564,3523.511708684965
1189.899999999791,229.899999999791,10.023698380820,3524.012904030900
1189.949999999791,229.949999999791,10.023281305075,3524.514078523049
1189.999999999791,229.999999999791,10.022864229330,3525.015232161409
1190.044444444444,230.044444444444,10.022493495334,3525.460684557380
1190.049999999791,230.049999999791,10.022448097666,3525.516364948603
1190.099999999791,230.099999999791,10.022039518642,3526.017477139011
1190.149999999791,230.149999999791,10.021630939618,3526.518568900467
1190.199999999791,230.199999999791,10.021222360593,3527.019640232974
1190.249999999790,230.249999999790,10.020813781569,3527.520691136516
1190.299999999790,230.299999999790,10.020405202545,3528.021721611121
1190.349999999790,230.349999999790,10.019996623521,3528.522731656772
1190.399999999790,230.399999999790,10.019588044497,3529.023721273472
1190.449999999790,230.449999999790,10.019179465473,3529.524690461221
1190.499999999790,230.499999999790,10.018770886449,3530.025639220019
1190.549999999790,230.549999999790,10.018362307424,3530.526567549867
1190.599999999790,230.599999999790,10.017953728400,3531.027475450762
1190.649999999790,230.649999999790,10.017545149376,3531.528362922706
1190.699999999790,230.699999999790,10.017136570352,3532.029229965699
1190.749999999790,230.749999999790,10.016727991328,3532.530076579741
1190.799999999790,230.799999999790,10.016319412304,3533.030902764833
1190.849999999790,230.849999999790,10.015910833279,3533.531708520972
1190.899999999790,230.899999999790,10.015502254255,3534.032493848160
1190.949999999790,230.949999999790,10.015093675231,3534.533258746397
1190.999999999790,230.999999999790,10.014685096207,3535.034003215682
1191.044444444444,231.044444444444,10.014321914850,3535.479092262472
1191.049999999790,231.049999999790,10.014277472206,3535.534727258672
1191.099999999790,231.099999999790,10.013877488387,3536.035431132686
1191.149999999790,231.149999999790,10.013477504568,3536.536115007510
1191.199999999790,231.199999999790,10.013077520750,3537.036778883143
1191.249999999790,231.249999999790,10.012677536931,3537.537422759584
1191.299999999790,231.299999999790,10.012277553112,3538.038046636837
1191.349999999790,231.349999999790,10.011877569294,3538.538650514897
1191.399999999790,231.399999999790,10.011477585475,3539.039234393766
1191.449999999790,231.449999999790,10.011077601656,3539.539798273444
1191.499999999790,231.499999999790,10.010677617837,3540.040342153931
1191.549999999790,231.549999999790,10.010277634019,3540.540866035229
1191.599999999789,231.599999999789,10.009877650200,3541.041369917323
1191.649999999789,231.649999999789,10.009477666381,3541.541853800239
1191.699999999789,231.699999999789,10.009077682563,3542.042317683962
1191.749999999789,231.749999999789,10.008677698744,3542.542761568494
1191.799999999789,231.799999999789,10.008277714925,3543.043185453836
1191.849999999789,231.849999999789,10.007877731107,3543.543589339986
1191.899999999789,231.899999999789,10.007477747288,3544.043973226947
1191.949999999789,231.949999999789,10.007077763469,3544.544337114716
1191.999999999789,231.999999999789,10.006677779651,3545.044681003293
1192.044444444444,232.044444444444,10.006322238477,3545.489414339137
1192.049999999789,232.049999999789,10.006278727251,3545.545004895267
1192.099999999789,232.099999999789,10.005887126209,3546.045309041603
1192.149999999789,232.149999999789,10.005495525166,3546.545593607889
1192.199999999789,232.199999999789,10.005103924123,3547.045858594121
1192.249999999789,232.249999999789,10.004712323080,3547.546104000301
1192.299999999789,232.299999999789,10.004320722038,3548.046329826428
1192.349999999789,232.349999999789,10.003929120995,3548.546536072503
1192.399999999789,232.399999999789,10.003537519952,3549.046722738529
1192.449999999788,232.449999999788,10.003145918909,3549.546889824489
1192.499999999788,232.499999999788,10.002754317867,3550.047037330410
1192.549999999788,232.549999999788,10.002362716824,3550.547165256276
1192.599999999788,232.599999999788,10.001971115781,3551.047273602091
1192.649999999788,232.649999999788,10.001579514739,3551.547362367854
1192.699999999788,232.699999999788,10.001187913696,3552.047431553564
1192.749999999788,232.749999999788,10.000796312653,3552.547481159224
1192.799999999788,232.799999999788,10.000404711610,3553.047511184830
1192.849999999788,232.849999999788,10.000013110567,3553.547521630384
1192.899999999788,232.899999999788,9.999621509525,3554.047512495886
1192.949999999788,232.949999999788,9.999229908482,3554.547483781336
1192.999999999788,232.999999999788,9.998838307439,3555.047435486736
1193.044444444444,233.044444444444,9.998490217622,3555.491820567185
1193.049999999788,233.049999999788,9.998447527618,3555.547367614362
1193.099999999788,233.099999999788,9.998063317567,3556.047280385491
1193.149999999788,233.149999999788,9.997679107517,3556.547173946118
1193.199999999788,233.199999999788,9.997294897466,3557.047048296242
1193.249999999788,233.249999999788,9.996910687416,3557.546903435866
1193.299999999788,233.299999999788,9.996526477365,3558.046739364985
1193.349999999788,233.349999999788,9.996142267315,3558.546556083601
1193.399999999788,233.399999999788,9.995758057264,3559.046353591716
1193.449999999788,233.449999999788,9.995373847214,3559.546131889327
1193.499999999788,233.499999999788,9.994989637163,3560.045890976438
1193.549999999788,233.549999999788,9.994605427113,3560.545630853045
1193.599999999788,233.599999999788,9.994221217063,3561.045351519148
1193.649999999788,233.649999999788,9.993837007012,3561.545052974750
1193.699999999788,233.699999999788,9.993452796962,3562.044735219849
1193.749999999788,233.749999999788,9.993068586911,3562.544398254448
1193.799999999787,233.799999999787,9.992684376861,3563.044042078530
1193.849999999787,233.849999999787,9.992300166810,3563.543666692123
1193.899999999787,233.899999999787,9.991915956760,3564.043272095212
1193.949999999787,233.949999999787,9.991531746709,3564.542858287798
1193.999999999787,233.999999999787,9.991147536659,3565.042425269882
1194.044444444444,234.044444444444,9.990806016612,3565.486468684302
1194.049999999787,234.049999999787,9.990764127043,3565.541973043687
1194.099999999787,234.099999999787,9.990387120909,3566.041501824888
1194.149999999787,234.149999999787,9.990010114774,3566.541011755779
1194.199999999787,234.199999999787,9.989633108640,3567.040502836364
1194.249999999787,234.249999999787,9.989256102506,3567.539975066642
1194.299999999787,234.299999999787,9.988879096371,3568.039428446614
1194.349999999787,234.349999999787,9.988502090237,3568.538862976281
1194.399999999787,234.399999999787,9.988125084103,3569.038278655639
1194.449999999787,234.449999999787,9.987748077968,3569.537675484690
1194.499999999787,234.499999999787,9.987371071834,3570.037053463435
1194.549999999787,234.549999999787,9.986994065700,3570.536412591873
1194.599999999787,234.599999999787,9.986617059565,3571.035752870006
1194.649999999786,234.649999999786,9.986240053431,3571.535074297819
1194.699999999786,234.699999999786,9.985863047297,3572.034376875339
1194.749999999786,234.749999999786,9.985486041162,3572.533660602550
1194.799999999786,234.799999999786,9.985109035028,3573.032925479455
1194.849999999786,234.849999999786,9.984732028894,3573.532171506052
1194.899999999786,234.899999999786,9.984355022759,3574.031398682343
1194.949999999786,234.949999999786,9.983978016625,3574.530607008329
1194.999999999786,234.999999999786,9.983601010491,3575.029796484007
1195.044444444444,235.044444444444,9.983265893925,3575.473504639570
1195.049999999786,235.049999999786,9.983224735048,3575.528967111407
1195.099999999786,235.099999999786,9.982854305141,3576.028119087411
1195.149999999786,235.149999999786,9.982483875235,3576.527252541920
1195.199999999786,235.199999999786,9.982113445328,3577.026367474936
1195.249999999786,235.249999999786,9.981743015421,3577.525463886454
1195.299999999786,235.299999999786,9.981372585514,3578.024541776477
1195.349999999786,235.349999999786,9.981002155608,3578.523601145004
1195.399999999786,235.399999999786,9.980631725701,3579.022641992036
1195.449999999786,235.449999999786,9.980261295794,3579.521664317575
1195.499999999786,235.499999999786,9.979890865888,3580.020668121617
1195.549999999786,235.549999999786,9.979520435981,3580.519653404163
1195.599999999786,235.599999999786,9.979150006074,3581.018620165214
1195.649999999786,235.649999999786,9.978779576167,3581.517568404769
1195.699999999786,235.699999999786,9.978409146261,3582.016498122831
1195.749999999786,235.749999999786,9.978038716354,3582.515409319396
1195.799999999786,235.799999999786,9.977668286447,3583.014301994466
1195.849999999786,235.849999999786,9.977297856541,3583.513176148041
1195.899999999786,235.899999999786,9.976927426634,3584.012031780120
1195.949999999786,235.949999999786,9.976556996727,3584.510868890706
1195.999999999785,235.999999999785,9.976186566820,3585.009687479783
1196.044444444444,236.044444444444,9.975857295791,3585.453066234427
1196.049999999785,236.049999999785,9.975816820056,3585.508487549276
1196.099999999785,236.099999999785,9.975452538430,3586.007269283237
1196.149999999785,236.149999999785,9.975088256803,3586.506032803118
1196.199999999785,236.199999999785,9.974723975177,3587.004778108917
1196.249999999785,236.249999999785,9.974359693551,3587.503505200635
1196.299999999785,236.299999999785,9.973995411924,3588.002214078273
1196.349999999785,236.349999999785,9.973631130298,3588.500904741828
1196.399999999785,236.399999999785,9.973266848672,3588.999577191302
1196.449999999785,236.449999999785,9.972902567045,3589.498231426695
1196.499999999785,236.499999999785,9.972538285419,3589.996867448006
1196.549999999785,236.549999999785,9.972174003793,3590.495485255238
1196.599999999785,236.599999999785,9.971809722166,3590.994084848387
1196.649999999785,236.649999999785,9.971445440540,3591.492666227454
1196.699999999785,236.699999999785,9.971081158914,3591.991229392440
1196.749999999785,236.749999999785,9.970716877288,3592.489774343344
1196.799999999785,236.799999999785,9.970352595661,3592.988301080170
1196.849999999784,236.849999999784,9.969988314035,3593.486809602900
1196.899999999784,236.899999999784,9.969624032409,3593.985299911563
1196.949999999784,236.949999999784,9.969259750782,3594.483772006143
1196.999999999784,236.999999999784,9.968895469156,3594.982225886641
1197.044444444444,237.044444444444,9.968571663264,3595.425280713955
1197.049999999784,237.049999999784,9.968531809523,3595.480661554785
1197.099999999784,237.099999999784,9.968173125838,3595.979079178168
1197.149999999784,237.149999999784,9.967814442152,3596.477478867370
1197.199999999784,237.199999999784,9.967455758467,3596.975860622385
1197.249999999784,237.249999999784,9.967097074781,3597.474224443216
1197.299999999784,237.299999999784,9.966738391096,3597.972570329862
1197.349999999784,237.349999999784,9.966379707411,3598.470898282324
1197.399999999784,237.399999999784,9.966021023725,3598.969208300605
1197.449999999784,237.449999999784,9.965662340040,3599.467500384698
1197.499999999784,237.499999999784,9.965303656355,3599.965774534608
1197.549999999784,237.549999999784,9.964944972669,3600.464030750333
1197.599999999784,237.599999999784,9.964586288984,3600.962269031874
1197.649999999784,237.649999999784,9.964227605298,3601.460489379233
1197.699999999784,237.699999999784,9.963868921613,3601.958691792405
1197.749999999784,237.749999999784,9.963510237928,3602.456876271393
1197.799999999784,237.799999999784,9.963151554242,3602.955042816197
1197.849999999784,237.849999999784,9.962792870557,3603.453191426816
1197.899999999784,237.899999999784,9.962434186871,3603.951322103254
1197.949999999784,237.949999999784,9.962075503186,3604.449434845505
1197.999999999784,237.999999999784,9.961716819501,3604.947529653572
1198.044444444444,238.044444444444,9.961397989556,3605.390265540365
1198.049999999784,238.049999999784,9.961358742892,3605.445606529141
1198.099999999784,238.099999999784,9.961005522902,3605.943665635785
1198.149999999784,238.149999999784,9.960652302911,3606.441707081432
1198.199999999783,238.199999999783,9.960299082920,3606.939730866066
1198.249999999783,238.249999999783,9.959945862930,3607.437736989714
1198.299999999783,238.299999999783,9.959592642939,3607.935725452360
1198.349999999783,238.349999999783,9.959239422948,3608.433696254007
1198.399999999783,238.399999999783,9.958886202958,3608.931649394654
1198.449999999783,238.449999999783,9.958532982967,3609.429584874302
1198.499999999783,238.499999999783,9.958179762976,3609.927502692952
1198.549999999783,238.549999999783,9.957826542986,3610.425402850601
1198.599999999783,238.599999999783,9.957473322995,3610.923285347250
1198.649999999783,238.649999999783,9.957120103005,3611.421150182900
1198.699999999783,238.699999999783,9.956766883014,3611.918997357549
1198.749999999783,238.749999999783,9.956413663023,3612.416826871202
1198.799999999783,238.799999999783,9.956060443033,3612.914638723853
1198.849999999783,238.849999999783,9.955707223042,3613.412432915505
1198.899999999783,238.899999999783,9.955354003051,3613.910209446156
1198.949999999783,238.949999999783,9.955000783061,3614.407968315809
1198.999999999783,238.999999999783,9.954647563070,3614.905709524464
1199.044444444444,239.044444444444,9.954333589743,3615.348131330015
1199.049999999782,239.049999999782,9.954294920808,3615.403433073711
1199.099999999782,239.099999999782,9.953946900374,3615.901139119242
1199.149999999782,239.149999999782,9.953598879941,3616.398827763750
1199.199999999782,239.199999999782,9.953250859507,3616.896499007235
1199.249999999782,239.249999999782,9.952902839074,3617.394152849699
1199.299999999782,239.299999999782,9.952554818640,3617.891789291142
1199.349999999782,239.349999999782,9.952206798206,3618.389408331565
1199.399999999782,239.399999999782,9.951858777773,3618.887009970964
1199.449999999782,239.449999999782,9.951510757339,3619.384594209341
1199.499999999782,239.499999999782,9.951162736906,3619.882161046697
1199.549999999782,239.549999999782,9.950814716472,3620.379710483031
1199.599999999782,239.599999999782,9.950466696039,3620.877242518346
1199.649999999782,239.649999999782,9.950118675605,3621.374757152636
1199.699999999782,239.699999999782,9.949770655172,3621.872254385905
1199.749999999782,239.749999999782,9.949422634738,3622.369734218153
1199.799999999782,239.799999999782,9.949074614304,3622.867196649378
1199.849999999782,239.849999999782,9.948726593871,3623.364641679585
1199.899999999782,239.899999999782,9.948378573437,3623.862069308767
1199.949999999782,239.949999999782,9.948030553004,3624.359479536928
1199.999999999782,239.999999999782,9.947682532570,3624.856872364066
1200.044444444444,240.044444444444,9.947373181072,3625.298984715424
1200.049999999782,240.049999999782,9.947335052294,3625.354247791684
1200.099999999782,240.099999999782,9.946991893273,3625.851605965325
1200.149999999782,240.149999999782,9.946648734253,3626.348946981013
1200.199999999782,240.199999999782,9.946305575232,3626.846270838750
1200.249999999782,240.249999999782,9.945962416212,3627.343577538535
1200.299999999782,240.299999999782,9.945619257191,3627.840867080370
1200.349999999782,240.349999999782,9.945276098171,3628.338139464256
1200.399999999781,240.399999999781,9.944932939150,3628.835394690177
1200.449999999781,240.449999999781,9.944589780130,3629.332632758161
1200.499999999781,240.499999999781,9.944246621109,3629.829853668191
1200.549999999781,240.549999999781,9.943903462089,3630.327057420271
1200.599999999781,240.599999999781,9.943560303068,3630.824244014399
1200.649999999781,240.649999999781,9.943217144048,3631.321413450577
1200.699999999781,240.699999999781,9.942873985027,3631.818565728806
1200.749999999781,240.749999999781,9.942530826007,3632.315700849081
1200.799999999781,240.799999999781,9.942187666986,3632.812818811406
1200.849999999781,240.849999999781,9.941844507966,3633.309919615779
1200.899999999781,240.899999999781,9.941501348945,3633.807003262201
1200.949999999781,240.949999999781,9.941158189925,3634.304069750675
1200.999999999781,240.999999999781,9.940815030905,3634.801119081195
1201.044444444444,241.044444444444,9.940510000663,3635.242926306291
1201.049999999781,241.049999999781,9.940472325488,3635.298151255025
1201.099999999781,241.099999999781,9.940133248902,3635.795166394384
1201.149999999781,241.149999999781,9.939794172317,3636.292164579914
1201.199999999781,241.199999999781,9.939455095731,3636.789145811617
1201.249999999780,241.249999999780,9.939116019146,3637.286110089477
1201.299999999780,241.299999999780,9.938776942560,3637.783057413522
1201.349999999780,241.349999999780,9.938437865974,3638.279987783735
1201.399999999780,241.399999999780,9.938098789389,3638.776901200118
1201.449999999780,241.449999999780,9.937759712803,3639.273797662673
1201.499999999780,241.499999999780,9.937420636218,3639.770677171398
1201.549999999780,241.549999999780,9.937081559632,3640.267539726296
1201.599999999780,241.599999999780,9.936742483046,3640.764385327363
1201.649999999780,241.649999999780,9.936403406461,3641.261213974600
1201.699999999780,241.699999999780,9.936064329875,3641.758025668008
1201.749999999780,241.749999999780,9.935725253290,3642.254820407586
1201.799999999780,241.799999999780,9.935386176704,3642.751598193338
1201.849999999780,241.849999999780,9.935047100119,3643.248359025258
1201.899999999780,241.899999999780,9.934708023533,3643.745102903349
1201.949999999780,241.949999999780,9.934368946947,3644.241829827611
1201.999999999780,241.999999999780,9.934029870362,3644.738539798043
1202.044444444444,242.044444444444,9.933728468951,3645.180045541099
1202.049999999780,242.049999999780,9.933691212129,3645.235232815810
1202.099999999780,242.099999999780,9.933355900723,3645.731908993631
1202.149999999780,242.149999999780,9.933020589317,3646.228568405882
1202.199999999780,242.199999999780,9.932685277911,3646.725211052562
1202.249999999780,242.249999999780,9.932349966505,3647.221836933672
1202.299999999780,242.299999999780,9.932014655099,3647.718446049214
1202.349999999780,242.349999999780,9.931679343693,3648.215038399184
1202.399999999780,242.399999999780,9.931344032287,3648.711613983583
1202.449999999780,242.449999999780,9.931008720881,3649.208172802412
1202.499999999780,242.499999999780,9.930673409476,3649.704714855670
1202.549999999780,242.549999999780,9.930338098069,3650.201240143361
1202.599999999779,242.599999999779,9.930002786664,3650.697748665467
1202.649999999779,242.649999999779,9.929667475257,3651.194240422017
1202.699999999779,242.699999999779,9.929332163851,3651.690715412994
1202.749999999779,242.749999999779,9.928996852446,3652.187173638401
1202.799999999779,242.799999999779,9.928661541040,3652.683615098238
1202.849999999779,242.849999999779,9.928326229633,3653.180039792504
1202.899999999779,242.899999999779,9.927990918227,3653.676447721203
1202.949999999779,242.949999999779,9.927655606821,3654.172838884328
1202.999999999779,242.999999999779,9.927320295415,3654.669213281884
1203.044444444444,243.044444444444,9.927022240831,3655.110420895991
1203.049999999779,243.049999999779,9.926985422628,3655.165570915088
1203.099999999779,243.099999999779,9.926654058790,3655.661911902123
1203.149999999779,243.149999999779,9.926322694953,3656.158236320968
1203.199999999779,243.199999999779,9.925991331115,3656.654544171619
1203.249999999779,243.249999999779,9.925659967277,3657.150835454079
1203.299999999779,243.299999999779,9.925328603439,3657.647110168346
1203.349999999779,243.349999999779,9.924997239601,3658.143368314422
1203.399999999779,243.399999999779,9.924665875764,3658.639609892308
1203.449999999778,243.449999999778,9.924334511926,3659.135834901988
1203.499999999778,243.499999999778,9.924003148088,3659.632043343490
1203.549999999778,243.549999999778,9.923671784250,3660.128235216798
1203.599999999778,243.599999999778,9.923340420412,3660.624410521914
1203.649999999778,243.649999999778,9.923009056575,3661.120569258839
1203.699999999778,243.699999999778,9.922677692737,3661.616711427571
1203.749999999778,243.749999999778,9.922346328899,3662.112837028114
1203.799999999778,243.799999999778,9.922014965061,3662.608946060462
1203.849999999778,243.849999999778,9.921683601223,3663.105038524619
1203.899999999778,243.899999999778,9.921352237386,3663.601114420584
1203.949999999778,243.949999999778,9.921020873548,3664.097173748356
1203.999999999778,243.999999999778,9.920689509710,3664.593216507940
1204.044444444444,244.044444444444,9.920394964075,3665.034129498444
1204.049999999778,244.049999999778,9.920358586654,3665.089242700553
1204.099999999778,244.099999999778,9.920031189852,3665.585252444966
1204.149999999778,244.149999999778,9.919703793050,3666.081245819538
1204.199999999778,244.199999999778,9.919376396248,3666.577222824270
1204.249999999778,244.249999999778,9.919048999446,3667.073183459164
1204.299999999778,244.299999999778,9.918721602643,3667.569127724216
1204.349999999778,244.349999999778,9.918394205841,3668.065055619427
1204.399999999778,244.399999999778,9.918066809039,3668.560967144799
1204.449999999778,244.449999999778,9.917739412237,3669.056862300330
1204.499999999778,244.499999999778,9.917412015435,3669.552741086024
1204.549999999778,244.549999999778,9.917084618633,3670.048603501875
1204.599999999778,244.599999999778,9.916757221831,3670.544449547886
1204.649999999778,244.649999999778,9.916429825029,3671.040279224057
1204.699999999778,244.699999999778,9.916102428227,3671.536092530388
1204.749999999778,244.749999999778,9.915775031425,3672.031889466881
1204.799999999777,244.799999999777,9.915447634623,3672.527670033521
1204.849999999777,244.849999999777,9.915120237821,3673.023434230334
1204.899999999777,244.899999999777,9.914792841019,3673.519182057305
1204.949999999777,244.949999999777,9.914465444216,3674.014913514435
1204.999999999777,244.999999999777,9.914138047414,3674.510628601725
1205.044444444444,245.044444444444,9.913847028033,3674.951250494498
1205.049999999777,245.049999999777,9.913811080451,3675.006327320369
1205.099999999777,245.099999999777,9.913487552200,3675.502009786187
1205.149999999777,245.149999999777,9.913164023949,3675.997676075590
1205.199999999777,245.199999999777,9.912840495698,3676.493326188581
1205.249999999777,245.249999999777,9.912516967448,3676.988960125159
1205.299999999777,245.299999999777,9.912193439196,3677.484577885325
1205.349999999777,245.349999999777,9.911869910946,3677.980179469080
1205.399999999777,245.399999999777,9.911546382695,3678.475764876421
1205.449999999777,245.449999999777,9.911222854444,3678.971334107349
1205.499999999777,245.499999999777,9.910899326193,3679.466887161864
1205.549999999777,245.549999999777,9.910575797942,3679.962424039967
1205.599999999777,245.599999999777,9.910252269691,3680.457944741660
1205.649999999776,245.649999999776,9.909928741440,3680.953449266926
1205.699999999776,245.699999999776,9.909605213189,3681.448937615794
1205.749999999776,245.749999999776,9.909281684938,3681.944409788247
1205.799999999776,245.799999999776,9.908958156687,3682.439865784287
1205.849999999776,245.849999999776,9.908634628436,3682.935305603914
1205.899999999776,245.899999999776,9.908311100185,3683.430729247129
1205.949999999776,245.949999999776,9.907987571934,3683.926136713934
1205.999999999776,245.999999999776,9.907664043683,3684.421528004324
1206.044444444444,246.044444444444,9.907376463014,3684.861862240021
1206.049999999776,246.049999999776,9.907340937569,3684.916903119474
1206.099999999776,246.099999999776,9.907021208553,3685.412262173126
1206.149999999776,246.149999999776,9.906701479537,3685.907605240328
1206.199999999776,246.199999999776,9.906381750521,3686.402932321081
1206.249999999776,246.249999999776,9.906062021504,3686.898243415381
1206.299999999776,246.299999999776,9.905742292488,3687.393538523231
1206.349999999776,246.349999999776,9.905422563472,3687.888817644629
1206.399999999776,246.399999999776,9.905102834456,3688.384080779577
1206.449999999776,246.449999999776,9.904783105440,3688.879327928077
1206.499999999776,246.499999999776,9.904463376423,3689.374559090123
1206.549999999776,246.549999999776,9.904143647407,3689.869774265718
1206.599999999776,246.599999999776,9.903823918391,3690.364973454862
1206.649999999776,246.649999999776,9.903504189375,3690.860156657556
1206.699999999776,246.699999999776,9.903184460358,3691.355323873801
1206.749999999776,246.749999999776,9.902864731342,3691.850475103593
1206.799999999776,246.799999999776,9.902545002326,3692.345610346934
1206.849999999776,246.849999999776,9.902225273310,3692.840729603825
1206.899999999776,246.899999999776,9.901905544294,3693.335832874265
1206.949999999776,246.949999999776,9.901585815277,3693.830920158256
1206.999999999775,246.999999999775,9.901266086261,3694.325991455783
1207.044444444444,247.044444444444,9.900981882690,3694.766041412873
1207.049999999775,247.049999999775,9.900946803464,3694.821046768112
1207.099999999775,247.099999999775,9.900631090422,3695.316086215458
1207.149999999775,247.149999999775,9.900315377381,3695.811109877153
1207.199999999775,247.199999999775,9.899999664339,3696.306117753195
1207.249999999775,247.249999999775,9.899683951297,3696.801109843586
1207.299999999775,247.299999999775,9.899368238256,3697.296086148327
1207.349999999775,247.349999999775,9.899052525214,3697.791046667413
1207.399999999775,247.399999999775,9.898736812172,3698.285991400847
1207.449999999775,247.449999999775,9.898421099131,3698.780920348629
1207.499999999775,247.499999999775,9.898105386089,3699.275833510760
1207.549999999775,247.549999999775,9.897789673047,3699.770730887240
1207.599999999775,247.599999999775,9.897473960005,3700.265612478066
1207.649999999775,247.649999999775,9.897158246964,3700.760478283240
1207.699999999775,247.699999999775,9.896842533922,3701.255328302762
1207.749999999775,247.749999999775,9.896526820880,3701.750162536632
1207.799999999775,247.799999999775,9.896211107839,3702.244980984851
1207.849999999774,247.849999999774,9.895895394797,3702.739783647406
1207.899999999774,247.899999999774,9.895579681755,3703.234570524321
1207.949999999774,247.949999999774,9.895263968714,3703.729341615582
1207.999999999774,247.999999999774,9.894948255672,3704.224096921191
1208.044444444444,248.044444444444,9.894667621856,3704.663866165146
1208.049999999774,248.049999999774,9.894632994283,3704.718836442403
1208.099999999774,248.099999999774,9.894321346114,3705.213560300913
1208.149999999774,248.149999999774,9.894009697946,3705.708268577016
1208.199999999774,248.199999999774,9.893698049777,3706.202961270709
1208.249999999774,248.249999999774,9.893386401608,3706.697638381993
1208.299999999774,248.299999999774,9.893074753440,3707.192299910869
1208.349999999774,248.349999999774,9.892763105271,3707.686945857336
1208.399999999774,248.399999999774,9.892451457103,3708.181576221397
1208.449999999774,248.449999999774,9.892139808934,3708.676191003048
1208.499999999774,248.499999999774,9.891828160766,3709.170790202290
1208.549999999774,248.549999999774,9.891516512597,3709.665373819123
1208.599999999774,248.599999999774,9.891204864429,3710.159941853549
1208.649999999774,248.649999999774,9.890893216260,3710.654494305568
1208.699999999774,248.699999999774,9.890581568092,3711.149031175176
1208.749999999774,248.749999999774,9.890269919923,3711.643552462376
1208.799999999774,248.799999999774,9.889958271754,3712.138058167168
1208.849999999774,248.849999999774,9.889646623586,3712.632548289551
1208.899999999774,248.899999999774,9.889334975417,3713.127022829528
1208.949999999774,248.949999999774,9.889023327249,3713.621481787094
1208.999999999774,248.999999999774,9.888711679080,3714.115925162252
1209.044444444444,249.044444444444,9.888434658485,3714.555417305318
1209.049999999774,249.049999999774,9.888400469478,3714.610352956220
1209.099999999774,249.099999999774,9.888092768402,3715.104765287166
1209.149999999774,249.149999999774,9.887785067326,3715.599162233061
1209.199999999773,249.199999999773,9.887477366251,3716.093543793889
1209.249999999773,249.249999999773,9.887169665175,3716.587909969676
1209.299999999773,249.299999999773,9.886861964100,3717.082260760408
1209.349999999773,249.349999999773,9.886554263024,3717.576596166085
1209.399999999773,249.399999999773,9.886246561949,3718.070916186709
1209.449999999773,249.449999999773,9.885938860873,3718.565220822280
1209.499999999773,249.499999999773,9.885631159797,3719.059510072798
1209.549999999773,249.549999999773,9.885323458722,3719.553783938261
1209.599999999773,249.599999999773,9.885015757646,3720.048042418670
1209.649999999773,249.649999999773,9.884708056571,3720.542285514025
1209.699999999773,249.699999999773,9.884400355495,3721.036513224326
1209.749999999773,249.749999999773,9.884092654419,3721.530725549576
1209.799999999773,249.799999999773,9.883784953344,3722.024922489769
1209.849999999773,249.849999999773,9.883477252268,3722.519104044909
1209.899999999773,249.899999999773,9.883169551193,3723.013270214995
1209.949999999773,249.949999999773,9.882861850117,3723.507421000027
1209.999999999773,249.999999999773,9.882554149041,3724.001556400008
1210.044444444444,250.044444444444,9.882280636973,3724.440774953046
1210.049999999772,250.049999999772,9.882246767270,3724.495676415808
1210.099999999772,250.099999999772,9.881941939928,3724.989781133490
1210.149999999772,250.149999999772,9.881637112586,3725.483870609802
1210.199999999772,250.199999999772,9.881332285245,3725.977944844748
1210.249999999772,250.249999999772,9.881027457903,3726.472003838326
1210.299999999772,250.299999999772,9.880722630561,3726.966047590537
1210.349999999772,250.349999999772,9.880417803220,3727.460076101383
1210.399999999772,250.399999999772,9.880112975878,3727.954089370860
1210.449999999772,250.449999999772,9.879808148537,3728.448087398971
1210.499999999772,250.499999999772,9.879503321195,3728.942070185713
1210.549999999772,250.549999999772,9.879198493853,3729.436037731089
1210.599999999772,250.599999999772,9.878893666512,3729.929990035100
1210.649999999772,250.649999999772,9.878588839170,3730.423927097742
1210.699999999772,250.699999999772,9.878284011828,3730.917848919016
1210.749999999772,250.749999999772,9.877979184487,3731.411755498924
1210.799999999772,250.799999999772,9.877674357145,3731.905646837464
1210.849999999772,250.849999999772,9.877369529804,3732.399522934640
1210.899999999772,250.899999999772,9.877064702462,3732.893383790446
1210.949999999772,250.949999999772,9.876759875120,3733.387229404885
1210.999999999772,250.999999999772,9.876455047779,3733.881059777957
1211.044444444444,251.044444444444,9.876184090140,3734.320007316604
1211.049999999772,251.049999999772,9.876150666354,3734.374874910901
1211.099999999772,251.099999999772,9.875849852261,3734.868674923868
1211.149999999772,251.149999999772,9.875549038168,3735.362459896128
1211.199999999772,251.199999999772,9.875248224076,3735.856229827684
1211.249999999772,251.249999999772,9.874947409983,3736.349984718535
1211.299999999772,251.299999999772,9.874646595890,3736.843724568681
1211.349999999772,251.349999999772,9.874345781797,3737.337449378125
1211.399999999771,251.399999999771,9.874044967705,3737.831159146851
1211.449999999771,251.449999999771,9.873744153612,3738.324853874886
1211.499999999771,251.499999999771,9.873443339519,3738.818533562214
1211.549999999771,251.549999999771,9.873142525427,3739.312198208837
1211.599999999771,251.599999999771,9.872841711334,3739.805847814755
1211.649999999771,251.649999999771,9.872540897241,3740.299482379970
1211.699999999771,251.699999999771,9.872240083149,3740.793101904481
1211.749999999771,251.749999999771,9.871939269056,3741.286706388285
1211.799999999771,251.799999999771,9.871638454963,3741.780295831386
1211.849999999771,251.849999999771,9.871337640871,3742.273870233781
1211.899999999771,251.899999999771,9.871036826778,3742.767429595472
1211.949999999771,251.949999999771,9.870736012685,3743.260973916460
1211.999999999771,251.999999999771,9.870435198593,3743.754503196742
1212.044444444444,252.044444444444,9.870167808286,3744.193183265817
1212.049999999771,252.049999999771,9.870134763418,3744.248017437371
1212.099999999771,252.099999999771,9.869837359591,3744.741516740446
1212.149999999771,252.149999999771,9.869539955765,3745.235001173329
1212.199999999771,252.199999999771,9.869242551938,3745.728470736024
1212.249999999770,252.249999999770,9.868945148111,3746.221925428513
1212.299999999770,252.299999999770,9.868647744284,3746.715365250825
1212.349999999770,252.349999999770,9.868350340458,3747.208790202943
1212.399999999770,252.399999999770,9.868052936631,3747.702200284870
1212.449999999770,252.449999999770,9.867755532804,3748.195595496605
1212.499999999770,252.499999999770,9.867458128977,3748.688975838149
1212.549999999770,252.549999999770,9.867160725151,3749.182341309504
1212.599999999770,252.599999999770,9.866863321324,3749.675691910666
1212.649999999770,252.649999999770,9.866565917497,3750.169027641636
1212.699999999770,252.699999999770,9.866268513670,3750.662348502415
1212.749999999770,252.749999999770,9.865971109844,3751.155654493002
1212.799999999770,252.799999999770,9.865673706017,3751.648945613400
1212.849999999770,252.849999999770,9.865376302190,3752.142221863605
1212.899999999770,252.899999999770,9.865078898363,3752.635483243619
1212.949999999770,252.949999999770,9.864781494537,3753.128729753441
1212.999999999770,252.999999999770,9.864484090710,3753.621961393072
1213.044444444444,253.044444444444,9.864219731751,3754.060377035837
1213.049999999770,253.049999999770,9.864187051690,3754.115178163527
1213.099999999770,253.099999999770,9.863892931123,3754.608380163097
1213.149999999770,253.149999999770,9.863598810556,3755.101567456638
1213.199999999770,253.199999999770,9.863304689989,3755.594740044151
1213.249999999770,253.249999999770,9.863010569422,3756.087897925636
1213.299999999770,253.299999999770,9.862716448855,3756.581041101095
1213.349999999770,253.349999999770,9.862422328289,3757.074169570523
1213.399999999770,253.399999999770,9.862128207722,3757.567283333923
1213.449999999770,253.449999999770,9.861834087155,3758.060382391295
1213.499999999770,253.499999999770,9.861539966588,3758.553466742638
1213.549999999770,253.549999999770,9.861245846021,3759.046536387955
1213.599999999769,253.599999999769,9.860951725454,3759.539591327230
1213.649999999769,253.649999999769,9.860657604888,3760.032631560490
1213.699999999769,253.699999999769,9.860363484321,3760.525657087720
1213.749999999769,253.749999999769,9.860069363754,3761.018667908922
1213.799999999769,253.799999999769,9.859775243187,3761.511664024094
1213.849999999769,253.849999999769,9.859481122620,3762.004645433239
1213.899999999769,253.899999999769,9.859187002053,3762.497612136358
1213.949999999769,253.949999999769,9.858892881487,3762.990564133446
1213.999999999769,253.999999999769,9.858598760920,3763.483501424505
1214.044444444444,254.044444444444,9.858337320415,3763.921655561920
1214.049999999769,254.049999999769,9.858304990435,3763.976424010509
1214.099999999769,254.099999999769,9.858014020610,3764.469331985785
1214.149999999769,254.149999999769,9.857723050785,3764.962225412572
1214.199999999769,254.199999999769,9.857432080959,3765.455104290865
1214.249999999769,254.249999999769,9.857141111134,3765.947968620666
1214.299999999769,254.299999999769,9.856850141309,3766.440818401977
1214.349999999769,254.349999999769,9.856559171484,3766.933653634796
1214.399999999768,254.399999999768,9.856268201658,3767.426474319116
1214.449999999768,254.449999999768,9.855977231833,3767.919280454953
1214.499999999768,254.499999999768,9.855686262008,3768.412072042300
1214.549999999768,254.549999999768,9.855395292182,3768.904849081155
1214.599999999768,254.599999999768,9.855104322357,3769.397611571518
1214.649999999768,254.649999999768,9.854813352532,3769.890359513389
1214.699999999768,254.699999999768,9.854522382706,3770.383092906770
1214.749999999768,254.749999999768,9.854231412881,3770.875811751661
1214.799999999768,254.799999999768,9.853940443056,3771.368516048060
1214.849999999768,254.849999999768,9.853649473231,3771.861205795966
1214.899999999768,254.899999999768,9.853358503405,3772.353880995382
1214.949999999768,254.949999999768,9.853067533580,3772.846541646306
1214.999999999768,254.999999999768,9.852776563755,3773.339187748741
1215.044444444444,255.044444444444,9.852517923908,3773.777083184081
1215.049999999768,255.049999999768,9.852485930413,3773.831819303618
1215.099999999768,255.099999999768,9.852197988943,3774.324436401601
1215.149999999768,255.149999999768,9.851910047473,3774.817039102511
1215.199999999768,255.199999999768,9.851622106003,3775.309627406347
1215.249999999768,255.249999999768,9.851334164533,3775.802201313113
1215.299999999768,255.299999999768,9.851046223062,3776.294760822802
1215.349999999768,255.349999999768,9.850758281592,3776.787305935418
1215.399999999768,255.399999999768,9.850470340122,3777.279836650960
1215.449999999768,255.449999999768,9.850182398652,3777.772352969429
1215.499999999768,255.499999999768,9.849894457182,3778.264854890826
1215.549999999768,255.549999999768,9.849606515712,3778.757342415148
1215.599999999768,255.599999999768,9.849318574241,3779.249815542397
1215.649999999768,255.649999999768,9.849030632771,3779.742274272572
1215.699999999768,255.699999999768,9.848742691301,3780.234718605673
1215.749999999768,255.749999999768,9.848454749831,3780.727148541703
1215.799999999767,255.799999999767,9.848166808361,3781.219564080646
1215.849999999767,255.849999999767,9.847878866891,3781.711965222529
1215.899999999767,255.899999999767,9.847590925421,3782.204351967337
1215.949999999767,255.949999999767,9.847302983950,3782.696724315070
1215.999999999767,255.999999999767,9.847015042480,3783.189082265731
1216.044444444444,256.044444444444,9.846759094505,3783.626721693288
1216.049999999767,256.049999999767,9.846727424785,3783.681425820217
1216.099999999767,256.099999999767,9.846442397286,3784.173755065771
1216.149999999767,256.149999999767,9.846157369787,3784.666070059947
1216.199999999767,256.199999999767,9.845872342288,3785.158370802749
1216.249999999767,256.249999999767,9.845587314790,3785.650657294175
1216.299999999767,256.299999999767,9.845302287291,3786.142929534227
1216.349999999767,256.349999999767,9.845017259792,3786.635187522906
1216.399999999767,256.399999999767,9.844732232293,3787.127431260207
1216.449999999767,256.449999999767,9.844447204795,3787.619660746134
1216.499999999767,256.499999999767,9.844162177296,3788.111875980685
1216.549999999767,256.549999999767,9.843877149797,3788.604076963862
1216.599999999766,256.599999999766,9.843592122298,3789.096263695655
1216.649999999766,256.649999999766,9.843307094799,3789.588436176082
1216.699999999766,256.699999999766,9.843022067301,3790.080594405137
1216.749999999766,256.749999999766,9.842737039802,3790.572738382814
1216.799999999766,256.799999999766,9.842452012303,3791.064868109116
1216.849999999766,256.849999999766,9.842166984804,3791.556983584043
1216.899999999766,256.899999999766,9.841881957306,3792.049084807596
1216.949999999766,256.949999999766,9.841596929807,3792.541171779775
1216.999999999766,256.999999999766,9.841311902308,3793.033244500577
1217.044444444444,257.044444444444,9.841058544530,3793.470630512806
1217.049999999766,257.049999999766,9.841027186295,3793.525302970870
1217.099999999766,257.099999999766,9.840744962169,3794.017347274581
1217.149999999766,257.149999999766,9.840462738044,3794.509377467086
1217.199999999766,257.199999999766,9.840180513918,3795.001393548387
1217.249999999766,257.249999999766,9.839898289792,3795.493395518479
1217.299999999766,257.299999999766,9.839616065667,3795.985383377365
1217.349999999766,257.349999999766,9.839333841541,3796.477357125045
1217.399999999766,257.399999999766,9.839051617416,3796.969316761519
1217.449999999766,257.449999999766,9.838769393290,3797.461262286788
1217.499999999766,257.499999999766,9.838487169164,3797.953193700849
1217.549999999766,257.549999999766,9.838204945039,3798.445111003704
1217.599999999766,257.599999999766,9.837922720913,3798.937014195352
1217.649999999766,257.649999999766,9.837640496787,3799.428903275794
1217.699999999766,257.699999999766,9.837358272662,3799.920778245032
1217.749999999766,257.749999999766,9.837076048536,3800.412639103062
1217.799999999766,257.799999999766,9.836793824410,3800.904485849885
1217.849999999766,257.849999999766,9.836511600285,3801.396318485502
1217.899999999766,257.899999999766,9.836229376159,3801.888137009912
1217.949999999766,257.949999999766,9.835947152033,3802.379941423119
1217.999999999765,257.999999999765,9.835664927908,3802.871731725106
1218.044444444444,258.044444444444,9.835414062017,3803.308866816079
1218.049999999765,258.049999999765,9.835382995633,3803.363507916711
1218.099999999765,258.099999999765,9.835103398163,3803.855270076555
1218.149999999765,258.149999999765,9.834823800694,3804.347018256526
1218.199999999765,258.199999999765,9.834544203224,3804.838752456624
1218.249999999765,258.249999999765,9.834264605755,3805.330472676848
1218.299999999765,258.299999999765,9.833985008285,3805.822178917201
1218.349999999765,258.349999999765,9.833705410816,3806.313871177678
1218.399999999765,258.399999999765,9.833425813346,3806.805549458281
1218.449999999765,258.449999999765,9.833146215877,3807.297213759011
1218.499999999765,258.499999999765,9.832866618407,3807.788864079868
1218.549999999765,258.549999999765,9.832587020938,3808.280500420853
1218.599999999765,258.599999999765,9.832307423468,3808.772122781963
1218.649999999765,258.649999999765,9.832027825998,3809.263731163199
1218.699999999765,258.699999999765,9.831748228529,3809.755325564562
1218.749999999765,258.749999999765,9.831468631059,3810.246905986051
1218.799999999764,258.799999999764,9.831189033590,3810.738472427658
1218.849999999764,258.849999999764,9.830909436120,3811.230024889400
1218.899999999764,258.899999999764,9.830629838651,3811.721563371271
1218.949999999764,258.949999999764,9.830350241181,3812.213087873266
1218.999999999764,258.999999999764,9.830070643712,3812.704598395389
1219.044444444444,259.044444444444,9.829822112627,3813.141484903401
1219.049999999764,259.049999999764,9.829791305978,3813.196094938358
1219.099999999764,259.099999999764,9.829514046128,3813.687577572161
1219.149999999764,259.149999999764,9.829236786278,3814.179046342972
1219.199999999764,259.199999999764,9.828959526428,3814.670501250790
1219.249999999764,259.249999999764,9.828682266578,3815.161942295614
1219.299999999764,259.299999999764,9.828405006727,3815.653369477446
1219.349999999764,259.349999999764,9.828127746878,3816.144782796286
1219.399999999764,259.399999999764,9.827850487027,3816.636182252135
1219.449999999764,259.449999999764,9.827573227177,3817.127567844990
1219.499999999764,259.499999999764,9.827295967327,3817.618939574852
1219.549999999764,259.549999999764,9.827018707477,3818.110297441722
1219.599999999764,259.599999999764,9.826741447627,3818.601641445599
1219.649999999764,259.649999999764,9.826464187777,3819.092971586486
1219.699999999764,259.699999999764,9.826186927927,3819.584287864378
1219.749999999764,259.749999999764,9.825909668077,3820.075590279278
1219.799999999764,259.799999999764,9.825632408227,3820.566878831185
1219.849999999764,259.849999999764,9.825355148377,3821.058153520099
1219.899999999764,259.899999999764,9.825077888527,3821.549414346023
1219.949999999764,259.949999999764,9.824800628677,3822.040661308953
1219.999999999764,259.999999999764,9.824523368827,3822.531894408890
1220.044444444444,260.044444444444,9.824276915625,3822.968534417526
1220.049999999764,260.049999999764,9.824246418054,3823.023113646693
1220.099999999764,260.099999999764,9.823971939897,3823.514319105641
1220.149999999764,260.149999999764,9.823697461741,3824.005510840684
1220.199999999763,260.199999999763,9.823422983584,3824.496688851806
1220.249999999763,260.249999999763,9.823148505428,3824.987853139033
1220.299999999763,260.299999999763,9.822874027272,3825.479003702350
1220.349999999763,260.349999999763,9.822599549115,3825.970140541759
1220.399999999763,260.399999999763,9.822325070959,3826.461263657261
1220.449999999763,260.449999999763,9.822050592802,3826.952373048854
1220.499999999763,260.499999999763,9.821776114646,3827.443468716542
1220.549999999763,260.549999999763,9.821501636490,3827.934550660320
1220.599999999763,260.599999999763,9.821227158333,3828.425618880190
1220.649999999763,260.649999999763,9.820952680177,3828.916673376152
1220.699999999763,260.699999999763,9.820678202020,3829.407714148207
1220.749999999763,260.749999999763,9.820403723864,3829.898741196355
1220.799999999763,260.799999999763,9.820129245707,3830.389754520594
1220.849999999763,260.849999999763,9.819854767551,3830.880754120925
1220.899999999763,260.899999999763,9.819580289395,3831.371739997348
1220.949999999763,260.949999999763,9.819305811238,3831.862712149864
1220.999999999762,260.999999999762,9.819031333082,3832.353670578463
1221.044444444444,261.044444444444,9.818787352497,3832.790066551587
1221.049999999762,261.049999999762,9.818757160674,3832.844615284012
1221.099999999762,261.099999999762,9.818485434257,3833.335546348887
1221.149999999762,261.149999999762,9.818213707841,3833.826463827439
1221.199999999762,261.199999999762,9.817941981424,3834.317367719670
1221.249999999762,261.249999999762,9.817670255007,3834.808258025580
1221.299999999762,261.299999999762,9.817398528590,3835.299134745170
1221.349999999762,261.349999999762,9.817126802173,3835.789997878441
1221.399999999762,261.399999999762,9.816855075757,3836.280847425388
1221.449999999762,261.449999999762,9.816583349340,3836.771683386015
1221.499999999762,261.499999999762,9.816311622923,3837.262505760321
1221.549999999762,261.549999999762,9.816039896506,3837.753314548307
1221.599999999762,261.599999999762,9.815768170090,3838.244109749973
1221.649999999762,261.649999999762,9.815496443673,3838.734891365317
1221.699999999762,261.699999999762,9.815224717256,3839.225659394339
1221.749999999762,261.749999999762,9.814952990839,3839.716413837041
1221.799999999762,261.799999999762,9.814681264422,3840.207154693423
1221.849999999762,261.849999999762,9.814409538006,3840.697881963485
1221.899999999762,261.899999999762,9.814137811589,3841.188595647225
1221.949999999762,261.949999999762,9.813866085172,3841.679295744643
1221.999999999762,261.999999999762,9.813594358755,3842.169982255741
1222.044444444444,262.044444444444,9.813352824161,3842.606136639916
1222.049999999762,262.049999999762,9.813322870774,3842.660655181181
1222.099999999762,262.099999999762,9.813053290274,3843.151314585209
1222.149999999762,262.149999999762,9.812783709775,3843.641960510210
1222.199999999762,262.199999999762,9.812514129275,3844.132592956185
1222.249999999762,262.249999999762,9.812244548776,3844.623211923136
1222.299999999762,262.299999999762,9.811974968276,3845.113817411062
1222.349999999762,262.349999999762,9.811705387776,3845.604409419965
1222.399999999761,262.399999999761,9.811435807277,3846.094987949830
1222.449999999761,262.449999999761,9.811166226777,3846.585553000683
1222.499999999761,262.499999999761,9.810896646278,3847.076104572509
1222.549999999761,262.549999999761,9.810627065778,3847.566642665310
1222.599999999761,262.599999999761,9.810357485279,3848.057167279086
1222.649999999761,262.649999999761,9.810087904779,3848.547678413837
1222.699999999761,262.699999999761,9.809818324280,3849.038176069565
1222.749999999761,262.749999999761,9.809548743780,3849.528660246266
1222.799999999761,262.799999999761,9.809279163281,3850.019130943942
1222.849999999761,262.849999999761,9.809009582781,3850.509588162593
1222.899999999761,262.899999999761,9.808740002282,3851.000031902220
1222.949999999761,262.949999999761,9.808470421782,3851.490462162823
1222.999999999761,262.999999999761,9.808200841282,3851.980878944399
1223.044444444444,263.044444444444,9.807961214170,3852.416793659082
1223.049999999761,263.049999999761,9.807931549576,3852.471282247752
1223.099999999761,263.099999999761,9.807664568214,3852.961672150696
1223.149999999761,263.149999999761,9.807397586853,3853.452048704572
1223.199999999760,263.199999999760,9.807130605491,3853.942411909372
1223.249999999760,263.249999999760,9.806863624130,3854.432761765112
1223.299999999760,263.299999999760,9.806596642768,3854.923098271786
1223.349999999760,263.349999999760,9.806329661407,3855.413421429390
1223.399999999760,263.399999999760,9.806062680045,3855.903731237926
1223.449999999760,263.449999999760,9.805795698683,3856.394027697394
1223.499999999760,263.499999999760,9.805528717322,3856.884310807794
1223.549999999760,263.549999999760,9.805261735960,3857.374580569127
1223.599999999760,263.599999999760,9.804994754599,3857.864836981391
1223.649999999760,263.649999999760,9.804727773237,3858.355080044586
1223.699999999760,263.699999999760,9.804460791875,3858.845309758714
1223.749999999760,263.749999999760,9.804193810514,3859.335526123773
1223.799999999760,263.799999999760,9.803926829152,3859.825729139767
1223.849999999760,263.849999999760,9.803659847791,3860.315918806690
1223.899999999760,263.899999999760,9.803392866429,3860.806095124545
1223.949999999760,263.949999999760,9.803125885067,3861.296258093332
1223.999999999760,263.999999999760,9.802858903706,3861.786407713051
1224.044444444444,264.044444444444,9.802621586939,3862.222085059637
1224.049999999760,264.049999999760,9.802592200680,3862.276543984477
1224.099999999760,264.099999999760,9.802327724339,3862.766666982602
1224.149999999760,264.149999999760,9.802063247998,3863.256776756910
1224.199999999760,264.199999999760,9.801798771657,3863.746873307401
1224.249999999760,264.249999999760,9.801534295316,3864.236956634075
1224.299999999760,264.299999999760,9.801269818975,3864.727026736934
1224.349999999760,264.349999999760,9.801005342634,3865.217083615974
1224.399999999760,264.399999999760,9.800740866293,3865.707127271196
1224.449999999760,264.449999999760,9.800476389952,3866.197157702602
1224.499999999760,264.499999999760,9.800211913611,3866.687174910191
1224.549999999760,264.549999999760,9.799947437270,3867.177178893965
1224.599999999759,264.599999999759,9.799682960929,3867.667169653908
1224.649999999759,264.649999999759,9.799418484588,3868.157147190047
1224.699999999759,264.699999999759,9.799154008247,3868.647111502368
1224.749999999759,264.749999999759,9.798889531906,3869.137062590871
1224.799999999759,264.799999999759,9.798625055565,3869.627000455558
1224.849999999759,264.849999999759,9.798360579224,3870.116925096427
1224.899999999759,264.899999999759,9.798096102883,3870.606836513481
1224.949999999759,264.949999999759,9.797831626542,3871.096734706716
1224.999999999759,264.999999999759,9.797567150201,3871.586619676134
1225.044444444444,265.044444444444,9.797332060119,3872.022061883165
1225.049999999759,265.049999999759,9.797302955982,3872.076491422519
1225.099999999759,265.099999999759,9.797041018738,3872.566350021887
1225.149999999759,265.149999999759,9.796779081494,3873.056195524394
1225.199999999759,265.199999999759,9.796517144251,3873.546027930037
1225.249999999759,265.249999999759,9.796255207007,3874.035847238818
1225.299999999759,265.299999999759,9.795993269763,3874.525653450737
1225.349999999759,265.349999999759,9.795731332519,3875.015446565794
1225.399999999758,265.399999999758,9.795469395276,3875.505226583979
1225.449999999758,265.449999999758,9.795207458032,3875.994993505312
1225.499999999758,265.499999999758,9.794945520788,3876.484747329784
1225.549999999758,265.549999999758,9.794683583545,3876.974488057392
1225.599999999758,265.599999999758,9.794421646301,3877.464215688138
1225.649999999758,265.649999999758,9.794159709057,3877.953930222021
1225.699999999758,265.699999999758,9.793897771814,3878.443631659043
1225.749999999758,265.749999999758,9.793635834570,3878.933319999204
1225.799999999758,265.799999999758,9.793373897326,3879.422995242501
1225.849999999758,265.849999999758,9.793111960082,3879.912657388936
1225.899999999758,265.899999999758,9.792850022839,3880.402306438509
1225.949999999758,265.949999999758,9.792588085595,3880.891942391219
1225.999999999758,265.999999999758,9.792326148351,3881.381565247070
1226.044444444444,266.044444444444,9.792093315244,3881.816774570848
1226.049999999758,266.049999999758,9.792064496208,3881.871175006848
1226.099999999758,266.099999999758,9.791805124865,3882.360771747374
1226.149999999758,266.149999999758,9.791545753523,3882.850355519333
1226.199999999758,266.199999999758,9.791286382180,3883.339926322726
1226.249999999758,266.249999999758,9.791027010838,3883.829484157553
1226.299999999758,266.299999999758,9.790767639495,3884.319029023811
1226.349999999758,266.349999999758,9.790508268153,3884.808560921501
1226.399999999758,266.399999999758,9.790248896810,3885.298079850625
1226.449999999758,266.449999999758,9.789989525467,3885.787585811182
1226.499999999758,266.499999999758,9.789730154125,3886.277078803173
1226.549999999758,266.549999999758,9.789470782782,3886.766558826595
1226.599999999758,266.599999999758,9.789211411440,3887.256025881451
1226.649999999758,266.649999999758,9.788952040097,3887.745479967738
1226.699999999758,266.699999999758,9.788692668755,3888.234921085460
1226.749999999758,266.749999999758,9.788433297412,3888.724349234616
1226.799999999757,266.799999999757,9.788173926070,3889.213764415191
1226.849999999757,266.849999999757,9.787914554727,3889.703166627213
1226.899999999757,266.899999999757,9.787655183385,3890.192555870665
1226.949999999757,266.949999999757,9.787396628332,3890.681932165958
1226.999999999757,266.999999999757,9.787138108622,3891.171295534381
1227.044444444444,267.044444444444,9.786908313322,3891.606274346132
1227.049999999757,267.049999999757,9.786879848981,3891.660645977541
1227.099999999757,267.099999999757,9.786623669894,3892.149983565515
1227.149999999757,267.149999999757,9.786367490807,3892.639308344532
1227.199999999757,267.199999999757,9.786111311721,3893.128620314595
1227.249999999757,267.249999999757,9.785855132634,3893.617919475703
1227.299999999757,267.299999999757,9.785598953548,3894.107205827857
1227.349999999757,267.349999999757,9.785342774461,3894.596479371060
1227.399999999757,267.399999999757,9.785086595374,3895.085740105305
1227.449999999757,267.449999999757,9.784830416288,3895.574988030596
1227.499999999757,267.499999999757,9.784574237201,3896.064223146933
1227.549999999757,267.549999999757,9.784318058115,3896.553445454315
1227.599999999756,267.599999999756,9.784061879028,3897.042654952735
1227.649999999756,267.649999999756,9.783805699942,3897.531851642208
1227.699999999756,267.699999999756,9.783549520855,3898.021035522730
1227.749999999756,267.749999999756,9.783293341769,3898.510206594295
1227.799999999756,267.799999999756,9.783037162682,3898.999364856906
1227.849999999756,267.849999999756,9.782780983595,3899.488510310563
1227.899999999756,267.899999999756,9.782524804509,3899.977642955265
1227.949999999756,267.949999999756,9.782268625422,3900.466762791015
1227.999999999756,267.999999999756,9.782012446336,3900.955869817808
1228.044444444444,268.044444444444,9.781784731591,3901.390620868589
1228.049999999756,268.049999999756,9.781756573782,3901.444964036499
1228.099999999756,268.099999999756,9.781503153494,3901.934045529681
1228.149999999756,268.149999999756,9.781249733205,3902.423114351848
1228.199999999756,268.199999999756,9.780996312916,3902.912170503002
1228.249999999756,268.249999999756,9.780742892628,3903.401213983141
1228.299999999756,268.299999999756,9.780489472339,3903.890244792264
1228.349999999756,268.349999999756,9.780236052051,3904.379262930373
1228.399999999756,268.399999999756,9.779982631762,3904.868268397468
1228.449999999756,268.449999999756,9.779729211473,3905.357261193551
1228.499999999756,268.499999999756,9.779475945752,3905.846241322481
1228.549999999756,268.549999999756,9.779223340631,3906.335208804640
1228.599999999756,268.599999999756,9.778970735509,3906.824163656544
1228.649999999756,268.649999999756,9.778718130388,3907.313105878191
1228.699999999756,268.699999999756,9.778465525267,3907.802035469584
1228.749999999756,268.749999999756,9.778212920145,3908.290952430718
1228.799999999756,268.799999999756,9.777960315024,3908.779856761597
1228.849999999756,268.849999999756,9.777707709903,3909.268748462220
1228.899999999756,268.899999999756,9.777455104782,3909.757627532587
1228.949999999756,268.949999999756,9.777202499660,3910.246493972700
1228.999999999755,268.999999999755,9.776949894539,3910.735347782543
1229.044444444444,269.044444444444,9.776725356652,3911.169873901629
1229.049999999755,269.049999999755,9.776697516945,3911.224188962776
1229.099999999755,269.099999999755,9.776446959564,3911.713017574688
1229.149999999755,269.149999999755,9.776196402184,3912.201833658732
1229.199999999755,269.199999999755,9.775945844803,3912.690637214906
1229.249999999755,269.249999999755,9.775695287423,3913.179428243211
1229.299999999755,269.299999999755,9.775444730043,3913.668206743650
1229.349999999755,269.349999999755,9.775194172662,3914.156972716217
1229.399999999755,269.399999999755,9.774943615282,3914.645726160915
1229.449999999755,269.449999999755,9.774693057902,3915.134467077744
1229.499999999755,269.499999999755,9.774442500521,3915.623195466704
1229.549999999755,269.549999999755,9.774191943141,3916.111911327797
1229.599999999755,269.599999999755,9.773941385761,3916.600614661019
1229.649999999755,269.649999999755,9.773690828380,3917.089305466372
1229.699999999755,269.699999999755,9.773440271000,3917.577983743857
1229.749999999755,269.749999999755,9.773189713620,3918.066649493472
1229.799999999754,269.799999999754,9.772939156239,3918.555302715209
1229.849999999754,269.849999999754,9.772688598859,3919.043943409086
1229.899999999754,269.899999999754,9.772438041479,3919.532571575096
1229.949999999754,269.949999999754,9.772187484098,3920.021187213235
1229.999999999754,269.999999999754,9.771936926718,3920.509790323505
1230.044444444444,270.044444444444,9.771714209045,3920.944093684478
1230.049999999754,270.049999999754,9.771686716173,3920.998380906869
1230.099999999754,270.099999999754,9.771439280312,3921.486959056781
1230.149999999754,270.149999999754,9.771191844452,3921.975524834902
1230.199999999754,270.199999999754,9.770944408591,3922.464078241228
1230.249999999754,270.249999999754,9.770696972731,3922.952619275760
1230.299999999754,270.299999999754,9.770449536870,3923.441147938500
1230.349999999754,270.349999999754,9.770202101009,3923.929664229446
1230.399999999754,270.399999999754,9.769954665149,3924.418168148602
1230.449999999754,270.449999999754,9.769707229288,3924.906659695962
1230.499999999754,270.499999999754,9.769459793428,3925.395138871530
1230.549999999754,270.549999999754,9.769212357567,3925.883605675304
1230.599999999754,270.599999999754,9.768964921707,3926.372060107286
1230.649999999754,270.649999999754,9.768717485846,3926.860502167477
1230.699999999754,270.699999999754,9.768470049985,3927.348931855872
1230.749999999754,270.749999999754,9.768222614125,3927.837349172474
1230.799999999754,270.799999999754,9.767975178264,3928.325754117283
1230.849999999754,270.849999999754,9.767727742404,3928.814146690300
1230.899999999754,270.899999999754,9.767480306543,3929.302526891525
1230.949999999754,270.949999999754,9.767232870682,3929.790894720955
1230.999999999754,270.999999999754,9.766985434822,3930.279250178593
1231.044444444444,271.044444444444,9.766765491833,3930.713333534917
1231.049999999754,271.049999999754,9.766738299485,3930.767593265271
1231.099999999754,271.099999999754,9.766493568337,3931.255924061967
1231.149999999754,271.149999999754,9.766248837188,3931.744242622106
1231.199999999753,271.199999999753,9.766004106040,3932.232548945676
1231.249999999753,271.249999999753,9.765759374892,3932.720843032701
1231.299999999753,271.299999999753,9.765514643744,3933.209124883166
1231.349999999753,271.349999999753,9.765269912595,3933.697394497074
1231.399999999753,271.399999999753,9.765025181447,3934.185651874425
1231.449999999753,271.449999999753,9.764780450299,3934.673897015218
1231.499999999753,271.499999999753,9.764535719151,3935.162129919456
1231.549999999753,271.549999999753,9.764290988003,3935.650350587135
1231.599999999753,271.599999999753,9.764046256854,3936.138559018256
1231.649999999753,271.649999999753,9.763801525706,3936.626755212819
1231.699999999753,271.699999999753,9.763556794558,3937.114939170825
1231.749999999753,271.749999999753,9.763312063409,3937.603110892277
1231.799999999753,271.799999999753,9.763067332261,3938.091270377168
1231.849999999753,271.849999999753,9.762822601113,3938.579417625502
1231.899999999753,271.899999999753,9.762577869965,3939.067552637278
1231.949999999753,271.949999999753,9.762333138817,3939.555675412497
1231.999999999752,271.999999999752,9.762088407668,3940.043785951150
1232.044444444444,272.044444444444,9.761870868869,3940.477651715269
1232.049999999752,272.049999999752,9.761844012430,3940.531884254188
1232.099999999752,272.099999999752,9.761602304473,3941.019970412112
1232.149999999752,272.149999999752,9.761360596516,3941.508044484637
1232.199999999752,272.199999999752,9.761118888559,3941.996106471763
1232.249999999752,272.249999999752,9.760877180602,3942.484156373492
1232.299999999752,272.299999999752,9.760635472645,3942.972194189822
1232.349999999752,272.349999999752,9.760393764688,3943.460219920757
1232.399999999752,272.399999999752,9.760152056731,3943.948233566292
1232.449999999752,272.449999999752,9.759910348774,3944.436235126429
1232.499999999752,272.499999999752,9.759668640817,3944.924224601169
1232.549999999752,272.549999999752,9.759426932860,3945.412201990510
1232.599999999752,272.599999999752,9.759185224903,3945.900167294456
1232.649999999752,272.649999999752,9.758943516946,3946.388120513001
1232.699999999752,272.699999999752,9.758701808989,3946.876061646150
1232.749999999752,272.749999999752,9.758460101032,3947.363990693900
1232.799999999752,272.799999999752,9.758218393075,3947.851907656252
1232.849999999752,272.849999999752,9.757976685118,3948.339812533209
1232.899999999752,272.899999999752,9.757734977161,3948.827705324765
1232.949999999752,272.949999999752,9.757493269204,3949.315586030924
1232.999999999752,272.999999999752,9.757251561247,3949.803454651685
1233.044444444444,273.044444444444,9.757036709728,3950.237105504567
1233.049999999752,273.049999999752,9.757010204423,3950.291311188023
1233.099999999752,273.099999999752,9.756771656664,3950.779155734552
1233.149999999752,273.149999999752,9.756533108906,3951.266988353691
1233.199999999752,273.199999999752,9.756294561148,3951.754809045442
1233.249999999752,273.249999999752,9.756056013389,3952.242617809804
1233.299999999752,273.299999999752,9.755817465631,3952.730414646780
1233.349999999752,273.349999999752,9.755578917873,3953.218199556369
1233.399999999751,273.399999999751,9.755340370114,3953.705972538557
1233.449999999751,273.449999999751,9.755101822356,3954.193733593371
1233.499999999751,273.499999999751,9.754863274598,3954.681482720794
1233.549999999751,273.549999999751,9.754624726840,3955.169219920830
1233.599999999751,273.599999999751,9.754386179081,3955.656945193477
1233.649999999751,273.649999999751,9.754147631323,3956.144658538737
1233.699999999751,273.699999999751,9.753909083565,3956.632359956611
1233.749999999751,273.749999999751,9.753670535806,3957.120049447095
1233.799999999751,273.799999999751,9.753431988048,3957.607727010191
1233.849999999751,273.849999999751,9.753193440290,3958.095392645898
1233.899999999751,273.899999999751,9.752954892531,3958.583046354218
1233.949999999751,273.949999999751,9.752716344773,3959.070688135153
1233.999999999751,273.999999999751,9.752477797015,3959.558317988697
1234.044444444444,274.044444444444,9.752265754562,3959.991756736712
1234.049999999751,274.049999999751,9.752239607974,3960.045935915850
1234.099999999751,274.099999999751,9.752004288669,3960.533542013266
1234.149999999751,274.149999999751,9.751768969364,3961.021136344716
1234.199999999750,274.199999999750,9.751533650059,3961.508718910192
1234.249999999750,274.249999999750,9.751298330754,3961.996289709712
1234.299999999750,274.299999999750,9.751063011449,3962.483848743269
1234.349999999750,274.349999999750,9.750827692144,3962.971396010858
1234.399999999750,274.399999999750,9.750592372839,3963.458931512483
1234.449999999750,274.449999999750,9.750357053534,3963.946455248141
1234.499999999750,274.499999999750,9.750121734229,3964.433967217835
1234.549999999750,274.549999999750,9.749886414924,3964.921467421565
1234.599999999750,274.599999999750,9.749651095619,3965.408955859329
1234.649999999750,274.649999999750,9.749415776314,3965.896432531127
1234.699999999750,274.699999999750,9.749180457009,3966.383897436959
1234.749999999750,274.749999999750,9.748945137704,3966.871350576826
1234.799999999750,274.799999999750,9.748709818399,3967.358791950731
1234.849999999750,274.849999999750,9.748474499094,3967.846221558668
1234.899999999750,274.899999999750,9.748239179789,3968.333639400640
1234.949999999750,274.949999999750,9.748003860484,3968.821045476646
1234.999999999750,274.999999999750,9.747768541179,3969.308439786687
1235.044444444444,275.044444444444,9.747559368462,3969.741669298224
1235.049999999750,275.049999999750,9.747533582245,3969.795822331766
1235.099999999750,275.099999999750,9.747301506287,3970.283193208979
1235.149999999750,275.149999999750,9.747069430328,3970.770552482394
1235.199999999750,275.199999999750,9.746837354369,3971.257900152011
1235.249999999750,275.249999999750,9.746605278410,3971.745236217830
1235.299999999750,275.299999999750,9.746373202452,3972.232560679853
1235.349999999750,275.349999999750,9.746141126493,3972.719873538076
1235.399999999750,275.399999999750,9.745909050534,3973.207174792502
1235.449999999750,275.449999999750,9.745676974575,3973.694464443129
1235.499999999750,275.499999999750,9.745444898617,3974.181742489958
1235.549999999750,275.549999999750,9.745212822658,3974.669008932992
1235.599999999749,275.599999999749,9.744980746699,3975.156263772214
1235.649999999749,275.649999999749,9.744748670740,3975.643507007652
1235.699999999749,275.699999999749,9.744516594782,3976.130738639290
1235.749999999749,275.749999999749,9.744284518823,3976.617958667129
1235.799999999749,275.799999999749,9.744052442864,3977.105167091171
1235.849999999749,275.849999999749,9.743820366905,3977.592363911415
1235.899999999749,275.899999999749,9.743588290947,3978.079549127863
1235.949999999749,275.949999999749,9.743356214988,3978.566722740511
1235.999999999749,275.999999999749,9.743124139029,3979.053884749361
1236.044444444444,276.044444444444,9.742917849287,3979.486907907098
1236.049999999749,276.049999999749,9.742892425675,3979.541035155420
1236.099999999749,276.099999999749,9.742663613158,3980.028174056391
1236.149999999749,276.149999999749,9.742434800641,3980.515301516737
1236.199999999749,276.199999999749,9.742205988124,3981.002417536456
1236.249999999749,276.249999999749,9.741977175607,3981.489522115548
1236.299999999749,276.299999999749,9.741748363090,3981.976615254016
1236.349999999749,276.349999999749,9.741519550573,3982.463696951856
1236.399999999748,276.399999999748,9.741290738056,3982.950767209063
1236.449999999748,276.449999999748,9.741061925539,3983.437826025653
1236.499999999748,276.499999999748,9.740833113022,3983.924873401618
1236.549999999748,276.549999999748,9.740604300505,3984.411909336956
1236.599999999748,276.599999999748,9.740375487987,3984.898933831668
1236.649999999748,276.649999999748,9.740146675470,3985.385946885754
1236.699999999748,276.699999999748,9.739917862953,3985.872948499214
1236.749999999748,276.749999999748,9.739689050436,3986.359938672051
1236.799999999748,276.799999999748,9.739460237919,3986.846917404259
1236.849999999748,276.849999999748,9.739231425402,3987.333884695842
1236.899999999748,276.899999999748,9.739002612885,3987.820840546799
1236.949999999748,276.949999999748,9.738773800368,3988.307784957130
1236.999999999748,276.999999999748,9.738544987851,3988.794717926837
1237.044444444444,277.044444444444,9.738341598946,3989.227537631215
1237.049999999748,277.049999999748,9.738316539844,3989.281639456929
1237.099999999748,277.099999999748,9.738091007918,3989.768549645622
1237.149999999748,277.149999999748,9.737865475991,3990.255448557719
1237.199999999748,277.199999999748,9.737639944065,3990.742336193220
1237.249999999748,277.249999999748,9.737414412139,3991.229212552127
1237.299999999748,277.299999999748,9.737188880212,3991.716077634435
1237.349999999748,277.349999999748,9.736963348286,3992.202931440147
1237.399999999748,277.399999999748,9.736737816360,3992.689773969263
1237.449999999748,277.449999999748,9.736512284433,3993.176605221783
1237.499999999748,277.499999999748,9.736286752507,3993.663425197708
1237.549999999748,277.549999999748,9.736061220581,3994.150233897035
1237.599999999748,277.599999999748,9.735835688654,3994.637031319765
1237.649999999748,277.649999999748,9.735610156728,3995.123817465899
1237.699999999748,277.699999999748,9.735384624801,3995.610592335437
1237.749999999748,277.749999999748,9.735159092875,3996.097355928381
1237.799999999747,277.799999999747,9.734933560949,3996.584108244715
1237.849999999747,277.849999999747,9.734708029022,3997.070849284466
1237.899999999747,277.899999999747,9.734482497096,3997.557579047618
1237.949999999747,277.949999999747,9.734256965170,3998.044297534174
1237.999999999747,277.999999999747,9.734031433243,3998.531004744134
1238.044444444444,278.044444444444,9.733830960419,3998.963623910897
1238.049999999747,278.049999999747,9.733806117980,3999.017700678100
1238.099999999747,278.099999999747,9.733582536027,3999.504385394452
1238.149999999747,278.149999999747,9.733358954073,3999.991058931704
1238.199999999747,278.199999999747,9.733135372119,4000.477721289858
1238.249999999747,278.249999999747,9.732911790166,4000.964372468914
1238.299999999747,278.299999999747,9.732688208212,4001.451012468874
1238.349999999747,278.349999999747,9.732464626258,4001.937641289737
1238.399999999747,278.399999999747,9.732241044305,4002.424258931501
1238.449999999747,278.449999999747,9.732017462351,4002.910865394167
1238.499999999747,278.499999999747,9.731793880397,4003.397460677735
1238.549999999747,278.549999999747,9.731570298444,4003.884044782206
1238.599999999746,278.599999999746,9.731346716490,4004.370617707570
1238.649999999746,278.649999999746,9.731123134536,4004.857179453845
1238.699999999746,278.699999999746,9.730899552583,4005.343730021025
1238.749999999746,278.749999999746,9.730675970629,4005.830269409105
1238.799999999746,278.799999999746,9.730452388675,4006.316797618087
1238.849999999746,278.849999999746,9.730228806722,4006.803314647972
1238.899999999746,278.899999999746,9.730005224768,4007.289820498758
1238.949999999746,278.949999999746,9.729781642814,4007.776315170449
1238.999999999746,278.999999999746,9.729558060861,4008.262798663041
1239.044444444444,279.044444444444,9.729359321345,4008.695219051779
1239.049999999746,279.049999999746,9.729335053966,4008.749270978132
1239.099999999746,279.099999999746,9.729116647545,4009.235732270669
1239.149999999746,279.149999999746,9.728898241125,4009.722182642886
1239.199999999746,279.199999999746,9.728679834704,4010.208622094784
1239.249999999746,279.249999999746,9.728461428284,4010.695050626358
1239.299999999746,279.299999999746,9.728243021863,4011.181468237611
1239.349999999746,279.349999999746,9.728024615442,4011.667874928543
1239.399999999746,279.399999999746,9.727806209022,4012.154270699154
1239.449999999746,279.449999999746,9.727587802601,4012.640655549447
1239.499999999746,279.499999999746,9.727369396180,4013.127029479416
1239.549999999746,279.549999999746,9.727150989760,4013.613392489064
1239.599999999746,279.599999999746,9.726932583339,4014.099744578391
1239.649999999746,279.649999999746,9.726714176919,4014.586085747397
1239.699999999746,279.699999999746,9.726495770498,4015.072415996084
1239.749999999746,279.749999999746,9.726277364077,4015.558735324448
1239.799999999746,279.799999999746,9.726058957657,4016.045043732491
1239.849999999746,279.849999999746,9.725840551236,4016.531341220213
1239.899999999746,279.899999999746,9.725622144815,4017.017627787614
1239.949999999746,279.949999999746,9.725403738395,4017.503903434696
1239.999999999745,279.999999999745,9.725185331974,4017.990168161444
1240.044444444444,280.044444444444,9.724991192933,4018.422394308919
1240.049999999745,280.049999999745,9.724967243036,4018.476421968766
1240.099999999745,280.099999999745,9.724751693957,4018.962664942190
1240.149999999745,280.149999999745,9.724536144879,4019.448897138161
1240.199999999745,280.199999999745,9.724320595800,4019.935118556677
1240.249999999745,280.249999999745,9.724105046722,4020.421329197740
1240.299999999745,280.299999999745,9.723889497643,4020.907529061351
1240.349999999745,280.349999999745,9.723673948565,4021.393718147506
1240.399999999745,280.399999999745,9.723458399486,4021.879896456207
1240.449999999745,280.449999999745,9.723242850407,4022.366063987453
1240.499999999745,280.499999999745,9.723027301329,4022.852220741246
1240.549999999745,280.549999999745,9.722811752250,4023.338366717587
1240.599999999745,280.599999999745,9.722596203172,4023.824501916472
1240.649999999745,280.649999999745,9.722380654093,4024.310626337904
1240.699999999745,280.699999999745,9.722165105015,4024.796739981881
1240.749999999745,280.749999999745,9.721949555936,4025.282842848404
1240.799999999744,280.799999999744,9.721734006858,4025.768934937465
1240.849999999744,280.849999999744,9.721518457779,4026.255016249082
1240.899999999744,280.899999999744,9.721302908700,4026.741086783244
1240.949999999744,280.949999999744,9.721087359622,4027.227146539952
1240.999999999744,280.999999999744,9.720871810543,4027.713195519205
1241.044444444444,281.044444444444,9.720680211361,4028.145230011065
1241.049999999744,281.049999999744,9.720656507201,4028.199233721688
1241.099999999744,281.099999999744,9.720443169752,4028.685261213613
1241.149999999744,281.149999999744,9.720229832302,4029.171278038664
1241.199999999744,281.199999999744,9.720016494853,4029.657284196842
1241.249999999744,281.249999999744,9.719803157403,4030.143279688148
1241.299999999744,281.299999999744,9.719589819953,4030.629264512582
1241.349999999744,281.349999999744,9.719376482504,4031.115238670145
1241.399999999744,281.399999999744,9.719163145054,4031.601202160834
1241.449999999744,281.449999999744,9.718949807605,4032.087154984650
1241.499999999744,281.499999999744,9.718736470155,4032.573097141593
1241.549999999744,281.549999999744,9.718523132705,4033.059028631664
1241.599999999744,281.599999999744,9.718309795256,4033.544949454865
1241.649999999744,281.649999999744,9.718096457806,4034.030859611191
1241.699999999744,281.699999999744,9.717883120357,4034.516759100645
1241.749999999744,281.749999999744,9.717669782907,4035.002647923226
1241.799999999744,281.799999999744,9.717456445457,4035.488526078935
1241.849999999744,281.849999999744,9.717243108008,4035.974393567773
1241.899999999744,281.899999999744,9.717029770558,4036.460250389737
1241.949999999744,281.949999999744,9.716816433108,4036.946096544828
1241.999999999744,281.999999999744,9.716603095659,4037.431932033046
1242.044444444444,282.044444444444,9.716413462369,4037.863776847931
1242.049999999744,282.049999999744,9.716390306029,4037.917756855914
1242.099999999744,282.099999999744,9.716181898960,4038.403571161041
1242.149999999744,282.149999999744,9.715973491892,4038.889375045812
1242.199999999743,282.199999999743,9.715765084823,4039.375168510221
1242.249999999743,282.249999999743,9.715556677754,4039.860951554285
1242.299999999743,282.299999999743,9.715348270685,4040.346724177995
1242.349999999743,282.349999999743,9.715139863616,4040.832486381352
1242.399999999743,282.399999999743,9.714931456547,4041.318238164356
1242.449999999743,282.449999999743,9.714723049478,4041.803979527008
1242.499999999743,282.499999999743,9.714514642409,4042.289710469305
1242.549999999743,282.549999999743,9.714306235341,4042.775430991248
1242.599999999743,282.599999999743,9.714097860726,4043.261141093650
1242.649999999743,282.649999999743,9.713890094874,4043.746840792539
1242.699999999743,282.699999999743,9.713682329023,4044.232530103139
1242.749999999743,282.749999999743,9.713474563171,4044.718209025443
1242.799999999743,282.799999999743,9.713266797319,4045.203877559455
1242.849999999743,282.849999999743,9.713059031467,4045.689535705174
1242.899999999743,282.899999999743,9.712851265616,4046.175183462601
1242.949999999743,282.949999999743,9.712643499764,4046.660820831738
1242.999999999742,282.999999999742,9.712435733912,4047.146447812568
1243.044444444444,283.044444444444,9.712251053154,4047.578107521450
1243.049999999742,283.049999999742,9.712228295851,4047.632064406030
1243.099999999742,283.099999999742,9.712023480117,4048.117670700429
1243.149999999742,283.149999999742,9.711818664383,4048.603266754041
1243.199999999742,283.199999999742,9.711613848648,4049.088852566866
1243.249999999742,283.249999999742,9.711409032914,4049.574428138905
1243.299999999742,283.299999999742,9.711204217180,4050.059993470159
1243.349999999742,283.349999999742,9.710999401446,4050.545548560624
1243.399999999742,283.399999999742,9.710794585711,4051.031093410303
1243.449999999742,283.449999999742,9.710589769977,4051.516628019194
1243.499999999742,283.499999999742,9.710384954243,4052.002152387299
1243.549999999742,283.549999999742,9.710180138508,4052.487666514620
1243.599999999742,283.599999999742,9.709975322774,4052.973170401151
1243.649999999742,283.649999999742,9.709770507040,4053.458664046897
1243.699999999742,283.699999999742,9.709565691306,4053.944147451855
1243.749999999742,283.749999999742,9.709360875571,4054.429620616027
1243.799999999742,283.799999999742,9.709156059837,4054.915083539413
1243.849999999742,283.849999999742,9.708951244103,4055.400536222011
1243.899999999742,283.899999999742,9.708746428368,4055.885978663823
1243.949999999742,283.949999999742,9.708541612634,4056.371410864847
1243.999999999742,283.999999999742,9.708336796900,4056.856832825085
1244.044444444444,284.044444444444,9.708154738468,4057.288310417262
1244.049999999742,284.049999999742,9.708132349478,4057.342244545562
1244.099999999742,284.099999999742,9.707930848557,4057.827646125512
1244.149999999742,284.149999999742,9.707729347635,4058.313037630417
1244.199999999742,284.199999999742,9.707527846714,4058.798419060275
1244.249999999742,284.249999999742,9.707326345792,4059.283790415087
1244.299999999742,284.299999999742,9.707124844871,4059.769151694855
1244.349999999742,284.349999999742,9.706923343949,4060.254502899576
1244.399999999741,284.399999999741,9.706721843028,4060.739844029241
1244.449999999741,284.449999999741,9.706520342106,4061.225175083869
1244.499999999741,284.499999999741,9.706318841185,4061.710496063451
1244.549999999741,284.549999999741,9.706117340263,4062.195806967986
1244.599999999741,284.599999999741,9.705915839341,4062.681107797476
1244.649999999741,284.649999999741,9.705714338420,4063.166398551922
1244.699999999741,284.699999999741,9.705512837498,4063.651679231319
1244.749999999741,284.749999999741,9.705311336577,4064.136949835671
1244.799999999741,284.799999999741,9.705109835655,4064.622210364976
1244.849999999741,284.849999999741,9.704908334734,4065.107460819235
1244.899999999741,284.899999999741,9.704706833812,4065.592701198451
1244.949999999741,284.949999999741,9.704505332891,4066.077931502618
1244.999999999741,284.999999999741,9.704303831969,4066.563151731739
1245.044444444444,285.044444444444,9.704124720038,4066.994450146515
1245.049999999741,285.049999999741,9.704102707637,4067.048361886860
1245.099999999741,285.099999999741,9.703904596023,4067.533562069451
1245.149999999741,285.149999999741,9.703706484409,4068.018752346463
1245.199999999740,285.199999999740,9.703508372794,4068.503932717882
1245.249999999740,285.249999999740,9.703310261180,4068.989103183733
1245.299999999740,285.299999999740,9.703112149566,4069.474263744001
1245.349999999740,285.349999999740,9.702914037951,4069.959414398689
1245.399999999740,285.399999999740,9.702715926337,4070.444555147796
1245.449999999740,285.449999999740,9.702518116350,4070.929685998862
1245.499999999740,285.499999999740,9.702320627124,4071.414806967451
1245.549999999740,285.549999999740,9.702123137899,4071.899918061576
1245.599999999740,285.599999999740,9.701925648674,4072.385019281240
1245.649999999740,285.649999999740,9.701728159449,4072.870110626443
1245.699999999740,285.699999999740,9.701530670224,4073.355192097184
1245.749999999740,285.749999999740,9.701333180999,4073.840263693467
1245.799999999740,285.799999999740,9.701135691774,4074.325325415286
1245.849999999740,285.849999999740,9.700938202549,4074.810377262643
1245.899999999740,285.899999999740,9.700740713324,4075.295419235540
1245.949999999740,285.949999999740,9.700543224098,4075.780451333975
1245.999999999740,285.999999999740,9.700345734873,4076.265473557951
1246.044444444444,286.044444444444,9.700170188894,4076.696596136551
1246.049999999740,286.049999999740,9.700148659925,4076.750485908614
1246.099999999740,286.099999999740,9.699954899191,4077.235488497591
1246.149999999740,286.149999999740,9.699761138457,4077.720481398532
1246.199999999740,286.199999999740,9.699567377722,4078.205464611436
1246.249999999740,286.249999999740,9.699373616988,4078.690438136305
1246.299999999740,286.299999999740,9.699179856254,4079.175401973136
1246.349999999740,286.349999999740,9.698986095520,4079.660356121929
1246.399999999740,286.399999999740,9.698792334786,4080.145300582687
1246.449999999740,286.449999999740,9.698598574052,4080.630235355407
1246.499999999740,286.499999999740,9.698404813317,4081.115160440093
1246.549999999740,286.549999999740,9.698211052583,4081.600075836740
1246.599999999739,286.599999999739,9.698017291849,4082.084981545342
1246.649999999739,286.649999999739,9.697823531115,4082.569877565915
1246.699999999739,286.699999999739,9.697629770381,4083.054763898452
1246.749999999739,286.749999999739,9.697436009647,4083.539640542952
1246.799999999739,286.799999999739,9.697242248912,4084.024507499416
1246.849999999739,286.849999999739,9.697048488178,4084.509364767845
1246.899999999739,286.899999999739,9.696854727444,4084.994212348235
1246.949999999739,286.949999999739,9.696660966710,4085.479050240589
1246.999999999739,286.999999999739,9.696467205976,4085.963878444905
1247.044444444444,287.044444444444,9.696294974211,4086.394828718103
1247.049999999739,287.049999999739,9.696273887022,4086.448696962412
1247.099999999739,287.099999999739,9.696084102310,4086.933505912147
1247.149999999739,287.149999999739,9.695894317599,4087.418305372645
1247.199999999739,287.199999999739,9.695704532887,4087.903095343906
1247.249999999739,287.249999999739,9.695514748176,4088.387875825932
1247.299999999739,287.299999999739,9.695324963464,4088.872646818723
1247.349999999739,287.349999999739,9.695135178753,4089.357408322280
1247.399999999738,287.399999999738,9.694945394041,4089.842160336589
1247.449999999738,287.449999999738,9.694755609330,4090.326902861675
1247.499999999738,287.499999999738,9.694565824619,4090.811635897523
1247.549999999738,287.549999999738,9.694376039907,4091.296359444136
1247.599999999738,287.599999999738,9.694186255196,4091.781073501513
1247.649999999738,287.649999999738,9.693996470484,4092.265778069655
1247.699999999738,287.699999999738,9.693806685773,4092.750473148563
1247.749999999738,287.749999999738,9.693616901061,4093.235158738233
1247.799999999738,287.799999999738,9.693427116350,4093.719834838668
1247.849999999738,287.849999999738,9.693237331638,4094.204501449867
1247.899999999738,287.899999999738,9.693047546927,4094.689158571831
1247.949999999738,287.949999999738,9.692857762215,4095.173806204561
1247.999999999738,287.999999999738,9.692667977504,4095.658444348054
1248.044444444444,288.044444444444,9.692499279981,4096.089225845200
1248.049999999738,288.049999999738,9.692478619349,4096.143073003495
1248.099999999738,288.099999999738,9.692292673653,4096.627692285820
1248.149999999738,288.149999999738,9.692106727957,4097.112302270860
1248.199999999738,288.199999999738,9.691920782260,4097.596902958617
1248.249999999738,288.249999999738,9.691734836564,4098.081494349087
1248.299999999738,288.299999999738,9.691548890868,4098.566076442272
1248.349999999738,288.349999999738,9.691362945171,4099.050649238173
1248.399999999738,288.399999999738,9.691176999475,4099.535212736789
1248.449999999738,288.449999999738,9.690991053779,4100.019766938121
1248.499999999738,288.499999999738,9.690805108082,4100.504311842167
1248.549999999738,288.549999999738,9.690619162386,4100.988847448929
1248.599999999738,288.599999999738,9.690433216689,4101.473373758406
1248.649999999738,288.649999999738,9.690247270993,4101.957890770597
1248.699999999738,288.699999999738,9.690061325297,4102.442398485507
1248.749999999738,288.749999999738,9.689875379600,4102.926896903128
1248.799999999737,288.799999999737,9.689689433904,4103.411386023457
1248.849999999737,288.849999999737,9.689503488208,4103.895865846509
1248.899999999737,288.899999999737,9.689317542511,4104.380336372276
1248.949999999737,288.949999999737,9.689131596815,4104.864797600759
1248.999999999737,288.999999999737,9.688945651119,4105.349249531957
1249.044444444444,289.044444444444,9.688780366054,4105.779865668217
1249.049999999737,289.049999999737,9.688760123326,4105.833692167033
1249.099999999737,289.099999999737,9.688577938763,4106.318125618585
1249.149999999737,289.149999999737,9.688395754199,4106.802549960909
1249.199999999737,289.199999999737,9.688213569636,4107.286965194005
1249.249999999737,289.249999999737,9.688031385073,4107.771371317872
1249.299999999737,289.299999999737,9.687849200509,4108.255768332513
1249.349999999737,289.349999999737,9.687667015946,4108.740156237924
1249.399999999737,289.399999999737,9.687484831383,4109.224535034106
1249.449999999737,289.449999999737,9.687302646819,4109.708904721061
1249.499999999737,289.499999999737,9.687120462256,4110.193265298788
1249.549999999737,289.549999999737,9.686938277693,4110.677616767289
1249.599999999736,289.599999999736,9.686756093129,4111.161959126548
1249.649999999736,289.649999999736,9.686573908566,4111.646292376592
1249.699999999736,289.699999999736,9.686391724003,4112.130616517406
1249.749999999736,289.749999999736,9.686209539439,4112.614931548991
1249.799999999736,289.799999999736,9.686027354876,4113.099237471349
1249.849999999736,289.849999999736,9.685845170313,4113.583534284478
1249.899999999736,289.899999999736,9.685662985750,4114.067821988382
1249.949999999736,289.949999999736,9.685480801186,4114.552100583055
1249.999999999736,289.999999999736,9.685298616623,4115.036370068500
1250.044444444444,290.044444444444,9.685136674788,4115.466824188640
1250.049999999736,290.049999999736,9.685116842839,4115.520630445858
1250.099999999736,290.099999999736,9.684938355288,4116.004881825811
1250.149999999736,290.149999999736,9.684759867737,4116.489124281388
1250.199999999736,290.199999999736,9.684581380187,4116.973357812586
1250.249999999736,290.249999999736,9.684402892636,4117.457582419406
1250.299999999736,290.299999999736,9.684224405086,4117.941798101849
1250.349999999736,290.349999999736,9.684045917535,4118.426004859914
1250.399999999736,290.399999999736,9.683867429984,4118.910202693603
1250.449999999736,290.449999999736,9.683688942434,4119.394391602914
1250.499999999736,290.499999999736,9.683510454883,4119.878571587847
1250.549999999736,290.549999999736,9.683331967332,4120.362742648402
1250.599999999736,290.599999999736,9.683153479782,4120.846904784579
1250.649999999736,290.649999999736,9.682974992231,4121.331057996381
1250.699999999736,290.699999999736,9.682796504680,4121.815202283803
1250.749999999736,290.749999999736,9.682618017130,4122.299337646848
1250.799999999736,290.799999999736,9.682439529579,4122.783464085514
1250.849999999736,290.849999999736,9.682261042028,4123.267581599805
1250.899999999736,290.899999999736,9.682082554478,4123.751690189719
1250.949999999736,290.949999999736,9.681904066927,4124.235789855254
1250.999999999735,290.999999999735,9.681725579377,4124.719880596402
1251.044444444444,291.044444444444,9.681566923775,4125.150175987921
1251.049999999735,291.049999999735,9.681547496668,4125.203962414306
1251.099999999735,291.099999999735,9.681372652696,4125.688035418040
1251.149999999735,291.149999999735,9.681197808725,4126.172099679576
1251.199999999735,291.199999999735,9.681022964753,4126.656155198913
1251.249999999735,291.249999999735,9.680848120782,4127.140201976053
1251.299999999735,291.299999999735,9.680673276810,4127.624240010992
1251.349999999735,291.349999999735,9.680498432838,4128.108269303733
1251.399999999735,291.399999999735,9.680323588867,4128.592289854276
1251.449999999735,291.449999999735,9.680148744895,4129.076301662620
1251.499999999735,291.499999999735,9.679973900923,4129.560304728767
1251.549999999735,291.549999999735,9.679799056952,4130.044299052714
1251.599999999735,291.599999999735,9.679624212980,4130.528284634462
1251.649999999735,291.649999999735,9.679449369009,4131.012261474011
1251.699999999735,291.699999999735,9.679274525037,4131.496229571362
1251.749999999735,291.749999999735,9.679099681065,4131.980188926516
1251.799999999734,291.799999999734,9.678924837094,4132.464139539459
1251.849999999734,291.849999999734,9.678749993122,4132.948081410216
1251.899999999734,291.899999999734,9.678575149150,4133.432014538773
1251.949999999734,291.949999999734,9.678400305179,4133.915938925131
1251.999999999734,291.999999999734,9.678225461207,4134.399854569290
1252.044444444444,292.044444444444,9.678070044343,4134.829994471984
1252.049999999734,292.049999999734,9.678051016981,4134.883761472361
1252.099999999734,292.099999999734,9.677879770715,4135.367659742054
1252.149999999734,292.149999999734,9.677708524449,4135.851549449433
1252.199999999734,292.199999999734,9.677537278183,4136.335430594499
1252.249999999734,292.249999999734,9.677366031917,4136.819303177251
1252.299999999734,292.299999999734,9.677194785651,4137.303167197690
1252.349999999734,292.349999999734,9.677023539385,4137.787022655817
1252.399999999734,292.399999999734,9.676852293119,4138.270869551629
1252.449999999734,292.449999999734,9.676681046853,4138.754707885128
1252.499999999734,292.499999999734,9.676509800587,4139.238537656314
1252.549999999734,292.549999999734,9.676338554321,4139.722358865187
1252.599999999734,292.599999999734,9.676167308055,4140.206171511748
1252.649999999734,292.649999999734,9.675996061789,4140.689975595994
1252.699999999734,292.699999999734,9.675824815523,4141.173771117927
1252.749999999734,292.749999999734,9.675653569257,4141.657558077546
1252.799999999734,292.799999999734,9.675482322991,4142.141336474851
1252.849999999734,292.849999999734,9.675311076725,4142.625106309846
1252.899999999734,292.899999999734,9.675139830459,4143.108867582525
1252.949999999734,292.949999999734,9.674968584193,4143.592620292890
1252.999999999734,292.999999999734,9.674797337927,4144.076364440943
1253.044444444444,293.044444444444,9.674645119023,4144.506352053667
1253.049999999734,293.049999999734,9.674626486442,4144.560100027778
1253.099999999734,293.099999999734,9.674458793212,4145.043827159771
1253.149999999734,293.149999999734,9.674291099981,4145.527545907101
1253.199999999733,293.199999999733,9.674123406751,4146.011256269760
1253.249999999733,293.249999999733,9.673955713520,4146.494958247766
1253.299999999733,293.299999999733,9.673788020289,4146.978651841110
1253.349999999733,293.349999999733,9.673620327059,4147.462337049794
1253.399999999733,293.399999999733,9.673452633828,4147.946013873816
1253.449999999733,293.449999999733,9.673284940598,4148.429682313178
1253.499999999733,293.499999999733,9.673117247367,4148.913342367877
1253.549999999733,293.549999999733,9.672949554136,4149.396994037914
1253.599999999733,293.599999999733,9.672781860906,4149.880637323289
1253.649999999733,293.649999999733,9.672614167675,4150.364272224003
1253.699999999733,293.699999999733,9.672446474445,4150.847898740058
1253.749999999733,293.749999999733,9.672278781214,4151.331516871449
1253.799999999733,293.799999999733,9.672111087983,4151.815126618179
1253.849999999733,293.849999999733,9.671943394753,4152.298727980246
1253.899999999733,293.899999999733,9.671775701522,4152.782320957653
1253.949999999733,293.949999999733,9.671608008292,4153.265905550400
1253.999999999732,293.999999999732,9.671440315061,4153.749481758472
1254.044444444444,294.044444444444,9.671291254411,4154.179320240382
1254.049999999732,294.049999999732,9.671272996621,4154.233049582937
1254.099999999732,294.099999999732,9.671108676511,4154.716609124765
1254.149999999732,294.149999999732,9.670944356400,4155.200160450588
1254.199999999732,294.199999999732,9.670780036289,4155.683703560405
1254.249999999732,294.249999999732,9.670615716178,4156.167238454216
1254.299999999732,294.299999999732,9.670451396067,4156.650765132024
1254.349999999732,294.349999999732,9.670287075957,4157.134283593825
1254.399999999732,294.399999999732,9.670122755846,4157.617793839619
1254.449999999732,294.449999999732,9.669958435735,4158.101295869408
1254.499999999732,294.499999999732,9.669794115624,4158.584789683192
1254.549999999732,294.549999999732,9.669629795513,4159.068275280973
1254.599999999732,294.599999999732,9.669465475403,4159.551752662745
1254.649999999732,294.649999999732,9.669301155292,4160.035221828512
1254.699999999732,294.699999999732,9.669136835181,4160.518682778274
1254.749999999732,294.749999999732,9.668972515070,4161.002135512030
1254.799999999732,294.799999999732,9.668808194959,4161.485580029782
1254.849999999732,294.849999999732,9.668643874849,4161.969016331526
1254.899999999732,294.899999999732,9.668479554738,4162.452444417266
1254.949999999732,294.949999999732,9.668315234627,4162.935864286999
1254.999999999732,294.999999999732,9.668150914516,4163.419275940728
1255.044444444444,295.044444444444,9.668004852195,4163.848968293687
1255.049999999732,295.049999999732,9.667986963083,4163.902679379476
1255.099999999732,295.099999999732,9.667825961069,4164.386074702580
1255.149999999732,295.149999999732,9.667664959054,4164.869461975582
1255.199999999732,295.199999999732,9.667503957040,4165.352841198484
1255.249999999732,295.249999999732,9.667342955026,4165.836212371286
1255.299999999732,295.299999999732,9.667181953011,4166.319575493989
1255.349999999732,295.349999999732,9.667020950997,4166.802930566589
1255.399999999731,295.399999999731,9.666859948983,4167.286277589079
1255.449999999731,295.449999999731,9.666698946968,4167.769616561477
1255.499999999731,295.499999999731,9.666537944954,4168.252947483775
1255.549999999731,295.549999999731,9.666376942940,4168.736270355972
1255.599999999731,295.599999999731,9.666215940925,4169.219585178068
1255.649999999731,295.649999999731,9.666054938911,4169.702891950065
1255.699999999731,295.699999999731,9.665893936897,4170.186190671961
1255.749999999731,295.749999999731,9.665732934882,4170.669481343754
1255.799999999731,295.799999999731,9.665571932868,4171.152763965448
1255.849999999731,295.849999999731,9.665410930854,4171.636038537041
1255.899999999731,295.899999999731,9.665249928839,4172.119305058535
1255.949999999731,295.949999999731,9.665088926825,4172.602563529927
1255.999999999731,295.999999999731,9.664927924811,4173.085813951217
1256.044444444444,296.044444444444,9.664784811908,4173.515363125740
1256.049999999731,296.049999999731,9.664767295999,4173.569056323444
1256.099999999731,296.099999999731,9.664609652810,4174.052290747164
1256.149999999731,296.149999999731,9.664452009620,4174.535517288727
1256.199999999730,296.199999999730,9.664294366431,4175.018735948116
1256.249999999730,296.249999999730,9.664136723241,4175.501946725360
1256.299999999730,296.299999999730,9.663979080052,4175.985149620442
1256.349999999730,296.349999999730,9.663821436862,4176.468344633365
1256.399999999730,296.399999999730,9.663663793672,4176.951531764128
1256.449999999730,296.449999999730,9.663506150483,4177.434711012732
1256.499999999730,296.499999999730,9.663348507294,4177.917882379178
1256.549999999730,296.549999999730,9.663190864104,4178.401045863463
1256.599999999730,296.599999999730,9.663033220914,4178.884201465588
1256.649999999730,296.649999999730,9.662875577725,4179.367349185554
1256.699999999730,296.699999999730,9.662717934535,4179.850489023361
1256.749999999730,296.749999999730,9.662560291346,4180.333620979010
1256.799999999730,296.799999999730,9.662402648156,4180.816745052497
1256.849999999730,296.849999999730,9.662245004967,4181.299861243825
1256.899999999730,296.899999999730,9.662087361777,4181.782969552994
1256.949999999730,296.949999999730,9.661929718588,4182.266069980003
1256.999999999730,296.999999999730,9.661772075398,4182.749162524854
1257.044444444444,297.044444444444,9.661631948118,4183.178571505758
1257.049999999730,297.049999999730,9.661614807829,4183.232247188587
1257.099999999730,297.099999999730,9.661460545223,4183.715324072413
1257.149999999730,297.149999999730,9.661306282617,4184.198393243109
1257.199999999730,297.199999999730,9.661152020011,4184.681454700673
1257.249999999730,297.249999999730,9.660997757405,4185.164508445110
1257.299999999730,297.299999999730,9.660843494799,4185.647554476415
1257.349999999730,297.349999999730,9.660689232193,4186.130592794590
1257.399999999730,297.399999999730,9.660534969587,4186.613623399634
1257.449999999730,297.449999999730,9.660380706981,4187.096646291548
1257.499999999730,297.499999999730,9.660226444375,4187.579661470333
1257.549999999730,297.549999999730,9.660072181768,4188.062668935986
1257.599999999729,297.599999999729,9.659917919162,4188.545668688500
1257.649999999729,297.649999999729,9.659763656556,4189.028660727892
1257.699999999729,297.699999999729,9.659609393950,4189.511645054155
1257.749999999729,297.749999999729,9.659455131344,4189.994621667286
1257.799999999729,297.799999999729,9.659300868738,4190.477590567288
1257.849999999729,297.849999999729,9.659146606132,4190.960551754161
1257.899999999729,297.899999999729,9.658992343526,4191.443505227902
1257.949999999729,297.949999999729,9.658838080920,4191.926450988513
1257.999999999729,297.999999999729,9.658683818314,4192.409389035994
1258.044444444444,298.044444444444,9.658546695997,4192.838660827814
1258.049999999729,298.049999999729,9.658529913623,4192.892319371338
1258.099999999729,298.099999999729,9.658378872256,4193.375242090987
1258.149999999729,298.149999999729,9.658227830888,4193.858157258565
1258.199999999729,298.199999999729,9.658076789521,4194.341064874076
1258.249999999729,298.249999999729,9.657925748153,4194.823964937517
1258.299999999729,298.299999999729,9.657774706786,4195.306857448891
1258.349999999729,298.349999999729,9.657623665419,4195.789742408198
1258.399999999728,298.399999999728,9.657472624051,4196.272619815423
1258.449999999728,298.449999999728,9.657321582684,4196.755489670593
1258.499999999728,298.499999999728,9.657170541316,4197.238351973693
1258.549999999728,298.549999999728,9.657019499949,4197.721206724725
1258.599999999728,298.599999999728,9.656868458581,4198.204053923688
1258.649999999728,298.649999999728,9.656717417214,4198.686893570582
1258.699999999728,298.699999999728,9.656566375847,4199.169725665411
1258.749999999728,298.749999999728,9.656415334479,4199.652550208169
1258.799999999728,298.799999999728,9.656264293112,4200.135367198858
1258.849999999728,298.849999999728,9.656113251744,4200.618176637479
1258.899999999728,298.899999999728,9.655962210377,4201.100978524032
1258.949999999728,298.949999999728,9.655811169009,4201.583772858518
1258.999999999728,298.999999999728,9.655660127642,4202.066559640934
1259.044444444444,299.044444444444,9.655525868648,4202.495697110140
1259.049999999728,299.049999999728,9.655509459426,4202.549338872318
1259.099999999728,299.099999999728,9.655361776419,4203.032110653214
1259.149999999728,299.149999999728,9.655214093413,4203.514875049959
1259.199999999728,299.199999999728,9.655066410406,4203.997632062556
1259.249999999728,299.249999999728,9.654918727400,4204.480381691001
1259.299999999728,299.299999999728,9.654771044393,4204.963123935295
1259.349999999728,299.349999999728,9.654623361387,4205.445858795439
1259.399999999728,299.399999999728,9.654475678380,4205.928586271432
1259.449999999728,299.449999999728,9.654327995373,4206.411306363278
1259.499999999728,299.499999999728,9.654180312367,4206.894019070971
1259.549999999728,299.549999999728,9.654032629360,4207.376724394514
1259.599999999728,299.599999999728,9.653884946354,4207.859422333906
1259.649999999728,299.649999999728,9.653737263347,4208.342112889148
1259.699999999728,299.699999999728,9.653589580341,4208.824796060242
1259.749999999728,299.749999999728,9.653441897334,4209.307471847183
1259.799999999727,299.799999999727,9.653294214328,4209.790140249966
1259.849999999727,299.849999999727,9.653146531321,4210.272801268607
1259.899999999727,299.899999999727,9.652998848315,4210.755454903097
1259.949999999727,299.949999999727,9.652851165308,4211.238101153437
1259.999999999727,299.999999999727,9.652703482302,4211.720740019627
1260.044444444444,300.044444444444,9.652572208517,4212.149746148722
1260.049999999727,300.049999999727,9.652556164790,4212.203371502684
1260.099999999727,300.099999999727,9.652411771235,4212.685995701084
1260.149999999727,300.149999999727,9.652267377680,4213.168612679806
1260.199999999727,300.199999999727,9.652122984125,4213.651222438851
1260.249999999727,300.249999999727,9.651978590570,4214.133824978217
1260.299999999727,300.299999999727,9.651834197015,4214.616420297909
1260.349999999727,300.349999999727,9.651689803460,4215.099008397920
1260.399999999727,300.399999999727,9.651545409905,4215.581589278254
1260.449999999727,300.449999999727,9.651401016350,4216.064162938910
1260.499999999727,300.499999999727,9.651256622795,4216.546729379888
1260.549999999727,300.549999999727,9.651112229240,4217.029288601191
1260.599999999726,300.599999999726,9.650967835685,4217.511840602803
1260.649999999726,300.649999999726,9.650823442130,4217.994385384750
1260.699999999726,300.699999999726,9.650679048575,4218.476922947017
1260.749999999726,300.749999999726,9.650534655020,4218.959453289606
1260.799999999726,300.799999999726,9.650390261465,4219.441976412518
1260.849999999726,300.849999999726,9.650245867910,4219.924492315752
1260.899999999726,300.899999999726,9.650101474355,4220.407000999310
1260.949999999726,300.949999999726,9.649957080800,4220.889502463188
1260.999999999726,300.999999999726,9.649812687245,4221.371996707389
1261.044444444444,301.044444444444,9.649684337417,4221.800874421689
1261.049999999726,301.049999999726,9.649668658118,4221.854483732925
1261.099999999726,301.099999999726,9.649527544415,4222.336963637988
1261.149999999726,301.149999999726,9.649386430712,4222.819436487367
1261.199999999726,301.199999999726,9.649245317009,4223.301902281059
1261.249999999726,301.249999999726,9.649104203306,4223.784361019067
1261.299999999726,301.299999999726,9.648963089604,4224.266812701389
1261.349999999726,301.349999999726,9.648821975901,4224.749257328026
1261.399999999726,301.399999999726,9.648680862198,4225.231694898980
1261.449999999726,301.449999999726,9.648539748495,4225.714125414247
1261.499999999726,301.499999999726,9.648398634792,4226.196548873829
1261.549999999726,301.549999999726,9.648257521090,4226.678965277725
1261.599999999726,301.599999999726,9.648116407387,4227.161374625936
1261.649999999726,301.649999999726,9.647975293684,4227.643776918465
1261.699999999726,301.699999999726,9.647834179981,4228.126172155306
1261.749999999726,301.749999999726,9.647693066278,4228.608560336463
1261.799999999726,301.799999999726,9.647551952575,4229.090941461934
1261.849999999726,301.849999999726,9.647410838873,4229.573315531719
1261.899999999726,301.899999999726,9.647269725170,4230.055682545822
1261.949999999726,301.949999999726,9.647128611467,4230.538042504238
1261.999999999725,301.999999999725,9.646987497764,4231.020395406959
1262.044444444444,302.044444444444,9.646862063361,4231.449147622076
1262.049999999725,302.049999999725,9.646846741735,4231.502741254998
1262.099999999725,302.099999999725,9.646708847099,4231.985080144718
1262.149999999725,302.149999999725,9.646570952463,4232.467412139707
1262.199999999725,302.199999999725,9.646433057827,4232.949737239964
1262.249999999725,302.249999999725,9.646295163191,4233.432055445491
1262.299999999725,302.299999999725,9.646157268555,4233.914366756284
1262.349999999725,302.349999999725,9.646019373919,4234.396671172345
1262.399999999725,302.399999999725,9.645881479283,4234.878968693674
1262.449999999725,302.449999999725,9.645743584647,4235.361259320272
1262.499999999725,302.499999999725,9.645605690011,4235.843543052140
1262.549999999725,302.549999999725,9.645467795375,4236.325819889274
1262.599999999725,302.599999999725,9.645329900739,4236.808089831677
1262.649999999725,302.649999999725,9.645192006103,4237.290352879348
1262.699999999725,302.699999999725,9.645054111467,4237.772609032287
1262.749999999725,302.749999999725,9.644916216831,4238.254858290496
1262.799999999724,302.799999999724,9.644778322195,4238.737100653960
1262.849999999724,302.849999999724,9.644640427559,4239.219336122705
1262.899999999724,302.899999999724,9.644502532923,4239.701564696717
1262.949999999724,302.949999999724,9.644364638287,4240.183786375997
1262.999999999724,302.999999999724,9.644226743651,4240.666001160545
1263.044444444444,303.044444444444,9.644104170640,4241.094630739077
1263.049999999724,303.049999999724,9.644089204375,4241.148209051349
1263.099999999724,303.099999999724,9.643954507979,4241.630410144160
1263.149999999724,303.149999999724,9.643819811583,4242.112604502148
1263.199999999724,303.199999999724,9.643685115188,4242.594792125317
1263.249999999724,303.249999999724,9.643550418792,4243.076973013666
1263.299999999724,303.299999999724,9.643415722396,4243.559147167195
1263.349999999724,303.349999999724,9.643281026001,4244.041314585907
1263.399999999724,303.399999999724,9.643146329605,4244.523475269796
1263.449999999724,303.449999999724,9.643011633209,4245.005629218866
1263.499999999724,303.499999999724,9.642876936814,4245.487776433116
1263.549999999724,303.549999999724,9.642742240418,4245.969916912546
1263.599999999724,303.599999999724,9.642607544022,4246.452050657159
1263.649999999724,303.649999999724,9.642472847627,4246.934177666950
1263.699999999724,303.699999999724,9.642338151231,4247.416297941921
1263.749999999724,303.749999999724,9.642203454835,4247.898411482072
1263.799999999724,303.799999999724,9.642068758439,4248.380518287404
1263.849999999724,303.849999999724,9.641934062044,4248.862618357918
1263.899999999724,303.899999999724,9.641799365648,4249.344711693610
1263.949999999724,303.949999999724,9.641664669252,4249.826798294483
1263.999999999724,303.999999999724,9.641529972857,4250.308878160535
1264.044444444444,304.044444444444,9.641410242727,4250.737387945761
1264.049999999724,304.049999999724,9.641395631330,4250.790951292754
1264.099999999724,304.099999999724,9.641264128751,4251.273017786757
1264.149999999724,304.149999999724,9.641132626172,4251.755077705629
1264.199999999723,304.199999999723,9.641001123593,4252.237131049365
1264.249999999723,304.249999999723,9.640869621014,4252.719177817979
1264.299999999723,304.299999999723,9.640738118435,4253.201218011465
1264.349999999723,304.349999999723,9.640606615856,4253.683251629822
1264.399999999723,304.399999999723,9.640475113277,4254.165278673050
1264.449999999723,304.449999999723,9.640343610698,4254.647299141151
1264.499999999723,304.499999999723,9.640212108119,4255.129313034121
1264.549999999723,304.549999999723,9.640080605540,4255.611320351962
1264.599999999723,304.599999999723,9.639949102961,4256.093321094674
1264.649999999723,304.649999999723,9.639817600382,4256.575315262257
1264.699999999723,304.699999999723,9.639686097803,4257.057302854714
1264.749999999723,304.749999999723,9.639554595224,4257.539283872039
1264.799999999723,304.799999999723,9.639423092645,4258.021258314236
1264.849999999723,304.849999999723,9.639291590066,4258.503226181303
1264.899999999723,304.899999999723,9.639160087487,4258.985187473241
1264.949999999723,304.949999999723,9.639028584909,4259.467142190053
1264.999999999722,304.999999999722,9.638897082330,4259.949090331723
1265.044444444444,305.044444444444,9.638780191148,4260.377483162699
1265.049999999722,305.049999999722,9.638765933470,4260.431031899259
1265.099999999722,305.099999999722,9.638637614363,4260.912966987955
1265.149999999722,305.149999999722,9.638509295257,4261.394895660695
1265.199999999722,305.199999999722,9.638380976150,4261.876817917479
1265.249999999722,305.249999999722,9.638252657044,4262.358733758309
1265.299999999722,305.299999999722,9.638124337937,4262.840643183185
1265.349999999722,305.349999999722,9.637996018831,4263.322546192103
1265.399999999722,305.399999999722,9.637867699724,4263.804442785066
1265.449999999722,305.449999999722,9.637739380618,4264.286332962074
1265.499999999722,305.499999999722,9.637611061511,4264.768216723127
1265.549999999722,305.549999999722,9.637482742404,4265.250094068227
1265.599999999722,305.599999999722,9.637354423298,4265.731964997369
1265.649999999722,305.649999999722,9.637226104191,4266.213829510555
1265.699999999722,305.699999999722,9.637097785085,4266.695687607787
1265.749999999722,305.749999999722,9.636969465978,4267.177539289063
1265.799999999722,305.799999999722,9.636841146872,4267.659384554386
1265.849999999722,305.849999999722,9.636712827765,4268.141223403752
1265.899999999722,305.899999999722,9.636584508659,4268.623055837162
1265.949999999722,305.949999999722,9.636456189552,4269.104881854617
1265.999999999722,305.999999999722,9.636327870446,4269.586701456116
1266.044444444444,306.044444444444,9.636213809017,4270.014980162780
1266.049999999722,306.049999999722,9.636199902891,4270.068514642639
1266.099999999722,306.099999999722,9.636074747757,4270.550321508906
1266.149999999722,306.149999999722,9.635949592623,4271.032122117414
1266.199999999722,306.199999999722,9.635824437488,4271.513916468167
1266.249999999722,306.249999999722,9.635699282354,4271.995704561163
1266.299999999722,306.299999999722,9.635574127219,4272.477486396404
1266.349999999722,306.349999999722,9.635448972085,4272.959261973886
1266.399999999721,306.399999999721,9.635323816951,4273.441031293602
1266.449999999721,306.449999999721,9.635198661816,4273.922794355572
1266.499999999721,306.499999999721,9.635073506682,4274.404551159783
1266.549999999721,306.549999999721,9.634948351547,4274.886301706239
1266.599999999721,306.599999999721,9.634823196413,4275.368045994937
1266.649999999721,306.649999999721,9.634698041279,4275.849784025881
1266.699999999721,306.699999999721,9.634572886144,4276.331515799066
1266.749999999721,306.749999999721,9.634447731010,4276.813241314495
1266.799999999721,306.799999999721,9.634322575875,4277.294960572167
1266.849999999721,306.849999999721,9.634197420741,4277.776673572082
1266.899999999721,306.899999999721,9.634072265607,4278.258380314242
1266.949999999721,306.949999999721,9.633947110472,4278.740080798644
1266.999999999721,306.999999999721,9.633821955338,4279.221775025289
1267.044444444444,307.044444444444,9.633710706329,4279.649942420455
1267.049999999721,307.049999999721,9.633697148363,4279.703462995145
1267.099999999721,307.099999999721,9.633575126668,4280.185144802021
1267.149999999721,307.149999999721,9.633453104972,4280.666820507813
1267.199999999720,307.199999999720,9.633331083277,4281.148490112508
1267.249999999720,307.249999999720,9.633209061581,4281.630153616131
1267.299999999720,307.299999999720,9.633087039885,4282.111811018667
1267.349999999720,307.349999999720,9.632965018190,4282.593462320118
1267.399999999720,307.399999999720,9.632842996494,4283.075107520485
1267.449999999720,307.449999999720,9.632720974799,4283.556746619767
1267.499999999720,307.499999999720,9.632598953103,4284.038379617967
1267.549999999720,307.549999999720,9.632476931408,4284.520006515079
1267.599999999720,307.599999999720,9.632354909712,4285.001627311107
1267.649999999720,307.649999999720,9.632232888017,4285.483242006049
1267.699999999720,307.699999999720,9.632110866321,4285.964850599908
1267.749999999720,307.749999999720,9.631988844626,4286.446453092683
1267.799999999720,307.799999999720,9.631866822930,4286.928049484371
1267.849999999720,307.849999999720,9.631744801234,4287.409639774974
1267.899999999720,307.899999999720,9.631622779539,4287.891223964493
1267.949999999720,307.949999999720,9.631500757843,4288.372802052927
1267.999999999720,307.999999999720,9.631378736148,4288.854374040278
1268.044444444444,308.044444444444,9.631270272418,4289.282432909828
1268.049999999720,308.049999999720,9.631257058391,4289.335939927499
1268.099999999720,308.099999999720,9.631138132139,4289.817499807262
1268.149999999720,308.149999999720,9.631019205887,4290.299053740712
1268.199999999720,308.199999999720,9.630900279636,4290.780601727850
1268.249999999720,308.249999999720,9.630781353384,4291.262143768678
1268.299999999720,308.299999999720,9.630662427133,4291.743679863190
1268.349999999720,308.349999999720,9.630543500881,4292.225210011389
1268.399999999720,308.399999999720,9.630424574629,4292.706734213277
1268.449999999720,308.449999999720,9.630305648378,4293.188252468852
1268.499999999720,308.499999999720,9.630186722126,4293.669764778116
1268.549999999720,308.549999999720,9.630067795874,4294.151271141065
1268.599999999719,308.599999999719,9.629948869623,4294.632771557694
1268.649999999719,308.649999999719,9.629829943371,4295.114266028018
1268.699999999719,308.699999999719,9.629711017120,4295.595754552030
1268.749999999719,308.749999999719,9.629592090868,4296.077237129730
1268.799999999719,308.799999999719,9.629473164616,4296.558713761116
1268.849999999719,308.849999999719,9.629354238365,4297.040184446193
1268.899999999719,308.899999999719,9.629235312113,4297.521649184954
1268.949999999719,308.949999999719,9.629116385862,4298.003107977403
1268.999999999719,308.999999999719,9.628997459610,4298.484560823540
1269.044444444444,309.044444444444,9.628891747386,4298.912513919731
1269.049999999719,309.049999999719,9.628878869997,4298.966007724300
1269.099999999719,309.099999999719,9.628762973496,4299.447448770389
1269.149999999719,309.149999999719,9.628647076995,4299.928884021651
1269.199999999719,309.199999999719,9.628531180494,4300.410313478088
1269.249999999719,309.249999999719,9.628415283993,4300.891737139700
1269.299999999719,309.299999999719,9.628299387492,4301.373155006487
1269.349999999719,309.349999999719,9.628183490991,4301.854567078451
1269.399999999718,309.399999999718,9.628067594490,4302.335973355576
1269.449999999718,309.449999999718,9.627951697989,4302.817373837890
1269.499999999718,309.499999999718,9.627835801488,4303.298768525377
1269.549999999718,309.549999999718,9.627719904987,4303.780157418038
1269.599999999718,309.599999999718,9.627604008486,4304.261540515874
1269.649999999718,309.649999999718,9.627488111985,4304.742917818885
1269.699999999718,309.699999999718,9.627372215484,4305.224289327073
1269.749999999718,309.749999999718,9.627256318983,4305.705655040434
1269.799999999718,309.799999999718,9.627140422481,4306.187014958970
1269.849999999718,309.849999999718,9.627024525980,4306.668369082681
1269.899999999718,309.899999999718,9.626908629479,4307.149717411568
1269.949999999718,309.949999999718,9.626792732978,4307.631059945631
1269.999999999718,309.999999999718,9.626676836477,4308.112396684867
1270.044444444444,310.044444444444,9.626573817365,4308.540246702107
1270.049999999718,310.049999999718,9.626561268082,4308.593727630189
1270.099999999718,310.099999999718,9.626448324533,4309.075052870005
1270.149999999718,310.149999999718,9.626335380984,4309.556372462642
1270.199999999718,310.199999999718,9.626222437435,4310.037686408104
1270.249999999718,310.249999999718,9.626109493886,4310.518994706386
1270.299999999718,310.299999999718,9.625996550337,4311.000297357492
1270.349999999718,310.349999999718,9.625883606788,4311.481594361419
1270.399999999718,310.399999999718,9.625770663239,4311.962885718170
1270.449999999718,310.449999999718,9.625657719690,4312.444171427745
1270.499999999718,310.499999999718,9.625544776141,4312.925451490139
1270.549999999718,310.549999999718,9.625431832592,4313.406725905357
1270.599999999718,310.599999999718,9.625318889043,4313.887994673398
1270.649999999718,310.649999999718,9.625205945494,4314.369257794261
1270.699999999718,310.699999999718,9.625093001945,4314.850515267949
1270.749999999717,310.749999999717,9.624980058396,4315.331767094446
1270.799999999717,310.799999999717,9.624867114847,4315.813013273779
1270.849999999717,310.849999999717,9.624754171298,4316.294253805932
1270.899999999717,310.899999999717,9.624641227749,4316.775488690908
1270.949999999717,310.949999999717,9.624528284200,4317.256717928706
1270.999999999717,310.999999999717,9.624415340651,4317.737941519327
1271.044444444444,311.044444444444,9.624314946385,4318.165691083982
1271.049999999717,311.049999999717,9.624302718308,4318.219159463665
1271.099999999717,311.099999999717,9.624192665613,4318.700371848263
1271.149999999717,311.149999999717,9.624082612918,4319.181578730226
1271.199999999717,311.199999999717,9.623972560224,4319.662780109554
1271.249999999717,311.249999999717,9.623862507529,4320.143975986247
1271.299999999717,311.299999999717,9.623752454834,4320.625166360308
1271.349999999717,311.349999999717,9.623642402139,4321.106351231731
1271.399999999717,311.399999999717,9.623532349444,4321.587530600521
1271.449999999717,311.449999999717,9.623422296749,4322.068704466676
1271.499999999717,311.499999999717,9.623312244055,4322.549872830195
1271.549999999717,311.549999999717,9.623202191360,4323.031035691082
1271.599999999716,311.599999999716,9.623092138665,4323.512193049321
1271.649999999716,311.649999999716,9.622982085970,4323.993344904939
1271.699999999716,311.699999999716,9.622872033275,4324.474491257920
1271.749999999716,311.749999999716,9.622761980581,4324.955632108265
1271.799999999716,311.799999999716,9.622651927886,4325.436767455977
1271.849999999716,311.849999999716,9.622541875191,4325.917897301054
1271.899999999716,311.899999999716,9.622431822496,4326.399021643498
1271.949999999716,311.949999999716,9.622321769801,4326.880140483305
1271.999999999716,311.999999999716,9.622211717107,4327.361253820477
1272.044444444444,312.044444444444,9.622113892488,4327.788905503418
1272.049999999716,312.049999999716,9.622101983362,4327.842361655900
1272.099999999716,312.099999999716,9.621994801222,4328.323464075514
1272.149999999716,312.149999999716,9.621887619082,4328.804561136024
1272.199999999716,312.199999999716,9.621780436941,4329.285652837424
1272.249999999716,312.249999999716,9.621673254801,4329.766739179718
1272.299999999716,312.299999999716,9.621566072661,4330.247820162904
1272.349999999716,312.349999999716,9.621458890520,4330.728895786983
1272.399999999716,312.399999999716,9.621351708380,4331.209966051957
1272.449999999716,312.449999999716,9.621244526240,4331.691030957822
1272.499999999716,312.499999999716,9.621137344100,4332.172090504580
1272.549999999716,312.549999999716,9.621030161959,4332.653144692232
1272.599999999716,312.599999999716,9.620922979819,4333.134193520776
1272.649999999716,312.649999999716,9.620815797678,4333.615236990215
1272.699999999716,312.699999999716,9.620708615538,4334.096275100545
1272.749999999716,312.749999999716,9.620601433398,4334.577307851768
1272.799999999716,312.799999999716,9.620494251258,4335.058335243883
1272.849999999716,312.849999999716,9.620387069117,4335.539357276893
1272.899999999716,312.899999999716,9.620279886977,4336.020373950797
1272.949999999715,312.949999999715,9.620172704837,4336.501385265581
1272.999999999715,312.999999999715,9.620065522696,4336.982391221271
1273.044444444444,313.044444444444,9.619970249682,4337.409947574505
1273.049999999715,313.049999999715,9.619958655282,4337.463391818726
1273.099999999715,313.099999999715,9.619854305671,4337.944387142750
1273.149999999715,313.149999999715,9.619749956060,4338.425377249293
1273.199999999715,313.199999999715,9.619645606450,4338.906362138356
1273.249999999715,313.249999999715,9.619541256839,4339.387341809939
1273.299999999715,313.299999999715,9.619436907228,4339.868316264041
1273.349999999715,313.349999999715,9.619332557618,4340.349285500662
1273.399999999715,313.399999999715,9.619228208007,4340.830249519802
1273.449999999715,313.449999999715,9.619123858397,4341.311208321462
1273.499999999715,313.499999999715,9.619019508786,4341.792161905643
1273.549999999715,313.549999999715,9.618915159175,4342.273110272342
1273.599999999715,313.599999999715,9.618810809565,4342.754053421560
1273.649999999715,313.649999999715,9.618706459954,4343.234991353297
1273.699999999715,313.699999999715,9.618602110343,4343.715924067554
1273.749999999715,313.749999999715,9.618497760733,4344.196851564332
1273.799999999714,313.799999999714,9.618393411122,4344.677773843617
1273.849999999714,313.849999999714,9.618289061512,4345.158690905434
1273.899999999714,313.899999999714,9.618184711901,4345.639602749769
1273.949999999714,313.949999999714,9.618080362290,4346.120509376623
1273.999999999714,313.999999999714,9.617976012680,4346.601410785996
1274.044444444444,314.044444444444,9.617883257470,4347.028874328080
1274.049999999714,314.049999999714,9.617871973013,4347.082306978750
1274.099999999714,314.099999999714,9.617770412902,4347.563198038400
1274.149999999714,314.149999999714,9.617668852791,4348.044084020042
1274.199999999714,314.199999999714,9.617567292680,4348.524964923678
1274.249999999714,314.249999999714,9.617465732569,4349.005840749309
1274.299999999714,314.299999999714,9.617364172458,4349.486711496934
1274.349999999714,314.349999999714,9.617262612346,4349.967577166556
1274.399999999714,314.399999999714,9.617161052235,4350.448437758170
1274.449999999714,314.449999999714,9.617059492124,4350.929293271779
1274.499999999714,314.499999999714,9.616957932013,4351.410143707382
1274.549999999714,314.549999999714,9.616856371902,4351.890989064979
1274.599999999714,314.599999999714,9.616754811790,4352.371829344574
1274.649999999714,314.649999999714,9.616653251679,4352.852664546160
1274.699999999714,314.699999999714,9.616551691568,4353.333494669741
1274.749999999714,314.749999999714,9.616450131457,4353.814319715316
1274.799999999714,314.799999999714,9.616348571346,4354.295139682886
1274.849999999714,314.849999999714,9.616247011235,4354.775954572452
1274.899999999714,314.899999999714,9.616145451124,4355.256764384010
1274.949999999714,314.949999999714,9.616043891012,4355.737569117563
1274.999999999714,314.999999999714,9.615942330901,4356.218368773110
1275.044444444444,315.044444444444,9.615852055246,4356.645741984438
1275.049999999714,315.049999999714,9.615841075982,4356.699163351500
1275.099999999714,315.099999999714,9.615742262599,4357.179952934966
1275.149999999713,315.149999999713,9.615643449215,4357.660737577750
1275.199999999713,315.199999999713,9.615544635832,4358.141517279878
1275.249999999713,315.249999999713,9.615445822449,4358.622292041335
1275.299999999713,315.299999999713,9.615347009066,4359.103061862123
1275.349999999713,315.349999999713,9.615248195682,4359.583826742240
1275.399999999713,315.399999999713,9.615149382299,4360.064586681689
1275.449999999713,315.449999999713,9.615050568916,4360.545341680471
1275.499999999713,315.499999999713,9.614951755532,4361.026091738582
1275.549999999713,315.549999999713,9.614852942149,4361.506836856024
1275.599999999713,315.599999999713,9.614754128766,4361.987577032796
1275.649999999713,315.649999999713,9.614655315383,4362.468312268899
1275.699999999713,315.699999999713,9.614556501999,4362.949042564335
1275.749999999713,315.749999999713,9.614457688616,4363.429767919100
1275.799999999713,315.799999999713,9.614358875233,4363.910488333197
1275.849999999713,315.849999999713,9.614260061849,4364.391203806623
1275.899999999713,315.899999999713,9.614161248466,4364.871914339380
1275.949999999713,315.949999999713,9.614062435083,4365.352619931470
1275.999999999712,315.999999999712,9.613963621700,4365.833320582879
1276.044444444444,316.044444444444,9.613875787581,4366.260605905851
1276.049999999712,316.049999999712,9.613865108822,4366.314016294466
1276.099999999712,316.099999999712,9.613768999994,4366.794707147185
1276.149999999712,316.149999999712,9.613672891165,4367.275393194464
1276.199999999712,316.199999999712,9.613576782336,4367.756074436301
1276.249999999712,316.249999999712,9.613480673507,4368.236750872697
1276.299999999712,316.299999999712,9.613384564678,4368.717422503653
1276.349999999712,316.349999999712,9.613288455850,4369.198089329166
1276.399999999712,316.399999999712,9.613192347021,4369.678751349237
1276.449999999712,316.449999999712,9.613096238192,4370.159408563867
1276.499999999712,316.499999999712,9.613000129363,4370.640060973055
1276.549999999712,316.549999999712,9.612904020535,4371.120708576805
1276.599999999712,316.599999999712,9.612807911706,4371.601351375110
1276.649999999712,316.649999999712,9.612711802877,4372.081989367975
1276.699999999712,316.699999999712,9.612615694048,4372.562622555397
1276.749999999712,316.749999999712,9.612519585220,4373.043250937379
1276.799999999712,316.799999999712,9.612423476391,4373.523874513920
1276.849999999712,316.849999999712,9.612327367562,4374.004493285019
1276.899999999712,316.899999999712,9.612231258733,4374.485107250675
1276.949999999712,316.949999999712,9.612135149904,4374.965716410891
1276.999999999712,316.999999999712,9.612039041076,4375.446320765665
1277.044444444444,317.044444444444,9.611953611005,4375.873520605143
1277.049999999712,317.049999999712,9.611943228177,4375.926920315822
1277.099999999712,317.099999999712,9.611849782713,4376.407515141093
1277.149999999712,317.149999999712,9.611756337250,4376.888105294092
1277.199999999712,317.199999999712,9.611662891787,4377.368690774818
1277.249999999712,317.249999999712,9.611569446324,4377.849271583270
1277.299999999712,317.299999999712,9.611476000861,4378.329847719451
1277.349999999711,317.349999999711,9.611382555398,4378.810419183346
1277.399999999711,317.399999999711,9.611289109935,4379.290985974982
1277.449999999711,317.449999999711,9.611195664471,4379.771548094342
1277.499999999711,317.499999999711,9.611102219008,4380.252105541428
1277.549999999711,317.549999999711,9.611008773545,4380.732658316241
1277.599999999711,317.599999999711,9.610915328082,4381.213206418782
1277.649999999711,317.649999999711,9.610821882619,4381.693749849051
1277.699999999711,317.699999999711,9.610728437156,4382.174288607044
1277.749999999711,317.749999999711,9.610634991693,4382.654822692765
1277.799999999711,317.799999999711,9.610541546229,4383.135352106213
1277.849999999711,317.849999999711,9.610448100766,4383.615876847387
1277.899999999711,317.899999999711,9.610354655303,4384.096396916290
1277.949999999711,317.949999999711,9.610261209840,4384.576912312918
1277.999999999711,317.999999999711,9.610167764377,4385.057423037273
1278.044444444444,318.044444444444,9.610084701742,4385.484539761515
1278.049999999711,318.049999999711,9.610074610174,4385.537929090164
1278.099999999711,318.099999999711,9.609983786050,4386.018430550069
1278.149999999711,318.149999999711,9.609892961927,4386.498927468770
1278.199999999710,318.199999999710,9.609802137803,4386.979419846251
1278.249999999710,318.249999999710,9.609711313679,4387.459907682540
1278.299999999710,318.299999999710,9.609620489556,4387.940390977620
1278.349999999710,318.349999999710,9.609529665432,4388.420869731494
1278.399999999710,318.399999999710,9.609438841309,4388.901343944162
1278.449999999710,318.449999999710,9.609348017185,4389.381813615624
1278.499999999710,318.499999999710,9.609257193062,4389.862278745882
1278.549999999710,318.549999999710,9.609166368938,4390.342739334931
1278.599999999710,318.599999999710,9.609075544814,4390.823195382774
1278.649999999710,318.649999999710,9.608984720691,4391.303646889412
1278.699999999710,318.699999999710,9.608893896567,4391.784093854842
1278.749999999710,318.749999999710,9.608803072444,4392.264536279070
1278.799999999710,318.799999999710,9.608712248320,4392.744974162089
1278.849999999710,318.849999999710,9.608621424197,4393.225407503901
1278.899999999710,318.899999999710,9.608530600073,4393.705836304507
1278.949999999710,318.949999999710,9.608439775949,4394.186260563907
1278.999999999710,318.999999999710,9.608348951826,4394.666680282104
1279.044444444444,319.044444444444,9.608268219271,4395.093716222021
1279.049999999710,319.049999999710,9.608258414302,4395.147095459888
1279.099999999710,319.099999999710,9.608170169575,4395.627506174485
1279.149999999710,319.149999999710,9.608081924847,4396.107912476845
1279.199999999710,319.199999999710,9.607993680120,4396.588314366969
1279.249999999710,319.249999999710,9.607905435393,4397.068711844859
1279.299999999710,319.299999999710,9.607817190666,4397.549104910509
1279.349999999710,319.349999999710,9.607728945939,4398.029493563924
1279.399999999710,319.399999999710,9.607640701211,4398.509877805102
1279.449999999710,319.449999999710,9.607552456484,4398.990257634045
1279.499999999710,319.499999999710,9.607464211757,4399.470633050752
1279.549999999709,319.549999999709,9.607375967030,4399.951004055210
1279.599999999709,319.599999999709,9.607287722302,4400.431370647446
1279.649999999709,319.649999999709,9.607199477575,4400.911732827442
1279.699999999709,319.699999999709,9.607111232848,4401.392090595203
1279.749999999709,319.749999999709,9.607022988121,4401.872443950727
1279.799999999709,319.799999999709,9.606934743393,4402.352792894014
1279.849999999709,319.849999999709,9.606846498666,4402.833137425067
1279.899999999709,319.899999999709,9.606758253939,4403.313477543882
1279.949999999709,319.949999999709,9.606670009212,4403.793813250461
1279.999999999709,319.999999999709,9.606581764484,4404.274144544803
1280.044444444444,320.044444444444,9.606503324726,4404.701101994022
1280.049999999709,320.049999999709,9.606493800181,4404.754471427687
1280.099999999709,320.099999999709,9.606408079272,4405.234793974675
1280.149999999709,320.149999999709,9.606322358363,4405.715112235615
1280.199999999709,320.199999999709,9.606236637454,4406.195426210510
1280.249999999709,320.249999999709,9.606150916545,4406.675735899360
1280.299999999709,320.299999999709,9.606065195636,4407.156041302164
1280.349999999709,320.349999999709,9.605979474727,4407.636342418925
1280.399999999708,320.399999999708,9.605893753818,4408.116639249627
1280.449999999708,320.449999999708,9.605808032909,4408.596931794297
1280.499999999708,320.499999999708,9.605722312000,4409.077220052920
1280.549999999708,320.549999999708,9.605636591091,4409.557504025497
1280.599999999708,320.599999999708,9.605550870182,4410.037783712029
1280.649999999708,320.649999999708,9.605465149273,4410.518059112514
1280.699999999708,320.699999999708,9.605379428364,4410.998330226957
1280.749999999708,320.749999999708,9.605293707455,4411.478597055352
1280.799999999708,320.799999999708,9.605207986546,4411.958859597702
1280.849999999708,320.849999999708,9.605122265637,4412.439117854006
1280.899999999708,320.899999999708,9.605036544728,4412.919371824265
1280.949999999708,320.949999999708,9.604950823819,4413.399621508481
1280.999999999708,320.999999999708,9.604865102910,4413.879866906648
1281.044444444444,321.044444444444,9.604788906546,4414.306748109659
1281.049999999708,321.049999999708,9.604779658690,4414.360108019539
1281.099999999708,321.099999999708,9.604696427985,4414.840344921706
1281.149999999708,321.149999999708,9.604613197280,4415.320577662337
1281.199999999708,321.199999999708,9.604529966576,4415.800806241436
1281.249999999708,321.249999999708,9.604446735871,4416.281030658996
1281.299999999708,321.299999999708,9.604363505166,4416.761250915022
1281.349999999708,321.349999999708,9.604280274461,4417.241467009512
1281.399999999708,321.399999999708,9.604197043756,4417.721678942467
1281.449999999708,321.449999999708,9.604113813051,4418.201886713890
1281.499999999708,321.499999999708,9.604030582346,4418.682090323774
1281.549999999708,321.549999999708,9.603947351642,4419.162289772124
1281.599999999708,321.599999999708,9.603864120937,4419.642485058937
1281.649999999708,321.649999999708,9.603780890232,4420.122676184216
1281.699999999708,321.699999999708,9.603697659527,4420.602863147962
1281.749999999707,321.749999999707,9.603614428822,4421.083045950159
1281.799999999707,321.799999999707,9.603531198117,4421.563224590835
1281.849999999707,321.849999999707,9.603447967412,4422.043399069972
1281.899999999707,321.899999999707,9.603364736707,4422.523569387575
1281.949999999707,321.949999999707,9.603281506003,4423.003735543643
1281.999999999707,321.999999999707,9.603198275298,4423.483897538174
1282.044444444444,322.044444444444,9.603124292449,4423.910704709157
1282.049999999707,322.049999999707,9.603115316734,4423.964055371930
1282.099999999707,322.099999999707,9.603034535302,4424.444209118231
1282.149999999707,322.149999999707,9.602953753870,4424.924358825459
1282.199999999707,322.199999999707,9.602872972439,4425.404504493617
1282.249999999707,322.249999999707,9.602792191007,4425.884646122702
1282.299999999707,322.299999999707,9.602711409575,4426.364783712718
1282.349999999707,322.349999999707,9.602630628143,4426.844917263661
1282.399999999707,322.399999999707,9.602549846711,4427.325046775532
1282.449999999707,322.449999999707,9.602469065279,4427.805172248331
1282.499999999707,322.499999999707,9.602388283847,4428.285293682058
1282.549999999707,322.549999999707,9.602307502415,4428.765411076716
1282.599999999706,322.599999999706,9.602226720983,4429.245524432290
1282.649999999706,322.649999999706,9.602145939551,4429.725633748805
1282.699999999706,322.699999999706,9.602065158119,4430.205739026246
1282.749999999706,322.749999999706,9.601984376687,4430.685840264616
1282.799999999706,322.799999999706,9.601903595255,4431.165937463914
1282.849999999706,322.849999999706,9.601822813823,4431.646030624141
1282.899999999706,322.899999999706,9.601742032392,4432.126119745298
1282.949999999706,322.949999999706,9.601661250960,4432.606204827381
1282.999999999706,322.999999999706,9.601580469528,4433.086285870392
1283.044444444444,323.044444444444,9.601508663810,4433.513021187285
1283.049999999706,323.049999999706,9.601499955423,4433.566362875074
1283.099999999706,323.099999999706,9.601421579940,4434.046435913458
1283.149999999706,323.149999999706,9.601343204456,4434.526505033070
1283.199999999706,323.199999999706,9.601264828972,4435.006570233905
1283.249999999706,323.249999999706,9.601186453488,4435.486631515966
1283.299999999706,323.299999999706,9.601108078005,4435.966688879253
1283.349999999706,323.349999999706,9.601029702521,4436.446742323766
1283.399999999706,323.399999999706,9.600951327037,4436.926791849506
1283.449999999706,323.449999999706,9.600872951553,4437.406837456470
1283.499999999706,323.499999999706,9.600794576069,4437.886879144660
1283.549999999706,323.549999999706,9.600716200586,4438.366916914076
1283.599999999706,323.599999999706,9.600637825102,4438.846950764718
1283.649999999706,323.649999999706,9.600559449618,4439.326980696587
1283.699999999706,323.699999999706,9.600481074134,4439.807006709681
1283.749999999706,323.749999999706,9.600402698651,4440.287028803999
1283.799999999706,323.799999999706,9.600324323167,4440.767046979545
1283.849999999706,323.849999999706,9.600245947683,4441.247061236316
1283.899999999706,323.899999999706,9.600167572199,4441.727071574314
1283.949999999705,323.949999999705,9.600089196716,4442.207077993526
1283.999999999705,323.999999999705,9.600010821232,4442.687080493976
1284.044444444444,324.044444444444,9.599941154135,4443.113746096256
1284.049999999705,324.049999999705,9.599932708179,4443.167079076380
1284.099999999705,324.099999999705,9.599856694574,4443.647073811449
1284.149999999705,324.149999999705,9.599780680970,4444.127064745837
1284.199999999705,324.199999999705,9.599704667365,4444.607051879545
1284.249999999705,324.249999999705,9.599628653760,4445.087035212575
1284.299999999705,324.299999999705,9.599552640155,4445.567014744922
1284.349999999705,324.349999999705,9.599476626550,4446.046990476589
1284.399999999705,324.399999999705,9.599400612946,4446.526962407575
1284.449999999705,324.449999999705,9.599324599341,4447.006930537882
1284.499999999705,324.499999999705,9.599248585736,4447.486894867510
1284.549999999705,324.549999999705,9.599172572131,4447.966855396457
1284.599999999705,324.599999999705,9.599096558526,4448.446812124723
1284.649999999705,324.649999999705,9.599020544921,4448.926765052309
1284.699999999705,324.699999999705,9.598944531317,4449.406714179215
1284.749999999705,324.749999999705,9.598868517712,4449.886659505442
1284.799999999704,324.799999999704,9.598792504107,4450.366601030976
1284.849999999704,324.849999999704,9.598716490502,4450.846538755844
1284.899999999704,324.899999999704,9.598640476897,4451.326472680028
1284.949999999704,324.949999999704,9.598564463293,4451.806402803532
1284.999999999704,324.999999999704,9.598488449688,4452.286329126357
1285.044444444444,325.044444444444,9.598420882039,4452.712927114344
1285.049999999704,325.049999999704,9.598412693563,4452.766251649216
1285.099999999704,325.099999999704,9.598338997279,4453.246170441489
1285.149999999704,325.149999999704,9.598265300995,4453.726085548946
1285.199999999704,325.199999999704,9.598191604711,4454.205996971588
1285.249999999704,325.249999999704,9.598117908427,4454.685904709417
1285.299999999704,325.299999999704,9.598044212143,4455.165808762431
1285.349999999704,325.349999999704,9.597970515860,4455.645709130633
1285.399999999704,325.399999999704,9.597896819576,4456.125605814018
1285.449999999704,325.449999999704,9.597823123292,4456.605498812589
1285.499999999704,325.499999999704,9.597749427008,4457.085388126346
1285.549999999704,325.549999999704,9.597675730724,4457.565273755288
1285.599999999704,325.599999999704,9.597602034440,4458.045155699419
1285.649999999704,325.649999999704,9.597528338156,4458.525033958734
1285.699999999704,325.699999999704,9.597454641872,4459.004908533234
1285.749999999704,325.749999999704,9.597380945588,4459.484779422920
1285.799999999704,325.799999999704,9.597307249304,4459.964646627792
1285.849999999704,325.849999999704,9.597233553020,4460.444510147851
1285.899999999704,325.899999999704,9.597159856736,4460.924369983095
1285.949999999704,325.949999999704,9.597086160452,4461.404226133524
1285.999999999704,325.999999999704,9.597012464168,4461.884078599140
1286.044444444444,326.044444444444,9.596946956360,4462.310611033544
1286.049999999704,326.049999999704,9.596939020365,4462.363927380642
1286.099999999704,326.099999999704,9.596867596404,4462.843772546063
1286.149999999703,326.149999999703,9.596796172443,4463.323614140272
1286.199999999703,326.199999999703,9.596724748482,4463.803452163297
1286.249999999703,326.249999999703,9.596653324522,4464.283286615122
1286.299999999703,326.299999999703,9.596581900561,4464.763117495749
1286.349999999703,326.349999999703,9.596510476600,4465.242944805177
1286.399999999703,326.399999999703,9.596439052639,4465.722768543407
1286.449999999703,326.449999999703,9.596367628679,4466.202588710442
1286.499999999703,326.499999999703,9.596296204718,4466.682405306276
1286.549999999703,326.549999999703,9.596224780757,4467.162218330913
1286.599999999703,326.599999999703,9.596153356796,4467.642027784351
1286.649999999703,326.649999999703,9.596081932835,4468.121833666592
1286.699999999703,326.699999999703,9.596010508875,4468.601635977636
1286.749999999703,326.749999999703,9.595939084914,4469.081434717480
1286.799999999703,326.799999999703,9.595867660953,4469.561229886126
1286.849999999703,326.849999999703,9.595796236992,4470.041021483575
1286.899999999703,326.899999999703,9.595724813031,4470.520809509825
1286.949999999703,326.949999999703,9.595653389070,4471.000593964879
1286.999999999702,326.999999999702,9.595581965110,4471.480374848722
1287.044444444444,327.044444444444,9.595518477144,4471.906843750295
1287.049999999702,327.049999999702,9.595510788662,4471.960152162067
1287.099999999702,327.099999999702,9.595441592324,4472.439925971591
1287.149999999702,327.149999999702,9.595372395986,4472.919696321298
1287.199999999702,327.199999999702,9.595303199648,4473.399463211188
1287.249999999702,327.249999999702,9.595234003310,4473.879226641262
1287.299999999702,327.299999999702,9.595164806972,4474.358986611521
1287.349999999702,327.349999999702,9.595095610633,4474.838743121961
1287.399999999702,327.399999999702,9.595026414295,4475.318496172584
1287.449999999702,327.449999999702,9.594957217957,4475.798245763390
1287.499999999702,327.499999999702,9.594888021619,4476.277991894379
1287.549999999702,327.549999999702,9.594818825281,4476.757734565553
1287.599999999702,327.599999999702,9.594749628942,4477.237473776908
1287.649999999702,327.649999999702,9.594680432604,4477.717209528446
1287.699999999702,327.699999999702,9.594611236266,4478.196941820167
1287.749999999702,327.749999999702,9.594542039928,4478.676670652071
1287.799999999702,327.799999999702,9.594472843590,4479.156396024161
1287.849999999702,327.849999999702,9.594403647251,4479.636117936431
1287.899999999702,327.899999999702,9.594334450913,4480.115836388885
1287.949999999702,327.949999999702,9.594265254575,4480.595551381522
1287.999999999702,327.999999999702,9.594196058237,4481.075262914343
1288.044444444444,328.044444444444,9.594134550380,4481.501670264057
1288.049999999702,328.049999999702,9.594127104448,4481.554970988022
1288.099999999702,328.099999999702,9.594060091058,4482.034675667909
1288.149999999702,328.149999999702,9.593993077668,4482.514376997126
1288.199999999702,328.199999999702,9.593926064277,4482.994074975674
1288.249999999702,328.249999999702,9.593859050887,4483.473769603553
1288.299999999702,328.299999999702,9.593792037497,4483.953460880764
1288.349999999701,328.349999999701,9.593725024106,4484.433148807293
1288.399999999701,328.399999999701,9.593658010716,4484.912833383165
1288.449999999701,328.449999999701,9.593590997325,4485.392514608366
1288.499999999701,328.499999999701,9.593523983935,4485.872192482897
1288.549999999701,328.549999999701,9.593456970545,4486.351867006759
1288.599999999701,328.599999999701,9.593389957154,4486.831538179951
1288.649999999701,328.649999999701,9.593322943764,4487.311206002476
1288.699999999701,328.699999999701,9.593255930373,4487.790870474329
1288.749999999701,328.749999999701,9.593188916983,4488.270531595512
1288.799999999701,328.799999999701,9.593121903593,4488.750189366026
1288.849999999701,328.849999999701,9.593054890202,4489.229843785870
1288.899999999701,328.899999999701,9.592987876812,4489.709494855047
1288.949999999701,328.949999999701,9.592920863421,4490.189142573552
1288.999999999701,328.999999999701,9.592853850031,4490.668786941388
1289.044444444444,329.044444444444,9.592794282572,4491.095134680532
1289.049999999701,329.049999999701,9.592787074248,4491.148427959214
1289.099999999701,329.099999999701,9.592722199328,4491.628065691053
1289.149999999701,329.149999999701,9.592657324407,4492.107700179148
1289.199999999700,329.199999999700,9.592592449486,4492.587331423484
1289.249999999700,329.249999999700,9.592527574566,4493.066959424087
1289.299999999700,329.299999999700,9.592462699645,4493.546584180942
1289.349999999700,329.349999999700,9.592397824725,4494.026205694051
1289.399999999700,329.399999999700,9.592332949804,4494.505823963414
1289.449999999700,329.449999999700,9.592268074883,4494.985438989031
1289.499999999700,329.499999999700,9.592203199963,4495.465050770904
1289.549999999700,329.549999999700,9.592138325042,4495.944659309029
1289.599999999700,329.599999999700,9.592073450122,4496.424264603407
1289.649999999700,329.649999999700,9.592008575201,4496.903866654040
1289.699999999700,329.699999999700,9.591943700280,4497.383465460926
1289.749999999700,329.749999999700,9.591878825360,4497.863061024069
1289.799999999700,329.799999999700,9.591813950439,4498.342653343463
1289.849999999700,329.849999999700,9.591749075518,4498.822242419112
1289.899999999700,329.899999999700,9.591684200598,4499.301828251014
1289.949999999700,329.949999999700,9.591619325677,4499.781410839170
1289.999999999700,329.999999999700,9.591554450756,4500.260990183583
1290.044444444444,330.044444444444,9.591496784160,4500.687280213898
1290.049999999700,330.049999999700,9.591489808541,4500.740566284893
1290.099999999700,330.099999999700,9.591427027964,4501.220139205805
1290.149999999700,330.149999999700,9.591364247387,4501.699708987689
1290.199999999700,330.199999999700,9.591301466810,4502.179275630543
1290.249999999700,330.249999999700,9.591238686233,4502.658839134371
1290.299999999700,330.299999999700,9.591175905656,4503.138399499168
1290.349999999700,330.349999999700,9.591113125079,4503.617956724936
1290.399999999700,330.399999999700,9.591050344502,4504.097510811675
1290.449999999700,330.449999999700,9.590987563925,4504.577061759385
1290.499999999700,330.499999999700,9.590924783348,4505.056609568069
1290.549999999699,330.549999999699,9.590862002771,4505.536154237710
1290.599999999699,330.599999999699,9.590799222194,4506.015695768337
1290.649999999699,330.649999999699,9.590736441617,4506.495234159932
1290.699999999699,330.699999999699,9.590673661040,4506.974769412498
1290.749999999699,330.749999999699,9.590610880463,4507.454301526035
1290.799999999699,330.799999999699,9.590548099886,4507.933830500543
1290.849999999699,330.849999999699,9.590485319308,4508.413356336025
1290.899999999699,330.899999999699,9.590422538732,4508.892879032475
1290.949999999699,330.949999999699,9.590359758154,4509.372398589897
1290.999999999699,330.999999999699,9.590296977578,4509.851915008289
1291.044444444444,331.044444444444,9.590241172620,4510.278149192288
1291.049999999699,331.049999999699,9.590234403538,4510.331428288227
1291.099999999699,331.099999999699,9.590173481803,4510.810938485362
1291.149999999699,331.149999999699,9.590112560067,4511.290445636409
1291.199999999699,331.199999999699,9.590051638332,4511.769949741368
1291.249999999699,331.249999999699,9.589990716596,4512.249450800240
1291.299999999699,331.299999999699,9.589929794860,4512.728948813026
1291.349999999699,331.349999999699,9.589868873125,4513.208443779728
1291.399999999698,331.399999999698,9.589807951389,4513.687935700329
1291.449999999698,331.449999999698,9.589747029653,4514.167424574857
1291.499999999698,331.499999999698,9.589686107918,4514.646910403296
1291.549999999698,331.549999999698,9.589625186182,4515.126393185647
1291.599999999698,331.599999999698,9.589564264447,4515.605872921913
1291.649999999698,331.649999999698,9.589503342711,4516.085349612092
1291.699999999698,331.699999999698,9.589442420975,4516.564823256185
1291.749999999698,331.749999999698,9.589381499240,4517.044293854190
1291.799999999698,331.799999999698,9.589320577504,4517.523761406108
1291.849999999698,331.849999999698,9.589259655769,4518.003225911939
1291.899999999698,331.899999999698,9.589198734033,4518.482687371684
1291.949999999698,331.949999999698,9.589137812297,4518.962145785344
1291.999999999698,331.999999999698,9.589076890562,4519.441601152915
1292.044444444444,332.044444444444,9.589022737908,4519.867781147550
1292.049999999698,332.049999999698,9.589016191874,4519.921053475018
1292.099999999698,332.099999999698,9.588957277564,4520.400502811754
1292.149999999698,332.149999999698,9.588898363255,4520.879949202774
1292.199999999698,332.199999999698,9.588839448946,4521.359392648081
1292.249999999698,332.249999999698,9.588780534637,4521.838833147670
1292.299999999698,332.299999999698,9.588721620328,4522.318270701544
1292.349999999698,332.349999999698,9.588662706018,4522.797705309702
1292.399999999698,332.399999999698,9.588603791709,4523.277136972145
1292.449999999698,332.449999999698,9.588544877400,4523.756565688875
1292.499999999698,332.499999999698,9.588485963091,4524.235991459886
1292.549999999698,332.549999999698,9.588427048781,4524.715414285183
1292.599999999698,332.599999999698,9.588368134472,4525.194834164764
1292.649999999698,332.649999999698,9.588309220163,4525.674251098630
1292.699999999698,332.699999999698,9.588250305854,4526.153665086782
1292.749999999697,332.749999999697,9.588191391545,4526.633076129206
1292.799999999697,332.799999999697,9.588132477235,4527.112484225927
1292.849999999697,332.849999999697,9.588073562926,4527.591889376930
1292.899999999697,332.899999999697,9.588014648617,4528.071291582219
1292.949999999697,332.949999999697,9.587955734308,4528.550690841791
1292.999999999697,332.999999999697,9.587896819999,4529.030087155648
1293.044444444444,333.044444444444,9.587844451723,4529.456214742367
1293.049999999697,333.049999999697,9.587838119526,4529.509480524386
1293.099999999697,333.099999999697,9.587781129750,4529.988871005618
1293.149999999697,333.149999999697,9.587724139974,4530.468258637360
1293.199999999697,333.199999999697,9.587667150198,4530.947643419614
1293.249999999697,333.249999999697,9.587610160422,4531.427025352379
1293.299999999697,333.299999999697,9.587553170645,4531.906404435657
1293.349999999697,333.349999999697,9.587496180869,4532.385780669445
1293.399999999697,333.399999999697,9.587439191093,4532.865154053744
1293.449999999697,333.449999999697,9.587382201317,4533.344524588554
1293.499999999697,333.499999999697,9.587325211541,4533.823892273876
1293.549999999697,333.549999999697,9.587268221765,4534.303257109710
1293.599999999696,333.599999999696,9.587211231988,4534.782619096042
1293.649999999696,333.649999999696,9.587154242212,4535.261978232899
1293.699999999696,333.699999999696,9.587097252436,4535.741334520265
1293.749999999696,333.749999999696,9.587040262660,4536.220687958142
1293.799999999696,333.799999999696,9.586983272884,4536.700038546530
1293.849999999696,333.849999999696,9.586926283108,4537.179386285429
1293.899999999696,333.899999999696,9.586869293331,4537.658731174842
1293.949999999696,333.949999999696,9.586812303555,4538.138073214764
1293.999999999696,333.999999999696,9.586755313779,4538.617412405197
1294.044444444444,334.044444444444,9.586704656200,4539.043489296329
1294.049999999696,334.049999999696,9.586698532997,4539.096748746721
1294.099999999696,334.099999999696,9.586643424167,4539.576082295650
1294.149999999696,334.149999999696,9.586588315337,4540.055413089140
1294.199999999696,334.199999999696,9.586533206508,4540.534741127185
1294.249999999696,334.249999999696,9.586478097678,4541.014066409789
1294.299999999696,334.299999999696,9.586422988848,4541.493388936951
1294.349999999696,334.349999999696,9.586367880018,4541.972708708672
1294.399999999696,334.399999999696,9.586312771189,4542.452025724954
1294.449999999696,334.449999999696,9.586257662359,4542.931339985793
1294.499999999696,334.499999999696,9.586202553529,4543.410651491190
1294.549999999696,334.549999999696,9.586147444699,4543.889960241146
1294.599999999696,334.599999999696,9.586092335869,4544.369266235660
1294.649999999696,334.649999999696,9.586037227040,4544.848569474734
1294.699999999696,334.699999999696,9.585982118210,4545.327869958365
1294.749999999696,334.749999999696,9.585927009380,4545.807167686555
1294.799999999696,334.799999999696,9.585871900550,4546.286462659303
1294.849999999696,334.849999999696,9.585816791721,4546.765754876609
1294.899999999696,334.899999999696,9.585761682891,4547.245044338476
1294.949999999695,334.949999999695,9.585706574061,4547.724331044888
1294.999999999695,334.999999999695,9.585651465231,4548.203614995872
1295.044444444444,335.044444444444,9.585602479604,4548.629642864232
1295.049999999695,335.049999999695,9.585596563048,4548.682896191986
1295.099999999695,335.099999999695,9.585543314040,4549.162174688913
1295.149999999695,335.149999999695,9.585490065032,4549.641450523390
1295.199999999695,335.199999999695,9.585436816024,4550.120723695416
1295.249999999695,335.249999999695,9.585383567016,4550.599994204994
1295.299999999695,335.299999999695,9.585330318008,4551.079262052119
1295.349999999695,335.349999999695,9.585277069000,4551.558527236793
1295.399999999695,335.399999999695,9.585223819992,4552.037789759018
1295.449999999695,335.449999999695,9.585170570984,4552.517049618792
1295.499999999695,335.499999999695,9.585117321976,4552.996306816118
1295.549999999695,335.549999999695,9.585064072968,4553.475561350991
1295.599999999695,335.599999999695,9.585010823960,4553.954813223413
1295.649999999695,335.649999999695,9.584957574952,4554.434062433385
1295.699999999695,335.699999999695,9.584904325944,4554.913308980907
1295.749999999695,335.749999999695,9.584851076936,4555.392552865981
1295.799999999694,335.799999999694,9.584797827928,4555.871794088592
1295.849999999694,335.849999999694,9.584744578920,4556.351032648765
1295.899999999694,335.899999999694,9.584691329912,4556.830268546485
1295.949999999694,335.949999999694,9.584638080904,4557.309501781755
1295.999999999694,335.999999999694,9.584584831896,4557.788732354575
1296.044444444444,336.044444444444,9.584537499444,4558.214712853756
1296.049999999694,336.049999999694,9.584531785783,4558.267960265508
1296.099999999694,336.099999999694,9.584480362828,4558.747185569225
1296.149999999694,336.149999999694,9.584428939873,4559.226408301792
1296.199999999694,336.199999999694,9.584377516918,4559.705628463211
1296.249999999694,336.249999999694,9.584326093964,4560.184846053482
1296.299999999694,336.299999999694,9.584274671009,4560.664061072606
1296.349999999694,336.349999999694,9.584223248054,4561.143273520584
1296.399999999694,336.399999999694,9.584171825099,4561.622483397413
1296.449999999694,336.449999999694,9.584120402144,4562.101690703093
1296.499999999694,336.499999999694,9.584068979190,4562.580895437626
1296.549999999694,336.549999999694,9.584017556235,4563.060097601011
1296.599999999694,336.599999999694,9.583966133280,4563.539297193251
1296.649999999694,336.649999999694,9.583914710325,4564.018494214341
1296.699999999694,336.699999999694,9.583863287371,4564.497688664283
1296.749999999694,336.749999999694,9.583811864416,4564.976880543077
1296.799999999694,336.799999999694,9.583760441461,4565.456069850723
1296.849999999694,336.849999999694,9.583709018506,4565.935256587224
1296.899999999694,336.899999999694,9.583657595552,4566.414440752576
1296.949999999694,336.949999999694,9.583606172597,4566.893622346779
1296.999999999694,336.999999999694,9.583554749642,4567.372801369835
1297.044444444444,337.044444444444,9.583509040349,4567.798736123652
1297.049999999694,337.049999999694,9.583503516787,4567.851977822270
1297.099999999694,337.099999999694,9.583453804730,4568.331151755309
1297.149999999693,337.149999999693,9.583404092672,4568.810323202733
1297.199999999693,337.199999999693,9.583354380615,4569.289492164567
1297.249999999693,337.249999999693,9.583304668557,4569.768658640796
1297.299999999693,337.299999999693,9.583254956500,4570.247822631422
1297.349999999693,337.349999999693,9.583205244442,4570.726984136446
1297.399999999693,337.399999999693,9.583155532385,4571.206143155866
1297.449999999693,337.449999999693,9.583105820328,4571.685299689685
1297.499999999693,337.499999999693,9.583056108270,4572.164453737900
1297.549999999693,337.549999999693,9.583006396213,4572.643605300512
1297.599999999693,337.599999999693,9.582956684155,4573.122754377520
1297.649999999693,337.649999999693,9.582906972098,4573.601900968926
1297.699999999693,337.699999999693,9.582857260040,4574.081045074731
1297.749999999693,337.749999999693,9.582807547983,4574.560186694931
1297.799999999693,337.799999999693,9.582757835926,4575.039325829528
1297.849999999693,337.849999999693,9.582708123868,4575.518462478522
1297.899999999693,337.899999999693,9.582658411811,4575.997596641914
1297.949999999693,337.949999999693,9.582608699753,4576.476728319705
1297.999999999692,337.999999999692,9.582558987696,4576.955857511880
1298.044444444444,338.044444444444,9.582514799200,4577.381748043425
1298.049999999692,338.049999999692,9.582509474634,4577.434984219018
1298.099999999692,338.099999999692,9.582461553533,4577.914108494721
1298.149999999692,338.149999999692,9.582413632432,4578.393230374370
1298.199999999692,338.199999999692,9.582365711331,4578.872349857964
1298.249999999692,338.249999999692,9.582317790230,4579.351466945503
1298.299999999692,338.299999999692,9.582269869129,4579.830581636988
1298.349999999692,338.349999999692,9.582221948029,4580.309693932417
1298.399999999692,338.399999999692,9.582174026928,4580.788803831791
1298.449999999692,338.449999999692,9.582126105827,4581.267911335109
1298.499999999692,338.499999999692,9.582078184726,4581.747016442372
1298.549999999692,338.549999999692,9.582030263625,4582.226119153583
1298.599999999692,338.599999999692,9.581982342525,4582.705219468736
1298.649999999692,338.649999999692,9.581934421424,4583.184317387834
1298.699999999692,338.699999999692,9.581886500323,4583.663412910877
1298.749999999692,338.749999999692,9.581838579222,4584.142506037865
1298.799999999692,338.799999999692,9.581790658121,4584.621596768800
1298.849999999692,338.849999999692,9.581742737021,4585.100685103678
1298.899999999692,338.899999999692,9.581694815920,4585.579771042501
1298.949999999692,338.949999999692,9.581646894819,4586.058854585270
1298.999999999692,338.999999999692,9.581598973718,4586.537935731983
1299.044444444444,339.044444444444,9.581556377184,4586.963783631617
1299.049999999692,339.049999999692,9.581551245647,4587.017014483178
1299.099999999692,339.099999999692,9.581505061813,4587.496090890864
1299.149999999692,339.149999999692,9.581458877980,4587.975164989359
1299.199999999692,339.199999999692,9.581412694146,4588.454236778662
1299.249999999692,339.249999999692,9.581366510312,4588.933306258773
1299.299999999692,339.299999999692,9.581320326479,4589.412373429695
1299.349999999691,339.349999999691,9.581274142645,4589.891438291411
1299.399999999691,339.399999999691,9.581227958812,4590.370500843949
1299.449999999691,339.449999999691,9.581181774978,4590.849561087293
1299.499999999691,339.499999999691,9.581135591144,4591.328619021446
1299.549999999691,339.549999999691,9.581089407311,4591.807674646407
1299.599999999691,339.599999999691,9.581043223477,4592.286727962176
1299.649999999691,339.649999999691,9.580997039644,4592.765778968756
1299.699999999691,339.699999999691,9.580950855810,4593.244827666142
1299.749999999691,339.749999999691,9.580904671976,4593.723874054336
1299.799999999691,339.799999999691,9.580858488143,4594.202918133339
1299.849999999691,339.849999999691,9.580812304309,4594.681959903150
1299.899999999691,339.899999999691,9.580766120475,4595.160999363771
1299.949999999691,339.949999999691,9.580719936642,4595.640036515199
1299.999999999691,339.999999999691,9.580673752808,4596.119071357434
1300.044444444444,340.044444444444,9.580632700511,4596.544878170464
1300.049999999691,340.049999999691,9.580627757078,4596.598103891001
1300.099999999691,340.099999999691,9.580583266177,4597.077134166582
1300.149999999691,340.149999999691,9.580538775276,4597.556162217620
1300.199999999690,340.199999999690,9.580494284375,4598.035188044100
1300.249999999690,340.249999999690,9.580449793474,4598.514211646048
1300.299999999690,340.299999999690,9.580405302573,4598.993233023449
1300.349999999690,340.349999999690,9.580360811671,4599.472252176304
1300.399999999690,340.399999999690,9.580316320770,4599.951269104615
1300.449999999690,340.449999999690,9.580271829869,4600.430283808380
1300.499999999690,340.499999999690,9.580227338968,4600.909296287603
1300.549999999690,340.549999999690,9.580182848067,4601.388306542279
1300.599999999690,340.599999999690,9.580138357166,4601.867314572409
1300.649999999690,340.649999999690,9.580093866264,4602.346320377994
1300.699999999690,340.699999999690,9.580049375363,4602.825323959034
1300.749999999690,340.749999999690,9.580004884462,4603.304325315531
1300.799999999690,340.799999999690,9.579960393561,4603.783324447481
1300.849999999690,340.849999999690,9.579915902660,4604.262321354887
1300.899999999690,340.899999999690,9.579871411759,4604.741316037746
1300.949999999690,340.949999999690,9.579826920857,4605.220308496061
1300.999999999690,340.999999999690,9.579782429956,4605.699298729834
1301.044444444444,341.044444444444,9.579742882488,4606.125065961964
1301.049999999690,341.049999999690,9.579738122865,4606.178286739569
1301.099999999690,341.099999999690,9.579695286254,4606.657272574796
1301.149999999690,341.149999999690,9.579652449642,4607.136256268193
1301.199999999690,341.199999999690,9.579609613030,4607.615237819759
1301.249999999690,341.249999999690,9.579566776419,4608.094217229497
1301.299999999690,341.299999999690,9.579523939807,4608.573194497402
1301.349999999690,341.349999999690,9.579481103196,4609.052169623477
1301.399999999690,341.399999999690,9.579438266584,4609.531142607721
1301.449999999690,341.449999999690,9.579395429972,4610.010113450135
1301.499999999690,341.499999999690,9.579352593361,4610.489082150720
1301.549999999689,341.549999999689,9.579309756749,4610.968048709461
1301.599999999689,341.599999999689,9.579266920138,4611.447013126385
1301.649999999689,341.649999999689,9.579224083526,4611.925975401477
1301.699999999689,341.699999999689,9.579181246915,4612.404935534737
1301.749999999689,341.749999999689,9.579138410303,4612.883893526167
1301.799999999689,341.799999999689,9.579095573691,4613.362849375767
1301.849999999689,341.849999999689,9.579052737080,4613.841803083538
1301.899999999689,341.899999999689,9.579009900468,4614.320754649477
1301.949999999689,341.949999999689,9.578967063857,4614.799704073585
1301.999999999689,341.999999999689,9.578924227245,4615.278651355861
1302.044444444444,342.044444444444,9.578886150257,4615.704380478337
1302.049999999689,342.049999999689,9.578881570343,4615.757596496807
1302.099999999689,342.099999999689,9.578840351122,4616.236539544846
1302.149999999689,342.149999999689,9.578799131900,4616.715480531921
1302.199999999689,342.199999999689,9.578757912678,4617.194419458036
1302.249999999689,342.249999999689,9.578716693456,4617.673356323188
1302.299999999689,342.299999999689,9.578675474234,4618.152291127381
1302.349999999689,342.349999999689,9.578634255012,4618.631223870613
1302.399999999688,342.399999999688,9.578593035790,4619.110154552872
1302.449999999688,342.449999999688,9.578551816568,4619.589083174183
1302.499999999688,342.499999999688,9.578510597346,4620.068009734530
1302.549999999688,342.549999999688,9.578469378124,4620.546934233917
1302.599999999688,342.599999999688,9.578428158902,4621.025856672341
1302.649999999688,342.649999999688,9.578386939680,4621.504777049806
1302.699999999688,342.699999999688,9.578345720458,4621.983695366311
1302.749999999688,342.749999999688,9.578304501236,4622.462611621852
1302.799999999688,342.799999999688,9.578263282014,4622.941525816434
1302.849999999688,342.849999999688,9.578222062793,4623.420437950053
1302.899999999688,342.899999999688,9.578180843571,4623.899348022712
1302.949999999688,342.949999999688,9.578139624349,4624.378256034412
1302.999999999688,342.999999999688,9.578098405127,4624.857161985148
1303.044444444444,343.044444444444,9.578061765818,4625.282854436376
1303.049999999688,343.049999999688,9.578057361656,4625.336065875412
1303.099999999688,343.099999999688,9.578017724198,4625.814967752558
1303.149999999688,343.149999999688,9.577978086741,4626.293867647831
1303.199999999688,343.199999999688,9.577938449283,4626.772765561233
1303.249999999688,343.249999999688,9.577898811825,4627.251661492761
1303.299999999688,343.299999999688,9.577859174367,4627.730555442416
1303.349999999688,343.349999999688,9.577819536909,4628.209447410197
1303.399999999688,343.399999999688,9.577779899451,4628.688337396105
1303.449999999688,343.449999999688,9.577740261993,4629.167225400143
1303.499999999688,343.499999999688,9.577700624535,4629.646111422306
1303.549999999688,343.549999999688,9.577660987077,4630.124995462596
1303.599999999688,343.599999999688,9.577621349620,4630.603877521013
1303.649999999688,343.649999999688,9.577581712162,4631.082757597556
1303.699999999688,343.699999999688,9.577542074704,4631.561635692230
1303.749999999687,343.749999999687,9.577502437246,4632.040511805018
1303.799999999687,343.799999999687,9.577462799788,4632.519385935945
1303.849999999687,343.849999999687,9.577423162330,4632.998258084997
1303.899999999687,343.899999999687,9.577383524872,4633.477128252177
1303.949999999687,343.949999999687,9.577343887414,4633.955996437484
1303.999999999687,343.999999999687,9.577304249956,4634.434862640917
1304.044444444444,344.044444444444,9.577269016660,4634.860519827615
1304.049999999687,344.049999999687,9.577264784386,4634.913726862958
1304.099999999687,344.099999999687,9.577226693919,4635.392589149916
1304.149999999687,344.149999999687,9.577188603451,4635.871449532349
1304.199999999687,344.199999999687,9.577150512983,4636.350308010260
1304.249999999687,344.249999999687,9.577112422516,4636.829164583647
1304.299999999687,344.299999999687,9.577074332048,4637.308019252513
1304.349999999687,344.349999999687,9.577036241580,4637.786872016854
1304.399999999687,344.399999999687,9.576998151113,4638.265722876670
1304.449999999687,344.449999999687,9.576960060645,4638.744571831964
1304.499999999687,344.499999999687,9.576921970177,4639.223418882734
1304.549999999687,344.549999999687,9.576883879710,4639.702264028983
1304.599999999686,344.599999999686,9.576845789242,4640.181107270696
1304.649999999686,344.649999999686,9.576807698774,4640.659948607899
1304.699999999686,344.699999999686,9.576769608307,4641.138788040575
1304.749999999686,344.749999999686,9.576731517839,4641.617625568729
1304.799999999686,344.799999999686,9.576693427371,4642.096461192358
1304.849999999686,344.849999999686,9.576655336904,4642.575294911465
1304.899999999686,344.899999999686,9.576617246436,4643.054126726051
1304.949999999686,344.949999999686,9.576579155968,4643.532956636111
1304.999999999686,344.999999999686,9.576541065501,4644.011784641647
1305.044444444444,345.044444444444,9.576507207307,4644.437407939601
1305.049999999686,345.049999999686,9.576503143147,4644.490610743127
1305.099999999686,345.099999999686,9.576466565703,4644.969434985848
1305.149999999686,345.149999999686,9.576429988259,4645.448257399699
1305.199999999686,345.199999999686,9.576393410815,4645.927077984676
1305.249999999686,345.249999999686,9.576356833371,4646.405896740780
1305.299999999686,345.299999999686,9.576320255927,4646.884713668012
1305.349999999686,345.349999999686,9.576283678483,4647.363528766372
1305.399999999686,345.399999999686,9.576247101039,4647.842342035861
1305.449999999686,345.449999999686,9.576210523595,4648.321153476477
1305.499999999686,345.499999999686,9.576173946151,4648.799963088220
1305.549999999686,345.549999999686,9.576137368707,4649.278770871091
1305.599999999686,345.599999999686,9.576100791263,4649.757576825090
1305.649999999686,345.649999999686,9.576064213820,4650.236380950219
1305.699999999686,345.699999999686,9.576027636376,4650.715183246473
1305.749999999686,345.749999999686,9.575991058932,4651.193983713855
1305.799999999686,345.799999999686,9.575954481488,4651.672782352365
1305.849999999686,345.849999999686,9.575917904044,4652.151579162003
1305.899999999686,345.899999999686,9.575881326600,4652.630374142771
1305.949999999685,345.949999999685,9.575844749156,4653.109167294653
1305.999999999685,345.999999999685,9.575808171712,4653.587958617677
1306.044444444444,346.044444444444,9.575775658428,4654.013549372469
1306.049999999685,346.049999999685,9.575771758694,4654.066748112283
1306.099999999685,346.099999999685,9.575736661079,4654.545535822776
1306.149999999685,346.149999999685,9.575701563464,4655.024321778389
1306.199999999685,346.199999999685,9.575666465848,4655.503105979122
1306.249999999685,346.249999999685,9.575631368233,4655.981888424975
1306.299999999685,346.299999999685,9.575596270618,4656.460669115946
1306.349999999685,346.349999999685,9.575561173003,4656.939448052036
1306.399999999685,346.399999999685,9.575526075388,4657.418225233245
1306.449999999685,346.449999999685,9.575490977773,4657.897000659574
1306.499999999685,346.499999999685,9.575455880158,4658.375774331023
1306.549999999685,346.549999999685,9.575420782543,4658.854546247590
1306.599999999685,346.599999999685,9.575385684928,4659.333316409276
1306.649999999685,346.649999999685,9.575350587313,4659.812084816082
1306.699999999685,346.699999999685,9.575315489698,4660.290851468008
1306.749999999685,346.749999999685,9.575280392082,4660.769616365053
1306.799999999684,346.799999999684,9.575245294467,4661.248379507206
1306.849999999684,346.849999999684,9.575210196852,4661.727140894491
1306.899999999684,346.899999999684,9.575175099237,4662.205900526893
1306.949999999684,346.949999999684,9.575140001622,4662.684658404414
1306.999999999684,346.999999999684,9.575104904007,4663.163414527055
1307.044444444444,347.044444444444,9.575073706127,4663.588974054746
1307.049999999684,347.049999999684,9.575069967213,4663.642168895261
1307.099999999684,347.099999999684,9.575036316992,4664.120921552368
1307.149999999684,347.149999999684,9.575002666770,4664.599672526962
1307.199999999684,347.199999999684,9.574969016548,4665.078421819044
1307.249999999684,347.249999999684,9.574935366326,4665.557169428615
1307.299999999684,347.299999999684,9.574901716105,4666.035915355676
1307.349999999684,347.349999999684,9.574868065883,4666.514659600227
1307.399999999684,347.399999999684,9.574834415661,4666.993402162265
1307.449999999684,347.449999999684,9.574800765440,4667.472143041792
1307.499999999684,347.499999999684,9.574767115218,4667.950882238808
1307.549999999684,347.549999999684,9.574733464996,4668.429619753313
1307.599999999684,347.599999999684,9.574699814774,4668.908355585309
1307.649999999684,347.649999999684,9.574666164553,4669.387089734792
1307.699999999684,347.699999999684,9.574632514331,4669.865822201764
1307.749999999684,347.749999999684,9.574598864109,4670.344552986225
1307.799999999684,347.799999999684,9.574565213887,4670.823282088174
1307.849999999684,347.849999999684,9.574531563666,4671.302009507614
1307.899999999684,347.899999999684,9.574497913444,4671.780735244542
1307.949999999684,347.949999999684,9.574464263222,4672.259459298958
1307.999999999684,347.999999999684,9.574430613001,4672.738181670863
1308.044444444444,348.044444444444,9.574400701692,4673.163711258656
1308.049999999684,348.049999999684,9.574397120079,4673.216902360694
1308.099999999684,348.099999999684,9.574364885557,4673.695621410837
1308.149999999683,348.149999999683,9.574332651035,4674.174338849240
1308.199999999683,348.199999999683,9.574300416513,4674.653054675931
1308.249999999683,348.249999999683,9.574268181990,4675.131768890894
1308.299999999683,348.299999999683,9.574235947468,4675.610481494130
1308.349999999683,348.349999999683,9.574203712946,4676.089192485640
1308.399999999683,348.399999999683,9.574171478424,4676.567901865424
1308.449999999683,348.449999999683,9.574139243902,4677.046609633484
1308.499999999683,348.499999999683,9.574107009380,4677.525315789816
1308.549999999683,348.549999999683,9.574074774858,4678.004020334422
1308.599999999683,348.599999999683,9.574042540336,4678.482723267301
1308.649999999683,348.649999999683,9.574010305814,4678.961424588454
1308.699999999683,348.699999999683,9.573978071292,4679.440124297884
1308.749999999683,348.749999999683,9.573945836769,4679.918822395585
1308.799999999683,348.799999999683,9.573913602247,4680.397518881560
1308.849999999683,348.849999999683,9.573881367725,4680.876213755809
1308.899999999683,348.899999999683,9.573849133203,4681.354907018332
1308.949999999683,348.949999999683,9.573816898681,4681.833598669131
1308.999999999682,348.999999999682,9.573784664159,4682.312288708191
1309.044444444444,349.044444444444,9.573756011250,4682.737789615130
1309.049999999682,349.049999999682,9.573752583497,4682.790977135965
1309.099999999682,349.099999999682,9.573721733717,4683.269663993895
1309.149999999682,349.149999999682,9.573690883937,4683.748349309336
1309.199999999682,349.199999999682,9.573660034157,4684.227033082288
1309.249999999682,349.249999999682,9.573629184377,4684.705715312751
1309.299999999682,349.299999999682,9.573598334597,4685.184396000727
1309.349999999682,349.349999999682,9.573567484818,4685.663075146213
1309.399999999682,349.399999999682,9.573536635038,4686.141752749209
1309.449999999682,349.449999999682,9.573505785258,4686.620428809715
1309.499999999682,349.499999999682,9.573474935478,4687.099103327733
1309.549999999682,349.549999999682,9.573444085698,4687.577776303265
1309.599999999682,349.599999999682,9.573413235918,4688.056447736305
1309.649999999682,349.649999999682,9.573382386138,4688.535117626856
1309.699999999682,349.699999999682,9.573351536358,4689.013785974917
1309.749999999682,349.749999999682,9.573320686578,4689.492452780491
1309.799999999682,349.799999999682,9.573289836798,4689.971118043577
1309.849999999682,349.849999999682,9.573258987019,4690.449781764172
1309.899999999682,349.899999999682,9.573228137239,4690.928443942278
1309.949999999682,349.949999999682,9.573197287459,4691.407104577896
1309.999999999682,349.999999999682,9.573166437679,4691.885763671024
1310.044444444444,350.044444444444,9.573139015652,4692.311237128583
1310.049999999682,350.049999999682,9.573135738363,4692.364421222082
1310.099999999682,350.099999999682,9.573106242763,4692.843077271610
1310.149999999682,350.149999999682,9.573076747164,4693.321731846358
1310.199999999682,350.199999999682,9.573047251564,4693.800384946326
1310.249999999682,350.249999999682,9.573017755964,4694.279036571514
1310.299999999682,350.299999999682,9.572988260364,4694.757686721923
1310.349999999681,350.349999999681,9.572958764764,4695.236335397540
1310.399999999681,350.399999999681,9.572929269165,4695.714982598390
1310.449999999681,350.449999999681,9.572899773565,4696.193628324458
1310.499999999681,350.499999999681,9.572870277965,4696.672272575745
1310.549999999681,350.549999999681,9.572840782365,4697.150915352253
1310.599999999681,350.599999999681,9.572811286765,4697.629556653981
1310.649999999681,350.649999999681,9.572781791166,4698.108196480931
1310.699999999681,350.699999999681,9.572752295566,4698.586834833099
1310.749999999681,350.749999999681,9.572722799966,4699.065471710486
1310.799999999681,350.799999999681,9.572693304366,4699.544107113094
1310.849999999681,350.849999999681,9.572663808766,4700.022741040922
1310.899999999681,350.899999999681,9.572634313167,4700.501373493973
1310.949999999681,350.949999999681,9.572604817567,4700.980004472241
1310.999999999681,350.999999999681,9.572575321967,4701.458633975729
1311.044444444444,351.044444444444,9.572549103656,4701.884081188236
1311.049999999681,351.049999999681,9.572545973599,4701.937262004845
1311.099999999681,351.099999999681,9.572517803091,4702.415888599262
1311.149999999681,351.149999999681,9.572489632582,4702.894513785155
1311.199999999680,351.199999999680,9.572461462073,4703.373137562510
1311.249999999680,351.249999999680,9.572433291565,4703.851759931353
1311.299999999680,351.299999999680,9.572405121056,4704.330380891668
1311.349999999680,351.349999999680,9.572376950547,4704.809000443458
1311.399999999680,351.399999999680,9.572348780038,4705.287618586723
1311.449999999680,351.449999999680,9.572320609530,4705.766235321461
1311.499999999680,351.499999999680,9.572292439021,4706.244850647677
1311.549999999680,351.549999999680,9.572264268512,4706.723464565364
1311.599999999680,351.599999999680,9.572236098004,4707.202077074527
1311.649999999680,351.649999999680,9.572207927495,4707.680688175164
1311.699999999680,351.699999999680,9.572179756986,4708.159297867275
1311.749999999680,351.749999999680,9.572151586477,4708.637906150863
1311.799999999680,351.799999999680,9.572123415969,4709.116513025924
1311.849999999680,351.849999999680,9.572095245460,4709.595118492460
1311.899999999680,351.899999999680,9.572067074951,4710.073722550470
1311.949999999680,351.949999999680,9.572038904442,4710.552325199955
1311.999999999680,351.999999999680,9.572010733934,4711.030926440916
1312.044444444444,352.044444444444,9.571985693481,4711.456348586806
1312.049999999680,352.049999999680,9.571982707478,4711.509526273750
1312.099999999680,352.099999999680,9.571955833445,4711.988124737272
1312.149999999680,352.149999999680,9.571928959412,4712.466721857093
1312.199999999680,352.199999999680,9.571902085379,4712.945317633213
1312.249999999680,352.249999999680,9.571875211347,4713.423912065633
1312.299999999680,352.299999999680,9.571848337314,4713.902505154349
1312.349999999680,352.349999999680,9.571821463281,4714.381096899364
1312.399999999680,352.399999999680,9.571794589248,4714.859687300676
1312.449999999680,352.449999999680,9.571767715215,4715.338276358288
1312.499999999680,352.499999999680,9.571740841182,4715.816864072200
1312.549999999679,352.549999999679,9.571713967150,4716.295450442397
1312.599999999679,352.599999999679,9.571687093117,4716.774035468905
1312.649999999679,352.649999999679,9.571660219084,4717.252619151710
1312.699999999679,352.699999999679,9.571633345051,4717.731201490813
1312.749999999679,352.749999999679,9.571606471018,4718.209782486214
1312.799999999679,352.799999999679,9.571579596986,4718.688362137914
1312.849999999679,352.849999999679,9.571552722953,4719.166940445914
1312.899999999679,352.899999999679,9.571525848920,4719.645517410211
1312.949999999679,352.949999999679,9.571498974887,4720.124093030806
1312.999999999679,352.999999999679,9.571472100854,4720.602667307699
1313.044444444444,353.044444444444,9.571448212825,4721.028065539960
1313.049999999679,353.049999999679,9.571445367811,4721.081240241281
1313.099999999679,353.099999999679,9.571419762682,4721.559811869545
1313.149999999679,353.149999999679,9.571394157552,4722.038382217551
1313.199999999679,353.199999999679,9.571368552423,4722.516951285300
1313.249999999679,353.249999999679,9.571342947294,4722.995519072792
1313.299999999679,353.299999999679,9.571317342165,4723.474085580028
1313.349999999679,353.349999999679,9.571291737036,4723.952650807010
1313.399999999678,353.399999999678,9.571266131907,4724.431214753722
1313.449999999678,353.449999999678,9.571240526778,4724.909777420191
1313.499999999678,353.499999999678,9.571214921648,4725.388338806401
1313.549999999678,353.549999999678,9.571189316519,4725.866898912355
1313.599999999678,353.599999999678,9.571163711390,4726.345457738053
1313.649999999678,353.649999999678,9.571138106261,4726.824015283493
1313.699999999678,353.699999999678,9.571112501132,4727.302571548680
1313.749999999678,353.749999999678,9.571086896003,4727.781126533608
1313.799999999678,353.799999999678,9.571061290874,4728.259680238280
1313.849999999678,353.849999999678,9.571035685744,4728.738232662695
1313.899999999678,353.899999999678,9.571010080615,4729.216783806854
1313.949999999678,353.949999999678,9.570984475486,4729.695333670757
1313.999999999678,353.999999999678,9.570958870357,4730.173882254403
1314.044444444444,354.044444444444,9.570936110242,4730.599257701494
1314.049999999678,354.049999999678,9.570933403093,4730.652429558176
1314.099999999678,354.099999999678,9.570909038755,4731.130975619221
1314.149999999678,354.149999999678,9.570884674417,4731.609520462051
1314.199999999678,354.199999999678,9.570860310079,4732.088064086664
1314.249999999678,354.249999999678,9.570835945741,4732.566606493059
1314.299999999678,354.299999999678,9.570811581403,4733.045147681238
1314.349999999678,354.349999999678,9.570787217065,4733.523687651199
1314.399999999678,354.399999999678,9.570762852727,4734.002226402943
1314.449999999678,354.449999999678,9.570738488389,4734.480763936473
1314.499999999678,354.499999999678,9.570714124051,4734.959300251783
1314.549999999678,354.549999999678,9.570689759712,4735.437835348876
1314.599999999678,354.599999999678,9.570665395374,4735.916369227753
1314.649999999678,354.649999999678,9.570641031036,4736.394901888413
1314.699999999678,354.699999999678,9.570616666698,4736.873433330858
1314.749999999677,354.749999999677,9.570592302360,4737.351963555074
1314.799999999677,354.799999999677,9.570567938022,4737.830492561086
1314.849999999677,354.849999999677,9.570543573684,4738.309020348877
1314.899999999677,354.899999999677,9.570519209346,4738.787546918453
1314.949999999677,354.949999999677,9.570494845008,4739.266072269811
1314.999999999677,354.999999999677,9.570470480670,4739.744596402953
1315.044444444444,355.044444444444,9.570448823480,4740.169950168355
1315.049999999677,355.049999999677,9.570446251207,4740.223119318254
1315.099999999677,355.099999999677,9.570423100748,4740.701641052053
1315.149999999677,355.149999999677,9.570399950290,4741.180161628328
1315.199999999677,355.199999999677,9.570376799831,4741.658681047081
1315.249999999677,355.249999999677,9.570353649373,4742.137199308310
1315.299999999677,355.299999999677,9.570330498914,4742.615716412020
1315.349999999677,355.349999999677,9.570307348456,4743.094232358203
1315.399999999677,355.399999999677,9.570284197997,4743.572747146864
1315.449999999677,355.449999999677,9.570261047539,4744.051260778002
1315.499999999677,355.499999999677,9.570237897080,4744.529773251617
1315.549999999677,355.549999999677,9.570214746622,4745.008284567712
1315.599999999676,355.599999999676,9.570191596163,4745.486794726270
1315.649999999676,355.649999999676,9.570168445704,4745.965303727318
1315.699999999676,355.699999999676,9.570145295246,4746.443811570842
1315.749999999676,355.749999999676,9.570122144787,4746.922318256842
1315.799999999676,355.799999999676,9.570098994329,4747.400823785320
1315.849999999676,355.849999999676,9.570075843870,4747.879328156274
1315.899999999676,355.899999999676,9.570052693412,4748.357831369708
1315.949999999676,355.949999999676,9.570029542953,4748.836333425616
1315.999999999676,355.999999999676,9.570006392495,4749.314834324002
1316.044444444444,356.044444444444,9.569985814309,4749.740167487250
1316.049999999676,356.049999999676,9.569983374013,4749.793334065232
1316.099999999676,356.099999999676,9.569961411340,4750.271832684865
1316.149999999676,356.149999999676,9.569939448668,4750.750330206367
1316.199999999676,356.199999999676,9.569917485996,4751.228826629733
1316.249999999676,356.249999999676,9.569895523324,4751.707321954966
1316.299999999676,356.299999999676,9.569873560652,4752.185816182065
1316.349999999676,356.349999999676,9.569851597980,4752.664309311030
1316.399999999676,356.399999999676,9.569829635307,4753.142801341864
1316.449999999676,356.449999999676,9.569807672635,4753.621292274562
1316.499999999676,356.499999999676,9.569785709963,4754.099782109126
1316.549999999676,356.549999999676,9.569763747291,4754.578270845557
1316.599999999676,356.599999999676,9.569741784619,4755.056758483855
1316.649999999676,356.649999999676,9.569719821947,4755.535245024021
1316.699999999676,356.699999999676,9.569697859274,4756.013730466051
1316.749999999676,356.749999999676,9.569675896602,4756.492214809948
1316.799999999676,356.799999999676,9.569653933930,4756.970698055710
1316.849999999676,356.849999999676,9.569631971258,4757.449180203340
1316.899999999676,356.899999999676,9.569610008586,4757.927661252837
1316.949999999675,356.949999999675,9.569588045914,4758.406141204188
1316.999999999675,356.999999999675,9.569566083241,4758.884620057419
1317.044444444444,357.044444444444,9.569546560866,4759.309933674837
1317.049999999675,357.049999999675,9.569544249706,4759.363097812872
1317.099999999675,357.099999999675,9.569523449269,4759.841574505346
1317.149999999675,357.149999999675,9.569502648832,4760.320050157799
1317.199999999675,357.199999999675,9.569481848395,4760.798524770229
1317.249999999675,357.249999999675,9.569461047958,4761.276998342640
1317.299999999675,357.299999999675,9.569440247521,4761.755470875026
1317.349999999675,357.349999999675,9.569419447084,4762.233942367390
1317.399999999675,357.399999999675,9.569398646646,4762.712412819733
1317.449999999675,357.449999999675,9.569377846209,4763.190882232054
1317.499999999675,357.499999999675,9.569357045772,4763.669350604355
1317.549999999675,357.549999999675,9.569336245335,4764.147817936632
1317.599999999675,357.599999999675,9.569315444898,4764.626284228888
1317.649999999675,357.649999999675,9.569294644461,4765.104749481122
1317.699999999675,357.699999999675,9.569273844023,4765.583213693333
1317.749999999675,357.749999999675,9.569253043586,4766.061676865525
1317.799999999674,357.799999999674,9.569232243149,4766.540138997682
1317.849999999674,357.849999999674,9.569211442712,4767.018600089830
1317.899999999674,357.899999999674,9.569190642275,4767.497060141955
1317.949999999674,357.949999999674,9.569169841838,4767.975519154057
1317.999999999674,357.999999999674,9.569149041400,4768.453977126138
1318.044444444444,358.044444444444,9.569130552123,4768.879272231332
1318.049999999674,358.049999999674,9.569128367329,4768.932434058547
1318.099999999674,358.099999999674,9.569108704180,4769.410889985336
1318.149999999674,358.149999999674,9.569089041031,4769.889344928966
1318.199999999674,358.199999999674,9.569069377882,4770.367798889439
1318.249999999674,358.249999999674,9.569049714733,4770.846251866754
1318.299999999674,358.299999999674,9.569030051585,4771.324703860912
1318.349999999674,358.349999999674,9.569010388436,4771.803154871914
1318.399999999674,358.399999999674,9.568990725287,4772.281604899757
1318.449999999674,358.449999999674,9.568971062138,4772.760053944442
1318.499999999674,358.499999999674,9.568951398989,4773.238502005970
1318.549999999674,358.549999999674,9.568931735840,4773.716949084341
1318.599999999674,358.599999999674,9.568912072692,4774.195395179556
1318.649999999674,358.649999999674,9.568892409543,4774.673840291612
1318.699999999674,358.699999999674,9.568872746394,4775.152284420509
1318.749999999674,358.749999999674,9.568853083245,4775.630727566249
1318.799999999674,358.799999999674,9.568833420096,4776.109169728832
1318.849999999674,358.849999999674,9.568813756947,4776.587610908260
1318.899999999674,358.899999999674,9.568794093799,4777.066051104528
1318.949999999674,358.949999999674,9.568774430650,4777.544490317639
1318.999999999674,358.999999999674,9.568754767501,4778.022928547592
1319.044444444444,359.044444444444,9.568737289146,4778.448206151967
1319.049999999674,359.049999999674,9.568735227940,4778.501365794731
1319.099999999674,359.099999999674,9.568716677086,4778.979802092358
1319.149999999673,359.149999999673,9.568698126231,4779.458237462430
1319.199999999673,359.199999999673,9.568679575376,4779.936671904971
1319.249999999673,359.249999999673,9.568661024522,4780.415105419968
1319.299999999673,359.299999999673,9.568642473667,4780.893538007423
1319.349999999673,359.349999999673,9.568623922812,4781.371969667334
1319.399999999673,359.399999999673,9.568605371957,4781.850400399703
1319.449999999673,359.449999999673,9.568586821103,4782.328830204531
1319.499999999673,359.499999999673,9.568568270248,4782.807259081815
1319.549999999673,359.549999999673,9.568549719393,4783.285687031555
1319.599999999673,359.599999999673,9.568531168539,4783.764114053753
1319.649999999673,359.649999999673,9.568512617684,4784.242540148409
1319.699999999673,359.699999999673,9.568494066829,4784.720965315523
1319.749999999673,359.749999999673,9.568475515975,4785.199389555093
1319.799999999673,359.799999999673,9.568456965120,4785.677812867120
1319.849999999673,359.849999999673,9.568438414265,4786.156235251605
1319.899999999673,359.899999999673,9.568419863410,4786.634656708547
1319.949999999673,359.949999999673,9.568401312556,4787.113077237947
1319.999999999672,359.999999999672,9.568382761701,4787.591496839793
1320.044444444444,360.044444444444,9.568366272052,4788.016757932567
1320.049999999672,360.049999999672,9.568364332972,4788.069915514448
1320.099999999672,360.099999999672,9.568346881244,4788.548333294802
1320.149999999672,360.149999999672,9.568329429517,4789.026750202571
1320.199999999672,360.199999999672,9.568311977790,4789.505166237753
1320.249999999672,360.249999999672,9.568294526062,4789.983581400348
1320.299999999672,360.299999999672,9.568277074335,4790.461995690360
1320.349999999672,360.349999999672,9.568259622607,4790.940409107783
1320.399999999672,360.399999999672,9.568242170880,4791.418821652620
1320.449999999672,360.449999999672,9.568224719153,4791.897233324870
1320.499999999672,360.499999999672,9.568207267425,4792.375644124534
1320.549999999672,360.549999999672,9.568189815698,4792.854054051614
1320.599999999672,360.599999999672,9.568172363970,4793.332463106105
1320.649999999672,360.649999999672,9.568154912243,4793.810871288010
1320.699999999672,360.699999999672,9.568137460516,4794.289278597329
1320.749999999672,360.749999999672,9.568120008788,4794.767685034061
1320.799999999672,360.799999999672,9.568102557061,4795.246090598209
1320.849999999672,360.849999999672,9.568085105333,4795.724495289768
1320.899999999672,360.899999999672,9.568067653606,4796.202899108741
1320.949999999672,360.949999999672,9.568050201879,4796.681302055127
1320.999999999672,360.999999999672,9.568032750151,4797.159704128928
1321.044444444444,361.044444444444,9.568017237505,4797.584949687344
1321.049999999672,361.049999999672,9.568015419272,4797.638105330479
1321.099999999672,361.099999999672,9.567999055172,4798.116505692340
1321.149999999672,361.149999999672,9.567982691073,4798.594905235996
1321.199999999672,361.199999999672,9.567966326974,4799.073303961446
1321.249999999672,361.249999999672,9.567949962875,4799.551701868691
1321.299999999672,361.299999999672,9.567933598776,4800.030098957734
1321.349999999671,361.349999999671,9.567917234677,4800.508495228560
1321.399999999671,361.399999999671,9.567900870578,4800.986890681193
1321.449999999671,361.449999999671,9.567884506479,4801.465285315619
1321.499999999671,361.499999999671,9.567868142380,4801.943679131839
1321.549999999671,361.549999999671,9.567851778280,4802.422072129855
1321.599999999671,361.599999999671,9.567835414181,4802.900464309666
1321.649999999671,361.649999999671,9.567819050082,4803.378855671274
1321.699999999671,361.699999999671,9.567802685983,4803.857246214676
1321.749999999671,361.749999999671,9.567786321884,4804.335635939872
1321.799999999671,361.799999999671,9.567769957785,4804.814024846864
1321.849999999671,361.849999999671,9.567753593686,4805.292412935650
1321.899999999671,361.899999999671,9.567737229587,4805.770800206234
1321.949999999671,361.949999999671,9.567720865488,4806.249186658610
1321.999999999671,361.999999999671,9.567704501389,4806.727572292782
1322.044444444444,362.044444444444,9.567689955523,4807.152803283857
1322.049999999671,362.049999999671,9.567688255028,4807.205957109075
1322.099999999671,362.099999999671,9.567672950579,4807.684341139215
1322.149999999671,362.149999999671,9.567657646129,4808.162724404134
1322.199999999670,362.199999999670,9.567642341680,4808.641106903818
1322.249999999670,362.249999999670,9.567627037231,4809.119488638292
1322.299999999670,362.299999999670,9.567611732781,4809.597869607542
1322.349999999670,362.349999999670,9.567596428332,4810.076249811569
1322.399999999670,362.399999999670,9.567581123882,4810.554629250374
1322.449999999670,362.449999999670,9.567565819433,4811.033007923957
1322.499999999670,362.499999999670,9.567550514983,4811.511385832318
1322.549999999670,362.549999999670,9.567535210534,4811.989762975456
1322.599999999670,362.599999999670,9.567519906085,4812.468139353371
1322.649999999670,362.649999999670,9.567504601635,4812.946514966064
1322.699999999670,362.699999999670,9.567489297186,4813.424889813534
1322.749999999670,362.749999999670,9.567473992736,4813.903263895783
1322.799999999670,362.799999999670,9.567458688287,4814.381637212809
1322.849999999670,362.849999999670,9.567443383837,4814.860009764611
1322.899999999670,362.899999999670,9.567428079388,4815.338381551192
1322.949999999670,362.949999999670,9.567412774938,4815.816752572549
1322.999999999670,362.999999999670,9.567397470489,4816.295122828687
1323.044444444444,363.044444444444,9.567383866534,4816.720340194884
1323.049999999670,363.049999999670,9.567382280803,4816.773492319918
1323.099999999670,363.099999999670,9.567368009219,4817.251861077168
1323.149999999670,363.149999999670,9.567353737636,4817.730229120839
1323.199999999670,363.199999999670,9.567339466053,4818.208596450931
1323.249999999670,363.249999999670,9.567325194470,4818.686963067446
1323.299999999670,363.299999999670,9.567310922887,4819.165328970379
1323.349999999670,363.349999999670,9.567296651304,4819.643694159733
1323.399999999670,363.399999999670,9.567282379720,4820.122058635508
1323.449999999670,363.449999999670,9.567268108137,4820.600422397704
1323.499999999670,363.499999999670,9.567253836554,4821.078785446323
1323.549999999669,363.549999999669,9.567239564971,4821.557147781350
1323.599999999669,363.599999999669,9.567225293388,4822.035509402811
1323.649999999669,363.649999999669,9.567211021804,4822.513870310690
1323.699999999669,363.699999999669,9.567196750221,4822.992230504990
1323.749999999669,363.749999999669,9.567182478638,4823.470589985712
1323.799999999669,363.799999999669,9.567168207055,4823.948948752854
1323.849999999669,363.849999999669,9.567153935472,4824.427306806419
1323.899999999669,363.899999999669,9.567139663889,4824.905664146402
1323.949999999669,363.949999999669,9.567125392306,4825.384020772806
1323.999999999669,363.999999999669,9.567111120722,4825.862376685632
1324.044444444444,364.044444444444,9.567098434871,4826.287581345586
1324.049999999669,364.049999999669,9.567096961143,4826.340731885189
1324.099999999669,364.099999999669,9.567083697591,4826.819086401659
1324.149999999669,364.149999999669,9.567070434039,4827.297440254949
1324.199999999669,364.199999999669,9.567057170486,4827.775793445062
1324.249999999669,364.249999999669,9.567043906934,4828.254145971997
1324.299999999669,364.299999999669,9.567030643382,4828.732497835755
1324.349999999669,364.349999999669,9.567017379830,4829.210849036337
1324.399999999668,364.399999999668,9.567004116278,4829.689199573729
1324.449999999668,364.449999999668,9.566990852726,4830.167549447956
1324.499999999668,364.499999999668,9.566977589174,4830.645898659003
1324.549999999668,364.549999999668,9.566964325622,4831.124247206872
1324.599999999668,364.599999999668,9.566951062070,4831.602595091565
1324.649999999668,364.649999999668,9.566937798518,4832.080942313079
1324.699999999668,364.699999999668,9.566924534966,4832.559288871417
1324.749999999668,364.749999999668,9.566911271414,4833.037634766576
1324.799999999668,364.799999999668,9.566898007862,4833.515979998558
1324.849999999668,364.849999999668,9.566884744310,4833.994324567361
1324.899999999668,364.899999999668,9.566871480758,4834.472668472988
1324.949999999668,364.949999999668,9.566858217206,4834.951011715439
1324.999999999668,364.999999999668,9.566844953654,4835.429354294710
1325.044444444444,365.044444444444,9.566833163830,4835.854547144937
1325.049999999668,365.049999999668,9.566831799509,4835.907696211108
1325.099999999668,365.099999999668,9.566819520627,4836.386037494110
1325.149999999668,365.149999999668,9.566807241745,4836.864378163169
1325.199999999668,365.199999999668,9.566794962863,4837.342718218286
1325.249999999668,365.249999999668,9.566782683981,4837.821057659457
1325.299999999668,365.299999999668,9.566770405098,4838.299396486683
1325.349999999668,365.349999999668,9.566758126216,4838.777734699966
1325.399999999668,365.399999999668,9.566745847334,4839.256072299304
1325.449999999668,365.449999999668,9.566733568452,4839.734409284701
1325.499999999668,365.499999999668,9.566721289570,4840.212745656151
1325.549999999668,365.549999999668,9.566709010688,4840.691081413657
1325.599999999668,365.599999999668,9.566696731805,4841.169416557219
1325.649999999668,365.649999999668,9.566684452923,4841.647751086837
1325.699999999668,365.699999999668,9.566672174041,4842.126085002513
1325.749999999667,365.749999999667,9.566659895159,4842.604418304231
1325.799999999667,365.799999999667,9.566647616277,4843.082750992019
1325.849999999667,365.849999999667,9.566635337395,4843.561083065861
1325.899999999667,365.899999999667,9.566623058512,4844.039414525758
1325.949999999667,365.949999999667,9.566610779630,4844.517745371711
1325.999999999667,365.999999999667,9.566598500748,4844.996075603720
1326.044444444444,366.044444444444,9.566587586186,4845.421257519945
1326.049999999667,366.049999999667,9.566586328804,4845.474405222084
1326.099999999667,366.099999999667,9.566575012363,4845.952734255613
1326.149999999667,366.149999999667,9.566563695922,4846.431062723320
1326.199999999667,366.199999999667,9.566552379481,4846.909390625205
1326.249999999667,366.249999999667,9.566541063041,4847.387717961267
1326.299999999667,366.299999999667,9.566529746600,4847.866044731510
1326.349999999667,366.349999999667,9.566518430159,4848.344370935928
1326.399999999667,366.399999999667,9.566507113718,4848.822696574524
1326.449999999667,366.449999999667,9.566495797277,4849.301021647299
1326.499999999667,366.499999999667,9.566484480836,4849.779346154251
1326.549999999666,366.549999999666,9.566473164396,4850.257670095372
1326.599999999666,366.599999999666,9.566461847955,4850.735993470681
1326.649999999666,366.649999999666,9.566450531514,4851.214316280169
1326.699999999666,366.699999999666,9.566439215073,4851.692638523834
1326.749999999666,366.749999999666,9.566427898632,4852.170960201676
1326.799999999666,366.799999999666,9.566416582192,4852.649281313697
1326.849999999666,366.849999999666,9.566405265751,4853.127601859895
1326.899999999666,366.899999999666,9.566393949310,4853.605921840272
1326.949999999666,366.949999999666,9.566382632869,4854.084241254826
1326.999999999666,366.999999999666,9.566371316428,4854.562560103558
1327.044444444444,367.044444444444,9.566361257370,4854.987731941723
1327.049999999666,367.049999999666,9.566360104557,4855.040878386759
1327.099999999666,367.099999999666,9.566349729242,4855.519196132604
1327.149999999666,367.149999999666,9.566339353927,4855.997513359684
1327.199999999666,367.199999999666,9.566328978613,4856.475830067998
1327.249999999666,367.249999999666,9.566318603298,4856.954146257545
1327.299999999666,367.299999999666,9.566308227983,4857.432461928327
1327.349999999666,367.349999999666,9.566297852668,4857.910777080343
1327.399999999666,367.399999999666,9.566287477353,4858.389091713595
1327.449999999666,367.449999999666,9.566277102038,4858.867405828079
1327.499999999666,367.499999999666,9.566266726724,4859.345719423798
1327.549999999666,367.549999999666,9.566256351409,4859.824032500751
1327.599999999666,367.599999999666,9.566245976094,4860.302345058938
1327.649999999666,367.649999999666,9.566235600779,4860.780657098361
1327.699999999666,367.699999999666,9.566225225464,4861.258968619017
1327.749999999666,367.749999999666,9.566214850149,4861.737279620907
1327.799999999666,367.799999999666,9.566204474835,4862.215590104031
1327.849999999666,367.849999999666,9.566194099520,4862.693900068389
1327.899999999666,367.899999999666,9.566183724205,4863.172209513984
1327.949999999665,367.949999999665,9.566173348890,4863.650518440800
1327.999999999665,367.999999999665,9.566162973575,4864.128826848863
1328.044444444444,368.044444444444,9.566153751073,4864.553989445944
1328.049999999665,368.049999999665,9.566152700265,4864.607134738442
1328.099999999665,368.099999999665,9.566143242994,4865.085442137023
1328.149999999665,368.149999999665,9.566133785724,4865.563749062740
1328.199999999665,368.199999999665,9.566124328453,4866.042055515594
1328.249999999665,368.249999999665,9.566114871182,4866.520361495587
1328.299999999665,368.299999999665,9.566105413911,4866.998667002714
1328.349999999665,368.349999999665,9.566095956640,4867.476972036977
1328.399999999665,368.399999999665,9.566086499369,4867.955276598376
1328.449999999665,368.449999999665,9.566077042098,4868.433580686912
1328.499999999665,368.499999999665,9.566067584828,4868.911884302587
1328.549999999665,368.549999999665,9.566058127557,4869.390187445396
1328.599999999665,368.599999999665,9.566048670286,4869.868490115342
1328.649999999665,368.649999999665,9.566039213015,4870.346792312424
1328.699999999665,368.699999999665,9.566029755744,4870.825094036643
1328.749999999664,368.749999999664,9.566020298473,4871.303395287990
1328.799999999664,368.799999999664,9.566010841202,4871.781696066481
1328.849999999664,368.849999999664,9.566001383931,4872.259996372111
1328.899999999664,368.899999999664,9.565991926661,4872.738296204876
1328.949999999664,368.949999999664,9.565982469390,4873.216595564777
1328.999999999664,368.999999999664,9.565973012119,4873.694894451814
1329.044444444444,369.044444444444,9.565964605656,4874.120048624309
1329.049999999664,369.049999999664,9.565963654536,4874.173192866265
1329.099999999664,369.099999999664,9.565955094454,4874.651490834991
1329.149999999664,369.149999999664,9.565946534373,4875.129788375712
1329.199999999664,369.199999999664,9.565937974291,4875.608085488428
1329.249999999664,369.249999999664,9.565929414210,4876.086382173140
1329.299999999664,369.299999999664,9.565920854128,4876.564678429848
1329.349999999664,369.349999999664,9.565912294047,4877.042974258554
1329.399999999664,369.399999999664,9.565903733965,4877.521269659253
1329.449999999664,369.449999999664,9.565895173884,4877.999564631949
1329.499999999664,369.499999999664,9.565886613802,4878.477859176641
1329.549999999664,369.549999999664,9.565878053721,4878.956153293328
1329.599999999664,369.599999999664,9.565869493639,4879.434446982014
1329.649999999664,369.649999999664,9.565860933558,4879.912740242694
1329.699999999664,369.699999999664,9.565852373476,4880.391033075370
1329.749999999664,369.749999999664,9.565843813395,4880.869325480041
1329.799999999664,369.799999999664,9.565835253313,4881.347617456709
1329.849999999664,369.849999999664,9.565826693232,4881.825909005374
1329.899999999664,369.899999999664,9.565818133150,4882.304200126034
1329.949999999664,369.949999999664,9.565809573069,4882.782490818689
1329.999999999664,369.999999999664,9.565801012987,4883.260781083340
1330.044444444444,370.044444444444,9.565793404026,4883.685927629151
1330.049999999664,370.049999999664,9.565792550668,4883.739070920258
1330.099999999664,370.099999999664,9.565784870443,4884.217360355788
1330.149999999663,370.149999999663,9.565777190219,4884.695649407293
1330.199999999663,370.199999999663,9.565769509995,4885.173938074800
1330.249999999663,370.249999999663,9.565761829771,4885.652226358294
1330.299999999663,370.299999999663,9.565754149547,4886.130514257777
1330.349999999663,370.349999999663,9.565746469323,4886.608801773248
1330.399999999663,370.399999999663,9.565738789098,4887.087088904708
1330.449999999663,370.449999999663,9.565731108874,4887.565375652160
1330.499999999663,370.499999999663,9.565723428650,4888.043662015597
1330.549999999663,370.549999999663,9.565715748426,4888.521947995024
1330.599999999663,370.599999999663,9.565708068202,4889.000233590439
1330.649999999663,370.649999999663,9.565700387977,4889.478518801843
1330.699999999663,370.699999999663,9.565692707753,4889.956803629238
1330.749999999663,370.749999999663,9.565685027529,4890.435088072620
1330.799999999663,370.799999999663,9.565677347305,4890.913372131990
1330.849999999663,370.849999999663,9.565669667081,4891.391655807350
1330.899999999663,370.899999999663,9.565661986857,4891.869939098698
1330.949999999662,370.949999999662,9.565654306632,4892.348222006026
1330.999999999662,370.999999999662,9.565646626408,4892.826504529352
1331.044444444444,371.044444444444,9.565639799542,4893.251644230937
1331.049999999662,371.049999999662,9.565639041925,4893.304786668935
1331.099999999662,371.099999999662,9.565632223372,4893.783068450567
1331.149999999662,371.149999999662,9.565625404819,4894.261349891271
1331.199999999662,371.199999999662,9.565618586266,4894.739630991048
1331.249999999662,371.249999999662,9.565611767713,4895.217911749897
1331.299999999662,371.299999999662,9.565604949160,4895.696192167821
1331.349999999662,371.349999999662,9.565598130607,4896.174472244815
1331.399999999662,371.399999999662,9.565591312054,4896.652751980881
1331.449999999662,371.449999999662,9.565584493501,4897.131031376019
1331.499999999662,371.499999999662,9.565577674948,4897.609310430229
1331.549999999662,371.549999999662,9.565570856395,4898.087589143514
1331.599999999662,371.599999999662,9.565564037842,4898.565867515870
1331.649999999662,371.649999999662,9.565557219289,4899.044145547298
1331.699999999662,371.699999999662,9.565550400736,4899.522423237799
1331.749999999662,371.749999999662,9.565543582183,4900.000700587371
1331.799999999662,371.799999999662,9.565536763630,4900.478977596018
1331.849999999662,371.849999999662,9.565529945077,4900.957254263735
1331.899999999662,371.899999999662,9.565523126524,4901.435530590525
1331.949999999662,371.949999999662,9.565516307971,4901.913806576386
1331.999999999662,371.999999999662,9.565509489418,4902.392082221320
1332.044444444444,372.044444444444,9.565503428482,4902.817215844948
1332.049999999662,372.049999999662,9.565502764621,4902.870357525589
1332.099999999662,372.099999999662,9.565496789869,4903.348632514451
1332.149999999662,372.149999999662,9.565490815118,4903.826907204576
1332.199999999662,372.199999999662,9.565484840366,4904.305181595962
1332.249999999662,372.249999999662,9.565478865614,4904.783455688612
1332.299999999662,372.299999999662,9.565472890863,4905.261729482526
1332.349999999661,372.349999999661,9.565466916111,4905.740002977689
1332.399999999661,372.399999999661,9.565460941359,4906.218276174128
1332.449999999661,372.449999999661,9.565454966608,4906.696549071827
1332.499999999661,372.499999999661,9.565448991856,4907.174821670787
1332.549999999661,372.549999999661,9.565443017104,4907.653093971011
1332.599999999661,372.599999999661,9.565437042353,4908.131365972497
1332.649999999661,372.649999999661,9.565431067601,4908.609637675248
1332.699999999661,372.699999999661,9.565425092850,4909.087909079260
1332.749999999661,372.749999999661,9.565419118098,4909.566180184533
1332.799999999661,372.799999999661,9.565413143346,4910.044450991069
1332.849999999661,372.849999999661,9.565407168595,4910.522721498866
1332.899999999661,372.899999999661,9.565401193843,4911.000991707929
1332.949999999661,372.949999999661,9.565395219091,4911.479261618251
1332.999999999661,372.999999999661,9.565389244340,4911.957531229837
1333.044444444444,373.044444444444,9.565383933449,4912.382659525915
1333.049999999661,373.049999999661,9.565383360052,4912.435800542936
1333.099999999661,373.099999999661,9.565378199474,4912.914069581923
1333.149999999660,373.149999999660,9.565373038897,4913.392338362873
1333.199999999660,373.199999999660,9.565367878319,4913.870606885804
1333.249999999660,373.249999999660,9.565362717741,4914.348875150707
1333.299999999660,373.299999999660,9.565357557164,4914.827143157579
1333.349999999660,373.349999999660,9.565352396586,4915.305410906421
1333.399999999660,373.399999999660,9.565347236008,4915.783678397236
1333.449999999660,373.449999999660,9.565342075431,4916.261945630022
1333.499999999660,373.499999999660,9.565336914853,4916.740212604781
1333.549999999660,373.549999999660,9.565331754275,4917.218479321508
1333.599999999660,373.599999999660,9.565326593698,4917.696745780207
1333.649999999660,373.649999999660,9.565321433120,4918.175011980878
1333.699999999660,373.699999999660,9.565316272542,4918.653277923519
1333.749999999660,373.749999999660,9.565311111965,4919.131543608133
1333.799999999660,373.799999999660,9.565305951387,4919.609809034717
1333.849999999660,373.849999999660,9.565300790810,4920.088074203271
1333.899999999660,373.899999999660,9.565295630232,4920.566339113797
1333.949999999660,373.949999999660,9.565290469654,4921.044603766293
1333.999999999660,373.999999999660,9.565285309077,4921.522868160763
1334.044444444444,374.044444444444,9.565280721896,4921.947991853588
1334.049999999660,374.049999999660,9.565280231145,4922.001132297432
1334.099999999660,374.099999999660,9.565275814381,4922.479396198570
1334.149999999660,374.149999999660,9.565271397617,4922.957659878869
1334.199999999660,374.199999999660,9.565266980853,4923.435923338330
1334.249999999660,374.249999999660,9.565262564089,4923.914186576955
1334.299999999660,374.299999999660,9.565258147326,4924.392449594740
1334.349999999660,374.349999999660,9.565253730562,4924.870712391687
1334.399999999660,374.399999999660,9.565249313798,4925.348974967796
1334.449999999660,374.449999999660,9.565244897034,4925.827237323066
1334.499999999660,374.499999999660,9.565240480270,4926.305499457500
1334.549999999659,374.549999999659,9.565236063507,4926.783761371084
1334.599999999659,374.599999999659,9.565231646743,4927.262023063841
1334.649999999659,374.649999999659,9.565227229979,4927.740284535759
1334.699999999659,374.699999999659,9.565222813215,4928.218545786839
1334.749999999659,374.749999999659,9.565218396451,4928.696806817080
1334.799999999659,374.799999999659,9.565213979687,4929.175067626483
1334.849999999659,374.849999999659,9.565209562924,4929.653328215049
1334.899999999659,374.899999999659,9.565205146160,4930.131588582776
1334.949999999659,374.949999999659,9.565200729396,4930.609848729665
1334.999999999659,374.999999999659,9.565196312632,4931.088108655716
1335.044444444444,375.044444444444,9.565192386620,4931.513228407846
1335.049999999659,375.049999999659,9.565191983054,4931.566368361170
1335.099999999659,375.099999999659,9.565188350964,4932.044627869523
1335.149999999659,375.149999999659,9.565184718874,4932.522887196268
1335.199999999659,375.199999999659,9.565181086785,4933.001146341409
1335.249999999659,375.249999999659,9.565177454695,4933.479405304946
1335.299999999659,375.299999999659,9.565173822605,4933.957664086878
1335.349999999658,375.349999999658,9.565170190515,4934.435922687197
1335.399999999658,375.399999999658,9.565166558425,4934.914181105920
1335.449999999658,375.449999999658,9.565162926335,4935.392439343041
1335.499999999658,375.499999999658,9.565159294245,4935.870697398555
1335.549999999658,375.549999999658,9.565155662155,4936.348955272464
1335.599999999658,375.599999999658,9.565152030065,4936.827212964769
1335.649999999658,375.649999999658,9.565148397976,4937.305470475470
1335.699999999658,375.699999999658,9.565144765886,4937.783727804569
1335.749999999658,375.749999999658,9.565141133796,4938.261984952061
1335.799999999658,375.799999999658,9.565137501706,4938.740241917948
1335.849999999658,375.849999999658,9.565133869616,4939.218498702230
1335.899999999658,375.899999999658,9.565130237526,4939.696755304908
1335.949999999658,375.949999999658,9.565126605436,4940.175011725983
1335.999999999658,375.999999999658,9.565122973346,4940.653267965453
1336.044444444444,376.044444444444,9.565119744822,4941.078384473568
1336.049999999658,376.049999999658,9.565119425985,4941.131524023553
1336.099999999658,376.099999999658,9.565116556447,4941.609779923113
1336.149999999658,376.149999999658,9.565113686909,4942.088035679197
1336.199999999658,376.199999999658,9.565110817371,4942.566291291805
1336.249999999658,376.249999999658,9.565107947833,4943.044546760935
1336.299999999658,376.299999999658,9.565105078295,4943.522802086588
1336.349999999658,376.349999999658,9.565102208757,4944.001057268763
1336.399999999658,376.399999999658,9.565099339219,4944.479312307462
1336.449999999658,376.449999999658,9.565096469681,4944.957567202687
1336.499999999658,376.499999999658,9.565093600144,4945.435821954432
1336.549999999658,376.549999999658,9.565090730606,4945.914076562700
1336.599999999658,376.599999999658,9.565087861068,4946.392331027491
1336.649999999658,376.649999999658,9.565084991530,4946.870585348805
1336.699999999658,376.699999999658,9.565082121992,4947.348839526645
1336.749999999657,376.749999999657,9.565079252454,4947.827093560994
1336.799999999657,376.799999999657,9.565076382916,4948.305347451880
1336.849999999657,376.849999999657,9.565073513378,4948.783601199287
1336.899999999657,376.899999999657,9.565070643840,4949.261854803217
1336.949999999657,376.949999999657,9.565067774302,4949.740108263670
1336.999999999657,376.999999999657,9.565064904765,4950.218361580646
1337.044444444444,377.044444444444,9.565062354064,4950.643475523009
1337.049999999657,377.049999999657,9.565062118589,4950.696614754380
1337.099999999657,377.099999999657,9.565059999312,4951.174867807327
1337.149999999657,377.149999999657,9.565057880035,4951.653120754310
1337.199999999657,377.199999999657,9.565055760758,4952.131373595330
1337.249999999657,377.249999999657,9.565053641480,4952.609626330385
1337.299999999657,377.299999999657,9.565051522203,4953.087878959479
1337.349999999657,377.349999999657,9.565049402926,4953.566131482607
1337.399999999657,377.399999999657,9.565047283649,4954.044383899771
1337.449999999657,377.449999999657,9.565045164372,4954.522636210971
1337.499999999657,377.499999999657,9.565043045095,4955.000888416207
1337.549999999656,377.549999999656,9.565040925818,4955.479140515471
1337.599999999656,377.599999999656,9.565038806540,4955.957392508780
1337.649999999656,377.649999999656,9.565036687263,4956.435644396127
1337.699999999656,377.699999999656,9.565034567986,4956.913896177508
1337.749999999656,377.749999999656,9.565032448709,4957.392147852925
1337.799999999656,377.799999999656,9.565030329432,4957.870399422378
1337.849999999656,377.849999999656,9.565028210155,4958.348650885867
1337.899999999656,377.899999999656,9.565026090878,4958.826902243394
1337.949999999656,377.949999999656,9.565023971600,4959.305153494955
1337.999999999656,377.999999999656,9.565021852323,4959.783404640553
1338.044444444444,378.044444444444,9.565019968521,4960.208516684303
1338.049999999656,378.049999999656,9.565019815031,4960.261655680414
1338.099999999656,378.099999999656,9.565018433619,4960.739906636630
1338.149999999656,378.149999999656,9.565017052207,4961.218157523777
1338.199999999656,378.199999999656,9.565015670794,4961.696408341852
1338.249999999656,378.249999999656,9.565014289382,4962.174659090855
1338.299999999656,378.299999999656,9.565012907970,4962.652909770789
1338.349999999656,378.349999999656,9.565011526557,4963.131160381652
1338.399999999656,378.399999999656,9.565010145145,4963.609410923446
1338.449999999656,378.449999999656,9.565008763733,4964.087661396168
1338.499999999656,378.499999999656,9.565007382320,4964.565911799819
1338.549999999656,378.549999999656,9.565006000908,4965.044162134400
1338.599999999656,378.599999999656,9.565004619496,4965.522412399910
1338.649999999656,378.649999999656,9.565003238083,4966.000662596351
1338.699999999656,378.699999999656,9.565001856671,4966.478912723719
1338.749999999656,378.749999999656,9.565000475259,4966.957162782017
1338.799999999656,378.799999999656,9.564999093846,4967.435412771244
1338.849999999656,378.849999999656,9.564997712434,4967.913662691401
1338.899999999656,378.899999999656,9.564996331022,4968.391912542489
1338.949999999655,378.949999999655,9.564994949609,4968.870162324493
1338.999999999655,378.999999999655,9.564993568197,4969.348412037441
1339.044444444444,379.044444444444,9.564992340275,4969.773522838702
1339.049999999655,379.049999999655,9.564992267364,4969.826661681539
1339.099999999655,379.099999999655,9.564991611165,4970.304911278502
1339.149999999655,379.149999999655,9.564990954967,4970.783160842655
1339.199999999655,379.199999999655,9.564990298768,4971.261410373998
1339.249999999655,379.249999999655,9.564989642569,4971.739659872533
1339.299999999655,379.299999999655,9.564988986371,4972.217909338256
1339.349999999655,379.349999999655,9.564988330172,4972.696158771168
1339.399999999655,379.399999999655,9.564987673973,4973.174408171271
1339.449999999655,379.449999999655,9.564987017775,4973.652657538564
1339.499999999655,379.499999999655,9.564986361576,4974.130906873050
1339.549999999655,379.549999999655,9.564985705377,4974.609156174723
1339.599999999655,379.599999999655,9.564985049178,4975.087405443587
1339.649999999655,379.649999999655,9.564984392980,4975.565654679641
1339.699999999655,379.699999999655,9.564983736781,4976.043903882884
1339.749999999654,379.749999999654,9.564983080582,4976.522153053309
1339.799999999654,379.799999999654,9.564982424384,4977.000402190933
1339.849999999654,379.849999999654,9.564981768185,4977.478651295749
1339.899999999654,379.899999999654,9.564981111986,4977.956900367752
1339.949999999654,379.949999999654,9.564980455788,4978.435149406946
1339.999999999654,379.999999999654,9.564979799589,4978.913398413330
1340.044444444444,380.044444444444,9.564979216301,4979.338508616990
1340.049999999654,380.049999999654,9.564979222538,4979.391647387125
1340.099999999654,380.099999999654,9.564979278669,4979.869896349657
1340.149999999654,380.149999999654,9.564979334801,4980.348145314993
1340.199999999654,380.199999999654,9.564979390932,4980.826394283136
1340.249999999654,380.249999999654,9.564979447063,4981.304643254086
1340.299999999654,380.299999999654,9.564979503195,4981.782892227842
1340.349999999654,380.349999999654,9.564979559326,4982.261141204407
1340.399999999654,380.399999999654,9.564979615457,4982.739390183776
1340.449999999654,380.449999999654,9.564979671589,4983.217639165951
1340.499999999654,380.499999999654,9.564979727720,4983.695888150934
1340.549999999654,380.549999999654,9.564979783851,4984.174137138722
1340.599999999654,380.599999999654,9.564979839983,4984.652386129320
1340.649999999654,380.649999999654,9.564979896114,4985.130635122722
1340.699999999654,380.699999999654,9.564979952245,4985.608884118930
1340.749999999654,380.749999999654,9.564980008377,4986.087133117945
1340.799999999654,380.799999999654,9.564980064508,4986.565382119767
1340.849999999654,380.849999999654,9.564980120639,4987.043631124397
1340.899999999654,380.899999999654,9.564980176771,4987.521880131831
1340.949999999654,380.949999999654,9.564980232902,4988.000129142073
1340.999999999654,380.999999999654,9.564980289033,4988.478378155121
1341.044444444444,381.044444444444,9.564980338928,4988.903488394604
1341.049999999654,381.049999999654,9.564980422863,4988.956627171192
1341.099999999654,381.099999999654,9.564981178281,4989.434876211222
1341.149999999653,381.149999999653,9.564981933699,4989.913125289010
1341.199999999653,381.199999999653,9.564982689117,4990.391374404582
1341.249999999653,381.249999999653,9.564983444535,4990.869623557923
1341.299999999653,381.299999999653,9.564984199953,4991.347872749035
1341.349999999653,381.349999999653,9.564984955371,4991.826121977917
1341.399999999653,381.399999999653,9.564985710789,4992.304371244571
1341.449999999653,381.449999999653,9.564986466206,4992.782620548997
1341.499999999653,381.499999999653,9.564987221624,4993.260869891193
1341.549999999653,381.549999999653,9.564987977042,4993.739119271159
1341.599999999653,381.599999999653,9.564988732460,4994.217368688896
1341.649999999653,381.649999999653,9.564989487878,4994.695618144405
1341.699999999653,381.699999999653,9.564990243296,4995.173867637686
1341.749999999653,381.749999999653,9.564990998714,4995.652117168736
1341.799999999653,381.799999999653,9.564991754132,4996.130366737557
1341.849999999653,381.849999999653,9.564992509550,4996.608616344149
1341.899999999653,381.899999999653,9.564993264968,4997.086865988511
1341.949999999652,381.949999999652,9.564994020386,4997.565115670635
1341.999999999652,381.999999999652,9.564994775804,4998.043365390539
1342.044444444444,382.044444444444,9.564995447286,4998.468476287711
1342.049999999652,382.049999999652,9.564995607433,4998.521615148428
1342.099999999652,382.099999999652,9.564997048750,4998.999864964832
1342.149999999652,382.149999999652,9.564998490067,4999.478114853302
1342.199999999652,382.199999999652,9.564999931384,4999.956364813838
1342.249999999652,382.249999999652,9.565001372702,5000.434614846440
1342.299999999652,382.299999999652,9.565002814019,5000.912864951109
1342.349999999652,382.349999999652,9.565004255336,5001.391115127843
1342.399999999652,382.399999999652,9.565005696653,5001.869365376642
1342.449999999652,382.449999999652,9.565007137971,5002.347615697508
1342.499999999652,382.499999999652,9.565008579288,5002.825866090438
1342.549999999652,382.549999999652,9.565010020605,5003.304116555438
1342.599999999652,382.599999999652,9.565011461923,5003.782367092501
1342.649999999652,382.649999999652,9.565012903240,5004.260617701630
1342.699999999652,382.699999999652,9.565014344557,5004.738868382824
1342.749999999652,382.749999999652,9.565015785874,5005.217119136084
1342.799999999652,382.799999999652,9.565017227192,5005.695369961412
1342.849999999652,382.849999999652,9.565018668509,5006.173620858804
1342.899999999652,382.899999999652,9.565020109826,5006.651871828262
1342.949999999652,382.949999999652,9.565021551143,5007.130122869786
1342.999999999652,382.999999999652,9.565022992461,5007.608373983376
1343.044444444444,383.044444444444,9.565024273632,5008.033486148170
1343.049999999652,383.049999999652,9.565024508577,5008.086625169241
1343.099999999652,383.099999999652,9.565026623082,5008.564876447532
1343.149999999652,383.149999999652,9.565028737588,5009.043127831548
1343.199999999652,383.199999999652,9.565030852093,5009.521379321290
1343.249999999652,383.249999999652,9.565032966599,5009.999630916756
1343.299999999652,383.299999999652,9.565035081105,5010.477882617951
1343.349999999651,383.349999999651,9.565037195610,5010.956134424858
1343.399999999651,383.399999999651,9.565039310116,5011.434386337502
1343.449999999651,383.449999999651,9.565041424621,5011.912638355871
1343.499999999651,383.499999999651,9.565043539127,5012.390890479964
1343.549999999651,383.549999999651,9.565045653632,5012.869142709782
1343.599999999651,383.599999999651,9.565047768138,5013.347395045325
1343.649999999651,383.649999999651,9.565049882644,5013.825647486597
1343.699999999651,383.699999999651,9.565051997149,5014.303900033591
1343.749999999651,383.749999999651,9.565054111655,5014.782152686311
1343.799999999651,383.799999999651,9.565056226160,5015.260405444756
1343.849999999651,383.849999999651,9.565058340666,5015.738658308926
1343.899999999651,383.899999999651,9.565060455171,5016.216911278823
1343.949999999651,383.949999999651,9.565062569677,5016.695164354444
1343.999999999651,383.999999999651,9.565064684183,5017.173417535791
1344.044444444444,384.044444444444,9.565066563743,5017.598531566857
1344.049999999651,384.049999999651,9.565066872029,5017.651670823066
1344.099999999651,384.099999999651,9.565069646601,5018.129924236031
1344.149999999650,384.149999999650,9.565072421173,5018.608177787716
1344.199999999650,384.199999999650,9.565075195746,5019.086431478138
1344.249999999650,384.249999999650,9.565077970318,5019.564685307291
1344.299999999650,384.299999999650,9.565080744890,5020.042939275171
1344.349999999650,384.349999999650,9.565083519463,5020.521193381780
1344.399999999650,384.399999999650,9.565086294035,5020.999447627117
1344.449999999650,384.449999999650,9.565089068607,5021.477702011182
1344.499999999650,384.499999999650,9.565091843179,5021.955956533979
1344.549999999650,384.549999999650,9.565094617752,5022.434211195501
1344.599999999650,384.599999999650,9.565097392324,5022.912465995752
1344.649999999650,384.649999999650,9.565100166896,5023.390720934733
1344.699999999650,384.699999999650,9.565102941469,5023.868976012442
1344.749999999650,384.749999999650,9.565105716041,5024.347231228881
1344.799999999650,384.799999999650,9.565108490613,5024.825486584047
1344.849999999650,384.849999999650,9.565111265185,5025.303742077942
1344.899999999650,384.899999999650,9.565114039758,5025.781997710566
1344.949999999650,384.949999999650,9.565116814330,5026.260253481917
1344.999999999650,384.999999999650,9.565119588902,5026.738509391999
1345.044444444444,385.044444444444,9.565122055189,5027.163625876322
1345.049999999650,385.049999999650,9.565122435385,5027.216765441008
1345.099999999650,385.099999999650,9.565125857148,5027.695021648321
1345.149999999650,385.149999999650,9.565129278911,5028.173278026722
1345.199999999650,385.199999999650,9.565132700674,5028.651534576211
1345.249999999650,385.249999999650,9.565136122437,5029.129791296790
1345.299999999650,385.299999999650,9.565139544200,5029.608048188456
1345.349999999650,385.349999999650,9.565142965964,5030.086305251210
1345.399999999650,385.399999999650,9.565146387727,5030.564562485051
1345.449999999650,385.449999999650,9.565149809490,5031.042819889981
1345.499999999650,385.499999999650,9.565153231253,5031.521077466001
1345.549999999649,385.549999999649,9.565156653016,5031.999335213096
1345.599999999649,385.599999999649,9.565160074779,5032.477593131292
1345.649999999649,385.649999999649,9.565163496543,5032.955851220575
1345.699999999649,385.699999999649,9.565166918306,5033.434109480946
1345.749999999649,385.749999999649,9.565170340069,5033.912367912405
1345.799999999649,385.799999999649,9.565173761832,5034.390626514952
1345.849999999649,385.849999999649,9.565177183595,5034.868885288589
1345.899999999649,385.899999999649,9.565180605358,5035.347144233312
1345.949999999649,385.949999999649,9.565184027121,5035.825403349124
1345.999999999649,385.999999999649,9.565187448885,5036.303662636024
1346.044444444444,386.044444444444,9.565190490452,5036.728782149141
1346.049999999649,386.049999999649,9.565190941147,5036.781922094207
1346.099999999649,386.099999999649,9.565194997408,5037.260181742673
1346.149999999649,386.149999999649,9.565199053668,5037.738441593950
1346.199999999649,386.199999999649,9.565203109928,5038.216701648039
1346.249999999649,386.249999999649,9.565207166188,5038.694961904941
1346.299999999649,386.299999999649,9.565211222449,5039.173222364657
1346.349999999648,386.349999999648,9.565215278709,5039.651483027176
1346.399999999648,386.399999999648,9.565219334969,5040.129743892518
1346.449999999648,386.449999999648,9.565223391229,5040.608004960674
1346.499999999648,386.499999999648,9.565227447489,5041.086266231642
1346.549999999648,386.549999999648,9.565231503750,5041.564527705423
1346.599999999648,386.599999999648,9.565235560010,5042.042789382016
1346.649999999648,386.649999999648,9.565239616270,5042.521051261423
1346.699999999648,386.699999999648,9.565243672530,5042.999313343645
1346.749999999648,386.749999999648,9.565247728791,5043.477575628677
1346.799999999648,386.799999999648,9.565251785051,5043.955838116523
1346.849999999648,386.849999999648,9.565255841311,5044.434100807181
1346.899999999648,386.899999999648,9.565259897571,5044.912363700653
1346.949999999648,386.949999999648,9.565263953832,5045.390626796941
1346.999999999648,386.999999999648,9.565268010092,5045.868890096038
1347.044444444444,387.044444444444,9.565271615657,5046.294013202195
1347.049999999648,387.049999999648,9.565272135464,5046.347153598141
1347.099999999648,387.099999999648,9.565276813733,5046.825417321870
1347.149999999648,387.149999999648,9.565281492002,5047.303681279514
1347.199999999648,387.199999999648,9.565286170271,5047.781945471073
1347.249999999648,387.249999999648,9.565290848539,5048.260209896543
1347.299999999648,387.299999999648,9.565295526808,5048.738474555926
1347.349999999648,387.349999999648,9.565300205077,5049.216739449223
1347.399999999648,387.399999999648,9.565304883346,5049.695004576432
1347.449999999648,387.449999999648,9.565309561615,5050.173269937558
1347.499999999648,387.499999999648,9.565314239884,5050.651535532595
1347.549999999648,387.549999999648,9.565318918153,5051.129801361545
1347.599999999648,387.599999999648,9.565323596421,5051.608067424409
1347.649999999648,387.649999999648,9.565328274690,5052.086333721187
1347.699999999648,387.699999999648,9.565332952959,5052.564600251880
1347.749999999647,387.749999999647,9.565337631228,5053.042867016473
1347.799999999647,387.799999999647,9.565342309497,5053.521134014993
1347.849999999647,387.849999999647,9.565346987766,5053.999401247424
1347.899999999647,387.899999999647,9.565351666034,5054.477668713768
1347.949999999647,387.949999999647,9.565356344303,5054.955936414026
1347.999999999647,387.999999999647,9.565361022572,5055.434204348197
1348.044444444444,388.044444444444,9.565365181033,5055.859331600540
1348.049999999647,388.049999999647,9.565365768590,5055.912472516473
1348.099999999647,388.099999999647,9.565371056602,5056.390740937102
1348.149999999647,388.149999999647,9.565376344615,5056.869009622133
1348.199999999647,388.199999999647,9.565381632627,5057.347278571563
1348.249999999647,388.249999999647,9.565386920639,5057.825547785395
1348.299999999647,388.299999999647,9.565392208651,5058.303817263629
1348.349999999647,388.349999999647,9.565397496663,5058.782087006261
1348.399999999647,388.399999999647,9.565402784675,5059.260357013294
1348.449999999647,388.449999999647,9.565408072688,5059.738627284728
1348.499999999647,388.499999999647,9.565413360700,5060.216897820562
1348.549999999646,388.549999999646,9.565418648712,5060.695168620788
1348.599999999646,388.599999999646,9.565423936724,5061.173439685424
1348.649999999646,388.649999999646,9.565429224736,5061.651711014461
1348.699999999646,388.699999999646,9.565434512748,5062.129982607898
1348.749999999646,388.749999999646,9.565439800761,5062.608254465736
1348.799999999646,388.799999999646,9.565445088773,5063.086526587974
1348.849999999646,388.849999999646,9.565450376785,5063.564798974612
1348.899999999646,388.899999999646,9.565455664797,5064.043071625653
1348.949999999646,388.949999999646,9.565460952809,5064.521344541093
1348.999999999646,388.999999999646,9.565466240821,5064.999617720933
1349.044444444444,389.044444444444,9.565470941277,5065.424749661695
1349.049999999646,389.049999999646,9.565471595246,5065.477891165358
1349.099999999646,389.099999999646,9.565477480973,5065.956164892264
1349.149999999646,389.149999999646,9.565483366700,5066.434438913458
1349.199999999646,389.199999999646,9.565489252426,5066.912713228935
1349.249999999646,389.249999999646,9.565495138153,5067.390987838699
1349.299999999646,389.299999999646,9.565501023880,5067.869262742750
1349.349999999646,389.349999999646,9.565506909606,5068.347537941087
1349.399999999646,389.399999999646,9.565512795333,5068.825813433712
1349.449999999646,389.449999999646,9.565518681060,5069.304089220622
1349.499999999646,389.499999999646,9.565524566786,5069.782365301818
1349.549999999646,389.549999999646,9.565530452513,5070.260641677300
1349.599999999646,389.599999999646,9.565536338240,5070.738918347068
1349.649999999646,389.649999999646,9.565542223966,5071.217195311125
1349.699999999646,389.699999999646,9.565548109693,5071.695472569466
1349.749999999646,389.749999999646,9.565553995420,5072.173750122093
1349.799999999646,389.799999999646,9.565559881146,5072.652027969007
1349.849999999646,389.849999999646,9.565565766873,5073.130306110207
1349.899999999646,389.899999999646,9.565571652600,5073.608584545696
1349.949999999645,389.949999999645,9.565577538326,5074.086863275457
1349.999999999645,389.999999999645,9.565583424053,5074.565142299519
1350.044444444444,390.044444444444,9.565588655810,5074.990279460240
1350.049999999645,390.049999999645,9.565589374883,5075.043421618046
1350.099999999645,390.099999999645,9.565595846538,5075.521701248581
1350.149999999645,390.149999999645,9.565602318194,5075.999981202699
1350.199999999645,390.199999999645,9.565608789849,5076.478261480400
1350.249999999645,390.249999999645,9.565615261505,5076.956542081685
1350.299999999645,390.299999999645,9.565621733160,5077.434823006552
1350.349999999645,390.349999999645,9.565628204816,5077.913104255001
1350.399999999645,390.399999999645,9.565634676471,5078.391385827033
1350.449999999645,390.449999999645,9.565641148127,5078.869667722647
1350.499999999645,390.499999999645,9.565647619782,5079.347949941846
1350.549999999645,390.549999999645,9.565654091438,5079.826232484626
1350.599999999645,390.599999999645,9.565660563093,5080.304515350989
1350.649999999645,390.649999999645,9.565667034748,5080.782798540935
1350.699999999645,390.699999999645,9.565673506404,5081.261082054463
1350.749999999644,390.749999999644,9.565679978059,5081.739365891565
1350.799999999644,390.799999999644,9.565686449715,5082.217650052259
1350.849999999644,390.849999999644,9.565692921370,5082.695934536538
1350.899999999644,390.899999999644,9.565699393026,5083.174219344397
1350.949999999644,390.949999999644,9.565705864681,5083.652504475839
1350.999999999644,390.999999999644,9.565712336337,5084.130789930864
1351.044444444444,391.044444444444,9.565718088920,5084.555932832605
1351.049999999644,391.049999999644,9.565718871831,5084.609075709649
1351.099999999644,391.099999999644,9.565725918033,5085.087361829397
1351.149999999644,391.149999999644,9.565732964236,5085.565648301454
1351.199999999644,391.199999999644,9.565740010438,5086.043935125820
1351.249999999644,391.249999999644,9.565747056640,5086.522222302497
1351.299999999644,391.299999999644,9.565754102842,5087.000509831483
1351.349999999644,391.349999999644,9.565761149045,5087.478797712783
1351.399999999644,391.399999999644,9.565768195247,5087.957085946389
1351.449999999644,391.449999999644,9.565775241449,5088.435374532306
1351.499999999644,391.499999999644,9.565782287652,5088.913663470533
1351.549999999644,391.549999999644,9.565789333854,5089.391952761070
1351.599999999644,391.599999999644,9.565796380056,5089.870242403919
1351.649999999644,391.649999999644,9.565803426258,5090.348532399077
1351.699999999644,391.699999999644,9.565810472461,5090.826822746545
1351.749999999644,391.749999999644,9.565817518663,5091.305113446323
1351.799999999644,391.799999999644,9.565824564865,5091.783404498411
1351.849999999644,391.849999999644,9.565831611068,5092.261695902811
1351.899999999644,391.899999999644,9.565838657270,5092.739987659519
1351.949999999644,391.949999999644,9.565845703472,5093.218279768537
1351.999999999644,391.999999999644,9.565852749675,5093.696572229866
1352.044444444444,392.044444444444,9.565859012966,5094.121721383549
1352.049999999644,392.049999999644,9.565859858446,5094.174865043678
1352.099999999644,392.099999999644,9.565867467767,5094.653158226835
1352.149999999643,392.149999999643,9.565875077089,5095.131451790446
1352.199999999643,392.199999999643,9.565882686410,5095.609745734535
1352.249999999643,392.249999999643,9.565890295731,5096.088040059088
1352.299999999643,392.299999999643,9.565897905053,5096.566334764107
1352.349999999643,392.349999999643,9.565905514374,5097.044629849592
1352.399999999643,392.399999999643,9.565913123696,5097.522925315543
1352.449999999643,392.449999999643,9.565920733017,5098.001221161962
1352.499999999643,392.499999999643,9.565928342338,5098.479517388846
1352.549999999643,392.549999999643,9.565935951660,5098.957813996196
1352.599999999643,392.599999999643,9.565943560981,5099.436110984011
1352.649999999643,392.649999999643,9.565951170303,5099.914408352292
1352.699999999643,392.699999999643,9.565958779624,5100.392706101043
1352.749999999643,392.749999999643,9.565966388946,5100.871004230256
1352.799999999643,392.799999999643,9.565973998267,5101.349302739936
1352.849999999643,392.849999999643,9.565981607588,5101.827601630082
1352.899999999643,392.899999999643,9.565989216910,5102.305900900695
1352.949999999642,392.949999999642,9.565996826231,5102.784200551764
1352.999999999642,392.999999999642,9.566004435553,5103.262500583308
1353.044444444444,393.044444444444,9.566011199394,5103.687656489728
1353.049999999642,393.049999999642,9.566012106191,5103.740800995491
1353.099999999642,393.099999999642,9.566020267363,5104.219101804829
1353.149999999642,393.149999999642,9.566028428535,5104.697403022225
1353.199999999642,393.199999999642,9.566036589707,5105.175704647681
1353.249999999642,393.249999999642,9.566044750879,5105.654006681196
1353.299999999642,393.299999999642,9.566052912051,5106.132309122770
1353.349999999642,393.349999999642,9.566061073223,5106.610611972402
1353.399999999642,393.399999999642,9.566069234395,5107.088915230092
1353.449999999642,393.449999999642,9.566077395567,5107.567218895840
1353.499999999642,393.499999999642,9.566085556739,5108.045522969647
1353.549999999642,393.549999999642,9.566093717911,5108.523827451515
1353.599999999642,393.599999999642,9.566101879083,5109.002132341439
1353.649999999642,393.649999999642,9.566110040255,5109.480437639422
1353.699999999642,393.699999999642,9.566118201427,5109.958743345464
1353.749999999642,393.749999999642,9.566126362599,5110.437049459564
1353.799999999642,393.799999999642,9.566134523771,5110.915355981725
1353.849999999642,393.849999999642,9.566142684943,5111.393662911943
1353.899999999642,393.899999999642,9.566150846115,5111.871970250219
1353.949999999642,393.949999999642,9.566159007287,5112.350277996553
1353.999999999642,393.999999999642,9.566167168459,5112.828586150946
1354.044444444444,394.044444444444,9.566174422834,5113.253749300840
1354.049999999642,394.049999999642,9.566175389775,5113.306894713566
1354.099999999642,394.099999999642,9.566184092242,5113.785203700616
1354.149999999642,394.149999999642,9.566192794709,5114.263513122789
1354.199999999642,394.199999999642,9.566201497177,5114.741822980086
1354.249999999642,394.249999999642,9.566210199644,5115.220133272506
1354.299999999642,394.299999999642,9.566218902111,5115.698444000051
1354.349999999641,394.349999999641,9.566227604578,5116.176755162710
1354.399999999641,394.399999999641,9.566236307045,5116.655066760500
1354.449999999641,394.449999999641,9.566245009512,5117.133378793414
1354.499999999641,394.499999999641,9.566253711979,5117.611691261451
1354.549999999641,394.549999999641,9.566262414447,5118.090004164611
1354.599999999641,394.599999999641,9.566271116914,5118.568317502897
1354.649999999641,394.649999999641,9.566279819381,5119.046631276304
1354.699999999641,394.699999999641,9.566288521848,5119.524945484834
1354.749999999641,394.749999999641,9.566297224315,5120.003260128488
1354.799999999641,394.799999999641,9.566305926782,5120.481575207265
1354.849999999641,394.849999999641,9.566314629249,5120.959890721168
1354.899999999641,394.899999999641,9.566323331717,5121.438206670191
1354.949999999641,394.949999999641,9.566332034184,5121.916523054338
1354.999999999641,394.999999999641,9.566340736651,5122.394839873608
1355.044444444444,395.044444444444,9.566348472177,5122.820010748346
1355.049999999641,395.049999999641,9.566349498093,5122.873157128166
1355.099999999641,395.099999999641,9.566358731335,5123.351474833903
1355.149999999640,395.149999999640,9.566367964577,5123.829793001290
1355.199999999640,395.199999999640,9.566377197819,5124.308111630351
1355.249999999640,395.249999999640,9.566386431062,5124.786430721073
1355.299999999640,395.299999999640,9.566395664304,5125.264750273456
1355.349999999640,395.349999999640,9.566404897546,5125.743070287502
1355.399999999640,395.399999999640,9.566414130788,5126.221390763209
1355.449999999640,395.449999999640,9.566423364031,5126.699711700581
1355.499999999640,395.499999999640,9.566432597273,5127.178033099613
1355.549999999640,395.549999999640,9.566441830515,5127.656354960308
1355.599999999640,395.599999999640,9.566451063757,5128.134677282665
1355.649999999640,395.649999999640,9.566460296999,5128.613000066684
1355.699999999640,395.699999999640,9.566469530242,5129.091323312367
1355.749999999640,395.749999999640,9.566478763484,5129.569647019709
1355.799999999640,395.799999999640,9.566487996726,5130.047971188714
1355.849999999640,395.849999999640,9.566497229968,5130.526295819381
1355.899999999640,395.899999999640,9.566506463210,5131.004620911710
1355.949999999640,395.949999999640,9.566515696453,5131.482946465703
1355.999999999640,395.999999999640,9.566524929695,5131.961272481357
1356.044444444444,396.044444444444,9.566533137021,5132.386451552946
1356.049999999640,396.049999999640,9.566534220764,5132.439598958833
1356.099999999640,396.099999999640,9.566543974452,5132.917925913713
1356.149999999640,396.149999999640,9.566553728139,5133.396253356277
1356.199999999640,396.199999999640,9.566563481826,5133.874581286528
1356.249999999640,396.249999999640,9.566573235514,5134.352909704461
1356.299999999640,396.299999999640,9.566582989201,5134.831238610079
1356.349999999640,396.349999999640,9.566592742889,5135.309568003380
1356.399999999640,396.399999999640,9.566602496576,5135.787897884366
1356.449999999640,396.449999999640,9.566612250263,5136.266228253039
1356.499999999640,396.499999999640,9.566622003951,5136.744559109394
1356.549999999639,396.549999999639,9.566631757638,5137.222890453424
1356.599999999639,396.599999999639,9.566641511326,5137.701222285148
1356.649999999639,396.649999999639,9.566651265013,5138.179554604556
1356.699999999639,396.699999999639,9.566661018700,5138.657887411649
1356.749999999639,396.749999999639,9.566670772388,5139.136220706425
1356.799999999639,396.799999999639,9.566680526075,5139.614554488888
1356.849999999639,396.849999999639,9.566690279763,5140.092888759033
1356.899999999639,396.899999999639,9.566700033450,5140.571223516863
1356.949999999639,396.949999999639,9.566709787138,5141.049558762377
1356.999999999639,396.999999999639,9.566719540825,5141.527894495576
1357.044444444444,397.044444444444,9.566728210769,5141.953082226840
1357.049999999639,397.049999999639,9.566729351218,5142.006230716619
1357.099999999639,397.099999999639,9.566739615256,5142.484567440781
1357.149999999639,397.149999999639,9.566749879294,5142.962904678144
1357.199999999639,397.199999999639,9.566760143332,5143.441242428709
1357.249999999639,397.249999999639,9.566770407370,5143.919580692476
1357.299999999639,397.299999999639,9.566780671408,5144.397919469448
1357.349999999638,397.349999999638,9.566790935447,5144.876258759607
1357.399999999638,397.399999999638,9.566801199485,5145.354598562983
1357.449999999638,397.449999999638,9.566811463523,5145.832938879557
1357.499999999638,397.499999999638,9.566821727561,5146.311279709334
1357.549999999638,397.549999999638,9.566831991599,5146.789621052312
1357.599999999638,397.599999999638,9.566842255637,5147.267962908492
1357.649999999638,397.649999999638,9.566852519675,5147.746305277877
1357.699999999638,397.699999999638,9.566862783713,5148.224648160461
1357.749999999638,397.749999999638,9.566873047751,5148.702991556247
1357.799999999638,397.799999999638,9.566883311789,5149.181335465235
1357.849999999638,397.849999999638,9.566893575828,5149.659679887425
1357.899999999638,397.899999999638,9.566903839866,5150.138024822820
1357.949999999638,397.949999999638,9.566914103904,5150.616370271414
1357.999999999638,397.999999999638,9.566924367942,5151.094716233210
1358.044444444444,398.044444444444,9.566933491531,5151.519913077990
1358.049999999638,398.049999999638,9.566934687590,5151.573062708361
1358.099999999638,398.099999999638,9.566945452114,5152.051409711853
1358.149999999638,398.149999999638,9.566956216639,5152.529757253574
1358.199999999638,398.199999999638,9.566966981164,5153.008105333518
1358.249999999638,398.249999999638,9.566977745689,5153.486453951688
1358.299999999638,398.299999999638,9.566988510214,5153.964803108085
1358.349999999638,398.349999999638,9.566999274738,5154.443152802708
1358.399999999638,398.399999999638,9.567010039263,5154.921503035560
1358.449999999638,398.449999999638,9.567020803788,5155.399853806636
1358.499999999638,398.499999999638,9.567031568313,5155.878205115939
1358.549999999638,398.549999999638,9.567042332838,5156.356556963467
1358.599999999638,398.599999999638,9.567053097362,5156.834909349222
1358.649999999638,398.649999999638,9.567063861887,5157.313262273206
1358.699999999638,398.699999999638,9.567074626412,5157.791615735413
1358.749999999637,398.749999999637,9.567085390937,5158.269969735838
1358.799999999637,398.799999999637,9.567096155462,5158.748324274497
1358.849999999637,398.849999999637,9.567106919986,5159.226679351384
1358.899999999637,398.899999999637,9.567117684511,5159.705034966496
1358.949999999637,398.949999999637,9.567128449036,5160.183391119835
1358.999999999637,398.999999999637,9.567139213561,5160.661747811401
1359.044444444444,399.044444444444,9.567148782027,5161.086954214771
1359.049999999637,399.049999999637,9.567150032624,5161.140105041343
1359.099999999637,399.099999999637,9.567161287996,5161.618462824358
1359.149999999637,399.149999999637,9.567172543368,5162.096821170142
1359.199999999637,399.199999999637,9.567183798740,5162.575180078694
1359.249999999637,399.249999999637,9.567195054112,5163.053539550016
1359.299999999637,399.299999999637,9.567206309485,5163.531899584106
1359.349999999637,399.349999999637,9.567217564857,5164.010260180964
1359.399999999637,399.399999999637,9.567228820229,5164.488621340591
1359.449999999637,399.449999999637,9.567240075601,5164.966983062986
1359.499999999637,399.499999999637,9.567251330973,5165.445345348153
1359.549999999636,399.549999999636,9.567262586345,5165.923708196075
1359.599999999636,399.599999999636,9.567273841717,5166.402071606778
1359.649999999636,399.649999999636,9.567285097089,5166.880435580248
1359.699999999636,399.699999999636,9.567296352461,5167.358800116486
1359.749999999636,399.749999999636,9.567307607833,5167.837165215493
1359.799999999636,399.799999999636,9.567318863205,5168.315530877268
1359.849999999636,399.849999999636,9.567330118577,5168.793897101815
1359.899999999636,399.899999999636,9.567341373950,5169.272263889127
1359.949999999636,399.949999999636,9.567352629322,5169.750631239209
1359.999999999636,399.999999999636,9.567363884694,5170.228999152058
1360.044444444444,400.044444444444,9.567373889469,5170.654215550519
1360.049999999636,400.049999999636,9.567375193558,5170.707367627825
1360.099999999636,400.099999999636,9.567386930357,5171.185736680924
1360.149999999636,400.149999999636,9.567398667156,5171.664106320862
1360.199999999636,400.199999999636,9.567410403955,5172.142476547639
1360.249999999636,400.249999999636,9.567422140754,5172.620847361257
1360.299999999636,400.299999999636,9.567433877553,5173.099218761714
1360.349999999636,400.349999999636,9.567445614352,5173.577590749013
1360.399999999636,400.399999999636,9.567457351151,5174.055963323151
1360.449999999636,400.449999999636,9.567469087950,5174.534336484127
1360.499999999636,400.499999999636,9.567480824749,5175.012710231945
1360.549999999636,400.549999999636,9.567492561548,5175.491084566602
1360.599999999636,400.599999999636,9.567504298347,5175.969459488101
1360.649999999636,400.649999999636,9.567516035146,5176.447834996438
1360.699999999636,400.699999999636,9.567527771946,5176.926211091615
1360.749999999636,400.749999999636,9.567539508745,5177.404587773632
1360.799999999636,400.799999999636,9.567551245544,5177.882965042489
1360.849999999636,400.849999999636,9.567562982343,5178.361342898187
1360.899999999636,400.899999999636,9.567574719142,5178.839721340723
1360.949999999635,400.949999999635,9.567586455941,5179.318100370091
1360.999999999635,400.999999999635,9.567598192740,5179.796479986308
1361.044444444444,401.044444444444,9.567608625450,5180.221706807977
1361.049999999635,401.049999999635,9.567609982008,5180.274860189510
1361.099999999635,401.099999999635,9.567622191027,5180.753240993836
1361.149999999635,401.149999999635,9.567634400047,5181.231622408613
1361.199999999635,401.199999999635,9.567646609066,5181.710004433842
1361.249999999635,401.249999999635,9.567658818086,5182.188387069520
1361.299999999635,401.299999999635,9.567671027105,5182.666770315649
1361.349999999635,401.349999999635,9.567683236124,5183.145154172229
1361.399999999635,401.399999999635,9.567695445144,5183.623538639260
1361.449999999635,401.449999999635,9.567707654163,5184.101923716745
1361.499999999635,401.499999999635,9.567719863183,5184.580309404678
1361.549999999635,401.549999999635,9.567732072202,5185.058695703062
1361.599999999635,401.599999999635,9.567744281222,5185.537082611897
1361.649999999635,401.649999999635,9.567756490241,5186.015470131183
1361.699999999635,401.699999999635,9.567768699261,5186.493858260922
1361.749999999634,401.749999999634,9.567780908280,5186.972247001099
1361.799999999634,401.799999999634,9.567793117300,5187.450636351740
1361.849999999634,401.849999999634,9.567805326319,5187.929026312831
1361.899999999634,401.899999999634,9.567817535338,5188.407416884372
1361.949999999634,401.949999999634,9.567829744358,5188.885808066364
1361.999999999634,401.999999999634,9.567841953377,5189.364199858807
1362.044444444444,402.044444444444,9.567852805839,5189.789437523622
1362.049999999634,402.049999999634,9.567854213866,5189.842592261846
1362.099999999634,402.099999999634,9.567866886108,5190.320985289345
1362.149999999634,402.149999999634,9.567879558350,5190.799378950456
1362.199999999634,402.199999999634,9.567892230592,5191.277773245180
1362.249999999634,402.249999999634,9.567904902834,5191.756168173515
1362.299999999634,402.299999999634,9.567917575076,5192.234563735465
1362.349999999634,402.349999999634,9.567930247318,5192.712959931024
1362.399999999634,402.399999999634,9.567942919560,5193.191356760195
1362.449999999634,402.449999999634,9.567955591802,5193.669754222979
1362.499999999634,402.499999999634,9.567968264044,5194.148152319374
1362.549999999634,402.549999999634,9.567980936286,5194.626551049384
1362.599999999634,402.599999999634,9.567993608528,5195.104950413004
1362.649999999634,402.649999999634,9.568006280770,5195.583350410237
1362.699999999634,402.699999999634,9.568018953012,5196.061751041080
1362.749999999634,402.749999999634,9.568031625254,5196.540152305536
1362.799999999634,402.799999999634,9.568044297496,5197.018554203607
1362.849999999634,402.849999999634,9.568056969738,5197.496956735287
1362.899999999634,402.899999999634,9.568069641980,5197.975359900580
1362.949999999634,402.949999999634,9.568082314222,5198.453763699485
1362.999999999634,402.999999999634,9.568094986464,5198.932168132002
1363.044444444444,403.044444444444,9.568106250679,5199.357417051881
1363.049999999634,403.049999999634,9.568107709198,5199.410573198273
1363.099999999634,403.099999999634,9.568120835868,5199.888978911898
1363.149999999633,403.149999999633,9.568133962538,5200.367385281849
1363.199999999633,403.199999999633,9.568147089208,5200.845792308142
1363.249999999633,403.249999999633,9.568160215879,5201.324199990769
1363.299999999633,403.299999999633,9.568173342549,5201.802608329729
1363.349999999633,403.349999999633,9.568186469219,5202.281017325023
1363.399999999633,403.399999999633,9.568199595889,5202.759426976652
1363.449999999633,403.449999999633,9.568212722560,5203.237837284613
1363.499999999633,403.499999999633,9.568225849230,5203.716248248908
1363.549999999633,403.549999999633,9.568238975900,5204.194659869535
1363.599999999633,403.599999999633,9.568252102570,5204.673072146496
1363.649999999633,403.649999999633,9.568265229240,5205.151485079793
1363.699999999633,403.699999999633,9.568278355911,5205.629898669421
1363.749999999633,403.749999999633,9.568291482581,5206.108312915383
1363.799999999633,403.799999999633,9.568304609251,5206.586727817678
1363.849999999633,403.849999999633,9.568317735921,5207.065143376307
1363.899999999633,403.899999999633,9.568330862592,5207.543559591271
1363.949999999632,403.949999999632,9.568343989262,5208.021976462556
1363.999999999632,403.999999999632,9.568357115932,5208.500393990188
1364.044444444444,404.044444444444,9.568368784084,5208.925654569260
1364.049999999632,404.049999999632,9.568370292139,5208.978812174289
1364.099999999632,404.099999999632,9.568383864641,5209.457231028207
1364.149999999632,404.149999999632,9.568397437143,5209.935650560751
1364.199999999632,404.199999999632,9.568411009645,5210.414070771921
1364.249999999632,404.249999999632,9.568424582146,5210.892491661717
1364.299999999632,404.299999999632,9.568438154648,5211.370913230136
1364.349999999632,404.349999999632,9.568451727150,5211.849335477181
1364.399999999632,404.399999999632,9.568465299652,5212.327758402850
1364.449999999632,404.449999999632,9.568478872154,5212.806182007145
1364.499999999632,404.499999999632,9.568492444655,5213.284606290067
1364.549999999632,404.549999999632,9.568506017157,5213.763031251612
1364.599999999632,404.599999999632,9.568519589659,5214.241456891782
1364.649999999632,404.649999999632,9.568533162161,5214.719883210577
1364.699999999632,404.699999999632,9.568546734663,5215.198310207997
1364.749999999632,404.749999999632,9.568560307164,5215.676737884044
1364.799999999632,404.799999999632,9.568573879666,5216.155166238715
1364.849999999632,404.849999999632,9.568587452168,5216.633595272010
1364.899999999632,404.899999999632,9.568601024670,5217.112024983930
1364.949999999632,404.949999999632,9.568614597172,5217.590455374476
1364.999999999632,404.999999999632,9.568628169673,5218.068886443649
1365.044444444444,405.044444444444,9.568640234120,5218.494159078360
1365.049999999632,405.049999999632,9.568641790778,5218.547318191580
1365.099999999632,405.099999999632,9.568655800710,5219.025750631366
1365.149999999632,405.149999999632,9.568669810641,5219.504183771650
1365.199999999632,405.199999999632,9.568683820573,5219.982617612430
1365.249999999632,405.249999999632,9.568697830504,5220.461052153709
1365.299999999632,405.299999999632,9.568711840436,5220.939487395482
1365.349999999631,405.349999999631,9.568725850368,5221.417923337743
1365.399999999631,405.399999999631,9.568739860299,5221.896359980509
1365.449999999631,405.449999999631,9.568753870230,5222.374797323772
1365.499999999631,405.499999999631,9.568767880162,5222.853235367532
1365.549999999631,405.549999999631,9.568781890093,5223.331674111788
1365.599999999631,405.599999999631,9.568795900025,5223.810113556542
1365.649999999631,405.649999999631,9.568809909956,5224.288553701791
1365.699999999631,405.699999999631,9.568823919888,5224.766994547536
1365.749999999631,405.749999999631,9.568837929819,5225.245436093778
1365.799999999631,405.799999999631,9.568851939751,5225.723878340517
1365.849999999631,405.849999999631,9.568865949682,5226.202321287755
1365.899999999631,405.899999999631,9.568879959614,5226.680764935487
1365.949999999631,405.949999999631,9.568893969545,5227.159209283715
1365.999999999631,405.999999999631,9.568907979477,5227.637654332440
1366.044444444444,406.044444444444,9.568920432749,5228.062939411795
1366.049999999631,406.049999999631,9.568922037099,5228.116100081795
1366.099999999631,406.099999999631,9.568936476246,5228.594546544630
1366.149999999630,406.149999999630,9.568950915392,5229.072993729410
1366.199999999630,406.199999999630,9.568965354539,5229.551441636160
1366.249999999630,406.249999999630,9.568979793686,5230.029890264866
1366.299999999630,406.299999999630,9.568994232833,5230.508339615528
1366.349999999630,406.349999999630,9.569008671979,5230.986789688148
1366.399999999630,406.399999999630,9.569023111126,5231.465240482725
1366.449999999630,406.449999999630,9.569037550273,5231.943691999261
1366.499999999630,406.499999999630,9.569051989420,5232.422144237753
1366.549999999630,406.549999999630,9.569066428566,5232.900597198202
1366.599999999630,406.599999999630,9.569080867713,5233.379050880609
1366.649999999630,406.649999999630,9.569095306860,5233.857505284973
1366.699999999630,406.699999999630,9.569109746007,5234.335960411297
1366.749999999630,406.749999999630,9.569124185153,5234.814416259575
1366.799999999630,406.799999999630,9.569138624300,5235.292872829811
1366.849999999630,406.849999999630,9.569153063447,5235.771330122005
1366.899999999630,406.899999999630,9.569167502594,5236.249788136155
1366.949999999630,406.949999999630,9.569181941740,5236.728246872265
1366.999999999630,406.999999999630,9.569196380887,5237.206706330330
1367.044444444444,407.044444444444,9.569209215684,5237.632004236012
1367.049999999630,407.049999999630,9.569210866832,5237.685166510482
1367.099999999630,407.099999999630,9.569225727166,5238.163627425331
1367.149999999630,407.149999999630,9.569240587499,5238.642089083198
1367.199999999630,407.199999999630,9.569255447832,5239.120551484083
1367.249999999630,407.249999999630,9.569270308165,5239.599014627983
1367.299999999630,407.299999999630,9.569285168498,5240.077478514899
1367.349999999630,407.349999999630,9.569300028831,5240.555943144832
1367.399999999630,407.399999999630,9.569314889164,5241.034408517781
1367.449999999630,407.449999999630,9.569329749498,5241.512874633750
1367.499999999630,407.499999999630,9.569344609831,5241.991341492732
1367.549999999629,407.549999999629,9.569359470164,5242.469809094723
1367.599999999629,407.599999999629,9.569374330497,5242.948277439739
1367.649999999629,407.649999999629,9.569389190830,5243.426746527772
1367.699999999629,407.699999999629,9.569404051163,5243.905216358821
1367.749999999629,407.749999999629,9.569418911496,5244.383686932887
1367.799999999629,407.799999999629,9.569433771830,5244.862158249972
1367.849999999629,407.849999999629,9.569448632163,5245.340630310071
1367.899999999629,407.899999999629,9.569463492496,5245.819103113187
1367.949999999629,407.949999999629,9.569478352829,5246.297576659320
1367.999999999629,407.999999999629,9.569493213162,5246.776050948470
1368.044444444444,408.044444444444,9.569506422347,5247.201362055028
1368.049999999629,408.049999999629,9.569508119421,5247.254525980766
1368.099999999629,408.099999999629,9.569523393091,5247.733001768578
1368.149999999629,408.149999999629,9.569538666760,5248.211478320074
1368.199999999629,408.199999999629,9.569553940430,5248.689955635254
1368.249999999629,408.249999999629,9.569569214099,5249.168433714117
1368.299999999629,408.299999999629,9.569584487769,5249.646912556665
1368.349999999628,408.349999999628,9.569599761438,5250.125392162884
1368.399999999628,408.399999999628,9.569615035108,5250.603872532800
1368.449999999628,408.449999999628,9.569630308777,5251.082353666397
1368.499999999628,408.499999999628,9.569645582447,5251.560835563677
1368.549999999628,408.549999999628,9.569660856116,5252.039318224641
1368.599999999628,408.599999999628,9.569676129786,5252.517801649288
1368.649999999628,408.649999999628,9.569691403455,5252.996285837621
1368.699999999628,408.699999999628,9.569706677125,5253.474770789635
1368.749999999628,408.749999999628,9.569721950794,5253.953256505332
1368.799999999628,408.799999999628,9.569737224464,5254.431742984713
1368.849999999628,408.849999999628,9.569752498133,5254.910230227778
1368.899999999628,408.899999999628,9.569767771803,5255.388718234528
1368.949999999628,408.949999999628,9.569783045472,5255.867207004960
1368.999999999628,408.999999999628,9.569798319142,5256.345696539074
1369.044444444444,409.044444444444,9.569811895737,5256.771021214072
1369.049999999628,409.049999999628,9.569813637885,5256.824186836998
1369.099999999628,409.099999999628,9.569829317216,5257.302677910875
1369.149999999628,409.149999999628,9.569844996547,5257.781169768721
1369.199999999628,409.199999999628,9.569860675878,5258.259662410532
1369.249999999628,409.249999999628,9.569876355209,5258.738155836309
1369.299999999628,409.299999999628,9.569892034540,5259.216650046052
1369.349999999628,409.349999999628,9.569907713872,5259.695145039762
1369.399999999628,409.399999999628,9.569923393203,5260.173640817440
1369.449999999628,409.449999999628,9.569939072534,5260.652137379083
1369.499999999628,409.499999999628,9.569954751865,5261.130634724693
1369.549999999628,409.549999999628,9.569970431196,5261.609132854269
1369.599999999628,409.599999999628,9.569986110527,5262.087631767811
1369.649999999628,409.649999999628,9.570001789858,5262.566131465323
1369.699999999628,409.699999999628,9.570017469189,5263.044631946798
1369.749999999627,409.749999999627,9.570033148521,5263.523133212232
1369.799999999627,409.799999999627,9.570048827852,5264.001635261641
1369.849999999627,409.849999999627,9.570064507183,5264.480138095017
1369.899999999627,409.899999999627,9.570080186514,5264.958641712358
1369.949999999627,409.949999999627,9.570095865845,5265.437146113667
1369.999999999627,409.999999999627,9.570111545176,5265.915651298944
1370.044444444444,410.044444444444,9.570125482360,5266.340989903120
1370.049999999627,410.049999999627,9.570127268747,5266.394157268308
1370.099999999627,410.099999999627,9.570143346236,5266.872664033682
1370.149999999627,410.149999999627,9.570159423726,5267.351171602931
1370.199999999627,410.199999999627,9.570175501215,5267.829679976054
1370.249999999627,410.249999999627,9.570191578704,5268.308189153054
1370.299999999627,410.299999999627,9.570207656193,5268.786699133926
1370.349999999627,410.349999999627,9.570223733683,5269.265209918673
1370.399999999627,410.399999999627,9.570239811172,5269.743721507293
1370.449999999627,410.449999999627,9.570255888661,5270.222233899789
1370.499999999627,410.499999999627,9.570271966150,5270.700747096161
1370.549999999626,410.549999999626,9.570288043640,5271.179261096394
1370.599999999626,410.599999999626,9.570304121129,5271.657775900515
1370.649999999626,410.649999999626,9.570320198618,5272.136291508508
1370.699999999626,410.699999999626,9.570336276107,5272.614807920376
1370.749999999626,410.749999999626,9.570352353597,5273.093325136118
1370.799999999626,410.799999999626,9.570368431086,5273.571843155735
1370.849999999626,410.849999999626,9.570384508575,5274.050361979229
1370.899999999626,410.899999999626,9.570400586064,5274.528881606594
1370.949999999626,410.949999999626,9.570416663554,5275.007402037834
1370.999999999626,410.999999999626,9.570432741043,5275.485923272949
1371.044444444444,411.044444444444,9.570447032144,5275.911276160373
1371.049999999626,411.049999999626,9.570448861957,5275.964445312058
1371.099999999626,411.099999999626,9.570465330266,5276.442968166865
1371.149999999626,411.149999999626,9.570481798576,5276.921491845086
1371.199999999626,411.199999999626,9.570498266886,5277.400016346723
1371.249999999626,411.249999999626,9.570514735196,5277.878541671775
1371.299999999626,411.299999999626,9.570531203506,5278.357067820241
1371.349999999626,411.349999999626,9.570547671816,5278.835594792126
1371.399999999626,411.399999999626,9.570564140125,5279.314122587424
1371.449999999626,411.449999999626,9.570580608435,5279.792651206138
1371.499999999626,411.499999999626,9.570597076745,5280.271180648267
1371.549999999626,411.549999999626,9.570613545055,5280.749710913811
1371.599999999626,411.599999999626,9.570630013365,5281.228242002773
1371.649999999626,411.649999999626,9.570646481674,5281.706773915149
1371.699999999626,411.699999999626,9.570662949984,5282.185306650940
1371.749999999626,411.749999999626,9.570679418294,5282.663840210147
1371.799999999626,411.799999999626,9.570695886604,5283.142374592770
1371.849999999626,411.849999999626,9.570712354914,5283.620909798809
1371.899999999626,411.899999999626,9.570728823223,5284.099445828262
1371.949999999625,411.949999999625,9.570745291533,5284.577982681122
1371.999999999625,411.999999999625,9.570761759843,5285.056520357406
1372.044444444444,412.044444444444,9.570776398341,5285.481887875617
1372.049999999625,412.049999999625,9.570778270780,5285.535058857224
1372.099999999625,412.099999999625,9.570795122736,5286.013598192061
1372.149999999625,412.149999999625,9.570811974691,5286.492138369496
1372.199999999625,412.199999999625,9.570828826646,5286.970679389531
1372.249999999625,412.249999999625,9.570845678601,5287.449221252162
1372.299999999625,412.299999999625,9.570862530557,5287.927763957390
1372.349999999625,412.349999999625,9.570879382512,5288.406307505216
1372.399999999625,412.399999999625,9.570896234467,5288.884851895640
1372.449999999625,412.449999999625,9.570913086423,5289.363397128664
1372.499999999625,412.499999999625,9.570929938378,5289.841943204284
1372.549999999625,412.549999999625,9.570946790333,5290.320490122501
1372.599999999625,412.599999999625,9.570963642289,5290.799037883316
1372.649999999625,412.649999999625,9.570980494244,5291.277586486728
1372.699999999625,412.699999999625,9.570997346199,5291.756135932741
1372.749999999624,412.749999999624,9.571014198155,5292.234686221339
1372.799999999624,412.799999999624,9.571031050110,5292.713237352547
1372.849999999624,412.849999999624,9.571047902065,5293.191789326352
1372.899999999624,412.899999999624,9.571064754021,5293.670342142754
1372.949999999624,412.949999999624,9.571081605976,5294.148895801753
1372.999999999624,412.999999999624,9.571098457931,5294.627450303351
1373.044444444444,413.044444444444,9.571113437447,5295.052832793511
1373.049999999624,413.049999999624,9.571115351734,5295.106005647664
1373.099999999624,413.099999999624,9.571132580318,5295.584561845965
1373.149999999624,413.149999999624,9.571149808902,5296.063118905695
1373.199999999624,413.199999999624,9.571167037486,5296.541676826854
1373.249999999624,413.249999999624,9.571184266069,5297.020235609442
1373.299999999624,413.299999999624,9.571201494653,5297.498795253462
1373.349999999624,413.349999999624,9.571218723237,5297.977355758909
1373.399999999624,413.399999999624,9.571235951821,5298.455917125785
1373.449999999624,413.449999999624,9.571253180404,5298.934479354090
1373.499999999624,413.499999999624,9.571270408988,5299.413042443824
1373.549999999624,413.549999999624,9.571287637572,5299.891606394990
1373.599999999624,413.599999999624,9.571304866156,5300.370171207583
1373.649999999624,413.649999999624,9.571322094740,5300.848736881605
1373.699999999624,413.699999999624,9.571339323323,5301.327303417056
1373.749999999624,413.749999999624,9.571356551907,5301.805870813936
1373.799999999624,413.799999999624,9.571373780491,5302.284439072248
1373.849999999624,413.849999999624,9.571391009075,5302.763008191986
1373.899999999624,413.899999999624,9.571408237659,5303.241578173154
1373.949999999624,413.949999999624,9.571425466242,5303.720149015751
1373.999999999624,413.999999999624,9.571442694826,5304.198720719777
1374.044444444444,414.044444444444,9.571458009123,5304.624118516794
1374.049999999624,414.049999999624,9.571459964495,5304.677293285349
1374.099999999624,414.099999999624,9.571477562844,5305.155866723532
1374.149999999623,414.149999999623,9.571495161193,5305.634441041624
1374.199999999623,414.199999999623,9.571512759542,5306.113016239642
1374.249999999623,414.249999999623,9.571530357891,5306.591592317577
1374.299999999623,414.299999999623,9.571547956240,5307.070169275430
1374.349999999623,414.349999999623,9.571565554589,5307.548747113200
1374.399999999623,414.399999999623,9.571583152938,5308.027325830890
1374.449999999623,414.449999999623,9.571600751287,5308.505905428495
1374.499999999623,414.499999999623,9.571618349636,5308.984485906018
1374.549999999623,414.549999999623,9.571635947985,5309.463067263458
1374.599999999623,414.599999999623,9.571653546335,5309.941649500815
1374.649999999623,414.649999999623,9.571671144684,5310.420232618093
1374.699999999623,414.699999999623,9.571688743033,5310.898816615286
1374.749999999623,414.749999999623,9.571706341382,5311.377401492396
1374.799999999623,414.799999999623,9.571723939731,5311.855987249423
1374.849999999623,414.849999999623,9.571741538080,5312.334573886368
1374.899999999623,414.899999999623,9.571759136429,5312.813161403233
1374.949999999622,414.949999999622,9.571776734778,5313.291749800002
1374.999999999622,414.999999999622,9.571794333127,5313.770339076701
1375.044444444444,415.044444444444,9.571809976104,5314.195752509409
1375.049999999622,415.049999999622,9.571811971815,5314.248929233428
1375.099999999622,415.099999999622,9.571829933218,5314.727520281054
1375.149999999622,415.149999999622,9.571847894620,5315.206112226750
1375.199999999622,415.199999999622,9.571865856022,5315.684705070516
1375.249999999622,415.249999999622,9.571883817424,5316.163298812354
1375.299999999622,415.299999999622,9.571901778827,5316.641893452260
1375.349999999622,415.349999999622,9.571919740229,5317.120488990236
1375.399999999622,415.399999999622,9.571937701631,5317.599085426282
1375.449999999622,415.449999999622,9.571955663034,5318.077682760398
1375.499999999622,415.499999999622,9.571973624436,5318.556280992586
1375.549999999622,415.549999999622,9.571991585838,5319.034880122842
1375.599999999622,415.599999999622,9.572009547240,5319.513480151169
1375.649999999622,415.649999999622,9.572027508643,5319.992081077565
1375.699999999622,415.699999999622,9.572045470045,5320.470682902032
1375.749999999622,415.749999999622,9.572063431447,5320.949285624571
1375.799999999622,415.799999999622,9.572081392850,5321.427889245178
1375.849999999622,415.849999999622,9.572099354252,5321.906493763855
1375.899999999622,415.899999999622,9.572117315654,5322.385099180602
1375.949999999622,415.949999999622,9.572135277056,5322.863705495420
1375.999999999622,415.999999999622,9.572153238459,5323.342312708310
1376.044444444444,416.044444444444,9.572169204150,5323.767742099537
1376.049999999622,416.049999999622,9.572171239471,5323.820920819378
1376.099999999622,416.099999999622,9.572189557359,5324.299529839298
1376.149999999622,416.149999999622,9.572207875248,5324.778139775112
1376.199999999622,416.199999999622,9.572226193137,5325.256750626821
1376.249999999622,416.249999999622,9.572244511026,5325.735362394427
1376.299999999622,416.299999999622,9.572262828915,5326.213975077925
1376.349999999621,416.349999999621,9.572281146803,5326.692588677309
1376.399999999621,416.399999999621,9.572299464692,5327.171203192595
1376.449999999621,416.449999999621,9.572317782581,5327.649818623777
1376.499999999621,416.499999999621,9.572336100470,5328.128434970853
1376.549999999621,416.549999999621,9.572354418359,5328.607052233823
1376.599999999621,416.599999999621,9.572372736247,5329.085670412690
1376.649999999621,416.649999999621,9.572391054136,5329.564289507449
1376.699999999621,416.699999999621,9.572409372025,5330.042909518103
1376.749999999621,416.749999999621,9.572427689914,5330.521530444650
1376.799999999621,416.799999999621,9.572446007803,5331.000152287093
1376.849999999621,416.849999999621,9.572464325691,5331.478775045432
1376.899999999621,416.899999999621,9.572482643580,5331.957398719663
1376.949999999621,416.949999999621,9.572500961469,5332.436023309789
1376.999999999621,416.999999999621,9.572519279358,5332.914648815809
1377.044444444444,417.044444444444,9.572535561926,5333.340094482573
1377.049999999621,417.049999999621,9.572537636143,5333.393275237831
1377.099999999621,417.099999999621,9.572556304094,5333.871902586339
1377.149999999620,417.149999999620,9.572574972046,5334.350530868232
1377.199999999620,417.199999999620,9.572593639998,5334.829160083535
1377.249999999620,417.249999999620,9.572612307950,5335.307790232233
1377.299999999620,417.299999999620,9.572630975902,5335.786421314328
1377.349999999620,417.349999999620,9.572649643854,5336.265053329822
1377.399999999620,417.399999999620,9.572668311806,5336.743686278713
1377.449999999620,417.449999999620,9.572686979757,5337.222320161003
1377.499999999620,417.499999999620,9.572705647709,5337.700954976689
1377.549999999620,417.549999999620,9.572724315661,5338.179590725773
1377.599999999620,417.599999999620,9.572742983613,5338.658227408254
1377.649999999620,417.649999999620,9.572761651565,5339.136865024133
1377.699999999620,417.699999999620,9.572780319517,5339.615503573412
1377.749999999620,417.749999999620,9.572798987468,5340.094143056086
1377.799999999620,417.799999999620,9.572817655420,5340.572783472157
1377.849999999620,417.849999999620,9.572836323372,5341.051424821627
1377.899999999620,417.899999999620,9.572854991324,5341.530067104493
1377.949999999620,417.949999999620,9.572873659276,5342.008710320760
1377.999999999620,417.999999999620,9.572892327228,5342.487354470421
1378.044444444444,418.044444444444,9.572908920963,5342.912816724014
1378.049999999620,418.049999999620,9.572911033385,5342.965999553587
1378.099999999620,418.099999999620,9.572930045183,5343.444645580550
1378.149999999620,418.149999999620,9.572949056982,5343.923292558104
1378.199999999620,418.199999999620,9.572968068781,5344.401940486249
1378.249999999620,418.249999999620,9.572987080579,5344.880589364982
1378.299999999620,418.299999999620,9.573006092378,5345.359239194306
1378.349999999620,418.349999999620,9.573025104177,5345.837889974219
1378.399999999620,418.399999999620,9.573044115975,5346.316541704723
1378.449999999620,418.449999999620,9.573063127774,5346.795194385819
1378.499999999620,418.499999999620,9.573082139573,5347.273848017502
1378.549999999619,418.549999999619,9.573101151371,5347.752502599767
1378.599999999619,418.599999999619,9.573120163170,5348.231158132629
1378.649999999619,418.649999999619,9.573139174969,5348.709814616082
1378.699999999619,418.699999999619,9.573158186767,5349.188472050126
1378.749999999619,418.749999999619,9.573177198566,5349.667130434758
1378.799999999619,418.799999999619,9.573196210365,5350.145789769983
1378.849999999619,418.849999999619,9.573215222163,5350.624450055796
1378.899999999619,418.899999999619,9.573234233962,5351.103111292198
1378.949999999619,418.949999999619,9.573253245761,5351.581773479191
1378.999999999619,418.999999999619,9.573272257560,5352.060436616774
1379.044444444444,419.044444444444,9.573289156936,5352.485915762962
1379.049999999619,419.049999999619,9.573291306876,5352.539100705052
1379.099999999619,419.099999999619,9.573310656338,5353.017765754132
1379.149999999619,419.149999999619,9.573330005800,5353.496431770684
1379.199999999619,419.199999999619,9.573349355262,5353.975098754710
1379.249999999619,419.249999999619,9.573368704723,5354.453766706210
1379.299999999619,419.299999999619,9.573388054185,5354.932435625184
1379.349999999618,419.349999999618,9.573407403647,5355.411105511618
1379.399999999618,419.399999999618,9.573426753109,5355.889776365539
1379.449999999618,419.449999999618,9.573446102570,5356.368448186930
1379.499999999618,419.499999999618,9.573465452032,5356.847120975795
1379.549999999618,419.549999999618,9.573484801494,5357.325794732134
1379.599999999618,419.599999999618,9.573504150956,5357.804469455944
1379.649999999618,419.649999999618,9.573523500418,5358.283145147230
1379.699999999618,419.699999999618,9.573542849879,5358.761821805987
1379.749999999618,419.749999999618,9.573562199341,5359.240499432217
1379.799999999618,419.799999999618,9.573581548803,5359.719178025920
1379.849999999618,419.849999999618,9.573600898265,5360.197857587096
1379.899999999618,419.899999999618,9.573620247726,5360.676538115747
1379.949999999618,419.949999999618,9.573639597188,5361.155219611870
1379.999999999618,419.999999999618,9.573658946650,5361.633902075466
1380.044444444444,420.044444444444,9.573676146172,5362.059398414515
1380.049999999618,420.049999999618,9.573678332962,5362.112585506638
1380.099999999618,420.099999999618,9.573698014079,5362.591269915313
1380.149999999618,420.149999999618,9.573717695196,5363.069955308047
1380.199999999618,420.199999999618,9.573737376313,5363.548641684834
1380.249999999618,420.249999999618,9.573757057430,5364.027329045677
1380.299999999618,420.299999999618,9.573776738546,5364.506017390576
1380.349999999618,420.349999999618,9.573796419663,5364.984706719531
1380.399999999618,420.399999999618,9.573816100780,5365.463397032543
1380.449999999618,420.449999999618,9.573835781897,5365.942088329610
1380.499999999618,420.499999999618,9.573855463014,5366.420780610732
1380.549999999618,420.549999999618,9.573875144130,5366.899473875910
1380.599999999618,420.599999999618,9.573894825247,5367.378168125144
1380.649999999618,420.649999999618,9.573914506364,5367.856863358436
1380.699999999618,420.699999999618,9.573934187481,5368.335559575782
1380.749999999617,420.749999999617,9.573953868598,5368.814256777175
1380.799999999617,420.799999999617,9.573973549714,5369.292954962632
1380.849999999617,420.849999999617,9.573993230831,5369.771654132145
1380.899999999617,420.899999999617,9.574012911948,5370.250354285714
1380.949999999617,420.949999999617,9.574032593065,5370.729055423339
1380.999999999617,420.999999999617,9.574052274182,5371.207757545021
1381.044444444444,421.044444444444,9.574069768508,5371.633271371854
1381.049999999617,421.049999999617,9.574071991494,5371.686460650858
1381.099999999617,421.099999999617,9.574091998366,5372.165164750604
1381.149999999617,421.149999999617,9.574112005238,5372.643869850694
1381.199999999617,421.199999999617,9.574132012110,5373.122575951127
1381.249999999617,421.249999999617,9.574152018983,5373.601283051907
1381.299999999617,421.299999999617,9.574172025855,5374.079991153028
1381.349999999617,421.349999999617,9.574192032727,5374.558700254492
1381.399999999617,421.399999999617,9.574212039600,5375.037410356299
1381.449999999617,421.449999999617,9.574232046472,5375.516121458450
1381.499999999617,421.499999999617,9.574252053344,5375.994833560948
1381.549999999616,421.549999999616,9.574272060217,5376.473546663776
1381.599999999616,421.599999999616,9.574292067089,5376.952260766961
1381.649999999616,421.649999999616,9.574312073961,5377.430975870487
1381.699999999616,421.699999999616,9.574332080834,5377.909691974356
1381.749999999616,421.749999999616,9.574352087706,5378.388409078570
1381.799999999616,421.799999999616,9.574372094578,5378.867127183126
1381.849999999616,421.849999999616,9.574392101451,5379.345846288029
1381.899999999616,421.899999999616,9.574412108323,5379.824566393273
1381.949999999616,421.949999999616,9.574432115195,5380.303287498860
1381.999999999616,421.999999999616,9.574452122068,5380.782009604792
1382.044444444444,422.044444444444,9.574469905954,5381.207541209087
1382.049999999616,422.049999999616,9.574472164493,5381.260732711165
1382.099999999616,422.099999999616,9.574492491349,5381.739456827563
1382.149999999616,422.149999999616,9.574512818205,5382.218181960301
1382.199999999616,422.199999999616,9.574533145060,5382.696908109382
1382.249999999616,422.249999999616,9.574553471916,5383.175635274806
1382.299999999616,422.299999999616,9.574573798771,5383.654363456573
1382.349999999616,422.349999999616,9.574594125627,5384.133092654685
1382.399999999616,422.399999999616,9.574614452482,5384.611822869138
1382.449999999616,422.449999999616,9.574634779338,5385.090554099933
1382.499999999616,422.499999999616,9.574655106193,5385.569286347070
1382.549999999616,422.549999999616,9.574675433049,5386.048019610551
1382.599999999616,422.599999999616,9.574695759904,5386.526753890376
1382.649999999616,422.649999999616,9.574716086760,5387.005489186542
1382.699999999616,422.699999999616,9.574736413615,5387.484225499051
1382.749999999616,422.749999999616,9.574756740471,5387.962962827903
1382.799999999616,422.799999999616,9.574777067326,5388.441701173097
1382.849999999616,422.849999999616,9.574797394182,5388.920440534637
1382.899999999615,422.899999999615,9.574817721037,5389.399180912506
1382.949999999615,422.949999999615,9.574838047893,5389.877922306731
1382.999999999615,422.999999999615,9.574858374748,5390.356664717297
1383.044444444444,423.044444444444,9.574876443065,5390.782214383597
1383.049999999615,423.049999999615,9.574878736530,5390.835408144302
1383.099999999615,423.099999999615,9.574899377724,5391.314152597158
1383.149999999615,423.149999999615,9.574920018919,5391.792898082073
1383.199999999615,423.199999999615,9.574940660113,5392.271644599051
1383.249999999615,423.249999999615,9.574961301307,5392.750392148086
1383.299999999615,423.299999999615,9.574981942501,5393.229140729180
1383.349999999615,423.349999999615,9.575002583695,5393.707890342335
1383.399999999615,423.399999999615,9.575023224889,5394.186640987549
1383.449999999615,423.449999999615,9.575043866083,5394.665392664825
1383.499999999615,423.499999999615,9.575064507277,5395.144145374159
1383.549999999615,423.549999999615,9.575085148471,5395.622899115552
1383.599999999615,423.599999999615,9.575105789665,5396.101653889005
1383.649999999615,423.649999999615,9.575126430860,5396.580409694518
1383.699999999615,423.699999999615,9.575147072054,5397.059166532093
1383.749999999614,423.749999999614,9.575167713248,5397.537924401714
1383.799999999614,423.799999999614,9.575188354442,5398.016683303408
1383.849999999614,423.849999999614,9.575208995636,5398.495443237160
1383.899999999614,423.899999999614,9.575229636830,5398.974204202971
1383.949999999614,423.949999999614,9.575250278024,5399.452966200842
1383.999999999614,423.999999999614,9.575270919218,5399.931729230772
1384.044444444444,424.044444444444,9.575289266947,5400.357297238602
1384.049999999614,424.049999999614,9.575291594725,5400.410493292859
1384.099999999614,424.099999999614,9.575312544733,5400.889258396345
1384.149999999614,424.149999999614,9.575333494742,5401.368024547332
1384.199999999614,424.199999999614,9.575354444750,5401.846791745818
1384.249999999614,424.249999999614,9.575375394759,5402.325559991806
1384.299999999614,424.299999999614,9.575396344767,5402.804329285295
1384.349999999614,424.349999999614,9.575417294776,5403.283099626284
1384.399999999614,424.399999999614,9.575438244784,5403.761871014773
1384.449999999614,424.449999999614,9.575459194792,5404.240643450762
1384.499999999614,424.499999999614,9.575480144801,5404.719416934251
1384.549999999614,424.549999999614,9.575501094809,5405.198191465243
1384.599999999614,424.599999999614,9.575522044818,5405.676967043733
1384.649999999614,424.649999999614,9.575542994826,5406.155743669724
1384.699999999614,424.699999999614,9.575563944835,5406.634521343215
1384.749999999614,424.749999999614,9.575584894843,5407.113300064207
1384.799999999614,424.799999999614,9.575605844851,5407.592079832701
1384.849999999614,424.849999999614,9.575626794860,5408.070860648693
1384.899999999614,424.899999999614,9.575647744868,5408.549642512186
1384.949999999614,424.949999999614,9.575668694877,5409.028425423179
1384.999999999614,424.999999999614,9.575689644885,5409.507209381673
1385.044444444444,425.044444444444,9.575708267115,5409.932796005633
1385.049999999614,425.049999999614,9.575710628605,5409.985994387763
1385.099999999613,425.099999999613,9.575731882022,5410.464780450518
1385.149999999613,425.149999999613,9.575753135440,5410.943567575956
1385.199999999613,425.199999999613,9.575774388856,5411.422355764063
1385.249999999613,425.249999999613,9.575795642274,5411.901145014840
1385.299999999613,425.299999999613,9.575816895691,5412.379935328288
1385.349999999613,425.349999999613,9.575838149108,5412.858726704408
1385.399999999613,425.399999999613,9.575859402525,5413.337519143201
1385.449999999613,425.449999999613,9.575880655942,5413.816312644662
1385.499999999613,425.499999999613,9.575901909359,5414.295107208794
1385.549999999613,425.549999999613,9.575923162776,5414.773902835596
1385.599999999613,425.599999999613,9.575944416193,5415.252699525070
1385.649999999613,425.649999999613,9.575965669610,5415.731497277216
1385.699999999613,425.699999999613,9.575986923027,5416.210296092032
1385.749999999613,425.749999999613,9.576008176444,5416.689095969518
1385.799999999613,425.799999999613,9.576029429861,5417.167896909676
1385.849999999613,425.849999999613,9.576050683278,5417.646698912504
1385.899999999613,425.899999999613,9.576071936695,5418.125501978005
1385.949999999612,425.949999999612,9.576093190112,5418.604306106164
1385.999999999612,425.999999999612,9.576114443529,5419.083111297006
1386.044444444444,426.044444444444,9.576133335455,5419.508716806917
1386.049999999612,426.049999999612,9.576135730081,5419.561917550610
1386.099999999612,426.099999999612,9.576157281710,5420.040724875904
1386.149999999612,426.149999999612,9.576178833340,5420.519533278780
1386.199999999612,426.199999999612,9.576200384970,5420.998342759237
1386.249999999612,426.249999999612,9.576221936599,5421.477153317278
1386.299999999612,426.299999999612,9.576243488229,5421.955964952898
1386.349999999612,426.349999999612,9.576265039859,5422.434777666100
1386.399999999612,426.399999999612,9.576286591489,5422.913591456883
1386.449999999612,426.449999999612,9.576308143118,5423.392406325248
1386.499999999612,426.499999999612,9.576329694748,5423.871222271197
1386.549999999612,426.549999999612,9.576351246378,5424.350039294724
1386.599999999612,426.599999999612,9.576372798007,5424.828857395833
1386.649999999612,426.649999999612,9.576394349637,5425.307676574525
1386.699999999612,426.699999999612,9.576415901267,5425.786496830797
1386.749999999612,426.749999999612,9.576437452896,5426.265318164653
1386.799999999612,426.799999999612,9.576459004526,5426.744140576088
1386.849999999612,426.849999999612,9.576480556156,5427.222964065105
1386.899999999612,426.899999999612,9.576502107785,5427.701788631703
1386.949999999612,426.949999999612,9.576523659415,5428.180614275882
1386.999999999612,426.999999999612,9.576545211045,5428.659440997646
1387.044444444444,427.044444444444,9.576564368049,5429.085065658670
1387.049999999612,427.049999999612,9.576566795223,5429.138268797079
1387.099999999612,427.099999999612,9.576588639793,5429.617097682954
1387.149999999612,427.149999999612,9.576610484364,5430.095927661058
1387.199999999612,427.199999999612,9.576632328934,5430.574758731390
1387.249999999612,427.249999999612,9.576654173504,5431.053590893953
1387.299999999611,427.299999999611,9.576676018074,5431.532424148731
1387.349999999611,427.349999999611,9.576697862644,5432.011258495751
1387.399999999611,427.399999999611,9.576719707214,5432.490093934996
1387.449999999611,427.449999999611,9.576741551784,5432.968930466471
1387.499999999611,427.499999999611,9.576763396354,5433.447768090174
1387.549999999611,427.549999999611,9.576785240924,5433.926606806105
1387.599999999611,427.599999999611,9.576807085494,5434.405446614267
1387.649999999611,427.649999999611,9.576828930064,5434.884287514656
1387.699999999611,427.699999999611,9.576850774634,5435.363129507273
1387.749999999611,427.749999999611,9.576872619204,5435.841972592119
1387.799999999611,427.799999999611,9.576894463774,5436.320816769193
1387.849999999611,427.849999999611,9.576916308344,5436.799662038497
1387.899999999611,427.899999999611,9.576938152914,5437.278508400029
1387.949999999611,427.949999999611,9.576959997484,5437.757355853789
1387.999999999611,427.999999999611,9.576981842054,5438.236204399776
1388.044444444444,428.044444444444,9.577001259450,5438.661848472420
1388.049999999611,428.049999999611,9.577003718610,5438.715054038082
1388.099999999611,428.099999999611,9.577025851053,5439.193904777325
1388.149999999610,428.149999999610,9.577047983497,5439.672756623178
1388.199999999610,428.199999999610,9.577070115940,5440.151609575665
1388.249999999610,428.249999999610,9.577092248383,5440.630463634773
1388.299999999610,428.299999999610,9.577114380826,5441.109318800503
1388.349999999610,428.349999999610,9.577136513269,5441.588175072855
1388.399999999610,428.399999999610,9.577158645712,5442.067032451829
1388.449999999610,428.449999999610,9.577180778156,5442.545890937427
1388.499999999610,428.499999999610,9.577202910599,5443.024750529646
1388.549999999610,428.549999999610,9.577225043042,5443.503611228486
1388.599999999610,428.599999999610,9.577247175485,5443.982473033949
1388.649999999610,428.649999999610,9.577269307928,5444.461335946034
1388.699999999610,428.699999999610,9.577291440371,5444.940199964743
1388.749999999610,428.749999999610,9.577313572815,5445.419065090072
1388.799999999610,428.799999999610,9.577335705258,5445.897931322023
1388.849999999610,428.849999999610,9.577357837701,5446.376798660597
1388.899999999610,428.899999999610,9.577379970144,5446.855667105793
1388.949999999610,428.949999999610,9.577402102587,5447.334536657613
1388.999999999610,428.999999999610,9.577424235030,5447.813407316054
1389.044444444444,429.044444444444,9.577443908313,5448.239071056303
1389.049999999610,429.049999999610,9.577446398908,5448.292279081204
1389.099999999610,429.099999999610,9.577468814263,5448.771151961532
1389.149999999610,429.149999999610,9.577491229618,5449.250025962629
1389.199999999610,429.199999999610,9.577513644973,5449.728901084495
1389.249999999610,429.249999999610,9.577536060328,5450.207777327128
1389.299999999610,429.299999999610,9.577558475683,5450.686654690528
1389.349999999610,429.349999999610,9.577580891037,5451.165533174695
1389.399999999610,429.399999999610,9.577603306392,5451.644412779630
1389.449999999610,429.449999999610,9.577625721747,5452.123293505336
1389.499999999609,429.499999999609,9.577648137102,5452.602175351796
1389.549999999609,429.549999999609,9.577670552457,5453.081058319037
1389.599999999609,429.599999999609,9.577692967812,5453.559942407043
1389.649999999609,429.649999999609,9.577715383167,5454.038827615817
1389.699999999609,429.699999999609,9.577737798522,5454.517713945359
1389.749999999609,429.749999999609,9.577760213876,5454.996601395668
1389.799999999609,429.799999999609,9.577782629231,5455.475489966748
1389.849999999609,429.849999999609,9.577805044586,5455.954379658593
1389.899999999609,429.899999999609,9.577827459941,5456.433270471206
1389.949999999609,429.949999999609,9.577849875296,5456.912162404587
1389.999999999609,429.999999999609,9.577872290651,5457.391055458735
1390.044444444444,430.044444444444,9.577892215411,5457.816739118167
1390.049999999609,430.049999999609,9.577894736900,5457.869949633739
1390.099999999609,430.099999999609,9.577917430305,5458.348844937918
1390.149999999609,430.149999999609,9.577940123710,5458.827741376768
1390.199999999609,430.199999999609,9.577962817116,5459.306638950288
1390.249999999609,430.249999999609,9.577985510521,5459.785537658478
1390.299999999609,430.299999999609,9.578008203926,5460.264437501341
1390.349999999608,430.349999999608,9.578030897331,5460.743338478862
1390.399999999608,430.399999999608,9.578053590736,5461.222240591065
1390.449999999608,430.449999999608,9.578076284141,5461.701143837937
1390.499999999608,430.499999999608,9.578098977546,5462.180048219479
1390.549999999608,430.549999999608,9.578121670951,5462.658953735690
1390.599999999608,430.599999999608,9.578144364356,5463.137860386572
1390.649999999608,430.649999999608,9.578167057761,5463.616768172127
1390.699999999608,430.699999999608,9.578189751166,5464.095677092350
1390.749999999608,430.749999999608,9.578212444571,5464.574587147244
1390.799999999608,430.799999999608,9.578235137977,5465.053498336807
1390.849999999608,430.849999999608,9.578257831382,5465.532410661041
1390.899999999608,430.899999999608,9.578280524787,5466.011324119947
1390.949999999608,430.949999999608,9.578303218192,5466.490238713521
1390.999999999608,430.999999999608,9.578325911597,5466.969154441765
1391.044444444444,431.044444444444,9.578346083513,5467.394858267628
1391.049999999608,431.049999999608,9.578348635367,5467.448071304763
1391.099999999608,431.099999999608,9.578371602061,5467.926989310698
1391.149999999608,431.149999999608,9.578394568755,5468.405908464971
1391.199999999608,431.199999999608,9.578417535449,5468.884828767576
1391.249999999608,431.249999999608,9.578440502142,5469.363750218515
1391.299999999608,431.299999999608,9.578463468836,5469.842672817788
1391.349999999608,431.349999999608,9.578486435530,5470.321596565397
1391.399999999608,431.399999999608,9.578509402223,5470.800521461343
1391.449999999608,431.449999999608,9.578532368917,5471.279447505622
1391.499999999608,431.499999999608,9.578555335611,5471.758374698235
1391.549999999608,431.549999999608,9.578578302305,5472.237303039182
1391.599999999608,431.599999999608,9.578601268998,5472.716232528464
1391.649999999608,431.649999999608,9.578624235692,5473.195163166083
1391.699999999607,431.699999999607,9.578647202386,5473.674094952024
1391.749999999607,431.749999999607,9.578670169080,5474.153027886312
1391.799999999607,431.799999999607,9.578693135773,5474.631961968933
1391.849999999607,431.849999999607,9.578716102467,5475.110897199888
1391.899999999607,431.899999999607,9.578739069161,5475.589833579179
1391.949999999607,431.949999999607,9.578762035854,5476.068771106804
1391.999999999607,431.999999999607,9.578785002548,5476.547709782766
1392.044444444444,432.044444444444,9.578805417387,5476.973434018079
1392.049999999607,432.049999999607,9.578807999089,5477.026649607143
1392.099999999607,432.099999999607,9.578831234407,5477.505590587980
1392.149999999607,432.149999999607,9.578854469725,5477.984532730583
1392.199999999607,432.199999999607,9.578877705043,5478.463476034952
1392.249999999607,432.249999999607,9.578900940361,5478.942420501088
1392.299999999607,432.299999999607,9.578924175679,5479.421366128989
1392.349999999607,432.349999999607,9.578947410998,5479.900312918655
1392.399999999607,432.399999999607,9.578970646316,5480.379260870087
1392.449999999607,432.449999999607,9.578993881634,5480.858209983286
1392.499999999607,432.499999999607,9.579017116952,5481.337160258252
1392.549999999606,432.549999999606,9.579040352270,5481.816111694971
1392.599999999606,432.599999999606,9.579063587588,5482.295064293469
1392.649999999606,432.649999999606,9.579086822906,5482.774018053731
1392.699999999606,432.699999999606,9.579110058224,5483.252972975759
1392.749999999606,432.749999999606,9.579133293542,5483.731929059552
1392.799999999606,432.799999999606,9.579156528860,5484.210886305112
1392.849999999606,432.849999999606,9.579179764178,5484.689844712439
1392.899999999606,432.899999999606,9.579202999496,5485.168804281531
1392.949999999606,432.949999999606,9.579226234815,5485.647765012389
1392.999999999606,432.999999999606,9.579249470133,5486.126726905012
1393.044444444444,433.044444444444,9.579270123749,5486.552471788646
1393.049999999606,433.049999999606,9.579272734790,5486.605689959482
1393.099999999606,433.099999999606,9.579296234166,5487.084654183708
1393.149999999606,433.149999999606,9.579319733541,5487.563619582900
1393.199999999606,433.199999999606,9.579343232917,5488.042586157061
1393.249999999606,433.249999999606,9.579366732293,5488.521553906191
1393.299999999606,433.299999999606,9.579390231668,5489.000522830290
1393.349999999606,433.349999999606,9.579413731044,5489.479492929359
1393.399999999606,433.399999999606,9.579437230419,5489.958464203395
1393.449999999606,433.449999999606,9.579460729795,5490.437436652400
1393.499999999606,433.499999999606,9.579484229170,5490.916410276373
1393.549999999606,433.549999999606,9.579507728546,5491.395385075316
1393.599999999606,433.599999999606,9.579531227921,5491.874361049229
1393.649999999606,433.649999999606,9.579554727297,5492.353338198110
1393.699999999606,433.699999999606,9.579578226673,5492.832316521958
1393.749999999606,433.749999999606,9.579601726048,5493.311296020775
1393.799999999606,433.799999999606,9.579625225424,5493.790276694562
1393.849999999606,433.849999999606,9.579648724799,5494.269258543319
1393.899999999605,433.899999999605,9.579672224175,5494.748241567032
1393.949999999605,433.949999999605,9.579695723550,5495.227225765727
1393.999999999605,433.999999999605,9.579719222926,5495.706211139388
1394.044444444444,434.044444444444,9.579740111260,5496.131976906149
1394.049999999605,434.049999999605,9.579742751153,5496.185197688098
1394.099999999605,434.099999999605,9.579766510190,5496.664185419631
1394.149999999605,434.149999999605,9.579790269226,5497.143174339117
1394.199999999605,434.199999999605,9.579814028263,5497.622164446556
1394.249999999605,434.249999999605,9.579837787300,5498.101155741944
1394.299999999605,434.299999999605,9.579861546337,5498.580148225285
1394.349999999605,434.349999999605,9.579885305374,5499.059141896577
1394.399999999605,434.399999999605,9.579909064411,5499.538136755821
1394.449999999605,434.449999999605,9.579932823448,5500.017132803019
1394.499999999605,434.499999999605,9.579956582485,5500.496130038167
1394.549999999605,434.549999999605,9.579980341522,5500.975128461268
1394.599999999605,434.599999999605,9.580004100559,5501.454128072319
1394.649999999605,434.649999999605,9.580027859596,5501.933128871322
1394.699999999605,434.699999999605,9.580051618633,5502.412130858280
1394.749999999604,434.749999999604,9.580075377670,5502.891134033176
1394.799999999604,434.799999999604,9.580099136707,5503.370138396037
1394.849999999604,434.849999999604,9.580122895744,5503.849143946848
1394.899999999604,434.899999999604,9.580146654781,5504.328150685611
1394.949999999604,434.949999999604,9.580170413818,5504.807158612325
1394.999999999604,434.999999999604,9.580194172854,5505.286167726991
1395.044444444444,435.044444444444,9.580215291999,5505.711954607778
1395.049999999604,435.049999999604,9.580217960249,5505.765178029690
1395.099999999604,435.099999999604,9.580241974509,5506.244189528059
1395.149999999604,435.149999999604,9.580265988768,5506.723202227140
1395.199999999604,435.199999999604,9.580290003027,5507.202216126934
1395.249999999604,435.249999999604,9.580314017286,5507.681231227441
1395.299999999604,435.299999999604,9.580338031546,5508.160247528664
1395.349999999604,435.349999999604,9.580362045805,5508.639265030597
1395.399999999604,435.399999999604,9.580386060064,5509.118283733244
1395.449999999604,435.449999999604,9.580410074323,5509.597303636603
1395.499999999604,435.499999999604,9.580434088583,5510.076324740675
1395.549999999604,435.549999999604,9.580458102842,5510.555347045462
1395.599999999604,435.599999999604,9.580482117101,5511.034370550960
1395.649999999604,435.649999999604,9.580506131360,5511.513395257171
1395.699999999604,435.699999999604,9.580530145619,5511.992421164096
1395.749999999604,435.749999999604,9.580554159879,5512.471448271733
1395.799999999604,435.799999999604,9.580578174138,5512.950476580085
1395.849999999604,435.849999999604,9.580602188397,5513.429506089148
1395.899999999604,435.899999999604,9.580626202656,5513.908536798924
1395.949999999604,435.949999999604,9.580650216916,5514.387568709412
1395.999999999604,435.999999999604,9.580674231175,5514.866601820614
1396.044444444444,436.044444444444,9.580695577183,5515.292410042368
1396.049999999604,436.049999999604,9.580698273313,5515.345636132608
1396.099999999603,436.099999999603,9.580722538480,5515.824671652891
1396.149999999603,436.149999999603,9.580746803648,5516.303708386446
1396.199999999603,436.199999999603,9.580771068816,5516.782746333258
1396.249999999603,436.249999999603,9.580795333983,5517.261785493327
1396.299999999603,436.299999999603,9.580819599151,5517.740825866655
1396.349999999603,436.349999999603,9.580843864318,5518.219867453241
1396.399999999603,436.399999999603,9.580868129486,5518.698910253088
1396.449999999603,436.449999999603,9.580892394653,5519.177954266191
1396.499999999603,436.499999999603,9.580916659821,5519.656999492552
1396.549999999603,436.549999999603,9.580940924988,5520.136045932172
1396.599999999603,436.599999999603,9.580965190156,5520.615093585050
1396.649999999603,436.649999999603,9.580989455324,5521.094142451188
1396.699999999603,436.699999999603,9.581013720491,5521.573192530584
1396.749999999603,436.749999999603,9.581037985659,5522.052243823236
1396.799999999603,436.799999999603,9.581062250826,5522.531296329148
1396.849999999603,436.849999999603,9.581086515994,5523.010350048318
1396.899999999603,436.899999999603,9.581110781161,5523.489404980749
1396.949999999602,436.949999999602,9.581135046329,5523.968461126425
1396.999999999602,436.999999999602,9.581159311497,5524.447518485372
1397.044444444444,437.044444444444,9.581180880535,5524.873348271225
1397.049999999602,437.049999999602,9.581183604076,5524.926577057651
1397.099999999602,437.099999999602,9.581208115948,5525.405636850652
1397.149999999602,437.149999999602,9.581232627820,5525.884697869245
1397.199999999602,437.199999999602,9.581257139692,5526.363760113432
1397.249999999602,437.249999999602,9.581281651564,5526.842823583215
1397.299999999602,437.299999999602,9.581306163436,5527.321888278590
1397.349999999602,437.349999999602,9.581330675308,5527.800954199558
1397.399999999602,437.399999999602,9.581355187180,5528.280021346120
1397.449999999602,437.449999999602,9.581379699052,5528.759089718275
1397.499999999602,437.499999999602,9.581404210924,5529.238159316026
1397.549999999602,437.549999999602,9.581428722796,5529.717230139368
1397.599999999602,437.599999999602,9.581453234668,5530.196302188305
1397.649999999602,437.649999999602,9.581477746540,5530.675375462834
1397.699999999602,437.699999999602,9.581502258412,5531.154449962958
1397.749999999602,437.749999999602,9.581526770284,5531.633525688677
1397.799999999602,437.799999999602,9.581551282156,5532.112602639987
1397.849999999602,437.849999999602,9.581575794027,5532.591680816891
1397.899999999602,437.899999999602,9.581600305899,5533.070760219389
1397.949999999602,437.949999999602,9.581624817772,5533.549840847480
1397.999999999602,437.999999999602,9.581649329644,5534.028922701167
1398.044444444444,438.044444444444,9.581671117974,5534.454774270478
1398.049999999602,438.049999999602,9.581673868469,5534.508005780521
1398.099999999602,438.099999999602,9.581698622924,5534.987090092805
1398.149999999602,438.149999999602,9.581723377378,5535.466175642812
1398.199999999602,438.199999999602,9.581748131833,5535.945262430542
1398.249999999602,438.249999999602,9.581772886288,5536.424350455997
1398.299999999601,438.299999999601,9.581797640742,5536.903439719162
1398.349999999601,438.349999999601,9.581822395197,5537.382530220062
1398.399999999601,438.399999999601,9.581847149651,5537.861621958683
1398.449999999601,438.449999999601,9.581871904106,5538.340714935026
1398.499999999601,438.499999999601,9.581896658560,5538.819809149092
1398.549999999601,438.549999999601,9.581921413015,5539.298904600882
1398.599999999601,438.599999999601,9.581946167470,5539.778001290395
1398.649999999601,438.649999999601,9.581970921924,5540.257099217630
1398.699999999601,438.699999999601,9.581995676379,5540.736198382587
1398.749999999601,438.749999999601,9.582020430833,5541.215298785267
1398.799999999601,438.799999999601,9.582045185288,5541.694400425669
1398.849999999601,438.849999999601,9.582069939743,5542.173503303797
1398.899999999601,438.899999999601,9.582094694197,5542.652607419644
1398.949999999601,438.949999999601,9.582119448652,5543.131712773215
1398.999999999601,438.999999999601,9.582144203106,5543.610819364509
1399.044444444444,439.044444444444,9.582166207066,5544.036692932998
1399.049999999601,439.049999999601,9.582168984085,5544.089927193599
1399.099999999601,439.099999999601,9.582193977255,5544.569036267634
1399.149999999600,439.149999999600,9.582218970425,5545.048146591314
1399.199999999600,439.199999999600,9.582243963594,5545.527258164667
1399.249999999600,439.249999999600,9.582268956764,5546.006370987675
1399.299999999600,439.299999999600,9.582293949934,5546.485485060342
1399.349999999600,439.349999999600,9.582318943104,5546.964600382668
1399.399999999600,439.399999999600,9.582343936274,5547.443716954653
1399.449999999600,439.449999999600,9.582368929443,5547.922834776297
1399.499999999600,439.499999999600,9.582393922613,5548.401953847599
1399.549999999600,439.549999999600,9.582418915783,5548.881074168558
1399.599999999600,439.599999999600,9.582443908953,5549.360195739177
1399.649999999600,439.649999999600,9.582468902123,5549.839318559453
1399.699999999600,439.699999999600,9.582493895293,5550.318442629390
1399.749999999600,439.749999999600,9.582518888462,5550.797567948984
1399.799999999600,439.799999999600,9.582543881632,5551.276694518236
1399.849999999600,439.849999999600,9.582568874802,5551.755822337146
1399.899999999600,439.899999999600,9.582593867972,5552.234951405715
1399.949999999600,439.949999999600,9.582618861142,5552.714081723944
1399.999999999600,439.999999999600,9.582643854311,5553.193213291830
1400.044444444444,440.044444444444,9.582666070463,5553.619109071765
1400.049999999600,440.049999999600,9.582668873565,5553.672346109447
1400.099999999600,440.099999999600,9.582694101490,5554.151480183823
1400.149999999600,440.149999999600,9.582719329415,5554.630615519595
1400.199999999600,440.199999999600,9.582744557340,5555.109752116766
1400.249999999600,440.249999999600,9.582769785265,5555.588889975331
1400.299999999600,440.299999999600,9.582795013190,5556.068029095291
1400.349999999600,440.349999999600,9.582820241115,5556.547169476648
1400.399999999600,440.399999999600,9.582845469040,5557.026311119402
1400.449999999600,440.449999999600,9.582870696965,5557.505454023553
1400.499999999599,440.499999999599,9.582895924891,5557.984598189089
1400.549999999599,440.549999999599,9.582921152816,5558.463743616033
1400.599999999599,440.599999999599,9.582946380741,5558.942890304372
1400.649999999599,440.649999999599,9.582971608666,5559.422038254106
1400.699999999599,440.699999999599,9.582996836591,5559.901187465237
1400.749999999599,440.749999999599,9.583022064516,5560.380337937764
1400.799999999599,440.799999999599,9.583047292441,5560.859489671690
1400.849999999599,440.849999999599,9.583072520366,5561.338642667009
1400.899999999599,440.899999999599,9.583097748291,5561.817796923726
1400.949999999599,440.949999999599,9.583122976216,5562.296952441838
1400.999999999599,440.999999999599,9.583148204141,5562.776109221346
1401.044444444444,441.044444444444,9.583170628963,5563.202027421476
1401.049999999599,441.049999999599,9.583173457701,5563.255267262323
1401.099999999599,441.099999999599,9.583198916341,5563.734426571674
1401.149999999599,441.149999999599,9.583224374982,5564.213587153957
1401.199999999599,441.199999999599,9.583249833622,5564.692749009171
1401.249999999599,441.249999999599,9.583275292263,5565.171912137318
1401.299999999599,441.299999999599,9.583300750904,5565.651076538399
1401.349999999598,441.349999999598,9.583326209544,5566.130242212399
1401.399999999598,441.399999999598,9.583351668185,5566.609409159344
1401.449999999598,441.449999999598,9.583377126825,5567.088577379219
1401.499999999598,441.499999999598,9.583402585466,5567.567746872026
1401.549999999598,441.549999999598,9.583428044106,5568.046917637765
1401.599999999598,441.599999999598,9.583453502747,5568.526089676436
1401.649999999598,441.649999999598,9.583478961388,5569.005262988041
1401.699999999598,441.699999999598,9.583504420028,5569.484437572576
1401.749999999598,441.749999999598,9.583529878669,5569.963613430043
1401.799999999598,441.799999999598,9.583555337309,5570.442790560442
1401.849999999598,441.849999999598,9.583580795950,5570.921968963773
1401.899999999598,441.899999999598,9.583606254590,5571.401148640039
1401.949999999598,441.949999999598,9.583631713231,5571.880329589234
1401.999999999598,441.999999999598,9.583657171871,5572.359511811361
1402.044444444444,442.044444444444,9.583679801774,5572.785452636846
1402.049999999598,442.049999999598,9.583682655727,5572.838695306489
1402.099999999598,442.099999999598,9.583708341303,5573.317880081415
1402.149999999598,442.149999999598,9.583734026880,5573.797066140622
1402.199999999598,442.199999999598,9.583759712456,5574.276253484105
1402.249999999598,442.249999999598,9.583785398032,5574.755442111867
1402.299999999598,442.299999999598,9.583811083608,5575.234632023908
1402.349999999598,442.349999999598,9.583836769185,5575.713823220227
1402.399999999598,442.399999999598,9.583862454761,5576.193015700827
1402.449999999598,442.449999999598,9.583888140337,5576.672209465704
1402.499999999598,442.499999999598,9.583913825913,5577.151404514861
1402.549999999598,442.549999999598,9.583939511489,5577.630600848295
1402.599999999598,442.599999999598,9.583965197066,5578.109798466008
1402.649999999598,442.649999999598,9.583990882642,5578.588997368002
1402.699999999597,442.699999999597,9.584016568218,5579.068197554262
1402.749999999597,442.749999999597,9.584042253794,5579.547399024814
1402.799999999597,442.799999999597,9.584067939371,5580.026601779642
1402.849999999597,442.849999999597,9.584093624947,5580.505805818750
1402.899999999597,442.899999999597,9.584119310523,5580.985011142136
1402.949999999597,442.949999999597,9.584144996100,5581.464217749801
1402.999999999597,442.999999999597,9.584170681676,5581.943425641747
1403.044444444444,443.044444444444,9.584193513299,5582.369389294382
1403.049999999597,443.049999999597,9.584196392058,5582.422634818039
1403.099999999597,443.099999999597,9.584222300890,5582.901845285362
1403.149999999597,443.149999999597,9.584248209722,5583.381057048127
1403.199999999597,443.199999999597,9.584274118555,5583.860270106334
1403.249999999597,443.249999999597,9.584300027387,5584.339484459984
1403.299999999597,443.299999999597,9.584325936219,5584.818700109074
1403.349999999597,443.349999999597,9.584351845051,5585.297917053605
1403.399999999597,443.399999999597,9.584377753883,5585.777135293578
1403.449999999597,443.449999999597,9.584403662715,5586.256354828993
1403.499999999597,443.499999999597,9.584429571547,5586.735575659851
1403.549999999596,443.549999999596,9.584455480379,5587.214797786138
1403.599999999596,443.599999999596,9.584481389211,5587.694021207879
1403.649999999596,443.649999999596,9.584507298044,5588.173245925060
1403.699999999596,443.699999999596,9.584533206876,5588.652471937682
1403.749999999596,443.749999999596,9.584559115708,5589.131699245746
1403.799999999596,443.799999999596,9.584585024540,5589.610927849251
1403.849999999596,443.849999999596,9.584610933372,5590.090157748201
1403.899999999596,443.899999999596,9.584636842204,5590.569388942590
1403.949999999596,443.949999999596,9.584662751036,5591.048621432421
1403.999999999596,443.999999999596,9.584688659868,5591.527855217693
1404.044444444444,444.044444444444,9.584711689942,5591.953841896002
1404.049999999596,444.049999999596,9.584714593093,5592.007090298474
1404.099999999596,444.099999999596,9.584740721455,5592.486326681340
1404.149999999596,444.149999999596,9.584766849817,5592.965564370621
1404.199999999596,444.199999999596,9.584792978179,5593.444803366320
1404.249999999596,444.249999999596,9.584819106542,5593.924043668438
1404.299999999596,444.299999999596,9.584845234904,5594.403285276973
1404.349999999596,444.349999999596,9.584871363266,5594.882528191929
1404.399999999596,444.399999999596,9.584897491628,5595.361772413301
1404.449999999596,444.449999999596,9.584923619991,5595.841017941091
1404.499999999596,444.499999999596,9.584949748353,5596.320264775300
1404.549999999596,444.549999999596,9.584975876715,5596.799512915926
1404.599999999596,444.599999999596,9.585002005077,5597.278762362973
1404.649999999596,444.649999999596,9.585028133440,5597.758013116435
1404.699999999596,444.699999999596,9.585054261802,5598.237265176315
1404.749999999596,444.749999999596,9.585080390164,5598.716518542614
1404.799999999596,444.799999999596,9.585106518526,5599.195773215331
1404.849999999596,444.849999999596,9.585132646888,5599.675029194467
1404.899999999595,444.899999999595,9.585158775251,5600.154286480009
1404.949999999595,444.949999999595,9.585184903613,5600.633545071983
1404.999999999595,444.999999999595,9.585211031975,5601.112804970372
1405.044444444444,445.044444444444,9.585234257186,5601.538814869565
1405.049999999595,445.049999999595,9.585237184334,5601.592066175246
1405.099999999595,445.099999999595,9.585263528665,5602.071328693070
1405.149999999595,445.149999999595,9.585289872997,5602.550592528111
1405.199999999595,445.199999999595,9.585316217328,5603.029857680372
1405.249999999595,445.249999999595,9.585342561660,5603.509124149846
1405.299999999595,445.299999999595,9.585368905991,5603.988391936537
1405.349999999595,445.349999999595,9.585395250322,5604.467661040444
1405.399999999595,445.399999999595,9.585421594654,5604.946931461568
1405.449999999595,445.449999999595,9.585447938985,5605.426203199911
1405.499999999595,445.499999999595,9.585474283317,5605.905476255468
1405.549999999595,445.549999999595,9.585500627648,5606.384750628242
1405.599999999595,445.599999999595,9.585526971980,5606.864026318232
1405.649999999595,445.649999999595,9.585553316311,5607.343303325440
1405.699999999595,445.699999999595,9.585579660642,5607.822581649865
1405.749999999594,445.749999999594,9.585606004974,5608.301861291494
1405.799999999594,445.799999999594,9.585632349305,5608.781142250353
1405.849999999594,445.849999999594,9.585658693637,5609.260424526426
1405.899999999594,445.899999999594,9.585685037968,5609.739708119715
1405.949999999594,445.949999999594,9.585711382300,5610.218993030221
1405.999999999594,445.999999999594,9.585737726631,5610.698279257944
1406.044444444444,446.044444444444,9.585761143815,5611.124312570065
1406.049999999594,446.049999999594,9.585764094569,5611.177566802951
1406.099999999594,446.099999999594,9.585790651360,5611.656855671599
1406.149999999594,446.149999999594,9.585817208151,5612.136145868087
1406.199999999594,446.199999999594,9.585843764942,5612.615437392414
1406.249999999594,446.249999999594,9.585870321733,5613.094730244580
1406.299999999594,446.299999999594,9.585896878524,5613.574024424588
1406.349999999594,446.349999999594,9.585923435315,5614.053319932434
1406.399999999594,446.399999999594,9.585949992107,5614.532616768119
1406.449999999594,446.449999999594,9.585976548898,5615.011914931643
1406.499999999594,446.499999999594,9.586003105689,5615.491214423007
1406.549999999594,446.549999999594,9.586029662480,5615.970515242214
1406.599999999594,446.599999999594,9.586056219271,5616.449817389257
1406.649999999594,446.649999999594,9.586082776062,5616.929120864140
1406.699999999594,446.699999999594,9.586109332853,5617.408425666862
1406.749999999594,446.749999999594,9.586135889644,5617.887731797424
1406.799999999594,446.799999999594,9.586162446435,5618.367039255828
1406.849999999594,446.849999999594,9.586189003226,5618.846348042069
1406.899999999594,446.899999999594,9.586215560017,5619.325658156149
1406.949999999594,446.949999999594,9.586242116808,5619.804969598069
1406.999999999594,446.999999999594,9.586268673599,5620.284282367828
1407.044444444444,447.044444444444,9.586292279636,5620.710339281789
1407.049999999594,447.049999999594,9.586295253614,5620.763596465495
1407.099999999593,447.099999999593,9.586322019419,5621.242911897310
1407.149999999593,447.149999999593,9.586348785225,5621.722228667428
1407.199999999593,447.199999999593,9.586375551030,5622.201546775834
1407.249999999593,447.249999999593,9.586402316835,5622.680866222530
1407.299999999593,447.299999999593,9.586429082640,5623.160187007516
1407.349999999593,447.349999999593,9.586455848446,5623.639509130793
1407.399999999593,447.399999999593,9.586482614251,5624.118832592362
1407.449999999593,447.449999999593,9.586509380056,5624.598157392219
1407.499999999593,447.499999999593,9.586536145861,5625.077483530366
1407.549999999593,447.549999999593,9.586562911667,5625.556811006804
1407.599999999593,447.599999999593,9.586589677472,5626.036139821533
1407.649999999593,447.649999999593,9.586616443277,5626.515469974554
1407.699999999593,447.699999999593,9.586643209082,5626.994801465862
1407.749999999593,447.749999999593,9.586669974888,5627.474134295461
1407.799999999593,447.799999999593,9.586696740693,5627.953468463350
1407.849999999593,447.849999999593,9.586723506498,5628.432803969529
1407.899999999593,447.899999999593,9.586750272303,5628.912140814001
1407.949999999592,447.949999999592,9.586777038108,5629.391478996749
1407.999999999592,447.999999999592,9.586803803914,5629.870818517802
1408.044444444444,448.044444444444,9.586827595741,5630.296899219478
1408.049999999592,448.049999999592,9.586830592567,5630.350159377205
1408.099999999592,448.099999999592,9.586857564008,5630.829501581119
1408.149999999592,448.149999999592,9.586884535448,5631.308845133605
1408.199999999592,448.199999999592,9.586911506889,5631.788190034663
1408.249999999592,448.249999999592,9.586938478330,5632.267536284295
1408.299999999592,448.299999999592,9.586965449770,5632.746883882497
1408.349999999592,448.349999999592,9.586992421211,5633.226232829271
1408.399999999592,448.399999999592,9.587019392651,5633.705583124617
1408.449999999592,448.449999999592,9.587046364092,5634.184934768536
1408.499999999592,448.499999999592,9.587073335533,5634.664287761028
1408.549999999592,448.549999999592,9.587100306973,5635.143642102091
1408.599999999592,448.599999999592,9.587127278414,5635.622997791725
1408.649999999592,448.649999999592,9.587154249854,5636.102354829931
1408.699999999592,448.699999999592,9.587181221295,5636.581713216709
1408.749999999592,448.749999999592,9.587208192735,5637.061072952062
1408.799999999592,448.799999999592,9.587235164176,5637.540434035985
1408.849999999592,448.849999999592,9.587262135617,5638.019796468479
1408.899999999592,448.899999999592,9.587289107057,5638.499160249546
1408.949999999592,448.949999999592,9.587316078498,5638.978525379184
1408.999999999592,448.999999999592,9.587343049938,5639.457891857397
1409.044444444444,449.044444444444,9.587367024553,5639.883996529626
1409.049999999592,449.049999999592,9.587370043859,5639.937259684242
1409.099999999592,449.099999999592,9.587397217621,5640.416628865779
1409.149999999592,449.149999999592,9.587424391383,5640.895999406003
1409.199999999592,449.199999999592,9.587451565145,5641.375371304916
1409.249999999592,449.249999999592,9.587478738907,5641.854744562519
1409.299999999591,449.299999999591,9.587505912669,5642.334119178797
1409.349999999591,449.349999999591,9.587533086431,5642.813495153776
1409.399999999591,449.399999999591,9.587560260193,5643.292872487441
1409.449999999591,449.449999999591,9.587587433955,5643.772251179794
1409.499999999591,449.499999999591,9.587614607717,5644.251631230835
1409.549999999591,449.549999999591,9.587641781479,5644.731012640565
1409.599999999591,449.599999999591,9.587668955241,5645.210395408984
1409.649999999591,449.649999999591,9.587696129003,5645.689779536090
1409.699999999591,449.699999999591,9.587723302765,5646.169165021884
1409.749999999591,449.749999999591,9.587750476527,5646.648551866366
1409.799999999591,449.799999999591,9.587777650289,5647.127940069536
1409.849999999591,449.849999999591,9.587804824051,5647.607329631396
1409.899999999591,449.899999999591,9.587831997812,5648.086720551943
1409.949999999591,449.949999999591,9.587859171574,5648.566112831177
1409.999999999591,449.999999999591,9.587886345336,5649.045506469099
1410.044444444444,450.044444444444,9.587910499792,5649.471635291797
1410.049999999591,450.049999999591,9.587913541218,5649.524901465770
1410.099999999591,450.099999999591,9.587940914057,5650.004297827154
1410.149999999590,450.149999999590,9.587968286896,5650.483695557166
1410.199999999590,450.199999999590,9.587995659734,5650.963094655834
1410.249999999590,450.249999999590,9.588023032573,5651.442495123141
1410.299999999590,450.299999999590,9.588050405412,5651.921896959090
1410.349999999590,450.349999999590,9.588077778251,5652.401300163681
1410.399999999590,450.399999999590,9.588105151089,5652.880704736915
1410.449999999590,450.449999999590,9.588132523928,5653.360110678792
1410.499999999590,450.499999999590,9.588159896767,5653.839517989309
1410.549999999590,450.549999999590,9.588187269606,5654.318926668468
1410.599999999590,450.599999999590,9.588214642444,5654.798336716269
1410.649999999590,450.649999999590,9.588242015283,5655.277748132711
1410.699999999590,450.699999999590,9.588269388122,5655.757160917798
1410.749999999590,450.749999999590,9.588296760961,5656.236575071524
1410.799999999590,450.799999999590,9.588324133799,5656.715990593893
1410.849999999590,450.849999999590,9.588351506638,5657.195407484904
1410.899999999590,450.899999999590,9.588378879477,5657.674825744556
1410.949999999590,450.949999999590,9.588406252316,5658.154245372853
1410.999999999590,450.999999999590,9.588433625154,5658.633666369788
1411.044444444444,451.044444444444,9.588457956567,5659.059819519975
1411.049999999590,451.049999999590,9.588461019767,5659.113088735427
1411.099999999590,451.099999999590,9.588488588566,5659.592512475634
1411.149999999590,451.149999999590,9.588516157366,5660.071937594282
1411.199999999590,451.199999999590,9.588543726166,5660.551364091371
1411.249999999590,451.249999999590,9.588571294966,5661.030791966899
1411.299999999590,451.299999999590,9.588598863766,5661.510221220868
1411.349999999590,451.349999999590,9.588626432566,5661.989651853275
1411.399999999590,451.399999999590,9.588654001366,5662.469083864123
1411.449999999590,451.449999999590,9.588681570166,5662.948517253412
1411.499999999589,451.499999999589,9.588709138966,5663.427952021129
1411.549999999589,451.549999999589,9.588736707765,5663.907388167299
1411.599999999589,451.599999999589,9.588764276565,5664.386825691907
1411.649999999589,451.649999999589,9.588791845365,5664.866264594954
1411.699999999589,451.699999999589,9.588819414165,5665.345704876442
1411.749999999589,451.749999999589,9.588846982965,5665.825146536370
1411.799999999589,451.799999999589,9.588874551765,5666.304589574740
1411.849999999589,451.849999999589,9.588902120565,5666.784033991547
1411.899999999589,451.899999999589,9.588929689364,5667.263479786795
1411.949999999589,451.949999999589,9.588957258164,5667.742926960483
1411.999999999589,451.999999999589,9.588984826964,5668.222375512611
1412.044444444444,452.044444444444,9.589009332564,5668.648553164538
1412.049999999589,452.049999999589,9.589012417182,5668.701825443241
1412.099999999589,452.099999999589,9.589040178738,5669.181276758138
1412.149999999589,452.149999999589,9.589067940295,5669.660729461113
1412.199999999589,452.199999999589,9.589095701852,5670.140183552166
1412.249999999589,452.249999999589,9.589123463408,5670.619639031298
1412.299999999589,452.299999999589,9.589151224965,5671.099095898509
1412.349999999588,452.349999999588,9.589178986522,5671.578554153785
1412.399999999588,452.399999999588,9.589206748078,5672.058013797152
1412.449999999588,452.449999999588,9.589234509635,5672.537474828594
1412.499999999588,452.499999999588,9.589262271192,5673.016937248114
1412.549999999588,452.549999999588,9.589290032748,5673.496401055712
1412.599999999588,452.599999999588,9.589317794305,5673.975866251389
1412.649999999588,452.649999999588,9.589345555862,5674.455332835145
1412.699999999588,452.699999999588,9.589373317418,5674.934800806976
1412.749999999588,452.749999999588,9.589401078975,5675.414270166886
1412.799999999588,452.799999999588,9.589428840532,5675.893740914873
1412.849999999588,452.849999999588,9.589456602088,5676.373213050938
1412.899999999588,452.899999999588,9.589484363645,5676.852686575083
1412.949999999588,452.949999999588,9.589512125202,5677.332161487304
1412.999999999588,452.999999999588,9.589539886759,5677.811637787602
1413.044444444444,453.044444444444,9.589564563698,5678.237840112671
1413.049999999588,453.049999999588,9.589567669392,5678.291115476038
1413.099999999588,453.099999999588,9.589595620644,5678.770594558288
1413.149999999588,453.149999999588,9.589623571896,5679.250075038103
1413.199999999588,453.199999999588,9.589651523147,5679.729556915478
1413.249999999588,453.249999999588,9.589679474399,5680.209040190417
1413.299999999588,453.299999999588,9.589707425650,5680.688524862918
1413.349999999588,453.349999999588,9.589735376902,5681.168010932981
1413.399999999588,453.399999999588,9.589763328153,5681.647498400609
1413.449999999588,453.449999999588,9.589791279405,5682.126987265798
1413.499999999588,453.499999999588,9.589819230656,5682.606477528549
1413.549999999588,453.549999999588,9.589847181908,5683.085969188863
1413.599999999588,453.599999999588,9.589875133159,5683.565462246739
1413.649999999588,453.649999999588,9.589903084411,5684.044956702181
1413.699999999587,453.699999999587,9.589931035663,5684.524452555171
1413.749999999587,453.749999999587,9.589958986914,5685.003949805737
1413.799999999587,453.799999999587,9.589986938166,5685.483448453863
1413.849999999587,453.849999999587,9.590014889417,5685.962948499552
1413.899999999587,453.899999999587,9.590042840669,5686.442449942804
1413.949999999587,453.949999999587,9.590070791920,5686.921952783619
1413.999999999587,453.999999999587,9.590098743172,5687.401457021998
1414.044444444444,454.044444444444,9.590123588729,5687.827684188885
1414.049999999587,454.049999999587,9.590126715167,5687.880962657995
1414.099999999587,454.099999999587,9.590154853112,5688.360469697202
1414.149999999587,454.149999999587,9.590182991058,5688.839978143305
1414.199999999587,454.199999999587,9.590211129003,5689.319487996307
1414.249999999587,454.249999999587,9.590239266948,5689.798999256207
1414.299999999587,454.299999999587,9.590267404893,5690.278511923003
1414.349999999587,454.349999999587,9.590295542838,5690.758025996696
1414.399999999587,454.399999999587,9.590323680784,5691.237541477286
1414.449999999587,454.449999999587,9.590351818729,5691.717058364773
1414.499999999587,454.499999999587,9.590379956674,5692.196576659160
1414.549999999586,454.549999999586,9.590408094619,5692.676096360431
1414.599999999586,454.599999999586,9.590436232564,5693.155617468612
1414.649999999586,454.649999999586,9.590464370509,5693.635139983689
1414.699999999586,454.699999999586,9.590492508455,5694.114663905662
1414.749999999586,454.749999999586,9.590520646400,5694.594189234534
1414.799999999586,454.799999999586,9.590548784345,5695.073715970302
1414.849999999586,454.849999999586,9.590576922290,5695.553244112970
1414.899999999586,454.899999999586,9.590605060236,5696.032773662532
1414.949999999586,454.949999999586,9.590633198181,5696.512304618992
1414.999999999586,454.999999999586,9.590661336126,5696.991836982349
1415.044444444444,455.044444444444,9.590686347633,5697.418089157066
1415.049999999586,455.049999999586,9.590689494487,5697.471370752660
1415.099999999586,455.099999999586,9.590717816175,5697.950905935428
1415.149999999586,455.149999999586,9.590746137863,5698.430442534278
1415.199999999586,455.199999999586,9.590774459552,5698.909980549213
1415.249999999586,455.249999999586,9.590802781240,5699.389519980233
1415.299999999586,455.299999999586,9.590831102928,5699.869060827336
1415.349999999586,455.349999999586,9.590859424616,5700.348603090527
1415.399999999586,455.399999999586,9.590887746304,5700.828146769800
1415.449999999586,455.449999999586,9.590916067992,5701.307691865157
1415.499999999586,455.499999999586,9.590944389680,5701.787238376598
1415.549999999586,455.549999999586,9.590972711368,5702.266786304123
1415.599999999586,455.599999999586,9.591001033057,5702.746335647736
1415.649999999586,455.649999999586,9.591029354745,5703.225886407430
1415.699999999586,455.699999999586,9.591057676433,5703.705438583209
1415.749999999586,455.749999999586,9.591085998121,5704.184992175073
1415.799999999586,455.799999999586,9.591114319809,5704.664547183021
1415.849999999586,455.849999999586,9.591142641497,5705.144103607056
1415.899999999585,455.899999999585,9.591170963185,5705.623661447161
1415.949999999585,455.949999999585,9.591199284874,5706.103220703364
1415.999999999585,455.999999999585,9.591227606562,5706.582781375650
1416.044444444444,456.044444444444,9.591252781396,5707.009058721580
1416.049999999585,456.049999999585,9.591255948344,5707.062343464075
1416.099999999585,456.099999999585,9.591284450878,5707.541906974055
1416.149999999585,456.149999999585,9.591312953411,5708.021471909162
1416.199999999585,456.199999999585,9.591341455945,5708.501038269397
1416.249999999585,456.249999999585,9.591369958479,5708.980606054757
1416.299999999585,456.299999999585,9.591398461013,5709.460175265244
1416.349999999585,456.349999999585,9.591426963547,5709.939745900858
1416.399999999585,456.399999999585,9.591455466081,5710.419317961598
1416.449999999585,456.449999999585,9.591483968614,5710.898891447467
1416.499999999585,456.499999999585,9.591512471148,5711.378466358460
1416.549999999585,456.549999999585,9.591540973682,5711.858042694581
1416.599999999585,456.599999999585,9.591569476216,5712.337620455828
1416.649999999585,456.649999999585,9.591597978750,5712.817199642202
1416.699999999585,456.699999999585,9.591626481284,5713.296780253704
1416.749999999584,456.749999999584,9.591654983817,5713.776362290320
1416.799999999584,456.799999999584,9.591683486351,5714.255945752077
1416.849999999584,456.849999999584,9.591711988885,5714.735530638957
1416.899999999584,456.899999999584,9.591740491419,5715.215116950964
1416.949999999584,456.949999999584,9.591768993953,5715.694704688098
1416.999999999584,456.999999999584,9.591797496487,5716.174293850358
1417.044444444444,457.044444444444,9.591822832072,5716.600596528314
1417.049999999584,457.049999999584,9.591826018799,5716.653884437803
1417.099999999584,457.099999999584,9.591854699336,5717.133476455756
1417.149999999584,457.149999999584,9.591883379874,5717.613069907736
1417.199999999584,457.199999999584,9.591912060411,5718.092664793742
1417.249999999584,457.249999999584,9.591940740949,5718.572261113775
1417.299999999584,457.299999999584,9.591969421487,5719.051858867838
1417.349999999584,457.349999999584,9.591998102024,5719.531458055925
1417.399999999584,457.399999999584,9.592026782562,5720.011058678039
1417.449999999584,457.449999999584,9.592055463099,5720.490660734180
1417.499999999584,457.499999999584,9.592084143637,5720.970264224348
1417.549999999584,457.549999999584,9.592112824175,5721.449869148545
1417.599999999584,457.599999999584,9.592141504712,5721.929475506767
1417.649999999584,457.649999999584,9.592170185250,5722.409083299015
1417.699999999584,457.699999999584,9.592198865787,5722.888692525291
1417.749999999584,457.749999999584,9.592227546325,5723.368303185594
1417.799999999584,457.799999999584,9.592256226863,5723.847915279925
1417.849999999584,457.849999999584,9.592284907400,5724.327528808280
1417.899999999584,457.899999999584,9.592313587938,5724.807143770663
1417.949999999584,457.949999999584,9.592342268476,5725.286760167073
1417.999999999584,457.999999999584,9.592370949013,5725.766377997510
1418.044444444444,458.044444444444,9.592396442825,5726.192706165761
1418.049999999584,458.049999999584,9.592399582473,5726.245997261845
1418.099999999583,458.099999999583,9.592427839311,5726.725617947379
1418.149999999583,458.149999999583,9.592456096150,5727.205240045767
1418.199999999583,458.199999999583,9.592484352988,5727.684863556995
1418.249999999583,458.249999999583,9.592512609826,5728.164488481065
1418.299999999583,458.299999999583,9.592540866664,5728.644114817977
1418.349999999583,458.349999999583,9.592569123503,5729.123742567730
1418.399999999583,458.399999999583,9.592597380341,5729.603371730328
1418.449999999583,458.449999999583,9.592625637179,5730.083002305765
1418.499999999583,458.499999999583,9.592653894017,5730.562634294045
1418.549999999583,458.549999999583,9.592682150856,5731.042267695167
1418.599999999583,458.599999999583,9.592710407694,5731.521902509130
1418.649999999583,458.649999999583,9.592738664532,5732.001538735937
1418.699999999583,458.699999999583,9.592766921371,5732.481176375584
1418.749999999583,458.749999999583,9.592795178209,5732.960815428073
1418.799999999583,458.799999999583,9.592823435047,5733.440455893404
1418.849999999583,458.849999999583,9.592851691885,5733.920097771576
1418.899999999583,458.899999999583,9.592879948724,5734.399741062593
1418.949999999582,458.949999999582,9.592908205562,5734.879385766440
1418.999999999582,458.999999999582,9.592936462400,5735.359031883140
1419.044444444444,459.044444444444,9.592961579590,5735.785385176967
1419.049999999582,459.049999999582,9.592964840488,5735.838679413017
1419.099999999582,459.099999999582,9.592994188571,5736.318328388744
1419.149999999582,459.149999999582,9.593023536655,5736.797978831874
1419.199999999582,459.199999999582,9.593052884739,5737.277630742409
1419.249999999582,459.249999999582,9.593082232822,5737.757284120350
1419.299999999582,459.299999999582,9.593111580906,5738.236938965692
1419.349999999582,459.349999999582,9.593140928990,5738.716595278439
1419.399999999582,459.399999999582,9.593170277073,5739.196253058590
1419.449999999582,459.449999999582,9.593199625157,5739.675912306145
1419.499999999582,459.499999999582,9.593228973240,5740.155573021107
1419.549999999582,459.549999999582,9.593258321324,5740.635235203470
1419.599999999582,459.599999999582,9.593287669408,5741.114898853238
1419.649999999582,459.649999999582,9.593317017491,5741.594563970410
1419.699999999582,459.699999999582,9.593346365575,5742.074230554986
1419.749999999582,459.749999999582,9.593375713658,5742.553898606969
1419.799999999582,459.799999999582,9.593405061742,5743.033568126353
1419.849999999582,459.849999999582,9.593434409826,5743.513239113142
1419.899999999582,459.899999999582,9.593463757909,5743.992911567335
1419.949999999582,459.949999999582,9.593493105993,5744.472585488932
1419.999999999582,459.999999999582,9.593522454077,5744.952260877935
1420.044444444444,460.044444444444,9.593548541262,5745.378640237393
1420.049999999582,460.049999999582,9.593551789009,5745.431937734304
1420.099999999582,460.099999999582,9.593581018729,5745.911616054497
1420.149999999582,460.149999999582,9.593610248450,5746.391295836176
1420.199999999582,460.199999999582,9.593639478171,5746.870977079341
1420.249999999582,460.249999999582,9.593668707891,5747.350659783994
1420.299999999581,460.299999999581,9.593697937612,5747.830343950121
1420.349999999581,460.349999999581,9.593727167332,5748.310029577746
1420.399999999581,460.399999999581,9.593756397053,5748.789716666855
1420.449999999581,460.449999999581,9.593785626774,5749.269405217450
1420.499999999581,460.499999999581,9.593814856494,5749.749095229531
1420.549999999581,460.549999999581,9.593844086215,5750.228786703098
1420.599999999581,460.599999999581,9.593873315936,5750.708479638154
1420.649999999581,460.649999999581,9.593902545656,5751.188174034693
1420.699999999581,460.699999999581,9.593931775377,5751.667869892719
1420.749999999581,460.749999999581,9.593961005098,5752.147567212231
1420.799999999581,460.799999999581,9.593990234818,5752.627265993228
1420.849999999581,460.849999999581,9.594019464539,5753.106966235714
1420.899999999581,460.899999999581,9.594048694260,5753.586667939683
1420.949999999581,460.949999999581,9.594077923980,5754.066371105138
1420.999999999581,460.999999999581,9.594107153701,5754.546075732080
1421.044444444444,461.044444444444,9.594133135675,5754.972481075860
1421.049999999581,461.049999999581,9.594136399476,5755.025781820552
1421.099999999581,461.099999999581,9.594165773687,5755.505489374883
1421.149999999580,461.149999999580,9.594195147898,5755.985198397912
1421.199999999580,461.199999999580,9.594224522109,5756.464908889663
1421.249999999580,461.249999999580,9.594253896320,5756.944620850123
1421.299999999580,461.299999999580,9.594283270531,5757.424334279294
1421.349999999580,461.349999999580,9.594312644742,5757.904049177176
1421.399999999580,461.399999999580,9.594342018953,5758.383765543767
1421.449999999580,461.449999999580,9.594371393164,5758.863483379072
1421.499999999580,461.499999999580,9.594400767375,5759.343202683085
1421.549999999580,461.549999999580,9.594430141586,5759.822923455808
1421.599999999580,461.599999999580,9.594459515797,5760.302645697243
1421.649999999580,461.649999999580,9.594488890008,5760.782369407388
1421.699999999580,461.699999999580,9.594518264219,5761.262094586245
1421.749999999580,461.749999999580,9.594547638430,5761.741821233812
1421.799999999580,461.799999999580,9.594577012641,5762.221549350088
1421.849999999580,461.849999999580,9.594606386852,5762.701278935075
1421.899999999580,461.899999999580,9.594635761063,5763.181009988773
1421.949999999580,461.949999999580,9.594665135274,5763.660742511182
1421.999999999580,461.999999999580,9.594694509485,5764.140476502301
1422.044444444444,462.044444444444,9.594720619895,5764.566907953646
1422.049999999580,462.049999999580,9.594723900990,5764.620211962178
1422.099999999580,462.099999999580,9.594753430843,5765.099948895473
1422.149999999580,462.149999999580,9.594782960696,5765.579687305261
1422.199999999580,462.199999999580,9.594812490549,5766.059427191544
1422.249999999580,462.249999999580,9.594842020402,5766.539168554317
1422.299999999580,462.299999999580,9.594871550254,5767.018911393583
1422.349999999580,462.349999999580,9.594901080107,5767.498655709342
1422.399999999580,462.399999999580,9.594930609960,5767.978401501593
1422.449999999580,462.449999999580,9.594960139813,5768.458148770339
1422.499999999579,462.499999999579,9.594989669666,5768.937897515565
1422.549999999579,462.549999999579,9.595019199519,5769.417647737297
1422.599999999579,462.599999999579,9.595048729372,5769.897399435518
1422.649999999579,462.649999999579,9.595078259225,5770.377152610233
1422.699999999579,462.699999999579,9.595107789078,5770.856907261440
1422.749999999579,462.749999999579,9.595137318931,5771.336663389140
1422.799999999579,462.799999999579,9.595166848784,5771.816420993335
1422.849999999579,462.849999999579,9.595196378637,5772.296180074020
1422.899999999579,462.899999999579,9.595225908490,5772.775940631197
1422.949999999579,462.949999999579,9.595255438343,5773.255702664867
1422.999999999579,462.999999999579,9.595284968196,5773.735466175031
1423.044444444444,463.044444444444,9.595311216954,5774.161923872070
1423.049999999579,463.049999999579,9.595314515569,5774.215231161737
1423.099999999579,463.099999999579,9.595344203102,5774.694997629704
1423.149999999579,463.149999999579,9.595373890635,5775.174765582046
1423.199999999579,463.199999999579,9.595403578168,5775.654535018766
1423.249999999579,463.249999999579,9.595433265701,5776.134305939862
1423.299999999579,463.299999999579,9.595462953234,5776.614078345337
1423.349999999578,463.349999999578,9.595492640767,5777.093852235176
1423.399999999578,463.399999999578,9.595522328300,5777.573627609405
1423.449999999578,463.449999999578,9.595552015834,5778.053404468008
1423.499999999578,463.499999999578,9.595581703367,5778.533182810987
1423.549999999578,463.549999999578,9.595611390900,5779.012962638344
1423.599999999578,463.599999999578,9.595641078433,5779.492743950077
1423.649999999578,463.649999999578,9.595670765966,5779.972526746189
1423.699999999578,463.699999999578,9.595700453499,5780.452311026675
1423.749999999578,463.749999999578,9.595730141033,5780.932096791538
1423.799999999578,463.799999999578,9.595759828566,5781.411884040778
1423.849999999578,463.849999999578,9.595789516099,5781.891672774394
1423.899999999578,463.899999999578,9.595819203632,5782.371462992390
1423.949999999578,463.949999999578,9.595848891165,5782.851254694760
1423.999999999578,463.999999999578,9.595878578698,5783.331047881506
1424.044444444444,464.044444444444,9.595904967617,5783.757531964358
1424.049999999578,464.049999999578,9.595908283700,5783.810842552677
1424.099999999578,464.099999999578,9.595938128451,5784.290638712981
1424.149999999578,464.149999999578,9.595967973203,5784.770436365524
1424.199999999578,464.199999999578,9.595997817954,5785.250235510302
1424.249999999578,464.249999999578,9.596027662705,5785.730036147318
1424.299999999578,464.299999999578,9.596057507456,5786.209838276572
1424.349999999578,464.349999999578,9.596087352208,5786.689641898063
1424.399999999578,464.399999999578,9.596117196959,5787.169447011795
1424.449999999578,464.449999999578,9.596147041710,5787.649253617761
1424.499999999578,464.499999999578,9.596176886461,5788.129061715965
1424.549999999578,464.549999999578,9.596206731213,5788.608871306406
1424.599999999578,464.599999999578,9.596236575964,5789.088682389085
1424.649999999578,464.649999999578,9.596266420715,5789.568494964004
1424.699999999577,464.699999999577,9.596296265467,5790.048309031146
1424.749999999577,464.749999999577,9.596326110218,5790.528124590540
1424.799999999577,464.799999999577,9.596355954969,5791.007941642169
1424.849999999577,464.849999999577,9.596385799720,5791.487760186036
1424.899999999577,464.899999999577,9.596415644472,5791.967580222141
1424.949999999577,464.949999999577,9.596445489223,5792.447401750483
1424.999999999577,464.999999999577,9.596475333974,5792.927224771064
1425.044444444444,465.044444444444,9.596501862642,5793.353735379488
1425.049999999577,465.049999999577,9.596505196034,5793.407049283929
1425.099999999577,465.099999999577,9.596535196566,5793.886875293743
1425.149999999577,465.149999999577,9.596565197098,5794.366702803584
1425.199999999577,465.199999999577,9.596595197631,5794.846531813452
1425.249999999577,465.249999999577,9.596625198163,5795.326362323349
1425.299999999577,465.299999999577,9.596655198695,5795.806194333270
1425.349999999577,465.349999999577,9.596685199227,5796.286027843217
1425.399999999577,465.399999999577,9.596715199759,5796.765862853192
1425.449999999577,465.449999999577,9.596745200291,5797.245699363192
1425.499999999577,465.499999999577,9.596775200823,5797.725537373221
1425.549999999576,465.549999999576,9.596805201355,5798.205376883265
1425.599999999576,465.599999999576,9.596835201887,5798.685217893348
1425.649999999576,465.649999999576,9.596865202419,5799.165060403455
1425.699999999576,465.699999999576,9.596895202951,5799.644904413589
1425.749999999576,465.749999999576,9.596925203483,5800.124749923749
1425.799999999576,465.799999999576,9.596955204015,5800.604596933936
1425.849999999576,465.849999999576,9.596985204547,5801.084445444151
1425.899999999576,465.899999999576,9.597015205079,5801.564295454392
1425.949999999576,465.949999999576,9.597045205611,5802.044146964658
1425.999999999576,465.999999999576,9.597075206143,5802.523999974952
1426.044444444444,466.044444444444,9.597101873283,5802.950537247450
1426.049999999576,466.049999999576,9.597105223777,5803.003854485320
1426.099999999576,466.099999999576,9.597135378226,5803.483710500372
1426.149999999576,466.149999999576,9.597165532675,5803.963568023144
1426.199999999576,466.199999999576,9.597195687124,5804.443427053639
1426.249999999576,466.249999999576,9.597225841573,5804.923287591855
1426.299999999576,466.299999999576,9.597255996022,5805.403149637795
1426.349999999576,466.349999999576,9.597286150471,5805.883013191459
1426.399999999576,466.399999999576,9.597316304920,5806.362878252844
1426.449999999576,466.449999999576,9.597346459368,5806.842744821951
1426.499999999576,466.499999999576,9.597376613817,5807.322612898780
1426.549999999576,466.549999999576,9.597406768266,5807.802482483332
1426.599999999576,466.599999999576,9.597436922715,5808.282353575608
1426.649999999576,466.649999999576,9.597467077164,5808.762226175604
1426.699999999576,466.699999999576,9.597497231613,5809.242100283323
1426.749999999576,466.749999999576,9.597527386062,5809.721975898765
1426.799999999576,466.799999999576,9.597557540511,5810.201853021928
1426.849999999576,466.849999999576,9.597587694960,5810.681731652817
1426.899999999575,466.899999999575,9.597617849409,5811.161611791415
1426.949999999575,466.949999999575,9.597648003858,5811.641493437748
1426.999999999575,466.999999999575,9.597678158307,5812.121376591802
1427.044444444444,467.044444444444,9.597704962261,5812.547940665222
1427.049999999575,467.049999999575,9.597708329629,5812.601261253624
1427.099999999575,467.099999999575,9.597738635938,5813.081147427763
1427.149999999575,467.149999999575,9.597768942247,5813.561035117216
1427.199999999575,467.199999999575,9.597799248557,5814.040924321988
1427.249999999575,467.249999999575,9.597829554866,5814.520815042073
1427.299999999575,467.299999999575,9.597859861176,5815.000707277473
1427.349999999575,467.349999999575,9.597890167485,5815.480601028189
1427.399999999575,467.399999999575,9.597920473794,5815.960496294220
1427.449999999575,467.449999999575,9.597950780104,5816.440393075570
1427.499999999575,467.499999999575,9.597981086413,5816.920291372232
1427.549999999575,467.549999999575,9.598011392722,5817.400191184210
1427.599999999575,467.599999999575,9.598041699032,5817.880092511503
1427.649999999575,467.649999999575,9.598072005341,5818.359995354112
1427.699999999575,467.699999999575,9.598102311650,5818.839899712038
1427.749999999574,467.749999999574,9.598132617960,5819.319805585267
1427.799999999574,467.799999999574,9.598162924269,5819.799712973825
1427.849999999574,467.849999999574,9.598193230578,5820.279621877696
1427.899999999574,467.899999999574,9.598223536888,5820.759532296882
1427.949999999574,467.949999999574,9.598253843197,5821.239444231383
1427.999999999574,467.999999999574,9.598284149506,5821.719357681201
1428.044444444444,468.044444444444,9.598311088448,5822.145948690574
1428.049999999574,468.049999999574,9.598314472451,5822.199272646381
1428.099999999574,468.099999999574,9.598344928481,5822.679189131404
1428.149999999574,468.149999999574,9.598375384511,5823.159107139229
1428.199999999574,468.199999999574,9.598405840540,5823.639026669855
1428.249999999574,468.249999999574,9.598436296570,5824.118947723282
1428.299999999574,468.299999999574,9.598466752599,5824.598870299513
1428.349999999574,468.349999999574,9.598497208629,5825.078794398543
1428.399999999574,468.399999999574,9.598527664659,5825.558720020375
1428.449999999574,468.449999999574,9.598558120688,5826.038647165009
1428.499999999574,468.499999999574,9.598588576718,5826.518575832444
1428.549999999574,468.549999999574,9.598619032748,5826.998506022683
1428.599999999574,468.599999999574,9.598649488777,5827.478437735720
1428.649999999574,468.649999999574,9.598679944807,5827.958370971559
1428.699999999574,468.699999999574,9.598710400837,5828.438305730199
1428.749999999574,468.749999999574,9.598740856866,5828.918242011641
1428.799999999574,468.799999999574,9.598771312896,5829.398179815887
1428.849999999574,468.849999999574,9.598801768926,5829.878119142933
1428.899999999574,468.899999999574,9.598832224955,5830.358059992779
1428.949999999574,468.949999999574,9.598862680985,5830.838002365427
1428.999999999574,468.999999999574,9.598893137014,5831.317946260877
1429.044444444444,469.044444444444,9.598920209041,5831.744564339319
1429.049999999574,469.049999999574,9.598923609439,5831.797891679175
1429.099999999573,469.099999999573,9.598954213020,5832.277838624726
1429.149999999573,469.149999999573,9.598984816601,5832.757787100468
1429.199999999573,469.199999999573,9.599015420183,5833.237737106387
1429.249999999573,469.249999999573,9.599046023764,5833.717688642485
1429.299999999573,469.299999999573,9.599076627345,5834.197641708763
1429.349999999573,469.349999999573,9.599107230926,5834.677596305219
1429.399999999573,469.399999999573,9.599137834507,5835.157552431856
1429.449999999573,469.449999999573,9.599168438089,5835.637510088671
1429.499999999573,469.499999999573,9.599199041670,5836.117469275664
1429.549999999573,469.549999999573,9.599229645251,5836.597429992837
1429.599999999573,469.599999999573,9.599260248833,5837.077392240189
1429.649999999573,469.649999999573,9.599290852414,5837.557356017722
1429.699999999573,469.699999999573,9.599321455995,5838.037321325432
1429.749999999573,469.749999999573,9.599352059576,5838.517288163321
1429.799999999573,469.799999999573,9.599382663158,5838.997256531388
1429.849999999573,469.849999999573,9.599413266739,5839.477226429635
1429.899999999573,469.899999999573,9.599443870320,5839.957197858063
1429.949999999572,469.949999999572,9.599474473901,5840.437170816657
1429.999999999572,469.999999999572,9.599505077483,5840.917145305443
1430.044444444444,470.044444444444,9.599532280666,5841.343790584173
1430.049999999572,470.049999999572,9.599535697217,5841.397121324451
1430.099999999572,470.099999999572,9.599566446180,5841.877098878036
1430.149999999572,470.149999999572,9.599597195143,5842.357077969069
1430.199999999572,470.199999999572,9.599627944106,5842.837058597550
1430.249999999572,470.249999999572,9.599658693069,5843.317040763481
1430.299999999572,470.299999999572,9.599689442031,5843.797024466858
1430.349999999572,470.349999999572,9.599720190994,5844.277009707683
1430.399999999572,470.399999999572,9.599750939957,5844.756996485956
1430.449999999572,470.449999999572,9.599781688920,5845.236984801677
1430.499999999572,470.499999999572,9.599812437883,5845.716974654849
1430.549999999572,470.549999999572,9.599843186846,5846.196966045467
1430.599999999572,470.599999999572,9.599873935808,5846.676958973533
1430.649999999572,470.649999999572,9.599904684771,5847.156953439047
1430.699999999572,470.699999999572,9.599935433734,5847.636949442010
1430.749999999572,470.749999999572,9.599966182697,5848.116946982422
1430.799999999572,470.799999999572,9.599996931660,5848.596946060280
1430.849999999572,470.849999999572,9.600027680623,5849.076946675586
1430.899999999572,470.899999999572,9.600058429585,5849.556948828341
1430.949999999572,470.949999999572,9.600089178548,5850.036952518543
1430.999999999572,470.999999999572,9.600119927511,5850.516957746197
1431.044444444444,471.044444444444,9.600147259923,5850.943630354466
1431.049999999572,471.049999999572,9.600150692388,5850.996964511341
1431.099999999572,471.099999999572,9.600181584578,5851.476972818265
1431.149999999572,471.149999999572,9.600212476767,5851.956982669798
1431.199999999572,471.199999999572,9.600243368956,5852.436994065941
1431.249999999572,471.249999999572,9.600274261146,5852.917007006695
1431.299999999571,471.299999999571,9.600305153335,5853.397021492045
1431.349999999571,471.349999999571,9.600336045525,5853.877037522018
1431.399999999571,471.399999999571,9.600366937714,5854.357055096599
1431.449999999571,471.449999999571,9.600397829904,5854.837074215789
1431.499999999571,471.499999999571,9.600428722093,5855.317094879588
1431.549999999571,471.549999999571,9.600459614283,5855.797117087996
1431.599999999571,471.599999999571,9.600490506472,5856.277140841017
1431.649999999571,471.649999999571,9.600521398661,5856.757166138646
1431.699999999571,471.699999999571,9.600552290851,5857.237192980883
1431.749999999571,471.749999999571,9.600583183040,5857.717221367730
1431.799999999571,471.799999999571,9.600614075230,5858.197251299187
1431.849999999571,471.849999999571,9.600644967419,5858.677282775255
1431.899999999571,471.899999999571,9.600675859609,5859.157315795930
1431.949999999571,471.949999999571,9.600706751798,5859.637350361215
1431.999999999571,471.999999999571,9.600737643988,5860.117386471109
1432.044444444444,472.044444444444,9.600765103712,5860.544086536284
1432.049999999571,472.049999999571,9.600768551854,5860.597424125656
1432.099999999571,472.099999999571,9.600799585140,5861.077463329083
1432.149999999570,472.149999999570,9.600830618426,5861.557504084160
1432.199999999570,472.199999999570,9.600861651711,5862.037546390916
1432.249999999570,472.249999999570,9.600892684997,5862.517590249333
1432.299999999570,472.299999999570,9.600923718283,5862.997635659414
1432.349999999570,472.349999999570,9.600954751568,5863.477682621160
1432.399999999570,472.399999999570,9.600985784854,5863.957731134570
1432.449999999570,472.449999999570,9.601016818140,5864.437781199646
1432.499999999570,472.499999999570,9.601047851426,5864.917832816385
1432.549999999570,472.549999999570,9.601078884711,5865.397885984788
1432.599999999570,472.599999999570,9.601109917997,5865.877940704856
1432.649999999570,472.649999999570,9.601140951282,5866.357996976588
1432.699999999570,472.699999999570,9.601171984568,5866.838054799986
1432.749999999570,472.749999999570,9.601203017854,5867.318114175046
1432.799999999570,472.799999999570,9.601234051140,5867.798175101770
1432.849999999570,472.849999999570,9.601265084425,5868.278237580158
1432.899999999570,472.899999999570,9.601296117711,5868.758301610211
1432.949999999570,472.949999999570,9.601327150997,5869.238367191931
1432.999999999570,472.999999999570,9.601358184282,5869.718434325312
1433.044444444444,473.044444444444,9.601385769425,5870.145161972852
1433.049999999570,473.049999999570,9.601389233012,5870.198503010402
1433.099999999570,473.099999999570,9.601420405290,5870.678573251359
1433.149999999570,473.149999999570,9.601451577568,5871.158645050930
1433.199999999570,473.199999999570,9.601482749846,5871.638718409117
1433.249999999570,473.249999999570,9.601513922124,5872.118793325916
1433.299999999570,473.299999999570,9.601545094402,5872.598869801329
1433.349999999570,473.349999999570,9.601576266680,5873.078947835355
1433.399999999570,473.399999999570,9.601607438958,5873.559027427996
1433.449999999570,473.449999999570,9.601638611236,5874.039108579253
1433.499999999569,473.499999999569,9.601669783515,5874.519191289110
1433.549999999569,473.549999999569,9.601700955793,5874.999275557594
1433.599999999569,473.599999999569,9.601732128071,5875.479361384690
1433.649999999569,473.649999999569,9.601763300349,5875.959448770401
1433.699999999569,473.699999999569,9.601794472627,5876.439537714725
1433.749999999569,473.749999999569,9.601825644905,5876.919628217663
1433.799999999569,473.799999999569,9.601856817183,5877.399720279217
1433.849999999569,473.849999999569,9.601887989461,5877.879813899382
1433.899999999569,473.899999999569,9.601919161740,5878.359909078162
1433.949999999569,473.949999999569,9.601950334018,5878.840005815555
1433.999999999569,473.999999999569,9.601981506296,5879.320104111563
1434.044444444444,474.044444444444,9.602009214988,5879.746859465060
1434.049999999569,474.049999999569,9.602012693787,5879.800203966229
1434.099999999569,474.099999999569,9.602044002986,5880.280305383648
1434.149999999569,474.149999999569,9.602075312184,5880.760408366526
1434.199999999569,474.199999999569,9.602106621382,5881.240512914866
1434.249999999569,474.249999999569,9.602137930580,5881.720619028664
1434.299999999569,474.299999999569,9.602169239778,5882.200726707925
1434.349999999568,474.349999999568,9.602200548977,5882.680835952633
1434.399999999568,474.399999999568,9.602231858175,5883.160946762813
1434.449999999568,474.449999999568,9.602263167373,5883.641059138451
1434.499999999568,474.499999999568,9.602294476571,5884.121173079549
1434.549999999568,474.549999999568,9.602325785770,5884.601288586107
1434.599999999568,474.599999999568,9.602357094968,5885.081405658126
1434.649999999568,474.649999999568,9.602388404166,5885.561524295606
1434.699999999568,474.699999999568,9.602419713364,5886.041644498543
1434.749999999568,474.749999999568,9.602451022563,5886.521766266941
1434.799999999568,474.799999999568,9.602482331761,5887.001889600799
1434.849999999568,474.849999999568,9.602513640959,5887.482014500116
1434.899999999568,474.899999999568,9.602544950157,5887.962140964895
1434.949999999568,474.949999999568,9.602576259355,5888.442268995133
1434.999999999568,474.999999999568,9.602607568554,5888.922398590830
1435.044444444444,475.044444444444,9.602635398952,5889.349181772031
1435.049999999568,475.049999999568,9.602638892739,5889.402529752029
1435.099999999568,475.099999999568,9.602670336816,5889.882662482768
1435.149999999568,475.149999999568,9.602701780894,5890.362796785713
1435.199999999568,475.199999999568,9.602733224971,5890.842932660859
1435.249999999568,475.249999999568,9.602764669049,5891.323070108209
1435.299999999568,475.299999999568,9.602796113126,5891.803209127764
1435.349999999568,475.349999999568,9.602827557204,5892.283349719522
1435.399999999568,475.399999999568,9.602859001282,5892.763491883486
1435.449999999568,475.449999999568,9.602890445359,5893.243635619651
1435.499999999568,475.499999999568,9.602921889437,5893.723780928020
1435.549999999568,475.549999999568,9.602953333514,5894.203927808594
1435.599999999568,475.599999999568,9.602984777592,5894.684076261371
1435.649999999568,475.649999999568,9.603016221669,5895.164226286354
1435.699999999567,475.699999999567,9.603047665747,5895.644377883528
1435.749999999567,475.749999999567,9.603079109825,5896.124531052919
1435.799999999567,475.799999999567,9.603110553902,5896.604685794512
1435.849999999567,475.849999999567,9.603141997980,5897.084842108308
1435.899999999567,475.899999999567,9.603173442057,5897.564999994309
1435.949999999567,475.949999999567,9.603204886135,5898.045159452513
1435.999999999567,475.999999999567,9.603236330212,5898.525320482923
1436.044444444444,476.044444444444,9.603264280504,5898.952131611759
1436.049999999567,476.049999999567,9.603267789054,5899.005483085576
1436.099999999567,476.099999999567,9.603299366006,5899.485647264452
1436.149999999567,476.149999999567,9.603330942958,5899.965813022176
1436.199999999567,476.199999999567,9.603362519910,5900.445980358747
1436.249999999567,476.249999999567,9.603394096862,5900.926149274168
1436.299999999567,476.299999999567,9.603425673814,5901.406319768435
1436.349999999567,476.349999999567,9.603457250766,5901.886491841548
1436.399999999567,476.399999999567,9.603488827718,5902.366665493510
1436.449999999567,476.449999999567,9.603520404670,5902.846840724320
1436.499999999567,476.499999999567,9.603551981622,5903.327017533979
1436.549999999566,476.549999999566,9.603583558574,5903.807195922472
1436.599999999566,476.599999999566,9.603615135526,5904.287375889826
1436.649999999566,476.649999999566,9.603646712478,5904.767557436026
1436.699999999566,476.699999999566,9.603678289430,5905.247740561073
1436.749999999566,476.749999999566,9.603709866382,5905.727925264968
1436.799999999566,476.799999999566,9.603741443334,5906.208111547710
1436.849999999566,476.849999999566,9.603773020286,5906.688299409303
1436.899999999566,476.899999999566,9.603804597238,5907.168488849740
1436.949999999566,476.949999999566,9.603836174190,5907.648679869026
1436.999999999566,476.999999999566,9.603867751142,5908.128872467159
1437.044444444444,477.044444444444,9.603895819544,5908.555711661783
1437.049999999566,477.049999999566,9.603899342639,5908.609066644180
1437.099999999566,477.099999999566,9.603931050496,5909.089262404010
1437.149999999566,477.149999999566,9.603962758354,5909.569459749230
1437.199999999566,477.199999999566,9.603994466211,5910.049658679844
1437.249999999566,477.249999999566,9.604026174069,5910.529859195850
1437.299999999566,477.299999999566,9.604057881926,5911.010061297249
1437.349999999566,477.349999999566,9.604089589784,5911.490264984043
1437.399999999566,477.399999999566,9.604121297641,5911.970470256229
1437.449999999566,477.449999999566,9.604153005498,5912.450677113807
1437.499999999566,477.499999999566,9.604184713356,5912.930885556778
1437.549999999566,477.549999999566,9.604216421213,5913.411095585142
1437.599999999566,477.599999999566,9.604248129071,5913.891307198901
1437.649999999566,477.649999999566,9.604279836928,5914.371520398050
1437.699999999566,477.699999999566,9.604311544786,5914.851735182592
1437.749999999566,477.749999999566,9.604343252643,5915.331951552527
1437.799999999566,477.799999999566,9.604374960500,5915.812169507855
1437.849999999566,477.849999999566,9.604406668358,5916.292389048578
1437.899999999565,477.899999999565,9.604438376215,5916.772610174681
1437.949999999565,477.949999999565,9.604470084073,5917.252832886190
1437.999999999565,477.999999999565,9.604501791930,5917.733057183090
1438.044444444444,478.044444444444,9.604529976693,5918.159924559899
1438.049999999565,478.049999999565,9.604533514116,5918.213283065422
1438.099999999565,478.099999999565,9.604565350934,5918.693510537048
1438.149999999565,478.149999999565,9.604597187752,5919.173739600515
1438.199999999565,478.199999999565,9.604629024569,5919.653970255825
1438.249999999565,478.249999999565,9.604660861387,5920.134202502973
1438.299999999565,478.299999999565,9.604692698205,5920.614436341963
1438.349999999565,478.349999999565,9.604724535022,5921.094671772793
1438.399999999565,478.399999999565,9.604756371840,5921.574908795464
1438.449999999565,478.449999999565,9.604788208658,5922.055147409978
1438.499999999565,478.499999999565,9.604820045475,5922.535387616331
1438.549999999565,478.549999999565,9.604851882293,5923.015629414524
1438.599999999565,478.599999999565,9.604883719110,5923.495872804559
1438.649999999565,478.649999999565,9.604915555928,5923.976117786435
1438.699999999564,478.699999999564,9.604947392746,5924.456364360142
1438.749999999564,478.749999999564,9.604979229563,5924.936612525699
1438.799999999564,478.799999999564,9.605011066381,5925.416862283099
1438.849999999564,478.849999999564,9.605042903199,5925.897113632338
1438.899999999564,478.899999999564,9.605074740016,5926.377366573418
1438.949999999564,478.949999999564,9.605106576834,5926.857621106339
1438.999999999564,478.999999999564,9.605138413652,5927.337877231101
1439.044444444444,479.044444444444,9.605166713045,5927.764772904768
1439.049999999564,479.049999999564,9.605170265554,5927.818134947747
1439.099999999564,479.099999999564,9.605202238132,5928.298394260339
1439.149999999564,479.149999999564,9.605234210710,5928.778655171559
1439.199999999564,479.199999999564,9.605266183289,5929.258917681408
1439.249999999564,479.249999999564,9.605298155867,5929.739181789887
1439.299999999564,479.299999999564,9.605330128446,5930.219447496997
1439.349999999564,479.349999999564,9.605362101024,5930.699714802733
1439.399999999564,479.399999999564,9.605394073602,5931.179983707098
1439.449999999564,479.449999999564,9.605426046181,5931.660254210093
1439.499999999564,479.499999999564,9.605458018759,5932.140526311716
1439.500000000000,479.500000000000,9.605458018759,5932.140526315905
