$MeshFormat
2.2 0 8
$EndMeshFormat
$PhysicalNames
12
1 1 "atmosphere"
1 2 "drywell_varihead"
1 3 "axis"
1 4 "bottom"
1 5 "outer"
2 101 "sand1"
2 102 "loamy_sand"
2 103 "sand2"
2 104 "loam"
2 105 "sandy_loam"
2 106 "sand3"
1 6 "upper_well_noflow"
$EndPhysicalNames
$Nodes
6705
1 0.61 30 0
2 0.61 27 0
3 0.61 22 0
4 20 22 0
5 20 30 0
6 0.61 18.5 0
7 20 18.5 0
8 0.61 14 0
9 0 14 0
10 0 12.5 0
11 20 12.5 0
12 0 8.5 0
13 20 8.5 0
14 0 4 0
15 20 4 0
16 0 0 0
17 20 0 0
18 18.204161762 30 0
19 16.5507919107 30 0
20 15.0285881506 30 0
21 13.6271446942 30 0
22 12.3368813702 30 0
23 11.148977744 30 0
24 10.0553136036 30 0
25 9.04841253785 30 0
26 8.12139153274 30 0
27 7.26791351383 30 0
28 6.48214412181 30 0
29 5.75871166636 30 0
30 5.09267112391 30 0
31 4.47946920366 30 0
32 3.91491416004 30 0
33 3.39514669842 30 0
34 2.95585425539 30 0
35 2.72261142423 30 0
36 2.50787235154 30 0
37 2.31016910391 30 0
38 2.12815013656 30 0
39 1.9605711969 30 0
40 1.80628672155 30 0
41 1.66424200074 30 0
42 1.53346607294 30 0
43 1.41306491973 30 0
44 1.30221550638 30 0
45 1.200160062 30 0
46 1.10620093371 30 0
47 1.01969582038 30 0
48 0.940053383782 30 0
49 0.869123839178 30 0
50 0.813114284547 30 0
51 0.76358571341 30 0
52 0.714057142273 30 0
53 0.664528571137 30 0
54 0.61 29.95 0
55 0.61 29.9 0
56 0.61 29.85 0
57 0.61 29.8 0
58 0.61 29.75 0
59 0.61 29.7 0
60 0.61 29.65 0
61 0.61 29.6 0
62 0.61 29.55 0
63 0.61 29.5 0
64 0.61 29.45 0
65 0.61 29.4 0
66 0.61 29.35 0
67 0.61 29.3 0
68 0.61 29.25 0
69 0.61 29.2 0
70 0.61 29.15 0
71 0.61 29.1 0
72 0.61 29.05 0
73 0.61 29 0
74 0.61 28.95 0
75 0.61 28.9 0
76 0.61 28.85 0
77 0.61 28.8 0
78 0.61 28.75 0
79 0.61 28.7 0
80 0.61 28.65 0
81 0.61 28.6 0
82 0.61 28.55 0
83 0.61 28.5 0
84 0.61 28.45 0
85 0.61 28.4 0
86 0.61 28.35 0
87 0.61 28.3 0
88 0.61 28.25 0
89 0.61 28.2 0
90 0.61 28.15 0
91 0.61 28.1 0
92 0.61 28.05 0
93 0.61 28 0
94 0.61 27.95 0
95 0.61 27.9 0
96 0.61 27.85 0
97 0.61 27.8 0
98 0.61 27.75 0
99 0.61 27.7 0
100 0.61 27.65 0
101 0.61 27.6 0
102 0.61 27.55 0
103 0.61 27.5 0
104 0.61 27.45 0
105 0.61 27.4 0
106 0.61 27.35 0
107 0.61 27.3 0
108 0.61 27.25 0
109 0.61 27.2 0
110 0.61 27.15 0
111 0.61 27.1 0
112 0.61 27.05 0
113 0.61 26.95 0
114 0.61 26.9 0
115 0.61 26.85 0
116 0.61 26.8 0
117 0.61 26.75 0
118 0.61 26.7 0
119 0.61 26.65 0
120 0.61 26.6 0
121 0.61 26.55 0
122 0.61 26.5 0
123 0.61 26.45 0
124 0.61 26.4 0
125 0.61 26.35 0
126 0.61 26.3 0
127 0.61 26.25 0
128 0.61 26.2 0
129 0.61 26.15 0
130 0.61 26.1 0
131 0.61 26.05 0
132 0.61 26 0
133 0.61 25.95 0
134 0.61 25.9 0
135 0.61 25.85 0
136 0.61 25.8 0
137 0.61 25.75 0
138 0.61 25.7 0
139 0.61 25.65 0
140 0.61 25.6 0
141 0.61 25.5500000001 0
142 0.61 25.5000000001 0
143 0.61 25.4500000001 0
144 0.61 25.4000000001 0
145 0.61 25.3500000001 0
146 0.61 25.3000000001 0
147 0.61 25.2500000001 0
148 0.61 25.2000000001 0
149 0.61 25.1500000001 0
150 0.61 25.1000000001 0
151 0.61 25.0500000001 0
152 0.61 25.0000000001 0
153 0.61 24.9500000001 0
154 0.61 24.9000000001 0
155 0.61 24.8500000001 0
156 0.61 24.8000000001 0
157 0.61 24.7500000001 0
158 0.61 24.7000000001 0
159 0.61 24.6500000001 0
160 0.61 24.6000000001 0
161 0.61 24.5500000001 0
162 0.61 24.5000000001 0
163 0.61 24.4500000001 0
164 0.61 24.4000000001 0
165 0.61 24.3500000001 0
166 0.61 24.3000000001 0
167 0.61 24.2500000001 0
168 0.61 24.2000000001 0
169 0.61 24.1500000001 0
170 0.61 24.1000000001 0
171 0.61 24.0500000001 0
172 0.61 24.0000000001 0
173 0.61 23.9500000001 0
174 0.61 23.9000000001 0
175 0.61 23.8500000001 0
176 0.61 23.8000000001 0
177 0.61 23.7500000001 0
178 0.61 23.7000000001 0
179 0.61 23.6500000001 0
180 0.61 23.6000000001 0
181 0.61 23.5500000001 0
182 0.61 23.5000000001 0
183 0.61 23.4500000001 0
184 0.61 23.4 0
185 0.61 23.35 0
186 0.61 23.3 0
187 0.61 23.25 0
188 0.61 23.2 0
189 0.61 23.15 0
190 0.61 23.1 0
191 0.61 23.05 0
192 0.61 23 0
193 0.61 22.95 0
194 0.61 22.9 0
195 0.61 22.85 0
196 0.61 22.8 0
197 0.61 22.75 0
198 0.61 22.7 0
199 0.61 22.65 0
200 0.61 22.6 0
201 0.61 22.55 0
202 0.61 22.5 0
203 0.61 22.45 0
204 0.61 22.4 0
205 0.61 22.35 0
206 0.61 22.3 0
207 0.61 22.25 0
208 0.61 22.2 0
209 0.61 22.15 0
210 0.61 22.1 0
211 0.61 22.05 0
212 0.61 21.95 0
213 0.61 21.9 0
214 0.61 21.85 0
215 0.61 21.8 0
216 0.61 21.75 0
217 0.61 21.7 0
218 0.61 21.65 0
219 0.61 21.6 0
220 0.61 21.55 0
221 0.61 21.5 0
222 0.61 21.45 0
223 0.61 21.4 0
224 0.61 21.35 0
225 0.61 21.3 0
226 0.61 21.25 0
227 0.61 21.2 0
228 0.61 21.15 0
229 0.61 21.1 0
230 0.61 21.05 0
231 0.61 21 0
232 0.61 20.95 0
233 0.61 20.9 0
234 0.61 20.85 0
235 0.61 20.8 0
236 0.61 20.75 0
237 0.61 20.7 0
238 0.61 20.65 0
239 0.61 20.6 0
240 0.61 20.55 0
241 0.61 20.5 0
242 0.61 20.45 0
243 0.61 20.4 0
244 0.61 20.35 0
245 0.61 20.3 0
246 0.61 20.25 0
247 0.61 20.2 0
248 0.61 20.15 0
249 0.61 20.1 0
250 0.61 20.05 0
251 0.61 20 0
252 0.61 19.95 0
253 0.61 19.9 0
254 0.61 19.85 0
255 0.61 19.8 0
256 0.61 19.75 0
257 0.61 19.7 0
258 0.61 19.65 0
259 0.61 19.6 0
260 0.61 19.55 0
261 0.61 19.5 0
262 0.61 19.45 0
263 0.61 19.4 0
264 0.61 19.35 0
265 0.61 19.3 0
266 0.61 19.25 0
267 0.61 19.2 0
268 0.61 19.15 0
269 0.61 19.1 0
270 0.61 19.05 0
271 0.61 19 0
272 0.61 18.95 0
273 0.61 18.9 0
274 0.61 18.85 0
275 0.61 18.8 0
276 0.61 18.75 0
277 0.61 18.7 0
278 0.61 18.65 0
279 0.61 18.6 0
280 0.61 18.55 0
281 0.61 18.45 0
282 0.61 18.4 0
283 0.61 18.35 0
284 0.61 18.3 0
285 0.61 18.25 0
286 0.61 18.2 0
287 0.61 18.15 0
288 0.61 18.1 0
289 0.61 18.05 0
290 0.61 18 0
291 0.61 17.95 0
292 0.61 17.9 0
293 0.61 17.85 0
294 0.61 17.8 0
295 0.61 17.75 0
296 0.61 17.7 0
297 0.61 17.65 0
298 0.61 17.6 0
299 0.61 17.55 0
300 0.61 17.5 0
301 0.61 17.45 0
302 0.61 17.4 0
303 0.61 17.35 0
304 0.61 17.3 0
305 0.61 17.25 0
306 0.61 17.2 0
307 0.61 17.15 0
308 0.61 17.1 0
309 0.61 17.05 0
310 0.61 17 0
311 0.61 16.95 0
312 0.61 16.9 0
313 0.61 16.85 0
314 0.61 16.8 0
315 0.61 16.75 0
316 0.61 16.7 0
317 0.61 16.65 0
318 0.61 16.6 0
319 0.61 16.55 0
320 0.61 16.5 0
321 0.61 16.45 0
322 0.61 16.4 0
323 0.61 16.35 0
324 0.61 16.3 0
325 0.61 16.25 0
326 0.61 16.2 0
327 0.61 16.15 0
328 0.61 16.1 0
329 0.61 16.05 0
330 0.61 16 0
331 0.61 15.95 0
332 0.61 15.9 0
333 0.61 15.85 0
334 0.61 15.8 0
335 0.61 15.75 0
336 0.61 15.7 0
337 0.61 15.65 0
338 0.61 15.6 0
339 0.61 15.55 0
340 0.61 15.5 0
341 0.61 15.45 0
342 0.61 15.4 0
343 0.61 15.35 0
344 0.61 15.3 0
345 0.61 15.25 0
346 0.61 15.2 0
347 0.61 15.15 0
348 0.61 15.1 0
349 0.61 15.05 0
350 0.61 15 0
351 0.61 14.95 0
352 0.61 14.9 0
353 0.61 14.85 0
354 0.61 14.8 0
355 0.61 14.75 0
356 0.61 14.7 0
357 0.61 14.65 0
358 0.61 14.6 0
359 0.61 14.55 0
360 0.61 14.5 0
361 0.61 14.45 0
362 0.61 14.4 0
363 0.61 14.35 0
364 0.61 14.3 0
365 0.61 14.25 0
366 0.61 14.2 0
367 0.61 14.15 0
368 0.61 14.1 0
369 0.61 14.05 0
370 0.542222222222 14 0
371 0.474444444445 14 0
372 0.406666666667 14 0
373 0.33888888889 14 0
374 0.271111111112 14 0
375 0.203333333334 14 0
376 0.135555555556 14 0
377 0.067777777778 14 0
378 0 13.9506738105 0
379 0 13.9013476209 0
380 0 13.8520214314 0
381 0 13.8026952418 0
382 0 13.7474797326 0
383 0 13.6768440018 0
384 0 13.5916012304 0
385 0 13.4974161113 0
386 0 13.3934656459 0
387 0 13.2787373212 0
388 0 13.1521136749 0
389 0 13.0123613665 0
390 0 12.8581191699 0
391 0 12.6878847229 0
392 0 12.3 0
393 0 12.1 0
394 0 11.9 0
395 0 11.7 0
396 0 11.5 0
397 0 11.3 0
398 0 11.1 0
399 0 10.9 0
400 0 10.7 0
401 0 10.5 0
402 0 10.3 0
403 0 10.1 0
404 0 9.9 0
405 0 9.7 0
406 0 9.5 0
407 0 9.3 0
408 0 9.1 0
409 0 8.9 0
410 0 8.7 0
411 0 8.30434782609 0
412 0 8.10869565217 0
413 0 7.91304347826 0
414 0 7.71739130435 0
415 0 7.52173913043 0
416 0 7.32608695652 0
417 0 7.13043478261 0
418 0 6.9347826087 0
419 0 6.73913043478 0
420 0 6.54347826087 0
421 0 6.34782608696 0
422 0 6.15217391304 0
423 0 5.95652173913 0
424 0 5.76086956522 0
425 0 5.5652173913 0
426 0 5.36956521739 0
427 0 5.17391304348 0
428 0 4.97826086957 0
429 0 4.78260869565 0
430 0 4.58695652174 0
431 0 4.39130434783 0
432 0 4.19565217391 0
433 0 3.8 0
434 0 3.6 0
435 0 3.4 0
436 0 3.2 0
437 0 3 0
438 0 2.8 0
439 0 2.6 0
440 0 2.40000000001 0
441 0 2.20000000001 0
442 0 2.00000000001 0
443 0 1.80000000001 0
444 0 1.60000000001 0
445 0 1.40000000001 0
446 0 1.2 0
447 0 1 0
448 0 0.800000000003 0
449 0 0.600000000002 0
450 0 0.400000000002 0
451 0 0.200000000001 0
452 0.19948484705 0 0
453 0.412234398426 0 0
454 0.639130780675 0 0
455 0.881114570334 0 0
456 1.13918903939 0 0
457 1.41442417355 0 0
458 1.7079609969 0 0
459 2.02101662997 0 0
460 2.35488883935 0 0
461 2.71096185378 0 0
462 3.17134470472 0 0
463 3.93634766115 0 0
464 4.75221937288 0 0
465 5.6223425042 0 0
466 6.55032447557 0 0
467 7.54001239705 0 0
468 8.59550946053 0 0
469 9.72119197296 0 0
470 10.9217265652 0 0
471 12.2020905335 0 0
472 13.5675924358 0 0
473 15.0238931706 0 0
474 16.5770306415 0 0
475 18.2334438047 0 0
476 20 0.999999999998 0
477 20 1.99999999999 0
478 20 3 0
479 20 4.9 0
480 20 5.8 0
481 20 6.7 0
482 20 7.6 0
483 20 9.5 0
484 20 10.5 0
485 20 11.5 0
486 20 13.5 0
487 20 14.5 0
488 20 15.5 0
489 20 16.5 0
490 20 17.5 0
491 20 19.375 0
492 20 20.25 0
493 20 21.125 0
494 20 23 0
495 20 24 0
496 20 25 0
497 20 26 0
498 20 27 0
499 20 28 0
500 20 29 0
501 0.657672139132 22 0
502 0.705470984918 22 0
503 0.753186726427 22 0
504 0.800868540643 22 0
505 0.854224062416 22 0
506 0.921856380575 22 0
507 0.997805240582 22 0
508 1.08006050628 22 0
509 1.16927745976 22 0
510 1.2660128608 22 0
511 1.3708142926 22 0
512 1.48432890315 22 0
513 1.60735028882 22 0
514 1.74083621094 22 0
515 1.88566637014 22 0
516 2.04261150429 22 0
517 2.21269906813 22 0
518 2.39711467529 22 0
519 2.59681351514 22 0
520 2.81313943099 22 0
521 3.09022463831 22 0
522 3.57077196888 22 0
523 4.09222149232 22 0
524 4.65853665099 22 0
525 5.27318201315 22 0
526 5.93932916647 22 0
527 6.66124738916 22 0
528 7.44400575527 22 0
529 8.29245756727 22 0
530 9.21250439181 22 0
531 10.2104798653 22 0
532 11.2924862637 22 0
533 12.4659920919 22 0
534 13.7390494213 22 0
535 15.1196891744 22 0
536 16.6171100644 22 0
537 18.241367031 22 0
538 0.657642322622 18.5 0
539 0.70546586375 18.5 0
540 0.753294757923 18.5 0
541 0.801043219774 18.5 0
542 0.854441580115 18.5 0
543 0.922237302659 18.5 0
544 0.998499505187 18.5 0
545 1.08110271393 18.5 0
546 1.17041958357 18.5 0
547 1.26689807851 18.5 0
548 1.3716901562 18.5 0
549 1.48531822638 18.5 0
550 1.60846139977 18.5 0
551 1.74175647786 18.5 0
552 1.88621537808 18.5 0
553 2.04302745703 18.5 0
554 2.21314619082 18.5 0
555 2.39762572819 18.5 0
556 2.59757946699 18.5 0
557 2.81421075239 18.5 0
558 3.09268753247 18.5 0
559 3.57376559705 18.5 0
560 4.09560056294 18.5 0
561 4.66169748938 18.5 0
562 5.27548915017 18.5 0
563 5.94115619685 18.5 0
564 6.66292512107 18.5 0
565 7.44401619025 18.5 0
566 8.29263975618 18.5 0
567 9.21337754945 18.5 0
568 10.2117627548 18.5 0
569 11.2946694786 18.5 0
570 12.4689430889 18.5 0
571 13.7418196244 18.5 0
572 15.1213741151 18.5 0
573 16.6176853601 18.5 0
574 18.2415008527 18.5 0
575 0.208598566464 12.5 0
576 0.429433732256 12.5 0
577 0.664099162483 12.5 0
578 0.913134844389 12.5 0
579 1.17722726294 12.5 0
580 1.45649959369 12.5 0
581 1.75305066409 12.5 0
582 2.06841839976 12.5 0
583 2.40287392004 12.5 0
584 2.76168058726 12.5 0
585 3.26560644847 12.5 0
586 4.02901527563 12.5 0
587 4.84215095175 12.5 0
588 5.70862824686 12.5 0
589 6.63227927348 12.5 0
590 7.61768517851 12.5 0
591 8.66556032945 12.5 0
592 9.78440650225 12.5 0
593 10.9776140418 12.5 0
594 12.250701854 12.5 0
595 13.6082632446 12.5 0
596 15.0554281095 12.5 0
597 16.5987630573 12.5 0
598 18.2453105727 12.5 0
599 0.200659184273 8.5 0
600 0.414500231484 8.5 0
601 0.642588485125 8.5 0
602 0.885767796515 8.5 0
603 1.14497253563 8.5 0
604 1.42137472159 8.5 0
605 1.71622500829 8.5 0
606 2.03057982039 8.5 0
607 2.365583056 8.5 0
608 2.72265291214 8.5 0
609 3.19523136024 8.5 0
610 3.96259835465 8.5 0
611 4.7796085714 8.5 0
612 5.65038616561 8.5 0
613 6.57873895381 8.5 0
614 7.56837685497 8.5 0
615 8.62296059319 8.5 0
616 9.7471441511 8.5 0
617 10.9455610409 8.5 0
618 12.2230962038 8.5 0
619 13.5853257229 8.5 0
620 15.0380092459 8.5 0
621 16.5869563414 8.5 0
622 18.2388743249 8.5 0
623 0.199749061785 4 0
624 0.412727806341 4 0
625 0.639884915761 4 0
626 0.882161691176 4 0
627 1.14053549253 4 0
628 1.41606095032 4 0
629 1.70988026513 4 0
630 2.02322082161 4 0
631 2.35739074476 4 0
632 2.71377397697 4 0
633 3.17725680045 4 0
634 3.94282683566 4 0
635 4.75909705918 4 0
636 5.6295156617 4 0
637 6.55777541403 4 0
638 7.54764025047 4 0
639 8.60307145136 4 0
640 9.72843374302 4 0
641 10.9285435396 4 0
642 12.2083672638 4 0
643 13.5730998049 4 0
644 15.0283555677 4 0
645 16.5802157872 4 0
646 18.2351910301 4 0
647 0.648348817986 25.8764951757 0
648 0.653268182391 25.3758926529 0
649 0.659490588053 24.9248388767 0
650 0.653796836087 24.4795182102 0
651 0.651642205253 24.0796579956 0
652 0.646115110158 26.2748744377 0
653 0.644405976081 23.7324838117 0
654 0.674965855159 27.0269783897 0
655 0.659689871486 27.4222137459 0
656 0.657757750222 27.8218403452 0
657 0.654180148552 28.1734215146 0
658 0.655250969049 28.5205410375 0
659 0.651710573206 23.4232132871 0
660 0.651588097268 23.1184109016 0
661 0.654084996949 28.8322477166 0
662 5.49237744728 22.3185343366 0
663 5.43350353399 29.7063575038 0
664 0.651322302395 22.8786673584 0
665 0.651241407259 29.0673133289 0
666 0.648058106165 25.6223900594 0
667 0.642495153199 26.5269174717 0
668 3.34337702907 22.2311333955 0
669 3.15682169492 29.7656670576 0
670 2.29845276617 22.1614802783 0
671 2.22494701872 29.8782976519 0
672 1.67511783749 22.1085158684 0
673 0.656024489678 29.3153148434 0
674 0.646468532616 26.0750638272 0
675 0.648412170693 24.2830584932 0
676 0.657392431938 22.669937537 0
677 0.664515981173 27.2261047365 0
678 0.657848001881 27.6245855261 0
679 0.649666770357 25.1267508027 0
680 0.649315881249 24.7278170242 0
681 1.59651953294 29.8985625123 0
682 8.55590544586 29.5871850479 0
683 8.76176081456 22.4805052674 0
684 0.651219247702 22.4732225039 0
685 0.657700224314 29.5193912484 0
686 1.21927293973 22.0735107798 0
687 1.23769055498 29.9222821231 0
688 0.638591838074 26.7255993015 0
689 11.7501972108 29.4762796938 0
690 11.8648776268 22.5033571431 0
691 0.651307004539 23.871683585 0
692 0.653375775114 23.2732325979 0
693 0.653518528095 22.3213265819 0
694 0.651538677124 23.5714506691 0
695 0.662949095144 28.3288747113 0
696 0.664702515258 29.6825323885 0
697 0.656142740353 27.9746109732 0
698 0.656127229826 28.67858097 0
699 0.982398483714 29.9310048104 0
700 0.95450219592 22.0749021928 0
701 18.379756105 26.5479788628 0
702 0.657066292987 22.1768130812 0
703 0.661068923558 29.8230937846 0
704 0.644454038689 26.9647738749 0
705 0.837502636657 29.9533479598 0
706 6.87749224691 29.6723744292 0
707 14.2156157349 29.3560880741 0
708 4.15567021351 29.7500531568 0
709 2.60182337871 29.8347955849 0
710 1.88578601111 29.8669691964 0
711 0.828962731633 22.042246484 0
712 6.98523086319 22.3407294681 0
713 14.4591214719 22.5613349539 0
714 4.46605344245 22.2379729741 0
715 2.70802743217 22.1940881515 0
716 1.95785811603 22.1272862197 0
717 1.43471007509 22.1009518561 0
718 0.639792824229 26.6267439848 0
719 0.633907664446 26.8252599001 0
720 0.666404399651 27.1272264592 0
721 0.657364987843 27.3235215337 0
722 0.64458924016 26.42674596 0
723 0.654037449869 22.7782232006 0
724 0.646198519569 22.9778877579 0
725 0.648159527042 24.3664219075 0
726 0.653309048866 24.1745630752 0
727 0.65072508378 22.5739355332 0
728 0.649998903933 23.973014576 0
729 0.648965060964 24.5797374618 0
730 0.659093416775 27.7289396443 0
731 0.661045295326 29.2276573196 0
732 0.653858844444 28.9173747795 0
733 0.662438224124 27.5235895824 0
734 0.659433818638 28.4270600716 0
735 0.656866632975 28.0747627003 0
736 0.659564575267 29.4247323839 0
737 0.647560626231 25.0284342127 0
738 0.647579387141 25.7263689725 0
739 0.657391550441 25.4748765513 0
740 0.641360234252 25.9747290118 0
741 0.649764231622 25.2721830747 0
742 0.64863110929 24.8250000001 0
743 0.648651924716 26.1734596421 0
744 18.5089337472 24.4782456005 0
745 0.727198839347 22.0494934469 0
746 0.742487763238 29.9521415594 0
747 0.693496535865 26.9787061882 0
748 0.73425786665 27.0034751639 0
749 18.4227784517 28.579717036 0
750 0.624548162497 26.9269936782 0
751 17.3941660181 22.6669489839 0
752 0.65537541254 29.9279781962 0
753 0.64767578674 22.0735957393 0
754 18.4229315063 27.5145576711 0
755 16.8941477562 27.0253427913 0
756 16.813604147 26.1879186737 0
757 15.5512172472 26.5726130428 0
758 15.4733464948 25.825692531 0
759 14.3180377465 26.18877643 0
760 14.2580291769 25.4670838679 0
761 13.1221345556 25.8801828182 0
762 13.2069085213 26.620818219 0
763 12.009779144 26.2209123915 0
764 11.9729322053 25.6030771938 0
765 10.9975399909 25.9506134952 0
766 11.0021954009 26.5327679246 0
767 10.0517641646 26.2631070714 0
768 10.0276751158 25.7057778241 0
769 9.12916547909 26.0066953056 0
770 9.11497775056 25.4712156123 0
771 8.29332095589 25.7548059869 0
772 8.16636711438 26.2935402524 0
773 7.5192405518 25.9625836329 0
774 7.54617678811 25.5301453633 0
775 6.87694606449 25.7605541837 0
776 6.85239011215 26.1357157153 0
777 6.24268384271 25.9812081804 0
778 6.25278798709 25.6362153472 0
779 5.65082500044 25.8231180425 0
780 5.65161560875 26.1648345193 0
781 5.08423913457 26.0110128579 0
782 5.05915452543 25.6908062711 0
783 4.54663909123 25.8675836157 0
784 4.56018260123 26.1669170394 0
785 4.06018502067 26.0218194508 0
786 4.03069615607 25.7429533312 0
787 4.0705980078 26.3033918015 0
788 3.6069599692 26.1715062835 0
789 3.6141310951 26.4375626734 0
790 3.18654687456 26.3230738475 0
791 3.17524661202 26.5748063207 0
792 2.88185871449 26.4627632822 0
793 2.85177714871 26.7192840865 0
794 3.17579482615 26.821976836 0
795 2.90012913031 26.9582482938 0
796 2.67613050437 26.5792387843 0
797 2.69015566883 26.3613347813 0
798 2.50166435549 26.4703209928 0
799 2.50586232938 26.274614796 0
800 2.34052941479 26.3780377903 0
801 2.33361857195 26.194935829 0
802 2.19037264077 26.2962159977 0
803 2.15139108066 26.124661691 0
804 2.18618787043 26.4682640728 0
805 2.04791393458 26.3940719306 0
806 2.04210126886 26.5465482428 0
807 3.19639138729 27.0638178334 0
808 2.89249165611 27.1796720124 0
809 1.9143906154 26.472780225 0
810 1.90527909528 26.6201976738 0
811 1.78857764102 26.5500010436 0
812 1.78507146599 26.4104209558 0
813 1.78660776848 26.6892596838 0
814 3.17689652812 27.2974523939 0
815 2.87610045494 27.4087040781 0
816 1.65812460068 26.4936334893 0
817 1.66090371862 26.3521302344 0
818 1.54718258373 26.4139178244 0
819 1.54809356017 26.2916493876 0
820 3.14846775557 27.5239786398 0
821 2.8736807704 27.6446936197 0
822 1.44627769966 26.3585905797 0
823 1.43393616299 26.232198451 0
824 1.44162347697 26.4713088602 0
825 1.34670326695 26.4234903453 0
826 1.34431340871 26.5307458669 0
827 3.20060462551 27.7848385923 0
828 2.85735801879 27.8828406776 0
829 2.66118068782 27.7571105639 0
830 2.65083895605 27.9753384383 0
831 2.47002220238 27.8628599208 0
832 2.46602173578 28.0668432058 0
833 2.2994760431 27.9745342256 0
834 2.29654319459 28.1552315491 0
835 2.1429018641 28.0686266203 0
836 2.13924742209 28.2356705282 0
837 1.99694479995 28.1519113542 0
838 1.99121882358 28.3089756411 0
839 1.85610477727 28.2253479578 0
840 1.84895353881 28.3773306351 0
841 1.85901878078 28.077154379 0
842 3.49761625784 27.6203656608 0
843 1.72337113744 28.1480315678 0
844 1.72939456588 28.0076862955 0
845 1.98041773267 28.4645341262 0
846 1.84230235205 28.5325751665 0
847 1.60791815002 28.0687494779 0
848 1.61443412203 27.9433693904 0
849 2.44983406246 28.2570803941 0
850 2.32094441314 26.0084614218 0
851 2.14330013782 25.9115464662 0
852 2.3251251173 25.8220583897 0
853 2.1842463489 25.7354007985 0
854 2.32790662725 25.6455644982 0
855 2.17814486043 25.5812129843 0
856 2.30890759393 25.475243031 0
857 2.12659496318 25.4154026932 0
858 2.29482774077 25.3002089542 0
859 2.1307574115 25.2196134012 0
860 2.29026284448 25.1255367539 0
861 2.13107986284 25.0399788542 0
862 2.28730330063 24.9480359216 0
863 2.12710247249 24.8663012566 0
864 2.27651346145 24.7773508872 0
865 2.11661187213 24.6952722605 0
866 2.26598132276 24.6052124067 0
867 2.11046139716 24.5188194254 0
868 2.25815335836 24.4296250727 0
869 2.10837847805 24.34616372 0
870 2.24877611418 24.2551566866 0
871 2.09926250465 24.1785140387 0
872 2.40325676479 24.335430862 0
873 1.95979003058 25.3116396434 0
874 1.97337524484 24.7925191511 0
875 1.96496283462 24.2661465208 0
876 1.95234759647 24.1039222641 0
877 2.08650478089 24.014134468 0
878 1.94178241245 23.9423525724 0
879 2.0729350984 23.8529338347 0
880 1.93192954847 23.7859542794 0
881 1.8271443901 24.1952977577 0
882 2.0555970663 23.693966331 0
883 1.9134506028 23.6362099651 0
884 1.79889083511 23.7225670157 0
885 1.77811338936 23.5815686052 0
886 1.672908949 23.6634794058 0
887 1.65039201206 23.5239719536 0
888 1.75958722262 23.4414992796 0
889 1.63900676719 23.3841648588 0
890 2.44095232913 24.859202552 0
891 1.54444557549 23.6066124156 0
892 1.74089986498 23.3077499007 0
893 1.62212854485 23.2535935932 0
894 1.50124705654 28.0070235984 0
895 1.50236221115 27.884467228 0
896 1.4907772467 28.1245046714 0
897 1.61550762417 27.8171114873 0
898 1.50507690011 27.7594832318 0
899 1.61490333955 27.692296198 0
900 1.50956567937 27.632166761 0
901 1.893331982 26.7635027293 0
902 1.96765710625 28.6152162032 0
903 1.8330868762 28.6820313301 0
904 1.24407658504 26.488777033 0
905 0.750255353279 26.9535912133 0
906 0.787630813354 26.9793945783 0
907 0.801676201835 26.9281325578 0
908 0.83826716108 26.9553279618 0
909 0.850551186762 26.9017048091 0
910 0.887783660094 26.9294022341 0
911 0.881227027277 26.982590317 0
912 0.936614006692 26.9536366956 0
913 0.928141780795 27.0144944958 0
914 0.993321500479 26.9810241456 0
915 0.981398367278 27.05163907 0
916 1.05547404319 27.0147690976 0
917 1.04585675465 27.0908760475 0
918 1.12152533965 27.0500532878 0
919 1.72185276961 23.1771730322 0
920 1.60588987587 23.1277612502 0
921 1.50457230819 23.2015245516 0
922 1.49208910491 23.0826230282 0
923 1.39457286593 23.1471308222 0
924 1.38554933907 23.0378821545 0
925 1.40208281375 27.9513990227 0
926 1.29655436243 23.0977797809 0
927 1.28467708951 22.9966090063 0
928 1.37124996024 22.9312122594 0
929 1.27189197365 22.8919614472 0
930 3.0568610808 28.0326787533 0
931 2.20347923516 23.7595012344 0
932 2.18387333966 23.5935060351 0
933 2.34087819876 23.6645009201 0
934 2.32443652325 23.4868697051 0
935 2.48995673991 23.5667634094 0
936 1.95410143194 28.7615825165 0
937 1.82032848933 28.8255509534 0
938 1.70391391643 28.7501937217 0
939 1.69323225536 28.8851659432 0
940 1.58307600658 28.8170591852 0
941 1.5735373996 28.9418766109 0
942 1.46940067235 28.8796031096 0
943 1.4622668944 28.9952320088 0
944 1.36189414724 28.9338584985 0
945 1.35381423166 29.0467753182 0
946 1.37053970336 28.822400882 0
947 1.35517246226 22.8272225015 0
948 1.25998575252 22.7900054241 0
949 0.900275923273 26.8746931124 0
950 1.11384884031 27.1281165766 0
951 1.19176028933 27.0863247825 0
952 1.45324714789 29.1092291133 0
953 1.35007598807 29.1583874142 0
954 1.26948053305 28.87324737 0
955 1.27593951578 28.7709493801 0
956 0.860551531508 26.8465012277 0
957 1.2063617304 23.0609326542 0
958 1.2151360053 23.1551643014 0
959 1.70748762959 23.0449729029 0
960 1.80144842248 28.9638140531 0
961 1.61386695161 27.570287076 0
962 0.911243645414 26.8167585462 0
963 0.866813348651 26.7869105121 0
964 1.185201877 28.8154840969 0
965 1.18894061506 28.7213154627 0
966 2.47124201232 23.3739611242 0
967 2.64940035333 23.4602278682 0
968 1.13410090996 23.121592834 0
969 1.14161625154 23.2128386865 0
970 1.03840269342 27.1689125097 0
971 1.10674716875 27.2082386585 0
972 1.03092933706 27.246765175 0
973 1.06390771795 26.9410484179 0
974 1.5443427227 26.1684387584 0
975 1.44754192173 26.112003579 0
976 1.54233428117 26.0470337231 0
977 1.44104195204 25.9994425704 0
978 1.34641910117 26.0682905307 0
979 1.34506282365 25.9533484788 0
980 1.25727962657 26.0105784339 0
981 1.25322775052 25.9100785611 0
982 1.3387977681 25.8464958495 0
983 1.24777458574 25.8085529025 0
984 1.33105152783 25.7435021495 0
985 1.24343712208 25.7045158905 0
986 1.32450141892 25.6390744736 0
987 1.2355658288 25.6031737693 0
988 1.31275818361 25.5366742154 0
989 1.21203521522 25.4931577579 0
990 1.30430543113 25.4360023544 0
991 1.22176107806 25.3896118872 0
992 1.30540895467 25.3388814727 0
993 1.21780111325 25.2963661257 0
994 1.30341366284 25.2413645848 0
995 1.20867921218 25.2012822857 0
996 1.28745151001 25.143964896 0
997 1.19517437392 25.1050253168 0
998 1.2701955111 25.0469482998 0
999 1.18444010875 25.0070470464 0
1000 1.2577488967 24.9473061592 0
1001 1.17476440927 24.9088095515 0
1002 1.24740603476 24.8512730135 0
1003 1.16714012898 24.8108120898 0
1004 1.24055217244 24.7559288139 0
1005 1.15976507354 24.7163435111 0
1006 1.23270416462 24.6602605072 0
1007 1.15319102271 24.6204307486 0
1008 1.22266562752 24.5663202704 0
1009 1.14422130509 24.5264555147 0
1010 1.21547240133 24.4731335696 0
1011 1.13417356861 24.4308217635 0
1012 1.21289535157 24.3768648203 0
1013 1.12640941533 24.3351111162 0
1014 1.20411365913 24.2806187097 0
1015 1.11981176077 24.2427799933 0
1016 1.17505398905 25.9707478071 0
1017 1.19104477813 24.1888725368 0
1018 1.10689744042 24.1559804938 0
1019 1.15983854277 25.6659921615 0
1020 1.30878037813 24.6036333813 0
1021 1.137585609 25.3486799677 0
1022 1.17721663195 24.0989614434 0
1023 1.0948378464 24.0673273975 0
1024 1.41503314438 25.6756633069 0
1025 1.33709610605 22.7252148638 0
1026 1.24317697133 22.693033935 0
1027 1.17044960674 22.7528372672 0
1028 1.15460700789 22.6631206597 0
1029 1.10994349799 25.0675509513 0
1030 1.44299114414 29.2210252013 0
1031 1.3417120773 29.266537112 0
1032 1.25334123739 29.2074956189 0
1033 1.24508787802 29.3086014099 0
1034 1.16215851779 29.2549006642 0
1035 1.15340383463 29.3506010847 0
1036 1.35965757961 25.0838906018 0
1037 0.918304516943 26.7556059009 0
1038 0.872681264956 26.7230052718 0
1039 1.10009831691 27.2882834308 0
1040 1.0229229932 27.3262389147 0
1041 1.08333347436 24.7687554402 0
1042 1.75065254673 26.8237780392 0
1043 1.88151472932 26.9070586091 0
1044 1.08588590075 22.7171771679 0
1045 1.07181855838 22.632720144 0
1046 1.10337427989 28.7647380989 0
1047 1.10677113781 28.6732978639 0
1048 1.16367556816 24.0109985276 0
1049 1.0854587181 23.9775672096 0
1050 1.06239700327 23.1791744902 0
1051 1.07279306376 23.2658653873 0
1052 1.18981090047 28.6288072491 0
1053 1.11113376736 28.5828213504 0
1054 1.22018837921 22.6027190057 0
1055 1.07696083803 24.5799838287 0
1056 1.24449622619 24.0397381545 0
1057 2.45695675395 25.3713484958 0
1058 1.23075126274 29.4052668143 0
1059 1.14430240073 29.444494376 0
1060 1.09412674243 27.3677519897 0
1061 1.02068746717 27.4069516799 0
1062 1.16634322724 27.3302999999 0
1063 0.925787530495 26.6904137507 0
1064 0.880789106283 26.654735295 0
1065 1.04317854451 24.3853226735 0
1066 1.06937930273 29.2993618043 0
1067 1.09980251672 28.854538157 0
1068 2.6267908435 23.2570519447 0
1069 2.81534988183 23.3440076405 0
1070 2.83350106637 23.5545190835 0
1071 3.01354639033 23.4343828771 0
1072 3.05548624596 23.6531049091 0
1073 3.40553657054 23.5250857115 0
1074 3.44837575384 23.7569924196 0
1075 3.82287506191 23.620427378 0
1076 3.86016750558 23.8727681916 0
1077 4.27700232071 23.7239430257 0
1078 4.30020276384 24.0141117348 0
1079 4.77201002556 23.8398776162 0
1080 3.8475502802 24.1278833973 0
1081 2.45379281941 27.6503102517 0
1082 1.08872268296 27.446905375 0
1083 1.01040509652 27.484400057 0
1084 1.08263894176 27.5273818116 0
1085 0.994200815097 27.570638537 0
1086 1.15767183075 23.9210626868 0
1087 1.07738982264 23.8878032735 0
1088 1.04061002523 24.2058577546 0
1089 1.17604400623 26.0608058874 0
1090 1.1009997257 26.0244110764 0
1091 1.10214842516 26.1098180672 0
1092 1.03393364711 26.0696902265 0
1093 1.02819328897 25.9901783056 0
1094 1.03523313709 26.1479443902 0
1095 0.935606280223 26.6227420224 0
1096 0.887106061114 26.5866676884 0
1097 0.940613682235 26.5569282945 0
1098 0.891508898915 26.5194535539 0
1099 1.15023507315 23.83511696 0
1100 1.07059138387 23.7986517803 0
1101 1.14296158297 23.7454640182 0
1102 1.06411597258 23.710797076 0
1103 1.15422592338 23.3036829407 0
1104 1.05251048093 23.0929107068 0
1105 0.963881494816 26.7242087007 0
1106 2.44777470261 23.1752300984 0
1107 1.00924641633 24.0355437196 0
1108 1.38527832747 25.3834341296 0
1109 4.79623937641 24.1500301249 0
1110 5.3049034071 23.9583613217 0
1111 1.71932470465 27.6268533459 0
1112 0.973155335281 26.1107506816 0
1113 1.00620012952 22.6857299338 0
1114 0.995796917179 22.6028034112 0
1115 1.03274940572 28.6268267082 0
1116 1.03723179952 28.536235304 0
1117 1.11097898557 28.4944637532 0
1118 1.03344236402 28.4517239479 0
1119 1.10736902482 28.4088760339 0
1120 1.02861102326 28.3687747275 0
1121 1.10735522792 28.3226470785 0
1122 1.02884306363 28.2859717066 0
1123 10.033409668 26.8310644299 0
1124 1.08254687313 27.6122654574 0
1125 1.00564637683 27.6565047159 0
1126 1.29542389554 24.3187560888 0
1127 0.991041799598 23.8521550369 0
1128 1.43045695999 29.3345260003 0
1129 1.0249062002 28.8085413854 0
1130 1.02212862133 28.8931031072 0
1131 0.99770083603 23.2303054725 0
1132 1.00709163094 23.313889607 0
1133 1.7536661441 26.9783682796 0
1134 1.87738699063 27.053086837 0
1135 2.01075046081 26.9780814532 0
1136 1.4365192226 22.7587611784 0
1137 0.946940688556 26.4930129729 0
1138 0.895210457317 26.454738584 0
1139 3.34089510778 23.3077708876 0
1140 1.5361790029 29.2870286567 0
1141 1.21829198051 29.4984425651 0
1142 1.13426683452 29.5352880388 0
1143 1.06358530014 29.4839055006 0
1144 1.05223116902 29.5693320871 0
1145 0.977915823249 29.5163135948 0
1146 0.974178214967 29.6025823272 0
1147 1.36730745173 28.7156552134 0
1148 2.09349773711 28.700797246 0
1149 1.08111467959 27.6949765063 0
1150 1.00463255596 27.7365093414 0
1151 1.41606643128 22.6490775938 0
1152 1.52110336376 22.6886703758 0
1153 0.907661333014 27.0815962003 0
1154 2.08220258092 28.8484798823 0
1155 2.23153808187 28.78268672 0
1156 2.22057352503 28.9454420793 0
1157 2.38638052043 28.8604228937 0
1158 1.05841306689 22.551499125 0
1159 0.983336985929 22.5227116335 0
1160 1.04227941219 22.4709460381 0
1161 0.967445325665 22.4434526933 0
1162 1.02473793792 22.391919343 0
1163 0.951616125206 22.365935035 0
1164 2.60024562501 23.0551039622 0
1165 2.42520380556 22.9757419862 0
1166 1.10125228755 28.2412051693 0
1167 1.02585586521 28.2038817684 0
1168 9.95149256399 25.1649828016 0
1169 9.02908525517 24.9487624992 0
1170 4.52925329585 26.4580020952 0
1171 1.18651344785 28.3637703721 0
1172 9.83851085678 24.6425099921 0
1173 8.83410774645 24.3835430614 0
1174 10.9735901803 27.1049312183 0
1175 10.0404896586 27.3898021448 0
1176 2.00400617834 27.1317961555 0
1177 0.968196340044 28.5713071576 0
1178 0.957134034025 28.2469294703 0
1179 0.952502999892 28.170868911 0
1180 1.01833353623 28.1231394156 0
1181 0.93648724427 28.0909930184 0
1182 1.632318266 26.9156410376 0
1183 1.6364006739 27.0486922857 0
1184 1.01107069453 28.0433313352 0
1185 0.939200613616 28.0119111396 0
1186 2.67692116376 26.1548464604 0
1187 2.37906870144 29.0507155643 0
1188 2.55423149088 28.9620606374 0
1189 2.20467565276 29.1277109463 0
1190 2.06536376093 25.6667432304 0
1191 1.01709259037 22.7672419109 0
1192 0.935625899049 22.7318108411 0
1193 0.952550685355 22.8147305441 0
1194 5.35091732635 24.2795177652 0
1195 5.86460139658 24.0777171358 0
1196 4.82863385221 24.4659503125 0
1197 5.80196956317 23.7548832724 0
1198 1.52143360126 29.40590614 0
1199 1.63310711173 29.3545272151 0
1200 0.936014649028 23.2798099312 0
1201 0.941062225174 23.3614762477 0
1202 0.921143820359 23.1968003687 0
1203 0.942864909776 28.4114852163 0
1204 0.953041452292 28.8534878631 0
1205 0.949197610221 28.9307154947 0
1206 1.01218243977 23.3944982877 0
1207 0.946766251037 23.4401209542 0
1208 0.818117550778 26.757085513 0
1209 1.04064335978 29.6526632256 0
1210 0.948676864454 27.2811479609 0
1211 1.50276297911 22.5726309724 0
1212 1.61564040659 22.6206739287 0
1213 0.91825183575 22.5743855324 0
1214 4.21119665908 23.4488580499 0
1215 2.14328594921 27.0536397072 0
1216 1.13264516553 23.6539908912 0
1217 1.32186936816 24.7916870205 0
1218 1.19562402041 27.0066678444 0
1219 1.2297733123 23.8780402925 0
1220 1.64923019603 26.1004933053 0
1221 0.993091794705 26.5902461829 0
1222 3.6011202445 27.18614436 0
1223 1.07825917734 27.7804324564 0
1224 0.948815686049 27.4426511346 0
1225 1.16082430833 27.48690679 0
1226 6.3709057591 23.8632425557 0
1227 0.93681471275 27.6965789383 0
1228 0.893248194088 22.4218616269 0
1229 0.882762157252 22.3455302936 0
1230 1.26027124146 26.5911078314 0
1231 1.34190440003 26.6328301621 0
1232 0.962955902207 29.6752741921 0
1233 0.832622564171 26.617621963 0
1234 0.903857122117 29.6346389846 0
1235 0.894386459793 29.7017864908 0
1236 0.836647339453 26.4856554524 0
1237 0.84675643197 26.4189777958 0
1238 1.10494356735 22.4198140908 0
1239 1.83139193474 23.1013221579 0
1240 1.81398476614 22.9589687149 0
1241 1.83395882028 24.3442070732 0
1242 1.68989861723 23.7998320795 0
1243 2.48969560376 25.7232439933 0
1244 1.01624678048 28.9739745749 0
1245 0.944721275471 29.0081812498 0
1246 1.50875267008 27.5126282233 0
1247 1.10083921842 26.1924286589 0
1248 3.0811989438 23.8773150128 0
1249 1.64384170599 25.9743090998 0
1250 6.4661879309 24.202596008 0
1251 0.871185425433 23.324152906 0
1252 1.71377565936 28.4495806445 0
1253 9.78979362453 24.112687549 0
1254 10.7162402115 24.3447297964 0
1255 0.883317324781 22.788430979 0
1256 0.893904211165 22.8571558658 0
1257 1.02333123425 22.3072634829 0
1258 1.08567785929 28.0739832023 0
1259 0.901972484906 26.3902281898 0
1260 0.850379925359 26.3568211119 0
1261 1.61209243278 27.4521891361 0
1262 1.50493341544 27.4003453489 0
1263 1.61768615026 29.4783603348 0
1264 1.73828896943 29.422171102 0
1265 1.21026504842 29.5935707999 0
1266 1.27121494866 27.0393818444 0
1267 1.71190091627 24.2813640018 0
1268 1.71280967774 24.4168109763 0
1269 0.929422195953 27.7680363507 0
1270 1.25670976753 26.684836278 0
1271 1.33344056951 26.7316464493 0
1272 2.54590969325 29.1596390827 0
1273 2.72863542106 29.0677170714 0
1274 2.72934769696 28.8679366207 0
1275 2.91401586151 28.9693657449 0
1276 2.92394799913 28.7485977849 0
1277 3.22455865779 28.8574357359 0
1278 0.88231853472 28.8940014702 0
1279 0.888884328332 28.8188040065 0
1280 2.57123368416 22.8494870128 0
1281 2.37177038697 22.7742763759 0
1282 0.890216849737 28.2123851196 0
1283 1.21614342251 23.6909695547 0
1284 1.20559356598 23.5953339335 0
1285 1.15725478527 27.7359731107 0
1286 8.95010868837 23.8550434421 0
1287 1.39564293542 23.2740156682 0
1288 2.13182709801 27.8985773206 0
1289 10.948425022 27.6607054654 0
1290 10.043848082 27.9173109951 0
1291 9.25423316378 27.6866450025 0
1292 9.73087032161 23.6158727463 0
1293 1.02602708694 22.850770313 0
1294 0.879958756388 28.0448745632 0
1295 0.876028689026 27.9850114156 0
1296 0.832887080895 22.3852070998 0
1297 0.822350939773 22.3242500466 0
1298 0.865439295802 22.2824917967 0
1299 0.813051042993 22.2665633582 0
1300 0.851078859867 22.2265857114 0
1301 5.38053088231 24.6056817349 0
1302 6.30800251194 23.5398020305 0
1303 2.13709138042 27.2173196601 0
1304 1.59508833822 22.4935469906 0
1305 1.71576281155 22.5454702162 0
1306 1.48358472891 22.4570863164 0
1307 1.00814469897 29.0539438455 0
1308 0.935733976309 29.0811439506 0
1309 0.879211487377 29.0415553935 0
1310 0.871680917422 29.1065167651 0
1311 0.87298994543 27.7248739651 0
1312 0.875629534408 27.6640899456 0
1313 0.800817535691 22.211885186 0
1314 1.50209126374 29.5285615453 0
1315 1.42400256925 26.68128334 0
1316 3.24205168098 28.6253243445 0
1317 3.63140030686 28.743911235 0
1318 3.6516519523 28.4972020247 0
1319 4.06532690223 28.6261574637 0
1320 4.07786617652 28.3538289985 0
1321 4.53297147167 28.5034330186 0
1322 4.55382836414 28.2084534664 0
1323 5.04762261982 28.3794627916 0
1324 5.07389443145 28.0614603881 0
1325 5.60951158777 28.2508635509 0
1326 5.64342284871 27.9046854835 0
1327 6.22638916711 28.1045038345 0
1328 6.26206499818 27.7438487981 0
1329 5.64623251466 27.5550757641 0
1330 5.53859771346 28.58343003 0
1331 6.27158729522 27.3858905298 0
1332 4.48232662677 28.7775382285 0
1333 1.86520408395 23.3543557477 0
1334 6.87993109976 27.9403735656 0
1335 6.82232855174 28.3171732964 0
1336 2.49418646072 23.7499647674 0
1337 2.28584524584 27.1389531843 0
1338 1.08369418944 29.0205441965 0
1339 0.768812359461 26.9024925567 0
1340 4.86683623719 24.7763687395 0
1341 5.71969634955 23.4420312082 0
1342 0.83461359783 22.8278654028 0
1343 0.83333605511 22.8948256169 0
1344 0.824006468586 22.7693345071 0
1345 9.2442189698 28.170662065 0
1346 0.801282700094 26.3846655506 0
1347 0.801068482861 26.3266147082 0
1348 0.848717923987 26.2956296072 0
1349 0.798128516554 26.2686993735 0
1350 3.58923105368 28.9770991395 0
1351 1.75729653813 26.02981768 0
1352 1.02773308884 29.7404132086 0
1353 1.15457597655 27.8255874359 0
1354 0.776147210539 27.0291274929 0
1355 0.899876675107 22.9256006775 0
1356 0.847415368544 22.9581147478 0
1357 0.835445539377 29.6633267047 0
1358 0.848777788249 29.5976345585 0
1359 0.835371334052 29.7274376562 0
1360 0.795456216942 29.6178859571 0
1361 0.801106472989 29.565824106 0
1362 2.76367189586 22.9268491711 0
1363 1.94672877854 23.0198382141 0
1364 1.92467084617 22.862980703 0
1365 2.28894420526 26.9606249829 0
1366 0.827793476354 28.0164588325 0
1367 0.821849852139 27.9619367906 0
1368 0.828975369414 28.069593317 0
1369 2.72043034031 29.2696549305 0
1370 2.53834712592 29.3563217947 0
1371 0.757653721424 26.3548991434 0
1372 5.66087762157 27.2082206017 0
1373 0.75629910419 26.408864809 0
1374 0.831798436286 28.8495344765 0
1375 0.832731588634 28.7873846178 0
1376 0.82300051518 28.9060670986 0
1377 1.9883082682 27.2882695994 0
1378 1.2682909413 27.1288366785 0
1379 0.764716491866 22.2498079266 0
1380 5.06660675999 27.3794472475 0
1381 0.882302497944 29.7647399978 0
1382 0.82507968992 29.7825469501 0
1383 0.783427202164 29.7485871447 0
1384 0.821666905518 27.6897250967 0
1385 0.822578273695 27.6356389201 0
1386 0.813395983982 27.7449215224 0
1387 0.796758615272 22.9393594233 0
1388 0.802832274551 22.9898737212 0
1389 0.852848841801 23.0148817587 0
1390 0.804127910151 23.0431870902 0
1391 0.822061786972 29.0712480312 0
1392 0.814523399295 29.1300587882 0
1393 0.859071263757 29.1668733624 0
1394 0.806108434065 29.1855657851 0
1395 0.844382167085 29.2215148532 0
1396 0.795254825126 29.2389058112 0
1397 0.832433117178 29.2731635292 0
1398 0.765822650379 29.1513492568 0
1399 0.784424700867 29.2911631892 0
1400 0.823039463957 29.3246198718 0
1401 0.773177870107 29.3418428061 0
1402 0.811023390386 29.3765455871 0
1403 0.864199485018 29.3591447217 0
1404 0.849740430957 29.4139088329 0
1405 0.796753153534 29.4288243305 0
1406 1.60029868421 24.3570536961 0
1407 1.59606965507 24.2283558452 0
1408 1.60076353401 24.4865483069 0
1409 2.11899730739 27.3783697154 0
1410 0.781005893442 22.360594874 0
1411 0.785697375239 22.4158177001 0
1412 1.25706110607 26.3764791165 0
1413 1.1700916066 26.4220245291 0
1414 2.73008039982 22.7162882637 0
1415 2.93025677838 22.7941976002 0
1416 15.2631317682 27.4053130084 0
1417 0.781895932124 28.8750463392 0
1418 0.779227981851 28.9309555639 0
1419 0.871075362725 27.6059199536 0
1420 0.819230242074 27.5821048044 0
1421 6.94303171304 23.6638798744 0
1422 0.782103174024 22.8034600736 0
1423 0.773677289767 22.750695437 0
1424 0.811024688686 22.715777319 0
1425 2.91636839611 28.501813829 0
1426 1.70952582388 24.5504456708 0
1427 1.60359782966 24.618588974 0
1428 0.740056302206 22.3908958958 0
1429 1.35298272903 27.0823144553 0
1430 1.35565040235 26.9762454111 0
1431 1.02097196294 26.2318698017 0
1432 1.01511399564 23.4719575826 0
1433 0.954654464966 23.5166743488 0
1434 0.887126208616 23.4851452441 0
1435 0.890674282659 23.5557278207 0
1436 0.824926019946 23.5270913339 0
1437 0.83563873841 23.5925929703 0
1438 0.889670537817 23.6224697507 0
1439 0.83704888569 23.6531438849 0
1440 0.788089255717 23.6276120397 0
1441 0.788346127731 23.6819031104 0
1442 0.833713180521 23.7099255067 0
1443 0.785986102568 23.73604533 0
1444 0.830068250812 23.7658012391 0
1445 0.782878421519 23.7901992458 0
1446 0.825052057347 23.8183785293 0
1447 0.779725751475 23.8430345057 0
1448 0.8216596145 23.8706328611 0
1449 0.775731318292 23.8944864071 0
1450 0.815102823383 23.9220914789 0
1451 0.771926465754 23.9462746593 0
1452 0.810020623927 23.9735452098 0
1453 0.768673428688 23.9971523706 0
1454 0.806599007136 24.0242061064 0
1455 0.826763820942 23.4623888196 0
1456 0.778814355476 23.490925737 0
1457 0.778203307944 23.4416883839 0
1458 0.742886359349 23.6571069412 0
1459 0.765310267052 24.046833991 0
1460 0.802260981188 24.0746517679 0
1461 0.760649820362 24.0959249182 0
1462 0.797996852417 24.1261723158 0
1463 0.846049732763 24.1035361234 0
1464 0.840672737838 24.1582099469 0
1465 0.792052913303 24.178294162 0
1466 0.830666181183 24.2108730305 0
1467 0.784229728294 24.2312716489 0
1468 0.823038722197 24.2648404183 0
1469 0.776497838224 24.2852735288 0
1470 0.816769497546 24.3189307004 0
1471 0.868103970752 24.2962040535 0
1472 0.858272456433 24.3547040812 0
1473 0.806283075997 24.3738578888 0
1474 0.840333901391 24.4099368137 0
1475 0.79507707819 24.4289994626 0
1476 0.837669993191 24.4637021721 0
1477 0.786575039854 24.4813191296 0
1478 0.824461814994 24.517991133 0
1479 0.776753462967 24.5334624538 0
1480 0.812867136104 24.5697304818 0
1481 0.765925444301 24.5855643796 0
1482 0.802368059654 24.6217175458 0
1483 0.852764696192 24.6046483537 0
1484 0.842291718804 24.6587600306 0
1485 0.79057245085 24.6743524556 0
1486 0.828875619602 24.7127507483 0
1487 0.775991883007 24.7271241121 0
1488 0.814301866007 24.7660238085 0
1489 0.868732602018 24.751845876 0
1490 0.854014791227 24.8065402354 0
1491 0.797429391001 24.8185304515 0
1492 0.83365760341 24.8610941289 0
1493 0.895847297921 24.852155864 0
1494 0.869185517756 24.9108247399 0
1495 0.940597422258 24.9063179819 0
1496 0.90730961362 24.9669539912 0
1497 0.834597440157 24.9692261623 0
1498 0.87828465401 25.0266136938 0
1499 0.818036031464 25.0343655986 0
1500 0.854868477952 25.0839199998 0
1501 0.799237125931 25.0898132061 0
1502 0.831504378865 25.1382126324 0
1503 0.890417227548 25.1351259516 0
1504 0.858036985534 25.195861675 0
1505 0.925040074585 25.1880590301 0
1506 0.896290759614 25.248071041 0
1507 0.831606195385 25.2532717142 0
1508 0.868318193639 25.307828352 0
1509 0.809606557822 25.3127261249 0
1510 0.840421903181 25.3643084389 0
1511 0.899035358696 25.3650440753 0
1512 0.86926666747 25.4208282097 0
1513 0.934114729091 25.4267082993 0
1514 0.892351076037 25.4870503955 0
1515 0.96432599735 25.4891570022 0
1516 0.927684709209 25.5502300038 0
1517 0.85978402196 25.5495359955 0
1518 0.891706217414 25.610895251 0
1519 0.821832242729 25.6126692577 0
1520 0.856373002677 25.6652988188 0
1521 0.923536771149 25.6738166434 0
1522 0.874554050999 25.7310652484 0
1523 0.951445948313 25.741240477 0
1524 0.910756089618 25.7989271307 0
1525 0.845957727237 25.7966548943 0
1526 0.874989350362 25.8559808338 0
1527 0.798450514847 25.5572756018 0
1528 0.779335550691 25.1409774759 0
1529 0.811813609189 25.4152633005 0
1530 0.801897745949 25.6625409805 0
1531 0.813524116868 25.8504237649 0
1532 0.834646245754 25.9041711254 0
1533 0.788751073686 25.796863091 0
1534 0.784592544703 25.9007787318 0
1535 0.801243870256 25.9498791231 0
1536 0.779541489915 24.9926741095 0
1537 0.778690696649 24.8682252941 0
1538 0.971431836461 25.8015286755 0
1539 0.848672689283 25.954676729 0
1540 0.82162600428 26.0011202716 0
1541 0.87764557619 24.5060773637 0
1542 0.776369886684 25.2698790122 0
1543 0.771847513289 25.9912710271 0
1544 0.78498678888 26.0386260795 0
1545 0.882682881801 28.7527005098 0
1546 0.827976757376 28.7288915773 0
1547 0.783930700882 28.7593173716 0
1548 0.780979099077 28.7047517058 0
1549 0.821025807857 28.6741487998 0
1550 0.7747486195 28.6528129528 0
1551 0.812048452219 28.6217615384 0
1552 0.765128072385 28.6022024486 0
1553 0.804133610507 28.5649051088 0
1554 9.96272971359 28.4204021189 0
1555 1.71926582939 29.5520375379 0
1556 1.85217518374 29.4954807789 0
1557 1.86427937402 29.3554987938 0
1558 1.99257894868 29.4291129398 0
1559 0.897869599295 24.6406796477 0
1560 1.74787714139 25.8981482058 0
1561 0.962074397091 25.2396311226 0
1562 1.35247493997 27.1764602082 0
1563 0.76079441067 22.7009077402 0
1564 0.799274836015 22.6672643364 0
1565 0.749432614151 22.6518709976 0
1566 0.793198807877 22.6176431668 0
1567 0.756420428763 25.3168628017 0
1568 0.843133328355 26.2366070226 0
1569 0.795440171077 26.2147522482 0
1570 0.889880271675 28.2801361064 0
1571 0.833409846585 28.2472411831 0
1572 0.83078861403 28.3052491832 0
1573 0.783765447307 28.2783897776 0
1574 0.785535437138 28.3313774985 0
1575 0.781706646978 28.2270135201 0
1576 0.865321869411 27.9287458449 0
1577 0.813261220755 27.9081574703 0
1578 0.898254197281 29.2093583531 0
1579 1.61677204446 27.3317372325 0
1580 1.00011343921 27.9607355305 0
1581 1.23269188587 27.7809592204 0
1582 1.23768599488 27.6870463493 0
1583 0.772049824094 29.7972843252 0
1584 0.867570546969 29.8241609788 0
1585 0.756369519825 26.2451695386 0
1586 0.753367155492 26.1933428595 0
1587 15.5718021423 25.0038871906 0
1588 14.0917631307 24.7233030553 0
1589 15.1907739885 24.2824557578 0
1590 6.85412521262 23.3226896239 0
1591 1.29072197858 23.6352913307 0
1592 1.28016984619 23.5370817167 0
1593 0.848761625441 23.9515632534 0
1594 2.37650139445 28.6557958037 0
1595 8.15841028342 24.7737130404 0
1596 0.788531661621 26.1640424775 0
1597 0.744403010811 26.1419144664 0
1598 1.24628577716 26.778125583 0
1599 0.827897003745 28.3581398259 0
1600 0.784172432087 28.3821078386 0
1601 0.82735519727 28.4096179333 0
1602 0.782968582625 28.4326772188 0
1603 0.824353142693 28.4611373934 0
1604 0.737698117828 23.815860425 0
1605 1.6864138851 22.4155421554 0
1606 1.81450083191 22.4618194766 0
1607 0.757744271603 23.0170873643 0
1608 0.75927872291 23.0684979544 0
1609 0.799460168444 23.0962077887 0
1610 0.754894954819 23.1197319982 0
1611 0.793927892105 23.1472556403 0
1612 0.747801865755 23.1697258519 0
1613 0.789289274928 23.1970027653 0
1614 0.849334715767 29.5368592736 0
1615 4.56005192238 27.9101774311 0
1616 0.782318144925 28.0444684875 0
1617 0.783367210496 28.0948290421 0
1618 0.774843592355 27.6597230131 0
1619 0.780552839793 28.481800543 0
1620 0.75513555552 29.587819877 0
1621 0.757829995589 29.5343192165 0
1622 3.16412968242 26.0646056261 0
1623 0.991112092529 29.1283883039 0
1624 0.882561719223 23.7476663129 0
1625 5.36357359349 24.920798799 0
1626 1.58352539371 28.6842711638 0
1627 1.17450818165 26.731773468 0
1628 1.53504648249 22.7956899177 0
1629 0.997240078603 25.5503747013 0
1630 4.34792661354 24.6439592723 0
1631 4.37431400831 24.9405164155 0
1632 3.90894441612 24.8089888373 0
1633 3.90281199198 25.0743483913 0
1634 3.48128164281 24.9562244666 0
1635 3.48068563475 24.6955251641 0
1636 3.47996224028 25.1986745587 0
1637 3.08169813169 25.1045702781 0
1638 3.09910429733 25.3434660187 0
1639 0.837173316005 22.1736850111 0
1640 0.786818625603 22.1599664012 0
1641 6.26582611089 27.0290125873 0
1642 6.90312335057 27.2065518628 0
1643 0.743546946699 23.2210413659 0
1644 0.772355340482 27.9405438463 0
1645 0.76374045462 27.890420034 0
1646 0.732977671419 29.7622259993 0
1647 1.63188050304 25.8438471299 0
1648 1.73449756789 25.761413949 0
1649 0.891773639144 22.1869574836 0
1650 1.85481207898 27.9339266855 0
1651 2.4343612436 27.0507389027 0
1652 2.43805486903 27.2315421951 0
1653 0.739851326226 22.4458243084 0
1654 0.788364242728 22.4691526439 0
1655 0.749523392135 22.4971032156 0
1656 1.64208468445 29.2384839646 0
1657 1.71057730719 24.6838457961 0
1658 1.60384553144 24.7532227412 0
1659 1.71838370149 24.8169949729 0
1660 1.60937466213 24.8862855216 0
1661 1.72596440088 24.9506250023 0
1662 1.61229549066 25.0201609559 0
1663 1.72700577454 25.0823244555 0
1664 1.61542936366 25.1533512931 0
1665 1.74481184466 25.2204822021 0
1666 0.758824529329 24.3918720994 0
1667 8.90023011073 23.4057896521 0
1668 0.739482852305 28.2587578657 0
1669 1.61724849967 25.2865177186 0
1670 1.72485933727 25.3523854285 0
1671 1.61431071663 25.4187063376 0
1672 1.72602548945 25.4844125526 0
1673 1.19665866313 23.500239304 0
1674 1.49312962769 24.4279683515 0
1675 0.979621381827 24.9669092919 0
1676 0.905860717192 29.3981795009 0
1677 0.843806111713 26.0506868465 0
1678 0.74762479757 25.0964273024 0
1679 0.894735474766 24.1349512516 0
1680 1.26401314368 23.4371881902 0
1681 1.35467204053 23.4744121929 0
1682 1.40639373109 27.4549851363 0
1683 1.96825276445 29.5755710257 0
1684 2.09859481075 29.5177682956 0
1685 0.956715557652 26.850012206 0
1686 9.58934041418 23.1647054712 0
1687 10.4867343679 23.3227920933 0
1688 0.895243270561 24.0738455139 0
1689 0.740629683716 28.7323432961 0
1690 13.9488056643 23.9980856094 0
1691 0.741171915872 24.6889029124 0
1692 1.41255700449 26.7853789074 0
1693 1.51333768194 26.7391534252 0
1694 2.38920143987 24.1560177642 0
1695 2.55050792977 24.2289090411 0
1696 2.5606149281 24.4255583321 0
1697 2.71528626434 24.3235250523 0
1698 2.71744423114 24.5311588622 0
1699 2.06217775304 22.9172159991 0
1700 2.04871526673 22.7399271761 0
1701 2.08896769225 23.0737709319 0
1702 0.740616474961 23.607146761 0
1703 0.785851471122 23.2470124767 0
1704 0.74042432211 23.2711308486 0
1705 0.922530795886 29.3368905252 0
1706 2.8852653341 24.436626059 0
1707 1.95238073283 27.4486354781 0
1708 2.10563136922 27.5411080535 0
1709 0.741405784274 26.0307861225 0
1710 0.955636726344 25.1266788507 0
1711 0.788617397221 22.519206659 0
1712 1.61446365582 25.5541967374 0
1713 2.17281211358 26.63207364 0
1714 0.839615032274 23.1252111685 0
1715 0.73584557724 23.4678142096 0
1716 0.743435020144 29.718342725 0
1717 7.51419620334 28.1386898966 0
1718 7.46027770118 28.5435021425 0
1719 5.08127567747 27.0421384938 0
1720 0.714612776175 23.0433112507 0
1721 1.84411734904 25.0178903878 0
1722 0.802917801051 27.8550452295 0
1723 2.89210198559 22.5786430369 0
1724 3.1897385109 22.6528430332 0
1725 1.86918067082 25.9561922134 0
1726 1.87174007856 26.093291382 0
1727 2.1622477653 23.423305645 0
1728 6.71081911125 28.7059234789 0
1729 1.09875917001 26.2799209076 0
1730 1.17501280368 26.2359315426 0
1731 1.02560698843 26.3214293299 0
1732 0.741934969995 22.5961655111 0
1733 0.89708158873 26.2603621746 0
1734 1.30502782389 29.5608398104 0
1735 1.28407127952 29.6538048837 0
1736 1.19613295862 29.6879803539 0
1737 0.929531697348 29.8098895691 0
1738 0.7305070744 25.1467381882 0
1739 0.745353338684 24.1973723399 0
1740 0.744456645289 24.8308153937 0
1741 1.73837469206 22.6891338988 0
1742 7.33409138695 28.9520163219 0
1743 8.1617530345 28.7978709131 0
1744 0.867169829606 27.5512164871 0
1745 0.811073584233 27.5297188468 0
1746 0.766760837988 27.560094692 0
1747 0.759404777065 27.5121598691 0
1748 0.803791190951 27.479447143 0
1749 0.753947973065 27.4622495468 0
1750 0.79766777996 27.430407619 0
1751 0.753244202393 27.8428500829 0
1752 0.748996472949 27.4128462223 0
1753 0.791881881953 27.3813643855 0
1754 0.920247034226 24.337621345 0
1755 0.700246174056 23.1942530441 0
1756 1.00648815402 25.6791733928 0
1757 0.741508650021 28.7878668714 0
1758 1.72124683804 27.389802724 0
1759 0.840458953813 27.3992857667 0
1760 0.834841313776 27.3502409744 0
1761 0.785395284696 27.3316804097 0
1762 0.828133094769 27.2990670175 0
1763 0.777359225833 27.28125323 0
1764 0.822721434354 27.2490352497 0
1765 0.769854297215 27.2300357236 0
1766 0.816836812838 27.1991464541 0
1767 0.766476269691 27.1785847156 0
1768 0.813013158 27.1495299466 0
1769 0.861565728383 27.1688118386 0
1770 11.8923579564 27.395872198 0
1771 11.8714939249 27.9638164595 0
1772 12.9021749899 27.6715169793 0
1773 12.9284834931 28.2936622153 0
1774 2.44633098519 26.8623380033 0
1775 0.739707364988 24.4971370293 0
1776 4.34358905954 25.2604168414 0
1777 12.6657357586 24.456231697 0
1778 12.749243211 23.7267852176 0
1779 0.729778254146 24.8774316356 0
1780 4.53414712369 27.213250998 0
1781 0.847181919543 22.6795892717 0
1782 0.735615787703 23.419367943 0
1783 0.776179679974 23.3941130887 0
1784 0.736041954586 23.3702206529 0
1785 0.781523659473 23.2968885489 0
1786 1.43922025762 27.1377499291 0
1787 0.965902149477 24.8388644695 0
1788 0.746573892469 29.2573449014 0
1789 0.717227979879 26.3799247458 0
1790 0.718242944613 26.3277320772 0
1791 1.03715448436 25.4849241787 0
1792 2.84074885222 25.2510214084 0
1793 2.83345883206 25.026639337 0
1794 2.85369766374 25.4847062778 0
1795 3.14013857987 25.5936398981 0
1796 2.84994668011 25.7182018182 0
1797 1.73597325346 27.2634644676 0
1798 1.7825115357 22.3348880887 0
1799 1.91443997482 22.372496693 0
1800 1.96096208501 27.6033964972 0
1801 7.54962162571 27.7654618069 0
1802 1.50379121456 25.2244927567 0
1803 0.732594432002 23.9201447301 0
1804 0.734140603609 22.340516566 0
1805 0.820465078295 29.0144599035 0
1806 0.775263036857 29.0391726626 0
1807 5.9219503944 24.7682279405 0
1808 1.02577156428 23.5466578629 0
1809 0.71815784548 26.221961818 0
1810 1.16566300973 29.1572855974 0
1811 0.728445799222 24.7416882557 0
1812 0.828282778689 22.4958937436 0
1813 0.978948876993 29.3824528795 0
1814 1.2327052546 27.8716951045 0
1815 1.5011009116 24.6845317069 0
1816 1.16231947585 26.8205294805 0
1817 0.715377815139 26.4310182661 0
1818 0.750662392792 26.4608659909 0
1819 0.878764644774 27.3706996826 0
1820 1.80364195322 24.6149909135 0
1821 1.50736175533 24.9586723439 0
1822 0.764741919951 27.1288434805 0
1823 0.809467289097 27.1018368697 0
1824 1.30089812805 23.7324794891 0
1825 2.70543144177 29.4698643456 0
1826 2.89694258512 29.3865719659 0
1827 0.726955912832 22.7335592417 0
1828 1.27410575272 29.7481145708 0
1829 1.3666498518 29.7136127193 0
1830 1.17473307795 29.7822202273 0
1831 0.867107663092 23.847930368 0
1832 2.70084928642 24.1090043024 0
1833 1.94583824297 22.5095326823 0
1834 2.05669011246 22.4227177436 0
1835 0.712238088634 26.4823795661 0
1836 0.744124523282 26.5115501252 0
1837 2.25779538411 27.4715905955 0
1838 1.51777612636 26.6281806714 0
1839 0.829140707099 28.1216558295 0
1840 1.14218866812 27.9247849158 0
1841 1.22703780582 27.9673423986 0
1842 0.98288896146 25.3638351507 0
1843 0.85929284596 28.6407335722 0
1844 0.735166860496 23.5145413061 0
1845 0.693698689406 23.4943041835 0
1846 0.772767316828 25.6005955678 0
1847 0.750454957196 25.554956963 0
1848 0.752503614498 25.6496796914 0
1849 0.770714987899 25.5111711105 0
1850 0.72635402953 25.512849043 0
1851 0.746189615197 25.4693143151 0
1852 0.697934484744 25.5535113362 0
1853 0.728040529249 24.0209274403 0
1854 0.72568549969 27.9206674739 0
1855 1.09385889284 26.775468381 0
1856 1.10398235585 26.6881212107 0
1857 0.726971427951 25.2783439248 0
1858 0.70823749161 25.3199402121 0
1859 0.73281620109 25.361266819 0
1860 0.697938780488 23.6351418212 0
1861 1.40427633321 27.336452719 0
1862 10.1887900367 22.8507098971 0
1863 0.9211610929 24.2557237106 0
1864 0.871704066996 22.1348806298 0
1865 0.751466466283 28.554522713 0
1866 0.718891311265 28.5868850522 0
1867 0.743404251173 28.3566113142 0
1868 1.3787352432 23.6766589597 0
1869 1.39203860794 23.7796476299 0
1870 0.727138142707 25.9823663486 0
1871 0.748540099766 29.633298375 0
1872 0.706956121025 29.6068219606 0
1873 0.733400521675 27.9704600275 0
1874 0.737458591706 28.9032577821 0
1875 0.738267107136 28.9574627154 0
1876 2.68677586178 22.4999012361 0
1877 6.88344003774 26.8402179314 0
1878 7.52606574429 27.0184693635 0
1879 0.708085203628 26.5324754887 0
1880 0.738082528882 26.5608248743 0
1881 0.703784136807 26.5815722207 0
1882 0.732599268858 26.6090973084 0
1883 1.31430907508 27.4055987652 0
1884 1.31586409153 27.7401808754 0
1885 1.3235778582 27.6307638076 0
1886 1.99566158032 29.285457729 0
1887 1.86076135911 29.2015756636 0
1888 0.699851001238 28.7562262871 0
1889 0.736610594553 28.2116527607 0
1890 1.08026396202 23.4281630226 0
1891 0.785414620429 22.8569301208 0
1892 0.739456879806 22.8331956724 0
1893 0.738442584876 22.8886335027 0
1894 2.52717430389 29.5445296806 0
1895 1.53532762597 26.9816747691 0
1896 0.680896908965 26.3524434158 0
1897 1.06657694137 25.5569163541 0
1898 0.813171692255 25.7466692995 0
1899 0.762520928271 25.7480837837 0
1900 0.739494482042 25.7889166433 0
1901 3.63299209784 28.2448210794 0
1902 1.36091858437 29.811730355 0
1903 1.45761106043 29.7711805653 0
1904 3.25588091665 22.8805259092 0
1905 3.6085973059 22.7402241048 0
1906 1.23623355582 26.8748192557 0
1907 0.761291795517 25.1878725143 0
1908 0.71530307732 25.195603526 0
1909 0.759535002256 24.9135475743 0
1910 7.53490348796 23.4606974895 0
1911 7.429189572 23.0796467399 0
1912 7.54896032848 23.9012857075 0
1913 0.886290047942 29.4472540432 0
1914 0.773439236998 26.5410090789 0
1915 0.740524750421 28.4558985927 0
1916 0.958180804819 28.647233973 0
1917 6.2423380587 26.6754330768 0
1918 0.69075291981 22.3680234306 0
1919 5.80847561789 25.1068884361 0
1920 6.38979616692 25.0025654087 0
1921 0.981451301164 24.3156847649 0
1922 0.696819391917 28.2415161551 0
1923 0.716766837606 25.7460660071 0
1924 0.693058961715 25.7854771087 0
1925 0.714718724404 25.8312621906 0
1926 15.1196209278 23.6328913817 0
1927 16.1559958839 23.9183847521 0
1928 0.951148221343 24.1055634622 0
1929 6.71363867369 22.9782751173 0
1930 6.60814158301 29.0902270104 0
1931 0.885925221469 26.1991187122 0
1932 2.62748207592 25.1582022657 0
1933 11.6887501858 28.5686417298 0
1934 0.83786344469 25.4665947317 0
1935 0.830003295761 23.2245009028 0
1936 0.717832249702 27.2625685573 0
1937 0.738672587159 28.0719456483 0
1938 0.738275233327 28.1201667664 0
1939 14.1104771748 27.9356493093 0
1940 13.8504192513 27.2810528812 0
1941 15.382989872 28.2499511208 0
1942 1.68295743502 22.9046954882 0
1943 0.699514613813 26.630983094 0
1944 0.727002143668 26.658312067 0
1945 0.694842077597 26.6806485675 0
1946 0.720765177584 26.7082529589 0
1947 0.756520314691 26.6859441873 0
1948 0.747376123013 26.7358914605 0
1949 0.712443661935 26.758298308 0
1950 0.738112336742 26.7863046053 0
1951 0.702109781287 26.8083906112 0
1952 0.726003722775 26.8362236598 0
1953 0.689116850446 26.8585773555 0
1954 0.704702566185 26.8878711448 0
1955 0.681115843163 26.7802461801 0
1956 12.7816517742 28.98414118 0
1957 4.54967673919 26.9140621782 0
1958 4.98668974001 26.6867007809 0
1959 1.50335897614 25.4855370837 0
1960 0.699293386418 26.0220221686 0
1961 0.712705024664 26.0658443091 0
1962 0.700441380379 23.6820754816 0
1963 0.718905626291 22.9882409234 0
1964 0.824008977875 22.5392583408 0
1965 2.24456649748 27.6358175147 0
1966 2.87329605401 24.6577357042 0
1967 0.860544581193 27.7850739853 0
1968 0.906470719976 27.8379116393 0
1969 0.994606147297 27.8264313404 0
1970 3.64984873621 22.9866694097 0
1971 4.05745490866 22.85662499 0
1972 3.97687946296 22.5819924579 0
1973 4.46279091197 22.7012944038 0
1974 4.52686973415 22.9744712377 0
1975 4.94842328046 22.7824942543 0
1976 4.85606111327 22.4749062529 0
1977 0.772579645699 26.8127896008 0
1978 0.765031548492 25.0439211046 0
1979 0.730855596745 25.002967453 0
1980 0.717517551438 25.0554591495 0
1981 2.70542024311 24.7266794711 0
1982 0.695365469031 29.728580285 0
1983 1.77103181049 26.2785392523 0
1984 0.701216772136 22.6373593907 0
1985 4.46111600686 27.5565569051 0
1986 5.04948881316 23.0618747074 0
1987 5.46051154143 22.8665433248 0
1988 0.772496355425 28.1833438203 0
1989 0.782994179078 26.1212476775 0
1990 0.821248474789 26.1318332801 0
1991 0.818412223093 28.5120433853 0
1992 0.86571157575 28.4931717797 0
1993 0.719504191535 29.8092514733 0
1994 0.759884813563 29.846757503 0
1995 0.708800076668 29.8615726749 0
1996 0.77057865819 27.7090286392 0
1997 0.75855147788 27.7558644492 0
1998 0.724089704116 27.6806291237 0
1999 0.735505501477 27.6317057722 0
2000 1.61279248029 27.1931437285 0
2001 0.740730213932 28.5060992532 0
2002 1.83869322049 25.4122593498 0
2003 1.83906751091 25.5475920635 0
2004 0.879793099475 28.9677542395 0
2005 0.712890044817 24.9237484989 0
2006 0.738849962158 28.8472240671 0
2007 5.32551845669 25.1881722134 0
2008 1.67263352481 22.3060703525 0
2009 0.910538666165 29.8794828991 0
2010 1.09559186945 26.3666297717 0
2011 1.02159276312 26.3990562145 0
2012 1.26624174703 27.2273054549 0
2013 0.750146966226 29.8968451519 0
2014 0.797659576944 29.8814809645 0
2015 1.46344818971 29.6616222497 0
2016 1.56286818073 29.724564714 0
2017 7.51116986366 26.6276978619 0
2018 8.25074142601 26.8074422611 0
2019 8.15047589187 27.2013960917 0
2020 2.8772530696 29.6009390198 0
2021 3.16016265718 29.5085095454 0
2022 3.53749915093 29.6066061101 0
2023 3.51947569728 29.4003779147 0
2024 2.00475937153 29.1331353981 0
2025 1.88574653983 22.7219312906 0
2026 0.857935676656 28.5479343019 0
2027 2.36843830832 29.4452429243 0
2028 2.58721346572 26.9610428712 0
2029 0.873851751218 28.3861482163 0
2030 9.08033368843 28.632658085 0
2031 9.96851213153 28.97450393 0
2032 1.23740550611 27.5876065509 0
2033 0.771531610728 29.0953117147 0
2034 0.726601558492 29.1195661182 0
2035 0.721000546999 29.1727599851 0
2036 0.731445116937 29.0635173414 0
2037 0.670829483292 26.9033619458 0
2038 0.656249517473 26.8787263328 0
2039 1.60403088267 25.6994033379 0
2040 1.52015789028 25.8072432736 0
2041 2.00542779834 26.0222083346 0
2042 1.98016746673 26.1723584935 0
2043 1.97900250914 25.8726963471 0
2044 9.12088777336 26.5517250867 0
2045 0.908604018826 24.5695515113 0
2046 0.959191299969 24.6245397479 0
2047 0.942655149545 24.6882091818 0
2048 1.00648384214 24.6803867923 0
2049 0.993278474082 24.5492245731 0
2050 4.00369489332 27.3278808176 0
2051 0.719070933608 26.2740480376 0
2052 18.1644261093 25.5434701127 0
2053 0.768421028405 24.3387041475 0
2054 0.729845925925 24.3055908506 0
2055 0.722305303408 24.3566998167 0
2056 0.712923096 24.4083399593 0
2057 8.09009657257 27.9522613917 0
2058 0.67779110757 29.1455492104 0
2059 2.36970400286 29.6335788874 0
2060 0.773939103426 22.3045076765 0
2061 0.728369648874 22.2853132876 0
2062 0.719318389426 22.2331991984 0
2063 0.681189149798 22.2681562276 0
2064 2.08901526699 29.6570161656 0
2065 0.984137555969 29.8525139955 0
2066 1.0554173827 29.886130033 0
2067 0.735549351575 29.0092528404 0
2068 1.60482086697 26.6829116003 0
2069 0.876581442854 27.2667455423 0
2070 2.65681307501 27.279727205 0
2071 2.07731001108 22.5806063414 0
2072 2.21322612118 22.4733804193 0
2073 1.06689327352 29.3932265179 0
2074 0.689746509183 28.8749786839 0
2075 0.94771871323 26.2205289555 0
2076 0.958292811986 26.2877433255 0
2077 2.85935376146 22.3755518344 0
2078 1.07730777121 27.8647140357 0
2079 1.11391115059 25.4895002664 0
2080 2.21148070394 22.6560069602 0
2081 2.36275059008 22.5491979216 0
2082 3.95111779006 29.495406663 0
2083 4.48387565842 29.5088892111 0
2084 4.23604124288 29.285058907 0
2085 4.82141721296 29.256058005 0
2086 0.748202666853 24.4444868611 0
2087 1.9598112563 25.4714586108 0
2088 0.716514301316 27.1543254174 0
2089 1.4709857305 23.7117966909 0
2090 1.4872622681 23.8233463049 0
2091 1.40018972943 23.8883950438 0
2092 1.49566483828 23.941060227 0
2093 1.40714838554 24.0067060768 0
2094 1.49858795768 24.0596658508 0
2095 1.4115557537 24.124738343 0
2096 1.59167927418 23.9906105151 0
2097 2.66136554851 27.5267005978 0
2098 0.927318731197 27.5118637445 0
2099 0.952849943795 28.3323920253 0
2100 1.14421503683 26.90176974 0
2101 9.02948216862 27.1518249103 0
2102 1.00937051535 23.9422720082 0
2103 0.952057676876 23.9846461621 0
2104 0.939820326435 23.9168139107 0
2105 1.71033539735 28.6071255749 0
2106 1.58541902368 28.5441081529 0
2107 1.57810420559 28.41926441 0
2108 1.4708041968 28.4827927814 0
2109 1.47327599949 28.3590478655 0
2110 1.35185341831 28.4116903499 0
2111 1.37542431565 28.2899795602 0
2112 1.3666285041 28.5332841291 0
2113 1.58180185639 28.3098977278 0
2114 1.27023635796 28.4868170208 0
2115 1.45596928925 28.6216143426 0
2116 1.06286441258 24.4880428688 0
2117 0.98537374517 24.456448859 0
2118 0.955466866025 24.1784057802 0
2119 12.9853823218 25.1883726827 0
2120 11.8017900131 25.0003681295 0
2121 2.18310987859 22.3004696305 0
2122 1.48863698738 25.0897071189 0
2123 1.4897833561 24.8191430829 0
2124 1.71948176327 28.2910830445 0
2125 0.70851758426 27.4944312772 0
2126 0.737770801415 24.250975035 0
2127 0.69796998599 24.2148107972 0
2128 8.28119632146 25.256501714 0
2129 7.53297826378 25.0738959264 0
2130 7.38861189609 24.6505691284 0
2131 4.06005928214 27.0652293941 0
2132 4.05469645111 26.8102636946 0
2133 1.01462375806 28.7152495346 0
2134 0.938538563199 22.6523245602 0
2135 0.790265317112 29.9266688332 0
2136 0.912091230016 28.5289971789 0
2137 0.928662079904 22.1436171199 0
2138 0.945013838537 22.2093803694 0
2139 1.00360150764 22.160215127 0
2140 1.04296107508 22.0760500761 0
2141 1.09159571934 22.1481317305 0
2142 1.06127097194 22.2266293774 0
2143 1.14286167009 22.2141232796 0
2144 1.10845694396 22.2882666178 0
2145 1.19555327283 22.2794366791 0
2146 1.22831392728 22.2051736276 0
2147 1.28312891845 22.2727442137 0
2148 1.24938465148 22.3566178328 0
2149 1.34310890379 22.3476867718 0
2150 1.30822579081 22.4376935348 0
2151 1.37394191621 22.2575521687 0
2152 1.20051773294 22.4469922603 0
2153 1.44588486406 22.341772931 0
2154 1.47942084987 22.2202690274 0
2155 1.39303082546 27.8249069156 0
2156 1.39729455685 28.0659491269 0
2157 1.38690081205 28.1775303583 0
2158 1.29582281251 28.1197752827 0
2159 1.28484705586 28.2235793856 0
2160 1.19387506263 28.1664040815 0
2161 1.08249839855 26.4503086852 0
2162 1.14351481825 26.5097829631 0
2163 1.17501588943 26.3270432417 0
2164 1.25513493726 26.2775749416 0
2165 1.24783223321 26.1880208429 0
2166 1.32836473757 26.2197188156 0
2167 1.24688210413 28.9862032793 0
2168 1.25535067443 29.0992632427 0
2169 1.9808356519 24.9543408998 0
2170 1.96473374116 25.1294542298 0
2171 2.45485342205 27.4395639311 0
2172 0.873953913083 23.4093587718 0
2173 1.49169535449 24.302121467 0
2174 1.39166061819 24.3689399807 0
2175 1.38297642769 24.5019054165 0
2176 1.384959233 24.2401408876 0
2177 1.49138314753 24.5512412417 0
2178 2.18746246982 22.8257828584 0
2179 1.08607623061 29.2060594275 0
2180 1.00834760417 29.2440829351 0
2181 0.917835357907 22.493183001 0
2182 0.706696608991 24.1630180166 0
2183 0.676779787628 24.1237172383 0
2184 0.963876885702 26.0350163397 0
2185 0.957102202332 25.9548520333 0
2186 1.02278056223 25.910051123 0
2187 0.90084075198 26.0844095981 0
2188 0.78317155334 23.5742614387 0
2189 0.691329923689 28.479091918 0
2190 0.986764852808 23.1462930439 0
2191 0.977541595348 23.0641784086 0
2192 1.03750202364 23.0119654386 0
2193 0.958498359331 22.9785136168 0
2194 0.909357230215 23.1143873846 0
2195 16.8408322113 27.9345091152 0
2196 16.6590139133 28.8321730634 0
2197 0.842942780253 26.5513538673 0
2198 1.17367436372 28.9081130332 0
2199 7.88448335946 24.3290066252 0
2200 0.737452282643 28.0211365242 0
2201 1.41394282079 24.9128668405 0
2202 3.54617380662 25.8785849783 0
2203 0.750895185112 22.546379306 0
2204 0.708798791503 22.5216346091 0
2205 5.94749567544 28.8583600544 0
2206 5.96257028521 29.2886995353 0
2207 0.986567914699 24.7561257194 0
2208 0.997805884458 23.7605741149 0
2209 0.990857713183 23.6791516877 0
2210 7.94195017865 29.2246178796 0
2211 1.09933586963 24.966008878 0
2212 1.09702324102 24.8637623368 0
2213 1.12996461284 25.2583750933 0
2214 1.05814862352 25.316171201 0
2215 1.11827121305 25.1625974226 0
2216 11.7519978785 24.0988412548 0
2217 11.5387254056 23.5100115733 0
2218 12.383935329 23.0913596671 0
2219 1.87535182409 25.227238482 0
2220 0.958251853753 27.8931231294 0
2221 0.752936700565 24.6368396241 0
2222 0.698873206048 24.6483703869 0
2223 0.720329832086 24.5993970346 0
2224 1.33136550532 23.3690308495 0
2225 1.43323253834 23.4030659588 0
2226 1.29561766664 23.2843748071 0
2227 1.50028933556 25.3496881149 0
2228 1.18212739511 22.8497625297 0
2229 1.17859535795 22.9562456484 0
2230 1.10083808563 22.8931362792 0
2231 0.968543176474 27.2077126061 0
2232 1.5071353653 26.8641949647 0
2233 5.0437619766 27.7123336329 0
2234 4.13369140864 27.7747797423 0
2235 1.16495918515 25.7610884514 0
2236 1.08762724605 25.7184967457 0
2237 1.09238174001 25.8026948326 0
2238 5.3874786713 29.0980818383 0
2239 2.63560349014 24.9180419249 0
2240 1.05764343182 26.5371492894 0
2241 1.12189894885 26.5962623581 0
2242 0.738892996196 23.7624262014 0
2243 0.695368096537 23.7874977767 0
2244 0.693995877228 23.8433738686 0
2245 8.7768677409 22.9483878765 0
2246 0.830759579834 26.6879445596 0
2247 10.5886665926 29.4987695336 0
2248 1.03189226191 25.1210489796 0
2249 1.0278154773 25.0365274256 0
2250 1.13638719699 29.9226409147 0
2251 1.4630070311 29.8874257989 0
2252 1.96897421741 24.4291219179 0
2253 0.682260334603 24.3269503576 0
2254 1.43558275618 27.233246382 0
2255 1.80914671656 23.867747959 0
2256 1.79857287599 24.0296889625 0
2257 1.7011247043 24.1464590679 0
2258 2.53644704577 22.6486472527 0
2259 0.761312451993 24.7793279468 0
2260 0.714987909971 24.7916469687 0
2261 3.86665904843 24.5433592949 0
2262 3.45409684461 24.4460837653 0
2263 3.04522609495 24.851395879 0
2264 18.370330126 23.4430642958 0
2265 6.84839710504 25.317456863 0
2266 1.04315179853 29.8173692474 0
2267 4.48555489105 25.5720182223 0
2268 0.668768308057 27.076707805 0
2269 0.767908340644 27.0783654358 0
2270 1.86724720341 27.2003898028 0
2271 0.737995144967 23.3207716975 0
2272 2.26436245622 23.0902462847 0
2273 4.24219039092 24.3285719663 0
2274 0.754684489337 25.944848217 0
2275 0.708232008293 25.932504761 0
2276 2.29891178355 23.2992878803 0
2277 0.903772196224 29.9467284811 0
2278 1.58689651643 23.0049345916 0
2279 2.36334046887 29.2488081123 0
2280 2.1765099788 29.344901016 0
2281 4.03097889608 28.0421849584 0
2282 1.83311091386 27.5505100227 0
2283 1.74724445763 27.1228575669 0
2284 0.818328383559 28.9595458419 0
2285 0.887591304321 22.0471452392 0
2286 9.538178311 29.5237983429 0
2287 0.964490758155 27.1317660807 0
2288 2.27960470279 26.7667270638 0
2289 2.47202587372 26.6678267703 0
2290 1.34761322152 26.3181987664 0
2291 2.82205478537 28.1026536106 0
2292 2.98365998483 28.2378832727 0
2293 0.730984013748 24.5490324506 0
2294 0.694237116014 24.5139389202 0
2295 0.684093000786 29.7713164013 0
2296 1.15869587424 25.8662781759 0
2297 0.757252429764 26.2996717322 0
2298 0.757609086728 29.2046802173 0
2299 17.0737303211 24.8352466148 0
2300 3.58151572956 25.6318272088 0
2301 0.868642713486 27.0364865596 0
2302 2.12340724157 23.2461144243 0
2303 1.95521647173 23.2003495224 0
2304 0.923697358407 23.7982138083 0
2305 0.694120417814 25.1016541252 0
2306 1.17022243017 23.4021946145 0
2307 6.2384260999 22.3188440817 0
2308 1.50821305227 25.6122046315 0
2309 0.694032772161 23.5423087229 0
2310 6.11461345306 29.655465846 0
2311 0.890036088547 26.000217193 0
2312 1.21095836126 28.0648775101 0
2313 0.737466210554 29.3081233958 0
2314 0.724867961549 29.3567447737 0
2315 0.693811237859 29.2755906343 0
2316 7.82519020526 22.3841448087 0
2317 0.700702548638 28.2901776306 0
2318 2.39130363906 29.8256223973 0
2319 0.735369778437 23.8687335081 0
2320 3.90277940226 22.2854399703 0
2321 3.52379810678 22.4819522886 0
2322 1.02896011489 22.9322145106 0
2323 2.06573562676 29.8367660024 0
2324 1.73183593728 29.8875654815 0
2325 1.78883165372 29.7641879555 0
2326 2.49179054613 22.1733713288 0
2327 2.37558994675 22.3557436939 0
2328 7.65280893045 29.6358611917 0
2329 0.661178134478 23.658091705 0
2330 1.813177826 22.1149231158 0
2331 1.07422639881 29.1158132941 0
2332 1.16282532917 29.0601822133 0
2333 0.688102028035 29.0292950924 0
2334 1.54771103419 22.1073307969 0
2335 0.631114580846 26.8762292832 0
2336 9.67741077557 22.422245233 0
2337 1.03930212955 25.2251535069 0
2338 1.32164552088 22.0954367512 0
2339 0.93344663298 27.627975392 0
2340 2.11859320822 22.1427718687 0
2341 0.78373184575 29.6594121215 0
2342 0.752807255864 22.1973943502 0
2343 0.738837835524 22.146863266 0
2344 0.771669677093 22.1120350033 0
2345 0.728694239208 22.1008385183 0
2346 0.694825730342 22.1360577183 0
2347 1.51711051922 23.3240229412 0
2348 15.8675344547 22.5827488318 0
2349 0.637206839775 26.775412111 0
2350 0.757837498906 25.850430161 0
2351 0.716210824947 25.8798815657 0
2352 1.53443160813 25.9265144852 0
2353 0.784686262448 28.8175172475 0
2354 0.643044601523 26.9271734242 0
2355 1.38510190833 22.5267047969 0
2356 1.31383078282 22.6224268149 0
2357 0.759359245357 29.391103486 0
2358 0.745037360425 29.4401558897 0
2359 0.779339599627 29.4779485191 0
2360 0.728589405798 29.4879564396 0
2361 0.836062191542 29.4742876175 0
2362 0.857918819203 27.4976516002 0
2363 2.6623177021 25.6114729519 0
2364 1.27909675372 24.2213277024 0
2365 1.56636619092 22.3498749211 0
2366 1.31950022104 26.827611407 0
2367 0.968189606842 24.383834019 0
2368 0.784502739282 25.3642064303 0
2369 0.754512006067 25.4160377607 0
2370 0.698927467203 25.4012869118 0
2371 0.937801772021 22.2843047554 0
2372 0.638521647133 26.6763916925 0
2373 0.82447478569 28.182695713 0
2374 1.67710850018 29.0125054769 0
2375 1.11693958947 23.0348895961 0
2376 0.796453490006 27.8030995515 0
2377 5.85550865132 22.6138899731 0
2378 0.96103192919 26.3584773005 0
2379 0.85569540842 27.8761440993 0
2380 1.40908204984 29.4524401868 0
2381 3.96410839724 25.4858865111 0
2382 1.11722246481 23.5544307876 0
2383 0.730264803239 23.9712615156 0
2384 0.690902369608 23.9465046753 0
2385 1.93683996282 28.9104967431 0
2386 0.795653031167 26.4418162084 0
2387 2.23492749515 24.0858243807 0
2388 2.36708022031 23.9893344041 0
2389 0.706334657073 22.1826441229 0
2390 0.753400739689 24.1458636576 0
2391 10.8687732733 28.1925005108 0
2392 0.94663272762 25.0232899524 0
2393 2.28218212339 28.3302218167 0
2394 2.42787633898 28.4389536174 0
2395 2.59801064879 28.3716396371 0
2396 2.2560782934 28.5031017577 0
2397 2.57028544644 28.5697455749 0
2398 1.7267257378 25.6223702433 0
2399 1.79067197277 22.8200028232 0
2400 0.733780556482 25.7051098292 0
2401 0.703181885424 25.670380448 0
2402 0.710793051504 25.6307541764 0
2403 0.696158284348 23.2969117383 0
2404 0.641173841877 26.5768549525 0
2405 6.20375992164 23.2194513646 0
2406 0.703529342096 29.5288328872 0
2407 0.950891046089 28.7758096641 0
2408 0.701491906432 24.4605823079 0
2409 2.65667049979 25.8160318178 0
2410 2.83118555502 25.9717433961 0
2411 3.05992118142 25.833014976 0
2412 1.19018197088 28.5372770359 0
2413 1.45262454634 23.5223206985 0
2414 0.735450187726 22.7827393017 0
2415 0.695898638759 22.8079176393 0
2416 0.824938876089 23.3700513399 0
2417 0.643699229651 26.4769807864 0
2418 0.671046811802 26.8297569108 0
2419 0.703966749512 25.4740534474 0
2420 0.949862312133 25.8678755902 0
2421 2.56478236972 24.6168347581 0
2422 0.883899160554 28.1464393337 0
2423 0.820847434969 22.1218358332 0
2424 0.660084358652 24.4200728674 0
2425 2.84055406132 23.7703203693 0
2426 1.30734466135 23.9542442691 0
2427 0.742138024362 28.4060754209 0
2428 0.696087838506 28.379694599 0
2429 13.8423680364 23.2310974732 0
2430 0.659631668058 29.8794381735 0
2431 1.1237994135 29.6250691473 0
2432 10.9214682168 25.3780658262 0
2433 0.64668366243 26.2237163473 0
2434 0.777660940177 27.9928314297 0
2435 8.83544150049 29.1298909568 0
2436 0.758117128674 22.9666089973 0
2437 0.718895478084 22.9387937109 0
2438 1.27241567131 28.5809031586 0
2439 1.33134672508 29.3742402053 0
2440 1.94627039443 24.6115402869 0
2441 5.07042063583 26.3397279258 0
2442 5.6183197612 26.5088941811 0
2443 1.13621518774 22.5802936283 0
2444 1.07967967989 26.8624301823 0
2445 0.662712697159 27.2746734096 0
2446 0.725714243686 24.0682180773 0
2447 1.99354652889 27.9960959524 0
2448 1.975785366 27.8463922459 0
2449 1.84098198372 27.8011154921 0
2450 0.743973157396 27.3635127627 0
2451 0.717901753407 27.209623255 0
2452 5.63387252271 26.8577557241 0
2453 0.649404508601 24.0232171865 0
2454 0.648309943112 22.9283083233 0
2455 0.657361208431 22.5231159716 0
2456 0.653513921916 22.6203524031 0
2457 0.70574703349 22.6874661251 0
2458 0.665676656714 22.726422644 0
2459 0.65262891864 23.3232996005 0
2460 0.698027921381 23.2464851404 0
2461 0.651965424548 23.3731956176 0
2462 0.644508616611 23.0251725506 0
2463 0.646079430868 23.0707102259 0
2464 0.685719544598 23.0842279704 0
2465 0.654850141811 23.1700702457 0
2466 0.659141868039 22.4191660046 0
2467 0.694053604698 22.4516717441 0
2468 0.651832430834 23.5218850781 0
2469 0.657796617178 27.7754653069 0
2470 0.692307297183 27.7974261919 0
2471 0.660311431251 27.574279844 0
2472 0.714721880416 27.550561539 0
2473 0.659814804939 28.9768788169 0
2474 0.657385870465 28.0247808016 0
2475 0.65808667302 27.3723002322 0
2476 0.665499682389 27.678332899 0
2477 0.657049818982 28.7282026279 0
2478 0.665616684827 28.5778516907 0
2479 0.663689561711 27.8731543802 0
2480 0.655492123657 29.4734125723 0
2481 0.668624502842 29.5713800516 0
2482 0.655469897046 27.925141095 0
2483 0.655453562726 28.1240252248 0
2484 0.667661094555 29.3677600104 0
2485 0.656806116541 28.6301331573 0
2486 0.695293269465 28.6575126741 0
2487 0.66201072482 29.6269875466 0
2488 0.650829781181 24.9794772814 0
2489 0.658183157441 25.3231697245 0
2490 0.646654465457 24.7766965465 0
2491 0.651847430007 24.6765193201 0
2492 0.658607705749 25.8255273644 0
2493 0.652000545433 25.4236227189 0
2494 0.655643566115 25.9294992491 0
2495 0.650675991073 25.5752620226 0
2496 0.652132464162 25.527001301 0
2497 0.651643410533 24.8721471469 0
2498 0.646377193795 25.1765625928 0
2499 0.654969870115 25.6741162755 0
2500 0.648513029615 26.1241129075 0
2501 0.692783685176 26.1453532828 0
2502 0.646987339673 25.2247307202 0
2503 0.648500435516 25.0764516324 0
2504 0.6503490722 24.6266044851 0
2505 0.704431077467 27.7561719774 0
2506 0.689025310026 26.7303364166 0
2507 0.761147533359 26.6362295725 0
2508 0.766464479298 26.5892534368 0
2509 0.661078448817 27.4722648341 0
2510 1.097622141 25.9374985244 0
2511 2.03071923217 23.5366576743 0
2512 1.47498953922 22.9697949081 0
2513 0.810164306266 24.9119413159 0
2514 2.8845721677 26.2271988989 0
2515 1.02633424818 24.1247247091 0
2516 0.736325078688 27.3138617487 0
2517 1.30177917075 24.4227476731 0
2518 2.01682708332 22.2673948732 0
2519 1.47484640201 28.7612445624 0
2520 0.777359122715 22.0415794278 0
2521 2.02602460641 26.6919018496 0
2522 1.59193028116 29.6069596517 0
2523 1.68886589378 29.6808718559 0
2524 1.13012354431 22.0731206945 0
2525 2.09238794493 27.7196004986 0
2526 5.24392931285 23.6481769667 0
2527 0.651734469082 23.4732184685 0
2528 2.3254707218 26.563875055 0
2529 3.46502088688 23.9932457997 0
2530 3.10121324859 24.1029421612 0
2531 0.81998564119 26.82250318 0
2532 1.40572959678 29.5726405609 0
2533 1.56171794428 29.06005703 0
2534 7.13143079755 24.2768779164 0
2535 0.962474487563 23.6004366285 0
2536 0.690287925872 23.7357407184 0
2537 0.807131659057 25.1835768549 0
2538 1.91740083642 26.3154414452 0
2539 2.12596091934 28.3993795764 0
2540 0.827961492747 27.0062116167 0
2541 1.73020378915 27.8751807551 0
2542 1.09675152496 22.8041343787 0
2543 2.64252301418 25.3904339966 0
2544 0.715658342509 26.9293462353 0
2545 4.87403738266 25.0786821726 0
2546 0.741140148682 23.7092162972 0
2547 3.61497899185 26.6914906082 0
2548 2.45354418003 25.0357754333 0
2549 2.49228481232 26.0882129337 0
2550 0.745806054909 26.8707166892 0
2551 1.19154252178 28.2672844635 0
2552 2.62839630616 28.1797226508 0
2553 0.776730993571 27.6100354491 0
2554 0.959969522131 22.8931642546 0
2555 2.14424621639 26.891354956 0
2556 11.0708205544 29.0180352347 0
2557 3.48642405241 28.0136034931 0
2558 0.847819355408 27.4475779651 0
2559 0.714978663351 27.8752561011 0
2560 0.705295736144 29.4025075292 0
2561 0.651961889069 24.2314055015 0
2562 0.69760350059 28.7056424742 0
2563 0.776443370476 28.9844459937 0
2564 0.790448297252 22.5673972898 0
2565 0.844034445435 22.585730755 0
2566 1.04983484788 23.6269498806 0
2567 1.39444973573 26.8839849986 0
2568 1.10956247331 29.711668539 0
2569 1.06561826934 25.4070500131 0
2570 0.702563897069 29.9140499628 0
2571 4.76915271167 29.7474413654 0
2572 0.904163746157 24.4272436288 0
2573 2.7810095206 28.3101385226 0
2574 0.811463945252 29.8343658665 0
2575 2.53099360332 24.0417335267 0
2576 1.30436972315 27.5108277725 0
2577 2.82028841723 29.8140321163 0
2578 1.18389282067 26.6435598747 0
2579 0.681734802368 26.3009265151 0
2580 0.710894171329 29.2221555644 0
2581 2.57873358056 22.3418267405 0
2582 15.783582737 29.4290488525 0
2583 1.27400072597 28.3273671225 0
2584 0.743687432168 28.3079876919 0
2585 2.61586127683 26.7670663951 0
2586 14.1081826409 28.6194731009 0
2587 0.994393086969 26.9105570969 0
2588 0.85899092804 27.1199563208 0
2589 0.650479269476 23.7750000001 0
2590 1.85410796675 25.8203898029 0
2591 0.961026556759 25.6138207871 0
2592 0.622995718723 26.9647691062 0
2593 1.34200855912 29.910709782 0
2594 1.85058180015 27.342869519 0
2595 0.692546420546 24.7063240239 0
2596 0.907466868551 29.5672723857 0
2597 0.6937327624 24.8406879606 0
2598 0.814776102263 26.8761518782 0
2599 0.693580026627 23.4460573156 0
2600 1.26298130956 26.9559018946 0
2601 0.703179766693 29.6516760568 0
2602 1.15861080283 22.3569101311 0
2603 0.778927613469 23.3456572915 0
2604 0.64950701534 26.0239036516 0
2605 0.697132595192 29.4536298576 0
2606 0.910183923879 23.0415062159 0
2607 0.649710575992 25.7728238162 0
2608 0.64679843965 22.2307668337 0
2609 1.18068367658 27.16572633 0
2610 2.98488432495 23.2218925853 0
2611 0.653157419654 22.8289119225 0
2612 13.1009379676 22.5241109893 0
2613 1.30078544911 27.3150635673 0
2614 8.32123813205 28.3091608065 0
2615 3.19128087104 29.0797651278 0
2616 0.697686126904 22.8586633367 0
2617 0.827948536814 23.2751993178 0
2618 4.05501382756 23.1553050022 0
2619 1.02304420035 26.8203654581 0
2620 1.09707112622 28.1551783348 0
2621 2.01223272548 23.3774178112 0
2622 1.40944171412 25.5707041475 0
2623 1.4336213068 25.8851881713 0
2624 1.40938580449 24.625723475 0
2625 0.691749243642 22.5908819576 0
2626 1.61060599018 26.7969840017 0
2627 0.942135707389 27.3666079706 0
2628 1.03173679984 24.8259509106 0
2629 1.12210671348 22.5001883876 0
2630 0.832019380917 22.4432313846 0
2631 0.755789035999 26.0842051732 0
2632 1.34029410766 24.9848702584 0
2633 1.45521936516 22.8638035207 0
2634 1.39990373911 25.2865075708 0
2635 1.40124093955 25.1811843661 0
2636 1.27315571213 22.5282782675 0
2637 2.79045494825 23.135972916 0
2638 0.700251912249 27.603858459 0
2639 1.88545354538 23.4965458849 0
2640 1.22404038553 23.7832576355 0
2641 1.31560227641 24.6991530113 0
2642 1.05162964324 26.6330629474 0
2643 2.2191291895 23.9220397334 0
2644 0.832506034153 23.1756543029 0
2645 2.28962287131 27.795299274 0
2646 1.42223616532 25.7780838033 0
2647 2.48138454919 25.5362178278 0
2648 0.681847030216 22.0415822532 0
2649 10.6690603016 23.8341558355 0
2650 2.41244829758 24.5176301015 0
2651 1.08237891442 27.9982530155 0
2652 0.885005902305 27.3219925248 0
2653 1.5439224394 23.4541514842 0
2654 1.58895645061 23.8727963284 0
2655 1.54862422278 29.1739034923 0
2656 1.84460942767 24.8800937232 0
2657 2.28210626814 27.3128898803 0
2658 0.867564553183 27.2179613748 0
2659 1.84309164445 25.6836682835 0
2660 2.10702557333 28.5542754447 0
2661 1.82498021789 24.7481919253 0
2662 5.93059504356 24.4193659615 0
2663 3.08977163529 22.4267112177 0
2664 6.90549393187 27.5725486331 0
2665 3.55290658097 27.4227880231 0
2666 1.08958666048 28.9373684582 0
2667 0.852598851127 23.0725635678 0
2668 1.77719399261 29.0965253648 0
2669 1.18651723057 28.44985047 0
2670 0.651236056601 24.5318811392 0
2671 1.65591857488 26.2246204667 0
2672 1.15919028558 27.6468404379 0
2673 1.82584785834 24.4818664145 0
2674 0.645085227388 22.3727704832 0
2675 1.71856638542 27.5055887594 0
2676 0.702847576368 23.1354117495 0
2677 1.08279657501 23.35138231 0
2678 1.23877358779 23.3409345378 0
2679 2.4847891851 25.90811492 0
2680 1.16333662421 27.4080227478 0
2681 1.94759193055 29.7257044722 0
2682 1.27254657064 28.6746130761 0
2683 3.61702024106 26.9397743162 0
2684 0.723330179382 27.0529550613 0
2685 11.9472305947 26.8259839378 0
2686 0.833891986989 26.1813218097 0
2687 1.72609961388 27.7478755113 0
2688 0.845389079811 24.0533859441 0
2689 3.75207558612 23.3778283445 0
2690 4.71008100278 23.5446847785 0
2691 1.43268884371 26.577361207 0
2692 1.36693976777 23.5773716328 0
2693 4.01643781567 28.8793868074 0
2694 4.97712417472 28.668986878 0
2695 2.01410952019 26.8315653889 0
2696 6.14252363446 28.4700423742 0
2697 0.873452148084 28.4386543392 0
2698 0.705825013032 27.443354399 0
2699 0.847961753352 28.5957663463 0
2700 0.815854030746 27.0543427906 0
2701 2.90887478279 29.1773283408 0
2702 0.697594170037 22.3166672187 0
2703 2.65979015846 23.6650762558 0
2704 0.665627969952 27.1785985135 0
2705 1.48166830443 28.2406625854 0
2706 0.983612769378 26.6621405925 0
2707 0.686374180605 25.0128185953 0
2708 1.84455871546 22.5921048471 0
2709 1.62075527152 22.7345733079 0
2710 2.55683151131 28.7656951196 0
2711 0.873389686086 29.3045873483 0
2712 0.927423842336 29.2674618678 0
2713 1.74322016742 29.2971219516 0
2714 0.850890281576 24.0011479083 0
2715 1.07973514426 25.6386044034 0
2716 8.15665981812 23.2170723909 0
2717 0.870120138491 28.6950141442 0
2718 1.44655522614 27.0392787521 0
2719 0.651776522294 23.8210057728 0
2720 0.914986686788 24.7904209589 0
2721 0.701256650757 28.8146474625 0
2722 0.691786556546 25.2431813471 0
2723 0.90291277736 26.3248769516 0
2724 2.93801457684 22.1926968965 0
2725 5.37181556531 29.3926358486 0
2726 0.702720810248 28.5419705679 0
2727 4.60136896157 23.2580204534 0
2728 1.87027055834 22.2386269193 0
2729 0.859196893802 22.7296943769 0
2730 0.946442726474 29.7453359433 0
2731 0.85525973848 24.5536550102 0
2732 0.719238787402 24.1138301056 0
2733 0.693920978252 23.396433199 0
2734 1.14864179694 25.5703719356 0
2735 0.87724181333 23.2508441 0
2736 0.846539220022 29.8739644774 0
2737 3.26047563759 28.3878541279 0
2738 0.654416668727 23.2223401714 0
2739 0.694612102842 23.3465443776 0
2740 1.40566381019 27.5657958815 0
2741 2.05525950318 28.9951581181 0
2742 0.7822702185 26.491867652 0
2743 0.802721099916 29.5178066557 0
2744 0.883793741906 24.1946169809 0
2745 2.65114226908 23.888662037 0
2746 0.895280242259 25.9178504678 0
2747 7.15220066468 29.3309897933 0
2748 1.4069809744 24.7344165102 0
2749 0.874882341877 28.3366196568 0
2750 1.17644281819 27.2516897571 0
2751 0.688387613316 29.9598024965 0
2752 0.985362167691 29.3095168332 0
2753 1.3017067046 29.4606589695 0
2754 0.98944604145 26.5294543033 0
2755 0.869944622962 23.9017558833 0
2756 0.692728228916 24.2715308149 0
2757 1.53620638968 27.1027648157 0
2758 0.692489935123 23.8955345015 0
2759 1.1121878 29.8483741224 0
2760 7.25227626638 22.7031223724 0
2761 8.06354520213 22.7960273884 0
2762 0.64560413655 26.3257772194 0
2763 0.882101859353 24.6983267483 0
2764 0.630503909323 26.9663068832 0
2765 1.82380484582 23.2279242339 0
2766 10.7773794117 24.8435755133 0
2767 1.30693659959 28.015461828 0
2768 0.649990350541 22.1218872398 0
2769 0.964805052851 26.7868249028 0
2770 12.9502794811 29.5626071588 0
2771 1.1591338745 27.5631746531 0
2772 0.932953372297 25.3036040051 0
2773 0.69560376918 22.7657724055 0
2774 0.690742192608 25.3571667648 0
2775 1.82956044598 29.6283435022 0
2776 1.0497952464 24.2902393489 0
2777 0.645138024633 26.3763482427 0
2778 0.648578240396 29.2738053794 0
2779 1.17291075392 26.1490828752 0
2780 0.865352741788 24.2444516387 0
2781 0.886293396117 23.6854222468 0
2782 0.65119484873 29.1832790529 0
2783 0.870243987828 23.7949937169 0
2784 2.4219210469 24.6931871123 0
2785 1.00590360254 29.4447787677 0
2786 0.817137964515 23.3223306334 0
2787 0.919494858395 29.1482076695 0
2788 0.680120153453 26.4032093225 0
2789 0.938462886177 23.7233985217 0
2790 1.28629300761 24.5130166147 0
2791 0.892128392359 27.4153118086 0
2792 1.08282917667 24.6732208127 0
2793 0.682677402338 26.2488224533 0
2794 0.684846971869 24.7573622547 0
2795 1.2591221124 24.1299835291 0
2796 1.31167906157 23.8253442574 0
2797 0.702639473956 27.3936388606 0
2798 10.7422688284 22.4434123753 0
2799 1.02190878764 25.7629317713 0
2800 1.69380601014 23.9260928442 0
2801 0.743408745264 24.9568343424 0
2802 1.57574293182 23.7463105375 0
2803 0.685366935333 25.1578940337 0
2804 1.49195927777 24.1862224036 0
2805 1.02585721965 24.9022465871 0
2806 1.40913885196 27.6925098463 0
2807 4.94924213343 22.2062827127 0
2808 0.652045898612 29.7297468659 0
2809 1.53257505907 26.5237473377 0
2810 17.9329403597 29.2469506994 0
2811 0.657040411321 28.7802206824 0
2812 0.684198227641 25.9 0
2813 1.32954697469 24.0721199013 0
2814 1.21915363318 23.2488821061 0
2815 2.737117446 28.6693521663 0
2816 0.695716810969 27.9981279004 0
2817 1.42184144056 25.0058033835 0
2818 0.917416722007 25.0780235218 0
2819 1.90436092686 29.0525634135 0
2820 1.76190944129 26.1564718624 0
2821 0.901634246636 27.1376409674 0
2822 2.72055829159 28.484537946 0
2823 1.30846996329 22.189998526 0
2824 0.650783035534 23.9227895563 0
2825 12.7598182627 27.1590488431 0
2826 0.678752743778 26.4541284693 0
2827 1.34697349741 28.6252139839 0
2828 0.696523881797 28.0989666679 0
2829 0.682875937289 26.0955674395 0
2830 1.26212941074 29.8393386311 0
2831 0.99682048832 25.4343349288 0
2832 1.5882971252 28.1818805712 0
2833 1.17757356569 22.1410315804 0
2834 0.695568736626 28.1460256781 0
2835 1.83567624205 27.6746957891 0
2836 6.24320527776 26.3250459285 0
2837 2.96013648606 23.0097706475 0
2838 0.655825104545 28.2725330432 0
2839 8.20033477571 23.6241880301 0
2840 0.717944574833 27.1030706099 0
2841 0.69694502932 28.0489852497 0
2842 0.743744200225 25.2331948152 0
2843 4.90403590644 28.9446794143 0
2844 0.782535385513 25.7065432479 0
2845 0.955948155505 26.4275746731 0
2846 1.02657664996 26.7273757628 0
2847 1.31162563291 27.9105854393 0
2848 0.78531957737 24.948729996 0
2849 0.703776383751 28.9816266026 0
2850 4.97039294079 25.3858200269 0
2851 1.51361992056 27.2914869639 0
2852 0.898221481074 22.2379440233 0
2853 6.60073803702 24.605066469 0
2854 0.772577798622 26.7613567924 0
2855 7.56671138102 27.3931638857 0
2856 1.22227128894 23.9612990364 0
2857 0.684302059982 26.197407564 0
2858 2.17966448146 22.963778317 0
2859 0.911411944333 27.1866883221 0
2860 2.43615193433 25.2093491753 0
2861 2.85538440408 23.9852809825 0
2862 3.17404706378 29.2908251308 0
2863 1.12976686666 26.975301631 0
2864 0.647758815313 23.6175234866 0
2865 5.33488540818 22.6158125488 0
2866 2.56831211781 27.1215041294 0
2867 0.786703336876 26.7147127824 0
2868 0.79074245733 25.2242885668 0
2869 0.688950862134 24.5646948861 0
2870 0.709366233126 28.3326691894 0
2871 0.788962773745 25.4606773121 0
2872 0.966891384837 28.4902699553 0
2873 1.39808693324 22.4197400788 0
2874 0.676511614989 26.5045018116 0
2875 0.689516392228 23.9966616774 0
2876 0.688780325071 22.9061205701 0
2877 0.645567891196 28.8748554317 0
2878 0.69475110224 23.5889061898 0
2879 2.67332993049 29.6608952619 0
2880 1.6053382507 22.2142480298 0
2881 0.816007147418 23.4155201215 0
2882 0.917850198784 27.5734492774 0
2883 1.59352015025 24.1086554014 0
2884 1.29806521237 27.8252724469 0
2885 0.901032446769 28.5987103918 0
2886 16.4725317392 23.3317236991 0
2887 0.691571702603 24.9607246301 0
2888 5.60732759814 25.4476833759 0
2889 0.639766406467 24.3252861517 0
2890 0.757066465808 22.9261246607 0
2891 0.986199373433 29.7931043928 0
2892 0.689499177238 24.8877745796 0
2893 1.07477865795 23.4935780722 0
2894 2.34984830711 23.8305100788 0
2895 1.06658174804 27.9305753314 0
2896 0.923430358756 27.9458217648 0
2897 1.60237556691 26.588393483 0
2898 0.736668217282 28.6809898429 0
2899 0.793150589997 26.6596048118 0
2900 3.66035381111 29.8294605043 0
2901 1.44507238158 23.6182970561 0
2902 1.55893294947 22.8983138942 0
2903 1.24787151697 26.1001970648 0
2904 0.813878036879 25.5119534282 0
2905 0.961116703074 29.1969652818 0
2906 0.736621382018 23.559865592 0
2907 0.844535151811 27.8316008826 0
2908 0.914619491896 27.2319729929 0
2909 0.867182610298 23.2012925054 0
2910 0.801003313226 22.0788546282 0
2911 0.654214646101 28.2222713564 0
2912 0.982844137714 25.1801145891 0
2913 1.19031437689 22.5316135897 0
2914 0.899942702955 22.9840437304 0
2915 11.2036452799 22.9612598272 0
2916 0.698825703428 27.3444272362 0
2917 0.649694150458 28.3771258764 0
2918 0.673799271041 26.5541290874 0
2919 1.655525413 29.1275969878 0
2920 0.718982211024 26.1067272047 0
2921 0.934832436851 26.9037606363 0
2922 4.05305031772 26.5645710147 0
2923 1.02318604459 25.8366684084 0
2924 5.15503732544 23.3492410749 0
2925 0.692974421355 27.9487938265 0
2926 0.824710987822 25.7008055317 0
2927 0.684416860146 25.8626332593 0
2928 0.69715370686 28.9352632301 0
2929 0.788407693259 29.9676244711 0
2930 0.875018087886 23.1586628528 0
2931 1.7368088142 22.2147725252 0
2932 1.15473320618 28.0153270893 0
2933 0.925493431885 28.7102990487 0
2934 2.63157321057 25.988304175 0
2935 1.23512751309 27.4486106202 0
2936 0.692020297776 29.0889077889 0
2937 0.827684096276 29.91030413 0
2938 1.25382423613 28.4078990671 0
2939 0.899873873357 29.4983303183 0
2940 8.36548774189 27.5945555559 0
2941 1.19073088286 26.565898012 0
2942 0.71837163676 25.4402492362 0
2943 0.732035980203 25.595022934 0
2944 6.49686308199 22.6399107122 0
2945 1.2348121168 27.367666182 0
2946 0.718456550762 26.1785829268 0
2947 0.688860074877 24.0455577718 0
2948 0.687555855678 25.5084583358 0
2949 0.645818685009 29.0246150618 0
2950 0.696096365259 29.3247330362 0
2951 0.985354589617 24.2430162025 0
2952 0.879570247572 22.6359235736 0
2953 2.72445417286 27.0704936879 0
2954 0.710315747652 29.6907359653 0
2955 18.7961226932 22.6441570769 0
2956 1.02277899344 25.6077226393 0
2957 3.45162155851 24.2215731533 0
2958 1.64934970362 29.7956732248 0
2959 1.08152271789 22.3519991205 0
2960 0.640230677208 22.2739371401 0
2961 0.99777875637 22.2417760266 0
2962 0.671010998043 26.6038698605 0
2963 0.871301432192 28.0952395285 0
2964 0.705902871123 28.4295641204 0
2965 4.96985477948 29.5193171693 0
2966 0.901665687517 27.895403529 0
2967 0.692191524054 24.0862387256 0
2968 1.8312041067 25.1354779514 0
2969 6.85213281674 26.4841412652 0
2970 0.935714145494 24.5043207266 0
2971 0.688555347172 29.4927219442 0
2972 1.29302914429 23.1889597468 0
2973 0.869099432646 26.1415972445 0
2974 0.687365674633 25.9727657953 0
2975 0.734255881297 28.165930518 0
2976 0.679055444496 25.7482666305 0
2977 0.685989639728 25.7088074188 0
2978 2.09840584839 29.2204235522 0
2979 0.894808789104 27.4630189746 0
2980 1.39396924596 25.4722499502 0
2981 0.685391309413 22.4901857504 0
2982 0.851024896542 27.0796838944 0
2983 14.4409402183 26.7897702617 0
2984 1.32939320866 24.8848887858 0
2985 0.993532158963 25.2939334742 0
2986 0.679436843029 26.9288632636 0
2987 2.87703620113 24.2099173074 0
2988 1.03406783215 24.9689196565 0
2989 6.18215168463 25.302333717 0
2990 0.688031006718 22.0873000814 0
2991 2.35820515587 27.5516445103 0
2992 1.69493533818 26.6216109844 0
2993 1.1511355985 28.9819836695 0
2994 0.791706910668 29.7037287628 0
2995 8.24537910477 23.9880508972 0
2996 0.777786493157 28.5233111847 0
2997 3.88964380654 27.5809062664 0
2998 0.781798198028 22.9006064474 0
2999 0.686329572606 25.6012512831 0
3000 2.57084850076 24.7828919682 0
3001 0.852730046479 22.0858996091 0
3002 0.645696097323 22.036771292 0
3003 3.509546478 25.422488463 0
3004 4.33747447748 22.4612054929 0
3005 0.695274899841 28.1934696638 0
3006 1.06317438078 29.9521782638 0
3007 0.912202249693 28.4725156939 0
3008 2.2185416512 28.6426237588 0
3009 0.730754072859 28.6328764599 0
3010 0.668059185062 26.6534809425 0
3011 0.679659360087 25.0518577672 0
3012 1.49475535456 25.7104100691 0
3013 6.54300364657 29.4075513228 0
3014 1.53746048819 29.819797378 0
3015 0.866453730645 29.916058415 0
3016 0.756571403355 22.0746796003 0
3017 0.645621447756 28.4750648418 0
3018 0.650198031792 29.964845639 0
3019 16.256656182 24.4181825576 0
3020 0.746818231779 29.6761990011 0
3021 1.86625655449 26.212044647 0
3022 1.00894060994 26.4699347768 0
3023 3.29482646908 23.099185703 0
3024 2.12878912618 26.7574927364 0
3025 4.39867127577 29.0420345311 0
3026 1.15047967815 28.1086700233 0
3027 6.04562161027 22.9048311517 0
3028 2.5037774467 22.4868886557 0
3029 0.787079692823 26.8555769377 0
3030 9.43334055418 22.7898443827 0
3031 0.941578131743 24.0429599315 0
3032 2.29584937969 22.9100972117 0
3033 0.782826284245 28.1411380428 0
3034 0.694564849664 27.2997282795 0
3035 0.705740671846 22.4148450358 0
3036 0.67084457725 26.9588450835 0
3037 0.807374371233 26.5256523951 0
3038 0.684646988282 22.5540862722 0
3039 0.899037938724 22.0972889582 0
3040 0.664687418131 26.7025552445 0
3041 0.834004711074 22.6374093608 0
3042 0.686085238307 25.4410000558 0
3043 3.93176884986 29.1094858247 0
3044 0.637606092084 24.1250000001 0
3045 0.702908132764 27.8348713399 0
3046 15.2298769796 28.8973468424 0
3047 0.643595850562 29.775 0
3048 1.94115872434 27.7290401046 0
3049 1.02206939007 29.1842898652 0
3050 1.61866755691 22.8244561675 0
3051 0.651507432732 29.1110620305 0
3052 0.791150652693 26.615178753 0
3053 0.695656722107 27.6450386178 0
3054 11.4879833874 24.532896322 0
3055 0.924694552189 26.1543475073 0
3056 0.719876576863 29.5672284228 0
3057 0.615767012529 26.9683604089 0
3058 0.935858002159 23.6554250483 0
3059 1.73585410102 29.1907269943 0
3060 17.2826010506 24.0494259579 0
3061 1.45135125276 26.946547613 0
3062 1.33333130974 24.1588814361 0
3063 0.735523000316 27.7986673161 0
3064 0.68240874011 24.6049997431 0
3065 1.38363766507 22.1728416659 0
3066 0.660876726579 26.7526143795 0
3067 2.47865017211 23.9000409628 0
3068 0.690012658857 27.9042873898 0
3069 1.30904431794 26.1457095584 0
3070 0.875176601993 29.2552171903 0
3071 0.919008842481 24.7369856969 0
3072 1.13527478895 23.4642655687 0
3073 5.35729559819 28.825282583 0
3074 3.76611039064 24.3370267639 0
3075 0.686846062529 24.3762220684 0
3076 1.07960799999 25.871462887 0
3077 0.979140687942 25.0724619271 0
3078 1.09256703432 22.9656902946 0
3079 1.0200092878 27.9023510896 0
3080 3.70649317451 27.8027797856 0
3081 6.89885655164 23.9733060097 0
3082 7.38026009174 26.3007357455 0
3083 2.73535754338 26.8945162958 0
3084 0.685270003853 25.2870053669 0
3085 1.18331993532 29.8609747282 0
3086 0.741467513838 27.5909454927 0
3087 1.2299221969 27.516447455 0
3088 0.892375245135 22.6861082852 0
3089 0.867999302458 22.4764433755 0
3090 19.103731171 29.5298287029 0
3091 0.67998007235 25.6408670297 0
3092 0.918657568475 23.8607785866 0
3093 1.95028984461 25.6097575725 0
3094 3.29055587213 28.1742528736 0
3095 0.680402254944 23.0063581147 0
3096 16.6197367412 25.4811176332 0
3097 1.67954023813 24.0353924388 0
3098 1.02557316259 29.3461238272 0
3099 5.60568592692 23.1406621386 0
3100 4.43467330877 26.6867199527 0
3101 11.8300526176 29.0122364635 0
3102 17.017608916 29.4886852717 0
3103 0.900748532353 24.0166157215 0
3104 1.50748436087 27.1916783638 0
3105 0.652426521095 26.9389601542 0
3106 0.661262683362 23.7016783434 0
3107 1.02419629254 24.621432855 0
3108 0.687287155133 29.1932571517 0
3109 2.81593588665 24.8367974013 0
3110 1.68989449825 26.7231470363 0
3111 0.696827849431 27.7136026139 0
3112 0.848008204879 26.0985634644 0
3113 1.09433294117 29.7816650712 0
3114 3.1279116316 24.5670987167 0
3115 1.96748774578 22.6274382955 0
3116 1.95763310661 25.7399088464 0
3117 0.850908504822 25.503795744 0
3118 0.693794947257 28.616855789 0
3119 2.05604093709 25.5489150182 0
3120 0.821878786403 25.2142482648 0
3121 0.677132830333 24.8000000001 0
3122 1.3553856634 29.511537301 0
3123 0.805046253265 26.0842903527 0
3124 1.15344019631 25.4245813592 0
3125 1.04038278283 24.7195332229 0
3126 0.980354740146 26.1730882672 0
3127 0.716552699705 22.561610334 0
3128 2.5407784446 25.2823334833 0
3129 0.942174738773 29.4479953456 0
3130 0.903568476535 28.6590002125 0
3131 0.745522880609 25.9049016595 0
3132 1.39498305641 24.8238231885 0
3133 0.771989528914 23.5320291337 0
3134 0.674354153425 23.0460569286 0
3135 2.50800897174 29.7012108241 0
3136 0.683558511636 22.9571742533 0
3137 0.868610800687 22.5280471216 0
3138 1.35974449399 29.6352235927 0
3139 1.22892507168 27.2984049923 0
3140 15.1055600573 23.0356116937 0
3141 0.654441794012 26.8021568867 0
3142 0.80236809664 26.573183981 0
3143 0.676242117405 25.2000000001 0
3144 5.72305579191 29.5109252071 0
3145 3.83225881143 29.6705573618 0
3146 0.897849775355 23.9592757868 0
3147 2.23555396956 29.5433180551 0
3148 2.22937658733 29.72909986 0
3149 0.678169979266 26.0564802792 0
3150 2.06878845191 26.2665034609 0
3151 3.83371740331 25.2856056959 0
3152 6.97507718856 24.9149894493 0
3153 3.54025246105 29.1923497629 0
3154 1.35603945606 27.2549613609 0
3155 0.647328298666 26.8486021196 0
3156 0.914395974836 28.3641667398 0
3157 0.715523684795 22.4812839255 0
3158 3.31968916829 25.7228149498 0
3159 3.83573120823 29.2965358145 0
3160 0.68249425634 22.2158835565 0
3161 1.45029286971 25.4201251252 0
3162 0.850707210263 28.931763037 0
3163 0.638915223856 26.9024235249 0
3164 1.82258447795 25.3060800261 0
3165 8.69779075457 27.9284811513 0
3166 1.19993902782 26.938358391 0
3167 1.81175647155 27.4438902517 0
3168 0.730895753417 27.7230593607 0
3169 1.26015171835 22.1362427712 0
3170 1.65030319923 28.3675744618 0
3171 3.11486584812 24.3303207112 0
3172 1.69569912731 22.7888155589 0
3173 0.787250230001 25.6313713743 0
3174 2.70693681259 22.351462869 0
3175 3.62731898936 23.1881507489 0
3176 10.6973927115 28.6241262959 0
3177 2.06590917268 25.7852591377 0
3178 1.31839404251 26.9014382937 0
3179 1.37721423443 26.1565585771 0
3180 0.724832256267 23.0914622347 0
3181 0.661129219668 20.2234367036 0
3182 0.649680380791 19.9303427389 0
3183 0.657393615814 20.5232224456 0
3184 0.650255787636 20.8234985805 0
3185 0.652092965243 19.6212830434 0
3186 0.649917620604 21.0761132463 0
3187 0.65823347274 19.3739325554 0
3188 2.30082550092 21.8688434709 0
3189 2.13201846472 18.6477831481 0
3190 0.653094971185 21.3291522047 0
3191 1.68130795696 21.8913156452 0
3192 0.650390218725 19.1780414165 0
3193 1.54550878474 18.5858725169 0
3194 2.94103622389 18.7025295291 0
3195 0.649362602287 18.972958596 0
3196 0.652538948914 21.5292917527 0
3197 1.21798790503 21.9207179495 0
3198 3.34726408362 21.7790979912 0
3199 1.13010481883 18.5725891944 0
3200 4.39534040178 18.7390316507 0
3201 0.649674512929 20.6759789361 0
3202 0.647940361316 20.0781455224 0
3203 0.65868058381 18.8253476246 0
3204 0.652627925686 21.6794973294 0
3205 0.655072065577 20.3824110377 0
3206 0.651251330362 19.7733941618 0
3207 5.0068420994 21.7454515367 0
3208 0.957021269664 21.9379977679 0
3209 6.28777091105 18.8201856858 0
3210 0.891299968748 18.5492178692 0
3211 7.05310372172 21.6564123001 0
3212 8.76052935224 18.9506198764 0
3213 0.65169320701 21.8256304886 0
3214 10.734479048 21.4078558291 0
3215 0.652031036335 18.6760888782 0
3216 0.830973243297 21.9520524285 0
3217 8.70317446572 21.5606539829 0
3218 2.71114522311 21.8013629474 0
3219 2.49751742579 18.6714334705 0
3220 1.96731900962 21.8676832002 0
3221 1.81430568261 18.6301039351 0
3222 1.42227294928 21.9029484203 0
3223 1.32284358203 18.5787185433 0
3224 13.1160541793 19.0294670635 0
3225 0.77441933619 18.5469317097 0
3226 10.7923706942 18.9609010398 0
3227 0.650500275545 19.4732830143 0
3228 0.65127888138 21.1782216793 0
3229 0.652968471655 21.4292328018 0
3230 0.649687191421 19.2740594889 0
3231 0.650372398815 20.9181847896 0
3232 0.654061021163 19.0718745286 0
3233 16.0166654117 19.1623245611 0
3234 13.1819912276 21.4336943594 0
3235 0.732368275093 21.9583973786 0
3236 16.0318854731 21.3250708102 0
3237 0.649355043354 18.5717917959 0
3238 18.5183891035 19.7872026086 0
3239 0.65639621821 21.9242513112 0
3240 5.63767686006 18.7907149882 0
3241 5.95228703417 19.1100140052 0
3242 6.60219803457 19.1404407472 0
3243 6.21639154074 19.4266685472 0
3244 5.47984104904 19.3620532416 0
3245 5.81812605369 19.7248098334 0
3246 5.15055025714 19.6945896055 0
3247 6.52527081354 19.7639269848 0
3248 5.42906098616 20.0108317603 0
3249 4.82601039829 19.9726210661 0
3250 5.06988064077 20.2618186898 0
3251 4.49005827511 20.228203934 0
3252 4.26220649817 19.9564862013 0
3253 3.9383903498 20.2011846317 0
3254 3.7370718872 19.9533147896 0
3255 3.41986851914 20.1720458212 0
3256 3.24745230753 19.9483140189 0
3257 2.97704311367 20.1360968007 0
3258 2.89311647308 19.9284125962 0
3259 2.74932094209 20.110127359 0
3260 2.67101239081 19.913718762 0
3261 2.53707584626 20.0830464161 0
3262 2.46434245758 19.9025874155 0
3263 2.34503168057 20.0539495528 0
3264 2.27676027418 19.8908027797 0
3265 2.17111448376 20.0308119367 0
3266 2.10482091042 19.8816967193 0
3267 2.0107068843 20.0147382959 0
3268 1.9462723821 19.8752065404 0
3269 1.85904964854 20.0040264739 0
3270 1.91670855233 20.141163354 0
3271 1.79871595035 19.8668322767 0
3272 1.77628970937 20.1312269079 0
3273 1.82822071054 20.2591147322 0
3274 1.69734589263 20.2547196317 0
3275 1.74704547577 20.3738657096 0
3276 1.6192248469 20.3702228445 0
3277 1.66928776038 20.4842691052 0
3278 1.79839166464 20.4960529433 0
3279 1.57290215834 20.2633038604 0
3280 1.71540400306 20.6022674713 0
3281 1.84488826766 20.6194863427 0
3282 1.59134873173 20.5876175983 0
3283 1.63211167936 20.7035368712 0
3284 1.50697267723 20.686516865 0
3285 1.55290297903 20.7982979341 0
3286 1.4387072334 20.7804031598 0
3287 1.38899472471 20.6683022489 0
3288 1.478344772 20.8870530966 0
3289 1.5869490232 20.9082821811 0
3290 1.37288164616 20.8720009945 0
3291 1.40825182228 20.9731355741 0
3292 1.87608224111 19.7430547641 0
3293 1.73484568063 19.7345404777 0
3294 1.3067768589 20.9594398894 0
3295 1.34344738093 21.0577205159 0
3296 2.59582608054 20.2898173516 0
3297 1.24142274044 21.0449128407 0
3298 1.28009097086 21.1417839562 0
3299 1.38023965441 21.155259932 0
3300 1.20504895692 20.9471608456 0
3301 1.80702502156 19.6180327984 0
3302 1.6739170046 19.6103495916 0
3303 1.31735497553 21.2397882555 0
3304 1.21637078872 21.2244832892 0
3305 1.41646876216 21.2509735967 0
3306 1.74425393759 19.495743466 0
3307 1.61863276576 19.4923723871 0
3308 1.54803487875 19.5967808807 0
3309 1.49928264436 19.4882668589 0
3310 1.43283102617 19.5811164691 0
3311 1.38684113909 19.4814945949 0
3312 1.32398633359 19.570188962 0
3313 1.27425955453 19.4761170521 0
3314 1.33972232796 19.3854466157 0
3315 1.23207401452 19.3820306558 0
3316 1.22099573805 19.563135697 0
3317 1.87110211304 19.501815268 0
3318 1.28949243588 19.2933176732 0
3319 1.18569308152 19.2909128902 0
3320 1.26323087696 19.6532291779 0
3321 1.16796133864 19.6440522206 0
3322 1.2040288292 19.729779474 0
3323 1.23446883403 19.2081275892 0
3324 1.34051383743 19.2014647222 0
3325 1.13996854974 19.2034369867 0
3326 1.2537971062 21.3325597593 0
3327 1.14965036613 21.2983237709 0
3328 1.10870502795 19.7192487009 0
3329 1.14610947554 19.8012410217 0
3330 1.07978319282 19.6356936822 0
3331 1.18839314312 19.1245056268 0
3332 1.10000774291 19.1210410093 0
3333 1.08065571937 19.284161768 0
3334 1.17850868489 21.3840484896 0
3335 1.09351253856 21.3681995972 0
3336 1.06748604458 21.2867291648 0
3337 1.05794339586 19.7930752123 0
3338 1.0930829046 19.871960067 0
3339 1.68338925114 19.3740919277 0
3340 1.11442850422 21.4496339365 0
3341 1.03795262406 21.4345615288 0
3342 2.57662136999 19.7357768913 0
3343 1.06121102688 21.5117510299 0
3344 3.5619367047 20.443527789 0
3345 1.14465614801 19.0464470572 0
3346 1.05975532114 19.0456402332 0
3347 1.01682581181 19.1143325646 0
3348 1.23669264147 19.8151939081 0
3349 1.0088247521 19.8669890733 0
3350 1.04299599185 19.9417352078 0
3351 1.19009457867 21.4773840232 0
3352 0.975308465908 19.7915738009 0
3353 0.980350576635 19.0419759144 0
3354 1.01917047305 18.9750199367 0
3355 0.987091797379 21.497249203 0
3356 0.961963436603 21.4234354901 0
3357 0.960835052066 19.9353563159 0
3358 0.991507003728 20.0098013716 0
3359 1.07732286135 20.0170014752 0
3360 1.0238741014 20.0866514756 0
3361 1.11251698392 20.0941586253 0
3362 1.06036379437 20.1631112073 0
3363 0.9759804374 20.1525159521 0
3364 1.01195521149 20.2293337796 0
3365 1.09415019346 20.2424341058 0
3366 1.04147286484 20.3080852607 0
3367 1.12552402228 20.3250971106 0
3368 1.06950454469 20.3913637867 0
3369 0.987934843856 20.3705067165 0
3370 1.01226549918 20.4532422102 0
3371 0.944130575142 18.9731227648 0
3372 0.978789633957 18.908403495 0
3373 1.01200400739 21.5727272236 0
3374 3.52393610094 19.7468347006 0
3375 0.936455091397 21.5558903137 0
3376 0.935055082849 20.4305741408 0
3377 0.950711791527 20.5124850703 0
3378 0.906857264521 20.3494107415 0
3379 0.940424235154 19.1069421945 0
3380 1.03551166962 20.5352740449 0
3381 0.982566762676 20.5899410602 0
3382 1.05290476386 18.9061056308 0
3383 0.914856167649 20.5807143109 0
3384 0.940306038668 20.6468238201 0
3385 1.09140245099 21.5887983594 0
3386 0.913933168175 19.9983282966 0
3387 5.68701382683 20.321827198 0
3388 1.18148009071 20.2560573059 0
3389 1.00799900031 20.6606639085 0
3390 0.962924937821 20.7171089655 0
3391 1.23186837353 19.045493751 0
3392 1.97514459426 20.2726840551 0
3393 0.907804501294 18.9086383457 0
3394 0.939195616512 18.8436270869 0
3395 1.21363548383 20.3415155911 0
3396 0.960079422006 21.6309806594 0
3397 0.887460830227 19.9320380893 0
3398 4.71141865106 20.4980269614 0
3399 0.898919596858 20.7001105411 0
3400 0.904026393434 20.7695090793 0
3401 1.66775468189 19.8501717465 0
3402 0.878596469925 21.6159975065 0
3403 0.864624575786 21.5343522143 0
3404 0.86563343517 20.4164243443 0
3405 0.862301772223 18.8459303832 0
3406 1.13258425192 21.0349667322 0
3407 0.8400722079 20.358150708 0
3408 0.909589916618 21.686712952 0
3409 0.984755658441 21.7053164506 0
3410 0.876694611932 18.967915188 0
3411 0.84823450818 19.9860339632 0
3412 0.898966411055 18.7837498518 0
3413 0.836736083585 18.785241012 0
3414 0.970694253932 18.7804590559 0
3415 0.981897205116 20.7870615 0
3416 0.930538099072 20.8391994395 0
3417 0.862402655788 20.8305768916 0
3418 0.882434505513 20.89200528 0
3419 0.82420327459 19.932401841 0
3420 0.792162387819 19.9760814774 0
3421 0.809243300328 20.0255676476 0
3422 0.842903907124 21.6786613729 0
3423 0.864644611721 21.7364756358 0
3424 0.806269682752 21.7256670255 0
3425 2.19584103618 19.7375441243 0
3426 0.824297423577 21.7802540376 0
3427 0.807552628272 20.4066388756 0
3428 0.785835600894 20.3553326778 0
3429 0.812793613499 20.3097681642 0
3430 0.803928579295 18.8318768707 0
3431 0.781291482372 18.784397592 0
3432 0.805425960361 18.7379585451 0
3433 0.822362887261 20.8764741207 0
3434 0.835450304678 20.9380934157 0
3435 0.896914075428 20.9564390273 0
3436 0.838958106538 21.0041257294 0
3437 0.908805245724 21.0240322573 0
3438 0.860738978066 21.0709461603 0
3439 0.804020767914 20.8213413517 0
3440 0.923917856326 21.0930057574 0
3441 0.873742279915 21.1359788755 0
3442 0.787511000857 20.9694080628 0
3443 0.816037590896 21.1124025242 0
3444 0.824857653051 21.1727448781 0
3445 0.882616200904 21.2068006531 0
3446 0.824624686206 21.2309277521 0
3447 0.780100221389 21.6695605494 0
3448 1.48401241246 21.1706836771 0
3449 1.51736838414 21.2706974113 0
3450 1.59281223938 21.1890309137 0
3451 1.62756168142 21.3036514439 0
3452 1.7119229667 21.2046566729 0
3453 1.75438346351 21.333157116 0
3454 1.84485054978 21.2229417847 0
3455 1.53334191913 21.3748792255 0
3456 1.8937867689 21.3571759616 0
3457 1.98881429881 21.2436525065 0
3458 1.9318981152 21.1061125183 0
3459 2.08494005084 21.1223076779 0
3460 2.14089505983 21.2703423817 0
3461 2.24808936518 21.1439958443 0
3462 2.18121109438 20.9890601054 0
3463 2.35706579439 21.0054066119 0
3464 2.42176690871 21.1720269116 0
3465 2.5395739419 21.0264567833 0
3466 2.28552780934 20.8455048134 0
3467 2.60577005431 21.2092107006 0
3468 2.73006910386 21.051408696 0
3469 1.79792780595 21.4667804841 0
3470 2.79865826018 21.244771486 0
3471 2.93754744922 21.0844250922 0
3472 2.85534741791 20.8809546497 0
3473 1.94014506103 21.493534968 0
3474 1.16513810153 20.0224069745 0
3475 1.27072014728 20.2690854624 0
3476 1.30482220548 20.3559487603 0
3477 1.2449082751 20.4312285975 0
3478 0.763859339898 20.3082103348 0
3479 0.789567908766 20.2637754955 0
3480 0.82691696324 20.4609503019 0
3481 0.773847093647 20.4495972328 0
3482 0.789730552435 20.5006771452 0
3483 2.47831614479 21.342317935 0
3484 0.772521324529 21.7690517419 0
3485 0.787620541861 21.8198015275 0
3486 0.838031165773 21.8341690874 0
3487 0.769025921083 20.8616626361 0
3488 0.779001983611 21.202749855 0
3489 0.781049911524 21.2573461766 0
3490 0.824686170578 21.284945958 0
3491 0.782396043507 21.3102829836 0
3492 1.0023757598 20.8505463107 0
3493 1.05096755481 20.7927444723 0
3494 0.84035457918 20.2640046452 0
3495 0.815579124326 20.2172637043 0
3496 3.13534098514 20.9012823761 0
3497 3.29655480973 21.1218430299 0
3498 3.57613352897 20.9177625446 0
3499 3.75190864068 21.1504078681 0
3500 0.75291331347 20.8102019624 0
3501 0.784475802146 20.7703893617 0
3502 0.769397040282 19.9305221169 0
3503 0.795378953081 19.8871117168 0
3504 0.754070527484 18.7425876943 0
3505 0.774919807411 18.6955647656 0
3506 0.823267747063 18.6887372037 0
3507 0.736991805871 20.7616025993 0
3508 0.766378041825 20.7209388379 0
3509 0.925060174529 18.7149217596 0
3510 0.74093831781 19.9692362964 0
3511 1.47311791515 19.6839006833 0
3512 0.969808988794 19.1785251566 0
3513 0.891944007856 19.1684795226 0
3514 0.922465352969 19.2398322286 0
3515 0.845479138286 19.2388800324 0
3516 0.881718215047 19.2985652228 0
3517 0.824432997719 19.1802131996 0
3518 0.820547270703 19.2990297866 0
3519 0.846098924476 19.3494006215 0
3520 0.908125905512 19.3590153829 0
3521 0.858899942247 19.4120868378 0
3522 0.933427627825 19.4224258342 0
3523 0.890609208819 19.475662912 0
3524 0.827863437496 19.4712444236 0
3525 0.8516086859 19.5260318968 0
3526 0.794600996418 19.5178247203 0
3527 0.813252940049 19.5713106723 0
3528 0.870016571234 19.5838038217 0
3529 0.827946444651 19.6278055058 0
3530 0.789669072416 19.342428884 0
3531 0.773962691868 19.4699534868 0
3532 0.759549933459 19.5592644544 0
3533 0.883676922347 19.6432958899 0
3534 0.839420054159 19.6844889456 0
3535 0.789378073388 19.6683436563 0
3536 0.799711092604 19.7204347036 0
3537 0.755086508257 19.7060504187 0
3538 0.763183456537 19.7583826337 0
3539 0.806376536219 19.7632837751 0
3540 0.744375411934 19.8871787211 0
3541 1.33886320212 20.4489486689 0
3542 0.826996399021 21.336984376 0
3543 0.783460761349 21.362638145 0
3544 0.872620020571 21.3108812063 0
3545 0.768616993846 19.3001794879 0
3546 4.79410521188 19.4166229193 0
3547 0.764066335519 20.2195986207 0
3548 0.786569286142 20.1738790369 0
3549 0.739021164014 20.1778204669 0
3550 0.95897334895 19.4856319743 0
3551 0.736763357237 21.2301791801 0
3552 0.759832744947 20.1334971449 0
3553 0.828897027967 21.3898528804 0
3554 0.782920896927 21.414434685 0
3555 1.00721930243 18.7154407026 0
3556 0.806485184249 20.1270506123 0
3557 1.00727040768 19.4297282528 0
3558 0.754303664899 18.8282941825 0
3559 0.773646053229 18.8722062999 0
3560 2.22220116186 20.1885503706 0
3561 2.10552649915 20.8301788391 0
3562 2.21477855327 20.6950270261 0
3563 2.38937169773 20.6974965768 0
3564 1.18829453 18.9671317658 0
3565 1.28083247817 18.9674188012 0
3566 1.23640645593 18.8847551862 0
3567 1.33317278845 18.8832485092 0
3568 1.3840268489 18.9903907514 0
3569 1.43946451164 18.8879572498 0
3570 1.49462771555 18.9825456037 0
3571 1.55590271928 18.8834411049 0
3572 1.61557387409 18.9892449075 0
3573 1.54802136477 19.0862450956 0
3574 1.66998450028 19.1066100823 0
3575 1.7439289019 18.9970304265 0
3576 1.80312449496 19.1231840017 0
3577 1.87840632199 19.0033912457 0
3578 1.94230735147 19.1321957392 0
3579 2.01690871131 19.0078469115 0
3580 2.08612945825 19.136605416 0
3581 2.15915668112 18.9978245293 0
3582 2.24215698789 19.1389676751 0
3583 2.15588145718 19.2792865891 0
3584 2.31769777266 19.2911044787 0
3585 2.4125120514 19.1431412125 0
3586 2.48861763263 19.3062843014 0
3587 2.59820490548 19.1489990685 0
3588 2.68623103259 19.3553936722 0
3589 2.80032972387 19.1691902931 0
3590 2.90508689406 19.347098086 0
3591 3.04598405174 19.1354878842 0
3592 2.97849725273 20.7031258574 0
3593 1.83912814436 21.6010231173 0
3594 1.70209753879 21.5720592287 0
3595 0.72799019078 18.8686992301 0
3596 0.746432692324 18.9130653154 0
3597 0.979563822404 21.0473439423 0
3598 0.98777178948 21.1202298277 0
3599 0.792613347499 18.6471136734 0
3600 1.28499794303 18.8026561086 0
3601 1.19489516172 18.8042605421 0
3602 4.058584087 20.9411471086 0
3603 4.23338083911 21.1873515482 0
3604 0.744706307651 18.6548200702 0
3605 1.27480233304 20.5246701856 0
3606 2.77220681798 20.68869765 0
3607 0.963560500205 18.6561912477 0
3608 0.739691836935 21.3866605032 0
3609 0.739099822979 21.4373388182 0
3610 0.781505762312 21.4665328506 0
3611 0.738231221947 21.4873080474 0
3612 2.30913421949 20.5454631157 0
3613 0.73942495316 19.6569609936 0
3614 0.704539140972 19.6977748173 0
3615 0.739287544578 20.4891992413 0
3616 0.754893790656 20.5378065686 0
3617 0.802822181257 20.5516828203 0
3618 0.768751265701 20.5867989934 0
3619 0.816468366427 20.6034153276 0
3620 0.724146076655 20.4409863152 0
3621 0.74017634933 19.3396375638 0
3622 0.722476768717 20.5721946589 0
3623 0.734154105944 20.6205960755 0
3624 3.91169481418 21.3818625676 0
3625 2.70252212017 18.962200102 0
3626 1.20205622681 20.1017000492 0
3627 1.25594519263 20.0249003296 0
3628 1.95487427242 18.8848823961 0
3629 2.1141038738 20.5532983014 0
3630 0.738324478682 21.808988427 0
3631 0.72364470033 21.7599458712 0
3632 0.750936614955 21.8576907661 0
3633 0.73347216982 21.1770360732 0
3634 1.403148702 20.369119895 0
3635 4.572929916 20.9768538333 0
3636 2.3873915877 19.4465431065 0
3637 0.736632933648 20.3509498862 0
3638 0.717569409541 20.3056298581 0
3639 1.03118387706 19.4951717539 0
3640 1.98516525389 21.6304379801 0
3641 2.08819961372 21.523008801 0
3642 0.767279340167 19.8446065265 0
3643 0.718918762521 19.8450517353 0
3644 0.872266905939 20.2155237381 0
3645 0.715378996467 20.1383688927 0
3646 0.734592621135 20.0884405872 0
3647 1.86615287991 19.2539939526 0
3648 1.04419073839 18.7811076756 0
3649 1.08945560198 18.7093270596 0
3650 0.780386613229 21.5163424705 0
3651 0.737391368867 21.5367824083 0
3652 0.779109750734 21.5637018415 0
3653 0.736564640777 21.5865167883 0
3654 4.73529758405 21.2336108733 0
3655 5.11425534259 21.018006557 0
3656 5.27560361215 21.2869355622 0
3657 5.71023695244 21.0557407881 0
3658 5.87665522999 21.3944570058 0
3659 6.33818017246 21.081799287 0
3660 1.29386894819 20.1104553698 0
3661 1.35084445315 20.0303344523 0
3662 1.39010211954 20.1246439746 0
3663 1.45574066679 20.0433149421 0
3664 1.40185488258 19.941989071 0
3665 1.0826638832 19.4399479208 0
3666 0.759505809403 19.3882500822 0
3667 0.695726390019 18.9074768513 0
3668 0.719860897795 18.9537356557 0
3669 0.76715430559 18.9597302991 0
3670 0.738335455448 19.0015057589 0
3671 0.788765468801 19.0062547529 0
3672 0.75780632057 19.0480895471 0
3673 0.808342964572 19.0525853623 0
3674 0.77912116528 19.0925964816 0
3675 0.731160778147 19.0897121069 0
3676 0.751362262895 19.1316388 0
3677 0.829114950737 19.0962329094 0
3678 0.853136474496 19.0592996003 0
3679 0.845096674043 18.6441280984 0
3680 3.22268684729 19.3578405315 0
3681 3.49963165603 19.1673190469 0
3682 3.6492681933 19.3750415755 0
3683 3.94086236948 19.1770628197 0
3684 3.71465776493 18.9438874753 0
3685 0.817371505756 19.8404358563 0
3686 0.720187351169 20.7099580555 0
3687 0.689642885588 20.7459625968 0
3688 1.49189225499 18.7900330997 0
3689 1.61266948536 18.7711084022 0
3690 0.689108169161 20.6016402296 0
3691 1.59155988404 19.1982858094 0
3692 1.23367728815 18.7229419999 0
3693 2.89312581401 20.5079850955 0
3694 1.18240946911 20.5043236208 0
3695 1.21044117692 20.597754601 0
3696 2.48564783384 20.5531291529 0
3697 0.931196428192 19.5983375299 0
3698 0.944933348263 19.663448598 0
3699 1.43940891856 20.4658689884 0
3700 1.66514025855 21.0862701074 0
3701 1.10845325891 20.9343079494 0
3702 1.16987070302 20.84819362 0
3703 0.803270695311 21.0562025752 0
3704 0.765082161104 21.0926419679 0
3705 0.753801035358 21.042796929 0
3706 2.9860989008 19.5603151778 0
3707 0.786132170087 19.2214374935 0
3708 0.722030486528 20.8481367177 0
3709 0.73207675136 20.8985508264 0
3710 0.896780973749 20.2687209506 0
3711 1.73600836776 21.6954292572 0
3712 1.61380466333 21.6680577127 0
3713 6.09307963154 20.7961952785 0
3714 6.7648191731 20.794378444 0
3715 6.3574908704 20.4508730819 0
3716 7.19719277477 20.4793462607 0
3717 7.52898595733 20.8696851509 0
3718 7.99684784455 20.5114982548 0
3719 7.67088173175 20.1384076608 0
3720 8.48120233562 20.1728275096 0
3721 8.82419341142 20.5685199484 0
3722 9.33893945289 20.215947167 0
3723 8.1258620224 19.7818637184 0
3724 9.65857941468 20.6756583576 0
3725 10.2513737076 20.2937988131 0
3726 9.8462829641 19.8218831964 0
3727 10.8062067825 19.8647608756 0
3728 11.2302810851 20.3686686192 0
3729 11.8632342093 19.9052404762 0
3730 12.3015649743 20.4174021387 0
3731 12.9988323815 19.9370241224 0
3732 13.4262809454 20.4572155496 0
3733 14.2236710307 19.9519417001 0
3734 11.5864840596 20.9168411161 0
3735 1.50820938537 19.943603062 0
3736 1.57146102137 20.042371023 0
3737 2.13133858359 21.6651004808 0
3738 2.24537947304 21.5597560488 0
3739 1.45077428032 19.8515681548 0
3740 0.818836392978 21.6309862971 0
3741 4.16546778193 19.4442418707 0
3742 1.92744530753 20.5097288567 0
3743 1.97873495022 20.64436006 0
3744 1.88931400988 20.7414270916 0
3745 0.706421491333 19.1281580526 0
3746 0.722743868312 19.1684759874 0
3747 0.721399042495 19.296337876 0
3748 0.761000371964 18.6054316212 0
3749 0.713351671526 18.6164508001 0
3750 1.21451037058 19.9497199118 0
3751 1.46085085932 19.1762045837 0
3752 1.51422817457 19.2905622637 0
3753 0.717241786031 21.072744813 0
3754 0.707298000438 21.0246831739 0
3755 0.822289515649 21.4947230289 0
3756 14.4855916031 20.5642468552 0
3757 0.86324175539 20.0462318044 0
3758 1.32779318907 18.7213498813 0
3759 1.57993568906 21.5580986901 0
3760 1.49849911702 21.6450194029 0
3761 1.46013650683 21.5410793671 0
3762 1.39067766611 21.6228225544 0
3763 1.42019521165 21.7250456726 0
3764 1.31779242777 21.7020083006 0
3765 1.28927131212 21.6025451178 0
3766 1.21935866538 21.6800438925 0
3767 1.24403882975 21.7711021138 0
3768 1.15179710378 21.7456272137 0
3769 0.727810081866 21.1241743658 0
3770 0.813858425181 20.7298811587 0
3771 0.796202537223 20.6834436564 0
3772 2.41621636068 20.3898991827 0
3773 0.715508609334 20.2215879885 0
3774 0.695748494347 21.4583104492 0
3775 1.33626663322 19.8483347238 0
3776 0.932310553371 20.0804483509 0
3777 0.694808092892 21.5585025804 0
3778 0.694666630967 21.6095523374 0
3779 0.691640810582 20.4810300813 0
3780 0.677276412504 20.4317499068 0
3781 1.13128441524 19.5631928715 0
3782 0.749537714105 19.2577985763 0
3783 0.699577309882 21.8512372687 0
3784 0.720626580306 21.8873837511 0
3785 0.757858535348 21.9100785177 0
3786 0.708485203504 19.3765376568 0
3787 0.74166400762 19.5091899635 0
3788 0.702034309903 19.5512410913 0
3789 0.726568146341 19.4624465422 0
3790 0.72697653412 19.5956070179 0
3791 0.735988447643 21.6366544507 0
3792 0.753024891629 21.720056377 0
3793 0.69837233216 21.7119073279 0
3794 0.681924106489 21.7551095705 0
3795 0.996573047207 19.2496959206 0
3796 3.8428274896 20.692158463 0
3797 0.884703746837 20.4777055853 0
3798 9.03824582859 21.0584440538 0
3799 15.4985330053 19.9958148953 0
3800 0.845716017006 18.9128312042 0
3801 0.921117736861 19.862334825 0
3802 0.898127314894 19.7829991402 0
3803 0.780843168591 20.915165149 0
3804 0.739577047102 20.9484907786 0
3805 1.04804794561 21.074351052 0
3806 1.0489637411 21.1556467046 0
3807 0.993358828604 21.1917419224 0
3808 0.693334513587 21.2042650692 0
3809 0.694966362323 21.2554536316 0
3810 1.01363978312 21.3554649863 0
3811 1.33249920227 20.7702400797 0
3812 4.55101579476 19.6849363968 0
3813 0.916334276673 21.484035075 0
3814 4.45319725979 19.1848855394 0
3815 4.96455901041 19.1290309681 0
3816 0.698778961197 19.885653157 0
3817 0.669952705301 19.8474701297 0
3818 1.70831386389 19.9939499321 0
3819 1.18185780124 21.1286066626 0
3820 1.01562974904 19.7074386101 0
3821 0.728375747416 18.5695086442 0
3822 0.811589619741 18.5959087821 0
3823 7.31362802976 19.7788829326 0
3824 7.75082926013 19.3776184781 0
3825 7.85045881163 18.8977176186 0
3826 8.58591912914 19.4131689491 0
3827 1.18774782899 21.5779108014 0
3828 0.903086160497 20.1573033502 0
3829 0.687390484634 20.8846192452 0
3830 0.76094569316 20.0126460196 0
3831 0.713324682967 20.0071612398 0
3832 0.688687907646 19.9613768851 0
3833 0.707520733323 18.8254986443 0
3834 0.73943910145 21.3348578916 0
3835 0.696284241181 21.3577664437 0
3836 4.38484115882 21.7233345282 0
3837 1.12461459786 21.9229779778 0
3838 1.03983114488 18.5701817512 0
3839 1.35817142127 21.5212374652 0
3840 1.42905472431 21.4290227645 0
3841 1.31736027839 21.4245773149 0
3842 0.797962588484 19.4259205056 0
3843 1.5910249892 19.7245633726 0
3844 1.11447793213 20.5810443161 0
3845 1.15545530511 20.6757567843 0
3846 1.23308437827 20.6843618479 0
3847 1.17014837241 20.7532480431 0
3848 0.773109454826 21.1475257334 0
3849 1.34592507466 21.8093051481 0
3850 1.13625666568 18.8838153326 0
3851 0.888338959701 21.9472823872 0
3852 0.917013463814 21.8870428662 0
3853 0.986808299389 21.8707881619 0
3854 0.933332844252 21.8238603199 0
3855 1.00797842558 21.7884290636 0
3856 1.0359579503 21.9310464393 0
3857 0.852722891097 21.895304988 0
3858 3.8447072571 21.7668540888 0
3859 1.27275530236 20.8617301659 0
3860 0.960109882268 18.5527967519 0
3861 4.03057754769 19.6950233639 0
3862 1.40450242083 19.2919169283 0
3863 1.37187673433 19.1003387264 0
3864 1.52863686999 21.7524560574 0
3865 0.770150355666 19.1748800507 0
3866 0.665184001728 20.0047037187 0
3867 9.76992337702 18.9452458263 0
3868 7.83817401136 21.6149247584 0
3869 9.6434074815 21.5295522773 0
3870 14.4828349789 19.2255079445 0
3871 16.9287407047 19.7412750753 0
3872 16.8063179049 20.5689681399 0
3873 14.5428431351 21.2893378119 0
3874 11.9015723444 18.9802653213 0
3875 2.9382162631 21.7903675282 0
3876 3.0902080847 21.5448863305 0
3877 2.80557288124 21.5985676673 0
3878 2.6022688061 21.6186285159 0
3879 2.47251534329 21.8003672943 0
3880 2.71046657239 18.7199110724 0
3881 1.36632767731 19.6659741522 0
3882 2.30806878258 18.6594988335 0
3883 2.40190005089 18.8262024242 0
3884 2.20749342304 18.8254497915 0
3885 2.1383582976 21.8382444337 0
3886 1.96892440998 18.6339482926 0
3887 1.81625201636 21.8845891649 0
3888 1.04304956015 20.9976200446 0
3889 1.65755326089 18.6336126548 0
3890 1.744978384 18.7585714434 0
3891 4.1387001611 20.466812793 0
3892 7.01340534754 18.8355755953 0
3893 1.54424010659 21.8784699646 0
3894 5.61932794523 21.727499728 0
3895 6.29512927233 21.6957543657 0
3896 11.9634734546 21.4586742134 0
3897 10.5726460879 20.8127943415 0
3898 17.4962927839 21.3265958792 0
3899 5.00140532772 18.8082389963 0
3900 3.35988609351 18.7522342135 0
3901 3.02769551704 18.9094122768 0
3902 1.43613389091 18.601488219 0
3903 1.22227795861 18.5761421268 0
3904 1.31866280482 21.9117015916 0
3905 0.776088146471 19.6132153834 0
3906 0.706573759433 20.3917325809 0
3907 1.06954584275 21.8563525145 0
3908 18.4557924929 20.6528873514 0
3909 1.8734652975 21.7478821488 0
3910 2.65638984202 20.8655621886 0
3911 2.37939157875 19.7378886728 0
3912 2.02825865791 19.7408907127 0
3913 2.10281187848 19.5783939128 0
3914 2.80378036532 19.7075197059 0
3915 2.65798297168 19.5570176104 0
3916 2.01902342608 20.9805075344 0
3917 1.86546336125 20.9743366117 0
3918 1.76007930505 20.7230862246 0
3919 0.870410350836 20.6346494461 0
3920 2.23339175167 20.3746020564 0
3921 1.16578960915 19.4719803376 0
3922 0.741564590985 19.8040812958 0
3923 0.652456848339 21.8739168812 0
3924 1.11557919164 21.2058875607 0
3925 0.69821076126 20.6576624228 0
3926 0.746551745062 20.6703568413 0
3927 0.701933230957 19.0455143077 0
3928 0.652873187705 20.9709900151 0
3929 0.658673869518 21.0219497372 0
3930 0.654069357669 19.724115919 0
3931 0.6922427701 19.7510300288 0
3932 0.656382904579 19.6724965061 0
3933 0.652518914379 18.8780036318 0
3934 0.653030139491 19.5238178696 0
3935 0.65970780762 18.6212620047 0
3936 0.650236688596 20.1706560521 0
3937 0.647611298584 20.1244000062 0
3938 0.65106934938 19.2256948965 0
3939 0.650767393337 20.2775345586 0
3940 0.649884609317 20.3260535778 0
3941 0.650373144624 19.3223412873 0
3942 0.652729051389 19.0221158664 0
3943 0.649376174922 19.4246893711 0
3944 0.650682919789 21.1276566675 0
3945 0.651390908014 18.7248110205 0
3946 0.68577549369 18.702483176 0
3947 0.698495460035 18.747265639 0
3948 0.652395964048 19.5735143128 0
3949 0.652788109025 18.7732329355 0
3950 0.859810531649 18.7323198105 0
3951 0.658024490419 19.1261182606 0
3952 1.47441073494 20.5724073584 0
3953 0.691811016089 19.8009455252 0
3954 0.840615741309 20.5148267063 0
3955 0.781022308983 21.9554747387 0
3956 2.41624620849 21.6087936947 0
3957 1.05504532833 19.3651119568 0
3958 0.840688829293 20.1667509098 0
3959 0.740757209078 20.2638055817 0
3960 0.755738624631 20.3992020635 0
3961 7.39962040587 21.2715589814 0
3962 8.13666070659 21.2009504732 0
3963 3.084928258 20.3471312574 0
3964 0.738432613899 21.2825373676 0
3965 0.778382984902 20.0965635622 0
3966 0.801612243649 21.8686551048 0
3967 1.64633569419 21.4405911118 0
3968 0.651930018941 18.925 0
3969 3.43562625494 21.3517684841 0
3970 0.932508611965 21.3501634298 0
3971 0.988415442985 21.2697007068 0
3972 0.845267123801 19.7416263755 0
3973 0.781692381208 20.6350985095 0
3974 0.934304157753 21.1599656453 0
3975 0.950092074785 20.9054975754 0
3976 1.51057939904 20.9901957212 0
3977 0.694760322301 19.250795614 0
3978 1.81537381641 18.8800785334 0
3979 0.693272382506 19.4944088939 0
3980 0.706294431258 20.5262865523 0
3981 5.27572170713 20.5394012192 0
3982 0.649409905613 20.5763549973 0
3983 1.15509280512 20.4120949907 0
3984 0.698107596221 20.8012720222 0
3985 1.16593953841 21.8365677093 0
3986 1.09974705866 18.9748604667 0
3987 1.03993527147 21.6487438745 0
3988 1.06439148436 21.7241860678 0
3989 3.37179179852 20.6996874943 0
3990 0.852584955168 19.8826128315 0
3991 1.30242364311 20.6163759351 0
3992 2.06731422383 20.1546429493 0
3993 2.21964320502 19.4323982968 0
3994 2.06678220715 19.408317117 0
3995 2.00317483101 19.2681995311 0
3996 0.696162340432 21.4081794887 0
3997 1.00119310078 19.6192151266 0
3998 1.05063997664 19.1918655676 0
3999 1.81157569823 19.3777729763 0
4000 0.653098533153 21.3791462939 0
4001 0.962977358427 20.2909002864 0
4002 0.832690933186 20.7783672251 0
4003 1.67457786786 20.823988853 0
4004 1.71123428292 20.9629189242 0
4005 0.652750602606 21.4791909921 0
4006 0.648647814662 20.724993831 0
4007 0.695908215377 21.3067616522 0
4008 0.937174507917 20.2190496762 0
4009 6.12128742979 20.0677049665 0
4010 0.82474606565 21.4428086155 0
4011 0.885226560229 21.4184162017 0
4012 1.30163610615 19.7457017239 0
4013 0.652746782248 21.2785359561 0
4014 6.86429194165 20.1131903146 0
4015 0.730654403626 18.7860797094 0
4016 0.949970411672 19.3047122713 0
4017 2.30585124859 21.3029149889 0
4018 0.721107726269 19.927606184 0
4019 1.1720425051 18.6569581296 0
4020 0.690517556514 21.7968531504 0
4021 2.66630284784 21.4182639275 0
4022 3.02554968956 21.3068520445 0
4023 1.27989859724 19.1223901377 0
4024 0.695246214772 21.5082701781 0
4025 1.12925358793 21.667531232 0
4026 1.94313146168 19.6225387906 0
4027 2.04207610515 20.4088340893 0
4028 0.905847760341 18.652970285 0
4029 2.50678171875 18.9876661107 0
4030 1.3637983746 20.2805617377 0
4031 1.30929387374 19.9347790837 0
4032 0.696560556492 19.6369434469 0
4033 2.32161329098 18.9858256405 0
4034 1.13752826474 19.3743968427 0
4035 1.71800531662 19.2459176459 0
4036 1.38390864005 18.7993105732 0
4037 0.652425053836 21.5796638498 0
4038 0.745231078329 20.9962711639 0
4039 0.699270531708 20.9785469373 0
4040 2.03664300267 21.38298008 0
4041 2.28730043869 19.5907419298 0
4042 1.03035985531 20.7270232424 0
4043 1.14795060443 20.1736750462 0
4044 4.37436219047 20.7222835461 0
4045 1.78841825573 21.0928727699 0
4046 8.95878256199 19.8080943521 0
4047 0.683904182017 21.9621395863 0
4048 2.4670366498 20.855180035 0
4049 0.652570406031 21.6301180205 0
4050 0.690687770651 21.1525957169 0
4051 0.944992450501 19.7295583374 0
4052 1.68140453017 18.8799124697 0
4053 1.03013897739 18.6480990928 0
4054 0.685623277903 18.5411407966 0
4055 0.690533968753 18.9909236991 0
4056 2.0492371921 18.7690488979 0
4057 0.832911956559 18.5477480928 0
4058 2.67586463012 20.483986136 0
4059 1.12863148595 19.9469264779 0
4060 1.88638730965 20.3867133977 0
4061 1.44624647787 21.0721623781 0
4062 1.00953326579 18.8439072579 0
4063 0.855752489401 20.5693734741 0
4064 4.36989523074 21.4401842744 0
4065 0.65129682431 20.7751102848 0
4066 0.695045398046 21.6599074097 0
4067 0.652090471991 21.2279504241 0
4068 0.878247309616 21.7947123402 0
4069 0.690576443582 20.3450962762 0
4070 0.914693513245 21.2686677777 0
4071 1.88874228535 18.7567537743 0
4072 3.86935368001 18.724125455 0
4073 1.45132331409 19.3877659276 0
4074 1.46605668282 20.2834878755 0
4075 1.50594283112 20.37990334 0
4076 0.800739287742 19.1353861968 0
4077 1.50211613912 20.1580306505 0
4078 1.36981725941 20.5494288975 0
4079 0.842630624473 19.0128366993 0
4080 6.91690235337 19.4580237313 0
4081 0.694145264469 20.2639949412 0
4082 3.60437516689 21.57248 0
4083 0.647479843507 20.4693394257 0
4084 0.81558268768 20.0775275508 0
4085 2.82255936874 20.3122831749 0
4086 1.09487506254 20.4792495019 0
4087 2.39852287488 20.227500195 0
4088 2.5638375776 18.833482636 0
4089 0.817909176011 18.9632782814 0
4090 0.693382543164 19.3340908784 0
4091 1.8041899376 20.8478109829 0
4092 0.697601241317 18.6622250837 0
4093 0.865158248958 19.8324373699 0
4094 0.978640311803 19.3669015097 0
4095 0.693593400221 20.933230432 0
4096 0.64981539574 21.7269904476 0
4097 1.54993730394 20.4767148725 0
4098 12.7042771647 20.9194229484 0
4099 10.3315756755 19.4013795118 0
4100 0.92655943064 21.7528460864 0
4101 6.64933768892 21.3653980747 0
4102 0.869869186722 21.3625569935 0
4103 0.69000577843 19.1993538958 0
4104 1.40326997872 19.7616989076 0
4105 0.777423521407 21.6139051491 0
4106 9.41617940989 19.3869791694 0
4107 0.794293621113 18.9160332722 0
4108 1.23720203003 20.18458944 0
4109 1.30970060643 19.0452064335 0
4110 1.3571995326 21.3336840599 0
4111 0.68598244619 20.1040184278 0
4112 0.689468023841 20.0519870297 0
4113 0.755185279474 19.4330879407 0
4114 1.42411385521 18.7085096921 0
4115 3.04912297122 19.7530359462 0
4116 0.644837999949 20.625 0
4117 4.16096986084 18.953759443 0
4118 0.693832419399 20.1805363138 0
4119 0.966936798388 20.9751127642 0
4120 17.461587415 19.0920530525 0
4121 1.12897687795 21.5210956301 0
4122 1.6386373096 21.7828993403 0
4123 0.654046956963 19.8891281606 0
4124 1.17875152833 19.8787339452 0
4125 0.648508235141 20.8702177619 0
4126 7.23306301666 19.1551095203 0
4127 1.64809958831 20.1343873234 0
4128 2.1961545604 21.4160557852 0
4129 1.5509481981 21.0859788481 0
4130 2.10802556736 20.2798627041 0
4131 4.92171640408 20.7586962064 0
4132 0.824363439285 21.5811170377 0
4133 0.821983088418 20.6499636493 0
4134 11.3584908255 19.428506963 0
4135 2.4807686784 19.5968152115 0
4136 0.859778160794 20.31057723 0
4137 0.787237870018 19.8020424205 0
4138 0.687249646228 21.1023948128 0
4139 1.5634565687 19.3888878355 0
4140 1.07763160271 20.858344855 0
4141 0.735491549772 19.2121286264 0
4142 0.901977150652 19.0367838466 0
4143 0.644710458033 19.9692846685 0
4144 2.03785462052 21.7551084683 0
4145 2.28319347398 21.7049424314 0
4146 1.09984215227 20.7357757852 0
4147 2.85416834417 18.8633239625 0
4148 0.850253994156 19.1367557392 0
4149 1.11654405537 18.7937900243 0
4150 0.687044875715 18.5837953738 0
4151 0.868885946321 18.5982809703 0
4152 2.57441957858 20.6906752899 0
4153 12.4735611909 19.4649124899 0
4154 1.07842950676 20.6682133621 0
4155 1.01229963749 19.3142633632 0
4156 0.860146314608 20.1094850172 0
4157 0.728625186476 18.701896764 0
4158 1.04422333484 20.6067382973 0
4159 0.64794153669 21.7802072763 0
4160 0.819399073724 21.5367393 0
4161 0.812373216301 19.3808989939 0
4162 4.60539231491 18.9606221149 0
4163 0.73472237043 20.0430088977 0
4164 0.914001554815 19.5364739273 0
4165 1.32713616277 20.1965634063 0
4166 1.26580252998 21.5079461827 0
4167 0.717927161271 19.4188690866 0
4168 0.690320202404 19.0922754513 0
4169 0.808870848729 21.9134040406 0
4170 0.687218369649 19.5947438724 0
4171 0.844586708428 20.6921449996 0
4172 1.45058025621 21.3320604039 0
4173 18.825283737 21.4126489735 0
4174 0.732130273271 21.6804844701 0
4175 1.53612945715 18.6904486014 0
4176 0.858816411418 20.7340026008 0
4177 1.45644481174 21.8152442512 0
4178 0.685837416136 19.4464748824 0
4179 1.93399580274 19.3859603966 0
4180 13.6763120981 20.934731183 0
4181 0.681272665121 20.7029111685 0
4182 1.0904554192 21.7856538443 0
4183 2.35869908001 21.4539995205 0
4184 1.26342016853 21.8530604185 0
4185 18.7889916658 19.1280687393 0
4186 1.16148856213 18.7376046013 0
4187 1.02319601183 20.919743738 0
4188 1.61176085306 19.9418443015 0
4189 0.688751671497 18.8601039724 0
4190 9.92133650567 21.1026355007 0
4191 5.48161061729 20.7976051214 0
4192 0.891378012816 19.7047474922 0
4193 1.94510143562 20.861049454 0
4194 0.687074354929 21.8923822187 0
4195 13.6145884168 19.512487677 0
4196 2.53777092619 19.4548053873 0
4197 1.10521100759 21.1197098771 0
4198 0.689184658447 18.790594188 0
4199 0.785006299905 21.0143021405 0
4200 0.646160535035 19.8140422 0
4201 1.55766460715 19.8405308776 0
4202 0.926889009557 18.6005507152 0
4203 0.836589766608 19.7938041562 0
4204 0.72947638457 18.5302670717 0
4205 1.61388326228 19.3002676479 0
4206 3.34014379533 19.5551996045 0
4207 2.08066426678 18.8922455676 0
4208 2.86756087141 21.4178362215 0
4209 4.84572056371 21.4923334649 0
4210 0.645106543995 21.9642828186 0
4211 0.981605085798 19.5493754288 0
4212 1.05403591399 19.5609912073 0
4213 0.730999846807 19.7376568686 0
4214 1.60825934727 21.0074294489 0
4215 6.93333733119 21.0924065083 0
4216 0.791701280145 19.2647244708 0
4217 0.86932246209 18.6833213637 0
4218 0.68098257464 18.9497120102 0
4219 0.638745919267 20.425 0
4220 0.643754298884 18.5345526001 0
4221 0.862644198797 21.4748670271 0
4222 0.683592781839 21.0540167578 0
4223 2.00290748879 20.7527714032 0
4224 17.68707147 20.1846929763 0
4225 1.27272823327 18.6478127349 0
4226 0.685119648752 20.5582673087 0
4227 0.942808226998 21.2192834762 0
4228 0.815292419464 18.8751917548 0
4229 1.24945444691 20.7733455661 0
4230 0.706314817907 21.9251218815 0
4231 3.15523339969 20.5402914987 0
4232 0.681920448801 19.2955250289 0
4233 1.41090634723 20.2091650269 0
4234 5.45341289913 19.0417629972 0
4235 1.74891725298 21.8006539954 0
4236 0.889327987345 20.5310210294 0
4237 0.683622070142 20.844391414 0
4238 0.681685885112 19.4044457742 0
4239 0.863670528094 21.2601696963 0
4240 1.45562431806 19.064641743 0
4241 15.5459094035 20.7564399914 0
4242 0.685577140977 19.1602523008 0
4243 2.81562417202 19.5043609571 0
4244 1.25348229184 19.8873622845 0
4245 1.9851870871 19.5056635348 0
4246 0.88386953491 21.8470179204 0
4247 0.644528793523 20.0384260922 0
4248 1.24013635595 21.4230136579 0
4249 5.78234242718 20.5885244464 0
4250 2.88386599889 19.012827571 0
4251 8.22997145785 19.1585628768 0
4252 1.49738019485 19.7732522865 0
4253 2.51024684473 21.4941586706 0
4254 1.09916581224 19.5032983808 0
4255 5.3248298901 21.5293354595 0
4256 0.67944526657 20.3017221288 0
4257 3.73924809661 19.5761204805 0
4258 1.11369207705 20.7976613551 0
4259 2.09016152676 20.6873207534 0
4260 1.07169794963 18.8437219535 0
4261 1.5291507745 21.4732522173 0
4262 8.31176357065 20.8304359117 0
4263 0.775280831047 20.0548096119 0
4264 3.34767384341 18.9847273838 0
4265 0.678847193922 20.1455632889 0
4266 2.54821024051 20.4310677516 0
4267 0.986202242115 18.6051646048 0
4268 4.07498275278 21.588983231 0
4269 1.31054128598 20.6891027736 0
4270 1.0945650727 18.6322891907 0
4271 1.36733317467 18.6468681792 0
4272 0.722571704943 19.7716265195 0
4273 0.883616682044 19.0980591836 0
4274 0.685869694491 19.9213029378 0
4275 1.04392582746 21.2220642681 0
4276 0.647238850117 15.6324893545 0
4277 0.650779199725 16.0737907677 0
4278 0.653056955242 15.1822257382 0
4279 0.655815802915 16.4797667696 0
4280 0.649734993678 14.775 0
4281 0.647024745507 14.3723068308 0
4282 0.64575661619 16.8266459043 0
4283 0.648579972985 17.1253473514 0
4284 0.645354975875 17.426315331 0
4285 0.646178445642 14.0773993229 0
4286 0.651711676073 17.6742454433 0
4287 3.8247800217 18.2720568855 0
4288 2.48410539504 18.3363686194 0
4289 1.82583487021 18.3513665944 0
4290 3.62338361835 12.8971962186 0
4291 0.648305750724 17.8792494274 0
4292 0.651410312167 16.2759679468 0
4293 0.648684189882 14.9773798774 0
4294 0.649862748568 15.8254154932 0
4295 0.652105333704 15.3747046222 0
4296 0.655796347729 14.572862077 0
4297 0.107425560493 13.3320587029 0
4298 1.32213511832 18.403530909 0
4299 6.21786699796 18.2051410449 0
4300 2.20248731424 12.7570188368 0
4301 0.646206433416 18.0764438398 0
4302 0.493184974092 13.9581752947 0
4303 8.75577989252 18.152199633 0
4304 6.19617759305 12.8806570814 0
4305 1.03064351258 18.4410701227 0
4306 0.648084768436 16.6226483969 0
4307 0.641952529796 14.2298848848 0
4308 0.649955686561 16.9751538508 0
4309 0.655912029363 17.2744987866 0
4310 9.24258676691 13.0526300033 0
4311 1.36219752655 12.7611580162 0
4312 11.8706414733 18.0066702015 0
4313 0.0810970128539 13.6342226161 0
4314 0.658287006926 18.2224932674 0
4315 14.3111929796 13.2534277555 0
4316 0.831766054944 18.4553683953 0
4317 0.290209594096 13.9595222405 0
4318 0.0550293753089 13.8280427147 0
4319 0.124353325913 13.0822375207 0
4320 0.805516775014 12.6852597181 0
4321 2.94406500953 18.296606882 0
4322 2.1326469123 18.3536554938 0
4323 1.54278675442 18.3821393368 0
4324 4.93378959385 18.247898537 0
4325 14.4125852708 17.8695843491 0
4326 11.5575319943 12.9571131988 0
4327 0.653392984101 16.3735253706 0
4328 0.650136895433 17.522596058 0
4329 0.653683425673 15.2760667157 0
4330 0.645919254039 15.7165001281 0
4331 0.651152965083 14.4722079707 0
4332 0.649137643708 14.6749850498 0
4333 0.647928924575 15.0782118147 0
4334 0.648017769366 15.5270912197 0
4335 0.649172464552 15.9226457845 0
4336 0.651579783045 17.9754533354 0
4337 0.649242630778 14.8750924011 0
4338 0.649366532307 18.3252251636 0
4339 0.655854158372 16.7260246415 0
4340 0.644413624205 16.1753003747 0
4341 0.656600301624 17.7762160472 0
4342 18.4010812104 16.019130424 0
4343 0.735592114685 18.4606524313 0
4344 0.161725672059 13.9606272998 0
4345 0.320768289589 12.6785027307 0
4346 18.4463721352 13.9945333342 0
4347 17.3899227227 17.8191929721 0
4348 0.649095831514 18.4235082346 0
4349 0.0534863753061 13.9295868375 0
4350 0.0790628532486 13.7165869927 0
4351 0.16328989581 13.6741657632 0
4352 0.162453420993 13.5932420859 0
4353 0.244049782349 13.6324471136 0
4354 0.248110610376 13.7137935111 0
4355 0.325248689518 13.6741195214 0
4356 0.32471291473 13.5925282629 0
4357 0.414196919257 13.647226827 0
4358 0.407381800016 13.548772786 0
4359 0.495293367297 13.5966129825 0
4360 0.495141741953 13.4967421032 0
4361 0.593631597431 13.5652279953 0
4362 0.589916511077 13.4468873149 0
4363 0.694656211933 13.5105729216 0
4364 0.694734992227 13.640215953 0
4365 0.804764130822 13.5707698119 0
4366 0.808886950587 13.6892446508 0
4367 0.9188443405 13.6345397259 0
4368 0.90859027282 13.7708670989 0
4369 1.03489488052 13.704840612 0
4370 1.03338852633 13.8366160099 0
4371 1.15496329151 13.7765622122 0
4372 1.14730364289 13.9111679183 0
4373 1.27674551804 13.8576627833 0
4374 1.2618484806 13.9966766932 0
4375 1.39816325435 13.9478593039 0
4376 1.38827089197 14.0865340072 0
4377 1.52533994775 14.0412341723 0
4378 1.50567737407 14.2116301155 0
4379 1.67457358899 14.1327790994 0
4380 1.67856774831 14.3150182743 0
4381 1.84150922324 14.2270456106 0
4382 1.84623844724 14.4223123794 0
4383 2.01028367873 14.3323245357 0
4384 2.01379254433 14.53515 0
4385 2.17742789348 14.4475550687 0
4386 2.17896122344 14.6591017669 0
4387 2.35641080689 14.5655164664 0
4388 2.35364565411 14.79424204 0
4389 2.14805445887 14.9022158016 0
4390 2.34335756125 15.0319792951 0
4391 2.54678044854 14.9272026227 0
4392 2.52873195375 15.1718404728 0
4393 2.74753507371 15.0777147046 0
4394 2.32596424496 15.261902676 0
4395 2.49827337216 15.4043943508 0
4396 2.29409757202 15.4839401169 0
4397 2.46385855771 15.6238999013 0
4398 2.26295028321 15.701078756 0
4399 2.43727060391 15.843569123 0
4400 2.23464376055 15.9195621332 0
4401 2.40020636065 16.0596842097 0
4402 2.62807977587 16.0033823174 0
4403 2.2016630946 16.1258958908 0
4404 2.35638837264 16.2548294421 0
4405 2.17781490264 16.3222469558 0
4406 2.00858740887 16.2046242525 0
4407 2.01111901607 16.4009834207 0
4408 2.15477082889 16.506499591 0
4409 1.98618410538 16.5721646647 0
4410 2.07934477639 15.5676545048 0
4411 1.85643445722 16.4689068131 0
4412 1.82482118499 16.6281157965 0
4413 1.95077476534 16.7386141485 0
4414 1.77249136029 16.7939640841 0
4415 1.67778245381 14.5128897294 0
4416 1.91655597438 16.9063322658 0
4417 1.76665405728 16.9619217394 0
4418 1.70994408395 16.5251521594 0
4419 1.88956328378 17.0593139674 0
4420 1.74423975444 17.1067247942 0
4421 2.0451260193 17.0108943465 0
4422 1.63286679294 17.0195462514 0
4423 1.60876341735 17.1525648111 0
4424 1.5085112912 17.0670500994 0
4425 1.48059495806 17.1903200624 0
4426 1.57651240501 17.2807678069 0
4427 1.43621727267 17.3188241479 0
4428 1.39213192837 17.105461906 0
4429 1.54660223285 17.4097060753 0
4430 1.42798980149 17.4525297351 0
4431 1.5215243183 17.5348999867 0
4432 1.40665485346 17.5674526975 0
4433 1.32263290645 17.4954155936 0
4434 1.3014294516 17.6010107621 0
4435 1.64419283072 17.4994501538 0
4436 1.23858677376 14.1418273131 0
4437 1.22433068516 17.530942719 0
4438 1.20040641909 17.6314209486 0
4439 1.27527761747 17.7032098194 0
4440 1.17647735732 17.7309769553 0
4441 2.17548955233 14.2386822289 0
4442 1.4165594702 13.803911108 0
4443 1.24790709476 17.7992594789 0
4444 1.15551866843 17.8271233471 0
4445 1.12967116246 17.5604127317 0
4446 1.41400113392 16.9891612212 0
4447 1.30448657742 17.0298074568 0
4448 1.32343173651 16.9181452543 0
4449 1.21875827208 16.9578262348 0
4450 1.23795171389 16.8519739814 0
4451 1.1417100541 16.8885616201 0
4452 1.15824639362 16.7892016982 0
4453 1.10908516349 16.9906128638 0
4454 1.61373009256 17.6266960432 0
4455 1.74180081082 17.5918065596 0
4456 1.07005590767 16.8230751879 0
4457 1.0809570092 16.728593541 0
4458 1.17042707308 16.6917649998 0
4459 1.09218076312 16.6322610713 0
4460 1.18316544355 16.5955340562 0
4461 1.10787466837 16.5392057701 0
4462 1.19593771937 16.5003558787 0
4463 1.12150597046 16.4431386168 0
4464 1.20605542485 16.4021671474 0
4465 1.12647017667 16.3469961634 0
4466 1.20988464102 16.3021698484 0
4467 1.12259646873 16.2395061747 0
4468 1.22068967249 16.2017156453 0
4469 1.15022844586 16.1390419733 0
4470 1.2394417442 16.0984459102 0
4471 1.16670443326 16.0316738703 0
4472 1.25151114465 15.9942778639 0
4473 1.18010212584 15.9301133244 0
4474 1.26585790645 15.8939258708 0
4475 1.19283181312 15.8235140524 0
4476 1.2871461002 15.7898387938 0
4477 1.20574366837 15.7157580459 0
4478 1.30813808454 15.6782339939 0
4479 1.22013331601 15.6026959757 0
4480 1.32300092054 15.5611872035 0
4481 1.23030528446 15.4864884013 0
4482 1.33377985902 15.4443343237 0
4483 1.24046563052 15.3687685235 0
4484 1.33913347988 15.3227492041 0
4485 1.25193987582 15.2490908341 0
4486 1.15520194132 15.2934198817 0
4487 1.16588456466 15.1794900137 0
4488 1.13268101648 15.5328240963 0
4489 1.35736778964 15.8695901446 0
4490 1.25929634202 15.1291721279 0
4491 1.17080822406 15.0685253407 0
4492 1.10384076683 15.7574318049 0
4493 1.09738006966 15.964979052 0
4494 0.800012015505 13.4396179257 0
4495 1.22212600546 17.8896213663 0
4496 1.13273449853 17.9170517634 0
4497 1.06620745216 17.8569885804 0
4498 1.04517561474 17.9442856267 0
4499 1.110183682 18.0043694635 0
4500 1.02713280981 18.0289824599 0
4501 1.0646066828 16.1563020398 0
4502 1.04857861683 16.3899691403 0
4503 1.08320243445 15.1137829467 0
4504 1.08639289513 15.006413799 0
4505 1.17223733353 14.9592647937 0
4506 1.09016536402 14.8995204423 0
4507 1.15083896446 17.4657925098 0
4508 1.06455495331 17.4933098597 0
4509 1.0147153096 16.568712924 0
4510 1.02872103677 13.958863028 0
4511 1.3164109216 16.1699942904 0
4512 1.17804324937 14.8528461097 0
4513 1.09548865718 14.794125953 0
4514 1.08117189978 17.4053618299 0
4515 1.70859035662 17.7232250774 0
4516 1.84169151071 17.6885744655 0
4517 0.999183788296 17.4322572019 0
4518 0.983799865292 17.5169804038 0
4519 1.01481176675 17.347545392 0
4520 0.97361177701 17.8854905685 0
4521 0.998889994245 16.7654983159 0
4522 0.987301318072 16.8504066463 0
4523 1.18486302671 14.7472285788 0
4524 1.09658026945 14.6915320567 0
4525 1.42998595422 15.5101609315 0
4526 1.01146021554 14.7356094795 0
4527 1.01233818903 14.6376846878 0
4528 1.00384092839 15.0524512821 0
4529 0.997332305818 15.1540074628 0
4530 1.27851284695 14.8061120333 0
4531 0.936429751059 17.3740006021 0
4532 0.948802949377 17.2962015617 0
4533 1.08757191818 18.0893764292 0
4534 1.00544434665 18.1087375334 0
4535 0.948165325446 18.052838139 0
4536 0.927499174071 18.1273302494 0
4537 1.17308204192 18.0679886591 0
4538 0.805331056719 13.7910724018 0
4539 1.33709084215 16.8077070275 0
4540 2.76858131484 14.8127387751 0
4541 2.98936415787 14.976988083 0
4542 3.01571762198 14.6825620179 0
4543 3.47747883206 14.8641512741 0
4544 3.51541228998 14.5468373572 0
4545 4.01018590784 14.7381126995 0
4546 3.94158350717 15.0671645453 0
4547 4.50651478171 14.9398744773 0
4548 4.42213431114 15.289278133 0
4549 5.02371767736 15.1430644359 0
4550 4.94755469485 15.5093591428 0
4551 5.58844797123 15.3462865113 0
4552 5.51425057067 15.7218280073 0
4553 6.18183278741 15.5605286021 0
4554 6.24336789934 15.1660216326 0
4555 6.87664558231 15.39453741 0
4556 6.09437269502 15.9443540262 0
4557 5.42656206559 16.0928097067 0
4558 5.98942940288 16.3218488527 0
4559 5.32780251951 16.4546070113 0
4560 4.05518469719 14.408446725 0
4561 6.94770032149 14.9808952378 0
4562 7.62714452742 15.2327348191 0
4563 4.79163114215 16.2363971659 0
4564 4.71194210698 16.5823424731 0
4565 3.5341579618 14.2235100049 0
4566 4.08702549553 14.074731127 0
4567 6.68224397598 16.1787766525 0
4568 6.55696337488 16.5692815565 0
4569 7.29604840549 16.4237806682 0
4570 5.20822599985 16.8020405992 0
4571 4.61008267616 16.9091876194 0
4572 4.13130428451 16.7056916039 0
4573 4.05951233545 17.0106085184 0
4574 3.60874666478 16.8269380328 0
4575 3.54678951164 17.1071313275 0
4576 3.12766299649 16.9391589392 0
4577 3.08751520831 17.1926218253 0
4578 1.31197770165 17.8675435547 0
4579 0.498445618222 13.682809935 0
4580 2.66527050384 15.5561422018 0
4581 1.18254646879 14.6440811068 0
4582 4.61678723567 14.2648291681 0
4583 0.923670481594 16.7986292344 0
4584 0.910567402712 16.8721665925 0
4585 7.76106938791 14.7970865569 0
4586 8.44000311457 15.0677217814 0
4587 1.80340481745 17.8263399642 0
4588 1.94353776727 17.7935422507 0
4589 1.98169529174 17.6448086119 0
4590 2.09652165755 17.7517756891 0
4591 2.13511764624 17.5894889985 0
4592 2.25950945097 17.7114979166 0
4593 2.30287796435 17.5389425316 0
4594 2.43681714259 17.6612406592 0
4595 0.481977495052 13.383546977 0
4596 0.589213995562 13.324515364 0
4597 7.08934015505 14.5392361257 0
4598 1.2944879546 16.3568164938 0
4599 1.66305515103 13.9623610762 0
4600 3.61823870031 16.5152177144 0
4601 1.1477423543 18.1557200143 0
4602 1.23707007615 18.1379926422 0
4603 1.15571913205 13.6392194892 0
4604 0.935890873197 14.6791832667 0
4605 0.9340621104 14.591344522 0
4606 1.00934557278 14.543130008 0
4607 0.918326691185 14.4977570534 0
4608 0.925039893705 14.7756078798 0
4609 1.73305729805 16.3767890507 0
4610 0.921082456148 15.0912183252 0
4611 0.917165808334 15.1867032049 0
4612 1.093428429 17.3202336512 0
4613 1.27211137592 16.5576995437 0
4614 2.82685468666 17.0285181214 0
4615 3.96634574489 17.2965229136 0
4616 1.0037515664 14.4476184389 0
4617 0.922438963857 14.4043115005 0
4618 0.868302328213 18.0758473061 0
4619 0.859216093749 18.1477880359 0
4620 0.905652992672 18.1969072978 0
4621 0.833158924276 18.2140842856 0
4622 0.881564548435 18.2573257156 0
4623 0.87497574177 17.3195229026 0
4624 0.889738642259 17.2476187245 0
4625 0.863216183044 17.3901200465 0
4626 1.00254330181 17.799136486 0
4627 0.926042678473 17.8180899517 0
4628 0.324682681018 13.7469911162 0
4629 5.07346717299 17.1325987152 0
4630 7.14462833617 16.8451681128 0
4631 7.95855366295 16.6865765632 0
4632 0.956401445323 17.2198918733 0
4633 0.898401868759 17.1736549069 0
4634 0.860705579697 14.6304730592 0
4635 1.67259734972 17.8555836647 0
4636 0.824550217152 18.2766030618 0
4637 0.851077743921 14.4395536938 0
4638 0.855485491265 14.3626399952 0
4639 0.912284876621 14.3216198983 0
4640 0.837633188979 14.2854214579 0
4641 0.9023840587 14.2418880913 0
4642 0.836500777831 14.210525624 0
4643 0.951908511958 18.2513980921 0
4644 0.840429764308 17.1957814133 0
4645 0.84771139581 17.1361170088 0
4646 0.895204142051 17.0969799699 0
4647 0.850288298501 15.1422866125 0
4648 0.852803786749 15.0675558636 0
4649 0.852172923052 15.215021418 0
4650 0.898347785873 15.2598671144 0
4651 0.838502010496 15.2800500186 0
4652 0.883018403068 15.325321605 0
4653 0.818886862257 15.3462412238 0
4654 0.872205527514 15.3886439566 0
4655 0.817241261337 15.4108600203 0
4656 0.862275020608 15.4495611525 0
4657 0.808815876666 15.4672583532 0
4658 0.84838296161 15.5043793991 0
4659 0.798406356661 15.5230811516 0
4660 0.836693500118 15.5608983016 0
4661 8.55959494562 14.6080017838 0
4662 9.29142260924 14.8662357775 0
4663 9.14320774665 15.3831008508 0
4664 10.0830656914 15.1696397665 0
4665 9.92473054024 15.7264725661 0
4666 10.9314527857 15.5030188875 0
4667 10.7752920338 16.0768745594 0
4668 11.8028811645 15.8584692147 0
4669 11.9638339364 15.2613939887 0
4670 12.8975049584 15.6303723693 0
4671 0.266393378188 13.7798903031 0
4672 0.330292374566 13.8089274861 0
4673 3.5520606327 13.9011496563 0
4674 2.85601312033 16.7897742568 0
4675 4.66670759472 13.9141390132 0
4676 0.848022153986 16.8238560632 0
4677 0.867350894202 16.7553335508 0
4678 0.844346127978 16.8913197593 0
4679 0.797568983459 18.159184774 0
4680 0.816410858073 17.351265207 0
4681 0.806359246349 17.4089510122 0
4682 3.83106116545 15.3981977246 0
4683 0.943602367235 17.7463991167 0
4684 0.869401902577 17.7676521358 0
4685 0.85846526931 17.83623005 0
4686 0.889610547643 17.6989909698 0
4687 1.89136578605 17.9384411109 0
4688 2.20448443401 17.8800689288 0
4689 0.786946371695 15.5789849315 0
4690 0.824032679507 15.6170905695 0
4691 0.879953537773 15.5977172646 0
4692 0.86744295666 15.6569369784 0
4693 0.905034031146 15.4917360556 0
4694 0.932844214661 15.3702203611 0
4695 0.810415367114 15.6735335499 0
4696 0.849780234737 15.7142915625 0
4697 0.79821320848 15.7293471987 0
4698 0.834969010043 15.7689974061 0
4699 2.61119075281 16.8973325526 0
4700 0.830092796857 17.7132175846 0
4701 0.842900993175 17.6564580802 0
4702 10.1663853701 14.6139468247 0
4703 3.00991596729 14.0501919178 0
4704 3.02745907996 13.7306512408 0
4705 0.802268747003 14.3342991331 0
4706 0.811007210057 16.7736951629 0
4707 0.81922419144 16.7182644807 0
4708 0.467711809816 13.255976624 0
4709 0.599682754178 13.1887940604 0
4710 0.784831074002 15.7832702124 0
4711 0.820333505271 15.8233212481 0
4712 0.874394178946 15.8082499688 0
4713 0.85900467088 15.8659426166 0
4714 0.803075216344 15.8771052496 0
4715 0.838311112672 15.9201088969 0
4716 0.784880326332 15.9293793762 0
4717 0.817584654281 15.9726186419 0
4718 0.765550708256 15.9809847419 0
4719 0.797312230924 16.0235274662 0
4720 0.848700419077 16.0155782205 0
4721 0.829222480788 16.0667912934 0
4722 13.0563622793 14.9981877396 0
4723 14.0866124735 15.3935760946 0
4724 0.79491199068 15.2346524451 0
4725 0.386945415357 13.783302028 0
4726 0.766169845385 17.3715664878 0
4727 0.771100074979 17.3185171561 0
4728 0.882281537281 14.1685799974 0
4729 0.823464835573 14.1467403521 0
4730 0.78378494646 14.1817295991 0
4731 0.771122709475 14.1258931499 0
4732 0.804738223004 14.0894226377 0
4733 0.756505253287 14.072092037 0
4734 0.786273090048 14.0354575397 0
4735 0.740055874797 14.0200619054 0
4736 0.768850288931 13.9835866469 0
4737 0.721486428082 13.9693064891 0
4738 0.969887270482 14.2767853265 0
4739 0.802343057663 15.0960464698 0
4740 0.805817123697 15.0367489417 0
4741 0.848427109646 15.0078821145 0
4742 0.805169886631 14.9790068398 0
4743 1.77055897916 17.4629131077 0
4744 0.850609166732 14.9497689791 0
4745 0.805011237134 14.9232242472 0
4746 12.6623622756 16.2373702137 0
4747 0.777280801665 16.0735493919 0
4748 0.80758703976 16.1168367426 0
4749 0.86126073061 16.112581881 0
4750 0.836763573333 16.1610991475 0
4751 0.785098698139 16.1661166058 0
4752 0.813771715711 16.210264354 0
4753 0.869893685791 16.2060568468 0
4754 0.843078459629 16.2561233072 0
4755 0.789135578108 16.2595710781 0
4756 0.817416023119 16.3049437425 0
4757 0.737819295404 14.1579228978 0
4758 0.744345808955 14.2105013548 0
4759 0.796545939227 17.1583215714 0
4760 0.802005253277 17.1056347858 0
4761 0.453383704435 13.1146711588 0
4762 0.765547929834 16.305494045 0
4763 0.790900400391 16.352554981 0
4764 0.845618088203 16.3534445543 0
4765 0.816202660413 16.4019580133 0
4766 0.845960172609 17.4539042141 0
4767 0.792444563624 17.4632368849 0
4768 0.825577103723 17.5059591631 0
4769 0.776728916692 17.51233736 0
4770 0.768622367699 15.4327892921 0
4771 0.790076321167 17.6720414864 0
4772 0.777812185218 17.7232411002 0
4773 0.9629327353 16.931825141 0
4774 2.73595817863 13.8744209043 0
4775 2.75056594396 13.5597810807 0
4776 2.48380355719 13.6933668467 0
4777 0.926981566865 15.6412897941 0
4778 0.87361718161 16.4048150281 0
4779 0.841425523769 16.4549494907 0
4780 0.784424705257 16.4471206015 0
4781 0.804064807917 16.498597151 0
4782 2.48160576292 17.4734689739 0
4783 2.62264491143 17.5968569316 0
4784 2.57303398753 17.7991424544 0
4785 2.77040571836 17.7376811039 0
4786 0.811747760146 13.9970215688 0
4787 0.763156595821 15.6909836844 0
4788 0.389069117896 13.838724037 0
4789 0.442294025768 13.8194054116 0
4790 0.277198026119 13.834865937 0
4791 1.28202615079 17.1403743192 0
4792 0.865886315483 18.3183646418 0
4793 0.807084459902 18.32795312 0
4794 0.772564362555 18.2901858845 0
4795 0.920429067944 15.8532723564 0
4796 0.8722893205 16.6930417126 0
4797 0.82287084744 16.6626535867 0
4798 0.775052883834 16.6882524131 0
4799 0.7748194421 16.6348427027 0
4800 0.822169349672 16.6072358248 0
4801 0.859355418703 16.5131621533 0
4802 0.764192373608 15.0072197304 0
4803 2.00831326428 17.164257066 0
4804 2.16402402434 17.1241145782 0
4805 2.20895929615 16.9624023338 0
4806 0.753604697866 18.336741997 0
4807 0.21556457667 13.811978224 0
4808 5.2455594824 14.1200799254 0
4809 0.751385205871 15.8884446489 0
4810 0.31686067715 13.507048404 0
4811 7.80133589848 17.1357283456 0
4812 8.68405697463 16.9749236682 0
4813 6.91352952383 17.2958131108 0
4814 0.752600408135 13.9323973798 0
4815 0.702791111419 13.9186010954 0
4816 0.67499978391 13.9546607151 0
4817 0.652989699351 13.9049462051 0
4818 0.6814963026 13.8688885657 0
4819 0.62895523387 13.8560336598 0
4820 0.601873268057 13.8913235318 0
4821 0.657967776187 13.8204475039 0
4822 0.576926894248 13.8446255929 0
4823 0.902656170161 16.2537599681 0
4824 0.785911136462 17.2128399402 0
4825 1.20829375758 18.2296169649 0
4826 1.30188876209 18.214700081 0
4827 1.32979336747 18.1144701173 0
4828 1.40010031268 18.1920602372 0
4829 1.42849668183 18.0802287501 0
4830 1.50345740111 18.1625453015 0
4831 1.59638882721 16.4364772565 0
4832 1.61544387006 16.2922579964 0
4833 1.5725956095 16.574723516 0
4834 0.754006116202 16.4897247868 0
4835 14.2253430386 14.7063980022 0
4836 15.4109128901 15.1326884587 0
4837 15.1165567372 15.8605568364 0
4838 15.4783368472 14.4034213826 0
4839 0.894390536163 18.0018523669 0
4840 0.83017339114 18.0182693091 0
4841 0.548013707611 13.8767201692 0
4842 5.29147155675 13.7402827838 0
4843 4.60324346219 13.5146409976 0
4844 0.746528850911 17.1758585615 0
4845 2.66208138028 16.6558830862 0
4846 2.49422862188 13.3978827985 0
4847 2.24057731776 13.5323835116 0
4848 2.75900951848 13.2488193252 0
4849 8.05631893361 16.2394060287 0
4850 1.01813459991 17.7190068847 0
4851 1.11868467282 18.2391859265 0
4852 1.74248520945 16.231451346 0
4853 1.62597627421 16.144222402 0
4854 1.77321564582 16.079419802 0
4855 1.64156282192 15.9930666613 0
4856 1.76864509316 15.9254960918 0
4857 1.65184876407 15.8387507664 0
4858 1.78464183552 15.7732094174 0
4859 2.8721483913 16.5528569571 0
4860 0.727562911295 17.3395524998 0
4861 0.593746250373 13.036855402 0
4862 0.744107584632 13.1145930083 0
4863 0.228025091093 13.8609782987 0
4864 13.1166062561 14.3482739521 0
4865 0.938188439793 15.7751591018 0
4866 0.799519441406 17.618453405 0
4867 0.750816052765 17.6345778829 0
4868 0.743805602754 17.4743148465 0
4869 0.84963588154 17.6003433107 0
4870 1.6619995594 15.6821111674 0
4871 0.749192830154 15.5406206725 0
4872 1.17537889657 18.3156513734 0
4873 0.733482665117 16.4430407112 0
4874 0.737917436526 15.596189685 0
4875 0.849872653392 14.8931349719 0
4876 0.801698703919 14.8682492707 0
4877 0.761880779772 14.8978830936 0
4878 0.757921370652 14.84473017 0
4879 0.796061996973 14.8150314215 0
4880 0.753251458563 14.7929847447 0
4881 0.790291455415 14.7634469292 0
4882 0.748018764641 14.7424160749 0
4883 0.909271404264 14.9295671195 0
4884 0.785030382682 14.7130713047 0
4885 0.74248713232 14.6924243148 0
4886 0.73187157118 17.2346667357 0
4887 2.71079508734 14.2144137561 0
4888 5.68874303536 17.0405128583 0
4889 5.52331560694 17.3721562031 0
4890 4.93805568701 17.4410988383 0
4891 0.777126337711 16.5845718563 0
4892 0.733786858588 16.2658984302 0
4893 3.54839425851 13.5889307805 0
4894 5.92977970671 13.9666880598 0
4895 1.79759985626 15.6172024612 0
4896 1.67331513822 15.5179552435 0
4897 1.81135844267 15.4539626465 0
4898 1.68833524906 15.3512138689 0
4899 1.83162201726 15.2914138656 0
4900 1.7062878762 15.1876607476 0
4901 1.84575436376 15.1251218378 0
4902 1.71736788606 15.0252000073 0
4903 1.58455016206 15.0890300907 0
4904 1.58967848084 14.9308319259 0
4905 1.72231742699 14.8609226708 0
4906 2.32469831551 17.0926731126 0
4907 2.94530936042 15.251276134 0
4908 0.846654146859 17.9577006508 0
4909 0.790943455797 17.9747265632 0
4910 0.77485027714 18.0283134678 0
4911 0.803148551059 17.9207512907 0
4912 0.752503968745 17.9362278745 0
4913 0.76484834986 17.8865579573 0
4914 0.712493320982 14.0551729502 0
4915 0.34548692907 13.337313478 0
4916 1.59995008301 14.770985163 0
4917 0.739388544118 16.3506267065 0
4918 0.987421812181 15.8381290838 0
4919 2.71601470178 17.9416302886 0
4920 2.9193652643 17.8963547395 0
4921 2.97574598602 17.6770512411 0
4922 3.26042923721 17.8559089066 0
4923 5.37599090974 17.6875629263 0
4924 1.53093591115 18.0447688336 0
4925 1.61605331655 18.1283511531 0
4926 7.64339457164 17.5757710689 0
4927 0.731388219001 16.6609743198 0
4928 9.77477686036 16.2770915809 0
4929 10.6172581452 16.6326966101 0
4930 1.46285287364 15.0000720633 0
4931 1.09301419358 14.4929710367 0
4932 1.08563580455 14.3908711382 0
4933 1.18329799932 14.4406979609 0
4934 1.91133119968 15.8625749792 0
4935 2.45043921006 16.7371439635 0
4936 0.73144324823 16.7121012235 0
4937 0.446465466704 13.8726672527 0
4938 0.39158448027 13.88773846 0
4939 5.07808665051 14.7994465937 0
4940 0.964544560199 15.9147974996 0
4941 0.785856868103 18.3748885338 0
4942 0.82565350838 17.2481223284 0
4943 2.23069290114 13.7976111615 0
4944 2.01252772133 13.6390191996 0
4945 2.0093761267 13.4032754763 0
4946 1.8063417538 13.4978876197 0
4947 1.7967396063 13.2749789757 0
4948 1.60913223259 13.3720350358 0
4949 1.60930949988 13.1497146319 0
4950 1.41661628897 13.2605588107 0
4951 1.82717064859 13.0474147372 0
4952 0.715620307065 14.8211301021 0
4953 2.63964697808 17.375736643 0
4954 2.50993592944 18.0140034296 0
4955 0.695906104681 17.1904636307 0
4956 2.00251874822 17.4931839726 0
4957 1.52687069722 16.058573519 0
4958 0.779129478908 14.6635393214 0
4959 0.737292380708 14.6424494702 0
4960 0.774897697547 14.6143203529 0
4961 0.735040822297 14.5924182528 0
4962 0.773384102315 14.5646075887 0
4963 0.73152869319 14.5419697539 0
4964 0.768531370455 14.5132872803 0
4965 0.813634328493 14.5353817423 0
4966 0.727090637743 14.4912612482 0
4967 0.761882723159 14.4626553989 0
4968 0.722537197439 14.4404213364 0
4969 0.760320190743 14.4071737001 0
4970 1.47347871742 16.4902203167 0
4971 1.43742409014 16.6252703642 0
4972 1.54657241899 16.7023179272 0
4973 0.441707246849 12.9599577124 0
4974 0.166672909197 13.8358173677 0
4975 0.79219943116 15.1495409728 0
4976 0.75733101496 15.1154914009 0
4977 0.749840528865 15.165645591 0
4978 5.95046579359 17.6200328006 0
4979 0.828816343092 14.7339350062 0
4980 0.798161671531 16.8586664274 0
4981 0.790071565828 16.9110620733 0
4982 0.83039382072 16.9481924012 0
4983 0.775839311147 16.9627897747 0
4984 0.739814502135 16.9276269806 0
4985 0.81328702944 17.0010303334 0
4986 0.759596514989 17.0190319212 0
4987 0.869955854058 16.9889768124 0
4988 2.66875581505 16.4014267973 0
4989 2.90858705216 16.2848894562 0
4990 0.736564677079 13.7391383615 0
4991 1.42325798097 13.4632744345 0
4992 1.22417331663 13.3790542515 0
4993 1.22753914264 13.1651073961 0
4994 1.06049326948 13.2673550377 0
4995 1.05141152326 13.0893820182 0
4996 0.721216029246 17.3892381919 0
4997 0.735532703303 18.3832883955 0
4998 0.927624748909 16.1950064016 0
4999 0.972624417374 16.2585053394 0
5000 1.9886968712 15.2230145778 0
5001 0.724049146778 18.2970181405 0
5002 0.743308799709 18.247301105 0
5003 0.733669933582 17.5224335973 0
5004 0.71299992273 13.8319566039 0
5005 0.705457290976 14.7214153843 0
5006 0.705773677821 14.1846370746 0
5007 0.699097069466 14.1356934227 0
5008 0.709526487117 14.2358809193 0
5009 0.74858732578 14.2632868287 0
5010 0.711727997593 14.2899129104 0
5011 1.98043712541 13.8907384124 0
5012 16.6527274899 14.8337716792 0
5013 0.444346733936 13.7643710786 0
5014 0.15739373346 13.7880800355 0
5015 0.715966808115 15.1347441309 0
5016 0.721257295272 15.0843590021 0
5017 0.575925996869 13.9258310802 0
5018 1.43467154767 17.971547655 0
5019 0.714568818687 14.3926149763 0
5020 0.685765493785 17.3578731358 0
5021 0.492852042433 13.8037692077 0
5022 5.81713314531 14.3702331282 0
5023 0.62913832919 13.6874341531 0
5024 0.760018918733 17.5878466173 0
5025 0.719051320737 17.5969309939 0
5026 0.784385201603 15.2945355573 0
5027 0.747323857466 15.2611972872 0
5028 0.7375544969 15.3079438678 0
5029 0.902406312157 16.3522718552 0
5030 0.927780654111 16.404316805 0
5031 5.9847038135 13.5692515011 0
5032 6.66689001152 13.7971691843 0
5033 0.288920616453 13.8832745826 0
5034 0.693669629095 14.6210307441 0
5035 0.720887934556 17.9001567215 0
5036 0.729677351444 17.8512479258 0
5037 0.773599387368 17.8402519212 0
5038 0.739195101523 17.7986388193 0
5039 0.810811369147 17.7608871991 0
5040 0.805908947436 18.0711785418 0
5041 0.758497442038 18.079101837 0
5042 0.725492088371 18.0395203846 0
5043 0.856729545202 17.0432601724 0
5044 3.38212191919 17.620559814 0
5045 3.71601304754 17.8182042878 0
5046 1.5218482965 15.7529834383 0
5047 1.17573723178 14.3329408163 0
5048 1.28333450059 14.3856784873 0
5049 1.46098453699 15.1464447871 0
5050 2.26058268475 17.2543810489 0
5051 1.28193744645 14.502110802 0
5052 1.39431609193 14.4539565336 0
5053 1.37201705644 14.5974971146 0
5054 2.6401146094 17.1431427577 0
5055 4.77636515007 17.7327086903 0
5056 1.28334289963 17.955322734 0
5057 0.816959664897 16.552372917 0
5058 0.869502118766 16.5743833742 0
5059 0.914189459645 16.5351238766 0
5060 0.671515683237 14.1590321049 0
5061 7.4806502271 15.6373020627 0
5062 0.243085387938 13.9146424 0
5063 0.739800552266 12.9588885032 0
5064 0.772641919612 15.3806661485 0
5065 0.729673115703 15.4013031917 0
5066 0.723412460292 15.4505491382 0
5067 0.732685253918 17.2900410668 0
5068 0.713239377905 17.1388300115 0
5069 1.36579193395 18.299437656 0
5070 1.08696809036 18.3168222188 0
5071 1.72248818851 14.6882382581 0
5072 1.85892011505 14.7913301855 0
5073 0.933979209282 16.6035589581 0
5074 0.685832141517 14.5200148511 0
5075 0.764057233576 14.9520604658 0
5076 0.72344019659 14.9259039404 0
5077 0.724649935134 14.9791072314 0
5078 0.925936890886 13.8974345799 0
5079 0.944347679466 13.9922000587 0
5080 0.996109701214 14.0760584207 0
5081 2.66703871567 18.1070116333 0
5082 0.874193369188 17.5012238181 0
5083 2.76635854038 14.5303975607 0
5084 4.37644776756 17.5048777014 0
5085 1.04819333678 13.4320577558 0
5086 0.741862883126 14.3637806166 0
5087 0.695638072275 15.5523328288 0
5088 2.50368428399 13.1106088431 0
5089 2.76459230657 12.9220582607 0
5090 0.769696150189 15.8360015564 0
5091 0.736985111199 15.7966247539 0
5092 0.721567008754 15.8472432002 0
5093 0.750704930791 15.7449943413 0
5094 0.717582424061 15.7091036273 0
5095 0.727096472312 15.6538225282 0
5096 0.713994154626 18.0915444993 0
5097 0.746814877083 18.1339440279 0
5098 0.69232112219 18.1402556333 0
5099 0.721932958442 18.1765226593 0
5100 1.61583510505 12.9083532186 0
5101 1.12819127085 14.0406486902 0
5102 1.09657798987 14.159298768 0
5103 3.11643591977 18.0727728945 0
5104 0.703461254863 15.7606365616 0
5105 0.70552948106 15.1884655751 0
5106 1.53570120803 15.9104863725 0
5107 0.714011159296 15.5047863638 0
5108 0.906609376873 17.9320248202 0
5109 1.58591515928 18.2605713557 0
5110 1.69686179682 18.2195930653 0
5111 1.72857403443 18.0909051547 0
5112 1.81729578858 18.1959142863 0
5113 0.698121140464 17.9477502153 0
5114 0.507901856612 13.9096917975 0
5115 0.693146260878 17.4856628648 0
5116 0.693091371004 17.8160831751 0
5117 6.66971013404 13.2877447457 0
5118 7.43615215573 13.5942457917 0
5119 7.55968578332 13.1055932086 0
5120 8.31813016735 13.4033942591 0
5121 8.1164348166 13.8995967805 0
5122 9.13437629654 13.7722967028 0
5123 10.1530164109 13.4722273666 0
5124 2.45079851697 13.9981218319 0
5125 0.696621384931 15.8960464291 0
5126 3.04271208409 13.0928060311 0
5127 0.761212481767 16.2147025895 0
5128 0.734884997323 16.1710052189 0
5129 0.756372371662 16.1227918706 0
5130 0.727656406846 16.0797052056 0
5131 0.705726286239 16.1295380585 0
5132 0.776520611624 18.2090788554 0
5133 2.4769992146 14.2402809369 0
5134 9.62702076526 16.8081935864 0
5135 10.4407354626 17.1802750245 0
5136 11.4622610211 17.0084405344 0
5137 9.41386804399 17.3078665093 0
5138 10.1015969188 17.6634136699 0
5139 1.12237195644 15.6428337219 0
5140 1.03852045331 15.5740627641 0
5141 1.05165112745 15.4782286689 0
5142 1.03331251763 15.6742296442 0
5143 1.1104208259 15.8665135514 0
5144 0.710613808859 14.3395568792 0
5145 1.01181985642 14.8380190714 0
5146 1.08156568593 16.0631779735 0
5147 1.00816885257 15.9949178646 0
5148 1.00230610607 16.0921517162 0
5149 0.998113305916 14.9448294533 0
5150 1.60253522445 13.5857986495 0
5151 0.94213143068 15.5659514503 0
5152 0.862360886241 14.1042910911 0
5153 0.691679414309 16.6888717991 0
5154 0.282618167758 13.0481478773 0
5155 1.57014682005 15.2439635047 0
5156 0.67877811596 14.419797851 0
5157 1.04199404631 16.4793656166 0
5158 1.14760646316 18.3958216359 0
5159 1.05737880793 12.7419367259 0
5160 10.1406054574 14.0279700992 0
5161 11.0530340751 13.7708526038 0
5162 1.80774223014 13.7122193619 0
5163 1.0749807562 15.2215064064 0
5164 1.06583773306 15.3214670879 0
5165 1.13310396743 15.412635061 0
5166 0.295017819885 12.8659186967 0
5167 1.48445446564 16.3562170813 0
5168 1.5103011467 16.2083908419 0
5169 1.19910382108 17.0661058964 0
5170 1.10318817525 17.0983014685 0
5171 1.17255723076 17.1826741719 0
5172 1.26065125104 17.2421745081 0
5173 1.07506902639 17.1822777938 0
5174 1.02376327558 17.1211783405 0
5175 1.0326559615 17.0443276232 0
5176 0.566163904229 12.6952863244 0
5177 0.807222076419 14.3906293012 0
5178 4.85609417922 15.8772867168 0
5179 4.21844219025 16.0259979762 0
5180 4.28669968745 15.6783008862 0
5181 3.67139999421 15.6978064331 0
5182 3.58455473271 16.014893239 0
5183 1.53732165069 15.4123098642 0
5184 6.97394711326 17.7459811952 0
5185 7.47733033628 17.9939714964 0
5186 2.0303708211 15.9966132868 0
5187 0.941273387423 16.0429940518 0
5188 0.706671732362 16.485633781 0
5189 0.725388811504 16.5280441847 0
5190 0.680557322866 16.5257875933 0
5191 0.701344377887 16.5662024153 0
5192 0.745534225456 16.0316454759 0
5193 0.714281798196 15.9900670482 0
5194 0.691123406847 16.0420390013 0
5195 0.664877194359 15.996633741 0
5196 8.47213437236 17.4348688795 0
5197 0.995945074922 16.6697551367 0
5198 1.643997477 16.884926211 0
5199 0.761230357454 16.3988636187 0
5200 0.702983169426 16.3978806989 0
5201 0.739346835266 17.6862837458 0
5202 0.728511722728 17.7417333157 0
5203 1.33438993494 17.3889796894 0
5204 0.957419891929 18.4423052196 0
5205 0.989959469702 18.3898300853 0
5206 0.913777620388 18.3751761005 0
5207 0.7113518202 16.2178640751 0
5208 0.840246251774 18.3702874059 0
5209 1.38935456187 14.3181240238 0
5210 1.04268005028 17.5790686524 0
5211 0.958387428678 17.5987136992 0
5212 1.09529533242 17.6620150918 0
5213 1.20624973748 12.9601249454 0
5214 0.11199301367 13.4491191189 0
5215 0.219656114253 13.3772531091 0
5216 0.220730787798 13.2699925027 0
5217 0.330339845682 13.1980188056 0
5218 0.723979010084 15.0326321821 0
5219 0.678500254028 15.6758114931 0
5220 0.754093018976 14.3204097206 0
5221 0.672139683029 14.3195127582 0
5222 4.21063231998 16.3851771809 0
5223 1.52670972553 16.9423652307 0
5224 0.912994458181 17.0311852365 0
5225 3.29266258047 15.4757387979 0
5226 3.09335119836 15.7634730298 0
5227 3.03329496348 16.051654304 0
5228 0.840820606137 14.8358930425 0
5229 1.24116495162 17.4317685586 0
5230 5.31787131382 12.9275547605 0
5231 4.45923735235 12.8684959586 0
5232 4.17204944666 13.2022732561 0
5233 18.326134803 17.0301138552 0
5234 16.9968159057 16.4370648707 0
5235 0.774927487162 15.6351008247 0
5236 0.889401941058 18.4477550091 0
5237 2.2277311099 13.2423371834 0
5238 1.87815456231 12.7684613027 0
5239 18.2775445315 14.9975006359 0
5240 0.76220912646 18.4189978679 0
5241 0.148851650849 12.7765708464 0
5242 1.03185173781 18.2468265944 0
5243 1.06198845709 18.1705683896 0
5244 0.686315723569 15.4151323293 0
5245 0.681902822002 15.4631847511 0
5246 0.8038913569 17.5593187803 0
5247 0.719160423961 14.8731225583 0
5248 0.973889854585 16.3467348539 0
5249 0.983773673273 15.2578067657 0
5250 0.756722916072 17.1237515298 0
5251 0.721080362188 17.0904910007 0
5252 0.762115487589 17.0742299297 0
5253 0.695323395074 14.0047076341 0
5254 0.652332886841 13.9890526908 0
5255 0.670572075835 14.0399910538 0
5256 1.58002699738 17.7518888768 0
5257 0.727896518784 16.9783988213 0
5258 0.718440684431 17.0200793659 0
5259 0.687744131204 16.9437166121 0
5260 0.705852807172 16.8917150032 0
5261 0.770571357366 16.7406781736 0
5262 0.723424815776 16.7634563765 0
5263 2.00477671794 15.04493306 0
5264 0.759949573663 15.4860989014 0
5265 3.33289367322 16.2619763994 0
5266 2.33127130578 16.4412674323 0
5267 12.8014835242 13.0644854099 0
5268 2.12126382115 16.682164984 0
5269 2.30090114583 18.3432583312 0
5270 2.21635509799 18.1959445918 0
5271 2.04589809787 18.2190333332 0
5272 2.12861675202 18.0538235224 0
5273 2.38591131988 18.1806754849 0
5274 1.67936907884 18.3569371714 0
5275 1.42648265315 18.3943479031 0
5276 1.45103245327 14.8387815599 0
5277 1.97655348491 18.3636967067 0
5278 15.8461579307 17.8535505581 0
5279 15.0718601964 17.227137883 0
5280 13.6085331568 17.2129309809 0
5281 14.4390152396 16.5933911216 0
5282 1.49301685942 17.6543649356 0
5283 1.45680260241 17.7675274157 0
5284 4.35270705147 18.2610046326 0
5285 4.0356084 18.0327732111 0
5286 0.693796990978 18.2604269817 0
5287 15.9410477075 13.2119429656 0
5288 13.0857666013 17.9238866729 0
5289 12.3945579334 17.4198252137 0
5290 8.85375134412 15.9264938476 0
5291 5.56409419754 18.2281946524 0
5292 1.54330598005 15.590919122 0
5293 2.07539954658 15.7905334376 0
5294 17.4236694665 13.229143531 0
5295 0.141680094241 12.9404080984 0
5296 1.53446270828 17.8847651118 0
5297 0.688197962604 17.2384144408 0
5298 4.50398523069 17.2158157177 0
5299 1.52562589688 14.3834550328 0
5300 0.738332834525 17.9870974515 0
5301 1.67636714142 16.6659005173 0
5302 1.05398910989 16.9148148986 0
5303 0.70374776721 15.2731036776 0
5304 0.688427121772 15.3269839697 0
5305 0.679067811295 15.2310571259 0
5306 0.0574384541057 13.7750874872 0
5307 1.36323577417 17.216015503 0
5308 0.867765756507 14.5598390569 0
5309 0.762377206607 15.0626016577 0
5310 0.756519073275 17.42418076 0
5311 1.76245028223 17.9589806695 0
5312 1.37936229239 17.6777245935 0
5313 1.71132618816 17.2415813948 0
5314 1.85626367694 17.2054190942 0
5315 0.751874904336 16.8777773113 0
5316 0.718615340118 16.8450307902 0
5317 0.660400518498 16.8999284044 0
5318 0.789456251519 14.2387942159 0
5319 1.25857839815 15.0105198069 0
5320 6.37813576743 16.954832292 0
5321 0.733710866681 15.9386749864 0
5322 3.34183840371 18.2828542488 0
5323 0.854671104222 17.8985835891 0
5324 12.0532620633 14.6533819714 0
5325 0.711972469356 17.4383461588 0
5326 1.0470887598 16.3025332582 0
5327 0.0574880634638 13.8807213777 0
5328 0.122065909864 13.914343009 0
5329 0.651197617818 18.3740964678 0
5330 0.698144948278 18.3454150128 0
5331 8.8314291048 16.4763081254 0
5332 0.648279313514 17.5746017462 0
5333 0.650546808884 17.6257148715 0
5334 0.651883131529 16.425 0
5335 0.650007475989 17.9262947325 0
5336 0.654746662153 16.1268152711 0
5337 0.650858517836 17.723649099 0
5338 0.64882738376 14.7249990919 0
5339 0.653187445352 16.5700784049 0
5340 0.650896635486 18.170395538 0
5341 0.646874684009 15.1261056881 0
5342 0.649619989769 14.8248714487 0
5343 0.656209817112 15.7697897099 0
5344 0.652192143027 17.175 0
5345 0.649085883224 17.0251809492 0
5346 0.648317615943 15.0280699252 0
5347 0.649911401509 15.874624583 0
5348 0.649252382835 16.7782721769 0
5349 0.648308194886 14.9262209576 0
5350 0.648369195394 17.0758984846 0
5351 0.650404940018 15.5794696364 0
5352 0.648816415767 18.0270449662 0
5353 0.651693211283 16.3234472066 0
5354 0.691557579062 16.2963656038 0
5355 0.658342007079 16.2216802137 0
5356 0.700455815803 14.6715939833 0
5357 0.628434922015 13.9397801263 0
5358 0.390987558955 13.7213930387 0
5359 0.711594867892 14.7711537719 0
5360 1.26973896878 18.3157312156 0
5361 0.727392273804 16.6077943899 0
5362 1.4711737296 18.2809795172 0
5363 2.82691488067 15.8943724653 0
5364 0.696893582253 17.6459058899 0
5365 0.936918340134 15.0044419514 0
5366 0.966454541086 17.9744398237 0
5367 0.691582004533 15.6150490725 0
5368 11.0851550766 14.3397980582 0
5369 1.87764734368 16.3064887313 0
5370 1.01138378376 15.7590354261 0
5371 0.648955205125 14.6258968137 0
5372 1.38617484651 16.2746505515 0
5373 0.929892409247 16.7245152205 0
5374 0.727354947651 14.1064566198 0
5375 1.08766093606 17.7688438142 0
5376 0.809272905992 17.8707120102 0
5377 0.357067577954 13.9537247572 0
5378 0.427231454748 13.9598131805 0
5379 3.00116598873 14.3645246943 0
5380 0.20251200038 13.7627855446 0
5381 0.774437186114 17.2642890355 0
5382 1.64662561969 17.9883246566 0
5383 0.689162517876 17.3103150539 0
5384 0.68514837925 14.087728451 0
5385 2.07032842673 12.9901875428 0
5386 3.17151954013 16.6834490855 0
5387 0.633752400536 14.0216389796 0
5388 1.41986705255 15.6419130109 0
5389 7.28606205444 14.0719764887 0
5390 0.494085378285 13.8535988655 0
5391 1.25047129741 16.749210851 0
5392 1.3442548823 16.6999802644 0
5393 1.43793158892 16.7546712024 0
5394 6.23907608718 14.737138501 0
5395 1.42877496037 16.8721133793 0
5396 14.2471951304 14.0230120023 0
5397 1.02985647317 17.2572209902 0
5398 2.55346270567 14.6817170458 0
5399 0.807131104227 14.4817500309 0
5400 0.817240786509 14.5899444406 0
5401 1.16421915736 17.3730377516 0
5402 0.850903437474 14.5030381869 0
5403 0.33687865662 13.8600591245 0
5404 0.690578390888 18.4004303924 0
5405 2.13434304277 15.3447691794 0
5406 0.690006221143 16.804302336 0
5407 0.891829384326 14.8521097745 0
5408 12.0559588871 14.0476086281 0
5409 0.602484661756 13.8059659849 0
5410 0.635229359716 13.7709070046 0
5411 0.569882503187 13.7421415095 0
5412 1.95534242349 18.090176627 0
5413 2.71649536648 16.1945844807 0
5414 0.55577572363 13.9607821117 0
5415 1.19719607011 17.979922936 0
5416 0.239827167614 13.5525319227 0
5417 16.7101543413 15.6306717513 0
5418 5.85821668332 16.6905205283 0
5419 2.16464082672 17.4104935725 0
5420 0.912380363946 13.35308471 0
5421 2.85077419875 18.0992468375 0
5422 0.707891520821 18.2172891294 0
5423 5.31883528099 13.3568972057 0
5424 0.769602794317 16.5363170348 0
5425 9.35639142708 14.3550087989 0
5426 11.1988275259 17.5605967153 0
5427 0.693798392369 16.3448243182 0
5428 0.980724203377 18.1836280261 0
5429 0.871576330143 12.8601800006 0
5430 2.30097182233 16.6201700886 0
5431 0.748605307231 15.2139967127 0
5432 3.02995604635 13.4135460595 0
5433 4.10541105282 13.7388828811 0
5434 1.42479600718 15.9708513345 0
5435 9.68696908681 18.1042623966 0
5436 0.691971147466 17.7002027997 0
5437 11.6234833003 16.4452951533 0
5438 0.675407663077 14.260830358 0
5439 1.34649801623 17.7799312688 0
5440 3.40459726785 15.1737155166 0
5441 0.897484944103 15.9135979797 0
5442 0.76502010547 16.7887444637 0
5443 16.6842548426 13.9858969658 0
5444 1.67556925078 17.3716088432 0
5445 16.5185959227 17.1805166524 0
5446 2.38123077832 17.847535147 0
5447 8.25788065748 15.5192466096 0
5448 2.08333076104 16.8489415823 0
5449 1.17531840967 17.2838385356 0
5450 0.901361768455 13.1889886846 0
5451 0.747331114009 13.2872385768 0
5452 0.225920541862 13.9602952936 0
5453 0.924343343467 14.1184075641 0
5454 1.40629121676 13.0341695031 0
5455 2.6360883503 15.7699763735 0
5456 3.54916011497 18.0557092205 0
5457 2.30323215453 18.0261078297 0
5458 2.71192253252 15.3287869335 0
5459 0.499890440073 13.7510195319 0
5460 0.822662376488 14.6827295695 0
5461 2.0463882599 17.9116098518 0
5462 0.953215425562 17.6745029794 0
5463 0.898491560903 17.6356895356 0
5464 0.176709028505 13.8852912582 0
5465 0.832415820058 14.7848935651 0
5466 0.0974205387992 13.9621456752 0
5467 0.686697060789 18.4530176784 0
5468 0.700373526766 14.5696591358 0
5469 0.691441564897 18.0039490885 0
5470 4.56810885363 14.6027651296 0
5471 0.920822882873 18.3043452723 0
5472 0.640208799637 14.1295597093 0
5473 0.911644497553 15.7042086558 0
5474 1.90862628196 16.0915427393 0
5475 6.78180643347 15.7898257823 0
5476 13.8129949376 16.0332531616 0
5477 2.8083824171 17.5163556803 0
5478 3.03303774086 17.4365202301 0
5479 0.109368602073 13.2132997282 0
5480 0.816760387326 17.2990469451 0
5481 0.648211131862 17.473241519 0
5482 2.00724450608 14.1232023897 0
5483 1.85564249465 14.9576226309 0
5484 11.0417006213 14.925027208 0
5485 0.684743390843 15.9511231581 0
5486 0.648324507613 18.124208132 0
5487 0.733294245315 13.8813340846 0
5488 0.78489989882 13.8937693852 0
5489 5.79840018847 17.9348120845 0
5490 0.861953422216 17.5486605078 0
5491 1.87063877238 17.5525123595 0
5492 0.870752907532 15.9661400812 0
5493 1.34665770146 14.9221335785 0
5494 1.38046985351 14.7245232075 0
5495 1.28576050989 16.462174637 0
5496 5.62896055588 14.9767442131 0
5497 0.0827310711429 13.5457008196 0
5498 1.3314103917 16.0524623265 0
5499 1.92312284762 15.7067763345 0
5500 2.88641493122 15.5113537371 0
5501 1.26055086102 16.6512775467 0
5502 0.786407706451 14.2884422712 0
5503 1.97734990281 17.3281705386 0
5504 0.442627613965 13.9192950023 0
5505 2.69798028861 18.2904319581 0
5506 1.22984954421 18.4128320062 0
5507 1.51362740666 14.5368749623 0
5508 1.06530022342 14.2753528593 0
5509 0.344597912679 13.905940585 0
5510 0.54558779509 13.7971151835 0
5511 0.804299086851 13.9477755798 0
5512 0.841367381645 13.9027840813 0
5513 0.693836776351 17.5519380147 0
5514 0.648333321624 17.327001537 0
5515 1.83329284772 14.0393886075 0
5516 12.4698447466 16.8380930761 0
5517 0.796997621309 14.4365198799 0
5518 1.27800667249 14.6946742155 0
5519 0.688168998468 16.6422720824 0
5520 0.650382230658 17.8300587711 0
5521 0.700488113273 17.7750284385 0
5522 1.09460112122 14.5914073229 0
5523 2.1882277871 14.0209053192 0
5524 1.2818463725 13.7099259087 0
5525 0.888863035867 16.9339756544 0
5526 0.917628469097 17.4584092135 0
5527 0.583134343254 12.8810242971 0
5528 1.36518887707 16.5251131439 0
5529 1.52230275109 13.906253483 0
5530 0.114346720304 13.8589866525 0
5531 2.37886184388 16.9086240248 0
5532 0.64284317623 15.3255510615 0
5533 0.873669922613 16.6342844716 0
5534 0.920364006941 13.5002278758 0
5535 3.47641706159 17.3701144015 0
5536 1.27459434269 13.5557982999 0
5537 0.642556290866 14.5230169798 0
5538 8.22462601141 17.8494479487 0
5539 0.646255899871 17.225 0
5540 0.684878024533 13.4007185286 0
5541 0.650312258299 18.2764994613 0
5542 0.834695393092 14.0510461477 0
5543 0.691650425763 15.8076026312 0
5544 2.1575321495 15.1348024317 0
5545 1.96059122893 15.3973672936 0
5546 0.871740475256 14.7043807914 0
5547 0.398592324126 13.453242722 0
5548 0.612487897065 13.9728665349 0
5549 15.6382395122 16.6076639568 0
5550 0.993750244254 14.3566695891 0
5551 1.26161656813 18.0454679311 0
5552 0.785157397732 18.1132712755 0
5553 3.05930292482 12.7937054581 0
5554 6.50455378276 14.2475584187 0
5555 0.686029903427 14.9523425294 0
5556 0.649079445639 16.6724331605 0
5557 0.804767908017 17.0535376132 0
5558 0.965157634152 17.0736789512 0
5559 8.34451994629 12.9392984051 0
5560 0.690716794307 16.255807681 0
5561 2.48916672069 12.7950209779 0
5562 0.975716949415 14.1883961942 0
5563 0.8107683871 18.4140578869 0
5564 0.886073846854 15.7552814119 0
5565 1.91670764955 15.5486146309 0
5566 0.782702501944 18.4578433944 0
5567 2.82436034 17.2742879321 0
5568 0.441358320761 12.8161379523 0
5569 0.926488717236 16.1193526298 0
5570 0.676667952813 16.8562100317 0
5571 0.696436938002 15.3742648757 0
5572 0.690223924571 16.4462155513 0
5573 0.882439092265 15.5441364942 0
5574 0.974698415598 15.4930994652 0
5575 0.988188380542 15.4199120064 0
5576 0.143092663318 13.7410576099 0
5577 1.42288672655 16.1244235014 0
5578 0.758733539235 16.8325625929 0
5579 0.910888368717 16.464043997 0
5580 1.03801285929 13.5712991142 0
5581 0.903876375238 17.8740827126 0
5582 7.37965989048 16.0231910828 0
5583 0.64561398495 15.4278958223 0
5584 1.49598729835 14.6747969655 0
5585 5.17153617179 17.9727451478 0
5586 0.685081637314 15.0554793051 0
5587 1.38482043494 16.4235205381 0
5588 0.690501498676 16.1768214184 0
5589 0.768047842377 17.7652750056 0
5590 0.779571550125 15.1912025218 0
5591 2.49221517658 16.5476075979 0
5592 6.91578996056 18.1761307992 0
5593 0.684860816658 14.9008852864 0
5594 2.45302114732 17.2538713931 0
5595 0.693078211548 14.4687406515 0
5596 0.921970465373 15.4344891303 0
5597 0.646770871728 17.3779701853 0
5598 0.645355960186 16.032492702 0
5599 1.8554953809 14.6114477696 0
5600 0.813057254493 14.6350448435 0
5601 1.41672447782 15.3933351986 0
5602 5.14189384881 14.4658811139 0
5603 10.7284772504 18.0564140982 0
5604 0.696542799095 16.730374259 0
5605 1.80660862441 17.3324030193 0
5606 0.969926602116 17.0059135632 0
5607 10.4006002076 12.9216877783 0
5608 0.873166487815 16.3041240606 0
5609 0.686199177139 15.0043993343 0
5610 4.58057699108 18.0052939962 0
5611 0.934998452902 15.9774306209 0
5612 6.10948996274 17.2874322464 0
5613 1.03731991952 15.9034738559 0
5614 0.686353787475 16.9982164103 0
5615 3.85365307211 17.565311877 0
5616 0.683325262047 14.8488920488 0
5617 2.11753688546 17.257649606 0
5618 1.60979137767 12.6762547835 0
5619 1.44340144529 15.2771216694 0
5620 2.53768865721 14.4504759101 0
5621 0.688596174066 16.090984236 0
5622 0.693313953357 13.7823923034 0
5623 1.01352648125 17.646597098 0
5624 0.90464198503 14.051549848 0
5625 0.920616154192 17.5403782081 0
5626 2.47836464527 16.3711995243 0
5627 13.1073267115 13.7017261758 0
5628 0.107998304543 13.8095897293 0
5629 0.163725596191 13.52038428 0
5630 0.641698139586 15.2257708435 0
5631 0.889799456161 13.0233180436 0
5632 0.683721190599 18.0565589599 0
5633 1.35191018942 15.1987479147 0
5634 0.971383429097 16.5023298479 0
5635 6.93510759248 12.8547990071 0
5636 1.41250779504 13.6264064888 0
5637 0.732310953998 15.3547149037 0
5638 1.26916227693 14.2697489455 0
5639 1.60243410815 14.6328814294 0
5640 1.18145309718 14.5441013511 0
5641 0.689836629914 17.0518169493 0
5642 0.560905564875 13.6475110982 0
5643 4.77095350783 13.1839515162 0
5644 1.35671334028 15.0678483798 0
5645 2.2573044591 16.7932411628 0
5646 1.53348473517 16.8206303398 0
5647 2.01434864217 14.7381584795 0
5648 0.531490228841 13.8351692738 0
5649 0.303489242143 13.4256733407 0
5650 1.88553500539 17.4338365995 0
5651 0.74695361754 13.7962831945 0
5652 0.212107675215 13.1620111926 0
5653 1.98623060876 13.1925707286 0
5654 0.68144740405 14.7982504962 0
5655 0.733511813433 17.5615822166 0
5656 0.682807800871 15.1052035723 0
5657 1.39293744958 15.7580109332 0
5658 0.638939773783 14.4232257187 0
5659 9.11082015487 17.7535469786 0
5660 2.54319255632 16.2108663518 0
5661 0.687395028898 17.8637724124 0
5662 0.741296134405 18.2054037398 0
5663 0.640935778654 16.525 0
5664 0.681176041815 17.4066320307 0
5665 3.54816522593 13.2773719144 0
5666 0.99173331043 16.1761657377 0
5667 0.9909774181 18.3194618113 0
5668 1.28557581356 16.261135675 0
5669 0.640736905699 14.2807305434 0
5670 0.135643701381 12.62859166 0
5671 18.7894614674 17.8509767669 0
5672 0.813682408912 17.8280249749 0
5673 0.866211522053 14.7601512988 0
5674 3.14170704866 16.4597875307 0
5675 0.644018320982 15.4774455968 0
5676 1.25058946478 17.3364561863 0
5677 1.24807590161 14.9121550281 0
5678 1.3492126686 18.0171153557 0
5679 0.227160614269 13.4695413898 0
5680 5.60106704964 14.6685076044 0
5681 0.764981233786 13.8423894886 0
5682 8.00252698499 15.8681262961 0
5683 1.83213408604 18.0542894657 0
5684 18.8230704349 13.1447353731 0
5685 0.866328783432 13.9770944171 0
5686 0.956401365483 17.1424889737 0
5687 15.3324055015 13.7755402144 0
5688 0.682685547354 18.3011045316 0
5689 0.635302913643 14.3244185605 0
5690 0.643758609951 15.9640805367 0
5691 0.638331671637 15.6749601951 0
5692 8.02954383815 18.1963734308 0
5693 7.90300140495 14.3540526312 0
5694 0.986581169124 15.6205232786 0
5695 0.98450588265 16.4271801637 0
5696 0.674249521645 14.2082876785 0
5697 0.0439119422324 13.9683169049 0
5698 0.853173904939 17.2782612613 0
5699 3.79223549562 16.2454161519 0
5700 0.740150547309 16.5645994895 0
5701 0.645655790651 18.463228708 0
5702 4.22207934196 17.7771470954 0
5703 0.678763292177 14.7484336194 0
5704 0.873045078153 14.8019392513 0
5705 1.34206484462 16.6117419998 0
5706 0.681612924212 15.8503168446 0
5707 0.756826713003 18.1768268113 0
5708 1.16963355988 14.2356423473 0
5709 1.92569819395 18.2581248186 0
5710 2.48274089649 17.0526452966 0
5711 0.787958728325 17.799132262 0
5712 0.684625034408 14.3687578591 0
5713 0.844167879462 17.0878510687 0
5714 0.884406291176 16.1588193813 0
5715 0.641321089052 14.1794607296 0
5716 1.0101052628 17.1859972472 0
5717 0.722802183625 18.4232565653 0
5718 0.760990231383 17.5487662815 0
5719 1.02481414195 16.9762812529 0
5720 0.681983751108 17.1032292513 0
5721 0.938355512649 15.3113082603 0
5722 13.3861021095 16.6185985496 0
5723 0.795923298477 16.8154211173 0
5724 1.60839593211 13.7759017545 0
5725 0.950651702136 14.8784212207 0
5726 0.993326998818 15.3416472082 0
5727 0.716429890153 15.2353730992 0
5728 0.974135809403 15.702401137 0
5729 0.812859094422 13.8559344903 0
5730 6.41253855623 17.8920208725 0
5731 0.389397451365 13.9276840286 0
5732 1.81476999656 13.8796355117 0
5733 0.686447176188 18.1854161952 0
5734 1.98322855708 14.891591304 0
5735 0.685227782747 17.742394396 0
5736 0.679011280174 15.1489613323 0
5737 5.90901735235 13.2117523015 0
5738 0.883188296829 16.0590397571 0
5739 0.699434503569 17.2707604746 0
5740 2.54768892359 18.1860562026 0
5741 11.920371809 13.4716188381 0
5742 2.33052581956 14.1485326148 0
5743 0.450504914643 13.7123476612 0
5744 0.639376213755 16.8696377524 0
5745 1.09799210061 18.4411374879 0
5746 0.681389869621 16.6009104286 0
5747 0.787042692262 18.2517047235 0
5748 0.769132131999 15.3371273685 0
5749 0.730460411912 16.8066533592 0
5750 0.897806667753 17.5847397665 0
5751 6.48109973106 17.5421798232 0
5752 0.676005017078 14.698524425 0
5753 0.831554759531 17.7968051064 0
5754 1.63177819078 16.7711296207 0
5755 1.05105026044 15.8195692185 0
5756 1.40756408445 17.86675779 0
5757 0.643941499296 16.9349740031 0
5758 1.3573537804 17.9356574179 0
5759 0.889228160532 15.0310750989 0
5760 0.858816939298 13.8436185304 0
5761 1.35801123084 14.2042750284 0
5762 2.29968191204 12.9804399267 0
5763 1.44728066129 15.8486925155 0
5764 0.728239555133 16.3108871965 0
5765 4.02731351333 13.471982931 0
5766 16.1154416241 16.1339893538 0
5767 1.11047632855 17.2484680423 0
5768 0.678045282919 15.5032992563 0
5769 1.05463906135 15.4017872047 0
5770 1.32779308407 17.2989380745 0
5771 0.30373862427 13.9231611506 0
5772 0.670168366889 13.735621152 0
5773 0.186058152635 13.9269798214 0
5774 0.958566851907 16.5524314016 0
5775 0.676376486517 18.1008509808 0
5776 0.856769196311 18.4136803391 0
5777 0.682038181701 17.9053154171 0
5778 2.33957490912 17.3874840307 0
5779 0.67923078089 17.5997353419 0
5780 0.823230750118 18.1134539867 0
5781 0.675976410899 17.4500491816 0
5782 1.32618864792 15.9562215081 0
5783 0.886905277216 14.9842634856 0
5784 8.62088683168 14.2016147815 0
5785 1.75394565393 18.2848905462 0
5786 0.813826255755 15.1865504709 0
5787 0.669648437125 14.1173889777 0
5788 0.921208690017 16.6648333729 0
5789 17.5152247498 14.4529256538 0
5790 0.682575036552 15.7283731554 0
5791 3.94007228333 15.8562176621 0
5792 10.9468956619 13.2879270125 0
5793 0.728519970993 17.0529327274 0
5794 1.15006145896 13.5169092264 0
5795 0.895131139952 16.0111715795 0
5796 0.619602620931 13.6350972999 0
5797 1.85286938461 16.1885997989 0
5798 0.716029785043 12.8190198885 0
5799 0.673395720886 14.6496554039 0
5800 2.33922762905 14.3595734454 0
5801 2.8338234377 16.0719311045 0
5802 0.920934537105 16.9783752815 0
5803 0.676842263612 17.15 0
5804 0.777182664275 14.363589405 0
5805 2.79513577979 15.6984922324 0
5806 1.87234445547 15.9815595751 0
5807 0.683957200525 16.762548484 0
5808 0.927823873618 16.3042009361 0
5809 1.25977462566 14.5955431158 0
5810 0.189195691294 13.7222865381 0
5811 1.02093260444 12.9326571242 0
5812 1.03921174119 16.2277641172 0
5813 0.108521946653 13.7672517378 0
5814 1.05735784242 18.3840238936 0
5815 0.18047840733 10.4102683641 0
5816 1.8804656913 12.2598287035 0
5817 1.87323896308 8.7746525252 0
5818 2.87759509099 8.77092007498 0
5819 0.193957954425 10.975482467 0
5820 0.181785249816 9.80003062621 0
5821 2.95358716616 12.1715470941 0
5822 5.33622442319 8.92367474065 0
5823 0.176730543031 11.6 0
5824 5.27191528074 12.1089583596 0
5825 1.05604604201 8.6895025225 0
5826 8.11242001128 8.98993225765 0
5827 1.05313692727 12.3058900635 0
5828 10.4042216078 11.9523348469 0
5829 12.91203546 9.05937875747 0
5830 0.185161388129 9.20996657687 0
5831 10.3591852384 9.02795738358 0
5832 7.04580210215 12.0710243281 0
5833 15.8731122451 9.28635266544 0
5834 0.191785115738 11.998435453 0
5835 12.9226301227 11.8984341027 0
5836 15.7811872666 11.8421116288 0
5837 0.521043938724 8.70894692052 0
5838 0.559204835722 12.3163300281 0
5839 18.3495541084 9.93942927856 0
5840 0.167275256613 8.79991898697 0
5841 9.2327739262 11.9640059314 0
5842 9.81834151329 11.4343271297 0
5843 8.69215791163 11.4432587566 0
5844 9.24781155354 10.9352851758 0
5845 8.21675355531 10.921448852 0
5846 10.347340049 10.9217141662 0
5847 8.70393283318 10.451404517 0
5848 7.7124142297 10.4383803627 0
5849 7.2662673846 10.8860148108 0
5850 6.76015303435 10.4293160303 0
5851 6.33665582071 10.8623567895 0
5852 5.82222503153 10.4264639982 0
5853 5.40373855909 10.8571518651 0
5854 4.92701940348 10.4494340428 0
5855 4.5186364071 10.8482622254 0
5856 4.10707257206 10.4898405503 0
5857 3.71202277326 10.8353154654 0
5858 3.33569270286 10.512519339 0
5859 2.96363350059 10.8304857204 0
5860 2.79140230056 10.5179342402 0
5861 2.59888928119 10.8161044384 0
5862 2.43387762233 10.513335222 0
5863 2.25491022131 10.787800237 0
5864 2.09120296859 10.5087553022 0
5865 1.92898835579 10.7720496183 0
5866 1.77103404908 10.5100247436 0
5867 1.61717828294 10.7642734744 0
5868 1.4625790172 10.512686884 0
5869 1.60685882097 10.2614525902 0
5870 1.31176799334 10.2642305981 0
5871 1.45201633379 10.0214546388 0
5872 1.32679409468 10.7578691721 0
5873 1.46720166234 11.0080889119 0
5874 2.25124724635 10.2257932154 0
5875 1.18494002627 10.9978774881 0
5876 1.17447530713 10.0181990235 0
5877 1.30817741998 9.78426061339 0
5878 1.31457616256 11.2451777418 0
5879 1.60452483773 11.2605786734 0
5880 1.57665104334 9.78554030197 0
5881 1.04955347304 10.7593122967 0
5882 1.03893939366 9.77936459248 0
5883 1.03445746853 11.2301370838 0
5884 3.69995090101 10.1902689809 0
5885 2.39892161171 11.0761179482 0
5886 1.44171100025 11.4958457927 0
5887 0.894694905912 10.01363446 0
5888 1.17197847291 9.55524063025 0
5889 0.909051629904 9.54937366789 0
5890 4.06859407424 11.1782026153 0
5891 1.73348752078 11.5136965088 0
5892 6.24463785852 9.98917307753 0
5893 1.03458519421 9.3350704923 0
5894 1.30077408361 9.32691415581 0
5895 0.779660841523 9.33616460842 0
5896 0.653859940306 9.53510026649 0
5897 1.56651689673 11.7460855705 0
5898 1.27651739698 11.7309977161 0
5899 5.92474410131 11.2768179249 0
5900 1.39137908282 12.0094709986 0
5901 8.18278344907 9.96548765126 0
5902 9.19588877276 9.95697227816 0
5903 1.87186034896 11.7666500526 0
5904 2.04185104486 11.5382451689 0
5905 2.17705764856 11.7971495714 0
5906 0.536630122263 9.32690668382 0
5907 0.649360964348 9.13215300382 0
5908 0.394958108858 9.51904937941 0
5909 0.527598710173 9.72396026725 0
5910 1.15382792295 9.11074514367 0
5911 1.42666605537 9.08664375877 0
5912 1.57754908312 9.31623121031 0
5913 2.35277921441 11.5667025777 0
5914 2.48798350817 11.8524550771 0
5915 2.70123601485 11.5705060337 0
5916 1.10472313748 11.9400163654 0
5917 1.0045427583 11.7116500047 0
5918 0.852140559834 11.9221619196 0
5919 0.74912579186 11.7147942219 0
5920 0.604478209786 11.9108594649 0
5921 0.518983216293 11.7102645137 0
5922 0.630900482345 11.517856201 0
5923 2.31122007196 12.0823511082 0
5924 1.71980825484 9.0523317262 0
5925 1.867545692 9.31679406358 0
5926 1.2838088278 8.86570707559 0
5927 2.03209149616 9.05088707304 0
5928 2.17602389103 9.33161567802 0
5929 2.357000929 9.05394922134 0
5930 2.50652651462 9.33781565377 0
5931 2.31624416232 9.62348358543 0
5932 2.64843259054 9.63116778331 0
5933 2.8487934093 9.33470491526 0
5934 3.01762216683 9.62688723241 0
5935 3.38717795443 9.32217571373 0
5936 2.81330734962 9.93349189067 0
5937 3.7200202202 9.62013248901 0
5938 4.1051458011 9.3013670041 0
5939 4.50093691401 9.68560560313 0
5940 3.71869091597 8.9898519871 0
5941 1.54181128663 8.76871374284 0
5942 0.396215172713 9.12132833414 0
5943 1.1546431867 11.4785385457 0
5944 0.536855779345 8.94040515843 0
5945 0.754585655865 8.93612849034 0
5946 0.708991350149 12.1281463816 0
5947 8.67940402076 9.48650865038 0
5948 7.62604190158 9.48553093455 0
5949 6.96279143531 8.98808155622 0
5950 6.6441449084 9.53707682726 0
5951 6.05173805036 9.18910059759 0
5952 5.80034207117 9.59680153561 0
5953 5.26162631927 9.97169481307 0
5954 0.917098394799 10.9866779779 0
5955 0.784204740763 10.7620929024 0
5956 0.904940803586 10.5463825536 0
5957 0.656359916703 10.5429076117 0
5958 0.66534187265 10.97487894 0
5959 0.778703441516 10.3352214015 0
5960 0.544192828458 10.330121616 0
5961 0.38744414514 10.5265951294 0
5962 0.656686679907 10.130098857 0
5963 0.418841158293 10.1131049312 0
5964 0.78409449616 11.1957689556 0
5965 0.537713235709 11.183239337 0
5966 0.538674235277 10.7570319559 0
5967 0.308428232795 10.7712546966 0
5968 0.388575992017 11.5133209054 0
5969 1.03408188252 10.242133432 0
5970 7.72893565454 11.3662269878 0
5971 7.17928772478 9.97395593933 0
5972 4.43807692083 12.1252632501 0
5973 4.79340400096 11.7420159452 0
5974 3.99678328513 11.7916627344 0
5975 1.5876774695 12.2509241895 0
5976 3.31083315988 11.1525823419 0
5977 0.430267282252 10.9644623383 0
5978 0.324371807589 12.3314703392 0
5979 0.422983887074 12.1159311237 0
5980 8.0438208677 11.9362530591 0
5981 3.63157375374 12.1437211635 0
5982 3.14627702483 11.7848487524 0
5983 2.07759515506 11.0404386189 0
5984 9.20864984911 9.0019222634 0
5985 0.860531680199 11.4562616886 0
5986 18.2695230339 11.0346567669 0
5987 16.923457617 10.4308677986 0
5988 1.32128383679 12.2532862537 0
5989 0.775235282566 9.75501610239 0
5990 6.12414081377 12.0937992989 0
5991 6.49241636785 11.6883411289 0
5992 14.3034820878 11.8698241549 0
5993 13.5296955541 11.266953928 0
5994 12.2172425426 11.326221809 0
5995 12.7387138598 10.6950308564 0
5996 14.0724046898 10.6008272131 0
5997 13.1940528039 10.0593596069 0
5998 11.9184716536 10.1379710103 0
5999 14.6209801048 9.85377275836 0
6000 11.5967176204 9.0509639748 0
6001 10.9130666678 9.61939964908 0
6002 4.44921512792 10.1032603452 0
6003 17.3778837305 11.799913477 0
6004 17.502267422 9.20027498423 0
6005 14.265123306 9.12355706491 0
6006 11.6263437144 11.9278673338 0
6007 1.17934984913 10.5049730742 0
6008 4.89360620185 11.2796695491 0
6009 2.75070890195 11.1709487805 0
6010 0.754119783206 8.69486807095 0
6011 2.53575508991 8.77544465402 0
6012 1.91939684977 10.2409305921 0
6013 2.06187059561 9.92451299604 0
6014 2.61567649158 10.2236223979 0
6015 14.9236611087 11.211582934 0
6016 11.5004042826 10.7789105962 0
6017 4.84179524823 9.2756463745 0
6018 2.41288123511 9.9357137033 0
6019 1.99138990438 9.58787972061 0
6020 2.19904155909 8.7758222456 0
6021 0.37464445351 11.8738586291 0
6022 0.177177635961 11.8 0
6023 0.181977940189 9.00526619338 0
6024 0.183697235701 11.4014806846 0
6025 0.892218214376 9.13198474778 0
6026 0.184936172063 9.41001179284 0
6027 0.18252016352 9.60697680846 0
6028 0.185681990102 10.2055810732 0
6029 0.176115194683 11.2 0
6030 0.194434312397 9.99983600276 0
6031 0.380297476172 9.88029938598 0
6032 1.76652458594 11.0208703357 0
6033 1.73416741801 10.0150447055 0
6034 9.74380357625 10.4060307153 0
6035 10.9856489516 11.3902293136 0
6036 9.74397210108 9.49545841418 0
6037 4.46310048654 8.91201784166 0
6038 1.44030352841 9.55610096893 0
6039 5.59380361155 11.6944719768 0
6040 0.357413388408 11.2990555016 0
6041 2.61819895516 12.202647009 0
6042 0.305349294464 8.66450113808 0
6043 3.6337604406 11.4709185272 0
6044 1.72089413996 12.0058822678 0
6045 0.167207793926 10.612312066 0
6046 15.9537812208 9.97123966653 0
6047 1.9036592218 11.2797927173 0
6048 0.175904717884 12.2008229651 0
6049 10.8464115928 10.2338644339 0
6050 0.348500860524 8.88104166593 0
6051 1.71144205487 9.55620258621 0
6052 16.427883524 11.1714607578 0
6053 0.343327705865 10.3171342228 0
6054 0.979467660079 8.91314688521 0
6055 15.42731353 10.5183199213 0
6056 0.803416597454 12.3162365821 0
6057 2.99134898584 10.2154670639 0
6058 2.69274504811 9.05184915047 0
6059 0.627267115437 9.92866336026 0
6060 0.345719451085 9.31761733983 0
6061 2.77252690364 11.9153592112 0
6062 2.0167982149 12.0281081678 0
6063 0.333441450387 9.71276905231 0
6064 3.00540634752 11.4297885071 0
6065 0.327782967924 11.6993686243 0
6066 12.2863246474 9.55553727441 0
6067 6.84339049724 11.2985950148 0
6068 0.133018440288 10.7916441618 0
6069 3.33891552342 9.91496553449 0
6070 2.21257168302 11.3060008178 0
6071 18.818139171 9.12794085256 0
6072 0.337488162656 11.1248866333 0
6073 10.1214366562 9.93694372084 0
6074 0.516112135195 11.3717117505 0
6075 18.7870642281 11.8611839158 0
6076 1.815213078 9.77466925187 0
6077 4.34379139873 11.4826285303 0
6078 0.940982110607 12.127505078 0
6079 2.13595525959 12.2740575959 0
6080 1.2881396488 8.66329310324 0
6081 3.05822603904 9.03822042466 0
6082 0.147136279089 8.64649733365 0
6083 0.150275227335 12.3547156051 0
6084 3.98516122159 9.90556200081 0
6085 5.44909805592 9.28813548201 0
6086 5.15080723462 9.60562841623 0
6087 2.49597538699 11.3358587974 0
6088 0.665957577498 11.3450868074 0
6089 16.924042607 9.76688518895 0
6090 6.11782069189 8.80091950491 0
6091 0.638931721631 8.81675590997 0
6092 13.5274218679 9.51301852882 0
6093 3.34070747946 8.75979849735 0
6094 7.31132365443 11.7118124467 0
6095 1.16277691145 12.1383124671 0
6096 0.826388625323 10.1693110442 0
6097 0.173645360747 6.25957935788 0
6098 2.21189108606 8.24541026974 0
6099 2.18332164518 4.25808145224 0
6100 3.47344167308 4.40121067414 0
6101 0.173832038228 5.47087841903 0
6102 0.16646374293 7.0518207881 0
6103 3.5474979972 8.16000805731 0
6104 6.13899316475 8.07420194681 0
6105 1.29198559016 4.23037598395 0
6106 1.26911572617 8.29131255512 0
6107 6.12058272326 4.37879749107 0
6108 9.20311414431 8.01053085854 0
6109 0.167721622421 4.87705348701 0
6110 0.172179380945 7.59677739598 0
6111 11.5840928172 4.56713940448 0
6112 14.3962354012 7.84626546912 0
6113 0.727965484902 4.18719011651 0
6114 0.764712888241 8.30730094924 0
6115 11.5327680739 7.97092289915 0
6116 8.10226065227 4.50159918917 0
6117 14.2306892188 4.65052873528 0
6118 0.174859478918 6.65918409184 0
6119 0.175206546565 5.86368898246 0
6120 18.3855489196 6.12380043272 0
6121 0.174075886572 8.01390272444 0
6122 0.16271445787 4.48645250909 0
6123 17.4335368137 7.84040151951 0
6124 17.3827022507 4.77284808399 0
6125 0.292386262168 4.16539109679 0
6126 0.300746467061 8.33808472561 0
6127 5.22236458866 8.08261099281 0
6128 5.68750899595 7.665661168 0
6129 6.59716778882 7.64206668069 0
6130 6.09767148343 7.25149974845 0
6131 5.2437695246 7.26922134476 0
6132 5.61534252211 6.86761322252 0
6133 4.80956699147 6.88329860659 0
6134 6.45838290391 6.83829940538 0
6135 5.15610527375 6.50599339694 0
6136 4.38601622723 6.51266612267 0
6137 4.74876309425 6.14799988097 0
6138 3.99185140797 6.15614108304 0
6139 3.62083994617 6.51347255754 0
6140 3.22950233637 6.16269408586 0
6141 2.93380364429 6.51727510166 0
6142 2.73068906391 6.18270803497 0
6143 2.55393071935 6.50490348305 0
6144 2.37235016038 6.20463878175 0
6145 2.20610459267 6.48642533767 0
6146 2.03899751495 6.21367114948 0
6147 1.87883777346 6.48156703484 0
6148 1.72344686137 6.22364952367 0
6149 1.58266119669 6.49058524683 0
6150 1.87367513173 5.95254243207 0
6151 1.56918680192 5.96319874727 0
6152 1.70792767222 5.69610304322 0
6153 1.72478560586 6.73981653584 0
6154 1.43378592855 6.74173205335 0
6155 1.41442832261 5.70736278471 0
6156 1.57075534321 6.98511230403 0
6157 1.28095958715 6.97598153491 0
6158 1.29701039529 5.95879761112 0
6159 1.53874598594 5.44242573755 0
6160 1.84626872494 5.43014359475 0
6161 1.21932010976 5.45469593826 0
6162 2.35770940704 6.76878431111 0
6163 2.88788495174 5.8039708298 0
6164 5.44437524561 6.16759331793 0
6165 1.14297228952 6.71027488355 0
6166 1.40857172019 7.22458098629 0
6167 1.1277079597 7.208191983 0
6168 1.70572443369 7.2355701884 0
6169 1.6805771839 5.18143927049 0
6170 4.38934488607 5.80286282575 0
6171 1.98772985323 5.16257239016 0
6172 3.27264808428 6.87043410677 0
6173 1.53326682083 7.47515424121 0
6174 1.83939119933 7.48923414176 0
6175 1.66299743073 7.73061626791 0
6176 1.81420124007 4.91741083238 0
6177 1.51724977509 4.9403032416 0
6178 2.15663449669 5.41710742945 0
6179 2.30350433779 5.14753903141 0
6180 4.43626428476 7.25686274648 0
6181 1.34420696175 7.72255534181 0
6182 1.63976757647 4.68681699543 0
6183 1.35507383097 4.70798336779 0
6184 1.23434714155 4.9522264211 0
6185 1.08586567578 4.72884959306 0
6186 0.970434777122 4.95750822935 0
6187 0.836844932569 4.75065221477 0
6188 0.724117043077 4.96285162925 0
6189 0.845164111607 5.17122344313 0
6190 0.608313640049 5.17036539682 0
6191 0.723221240999 5.37322044858 0
6192 0.60133988115 4.76583708053 0
6193 2.01164797333 7.2463517504 0
6194 2.15175240713 7.5029061284 0
6195 2.46418745306 5.41538948324 0
6196 2.63400161626 5.1534508672 0
6197 2.45290047528 4.85471471391 0
6198 2.79551390779 4.8548815291 0
6199 2.97877351603 5.15259828198 0
6200 0.499709492071 5.37206630588 0
6201 0.610427105638 5.57388186556 0
6202 0.828099521396 5.57189388456 0
6203 0.72717087875 5.77737393854 0
6204 0.36483296462 5.17324227507 0
6205 0.510350228928 5.77933787534 0
6206 0.615255082468 5.97595908325 0
6207 0.840855998426 5.97053990129 0
6208 0.733419595274 6.1763323558 0
6209 0.96598705665 6.17575005851 0
6210 0.854073872087 6.38036211612 0
6211 0.619131007907 6.3776198019 0
6212 0.737495588516 6.58596737876 0
6213 2.32340116474 7.25322309709 0
6214 2.47783338249 7.51686845268 0
6215 2.64918169103 7.22879630015 0
6216 2.82179844218 7.54230344296 0
6217 2.62475383812 7.87291752428 0
6218 0.5095316593 6.57510603652 0
6219 0.624243559166 6.78044362951 0
6220 0.706500586063 4.56255184494 0
6221 2.63469606977 4.57230931618 0
6222 1.51205683347 7.96554393813 0
6223 1.93432871801 4.65130765028 0
6224 2.32297563489 5.6646849081 0
6225 1.12200308746 6.39452325736 0
6226 1.78191293217 7.98610401248 0
6227 1.75022486215 4.44259319048 0
6228 0.485494644276 4.57391376613 0
6229 0.375854298291 6.7686512508 0
6230 0.505312556273 6.97818550876 0
6231 0.747398654285 6.98424102889 0
6232 0.615038606306 7.18665883773 0
6233 3.26206262643 4.81268993052 0
6234 3.65470285218 5.1250852124 0
6235 3.99513793528 4.75871495267 0
6236 4.40619027859 5.09647540419 0
6237 4.81232104591 4.7403270145 0
6238 5.25480727765 5.10251091303 0
6239 3.28068599851 5.47382352755 0
6240 0.864873855889 7.1970059856 0
6241 0.725816848665 7.39970584121 0
6242 0.492453064104 7.38774036826 0
6243 0.595143138781 7.58891455196 0
6244 0.816468467487 7.62011733214 0
6245 0.676252850037 7.79264596013 0
6246 0.908933217829 7.86352233303 0
6247 0.47357263976 7.75634623271 0
6248 0.537680457349 7.94958629723 0
6249 1.05459377035 7.62991950869 0
6250 0.374565260679 5.96774850636 0
6251 1.00198889149 6.98596034935 0
6252 0.375045209116 6.37030100883 0
6253 3.00932250431 7.8527029964 0
6254 3.32070126482 7.55629272843 0
6255 1.29102985904 7.94089457448 0
6256 0.593041507653 4.37791405074 0
6257 1.37959541411 5.1960087064 0
6258 0.505220814637 6.17763898899 0
6259 2.86187724071 4.30010166557 0
6260 1.15894567524 5.7348351949 0
6261 1.39867902302 6.24075114995 0
6262 0.494859511732 4.97033864147 0
6263 4.82508984498 7.67436457819 0
6264 4.27771312709 8.05327887544 0
6265 8.12003783425 8.02937076265 0
6266 8.64450548591 7.52724952098 0
6267 9.7473620241 7.50774694458 0
6268 9.17937668857 7.01634071359 0
6269 10.3056306493 7.00771425404 0
6270 9.71149380684 6.49607535463 0
6271 10.8633044356 6.49372789358 0
6272 10.2554194827 5.97224917089 0
6273 9.14341428781 5.9896161918 0
6274 11.4332798217 5.948911549 0
6275 12.0761549882 6.49983376059 0
6276 9.61029071601 5.46866352498 0
6277 12.7107984703 5.90450928147 0
6278 13.351527954 6.51905083608 0
6279 14.0719038199 5.92086209803 0
6280 14.6889179483 6.55020004076 0
6281 8.56759897874 5.47866084261 0
6282 8.11220340722 5.98808171915 0
6283 7.57025078803 5.51121184067 0
6284 15.4539372078 5.95318583063 0
6285 16.0501959932 6.58510980465 0
6286 8.06377664467 7.02529034306 0
6287 7.12179573445 5.95884009589 0
6288 6.58656725616 5.51113212985 0
6289 7.0433433841 5.11396751069 0
6290 12.648456557 7.10818658029 0
6291 8.93749536704 4.9723060907 0
6292 9.98693092955 4.96248157411 0
6293 7.66670587625 6.45619575184 0
6294 11.9530257935 5.24616655244 0
6295 16.8210326513 6.0116620953 0
6296 8.60349152072 6.53396786427 0
6297 15.2844199543 7.19487115952 0
6298 1.46755908406 4.46134125126 0
6299 1.09930583623 5.18518924975 0
6300 4.03462499757 6.87812531065 0
6301 0.354488617085 7.17291626641 0
6302 0.277937736893 7.40131335774 0
6303 15.6989468449 4.67209554496 0
6304 12.8583596396 4.63311854083 0
6305 12.8983212702 7.79085176288 0
6306 7.04686364365 4.40021316049 0
6307 2.5431208323 8.20409812247 0
6308 4.36354338302 4.37764844636 0
6309 0.932852335215 4.52638982266 0
6310 0.360247910516 4.77476133387 0
6311 1.00693612791 8.29436161472 0
6312 0.992779830427 4.25724912225 0
6313 1.18567254956 4.47839503831 0
6314 7.99007390612 5.01659317194 0
6315 1.56588118925 8.23136748816 0
6316 3.61731289274 5.80928757024 0
6317 0.516542783591 8.32073131945 0
6318 2.72452818619 6.87051198719 0
6319 2.03529317639 6.74516993049 0
6320 18.6690198562 5.28391728428 0
6321 18.377518878 7.1257580462 0
6322 0.870616724861 8.09422947215 0
6323 7.583474614 7.58357335659 0
6324 0.371771665691 5.56994896095 0
6325 2.89013699157 8.19186518058 0
6326 1.23857114729 7.44833182708 0
6327 13.3788997048 5.29223132071 0
6328 6.13638522688 5.11683518684 0
6329 5.67296976358 5.47435975808 0
6330 2.28109010135 7.77517699771 0
6331 2.80925699964 5.49577058852 0
6332 0.163585493287 7.81891705497 0
6333 0.169696391919 4.6847826087 0
6334 0.168300436198 5.07547796778 0
6335 0.172684277219 6.8533653084 0
6336 0.174828414499 6.45800333029 0
6337 0.172548910319 6.05752870785 0
6338 0.169752410541 5.27173913043 0
6339 0.169792717363 5.66304347826 0
6340 4.81349765766 5.44264219775 0
6341 5.22877203113 4.37353401695 0
6342 10.3434143029 7.9992470207 0
6343 7.09779820177 8.05486879112 0
6344 10.7708852502 5.43666727978 0
6345 5.92655895552 6.45736683296 0
6346 13.9400795247 7.13482037203 0
6347 2.12571493158 4.88215455436 0
6348 3.00812840913 7.22624265583 0
6349 1.96712683148 7.74509981641 0
6350 4.02212009695 7.60414901825 0
6351 0.971338674896 7.41721207962 0
6352 11.4495672543 7.02461797207 0
6353 4.02426559637 5.45623306944 0
6354 0.348021972935 4.38208315433 0
6355 0.873027589834 6.7770615569 0
6356 1.8706138817 6.99296681573 0
6357 2.01592859739 5.68278919161 0
6358 14.8473418443 5.30599534989 0
6359 0.386372060995 7.5768208122 0
6360 0.16310171603 8.20989951885 0
6361 0.378689029795 8.13263857262 0
6362 0.15655704159 4.29297986386 0
6363 1.88935851856 8.25357550437 0
6364 15.896509728 7.85421055784 0
6365 9.25855942013 4.46731910063 0
6366 2.51653452581 5.90418239049 0
6367 2.26162496508 4.55938270806 0
6368 0.151410676016 7.25102517147 0
6369 10.8901716187 7.49766935169 0
6370 3.68241452292 7.23201776107 0
6371 5.68765327847 4.74443571367 0
6372 0.500815920852 4.18110429987 0
6373 2.19007692753 5.93708480892 0
6374 6.97756316169 7.22259302449 0
6375 1.58478682734 4.22447364899 0
6376 0.946973463262 5.37947276024 0
6377 5.14038434493 5.80487754013 0
6378 1.3364319879 6.51599518332 0
6379 16.7427423436 7.19975225394 0
6380 6.0941363258 5.96491275096 0
6381 10.40449683 4.48954520584 0
6382 0.320725530625 6.15217391304 0
6383 2.50217869518 4.281089672 0
6384 0.321724142446 5.76086956522 0
6385 17.3101258566 6.60098744863 0
6386 7.33845388762 6.84293004523 0
6387 0.339091652042 7.90020397475 0
6388 0.94640908713 6.57193163569 0
6389 2.17822740034 7.00469382313 0
6390 1.06321790263 5.95715653095 0
6391 1.17761241209 6.14948360246 0
6392 0.316413337043 5.37008838505 0
6393 6.57310877306 4.75461289515 0
6394 2.08561691816 7.9865613502 0
6395 6.7662933013 6.40510125891 0
6396 1.12199475032 8.06174750673 0
6397 16.2496742695 5.34706856971 0
6398 18.7691543061 4.64703470351 0
6399 18.7389519087 7.82921918603 0
6400 1.87321900033 4.21276810459 0
6401 0.310305630982 4.97497413327 0
6402 0.940279797574 5.75604495695 0
6403 0.632726179858 8.13833893761 0
6404 0.325420438216 6.56765117535 0
6405 0.789450436888 4.38064112268 0
6406 2.47015470484 7.0218302171 0
6407 0.318928143178 6.9666226762 0
6408 1.13729121181 7.83911674582 0
6409 3.59053760854 7.85207745712 0
6410 10.9398863241 4.94040000333 0
6411 0.135063965045 8.36569598423 0
6412 0.136445769506 4.13617926269 0
6413 2.00168796669 4.41885149235 0
6414 0.303819800821 4.58034216032 0
6415 11.962287408 7.47576701959 0
6416 0.72576296432 7.97732601052 0
6417 2.93408113457 4.58368560844 0
6418 0.306960245406 7.72981309412 0
6419 2.35708737092 8.02822664142 0
6420 1.01941752357 5.57495334743 0
6421 17.4767136612 5.45982048547 0
6422 0.110748120704 7.42256363094 0
6423 2.59583361183 5.63230910069 0
6424 7.40382438193 4.77342830816 0
6425 1.37004038464 8.10879525182 0
6426 0.176927986323 1.89787612307 0
6427 1.85857331638 3.74036272859 0
6428 1.88427427864 0.288361373712 0
6429 2.91956756172 3.71033446876 0
6430 0.173552340189 1.29718349264 0
6431 0.191818883853 2.50969806334 0
6432 2.91910394642 0.288490000768 0
6433 5.09821996016 3.57483979949 0
6434 0.172646354014 3.07829752423 0
6435 5.10174522617 0.395913985118 0
6436 1.00202376955 0.215979481259 0
6437 8.04224204153 3.54050149927 0
6438 1.01962491708 3.7939105199 0
6439 10.316269316 0.536322735891 0
6440 12.8927444104 3.46187801395 0
6441 0.198889966319 0.732340109789 0
6442 10.2544137821 3.4958190578 0
6443 7.04708683184 0.487273177323 0
6444 15.6862014849 3.34239175184 0
6445 0.193057708016 3.51184983617 0
6446 12.8723631543 0.599232597939 0
6447 15.7583529377 0.662644736717 0
6448 0.549400395431 0.178482634244 0
6449 0.502087101133 3.78237439581 0
6450 18.2343284333 2.53968221143 0
6451 0.164555531485 0.308126982708 0
6452 9.15861473593 0.52060149692 0
6453 9.69317381624 1.04600453396 0
6454 10.8738833871 1.09012583268 0
6455 10.1801747016 1.57981806748 0
6456 9.0707486529 1.53203779849 0
6457 11.3895606936 1.66826146701 0
6458 9.51646844782 2.04304400929 0
6459 8.45519769895 2.0003981631 0
6460 7.99808812279 1.5024081432 0
6461 7.42793495083 1.9527031741 0
6462 6.96645082762 1.48274486536 0
6463 6.46182556594 1.92491626815 0
6464 6.85380662429 2.36789847993 0
6465 5.94445818446 2.32928664321 0
6466 5.56748867818 1.91154088749 0
6467 5.08106965143 2.29272692694 0
6468 4.72915723212 1.89115925893 0
6469 4.26477565394 2.25281676329 0
6470 3.936720634 1.86736974412 0
6471 3.46385898105 2.21172368427 0
6472 3.15580425855 1.83813855302 0
6473 2.81408769188 2.19080211633 0
6474 2.66444883789 1.76006107681 0
6475 2.4419629029 2.07004808023 0
6476 2.29826792129 1.78597650875 0
6477 2.12035772798 2.03684794291 0
6478 1.98729943111 1.77067409862 0
6479 1.81453244908 2.01117723111 0
6480 1.68651539563 1.74758274838 0
6481 1.51263874828 1.98579097002 0
6482 1.64132944352 2.2495086631 0
6483 1.39075739326 1.72064880187 0
6484 1.34613946351 2.22437787782 0
6485 1.4706123186 2.48596746014 0
6486 2.24056013141 2.30588707811 0
6487 1.5607398383 1.48735531034 0
6488 1.27924786417 1.46072378894 0
6489 1.20270828398 2.45133708366 0
6490 1.30718892796 2.71132003806 0
6491 2.15050066652 1.53235985219 0
6492 1.59068266942 2.7430673308 0
6493 1.05342411914 2.21207429439 0
6494 1.01668906045 2.67151213778 0
6495 1.43917279195 1.2360718913 0
6496 1.16249000754 1.21756098602 0
6497 1.01115701324 1.43425165574 0
6498 1.42073013339 2.97289632424 0
6499 0.899697370245 1.20418482308 0
6500 3.61926683487 1.50192141348 0
6501 1.31561295212 0.989943434226 0
6502 3.80402485607 2.59629943295 0
6503 1.60018225524 1.00663137796 0
6504 1.70248125847 3.00147865559 0
6505 0.757728073272 1.41562109192 0
6506 0.860816829567 1.63941769887 0
6507 5.17908461343 1.5263697343 0
6508 1.47622373333 0.755833016143 0
6509 0.640064650824 1.19602345095 0
6510 0.78252235862 0.979965868369 0
6511 6.29235775735 2.76377964613 0
6512 1.53300635614 3.23460014035 0
6513 1.24929116692 3.2037749409 0
6514 1.19376985018 0.745133741775 0
6515 0.620274787359 1.61639688045 0
6516 0.723413657759 1.83288138119 0
6517 0.531954245774 0.97864464091 0
6518 0.660943947403 0.765125113584 0
6519 8.88999536826 2.51335423935 0
6520 1.75531588164 0.776631211229 0
6521 1.34672310873 3.49823790351 0
6522 1.87911960984 2.77488660063 0
6523 2.00432416354 3.02407312226 0
6524 1.88980705294 1.02508047447 0
6525 2.05023588325 0.790101438648 0
6526 1.36189470192 0.499549933957 0
6527 7.20835479154 2.82262974392 0
6528 1.07319321637 3.40644563629 0
6529 0.980357904562 3.16733369143 0
6530 0.8243187699 3.36942548284 0
6531 0.731677386386 3.14877108582 0
6532 0.587758872464 3.35002542944 0
6533 9.86041022647 2.51355387748 0
6534 6.6396251337 3.1968897399 0
6535 2.18356867018 2.80510900794 0
6536 2.30374359035 3.07495111073 0
6537 2.49710994412 2.83825836577 0
6538 2.61815822836 3.13056859624 0
6539 2.35687189566 3.39628750277 0
6540 2.83647621236 2.86136304585 0
6541 2.9771688663 3.18379936266 0
6542 2.18807824734 1.04336928489 0
6543 2.35461552278 0.806991884816 0
6544 2.50083396372 1.06496071164 0
6545 2.66700110459 0.833306116177 0
6546 2.8238369221 1.12870538826 0
6547 3.0295734904 0.831535499874 0
6548 0.503377821533 3.1471488536 0
6549 0.628799537548 2.93837725589 0
6550 0.375895834144 2.94866285802 0
6551 0.527712861409 2.731005157 0
6552 0.953580537489 1.8662231832 0
6553 0.497475673542 1.80249947115 0
6554 0.586652259111 2.00189678708 0
6555 0.367714180868 1.60441433536 0
6556 2.20650820216 0.511536358427 0
6557 7.50222078832 1.00555640272 0
6558 6.35142011241 0.992380951156 0
6559 0.672056039456 3.56191482598 0
6560 0.429285113506 3.54240595443 0
6561 0.283987911045 3.70936772942 0
6562 0.368327511378 3.33358973819 0
6563 0.427601385414 0.767457508606 0
6564 0.532564335205 0.546256844791 0
6565 0.779534167885 0.562990335103 0
6566 0.310549805612 0.944004253236 0
6567 2.69269616788 2.54044846767 0
6568 5.73132455349 3.15958315433 0
6569 1.68696414055 3.49086721436 0
6570 1.14174283863 2.94313488199 0
6571 1.04665295623 0.489693209523 0
6572 6.01225441602 0.449519288977 0
6573 5.39376754348 0.816815551858 0
6574 4.55892311645 0.760279953413 0
6575 0.30616259681 2.70989131674 0
6576 0.427366646377 2.52613822534 0
6577 0.329143869879 2.33003209001 0
6578 0.651052667521 2.53062721137 0
6579 0.554783075877 2.34393432346 0
6580 0.795974194182 2.32684825173 0
6581 2.64404319172 1.39227248532 0
6582 1.1962319667 1.95823569472 0
6583 8.06548913534 0.516714688871 0
6584 5.41123061868 2.71509186818 0
6585 4.85963271573 3.08501551384 0
6586 4.26921865288 3.39517985886 0
6587 4.07787788272 3.00522328654 0
6588 0.514737379355 1.40340835609 0
6589 0.379899578488 1.18799437788 0
6590 9.41882101943 3.0461027766 0
6591 2.53309466923 0.298755045517 0
6592 1.5612845233 0.246285482081 0
6593 4.57450138626 2.65781660252 0
6594 0.768589569436 3.78807107803 0
6595 6.09051129612 3.59669057435 0
6596 18.232869577 1.46496032489 0
6597 16.9645092506 1.99823241913 0
6598 1.04532441721 0.981812774267 0
6599 14.2693950366 0.632589711587 0
6600 13.4904184687 1.22524580814 0
6601 14.9257347283 1.29351984552 0
6602 14.0641209102 1.89972273009 0
6603 12.6780984672 1.77736917482 0
6604 13.1611597988 2.42752686884 0
6605 11.8285298004 2.29451440335 0
6606 14.6083495109 2.68534849264 0
6607 11.568441984 3.45356808472 0
6608 14.2181679251 3.4118020857 0
6609 3.55070683237 0.321987060041 0
6610 3.60836177103 3.66458814124 0
6611 17.3070928968 3.31314225345 0
6612 17.3116214847 0.695602384187 0
6613 1.94007732141 2.27788544014 0
6614 11.535806389 0.561987091881 0
6615 0.876200931193 2.93197198159 0
6616 2.19007706266 3.72254729562 0
6617 1.99999867693 3.47661005092 0
6618 0.668381470737 0.371948936816 0
6619 6.01305335225 1.50582624927 0
6620 1.25424486066 0.241918017803 0
6621 1.27815930274 3.77127559489 0
6622 1.85467590037 1.51134198301 0
6623 4.38755378065 1.50848569153 0
6624 4.07179440694 1.12998867647 0
6625 8.58138920859 1.02055384403 0
6626 1.54799489418 3.75023243856 0
6627 15.5223558041 1.98949551901 0
6628 0.176931571458 0.504348106258 0
6629 0.339491576925 0.410396835703 0
6630 0.164819222702 2.87246781355 0
6631 0.821873527278 2.07069019376 0
6632 0.205613113783 2.12717358332 0
6633 0.372003944425 1.96387183756 0
6634 0.169099127428 1.70073572257 0
6635 0.172200693053 1.50045059229 0
6636 4.82574837041 1.14432864025 0
6637 3.70798125563 0.727237891939 0
6638 3.37593678635 2.90009921295 0
6639 1.11339002798 1.66886061804 0
6640 1.63923215114 0.518441857234 0
6641 7.84839552747 2.44203469997 0
6642 8.25508373089 2.99522439943 0
6643 2.5467318152 3.70969605544 0
6644 12.1377056827 1.15133921966 0
6645 10.6422840488 2.11910190604 0
6646 1.72640346637 1.25675382911 0
6647 1.8405437783 3.24509179174 0
6648 4.26798724411 0.367569815085 0
6649 1.76397869427 2.51185252279 0
6650 0.918124616256 0.75412017377 0
6651 0.166470764273 1.09465598563 0
6652 10.834482248 2.84616645612 0
6653 3.06721864513 2.55012266 0
6654 0.324544429279 0.187519620633 0
6655 0.767706368723 0.188095892415 0
6656 0.91421396779 3.58939523271 0
6657 7.05462769401 3.59653099808 0
6658 1.90711327937 0.57701444785 0
6659 9.02928914963 3.54743546463 0
6660 0.342957167991 0.59347040851 0
6661 16.4525739638 1.35074253824 0
6662 16.3826059512 2.64556235277 0
6663 0.16867761752 3.2866416005 0
6664 0.757938859587 2.72270283661 0
6665 2.75135460444 3.43120122882 0
6666 2.94704064159 1.4969532831 0
6667 0.450484486316 2.1583280605 0
6668 0.145723867757 2.30314788651 0
6669 2.19995652387 0.219730555531 0
6670 0.852859746626 0.365741571023 0
6671 2.0213813052 1.2785559892 0
6672 7.47749075921 3.2329134412 0
6673 0.842540352644 2.53313447142 0
6674 2.06205119184 2.5397995625 0
6675 3.33129308369 1.1376784682 0
6676 12.29210066 2.91754498043 0
6677 0.134864840611 0.914591948835 0
6678 0.322743005318 1.40000000001 0
6679 0.132508995525 2.69818326619 0
6680 0.124770959911 3.6950702127 0
6681 3.63101183969 3.30049626082 0
6682 18.7364804289 0.656146737261 0
6683 1.13408947883 3.61472121375 0
6684 18.7597370681 3.35469489252 0
6685 0.991046981482 2.41398191959 0
6686 2.51627820404 0.599806888255 0
6687 2.31882249767 1.30243051152 0
6688 5.55225603115 1.1970556041 0
6689 2.36500272392 2.56317672539 0
6690 0.654710654821 2.18305974156 0
6691 3.16929971218 3.45652138706 0
6692 0.314885134625 1.79544127922 0
6693 0.147104081777 3.85313968477 0
6694 0.14636561125 0.146497333653 0
6695 0.327807935229 3.16346675497 0
6696 2.42347725266 1.54621028794 0
6697 0.307622501925 3.8713662926 0
6698 2.79195190667 0.565366390687 0
6699 4.34020774802 3.7409161512 0
6700 2.51405510698 2.34071375851 0
6701 2.11648807415 3.24292156693 0
6702 0.509040630078 0.352408775213 0
6703 13.4957594439 2.99066143171 0
6704 1.00575721565 2.02725351259 0
6705 3.1491044119 0.547372335415 0
$EndNodes
$Elements
13408
1 1 2 1 1 5 18
2 1 2 1 1 18 19
3 1 2 1 1 19 20
4 1 2 1 1 20 21
5 1 2 1 1 21 22
6 1 2 1 1 22 23
7 1 2 1 1 23 24
8 1 2 1 1 24 25
9 1 2 1 1 25 26
10 1 2 1 1 26 27
11 1 2 1 1 27 28
12 1 2 1 1 28 29
13 1 2 1 1 29 30
14 1 2 1 1 30 31
15 1 2 1 1 31 32
16 1 2 1 1 32 33
17 1 2 1 1 33 34
18 1 2 1 1 34 35
19 1 2 1 1 35 36
20 1 2 1 1 36 37
21 1 2 1 1 37 38
22 1 2 1 1 38 39
23 1 2 1 1 39 40
24 1 2 1 1 40 41
25 1 2 1 1 41 42
26 1 2 1 1 42 43
27 1 2 1 1 43 44
28 1 2 1 1 44 45
29 1 2 1 1 45 46
30 1 2 1 1 46 47
31 1 2 1 1 47 48
32 1 2 1 1 48 49
33 1 2 1 1 49 50
34 1 2 1 1 50 51
35 1 2 1 1 51 52
36 1 2 1 1 52 53
37 1 2 1 1 53 1
38 1 2 6 2 1 54
39 1 2 6 2 54 55
40 1 2 6 2 55 56
41 1 2 6 2 56 57
42 1 2 6 2 57 58
43 1 2 6 2 58 59
44 1 2 6 2 59 60
45 1 2 6 2 60 61
46 1 2 6 2 61 62
47 1 2 6 2 62 63
48 1 2 6 2 63 64
49 1 2 6 2 64 65
50 1 2 6 2 65 66
51 1 2 6 2 66 67
52 1 2 6 2 67 68
53 1 2 6 2 68 69
54 1 2 6 2 69 70
55 1 2 6 2 70 71
56 1 2 6 2 71 72
57 1 2 6 2 72 73
58 1 2 6 2 73 74
59 1 2 6 2 74 75
60 1 2 6 2 75 76
61 1 2 6 2 76 77
62 1 2 6 2 77 78
63 1 2 6 2 78 79
64 1 2 6 2 79 80
65 1 2 6 2 80 81
66 1 2 6 2 81 82
67 1 2 6 2 82 83
68 1 2 6 2 83 84
69 1 2 6 2 84 85
70 1 2 6 2 85 86
71 1 2 6 2 86 87
72 1 2 6 2 87 88
73 1 2 6 2 88 89
74 1 2 6 2 89 90
75 1 2 6 2 90 91
76 1 2 6 2 91 92
77 1 2 6 2 92 93
78 1 2 6 2 93 94
79 1 2 6 2 94 95
80 1 2 6 2 95 96
81 1 2 6 2 96 97
82 1 2 6 2 97 98
83 1 2 6 2 98 99
84 1 2 6 2 99 100
85 1 2 6 2 100 101
86 1 2 6 2 101 102
87 1 2 6 2 102 103
88 1 2 6 2 103 104
89 1 2 6 2 104 105
90 1 2 6 2 105 106
91 1 2 6 2 106 107
92 1 2 6 2 107 108
93 1 2 6 2 108 109
94 1 2 6 2 109 110
95 1 2 6 2 110 111
96 1 2 6 2 111 112
97 1 2 6 2 112 2
98 1 2 2 4 2 113
99 1 2 2 4 113 114
100 1 2 2 4 114 115
101 1 2 2 4 115 116
102 1 2 2 4 116 117
103 1 2 2 4 117 118
104 1 2 2 4 118 119
105 1 2 2 4 119 120
106 1 2 2 4 120 121
107 1 2 2 4 121 122
108 1 2 2 4 122 123
109 1 2 2 4 123 124
110 1 2 2 4 124 125
111 1 2 2 4 125 126
112 1 2 2 4 126 127
113 1 2 2 4 127 128
114 1 2 2 4 128 129
115 1 2 2 4 129 130
116 1 2 2 4 130 131
117 1 2 2 4 131 132
118 1 2 2 4 132 133
119 1 2 2 4 133 134
120 1 2 2 4 134 135
121 1 2 2 4 135 136
122 1 2 2 4 136 137
123 1 2 2 4 137 138
124 1 2 2 4 138 139
125 1 2 2 4 139 140
126 1 2 2 4 140 141
127 1 2 2 4 141 142
128 1 2 2 4 142 143
129 1 2 2 4 143 144
130 1 2 2 4 144 145
131 1 2 2 4 145 146
132 1 2 2 4 146 147
133 1 2 2 4 147 148
134 1 2 2 4 148 149
135 1 2 2 4 149 150
136 1 2 2 4 150 151
137 1 2 2 4 151 152
138 1 2 2 4 152 153
139 1 2 2 4 153 154
140 1 2 2 4 154 155
141 1 2 2 4 155 156
142 1 2 2 4 156 157
143 1 2 2 4 157 158
144 1 2 2 4 158 159
145 1 2 2 4 159 160
146 1 2 2 4 160 161
147 1 2 2 4 161 162
148 1 2 2 4 162 163
149 1 2 2 4 163 164
150 1 2 2 4 164 165
151 1 2 2 4 165 166
152 1 2 2 4 166 167
153 1 2 2 4 167 168
154 1 2 2 4 168 169
155 1 2 2 4 169 170
156 1 2 2 4 170 171
157 1 2 2 4 171 172
158 1 2 2 4 172 173
159 1 2 2 4 173 174
160 1 2 2 4 174 175
161 1 2 2 4 175 176
162 1 2 2 4 176 177
163 1 2 2 4 177 178
164 1 2 2 4 178 179
165 1 2 2 4 179 180
166 1 2 2 4 180 181
167 1 2 2 4 181 182
168 1 2 2 4 182 183
169 1 2 2 4 183 184
170 1 2 2 4 184 185
171 1 2 2 4 185 186
172 1 2 2 4 186 187
173 1 2 2 4 187 188
174 1 2 2 4 188 189
175 1 2 2 4 189 190
176 1 2 2 4 190 191
177 1 2 2 4 191 192
178 1 2 2 4 192 193
179 1 2 2 4 193 194
180 1 2 2 4 194 195
181 1 2 2 4 195 196
182 1 2 2 4 196 197
183 1 2 2 4 197 198
184 1 2 2 4 198 199
185 1 2 2 4 199 200
186 1 2 2 4 200 201
187 1 2 2 4 201 202
188 1 2 2 4 202 203
189 1 2 2 4 203 204
190 1 2 2 4 204 205
191 1 2 2 4 205 206
192 1 2 2 4 206 207
193 1 2 2 4 207 208
194 1 2 2 4 208 209
195 1 2 2 4 209 210
196 1 2 2 4 210 211
197 1 2 2 4 211 3
198 1 2 2 5 3 212
199 1 2 2 5 212 213
200 1 2 2 5 213 214
201 1 2 2 5 214 215
202 1 2 2 5 215 216
203 1 2 2 5 216 217
204 1 2 2 5 217 218
205 1 2 2 5 218 219
206 1 2 2 5 219 220
207 1 2 2 5 220 221
208 1 2 2 5 221 222
209 1 2 2 5 222 223
210 1 2 2 5 223 224
211 1 2 2 5 224 225
212 1 2 2 5 225 226
213 1 2 2 5 226 227
214 1 2 2 5 227 228
215 1 2 2 5 228 229
216 1 2 2 5 229 230
217 1 2 2 5 230 231
218 1 2 2 5 231 232
219 1 2 2 5 232 233
220 1 2 2 5 233 234
221 1 2 2 5 234 235
222 1 2 2 5 235 236
223 1 2 2 5 236 237
224 1 2 2 5 237 238
225 1 2 2 5 238 239
226 1 2 2 5 239 240
227 1 2 2 5 240 241
228 1 2 2 5 241 242
229 1 2 2 5 242 243
230 1 2 2 5 243 244
231 1 2 2 5 244 245
232 1 2 2 5 245 246
233 1 2 2 5 246 247
234 1 2 2 5 247 248
235 1 2 2 5 248 249
236 1 2 2 5 249 250
237 1 2 2 5 250 251
238 1 2 2 5 251 252
239 1 2 2 5 252 253
240 1 2 2 5 253 254
241 1 2 2 5 254 255
242 1 2 2 5 255 256
243 1 2 2 5 256 257
244 1 2 2 5 257 258
245 1 2 2 5 258 259
246 1 2 2 5 259 260
247 1 2 2 5 260 261
248 1 2 2 5 261 262
249 1 2 2 5 262 263
250 1 2 2 5 263 264
251 1 2 2 5 264 265
252 1 2 2 5 265 266
253 1 2 2 5 266 267
254 1 2 2 5 267 268
255 1 2 2 5 268 269
256 1 2 2 5 269 270
257 1 2 2 5 270 271
258 1 2 2 5 271 272
259 1 2 2 5 272 273
260 1 2 2 5 273 274
261 1 2 2 5 274 275
262 1 2 2 5 275 276
263 1 2 2 5 276 277
264 1 2 2 5 277 278
265 1 2 2 5 278 279
266 1 2 2 5 279 280
267 1 2 2 5 280 6
268 1 2 2 6 6 281
269 1 2 2 6 281 282
270 1 2 2 6 282 283
271 1 2 2 6 283 284
272 1 2 2 6 284 285
273 1 2 2 6 285 286
274 1 2 2 6 286 287
275 1 2 2 6 287 288
276 1 2 2 6 288 289
277 1 2 2 6 289 290
278 1 2 2 6 290 291
279 1 2 2 6 291 292
280 1 2 2 6 292 293
281 1 2 2 6 293 294
282 1 2 2 6 294 295
283 1 2 2 6 295 296
284 1 2 2 6 296 297
285 1 2 2 6 297 298
286 1 2 2 6 298 299
287 1 2 2 6 299 300
288 1 2 2 6 300 301
289 1 2 2 6 301 302
290 1 2 2 6 302 303
291 1 2 2 6 303 304
292 1 2 2 6 304 305
293 1 2 2 6 305 306
294 1 2 2 6 306 307
295 1 2 2 6 307 308
296 1 2 2 6 308 309
297 1 2 2 6 309 310
298 1 2 2 6 310 311
299 1 2 2 6 311 312
300 1 2 2 6 312 313
301 1 2 2 6 313 314
302 1 2 2 6 314 315
303 1 2 2 6 315 316
304 1 2 2 6 316 317
305 1 2 2 6 317 318
306 1 2 2 6 318 319
307 1 2 2 6 319 320
308 1 2 2 6 320 321
309 1 2 2 6 321 322
310 1 2 2 6 322 323
311 1 2 2 6 323 324
312 1 2 2 6 324 325
313 1 2 2 6 325 326
314 1 2 2 6 326 327
315 1 2 2 6 327 328
316 1 2 2 6 328 329
317 1 2 2 6 329 330
318 1 2 2 6 330 331
319 1 2 2 6 331 332
320 1 2 2 6 332 333
321 1 2 2 6 333 334
322 1 2 2 6 334 335
323 1 2 2 6 335 336
324 1 2 2 6 336 337
325 1 2 2 6 337 338
326 1 2 2 6 338 339
327 1 2 2 6 339 340
328 1 2 2 6 340 341
329 1 2 2 6 341 342
330 1 2 2 6 342 343
331 1 2 2 6 343 344
332 1 2 2 6 344 345
333 1 2 2 6 345 346
334 1 2 2 6 346 347
335 1 2 2 6 347 348
336 1 2 2 6 348 349
337 1 2 2 6 349 350
338 1 2 2 6 350 351
339 1 2 2 6 351 352
340 1 2 2 6 352 353
341 1 2 2 6 353 354
342 1 2 2 6 354 355
343 1 2 2 6 355 356
344 1 2 2 6 356 357
345 1 2 2 6 357 358
346 1 2 2 6 358 359
347 1 2 2 6 359 360
348 1 2 2 6 360 361
349 1 2 2 6 361 362
350 1 2 2 6 362 363
351 1 2 2 6 363 364
352 1 2 2 6 364 365
353 1 2 2 6 365 366
354 1 2 2 6 366 367
355 1 2 2 6 367 368
356 1 2 2 6 368 369
357 1 2 2 6 369 8
358 1 2 2 7 8 370
359 1 2 2 7 370 371
360 1 2 2 7 371 372
361 1 2 2 7 372 373
362 1 2 2 7 373 374
363 1 2 2 7 374 375
364 1 2 2 7 375 376
365 1 2 2 7 376 377
366 1 2 2 7 377 9
367 1 2 3 8 9 378
368 1 2 3 8 378 379
369 1 2 3 8 379 380
370 1 2 3 8 380 381
371 1 2 3 8 381 382
372 1 2 3 8 382 383
373 1 2 3 8 383 384
374 1 2 3 8 384 385
375 1 2 3 8 385 386
376 1 2 3 8 386 387
377 1 2 3 8 387 388
378 1 2 3 8 388 389
379 1 2 3 8 389 390
380 1 2 3 8 390 391
381 1 2 3 8 391 10
382 1 2 3 9 10 392
383 1 2 3 9 392 393
384 1 2 3 9 393 394
385 1 2 3 9 394 395
386 1 2 3 9 395 396
387 1 2 3 9 396 397
388 1 2 3 9 397 398
389 1 2 3 9 398 399
390 1 2 3 9 399 400
391 1 2 3 9 400 401
392 1 2 3 9 401 402
393 1 2 3 9 402 403
394 1 2 3 9 403 404
395 1 2 3 9 404 405
396 1 2 3 9 405 406
397 1 2 3 9 406 407
398 1 2 3 9 407 408
399 1 2 3 9 408 409
400 1 2 3 9 409 410
401 1 2 3 9 410 12
402 1 2 3 10 12 411
403 1 2 3 10 411 412
404 1 2 3 10 412 413
405 1 2 3 10 413 414
406 1 2 3 10 414 415
407 1 2 3 10 415 416
408 1 2 3 10 416 417
409 1 2 3 10 417 418
410 1 2 3 10 418 419
411 1 2 3 10 419 420
412 1 2 3 10 420 421
413 1 2 3 10 421 422
414 1 2 3 10 422 423
415 1 2 3 10 423 424
416 1 2 3 10 424 425
417 1 2 3 10 425 426
418 1 2 3 10 426 427
419 1 2 3 10 427 428
420 1 2 3 10 428 429
421 1 2 3 10 429 430
422 1 2 3 10 430 431
423 1 2 3 10 431 432
424 1 2 3 10 432 14
425 1 2 3 11 14 433
426 1 2 3 11 433 434
427 1 2 3 11 434 435
428 1 2 3 11 435 436
429 1 2 3 11 436 437
430 1 2 3 11 437 438
431 1 2 3 11 438 439
432 1 2 3 11 439 440
433 1 2 3 11 440 441
434 1 2 3 11 441 442
435 1 2 3 11 442 443
436 1 2 3 11 443 444
437 1 2 3 11 444 445
438 1 2 3 11 445 446
439 1 2 3 11 446 447
440 1 2 3 11 447 448
441 1 2 3 11 448 449
442 1 2 3 11 449 450
443 1 2 3 11 450 451
444 1 2 3 11 451 16
445 1 2 4 12 16 452
446 1 2 4 12 452 453
447 1 2 4 12 453 454
448 1 2 4 12 454 455
449 1 2 4 12 455 456
450 1 2 4 12 456 457
451 1 2 4 12 457 458
452 1 2 4 12 458 459
453 1 2 4 12 459 460
454 1 2 4 12 460 461
455 1 2 4 12 461 462
456 1 2 4 12 462 463
457 1 2 4 12 463 464
458 1 2 4 12 464 465
459 1 2 4 12 465 466
460 1 2 4 12 466 467
461 1 2 4 12 467 468
462 1 2 4 12 468 469
463 1 2 4 12 469 470
464 1 2 4 12 470 471
465 1 2 4 12 471 472
466 1 2 4 12 472 473
467 1 2 4 12 473 474
468 1 2 4 12 474 475
469 1 2 4 12 475 17
470 1 2 5 13 17 476
471 1 2 5 13 476 477
472 1 2 5 13 477 478
473 1 2 5 13 478 15
474 1 2 5 14 15 479
475 1 2 5 14 479 480
476 1 2 5 14 480 481
477 1 2 5 14 481 482
478 1 2 5 14 482 13
479 1 2 5 15 13 483
480 1 2 5 15 483 484
481 1 2 5 15 484 485
482 1 2 5 15 485 11
483 1 2 5 16 11 486
484 1 2 5 16 486 487
485 1 2 5 16 487 488
486 1 2 5 16 488 489
487 1 2 5 16 489 490
488 1 2 5 16 490 7
489 1 2 5 17 7 491
490 1 2 5 17 491 492
491 1 2 5 17 492 493
492 1 2 5 17 493 4
493 1 2 5 18 4 494
494 1 2 5 18 494 495
495 1 2 5 18 495 496
496 1 2 5 18 496 497
497 1 2 5 18 497 498
498 1 2 5 18 498 499
499 1 2 5 18 499 500
500 1 2 5 18 500 5
501 2 2 101 101 2365 2154 2880
502 2 2 101 101 2137 700 2139
503 2 2 101 101 1410 1804 2060
504 2 2 101 101 1495 1787 2805
505 2 2 101 101 1900 1533 2350
506 2 2 101 101 1652 2070 2171
507 2 2 101 101 2440 874 2661
508 2 2 101 101 2627 1819 2652
509 2 2 101 101 2026 2136 2885
510 2 2 101 101 1718 1717 2614
511 2 2 101 101 2060 1804 2061
512 2 2 101 101 1820 2440 2661
513 2 2 101 101 1020 2175 2624
514 2 2 101 101 1501 1678 1978
515 2 2 101 101 1921 1065 2367
516 2 2 101 101 2534 2130 2853
517 2 2 101 101 1979 1980 2707
518 2 2 101 101 677 1936 2445
519 2 2 101 101 2017 772 2018
520 2 2 101 101 2098 1744 2362
521 2 2 101 101 2015 1314 2522
522 2 2 101 101 1416 1939 1940
523 2 2 101 101 1565 1563 2457
524 2 2 101 101 1902 2251 2593
525 2 2 101 101 1924 1925 2492
526 2 2 101 101 2000 1183 2283
527 2 2 101 101 2513 1497 2848
528 2 2 101 101 2440 1820 2673
529 2 2 101 101 1297 1410 2060
530 2 2 101 101 1985 1615 2234
531 2 2 101 101 2394 1594 2396
532 2 2 101 101 994 996 2635
533 2 2 101 101 703 1993 1995
534 2 2 101 101 2139 700 2140
535 2 2 101 101 2544 1954 2550
536 2 2 101 101 2361 1614 2743
537 2 2 101 101 2314 2484 2950
538 2 2 101 101 1614 2361 2939
539 2 2 101 101 1802 2227 2634
540 2 2 101 101 2142 1257 2961
541 2 2 101 101 1712 2039 2308
542 2 2 101 101 1918 693 2702
543 2 2 101 101 2410 1622 2514
544 2 2 101 101 658 2189 2726
545 2 2 101 101 1186 2410 2514
546 2 2 101 101 1928 1107 2515
547 2 2 101 101 707 1956 2586
548 2 2 101 101 2561 2127 2756
549 2 2 101 101 930 827 2557
550 2 2 101 101 2189 2001 2726
551 2 2 101 101 1339 2544 2550
552 2 2 101 101 2373 1839 2422
553 2 2 101 101 2029 1203 2697
554 2 2 101 101 1210 2627 2652
555 2 2 101 101 2465 660 2676
556 2 2 101 101 1476 1474 2572
557 2 2 101 101 648 2370 2493
558 2 2 101 101 1281 2080 2081
559 2 2 101 101 1939 1416 1941
560 2 2 101 101 2722 1908 2842
561 2 2 101 101 2207 2720 3071
562 2 2 101 101 2186 2185 2420
563 2 2 101 101 1250 2534 2853
564 2 2 101 101 2252 2440 2673
565 2 2 101 101 2155 1884 2806
566 2 2 101 101 1065 1921 2776
567 2 2 101 101 2557 827 3080
568 2 2 101 101 2072 2121 2327
569 2 2 101 101 2133 2407 2933
570 2 2 101 101 1105 2706 2846
571 2 2 101 101 1257 2142 2144
572 2 2 101 101 2268 2684 2840
573 2 2 101 101 2465 1755 2738
574 2 2 101 101 2153 2154 2365
575 2 2 101 101 2207 1787 2720
576 2 2 101 101 2167 2332 2993
577 2 2 101 101 675 2561 2756
578 2 2 101 101 2006 1757 2353
579 2 2 101 101 1902 1903 2251
580 2 2 101 101 1287 2226 2972
581 2 2 101 101 1893 2437 2876
582 2 2 101 101 2337 2214 2985
583 2 2 101 101 2185 2311 2746
584 2 2 101 101 2209 2535 2566
585 2 2 101 101 798 796 2289
586 2 2 101 101 1956 707 2770
587 2 2 101 101 1936 677 2451
588 2 2 101 101 1472 1754 2572
589 2 2 101 101 693 2063 2702
590 2 2 101 101 1842 2214 2569
591 2 2 101 101 1177 2136 2872
592 2 2 101 101 2311 1539 2746
593 2 2 101 101 2699 2026 2885
594 2 2 101 101 851 803 2041
595 2 2 101 101 1984 676 2456
596 2 2 101 101 1221 2240 2642
597 2 2 101 101 2492 1925 2927
598 2 2 101 101 1055 2049 2116
599 2 2 101 101 2162 904 2941
600 2 2 101 101 2009 699 2277
601 2 2 101 101 1700 2071 2080
602 2 2 101 101 1677 1540 2311
603 2 2 101 101 1238 2152 2629
604 2 2 101 101 1541 1476 2572
605 2 2 101 101 1474 1472 2572
606 2 2 101 101 2171 1837 2657
607 2 2 101 101 2004 1805 2284
608 2 2 101 101 1801 2855 2940
609 2 2 101 101 2444 2587 2619
610 2 2 101 101 2484 2314 2560
611 2 2 101 101 1336 2703 2745
612 2 2 101 101 693 1918 2674
613 2 2 101 101 2161 2240 3022
614 2 2 101 101 1116 1177 2872
615 2 2 101 101 1333 2303 2621
616 2 2 101 101 2706 2642 2846
617 2 2 101 101 2213 2214 2337
618 2 2 101 101 1978 1678 1980
619 2 2 101 101 2194 1714 2667
620 2 2 101 101 923 1287 2972
621 2 2 101 101 2016 2015 2522
622 2 2 101 101 197 198 2458
623 2 2 101 101 1977 1208 2531
624 2 2 101 101 676 1984 2457
625 2 2 101 101 2292 1425 2573
626 2 2 101 101 690 2218 2915
627 2 2 101 101 2523 2325 2958
628 2 2 101 101 2112 2108 2115
629 2 2 101 101 2306 1890 2677
630 2 2 101 101 1775 2294 2408
631 2 2 101 101 178 2329 3106
632 2 2 101 101 2175 1020 2790
633 2 2 101 101 1848 1530 2844
634 2 2 101 101 1413 904 2162
635 2 2 101 101 1805 1806 2563
636 2 2 101 101 1252 2106 2107
637 2 2 101 101 1107 1928 3031
638 2 2 101 101 873 2002 3164
639 2 2 101 101 2217 2216 2649
640 2 2 101 101 898 2155 2806
641 2 2 101 101 178 179 2329
642 2 2 101 101 1342 1343 1891
643 2 2 101 101 2400 1848 2844
644 2 2 101 101 1088 2118 2515
645 2 2 101 101 1755 2460 2738
646 2 2 101 101 1183 2000 2757
647 2 2 101 101 1652 2171 2657
648 2 2 101 101 2849 2473 2928
649 2 2 101 101 1958 1170 2441
650 2 2 101 101 2116 2049 2117
651 2 2 101 101 2222 2491 2504
652 2 2 101 101 1558 1886 2280
653 2 2 101 101 1494 1497 2513
654 2 2 101 101 1209 2431 2568
655 2 2 101 101 1182 1895 2232
656 2 2 101 101 2063 693 2960
657 2 2 101 101 1916 2133 2933
658 2 2 101 101 2186 2420 2923
659 2 2 101 101 1024 986 2622
660 2 2 101 101 2061 1804 2702
661 2 2 101 101 1643 1704 2460
662 2 2 101 101 2648 745 2990
663 2 2 101 101 1036 2122 2635
664 2 2 101 101 1721 2169 2170
665 2 2 101 101 2160 1166 2620
666 2 2 101 101 873 857 2087
667 2 2 101 101 782 2850 2888
668 2 2 101 101 2430 1995 2570
669 2 2 101 101 1145 2939 3129
670 2 2 101 101 2089 891 2802
671 2 2 101 101 2127 726 2182
672 2 2 101 101 2125 1747 2472
673 2 2 101 101 2041 803 2042
674 2 2 101 101 1281 2081 2258
675 2 2 101 101 2325 2324 2958
676 2 2 101 101 2583 2110 2938
677 2 2 101 101 2481 2406 3056
678 2 2 101 101 1956 1773 2586
679 2 2 101 101 1888 2721 2811
680 2 2 101 101 1392 1398 2033
681 2 2 101 101 1417 2006 2353
682 2 2 101 101 1755 2465 2676
683 2 2 101 101 1991 1553 2996
684 2 2 101 101 2798 690 2915
685 2 2 101 101 1309 1805 2004
686 2 2 101 101 1965 1081 2645
687 2 2 101 101 1533 1531 2350
688 2 2 101 101 1065 2116 2117
689 2 2 101 101 1960 2604 2974
690 2 2 101 101 2154 717 2334
691 2 2 101 101 1431 1731 2076
692 2 2 101 101 2604 740 2974
693 2 2 101 101 2167 2168 2332
694 2 2 101 101 2707 1980 3011
695 2 2 101 101 851 2041 2043
696 2 2 101 101 2081 2072 2327
697 2 2 101 101 968 1104 2375
698 2 2 101 101 745 2345 2990
699 2 2 101 101 2721 661 2811
700 2 2 101 101 2152 1238 2602
701 2 2 101 101 1278 2004 3162
702 2 2 101 101 1150 1223 1969
703 2 2 101 101 1747 1746 2472
704 2 2 101 101 2426 1219 2796
705 2 2 101 101 2086 1775 2408
706 2 2 101 101 1594 2394 2397
707 2 2 101 101 2124 2113 2832
708 2 2 101 101 1103 2306 2677
709 2 2 101 101 2224 1287 2225
710 2 2 101 101 1309 1310 1391
711 2 2 101 101 1852 2495 2496
712 2 2 101 101 1295 1294 1366
713 2 2 101 101 2230 1293 2542
714 2 2 101 101 891 886 2802
715 2 2 101 101 668 2663 2724
716 2 2 101 101 1993 703 2295
717 2 2 101 101 1615 1985 2233
718 2 2 101 101 2010 1413 2161
719 2 2 101 101 2535 1808 2566
720 2 2 101 101 744 496 2052
721 2 2 101 101 2031 2286 2435
722 2 2 101 101 2190 1202 2194
723 2 2 101 101 2098 2362 2979
724 2 2 101 101 1567 1509 2368
725 2 2 101 101 2205 1330 2696
726 2 2 101 101 1891 1343 2998
727 2 2 101 101 2075 1431 2076
728 2 2 101 101 1728 2205 2696
729 2 2 101 101 1842 2569 2831
730 2 2 101 101 2294 650 2408
731 2 2 101 101 2357 2358 2560
732 2 2 101 101 653 2536 2589
733 2 2 101 101 1700 2080 2178
734 2 2 101 101 1413 2010 2163
735 2 2 101 101 2018 2044 2101
736 2 2 101 101 2663 2077 2724
737 2 2 101 101 874 2169 2656
738 2 2 101 101 1561 2337 2985
739 2 2 101 101 843 2124 2832
740 2 2 101 101 1925 1900 2350
741 2 2 101 101 2288 1713 2528
742 2 2 101 101 2684 2269 2840
743 2 2 101 101 1517 1519 1527
744 2 2 101 101 669 2020 2021
745 2 2 101 101 662 1976 2807
746 2 2 101 101 1499 1501 1978
747 2 2 101 101 2473 732 2928
748 2 2 101 101 2240 2754 3022
749 2 2 101 101 1312 1311 1384
750 2 2 101 101 2536 2243 2589
751 2 2 101 101 746 2013 2135
752 2 2 101 101 1701 2272 2302
753 2 2 101 101 2236 1756 2715
754 2 2 101 101 2589 2243 2719
755 2 2 101 101 1019 2715 2734
756 2 2 101 101 2265 1920 3152
757 2 2 101 101 1732 2203 2564
758 2 2 101 101 2850 2007 2888
759 2 2 101 101 1839 2373 3033
760 2 2 101 101 2320 1972 2321
761 2 2 101 101 726 2127 2561
762 2 2 101 101 1972 2320 3004
763 2 2 101 101 2020 669 2577
764 2 2 101 101 2066 2250 3006
765 2 2 101 101 685 2406 2481
766 2 2 101 101 2007 1919 2888
767 2 2 101 101 1979 1978 1980
768 2 2 101 101 1684 1558 2280
769 2 2 101 101 1721 2170 2968
770 2 2 101 101 2733 2461 2739
771 2 2 101 101 1743 2030 2435
772 2 2 101 101 1677 2187 3112
773 2 2 101 101 1797 2000 2283
774 2 2 101 101 1173 2199 2995
775 2 2 101 101 2080 1281 2178
776 2 2 101 101 1147 2115 2519
777 2 2 101 101 2132 2131 2683
778 2 2 101 101 2243 2244 2719
779 2 2 101 101 1741 2025 2399
780 2 2 101 101 2619 2769 2846
781 2 2 101 101 1166 2160 2551
782 2 2 101 101 2855 2019 2940
783 2 2 101 101 769 767 2044
784 2 2 101 101 1595 2129 2130
785 2 2 101 101 2018 772 2044
786 2 2 101 101 2050 1222 2131
787 2 2 101 101 1282 1570 1571
788 2 2 101 101 2227 1108 2634
789 2 2 101 101 2437 1893 2890
790 2 2 101 101 2289 796 2585
791 2 2 101 101 2111 2110 2583
792 2 2 101 101 1932 2543 3128
793 2 2 101 101 2166 823 2290
794 2 2 101 101 2019 2101 2940
795 2 2 101 101 1427 1815 2177
796 2 2 101 101 2193 1355 2554
797 2 2 101 101 2187 1677 2311
798 2 2 101 101 2587 1685 2619
799 2 2 101 101 2122 1036 2817
800 2 2 101 101 1984 1565 2457
801 2 2 101 101 2373 1988 3033
802 2 2 101 101 1553 1991 2026
803 2 2 101 101 1563 1827 2457
804 2 2 101 101 1851 2369 2871
805 2 2 101 101 2776 1921 2951
806 2 2 101 101 1391 1392 2033
807 2 2 101 101 2019 2018 2101
808 2 2 101 101 1032 1810 2168
809 2 2 101 101 1252 2105 2106
810 2 2 101 101 1425 2292 2737
811 2 2 101 101 2451 677 2704
812 2 2 101 101 1279 1278 1374
813 2 2 101 101 1352 1209 2568
814 2 2 101 101 767 1123 2044
815 2 2 101 101 1440 1702 2188
816 2 2 101 101 699 2009 2065
817 2 2 101 101 2939 1913 3129
818 2 2 101 101 2070 2097 2171
819 2 2 101 101 772 2017 3082
820 2 2 101 101 1085 2339 2882
821 2 2 101 101 2718 1895 2757
822 2 2 101 101 2240 2241 2642
823 2 2 101 101 2121 670 2327
824 2 2 101 101 1540 1539 2311
825 2 2 101 101 1504 1507 3120
826 2 2 101 101 1969 1223 2078
827 2 2 101 101 1920 2265 2989
828 2 2 101 101 1525 1531 1533
829 2 2 101 101 2697 1203 3007
830 2 2 101 101 670 2121 2340
831 2 2 101 101 1687 2217 2649
832 2 2 101 101 1314 2015 2532
833 2 2 101 101 1790 2051 2297
834 2 2 101 101 1859 1567 2368
835 2 2 101 101 2087 857 3119
836 2 2 101 101 859 873 2170
837 2 2 101 101 1344 1342 1422
838 2 2 101 101 2429 2218 2612
839 2 2 101 101 1857 2722 2842
840 2 2 101 101 2002 873 2087
841 2 2 101 101 1374 1417 2353
842 2 2 101 101 1295 1366 1367
843 2 2 101 101 2493 2370 3042
844 2 2 101 101 1777 2120 3054
845 2 2 101 101 1469 1470 2053
846 2 2 101 101 1189 2279 2280
847 2 2 101 101 1455 1436 1456
848 2 2 101 101 1437 1440 2188
849 2 2 101 101 2195 749 2196
850 2 2 101 101 1189 2280 2978
851 2 2 101 101 2260 1740 2597
852 2 2 101 101 927 957 2229
853 2 2 101 101 1391 1310 1392
854 2 2 101 101 2088 2451 2704
855 2 2 101 101 2181 1213 3137
856 2 2 101 101 1322 1320 2281
857 2 2 101 101 2118 1928 2515
858 2 2 101 101 1787 2628 2805
859 2 2 101 101 2308 2039 3012
860 2 2 101 101 1976 662 2865
861 2 2 101 101 1257 2144 2959
862 2 2 101 101 1888 2477 2562
863 2 2 101 101 2359 1621 2360
864 2 2 101 101 1575 1988 2373
865 2 2 101 101 1297 1296 1410
866 2 2 101 101 827 842 3080
867 2 2 101 101 1104 2192 2375
868 2 2 101 101 953 1032 2168
869 2 2 101 101 1374 1278 1376
870 2 2 101 101 2715 1897 2734
871 2 2 101 101 1088 2776 2951
872 2 2 101 101 1497 1499 1536
873 2 2 101 101 713 2429 2612
874 2 2 101 101 1527 1519 1846
875 2 2 101 101 2303 1333 2765
876 2 2 101 101 796 793 2585
877 2 2 101 101 2033 1398 2034
878 2 2 101 101 1326 1324 2233
879 2 2 101 101 2108 2106 2115
880 2 2 101 101 2444 973 2587
881 2 2 101 101 2420 1538 2923
882 2 2 101 101 723 197 2458
883 2 2 101 101 717 2154 3065
884 2 2 101 101 829 1081 2097
885 2 2 101 101 1171 1121 2551
886 2 2 101 101 2801 1979 2887
887 2 2 101 101 1477 1775 2086
888 2 2 101 101 2457 1827 2458
889 2 2 101 101 2250 2066 2759
890 2 2 101 101 1757 2006 2721
891 2 2 101 101 2420 2185 2746
892 2 2 101 101 1358 1357 1360
893 2 2 101 101 696 1982 2808
894 2 2 101 101 1570 1178 2099
895 2 2 101 101 2466 1918 3035
896 2 2 101 101 2172 1455 2881
897 2 2 101 101 2044 1123 2101
898 2 2 101 101 1885 2032 2576
899 2 2 101 101 1717 2057 2614
900 2 2 101 101 1127 2102 2104
901 2 2 101 101 2606 2194 2667
902 2 2 101 101 2013 746 2570
903 2 2 101 101 1982 696 2954
904 2 2 101 101 762 1940 2825
905 2 2 101 101 664 2611 2616
906 2 2 101 101 1189 2024 2741
907 2 2 101 101 1918 2466 2674
908 2 2 101 101 2219 873 3164
909 2 2 101 101 1357 1235 1359
910 2 2 101 101 1267 1407 2257
911 2 2 101 101 938 1626 2105
912 2 2 101 101 1571 1575 2373
913 2 2 101 101 2593 687 2830
914 2 2 101 101 1366 1294 1368
915 2 2 101 101 1078 1109 2273
916 2 2 101 101 1862 2798 2915
917 2 2 101 101 2170 873 2219
918 2 2 101 101 754 749 2195
919 2 2 101 101 1777 2119 2120
920 2 2 101 101 1818 1373 2386
921 2 2 101 101 1571 1570 1572
922 2 2 101 101 2225 1287 2347
923 2 2 101 101 1784 2271 2603
924 2 2 101 101 1255 1342 1344
925 2 2 101 101 1309 1391 1805
926 2 2 101 101 2505 1997 3063
927 2 2 101 101 2124 1252 3170
928 2 2 101 101 1689 1888 2562
929 2 2 101 101 2523 1555 2775
930 2 2 101 101 1145 1146 2596
931 2 2 101 101 1616 2200 2434
932 2 2 101 101 1222 2050 2665
933 2 2 101 101 1743 1718 2614
934 2 2 101 101 1566 1732 2564
935 2 2 101 101 1475 1477 2086
936 2 2 101 101 1469 2053 2054
937 2 2 101 101 1436 1437 2188
938 2 2 101 101 1320 1901 2281
939 2 2 101 101 2494 2275 2974
940 2 2 101 101 2039 1712 2398
941 2 2 101 101 1507 1509 1542
942 2 2 101 101 986 988 2622
943 2 2 101 101 761 764 2119
944 2 2 101 101 2008 2365 2880
945 2 2 101 101 1279 1374 1375
946 2 2 101 101 1434 1436 1455
947 2 2 101 101 1343 1356 1387
948 2 2 101 101 2051 1790 2579
949 2 2 101 101 2305 2503 3011
950 2 2 101 101 2703 2425 2745
951 2 2 101 101 1755 1643 2460
952 2 2 101 101 1597 2501 2920
953 2 2 101 101 1170 1958 3100
954 2 2 101 101 996 1036 2635
955 2 2 101 101 1208 1977 2854
956 2 2 101 101 1806 2067 2563
957 2 2 101 101 2670 2294 2869
958 2 2 101 101 1519 1520 1530
959 2 2 101 101 1905 1724 2321
960 2 2 101 101 1107 1023 2515
961 2 2 101 101 2091 2426 2796
962 2 2 101 101 2194 1202 2930
963 2 2 101 101 2001 1865 2726
964 2 2 101 101 703 1995 2430
965 2 2 101 101 725 2253 3075
966 2 2 101 101 2174 1126 2176
967 2 2 101 101 2014 2574 2736
968 2 2 101 101 1802 2634 2635
969 2 2 101 101 1384 1311 1386
970 2 2 101 101 1595 2128 2129
971 2 2 101 101 1229 1296 1297
972 2 2 101 101 1065 2117 2367
973 2 2 101 101 2361 1913 2939
974 2 2 101 101 1384 1386 1996
975 2 2 101 101 2315 673 2778
976 2 2 101 101 733 2125 2472
977 2 2 101 101 2237 2235 2296
978 2 2 101 101 1312 1384 1385
979 2 2 101 101 2289 2288 2528
980 2 2 101 101 2136 1177 2885
981 2 2 101 101 1081 1965 2991
982 2 2 101 101 1374 1376 1417
983 2 2 101 101 1675 2249 2392
984 2 2 101 101 1916 1115 2133
985 2 2 101 101 2230 2229 3078
986 2 2 101 101 1437 1439 1440
987 2 2 101 101 2370 648 2774
988 2 2 101 101 2888 1919 2989
989 2 2 101 101 2069 1210 2652
990 2 2 101 101 1373 1346 2386
991 2 2 101 101 1989 1597 2631
992 2 2 101 101 1293 2230 2322
993 2 2 101 101 1487 1488 2259
994 2 2 101 101 771 774 2128
995 2 2 101 101 1571 1572 1573
996 2 2 101 101 1885 2576 2740
997 2 2 101 101 2227 1959 3161
998 2 2 101 101 744 2052 2299
999 2 2 101 101 2005 649 2892
1000 2 2 101 101 649 2005 2887
1001 2 2 101 101 2030 1743 2614
1002 2 2 101 101 673 2315 2950
1003 2 2 101 101 1324 1615 2233
1004 2 2 101 101 2211 1029 2249
1005 2 2 101 101 2228 2230 2542
1006 2 2 101 101 2025 1741 2708
1007 2 2 101 101 1675 1495 2805
1008 2 2 101 101 1182 2232 2626
1009 2 2 101 101 1294 1181 2963
1010 2 2 101 101 1852 2496 2948
1011 2 2 101 101 2157 2111 2159
1012 2 2 101 101 2470 2505 3063
1013 2 2 101 101 1434 1455 2172
1014 2 2 101 101 2631 1597 2920
1015 2 2 101 101 2272 2276 2302
1016 2 2 101 101 2031 2247 2286
1017 2 2 101 101 1145 2596 2939
1018 2 2 101 101 2229 2375 3078
1019 2 2 101 101 1357 1359 2994
1020 2 2 101 101 2634 994 2635
1021 2 2 101 101 2253 725 2889
1022 2 2 101 101 1299 1297 2060
1023 2 2 101 101 2169 1721 2656
1024 2 2 101 101 1932 1792 2543
1025 2 2 101 101 1507 1508 1509
1026 2 2 101 101 1525 1526 1531
1027 2 2 101 101 1081 831 2645
1028 2 2 101 101 691 2758 2824
1029 2 2 101 101 2501 1597 2946
1030 2 2 101 101 1203 2029 3156
1031 2 2 101 101 2101 1291 2940
1032 2 2 101 101 2315 731 2580
1033 2 2 101 101 1623 1307 2331
1034 2 2 101 101 1902 2593 2830
1035 2 2 101 101 1042 1182 2626
1036 2 2 101 101 2585 793 3083
1037 2 2 101 101 2198 2167 2993
1038 2 2 101 101 2458 1827 2773
1039 2 2 101 101 2322 2193 2554
1040 2 2 101 101 751 2264 2886
1041 2 2 101 101 2115 1626 2519
1042 2 2 101 101 1811 2259 2260
1043 2 2 101 101 2318 671 3148
1044 2 2 101 101 752 2430 2570
1045 2 2 101 101 2256 881 2257
1046 2 2 101 101 1306 2153 2365
1047 2 2 101 101 2484 673 2950
1048 2 2 101 101 2218 2217 2915
1049 2 2 101 101 2611 2415 2616
1050 2 2 101 101 2799 2237 2923
1051 2 2 101 101 198 676 2458
1052 2 2 101 101 2222 2504 3064
1053 2 2 101 101 2224 1680 2678
1054 2 2 101 101 1956 689 3101
1055 2 2 101 101 1278 1205 2004
1056 2 2 101 101 1251 2617 2735
1057 2 2 101 101 1121 1166 2551
1058 2 2 101 101 1470 1473 2053
1059 2 2 101 101 2119 764 2120
1060 2 2 101 101 1940 762 2983
1061 2 2 101 101 1234 1235 1357
1062 2 2 101 101 2105 1626 2106
1063 2 2 101 101 2216 1254 2649
1064 2 2 101 101 2098 1085 2882
1065 2 2 101 101 1784 2733 2739
1066 2 2 101 101 1754 2367 2572
1067 2 2 101 101 2355 2150 2873
1068 2 2 101 101 1347 1346 1371
1069 2 2 101 101 1258 2932 3026
1070 2 2 101 101 1080 1078 2273
1071 2 2 101 101 2270 1797 2283
1072 2 2 101 101 1811 1487 2259
1073 2 2 101 101 1783 1784 2603
1074 2 2 101 101 2758 2384 2824
1075 2 2 101 101 2168 1810 2332
1076 2 2 101 101 2229 957 2375
1077 2 2 101 101 2100 973 2444
1078 2 2 101 101 2304 1624 2789
1079 2 2 101 101 1366 1368 1616
1080 2 2 101 101 2416 1783 2603
1081 2 2 101 101 1239 1363 2303
1082 2 2 101 101 1436 1435 1437
1083 2 2 101 101 1531 1532 1534
1084 2 2 101 101 1434 1435 1436
1085 2 2 101 101 2112 2115 2827
1086 2 2 101 101 1872 2481 3056
1087 2 2 101 101 2150 2355 2636
1088 2 2 101 101 1085 1125 2339
1089 2 2 101 101 821 829 2097
1090 2 2 101 101 2303 2302 2621
1091 2 2 101 101 887 891 2653
1092 2 2 101 101 2565 1964 3137
1093 2 2 101 101 840 1252 2124
1094 2 2 101 101 1159 1213 2181
1095 2 2 101 101 1805 1391 1806
1096 2 2 101 101 1366 1616 2434
1097 2 2 101 101 903 938 2105
1098 2 2 101 101 1756 2236 2799
1099 2 2 101 101 1979 2707 2887
1100 2 2 101 101 1178 1122 2099
1101 2 2 101 101 1056 2426 2813
1102 2 2 101 101 2284 1805 2563
1103 2 2 101 101 2097 1081 2171
1104 2 2 101 101 881 1267 2257
1105 2 2 101 101 1067 964 2198
1106 2 2 101 101 760 761 2119
1107 2 2 101 101 874 2656 2661
1108 2 2 101 101 1213 2565 3137
1109 2 2 101 101 2059 2318 3148
1110 2 2 101 101 1115 1047 2133
1111 2 2 101 101 2333 2473 2849
1112 2 2 101 101 1359 1382 1383
1113 2 2 101 101 729 2670 2869
1114 2 2 101 101 731 2315 2778
1115 2 2 101 101 1127 1087 2102
1116 2 2 101 101 2886 2264 3060
1117 2 2 101 101 1065 1011 2116
1118 2 2 101 101 2074 661 2721
1119 2 2 101 101 2128 774 2129
1120 2 2 101 101 2010 1729 2163
1121 2 2 101 101 2476 1998 3111
1122 2 2 101 101 1041 1003 2212
1123 2 2 101 101 1998 2476 3053
1124 2 2 101 101 1286 1173 2995
1125 2 2 101 101 1131 1202 2190
1126 2 2 101 101 1029 997 2215
1127 2 2 101 101 2305 679 2503
1128 2 2 101 101 2769 1105 2846
1129 2 2 101 101 496 497 2052
1130 2 2 101 101 1704 2403 2460
1131 2 2 101 101 1173 1595 2199
1132 2 2 101 101 1387 1356 1388
1133 2 2 101 101 1251 2172 2416
1134 2 2 101 101 2202 1622 2411
1135 2 2 101 101 2737 2292 3094
1136 2 2 101 101 1497 1498 1499
1137 2 2 101 101 2543 2363 2647
1138 2 2 101 101 1234 1357 1358
1139 2 2 101 101 1213 1114 2134
1140 2 2 101 101 891 2413 2653
1141 2 2 101 101 2067 1875 2563
1142 2 2 101 101 788 1622 2202
1143 2 2 101 101 2235 983 2296
1144 2 2 101 101 2200 1873 2434
1145 2 2 101 101 1255 1256 1342
1146 2 2 101 101 2263 1966 3114
1147 2 2 101 101 1671 1959 2227
1148 2 2 101 101 2473 2333 2949
1149 2 2 101 101 720 2268 2840
1150 2 2 101 101 1510 1512 1529
1151 2 2 101 101 1821 1662 2122
1152 2 2 101 101 772 769 2044
1153 2 2 101 101 1029 2215 2248
1154 2 2 101 101 1815 1658 2123
1155 2 2 101 101 691 2244 2758
1156 2 2 101 101 2378 1259 2723
1157 2 2 101 101 712 2760 2944
1158 2 2 101 101 1389 2606 2667
1159 2 2 101 101 2033 2034 2036
1160 2 2 101 101 1375 1374 2353
1161 2 2 101 101 2491 2222 2595
1162 2 2 101 101 1066 1035 2073
1163 2 2 101 101 1859 2368 2369
1164 2 2 101 101 2565 1213 2952
1165 2 2 101 101 1808 2382 2566
1166 2 2 101 101 770 771 2128
1167 2 2 101 101 1287 2224 2226
1168 2 2 101 101 2175 2177 2624
1169 2 2 101 101 1773 1939 2586
1170 2 2 101 101 1342 1256 1343
1171 2 2 101 101 701 754 755
1172 2 2 101 101 1499 1500 1501
1173 2 2 101 101 1585 1349 2297
1174 2 2 101 101 1510 1529 2368
1175 2 2 101 101 862 890 2548
1176 2 2 101 101 2107 2106 2108
1177 2 2 101 101 1570 2099 2749
1178 2 2 101 101 2051 1585 2297
1179 2 2 101 101 1282 2373 2422
1180 2 2 101 101 660 2464 2676
1181 2 2 101 101 1996 1386 1997
1182 2 2 101 101 1941 2195 2196
1183 2 2 101 101 1336 2745 3067
1184 2 2 101 101 2076 1731 2378
1185 2 2 101 101 876 881 2256
1186 2 2 101 101 1546 1375 1547
1187 2 2 101 101 2179 1066 2180
1188 2 2 101 101 2308 1024 2622
1189 2 2 101 101 2131 1222 2683
1190 2 2 101 101 1156 1189 2741
1191 2 2 101 101 2286 682 2435
1192 2 2 101 101 1815 2123 2748
1193 2 2 101 101 1181 2422 2963
1194 2 2 101 101 1260 1346 1347
1195 2 2 101 101 2618 1214 2689
1196 2 2 101 101 1901 2737 3094
1197 2 2 101 101 860 862 2548
1198 2 2 101 101 1786 2718 2757
1199 2 2 101 101 1347 1371 2297
1200 2 2 101 101 2176 2095 2804
1201 2 2 101 101 507 508 2140
1202 2 2 101 101 2853 2130 3152
1203 2 2 101 101 2426 2093 2813
1204 2 2 101 101 1057 2543 2647
1205 2 2 101 101 1307 1338 2331
1206 2 2 101 101 2115 1147 2827
1207 2 2 101 101 2133 1129 2407
1208 2 2 101 101 2184 1112 2187
1209 2 2 101 101 1995 2013 2570
1210 2 2 101 101 714 1976 3004
1211 2 2 101 101 2705 896 2832
1212 2 2 101 101 1984 2456 2625
1213 2 2 101 101 1739 1467 2126
1214 2 2 101 101 2214 1842 2985
1215 2 2 101 101 2314 2357 2560
1216 2 2 101 101 1282 1571 2373
1217 2 2 101 101 2369 1529 2871
1218 2 2 101 101 1385 1384 1618
1219 2 2 101 101 1408 1427 2177
1220 2 2 101 101 1536 1499 1978
1221 2 2 101 101 1787 2207 2628
1222 2 2 101 101 851 2043 3177
1223 2 2 101 101 2016 2522 2523
1224 2 2 101 101 2030 2031 2435
1225 2 2 101 101 1440 1439 1441
1226 2 2 101 101 653 178 3106
1227 2 2 101 101 70 2058 2782
1228 2 2 101 101 2341 1357 2994
1229 2 2 101 101 2173 1674 2174
1230 2 2 101 101 2210 1743 2435
1231 2 2 101 101 1488 1491 2259
1232 2 2 101 101 1517 1518 1519
1233 2 2 101 101 934 1727 2276
1234 2 2 101 101 2177 1815 2624
1235 2 2 101 101 700 507 2140
1236 2 2 101 101 1985 2234 2997
1237 2 2 101 101 2118 1863 2744
1238 2 2 101 101 1722 1751 2376
1239 2 2 101 101 2055 1666 2056
1240 2 2 101 101 1241 875 2252
1241 2 2 101 101 1972 1905 2321
1242 2 2 101 101 2560 2358 2605
1243 2 2 101 101 1813 2073 2785
1244 2 2 101 101 1153 915 2287
1245 2 2 101 101 1242 884 2255
1246 2 2 101 101 1621 2359 2743
1247 2 2 101 101 1982 2295 2808
1248 2 2 101 101 1980 2305 3011
1249 2 2 101 101 1866 2478 2726
1250 2 2 101 101 692 2403 2459
1251 2 2 101 101 957 968 2375
1252 2 2 101 101 1481 1482 2221
1253 2 2 101 101 1976 714 2807
1254 2 2 101 101 2118 1088 2951
1255 2 2 101 101 689 1956 2770
1256 2 2 101 101 1251 1201 2172
1257 2 2 101 101 1189 1187 2279
1258 2 2 101 101 2547 2132 2683
1259 2 2 101 101 1329 1326 2233
1260 2 2 101 101 1580 1185 2896
1261 2 2 101 101 1227 1311 1312
1262 2 2 101 101 1522 1525 1898
1263 2 2 101 101 1729 1730 2163
1264 2 2 101 101 2213 1021 2214
1265 2 2 101 101 2074 732 2877
1266 2 2 101 101 1353 1840 2078
1267 2 2 101 101 2386 1236 2742
1268 2 2 101 101 2220 1580 2896
1269 2 2 101 101 1538 2799 2923
1270 2 2 101 101 1109 1196 2273
1271 2 2 101 101 1371 1790 2297
1272 2 2 101 101 1229 1228 1296
1273 2 2 101 101 163 164 2424
1274 2 2 101 101 1569 1349 1585
1275 2 2 101 101 2042 803 3150
1276 2 2 101 101 740 2494 2974
1277 2 2 101 101 25 682 2286
1278 2 2 101 101 1349 1347 2297
1279 2 2 101 101 1096 1233 2197
1280 2 2 101 101 702 2346 2389
1281 2 2 101 101 1298 1297 1299
1282 2 2 101 101 1509 1510 2368
1283 2 2 101 101 1363 1701 2303
1284 2 2 101 101 1367 1366 2434
1285 2 2 101 101 1859 2369 2370
1286 2 2 101 101 1398 1394 2298
1287 2 2 101 101 2035 1398 2298
1288 2 2 101 101 976 977 2352
1289 2 2 101 101 2632 2201 2817
1290 2 2 101 101 2627 1224 2791
1291 2 2 101 101 2410 1186 2934
1292 2 2 101 101 823 822 2290
1293 2 2 101 101 755 754 2195
1294 2 2 101 101 1344 1422 1423
1295 2 2 101 101 732 2074 2928
1296 2 2 101 101 1622 2410 2411
1297 2 2 101 101 1358 1360 1361
1298 2 2 101 101 1431 2075 3126
1299 2 2 101 101 2325 2523 2775
1300 2 2 101 101 1455 1456 1457
1301 2 2 101 101 1416 1940 2983
1302 2 2 101 101 2400 1923 2977
1303 2 2 101 101 1623 2331 3049
1304 2 2 101 101 1042 2626 3110
1305 2 2 101 101 2216 1777 3054
1306 2 2 101 101 2574 1584 2736
1307 2 2 101 101 1615 1322 2281
1308 2 2 101 101 2079 1791 2569
1309 2 2 101 101 2152 2636 2913
1310 2 2 101 101 2058 70 3051
1311 2 2 101 101 1739 2126 2127
1312 2 2 101 101 964 954 2198
1313 2 2 101 101 1856 2241 2578
1314 2 2 101 101 1296 1228 2630
1315 2 2 101 101 915 917 2287
1316 2 2 101 101 1288 2525 2645
1317 2 2 101 101 1624 2304 2783
1318 2 2 101 101 1249 976 2352
1319 2 2 101 101 1359 1381 1382
1320 2 2 101 101 785 788 2202
1321 2 2 101 101 506 700 2285
1322 2 2 101 101 2522 1555 2523
1323 2 2 101 101 1034 1066 2179
1324 2 2 101 101 1309 1308 1310
1325 2 2 101 101 2481 1872 2487
1326 2 2 101 101 2076 2378 2723
1327 2 2 101 101 2050 1985 2997
1328 2 2 101 101 1422 1342 1891
1329 2 2 101 101 1553 1865 2996
1330 2 2 101 101 1313 1299 1379
1331 2 2 101 101 1187 1272 2279
1332 2 2 101 101 2320 714 3004
1333 2 2 101 101 2396 1594 3008
1334 2 2 101 101 966 934 2276
1335 2 2 101 101 1547 1375 2353
1336 2 2 101 101 683 2245 2761
1337 2 2 101 101 2489 1858 2774
1338 2 2 101 101 1038 1208 2246
1339 2 2 101 101 1797 2270 2594
1340 2 2 101 101 2226 2224 2678
1341 2 2 101 101 1406 1674 2173
1342 2 2 101 101 1014 1017 2364
1343 2 2 101 101 2152 2150 2636
1344 2 2 101 101 1050 1131 2190
1345 2 2 101 101 1542 1509 1567
1346 2 2 101 101 1233 3052 3142
1347 2 2 101 101 1092 1112 2184
1348 2 2 101 101 2244 691 2719
1349 2 2 101 101 1185 1294 1295
1350 2 2 101 101 2106 1626 2115
1351 2 2 101 101 911 2301 2540
1352 2 2 101 101 2215 2213 2337
1353 2 2 101 101 1504 1506 1507
1354 2 2 101 101 1740 1779 2597
1355 2 2 101 101 2129 2265 3152
1356 2 2 101 101 29 663 2310
1357 2 2 101 101 1269 1150 1969
1358 2 2 101 101 2053 1666 2055
1359 2 2 101 101 662 526 2307
1360 2 2 101 101 2070 1652 2866
1361 2 2 101 101 972 1210 2231
1362 2 2 101 101 1482 1485 2221
1363 2 2 101 101 37 671 2318
1364 2 2 101 101 2210 682 2328
1365 2 2 101 101 39 710 2323
1366 2 2 101 101 1410 1296 1411
1367 2 2 101 101 1412 2164 2290
1368 2 2 101 101 1865 2001 2996
1369 2 2 101 101 1531 1534 2350
1370 2 2 101 101 41 681 2324
1371 2 2 101 101 1958 2441 2442
1372 2 2 101 101 712 528 2316
1373 2 2 101 101 2176 1126 2364
1374 2 2 101 101 945 953 2168
1375 2 2 101 101 2247 2031 2556
1376 2 2 101 101 689 2247 2556
1377 2 2 101 101 701 498 754
1378 2 2 101 101 650 2294 2670
1379 2 2 101 101 1757 1547 2353
1380 2 2 101 101 1527 1846 1847
1381 2 2 101 101 24 25 2286
1382 2 2 101 101 668 522 2320
1383 2 2 101 101 1461 1462 2390
1384 2 2 101 101 45 46 2250
1385 2 2 101 101 23 24 2247
1386 2 2 101 101 1635 2263 3114
1387 2 2 101 101 1800 1708 2525
1388 2 2 101 101 1473 1475 1666
1389 2 2 101 101 670 518 2326
1390 2 2 101 101 2808 2295 3047
1391 2 2 101 101 1100 1127 2208
1392 2 2 101 101 1192 1255 2729
1393 2 2 101 101 2617 1251 2786
1394 2 2 101 101 2211 2249 2988
1395 2 2 101 101 672 514 2330
1396 2 2 101 101 999 1029 2211
1397 2 2 101 101 875 869 2252
1398 2 2 101 101 1804 1918 2702
1399 2 2 101 101 1462 1465 2390
1400 2 2 101 101 884 880 2255
1401 2 2 101 101 717 512 2334
1402 2 2 101 101 1522 1898 2926
1403 2 2 101 101 993 1021 2213
1404 2 2 101 101 2810 749 3090
1405 2 2 101 101 929 927 2229
1406 2 2 101 101 55 56 2430
1407 2 2 101 101 686 510 2338
1408 2 2 101 101 2035 2298 2580
1409 2 2 101 101 1898 1533 1899
1410 2 2 101 101 861 859 2170
1411 2 2 101 101 2382 1216 2566
1412 2 2 101 101 2249 1675 2988
1413 2 2 101 101 2011 2161 3022
1414 2 2 101 101 2932 2312 3026
1415 2 2 101 101 1684 2280 3147
1416 2 2 101 101 2049 1055 3107
1417 2 2 101 101 2073 1813 3098
1418 2 2 101 101 1300 1299 1313
1419 2 2 101 101 2261 1635 2262
1420 2 2 101 101 893 889 2347
1421 2 2 101 101 798 2289 2528
1422 2 2 101 101 1714 2194 2930
1423 2 2 101 101 1875 2067 2849
1424 2 2 101 101 2760 1929 2944
1425 2 2 101 101 2125 733 2509
1426 2 2 101 101 1577 1367 1644
1427 2 2 101 101 2167 945 2168
1428 2 2 101 101 1127 2104 3092
1429 2 2 101 101 1280 1281 2258
1430 2 2 101 101 1541 2572 2970
1431 2 2 101 101 756 755 757
1432 2 2 101 101 2323 2064 3148
1433 2 2 101 101 2185 2184 2311
1434 2 2 101 101 2299 3019 3060
1435 2 2 101 101 1811 2260 2794
1436 2 2 101 101 1924 2492 2607
1437 2 2 101 101 989 2079 3124
1438 2 2 101 101 1481 2221 2223
1439 2 2 101 101 2156 896 2157
1440 2 2 101 101 2201 1821 2817
1441 2 2 101 101 2525 1965 2645
1442 2 2 101 101 1535 1543 2274
1443 2 2 101 101 1535 1540 1543
1444 2 2 101 101 1501 1502 1528
1445 2 2 101 101 1343 1387 2998
1446 2 2 101 101 1440 1441 1458
1447 2 2 101 101 1967 1968 2907
1448 2 2 101 101 913 1153 2301
1449 2 2 101 101 2113 2705 2832
1450 2 2 101 101 1957 2131 2132
1451 2 2 101 101 904 1230 2941
1452 2 2 101 101 1313 1379 2342
1453 2 2 101 101 890 2239 2548
1454 2 2 101 101 2051 2579 2793
1455 2 2 101 101 1219 2426 2856
1456 2 2 101 101 720 111 2268
1457 2 2 101 101 1311 1269 1967
1458 2 2 101 101 2269 1354 2700
1459 2 2 101 101 1392 1394 1398
1460 2 2 101 101 1531 1526 1532
1461 2 2 101 101 2347 889 2653
1462 2 2 101 101 723 2415 2611
1463 2 2 101 101 1534 1535 2274
1464 2 2 101 101 2234 1615 2281
1465 2 2 101 101 1494 1496 1497
1466 2 2 101 101 758 757 759
1467 2 2 101 101 981 1016 2296
1468 2 2 101 101 2208 1127 2304
1469 2 2 101 101 28 29 2310
1470 2 2 101 101 2236 2237 2799
1471 2 2 101 101 1846 1848 2943
1472 2 2 101 101 36 37 2318
1473 2 2 101 101 2095 2176 3062
1474 2 2 101 101 38 39 2323
1475 2 2 101 101 2156 2157 2158
1476 2 2 101 101 2376 1751 3063
1477 2 2 101 101 1245 1309 2004
1478 2 2 101 101 40 41 2324
1479 2 2 101 101 669 2021 2022
1480 2 2 101 101 526 527 2307
1481 2 2 101 101 2296 1016 2510
1482 2 2 101 101 1895 1183 2757
1483 2 2 101 101 1361 1360 1620
1484 2 2 101 101 1467 1469 2126
1485 2 2 101 101 528 529 2316
1486 2 2 101 101 522 523 2320
1487 2 2 101 101 2247 24 2286
1488 2 2 101 101 1360 1357 2341
1489 2 2 101 101 1388 1390 1607
1490 2 2 101 101 2276 1727 2302
1491 2 2 101 101 1387 1388 2436
1492 2 2 101 101 518 519 2326
1493 2 2 101 101 514 515 2330
1494 2 2 101 101 2040 2352 2623
1495 2 2 101 101 512 513 2334
1496 2 2 101 101 2285 700 3039
1497 2 2 101 101 510 511 2338
1498 2 2 101 101 2135 705 2929
1499 2 2 101 101 1260 1237 1346
1500 2 2 101 101 1534 1532 1535
1501 2 2 101 101 1114 1113 2134
1502 2 2 101 101 1288 2447 2448
1503 2 2 101 101 1701 2302 2303
1504 2 2 101 101 2063 2061 2702
1505 2 2 101 101 760 759 761
1506 2 2 101 101 1632 1635 2261
1507 2 2 101 101 701 755 756
1508 2 2 101 101 1635 1634 2263
1509 2 2 101 101 663 30 2571
1510 2 2 101 101 987 1019 2734
1511 2 2 101 101 1576 1367 1577
1512 2 2 101 101 1637 1793 2263
1513 2 2 101 101 944 945 2167
1514 2 2 101 101 1473 1474 1475
1515 2 2 101 101 1402 1405 2357
1516 2 2 101 101 2715 1756 2956
1517 2 2 101 101 2109 2108 2110
1518 2 2 101 101 775 778 2265
1519 2 2 101 101 2024 1189 2978
1520 2 2 101 101 1304 1306 2365
1521 2 2 101 101 2056 2408 2424
1522 2 2 101 101 1720 2464 3134
1523 2 2 101 101 764 763 765
1524 2 2 101 101 839 840 2124
1525 2 2 101 101 1819 2627 2791
1526 2 2 101 101 894 896 2156
1527 2 2 101 101 1861 1682 1883
1528 2 2 101 101 682 2210 2435
1529 2 2 101 101 1392 1393 1394
1530 2 2 101 101 2428 695 2870
1531 2 2 101 101 1545 1375 1546
1532 2 2 101 101 715 2077 3174
1533 2 2 101 101 1543 1870 2274
1534 2 2 101 101 1627 1816 1855
1535 2 2 101 101 768 767 769
1536 2 2 101 101 1840 2651 2895
1537 2 2 101 101 2079 2569 3124
1538 2 2 101 101 809 810 811
1539 2 2 101 101 761 762 763
1540 2 2 101 101 1182 1183 1895
1541 2 2 101 101 2331 2179 3049
1542 2 2 101 101 1126 1014 2364
1543 2 2 101 101 2431 1736 2568
1544 2 2 101 101 2531 956 2598
1545 2 2 101 101 792 793 796
1546 2 2 101 101 1348 1347 1349
1547 2 2 101 101 790 791 792
1548 2 2 101 101 783 786 2267
1549 2 2 101 101 2158 2159 2160
1550 2 2 101 101 1227 1269 1311
1551 2 2 101 101 765 766 767
1552 2 2 101 101 2464 1720 3180
1553 2 2 101 101 1957 1780 2131
1554 2 2 101 101 822 824 825
1555 2 2 101 101 1386 1967 2376
1556 2 2 101 101 2251 43 2593
1557 2 2 101 101 788 789 790
1558 2 2 101 101 770 769 771
1559 2 2 101 101 2478 1866 3118
1560 2 2 101 101 825 826 904
1561 2 2 101 101 2164 2166 2290
1562 2 2 101 101 2266 1352 3113
1563 2 2 101 101 2380 1314 2532
1564 2 2 101 101 1778 1777 2216
1565 2 2 101 101 831 832 833
1566 2 2 101 101 833 834 835
1567 2 2 101 101 797 796 798
1568 2 2 101 101 1414 1280 2258
1569 2 2 101 101 774 773 775
1570 2 2 101 101 940 941 942
1571 2 2 101 101 835 836 837
1572 2 2 101 101 942 943 944
1573 2 2 101 101 1047 1046 2133
1574 2 2 101 101 1780 1985 2050
1575 2 2 101 101 895 894 925
1576 2 2 101 101 954 2167 2198
1577 2 2 101 101 778 777 779
1578 2 2 101 101 837 838 839
1579 2 2 101 101 848 847 894
1580 2 2 101 101 844 843 847
1581 2 2 101 101 829 830 831
1582 2 2 101 101 1046 1067 1129
1583 2 2 101 101 2110 2112 2114
1584 2 2 101 101 2369 1851 2942
1585 2 2 101 101 1129 1130 1204
1586 2 2 101 101 1034 1035 1066
1587 2 2 101 101 1204 1205 1278
1588 2 2 101 101 771 772 773
1589 2 2 101 101 775 776 777
1590 2 2 101 101 938 939 940
1591 2 2 101 101 1032 1033 1034
1592 2 2 101 101 841 839 843
1593 2 2 101 101 1394 1396 2298
1594 2 2 101 101 1179 1178 1282
1595 2 2 101 101 1143 1144 1145
1596 2 2 101 101 1163 1229 2371
1597 2 2 101 101 805 806 809
1598 2 2 101 101 1501 1528 1678
1599 2 2 101 101 802 804 805
1600 2 2 101 101 1041 2212 2628
1601 2 2 101 101 786 785 2202
1602 2 2 101 101 1793 1792 1932
1603 2 2 101 101 1529 1512 1934
1604 2 2 101 101 1302 1341 2405
1605 2 2 101 101 1240 1942 2399
1606 2 2 101 101 785 787 788
1607 2 2 101 101 2228 2229 2230
1608 2 2 101 101 782 781 783
1609 2 2 101 101 2242 2536 2546
1610 2 2 101 101 1116 1115 1177
1611 2 2 101 101 695 2428 2917
1612 2 2 101 101 946 944 954
1613 2 2 101 101 2107 2108 2109
1614 2 2 101 101 965 964 1046
1615 2 2 101 101 927 926 957
1616 2 2 101 101 955 954 964
1617 2 2 101 101 1243 2363 2409
1618 2 2 101 101 924 923 926
1619 2 2 101 101 2191 2190 2194
1620 2 2 101 101 1719 1380 1780
1621 2 2 101 101 1104 1050 2190
1622 2 2 101 101 1568 1349 1569
1623 2 2 101 101 1045 1044 1113
1624 2 2 101 101 887 886 891
1625 2 2 101 101 1481 2223 2293
1626 2 2 101 101 1491 1492 1537
1627 2 2 101 101 2401 2400 2977
1628 2 2 101 101 1090 1091 1092
1629 2 2 101 101 779 780 781
1630 2 2 101 101 783 784 785
1631 2 2 101 101 1234 1232 1235
1632 2 2 101 101 2244 1604 2319
1633 2 2 101 101 922 921 923
1634 2 2 101 101 2360 1621 2406
1635 2 2 101 101 1028 1027 1044
1636 2 2 101 101 1092 1094 1112
1637 2 2 101 101 1407 1406 2173
1638 2 2 101 101 668 2320 2321
1639 2 2 101 101 669 34 2577
1640 2 2 101 101 1171 2551 2583
1641 2 2 101 101 2102 1107 2103
1642 2 2 101 101 885 884 886
1643 2 2 101 101 1422 1891 1892
1644 2 2 101 101 1016 1089 1090
1645 2 2 101 101 1640 1313 2342
1646 2 2 101 101 1379 2062 2342
1647 2 2 101 101 1282 1178 1570
1648 2 2 101 101 1758 1797 2594
1649 2 2 101 101 2212 2211 2805
1650 2 2 101 101 799 798 800
1651 2 2 101 101 2205 2206 2238
1652 2 2 101 101 1488 1490 1491
1653 2 2 101 101 1810 1034 2179
1654 2 2 101 101 876 875 881
1655 2 2 101 101 1637 1638 1792
1656 2 2 101 101 2279 2027 2280
1657 2 2 101 101 1412 904 1413
1658 2 2 101 101 2169 861 2170
1659 2 2 101 101 1634 1636 1637
1660 2 2 101 101 865 874 2440
1661 2 2 101 101 2456 727 2625
1662 2 2 101 101 756 757 758
1663 2 2 101 101 801 800 802
1664 2 2 101 101 981 980 1016
1665 2 2 101 101 670 2326 2327
1666 2 2 101 101 1632 1633 1634
1667 2 2 101 101 1942 959 2278
1668 2 2 101 101 1163 1161 1228
1669 2 2 101 101 1093 1092 2184
1670 2 2 101 101 2252 867 2440
1671 2 2 101 101 2123 1821 2201
1672 2 2 101 101 1410 1411 1428
1673 2 2 101 101 979 978 980
1674 2 2 101 101 2197 1233 3142
1675 2 2 101 101 1525 1533 1898
1676 2 2 101 101 1690 1588 1777
1677 2 2 101 101 1680 2306 2678
1678 2 2 101 101 1630 1631 1632
1679 2 2 101 101 1666 1475 2086
1680 2 2 101 101 2182 726 2183
1681 2 2 101 101 1126 2174 2517
1682 2 2 101 101 812 811 816
1683 2 2 101 101 881 1241 1267
1684 2 2 101 101 1980 1678 2305
1685 2 2 101 101 1406 1408 1674
1686 2 2 101 101 1267 1268 1406
1687 2 2 101 101 2461 2459 2739
1688 2 2 101 101 164 725 2424
1689 2 2 101 101 2275 2494 2812
1690 2 2 101 101 112 2 654
1691 2 2 101 101 819 818 822
1692 2 2 101 101 1383 1382 1583
1693 2 2 101 101 2368 1529 2369
1694 2 2 101 101 1745 1420 1746
1695 2 2 101 101 817 816 818
1696 2 2 101 101 1639 1313 1640
1697 2 2 101 101 2056 2424 3075
1698 2 2 101 101 517 670 2340
1699 2 2 101 101 1901 1318 2737
1700 2 2 101 101 1371 1346 1373
1701 2 2 101 101 2173 2174 2176
1702 2 2 101 101 1019 2235 2236
1703 2 2 101 101 1470 1472 1473
1704 2 2 101 101 1571 1573 1575
1705 2 2 101 101 1519 1530 3173
1706 2 2 101 101 2122 1802 2635
1707 2 2 101 101 1778 2218 2429
1708 2 2 101 101 957 958 968
1709 2 2 101 101 1146 1232 1234
1710 2 2 101 101 1087 1049 2102
1711 2 2 101 101 1042 1133 1182
1712 2 2 101 101 1200 1201 1251
1713 2 2 101 101 1417 1376 1418
1714 2 2 101 101 968 969 1050
1715 2 2 101 101 1050 1051 1131
1716 2 2 101 101 1131 1132 1200
1717 2 2 101 101 2006 2074 2721
1718 2 2 101 101 1270 1598 1627
1719 2 2 101 101 1011 1009 2116
1720 2 2 101 101 2129 774 2265
1721 2 2 101 101 1163 1228 1229
1722 2 2 101 101 2180 1066 2752
1723 2 2 101 101 1003 1001 2212
1724 2 2 101 101 1783 2416 2881
1725 2 2 101 101 1419 1385 1420
1726 2 2 101 101 2616 1893 2876
1727 2 2 101 101 1262 1246 1682
1728 2 2 101 101 846 903 2105
1729 2 2 101 101 825 824 826
1730 2 2 101 101 1573 1572 1574
1731 2 2 101 101 997 995 2215
1732 2 2 101 101 1113 1191 1192
1733 2 2 101 101 650 163 2424
1734 2 2 101 101 758 759 760
1735 2 2 101 101 1192 1193 1255
1736 2 2 101 101 2393 2396 2539
1737 2 2 101 101 1858 2489 3084
1738 2 2 101 101 1457 1456 1715
1739 2 2 101 101 1646 1993 2295
1740 2 2 101 101 1728 1930 2205
1741 2 2 101 101 757 755 1416
1742 2 2 101 101 1588 760 2119
1743 2 2 101 101 904 826 1230
1744 2 2 101 101 1862 2336 2798
1745 2 2 101 101 2629 2152 2913
1746 2 2 101 101 840 846 1252
1747 2 2 101 101 2228 929 2229
1748 2 2 101 101 1059 1142 1143
1749 2 2 101 101 1370 1894 2027
1750 2 2 101 101 1982 1646 2295
1751 2 2 101 101 1173 1169 1595
1752 2 2 101 101 815 821 2097
1753 2 2 101 101 768 1168 2432
1754 2 2 101 101 953 1031 1032
1755 2 2 101 101 2057 1801 2940
1756 2 2 101 101 1604 1447 2319
1757 2 2 101 101 1175 1290 1291
1758 2 2 101 101 1185 1181 1294
1759 2 2 101 101 903 937 938
1760 2 2 101 101 808 815 2070
1761 2 2 101 101 1122 1120 2099
1762 2 2 101 101 1245 1308 1309
1763 2 2 101 101 821 828 829
1764 2 2 101 101 1159 1114 1213
1765 2 2 101 101 1491 1537 1740
1766 2 2 101 101 1167 1122 1178
1767 2 2 101 101 1026 948 1027
1768 2 2 101 101 1519 1518 1520
1769 2 2 101 101 1546 1547 1548
1770 2 2 101 101 2260 2597 3121
1771 2 2 101 101 2346 702 2768
1772 2 2 101 101 1120 1118 1203
1773 2 2 101 101 2394 2395 2397
1774 2 2 101 101 1010 1012 2517
1775 2 2 101 101 920 893 921
1776 2 2 101 101 2174 1674 2175
1777 2 2 101 101 2275 2351 3131
1778 2 2 101 101 970 972 2231
1779 2 2 101 101 1690 1777 1778
1780 2 2 101 101 1053 1047 1115
1781 2 2 101 101 882 883 2511
1782 2 2 101 101 2161 2162 2240
1783 2 2 101 101 1134 2270 2283
1784 2 2 101 101 972 1040 1210
1785 2 2 101 101 1102 1100 2208
1786 2 2 101 101 1333 2621 2639
1787 2 2 101 101 1100 1087 1127
1788 2 2 101 101 1049 1023 1107
1789 2 2 101 101 811 810 813
1790 2 2 101 101 1018 1015 1088
1791 2 2 101 101 1475 1476 1477
1792 2 2 101 101 883 880 884
1793 2 2 101 101 1013 1011 1065
1794 2 2 101 101 720 2088 2704
1795 2 2 101 101 1123 1175 2101
1796 2 2 101 101 1009 1007 1055
1797 2 2 101 101 2642 1856 2846
1798 2 2 101 101 1272 1370 2279
1799 2 2 101 101 1204 1278 1279
1800 2 2 101 101 1005 1003 1041
1801 2 2 101 101 2459 2403 2739
1802 2 2 101 101 1001 999 2211
1803 2 2 101 101 983 981 2296
1804 2 2 101 101 999 997 1029
1805 2 2 101 101 1125 1150 1227
1806 2 2 101 101 2188 1702 2906
1807 2 2 101 101 1627 1598 1816
1808 2 2 101 101 1372 1329 1380
1809 2 2 101 101 995 993 2213
1810 2 2 101 101 2161 1413 2162
1811 2 2 101 101 917 970 2287
1812 2 2 101 101 2039 1647 2040
1813 2 2 101 101 869 867 2252
1814 2 2 101 101 871 869 875
1815 2 2 101 101 2020 2577 2879
1816 2 2 101 101 855 853 1190
1817 2 2 101 101 865 863 874
1818 2 2 101 101 1346 1237 2386
1819 2 2 101 101 993 991 1021
1820 2 2 101 101 2316 683 2761
1821 2 2 101 101 2158 2157 2159
1822 2 2 101 101 859 857 873
1823 2 2 101 101 1209 1144 2431
1824 2 2 101 101 1061 1083 1224
1825 2 2 101 101 987 985 1019
1826 2 2 101 101 822 818 824
1827 2 2 101 101 1778 2216 2217
1828 2 2 101 101 880 878 2255
1829 2 2 101 101 761 763 764
1830 2 2 101 101 2040 2623 2646
1831 2 2 101 101 809 806 810
1832 2 2 101 101 1145 1144 1146
1833 2 2 101 101 1169 770 2128
1834 2 2 101 101 2085 2238 2725
1835 2 2 101 101 1210 2069 2908
1836 2 2 101 101 2077 715 2724
1837 2 2 101 101 977 975 978
1838 2 2 101 101 1067 2198 2666
1839 2 2 101 101 1423 1422 2414
1840 2 2 101 101 2250 46 3006
1841 2 2 101 101 1028 1044 1045
1842 2 2 101 101 1671 1712 1959
1843 2 2 101 101 1045 1113 1114
1844 2 2 101 101 1229 1298 2371
1845 2 2 101 101 1622 790 2514
1846 2 2 101 101 1205 1245 2004
1847 2 2 101 101 1664 1669 1802
1848 2 2 101 101 1288 835 2447
1849 2 2 101 101 768 769 770
1850 2 2 101 101 805 804 806
1851 2 2 101 101 1660 1662 1821
1852 2 2 101 101 765 767 768
1853 2 2 101 101 1427 1658 1815
1854 2 2 101 101 1648 2039 2398
1855 2 2 101 101 1662 1664 2122
1856 2 2 101 101 1034 1033 1035
1857 2 2 101 101 1196 1340 1630
1858 2 2 101 101 1658 1660 2123
1859 2 2 101 101 1223 1353 2078
1860 2 2 101 101 1035 1059 2073
1861 2 2 101 101 1201 1207 2172
1862 2 2 101 101 1055 2792 3107
1863 2 2 101 101 1306 1211 2355
1864 2 2 101 101 924 926 927
1865 2 2 101 101 922 923 924
1866 2 2 101 101 1104 2190 2191
1867 2 2 101 101 651 2183 3044
1868 2 2 101 101 1083 1085 2098
1869 2 2 101 101 1776 2267 2381
1870 2 2 101 101 942 941 943
1871 2 2 101 101 2340 2121 2518
1872 2 2 101 101 2170 2219 2968
1873 2 2 101 101 1106 966 2276
1874 2 2 101 101 1143 1142 1144
1875 2 2 101 101 863 861 2169
1876 2 2 101 101 1669 1671 2227
1877 2 2 101 101 2148 2152 2602
1878 2 2 101 101 940 939 941
1879 2 2 101 101 2225 2347 2653
1880 2 2 101 101 823 2166 3179
1881 2 2 101 101 1113 1192 2134
1882 2 2 101 101 1465 1467 1739
1883 2 2 101 101 2138 2139 2961
1884 2 2 101 101 1865 1866 2726
1885 2 2 101 101 1026 1027 1028
1886 2 2 101 101 944 943 945
1887 2 2 101 101 985 983 2235
1888 2 2 101 101 1536 1978 1979
1889 2 2 101 101 2205 1930 2206
1890 2 2 101 101 771 773 774
1891 2 2 101 101 2109 2110 2111
1892 2 2 101 101 1248 2529 2530
1893 2 2 101 101 1437 1438 1439
1894 2 2 101 101 802 800 804
1895 2 2 101 101 775 777 778
1896 2 2 101 101 2102 2103 2104
1897 2 2 101 101 878 876 2256
1898 2 2 101 101 1129 1067 1130
1899 2 2 101 101 968 1050 1104
1900 2 2 101 101 774 775 2265
1901 2 2 101 101 1207 1433 1434
1902 2 2 101 101 1204 1130 1205
1903 2 2 101 101 885 886 887
1904 2 2 101 101 761 759 762
1905 2 2 101 101 954 944 2167
1906 2 2 101 101 495 744 2264
1907 2 2 101 101 1793 1932 2239
1908 2 2 101 101 2027 1894 2059
1909 2 2 101 101 1131 1200 1202
1910 2 2 101 101 1046 964 1067
1911 2 2 101 101 833 832 834
1912 2 2 101 101 835 834 836
1913 2 2 101 101 1032 1031 1033
1914 2 2 101 101 790 789 791
1915 2 2 101 101 831 830 832
1916 2 2 101 101 2274 1870 2275
1917 2 2 101 101 1690 1778 2429
1918 2 2 101 101 1632 1634 1635
1919 2 2 101 101 1388 1389 1390
1920 2 2 101 101 1780 1380 1985
1921 2 2 101 101 1092 1091 1094
1922 2 2 101 101 1262 1682 1861
1923 2 2 101 101 1377 1707 2594
1924 2 2 101 101 1634 1637 2263
1925 2 2 101 101 837 836 838
1926 2 2 101 101 1630 1632 2261
1927 2 2 101 101 895 925 2155
1928 2 2 101 101 920 921 922
1929 2 2 101 101 1509 1508 1510
1930 2 2 101 101 1058 1033 2439
1931 2 2 101 101 2110 2108 2112
1932 2 2 101 101 843 839 2124
1933 2 2 101 101 839 838 840
1934 2 2 101 101 848 894 895
1935 2 2 101 101 1637 1792 1793
1936 2 2 101 101 1182 1133 1183
1937 2 2 101 101 661 2074 2877
1938 2 2 101 101 2120 764 2432
1939 2 2 101 101 792 796 797
1940 2 2 101 101 497 701 2052
1941 2 2 101 101 1816 2100 2444
1942 2 2 101 101 948 929 2228
1943 2 2 101 101 765 763 766
1944 2 2 101 101 2535 2209 3058
1945 2 2 101 101 844 847 848
1946 2 2 101 101 1090 1089 1091
1947 2 2 101 101 2577 709 2879
1948 2 2 101 101 1020 2624 2641
1949 2 2 101 101 767 766 1123
1950 2 2 101 101 788 787 789
1951 2 2 101 101 792 791 793
1952 2 2 101 101 765 768 2432
1953 2 2 101 101 1626 940 2519
1954 2 2 101 101 1252 846 2105
1955 2 2 101 101 1394 1395 1396
1956 2 2 101 101 1064 1038 2246
1957 2 2 101 101 894 847 896
1958 2 2 101 101 925 894 2156
1959 2 2 101 101 2323 710 2681
1960 2 2 101 101 938 937 939
1961 2 2 101 101 782 783 2267
1962 2 2 101 101 841 843 844
1963 2 2 101 101 2536 1962 2546
1964 2 2 101 101 788 790 1622
1965 2 2 101 101 1899 1533 1900
1966 2 2 101 101 1177 1115 1916
1967 2 2 101 101 833 835 1288
1968 2 2 101 101 779 781 782
1969 2 2 101 101 841 1650 2447
1970 2 2 101 101 1267 1406 1407
1971 2 2 101 101 1170 784 2441
1972 2 2 101 101 2415 723 2773
1973 2 2 101 101 536 751 2348
1974 2 2 101 101 1102 2208 2209
1975 2 2 101 101 837 839 841
1976 2 2 101 101 2218 690 2612
1977 2 2 101 101 829 831 1081
1978 2 2 101 101 1049 1107 2102
1979 2 2 101 101 2184 2187 2311
1980 2 2 101 101 785 784 787
1981 2 2 101 101 1009 1055 2116
1982 2 2 101 101 883 884 885
1983 2 2 101 101 1485 1486 1487
1984 2 2 101 101 1098 1096 2197
1985 2 2 101 101 2070 815 2097
1986 2 2 101 101 1291 1290 1345
1987 2 2 101 101 829 828 830
1988 2 2 101 101 1001 2211 2212
1989 2 2 101 101 783 785 786
1990 2 2 101 101 1161 1159 2181
1991 2 2 101 101 898 895 2155
1992 2 2 101 101 2793 2433 2857
1993 2 2 101 101 771 769 772
1994 2 2 101 101 2155 925 2847
1995 2 2 101 101 775 773 776
1996 2 2 101 101 2594 1707 3167
1997 2 2 101 101 1771 1933 2391
1998 2 2 101 101 779 777 780
1999 2 2 101 101 1016 980 1089
2000 2 2 101 101 995 2213 2215
2001 2 2 101 101 1780 2050 2131
2002 2 2 101 101 2244 2319 2758
2003 2 2 101 101 2221 2222 2223
2004 2 2 101 101 2158 2160 2312
2005 2 2 101 101 689 23 2247
2006 2 2 101 101 1167 1178 1179
2007 2 2 101 101 662 2307 2377
2008 2 2 101 101 1210 1040 2627
2009 2 2 101 101 2255 2256 2800
2010 2 2 101 101 1543 1544 1709
2011 2 2 101 101 1120 1203 2099
2012 2 2 101 101 1335 1728 2696
2013 2 2 101 101 1248 1074 2529
2014 2 2 101 101 783 781 784
2015 2 2 101 101 671 2323 3148
2016 2 2 101 101 1719 1780 1957
2017 2 2 101 101 1061 1224 2627
2018 2 2 101 101 1046 1129 2133
2019 2 2 101 101 871 875 876
2020 2 2 101 101 499 749 754
2021 2 2 101 101 56 703 2430
2022 2 2 101 101 752 55 2430
2023 2 2 101 101 1029 2248 2249
2024 2 2 101 101 1810 2331 2332
2025 2 2 101 101 979 980 981
2026 2 2 101 101 687 45 2250
2027 2 2 101 101 965 1046 1047
2028 2 2 101 101 797 1186 2514
2029 2 2 101 101 942 944 946
2030 2 2 101 101 1647 1249 2352
2031 2 2 101 101 2272 2858 3032
2032 2 2 101 101 955 964 965
2033 2 2 101 101 938 940 1626
2034 2 2 101 101 1207 1434 2172
2035 2 2 101 101 946 954 955
2036 2 2 101 101 797 798 799
2037 2 2 101 101 1746 1420 2553
2038 2 2 101 101 1707 1800 2282
2039 2 2 101 101 2651 1840 2932
2040 2 2 101 101 1485 1487 1691
2041 2 2 101 101 1175 1291 2101
2042 2 2 101 101 1543 1540 1544
2043 2 2 101 101 1165 1106 2272
2044 2 2 101 101 1053 1115 1116
2045 2 2 101 101 1919 1920 2989
2046 2 2 101 101 1093 2184 2185
2047 2 2 101 101 680 2491 2595
2048 2 2 101 101 1144 1142 2431
2049 2 2 101 101 1644 1367 2434
2050 2 2 101 101 1233 1064 2246
2051 2 2 101 101 1792 1638 1794
2052 2 2 101 101 1093 2186 2510
2053 2 2 101 101 1637 1636 1638
2054 2 2 101 101 801 802 803
2055 2 2 101 101 1227 1150 1269
2056 2 2 101 101 1744 1420 1745
2057 2 2 101 101 1673 1284 2382
2058 2 2 101 101 1090 1092 1093
2059 2 2 101 101 1634 1633 1636
2060 2 2 101 101 1660 1821 2123
2061 2 2 101 101 1032 1034 1810
2062 2 2 101 101 1372 1380 1719
2063 2 2 101 101 1664 1802 2122
2064 2 2 101 101 2241 1856 2642
2065 2 2 101 101 977 978 979
2066 2 2 101 101 665 2333 2936
2067 2 2 101 101 1823 2269 2700
2068 2 2 101 101 1777 1588 2119
2069 2 2 101 101 881 875 1241
2070 2 2 101 101 1810 2179 2331
2071 2 2 101 101 1208 963 2531
2072 2 2 101 101 799 800 801
2073 2 2 101 101 1138 1098 1236
2074 2 2 101 101 946 1147 2519
2075 2 2 101 101 1224 1083 2098
2076 2 2 101 101 1632 1631 1633
2077 2 2 101 101 1477 1478 1479
2078 2 2 101 101 1406 1268 1408
2079 2 2 101 101 819 822 823
2080 2 2 101 101 1267 1241 1268
2081 2 2 101 101 2621 2511 2639
2082 2 2 101 101 1412 1413 2163
2083 2 2 101 101 1341 2526 2924
2084 2 2 101 101 837 841 2447
2085 2 2 101 101 809 811 812
2086 2 2 101 101 2236 2235 2237
2087 2 2 101 101 1802 1669 2227
2088 2 2 101 101 1744 2098 2882
2089 2 2 101 101 784 781 2441
2090 2 2 101 101 1211 1151 2355
2091 2 2 101 101 2416 2172 2881
2092 2 2 101 101 1477 1479 1775
2093 2 2 101 101 1443 1445 2242
2094 2 2 101 101 2034 1398 2035
2095 2 2 101 101 792 797 2514
2096 2 2 101 101 886 884 1242
2097 2 2 101 101 817 818 819
2098 2 2 101 101 1595 1169 2128
2099 2 2 101 101 1420 1385 2553
2100 2 2 101 101 115 719 2335
2101 2 2 101 101 2749 2099 3156
2102 2 2 101 101 1370 2027 2279
2103 2 2 101 101 1033 1031 2439
2104 2 2 101 101 1441 1442 1443
2105 2 2 101 101 1236 1098 2197
2106 2 2 101 101 2127 2126 2756
2107 2 2 101 101 2355 1151 2356
2108 2 2 101 101 2111 2157 2705
2109 2 2 101 101 874 863 2169
2110 2 2 101 101 957 926 958
2111 2 2 101 101 970 2231 2287
2112 2 2 101 101 911 913 2301
2113 2 2 101 101 1630 1340 1631
2114 2 2 101 101 1912 2199 2534
2115 2 2 101 101 1023 1018 2515
2116 2 2 101 101 3027 2405 3099
2117 2 2 101 101 923 921 1287
2118 2 2 101 101 1293 2322 2554
2119 2 2 101 101 1482 1484 1485
2120 2 2 101 101 1019 985 2235
2121 2 2 101 101 2309 694 2468
2122 2 2 101 101 2045 1541 2970
2123 2 2 101 101 825 904 1412
2124 2 2 101 101 812 816 817
2125 2 2 101 101 1967 1269 1968
2126 2 2 101 101 1192 2729 3088
2127 2 2 101 101 2428 734 2917
2128 2 2 101 101 1627 1855 1856
2129 2 2 101 101 968 958 969
2130 2 2 101 101 1200 1132 1201
2131 2 2 101 101 1050 969 1051
2132 2 2 101 101 1131 1051 1132
2133 2 2 101 101 1968 2379 2907
2134 2 2 101 101 1569 1585 1586
2135 2 2 101 101 734 2428 2964
2136 2 2 101 101 1731 2011 2378
2137 2 2 101 101 2054 2053 2055
2138 2 2 101 101 1469 2054 2126
2139 2 2 101 101 942 946 2519
2140 2 2 101 101 1288 2448 2525
2141 2 2 101 101 1059 1143 2073
2142 2 2 101 101 1027 2228 2542
2143 2 2 101 101 1875 2849 2928
2144 2 2 101 101 1090 1093 2510
2145 2 2 101 101 1465 1466 1467
2146 2 2 101 101 1434 1433 1435
2147 2 2 101 101 1113 1044 1191
2148 2 2 101 101 1096 1064 1233
2149 2 2 101 101 1939 1941 2586
2150 2 2 101 101 2255 878 2256
2151 2 2 101 101 1876 1414 2258
2152 2 2 101 101 744 2299 3060
2153 2 2 101 101 1110 1079 2526
2154 2 2 101 101 1595 2130 2199
2155 2 2 101 101 1382 1584 2574
2156 2 2 101 101 1927 2886 3060
2157 2 2 101 101 1255 1193 1256
2158 2 2 101 101 1192 1191 1193
2159 2 2 101 101 1507 1506 1508
2160 2 2 101 101 1445 1604 2242
2161 2 2 101 101 1522 1524 1525
2162 2 2 101 101 2378 2011 2845
2163 2 2 101 101 1806 1391 2033
2164 2 2 101 101 2088 720 2840
2165 2 2 101 101 1388 1607 2436
2166 2 2 101 101 2312 1841 2767
2167 2 2 101 101 1848 2402 2943
2168 2 2 101 101 1616 1368 1617
2169 2 2 101 101 1396 1397 1399
2170 2 2 101 101 1284 1216 2382
2171 2 2 101 101 1385 1618 2553
2172 2 2 101 101 2242 1604 2243
2173 2 2 101 101 812 1983 2538
2174 2 2 101 101 48 49 2277
2175 2 2 101 101 1860 2864 2878
2176 2 2 101 101 1997 2505 3168
2177 2 2 101 101 2036 2034 2936
2178 2 2 101 101 2321 1724 2663
2179 2 2 101 101 2351 2275 2812
2180 2 2 101 101 2280 2027 3147
2181 2 2 101 101 499 500 749
2182 2 2 101 101 1027 948 2228
2183 2 2 101 101 1674 1408 2177
2184 2 2 101 101 2095 2094 2804
2185 2 2 101 101 2183 651 2967
2186 2 2 101 101 117 688 2349
2187 2 2 101 101 495 496 744
2188 2 2 101 101 1343 1355 1356
2189 2 2 101 101 749 500 3090
2190 2 2 101 101 1402 1404 1405
2191 2 2 101 101 2381 2300 3003
2192 2 2 101 101 1012 1126 2517
2193 2 2 101 101 1355 2193 2914
2194 2 2 101 101 1354 2269 2684
2195 2 2 101 101 2363 1243 2647
2196 2 2 101 101 1479 1481 2293
2197 2 2 101 101 1352 2568 3113
2198 2 2 101 101 1445 1447 1604
2199 2 2 101 101 2994 1716 3020
2200 2 2 101 101 1447 1449 2319
2201 2 2 101 101 1412 2163 2164
2202 2 2 101 101 1514 1516 1517
2203 2 2 101 101 1198 1314 2380
2204 2 2 101 101 2207 1041 2628
2205 2 2 101 101 786 2202 2300
2206 2 2 101 101 1138 1236 1237
2207 2 2 101 101 2395 2552 2573
2208 2 2 101 101 1162 1161 1163
2209 2 2 101 101 497 498 701
2210 2 2 101 101 1200 1251 2735
2211 2 2 101 101 1396 1399 1788
2212 2 2 101 101 2728 1798 2931
2213 2 2 101 101 1230 1270 2578
2214 2 2 101 101 2032 1582 2672
2215 2 2 101 101 1849 2871 2904
2216 2 2 101 101 1467 1468 1469
2217 2 2 101 101 705 2135 2937
2218 2 2 101 101 2114 2112 2438
2219 2 2 101 101 2641 2624 2748
2220 2 2 101 101 1953 1954 2037
2221 2 2 101 101 708 2082 2083
2222 2 2 101 101 1959 1712 2308
2223 2 2 101 101 809 812 2538
2224 2 2 101 101 1861 2254 2851
2225 2 2 101 101 1013 1065 2776
2226 2 2 101 101 2182 2183 2732
2227 2 2 101 101 1038 963 1208
2228 2 2 101 101 1424 1423 1563
2229 2 2 101 101 1873 1644 2434
2230 2 2 101 101 1678 1738 2305
2231 2 2 101 101 757 1416 2983
2232 2 2 101 101 1215 1135 2555
2233 2 2 101 101 2267 786 2381
2234 2 2 101 101 1648 2398 2659
2235 2 2 101 101 1228 1161 2181
2236 2 2 101 101 800 798 2528
2237 2 2 101 101 688 118 2372
2238 2 2 101 101 2301 1153 2982
2239 2 2 101 101 1821 2122 2817
2240 2 2 101 101 2180 2712 2905
2241 2 2 101 101 1443 1444 1445
2242 2 2 101 101 2272 1106 2276
2243 2 2 101 101 1479 1480 1481
2244 2 2 101 101 1499 1498 1500
2245 2 2 101 101 509 686 2524
2246 2 2 101 101 1371 1373 1789
2247 2 2 101 101 1241 2252 2673
2248 2 2 101 101 1517 1527 2904
2249 2 2 101 101 2333 2036 2936
2250 2 2 101 101 1443 2242 2546
2251 2 2 101 101 2742 1236 3037
2252 2 2 101 101 2579 652 2793
2253 2 2 101 101 2552 2291 2573
2254 2 2 101 101 1146 1209 1232
2255 2 2 101 101 2326 715 2581
2256 2 2 101 101 2346 2343 2389
2257 2 2 101 101 2804 2094 2883
2258 2 2 101 101 1088 1015 2776
2259 2 2 101 101 1541 2045 2731
2260 2 2 101 101 1792 1794 2543
2261 2 2 101 101 2390 2182 2732
2262 2 2 101 101 1176 1377 2270
2263 2 2 101 101 1005 1041 2792
2264 2 2 101 101 1925 2350 2351
2265 2 2 101 101 1191 1044 2542
2266 2 2 101 101 2740 900 2806
2267 2 2 101 101 1293 1191 2542
2268 2 2 101 101 1542 1567 1857
2269 2 2 101 101 2079 989 2734
2270 2 2 101 101 1708 1965 2525
2271 2 2 101 101 2472 1746 3086
2272 2 2 101 101 2744 1863 2780
2273 2 2 101 101 47 48 699
2274 2 2 101 101 681 42 2251
2275 2 2 101 101 2448 1650 2449
2276 2 2 101 101 1165 2272 3032
2277 2 2 101 101 1080 2273 3074
2278 2 2 101 101 1997 1386 2376
2279 2 2 101 101 1776 1631 2545
2280 2 2 101 101 1887 1557 2713
2281 2 2 101 101 676 2457 2458
2282 2 2 101 101 1501 1500 1502
2283 2 2 101 101 506 507 700
2284 2 2 101 101 1860 2329 2864
2285 2 2 101 101 2805 2211 2988
2286 2 2 101 101 2357 1405 2358
2287 2 2 101 101 2071 1700 3115
2288 2 2 101 101 1445 1446 1447
2289 2 2 101 101 1942 2278 2902
2290 2 2 101 101 2449 1650 2541
2291 2 2 101 101 1816 1906 2100
2292 2 2 101 101 682 26 2328
2293 2 2 101 101 1605 1304 2365
2294 2 2 101 101 2257 1407 2883
2295 2 2 101 101 1618 1384 1996
2296 2 2 101 101 2139 2142 2961
2297 2 2 101 101 1627 1856 2578
2298 2 2 101 101 525 526 662
2299 2 2 101 101 2273 2261 3074
2300 2 2 101 101 1158 1114 1159
2301 2 2 101 101 1070 2425 2703
2302 2 2 101 101 29 30 663
2303 2 2 101 101 1908 2722 3143
2304 2 2 101 101 1258 2651 2932
2305 2 2 101 101 1055 1007 2792
2306 2 2 101 101 27 28 706
2307 2 2 101 101 31 32 708
2308 2 2 101 101 22 23 689
2309 2 2 101 101 25 26 682
2310 2 2 101 101 33 34 669
2311 2 2 101 101 2056 1666 2086
2312 2 2 101 101 1441 1443 2546
2313 2 2 101 101 1548 1547 1689
2314 2 2 101 101 2359 2361 2743
2315 2 2 101 101 527 528 712
2316 2 2 101 101 2602 1238 2959
2317 2 2 101 101 527 712 2307
2318 2 2 101 101 2040 1647 2352
2319 2 2 101 101 523 524 714
2320 2 2 101 101 35 36 709
2321 2 2 101 101 1364 1240 2399
2322 2 2 101 101 1230 1231 1270
2323 2 2 101 101 699 2065 2066
2324 2 2 101 101 1631 1340 2545
2325 2 2 101 101 1497 1536 2848
2326 2 2 101 101 37 38 671
2327 2 2 101 101 1462 1464 1465
2328 2 2 101 101 1066 2073 3098
2329 2 2 101 101 2178 1281 3032
2330 2 2 101 101 706 28 2310
2331 2 2 101 101 529 530 683
2332 2 2 101 101 39 40 710
2333 2 2 101 101 494 495 2264
2334 2 2 101 101 532 533 690
2335 2 2 101 101 42 43 2251
2336 2 2 101 101 1607 1963 2436
2337 2 2 101 101 2148 2150 2152
2338 2 2 101 101 41 42 681
2339 2 2 101 101 27 706 2328
2340 2 2 101 101 523 714 2320
2341 2 2 101 101 1379 1299 2060
2342 2 2 101 101 521 522 668
2343 2 2 101 101 1399 1400 1401
2344 2 2 101 101 2153 1306 2873
2345 2 2 101 101 1590 1302 2405
2346 2 2 101 101 1575 1573 1668
2347 2 2 101 101 1160 1159 1161
2348 2 2 101 101 519 520 715
2349 2 2 101 101 1417 1418 1874
2350 2 2 101 101 44 45 687
2351 2 2 101 101 529 683 2316
2352 2 2 101 101 2174 2175 2517
2353 2 2 101 101 517 518 670
2354 2 2 101 101 2047 2207 3071
2355 2 2 101 101 2748 2123 3132
2356 2 2 101 101 1453 1853 2383
2357 2 2 101 101 2248 2215 2337
2358 2 2 101 101 515 516 716
2359 2 2 101 101 709 36 2318
2360 2 2 101 101 1794 1796 2363
2361 2 2 101 101 928 927 929
2362 2 2 101 101 513 514 672
2363 2 2 101 101 1344 1423 1424
2364 2 2 101 101 2193 2191 2606
2365 2 2 101 101 2173 2176 2804
2366 2 2 101 101 511 512 717
2367 2 2 101 101 671 38 2323
2368 2 2 101 101 2343 2342 2389
2369 2 2 101 101 1196 1630 2273
2370 2 2 101 101 1399 1401 2313
2371 2 2 101 101 1917 1641 2452
2372 2 2 101 101 2073 1143 2785
2373 2 2 101 101 2192 2191 2193
2374 2 2 101 101 1512 1514 1934
2375 2 2 101 101 509 510 686
2376 2 2 101 101 1589 1588 1690
2377 2 2 101 101 710 40 2324
2378 2 2 101 101 1213 2134 2952
2379 2 2 101 101 519 715 2326
2380 2 2 101 101 1827 1423 2414
2381 2 2 101 101 1035 1058 1059
2382 2 2 101 101 1025 948 1026
2383 2 2 101 101 1380 1329 2233
2384 2 2 101 101 2380 2532 3122
2385 2 2 101 101 20 21 707
2386 2 2 101 101 1736 1828 1830
2387 2 2 101 101 803 802 3150
2388 2 2 101 101 947 929 948
2389 2 2 101 101 1712 1672 2398
2390 2 2 101 101 515 716 2330
2391 2 2 101 101 2008 1605 2365
2392 2 2 101 101 1739 2127 2182
2393 2 2 101 101 1845 2309 2468
2394 2 2 101 101 1458 1441 2546
2395 2 2 101 101 654 2 747
2396 2 2 101 101 2155 2847 2884
2397 2 2 101 101 1855 1816 2444
2398 2 2 101 101 1447 1448 1449
2399 2 2 101 101 513 672 2334
2400 2 2 101 101 2445 1936 3034
2401 2 2 101 101 888 887 889
2402 2 2 101 101 2245 683 3030
2403 2 2 101 101 534 535 713
2404 2 2 101 101 2159 2111 2583
2405 2 2 101 101 1270 1271 1598
2406 2 2 101 101 2025 1364 2399
2407 2 2 101 101 750 114 2335
2408 2 2 101 101 1587 760 1588
2409 2 2 101 101 511 717 2338
2410 2 2 101 101 2681 2325 2775
2411 2 2 101 101 1059 1141 1142
2412 2 2 101 101 718 120 2404
2413 2 2 101 101 2189 734 2964
2414 2 2 101 101 1525 1524 1526
2415 2 2 101 101 1473 1666 2053
2416 2 2 101 101 945 952 953
2417 2 2 101 101 1929 1590 2405
2418 2 2 101 101 1168 770 1169
2419 2 2 101 101 1383 1583 1646
2420 2 2 101 101 919 893 920
2421 2 2 101 101 2405 1341 3099
2422 2 2 101 101 1698 1981 2421
2423 2 2 101 101 1436 2188 3133
2424 2 2 101 101 1280 1165 1281
2425 2 2 101 101 1246 900 2740
2426 2 2 101 101 498 499 754
2427 2 2 101 101 892 889 893
2428 2 2 101 101 1751 3045 3063
2429 2 2 101 101 1941 2196 3046
2430 2 2 101 101 1702 2878 2906
2431 2 2 101 101 1205 1244 1245
2432 2 2 101 101 1680 1673 2306
2433 2 2 101 101 1456 1436 3133
2434 2 2 101 101 1527 1847 1849
2435 2 2 101 101 110 111 720
2436 2 2 101 101 973 2100 2863
2437 2 2 101 101 1401 1402 2357
2438 2 2 101 101 1164 1106 1165
2439 2 2 101 101 877 876 878
2440 2 2 101 101 1094 1247 1431
2441 2 2 101 101 2880 672 2931
2442 2 2 101 101 699 48 2277
2443 2 2 101 101 1449 1451 1803
2444 2 2 101 101 953 1030 1031
2445 2 2 101 101 1180 1179 1181
2446 2 2 101 101 1497 1496 1498
2447 2 2 101 101 1728 1742 1930
2448 2 2 101 101 1172 1169 1173
2449 2 2 101 101 921 893 2347
2450 2 2 101 101 1345 1554 2030
2451 2 2 101 101 2038 2037 2354
2452 2 2 101 101 1818 2386 2742
2453 2 2 101 101 1253 1173 1286
2454 2 2 101 101 813 901 1042
2455 2 2 101 101 1696 2421 2650
2456 2 2 101 101 1731 2010 2011
2457 2 2 101 101 1292 1286 1667
2458 2 2 101 101 1101 1100 1102
2459 2 2 101 101 1686 1667 2245
2460 2 2 101 101 840 845 846
2461 2 2 101 101 1099 1087 1100
2462 2 2 101 101 1237 1236 2386
2463 2 2 101 101 1086 1049 1087
2464 2 2 101 101 1048 1023 1049
2465 2 2 101 101 1022 1018 1023
2466 2 2 101 101 1451 1453 2383
2467 2 2 101 101 1017 1015 1018
2468 2 2 101 101 1014 1013 1015
2469 2 2 101 101 1012 1011 1013
2470 2 2 101 101 1010 1009 1011
2471 2 2 101 101 113 114 750
2472 2 2 101 101 1577 1644 1645
2473 2 2 101 101 1370 1825 1894
2474 2 2 101 101 1008 1007 1009
2475 2 2 101 101 879 878 880
2476 2 2 101 101 1006 1005 1007
2477 2 2 101 101 882 880 883
2478 2 2 101 101 1245 1307 1308
2479 2 2 101 101 2403 692 2460
2480 2 2 101 101 536 537 751
2481 2 2 101 101 2313 1401 2314
2482 2 2 101 101 1004 1003 1005
2483 2 2 101 101 1002 1001 1003
2484 2 2 101 101 1000 999 1001
2485 2 2 101 101 1888 1757 2721
2486 2 2 101 101 998 997 999
2487 2 2 101 101 26 27 2328
2488 2 2 101 101 2267 1776 2850
2489 2 2 101 101 1618 1999 2553
2490 2 2 101 101 1072 1248 2425
2491 2 2 101 101 1431 1729 1731
2492 2 2 101 101 1449 1450 1451
2493 2 2 101 101 1848 2400 2401
2494 2 2 101 101 897 895 898
2495 2 2 101 101 1378 2012 2609
2496 2 2 101 101 2342 2062 2389
2497 2 2 101 101 719 116 2349
2498 2 2 101 101 996 995 997
2499 2 2 101 101 2271 1784 2739
2500 2 2 101 101 1440 1458 1702
2501 2 2 101 101 1197 1110 2526
2502 2 2 101 101 982 981 983
2503 2 2 101 101 1184 1181 1185
2504 2 2 101 101 994 993 995
2505 2 2 101 101 992 991 993
2506 2 2 101 101 2393 2394 2396
2507 2 2 101 101 990 989 991
2508 2 2 101 101 1123 1174 1175
2509 2 2 101 101 846 902 903
2510 2 2 101 101 903 936 937
2511 2 2 101 101 734 2189 3017
2512 2 2 101 101 793 794 795
2513 2 2 101 101 988 987 989
2514 2 2 101 101 2240 2162 2241
2515 2 2 101 101 932 882 2511
2516 2 2 101 101 1707 1708 1800
2517 2 2 101 101 899 898 900
2518 2 2 101 101 2157 896 2705
2519 2 2 101 101 1418 1376 2284
2520 2 2 101 101 1361 1620 1621
2521 2 2 101 101 1620 1360 1871
2522 2 2 101 101 986 985 987
2523 2 2 101 101 2091 2093 2426
2524 2 2 101 101 1377 1409 1707
2525 2 2 101 101 2538 2042 3150
2526 2 2 101 101 870 869 871
2527 2 2 101 101 868 867 869
2528 2 2 101 101 866 865 867
2529 2 2 101 101 1117 1116 1118
2530 2 2 101 101 1607 1390 1608
2531 2 2 101 101 864 863 865
2532 2 2 101 101 1517 1516 1518
2533 2 2 101 101 2281 1901 2557
2534 2 2 101 101 984 983 985
2535 2 2 101 101 862 861 863
2536 2 2 101 101 860 859 861
2537 2 2 101 101 858 857 859
2538 2 2 101 101 961 900 1246
2539 2 2 101 101 1261 1246 1262
2540 2 2 101 101 1953 2037 2038
2541 2 2 101 101 1977 2531 3029
2542 2 2 101 101 856 855 857
2543 2 2 101 101 1304 1211 1306
2544 2 2 101 101 1798 1605 2008
2545 2 2 101 101 1648 1647 2039
2546 2 2 101 101 1563 1423 1827
2547 2 2 101 101 2139 2140 2141
2548 2 2 101 101 1181 1179 2422
2549 2 2 101 101 1042 1043 1133
2550 2 2 101 101 1416 755 2195
2551 2 2 101 101 925 2156 2767
2552 2 2 101 101 1549 1548 1550
2553 2 2 101 101 1175 1289 1290
2554 2 2 101 101 795 807 808
2555 2 2 101 101 1640 2344 2423
2556 2 2 101 101 1546 1548 1549
2557 2 2 101 101 808 814 815
2558 2 2 101 101 2487 1872 2601
2559 2 2 101 101 815 820 821
2560 2 2 101 101 821 827 828
2561 2 2 101 101 667 122 2417
2562 2 2 101 101 1166 1122 1167
2563 2 2 101 101 850 803 851
2564 2 2 101 101 1121 1120 1122
2565 2 2 101 101 1481 1480 1482
2566 2 2 101 101 854 853 855
2567 2 2 101 101 2687 1111 2835
2568 2 2 101 101 1129 1204 2407
2569 2 2 101 101 1119 1118 1120
2570 2 2 101 101 1052 1047 1053
2571 2 2 101 101 1265 1735 1736
2572 2 2 101 101 2246 1208 2867
2573 2 2 101 101 1794 1795 1796
2574 2 2 101 101 852 851 853
2575 2 2 101 101 974 823 975
2576 2 2 101 101 115 116 719
2577 2 2 101 101 1586 1585 1809
2578 2 2 101 101 1240 959 1942
2579 2 2 101 101 1678 1528 1738
2580 2 2 101 101 1574 1599 1600
2581 2 2 101 101 2341 2994 3020
2582 2 2 101 101 2408 650 2424
2583 2 2 101 101 119 718 2372
2584 2 2 101 101 1700 1364 2025
2585 2 2 101 101 1987 3027 3099
2586 2 2 101 101 1422 1892 2414
2587 2 2 101 101 1892 1891 1893
2588 2 2 101 101 1640 2342 2343
2589 2 2 101 101 1451 1452 1453
2590 2 2 101 101 1404 1913 2361
2591 2 2 101 101 1723 1414 1876
2592 2 2 101 101 1616 1617 1937
2593 2 2 101 101 1410 1428 1804
2594 2 2 101 101 1428 1411 1653
2595 2 2 101 101 1408 1426 1427
2596 2 2 101 101 976 975 977
2597 2 2 101 101 1745 1746 1747
2598 2 2 101 101 1502 1504 2537
2599 2 2 101 101 1265 1736 2431
2600 2 2 101 101 1911 1590 1929
2601 2 2 101 101 117 118 688
2602 2 2 101 101 1128 1198 2380
2603 2 2 101 101 1302 1197 1341
2604 2 2 101 101 668 2321 2663
2605 2 2 101 101 1671 1672 1712
2606 2 2 101 101 1715 1456 1844
2607 2 2 101 101 1457 1715 1782
2608 2 2 101 101 1198 1263 1314
2609 2 2 101 101 2214 1021 2569
2610 2 2 101 101 764 765 2432
2611 2 2 101 101 2800 2256 3097
2612 2 2 101 101 2208 2304 2789
2613 2 2 101 101 1592 1284 1673
2614 2 2 101 101 1669 1670 1671
2615 2 2 101 101 2499 2401 2977
2616 2 2 101 101 1740 1537 1779
2617 2 2 101 101 1491 1740 2259
2618 2 2 101 101 2318 2059 3135
2619 2 2 101 101 1812 3089 3137
2620 2 2 101 101 1664 1665 1669
2621 2 2 101 101 1068 966 1106
2622 2 2 101 101 934 932 1727
2623 2 2 101 101 2382 1808 2893
2624 2 2 101 101 1683 2681 2775
2625 2 2 101 101 2424 725 3075
2626 2 2 101 101 1920 2853 3152
2627 2 2 101 101 2237 2296 3076
2628 2 2 101 101 1424 1563 1564
2629 2 2 101 101 1569 1586 1596
2630 2 2 101 101 2447 1650 2448
2631 2 2 101 101 1662 1663 1664
2632 2 2 101 101 1125 1149 1150
2633 2 2 101 101 49 705 2277
2634 2 2 101 101 2350 1534 3131
2635 2 2 101 101 1660 1661 1662
2636 2 2 101 101 1427 1657 1658
2637 2 2 101 101 1767 1765 2451
2638 2 2 101 101 1658 1659 1660
2639 2 2 101 101 1574 1600 1867
2640 2 2 101 101 822 825 2290
2641 2 2 101 101 1739 2182 2390
2642 2 2 101 101 1085 1124 1125
2643 2 2 101 101 1884 2155 2884
2644 2 2 101 101 1809 2793 2857
2645 2 2 101 101 1083 1084 1085
2646 2 2 101 101 908 911 2540
2647 2 2 101 101 1335 1718 1728
2648 2 2 101 101 1331 1329 1372
2649 2 2 101 101 1465 1739 2390
2650 2 2 101 101 1564 1563 1565
2651 2 2 101 101 1577 1722 2379
2652 2 2 101 101 1955 1951 2418
2653 2 2 101 101 1061 1082 1083
2654 2 2 101 101 1156 1187 1189
2655 2 2 101 101 1272 1369 1370
2656 2 2 101 101 1771 1773 1933
2657 2 2 101 101 2204 2455 2981
2658 2 2 101 101 1899 1900 1923
2659 2 2 101 101 1128 2380 2439
2660 2 2 101 101 1707 2282 3167
2661 2 2 101 101 1487 1486 1488
2662 2 2 101 101 1040 1060 1061
2663 2 2 101 101 1401 1400 1402
2664 2 2 101 101 1379 2060 2061
2665 2 2 101 101 853 851 3177
2666 2 2 101 101 1372 1719 2452
2667 2 2 101 101 1745 1748 2362
2668 2 2 101 101 1543 1709 1870
2669 2 2 101 101 1125 1227 2339
2670 2 2 101 101 972 1039 1040
2671 2 2 101 101 1962 1458 2546
2672 2 2 101 101 1201 1206 1207
2673 2 2 101 101 1691 1487 1811
2674 2 2 101 101 1485 1691 2221
2675 2 2 101 101 111 112 2268
2676 2 2 101 101 970 971 972
2677 2 2 101 101 1797 1579 2000
2678 2 2 101 101 119 120 718
2679 2 2 101 101 121 667 2404
2680 2 2 101 101 1134 1176 2270
2681 2 2 101 101 906 908 2540
2682 2 2 101 101 1365 1215 2555
2683 2 2 101 101 1775 1479 2293
2684 2 2 101 101 2034 2035 2058
2685 2 2 101 101 114 115 2335
2686 2 2 101 101 1453 1454 1459
2687 2 2 101 101 1074 1076 2529
2688 2 2 101 101 1885 1582 2032
2689 2 2 101 101 1176 1303 1377
2690 2 2 101 101 2467 2466 3035
2691 2 2 101 101 1214 2618 2727
2692 2 2 101 101 1196 1301 1340
2693 2 2 101 101 2792 2048 3107
2694 2 2 101 101 2081 2327 3028
2695 2 2 101 101 2381 3003 3151
2696 2 2 101 101 2093 2094 2095
2697 2 2 101 101 1727 932 2511
2698 2 2 101 101 2054 2055 2253
2699 2 2 101 101 49 50 705
2700 2 2 101 101 1602 1915 2427
2701 2 2 101 101 1259 1237 1260
2702 2 2 101 101 1600 1601 1602
2703 2 2 101 101 2091 2092 2093
2704 2 2 101 101 1560 1249 1647
2705 2 2 101 101 1207 1432 1433
2706 2 2 101 101 1969 2078 3079
2707 2 2 101 101 2792 1041 3125
2708 2 2 101 101 534 713 2612
2709 2 2 101 101 1806 2033 2036
2710 2 2 101 101 1600 1602 2427
2711 2 2 101 101 1760 1753 1761
2712 2 2 101 101 763 762 2685
2713 2 2 101 101 116 117 2349
2714 2 2 101 101 1341 1197 2526
2715 2 2 101 101 2243 1604 2244
2716 2 2 101 101 1399 1397 1400
2717 2 2 101 101 1224 2098 2979
2718 2 2 101 101 781 780 2441
2719 2 2 101 101 1617 1368 1839
2720 2 2 101 101 1596 1586 1597
2721 2 2 101 101 2140 508 2524
2722 2 2 101 101 2130 2129 3152
2723 2 2 101 101 1341 2924 3099
2724 2 2 101 101 1845 2468 2527
2725 2 2 101 101 835 837 2447
2726 2 2 101 101 790 792 2514
2727 2 2 101 101 118 119 2372
2728 2 2 101 101 1229 1297 1298
2729 2 2 101 101 710 2325 2681
2730 2 2 101 101 123 722 2417
2731 2 2 101 101 1153 2588 2982
2732 2 2 101 101 831 833 2645
2733 2 2 101 101 1788 1399 2313
2734 2 2 101 101 1396 1788 2298
2735 2 2 101 101 505 506 2285
2736 2 2 101 101 2064 3147 3148
2737 2 2 101 101 1118 1116 2872
2738 2 2 101 101 1574 1572 1599
2739 2 2 101 101 963 956 2531
2740 2 2 101 101 1353 1814 1840
2741 2 2 101 101 2253 2055 3075
2742 2 2 101 101 867 865 2440
2743 2 2 101 101 1789 1373 1817
2744 2 2 101 101 1371 1789 1790
2745 2 2 101 101 1774 1365 2288
2746 2 2 101 101 1877 1641 1917
2747 2 2 101 101 108 109 677
2748 2 2 101 101 2331 1338 2332
2749 2 2 101 101 1857 1567 1858
2750 2 2 101 101 2239 1932 2548
2751 2 2 101 101 1016 1090 2510
2752 2 2 101 101 1378 1562 2012
2753 2 2 101 101 121 122 667
2754 2 2 101 101 991 989 3124
2755 2 2 101 101 2336 531 2798
2756 2 2 101 101 2358 1405 2359
2757 2 2 101 101 1618 1996 1998
2758 2 2 101 101 1330 2205 3073
2759 2 2 101 101 1257 1163 2371
2760 2 2 101 101 2056 2086 2408
2761 2 2 101 101 1689 1547 1757
2762 2 2 101 101 1018 1088 2515
2763 2 2 101 101 1765 1936 2451
2764 2 2 101 101 123 124 722
2765 2 2 101 101 2088 1767 2451
2766 2 2 101 101 1575 1668 1889
2767 2 2 101 101 1874 1418 1875
2768 2 2 101 101 1417 1874 2006
2769 2 2 101 101 1491 1490 1492
2770 2 2 101 101 3114 1706 3171
2771 2 2 101 101 120 121 2404
2772 2 2 101 101 940 942 2519
2773 2 2 101 101 521 668 2724
2774 2 2 101 101 2371 2138 2961
2775 2 2 101 101 1453 1459 1853
2776 2 2 101 101 1922 2317 2838
2777 2 2 101 101 1719 1958 2452
2778 2 2 101 101 1549 1550 1551
2779 2 2 101 101 126 127 652
2780 2 2 101 101 1137 1098 1138
2781 2 2 101 101 1316 1276 1425
2782 2 2 101 101 2163 1730 2164
2783 2 2 101 101 1287 921 2347
2784 2 2 101 101 1646 1583 1993
2785 2 2 101 101 1383 1646 1716
2786 2 2 101 101 2158 2312 2767
2787 2 2 101 101 1324 1322 1615
2788 2 2 101 101 1328 1326 1329
2789 2 2 101 101 2223 2222 3064
2790 2 2 101 101 1602 1603 1619
2791 2 2 101 101 1320 1318 1901
2792 2 2 101 101 1625 1919 2007
2793 2 2 101 101 1849 1847 1850
2794 2 2 101 101 917 950 970
2795 2 2 101 101 1803 1451 2383
2796 2 2 101 101 1449 1803 2319
2797 2 2 101 101 1696 1698 2421
2798 2 2 101 101 1698 1966 1981
2799 2 2 101 101 1359 1235 1381
2800 2 2 101 101 816 811 2992
2801 2 2 101 101 1645 1644 1854
2802 2 2 101 101 1577 1645 1722
2803 2 2 101 101 2314 1401 2357
2804 2 2 101 101 1026 1054 2356
2805 2 2 101 101 1602 1601 1603
2806 2 2 101 101 1479 1478 1480
2807 2 2 101 101 1848 2401 2402
2808 2 2 101 101 1702 1458 1860
2809 2 2 101 101 2712 2180 2752
2810 2 2 101 101 1459 1454 1460
2811 2 2 101 101 1459 1460 1461
2812 2 2 101 101 2239 1981 3109
2813 2 2 101 101 1620 1871 1872
2814 2 2 101 101 1871 1360 2341
2815 2 2 101 101 1608 1390 1609
2816 2 2 101 101 1607 1608 1720
2817 2 2 101 101 2304 1127 3092
2818 2 2 101 101 128 743 2433
2819 2 2 101 101 122 123 2417
2820 2 2 101 101 1551 1550 1552
2821 2 2 101 101 652 127 2433
2822 2 2 101 101 1097 1096 1098
2823 2 2 101 101 2302 1727 2621
2824 2 2 101 101 1809 1585 2051
2825 2 2 101 101 1738 1528 1907
2826 2 2 101 101 723 2458 2773
2827 2 2 101 101 1760 1761 1762
2828 2 2 101 101 1453 1452 1454
2829 2 2 101 101 2414 1892 2415
2830 2 2 101 101 1640 2343 2344
2831 2 2 101 101 1937 1617 1938
2832 2 2 101 101 1616 1937 2200
2833 2 2 101 101 1886 1557 1887
2834 2 2 101 101 2618 2689 3175
2835 2 2 101 101 1804 1428 1918
2836 2 2 101 101 1653 1411 1654
2837 2 2 101 101 1045 1114 1158
2838 2 2 101 101 1702 1860 2878
2839 2 2 101 101 1745 1747 1748
2840 2 2 101 101 1941 1416 2195
2841 2 2 101 101 1762 1761 1763
2842 2 2 101 101 1230 826 1231
2843 2 2 101 101 913 915 1153
2844 2 2 101 101 1070 1072 2425
2845 2 2 101 101 1457 1782 1783
2846 2 2 101 101 1715 1844 1845
2847 2 2 101 101 1072 1074 1248
2848 2 2 101 101 1076 1078 1080
2849 2 2 101 101 1026 1028 1054
2850 2 2 101 101 1392 1310 1393
2851 2 2 101 101 905 747 2544
2852 2 2 101 101 1761 1753 2450
2853 2 2 101 101 1779 1537 1909
2854 2 2 101 101 2259 1740 2260
2855 2 2 101 101 1966 2263 3109
2856 2 2 101 101 1109 1194 1196
2857 2 2 101 101 1492 1494 2513
2858 2 2 101 101 1867 1600 2427
2859 2 2 101 101 504 505 711
2860 2 2 101 101 1564 1565 1566
2861 2 2 101 101 689 2556 3101
2862 2 2 101 101 1869 2090 2091
2863 2 2 101 101 1899 1923 2400
2864 2 2 101 101 1923 1900 1924
2865 2 2 101 101 2351 2350 3131
2866 2 2 101 101 1379 2061 2062
2867 2 2 101 101 1870 1709 1960
2868 2 2 101 101 721 107 2445
2869 2 2 101 101 2221 1691 2222
2870 2 2 101 101 1306 2355 2873
2871 2 2 101 101 1775 2293 2294
2872 2 2 101 101 1600 1599 1601
2873 2 2 101 101 956 909 2598
2874 2 2 101 101 1964 1812 3137
2875 2 2 101 101 2280 1886 2978
2876 2 2 101 101 108 677 2445
2877 2 2 101 101 909 907 2598
2878 2 2 101 101 2975 1938 3033
2879 2 2 101 101 112 654 2268
2880 2 2 101 101 1076 1080 2529
2881 2 2 101 101 1806 2036 2067
2882 2 2 101 101 1596 1597 1989
2883 2 2 101 101 2110 2114 2938
2884 2 2 101 101 2034 2058 2936
2885 2 2 101 101 210 211 753
2886 2 2 101 101 1788 2313 2315
2887 2 2 101 101 2442 1917 2452
2888 2 2 101 101 1146 1144 1209
2889 2 2 101 101 1094 1431 3126
2890 2 2 101 101 1790 1789 1896
2891 2 2 101 101 1817 1373 1818
2892 2 2 101 101 1858 1567 1859
2893 2 2 101 101 924 927 928
2894 2 2 101 101 2358 2359 2360
2895 2 2 101 101 1573 1574 2584
2896 2 2 101 101 1618 1998 1999
2897 2 2 101 101 1689 1757 1888
2898 2 2 101 101 1889 1668 1922
2899 2 2 101 101 1575 1889 1988
2900 2 2 101 101 2006 1874 2074
2901 2 2 101 101 690 533 2612
2902 2 2 101 101 2710 2397 2815
2903 2 2 101 101 1853 1459 2446
2904 2 2 101 101 675 2253 2889
2905 2 2 101 101 1778 2217 2218
2906 2 2 101 101 1162 1163 1257
2907 2 2 101 101 2242 2243 2536
2908 2 2 101 101 2436 1963 2437
2909 2 2 101 101 805 809 2538
2910 2 2 101 101 1993 1583 1994
2911 2 2 101 101 1716 1646 1982
2912 2 2 101 101 1619 1603 1991
2913 2 2 101 101 1602 1619 1915
2914 2 2 101 101 2363 1796 2409
2915 2 2 101 101 1849 1850 1851
2916 2 2 101 101 1850 1847 1852
2917 2 2 101 101 1104 2191 2192
2918 2 2 101 101 2138 2371 2852
2919 2 2 101 101 1803 2383 2384
2920 2 2 101 101 1459 1461 2446
2921 2 2 101 101 959 920 2278
2922 2 2 101 101 1722 1645 1751
2923 2 2 101 101 1854 1644 1873
2924 2 2 101 101 1860 1458 1962
2925 2 2 101 101 1295 1367 1576
2926 2 2 101 101 1461 1460 1462
2927 2 2 101 101 1608 1609 1610
2928 2 2 101 101 1607 1720 1963
2929 2 2 101 101 1551 1552 1553
2930 2 2 101 101 1738 1907 1908
2931 2 2 101 101 1816 1598 1906
2932 2 2 101 101 2160 2159 2551
2933 2 2 101 101 2344 2343 2345
2934 2 2 101 101 1653 1654 1655
2935 2 2 101 101 1748 1747 1749
2936 2 2 101 101 920 922 2278
2937 2 2 101 101 1762 1763 1764
2938 2 2 101 101 1298 1299 1300
2939 2 2 101 101 1845 1844 2309
2940 2 2 101 101 1783 1782 1784
2941 2 2 101 101 1779 1909 2005
2942 2 2 101 101 1867 2427 2428
2943 2 2 101 101 1566 1565 1732
2944 2 2 101 101 1924 1900 1925
2945 2 2 101 101 2062 2061 2063
2946 2 2 101 101 1960 1709 1961
2947 2 2 101 101 663 2571 2965
2948 2 2 101 101 2067 2036 2333
2949 2 2 101 101 701 756 2052
2950 2 2 101 101 127 128 2433
2951 2 2 101 101 54 55 752
2952 2 2 101 101 1817 1818 1835
2953 2 2 101 101 1922 1668 2317
2954 2 2 101 101 1993 1994 1995
2955 2 2 101 101 1915 1619 2001
2956 2 2 101 101 1851 1850 2419
2957 2 2 101 101 1860 1962 2329
2958 2 2 101 101 1885 2740 2806
2959 2 2 101 101 1610 1609 1611
2960 2 2 101 101 710 2324 2325
2961 2 2 101 101 1553 1552 1865
2962 2 2 101 101 525 662 2807
2963 2 2 101 101 2345 2343 2346
2964 2 2 101 101 1655 1654 1711
2965 2 2 101 101 1749 1747 2125
2966 2 2 101 101 1748 1749 1750
2967 2 2 101 101 1764 1763 1765
2968 2 2 101 101 1732 1565 1984
2969 2 2 101 101 1345 2030 2614
2970 2 2 101 101 2412 2114 2438
2971 2 2 101 101 1835 1818 1836
2972 2 2 101 101 2306 1103 2678
2973 2 2 101 101 1753 1752 2450
2974 2 2 101 101 1995 1994 2013
2975 2 2 101 101 1915 2001 2189
2976 2 2 101 101 1610 1611 1612
2977 2 2 101 101 1865 1552 1866
2978 2 2 101 101 1655 1711 2203
2979 2 2 101 101 1750 1749 1752
2980 2 2 101 101 1765 1763 1936
2981 2 2 101 101 1764 1765 1766
2982 2 2 101 101 1835 1836 1879
2983 2 2 101 101 2013 1994 2014
2984 2 2 101 101 1612 1611 1613
2985 2 2 101 101 1655 2203 2204
2986 2 2 101 101 1750 1752 1753
2987 2 2 101 101 1766 1765 1767
2988 2 2 101 101 1879 1836 1880
2989 2 2 101 101 2013 2014 2135
2990 2 2 101 101 1612 1613 1643
2991 2 2 101 101 1766 1767 1768
2992 2 2 101 101 1879 1880 1881
2993 2 2 101 101 1880 1836 1914
2994 2 2 101 101 1612 1643 1755
2995 2 2 101 101 1643 1613 1703
2996 2 2 101 101 1768 1767 1822
2997 2 2 101 101 1881 1880 1882
2998 2 2 101 101 1643 1703 1704
2999 2 2 101 101 1822 1767 2088
3000 2 2 101 101 1768 1822 1823
3001 2 2 101 101 1881 1882 1943
3002 2 2 101 101 1704 1703 1785
3003 2 2 101 101 1823 1822 2269
3004 2 2 101 101 1943 1882 1944
3005 2 2 101 101 1704 1785 2271
3006 2 2 101 101 1943 1944 1945
3007 2 2 101 101 1704 2271 2403
3008 2 2 101 101 1945 1944 1946
3009 2 2 101 101 1946 1944 1947
3010 2 2 101 101 1946 1947 1948
3011 2 2 101 101 660 190 2463
3012 2 2 101 101 660 2463 2464
3013 2 2 101 101 185 2459 2461
3014 2 2 101 101 676 199 2456
3015 2 2 101 101 172 728 2453
3016 2 2 101 101 202 684 2455
3017 2 2 101 101 194 664 2454
3018 2 2 101 101 186 692 2459
3019 2 2 101 101 189 660 2465
3020 2 2 101 101 1946 1948 1949
3021 2 2 101 101 659 184 2461
3022 2 2 101 101 200 727 2456
3023 2 2 101 101 651 171 2453
3024 2 2 101 101 727 201 2455
3025 2 2 101 101 724 193 2454
3026 2 2 101 101 684 203 2466
3027 2 2 101 101 694 181 2468
3028 2 2 101 101 190 191 2463
3029 2 2 101 101 192 724 2462
3030 2 2 101 101 184 185 2461
3031 2 2 101 101 172 173 728
3032 2 2 101 101 200 201 727
3033 2 2 101 101 205 206 693
3034 2 2 101 101 174 175 691
3035 2 2 101 101 192 193 724
3036 2 2 101 101 208 209 702
3037 2 2 101 101 185 186 2459
3038 2 2 101 101 189 190 660
3039 2 2 101 101 194 195 664
3040 2 2 101 101 198 199 676
3041 2 2 101 101 164 165 725
3042 2 2 101 101 170 171 651
3043 2 2 101 101 177 178 653
3044 2 2 101 101 183 184 659
3045 2 2 101 101 186 187 692
3046 2 2 101 101 188 189 2465
3047 2 2 101 101 202 203 684
3048 2 2 101 101 166 167 675
3049 2 2 101 101 168 169 726
3050 2 2 101 101 180 181 694
3051 2 2 101 101 196 197 723
3052 2 2 101 101 162 163 650
3053 2 2 101 101 199 200 2456
3054 2 2 101 101 684 2466 2467
3055 2 2 101 101 203 204 2466
3056 2 2 101 101 191 2462 2463
3057 2 2 101 101 171 172 2453
3058 2 2 101 101 201 202 2455
3059 2 2 101 101 193 194 2454
3060 2 2 101 101 1949 1948 1950
3061 2 2 101 101 655 105 2475
3062 2 2 101 101 62 685 2481
3063 2 2 101 101 82 658 2478
3064 2 2 101 101 105 106 2475
3065 2 2 101 101 181 182 2468
3066 2 2 101 101 656 2469 2470
3067 2 2 101 101 697 94 2482
3068 2 2 101 101 685 63 2480
3069 2 2 101 101 63 64 2480
3070 2 2 101 101 1949 1950 1951
3071 2 2 101 101 1951 1952 1953
3072 2 2 101 101 730 99 2476
3073 2 2 101 101 90 91 2483
3074 2 2 101 101 191 192 2462
3075 2 2 101 101 657 90 2483
3076 2 2 101 101 94 95 2482
3077 2 2 101 101 1951 1950 1952
3078 2 2 101 101 106 721 2475
3079 2 2 101 101 1953 1952 1954
3080 2 2 101 101 1949 1951 1955
3081 2 2 101 101 64 736 2480
3082 2 2 101 101 56 57 703
3083 2 2 101 101 62 63 685
3084 2 2 101 101 64 65 736
3085 2 2 101 101 66 67 673
3086 2 2 101 101 68 69 731
3087 2 2 101 101 74 75 732
3088 2 2 101 101 76 77 661
3089 2 2 101 101 78 79 2477
3090 2 2 101 101 82 83 658
3091 2 2 101 101 84 85 734
3092 2 2 101 101 89 90 657
3093 2 2 101 101 96 97 656
3094 2 2 101 101 81 82 2478
3095 2 2 101 101 86 87 695
3096 2 2 101 101 91 92 735
3097 2 2 101 101 93 94 697
3098 2 2 101 101 98 99 730
3099 2 2 101 101 100 101 678
3100 2 2 101 101 59 60 696
3101 2 2 101 101 71 72 665
3102 2 2 101 101 79 80 698
3103 2 2 101 101 102 103 733
3104 2 2 101 101 91 735 2483
3105 2 2 101 101 61 62 2481
3106 2 2 101 101 104 105 655
3107 2 2 101 101 106 107 721
3108 2 2 101 101 736 65 2484
3109 2 2 101 101 79 698 2477
3110 2 2 101 101 2471 733 2472
3111 2 2 101 101 698 2485 2486
3112 2 2 101 101 99 100 2476
3113 2 2 101 101 656 97 2469
3114 2 2 101 101 1952 1950 1977
3115 2 2 101 101 80 81 2485
3116 2 2 101 101 698 80 2485
3117 2 2 101 101 158 159 2491
3118 2 2 101 101 678 101 2471
3119 2 2 101 101 735 92 2474
3120 2 2 101 101 65 66 2484
3121 2 2 101 101 66 673 2484
3122 2 2 101 101 100 678 2476
3123 2 2 101 101 102 733 2471
3124 2 2 101 101 74 732 2473
3125 2 2 101 101 96 656 2479
3126 2 2 101 101 95 2479 2482
3127 2 2 101 101 141 142 2496
3128 2 2 101 101 81 2478 2485
3129 2 2 101 101 73 74 2473
3130 2 2 101 101 98 730 2469
3131 2 2 101 101 101 102 2471
3132 2 2 101 101 61 2481 2487
3133 2 2 101 101 93 697 2474
3134 2 2 101 101 95 96 2479
3135 2 2 101 101 156 157 2490
3136 2 2 101 101 97 98 2469
3137 2 2 101 101 696 60 2487
3138 2 2 101 101 60 61 2487
3139 2 2 101 101 138 139 2499
3140 2 2 101 101 92 93 2474
3141 2 2 101 101 130 131 674
3142 2 2 101 101 153 154 649
3143 2 2 101 101 157 158 680
3144 2 2 101 101 128 129 743
3145 2 2 101 101 134 135 647
3146 2 2 101 101 139 140 666
3147 2 2 101 101 144 145 648
3148 2 2 101 101 149 150 679
3149 2 2 101 101 155 156 742
3150 2 2 101 101 160 161 729
3151 2 2 101 101 132 133 740
3152 2 2 101 101 137 138 738
3153 2 2 101 101 142 143 739
3154 2 2 101 101 146 147 741
3155 2 2 101 101 151 152 737
3156 2 2 101 101 148 149 2498
3157 2 2 101 101 129 130 2500
3158 2 2 101 101 154 155 2497
3159 2 2 101 101 1945 1946 2506
3160 2 2 101 101 680 158 2491
3161 2 2 101 101 133 134 2494
3162 2 2 101 101 147 148 2502
3163 2 2 101 101 135 136 2492
3164 2 2 101 101 139 666 2499
3165 2 2 101 101 145 146 2489
3166 2 2 101 101 143 144 2493
3167 2 2 101 101 140 141 2495
3168 2 2 101 101 743 2500 2501
3169 2 2 101 101 152 153 2488
3170 2 2 101 101 142 739 2496
3171 2 2 101 101 157 680 2490
3172 2 2 101 101 739 143 2493
3173 2 2 101 101 150 151 2503
3174 2 2 101 101 153 649 2488
3175 2 2 101 101 2495 141 2496
3176 2 2 101 101 148 2498 2502
3177 2 2 101 101 742 156 2490
3178 2 2 101 101 648 145 2489
3179 2 2 101 101 647 135 2492
3180 2 2 101 101 649 154 2497
3181 2 2 101 101 134 647 2494
3182 2 2 101 101 130 674 2500
3183 2 2 101 101 743 129 2500
3184 2 2 101 101 159 160 2504
3185 2 2 101 101 155 742 2497
3186 2 2 101 101 740 133 2494
3187 2 2 101 101 2469 730 2505
3188 2 2 101 101 160 729 2504
3189 2 2 101 101 741 147 2502
3190 2 2 101 101 149 679 2498
3191 2 2 101 101 679 150 2503
3192 2 2 101 101 738 138 2499
3193 2 2 101 101 146 741 2489
3194 2 2 101 101 2470 2469 2505
3195 2 2 101 101 737 152 2488
3196 2 2 101 101 151 737 2503
3197 2 2 101 101 666 140 2495
3198 2 2 101 101 144 648 2493
3199 2 2 101 101 2491 159 2504
3200 2 2 101 101 1946 1949 2506
3201 2 2 101 101 1949 1955 2506
3202 2 2 101 101 1944 1882 2507
3203 2 2 101 101 1947 1944 2507
3204 2 2 101 101 1880 1914 2508
3205 2 2 101 101 1882 1880 2508
3206 2 2 101 101 2507 1882 2508
3207 2 2 101 101 818 816 2809
3208 2 2 101 101 2785 1145 3129
3209 2 2 101 101 733 103 2509
3210 2 2 101 101 104 655 2509
3211 2 2 101 101 103 104 2509
3212 2 2 101 101 2336 1862 3030
3213 2 2 101 101 1035 1033 1058
3214 2 2 101 101 885 887 888
3215 2 2 101 101 1763 1761 2516
3216 2 2 101 101 707 21 2770
3217 2 2 101 101 908 907 909
3218 2 2 101 101 907 1339 2598
3219 2 2 101 101 1594 2397 2710
3220 2 2 101 101 2083 2082 2084
3221 2 2 101 101 1044 1027 2542
3222 2 2 101 101 1451 1450 1452
3223 2 2 101 101 2936 2058 3051
3224 2 2 101 101 1625 2007 2545
3225 2 2 101 101 1936 1763 2516
3226 2 2 101 101 2307 712 2944
3227 2 2 101 101 2478 658 2726
3228 2 2 101 101 2107 2109 2113
3229 2 2 101 101 1160 1161 1162
3230 2 2 101 101 1242 2255 2800
3231 2 2 101 101 2468 182 2527
3232 2 2 101 101 183 659 2527
3233 2 2 101 101 1158 1159 1160
3234 2 2 101 101 1849 1851 2871
3235 2 2 101 101 1761 2450 2516
3236 2 2 101 101 1386 1311 1967
3237 2 2 101 101 886 1242 2802
3238 2 2 101 101 532 690 2798
3239 2 2 101 101 34 35 2577
3240 2 2 101 101 1883 1682 2576
3241 2 2 101 101 1583 1382 2574
3242 2 2 101 101 530 531 2336
3243 2 2 101 101 1630 2261 2273
3244 2 2 101 101 907 905 1339
3245 2 2 101 101 906 907 908
3246 2 2 101 101 1354 906 2540
3247 2 2 101 101 1396 1395 1397
3248 2 2 101 101 2288 1365 2555
3249 2 2 101 101 516 517 2340
3250 2 2 101 101 2248 1710 3077
3251 2 2 101 101 107 108 2445
3252 2 2 101 101 51 52 746
3253 2 2 101 101 2367 2117 2572
3254 2 2 101 101 1094 1091 1247
3255 2 2 101 101 941 939 2374
3256 2 2 101 101 1469 1468 1470
3257 2 2 101 101 945 943 952
3258 2 2 101 101 806 804 1713
3259 2 2 101 101 1908 1907 2842
3260 2 2 101 101 1095 1064 1096
3261 2 2 101 101 2064 1684 3147
3262 2 2 101 101 768 770 1168
3263 2 2 101 101 1232 1209 1352
3264 2 2 101 101 3045 2470 3063
3265 2 2 101 101 871 876 877
3266 2 2 101 101 758 760 1587
3267 2 2 101 101 777 776 2836
3268 2 2 101 101 182 183 2527
3269 2 2 101 101 502 503 745
3270 2 2 101 101 939 937 960
3271 2 2 101 101 1205 1130 1244
3272 2 2 101 101 2009 2277 3015
3273 2 2 101 101 1433 1808 2535
3274 2 2 101 101 2199 2130 2534
3275 2 2 101 101 847 843 2832
3276 2 2 101 101 1774 2289 2585
3277 2 2 101 101 1418 2284 2563
3278 2 2 101 101 813 810 901
3279 2 2 101 101 1025 1026 2356
3280 2 2 101 101 928 929 947
3281 2 2 101 101 1985 1380 2233
3282 2 2 101 101 806 1713 2521
3283 2 2 101 101 947 948 1025
3284 2 2 101 101 1300 1313 1639
3285 2 2 101 101 2064 2323 2681
3286 2 2 101 101 2175 1674 2177
3287 2 2 101 101 889 887 2653
3288 2 2 101 101 1441 1439 1442
3289 2 2 101 101 836 834 2393
3290 2 2 101 101 834 832 849
3291 2 2 101 101 2192 2193 2322
3292 2 2 101 101 871 877 2387
3293 2 2 101 101 1167 1179 1180
3294 2 2 101 101 1954 1952 2550
3295 2 2 101 101 43 44 2593
3296 2 2 101 101 1922 2838 2911
3297 2 2 101 101 941 2374 2533
3298 2 2 101 101 840 838 845
3299 2 2 101 101 979 981 982
3300 2 2 101 101 1345 1290 1554
3301 2 2 101 101 830 828 2291
3302 2 2 101 101 30 31 2571
3303 2 2 101 101 2511 883 2639
3304 2 2 101 101 1736 1830 2568
3305 2 2 101 101 787 784 1170
3306 2 2 101 101 2495 1852 2999
3307 2 2 101 101 18 19 3102
3308 2 2 101 101 779 782 2888
3309 2 2 101 101 1589 1690 1926
3310 2 2 101 101 535 536 2348
3311 2 2 101 101 2540 2301 2700
3312 2 2 101 101 1963 3095 3136
3313 2 2 101 101 1312 1385 1419
3314 2 2 101 101 2531 2598 3029
3315 2 2 101 101 2509 655 2698
3316 2 2 101 101 19 20 2582
3317 2 2 101 101 2125 2509 2698
3318 2 2 101 101 1183 1133 2283
3319 2 2 101 101 1477 1476 1478
3320 2 2 101 101 1994 1583 2574
3321 2 2 101 101 1093 2185 2186
3322 2 2 101 101 848 895 897
3323 2 2 101 101 708 32 2900
3324 2 2 101 101 1449 1448 1450
3325 2 2 101 101 841 844 1650
3326 2 2 101 101 1382 1381 1584
3327 2 2 101 101 1926 1690 2429
3328 2 2 101 101 1059 1058 1141
3329 2 2 101 101 888 889 892
3330 2 2 101 101 2232 1895 3061
3331 2 2 101 101 919 920 959
3332 2 2 101 101 168 726 2561
3333 2 2 101 101 675 167 2561
3334 2 2 101 101 2453 728 2875
3335 2 2 101 101 1123 766 1174
3336 2 2 101 101 1958 2442 2452
3337 2 2 101 101 892 893 919
3338 2 2 101 101 1142 1141 1265
3339 2 2 101 101 1063 1038 1064
3340 2 2 101 101 2477 698 2562
3341 2 2 101 101 2240 1221 2754
3342 2 2 101 101 1736 1735 1828
3343 2 2 101 101 2008 2880 2931
3344 2 2 101 101 773 772 3082
3345 2 2 101 101 1270 1231 1271
3346 2 2 101 101 1164 1165 1280
3347 2 2 101 101 828 930 2291
3348 2 2 101 101 793 791 794
3349 2 2 101 101 1723 1876 2077
3350 2 2 101 101 1053 1116 1117
3351 2 2 101 101 857 855 3119
3352 2 2 101 101 746 2135 2929
3353 2 2 101 101 2035 2580 3108
3354 2 2 101 101 1054 1028 2443
3355 2 2 101 101 2576 1682 2740
3356 2 2 101 101 2005 2801 2887
3357 2 2 101 101 1719 1957 1958
3358 2 2 101 101 1262 1861 2851
3359 2 2 101 101 801 803 850
3360 2 2 101 101 1536 1979 2801
3361 2 2 101 101 2058 2035 3108
3362 2 2 101 101 2437 1963 3136
3363 2 2 101 101 2291 930 2292
3364 2 2 101 101 1133 1134 2283
3365 2 2 101 101 1142 1265 2431
3366 2 2 101 101 748 906 1354
3367 2 2 101 101 906 905 907
3368 2 2 101 101 1710 2248 2912
3369 2 2 101 101 1587 1588 1589
3370 2 2 101 101 1101 1102 1216
3371 2 2 101 101 1485 1484 1486
3372 2 2 101 101 819 823 974
3373 2 2 101 101 1592 1673 1680
3374 2 2 101 101 965 1047 1052
3375 2 2 101 101 1520 1522 2926
3376 2 2 101 101 1099 1100 1101
3377 2 2 101 101 1216 1102 2566
3378 2 2 101 101 1086 1087 1099
3379 2 2 101 101 1048 1049 1086
3380 2 2 101 101 1022 1023 1048
3381 2 2 101 101 1794 1638 1795
3382 2 2 101 101 1017 1018 1022
3383 2 2 101 101 1014 1015 1017
3384 2 2 101 101 1012 1013 1014
3385 2 2 101 101 877 878 879
3386 2 2 101 101 946 955 1147
3387 2 2 101 101 1010 1011 1012
3388 2 2 101 101 953 952 1030
3389 2 2 101 101 1239 2303 2765
3390 2 2 101 101 2022 2021 2023
3391 2 2 101 101 2011 2010 2161
3392 2 2 101 101 1008 1009 1010
3393 2 2 101 101 1006 1007 1008
3394 2 2 101 101 1004 1005 1006
3395 2 2 101 101 879 880 882
3396 2 2 101 101 1002 1003 1004
3397 2 2 101 101 1168 1169 1172
3398 2 2 101 101 1000 1001 1002
3399 2 2 101 101 1172 1173 1253
3400 2 2 101 101 998 999 1000
3401 2 2 101 101 1408 1268 1426
3402 2 2 101 101 891 2089 2901
3403 2 2 101 101 1253 1286 1292
3404 2 2 101 101 1759 1753 1760
3405 2 2 101 101 2189 658 3017
3406 2 2 101 101 1031 1030 1128
3407 2 2 101 101 996 997 998
3408 2 2 101 101 1068 1106 1164
3409 2 2 101 101 1292 1667 1686
3410 2 2 101 101 716 2340 2518
3411 2 2 101 101 1314 1263 2522
3412 2 2 101 101 980 978 2903
3413 2 2 101 101 994 995 996
3414 2 2 101 101 503 504 2520
3415 2 2 101 101 1245 1244 1307
3416 2 2 101 101 992 993 994
3417 2 2 101 101 1952 1977 2550
3418 2 2 101 101 797 799 1186
3419 2 2 101 101 1461 2390 2732
3420 2 2 101 101 1907 1528 2537
3421 2 2 101 101 990 991 992
3422 2 2 101 101 1431 1247 1729
3423 2 2 101 101 1522 1523 1524
3424 2 2 101 101 1270 1627 2578
3425 2 2 101 101 1873 2200 2816
3426 2 2 101 101 1633 1631 1776
3427 2 2 101 101 1308 1307 1623
3428 2 2 101 101 1731 1729 2010
3429 2 2 101 101 988 989 990
3430 2 2 101 101 900 898 2806
3431 2 2 101 101 2439 2380 2753
3432 2 2 101 101 836 2393 2539
3433 2 2 101 101 1672 2003 2398
3434 2 2 101 101 986 987 988
3435 2 2 101 101 2897 816 2992
3436 2 2 101 101 1180 1181 1184
3437 2 2 101 101 504 711 2520
3438 2 2 101 101 812 817 1983
3439 2 2 101 101 715 520 2724
3440 2 2 101 101 1566 2564 2565
3441 2 2 101 101 982 983 984
3442 2 2 101 101 762 759 2983
3443 2 2 101 101 984 985 986
3444 2 2 101 101 1184 1185 1580
3445 2 2 101 101 1447 1446 1448
3446 2 2 101 101 2282 1111 2675
3447 2 2 101 101 868 869 870
3448 2 2 101 101 866 867 868
3449 2 2 101 101 864 865 866
3450 2 2 101 101 2139 2141 2142
3451 2 2 101 101 1728 1718 1742
3452 2 2 101 101 862 863 864
3453 2 2 101 101 939 960 2374
3454 2 2 101 101 1692 2232 2567
3455 2 2 101 101 860 861 862
3456 2 2 101 101 846 845 902
3457 2 2 101 101 858 859 860
3458 2 2 101 101 870 871 2387
3459 2 2 101 101 856 857 858
3460 2 2 101 101 2416 2603 2786
3461 2 2 101 101 1053 1117 2412
3462 2 2 101 101 508 509 2524
3463 2 2 101 101 903 902 936
3464 2 2 101 101 2030 1554 2031
3465 2 2 101 101 825 1412 2290
3466 2 2 101 101 110 720 2704
3467 2 2 101 101 1861 1883 2613
3468 2 2 101 101 1370 1369 1825
3469 2 2 101 101 1394 1393 1395
3470 2 2 101 101 1875 1418 2563
3471 2 2 101 101 2330 2728 2931
3472 2 2 101 101 1031 1128 2439
3473 2 2 101 101 2014 1994 2574
3474 2 2 101 101 1528 1502 2537
3475 2 2 101 101 1951 1953 2418
3476 2 2 101 101 2278 922 2512
3477 2 2 101 101 854 855 856
3478 2 2 101 101 2449 2687 2835
3479 2 2 101 101 1045 1158 2443
3480 2 2 101 101 1776 2545 2850
3481 2 2 101 101 750 2354 2592
3482 2 2 101 101 1037 963 1038
3483 2 2 101 101 1138 1237 1259
3484 2 2 101 101 1707 1409 1708
3485 2 2 101 101 1645 1854 2559
3486 2 2 101 101 1201 1132 1206
3487 2 2 101 101 177 653 2589
3488 2 2 101 101 1782 1715 2599
3489 2 2 101 101 1051 969 1103
3490 2 2 101 101 1890 2306 3072
3491 2 2 101 101 1467 1466 1468
3492 2 2 101 101 2220 1969 3079
3493 2 2 101 101 2317 695 2838
3494 2 2 101 101 852 853 854
3495 2 2 101 101 1667 1286 2839
3496 2 2 101 101 1751 1645 2559
3497 2 2 101 101 1933 1773 1956
3498 2 2 101 101 1175 1174 1289
3499 2 2 101 101 795 794 807
3500 2 2 101 101 1243 2409 2679
3501 2 2 101 101 897 898 899
3502 2 2 101 101 1909 1537 2513
3503 2 2 101 101 1560 1647 1648
3504 2 2 101 101 736 2484 2560
3505 2 2 101 101 728 2384 2875
3506 2 2 101 101 1529 1934 2871
3507 2 2 101 101 167 168 2561
3508 2 2 101 101 1535 1539 1540
3509 2 2 101 101 808 807 814
3510 2 2 101 101 828 827 930
3511 2 2 101 101 850 851 852
3512 2 2 101 101 821 820 827
3513 2 2 101 101 2355 2356 2636
3514 2 2 101 101 815 814 820
3515 2 2 101 101 1232 1352 2730
3516 2 2 101 101 1121 1122 1166
3517 2 2 101 101 1117 1118 1119
3518 2 2 101 101 1042 901 1043
3519 2 2 101 101 1339 905 2544
3520 2 2 101 101 1119 1120 1121
3521 2 2 101 101 899 900 961
3522 2 2 101 101 1028 1045 2443
3523 2 2 101 101 1377 1303 1409
3524 2 2 101 101 698 2486 2562
3525 2 2 101 101 974 975 976
3526 2 2 101 101 2453 2875 2947
3527 2 2 101 101 1261 1262 1579
3528 2 2 101 101 1639 1640 2423
3529 2 2 101 101 648 2489 2774
3530 2 2 101 101 1193 1191 1293
3531 2 2 101 101 961 1246 1261
3532 2 2 101 101 2253 675 2756
3533 2 2 101 101 1514 1515 1516
3534 2 2 101 101 1793 2239 3109
3535 2 2 101 101 674 131 2604
3536 2 2 101 101 132 740 2604
3537 2 2 101 101 1271 1692 2366
3538 2 2 101 101 834 849 2393
3539 2 2 101 101 1133 1043 1134
3540 2 2 101 101 1537 1492 2513
3541 2 2 101 101 1671 1670 1672
3542 2 2 101 101 137 738 2607
3543 2 2 101 101 2492 136 2607
3544 2 2 101 101 1445 1444 1446
3545 2 2 101 101 1473 1472 1474
3546 2 2 101 101 1574 1867 2584
3547 2 2 101 101 1668 1573 2584
3548 2 2 101 101 207 208 2608
3549 2 2 101 101 786 2300 2381
3550 2 2 101 101 2082 708 3145
3551 2 2 101 101 1669 1665 1670
3552 2 2 101 101 1052 1053 2412
3553 2 2 101 101 1475 1474 1476
3554 2 2 101 101 2203 1711 2564
3555 2 2 101 101 1427 1426 1657
3556 2 2 101 101 2863 2100 3166
3557 2 2 101 101 1641 1372 2452
3558 2 2 101 101 1664 1663 1665
3559 2 2 101 101 2191 2194 2606
3560 2 2 101 101 924 928 2512
3561 2 2 101 101 1248 2530 2861
3562 2 2 101 101 1662 1661 1663
3563 2 2 101 101 2238 2085 2843
3564 2 2 101 101 1660 1659 1661
3565 2 2 101 101 1658 1657 1659
3566 2 2 101 101 1953 2038 2418
3567 2 2 101 101 2113 2124 3170
3568 2 2 101 101 664 195 2611
3569 2 2 101 101 196 723 2611
3570 2 2 101 101 1520 1521 1522
3571 2 2 101 101 1840 1814 1841
3572 2 2 101 101 1774 2288 2289
3573 2 2 101 101 1150 1149 1223
3574 2 2 101 101 830 2291 2552
3575 2 2 101 101 922 924 2512
3576 2 2 101 101 651 2947 2967
3577 2 2 101 101 712 2316 2760
3578 2 2 101 101 1997 2376 3063
3579 2 2 101 101 1125 1124 1149
3580 2 2 101 101 2329 179 2864
3581 2 2 101 101 1085 1084 1124
3582 2 2 101 101 1331 1372 1641
3583 2 2 101 101 1204 1279 2407
3584 2 2 101 101 1083 1082 1084
3585 2 2 101 101 1179 1282 2422
3586 2 2 101 101 926 923 2972
3587 2 2 101 101 2287 2231 2859
3588 2 2 101 101 1425 1276 2815
3589 2 2 101 101 1061 1060 1082
3590 2 2 101 101 1958 1957 3100
3591 2 2 101 101 22 689 2770
3592 2 2 101 101 1443 1442 1444
3593 2 2 101 101 2203 1732 3127
3594 2 2 101 101 1040 1039 1060
3595 2 2 101 101 2202 2411 3158
3596 2 2 101 101 2144 2602 2959
3597 2 2 101 101 2422 1839 2963
3598 2 2 101 101 745 503 2520
3599 2 2 101 101 2691 824 2809
3600 2 2 101 101 936 1154 2385
3601 2 2 101 101 1388 1356 1389
3602 2 2 101 101 2042 2538 3021
3603 2 2 101 101 1328 1329 1331
3604 2 2 101 101 696 2487 2601
3605 2 2 101 101 2093 2092 2094
3606 2 2 101 101 972 971 1039
3607 2 2 101 101 1553 2026 2699
3608 2 2 101 101 1207 1206 1432
3609 2 2 101 101 1794 2363 2543
3610 2 2 101 101 1340 1301 1625
3611 2 2 101 101 1279 1375 1545
3612 2 2 101 101 1750 1753 1759
3613 2 2 101 101 1715 1845 2599
3614 2 2 101 101 1433 1432 1808
3615 2 2 101 101 2619 1685 2769
3616 2 2 101 101 2450 1752 2797
3617 2 2 101 101 1146 1234 2596
3618 2 2 101 101 2327 2326 2581
3619 2 2 101 101 1507 1542 2868
3620 2 2 101 101 2298 1788 2580
3621 2 2 101 101 1102 2209 2566
3622 2 2 101 101 1863 2118 2951
3623 2 2 101 101 1869 2091 2796
3624 2 2 101 101 970 950 971
3625 2 2 101 101 678 2471 2638
3626 2 2 101 101 2091 2090 2092
3627 2 2 101 101 1196 1194 1301
3628 2 2 101 101 2755 2104 3146
3629 2 2 101 101 1405 1404 2361
3630 2 2 101 101 1886 1887 2024
3631 2 2 101 101 1358 1361 1614
3632 2 2 101 101 1790 1896 2579
3633 2 2 101 101 2324 681 2958
3634 2 2 101 101 2219 1665 2968
3635 2 2 101 101 1768 1823 2588
3636 2 2 101 101 1848 1846 3173
3637 2 2 101 101 1530 1848 3173
3638 2 2 101 101 1788 2315 2580
3639 2 2 101 101 2393 849 2394
3640 2 2 101 101 533 534 2612
3641 2 2 101 101 2232 1693 2626
3642 2 2 101 101 1312 1419 2339
3643 2 2 101 101 2328 706 2747
3644 2 2 101 101 736 2560 2605
3645 2 2 101 101 1536 2801 2848
3646 2 2 101 101 1097 1098 1137
3647 2 2 101 101 2712 1578 2905
3648 2 2 101 101 501 502 2648
3649 2 2 101 101 2384 728 2824
3650 2 2 101 101 1512 1513 1514
3651 2 2 101 101 2117 2049 2970
3652 2 2 101 101 162 650 2670
3653 2 2 101 101 729 161 2670
3654 2 2 101 101 2358 2360 2605
3655 2 2 101 101 2466 204 2674
3656 2 2 101 101 205 693 2674
3657 2 2 101 101 2539 2396 2660
3658 2 2 101 101 2569 1021 3124
3659 2 2 101 101 1610 1612 2676
3660 2 2 101 101 1193 1293 2554
3661 2 2 101 101 2317 1668 2584
3662 2 2 101 101 1855 2619 2846
3663 2 2 101 101 2000 1579 2851
3664 2 2 101 101 1289 1771 2391
3665 2 2 101 101 1419 1420 1744
3666 2 2 101 101 2264 751 2955
3667 2 2 101 101 2690 1214 2727
3668 2 2 101 101 2234 2281 3080
3669 2 2 101 101 2066 2065 2266
3670 2 2 101 101 1744 1745 2362
3671 2 2 101 101 2078 1840 2895
3672 2 2 101 101 2352 977 2623
3673 2 2 101 101 1465 1464 1466
3674 2 2 101 101 2272 1701 2858
3675 2 2 101 101 2714 1593 3146
3676 2 2 101 101 1167 1180 2620
3677 2 2 101 101 714 524 2807
3678 2 2 101 101 1836 1818 2742
3679 2 2 101 101 2391 1933 3176
3680 2 2 101 101 2270 1377 2594
3681 2 2 101 101 2296 2510 3076
3682 2 2 101 101 1800 2525 3048
3683 2 2 101 101 1650 844 2541
3684 2 2 101 101 1260 1347 1348
3685 2 2 101 101 1019 2236 2715
3686 2 2 101 101 2294 2293 2869
3687 2 2 101 101 2164 1730 2165
3688 2 2 101 101 1846 1519 3173
3689 2 2 101 101 2148 2149 2150
3690 2 2 101 101 2231 1210 2908
3691 2 2 101 101 1709 1544 2631
3692 2 2 101 101 2886 1926 3140
3693 2 2 101 101 2028 1774 2585
3694 2 2 101 101 176 177 2589
3695 2 2 101 101 2238 2206 2725
3696 2 2 101 101 1752 1749 2698
3697 2 2 101 101 1691 1811 2595
3698 2 2 101 101 677 109 2704
3699 2 2 101 101 1340 1625 2545
3700 2 2 101 101 1095 1096 1097
3701 2 2 101 101 925 2767 2847
3702 2 2 101 101 2142 2143 2144
3703 2 2 101 101 2120 2432 2766
3704 2 2 101 101 2460 692 2738
3705 2 2 101 101 2477 1888 2811
3706 2 2 101 101 1526 1524 2420
3707 2 2 101 101 1929 2405 3027
3708 2 2 101 101 844 848 2541
3709 2 2 101 101 2222 1691 2595
3710 2 2 101 101 691 175 2719
3711 2 2 101 101 2409 1796 2410
3712 2 2 101 101 2145 2147 2148
3713 2 2 101 101 1959 2308 2622
3714 2 2 101 101 2497 742 2597
3715 2 2 101 101 1598 1271 2366
3716 2 2 101 101 1587 2299 3096
3717 2 2 101 101 2527 659 2599
3718 2 2 101 101 2032 2672 2771
3719 2 2 101 101 1263 1555 2522
3720 2 2 101 101 2446 1461 2732
3721 2 2 101 101 937 936 2385
3722 2 2 101 101 1665 2219 3164
3723 2 2 101 101 1872 1871 2601
3724 2 2 101 101 2501 2829 2920
3725 2 2 101 101 2398 2003 2659
3726 2 2 101 101 832 830 2552
3727 2 2 101 101 1040 1061 2627
3728 2 2 101 101 2210 2328 2747
3729 2 2 101 101 848 897 2541
3730 2 2 101 101 1576 1577 2379
3731 2 2 101 101 2843 2085 3025
3732 2 2 101 101 1968 1969 2220
3733 2 2 101 101 799 801 2549
3734 2 2 101 101 1186 799 2549
3735 2 2 101 101 2782 2058 3108
3736 2 2 101 101 2104 2755 3092
3737 2 2 101 101 1254 2216 3054
3738 2 2 101 101 1610 2676 3180
3739 2 2 101 101 1845 2527 2599
3740 2 2 101 101 1963 1720 3095
3741 2 2 101 101 188 2465 2738
3742 2 2 101 101 692 187 2738
3743 2 2 101 101 2271 1785 2603
3744 2 2 101 101 2291 2292 2573
3745 2 2 101 101 2085 2084 3025
3746 2 2 101 101 131 132 2604
3747 2 2 101 101 2359 1405 2361
3748 2 2 101 101 810 806 2521
3749 2 2 101 101 2480 736 2605
3750 2 2 101 101 2952 1781 3041
3751 2 2 101 101 1290 1289 2391
3752 2 2 101 101 1514 1517 3117
3753 2 2 101 101 136 137 2607
3754 2 2 101 101 2762 1896 2777
3755 2 2 101 101 2206 2310 3144
3756 2 2 101 101 1927 1926 2886
3757 2 2 101 101 2366 1692 2567
3758 2 2 101 101 1218 2863 3166
3759 2 2 101 101 208 702 2608
3760 2 2 101 101 1151 1025 2356
3761 2 2 101 101 804 800 2528
3762 2 2 101 101 885 888 2639
3763 2 2 101 101 801 850 2549
3764 2 2 101 101 2401 2499 3091
3765 2 2 101 101 1959 2622 2980
3766 2 2 101 101 1796 1795 2411
3767 2 2 101 101 2047 2048 2207
3768 2 2 101 101 2550 1977 3029
3769 2 2 101 101 683 530 2336
3770 2 2 101 101 1063 1064 1095
3771 2 2 101 101 1136 1025 1151
3772 2 2 101 101 943 941 2533
3773 2 2 101 101 1154 1156 2741
3774 2 2 101 101 716 516 2340
3775 2 2 101 101 2356 1054 2636
3776 2 2 101 101 2039 2040 3012
3777 2 2 101 101 1111 2282 2835
3778 2 2 101 101 35 709 2577
3779 2 2 101 101 748 905 906
3780 2 2 101 101 2752 1066 3098
3781 2 2 101 101 1348 1349 1568
3782 2 2 101 101 3095 1720 3134
3783 2 2 101 101 977 979 2623
3784 2 2 101 101 1892 1893 2616
3785 2 2 101 101 680 2595 2794
3786 2 2 101 101 2455 2204 3038
3787 2 2 101 101 2551 2159 2583
3788 2 2 101 101 195 196 2611
3789 2 2 101 101 2403 2271 2739
3790 2 2 101 101 2384 2383 2875
3791 2 2 101 101 1152 1151 1211
3792 2 2 101 101 1308 1623 2787
3793 2 2 101 101 2548 1932 2860
3794 2 2 101 101 1681 1680 2224
3795 2 2 101 101 1828 1829 1902
3796 2 2 101 101 126 652 2762
3797 2 2 101 101 1212 1211 1304
3798 2 2 101 101 838 836 2539
3799 2 2 101 101 1305 1304 1605
3800 2 2 101 101 1738 1908 2803
3801 2 2 101 101 1239 959 1240
3802 2 2 101 101 1748 1750 2558
3803 2 2 101 101 1606 1605 1798
3804 2 2 101 101 1071 1069 2610
3805 2 2 101 101 1362 1280 1414
3806 2 2 101 101 826 824 2691
3807 2 2 101 101 1983 817 2671
3808 2 2 101 101 1037 1038 1063
3809 2 2 101 101 2415 1892 2616
3810 2 2 101 101 849 832 2552
3811 2 2 101 101 1265 1734 1735
3812 2 2 101 101 1147 955 2682
3813 2 2 101 101 1524 1523 1538
3814 2 2 101 101 1283 1216 1284
3815 2 2 101 101 1834 1799 2518
3816 2 2 101 101 1437 1435 1438
3817 2 2 101 101 1580 2220 3079
3818 2 2 101 101 210 753 2768
3819 2 2 101 101 702 209 2768
3820 2 2 101 101 2072 1834 2121
3821 2 2 101 101 1363 1240 1364
3822 2 2 101 101 791 789 2547
3823 2 2 101 101 1699 1364 1700
3824 2 2 101 101 678 2638 3053
3825 2 2 101 101 2333 665 2949
3826 2 2 101 101 2441 780 2442
3827 2 2 101 101 931 882 932
3828 2 2 101 101 1415 1414 1723
3829 2 2 101 101 1687 1686 1862
3830 2 2 101 101 1975 1973 1976
3831 2 2 101 101 1591 1284 1592
3832 2 2 101 101 722 124 2777
3833 2 2 101 101 1522 1521 1523
3834 2 2 101 101 2385 2741 2819
3835 2 2 101 101 1244 1130 2666
3836 2 2 101 101 713 535 2348
3837 2 2 101 101 1128 1140 1198
3838 2 2 101 101 673 67 2778
3839 2 2 101 101 68 731 2778
3840 2 2 101 101 1971 1905 1972
3841 2 2 101 101 1981 1966 3109
3842 2 2 101 101 2779 1089 2903
3843 2 2 101 101 1742 1743 2210
3844 2 2 101 101 1673 2382 3072
3845 2 2 101 101 2059 1894 3135
3846 2 2 101 101 933 932 934
3847 2 2 101 101 1910 1590 1911
3848 2 2 101 101 2450 2797 2916
3849 2 2 101 101 1825 1826 2020
3850 2 2 101 101 722 2777 2788
3851 2 2 101 101 2141 2140 2524
3852 2 2 101 101 935 934 966
3853 2 2 101 101 967 966 1068
3854 2 2 101 101 1421 1302 1590
3855 2 2 101 101 1108 2227 3161
3856 2 2 101 101 1271 1315 1692
3857 2 2 101 101 669 2022 2900
3858 2 2 101 101 69 70 2782
3859 2 2 101 101 1226 1197 1302
3860 2 2 101 101 1837 2171 2991
3861 2 2 101 101 872 870 1694
3862 2 2 101 101 1766 1768 1769
3863 2 2 101 101 1524 1538 2420
3864 2 2 101 101 20 707 2582
3865 2 2 101 101 1274 2710 2815
3866 2 2 101 101 1073 1071 1139
3867 2 2 101 101 1077 1075 1214
3868 2 2 101 101 33 669 2900
3869 2 2 101 101 1259 2378 2845
3870 2 2 101 101 705 50 2929
3871 2 2 101 101 1198 1199 1263
3872 2 2 101 101 1195 1110 1197
3873 2 2 101 101 2579 1896 2762
3874 2 2 101 101 2274 2275 3131
3875 2 2 101 101 2113 2109 2705
3876 2 2 101 101 1683 1684 2064
3877 2 2 101 101 1263 1264 1555
3878 2 2 101 101 936 1148 1154
3879 2 2 101 101 1516 1515 1629
3880 2 2 101 101 1754 1921 2367
3881 2 2 101 101 746 52 2751
3882 2 2 101 101 1692 1693 2232
3883 2 2 101 101 1556 1558 1683
3884 2 2 101 101 1732 1984 2625
3885 2 2 101 101 2559 2479 3045
3886 2 2 101 101 1697 1695 1832
3887 2 2 101 101 1855 2444 2619
3888 2 2 101 101 908 910 911
3889 2 2 101 101 1220 976 1249
3890 2 2 101 101 1781 2952 3088
3891 2 2 101 101 1708 1837 1965
3892 2 2 101 101 1051 1103 2677
3893 2 2 101 101 1693 2068 2626
3894 2 2 101 101 1614 1361 2743
3895 2 2 101 101 1335 1717 1718
3896 2 2 101 101 914 912 2587
3897 2 2 101 101 2299 1587 3019
3898 2 2 101 101 1154 1155 1156
3899 2 2 101 101 1435 1433 2535
3900 2 2 101 101 1187 1188 1272
3901 2 2 101 101 1156 1157 1187
3902 2 2 101 101 1272 1273 1369
3903 2 2 101 101 207 2608 2960
3904 2 2 101 101 1672 2002 2003
3905 2 2 101 101 1559 2046 2047
3906 2 2 101 101 1803 2384 2758
3907 2 2 101 101 1733 2075 2076
3908 2 2 101 101 1694 870 2387
3909 2 2 101 101 1319 1321 1332
3910 2 2 101 101 1277 1317 1350
3911 2 2 101 101 1275 1277 2615
3912 2 2 101 101 1323 1325 1330
3913 2 2 101 101 1327 1334 1335
3914 2 2 101 101 1514 1513 1515
3915 2 2 101 101 651 2453 2947
3916 2 2 101 101 1351 1249 1560
3917 2 2 101 101 1134 1135 1176
3918 2 2 101 101 2083 2084 2085
3919 2 2 101 101 2041 1725 2043
3920 2 2 101 101 176 2589 2719
3921 2 2 101 101 44 687 2593
3922 2 2 101 101 1961 1709 2631
3923 2 2 101 101 2610 1069 2637
3924 2 2 101 101 2304 1831 2783
3925 2 2 101 101 1289 1770 1771
3926 2 2 101 101 1726 2041 2042
3927 2 2 101 101 1898 1899 2844
3928 2 2 101 101 1352 2266 2891
3929 2 2 101 101 1758 1579 1797
3930 2 2 101 101 1351 1725 1726
3931 2 2 101 101 949 909 956
3932 2 2 101 101 1393 1310 2787
3933 2 2 101 101 2067 2333 2849
3934 2 2 101 101 819 974 2671
3935 2 2 101 101 1878 2018 2019
3936 2 2 101 101 2374 960 2668
3937 2 2 101 101 1581 1285 1582
3938 2 2 101 101 2845 2011 3022
3939 2 2 101 101 2121 1834 2518
3940 2 2 101 101 1256 1193 2554
3941 2 2 101 101 662 2377 2865
3942 2 2 101 101 1174 766 2685
3943 2 2 101 101 1202 1200 2735
3944 2 2 101 101 59 696 2808
3945 2 2 101 101 1176 1215 1303
3946 2 2 101 101 1223 1285 1353
3947 2 2 101 101 1776 2381 3151
3948 2 2 101 101 1504 1505 1506
3949 2 2 101 101 31 708 2571
3950 2 2 101 101 1337 1651 1652
3951 2 2 101 101 1884 1582 1885
3952 2 2 101 101 883 885 2639
3953 2 2 101 101 661 77 2811
3954 2 2 101 101 78 2477 2811
3955 2 2 101 101 1642 1641 1877
3956 2 2 101 101 1426 1268 2673
3957 2 2 101 101 2471 2472 2638
3958 2 2 101 101 2433 743 2857
3959 2 2 101 101 1160 1162 1238
3960 2 2 101 101 1852 2943 2999
3961 2 2 101 101 1180 1258 2620
3962 2 2 101 101 1354 2540 2700
3963 2 2 101 101 1219 2640 2796
3964 2 2 101 101 1771 1772 1773
3965 2 2 101 101 1859 2370 2774
3966 2 2 101 101 965 1052 2682
3967 2 2 101 101 1651 1365 1774
3968 2 2 101 101 1996 1997 3168
3969 2 2 101 101 1625 1807 1919
3970 2 2 101 101 1510 1511 1512
3971 2 2 101 101 872 1695 1696
3972 2 2 101 101 1337 1215 1365
3973 2 2 101 101 1353 1581 1814
3974 2 2 101 101 2295 703 3047
3975 2 2 101 101 2281 2557 3080
3976 2 2 101 101 520 521 2724
3977 2 2 101 101 1166 1167 2620
3978 2 2 101 101 728 173 2824
3979 2 2 101 101 174 691 2824
3980 2 2 101 101 1878 1877 2017
3981 2 2 101 101 1283 1591 1824
3982 2 2 101 101 1696 1697 1698
3983 2 2 101 101 782 2267 2850
3984 2 2 101 101 1698 1706 1966
3985 2 2 101 101 2650 2421 2784
3986 2 2 101 101 933 935 1336
3987 2 2 101 101 967 1069 1070
3988 2 2 101 101 2075 1931 3055
3989 2 2 101 101 2300 1795 3003
3990 2 2 101 101 537 4 2955
3991 2 2 101 101 2630 1228 3089
3992 2 2 101 101 1157 1155 1594
3993 2 2 101 101 1273 1188 1274
3994 2 2 101 101 2526 1079 2690
3995 2 2 101 101 1824 1868 1869
3996 2 2 101 101 1869 2089 2090
3997 2 2 101 101 2419 739 3042
3998 2 2 101 101 2145 2148 2602
3999 2 2 101 101 502 745 2648
4000 2 2 101 101 1681 2225 2413
4001 2 2 101 101 1717 1334 1801
4002 2 2 101 101 652 2579 2762
4003 2 2 101 101 947 1025 1136
4004 2 2 101 101 2500 674 2829
4005 2 2 101 101 708 2083 2571
4006 2 2 101 101 1070 1071 1072
4007 2 2 101 101 1275 1274 1276
4008 2 2 101 101 1323 1322 1324
4009 2 2 101 101 1277 1276 1316
4010 2 2 101 101 1317 1316 1318
4011 2 2 101 101 962 963 1037
4012 2 2 101 101 2676 2464 3180
4013 2 2 101 101 1694 2388 2575
4014 2 2 101 101 1415 1724 1904
4015 2 2 101 101 1072 1073 1074
4016 2 2 101 101 1321 1320 1322
4017 2 2 101 101 1363 1699 1701
4018 2 2 101 101 1319 1318 1320
4019 2 2 101 101 1325 1324 1326
4020 2 2 101 101 1327 1326 1328
4021 2 2 101 101 1139 1071 2610
4022 2 2 101 101 1074 1075 1076
4023 2 2 101 101 1076 1077 1078
4024 2 2 101 101 2299 2052 3096
4025 2 2 101 101 1838 2691 2809
4026 2 2 101 101 1864 1639 2423
4027 2 2 101 101 1078 1079 1109
4028 2 2 101 101 1199 1140 1656
4029 2 2 101 101 1971 1973 1974
4030 2 2 101 101 2142 2141 2143
4031 2 2 101 101 2114 2412 2669
4032 2 2 101 101 1109 1110 1194
4033 2 2 101 101 1195 1226 1250
4034 2 2 101 101 1556 1264 1557
4035 2 2 101 101 2609 2012 2750
4036 2 2 101 101 2911 657 3005
4037 2 2 101 101 1421 1910 1912
4038 2 2 101 101 739 2419 2948
4039 2 2 101 101 1442 1439 2781
4040 2 2 101 101 695 87 2838
4041 2 2 101 101 1136 1152 1628
4042 2 2 101 101 805 2538 3150
4043 2 2 101 101 1279 1545 2407
4044 2 2 101 101 1130 1067 2666
4045 2 2 101 101 1822 2088 2840
4046 2 2 101 101 1904 1905 1970
4047 2 2 101 101 1212 1305 1741
4048 2 2 101 101 1558 1557 1886
4049 2 2 101 101 888 892 1333
4050 2 2 101 101 1606 1799 1833
4051 2 2 101 101 1939 1772 1940
4052 2 2 101 101 1970 1971 2618
4053 2 2 101 101 1682 1246 2740
4054 2 2 101 101 979 982 2623
4055 2 2 101 101 919 959 1239
4056 2 2 101 101 1562 1786 2254
4057 2 2 101 101 1592 1680 1681
4058 2 2 101 101 1206 1132 2677
4059 2 2 101 101 1974 1975 1986
4060 2 2 101 101 1378 1429 1562
4061 2 2 101 101 1931 1568 2686
4062 2 2 101 101 951 1266 1378
4063 2 2 101 101 917 918 950
4064 2 2 101 101 1457 1783 2881
4065 2 2 101 101 1101 1216 1283
4066 2 2 101 101 1086 1099 1219
4067 2 2 101 101 1022 1048 1056
4068 2 2 101 101 1012 1014 1126
4069 2 2 101 101 1006 1008 1020
4070 2 2 101 101 1164 1280 1362
4071 2 2 101 101 1429 1266 1430
4072 2 2 101 101 1693 1315 1838
4073 2 2 101 101 1002 1004 1217
4074 2 2 101 101 2148 2147 2149
4075 2 2 101 101 996 998 1036
4076 2 2 101 101 2071 2072 2080
4077 2 2 101 101 1091 1089 2779
4078 2 2 101 101 1833 1834 2071
4079 2 2 101 101 2217 1687 2915
4080 2 2 101 101 1966 1706 3114
4081 2 2 101 101 2144 2143 2145
4082 2 2 101 101 161 162 2670
4083 2 2 101 101 952 943 2533
4084 2 2 101 101 211 3 3002
4085 2 2 101 101 1903 1829 2015
4086 2 2 101 101 879 882 931
4087 2 2 101 101 951 918 1218
4088 2 2 101 101 2093 2095 2813
4089 2 2 101 101 990 992 1108
4090 2 2 101 101 915 916 917
4091 2 2 101 101 1789 1817 2788
4092 2 2 101 101 1496 1675 2392
4093 2 2 101 101 1694 2387 2388
4094 2 2 101 101 984 986 1024
4095 2 2 101 101 2052 756 3096
4096 2 2 101 101 2517 2175 2790
4097 2 2 101 101 1828 1735 1829
4098 2 2 101 101 2268 654 2684
4099 2 2 101 101 960 937 2385
4100 2 2 101 101 1679 1928 2118
4101 2 2 101 101 1713 2288 3024
4102 2 2 101 101 3 501 3002
4103 2 2 101 101 1506 1505 1561
4104 2 2 101 101 2570 746 2751
4105 2 2 101 101 1343 1256 1355
4106 2 2 101 101 1265 1141 1734
4107 2 2 101 101 1560 1648 2590
4108 2 2 101 101 204 205 2674
4109 2 2 101 101 1782 2599 2733
4110 2 2 101 101 1292 1686 1687
4111 2 2 101 101 1268 1241 2673
4112 2 2 101 101 1867 2428 2870
4113 2 2 101 101 973 914 2587
4114 2 2 101 101 1723 2077 2663
4115 2 2 101 101 845 838 2539
4116 2 2 101 101 817 819 2671
4117 2 2 101 101 868 870 872
4118 2 2 101 101 989 987 2734
4119 2 2 101 101 1612 1755 2676
4120 2 2 101 101 888 1333 2639
4121 2 2 101 101 2364 1017 2795
4122 2 2 101 101 862 864 890
4123 2 2 101 101 852 854 1243
4124 2 2 101 101 1729 1247 1730
4125 2 2 101 101 1713 804 2528
4126 2 2 101 101 856 858 1057
4127 2 2 101 101 179 180 2864
4128 2 2 101 101 1307 1244 1338
4129 2 2 101 101 1128 1030 1140
4130 2 2 101 101 833 1288 2645
4131 2 2 101 101 908 909 910
4132 2 2 101 101 1172 1253 1254
4133 2 2 101 101 2024 1887 2819
4134 2 2 101 101 1906 1598 2366
4135 2 2 101 101 974 976 1220
4136 2 2 101 101 916 914 973
4137 2 2 101 101 1914 1836 2742
4138 2 2 101 101 1554 1290 2391
4139 2 2 101 101 2263 1793 3109
4140 2 2 101 101 1672 1670 2002
4141 2 2 101 101 2022 2023 2082
4142 2 2 101 101 794 791 2547
4143 2 2 101 101 1657 1426 1820
4144 2 2 101 101 955 965 2682
4145 2 2 101 101 1663 1661 1721
4146 2 2 101 101 1548 1689 2898
4147 2 2 101 101 1825 1369 1826
4148 2 2 101 101 1742 1718 1743
4149 2 2 101 101 1227 1312 2339
4150 2 2 101 101 1785 1703 2617
4151 2 2 101 101 1180 1184 1258
4152 2 2 101 101 2254 1861 3154
4153 2 2 101 101 2145 2143 2146
4154 2 2 101 101 936 902 1148
4155 2 2 101 101 1132 1051 2677
4156 2 2 101 101 1277 1350 2615
4157 2 2 101 101 654 747 748
4158 2 2 101 101 1271 1231 1315
4159 2 2 101 101 732 75 2877
4160 2 2 101 101 76 661 2877
4161 2 2 101 101 2149 2147 2151
4162 2 2 101 101 1095 1097 1221
4163 2 2 101 101 901 810 2521
4164 2 2 101 101 2388 2387 2643
4165 2 2 101 101 1432 1206 1890
4166 2 2 101 101 2094 2092 2096
4167 2 2 101 101 2154 2334 2880
4168 2 2 101 101 1494 1495 1496
4169 2 2 101 101 2665 2050 2997
4170 2 2 101 101 1518 1516 2591
4171 2 2 101 101 827 820 842
4172 2 2 101 101 766 763 2685
4173 2 2 101 101 814 807 1222
4174 2 2 101 101 1708 1409 1837
4175 2 2 101 101 2183 726 3044
4176 2 2 101 101 1119 1121 1171
4177 2 2 101 101 1711 1964 2564
4178 2 2 101 101 1516 1629 2591
4179 2 2 101 101 1136 1151 1152
4180 2 2 101 101 748 747 905
4181 2 2 101 101 1052 2412 2438
4182 2 2 101 101 3112 1990 3123
4183 2 2 101 101 793 795 3083
4184 2 2 101 101 2394 849 2395
4185 2 2 101 101 1887 2668 2819
4186 2 2 101 101 1629 1515 1791
4187 2 2 101 101 1625 1301 1807
4188 2 2 101 101 1134 1043 1135
4189 2 2 101 101 962 956 963
4190 2 2 101 101 1223 1149 1285
4191 2 2 101 101 1496 1495 1675
4192 2 2 101 101 2474 2816 2841
4193 2 2 101 101 2047 2046 2048
4194 2 2 101 101 787 1170 2922
4195 2 2 101 101 1152 1211 1212
4196 2 2 101 101 1331 1641 1642
4197 2 2 101 101 1084 1082 1225
4198 2 2 101 101 899 961 1111
4199 2 2 101 101 1681 2224 2225
4200 2 2 101 101 725 165 2889
4201 2 2 101 101 166 675 2889
4202 2 2 101 101 1212 1304 1305
4203 2 2 101 101 1305 1605 1606
4204 2 2 101 101 2636 1054 2913
4205 2 2 101 101 1289 1174 1770
4206 2 2 101 101 1523 1521 1756
4207 2 2 101 101 1750 1759 2558
4208 2 2 101 101 1261 1579 1758
4209 2 2 101 101 2562 2486 2898
4210 2 2 101 101 1606 1798 1799
4211 2 2 101 101 1239 1240 1363
4212 2 2 101 101 2164 2165 2166
4213 2 2 101 101 1589 1926 1927
4214 2 2 101 101 1337 1652 2657
4215 2 2 101 101 1741 2399 3172
4216 2 2 101 101 1544 1540 1677
4217 2 2 101 101 2153 2151 2154
4218 2 2 101 101 1283 1284 1591
4219 2 2 101 101 2397 2395 2822
4220 2 2 101 101 2428 2427 2964
4221 2 2 101 101 1363 1364 1699
4222 2 2 101 101 1060 1039 1062
4223 2 2 101 101 1699 1700 2178
4224 2 2 101 101 1362 1414 1415
4225 2 2 101 101 2410 1796 2411
4226 2 2 101 101 1415 1723 1724
4227 2 2 101 101 1971 1972 1973
4228 2 2 101 101 1988 2975 3033
4229 2 2 101 101 2787 1623 2905
4230 2 2 101 101 704 2 2764
4231 2 2 101 101 2640 1824 2796
4232 2 2 101 101 2599 659 2733
4233 2 2 101 101 931 932 933
4234 2 2 101 101 1733 1568 1931
4235 2 2 101 101 1629 1791 1897
4236 2 2 101 101 2362 1748 2558
4237 2 2 101 101 1902 1829 1903
4238 2 2 101 101 2638 1999 3053
4239 2 2 101 101 739 2493 3042
4240 2 2 101 101 933 934 935
4241 2 2 101 101 935 966 967
4242 2 2 101 101 967 1068 1069
4243 2 2 101 101 2395 849 2552
4244 2 2 101 101 1654 1411 2630
4245 2 2 101 101 649 2497 2892
4246 2 2 101 101 1749 2125 2698
4247 2 2 101 101 1498 1496 2392
4248 2 2 101 101 1727 2511 2621
4249 2 2 101 101 1383 1716 2994
4250 2 2 101 101 1381 1235 2730
4251 2 2 101 101 47 699 3006
4252 2 2 101 101 1887 2713 3059
4253 2 2 101 101 1411 1296 2630
4254 2 2 101 101 89 657 2911
4255 2 2 101 101 2310 663 3144
4256 2 2 101 101 2049 2045 2970
4257 2 2 101 101 872 1694 1695
4258 2 2 101 101 2156 2158 2767
4259 2 2 101 101 1764 1766 2658
4260 2 2 101 101 1421 1590 1910
4261 2 2 101 101 2046 2045 2049
4262 2 2 101 101 1226 1302 1421
4263 2 2 101 101 734 85 2917
4264 2 2 101 101 86 695 2917
4265 2 2 101 101 2488 649 2887
4266 2 2 101 101 1195 1197 1226
4267 2 2 101 101 2334 672 2880
4268 2 2 101 101 1198 1140 1199
4269 2 2 101 101 679 2305 2803
4270 2 2 101 101 1897 1791 2079
4271 2 2 101 101 1220 1249 1351
4272 2 2 101 101 1338 1244 2666
4273 2 2 101 101 2555 1135 2695
4274 2 2 101 101 109 110 2704
4275 2 2 101 101 2572 2117 2970
4276 2 2 101 101 1520 1518 1521
4277 2 2 101 101 1255 1344 2729
4278 2 2 101 101 2414 2415 2773
4279 2 2 101 101 2020 1826 2021
4280 2 2 101 101 2496 739 2948
4281 2 2 101 101 2608 2063 2960
4282 2 2 101 101 1263 1199 1264
4283 2 2 101 101 2003 2002 2087
4284 2 2 101 101 1351 1560 1725
4285 2 2 101 101 1555 1264 1556
4286 2 2 101 101 1683 1558 1684
4287 2 2 101 101 1692 1315 1693
4288 2 2 101 101 1726 1725 2041
4289 2 2 101 101 2374 2668 2919
4290 2 2 101 101 2249 2248 3077
4291 2 2 101 101 659 2461 2733
4292 2 2 101 101 737 2488 2707
4293 2 2 101 101 1154 1148 1155
4294 2 2 101 101 1824 1591 1868
4295 2 2 101 101 1272 1188 1273
4296 2 2 101 101 1156 1155 1157
4297 2 2 101 101 1187 1157 1188
4298 2 2 101 101 1869 1868 2089
4299 2 2 101 101 2315 2313 2950
4300 2 2 101 101 1968 1269 1969
4301 2 2 101 101 1335 1334 1717
4302 2 2 101 101 1696 1695 1697
4303 2 2 101 101 699 2066 3006
4304 2 2 101 101 1070 1069 1071
4305 2 2 101 101 2145 2146 2147
4306 2 2 101 101 1681 2413 2692
4307 2 2 101 101 1703 1613 1935
4308 2 2 101 101 696 2601 2954
4309 2 2 101 101 1698 1697 1706
4310 2 2 101 101 2149 2151 2153
4311 2 2 101 101 1072 1071 1073
4312 2 2 101 101 1904 1724 1905
4313 2 2 101 101 1915 2189 2964
4314 2 2 101 101 1974 1973 1975
4315 2 2 101 101 1074 1073 1075
4316 2 2 101 101 1076 1075 1077
4317 2 2 101 101 1833 1799 1834
4318 2 2 101 101 1078 1077 1079
4319 2 2 101 101 1970 1905 1971
4320 2 2 101 101 2413 2225 2653
4321 2 2 101 101 1176 1135 1215
4322 2 2 101 101 1581 1582 1884
4323 2 2 101 101 1109 1079 1110
4324 2 2 101 101 2071 1834 2072
4325 2 2 101 101 2080 2072 2081
4326 2 2 101 101 1919 1807 1920
4327 2 2 101 101 1733 1931 2075
4328 2 2 101 101 1235 1232 2730
4329 2 2 101 101 665 72 2949
4330 2 2 101 101 73 2473 2949
4331 2 2 101 101 1986 1975 1987
4332 2 2 101 101 2631 1544 3123
4333 2 2 101 101 1502 1503 1504
4334 2 2 101 101 2768 753 2990
4335 2 2 101 101 1303 1215 1337
4336 2 2 101 101 1513 1511 1842
4337 2 2 101 101 1037 1063 1105
4338 2 2 101 101 1642 1877 1878
4339 2 2 101 101 1353 1285 1581
4340 2 2 101 101 1194 1110 1195
4341 2 2 101 101 1769 1768 2588
4342 2 2 101 101 1832 1695 2575
4343 2 2 101 101 1273 1274 1275
4344 2 2 101 101 1277 1316 1317
4345 2 2 101 101 1275 1276 1277
4346 2 2 101 101 2614 2057 3165
4347 2 2 101 101 1317 1318 1319
4348 2 2 101 101 1321 1322 1323
4349 2 2 101 101 1337 1365 1651
4350 2 2 101 101 1878 2017 2018
4351 2 2 101 101 1319 1320 1321
4352 2 2 101 101 693 206 2960
4353 2 2 101 101 1556 1557 1558
4354 2 2 101 101 1717 1801 2057
4355 2 2 101 101 1323 1324 1325
4356 2 2 101 101 1651 1774 2028
4357 2 2 101 101 2348 751 2886
4358 2 2 101 101 808 2070 2953
4359 2 2 101 101 1325 1326 1327
4360 2 2 101 101 1693 1838 2068
4361 2 2 101 101 1327 1328 1334
4362 2 2 101 101 2310 2206 3013
4363 2 2 101 101 683 2336 3030
4364 2 2 101 101 1584 1737 2009
4365 2 2 101 101 2245 1667 2716
4366 2 2 101 101 175 176 2719
4367 2 2 101 101 1903 2015 2016
4368 2 2 101 101 2426 1056 2856
4369 2 2 101 101 1850 1852 2948
4370 2 2 101 101 1532 1526 2746
4371 2 2 101 101 647 2492 2927
4372 2 2 101 101 1870 1960 2974
4373 2 2 101 101 2455 684 2981
4374 2 2 101 101 2883 2096 3097
4375 2 2 101 101 1971 1974 2618
4376 2 2 101 101 2025 2708 3115
4377 2 2 101 101 708 2900 3145
4378 2 2 101 101 2376 1967 2907
4379 2 2 101 101 21 22 2770
4380 2 2 101 101 1711 1654 1812
4381 2 2 101 101 741 2502 2722
4382 2 2 101 101 1771 1770 1772
4383 2 2 101 101 2154 2151 3065
4384 2 2 101 101 2103 1107 3031
4385 2 2 101 101 1633 1776 3151
4386 2 2 101 101 1143 1145 2785
4387 2 2 101 101 1773 1772 1939
4388 2 2 101 101 1351 1726 2820
4389 2 2 101 101 2944 1929 3027
4390 2 2 101 101 971 950 2609
4391 2 2 101 101 974 1220 2671
4392 2 2 101 101 738 2499 2977
4393 2 2 101 101 1260 1348 2723
4394 2 2 101 101 1751 2559 3045
4395 2 2 101 101 2144 2145 2602
4396 2 2 101 101 1801 1334 2664
4397 2 2 101 101 2598 1339 3029
4398 2 2 101 101 2132 2547 2922
4399 2 2 101 101 1562 1429 1786
4400 2 2 101 101 2613 2012 3154
4401 2 2 101 101 658 83 3017
4402 2 2 101 101 84 734 3017
4403 2 2 101 101 1820 1426 2673
4404 2 2 101 101 1613 1611 2644
4405 2 2 101 101 1010 2517 2790
4406 2 2 101 101 1817 1835 2826
4407 2 2 101 101 1695 1694 2575
4408 2 2 101 101 2836 776 2969
4409 2 2 101 101 950 918 951
4410 2 2 101 101 1990 1989 3123
4411 2 2 101 101 2730 1352 2891
4412 2 2 101 101 2387 877 2643
4413 2 2 101 101 917 916 918
4414 2 2 101 101 1177 1916 2885
4415 2 2 101 101 2043 1725 2590
4416 2 2 101 101 2529 1080 2957
4417 2 2 101 101 687 2250 3085
4418 2 2 101 101 170 651 3044
4419 2 2 101 101 726 169 3044
4420 2 2 101 101 2984 1217 3132
4421 2 2 101 101 2479 656 3045
4422 2 2 101 101 703 57 3047
4423 2 2 101 101 1378 1266 1429
4424 2 2 101 101 2464 2463 3134
4425 2 2 101 101 2001 1619 2996
4426 2 2 101 101 860 2548 2860
4427 2 2 101 101 70 71 3051
4428 2 2 101 101 1866 1552 3009
4429 2 2 101 101 998 1000 2632
4430 2 2 101 101 2898 2486 3009
4431 2 2 101 101 1770 1174 2685
4432 2 2 101 101 2485 2478 3118
4433 2 2 101 101 730 2476 3111
4434 2 2 101 101 51 746 2929
4435 2 2 101 101 1689 2562 2898
4436 2 2 101 101 951 1218 1266
4437 2 2 101 101 1015 1013 2776
4438 2 2 101 101 2788 1817 2826
4439 2 2 101 101 1052 2438 2682
4440 2 2 101 101 1742 2210 2747
4441 2 2 101 101 2 113 3057
4442 2 2 101 101 992 994 2634
4443 2 2 101 101 2239 890 3000
4444 2 2 101 101 1989 2631 3123
4445 2 2 101 101 1318 1316 2737
4446 2 2 101 101 2193 2606 2914
4447 2 2 101 101 752 2570 2751
4448 2 2 101 101 2196 749 2810
4449 2 2 101 101 2443 1158 2629
4450 2 2 101 101 2074 1874 2928
4451 2 2 101 101 1195 1250 2662
4452 2 2 101 101 2986 704 3105
4453 2 2 101 101 1390 1389 2667
4454 2 2 101 101 1784 1782 2733
4455 2 2 101 101 1685 2587 2921
4456 2 2 101 101 2821 2287 2859
4457 2 2 101 101 2265 778 2989
4458 2 2 101 101 1153 2287 2821
4459 2 2 101 101 1568 1569 2686
4460 2 2 101 101 2209 2208 2789
4461 2 2 101 101 1683 2064 2681
4462 2 2 101 101 2518 1799 2728
4463 2 2 101 101 2138 2137 2139
4464 2 2 101 101 1649 1639 1864
4465 2 2 101 101 1361 1621 2743
4466 2 2 101 101 1266 1218 2600
4467 2 2 101 101 1737 1381 2730
4468 2 2 101 101 1521 1518 2591
4469 2 2 101 101 1890 1206 2677
4470 2 2 101 101 1158 1160 2629
4471 2 2 101 101 1938 1617 3033
4472 2 2 101 101 2012 1562 3154
4473 2 2 101 101 2382 2893 3072
4474 2 2 101 101 1339 2550 3029
4475 2 2 101 101 1828 1902 2830
4476 2 2 101 101 1138 1259 2845
4477 2 2 101 101 1754 1863 1921
4478 2 2 101 101 1539 1532 2746
4479 2 2 101 101 915 914 916
4480 2 2 101 101 187 188 2738
4481 2 2 101 101 2126 2054 2756
4482 2 2 101 101 2205 2238 3073
4483 2 2 101 101 1724 1723 2663
4484 2 2 101 101 1214 1075 2689
4485 2 2 101 101 2603 1785 2786
4486 2 2 101 101 2109 2111 2705
4487 2 2 101 101 1653 2467 3035
4488 2 2 101 101 1720 1608 3180
4489 2 2 101 101 707 2586 3046
4490 2 2 101 101 1058 2439 2753
4491 2 2 101 101 1649 2137 2138
4492 2 2 101 101 2595 1811 2794
4493 2 2 101 101 2525 2448 3048
4494 2 2 101 101 913 914 915
4495 2 2 101 101 2337 1561 2912
4496 2 2 101 101 686 2338 3169
4497 2 2 101 101 1430 1266 2600
4498 2 2 101 101 928 947 2633
4499 2 2 101 101 1959 2980 3161
4500 2 2 101 101 1184 1580 2651
4501 2 2 101 101 2512 928 2633
4502 2 2 101 101 2293 2223 2869
4503 2 2 101 101 1545 1546 2717
4504 2 2 101 101 1259 1260 2723
4505 2 2 101 101 2305 1738 2803
4506 2 2 101 101 1068 1164 2637
4507 2 2 101 101 2335 2038 3163
4508 2 2 101 101 1725 1560 2590
4509 2 2 101 101 1611 1609 1714
4510 2 2 101 101 4 494 2955
4511 2 2 101 101 1974 1986 2727
4512 2 2 101 101 1099 1101 2640
4513 2 2 101 101 1004 1006 2641
4514 2 2 101 101 1535 1532 1539
4515 2 2 101 101 2638 2472 3086
4516 2 2 101 101 1407 2173 2804
4517 2 2 101 101 1512 1511 1513
4518 2 2 101 101 982 984 2646
4519 2 2 101 101 854 856 2647
4520 2 2 101 101 877 879 2643
4521 2 2 101 101 2256 2257 3097
4522 2 2 101 101 1041 2207 3125
4523 2 2 101 101 2092 2090 2654
4524 2 2 101 101 1376 1278 3162
4525 2 2 101 101 2 2592 2764
4526 2 2 101 101 2327 2581 3028
4527 2 2 101 101 866 868 2650
4528 2 2 101 101 2590 1648 2659
4529 2 2 101 101 1999 1998 3053
4530 2 2 101 101 1506 1561 2772
4531 2 2 101 101 1319 1332 2693
4532 2 2 101 101 2449 2541 2687
4533 2 2 101 101 1323 1330 2694
4534 2 2 101 101 1661 1659 2656
4535 2 2 101 101 1327 1335 2696
4536 2 2 101 101 2489 741 3084
4537 2 2 101 101 1762 1764 2069
4538 2 2 101 101 716 2518 2728
4539 2 2 101 101 1 54 3018
4540 2 2 101 101 2412 1117 2669
4541 2 2 101 101 2524 686 2833
4542 2 2 101 101 1934 1514 3117
4543 2 2 101 101 1275 2615 2701
4544 2 2 101 101 2009 1737 2065
4545 2 2 101 101 2432 1168 2766
4546 2 2 101 101 2794 2260 3121
4547 2 2 101 101 2 704 3036
4548 2 2 101 101 1348 1733 2723
4549 2 2 101 101 1253 1292 2649
4550 2 2 101 101 53 1 3018
4551 2 2 101 101 1007 1005 2792
4552 2 2 101 101 1492 1493 1494
4553 2 2 101 101 494 2264 2955
4554 2 2 101 101 1505 1503 1710
4555 2 2 101 101 1301 1194 2662
4556 2 2 101 101 2810 18 3102
4557 2 2 101 101 1103 969 2814
4558 2 2 101 101 2516 2450 2916
4559 2 2 101 101 1910 1911 2716
4560 2 2 101 101 1827 2414 2773
4561 2 2 101 101 1551 1553 2699
4562 2 2 101 101 1659 1657 2661
4563 2 2 101 101 1030 952 2655
4564 2 2 101 101 666 2999 3091
4565 2 2 101 101 2816 2200 2841
4566 2 2 101 101 2573 1425 2822
4567 2 2 101 101 902 845 2660
4568 2 2 101 101 2188 2906 3133
4569 2 2 101 101 850 852 2679
4570 2 2 101 101 1328 1331 2664
4571 2 2 101 101 2075 3055 3126
4572 2 2 101 101 2826 1835 2874
4573 2 2 101 101 1795 2300 3158
4574 2 2 101 101 1409 1303 2657
4575 2 2 101 101 2054 2253 2756
4576 2 2 101 101 1649 1864 2137
4577 2 2 101 101 2187 1112 3055
4578 2 2 101 101 820 814 2665
4579 2 2 101 101 1582 1285 2672
4580 2 2 101 101 2442 780 2836
4581 2 2 101 101 748 1354 2684
4582 2 2 101 101 2399 1942 3172
4583 2 2 101 101 951 1378 2609
4584 2 2 101 101 1117 1119 2669
4585 2 2 101 101 2395 2573 2822
4586 2 2 101 101 1149 1124 2672
4587 2 2 101 101 1495 1493 1787
4588 2 2 101 101 1530 1520 2926
4589 2 2 101 101 1940 1772 2825
4590 2 2 101 101 2038 2335 3155
4591 2 2 101 101 1185 1295 2896
4592 2 2 101 101 1556 1683 2775
4593 2 2 101 101 747 2 3036
4594 2 2 101 101 1798 2008 2931
4595 2 2 101 101 807 794 2683
4596 2 2 101 101 1917 2442 2836
4597 2 2 101 101 52 53 2751
4598 2 2 101 101 2319 1803 2758
4599 2 2 101 101 702 2389 3160
4600 2 2 101 101 524 525 2807
4601 2 2 101 101 700 2137 3039
4602 2 2 101 101 672 2330 2931
4603 2 2 101 101 695 2317 2870
4604 2 2 101 101 1609 1390 2667
4605 2 2 101 101 1596 1989 1990
4606 2 2 101 101 872 1696 2650
4607 2 2 101 101 961 1261 2675
4608 2 2 101 101 1942 2902 3050
4609 2 2 101 101 2861 2530 2987
4610 2 2 101 101 897 899 2687
4611 2 2 101 101 1488 1489 1490
4612 2 2 101 101 1809 2051 2793
4613 2 2 101 101 2345 745 3016
4614 2 2 101 101 531 532 2798
4615 2 2 101 101 1069 1068 2637
4616 2 2 101 101 1283 1824 2640
4617 2 2 101 101 1825 2020 2879
4618 2 2 101 101 1831 2304 3092
4619 2 2 101 101 1402 1403 1404
4620 2 2 101 101 125 126 2762
4621 2 2 101 101 1082 1060 2680
4622 2 2 101 101 1746 2553 3086
4623 2 2 101 101 2199 1912 2995
4624 2 2 101 101 1592 1681 2692
4625 2 2 101 101 2406 1621 3056
4626 2 2 101 101 813 1042 3110
4627 2 2 101 101 1428 1653 3035
4628 2 2 101 101 967 1070 2703
4629 2 2 101 101 1274 1188 2710
4630 2 2 101 101 1073 1139 2689
4631 2 2 101 101 1077 1214 2690
4632 2 2 101 101 1655 2204 3157
4633 2 2 101 101 1835 1879 2874
4634 2 2 101 101 2423 2344 2910
4635 2 2 101 101 1656 1140 2655
4636 2 2 101 101 1977 1950 2854
4637 2 2 101 101 1756 1521 2591
4638 2 2 101 101 1231 826 2691
4639 2 2 101 101 2646 1024 3012
4640 2 2 101 101 1136 1628 2633
4641 2 2 101 101 1591 1592 2692
4642 2 2 101 101 1008 1010 2790
4643 2 2 101 101 1954 2544 2986
4644 2 2 101 101 2248 2337 2912
4645 2 2 101 101 1355 1256 2554
4646 2 2 101 101 2829 674 3149
4647 2 2 101 101 1043 901 2695
4648 2 2 101 101 1557 1264 2713
4649 2 2 101 101 2547 789 2922
4650 2 2 101 101 1482 1483 1484
4651 2 2 101 101 1711 1812 1964
4652 2 2 101 101 2588 1153 2821
4653 2 2 101 101 950 951 2609
4654 2 2 101 101 125 2762 2777
4655 2 2 101 101 694 2309 2878
4656 2 2 101 101 1230 2578 2941
4657 2 2 101 101 1856 1855 2846
4658 2 2 101 101 2171 1081 2991
4659 2 2 101 101 1852 1847 2943
4660 2 2 101 101 1160 1238 2629
4661 2 2 101 101 209 210 2768
4662 2 2 101 101 1621 1620 3056
4663 2 2 101 101 2876 2437 3136
4664 2 2 101 101 1930 1742 2747
4665 2 2 101 101 1039 971 2750
4666 2 2 101 101 1897 2079 2734
4667 2 2 101 101 2549 850 2679
4668 2 2 101 101 2251 1903 3014
4669 2 2 101 101 2017 1877 2969
4670 2 2 101 101 2094 2096 2883
4671 2 2 101 101 1606 1833 2708
4672 2 2 101 101 1212 1741 2709
4673 2 2 101 101 2330 716 2728
4674 2 2 101 101 1303 1337 2657
4675 2 2 101 101 2564 1964 2565
4676 2 2 101 101 1316 1425 2737
4677 2 2 101 101 2708 1833 3115
4678 2 2 101 101 1462 1460 1463
4679 2 2 101 101 1194 1195 2662
4680 2 2 101 101 1036 998 2632
4681 2 2 101 101 1826 1369 2701
4682 2 2 101 101 1332 1321 2694
4683 2 2 101 101 1350 1317 2693
4684 2 2 101 101 2567 2232 3061
4685 2 2 101 101 1330 1325 2696
4686 2 2 101 101 1424 1564 1781
4687 2 2 101 101 1858 1859 2774
4688 2 2 101 101 1862 1686 3030
4689 2 2 101 101 1334 1328 2664
4690 2 2 101 101 2370 2369 2942
4691 2 2 101 101 2541 897 2687
4692 2 2 101 101 1108 992 2634
4693 2 2 101 101 2165 2779 2903
4694 2 2 101 101 2262 1635 3114
4695 2 2 101 101 1838 1315 2691
4696 2 2 101 101 2592 2354 2764
4697 2 2 101 101 947 1136 2633
4698 2 2 101 101 1734 2532 3138
4699 2 2 101 101 2498 679 2803
4700 2 2 101 101 1369 1273 2701
4701 2 2 101 101 1962 2536 3106
4702 2 2 101 101 1402 1400 1403
4703 2 2 101 101 1097 1137 2754
4704 2 2 101 101 1251 2416 2786
4705 2 2 101 101 2597 742 3121
4706 2 2 101 101 1291 1345 3165
4707 2 2 101 101 2371 1298 2852
4708 2 2 101 101 124 125 2777
4709 2 2 101 101 1017 1022 2795
4710 2 2 101 101 2874 1879 2918
4711 2 2 101 101 2871 1934 2904
4712 2 2 101 101 753 2648 2990
4713 2 2 101 101 1733 2076 2723
4714 2 2 101 101 2385 1154 2741
4715 2 2 101 101 2767 1841 2847
4716 2 2 101 101 1841 2312 2932
4717 2 2 101 101 2516 2916 3034
4718 2 2 101 101 1164 1362 2637
4719 2 2 101 101 1219 1099 2640
4720 2 2 101 101 2777 1896 2788
4721 2 2 101 101 1217 1004 2641
4722 2 2 101 101 67 68 2778
4723 2 2 101 101 1101 1283 2640
4724 2 2 101 101 795 808 2953
4725 2 2 101 101 1006 1020 2641
4726 2 2 101 101 1549 1551 1843
4727 2 2 101 101 2377 1987 2865
4728 2 2 101 101 1559 2047 2763
4729 2 2 101 101 1760 1762 2652
4730 2 2 101 101 1572 1570 2749
4731 2 2 101 101 1358 1614 2596
4732 2 2 101 101 960 2385 2819
4733 2 2 101 101 3103 2714 3146
4734 2 2 101 101 1438 1435 2535
4735 2 2 101 101 984 1024 2646
4736 2 2 101 101 892 919 2765
4737 2 2 101 101 879 931 2643
4738 2 2 101 101 1911 1929 2760
4739 2 2 101 101 1878 2019 2855
4740 2 2 101 101 2409 2410 2934
4741 2 2 101 101 1243 854 2647
4742 2 2 101 101 2803 1908 3143
4743 2 2 101 101 2096 2092 2654
4744 2 2 101 101 731 69 2782
4745 2 2 101 101 856 1057 2647
4746 2 2 101 101 868 872 2650
4747 2 2 101 101 1389 1356 2914
4748 2 2 101 101 2878 2309 2906
4749 2 2 101 101 1991 1603 1992
4750 2 2 101 101 1629 1897 2956
4751 2 2 101 101 1721 1661 2656
4752 2 2 101 101 2623 982 2646
4753 2 2 101 101 2375 2192 3078
4754 2 2 101 101 1584 2009 2736
4755 2 2 101 101 1257 2371 2961
4756 2 2 101 101 1252 2107 3170
4757 2 2 101 101 1258 1184 2651
4758 2 2 101 101 1752 2698 2797
4759 2 2 101 101 1482 1480 1483
4760 2 2 101 101 1292 1687 2649
4761 2 2 101 101 852 1243 2679
4762 2 2 101 101 2146 2833 3169
4763 2 2 101 101 1336 935 2703
4764 2 2 101 101 1657 1820 2661
4765 2 2 101 101 1254 1253 2649
4766 2 2 101 101 2741 2024 2819
4767 2 2 101 101 1462 1463 1464
4768 2 2 101 101 975 823 3179
4769 2 2 101 101 2553 1999 3086
4770 2 2 101 101 2262 3114 3171
4771 2 2 101 101 2943 2402 2999
4772 2 2 101 101 2678 1103 2814
4773 2 2 101 101 1140 1030 2655
4774 2 2 101 101 1157 1594 2710
4775 2 2 101 101 1559 2045 2046
4776 2 2 101 101 1233 2246 2899
4777 2 2 101 101 1807 1301 2662
4778 2 2 101 101 2716 1911 2761
4779 2 2 101 101 1460 1454 2688
4780 2 2 101 101 1148 902 2660
4781 2 2 101 101 952 2533 2655
4782 2 2 101 101 1837 1409 2657
4783 2 2 101 101 2601 1871 3020
4784 2 2 101 101 814 1222 2665
4785 2 2 101 101 1455 1457 2881
4786 2 2 101 101 1976 1973 3004
4787 2 2 101 101 842 820 2665
4788 2 2 101 101 1705 2712 2752
4789 2 2 101 101 1331 1642 2664
4790 2 2 101 101 1221 2642 2706
4791 2 2 101 101 758 1587 3096
4792 2 2 101 101 1063 1095 2706
4793 2 2 101 101 1896 1789 2788
4794 2 2 101 101 2429 713 3140
4795 2 2 101 101 1199 1656 2713
4796 2 2 101 101 2606 1389 2914
4797 2 2 101 101 1628 1152 2709
4798 2 2 101 101 1741 1305 2708
4799 2 2 101 101 1766 1769 2658
4800 2 2 101 101 1119 1171 2669
4801 2 2 101 101 1795 1638 3003
4802 2 2 101 101 1866 3009 3118
4803 2 2 101 101 1578 1393 2787
4804 2 2 101 101 845 2539 2660
4805 2 2 101 101 1907 2537 2868
4806 2 2 101 101 1222 807 2683
4807 2 2 101 101 1407 2804 2883
4808 2 2 101 101 1754 1471 1863
4809 2 2 101 101 1285 1149 2672
4810 2 2 101 101 1569 1596 2686
4811 2 2 101 101 778 779 2888
4812 2 2 101 101 1415 1904 2837
4813 2 2 101 101 1333 892 2765
4814 2 2 101 101 2474 697 2816
4815 2 2 101 101 1526 2420 2746
4816 2 2 101 101 2581 715 3174
4817 2 2 101 101 1700 2025 3115
4818 2 2 101 101 2264 744 3060
4819 2 2 101 101 1124 1084 2771
4820 2 2 101 101 1221 1097 2754
4821 2 2 101 101 1429 1430 2718
4822 2 2 101 101 2282 1800 2835
4823 2 2 101 101 1603 1601 2697
4824 2 2 101 101 1111 961 2675
4825 2 2 101 101 794 2547 2683
4826 2 2 101 101 1218 918 2863
4827 2 2 101 101 1261 1758 2675
4828 2 2 101 101 919 1239 2765
4829 2 2 101 101 1832 2575 2745
4830 2 2 101 101 899 1111 2687
4831 2 2 101 101 1332 2694 2843
4832 2 2 101 101 1141 1058 2753
4833 2 2 101 101 1225 1082 2680
4834 2 2 101 101 1203 1118 2872
4835 2 2 101 101 890 2784 3000
4836 2 2 101 101 2582 707 3046
4837 2 2 101 101 1247 1091 2779
4838 2 2 101 101 664 2616 2876
4839 2 2 101 101 1060 1062 2680
4840 2 2 101 101 858 860 2860
4841 2 2 101 101 1208 2854 2867
4842 2 2 101 101 2490 680 2794
4843 2 2 101 101 1075 1073 2689
4844 2 2 101 101 1135 1043 2695
4845 2 2 101 101 2392 2249 3077
4846 2 2 101 101 1368 1294 2963
4847 2 2 101 101 1079 1077 2690
4848 2 2 101 101 2569 1791 2831
4849 2 2 101 101 2179 2180 3049
4850 2 2 101 101 2004 2284 3162
4851 2 2 101 101 2624 1815 2748
4852 2 2 101 101 1868 1591 2692
4853 2 2 101 101 1470 1471 1472
4854 2 2 101 101 1234 1358 2596
4855 2 2 101 101 1095 1221 2706
4856 2 2 101 101 655 2475 2797
4857 2 2 101 101 933 1336 2894
4858 2 2 101 101 1425 2815 2822
4859 2 2 101 101 1785 2617 2786
4860 2 2 101 101 654 748 2684
4861 2 2 101 101 1601 1599 2029
4862 2 2 101 101 1404 1676 1913
4863 2 2 101 101 1062 1039 2750
4864 2 2 101 101 2062 2063 3160
4865 2 2 101 101 2066 2266 2759
4866 2 2 101 101 824 818 2809
4867 2 2 101 101 652 2433 2793
4868 2 2 101 101 2160 2620 3026
4869 2 2 101 101 2005 1909 2801
4870 2 2 101 101 2027 2059 3147
4871 2 2 101 101 1348 1568 1733
4872 2 2 101 101 1799 1798 2728
4873 2 2 101 101 1734 1141 2753
4874 2 2 101 101 2151 2147 2823
4875 2 2 101 101 1991 1992 2026
4876 2 2 101 101 1315 1231 2691
4877 2 2 101 101 901 2521 2695
4878 2 2 101 101 2534 1250 3081
4879 2 2 101 101 1981 2239 3000
4880 2 2 101 101 864 866 2784
4881 2 2 101 101 1759 1760 1819
4882 2 2 101 101 1317 1319 2693
4883 2 2 101 101 2809 816 2897
4884 2 2 101 101 1321 1323 2694
4885 2 2 101 101 2656 1659 2661
4886 2 2 101 101 2165 1730 2779
4887 2 2 101 101 890 864 2784
4888 2 2 101 101 1345 2614 3165
4889 2 2 101 101 1325 1327 2696
4890 2 2 101 101 666 2495 2999
4891 2 2 101 101 935 967 2703
4892 2 2 101 101 2436 2437 2890
4893 2 2 101 101 1879 1881 2918
4894 2 2 101 101 1273 1275 2701
4895 2 2 101 101 2201 2984 3132
4896 2 2 101 101 1084 1225 2771
4897 2 2 101 101 1933 2556 3176
4898 2 2 101 101 1912 2534 3081
4899 2 2 101 101 1152 1212 2709
4900 2 2 101 101 735 2474 2841
4901 2 2 101 101 1305 1606 2708
4902 2 2 101 101 1488 1486 1489
4903 2 2 101 101 1679 1688 1928
4904 2 2 101 101 1937 1938 2828
4905 2 2 101 101 1876 2258 3028
4906 2 2 101 101 1676 1705 1813
4907 2 2 101 101 58 59 2808
4908 2 2 101 101 2833 686 3169
4909 2 2 101 101 2104 2103 3146
4910 2 2 101 101 1454 1452 2714
4911 2 2 101 101 1593 2755 3146
4912 2 2 101 101 2134 1192 3088
4913 2 2 101 101 949 962 1685
4914 2 2 101 101 2383 1853 2875
4915 2 2 101 101 971 2609 2750
4916 2 2 101 101 1950 1948 2854
4917 2 2 101 101 113 750 3057
4918 2 2 101 101 1730 1247 2779
4919 2 2 101 101 2040 2646 3012
4920 2 2 101 101 1840 1841 2932
4921 2 2 101 101 2864 694 2878
4922 2 2 101 101 1188 1157 2710
4923 2 2 101 101 2014 2736 2937
4924 2 2 101 101 77 78 2811
4925 2 2 101 101 1168 1172 2766
4926 2 2 101 101 2346 2768 2990
4927 2 2 101 101 2494 647 2812
4928 2 2 101 101 737 2707 3011
4929 2 2 101 101 1546 1549 2717
4930 2 2 101 101 1359 1383 2994
4931 2 2 101 101 1513 1842 2831
4932 2 2 101 101 2146 2143 2833
4933 2 2 101 101 2828 1938 2834
4934 2 2 101 101 2425 1248 2861
4935 2 2 101 101 1264 1199 2713
4936 2 2 101 101 2839 1286 2995
4937 2 2 101 101 1172 1254 2766
4938 2 2 101 101 969 958 2814
4939 2 2 101 101 1452 1450 1593
4940 2 2 101 101 811 813 2992
4941 2 2 101 101 911 912 913
4942 2 2 101 101 1564 1566 3041
4943 2 2 101 101 2922 1170 3100
4944 2 2 101 101 1594 1155 3008
4945 2 2 101 101 1105 1063 2706
4946 2 2 101 101 1791 1515 2831
4947 2 2 101 101 778 2888 2989
4948 2 2 101 101 2801 1909 2848
4949 2 2 101 101 2622 988 2980
4950 2 2 101 101 910 909 949
4951 2 2 101 101 2407 1545 2933
4952 2 2 101 101 2654 1242 2800
4953 2 2 101 101 1542 1857 2842
4954 2 2 101 101 1857 1858 3084
4955 2 2 101 101 1310 1308 2787
4956 2 2 101 101 2099 1203 3156
4957 2 2 101 101 2578 2241 2941
4958 2 2 101 101 2413 891 2901
4959 2 2 101 101 2685 762 2825
4960 2 2 101 101 1703 1935 2617
4961 2 2 101 101 2438 2112 2827
4962 2 2 101 101 2600 1906 3178
4963 2 2 101 101 1786 1429 2718
4964 2 2 101 101 2947 2446 2967
4965 2 2 101 101 173 174 2824
4966 2 2 101 101 1217 2641 2748
4967 2 2 101 101 759 757 2983
4968 2 2 101 101 1948 1947 2867
4969 2 2 101 101 1523 1756 2799
4970 2 2 101 101 2654 2090 2802
4971 2 2 101 101 1813 1705 2752
4972 2 2 101 101 2536 653 3106
4973 2 2 101 101 1808 1432 2893
4974 2 2 101 101 2690 2727 2924
4975 2 2 101 101 1597 1586 2946
4976 2 2 101 101 722 2788 2826
4977 2 2 101 101 1999 2638 3086
4978 2 2 101 101 780 777 2836
4979 2 2 101 101 32 33 2900
4980 2 2 101 101 1421 1912 3081
4981 2 2 101 101 2017 2969 3082
4982 2 2 101 101 2722 2502 3143
4983 2 2 101 101 1504 1503 1505
4984 2 2 101 101 1830 1828 2830
4985 2 2 101 101 2483 735 2828
4986 2 2 101 101 2501 2500 2829
4987 2 2 101 101 2312 2160 3026
4988 2 2 101 101 1056 1048 2856
4989 2 2 101 101 1779 2005 2892
4990 2 2 101 101 2241 2162 2941
4991 2 2 101 101 2483 2828 2834
4992 2 2 101 101 896 847 2832
4993 2 2 101 101 2918 1881 2962
4994 2 2 101 101 2123 2201 3132
4995 2 2 101 101 1897 2715 2956
4996 2 2 101 101 2023 2021 2862
4997 2 2 101 101 657 2483 2834
4998 2 2 101 101 1883 2576 2935
4999 2 2 101 101 1906 2366 3178
5000 2 2 101 101 1701 1699 2858
5001 2 2 101 101 1624 1442 2781
5002 2 2 101 101 2608 702 3160
5003 2 2 101 101 2120 2766 3054
5004 2 2 101 101 2672 1124 2771
5005 2 2 101 101 866 2650 2784
5006 2 2 101 101 2200 1937 2841
5007 2 2 101 101 2417 722 2826
5008 2 2 101 101 1470 1468 1471
5009 2 2 101 101 1086 1219 2856
5010 2 2 101 101 87 88 2838
5011 2 2 101 101 1037 1105 2769
5012 2 2 101 101 1510 1508 1511
5013 2 2 101 101 1400 1397 2711
5014 2 2 101 101 2973 2187 3055
5015 2 2 101 101 2269 1822 2840
5016 2 2 101 101 1830 2759 3113
5017 2 2 101 101 2760 2316 2761
5018 2 2 101 101 2919 2668 3059
5019 2 2 101 101 1024 2308 3012
5020 2 2 101 101 988 990 2980
5021 2 2 101 101 1586 1809 2946
5022 2 2 101 101 1925 2351 2927
5023 2 2 101 101 2834 2975 3005
5024 2 2 101 101 2015 1829 3138
5025 2 2 101 101 1812 1654 2630
5026 2 2 101 101 1899 2400 2844
5027 2 2 101 101 711 505 2285
5028 2 2 101 101 2999 2402 3091
5029 2 2 101 101 1538 1523 2799
5030 2 2 101 101 1665 1663 2968
5031 2 2 101 101 916 973 2863
5032 2 2 101 101 2820 1726 3021
5033 2 2 101 101 1826 2701 2862
5034 2 2 101 101 1824 1869 2796
5035 2 2 101 101 1881 1943 2962
5036 2 2 101 101 2206 1930 3013
5037 2 2 101 101 2406 685 2971
5038 2 2 101 101 1555 1556 2775
5039 2 2 101 101 2556 2031 3176
5040 2 2 101 101 2532 2015 3138
5041 2 2 101 101 2149 2153 2873
5042 2 2 101 101 1448 1446 1831
5043 2 2 101 101 2063 2608 3160
5044 2 2 101 101 1112 1094 3126
5045 2 2 101 101 2510 2186 3076
5046 2 2 101 101 2860 1932 3128
5047 2 2 101 101 2090 2089 2802
5048 2 2 101 101 1344 1424 2729
5049 2 2 101 101 1502 1500 1503
5050 2 2 101 101 1599 1572 2749
5051 2 2 101 101 1935 1613 2644
5052 2 2 101 101 1238 1162 2959
5053 2 2 101 101 1439 1438 2781
5054 2 2 101 101 2257 2883 3097
5055 2 2 101 101 911 910 912
5056 2 2 101 101 2085 2725 2965
5057 2 2 101 101 2797 2475 2916
5058 2 2 101 101 1020 1008 2790
5059 2 2 101 101 1922 2911 3005
5060 2 2 101 101 2443 2629 2913
5061 2 2 101 101 2258 2081 3028
5062 2 2 101 101 1190 853 3177
5063 2 2 101 101 1987 1975 2865
5064 2 2 101 101 681 2251 3014
5065 2 2 101 101 1022 1056 2795
5066 2 2 101 101 2000 2851 3104
5067 2 2 101 101 1884 1885 2806
5068 2 2 101 101 2545 2007 2850
5069 2 2 101 101 978 975 3179
5070 2 2 101 101 2417 2826 2874
5071 2 2 101 101 743 2501 2857
5072 2 2 101 101 802 805 3150
5073 2 2 101 101 2962 1943 3010
5074 2 2 101 101 1579 1262 2851
5075 2 2 101 101 1735 1734 3138
5076 2 2 101 101 667 2417 2874
5077 2 2 101 101 2335 719 3155
5078 2 2 101 101 1430 2567 3061
5079 2 2 101 101 2725 663 2965
5080 2 2 101 101 1137 1138 2845
5081 2 2 101 101 1276 1274 2815
5082 2 2 101 101 2610 2637 2837
5083 2 2 101 101 1722 2376 2907
5084 2 2 101 101 1236 2197 3037
5085 2 2 101 101 2618 1974 2727
5086 2 2 101 101 1492 1490 1493
5087 2 2 101 101 180 694 2864
5088 2 2 101 101 1494 1493 1495
5089 2 2 101 101 1936 2516 3034
5090 2 2 101 101 2306 1673 3072
5091 2 2 101 101 2903 978 3069
5092 2 2 101 101 1478 1476 1541
5093 2 2 101 101 1909 2513 2848
5094 2 2 101 101 2605 2360 2971
5095 2 2 101 101 1228 2181 3089
5096 2 2 101 101 1587 1589 3019
5097 2 2 101 101 2201 2632 2984
5098 2 2 101 101 2107 2113 3170
5099 2 2 101 101 1281 1165 3032
5100 2 2 101 101 855 1190 3119
5101 2 2 101 101 2421 1981 3000
5102 2 2 101 101 2069 1764 2658
5103 2 2 101 101 1904 1970 3023
5104 2 2 101 101 962 1037 2769
5105 2 2 101 101 1847 1846 2943
5106 2 2 101 101 685 2480 2971
5107 2 2 101 101 2753 2380 3122
5108 2 2 101 101 1480 1478 2731
5109 2 2 101 101 1911 2760 2761
5110 2 2 101 101 2698 655 2797
5111 2 2 101 101 1921 1863 2951
5112 2 2 101 101 1561 1505 2912
5113 2 2 101 101 1566 2565 3041
5114 2 2 101 101 2838 88 2911
5115 2 2 101 101 949 956 962
5116 2 2 101 101 2512 2633 2902
5117 2 2 101 101 2701 2615 2862
5118 2 2 101 101 1670 1665 3164
5119 2 2 101 101 2300 2202 3158
5120 2 2 101 101 2454 664 2876
5121 2 2 101 101 1679 1463 1688
5122 2 2 101 101 75 76 2877
5123 2 2 101 101 1651 2028 2866
5124 2 2 101 101 1947 2507 2899
5125 2 2 101 101 1444 1442 1624
5126 2 2 101 101 2388 2643 2894
5127 2 2 101 101 1581 1884 2884
5128 2 2 101 101 2046 2049 3107
5129 2 2 101 101 2031 1554 3176
5130 2 2 101 101 2828 735 2841
5131 2 2 101 101 1937 2828 2841
5132 2 2 101 101 1450 1448 2755
5133 2 2 101 101 2679 2409 2934
5134 2 2 101 101 1002 1217 2984
5135 2 2 101 101 913 912 914
5136 2 2 101 101 1550 1548 2898
5137 2 2 101 101 1726 2042 3021
5138 2 2 101 101 1611 1714 2644
5139 2 2 101 101 1021 991 3124
5140 2 2 101 101 1910 2716 2839
5141 2 2 101 101 2037 1954 2986
5142 2 2 101 101 2784 2421 3000
5143 2 2 101 101 1515 1513 2831
5144 2 2 101 101 1498 2392 2818
5145 2 2 101 101 1395 1393 1578
5146 2 2 101 101 2479 2559 3068
5147 2 2 101 101 2089 1868 2901
5148 2 2 101 101 2597 1779 2892
5149 2 2 101 101 1508 1506 2772
5150 2 2 101 101 1679 2118 2744
5151 2 2 101 101 667 2874 2918
5152 2 2 101 101 1842 1511 2772
5153 2 2 101 101 2662 1250 2853
5154 2 2 101 101 1584 1381 1737
5155 2 2 101 101 1841 1814 2847
5156 2 2 101 101 2544 747 3036
5157 2 2 101 101 46 47 3006
5158 2 2 101 101 1801 2664 2855
5159 2 2 101 101 1300 1639 1649
5160 2 2 101 101 2532 1734 3122
5161 2 2 101 101 1387 2436 2890
5162 2 2 101 101 1220 1351 2820
5163 2 2 101 101 1706 2987 3171
5164 2 2 101 101 2338 717 3065
5165 2 2 101 101 2584 1867 2870
5166 2 2 101 101 2533 2374 2919
5167 2 2 101 101 2490 2794 3121
5168 2 2 101 101 1894 1825 2879
5169 2 2 101 101 2637 1362 2837
5170 2 2 101 101 1527 1849 2904
5171 2 2 101 101 2633 1628 2902
5172 2 2 101 101 1466 1464 2744
5173 2 2 101 101 2875 1853 2947
5174 2 2 101 101 2480 2605 2971
5175 2 2 101 101 1983 2671 2820
5176 2 2 101 101 1769 2588 2821
5177 2 2 101 101 165 166 2889
5178 2 2 101 101 1048 1086 2856
5179 2 2 101 101 2245 2716 2761
5180 2 2 101 101 1943 1945 3010
5181 2 2 101 101 3040 2506 3066
5182 2 2 101 101 2613 1883 2945
5183 2 2 101 101 58 2808 3047
5184 2 2 101 101 1917 2836 2969
5185 2 2 101 101 2141 2524 2833
5186 2 2 101 101 1807 2662 2853
5187 2 2 101 101 1089 980 2903
5188 2 2 101 101 500 5 3090
5189 2 2 101 101 1912 1910 2839
5190 2 2 101 101 2632 1000 2984
5191 2 2 101 101 2668 960 2819
5192 2 2 101 101 1706 1697 2987
5193 2 2 101 101 2070 2866 2953
5194 2 2 101 101 2135 2014 2937
5195 2 2 101 101 1926 2429 3140
5196 2 2 101 101 665 2936 3051
5197 2 2 101 101 2659 3093 3116
5198 2 2 101 101 2664 1642 2855
5199 2 2 101 101 2954 2601 3020
5200 2 2 101 101 2055 2056 3075
5201 2 2 101 101 789 787 2922
5202 2 2 101 101 1147 2682 2827
5203 2 2 101 101 2349 688 3066
5204 2 2 101 101 2894 1336 3067
5205 2 2 101 101 2016 2523 2958
5206 2 2 101 101 1676 1403 1705
5207 2 2 101 101 2587 912 2921
5208 2 2 101 101 2309 1844 2906
5209 2 2 101 101 2354 750 3163
5210 2 2 101 101 2143 2141 2833
5211 2 2 101 101 718 2404 2962
5212 2 2 101 101 1054 2443 2913
5213 2 2 101 101 1955 2418 3141
5214 2 2 101 101 3141 2418 3155
5215 2 2 101 101 1559 1483 2045
5216 2 2 101 101 2830 687 3085
5217 2 2 101 101 697 2482 2925
5218 2 2 101 101 1961 2829 3149
5219 2 2 101 101 1250 1226 3081
5220 2 2 101 101 2147 2146 2823
5221 2 2 101 101 2096 2654 2800
5222 2 2 101 101 1677 3112 3123
5223 2 2 101 101 2317 2584 2870
5224 2 2 101 101 1772 1770 2825
5225 2 2 101 101 2288 2555 3024
5226 2 2 101 101 1970 2618 3175
5227 2 2 101 101 1534 2274 3131
5228 2 2 101 101 88 89 2911
5229 2 2 101 101 1861 2613 3154
5230 2 2 101 101 1362 1415 2837
5231 2 2 101 101 1893 1891 2998
5232 2 2 101 101 2766 1254 3054
5233 2 2 101 101 1975 1976 2865
5234 2 2 101 101 2404 667 2918
5235 2 2 101 101 2150 2149 2873
5236 2 2 101 101 2520 711 2910
5237 2 2 101 101 1649 2138 2852
5238 2 2 101 101 1714 1609 2667
5239 2 2 101 101 2475 721 2916
5240 2 2 101 101 85 86 2917
5241 2 2 101 101 1933 1956 3101
5242 2 2 101 101 2204 2981 3157
5243 2 2 101 101 2628 2212 2805
5244 2 2 101 101 2581 1876 3028
5245 2 2 101 101 2278 2512 2902
5246 2 2 101 101 688 2372 3040
5247 2 2 101 101 2379 1722 2907
5248 2 2 101 101 2275 1870 2974
5249 2 2 101 101 2114 2669 2938
5250 2 2 101 101 1874 1875 2928
5251 2 2 101 101 2688 2714 3103
5252 2 2 101 101 674 2604 3149
5253 2 2 101 101 5 18 3090
5254 2 2 101 101 3010 1945 3040
5255 2 2 101 101 719 3141 3155
5256 2 2 101 101 1945 2506 3040
5257 2 2 101 101 2354 2037 3105
5258 2 2 101 101 750 2592 3057
5259 2 2 101 101 2607 738 2976
5260 2 2 101 101 1854 1873 2925
5261 2 2 101 101 2643 931 2894
5262 2 2 101 101 1685 962 2769
5263 2 2 101 101 2759 1830 3085
5264 2 2 101 101 2722 1857 3084
5265 2 2 101 101 688 3040 3066
5266 2 2 101 101 2814 958 2972
5267 2 2 101 101 2745 2575 3067
5268 2 2 101 101 2037 2986 3105
5269 2 2 101 101 1699 2178 2858
5270 2 2 101 101 2427 1915 2964
5271 2 2 101 101 2772 1561 2985
5272 2 2 101 101 2360 2406 2971
5273 2 2 101 101 1057 858 2860
5274 2 2 101 101 2313 2314 2950
5275 2 2 101 101 50 51 2929
5276 2 2 101 101 1873 2816 2925
5277 2 2 101 101 2816 697 2925
5278 2 2 101 101 2924 1986 3099
5279 2 2 101 101 727 2455 3038
5280 2 2 101 101 918 916 2863
5281 2 2 101 101 1404 1403 1676
5282 2 2 101 101 2504 729 3064
5283 2 2 101 101 2842 1907 2868
5284 2 2 101 101 2843 2694 3073
5285 2 2 101 101 1732 2625 3127
5286 2 2 101 101 1242 2654 2802
5287 2 2 101 101 2084 2082 3159
5288 2 2 101 101 1036 2632 2817
5289 2 2 101 101 1920 1807 2853
5290 2 2 101 101 1446 1444 2783
5291 2 2 101 101 2543 1057 3128
5292 2 2 101 101 2718 1430 3061
5293 2 2 101 101 1642 1878 2855
5294 2 2 101 101 2261 2262 3074
5295 2 2 101 101 1762 2069 2652
5296 2 2 101 101 1851 2419 2942
5297 2 2 101 101 1652 1651 2866
5298 2 2 101 101 1853 2446 2947
5299 2 2 101 101 2530 2529 2957
5300 2 2 101 101 2196 2582 3046
5301 2 2 101 101 750 2335 3163
5302 2 2 101 101 930 2557 3094
5303 2 2 101 101 1823 2700 2982
5304 2 2 101 101 2419 1850 2948
5305 2 2 101 101 2454 2876 3136
5306 2 2 101 101 1468 1466 2780
5307 2 2 101 101 2916 721 3034
5308 2 2 101 101 842 2665 2997
5309 2 2 101 101 1484 1483 1559
5310 2 2 101 101 2404 2918 2962
5311 2 2 101 101 2176 2364 3062
5312 2 2 101 101 2021 1826 2862
5313 2 2 101 101 72 73 2949
5314 2 2 101 101 2446 2732 2967
5315 2 2 101 101 1464 1463 1679
5316 2 2 101 101 1987 2377 3027
5317 2 2 101 101 2538 1983 3021
5318 2 2 101 101 1550 2898 3009
5319 2 2 101 101 2671 1220 2820
5320 2 2 101 101 1486 1484 2763
5321 2 2 101 101 2847 1814 2884
5322 2 2 101 101 2499 666 3091
5323 2 2 101 101 1843 1551 2699
5324 2 2 101 101 1716 1982 2954
5325 2 2 101 101 2655 2533 2919
5326 2 2 101 101 1814 1581 2884
5327 2 2 101 101 1787 1493 2720
5328 2 2 101 101 2745 2425 2861
5329 2 2 101 101 2497 2597 2892
5330 2 2 101 101 2957 1080 3074
5331 2 2 101 101 2498 2803 3143
5332 2 2 101 101 2266 2065 2891
5333 2 2 101 101 1983 2820 3021
5334 2 2 101 101 1770 2685 2825
5335 2 2 101 101 206 207 2960
5336 2 2 101 101 1490 1489 2720
5337 2 2 101 101 2467 1653 3157
5338 2 2 101 101 2423 2910 3001
5339 2 2 101 101 1961 2631 2920
5340 2 2 101 101 1656 2655 2919
5341 2 2 101 101 2254 1786 3104
5342 2 2 101 101 2521 1713 3024
5343 2 2 101 101 1710 1503 2818
5344 2 2 101 101 1923 1924 2976
5345 2 2 101 101 2372 718 3010
5346 2 2 101 101 1988 1889 2975
5347 2 2 101 101 1832 2861 2987
5348 2 2 101 101 2026 1992 2136
5349 2 2 101 101 2549 2679 2934
5350 2 2 101 101 958 926 2972
5351 2 2 101 101 718 2962 3010
5352 2 2 101 101 1472 1471 1754
5353 2 2 101 101 2818 2392 3077
5354 2 2 101 101 2083 2085 2965
5355 2 2 101 101 1596 1990 2686
5356 2 2 101 101 2077 1876 3174
5357 2 2 101 101 2226 2814 2972
5358 2 2 101 101 684 2467 2981
5359 2 2 101 101 2755 1831 3092
5360 2 2 101 101 2506 1955 3066
5361 2 2 101 101 1432 1890 2893
5362 2 2 101 101 2682 2438 2827
5363 2 2 101 101 1171 2583 2938
5364 2 2 101 101 1898 2844 2926
5365 2 2 101 101 2795 1056 2813
5366 2 2 101 101 2925 2482 3068
5367 2 2 101 101 2837 1904 3023
5368 2 2 101 101 2669 1171 2938
5369 2 2 101 101 1638 1636 3003
5370 2 2 101 101 2339 1419 2882
5371 2 2 101 101 2348 2886 3140
5372 2 2 101 101 1511 1508 2772
5373 2 2 101 101 1819 1760 2652
5374 2 2 101 101 2617 1935 2735
5375 2 2 101 101 2854 1948 2867
5376 2 2 101 101 3089 2181 3137
5377 2 2 101 101 753 211 3002
5378 2 2 101 101 1624 2781 2789
5379 2 2 101 101 1617 1839 3033
5380 2 2 101 101 2558 1759 2791
5381 2 2 101 101 2580 731 3108
5382 2 2 101 101 1463 1460 2688
5383 2 2 101 101 1356 1355 2914
5384 2 2 101 101 1148 2660 3008
5385 2 2 101 101 1877 1917 2969
5386 2 2 101 101 2345 2346 2990
5387 2 2 101 101 2906 1844 3133
5388 2 2 101 101 2377 2307 2944
5389 2 2 101 101 501 2648 3002
5390 2 2 101 101 1930 2747 3013
5391 2 2 101 101 2588 1823 2982
5392 2 2 101 101 1619 1991 2996
5393 2 2 101 101 1957 2132 3100
5394 2 2 101 101 1854 2925 3068
5395 2 2 101 101 2537 1504 3120
5396 2 2 101 101 1832 2745 2861
5397 2 2 101 101 2277 705 3015
5398 2 2 101 101 931 933 2894
5399 2 2 101 101 2975 1889 3005
5400 2 2 101 101 706 2310 3013
5401 2 2 101 101 2226 2678 2814
5402 2 2 101 101 2576 2032 3087
5403 2 2 101 101 3147 2059 3148
5404 2 2 101 101 54 752 3018
5405 2 2 101 101 1552 1550 3009
5406 2 2 101 101 1186 2549 2934
5407 2 2 101 101 1889 1922 3005
5408 2 2 101 101 2187 2973 3112
5409 2 2 101 101 2604 1960 3149
5410 2 2 101 101 1786 2757 3104
5411 2 2 101 101 751 537 2955
5412 2 2 101 101 721 2445 3034
5413 2 2 101 101 1203 2872 3007
5414 2 2 101 101 1923 2976 2977
5415 2 2 101 101 2969 776 3082
5416 2 2 101 101 2503 737 3011
5417 2 2 101 101 1924 2607 2976
5418 2 2 101 101 2771 1225 3087
5419 2 2 101 101 756 758 3096
5420 2 2 101 101 3023 1970 3175
5421 2 2 101 101 2344 2345 3016
5422 2 2 101 101 719 2349 3141
5423 2 2 101 101 1871 2341 3020
5424 2 2 101 101 2716 1667 2839
5425 2 2 101 101 704 2986 3036
5426 2 2 101 101 1968 2220 2966
5427 2 2 101 101 2372 3010 3040
5428 2 2 101 101 1992 1603 2697
5429 2 2 101 101 2418 2038 3155
5430 2 2 101 101 1688 1463 2688
5431 2 2 101 101 83 84 3017
5432 2 2 101 101 1687 1862 2915
5433 2 2 101 101 1403 1400 2711
5434 2 2 101 101 1686 2245 3030
5435 2 2 101 101 745 2520 3016
5436 2 2 101 101 1918 1428 3035
5437 2 2 101 101 1839 1368 2963
5438 2 2 101 101 2695 2521 3024
5439 2 2 101 101 2448 2449 3048
5440 2 2 101 101 1549 1843 2717
5441 2 2 101 101 1332 2843 3025
5442 2 2 101 101 3019 1927 3060
5443 2 2 101 101 2388 2894 3067
5444 2 2 101 101 3066 1955 3141
5445 2 2 101 101 1505 1710 2912
5446 2 2 101 101 2660 2396 3008
5447 2 2 101 101 2707 2488 2887
5448 2 2 101 101 2349 3066 3141
5449 2 2 101 101 1202 2909 2930
5450 2 2 101 101 1931 2686 2973
5451 2 2 101 101 2567 1430 3178
5452 2 2 101 101 709 2318 3135
5453 2 2 101 101 795 2953 3083
5454 2 2 101 101 2332 1338 2993
5455 2 2 101 101 2688 1454 2714
5456 2 2 101 101 2736 2009 3015
5457 2 2 101 101 2557 1901 3094
5458 2 2 101 101 2666 2198 2993
5459 2 2 101 101 169 170 3044
5460 2 2 101 101 2482 2479 3068
5461 2 2 101 101 656 2470 3045
5462 2 2 101 101 2700 2301 2982
5463 2 2 101 101 776 773 3082
5464 2 2 101 101 57 58 3047
5465 2 2 101 101 2815 2397 2822
5466 2 2 101 101 2747 706 3013
5467 2 2 101 101 2565 2952 3041
5468 2 2 101 101 1620 1872 3056
5469 2 2 101 101 1601 2029 2697
5470 2 2 101 101 1424 1781 2729
5471 2 2 101 101 1419 1744 2882
5472 2 2 101 101 71 665 3051
5473 2 2 101 101 2132 2922 3100
5474 2 2 101 101 2867 1947 2899
5475 2 2 101 101 2322 2230 3078
5476 2 2 101 101 2476 678 3053
5477 2 2 101 101 2389 2062 3160
5478 2 2 101 101 2591 1629 2956
5479 2 2 101 101 1438 2535 3058
5480 2 2 101 101 1844 1456 3133
5481 2 2 101 101 1756 2591 2956
5482 2 2 101 101 1295 1576 2896
5483 2 2 101 101 2651 1580 2895
5484 2 2 101 101 2100 1906 3166
5485 2 2 101 101 2204 2203 3127
5486 2 2 101 101 2402 2401 3091
5487 2 2 101 101 2012 2613 3139
5488 2 2 101 101 2068 1838 2897
5489 2 2 101 101 1483 1480 2731
5490 2 2 101 101 1162 1257 2959
5491 2 2 101 101 1452 1593 2714
5492 2 2 101 101 2462 724 3095
5493 2 2 101 101 2568 1830 3113
5494 2 2 101 101 3003 1636 3151
5495 2 2 101 101 1998 1996 3168
5496 2 2 101 101 1758 2594 3167
5497 2 2 101 101 1636 1633 3151
5498 2 2 101 101 2329 1962 3106
5499 2 2 101 101 2952 2134 3088
5500 2 2 101 101 1000 1002 2984
5501 2 2 101 101 1710 2818 3077
5502 2 2 101 101 2462 3095 3134
5503 2 2 101 101 3095 724 3136
5504 2 2 101 101 2505 730 3111
5505 2 2 101 101 1653 1655 3157
5506 2 2 101 101 2486 2485 3118
5507 2 2 101 101 742 2490 3121
5508 2 2 101 101 2668 1887 3059
5509 2 2 101 101 2659 2003 3093
5510 2 2 101 101 2038 2354 3163
5511 2 2 101 101 2463 2462 3134
5512 2 2 101 101 724 2454 3136
5513 2 2 101 101 1493 1490 2720
5514 2 2 101 101 2789 2781 3058
5515 2 2 101 101 2692 2413 2901
5516 2 2 101 101 1960 1961 3149
5517 2 2 101 101 2502 2498 3143
5518 2 2 101 101 1137 2845 3022
5519 2 2 101 101 2727 1986 2924
5520 2 2 101 101 2137 1864 3039
5521 2 2 101 101 2526 2690 2924
5522 2 2 101 101 1608 1610 3180
5523 2 2 101 101 1663 1721 2968
5524 2 2 101 101 2987 2530 3171
5525 2 2 101 101 1500 1498 2818
5526 2 2 101 101 2555 2695 3024
5527 2 2 101 101 2351 2812 2927
5528 2 2 101 101 1886 2024 2978
5529 2 2 101 101 2520 2910 3016
5530 2 2 101 101 2910 2344 3016
5531 2 2 101 101 2065 1737 2891
5532 2 2 101 101 1863 1471 2780
5533 2 2 101 101 3001 2285 3039
5534 2 2 101 101 2507 2508 3052
5535 2 2 101 101 2610 2837 3023
5536 2 2 101 101 2043 2590 3116
5537 2 2 101 101 1843 2699 2885
5538 2 2 101 101 2029 1599 2749
5539 2 2 101 101 2823 2338 3065
5540 2 2 101 101 990 1108 2980
5541 2 2 101 101 2795 2813 3062
5542 2 2 101 101 1542 2842 2868
5543 2 2 101 101 1517 2904 3117
5544 2 2 101 101 2571 2083 2965
5545 2 2 101 101 1676 1813 3129
5546 2 2 101 101 2366 2567 3178
5547 2 2 101 101 657 2834 3005
5548 2 2 101 101 2364 2795 3062
5549 2 2 101 101 2559 1854 3068
5550 2 2 101 101 1705 2711 2712
5551 2 2 101 101 1593 1450 2755
5552 2 2 101 101 1562 2254 3154
5553 2 2 101 101 1697 1832 2987
5554 2 2 101 101 1705 1403 2711
5555 2 2 101 101 842 2997 3080
5556 2 2 101 101 1809 2857 2946
5557 2 2 101 101 1478 1541 2731
5558 2 2 101 101 752 2751 3018
5559 2 2 101 101 1545 2717 2933
5560 2 2 101 101 1737 2730 2891
5561 2 2 101 101 2910 711 3001
5562 2 2 101 101 2166 2165 3069
5563 2 2 101 101 1489 1486 2763
5564 2 2 101 101 2045 1483 2731
5565 2 2 101 101 1864 3001 3039
5566 2 2 101 101 1675 2805 2988
5567 2 2 101 101 1833 2071 3115
5568 2 2 101 101 1062 2750 3139
5569 2 2 101 101 1448 1831 2755
5570 2 2 101 101 1430 2600 3178
5571 2 2 101 101 949 1685 2921
5572 2 2 101 101 1464 1679 2744
5573 2 2 101 101 1973 1972 3004
5574 2 2 101 101 1965 1837 2991
5575 2 2 101 101 1484 1559 2763
5576 2 2 101 101 2953 2028 3083
5577 2 2 101 101 3093 1190 3116
5578 2 2 101 101 1298 1300 2852
5579 2 2 101 101 3153 3043 3159
5580 2 2 101 101 2032 2771 3087
5581 2 2 101 101 2958 681 3014
5582 2 2 101 101 2648 753 3002
5583 2 2 101 101 2209 2789 3058
5584 2 2 101 101 2905 1623 3049
5585 2 2 101 101 1868 2692 2901
5586 2 2 101 101 1688 2688 3103
5587 2 2 101 101 1876 2581 3174
5588 2 2 101 101 2844 1530 2926
5589 2 2 101 101 3009 2486 3118
5590 2 2 101 101 1155 1148 3008
5591 2 2 101 101 1544 1677 3123
5592 2 2 101 101 1471 1468 2780
5593 2 2 101 101 2732 2183 2967
5594 2 2 101 101 1350 3043 3153
5595 2 2 101 101 1225 2680 2935
5596 2 2 101 101 2658 1769 2859
5597 2 2 101 101 1842 2772 2985
5598 2 2 101 101 1300 1649 2852
5599 2 2 101 101 1831 1446 2783
5600 2 2 101 101 2592 2 3057
5601 2 2 101 101 1903 2016 3014
5602 2 2 101 101 1589 1927 3019
5603 2 2 101 101 1942 3050 3172
5604 2 2 101 101 2680 1062 2945
5605 2 2 101 101 1759 1819 2791
5606 2 2 101 101 2575 2388 3067
5607 2 2 101 101 1578 2787 2905
5608 2 2 101 101 2625 727 3038
5609 2 2 101 101 2508 1914 3142
5610 2 2 101 101 1466 2744 2780
5611 2 2 101 101 2899 2507 3052
5612 2 2 101 101 2885 1916 3130
5613 2 2 101 101 2851 2254 3104
5614 2 2 101 101 1444 1624 2783
5615 2 2 101 101 713 2348 3140
5616 2 2 101 101 19 2582 3102
5617 2 2 101 101 2192 2322 3078
5618 2 2 101 101 2866 2028 2953
5619 2 2 101 101 2596 1614 2939
5620 2 2 101 101 1139 3023 3175
5621 2 2 101 101 2238 2843 3073
5622 2 2 101 101 2377 2944 3027
5623 2 2 101 101 2600 1218 3166
5624 2 2 101 101 704 2764 3105
5625 2 2 101 101 2586 1941 3046
5626 2 2 101 101 2186 2923 3076
5627 2 2 101 101 2379 1968 2966
5628 2 2 101 101 2292 930 3094
5629 2 2 101 101 2812 647 2927
5630 2 2 101 101 1338 2666 2993
5631 2 2 101 101 1838 2809 2897
5632 2 2 101 101 1397 1395 3070
5633 2 2 101 101 1503 1500 2818
5634 2 2 101 101 1656 2919 3059
5635 2 2 101 101 2016 2958 3014
5636 2 2 101 101 2829 1961 2920
5637 2 2 101 101 2712 2711 3070
5638 2 2 101 101 1813 2785 3129
5639 2 2 101 101 2284 1376 3162
5640 2 2 101 101 2003 2087 3093
5641 2 2 101 101 2028 2585 3083
5642 2 2 101 101 1395 1578 3070
5643 2 2 101 101 1226 1421 3081
5644 2 2 101 101 2763 2047 3071
5645 2 2 101 101 2620 1258 3026
5646 2 2 101 101 2675 1758 3167
5647 2 2 101 101 1928 1688 3031
5648 2 2 101 101 2693 1332 3025
5649 2 2 101 101 2023 2862 3153
5650 2 2 101 101 1139 2610 3023
5651 2 2 101 101 1507 2868 3120
5652 2 2 101 101 2935 2576 3087
5653 2 2 101 101 2048 2046 3107
5654 2 2 101 101 1914 2742 3037
5655 2 2 101 101 2207 2048 3125
5656 2 2 101 101 731 2782 3108
5657 2 2 101 101 2750 2012 3139
5658 2 2 101 101 2711 1397 3070
5659 2 2 101 101 2411 1795 3158
5660 2 2 101 101 1350 2693 3043
5661 2 2 101 101 1986 1987 3099
5662 2 2 101 101 2997 2234 3080
5663 2 2 101 101 1906 2600 3166
5664 2 2 101 101 2754 1137 3022
5665 2 2 101 101 2862 2615 3153
5666 2 2 101 101 1829 1735 3138
5667 2 2 101 101 2002 1670 3164
5668 2 2 101 101 2082 2023 3159
5669 2 2 101 101 2709 1741 3172
5670 2 2 101 101 1554 2391 3176
5671 2 2 101 101 729 2869 3064
5672 2 2 101 101 1576 2379 2966
5673 2 2 101 101 1895 2718 3061
5674 2 2 101 101 2694 1330 3073
5675 2 2 101 101 1935 2644 2909
5676 2 2 101 101 2751 53 3018
5677 2 2 101 101 2022 2082 3145
5678 2 2 101 101 2902 1628 3050
5679 2 2 101 101 2834 1938 2975
5680 2 2 101 101 3055 1112 3126
5681 2 2 101 101 2890 1893 2998
5682 2 2 101 101 2857 2501 2946
5683 2 2 101 101 1912 2839 2995
5684 2 2 101 101 2151 2823 3065
5685 2 2 101 101 2582 2196 3102
5686 2 2 101 101 663 2725 3144
5687 2 2 101 101 741 2722 3084
5688 2 2 101 101 1769 2821 2859
5689 2 2 101 101 2449 2835 3048
5690 2 2 101 101 2556 1933 3101
5691 2 2 101 101 2048 2792 3125
5692 2 2 101 101 910 949 2921
5693 2 2 101 101 1628 2709 3050
5694 2 2 101 101 2282 2675 3167
5695 2 2 101 101 1781 1564 3041
5696 2 2 101 101 1578 2712 3070
5697 2 2 101 101 2613 2945 3139
5698 2 2 101 101 2626 2068 3110
5699 2 2 101 101 2713 1656 3059
5700 2 2 101 101 711 2285 3001
5701 2 2 101 101 1864 2423 3001
5702 2 2 101 101 1233 2899 3052
5703 2 2 101 101 2791 1224 2979
5704 2 2 101 101 2069 2658 2908
5705 2 2 101 101 3052 2508 3142
5706 2 2 101 101 2935 2680 2945
5707 2 2 101 101 2644 1714 2930
5708 2 2 101 101 912 910 2921
5709 2 2 101 101 2068 2992 3110
5710 2 2 101 101 2362 2558 2979
5711 2 2 101 101 2590 2659 3116
5712 2 2 101 101 2615 1350 3153
5713 2 2 101 101 2976 738 2977
5714 2 2 101 101 2689 1139 3175
5715 2 2 101 101 2725 2206 3144
5716 2 2 101 101 2686 1990 2973
5717 2 2 101 101 2872 2136 3007
5718 2 2 101 101 1217 2748 3132
5719 2 2 101 101 1914 3037 3142
5720 2 2 101 101 1202 2735 2909
5721 2 2 101 101 2165 2903 3069
5722 2 2 101 101 2043 3116 3177
5723 2 2 101 101 2735 1935 2909
5724 2 2 101 101 2759 2266 3113
5725 2 2 101 101 2370 2942 3042
5726 2 2 101 101 2196 2810 3102
5727 2 2 101 101 2896 1576 2966
5728 2 2 101 101 2757 2000 3104
5729 2 2 101 101 2835 1800 3048
5730 2 2 101 101 1830 2830 3085
5731 2 2 101 101 1734 2753 3122
5732 2 2 101 101 1813 2752 3098
5733 2 2 101 101 2246 2867 2899
5734 2 2 101 101 1387 2890 2998
5735 2 2 101 101 3069 978 3179
5736 2 2 101 101 2992 813 3110
5737 2 2 101 101 2764 2354 3105
5738 2 2 101 101 2096 2800 3097
5739 2 2 101 101 1716 2954 3020
5740 2 2 101 101 2858 2178 3032
5741 2 2 101 101 2068 2897 2992
5742 2 2 101 101 2980 1108 3161
5743 2 2 101 101 2973 1990 3112
5744 2 2 101 101 1913 1676 3129
5745 2 2 101 101 2720 1489 3071
5746 2 2 101 101 18 2810 3090
5747 2 2 101 101 2869 2223 3064
5748 2 2 101 101 2693 3025 3043
5749 2 2 101 101 2250 2759 3085
5750 2 2 101 101 2658 2859 2908
5751 2 2 101 101 1883 2935 2945
5752 2 2 101 101 1812 2630 3089
5753 2 2 101 101 2136 1992 3007
5754 2 2 101 101 2781 1438 3058
5755 2 2 101 101 1992 2697 3007
5756 2 2 101 101 2558 2791 2979
5757 2 2 101 101 2823 2146 3169
5758 2 2 101 101 705 2937 3015
5759 2 2 101 101 2893 1890 3072
5760 2 2 101 101 3025 2084 3043
5761 2 2 101 101 2813 2095 3062
5762 2 2 101 101 2942 2419 3042
5763 2 2 101 101 2879 709 3135
5764 2 2 101 101 2945 1062 3139
5765 2 2 101 101 2729 1781 3088
5766 2 2 101 101 2895 1580 3079
5767 2 2 101 101 1843 2885 3130
5768 2 2 101 101 2909 2644 2930
5769 2 2 101 101 1894 2879 3135
5770 2 2 101 101 2717 1843 3130
5771 2 2 101 101 3037 2197 3142
5772 2 2 101 101 2078 2895 3079
5773 2 2 101 101 2986 2544 3036
5774 2 2 101 101 1057 2860 3128
5775 2 2 101 101 2103 3103 3146
5776 2 2 101 101 1225 2935 3087
5777 2 2 101 101 2338 2823 3169
5778 2 2 101 101 2023 3153 3159
5779 2 2 101 101 2868 2537 3120
5780 2 2 101 101 1489 2763 3071
5781 2 2 101 101 2180 2905 3049
5782 2 2 101 101 2923 2237 3076
5783 2 2 101 101 2933 2717 3130
5784 2 2 101 101 2900 2022 3145
5785 2 2 101 101 2262 2957 3074
5786 2 2 101 101 1931 2973 3055
5787 2 2 101 101 2220 2896 2966
5788 2 2 101 101 2029 2749 3156
5789 2 2 101 101 2057 2940 3165
5790 2 2 101 101 3031 1688 3103
5791 2 2 101 101 3038 2204 3127
5792 2 2 101 101 2957 2262 3171
5793 2 2 101 101 3043 2084 3159
5794 2 2 101 101 2981 2467 3157
5795 2 2 101 101 3116 1190 3177
5796 2 2 101 101 2937 2736 3015
5797 2 2 101 101 2530 2957 3171
5798 2 2 101 101 2103 3031 3103
5799 2 2 101 101 2625 3038 3127
5800 2 2 101 101 1190 3093 3119
5801 2 2 101 101 2859 2231 2908
5802 2 2 101 101 2904 1934 3117
5803 2 2 101 101 3093 2087 3119
5804 2 2 101 101 2940 1291 3165
5805 2 2 101 101 3050 2709 3172
5806 2 2 101 101 3111 1998 3168
5807 2 2 101 101 2166 3069 3179
5808 2 2 101 101 1916 2933 3130
5809 2 2 101 101 2505 3111 3168
5810 2 2 102 102 3734 3214 3897
5811 2 2 102 102 3934 3788 3948
5812 2 2 102 102 3889 3689 4175
5813 2 2 102 102 3751 3324 3863
5814 2 2 102 102 3799 3733 3870
5815 2 2 102 102 3406 3805 3888
5816 2 2 102 102 3785 3235 4230
5817 2 2 102 102 3999 3339 4035
5818 2 2 102 102 3754 3929 4039
5819 2 2 102 102 3927 3232 3942
5820 2 2 102 102 3700 4004 4045
5821 2 2 102 102 3784 3785 4230
5822 2 2 102 102 3970 3544 4070
5823 2 2 102 102 3798 3217 3962
5824 2 2 102 102 3360 3363 3776
5825 2 2 102 102 3725 3728 3897
5826 2 2 102 102 3929 3928 4039
5827 2 2 102 102 4004 3917 4045
5828 2 2 102 102 3532 3527 3905
5829 2 2 102 102 3742 3629 3743
5830 2 2 102 102 3689 3889 3890
5831 2 2 102 102 3233 3799 3870
5832 2 2 102 102 3324 3751 3862
5833 2 2 102 102 3214 3734 3896
5834 2 2 102 102 3748 3225 3822
5835 2 2 102 102 3701 3406 3888
5836 2 2 102 102 3709 3487 3803
5837 2 2 102 102 3819 3924 4197
5838 2 2 102 102 3820 3698 3997
5839 2 2 102 102 3696 4058 4152
5840 2 2 102 102 3741 3546 3812
5841 2 2 102 102 3487 3433 3803
5842 2 2 102 102 3358 3360 3776
5843 2 2 102 102 3409 3855 4100
5844 2 2 102 102 3225 3748 3821
5845 2 2 102 102 3844 3380 4086
5846 2 2 102 102 3715 3387 4009
5847 2 2 102 102 3314 3318 3862
5848 2 2 102 102 3702 3847 4229
5849 2 2 102 102 3971 3807 4275
5850 2 2 102 102 3715 4009 4014
5851 2 2 102 102 3710 3378 4136
5852 2 2 102 102 3757 3776 4156
5853 2 2 102 102 3694 3844 4086
5854 2 2 102 102 4084 3757 4156
5855 2 2 102 102 3724 3725 3897
5856 2 2 102 102 3908 3872 4224
5857 2 2 102 102 4092 3604 4157
5858 2 2 102 102 3279 4077 4127
5859 2 2 102 102 3971 3970 4070
5860 2 2 102 102 3633 3769 3848
5861 2 2 102 102 3803 3442 3804
5862 2 2 102 102 3801 3397 3990
5863 2 2 102 102 3213 3783 3923
5864 2 2 102 102 3232 3927 4168
5865 2 2 102 102 3546 3741 3814
5866 2 2 102 102 3775 3348 4012
5867 2 2 102 102 3946 4092 4157
5868 2 2 102 102 3801 3990 4093
5869 2 2 102 102 3378 3710 4001
5870 2 2 102 102 4114 3902 4175
5871 2 2 102 102 4058 3606 4152
5872 2 2 102 102 3898 3872 3908
5873 2 2 102 102 3403 3755 4221
5874 2 2 102 102 3407 3404 3427
5875 2 2 102 102 3780 3205 3906
5876 2 2 102 102 4077 3736 4127
5877 2 2 102 102 3235 3785 3955
5878 2 2 102 102 3819 3304 3924
5879 2 2 102 102 3336 3971 4275
5880 2 2 102 102 3204 3793 4096
5881 2 2 102 102 3244 3546 3815
5882 2 2 102 102 3333 3795 3998
5883 2 2 102 102 3647 3999 4035
5884 2 2 102 102 3629 3742 4027
5885 2 2 102 102 3879 3188 4145
5886 2 2 102 102 3970 3356 4011
5887 2 2 102 102 3330 3820 3997
5888 2 2 102 102 3859 3702 4229
5889 2 2 102 102 3581 3884 4033
5890 2 2 102 102 3294 3300 3859
5891 2 2 102 102 3318 3324 3862
5892 2 2 102 102 4074 3279 4075
5893 2 2 102 102 3793 3204 4066
5894 2 2 102 102 3517 3515 3707
5895 2 2 102 102 3498 3496 3989
5896 2 2 102 102 3872 3236 4241
5897 2 2 102 102 3419 3411 3420
5898 2 2 102 102 3773 3181 4118
5899 2 2 102 102 3217 3868 3962
5900 2 2 102 102 3436 3703 4199
5901 2 2 102 102 3527 3529 3905
5902 2 2 102 102 3417 3433 3439
5903 2 2 102 102 3884 3883 4033
5904 2 2 102 102 3413 3405 3430
5905 2 2 102 102 3521 3524 3842
5906 2 2 102 102 3948 3788 4170
5907 2 2 102 102 3217 3798 3869
5908 2 2 102 102 216 4096 4159
5909 2 2 102 102 3877 3218 3878
5910 2 2 102 102 3436 3438 3703
5911 2 2 102 102 3599 3748 3822
5912 2 2 102 102 3614 3932 4032
5913 2 2 102 102 3749 3935 4150
5914 2 2 102 102 3679 3599 3822
5915 2 2 102 102 3689 3890 4052
5916 2 2 102 102 3804 3442 4038
5917 2 2 102 102 3849 3222 3904
5918 2 2 102 102 3930 3614 3931
5919 2 2 102 102 3956 3879 4145
5920 2 2 102 102 3407 3427 3428
5921 2 2 102 102 3438 3443 3703
5922 2 2 102 102 3776 3363 3828
5923 2 2 102 102 3984 3184 4065
5924 2 2 102 102 4096 3794 4159
5925 2 2 102 102 3769 3704 3848
5926 2 2 102 102 3835 3996 4000
5927 2 2 102 102 3300 3702 3859
5928 2 2 102 102 3422 3423 3424
5929 2 2 102 102 3788 3934 3979
5930 2 2 102 102 3613 3790 3905
5931 2 2 102 102 3397 3411 3419
5932 2 2 102 102 3244 3815 4234
5933 2 2 102 102 3181 3773 4081
5934 2 2 102 102 3996 3229 4000
5935 2 2 102 102 3413 3430 3431
5936 2 2 102 102 3880 3625 4088
5937 2 2 102 102 3704 3443 3848
5938 2 2 102 102 519 518 3879
5939 2 2 102 102 3920 3560 4087
5940 2 2 102 102 3736 3818 4127
5941 2 2 102 102 3923 3783 4194
5942 2 2 102 102 3438 3441 3443
5943 2 2 102 102 3855 3854 4100
5944 2 2 102 102 3402 3740 4132
5945 2 2 102 102 3797 3377 4236
5946 2 2 102 102 3515 3518 4216
5947 2 2 102 102 3236 3872 3898
5948 2 2 102 102 3422 3424 3447
5949 2 2 102 102 3902 3193 4175
5950 2 2 102 102 3970 4011 4102
5951 2 2 102 102 3504 3947 4157
5952 2 2 102 102 3296 3772 4087
5953 2 2 102 102 3790 3532 3905
5954 2 2 102 102 3325 3333 3998
5955 2 2 102 102 3417 3418 3433
5956 2 2 102 102 3925 3201 4116
5957 2 2 102 102 3364 4001 4008
5958 2 2 102 102 4005 3774 4024
5959 2 2 102 102 3387 3715 4249
5960 2 2 102 102 3279 3276 4075
5961 2 2 102 102 3196 4005 4024
5962 2 2 102 102 3707 3515 4216
5963 2 2 102 102 3484 3631 3792
5964 2 2 102 102 3376 3377 3797
5965 2 2 102 102 3875 3218 3877
5966 2 2 102 102 3513 3515 3517
5967 2 2 102 102 3496 3592 3989
5968 2 2 102 102 4009 3247 4014
5969 2 2 102 102 3515 3516 3518
5970 2 2 102 102 3835 3190 4007
5971 2 2 102 102 3524 3525 3526
5972 2 2 102 102 3481 3620 3960
5973 2 2 102 102 518 3188 3879
5974 2 2 102 102 3439 3433 3487
5975 2 2 102 102 3919 3619 4063
5976 2 2 102 102 3684 3900 4072
5977 2 2 102 102 4007 3190 4013
5978 2 2 102 102 3771 3508 3926
5979 2 2 102 102 3614 3930 3932
5980 2 2 102 102 3790 3613 4032
5981 2 2 102 102 3769 3633 4050
5982 2 2 102 102 3183 3779 3980
5983 2 2 102 102 3348 3775 4244
5984 2 2 102 102 3855 3409 3988
5985 2 2 102 102 3728 3734 3897
5986 2 2 102 102 3308 3302 3843
5987 2 2 102 102 3424 3484 3792
5988 2 2 102 102 3405 3800 4228
5989 2 2 102 102 3433 3434 3803
5990 2 2 102 102 3249 3252 3812
5991 2 2 102 102 3809 4013 4067
5992 2 2 102 102 3837 508 3856
5993 2 2 102 102 3402 3422 3740
5994 2 2 102 102 3900 3684 4264
5995 2 2 102 102 3625 3880 4147
5996 2 2 102 102 3434 3436 3442
5997 2 2 102 102 3357 3397 3801
5998 2 2 102 102 3337 3352 3820
5999 2 2 102 102 3193 3889 4175
6000 2 2 102 102 3511 3308 3843
6001 2 2 102 102 3382 3850 3986
6002 2 2 102 102 3686 3925 3926
6003 2 2 102 102 3772 3920 4087
6004 2 2 102 102 3935 3749 4092
6005 2 2 102 102 3977 4103 4141
6006 2 2 102 102 4079 3410 4142
6007 2 2 102 102 3890 3978 4052
6008 2 2 102 102 3988 3987 4025
6009 2 2 102 102 3521 3842 4161
6010 2 2 102 102 3517 3707 3865
6011 2 2 102 102 3690 3925 4116
6012 2 2 102 102 3341 3356 3810
6013 2 2 102 102 3808 3809 4067
6014 2 2 102 102 4001 3710 4008
6015 2 2 102 102 3877 3878 4021
6016 2 2 102 102 3703 3443 3704
6017 2 2 102 102 3518 3519 3530
6018 2 2 102 102 3809 4007 4013
6019 2 2 102 102 3375 3403 3813
6020 2 2 102 102 257 258 3932
6021 2 2 102 102 3400 3417 4002
6022 2 2 102 102 3443 3441 3444
6023 2 2 102 102 3947 3504 4015
6024 2 2 102 102 3818 3736 4188
6025 2 2 102 102 3928 3231 4095
6026 2 2 102 102 3386 3358 3776
6027 2 2 102 102 3356 3813 4011
6028 2 2 102 102 3419 3420 3502
6029 2 2 102 102 3775 4012 4104
6030 2 2 102 102 3405 3393 3800
6031 2 2 102 102 3351 3827 4121
6032 2 2 102 102 3786 3187 4090
6033 2 2 102 102 3521 3523 3524
6034 2 2 102 102 3826 3212 4106
6035 2 2 102 102 3827 3351 4166
6036 2 2 102 102 3401 3271 3818
6037 2 2 102 102 3247 3823 4014
6038 2 2 102 102 3782 3977 4141
6039 2 2 102 102 3613 3614 4032
6040 2 2 102 102 4039 3928 4095
6041 2 2 102 102 4105 3652 4132
6042 2 2 102 102 3190 3835 4000
6043 2 2 102 102 3443 3444 3848
6044 2 2 102 102 3447 3791 4105
6045 2 2 102 102 3229 3774 4005
6046 2 2 102 102 3378 3404 3407
6047 2 2 102 102 3774 3229 3996
6048 2 2 102 102 3777 3778 4037
6049 2 2 102 102 3434 3442 3803
6050 2 2 102 102 3524 3526 3531
6051 2 2 102 102 4037 3778 4049
6052 2 2 102 102 3850 3564 3986
6053 2 2 102 102 3427 3480 3481
6054 2 2 102 102 3885 3737 4145
6055 2 2 102 102 3427 3481 3960
6056 2 2 102 102 3444 3446 3488
6057 2 2 102 102 3424 3426 3484
6058 2 2 102 102 3709 3803 3804
6059 2 2 102 102 3529 3534 3535
6060 2 2 102 102 3776 3828 4156
6061 2 2 102 102 3222 3849 4177
6062 2 2 102 102 3969 3876 4022
6063 2 2 102 102 3768 3988 4025
6064 2 2 102 102 3261 3296 4087
6065 2 2 102 102 3187 3786 4238
6066 2 2 102 102 3427 3404 3480
6067 2 2 102 102 3432 3506 3950
6068 2 2 102 102 3812 3252 3861
6069 2 2 102 102 3433 3418 3434
6070 2 2 102 102 3808 3228 4050
6071 2 2 102 102 254 3817 4123
6072 2 2 102 102 3813 3403 4221
6073 2 2 102 102 3298 3304 3819
6074 2 2 102 102 3755 3403 4160
6075 2 2 102 102 3963 3344 4231
6076 2 2 102 102 3796 3344 3891
6077 2 2 102 102 3336 3810 3971
6078 2 2 102 102 3290 3294 3859
6079 2 2 102 102 3518 3530 3545
6080 2 2 102 102 3413 3432 3950
6081 2 2 102 102 3777 3196 4024
6082 2 2 102 102 3820 3352 4051
6083 2 2 102 102 3205 3780 4219
6084 2 2 102 102 3927 3942 4055
6085 2 2 102 102 3316 3781 3921
6086 2 2 102 102 3204 4049 4066
6087 2 2 102 102 3817 254 4200
6088 2 2 102 102 3196 3777 4037
6089 2 2 102 102 3400 4002 4176
6090 2 2 102 102 3444 3488 3848
6091 2 2 102 102 3385 3827 4025
6092 2 2 102 102 3792 3631 3793
6093 2 2 102 102 3815 3899 4234
6094 2 2 102 102 3447 3424 3792
6095 2 2 102 102 3791 3447 4174
6096 2 2 102 102 522 3198 3858
6097 2 2 102 102 3840 3841 4110
6098 2 2 102 102 3987 3385 4025
6099 2 2 102 102 3424 3423 3426
6100 2 2 102 102 3254 3374 3861
6101 2 2 102 102 3863 3324 4023
6102 2 2 102 102 3212 3867 4106
6103 2 2 102 102 3508 3686 3926
6104 2 2 102 102 3377 3383 4236
6105 2 2 102 102 3367 3395 3983
6106 2 2 102 102 3420 3411 3421
6107 2 2 102 102 3393 3410 3800
6108 2 2 102 102 3238 3871 4120
6109 2 2 102 102 3568 3863 4109
6110 2 2 102 102 3993 3913 3994
6111 2 2 102 102 3451 3453 3967
6112 2 2 102 102 3383 3919 4063
6113 2 2 102 102 3985 3907 4182
6114 2 2 102 102 3921 3665 4034
6115 2 2 102 102 3783 3213 4020
6116 2 2 102 102 3181 3936 4118
6117 2 2 102 102 3442 3436 4199
6118 2 2 102 102 3779 3183 4083
6119 2 2 102 102 3578 3580 3995
6120 2 2 102 102 3431 3430 3558
6121 2 2 102 102 3828 3644 3958
6122 2 2 102 102 3786 3666 4167
6123 2 2 102 102 3486 3857 3966
6124 2 2 102 102 3841 3326 4110
6125 2 2 102 102 3933 3667 3968
6126 2 2 102 102 3455 3451 3967
6127 2 2 102 102 3488 3633 3848
6128 2 2 102 102 4188 3735 4201
6129 2 2 102 102 3257 3963 4085
6130 2 2 102 102 3246 3249 3812
6131 2 2 102 102 4049 3778 4066
6132 2 2 102 102 3286 3290 3811
6133 2 2 102 102 3368 3367 3983
6134 2 2 102 102 3526 3525 3527
6135 2 2 102 102 3335 3341 3810
6136 2 2 102 102 3252 3254 3861
6137 2 2 102 102 3678 4079 4142
6138 2 2 102 102 3355 3375 3813
6139 2 2 102 102 3741 3812 3861
6140 2 2 102 102 3661 3627 4031
6141 2 2 102 102 3315 3921 4034
6142 2 2 102 102 3899 3240 4234
6143 2 2 102 102 3326 3841 4248
6144 2 2 102 102 3333 3319 4034
6145 2 2 102 102 534 3234 3873
6146 2 2 102 102 3224 571 3870
6147 2 2 102 102 3212 567 3867
6148 2 2 102 102 528 3211 3868
6149 2 2 102 102 530 3217 3869
6150 2 2 102 102 3226 569 3874
6151 2 2 102 102 3412 3405 3413
6152 2 2 102 102 520 3218 3875
6153 2 2 102 102 3344 3989 4231
6154 2 2 102 102 3219 556 3880
6155 2 2 102 102 3687 3984 4065
6156 2 2 102 102 3906 3205 4069
6157 2 2 102 102 3526 3527 3532
6158 2 2 102 102 3320 3312 3881
6159 2 2 102 102 3349 3357 3801
6160 2 2 102 102 3189 554 3882
6161 2 2 102 102 3328 3337 3820
6162 2 2 102 102 3420 3421 3830
6163 2 2 102 102 3529 3535 3905
6164 2 2 102 102 516 3220 3885
6165 2 2 102 102 3535 3534 3536
6166 2 2 102 102 3221 552 3886
6167 2 2 102 102 3666 4113 4167
6168 2 2 102 102 3740 4105 4132
6169 2 2 102 102 3524 3523 3525
6170 2 2 102 102 3920 3629 4027
6171 2 2 102 102 514 3191 3887
6172 2 2 102 102 3711 3909 4235
6173 2 2 102 102 3193 550 3889
6174 2 2 102 102 523 522 3858
6175 2 2 102 102 512 3222 3893
6176 2 2 102 102 3701 3888 4187
6177 2 2 102 102 524 523 3836
6178 2 2 102 102 3403 3402 4132
6179 2 2 102 102 3223 548 3902
6180 2 2 102 102 3947 3946 4157
6181 2 2 102 102 3397 3386 3411
6182 2 2 102 102 3199 546 3903
6183 2 2 102 102 509 508 3837
6184 2 2 102 102 3698 3820 4051
6185 2 2 102 102 3882 3883 3884
6186 2 2 102 102 3957 3333 4034
6187 2 2 102 102 3925 3686 4181
6188 2 2 102 102 3853 3855 3907
6189 2 2 102 102 3344 3796 3989
6190 2 2 102 102 3891 3398 4044
6191 2 2 102 102 3314 3862 4073
6192 2 2 102 102 3647 3578 3995
6193 2 2 102 102 3658 3894 4255
6194 2 2 102 102 565 3825 3892
6195 2 2 102 102 3909 3887 4235
6196 2 2 102 102 3873 3756 4241
6197 2 2 102 102 3271 3269 3818
6198 2 2 102 102 544 3838 3860
6199 2 2 102 102 3218 519 3879
6200 2 2 102 102 3841 4166 4248
6201 2 2 102 102 3802 3972 4192
6202 2 2 102 102 3811 3290 3859
6203 2 2 102 102 3620 3906 3960
6204 2 2 102 102 508 507 3856
6205 2 2 102 102 3796 3498 3989
6206 2 2 102 102 3535 3536 3537
6207 2 2 102 102 258 3185 3932
6208 2 2 102 102 3930 257 3932
6209 2 2 102 102 3824 3823 4080
6210 2 2 102 102 3188 3885 4145
6211 2 2 102 102 3772 3296 4266
6212 2 2 102 102 3762 3765 3839
6213 2 2 102 102 3856 3853 3907
6214 2 2 102 102 3302 3293 3843
6215 2 2 102 102 3518 3516 3519
6216 2 2 102 102 3967 3759 4261
6217 2 2 102 102 3935 3237 4150
6218 2 2 102 102 3844 4154 4158
6219 2 2 102 102 4035 3339 4205
6220 2 2 102 102 3863 3568 4240
6221 2 2 102 102 3771 3926 3973
6222 2 2 102 102 3810 3356 3970
6223 2 2 102 102 3526 3532 3787
6224 2 2 102 102 535 534 3873
6225 2 2 102 102 571 572 3870
6226 2 2 102 102 567 568 3867
6227 2 2 102 102 529 528 3868
6228 2 2 102 102 531 530 3869
6229 2 2 102 102 569 570 3874
6230 2 2 102 102 521 520 3875
6231 2 2 102 102 556 557 3880
6232 2 2 102 102 3878 3218 3879
6233 2 2 102 102 554 555 3882
6234 2 2 102 102 517 516 3885
6235 2 2 102 102 552 553 3886
6236 2 2 102 102 515 514 3887
6237 2 2 102 102 3264 3425 3911
6238 2 2 102 102 3287 3991 4078
6239 2 2 102 102 550 551 3889
6240 2 2 102 102 3268 3292 3912
6241 2 2 102 102 513 512 3893
6242 2 2 102 102 548 549 3902
6243 2 2 102 102 3836 523 3858
6244 2 2 102 102 546 547 3903
6245 2 2 102 102 3837 3856 3907
6246 2 2 102 102 4084 3965 4263
6247 2 2 102 102 3627 3750 4031
6248 2 2 102 102 3800 3410 4089
6249 2 2 102 102 3707 3782 4141
6250 2 2 102 102 3251 3398 3891
6251 2 2 102 102 3428 3427 3960
6252 2 2 102 102 3184 3984 4237
6253 2 2 102 102 3312 3310 3881
6254 2 2 102 102 3402 3408 3422
6255 2 2 102 102 3455 3840 4172
6256 2 2 102 102 3807 3971 4227
6257 2 2 102 102 3837 3907 3985
6258 2 2 102 102 3488 3446 3489
6259 2 2 102 102 3916 3458 3917
6260 2 2 102 102 3656 3658 4255
6261 2 2 102 102 3914 3706 4115
6262 2 2 102 102 3825 3824 4126
6263 2 2 102 102 3787 3532 3788
6264 2 2 102 102 3963 3693 4085
6265 2 2 102 102 3413 3431 3432
6266 2 2 102 102 3421 4084 4263
6267 2 2 102 102 3276 3277 4097
6268 2 2 102 102 3999 3647 4179
6269 2 2 102 102 3256 3255 3257
6270 2 2 102 102 3254 3253 3255
6271 2 2 102 102 3761 3760 3762
6272 2 2 102 102 3429 3428 3478
6273 2 2 102 102 3258 3257 3259
6274 2 2 102 102 3759 3712 3760
6275 2 2 102 102 3260 3259 3261
6276 2 2 102 102 3765 3764 3766
6277 2 2 102 102 3262 3261 3263
6278 2 2 102 102 3264 3263 3265
6279 2 2 102 102 3266 3265 3267
6280 2 2 102 102 3706 3914 4243
6281 2 2 102 102 3268 3267 3269
6282 2 2 102 102 3252 3251 3253
6283 2 2 102 102 3546 3246 3812
6284 2 2 102 102 3313 3312 3316
6285 2 2 102 102 3311 3310 3312
6286 2 2 102 102 3287 3286 3811
6287 2 2 102 102 3309 3308 3310
6288 2 2 102 102 3378 3376 3404
6289 2 2 102 102 3300 3297 3406
6290 2 2 102 102 4140 3701 4187
6291 2 2 102 102 3336 3335 3810
6292 2 2 102 102 3352 3349 3801
6293 2 2 102 102 3330 3328 3820
6294 2 2 102 102 3356 3355 3813
6295 2 2 102 102 3256 3257 3258
6296 2 2 102 102 3254 3255 3256
6297 2 2 102 102 3844 3845 4154
6298 2 2 102 102 3432 3431 3504
6299 2 2 102 102 3252 3253 3254
6300 2 2 102 102 3799 3233 3871
6301 2 2 102 102 3353 3347 3379
6302 2 2 102 102 3189 3882 3884
6303 2 2 102 102 3258 3259 3260
6304 2 2 102 102 3264 3265 3266
6305 2 2 102 102 3260 3261 3262
6306 2 2 102 102 3262 3263 3264
6307 2 2 102 102 3311 3312 3313
6308 2 2 102 102 3266 3267 3268
6309 2 2 102 102 3309 3310 3311
6310 2 2 102 102 3268 3269 3271
6311 2 2 102 102 562 3240 3899
6312 2 2 102 102 3352 3801 3802
6313 2 2 102 102 3735 3739 4201
6314 2 2 102 102 3623 3618 3973
6315 2 2 102 102 3646 4163 4263
6316 2 2 102 102 3307 3308 3309
6317 2 2 102 102 3346 3347 3353
6318 2 2 102 102 3531 3526 3787
6319 2 2 102 102 3300 3406 3701
6320 2 2 102 102 3932 3185 4032
6321 2 2 102 102 3455 3967 4261
6322 2 2 102 102 3759 3760 3761
6323 2 2 102 102 3262 3264 3911
6324 2 2 102 102 3761 3762 3839
6325 2 2 102 102 3266 3268 3912
6326 2 2 102 102 3293 3271 3401
6327 2 2 102 102 3598 3807 3974
6328 2 2 102 102 3249 3251 3252
6329 2 2 102 102 3917 3458 4045
6330 2 2 102 102 3244 3246 3546
6331 2 2 102 102 3307 3302 3308
6332 2 2 102 102 3765 3766 3827
6333 2 2 102 102 4028 3679 4151
6334 2 2 102 102 3422 3408 3423
6335 2 2 102 102 3325 3319 3333
6336 2 2 102 102 3269 3272 3818
6337 2 2 102 102 3321 3328 3330
6338 2 2 102 102 3337 3349 3352
6339 2 2 102 102 3346 3332 3347
6340 2 2 102 102 3357 3386 3397
6341 2 2 102 102 3896 3734 4098
6342 2 2 102 102 3439 3487 3500
6343 2 2 102 102 3274 3276 3279
6344 2 2 102 102 3502 3420 3510
6345 2 2 102 102 3783 3784 4194
6346 2 2 102 102 3284 3286 3287
6347 2 2 102 102 3594 3759 3967
6348 2 2 102 102 3315 3313 3921
6349 2 2 102 102 3740 3447 4105
6350 2 2 102 102 3369 3376 3378
6351 2 2 102 102 3594 3712 3759
6352 2 2 102 102 3294 3297 3300
6353 2 2 102 102 3762 3764 3765
6354 2 2 102 102 3393 3371 3410
6355 2 2 102 102 3766 3767 3768
6356 2 2 102 102 3762 3763 3764
6357 2 2 102 102 3407 3428 3429
6358 2 2 102 102 3327 3335 3336
6359 2 2 102 102 3341 3355 3356
6360 2 2 102 102 3965 3646 4263
6361 2 2 102 102 4077 4074 4233
6362 2 2 102 102 3375 3402 3403
6363 2 2 102 102 3633 3808 4050
6364 2 2 102 102 3468 3465 3910
6365 2 2 102 102 3594 3711 3712
6366 2 2 102 102 4022 3876 4208
6367 2 2 102 102 3211 527 3895
6368 2 2 102 102 3341 3343 3355
6369 2 2 102 102 3355 3373 3375
6370 2 2 102 102 3375 3396 3402
6371 2 2 102 102 3955 3785 4169
6372 2 2 102 102 3293 3401 3843
6373 2 2 102 102 3327 3334 3335
6374 2 2 102 102 3335 3340 3341
6375 2 2 102 102 3459 3458 3916
6376 2 2 102 102 3840 4110 4172
6377 2 2 102 102 3304 3326 3327
6378 2 2 102 102 3795 3333 4155
6379 2 2 102 102 3862 3752 4073
6380 2 2 102 102 3952 3287 4078
6381 2 2 102 102 3294 3295 3297
6382 2 2 102 102 3286 3288 3290
6383 2 2 102 102 3290 3291 3294
6384 2 2 102 102 3284 3285 3286
6385 2 2 102 102 3827 3766 4025
6386 2 2 102 102 236 4006 4065
6387 2 2 102 102 3269 3270 3272
6388 2 2 102 102 3369 3370 3376
6389 2 2 102 102 3282 3283 3284
6390 2 2 102 102 3430 3405 4228
6391 2 2 102 102 3272 3273 3274
6392 2 2 102 102 3274 3275 3276
6393 2 2 102 102 3894 3658 3895
6394 2 2 102 102 3249 3250 3251
6395 2 2 102 102 3369 3378 4001
6396 2 2 102 102 3246 3248 3249
6397 2 2 102 102 3316 3320 3321
6398 2 2 102 102 3667 3933 4189
6399 2 2 102 102 3244 3245 3246
6400 2 2 102 102 3513 3514 3515
6401 2 2 102 102 3488 3489 3551
6402 2 2 102 102 3648 3649 4149
6403 2 2 102 102 3357 3358 3386
6404 2 2 102 102 3349 3350 3357
6405 2 2 102 102 3337 3338 3349
6406 2 2 102 102 3321 3322 3328
6407 2 2 102 102 3328 3329 3337
6408 2 2 102 102 3796 3891 4044
6409 2 2 102 102 3619 3919 4133
6410 2 2 102 102 3392 4027 4060
6411 2 2 102 102 3207 524 3836
6412 2 2 102 102 3379 3512 3513
6413 2 2 102 102 3422 3447 3740
6414 2 2 102 102 3972 3802 4203
6415 2 2 102 102 3841 3839 4166
6416 2 2 102 102 3694 3695 3844
6417 2 2 102 102 3824 4080 4126
6418 2 2 102 102 3394 3393 3405
6419 2 2 102 102 3524 3531 3842
6420 2 2 102 102 3372 3371 3393
6421 2 2 102 102 3419 3502 3503
6422 2 2 102 102 3197 509 3837
6423 2 2 102 102 3647 3995 4179
6424 2 2 102 102 3228 3808 4067
6425 2 2 102 102 4004 3700 4214
6426 2 2 102 102 3566 3564 3850
6427 2 2 102 102 3400 3416 3417
6428 2 2 102 102 3481 3480 3482
6429 2 2 102 102 3354 3353 3371
6430 2 2 102 102 3921 3781 4254
6431 2 2 102 102 3545 3530 3621
6432 2 2 102 102 3484 3426 3485
6433 2 2 102 102 3314 3313 3315
6434 2 2 102 102 3384 3390 3399
6435 2 2 102 102 3939 3181 4081
6436 2 2 102 102 3469 3593 3594
6437 2 2 102 102 3601 3566 3850
6438 2 2 102 102 3297 3298 3819
6439 2 2 102 102 3377 3381 3383
6440 2 2 102 102 3292 3271 3293
6441 2 2 102 102 3318 3315 3319
6442 2 2 102 102 3345 3332 3346
6443 2 2 102 102 3331 3325 3332
6444 2 2 102 102 3298 3303 3304
6445 2 2 102 102 3323 3319 3325
6446 2 2 102 102 3751 3863 4240
6447 2 2 102 102 3868 3961 3962
6448 2 2 102 102 3847 3702 4258
6449 2 2 102 102 3798 3962 4262
6450 2 2 102 102 542 543 3210
6451 2 2 102 102 3477 3605 3694
6452 2 2 102 102 3868 3211 3961
6453 2 2 102 102 3860 3838 4267
6454 2 2 102 102 3301 3293 3302
6455 2 2 102 102 3306 3302 3307
6456 2 2 102 102 3495 3479 3547
6457 2 2 102 102 3277 3280 3282
6458 2 2 102 102 3366 3368 3369
6459 2 2 102 102 3913 3912 4026
6460 2 2 102 102 3840 3455 4261
6461 2 2 102 102 3743 3629 4259
6462 2 2 102 102 3703 3704 3705
6463 2 2 102 102 3876 3875 3877
6464 2 2 102 102 3316 3321 3781
6465 2 2 102 102 3241 3243 3244
6466 2 2 102 102 3360 3362 3363
6467 2 2 102 102 3988 3768 4182
6468 2 2 102 102 4128 4017 4183
6469 2 2 102 102 3484 3485 3630
6470 2 2 102 102 3892 3825 4126
6471 2 2 102 102 3234 3896 4098
6472 2 2 102 102 3920 4027 4130
6473 2 2 102 102 3208 3851 3852
6474 2 2 102 102 3472 3468 3910
6475 2 2 102 102 4149 3649 4186
6476 2 2 102 102 3481 3482 3615
6477 2 2 102 102 4056 3628 4071
6478 2 2 102 102 506 505 3851
6479 2 2 102 102 3583 3993 3994
6480 2 2 102 102 4027 3742 4060
6481 2 2 102 102 3543 3554 3608
6482 2 2 102 102 3236 3873 4241
6483 2 2 102 102 3444 3445 3446
6484 2 2 102 102 3543 3608 3834
6485 2 2 102 102 3834 3608 3835
6486 2 2 102 102 3886 4056 4071
6487 2 2 102 102 3840 3839 3841
6488 2 2 102 102 3491 3543 3834
6489 2 2 102 102 3573 3691 3751
6490 2 2 102 102 3793 3794 4096
6491 2 2 102 102 3600 3566 3601
6492 2 2 102 102 3821 4054 4204
6493 2 2 102 102 3462 3459 3916
6494 2 2 102 102 3766 3764 3767
6495 2 2 102 102 3751 3752 3862
6496 2 2 102 102 3282 3284 3952
6497 2 2 102 102 3762 3760 3763
6498 2 2 102 102 3503 3502 3540
6499 2 2 102 102 3823 3719 4014
6500 2 2 102 102 3606 3472 3910
6501 2 2 102 102 3842 3666 4161
6502 2 2 102 102 3187 3941 4090
6503 2 2 102 102 3818 3272 4127
6504 2 2 102 102 3926 3623 3973
6505 2 2 102 102 3453 3469 3967
6506 2 2 102 102 3509 3950 4217
6507 2 2 102 102 3782 3707 4216
6508 2 2 102 102 566 3212 3825
6509 2 2 102 102 563 3209 3240
6510 2 2 102 102 3646 4111 4112
6511 2 2 102 102 3406 3297 3819
6512 2 2 102 102 3240 3209 3241
6513 2 2 102 102 3739 3664 3775
6514 2 2 102 102 3447 3792 4174
6515 2 2 102 102 3723 3719 3823
6516 2 2 102 102 3304 3327 3924
6517 2 2 102 102 3199 3903 4019
6518 2 2 102 102 3612 3562 3629
6519 2 2 102 102 3417 3416 3418
6520 2 2 102 102 3402 3396 3408
6521 2 2 102 102 536 3236 3898
6522 2 2 102 102 3375 3373 3396
6523 2 2 102 102 3355 3343 3373
6524 2 2 102 102 3515 3514 3516
6525 2 2 102 102 4072 3200 4117
6526 2 2 102 102 3519 3521 4161
6527 2 2 102 102 3341 3340 3343
6528 2 2 102 102 507 506 3208
6529 2 2 102 102 3335 3334 3340
6530 2 2 102 102 3592 3472 3606
6531 2 2 102 102 3327 3326 3334
6532 2 2 102 102 545 3199 3838
6533 2 2 102 102 3513 4148 4273
6534 2 2 102 102 3255 3253 3344
6535 2 2 102 102 3399 3390 3400
6536 2 2 102 102 564 565 3892
6537 2 2 102 102 3478 3428 3637
6538 2 2 102 102 3261 3259 3296
6539 2 2 102 102 3269 3267 3270
6540 2 2 102 102 3594 3593 3711
6541 2 2 102 102 3800 4089 4107
6542 2 2 102 102 3265 3263 3560
6543 2 2 102 102 3234 533 3896
6544 2 2 102 102 3466 3462 3561
6545 2 2 102 102 3561 3462 3916
6546 2 2 102 102 3829 3709 4095
6547 2 2 102 102 3310 3511 3881
6548 2 2 102 102 3906 3637 3960
6549 2 2 102 102 3332 3325 3998
6550 2 2 102 102 3297 3295 3298
6551 2 2 102 102 3294 3291 3295
6552 2 2 102 102 568 569 3226
6553 2 2 102 102 562 563 3240
6554 2 2 102 102 532 531 3214
6555 2 2 102 102 566 567 3212
6556 2 2 102 102 528 527 3211
6557 2 2 102 102 530 529 3217
6558 2 2 102 102 565 566 3825
6559 2 2 102 102 563 564 3209
6560 2 2 102 102 536 535 3236
6561 2 2 102 102 572 573 3233
6562 2 2 102 102 525 524 3207
6563 2 2 102 102 570 571 3224
6564 2 2 102 102 534 533 3234
6565 2 2 102 102 560 561 3200
6566 2 2 102 102 522 521 3198
6567 2 2 102 102 557 558 3194
6568 2 2 102 102 3901 3900 4264
6569 2 2 102 102 3290 3288 3291
6570 2 2 102 102 4050 3944 4138
6571 2 2 102 102 3286 3285 3288
6572 2 2 102 102 520 519 3218
6573 2 2 102 102 3376 3370 3377
6574 2 2 102 102 555 556 3219
6575 2 2 102 102 3834 3835 4007
6576 2 2 102 102 544 545 3838
6577 2 2 102 102 3316 3312 3320
6578 2 2 102 102 518 517 3188
6579 2 2 102 102 3284 3283 3285
6580 2 2 102 102 3383 3381 3384
6581 2 2 102 102 3304 3303 3326
6582 2 2 102 102 553 554 3189
6583 2 2 102 102 516 515 3220
6584 2 2 102 102 3395 3477 3983
6585 2 2 102 102 3310 3308 3511
6586 2 2 102 102 551 552 3221
6587 2 2 102 102 532 3214 3896
6588 2 2 102 102 525 3207 3894
6589 2 2 102 102 3491 3834 3964
6590 2 2 102 102 568 3226 3867
6591 2 2 102 102 3214 531 3869
6592 2 2 102 102 570 3224 3874
6593 2 2 102 102 3236 535 3873
6594 2 2 102 102 572 3233 3870
6595 2 2 102 102 3217 529 3868
6596 2 2 102 102 514 513 3191
6597 2 2 102 102 3198 521 3875
6598 2 2 102 102 557 3194 3880
6599 2 2 102 102 3694 3605 3695
6600 2 2 102 102 549 550 3193
6601 2 2 102 102 512 511 3222
6602 2 2 102 102 3824 3825 4251
6603 2 2 102 102 3222 511 3904
6604 2 2 102 102 547 548 3223
6605 2 2 102 102 555 3219 3882
6606 2 2 102 102 510 509 3197
6607 2 2 102 102 545 546 3199
6608 2 2 102 102 3793 3631 3794
6609 2 2 102 102 3539 3972 4203
6610 2 2 102 102 3188 517 3885
6611 2 2 102 102 553 3189 3886
6612 2 2 102 102 3738 4128 4183
6613 2 2 102 102 3489 3490 3491
6614 2 2 102 102 3272 3270 3273
6615 2 2 102 102 3353 3379 4142
6616 2 2 102 102 3220 515 3887
6617 2 2 102 102 3274 3273 3275
6618 2 2 102 102 3276 3275 3277
6619 2 2 102 102 3546 3814 3815
6620 2 2 102 102 3369 3368 3370
6621 2 2 102 102 3844 3695 3845
6622 2 2 102 102 551 3221 3889
6623 2 2 102 102 3379 3347 3512
6624 2 2 102 102 3282 3280 3283
6625 2 2 102 102 3383 3384 3919
6626 2 2 102 102 3191 513 3893
6627 2 2 102 102 527 526 3895
6628 2 2 102 102 4166 3351 4248
6629 2 2 102 102 3251 3250 3398
6630 2 2 102 102 3249 3248 3250
6631 2 2 102 102 549 3193 3902
6632 2 2 102 102 3255 3344 3963
6633 2 2 102 102 510 3197 3904
6634 2 2 102 102 3246 3245 3248
6635 2 2 102 102 3228 3944 4050
6636 2 2 102 102 547 3223 3903
6637 2 2 102 102 3646 4112 4163
6638 2 2 102 102 537 536 3898
6639 2 2 102 102 3321 3320 3322
6640 2 2 102 102 3357 3350 3358
6641 2 2 102 102 3558 3430 3559
6642 2 2 102 102 3349 3338 3350
6643 2 2 102 102 3429 3478 3479
6644 2 2 102 102 3337 3329 3338
6645 2 2 102 102 3328 3322 3329
6646 2 2 102 102 3394 3405 3412
6647 2 2 102 102 3768 3767 3985
6648 2 2 102 102 3363 3362 3364
6649 2 2 102 102 3364 3366 4001
6650 2 2 102 102 3580 3583 3995
6651 2 2 102 102 4075 3276 4097
6652 2 2 102 102 3865 3707 4141
6653 2 2 102 102 3543 3553 3554
6654 2 2 102 102 3372 3393 3394
6655 2 2 102 102 3491 3542 3543
6656 2 2 102 102 3599 3505 3604
6657 2 2 102 102 3363 3364 4008
6658 2 2 102 102 3346 3353 3354
6659 2 2 102 102 3952 3699 4097
6660 2 2 102 102 3244 3243 3245
6661 2 2 102 102 4054 3821 4150
6662 2 2 102 102 3208 506 3851
6663 2 2 102 102 3214 3869 4190
6664 2 2 102 102 3513 3512 3514
6665 2 2 102 102 3354 3371 3372
6666 2 2 102 102 3900 559 4072
6667 2 2 102 102 3311 3313 3314
6668 2 2 102 102 533 532 3896
6669 2 2 102 102 526 525 3894
6670 2 2 102 102 3535 3537 3613
6671 2 2 102 102 3537 3536 3538
6672 2 2 102 102 4073 3752 4139
6673 2 2 102 102 3313 3316 3921
6674 2 2 102 102 3264 3266 3425
6675 2 2 102 102 3268 3271 3292
6676 2 2 102 102 3260 3262 3342
6677 2 2 102 102 3489 3491 3964
6678 2 2 102 102 3265 3560 3992
6679 2 2 102 102 3254 3256 3374
6680 2 2 102 102 3914 3342 3915
6681 2 2 102 102 511 510 3904
6682 2 2 102 102 3238 492 3908
6683 2 2 102 102 491 492 3238
6684 2 2 102 102 3751 3691 3752
6685 2 2 102 102 3321 3330 3781
6686 2 2 102 102 3282 3952 4097
6687 2 2 102 102 3893 3864 4122
6688 2 2 102 102 3600 3601 3692
6689 2 2 102 102 3788 3532 3790
6690 2 2 102 102 3331 3332 3345
6691 2 2 102 102 3495 3547 3548
6692 2 2 102 102 3314 3315 3318
6693 2 2 102 102 3323 3325 3331
6694 2 2 102 102 3401 3818 4188
6695 2 2 102 102 3397 3419 3990
6696 2 2 102 102 3318 3319 3323
6697 2 2 102 102 3684 4072 4117
6698 2 2 102 102 3823 3247 4080
6699 2 2 102 102 3432 3504 3505
6700 2 2 102 102 3644 3828 4008
6701 2 2 102 102 3300 3701 3702
6702 2 2 102 102 3712 3711 4122
6703 2 2 102 102 3434 3435 3436
6704 2 2 102 102 3479 3478 3959
6705 2 2 102 102 3274 3279 4127
6706 2 2 102 102 3531 3787 3789
6707 2 2 102 102 3411 3386 3757
6708 2 2 102 102 3279 4074 4077
6709 2 2 102 102 3548 3547 3549
6710 2 2 102 102 3292 3293 3301
6711 2 2 102 102 4012 3881 4104
6712 2 2 102 102 3306 3307 3339
6713 2 2 102 102 3301 3302 3306
6714 2 2 102 102 3342 3262 3911
6715 2 2 102 102 3829 3231 4125
6716 2 2 102 102 3425 3266 3912
6717 2 2 102 102 3500 3487 3708
6718 2 2 102 102 3439 3500 3501
6719 2 2 102 102 3551 3489 3964
6720 2 2 102 102 3510 3420 3830
6721 2 2 102 102 3618 3619 3973
6722 2 2 102 102 3897 3214 4190
6723 2 2 102 102 3206 3931 3953
6724 2 2 102 102 3231 3829 4095
6725 2 2 102 102 3260 3342 3914
6726 2 2 102 102 3852 3851 3857
6727 2 2 102 102 3664 3661 4031
6728 2 2 102 102 4006 3687 4065
6729 2 2 102 102 3182 3832 4143
6730 2 2 102 102 3488 3551 3633
6731 2 2 102 102 3761 3839 3840
6732 2 2 102 102 4028 3509 4217
6733 2 2 102 102 4 537 4173
6734 2 2 102 102 3410 3371 4142
6735 2 2 102 102 3709 3804 4095
6736 2 2 102 102 3547 3479 3959
6737 2 2 102 102 3621 3530 3666
6738 2 2 102 102 3545 3621 3747
6739 2 2 102 102 3787 3788 3979
6740 2 2 102 102 3436 3437 3438
6741 2 2 102 102 505 3216 3851
6742 2 2 102 102 3723 3823 3824
6743 2 2 102 102 3705 3704 3753
6744 2 2 102 102 3805 3406 4197
6745 2 2 102 102 542 3210 4057
6746 2 2 102 102 3630 3485 3632
6747 2 2 102 102 3484 3630 3631
6748 2 2 102 102 3612 3629 3920
6749 2 2 102 102 3438 3440 3441
6750 2 2 102 102 3481 3615 3620
6751 2 2 102 102 3615 3482 3616
6752 2 2 102 102 3608 3554 3609
6753 2 2 102 102 3346 3354 3986
6754 2 2 102 102 3666 3842 4113
6755 2 2 102 102 3270 3267 3992
6756 2 2 102 102 3592 3606 3693
6757 2 2 102 102 3503 3540 3642
6758 2 2 102 102 3460 3461 4017
6759 2 2 102 102 3691 3574 4035
6760 2 2 102 102 3466 3561 3562
6761 2 2 102 102 3978 3890 4071
6762 2 2 102 102 3470 3471 4022
6763 2 2 102 102 3768 3985 4182
6764 2 2 102 102 4028 4151 4202
6765 2 2 102 102 3284 3287 3952
6766 2 2 102 102 3478 3637 3638
6767 2 2 102 102 492 493 3908
6768 2 2 102 102 3764 3763 3849
6769 2 2 102 102 3809 3551 3964
6770 2 2 102 102 3637 3428 3960
6771 2 2 102 102 3258 3260 3914
6772 2 2 102 102 3512 3347 3998
6773 2 2 102 102 3558 3559 3595
6774 2 2 102 102 560 3200 4072
6775 2 2 102 102 3599 3604 3748
6776 2 2 102 102 4082 3624 4268
6777 2 2 102 102 3216 3955 4169
6778 2 2 102 102 3220 3887 3909
6779 2 2 102 102 3613 3537 3614
6780 2 2 102 102 3535 3613 3905
6781 2 2 102 102 3832 3182 4274
6782 2 2 102 102 3878 3879 3956
6783 2 2 102 102 3478 3638 3959
6784 2 2 102 102 3760 3712 3864
6785 2 2 102 102 3851 3216 3857
6786 2 2 102 102 3828 3363 4008
6787 2 2 102 102 3469 3594 3967
6788 2 2 102 102 3281 3744 3918
6789 2 2 102 102 505 504 3216
6790 2 2 102 102 3548 3549 3552
6791 2 2 102 102 3549 3547 3773
6792 2 2 102 102 3501 3500 3507
6793 2 2 102 102 3708 3487 3709
6794 2 2 102 102 3510 3830 3831
6795 2 2 102 102 3573 3751 4240
6796 2 2 102 102 3917 4004 4091
6797 2 2 102 102 3633 3551 3808
6798 2 2 102 102 3913 3993 4041
6799 2 2 102 102 3545 3747 3782
6800 2 2 102 102 3621 3666 3786
6801 2 2 102 102 3705 3753 3754
6802 2 2 102 102 3753 3704 3769
6803 2 2 102 102 3630 3632 3783
6804 2 2 102 102 3620 3615 3779
6805 2 2 102 102 3616 3482 3617
6806 2 2 102 102 3609 3554 3610
6807 2 2 102 102 3672 3674 3675
6808 2 2 102 102 212 213 3239
6809 2 2 102 102 3642 3540 3643
6810 2 2 102 102 3870 3733 4195
6811 2 2 102 102 3198 3875 3876
6812 2 2 102 102 526 3894 3895
6813 2 2 102 102 3392 3270 3992
6814 2 2 102 102 3558 3595 3833
6815 2 2 102 102 3595 3559 3596
6816 2 2 102 102 3835 3608 3996
6817 2 2 102 102 3748 3604 3749
6818 2 2 102 102 3882 3219 3883
6819 2 2 102 102 3239 213 3923
6820 2 2 102 102 3765 3827 4166
6821 2 2 102 102 3552 3549 3645
6822 2 2 102 102 507 3208 3856
6823 2 2 102 102 3501 3507 3508
6824 2 2 102 102 3708 3709 3829
6825 2 2 102 102 3510 3831 3832
6826 2 2 102 102 3799 3871 3872
6827 2 2 102 102 214 3213 3923
6828 2 2 102 102 3527 3528 3529
6829 2 2 102 102 3808 3551 3809
6830 2 2 102 102 543 544 3860
6831 2 2 102 102 3431 3558 4015
6832 2 2 102 102 3783 3632 3784
6833 2 2 102 102 3620 3779 3780
6834 2 2 102 102 3616 3617 3618
6835 2 2 102 102 3609 3610 3611
6836 2 2 102 102 3675 3674 3676
6837 2 2 102 102 3642 3643 3922
6838 2 2 102 102 3643 3540 3816
6839 2 2 102 102 4053 3838 4270
6840 2 2 102 102 3672 3675 3927
6841 2 2 102 102 3595 3596 3667
6842 2 2 102 102 3354 3382 3986
6843 2 2 102 102 3748 3749 3821
6844 2 2 102 102 3552 3645 3646
6845 2 2 102 102 3378 3407 4136
6846 2 2 102 102 3508 3507 3686
6847 2 2 102 102 3832 3831 3866
6848 2 2 102 102 3889 3221 3890
6849 2 2 102 102 3784 3632 3785
6850 2 2 102 102 3616 3618 3622
6851 2 2 102 102 3620 3780 3906
6852 2 2 102 102 3609 3611 3774
6853 2 2 102 102 3611 3610 3650
6854 2 2 102 102 3675 3676 3745
6855 2 2 102 102 3643 3816 3817
6856 2 2 102 102 3667 3596 3668
6857 2 2 102 102 3686 3507 3687
6858 2 2 102 102 3622 3618 3623
6859 2 2 102 102 3611 3650 3651
6860 2 2 102 102 3745 3676 3746
6861 2 2 102 102 3668 3596 3669
6862 2 2 102 102 3622 3623 3690
6863 2 2 102 102 3651 3650 3652
6864 2 2 102 102 3746 3676 3865
6865 2 2 102 102 3668 3669 3670
6866 2 2 102 102 3690 3623 3925
6867 2 2 102 102 3651 3652 3653
6868 2 2 102 102 3670 3669 3671
6869 2 2 102 102 3925 3623 3926
6870 2 2 102 102 3651 3653 3777
6871 2 2 102 102 3670 3671 3672
6872 2 2 102 102 3777 3653 3778
6873 2 2 102 102 3670 3672 3927
6874 2 2 102 102 3778 3653 3791
6875 2 2 102 102 3205 244 3940
6876 2 2 102 102 244 245 3940
6877 2 2 102 102 261 3227 3934
6878 2 2 102 102 3227 262 3943
6879 2 2 102 102 249 3202 3937
6880 2 2 102 102 3945 3947 3949
6881 2 2 102 102 3186 230 3929
6882 2 2 102 102 3936 248 3937
6883 2 2 102 102 247 248 3936
6884 2 2 102 102 262 263 3943
6885 2 2 102 102 3187 264 3941
6886 2 2 102 102 248 249 3937
6887 2 2 102 102 264 265 3941
6888 2 2 102 102 214 215 3213
6889 2 2 102 102 220 221 3196
6890 2 2 102 102 222 223 3229
6891 2 2 102 102 224 225 3190
6892 2 2 102 102 232 233 3231
6893 2 2 102 102 234 235 3184
6894 2 2 102 102 240 241 3183
6895 2 2 102 102 246 247 3181
6896 2 2 102 102 252 253 3182
6897 2 2 102 102 258 259 3185
6898 2 2 102 102 260 261 3934
6899 2 2 102 102 265 266 3230
6900 2 2 102 102 267 268 3192
6901 2 2 102 102 271 272 3195
6902 2 2 102 102 277 278 3215
6903 2 2 102 102 279 280 3237
6904 2 2 102 102 249 250 3202
6905 2 2 102 102 261 262 3227
6906 2 2 102 102 263 264 3187
6907 2 2 102 102 265 3230 3941
6908 2 2 102 102 217 218 3204
6909 2 2 102 102 229 230 3186
6910 2 2 102 102 237 238 3201
6911 2 2 102 102 274 3203 3933
6912 2 2 102 102 227 228 3228
6913 2 2 102 102 243 244 3205
6914 2 2 102 102 255 256 3206
6915 2 2 102 102 269 270 3232
6916 2 2 102 102 274 275 3203
6917 2 2 102 102 229 3186 3944
6918 2 2 102 102 267 3192 3938
6919 2 2 102 102 279 3237 3935
6920 2 2 102 102 3945 3946 3947
6921 2 2 102 102 228 229 3944
6922 2 2 102 102 276 3945 3949
6923 2 2 102 102 245 3939 3940
6924 2 2 102 102 230 231 3929
6925 2 2 102 102 3228 228 3944
6926 2 2 102 102 271 3195 3942
6927 2 2 102 102 3232 270 3942
6928 2 2 102 102 3181 247 3936
6929 2 2 102 102 263 3187 3943
6930 2 2 102 102 270 271 3942
6931 2 2 102 102 3206 3930 3931
6932 2 2 102 102 273 274 3933
6933 2 2 102 102 3230 266 3938
6934 2 2 102 102 266 267 3938
6935 2 2 102 102 3185 259 3948
6936 2 2 102 102 256 257 3930
6937 2 2 102 102 231 3928 3929
6938 2 2 102 102 245 246 3939
6939 2 2 102 102 3945 3215 3946
6940 2 2 102 102 3215 278 3935
6941 2 2 102 102 3206 256 3930
6942 2 2 102 102 278 279 3935
6943 2 2 102 102 259 260 3948
6944 2 2 102 102 246 3181 3939
6945 2 2 102 102 260 3934 3948
6946 2 2 102 102 232 3231 3928
6947 2 2 102 102 231 232 3928
6948 2 2 102 102 277 3215 3945
6949 2 2 102 102 275 276 3949
6950 2 2 102 102 276 277 3945
6951 2 2 102 102 3203 275 3949
6952 2 2 102 102 3400 3415 3416
6953 2 2 102 102 3833 3203 4198
6954 2 2 102 102 213 214 3923
6955 2 2 102 102 3192 268 3951
6956 2 2 102 102 269 3232 3951
6957 2 2 102 102 268 269 3951
6958 2 2 102 102 3858 4082 4268
6959 2 2 102 102 3384 3399 3919
6960 2 2 102 102 3756 3873 4180
6961 2 2 102 102 3672 3673 3674
6962 2 2 102 102 3203 3833 4189
6963 2 2 102 102 3374 4115 4206
6964 2 2 102 102 3922 3643 3953
6965 2 2 102 102 3772 3612 3920
6966 2 2 102 102 3643 3817 3953
6967 2 2 102 102 3598 3806 3807
6968 2 2 102 102 561 562 3899
6969 2 2 102 102 3561 3916 4193
6970 2 2 102 102 558 559 3900
6971 2 2 102 102 3238 4120 4185
6972 2 2 102 102 3327 3336 3924
6973 2 2 102 102 3782 3747 3977
6974 2 2 102 102 3384 3389 3390
6975 2 2 102 102 3253 3251 3891
6976 2 2 102 102 3845 3846 3847
6977 2 2 102 102 3552 3646 3965
6978 2 2 102 102 3964 3834 4007
6979 2 2 102 102 4051 3802 4192
6980 2 2 102 102 3773 3547 3959
6981 2 2 102 102 3795 3512 3998
6982 2 2 102 102 503 502 3235
6983 2 2 102 102 3440 3598 3974
6984 2 2 102 102 3876 3877 4208
6985 2 2 102 102 3298 3299 3303
6986 2 2 102 102 3377 3380 3381
6987 2 2 102 102 3195 272 3968
6988 2 2 102 102 273 3933 3968
6989 2 2 102 102 3499 3624 3969
6990 2 2 102 102 3257 3255 3963
6991 2 2 102 102 3672 3671 3673
6992 2 2 102 102 3876 3969 4082
6993 2 2 102 102 3749 3604 4092
6994 2 2 102 102 3632 3485 3966
6995 2 2 102 102 3757 3386 3776
6996 2 2 102 102 3548 3552 3556
6997 2 2 102 102 3893 3222 4177
6998 2 2 102 102 3469 3473 3593
6999 2 2 102 102 3961 3211 4101
7000 2 2 102 102 3877 4021 4208
7001 2 2 102 102 3477 3694 3983
7002 2 2 102 102 3517 3865 4076
7003 2 2 102 102 3770 3508 3771
7004 2 2 102 102 3364 3365 3366
7005 2 2 102 102 3838 3199 4270
7006 2 2 102 102 3277 3278 3280
7007 2 2 102 102 3785 3632 3966
7008 2 2 102 102 4019 3903 4225
7009 2 2 102 102 3477 3541 3605
7010 2 2 102 102 4142 3379 4273
7011 2 2 102 102 3425 3912 3913
7012 2 2 102 102 3931 3614 4213
7013 2 2 102 102 272 273 3968
7014 2 2 102 102 3366 3367 3368
7015 2 2 102 102 4076 3677 4148
7016 2 2 102 102 3500 3708 3984
7017 2 2 102 102 3506 3505 3599
7018 2 2 102 102 3358 3359 3360
7019 2 2 102 102 3556 3552 3965
7020 2 2 102 102 239 240 3982
7021 2 2 102 102 3538 3536 3539
7022 2 2 102 102 3241 3244 4234
7023 2 2 102 102 3853 3852 3854
7024 2 2 102 102 3766 3768 4025
7025 2 2 102 102 574 7 4185
7026 2 2 102 102 3615 3616 3980
7027 2 2 102 102 3583 3994 3995
7028 2 2 102 102 3666 3530 4161
7029 2 2 102 102 540 541 3225
7030 2 2 102 102 504 503 3955
7031 2 2 102 102 3241 3242 3243
7032 2 2 102 102 3339 3307 4139
7033 2 2 102 102 3822 3225 4057
7034 2 2 102 102 3507 3500 3984
7035 2 2 102 102 3414 3412 3509
7036 2 2 102 102 3360 3361 3362
7037 2 2 102 102 3216 504 3955
7038 2 2 102 102 3529 3533 3534
7039 2 2 102 102 3449 3451 3455
7040 2 2 102 102 3453 3456 3469
7041 2 2 102 102 3779 3615 3980
7042 2 2 102 102 3319 3315 4034
7043 2 2 102 102 3489 3446 3490
7044 2 2 102 102 3911 3425 4041
7045 2 2 102 102 3320 3881 4012
7046 2 2 102 102 3366 3369 4001
7047 2 2 102 102 3827 3385 4121
7048 2 2 102 102 3715 3713 4249
7049 2 2 102 102 3934 3227 3979
7050 2 2 102 102 3464 3467 3483
7051 2 2 102 102 3197 3837 3985
7052 2 2 102 102 3395 3476 3477
7053 2 2 102 102 224 3190 4000
7054 2 2 102 102 3229 223 4000
7055 2 2 102 102 3789 3787 3979
7056 2 2 102 102 3864 3893 4177
7057 2 2 102 102 3374 3256 4115
7058 2 2 102 102 3281 3743 3744
7059 2 2 102 102 3497 3499 3969
7060 2 2 102 102 3499 3603 3624
7061 2 2 102 102 3692 4019 4225
7062 2 2 102 102 3230 3938 3977
7063 2 2 102 102 3207 3836 4209
7064 2 2 102 102 3555 3509 3607
7065 2 2 102 102 3196 221 4005
7066 2 2 102 102 222 3229 4005
7067 2 2 102 102 3517 4076 4148
7068 2 2 102 102 3583 3584 3993
7069 2 2 102 102 3194 3900 3901
7070 2 2 102 102 3461 3464 4017
7071 2 2 102 102 3884 3581 4207
7072 2 2 102 102 493 4 4173
7073 2 2 102 102 236 237 4006
7074 2 2 102 102 3190 225 4013
7075 2 2 102 102 3721 3724 3798
7076 2 2 102 102 3866 3831 4112
7077 2 2 102 102 3391 3345 3564
7078 2 2 102 102 3471 3497 4022
7079 2 2 102 102 3609 3774 3996
7080 2 2 102 102 3728 3730 3734
7081 2 2 102 102 3573 3574 3691
7082 2 2 102 102 3616 3622 3980
7083 2 2 102 102 3842 3531 4113
7084 2 2 102 102 3849 3763 4177
7085 2 2 102 102 3558 3833 4015
7086 2 2 102 102 3584 3636 3993
7087 2 2 102 102 3651 3777 4024
7088 2 2 102 102 3565 3564 3566
7089 2 2 102 102 3774 3611 4024
7090 2 2 102 102 3567 3566 3600
7091 2 2 102 102 3584 3586 3636
7092 2 2 102 102 3564 3345 3986
7093 2 2 102 102 3590 3680 3706
7094 2 2 102 102 240 3183 3982
7095 2 2 102 102 3915 3588 4243
7096 2 2 102 102 3267 3265 3992
7097 2 2 102 102 3502 3510 4018
7098 2 2 102 102 3780 3779 4083
7099 2 2 102 102 3729 4134 4153
7100 2 2 102 102 3504 3431 4015
7101 2 2 102 102 3637 3906 4069
7102 2 2 102 102 3580 3582 3583
7103 2 2 102 102 3576 3578 3647
7104 2 2 102 102 3509 3412 3950
7105 2 2 102 102 3311 3314 4073
7106 2 2 102 102 3521 3522 3523
7107 2 2 102 102 503 3235 3955
7108 2 2 102 102 3913 4026 4245
7109 2 2 102 102 3570 3572 3573
7110 2 2 102 102 3687 3507 3984
7111 2 2 102 102 220 3196 4037
7112 2 2 102 102 3618 3617 3619
7113 2 2 102 102 3494 3479 3495
7114 2 2 102 102 3983 3694 4086
7115 2 2 102 102 3871 3233 4120
7116 2 2 102 102 3858 3198 4082
7117 2 2 102 102 3571 3569 3688
7118 2 2 102 102 3259 3257 4085
7119 2 2 102 102 3866 251 4143
7120 2 2 102 102 3519 3520 3521
7121 2 2 102 102 3380 3844 4158
7122 2 2 102 102 3347 3332 3998
7123 2 2 102 102 3345 3346 3986
7124 2 2 102 102 3417 3439 4002
7125 2 2 102 102 3767 3764 3849
7126 2 2 102 102 3563 3562 3612
7127 2 2 102 102 3579 3577 3628
7128 2 2 102 102 3591 3901 4264
7129 2 2 102 102 3416 3492 3975
7130 2 2 102 102 3716 3715 4014
7131 2 2 102 102 3263 3261 4087
7132 2 2 102 102 3735 3664 3739
7133 2 2 102 102 3204 218 4049
7134 2 2 102 102 3209 564 3892
7135 2 2 102 102 3775 3664 4031
7136 2 2 102 102 3810 3970 3971
7137 2 2 102 102 3638 3637 4069
7138 2 2 102 102 3763 3760 3864
7139 2 2 102 102 3865 3676 4076
7140 2 2 102 102 3608 3609 3996
7141 2 2 102 102 3794 3631 4020
7142 2 2 102 102 3408 3396 3409
7143 2 2 102 102 3589 3587 3625
7144 2 2 102 102 502 501 4047
7145 2 2 102 102 3491 3490 3542
7146 2 2 102 102 3855 3988 4182
7147 2 2 102 102 4123 3816 4274
7148 2 2 102 102 3683 3681 3684
7149 2 2 102 102 3574 3576 4035
7150 2 2 102 102 3696 3612 3772
7151 2 2 102 102 3221 3886 4071
7152 2 2 102 102 3720 3719 3723
7153 2 2 102 102 3189 3884 4056
7154 2 2 102 102 3373 3343 3385
7155 2 2 102 102 3400 3390 3415
7156 2 2 102 102 3714 3713 3715
7157 2 2 102 102 3668 3670 4055
7158 2 2 102 102 3628 3577 3978
7159 2 2 102 102 3540 3502 4018
7160 2 2 102 102 3869 3798 4190
7161 2 2 102 102 3910 3465 4048
7162 2 2 102 102 4115 3706 4206
7163 2 2 102 102 3340 3334 3351
7164 2 2 102 102 3922 3538 4137
7165 2 2 102 102 3836 4064 4209
7166 2 2 102 102 3496 3472 3592
7167 2 2 102 102 3412 3413 3950
7168 2 2 102 102 3503 3642 3685
7169 2 2 102 102 3711 3593 3909
7170 2 2 102 102 3543 3542 3553
7171 2 2 102 102 3627 3474 3750
7172 2 2 102 102 3384 3381 3389
7173 2 2 102 102 3663 3661 3664
7174 2 2 102 102 3463 3462 3466
7175 2 2 102 102 3404 3376 3797
7176 2 2 102 102 3501 3508 3770
7177 2 2 102 102 223 224 4000
7178 2 2 102 102 3725 3722 3726
7179 2 2 102 102 3631 3630 4020
7180 2 2 102 102 3628 3978 4071
7181 2 2 102 102 3816 3540 4018
7182 2 2 102 102 3665 3557 3957
7183 2 2 102 102 3845 3695 3846
7184 2 2 102 102 3718 3716 3719
7185 2 2 102 102 3225 3821 4204
7186 2 2 102 102 3298 3295 3299
7187 2 2 102 102 3606 3910 4152
7188 2 2 102 102 3377 3370 3380
7189 2 2 102 102 3291 3288 3976
7190 2 2 102 102 3288 3285 3289
7191 2 2 102 102 3671 3669 4089
7192 2 2 102 102 3602 3498 3796
7193 2 2 102 102 3659 3657 3713
7194 2 2 102 102 3471 3468 3472
7195 2 2 102 102 3863 4023 4109
7196 2 2 102 102 3219 3880 4088
7197 2 2 102 102 4058 3296 4085
7198 2 2 102 102 3283 3280 3918
7199 2 2 102 102 235 236 4065
7200 2 2 102 102 3461 3459 3462
7201 2 2 102 102 3379 3513 4273
7202 2 2 102 102 3233 573 4120
7203 2 2 102 102 221 222 4005
7204 2 2 102 102 3510 3832 4018
7205 2 2 102 102 3344 3253 3891
7206 2 2 102 102 3457 3454 3458
7207 2 2 102 102 3452 3450 3700
7208 2 2 102 102 3912 3292 4026
7209 2 2 102 102 3277 3275 3278
7210 2 2 102 102 3273 3270 3392
7211 2 2 102 102 3364 3362 3365
7212 2 2 102 102 3719 3716 4014
7213 2 2 102 102 3679 3822 4151
7214 2 2 102 102 227 3228 4067
7215 2 2 102 102 237 3201 4006
7216 2 2 102 102 3464 3483 4017
7217 2 2 102 102 225 226 4013
7218 2 2 102 102 3352 3802 4051
7219 2 2 102 102 3241 3209 3242
7220 2 2 102 102 3306 3339 3999
7221 2 2 102 102 3358 3350 3359
7222 2 2 102 102 3329 3322 3348
7223 2 2 102 102 3978 3575 4052
7224 2 2 102 102 3416 3415 3492
7225 2 2 102 102 3398 3250 3981
7226 2 2 102 102 3250 3248 3387
7227 2 2 102 102 3630 3783 4020
7228 2 2 102 102 3497 3969 4022
7229 2 2 102 102 3245 3243 3247
7230 2 2 102 102 3596 3559 4107
7231 2 2 102 102 3354 3372 3382
7232 2 2 102 102 3514 3512 3795
7233 2 2 102 102 3961 3717 3962
7234 2 2 102 102 3394 3412 3414
7235 2 2 102 102 3686 3687 4181
7236 2 2 102 102 3809 3964 4007
7237 2 2 102 102 3200 561 3899
7238 2 2 102 102 3194 558 3900
7239 2 2 102 102 251 3866 4247
7240 2 2 102 102 3593 3473 3640
7241 2 2 102 102 3303 3299 3305
7242 2 2 102 102 3182 4123 4274
7243 2 2 102 102 3326 3303 4110
7244 2 2 102 102 3845 3847 4146
7245 2 2 102 102 3600 3692 3758
7246 2 2 102 102 3469 3456 3473
7247 2 2 102 102 3611 3651 4024
7248 2 2 102 102 3331 3345 3391
7249 2 2 102 102 3994 3913 4245
7250 2 2 102 102 3318 3323 3324
7251 2 2 102 102 3593 3640 3909
7252 2 2 102 102 3625 3587 4029
7253 2 2 102 102 3511 3843 4252
7254 2 2 102 102 3805 3597 3888
7255 2 2 102 102 3432 3505 3506
7256 2 2 102 102 3366 3365 3367
7257 2 2 102 102 3183 241 4083
7258 2 2 102 102 3477 3476 3541
7259 2 2 102 102 3280 3278 3281
7260 2 2 102 102 3483 3467 4021
7261 2 2 102 102 3788 3790 4170
7262 2 2 102 102 3607 3509 4028
7263 2 2 102 102 3769 4050 4138
7264 2 2 102 102 3301 3306 3317
7265 2 2 102 102 3360 3359 3361
7266 2 2 102 102 239 3982 4116
7267 2 2 102 102 3942 3195 4055
7268 2 2 102 102 3888 3597 4119
7269 2 2 102 102 3577 3575 3978
7270 2 2 102 102 3425 3913 4041
7271 2 2 102 102 3693 3606 4058
7272 2 2 102 102 3914 3915 4243
7273 2 2 102 102 3215 3935 4092
7274 2 2 102 102 4047 3239 4230
7275 2 2 102 102 3523 3522 3550
7276 2 2 102 102 3588 3915 4196
7277 2 2 102 102 3937 4111 4265
7278 2 2 102 102 3723 3824 3826
7279 2 2 102 102 3533 3698 4192
7280 2 2 102 102 3857 3486 4246
7281 2 2 102 102 3183 3980 4226
7282 2 2 102 102 3653 3652 4105
7283 2 2 102 102 3485 3486 3966
7284 2 2 102 102 3280 3281 3918
7285 2 2 102 102 3915 3342 4135
7286 2 2 102 102 3466 3562 3563
7287 2 2 102 102 3853 3854 3855
7288 2 2 102 102 3880 3194 4147
7289 2 2 102 102 3688 3569 4036
7290 2 2 102 102 219 220 4037
7291 2 2 102 102 3191 3893 4122
7292 2 2 102 102 3538 3539 4137
7293 2 2 102 102 3583 3582 3584
7294 2 2 102 102 3554 3553 4010
7295 2 2 102 102 3414 3509 3555
7296 2 2 102 102 216 217 4096
7297 2 2 102 102 4133 3919 4171
7298 2 2 102 102 3576 3647 4035
7299 2 2 102 102 3208 3852 3853
7300 2 2 102 102 3573 3572 3574
7301 2 2 102 102 3705 3754 4038
7302 2 2 102 102 3391 3564 3565
7303 2 2 102 102 3339 4139 4205
7304 2 2 102 102 3541 3699 4078
7305 2 2 102 102 3883 4029 4033
7306 2 2 102 102 3951 3232 4168
7307 2 2 102 102 4041 3636 4135
7308 2 2 102 102 3911 4041 4135
7309 2 2 102 102 3745 3951 4168
7310 2 2 102 102 3650 3610 3755
7311 2 2 102 102 3565 3566 3567
7312 2 2 102 102 3571 3688 3689
7313 2 2 102 102 219 4037 4049
7314 2 2 102 102 4038 3754 4039
7315 2 2 102 102 3929 3754 4222
7316 2 2 102 102 3938 3192 4103
7317 2 2 102 102 3822 4057 4151
7318 2 2 102 102 3415 3390 4042
7319 2 2 102 102 3258 3914 4115
7320 2 2 102 102 3610 3554 4010
7321 2 2 102 102 3775 4031 4244
7322 2 2 102 102 3687 4006 4181
7323 2 2 102 102 3225 541 4057
7324 2 2 102 102 3485 3426 3486
7325 2 2 102 102 3567 3600 4036
7326 2 2 102 102 4013 226 4067
7327 2 2 102 102 3982 3690 4116
7328 2 2 102 102 3739 3775 4104
7329 2 2 102 102 3396 3373 3987
7330 2 2 102 102 3727 3726 4099
7331 2 2 102 102 3201 238 4116
7332 2 2 102 102 3663 3664 3735
7333 2 2 102 102 3563 3612 3696
7334 2 2 102 102 3235 502 4047
7335 2 2 102 102 3665 3957 4034
7336 2 2 102 102 218 219 4049
7337 2 2 102 102 3288 3289 3976
7338 2 2 102 102 3725 3726 3727
7339 2 2 102 102 3676 3674 4076
7340 2 2 102 102 3714 3715 3716
7341 2 2 102 102 3718 3719 3720
7342 2 2 102 102 4107 3559 4228
7343 2 2 102 102 3850 3382 4260
7344 2 2 102 102 3695 3605 3991
7345 2 2 102 102 3659 3713 3714
7346 2 2 102 102 4211 3639 4212
7347 2 2 102 102 253 254 4123
7348 2 2 102 102 3471 3472 3496
7349 2 2 102 102 3449 3455 4172
7350 2 2 102 102 234 3184 4125
7351 2 2 102 102 3231 233 4125
7352 2 2 102 102 3750 3474 4059
7353 2 2 102 102 3444 3441 3445
7354 2 2 102 102 3461 3462 3463
7355 2 2 102 102 3365 3362 4043
7356 2 2 102 102 3674 3673 3677
7357 2 2 102 102 3457 3458 3459
7358 2 2 102 102 3726 3722 4046
7359 2 2 102 102 3458 3454 4045
7360 2 2 102 102 3747 3621 4090
7361 2 2 102 102 3 212 4210
7362 2 2 102 102 3598 3805 3806
7363 2 2 102 102 559 560 4072
7364 2 2 102 102 3907 3855 4182
7365 2 2 102 102 3702 3701 4140
7366 2 2 102 102 501 3 4210
7367 2 2 102 102 3220 3909 4144
7368 2 2 102 102 3561 4193 4223
7369 2 2 102 102 4070 3445 4227
7370 2 2 102 102 3211 3895 4101
7371 2 2 102 102 3285 3283 4003
7372 2 2 102 102 3418 3416 3975
7373 2 2 102 102 3720 3723 4046
7374 2 2 102 102 3670 3927 4055
7375 2 2 102 102 3277 3282 4097
7376 2 2 102 102 3440 3597 3598
7377 2 2 102 102 3373 3385 3987
7378 2 2 102 102 538 539 4054
7379 2 2 102 102 3645 3549 4118
7380 2 2 102 102 3390 3389 4042
7381 2 2 102 102 3409 3987 3988
7382 2 2 102 102 3250 3387 3981
7383 2 2 102 102 3463 3466 4048
7384 2 2 102 102 3441 3440 3974
7385 2 2 102 102 3457 3459 3460
7386 2 2 102 102 3362 3361 4043
7387 2 2 102 102 3461 3463 3464
7388 2 2 102 102 3640 3641 3737
7389 2 2 102 102 3471 3496 3497
7390 2 2 102 102 3663 3735 3736
7391 2 2 102 102 3305 3448 3449
7392 2 2 102 102 3541 3634 3699
7393 2 2 102 102 3242 3209 3892
7394 2 2 102 102 3714 3716 3717
7395 2 2 102 102 3273 3392 4060
7396 2 2 102 102 3367 3388 3395
7397 2 2 102 102 3718 3720 3721
7398 2 2 102 102 251 252 4143
7399 2 2 102 102 4038 3442 4199
7400 2 2 102 102 3725 3727 3728
7401 2 2 102 102 3871 3238 4224
7402 2 2 102 102 3969 3624 4082
7403 2 2 102 102 3492 3415 3493
7404 2 2 102 102 3550 3557 3639
7405 2 2 102 102 3839 3765 4166
7406 2 2 102 102 3565 3567 3568
7407 2 2 102 102 3409 3396 3987
7408 2 2 102 102 3281 3742 3743
7409 2 2 102 102 3322 3320 4012
7410 2 2 102 102 3449 3450 3451
7411 2 2 102 102 3451 3452 3453
7412 2 2 102 102 3361 3359 3474
7413 2 2 102 102 3367 3365 3388
7414 2 2 102 102 541 542 4057
7415 2 2 102 102 3361 3474 3626
7416 2 2 102 102 3453 3454 3456
7417 2 2 102 102 7 491 4185
7418 2 2 102 102 3248 3245 4009
7419 2 2 102 102 3574 3572 3575
7420 2 2 102 102 3395 3475 3476
7421 2 2 102 102 3305 3299 3448
7422 2 2 102 102 3281 3278 3742
7423 2 2 102 102 3541 3476 3634
7424 2 2 102 102 3550 3522 3557
7425 2 2 102 102 3584 3582 3585
7426 2 2 102 102 3464 3465 3467
7427 2 2 102 102 3640 3473 3641
7428 2 2 102 102 4089 3669 4107
7429 2 2 102 102 3309 3311 4073
7430 2 2 102 102 3605 3541 4078
7431 2 2 102 102 3467 3468 3470
7432 2 2 102 102 3780 4083 4219
7433 2 2 102 102 3626 3627 3660
7434 2 2 102 102 3660 3661 3662
7435 2 2 102 102 4134 3874 4153
7436 2 2 102 102 3497 3498 3499
7437 2 2 102 102 3685 4137 4203
7438 2 2 102 102 3499 3602 3603
7439 2 2 102 102 3603 3635 3654
7440 2 2 102 102 3392 3992 4130
7441 2 2 102 102 3654 3655 3656
7442 2 2 102 102 3656 3657 3658
7443 2 2 102 102 3919 3399 4171
7444 2 2 102 102 3283 3918 4003
7445 2 2 102 102 3584 3585 3586
7446 2 2 102 102 3721 3722 3724
7447 2 2 102 102 3600 3758 4036
7448 2 2 102 102 3846 3695 3991
7449 2 2 102 102 3604 3505 4157
7450 2 2 102 102 3574 3575 3576
7451 2 2 102 102 3728 3729 3730
7452 2 2 102 102 4046 3826 4106
7453 2 2 102 102 3730 3731 3732
7454 2 2 102 102 3732 3733 3756
7455 2 2 102 102 3957 3557 4094
7456 2 2 102 102 3756 3733 3799
7457 2 2 102 102 3721 3798 4262
7458 2 2 102 102 4111 3645 4265
7459 2 2 102 102 3568 3567 3569
7460 2 2 102 102 3414 3555 3648
7461 2 2 102 102 3586 3587 3588
7462 2 2 102 102 3295 3291 4061
7463 2 2 102 102 3588 3589 3590
7464 2 2 102 102 3568 3569 3570
7465 2 2 102 102 3590 3591 3680
7466 2 2 102 102 3275 3273 4060
7467 2 2 102 102 215 216 4159
7468 2 2 102 102 3578 3579 3580
7469 2 2 102 102 3576 3577 3578
7470 2 2 102 102 3680 3681 3682
7471 2 2 102 102 3580 3581 3582
7472 2 2 102 102 3682 3683 3741
7473 2 2 102 102 3289 4003 4004
7474 2 2 102 102 3350 3338 4059
7475 2 2 102 102 3570 3571 3572
7476 2 2 102 102 3570 3569 3571
7477 2 2 102 102 3582 3581 4033
7478 2 2 102 102 3372 3394 4062
7479 2 2 102 102 3648 3555 3649
7480 2 2 102 102 3576 3575 3577
7481 2 2 102 102 3317 3306 3999
7482 2 2 102 102 3578 3577 3579
7483 2 2 102 102 3602 3796 4044
7484 2 2 102 102 3626 3474 3627
7485 2 2 102 102 3580 3579 3581
7486 2 2 102 102 3323 3331 4023
7487 2 2 102 102 3476 3475 4030
7488 2 2 102 102 3555 3607 4053
7489 2 2 102 102 3639 3557 3665
7490 2 2 102 102 3586 3585 3587
7491 2 2 102 102 3516 3514 4016
7492 2 2 102 102 3660 3627 3661
7493 2 2 102 102 3395 3388 3475
7494 2 2 102 102 3662 3661 3663
7495 2 2 102 102 3588 3587 3589
7496 2 2 102 102 3291 3976 4061
7497 2 2 102 102 3726 4046 4106
7498 2 2 102 102 3728 3727 3729
7499 2 2 102 102 3590 3589 3591
7500 2 2 102 102 3598 3597 3805
7501 2 2 102 102 3460 3459 3461
7502 2 2 102 102 3966 3857 4169
7503 2 2 102 102 3464 3463 3465
7504 2 2 102 102 3680 3591 3681
7505 2 2 102 102 3741 3861 4257
7506 2 2 102 102 3721 3720 3722
7507 2 2 102 102 3682 3681 3683
7508 2 2 102 102 3497 3496 3498
7509 2 2 102 102 3741 3683 3814
7510 2 2 102 102 3717 3716 3718
7511 2 2 102 102 3927 3675 4168
7512 2 2 102 102 3449 3448 3450
7513 2 2 102 102 3226 3874 4134
7514 2 2 102 102 3451 3450 3452
7515 2 2 102 102 3456 3454 3457
7516 2 2 102 102 3730 3729 3731
7517 2 2 102 102 3732 3731 3733
7518 2 2 102 102 3453 3452 3454
7519 2 2 102 102 3421 3411 3757
7520 2 2 102 102 3467 3465 3468
7521 2 2 102 102 3737 3641 3738
7522 2 2 102 102 3724 3722 3725
7523 2 2 102 102 3470 3468 3471
7524 2 2 102 102 3499 3498 3602
7525 2 2 102 102 3603 3602 3635
7526 2 2 102 102 3654 3635 3655
7527 2 2 102 102 4004 4003 4091
7528 2 2 102 102 3656 3655 3657
7529 2 2 102 102 3658 3657 3659
7530 2 2 102 102 3289 3285 4003
7531 2 2 102 102 3184 235 4065
7532 2 2 102 102 3429 3479 3494
7533 2 2 102 102 3804 4038 4039
7534 2 2 102 102 3208 3853 3856
7535 2 2 102 102 3895 3658 4101
7536 2 2 102 102 3548 3556 3958
7537 2 2 102 102 3292 3301 4026
7538 2 2 102 102 3452 3700 4045
7539 2 2 102 102 3245 3247 4009
7540 2 2 102 102 3203 3949 4198
7541 2 2 102 102 3438 3437 3440
7542 2 2 102 102 254 255 4200
7543 2 2 102 102 3495 3548 3958
7544 2 2 102 102 3778 3791 4066
7545 2 2 102 102 3595 3667 4189
7546 2 2 102 102 3556 3965 4084
7547 2 2 102 102 3514 3795 4016
7548 2 2 102 102 3223 3902 4271
7549 2 2 102 102 3299 3295 4061
7550 2 2 102 102 4027 3392 4130
7551 2 2 102 102 3933 3203 4189
7552 2 2 102 102 226 227 4067
7553 2 2 102 102 3527 3525 3528
7554 2 2 102 102 3977 3747 4232
7555 2 2 102 102 3587 3585 4029
7556 2 2 102 102 243 3205 4219
7557 2 2 102 102 3239 4194 4230
7558 2 2 102 102 3467 3470 4021
7559 2 2 102 102 3382 3372 4062
7560 2 2 102 102 3723 3826 4046
7561 2 2 102 102 3348 3322 4012
7562 2 2 102 102 250 251 4247
7563 2 2 102 102 3493 3415 4042
7564 2 2 102 102 3387 3248 4009
7565 2 2 102 102 3370 3368 4086
7566 2 2 102 102 3607 4202 4267
7567 2 2 102 102 3445 3974 4227
7568 2 2 102 102 3828 3958 4156
7569 2 2 102 102 3617 3482 3954
7570 2 2 102 102 3985 3767 4184
7571 2 2 102 102 4003 3918 4091
7572 2 2 102 102 3937 3202 4111
7573 2 2 102 102 3482 3480 3954
7574 2 2 102 102 3727 4099 4134
7575 2 2 102 102 3466 3563 4048
7576 2 2 102 102 3622 3690 4226
7577 2 2 102 102 3700 3450 4129
7578 2 2 102 102 3674 3677 4076
7579 2 2 102 102 3401 4188 4201
7580 2 2 102 102 3440 3437 3597
7581 2 2 102 102 3959 3638 4081
7582 2 2 102 102 3698 3697 3997
7583 2 2 102 102 4020 3213 4159
7584 2 2 102 102 3699 3952 4078
7585 2 2 102 102 3886 3189 4056
7586 2 2 102 102 4029 3585 4033
7587 2 2 102 102 3909 3640 4144
7588 2 2 102 102 3247 3243 4080
7589 2 2 102 102 3434 3418 3435
7590 2 2 102 102 3669 3596 4107
7591 2 2 102 102 3885 3220 4144
7592 2 2 102 102 3521 3520 3522
7593 2 2 102 102 3205 3940 4069
7594 2 2 102 102 3368 3983 4086
7595 2 2 102 102 3324 3323 4023
7596 2 2 102 102 3545 3782 4216
7597 2 2 102 102 3388 3365 4043
7598 2 2 102 102 3439 3501 4002
7599 2 2 102 102 3849 3904 4184
7600 2 2 102 102 3693 4058 4085
7601 2 2 102 102 3394 3414 4062
7602 2 2 102 102 4057 3210 4151
7603 2 2 102 102 3724 3897 4190
7604 2 2 102 102 3761 3840 4261
7605 2 2 102 102 3408 3409 4100
7606 2 2 102 102 3206 3953 4200
7607 2 2 102 102 3506 3599 3679
7608 2 2 102 102 3817 3816 4123
7609 2 2 102 102 3331 3391 4023
7610 2 2 102 102 3638 4069 4256
7611 2 2 102 102 3673 3671 4079
7612 2 2 102 102 3732 3756 4180
7613 2 2 102 102 3212 3826 4251
7614 2 2 102 102 3480 3404 3797
7615 2 2 102 102 3861 3374 4257
7616 2 2 102 102 3713 3657 4191
7617 2 2 102 102 4021 3878 4253
7618 2 2 102 102 280 6 4220
7619 2 2 102 102 3359 3350 4059
7620 2 2 102 102 3569 3567 4036
7621 2 2 102 102 3953 3817 4200
7622 2 2 102 102 3278 3275 4060
7623 2 2 102 102 6 538 4220
7624 2 2 102 102 3301 3317 4026
7625 2 2 102 102 3340 3351 4121
7626 2 2 102 102 3585 3582 4033
7627 2 2 102 102 3230 3977 4232
7628 2 2 102 102 3607 4028 4202
7629 2 2 102 102 3857 3216 4169
7630 2 2 102 102 3634 3476 4030
7631 2 2 102 102 3224 3870 4195
7632 2 2 102 102 3550 3639 4211
7633 2 2 102 102 3690 3982 4226
7634 2 2 102 102 3588 3590 4243
7635 2 2 102 102 3979 3227 4178
7636 2 2 102 102 3722 3720 4046
7637 2 2 102 102 3465 3463 4048
7638 2 2 102 102 3210 543 3860
7639 2 2 102 102 3624 3603 4064
7640 2 2 102 102 3652 3650 4160
7641 2 2 102 102 3873 3234 4180
7642 2 2 102 102 3419 3503 3990
7643 2 2 102 102 3974 3807 4227
7644 2 2 102 102 3361 3626 4043
7645 2 2 102 102 3568 3570 4240
7646 2 2 102 102 3685 3642 4137
7647 2 2 102 102 3473 3456 4040
7648 2 2 102 102 3890 3221 4071
7649 2 2 102 102 3993 3636 4041
7650 2 2 102 102 3799 3872 4241
7651 2 2 102 102 3523 3550 4164
7652 2 2 102 102 3736 3735 4188
7653 2 2 102 102 3866 4112 4247
7654 2 2 102 102 3658 3659 4101
7655 2 2 102 102 3992 3560 4130
7656 2 2 102 102 241 242 4083
7657 2 2 102 102 3899 3815 4162
7658 2 2 102 102 3789 3979 4178
7659 2 2 102 102 3887 3191 4235
7660 2 2 102 102 540 3225 4204
7661 2 2 102 102 4019 3649 4270
7662 2 2 102 102 3845 4146 4154
7663 2 2 102 102 3398 3981 4131
7664 2 2 102 102 3773 3959 4081
7665 2 2 102 102 3603 3654 4064
7666 2 2 102 102 3682 3741 4257
7667 2 2 102 102 3901 3591 4250
7668 2 2 102 102 3192 3951 4242
7669 2 2 102 102 3729 3727 4134
7670 2 2 102 102 3951 3745 4242
7671 2 2 102 102 3272 3274 4127
7672 2 2 102 102 3802 3801 4093
7673 2 2 102 102 4125 3184 4237
7674 2 2 102 102 3457 3460 4040
7675 2 2 102 102 3436 3435 3437
7676 2 2 102 102 3668 4055 4218
7677 2 2 102 102 3448 3299 4061
7678 2 2 102 102 3794 4020 4159
7679 2 2 102 102 3635 3602 4044
7680 2 2 102 102 3513 3517 4148
7681 2 2 102 102 3309 4073 4139
7682 2 2 102 102 3737 3885 4144
7683 2 2 102 102 3681 3591 4264
7684 2 2 102 102 4137 3539 4203
7685 2 2 102 102 3329 3348 4124
7686 2 2 102 102 3918 3744 4091
7687 2 2 102 102 3621 3786 4090
7688 2 2 102 102 3421 3757 4084
7689 2 2 102 102 3756 3799 4241
7690 2 2 102 102 3381 3380 4158
7691 2 2 102 102 3454 3452 4045
7692 2 2 102 102 3530 3519 4161
7693 2 2 102 102 3243 3242 4080
7694 2 2 102 102 3522 3520 4094
7695 2 2 102 102 3947 4015 4198
7696 2 2 102 102 3755 3610 4010
7697 2 2 102 102 3614 3537 4213
7698 2 2 102 102 3663 3736 4077
7699 2 2 102 102 3946 3215 4092
7700 2 2 102 102 4011 3813 4221
7701 2 2 102 102 3536 3534 3972
7702 2 2 102 102 3385 3343 4121
7703 2 2 102 102 3649 3555 4053
7704 2 2 102 102 3456 3457 4040
7705 2 2 102 102 3575 3572 4052
7706 2 2 102 102 3688 4114 4175
7707 2 2 102 102 3296 3259 4085
7708 2 2 102 102 3414 3648 4062
7709 2 2 102 102 3533 3697 3698
7710 2 2 102 102 3571 3689 4052
7711 2 2 102 102 573 574 4120
7712 2 2 102 102 3691 4035 4205
7713 2 2 102 102 3654 3656 4209
7714 2 2 102 102 3738 3956 4145
7715 2 2 102 102 3791 3653 4105
7716 2 2 102 102 3771 3973 4133
7717 2 2 102 102 4103 3746 4141
7718 2 2 102 102 3474 3359 4059
7719 2 2 102 102 3256 3258 4115
7720 2 2 102 102 4122 3711 4235
7721 2 2 102 102 4079 3671 4089
7722 2 2 102 102 3973 3619 4133
7723 2 2 102 102 3572 3571 4052
7724 2 2 102 102 3520 4016 4094
7725 2 2 102 102 3641 3473 4040
7726 2 2 102 102 3961 4101 4215
7727 2 2 102 102 3742 3278 4060
7728 2 2 102 102 3503 3685 3990
7729 2 2 102 102 3944 3186 4138
7730 2 2 102 102 3665 3921 4254
7731 2 2 102 102 4044 3398 4131
7732 2 2 102 102 3888 4119 4187
7733 2 2 102 102 3480 3797 3954
7734 2 2 102 102 3560 3263 4087
7735 2 2 102 102 3699 3634 4075
7736 2 2 102 102 3371 3353 4142
7737 2 2 102 102 3984 3708 4237
7738 2 2 102 102 3730 3732 4098
7739 2 2 102 102 3662 3663 4077
7740 2 2 102 102 3501 3770 4002
7741 2 2 102 102 217 3204 4096
7742 2 2 102 102 3520 3516 4016
7743 2 2 102 102 3519 3516 3520
7744 2 2 102 102 3991 3605 4078
7745 2 2 102 102 3380 3370 4086
7746 2 2 102 102 3197 3985 4184
7747 2 2 102 102 3539 3536 3972
7748 2 2 102 102 3649 4019 4186
7749 2 2 102 102 3629 3562 4259
7750 2 2 102 102 3529 3528 3533
7751 2 2 102 102 3334 3326 4248
7752 2 2 102 102 3625 4029 4088
7753 2 2 102 102 3917 4091 4193
7754 2 2 102 102 3579 3628 4207
7755 2 2 102 102 3198 3876 4082
7756 2 2 102 102 3634 4030 4074
7757 2 2 102 102 3333 3957 4155
7758 2 2 102 102 3867 3226 4099
7759 2 2 102 102 3460 4017 4128
7760 2 2 102 102 4059 3338 4124
7761 2 2 102 102 3494 3495 3644
7762 2 2 102 102 3705 4038 4199
7763 2 2 102 102 3531 3789 4113
7764 2 2 102 102 3544 3970 4102
7765 2 2 102 102 3881 3511 4104
7766 2 2 102 102 3185 3948 4170
7767 2 2 102 102 3565 3568 4109
7768 2 2 102 102 3435 3418 3975
7769 2 2 102 102 3814 3683 4117
7770 2 2 102 102 3601 3850 4149
7771 2 2 102 102 3646 3645 4111
7772 2 2 102 102 3750 4059 4124
7773 2 2 102 102 3287 3811 4269
7774 2 2 102 102 3793 4066 4174
7775 2 2 102 102 4058 3696 4266
7776 2 2 102 102 3307 3309 4139
7777 2 2 102 102 3644 3495 3958
7778 2 2 102 102 3423 3408 4100
7779 2 2 102 102 238 239 4116
7780 2 2 102 102 3830 3421 4263
7781 2 2 102 102 3883 3219 4088
7782 2 2 102 102 3549 3773 4118
7783 2 2 102 102 3977 3938 4103
7784 2 2 102 102 4054 539 4204
7785 2 2 102 102 3734 3730 4098
7786 2 2 102 102 3634 4074 4075
7787 2 2 102 102 3289 4004 4214
7788 2 2 102 102 3589 3625 4250
7789 2 2 102 102 3446 3445 4239
7790 2 2 102 102 4055 3195 4218
7791 2 2 102 102 3832 3866 4143
7792 2 2 102 102 3626 3660 4108
7793 2 2 102 102 3792 3793 4174
7794 2 2 102 102 4061 3976 4129
7795 2 2 102 102 3534 3533 4192
7796 2 2 102 102 3343 3340 4121
7797 2 2 102 102 3619 3617 4063
7798 2 2 102 102 3852 3857 4246
7799 2 2 102 102 3692 3601 4186
7800 2 2 102 102 3717 3961 4215
7801 2 2 102 102 4069 3940 4256
7802 2 2 102 102 3182 253 4123
7803 2 2 102 102 3680 3682 4206
7804 2 2 102 102 233 234 4125
7805 2 2 102 102 3956 3738 4183
7806 2 2 102 102 3557 3522 4094
7807 2 2 102 102 3586 3588 4196
7808 2 2 102 102 3843 3401 4201
7809 2 2 102 102 3864 3712 4122
7810 2 2 102 102 3997 4211 4212
7811 2 2 102 102 3628 4056 4207
7812 2 2 102 102 4029 3883 4088
7813 2 2 102 102 3804 4039 4095
7814 2 2 102 102 3698 4051 4192
7815 2 2 102 102 4083 242 4219
7816 2 2 102 102 4040 3460 4128
7817 2 2 102 102 3635 4044 4131
7818 2 2 102 102 4138 3186 4222
7819 2 2 102 102 3962 3717 4262
7820 2 2 102 102 3388 4043 4108
7821 2 2 102 102 3642 3922 4137
7822 2 2 102 102 3785 3966 4169
7823 2 2 102 102 3560 3920 4130
7824 2 2 102 102 3303 3305 4110
7825 2 2 102 102 3641 4040 4128
7826 2 2 102 102 3677 3673 3678
7827 2 2 102 102 3714 3717 4215
7828 2 2 102 102 3854 4068 4100
7829 2 2 102 102 4010 3553 4011
7830 2 2 102 102 3717 3718 4262
7831 2 2 102 102 3338 3329 4124
7832 2 2 102 102 3406 3819 4197
7833 2 2 102 102 4139 3752 4205
7834 2 2 102 102 4131 3981 4191
7835 2 2 102 102 3838 4053 4267
7836 2 2 102 102 3399 3400 4176
7837 2 2 102 102 3854 3852 4246
7838 2 2 102 102 3201 3925 4181
7839 2 2 102 102 3767 3849 4184
7840 2 2 102 102 3825 3212 4251
7841 2 2 102 102 3904 3197 4184
7842 2 2 102 102 3194 3901 4147
7843 2 2 102 102 3898 3908 4173
7844 2 2 102 102 4023 3391 4109
7845 2 2 102 102 4043 3626 4108
7846 2 2 102 102 4229 3846 4269
7847 2 2 102 102 3542 3490 3544
7848 2 2 102 102 3753 3769 4138
7849 2 2 102 102 4053 3607 4267
7850 2 2 102 102 3492 4140 4187
7851 2 2 102 102 3391 3565 4109
7852 2 2 102 102 3683 3684 4117
7853 2 2 102 102 3448 4061 4129
7854 2 2 102 102 3538 3922 4272
7855 2 2 102 102 3781 3330 4212
7856 2 2 102 102 4032 3185 4170
7857 2 2 102 102 3407 3429 4136
7858 2 2 102 102 3518 3545 4216
7859 2 2 102 102 3798 3724 4190
7860 2 2 102 102 4164 3550 4211
7861 2 2 102 102 3678 4142 4273
7862 2 2 102 102 3746 3865 4141
7863 2 2 102 102 3562 3561 4259
7864 2 2 102 102 4091 3744 4193
7865 2 2 102 102 3982 3183 4226
7866 2 2 102 102 4021 3470 4208
7867 2 2 102 102 3240 3241 4234
7868 2 2 102 102 252 3182 4143
7869 2 2 102 102 3475 3388 4108
7870 2 2 102 102 3908 493 4173
7871 2 2 102 102 4017 3483 4183
7872 2 2 102 102 3916 3917 4193
7873 2 2 102 102 4036 3758 4114
7874 2 2 102 102 4099 3226 4134
7875 2 2 102 102 3894 3207 4255
7876 2 2 102 102 3238 3908 4224
7877 2 2 102 102 3597 3437 4119
7878 2 2 102 102 3915 4135 4196
7879 2 2 102 102 3800 4107 4228
7880 2 2 102 102 491 3238 4185
7881 2 2 102 102 3811 3859 4229
7882 2 2 102 102 4202 3860 4267
7883 2 2 102 102 4015 3833 4198
7884 2 2 102 102 3807 3806 4275
7885 2 2 102 102 3505 3504 4157
7886 2 2 102 102 3806 3924 4275
7887 2 2 102 102 3426 3423 4068
7888 2 2 102 102 4167 4178 4238
7889 2 2 102 102 3710 3644 4008
7890 2 2 102 102 4132 3652 4160
7891 2 2 102 102 4178 3943 4238
7892 2 2 102 102 3342 3911 4135
7893 2 2 102 102 4048 3563 4152
7894 2 2 102 102 3688 4036 4114
7895 2 2 102 102 3242 3892 4126
7896 2 2 102 102 3737 3738 4145
7897 2 2 102 102 3990 3685 4093
7898 2 2 102 102 4080 3242 4126
7899 2 2 102 102 4068 3423 4100
7900 2 2 102 102 3699 4075 4097
7901 2 2 102 102 3874 3224 4153
7902 2 2 102 102 3821 3749 4150
7903 2 2 102 102 4103 3192 4242
7904 2 2 102 102 3815 3814 4162
7905 2 2 102 102 3989 3592 4231
7906 2 2 102 102 3213 215 4159
7907 2 2 102 102 3831 3830 4163
7908 2 2 102 102 3601 4149 4186
7909 2 2 102 102 3227 3943 4178
7910 2 2 102 102 3186 3929 4222
7911 2 2 102 102 3486 3426 4068
7912 2 2 102 102 3450 3448 4129
7913 2 2 102 102 3667 3668 4218
7914 2 2 102 102 4108 3660 4165
7915 2 2 102 102 3829 4125 4237
7916 2 2 102 102 3660 3662 4165
7917 2 2 102 102 3655 3635 4131
7918 2 2 102 102 3770 3771 4171
7919 2 2 102 102 3738 3641 4128
7920 2 2 102 102 3470 4022 4208
7921 2 2 102 102 3675 3745 4168
7922 2 2 102 102 3200 3899 4162
7923 2 2 102 102 4056 3884 4207
7924 2 2 102 102 3702 4140 4258
7925 2 2 102 102 3953 3931 4272
7926 2 2 102 102 3703 3705 4199
7927 2 2 102 102 3429 3494 4136
7928 2 2 102 102 3445 3441 3974
7929 2 2 102 102 3758 3692 4225
7930 2 2 102 102 3753 4138 4222
7931 2 2 102 102 3640 3737 4144
7932 2 2 102 102 3975 3492 4187
7933 2 2 102 102 3968 3667 4218
7934 2 2 102 102 3847 3846 4229
7935 2 2 102 102 4110 3305 4172
7936 2 2 102 102 3494 3644 3710
7937 2 2 102 102 3617 3954 4063
7938 2 2 102 102 3957 4094 4155
7939 2 2 102 102 3590 3706 4243
7940 2 2 102 102 3713 4191 4249
7941 2 2 102 102 3553 3542 4102
7942 2 2 102 102 3678 3673 4079
7943 2 2 102 102 4119 3975 4187
7944 2 2 102 102 3833 3595 4189
7945 2 2 102 102 4099 3726 4106
7946 2 2 102 102 3570 3573 4240
7947 2 2 102 102 3483 4021 4253
7948 2 2 102 102 3625 4147 4250
7949 2 2 102 102 3475 4108 4165
7950 2 2 102 102 3700 4129 4214
7951 2 2 102 102 3533 3528 3697
7952 2 2 102 102 3492 3493 4140
7953 2 2 102 102 3759 3761 4261
7954 2 2 102 102 3239 3923 4194
7955 2 2 102 102 3763 3864 4177
7956 2 2 102 102 3771 4133 4171
7957 2 2 102 102 3199 4019 4270
7958 2 2 102 102 3537 3538 4213
7959 2 2 102 102 3949 3947 4198
7960 2 2 102 102 3684 3681 4264
7961 2 2 102 102 255 3206 4200
7962 2 2 102 102 212 3239 4210
7963 2 2 102 102 4019 3692 4186
7964 2 2 102 102 3237 280 4220
7965 2 2 102 102 3679 4028 4217
7966 2 2 102 102 3435 3975 4119
7967 2 2 102 102 4047 501 4210
7968 2 2 102 102 3910 4048 4152
7969 2 2 102 102 3811 4229 4269
7970 2 2 102 102 3389 3381 4158
7971 2 2 102 102 3758 4225 4271
7972 2 2 102 102 3556 4084 4156
7973 2 2 102 102 3383 4063 4236
7974 2 2 102 102 539 540 4204
7975 2 2 102 102 4111 3202 4112
7976 2 2 102 102 537 3898 4173
7977 2 2 102 102 3924 3336 4275
7978 2 2 102 102 3305 3449 4172
7979 2 2 102 102 3867 4099 4106
7980 2 2 102 102 3437 3435 4119
7981 2 2 102 102 3958 3556 4156
7982 2 2 102 102 3525 3523 4164
7983 2 2 102 102 3689 3688 4175
7984 2 2 102 102 3655 4131 4191
7985 2 2 102 102 3195 3968 4218
7986 2 2 102 102 242 243 4219
7987 2 2 102 102 3563 3696 4152
7988 2 2 102 102 3559 3430 4228
7989 2 2 102 102 3754 3753 4222
7990 2 2 102 102 4031 3750 4244
7991 2 2 102 102 3836 3858 4268
7992 2 2 102 102 3731 3729 4153
7993 2 2 102 102 4018 3832 4274
7994 2 2 102 102 3650 3755 4160
7995 2 2 102 102 3995 3994 4179
7996 2 2 102 102 3528 3525 4164
7997 2 2 102 102 3922 3953 4272
7998 2 2 102 102 4030 3475 4165
7999 2 2 102 102 3752 3691 4205
8000 2 2 102 102 4006 3201 4181
8001 2 2 102 102 4124 3348 4244
8002 2 2 102 102 3493 4042 4146
8003 2 2 102 102 3790 4032 4170
8004 2 2 102 102 4042 3389 4154
8005 2 2 102 102 3950 3506 4217
8006 2 2 102 102 3693 3963 4231
8007 2 2 102 102 3903 3223 4225
8008 2 2 102 102 3237 4054 4150
8009 2 2 102 102 4153 3224 4195
8010 2 2 102 102 3941 3230 4232
8011 2 2 102 102 4016 3795 4155
8012 2 2 102 102 3747 4090 4232
8013 2 2 102 102 3708 3829 4237
8014 2 2 102 102 3943 3187 4238
8015 2 2 102 102 4094 4016 4155
8016 2 2 102 102 3330 3997 4212
8017 2 2 102 102 3745 3746 4242
8018 2 2 102 102 3202 250 4247
8019 2 2 102 102 3731 4153 4195
8020 2 2 102 102 3645 4118 4265
8021 2 2 102 102 3940 3939 4256
8022 2 2 102 102 3936 3937 4265
8023 2 2 102 102 3649 4053 4270
8024 2 2 102 102 3971 4070 4227
8025 2 2 102 102 4209 3656 4255
8026 2 2 102 102 3296 4058 4266
8027 2 2 102 102 3706 3680 4206
8028 2 2 102 102 3445 4070 4239
8029 2 2 102 102 4112 3202 4247
8030 2 2 102 102 3657 3655 4191
8031 2 2 102 102 3410 4079 4089
8032 2 2 102 102 3878 3956 4253
8033 2 2 102 102 4163 3830 4263
8034 2 2 102 102 4154 3389 4158
8035 2 2 102 102 3636 3586 4196
8036 2 2 102 102 3980 3622 4226
8037 2 2 102 102 3733 3731 4195
8038 2 2 102 102 3581 3579 4207
8039 2 2 102 102 4146 4042 4154
8040 2 2 102 102 3744 3743 4223
8041 2 2 102 102 3806 3805 4197
8042 2 2 102 102 4206 3682 4257
8043 2 2 102 102 4068 3854 4246
8044 2 2 102 102 4011 3553 4102
8045 2 2 102 102 3872 3871 4224
8046 2 2 102 102 3317 3999 4179
8047 2 2 102 102 4225 3223 4271
8048 2 2 102 102 4165 3662 4233
8049 2 2 102 102 3210 3860 4202
8050 2 2 102 102 3991 3287 4269
8051 2 2 102 102 4066 3791 4174
8052 2 2 102 102 4101 3659 4215
8053 2 2 102 102 3677 3678 4273
8054 2 2 102 102 3997 3697 4211
8055 2 2 102 102 3697 3528 4164
8056 2 2 102 102 3662 4077 4233
8057 2 2 102 102 3659 3714 4215
8058 2 2 102 102 3239 4047 4210
8059 2 2 102 102 3592 3693 4231
8060 2 2 102 102 4081 3638 4256
8061 2 2 102 102 3814 4117 4162
8062 2 2 102 102 4129 3976 4214
8063 2 2 102 102 4148 3677 4273
8064 2 2 102 102 3976 3289 4214
8065 2 2 102 102 3494 3710 4136
8066 2 2 102 102 3902 4114 4271
8067 2 2 102 102 3718 3721 4262
8068 2 2 102 102 3826 3824 4251
8069 2 2 102 102 4112 3831 4163
8070 2 2 102 102 3816 4018 4274
8071 2 2 102 102 4098 3732 4180
8072 2 2 102 102 4054 3237 4220
8073 2 2 102 102 3843 4201 4252
8074 2 2 102 102 3542 3544 4102
8075 2 2 102 102 4030 4165 4233
8076 2 2 102 102 3591 3589 4250
8077 2 2 102 102 3697 4164 4211
8078 2 2 102 102 4212 3639 4254
8079 2 2 102 102 538 4054 4220
8080 2 2 102 102 4002 3770 4176
8081 2 2 102 102 3972 3534 4192
8082 2 2 102 102 4064 3654 4209
8083 2 2 102 102 3746 4103 4242
8084 2 2 102 102 3739 4104 4252
8085 2 2 102 102 3351 3334 4248
8086 2 2 102 102 3696 3772 4266
8087 2 2 102 102 4070 3544 4239
8088 2 2 102 102 3235 4047 4230
8089 2 2 102 102 4113 3789 4167
8090 2 2 102 102 3490 3446 4239
8091 2 2 102 102 4120 574 4185
8092 2 2 102 102 4140 3493 4258
8093 2 2 102 102 3317 4179 4245
8094 2 2 102 102 3939 4081 4256
8095 2 2 102 102 4090 3941 4232
8096 2 2 102 102 4149 3850 4260
8097 2 2 102 102 3755 4010 4221
8098 2 2 102 102 4213 3538 4272
8099 2 2 102 102 3750 4124 4244
8100 2 2 102 102 4062 3648 4260
8101 2 2 102 102 3639 3665 4254
8102 2 2 102 102 3802 4093 4203
8103 2 2 102 102 4151 3210 4202
8104 2 2 102 102 4074 4030 4233
8105 2 2 102 102 3544 3490 4239
8106 2 2 102 102 4093 3685 4203
8107 2 2 102 102 3981 3387 4249
8108 2 2 102 102 3624 4064 4268
8109 2 2 102 102 3382 4062 4260
8110 2 2 102 102 3846 3991 4269
8111 2 2 102 102 3781 4212 4254
8112 2 2 102 102 3770 4171 4176
8113 2 2 102 102 4026 3317 4245
8114 2 2 102 102 4010 4011 4221
8115 2 2 102 102 4191 3981 4249
8116 2 2 102 102 4117 3200 4162
8117 2 2 102 102 3234 4098 4180
8118 2 2 102 102 4193 3744 4223
8119 2 2 102 102 3561 4223 4259
8120 2 2 102 102 4179 3994 4245
8121 2 2 102 102 4114 3758 4271
8122 2 2 102 102 4167 3789 4178
8123 2 2 102 102 3506 3679 4217
8124 2 2 102 102 4146 3847 4258
8125 2 2 102 102 4135 3636 4196
8126 2 2 102 102 3648 4149 4260
8127 2 2 102 102 4064 3836 4268
8128 2 2 102 102 3956 4183 4253
8129 2 2 102 102 3403 4132 4160
8130 2 2 102 102 3374 4206 4257
8131 2 2 102 102 4147 3901 4250
8132 2 2 102 102 4118 3936 4265
8133 2 2 102 102 3954 3797 4236
8134 2 2 102 102 3486 4068 4246
8135 2 2 102 102 3786 4167 4238
8136 2 2 102 102 3191 4122 4235
8137 2 2 102 102 4104 3511 4252
8138 2 2 102 102 4194 3784 4230
8139 2 2 102 102 3493 4146 4258
8140 2 2 102 102 4063 3954 4236
8141 2 2 102 102 4201 3739 4252
8142 2 2 102 102 4183 3483 4253
8143 2 2 102 102 3207 4209 4255
8144 2 2 102 102 4223 3743 4259
8145 2 2 102 102 4171 3399 4176
8146 2 2 102 102 3931 4213 4272
8147 2 2 102 102 3924 3806 4197
8148 2 2 103 103 5100 5454 4311
8149 2 2 103 103 4311 5454 5213
8150 2 2 103 103 4934 5293 5186
8151 2 2 103 103 4579 5642 5411
8152 2 2 103 103 4990 5772 4364
8153 2 2 103 103 4801 5058 5057
8154 2 2 103 103 5296 5382 4924
8155 2 2 103 103 5069 5275 4298
8156 2 2 103 103 4488 5165 4481
8157 2 2 103 103 5109 5274 4323
8158 2 2 103 103 5078 5760 4368
8159 2 2 103 103 5105 5305 4278
8160 2 2 103 103 4518 5625 5526
8161 2 2 103 103 5024 5246 4866
8162 2 2 103 103 4874 5235 5095
8163 2 2 103 103 4906 5710 5594
8164 2 2 103 103 5200 5334 4327
8165 2 2 103 103 5183 5292 4525
8166 2 2 103 103 5100 5238 4951
8167 2 2 103 103 5040 5041 4910
8168 2 2 103 103 5102 5562 5080
8169 2 2 103 103 5508 5562 5102
8170 2 2 103 103 4344 5466 5328
8171 2 2 103 103 4840 5040 4910
8172 2 2 103 103 5131 5588 5336
8173 2 2 103 103 4906 5594 5050
8174 2 2 103 103 4364 5772 5023
8175 2 2 103 103 5026 5027 4724
8176 2 2 103 103 4954 5457 5446
8177 2 2 103 103 4651 5026 4724
8178 2 2 103 103 5636 5724 4442
8179 2 2 103 103 5083 5620 4887
8180 2 2 103 103 4690 5235 4689
8181 2 2 103 103 5087 5367 5351
8182 2 2 103 103 5336 5588 4340
8183 2 2 103 103 5276 5493 4530
8184 2 2 103 103 5018 5296 4924
8185 2 2 103 103 5141 5165 4488
8186 2 2 103 103 4548 5180 4682
8187 2 2 103 103 5018 5756 5296
8188 2 2 103 103 4520 5366 5108
8189 2 2 103 103 4937 5390 5114
8190 2 2 103 103 5212 5375 4850
8191 2 2 103 103 5411 5642 5023
8192 2 2 103 103 5186 5293 4400
8193 2 2 103 103 5095 5367 4874
8194 2 2 103 103 5134 5137 4812
8195 2 2 103 103 5182 5226 5181
8196 2 2 103 103 5273 5457 4954
8197 2 2 103 103 4896 5292 5183
8198 2 2 103 103 5100 5618 5238
8199 2 2 103 103 5221 5712 4281
8200 2 2 103 103 4778 5579 4779
8201 2 2 103 103 5182 5227 5226
8202 2 2 103 103 5114 5504 4937
8203 2 2 103 103 4907 5500 5458
8204 2 2 103 103 4738 5562 5508
8205 2 2 103 103 4529 5249 4611
8206 2 2 103 103 4836 5417 4837
8207 2 2 103 103 4281 5689 5221
8208 2 2 103 103 4689 5235 4874
8209 2 2 103 103 4786 5685 5542
8210 2 2 103 103 4509 5197 5073
8211 2 2 103 103 4640 5502 5318
8212 2 2 103 103 4647 4739 4648
8213 2 2 103 103 5303 5304 4329
8214 2 2 103 103 5171 5173 5170
8215 2 2 103 103 5322 5456 4287
8216 2 2 103 103 4615 5298 5084
8217 2 2 103 103 5034 5371 4296
8218 2 2 103 103 4530 5494 5276
8219 2 2 103 103 5599 5647 5072
8220 2 2 103 103 5137 5196 4812
8221 2 2 103 103 4296 5468 5034
8222 2 2 103 103 5110 5274 5109
8223 2 2 103 103 5396 5627 4315
8224 2 2 103 103 4319 5295 5154
8225 2 2 103 103 5305 5630 4278
8226 2 2 103 103 5304 5532 4329
8227 2 2 103 103 5206 5776 5208
8228 2 2 103 103 4518 5526 4517
8229 2 2 103 103 4436 5102 5101
8230 2 2 103 103 5038 5521 5202
8231 2 2 103 103 4610 5759 5365
8232 2 2 103 103 4678 4980 4676
8233 2 2 103 103 5202 5589 5038
8234 2 2 103 103 4316 5236 542
8235 2 2 103 103 5011 5732 5162
8236 2 2 103 103 4745 5075 4877
8237 2 2 103 103 4628 4672 4671
8238 2 2 103 103 4887 5379 5083
8239 2 2 103 103 5067 5739 4886
8240 2 2 103 103 5594 5710 5054
8241 2 2 103 103 4643 5428 5242
8242 2 2 103 103 4336 5335 5113
8243 2 2 103 103 4801 5057 4781
8244 2 2 103 103 4436 5708 5102
8245 2 2 103 103 5355 5588 5207
8246 2 2 103 103 4806 5330 5001
8247 2 2 103 103 5328 5773 4344
8248 2 2 103 103 4366 4990 4364
8249 2 2 103 103 4687 5461 5412
8250 2 2 103 103 4310 5122 5120
8251 2 2 103 103 5417 5766 4837
8252 2 2 103 103 4628 4671 4354
8253 2 2 103 103 4676 4706 4677
8254 2 2 103 103 4637 5177 4638
8255 2 2 103 103 4638 4705 4640
8256 2 2 103 103 4625 4680 4623
8257 2 2 103 103 5316 5570 5406
8258 2 2 103 103 5103 5456 5322
8259 2 2 103 103 4646 5713 5043
8260 2 2 103 103 5087 5351 4334
8261 2 2 103 103 5075 5076 4877
8262 2 2 103 103 5080 5562 5453
8263 2 2 103 103 5421 5505 5081
8264 2 2 103 103 4492 5142 5139
8265 2 2 103 103 4866 5246 4869
8266 2 2 103 103 4826 5360 4825
8267 2 2 103 103 5406 5570 4282
8268 2 2 103 103 4625 4681 4680
8269 2 2 103 103 5411 5459 4579
8270 2 2 103 103 4642 4730 4729
8271 2 2 103 103 5206 5208 4792
8272 2 2 103 103 542 5236 543
8273 2 2 103 103 5381 5480 4727
8274 2 2 103 103 383 4350 382
8275 2 2 103 103 4298 5360 5069
8276 2 2 103 103 4550 5180 4548
8277 2 2 103 103 4953 5594 5054
8278 2 2 103 103 5115 5513 4328
8279 2 2 103 103 4887 5620 5133
8280 2 2 103 103 4679 5707 5097
8281 2 2 103 103 4501 5148 5146
8282 2 2 103 103 4621 4679 4619
8283 2 2 103 103 5180 5181 4682
8284 2 2 103 103 5097 5552 4679
8285 2 2 103 103 4538 4990 4366
8286 2 2 103 103 4640 5318 4642
8287 2 2 103 103 4335 5347 5125
8288 2 2 103 103 4886 5381 5067
8289 2 2 103 103 5360 5506 4872
8290 2 2 103 103 4748 5129 4747
8291 2 2 103 103 4812 5331 5134
8292 2 2 103 103 4389 5544 5263
8293 2 2 103 103 4697 5093 4787
8294 2 2 103 103 5519 5556 4306
8295 2 2 103 103 4695 5235 4690
8296 2 2 103 103 4651 4724 4649
8297 2 2 103 103 4618 5040 4840
8298 2 2 103 103 4711 5090 4710
8299 2 2 103 103 5070 5814 5667
8300 2 2 103 103 4940 5613 5147
8301 2 2 103 103 4384 5647 5599
8302 2 2 103 103 5153 5556 5519
8303 2 2 103 103 4684 5039 4700
8304 2 2 103 103 4607 4637 4617
8305 2 2 103 103 4915 5649 5215
8306 2 2 103 103 4644 4759 4645
8307 2 2 103 103 4955 5539 5344
8308 2 2 103 103 4647 4975 4739
8309 2 2 103 103 5070 5667 5242
8310 2 2 103 103 5493 5644 5319
8311 2 2 103 103 4611 5249 4650
8312 2 2 103 103 5169 5171 5170
8313 2 2 103 103 4611 4647 4610
8314 2 2 103 103 5074 5468 4296
8315 2 2 103 103 5308 5402 4607
8316 2 2 103 103 4853 5168 4957
8317 2 2 103 103 5458 5500 4580
8318 2 2 103 103 4997 5330 4806
8319 2 2 103 103 4311 5213 5159
8320 2 2 103 103 4511 5577 5372
8321 2 2 103 103 4709 5451 4596
8322 2 2 103 103 4637 5517 5177
8323 2 2 103 103 4370 5078 4368
8324 2 2 103 103 4611 4649 4647
8325 2 2 103 103 4390 5544 4389
8326 2 2 103 103 4956 5503 5419
8327 2 2 103 103 4872 5506 5158
8328 2 2 103 103 5272 5461 4688
8329 2 2 103 103 4296 5537 5074
8330 2 2 103 103 5106 5763 5046
8331 2 2 103 103 4289 5785 5112
8332 2 2 103 103 4677 5373 4583
8333 2 2 103 103 5090 5091 4710
8334 2 2 103 103 5477 5567 5478
8335 2 2 103 103 5197 5788 5073
8336 2 2 103 103 4604 4634 4605
8337 2 2 103 103 5399 5517 4637
8338 2 2 103 103 4481 5165 4483
8339 2 2 103 103 5108 5581 4520
8340 2 2 103 103 4624 4942 4644
8341 2 2 103 103 5107 5245 5066
8342 2 2 103 103 4321 5505 5421
8343 2 2 103 103 4510 5078 4370
8344 2 2 103 103 4526 5145 4608
8345 2 2 103 103 4631 5331 4812
8346 2 2 103 103 5296 5756 5283
8347 2 2 103 103 4538 5651 4990
8348 2 2 103 103 4302 5504 5114
8349 2 2 103 103 5011 5162 4944
8350 2 2 103 103 5328 5530 5464
8351 2 2 103 103 4440 5375 5212
8352 2 2 103 103 4776 5124 4943
8353 2 2 103 103 4310 5123 5122
8354 2 2 103 103 4730 4731 4729
8355 2 2 103 103 4830 5362 4828
8356 2 2 103 103 5242 5428 5243
8357 2 2 103 103 5236 5776 5206
8358 2 2 103 103 4637 4638 4617
8359 2 2 103 103 4442 5724 5529
8360 2 2 103 103 5297 5539 4955
8361 2 2 103 103 5093 5094 4787
8362 2 2 103 103 4315 5627 5267
8363 2 2 103 103 5215 5216 4915
8364 2 2 103 103 4607 5402 4637
8365 2 2 103 103 5054 5567 4953
8366 2 2 103 103 4653 5026 4651
8367 2 2 103 103 5464 5530 4974
8368 2 2 103 103 5410 5411 5023
8369 2 2 103 103 5333 5364 4286
8370 2 2 103 103 5018 5758 5756
8371 2 2 103 103 5010 5220 5144
8372 2 2 103 103 5471 5667 5206
8373 2 2 103 103 5022 5554 5394
8374 2 2 103 103 5412 5461 5272
8375 2 2 103 103 5200 5572 5334
8376 2 2 103 103 4739 4740 4648
8377 2 2 103 103 4334 5768 5087
8378 2 2 103 103 4510 5079 5078
8379 2 2 103 103 4700 4771 4701
8380 2 2 103 103 5089 5561 584
8381 2 2 103 103 4840 4909 4908
8382 2 2 103 103 4368 4538 4366
8383 2 2 103 103 4608 5725 5407
8384 2 2 103 103 584 5553 5089
8385 2 2 103 103 5290 5331 4849
8386 2 2 103 103 5116 5661 5520
8387 2 2 103 103 5163 5249 4529
8388 2 2 103 103 4678 4981 4980
8389 2 2 103 103 5084 5615 4615
8390 2 2 103 103 4350 5306 382
8391 2 2 103 103 4327 5427 5200
8392 2 2 103 103 4276 5367 5219
8393 2 2 103 103 5003 5513 5115
8394 2 2 103 103 4688 5457 5272
8395 2 2 103 103 4290 5665 5126
8396 2 2 103 103 578 5159 4320
8397 2 2 103 103 5057 5424 4781
8398 2 2 103 103 4621 5747 5132
8399 2 2 103 103 5124 5523 4943
8400 2 2 103 103 4684 4700 4686
8401 2 2 103 103 5199 5200 4917
8402 2 2 103 103 4825 5360 4872
8403 2 2 103 103 5129 5130 4747
8404 2 2 103 103 4655 5064 4653
8405 2 2 103 103 5561 5762 4300
8406 2 2 103 103 576 5176 4345
8407 2 2 103 103 5220 5804 5086
8408 2 2 103 103 4796 5373 4677
8409 2 2 103 103 4681 4726 4680
8410 2 2 103 103 4636 5747 4621
8411 2 2 103 103 4763 5199 4917
8412 2 2 103 103 4811 5196 4926
8413 2 2 103 103 5557 5713 4760
8414 2 2 103 103 4449 5169 4453
8415 2 2 103 103 4498 5366 4520
8416 2 2 103 103 5411 5510 5459
8417 2 2 103 103 5188 5190 4279
8418 2 2 103 103 4528 5149 4504
8419 2 2 103 103 4621 5132 4679
8420 2 2 103 103 4492 5370 5142
8421 2 2 103 103 5150 5724 5636
8422 2 2 103 103 5169 5170 4453
8423 2 2 103 103 4647 4648 4610
8424 2 2 103 103 4584 4678 4676
8425 2 2 103 103 5520 5661 4291
8426 2 2 103 103 4752 5127 4751
8427 2 2 103 103 5066 5264 5107
8428 2 2 103 103 4705 5502 4640
8429 2 2 103 103 5088 5762 5561
8430 2 2 103 103 5503 5617 5419
8431 2 2 103 103 4492 5139 4477
8432 2 2 103 103 5351 5367 4276
8433 2 2 103 103 4525 5388 4480
8434 2 2 103 103 4618 4840 4839
8435 2 2 103 103 4323 5362 5109
8436 2 2 103 103 4347 5445 5233
8437 2 2 103 103 4493 5143 4473
8438 2 2 103 103 4849 5331 4631
8439 2 2 103 103 4572 5222 4564
8440 2 2 103 103 4706 4707 4677
8441 2 2 103 103 4672 4790 4671
8442 2 2 103 103 4501 5146 4469
8443 2 2 103 103 4871 5264 4659
8444 2 2 103 103 5149 5365 4883
8445 2 2 103 103 5178 5180 4550
8446 2 2 103 103 4801 5059 5058
8447 2 2 103 103 4638 5177 4705
8448 2 2 103 103 4909 5300 4912
8449 2 2 103 103 4644 4824 4759
8450 2 2 103 103 4600 5222 4572
8451 2 2 103 103 4480 5388 4478
8452 2 2 103 103 5112 5709 4289
8453 2 2 103 103 4849 5682 5290
8454 2 2 103 103 5144 5220 5086
8455 2 2 103 103 4999 5326 5248
8456 2 2 103 103 4857 5106 5046
8457 2 2 103 103 4843 5765 5232
8458 2 2 103 103 5016 5309 4976
8459 2 2 103 103 4533 5243 4534
8460 2 2 103 103 4509 5157 4461
8461 2 2 103 103 4705 5804 5220
8462 2 2 103 103 4765 5199 4763
8463 2 2 103 103 5601 5619 5183
8464 2 2 103 103 5542 5685 5624
8465 2 2 103 103 5170 5175 4453
8466 2 2 103 103 4325 5288 5280
8467 2 2 103 103 5075 5077 5076
8468 2 2 103 103 4850 5623 5212
8469 2 2 103 103 5127 5128 4751
8470 2 2 103 103 4714 5090 4711
8471 2 2 103 103 4311 5618 5100
8472 2 2 103 103 4828 5362 5069
8473 2 2 103 103 4699 5531 4935
8474 2 2 103 103 4975 4976 4739
8475 2 2 103 103 5073 5774 4509
8476 2 2 103 103 4340 5588 5355
8477 2 2 103 103 4725 5358 5013
8478 2 2 103 103 5154 5295 5166
8479 2 2 103 103 5012 5417 4836
8480 2 2 103 103 4322 5277 5271
8481 2 2 103 103 4730 5318 4758
8482 2 2 103 103 5213 5811 5159
8483 2 2 103 103 5219 5367 5095
8484 2 2 103 103 5233 5445 5234
8485 2 2 103 103 4624 4644 4633
8486 2 2 103 103 5372 5577 5168
8487 2 2 103 103 4635 5382 5296
8488 2 2 103 103 4742 5075 4745
8489 2 2 103 103 5446 5457 4688
8490 2 2 103 103 4759 4760 4645
8491 2 2 103 103 4930 5644 5493
8492 2 2 103 103 5069 5362 5275
8493 2 2 103 103 4779 5579 4801
8494 2 2 103 103 4758 5318 5009
8495 2 2 103 103 4976 5309 4739
8496 2 2 103 103 4793 4794 4636
8497 2 2 103 103 5206 5667 5205
8498 2 2 103 103 5333 5779 5364
8499 2 2 103 103 5394 5554 4597
8500 2 2 103 103 5168 5577 4957
8501 2 2 103 103 4719 5192 4718
8502 2 2 103 103 5071 5639 4415
8503 2 2 103 103 5151 5574 5140
8504 2 2 103 103 4684 5753 5039
8505 2 2 103 103 4446 5223 4424
8506 2 2 103 103 4355 4628 4354
8507 2 2 103 103 590 5559 5119
8508 2 2 103 103 4948 5150 4991
8509 2 2 103 103 4699 5710 5531
8510 2 2 103 103 5294 5443 5287
8511 2 2 103 103 5173 5174 5170
8512 2 2 103 103 4307 5715 5696
8513 2 2 103 103 4751 5129 4748
8514 2 2 103 103 4730 4757 4731
8515 2 2 103 103 4657 4770 4655
8516 2 2 103 103 5207 5560 5355
8517 2 2 103 103 4761 5217 5154
8518 2 2 103 103 4644 4645 4633
8519 2 2 103 103 5696 5715 5060
8520 2 2 103 103 4521 5197 4457
8521 2 2 103 103 4649 5786 4647
8522 2 2 103 103 5067 5381 4727
8523 2 2 103 103 4507 5229 4437
8524 2 2 103 103 5144 5221 5010
8525 2 2 103 103 5667 5814 5205
8526 2 2 103 103 5166 5241 4345
8527 2 2 103 103 5017 5548 5414
8528 2 2 103 103 4812 5196 4811
8529 2 2 103 103 5145 5725 4608
8530 2 2 103 103 4700 4701 4686
8531 2 2 103 103 4445 5212 5210
8532 2 2 103 103 4888 5418 5320
8533 2 2 103 103 4659 5264 4657
8534 2 2 103 103 5113 5469 4336
8535 2 2 103 103 4513 5145 4526
8536 2 2 103 103 4628 5358 4725
8537 2 2 103 103 5225 5500 4907
8538 2 2 103 103 4605 5308 4607
8539 2 2 103 103 4953 5567 5477
8540 2 2 103 103 4840 4910 4909
8541 2 2 103 103 4706 5261 4707
8542 2 2 103 103 5183 5619 5155
8543 2 2 103 103 586 5231 4290
8544 2 2 103 103 5158 5506 546
8545 2 2 103 103 5494 5584 5276
8546 2 2 103 103 4436 5101 4374
8547 2 2 103 103 5232 5665 4290
8548 2 2 103 103 5177 5804 4705
8549 2 2 103 103 4622 4636 4621
8550 2 2 103 103 5093 5104 5094
8551 2 2 103 103 4680 5480 4623
8552 2 2 103 103 4610 5365 4528
8553 2 2 103 103 4792 4793 4636
8554 2 2 103 103 5255 5384 4285
8555 2 2 103 103 5320 5418 4568
8556 2 2 103 103 4707 4798 4797
8557 2 2 103 103 4710 5093 4697
8558 2 2 103 103 4700 4772 4771
8559 2 2 103 103 4840 4908 4839
8560 2 2 103 103 5175 5719 4453
8561 2 2 103 103 5119 5635 590
8562 2 2 103 103 4862 5451 4709
8563 2 2 103 103 4501 5666 5148
8564 2 2 103 103 5129 5131 5130
8565 2 2 103 103 5248 5326 4502
8566 2 2 103 103 4903 5155 5049
8567 2 2 103 103 4676 5723 4706
8568 2 2 103 103 5372 5587 4598
8569 2 2 103 103 4739 5309 4740
8570 2 2 103 103 4378 5299 5209
8571 2 2 103 103 4620 4621 4619
8572 2 2 103 103 5074 5537 4331
8573 2 2 103 103 5107 5264 4871
8574 2 2 103 103 4447 5169 4449
8575 2 2 103 103 4618 5780 5040
8576 2 2 103 103 5563 5566 5240
8577 2 2 103 103 5288 5289 5280
8578 2 2 103 103 4494 5451 5420
8579 2 2 103 103 5200 5427 4917
8580 2 2 103 103 4503 5163 4529
8581 2 2 103 103 5404 5717 5467
8582 2 2 103 103 5084 5298 4890
8583 2 2 103 103 4774 5124 4776
8584 2 2 103 103 5218 5309 5016
8585 2 2 103 103 5283 5312 5282
8586 2 2 103 103 4552 5178 4550
8587 2 2 103 103 4584 4676 4583
8588 2 2 103 103 5239 5417 5012
8589 2 2 103 103 4740 4802 4742
8590 2 2 103 103 4601 5243 4533
8591 2 2 103 103 4697 4787 4695
8592 2 2 103 103 4415 5599 5071
8593 2 2 103 103 386 5214 385
8594 2 2 103 103 5147 5611 4940
8595 2 2 103 103 5347 5706 5125
8596 2 2 103 103 5194 5621 4277
8597 2 2 103 103 4909 4911 4908
8598 2 2 103 103 5551 5678 4827
8599 2 2 103 103 4912 5300 5113
8600 2 2 103 103 4676 4677 4583
8601 2 2 103 103 4321 5421 5103
8602 2 2 103 103 4331 5595 5074
8603 2 2 103 103 5210 5211 4518
8604 2 2 103 103 5154 5652 4319
8605 2 2 103 103 4424 5223 4422
8606 2 2 103 103 4759 5250 4760
8607 2 2 103 103 4489 5763 5434
8608 2 2 103 103 4896 5183 4898
8609 2 2 103 103 4969 5804 5177
8610 2 2 103 103 5114 5390 4841
8611 2 2 103 103 5443 5687 5287
8612 2 2 103 103 5141 5769 5165
8613 2 2 103 103 5043 5224 4646
8614 2 2 103 103 4528 5365 5149
8615 2 2 103 103 5231 5232 4290
8616 2 2 103 103 5125 5485 4335
8617 2 2 103 103 5090 5092 5091
8618 2 2 103 103 4771 4866 4701
8619 2 2 103 103 4624 5698 4942
8620 2 2 103 103 5181 5225 4682
8621 2 2 103 103 5144 5712 5221
8622 2 2 103 103 4942 5480 5381
8623 2 2 103 103 5434 5577 5498
8624 2 2 103 103 4642 5318 4730
8625 2 2 103 103 5293 5499 4410
8626 2 2 103 103 4745 4877 4876
8627 2 2 103 103 4542 5379 4544
8628 2 2 103 103 5328 5466 4349
8629 2 2 103 103 4437 5229 4433
8630 2 2 103 103 4898 5183 5155
8631 2 2 103 103 5147 5613 4493
8632 2 2 103 103 5069 5360 4826
8633 2 2 103 103 4650 4651 4649
8634 2 2 103 103 579 5159 578
8635 2 2 103 103 5232 5643 4843
8636 2 2 103 103 577 5176 576
8637 2 2 103 103 4725 4788 4672
8638 2 2 103 103 4747 5192 4719
8639 2 2 103 103 4608 5673 5546
8640 2 2 103 103 4886 5739 5297
8641 2 2 103 103 4755 5127 4752
8642 2 2 103 103 4628 4725 4672
8643 2 2 103 103 4594 5446 4592
8644 2 2 103 103 5626 5660 4988
8645 2 2 103 103 4311 5159 579
8646 2 2 103 103 5195 5598 330
8647 2 2 103 103 5283 5439 5312
8648 2 2 103 103 5354 5560 4892
8649 2 2 103 103 4708 5217 4761
8650 2 2 103 103 5083 5379 4542
8651 2 2 103 103 4910 5300 4909
8652 2 2 103 103 5101 5102 5080
8653 2 2 103 103 5192 5193 4718
8654 2 2 103 103 4531 4625 4623
8655 2 2 103 103 4971 5393 5392
8656 2 2 103 103 4656 4657 4655
8657 2 2 103 103 4654 4655 4653
8658 2 2 103 103 4696 4697 4695
8659 2 2 103 103 5412 5709 5112
8660 2 2 103 103 4627 4685 4684
8661 2 2 103 103 4652 4653 4651
8662 2 2 103 103 4320 5176 577
8663 2 2 103 103 565 5592 5185
8664 2 2 103 103 4883 5725 5149
8665 2 2 103 103 4991 4992 4950
8666 2 2 103 103 4992 5085 4994
8667 2 2 103 103 5103 5322 4321
8668 2 2 103 103 4792 5471 5206
8669 2 2 103 103 4657 5264 4770
8670 2 2 103 103 4529 4610 4528
8671 2 2 103 103 4526 4604 4527
8672 2 2 103 103 4438 5212 4445
8673 2 2 103 103 5289 5516 5280
8674 2 2 103 103 487 5239 4346
8675 2 2 103 103 5104 5790 5094
8676 2 2 103 103 5110 5785 5274
8677 2 2 103 103 5499 5565 4410
8678 2 2 103 103 5160 5425 5122
8679 2 2 103 103 5414 5548 8
8680 2 2 103 103 5124 5742 5523
8681 2 2 103 103 587 5231 586
8682 2 2 103 103 4766 4767 4681
8683 2 2 103 103 4543 5440 4541
8684 2 2 103 103 4619 5780 4618
8685 2 2 103 103 4874 5367 5087
8686 2 2 103 103 4322 5269 554
8687 2 2 103 103 5335 5777 5113
8688 2 2 103 103 4824 4844 4759
8689 2 2 103 103 4323 5274 550
8690 2 2 103 103 4277 5598 5194
8691 2 2 103 103 5114 5414 4302
8692 2 2 103 103 4844 5250 4759
8693 2 2 103 103 4298 5275 548
8694 2 2 103 103 4909 4912 4911
8695 2 2 103 103 330 5690 5195
8696 2 2 103 103 5308 5400 4965
8697 2 2 103 103 4508 5210 4518
8698 2 2 103 103 4583 5373 4521
8699 2 2 103 103 4681 5310 4726
8700 2 2 103 103 4564 5222 4563
8701 2 2 103 103 5230 5231 587
8702 2 2 103 103 4946 5150 4948
8703 2 2 103 103 5191 5339 5190
8704 2 2 103 103 5227 5265 4989
8705 2 2 103 103 5159 5429 4320
8706 2 2 103 103 4707 5261 4798
8707 2 2 103 103 4431 5282 4432
8708 2 2 103 103 4317 5452 5062
8709 2 2 103 103 4892 5764 5354
8710 2 2 103 103 4948 4991 4950
8711 2 2 103 103 5139 5140 4488
8712 2 2 103 103 5116 5520 4341
8713 2 2 103 103 4608 5546 4604
8714 2 2 103 103 4536 4619 4618
8715 2 2 103 103 4295 5532 5304
8716 2 2 103 103 4503 4528 4504
8717 2 2 103 103 4943 4944 4847
8718 2 2 103 103 4980 5723 4676
8719 2 2 103 103 4300 5238 582
8720 2 2 103 103 4943 5011 4944
8721 2 2 103 103 5041 5042 4910
8722 2 2 103 103 4981 5315 4980
8723 2 2 103 103 5027 5431 4724
8724 2 2 103 103 4754 4755 4752
8725 2 2 103 103 4832 5168 4853
8726 2 2 103 103 4833 5301 4972
8727 2 2 103 103 5324 5484 5368
8728 2 2 103 103 5148 5187 5147
8729 2 2 103 103 5179 5699 5182
8730 2 2 103 103 4713 4714 4711
8731 2 2 103 103 5146 5147 4493
8732 2 2 103 103 4486 5164 5163
8733 2 2 103 103 5219 5790 4330
8734 2 2 103 103 4509 5634 5157
8735 2 2 103 103 4771 4867 4866
8736 2 2 103 103 4573 5298 4615
8737 2 2 103 103 5198 5754 4414
8738 2 2 103 103 4833 4970 4831
8739 2 2 103 103 594 5267 4326
8740 2 2 103 103 5252 5793 4986
8741 2 2 103 103 5404 5467 4348
8742 2 2 103 103 4638 4640 4639
8743 2 2 103 103 5290 5447 4663
8744 2 2 103 103 5085 5534 5420
8745 2 2 103 103 4504 5149 4506
8746 2 2 103 103 4316 5566 5563
8747 2 2 103 103 4658 4659 4657
8748 2 2 103 103 4522 5302 4773
8749 2 2 103 103 4412 4418 4411
8750 2 2 103 103 4414 5754 5301
8751 2 2 103 103 4634 5546 5460
8752 2 2 103 103 4715 4716 4714
8753 2 2 103 103 5614 5641 5345
8754 2 2 103 103 5156 5595 4331
8755 2 2 103 103 588 5230 587
8756 2 2 103 103 5276 5584 4916
8757 2 2 103 103 4791 5307 5172
8758 2 2 103 103 4887 5124 4774
8759 2 2 103 103 5167 5168 4832
8760 2 2 103 103 5233 5234 4342
8761 2 2 103 103 4779 4780 4765
8762 2 2 103 103 4522 4583 4521
8763 2 2 103 103 4604 5546 4634
8764 2 2 103 103 4425 4428 4424
8765 2 2 103 103 4791 5169 4447
8766 2 2 103 103 4887 5133 5124
8767 2 2 103 103 4640 4642 4641
8768 2 2 103 103 4526 4608 4604
8769 2 2 103 103 5068 5250 4844
8770 2 2 103 103 4513 4526 4524
8771 2 2 103 103 4423 4424 4422
8772 2 2 103 103 4592 5446 4688
8773 2 2 103 103 4903 4930 4904
8774 2 2 103 103 4642 4729 4728
8775 2 2 103 103 4529 4611 4610
8776 2 2 103 103 554 5269 555
8777 2 2 103 103 550 5274 551
8778 2 2 103 103 4692 4695 4690
8779 2 2 103 103 548 5275 549
8780 2 2 103 103 4398 4410 4396
8781 2 2 103 103 4903 5049 4930
8782 2 2 103 103 4288 5740 5505
8783 2 2 103 103 5167 5587 5372
8784 2 2 103 103 4506 5145 4513
8785 2 2 103 103 4776 4943 4847
8786 2 2 103 103 4400 5293 4398
8787 2 2 103 103 4780 5199 4765
8788 2 2 103 103 5203 5770 4427
8789 2 2 103 103 4380 5299 4378
8790 2 2 103 103 4453 5302 4451
8791 2 2 103 103 4503 4529 4528
8792 2 2 103 103 4637 5402 5399
8793 2 2 103 103 4438 4445 4437
8794 2 2 103 103 4577 4614 4576
8795 2 2 103 103 4716 4809 4714
8796 2 2 103 103 4434 4437 4433
8797 2 2 103 103 5139 5142 5140
8798 2 2 103 103 4331 5658 5156
8799 2 2 103 103 4575 4576 4574
8800 2 2 103 103 5214 5497 385
8801 2 2 103 103 4506 5149 5145
8802 2 2 103 103 5181 5226 5225
8803 2 2 103 103 4427 5770 5307
8804 2 2 103 103 4798 5261 4936
8805 2 2 103 103 4573 4574 4572
8806 2 2 103 103 4898 5155 4900
8807 2 2 103 103 4907 5440 5225
8808 2 2 103 103 4418 4831 4609
8809 2 2 103 103 4487 5163 4503
8810 2 2 103 103 4477 5139 4479
8811 2 2 103 103 4486 5163 4487
8812 2 2 103 103 4453 5719 5302
8813 2 2 103 103 4405 4406 4403
8814 2 2 103 103 4409 4411 4407
8815 2 2 103 103 4634 5400 5308
8816 2 2 103 103 4900 5155 4903
8817 2 2 103 103 4689 4871 4659
8818 2 2 103 103 4541 5440 4907
8819 2 2 103 103 4487 4503 4491
8820 2 2 103 103 4498 4520 4497
8821 2 2 103 103 4703 4887 4774
8822 2 2 103 103 4703 5379 4887
8823 2 2 103 103 5056 5678 5551
8824 2 2 103 103 4672 5403 4790
8825 2 2 103 103 5064 5748 4653
8826 2 2 103 103 4756 4762 4755
8827 2 2 103 103 4473 5143 4475
8828 2 2 103 103 5252 5557 4760
8829 2 2 103 103 4483 5165 4486
8830 2 2 103 103 4456 4521 4457
8831 2 2 103 103 4731 4733 4732
8832 2 2 103 103 4313 4350 383
8833 2 2 103 103 4451 4456 4452
8834 2 2 103 103 5026 5028 5027
8835 2 2 103 103 4767 5310 4681
8836 2 2 103 103 4469 5146 4471
8837 2 2 103 103 4449 4451 4450
8838 2 2 103 103 4493 5613 5143
8839 2 2 103 103 5062 5771 4317
8840 2 2 103 103 5326 5812 4467
8841 2 2 103 103 5194 5195 5193
8842 2 2 103 103 4536 4618 4535
8843 2 2 103 103 5146 5148 5147
8844 2 2 103 103 4595 5547 4915
8845 2 2 103 103 5177 5517 4969
8846 2 2 103 103 4833 4971 4970
8847 2 2 103 103 4831 5167 4832
8848 2 2 103 103 4447 4449 4448
8849 2 2 103 103 4685 5753 4684
8850 2 2 103 103 4698 4710 4697
8851 2 2 103 103 4418 5301 4833
8852 2 2 103 103 5079 5685 5078
8853 2 2 103 103 4790 5403 5033
8854 2 2 103 103 4342 5417 5239
8855 2 2 103 103 4479 5139 4488
8856 2 2 103 103 4420 4422 4417
8857 2 2 103 103 4750 4751 4748
8858 2 2 103 103 4405 4407 4406
8859 2 2 103 103 4428 4447 4446
8860 2 2 103 103 4409 4412 4411
8861 2 2 103 103 4878 5247 4952
8862 2 2 103 103 4604 4605 4527
8863 2 2 103 103 5518 5809 5053
8864 2 2 103 103 4456 5302 4522
8865 2 2 103 103 4418 4833 4831
8866 2 2 103 103 4571 5298 4573
8867 2 2 103 103 4770 5264 5066
8868 2 2 103 103 5420 5534 4494
8869 2 2 103 103 4793 5208 4941
8870 2 2 103 103 4575 4577 4576
8871 2 2 103 103 5087 5768 5107
8872 2 2 103 103 4440 5212 4438
8873 2 2 103 103 4423 4425 4424
8874 2 2 103 103 4461 5157 4463
8875 2 2 103 103 5024 5718 5246
8876 2 2 103 103 4791 5171 5169
8877 2 2 103 103 4483 4486 4485
8878 2 2 103 103 4531 4623 4532
8879 2 2 103 103 4573 4575 4574
8880 2 2 103 103 4475 5143 4492
8881 2 2 103 103 595 5267 594
8882 2 2 103 103 5140 5694 5151
8883 2 2 103 103 4432 4433 4430
8884 2 2 103 103 4571 4572 4564
8885 2 2 103 103 580 4311 579
8886 2 2 103 103 5109 5362 4830
8887 2 2 103 103 4521 5373 5197
8888 2 2 103 103 4420 4423 4422
8889 2 2 103 103 4522 4584 4583
8890 2 2 103 103 4925 5382 5111
8891 2 2 103 103 4445 4508 4507
8892 2 2 103 103 4428 5307 4791
8893 2 2 103 103 5055 5084 4890
8894 2 2 103 103 4716 5321 4809
8895 2 2 103 103 4517 4531 4519
8896 2 2 103 103 4471 5146 4493
8897 2 2 103 103 5204 5206 5205
8898 2 2 103 103 4457 5197 4459
8899 2 2 103 103 4508 4517 4514
8900 2 2 103 103 5192 5194 5193
8901 2 2 103 103 4479 4488 4481
8902 2 2 103 103 4434 4438 4437
8903 2 2 103 103 4634 5308 4605
8904 2 2 103 103 4571 4573 4572
8905 2 2 103 103 5209 5761 4378
8906 2 2 103 103 4428 4791 4447
8907 2 2 103 103 4559 4563 4557
8908 2 2 103 103 4496 4497 4444
8909 2 2 103 103 4316 5776 5236
8910 2 2 103 103 4740 5309 4802
8911 2 2 103 103 4475 4492 4477
8912 2 2 103 103 5425 5784 5122
8913 2 2 103 103 4740 4742 4741
8914 2 2 103 103 4328 5481 5115
8915 2 2 103 103 4944 4946 4945
8916 2 2 103 103 4449 4453 4451
8917 2 2 103 103 578 4320 577
8918 2 2 103 103 4432 4434 4433
8919 2 2 103 103 4456 4522 4521
8920 2 2 103 103 5190 5663 4279
8921 2 2 103 103 4471 4493 4473
8922 2 2 103 103 4559 4564 4563
8923 2 2 103 103 4614 5054 4699
8924 2 2 103 103 5025 5779 5513
8925 2 2 103 103 4837 5549 5281
8926 2 2 103 103 4944 5162 4946
8927 2 2 103 103 4781 4834 4780
8928 2 2 103 103 5364 5779 5025
8929 2 2 103 103 4534 4535 4500
8930 2 2 103 103 576 4345 575
8931 2 2 103 103 4445 5210 4508
8932 2 2 103 103 4857 5046 4870
8933 2 2 103 103 553 5277 4322
8934 2 2 103 103 4341 5521 5116
8935 2 2 103 103 4508 4518 4517
8936 2 2 103 103 4496 4498 4497
8937 2 2 103 103 4988 5660 5413
8938 2 2 103 103 4660 4689 4659
8939 2 2 103 103 4467 4501 4469
8940 2 2 103 103 4520 4627 4626
8941 2 2 103 103 4614 4699 4674
8942 2 2 103 103 4982 4983 4981
8943 2 2 103 103 4403 5186 4400
8944 2 2 103 103 4798 4799 4797
8945 2 2 103 103 5160 5368 4702
8946 2 2 103 103 4463 5157 4502
8947 2 2 103 103 4627 4684 4683
8948 2 2 103 103 5451 5540 4596
8949 2 2 103 103 4467 5812 4501
8950 2 2 103 103 4526 4527 4524
8951 2 2 103 103 4534 4536 4535
8952 2 2 103 103 5086 5804 4969
8953 2 2 103 103 4699 4935 4845
8954 2 2 103 103 5174 5175 5170
8955 2 2 103 103 4853 4957 4855
8956 2 2 103 103 4322 5270 5269
8957 2 2 103 103 4924 5382 4925
8958 2 2 103 103 4463 4502 4465
8959 2 2 103 103 5592 5730 5184
8960 2 2 103 103 4776 4847 4846
8961 2 2 103 103 4635 5256 4515
8962 2 2 103 103 4772 5201 4771
8963 2 2 103 103 5134 5331 4928
8964 2 2 103 103 4459 5197 4509
8965 2 2 103 103 5092 5543 5091
8966 2 2 103 103 4563 5222 5179
8967 2 2 103 103 4900 4903 4902
8968 2 2 103 103 5459 5510 5021
8969 2 2 103 103 4563 5179 5178
8970 2 2 103 103 4459 4509 4461
8971 2 2 103 103 5340 5486 5098
8972 2 2 103 103 4359 4579 4357
8973 2 2 103 103 5574 5596 5575
8974 2 2 103 103 5176 5568 4345
8975 2 2 103 103 5077 5555 5076
8976 2 2 103 103 5292 5388 4525
8977 2 2 103 103 4703 4774 4704
8978 2 2 103 103 4877 5247 4878
8979 2 2 103 103 4774 4776 4775
8980 2 2 103 103 4312 5603 5426
8981 2 2 103 103 4322 5271 5270
8982 2 2 103 103 543 5236 5204
8983 2 2 103 103 5238 5385 4951
8984 2 2 103 103 546 5745 5158
8985 2 2 103 103 4992 4994 4993
8986 2 2 103 103 4510 5101 5080
8987 2 2 103 103 4793 4806 4794
8988 2 2 103 103 5185 5692 565
8989 2 2 103 103 4745 4876 4875
8990 2 2 103 103 4422 5223 5198
8991 2 2 103 103 4414 5301 4412
8992 2 2 103 103 4742 4745 4744
8993 2 2 103 103 4417 5198 4414
8994 2 2 103 103 4768 4769 4767
8995 2 2 103 103 4928 5290 4665
8996 2 2 103 103 4372 4510 4370
8997 2 2 103 103 5256 5282 4454
8998 2 2 103 103 5494 5518 5053
8999 2 2 103 103 5513 5655 5025
9000 2 2 103 103 583 4300 582
9001 2 2 103 103 559 5322 4287
9002 2 2 103 103 4946 4948 4947
9003 2 2 103 103 5434 5763 5106
9004 2 2 103 103 4771 5201 4867
9005 2 2 103 103 571 5288 4325
9006 2 2 103 103 4427 5307 4425
9007 2 2 103 103 5304 5571 4295
9008 2 2 103 103 4430 5203 4427
9009 2 2 103 103 4957 5577 5434
9010 2 2 103 103 4433 5229 5203
9011 2 2 103 103 5132 5747 5002
9012 2 2 103 103 4415 5299 4380
9013 2 2 103 103 4726 5310 4996
9014 2 2 103 103 5076 5247 4877
9015 2 2 103 103 4557 5178 4552
9016 2 2 103 103 4717 4718 4716
9017 2 2 103 103 5140 5141 4488
9018 2 2 103 103 5304 5637 5571
9019 2 2 103 103 5281 5476 4837
9020 2 2 103 103 4779 4781 4780
9021 2 2 103 103 5555 5609 4293
9022 2 2 103 103 4503 4504 4491
9023 2 2 103 103 4304 5230 588
9024 2 2 103 103 5164 5249 5163
9025 2 2 103 103 4948 4950 4949
9026 2 2 103 103 5368 5484 4702
9027 2 2 103 103 5127 5207 5128
9028 2 2 103 103 5204 5236 5206
9029 2 2 103 103 489 5233 4342
9030 2 2 103 103 561 5284 4324
9031 2 2 103 103 4737 5253 4816
9032 2 2 103 103 4515 5256 4454
9033 2 2 103 103 4790 4807 4671
9034 2 2 103 103 4635 5296 5256
9035 2 2 103 103 5043 5713 5557
9036 2 2 103 103 5289 5426 5136
9037 2 2 103 103 4802 5309 5218
9038 2 2 103 103 5464 5773 5328
9039 2 2 103 103 4915 5217 4708
9040 2 2 103 103 573 5278 4347
9041 2 2 103 103 5258 5641 5614
9042 2 2 103 103 5374 5384 4914
9043 2 2 103 103 4702 5425 5160
9044 2 2 103 103 4285 5387 5255
9045 2 2 103 103 4983 4984 4981
9046 2 2 103 103 4770 5064 4655
9047 2 2 103 103 4297 5214 386
9048 2 2 103 103 4726 4727 4680
9049 2 2 103 103 4970 5167 4831
9050 2 2 103 103 4721 4747 4719
9051 2 2 103 103 4330 5691 5219
9052 2 2 103 103 5138 5659 5137
9053 2 2 103 103 4733 4735 4734
9054 2 2 103 103 4851 5243 4601
9055 2 2 103 103 4855 5106 4857
9056 2 2 103 103 4418 4609 4411
9057 2 2 103 103 5028 5637 5304
9058 2 2 103 103 4486 4487 4485
9059 2 2 103 103 5091 5093 4710
9060 2 2 103 103 4972 5393 4971
9061 2 2 103 103 563 5291 4299
9062 2 2 103 103 4733 4914 4735
9063 2 2 103 103 4846 5237 5088
9064 2 2 103 103 4454 5282 4431
9065 2 2 103 103 5070 5242 4851
9066 2 2 103 103 5185 5592 5184
9067 2 2 103 103 4831 4832 4609
9068 2 2 103 103 4665 5290 4663
9069 2 2 103 103 4456 4457 4452
9070 2 2 103 103 5364 5436 4286
9071 2 2 103 103 5256 5283 5282
9072 2 2 103 103 4930 5276 4904
9073 2 2 103 103 4451 4452 4450
9074 2 2 103 103 384 4313 383
9075 2 2 103 103 4769 4868 4767
9076 2 2 103 103 5217 5652 5154
9077 2 2 103 103 4700 5039 4772
9078 2 2 103 103 4957 5106 4855
9079 2 2 103 103 4339 5556 5153
9080 2 2 103 103 4449 4450 4448
9081 2 2 103 103 4396 5405 4394
9082 2 2 103 103 5216 5217 4915
9083 2 2 103 103 4749 5738 5569
9084 2 2 103 103 5590 5786 4724
9085 2 2 103 103 4868 5310 4767
9086 2 2 103 103 4428 4446 4424
9087 2 2 103 103 5094 5095 4787
9088 2 2 103 103 4754 4756 4755
9089 2 2 103 103 4565 4703 4673
9090 2 2 103 103 4406 5186 4403
9091 2 2 103 103 5253 5254 4816
9092 2 2 103 103 4707 4797 4796
9093 2 2 103 103 4447 4448 4446
9094 2 2 103 103 4376 4436 4374
9095 2 2 103 103 5275 5362 4323
9096 2 2 103 103 4809 5321 5125
9097 2 2 103 103 4445 4507 4437
9098 2 2 103 103 543 5204 544
9099 2 2 103 103 4623 4624 4532
9100 2 2 103 103 4868 5325 5310
9101 2 2 103 103 4802 5075 4742
9102 2 2 103 103 4407 5369 4406
9103 2 2 103 103 5130 5192 4747
9104 2 2 103 103 4903 4904 4902
9105 2 2 103 103 4735 5253 4737
9106 2 2 103 103 4531 4532 4519
9107 2 2 103 103 4607 4617 4616
9108 2 2 103 103 4342 5239 488
9109 2 2 103 103 4395 4396 4394
9110 2 2 103 103 4671 5380 4354
9111 2 2 103 103 4991 5536 4992
9112 2 2 103 103 5150 5636 4991
9113 2 2 103 103 4422 5198 4417
9114 2 2 103 103 4997 5404 5330
9115 2 2 103 103 4413 4414 4412
9116 2 2 103 103 4397 4398 4396
9117 2 2 103 103 4508 4514 4507
9118 2 2 103 103 4517 4519 4514
9119 2 2 103 103 4798 4927 4799
9120 2 2 103 103 4757 5374 4731
9121 2 2 103 103 4408 4409 4407
9122 2 2 103 103 586 4290 585
9123 2 2 103 103 4570 4571 4564
9124 2 2 103 103 5030 5579 4778
9125 2 2 103 103 4731 5374 4733
9126 2 2 103 103 4426 4427 4425
9127 2 2 103 103 4923 5055 4890
9128 2 2 103 103 5261 5262 4936
9129 2 2 103 103 4399 4400 4398
9130 2 2 103 103 4718 5321 4716
9131 2 2 103 103 4520 4626 4497
9132 2 2 103 103 4439 4440 4438
9133 2 2 103 103 4787 5235 4695
9134 2 2 103 103 489 4342 488
9135 2 2 103 103 5002 5662 5132
9136 2 2 103 103 4870 5292 4896
9137 2 2 103 103 4790 4863 4807
9138 2 2 103 103 5166 5295 5241
9139 2 2 103 103 4872 5070 4851
9140 2 2 103 103 582 5238 581
9141 2 2 103 103 4401 4403 4400
9142 2 2 103 103 4365 4366 4364
9143 2 2 103 103 4614 4674 4576
9144 2 2 103 103 4986 5557 5252
9145 2 2 103 103 4499 4500 4498
9146 2 2 103 103 4416 4417 4414
9147 2 2 103 103 4433 5203 4430
9148 2 2 103 103 4404 4405 4403
9149 2 2 103 103 4315 5687 5396
9150 2 2 103 103 5365 5783 4883
9151 2 2 103 103 4609 5369 4411
9152 2 2 103 103 4419 4420 4417
9153 2 2 103 103 4574 4600 4572
9154 2 2 103 103 4429 4430 4427
9155 2 2 103 103 4985 4986 4983
9156 2 2 103 103 4618 4839 4535
9157 2 2 103 103 4443 4444 4440
9158 2 2 103 103 4398 5293 4410
9159 2 2 103 103 5222 5699 5179
9160 2 2 103 103 4684 4686 4683
9161 2 2 103 103 4852 5369 4609
9162 2 2 103 103 4627 4683 4626
9163 2 2 103 103 4653 5748 5026
9164 2 2 103 103 5140 5574 5141
9165 2 2 103 103 4533 4534 4500
9166 2 2 103 103 4314 5422 5286
9167 2 2 103 103 4444 5375 4440
9168 2 2 103 103 4495 4496 4444
9169 2 2 103 103 4431 4432 4430
9170 2 2 103 103 4926 5184 4813
9171 2 2 103 103 5243 5428 4534
9172 2 2 103 103 4382 4415 4380
9173 2 2 103 103 487 4346 486
9174 2 2 103 103 4500 5366 4498
9175 2 2 103 103 5435 5659 5138
9176 2 2 103 103 4975 4977 4976
9177 2 2 103 103 5330 5688 5001
9178 2 2 103 103 4324 5610 5585
9179 2 2 103 103 4563 5178 4557
9180 2 2 103 103 5204 5205 4305
9181 2 2 103 103 5128 5129 4751
9182 2 2 103 103 4558 4559 4557
9183 2 2 103 103 4733 5374 4914
9184 2 2 103 103 4699 4845 4674
9185 2 2 103 103 5250 5252 4760
9186 2 2 103 103 4353 4354 4351
9187 2 2 103 103 4465 5326 4467
9188 2 2 103 103 4877 4878 4876
9189 2 2 103 103 5508 5550 4738
9190 2 2 103 103 544 5204 4305
9191 2 2 103 103 4762 4892 4755
9192 2 2 103 103 5179 5180 5178
9193 2 2 103 103 4946 5162 5150
9194 2 2 103 103 5186 5806 4934
9195 2 2 103 103 4300 5385 5238
9196 2 2 103 103 4725 4789 4788
9197 2 2 103 103 5135 5137 5134
9198 2 2 103 103 4770 5065 5064
9199 2 2 103 103 4279 5572 5188
9200 2 2 103 103 4890 5298 4629
9201 2 2 103 103 5212 5623 5210
9202 2 2 103 103 546 5506 547
9203 2 2 103 103 4735 4737 4736
9204 2 2 103 103 4325 5280 5279
9205 2 2 103 103 4730 4758 4757
9206 2 2 103 103 4944 4945 4847
9207 2 2 103 103 4929 5134 4928
9208 2 2 103 103 5158 5814 5070
9209 2 2 103 103 4392 4394 4390
9210 2 2 103 103 4574 5386 4600
9211 2 2 103 103 4625 4766 4681
9212 2 2 103 103 4904 5276 4916
9213 2 2 103 103 4644 4942 4824
9214 2 2 103 103 4919 4954 4784
9215 2 2 103 103 5080 5624 5079
9216 2 2 103 103 5505 5740 5081
9217 2 2 103 103 5610 5702 5055
9218 2 2 103 103 4693 5596 5574
9219 2 2 103 103 5055 5702 5084
9220 2 2 103 103 589 4304 588
9221 2 2 103 103 4388 4389 4386
9222 2 2 103 103 5282 5312 4432
9223 2 2 103 103 4750 4752 4751
9224 2 2 103 103 4889 4890 4629
9225 2 2 103 103 4315 5267 595
9226 2 2 103 103 5120 5559 4310
9227 2 2 103 103 4825 4851 4601
9228 2 2 103 103 5123 5160 5122
9229 2 2 103 103 5253 5255 5254
9230 2 2 103 103 4314 5733 5422
9231 2 2 103 103 4354 5810 4351
9232 2 2 103 103 4446 5395 5223
9233 2 2 103 103 592 4310 591
9234 2 2 103 103 4587 4635 4515
9235 2 2 103 103 490 5233 489
9236 2 2 103 103 5105 5727 5305
9237 2 2 103 103 5269 5273 4288
9238 2 2 103 103 4412 5301 4418
9239 2 2 103 103 5201 5364 4867
9240 2 2 103 103 555 4288 556
9241 2 2 103 103 553 4322 554
9242 2 2 103 103 551 4289 552
9243 2 2 103 103 594 4326 593
9244 2 2 103 103 4630 5320 4568
9245 2 2 103 103 549 4323 550
9246 2 2 103 103 4839 5366 4535
9247 2 2 103 103 4726 4860 4727
9248 2 2 103 103 547 4298 548
9249 2 2 103 103 4372 5101 4510
9250 2 2 103 103 5021 5390 4789
9251 2 2 103 103 4548 4682 4546
9252 2 2 103 103 4983 5257 4984
9253 2 2 103 103 4626 5375 4497
9254 2 2 103 103 4756 4763 4762
9255 2 2 103 103 4811 4813 4630
9256 2 2 103 103 4813 5612 5320
9257 2 2 103 103 5745 5814 5158
9258 2 2 103 103 596 4315 595
9259 2 2 103 103 5046 5292 4870
9260 2 2 103 103 4544 5379 4565
9261 2 2 103 103 4425 5307 4428
9262 2 2 103 103 5373 5788 5197
9263 2 2 103 103 4992 4993 4950
9264 2 2 103 103 5478 5567 4577
9265 2 2 103 103 557 4321 558
9266 2 2 103 103 544 4305 545
9267 2 2 103 103 4703 4704 4673
9268 2 2 103 103 4556 4557 4552
9269 2 2 103 103 555 5269 4288
9270 2 2 103 103 551 5274 4289
9271 2 2 103 103 5167 5372 5168
9272 2 2 103 103 571 4325 572
9273 2 2 103 103 4774 4775 4704
9274 2 2 103 103 4717 4719 4718
9275 2 2 103 103 4724 5786 4649
9276 2 2 103 103 4494 5540 5451
9277 2 2 103 103 4768 5246 4769
9278 2 2 103 103 549 5275 4323
9279 2 2 103 103 559 4287 560
9280 2 2 103 103 4451 5302 4456
9281 2 2 103 103 596 5287 4315
9282 2 2 103 103 4776 4846 4775
9283 2 2 103 103 4678 4982 4981
9284 2 2 103 103 5153 5604 4339
9285 2 2 103 103 4721 4748 4747
9286 2 2 103 103 387 4297 386
9287 2 2 103 103 4789 4937 4788
9288 2 2 103 103 5181 5791 5182
9289 2 2 103 103 4984 5315 4981
9290 2 2 103 103 5384 5787 4285
9291 2 2 103 103 5068 5251 5250
9292 2 2 103 103 5547 5649 4915
9293 2 2 103 103 569 4312 570
9294 2 2 103 103 4799 5361 4891
9295 2 2 103 103 4850 5375 4626
9296 2 2 103 103 4667 4928 4665
9297 2 2 103 103 5238 5618 581
9298 2 2 103 103 5257 5259 4984
9299 2 2 103 103 4763 4917 4762
9300 2 2 103 103 4824 4886 4844
9301 2 2 103 103 566 4303 567
9302 2 2 103 103 561 4324 562
9303 2 2 103 103 4912 4913 4911
9304 2 2 103 103 4737 4816 4815
9305 2 2 103 103 4507 5401 5229
9306 2 2 103 103 5239 5789 4346
9307 2 2 103 103 5071 5599 5072
9308 2 2 103 103 573 4347 574
9309 2 2 103 103 5182 5265 5227
9310 2 2 103 103 4799 4891 4800
9311 2 2 103 103 5042 5300 4910
9312 2 2 103 103 5041 5096 5042
9313 2 2 103 103 4674 5386 4576
9314 2 2 103 103 4579 5743 4357
9315 2 2 103 103 4891 5424 5057
9316 2 2 103 103 563 4299 564
9317 2 2 103 103 4867 5024 4866
9318 2 2 103 103 4986 5257 4983
9319 2 2 103 103 5271 5272 5270
9320 2 2 103 103 5193 5321 4718
9321 2 2 103 103 5310 5325 4996
9322 2 2 103 103 5007 5374 4757
9323 2 2 103 103 5126 5553 4290
9324 2 2 103 103 4802 5077 5075
9325 2 2 103 103 488 5239 487
9326 2 2 103 103 5242 5243 4851
9327 2 2 103 103 4809 5090 4714
9328 2 2 103 103 5339 5663 5190
9329 2 2 103 103 5227 5363 5226
9330 2 2 103 103 4737 4815 4814
9331 2 2 103 103 4329 5305 5303
9332 2 2 103 103 5585 5610 5055
9333 2 2 103 103 4588 5461 4687
9334 2 2 103 103 4689 4874 4871
9335 2 2 103 103 4982 4985 4983
9336 2 2 103 103 5028 5303 5027
9337 2 2 103 103 5405 5544 4394
9338 2 2 103 103 4834 4873 4780
9339 2 2 103 103 4278 5736 5105
9340 2 2 103 103 5277 5709 5271
9341 2 2 103 103 4614 5567 5054
9342 2 2 103 103 4409 5268 4413
9343 2 2 103 103 4946 4947 4945
9344 2 2 103 103 4405 5266 4408
9345 2 2 103 103 4715 4717 4716
9346 2 2 103 103 580 5618 4311
9347 2 2 103 103 5156 5658 4281
9348 2 2 103 103 4605 4607 4606
9349 2 2 103 103 5260 5315 4984
9350 2 2 103 103 4859 5386 4674
9351 2 2 103 103 597 5287 596
9352 2 2 103 103 5467 5717 4343
9353 2 2 103 103 4792 5208 4793
9354 2 2 103 103 4772 5202 5201
9355 2 2 103 103 389 4319 388
9356 2 2 103 103 4622 4792 4636
9357 2 2 103 103 5107 5768 5245
9358 2 2 103 103 5259 5614 4308
9359 2 2 103 103 4793 4941 4806
9360 2 2 103 103 4806 5001 4794
9361 2 2 103 103 5426 5603 5138
9362 2 2 103 103 4813 5751 5612
9363 2 2 103 103 4713 4715 4714
9364 2 2 103 103 4486 5165 5164
9365 2 2 103 103 4573 4615 4575
9366 2 2 103 103 5225 5440 4682
9367 2 2 103 103 4928 5331 5290
9368 2 2 103 103 5271 5709 5412
9369 2 2 103 103 5173 5767 5397
9370 2 2 103 103 4813 5320 4630
9371 2 2 103 103 4378 5761 4376
9372 2 2 103 103 4620 4622 4621
9373 2 2 103 103 5343 5790 5104
9374 2 2 103 103 4669 5484 5324
9375 2 2 103 103 4942 5381 4824
9376 2 2 103 103 5131 5621 5130
9377 2 2 103 103 391 5241 390
9378 2 2 103 103 4330 5790 5343
9379 2 2 103 103 4559 4570 4564
9380 2 2 103 103 4496 4499 4498
9381 2 2 103 103 4536 4620 4619
9382 2 2 103 103 5091 5104 5093
9383 2 2 103 103 4914 5253 4735
9384 2 2 103 103 4394 5544 4390
9385 2 2 103 103 4410 5545 5405
9386 2 2 103 103 4590 5461 4588
9387 2 2 103 103 4784 5446 4594
9388 2 2 103 103 4761 5154 4973
9389 2 2 103 103 5007 5384 5374
9390 2 2 103 103 4769 5003 4868
9391 2 2 103 103 4420 5314 5313
9392 2 2 103 103 4367 4368 4366
9393 2 2 103 103 4504 4506 4505
9394 2 2 103 103 5095 5235 4787
9395 2 2 103 103 5094 5219 5095
9396 2 2 103 103 4434 4439 4438
9397 2 2 103 103 4281 5712 5156
9398 2 2 103 103 4878 4879 4876
9399 2 2 103 103 5516 5722 5280
9400 2 2 103 103 4423 4426 4425
9401 2 2 103 103 585 5553 584
9402 2 2 103 103 4948 4949 4947
9403 2 2 103 103 5094 5790 5219
9404 2 2 103 103 4409 4413 4412
9405 2 2 103 103 5318 5502 5009
9406 2 2 103 103 597 5294 5287
9407 2 2 103 103 5223 5646 5198
9408 2 2 103 103 4517 5526 4531
9409 2 2 103 103 4513 4524 4523
9410 2 2 103 103 5130 5194 5192
9411 2 2 103 103 4629 5298 4571
9412 2 2 103 103 4405 4408 4407
9413 2 2 103 103 4798 4936 4927
9414 2 2 103 103 4722 5324 4864
9415 2 2 103 103 4410 5565 5545
9416 2 2 103 103 4863 4974 4807
9417 2 2 103 103 4790 5033 4863
9418 2 2 103 103 4766 4768 4767
9419 2 2 103 103 541 4316 542
9420 2 2 103 103 4872 5158 5070
9421 2 2 103 103 5042 5469 5300
9422 2 2 103 103 4506 4513 4512
9423 2 2 103 103 4919 5081 4954
9424 2 2 103 103 5280 5281 5279
9425 2 2 103 103 4977 5015 4976
9426 2 2 103 103 598 5294 597
9427 2 2 103 103 4623 5698 4624
9428 2 2 103 103 5128 5131 5129
9429 2 2 103 103 4986 5793 5258
9430 2 2 103 103 5340 5733 4314
9431 2 2 103 103 4731 4732 4729
9432 2 2 103 103 4791 5172 5171
9433 2 2 103 103 5256 5296 5283
9434 2 2 103 103 4892 5127 4755
9435 2 2 103 103 4770 5066 5065
9436 2 2 103 103 4595 4915 4708
9437 2 2 103 103 4833 4972 4971
9438 2 2 103 103 4758 5006 4757
9439 2 2 103 103 4546 5440 4543
9440 2 2 103 103 4457 4459 4458
9441 2 2 103 103 4832 4853 4852
9442 2 2 103 103 591 5559 590
9443 2 2 103 103 5300 5469 5113
9444 2 2 103 103 4698 4711 4710
9445 2 2 103 103 5254 5357 4816
9446 2 2 103 103 4499 4533 4500
9447 2 2 103 103 4520 5581 4627
9448 2 2 103 103 5220 5502 4705
9449 2 2 103 103 4926 5185 5184
9450 2 2 103 103 5155 5619 5049
9451 2 2 103 103 4825 4872 4851
9452 2 2 103 103 4878 4880 4879
9453 2 2 103 103 4570 4629 4571
9454 2 2 103 103 4860 5067 4727
9455 2 2 103 103 4726 4996 4860
9456 2 2 103 103 4439 4443 4440
9457 2 2 103 103 4487 4491 4490
9458 2 2 103 103 5290 5682 5447
9459 2 2 103 103 4889 4923 4890
9460 2 2 103 103 4624 4633 4632
9461 2 2 103 103 4443 4495 4444
9462 2 2 103 103 4426 4429 4427
9463 2 2 103 103 4788 5403 4672
9464 2 2 103 103 4937 4938 4788
9465 2 2 103 103 4459 4461 4460
9466 2 2 103 103 5000 5544 5405
9467 2 2 103 103 4587 5311 4635
9468 2 2 103 103 5251 5252 5250
9469 2 2 103 103 4502 5326 4465
9470 2 2 103 103 4522 4773 4584
9471 2 2 103 103 5419 5617 5050
9472 2 2 103 103 5046 5657 5388
9473 2 2 103 103 4413 4416 4414
9474 2 2 103 103 5259 5260 4984
9475 2 2 103 103 4886 4955 4844
9476 2 2 103 103 4429 4431 4430
9477 2 2 103 103 4912 5035 4913
9478 2 2 103 103 4816 4817 4815
9479 2 2 103 103 4419 5314 4420
9480 2 2 103 103 4461 4463 4462
9481 2 2 103 103 4611 4650 4649
9482 2 2 103 103 5260 5316 5315
9483 2 2 103 103 4416 4419 4417
9484 2 2 103 103 5041 5097 5096
9485 2 2 103 103 4465 4467 4466
9486 2 2 103 103 4867 5025 5024
9487 2 2 103 103 4463 4465 4464
9488 2 2 103 103 4408 5268 4409
9489 2 2 103 103 5420 5451 5450
9490 2 2 103 103 4471 4473 4472
9491 2 2 103 103 4986 5258 5257
9492 2 2 103 103 4932 5550 5508
9493 2 2 103 103 4473 4475 4474
9494 2 2 103 103 4304 5635 5117
9495 2 2 103 103 4469 4471 4470
9496 2 2 103 103 4802 5218 5077
9497 2 2 103 103 5171 5767 5173
9498 2 2 103 103 4809 5092 5090
9499 2 2 103 103 390 5295 389
9500 2 2 103 103 4312 5426 5289
9501 2 2 103 103 4467 4469 4468
9502 2 2 103 103 5255 5387 5254
9503 2 2 103 103 4874 5087 4871
9504 2 2 103 103 4392 4395 4394
9505 2 2 103 103 5111 5382 5311
9506 2 2 103 103 5336 5621 5131
9507 2 2 103 103 5579 5695 5634
9508 2 2 103 103 5028 5304 5303
9509 2 2 103 103 4811 4926 4813
9510 2 2 103 103 4475 4477 4476
9511 2 2 103 103 4834 5188 4873
9512 2 2 103 103 4873 5199 4780
9513 2 2 103 103 4397 4399 4398
9514 2 2 103 103 4395 4397 4396
9515 2 2 103 103 4353 4355 4354
9516 2 2 103 103 4404 5266 4405
9517 2 2 103 103 4399 4401 4400
9518 2 2 103 103 4401 4404 4403
9519 2 2 103 103 4853 4855 4854
9520 2 2 103 103 5108 5366 4839
9521 2 2 103 103 5135 5138 5137
9522 2 2 103 103 4477 4479 4478
9523 2 2 103 103 5001 5002 4794
9524 2 2 103 103 4941 4997 4806
9525 2 2 103 103 5013 5021 4789
9526 2 2 103 103 4927 5361 4799
9527 2 2 103 103 5431 5590 4724
9528 2 2 103 103 4855 4857 4856
9529 2 2 103 103 4525 5601 5183
9530 2 2 103 103 4914 5255 5253
9531 2 2 103 103 5003 5115 4868
9532 2 2 103 103 379 4349 378
9533 2 2 103 103 4857 4870 4858
9534 2 2 103 103 4696 4698 4697
9535 2 2 103 103 4287 5456 5285
9536 2 2 103 103 4388 4390 4389
9537 2 2 103 103 4556 4558 4557
9538 2 2 103 103 4929 5135 5134
9539 2 2 103 103 4936 5153 4927
9540 2 2 103 103 5033 5062 4863
9541 2 2 103 103 4479 4481 4480
9542 2 2 103 103 4971 5528 4970
9543 2 2 103 103 4977 5105 5015
9544 2 2 103 103 5015 5016 4976
9545 2 2 103 103 4892 5207 5127
9546 2 2 103 103 5066 5244 5065
9547 2 2 103 103 5006 5007 4757
9548 2 2 103 103 4758 5008 5006
9549 2 2 103 103 4878 4952 4880
9550 2 2 103 103 4880 4881 4879
9551 2 2 103 103 4996 5020 4860
9552 2 2 103 103 4363 4364 4361
9553 2 2 103 103 4692 4696 4695
9554 2 2 103 103 5259 5317 5260
9555 2 2 103 103 4955 5068 4844
9556 2 2 103 103 4886 5297 4955
9557 2 2 103 103 5035 5036 4913
9558 2 2 103 103 4912 5113 5035
9559 2 2 103 103 4817 4818 4815
9560 2 2 103 103 4870 4896 4895
9561 2 2 103 103 5097 5098 5096
9562 2 2 103 103 4345 5568 5166
9563 2 2 103 103 4809 5125 5092
9564 2 2 103 103 282 4348 281
9565 2 2 103 103 5087 5107 4871
9566 2 2 103 103 4834 5189 5188
9567 2 2 103 103 4873 5200 5199
9568 2 2 103 103 557 5505 4321
9569 2 2 103 103 4994 4995 4993
9570 2 2 103 103 5237 5653 5385
9571 2 2 103 103 5234 5417 4342
9572 2 2 103 103 4941 5240 4997
9573 2 2 103 103 5001 5286 5002
9574 2 2 103 103 5115 5325 4868
9575 2 2 103 103 5195 5485 5193
9576 2 2 103 103 5066 5245 5244
9577 2 2 103 103 4758 5009 5008
9578 2 2 103 103 5006 5060 5007
9579 2 2 103 103 4880 4882 4881
9580 2 2 103 103 4904 4916 4905
9581 2 2 103 103 4667 4929 4928
9582 2 2 103 103 5036 5037 4913
9583 2 2 103 103 4817 4819 4818
9584 2 2 103 103 5097 5099 5098
9585 2 2 103 103 5189 5190 5188
9586 2 2 103 103 4896 4898 4897
9587 2 2 103 103 5009 5010 5008
9588 2 2 103 103 4882 4884 4881
9589 2 2 103 103 4735 4736 4734
9590 2 2 103 103 5036 5038 5037
9591 2 2 103 103 4817 4820 4819
9592 2 2 103 103 5189 5191 5190
9593 2 2 103 103 5009 5220 5010
9594 2 2 103 103 4882 4885 4884
9595 2 2 103 103 5036 5116 5038
9596 2 2 103 103 4820 4822 4819
9597 2 2 103 103 4882 5005 4885
9598 2 2 103 103 4885 4958 4884
9599 2 2 103 103 4820 4841 4822
9600 2 2 103 103 4885 4959 4958
9601 2 2 103 103 4820 5017 4841
9602 2 2 103 103 4959 4960 4958
9603 2 2 103 103 5017 5114 4841
9604 2 2 103 103 4959 4961 4960
9605 2 2 103 103 4961 4962 4960
9606 2 2 103 103 4959 5034 4961
9607 2 2 103 103 4961 4963 4962
9608 2 2 103 103 4963 4964 4962
9609 2 2 103 103 4963 4966 4964
9610 2 2 103 103 4966 4967 4964
9611 2 2 103 103 4963 5074 4966
9612 2 2 103 103 4966 4968 4967
9613 2 2 103 103 4968 4969 4967
9614 2 2 103 103 4277 5336 328
9615 2 2 103 103 328 5336 327
9616 2 2 103 103 321 5334 4279
9617 2 2 103 103 4336 5352 290
9618 2 2 103 103 324 5353 323
9619 2 2 103 103 4280 5342 354
9620 2 2 103 103 354 5342 353
9621 2 2 103 103 322 5334 321
9622 2 2 103 103 4338 5329 283
9623 2 2 103 103 4338 5330 5329
9624 2 2 103 103 290 5352 289
9625 2 2 103 103 323 5353 4327
9626 2 2 103 103 355 5338 4280
9627 2 2 103 103 4968 5019 4969
9628 2 2 103 103 356 5338 355
9629 2 2 103 103 326 5355 325
9630 2 2 103 103 352 5349 351
9631 2 2 103 103 4337 5349 352
9632 2 2 103 103 4968 5156 5019
9633 2 2 103 103 307 5344 306
9634 2 2 103 103 349 5346 4333
9635 2 2 103 103 309 5350 308
9636 2 2 103 103 334 5343 4294
9637 2 2 103 103 4340 5355 326
9638 2 2 103 103 297 5333 4286
9639 2 2 103 103 327 5336 4340
9640 2 2 103 103 4328 5332 299
9641 2 2 103 103 299 5332 298
9642 2 2 103 103 5019 5144 5086
9643 2 2 103 103 350 5346 349
9644 2 2 103 103 5345 5350 309
9645 2 2 103 103 4292 5353 324
9646 2 2 103 103 4332 5338 356
9647 2 2 103 103 353 5342 4337
9648 2 2 103 103 284 4338 283
9649 2 2 103 103 289 4301 288
9650 2 2 103 103 297 4286 296
9651 2 2 103 103 302 4284 301
9652 2 2 103 103 314 4282 313
9653 2 2 103 103 319 5339 318
9654 2 2 103 103 327 4340 326
9655 2 2 103 103 329 4277 328
9656 2 2 103 103 286 4314 285
9657 2 2 103 103 291 4336 290
9658 2 2 103 103 311 4308 310
9659 2 2 103 103 316 4339 315
9660 2 2 103 103 321 4279 320
9661 2 2 103 103 338 4276 337
9662 2 2 103 103 340 4334 339
9663 2 2 103 103 351 4293 350
9664 2 2 103 103 363 4281 362
9665 2 2 103 103 343 4295 342
9666 2 2 103 103 349 4333 348
9667 2 2 103 103 353 4337 352
9668 2 2 103 103 366 4307 365
9669 2 2 103 103 336 4330 335
9670 2 2 103 103 345 4329 344
9671 2 2 103 103 361 4331 360
9672 2 2 103 103 351 5349 4293
9673 2 2 103 103 4308 5345 310
9674 2 2 103 103 283 5329 282
9675 2 2 103 103 293 4291 292
9676 2 2 103 103 308 4283 307
9677 2 2 103 103 318 4306 317
9678 2 2 103 103 323 4327 322
9679 2 2 103 103 332 4335 331
9680 2 2 103 103 334 4294 333
9681 2 2 103 103 347 4278 346
9682 2 2 103 103 355 4280 354
9683 2 2 103 103 357 4332 356
9684 2 2 103 103 359 4296 358
9685 2 2 103 103 369 4285 368
9686 2 2 103 103 4283 5344 307
9687 2 2 103 103 295 4341 294
9688 2 2 103 103 300 4328 299
9689 2 2 103 103 305 4309 304
9690 2 2 103 103 325 4292 324
9691 2 2 103 103 4327 5334 322
9692 2 2 103 103 325 5355 4292
9693 2 2 103 103 4334 5351 339
9694 2 2 103 103 295 5337 4341
9695 2 2 103 103 286 5340 4314
9696 2 2 103 103 282 5329 4348
9697 2 2 103 103 332 5347 4335
9698 2 2 103 103 347 5341 4278
9699 2 2 103 103 4291 5335 292
9700 2 2 103 103 5019 5086 4969
9701 2 2 103 103 308 5350 4283
9702 2 2 103 103 4293 5346 350
9703 2 2 103 103 339 5351 338
9704 2 2 103 103 4286 5337 296
9705 2 2 103 103 335 5343 334
9706 2 2 103 103 338 5351 4276
9707 2 2 103 103 310 5345 309
9708 2 2 103 103 289 5352 4301
9709 2 2 103 103 4292 5354 5353
9710 2 2 103 103 4330 5343 335
9711 2 2 103 103 296 5337 295
9712 2 2 103 103 318 5339 4306
9713 2 2 103 103 314 5348 4282
9714 2 2 103 103 4333 5341 348
9715 2 2 103 103 348 5341 347
9716 2 2 103 103 287 5340 286
9717 2 2 103 103 5332 5333 298
9718 2 2 103 103 4294 5347 333
9719 2 2 103 103 333 5347 332
9720 2 2 103 103 298 5333 297
9721 2 2 103 103 4339 5348 315
9722 2 2 103 103 315 5348 314
9723 2 2 103 103 291 5335 4336
9724 2 2 103 103 292 5335 291
9725 2 2 103 103 5005 5356 4885
9726 2 2 103 103 4885 5356 4959
9727 2 2 103 103 4959 5356 5034
9728 2 2 103 103 4816 5357 4817
9729 2 2 103 103 4434 5312 4439
9730 2 2 103 103 4565 5379 4703
9731 2 2 103 103 5369 5797 4406
9732 2 2 103 103 4845 4988 4859
9733 2 2 103 103 5397 5716 5173
9734 2 2 103 103 4898 4900 4899
9735 2 2 103 103 4994 5450 4995
9736 2 2 103 103 4589 5491 4956
9737 2 2 103 103 4423 5313 4426
9738 2 2 103 103 4817 5357 4820
9739 2 2 103 103 4957 5434 5106
9740 2 2 103 103 4481 4483 4482
9741 2 2 103 103 4952 5359 4880
9742 2 2 103 103 4483 4485 4484
9743 2 2 103 103 4880 5359 4882
9744 2 2 103 103 4820 5357 5017
9745 2 2 103 103 379 5327 4349
9746 2 2 103 103 5098 5733 5340
9747 2 2 103 103 5125 5706 5092
9748 2 2 103 103 4722 4864 4835
9749 2 2 103 103 4882 5359 5005
9750 2 2 103 103 4669 5324 4722
9751 2 2 103 103 5389 5554 5032
9752 2 2 103 103 552 5277 553
9753 2 2 103 103 4847 5237 4846
9754 2 2 103 103 4374 5101 4372
9755 2 2 103 103 5085 5420 4994
9756 2 2 103 103 4733 4734 4732
9757 2 2 103 103 4900 4902 4901
9758 2 2 103 103 5473 5728 4865
9759 2 2 103 103 4411 5369 4407
9760 2 2 103 103 4496 5415 4499
9761 2 2 103 103 5431 5727 5105
9762 2 2 103 103 570 5288 571
9763 2 2 103 103 5361 5746 5191
9764 2 2 103 103 558 5322 559
9765 2 2 103 103 4559 5418 4570
9766 2 2 103 103 380 5327 379
9767 2 2 103 103 4993 5454 4950
9768 2 2 103 103 567 5435 568
9769 2 2 103 103 4535 5366 4500
9770 2 2 103 103 357 5371 4332
9771 2 2 103 103 4296 5371 358
9772 2 2 103 103 5182 5791 5179
9773 2 2 103 103 4867 5364 5025
9774 2 2 103 103 560 5284 561
9775 2 2 103 103 4297 5215 5214
9776 2 2 103 103 5229 5676 5203
9777 2 2 103 103 4313 4351 4350
9778 2 2 103 103 5285 5456 5045
9779 2 2 103 103 4432 5312 4434
9780 2 2 103 103 5453 5624 5080
9781 2 2 103 103 572 5278 573
9782 2 2 103 103 4799 4800 4797
9783 2 2 103 103 5172 5449 5171
9784 2 2 103 103 389 5295 4319
9785 2 2 103 103 5241 5295 390
9786 2 2 103 103 381 4318 380
9787 2 2 103 103 4737 4814 4736
9788 2 2 103 103 4420 5313 4423
9789 2 2 103 103 539 4343 540
9790 2 2 103 103 5271 5412 5272
9791 2 2 103 103 5246 5490 4869
9792 2 2 103 103 382 5306 381
9793 2 2 103 103 376 4344 375
9794 2 2 103 103 562 5291 563
9795 2 2 103 103 5017 5414 5114
9796 2 2 103 103 5130 5621 5194
9797 2 2 103 103 4368 5760 4538
9798 2 2 103 103 4402 5455 5363
9799 2 2 103 103 4326 5607 593
9800 2 2 103 103 4687 5311 4587
9801 2 2 103 103 4510 5080 5079
9802 2 2 103 103 5244 5583 4295
9803 2 2 103 103 4660 4690 4689
9804 2 2 103 103 5112 5683 5412
9805 2 2 103 103 5219 5691 4276
9806 2 2 103 103 4974 5628 5014
9807 2 2 103 103 4497 5375 4444
9808 2 2 103 103 4597 5554 5389
9809 2 2 103 103 4561 5394 4597
9810 2 2 103 103 4656 4658 4657
9811 2 2 103 103 4410 5405 4396
9812 2 2 103 103 4654 4656 4655
9813 2 2 103 103 5386 5674 4600
9814 2 2 103 103 5097 5707 5099
9815 2 2 103 103 4650 4652 4651
9816 2 2 103 103 4652 4654 4653
9817 2 2 103 103 4382 5599 4415
9818 2 2 103 103 4561 4597 4585
9819 2 2 103 103 5594 5778 5050
9820 2 2 103 103 4308 5757 5259
9821 2 2 103 103 5278 5445 4347
9822 2 2 103 103 4935 5645 5430
9823 2 2 103 103 4576 5386 4574
9824 2 2 103 103 4355 5358 4628
9825 2 2 103 103 358 5371 357
9826 2 2 103 103 4638 4639 4617
9827 2 2 103 103 8 5387 369
9828 2 2 103 103 5327 5328 4349
9829 2 2 103 103 4589 4956 4591
9830 2 2 103 103 5330 5404 5329
9831 2 2 103 103 4974 5014 4807
9832 2 2 103 103 4310 5607 5123
9833 2 2 103 103 5104 5543 5343
9834 2 2 103 103 5536 5794 4992
9835 2 2 103 103 5435 5603 568
9836 2 2 103 103 4829 5018 4924
9837 2 2 103 103 5286 5541 4314
9838 2 2 103 103 4824 5381 4886
9839 2 2 103 103 4658 4660 4659
9840 2 2 103 103 4318 5327 380
9841 2 2 103 103 5383 5514 4309
9842 2 2 103 103 4319 5479 388
9843 2 2 103 103 5196 5538 4926
9844 2 2 103 103 5407 5704 4608
9845 2 2 103 103 381 5306 4318
9846 2 2 103 103 5569 5666 4998
9847 2 2 103 103 4846 5088 4848
9848 2 2 103 103 4764 4765 4763
9849 2 2 103 103 4706 5442 5261
9850 2 2 103 103 5118 5389 5032
9851 2 2 103 103 5343 5543 4294
9852 2 2 103 103 4540 5083 4542
9853 2 2 103 103 4298 5506 5360
9854 2 2 103 103 4536 5428 4620
9855 2 2 103 103 584 5561 583
9856 2 2 103 103 4625 5526 4766
9857 2 2 103 103 4346 5443 5294
9858 2 2 103 103 5245 5583 5244
9859 2 2 103 103 4565 4673 4566
9860 2 2 103 103 569 5603 4312
9861 2 2 103 103 369 5387 4285
9862 2 2 103 103 4789 5390 4937
9863 2 2 103 103 4891 5057 4800
9864 2 2 103 103 4860 5383 5067
9865 2 2 103 103 4288 5505 556
9866 2 2 103 103 5346 5586 4333
9867 2 2 103 103 8 5548 5387
9868 2 2 103 103 4675 4843 4842
9869 2 2 103 103 4554 5496 5394
9870 2 2 103 103 5046 5388 5292
9871 2 2 103 103 4822 5409 4819
9872 2 2 103 103 4309 5539 5297
9873 2 2 103 103 5202 5436 5201
9874 2 2 103 103 5020 5383 4860
9875 2 2 103 103 5460 5600 4634
9876 2 2 103 103 5117 5737 4304
9877 2 2 103 103 4914 5384 5255
9878 2 2 103 103 5354 5427 5353
9879 2 2 103 103 5030 5695 5579
9880 2 2 103 103 5221 5438 5010
9881 2 2 103 103 4364 5796 4361
9882 2 2 103 103 5321 5485 5125
9883 2 2 103 103 4965 5402 5308
9884 2 2 103 103 5450 5451 4862
9885 2 2 103 103 5287 5687 4315
9886 2 2 103 103 5349 5593 5555
9887 2 2 103 103 5291 5489 4299
9888 2 2 103 103 4678 5525 4982
9889 2 2 103 103 5240 5566 4343
9890 2 2 103 103 4499 5415 4537
9891 2 2 103 103 5136 5516 5289
9892 2 2 103 103 4544 4565 4560
9893 2 2 103 103 4575 5535 4577
9894 2 2 103 103 4293 5609 5346
9895 2 2 103 103 4386 5647 4384
9896 2 2 103 103 5311 5382 4635
9897 2 2 103 103 5078 5685 5512
9898 2 2 103 103 4570 5418 4888
9899 2 2 103 103 4457 4458 4452
9900 2 2 103 103 4913 5376 4911
9901 2 2 103 103 387 5479 4297
9902 2 2 103 103 5116 5521 5038
9903 2 2 103 103 4450 4539 4448
9904 2 2 103 103 4624 4632 4532
9905 2 2 103 103 4803 5314 4419
9906 2 2 103 103 372 5378 371
9907 2 2 103 103 373 5377 372
9908 2 2 103 103 374 4317 373
9909 2 2 103 103 371 4302 370
9910 2 2 103 103 4832 4852 4609
9911 2 2 103 103 5046 5763 5657
9912 2 2 103 103 5121 5389 5118
9913 2 2 103 103 4967 5399 4964
9914 2 2 103 103 4312 5289 5288
9915 2 2 103 103 5010 5438 5008
9916 2 2 103 103 4325 5279 5278
9917 2 2 103 103 4519 4612 4514
9918 2 2 103 103 4907 5458 4393
9919 2 2 103 103 5392 5705 4971
9920 2 2 103 103 4864 5627 5396
9921 2 2 103 103 5103 5421 4920
9922 2 2 103 103 4781 5424 4834
9923 2 2 103 103 4845 5591 4988
9924 2 2 103 103 4938 5403 4788
9925 2 2 103 103 5387 5548 5254
9926 2 2 103 103 4287 5285 5284
9927 2 2 103 103 384 5497 4313
9928 2 2 103 103 4683 4850 4626
9929 2 2 103 103 4963 5468 5074
9930 2 2 103 103 5034 5468 4961
9931 2 2 103 103 5519 5746 5361
9932 2 2 103 103 4605 4606 4527
9933 2 2 103 103 5213 5454 4993
9934 2 2 103 103 538 5467 539
9935 2 2 103 103 5084 5702 5615
9936 2 2 103 103 4537 4601 4533
9937 2 2 103 103 5037 5376 4913
9938 2 2 103 103 368 5472 367
9939 2 2 103 103 4989 5801 5227
9940 2 2 103 103 4930 5493 5276
9941 2 2 103 103 5329 5404 4348
9942 2 2 103 103 377 5466 376
9943 2 2 103 103 5284 5610 4324
9944 2 2 103 103 5040 5552 5041
9945 2 2 103 103 5154 5166 4973
9946 2 2 103 103 4504 4505 4491
9947 2 2 103 103 5233 5671 4347
9948 2 2 103 103 5077 5609 5555
9949 2 2 103 103 5249 5721 4650
9950 2 2 103 103 5348 5406 4282
9951 2 2 103 103 4845 4859 4674
9952 2 2 103 103 4284 5481 301
9953 2 2 103 103 300 5481 4328
9954 2 2 103 103 4740 4741 4648
9955 2 2 103 103 4785 4919 4784
9956 2 2 103 103 5530 5628 4974
9957 2 2 103 103 4602 4825 4601
9958 2 2 103 103 4578 5056 4495
9959 2 2 103 103 4888 4889 4629
9960 2 2 103 103 5120 5121 5118
9961 2 2 103 103 4289 5709 5277
9962 2 2 103 103 4640 4641 4639
9963 2 2 103 103 4682 5440 4546
9964 2 2 103 103 5270 5273 5269
9965 2 2 103 103 4864 5396 4835
9966 2 2 103 103 4540 5398 5083
9967 2 2 103 103 4642 4728 4641
9968 2 2 103 103 4822 5510 5409
9969 2 2 103 103 4301 5486 288
9970 2 2 103 103 287 5486 5340
9971 2 2 103 103 4435 4454 4431
9972 2 2 103 103 4954 5446 4784
9973 2 2 103 103 4545 4546 4543
9974 2 2 103 103 4567 4568 4558
9975 2 2 103 103 5346 5609 5586
9976 2 2 103 103 4421 4803 4419
9977 2 2 103 103 4894 5022 4808
9978 2 2 103 103 4588 4687 4587
9979 2 2 103 103 4922 5103 4920
9980 2 2 103 103 4925 5109 4830
9981 2 2 103 103 4516 4587 4515
9982 2 2 103 103 4455 4515 4454
9983 2 2 103 103 5042 5632 5469
9984 2 2 103 103 4828 5069 4826
9985 2 2 103 103 4487 4490 4485
9986 2 2 103 103 4693 5574 5151
9987 2 2 103 103 5050 5778 5419
9988 2 2 103 103 4662 4663 4586
9989 2 2 103 103 4949 5100 4951
9990 2 2 103 103 4569 4630 4568
9991 2 2 103 103 5194 5598 5195
9992 2 2 103 103 4631 4811 4630
9993 2 2 103 103 4746 5437 4668
9994 2 2 103 103 4783 4784 4594
9995 2 2 103 103 4459 4460 4458
9996 2 2 103 103 4954 5740 5273
9997 2 2 103 103 5208 5563 4941
9998 2 2 103 103 5009 5502 5220
9999 2 2 103 103 4664 4665 4663
10000 2 2 103 103 4592 4688 4590
10001 2 2 103 103 4547 4548 4546
10002 2 2 103 103 4600 5674 5265
10003 2 2 103 103 4461 4462 4460
10004 2 2 103 103 5016 5586 5218
10005 2 2 103 103 4562 5061 4555
10006 2 2 103 103 4969 5517 4967
10007 2 2 103 103 564 5592 565
10008 2 2 103 103 4675 5433 4843
10009 2 2 103 103 4406 5474 5186
10010 2 2 103 103 4553 4556 4552
10011 2 2 103 103 4549 4550 4548
10012 2 2 103 103 4551 4552 4550
10013 2 2 103 103 4463 4464 4462
10014 2 2 103 103 4906 5050 4804
10015 2 2 103 103 5615 5702 5045
10016 2 2 103 103 590 5635 589
10017 2 2 103 103 4541 4907 4393
10018 2 2 103 103 4853 4854 4852
10019 2 2 103 103 4465 4466 4464
10020 2 2 103 103 592 5607 4310
10021 2 2 103 103 4391 4392 4390
10022 2 2 103 103 5510 5648 5021
10023 2 2 103 103 4904 4905 4902
10024 2 2 103 103 5449 5767 5171
10025 2 2 103 103 5363 5801 4402
10026 2 2 103 103 4666 4667 4665
10027 2 2 103 103 5472 5715 367
10028 2 2 103 103 5132 5707 4679
10029 2 2 103 103 4467 4468 4466
10030 2 2 103 103 4704 4893 4673
10031 2 2 103 103 4471 4472 4470
10032 2 2 103 103 4679 5780 4619
10033 2 2 103 103 4473 4474 4472
10034 2 2 103 103 4495 5415 4496
10035 2 2 103 103 4469 4470 4468
10036 2 2 103 103 4313 5497 4352
10037 2 2 103 103 4834 5424 5189
10038 2 2 103 103 4964 4965 4962
10039 2 2 103 103 4918 5755 5613
10040 2 2 103 103 4863 5464 4974
10041 2 2 103 103 4475 4476 4474
10042 2 2 103 103 4855 4856 4854
10043 2 2 103 103 5245 5675 5583
10044 2 2 103 103 4988 4989 4859
10045 2 2 103 103 5261 5442 5262
10046 2 2 103 103 5286 5422 5002
10047 2 2 103 103 4534 5428 4536
10048 2 2 103 103 4600 5699 5222
10049 2 2 103 103 4857 4858 4856
10050 2 2 103 103 5085 5580 5534
10051 2 2 103 103 5056 5415 4495
10052 2 2 103 103 4870 4895 4858
10053 2 2 103 103 4477 4478 4476
10054 2 2 103 103 5694 5728 4777
10055 2 2 103 103 4558 5418 4559
10056 2 2 103 103 4309 5514 304
10057 2 2 103 103 5226 5500 5225
10058 2 2 103 103 5023 5772 5410
10059 2 2 103 103 4357 5358 4355
10060 2 2 103 103 4341 5520 294
10061 2 2 103 103 293 5520 4291
10062 2 2 103 103 4513 4523 4512
10063 2 2 103 103 4289 5277 552
10064 2 2 103 103 4369 4370 4368
10065 2 2 103 103 4506 4512 4505
10066 2 2 103 103 4554 5394 4561
10067 2 2 103 103 5123 5161 5160
10068 2 2 103 103 4670 4746 4668
10069 2 2 103 103 4620 5428 4643
10070 2 2 103 103 5441 5611 5492
10071 2 2 103 103 4381 4382 4380
10072 2 2 103 103 5196 5659 5538
10073 2 2 103 103 4383 4384 4382
10074 2 2 103 103 5353 5427 4327
10075 2 2 103 103 4479 4480 4478
10076 2 2 103 103 4387 4388 4386
10077 2 2 103 103 4568 5418 4558
10078 2 2 103 103 4977 5431 5105
10079 2 2 103 103 4836 4837 4723
10080 2 2 103 103 4371 4372 4370
10081 2 2 103 103 4385 4386 4384
10082 2 2 103 103 4373 4374 4372
10083 2 2 103 103 4896 4897 4895
10084 2 2 103 103 4846 4848 4775
10085 2 2 103 103 4352 4353 4351
10086 2 2 103 103 5538 5659 4303
10087 2 2 103 103 5403 5509 5033
10088 2 2 103 103 5482 5515 5011
10089 2 2 103 103 545 5745 546
10090 2 2 103 103 4934 5499 5293
10091 2 2 103 103 4866 4869 4701
10092 2 2 103 103 4321 5322 558
10093 2 2 103 103 4956 5419 4591
10094 2 2 103 103 4898 4899 4897
10095 2 2 103 103 4688 5461 4590
10096 2 2 103 103 370 5414 8
10097 2 2 103 103 4329 5532 344
10098 2 2 103 103 343 5532 4295
10099 2 2 103 103 388 5479 387
10100 2 2 103 103 5231 5643 5232
10101 2 2 103 103 4634 5600 5400
10102 2 2 103 103 4900 4901 4899
10103 2 2 103 103 4375 4376 4374
10104 2 2 103 103 4577 5535 5478
10105 2 2 103 103 4286 5436 5337
10106 2 2 103 103 4312 5288 570
10107 2 2 103 103 4773 5525 4584
10108 2 2 103 103 4287 5284 560
10109 2 2 103 103 4325 5278 572
10110 2 2 103 103 5266 5591 5430
10111 2 2 103 103 359 5537 4296
10112 2 2 103 103 4331 5537 360
10113 2 2 103 103 4308 5614 5345
10114 2 2 103 103 5043 5557 4985
10115 2 2 103 103 5344 5539 306
10116 2 2 103 103 305 5539 4309
10117 2 2 103 103 284 5541 4338
10118 2 2 103 103 4314 5541 285
10119 2 2 103 103 4377 4378 4376
10120 2 2 103 103 4303 5435 567
10121 2 2 103 103 4363 4365 4364
10122 2 2 103 103 4607 4616 4606
10123 2 2 103 103 4379 4380 4378
10124 2 2 103 103 4481 4482 4480
10125 2 2 103 103 4778 4779 4765
10126 2 2 103 103 4509 5774 5634
10127 2 2 103 103 4988 5413 4989
10128 2 2 103 103 4843 5423 4842
10129 2 2 103 103 5391 5392 4539
10130 2 2 103 103 4891 5700 5424
10131 2 2 103 103 5266 5430 4408
10132 2 2 103 103 4524 4581 4523
10133 2 2 103 103 4324 5291 562
10134 2 2 103 103 5354 5764 5427
10135 2 2 103 103 5242 5667 4643
10136 2 2 103 103 4945 5237 4847
10137 2 2 103 103 4565 4566 4560
10138 2 2 103 103 4916 5071 4905
10139 2 2 103 103 4306 5556 317
10140 2 2 103 103 316 5556 4339
10141 2 2 103 103 5161 5792 5741
10142 2 2 103 103 4499 4537 4533
10143 2 2 103 103 4819 4821 4818
10144 2 2 103 103 5377 5378 372
10145 2 2 103 103 371 5378 4302
10146 2 2 103 103 4317 5377 373
10147 2 2 103 103 5138 5603 5435
10148 2 2 103 103 5323 5376 4685
10149 2 2 103 103 4483 4484 4482
10150 2 2 103 103 4742 4744 4741
10151 2 2 103 103 5355 5560 4292
10152 2 2 103 103 10 5670 391
10153 2 2 103 103 5531 5645 4935
10154 2 2 103 103 4889 4978 4923
10155 2 2 103 103 4911 5323 4908
10156 2 2 103 103 4962 5400 4960
10157 2 2 103 103 5201 5436 5364
10158 2 2 103 103 5430 5591 4935
10159 2 2 103 103 4443 4578 4495
10160 2 2 103 103 5462 5463 5211
10161 2 2 103 103 4745 4875 4744
10162 2 2 103 103 541 5566 4316
10163 2 2 103 103 4918 4940 4795
10164 2 2 103 103 4707 4796 4677
10165 2 2 103 103 4570 4888 4629
10166 2 2 103 103 5438 5696 5008
10167 2 2 103 103 4450 5391 4539
10168 2 2 103 103 4673 5433 4566
10169 2 2 103 103 4911 5376 5323
10170 2 2 103 103 5174 5558 5175
10171 2 2 103 103 4402 5801 5413
10172 2 2 103 103 4929 5136 5135
10173 2 2 103 103 4556 4567 4558
10174 2 2 103 103 5724 5732 4599
10175 2 2 103 103 5052 5053 5051
10176 2 2 103 103 4815 5487 4814
10177 2 2 103 103 4725 5013 4789
10178 2 2 103 103 4429 4435 4431
10179 2 2 103 103 5120 5122 5121
10180 2 2 103 103 4949 5454 5100
10181 2 2 103 103 4356 4357 4355
10182 2 2 103 103 4818 5487 4815
10183 2 2 103 103 5180 5791 5181
10184 2 2 103 103 5161 5368 5160
10185 2 2 103 103 4416 4421 4419
10186 2 2 103 103 385 5497 384
10187 2 2 103 103 574 5671 7
10188 2 2 103 103 5241 5670 4345
10189 2 2 103 103 4772 5589 5202
10190 2 2 103 103 4519 5397 4612
10191 2 2 103 103 5153 5519 4927
10192 2 2 103 103 5385 5762 5237
10193 2 2 103 103 5742 5800 4441
10194 2 2 103 103 4408 5430 5268
10195 2 2 103 103 4662 4664 4663
10196 2 2 103 103 4662 4702 4664
10197 2 2 103 103 5349 5555 4293
10198 2 2 103 103 4919 5421 5081
10199 2 2 103 103 4295 5583 342
10200 2 2 103 103 4753 4754 4752
10201 2 2 103 103 4800 5533 4797
10202 2 2 103 103 378 5697 9
10203 2 2 103 103 4532 5397 4519
10204 2 2 103 103 5062 5464 4863
10205 2 2 103 103 4399 4402 4401
10206 2 2 103 103 5377 5771 5509
10207 2 2 103 103 5324 5408 4864
10208 2 2 103 103 5088 5089 4848
10209 2 2 103 103 4666 4669 4668
10210 2 2 103 103 5135 5426 5138
10211 2 2 103 103 4537 4602 4601
10212 2 2 103 103 4950 5454 4949
10213 2 2 103 103 5257 5614 5259
10214 2 2 103 103 4514 5401 4507
10215 2 2 103 103 9 5697 377
10216 2 2 103 103 4602 4826 4825
10217 2 2 103 103 4452 5391 4450
10218 2 2 103 103 5121 5693 5389
10219 2 2 103 103 4925 5110 5109
10220 2 2 103 103 4337 5616 5593
10221 2 2 103 103 4835 5396 4838
10222 2 2 103 103 5268 5448 4413
10223 2 2 103 103 4448 5395 4446
10224 2 2 103 103 4785 4920 4919
10225 2 2 103 103 4395 4580 4397
10226 2 2 103 103 5049 5644 4930
10227 2 2 103 103 4661 5425 4662
10228 2 2 103 103 4631 4812 4811
10229 2 2 103 103 4302 5414 370
10230 2 2 103 103 5020 5514 5383
10231 2 2 103 103 281 5701 6
10232 2 2 103 103 5117 5119 5118
10233 2 2 103 103 4344 5452 375
10234 2 2 103 103 4727 5480 4680
10235 2 2 103 103 4961 5468 4963
10236 2 2 103 103 4669 4722 4670
10237 2 2 103 103 4968 5595 5156
10238 2 2 103 103 5074 5595 4966
10239 2 2 103 103 4516 4588 4587
10240 2 2 103 103 5327 5530 5328
10241 2 2 103 103 6 5701 538
10242 2 2 103 103 4722 4835 4723
10243 2 2 103 103 5048 5051 4933
10244 2 2 103 103 4545 4547 4546
10245 2 2 103 103 5272 5457 5270
10246 2 2 103 103 4455 4516 4515
10247 2 2 103 103 302 5597 4284
10248 2 2 103 103 4783 4785 4784
10249 2 2 103 103 4567 4569 4568
10250 2 2 103 103 330 5598 329
10251 2 2 103 103 5211 5625 4518
10252 2 2 103 103 4949 4951 4947
10253 2 2 103 103 4663 5447 4586
10254 2 2 103 103 4277 5621 5336
10255 2 2 103 103 4766 5526 5082
10256 2 2 103 103 376 5466 4344
10257 2 2 103 103 4435 4455 4454
10258 2 2 103 103 4838 5443 5012
10259 2 2 103 103 4569 4631 4630
10260 2 2 103 103 4835 4838 4836
10261 2 2 103 103 4664 4666 4665
10262 2 2 103 103 4569 4849 4631
10263 2 2 103 103 4297 5479 5216
10264 2 2 103 103 4295 5571 5244
10265 2 2 103 103 539 5467 4343
10266 2 2 103 103 4336 5469 5352
10267 2 2 103 103 4873 5572 5200
10268 2 2 103 103 4388 4391 4390
10269 2 2 103 103 4585 4661 4586
10270 2 2 103 103 4345 5670 575
10271 2 2 103 103 4285 5472 368
10272 2 2 103 103 5088 5561 5089
10273 2 2 103 103 4329 5630 5305
10274 2 2 103 103 4561 4585 4562
10275 2 2 103 103 4547 4549 4548
10276 2 2 103 103 4551 4553 4552
10277 2 2 103 103 4639 5550 4617
10278 2 2 103 103 4645 4646 4633
10279 2 2 103 103 4549 4551 4550
10280 2 2 103 103 5334 5572 4279
10281 2 2 103 103 4421 4804 4803
10282 2 2 103 103 556 5505 557
10283 2 2 103 103 375 5452 374
10284 2 2 103 103 4666 4668 4667
10285 2 2 103 103 4491 5319 4490
10286 2 2 103 103 4964 5399 4965
10287 2 2 103 103 5320 5612 4888
10288 2 2 103 103 4602 4827 4826
10289 2 2 103 103 5151 5573 4693
10290 2 2 103 103 4350 5813 5306
10291 2 2 103 103 5060 5715 5472
10292 2 2 103 103 5251 5720 5641
10293 2 2 103 103 5119 5120 5118
10294 2 2 103 103 4612 5449 5401
10295 2 2 103 103 5031 5117 5032
10296 2 2 103 103 4925 5111 5110
10297 2 2 103 103 4970 5587 5167
10298 2 2 103 103 4435 4743 4455
10299 2 2 103 103 4516 4589 4588
10300 2 2 103 103 4683 5462 4850
10301 2 2 103 103 5260 5570 5316
10302 2 2 103 103 11 5684 598
10303 2 2 103 103 4686 5462 4683
10304 2 2 103 103 4551 4554 4553
10305 2 2 103 103 301 5481 300
10306 2 2 103 103 4921 5478 5044
10307 2 2 103 103 5051 5640 4933
10308 2 2 103 103 4893 5433 4673
10309 2 2 103 103 4661 4662 4586
10310 2 2 103 103 5357 5548 5017
10311 2 2 103 103 345 5630 4329
10312 2 2 103 103 4278 5630 346
10313 2 2 103 103 4892 5560 5207
10314 2 2 103 103 5193 5485 5321
10315 2 2 103 103 4554 4561 4555
10316 2 2 103 103 4785 4921 4920
10317 2 2 103 103 5117 5118 5032
10318 2 2 103 103 4421 4805 4804
10319 2 2 103 103 5427 5764 4917
10320 2 2 103 103 5389 5693 4597
10321 2 2 103 103 4720 4721 4719
10322 2 2 103 103 4547 4939 4549
10323 2 2 103 103 5128 5588 5131
10324 2 2 103 103 4827 4829 4828
10325 2 2 103 103 4829 4924 4830
10326 2 2 103 103 5279 5445 5278
10327 2 2 103 103 4391 4393 4392
10328 2 2 103 103 4749 4750 4748
10329 2 2 103 103 4524 5522 4581
10330 2 2 103 103 4675 4842 4808
10331 2 2 103 103 5555 5593 5076
10332 2 2 103 103 374 5452 4317
10333 2 2 103 103 4842 5031 4894
10334 2 2 103 103 4819 5409 4821
10335 2 2 103 103 4585 4586 4562
10336 2 2 103 103 4544 4560 4545
10337 2 2 103 103 4589 4591 4590
10338 2 2 103 103 4381 4383 4382
10339 2 2 103 103 5312 5439 4439
10340 2 2 103 103 4612 5401 4514
10341 2 2 103 103 4591 4593 4592
10342 2 2 103 103 288 5486 287
10343 2 2 103 103 4566 4675 4582
10344 2 2 103 103 4544 4545 4543
10345 2 2 103 103 4542 4544 4543
10346 2 2 103 103 4593 4782 4594
10347 2 2 103 103 4782 4953 4783
10348 2 2 103 103 4406 5797 5474
10349 2 2 103 103 5317 5757 312
10350 2 2 103 103 4553 5475 4556
10351 2 2 103 103 4921 5044 4922
10352 2 2 103 103 4561 4562 4555
10353 2 2 103 103 4632 5397 4532
10354 2 2 103 103 4383 4385 4384
10355 2 2 103 103 4385 4387 4386
10356 2 2 103 103 4566 4582 4560
10357 2 2 103 103 361 5658 4331
10358 2 2 103 103 4281 5658 362
10359 2 2 103 103 4756 4764 4763
10360 2 2 103 103 5089 5126 4848
10361 2 2 103 103 5036 5661 5116
10362 2 2 103 103 4279 5663 320
10363 2 2 103 103 319 5663 5339
10364 2 2 103 103 5313 5444 4426
10365 2 2 103 103 5061 5475 4555
10366 2 2 103 103 4918 5613 4940
10367 2 2 103 103 5111 5112 5110
10368 2 2 103 103 5031 5032 4894
10369 2 2 103 103 4729 5152 4728
10370 2 2 103 103 4827 4828 4826
10371 2 2 103 103 4387 5398 4388
10372 2 2 103 103 4307 5669 365
10373 2 2 103 103 5215 5679 5214
10374 2 2 103 103 4905 5483 4902
10375 2 2 103 103 4924 4925 4830
10376 2 2 103 103 4829 4830 4828
10377 2 2 103 103 4920 5421 4919
10378 2 2 103 103 340 5675 4334
10379 2 2 103 103 4391 4540 4393
10380 2 2 103 103 4669 4670 4668
10381 2 2 103 103 4562 5447 5061
10382 2 2 103 103 4837 5476 4723
10383 2 2 103 103 547 5506 4298
10384 2 2 103 103 4842 4894 4808
10385 2 2 103 103 4992 5794 5085
10386 2 2 103 103 4539 5395 4448
10387 2 2 103 103 4922 5456 5103
10388 2 2 103 103 4762 5764 4892
10389 2 2 103 103 5020 5597 5514
10390 2 2 103 103 4307 5696 5438
10391 2 2 103 103 4458 5391 4452
10392 2 2 103 103 4379 4381 4380
10393 2 2 103 103 4343 5566 540
10394 2 2 103 103 4675 4808 4582
10395 2 2 103 103 4542 4543 4541
10396 2 2 103 103 4921 4922 4920
10397 2 2 103 103 4589 4590 4588
10398 2 2 103 103 4662 5425 4702
10399 2 2 103 103 4540 4542 4541
10400 2 2 103 103 363 5689 4281
10401 2 2 103 103 4620 4643 4622
10402 2 2 103 103 331 5690 330
10403 2 2 103 103 4591 4592 4590
10404 2 2 103 103 4276 5691 337
10405 2 2 103 103 336 5691 4330
10406 2 2 103 103 4365 4367 4366
10407 2 2 103 103 5221 5689 5669
10408 2 2 103 103 4722 4723 4670
10409 2 2 103 103 5044 5045 4922
10410 2 2 103 103 4371 4373 4372
10411 2 2 103 103 4835 4836 4723
10412 2 2 103 103 4593 4594 4592
10413 2 2 103 103 4782 4783 4594
10414 2 2 103 103 4320 5798 5176
10415 2 2 103 103 5378 5504 4302
10416 2 2 103 103 4805 4906 4804
10417 2 2 103 103 4554 4555 4553
10418 2 2 103 103 5015 5656 5016
10419 2 2 103 103 5161 5408 5368
10420 2 2 103 103 4373 4375 4374
10421 2 2 103 103 4995 5213 4993
10422 2 2 103 103 5156 5712 5019
10423 2 2 103 103 4958 5460 4884
10424 2 2 103 103 5741 5792 4326
10425 2 2 103 103 4462 4613 4460
10426 2 2 103 103 4353 4356 4355
10427 2 2 103 103 366 5715 4307
10428 2 2 103 103 4838 5012 4836
10429 2 2 103 103 5149 5725 5145
10430 2 2 103 103 4901 5263 5000
10431 2 2 103 103 5230 5643 5231
10432 2 2 103 103 4827 5678 4829
10433 2 2 103 103 4647 5786 4975
10434 2 2 103 103 4375 4377 4376
10435 2 2 103 103 4466 4598 4464
10436 2 2 103 103 5393 5395 4539
10437 2 2 103 103 4982 5525 4987
10438 2 2 103 103 4577 5567 4614
10439 2 2 103 103 4358 4359 4357
10440 2 2 103 103 5368 5408 5324
10441 2 2 103 103 312 5757 311
10442 2 2 103 103 5006 5696 5060
10443 2 2 103 103 5392 5393 4539
10444 2 2 103 103 4861 4862 4709
10445 2 2 103 103 4377 4379 4378
10446 2 2 103 103 4470 4511 4468
10447 2 2 103 103 4775 5432 4704
10448 2 2 103 103 5022 5602 4808
10449 2 2 103 103 4908 5108 4839
10450 2 2 103 103 4746 5516 5437
10451 2 2 103 103 5214 5629 5497
10452 2 2 103 103 4704 5432 4893
10453 2 2 103 103 4761 4973 4861
10454 2 2 103 103 4476 4489 4474
10455 2 2 103 103 4351 5576 4350
10456 2 2 103 103 4383 4441 4385
10457 2 2 103 103 4858 4934 4856
10458 2 2 103 103 4540 4541 4393
10459 2 2 103 103 4415 5507 5299
10460 2 2 103 103 5068 5720 5251
10461 2 2 103 103 5148 5666 5569
10462 2 2 103 103 5148 5569 5187
10463 2 2 103 103 5210 5623 5211
10464 2 2 103 103 4591 5419 4593
10465 2 2 103 103 4842 5423 5031
10466 2 2 103 103 4313 4352 4351
10467 2 2 103 103 4667 5437 4929
10468 2 2 103 103 4768 5490 5246
10469 2 2 103 103 565 5692 566
10470 2 2 103 103 4865 5728 5370
10471 2 2 103 103 4566 5433 4675
10472 2 2 103 103 4901 5000 4899
10473 2 2 103 103 5002 5747 4794
10474 2 2 103 103 4902 5483 4901
10475 2 2 103 103 4362 4363 4361
10476 2 2 103 103 4339 5807 5348
10477 2 2 103 103 4708 4761 4709
10478 2 2 103 103 4439 5439 4443
10479 2 2 103 103 4285 5787 5472
10480 2 2 103 103 5569 5738 5187
10481 2 2 103 103 4932 5508 5047
10482 2 2 103 103 4360 4361 4359
10483 2 2 103 103 4426 5444 4429
10484 2 2 103 103 5071 5072 4905
10485 2 2 103 103 4936 5604 5153
10486 2 2 103 103 5214 5679 5629
10487 2 2 103 103 4482 4525 4480
10488 2 2 103 103 4369 4371 4370
10489 2 2 103 103 7 5671 490
10490 2 2 103 103 4937 5504 4938
10491 2 2 103 103 4388 5398 4391
10492 2 2 103 103 4381 5482 4383
10493 2 2 103 103 486 5684 11
10494 2 2 103 103 4998 5666 4999
10495 2 2 103 103 4297 5216 5215
10496 2 2 103 103 4876 5228 4875
10497 2 2 103 103 5337 5735 4341
10498 2 2 103 103 4622 5471 4792
10499 2 2 103 103 5363 5805 5226
10500 2 2 103 103 4360 4595 4362
10501 2 2 103 103 4413 5448 4416
10502 2 2 103 103 5409 5510 5411
10503 2 2 103 103 4865 5370 4918
10504 2 2 103 103 4304 5737 5230
10505 2 2 103 103 5048 5209 5052
10506 2 2 103 103 4822 5648 5510
10507 2 2 103 103 5207 5588 5128
10508 2 2 103 103 5195 5690 5485
10509 2 2 103 103 4377 4599 4379
10510 2 2 103 103 4668 5437 4667
10511 2 2 103 103 4598 5668 5372
10512 2 2 103 103 5593 5616 5247
10513 2 2 103 103 4505 5319 4491
10514 2 2 103 103 4356 4810 4358
10515 2 2 103 103 4357 5743 5358
10516 2 2 103 103 490 5671 5233
10517 2 2 103 103 4967 5517 5399
10518 2 2 103 103 5136 5426 5135
10519 2 2 103 103 5437 5516 5136
10520 2 2 103 103 4884 4979 4881
10521 2 2 103 103 4352 5416 4353
10522 2 2 103 103 4965 5400 4962
10523 2 2 103 103 5050 5617 4804
10524 2 2 103 103 4713 5441 4715
10525 2 2 103 103 5646 5754 5198
10526 2 2 103 103 5121 5784 5693
10527 2 2 103 103 4779 4801 4781
10528 2 2 103 103 575 5670 10
10529 2 2 103 103 5048 5052 5051
10530 2 2 103 103 4670 5476 4746
10531 2 2 103 103 4645 5713 4646
10532 2 2 103 103 4556 5475 4567
10533 2 2 103 103 4328 5513 5332
10534 2 2 103 103 4282 5744 313
10535 2 2 103 103 4595 4708 4596
10536 2 2 103 103 4943 5523 5011
10537 2 2 103 103 5397 5767 4612
10538 2 2 103 103 4807 5380 4671
10539 2 2 103 103 5230 5737 5423
10540 2 2 103 103 5039 5589 4772
10541 2 2 103 103 304 5514 303
10542 2 2 103 103 4326 5792 5607
10543 2 2 103 103 4987 5043 4985
10544 2 2 103 103 5270 5457 5273
10545 2 2 103 103 4848 5432 4775
10546 2 2 103 103 5187 5611 5147
10547 2 2 103 103 4397 5455 4399
10548 2 2 103 103 5013 5459 5021
10549 2 2 103 103 4616 4932 4931
10550 2 2 103 103 5503 5605 5314
10551 2 2 103 103 4978 5751 5730
10552 2 2 103 103 5297 5739 4309
10553 2 2 103 103 294 5520 293
10554 2 2 103 103 5319 5677 5493
10555 2 2 103 103 4712 4713 4711
10556 2 2 103 103 5113 5777 5035
10557 2 2 103 103 5221 5669 5438
10558 2 2 103 103 4309 5739 5383
10559 2 2 103 103 4523 4530 4512
10560 2 2 103 103 5173 5716 5174
10561 2 2 103 103 5265 5699 4600
10562 2 2 103 103 5012 5789 5239
10563 2 2 103 103 4392 5458 4395
10564 2 2 103 103 4606 5522 4527
10565 2 2 103 103 4290 5553 585
10566 2 2 103 103 5045 5702 5285
10567 2 2 103 103 5063 5798 5429
10568 2 2 103 103 5237 5762 5088
10569 2 2 103 103 4932 5047 4933
10570 2 2 103 103 4927 5519 5361
10571 2 2 103 103 4527 5522 4524
10572 2 2 103 103 5059 5073 5058
10573 2 2 103 103 4338 5688 5330
10574 2 2 103 103 5313 5605 5444
10575 2 2 103 103 4615 5535 4575
10576 2 2 103 103 4356 4358 4357
10577 2 2 103 103 4393 5458 4392
10578 2 2 103 103 5267 5741 4326
10579 2 2 103 103 4717 4720 4719
10580 2 2 103 103 4502 5695 5248
10581 2 2 103 103 5015 5736 5656
10582 2 2 103 103 5179 5791 5180
10583 2 2 103 103 5263 5734 4389
10584 2 2 103 103 4586 5447 4562
10585 2 2 103 103 5438 5669 4307
10586 2 2 103 103 4373 4442 4375
10587 2 2 103 103 5014 5380 4807
10588 2 2 103 103 5415 5551 4537
10589 2 2 103 103 5477 5478 4921
10590 2 2 103 103 4492 5755 5370
10591 2 2 103 103 5259 5757 5317
10592 2 2 103 103 4555 5475 4553
10593 2 2 103 103 5033 5771 5062
10594 2 2 103 103 5142 5694 5140
10595 2 2 103 103 4929 5437 5136
10596 2 2 103 103 583 5561 4300
10597 2 2 103 103 4977 5590 5431
10598 2 2 103 103 4584 5525 4678
10599 2 2 103 103 5068 5803 5720
10600 2 2 103 103 5054 5710 4699
10601 2 2 103 103 4443 5439 4578
10602 2 2 103 103 4343 5717 5240
10603 2 2 103 103 4881 5465 4879
10604 2 2 103 103 5072 5483 4905
10605 2 2 103 103 5209 5299 5052
10606 2 2 103 103 4666 5484 4669
10607 2 2 103 103 344 5532 343
10608 2 2 103 103 5041 5552 5097
10609 2 2 103 103 5726 5769 5575
10610 2 2 103 103 4985 5557 4986
10611 2 2 103 103 4838 5687 5443
10612 2 2 103 103 4485 5633 4484
10613 2 2 103 103 4317 5771 5377
10614 2 2 103 103 4429 5444 4435
10615 2 2 103 103 5279 5549 5445
10616 2 2 103 103 4597 5693 4585
10617 2 2 103 103 4361 5642 4359
10618 2 2 103 103 5045 5456 4922
10619 2 2 103 103 5117 5635 5119
10620 2 2 103 103 5424 5700 5189
10621 2 2 103 103 4803 5503 5314
10622 2 2 103 103 5306 5628 4318
10623 2 2 103 103 4616 4931 4606
10624 2 2 103 103 5091 5543 5104
10625 2 2 103 103 4686 5463 5462
10626 2 2 103 103 5143 5755 4492
10627 2 2 103 103 360 5537 359
10628 2 2 103 103 4363 4494 4365
10629 2 2 103 103 306 5539 305
10630 2 2 103 103 4941 5563 5240
10631 2 2 103 103 4416 5448 4421
10632 2 2 103 103 4633 5686 4632
10633 2 2 103 103 5325 5781 5664
10634 2 2 103 103 4861 5063 4862
10635 2 2 103 103 5246 5718 4769
10636 2 2 103 103 4761 4861 4709
10637 2 2 103 103 4978 5489 4923
10638 2 2 103 103 4938 5509 5403
10639 2 2 103 103 4537 5551 4602
10640 2 2 103 103 285 5541 284
10641 2 2 103 103 5469 5632 5352
10642 2 2 103 103 5372 5668 4511
10643 2 2 103 103 5122 5784 5121
10644 2 2 103 103 4865 5564 5473
10645 2 2 103 103 5294 5684 4346
10646 2 2 103 103 5073 5533 5058
10647 2 2 103 103 4960 5600 4958
10648 2 2 103 103 5675 5768 4334
10649 2 2 103 103 4391 5398 4540
10650 2 2 103 103 4879 5228 4876
10651 2 2 103 103 4580 5455 4397
10652 2 2 103 103 4530 5518 5494
10653 2 2 103 103 5444 5605 4743
10654 2 2 103 103 5047 5048 4933
10655 2 2 103 103 4435 5444 4743
10656 2 2 103 103 4691 4692 4690
10657 2 2 103 103 5388 5657 4478
10658 2 2 103 103 4310 5559 591
10659 2 2 103 103 5162 5732 5724
10660 2 2 103 103 4318 5530 5327
10661 2 2 103 103 5133 5742 5124
10662 2 2 103 103 4360 4362 4361
10663 2 2 103 103 5676 5770 5203
10664 2 2 103 103 4399 5455 4402
10665 2 2 103 103 4908 5323 5108
10666 2 2 103 103 5126 5432 4848
10667 2 2 103 103 4369 4603 4371
10668 2 2 103 103 5247 5616 4952
10669 2 2 103 103 5291 5585 5489
10670 2 2 103 103 4708 4709 4596
10671 2 2 103 103 4702 5484 4664
10672 2 2 103 103 4421 5448 4805
10673 2 2 103 103 4721 4749 4748
10674 2 2 103 103 4888 5612 4889
10675 2 2 103 103 5474 5806 5186
10676 2 2 103 103 4598 5587 5495
10677 2 2 103 103 4358 4360 4359
10678 2 2 103 103 4901 5483 5263
10679 2 2 103 103 5575 5596 4694
10680 2 2 103 103 4395 5458 4580
10681 2 2 103 103 4531 5526 4625
10682 2 2 103 103 4785 5477 4921
10683 2 2 103 103 4353 5416 4356
10684 2 2 103 103 4932 4933 4931
10685 2 2 103 103 5281 5549 5279
10686 2 2 103 103 5248 5695 5030
10687 2 2 103 103 4560 5470 4545
10688 2 2 103 103 4773 5802 5525
10689 2 2 103 103 5423 5643 5230
10690 2 2 103 103 4516 5491 4589
10691 2 2 103 103 5285 5702 5610
10692 2 2 103 103 4346 5684 486
10693 2 2 103 103 5378 5731 5504
10694 2 2 103 103 5495 5587 5528
10695 2 2 103 103 317 5556 316
10696 2 2 103 103 4582 5470 4560
10697 2 2 103 103 5480 5698 4623
10698 2 2 103 103 4547 5470 4939
10699 2 2 103 103 5157 5695 4502
10700 2 2 103 103 4750 4753 4752
10701 2 2 103 103 5265 5674 4989
10702 2 2 103 103 4545 5470 4547
10703 2 2 103 103 4551 5496 4554
10704 2 2 103 103 5597 5664 4284
10705 2 2 103 103 4926 5538 5185
10706 2 2 103 103 5316 5578 5315
10707 2 2 103 103 4953 5477 4783
10708 2 2 103 103 5096 5775 5632
10709 2 2 103 103 4692 5473 4696
10710 2 2 103 103 4643 5471 4622
10711 2 2 103 103 4595 4596 4362
10712 2 2 103 103 4935 5591 4845
10713 2 2 103 103 4389 5647 4386
10714 2 2 103 103 5514 5597 303
10715 2 2 103 103 5038 5711 5037
10716 2 2 103 103 4383 5482 4441
10717 2 2 103 103 4367 4369 4368
10718 2 2 103 103 4723 5476 4670
10719 2 2 103 103 4821 5004 4818
10720 2 2 103 103 4940 5611 5441
10721 2 2 103 103 4783 5477 4785
10722 2 2 103 103 5641 5793 5251
10723 2 2 103 103 4292 5560 5354
10724 2 2 103 103 4803 5617 5503
10725 2 2 103 103 5429 5631 5063
10726 2 2 103 103 4664 5484 4666
10727 2 2 103 103 4982 4987 4985
10728 2 2 103 103 5420 5450 4994
10729 2 2 103 103 5092 5706 5543
10730 2 2 103 103 4971 5705 5528
10731 2 2 103 103 4764 4778 4765
10732 2 2 103 103 4687 5683 5311
10733 2 2 103 103 5536 5636 5524
10734 2 2 103 103 4464 5495 4462
10735 2 2 103 103 5591 5626 4988
10736 2 2 103 103 5325 5664 4996
10737 2 2 103 103 5254 5548 5357
10738 2 2 103 103 5489 5585 4923
10739 2 2 103 103 4538 5681 5651
10740 2 2 103 103 5096 5632 5042
10741 2 2 103 103 5631 5811 4995
10742 2 2 103 103 5385 5653 4951
10743 2 2 103 103 4569 5582 4849
10744 2 2 103 103 4743 5491 4455
10745 2 2 103 103 5052 5507 5053
10746 2 2 103 103 5133 5800 5742
10747 2 2 103 103 5412 5683 4687
10748 2 2 103 103 5226 5805 5500
10749 2 2 103 103 568 5603 569
10750 2 2 103 103 4472 5498 4470
10751 2 2 103 103 5409 5411 5410
10752 2 2 103 103 5268 5645 5448
10753 2 2 103 103 4460 5501 4458
10754 2 2 103 103 5624 5685 5079
10755 2 2 103 103 4728 5562 4641
10756 2 2 103 103 5315 5578 4980
10757 2 2 103 103 5032 5554 4894
10758 2 2 103 103 4455 5491 4516
10759 2 2 103 103 566 5692 4303
10760 2 2 103 103 593 5607 592
10761 2 2 103 103 5224 5558 4646
10762 2 2 103 103 4895 5499 4858
10763 2 2 103 103 5301 5754 4972
10764 2 2 103 103 4899 5545 4897
10765 2 2 103 103 5302 5719 4773
10766 2 2 103 103 4865 4918 4795
10767 2 2 103 103 5262 5749 5406
10768 2 2 103 103 4939 5496 4549
10769 2 2 103 103 5317 5570 5260
10770 2 2 103 103 4582 5602 5470
10771 2 2 103 103 5314 5605 5313
10772 2 2 103 103 5076 5593 5247
10773 2 2 103 103 581 5618 580
10774 2 2 103 103 4805 5531 4906
10775 2 2 103 103 5188 5572 4873
10776 2 2 103 103 5244 5571 5065
10777 2 2 103 103 4337 5593 5349
10778 2 2 103 103 4549 5496 4551
10779 2 2 103 103 4738 5550 4639
10780 2 2 103 103 540 5566 541
10781 2 2 103 103 5400 5600 4960
10782 2 2 103 103 5496 5680 5394
10783 2 2 103 103 4998 4999 4823
10784 2 2 103 103 5307 5770 5172
10785 2 2 103 103 5478 5535 5044
10786 2 2 103 103 4299 5730 5592
10787 2 2 103 103 4975 5590 4977
10788 2 2 103 103 5111 5683 5112
10789 2 2 103 103 5450 5631 4995
10790 2 2 103 103 4359 5642 4579
10791 2 2 103 103 5686 5716 4632
10792 2 2 103 103 4341 5735 5521
10793 2 2 103 103 5391 5501 5392
10794 2 2 103 103 4648 5759 4610
10795 2 2 103 103 4356 5416 4810
10796 2 2 103 103 5011 5523 5482
10797 2 2 103 103 4814 5511 4736
10798 2 2 103 103 5358 5743 5013
10799 2 2 103 103 4931 5522 4606
10800 2 2 103 103 5273 5740 4288
10801 2 2 103 103 4940 5441 4795
10802 2 2 103 103 5491 5650 4956
10803 2 2 103 103 5211 5623 5462
10804 2 2 103 103 5413 5801 4989
10805 2 2 103 103 5105 5736 5015
10806 2 2 103 103 5393 5646 5395
10807 2 2 103 103 5053 5809 5051
10808 2 2 103 103 4736 4786 4734
10809 2 2 103 103 5470 5602 4939
10810 2 2 103 103 4862 5631 5450
10811 2 2 103 103 5112 5785 5110
10812 2 2 103 103 5429 5811 5631
10813 2 2 103 103 4698 4712 4711
10814 2 2 103 103 4598 5495 4464
10815 2 2 103 103 4923 5585 5055
10816 2 2 103 103 5405 5545 5000
10817 2 2 103 103 4945 5653 5237
10818 2 2 103 103 4613 5501 4460
10819 2 2 103 103 5248 5808 4999
10820 2 2 103 103 342 5583 341
10821 2 2 103 103 4916 5639 5071
10822 2 2 103 103 5448 5645 4805
10823 2 2 103 103 4462 5495 4613
10824 2 2 103 103 5029 5248 5030
10825 2 2 103 103 5541 5688 4338
10826 2 2 103 103 5604 5807 4339
10827 2 2 103 103 5263 5544 5000
10828 2 2 103 103 5342 5616 4337
10829 2 2 103 103 5524 5636 4442
10830 2 2 103 103 5262 5604 4936
10831 2 2 103 103 4484 5619 5601
10832 2 2 103 103 4797 5533 4796
10833 2 2 103 103 5632 5775 4301
10834 2 2 103 103 5031 5737 5117
10835 2 2 103 103 4602 5551 4827
10836 2 2 103 103 5664 5781 4284
10837 2 2 103 103 4470 5498 4511
10838 2 2 103 103 4766 5082 4768
10839 2 2 103 103 5056 5551 5415
10840 2 2 103 103 4894 5554 5022
10841 2 2 103 103 5582 5682 4849
10842 2 2 103 103 5089 5553 5126
10843 2 2 103 103 5613 5755 5143
10844 2 2 103 103 5004 5487 4818
10845 2 2 103 103 5507 5584 5053
10846 2 2 103 103 5000 5545 4899
10847 2 2 103 103 5184 5751 4813
10848 2 2 103 103 4360 5547 4595
10849 2 2 103 103 4402 5660 4401
10850 2 2 103 103 4458 5501 5391
10851 2 2 103 103 5057 5058 4800
10852 2 2 103 103 4858 5499 4934
10853 2 2 103 103 5280 5722 5281
10854 2 2 103 103 4616 5550 4932
10855 2 2 103 103 5513 5779 5332
10856 2 2 103 103 4381 5515 5482
10857 2 2 103 103 4897 5565 4895
10858 2 2 103 103 5119 5559 5120
10859 2 2 103 103 4966 5595 4968
10860 2 2 103 103 5051 5809 5640
10861 2 2 103 103 5535 5615 5044
10862 2 2 103 103 5102 5708 5508
10863 2 2 103 103 5162 5724 5150
10864 2 2 103 103 303 5597 302
10865 2 2 103 103 329 5598 4277
10866 2 2 103 103 5413 5660 4402
10867 2 2 103 103 5081 5740 4954
10868 2 2 103 103 5164 5769 5726
10869 2 2 103 103 5142 5728 5694
10870 2 2 103 103 5487 5488 4814
10871 2 2 103 103 5023 5796 4364
10872 2 2 103 103 4794 5747 4636
10873 2 2 103 103 5166 5568 4973
10874 2 2 103 103 4769 5718 5003
10875 2 2 103 103 4801 5579 5059
10876 2 2 103 103 4384 5599 4382
10877 2 2 103 103 4617 5550 4616
10878 2 2 103 103 5434 5782 4489
10879 2 2 103 103 5152 5453 4728
10880 2 2 103 103 4484 5633 5619
10881 2 2 103 103 4660 4691 4690
10882 2 2 103 103 5495 5528 4613
10883 2 2 103 103 5570 5744 4282
10884 2 2 103 103 5218 5609 5077
10885 2 2 103 103 5058 5533 4800
10886 2 2 103 103 4782 5594 4953
10887 2 2 103 103 5511 5685 4786
10888 2 2 103 103 4701 5463 4686
10889 2 2 103 103 5026 5748 5028
10890 2 2 103 103 4958 5600 5460
10891 2 2 103 103 4299 5592 564
10892 2 2 103 103 5504 5731 4938
10893 2 2 103 103 5485 5690 4335
10894 2 2 103 103 5099 5733 5098
10895 2 2 103 103 4581 5518 4523
10896 2 2 103 103 5025 5655 5024
10897 2 2 103 103 5344 5803 4955
10898 2 2 103 103 5063 5631 4862
10899 2 2 103 103 4379 5515 4381
10900 2 2 103 103 5048 5638 5209
10901 2 2 103 103 4854 5806 5474
10902 2 2 103 103 4973 5527 4861
10903 2 2 103 103 5137 5659 5196
10904 2 2 103 103 5409 5410 4821
10905 2 2 103 103 5299 5507 5052
10906 2 2 103 103 5503 5650 5605
10907 2 2 103 103 4538 5729 5681
10908 2 2 103 103 5174 5686 5558
10909 2 2 103 103 5395 5646 5223
10910 2 2 103 103 4377 5529 4599
10911 2 2 103 103 5419 5778 4593
10912 2 2 103 103 5361 5700 4891
10913 2 2 103 103 5476 5722 4746
10914 2 2 103 103 5060 5787 5007
10915 2 2 103 103 4796 5788 5373
10916 2 2 103 103 5399 5402 4965
10917 2 2 103 103 5258 5614 5257
10918 2 2 103 103 4715 5492 4717
10919 2 2 103 103 5065 5637 5064
10920 2 2 103 103 5586 5609 5218
10921 2 2 103 103 5475 5582 4567
10922 2 2 103 103 5039 5753 5711
10923 2 2 103 103 5191 5746 5339
10924 2 2 103 103 5558 5686 4646
10925 2 2 103 103 5449 5676 5401
10926 2 2 103 103 4884 5460 4979
10927 2 2 103 103 4951 5653 4947
10928 2 2 103 103 4753 4823 4754
10929 2 2 103 103 4732 5152 4729
10930 2 2 103 103 5216 5652 5217
10931 2 2 103 103 5583 5675 341
10932 2 2 103 103 5509 5731 5377
10933 2 2 103 103 5571 5637 5065
10934 2 2 103 103 4599 5515 4379
10935 2 2 103 103 4603 5536 5524
10936 2 2 103 103 5021 5648 5390
10937 2 2 103 103 4324 5585 5291
10938 2 2 103 103 5283 5756 5439
10939 2 2 103 103 5730 5751 5184
10940 2 2 103 103 4319 5652 5479
10941 2 2 103 103 4829 5678 5018
10942 2 2 103 103 5398 5620 5083
10943 2 2 103 103 5508 5708 5047
10944 2 2 103 103 4478 5657 4476
10945 2 2 103 103 4754 5608 4756
10946 2 2 103 103 346 5630 345
10947 2 2 103 103 5352 5632 4301
10948 2 2 103 103 5445 5549 5234
10949 2 2 103 103 5053 5584 5494
10950 2 2 103 103 5164 5726 5249
10951 2 2 103 103 4371 5524 4373
10952 2 2 103 103 589 5635 4304
10953 2 2 103 103 5061 5582 5475
10954 2 2 103 103 4523 5518 4530
10955 2 2 103 103 4375 5529 4377
10956 2 2 103 103 4362 5540 4363
10957 2 2 103 103 5611 5795 5492
10958 2 2 103 103 4511 5668 4468
10959 2 2 103 103 5228 5407 4875
10960 2 2 103 103 4363 5540 4494
10961 2 2 103 103 5165 5769 5164
10962 2 2 103 103 5463 5750 5211
10963 2 2 103 103 4567 5582 4569
10964 2 2 103 103 4691 5151 4777
10965 2 2 103 103 4955 5803 5068
10966 2 2 103 103 4615 5615 5535
10967 2 2 103 103 4482 5601 4525
10968 2 2 103 103 5061 5682 5582
10969 2 2 103 103 5191 5700 5361
10970 2 2 103 103 5176 5798 5527
10971 2 2 103 103 5345 5641 5350
10972 2 2 103 103 4373 5524 4442
10973 2 2 103 103 5240 5717 4997
10974 2 2 103 103 4952 5654 5359
10975 2 2 103 103 4856 5806 4854
10976 2 2 103 103 5545 5565 4897
10977 2 2 103 103 5493 5677 4530
10978 2 2 103 103 5527 5568 5176
10979 2 2 103 103 5430 5645 5268
10980 2 2 103 103 4895 5565 5499
10981 2 2 103 103 4656 4693 4658
10982 2 2 103 103 4627 5581 4685
10983 2 2 103 103 5515 5732 5011
10984 2 2 103 103 4652 4694 4654
10985 2 2 103 103 5085 5794 5580
10986 2 2 103 103 5429 5798 4320
10987 2 2 103 103 4841 5648 4822
10988 2 2 103 103 5433 5765 4843
10989 2 2 103 103 4782 5778 5594
10990 2 2 103 103 5014 5576 5380
10991 2 2 103 103 5037 5672 5376
10992 2 2 103 103 5376 5672 4685
10993 2 2 103 103 4466 5668 4598
10994 2 2 103 103 4777 5728 5473
10995 2 2 103 103 4712 4865 4795
10996 2 2 103 103 4810 5547 4358
10997 2 2 103 103 4973 5568 5527
10998 2 2 103 103 5711 5753 5672
10999 2 2 103 103 4632 5716 5397
11000 2 2 103 103 5285 5610 5284
11001 2 2 103 103 5442 5749 5262
11002 2 2 103 103 4300 5762 5385
11003 2 2 103 103 5161 5741 5408
11004 2 2 103 103 4869 5463 4701
11005 2 2 103 103 5401 5676 5229
11006 2 2 103 103 4756 5608 4764
11007 2 2 103 103 4861 5527 5063
11008 2 2 103 103 5013 5743 5459
11009 2 2 103 103 4376 5761 4436
11010 2 2 103 103 4280 5654 5342
11011 2 2 103 103 4578 5758 5056
11012 2 2 103 103 4333 5656 5341
11013 2 2 103 103 4641 4738 4639
11014 2 2 103 103 5474 5797 4854
11015 2 2 103 103 4442 5529 4375
11016 2 2 103 103 5035 5661 5036
11017 2 2 103 103 362 5658 361
11018 2 2 103 103 4712 4795 4713
11019 2 2 103 103 4987 5224 5043
11020 2 2 103 103 5654 5703 5359
11021 2 2 103 103 4484 5601 4482
11022 2 2 103 103 4489 5782 4474
11023 2 2 103 103 4979 5465 4881
11024 2 2 103 103 4989 5674 4859
11025 2 2 103 103 5666 5812 4999
11026 2 2 103 103 4365 5534 4367
11027 2 2 103 103 320 5663 319
11028 2 2 103 103 4996 5664 5020
11029 2 2 103 103 5479 5652 5216
11030 2 2 103 103 5574 5575 5141
11031 2 2 103 103 4999 5812 5326
11032 2 2 103 103 5394 5680 5022
11033 2 2 103 103 4303 5659 5435
11034 2 2 103 103 365 5669 364
11035 2 2 103 103 4808 5602 4582
11036 2 2 103 103 4875 4883 4744
11037 2 2 103 103 4889 5612 4978
11038 2 2 103 103 4691 4777 4692
11039 2 2 103 103 4804 5617 4803
11040 2 2 103 103 4764 5029 4778
11041 2 2 103 103 5311 5683 5111
11042 2 2 103 103 4603 5524 4371
11043 2 2 103 103 341 5675 340
11044 2 2 103 103 5512 5685 5511
11045 2 2 103 103 4753 4998 4823
11046 2 2 103 103 4530 5677 4512
11047 2 2 103 103 4361 5796 5642
11048 2 2 103 103 5641 5720 5350
11049 2 2 103 103 4734 5542 4732
11050 2 2 103 103 4859 5674 5386
11051 2 2 103 103 4280 5703 5654
11052 2 2 103 103 4843 5643 5423
11053 2 2 103 103 5584 5639 4916
11054 2 2 103 103 5669 5689 364
11055 2 2 103 103 5406 5807 5262
11056 2 2 103 103 5390 5648 4841
11057 2 2 103 103 4291 5777 5335
11058 2 2 103 103 4823 5608 4754
11059 2 2 103 103 4613 5705 5501
11060 2 2 103 103 5482 5523 4441
11061 2 2 103 103 4358 5547 4360
11062 2 2 103 103 4494 5534 4365
11063 2 2 103 103 5552 5780 4679
11064 2 2 103 103 5589 5711 5038
11065 2 2 103 103 5281 5722 5476
11066 2 2 103 103 5498 5577 4511
11067 2 2 103 103 4596 5540 4362
11068 2 2 103 103 5029 5030 4778
11069 2 2 103 103 4795 5441 4713
11070 2 2 103 103 5001 5688 5286
11071 2 2 103 103 5305 5727 5303
11072 2 2 103 103 4349 5697 378
11073 2 2 103 103 4505 5677 5319
11074 2 2 103 103 5303 5727 5027
11075 2 2 103 103 5656 5736 5341
11076 2 2 103 103 5022 5680 5602
11077 2 2 103 103 5462 5623 4850
11078 2 2 103 103 364 5689 363
11079 2 2 103 103 4335 5690 331
11080 2 2 103 103 4972 5646 5393
11081 2 2 103 103 337 5691 336
11082 2 2 103 103 4643 5667 5471
11083 2 2 103 103 312 5744 5317
11084 2 2 103 103 5008 5696 5006
11085 2 2 103 103 5472 5787 5060
11086 2 2 103 103 5441 5492 4715
11087 2 2 103 103 4404 5626 5266
11088 2 2 103 103 4879 5465 5228
11089 2 2 103 103 4490 5633 4485
11090 2 2 103 103 5359 5703 5005
11091 2 2 103 103 4348 5701 281
11092 2 2 103 103 4947 5653 4945
11093 2 2 103 103 4401 5660 4404
11094 2 2 103 103 5189 5700 5191
11095 2 2 103 103 4441 5800 4385
11096 2 2 103 103 538 5701 5467
11097 2 2 103 103 5044 5615 5045
11098 2 2 103 103 4685 5581 5323
11099 2 2 103 103 4854 5797 4852
11100 2 2 103 103 5338 5703 4280
11101 2 2 103 103 4760 5713 4645
11102 2 2 103 103 5082 5490 4768
11103 2 2 103 103 5342 5654 5616
11104 2 2 103 103 5616 5654 4952
11105 2 2 103 103 4347 5671 574
11106 2 2 103 103 4294 5706 5347
11107 2 2 103 103 4641 5562 4738
11108 2 2 103 103 5703 5752 5005
11109 2 2 103 103 4837 5766 5549
11110 2 2 103 103 5019 5712 5144
11111 2 2 103 103 4717 5492 4720
11112 2 2 103 103 5408 5627 4864
11113 2 2 103 103 5099 5662 5422
11114 2 2 103 103 377 5697 5466
11115 2 2 103 103 367 5715 366
11116 2 2 103 103 5640 5809 4581
11117 2 2 103 103 4369 5580 4603
11118 2 2 103 103 5338 5752 5703
11119 2 2 103 103 5558 5606 5175
11120 2 2 103 103 4978 5730 5489
11121 2 2 103 103 5350 5720 4283
11122 2 2 103 103 5752 5799 5356
11123 2 2 103 103 4305 5814 5745
11124 2 2 103 103 4917 5764 4762
11125 2 2 103 103 5286 5688 5541
11126 2 2 103 103 4777 5473 4692
11127 2 2 103 103 5522 5640 4581
11128 2 2 103 103 5507 5639 5584
11129 2 2 103 103 5460 5546 4979
11130 2 2 103 103 5453 5562 4728
11131 2 2 103 103 5319 5644 4490
11132 2 2 103 103 5529 5724 4599
11133 2 2 103 103 4332 5799 5752
11134 2 2 103 103 313 5744 312
11135 2 2 103 103 4852 5797 5369
11136 2 2 103 103 5202 5735 5436
11137 2 2 103 103 4387 5620 5398
11138 2 2 103 103 5422 5662 5002
11139 2 2 103 103 598 5684 5294
11140 2 2 103 103 5020 5664 5597
11141 2 2 103 103 5580 5794 4603
11142 2 2 103 103 5005 5752 5356
11143 2 2 103 103 391 5670 5241
11144 2 2 103 103 5341 5736 4278
11145 2 2 103 103 5339 5746 4306
11146 2 2 103 103 5498 5782 5434
11147 2 2 103 103 5488 5511 4814
11148 2 2 103 103 4696 5564 4698
11149 2 2 103 103 5501 5705 5392
11150 2 2 103 103 5182 5699 5265
11151 2 2 103 103 4351 5810 5576
11152 2 2 103 103 5720 5803 4283
11153 2 2 103 103 4875 5407 4883
11154 2 2 103 103 4749 5714 4750
11155 2 2 103 103 4332 5752 5338
11156 2 2 103 103 5115 5781 5325
11157 2 2 103 103 5098 5775 5096
11158 2 2 103 103 4301 5775 5486
11159 2 2 103 103 4585 5693 4661
11160 2 2 103 103 311 5757 4308
11161 2 2 103 103 5234 5766 5417
11162 2 2 103 103 4472 5782 5498
11163 2 2 103 103 4468 5668 4466
11164 2 2 103 103 4694 5726 5575
11165 2 2 103 103 4284 5781 5481
11166 2 2 103 103 4476 5657 4489
11167 2 2 103 103 5251 5793 5252
11168 2 2 103 103 4736 5511 4786
11169 2 2 103 103 4490 5644 5633
11170 2 2 103 103 4404 5660 5626
11171 2 2 103 103 4933 5640 4931
11172 2 2 103 103 4318 5628 5530
11173 2 2 103 103 5332 5779 5333
11174 2 2 103 103 4658 5573 4660
11175 2 2 103 103 4706 5723 5442
11176 2 2 103 103 5356 5799 5034
11177 2 2 103 103 5224 5606 5558
11178 2 2 103 103 5211 5750 5625
11179 2 2 103 103 5371 5799 4332
11180 2 2 103 103 4283 5803 5344
11181 2 2 103 103 4367 5580 4369
11182 2 2 103 103 5274 5785 4289
11183 2 2 103 103 5370 5728 5142
11184 2 2 103 103 5245 5768 5675
11185 2 2 103 103 4344 5773 5452
11186 2 2 103 103 5606 5802 4773
11187 2 2 103 103 5047 5638 5048
11188 2 2 103 103 4512 5677 4505
11189 2 2 103 103 5227 5801 5363
11190 2 2 103 103 4810 5679 5649
11191 2 2 103 103 5693 5784 4661
11192 2 2 103 103 5473 5564 4696
11193 2 2 103 103 4691 5573 5151
11194 2 2 103 103 5497 5629 4352
11195 2 2 103 103 4997 5717 5404
11196 2 2 103 103 5383 5739 5067
11197 2 2 103 103 5447 5682 5061
11198 2 2 103 103 5500 5805 4580
11199 2 2 103 103 4352 5629 5416
11200 2 2 103 103 4305 5745 545
11201 2 2 103 103 5034 5799 5371
11202 2 2 103 103 5488 5512 5511
11203 2 2 103 103 5634 5695 5157
11204 2 2 103 103 4956 5650 5503
11205 2 2 103 103 4810 5649 5547
11206 2 2 103 103 5543 5706 4294
11207 2 2 103 103 4612 5767 5449
11208 2 2 103 103 4805 5645 5531
11209 2 2 103 103 5377 5731 5378
11210 2 2 103 103 5665 5765 4893
11211 2 2 103 103 5159 5811 5429
11212 2 2 103 103 5455 5805 5363
11213 2 2 103 103 4415 5639 5507
11214 2 2 103 103 4654 5596 4656
11215 2 2 103 103 5003 5655 5513
11216 2 2 103 103 4721 5738 4749
11217 2 2 103 103 5569 5714 4749
11218 2 2 103 103 5396 5687 4838
11219 2 2 103 103 4999 5808 4823
11220 2 2 103 103 5432 5665 4893
11221 2 2 103 103 4786 5542 4734
11222 2 2 103 103 4303 5692 5538
11223 2 2 103 103 5007 5787 5384
11224 2 2 103 103 5406 5749 5316
11225 2 2 103 103 5467 5701 4348
11226 2 2 103 103 5528 5587 4970
11227 2 2 103 103 5174 5716 5686
11228 2 2 103 103 4712 5564 4865
11229 2 2 103 103 5380 5810 4354
11230 2 2 103 103 4661 5784 5425
11231 2 2 103 103 5422 5733 5099
11232 2 2 103 103 5512 5760 5078
11233 2 2 103 103 4764 5608 5029
11234 2 2 103 103 5466 5697 4349
11235 2 2 103 103 5452 5773 5062
11236 2 2 103 103 5027 5727 5431
11237 2 2 103 103 5082 5625 5490
11238 2 2 103 103 4593 5778 4782
11239 2 2 103 103 4998 5714 5569
11240 2 2 103 103 5208 5776 5563
11241 2 2 103 103 5205 5814 4305
11242 2 2 103 103 4387 5800 5620
11243 2 2 103 103 5056 5758 5678
11244 2 2 103 103 5729 5760 5512
11245 2 2 103 103 5619 5633 5049
11246 2 2 103 103 5579 5634 5059
11247 2 2 103 103 5436 5735 5337
11248 2 2 103 103 5534 5580 4367
11249 2 2 103 103 5657 5763 4489
11250 2 2 103 103 5348 5807 5406
11251 2 2 103 103 4732 5542 5152
11252 2 2 103 103 5172 5676 5449
11253 2 2 103 103 5232 5765 5665
11254 2 2 103 103 4698 5564 4712
11255 2 2 103 103 5003 5718 5655
11256 2 2 103 103 4939 5680 5496
11257 2 2 103 103 4743 5650 5491
11258 2 2 103 103 5266 5626 5591
11259 2 2 103 103 4646 5686 4633
11260 2 2 103 103 4942 5698 5480
11261 2 2 103 103 5602 5680 4939
11262 2 2 103 103 5538 5692 5185
11263 2 2 103 103 5323 5581 5108
11264 2 2 103 103 5606 5719 5175
11265 2 2 103 103 5072 5734 5483
11266 2 2 103 103 4660 5573 4691
11267 2 2 103 103 4931 5640 5522
11268 2 2 103 103 4821 5622 5004
11269 2 2 103 103 4693 5573 4658
11270 2 2 103 103 5586 5656 4333
11271 2 2 103 103 5016 5656 5586
11272 2 2 103 103 5151 5694 4777
11273 2 2 103 103 5649 5679 5215
11274 2 2 103 103 5528 5705 4613
11275 2 2 103 103 5126 5665 5432
11276 2 2 103 103 5258 5793 5641
11277 2 2 103 103 5123 5792 5161
11278 2 2 103 103 4580 5805 5455
11279 2 2 103 103 5442 5723 5578
11280 2 2 103 103 4893 5765 5433
11281 2 2 103 103 5152 5624 5453
11282 2 2 103 103 4694 5596 4654
11283 2 2 103 103 5481 5781 5115
11284 2 2 103 103 5062 5773 5464
11285 2 2 103 103 4720 5738 4721
11286 2 2 103 103 5633 5644 5049
11287 2 2 103 103 4753 5714 4998
11288 2 2 103 103 4934 5806 4856
11289 2 2 103 103 5542 5624 5152
11290 2 2 103 103 4650 5721 4652
11291 2 2 103 103 5316 5749 5578
11292 2 2 103 103 4474 5782 4472
11293 2 2 103 103 5486 5775 5098
11294 2 2 103 103 5028 5748 5637
11295 2 2 103 103 4823 5808 5608
11296 2 2 103 103 5533 5788 4796
11297 2 2 103 103 5370 5755 4918
11298 2 2 103 103 5620 5800 5133
11299 2 2 103 103 4385 5800 4387
11300 2 2 103 103 5443 5789 5012
11301 2 2 103 103 4656 5596 4693
11302 2 2 103 103 5423 5737 5031
11303 2 2 103 103 4995 5811 5213
11304 2 2 103 103 5531 5710 4906
11305 2 2 103 103 5416 5679 4810
11306 2 2 103 103 4938 5731 5509
11307 2 2 103 103 5029 5808 5248
11308 2 2 103 103 4991 5636 5536
11309 2 2 103 103 5605 5650 4743
11310 2 2 103 103 5410 5622 4821
11311 2 2 103 103 4972 5754 5646
11312 2 2 103 103 5521 5735 5202
11313 2 2 103 103 5306 5813 5628
11314 2 2 103 103 4750 5714 4753
11315 2 2 103 103 5576 5813 4350
11316 2 2 103 103 4773 5719 5606
11317 2 2 103 103 5489 5730 4299
11318 2 2 103 103 4306 5746 5519
11319 2 2 103 103 5073 5788 5533
11320 2 2 103 103 5622 5651 5004
11321 2 2 103 103 5439 5756 4578
11322 2 2 103 103 5578 5749 5442
11323 2 2 103 103 4652 5721 4694
11324 2 2 103 103 5037 5711 5672
11325 2 2 103 103 4603 5794 5536
11326 2 2 103 103 4746 5722 5516
11327 2 2 103 103 5483 5734 5263
11328 2 2 103 103 5647 5734 5072
11329 2 2 103 103 5509 5771 5033
11330 2 2 103 103 5662 5707 5132
11331 2 2 103 103 5014 5813 5576
11332 2 2 103 103 5172 5770 5676
11333 2 2 103 103 5490 5750 4869
11334 2 2 103 103 5629 5679 5416
11335 2 2 103 103 4741 5759 4648
11336 2 2 103 103 5459 5743 4579
11337 2 2 103 103 5039 5711 5589
11338 2 2 103 103 5672 5753 4685
11339 2 2 103 103 5627 5741 5267
11340 2 2 103 103 5059 5774 5073
11341 2 2 103 103 5578 5723 4980
11342 2 2 103 103 4883 5783 4744
11343 2 2 103 103 4346 5789 5443
11344 2 2 103 103 5661 5777 4291
11345 2 2 103 103 5407 5725 4883
11346 2 2 103 103 4979 5673 5465
11347 2 2 103 103 5487 5681 5488
11348 2 2 103 103 5004 5681 5487
11349 2 2 103 103 5040 5780 5552
11350 2 2 103 103 5638 5761 5209
11351 2 2 103 103 5317 5744 5570
11352 2 2 103 103 5575 5769 5141
11353 2 2 103 103 5523 5742 4441
11354 2 2 103 103 4599 5732 5515
11355 2 2 103 103 5608 5808 5029
11356 2 2 103 103 4744 5783 4741
11357 2 2 103 103 5651 5681 5004
11358 2 2 103 103 5228 5704 5407
11359 2 2 103 103 5099 5707 5662
11360 2 2 103 103 5047 5708 5638
11361 2 2 103 103 4990 5651 5622
11362 2 2 103 103 5546 5673 4979
11363 2 2 103 103 5628 5813 5014
11364 2 2 103 103 5262 5807 5604
11365 2 2 103 103 4869 5750 5463
11366 2 2 103 103 5488 5729 5512
11367 2 2 103 103 5408 5741 5627
11368 2 2 103 103 5249 5726 5721
11369 2 2 103 103 5655 5718 5024
11370 2 2 103 103 4975 5786 5590
11371 2 2 103 103 4389 5734 5647
11372 2 2 103 103 4581 5809 5518
11373 2 2 103 103 5612 5751 4978
11374 2 2 103 103 5637 5748 5064
11375 2 2 103 103 5465 5704 5228
11376 2 2 103 103 5187 5795 5611
11377 2 2 103 103 5721 5726 4694
11378 2 2 103 103 5576 5810 5380
11379 2 2 103 103 5563 5776 4316
11380 2 2 103 103 5625 5750 5490
11381 2 2 103 103 5549 5766 5234
11382 2 2 103 103 5527 5798 5063
11383 2 2 103 103 4501 5812 5666
11384 2 2 103 103 5607 5792 5123
11385 2 2 103 103 5224 5802 5606
11386 2 2 103 103 5492 5795 4720
11387 2 2 103 103 5638 5708 4436
11388 2 2 103 103 5525 5802 4987
11389 2 2 103 103 5642 5796 5023
11390 2 2 103 103 5634 5774 5059
11391 2 2 103 103 4608 5704 5673
11392 2 2 103 103 5681 5729 5488
11393 2 2 103 103 4741 5783 5759
11394 2 2 103 103 5035 5777 5661
11395 2 2 103 103 4987 5802 5224
11396 2 2 103 103 5756 5758 4578
11397 2 2 103 103 4436 5761 5638
11398 2 2 103 103 5678 5758 5018
11399 2 2 103 103 5622 5772 4990
11400 2 2 103 103 4720 5795 5738
11401 2 2 103 103 5673 5704 5465
11402 2 2 103 103 5410 5772 5622
11403 2 2 103 103 4538 5760 5729
11404 2 2 103 103 5738 5795 5187
11405 2 2 103 103 5759 5783 5365
11406 2 2 103 103 5526 5625 5082
11407 2 2 104 104 5973 6008 6039
11408 2 2 104 104 5924 5911 5941
11409 2 2 104 104 5834 5979 6048
11410 2 2 104 104 5819 5967 5977
11411 2 2 104 104 5967 5819 6068
11412 2 2 104 104 5911 5926 5941
11413 2 2 104 104 6008 5899 6039
11414 2 2 104 104 5920 5946 5979
11415 2 2 104 104 5963 6031 6059
11416 2 2 104 104 5915 5982 6061
11417 2 2 104 104 5852 5854 5953
11418 2 2 104 104 5956 5969 6007
11419 2 2 104 104 5982 5915 6064
11420 2 2 104 104 5817 5924 5941
11421 2 2 104 104 5932 5936 6018
11422 2 2 104 104 6026 5908 6027
11423 2 2 104 104 5940 610 6037
11424 2 2 104 104 5942 5830 6023
11425 2 2 104 104 6042 5837 6050
11426 2 2 104 104 5815 5961 6045
11427 2 2 104 104 5956 5959 5969
11428 2 2 104 104 5942 6023 6050
11429 2 2 104 104 5950 5892 5952
11430 2 2 104 104 5963 6028 6030
11431 2 2 104 104 610 611 6037
11432 2 2 104 104 5833 5999 6005
11433 2 2 104 104 5946 5838 5979
11434 2 2 104 104 613 614 5949
11435 2 2 104 104 5931 6013 6019
11436 2 2 104 104 5979 5834 6021
11437 2 2 104 104 5917 5919 5985
11438 2 2 104 104 5945 6010 6054
11439 2 2 104 104 5908 6026 6060
11440 2 2 104 104 5952 5892 5953
11441 2 2 104 104 5899 5991 6039
11442 2 2 104 104 6016 5994 6035
11443 2 2 104 104 583 5923 6041
11444 2 2 104 104 6010 5825 6054
11445 2 2 104 104 5961 5815 6053
11446 2 2 104 104 5837 5944 6050
11447 2 2 104 104 5923 583 6079
11448 2 2 104 104 5963 6030 6031
11449 2 2 104 104 5846 6016 6035
11450 2 2 104 104 5846 6034 6049
11451 2 2 104 104 5979 5978 6048
11452 2 2 104 104 5953 5854 6002
11453 2 2 104 104 591 590 5980
11454 2 2 104 104 586 585 5981
11455 2 2 104 104 5936 6014 6018
11456 2 2 104 104 5892 5852 5953
11457 2 2 104 104 6013 5931 6018
11458 2 2 104 104 5919 5922 5985
11459 2 2 104 104 5825 5926 6054
11460 2 2 104 104 5974 5981 5982
11461 2 2 104 104 5986 6003 6052
11462 2 2 104 104 5892 5950 5971
11463 2 2 104 104 5924 5817 5927
11464 2 2 104 104 613 5949 6090
11465 2 2 104 104 590 5832 5980
11466 2 2 104 104 585 5821 5981
11467 2 2 104 104 6016 5846 6049
11468 2 2 104 104 5920 5979 6021
11469 2 2 104 104 5939 5953 6002
11470 2 2 104 104 5883 5878 5943
11471 2 2 104 104 614 5826 5949
11472 2 2 104 104 5987 5986 6052
11473 2 2 104 104 5962 5963 6059
11474 2 2 104 104 5826 5947 5948
11475 2 2 104 104 5926 5910 6054
11476 2 2 104 104 5931 5932 6018
11477 2 2 104 104 5848 5850 5971
11478 2 2 104 104 5887 5962 6059
11479 2 2 104 104 5964 5883 5985
11480 2 2 104 104 5896 5889 5989
11481 2 2 104 104 5826 5948 5949
11482 2 2 104 104 5974 5982 6043
11483 2 2 104 104 5923 5914 6041
11484 2 2 104 104 5970 5843 5980
11485 2 2 104 104 5991 5899 6067
11486 2 2 104 104 5967 5966 5977
11487 2 2 104 104 5841 591 5980
11488 2 2 104 104 5972 586 5981
11489 2 2 104 104 5872 5881 6007
11490 2 2 104 104 5961 5966 5967
11491 2 2 104 104 5968 5823 6024
11492 2 2 104 104 5909 5896 5989
11493 2 2 104 104 5943 5917 5985
11494 2 2 104 104 5850 5892 5971
11495 2 2 104 104 5961 5957 5966
11496 2 2 104 104 5999 5833 6046
11497 2 2 104 104 5961 5967 6045
11498 2 2 104 104 5881 5956 6007
11499 2 2 104 104 5900 5975 5988
11500 2 2 104 104 5969 5870 6007
11501 2 2 104 104 5927 5817 6020
11502 2 2 104 104 5878 5886 5943
11503 2 2 104 104 6021 5834 6022
11504 2 2 104 104 5883 5943 5985
11505 2 2 104 104 610 5940 6093
11506 2 2 104 104 5839 5986 5987
11507 2 2 104 104 579 5827 5988
11508 2 2 104 104 5856 5884 6002
11509 2 2 104 104 588 5824 5990
11510 2 2 104 104 5831 617 6000
11511 2 2 104 104 5989 5887 6059
11512 2 2 104 104 595 5835 5992
11513 2 2 104 104 592 591 5841
11514 2 2 104 104 587 586 5972
11515 2 2 104 104 5949 5951 6090
11516 2 2 104 104 581 580 5975
11517 2 2 104 104 5949 5948 5950
11518 2 2 104 104 6031 5909 6059
11519 2 2 104 104 5890 5855 6008
11520 2 2 104 104 5994 5835 6006
11521 2 2 104 104 5885 5861 6009
11522 2 2 104 104 580 579 5988
11523 2 2 104 104 576 575 5978
11524 2 2 104 104 5875 5883 5954
11525 2 2 104 104 5954 5883 5964
11526 2 2 104 104 5992 5993 6015
11527 2 2 104 104 5981 5821 5982
11528 2 2 104 104 5991 6067 6094
11529 2 2 104 104 6043 5890 6077
11530 2 2 104 104 589 588 5990
11531 2 2 104 104 617 618 6000
11532 2 2 104 104 596 595 5992
11533 2 2 104 104 5901 5848 5971
11534 2 2 104 104 5998 6001 6066
11535 2 2 104 104 5947 5826 5984
11536 2 2 104 104 5957 5955 5966
11537 2 2 104 104 5866 5869 6012
11538 2 2 104 104 5958 5965 5977
11539 2 2 104 104 5854 5856 6002
11540 2 2 104 104 5949 5950 5951
11541 2 2 104 104 5925 5928 6019
11542 2 2 104 104 6041 5914 6061
11543 2 2 104 104 5889 5882 5989
11544 2 2 104 104 5953 5939 6086
11545 2 2 104 104 5855 5853 6008
11546 2 2 104 104 5861 5859 6009
11547 2 2 104 104 5993 5996 6015
11548 2 2 104 104 5951 5950 5952
11549 2 2 104 104 5854 5853 5855
11550 2 2 104 104 5852 5851 5853
11551 2 2 104 104 5856 5855 5857
11552 2 2 104 104 5868 5872 6007
11553 2 2 104 104 5850 5849 5851
11554 2 2 104 104 5852 5853 5854
11555 2 2 104 104 5854 5855 5856
11556 2 2 104 104 5858 5857 5859
11557 2 2 104 104 5850 5851 5852
11558 2 2 104 104 5856 5857 5858
11559 2 2 104 104 5860 5859 5861
11560 2 2 104 104 5858 5859 5860
11561 2 2 104 104 5975 580 5988
11562 2 2 104 104 5944 5942 6050
11563 2 2 104 104 5862 5861 5863
11564 2 2 104 104 5860 5861 5862
11565 2 2 104 104 5848 5849 5850
11566 2 2 104 104 5831 6000 6001
11567 2 2 104 104 5992 5835 5993
11568 2 2 104 104 5862 5863 5864
11569 2 2 104 104 5917 5916 5918
11570 2 2 104 104 5864 5863 5865
11571 2 2 104 104 5919 5918 5920
11572 2 2 104 104 5993 5835 5994
11573 2 2 104 104 620 5833 6005
11574 2 2 104 104 5866 5865 5867
11575 2 2 104 104 6046 5833 6089
11576 2 2 104 104 5955 5954 5958
11577 2 2 104 104 5868 5867 5872
11578 2 2 104 104 5848 5845 5849
11579 2 2 104 104 5881 5875 5954
11580 2 2 104 104 5864 5865 5866
11581 2 2 104 104 5866 5867 5868
11582 2 2 104 104 5881 5954 5955
11583 2 2 104 104 5928 5931 6019
11584 2 2 104 104 5955 5958 5966
11585 2 2 104 104 5864 5866 6012
11586 2 2 104 104 5839 484 5986
11587 2 2 104 104 5895 5896 5906
11588 2 2 104 104 5917 5918 5919
11589 2 2 104 104 5906 5896 5908
11590 2 2 104 104 5994 6006 6035
11591 2 2 104 104 607 6011 6020
11592 2 2 104 104 5919 5920 5921
11593 2 2 104 104 5872 5875 5881
11594 2 2 104 104 5975 5900 6044
11595 2 2 104 104 5898 5916 5917
11596 2 2 104 104 5960 5957 5961
11597 2 2 104 104 5882 5876 5887
11598 2 2 104 104 5926 5825 6080
11599 2 2 104 104 611 5822 6037
11600 2 2 104 104 5960 5961 6053
11601 2 2 104 104 6011 5929 6020
11602 2 2 104 104 5966 5958 5977
11603 2 2 104 104 5895 5889 5896
11604 2 2 104 104 5991 5990 6039
11605 2 2 104 104 5843 5841 5980
11606 2 2 104 104 5974 5972 5981
11607 2 2 104 104 5898 5900 5916
11608 2 2 104 104 602 5825 6010
11609 2 2 104 104 5964 5985 6088
11610 2 2 104 104 5828 592 5841
11611 2 2 104 104 5824 587 5972
11612 2 2 104 104 5958 5964 5965
11613 2 2 104 104 5907 5906 5942
11614 2 2 104 104 483 484 5839
11615 2 2 104 104 5974 6043 6077
11616 2 2 104 104 5842 5841 5843
11617 2 2 104 104 5973 5972 5974
11618 2 2 104 104 5816 581 5975
11619 2 2 104 104 5875 5878 5883
11620 2 2 104 104 5847 5845 5848
11621 2 2 104 104 5844 5843 5845
11622 2 2 104 104 5872 5873 5875
11623 2 2 104 104 616 5831 5984
11624 2 2 104 104 5929 5927 6020
11625 2 2 104 104 5877 5876 5882
11626 2 2 104 104 5869 5868 5870
11627 2 2 104 104 5888 5882 5889
11628 2 2 104 104 5893 5889 5895
11629 2 2 104 104 5845 5843 5970
11630 2 2 104 104 5997 5995 5998
11631 2 2 104 104 5956 5955 5957
11632 2 2 104 104 5871 5870 5876
11633 2 2 104 104 6013 6012 6033
11634 2 2 104 104 6067 5970 6094
11635 2 2 104 104 5959 5957 5960
11636 2 2 104 104 5962 5960 5963
11637 2 2 104 104 5886 5897 5898
11638 2 2 104 104 5882 5887 5989
11639 2 2 104 104 5968 6024 6040
11640 2 2 104 104 5886 5898 5943
11641 2 2 104 104 5876 5870 5969
11642 2 2 104 104 5838 576 5978
11643 2 2 104 104 5941 5926 6080
11644 2 2 104 104 5922 5921 5968
11645 2 2 104 104 5947 5901 5948
11646 2 2 104 104 5914 5915 6061
11647 2 2 104 104 5833 6004 6089
11648 2 2 104 104 6001 5998 6049
11649 2 2 104 104 5870 5868 6007
11650 2 2 104 104 5948 5901 5971
11651 2 2 104 104 584 583 6041
11652 2 2 104 104 5920 5918 5946
11653 2 2 104 104 5857 5890 5976
11654 2 2 104 104 5995 5994 6016
11655 2 2 104 104 484 485 5986
11656 2 2 104 104 608 5818 6011
11657 2 2 104 104 5863 5885 5983
11658 2 2 104 104 5830 5942 6060
11659 2 2 104 104 595 594 5835
11660 2 2 104 104 588 587 5824
11661 2 2 104 104 611 612 5822
11662 2 2 104 104 618 619 5829
11663 2 2 104 104 597 596 5836
11664 2 2 104 104 620 621 5833
11665 2 2 104 104 616 617 5831
11666 2 2 104 104 593 592 5828
11667 2 2 104 104 585 584 5821
11668 2 2 104 104 608 609 5818
11669 2 2 104 104 590 589 5832
11670 2 2 104 104 614 615 5826
11671 2 2 104 104 5835 594 6006
11672 2 2 104 104 605 5817 5941
11673 2 2 104 104 593 5828 6006
11674 2 2 104 104 5950 5948 5971
11675 2 2 104 104 5832 589 5990
11676 2 2 104 104 618 5829 6000
11677 2 2 104 104 5895 5906 5907
11678 2 2 104 104 5993 5994 5995
11679 2 2 104 104 5816 5975 6044
11680 2 2 104 104 582 581 5816
11681 2 2 104 104 605 606 5817
11682 2 2 104 104 5836 596 5992
11683 2 2 104 104 604 605 5941
11684 2 2 104 104 5907 5942 5944
11685 2 2 104 104 5857 5855 5890
11686 2 2 104 104 5853 5851 5899
11687 2 2 104 104 5958 5954 5964
11688 2 2 104 104 5859 5857 5976
11689 2 2 104 104 5863 5861 5885
11690 2 2 104 104 615 616 5984
11691 2 2 104 104 5872 5867 5873
11692 2 2 104 104 5865 5863 5983
11693 2 2 104 104 5849 5845 5970
11694 2 2 104 104 5850 5852 5892
11695 2 2 104 104 5856 5858 5884
11696 2 2 104 104 602 603 5825
11697 2 2 104 104 5853 5899 6008
11698 2 2 104 104 607 608 6011
11699 2 2 104 104 5976 5890 6043
11700 2 2 104 104 5859 5976 6009
11701 2 2 104 104 579 578 5827
11702 2 2 104 104 5898 5897 5900
11703 2 2 104 104 5921 5920 6021
11704 2 2 104 104 5862 5864 5874
11705 2 2 104 104 5866 5868 5869
11706 2 2 104 104 5875 5873 5878
11707 2 2 104 104 5840 6042 6050
11708 2 2 104 104 5877 5882 5888
11709 2 2 104 104 5987 6052 6055
11710 2 2 104 104 5888 5889 5893
11711 2 2 104 104 5881 5955 5956
11712 2 2 104 104 600 601 5837
11713 2 2 104 104 594 593 6006
11714 2 2 104 104 577 576 5838
11715 2 2 104 104 6028 5963 6053
11716 2 2 104 104 5871 5876 5877
11717 2 2 104 104 5970 5980 6094
11718 2 2 104 104 5908 5896 5909
11719 2 2 104 104 5887 5876 5969
11720 2 2 104 104 5862 5874 6014
11721 2 2 104 104 5869 5870 5871
11722 2 2 104 104 5828 5841 5842
11723 2 2 104 104 5824 5972 5973
11724 2 2 104 104 5874 5864 6012
11725 2 2 104 104 5842 5843 5844
11726 2 2 104 104 5847 5848 5901
11727 2 2 104 104 5844 5845 5847
11728 2 2 104 104 597 5836 6003
11729 2 2 104 104 5956 5957 5959
11730 2 2 104 104 5959 5960 5962
11731 2 2 104 104 5998 5995 6016
11732 2 2 104 104 5895 5907 6025
11733 2 2 104 104 5898 5917 5943
11734 2 2 104 104 5919 5921 5922
11735 2 2 104 104 5951 5822 6090
11736 2 2 104 104 6043 5982 6064
11737 2 2 104 104 5838 5946 6056
11738 2 2 104 104 598 597 6003
11739 2 2 104 104 5826 615 5984
11740 2 2 104 104 5860 5862 6014
11741 2 2 104 104 5865 5983 6032
11742 2 2 104 104 6027 5908 6063
11743 2 2 104 104 5906 5908 6060
11744 2 2 104 104 5907 5945 6025
11745 2 2 104 104 6001 6000 6066
11746 2 2 104 104 5838 5978 5979
11747 2 2 104 104 5873 5867 6032
11748 2 2 104 104 5832 5990 5991
11749 2 2 104 104 5836 5992 6015
11750 2 2 104 104 5874 6012 6013
11751 2 2 104 104 5822 5951 6085
11752 2 2 104 104 606 607 6020
11753 2 2 104 104 619 620 6005
11754 2 2 104 104 5831 6001 6036
11755 2 2 104 104 601 602 6010
11756 2 2 104 104 5984 5831 6036
11757 2 2 104 104 5879 5873 6032
11758 2 2 104 104 5878 5879 5886
11759 2 2 104 104 5894 5893 5910
11760 2 2 104 104 5910 5893 6025
11761 2 2 104 104 621 622 6004
11762 2 2 104 104 5886 5891 5897
11763 2 2 104 104 5996 5995 5997
11764 2 2 104 104 5911 5910 5926
11765 2 2 104 104 6052 6015 6055
11766 2 2 104 104 5962 5887 6096
11767 2 2 104 104 5900 5988 6095
11768 2 2 104 104 5902 5901 5947
11769 2 2 104 104 5893 5895 6025
11770 2 2 104 104 5905 5914 5923
11771 2 2 104 104 5947 5984 6036
11772 2 2 104 104 393 394 5834
11773 2 2 104 104 600 5837 6042
11774 2 2 104 104 5938 5935 5940
11775 2 2 104 104 5932 5934 5936
11776 2 2 104 104 394 395 6022
11777 2 2 104 104 5867 5865 6032
11778 2 2 104 104 409 410 5840
11779 2 2 104 104 5928 5930 5931
11780 2 2 104 104 5916 5900 6095
11781 2 2 104 104 5884 5858 6057
11782 2 2 104 104 6011 5818 6058
11783 2 2 104 104 6021 6022 6065
11784 2 2 104 104 408 409 6023
11785 2 2 104 104 5990 5824 6039
11786 2 2 104 104 395 396 5823
11787 2 2 104 104 5849 5970 6067
11788 2 2 104 104 5827 578 6056
11789 2 2 104 104 5907 5944 5945
11790 2 2 104 104 407 408 5830
11791 2 2 104 104 6012 5869 6033
11792 2 2 104 104 396 397 6024
11793 2 2 104 104 406 407 6026
11794 2 2 104 104 397 398 6029
11795 2 2 104 104 405 406 6027
11796 2 2 104 104 6005 5999 6092
11797 2 2 104 104 5823 5968 6065
11798 2 2 104 104 398 399 5819
11799 2 2 104 104 401 402 5815
11800 2 2 104 104 404 405 5820
11801 2 2 104 104 403 404 6030
11802 2 2 104 104 402 403 6028
11803 2 2 104 104 5900 5897 6044
11804 2 2 104 104 6014 5874 6018
11805 2 2 104 104 5878 5873 5879
11806 2 2 104 104 604 5941 6080
11807 2 2 104 104 5888 5893 5894
11808 2 2 104 104 5871 5877 5880
11809 2 2 104 104 5925 6019 6051
11810 2 2 104 104 622 13 6071
11811 2 2 104 104 5829 619 6005
11812 2 2 104 104 6014 5936 6057
11813 2 2 104 104 5817 606 6020
11814 2 2 104 104 5993 5995 5996
11815 2 2 104 104 5847 5901 5902
11816 2 2 104 104 5842 5844 5846
11817 2 2 104 104 6009 5915 6087
11818 2 2 104 104 5886 5879 5891
11819 2 2 104 104 5874 6013 6018
11820 2 2 104 104 5897 5891 5903
11821 2 2 104 104 6006 5828 6035
11822 2 2 104 104 5894 5910 5911
11823 2 2 104 104 5834 394 6022
11824 2 2 104 104 5996 5997 5999
11825 2 2 104 104 5837 601 6010
11826 2 2 104 104 5833 621 6004
11827 2 2 104 104 6013 6033 6076
11828 2 2 104 104 5816 6044 6062
11829 2 2 104 104 5944 5837 6091
11830 2 2 104 104 5931 5930 5932
11831 2 2 104 104 409 5840 6023
11832 2 2 104 104 395 5823 6022
11833 2 2 104 104 6017 6085 6086
11834 2 2 104 104 5902 5947 6036
11835 2 2 104 104 5830 408 6023
11836 2 2 104 104 5997 5998 6066
11837 2 2 104 104 5823 396 6024
11838 2 2 104 104 609 610 6093
11839 2 2 104 104 5918 5916 6078
11840 2 2 104 104 407 5830 6026
11841 2 2 104 104 583 582 6079
11842 2 2 104 104 6024 397 6029
11843 2 2 104 104 5938 5940 6037
11844 2 2 104 104 406 6026 6027
11845 2 2 104 104 577 5838 6056
11846 2 2 104 104 5903 5891 5904
11847 2 2 104 104 398 5819 6029
11848 2 2 104 104 5894 5911 5912
11849 2 2 104 104 5820 405 6027
11850 2 2 104 104 5827 6056 6078
11851 2 2 104 104 5869 5871 6033
11852 2 2 104 104 404 5820 6030
11853 2 2 104 104 5815 402 6028
11854 2 2 104 104 6028 403 6030
11855 2 2 104 104 5932 5930 5933
11856 2 2 104 104 5903 5904 5905
11857 2 2 104 104 5912 5911 5924
11858 2 2 104 104 5877 5888 6038
11859 2 2 104 104 5860 6014 6057
11860 2 2 104 104 5925 5924 5927
11861 2 2 104 104 5824 5973 6039
11862 2 2 104 104 5905 5913 5914
11863 2 2 104 104 5912 5924 5925
11864 2 2 104 104 5928 5927 5929
11865 2 2 104 104 5905 5904 5913
11866 2 2 104 104 5925 5927 5928
11867 2 2 104 104 5932 5933 5934
11868 2 2 104 104 6032 5983 6047
11869 2 2 104 104 5899 5851 6067
11870 2 2 104 104 5934 5933 5935
11871 2 2 104 104 5928 5929 5930
11872 2 2 104 104 5914 5913 5915
11873 2 2 104 104 5934 5935 5937
11874 2 2 104 104 5937 5935 5938
11875 2 2 104 104 5939 5938 6017
11876 2 2 104 104 5937 5938 5939
11877 2 2 104 104 5844 5847 6034
11878 2 2 104 104 13 483 6071
11879 2 2 104 104 5828 5842 6035
11880 2 2 104 104 5915 6009 6064
11881 2 2 104 104 5884 6057 6069
11882 2 2 104 104 5880 5877 6038
11883 2 2 104 104 5952 5953 6086
11884 2 2 104 104 6004 5839 6089
11885 2 2 104 104 6003 5986 6075
11886 2 2 104 104 599 600 6042
11887 2 2 104 104 5905 5923 6062
11888 2 2 104 104 5821 584 6041
11889 2 2 104 104 5871 5880 6033
11890 2 2 104 104 5888 5894 6038
11891 2 2 104 104 6030 5820 6031
11892 2 2 104 104 5822 612 6090
11893 2 2 104 104 5819 5977 6072
11894 2 2 104 104 393 5834 6048
11895 2 2 104 104 11 598 6075
11896 2 2 104 104 5965 5964 6088
11897 2 2 104 104 5929 6011 6058
11898 2 2 104 104 5825 603 6080
11899 2 2 104 104 5980 5832 6094
11900 2 2 104 104 5846 5844 6034
11901 2 2 104 104 6003 5836 6052
11902 2 2 104 104 5839 6004 6071
11903 2 2 104 104 5847 5902 6034
11904 2 2 104 104 5842 5846 6035
11905 2 2 104 104 5910 6025 6054
11906 2 2 104 104 5879 6032 6047
11907 2 2 104 104 6017 5938 6037
11908 2 2 104 104 401 5815 6045
11909 2 2 104 104 400 401 6045
11910 2 2 104 104 5940 5935 6081
11911 2 2 104 104 6085 5952 6086
11912 2 2 104 104 5891 5879 6047
11913 2 2 104 104 410 12 6082
11914 2 2 104 104 12 599 6082
11915 2 2 104 104 5822 6017 6037
11916 2 2 104 104 5894 5912 6038
11917 2 2 104 104 5909 5989 6059
11918 2 2 104 104 5998 6016 6049
11919 2 2 104 104 5885 6009 6087
11920 2 2 104 104 485 11 6075
11921 2 2 104 104 10 392 6083
11922 2 2 104 104 575 10 6083
11923 2 2 104 104 6008 5973 6077
11924 2 2 104 104 6049 6034 6073
11925 2 2 104 104 5939 6002 6084
11926 2 2 104 104 392 393 6048
11927 2 2 104 104 5977 5965 6072
11928 2 2 104 104 5983 5885 6070
11929 2 2 104 104 6024 6029 6040
11930 2 2 104 104 5897 5903 6044
11931 2 2 104 104 5968 5921 6065
11932 2 2 104 104 5963 5960 6053
11933 2 2 104 104 5930 5929 6058
11934 2 2 104 104 5880 6038 6051
11935 2 2 104 104 6058 5818 6081
11936 2 2 104 104 6019 6013 6076
11937 2 2 104 104 6046 5987 6055
11938 2 2 104 104 5986 485 6075
11939 2 2 104 104 5969 5959 6096
11940 2 2 104 104 5978 575 6083
11941 2 2 104 104 6026 5830 6060
11942 2 2 104 104 5921 6021 6065
11943 2 2 104 104 5982 5821 6061
11944 2 2 104 104 6062 5923 6079
11945 2 2 104 104 5819 399 6068
11946 2 2 104 104 5985 5922 6088
11947 2 2 104 104 6074 5965 6088
11948 2 2 104 104 578 577 6056
11949 2 2 104 104 5904 5891 6047
11950 2 2 104 104 5942 5906 6060
11951 2 2 104 104 6038 5912 6051
11952 2 2 104 104 5988 5827 6095
11953 2 2 104 104 6056 5946 6078
11954 2 2 104 104 483 5839 6071
11955 2 2 104 104 5997 6066 6092
11956 2 2 104 104 5858 5860 6057
11957 2 2 104 104 5940 6081 6093
11958 2 2 104 104 6023 5840 6050
11959 2 2 104 104 5934 5937 6069
11960 2 2 104 104 5890 6008 6077
11961 2 2 104 104 5909 6031 6063
11962 2 2 104 104 6002 5884 6084
11963 2 2 104 104 5908 5909 6063
11964 2 2 104 104 5820 6027 6063
11965 2 2 104 104 5839 5987 6089
11966 2 2 104 104 5836 6015 6052
11967 2 2 104 104 6015 5996 6055
11968 2 2 104 104 6044 5903 6062
11969 2 2 104 104 5912 5925 6051
11970 2 2 104 104 6025 5945 6054
11971 2 2 104 104 6078 5916 6095
11972 2 2 104 104 5999 5997 6092
11973 2 2 104 104 400 6045 6068
11974 2 2 104 104 6057 5936 6069
11975 2 2 104 104 6069 5937 6084
11976 2 2 104 104 5951 5952 6085
11977 2 2 104 104 6047 5983 6070
11978 2 2 104 104 5851 5849 6067
11979 2 2 104 104 6029 5819 6072
11980 2 2 104 104 5815 6028 6053
11981 2 2 104 104 5933 5930 6058
11982 2 2 104 104 5904 6047 6070
11983 2 2 104 104 6034 5902 6073
11984 2 2 104 104 5922 5968 6074
11985 2 2 104 104 5973 5974 6077
11986 2 2 104 104 5816 6062 6079
11987 2 2 104 104 6036 6001 6073
11988 2 2 104 104 5887 5969 6096
11989 2 2 104 104 6009 5976 6064
11990 2 2 104 104 5821 6041 6061
11991 2 2 104 104 603 604 6080
11992 2 2 104 104 5903 5905 6062
11993 2 2 104 104 6070 5885 6087
11994 2 2 104 104 6000 5829 6066
11995 2 2 104 104 5996 5999 6055
11996 2 2 104 104 6031 5820 6063
11997 2 2 104 104 399 400 6068
11998 2 2 104 104 612 613 6090
11999 2 2 104 104 6045 5967 6068
12000 2 2 104 104 6051 6019 6076
12001 2 2 104 104 5937 5939 6084
12002 2 2 104 104 5999 6046 6055
12003 2 2 104 104 6022 5823 6065
12004 2 2 104 104 6004 622 6071
12005 2 2 104 104 5976 6043 6064
12006 2 2 104 104 5933 6058 6081
12007 2 2 104 104 6010 5945 6091
12008 2 2 104 104 5936 5934 6069
12009 2 2 104 104 5968 6040 6074
12010 2 2 104 104 5913 5904 6070
12011 2 2 104 104 5946 5918 6078
12012 2 2 104 104 5884 6069 6084
12013 2 2 104 104 598 6003 6075
12014 2 2 104 104 5880 6051 6076
12015 2 2 104 104 5939 6017 6086
12016 2 2 104 104 582 5816 6079
12017 2 2 104 104 6066 5829 6092
12018 2 2 104 104 6081 5818 6093
12019 2 2 104 104 5902 6036 6073
12020 2 2 104 104 5840 410 6082
12021 2 2 104 104 5935 5933 6081
12022 2 2 104 104 5913 6070 6087
12023 2 2 104 104 6001 6049 6073
12024 2 2 104 104 6017 5822 6085
12025 2 2 104 104 6040 6029 6072
12026 2 2 104 104 5945 5944 6091
12027 2 2 104 104 6033 5880 6076
12028 2 2 104 104 5818 609 6093
12029 2 2 104 104 5829 6005 6092
12030 2 2 104 104 5965 6040 6072
12031 2 2 104 104 5959 5962 6096
12032 2 2 104 104 5915 5913 6087
12033 2 2 104 104 5837 6010 6091
12034 2 2 104 104 5832 5991 6094
12035 2 2 104 104 599 6042 6082
12036 2 2 104 104 6040 5965 6074
12037 2 2 104 104 6048 5978 6083
12038 2 2 104 104 6042 5840 6082
12039 2 2 104 104 392 6048 6083
12040 2 2 104 104 5827 6078 6095
12041 2 2 104 104 5987 6046 6089
12042 2 2 104 104 5922 6074 6088
12043 2 2 105 105 6294 6111 6304
12044 2 2 105 105 6309 6312 6313
12045 2 2 105 105 6215 6318 6348
12046 2 2 105 105 6181 6249 6326
12047 2 2 105 105 6165 6157 6251
12048 2 2 105 105 6317 6361 6403
12049 2 2 105 105 6249 6181 6408
12050 2 2 105 105 6261 6225 6391
12051 2 2 105 105 6231 6219 6355
12052 2 2 105 105 6318 6172 6348
12053 2 2 105 105 6225 6261 6378
12054 2 2 105 105 6361 6248 6403
12055 2 2 105 105 6167 6326 6351
12056 2 2 105 105 6116 6291 6314
12057 2 2 105 105 6312 6105 6313
12058 2 2 105 105 611 610 6264
12059 2 2 105 105 6186 6184 6299
12060 2 2 105 105 6366 6144 6373
12061 2 2 105 105 6222 6226 6315
12062 2 2 105 105 6239 6163 6331
12063 2 2 105 105 6305 6290 6346
12064 2 2 105 105 6233 6100 6235
12065 2 2 105 105 6163 6239 6316
12066 2 2 105 105 6129 6323 6343
12067 2 2 105 105 6377 6329 6380
12068 2 2 105 105 6326 6249 6351
12069 2 2 105 105 6286 6293 6296
12070 2 2 105 105 6293 6286 6386
12071 2 2 105 105 6307 6217 6325
12072 2 2 105 105 6164 6377 6380
12073 2 2 105 105 6315 6226 6363
12074 2 2 105 105 6157 6167 6251
12075 2 2 105 105 6252 6097 6382
12076 2 2 105 105 6367 6099 6383
12077 2 2 105 105 6225 6165 6388
12078 2 2 105 105 6120 6295 6421
12079 2 2 105 105 610 6103 6264
12080 2 2 105 105 6224 6366 6373
12081 2 2 105 105 6291 6116 6365
12082 2 2 105 105 6189 6186 6299
12083 2 2 105 105 6112 6305 6346
12084 2 2 105 105 6323 6265 6343
12085 2 2 105 105 6165 6225 6378
12086 2 2 105 105 6240 6167 6351
12087 2 2 105 105 6167 6240 6251
12088 2 2 105 105 6165 6251 6355
12089 2 2 105 105 6294 6304 6327
12090 2 2 105 105 6180 6350 6370
12091 2 2 105 105 6312 6309 6405
12092 2 2 105 105 6350 6254 6370
12093 2 2 105 105 6100 6233 6417
12094 2 2 105 105 6317 6126 6361
12095 2 2 105 105 6345 6164 6380
12096 2 2 105 105 6118 6229 6335
12097 2 2 105 105 6229 6118 6404
12098 2 2 105 105 6110 6302 6359
12099 2 2 105 105 6097 6252 6336
12100 2 2 105 105 6217 6253 6325
12101 2 2 105 105 6282 6273 6296
12102 2 2 105 105 6196 6199 6331
12103 2 2 105 105 6219 6212 6355
12104 2 2 105 105 6320 6120 6421
12105 2 2 105 105 6119 6250 6337
12106 2 2 105 105 6111 6294 6410
12107 2 2 105 105 6127 611 6264
12108 2 2 105 105 6345 6380 6395
12109 2 2 105 105 6253 6103 6325
12110 2 2 105 105 6286 6323 6374
12111 2 2 105 105 6221 6367 6383
12112 2 2 105 105 6293 6282 6296
12113 2 2 105 105 6348 6172 6370
12114 2 2 105 105 6159 6161 6257
12115 2 2 105 105 6139 6136 6300
12116 2 2 105 105 6292 6291 6365
12117 2 2 105 105 6235 6100 6308
12118 2 2 105 105 6286 6374 6386
12119 2 2 105 105 6250 6206 6258
12120 2 2 105 105 6172 6139 6300
12121 2 2 105 105 6101 6324 6339
12122 2 2 105 105 6251 6231 6355
12123 2 2 105 105 6184 6257 6299
12124 2 2 105 105 6250 6119 6384
12125 2 2 105 105 6299 6161 6376
12126 2 2 105 105 6292 6365 6381
12127 2 2 105 105 6172 6300 6370
12128 2 2 105 105 6322 6246 6396
12129 2 2 105 105 6316 6239 6353
12130 2 2 105 105 6158 6151 6261
12131 2 2 105 105 6376 6161 6420
12132 2 2 105 105 6195 6196 6331
12133 2 2 105 105 6190 6204 6262
12134 2 2 105 105 6113 6256 6372
12135 2 2 105 105 6301 6102 6407
12136 2 2 105 105 625 6113 6372
12137 2 2 105 105 6209 6390 6391
12138 2 2 105 105 6102 6301 6368
12139 2 2 105 105 6396 6246 6408
12140 2 2 105 105 6347 6223 6367
12141 2 2 105 105 6105 6298 6313
12142 2 2 105 105 6170 6316 6353
12143 2 2 105 105 6263 6127 6264
12144 2 2 105 105 6169 6159 6257
12145 2 2 105 105 6354 6125 6372
12146 2 2 105 105 6257 6161 6299
12147 2 2 105 105 6206 6208 6258
12148 2 2 105 105 6128 6127 6263
12149 2 2 105 105 6304 6117 6327
12150 2 2 105 105 6264 6103 6409
12151 2 2 105 105 6321 6123 6379
12152 2 2 105 105 6386 6134 6395
12153 2 2 105 105 6117 644 6303
12154 2 2 105 105 6117 6303 6358
12155 2 2 105 105 618 6115 6305
12156 2 2 105 105 6111 642 6304
12157 2 2 105 105 6107 637 6306
12158 2 2 105 105 615 614 6265
12159 2 2 105 105 612 611 6127
12160 2 2 105 105 6258 6252 6382
12161 2 2 105 105 6273 6270 6296
12162 2 2 105 105 6155 6158 6260
12163 2 2 105 105 6162 6143 6318
12164 2 2 105 105 6238 6328 6329
12165 2 2 105 105 6136 6133 6300
12166 2 2 105 105 6151 6148 6261
12167 2 2 105 105 644 645 6303
12168 2 2 105 105 6301 6242 6302
12169 2 2 105 105 6324 6101 6392
12170 2 2 105 105 6153 6147 6319
12171 2 2 105 105 6302 6110 6422
12172 2 2 105 105 619 618 6305
12173 2 2 105 105 642 643 6304
12174 2 2 105 105 637 638 6306
12175 2 2 105 105 6297 6112 6346
12176 2 2 105 105 6188 6190 6262
12177 2 2 105 105 6298 6183 6313
12178 2 2 105 105 6321 6379 6385
12179 2 2 105 105 6192 6262 6310
12180 2 2 105 105 6283 6287 6288
12181 2 2 105 105 6143 6141 6318
12182 2 2 105 105 6140 6141 6142
12183 2 2 105 105 6283 6282 6287
12184 2 2 105 105 6142 6141 6143
12185 2 2 105 105 6140 6139 6141
12186 2 2 105 105 6281 6282 6283
12187 2 2 105 105 6142 6143 6144
12188 2 2 105 105 6138 6139 6140
12189 2 2 105 105 6147 6145 6319
12190 2 2 105 105 6199 6239 6331
12191 2 2 105 105 6183 6184 6185
12192 2 2 105 105 6144 6143 6145
12193 2 2 105 105 6148 6149 6261
12194 2 2 105 105 6232 6242 6301
12195 2 2 105 105 6144 6145 6146
12196 2 2 105 105 6146 6147 6148
12197 2 2 105 105 6185 6186 6187
12198 2 2 105 105 6146 6145 6147
12199 2 2 105 105 6148 6147 6149
12200 2 2 105 105 6173 6181 6326
12201 2 2 105 105 6265 614 6343
12202 2 2 105 105 6103 609 6325
12203 2 2 105 105 6187 6188 6192
12204 2 2 105 105 6237 6235 6308
12205 2 2 105 105 6281 6273 6282
12206 2 2 105 105 6138 6136 6139
12207 2 2 105 105 6133 6131 6180
12208 2 2 105 105 6259 6100 6417
12209 2 2 105 105 6185 6184 6186
12210 2 2 105 105 6192 6188 6262
12211 2 2 105 105 6237 6308 6341
12212 2 2 105 105 6187 6186 6188
12213 2 2 105 105 6209 6207 6390
12214 2 2 105 105 6256 6354 6372
12215 2 2 105 105 6183 6177 6184
12216 2 2 105 105 6154 6157 6165
12217 2 2 105 105 6211 6218 6252
12218 2 2 105 105 6155 6151 6158
12219 2 2 105 105 6161 6155 6260
12220 2 2 105 105 6190 6200 6204
12221 2 2 105 105 6334 6204 6338
12222 2 2 105 105 6286 6266 6323
12223 2 2 105 105 627 6105 6312
12224 2 2 105 105 6303 6124 6397
12225 2 2 105 105 6302 6242 6359
12226 2 2 105 105 6201 6205 6324
12227 2 2 105 105 6220 6192 6228
12228 2 2 105 105 6182 6177 6183
12229 2 2 105 105 6108 615 6265
12230 2 2 105 105 6104 612 6127
12231 2 2 105 105 6112 6297 6364
12232 2 2 105 105 6181 6222 6255
12233 2 2 105 105 6150 6148 6151
12234 2 2 105 105 6137 6136 6138
12235 2 2 105 105 6135 6133 6136
12236 2 2 105 105 6133 6180 6300
12237 2 2 105 105 6159 6155 6161
12238 2 2 105 105 6152 6151 6155
12239 2 2 105 105 6276 6273 6281
12240 2 2 105 105 6132 6131 6133
12241 2 2 105 105 6266 6265 6323
12242 2 2 105 105 6149 6153 6154
12243 2 2 105 105 6154 6156 6157
12244 2 2 105 105 6157 6166 6167
12245 2 2 105 105 6318 6215 6406
12246 2 2 105 105 6218 6219 6229
12247 2 2 105 105 6131 6128 6263
12248 2 2 105 105 6211 6212 6218
12249 2 2 105 105 6205 6206 6250
12250 2 2 105 105 6208 6211 6258
12251 2 2 105 105 6188 6189 6190
12252 2 2 105 105 6200 6201 6324
12253 2 2 105 105 6190 6191 6200
12254 2 2 105 105 6177 6169 6257
12255 2 2 105 105 6180 6263 6350
12256 2 2 105 105 6176 6169 6177
12257 2 2 105 105 6243 6245 6247
12258 2 2 105 105 6173 6175 6181
12259 2 2 105 105 6268 6266 6286
12260 2 2 105 105 6130 6128 6131
12261 2 2 105 105 6272 6270 6273
12262 2 2 105 105 6230 6232 6301
12263 2 2 105 105 6232 6241 6242
12264 2 2 105 105 6308 635 6341
12265 2 2 105 105 6350 6264 6409
12266 2 2 105 105 645 6124 6303
12267 2 2 105 105 6327 6117 6358
12268 2 2 105 105 6208 6210 6211
12269 2 2 105 105 6228 6192 6310
12270 2 2 105 105 645 646 6124
12271 2 2 105 105 622 621 6123
12272 2 2 105 105 6201 6203 6205
12273 2 2 105 105 6187 6220 6309
12274 2 2 105 105 633 6100 6259
12275 2 2 105 105 6259 6221 6383
12276 2 2 105 105 6291 6281 6314
12277 2 2 105 105 6170 6138 6316
12278 2 2 105 105 6187 6192 6220
12279 2 2 105 105 616 615 6108
12280 2 2 105 105 613 612 6104
12281 2 2 105 105 636 637 6107
12282 2 2 105 105 620 619 6112
12283 2 2 105 105 641 642 6111
12284 2 2 105 105 643 644 6117
12285 2 2 105 105 638 639 6116
12286 2 2 105 105 618 617 6115
12287 2 2 105 105 610 609 6103
12288 2 2 105 105 633 634 6100
12289 2 2 105 105 632 633 6259
12290 2 2 105 105 6323 6129 6374
12291 2 2 105 105 630 631 6099
12292 2 2 105 105 607 606 6098
12293 2 2 105 105 6112 619 6305
12294 2 2 105 105 643 6117 6304
12295 2 2 105 105 638 6116 6306
12296 2 2 105 105 6220 6228 6256
12297 2 2 105 105 6295 6120 6385
12298 2 2 105 105 480 481 6120
12299 2 2 105 105 604 603 6106
12300 2 2 105 105 627 628 6105
12301 2 2 105 105 6098 6363 6394
12302 2 2 105 105 6283 6288 6289
12303 2 2 105 105 6140 6142 6163
12304 2 2 105 105 607 6098 6307
12305 2 2 105 105 6146 6148 6150
12306 2 2 105 105 625 626 6113
12307 2 2 105 105 602 601 6114
12308 2 2 105 105 6197 6347 6367
12309 2 2 105 105 6283 6289 6314
12310 2 2 105 105 6287 6282 6293
12311 2 2 105 105 6145 6143 6162
12312 2 2 105 105 6141 6139 6172
12313 2 2 105 105 6182 6183 6298
12314 2 2 105 105 6140 6163 6316
12315 2 2 105 105 6149 6147 6153
12316 2 2 105 105 6311 6114 6322
12317 2 2 105 105 6247 6245 6248
12318 2 2 105 105 6180 6131 6263
12319 2 2 105 105 6106 603 6311
12320 2 2 105 105 6152 6155 6159
12321 2 2 105 105 6150 6151 6152
12322 2 2 105 105 6211 6252 6258
12323 2 2 105 105 6176 6177 6182
12324 2 2 105 105 600 599 6126
12325 2 2 105 105 623 624 6125
12326 2 2 105 105 6120 481 6321
12327 2 2 105 105 480 6120 6320
12328 2 2 105 105 6185 6187 6309
12329 2 2 105 105 6145 6162 6319
12330 2 2 105 105 6141 6172 6318
12331 2 2 105 105 6157 6156 6166
12332 2 2 105 105 6137 6138 6170
12333 2 2 105 105 6181 6175 6222
12334 2 2 105 105 6154 6153 6156
12335 2 2 105 105 6135 6136 6137
12336 2 2 105 105 6276 6281 6291
12337 2 2 105 105 608 607 6307
12338 2 2 105 105 6167 6166 6326
12339 2 2 105 105 6132 6133 6135
12340 2 2 105 105 6242 6241 6243
12341 2 2 105 105 602 6114 6311
12342 2 2 105 105 6229 6219 6230
12343 2 2 105 105 6108 6265 6266
12344 2 2 105 105 6104 6127 6128
12345 2 2 105 105 6218 6212 6219
12346 2 2 105 105 6114 601 6317
12347 2 2 105 105 6268 6286 6296
12348 2 2 105 105 6130 6131 6132
12349 2 2 105 105 6272 6273 6276
12350 2 2 105 105 6261 6149 6378
12351 2 2 105 105 6188 6186 6189
12352 2 2 105 105 6184 6177 6257
12353 2 2 105 105 603 602 6311
12354 2 2 105 105 6142 6144 6366
12355 2 2 105 105 6211 6210 6212
12356 2 2 105 105 6238 6329 6340
12357 2 2 105 105 601 600 6317
12358 2 2 105 105 6200 6191 6201
12359 2 2 105 105 6205 6203 6206
12360 2 2 105 105 6281 6283 6314
12361 2 2 105 105 6190 6189 6191
12362 2 2 105 105 6138 6140 6316
12363 2 2 105 105 6103 6253 6409
12364 2 2 105 105 600 6126 6317
12365 2 2 105 105 636 6107 6341
12366 2 2 105 105 6328 6288 6329
12367 2 2 105 105 6115 617 6342
12368 2 2 105 105 6277 6294 6327
12369 2 2 105 105 6243 6247 6359
12370 2 2 105 105 479 480 6320
12371 2 2 105 105 481 482 6321
12372 2 2 105 105 605 6315 6363
12373 2 2 105 105 6270 6268 6296
12374 2 2 105 105 6363 6226 6394
12375 2 2 105 105 6218 6229 6404
12376 2 2 105 105 6154 6165 6378
12377 2 2 105 105 6227 6182 6298
12378 2 2 105 105 6248 6361 6387
12379 2 2 105 105 616 6108 6342
12380 2 2 105 105 613 6104 6343
12381 2 2 105 105 6123 621 6364
12382 2 2 105 105 6262 6204 6401
12383 2 2 105 105 6294 6274 6344
12384 2 2 105 105 6166 6173 6326
12385 2 2 105 105 6113 6312 6405
12386 2 2 105 105 6256 6113 6405
12387 2 2 105 105 6310 6109 6333
12388 2 2 105 105 646 15 6398
12389 2 2 105 105 13 622 6399
12390 2 2 105 105 634 635 6308
12391 2 2 105 105 605 604 6315
12392 2 2 105 105 609 608 6325
12393 2 2 105 105 6183 6185 6313
12394 2 2 105 105 6098 606 6363
12395 2 2 105 105 6269 6271 6352
12396 2 2 105 105 6298 6105 6375
12397 2 2 105 105 6205 6250 6384
12398 2 2 105 105 626 627 6312
12399 2 2 105 105 6181 6255 6408
12400 2 2 105 105 6358 6303 6397
12401 2 2 105 105 6106 6396 6425
12402 2 2 105 105 6243 6244 6245
12403 2 2 105 105 6217 6307 6419
12404 2 2 105 105 6108 6267 6342
12405 2 2 105 105 6104 6129 6343
12406 2 2 105 105 6223 6182 6227
12407 2 2 105 105 6329 6288 6380
12408 2 2 105 105 6397 6124 6421
12409 2 2 105 105 6160 6159 6169
12410 2 2 105 105 6289 6288 6328
12411 2 2 105 105 6123 6364 6379
12412 2 2 105 105 6166 6168 6173
12413 2 2 105 105 6396 6255 6425
12414 2 2 105 105 6230 6231 6232
12415 2 2 105 105 6381 6111 6410
12416 2 2 105 105 6171 6169 6176
12417 2 2 105 105 6232 6240 6241
12418 2 2 105 105 6198 6197 6221
12419 2 2 105 105 6204 6334 6401
12420 2 2 105 105 6173 6174 6175
12421 2 2 105 105 6214 6217 6330
12422 2 2 105 105 6206 6207 6208
12423 2 2 105 105 6267 6266 6268
12424 2 2 105 105 6129 6128 6130
12425 2 2 105 105 6293 6386 6395
12426 2 2 105 105 6208 6209 6210
12427 2 2 105 105 6201 6202 6203
12428 2 2 105 105 6269 6268 6270
12429 2 2 105 105 6271 6270 6272
12430 2 2 105 105 6196 6179 6197
12431 2 2 105 105 6280 6285 6297
12432 2 2 105 105 635 636 6341
12433 2 2 105 105 641 6111 6381
12434 2 2 105 105 632 6259 6383
12435 2 2 105 105 6194 6214 6330
12436 2 2 105 105 6214 6216 6217
12437 2 2 105 105 6275 6278 6290
12438 2 2 105 105 6277 6274 6294
12439 2 2 105 105 6279 6277 6327
12440 2 2 105 105 617 616 6342
12441 2 2 105 105 614 613 6343
12442 2 2 105 105 620 6112 6364
12443 2 2 105 105 6263 6264 6350
12444 2 2 105 105 6354 6122 6362
12445 2 2 105 105 6178 6195 6224
12446 2 2 105 105 6116 639 6365
12447 2 2 105 105 6199 6234 6239
12448 2 2 105 105 6153 6319 6356
12449 2 2 105 105 6322 6114 6403
12450 2 2 105 105 412 413 6121
12451 2 2 105 105 430 431 6122
12452 2 2 105 105 6109 6310 6401
12453 2 2 105 105 630 6099 6400
12454 2 2 105 105 413 414 6332
12455 2 2 105 105 429 430 6333
12456 2 2 105 105 6271 6275 6352
12457 2 2 105 105 6230 6301 6407
12458 2 2 105 105 414 415 6110
12459 2 2 105 105 428 429 6109
12460 2 2 105 105 427 428 6334
12461 2 2 105 105 426 427 6338
12462 2 2 105 105 425 426 6101
12463 2 2 105 105 417 418 6102
12464 2 2 105 105 421 422 6097
12465 2 2 105 105 423 424 6119
12466 2 2 105 105 419 420 6118
12467 2 2 105 105 422 423 6337
12468 2 2 105 105 424 425 6339
12469 2 2 105 105 420 421 6336
12470 2 2 105 105 418 419 6335
12471 2 2 105 105 6310 6262 6401
12472 2 2 105 105 6243 6241 6244
12473 2 2 105 105 6152 6159 6160
12474 2 2 105 105 6176 6182 6223
12475 2 2 105 105 6230 6219 6231
12476 2 2 105 105 6166 6156 6168
12477 2 2 105 105 6222 6175 6226
12478 2 2 105 105 6100 634 6308
12479 2 2 105 105 6185 6309 6313
12480 2 2 105 105 6135 6137 6164
12481 2 2 105 105 6256 6228 6354
12482 2 2 105 105 6276 6291 6292
12483 2 2 105 105 6206 6203 6207
12484 2 2 105 105 6130 6132 6134
12485 2 2 105 105 604 6106 6315
12486 2 2 105 105 6201 6191 6202
12487 2 2 105 105 6104 6128 6129
12488 2 2 105 105 6108 6266 6267
12489 2 2 105 105 6245 6244 6246
12490 2 2 105 105 624 625 6372
12491 2 2 105 105 6158 6261 6391
12492 2 2 105 105 6200 6324 6392
12493 2 2 105 105 6328 6238 6371
12494 2 2 105 105 6197 6179 6347
12495 2 2 105 105 6113 626 6312
12496 2 2 105 105 6280 6297 6346
12497 2 2 105 105 6134 6345 6395
12498 2 2 105 105 6232 6231 6240
12499 2 2 105 105 6160 6169 6171
12500 2 2 105 105 6144 6146 6373
12501 2 2 105 105 608 6307 6325
12502 2 2 105 105 6301 6302 6368
12503 2 2 105 105 6105 628 6375
12504 2 2 105 105 6173 6168 6174
12505 2 2 105 105 6194 6330 6349
12506 2 2 105 105 6196 6197 6198
12507 2 2 105 105 6208 6207 6209
12508 2 2 105 105 6210 6209 6225
12509 2 2 105 105 6217 6216 6253
12510 2 2 105 105 6189 6299 6376
12511 2 2 105 105 6267 6268 6269
12512 2 2 105 105 6269 6270 6271
12513 2 2 105 105 6271 6272 6274
12514 2 2 105 105 6171 6176 6347
12515 2 2 105 105 6175 6174 6349
12516 2 2 105 105 6250 6258 6382
12517 2 2 105 105 6247 6248 6387
12518 2 2 105 105 6290 6278 6346
12519 2 2 105 105 15 479 6398
12520 2 2 105 105 482 13 6399
12521 2 2 105 105 6099 631 6383
12522 2 2 105 105 6275 6290 6352
12523 2 2 105 105 6178 6224 6357
12524 2 2 105 105 6244 6241 6351
12525 2 2 105 105 6290 6305 6415
12526 2 2 105 105 6115 6342 6369
12527 2 2 105 105 6236 6238 6340
12528 2 2 105 105 6285 6284 6295
12529 2 2 105 105 6241 6240 6351
12530 2 2 105 105 6221 6259 6417
12531 2 2 105 105 6121 413 6332
12532 2 2 105 105 430 6122 6333
12533 2 2 105 105 6280 6284 6285
12534 2 2 105 105 6240 6231 6251
12535 2 2 105 105 6246 6244 6249
12536 2 2 105 105 6367 6223 6413
12537 2 2 105 105 6226 6175 6349
12538 2 2 105 105 6176 6223 6347
12539 2 2 105 105 414 6110 6332
12540 2 2 105 105 6109 429 6333
12541 2 2 105 105 6174 6168 6193
12542 2 2 105 105 6160 6171 6178
12543 2 2 105 105 416 417 6368
12544 2 2 105 105 428 6109 6334
12545 2 2 105 105 6125 6354 6362
12546 2 2 105 105 6390 6158 6391
12547 2 2 105 105 6196 6198 6199
12548 2 2 105 105 6253 6216 6254
12549 2 2 105 105 6271 6274 6275
12550 2 2 105 105 427 6334 6338
12551 2 2 105 105 6174 6193 6194
12552 2 2 105 105 6178 6171 6179
12553 2 2 105 105 6364 6297 6379
12554 2 2 105 105 6340 6170 6353
12555 2 2 105 105 6101 426 6338
12556 2 2 105 105 6280 6279 6284
12557 2 2 105 105 6199 6198 6233
12558 2 2 105 105 423 6119 6337
12559 2 2 105 105 6102 418 6335
12560 2 2 105 105 425 6101 6339
12561 2 2 105 105 6118 420 6336
12562 2 2 105 105 6119 424 6339
12563 2 2 105 105 421 6097 6336
12564 2 2 105 105 6097 422 6337
12565 2 2 105 105 419 6118 6335
12566 2 2 105 105 6236 6340 6353
12567 2 2 105 105 6195 6179 6196
12568 2 2 105 105 6360 6121 6361
12569 2 2 105 105 6156 6153 6356
12570 2 2 105 105 6278 6279 6280
12571 2 2 105 105 6194 6213 6214
12572 2 2 105 105 6194 6193 6213
12573 2 2 105 105 6150 6152 6357
12574 2 2 105 105 6234 6233 6235
12575 2 2 105 105 6214 6215 6216
12576 2 2 105 105 6278 6277 6279
12577 2 2 105 105 6236 6235 6237
12578 2 2 105 105 6216 6215 6348
12579 2 2 105 105 6178 6179 6195
12580 2 2 105 105 6272 6276 6344
12581 2 2 105 105 6275 6274 6277
12582 2 2 105 105 6214 6213 6215
12583 2 2 105 105 6275 6277 6278
12584 2 2 105 105 6239 6234 6353
12585 2 2 105 105 6274 6272 6344
12586 2 2 105 105 6199 6233 6234
12587 2 2 105 105 6132 6135 6345
12588 2 2 105 105 6234 6235 6236
12589 2 2 105 105 6292 6381 6410
12590 2 2 105 105 6236 6237 6238
12591 2 2 105 105 6106 6311 6396
12592 2 2 105 105 6242 6243 6359
12593 2 2 105 105 6237 6341 6371
12594 2 2 105 105 606 605 6363
12595 2 2 105 105 6227 6298 6375
12596 2 2 105 105 6152 6160 6357
12597 2 2 105 105 6134 6132 6345
12598 2 2 105 105 6249 6244 6351
12599 2 2 105 105 6122 431 6362
12600 2 2 105 105 412 6121 6360
12601 2 2 105 105 6276 6292 6344
12602 2 2 105 105 6179 6171 6347
12603 2 2 105 105 621 620 6364
12604 2 2 105 105 6168 6156 6356
12605 2 2 105 105 6135 6164 6345
12606 2 2 105 105 639 640 6365
12607 2 2 105 105 6174 6194 6349
12608 2 2 105 105 411 412 6360
12609 2 2 105 105 431 432 6362
12610 2 2 105 105 6339 6324 6384
12611 2 2 105 105 6212 6210 6388
12612 2 2 105 105 6278 6280 6346
12613 2 2 105 105 6238 6237 6371
12614 2 2 105 105 6254 6216 6348
12615 2 2 105 105 6126 6360 6361
12616 2 2 105 105 6220 6256 6405
12617 2 2 105 105 6355 6212 6388
12618 2 2 105 105 6137 6170 6377
12619 2 2 105 105 6260 6158 6390
12620 2 2 105 105 6221 6197 6367
12621 2 2 105 105 6163 6142 6366
12622 2 2 105 105 6234 6236 6353
12623 2 2 105 105 6129 6130 6374
12624 2 2 105 105 6170 6340 6377
12625 2 2 105 105 6246 6322 6416
12626 2 2 105 105 6337 6250 6382
12627 2 2 105 105 6160 6178 6357
12628 2 2 105 105 6300 6180 6370
12629 2 2 105 105 6341 6107 6371
12630 2 2 105 105 6305 6115 6415
12631 2 2 105 105 416 6368 6422
12632 2 2 105 105 6193 6168 6356
12633 2 2 105 105 6227 6375 6400
12634 2 2 105 105 6162 6318 6406
12635 2 2 105 105 6328 6371 6393
12636 2 2 105 105 6107 6306 6393
12637 2 2 105 105 6191 6189 6376
12638 2 2 105 105 6279 6327 6358
12639 2 2 105 105 599 12 6411
12640 2 2 105 105 14 623 6412
12641 2 2 105 105 12 411 6411
12642 2 2 105 105 432 14 6412
12643 2 2 105 105 6225 6209 6391
12644 2 2 105 105 6365 640 6381
12645 2 2 105 105 6245 6246 6416
12646 2 2 105 105 628 629 6375
12647 2 2 105 105 6400 6099 6413
12648 2 2 105 105 6149 6154 6378
12649 2 2 105 105 6120 6321 6385
12650 2 2 105 105 6322 6403 6416
12651 2 2 105 105 6284 6279 6358
12652 2 2 105 105 6319 6162 6389
12653 2 2 105 105 6288 6287 6380
12654 2 2 105 105 6121 6332 6387
12655 2 2 105 105 417 6102 6368
12656 2 2 105 105 6269 6352 6369
12657 2 2 105 105 6122 6354 6414
12658 2 2 105 105 6150 6357 6373
12659 2 2 105 105 6357 6224 6373
12660 2 2 105 105 6380 6287 6395
12661 2 2 105 105 6338 6204 6392
12662 2 2 105 105 6204 6200 6392
12663 2 2 105 105 6330 6217 6419
12664 2 2 105 105 6207 6203 6402
12665 2 2 105 105 631 632 6383
12666 2 2 105 105 6285 6295 6385
12667 2 2 105 105 6331 6163 6423
12668 2 2 105 105 6198 6221 6417
12669 2 2 105 105 6294 6344 6410
12670 2 2 105 105 6146 6150 6373
12671 2 2 105 105 6110 415 6422
12672 2 2 105 105 6324 6205 6384
12673 2 2 105 105 640 641 6381
12674 2 2 105 105 6387 6332 6418
12675 2 2 105 105 6336 6252 6404
12676 2 2 105 105 6115 6369 6415
12677 2 2 105 105 6125 624 6372
12678 2 2 105 105 6161 6260 6420
12679 2 2 105 105 6342 6267 6369
12680 2 2 105 105 6375 629 6400
12681 2 2 105 105 6164 6137 6377
12682 2 2 105 105 6130 6134 6374
12683 2 2 105 105 6356 6319 6389
12684 2 2 105 105 6267 6269 6369
12685 2 2 105 105 6359 6247 6418
12686 2 2 105 105 6193 6356 6389
12687 2 2 105 105 6371 6107 6393
12688 2 2 105 105 6254 6348 6370
12689 2 2 105 105 6202 6191 6376
12690 2 2 105 105 6368 6302 6422
12691 2 2 105 105 6252 6218 6404
12692 2 2 105 105 6335 6229 6407
12693 2 2 105 105 6255 6396 6408
12694 2 2 105 105 6297 6285 6379
12695 2 2 105 105 6284 6358 6397
12696 2 2 105 105 6287 6293 6395
12697 2 2 105 105 6389 6162 6406
12698 2 2 105 105 6354 6228 6414
12699 2 2 105 105 6163 6366 6423
12700 2 2 105 105 6123 6321 6399
12701 2 2 105 105 6320 6124 6398
12702 2 2 105 105 6369 6352 6415
12703 2 2 105 105 6228 6310 6414
12704 2 2 105 105 6118 6336 6404
12705 2 2 105 105 6102 6335 6407
12706 2 2 105 105 6309 6220 6405
12707 2 2 105 105 6349 6330 6394
12708 2 2 105 105 629 630 6400
12709 2 2 105 105 6340 6329 6377
12710 2 2 105 105 6321 482 6399
12711 2 2 105 105 479 6320 6398
12712 2 2 105 105 6116 6314 6424
12713 2 2 105 105 623 6125 6412
12714 2 2 105 105 6126 599 6411
12715 2 2 105 105 6114 6317 6403
12716 2 2 105 105 6254 6350 6409
12717 2 2 105 105 6124 6320 6421
12718 2 2 105 105 6099 6367 6413
12719 2 2 105 105 6229 6230 6407
12720 2 2 105 105 6314 6289 6424
12721 2 2 105 105 6124 646 6398
12722 2 2 105 105 622 6123 6399
12723 2 2 105 105 6307 6098 6419
12724 2 2 105 105 6210 6225 6388
12725 2 2 105 105 6361 6121 6387
12726 2 2 105 105 6165 6355 6388
12727 2 2 105 105 6119 6339 6384
12728 2 2 105 105 6306 6116 6424
12729 2 2 105 105 6311 6322 6396
12730 2 2 105 105 6097 6337 6382
12731 2 2 105 105 6213 6193 6389
12732 2 2 105 105 6393 6306 6424
12733 2 2 105 105 6255 6222 6425
12734 2 2 105 105 6195 6331 6423
12735 2 2 105 105 6374 6134 6386
12736 2 2 105 105 6253 6254 6409
12737 2 2 105 105 6222 6315 6425
12738 2 2 105 105 6390 6207 6402
12739 2 2 105 105 6295 6284 6397
12740 2 2 105 105 6310 6333 6414
12741 2 2 105 105 6101 6338 6392
12742 2 2 105 105 6224 6195 6423
12743 2 2 105 105 6289 6328 6393
12744 2 2 105 105 6289 6393 6424
12745 2 2 105 105 6226 6349 6394
12746 2 2 105 105 6213 6389 6406
12747 2 2 105 105 6203 6202 6402
12748 2 2 105 105 6247 6387 6418
12749 2 2 105 105 6110 6359 6418
12750 2 2 105 105 6248 6245 6416
12751 2 2 105 105 6215 6213 6406
12752 2 2 105 105 6315 6106 6425
12753 2 2 105 105 6334 6109 6401
12754 2 2 105 105 6366 6224 6423
12755 2 2 105 105 6223 6227 6413
12756 2 2 105 105 6332 6110 6418
12757 2 2 105 105 415 416 6422
12758 2 2 105 105 6246 6249 6408
12759 2 2 105 105 6233 6198 6417
12760 2 2 105 105 6379 6285 6385
12761 2 2 105 105 6333 6122 6414
12762 2 2 105 105 6344 6292 6410
12763 2 2 105 105 6125 6362 6412
12764 2 2 105 105 6360 6126 6411
12765 2 2 105 105 411 6360 6411
12766 2 2 105 105 6362 432 6412
12767 2 2 105 105 6352 6290 6415
12768 2 2 105 105 6402 6202 6420
12769 2 2 105 105 6394 6330 6419
12770 2 2 105 105 6227 6400 6413
12771 2 2 105 105 6260 6402 6420
12772 2 2 105 105 6403 6248 6416
12773 2 2 105 105 6098 6394 6419
12774 2 2 105 105 6295 6397 6421
12775 2 2 105 105 6260 6390 6402
12776 2 2 105 105 6202 6376 6420
12777 2 2 106 106 6441 6563 6566
12778 2 2 106 106 6493 6580 6631
12779 2 2 106 106 6559 6449 6560
12780 2 2 106 106 6441 6566 6677
12781 2 2 106 106 465 466 6572
12782 2 2 106 106 6560 6449 6561
12783 2 2 106 106 6445 6560 6561
12784 2 2 106 106 6645 6605 6652
12785 2 2 106 106 6621 6521 6626
12786 2 2 106 106 6443 6557 6558
12787 2 2 106 106 6547 6637 6675
12788 2 2 106 106 6571 6436 6620
12789 2 2 106 106 6550 6434 6630
12790 2 2 106 106 6587 6502 6593
12791 2 2 106 106 6567 6473 6653
12792 2 2 106 106 6526 6571 6620
12793 2 2 106 106 6437 6642 6659
12794 2 2 106 106 6434 6550 6695
12795 2 2 106 106 6585 6433 6586
12796 2 2 106 106 6533 6645 6652
12797 2 2 106 106 6473 6471 6653
12798 2 2 106 106 6574 6624 6637
12799 2 2 106 106 6427 6569 6617
12800 2 2 106 106 6568 6433 6585
12801 2 2 106 106 6612 6596 6661
12802 2 2 106 106 6435 465 6572
12803 2 2 106 106 6592 6526 6620
12804 2 2 106 106 6573 6558 6688
12805 2 2 106 106 6637 6624 6675
12806 2 2 106 106 6624 6574 6636
12807 2 2 106 106 6572 6558 6573
12808 2 2 106 106 6565 6571 6650
12809 2 2 106 106 6450 6611 6662
12810 2 2 106 106 6571 6514 6650
12811 2 2 106 106 6539 6616 6617
12812 2 2 106 106 6502 6587 6638
12813 2 2 106 106 6577 6632 6667
12814 2 2 106 106 6442 6590 6652
12815 2 2 106 106 6443 6558 6572
12816 2 2 106 106 6541 6638 6681
12817 2 2 106 106 6642 6590 6659
12818 2 2 106 106 6590 6533 6652
12819 2 2 106 106 6493 6631 6704
12820 2 2 106 106 6597 6450 6662
12821 2 2 106 106 6596 6597 6661
12822 2 2 106 106 6521 6569 6626
12823 2 2 106 106 6529 6531 6615
12824 2 2 106 106 6560 6445 6562
12825 2 2 106 106 6457 6605 6645
12826 2 2 106 106 6457 6603 6605
12827 2 2 106 106 467 468 6583
12828 2 2 106 106 6575 6431 6576
12829 2 2 106 106 6557 6443 6583
12830 2 2 106 106 6617 6569 6647
12831 2 2 106 106 6606 6444 6608
12832 2 2 106 106 6428 6556 6658
12833 2 2 106 106 6449 6559 6594
12834 2 2 106 106 6548 6532 6562
12835 2 2 106 106 6592 6428 6640
12836 2 2 106 106 466 6443 6572
12837 2 2 106 106 6576 6431 6577
12838 2 2 106 106 6629 6654 6702
12839 2 2 106 106 6589 6430 6651
12840 2 2 106 106 6526 6592 6640
12841 2 2 106 106 6531 6549 6615
12842 2 2 106 106 6556 6428 6669
12843 2 2 106 106 6654 6448 6702
12844 2 2 106 106 6582 6552 6639
12845 2 2 106 106 6444 6606 6662
12846 2 2 106 106 6632 6577 6668
12847 2 2 106 106 6632 6633 6667
12848 2 2 106 106 6443 467 6583
12849 2 2 106 106 6494 6490 6570
12850 2 2 106 106 6539 6617 6701
12851 2 2 106 106 6640 6428 6658
12852 2 2 106 106 6452 6453 6625
12853 2 2 106 106 6686 6591 6698
12854 2 2 106 106 6569 6427 6626
12855 2 2 106 106 6483 6582 6639
12856 2 2 106 106 6469 6467 6593
12857 2 2 106 106 468 6452 6583
12858 2 2 106 106 6463 6466 6619
12859 2 2 106 106 6638 6587 6681
12860 2 2 106 106 6603 6457 6644
12861 2 2 106 106 6502 6469 6593
12862 2 2 106 106 6532 6560 6562
12863 2 2 106 106 6580 6493 6685
12864 2 2 106 106 6445 6561 6680
12865 2 2 106 106 6583 6452 6625
12866 2 2 106 106 6600 6603 6644
12867 2 2 106 106 464 6435 6648
12868 2 2 106 106 6584 6568 6585
12869 2 2 106 106 6585 6586 6587
12870 2 2 106 106 6566 6589 6651
12871 2 2 106 106 6466 6507 6619
12872 2 2 106 106 6596 6450 6597
12873 2 2 106 106 6631 6580 6690
12874 2 2 106 106 6548 6562 6695
12875 2 2 106 106 6442 640 6659
12876 2 2 106 106 6570 6529 6615
12877 2 2 106 106 6484 6493 6582
12878 2 2 106 106 6515 6555 6588
12879 2 2 106 106 6585 6587 6593
12880 2 2 106 106 6566 6517 6589
12881 2 2 106 106 6591 6432 6698
12882 2 2 106 106 6435 6572 6573
12883 2 2 106 106 6433 6568 6595
12884 2 2 106 106 6521 6621 6683
12885 2 2 106 106 6511 6568 6584
12886 2 2 106 106 6590 6442 6659
12887 2 2 106 106 6490 6498 6570
12888 2 2 106 106 6575 6550 6630
12889 2 2 106 106 6494 6570 6615
12890 2 2 106 106 6637 6609 6648
12891 2 2 106 106 6499 6510 6598
12892 2 2 106 106 6435 6574 6648
12893 2 2 106 106 477 6450 6596
12894 2 2 106 106 6591 6556 6669
12895 2 2 106 106 6473 6567 6700
12896 2 2 106 106 6430 6589 6678
12897 2 2 106 106 6496 6499 6598
12898 2 2 106 106 6616 6539 6643
12899 2 2 106 106 641 6442 6607
12900 2 2 106 106 6446 472 6599
12901 2 2 106 106 6474 6581 6666
12902 2 2 106 106 6563 6441 6660
12903 2 2 106 106 6482 6479 6613
12904 2 2 106 106 6494 6615 6664
12905 2 2 106 106 6652 6605 6676
12906 2 2 106 106 471 6446 6614
12907 2 2 106 106 6435 6573 6574
12908 2 2 106 106 6481 6484 6582
12909 2 2 106 106 6576 6577 6579
12910 2 2 106 106 6505 6515 6588
12911 2 2 106 106 642 641 6607
12912 2 2 106 106 6629 6564 6660
12913 2 2 106 106 472 473 6599
12914 2 2 106 106 625 6449 6594
12915 2 2 106 106 6470 6500 6623
12916 2 2 106 106 6517 6509 6589
12917 2 2 106 106 6462 6463 6619
12918 2 2 106 106 626 625 6594
12919 2 2 106 106 6480 6487 6622
12920 2 2 106 106 6429 632 6643
12921 2 2 106 106 6467 6584 6593
12922 2 2 106 106 6453 6456 6625
12923 2 2 106 106 6479 6477 6613
12924 2 2 106 106 6468 6467 6469
12925 2 2 106 106 6462 6461 6463
12926 2 2 106 106 6470 6469 6471
12927 2 2 106 106 6472 6471 6473
12928 2 2 106 106 6466 6465 6467
12929 2 2 106 106 6474 6473 6475
12930 2 2 106 106 6460 6459 6461
12931 2 2 106 106 6460 6461 6462
12932 2 2 106 106 6468 6469 6470
12933 2 2 106 106 6466 6467 6468
12934 2 2 106 106 6470 6471 6472
12935 2 2 106 106 6472 6473 6474
12936 2 2 106 106 6476 6475 6477
12937 2 2 106 106 6471 6502 6653
12938 2 2 106 106 6529 6528 6530
12939 2 2 106 106 6474 6475 6476
12940 2 2 106 106 6446 6599 6600
12941 2 2 106 106 6478 6477 6479
12942 2 2 106 106 6584 6585 6593
12943 2 2 106 106 6519 6590 6642
12944 2 2 106 106 6483 6481 6582
12945 2 2 106 106 6480 6479 6481
12946 2 2 106 106 6476 6477 6478
12947 2 2 106 106 6558 6619 6688
12948 2 2 106 106 6444 644 6608
12949 2 2 106 106 6531 6530 6532
12950 2 2 106 106 6509 6505 6588
12951 2 2 106 106 6468 6470 6623
12952 2 2 106 106 6463 6465 6466
12953 2 2 106 106 6499 6497 6505
12954 2 2 106 106 6478 6479 6480
12955 2 2 106 106 6456 6459 6460
12956 2 2 106 106 6550 6548 6695
12957 2 2 106 106 6509 6588 6589
12958 2 2 106 106 6480 6481 6483
12959 2 2 106 106 6499 6505 6509
12960 2 2 106 106 6478 6480 6622
12961 2 2 106 106 6496 6497 6499
12962 2 2 106 106 6427 629 6626
12963 2 2 106 106 6581 6546 6666
12964 2 2 106 106 6529 6530 6531
12965 2 2 106 106 6496 6488 6497
12966 2 2 106 106 6513 6528 6529
12967 2 2 106 106 6515 6553 6555
12968 2 2 106 106 6564 6629 6702
12969 2 2 106 106 457 6592 6620
12970 2 2 106 106 6484 6489 6493
12971 2 2 106 106 6531 6532 6548
12972 2 2 106 106 6629 6451 6654
12973 2 2 106 106 6623 6624 6636
12974 2 2 106 106 6563 6517 6566
12975 2 2 106 106 6532 6559 6560
12976 2 2 106 106 6603 6604 6605
12977 2 2 106 106 6463 6464 6465
12978 2 2 106 106 6513 6521 6528
12979 2 2 106 106 6514 6598 6650
12980 2 2 106 106 6623 6500 6624
12981 2 2 106 106 6494 6664 6673
12982 2 2 106 106 6456 6458 6459
12983 2 2 106 106 6481 6482 6484
12984 2 2 106 106 6489 6490 6494
12985 2 2 106 106 6561 6449 6697
12986 2 2 106 106 6484 6485 6489
12987 2 2 106 106 6505 6506 6515
12988 2 2 106 106 477 478 6450
12989 2 2 106 106 476 477 6596
12990 2 2 106 106 6515 6516 6553
12991 2 2 106 106 6557 6462 6558
12992 2 2 106 106 6526 6514 6571
12993 2 2 106 106 6510 6509 6517
12994 2 2 106 106 6518 6517 6563
12995 2 2 106 106 6511 6534 6568
12996 2 2 106 106 6498 6512 6513
12997 2 2 106 106 6487 6483 6488
12998 2 2 106 106 6453 6455 6456
12999 2 2 106 106 6495 6488 6496
13000 2 2 106 106 6666 6546 6675
13001 2 2 106 106 6465 6511 6584
13002 2 2 106 106 6600 6602 6603
13003 2 2 106 106 6568 6534 6595
13004 2 2 106 106 6498 6513 6570
13005 2 2 106 106 6501 6496 6598
13006 2 2 106 106 6508 6501 6514
13007 2 2 106 106 6551 6550 6575
13008 2 2 106 106 6549 6548 6550
13009 2 2 106 106 6514 6501 6598
13010 2 2 106 106 6532 6530 6559
13011 2 2 106 106 6558 6462 6619
13012 2 2 106 106 6446 6600 6644
13013 2 2 106 106 469 6439 6452
13014 2 2 106 106 6452 6439 6453
13015 2 2 106 106 6586 6433 6699
13016 2 2 106 106 461 6432 6591
13017 2 2 106 106 6541 6681 6691
13018 2 2 106 106 6556 6591 6686
13019 2 2 106 106 6471 6469 6502
13020 2 2 106 106 6581 6474 6696
13021 2 2 106 106 6467 6465 6584
13022 2 2 106 106 6463 6461 6464
13023 2 2 106 106 470 471 6614
13024 2 2 106 106 468 469 6452
13025 2 2 106 106 471 472 6446
13026 2 2 106 106 636 635 6433
13027 2 2 106 106 464 465 6435
13028 2 2 106 106 643 642 6440
13029 2 2 106 106 645 644 6444
13030 2 2 106 106 473 474 6447
13031 2 2 106 106 641 640 6442
13032 2 2 106 106 469 470 6439
13033 2 2 106 106 461 462 6432
13034 2 2 106 106 633 632 6429
13035 2 2 106 106 466 467 6443
13036 2 2 106 106 639 638 6437
13037 2 2 106 106 6477 6475 6486
13038 2 2 106 106 460 461 6591
13039 2 2 106 106 6477 6486 6613
13040 2 2 106 106 6616 6427 6617
13041 2 2 106 106 458 6428 6592
13042 2 2 106 106 6481 6479 6482
13043 2 2 106 106 6599 6447 6601
13044 2 2 106 106 633 6429 6610
13045 2 2 106 106 6440 642 6607
13046 2 2 106 106 458 459 6428
13047 2 2 106 106 630 629 6427
13048 2 2 106 106 473 6447 6599
13049 2 2 106 106 457 458 6592
13050 2 2 106 106 6513 6512 6521
13051 2 2 106 106 6489 6485 6490
13052 2 2 106 106 6505 6497 6506
13053 2 2 106 106 6606 6627 6662
13054 2 2 106 106 6465 6464 6511
13055 2 2 106 106 6484 6482 6485
13056 2 2 106 106 6488 6483 6639
13057 2 2 106 106 455 456 6436
13058 2 2 106 106 630 6427 6616
13059 2 2 106 106 6614 6446 6644
13060 2 2 106 106 6459 6458 6519
13061 2 2 106 106 627 626 6438
13062 2 2 106 106 6595 6534 6657
13063 2 2 106 106 6515 6506 6516
13064 2 2 106 106 6553 6516 6554
13065 2 2 106 106 6499 6509 6510
13066 2 2 106 106 463 464 6648
13067 2 2 106 106 6456 6455 6458
13068 2 2 106 106 6518 6563 6564
13069 2 2 106 106 6555 6634 6635
13070 2 2 106 106 6460 6462 6557
13071 2 2 106 106 453 454 6448
13072 2 2 106 106 6431 6575 6679
13073 2 2 106 106 634 633 6610
13074 2 2 106 106 6459 6519 6641
13075 2 2 106 106 625 624 6449
13076 2 2 106 106 6476 6478 6491
13077 2 2 106 106 6603 6602 6604
13078 2 2 106 106 6510 6517 6518
13079 2 2 106 106 6470 6472 6500
13080 2 2 106 106 6466 6468 6507
13081 2 2 106 106 631 630 6616
13082 2 2 106 106 6480 6483 6487
13083 2 2 106 106 6610 6586 6699
13084 2 2 106 106 627 6438 6621
13085 2 2 106 106 645 6444 6611
13086 2 2 106 106 628 627 6621
13087 2 2 106 106 6508 6514 6526
13088 2 2 106 106 6495 6496 6501
13089 2 2 106 106 6438 626 6594
13090 2 2 106 106 6641 6519 6642
13091 2 2 106 106 6487 6488 6495
13092 2 2 106 106 6491 6478 6622
13093 2 2 106 106 6507 6468 6623
13094 2 2 106 106 646 645 6611
13095 2 2 106 106 6513 6529 6570
13096 2 2 106 106 6457 6454 6644
13097 2 2 106 106 6531 6548 6549
13098 2 2 106 106 6551 6575 6576
13099 2 2 106 106 6611 6444 6662
13100 2 2 106 106 6527 6641 6642
13101 2 2 106 106 6549 6550 6551
13102 2 2 106 106 6464 6461 6641
13103 2 2 106 106 6454 6614 6644
13104 2 2 106 106 6506 6497 6639
13105 2 2 106 106 6489 6494 6685
13106 2 2 106 106 6429 6643 6665
13107 2 2 106 106 6574 6573 6636
13108 2 2 106 106 6571 6565 6670
13109 2 2 106 106 6557 6583 6625
13110 2 2 106 106 637 6595 6657
13111 2 2 106 106 6574 6637 6648
13112 2 2 106 106 6552 6506 6639
13113 2 2 106 106 6527 6464 6641
13114 2 2 106 106 6472 6474 6666
13115 2 2 106 106 637 636 6595
13116 2 2 106 106 462 463 6609
13117 2 2 106 106 644 643 6608
13118 2 2 106 106 6449 624 6697
13119 2 2 106 106 6490 6492 6498
13120 2 2 106 106 629 628 6626
13121 2 2 106 106 456 457 6620
13122 2 2 106 106 6618 6448 6655
13123 2 2 106 106 6498 6504 6512
13124 2 2 106 106 6600 6601 6602
13125 2 2 106 106 632 631 6643
13126 2 2 106 106 6511 6527 6534
13127 2 2 106 106 6437 638 6657
13128 2 2 106 106 6565 6564 6618
13129 2 2 106 106 455 6436 6655
13130 2 2 106 106 6519 6533 6590
13131 2 2 106 106 6453 6454 6455
13132 2 2 106 106 6436 6571 6670
13133 2 2 106 106 474 475 6612
13134 2 2 106 106 6588 6555 6678
13135 2 2 106 106 6456 6460 6625
13136 2 2 106 106 6536 6538 6539
13137 2 2 106 106 6503 6501 6508
13138 2 2 106 106 6544 6546 6581
13139 2 2 106 106 6482 6613 6649
13140 2 2 106 106 434 435 6445
13141 2 2 106 106 6530 6528 6656
13142 2 2 106 106 6586 6610 6681
13143 2 2 106 106 453 6448 6654
13144 2 2 106 106 460 6591 6669
13145 2 2 106 106 6497 6488 6639
13146 2 2 106 106 6494 6673 6685
13147 2 2 106 106 6578 6576 6579
13148 2 2 106 106 6575 6630 6679
13149 2 2 106 106 6461 6459 6641
13150 2 2 106 106 6552 6582 6704
13151 2 2 106 106 450 451 6451
13152 2 2 106 106 6543 6525 6556
13153 2 2 106 106 6439 470 6614
13154 2 2 106 106 449 450 6628
13155 2 2 106 106 6433 635 6699
13156 2 2 106 106 436 437 6434
13157 2 2 106 106 6598 6510 6650
13158 2 2 106 106 6553 6554 6633
13159 2 2 106 106 6600 6599 6601
13160 2 2 106 106 6642 6437 6672
13161 2 2 106 106 448 449 6441
13162 2 2 106 106 6540 6537 6567
13163 2 2 106 106 6562 6445 6663
13164 2 2 106 106 437 438 6630
13165 2 2 106 106 6490 6485 6492
13166 2 2 106 106 6447 6612 6661
13167 2 2 106 106 6521 6512 6569
13168 2 2 106 106 442 443 6426
13169 2 2 106 106 445 446 6430
13170 2 2 106 106 439 440 6431
13171 2 2 106 106 444 445 6635
13172 2 2 106 106 441 442 6632
13173 2 2 106 106 443 444 6634
13174 2 2 106 106 6554 6516 6631
13175 2 2 106 106 6518 6564 6565
13176 2 2 106 106 6516 6506 6552
13177 2 2 106 106 6448 454 6655
13178 2 2 106 106 6507 6623 6636
13179 2 2 106 106 6582 6493 6704
13180 2 2 106 106 6604 6602 6606
13181 2 2 106 106 640 639 6659
13182 2 2 106 106 6453 6439 6454
13183 2 2 106 106 6511 6464 6527
13184 2 2 106 106 6519 6458 6533
13185 2 2 106 106 6607 6442 6652
13186 2 2 106 106 6622 6487 6646
13187 2 2 106 106 636 6433 6595
13188 2 2 106 106 6432 462 6609
13189 2 2 106 106 6495 6501 6503
13190 2 2 106 106 643 6440 6608
13191 2 2 106 106 475 17 6682
13192 2 2 106 106 6498 6492 6504
13193 2 2 106 106 6594 6559 6656
13194 2 2 106 106 6460 6557 6625
13195 2 2 106 106 6589 6588 6678
13196 2 2 106 106 6551 6576 6578
13197 2 2 106 106 6436 456 6620
13198 2 2 106 106 6455 6454 6457
13199 2 2 106 106 6447 474 6612
13200 2 2 106 106 6503 6508 6520
13201 2 2 106 106 6508 6526 6640
13202 2 2 106 106 628 6621 6626
13203 2 2 106 106 6607 6652 6676
13204 2 2 106 106 6577 6431 6668
13205 2 2 106 106 6578 6579 6580
13206 2 2 106 106 6569 6512 6647
13207 2 2 106 106 450 6451 6628
13208 2 2 106 106 6512 6504 6647
13209 2 2 106 106 6546 6547 6675
13210 2 2 106 106 6441 449 6628
13211 2 2 106 106 6428 459 6669
13212 2 2 106 106 6602 6601 6627
13213 2 2 106 106 6434 437 6630
13214 2 2 106 106 6516 6552 6631
13215 2 2 106 106 6579 6577 6667
13216 2 2 106 106 631 6616 6643
13217 2 2 106 106 6609 463 6648
13218 2 2 106 106 6520 6508 6640
13219 2 2 106 106 6503 6520 6524
13220 2 2 106 106 6504 6522 6523
13221 2 2 106 106 6615 6549 6664
13222 2 2 106 106 6504 6492 6522
13223 2 2 106 106 6510 6518 6650
13224 2 2 106 106 6475 6473 6700
13225 2 2 106 106 6454 6439 6614
13226 2 2 106 106 445 6430 6635
13227 2 2 106 106 442 6426 6632
13228 2 2 106 106 6426 443 6634
13229 2 2 106 106 6634 444 6635
13230 2 2 106 106 6523 6535 6536
13231 2 2 106 106 6536 6537 6538
13232 2 2 106 106 6458 6455 6645
13233 2 2 106 106 6485 6482 6649
13234 2 2 106 106 6524 6525 6542
13235 2 2 106 106 6524 6520 6525
13236 2 2 106 106 6628 6451 6629
13237 2 2 106 106 6538 6540 6541
13238 2 2 106 106 6455 6457 6645
13239 2 2 106 106 6555 6635 6678
13240 2 2 106 106 6542 6543 6544
13241 2 2 106 106 6487 6495 6646
13242 2 2 106 106 6544 6545 6546
13243 2 2 106 106 6556 6525 6658
13244 2 2 106 106 6523 6522 6535
13245 2 2 106 106 6542 6525 6543
13246 2 2 106 106 6544 6543 6545
13247 2 2 106 106 6536 6535 6537
13248 2 2 106 106 6606 6602 6627
13249 2 2 106 106 6546 6545 6547
13250 2 2 106 106 6538 6537 6540
13251 2 2 106 106 6609 6637 6705
13252 2 2 106 106 6541 6540 6638
13253 2 2 106 106 17 476 6682
13254 2 2 106 106 446 447 6651
13255 2 2 106 106 6492 6485 6649
13256 2 2 106 106 454 455 6655
13257 2 2 106 106 452 453 6654
13258 2 2 106 106 6474 6476 6696
13259 2 2 106 106 6533 6458 6645
13260 2 2 106 106 6632 6426 6633
13261 2 2 106 106 6520 6640 6658
13262 2 2 106 106 6528 6521 6683
13263 2 2 106 106 6643 6539 6665
13264 2 2 106 106 15 646 6684
13265 2 2 106 106 6518 6565 6650
13266 2 2 106 106 6430 446 6651
13267 2 2 106 106 6495 6503 6646
13268 2 2 106 106 6627 6601 6661
13269 2 2 106 106 634 6610 6699
13270 2 2 106 106 6536 6539 6701
13271 2 2 106 106 6601 6447 6661
13272 2 2 106 106 6596 6612 6682
13273 2 2 106 106 6663 6434 6695
13274 2 2 106 106 6540 6567 6653
13275 2 2 106 106 6504 6523 6647
13276 2 2 106 106 6544 6581 6687
13277 2 2 106 106 6559 6530 6656
13278 2 2 106 106 6655 6436 6670
13279 2 2 106 106 6438 6594 6656
13280 2 2 106 106 6522 6492 6649
13281 2 2 106 106 6564 6563 6660
13282 2 2 106 106 451 16 6694
13283 2 2 106 106 16 452 6694
13284 2 2 106 106 6502 6638 6653
13285 2 2 106 106 6613 6486 6674
13286 2 2 106 106 6503 6524 6646
13287 2 2 106 106 6445 435 6663
13288 2 2 106 106 638 637 6657
13289 2 2 106 106 6567 6537 6689
13290 2 2 106 106 478 15 6684
13291 2 2 106 106 14 433 6693
13292 2 2 106 106 623 14 6693
13293 2 2 106 106 6638 6540 6653
13294 2 2 106 106 6605 6604 6676
13295 2 2 106 106 436 6434 6663
13296 2 2 106 106 6549 6551 6664
13297 2 2 106 106 434 6445 6680
13298 2 2 106 106 6431 440 6668
13299 2 2 106 106 441 6632 6668
13300 2 2 106 106 6527 6642 6672
13301 2 2 106 106 6538 6541 6665
13302 2 2 106 106 448 6441 6677
13303 2 2 106 106 6611 6450 6684
13304 2 2 106 106 6587 6586 6681
13305 2 2 106 106 6441 6628 6660
13306 2 2 106 106 6437 6657 6672
13307 2 2 106 106 6630 438 6679
13308 2 2 106 106 6618 6564 6702
13309 2 2 106 106 439 6431 6679
13310 2 2 106 106 6565 6618 6670
13311 2 2 106 106 6597 6627 6661
13312 2 2 106 106 6450 478 6684
13313 2 2 106 106 6543 6556 6686
13314 2 2 106 106 639 6437 6659
13315 2 2 106 106 6491 6622 6671
13316 2 2 106 106 6555 6553 6692
13317 2 2 106 106 6656 6528 6683
13318 2 2 106 106 476 6596 6682
13319 2 2 106 106 6500 6472 6666
13320 2 2 106 106 459 460 6669
13321 2 2 106 106 6525 6520 6658
13322 2 2 106 106 6619 6507 6688
13323 2 2 106 106 6651 447 6677
13324 2 2 106 106 435 436 6663
13325 2 2 106 106 6628 6629 6660
13326 2 2 106 106 6562 6663 6695
13327 2 2 106 106 6634 6555 6692
13328 2 2 106 106 6618 6655 6670
13329 2 2 106 106 6624 6500 6675
13330 2 2 106 106 6646 6524 6671
13331 2 2 106 106 6622 6646 6671
13332 2 2 106 106 6674 6486 6689
13333 2 2 106 106 440 441 6668
13334 2 2 106 106 6649 6613 6674
13335 2 2 106 106 6522 6649 6674
13336 2 2 106 106 6539 6538 6665
13337 2 2 106 106 6567 6689 6700
13338 2 2 106 106 6637 6547 6705
13339 2 2 106 106 6647 6523 6701
13340 2 2 106 106 6665 6541 6691
13341 2 2 106 106 6551 6578 6664
13342 2 2 106 106 6636 6573 6688
13343 2 2 106 106 6617 6647 6701
13344 2 2 106 106 6493 6489 6685
13345 2 2 106 106 6579 6667 6690
13346 2 2 106 106 6491 6671 6687
13347 2 2 106 106 6687 6581 6696
13348 2 2 106 106 6500 6666 6675
13349 2 2 106 106 6507 6636 6688
13350 2 2 106 106 6606 6608 6703
13351 2 2 106 106 6633 6426 6692
13352 2 2 106 106 6448 6618 6702
13353 2 2 106 106 6621 6438 6683
13354 2 2 106 106 447 448 6677
13355 2 2 106 106 6440 6607 6676
13356 2 2 106 106 6676 6604 6703
13357 2 2 106 106 6566 6651 6677
13358 2 2 106 106 6610 6429 6691
13359 2 2 106 106 6534 6527 6672
13360 2 2 106 106 624 623 6697
13361 2 2 106 106 6438 6656 6683
13362 2 2 106 106 438 439 6679
13363 2 2 106 106 6553 6633 6692
13364 2 2 106 106 6667 6554 6690
13365 2 2 106 106 433 434 6680
13366 2 2 106 106 6633 6554 6667
13367 2 2 106 106 635 634 6699
13368 2 2 106 106 6627 6597 6662
13369 2 2 106 106 6524 6542 6671
13370 2 2 106 106 6580 6579 6690
13371 2 2 106 106 6578 6580 6673
13372 2 2 106 106 6664 6578 6673
13373 2 2 106 106 6535 6522 6674
13374 2 2 106 106 6604 6606 6703
13375 2 2 106 106 6612 475 6682
13376 2 2 106 106 6429 6665 6691
13377 2 2 106 106 6657 6534 6672
13378 2 2 106 106 6635 6430 6678
13379 2 2 106 106 6671 6542 6687
13380 2 2 106 106 6535 6674 6689
13381 2 2 106 106 6440 6676 6703
13382 2 2 106 106 646 6611 6684
13383 2 2 106 106 6432 6609 6705
13384 2 2 106 106 6680 6561 6693
13385 2 2 106 106 6545 6543 6686
13386 2 2 106 106 6554 6631 6690
13387 2 2 106 106 6542 6544 6687
13388 2 2 106 106 6476 6491 6696
13389 2 2 106 106 6451 451 6694
13390 2 2 106 106 6537 6535 6689
13391 2 2 106 106 6486 6475 6700
13392 2 2 106 106 6545 6686 6698
13393 2 2 106 106 6693 6561 6697
13394 2 2 106 106 6523 6536 6701
13395 2 2 106 106 6547 6545 6698
13396 2 2 106 106 6608 6440 6703
13397 2 2 106 106 6426 6634 6692
13398 2 2 106 106 6689 6486 6700
13399 2 2 106 106 452 6654 6694
13400 2 2 106 106 6654 6451 6694
13401 2 2 106 106 6631 6552 6704
13402 2 2 106 106 6491 6687 6696
13403 2 2 106 106 6681 6610 6691
13404 2 2 106 106 6673 6580 6685
13405 2 2 106 106 6698 6432 6705
13406 2 2 106 106 433 6680 6693
13407 2 2 106 106 623 6693 6697
13408 2 2 106 106 6547 6698 6705
$EndElements
