time_h,time_d,cumulative_gross_injection_m3
0.000000000,0.000000000,0.000000000
1.012347222,0.042181134,24.567100843
2.037936111,0.084914005,69.926784049
3.023083333,0.125961806,107.810682350
4.023083333,0.167628472,143.895310820
5.023083333,0.209295139,178.456650645
6.023083333,0.250961806,211.933081381
7.023083333,0.292628472,244.591720224
8.023083333,0.334295139,276.582625543
9.023083333,0.375961806,307.995936770
10.023083333,0.417628472,338.920635211
11.023083333,0.459295139,369.401854906
12.023083333,0.500961806,399.478409256
13.023083333,0.542628472,429.212247921
14.023083333,0.584295139,458.635719525
15.023083333,0.625961806,487.764367086
16.023083333,0.667628472,516.597001337
17.023083333,0.709295139,545.147251648
18.023083333,0.750961806,573.434300308
19.023083333,0.792628472,601.474100864
20.023083333,0.834295139,629.303418135
21.023083333,0.875961806,656.934647668
22.023083333,0.917628472,684.365728463
23.023083333,0.959295139,711.608311558
24.023083333,1.000961806,738.705153419
25.023083333,1.042628472,765.645575058
26.023083333,1.084295139,792.405467281
27.023083333,1.125961806,819.013015214
28.023055556,1.167627315,845.514371330
29.023055556,1.209293981,871.928018601
30.023055556,1.250960648,898.241667561
31.023055556,1.292627315,924.450695422
32.023055556,1.334293982,950.515387155
33.023055556,1.375960648,976.439458450
34.023055556,1.417627315,1002.276826471
35.023055556,1.459293982,1028.031141896
36.023055556,1.500960648,1053.701623605
37.023055556,1.542627315,1079.302507819
38.023055556,1.584293982,1104.838657365
39.023055556,1.625960648,1130.294171227
40.023055556,1.667627315,1155.663391896
41.023055556,1.709293982,1180.972881381
42.023055556,1.750960648,1206.239189669
43.023055556,1.792627315,1231.462644378
44.023055556,1.834293982,1256.636729889
45.023055556,1.875960648,1281.761414284
46.023055556,1.917627315,1306.839245529
47.023055556,1.959293982,1331.853867803
48.023055556,2.000960648,1356.804281879
49.023055556,2.042627315,1381.708356590
50.023055556,2.084293982,1406.569945497
51.023055556,2.125960648,1431.385683944
52.023055556,2.167627315,1456.150612591
53.023055556,2.209293982,1480.868568673
54.023055556,2.250960648,1505.546505283
55.023055556,2.292627315,1530.182949006
56.023055556,2.334293982,1554.775485033
57.023055556,2.375960648,1579.324965706
58.023055556,2.417627315,1603.829429183
59.023055556,2.459293982,1628.262670210
60.023055556,2.500960648,1652.609081996
61.023055556,2.542627315,1676.890839225
62.023055556,2.584293982,1701.120719120
63.023055556,2.625960648,1725.287398502
64.023055556,2.667627315,1749.384755535
65.023055556,2.709293982,1773.420830303
66.023055556,2.750960648,1797.404734078
67.023055556,2.792627315,1821.341042336
68.023055556,2.834293982,1845.197833165
69.023055556,2.875960648,1868.962162966
70.023055556,2.917627315,1892.653577709
71.023055556,2.959293982,1916.280360380
72.023055556,3.000960648,1939.819289559
73.023055556,3.042627315,1963.259801909
74.023055556,3.084293982,1986.635279914
75.023055556,3.125960648,2009.960739522
76.023055556,3.167627315,2033.229325423
77.023055556,3.209293982,2056.404173748
78.023055556,3.250960648,2079.464118024
79.023055556,3.292627315,2102.404103658
80.023055556,3.334293982,2125.228217332
81.023055556,3.375960648,2147.940750172
82.023055556,3.417627315,2170.540710926
83.023055556,3.459293982,2193.039750705
84.023055556,3.500960648,2215.418439517
85.023055556,3.542627315,2237.678163216
86.023055556,3.584293982,2259.818790822
87.023055556,3.625960648,2281.826572684
88.023055556,3.667627315,2303.706577429
89.023055556,3.709293982,2325.463087884
90.023055556,3.750960648,2347.115013701
91.023055556,3.792627315,2368.631238791
92.023055556,3.834293982,2389.995879095
93.023055556,3.875960648,2411.240660964
94.023055556,3.917627315,2432.376298379
95.023055556,3.959293982,2453.399160442
96.000000000,4.000000000,2473.822362939
97.000000000,4.041666667,2494.589810126
98.000000000,4.083333333,2515.231386087
99.000000000,4.125000000,2535.777342832
100.000000000,4.166666667,2556.205115519
101.000000000,4.208333333,2576.493308890
102.000000000,4.250000000,2596.636985438
103.000000000,4.291666667,2616.648992609
104.000000000,4.333333333,2636.528597624
105.000000000,4.375000000,2656.282549975
106.000000000,4.416666667,2675.924764369
107.000000000,4.458333333,2695.454607556
108.000000000,4.500000000,2714.873281861
109.000000000,4.541666667,2734.169073547
110.000000000,4.583333333,2753.341133119
111.000000000,4.625000000,2772.395206488
112.000000000,4.666666667,2791.329739344
113.000000000,4.708333333,2810.133938925
114.000000000,4.750000000,2828.790279177
115.000000000,4.791666667,2847.310644679
116.000000000,4.833333333,2865.723892092
117.000000000,4.875000000,2884.040949214
118.000000000,4.916666667,2902.260522793
119.000000000,4.958333333,2920.375306902
120.000000000,5.000000000,2938.367406443
121.000000000,5.041666667,2956.208895679
122.000000000,5.083333333,2973.896957502
123.000000000,5.125000000,2991.452292476
124.000000000,5.166666667,3008.892118985
125.000000000,5.208333333,3026.227631238
126.000000000,5.250000000,3043.453822707
127.000000000,5.291666667,3060.563348597
128.000000000,5.333333333,3077.555627296
129.000000000,5.375000000,3094.393689550
130.000000000,5.416666667,3111.051333480
131.000000000,5.458333333,3127.561609036
132.000000000,5.500000000,3143.954207687
133.000000000,5.541666667,3160.241097130
134.000000000,5.583333333,3176.427306813
135.000000000,5.625000000,3192.512021388
136.000000000,5.666666667,3208.493719544
137.000000000,5.708333333,3224.367760447
138.000000000,5.750000000,3240.116925926
139.000000000,5.791666667,3255.731797098
140.000000000,5.833333333,3271.219026462
141.000000000,5.875000000,3286.591938042
142.000000000,5.916666667,3301.864567267
143.000000000,5.958333333,3317.041704989
144.000000000,6.000000000,3332.122196409
145.000000000,6.041666667,3347.101566239
146.000000000,6.083333333,3361.976828936
147.000000000,6.125000000,3376.747534463
148.000000000,6.166666667,3391.415117141
149.000000000,6.208333333,3405.974439434
150.000000000,6.250000000,3420.421822975
151.000000000,6.291666667,3434.763278618
152.000000000,6.333333333,3449.002540506
153.000000000,6.375000000,3463.141751283
154.000000000,6.416666667,3477.183437837
155.000000000,6.458333333,3491.130097671
156.000000000,6.500000000,3504.984366754
157.000000000,6.541666667,3518.742985728
158.000000000,6.583333333,3532.402448633
159.000000000,6.625000000,3545.966402903
160.000000000,6.666666667,3559.440544924
161.000000000,6.708333333,3572.828499455
162.000000000,6.750000000,3586.132789653
163.000000000,6.791666667,3599.357230577
164.000000000,6.833333333,3612.505558303
165.000000000,6.875000000,3625.572884295
166.000000000,6.916666667,3638.543149201
167.000000000,6.958333333,3651.415700667
168.000000000,7.000000000,3664.203881227
169.000000000,7.041666667,3676.914292131
170.000000000,7.083333333,3689.551369103
171.000000000,7.125000000,3702.116905675
172.000000000,7.166666667,3714.610281843
173.000000000,7.208333333,3727.031602855
174.000000000,7.250000000,3739.382448044
175.000000000,7.291666667,3751.664769767
176.000000000,7.333333333,3763.878514883
176.490541000,7.353772542,3769.844000000
480.000000000,20.000000000,3769.844000000
480.000000000,20.000000000,3769.844000000
480.100000000,20.004166667,3794.233780606
480.200000000,20.008333333,3834.118004010
480.300000000,20.012500000,3885.335057729
480.400000000,20.016666667,3943.723329280
480.500000000,20.020833333,4005.121206179
480.600000000,20.025000000,4065.367075943
480.700000000,20.029166667,4120.299326089
480.800000000,20.033333333,4165.756344132
480.900000000,20.037500000,4197.576517591
481.000000000,20.041666667,4211.598233981
481.100000000,20.045833333,4215.355719315
481.200000000,20.050000000,4218.769272577
481.300000000,20.054166667,4222.144160494
481.400000000,20.058333333,4225.480383066
481.500000000,20.062500000,4228.777940292
481.600000000,20.066666667,4232.036832172
481.700000000,20.070833333,4235.257058707
481.800000000,20.075000000,4238.438619897
481.900000000,20.079166667,4241.581515741
482.000000000,20.083333333,4244.685746238
482.100000000,20.087500000,4247.754472700
482.200000000,20.091666667,4250.797179052
482.300000000,20.095833333,4253.820187914
482.400000000,20.100000000,4256.823499286
482.500000000,20.104166667,4259.807113167
482.600000000,20.108333333,4262.771029557
482.700000000,20.112500000,4265.715248458
482.800000000,20.116666667,4268.639769867
482.900000000,20.120833333,4271.544593787
483.000000000,20.125000000,4274.429720215
483.100000000,20.129166667,4277.297292977
483.200000000,20.133333333,4280.150170505
483.300000000,20.137500000,4282.989067407
483.400000000,20.141666667,4285.813983682
483.500000000,20.145833333,4288.624919331
483.600000000,20.150000000,4291.421874353
483.700000000,20.154166667,4294.204848750
483.800000000,20.158333333,4296.973842520
483.900000000,20.162500000,4299.728855663
484.000000000,20.166666667,4302.469888180
484.100000000,20.170833333,4305.198298294
484.200000000,20.175000000,4307.915896969
484.300000000,20.179166667,4310.623136946
484.400000000,20.183333333,4313.320018224
484.500000000,20.187500000,4316.006540805
484.600000000,20.191666667,4318.682704687
484.700000000,20.195833333,4321.348509872
484.800000000,20.200000000,4324.003956358
484.900000000,20.204166667,4326.649044146
485.000000000,20.208333333,4329.283773236
485.100000000,20.212500000,4331.909058036
485.200000000,20.216666667,4334.526117755
485.300000000,20.220833333,4337.135257197
485.400000000,20.225000000,4339.736476361
485.500000000,20.229166667,4342.329775247
485.600000000,20.233333333,4344.915153856
485.700000000,20.237500000,4347.492612186
485.800000000,20.241666667,4350.062150239
485.900000000,20.245833333,4352.623768015
486.000000000,20.250000000,4355.177465512
486.100000000,20.254166667,4357.723499188
486.200000000,20.258333333,4360.262210984
486.300000000,20.262500000,4362.793686386
486.400000000,20.266666667,4365.317925392
486.500000000,20.270833333,4367.834928005
486.600000000,20.275000000,4370.344694222
486.700000000,20.279166667,4372.847224045
486.800000000,20.283333333,4375.342517474
486.900000000,20.287500000,4377.830574508
487.000000000,20.291666667,4380.311395147
487.100000000,20.295833333,4382.785345825
487.200000000,20.300000000,4385.252915120
487.300000000,20.304166667,4387.714225177
487.400000000,20.308333333,4390.169275995
487.500000000,20.312500000,4392.618067574
487.600000000,20.316666667,4395.060599915
487.700000000,20.320833333,4397.496873017
487.800000000,20.325000000,4399.926886881
487.900000000,20.329166667,4402.350641506
488.000000000,20.333333333,4404.768136893
488.100000000,20.337500000,4407.179859338
488.200000000,20.341666667,4409.586457237
488.300000000,20.345833333,4411.988092690
488.400000000,20.350000000,4414.384765696
488.500000000,20.354166667,4416.776476256
488.600000000,20.358333333,4419.163224369
488.700000000,20.362500000,4421.545010035
488.800000000,20.366666667,4423.921833255
488.900000000,20.370833333,4426.293694029
489.000000000,20.375000000,4428.660592355
489.100000000,20.379166667,4431.022806528
489.200000000,20.383333333,4433.380707605
489.300000000,20.387500000,4435.734388349
489.400000000,20.391666667,4438.083848761
489.500000000,20.395833333,4440.429088841
489.600000000,20.400000000,4442.770108589
489.700000000,20.404166667,4445.106908004
489.800000000,20.408333333,4447.439487087
489.900000000,20.412500000,4449.767845838
490.000000000,20.416666667,4452.091984257
490.100000000,20.420833333,4454.412177941
490.200000000,20.425000000,4456.728794353
490.300000000,20.429166667,4459.041925361
490.400000000,20.433333333,4461.351570962
490.500000000,20.437500000,4463.657731158
490.600000000,20.441666667,4465.960405949
490.700000000,20.445833333,4468.259595334
490.800000000,20.450000000,4470.555299314
490.900000000,20.454166667,4472.847517888
491.000000000,20.458333333,4475.136251057
491.100000000,20.462500000,4477.421713151
491.200000000,20.466666667,4479.704189943
491.300000000,20.470833333,4481.983752877
491.400000000,20.475000000,4484.260401954
491.500000000,20.479166667,4486.534137173
491.600000000,20.483333333,4488.804958535
491.700000000,20.487500000,4491.072866038
491.800000000,20.491666667,4493.337859684
491.900000000,20.495833333,4495.599939472
492.000000000,20.500000000,4497.859105402
492.100000000,20.504166667,4500.115443725
492.200000000,20.508333333,4502.369069440
492.300000000,20.512500000,4504.620011297
492.400000000,20.516666667,4506.868269297
492.500000000,20.520833333,4509.113843440
492.600000000,20.525000000,4511.356733724
492.700000000,20.529166667,4513.596940152
492.800000000,20.533333333,4515.834462722
492.900000000,20.537500000,4518.069301434
493.000000000,20.541666667,4520.301456289
493.100000000,20.545833333,4522.530827920
493.200000000,20.550000000,4524.757283839
493.300000000,20.554166667,4526.980790925
493.400000000,20.558333333,4529.201349176
493.500000000,20.562500000,4531.418958594
493.600000000,20.566666667,4533.633619178
493.700000000,20.570833333,4535.845330929
493.800000000,20.575000000,4538.054093845
493.900000000,20.579166667,4540.259907928
494.000000000,20.583333333,4542.462773177
494.100000000,20.587500000,4544.662898104
494.200000000,20.591666667,4546.860560724
494.300000000,20.595833333,4549.055830543
494.400000000,20.600000000,4551.248707558
494.500000000,20.604166667,4553.439191772
494.600000000,20.608333333,4555.627283183
494.700000000,20.612500000,4557.812981792
494.800000000,20.616666667,4559.996287598
494.900000000,20.620833333,4562.177200602
495.000000000,20.625000000,4564.355720804
495.100000000,20.629166667,4566.531991546
495.200000000,20.633333333,4568.706203951
495.300000000,20.637500000,4570.878405800
495.400000000,20.641666667,4573.048597094
495.500000000,20.645833333,4575.216777831
495.600000000,20.650000000,4577.382948013
495.700000000,20.654166667,4579.547107639
495.800000000,20.658333333,4581.709256709
495.900000000,20.662500000,4583.869395223
496.000000000,20.666666667,4586.027523181
496.100000000,20.670833333,4588.183687337
496.200000000,20.675000000,4590.337950028
496.300000000,20.679166667,4592.490326840
496.400000000,20.683333333,4594.640817771
496.500000000,20.687500000,4596.789422822
496.600000000,20.691666667,4598.936141993
496.700000000,20.695833333,4601.080975285
496.800000000,20.700000000,4603.223922696
496.900000000,20.704166667,4605.364984227
497.000000000,20.708333333,4607.504159878
497.100000000,20.712500000,4609.641564584
497.200000000,20.716666667,4611.777351592
497.300000000,20.720833333,4613.911559214
497.400000000,20.725000000,4616.044187449
497.500000000,20.729166667,4618.175236298
497.600000000,20.733333333,4620.304705761
497.700000000,20.737500000,4622.432595837
497.800000000,20.741666667,4624.558906527
497.900000000,20.745833333,4626.683637830
498.000000000,20.750000000,4628.806789747
498.100000000,20.754166667,4630.928384930
498.200000000,20.758333333,4633.048453583
498.300000000,20.762500000,4635.167003255
498.400000000,20.766666667,4637.284033947
498.500000000,20.770833333,4639.399545660
498.600000000,20.775000000,4641.513538392
498.700000000,20.779166667,4643.626012145
498.800000000,20.783333333,4645.736966918
498.900000000,20.787500000,4647.846402710
499.000000000,20.791666667,4649.954319523
499.100000000,20.795833333,4652.060700815
499.200000000,20.800000000,4654.165524533
499.300000000,20.804166667,4656.268785163
499.400000000,20.808333333,4658.370482704
499.500000000,20.812500000,4660.470617158
499.600000000,20.816666667,4662.569188524
499.700000000,20.820833333,4664.666196801
499.800000000,20.825000000,4666.761641991
499.900000000,20.829166667,4668.855524092
500.000000000,20.833333333,4670.947843106
500.100000000,20.837500000,4673.038608884
500.200000000,20.841666667,4675.127834563
500.300000000,20.845833333,4677.215523428
500.400000000,20.850000000,4679.301675478
500.500000000,20.854166667,4681.386290714
500.600000000,20.858333333,4683.469369135
500.700000000,20.862500000,4685.550910742
500.800000000,20.866666667,4687.630915534
500.900000000,20.870833333,4689.709383511
501.000000000,20.875000000,4691.786314674
501.100000000,20.879166667,4693.861747312
501.200000000,20.883333333,4695.935732478
501.300000000,20.887500000,4698.008282935
501.400000000,20.891666667,4700.079398683
501.500000000,20.895833333,4702.149079723
501.600000000,20.900000000,4704.217326054
501.700000000,20.904166667,4706.284137676
501.800000000,20.908333333,4708.349514589
501.900000000,20.912500000,4710.413456794
502.000000000,20.916666667,4712.475964289
502.100000000,20.920833333,4714.537065040
502.200000000,20.925000000,4716.596796330
502.300000000,20.929166667,4718.655167481
502.400000000,20.933333333,4720.712178493
502.500000000,20.937500000,4722.767829365
502.600000000,20.941666667,4724.822120098
502.700000000,20.945833333,4726.875050692
502.800000000,20.950000000,4728.926621147
502.900000000,20.954166667,4730.976831463
503.000000000,20.958333333,4733.025681639
503.100000000,20.962500000,4735.073201907
503.200000000,20.966666667,4737.119432573
503.300000000,20.970833333,4739.164383714
503.400000000,20.975000000,4741.208055329
503.500000000,20.979166667,4743.250447420
503.600000000,20.983333333,4745.291559986
503.700000000,20.987500000,4747.331393026
503.800000000,20.991666667,4749.369946542
503.900000000,20.995833333,4751.407220532
504.000000000,21.000000000,4753.443214998
504.100000000,21.004166667,4755.477937206
504.200000000,21.008333333,4757.511396849
504.300000000,21.012500000,4759.543596349
504.400000000,21.016666667,4761.574535705
504.500000000,21.020833333,4763.604214919
504.600000000,21.025000000,4765.632633989
504.700000000,21.029166667,4767.659792916
504.800000000,21.033333333,4769.685691701
504.900000000,21.037500000,4771.710330342
505.000000000,21.041666667,4773.733708840
505.100000000,21.045833333,4775.755834766
505.200000000,21.050000000,4777.776718216
505.300000000,21.054166667,4779.796361713
505.400000000,21.058333333,4781.814765257
505.500000000,21.062500000,4783.831928848
505.600000000,21.066666667,4785.847852487
505.700000000,21.070833333,4787.862536173
505.800000000,21.075000000,4789.875979907
505.900000000,21.079166667,4791.888183687
506.000000000,21.083333333,4793.899147515
506.100000000,21.087500000,4795.908777243
506.200000000,21.091666667,4797.916947341
506.300000000,21.095833333,4799.923626427
506.400000000,21.100000000,4801.928814500
506.500000000,21.104166667,4803.932511561
506.600000000,21.108333333,4805.934717610
506.700000000,21.112500000,4807.935432647
506.800000000,21.116666667,4809.934656671
506.900000000,21.120833333,4811.932389683
507.000000000,21.125000000,4813.928631682
507.100000000,21.129166667,4815.923398953
507.200000000,21.133333333,4817.916713206
507.300000000,21.137500000,4819.908579869
507.400000000,21.141666667,4821.898998941
507.500000000,21.145833333,4823.887970424
507.600000000,21.150000000,4825.875494317
507.700000000,21.154166667,4827.861570620
507.800000000,21.158333333,4829.846199332
507.900000000,21.162500000,4831.829380455
508.000000000,21.166666667,4833.811113987
508.100000000,21.170833333,4835.791430240
508.200000000,21.175000000,4837.770369626
508.300000000,21.179166667,4839.747942248
508.400000000,21.183333333,4841.724148108
508.500000000,21.187500000,4843.698987204
508.600000000,21.191666667,4845.672459536
508.700000000,21.195833333,4847.644565106
508.800000000,21.200000000,4849.615303912
508.900000000,21.204166667,4851.584675954
509.000000000,21.208333333,4853.552681233
509.100000000,21.212500000,4855.519379227
509.200000000,21.216666667,4857.484849240
509.300000000,21.220833333,4859.449111097
509.400000000,21.225000000,4861.412164798
509.500000000,21.229166667,4863.374010344
509.600000000,21.233333333,4865.334647734
509.700000000,21.237500000,4867.294076969
509.800000000,21.241666667,4869.252298048
509.900000000,21.245833333,4871.209310972
510.000000000,21.250000000,4873.165115740
510.100000000,21.254166667,4875.119742374
510.200000000,21.258333333,4877.073230902
510.300000000,21.262500000,4879.025591332
510.400000000,21.266666667,4880.976823662
510.500000000,21.270833333,4882.926927894
510.600000000,21.275000000,4884.875904026
510.700000000,21.279166667,4886.823752060
510.800000000,21.283333333,4888.770471995
510.900000000,21.287500000,4890.716063832
511.000000000,21.291666667,4892.660527569
511.100000000,21.295833333,4894.603884535
511.200000000,21.300000000,4896.546163164
511.300000000,21.304166667,4898.487370567
511.400000000,21.308333333,4900.427506742
511.500000000,21.312500000,4902.366571690
511.600000000,21.316666667,4904.304565411
511.700000000,21.320833333,4906.241487904
511.800000000,21.325000000,4908.177339171
511.900000000,21.329166667,4910.112119210
512.000000000,21.333333333,4912.045828022
512.100000000,21.337500000,4913.978464693
512.200000000,21.341666667,4915.910028002
512.300000000,21.345833333,4917.840517646
512.400000000,21.350000000,4919.769933623
512.500000000,21.354166667,4921.698275934
512.600000000,21.358333333,4923.625544579
512.700000000,21.362500000,4925.551739559
512.800000000,21.366666667,4927.476860872
512.900000000,21.370833333,4929.400908519
513.000000000,21.375000000,4931.323882500
513.100000000,21.379166667,4933.245798116
513.200000000,21.383333333,4935.166675767
513.300000000,21.387500000,4937.086520554
513.400000000,21.391666667,4939.005332477
513.500000000,21.395833333,4940.923111535
513.600000000,21.400000000,4942.839857729
513.700000000,21.404166667,4944.755571059
513.800000000,21.408333333,4946.670251524
513.900000000,21.412500000,4948.583899125
514.000000000,21.416666667,4950.496513862
514.100000000,21.420833333,4952.408021613
514.200000000,21.425000000,4954.318323548
514.300000000,21.429166667,4956.227394960
514.400000000,21.433333333,4958.135235849
514.500000000,21.437500000,4960.041846215
514.600000000,21.441666667,4961.947226059
514.700000000,21.445833333,4963.851375379
514.800000000,21.450000000,4965.754294177
514.900000000,21.454166667,4967.655982452
515.000000000,21.458333333,4969.556440204
515.100000000,21.462500000,4971.455682224
515.200000000,21.466666667,4973.353728232
515.300000000,21.470833333,4975.250583160
515.400000000,21.475000000,4977.146247008
515.500000000,21.479166667,4979.040719774
515.600000000,21.483333333,4980.934001460
515.700000000,21.487500000,4982.826092064
515.800000000,21.491666667,4984.716991589
515.900000000,21.495833333,4986.606700032
516.000000000,21.500000000,4988.495217394
516.100000000,21.504166667,4990.382589534
516.200000000,21.508333333,4992.268877597
516.300000000,21.512500000,4994.154096867
516.400000000,21.516666667,4996.038247346
516.500000000,21.520833333,4997.921329033
516.600000000,21.525000000,4999.803341929
516.700000000,21.529166667,5001.684286033
516.800000000,21.533333333,5003.564161345
516.900000000,21.537500000,5005.442967865
517.000000000,21.541666667,5007.320705594
517.100000000,21.545833333,5009.197355004
517.200000000,21.550000000,5011.072890061
517.300000000,21.554166667,5012.947304255
517.400000000,21.558333333,5014.820597586
517.500000000,21.562500000,5016.692770055
517.600000000,21.566666667,5018.563821661
517.700000000,21.570833333,5020.433752405
517.800000000,21.575000000,5022.302562285
517.900000000,21.579166667,5024.170251303
518.000000000,21.583333333,5026.036819459
518.100000000,21.587500000,5027.902277892
518.200000000,21.591666667,5029.766641456
518.300000000,21.595833333,5031.629913864
518.400000000,21.600000000,5033.492095117
518.500000000,21.604166667,5035.353185215
518.600000000,21.608333333,5037.213184156
518.700000000,21.612500000,5039.072091943
518.800000000,21.616666667,5040.929908574
518.900000000,21.620833333,5042.786634049
519.000000000,21.625000000,5044.642268368
519.100000000,21.629166667,5046.496795713
519.200000000,21.633333333,5048.350194990
519.300000000,21.637500000,5050.202460926
519.400000000,21.641666667,5052.053593521
519.500000000,21.645833333,5053.903592776
519.600000000,21.650000000,5055.752458689
519.700000000,21.654166667,5057.600191261
519.800000000,21.658333333,5059.446790493
519.900000000,21.662500000,5061.292256384
520.000000000,21.666666667,5063.136588933
520.100000000,21.670833333,5064.979749099
520.200000000,21.675000000,5066.821684822
520.300000000,21.679166667,5068.662383087
520.400000000,21.683333333,5070.501843896
520.500000000,21.687500000,5072.340067248
520.600000000,21.691666667,5074.177053144
520.700000000,21.695833333,5076.012801582
520.800000000,21.700000000,5077.847312563
520.900000000,21.704166667,5079.680586087
521.000000000,21.708333333,5081.512622154
521.100000000,21.712500000,5083.343439501
521.200000000,21.716666667,5085.173063108
521.300000000,21.720833333,5087.001499222
521.400000000,21.725000000,5088.828747842
521.500000000,21.729166667,5090.654808969
521.600000000,21.733333333,5092.479682602
521.700000000,21.737500000,5094.303368741
521.800000000,21.741666667,5096.125867386
521.900000000,21.745833333,5097.947178538
522.000000000,21.750000000,5099.767302197
522.100000000,21.754166667,5101.586256018
522.200000000,21.758333333,5103.404063546
522.300000000,21.762500000,5105.220730666
522.400000000,21.766666667,5107.036257379
522.500000000,21.770833333,5108.850643683
522.600000000,21.775000000,5110.663889579
522.700000000,21.779166667,5112.475995068
522.800000000,21.783333333,5114.286960148
522.900000000,21.787500000,5116.096784820
523.000000000,21.791666667,5117.905469085
523.100000000,21.795833333,5119.713052793
523.200000000,21.800000000,5121.519589081
523.300000000,21.804166667,5123.325091232
523.400000000,21.808333333,5125.129559246
523.500000000,21.812500000,5126.932993123
523.600000000,21.816666667,5128.735392863
523.700000000,21.820833333,5130.536758467
523.800000000,21.825000000,5132.337089934
523.900000000,21.829166667,5134.136387264
524.000000000,21.833333333,5135.934650457
524.100000000,21.837500000,5137.731899377
524.200000000,21.841666667,5139.528160509
524.300000000,21.845833333,5141.323440473
524.400000000,21.850000000,5143.117739271
524.500000000,21.854166667,5144.911056902
524.600000000,21.858333333,5146.703393366
524.700000000,21.862500000,5148.494748662
524.800000000,21.866666667,5150.285122792
524.900000000,21.870833333,5152.074515755
525.000000000,21.875000000,5153.862927550
525.100000000,21.879166667,5155.650361901
525.200000000,21.883333333,5157.436823770
525.300000000,21.887500000,5159.222314398
525.400000000,21.891666667,5161.006833785
525.500000000,21.895833333,5162.790381931
525.600000000,21.900000000,5164.572958836
525.700000000,21.904166667,5166.354564500
525.800000000,21.908333333,5168.135198923
525.900000000,21.912500000,5169.914862105
526.000000000,21.916666667,5171.693554046
526.100000000,21.920833333,5173.471266223
526.200000000,21.925000000,5175.247987268
526.300000000,21.929166667,5177.023714342
526.400000000,21.933333333,5178.798447444
526.500000000,21.937500000,5180.572186574
526.600000000,21.941666667,5182.344931732
526.700000000,21.945833333,5184.116682919
526.800000000,21.950000000,5185.887440134
526.900000000,21.954166667,5187.657203376
527.000000000,21.958333333,5189.425972648
527.100000000,21.962500000,5191.193677285
527.200000000,21.966666667,5192.960223071
527.300000000,21.970833333,5194.725586454
527.400000000,21.975000000,5196.489767432
527.500000000,21.979166667,5198.252766005
527.600000000,21.983333333,5200.014582174
527.700000000,21.987500000,5201.775215939
527.800000000,21.991666667,5203.534667299
527.900000000,21.995833333,5205.292936255
528.000000000,22.000000000,5207.050022807
528.100000000,22.004166667,5208.805885499
528.200000000,22.008333333,5210.560469058
528.300000000,22.012500000,5212.313759667
528.400000000,22.016666667,5214.065757325
528.500000000,22.020833333,5215.816462031
528.600000000,22.025000000,5217.565873787
528.700000000,22.029166667,5219.313992592
528.800000000,22.033333333,5221.060818446
528.900000000,22.037500000,5222.806351350
529.000000000,22.041666667,5224.550591302
529.100000000,22.045833333,5226.293567965
529.200000000,22.050000000,5228.035320889
529.300000000,22.054166667,5229.775859961
529.400000000,22.058333333,5231.515185180
529.500000000,22.062500000,5233.253296548
529.600000000,22.066666667,5234.990194063
529.700000000,22.070833333,5236.725877725
529.800000000,22.075000000,5238.460347536
529.900000000,22.079166667,5240.193603494
530.000000000,22.083333333,5241.925645600
530.100000000,22.087500000,5243.656470984
530.200000000,22.091666667,5245.386075818
530.300000000,22.095833333,5247.114459146
530.400000000,22.100000000,5248.841620968
530.500000000,22.104166667,5250.567561284
530.600000000,22.108333333,5252.292280093
530.700000000,22.112500000,5254.015777396
530.800000000,22.116666667,5255.738053193
530.900000000,22.120833333,5257.459107484
531.000000000,22.125000000,5259.178940269
531.100000000,22.129166667,5260.897556486
531.200000000,22.133333333,5262.614962721
531.300000000,22.137500000,5264.331160621
531.400000000,22.141666667,5266.046150184
531.500000000,22.145833333,5267.759931412
531.600000000,22.150000000,5269.472504305
531.700000000,22.154166667,5271.183868861
531.800000000,22.158333333,5272.894025082
531.900000000,22.162500000,5274.602972967
532.000000000,22.166666667,5276.310712516
532.100000000,22.170833333,5278.017287127
532.200000000,22.175000000,5279.722754664
532.300000000,22.179166667,5281.427129590
532.400000000,22.183333333,5283.130411908
532.500000000,22.187500000,5284.832601617
532.600000000,22.191666667,5286.533698716
532.700000000,22.195833333,5288.233703206
532.800000000,22.200000000,5289.932615087
532.900000000,22.204166667,5291.630434358
533.000000000,22.208333333,5293.327161021
533.100000000,22.212500000,5295.022819741
533.200000000,22.216666667,5296.717443407
533.300000000,22.220833333,5298.411040241
533.400000000,22.225000000,5300.103610243
533.500000000,22.229166667,5301.795153414
533.600000000,22.233333333,5303.485669753
533.700000000,22.237500000,5305.175159260
533.800000000,22.241666667,5306.863621936
533.900000000,22.245833333,5308.551057779
534.000000000,22.250000000,5310.237466792
534.100000000,22.254166667,5311.922834667
534.200000000,22.258333333,5313.607142331
534.300000000,22.262500000,5315.290385015
534.400000000,22.266666667,5316.972562721
534.500000000,22.270833333,5318.653675447
534.600000000,22.275000000,5320.333723194
534.700000000,22.279166667,5322.012705961
534.800000000,22.283333333,5323.690623749
534.900000000,22.287500000,5325.367476558
535.000000000,22.291666667,5327.043264387
535.100000000,22.295833333,5328.717972584
535.200000000,22.300000000,5330.391581611
535.300000000,22.304166667,5332.064086584
535.400000000,22.308333333,5333.735487502
535.500000000,22.312500000,5335.405784367
535.600000000,22.316666667,5337.074977177
535.700000000,22.320833333,5338.743065933
535.800000000,22.325000000,5340.410050635
535.900000000,22.329166667,5342.075931283
536.000000000,22.333333333,5343.740707876
536.100000000,22.337500000,5345.404344897
536.200000000,22.341666667,5347.066794988
536.300000000,22.345833333,5348.728046309
536.400000000,22.350000000,5350.388098860
536.500000000,22.354166667,5352.046952642
536.600000000,22.358333333,5353.704607654
536.700000000,22.362500000,5355.361063897
536.800000000,22.366666667,5357.016321370
536.900000000,22.370833333,5358.670380073
537.000000000,22.375000000,5360.323240006
537.100000000,22.379166667,5361.974798762
537.200000000,22.383333333,5363.624919797
537.300000000,22.387500000,5365.273568975
537.400000000,22.391666667,5366.920746295
537.500000000,22.395833333,5368.566451757
537.600000000,22.400000000,5370.210685363
537.700000000,22.404166667,5371.853447111
537.800000000,22.408333333,5373.494737002
537.900000000,22.412500000,5375.134555035
538.000000000,22.416666667,5376.772901211
538.100000000,22.420833333,5378.409819513
538.200000000,22.425000000,5380.045368585
538.300000000,22.429166667,5381.679563087
538.400000000,22.433333333,5383.312403020
538.500000000,22.437500000,5384.943888384
538.600000000,22.441666667,5386.574019178
538.700000000,22.445833333,5388.202795403
538.800000000,22.450000000,5389.830217059
538.900000000,22.454166667,5391.456284146
539.000000000,22.458333333,5393.080996663
539.100000000,22.462500000,5394.704402690
539.200000000,22.466666667,5396.326566330
539.300000000,22.470833333,5397.947503611
539.400000000,22.475000000,5399.567214531
539.500000000,22.479166667,5401.185699092
539.600000000,22.483333333,5402.802957293
539.700000000,22.487500000,5404.418989133
539.800000000,22.491666667,5406.033794614
539.900000000,22.495833333,5407.647373735
540.000000000,22.500000000,5409.259726496
540.100000000,22.504166667,5410.870891275
540.200000000,22.508333333,5412.480919244
540.300000000,22.512500000,5414.089823195
540.400000000,22.516666667,5415.697603129
540.500000000,22.520833333,5417.304259045
540.600000000,22.525000000,5418.909790943
540.700000000,22.529166667,5420.514198824
540.800000000,22.533333333,5422.117482688
540.900000000,22.537500000,5423.719642533
541.000000000,22.541666667,5425.320678362
541.100000000,22.545833333,5426.920613670
541.200000000,22.550000000,5428.519479791
541.300000000,22.554166667,5430.117284555
541.400000000,22.558333333,5431.714027964
541.500000000,22.562500000,5433.309710018
541.600000000,22.566666667,5434.904330715
541.700000000,22.570833333,5436.497890057
541.800000000,22.575000000,5438.090388044
541.900000000,22.579166667,5439.681824674
542.000000000,22.583333333,5441.272199949
542.100000000,22.587500000,5442.861537028
542.200000000,22.591666667,5444.449866790
542.300000000,22.595833333,5446.037196955
542.400000000,22.600000000,5447.623527522
542.500000000,22.604166667,5449.208858493
542.600000000,22.608333333,5450.793189866
542.700000000,22.612500000,5452.376521642
542.800000000,22.616666667,5453.958853822
542.900000000,22.620833333,5455.540186404
543.000000000,22.625000000,5457.120519389
543.100000000,22.629166667,5458.699863296
543.200000000,22.633333333,5460.278232152
543.300000000,22.637500000,5461.855629463
543.400000000,22.641666667,5463.432055229
543.500000000,22.645833333,5465.007509449
543.600000000,22.650000000,5466.581992125
543.700000000,22.654166667,5468.155503256
543.800000000,22.658333333,5469.728042842
543.900000000,22.662500000,5471.299610883
544.000000000,22.666666667,5472.870207379
544.100000000,22.670833333,5474.439836138
544.200000000,22.675000000,5476.008502237
544.300000000,22.679166667,5477.576206947
544.400000000,22.683333333,5479.142950267
544.500000000,22.687500000,5480.708732196
544.600000000,22.691666667,5482.273552735
544.700000000,22.695833333,5483.837411885
544.800000000,22.700000000,5485.400309644
544.900000000,22.704166667,5486.962246014
545.000000000,22.708333333,5488.523220993
545.100000000,22.712500000,5490.083238118
545.200000000,22.716666667,5491.642302102
545.300000000,22.720833333,5493.200414124
545.400000000,22.725000000,5494.757574185
545.500000000,22.729166667,5496.313782284
545.600000000,22.733333333,5497.869038420
545.700000000,22.737500000,5499.423342595
545.800000000,22.741666667,5500.976694808
545.900000000,22.745833333,5502.529095059
546.000000000,22.750000000,5504.080543348
546.100000000,22.754166667,5505.631032538
546.200000000,22.758333333,5507.180553111
546.300000000,22.762500000,5508.729102689
546.400000000,22.766666667,5510.276681272
546.500000000,22.770833333,5511.823288859
546.600000000,22.775000000,5513.368925451
546.700000000,22.779166667,5514.913591047
546.800000000,22.783333333,5516.457285648
546.900000000,22.787500000,5518.000009253
547.000000000,22.791666667,5519.541761863
547.100000000,22.795833333,5521.082519585
547.200000000,22.800000000,5522.622250563
547.300000000,22.804166667,5524.160946832
547.400000000,22.808333333,5525.698608392
547.500000000,22.812500000,5527.235235244
547.600000000,22.816666667,5528.770827387
547.700000000,22.820833333,5530.305384822
547.800000000,22.825000000,5531.838907548
547.900000000,22.829166667,5533.371395565
548.000000000,22.833333333,5534.902848874
548.100000000,22.837500000,5536.433262423
548.200000000,22.841666667,5537.962629479
548.300000000,22.845833333,5539.490948359
548.400000000,22.850000000,5541.018219061
548.500000000,22.854166667,5542.544441586
548.600000000,22.858333333,5544.069615934
548.700000000,22.862500000,5545.593742106
548.800000000,22.866666667,5547.116820100
548.900000000,22.870833333,5548.638849917
549.000000000,22.875000000,5550.159831558
549.100000000,22.879166667,5551.679756918
549.200000000,22.883333333,5553.198615192
549.300000000,22.887500000,5554.716403679
549.400000000,22.891666667,5556.233122379
549.500000000,22.895833333,5557.748771292
549.600000000,22.900000000,5559.263350418
549.700000000,22.904166667,5560.776859757
549.800000000,22.908333333,5562.289299309
549.900000000,22.912500000,5563.800669075
550.000000000,22.916666667,5565.310969053
550.100000000,22.920833333,5566.820223799
550.200000000,22.925000000,5568.328466056
550.300000000,22.929166667,5569.835704006
550.400000000,22.933333333,5571.341937652
550.500000000,22.937500000,5572.847166992
550.600000000,22.941666667,5574.351392027
550.700000000,22.945833333,5575.854612756
550.800000000,22.950000000,5577.356829180
550.900000000,22.954166667,5578.858041298
551.000000000,22.958333333,5580.358249112
551.100000000,22.962500000,5581.857471626
551.200000000,22.966666667,5583.355734182
551.300000000,22.970833333,5584.853043116
551.400000000,22.975000000,5586.349398427
551.500000000,22.979166667,5587.844800116
551.600000000,22.983333333,5589.339248183
551.700000000,22.987500000,5590.832742627
551.800000000,22.991666667,5592.325283450
551.900000000,22.995833333,5593.816870649
552.000000000,23.000000000,5595.307504227
552.100000000,23.004166667,5596.797203229
552.200000000,23.008333333,5598.285993052
552.300000000,23.012500000,5599.773880046
552.400000000,23.016666667,5601.260864211
552.500000000,23.020833333,5602.746945545
552.600000000,23.025000000,5604.232124050
552.700000000,23.029166667,5605.716399726
552.800000000,23.033333333,5607.199772572
552.900000000,23.037500000,5608.682242588
553.000000000,23.041666667,5610.163809774
553.100000000,23.045833333,5611.644479380
553.200000000,23.050000000,5613.124258403
553.300000000,23.054166667,5614.603148594
553.400000000,23.058333333,5616.081149952
553.500000000,23.062500000,5617.558262478
553.600000000,23.066666667,5619.034486171
553.700000000,23.070833333,5620.509821031
553.800000000,23.075000000,5621.984267058
553.900000000,23.079166667,5623.457824253
554.000000000,23.083333333,5624.930492616
554.100000000,23.087500000,5626.402288898
554.200000000,23.091666667,5627.873239445
554.300000000,23.095833333,5629.343354244
554.400000000,23.100000000,5630.812633692
554.500000000,23.104166667,5632.281077789
554.600000000,23.108333333,5633.748686535
554.700000000,23.112500000,5635.215459930
554.800000000,23.116666667,5636.681397975
554.900000000,23.120833333,5638.146501946
555.000000000,23.125000000,5639.610775348
555.100000000,23.129166667,5641.074219281
555.200000000,23.133333333,5642.536832246
555.300000000,23.137500000,5643.998613870
555.400000000,23.141666667,5645.459564151
555.500000000,23.145833333,5646.919683091
555.600000000,23.150000000,5648.378970688
555.700000000,23.154166667,5649.837426943
555.800000000,23.158333333,5651.295051857
555.900000000,23.162500000,5652.751845428
556.000000000,23.166666667,5654.207807657
556.100000000,23.170833333,5655.662941488
556.200000000,23.175000000,5657.117251133
556.300000000,23.179166667,5658.570739513
556.400000000,23.183333333,5660.023409206
556.500000000,23.187500000,5661.475263000
556.600000000,23.191666667,5662.926302757
556.700000000,23.195833333,5664.376528478
556.800000000,23.200000000,5665.825940799
556.900000000,23.204166667,5667.274541744
557.000000000,23.208333333,5668.722335116
557.100000000,23.212500000,5670.169330577
557.200000000,23.216666667,5671.615537763
557.300000000,23.220833333,5673.060959057
557.400000000,23.225000000,5674.505596686
557.500000000,23.229166667,5675.949454803
557.600000000,23.233333333,5677.392535442
557.700000000,23.237500000,5678.834838710
557.800000000,23.241666667,5680.276364607
557.900000000,23.245833333,5681.717114398
558.000000000,23.250000000,5683.157090354
558.100000000,23.254166667,5684.596264165
558.200000000,23.258333333,5686.034598959
558.300000000,23.262500000,5687.472087406
558.400000000,23.266666667,5688.908733147
558.500000000,23.270833333,5690.344541152
558.600000000,23.275000000,5691.779513824
558.700000000,23.279166667,5693.213653488
558.800000000,23.283333333,5694.646961625
558.900000000,23.287500000,5696.079438234
559.000000000,23.291666667,5697.511083315
559.100000000,23.295833333,5698.941879092
559.200000000,23.300000000,5700.371801860
559.300000000,23.304166667,5701.800846828
559.400000000,23.308333333,5703.229016328
559.500000000,23.312500000,5704.656311563
559.600000000,23.316666667,5706.082732534
559.700000000,23.320833333,5707.508281279
559.800000000,23.325000000,5708.932961167
559.900000000,23.329166667,5710.356774468
560.000000000,23.333333333,5711.779722126
560.100000000,23.337500000,5713.201829219
560.200000000,23.341666667,5714.623129184
560.300000000,23.345833333,5716.043630380
560.400000000,23.350000000,5717.463332808
560.500000000,23.354166667,5718.882236466
560.600000000,23.358333333,5720.300341356
560.700000000,23.362500000,5721.717647477
560.800000000,23.366666667,5723.134154829
560.900000000,23.370833333,5724.549863412
561.000000000,23.375000000,5725.964773226
561.100000000,23.379166667,5727.378899870
561.200000000,23.383333333,5728.792264144
561.300000000,23.387500000,5730.204871246
561.400000000,23.391666667,5731.616721176
561.500000000,23.395833333,5733.027814903
561.600000000,23.400000000,5734.438153460
561.700000000,23.404166667,5735.847736910
561.800000000,23.408333333,5737.256565255
561.900000000,23.412500000,5738.664638494
562.000000000,23.416666667,5740.071956627
562.100000000,23.420833333,5741.478525539
562.200000000,23.425000000,5742.884355776
562.300000000,23.429166667,5744.289452678
562.400000000,23.433333333,5745.693816967
562.500000000,23.437500000,5747.097450342
562.600000000,23.441666667,5748.500354454
562.700000000,23.445833333,5749.902529835
562.800000000,23.450000000,5751.303979837
562.900000000,23.454166667,5752.704708241
563.000000000,23.458333333,5754.104716938
563.100000000,23.462500000,5755.504010337
563.200000000,23.466666667,5756.902593082
563.300000000,23.470833333,5758.300466333
563.400000000,23.475000000,5759.697630111
563.500000000,23.479166667,5761.094085245
563.600000000,23.483333333,5762.489833430
563.700000000,23.487500000,5763.884875547
563.800000000,23.491666667,5765.279212219
563.900000000,23.495833333,5766.672844124
564.000000000,23.500000000,5768.065771843
564.100000000,23.504166667,5769.458004121
564.200000000,23.508333333,5770.849552414
564.300000000,23.512500000,5772.240419949
564.400000000,23.516666667,5773.630606726
564.500000000,23.520833333,5775.020112841
564.600000000,23.525000000,5776.408940820
564.700000000,23.529166667,5777.797093592
564.800000000,23.533333333,5779.184571651
564.900000000,23.537500000,5780.571374997
565.000000000,23.541666667,5781.957503629
565.100000000,23.545833333,5783.342961078
565.200000000,23.550000000,5784.727752049
565.300000000,23.554166667,5786.111877719
565.400000000,23.558333333,5787.495338140
565.500000000,23.562500000,5788.878133748
565.600000000,23.566666667,5790.260264927
565.700000000,23.570833333,5791.641731677
565.800000000,23.575000000,5793.022533997
565.900000000,23.579166667,5794.402671889
566.000000000,23.583333333,5795.782145352
566.100000000,23.587500000,5797.160951481
566.200000000,23.591666667,5798.539086405
566.300000000,23.595833333,5799.916549155
566.400000000,23.600000000,5801.293339731
566.500000000,23.604166667,5802.669458175
566.600000000,23.608333333,5804.044904747
566.700000000,23.612500000,5805.419679660
566.800000000,23.616666667,5806.793783361
566.900000000,23.620833333,5808.167218091
567.000000000,23.625000000,5809.539986298
567.100000000,23.629166667,5810.912076783
567.200000000,23.633333333,5812.283475669
567.300000000,23.637500000,5813.654183063
567.400000000,23.641666667,5815.024201577
567.500000000,23.645833333,5816.393531683
567.600000000,23.650000000,5817.762173382
567.700000000,23.654166667,5819.130127022
567.800000000,23.658333333,5820.497394143
567.900000000,23.662500000,5821.863975940
568.000000000,23.666666667,5823.229872413
568.100000000,23.670833333,5824.595071135
568.200000000,23.675000000,5825.959555540
568.300000000,23.679166667,5827.323321487
568.400000000,23.683333333,5828.686368975
568.500000000,23.687500000,5830.048698004
568.600000000,23.691666667,5831.410308575
568.700000000,23.695833333,5832.771200686
568.800000000,23.700000000,5834.131374583
568.900000000,23.704166667,5835.490831937
569.000000000,23.708333333,5836.849574173
569.100000000,23.712500000,5838.207600973
569.200000000,23.716666667,5839.564911912
569.300000000,23.720833333,5840.921506882
569.400000000,23.725000000,5842.277385884
569.500000000,23.729166667,5843.632548917
569.600000000,23.733333333,5844.986995983
569.700000000,23.737500000,5846.340727080
569.800000000,23.741666667,5847.693742208
569.900000000,23.745833333,5849.046041369
570.000000000,23.750000000,5850.397624561
570.100000000,23.754166667,5851.748497800
570.200000000,23.758333333,5853.098669106
570.300000000,23.762500000,5854.448140483
570.400000000,23.766666667,5855.796912987
570.500000000,23.770833333,5857.144988066
570.600000000,23.775000000,5858.492366117
570.700000000,23.779166667,5859.839047141
570.800000000,23.783333333,5861.185031136
570.900000000,23.787500000,5862.530318104
571.000000000,23.791666667,5863.874908043
571.100000000,23.795833333,5865.218806377
571.200000000,23.800000000,5866.562020609
571.300000000,23.804166667,5867.904553747
571.400000000,23.808333333,5869.246406721
571.500000000,23.812500000,5870.587579529
571.600000000,23.816666667,5871.928072171
571.700000000,23.820833333,5873.267884648
571.800000000,23.825000000,5874.607016960
571.900000000,23.829166667,5875.945469106
572.000000000,23.833333333,5877.283241086
572.100000000,23.837500000,5878.620337066
572.200000000,23.841666667,5879.956762824
572.300000000,23.845833333,5881.292521165
572.400000000,23.850000000,5882.627614628
572.500000000,23.854166667,5883.962045762
572.600000000,23.858333333,5885.295816019
572.700000000,23.862500000,5886.628926613
572.800000000,23.866666667,5887.961378880
572.900000000,23.870833333,5889.293173190
573.000000000,23.875000000,5890.624309542
573.100000000,23.879166667,5891.954806244
573.200000000,23.883333333,5893.284687703
573.300000000,23.887500000,5894.613960022
573.400000000,23.891666667,5895.942623200
573.500000000,23.895833333,5897.270677238
573.600000000,23.900000000,5898.598122135
573.700000000,23.904166667,5899.924959917
573.800000000,23.908333333,5901.251193021
573.900000000,23.912500000,5902.576821863
574.000000000,23.916666667,5903.901847141
574.100000000,23.920833333,5905.226278338
574.200000000,23.925000000,5906.550126986
574.300000000,23.929166667,5907.873395829
574.400000000,23.933333333,5909.196084870
574.500000000,23.937500000,5910.518194107
574.600000000,23.941666667,5911.839723540
574.700000000,23.945833333,5913.160673170
574.800000000,23.950000000,5914.481042996
574.900000000,23.954166667,5915.800833019
575.000000000,23.958333333,5917.120043239
575.100000000,23.962500000,5918.438676643
575.200000000,23.966666667,5919.756737215
575.300000000,23.970833333,5921.074226744
575.400000000,23.975000000,5922.391146334
575.500000000,23.979166667,5923.707496296
575.600000000,23.983333333,5925.023276631
575.700000000,23.987500000,5926.338487339
575.800000000,23.991666667,5927.653128419
575.900000000,23.995833333,5928.967199871
576.000000000,24.000000000,5930.280701696
576.100000000,24.004166667,5931.593623289
576.200000000,24.008333333,5932.905950512
576.300000000,24.012500000,5934.217679830
576.400000000,24.016666667,5935.528811243
576.500000000,24.020833333,5936.839344752
576.600000000,24.025000000,5938.149280355
576.700000000,24.029166667,5939.458618053
576.800000000,24.033333333,5940.767357846
576.900000000,24.037500000,5942.075499734
577.000000000,24.041666667,5943.383043717
577.100000000,24.045833333,5944.689966060
577.200000000,24.050000000,5945.996235114
577.300000000,24.054166667,5947.301842969
577.400000000,24.058333333,5948.606790910
577.500000000,24.062500000,5949.911080420
577.600000000,24.066666667,5951.214711740
577.700000000,24.070833333,5952.517686339
577.800000000,24.075000000,5953.820005639
577.900000000,24.079166667,5955.121669640
578.000000000,24.083333333,5956.422678342
578.100000000,24.087500000,5957.723025293
578.200000000,24.091666667,5959.022702618
578.300000000,24.095833333,5960.321709580
578.400000000,24.100000000,5961.620046861
578.500000000,24.104166667,5962.917714461
578.600000000,24.108333333,5964.214712381
578.700000000,24.112500000,5965.511040621
578.800000000,24.116666667,5966.806699181
578.900000000,24.120833333,5968.101688060
579.000000000,24.125000000,5969.396007258
579.100000000,24.129166667,5970.689670480
579.200000000,24.133333333,5971.982695593
579.300000000,24.137500000,5973.275086765
579.400000000,24.141666667,5974.566843995
579.500000000,24.145833333,5975.857967285
579.600000000,24.150000000,5977.148457057
579.700000000,24.154166667,5978.438314618
579.800000000,24.158333333,5979.727540854
579.900000000,24.162500000,5981.016135765
580.000000000,24.166666667,5982.304099350
580.100000000,24.170833333,5983.591442420
580.200000000,24.175000000,5984.878180213
580.300000000,24.179166667,5986.164317523
580.400000000,24.183333333,5987.449854718
580.500000000,24.187500000,5988.734792582
580.600000000,24.191666667,5990.019132322
580.700000000,24.195833333,5991.302874362
580.800000000,24.200000000,5992.586018703
580.900000000,24.204166667,5993.868565343
581.000000000,24.208333333,5995.150514284
581.100000000,24.212500000,5996.431874406
581.200000000,24.216666667,5997.712657549
581.300000000,24.220833333,5998.992866673
581.400000000,24.225000000,6000.272501780
581.500000000,24.229166667,6001.551562868
581.600000000,24.233333333,6002.830049937
581.700000000,24.237500000,6004.107962988
581.800000000,24.241666667,6005.385302021
581.900000000,24.245833333,6006.662067036
582.000000000,24.250000000,6007.938258032
582.100000000,24.254166667,6009.213883251
582.200000000,24.258333333,6010.488953680
582.300000000,24.262500000,6011.763472068
582.400000000,24.266666667,6013.037438414
582.500000000,24.270833333,6014.310852717
582.600000000,24.275000000,6015.583715426
582.700000000,24.279166667,6016.856027628
582.800000000,24.283333333,6018.127789968
582.900000000,24.287500000,6019.399002446
583.000000000,24.291666667,6020.669665061
583.100000000,24.295833333,6021.939783796
583.200000000,24.300000000,6023.209366628
583.300000000,24.304166667,6024.478415551
583.400000000,24.308333333,6025.746930564
583.500000000,24.312500000,6027.014911669
583.600000000,24.316666667,6028.282358864
583.700000000,24.320833333,6029.549272149
583.800000000,24.325000000,6030.815651526
583.900000000,24.329166667,6032.081496993
584.000000000,24.333333333,6033.346808552
584.100000000,24.337500000,6034.611589524
584.200000000,24.341666667,6035.875844341
584.300000000,24.345833333,6037.139574112
584.400000000,24.350000000,6038.402779749
584.500000000,24.354166667,6039.665462309
584.600000000,24.358333333,6040.927621936
584.700000000,24.362500000,6042.189258631
584.800000000,24.366666667,6043.450373355
584.900000000,24.370833333,6044.710967086
585.000000000,24.375000000,6045.971039836
585.100000000,24.379166667,6047.230590335
585.200000000,24.383333333,6048.489616887
585.300000000,24.387500000,6049.748120034
585.400000000,24.391666667,6051.006100805
585.500000000,24.395833333,6052.263559259
585.600000000,24.400000000,6053.520495398
585.700000000,24.404166667,6054.776909221
585.800000000,24.408333333,6056.032800728
585.900000000,24.412500000,6057.288169919
586.000000000,24.416666667,6058.543016794
586.100000000,24.420833333,6059.797345616
586.200000000,24.425000000,6061.051162067
586.300000000,24.429166667,6062.304467569
586.400000000,24.433333333,6063.557262123
586.500000000,24.437500000,6064.809545931
586.600000000,24.441666667,6066.061319937
586.700000000,24.445833333,6067.312584879
586.800000000,24.450000000,6068.563340758
586.900000000,24.454166667,6069.813587573
587.000000000,24.458333333,6071.063325323
587.100000000,24.462500000,6072.312563801
587.200000000,24.466666667,6073.561316061
587.300000000,24.470833333,6074.809585367
587.400000000,24.475000000,6076.057372449
587.500000000,24.479166667,6077.304678247
587.600000000,24.483333333,6078.551502969
587.700000000,24.487500000,6079.797846616
587.800000000,24.491666667,6081.043709186
587.900000000,24.495833333,6082.289090681
588.000000000,24.500000000,6083.533991219
588.100000000,24.504166667,6084.778416465
588.200000000,24.508333333,6086.022374386
588.300000000,24.512500000,6087.265867474
588.400000000,24.516666667,6088.508895792
588.500000000,24.520833333,6089.751459341
588.600000000,24.525000000,6090.993558121
588.700000000,24.529166667,6092.235192132
588.800000000,24.533333333,6093.476361373
588.900000000,24.537500000,6094.717065846
589.000000000,24.541666667,6095.957305548
589.100000000,24.545833333,6097.197084362
589.200000000,24.550000000,6098.436407459
589.300000000,24.554166667,6099.675276132
589.400000000,24.558333333,6100.913690381
589.500000000,24.562500000,6102.151650207
589.600000000,24.566666667,6103.389155610
589.700000000,24.570833333,6104.626206589
589.800000000,24.575000000,6105.862803145
589.900000000,24.579166667,6107.098945277
590.000000000,24.583333333,6108.334632985
590.100000000,24.587500000,6109.569870574
590.200000000,24.591666667,6110.804663783
590.300000000,24.595833333,6112.039014045
590.400000000,24.600000000,6113.272921361
590.500000000,24.604166667,6114.506385731
590.600000000,24.608333333,6115.739407155
590.700000000,24.612500000,6116.971985633
590.800000000,24.616666667,6118.204121165
590.900000000,24.620833333,6119.435813751
591.000000000,24.625000000,6120.667063391
591.100000000,24.629166667,6121.897869017
591.200000000,24.633333333,6123.128229207
591.300000000,24.637500000,6124.358143605
591.400000000,24.641666667,6125.587612210
591.500000000,24.645833333,6126.816635022
591.600000000,24.650000000,6128.045212043
591.700000000,24.654166667,6129.273343271
591.800000000,24.658333333,6130.501028707
591.900000000,24.662500000,6131.728268350
592.000000000,24.666666667,6132.955062201
592.100000000,24.670833333,6134.181406756
592.200000000,24.675000000,6135.407297346
592.300000000,24.679166667,6136.632732801
592.400000000,24.683333333,6137.857713122
592.500000000,24.687500000,6139.082238309
592.600000000,24.691666667,6140.306308362
592.700000000,24.695833333,6141.529923282
592.800000000,24.700000000,6142.753083277
592.900000000,24.704166667,6143.975789280
593.000000000,24.708333333,6145.198042015
593.100000000,24.712500000,6146.419842707
593.200000000,24.716666667,6147.641192990
593.300000000,24.720833333,6148.862093273
593.400000000,24.725000000,6150.082543556
593.500000000,24.729166667,6151.302543839
593.600000000,24.733333333,6152.522094122
593.700000000,24.737500000,6153.741194405
593.800000000,24.741666667,6154.959844688
593.900000000,24.745833333,6156.178044971
594.000000000,24.750000000,6157.395795254
594.100000000,24.754166667,6158.613104737
594.200000000,24.758333333,6159.829985685
594.300000000,24.762500000,6161.046441166
594.400000000,24.766666667,6162.262471180
594.500000000,24.770833333,6163.478075726
594.600000000,24.775000000,6164.693254805
594.700000000,24.779166667,6165.908008416
594.800000000,24.783333333,6167.122336560
594.900000000,24.787500000,6168.336239236
595.000000000,24.791666667,6169.549716445
595.100000000,24.795833333,6170.762773069
595.200000000,24.800000000,6171.975415616
595.300000000,24.804166667,6173.187645715
595.400000000,24.808333333,6174.399463365
595.500000000,24.812500000,6175.610868567
595.600000000,24.816666667,6176.821861320
595.700000000,24.820833333,6178.032441674
595.800000000,24.825000000,6179.242610387
595.900000000,24.829166667,6180.452368169
596.000000000,24.833333333,6181.661715021
596.100000000,24.837500000,6182.870655473
596.200000000,24.841666667,6184.079195568
596.300000000,24.845833333,6185.287336817
596.400000000,24.850000000,6186.495079220
596.500000000,24.854166667,6187.702422777
596.600000000,24.858333333,6188.909367488
596.700000000,24.862500000,6190.115913353
596.800000000,24.866666667,6191.322060371
596.900000000,24.870833333,6192.527808543
597.000000000,24.875000000,6193.733157870
597.100000000,24.879166667,6194.938113859
597.200000000,24.883333333,6196.142683857
597.300000000,24.887500000,6197.346869701
597.400000000,24.891666667,6198.550671391
597.500000000,24.895833333,6199.754088926
597.600000000,24.900000000,6200.957122328
597.700000000,24.904166667,6202.159772344
597.800000000,24.908333333,6203.362039700
597.900000000,24.912500000,6204.563924394
598.000000000,24.916666667,6205.765426428
598.100000000,24.920833333,6206.966549484
598.200000000,24.925000000,6208.167298472
598.300000000,24.929166667,6209.367674622
598.400000000,24.933333333,6210.567677933
598.500000000,24.937500000,6211.767308405
598.600000000,24.941666667,6212.966566037
598.700000000,24.945833333,6214.165450830
598.800000000,24.950000000,6215.363962785
598.900000000,24.954166667,6216.562101900
599.000000000,24.958333333,6217.759868176
599.100000000,24.962500000,6218.957262703
599.200000000,24.966666667,6220.154286934
599.300000000,24.970833333,6221.350941234
599.400000000,24.975000000,6222.547225601
599.500000000,24.979166667,6223.743140037
599.600000000,24.983333333,6224.938684540
599.700000000,24.987500000,6226.133859112
599.800000000,24.991666667,6227.328663751
599.900000000,24.995833333,6228.523098458
600.000000000,25.000000000,6229.717163233
600.100000000,25.004166667,6230.910856413
600.200000000,25.008333333,6232.104175778
600.300000000,25.012500000,6233.297120775
600.400000000,25.016666667,6234.489691404
600.500000000,25.020833333,6235.681887664
600.600000000,25.025000000,6236.873709555
600.700000000,25.029166667,6238.065157078
600.800000000,25.033333333,6239.256230232
600.900000000,25.037500000,6240.446929018
601.000000000,25.041666667,6241.637253435
601.100000000,25.045833333,6242.827201163
601.200000000,25.050000000,6244.016769108
601.300000000,25.054166667,6245.205956496
601.400000000,25.058333333,6246.394763327
601.500000000,25.062500000,6247.583189601
601.600000000,25.066666667,6248.771235319
601.700000000,25.070833333,6249.958900479
601.800000000,25.075000000,6251.146185083
601.900000000,25.079166667,6252.333089129
602.000000000,25.083333333,6253.519612619
602.100000000,25.087500000,6254.705756946
602.200000000,25.091666667,6255.891523966
602.300000000,25.095833333,6257.076914146
602.400000000,25.100000000,6258.261927485
602.500000000,25.104166667,6259.446563982
602.600000000,25.108333333,6260.630823639
602.700000000,25.112500000,6261.814706454
602.800000000,25.116666667,6262.998212428
602.900000000,25.120833333,6264.181341562
603.000000000,25.125000000,6265.364093854
603.100000000,25.129166667,6266.546471251
603.200000000,25.133333333,6267.728476346
603.300000000,25.137500000,6268.910109789
603.400000000,25.141666667,6270.091371580
603.500000000,25.145833333,6271.272261719
603.600000000,25.150000000,6272.452780204
603.700000000,25.154166667,6273.632927038
603.800000000,25.158333333,6274.812702219
603.900000000,25.162500000,6275.992105747
604.000000000,25.166666667,6277.171137623
604.100000000,25.170833333,6278.349800351
604.200000000,25.175000000,6279.528097272
604.300000000,25.179166667,6280.706029220
604.400000000,25.183333333,6281.883596195
604.500000000,25.187500000,6283.060798488
604.600000000,25.191666667,6284.237636991
604.700000000,25.195833333,6285.414112822
604.800000000,25.200000000,6286.590226492
604.900000000,25.204166667,6287.765978000
605.000000000,25.208333333,6288.941367347
605.100000000,25.212500000,6290.116397326
605.200000000,25.216666667,6291.291072306
605.300000000,25.220833333,6292.465393906
605.400000000,25.225000000,6293.639362168
605.500000000,25.229166667,6294.812977093
605.600000000,25.233333333,6295.986238681
605.700000000,25.237500000,6297.159147542
605.800000000,25.241666667,6298.331704357
605.900000000,25.245833333,6299.503909199
606.000000000,25.250000000,6300.675762067
606.100000000,25.254166667,6301.847267913
606.200000000,25.258333333,6303.018433336
606.300000000,25.262500000,6304.189259987
606.400000000,25.266666667,6305.359747866
606.500000000,25.270833333,6306.529896973
606.600000000,25.275000000,6307.699707307
606.700000000,25.279166667,6308.869178869
606.800000000,25.283333333,6310.038311658
606.900000000,25.287500000,6311.207105676
607.000000000,25.291666667,6312.375560921
607.100000000,25.295833333,6313.543679557
607.200000000,25.300000000,6314.711464602
607.300000000,25.304166667,6315.878917384
607.400000000,25.308333333,6317.046038368
607.500000000,25.312500000,6318.212827557
607.600000000,25.316666667,6319.379284949
607.700000000,25.320833333,6320.545410544
607.800000000,25.325000000,6321.711204435
607.900000000,25.329166667,6322.876667242
608.000000000,25.333333333,6324.041799494
608.100000000,25.337500000,6325.206604403
608.200000000,25.341666667,6326.371086252
608.300000000,25.345833333,6327.535246109
608.400000000,25.350000000,6328.699083976
608.500000000,25.354166667,6329.862599853
608.600000000,25.358333333,6331.025793739
608.700000000,25.362500000,6332.188665634
608.800000000,25.366666667,6333.351215539
608.900000000,25.370833333,6334.513443453
609.000000000,25.375000000,6335.675349377
609.100000000,25.379166667,6336.836933620
609.200000000,25.383333333,6337.998196593
609.300000000,25.387500000,6339.159138401
609.400000000,25.391666667,6340.319759044
609.500000000,25.395833333,6341.480058520
609.600000000,25.400000000,6342.640036831
609.700000000,25.404166667,6343.799693977
609.800000000,25.408333333,6344.959029957
609.900000000,25.412500000,6346.118044771
610.000000000,25.416666667,6347.276738419
610.100000000,25.420833333,6348.435109023
610.200000000,25.425000000,6349.593154075
610.300000000,25.429166667,6350.750872949
610.400000000,25.433333333,6351.908265645
610.500000000,25.437500000,6353.065332164
610.600000000,25.441666667,6354.222072504
610.700000000,25.445833333,6355.378486667
610.800000000,25.450000000,6356.534574652
610.900000000,25.454166667,6357.690336459
611.000000000,25.458333333,6358.845772089
611.100000000,25.462500000,6360.000878965
611.200000000,25.466666667,6361.155653654
611.300000000,25.470833333,6362.310095297
611.400000000,25.475000000,6363.464203894
611.500000000,25.479166667,6364.617979446
611.600000000,25.483333333,6365.771421951
611.700000000,25.487500000,6366.924531411
611.800000000,25.491666667,6368.077307826
611.900000000,25.495833333,6369.229751194
612.000000000,25.500000000,6370.381861517
612.100000000,25.504166667,6371.533639075
612.200000000,25.508333333,6372.685084242
612.300000000,25.512500000,6373.836197111
612.400000000,25.516666667,6374.986977684
612.500000000,25.520833333,6376.137425959
612.600000000,25.525000000,6377.287541937
612.700000000,25.529166667,6378.437325618
612.800000000,25.533333333,6379.586777002
612.900000000,25.537500000,6380.735896088
613.000000000,25.541666667,6381.884682877
613.100000000,25.545833333,6383.033139285
613.200000000,25.550000000,6384.181267866
613.300000000,25.554166667,6385.329069257
613.400000000,25.558333333,6386.476543461
613.500000000,25.562500000,6387.623690475
613.600000000,25.566666667,6388.770510301
613.700000000,25.570833333,6389.917002938
613.800000000,25.575000000,6391.063168387
613.900000000,25.579166667,6392.209007096
614.000000000,25.583333333,6393.354519737
614.100000000,25.587500000,6394.499707969
614.200000000,25.591666667,6395.644573713
614.300000000,25.595833333,6396.789117449
614.400000000,25.600000000,6397.933339177
614.500000000,25.604166667,6399.077238897
614.600000000,25.608333333,6400.220816608
614.700000000,25.612500000,6401.364072311
614.800000000,25.616666667,6402.507006006
614.900000000,25.620833333,6403.649618094
615.000000000,25.625000000,6404.791909205
615.100000000,25.629166667,6405.933884601
615.200000000,25.633333333,6407.075550995
615.300000000,25.637500000,6408.216910065
615.400000000,25.641666667,6409.357961812
615.500000000,25.645833333,6410.498706236
615.600000000,25.650000000,6411.639143336
615.700000000,25.654166667,6412.779273113
615.800000000,25.658333333,6413.919095566
615.900000000,25.662500000,6415.058610695
616.000000000,25.666666667,6416.197818502
616.100000000,25.670833333,6417.336719266
616.200000000,25.675000000,6418.475313363
616.300000000,25.679166667,6419.613600888
616.400000000,25.683333333,6420.751581840
616.500000000,25.687500000,6421.889256219
616.600000000,25.691666667,6423.026624025
616.700000000,25.695833333,6424.163685259
616.800000000,25.700000000,6425.300439919
616.900000000,25.704166667,6426.436888007
617.000000000,25.708333333,6427.573029522
617.100000000,25.712500000,6428.708861123
617.200000000,25.716666667,6429.844378356
617.300000000,25.720833333,6430.979580108
617.400000000,25.725000000,6432.114466377
617.500000000,25.729166667,6433.249037165
617.600000000,25.733333333,6434.383292471
617.700000000,25.737500000,6435.517232295
617.800000000,25.741666667,6436.650856637
617.900000000,25.745833333,6437.784165497
618.000000000,25.750000000,6438.917158876
618.100000000,25.754166667,6440.049827515
618.200000000,25.758333333,6441.182159071
618.300000000,25.762500000,6442.314150458
618.400000000,25.766666667,6443.445801676
618.500000000,25.770833333,6444.577112725
618.600000000,25.775000000,6445.708083605
618.700000000,25.779166667,6446.838714317
618.800000000,25.783333333,6447.969004859
618.900000000,25.787500000,6449.098955232
619.000000000,25.791666667,6450.228565436
619.100000000,25.795833333,6451.357829827
619.200000000,25.800000000,6452.486740880
619.300000000,25.804166667,6453.615296713
619.400000000,25.808333333,6454.743497335
619.500000000,25.812500000,6455.871343471
619.600000000,25.816666667,6456.998835839
619.700000000,25.820833333,6458.125974439
619.800000000,25.825000000,6459.252759272
619.900000000,25.829166667,6460.379190337
620.000000000,25.833333333,6461.505267634
620.100000000,25.837500000,6462.630993880
620.200000000,25.841666667,6463.756372699
620.300000000,25.845833333,6464.881404995
620.400000000,25.850000000,6466.006090770
620.500000000,25.854166667,6467.130430022
620.600000000,25.858333333,6468.254422753
620.700000000,25.862500000,6469.378068961
620.800000000,25.866666667,6470.501368647
620.900000000,25.870833333,6471.624321812
621.000000000,25.875000000,6472.746928627
621.100000000,25.879166667,6473.869193661
621.200000000,25.883333333,6474.991122610
621.300000000,25.887500000,6476.112716777
621.400000000,25.891666667,6477.233976160
621.500000000,25.895833333,6478.354900760
621.600000000,25.900000000,6479.475490578
621.700000000,25.904166667,6480.595745612
621.800000000,25.908333333,6481.715665863
621.900000000,25.912500000,6482.835251331
622.000000000,25.916666667,6483.954502016
622.100000000,25.920833333,6485.073424592
622.200000000,25.925000000,6486.192028119
622.300000000,25.929166667,6487.310314977
622.400000000,25.933333333,6488.428285168
622.500000000,25.937500000,6489.545938691
622.600000000,25.941666667,6490.663276037
622.700000000,25.945833333,6491.780297806
622.800000000,25.950000000,6492.897004103
622.900000000,25.954166667,6494.013394928
623.000000000,25.958333333,6495.129470280
623.100000000,25.962500000,6496.245232293
623.200000000,25.966666667,6497.360683808
623.300000000,25.970833333,6498.475825537
623.400000000,25.975000000,6499.590657480
623.500000000,25.979166667,6500.705180049
623.600000000,25.983333333,6501.819393814
623.700000000,25.987500000,6502.933298932
623.800000000,25.991666667,6504.046895403
623.900000000,25.995833333,6505.160183227
624.000000000,26.000000000,6506.273162404
624.100000000,26.004166667,6507.385836014
624.200000000,26.008333333,6508.498208162
624.300000000,26.012500000,6509.610279876
624.400000000,26.016666667,6510.722051154
624.500000000,26.020833333,6511.833521998
624.600000000,26.025000000,6512.944692406
624.700000000,26.029166667,6514.055562379
624.800000000,26.033333333,6515.166131918
624.900000000,26.037500000,6516.276401021
625.000000000,26.041666667,6517.386369690
625.100000000,26.045833333,6518.496040721
625.200000000,26.050000000,6519.605417846
625.300000000,26.054166667,6520.714501997
625.400000000,26.058333333,6521.823293173
625.500000000,26.062500000,6522.931791376
625.600000000,26.066666667,6524.039996605
625.700000000,26.070833333,6525.147908860
625.800000000,26.075000000,6526.255528140
625.900000000,26.079166667,6527.362854447
626.000000000,26.083333333,6528.469887780
626.100000000,26.087500000,6529.576630498
626.200000000,26.091666667,6530.683085749
626.300000000,26.095833333,6531.789254318
626.400000000,26.100000000,6532.895136615
626.500000000,26.104166667,6534.000733159
626.600000000,26.108333333,6535.106044063
626.700000000,26.112500000,6536.211069325
626.800000000,26.116666667,6537.315808946
626.900000000,26.120833333,6538.420262925
627.000000000,26.125000000,6539.524431263
627.100000000,26.129166667,6540.628316147
627.200000000,26.133333333,6541.731920494
627.300000000,26.137500000,6542.835245033
627.400000000,26.141666667,6543.938289764
627.500000000,26.145833333,6545.041054687
627.600000000,26.150000000,6546.143539802
627.700000000,26.154166667,6547.245745109
627.800000000,26.158333333,6548.347670607
627.900000000,26.162500000,6549.449316298
628.000000000,26.166666667,6550.550682181
628.100000000,26.170833333,6551.651770090
628.200000000,26.175000000,6552.752582471
628.300000000,26.179166667,6553.853119936
628.400000000,26.183333333,6554.953382525
628.500000000,26.187500000,6556.053370731
628.600000000,26.191666667,6557.153085002
628.700000000,26.195833333,6558.252525338
628.800000000,26.200000000,6559.351691740
628.900000000,26.204166667,6560.450584207
629.000000000,26.208333333,6561.549202740
629.100000000,26.212500000,6562.647549101
629.200000000,26.216666667,6563.745625639
629.300000000,26.220833333,6564.843432942
629.400000000,26.225000000,6565.940971010
629.500000000,26.229166667,6567.038239843
629.600000000,26.233333333,6568.135239441
629.700000000,26.237500000,6569.231969804
629.800000000,26.241666667,6570.328430931
629.900000000,26.245833333,6571.424622824
630.000000000,26.250000000,6572.520545481
630.100000000,26.254166667,6573.616201700
630.200000000,26.258333333,6574.711595209
630.300000000,26.262500000,6575.806726941
630.400000000,26.266666667,6576.901596896
630.500000000,26.270833333,6577.996205073
630.600000000,26.275000000,6579.090551473
630.700000000,26.279166667,6580.184636096
630.800000000,26.283333333,6581.278458941
630.900000000,26.287500000,6582.372020008
631.000000000,26.291666667,6583.465319299
631.100000000,26.295833333,6584.558359717
631.200000000,26.300000000,6585.651145408
631.300000000,26.304166667,6586.743677609
631.400000000,26.308333333,6587.835956322
631.500000000,26.312500000,6588.927981545
631.600000000,26.316666667,6590.019753278
631.700000000,26.320833333,6591.111271523
631.800000000,26.325000000,6592.202536278
631.900000000,26.329166667,6593.293547544
632.000000000,26.333333333,6594.384305321
632.100000000,26.337500000,6595.474811601
632.200000000,26.341666667,6596.565069040
632.300000000,26.345833333,6597.655078303
632.400000000,26.350000000,6598.744839389
632.500000000,26.354166667,6599.834352298
632.600000000,26.358333333,6600.923617032
632.700000000,26.362500000,6602.012633588
632.800000000,26.366666667,6603.101401969
632.900000000,26.370833333,6604.189922238
633.000000000,26.375000000,6605.278194832
633.100000000,26.379166667,6606.366221683
633.200000000,26.383333333,6607.454004871
633.300000000,26.387500000,6608.541544918
633.400000000,26.391666667,6609.628841824
633.500000000,26.395833333,6610.715895589
633.600000000,26.400000000,6611.802706213
633.700000000,26.404166667,6612.889273695
633.800000000,26.408333333,6613.975598036
633.900000000,26.412500000,6615.061679235
634.000000000,26.416666667,6616.147517294
634.100000000,26.420833333,6617.233113638
634.200000000,26.425000000,6618.318470170
634.300000000,26.429166667,6619.403587366
634.400000000,26.433333333,6620.488465226
634.500000000,26.437500000,6621.573103751
634.600000000,26.441666667,6622.657502939
634.700000000,26.445833333,6623.741662791
634.800000000,26.450000000,6624.825583307
634.900000000,26.454166667,6625.909264487
635.000000000,26.458333333,6626.992706331
635.100000000,26.462500000,6628.075910507
635.200000000,26.466666667,6629.158879237
635.300000000,26.470833333,6630.241613078
635.400000000,26.475000000,6631.324112029
635.500000000,26.479166667,6632.406376090
635.600000000,26.483333333,6633.488405262
635.700000000,26.487500000,6634.570199544
635.800000000,26.491666667,6635.651758937
635.900000000,26.495833333,6636.733083440
636.000000000,26.500000000,6637.814173054
636.100000000,26.504166667,6638.895029545
636.200000000,26.508333333,6639.975655271
636.300000000,26.512500000,6641.056050819
636.400000000,26.516666667,6642.136216192
636.500000000,26.520833333,6643.216151387
636.600000000,26.525000000,6644.295856406
636.700000000,26.529166667,6645.375331249
636.800000000,26.533333333,6646.454575914
636.900000000,26.537500000,6647.533590403
637.000000000,26.541666667,6648.612374716
637.100000000,26.545833333,6649.690930448
637.200000000,26.550000000,6650.769259728
637.300000000,26.554166667,6651.847363088
637.400000000,26.558333333,6652.925240529
637.500000000,26.562500000,6654.002892050
637.600000000,26.566666667,6655.080317651
637.700000000,26.570833333,6656.157517333
637.800000000,26.575000000,6657.234491094
637.900000000,26.579166667,6658.311238936
638.000000000,26.583333333,6659.387760858
638.100000000,26.587500000,6660.464058682
638.200000000,26.591666667,6661.540134836
638.300000000,26.595833333,6662.615989928
638.400000000,26.600000000,6663.691623957
638.500000000,26.604166667,6664.767036923
638.600000000,26.608333333,6665.842228827
638.700000000,26.612500000,6666.917199669
638.800000000,26.616666667,6667.991949448
638.900000000,26.620833333,6669.066478164
639.000000000,26.625000000,6670.140785818
639.100000000,26.629166667,6671.214873908
639.200000000,26.633333333,6672.288744434
639.300000000,26.637500000,6673.362397894
639.400000000,26.641666667,6674.435834290
639.500000000,26.645833333,6675.509053621
639.600000000,26.650000000,6676.582055887
639.700000000,26.654166667,6677.654841088
639.800000000,26.658333333,6678.727409224
639.900000000,26.662500000,6679.799760295
640.000000000,26.666666667,6680.871894301
640.100000000,26.670833333,6681.943812841
640.200000000,26.675000000,6683.015518048
640.300000000,26.679166667,6684.087010453
640.400000000,26.683333333,6685.158290058
640.500000000,26.687500000,6686.229356862
640.600000000,26.691666667,6687.300210865
640.700000000,26.695833333,6688.370852068
640.800000000,26.700000000,6689.441280469
640.900000000,26.704166667,6690.511496070
641.000000000,26.708333333,6691.581498870
641.100000000,26.712500000,6692.651290967
641.200000000,26.716666667,6693.720875156
641.300000000,26.720833333,6694.790252137
641.400000000,26.725000000,6695.859421910
641.500000000,26.729166667,6696.928384475
641.600000000,26.733333333,6697.997139831
641.700000000,26.737500000,6699.065687980
641.800000000,26.741666667,6700.134028920
641.900000000,26.745833333,6701.202162652
642.000000000,26.750000000,6702.270089176
642.100000000,26.754166667,6703.337810136
642.200000000,26.758333333,6704.405327726
642.300000000,26.762500000,6705.472642494
642.400000000,26.766666667,6706.539754440
642.500000000,26.770833333,6707.606663564
642.600000000,26.775000000,6708.673369866
642.700000000,26.779166667,6709.739873345
642.800000000,26.783333333,6710.806174002
642.900000000,26.787500000,6711.872271837
643.000000000,26.791666667,6712.938166850
643.100000000,26.795833333,6714.003860275
643.200000000,26.800000000,6715.069353757
643.300000000,26.804166667,6716.134647706
643.400000000,26.808333333,6717.199742124
643.500000000,26.812500000,6718.264637009
643.600000000,26.816666667,6719.329332363
643.700000000,26.820833333,6720.393828184
643.800000000,26.825000000,6721.458124474
643.900000000,26.829166667,6722.522221232
644.000000000,26.833333333,6723.586118457
644.100000000,26.837500000,6724.649817135
644.200000000,26.841666667,6725.713318578
644.300000000,26.845833333,6726.776623114
644.400000000,26.850000000,6727.839730742
644.500000000,26.854166667,6728.902641463
644.600000000,26.858333333,6729.965355277
644.700000000,26.862500000,6731.027872256
644.800000000,26.866666667,6732.090192733
644.900000000,26.870833333,6733.152316973
645.000000000,26.875000000,6734.214244976
645.100000000,26.879166667,6735.275977751
645.200000000,26.883333333,6736.337516647
645.300000000,26.887500000,6737.398862001
645.400000000,26.891666667,6738.460013812
645.500000000,26.895833333,6739.520972081
645.600000000,26.900000000,6740.581736807
645.700000000,26.904166667,6741.642307991
645.800000000,26.908333333,6742.702685632
645.900000000,26.912500000,6743.762869731
646.000000000,26.916666667,6744.822860287
646.100000000,26.920833333,6745.882657986
646.200000000,26.925000000,6746.942263741
646.300000000,26.929166667,6748.001677781
646.400000000,26.933333333,6749.060900106
646.500000000,26.937500000,6750.119930715
646.600000000,26.941666667,6751.178769609
646.700000000,26.945833333,6752.237416788
646.800000000,26.950000000,6753.295872252
646.900000000,26.954166667,6754.354136000
647.000000000,26.958333333,6755.412208034
647.100000000,26.962500000,6756.470089437
647.200000000,26.966666667,6757.527781657
647.300000000,26.970833333,6758.585285055
647.400000000,26.975000000,6759.642599632
647.500000000,26.979166667,6760.699725388
647.600000000,26.983333333,6761.756662322
647.700000000,26.987500000,6762.813410435
647.800000000,26.991666667,6763.869969727
647.900000000,26.995833333,6764.926340197
648.000000000,27.000000000,6765.982521846
648.100000000,27.004166667,6767.038515352
648.200000000,27.008333333,6768.094321622
648.300000000,27.012500000,6769.149940883
648.400000000,27.016666667,6770.205373133
648.500000000,27.020833333,6771.260618373
648.600000000,27.025000000,6772.315676604
648.700000000,27.029166667,6773.370547824
648.800000000,27.033333333,6774.425232035
648.900000000,27.037500000,6775.479729236
649.000000000,27.041666667,6776.534039427
649.100000000,27.045833333,6777.588163335
649.200000000,27.050000000,6778.642101929
649.300000000,27.054166667,6779.695855451
649.400000000,27.058333333,6780.749423903
649.500000000,27.062500000,6781.802807283
649.600000000,27.066666667,6782.856005591
649.700000000,27.070833333,6783.909018828
649.800000000,27.075000000,6784.961846994
649.900000000,27.079166667,6786.014490088
650.000000000,27.083333333,6787.066948111
650.100000000,27.087500000,6788.119221412
650.200000000,27.091666667,6789.171310460
650.300000000,27.095833333,6790.223215371
650.400000000,27.100000000,6791.274936144
650.500000000,27.104166667,6792.326472780
650.600000000,27.108333333,6793.377825278
650.700000000,27.112500000,6794.428993640
650.800000000,27.116666667,6795.479977864
650.900000000,27.120833333,6796.530777951
651.000000000,27.125000000,6797.581393900
651.100000000,27.129166667,6798.631825791
651.200000000,27.133333333,6799.682073726
651.300000000,27.137500000,6800.732137732
651.400000000,27.141666667,6801.782017808
651.500000000,27.145833333,6802.831713956
651.600000000,27.150000000,6803.881226174
651.700000000,27.154166667,6804.930554463
651.800000000,27.158333333,6805.979698823
651.900000000,27.162500000,6807.028659254
652.000000000,27.166666667,6808.077435755
652.100000000,27.170833333,6809.126028167
652.200000000,27.175000000,6810.174436277
652.300000000,27.179166667,6811.222660032
652.400000000,27.183333333,6812.270699430
652.500000000,27.187500000,6813.318554474
652.600000000,27.191666667,6814.366225161
652.700000000,27.195833333,6815.413711493
652.800000000,27.200000000,6816.461013470
652.900000000,27.204166667,6817.508131091
653.000000000,27.208333333,6818.555064356
653.100000000,27.212500000,6819.601813465
653.200000000,27.216666667,6820.648378685
653.300000000,27.220833333,6821.694760082
653.400000000,27.225000000,6822.740957656
653.500000000,27.229166667,6823.786971406
653.600000000,27.233333333,6824.832801334
653.700000000,27.237500000,6825.878447439
653.800000000,27.241666667,6826.923909720
653.900000000,27.245833333,6827.969188179
654.000000000,27.250000000,6829.014282814
654.100000000,27.254166667,6830.059193524
654.200000000,27.258333333,6831.103920173
654.300000000,27.262500000,6832.148462727
654.400000000,27.266666667,6833.192821480
654.500000000,27.270833333,6834.236996737
654.600000000,27.275000000,6835.280988504
654.700000000,27.279166667,6836.324796780
654.800000000,27.283333333,6837.368421768
654.900000000,27.287500000,6838.411863770
655.000000000,27.291666667,6839.455122888
655.100000000,27.295833333,6840.498199105
655.200000000,27.300000000,6841.541092401
655.300000000,27.304166667,6842.583802770
655.400000000,27.308333333,6843.626330212
655.500000000,27.312500000,6844.668674727
655.600000000,27.316666667,6845.710836316
655.700000000,27.320833333,6846.752815193
655.800000000,27.325000000,6847.794611651
655.900000000,27.329166667,6848.836225766
656.000000000,27.333333333,6849.877657538
656.100000000,27.337500000,6850.918906895
656.200000000,27.341666667,6851.959973739
656.300000000,27.345833333,6853.000858046
656.400000000,27.350000000,6854.041559816
656.500000000,27.354166667,6855.082079048
656.600000000,27.358333333,6856.122415744
656.700000000,27.362500000,6857.162569902
656.800000000,27.366666667,6858.202541522
656.900000000,27.370833333,6859.242330606
657.000000000,27.375000000,6860.281937152
657.100000000,27.379166667,6861.321361254
657.200000000,27.383333333,6862.360603079
657.300000000,27.387500000,6863.399662702
657.400000000,27.391666667,6864.438540125
657.500000000,27.395833333,6865.477235347
657.600000000,27.400000000,6866.515748367
657.700000000,27.404166667,6867.554079187
657.800000000,27.408333333,6868.592227805
657.900000000,27.412500000,6869.630194222
658.000000000,27.416666667,6870.667978438
658.100000000,27.420833333,6871.705580224
658.200000000,27.425000000,6872.742999275
658.300000000,27.429166667,6873.780235513
658.400000000,27.433333333,6874.817288941
658.500000000,27.437500000,6875.854159556
658.600000000,27.441666667,6876.890847360
658.700000000,27.445833333,6877.927352352
658.800000000,27.450000000,6878.963674532
658.900000000,27.454166667,6879.999813901
659.000000000,27.458333333,6881.035770458
659.100000000,27.462500000,6882.071543966
659.200000000,27.466666667,6883.107134390
659.300000000,27.470833333,6884.142541930
659.400000000,27.475000000,6885.177766823
659.500000000,27.479166667,6886.212809389
659.600000000,27.483333333,6887.247669716
659.700000000,27.487500000,6888.282347802
659.800000000,27.491666667,6889.316843648
659.900000000,27.495833333,6890.351157253
660.000000000,27.500000000,6891.385288619
660.100000000,27.504166667,6892.419237327
660.200000000,27.508333333,6893.453002822
660.300000000,27.512500000,6894.486584965
660.400000000,27.516666667,6895.519983755
660.500000000,27.520833333,6896.553199192
660.600000000,27.525000000,6897.586231278
660.700000000,27.529166667,6898.619080010
660.800000000,27.533333333,6899.651745391
660.900000000,27.537500000,6900.684227419
661.000000000,27.541666667,6901.716526101
661.100000000,27.545833333,6902.748641247
661.200000000,27.550000000,6903.780572499
661.300000000,27.554166667,6904.812319694
661.400000000,27.558333333,6905.843882833
661.500000000,27.562500000,6906.875261914
661.600000000,27.566666667,6907.906456938
661.700000000,27.570833333,6908.937467906
661.800000000,27.575000000,6909.968294817
661.900000000,27.579166667,6910.998937671
662.000000000,27.583333333,6912.029396468
662.100000000,27.587500000,6913.059670799
662.200000000,27.591666667,6914.089760119
662.300000000,27.595833333,6915.119664293
662.400000000,27.600000000,6916.149383319
662.500000000,27.604166667,6917.178917199
662.600000000,27.608333333,6918.208265932
662.700000000,27.612500000,6919.237429517
662.800000000,27.616666667,6920.266407956
662.900000000,27.620833333,6921.295201248
663.000000000,27.625000000,6922.323809393
663.100000000,27.629166667,6923.352232258
663.200000000,27.633333333,6924.380469667
663.300000000,27.637500000,6925.408521575
663.400000000,27.641666667,6926.436387982
663.500000000,27.645833333,6927.464068888
663.600000000,27.650000000,6928.491564294
663.700000000,27.654166667,6929.518874199
663.800000000,27.658333333,6930.545998844
663.900000000,27.662500000,6931.572938543
664.000000000,27.666666667,6932.599693366
664.100000000,27.670833333,6933.626263511
664.200000000,27.675000000,6934.652649239
664.300000000,27.679166667,6935.678850614
664.400000000,27.683333333,6936.704867636
664.500000000,27.687500000,6937.730700307
664.600000000,27.691666667,6938.756348625
664.700000000,27.695833333,6939.781812590
664.800000000,27.700000000,6940.807092203
664.900000000,27.704166667,6941.832187464
665.000000000,27.708333333,6942.857098373
665.100000000,27.712500000,6943.881825115
665.200000000,27.716666667,6944.906367941
665.300000000,27.720833333,6945.930726912
665.400000000,27.725000000,6946.954902029
665.500000000,27.729166667,6947.978893291
665.600000000,27.733333333,6949.002700698
665.700000000,27.737500000,6950.026324251
665.800000000,27.741666667,6951.049763949
665.900000000,27.745833333,6952.073019792
666.000000000,27.750000000,6953.096091781
666.100000000,27.754166667,6954.118980260
666.200000000,27.758333333,6955.141685689
666.300000000,27.762500000,6956.164208184
666.400000000,27.766666667,6957.186547744
666.500000000,27.770833333,6958.208704370
666.600000000,27.775000000,6959.230678060
666.700000000,27.779166667,6960.252468817
666.800000000,27.783333333,6961.274076788
666.900000000,27.787500000,6962.295502291
667.000000000,27.791666667,6963.316745490
667.100000000,27.795833333,6964.337806808
667.200000000,27.800000000,6965.358686808
667.300000000,27.804166667,6966.379385630
667.400000000,27.808333333,6967.399903275
667.500000000,27.812500000,6968.420239743
667.600000000,27.816666667,6969.440395033
667.700000000,27.820833333,6970.460369145
667.800000000,27.825000000,6971.480162080
667.900000000,27.829166667,6972.499773838
668.000000000,27.833333333,6973.519204418
668.100000000,27.837500000,6974.538454350
668.200000000,27.841666667,6975.557524337
668.300000000,27.845833333,6976.576414558
668.400000000,27.850000000,6977.595125012
668.500000000,27.854166667,6978.613655698
668.600000000,27.858333333,6979.632006617
668.700000000,27.862500000,6980.650177768
668.800000000,27.866666667,6981.668169153
668.900000000,27.870833333,6982.685980770
669.000000000,27.875000000,6983.703612620
669.100000000,27.879166667,6984.721065209
669.200000000,27.883333333,6985.738339213
669.300000000,27.887500000,6986.755434802
669.400000000,27.891666667,6987.772351975
669.500000000,27.895833333,6988.789090732
669.600000000,27.900000000,6989.805651073
669.700000000,27.904166667,6990.822032999
669.800000000,27.908333333,6991.838236508
669.900000000,27.912500000,6992.854261602
670.000000000,27.916666667,6993.870108280
670.100000000,27.920833333,6994.885777216
670.200000000,27.925000000,6995.901269311
670.300000000,27.929166667,6996.916584789
670.400000000,27.933333333,6997.931723649
670.500000000,27.937500000,6998.946685893
670.600000000,27.941666667,6999.961471520
670.700000000,27.945833333,7000.976080529
670.800000000,27.950000000,7001.990512922
670.900000000,27.954166667,7003.004768697
671.000000000,27.958333333,7004.018847856
671.100000000,27.962500000,7005.032751444
671.200000000,27.966666667,7006.046480858
671.300000000,27.970833333,7007.060036499
671.400000000,27.975000000,7008.073418657
671.500000000,27.979166667,7009.086627568
671.600000000,27.983333333,7010.099663234
671.700000000,27.987500000,7011.112525653
671.800000000,27.991666667,7012.125214826
671.900000000,27.995833333,7013.137730753
672.000000000,28.000000000,7014.150073435
672.100000000,28.004166667,7015.162244529
672.200000000,28.008333333,7016.174246248
672.300000000,28.012500000,7017.186079145
672.400000000,28.016666667,7018.197743220
672.500000000,28.020833333,7019.209238473
672.600000000,28.025000000,7020.220564904
672.700000000,28.029166667,7021.231722513
672.800000000,28.033333333,7022.242711300
672.900000000,28.037500000,7023.253531265
673.000000000,28.041666667,7024.264182409
673.100000000,28.045833333,7025.274665705
673.200000000,28.050000000,7026.284982455
673.300000000,28.054166667,7027.295132984
673.400000000,28.058333333,7028.305117292
673.500000000,28.062500000,7029.314935378
673.600000000,28.066666667,7030.324587243
673.700000000,28.070833333,7031.334072887
673.800000000,28.075000000,7032.343392310
673.900000000,28.079166667,7033.352545511
674.000000000,28.083333333,7034.361532492
674.100000000,28.087500000,7035.370354367
674.200000000,28.091666667,7036.379012626
674.300000000,28.095833333,7037.387507640
674.400000000,28.100000000,7038.395839410
674.500000000,28.104166667,7039.404007936
674.600000000,28.108333333,7040.412013218
674.700000000,28.112500000,7041.419855255
674.800000000,28.116666667,7042.427534048
674.900000000,28.120833333,7043.435049597
675.000000000,28.125000000,7044.442401901
675.100000000,28.129166667,7045.449592089
675.200000000,28.133333333,7046.456621664
675.300000000,28.137500000,7047.463491003
675.400000000,28.141666667,7048.470200105
675.500000000,28.145833333,7049.476748970
675.600000000,28.150000000,7050.483137598
675.700000000,28.154166667,7051.489365990
675.800000000,28.158333333,7052.495434145
675.900000000,28.162500000,7053.501342064
676.000000000,28.166666667,7054.507089746
676.100000000,28.170833333,7055.512678372
676.200000000,28.175000000,7056.518109517
676.300000000,28.179166667,7057.523383576
676.400000000,28.183333333,7058.528500547
676.500000000,28.187500000,7059.533460432
676.600000000,28.191666667,7060.538263229
676.700000000,28.195833333,7061.542908940
676.800000000,28.200000000,7062.547397563
676.900000000,28.204166667,7063.551729100
677.000000000,28.208333333,7064.555903549
677.100000000,28.212500000,7065.559921871
677.200000000,28.216666667,7066.563785345
677.300000000,28.220833333,7067.567494291
677.400000000,28.225000000,7068.571048708
677.500000000,28.229166667,7069.574448597
677.600000000,28.233333333,7070.577693958
677.700000000,28.237500000,7071.580784790
677.800000000,28.241666667,7072.583721095
677.900000000,28.245833333,7073.586502870
678.000000000,28.250000000,7074.589130118
678.100000000,28.254166667,7075.591603761
678.200000000,28.258333333,7076.593925030
678.300000000,28.262500000,7077.596094234
678.400000000,28.266666667,7078.598111371
678.500000000,28.270833333,7079.599976443
678.600000000,28.275000000,7080.601689449
678.700000000,28.279166667,7081.603250389
678.800000000,28.283333333,7082.604659264
678.900000000,28.287500000,7083.605916072
679.000000000,28.291666667,7084.607020815
679.100000000,28.295833333,7085.607974450
679.200000000,28.300000000,7086.608778253
679.300000000,28.304166667,7087.609432543
679.400000000,28.308333333,7088.609937320
679.500000000,28.312500000,7089.610292585
679.600000000,28.316666667,7090.610498338
679.700000000,28.320833333,7091.610554578
679.800000000,28.325000000,7092.610461305
679.900000000,28.329166667,7093.610218520
680.000000000,28.333333333,7094.609826222
680.100000000,28.337500000,7095.609285399
680.200000000,28.341666667,7096.608597367
680.300000000,28.345833333,7097.607762456
680.400000000,28.350000000,7098.606780665
680.500000000,28.354166667,7099.605651994
680.600000000,28.358333333,7100.604376443
680.700000000,28.362500000,7101.602954013
680.800000000,28.366666667,7102.601384704
680.900000000,28.370833333,7103.599668514
681.000000000,28.375000000,7104.597805446
681.100000000,28.379166667,7105.595796504
681.200000000,28.383333333,7106.593643032
681.300000000,28.387500000,7107.591345366
681.400000000,28.391666667,7108.588903505
681.500000000,28.395833333,7109.586317449
681.600000000,28.400000000,7110.583587199
681.700000000,28.404166667,7111.580712755
681.800000000,28.408333333,7112.577694116
681.900000000,28.412500000,7113.574531282
682.000000000,28.416666667,7114.571224254
682.100000000,28.420833333,7115.567773932
682.200000000,28.425000000,7116.564181515
682.300000000,28.429166667,7117.560447305
682.400000000,28.433333333,7118.556571301
682.500000000,28.437500000,7119.552553504
682.600000000,28.441666667,7120.548393913
682.700000000,28.445833333,7121.544092528
682.800000000,28.450000000,7122.539649349
682.900000000,28.454166667,7123.535064376
683.000000000,28.458333333,7124.530337610
683.100000000,28.462500000,7125.525469708
683.200000000,28.466666667,7126.520461547
683.300000000,28.470833333,7127.515313348
683.400000000,28.475000000,7128.510025109
683.500000000,28.479166667,7129.504596831
683.600000000,28.483333333,7130.499028514
683.700000000,28.487500000,7131.493320157
683.800000000,28.491666667,7132.487471762
683.900000000,28.495833333,7133.481483327
684.000000000,28.500000000,7134.475354854
684.100000000,28.504166667,7135.469087690
684.200000000,28.508333333,7136.462683634
684.300000000,28.512500000,7137.456143137
684.400000000,28.516666667,7138.449466198
684.500000000,28.520833333,7139.442652818
684.600000000,28.525000000,7140.435702996
684.700000000,28.529166667,7141.428616732
684.800000000,28.533333333,7142.421394026
684.900000000,28.537500000,7143.414034878
685.000000000,28.541666667,7144.406539289
685.100000000,28.545833333,7145.398908105
685.200000000,28.550000000,7146.391142458
685.300000000,28.554166667,7147.383242629
685.400000000,28.558333333,7148.375208620
685.500000000,28.562500000,7149.367040428
685.600000000,28.566666667,7150.358738056
685.700000000,28.570833333,7151.350301502
685.800000000,28.575000000,7152.341730767
685.900000000,28.579166667,7153.333025851
686.000000000,28.583333333,7154.324186753
686.100000000,28.587500000,7155.315213950
686.200000000,28.591666667,7156.306108076
686.300000000,28.595833333,7157.296869289
686.400000000,28.600000000,7158.287497589
686.500000000,28.604166667,7159.277992977
686.600000000,28.608333333,7160.268355452
686.700000000,28.612500000,7161.258585015
686.800000000,28.616666667,7162.248681665
686.900000000,28.620833333,7163.238645402
687.000000000,28.625000000,7164.228476227
687.100000000,28.629166667,7165.218174575
687.200000000,28.633333333,7166.207741027
687.300000000,28.637500000,7167.197175728
687.400000000,28.641666667,7168.186478679
687.500000000,28.645833333,7169.175649879
687.600000000,28.650000000,7170.164689328
687.700000000,28.654166667,7171.153597027
687.800000000,28.658333333,7172.142372975
687.900000000,28.662500000,7173.131017173
688.000000000,28.666666667,7174.119529619
688.100000000,28.670833333,7175.107910713
688.200000000,28.675000000,7176.096160986
688.300000000,28.679166667,7177.084280569
688.400000000,28.683333333,7178.072269463
688.500000000,28.687500000,7179.060127669
688.600000000,28.691666667,7180.047855185
688.700000000,28.695833333,7181.035452012
688.800000000,28.700000000,7182.022918150
688.900000000,28.704166667,7183.010253598
689.000000000,28.708333333,7183.997458358
689.100000000,28.712500000,7184.984532850
689.200000000,28.716666667,7185.971477636
689.300000000,28.720833333,7186.958292857
689.400000000,28.725000000,7187.944978513
689.500000000,28.729166667,7188.931534603
689.600000000,28.733333333,7189.917961128
689.700000000,28.737500000,7190.904258087
689.800000000,28.741666667,7191.890425481
689.900000000,28.745833333,7192.876463310
690.000000000,28.750000000,7193.862371573
690.100000000,28.754166667,7194.848150891
690.200000000,28.758333333,7195.833802091
690.300000000,28.762500000,7196.819325380
690.400000000,28.766666667,7197.804720757
690.500000000,28.770833333,7198.789988223
690.600000000,28.775000000,7199.775127777
690.700000000,28.779166667,7200.760139420
690.800000000,28.783333333,7201.745023152
690.900000000,28.787500000,7202.729778972
691.000000000,28.791666667,7203.714406881
691.100000000,28.795833333,7204.698907618
691.200000000,28.800000000,7205.683282173
691.300000000,28.804166667,7206.667530792
691.400000000,28.808333333,7207.651653474
691.500000000,28.812500000,7208.635650219
691.600000000,28.816666667,7209.619521029
691.700000000,28.820833333,7210.603265902
691.800000000,28.825000000,7211.586884839
691.900000000,28.829166667,7212.570377844
692.000000000,28.833333333,7213.553745129
692.100000000,28.837500000,7214.536987444
692.200000000,28.841666667,7215.520105516
692.300000000,28.845833333,7216.503099526
692.400000000,28.850000000,7217.485969473
692.500000000,28.854166667,7218.468715358
692.600000000,28.858333333,7219.451337182
692.700000000,28.862500000,7220.433835039
692.800000000,28.866666667,7221.416209135
692.900000000,28.870833333,7222.398459577
693.000000000,28.875000000,7223.380586366
693.100000000,28.879166667,7224.362589923
693.200000000,28.883333333,7225.344470810
693.300000000,28.887500000,7226.326229166
693.400000000,28.891666667,7227.307864994
693.500000000,28.895833333,7228.289378291
693.600000000,28.900000000,7229.270769059
693.700000000,28.904166667,7230.252037297
693.800000000,28.908333333,7231.233183005
693.900000000,28.912500000,7232.214206184
694.000000000,28.916666667,7233.195106833
694.100000000,28.920833333,7234.175885250
694.200000000,28.925000000,7235.156541831
694.300000000,28.929166667,7236.137076676
694.400000000,28.933333333,7237.117489785
694.500000000,28.937500000,7238.097781158
694.600000000,28.941666667,7239.077950794
694.700000000,28.945833333,7240.057998695
694.800000000,28.950000000,7241.037924859
694.900000000,28.954166667,7242.017729287
695.000000000,28.958333333,7242.997411978
695.100000000,28.962500000,7243.976973095
695.200000000,28.966666667,7244.956412852
695.300000000,28.970833333,7245.935731303
695.400000000,28.975000000,7246.914928449
695.500000000,28.979166667,7247.894004288
695.600000000,28.983333333,7248.872958821
695.700000000,28.987500000,7249.851792049
695.800000000,28.991666667,7250.830503970
695.900000000,28.995833333,7251.809094586
696.000000000,29.000000000,7252.787563895
696.100000000,29.004166667,7253.765911872
696.200000000,29.008333333,7254.744138478
696.300000000,29.012500000,7255.722243704
696.400000000,29.016666667,7256.700227552
696.500000000,29.020833333,7257.678090019
696.600000000,29.025000000,7258.655831108
696.700000000,29.029166667,7259.633450817
696.800000000,29.033333333,7260.610949147
696.900000000,29.037500000,7261.588326097
697.000000000,29.041666667,7262.565581668
697.100000000,29.045833333,7263.542715945
697.200000000,29.050000000,7264.519729041
697.300000000,29.054166667,7265.496620986
697.400000000,29.058333333,7266.473391779
697.500000000,29.062500000,7267.450041420
697.600000000,29.066666667,7268.426569909
697.700000000,29.070833333,7269.402977246
697.800000000,29.075000000,7270.379263431
697.900000000,29.079166667,7271.355428465
698.000000000,29.083333333,7272.331472346
698.100000000,29.087500000,7273.307395056
698.200000000,29.091666667,7274.283196661
698.300000000,29.095833333,7275.258877249
698.400000000,29.100000000,7276.234436819
698.500000000,29.104166667,7277.209875373
698.600000000,29.108333333,7278.185192910
698.700000000,29.112500000,7279.160389429
698.800000000,29.116666667,7280.135464932
698.900000000,29.120833333,7281.110419527
699.000000000,29.125000000,7282.085253417
699.100000000,29.129166667,7283.059966649
699.200000000,29.133333333,7284.034559172
699.300000000,29.137500000,7285.009030971
699.400000000,29.141666667,7285.983382046
699.500000000,29.145833333,7286.957612397
699.600000000,29.150000000,7287.931722025
699.700000000,29.154166667,7288.905710929
699.800000000,29.158333333,7289.879579110
699.900000000,29.162500000,7290.853326567
700.000000000,29.166666667,7291.826953300
700.100000000,29.170833333,7292.800459379
700.200000000,29.175000000,7293.773844900
700.300000000,29.179166667,7294.747109884
700.400000000,29.183333333,7295.720254332
700.500000000,29.187500000,7296.693278244
700.600000000,29.191666667,7297.666181619
700.700000000,29.195833333,7298.638964459
700.800000000,29.200000000,7299.611626762
700.900000000,29.204166667,7300.584168530
701.000000000,29.208333333,7301.556589761
701.100000000,29.212500000,7302.528890648
701.200000000,29.216666667,7303.501071446
701.300000000,29.220833333,7304.473132218
701.400000000,29.225000000,7305.445072966
701.500000000,29.229166667,7306.416893689
701.600000000,29.233333333,7307.388594386
701.700000000,29.237500000,7308.360175058
701.800000000,29.241666667,7309.331635705
701.900000000,29.245833333,7310.302976327
702.000000000,29.250000000,7311.274196924
702.100000000,29.254166667,7312.245297439
702.200000000,29.258333333,7313.216277797
702.300000000,29.262500000,7314.187137979
702.400000000,29.266666667,7315.157877984
702.500000000,29.270833333,7316.128497813
702.600000000,29.275000000,7317.098997466
702.700000000,29.279166667,7318.069376942
702.800000000,29.283333333,7319.039636242
702.900000000,29.287500000,7320.009775366
703.000000000,29.291666667,7320.979794314
703.100000000,29.295833333,7321.949693213
703.200000000,29.300000000,7322.919472233
703.300000000,29.304166667,7323.889131417
703.400000000,29.308333333,7324.858670765
703.500000000,29.312500000,7325.828090277
703.600000000,29.316666667,7326.797389953
703.700000000,29.320833333,7327.766569792
703.800000000,29.325000000,7328.735629795
703.900000000,29.329166667,7329.704569962
704.000000000,29.333333333,7330.673390293
704.100000000,29.337500000,7331.642091019
704.200000000,29.341666667,7332.610672450
704.300000000,29.345833333,7333.579134661
704.400000000,29.350000000,7334.547477654
704.500000000,29.354166667,7335.515701427
704.600000000,29.358333333,7336.483805982
704.700000000,29.362500000,7337.451791318
704.800000000,29.366666667,7338.419657436
704.900000000,29.370833333,7339.387404334
705.000000000,29.375000000,7340.355032014
705.100000000,29.379166667,7341.322540539
705.200000000,29.383333333,7342.289929996
705.300000000,29.387500000,7343.257200405
705.400000000,29.391666667,7344.224351767
705.500000000,29.395833333,7345.191384082
705.600000000,29.400000000,7346.158297349
705.700000000,29.404166667,7347.125091569
705.800000000,29.408333333,7348.091766742
705.900000000,29.412500000,7349.058322867
706.000000000,29.416666667,7350.024759945
706.100000000,29.420833333,7350.991078157
706.200000000,29.425000000,7351.957277742
706.300000000,29.429166667,7352.923358762
706.400000000,29.433333333,7353.889321216
706.500000000,29.437500000,7354.855165105
706.600000000,29.441666667,7355.820890428
706.700000000,29.445833333,7356.786497185
706.800000000,29.450000000,7357.751985376
706.900000000,29.454166667,7358.717355002
707.000000000,29.458333333,7359.682606062
707.100000000,29.462500000,7360.647738815
707.200000000,29.466666667,7361.612753607
707.300000000,29.470833333,7362.577650523
707.400000000,29.475000000,7363.542429564
707.500000000,29.479166667,7364.507090729
707.600000000,29.483333333,7365.471634019
707.700000000,29.487500000,7366.436059433
707.800000000,29.491666667,7367.400366972
707.900000000,29.495833333,7368.364556636
708.000000000,29.500000000,7369.328628424
708.100000000,29.504166667,7370.292582632
708.200000000,29.508333333,7371.256419656
708.300000000,29.512500000,7372.220139592
708.400000000,29.516666667,7373.183742442
708.500000000,29.520833333,7374.147228205
708.600000000,29.525000000,7375.110596881
708.700000000,29.529166667,7376.073848471
708.800000000,29.533333333,7377.036982973
708.900000000,29.537500000,7378.000000390
709.000000000,29.541666667,7378.962900719
709.100000000,29.545833333,7379.925684341
709.200000000,29.550000000,7380.888351763
709.300000000,29.554166667,7381.850903111
709.400000000,29.558333333,7382.813338385
709.500000000,29.562500000,7383.775657585
709.600000000,29.566666667,7384.737860711
709.700000000,29.570833333,7385.699947763
709.800000000,29.575000000,7386.661918741
709.900000000,29.579166667,7387.623773645
710.000000000,29.583333333,7388.585512474
710.100000000,29.587500000,7389.547135707
710.200000000,29.591666667,7390.508643977
710.300000000,29.595833333,7391.470037443
710.400000000,29.600000000,7392.431316106
710.500000000,29.604166667,7393.392479965
710.600000000,29.608333333,7394.353529020
710.700000000,29.612500000,7395.314463272
710.800000000,29.616666667,7396.275282721
710.900000000,29.620833333,7397.235987365
711.000000000,29.625000000,7398.196577207
711.100000000,29.629166667,7399.157052804
711.200000000,29.633333333,7400.117414903
711.300000000,29.637500000,7401.077663691
711.400000000,29.641666667,7402.037799168
711.500000000,29.645833333,7402.997821334
711.600000000,29.650000000,7403.957730189
711.700000000,29.654166667,7404.917525732
711.800000000,29.658333333,7405.877207964
711.900000000,29.662500000,7406.836776885
712.000000000,29.666666667,7407.796232494
712.100000000,29.670833333,7408.755575431
712.200000000,29.675000000,7409.714806545
712.300000000,29.679166667,7410.673926049
712.400000000,29.683333333,7411.632933943
712.500000000,29.687500000,7412.591830227
712.600000000,29.691666667,7413.550614901
712.700000000,29.695833333,7414.509287966
712.800000000,29.700000000,7415.467849421
712.900000000,29.704166667,7416.426299266
713.000000000,29.708333333,7417.384637501
713.100000000,29.712500000,7418.342864877
713.200000000,29.716666667,7419.300982396
713.300000000,29.720833333,7420.258990309
713.400000000,29.725000000,7421.216888615
713.500000000,29.729166667,7422.174677314
713.600000000,29.733333333,7423.132356407
713.700000000,29.737500000,7424.089925893
713.800000000,29.741666667,7425.047385772
713.900000000,29.745833333,7426.004736045
714.000000000,29.750000000,7426.961976710
714.100000000,29.754166667,7427.919108536
714.200000000,29.758333333,7428.876132542
714.300000000,29.762500000,7429.833048984
714.400000000,29.766666667,7430.789857862
714.500000000,29.770833333,7431.746559176
714.600000000,29.775000000,7432.703152926
714.700000000,29.779166667,7433.659639113
714.800000000,29.783333333,7434.616017735
714.900000000,29.787500000,7435.572288794
715.000000000,29.791666667,7436.528452289
715.100000000,29.795833333,7437.484508936
715.200000000,29.800000000,7438.440459692
715.300000000,29.804166667,7439.396304794
715.400000000,29.808333333,7440.352044244
715.500000000,29.812500000,7441.307678040
715.600000000,29.816666667,7442.263206184
715.700000000,29.820833333,7443.218628674
715.800000000,29.825000000,7444.173945512
715.900000000,29.829166667,7445.129156696
716.000000000,29.833333333,7446.084262228
716.100000000,29.837500000,7447.039262941
716.200000000,29.841666667,7447.994159948
716.300000000,29.845833333,7448.948953529
716.400000000,29.850000000,7449.903643682
716.500000000,29.854166667,7450.858230408
716.600000000,29.858333333,7451.812713707
716.700000000,29.862500000,7452.767093578
716.800000000,29.866666667,7453.721370023
716.900000000,29.870833333,7454.675543040
717.000000000,29.875000000,7455.629612630
717.100000000,29.879166667,7456.583579616
717.200000000,29.883333333,7457.537445098
717.300000000,29.887500000,7458.491209349
717.400000000,29.891666667,7459.444872370
717.500000000,29.895833333,7460.398434160
717.600000000,29.900000000,7461.351894720
717.700000000,29.904166667,7462.305254050
717.800000000,29.908333333,7463.258512149
717.900000000,29.912500000,7464.211669018
718.000000000,29.916666667,7465.164724657
718.100000000,29.920833333,7466.117679863
718.200000000,29.925000000,7467.070535701
718.300000000,29.929166667,7468.023292438
718.400000000,29.933333333,7468.975950072
718.500000000,29.937500000,7469.928508605
718.600000000,29.941666667,7470.880968035
718.700000000,29.945833333,7471.833328364
718.800000000,29.950000000,7472.785589590
718.900000000,29.954166667,7473.737751715
719.000000000,29.958333333,7474.689814738
719.100000000,29.962500000,7475.641779274
719.200000000,29.966666667,7476.593646145
719.300000000,29.970833333,7477.545415557
719.400000000,29.975000000,7478.497087508
719.500000000,29.979166667,7479.448661999
719.600000000,29.983333333,7480.400139031
719.700000000,29.987500000,7481.351518603
719.800000000,29.991666667,7482.302800714
719.900000000,29.995833333,7483.253985366
720.000000000,30.000000000,7484.205072558
720.100000000,30.004166667,7485.156063054
720.200000000,30.008333333,7486.106957872
720.300000000,30.012500000,7487.057757269
720.400000000,30.016666667,7488.008461243
720.500000000,30.020833333,7488.959069794
720.600000000,30.025000000,7489.909582923
720.700000000,30.029166667,7490.860000630
720.800000000,30.033333333,7491.810322915
720.900000000,30.037500000,7492.760549777
721.000000000,30.041666667,7493.710681216
721.100000000,30.045833333,7494.660717966
721.200000000,30.050000000,7495.610661002
721.300000000,30.054166667,7496.560510569
721.400000000,30.058333333,7497.510266667
721.500000000,30.062500000,7498.459929296
721.600000000,30.066666667,7499.409498456
721.700000000,30.070833333,7500.358974147
721.800000000,30.075000000,7501.308356368
721.900000000,30.079166667,7502.257645121
722.000000000,30.083333333,7503.206840404
722.100000000,30.087500000,7504.155942938
722.200000000,30.091666667,7505.104953681
722.300000000,30.095833333,7506.053872874
722.400000000,30.100000000,7507.002700517
722.500000000,30.104166667,7507.951436609
722.600000000,30.108333333,7508.900081151
722.700000000,30.112500000,7509.848634143
722.800000000,30.116666667,7510.797095585
722.900000000,30.120833333,7511.745465476
723.000000000,30.125000000,7512.693743816
723.100000000,30.129166667,7513.641931317
723.200000000,30.133333333,7514.590028925
723.300000000,30.137500000,7515.538036877
723.400000000,30.141666667,7516.485955173
723.500000000,30.145833333,7517.433783813
723.600000000,30.150000000,7518.381522796
723.700000000,30.154166667,7519.329172124
723.800000000,30.158333333,7520.276731796
723.900000000,30.162500000,7521.224201812
724.000000000,30.166666667,7522.171582172
724.100000000,30.170833333,7523.118873573
724.200000000,30.175000000,7524.066076942
724.300000000,30.179166667,7525.013192513
724.400000000,30.183333333,7525.960220284
724.500000000,30.187500000,7526.907160257
724.600000000,30.191666667,7527.854012431
724.700000000,30.195833333,7528.800776807
724.800000000,30.200000000,7529.747453383
724.900000000,30.204166667,7530.694042161
725.000000000,30.208333333,7531.640543139
725.100000000,30.212500000,7532.586956993
725.200000000,30.216666667,7533.533284621
725.300000000,30.220833333,7534.479526248
725.400000000,30.225000000,7535.425681874
725.500000000,30.229166667,7536.371751498
725.600000000,30.233333333,7537.317735122
725.700000000,30.237500000,7538.263632743
725.800000000,30.241666667,7539.209444364
725.850601953,30.243775081,7539.688000000
960.000000000,40.000000000,7539.688000000
960.000000000,40.000000000,7539.688000000
960.100000000,40.004166667,7567.498950916
960.200000000,40.008333333,7609.859890127
960.300000000,40.012500000,7662.743730081
960.400000000,40.016666667,7722.123383228
960.500000000,40.020833333,7783.971762017
960.600000000,40.025000000,7844.261778898
960.700000000,40.029166667,7898.966346320
960.800000000,40.033333333,7944.058376733
960.900000000,40.037500000,7975.510782586
961.000000000,40.041666667,7989.296476327
961.100000000,40.045833333,7992.922014670
961.200000000,40.050000000,7996.209064909
961.300000000,40.054166667,7999.459193851
961.400000000,40.058333333,8002.672401496
961.500000000,40.062500000,8005.848687844
961.600000000,40.066666667,8008.988052895
961.700000000,40.070833333,8012.090496650
961.800000000,40.075000000,8015.156019107
961.900000000,40.079166667,8018.184620266
962.000000000,40.083333333,8021.176300129
962.100000000,40.087500000,8024.132767354
962.200000000,40.091666667,8027.062809331
962.300000000,40.095833333,8029.973504792
962.400000000,40.100000000,8032.864853737
962.500000000,40.104166667,8035.736856167
962.600000000,40.108333333,8038.589512080
962.700000000,40.112500000,8041.422821477
962.800000000,40.116666667,8044.236784359
962.900000000,40.120833333,8047.031400724
963.000000000,40.125000000,8049.806670573
963.100000000,40.129166667,8052.564116717
963.200000000,40.133333333,8055.306784777
963.300000000,40.137500000,8058.036197564
963.400000000,40.141666667,8060.752355079
963.500000000,40.145833333,8063.455257320
963.600000000,40.150000000,8066.144904289
963.700000000,40.154166667,8068.821295984
963.800000000,40.158333333,8071.484432407
963.900000000,40.162500000,8074.134313557
964.000000000,40.166666667,8076.770939434
964.100000000,40.170833333,8079.395105814
964.200000000,40.175000000,8082.008404253
964.300000000,40.179166667,8084.611630526
964.400000000,40.183333333,8087.204784633
964.500000000,40.187500000,8089.787866575
964.600000000,40.191666667,8092.360876351
964.700000000,40.195833333,8094.923813962
964.800000000,40.200000000,8097.476679407
964.900000000,40.204166667,8100.019472686
965.000000000,40.208333333,8102.552193800
965.100000000,40.212500000,8105.075250043
965.200000000,40.216666667,8107.589456004
965.300000000,40.220833333,8110.095218978
965.400000000,40.225000000,8112.592538963
965.500000000,40.229166667,8115.081415962
965.600000000,40.233333333,8117.561849972
965.700000000,40.237500000,8120.033840995
965.800000000,40.241666667,8122.497389031
965.900000000,40.245833333,8124.952494079
966.000000000,40.250000000,8127.399156139
966.100000000,40.254166667,8129.837656528
966.200000000,40.258333333,8132.268557878
966.300000000,40.262500000,8134.692141503
966.400000000,40.266666667,8137.108407405
966.500000000,40.270833333,8139.517355584
966.600000000,40.275000000,8141.918986039
966.700000000,40.279166667,8144.313298770
966.800000000,40.283333333,8146.700293778
966.900000000,40.287500000,8149.079971062
967.000000000,40.291666667,8151.452330623
967.100000000,40.295833333,8153.818109864
967.200000000,40.300000000,8156.178783594
967.300000000,40.304166667,8158.535089218
967.400000000,40.308333333,8160.887026735
967.500000000,40.312500000,8163.234596145
967.600000000,40.316666667,8165.577797449
967.700000000,40.320833333,8167.916630646
967.800000000,40.325000000,8170.251095736
967.900000000,40.329166667,8172.581192719
968.000000000,40.333333333,8174.906921596
968.100000000,40.337500000,8177.227983370
968.200000000,40.341666667,8179.543780049
968.300000000,40.345833333,8181.854012638
968.400000000,40.350000000,8184.158681135
968.500000000,40.354166667,8186.457785542
968.600000000,40.358333333,8188.751325857
968.700000000,40.362500000,8191.039302082
968.800000000,40.366666667,8193.321714216
968.900000000,40.370833333,8195.598562259
969.000000000,40.375000000,8197.869846211
969.100000000,40.379166667,8200.136026155
969.200000000,40.383333333,8202.398022258
969.300000000,40.387500000,8204.656294601
969.400000000,40.391666667,8206.910843185
969.500000000,40.395833333,8209.161668010
969.600000000,40.400000000,8211.408769075
969.700000000,40.404166667,8213.652146382
969.800000000,40.408333333,8215.891799929
969.900000000,40.412500000,8218.127729718
970.000000000,40.416666667,8220.359935747
970.100000000,40.420833333,8222.588623853
970.200000000,40.425000000,8224.814205704
970.300000000,40.429166667,8227.036887137
970.400000000,40.433333333,8229.256668151
970.500000000,40.437500000,8231.473548747
970.600000000,40.441666667,8233.687528924
970.700000000,40.445833333,8235.898608682
970.800000000,40.450000000,8238.106788022
970.900000000,40.454166667,8240.312066943
971.000000000,40.458333333,8242.514445445
971.100000000,40.462500000,8244.713827249
971.200000000,40.466666667,8246.910019793
971.300000000,40.470833333,8249.102926798
971.400000000,40.475000000,8251.292548264
971.500000000,40.479166667,8253.478884189
971.600000000,40.483333333,8255.661934576
971.700000000,40.487500000,8257.841699423
971.800000000,40.491666667,8260.018178730
971.900000000,40.495833333,8262.191372498
972.000000000,40.500000000,8264.361280727
972.100000000,40.504166667,8266.528051751
972.200000000,40.508333333,8268.691982240
972.300000000,40.512500000,8270.853220528
972.400000000,40.516666667,8273.011766615
972.500000000,40.520833333,8275.167620503
972.600000000,40.525000000,8277.320782189
972.700000000,40.529166667,8279.471251676
972.800000000,40.533333333,8281.619028962
972.900000000,40.537500000,8283.764114047
973.000000000,40.541666667,8285.906506932
973.100000000,40.545833333,8288.046335812
973.200000000,40.550000000,8290.183857077
973.300000000,40.554166667,8292.319198923
973.400000000,40.558333333,8294.452361350
973.500000000,40.562500000,8296.583344359
973.600000000,40.566666667,8298.712147948
973.700000000,40.570833333,8300.838772118
973.800000000,40.575000000,8302.963216868
973.900000000,40.579166667,8305.085482200
974.000000000,40.583333333,8307.205568113
974.100000000,40.587500000,8309.323525157
974.200000000,40.591666667,8311.439454434
974.300000000,40.595833333,8313.553406495
974.400000000,40.600000000,8315.665381339
974.500000000,40.604166667,8317.775378966
974.600000000,40.608333333,8319.883399377
974.700000000,40.612500000,8321.989442571
974.800000000,40.616666667,8324.093508548
974.900000000,40.620833333,8326.195597309
975.000000000,40.625000000,8328.295708854
975.100000000,40.629166667,8330.393817423
975.200000000,40.633333333,8332.489871499
975.300000000,40.637500000,8334.583845325
975.400000000,40.641666667,8336.675738899
975.500000000,40.645833333,8338.765552222
975.600000000,40.650000000,8340.853285294
975.700000000,40.654166667,8342.938938115
975.800000000,40.658333333,8345.022510685
975.900000000,40.662500000,8347.104003003
976.000000000,40.666666667,8349.183415070
976.100000000,40.670833333,8351.260723923
976.200000000,40.675000000,8353.335883634
976.300000000,40.679166667,8355.408871239
976.400000000,40.683333333,8357.479686740
976.500000000,40.687500000,8359.548330135
976.600000000,40.691666667,8361.614801425
976.700000000,40.695833333,8363.679100610
976.800000000,40.700000000,8365.741227690
976.900000000,40.704166667,8367.801182664
977.000000000,40.708333333,8369.858965533
977.100000000,40.712500000,8371.914598366
977.200000000,40.716666667,8373.968125297
977.300000000,40.720833333,8376.019568396
977.400000000,40.725000000,8378.068927662
977.500000000,40.729166667,8380.116203095
977.600000000,40.733333333,8382.161394695
977.700000000,40.737500000,8384.204502463
977.800000000,40.741666667,8386.245526398
977.900000000,40.745833333,8388.284466501
978.000000000,40.750000000,8390.321322771
978.100000000,40.754166667,8392.356167187
978.200000000,40.758333333,8394.389143707
978.300000000,40.762500000,8396.420324310
978.400000000,40.766666667,8398.449708997
978.500000000,40.770833333,8400.477297767
978.600000000,40.775000000,8402.503090620
978.700000000,40.779166667,8404.527087556
978.800000000,40.783333333,8406.549288576
978.900000000,40.787500000,8408.569693679
979.000000000,40.791666667,8410.588302865
979.100000000,40.795833333,8412.605151405
979.200000000,40.800000000,8414.620309841
979.300000000,40.804166667,8416.633813444
979.400000000,40.808333333,8418.645662214
979.500000000,40.812500000,8420.655856151
979.600000000,40.816666667,8422.664395255
979.700000000,40.820833333,8424.671279526
979.800000000,40.825000000,8426.676508963
979.900000000,40.829166667,8428.680083568
980.000000000,40.833333333,8430.682003339
980.100000000,40.837500000,8432.682309776
980.200000000,40.841666667,8434.681085874
980.300000000,40.845833333,8436.678373133
980.400000000,40.850000000,8438.674171552
980.500000000,40.854166667,8440.668481132
980.600000000,40.858333333,8442.661301872
980.700000000,40.862500000,8444.652633772
980.800000000,40.866666667,8446.642476832
980.900000000,40.870833333,8448.630831053
981.000000000,40.875000000,8450.617696434
981.100000000,40.879166667,8452.603115857
981.200000000,40.883333333,8454.587175088
981.300000000,40.887500000,8456.569917008
981.400000000,40.891666667,8458.551341617
981.500000000,40.895833333,8460.531448915
981.600000000,40.900000000,8462.510238903
981.700000000,40.904166667,8464.487711579
981.800000000,40.908333333,8466.463866945
981.900000000,40.912500000,8468.438705001
982.000000000,40.916666667,8470.412225745
982.100000000,40.920833333,8472.384439892
982.200000000,40.925000000,8474.355368866
982.300000000,40.929166667,8476.325023381
982.400000000,40.933333333,8478.293403437
982.500000000,40.937500000,8480.260509033
982.600000000,40.941666667,8482.226340170
982.700000000,40.945833333,8484.190896848
982.800000000,40.950000000,8486.154179066
982.900000000,40.954166667,8488.116186825
983.000000000,40.958333333,8490.076920125
983.100000000,40.962500000,8492.036394035
983.200000000,40.966666667,8493.994638696
983.300000000,40.970833333,8495.951669176
983.400000000,40.975000000,8497.907485477
983.500000000,40.979166667,8499.862087598
983.600000000,40.983333333,8501.815475538
983.700000000,40.987500000,8503.767649300
983.800000000,40.991666667,8505.718608881
983.900000000,40.995833333,8507.668354282
984.000000000,41.000000000,8509.616885503
984.100000000,41.004166667,8511.564193641
984.200000000,41.008333333,8513.510260890
984.300000000,41.012500000,8515.455078345
984.400000000,41.016666667,8517.398646007
984.500000000,41.020833333,8519.340963876
984.600000000,41.025000000,8521.282031952
984.700000000,41.029166667,8523.221850235
984.800000000,41.033333333,8525.160418725
984.900000000,41.037500000,8527.097737422
985.000000000,41.041666667,8529.033806325
985.100000000,41.045833333,8530.968584940
985.200000000,41.050000000,8532.901992272
985.300000000,41.054166667,8534.833987827
985.400000000,41.058333333,8536.764571603
985.500000000,41.062500000,8538.693743602
985.600000000,41.066666667,8540.621503822
985.700000000,41.070833333,8542.547852265
985.800000000,41.075000000,8544.472788929
985.900000000,41.079166667,8546.396313816
986.000000000,41.083333333,8548.318426924
986.100000000,41.087500000,8550.239131532
986.200000000,41.091666667,8552.158434192
986.300000000,41.095833333,8554.076338182
986.400000000,41.100000000,8555.992843502
986.500000000,41.104166667,8557.907950152
986.600000000,41.108333333,8559.821658132
986.700000000,41.112500000,8561.733967442
986.800000000,41.116666667,8563.644878081
986.900000000,41.120833333,8565.554390051
987.000000000,41.125000000,8567.462503350
987.100000000,41.129166667,8569.369257546
987.200000000,41.133333333,8571.274731774
987.300000000,41.137500000,8573.178965600
987.400000000,41.141666667,8575.081959024
987.500000000,41.145833333,8576.983712047
987.600000000,41.150000000,8578.884224667
987.700000000,41.154166667,8580.783496887
987.800000000,41.158333333,8582.681528704
987.900000000,41.162500000,8584.578320120
988.000000000,41.166666667,8586.473871134
988.100000000,41.170833333,8588.368195143
988.200000000,41.175000000,8590.261318941
988.300000000,41.179166667,8592.153255923
988.400000000,41.183333333,8594.044006091
988.500000000,41.187500000,8595.933569443
988.600000000,41.191666667,8597.821945981
988.700000000,41.195833333,8599.709135703
988.800000000,41.200000000,8601.595138610
988.900000000,41.204166667,8603.479954703
989.000000000,41.208333333,8605.363583980
989.100000000,41.212500000,8607.246042236
989.200000000,41.216666667,8609.127361058
989.300000000,41.220833333,8611.007556241
989.400000000,41.225000000,8612.886627784
989.500000000,41.229166667,8614.764575687
989.600000000,41.233333333,8616.641399950
989.700000000,41.237500000,8618.517100573
989.800000000,41.241666667,8620.391677557
989.900000000,41.245833333,8622.265130900
990.000000000,41.250000000,8624.137460604
990.100000000,41.254166667,8626.008671018
990.200000000,41.258333333,8627.878770841
990.300000000,41.262500000,8629.747764424
990.400000000,41.266666667,8631.615651766
990.500000000,41.270833333,8633.482432867
990.600000000,41.275000000,8635.348107727
990.700000000,41.279166667,8637.212676347
990.800000000,41.283333333,8639.076138726
990.900000000,41.287500000,8640.938494864
991.000000000,41.291666667,8642.799744761
991.100000000,41.295833333,8644.659867867
991.200000000,41.300000000,8646.518823080
991.300000000,41.304166667,8648.376589849
991.400000000,41.308333333,8650.233168174
991.500000000,41.312500000,8652.088558055
991.600000000,41.316666667,8653.942759492
991.700000000,41.320833333,8655.795772486
991.800000000,41.325000000,8657.647597035
991.900000000,41.329166667,8659.498233141
992.000000000,41.333333333,8661.347680802
992.100000000,41.337500000,8663.195927702
992.200000000,41.341666667,8665.042949203
992.300000000,41.345833333,8666.888732987
992.400000000,41.350000000,8668.733279055
992.500000000,41.354166667,8670.576587406
992.600000000,41.358333333,8672.418658041
992.700000000,41.362500000,8674.259490958
992.800000000,41.366666667,8676.099086159
992.900000000,41.370833333,8677.937443644
993.000000000,41.375000000,8679.774563411
993.100000000,41.379166667,8681.610448560
993.200000000,41.383333333,8683.445105286
993.300000000,41.387500000,8685.278536687
993.400000000,41.391666667,8687.110742763
993.500000000,41.395833333,8688.941723515
993.600000000,41.400000000,8690.771478941
993.700000000,41.404166667,8692.600009042
993.800000000,41.408333333,8694.427313819
993.900000000,41.412500000,8696.253393270
994.000000000,41.416666667,8698.078247397
994.100000000,41.420833333,8699.901898500
994.200000000,41.425000000,8701.724391185
994.300000000,41.429166667,8703.545747754
994.400000000,41.433333333,8705.365968206
994.500000000,41.437500000,8707.185052541
994.600000000,41.441666667,8709.003000760
994.700000000,41.445833333,8710.819812863
994.800000000,41.450000000,8712.635488848
994.900000000,41.454166667,8714.450028718
995.000000000,41.458333333,8716.263432470
995.100000000,41.462500000,8718.075727737
995.200000000,41.466666667,8719.886969780
995.300000000,41.470833333,8721.697186228
995.400000000,41.475000000,8723.506377083
995.500000000,41.479166667,8725.314542344
995.600000000,41.483333333,8727.121682011
995.700000000,41.487500000,8728.927796084
995.800000000,41.491666667,8730.732884564
995.900000000,41.495833333,8732.536947450
996.000000000,41.500000000,8734.339984741
996.100000000,41.504166667,8736.142010109
996.200000000,41.508333333,8737.943050892
996.300000000,41.512500000,8739.743120760
996.400000000,41.516666667,8741.542219713
996.500000000,41.520833333,8743.340347750
996.600000000,41.525000000,8745.137504873
996.700000000,41.529166667,8746.933691080
996.800000000,41.533333333,8748.728906372
996.900000000,41.537500000,8750.523150750
997.000000000,41.541666667,8752.316424212
997.100000000,41.545833333,8754.108731771
997.200000000,41.550000000,8755.900083453
997.300000000,41.554166667,8757.690484269
997.400000000,41.558333333,8759.479934219
997.500000000,41.562500000,8761.268433305
997.600000000,41.566666667,8763.055981524
997.700000000,41.570833333,8764.842578879
997.800000000,41.575000000,8766.628225368
997.900000000,41.579166667,8768.412920991
998.000000000,41.583333333,8770.196665750
998.100000000,41.587500000,8771.979454223
998.200000000,41.591666667,8773.761275573
998.300000000,41.595833333,8775.542124380
998.400000000,41.600000000,8777.322000645
998.500000000,41.604166667,8779.100904367
998.600000000,41.608333333,8780.878835547
998.700000000,41.612500000,8782.655794183
998.800000000,41.616666667,8784.431780278
998.900000000,41.620833333,8786.206793829
999.000000000,41.625000000,8787.980834838
999.100000000,41.629166667,8789.753846259
999.200000000,41.633333333,8791.525714000
999.300000000,41.637500000,8793.296381017
999.400000000,41.641666667,8795.065847309
999.500000000,41.645833333,8796.834112876
999.600000000,41.650000000,8798.601177719
999.700000000,41.654166667,8800.367041836
999.800000000,41.658333333,8802.131705230
999.900000000,41.662500000,8803.895167898
1000.000000000,41.666666667,8805.657429842
1000.100000000,41.670833333,8807.418490366
1000.200000000,41.675000000,8809.178348084
1000.300000000,41.679166667,8810.937002299
1000.400000000,41.683333333,8812.694453012
1000.500000000,41.687500000,8814.450700223
1000.600000000,41.691666667,8816.205743933
1000.700000000,41.695833333,8817.959584140
1000.800000000,41.700000000,8819.712220846
1000.900000000,41.704166667,8821.463654049
1001.000000000,41.708333333,8823.213883751
1001.100000000,41.712500000,8824.962919877
1001.200000000,41.716666667,8826.710782281
1001.300000000,41.720833333,8828.457480888
1001.400000000,41.725000000,8830.203015700
1001.500000000,41.729166667,8831.947386715
1001.600000000,41.733333333,8833.690593934
1001.700000000,41.737500000,8835.432637357
1001.800000000,41.741666667,8837.173516984
1001.900000000,41.745833333,8838.913232814
1002.000000000,41.750000000,8840.651784849
1002.100000000,41.754166667,8842.389164052
1002.200000000,41.758333333,8844.125352356
1002.300000000,41.762500000,8845.860340724
1002.400000000,41.766666667,8847.594129158
1002.500000000,41.770833333,8849.326717656
1002.600000000,41.775000000,8851.058106220
1002.700000000,41.779166667,8852.788294849
1002.800000000,41.783333333,8854.517283542
1002.900000000,41.787500000,8856.245072301
1003.000000000,41.791666667,8857.971661125
1003.100000000,41.795833333,8859.697050621
1003.200000000,41.800000000,8861.421242004
1003.300000000,41.804166667,8863.144235881
1003.400000000,41.808333333,8864.866032253
1003.500000000,41.812500000,8866.586631119
1003.600000000,41.816666667,8868.306032479
1003.700000000,41.820833333,8870.024236334
1003.800000000,41.825000000,8871.741242682
1003.900000000,41.829166667,8873.457051526
1004.000000000,41.833333333,8875.171662863
1004.100000000,41.837500000,8876.885102617
1004.200000000,41.841666667,8878.597422632
1004.300000000,41.845833333,8880.308648830
1004.400000000,41.850000000,8882.018781212
1004.500000000,41.854166667,8883.727819776
1004.600000000,41.858333333,8885.435764524
1004.700000000,41.862500000,8887.142615454
1004.800000000,41.866666667,8888.848372568
1004.900000000,41.870833333,8890.553035865
1005.000000000,41.875000000,8892.256605345
1005.100000000,41.879166667,8893.959108120
1005.200000000,41.883333333,8895.660598417
1005.300000000,41.887500000,8897.361103346
1005.400000000,41.891666667,8899.060622908
1005.500000000,41.895833333,8900.759157104
1005.600000000,41.900000000,8902.456705932
1005.700000000,41.904166667,8904.153269394
1005.800000000,41.908333333,8905.848847488
1005.900000000,41.912500000,8907.543440216
1006.000000000,41.916666667,8909.237047577
1006.100000000,41.920833333,8910.929667154
1006.200000000,41.925000000,8912.621294113
1006.300000000,41.929166667,8914.311926038
1006.400000000,41.933333333,8916.001562928
1006.500000000,41.937500000,8917.690204784
1006.600000000,41.941666667,8919.377851605
1006.700000000,41.945833333,8921.064503392
1006.800000000,41.950000000,8922.750160144
1006.900000000,41.954166667,8924.434821861
1007.000000000,41.958333333,8926.118488544
1007.100000000,41.962500000,8927.801150570
1007.200000000,41.966666667,8929.482788696
1007.300000000,41.970833333,8931.163393300
1007.400000000,41.975000000,8932.842964382
1007.500000000,41.979166667,8934.521501941
1007.600000000,41.983333333,8936.199005979
1007.700000000,41.987500000,8937.875476494
1007.800000000,41.991666667,8939.550913486
1007.900000000,41.995833333,8941.225316957
1008.000000000,42.000000000,8942.898686905
1008.100000000,42.004166667,8944.571001495
1008.200000000,42.008333333,8946.242217053
1008.300000000,42.012500000,8947.912311742
1008.400000000,42.016666667,8949.581285563
1008.500000000,42.020833333,8951.249138516
1008.600000000,42.025000000,8952.915870600
1008.700000000,42.029166667,8954.581481816
1008.800000000,42.033333333,8956.245972163
1008.900000000,42.037500000,8957.909341643
1009.000000000,42.041666667,8959.571590253
1009.100000000,42.045833333,8961.232653771
1009.200000000,42.050000000,8962.892403745
1009.300000000,42.054166667,8964.550775952
1009.400000000,42.058333333,8966.207770392
1009.500000000,42.062500000,8967.863387064
1009.600000000,42.066666667,8969.517625968
1009.700000000,42.070833333,8971.170487104
1009.800000000,42.075000000,8972.821970473
1009.900000000,42.079166667,8974.472076074
1010.000000000,42.083333333,8976.120803908
1010.100000000,42.087500000,8977.768165347
1010.200000000,42.091666667,8979.414183138
1010.300000000,42.095833333,8981.058868654
1010.400000000,42.100000000,8982.702221896
1010.500000000,42.104166667,8984.344242864
1010.600000000,42.108333333,8985.984931556
1010.700000000,42.112500000,8987.624287975
1010.800000000,42.116666667,8989.262312118
1010.900000000,42.120833333,8990.899003987
1011.000000000,42.125000000,8992.534363581
1011.100000000,42.129166667,8994.168419025
1011.200000000,42.133333333,8995.801226565
1011.300000000,42.137500000,8997.432814326
1011.400000000,42.141666667,8999.063182308
1011.500000000,42.145833333,9000.692330510
1011.600000000,42.150000000,9002.320258934
1011.700000000,42.154166667,9003.946967578
1011.800000000,42.158333333,9005.572456443
1011.900000000,42.162500000,9007.196725528
1012.000000000,42.166666667,9008.819774834
1012.100000000,42.170833333,9010.441631151
1012.200000000,42.175000000,9012.062348056
1012.300000000,42.179166667,9013.681952339
1012.400000000,42.183333333,9015.300444000
1012.500000000,42.187500000,9016.917823039
1012.600000000,42.191666667,9018.534089455
1012.700000000,42.195833333,9020.149243250
1012.800000000,42.200000000,9021.763284423
1012.900000000,42.204166667,9023.376212973
1013.000000000,42.208333333,9024.988028902
1013.100000000,42.212500000,9026.598750446
1013.200000000,42.216666667,9028.208414080
1013.300000000,42.220833333,9029.817038043
1013.400000000,42.225000000,9031.424622333
1013.500000000,42.229166667,9033.031166951
1013.600000000,42.233333333,9034.636671897
1013.700000000,42.237500000,9036.241137171
1013.800000000,42.241666667,9037.844562772
1013.900000000,42.245833333,9039.446948702
1014.000000000,42.250000000,9041.048294960
1014.100000000,42.254166667,9042.648616419
1014.200000000,42.258333333,9044.247942830
1014.300000000,42.262500000,9045.846289066
1014.400000000,42.266666667,9047.443655128
1014.500000000,42.270833333,9049.040041014
1014.600000000,42.275000000,9050.635446726
1014.700000000,42.279166667,9052.229872264
1014.800000000,42.283333333,9053.823317627
1014.900000000,42.287500000,9055.415782815
1015.000000000,42.291666667,9057.007267828
1015.100000000,42.295833333,9058.597785887
1015.200000000,42.300000000,9060.187363430
1015.300000000,42.304166667,9061.776013676
1015.400000000,42.308333333,9063.363736626
1015.500000000,42.312500000,9064.950532279
1015.600000000,42.316666667,9066.536400637
1015.700000000,42.320833333,9068.121341698
1015.800000000,42.325000000,9069.705355462
1015.900000000,42.329166667,9071.288441931
1016.000000000,42.333333333,9072.870601103
1016.100000000,42.337500000,9074.451837215
1016.200000000,42.341666667,9076.032158742
1016.300000000,42.345833333,9077.611569919
1016.400000000,42.350000000,9079.190070748
1016.500000000,42.354166667,9080.767661227
1016.600000000,42.358333333,9082.344341358
1016.700000000,42.362500000,9083.920111139
1016.800000000,42.366666667,9085.494970571
1016.900000000,42.370833333,9087.068919655
1017.000000000,42.375000000,9088.641958389
1017.100000000,42.379166667,9090.214093953
1017.200000000,42.383333333,9091.785340704
1017.300000000,42.387500000,9093.355705821
1017.400000000,42.391666667,9094.925189305
1017.500000000,42.395833333,9096.493791155
1017.600000000,42.400000000,9098.061511371
1017.700000000,42.404166667,9099.628349953
1017.800000000,42.408333333,9101.194306901
1017.900000000,42.412500000,9102.759382216
1018.000000000,42.416666667,9104.323575897
1018.100000000,42.420833333,9105.886886267
1018.200000000,42.425000000,9107.449309976
1018.300000000,42.429166667,9109.010845347
1018.400000000,42.433333333,9110.571492381
1018.500000000,42.437500000,9112.131251076
1018.600000000,42.441666667,9113.690121433
1018.700000000,42.445833333,9115.248103453
1018.800000000,42.450000000,9116.805197134
1018.900000000,42.454166667,9118.361402478
1019.000000000,42.458333333,9119.916719484
1019.100000000,42.462500000,9121.471140204
1019.200000000,42.466666667,9123.024648746
1019.300000000,42.470833333,9124.577237161
1019.400000000,42.475000000,9126.128905449
1019.500000000,42.479166667,9127.679653612
1019.600000000,42.483333333,9129.229481647
1019.700000000,42.487500000,9130.778389557
1019.800000000,42.491666667,9132.326377340
1019.900000000,42.495833333,9133.873444996
1020.000000000,42.500000000,9135.419592527
1020.100000000,42.504166667,9136.964806447
1020.200000000,42.508333333,9138.509059792
1020.300000000,42.512500000,9140.052339077
1020.400000000,42.516666667,9141.594644304
1020.500000000,42.520833333,9143.135975471
1020.600000000,42.525000000,9144.676332579
1020.700000000,42.529166667,9146.215715628
1020.800000000,42.533333333,9147.754124618
1020.900000000,42.537500000,9149.291559549
1021.000000000,42.541666667,9150.828020421
1021.100000000,42.545833333,9152.363502100
1021.200000000,42.550000000,9153.897994321
1021.300000000,42.554166667,9155.431491951
1021.400000000,42.558333333,9156.963994989
1021.500000000,42.562500000,9158.495503436
1021.600000000,42.566666667,9160.026017291
1021.700000000,42.570833333,9161.555536555
1021.800000000,42.575000000,9163.084061228
1021.900000000,42.579166667,9164.611591309
1022.000000000,42.583333333,9166.138126799
1022.100000000,42.587500000,9167.663659249
1022.200000000,42.591666667,9169.188171763
1022.300000000,42.595833333,9170.711655894
1022.400000000,42.600000000,9172.234111642
1022.500000000,42.604166667,9173.755539006
1022.600000000,42.608333333,9175.275937986
1022.700000000,42.612500000,9176.795308582
1022.800000000,42.616666667,9178.313650795
1022.900000000,42.620833333,9179.830964624
1023.000000000,42.625000000,9181.347250070
1023.100000000,42.629166667,9182.862521076
1023.200000000,42.633333333,9184.376805529
1023.300000000,42.637500000,9185.890117374
1023.400000000,42.641666667,9187.402456610
1023.500000000,42.645833333,9188.913823237
1023.600000000,42.650000000,9190.424217255
1023.700000000,42.654166667,9191.933638665
1023.800000000,42.658333333,9193.442087466
1023.900000000,42.662500000,9194.949563658
1024.000000000,42.666666667,9196.456067241
1024.100000000,42.670833333,9197.961615044
1024.200000000,42.675000000,9199.466240721
1024.300000000,42.679166667,9200.969961100
1024.400000000,42.683333333,9202.472776181
1024.500000000,42.687500000,9203.974685964
1024.600000000,42.691666667,9205.475690450
1024.700000000,42.695833333,9206.975789637
1024.800000000,42.700000000,9208.474983527
1024.900000000,42.704166667,9209.973272119
1025.000000000,42.708333333,9211.470655412
1025.100000000,42.712500000,9212.967148135
1025.200000000,42.716666667,9214.462779738
1025.300000000,42.720833333,9215.957564949
1025.400000000,42.725000000,9217.451503766
1025.500000000,42.729166667,9218.944596191
1025.600000000,42.733333333,9220.436842224
1025.700000000,42.737500000,9221.928241863
1025.800000000,42.741666667,9223.418795110
1025.900000000,42.745833333,9224.908501964
1026.000000000,42.750000000,9226.397362425
1026.100000000,42.754166667,9227.885385372
1026.200000000,42.758333333,9229.372588562
1026.300000000,42.762500000,9230.858980874
1026.400000000,42.766666667,9232.344562308
1026.500000000,42.770833333,9233.829332863
1026.600000000,42.775000000,9235.313292540
1026.700000000,42.779166667,9236.796441339
1026.800000000,42.783333333,9238.278779259
1026.900000000,42.787500000,9239.760306301
1027.000000000,42.791666667,9241.241022465
1027.100000000,42.795833333,9242.720931801
1027.200000000,42.800000000,9244.200042410
1027.300000000,42.804166667,9245.678358344
1027.400000000,42.808333333,9247.155879601
1027.500000000,42.812500000,9248.632606183
1027.600000000,42.816666667,9250.108538089
1027.700000000,42.820833333,9251.583675318
1027.800000000,42.825000000,9253.058017872
1027.900000000,42.829166667,9254.531565750
1028.000000000,42.833333333,9256.004318952
1028.100000000,42.837500000,9257.476281961
1028.200000000,42.841666667,9258.947463743
1028.300000000,42.845833333,9260.417868783
1028.400000000,42.850000000,9261.887497079
1028.500000000,42.854166667,9263.356348632
1028.600000000,42.858333333,9264.824423442
1028.700000000,42.862500000,9266.291721508
1028.800000000,42.866666667,9267.758242831
1028.900000000,42.870833333,9269.223990203
1029.000000000,42.875000000,9270.688967655
1029.100000000,42.879166667,9272.153173109
1029.200000000,42.883333333,9273.616599932
1029.300000000,42.887500000,9275.079244809
1029.400000000,42.891666667,9276.541107739
1029.500000000,42.895833333,9278.002188722
1029.600000000,42.900000000,9279.462487758
1029.700000000,42.904166667,9280.922007220
1029.800000000,42.908333333,9282.380750341
1029.900000000,42.912500000,9283.838717982
1030.000000000,42.916666667,9285.295910141
1030.100000000,42.920833333,9286.752330737
1030.200000000,42.925000000,9288.207987602
1030.300000000,42.929166667,9289.662884653
1030.400000000,42.933333333,9291.117021889
1030.500000000,42.937500000,9292.570399311
1030.600000000,42.941666667,9294.023016919
1030.700000000,42.945833333,9295.474874712
1030.800000000,42.950000000,9296.925972691
1030.900000000,42.954166667,9298.376310855
1031.000000000,42.958333333,9299.825889637
1031.100000000,42.962500000,9301.274709205
1031.200000000,42.966666667,9302.722767664
1031.300000000,42.970833333,9304.170065337
1031.400000000,42.975000000,9305.616604893
1031.500000000,42.979166667,9307.062387043
1031.600000000,42.983333333,9308.507412273
1031.700000000,42.987500000,9309.951682517
1031.800000000,42.991666667,9311.395199928
1031.900000000,42.995833333,9312.837966904
1032.000000000,43.000000000,9314.279985151
1032.100000000,43.004166667,9315.721232005
1032.200000000,43.008333333,9317.161663489
1032.300000000,43.012500000,9318.601261824
1032.400000000,43.016666667,9320.040030549
1032.500000000,43.020833333,9321.477969662
1032.600000000,43.025000000,9322.915079165
1032.700000000,43.029166667,9324.351361315
1032.800000000,43.033333333,9325.786820846
1032.900000000,43.037500000,9327.221460237
1033.000000000,43.041666667,9328.655280131
1033.100000000,43.045833333,9330.088288663
1033.200000000,43.050000000,9331.520498563
1033.300000000,43.054166667,9332.951919902
1033.400000000,43.058333333,9334.382559293
1033.500000000,43.062500000,9335.812418525
1033.600000000,43.066666667,9337.241497598
1033.700000000,43.070833333,9338.669796513
1033.800000000,43.075000000,9340.097315269
1033.900000000,43.079166667,9341.524053866
1034.000000000,43.083333333,9342.950012304
1034.100000000,43.087500000,9344.375199051
1034.200000000,43.091666667,9345.799631043
1034.300000000,43.095833333,9347.223317367
1034.400000000,43.100000000,9348.646259879
1034.500000000,43.104166667,9350.068459814
1034.600000000,43.108333333,9351.489919165
1034.700000000,43.112500000,9352.910639955
1034.800000000,43.116666667,9354.330622210
1034.900000000,43.120833333,9355.749865931
1035.000000000,43.125000000,9357.168372394
1035.100000000,43.129166667,9358.586153031
1035.200000000,43.133333333,9360.003228024
1035.300000000,43.137500000,9361.419607398
1035.400000000,43.141666667,9362.835291154
1035.500000000,43.145833333,9364.250279291
1035.600000000,43.150000000,9365.664571809
1035.700000000,43.154166667,9367.078168709
1035.800000000,43.158333333,9368.491069990
1035.900000000,43.162500000,9369.903275652
1036.000000000,43.166666667,9371.314785696
1036.100000000,43.170833333,9372.725604104
1036.200000000,43.175000000,9374.135738843
1036.300000000,43.179166667,9375.545193896
1036.400000000,43.183333333,9376.953969262
1036.500000000,43.187500000,9378.362064943
1036.600000000,43.191666667,9379.769480937
1036.700000000,43.195833333,9381.176217245
1036.800000000,43.200000000,9382.582273866
1036.900000000,43.204166667,9383.987650802
1037.000000000,43.208333333,9385.392348926
1037.100000000,43.212500000,9386.796370649
1037.200000000,43.216666667,9388.199719001
1037.300000000,43.220833333,9389.602395481
1037.400000000,43.225000000,9391.004400334
1037.500000000,43.229166667,9392.405736581
1037.600000000,43.233333333,9393.806407002
1037.700000000,43.237500000,9395.206411833
1037.800000000,43.241666667,9396.605752593
1037.900000000,43.245833333,9398.004430562
1038.000000000,43.250000000,9399.402445742
1038.100000000,43.254166667,9400.799804066
1038.200000000,43.258333333,9402.196517767
1038.300000000,43.262500000,9403.592594452
1038.400000000,43.266666667,9404.988035434
1038.500000000,43.270833333,9406.382840712
1038.600000000,43.275000000,9407.777010286
1038.700000000,43.279166667,9409.170544157
1038.800000000,43.283333333,9410.563442325
1038.900000000,43.287500000,9411.955705259
1039.000000000,43.291666667,9413.347334389
1039.100000000,43.295833333,9414.738334839
1039.200000000,43.300000000,9416.128714939
1039.300000000,43.304166667,9417.518478929
1039.400000000,43.308333333,9418.907626888
1039.500000000,43.312500000,9420.296159976
1039.600000000,43.316666667,9421.684080163
1039.700000000,43.320833333,9423.071389589
1039.800000000,43.325000000,9424.458089580
1039.900000000,43.329166667,9425.844180138
1040.000000000,43.333333333,9427.229661261
1040.100000000,43.337500000,9428.614533158
1040.200000000,43.341666667,9429.998795949
1040.300000000,43.345833333,9431.382449541
1040.400000000,43.350000000,9432.765493934
1040.500000000,43.354166667,9434.147929128
1040.600000000,43.358333333,9435.529755125
1040.700000000,43.362500000,9436.910971922
1040.800000000,43.366666667,9438.291579521
1040.900000000,43.370833333,9439.671577922
1041.000000000,43.375000000,9441.050967124
1041.100000000,43.379166667,9442.429741371
1041.200000000,43.383333333,9443.807889152
1041.300000000,43.387500000,9445.185404709
1041.400000000,43.391666667,9446.562288043
1041.500000000,43.395833333,9447.938539460
1041.600000000,43.400000000,9449.314159379
1041.700000000,43.404166667,9450.689147912
1041.800000000,43.408333333,9452.063505059
1041.900000000,43.412500000,9453.437230820
1042.000000000,43.416666667,9454.810325195
1042.100000000,43.420833333,9456.182779736
1042.200000000,43.425000000,9457.554577551
1042.300000000,43.429166667,9458.925710846
1042.400000000,43.433333333,9460.296181073
1042.500000000,43.437500000,9461.665989488
1042.600000000,43.441666667,9463.035137617
1042.700000000,43.445833333,9464.403626670
1042.800000000,43.450000000,9465.771457980
1042.900000000,43.454166667,9467.138635809
1043.000000000,43.458333333,9468.505163235
1043.100000000,43.462500000,9469.871038630
1043.200000000,43.466666667,9471.236258744
1043.300000000,43.470833333,9472.600821949
1043.400000000,43.475000000,9473.964729281
1043.500000000,43.479166667,9475.327982164
1043.600000000,43.483333333,9476.690580990
1043.700000000,43.487500000,9478.052525760
1043.800000000,43.491666667,9479.413816473
1043.900000000,43.495833333,9480.774453129
1044.000000000,43.500000000,9482.134435729
1044.100000000,43.504166667,9483.493763886
1044.200000000,43.508333333,9484.852436829
1044.300000000,43.512500000,9486.210454173
1044.400000000,43.516666667,9487.567815916
1044.500000000,43.520833333,9488.924522061
1044.600000000,43.525000000,9490.280573199
1044.700000000,43.529166667,9491.635970786
1044.800000000,43.533333333,9492.990715688
1044.900000000,43.537500000,9494.344807904
1045.000000000,43.541666667,9495.698247434
1045.100000000,43.545833333,9497.051035051
1045.200000000,43.550000000,9498.403172299
1045.300000000,43.554166667,9499.754659953
1045.400000000,43.558333333,9501.105498011
1045.500000000,43.562500000,9502.455686473
1045.600000000,43.566666667,9503.805225340
1045.700000000,43.570833333,9505.154114612
1045.800000000,43.575000000,9506.502354288
1045.900000000,43.579166667,9507.849944369
1046.000000000,43.583333333,9509.196884854
1046.100000000,43.587500000,9510.543182312
1046.200000000,43.591666667,9511.888849881
1046.300000000,43.595833333,9513.233895121
1046.400000000,43.600000000,9514.578319301
1046.500000000,43.604166667,9515.922122691
1046.600000000,43.608333333,9517.265305292
1046.700000000,43.612500000,9518.607867103
1046.800000000,43.616666667,9519.949808124
1046.900000000,43.620833333,9521.291128356
1047.000000000,43.625000000,9522.631827798
1047.100000000,43.629166667,9523.971913114
1047.200000000,43.633333333,9525.311397629
1047.300000000,43.637500000,9526.650288849
1047.400000000,43.641666667,9527.988587803
1047.500000000,43.645833333,9529.326294681
1047.600000000,43.650000000,9530.663409481
1047.700000000,43.654166667,9531.999932205
1047.800000000,43.658333333,9533.335862851
1047.900000000,43.662500000,9534.671201421
1048.000000000,43.666666667,9536.005947913
1048.100000000,43.670833333,9537.340107383
1048.200000000,43.675000000,9538.673689943
1048.300000000,43.679166667,9540.006700646
1048.400000000,43.683333333,9541.339139492
1048.500000000,43.687500000,9542.671007249
1048.600000000,43.691666667,9544.002305291
1048.700000000,43.695833333,9545.333035170
1048.800000000,43.700000000,9546.663198611
1048.900000000,43.704166667,9547.992797139
1049.000000000,43.708333333,9549.321832317
1049.100000000,43.712500000,9550.650309768
1049.200000000,43.716666667,9551.978239106
1049.300000000,43.720833333,9553.305625139
1049.400000000,43.725000000,9554.632467867
1049.500000000,43.729166667,9555.958767290
1049.600000000,43.733333333,9557.284523409
1049.700000000,43.737500000,9558.609736222
1049.800000000,43.741666667,9559.934405731
1049.900000000,43.745833333,9561.258531934
1050.000000000,43.750000000,9562.582114833
1050.100000000,43.754166667,9563.905159136
1050.200000000,43.758333333,9565.227674449
1050.300000000,43.762500000,9566.549665809
1050.400000000,43.766666667,9567.871133358
1050.500000000,43.770833333,9569.192077982
1050.600000000,43.775000000,9570.512500754
1050.700000000,43.779166667,9571.832401862
1050.800000000,43.783333333,9573.151781307
1050.900000000,43.787500000,9574.470639088
1051.000000000,43.791666667,9575.788975206
1051.100000000,43.795833333,9577.106791491
1051.200000000,43.800000000,9578.424091603
1051.300000000,43.804166667,9579.740877373
1051.400000000,43.808333333,9581.057148802
1051.500000000,43.812500000,9582.372905888
1051.600000000,43.816666667,9583.688148633
1051.700000000,43.820833333,9585.002877036
1051.800000000,43.825000000,9586.317091097
1051.900000000,43.829166667,9587.630790910
1052.000000000,43.833333333,9588.943977477
1052.100000000,43.837500000,9590.256644094
1052.200000000,43.841666667,9591.568775540
1052.300000000,43.845833333,9592.880364207
1052.400000000,43.850000000,9594.191410094
1052.500000000,43.854166667,9595.501913201
1052.600000000,43.858333333,9596.811873528
1052.700000000,43.862500000,9598.121291075
1052.800000000,43.866666667,9599.430165842
1052.900000000,43.870833333,9600.738497829
1053.000000000,43.875000000,9602.046287037
1053.100000000,43.879166667,9603.353518142
1053.200000000,43.883333333,9604.660160501
1053.300000000,43.887500000,9605.966198792
1053.400000000,43.891666667,9607.271633015
1053.500000000,43.895833333,9608.576463170
1053.600000000,43.900000000,9609.880689256
1053.700000000,43.904166667,9611.184311274
1053.800000000,43.908333333,9612.487329224
1053.900000000,43.912500000,9613.789743106
1054.000000000,43.916666667,9615.091554030
1054.100000000,43.920833333,9616.392762031
1054.200000000,43.925000000,9617.693364716
1054.300000000,43.929166667,9618.993361966
1054.400000000,43.933333333,9620.292755077
1054.500000000,43.937500000,9621.591544150
1054.600000000,43.941666667,9622.889729185
1054.700000000,43.945833333,9624.187310182
1054.800000000,43.950000000,9625.484287140
1054.900000000,43.954166667,9626.780660808
1055.000000000,43.958333333,9628.076432442
1055.100000000,43.962500000,9629.371607744
1055.200000000,43.966666667,9630.666197108
1055.300000000,43.970833333,9631.960205731
1055.400000000,43.975000000,9633.253633612
1055.500000000,43.979166667,9634.546480751
1055.600000000,43.983333333,9635.838747148
1055.700000000,43.987500000,9637.130432804
1055.800000000,43.991666667,9638.421537718
1055.900000000,43.995833333,9639.712062048
1056.000000000,44.000000000,9641.002006978
1056.100000000,44.004166667,9642.291380352
1056.200000000,44.008333333,9643.580195809
1056.300000000,44.012500000,9644.868460168
1056.400000000,44.016666667,9646.156173429
1056.500000000,44.020833333,9647.443335591
1056.600000000,44.025000000,9648.729947679
1056.700000000,44.029166667,9650.016010776
1056.800000000,44.033333333,9651.301524942
1056.900000000,44.037500000,9652.586490176
1057.000000000,44.041666667,9653.870906478
1057.100000000,44.045833333,9655.154779332
1057.200000000,44.050000000,9656.438119737
1057.300000000,44.054166667,9657.720934183
1057.400000000,44.058333333,9659.003223641
1057.500000000,44.062500000,9660.284988111
1057.600000000,44.066666667,9661.566228303
1057.700000000,44.070833333,9662.846945235
1057.800000000,44.075000000,9664.127139220
1057.900000000,44.079166667,9665.406810258
1058.000000000,44.083333333,9666.685958349
1058.100000000,44.087500000,9667.964586961
1058.200000000,44.091666667,9669.242703032
1058.300000000,44.095833333,9670.520310031
1058.400000000,44.100000000,9671.797407958
1058.500000000,44.104166667,9673.073996812
1058.600000000,44.108333333,9674.350076594
1058.700000000,44.112500000,9675.625647303
1058.800000000,44.116666667,9676.900708940
1058.900000000,44.120833333,9678.175261505
1059.000000000,44.125000000,9679.449304997
1059.100000000,44.129166667,9680.722842768
1059.200000000,44.133333333,9681.995881520
1059.300000000,44.137500000,9683.268424605
1059.400000000,44.141666667,9684.540472022
1059.500000000,44.145833333,9685.812023772
1059.600000000,44.150000000,9687.083079854
1059.700000000,44.154166667,9688.353640268
1059.800000000,44.158333333,9689.623705015
1059.900000000,44.162500000,9690.893274094
1060.000000000,44.166666667,9692.162347795
1060.100000000,44.170833333,9693.430929001
1060.200000000,44.175000000,9694.699022220
1060.300000000,44.179166667,9695.966629366
1060.400000000,44.183333333,9697.233750441
1060.500000000,44.187500000,9698.500385443
1060.600000000,44.191666667,9699.766534374
1060.700000000,44.195833333,9701.032197232
1060.800000000,44.200000000,9702.297374018
1060.900000000,44.204166667,9703.562064732
1061.000000000,44.208333333,9704.826269373
1061.100000000,44.212500000,9706.089989929
1061.200000000,44.216666667,9707.353230370
1061.300000000,44.220833333,9708.615992683
1061.400000000,44.225000000,9709.878276867
1061.500000000,44.229166667,9711.140082923
1061.600000000,44.233333333,9712.401410851
1061.700000000,44.237500000,9713.662260651
1061.800000000,44.241666667,9714.922632321
1061.900000000,44.245833333,9716.182525864
1062.000000000,44.250000000,9717.441941278
1062.100000000,44.254166667,9718.700882543
1062.200000000,44.258333333,9719.959357609
1062.300000000,44.262500000,9721.217370451
1062.400000000,44.266666667,9722.474921827
1062.500000000,44.270833333,9723.732012611
1062.600000000,44.275000000,9724.988642922
1062.700000000,44.279166667,9726.244812759
1062.800000000,44.283333333,9727.500522176
1062.900000000,44.287500000,9728.755772061
1063.000000000,44.291666667,9730.010563250
1063.100000000,44.295833333,9731.264899001
1063.200000000,44.300000000,9732.518785826
1063.300000000,44.304166667,9733.772226981
1063.400000000,44.308333333,9735.025222468
1063.500000000,44.312500000,9736.277772285
1063.600000000,44.316666667,9737.529876433
1063.700000000,44.320833333,9738.781534911
1063.800000000,44.325000000,9740.032747721
1063.900000000,44.329166667,9741.283514861
1064.000000000,44.333333333,9742.533836332
1064.100000000,44.337500000,9743.783715659
1064.200000000,44.341666667,9745.033159893
1064.300000000,44.345833333,9746.282172559
1064.400000000,44.350000000,9747.530753657
1064.500000000,44.354166667,9748.778903953
1064.600000000,44.358333333,9750.026624239
1064.700000000,44.362500000,9751.273914538
1064.800000000,44.366666667,9752.520774851
1064.900000000,44.370833333,9753.767205178
1065.000000000,44.375000000,9755.013205518
1065.100000000,44.379166667,9756.258778623
1065.200000000,44.383333333,9757.503929998
1065.300000000,44.387500000,9758.748662393
1065.400000000,44.391666667,9759.992975809
1065.500000000,44.395833333,9761.236870995
1065.600000000,44.400000000,9762.480348775
1065.700000000,44.404166667,9763.723409227
1065.800000000,44.408333333,9764.966052352
1065.900000000,44.412500000,9766.208278149
1066.000000000,44.416666667,9767.450086617
1066.100000000,44.420833333,9768.691479612
1066.200000000,44.425000000,9769.932461651
1066.300000000,44.429166667,9771.173035780
1066.400000000,44.433333333,9772.413202831
1066.500000000,44.437500000,9773.652963249
1066.600000000,44.441666667,9774.892317033
1066.700000000,44.445833333,9776.131264186
1066.800000000,44.450000000,9777.369804705
1066.900000000,44.454166667,9778.607938591
1067.000000000,44.458333333,9779.845665844
1067.100000000,44.462500000,9781.082987772
1067.200000000,44.466666667,9782.319906986
1067.300000000,44.470833333,9783.556424795
1067.400000000,44.475000000,9784.792541197
1067.500000000,44.479166667,9786.028256194
1067.600000000,44.483333333,9787.263569784
1067.700000000,44.487500000,9788.498481968
1067.800000000,44.491666667,9789.732992746
1067.900000000,44.495833333,9790.967102119
1068.000000000,44.500000000,9792.200810085
1068.100000000,44.504166667,9793.434115761
1068.200000000,44.508333333,9794.667017380
1068.300000000,44.512500000,9795.899514057
1068.400000000,44.516666667,9797.131605794
1068.500000000,44.520833333,9798.363292588
1068.600000000,44.525000000,9799.594574442
1068.700000000,44.529166667,9800.825451354
1068.800000000,44.533333333,9802.055923326
1068.900000000,44.537500000,9803.285990355
1069.000000000,44.541666667,9804.515652444
1069.100000000,44.545833333,9805.744908878
1069.200000000,44.550000000,9806.973758229
1069.300000000,44.554166667,9808.202199785
1069.400000000,44.558333333,9809.430233546
1069.500000000,44.562500000,9810.657859510
1069.600000000,44.566666667,9811.885077679
1069.700000000,44.570833333,9813.111888053
1069.800000000,44.575000000,9814.338290631
1069.900000000,44.579166667,9815.564285413
1070.000000000,44.583333333,9816.789872399
1070.100000000,44.587500000,9818.015053399
1070.200000000,44.591666667,9819.239832033
1070.300000000,44.595833333,9820.464210108
1070.400000000,44.600000000,9821.688187627
1070.500000000,44.604166667,9822.911764587
1070.600000000,44.608333333,9824.134940990
1070.700000000,44.612500000,9825.357716836
1070.800000000,44.616666667,9826.580092124
1070.900000000,44.620833333,9827.802066854
1071.000000000,44.625000000,9829.023641027
1071.100000000,44.629166667,9830.244817420
1071.200000000,44.633333333,9831.465601588
1071.300000000,44.637500000,9832.685996309
1071.400000000,44.641666667,9833.906001582
1071.500000000,44.645833333,9835.125617665
1071.600000000,44.650000000,9836.344845326
1071.700000000,44.654166667,9837.563685081
1071.800000000,44.658333333,9838.782136927
1071.900000000,44.662500000,9840.000200867
1072.000000000,44.666666667,9841.217876899
1072.100000000,44.670833333,9842.435168141
1072.200000000,44.675000000,9843.652080828
1072.300000000,44.679166667,9844.868618077
1072.400000000,44.683333333,9846.084779887
1072.500000000,44.687500000,9847.300566259
1072.600000000,44.691666667,9848.515977193
1072.700000000,44.695833333,9849.731012688
1072.800000000,44.700000000,9850.945672746
1072.900000000,44.704166667,9852.159957365
1073.000000000,44.708333333,9853.373866546
1073.100000000,44.712500000,9854.587403398
1073.200000000,44.716666667,9855.800574139
1073.300000000,44.720833333,9857.013381879
1073.400000000,44.725000000,9858.225826616
1073.500000000,44.729166667,9859.437908351
1073.600000000,44.733333333,9860.649627085
1073.700000000,44.737500000,9861.860982817
1073.800000000,44.741666667,9863.071975547
1073.900000000,44.745833333,9864.282605276
1074.000000000,44.750000000,9865.492872002
1074.100000000,44.754166667,9866.702778834
1074.200000000,44.758333333,9867.912331985
1074.300000000,44.762500000,9869.121534563
1074.400000000,44.766666667,9870.330386568
1074.500000000,44.770833333,9871.538887999
1074.600000000,44.775000000,9872.747038858
1074.700000000,44.779166667,9873.954839142
1074.800000000,44.783333333,9875.162288854
1074.900000000,44.787500000,9876.369387996
1075.000000000,44.791666667,9877.576137218
1075.100000000,44.795833333,9878.782539762
1075.200000000,44.800000000,9879.988600825
1075.300000000,44.804166667,9881.194323005
1075.400000000,44.808333333,9882.399706302
1075.500000000,44.812500000,9883.604750715
1075.600000000,44.816666667,9884.809456245
1075.700000000,44.820833333,9886.013822892
1075.800000000,44.825000000,9887.217850655
1075.900000000,44.829166667,9888.421539535
1076.000000000,44.833333333,9889.624889532
1076.100000000,44.837500000,9890.827902491
1076.200000000,44.841666667,9892.030582101
1076.300000000,44.845833333,9893.232930206
1076.400000000,44.850000000,9894.434946808
1076.500000000,44.854166667,9895.636631905
1076.600000000,44.858333333,9896.837985499
1076.700000000,44.862500000,9898.039007588
1076.800000000,44.866666667,9899.239698173
1076.900000000,44.870833333,9900.440057254
1077.000000000,44.875000000,9901.640084831
1077.100000000,44.879166667,9902.839781674
1077.200000000,44.883333333,9904.039149857
1077.300000000,44.887500000,9905.238190818
1077.400000000,44.891666667,9906.436904696
1077.500000000,44.895833333,9907.635291488
1077.600000000,44.900000000,9908.833351196
1077.700000000,44.904166667,9910.031083820
1077.800000000,44.908333333,9911.228489360
1077.900000000,44.912500000,9912.425567815
1078.000000000,44.916666667,9913.622319185
1078.100000000,44.920833333,9914.818742598
1078.200000000,44.925000000,9916.014836307
1078.300000000,44.929166667,9917.210599440
1078.400000000,44.933333333,9918.406031996
1078.500000000,44.937500000,9919.601133975
1078.600000000,44.941666667,9920.795905377
1078.700000000,44.945833333,9921.990346202
1078.800000000,44.950000000,9923.184456451
1078.900000000,44.954166667,9924.378236122
1079.000000000,44.958333333,9925.571685217
1079.100000000,44.962500000,9926.764802293
1079.200000000,44.966666667,9927.957584466
1079.300000000,44.970833333,9929.150030292
1079.400000000,44.975000000,9930.342139772
1079.500000000,44.979166667,9931.533912907
1079.600000000,44.983333333,9932.725349695
1079.700000000,44.987500000,9933.916450138
1079.800000000,44.991666667,9935.107214234
1079.900000000,44.995833333,9936.297641985
1080.000000000,45.000000000,9937.487733390
1080.100000000,45.004166667,9938.677488158
1080.200000000,45.008333333,9939.866905709
1080.300000000,45.012500000,9941.055985752
1080.400000000,45.016666667,9942.244728287
1080.500000000,45.020833333,9943.433133314
1080.600000000,45.025000000,9944.621200834
1080.700000000,45.029166667,9945.808930845
1080.800000000,45.033333333,9946.996323349
1080.900000000,45.037500000,9948.183378344
1081.000000000,45.041666667,9949.370095832
1081.100000000,45.045833333,9950.556478439
1081.200000000,45.050000000,9951.742531422
1081.300000000,45.054166667,9952.928257408
1081.400000000,45.058333333,9954.113656397
1081.500000000,45.062500000,9955.298728389
1081.600000000,45.066666667,9956.483473384
1081.700000000,45.070833333,9957.667891382
1081.800000000,45.075000000,9958.851982384
1081.900000000,45.079166667,9960.035746388
1082.000000000,45.083333333,9961.219183395
1082.100000000,45.087500000,9962.402296357
1082.200000000,45.091666667,9963.585091176
1082.300000000,45.095833333,9964.767570803
1082.400000000,45.100000000,9965.949735238
1082.500000000,45.104166667,9967.131584481
1082.600000000,45.108333333,9968.313118533
1082.700000000,45.112500000,9969.494337393
1082.800000000,45.116666667,9970.675241061
1082.900000000,45.120833333,9971.855829538
1083.000000000,45.125000000,9973.036102823
1083.100000000,45.129166667,9974.216062454
1083.200000000,45.133333333,9975.395711509
1083.300000000,45.137500000,9976.575051526
1083.400000000,45.141666667,9977.754082506
1083.500000000,45.145833333,9978.932804447
1083.600000000,45.150000000,9980.111217351
1083.700000000,45.154166667,9981.289321216
1083.800000000,45.158333333,9982.467116044
1083.900000000,45.162500000,9983.644601834
1084.000000000,45.166666667,9984.821778586
1084.100000000,45.170833333,9985.998647778
1084.200000000,45.175000000,9987.175212365
1084.300000000,45.179166667,9988.351473826
1084.400000000,45.183333333,9989.527432160
1084.500000000,45.187500000,9990.703087367
1084.600000000,45.191666667,9991.878439448
1084.700000000,45.195833333,9993.053488402
1084.800000000,45.200000000,9994.228234229
1084.900000000,45.204166667,9995.402676930
1085.000000000,45.208333333,9996.576816686
1085.100000000,45.212500000,9997.750655691
1085.200000000,45.216666667,9998.924197325
1085.300000000,45.220833333,10000.097442963
1085.400000000,45.225000000,10001.270392604
1085.500000000,45.229166667,10002.443046248
1085.600000000,45.233333333,10003.615403895
1085.700000000,45.237500000,10004.787465545
1085.800000000,45.241666667,10005.959231441
1085.900000000,45.245833333,10007.130702154
1086.000000000,45.250000000,10008.301878009
1086.100000000,45.254166667,10009.472759724
1086.200000000,45.258333333,10010.643348732
1086.300000000,45.262500000,10011.813645835
1086.400000000,45.266666667,10012.983651590
1086.500000000,45.270833333,10014.153366470
1086.600000000,45.275000000,10015.322790475
1086.700000000,45.279166667,10016.491923606
1086.800000000,45.283333333,10017.660765861
1086.900000000,45.287500000,10018.829317241
1087.000000000,45.291666667,10019.997577746
1087.100000000,45.295833333,10021.165547629
1087.200000000,45.300000000,10022.333227396
1087.300000000,45.304166667,10023.500617300
1087.400000000,45.308333333,10024.667717342
1087.500000000,45.312500000,10025.834527520
1087.600000000,45.316666667,10027.001047835
1087.700000000,45.320833333,10028.167278287
1087.800000000,45.325000000,10029.333218876
1087.900000000,45.329166667,10030.498869602
1088.000000000,45.333333333,10031.664230465
1088.100000000,45.337500000,10032.829301250
1088.200000000,45.341666667,10033.994081773
1088.300000000,45.345833333,10035.158572358
1088.400000000,45.350000000,10036.322773300
1088.500000000,45.354166667,10037.486684599
1088.600000000,45.358333333,10038.650306255
1088.700000000,45.362500000,10039.813638268
1088.800000000,45.366666667,10040.976680639
1088.900000000,45.370833333,10042.139433615
1089.000000000,45.375000000,10043.301897752
1089.100000000,45.379166667,10044.464072309
1089.200000000,45.383333333,10045.625955189
1089.300000000,45.387500000,10046.787545345
1089.400000000,45.391666667,10047.948842776
1089.500000000,45.395833333,10049.109847482
1089.600000000,45.400000000,10050.270559465
1089.700000000,45.404166667,10051.430978722
1089.800000000,45.408333333,10052.591105255
1089.900000000,45.412500000,10053.750939064
1090.000000000,45.416666667,10054.910480148
1090.100000000,45.420833333,10056.069726892
1090.200000000,45.425000000,10057.228676067
1090.300000000,45.429166667,10058.387326057
1090.400000000,45.433333333,10059.545676862
1090.500000000,45.437500000,10060.703728483
1090.600000000,45.441666667,10061.861480918
1090.700000000,45.445833333,10063.018934169
1090.800000000,45.450000000,10064.176088235
1090.900000000,45.454166667,10065.332943116
1091.000000000,45.458333333,10066.489498812
1091.100000000,45.462500000,10067.645755650
1091.200000000,45.466666667,10068.801714280
1091.300000000,45.470833333,10069.957375030
1091.400000000,45.475000000,10071.112737899
1091.500000000,45.479166667,10072.267802887
1091.600000000,45.483333333,10073.422569994
1091.700000000,45.487500000,10074.577039221
1091.800000000,45.491666667,10075.731210566
1091.900000000,45.495833333,10076.885084030
1092.000000000,45.500000000,10078.038659614
1092.100000000,45.504166667,10079.191938892
1092.200000000,45.508333333,10080.344925016
1092.300000000,45.512500000,10081.497619559
1092.400000000,45.516666667,10082.650022524
1092.500000000,45.520833333,10083.802133908
1092.600000000,45.525000000,10084.953953714
1092.700000000,45.529166667,10086.105481939
1092.800000000,45.533333333,10087.256718586
1092.900000000,45.537500000,10088.407663653
1093.000000000,45.541666667,10089.558317140
1093.100000000,45.545833333,10090.708679913
1093.200000000,45.550000000,10091.858753705
1093.300000000,45.554166667,10093.008539379
1093.400000000,45.558333333,10094.158036938
1093.500000000,45.562500000,10095.307246379
1093.600000000,45.566666667,10096.456167704
1093.700000000,45.570833333,10097.604800913
1093.800000000,45.575000000,10098.753146005
1093.900000000,45.579166667,10099.901202980
1094.000000000,45.583333333,10101.048971839
1094.100000000,45.587500000,10102.196453369
1094.200000000,45.591666667,10103.343649145
1094.300000000,45.595833333,10104.490559954
1094.400000000,45.600000000,10105.637185796
1094.500000000,45.604166667,10106.783526672
1094.600000000,45.608333333,10107.929582581
1094.700000000,45.612500000,10109.075353524
1094.800000000,45.616666667,10110.220839500
1094.900000000,45.620833333,10111.366040509
1095.000000000,45.625000000,10112.510956552
1095.100000000,45.629166667,10113.655588400
1095.200000000,45.633333333,10114.799937597
1095.300000000,45.637500000,10115.944004914
1095.400000000,45.641666667,10117.087790352
1095.500000000,45.645833333,10118.231293910
1095.600000000,45.650000000,10119.374515589
1095.700000000,45.654166667,10120.517455389
1095.800000000,45.658333333,10121.660113309
1095.900000000,45.662500000,10122.802489904
1096.000000000,45.666666667,10123.944585737
1096.100000000,45.670833333,10125.086401785
1096.200000000,45.675000000,10126.227939975
1096.300000000,45.679166667,10127.369201272
1096.400000000,45.683333333,10128.510185676
1096.500000000,45.687500000,10129.650893187
1096.600000000,45.691666667,10130.791323804
1096.700000000,45.695833333,10131.931477528
1096.800000000,45.700000000,10133.071354403
1096.900000000,45.704166667,10134.210954984
1097.000000000,45.708333333,10135.350279777
1097.100000000,45.712500000,10136.489327622
1097.200000000,45.716666667,10137.628096196
1097.300000000,45.720833333,10138.766584340
1097.400000000,45.725000000,10139.904792052
1097.500000000,45.729166667,10141.042719334
1097.600000000,45.733333333,10142.180366184
1097.700000000,45.737500000,10143.317732603
1097.800000000,45.741666667,10144.454818591
1097.900000000,45.745833333,10145.591624147
1098.000000000,45.750000000,10146.728149273
1098.100000000,45.754166667,10147.864389736
1098.200000000,45.758333333,10149.000337075
1098.300000000,45.762500000,10150.135987059
1098.400000000,45.766666667,10151.271339687
1098.500000000,45.770833333,10152.406394960
1098.600000000,45.775000000,10153.541152878
1098.700000000,45.779166667,10154.675613440
1098.800000000,45.783333333,10155.809776647
1098.900000000,45.787500000,10156.943642499
1099.000000000,45.791666667,10158.077210995
1099.100000000,45.795833333,10159.210477733
1099.200000000,45.800000000,10160.343433909
1099.300000000,45.804166667,10161.476075119
1099.400000000,45.808333333,10162.608401364
1099.500000000,45.812500000,10163.740412644
1099.600000000,45.816666667,10164.872108958
1099.700000000,45.820833333,10166.003490307
1099.800000000,45.825000000,10167.134556691
1099.900000000,45.829166667,10168.265308109
1100.000000000,45.833333333,10169.395744562
1100.100000000,45.837500000,10170.525870649
1100.200000000,45.841666667,10171.655695569
1100.300000000,45.845833333,10172.785223922
1100.400000000,45.850000000,10173.914455706
1100.500000000,45.854166667,10175.043390923
1100.600000000,45.858333333,10176.172029572
1100.700000000,45.862500000,10177.300371654
1100.800000000,45.866666667,10178.428417168
1100.900000000,45.870833333,10179.556166114
1101.000000000,45.875000000,10180.683618492
1101.100000000,45.879166667,10181.810775353
1101.200000000,45.883333333,10182.937638798
1101.300000000,45.887500000,10184.064209878
1101.400000000,45.891666667,10185.190488593
1101.500000000,45.895833333,10186.316474942
1101.600000000,45.900000000,10187.442169090
1101.700000000,45.904166667,10188.567571573
1101.800000000,45.908333333,10189.692682764
1101.900000000,45.912500000,10190.817502665
1102.000000000,45.916666667,10191.942031273
1102.100000000,45.920833333,10193.066269715
1102.200000000,45.925000000,10194.190220238
1102.300000000,45.929166667,10195.313883967
1102.400000000,45.933333333,10196.437260900
1102.500000000,45.937500000,10197.560351040
1102.600000000,45.941666667,10198.683154385
1102.700000000,45.945833333,10199.805670935
1102.800000000,45.950000000,10200.927900690
1102.900000000,45.954166667,10202.049843652
1103.000000000,45.958333333,10203.171499818
1103.100000000,45.962500000,10204.292870356
1103.200000000,45.966666667,10205.413957596
1103.300000000,45.970833333,10206.534762704
1103.400000000,45.975000000,10207.655285680
1103.500000000,45.979166667,10208.775526524
1103.600000000,45.983333333,10209.895485235
1103.700000000,45.987500000,10211.015161854
1103.800000000,45.991666667,10212.134556880
1103.900000000,45.995833333,10213.253670776
1104.000000000,46.000000000,10214.372503541
1104.100000000,46.004166667,10215.491056842
1104.200000000,46.008333333,10216.609334010
1104.300000000,46.012500000,10217.727336709
1104.400000000,46.016666667,10218.845064941
1104.500000000,46.020833333,10219.962518704
1104.600000000,46.025000000,10221.079697998
1104.700000000,46.029166667,10222.196602825
1104.800000000,46.033333333,10223.313233184
1104.900000000,46.037500000,10224.429589074
1105.000000000,46.041666667,10225.545670565
1105.100000000,46.045833333,10226.661480173
1105.200000000,46.050000000,10227.777022361
1105.300000000,46.054166667,10228.892299143
1105.400000000,46.058333333,10230.007310518
1105.500000000,46.062500000,10231.122056487
1105.600000000,46.066666667,10232.236537050
1105.700000000,46.070833333,10233.350752508
1105.800000000,46.075000000,10234.464703370
1105.900000000,46.079166667,10235.578389847
1106.000000000,46.083333333,10236.691811937
1106.100000000,46.087500000,10237.804971667
1106.200000000,46.091666667,10238.917873089
1106.300000000,46.095833333,10240.030518228
1106.400000000,46.100000000,10241.142907084
1106.500000000,46.104166667,10242.255039658
1106.600000000,46.108333333,10243.366915949
1106.700000000,46.112500000,10244.478535958
1106.800000000,46.116666667,10245.589900136
1106.900000000,46.120833333,10246.701008954
1107.000000000,46.125000000,10247.811862429
1107.100000000,46.129166667,10248.922462583
1107.200000000,46.133333333,10250.032813460
1107.300000000,46.137500000,10251.142917081
1107.400000000,46.141666667,10252.252773446
1107.500000000,46.145833333,10253.362382555
1107.600000000,46.150000000,10254.471744408
1107.700000000,46.154166667,10255.580859006
1107.800000000,46.158333333,10256.689726347
1107.900000000,46.162500000,10257.798346433
1108.000000000,46.166666667,10258.906719262
1108.100000000,46.170833333,10260.014846437
1108.200000000,46.175000000,10261.122731159
1108.300000000,46.179166667,10262.230375028
1108.400000000,46.183333333,10263.337778046
1108.500000000,46.187500000,10264.444940212
1108.600000000,46.191666667,10265.551861525
1108.700000000,46.195833333,10266.658541987
1108.800000000,46.200000000,10267.764981596
1108.900000000,46.204166667,10268.871180354
1109.000000000,46.208333333,10269.977138260
1109.100000000,46.212500000,10271.082856627
1109.200000000,46.216666667,10272.188338083
1109.300000000,46.220833333,10273.293583941
1109.400000000,46.225000000,10274.398594202
1109.500000000,46.229166667,10275.503368864
1109.600000000,46.233333333,10276.607907930
1109.700000000,46.237500000,10277.712211397
1109.800000000,46.241666667,10278.816279267
1109.900000000,46.245833333,10279.920111540
1110.000000000,46.250000000,10281.023708215
1110.100000000,46.254166667,10282.127070461
1110.200000000,46.258333333,10283.230200652
1110.300000000,46.262500000,10284.333100370
1110.400000000,46.266666667,10285.435769993
1110.500000000,46.270833333,10286.538209521
1110.600000000,46.275000000,10287.640418955
1110.700000000,46.279166667,10288.742398294
1110.800000000,46.283333333,10289.844147538
1110.900000000,46.287500000,10290.945666688
1111.000000000,46.291666667,10292.046955743
1111.100000000,46.295833333,10293.148015720
1111.200000000,46.300000000,10294.248848650
1111.300000000,46.304166667,10295.349455550
1111.400000000,46.308333333,10296.449836421
1111.500000000,46.312500000,10297.549991260
1111.600000000,46.316666667,10298.649920070
1111.700000000,46.320833333,10299.749622850
1111.800000000,46.325000000,10300.849099599
1111.900000000,46.329166667,10301.948350318
1112.000000000,46.333333333,10303.047375007
1112.100000000,46.337500000,10304.146174743
1112.200000000,46.341666667,10305.244751683
1112.300000000,46.345833333,10306.343106902
1112.400000000,46.350000000,10307.441240402
1112.500000000,46.354166667,10308.539152183
1112.600000000,46.358333333,10309.636842244
1112.700000000,46.362500000,10310.734310585
1112.800000000,46.366666667,10311.831557373
1112.900000000,46.370833333,10312.928583003
1113.000000000,46.375000000,10314.025387701
1113.100000000,46.379166667,10315.121972526
1113.200000000,46.383333333,10316.218339595
1113.300000000,46.387500000,10317.314489966
1113.400000000,46.391666667,10318.410423639
1113.500000000,46.395833333,10319.506140614
1113.600000000,46.400000000,10320.601640890
1113.700000000,46.404166667,10321.696924469
1113.800000000,46.408333333,10322.791991349
1113.900000000,46.412500000,10323.886841531
1114.000000000,46.416666667,10324.981475016
1114.100000000,46.420833333,10326.075892639
1114.200000000,46.425000000,10327.170096077
1114.300000000,46.429166667,10328.264086166
1114.400000000,46.433333333,10329.357862907
1114.500000000,46.437500000,10330.451426299
1114.600000000,46.441666667,10331.544776344
1114.700000000,46.445833333,10332.637913039
1114.800000000,46.450000000,10333.730836387
1114.900000000,46.454166667,10334.823546385
1115.000000000,46.458333333,10335.916043036
1115.100000000,46.462500000,10337.008327186
1115.200000000,46.466666667,10338.100400530
1115.300000000,46.470833333,10339.192263916
1115.400000000,46.475000000,10340.283917344
1115.500000000,46.479166667,10341.375360814
1115.600000000,46.483333333,10342.466594327
1115.700000000,46.487500000,10343.557617881
1115.800000000,46.491666667,10344.648431477
1115.900000000,46.495833333,10345.739035116
1116.000000000,46.500000000,10346.829428796
1116.100000000,46.504166667,10347.919613401
1116.200000000,46.508333333,10349.009591033
1116.300000000,46.512500000,10350.099362914
1116.400000000,46.516666667,10351.188929043
1116.500000000,46.520833333,10352.278289420
1116.600000000,46.525000000,10353.367444046
1116.700000000,46.529166667,10354.456392920
1116.800000000,46.533333333,10355.545136043
1116.900000000,46.537500000,10356.633673413
1117.000000000,46.541666667,10357.722005033
1117.100000000,46.545833333,10358.810131683
1117.200000000,46.550000000,10359.898054931
1117.300000000,46.554166667,10360.985775558
1117.400000000,46.558333333,10362.073293566
1117.500000000,46.562500000,10363.160608953
1117.600000000,46.566666667,10364.247721721
1117.700000000,46.570833333,10365.334631868
1117.800000000,46.575000000,10366.421339395
1117.900000000,46.579166667,10367.507844303
1118.000000000,46.583333333,10368.594146590
1118.100000000,46.587500000,10369.680247032
1118.200000000,46.591666667,10370.766147180
1118.300000000,46.595833333,10371.851847808
1118.400000000,46.600000000,10372.937349184
1118.500000000,46.604166667,10374.022651653
1118.600000000,46.608333333,10375.107755287
1118.700000000,46.612500000,10376.192660089
1118.800000000,46.616666667,10377.277366057
1118.900000000,46.620833333,10378.361873191
1119.000000000,46.625000000,10379.446181493
1119.100000000,46.629166667,10380.530291671
1119.200000000,46.633333333,10381.614205150
1119.300000000,46.637500000,10382.697922638
1119.400000000,46.641666667,10383.781444136
1119.500000000,46.645833333,10384.864769645
1119.600000000,46.650000000,10385.947899164
1119.700000000,46.654166667,10387.030832693
1119.800000000,46.658333333,10388.113570232
1119.900000000,46.662500000,10389.196111781
1120.000000000,46.666666667,10390.278457341
1120.100000000,46.670833333,10391.360607677
1120.200000000,46.675000000,10392.442564323
1120.300000000,46.679166667,10393.524328044
1120.400000000,46.683333333,10394.605898842
1120.500000000,46.687500000,10395.687276716
1120.600000000,46.691666667,10396.768461666
1120.700000000,46.695833333,10397.849453691
1120.800000000,46.700000000,10398.930252793
1120.900000000,46.704166667,10400.010858971
1121.000000000,46.708333333,10401.091272225
1121.100000000,46.712500000,10402.171493359
1121.200000000,46.716666667,10403.251523982
1121.300000000,46.720833333,10404.331364897
1121.400000000,46.725000000,10405.411016105
1121.500000000,46.729166667,10406.490477605
1121.600000000,46.733333333,10407.569749398
1121.700000000,46.737500000,10408.648831484
1121.800000000,46.741666667,10409.727723863
1121.900000000,46.745833333,10410.806426534
1122.000000000,46.750000000,10411.884939498
1122.100000000,46.754166667,10412.963263819
1122.200000000,46.758333333,10414.041401625
1122.300000000,46.762500000,10415.119353983
1122.400000000,46.766666667,10416.197120890
1122.500000000,46.770833333,10417.274702348
1122.600000000,46.775000000,10418.352098356
1122.700000000,46.779166667,10419.429308914
1122.800000000,46.783333333,10420.506334023
1122.900000000,46.787500000,10421.583173682
1123.000000000,46.791666667,10422.659827892
1123.100000000,46.795833333,10423.736297716
1123.200000000,46.800000000,10424.812585283
1123.300000000,46.804166667,10425.888691658
1123.400000000,46.808333333,10426.964616840
1123.500000000,46.812500000,10428.040360830
1123.600000000,46.816666667,10429.115923628
1123.700000000,46.820833333,10430.191305233
1123.800000000,46.825000000,10431.266505646
1123.900000000,46.829166667,10432.341524867
1124.000000000,46.833333333,10433.416362895
1124.100000000,46.837500000,10434.491020704
1124.200000000,46.841666667,10435.565500241
1124.300000000,46.845833333,10436.639802480
1124.400000000,46.850000000,10437.713927420
1124.500000000,46.854166667,10438.787875062
1124.600000000,46.858333333,10439.861645406
1124.700000000,46.862500000,10440.935238451
1124.800000000,46.866666667,10442.008654198
1124.900000000,46.870833333,10443.081892647
1125.000000000,46.875000000,10444.154953797
1125.100000000,46.879166667,10445.227838539
1125.200000000,46.883333333,10446.300548654
1125.300000000,46.887500000,10447.373085032
1125.400000000,46.891666667,10448.445447673
1125.500000000,46.895833333,10449.517636578
1125.600000000,46.900000000,10450.589651746
1125.700000000,46.904166667,10451.661493178
1125.800000000,46.908333333,10452.733160873
1125.900000000,46.912500000,10453.804654831
1126.000000000,46.916666667,10454.875975052
1126.100000000,46.920833333,10455.947122249
1126.200000000,46.925000000,10457.018097846
1126.300000000,46.929166667,10458.088902555
1126.400000000,46.933333333,10459.159536377
1126.500000000,46.937500000,10460.229999311
1126.600000000,46.941666667,10461.300291358
1126.700000000,46.945833333,10462.370412516
1126.800000000,46.950000000,10463.440362787
1126.900000000,46.954166667,10464.510142171
1127.000000000,46.958333333,10465.579750667
1127.100000000,46.962500000,10466.649188937
1127.200000000,46.966666667,10467.718458306
1127.300000000,46.970833333,10468.787559437
1127.400000000,46.975000000,10469.856492329
1127.500000000,46.979166667,10470.925256982
1127.600000000,46.983333333,10471.993853396
1127.700000000,46.987500000,10473.062281572
1127.800000000,46.991666667,10474.130541508
1127.900000000,46.995833333,10475.198633206
1128.000000000,47.000000000,10476.266556666
1128.100000000,47.004166667,10477.334312448
1128.200000000,47.008333333,10478.401901676
1128.300000000,47.012500000,10479.469324911
1128.400000000,47.016666667,10480.536582154
1128.500000000,47.020833333,10481.603673404
1128.600000000,47.025000000,10482.670598662
1128.700000000,47.029166667,10483.737357928
1128.800000000,47.033333333,10484.803951200
1128.900000000,47.037500000,10485.870378481
1129.000000000,47.041666667,10486.936639769
1129.100000000,47.045833333,10488.002735652
1129.200000000,47.050000000,10489.068667307
1129.300000000,47.054166667,10490.134435321
1129.400000000,47.058333333,10491.200039695
1129.500000000,47.062500000,10492.265480428
1129.600000000,47.066666667,10493.330757521
1129.700000000,47.070833333,10494.395870973
1129.800000000,47.075000000,10495.460820785
1129.900000000,47.079166667,10496.525606956
1130.000000000,47.083333333,10497.590229487
1130.100000000,47.087500000,10498.654688878
1130.200000000,47.091666667,10499.718986133
1130.300000000,47.095833333,10500.783121752
1130.400000000,47.100000000,10501.847095737
1130.500000000,47.104166667,10502.910908086
1130.600000000,47.108333333,10503.974558799
1130.700000000,47.112500000,10505.038047877
1130.800000000,47.116666667,10506.101375320
1130.900000000,47.120833333,10507.164541128
1131.000000000,47.125000000,10508.227545300
1131.100000000,47.129166667,10509.290388270
1131.200000000,47.133333333,10510.353070904
1131.300000000,47.137500000,10511.415593633
1131.400000000,47.141666667,10512.477956460
1131.500000000,47.145833333,10513.540159382
1131.600000000,47.150000000,10514.602202402
1131.700000000,47.154166667,10515.664085517
1131.800000000,47.158333333,10516.725808729
1131.900000000,47.162500000,10517.787372038
1132.000000000,47.166666667,10518.848775443
1132.100000000,47.170833333,10519.910019224
1132.200000000,47.175000000,10520.971103943
1132.300000000,47.179166667,10522.032029878
1132.400000000,47.183333333,10523.092797031
1132.500000000,47.187500000,10524.153405401
1132.600000000,47.191666667,10525.213854988
1132.700000000,47.195833333,10526.274145792
1132.800000000,47.200000000,10527.334277813
1132.900000000,47.204166667,10528.394251051
1133.000000000,47.208333333,10529.454065507
1133.100000000,47.212500000,10530.513721439
1133.200000000,47.216666667,10531.573219559
1133.300000000,47.220833333,10532.632560396
1133.400000000,47.225000000,10533.691744029
1133.500000000,47.229166667,10534.750770458
1133.600000000,47.233333333,10535.809639683
1133.700000000,47.237500000,10536.868351703
1133.800000000,47.241666667,10537.926906520
1133.900000000,47.245833333,10538.985304132
1134.000000000,47.250000000,10540.043544540
1134.100000000,47.254166667,10541.101628014
1134.200000000,47.258333333,10542.159555096
1134.300000000,47.262500000,10543.217326056
1134.400000000,47.266666667,10544.274940894
1134.500000000,47.270833333,10545.332399610
1134.600000000,47.275000000,10546.389702204
1134.700000000,47.279166667,10547.446848677
1134.800000000,47.283333333,10548.503839027
1134.900000000,47.287500000,10549.560673255
1135.000000000,47.291666667,10550.617351362
1135.100000000,47.295833333,10551.673873543
1135.200000000,47.300000000,10552.730240192
1135.300000000,47.304166667,10553.786451505
1135.400000000,47.308333333,10554.842507483
1135.500000000,47.312500000,10555.898408125
1135.600000000,47.316666667,10556.954153432
1135.700000000,47.320833333,10558.009743403
1135.800000000,47.325000000,10559.065178039
1135.900000000,47.329166667,10560.120457339
1136.000000000,47.333333333,10561.175581304
1136.100000000,47.337500000,10562.230550222
1136.200000000,47.341666667,10563.285364673
1136.300000000,47.345833333,10564.340024946
1136.400000000,47.350000000,10565.394531042
1136.500000000,47.354166667,10566.448882959
1136.600000000,47.358333333,10567.503080699
1136.700000000,47.362500000,10568.557124261
1136.800000000,47.366666667,10569.611013645
1136.900000000,47.370833333,10570.664748851
1137.000000000,47.375000000,10571.718329879
1137.100000000,47.379166667,10572.771756848
1137.200000000,47.383333333,10573.825029993
1137.300000000,47.387500000,10574.878149433
1137.400000000,47.391666667,10575.931115169
1137.500000000,47.395833333,10576.983927199
1137.600000000,47.400000000,10578.036585524
1137.700000000,47.404166667,10579.089090144
1137.800000000,47.408333333,10580.141441058
1137.900000000,47.412500000,10581.193638268
1138.000000000,47.416666667,10582.245681773
1138.100000000,47.420833333,10583.297571630
1138.200000000,47.425000000,10584.349307957
1138.300000000,47.429166667,10585.400890811
1138.400000000,47.433333333,10586.452320193
1138.500000000,47.437500000,10587.503596101
1138.600000000,47.441666667,10588.554718537
1138.700000000,47.445833333,10589.605687500
1138.800000000,47.450000000,10590.656502990
1138.900000000,47.454166667,10591.707165007
1139.000000000,47.458333333,10592.757673552
1139.100000000,47.462500000,10593.808028570
1139.200000000,47.466666667,10594.858229952
1139.300000000,47.470833333,10595.908277645
1139.400000000,47.475000000,10596.958171649
1139.500000000,47.479166667,10598.007911963
1139.600000000,47.483333333,10599.057498588
1139.700000000,47.487500000,10600.106931524
1139.800000000,47.491666667,10601.156210770
1139.900000000,47.495833333,10602.205336327
1140.000000000,47.500000000,10603.254308195
1140.100000000,47.504166667,10604.303126456
1140.200000000,47.508333333,10605.351791278
1140.300000000,47.512500000,10606.400302742
1140.400000000,47.516666667,10607.448660851
1140.500000000,47.520833333,10608.496865602
1140.600000000,47.525000000,10609.544916997
1140.700000000,47.529166667,10610.592815036
1140.800000000,47.533333333,10611.640559718
1140.900000000,47.537500000,10612.688151043
1141.000000000,47.541666667,10613.735589011
1141.100000000,47.545833333,10614.782873767
1141.200000000,47.550000000,10615.830005599
1141.300000000,47.554166667,10616.876984651
1141.400000000,47.558333333,10617.923810922
1141.500000000,47.562500000,10618.970484413
1141.600000000,47.566666667,10620.017005124
1141.700000000,47.570833333,10621.063373054
1141.800000000,47.575000000,10622.109588204
1141.900000000,47.579166667,10623.155650574
1142.000000000,47.583333333,10624.201560164
1142.100000000,47.587500000,10625.247316831
1142.200000000,47.591666667,10626.292920290
1142.300000000,47.595833333,10627.338370398
1142.400000000,47.600000000,10628.383667155
1142.500000000,47.604166667,10629.428810562
1142.600000000,47.608333333,10630.473800618
1142.700000000,47.612500000,10631.518637323
1142.800000000,47.616666667,10632.563320678
1142.900000000,47.620833333,10633.607850682
1143.000000000,47.625000000,10634.652227335
1143.100000000,47.629166667,10635.696450706
1143.200000000,47.633333333,10636.740520933
1143.300000000,47.637500000,10637.784438084
1143.400000000,47.641666667,10638.828202159
1143.500000000,47.645833333,10639.871813159
1143.600000000,47.650000000,10640.915271083
1143.700000000,47.654166667,10641.958575930
1143.800000000,47.658333333,10643.001727703
1143.900000000,47.662500000,10644.044726399
1144.000000000,47.666666667,10645.087572019
1144.100000000,47.670833333,10646.130264561
1144.200000000,47.675000000,10647.172804019
1144.300000000,47.679166667,10648.215190388
1144.400000000,47.683333333,10649.257423670
1144.500000000,47.687500000,10650.299503864
1144.600000000,47.691666667,10651.341430971
1144.700000000,47.695833333,10652.383205212
1144.800000000,47.700000000,10653.424826838
1144.900000000,47.704166667,10654.466295885
1145.000000000,47.708333333,10655.507612603
1145.100000000,47.712500000,10656.548777239
1145.200000000,47.716666667,10657.589789787
1145.300000000,47.720833333,10658.630650242
1145.400000000,47.725000000,10659.671358605
1145.500000000,47.729166667,10660.711914876
1145.600000000,47.733333333,10661.752319054
1145.700000000,47.737500000,10662.792571140
1145.800000000,47.741666667,10663.832671134
1145.900000000,47.745833333,10664.872619035
1146.000000000,47.750000000,10665.912414844
1146.100000000,47.754166667,10666.952058685
1146.200000000,47.758333333,10667.991550652
1146.300000000,47.762500000,10669.030890712
1146.400000000,47.766666667,10670.070078867
1146.500000000,47.770833333,10671.109115117
1146.600000000,47.775000000,10672.147999461
1146.700000000,47.779166667,10673.186731899
1146.800000000,47.783333333,10674.225312432
1146.900000000,47.787500000,10675.263741059
1147.000000000,47.791666667,10676.302017780
1147.100000000,47.795833333,10677.340142633
1147.200000000,47.800000000,10678.378115690
1147.300000000,47.804166667,10679.415936989
1147.400000000,47.808333333,10680.453606529
1147.500000000,47.812500000,10681.491124310
1147.600000000,47.816666667,10682.528490332
1147.700000000,47.820833333,10683.565704596
1147.800000000,47.825000000,10684.602767101
1147.900000000,47.829166667,10685.639677848
1148.000000000,47.833333333,10686.676436990
1148.100000000,47.837500000,10687.713044670
1148.200000000,47.841666667,10688.749500765
1148.300000000,47.845833333,10689.785805161
1148.400000000,47.850000000,10690.821957859
1148.500000000,47.854166667,10691.857958859
1148.600000000,47.858333333,10692.893808161
1148.700000000,47.862500000,10693.929505764
1148.800000000,47.866666667,10694.965051670
1148.900000000,47.870833333,10696.000445878
1149.000000000,47.875000000,10697.035688387
1149.100000000,47.879166667,10698.070779095
1149.200000000,47.883333333,10699.105717796
1149.300000000,47.887500000,10700.140504385
1149.400000000,47.891666667,10701.175138862
1149.500000000,47.895833333,10702.209621229
1149.600000000,47.900000000,10703.243951484
1149.700000000,47.904166667,10704.278129629
1149.800000000,47.908333333,10705.312155662
1149.900000000,47.912500000,10706.346029583
1150.000000000,47.916666667,10707.379751394
1150.100000000,47.920833333,10708.413321152
1150.200000000,47.925000000,10709.446738973
1150.300000000,47.929166667,10710.480004916
1150.400000000,47.933333333,10711.513119181
1150.500000000,47.937500000,10712.546082028
1150.600000000,47.941666667,10713.578893512
1150.700000000,47.945833333,10714.611553634
1150.800000000,47.950000000,10715.644062533
1150.900000000,47.954166667,10716.676420472
1151.000000000,47.958333333,10717.708627578
1151.100000000,47.962500000,10718.740683902
1151.200000000,47.966666667,10719.772589547
1151.300000000,47.970833333,10720.804344565
1151.400000000,47.975000000,10721.835948955
1151.500000000,47.979166667,10722.867402717
1151.600000000,47.983333333,10723.898705851
1151.700000000,47.987500000,10724.929858357
1151.800000000,47.991666667,10725.960860236
1151.900000000,47.995833333,10726.991711488
1152.000000000,48.000000000,10728.022412111
1152.100000000,48.004166667,10729.052962160
1152.200000000,48.008333333,10730.083361739
1152.300000000,48.012500000,10731.113610901
1152.400000000,48.016666667,10732.143709645
1152.500000000,48.020833333,10733.173657973
1152.600000000,48.025000000,10734.203455981
1152.700000000,48.029166667,10735.233103911
1152.800000000,48.033333333,10736.262601910
1152.900000000,48.037500000,10737.291949979
1153.000000000,48.041666667,10738.321148117
1153.100000000,48.045833333,10739.350196453
1153.200000000,48.050000000,10740.379095243
1153.300000000,48.054166667,10741.407844617
1153.400000000,48.058333333,10742.436444573
1153.500000000,48.062500000,10743.464895113
1153.600000000,48.066666667,10744.493196236
1153.700000000,48.070833333,10745.521347943
1153.800000000,48.075000000,10746.549350232
1153.900000000,48.079166667,10747.577203105
1154.000000000,48.083333333,10748.604906560
1154.100000000,48.087500000,10749.632460808
1154.200000000,48.091666667,10750.659866265
1154.300000000,48.095833333,10751.687123141
1154.400000000,48.100000000,10752.714231434
1154.500000000,48.104166667,10753.741191146
1154.600000000,48.108333333,10754.768002276
1154.700000000,48.112500000,10755.794664825
1154.800000000,48.116666667,10756.821178791
1154.900000000,48.120833333,10757.847544176
1155.000000000,48.125000000,10758.873760979
1155.100000000,48.129166667,10759.899829443
1155.200000000,48.133333333,10760.925750055
1155.300000000,48.137500000,10761.951523057
1155.400000000,48.141666667,10762.977148450
1155.500000000,48.145833333,10764.002626234
1155.600000000,48.150000000,10765.027956407
1155.700000000,48.154166667,10766.053138972
1155.800000000,48.158333333,10767.078173927
1155.900000000,48.162500000,10768.103061272
1156.000000000,48.166666667,10769.127801008
1156.100000000,48.170833333,10770.152393559
1156.200000000,48.175000000,10771.176839748
1156.300000000,48.179166667,10772.201139973
1156.400000000,48.183333333,10773.225294235
1156.500000000,48.187500000,10774.249302532
1156.600000000,48.191666667,10775.273164865
1156.700000000,48.195833333,10776.296881234
1156.800000000,48.200000000,10777.320451639
1156.900000000,48.204166667,10778.343876080
1157.000000000,48.208333333,10779.367154557
1157.100000000,48.212500000,10780.390287429
1157.200000000,48.216666667,10781.413275416
1157.300000000,48.220833333,10782.436118877
1157.400000000,48.225000000,10783.458817812
1157.500000000,48.229166667,10784.481372221
1157.600000000,48.233333333,10785.503782104
1157.700000000,48.237500000,10786.526047460
1157.800000000,48.241666667,10787.548168291
1157.900000000,48.245833333,10788.570144596
1158.000000000,48.250000000,10789.591976375
1158.100000000,48.254166667,10790.613664006
1158.200000000,48.258333333,10791.635208248
1158.300000000,48.262500000,10792.656609478
1158.400000000,48.266666667,10793.677867696
1158.500000000,48.270833333,10794.698982904
1158.600000000,48.275000000,10795.719955100
1158.700000000,48.279166667,10796.740784284
1158.800000000,48.283333333,10797.761470458
1158.900000000,48.287500000,10798.782013620
1159.000000000,48.291666667,10799.802413770
1159.100000000,48.295833333,10800.822671323
1159.200000000,48.300000000,10801.842787102
1159.300000000,48.304166667,10802.862761522
1159.400000000,48.308333333,10803.882594582
1159.500000000,48.312500000,10804.902286282
1159.600000000,48.316666667,10805.921836797
1159.700000000,48.320833333,10806.941246365
1159.800000000,48.325000000,10807.960515051
1159.900000000,48.329166667,10808.979642854
1160.000000000,48.333333333,10809.998629774
1160.100000000,48.337500000,10811.017476214
1160.200000000,48.341666667,10812.036182978
1160.300000000,48.345833333,10813.054750470
1160.400000000,48.350000000,10814.073178689
1160.500000000,48.354166667,10815.091467636
1160.600000000,48.358333333,10816.109617310
1160.700000000,48.362500000,10817.127627711
1160.800000000,48.366666667,10818.145498839
1160.900000000,48.370833333,10819.163230695
1161.000000000,48.375000000,10820.180823278
1161.100000000,48.379166667,10821.198277057
1161.200000000,48.383333333,10822.215592971
1161.300000000,48.387500000,10823.232771490
1161.400000000,48.391666667,10824.249812612
1161.500000000,48.395833333,10825.266716338
1161.600000000,48.400000000,10826.283482668
1161.700000000,48.404166667,10827.300111602
1161.800000000,48.408333333,10828.316603140
1161.900000000,48.412500000,10829.332957282
1162.000000000,48.416666667,10830.349174028
1162.100000000,48.420833333,10831.365253898
1162.200000000,48.425000000,10832.381197930
1162.300000000,48.429166667,10833.397006643
1162.400000000,48.433333333,10834.412680038
1162.500000000,48.437500000,10835.428218114
1162.600000000,48.441666667,10836.443620872
1162.700000000,48.445833333,10837.458888312
1162.800000000,48.450000000,10838.474020434
1162.900000000,48.454166667,10839.489017237
1163.000000000,48.458333333,10840.503878722
1163.100000000,48.462500000,10841.518605479
1163.200000000,48.466666667,10842.533198691
1163.300000000,48.470833333,10843.547658949
1163.400000000,48.475000000,10844.561986252
1163.500000000,48.479166667,10845.576180601
1163.600000000,48.483333333,10846.590241996
1163.700000000,48.487500000,10847.604170436
1163.800000000,48.491666667,10848.617965922
1163.900000000,48.495833333,10849.631628453
1164.000000000,48.500000000,10850.645158031
1164.100000000,48.504166667,10851.658555289
1164.200000000,48.508333333,10852.671821501
1164.300000000,48.512500000,10853.684957300
1164.400000000,48.516666667,10854.697962689
1164.500000000,48.520833333,10855.710837665
1164.600000000,48.525000000,10856.723582231
1164.700000000,48.529166667,10857.736196384
1164.800000000,48.533333333,10858.748680126
1164.900000000,48.537500000,10859.761033457
1165.000000000,48.541666667,10860.773256376
1165.100000000,48.545833333,10861.785349445
1165.200000000,48.550000000,10862.797313784
1165.300000000,48.554166667,10863.809149956
1165.400000000,48.558333333,10864.820857959
1165.500000000,48.562500000,10865.832437794
1165.600000000,48.566666667,10866.843889461
1165.700000000,48.570833333,10867.855212959
1165.800000000,48.575000000,10868.866408290
1165.900000000,48.579166667,10869.877475452
1166.000000000,48.583333333,10870.888414517
1166.100000000,48.587500000,10871.899226566
1166.200000000,48.591666667,10872.909913476
1166.300000000,48.595833333,10873.920476119
1166.400000000,48.600000000,10874.930914493
1166.500000000,48.604166667,10875.941228600
1166.600000000,48.608333333,10876.951418438
1166.700000000,48.612500000,10877.961484008
1166.800000000,48.616666667,10878.971425310
1166.900000000,48.620833333,10879.981242344
1167.000000000,48.625000000,10880.990935110
1167.100000000,48.629166667,10882.000504250
1167.200000000,48.633333333,10883.009951048
1167.300000000,48.637500000,10884.019276146
1167.400000000,48.641666667,10885.028479544
1167.500000000,48.645833333,10886.037561242
1167.600000000,48.650000000,10887.046521240
1167.700000000,48.654166667,10888.055359539
1167.800000000,48.658333333,10889.064076138
1167.900000000,48.662500000,10890.072671036
1168.000000000,48.666666667,10891.081144235
1168.100000000,48.670833333,10892.089496337
1168.200000000,48.675000000,10893.097728545
1168.300000000,48.679166667,10894.105841464
1168.400000000,48.683333333,10895.113835091
1168.500000000,48.687500000,10896.121709428
1168.600000000,48.691666667,10897.129464475
1168.700000000,48.695833333,10898.137100231
1168.800000000,48.700000000,10899.144616696
1168.900000000,48.704166667,10900.152013871
1169.000000000,48.708333333,10901.159291756
1169.100000000,48.712500000,10902.166450926
1169.200000000,48.716666667,10903.173492537
1169.300000000,48.720833333,10904.180417165
1169.400000000,48.725000000,10905.187224810
1169.500000000,48.729166667,10906.193915472
1169.600000000,48.733333333,10907.200489151
1169.700000000,48.737500000,10908.206945846
1169.800000000,48.741666667,10909.213285559
1169.900000000,48.745833333,10910.219508289
1170.000000000,48.750000000,10911.225614035
1170.100000000,48.754166667,10912.231603334
1170.200000000,48.758333333,10913.237477257
1170.300000000,48.762500000,10914.243236338
1170.400000000,48.766666667,10915.248880578
1170.500000000,48.770833333,10916.254409977
1170.600000000,48.775000000,10917.259824535
1170.700000000,48.779166667,10918.265124252
1170.800000000,48.783333333,10919.270309128
1170.900000000,48.787500000,10920.275379163
1171.000000000,48.791666667,10921.280334356
1171.100000000,48.795833333,10922.285175192
1171.200000000,48.800000000,10923.289902636
1171.300000000,48.804166667,10924.294517170
1171.400000000,48.808333333,10925.299018797
1171.500000000,48.812500000,10926.303407514
1171.600000000,48.816666667,10927.307683323
1171.700000000,48.820833333,10928.311846222
1171.800000000,48.825000000,10929.315896213
1171.900000000,48.829166667,10930.319833296
1172.000000000,48.833333333,10931.323657469
1172.100000000,48.837500000,10932.327369289
1172.200000000,48.841666667,10933.330969865
1172.300000000,48.845833333,10934.334459753
1172.400000000,48.850000000,10935.337838952
1172.500000000,48.854166667,10936.341107463
1172.600000000,48.858333333,10937.344265285
1172.700000000,48.862500000,10938.347312418
1172.800000000,48.866666667,10939.350248863
1172.900000000,48.870833333,10940.353074619
1173.000000000,48.875000000,10941.355789687
1173.100000000,48.879166667,10942.358394626
1173.200000000,48.883333333,10943.360890552
1173.300000000,48.887500000,10944.363278026
1173.400000000,48.891666667,10945.365557047
1173.500000000,48.895833333,10946.367727615
1173.600000000,48.900000000,10947.369789730
1173.700000000,48.904166667,10948.371743393
1173.800000000,48.908333333,10949.373588603
1173.900000000,48.912500000,10950.375325360
1174.000000000,48.916666667,10951.376953664
1174.100000000,48.920833333,10952.378474058
1174.200000000,48.925000000,10953.379887629
1174.300000000,48.929166667,10954.381194919
1174.400000000,48.933333333,10955.382395929
1174.500000000,48.937500000,10956.383490658
1174.600000000,48.941666667,10957.384479107
1174.700000000,48.945833333,10958.385361275
1174.800000000,48.950000000,10959.386137162
1174.900000000,48.954166667,10960.386806769
1175.000000000,48.958333333,10961.387370095
1175.100000000,48.962500000,10962.387827708
1175.200000000,48.966666667,10963.388180743
1175.300000000,48.970833333,10964.388429768
1175.400000000,48.975000000,10965.388574781
1175.500000000,48.979166667,10966.388615784
1175.600000000,48.983333333,10967.388552776
1175.700000000,48.987500000,10968.388385758
1175.800000000,48.991666667,10969.388114728
1175.900000000,48.995833333,10970.387739688
1176.000000000,49.000000000,10971.387260638
1176.100000000,49.004166667,10972.386678133
1176.200000000,49.008333333,10973.385993286
1176.300000000,49.012500000,10974.385206655
1176.400000000,49.016666667,10975.384318239
1176.500000000,49.020833333,10976.383328038
1176.600000000,49.025000000,10977.382236053
1176.700000000,49.029166667,10978.381042282
1176.800000000,49.033333333,10979.379746727
1176.900000000,49.037500000,10980.378349387
1177.000000000,49.041666667,10981.376850261
1177.100000000,49.045833333,10982.375249863
1177.200000000,49.050000000,10983.373549217
1177.300000000,49.054166667,10984.371748833
1177.400000000,49.058333333,10985.369848713
1177.500000000,49.062500000,10986.367848857
1177.600000000,49.066666667,10987.365749263
1177.700000000,49.070833333,10988.363549933
1177.800000000,49.075000000,10989.361250866
1177.900000000,49.079166667,10990.358852062
1178.000000000,49.083333333,10991.356353522
1178.100000000,49.087500000,10992.353755702
1178.200000000,49.091666667,10993.351059517
1178.300000000,49.095833333,10994.348265424
1178.400000000,49.100000000,10995.345373423
1178.500000000,49.104166667,10996.342383514
1178.600000000,49.108333333,10997.339295697
1178.700000000,49.112500000,10998.336109971
1178.800000000,49.116666667,10999.332826338
1178.900000000,49.120833333,11000.329444797
1179.000000000,49.125000000,11001.325965347
1179.100000000,49.129166667,11002.322388371
1179.200000000,49.133333333,11003.318714627
1179.300000000,49.137500000,11004.314944498
1179.400000000,49.141666667,11005.311077983
1179.500000000,49.145833333,11006.307115081
1179.600000000,49.150000000,11007.303055794
1179.700000000,49.154166667,11008.298900121
1179.800000000,49.158333333,11009.294648061
1179.900000000,49.162500000,11010.290299616
1180.000000000,49.166666667,11011.285854785
1180.100000000,49.170833333,11012.281313937
1180.200000000,49.175000000,11013.276677810
1180.300000000,49.179166667,11014.271946774
1180.400000000,49.183333333,11015.267120828
1180.500000000,49.187500000,11016.262199974
1180.600000000,49.191666667,11017.257184209
1180.700000000,49.195833333,11018.252073536
1180.800000000,49.200000000,11019.246867953
1180.900000000,49.204166667,11020.241567461
1181.000000000,49.208333333,11021.236172059
1181.100000000,49.212500000,11022.230682101
1181.200000000,49.216666667,11023.225098294
1181.300000000,49.220833333,11024.219420991
1181.400000000,49.225000000,11025.213650193
1181.500000000,49.229166667,11026.207785898
1181.600000000,49.233333333,11027.201828108
1181.700000000,49.237500000,11028.195776822
1181.800000000,49.241666667,11029.189632040
1181.900000000,49.245833333,11030.183393763
1182.000000000,49.250000000,11031.177061989
1182.100000000,49.254166667,11032.170637031
1182.200000000,49.258333333,11033.164119509
1182.300000000,49.262500000,11034.157509734
1182.400000000,49.266666667,11035.150807706
1182.500000000,49.270833333,11036.144013426
1182.600000000,49.275000000,11037.137126893
1182.700000000,49.279166667,11038.130148107
1182.800000000,49.283333333,11039.123077069
1182.900000000,49.287500000,11040.115913777
1183.000000000,49.291666667,11041.108658233
1183.100000000,49.295833333,11042.101310688
1183.200000000,49.300000000,11043.093871643
1183.300000000,49.304166667,11044.086341351
1183.400000000,49.308333333,11045.078719811
1183.500000000,49.312500000,11046.071007023
1183.600000000,49.316666667,11047.063202988
1183.700000000,49.320833333,11048.055307705
1183.800000000,49.325000000,11049.047321174
1183.900000000,49.329166667,11050.039243396
1184.000000000,49.333333333,11051.031074370
1184.100000000,49.337500000,11052.022814330
1184.200000000,49.341666667,11053.014463742
1184.300000000,49.345833333,11054.006022841
1184.400000000,49.350000000,11054.997491626
1184.500000000,49.354166667,11055.988870098
1184.600000000,49.358333333,11056.980158255
1184.700000000,49.362500000,11057.971356099
1184.800000000,49.366666667,11058.962463630
1184.900000000,49.370833333,11059.953480846
1185.000000000,49.375000000,11060.944407750
1185.100000000,49.379166667,11061.935244574
1185.200000000,49.383333333,11062.925991790
1185.300000000,49.387500000,11063.916649633
1185.400000000,49.391666667,11064.907218103
1185.500000000,49.395833333,11065.897697199
1185.600000000,49.400000000,11066.888086922
1185.700000000,49.404166667,11067.878387272
1185.800000000,49.408333333,11068.868598249
1185.900000000,49.412500000,11069.858719853
1186.000000000,49.416666667,11070.848752083
1186.100000000,49.420833333,11071.838695164
1186.200000000,49.425000000,11072.828549545
1186.300000000,49.429166667,11073.818315449
1186.400000000,49.433333333,11074.807992877
1186.500000000,49.437500000,11075.797581828
1186.600000000,49.441666667,11076.787082303
1186.700000000,49.445833333,11077.776494302
1186.800000000,49.450000000,11078.765817824
1186.900000000,49.454166667,11079.755052869
1187.000000000,49.458333333,11080.744199438
1187.100000000,49.462500000,11081.733257759
1187.200000000,49.466666667,11082.722228285
1187.300000000,49.470833333,11083.711111245
1187.400000000,49.475000000,11084.699906640
1187.500000000,49.479166667,11085.688614468
1187.600000000,49.483333333,11086.677234730
1187.700000000,49.487500000,11087.665767426
1187.800000000,49.491666667,11088.654212555
1187.900000000,49.495833333,11089.642570119
1188.000000000,49.500000000,11090.630840117
1188.100000000,49.504166667,11091.619022795
1188.200000000,49.508333333,11092.607118648
1188.300000000,49.512500000,11093.595127924
1188.400000000,49.516666667,11094.583050622
1188.500000000,49.520833333,11095.570886742
1188.600000000,49.525000000,11096.558636284
1188.700000000,49.529166667,11097.546299249
1188.800000000,49.533333333,11098.533875636
1188.900000000,49.537500000,11099.521365444
1189.000000000,49.541666667,11100.508768675
1189.100000000,49.545833333,11101.496085517
1189.200000000,49.550000000,11102.483316347
1189.300000000,49.554166667,11103.470461352
1189.400000000,49.558333333,11104.457520534
1189.500000000,49.562500000,11105.444493891
1189.600000000,49.566666667,11106.431381425
1189.700000000,49.570833333,11107.418183136
1189.800000000,49.575000000,11108.404899022
1189.900000000,49.579166667,11109.391529084
1190.000000000,49.583333333,11110.378073323
1190.100000000,49.587500000,11111.364531959
1190.200000000,49.591666667,11112.350905434
1190.300000000,49.595833333,11113.337193971
1190.400000000,49.600000000,11114.323397569
1190.500000000,49.604166667,11115.309516227
1190.600000000,49.608333333,11116.295549947
1190.700000000,49.612500000,11117.281498728
1190.800000000,49.616666667,11118.267362569
1190.900000000,49.620833333,11119.253141472
1191.000000000,49.625000000,11120.238835435
1191.100000000,49.629166667,11121.224444648
1191.200000000,49.633333333,11122.209969484
1191.300000000,49.637500000,11123.195410132
1191.400000000,49.641666667,11124.180766592
1191.500000000,49.645833333,11125.166038863
1191.600000000,49.650000000,11126.151226946
1191.700000000,49.654166667,11127.136330841
1191.800000000,49.658333333,11128.121350547
1191.900000000,49.662500000,11129.106286065
1192.000000000,49.666666667,11130.091137395
1192.100000000,49.670833333,11131.075904707
1192.200000000,49.675000000,11132.060588344
1192.300000000,49.679166667,11133.045188477
1192.400000000,49.683333333,11134.029705106
1192.500000000,49.687500000,11135.014138231
1192.600000000,49.691666667,11135.998487852
1192.700000000,49.695833333,11136.982753968
1192.800000000,49.700000000,11137.966936580
1192.900000000,49.704166667,11138.951035688
1193.000000000,49.708333333,11139.935051292
1193.100000000,49.712500000,11140.918983546
1193.200000000,49.716666667,11141.902832757
1193.300000000,49.720833333,11142.886599081
1193.400000000,49.725000000,11143.870282516
1193.500000000,49.729166667,11144.853883063
1193.600000000,49.733333333,11145.837400723
1193.700000000,49.737500000,11146.820835494
1193.800000000,49.741666667,11147.804187377
1193.900000000,49.745833333,11148.787456372
1194.000000000,49.750000000,11149.770642479
1194.100000000,49.754166667,11150.753745836
1194.200000000,49.758333333,11151.736766716
1194.300000000,49.762500000,11152.719705259
1194.400000000,49.766666667,11153.702561463
1194.500000000,49.770833333,11154.685335329
1194.600000000,49.775000000,11155.668026857
1194.700000000,49.779166667,11156.650636047
1194.800000000,49.783333333,11157.633162898
1194.900000000,49.787500000,11158.615607411
1195.000000000,49.791666667,11159.597969586
1195.100000000,49.795833333,11160.580249538
1195.200000000,49.800000000,11161.562447495
1195.300000000,49.804166667,11162.544563573
1195.400000000,49.808333333,11163.526597772
1195.500000000,49.812500000,11164.508550091
1195.600000000,49.816666667,11165.490420531
1195.700000000,49.820833333,11166.472209092
1195.800000000,49.825000000,11167.453915773
1195.900000000,49.829166667,11168.435540575
1196.000000000,49.833333333,11169.417083497
1196.100000000,49.837500000,11170.398544643
1196.200000000,49.841666667,11171.379924214
1196.300000000,49.845833333,11172.361222315
1196.400000000,49.850000000,11173.342438944
1196.500000000,49.854166667,11174.323574102
1196.600000000,49.858333333,11175.304627788
1196.700000000,49.862500000,11176.285600003
1196.800000000,49.866666667,11177.266490845
1196.900000000,49.870833333,11178.247300450
1197.000000000,49.875000000,11179.228028857
1197.100000000,49.879166667,11180.208676163
1197.200000000,49.883333333,11181.189242564
1197.300000000,49.887500000,11182.169728157
1197.400000000,49.891666667,11183.150132941
1197.500000000,49.895833333,11184.130456917
1197.600000000,49.900000000,11185.110700085
1197.700000000,49.904166667,11186.090862445
1197.800000000,49.908333333,11187.070944009
1197.900000000,49.912500000,11188.050944911
1198.000000000,49.916666667,11189.030865271
1198.100000000,49.920833333,11190.010705117
1198.200000000,49.925000000,11190.990464503
1198.300000000,49.929166667,11191.970143457
1198.400000000,49.933333333,11192.949741980
1198.500000000,49.937500000,11193.929260070
1198.600000000,49.941666667,11194.908697728
1198.700000000,49.945833333,11195.888054955
1198.800000000,49.950000000,11196.867331750
1198.900000000,49.954166667,11197.846528112
1199.000000000,49.958333333,11198.825644043
1199.100000000,49.962500000,11199.804679648
1199.200000000,49.966666667,11200.783635140
1199.300000000,49.970833333,11201.762510624
1199.400000000,49.975000000,11202.741306101
1199.500000000,49.979166667,11203.720021571
1199.600000000,49.983333333,11204.698657034
1199.700000000,49.987500000,11205.677212490
1199.800000000,49.991666667,11206.655687938
1199.900000000,49.995833333,11207.634083379
1200.000000000,50.000000000,11208.612398814
1200.100000000,50.004166667,11209.590634325
1200.200000000,50.008333333,11210.568790082
1200.300000000,50.012500000,11211.546866168
1200.400000000,50.016666667,11212.524862585
1200.500000000,50.020833333,11213.502779332
1200.600000000,50.025000000,11214.480616409
1200.700000000,50.029166667,11215.458373816
1200.800000000,50.033333333,11216.436051553
1200.900000000,50.037500000,11217.413649620
1201.000000000,50.041666667,11218.391168017
1201.100000000,50.045833333,11219.368606824
1201.200000000,50.050000000,11220.345966203
1201.300000000,50.054166667,11221.323246234
1201.400000000,50.058333333,11222.300446918
1201.500000000,50.062500000,11223.277568253
1201.600000000,50.066666667,11224.254610240
1201.700000000,50.070833333,11225.231572880
1201.800000000,50.075000000,11226.208456172
1201.900000000,50.079166667,11227.185260116
1202.000000000,50.083333333,11228.161984712
1202.100000000,50.087500000,11229.138630009
1202.200000000,50.091666667,11230.115196106
1202.300000000,50.095833333,11231.091683051
1202.400000000,50.100000000,11232.068090844
1202.500000000,50.104166667,11233.044419486
1202.600000000,50.108333333,11234.020668977
1202.700000000,50.112500000,11234.996839316
1202.800000000,50.116666667,11235.972930504
1202.900000000,50.120833333,11236.948942540
1203.000000000,50.125000000,11237.924875425
1203.100000000,50.129166667,11238.900729268
1203.200000000,50.133333333,11239.876504293
1203.300000000,50.137500000,11240.852200608
1203.400000000,50.141666667,11241.827818213
1203.500000000,50.145833333,11242.803357110
1203.600000000,50.150000000,11243.778817298
1203.700000000,50.154166667,11244.754198776
1203.800000000,50.158333333,11245.729501546
1203.900000000,50.162500000,11246.704725606
1204.000000000,50.166666667,11247.679870957
1204.100000000,50.170833333,11248.654937710
1204.200000000,50.175000000,11249.629926083
1204.300000000,50.179166667,11250.604836189
1204.400000000,50.183333333,11251.579668026
1204.500000000,50.187500000,11252.554421595
1204.600000000,50.191666667,11253.529096895
1204.700000000,50.195833333,11254.503693927
1204.800000000,50.200000000,11255.478212691
1204.900000000,50.204166667,11256.452653186
1205.000000000,50.208333333,11257.427015413
1205.100000000,50.212500000,11258.401299497
1205.200000000,50.216666667,11259.375505688
1205.300000000,50.220833333,11260.349634112
1205.400000000,50.225000000,11261.323684768
1205.500000000,50.229166667,11262.297657657
1205.600000000,50.233333333,11263.271552778
1205.700000000,50.237500000,11264.245370132
1205.800000000,50.241666667,11265.219109718
1205.900000000,50.245833333,11266.192771537
1206.000000000,50.250000000,11267.166355598
1206.100000000,50.254166667,11268.139862160
1206.200000000,50.258333333,11269.113291609
1206.300000000,50.262500000,11270.086644084
1206.400000000,50.266666667,11271.059919582
1206.500000000,50.270833333,11272.033118106
1206.600000000,50.275000000,11273.006239654
1206.700000000,50.279166667,11273.979284226
1206.800000000,50.283333333,11274.952251823
1206.900000000,50.287500000,11275.925142445
1207.000000000,50.291666667,11276.897956091
1207.100000000,50.295833333,11277.870692903
1207.200000000,50.300000000,11278.843353161
1207.300000000,50.304166667,11279.815937008
1207.400000000,50.308333333,11280.788444500
1207.500000000,50.312500000,11281.760875763
1207.600000000,50.316666667,11282.733230862
1207.700000000,50.320833333,11283.705509797
1207.800000000,50.325000000,11284.677712568
1207.900000000,50.329166667,11285.649839175
1208.000000000,50.333333333,11286.621889618
1208.100000000,50.337500000,11287.593863968
1208.200000000,50.341666667,11288.565762370
1208.300000000,50.345833333,11289.537584894
1208.400000000,50.350000000,11290.509331541
1208.500000000,50.354166667,11291.481002310
1208.600000000,50.358333333,11292.452597203
1208.700000000,50.362500000,11293.424116218
1208.800000000,50.366666667,11294.395559356
1208.900000000,50.370833333,11295.366926617
1209.000000000,50.375000000,11296.338218000
1209.100000000,50.379166667,11297.309433679
1209.200000000,50.383333333,11298.280574000
1209.300000000,50.387500000,11299.251639136
1209.400000000,50.391666667,11300.222629088
1209.500000000,50.395833333,11301.193543854
1209.600000000,50.400000000,11302.164383436
1209.700000000,50.404166667,11303.135147832
1209.800000000,50.408333333,11304.105837044
1209.900000000,50.412500000,11305.076451070
1210.000000000,50.416666667,11306.046989912
1210.100000000,50.420833333,11307.017453810
1210.200000000,50.425000000,11307.987843248
1210.300000000,50.429166667,11308.958158466
1210.359144226,50.431631009,11309.532000000
1440.000000000,60.000000000,11309.532000000
