$MeshFormat
2.2 0 8
$EndMeshFormat
$Nodes
14014
1 0 0 0
2 0.1 0 0
3 0.2 0 0
4 0.3 0 0
5 0.4 0 0
6 0.5 0 0
7 0.6 0 0
8 0.7 0 0
9 0.8 0 0
10 0.9 0 0
11 1 0 0
12 1.1 0 0
13 1.2 0 0
14 1.3 0 0
15 1.4 0 0
16 1.5 0 0
17 1.6 0 0
18 1.7 0 0
19 1.8 0 0
20 1.9 0 0
21 2 0 0
22 2.1 0 0
23 2.2 0 0
24 2.3 0 0
25 2.4 0 0
26 2.5 0 0
27 2.6 0 0
28 2.7 0 0
29 2.8 0 0
30 2.9 0 0
31 3 0 0
32 3.1 0 0
33 3.2 0 0
34 3.3 0 0
35 3.4 0 0
36 3.5 0 0
37 3.6 0 0
38 3.7 0 0
39 3.8 0 0
40 3.9 0 0
41 4 0 0
42 4.1 0 0
43 4.2 0 0
44 4.3 0 0
45 4.4 0 0
46 4.5 0 0
47 4.6 0 0
48 4.7 0 0
49 4.8 0 0
50 4.9 0 0
51 5 0 0
52 5.15 0 0
53 5.3 0 0
54 5.45 0 0
55 5.6 0 0
56 5.75 0 0
57 5.9 0 0
58 6.05 0 0
59 6.2 0 0
60 6.35 0 0
61 6.5 0 0
62 6.65 0 0
63 6.8 0 0
64 6.95 0 0
65 7.1 0 0
66 7.25 0 0
67 7.4 0 0
68 7.55 0 0
69 7.7 0 0
70 7.85 0 0
71 8 0 0
72 8.25 0 0
73 8.5 0 0
74 8.75 0 0
75 9 0 0
76 9.25 0 0
77 9.5 0 0
78 9.75 0 0
79 10 0 0
80 10.25 0 0
81 10.5 0 0
82 10.75 0 0
83 11 0 0
84 11.25 0 0
85 11.5 0 0
86 11.75 0 0
87 12 0 0
88 12.5 0 0
89 13 0 0
90 13.5 0 0
91 14 0 0
92 14.5 0 0
93 15 0 0
94 15.5 0 0
95 16 0 0
96 16.5 0 0
97 17 0 0
98 17.5 0 0
99 18 0 0
100 18.5 0 0
101 19 0 0
102 19.5 0 0
103 20 0 0
104 0 0.5 0
105 0.1 0.5 0
106 0.2 0.5 0
107 0.3 0.5 0
108 0.4 0.5 0
109 0.5 0.5 0
110 0.6 0.5 0
111 0.7 0.5 0
112 0.8 0.5 0
113 0.9 0.5 0
114 1 0.5 0
115 1.1 0.5 0
116 1.2 0.5 0
117 1.3 0.5 0
118 1.4 0.5 0
119 1.5 0.5 0
120 1.6 0.5 0
121 1.7 0.5 0
122 1.8 0.5 0
123 1.9 0.5 0
124 2 0.5 0
125 2.1 0.5 0
126 2.2 0.5 0
127 2.3 0.5 0
128 2.4 0.5 0
129 2.5 0.5 0
130 2.6 0.5 0
131 2.7 0.5 0
132 2.8 0.5 0
133 2.9 0.5 0
134 3 0.5 0
135 3.1 0.5 0
136 3.2 0.5 0
137 3.3 0.5 0
138 3.4 0.5 0
139 3.5 0.5 0
140 3.6 0.5 0
141 3.7 0.5 0
142 3.8 0.5 0
143 3.9 0.5 0
144 4 0.5 0
145 4.1 0.5 0
146 4.2 0.5 0
147 4.3 0.5 0
148 4.4 0.5 0
149 4.5 0.5 0
150 4.6 0.5 0
151 4.7 0.5 0
152 4.8 0.5 0
153 4.9 0.5 0
154 5 0.5 0
155 5.15 0.5 0
156 5.3 0.5 0
157 5.45 0.5 0
158 5.6 0.5 0
159 5.75 0.5 0
160 5.9 0.5 0
161 6.05 0.5 0
162 6.2 0.5 0
163 6.35 0.5 0
164 6.5 0.5 0
165 6.65 0.5 0
166 6.8 0.5 0
167 6.95 0.5 0
168 7.1 0.5 0
169 7.25 0.5 0
170 7.4 0.5 0
171 7.55 0.5 0
172 7.7 0.5 0
173 7.85 0.5 0
174 8 0.5 0
175 8.25 0.5 0
176 8.5 0.5 0
177 8.75 0.5 0
178 9 0.5 0
179 9.25 0.5 0
180 9.5 0.5 0
181 9.75 0.5 0
182 10 0.5 0
183 10.25 0.5 0
184 10.5 0.5 0
185 10.75 0.5 0
186 11 0.5 0
187 11.25 0.5 0
188 11.5 0.5 0
189 11.75 0.5 0
190 12 0.5 0
191 12.5 0.5 0
192 13 0.5 0
193 13.5 0.5 0
194 14 0.5 0
195 14.5 0.5 0
196 15 0.5 0
197 15.5 0.5 0
198 16 0.5 0
199 16.5 0.5 0
200 17 0.5 0
201 17.5 0.5 0
202 18 0.5 0
203 18.5 0.5 0
204 19 0.5 0
205 19.5 0.5 0
206 20 0.5 0
207 0 1 0
208 0.1 1 0
209 0.2 1 0
210 0.3 1 0
211 0.4 1 0
212 0.5 1 0
213 0.6 1 0
214 0.7 1 0
215 0.8 1 0
216 0.9 1 0
217 1 1 0
218 1.1 1 0
219 1.2 1 0
220 1.3 1 0
221 1.4 1 0
222 1.5 1 0
223 1.6 1 0
224 1.7 1 0
225 1.8 1 0
226 1.9 1 0
227 2 1 0
228 2.1 1 0
229 2.2 1 0
230 2.3 1 0
231 2.4 1 0
232 2.5 1 0
233 2.6 1 0
234 2.7 1 0
235 2.8 1 0
236 2.9 1 0
237 3 1 0
238 3.1 1 0
239 3.2 1 0
240 3.3 1 0
241 3.4 1 0
242 3.5 1 0
243 3.6 1 0
244 3.7 1 0
245 3.8 1 0
246 3.9 1 0
247 4 1 0
248 4.1 1 0
249 4.2 1 0
250 4.3 1 0
251 4.4 1 0
252 4.5 1 0
253 4.6 1 0
254 4.7 1 0
255 4.8 1 0
256 4.9 1 0
257 5 1 0
258 5.15 1 0
259 5.3 1 0
260 5.45 1 0
261 5.6 1 0
262 5.75 1 0
263 5.9 1 0
264 6.05 1 0
265 6.2 1 0
266 6.35 1 0
267 6.5 1 0
268 6.65 1 0
269 6.8 1 0
270 6.95 1 0
271 7.1 1 0
272 7.25 1 0
273 7.4 1 0
274 7.55 1 0
275 7.7 1 0
276 7.85 1 0
277 8 1 0
278 8.25 1 0
279 8.5 1 0
280 8.75 1 0
281 9 1 0
282 9.25 1 0
283 9.5 1 0
284 9.75 1 0
285 10 1 0
286 10.25 1 0
287 10.5 1 0
288 10.75 1 0
289 11 1 0
290 11.25 1 0
291 11.5 1 0
292 11.75 1 0
293 12 1 0
294 12.5 1 0
295 13 1 0
296 13.5 1 0
297 14 1 0
298 14.5 1 0
299 15 1 0
300 15.5 1 0
301 16 1 0
302 16.5 1 0
303 17 1 0
304 17.5 1 0
305 18 1 0
306 18.5 1 0
307 19 1 0
308 19.5 1 0
309 20 1 0
310 0 1.5 0
311 0.1 1.5 0
312 0.2 1.5 0
313 0.3 1.5 0
314 0.4 1.5 0
315 0.5 1.5 0
316 0.6 1.5 0
317 0.7 1.5 0
318 0.8 1.5 0
319 0.9 1.5 0
320 1 1.5 0
321 1.1 1.5 0
322 1.2 1.5 0
323 1.3 1.5 0
324 1.4 1.5 0
325 1.5 1.5 0
326 1.6 1.5 0
327 1.7 1.5 0
328 1.8 1.5 0
329 1.9 1.5 0
330 2 1.5 0
331 2.1 1.5 0
332 2.2 1.5 0
333 2.3 1.5 0
334 2.4 1.5 0
335 2.5 1.5 0
336 2.6 1.5 0
337 2.7 1.5 0
338 2.8 1.5 0
339 2.9 1.5 0
340 3 1.5 0
341 3.1 1.5 0
342 3.2 1.5 0
343 3.3 1.5 0
344 3.4 1.5 0
345 3.5 1.5 0
346 3.6 1.5 0
347 3.7 1.5 0
348 3.8 1.5 0
349 3.9 1.5 0
350 4 1.5 0
351 4.1 1.5 0
352 4.2 1.5 0
353 4.3 1.5 0
354 4.4 1.5 0
355 4.5 1.5 0
356 4.6 1.5 0
357 4.7 1.5 0
358 4.8 1.5 0
359 4.9 1.5 0
360 5 1.5 0
361 5.15 1.5 0
362 5.3 1.5 0
363 5.45 1.5 0
364 5.6 1.5 0
365 5.75 1.5 0
366 5.9 1.5 0
367 6.05 1.5 0
368 6.2 1.5 0
369 6.35 1.5 0
370 6.5 1.5 0
371 6.65 1.5 0
372 6.8 1.5 0
373 6.95 1.5 0
374 7.1 1.5 0
375 7.25 1.5 0
376 7.4 1.5 0
377 7.55 1.5 0
378 7.7 1.5 0
379 7.85 1.5 0
380 8 1.5 0
381 8.25 1.5 0
382 8.5 1.5 0
383 8.75 1.5 0
384 9 1.5 0
385 9.25 1.5 0
386 9.5 1.5 0
387 9.75 1.5 0
388 10 1.5 0
389 10.25 1.5 0
390 10.5 1.5 0
391 10.75 1.5 0
392 11 1.5 0
393 11.25 1.5 0
394 11.5 1.5 0
395 11.75 1.5 0
396 12 1.5 0
397 12.5 1.5 0
398 13 1.5 0
399 13.5 1.5 0
400 14 1.5 0
401 14.5 1.5 0
402 15 1.5 0
403 15.5 1.5 0
404 16 1.5 0
405 16.5 1.5 0
406 17 1.5 0
407 17.5 1.5 0
408 18 1.5 0
409 18.5 1.5 0
410 19 1.5 0
411 19.5 1.5 0
412 20 1.5 0
413 0 2 0
414 0.1 2 0
415 0.2 2 0
416 0.3 2 0
417 0.4 2 0
418 0.5 2 0
419 0.6 2 0
420 0.7 2 0
421 0.8 2 0
422 0.9 2 0
423 1 2 0
424 1.1 2 0
425 1.2 2 0
426 1.3 2 0
427 1.4 2 0
428 1.5 2 0
429 1.6 2 0
430 1.7 2 0
431 1.8 2 0
432 1.9 2 0
433 2 2 0
434 2.1 2 0
435 2.2 2 0
436 2.3 2 0
437 2.4 2 0
438 2.5 2 0
439 2.6 2 0
440 2.7 2 0
441 2.8 2 0
442 2.9 2 0
443 3 2 0
444 3.1 2 0
445 3.2 2 0
446 3.3 2 0
447 3.4 2 0
448 3.5 2 0
449 3.6 2 0
450 3.7 2 0
451 3.8 2 0
452 3.9 2 0
453 4 2 0
454 4.1 2 0
455 4.2 2 0
456 4.3 2 0
457 4.4 2 0
458 4.5 2 0
459 4.6 2 0
460 4.7 2 0
461 4.8 2 0
462 4.9 2 0
463 5 2 0
464 5.15 2 0
465 5.3 2 0
466 5.45 2 0
467 5.6 2 0
468 5.75 2 0
469 5.9 2 0
470 6.05 2 0
471 6.2 2 0
472 6.35 2 0
473 6.5 2 0
474 6.65 2 0
475 6.8 2 0
476 6.95 2 0
477 7.1 2 0
478 7.25 2 0
479 7.4 2 0
480 7.55 2 0
481 7.7 2 0
482 7.85 2 0
483 8 2 0
484 8.25 2 0
485 8.5 2 0
486 8.75 2 0
487 9 2 0
488 9.25 2 0
489 9.5 2 0
490 9.75 2 0
491 10 2 0
492 10.25 2 0
493 10.5 2 0
494 10.75 2 0
495 11 2 0
496 11.25 2 0
497 11.5 2 0
498 11.75 2 0
499 12 2 0
500 12.5 2 0
501 13 2 0
502 13.5 2 0
503 14 2 0
504 14.5 2 0
505 15 2 0
506 15.5 2 0
507 16 2 0
508 16.5 2 0
509 17 2 0
510 17.5 2 0
511 18 2 0
512 18.5 2 0
513 19 2 0
514 19.5 2 0
515 20 2 0
516 0 2.5 0
517 0.1 2.5 0
518 0.2 2.5 0
519 0.3 2.5 0
520 0.4 2.5 0
521 0.5 2.5 0
522 0.6 2.5 0
523 0.7 2.5 0
524 0.8 2.5 0
525 0.9 2.5 0
526 1 2.5 0
527 1.1 2.5 0
528 1.2 2.5 0
529 1.3 2.5 0
530 1.4 2.5 0
531 1.5 2.5 0
532 1.6 2.5 0
533 1.7 2.5 0
534 1.8 2.5 0
535 1.9 2.5 0
536 2 2.5 0
537 2.1 2.5 0
538 2.2 2.5 0
539 2.3 2.5 0
540 2.4 2.5 0
541 2.5 2.5 0
542 2.6 2.5 0
543 2.7 2.5 0
544 2.8 2.5 0
545 2.9 2.5 0
546 3 2.5 0
547 3.1 2.5 0
548 3.2 2.5 0
549 3.3 2.5 0
550 3.4 2.5 0
551 3.5 2.5 0
552 3.6 2.5 0
553 3.7 2.5 0
554 3.8 2.5 0
555 3.9 2.5 0
556 4 2.5 0
557 4.1 2.5 0
558 4.2 2.5 0
559 4.3 2.5 0
560 4.4 2.5 0
561 4.5 2.5 0
562 4.6 2.5 0
563 4.7 2.5 0
564 4.8 2.5 0
565 4.9 2.5 0
566 5 2.5 0
567 5.15 2.5 0
568 5.3 2.5 0
569 5.45 2.5 0
570 5.6 2.5 0
571 5.75 2.5 0
572 5.9 2.5 0
573 6.05 2.5 0
574 6.2 2.5 0
575 6.35 2.5 0
576 6.5 2.5 0
577 6.65 2.5 0
578 6.8 2.5 0
579 6.95 2.5 0
580 7.1 2.5 0
581 7.25 2.5 0
582 7.4 2.5 0
583 7.55 2.5 0
584 7.7 2.5 0
585 7.85 2.5 0
586 8 2.5 0
587 8.25 2.5 0
588 8.5 2.5 0
589 8.75 2.5 0
590 9 2.5 0
591 9.25 2.5 0
592 9.5 2.5 0
593 9.75 2.5 0
594 10 2.5 0
595 10.25 2.5 0
596 10.5 2.5 0
597 10.75 2.5 0
598 11 2.5 0
599 11.25 2.5 0
600 11.5 2.5 0
601 11.75 2.5 0
602 12 2.5 0
603 12.5 2.5 0
604 13 2.5 0
605 13.5 2.5 0
606 14 2.5 0
607 14.5 2.5 0
608 15 2.5 0
609 15.5 2.5 0
610 16 2.5 0
611 16.5 2.5 0
612 17 2.5 0
613 17.5 2.5 0
614 18 2.5 0
615 18.5 2.5 0
616 19 2.5 0
617 19.5 2.5 0
618 20 2.5 0
619 0 3 0
620 0.1 3 0
621 0.2 3 0
622 0.3 3 0
623 0.4 3 0
624 0.5 3 0
625 0.6 3 0
626 0.7 3 0
627 0.8 3 0
628 0.9 3 0
629 1 3 0
630 1.1 3 0
631 1.2 3 0
632 1.3 3 0
633 1.4 3 0
634 1.5 3 0
635 1.6 3 0
636 1.7 3 0
637 1.8 3 0
638 1.9 3 0
639 2 3 0
640 2.1 3 0
641 2.2 3 0
642 2.3 3 0
643 2.4 3 0
644 2.5 3 0
645 2.6 3 0
646 2.7 3 0
647 2.8 3 0
648 2.9 3 0
649 3 3 0
650 3.1 3 0
651 3.2 3 0
652 3.3 3 0
653 3.4 3 0
654 3.5 3 0
655 3.6 3 0
656 3.7 3 0
657 3.8 3 0
658 3.9 3 0
659 4 3 0
660 4.1 3 0
661 4.2 3 0
662 4.3 3 0
663 4.4 3 0
664 4.5 3 0
665 4.6 3 0
666 4.7 3 0
667 4.8 3 0
668 4.9 3 0
669 5 3 0
670 5.15 3 0
671 5.3 3 0
672 5.45 3 0
673 5.6 3 0
674 5.75 3 0
675 5.9 3 0
676 6.05 3 0
677 6.2 3 0
678 6.35 3 0
679 6.5 3 0
680 6.65 3 0
681 6.8 3 0
682 6.95 3 0
683 7.1 3 0
684 7.25 3 0
685 7.4 3 0
686 7.55 3 0
687 7.7 3 0
688 7.85 3 0
689 8 3 0
690 8.25 3 0
691 8.5 3 0
692 8.75 3 0
693 9 3 0
694 9.25 3 0
695 9.5 3 0
696 9.75 3 0
697 10 3 0
698 10.25 3 0
699 10.5 3 0
700 10.75 3 0
701 11 3 0
702 11.25 3 0
703 11.5 3 0
704 11.75 3 0
705 12 3 0
706 12.5 3 0
707 13 3 0
708 13.5 3 0
709 14 3 0
710 14.5 3 0
711 15 3 0
712 15.5 3 0
713 16 3 0
714 16.5 3 0
715 17 3 0
716 17.5 3 0
717 18 3 0
718 18.5 3 0
719 19 3 0
720 19.5 3 0
721 20 3 0
722 0 3.5 0
723 0.1 3.5 0
724 0.2 3.5 0
725 0.3 3.5 0
726 0.4 3.5 0
727 0.5 3.5 0
728 0.6 3.5 0
729 0.7 3.5 0
730 0.8 3.5 0
731 0.9 3.5 0
732 1 3.5 0
733 1.1 3.5 0
734 1.2 3.5 0
735 1.3 3.5 0
736 1.4 3.5 0
737 1.5 3.5 0
738 1.6 3.5 0
739 1.7 3.5 0
740 1.8 3.5 0
741 1.9 3.5 0
742 2 3.5 0
743 2.1 3.5 0
744 2.2 3.5 0
745 2.3 3.5 0
746 2.4 3.5 0
747 2.5 3.5 0
748 2.6 3.5 0
749 2.7 3.5 0
750 2.8 3.5 0
751 2.9 3.5 0
752 3 3.5 0
753 3.1 3.5 0
754 3.2 3.5 0
755 3.3 3.5 0
756 3.4 3.5 0
757 3.5 3.5 0
758 3.6 3.5 0
759 3.7 3.5 0
760 3.8 3.5 0
761 3.9 3.5 0
762 4 3.5 0
763 4.1 3.5 0
764 4.2 3.5 0
765 4.3 3.5 0
766 4.4 3.5 0
767 4.5 3.5 0
768 4.6 3.5 0
769 4.7 3.5 0
770 4.8 3.5 0
771 4.9 3.5 0
772 5 3.5 0
773 5.15 3.5 0
774 5.3 3.5 0
775 5.45 3.5 0
776 5.6 3.5 0
777 5.75 3.5 0
778 5.9 3.5 0
779 6.05 3.5 0
780 6.2 3.5 0
781 6.35 3.5 0
782 6.5 3.5 0
783 6.65 3.5 0
784 6.8 3.5 0
785 6.95 3.5 0
786 7.1 3.5 0
787 7.25 3.5 0
788 7.4 3.5 0
789 7.55 3.5 0
790 7.7 3.5 0
791 7.85 3.5 0
792 8 3.5 0
793 8.25 3.5 0
794 8.5 3.5 0
795 8.75 3.5 0
796 9 3.5 0
797 9.25 3.5 0
798 9.5 3.5 0
799 9.75 3.5 0
800 10 3.5 0
801 10.25 3.5 0
802 10.5 3.5 0
803 10.75 3.5 0
804 11 3.5 0
805 11.25 3.5 0
806 11.5 3.5 0
807 11.75 3.5 0
808 12 3.5 0
809 12.5 3.5 0
810 13 3.5 0
811 13.5 3.5 0
812 14 3.5 0
813 14.5 3.5 0
814 15 3.5 0
815 15.5 3.5 0
816 16 3.5 0
817 16.5 3.5 0
818 17 3.5 0
819 17.5 3.5 0
820 18 3.5 0
821 18.5 3.5 0
822 19 3.5 0
823 19.5 3.5 0
824 20 3.5 0
825 0 4 0
826 0.1 4 0
827 0.2 4 0
828 0.3 4 0
829 0.4 4 0
830 0.5 4 0
831 0.6 4 0
832 0.7 4 0
833 0.8 4 0
834 0.9 4 0
835 1 4 0
836 1.1 4 0
837 1.2 4 0
838 1.3 4 0
839 1.4 4 0
840 1.5 4 0
841 1.6 4 0
842 1.7 4 0
843 1.8 4 0
844 1.9 4 0
845 2 4 0
846 2.1 4 0
847 2.2 4 0
848 2.3 4 0
849 2.4 4 0
850 2.5 4 0
851 2.6 4 0
852 2.7 4 0
853 2.8 4 0
854 2.9 4 0
855 3 4 0
856 3.1 4 0
857 3.2 4 0
858 3.3 4 0
859 3.4 4 0
860 3.5 4 0
861 3.6 4 0
862 3.7 4 0
863 3.8 4 0
864 3.9 4 0
865 4 4 0
866 4.1 4 0
867 4.2 4 0
868 4.3 4 0
869 4.4 4 0
870 4.5 4 0
871 4.6 4 0
872 4.7 4 0
873 4.8 4 0
874 4.9 4 0
875 5 4 0
876 5.15 4 0
877 5.3 4 0
878 5.45 4 0
879 5.6 4 0
880 5.75 4 0
881 5.9 4 0
882 6.05 4 0
883 6.2 4 0
884 6.35 4 0
885 6.5 4 0
886 6.65 4 0
887 6.8 4 0
888 6.95 4 0
889 7.1 4 0
890 7.25 4 0
891 7.4 4 0
892 7.55 4 0
893 7.7 4 0
894 7.85 4 0
895 8 4 0
896 8.25 4 0
897 8.5 4 0
898 8.75 4 0
899 9 4 0
900 9.25 4 0
901 9.5 4 0
902 9.75 4 0
903 10 4 0
904 10.25 4 0
905 10.5 4 0
906 10.75 4 0
907 11 4 0
908 11.25 4 0
909 11.5 4 0
910 11.75 4 0
911 12 4 0
912 12.5 4 0
913 13 4 0
914 13.5 4 0
915 14 4 0
916 14.5 4 0
917 15 4 0
918 15.5 4 0
919 16 4 0
920 16.5 4 0
921 17 4 0
922 17.5 4 0
923 18 4 0
924 18.5 4 0
925 19 4 0
926 19.5 4 0
927 20 4 0
928 0 4.25 0
929 0.1 4.25 0
930 0.2 4.25 0
931 0.3 4.25 0
932 0.4 4.25 0
933 0.5 4.25 0
934 0.6 4.25 0
935 0.7 4.25 0
936 0.8 4.25 0
937 0.9 4.25 0
938 1 4.25 0
939 1.1 4.25 0
940 1.2 4.25 0
941 1.3 4.25 0
942 1.4 4.25 0
943 1.5 4.25 0
944 1.6 4.25 0
945 1.7 4.25 0
946 1.8 4.25 0
947 1.9 4.25 0
948 2 4.25 0
949 2.1 4.25 0
950 2.2 4.25 0
951 2.3 4.25 0
952 2.4 4.25 0
953 2.5 4.25 0
954 2.6 4.25 0
955 2.7 4.25 0
956 2.8 4.25 0
957 2.9 4.25 0
958 3 4.25 0
959 3.1 4.25 0
960 3.2 4.25 0
961 3.3 4.25 0
962 3.4 4.25 0
963 3.5 4.25 0
964 3.6 4.25 0
965 3.7 4.25 0
966 3.8 4.25 0
967 3.9 4.25 0
968 4 4.25 0
969 4.1 4.25 0
970 4.2 4.25 0
971 4.3 4.25 0
972 4.4 4.25 0
973 4.5 4.25 0
974 4.6 4.25 0
975 4.7 4.25 0
976 4.8 4.25 0
977 4.9 4.25 0
978 5 4.25 0
979 5.15 4.25 0
980 5.3 4.25 0
981 5.45 4.25 0
982 5.6 4.25 0
983 5.75 4.25 0
984 5.9 4.25 0
985 6.05 4.25 0
986 6.2 4.25 0
987 6.35 4.25 0
988 6.5 4.25 0
989 6.65 4.25 0
990 6.8 4.25 0
991 6.95 4.25 0
992 7.1 4.25 0
993 7.25 4.25 0
994 7.4 4.25 0
995 7.55 4.25 0
996 7.7 4.25 0
997 7.85 4.25 0
998 8 4.25 0
999 8.25 4.25 0
1000 8.5 4.25 0
1001 8.75 4.25 0
1002 9 4.25 0
1003 9.25 4.25 0
1004 9.5 4.25 0
1005 9.75 4.25 0
1006 10 4.25 0
1007 10.25 4.25 0
1008 10.5 4.25 0
1009 10.75 4.25 0
1010 11 4.25 0
1011 11.25 4.25 0
1012 11.5 4.25 0
1013 11.75 4.25 0
1014 12 4.25 0
1015 12.5 4.25 0
1016 13 4.25 0
1017 13.5 4.25 0
1018 14 4.25 0
1019 14.5 4.25 0
1020 15 4.25 0
1021 15.5 4.25 0
1022 16 4.25 0
1023 16.5 4.25 0
1024 17 4.25 0
1025 17.5 4.25 0
1026 18 4.25 0
1027 18.5 4.25 0
1028 19 4.25 0
1029 19.5 4.25 0
1030 20 4.25 0
1031 0 4.5 0
1032 0.1 4.5 0
1033 0.2 4.5 0
1034 0.3 4.5 0
1035 0.4 4.5 0
1036 0.5 4.5 0
1037 0.6 4.5 0
1038 0.7 4.5 0
1039 0.8 4.5 0
1040 0.9 4.5 0
1041 1 4.5 0
1042 1.1 4.5 0
1043 1.2 4.5 0
1044 1.3 4.5 0
1045 1.4 4.5 0
1046 1.5 4.5 0
1047 1.6 4.5 0
1048 1.7 4.5 0
1049 1.8 4.5 0
1050 1.9 4.5 0
1051 2 4.5 0
1052 2.1 4.5 0
1053 2.2 4.5 0
1054 2.3 4.5 0
1055 2.4 4.5 0
1056 2.5 4.5 0
1057 2.6 4.5 0
1058 2.7 4.5 0
1059 2.8 4.5 0
1060 2.9 4.5 0
1061 3 4.5 0
1062 3.1 4.5 0
1063 3.2 4.5 0
1064 3.3 4.5 0
1065 3.4 4.5 0
1066 3.5 4.5 0
1067 3.6 4.5 0
1068 3.7 4.5 0
1069 3.8 4.5 0
1070 3.9 4.5 0
1071 4 4.5 0
1072 4.1 4.5 0
1073 4.2 4.5 0
1074 4.3 4.5 0
1075 4.4 4.5 0
1076 4.5 4.5 0
1077 4.6 4.5 0
1078 4.7 4.5 0
1079 4.8 4.5 0
1080 4.9 4.5 0
1081 5 4.5 0
1082 5.15 4.5 0
1083 5.3 4.5 0
1084 5.45 4.5 0
1085 5.6 4.5 0
1086 5.75 4.5 0
1087 5.9 4.5 0
1088 6.05 4.5 0
1089 6.2 4.5 0
1090 6.35 4.5 0
1091 6.5 4.5 0
1092 6.65 4.5 0
1093 6.8 4.5 0
1094 6.95 4.5 0
1095 7.1 4.5 0
1096 7.25 4.5 0
1097 7.4 4.5 0
1098 7.55 4.5 0
1099 7.7 4.5 0
1100 7.85 4.5 0
1101 8 4.5 0
1102 8.25 4.5 0
1103 8.5 4.5 0
1104 8.75 4.5 0
1105 9 4.5 0
1106 9.25 4.5 0
1107 9.5 4.5 0
1108 9.75 4.5 0
1109 10 4.5 0
1110 10.25 4.5 0
1111 10.5 4.5 0
1112 10.75 4.5 0
1113 11 4.5 0
1114 11.25 4.5 0
1115 11.5 4.5 0
1116 11.75 4.5 0
1117 12 4.5 0
1118 12.5 4.5 0
1119 13 4.5 0
1120 13.5 4.5 0
1121 14 4.5 0
1122 14.5 4.5 0
1123 15 4.5 0
1124 15.5 4.5 0
1125 16 4.5 0
1126 16.5 4.5 0
1127 17 4.5 0
1128 17.5 4.5 0
1129 18 4.5 0
1130 18.5 4.5 0
1131 19 4.5 0
1132 19.5 4.5 0
1133 20 4.5 0
1134 0 4.75 0
1135 0.1 4.75 0
1136 0.2 4.75 0
1137 0.3 4.75 0
1138 0.4 4.75 0
1139 0.5 4.75 0
1140 0.6 4.75 0
1141 0.7 4.75 0
1142 0.8 4.75 0
1143 0.9 4.75 0
1144 1 4.75 0
1145 1.1 4.75 0
1146 1.2 4.75 0
1147 1.3 4.75 0
1148 1.4 4.75 0
1149 1.5 4.75 0
1150 1.6 4.75 0
1151 1.7 4.75 0
1152 1.8 4.75 0
1153 1.9 4.75 0
1154 2 4.75 0
1155 2.1 4.75 0
1156 2.2 4.75 0
1157 2.3 4.75 0
1158 2.4 4.75 0
1159 2.5 4.75 0
1160 2.6 4.75 0
1161 2.7 4.75 0
1162 2.8 4.75 0
1163 2.9 4.75 0
1164 3 4.75 0
1165 3.1 4.75 0
1166 3.2 4.75 0
1167 3.3 4.75 0
1168 3.4 4.75 0
1169 3.5 4.75 0
1170 3.6 4.75 0
1171 3.7 4.75 0
1172 3.8 4.75 0
1173 3.9 4.75 0
1174 4 4.75 0
1175 4.1 4.75 0
1176 4.2 4.75 0
1177 4.3 4.75 0
1178 4.4 4.75 0
1179 4.5 4.75 0
1180 4.6 4.75 0
1181 4.7 4.75 0
1182 4.8 4.75 0
1183 4.9 4.75 0
1184 5 4.75 0
1185 5.15 4.75 0
1186 5.3 4.75 0
1187 5.45 4.75 0
1188 5.6 4.75 0
1189 5.75 4.75 0
1190 5.9 4.75 0
1191 6.05 4.75 0
1192 6.2 4.75 0
1193 6.35 4.75 0
1194 6.5 4.75 0
1195 6.65 4.75 0
1196 6.8 4.75 0
1197 6.95 4.75 0
1198 7.1 4.75 0
1199 7.25 4.75 0
1200 7.4 4.75 0
1201 7.55 4.75 0
1202 7.7 4.75 0
1203 7.85 4.75 0
1204 8 4.75 0
1205 8.25 4.75 0
1206 8.5 4.75 0
1207 8.75 4.75 0
1208 9 4.75 0
1209 9.25 4.75 0
1210 9.5 4.75 0
1211 9.75 4.75 0
1212 10 4.75 0
1213 10.25 4.75 0
1214 10.5 4.75 0
1215 10.75 4.75 0
1216 11 4.75 0
1217 11.25 4.75 0
1218 11.5 4.75 0
1219 11.75 4.75 0
1220 12 4.75 0
1221 12.5 4.75 0
1222 13 4.75 0
1223 13.5 4.75 0
1224 14 4.75 0
1225 14.5 4.75 0
1226 15 4.75 0
1227 15.5 4.75 0
1228 16 4.75 0
1229 16.5 4.75 0
1230 17 4.75 0
1231 17.5 4.75 0
1232 18 4.75 0
1233 18.5 4.75 0
1234 19 4.75 0
1235 19.5 4.75 0
1236 20 4.75 0
1237 0 5 0
1238 0.1 5 0
1239 0.2 5 0
1240 0.3 5 0
1241 0.4 5 0
1242 0.5 5 0
1243 0.6 5 0
1244 0.7 5 0
1245 0.8 5 0
1246 0.9 5 0
1247 1 5 0
1248 1.1 5 0
1249 1.2 5 0
1250 1.3 5 0
1251 1.4 5 0
1252 1.5 5 0
1253 1.6 5 0
1254 1.7 5 0
1255 1.8 5 0
1256 1.9 5 0
1257 2 5 0
1258 2.1 5 0
1259 2.2 5 0
1260 2.3 5 0
1261 2.4 5 0
1262 2.5 5 0
1263 2.6 5 0
1264 2.7 5 0
1265 2.8 5 0
1266 2.9 5 0
1267 3 5 0
1268 3.1 5 0
1269 3.2 5 0
1270 3.3 5 0
1271 3.4 5 0
1272 3.5 5 0
1273 3.6 5 0
1274 3.7 5 0
1275 3.8 5 0
1276 3.9 5 0
1277 4 5 0
1278 4.1 5 0
1279 4.2 5 0
1280 4.3 5 0
1281 4.4 5 0
1282 4.5 5 0
1283 4.6 5 0
1284 4.7 5 0
1285 4.8 5 0
1286 4.9 5 0
1287 5 5 0
1288 5.15 5 0
1289 5.3 5 0
1290 5.45 5 0
1291 5.6 5 0
1292 5.75 5 0
1293 5.9 5 0
1294 6.05 5 0
1295 6.2 5 0
1296 6.35 5 0
1297 6.5 5 0
1298 6.65 5 0
1299 6.8 5 0
1300 6.95 5 0
1301 7.1 5 0
1302 7.25 5 0
1303 7.4 5 0
1304 7.55 5 0
1305 7.7 5 0
1306 7.85 5 0
1307 8 5 0
1308 8.25 5 0
1309 8.5 5 0
1310 8.75 5 0
1311 9 5 0
1312 9.25 5 0
1313 9.5 5 0
1314 9.75 5 0
1315 10 5 0
1316 10.25 5 0
1317 10.5 5 0
1318 10.75 5 0
1319 11 5 0
1320 11.25 5 0
1321 11.5 5 0
1322 11.75 5 0
1323 12 5 0
1324 12.5 5 0
1325 13 5 0
1326 13.5 5 0
1327 14 5 0
1328 14.5 5 0
1329 15 5 0
1330 15.5 5 0
1331 16 5 0
1332 16.5 5 0
1333 17 5 0
1334 17.5 5 0
1335 18 5 0
1336 18.5 5 0
1337 19 5 0
1338 19.5 5 0
1339 20 5 0
1340 0 5.25 0
1341 0.1 5.25 0
1342 0.2 5.25 0
1343 0.3 5.25 0
1344 0.4 5.25 0
1345 0.5 5.25 0
1346 0.6 5.25 0
1347 0.7 5.25 0
1348 0.8 5.25 0
1349 0.9 5.25 0
1350 1 5.25 0
1351 1.1 5.25 0
1352 1.2 5.25 0
1353 1.3 5.25 0
1354 1.4 5.25 0
1355 1.5 5.25 0
1356 1.6 5.25 0
1357 1.7 5.25 0
1358 1.8 5.25 0
1359 1.9 5.25 0
1360 2 5.25 0
1361 2.1 5.25 0
1362 2.2 5.25 0
1363 2.3 5.25 0
1364 2.4 5.25 0
1365 2.5 5.25 0
1366 2.6 5.25 0
1367 2.7 5.25 0
1368 2.8 5.25 0
1369 2.9 5.25 0
1370 3 5.25 0
1371 3.1 5.25 0
1372 3.2 5.25 0
1373 3.3 5.25 0
1374 3.4 5.25 0
1375 3.5 5.25 0
1376 3.6 5.25 0
1377 3.7 5.25 0
1378 3.8 5.25 0
1379 3.9 5.25 0
1380 4 5.25 0
1381 4.1 5.25 0
1382 4.2 5.25 0
1383 4.3 5.25 0
1384 4.4 5.25 0
1385 4.5 5.25 0
1386 4.6 5.25 0
1387 4.7 5.25 0
1388 4.8 5.25 0
1389 4.9 5.25 0
1390 5 5.25 0
1391 5.15 5.25 0
1392 5.3 5.25 0
1393 5.45 5.25 0
1394 5.6 5.25 0
1395 5.75 5.25 0
1396 5.9 5.25 0
1397 6.05 5.25 0
1398 6.2 5.25 0
1399 6.35 5.25 0
1400 6.5 5.25 0
1401 6.65 5.25 0
1402 6.8 5.25 0
1403 6.95 5.25 0
1404 7.1 5.25 0
1405 7.25 5.25 0
1406 7.4 5.25 0
1407 7.55 5.25 0
1408 7.7 5.25 0
1409 7.85 5.25 0
1410 8 5.25 0
1411 8.25 5.25 0
1412 8.5 5.25 0
1413 8.75 5.25 0
1414 9 5.25 0
1415 9.25 5.25 0
1416 9.5 5.25 0
1417 9.75 5.25 0
1418 10 5.25 0
1419 10.25 5.25 0
1420 10.5 5.25 0
1421 10.75 5.25 0
1422 11 5.25 0
1423 11.25 5.25 0
1424 11.5 5.25 0
1425 11.75 5.25 0
1426 12 5.25 0
1427 12.5 5.25 0
1428 13 5.25 0
1429 13.5 5.25 0
1430 14 5.25 0
1431 14.5 5.25 0
1432 15 5.25 0
1433 15.5 5.25 0
1434 16 5.25 0
1435 16.5 5.25 0
1436 17 5.25 0
1437 17.5 5.25 0
1438 18 5.25 0
1439 18.5 5.25 0
1440 19 5.25 0
1441 19.5 5.25 0
1442 20 5.25 0
1443 0 5.5 0
1444 0.1 5.5 0
1445 0.2 5.5 0
1446 0.3 5.5 0
1447 0.4 5.5 0
1448 0.5 5.5 0
1449 0.6 5.5 0
1450 0.7 5.5 0
1451 0.8 5.5 0
1452 0.9 5.5 0
1453 1 5.5 0
1454 1.1 5.5 0
1455 1.2 5.5 0
1456 1.3 5.5 0
1457 1.4 5.5 0
1458 1.5 5.5 0
1459 1.6 5.5 0
1460 1.7 5.5 0
1461 1.8 5.5 0
1462 1.9 5.5 0
1463 2 5.5 0
1464 2.1 5.5 0
1465 2.2 5.5 0
1466 2.3 5.5 0
1467 2.4 5.5 0
1468 2.5 5.5 0
1469 2.6 5.5 0
1470 2.7 5.5 0
1471 2.8 5.5 0
1472 2.9 5.5 0
1473 3 5.5 0
1474 3.1 5.5 0
1475 3.2 5.5 0
1476 3.3 5.5 0
1477 3.4 5.5 0
1478 3.5 5.5 0
1479 3.6 5.5 0
1480 3.7 5.5 0
1481 3.8 5.5 0
1482 3.9 5.5 0
1483 4 5.5 0
1484 4.1 5.5 0
1485 4.2 5.5 0
1486 4.3 5.5 0
1487 4.4 5.5 0
1488 4.5 5.5 0
1489 4.6 5.5 0
1490 4.7 5.5 0
1491 4.8 5.5 0
1492 4.9 5.5 0
1493 5 5.5 0
1494 5.15 5.5 0
1495 5.3 5.5 0
1496 5.45 5.5 0
1497 5.6 5.5 0
1498 5.75 5.5 0
1499 5.9 5.5 0
1500 6.05 5.5 0
1501 6.2 5.5 0
1502 6.35 5.5 0
1503 6.5 5.5 0
1504 6.65 5.5 0
1505 6.8 5.5 0
1506 6.95 5.5 0
1507 7.1 5.5 0
1508 7.25 5.5 0
1509 7.4 5.5 0
1510 7.55 5.5 0
1511 7.7 5.5 0
1512 7.85 5.5 0
1513 8 5.5 0
1514 8.25 5.5 0
1515 8.5 5.5 0
1516 8.75 5.5 0
1517 9 5.5 0
1518 9.25 5.5 0
1519 9.5 5.5 0
1520 9.75 5.5 0
1521 10 5.5 0
1522 10.25 5.5 0
1523 10.5 5.5 0
1524 10.75 5.5 0
1525 11 5.5 0
1526 11.25 5.5 0
1527 11.5 5.5 0
1528 11.75 5.5 0
1529 12 5.5 0
1530 12.5 5.5 0
1531 13 5.5 0
1532 13.5 5.5 0
1533 14 5.5 0
1534 14.5 5.5 0
1535 15 5.5 0
1536 15.5 5.5 0
1537 16 5.5 0
1538 16.5 5.5 0
1539 17 5.5 0
1540 17.5 5.5 0
1541 18 5.5 0
1542 18.5 5.5 0
1543 19 5.5 0
1544 19.5 5.5 0
1545 20 5.5 0
1546 0 5.75 0
1547 0.1 5.75 0
1548 0.2 5.75 0
1549 0.3 5.75 0
1550 0.4 5.75 0
1551 0.5 5.75 0
1552 0.6 5.75 0
1553 0.7 5.75 0
1554 0.8 5.75 0
1555 0.9 5.75 0
1556 1 5.75 0
1557 1.1 5.75 0
1558 1.2 5.75 0
1559 1.3 5.75 0
1560 1.4 5.75 0
1561 1.5 5.75 0
1562 1.6 5.75 0
1563 1.7 5.75 0
1564 1.8 5.75 0
1565 1.9 5.75 0
1566 2 5.75 0
1567 2.1 5.75 0
1568 2.2 5.75 0
1569 2.3 5.75 0
1570 2.4 5.75 0
1571 2.5 5.75 0
1572 2.6 5.75 0
1573 2.7 5.75 0
1574 2.8 5.75 0
1575 2.9 5.75 0
1576 3 5.75 0
1577 3.1 5.75 0
1578 3.2 5.75 0
1579 3.3 5.75 0
1580 3.4 5.75 0
1581 3.5 5.75 0
1582 3.6 5.75 0
1583 3.7 5.75 0
1584 3.8 5.75 0
1585 3.9 5.75 0
1586 4 5.75 0
1587 4.1 5.75 0
1588 4.2 5.75 0
1589 4.3 5.75 0
1590 4.4 5.75 0
1591 4.5 5.75 0
1592 4.6 5.75 0
1593 4.7 5.75 0
1594 4.8 5.75 0
1595 4.9 5.75 0
1596 5 5.75 0
1597 5.15 5.75 0
1598 5.3 5.75 0
1599 5.45 5.75 0
1600 5.6 5.75 0
1601 5.75 5.75 0
1602 5.9 5.75 0
1603 6.05 5.75 0
1604 6.2 5.75 0
1605 6.35 5.75 0
1606 6.5 5.75 0
1607 6.65 5.75 0
1608 6.8 5.75 0
1609 6.95 5.75 0
1610 7.1 5.75 0
1611 7.25 5.75 0
1612 7.4 5.75 0
1613 7.55 5.75 0
1614 7.7 5.75 0
1615 7.85 5.75 0
1616 8 5.75 0
1617 8.25 5.75 0
1618 8.5 5.75 0
1619 8.75 5.75 0
1620 9 5.75 0
1621 9.25 5.75 0
1622 9.5 5.75 0
1623 9.75 5.75 0
1624 10 5.75 0
1625 10.25 5.75 0
1626 10.5 5.75 0
1627 10.75 5.75 0
1628 11 5.75 0
1629 11.25 5.75 0
1630 11.5 5.75 0
1631 11.75 5.75 0
1632 12 5.75 0
1633 12.5 5.75 0
1634 13 5.75 0
1635 13.5 5.75 0
1636 14 5.75 0
1637 14.5 5.75 0
1638 15 5.75 0
1639 15.5 5.75 0
1640 16 5.75 0
1641 16.5 5.75 0
1642 17 5.75 0
1643 17.5 5.75 0
1644 18 5.75 0
1645 18.5 5.75 0
1646 19 5.75 0
1647 19.5 5.75 0
1648 20 5.75 0
1649 0 6 0
1650 0.1 6 0
1651 0.2 6 0
1652 0.3 6 0
1653 0.4 6 0
1654 0.5 6 0
1655 0.6 6 0
1656 0.7 6 0
1657 0.8 6 0
1658 0.9 6 0
1659 1 6 0
1660 1.1 6 0
1661 1.2 6 0
1662 1.3 6 0
1663 1.4 6 0
1664 1.5 6 0
1665 1.6 6 0
1666 1.7 6 0
1667 1.8 6 0
1668 1.9 6 0
1669 2 6 0
1670 2.1 6 0
1671 2.2 6 0
1672 2.3 6 0
1673 2.4 6 0
1674 2.5 6 0
1675 2.6 6 0
1676 2.7 6 0
1677 2.8 6 0
1678 2.9 6 0
1679 3 6 0
1680 3.1 6 0
1681 3.2 6 0
1682 3.3 6 0
1683 3.4 6 0
1684 3.5 6 0
1685 3.6 6 0
1686 3.7 6 0
1687 3.8 6 0
1688 3.9 6 0
1689 4 6 0
1690 4.1 6 0
1691 4.2 6 0
1692 4.3 6 0
1693 4.4 6 0
1694 4.5 6 0
1695 4.6 6 0
1696 4.7 6 0
1697 4.8 6 0
1698 4.9 6 0
1699 5 6 0
1700 5.15 6 0
1701 5.3 6 0
1702 5.45 6 0
1703 5.6 6 0
1704 5.75 6 0
1705 5.9 6 0
1706 6.05 6 0
1707 6.2 6 0
1708 6.35 6 0
1709 6.5 6 0
1710 6.65 6 0
1711 6.8 6 0
1712 6.95 6 0
1713 7.1 6 0
1714 7.25 6 0
1715 7.4 6 0
1716 7.55 6 0
1717 7.7 6 0
1718 7.85 6 0
1719 8 6 0
1720 8.25 6 0
1721 8.5 6 0
1722 8.75 6 0
1723 9 6 0
1724 9.25 6 0
1725 9.5 6 0
1726 9.75 6 0
1727 10 6 0
1728 10.25 6 0
1729 10.5 6 0
1730 10.75 6 0
1731 11 6 0
1732 11.25 6 0
1733 11.5 6 0
1734 11.75 6 0
1735 12 6 0
1736 12.5 6 0
1737 13 6 0
1738 13.5 6 0
1739 14 6 0
1740 14.5 6 0
1741 15 6 0
1742 15.5 6 0
1743 16 6 0
1744 16.5 6 0
1745 17 6 0
1746 17.5 6 0
1747 18 6 0
1748 18.5 6 0
1749 19 6 0
1750 19.5 6 0
1751 20 6 0
1752 0 6.25 0
1753 0.1 6.25 0
1754 0.2 6.25 0
1755 0.3 6.25 0
1756 0.4 6.25 0
1757 0.5 6.25 0
1758 0.6 6.25 0
1759 0.7 6.25 0
1760 0.8 6.25 0
1761 0.9 6.25 0
1762 1 6.25 0
1763 1.1 6.25 0
1764 1.2 6.25 0
1765 1.3 6.25 0
1766 1.4 6.25 0
1767 1.5 6.25 0
1768 1.6 6.25 0
1769 1.7 6.25 0
1770 1.8 6.25 0
1771 1.9 6.25 0
1772 2 6.25 0
1773 2.1 6.25 0
1774 2.2 6.25 0
1775 2.3 6.25 0
1776 2.4 6.25 0
1777 2.5 6.25 0
1778 2.6 6.25 0
1779 2.7 6.25 0
1780 2.8 6.25 0
1781 2.9 6.25 0
1782 3 6.25 0
1783 3.1 6.25 0
1784 3.2 6.25 0
1785 3.3 6.25 0
1786 3.4 6.25 0
1787 3.5 6.25 0
1788 3.6 6.25 0
1789 3.7 6.25 0
1790 3.8 6.25 0
1791 3.9 6.25 0
1792 4 6.25 0
1793 4.1 6.25 0
1794 4.2 6.25 0
1795 4.3 6.25 0
1796 4.4 6.25 0
1797 4.5 6.25 0
1798 4.6 6.25 0
1799 4.7 6.25 0
1800 4.8 6.25 0
1801 4.9 6.25 0
1802 5 6.25 0
1803 5.15 6.25 0
1804 5.3 6.25 0
1805 5.45 6.25 0
1806 5.6 6.25 0
1807 5.75 6.25 0
1808 5.9 6.25 0
1809 6.05 6.25 0
1810 6.2 6.25 0
1811 6.35 6.25 0
1812 6.5 6.25 0
1813 6.65 6.25 0
1814 6.8 6.25 0
1815 6.95 6.25 0
1816 7.1 6.25 0
1817 7.25 6.25 0
1818 7.4 6.25 0
1819 7.55 6.25 0
1820 7.7 6.25 0
1821 7.85 6.25 0
1822 8 6.25 0
1823 8.25 6.25 0
1824 8.5 6.25 0
1825 8.75 6.25 0
1826 9 6.25 0
1827 9.25 6.25 0
1828 9.5 6.25 0
1829 9.75 6.25 0
1830 10 6.25 0
1831 10.25 6.25 0
1832 10.5 6.25 0
1833 10.75 6.25 0
1834 11 6.25 0
1835 11.25 6.25 0
1836 11.5 6.25 0
1837 11.75 6.25 0
1838 12 6.25 0
1839 12.5 6.25 0
1840 13 6.25 0
1841 13.5 6.25 0
1842 14 6.25 0
1843 14.5 6.25 0
1844 15 6.25 0
1845 15.5 6.25 0
1846 16 6.25 0
1847 16.5 6.25 0
1848 17 6.25 0
1849 17.5 6.25 0
1850 18 6.25 0
1851 18.5 6.25 0
1852 19 6.25 0
1853 19.5 6.25 0
1854 20 6.25 0
1855 0 6.5 0
1856 0.1 6.5 0
1857 0.2 6.5 0
1858 0.3 6.5 0
1859 0.4 6.5 0
1860 0.5 6.5 0
1861 0.6 6.5 0
1862 0.7 6.5 0
1863 0.8 6.5 0
1864 0.9 6.5 0
1865 1 6.5 0
1866 1.1 6.5 0
1867 1.2 6.5 0
1868 1.3 6.5 0
1869 1.4 6.5 0
1870 1.5 6.5 0
1871 1.6 6.5 0
1872 1.7 6.5 0
1873 1.8 6.5 0
1874 1.9 6.5 0
1875 2 6.5 0
1876 2.1 6.5 0
1877 2.2 6.5 0
1878 2.3 6.5 0
1879 2.4 6.5 0
1880 2.5 6.5 0
1881 2.6 6.5 0
1882 2.7 6.5 0
1883 2.8 6.5 0
1884 2.9 6.5 0
1885 3 6.5 0
1886 3.1 6.5 0
1887 3.2 6.5 0
1888 3.3 6.5 0
1889 3.4 6.5 0
1890 3.5 6.5 0
1891 3.6 6.5 0
1892 3.7 6.5 0
1893 3.8 6.5 0
1894 3.9 6.5 0
1895 4 6.5 0
1896 4.1 6.5 0
1897 4.2 6.5 0
1898 4.3 6.5 0
1899 4.4 6.5 0
1900 4.5 6.5 0
1901 4.6 6.5 0
1902 4.7 6.5 0
1903 4.8 6.5 0
1904 4.9 6.5 0
1905 5 6.5 0
1906 5.15 6.5 0
1907 5.3 6.5 0
1908 5.45 6.5 0
1909 5.6 6.5 0
1910 5.75 6.5 0
1911 5.9 6.5 0
1912 6.05 6.5 0
1913 6.2 6.5 0
1914 6.35 6.5 0
1915 6.5 6.5 0
1916 6.65 6.5 0
1917 6.8 6.5 0
1918 6.95 6.5 0
1919 7.1 6.5 0
1920 7.25 6.5 0
1921 7.4 6.5 0
1922 7.55 6.5 0
1923 7.7 6.5 0
1924 7.85 6.5 0
1925 8 6.5 0
1926 8.25 6.5 0
1927 8.5 6.5 0
1928 8.75 6.5 0
1929 9 6.5 0
1930 9.25 6.5 0
1931 9.5 6.5 0
1932 9.75 6.5 0
1933 10 6.5 0
1934 10.25 6.5 0
1935 10.5 6.5 0
1936 10.75 6.5 0
1937 11 6.5 0
1938 11.25 6.5 0
1939 11.5 6.5 0
1940 11.75 6.5 0
1941 12 6.5 0
1942 12.5 6.5 0
1943 13 6.5 0
1944 13.5 6.5 0
1945 14 6.5 0
1946 14.5 6.5 0
1947 15 6.5 0
1948 15.5 6.5 0
1949 16 6.5 0
1950 16.5 6.5 0
1951 17 6.5 0
1952 17.5 6.5 0
1953 18 6.5 0
1954 18.5 6.5 0
1955 19 6.5 0
1956 19.5 6.5 0
1957 20 6.5 0
1958 0 6.75 0
1959 0.1 6.75 0
1960 0.2 6.75 0
1961 0.3 6.75 0
1962 0.4 6.75 0
1963 0.5 6.75 0
1964 0.6 6.75 0
1965 0.7 6.75 0
1966 0.8 6.75 0
1967 0.9 6.75 0
1968 1 6.75 0
1969 1.1 6.75 0
1970 1.2 6.75 0
1971 1.3 6.75 0
1972 1.4 6.75 0
1973 1.5 6.75 0
1974 1.6 6.75 0
1975 1.7 6.75 0
1976 1.8 6.75 0
1977 1.9 6.75 0
1978 2 6.75 0
1979 2.1 6.75 0
1980 2.2 6.75 0
1981 2.3 6.75 0
1982 2.4 6.75 0
1983 2.5 6.75 0
1984 2.6 6.75 0
1985 2.7 6.75 0
1986 2.8 6.75 0
1987 2.9 6.75 0
1988 3 6.75 0
1989 3.1 6.75 0
1990 3.2 6.75 0
1991 3.3 6.75 0
1992 3.4 6.75 0
1993 3.5 6.75 0
1994 3.6 6.75 0
1995 3.7 6.75 0
1996 3.8 6.75 0
1997 3.9 6.75 0
1998 4 6.75 0
1999 4.1 6.75 0
2000 4.2 6.75 0
2001 4.3 6.75 0
2002 4.4 6.75 0
2003 4.5 6.75 0
2004 4.6 6.75 0
2005 4.7 6.75 0
2006 4.8 6.75 0
2007 4.9 6.75 0
2008 5 6.75 0
2009 5.15 6.75 0
2010 5.3 6.75 0
2011 5.45 6.75 0
2012 5.6 6.75 0
2013 5.75 6.75 0
2014 5.9 6.75 0
2015 6.05 6.75 0
2016 6.2 6.75 0
2017 6.35 6.75 0
2018 6.5 6.75 0
2019 6.65 6.75 0
2020 6.8 6.75 0
2021 6.95 6.75 0
2022 7.1 6.75 0
2023 7.25 6.75 0
2024 7.4 6.75 0
2025 7.55 6.75 0
2026 7.7 6.75 0
2027 7.85 6.75 0
2028 8 6.75 0
2029 8.25 6.75 0
2030 8.5 6.75 0
2031 8.75 6.75 0
2032 9 6.75 0
2033 9.25 6.75 0
2034 9.5 6.75 0
2035 9.75 6.75 0
2036 10 6.75 0
2037 10.25 6.75 0
2038 10.5 6.75 0
2039 10.75 6.75 0
2040 11 6.75 0
2041 11.25 6.75 0
2042 11.5 6.75 0
2043 11.75 6.75 0
2044 12 6.75 0
2045 12.5 6.75 0
2046 13 6.75 0
2047 13.5 6.75 0
2048 14 6.75 0
2049 14.5 6.75 0
2050 15 6.75 0
2051 15.5 6.75 0
2052 16 6.75 0
2053 16.5 6.75 0
2054 17 6.75 0
2055 17.5 6.75 0
2056 18 6.75 0
2057 18.5 6.75 0
2058 19 6.75 0
2059 19.5 6.75 0
2060 20 6.75 0
2061 0 7 0
2062 0.1 7 0
2063 0.2 7 0
2064 0.3 7 0
2065 0.4 7 0
2066 0.5 7 0
2067 0.6 7 0
2068 0.7 7 0
2069 0.8 7 0
2070 0.9 7 0
2071 1 7 0
2072 1.1 7 0
2073 1.2 7 0
2074 1.3 7 0
2075 1.4 7 0
2076 1.5 7 0
2077 1.6 7 0
2078 1.7 7 0
2079 1.8 7 0
2080 1.9 7 0
2081 2 7 0
2082 2.1 7 0
2083 2.2 7 0
2084 2.3 7 0
2085 2.4 7 0
2086 2.5 7 0
2087 2.6 7 0
2088 2.7 7 0
2089 2.8 7 0
2090 2.9 7 0
2091 3 7 0
2092 3.1 7 0
2093 3.2 7 0
2094 3.3 7 0
2095 3.4 7 0
2096 3.5 7 0
2097 3.6 7 0
2098 3.7 7 0
2099 3.8 7 0
2100 3.9 7 0
2101 4 7 0
2102 4.1 7 0
2103 4.2 7 0
2104 4.3 7 0
2105 4.4 7 0
2106 4.5 7 0
2107 4.6 7 0
2108 4.7 7 0
2109 4.8 7 0
2110 4.9 7 0
2111 5 7 0
2112 5.15 7 0
2113 5.3 7 0
2114 5.45 7 0
2115 5.6 7 0
2116 5.75 7 0
2117 5.9 7 0
2118 6.05 7 0
2119 6.2 7 0
2120 6.35 7 0
2121 6.5 7 0
2122 6.65 7 0
2123 6.8 7 0
2124 6.95 7 0
2125 7.1 7 0
2126 7.25 7 0
2127 7.4 7 0
2128 7.55 7 0
2129 7.7 7 0
2130 7.85 7 0
2131 8 7 0
2132 8.25 7 0
2133 8.5 7 0
2134 8.75 7 0
2135 9 7 0
2136 9.25 7 0
2137 9.5 7 0
2138 9.75 7 0
2139 10 7 0
2140 10.25 7 0
2141 10.5 7 0
2142 10.75 7 0
2143 11 7 0
2144 11.25 7 0
2145 11.5 7 0
2146 11.75 7 0
2147 12 7 0
2148 12.5 7 0
2149 13 7 0
2150 13.5 7 0
2151 14 7 0
2152 14.5 7 0
2153 15 7 0
2154 15.5 7 0
2155 16 7 0
2156 16.5 7 0
2157 17 7 0
2158 17.5 7 0
2159 18 7 0
2160 18.5 7 0
2161 19 7 0
2162 19.5 7 0
2163 20 7 0
2164 0 7.25 0
2165 0.1 7.25 0
2166 0.2 7.25 0
2167 0.3 7.25 0
2168 0.4 7.25 0
2169 0.5 7.25 0
2170 0.6 7.25 0
2171 0.7 7.25 0
2172 0.8 7.25 0
2173 0.9 7.25 0
2174 1 7.25 0
2175 1.1 7.25 0
2176 1.2 7.25 0
2177 1.3 7.25 0
2178 1.4 7.25 0
2179 1.5 7.25 0
2180 1.6 7.25 0
2181 1.7 7.25 0
2182 1.8 7.25 0
2183 1.9 7.25 0
2184 2 7.25 0
2185 2.1 7.25 0
2186 2.2 7.25 0
2187 2.3 7.25 0
2188 2.4 7.25 0
2189 2.5 7.25 0
2190 2.6 7.25 0
2191 2.7 7.25 0
2192 2.8 7.25 0
2193 2.9 7.25 0
2194 3 7.25 0
2195 3.1 7.25 0
2196 3.2 7.25 0
2197 3.3 7.25 0
2198 3.4 7.25 0
2199 3.5 7.25 0
2200 3.6 7.25 0
2201 3.7 7.25 0
2202 3.8 7.25 0
2203 3.9 7.25 0
2204 4 7.25 0
2205 4.1 7.25 0
2206 4.2 7.25 0
2207 4.3 7.25 0
2208 4.4 7.25 0
2209 4.5 7.25 0
2210 4.6 7.25 0
2211 4.7 7.25 0
2212 4.8 7.25 0
2213 4.9 7.25 0
2214 5 7.25 0
2215 5.15 7.25 0
2216 5.3 7.25 0
2217 5.45 7.25 0
2218 5.6 7.25 0
2219 5.75 7.25 0
2220 5.9 7.25 0
2221 6.05 7.25 0
2222 6.2 7.25 0
2223 6.35 7.25 0
2224 6.5 7.25 0
2225 6.65 7.25 0
2226 6.8 7.25 0
2227 6.95 7.25 0
2228 7.1 7.25 0
2229 7.25 7.25 0
2230 7.4 7.25 0
2231 7.55 7.25 0
2232 7.7 7.25 0
2233 7.85 7.25 0
2234 8 7.25 0
2235 8.25 7.25 0
2236 8.5 7.25 0
2237 8.75 7.25 0
2238 9 7.25 0
2239 9.25 7.25 0
2240 9.5 7.25 0
2241 9.75 7.25 0
2242 10 7.25 0
2243 10.25 7.25 0
2244 10.5 7.25 0
2245 10.75 7.25 0
2246 11 7.25 0
2247 11.25 7.25 0
2248 11.5 7.25 0
2249 11.75 7.25 0
2250 12 7.25 0
2251 12.5 7.25 0
2252 13 7.25 0
2253 13.5 7.25 0
2254 14 7.25 0
2255 14.5 7.25 0
2256 15 7.25 0
2257 15.5 7.25 0
2258 16 7.25 0
2259 16.5 7.25 0
2260 17 7.25 0
2261 17.5 7.25 0
2262 18 7.25 0
2263 18.5 7.25 0
2264 19 7.25 0
2265 19.5 7.25 0
2266 20 7.25 0
2267 0 7.5 0
2268 0.1 7.5 0
2269 0.2 7.5 0
2270 0.3 7.5 0
2271 0.4 7.5 0
2272 0.5 7.5 0
2273 0.6 7.5 0
2274 0.7 7.5 0
2275 0.8 7.5 0
2276 0.9 7.5 0
2277 1 7.5 0
2278 1.1 7.5 0
2279 1.2 7.5 0
2280 1.3 7.5 0
2281 1.4 7.5 0
2282 1.5 7.5 0
2283 1.6 7.5 0
2284 1.7 7.5 0
2285 1.8 7.5 0
2286 1.9 7.5 0
2287 2 7.5 0
2288 2.1 7.5 0
2289 2.2 7.5 0
2290 2.3 7.5 0
2291 2.4 7.5 0
2292 2.5 7.5 0
2293 2.6 7.5 0
2294 2.7 7.5 0
2295 2.8 7.5 0
2296 2.9 7.5 0
2297 3 7.5 0
2298 3.1 7.5 0
2299 3.2 7.5 0
2300 3.3 7.5 0
2301 3.4 7.5 0
2302 3.5 7.5 0
2303 3.6 7.5 0
2304 3.7 7.5 0
2305 3.8 7.5 0
2306 3.9 7.5 0
2307 4 7.5 0
2308 4.1 7.5 0
2309 4.2 7.5 0
2310 4.3 7.5 0
2311 4.4 7.5 0
2312 4.5 7.5 0
2313 4.6 7.5 0
2314 4.7 7.5 0
2315 4.8 7.5 0
2316 4.9 7.5 0
2317 5 7.5 0
2318 5.15 7.5 0
2319 5.3 7.5 0
2320 5.45 7.5 0
2321 5.6 7.5 0
2322 5.75 7.5 0
2323 5.9 7.5 0
2324 6.05 7.5 0
2325 6.2 7.5 0
2326 6.35 7.5 0
2327 6.5 7.5 0
2328 6.65 7.5 0
2329 6.8 7.5 0
2330 6.95 7.5 0
2331 7.1 7.5 0
2332 7.25 7.5 0
2333 7.4 7.5 0
2334 7.55 7.5 0
2335 7.7 7.5 0
2336 7.85 7.5 0
2337 8 7.5 0
2338 8.25 7.5 0
2339 8.5 7.5 0
2340 8.75 7.5 0
2341 9 7.5 0
2342 9.25 7.5 0
2343 9.5 7.5 0
2344 9.75 7.5 0
2345 10 7.5 0
2346 10.25 7.5 0
2347 10.5 7.5 0
2348 10.75 7.5 0
2349 11 7.5 0
2350 11.25 7.5 0
2351 11.5 7.5 0
2352 11.75 7.5 0
2353 12 7.5 0
2354 12.5 7.5 0
2355 13 7.5 0
2356 13.5 7.5 0
2357 14 7.5 0
2358 14.5 7.5 0
2359 15 7.5 0
2360 15.5 7.5 0
2361 16 7.5 0
2362 16.5 7.5 0
2363 17 7.5 0
2364 17.5 7.5 0
2365 18 7.5 0
2366 18.5 7.5 0
2367 19 7.5 0
2368 19.5 7.5 0
2369 20 7.5 0
2370 0 7.75 0
2371 0.1 7.75 0
2372 0.2 7.75 0
2373 0.3 7.75 0
2374 0.4 7.75 0
2375 0.5 7.75 0
2376 0.6 7.75 0
2377 0.7 7.75 0
2378 0.8 7.75 0
2379 0.9 7.75 0
2380 1 7.75 0
2381 1.1 7.75 0
2382 1.2 7.75 0
2383 1.3 7.75 0
2384 1.4 7.75 0
2385 1.5 7.75 0
2386 1.6 7.75 0
2387 1.7 7.75 0
2388 1.8 7.75 0
2389 1.9 7.75 0
2390 2 7.75 0
2391 2.1 7.75 0
2392 2.2 7.75 0
2393 2.3 7.75 0
2394 2.4 7.75 0
2395 2.5 7.75 0
2396 2.6 7.75 0
2397 2.7 7.75 0
2398 2.8 7.75 0
2399 2.9 7.75 0
2400 3 7.75 0
2401 3.1 7.75 0
2402 3.2 7.75 0
2403 3.3 7.75 0
2404 3.4 7.75 0
2405 3.5 7.75 0
2406 3.6 7.75 0
2407 3.7 7.75 0
2408 3.8 7.75 0
2409 3.9 7.75 0
2410 4 7.75 0
2411 4.1 7.75 0
2412 4.2 7.75 0
2413 4.3 7.75 0
2414 4.4 7.75 0
2415 4.5 7.75 0
2416 4.6 7.75 0
2417 4.7 7.75 0
2418 4.8 7.75 0
2419 4.9 7.75 0
2420 5 7.75 0
2421 5.15 7.75 0
2422 5.3 7.75 0
2423 5.45 7.75 0
2424 5.6 7.75 0
2425 5.75 7.75 0
2426 5.9 7.75 0
2427 6.05 7.75 0
2428 6.2 7.75 0
2429 6.35 7.75 0
2430 6.5 7.75 0
2431 6.65 7.75 0
2432 6.8 7.75 0
2433 6.95 7.75 0
2434 7.1 7.75 0
2435 7.25 7.75 0
2436 7.4 7.75 0
2437 7.55 7.75 0
2438 7.7 7.75 0
2439 7.85 7.75 0
2440 8 7.75 0
2441 8.25 7.75 0
2442 8.5 7.75 0
2443 8.75 7.75 0
2444 9 7.75 0
2445 9.25 7.75 0
2446 9.5 7.75 0
2447 9.75 7.75 0
2448 10 7.75 0
2449 10.25 7.75 0
2450 10.5 7.75 0
2451 10.75 7.75 0
2452 11 7.75 0
2453 11.25 7.75 0
2454 11.5 7.75 0
2455 11.75 7.75 0
2456 12 7.75 0
2457 12.5 7.75 0
2458 13 7.75 0
2459 13.5 7.75 0
2460 14 7.75 0
2461 14.5 7.75 0
2462 15 7.75 0
2463 15.5 7.75 0
2464 16 7.75 0
2465 16.5 7.75 0
2466 17 7.75 0
2467 17.5 7.75 0
2468 18 7.75 0
2469 18.5 7.75 0
2470 19 7.75 0
2471 19.5 7.75 0
2472 20 7.75 0
2473 0 8 0
2474 0.1 8 0
2475 0.2 8 0
2476 0.3 8 0
2477 0.4 8 0
2478 0.5 8 0
2479 0.6 8 0
2480 0.7 8 0
2481 0.8 8 0
2482 0.9 8 0
2483 1 8 0
2484 1.1 8 0
2485 1.2 8 0
2486 1.3 8 0
2487 1.4 8 0
2488 1.5 8 0
2489 1.6 8 0
2490 1.7 8 0
2491 1.8 8 0
2492 1.9 8 0
2493 2 8 0
2494 2.1 8 0
2495 2.2 8 0
2496 2.3 8 0
2497 2.4 8 0
2498 2.5 8 0
2499 2.6 8 0
2500 2.7 8 0
2501 2.8 8 0
2502 2.9 8 0
2503 3 8 0
2504 3.1 8 0
2505 3.2 8 0
2506 3.3 8 0
2507 3.4 8 0
2508 3.5 8 0
2509 3.6 8 0
2510 3.7 8 0
2511 3.8 8 0
2512 3.9 8 0
2513 4 8 0
2514 4.1 8 0
2515 4.2 8 0
2516 4.3 8 0
2517 4.4 8 0
2518 4.5 8 0
2519 4.6 8 0
2520 4.7 8 0
2521 4.8 8 0
2522 4.9 8 0
2523 5 8 0
2524 5.15 8 0
2525 5.3 8 0
2526 5.45 8 0
2527 5.6 8 0
2528 5.75 8 0
2529 5.9 8 0
2530 6.05 8 0
2531 6.2 8 0
2532 6.35 8 0
2533 6.5 8 0
2534 6.65 8 0
2535 6.8 8 0
2536 6.95 8 0
2537 7.1 8 0
2538 7.25 8 0
2539 7.4 8 0
2540 7.55 8 0
2541 7.7 8 0
2542 7.85 8 0
2543 8 8 0
2544 8.25 8 0
2545 8.5 8 0
2546 8.75 8 0
2547 9 8 0
2548 9.25 8 0
2549 9.5 8 0
2550 9.75 8 0
2551 10 8 0
2552 10.25 8 0
2553 10.5 8 0
2554 10.75 8 0
2555 11 8 0
2556 11.25 8 0
2557 11.5 8 0
2558 11.75 8 0
2559 12 8 0
2560 12.5 8 0
2561 13 8 0
2562 13.5 8 0
2563 14 8 0
2564 14.5 8 0
2565 15 8 0
2566 15.5 8 0
2567 16 8 0
2568 16.5 8 0
2569 17 8 0
2570 17.5 8 0
2571 18 8 0
2572 18.5 8 0
2573 19 8 0
2574 19.5 8 0
2575 20 8 0
2576 0 8.25 0
2577 0.1 8.25 0
2578 0.2 8.25 0
2579 0.3 8.25 0
2580 0.4 8.25 0
2581 0.5 8.25 0
2582 0.6 8.25 0
2583 0.7 8.25 0
2584 0.8 8.25 0
2585 0.9 8.25 0
2586 1 8.25 0
2587 1.1 8.25 0
2588 1.2 8.25 0
2589 1.3 8.25 0
2590 1.4 8.25 0
2591 1.5 8.25 0
2592 1.6 8.25 0
2593 1.7 8.25 0
2594 1.8 8.25 0
2595 1.9 8.25 0
2596 2 8.25 0
2597 2.1 8.25 0
2598 2.2 8.25 0
2599 2.3 8.25 0
2600 2.4 8.25 0
2601 2.5 8.25 0
2602 2.6 8.25 0
2603 2.7 8.25 0
2604 2.8 8.25 0
2605 2.9 8.25 0
2606 3 8.25 0
2607 3.1 8.25 0
2608 3.2 8.25 0
2609 3.3 8.25 0
2610 3.4 8.25 0
2611 3.5 8.25 0
2612 3.6 8.25 0
2613 3.7 8.25 0
2614 3.8 8.25 0
2615 3.9 8.25 0
2616 4 8.25 0
2617 4.1 8.25 0
2618 4.2 8.25 0
2619 4.3 8.25 0
2620 4.4 8.25 0
2621 4.5 8.25 0
2622 4.6 8.25 0
2623 4.7 8.25 0
2624 4.8 8.25 0
2625 4.9 8.25 0
2626 5 8.25 0
2627 5.15 8.25 0
2628 5.3 8.25 0
2629 5.45 8.25 0
2630 5.6 8.25 0
2631 5.75 8.25 0
2632 5.9 8.25 0
2633 6.05 8.25 0
2634 6.2 8.25 0
2635 6.35 8.25 0
2636 6.5 8.25 0
2637 6.65 8.25 0
2638 6.8 8.25 0
2639 6.95 8.25 0
2640 7.1 8.25 0
2641 7.25 8.25 0
2642 7.4 8.25 0
2643 7.55 8.25 0
2644 7.7 8.25 0
2645 7.85 8.25 0
2646 8 8.25 0
2647 8.25 8.25 0
2648 8.5 8.25 0
2649 8.75 8.25 0
2650 9 8.25 0
2651 9.25 8.25 0
2652 9.5 8.25 0
2653 9.75 8.25 0
2654 10 8.25 0
2655 10.25 8.25 0
2656 10.5 8.25 0
2657 10.75 8.25 0
2658 11 8.25 0
2659 11.25 8.25 0
2660 11.5 8.25 0
2661 11.75 8.25 0
2662 12 8.25 0
2663 12.5 8.25 0
2664 13 8.25 0
2665 13.5 8.25 0
2666 14 8.25 0
2667 14.5 8.25 0
2668 15 8.25 0
2669 15.5 8.25 0
2670 16 8.25 0
2671 16.5 8.25 0
2672 17 8.25 0
2673 17.5 8.25 0
2674 18 8.25 0
2675 18.5 8.25 0
2676 19 8.25 0
2677 19.5 8.25 0
2678 20 8.25 0
2679 0 8.5 0
2680 0.1 8.5 0
2681 0.2 8.5 0
2682 0.3 8.5 0
2683 0.4 8.5 0
2684 0.5 8.5 0
2685 0.6 8.5 0
2686 0.7 8.5 0
2687 0.8 8.5 0
2688 0.9 8.5 0
2689 1 8.5 0
2690 1.1 8.5 0
2691 1.2 8.5 0
2692 1.3 8.5 0
2693 1.4 8.5 0
2694 1.5 8.5 0
2695 1.6 8.5 0
2696 1.7 8.5 0
2697 1.8 8.5 0
2698 1.9 8.5 0
2699 2 8.5 0
2700 2.1 8.5 0
2701 2.2 8.5 0
2702 2.3 8.5 0
2703 2.4 8.5 0
2704 2.5 8.5 0
2705 2.6 8.5 0
2706 2.7 8.5 0
2707 2.8 8.5 0
2708 2.9 8.5 0
2709 3 8.5 0
2710 3.1 8.5 0
2711 3.2 8.5 0
2712 3.3 8.5 0
2713 3.4 8.5 0
2714 3.5 8.5 0
2715 3.6 8.5 0
2716 3.7 8.5 0
2717 3.8 8.5 0
2718 3.9 8.5 0
2719 4 8.5 0
2720 4.1 8.5 0
2721 4.2 8.5 0
2722 4.3 8.5 0
2723 4.4 8.5 0
2724 4.5 8.5 0
2725 4.6 8.5 0
2726 4.7 8.5 0
2727 4.8 8.5 0
2728 4.9 8.5 0
2729 5 8.5 0
2730 5.15 8.5 0
2731 5.3 8.5 0
2732 5.45 8.5 0
2733 5.6 8.5 0
2734 5.75 8.5 0
2735 5.9 8.5 0
2736 6.05 8.5 0
2737 6.2 8.5 0
2738 6.35 8.5 0
2739 6.5 8.5 0
2740 6.65 8.5 0
2741 6.8 8.5 0
2742 6.95 8.5 0
2743 7.1 8.5 0
2744 7.25 8.5 0
2745 7.4 8.5 0
2746 7.55 8.5 0
2747 7.7 8.5 0
2748 7.85 8.5 0
2749 8 8.5 0
2750 8.25 8.5 0
2751 8.5 8.5 0
2752 8.75 8.5 0
2753 9 8.5 0
2754 9.25 8.5 0
2755 9.5 8.5 0
2756 9.75 8.5 0
2757 10 8.5 0
2758 10.25 8.5 0
2759 10.5 8.5 0
2760 10.75 8.5 0
2761 11 8.5 0
2762 11.25 8.5 0
2763 11.5 8.5 0
2764 11.75 8.5 0
2765 12 8.5 0
2766 12.5 8.5 0
2767 13 8.5 0
2768 13.5 8.5 0
2769 14 8.5 0
2770 14.5 8.5 0
2771 15 8.5 0
2772 15.5 8.5 0
2773 16 8.5 0
2774 16.5 8.5 0
2775 17 8.5 0
2776 17.5 8.5 0
2777 18 8.5 0
2778 18.5 8.5 0
2779 19 8.5 0
2780 19.5 8.5 0
2781 20 8.5 0
2782 0 8.75 0
2783 0.1 8.75 0
2784 0.2 8.75 0
2785 0.3 8.75 0
2786 0.4 8.75 0
2787 0.5 8.75 0
2788 0.6 8.75 0
2789 0.7 8.75 0
2790 0.8 8.75 0
2791 0.9 8.75 0
2792 1 8.75 0
2793 1.1 8.75 0
2794 1.2 8.75 0
2795 1.3 8.75 0
2796 1.4 8.75 0
2797 1.5 8.75 0
2798 1.6 8.75 0
2799 1.7 8.75 0
2800 1.8 8.75 0
2801 1.9 8.75 0
2802 2 8.75 0
2803 2.1 8.75 0
2804 2.2 8.75 0
2805 2.3 8.75 0
2806 2.4 8.75 0
2807 2.5 8.75 0
2808 2.6 8.75 0
2809 2.7 8.75 0
2810 2.8 8.75 0
2811 2.9 8.75 0
2812 3 8.75 0
2813 3.1 8.75 0
2814 3.2 8.75 0
2815 3.3 8.75 0
2816 3.4 8.75 0
2817 3.5 8.75 0
2818 3.6 8.75 0
2819 3.7 8.75 0
2820 3.8 8.75 0
2821 3.9 8.75 0
2822 4 8.75 0
2823 4.1 8.75 0
2824 4.2 8.75 0
2825 4.3 8.75 0
2826 4.4 8.75 0
2827 4.5 8.75 0
2828 4.6 8.75 0
2829 4.7 8.75 0
2830 4.8 8.75 0
2831 4.9 8.75 0
2832 5 8.75 0
2833 5.15 8.75 0
2834 5.3 8.75 0
2835 5.45 8.75 0
2836 5.6 8.75 0
2837 5.75 8.75 0
2838 5.9 8.75 0
2839 6.05 8.75 0
2840 6.2 8.75 0
2841 6.35 8.75 0
2842 6.5 8.75 0
2843 6.65 8.75 0
2844 6.8 8.75 0
2845 6.95 8.75 0
2846 7.1 8.75 0
2847 7.25 8.75 0
2848 7.4 8.75 0
2849 7.55 8.75 0
2850 7.7 8.75 0
2851 7.85 8.75 0
2852 8 8.75 0
2853 8.25 8.75 0
2854 8.5 8.75 0
2855 8.75 8.75 0
2856 9 8.75 0
2857 9.25 8.75 0
2858 9.5 8.75 0
2859 9.75 8.75 0
2860 10 8.75 0
2861 10.25 8.75 0
2862 10.5 8.75 0
2863 10.75 8.75 0
2864 11 8.75 0
2865 11.25 8.75 0
2866 11.5 8.75 0
2867 11.75 8.75 0
2868 12 8.75 0
2869 12.5 8.75 0
2870 13 8.75 0
2871 13.5 8.75 0
2872 14 8.75 0
2873 14.5 8.75 0
2874 15 8.75 0
2875 15.5 8.75 0
2876 16 8.75 0
2877 16.5 8.75 0
2878 17 8.75 0
2879 17.5 8.75 0
2880 18 8.75 0
2881 18.5 8.75 0
2882 19 8.75 0
2883 19.5 8.75 0
2884 20 8.75 0
2885 0 9 0
2886 0.1 9 0
2887 0.2 9 0
2888 0.3 9 0
2889 0.4 9 0
2890 0.5 9 0
2891 0.6 9 0
2892 0.7 9 0
2893 0.8 9 0
2894 0.9 9 0
2895 1 9 0
2896 1.1 9 0
2897 1.2 9 0
2898 1.3 9 0
2899 1.4 9 0
2900 1.5 9 0
2901 1.6 9 0
2902 1.7 9 0
2903 1.8 9 0
2904 1.9 9 0
2905 2 9 0
2906 2.1 9 0
2907 2.2 9 0
2908 2.3 9 0
2909 2.4 9 0
2910 2.5 9 0
2911 2.6 9 0
2912 2.7 9 0
2913 2.8 9 0
2914 2.9 9 0
2915 3 9 0
2916 3.1 9 0
2917 3.2 9 0
2918 3.3 9 0
2919 3.4 9 0
2920 3.5 9 0
2921 3.6 9 0
2922 3.7 9 0
2923 3.8 9 0
2924 3.9 9 0
2925 4 9 0
2926 4.1 9 0
2927 4.2 9 0
2928 4.3 9 0
2929 4.4 9 0
2930 4.5 9 0
2931 4.6 9 0
2932 4.7 9 0
2933 4.8 9 0
2934 4.9 9 0
2935 5 9 0
2936 5.15 9 0
2937 5.3 9 0
2938 5.45 9 0
2939 5.6 9 0
2940 5.75 9 0
2941 5.9 9 0
2942 6.05 9 0
2943 6.2 9 0
2944 6.35 9 0
2945 6.5 9 0
2946 6.65 9 0
2947 6.8 9 0
2948 6.95 9 0
2949 7.1 9 0
2950 7.25 9 0
2951 7.4 9 0
2952 7.55 9 0
2953 7.7 9 0
2954 7.85 9 0
2955 8 9 0
2956 8.25 9 0
2957 8.5 9 0
2958 8.75 9 0
2959 9 9 0
2960 9.25 9 0
2961 9.5 9 0
2962 9.75 9 0
2963 10 9 0
2964 10.25 9 0
2965 10.5 9 0
2966 10.75 9 0
2967 11 9 0
2968 11.25 9 0
2969 11.5 9 0
2970 11.75 9 0
2971 12 9 0
2972 12.5 9 0
2973 13 9 0
2974 13.5 9 0
2975 14 9 0
2976 14.5 9 0
2977 15 9 0
2978 15.5 9 0
2979 16 9 0
2980 16.5 9 0
2981 17 9 0
2982 17.5 9 0
2983 18 9 0
2984 18.5 9 0
2985 19 9 0
2986 19.5 9 0
2987 20 9 0
2988 0 9.25 0
2989 0.1 9.25 0
2990 0.2 9.25 0
2991 0.3 9.25 0
2992 0.4 9.25 0
2993 0.5 9.25 0
2994 0.6 9.25 0
2995 0.7 9.25 0
2996 0.8 9.25 0
2997 0.9 9.25 0
2998 1 9.25 0
2999 1.1 9.25 0
3000 1.2 9.25 0
3001 1.3 9.25 0
3002 1.4 9.25 0
3003 1.5 9.25 0
3004 1.6 9.25 0
3005 1.7 9.25 0
3006 1.8 9.25 0
3007 1.9 9.25 0
3008 2 9.25 0
3009 2.1 9.25 0
3010 2.2 9.25 0
3011 2.3 9.25 0
3012 2.4 9.25 0
3013 2.5 9.25 0
3014 2.6 9.25 0
3015 2.7 9.25 0
3016 2.8 9.25 0
3017 2.9 9.25 0
3018 3 9.25 0
3019 3.1 9.25 0
3020 3.2 9.25 0
3021 3.3 9.25 0
3022 3.4 9.25 0
3023 3.5 9.25 0
3024 3.6 9.25 0
3025 3.7 9.25 0
3026 3.8 9.25 0
3027 3.9 9.25 0
3028 4 9.25 0
3029 4.1 9.25 0
3030 4.2 9.25 0
3031 4.3 9.25 0
3032 4.4 9.25 0
3033 4.5 9.25 0
3034 4.6 9.25 0
3035 4.7 9.25 0
3036 4.8 9.25 0
3037 4.9 9.25 0
3038 5 9.25 0
3039 5.15 9.25 0
3040 5.3 9.25 0
3041 5.45 9.25 0
3042 5.6 9.25 0
3043 5.75 9.25 0
3044 5.9 9.25 0
3045 6.05 9.25 0
3046 6.2 9.25 0
3047 6.35 9.25 0
3048 6.5 9.25 0
3049 6.65 9.25 0
3050 6.8 9.25 0
3051 6.95 9.25 0
3052 7.1 9.25 0
3053 7.25 9.25 0
3054 7.4 9.25 0
3055 7.55 9.25 0
3056 7.7 9.25 0
3057 7.85 9.25 0
3058 8 9.25 0
3059 8.25 9.25 0
3060 8.5 9.25 0
3061 8.75 9.25 0
3062 9 9.25 0
3063 9.25 9.25 0
3064 9.5 9.25 0
3065 9.75 9.25 0
3066 10 9.25 0
3067 10.25 9.25 0
3068 10.5 9.25 0
3069 10.75 9.25 0
3070 11 9.25 0
3071 11.25 9.25 0
3072 11.5 9.25 0
3073 11.75 9.25 0
3074 12 9.25 0
3075 12.5 9.25 0
3076 13 9.25 0
3077 13.5 9.25 0
3078 14 9.25 0
3079 14.5 9.25 0
3080 15 9.25 0
3081 15.5 9.25 0
3082 16 9.25 0
3083 16.5 9.25 0
3084 17 9.25 0
3085 17.5 9.25 0
3086 18 9.25 0
3087 18.5 9.25 0
3088 19 9.25 0
3089 19.5 9.25 0
3090 20 9.25 0
3091 0 9.5 0
3092 0.1 9.5 0
3093 0.2 9.5 0
3094 0.3 9.5 0
3095 0.4 9.5 0
3096 0.5 9.5 0
3097 0.6 9.5 0
3098 0.7 9.5 0
3099 0.8 9.5 0
3100 0.9 9.5 0
3101 1 9.5 0
3102 1.1 9.5 0
3103 1.2 9.5 0
3104 1.3 9.5 0
3105 1.4 9.5 0
3106 1.5 9.5 0
3107 1.6 9.5 0
3108 1.7 9.5 0
3109 1.8 9.5 0
3110 1.9 9.5 0
3111 2 9.5 0
3112 2.1 9.5 0
3113 2.2 9.5 0
3114 2.3 9.5 0
3115 2.4 9.5 0
3116 2.5 9.5 0
3117 2.6 9.5 0
3118 2.7 9.5 0
3119 2.8 9.5 0
3120 2.9 9.5 0
3121 3 9.5 0
3122 3.1 9.5 0
3123 3.2 9.5 0
3124 3.3 9.5 0
3125 3.4 9.5 0
3126 3.5 9.5 0
3127 3.6 9.5 0
3128 3.7 9.5 0
3129 3.8 9.5 0
3130 3.9 9.5 0
3131 4 9.5 0
3132 4.1 9.5 0
3133 4.2 9.5 0
3134 4.3 9.5 0
3135 4.4 9.5 0
3136 4.5 9.5 0
3137 4.6 9.5 0
3138 4.7 9.5 0
3139 4.8 9.5 0
3140 4.9 9.5 0
3141 5 9.5 0
3142 5.15 9.5 0
3143 5.3 9.5 0
3144 5.45 9.5 0
3145 5.6 9.5 0
3146 5.75 9.5 0
3147 5.9 9.5 0
3148 6.05 9.5 0
3149 6.2 9.5 0
3150 6.35 9.5 0
3151 6.5 9.5 0
3152 6.65 9.5 0
3153 6.8 9.5 0
3154 6.95 9.5 0
3155 7.1 9.5 0
3156 7.25 9.5 0
3157 7.4 9.5 0
3158 7.55 9.5 0
3159 7.7 9.5 0
3160 7.85 9.5 0
3161 8 9.5 0
3162 8.25 9.5 0
3163 8.5 9.5 0
3164 8.75 9.5 0
3165 9 9.5 0
3166 9.25 9.5 0
3167 9.5 9.5 0
3168 9.75 9.5 0
3169 10 9.5 0
3170 10.25 9.5 0
3171 10.5 9.5 0
3172 10.75 9.5 0
3173 11 9.5 0
3174 11.25 9.5 0
3175 11.5 9.5 0
3176 11.75 9.5 0
3177 12 9.5 0
3178 12.5 9.5 0
3179 13 9.5 0
3180 13.5 9.5 0
3181 14 9.5 0
3182 14.5 9.5 0
3183 15 9.5 0
3184 15.5 9.5 0
3185 16 9.5 0
3186 16.5 9.5 0
3187 17 9.5 0
3188 17.5 9.5 0
3189 18 9.5 0
3190 18.5 9.5 0
3191 19 9.5 0
3192 19.5 9.5 0
3193 20 9.5 0
3194 0 9.75 0
3195 0.1 9.75 0
3196 0.2 9.75 0
3197 0.3 9.75 0
3198 0.4 9.75 0
3199 0.5 9.75 0
3200 0.6 9.75 0
3201 0.7 9.75 0
3202 0.8 9.75 0
3203 0.9 9.75 0
3204 1 9.75 0
3205 1.1 9.75 0
3206 1.2 9.75 0
3207 1.3 9.75 0
3208 1.4 9.75 0
3209 1.5 9.75 0
3210 1.6 9.75 0
3211 1.7 9.75 0
3212 1.8 9.75 0
3213 1.9 9.75 0
3214 2 9.75 0
3215 2.1 9.75 0
3216 2.2 9.75 0
3217 2.3 9.75 0
3218 2.4 9.75 0
3219 2.5 9.75 0
3220 2.6 9.75 0
3221 2.7 9.75 0
3222 2.8 9.75 0
3223 2.9 9.75 0
3224 3 9.75 0
3225 3.1 9.75 0
3226 3.2 9.75 0
3227 3.3 9.75 0
3228 3.4 9.75 0
3229 3.5 9.75 0
3230 3.6 9.75 0
3231 3.7 9.75 0
3232 3.8 9.75 0
3233 3.9 9.75 0
3234 4 9.75 0
3235 4.1 9.75 0
3236 4.2 9.75 0
3237 4.3 9.75 0
3238 4.4 9.75 0
3239 4.5 9.75 0
3240 4.6 9.75 0
3241 4.7 9.75 0
3242 4.8 9.75 0
3243 4.9 9.75 0
3244 5 9.75 0
3245 5.15 9.75 0
3246 5.3 9.75 0
3247 5.45 9.75 0
3248 5.6 9.75 0
3249 5.75 9.75 0
3250 5.9 9.75 0
3251 6.05 9.75 0
3252 6.2 9.75 0
3253 6.35 9.75 0
3254 6.5 9.75 0
3255 6.65 9.75 0
3256 6.8 9.75 0
3257 6.95 9.75 0
3258 7.1 9.75 0
3259 7.25 9.75 0
3260 7.4 9.75 0
3261 7.55 9.75 0
3262 7.7 9.75 0
3263 7.85 9.75 0
3264 8 9.75 0
3265 8.25 9.75 0
3266 8.5 9.75 0
3267 8.75 9.75 0
3268 9 9.75 0
3269 9.25 9.75 0
3270 9.5 9.75 0
3271 9.75 9.75 0
3272 10 9.75 0
3273 10.25 9.75 0
3274 10.5 9.75 0
3275 10.75 9.75 0
3276 11 9.75 0
3277 11.25 9.75 0
3278 11.5 9.75 0
3279 11.75 9.75 0
3280 12 9.75 0
3281 12.5 9.75 0
3282 13 9.75 0
3283 13.5 9.75 0
3284 14 9.75 0
3285 14.5 9.75 0
3286 15 9.75 0
3287 15.5 9.75 0
3288 16 9.75 0
3289 16.5 9.75 0
3290 17 9.75 0
3291 17.5 9.75 0
3292 18 9.75 0
3293 18.5 9.75 0
3294 19 9.75 0
3295 19.5 9.75 0
3296 20 9.75 0
3297 0 10 0
3298 0.1 10 0
3299 0.2 10 0
3300 0.3 10 0
3301 0.4 10 0
3302 0.5 10 0
3303 0.6 10 0
3304 0.7 10 0
3305 0.8 10 0
3306 0.9 10 0
3307 1 10 0
3308 1.1 10 0
3309 1.2 10 0
3310 1.3 10 0
3311 1.4 10 0
3312 1.5 10 0
3313 1.6 10 0
3314 1.7 10 0
3315 1.8 10 0
3316 1.9 10 0
3317 2 10 0
3318 2.1 10 0
3319 2.2 10 0
3320 2.3 10 0
3321 2.4 10 0
3322 2.5 10 0
3323 2.6 10 0
3324 2.7 10 0
3325 2.8 10 0
3326 2.9 10 0
3327 3 10 0
3328 3.1 10 0
3329 3.2 10 0
3330 3.3 10 0
3331 3.4 10 0
3332 3.5 10 0
3333 3.6 10 0
3334 3.7 10 0
3335 3.8 10 0
3336 3.9 10 0
3337 4 10 0
3338 4.1 10 0
3339 4.2 10 0
3340 4.3 10 0
3341 4.4 10 0
3342 4.5 10 0
3343 4.6 10 0
3344 4.7 10 0
3345 4.8 10 0
3346 4.9 10 0
3347 5 10 0
3348 5.15 10 0
3349 5.3 10 0
3350 5.45 10 0
3351 5.6 10 0
3352 5.75 10 0
3353 5.9 10 0
3354 6.05 10 0
3355 6.2 10 0
3356 6.35 10 0
3357 6.5 10 0
3358 6.65 10 0
3359 6.8 10 0
3360 6.95 10 0
3361 7.1 10 0
3362 7.25 10 0
3363 7.4 10 0
3364 7.55 10 0
3365 7.7 10 0
3366 7.85 10 0
3367 8 10 0
3368 8.25 10 0
3369 8.5 10 0
3370 8.75 10 0
3371 9 10 0
3372 9.25 10 0
3373 9.5 10 0
3374 9.75 10 0
3375 10 10 0
3376 10.25 10 0
3377 10.5 10 0
3378 10.75 10 0
3379 11 10 0
3380 11.25 10 0
3381 11.5 10 0
3382 11.75 10 0
3383 12 10 0
3384 12.5 10 0
3385 13 10 0
3386 13.5 10 0
3387 14 10 0
3388 14.5 10 0
3389 15 10 0
3390 15.5 10 0
3391 16 10 0
3392 16.5 10 0
3393 17 10 0
3394 17.5 10 0
3395 18 10 0
3396 18.5 10 0
3397 19 10 0
3398 19.5 10 0
3399 20 10 0
3400 0 10.25 0
3401 0.1 10.25 0
3402 0.2 10.25 0
3403 0.3 10.25 0
3404 0.4 10.25 0
3405 0.5 10.25 0
3406 0.6 10.25 0
3407 0.7 10.25 0
3408 0.8 10.25 0
3409 0.9 10.25 0
3410 1 10.25 0
3411 1.1 10.25 0
3412 1.2 10.25 0
3413 1.3 10.25 0
3414 1.4 10.25 0
3415 1.5 10.25 0
3416 1.6 10.25 0
3417 1.7 10.25 0
3418 1.8 10.25 0
3419 1.9 10.25 0
3420 2 10.25 0
3421 2.1 10.25 0
3422 2.2 10.25 0
3423 2.3 10.25 0
3424 2.4 10.25 0
3425 2.5 10.25 0
3426 2.6 10.25 0
3427 2.7 10.25 0
3428 2.8 10.25 0
3429 2.9 10.25 0
3430 3 10.25 0
3431 3.1 10.25 0
3432 3.2 10.25 0
3433 3.3 10.25 0
3434 3.4 10.25 0
3435 3.5 10.25 0
3436 3.6 10.25 0
3437 3.7 10.25 0
3438 3.8 10.25 0
3439 3.9 10.25 0
3440 4 10.25 0
3441 4.1 10.25 0
3442 4.2 10.25 0
3443 4.3 10.25 0
3444 4.4 10.25 0
3445 4.5 10.25 0
3446 4.6 10.25 0
3447 4.7 10.25 0
3448 4.8 10.25 0
3449 4.9 10.25 0
3450 5 10.25 0
3451 5.15 10.25 0
3452 5.3 10.25 0
3453 5.45 10.25 0
3454 5.6 10.25 0
3455 5.75 10.25 0
3456 5.9 10.25 0
3457 6.05 10.25 0
3458 6.2 10.25 0
3459 6.35 10.25 0
3460 6.5 10.25 0
3461 6.65 10.25 0
3462 6.8 10.25 0
3463 6.95 10.25 0
3464 7.1 10.25 0
3465 7.25 10.25 0
3466 7.4 10.25 0
3467 7.55 10.25 0
3468 7.7 10.25 0
3469 7.85 10.25 0
3470 8 10.25 0
3471 8.25 10.25 0
3472 8.5 10.25 0
3473 8.75 10.25 0
3474 9 10.25 0
3475 9.25 10.25 0
3476 9.5 10.25 0
3477 9.75 10.25 0
3478 10 10.25 0
3479 10.25 10.25 0
3480 10.5 10.25 0
3481 10.75 10.25 0
3482 11 10.25 0
3483 11.25 10.25 0
3484 11.5 10.25 0
3485 11.75 10.25 0
3486 12 10.25 0
3487 12.5 10.25 0
3488 13 10.25 0
3489 13.5 10.25 0
3490 14 10.25 0
3491 14.5 10.25 0
3492 15 10.25 0
3493 15.5 10.25 0
3494 16 10.25 0
3495 16.5 10.25 0
3496 17 10.25 0
3497 17.5 10.25 0
3498 18 10.25 0
3499 18.5 10.25 0
3500 19 10.25 0
3501 19.5 10.25 0
3502 20 10.25 0
3503 0 10.5 0
3504 0.1 10.5 0
3505 0.2 10.5 0
3506 0.3 10.5 0
3507 0.4 10.5 0
3508 0.5 10.5 0
3509 0.6 10.5 0
3510 0.7 10.5 0
3511 0.8 10.5 0
3512 0.9 10.5 0
3513 1 10.5 0
3514 1.1 10.5 0
3515 1.2 10.5 0
3516 1.3 10.5 0
3517 1.4 10.5 0
3518 1.5 10.5 0
3519 1.6 10.5 0
3520 1.7 10.5 0
3521 1.8 10.5 0
3522 1.9 10.5 0
3523 2 10.5 0
3524 2.1 10.5 0
3525 2.2 10.5 0
3526 2.3 10.5 0
3527 2.4 10.5 0
3528 2.5 10.5 0
3529 2.6 10.5 0
3530 2.7 10.5 0
3531 2.8 10.5 0
3532 2.9 10.5 0
3533 3 10.5 0
3534 3.1 10.5 0
3535 3.2 10.5 0
3536 3.3 10.5 0
3537 3.4 10.5 0
3538 3.5 10.5 0
3539 3.6 10.5 0
3540 3.7 10.5 0
3541 3.8 10.5 0
3542 3.9 10.5 0
3543 4 10.5 0
3544 4.1 10.5 0
3545 4.2 10.5 0
3546 4.3 10.5 0
3547 4.4 10.5 0
3548 4.5 10.5 0
3549 4.6 10.5 0
3550 4.7 10.5 0
3551 4.8 10.5 0
3552 4.9 10.5 0
3553 5 10.5 0
3554 5.15 10.5 0
3555 5.3 10.5 0
3556 5.45 10.5 0
3557 5.6 10.5 0
3558 5.75 10.5 0
3559 5.9 10.5 0
3560 6.05 10.5 0
3561 6.2 10.5 0
3562 6.35 10.5 0
3563 6.5 10.5 0
3564 6.65 10.5 0
3565 6.8 10.5 0
3566 6.95 10.5 0
3567 7.1 10.5 0
3568 7.25 10.5 0
3569 7.4 10.5 0
3570 7.55 10.5 0
3571 7.7 10.5 0
3572 7.85 10.5 0
3573 8 10.5 0
3574 8.25 10.5 0
3575 8.5 10.5 0
3576 8.75 10.5 0
3577 9 10.5 0
3578 9.25 10.5 0
3579 9.5 10.5 0
3580 9.75 10.5 0
3581 10 10.5 0
3582 10.25 10.5 0
3583 10.5 10.5 0
3584 10.75 10.5 0
3585 11 10.5 0
3586 11.25 10.5 0
3587 11.5 10.5 0
3588 11.75 10.5 0
3589 12 10.5 0
3590 12.5 10.5 0
3591 13 10.5 0
3592 13.5 10.5 0
3593 14 10.5 0
3594 14.5 10.5 0
3595 15 10.5 0
3596 15.5 10.5 0
3597 16 10.5 0
3598 16.5 10.5 0
3599 17 10.5 0
3600 17.5 10.5 0
3601 18 10.5 0
3602 18.5 10.5 0
3603 19 10.5 0
3604 19.5 10.5 0
3605 20 10.5 0
3606 0 10.75 0
3607 0.1 10.75 0
3608 0.2 10.75 0
3609 0.3 10.75 0
3610 0.4 10.75 0
3611 0.5 10.75 0
3612 0.6 10.75 0
3613 0.7 10.75 0
3614 0.8 10.75 0
3615 0.9 10.75 0
3616 1 10.75 0
3617 1.1 10.75 0
3618 1.2 10.75 0
3619 1.3 10.75 0
3620 1.4 10.75 0
3621 1.5 10.75 0
3622 1.6 10.75 0
3623 1.7 10.75 0
3624 1.8 10.75 0
3625 1.9 10.75 0
3626 2 10.75 0
3627 2.1 10.75 0
3628 2.2 10.75 0
3629 2.3 10.75 0
3630 2.4 10.75 0
3631 2.5 10.75 0
3632 2.6 10.75 0
3633 2.7 10.75 0
3634 2.8 10.75 0
3635 2.9 10.75 0
3636 3 10.75 0
3637 3.1 10.75 0
3638 3.2 10.75 0
3639 3.3 10.75 0
3640 3.4 10.75 0
3641 3.5 10.75 0
3642 3.6 10.75 0
3643 3.7 10.75 0
3644 3.8 10.75 0
3645 3.9 10.75 0
3646 4 10.75 0
3647 4.1 10.75 0
3648 4.2 10.75 0
3649 4.3 10.75 0
3650 4.4 10.75 0
3651 4.5 10.75 0
3652 4.6 10.75 0
3653 4.7 10.75 0
3654 4.8 10.75 0
3655 4.9 10.75 0
3656 5 10.75 0
3657 5.15 10.75 0
3658 5.3 10.75 0
3659 5.45 10.75 0
3660 5.6 10.75 0
3661 5.75 10.75 0
3662 5.9 10.75 0
3663 6.05 10.75 0
3664 6.2 10.75 0
3665 6.35 10.75 0
3666 6.5 10.75 0
3667 6.65 10.75 0
3668 6.8 10.75 0
3669 6.95 10.75 0
3670 7.1 10.75 0
3671 7.25 10.75 0
3672 7.4 10.75 0
3673 7.55 10.75 0
3674 7.7 10.75 0
3675 7.85 10.75 0
3676 8 10.75 0
3677 8.25 10.75 0
3678 8.5 10.75 0
3679 8.75 10.75 0
3680 9 10.75 0
3681 9.25 10.75 0
3682 9.5 10.75 0
3683 9.75 10.75 0
3684 10 10.75 0
3685 10.25 10.75 0
3686 10.5 10.75 0
3687 10.75 10.75 0
3688 11 10.75 0
3689 11.25 10.75 0
3690 11.5 10.75 0
3691 11.75 10.75 0
3692 12 10.75 0
3693 12.5 10.75 0
3694 13 10.75 0
3695 13.5 10.75 0
3696 14 10.75 0
3697 14.5 10.75 0
3698 15 10.75 0
3699 15.5 10.75 0
3700 16 10.75 0
3701 16.5 10.75 0
3702 17 10.75 0
3703 17.5 10.75 0
3704 18 10.75 0
3705 18.5 10.75 0
3706 19 10.75 0
3707 19.5 10.75 0
3708 20 10.75 0
3709 0 11 0
3710 0.1 11 0
3711 0.2 11 0
3712 0.3 11 0
3713 0.4 11 0
3714 0.5 11 0
3715 0.6 11 0
3716 0.7 11 0
3717 0.8 11 0
3718 0.9 11 0
3719 1 11 0
3720 1.1 11 0
3721 1.2 11 0
3722 1.3 11 0
3723 1.4 11 0
3724 1.5 11 0
3725 1.6 11 0
3726 1.7 11 0
3727 1.8 11 0
3728 1.9 11 0
3729 2 11 0
3730 2.1 11 0
3731 2.2 11 0
3732 2.3 11 0
3733 2.4 11 0
3734 2.5 11 0
3735 2.6 11 0
3736 2.7 11 0
3737 2.8 11 0
3738 2.9 11 0
3739 3 11 0
3740 3.1 11 0
3741 3.2 11 0
3742 3.3 11 0
3743 3.4 11 0
3744 3.5 11 0
3745 3.6 11 0
3746 3.7 11 0
3747 3.8 11 0
3748 3.9 11 0
3749 4 11 0
3750 4.1 11 0
3751 4.2 11 0
3752 4.3 11 0
3753 4.4 11 0
3754 4.5 11 0
3755 4.6 11 0
3756 4.7 11 0
3757 4.8 11 0
3758 4.9 11 0
3759 5 11 0
3760 5.15 11 0
3761 5.3 11 0
3762 5.45 11 0
3763 5.6 11 0
3764 5.75 11 0
3765 5.9 11 0
3766 6.05 11 0
3767 6.2 11 0
3768 6.35 11 0
3769 6.5 11 0
3770 6.65 11 0
3771 6.8 11 0
3772 6.95 11 0
3773 7.1 11 0
3774 7.25 11 0
3775 7.4 11 0
3776 7.55 11 0
3777 7.7 11 0
3778 7.85 11 0
3779 8 11 0
3780 8.25 11 0
3781 8.5 11 0
3782 8.75 11 0
3783 9 11 0
3784 9.25 11 0
3785 9.5 11 0
3786 9.75 11 0
3787 10 11 0
3788 10.25 11 0
3789 10.5 11 0
3790 10.75 11 0
3791 11 11 0
3792 11.25 11 0
3793 11.5 11 0
3794 11.75 11 0
3795 12 11 0
3796 12.5 11 0
3797 13 11 0
3798 13.5 11 0
3799 14 11 0
3800 14.5 11 0
3801 15 11 0
3802 15.5 11 0
3803 16 11 0
3804 16.5 11 0
3805 17 11 0
3806 17.5 11 0
3807 18 11 0
3808 18.5 11 0
3809 19 11 0
3810 19.5 11 0
3811 20 11 0
3812 0 11.25 0
3813 0.1 11.25 0
3814 0.2 11.25 0
3815 0.3 11.25 0
3816 0.4 11.25 0
3817 0.5 11.25 0
3818 0.6 11.25 0
3819 0.7 11.25 0
3820 0.8 11.25 0
3821 0.9 11.25 0
3822 1 11.25 0
3823 1.1 11.25 0
3824 1.2 11.25 0
3825 1.3 11.25 0
3826 1.4 11.25 0
3827 1.5 11.25 0
3828 1.6 11.25 0
3829 1.7 11.25 0
3830 1.8 11.25 0
3831 1.9 11.25 0
3832 2 11.25 0
3833 2.1 11.25 0
3834 2.2 11.25 0
3835 2.3 11.25 0
3836 2.4 11.25 0
3837 2.5 11.25 0
3838 2.6 11.25 0
3839 2.7 11.25 0
3840 2.8 11.25 0
3841 2.9 11.25 0
3842 3 11.25 0
3843 3.1 11.25 0
3844 3.2 11.25 0
3845 3.3 11.25 0
3846 3.4 11.25 0
3847 3.5 11.25 0
3848 3.6 11.25 0
3849 3.7 11.25 0
3850 3.8 11.25 0
3851 3.9 11.25 0
3852 4 11.25 0
3853 4.1 11.25 0
3854 4.2 11.25 0
3855 4.3 11.25 0
3856 4.4 11.25 0
3857 4.5 11.25 0
3858 4.6 11.25 0
3859 4.7 11.25 0
3860 4.8 11.25 0
3861 4.9 11.25 0
3862 5 11.25 0
3863 5.15 11.25 0
3864 5.3 11.25 0
3865 5.45 11.25 0
3866 5.6 11.25 0
3867 5.75 11.25 0
3868 5.9 11.25 0
3869 6.05 11.25 0
3870 6.2 11.25 0
3871 6.35 11.25 0
3872 6.5 11.25 0
3873 6.65 11.25 0
3874 6.8 11.25 0
3875 6.95 11.25 0
3876 7.1 11.25 0
3877 7.25 11.25 0
3878 7.4 11.25 0
3879 7.55 11.25 0
3880 7.7 11.25 0
3881 7.85 11.25 0
3882 8 11.25 0
3883 8.25 11.25 0
3884 8.5 11.25 0
3885 8.75 11.25 0
3886 9 11.25 0
3887 9.25 11.25 0
3888 9.5 11.25 0
3889 9.75 11.25 0
3890 10 11.25 0
3891 10.25 11.25 0
3892 10.5 11.25 0
3893 10.75 11.25 0
3894 11 11.25 0
3895 11.25 11.25 0
3896 11.5 11.25 0
3897 11.75 11.25 0
3898 12 11.25 0
3899 12.5 11.25 0
3900 13 11.25 0
3901 13.5 11.25 0
3902 14 11.25 0
3903 14.5 11.25 0
3904 15 11.25 0
3905 15.5 11.25 0
3906 16 11.25 0
3907 16.5 11.25 0
3908 17 11.25 0
3909 17.5 11.25 0
3910 18 11.25 0
3911 18.5 11.25 0
3912 19 11.25 0
3913 19.5 11.25 0
3914 20 11.25 0
3915 0 11.5 0
3916 0.1 11.5 0
3917 0.2 11.5 0
3918 0.3 11.5 0
3919 0.4 11.5 0
3920 0.5 11.5 0
3921 0.6 11.5 0
3922 0.7 11.5 0
3923 0.8 11.5 0
3924 0.9 11.5 0
3925 1 11.5 0
3926 1.1 11.5 0
3927 1.2 11.5 0
3928 1.3 11.5 0
3929 1.4 11.5 0
3930 1.5 11.5 0
3931 1.6 11.5 0
3932 1.7 11.5 0
3933 1.8 11.5 0
3934 1.9 11.5 0
3935 2 11.5 0
3936 2.1 11.5 0
3937 2.2 11.5 0
3938 2.3 11.5 0
3939 2.4 11.5 0
3940 2.5 11.5 0
3941 2.6 11.5 0
3942 2.7 11.5 0
3943 2.8 11.5 0
3944 2.9 11.5 0
3945 3 11.5 0
3946 3.1 11.5 0
3947 3.2 11.5 0
3948 3.3 11.5 0
3949 3.4 11.5 0
3950 3.5 11.5 0
3951 3.6 11.5 0
3952 3.7 11.5 0
3953 3.8 11.5 0
3954 3.9 11.5 0
3955 4 11.5 0
3956 4.1 11.5 0
3957 4.2 11.5 0
3958 4.3 11.5 0
3959 4.4 11.5 0
3960 4.5 11.5 0
3961 4.6 11.5 0
3962 4.7 11.5 0
3963 4.8 11.5 0
3964 4.9 11.5 0
3965 5 11.5 0
3966 5.15 11.5 0
3967 5.3 11.5 0
3968 5.45 11.5 0
3969 5.6 11.5 0
3970 5.75 11.5 0
3971 5.9 11.5 0
3972 6.05 11.5 0
3973 6.2 11.5 0
3974 6.35 11.5 0
3975 6.5 11.5 0
3976 6.65 11.5 0
3977 6.8 11.5 0
3978 6.95 11.5 0
3979 7.1 11.5 0
3980 7.25 11.5 0
3981 7.4 11.5 0
3982 7.55 11.5 0
3983 7.7 11.5 0
3984 7.85 11.5 0
3985 8 11.5 0
3986 8.25 11.5 0
3987 8.5 11.5 0
3988 8.75 11.5 0
3989 9 11.5 0
3990 9.25 11.5 0
3991 9.5 11.5 0
3992 9.75 11.5 0
3993 10 11.5 0
3994 10.25 11.5 0
3995 10.5 11.5 0
3996 10.75 11.5 0
3997 11 11.5 0
3998 11.25 11.5 0
3999 11.5 11.5 0
4000 11.75 11.5 0
4001 12 11.5 0
4002 12.5 11.5 0
4003 13 11.5 0
4004 13.5 11.5 0
4005 14 11.5 0
4006 14.5 11.5 0
4007 15 11.5 0
4008 15.5 11.5 0
4009 16 11.5 0
4010 16.5 11.5 0
4011 17 11.5 0
4012 17.5 11.5 0
4013 18 11.5 0
4014 18.5 11.5 0
4015 19 11.5 0
4016 19.5 11.5 0
4017 20 11.5 0
4018 0 11.75 0
4019 0.1 11.75 0
4020 0.2 11.75 0
4021 0.3 11.75 0
4022 0.4 11.75 0
4023 0.5 11.75 0
4024 0.6 11.75 0
4025 0.7 11.75 0
4026 0.8 11.75 0
4027 0.9 11.75 0
4028 1 11.75 0
4029 1.1 11.75 0
4030 1.2 11.75 0
4031 1.3 11.75 0
4032 1.4 11.75 0
4033 1.5 11.75 0
4034 1.6 11.75 0
4035 1.7 11.75 0
4036 1.8 11.75 0
4037 1.9 11.75 0
4038 2 11.75 0
4039 2.1 11.75 0
4040 2.2 11.75 0
4041 2.3 11.75 0
4042 2.4 11.75 0
4043 2.5 11.75 0
4044 2.6 11.75 0
4045 2.7 11.75 0
4046 2.8 11.75 0
4047 2.9 11.75 0
4048 3 11.75 0
4049 3.1 11.75 0
4050 3.2 11.75 0
4051 3.3 11.75 0
4052 3.4 11.75 0
4053 3.5 11.75 0
4054 3.6 11.75 0
4055 3.7 11.75 0
4056 3.8 11.75 0
4057 3.9 11.75 0
4058 4 11.75 0
4059 4.1 11.75 0
4060 4.2 11.75 0
4061 4.3 11.75 0
4062 4.4 11.75 0
4063 4.5 11.75 0
4064 4.6 11.75 0
4065 4.7 11.75 0
4066 4.8 11.75 0
4067 4.9 11.75 0
4068 5 11.75 0
4069 5.15 11.75 0
4070 5.3 11.75 0
4071 5.45 11.75 0
4072 5.6 11.75 0
4073 5.75 11.75 0
4074 5.9 11.75 0
4075 6.05 11.75 0
4076 6.2 11.75 0
4077 6.35 11.75 0
4078 6.5 11.75 0
4079 6.65 11.75 0
4080 6.8 11.75 0
4081 6.95 11.75 0
4082 7.1 11.75 0
4083 7.25 11.75 0
4084 7.4 11.75 0
4085 7.55 11.75 0
4086 7.7 11.75 0
4087 7.85 11.75 0
4088 8 11.75 0
4089 8.25 11.75 0
4090 8.5 11.75 0
4091 8.75 11.75 0
4092 9 11.75 0
4093 9.25 11.75 0
4094 9.5 11.75 0
4095 9.75 11.75 0
4096 10 11.75 0
4097 10.25 11.75 0
4098 10.5 11.75 0
4099 10.75 11.75 0
4100 11 11.75 0
4101 11.25 11.75 0
4102 11.5 11.75 0
4103 11.75 11.75 0
4104 12 11.75 0
4105 12.5 11.75 0
4106 13 11.75 0
4107 13.5 11.75 0
4108 14 11.75 0
4109 14.5 11.75 0
4110 15 11.75 0
4111 15.5 11.75 0
4112 16 11.75 0
4113 16.5 11.75 0
4114 17 11.75 0
4115 17.5 11.75 0
4116 18 11.75 0
4117 18.5 11.75 0
4118 19 11.75 0
4119 19.5 11.75 0
4120 20 11.75 0
4121 0 12 0
4122 0.1 12 0
4123 0.2 12 0
4124 0.3 12 0
4125 0.4 12 0
4126 0.5 12 0
4127 0.6 12 0
4128 0.7 12 0
4129 0.8 12 0
4130 0.9 12 0
4131 1 12 0
4132 1.1 12 0
4133 1.2 12 0
4134 1.3 12 0
4135 1.4 12 0
4136 1.5 12 0
4137 1.6 12 0
4138 1.7 12 0
4139 1.8 12 0
4140 1.9 12 0
4141 2 12 0
4142 2.1 12 0
4143 2.2 12 0
4144 2.3 12 0
4145 2.4 12 0
4146 2.5 12 0
4147 2.6 12 0
4148 2.7 12 0
4149 2.8 12 0
4150 2.9 12 0
4151 3 12 0
4152 3.1 12 0
4153 3.2 12 0
4154 3.3 12 0
4155 3.4 12 0
4156 3.5 12 0
4157 3.6 12 0
4158 3.7 12 0
4159 3.8 12 0
4160 3.9 12 0
4161 4 12 0
4162 4.1 12 0
4163 4.2 12 0
4164 4.3 12 0
4165 4.4 12 0
4166 4.5 12 0
4167 4.6 12 0
4168 4.7 12 0
4169 4.8 12 0
4170 4.9 12 0
4171 5 12 0
4172 5.15 12 0
4173 5.3 12 0
4174 5.45 12 0
4175 5.6 12 0
4176 5.75 12 0
4177 5.9 12 0
4178 6.05 12 0
4179 6.2 12 0
4180 6.35 12 0
4181 6.5 12 0
4182 6.65 12 0
4183 6.8 12 0
4184 6.95 12 0
4185 7.1 12 0
4186 7.25 12 0
4187 7.4 12 0
4188 7.55 12 0
4189 7.7 12 0
4190 7.85 12 0
4191 8 12 0
4192 8.25 12 0
4193 8.5 12 0
4194 8.75 12 0
4195 9 12 0
4196 9.25 12 0
4197 9.5 12 0
4198 9.75 12 0
4199 10 12 0
4200 10.25 12 0
4201 10.5 12 0
4202 10.75 12 0
4203 11 12 0
4204 11.25 12 0
4205 11.5 12 0
4206 11.75 12 0
4207 12 12 0
4208 12.5 12 0
4209 13 12 0
4210 13.5 12 0
4211 14 12 0
4212 14.5 12 0
4213 15 12 0
4214 15.5 12 0
4215 16 12 0
4216 16.5 12 0
4217 17 12 0
4218 17.5 12 0
4219 18 12 0
4220 18.5 12 0
4221 19 12 0
4222 19.5 12 0
4223 20 12 0
4224 0 12.25 0
4225 0.1 12.25 0
4226 0.2 12.25 0
4227 0.3 12.25 0
4228 0.4 12.25 0
4229 0.5 12.25 0
4230 0.6 12.25 0
4231 0.7 12.25 0
4232 0.8 12.25 0
4233 0.9 12.25 0
4234 1 12.25 0
4235 1.1 12.25 0
4236 1.2 12.25 0
4237 1.3 12.25 0
4238 1.4 12.25 0
4239 1.5 12.25 0
4240 1.6 12.25 0
4241 1.7 12.25 0
4242 1.8 12.25 0
4243 1.9 12.25 0
4244 2 12.25 0
4245 2.1 12.25 0
4246 2.2 12.25 0
4247 2.3 12.25 0
4248 2.4 12.25 0
4249 2.5 12.25 0
4250 2.6 12.25 0
4251 2.7 12.25 0
4252 2.8 12.25 0
4253 2.9 12.25 0
4254 3 12.25 0
4255 3.1 12.25 0
4256 3.2 12.25 0
4257 3.3 12.25 0
4258 3.4 12.25 0
4259 3.5 12.25 0
4260 3.6 12.25 0
4261 3.7 12.25 0
4262 3.8 12.25 0
4263 3.9 12.25 0
4264 4 12.25 0
4265 4.1 12.25 0
4266 4.2 12.25 0
4267 4.3 12.25 0
4268 4.4 12.25 0
4269 4.5 12.25 0
4270 4.6 12.25 0
4271 4.7 12.25 0
4272 4.8 12.25 0
4273 4.9 12.25 0
4274 5 12.25 0
4275 5.15 12.25 0
4276 5.3 12.25 0
4277 5.45 12.25 0
4278 5.6 12.25 0
4279 5.75 12.25 0
4280 5.9 12.25 0
4281 6.05 12.25 0
4282 6.2 12.25 0
4283 6.35 12.25 0
4284 6.5 12.25 0
4285 6.65 12.25 0
4286 6.8 12.25 0
4287 6.95 12.25 0
4288 7.1 12.25 0
4289 7.25 12.25 0
4290 7.4 12.25 0
4291 7.55 12.25 0
4292 7.7 12.25 0
4293 7.85 12.25 0
4294 8 12.25 0
4295 8.25 12.25 0
4296 8.5 12.25 0
4297 8.75 12.25 0
4298 9 12.25 0
4299 9.25 12.25 0
4300 9.5 12.25 0
4301 9.75 12.25 0
4302 10 12.25 0
4303 10.25 12.25 0
4304 10.5 12.25 0
4305 10.75 12.25 0
4306 11 12.25 0
4307 11.25 12.25 0
4308 11.5 12.25 0
4309 11.75 12.25 0
4310 12 12.25 0
4311 12.5 12.25 0
4312 13 12.25 0
4313 13.5 12.25 0
4314 14 12.25 0
4315 14.5 12.25 0
4316 15 12.25 0
4317 15.5 12.25 0
4318 16 12.25 0
4319 16.5 12.25 0
4320 17 12.25 0
4321 17.5 12.25 0
4322 18 12.25 0
4323 18.5 12.25 0
4324 19 12.25 0
4325 19.5 12.25 0
4326 20 12.25 0
4327 0 12.5 0
4328 0.1 12.5 0
4329 0.2 12.5 0
4330 0.3 12.5 0
4331 0.4 12.5 0
4332 0.5 12.5 0
4333 0.6 12.5 0
4334 0.7 12.5 0
4335 0.8 12.5 0
4336 0.9 12.5 0
4337 1 12.5 0
4338 1.1 12.5 0
4339 1.2 12.5 0
4340 1.3 12.5 0
4341 1.4 12.5 0
4342 1.5 12.5 0
4343 1.6 12.5 0
4344 1.7 12.5 0
4345 1.8 12.5 0
4346 1.9 12.5 0
4347 2 12.5 0
4348 2.1 12.5 0
4349 2.2 12.5 0
4350 2.3 12.5 0
4351 2.4 12.5 0
4352 2.5 12.5 0
4353 2.6 12.5 0
4354 2.7 12.5 0
4355 2.8 12.5 0
4356 2.9 12.5 0
4357 3 12.5 0
4358 3.1 12.5 0
4359 3.2 12.5 0
4360 3.3 12.5 0
4361 3.4 12.5 0
4362 3.5 12.5 0
4363 3.6 12.5 0
4364 3.7 12.5 0
4365 3.8 12.5 0
4366 3.9 12.5 0
4367 4 12.5 0
4368 4.1 12.5 0
4369 4.2 12.5 0
4370 4.3 12.5 0
4371 4.4 12.5 0
4372 4.5 12.5 0
4373 4.6 12.5 0
4374 4.7 12.5 0
4375 4.8 12.5 0
4376 4.9 12.5 0
4377 5 12.5 0
4378 5.15 12.5 0
4379 5.3 12.5 0
4380 5.45 12.5 0
4381 5.6 12.5 0
4382 5.75 12.5 0
4383 5.9 12.5 0
4384 6.05 12.5 0
4385 6.2 12.5 0
4386 6.35 12.5 0
4387 6.5 12.5 0
4388 6.65 12.5 0
4389 6.8 12.5 0
4390 6.95 12.5 0
4391 7.1 12.5 0
4392 7.25 12.5 0
4393 7.4 12.5 0
4394 7.55 12.5 0
4395 7.7 12.5 0
4396 7.85 12.5 0
4397 8 12.5 0
4398 8.25 12.5 0
4399 8.5 12.5 0
4400 8.75 12.5 0
4401 9 12.5 0
4402 9.25 12.5 0
4403 9.5 12.5 0
4404 9.75 12.5 0
4405 10 12.5 0
4406 10.25 12.5 0
4407 10.5 12.5 0
4408 10.75 12.5 0
4409 11 12.5 0
4410 11.25 12.5 0
4411 11.5 12.5 0
4412 11.75 12.5 0
4413 12 12.5 0
4414 12.5 12.5 0
4415 13 12.5 0
4416 13.5 12.5 0
4417 14 12.5 0
4418 14.5 12.5 0
4419 15 12.5 0
4420 15.5 12.5 0
4421 16 12.5 0
4422 16.5 12.5 0
4423 17 12.5 0
4424 17.5 12.5 0
4425 18 12.5 0
4426 18.5 12.5 0
4427 19 12.5 0
4428 19.5 12.5 0
4429 20 12.5 0
4430 0 12.75 0
4431 0.1 12.75 0
4432 0.2 12.75 0
4433 0.3 12.75 0
4434 0.4 12.75 0
4435 0.5 12.75 0
4436 0.6 12.75 0
4437 0.7 12.75 0
4438 0.8 12.75 0
4439 0.9 12.75 0
4440 1 12.75 0
4441 1.1 12.75 0
4442 1.2 12.75 0
4443 1.3 12.75 0
4444 1.4 12.75 0
4445 1.5 12.75 0
4446 1.6 12.75 0
4447 1.7 12.75 0
4448 1.8 12.75 0
4449 1.9 12.75 0
4450 2 12.75 0
4451 2.1 12.75 0
4452 2.2 12.75 0
4453 2.3 12.75 0
4454 2.4 12.75 0
4455 2.5 12.75 0
4456 2.6 12.75 0
4457 2.7 12.75 0
4458 2.8 12.75 0
4459 2.9 12.75 0
4460 3 12.75 0
4461 3.1 12.75 0
4462 3.2 12.75 0
4463 3.3 12.75 0
4464 3.4 12.75 0
4465 3.5 12.75 0
4466 3.6 12.75 0
4467 3.7 12.75 0
4468 3.8 12.75 0
4469 3.9 12.75 0
4470 4 12.75 0
4471 4.1 12.75 0
4472 4.2 12.75 0
4473 4.3 12.75 0
4474 4.4 12.75 0
4475 4.5 12.75 0
4476 4.6 12.75 0
4477 4.7 12.75 0
4478 4.8 12.75 0
4479 4.9 12.75 0
4480 5 12.75 0
4481 5.15 12.75 0
4482 5.3 12.75 0
4483 5.45 12.75 0
4484 5.6 12.75 0
4485 5.75 12.75 0
4486 5.9 12.75 0
4487 6.05 12.75 0
4488 6.2 12.75 0
4489 6.35 12.75 0
4490 6.5 12.75 0
4491 6.65 12.75 0
4492 6.8 12.75 0
4493 6.95 12.75 0
4494 7.1 12.75 0
4495 7.25 12.75 0
4496 7.4 12.75 0
4497 7.55 12.75 0
4498 7.7 12.75 0
4499 7.85 12.75 0
4500 8 12.75 0
4501 8.25 12.75 0
4502 8.5 12.75 0
4503 8.75 12.75 0
4504 9 12.75 0
4505 9.25 12.75 0
4506 9.5 12.75 0
4507 9.75 12.75 0
4508 10 12.75 0
4509 10.25 12.75 0
4510 10.5 12.75 0
4511 10.75 12.75 0
4512 11 12.75 0
4513 11.25 12.75 0
4514 11.5 12.75 0
4515 11.75 12.75 0
4516 12 12.75 0
4517 12.5 12.75 0
4518 13 12.75 0
4519 13.5 12.75 0
4520 14 12.75 0
4521 14.5 12.75 0
4522 15 12.75 0
4523 15.5 12.75 0
4524 16 12.75 0
4525 16.5 12.75 0
4526 17 12.75 0
4527 17.5 12.75 0
4528 18 12.75 0
4529 18.5 12.75 0
4530 19 12.75 0
4531 19.5 12.75 0
4532 20 12.75 0
4533 0 13 0
4534 0.1 13 0
4535 0.2 13 0
4536 0.3 13 0
4537 0.4 13 0
4538 0.5 13 0
4539 0.6 13 0
4540 0.7 13 0
4541 0.8 13 0
4542 0.9 13 0
4543 1 13 0
4544 1.1 13 0
4545 1.2 13 0
4546 1.3 13 0
4547 1.4 13 0
4548 1.5 13 0
4549 1.6 13 0
4550 1.7 13 0
4551 1.8 13 0
4552 1.9 13 0
4553 2 13 0
4554 2.1 13 0
4555 2.2 13 0
4556 2.3 13 0
4557 2.4 13 0
4558 2.5 13 0
4559 2.6 13 0
4560 2.7 13 0
4561 2.8 13 0
4562 2.9 13 0
4563 3 13 0
4564 3.1 13 0
4565 3.2 13 0
4566 3.3 13 0
4567 3.4 13 0
4568 3.5 13 0
4569 3.6 13 0
4570 3.7 13 0
4571 3.8 13 0
4572 3.9 13 0
4573 4 13 0
4574 4.1 13 0
4575 4.2 13 0
4576 4.3 13 0
4577 4.4 13 0
4578 4.5 13 0
4579 4.6 13 0
4580 4.7 13 0
4581 4.8 13 0
4582 4.9 13 0
4583 5 13 0
4584 5.15 13 0
4585 5.3 13 0
4586 5.45 13 0
4587 5.6 13 0
4588 5.75 13 0
4589 5.9 13 0
4590 6.05 13 0
4591 6.2 13 0
4592 6.35 13 0
4593 6.5 13 0
4594 6.65 13 0
4595 6.8 13 0
4596 6.95 13 0
4597 7.1 13 0
4598 7.25 13 0
4599 7.4 13 0
4600 7.55 13 0
4601 7.7 13 0
4602 7.85 13 0
4603 8 13 0
4604 8.25 13 0
4605 8.5 13 0
4606 8.75 13 0
4607 9 13 0
4608 9.25 13 0
4609 9.5 13 0
4610 9.75 13 0
4611 10 13 0
4612 10.25 13 0
4613 10.5 13 0
4614 10.75 13 0
4615 11 13 0
4616 11.25 13 0
4617 11.5 13 0
4618 11.75 13 0
4619 12 13 0
4620 12.5 13 0
4621 13 13 0
4622 13.5 13 0
4623 14 13 0
4624 14.5 13 0
4625 15 13 0
4626 15.5 13 0
4627 16 13 0
4628 16.5 13 0
4629 17 13 0
4630 17.5 13 0
4631 18 13 0
4632 18.5 13 0
4633 19 13 0
4634 19.5 13 0
4635 20 13 0
4636 0 13.25 0
4637 0.1 13.25 0
4638 0.2 13.25 0
4639 0.3 13.25 0
4640 0.4 13.25 0
4641 0.5 13.25 0
4642 0.6 13.25 0
4643 0.7 13.25 0
4644 0.8 13.25 0
4645 0.9 13.25 0
4646 1 13.25 0
4647 1.1 13.25 0
4648 1.2 13.25 0
4649 1.3 13.25 0
4650 1.4 13.25 0
4651 1.5 13.25 0
4652 1.6 13.25 0
4653 1.7 13.25 0
4654 1.8 13.25 0
4655 1.9 13.25 0
4656 2 13.25 0
4657 2.1 13.25 0
4658 2.2 13.25 0
4659 2.3 13.25 0
4660 2.4 13.25 0
4661 2.5 13.25 0
4662 2.6 13.25 0
4663 2.7 13.25 0
4664 2.8 13.25 0
4665 2.9 13.25 0
4666 3 13.25 0
4667 3.1 13.25 0
4668 3.2 13.25 0
4669 3.3 13.25 0
4670 3.4 13.25 0
4671 3.5 13.25 0
4672 3.6 13.25 0
4673 3.7 13.25 0
4674 3.8 13.25 0
4675 3.9 13.25 0
4676 4 13.25 0
4677 4.1 13.25 0
4678 4.2 13.25 0
4679 4.3 13.25 0
4680 4.4 13.25 0
4681 4.5 13.25 0
4682 4.6 13.25 0
4683 4.7 13.25 0
4684 4.8 13.25 0
4685 4.9 13.25 0
4686 5 13.25 0
4687 5.15 13.25 0
4688 5.3 13.25 0
4689 5.45 13.25 0
4690 5.6 13.25 0
4691 5.75 13.25 0
4692 5.9 13.25 0
4693 6.05 13.25 0
4694 6.2 13.25 0
4695 6.35 13.25 0
4696 6.5 13.25 0
4697 6.65 13.25 0
4698 6.8 13.25 0
4699 6.95 13.25 0
4700 7.1 13.25 0
4701 7.25 13.25 0
4702 7.4 13.25 0
4703 7.55 13.25 0
4704 7.7 13.25 0
4705 7.85 13.25 0
4706 8 13.25 0
4707 8.25 13.25 0
4708 8.5 13.25 0
4709 8.75 13.25 0
4710 9 13.25 0
4711 9.25 13.25 0
4712 9.5 13.25 0
4713 9.75 13.25 0
4714 10 13.25 0
4715 10.25 13.25 0
4716 10.5 13.25 0
4717 10.75 13.25 0
4718 11 13.25 0
4719 11.25 13.25 0
4720 11.5 13.25 0
4721 11.75 13.25 0
4722 12 13.25 0
4723 12.5 13.25 0
4724 13 13.25 0
4725 13.5 13.25 0
4726 14 13.25 0
4727 14.5 13.25 0
4728 15 13.25 0
4729 15.5 13.25 0
4730 16 13.25 0
4731 16.5 13.25 0
4732 17 13.25 0
4733 17.5 13.25 0
4734 18 13.25 0
4735 18.5 13.25 0
4736 19 13.25 0
4737 19.5 13.25 0
4738 20 13.25 0
4739 0 13.5 0
4740 0.1 13.5 0
4741 0.2 13.5 0
4742 0.3 13.5 0
4743 0.4 13.5 0
4744 0.5 13.5 0
4745 0.6 13.5 0
4746 0.7 13.5 0
4747 0.8 13.5 0
4748 0.9 13.5 0
4749 1 13.5 0
4750 1.1 13.5 0
4751 1.2 13.5 0
4752 1.3 13.5 0
4753 1.4 13.5 0
4754 1.5 13.5 0
4755 1.6 13.5 0
4756 1.7 13.5 0
4757 1.8 13.5 0
4758 1.9 13.5 0
4759 2 13.5 0
4760 2.1 13.5 0
4761 2.2 13.5 0
4762 2.3 13.5 0
4763 2.4 13.5 0
4764 2.5 13.5 0
4765 2.6 13.5 0
4766 2.7 13.5 0
4767 2.8 13.5 0
4768 2.9 13.5 0
4769 3 13.5 0
4770 3.1 13.5 0
4771 3.2 13.5 0
4772 3.3 13.5 0
4773 3.4 13.5 0
4774 3.5 13.5 0
4775 3.6 13.5 0
4776 3.7 13.5 0
4777 3.8 13.5 0
4778 3.9 13.5 0
4779 4 13.5 0
4780 4.1 13.5 0
4781 4.2 13.5 0
4782 4.3 13.5 0
4783 4.4 13.5 0
4784 4.5 13.5 0
4785 4.6 13.5 0
4786 4.7 13.5 0
4787 4.8 13.5 0
4788 4.9 13.5 0
4789 5 13.5 0
4790 5.15 13.5 0
4791 5.3 13.5 0
4792 5.45 13.5 0
4793 5.6 13.5 0
4794 5.75 13.5 0
4795 5.9 13.5 0
4796 6.05 13.5 0
4797 6.2 13.5 0
4798 6.35 13.5 0
4799 6.5 13.5 0
4800 6.65 13.5 0
4801 6.8 13.5 0
4802 6.95 13.5 0
4803 7.1 13.5 0
4804 7.25 13.5 0
4805 7.4 13.5 0
4806 7.55 13.5 0
4807 7.7 13.5 0
4808 7.85 13.5 0
4809 8 13.5 0
4810 8.25 13.5 0
4811 8.5 13.5 0
4812 8.75 13.5 0
4813 9 13.5 0
4814 9.25 13.5 0
4815 9.5 13.5 0
4816 9.75 13.5 0
4817 10 13.5 0
4818 10.25 13.5 0
4819 10.5 13.5 0
4820 10.75 13.5 0
4821 11 13.5 0
4822 11.25 13.5 0
4823 11.5 13.5 0
4824 11.75 13.5 0
4825 12 13.5 0
4826 12.5 13.5 0
4827 13 13.5 0
4828 13.5 13.5 0
4829 14 13.5 0
4830 14.5 13.5 0
4831 15 13.5 0
4832 15.5 13.5 0
4833 16 13.5 0
4834 16.5 13.5 0
4835 17 13.5 0
4836 17.5 13.5 0
4837 18 13.5 0
4838 18.5 13.5 0
4839 19 13.5 0
4840 19.5 13.5 0
4841 20 13.5 0
4842 0 13.75 0
4843 0.1 13.75 0
4844 0.2 13.75 0
4845 0.3 13.75 0
4846 0.4 13.75 0
4847 0.5 13.75 0
4848 0.6 13.75 0
4849 0.7 13.75 0
4850 0.8 13.75 0
4851 0.9 13.75 0
4852 1 13.75 0
4853 1.1 13.75 0
4854 1.2 13.75 0
4855 1.3 13.75 0
4856 1.4 13.75 0
4857 1.5 13.75 0
4858 1.6 13.75 0
4859 1.7 13.75 0
4860 1.8 13.75 0
4861 1.9 13.75 0
4862 2 13.75 0
4863 2.1 13.75 0
4864 2.2 13.75 0
4865 2.3 13.75 0
4866 2.4 13.75 0
4867 2.5 13.75 0
4868 2.6 13.75 0
4869 2.7 13.75 0
4870 2.8 13.75 0
4871 2.9 13.75 0
4872 3 13.75 0
4873 3.1 13.75 0
4874 3.2 13.75 0
4875 3.3 13.75 0
4876 3.4 13.75 0
4877 3.5 13.75 0
4878 3.6 13.75 0
4879 3.7 13.75 0
4880 3.8 13.75 0
4881 3.9 13.75 0
4882 4 13.75 0
4883 4.1 13.75 0
4884 4.2 13.75 0
4885 4.3 13.75 0
4886 4.4 13.75 0
4887 4.5 13.75 0
4888 4.6 13.75 0
4889 4.7 13.75 0
4890 4.8 13.75 0
4891 4.9 13.75 0
4892 5 13.75 0
4893 5.15 13.75 0
4894 5.3 13.75 0
4895 5.45 13.75 0
4896 5.6 13.75 0
4897 5.75 13.75 0
4898 5.9 13.75 0
4899 6.05 13.75 0
4900 6.2 13.75 0
4901 6.35 13.75 0
4902 6.5 13.75 0
4903 6.65 13.75 0
4904 6.8 13.75 0
4905 6.95 13.75 0
4906 7.1 13.75 0
4907 7.25 13.75 0
4908 7.4 13.75 0
4909 7.55 13.75 0
4910 7.7 13.75 0
4911 7.85 13.75 0
4912 8 13.75 0
4913 8.25 13.75 0
4914 8.5 13.75 0
4915 8.75 13.75 0
4916 9 13.75 0
4917 9.25 13.75 0
4918 9.5 13.75 0
4919 9.75 13.75 0
4920 10 13.75 0
4921 10.25 13.75 0
4922 10.5 13.75 0
4923 10.75 13.75 0
4924 11 13.75 0
4925 11.25 13.75 0
4926 11.5 13.75 0
4927 11.75 13.75 0
4928 12 13.75 0
4929 12.5 13.75 0
4930 13 13.75 0
4931 13.5 13.75 0
4932 14 13.75 0
4933 14.5 13.75 0
4934 15 13.75 0
4935 15.5 13.75 0
4936 16 13.75 0
4937 16.5 13.75 0
4938 17 13.75 0
4939 17.5 13.75 0
4940 18 13.75 0
4941 18.5 13.75 0
4942 19 13.75 0
4943 19.5 13.75 0
4944 20 13.75 0
4945 0 14 0
4946 0.1 14 0
4947 0.2 14 0
4948 0.3 14 0
4949 0.4 14 0
4950 0.5 14 0
4951 0.6 14 0
4952 0.7 14 0
4953 0.8 14 0
4954 0.9 14 0
4955 1 14 0
4956 1.1 14 0
4957 1.2 14 0
4958 1.3 14 0
4959 1.4 14 0
4960 1.5 14 0
4961 1.6 14 0
4962 1.7 14 0
4963 1.8 14 0
4964 1.9 14 0
4965 2 14 0
4966 2.1 14 0
4967 2.2 14 0
4968 2.3 14 0
4969 2.4 14 0
4970 2.5 14 0
4971 2.6 14 0
4972 2.7 14 0
4973 2.8 14 0
4974 2.9 14 0
4975 3 14 0
4976 3.1 14 0
4977 3.2 14 0
4978 3.3 14 0
4979 3.4 14 0
4980 3.5 14 0
4981 3.6 14 0
4982 3.7 14 0
4983 3.8 14 0
4984 3.9 14 0
4985 4 14 0
4986 4.1 14 0
4987 4.2 14 0
4988 4.3 14 0
4989 4.4 14 0
4990 4.5 14 0
4991 4.6 14 0
4992 4.7 14 0
4993 4.8 14 0
4994 4.9 14 0
4995 5 14 0
4996 5.15 14 0
4997 5.3 14 0
4998 5.45 14 0
4999 5.6 14 0
5000 5.75 14 0
5001 5.9 14 0
5002 6.05 14 0
5003 6.2 14 0
5004 6.35 14 0
5005 6.5 14 0
5006 6.65 14 0
5007 6.8 14 0
5008 6.95 14 0
5009 7.1 14 0
5010 7.25 14 0
5011 7.4 14 0
5012 7.55 14 0
5013 7.7 14 0
5014 7.85 14 0
5015 8 14 0
5016 8.25 14 0
5017 8.5 14 0
5018 8.75 14 0
5019 9 14 0
5020 9.25 14 0
5021 9.5 14 0
5022 9.75 14 0
5023 10 14 0
5024 10.25 14 0
5025 10.5 14 0
5026 10.75 14 0
5027 11 14 0
5028 11.25 14 0
5029 11.5 14 0
5030 11.75 14 0
5031 12 14 0
5032 12.5 14 0
5033 13 14 0
5034 13.5 14 0
5035 14 14 0
5036 14.5 14 0
5037 15 14 0
5038 15.5 14 0
5039 16 14 0
5040 16.5 14 0
5041 17 14 0
5042 17.5 14 0
5043 18 14 0
5044 18.5 14 0
5045 19 14 0
5046 19.5 14 0
5047 20 14 0
5048 0 14.25 0
5049 0.1 14.25 0
5050 0.2 14.25 0
5051 0.3 14.25 0
5052 0.4 14.25 0
5053 0.5 14.25 0
5054 0.6 14.25 0
5055 0.7 14.25 0
5056 0.8 14.25 0
5057 0.9 14.25 0
5058 1 14.25 0
5059 1.1 14.25 0
5060 1.2 14.25 0
5061 1.3 14.25 0
5062 1.4 14.25 0
5063 1.5 14.25 0
5064 1.6 14.25 0
5065 1.7 14.25 0
5066 1.8 14.25 0
5067 1.9 14.25 0
5068 2 14.25 0
5069 2.1 14.25 0
5070 2.2 14.25 0
5071 2.3 14.25 0
5072 2.4 14.25 0
5073 2.5 14.25 0
5074 2.6 14.25 0
5075 2.7 14.25 0
5076 2.8 14.25 0
5077 2.9 14.25 0
5078 3 14.25 0
5079 3.1 14.25 0
5080 3.2 14.25 0
5081 3.3 14.25 0
5082 3.4 14.25 0
5083 3.5 14.25 0
5084 3.6 14.25 0
5085 3.7 14.25 0
5086 3.8 14.25 0
5087 3.9 14.25 0
5088 4 14.25 0
5089 4.1 14.25 0
5090 4.2 14.25 0
5091 4.3 14.25 0
5092 4.4 14.25 0
5093 4.5 14.25 0
5094 4.6 14.25 0
5095 4.7 14.25 0
5096 4.8 14.25 0
5097 4.9 14.25 0
5098 5 14.25 0
5099 5.15 14.25 0
5100 5.3 14.25 0
5101 5.45 14.25 0
5102 5.6 14.25 0
5103 5.75 14.25 0
5104 5.9 14.25 0
5105 6.05 14.25 0
5106 6.2 14.25 0
5107 6.35 14.25 0
5108 6.5 14.25 0
5109 6.65 14.25 0
5110 6.8 14.25 0
5111 6.95 14.25 0
5112 7.1 14.25 0
5113 7.25 14.25 0
5114 7.4 14.25 0
5115 7.55 14.25 0
5116 7.7 14.25 0
5117 7.85 14.25 0
5118 8 14.25 0
5119 8.25 14.25 0
5120 8.5 14.25 0
5121 8.75 14.25 0
5122 9 14.25 0
5123 9.25 14.25 0
5124 9.5 14.25 0
5125 9.75 14.25 0
5126 10 14.25 0
5127 10.25 14.25 0
5128 10.5 14.25 0
5129 10.75 14.25 0
5130 11 14.25 0
5131 11.25 14.25 0
5132 11.5 14.25 0
5133 11.75 14.25 0
5134 12 14.25 0
5135 12.5 14.25 0
5136 13 14.25 0
5137 13.5 14.25 0
5138 14 14.25 0
5139 14.5 14.25 0
5140 15 14.25 0
5141 15.5 14.25 0
5142 16 14.25 0
5143 16.5 14.25 0
5144 17 14.25 0
5145 17.5 14.25 0
5146 18 14.25 0
5147 18.5 14.25 0
5148 19 14.25 0
5149 19.5 14.25 0
5150 20 14.25 0
5151 0 14.5 0
5152 0.1 14.5 0
5153 0.2 14.5 0
5154 0.3 14.5 0
5155 0.4 14.5 0
5156 0.5 14.5 0
5157 0.6 14.5 0
5158 0.7 14.5 0
5159 0.8 14.5 0
5160 0.9 14.5 0
5161 1 14.5 0
5162 1.1 14.5 0
5163 1.2 14.5 0
5164 1.3 14.5 0
5165 1.4 14.5 0
5166 1.5 14.5 0
5167 1.6 14.5 0
5168 1.7 14.5 0
5169 1.8 14.5 0
5170 1.9 14.5 0
5171 2 14.5 0
5172 2.1 14.5 0
5173 2.2 14.5 0
5174 2.3 14.5 0
5175 2.4 14.5 0
5176 2.5 14.5 0
5177 2.6 14.5 0
5178 2.7 14.5 0
5179 2.8 14.5 0
5180 2.9 14.5 0
5181 3 14.5 0
5182 3.1 14.5 0
5183 3.2 14.5 0
5184 3.3 14.5 0
5185 3.4 14.5 0
5186 3.5 14.5 0
5187 3.6 14.5 0
5188 3.7 14.5 0
5189 3.8 14.5 0
5190 3.9 14.5 0
5191 4 14.5 0
5192 4.1 14.5 0
5193 4.2 14.5 0
5194 4.3 14.5 0
5195 4.4 14.5 0
5196 4.5 14.5 0
5197 4.6 14.5 0
5198 4.7 14.5 0
5199 4.8 14.5 0
5200 4.9 14.5 0
5201 5 14.5 0
5202 5.15 14.5 0
5203 5.3 14.5 0
5204 5.45 14.5 0
5205 5.6 14.5 0
5206 5.75 14.5 0
5207 5.9 14.5 0
5208 6.05 14.5 0
5209 6.2 14.5 0
5210 6.35 14.5 0
5211 6.5 14.5 0
5212 6.65 14.5 0
5213 6.8 14.5 0
5214 6.95 14.5 0
5215 7.1 14.5 0
5216 7.25 14.5 0
5217 7.4 14.5 0
5218 7.55 14.5 0
5219 7.7 14.5 0
5220 7.85 14.5 0
5221 8 14.5 0
5222 8.25 14.5 0
5223 8.5 14.5 0
5224 8.75 14.5 0
5225 9 14.5 0
5226 9.25 14.5 0
5227 9.5 14.5 0
5228 9.75 14.5 0
5229 10 14.5 0
5230 10.25 14.5 0
5231 10.5 14.5 0
5232 10.75 14.5 0
5233 11 14.5 0
5234 11.25 14.5 0
5235 11.5 14.5 0
5236 11.75 14.5 0
5237 12 14.5 0
5238 12.5 14.5 0
5239 13 14.5 0
5240 13.5 14.5 0
5241 14 14.5 0
5242 14.5 14.5 0
5243 15 14.5 0
5244 15.5 14.5 0
5245 16 14.5 0
5246 16.5 14.5 0
5247 17 14.5 0
5248 17.5 14.5 0
5249 18 14.5 0
5250 18.5 14.5 0
5251 19 14.5 0
5252 19.5 14.5 0
5253 20 14.5 0
5254 0 14.75 0
5255 0.1 14.75 0
5256 0.2 14.75 0
5257 0.3 14.75 0
5258 0.4 14.75 0
5259 0.5 14.75 0
5260 0.6 14.75 0
5261 0.7 14.75 0
5262 0.8 14.75 0
5263 0.9 14.75 0
5264 1 14.75 0
5265 1.1 14.75 0
5266 1.2 14.75 0
5267 1.3 14.75 0
5268 1.4 14.75 0
5269 1.5 14.75 0
5270 1.6 14.75 0
5271 1.7 14.75 0
5272 1.8 14.75 0
5273 1.9 14.75 0
5274 2 14.75 0
5275 2.1 14.75 0
5276 2.2 14.75 0
5277 2.3 14.75 0
5278 2.4 14.75 0
5279 2.5 14.75 0
5280 2.6 14.75 0
5281 2.7 14.75 0
5282 2.8 14.75 0
5283 2.9 14.75 0
5284 3 14.75 0
5285 3.1 14.75 0
5286 3.2 14.75 0
5287 3.3 14.75 0
5288 3.4 14.75 0
5289 3.5 14.75 0
5290 3.6 14.75 0
5291 3.7 14.75 0
5292 3.8 14.75 0
5293 3.9 14.75 0
5294 4 14.75 0
5295 4.1 14.75 0
5296 4.2 14.75 0
5297 4.3 14.75 0
5298 4.4 14.75 0
5299 4.5 14.75 0
5300 4.6 14.75 0
5301 4.7 14.75 0
5302 4.8 14.75 0
5303 4.9 14.75 0
5304 5 14.75 0
5305 5.15 14.75 0
5306 5.3 14.75 0
5307 5.45 14.75 0
5308 5.6 14.75 0
5309 5.75 14.75 0
5310 5.9 14.75 0
5311 6.05 14.75 0
5312 6.2 14.75 0
5313 6.35 14.75 0
5314 6.5 14.75 0
5315 6.65 14.75 0
5316 6.8 14.75 0
5317 6.95 14.75 0
5318 7.1 14.75 0
5319 7.25 14.75 0
5320 7.4 14.75 0
5321 7.55 14.75 0
5322 7.7 14.75 0
5323 7.85 14.75 0
5324 8 14.75 0
5325 8.25 14.75 0
5326 8.5 14.75 0
5327 8.75 14.75 0
5328 9 14.75 0
5329 9.25 14.75 0
5330 9.5 14.75 0
5331 9.75 14.75 0
5332 10 14.75 0
5333 10.25 14.75 0
5334 10.5 14.75 0
5335 10.75 14.75 0
5336 11 14.75 0
5337 11.25 14.75 0
5338 11.5 14.75 0
5339 11.75 14.75 0
5340 12 14.75 0
5341 12.5 14.75 0
5342 13 14.75 0
5343 13.5 14.75 0
5344 14 14.75 0
5345 14.5 14.75 0
5346 15 14.75 0
5347 15.5 14.75 0
5348 16 14.75 0
5349 16.5 14.75 0
5350 17 14.75 0
5351 17.5 14.75 0
5352 18 14.75 0
5353 18.5 14.75 0
5354 19 14.75 0
5355 19.5 14.75 0
5356 20 14.75 0
5357 0 15 0
5358 0.1 15 0
5359 0.2 15 0
5360 0.3 15 0
5361 0.4 15 0
5362 0.5 15 0
5363 0.6 15 0
5364 0.7 15 0
5365 0.8 15 0
5366 0.9 15 0
5367 1 15 0
5368 1.1 15 0
5369 1.2 15 0
5370 1.3 15 0
5371 1.4 15 0
5372 1.5 15 0
5373 1.6 15 0
5374 1.7 15 0
5375 1.8 15 0
5376 1.9 15 0
5377 2 15 0
5378 2.1 15 0
5379 2.2 15 0
5380 2.3 15 0
5381 2.4 15 0
5382 2.5 15 0
5383 2.6 15 0
5384 2.7 15 0
5385 2.8 15 0
5386 2.9 15 0
5387 3 15 0
5388 3.1 15 0
5389 3.2 15 0
5390 3.3 15 0
5391 3.4 15 0
5392 3.5 15 0
5393 3.6 15 0
5394 3.7 15 0
5395 3.8 15 0
5396 3.9 15 0
5397 4 15 0
5398 4.1 15 0
5399 4.2 15 0
5400 4.3 15 0
5401 4.4 15 0
5402 4.5 15 0
5403 4.6 15 0
5404 4.7 15 0
5405 4.8 15 0
5406 4.9 15 0
5407 5 15 0
5408 5.15 15 0
5409 5.3 15 0
5410 5.45 15 0
5411 5.6 15 0
5412 5.75 15 0
5413 5.9 15 0
5414 6.05 15 0
5415 6.2 15 0
5416 6.35 15 0
5417 6.5 15 0
5418 6.65 15 0
5419 6.8 15 0
5420 6.95 15 0
5421 7.1 15 0
5422 7.25 15 0
5423 7.4 15 0
5424 7.55 15 0
5425 7.7 15 0
5426 7.85 15 0
5427 8 15 0
5428 8.25 15 0
5429 8.5 15 0
5430 8.75 15 0
5431 9 15 0
5432 9.25 15 0
5433 9.5 15 0
5434 9.75 15 0
5435 10 15 0
5436 10.25 15 0
5437 10.5 15 0
5438 10.75 15 0
5439 11 15 0
5440 11.25 15 0
5441 11.5 15 0
5442 11.75 15 0
5443 12 15 0
5444 12.5 15 0
5445 13 15 0
5446 13.5 15 0
5447 14 15 0
5448 14.5 15 0
5449 15 15 0
5450 15.5 15 0
5451 16 15 0
5452 16.5 15 0
5453 17 15 0
5454 17.5 15 0
5455 18 15 0
5456 18.5 15 0
5457 19 15 0
5458 19.5 15 0
5459 20 15 0
5460 0 15.25 0
5461 0.1 15.25 0
5462 0.2 15.25 0
5463 0.3 15.25 0
5464 0.4 15.25 0
5465 0.5 15.25 0
5466 0.6 15.25 0
5467 0.7 15.25 0
5468 0.8 15.25 0
5469 0.9 15.25 0
5470 1 15.25 0
5471 1.1 15.25 0
5472 1.2 15.25 0
5473 1.3 15.25 0
5474 1.4 15.25 0
5475 1.5 15.25 0
5476 1.6 15.25 0
5477 1.7 15.25 0
5478 1.8 15.25 0
5479 1.9 15.25 0
5480 2 15.25 0
5481 2.1 15.25 0
5482 2.2 15.25 0
5483 2.3 15.25 0
5484 2.4 15.25 0
5485 2.5 15.25 0
5486 2.6 15.25 0
5487 2.7 15.25 0
5488 2.8 15.25 0
5489 2.9 15.25 0
5490 3 15.25 0
5491 3.1 15.25 0
5492 3.2 15.25 0
5493 3.3 15.25 0
5494 3.4 15.25 0
5495 3.5 15.25 0
5496 3.6 15.25 0
5497 3.7 15.25 0
5498 3.8 15.25 0
5499 3.9 15.25 0
5500 4 15.25 0
5501 4.1 15.25 0
5502 4.2 15.25 0
5503 4.3 15.25 0
5504 4.4 15.25 0
5505 4.5 15.25 0
5506 4.6 15.25 0
5507 4.7 15.25 0
5508 4.8 15.25 0
5509 4.9 15.25 0
5510 5 15.25 0
5511 5.15 15.25 0
5512 5.3 15.25 0
5513 5.45 15.25 0
5514 5.6 15.25 0
5515 5.75 15.25 0
5516 5.9 15.25 0
5517 6.05 15.25 0
5518 6.2 15.25 0
5519 6.35 15.25 0
5520 6.5 15.25 0
5521 6.65 15.25 0
5522 6.8 15.25 0
5523 6.95 15.25 0
5524 7.1 15.25 0
5525 7.25 15.25 0
5526 7.4 15.25 0
5527 7.55 15.25 0
5528 7.7 15.25 0
5529 7.85 15.25 0
5530 8 15.25 0
5531 8.25 15.25 0
5532 8.5 15.25 0
5533 8.75 15.25 0
5534 9 15.25 0
5535 9.25 15.25 0
5536 9.5 15.25 0
5537 9.75 15.25 0
5538 10 15.25 0
5539 10.25 15.25 0
5540 10.5 15.25 0
5541 10.75 15.25 0
5542 11 15.25 0
5543 11.25 15.25 0
5544 11.5 15.25 0
5545 11.75 15.25 0
5546 12 15.25 0
5547 12.5 15.25 0
5548 13 15.25 0
5549 13.5 15.25 0
5550 14 15.25 0
5551 14.5 15.25 0
5552 15 15.25 0
5553 15.5 15.25 0
5554 16 15.25 0
5555 16.5 15.25 0
5556 17 15.25 0
5557 17.5 15.25 0
5558 18 15.25 0
5559 18.5 15.25 0
5560 19 15.25 0
5561 19.5 15.25 0
5562 20 15.25 0
5563 0 15.5 0
5564 0.1 15.5 0
5565 0.2 15.5 0
5566 0.3 15.5 0
5567 0.4 15.5 0
5568 0.5 15.5 0
5569 0.6 15.5 0
5570 0.7 15.5 0
5571 0.8 15.5 0
5572 0.9 15.5 0
5573 1 15.5 0
5574 1.1 15.5 0
5575 1.2 15.5 0
5576 1.3 15.5 0
5577 1.4 15.5 0
5578 1.5 15.5 0
5579 1.6 15.5 0
5580 1.7 15.5 0
5581 1.8 15.5 0
5582 1.9 15.5 0
5583 2 15.5 0
5584 2.1 15.5 0
5585 2.2 15.5 0
5586 2.3 15.5 0
5587 2.4 15.5 0
5588 2.5 15.5 0
5589 2.6 15.5 0
5590 2.7 15.5 0
5591 2.8 15.5 0
5592 2.9 15.5 0
5593 3 15.5 0
5594 3.1 15.5 0
5595 3.2 15.5 0
5596 3.3 15.5 0
5597 3.4 15.5 0
5598 3.5 15.5 0
5599 3.6 15.5 0
5600 3.7 15.5 0
5601 3.8 15.5 0
5602 3.9 15.5 0
5603 4 15.5 0
5604 4.1 15.5 0
5605 4.2 15.5 0
5606 4.3 15.5 0
5607 4.4 15.5 0
5608 4.5 15.5 0
5609 4.6 15.5 0
5610 4.7 15.5 0
5611 4.8 15.5 0
5612 4.9 15.5 0
5613 5 15.5 0
5614 5.15 15.5 0
5615 5.3 15.5 0
5616 5.45 15.5 0
5617 5.6 15.5 0
5618 5.75 15.5 0
5619 5.9 15.5 0
5620 6.05 15.5 0
5621 6.2 15.5 0
5622 6.35 15.5 0
5623 6.5 15.5 0
5624 6.65 15.5 0
5625 6.8 15.5 0
5626 6.95 15.5 0
5627 7.1 15.5 0
5628 7.25 15.5 0
5629 7.4 15.5 0
5630 7.55 15.5 0
5631 7.7 15.5 0
5632 7.85 15.5 0
5633 8 15.5 0
5634 8.25 15.5 0
5635 8.5 15.5 0
5636 8.75 15.5 0
5637 9 15.5 0
5638 9.25 15.5 0
5639 9.5 15.5 0
5640 9.75 15.5 0
5641 10 15.5 0
5642 10.25 15.5 0
5643 10.5 15.5 0
5644 10.75 15.5 0
5645 11 15.5 0
5646 11.25 15.5 0
5647 11.5 15.5 0
5648 11.75 15.5 0
5649 12 15.5 0
5650 12.5 15.5 0
5651 13 15.5 0
5652 13.5 15.5 0
5653 14 15.5 0
5654 14.5 15.5 0
5655 15 15.5 0
5656 15.5 15.5 0
5657 16 15.5 0
5658 16.5 15.5 0
5659 17 15.5 0
5660 17.5 15.5 0
5661 18 15.5 0
5662 18.5 15.5 0
5663 19 15.5 0
5664 19.5 15.5 0
5665 20 15.5 0
5666 0 15.75 0
5667 0.1 15.75 0
5668 0.2 15.75 0
5669 0.3 15.75 0
5670 0.4 15.75 0
5671 0.5 15.75 0
5672 0.6 15.75 0
5673 0.7 15.75 0
5674 0.8 15.75 0
5675 0.9 15.75 0
5676 1 15.75 0
5677 1.1 15.75 0
5678 1.2 15.75 0
5679 1.3 15.75 0
5680 1.4 15.75 0
5681 1.5 15.75 0
5682 1.6 15.75 0
5683 1.7 15.75 0
5684 1.8 15.75 0
5685 1.9 15.75 0
5686 2 15.75 0
5687 2.1 15.75 0
5688 2.2 15.75 0
5689 2.3 15.75 0
5690 2.4 15.75 0
5691 2.5 15.75 0
5692 2.6 15.75 0
5693 2.7 15.75 0
5694 2.8 15.75 0
5695 2.9 15.75 0
5696 3 15.75 0
5697 3.1 15.75 0
5698 3.2 15.75 0
5699 3.3 15.75 0
5700 3.4 15.75 0
5701 3.5 15.75 0
5702 3.6 15.75 0
5703 3.7 15.75 0
5704 3.8 15.75 0
5705 3.9 15.75 0
5706 4 15.75 0
5707 4.1 15.75 0
5708 4.2 15.75 0
5709 4.3 15.75 0
5710 4.4 15.75 0
5711 4.5 15.75 0
5712 4.6 15.75 0
5713 4.7 15.75 0
5714 4.8 15.75 0
5715 4.9 15.75 0
5716 5 15.75 0
5717 5.15 15.75 0
5718 5.3 15.75 0
5719 5.45 15.75 0
5720 5.6 15.75 0
5721 5.75 15.75 0
5722 5.9 15.75 0
5723 6.05 15.75 0
5724 6.2 15.75 0
5725 6.35 15.75 0
5726 6.5 15.75 0
5727 6.65 15.75 0
5728 6.8 15.75 0
5729 6.95 15.75 0
5730 7.1 15.75 0
5731 7.25 15.75 0
5732 7.4 15.75 0
5733 7.55 15.75 0
5734 7.7 15.75 0
5735 7.85 15.75 0
5736 8 15.75 0
5737 8.25 15.75 0
5738 8.5 15.75 0
5739 8.75 15.75 0
5740 9 15.75 0
5741 9.25 15.75 0
5742 9.5 15.75 0
5743 9.75 15.75 0
5744 10 15.75 0
5745 10.25 15.75 0
5746 10.5 15.75 0
5747 10.75 15.75 0
5748 11 15.75 0
5749 11.25 15.75 0
5750 11.5 15.75 0
5751 11.75 15.75 0
5752 12 15.75 0
5753 12.5 15.75 0
5754 13 15.75 0
5755 13.5 15.75 0
5756 14 15.75 0
5757 14.5 15.75 0
5758 15 15.75 0
5759 15.5 15.75 0
5760 16 15.75 0
5761 16.5 15.75 0
5762 17 15.75 0
5763 17.5 15.75 0
5764 18 15.75 0
5765 18.5 15.75 0
5766 19 15.75 0
5767 19.5 15.75 0
5768 20 15.75 0
5769 0 16 0
5770 0.1 16 0
5771 0.2 16 0
5772 0.3 16 0
5773 0.4 16 0
5774 0.5 16 0
5775 0.6 16 0
5776 0.7 16 0
5777 0.8 16 0
5778 0.9 16 0
5779 1 16 0
5780 1.1 16 0
5781 1.2 16 0
5782 1.3 16 0
5783 1.4 16 0
5784 1.5 16 0
5785 1.6 16 0
5786 1.7 16 0
5787 1.8 16 0
5788 1.9 16 0
5789 2 16 0
5790 2.1 16 0
5791 2.2 16 0
5792 2.3 16 0
5793 2.4 16 0
5794 2.5 16 0
5795 2.6 16 0
5796 2.7 16 0
5797 2.8 16 0
5798 2.9 16 0
5799 3 16 0
5800 3.1 16 0
5801 3.2 16 0
5802 3.3 16 0
5803 3.4 16 0
5804 3.5 16 0
5805 3.6 16 0
5806 3.7 16 0
5807 3.8 16 0
5808 3.9 16 0
5809 4 16 0
5810 4.1 16 0
5811 4.2 16 0
5812 4.3 16 0
5813 4.4 16 0
5814 4.5 16 0
5815 4.6 16 0
5816 4.7 16 0
5817 4.8 16 0
5818 4.9 16 0
5819 5 16 0
5820 5.15 16 0
5821 5.3 16 0
5822 5.45 16 0
5823 5.6 16 0
5824 5.75 16 0
5825 5.9 16 0
5826 6.05 16 0
5827 6.2 16 0
5828 6.35 16 0
5829 6.5 16 0
5830 6.65 16 0
5831 6.8 16 0
5832 6.95 16 0
5833 7.1 16 0
5834 7.25 16 0
5835 7.4 16 0
5836 7.55 16 0
5837 7.7 16 0
5838 7.85 16 0
5839 8 16 0
5840 8.25 16 0
5841 8.5 16 0
5842 8.75 16 0
5843 9 16 0
5844 9.25 16 0
5845 9.5 16 0
5846 9.75 16 0
5847 10 16 0
5848 10.25 16 0
5849 10.5 16 0
5850 10.75 16 0
5851 11 16 0
5852 11.25 16 0
5853 11.5 16 0
5854 11.75 16 0
5855 12 16 0
5856 12.5 16 0
5857 13 16 0
5858 13.5 16 0
5859 14 16 0
5860 14.5 16 0
5861 15 16 0
5862 15.5 16 0
5863 16 16 0
5864 16.5 16 0
5865 17 16 0
5866 17.5 16 0
5867 18 16 0
5868 18.5 16 0
5869 19 16 0
5870 19.5 16 0
5871 20 16 0
5872 0 16.25 0
5873 0.1 16.25 0
5874 0.2 16.25 0
5875 0.3 16.25 0
5876 0.4 16.25 0
5877 0.5 16.25 0
5878 0.6 16.25 0
5879 0.7 16.25 0
5880 0.8 16.25 0
5881 0.9 16.25 0
5882 1 16.25 0
5883 1.1 16.25 0
5884 1.2 16.25 0
5885 1.3 16.25 0
5886 1.4 16.25 0
5887 1.5 16.25 0
5888 1.6 16.25 0
5889 1.7 16.25 0
5890 1.8 16.25 0
5891 1.9 16.25 0
5892 2 16.25 0
5893 2.1 16.25 0
5894 2.2 16.25 0
5895 2.3 16.25 0
5896 2.4 16.25 0
5897 2.5 16.25 0
5898 2.6 16.25 0
5899 2.7 16.25 0
5900 2.8 16.25 0
5901 2.9 16.25 0
5902 3 16.25 0
5903 3.1 16.25 0
5904 3.2 16.25 0
5905 3.3 16.25 0
5906 3.4 16.25 0
5907 3.5 16.25 0
5908 3.6 16.25 0
5909 3.7 16.25 0
5910 3.8 16.25 0
5911 3.9 16.25 0
5912 4 16.25 0
5913 4.1 16.25 0
5914 4.2 16.25 0
5915 4.3 16.25 0
5916 4.4 16.25 0
5917 4.5 16.25 0
5918 4.6 16.25 0
5919 4.7 16.25 0
5920 4.8 16.25 0
5921 4.9 16.25 0
5922 5 16.25 0
5923 5.15 16.25 0
5924 5.3 16.25 0
5925 5.45 16.25 0
5926 5.6 16.25 0
5927 5.75 16.25 0
5928 5.9 16.25 0
5929 6.05 16.25 0
5930 6.2 16.25 0
5931 6.35 16.25 0
5932 6.5 16.25 0
5933 6.65 16.25 0
5934 6.8 16.25 0
5935 6.95 16.25 0
5936 7.1 16.25 0
5937 7.25 16.25 0
5938 7.4 16.25 0
5939 7.55 16.25 0
5940 7.7 16.25 0
5941 7.85 16.25 0
5942 8 16.25 0
5943 8.25 16.25 0
5944 8.5 16.25 0
5945 8.75 16.25 0
5946 9 16.25 0
5947 9.25 16.25 0
5948 9.5 16.25 0
5949 9.75 16.25 0
5950 10 16.25 0
5951 10.25 16.25 0
5952 10.5 16.25 0
5953 10.75 16.25 0
5954 11 16.25 0
5955 11.25 16.25 0
5956 11.5 16.25 0
5957 11.75 16.25 0
5958 12 16.25 0
5959 12.5 16.25 0
5960 13 16.25 0
5961 13.5 16.25 0
5962 14 16.25 0
5963 14.5 16.25 0
5964 15 16.25 0
5965 15.5 16.25 0
5966 16 16.25 0
5967 16.5 16.25 0
5968 17 16.25 0
5969 17.5 16.25 0
5970 18 16.25 0
5971 18.5 16.25 0
5972 19 16.25 0
5973 19.5 16.25 0
5974 20 16.25 0
5975 0 16.5 0
5976 0.1 16.5 0
5977 0.2 16.5 0
5978 0.3 16.5 0
5979 0.4 16.5 0
5980 0.5 16.5 0
5981 0.6 16.5 0
5982 0.7 16.5 0
5983 0.8 16.5 0
5984 0.9 16.5 0
5985 1 16.5 0
5986 1.1 16.5 0
5987 1.2 16.5 0
5988 1.3 16.5 0
5989 1.4 16.5 0
5990 1.5 16.5 0
5991 1.6 16.5 0
5992 1.7 16.5 0
5993 1.8 16.5 0
5994 1.9 16.5 0
5995 2 16.5 0
5996 2.1 16.5 0
5997 2.2 16.5 0
5998 2.3 16.5 0
5999 2.4 16.5 0
6000 2.5 16.5 0
6001 2.6 16.5 0
6002 2.7 16.5 0
6003 2.8 16.5 0
6004 2.9 16.5 0
6005 3 16.5 0
6006 3.1 16.5 0
6007 3.2 16.5 0
6008 3.3 16.5 0
6009 3.4 16.5 0
6010 3.5 16.5 0
6011 3.6 16.5 0
6012 3.7 16.5 0
6013 3.8 16.5 0
6014 3.9 16.5 0
6015 4 16.5 0
6016 4.1 16.5 0
6017 4.2 16.5 0
6018 4.3 16.5 0
6019 4.4 16.5 0
6020 4.5 16.5 0
6021 4.6 16.5 0
6022 4.7 16.5 0
6023 4.8 16.5 0
6024 4.9 16.5 0
6025 5 16.5 0
6026 5.15 16.5 0
6027 5.3 16.5 0
6028 5.45 16.5 0
6029 5.6 16.5 0
6030 5.75 16.5 0
6031 5.9 16.5 0
6032 6.05 16.5 0
6033 6.2 16.5 0
6034 6.35 16.5 0
6035 6.5 16.5 0
6036 6.65 16.5 0
6037 6.8 16.5 0
6038 6.95 16.5 0
6039 7.1 16.5 0
6040 7.25 16.5 0
6041 7.4 16.5 0
6042 7.55 16.5 0
6043 7.7 16.5 0
6044 7.85 16.5 0
6045 8 16.5 0
6046 8.25 16.5 0
6047 8.5 16.5 0
6048 8.75 16.5 0
6049 9 16.5 0
6050 9.25 16.5 0
6051 9.5 16.5 0
6052 9.75 16.5 0
6053 10 16.5 0
6054 10.25 16.5 0
6055 10.5 16.5 0
6056 10.75 16.5 0
6057 11 16.5 0
6058 11.25 16.5 0
6059 11.5 16.5 0
6060 11.75 16.5 0
6061 12 16.5 0
6062 12.5 16.5 0
6063 13 16.5 0
6064 13.5 16.5 0
6065 14 16.5 0
6066 14.5 16.5 0
6067 15 16.5 0
6068 15.5 16.5 0
6069 16 16.5 0
6070 16.5 16.5 0
6071 17 16.5 0
6072 17.5 16.5 0
6073 18 16.5 0
6074 18.5 16.5 0
6075 19 16.5 0
6076 19.5 16.5 0
6077 20 16.5 0
6078 0 16.75 0
6079 0.1 16.75 0
6080 0.2 16.75 0
6081 0.3 16.75 0
6082 0.4 16.75 0
6083 0.5 16.75 0
6084 0.6 16.75 0
6085 0.7 16.75 0
6086 0.8 16.75 0
6087 0.9 16.75 0
6088 1 16.75 0
6089 1.1 16.75 0
6090 1.2 16.75 0
6091 1.3 16.75 0
6092 1.4 16.75 0
6093 1.5 16.75 0
6094 1.6 16.75 0
6095 1.7 16.75 0
6096 1.8 16.75 0
6097 1.9 16.75 0
6098 2 16.75 0
6099 2.1 16.75 0
6100 2.2 16.75 0
6101 2.3 16.75 0
6102 2.4 16.75 0
6103 2.5 16.75 0
6104 2.6 16.75 0
6105 2.7 16.75 0
6106 2.8 16.75 0
6107 2.9 16.75 0
6108 3 16.75 0
6109 3.1 16.75 0
6110 3.2 16.75 0
6111 3.3 16.75 0
6112 3.4 16.75 0
6113 3.5 16.75 0
6114 3.6 16.75 0
6115 3.7 16.75 0
6116 3.8 16.75 0
6117 3.9 16.75 0
6118 4 16.75 0
6119 4.1 16.75 0
6120 4.2 16.75 0
6121 4.3 16.75 0
6122 4.4 16.75 0
6123 4.5 16.75 0
6124 4.6 16.75 0
6125 4.7 16.75 0
6126 4.8 16.75 0
6127 4.9 16.75 0
6128 5 16.75 0
6129 5.15 16.75 0
6130 5.3 16.75 0
6131 5.45 16.75 0
6132 5.6 16.75 0
6133 5.75 16.75 0
6134 5.9 16.75 0
6135 6.05 16.75 0
6136 6.2 16.75 0
6137 6.35 16.75 0
6138 6.5 16.75 0
6139 6.65 16.75 0
6140 6.8 16.75 0
6141 6.95 16.75 0
6142 7.1 16.75 0
6143 7.25 16.75 0
6144 7.4 16.75 0
6145 7.55 16.75 0
6146 7.7 16.75 0
6147 7.85 16.75 0
6148 8 16.75 0
6149 8.25 16.75 0
6150 8.5 16.75 0
6151 8.75 16.75 0
6152 9 16.75 0
6153 9.25 16.75 0
6154 9.5 16.75 0
6155 9.75 16.75 0
6156 10 16.75 0
6157 10.25 16.75 0
6158 10.5 16.75 0
6159 10.75 16.75 0
6160 11 16.75 0
6161 11.25 16.75 0
6162 11.5 16.75 0
6163 11.75 16.75 0
6164 12 16.75 0
6165 12.5 16.75 0
6166 13 16.75 0
6167 13.5 16.75 0
6168 14 16.75 0
6169 14.5 16.75 0
6170 15 16.75 0
6171 15.5 16.75 0
6172 16 16.75 0
6173 16.5 16.75 0
6174 17 16.75 0
6175 17.5 16.75 0
6176 18 16.75 0
6177 18.5 16.75 0
6178 19 16.75 0
6179 19.5 16.75 0
6180 20 16.75 0
6181 0 17 0
6182 0.1 17 0
6183 0.2 17 0
6184 0.3 17 0
6185 0.4 17 0
6186 0.5 17 0
6187 0.6 17 0
6188 0.7 17 0
6189 0.8 17 0
6190 0.9 17 0
6191 1 17 0
6192 1.1 17 0
6193 1.2 17 0
6194 1.3 17 0
6195 1.4 17 0
6196 1.5 17 0
6197 1.6 17 0
6198 1.7 17 0
6199 1.8 17 0
6200 1.9 17 0
6201 2 17 0
6202 2.1 17 0
6203 2.2 17 0
6204 2.3 17 0
6205 2.4 17 0
6206 2.5 17 0
6207 2.6 17 0
6208 2.7 17 0
6209 2.8 17 0
6210 2.9 17 0
6211 3 17 0
6212 3.1 17 0
6213 3.2 17 0
6214 3.3 17 0
6215 3.4 17 0
6216 3.5 17 0
6217 3.6 17 0
6218 3.7 17 0
6219 3.8 17 0
6220 3.9 17 0
6221 4 17 0
6222 4.1 17 0
6223 4.2 17 0
6224 4.3 17 0
6225 4.4 17 0
6226 4.5 17 0
6227 4.6 17 0
6228 4.7 17 0
6229 4.8 17 0
6230 4.9 17 0
6231 5 17 0
6232 5.15 17 0
6233 5.3 17 0
6234 5.45 17 0
6235 5.6 17 0
6236 5.75 17 0
6237 5.9 17 0
6238 6.05 17 0
6239 6.2 17 0
6240 6.35 17 0
6241 6.5 17 0
6242 6.65 17 0
6243 6.8 17 0
6244 6.95 17 0
6245 7.1 17 0
6246 7.25 17 0
6247 7.4 17 0
6248 7.55 17 0
6249 7.7 17 0
6250 7.85 17 0
6251 8 17 0
6252 8.25 17 0
6253 8.5 17 0
6254 8.75 17 0
6255 9 17 0
6256 9.25 17 0
6257 9.5 17 0
6258 9.75 17 0
6259 10 17 0
6260 10.25 17 0
6261 10.5 17 0
6262 10.75 17 0
6263 11 17 0
6264 11.25 17 0
6265 11.5 17 0
6266 11.75 17 0
6267 12 17 0
6268 12.5 17 0
6269 13 17 0
6270 13.5 17 0
6271 14 17 0
6272 14.5 17 0
6273 15 17 0
6274 15.5 17 0
6275 16 17 0
6276 16.5 17 0
6277 17 17 0
6278 17.5 17 0
6279 18 17 0
6280 18.5 17 0
6281 19 17 0
6282 19.5 17 0
6283 20 17 0
6284 0 17.25 0
6285 0.1 17.25 0
6286 0.2 17.25 0
6287 0.3 17.25 0
6288 0.4 17.25 0
6289 0.5 17.25 0
6290 0.6 17.25 0
6291 0.7 17.25 0
6292 0.8 17.25 0
6293 0.9 17.25 0
6294 1 17.25 0
6295 1.1 17.25 0
6296 1.2 17.25 0
6297 1.3 17.25 0
6298 1.4 17.25 0
6299 1.5 17.25 0
6300 1.6 17.25 0
6301 1.7 17.25 0
6302 1.8 17.25 0
6303 1.9 17.25 0
6304 2 17.25 0
6305 2.1 17.25 0
6306 2.2 17.25 0
6307 2.3 17.25 0
6308 2.4 17.25 0
6309 2.5 17.25 0
6310 2.6 17.25 0
6311 2.7 17.25 0
6312 2.8 17.25 0
6313 2.9 17.25 0
6314 3 17.25 0
6315 3.1 17.25 0
6316 3.2 17.25 0
6317 3.3 17.25 0
6318 3.4 17.25 0
6319 3.5 17.25 0
6320 3.6 17.25 0
6321 3.7 17.25 0
6322 3.8 17.25 0
6323 3.9 17.25 0
6324 4 17.25 0
6325 4.1 17.25 0
6326 4.2 17.25 0
6327 4.3 17.25 0
6328 4.4 17.25 0
6329 4.5 17.25 0
6330 4.6 17.25 0
6331 4.7 17.25 0
6332 4.8 17.25 0
6333 4.9 17.25 0
6334 5 17.25 0
6335 5.15 17.25 0
6336 5.3 17.25 0
6337 5.45 17.25 0
6338 5.6 17.25 0
6339 5.75 17.25 0
6340 5.9 17.25 0
6341 6.05 17.25 0
6342 6.2 17.25 0
6343 6.35 17.25 0
6344 6.5 17.25 0
6345 6.65 17.25 0
6346 6.8 17.25 0
6347 6.95 17.25 0
6348 7.1 17.25 0
6349 7.25 17.25 0
6350 7.4 17.25 0
6351 7.55 17.25 0
6352 7.7 17.25 0
6353 7.85 17.25 0
6354 8 17.25 0
6355 8.25 17.25 0
6356 8.5 17.25 0
6357 8.75 17.25 0
6358 9 17.25 0
6359 9.25 17.25 0
6360 9.5 17.25 0
6361 9.75 17.25 0
6362 10 17.25 0
6363 10.25 17.25 0
6364 10.5 17.25 0
6365 10.75 17.25 0
6366 11 17.25 0
6367 11.25 17.25 0
6368 11.5 17.25 0
6369 11.75 17.25 0
6370 12 17.25 0
6371 12.5 17.25 0
6372 13 17.25 0
6373 13.5 17.25 0
6374 14 17.25 0
6375 14.5 17.25 0
6376 15 17.25 0
6377 15.5 17.25 0
6378 16 17.25 0
6379 16.5 17.25 0
6380 17 17.25 0
6381 17.5 17.25 0
6382 18 17.25 0
6383 18.5 17.25 0
6384 19 17.25 0
6385 19.5 17.25 0
6386 20 17.25 0
6387 0 17.5 0
6388 0.1 17.5 0
6389 0.2 17.5 0
6390 0.3 17.5 0
6391 0.4 17.5 0
6392 0.5 17.5 0
6393 0.6 17.5 0
6394 0.7 17.5 0
6395 0.8 17.5 0
6396 0.9 17.5 0
6397 1 17.5 0
6398 1.1 17.5 0
6399 1.2 17.5 0
6400 1.3 17.5 0
6401 1.4 17.5 0
6402 1.5 17.5 0
6403 1.6 17.5 0
6404 1.7 17.5 0
6405 1.8 17.5 0
6406 1.9 17.5 0
6407 2 17.5 0
6408 2.1 17.5 0
6409 2.2 17.5 0
6410 2.3 17.5 0
6411 2.4 17.5 0
6412 2.5 17.5 0
6413 2.6 17.5 0
6414 2.7 17.5 0
6415 2.8 17.5 0
6416 2.9 17.5 0
6417 3 17.5 0
6418 3.1 17.5 0
6419 3.2 17.5 0
6420 3.3 17.5 0
6421 3.4 17.5 0
6422 3.5 17.5 0
6423 3.6 17.5 0
6424 3.7 17.5 0
6425 3.8 17.5 0
6426 3.9 17.5 0
6427 4 17.5 0
6428 4.1 17.5 0
6429 4.2 17.5 0
6430 4.3 17.5 0
6431 4.4 17.5 0
6432 4.5 17.5 0
6433 4.6 17.5 0
6434 4.7 17.5 0
6435 4.8 17.5 0
6436 4.9 17.5 0
6437 5 17.5 0
6438 5.15 17.5 0
6439 5.3 17.5 0
6440 5.45 17.5 0
6441 5.6 17.5 0
6442 5.75 17.5 0
6443 5.9 17.5 0
6444 6.05 17.5 0
6445 6.2 17.5 0
6446 6.35 17.5 0
6447 6.5 17.5 0
6448 6.65 17.5 0
6449 6.8 17.5 0
6450 6.95 17.5 0
6451 7.1 17.5 0
6452 7.25 17.5 0
6453 7.4 17.5 0
6454 7.55 17.5 0
6455 7.7 17.5 0
6456 7.85 17.5 0
6457 8 17.5 0
6458 8.25 17.5 0
6459 8.5 17.5 0
6460 8.75 17.5 0
6461 9 17.5 0
6462 9.25 17.5 0
6463 9.5 17.5 0
6464 9.75 17.5 0
6465 10 17.5 0
6466 10.25 17.5 0
6467 10.5 17.5 0
6468 10.75 17.5 0
6469 11 17.5 0
6470 11.25 17.5 0
6471 11.5 17.5 0
6472 11.75 17.5 0
6473 12 17.5 0
6474 12.5 17.5 0
6475 13 17.5 0
6476 13.5 17.5 0
6477 14 17.5 0
6478 14.5 17.5 0
6479 15 17.5 0
6480 15.5 17.5 0
6481 16 17.5 0
6482 16.5 17.5 0
6483 17 17.5 0
6484 17.5 17.5 0
6485 18 17.5 0
6486 18.5 17.5 0
6487 19 17.5 0
6488 19.5 17.5 0
6489 20 17.5 0
6490 0 17.75 0
6491 0.1 17.75 0
6492 0.2 17.75 0
6493 0.3 17.75 0
6494 0.4 17.75 0
6495 0.5 17.75 0
6496 0.6 17.75 0
6497 0.7 17.75 0
6498 0.8 17.75 0
6499 0.9 17.75 0
6500 1 17.75 0
6501 1.1 17.75 0
6502 1.2 17.75 0
6503 1.3 17.75 0
6504 1.4 17.75 0
6505 1.5 17.75 0
6506 1.6 17.75 0
6507 1.7 17.75 0
6508 1.8 17.75 0
6509 1.9 17.75 0
6510 2 17.75 0
6511 2.1 17.75 0
6512 2.2 17.75 0
6513 2.3 17.75 0
6514 2.4 17.75 0
6515 2.5 17.75 0
6516 2.6 17.75 0
6517 2.7 17.75 0
6518 2.8 17.75 0
6519 2.9 17.75 0
6520 3 17.75 0
6521 3.1 17.75 0
6522 3.2 17.75 0
6523 3.3 17.75 0
6524 3.4 17.75 0
6525 3.5 17.75 0
6526 3.6 17.75 0
6527 3.7 17.75 0
6528 3.8 17.75 0
6529 3.9 17.75 0
6530 4 17.75 0
6531 4.1 17.75 0
6532 4.2 17.75 0
6533 4.3 17.75 0
6534 4.4 17.75 0
6535 4.5 17.75 0
6536 4.6 17.75 0
6537 4.7 17.75 0
6538 4.8 17.75 0
6539 4.9 17.75 0
6540 5 17.75 0
6541 5.15 17.75 0
6542 5.3 17.75 0
6543 5.45 17.75 0
6544 5.6 17.75 0
6545 5.75 17.75 0
6546 5.9 17.75 0
6547 6.05 17.75 0
6548 6.2 17.75 0
6549 6.35 17.75 0
6550 6.5 17.75 0
6551 6.65 17.75 0
6552 6.8 17.75 0
6553 6.95 17.75 0
6554 7.1 17.75 0
6555 7.25 17.75 0
6556 7.4 17.75 0
6557 7.55 17.75 0
6558 7.7 17.75 0
6559 7.85 17.75 0
6560 8 17.75 0
6561 8.25 17.75 0
6562 8.5 17.75 0
6563 8.75 17.75 0
6564 9 17.75 0
6565 9.25 17.75 0
6566 9.5 17.75 0
6567 9.75 17.75 0
6568 10 17.75 0
6569 10.25 17.75 0
6570 10.5 17.75 0
6571 10.75 17.75 0
6572 11 17.75 0
6573 11.25 17.75 0
6574 11.5 17.75 0
6575 11.75 17.75 0
6576 12 17.75 0
6577 12.5 17.75 0
6578 13 17.75 0
6579 13.5 17.75 0
6580 14 17.75 0
6581 14.5 17.75 0
6582 15 17.75 0
6583 15.5 17.75 0
6584 16 17.75 0
6585 16.5 17.75 0
6586 17 17.75 0
6587 17.5 17.75 0
6588 18 17.75 0
6589 18.5 17.75 0
6590 19 17.75 0
6591 19.5 17.75 0
6592 20 17.75 0
6593 0 18 0
6594 0.1 18 0
6595 0.2 18 0
6596 0.3 18 0
6597 0.4 18 0
6598 0.5 18 0
6599 0.6 18 0
6600 0.7 18 0
6601 0.8 18 0
6602 0.9 18 0
6603 1 18 0
6604 1.1 18 0
6605 1.2 18 0
6606 1.3 18 0
6607 1.4 18 0
6608 1.5 18 0
6609 1.6 18 0
6610 1.7 18 0
6611 1.8 18 0
6612 1.9 18 0
6613 2 18 0
6614 2.1 18 0
6615 2.2 18 0
6616 2.3 18 0
6617 2.4 18 0
6618 2.5 18 0
6619 2.6 18 0
6620 2.7 18 0
6621 2.8 18 0
6622 2.9 18 0
6623 3 18 0
6624 3.1 18 0
6625 3.2 18 0
6626 3.3 18 0
6627 3.4 18 0
6628 3.5 18 0
6629 3.6 18 0
6630 3.7 18 0
6631 3.8 18 0
6632 3.9 18 0
6633 4 18 0
6634 4.1 18 0
6635 4.2 18 0
6636 4.3 18 0
6637 4.4 18 0
6638 4.5 18 0
6639 4.6 18 0
6640 4.7 18 0
6641 4.8 18 0
6642 4.9 18 0
6643 5 18 0
6644 5.15 18 0
6645 5.3 18 0
6646 5.45 18 0
6647 5.6 18 0
6648 5.75 18 0
6649 5.9 18 0
6650 6.05 18 0
6651 6.2 18 0
6652 6.35 18 0
6653 6.5 18 0
6654 6.65 18 0
6655 6.8 18 0
6656 6.95 18 0
6657 7.1 18 0
6658 7.25 18 0
6659 7.4 18 0
6660 7.55 18 0
6661 7.7 18 0
6662 7.85 18 0
6663 8 18 0
6664 8.25 18 0
6665 8.5 18 0
6666 8.75 18 0
6667 9 18 0
6668 9.25 18 0
6669 9.5 18 0
6670 9.75 18 0
6671 10 18 0
6672 10.25 18 0
6673 10.5 18 0
6674 10.75 18 0
6675 11 18 0
6676 11.25 18 0
6677 11.5 18 0
6678 11.75 18 0
6679 12 18 0
6680 12.5 18 0
6681 13 18 0
6682 13.5 18 0
6683 14 18 0
6684 14.5 18 0
6685 15 18 0
6686 15.5 18 0
6687 16 18 0
6688 16.5 18 0
6689 17 18 0
6690 17.5 18 0
6691 18 18 0
6692 18.5 18 0
6693 19 18 0
6694 19.5 18 0
6695 20 18 0
6696 0 18.25 0
6697 0.1 18.25 0
6698 0.2 18.25 0
6699 0.3 18.25 0
6700 0.4 18.25 0
6701 0.5 18.25 0
6702 0.6 18.25 0
6703 0.7 18.25 0
6704 0.8 18.25 0
6705 0.9 18.25 0
6706 1 18.25 0
6707 1.1 18.25 0
6708 1.2 18.25 0
6709 1.3 18.25 0
6710 1.4 18.25 0
6711 1.5 18.25 0
6712 1.6 18.25 0
6713 1.7 18.25 0
6714 1.8 18.25 0
6715 1.9 18.25 0
6716 2 18.25 0
6717 2.1 18.25 0
6718 2.2 18.25 0
6719 2.3 18.25 0
6720 2.4 18.25 0
6721 2.5 18.25 0
6722 2.6 18.25 0
6723 2.7 18.25 0
6724 2.8 18.25 0
6725 2.9 18.25 0
6726 3 18.25 0
6727 3.1 18.25 0
6728 3.2 18.25 0
6729 3.3 18.25 0
6730 3.4 18.25 0
6731 3.5 18.25 0
6732 3.6 18.25 0
6733 3.7 18.25 0
6734 3.8 18.25 0
6735 3.9 18.25 0
6736 4 18.25 0
6737 4.1 18.25 0
6738 4.2 18.25 0
6739 4.3 18.25 0
6740 4.4 18.25 0
6741 4.5 18.25 0
6742 4.6 18.25 0
6743 4.7 18.25 0
6744 4.8 18.25 0
6745 4.9 18.25 0
6746 5 18.25 0
6747 5.15 18.25 0
6748 5.3 18.25 0
6749 5.45 18.25 0
6750 5.6 18.25 0
6751 5.75 18.25 0
6752 5.9 18.25 0
6753 6.05 18.25 0
6754 6.2 18.25 0
6755 6.35 18.25 0
6756 6.5 18.25 0
6757 6.65 18.25 0
6758 6.8 18.25 0
6759 6.95 18.25 0
6760 7.1 18.25 0
6761 7.25 18.25 0
6762 7.4 18.25 0
6763 7.55 18.25 0
6764 7.7 18.25 0
6765 7.85 18.25 0
6766 8 18.25 0
6767 8.25 18.25 0
6768 8.5 18.25 0
6769 8.75 18.25 0
6770 9 18.25 0
6771 9.25 18.25 0
6772 9.5 18.25 0
6773 9.75 18.25 0
6774 10 18.25 0
6775 10.25 18.25 0
6776 10.5 18.25 0
6777 10.75 18.25 0
6778 11 18.25 0
6779 11.25 18.25 0
6780 11.5 18.25 0
6781 11.75 18.25 0
6782 12 18.25 0
6783 12.5 18.25 0
6784 13 18.25 0
6785 13.5 18.25 0
6786 14 18.25 0
6787 14.5 18.25 0
6788 15 18.25 0
6789 15.5 18.25 0
6790 16 18.25 0
6791 16.5 18.25 0
6792 17 18.25 0
6793 17.5 18.25 0
6794 18 18.25 0
6795 18.5 18.25 0
6796 19 18.25 0
6797 19.5 18.25 0
6798 20 18.25 0
6799 0 18.5 0
6800 0.1 18.5 0
6801 0.2 18.5 0
6802 0.3 18.5 0
6803 0.4 18.5 0
6804 0.5 18.5 0
6805 0.6 18.5 0
6806 0.7 18.5 0
6807 0.8 18.5 0
6808 0.9 18.5 0
6809 1 18.5 0
6810 1.1 18.5 0
6811 1.2 18.5 0
6812 1.3 18.5 0
6813 1.4 18.5 0
6814 1.5 18.5 0
6815 1.6 18.5 0
6816 1.7 18.5 0
6817 1.8 18.5 0
6818 1.9 18.5 0
6819 2 18.5 0
6820 2.1 18.5 0
6821 2.2 18.5 0
6822 2.3 18.5 0
6823 2.4 18.5 0
6824 2.5 18.5 0
6825 2.6 18.5 0
6826 2.7 18.5 0
6827 2.8 18.5 0
6828 2.9 18.5 0
6829 3 18.5 0
6830 3.1 18.5 0
6831 3.2 18.5 0
6832 3.3 18.5 0
6833 3.4 18.5 0
6834 3.5 18.5 0
6835 3.6 18.5 0
6836 3.7 18.5 0
6837 3.8 18.5 0
6838 3.9 18.5 0
6839 4 18.5 0
6840 4.1 18.5 0
6841 4.2 18.5 0
6842 4.3 18.5 0
6843 4.4 18.5 0
6844 4.5 18.5 0
6845 4.6 18.5 0
6846 4.7 18.5 0
6847 4.8 18.5 0
6848 4.9 18.5 0
6849 5 18.5 0
6850 5.15 18.5 0
6851 5.3 18.5 0
6852 5.45 18.5 0
6853 5.6 18.5 0
6854 5.75 18.5 0
6855 5.9 18.5 0
6856 6.05 18.5 0
6857 6.2 18.5 0
6858 6.35 18.5 0
6859 6.5 18.5 0
6860 6.65 18.5 0
6861 6.8 18.5 0
6862 6.95 18.5 0
6863 7.1 18.5 0
6864 7.25 18.5 0
6865 7.4 18.5 0
6866 7.55 18.5 0
6867 7.7 18.5 0
6868 7.85 18.5 0
6869 8 18.5 0
6870 8.25 18.5 0
6871 8.5 18.5 0
6872 8.75 18.5 0
6873 9 18.5 0
6874 9.25 18.5 0
6875 9.5 18.5 0
6876 9.75 18.5 0
6877 10 18.5 0
6878 10.25 18.5 0
6879 10.5 18.5 0
6880 10.75 18.5 0
6881 11 18.5 0
6882 11.25 18.5 0
6883 11.5 18.5 0
6884 11.75 18.5 0
6885 12 18.5 0
6886 12.5 18.5 0
6887 13 18.5 0
6888 13.5 18.5 0
6889 14 18.5 0
6890 14.5 18.5 0
6891 15 18.5 0
6892 15.5 18.5 0
6893 16 18.5 0
6894 16.5 18.5 0
6895 17 18.5 0
6896 17.5 18.5 0
6897 18 18.5 0
6898 18.5 18.5 0
6899 19 18.5 0
6900 19.5 18.5 0
6901 20 18.5 0
6902 0 18.75 0
6903 0.1 18.75 0
6904 0.2 18.75 0
6905 0.3 18.75 0
6906 0.4 18.75 0
6907 0.5 18.75 0
6908 0.6 18.75 0
6909 0.7 18.75 0
6910 0.8 18.75 0
6911 0.9 18.75 0
6912 1 18.75 0
6913 1.1 18.75 0
6914 1.2 18.75 0
6915 1.3 18.75 0
6916 1.4 18.75 0
6917 1.5 18.75 0
6918 1.6 18.75 0
6919 1.7 18.75 0
6920 1.8 18.75 0
6921 1.9 18.75 0
6922 2 18.75 0
6923 2.1 18.75 0
6924 2.2 18.75 0
6925 2.3 18.75 0
6926 2.4 18.75 0
6927 2.5 18.75 0
6928 2.6 18.75 0
6929 2.7 18.75 0
6930 2.8 18.75 0
6931 2.9 18.75 0
6932 3 18.75 0
6933 3.1 18.75 0
6934 3.2 18.75 0
6935 3.3 18.75 0
6936 3.4 18.75 0
6937 3.5 18.75 0
6938 3.6 18.75 0
6939 3.7 18.75 0
6940 3.8 18.75 0
6941 3.9 18.75 0
6942 4 18.75 0
6943 4.1 18.75 0
6944 4.2 18.75 0
6945 4.3 18.75 0
6946 4.4 18.75 0
6947 4.5 18.75 0
6948 4.6 18.75 0
6949 4.7 18.75 0
6950 4.8 18.75 0
6951 4.9 18.75 0
6952 5 18.75 0
6953 5.15 18.75 0
6954 5.3 18.75 0
6955 5.45 18.75 0
6956 5.6 18.75 0
6957 5.75 18.75 0
6958 5.9 18.75 0
6959 6.05 18.75 0
6960 6.2 18.75 0
6961 6.35 18.75 0
6962 6.5 18.75 0
6963 6.65 18.75 0
6964 6.8 18.75 0
6965 6.95 18.75 0
6966 7.1 18.75 0
6967 7.25 18.75 0
6968 7.4 18.75 0
6969 7.55 18.75 0
6970 7.7 18.75 0
6971 7.85 18.75 0
6972 8 18.75 0
6973 8.25 18.75 0
6974 8.5 18.75 0
6975 8.75 18.75 0
6976 9 18.75 0
6977 9.25 18.75 0
6978 9.5 18.75 0
6979 9.75 18.75 0
6980 10 18.75 0
6981 10.25 18.75 0
6982 10.5 18.75 0
6983 10.75 18.75 0
6984 11 18.75 0
6985 11.25 18.75 0
6986 11.5 18.75 0
6987 11.75 18.75 0
6988 12 18.75 0
6989 12.5 18.75 0
6990 13 18.75 0
6991 13.5 18.75 0
6992 14 18.75 0
6993 14.5 18.75 0
6994 15 18.75 0
6995 15.5 18.75 0
6996 16 18.75 0
6997 16.5 18.75 0
6998 17 18.75 0
6999 17.5 18.75 0
7000 18 18.75 0
7001 18.5 18.75 0
7002 19 18.75 0
7003 19.5 18.75 0
7004 20 18.75 0
7005 0 19 0
7006 0.1 19 0
7007 0.2 19 0
7008 0.3 19 0
7009 0.4 19 0
7010 0.5 19 0
7011 0.6 19 0
7012 0.7 19 0
7013 0.8 19 0
7014 0.9 19 0
7015 1 19 0
7016 1.1 19 0
7017 1.2 19 0
7018 1.3 19 0
7019 1.4 19 0
7020 1.5 19 0
7021 1.6 19 0
7022 1.7 19 0
7023 1.8 19 0
7024 1.9 19 0
7025 2 19 0
7026 2.1 19 0
7027 2.2 19 0
7028 2.3 19 0
7029 2.4 19 0
7030 2.5 19 0
7031 2.6 19 0
7032 2.7 19 0
7033 2.8 19 0
7034 2.9 19 0
7035 3 19 0
7036 3.1 19 0
7037 3.2 19 0
7038 3.3 19 0
7039 3.4 19 0
7040 3.5 19 0
7041 3.6 19 0
7042 3.7 19 0
7043 3.8 19 0
7044 3.9 19 0
7045 4 19 0
7046 4.1 19 0
7047 4.2 19 0
7048 4.3 19 0
7049 4.4 19 0
7050 4.5 19 0
7051 4.6 19 0
7052 4.7 19 0
7053 4.8 19 0
7054 4.9 19 0
7055 5 19 0
7056 5.15 19 0
7057 5.3 19 0
7058 5.45 19 0
7059 5.6 19 0
7060 5.75 19 0
7061 5.9 19 0
7062 6.05 19 0
7063 6.2 19 0
7064 6.35 19 0
7065 6.5 19 0
7066 6.65 19 0
7067 6.8 19 0
7068 6.95 19 0
7069 7.1 19 0
7070 7.25 19 0
7071 7.4 19 0
7072 7.55 19 0
7073 7.7 19 0
7074 7.85 19 0
7075 8 19 0
7076 8.25 19 0
7077 8.5 19 0
7078 8.75 19 0
7079 9 19 0
7080 9.25 19 0
7081 9.5 19 0
7082 9.75 19 0
7083 10 19 0
7084 10.25 19 0
7085 10.5 19 0
7086 10.75 19 0
7087 11 19 0
7088 11.25 19 0
7089 11.5 19 0
7090 11.75 19 0
7091 12 19 0
7092 12.5 19 0
7093 13 19 0
7094 13.5 19 0
7095 14 19 0
7096 14.5 19 0
7097 15 19 0
7098 15.5 19 0
7099 16 19 0
7100 16.5 19 0
7101 17 19 0
7102 17.5 19 0
7103 18 19 0
7104 18.5 19 0
7105 19 19 0
7106 19.5 19 0
7107 20 19 0
7108 0 19.25 0
7109 0.1 19.25 0
7110 0.2 19.25 0
7111 0.3 19.25 0
7112 0.4 19.25 0
7113 0.5 19.25 0
7114 0.6 19.25 0
7115 0.7 19.25 0
7116 0.8 19.25 0
7117 0.9 19.25 0
7118 1 19.25 0
7119 1.1 19.25 0
7120 1.2 19.25 0
7121 1.3 19.25 0
7122 1.4 19.25 0
7123 1.5 19.25 0
7124 1.6 19.25 0
7125 1.7 19.25 0
7126 1.8 19.25 0
7127 1.9 19.25 0
7128 2 19.25 0
7129 2.1 19.25 0
7130 2.2 19.25 0
7131 2.3 19.25 0
7132 2.4 19.25 0
7133 2.5 19.25 0
7134 2.6 19.25 0
7135 2.7 19.25 0
7136 2.8 19.25 0
7137 2.9 19.25 0
7138 3 19.25 0
7139 3.1 19.25 0
7140 3.2 19.25 0
7141 3.3 19.25 0
7142 3.4 19.25 0
7143 3.5 19.25 0
7144 3.6 19.25 0
7145 3.7 19.25 0
7146 3.8 19.25 0
7147 3.9 19.25 0
7148 4 19.25 0
7149 4.1 19.25 0
7150 4.2 19.25 0
7151 4.3 19.25 0
7152 4.4 19.25 0
7153 4.5 19.25 0
7154 4.6 19.25 0
7155 4.7 19.25 0
7156 4.8 19.25 0
7157 4.9 19.25 0
7158 5 19.25 0
7159 5.15 19.25 0
7160 5.3 19.25 0
7161 5.45 19.25 0
7162 5.6 19.25 0
7163 5.75 19.25 0
7164 5.9 19.25 0
7165 6.05 19.25 0
7166 6.2 19.25 0
7167 6.35 19.25 0
7168 6.5 19.25 0
7169 6.65 19.25 0
7170 6.8 19.25 0
7171 6.95 19.25 0
7172 7.1 19.25 0
7173 7.25 19.25 0
7174 7.4 19.25 0
7175 7.55 19.25 0
7176 7.7 19.25 0
7177 7.85 19.25 0
7178 8 19.25 0
7179 8.25 19.25 0
7180 8.5 19.25 0
7181 8.75 19.25 0
7182 9 19.25 0
7183 9.25 19.25 0
7184 9.5 19.25 0
7185 9.75 19.25 0
7186 10 19.25 0
7187 10.25 19.25 0
7188 10.5 19.25 0
7189 10.75 19.25 0
7190 11 19.25 0
7191 11.25 19.25 0
7192 11.5 19.25 0
7193 11.75 19.25 0
7194 12 19.25 0
7195 12.5 19.25 0
7196 13 19.25 0
7197 13.5 19.25 0
7198 14 19.25 0
7199 14.5 19.25 0
7200 15 19.25 0
7201 15.5 19.25 0
7202 16 19.25 0
7203 16.5 19.25 0
7204 17 19.25 0
7205 17.5 19.25 0
7206 18 19.25 0
7207 18.5 19.25 0
7208 19 19.25 0
7209 19.5 19.25 0
7210 20 19.25 0
7211 0 19.5 0
7212 0.1 19.5 0
7213 0.2 19.5 0
7214 0.3 19.5 0
7215 0.4 19.5 0
7216 0.5 19.5 0
7217 0.6 19.5 0
7218 0.7 19.5 0
7219 0.8 19.5 0
7220 0.9 19.5 0
7221 1 19.5 0
7222 1.1 19.5 0
7223 1.2 19.5 0
7224 1.3 19.5 0
7225 1.4 19.5 0
7226 1.5 19.5 0
7227 1.6 19.5 0
7228 1.7 19.5 0
7229 1.8 19.5 0
7230 1.9 19.5 0
7231 2 19.5 0
7232 2.1 19.5 0
7233 2.2 19.5 0
7234 2.3 19.5 0
7235 2.4 19.5 0
7236 2.5 19.5 0
7237 2.6 19.5 0
7238 2.7 19.5 0
7239 2.8 19.5 0
7240 2.9 19.5 0
7241 3 19.5 0
7242 3.1 19.5 0
7243 3.2 19.5 0
7244 3.3 19.5 0
7245 3.4 19.5 0
7246 3.5 19.5 0
7247 3.6 19.5 0
7248 3.7 19.5 0
7249 3.8 19.5 0
7250 3.9 19.5 0
7251 4 19.5 0
7252 4.1 19.5 0
7253 4.2 19.5 0
7254 4.3 19.5 0
7255 4.4 19.5 0
7256 4.5 19.5 0
7257 4.6 19.5 0
7258 4.7 19.5 0
7259 4.8 19.5 0
7260 4.9 19.5 0
7261 5 19.5 0
7262 5.15 19.5 0
7263 5.3 19.5 0
7264 5.45 19.5 0
7265 5.6 19.5 0
7266 5.75 19.5 0
7267 5.9 19.5 0
7268 6.05 19.5 0
7269 6.2 19.5 0
7270 6.35 19.5 0
7271 6.5 19.5 0
7272 6.65 19.5 0
7273 6.8 19.5 0
7274 6.95 19.5 0
7275 7.1 19.5 0
7276 7.25 19.5 0
7277 7.4 19.5 0
7278 7.55 19.5 0
7279 7.7 19.5 0
7280 7.85 19.5 0
7281 8 19.5 0
7282 8.25 19.5 0
7283 8.5 19.5 0
7284 8.75 19.5 0
7285 9 19.5 0
7286 9.25 19.5 0
7287 9.5 19.5 0
7288 9.75 19.5 0
7289 10 19.5 0
7290 10.25 19.5 0
7291 10.5 19.5 0
7292 10.75 19.5 0
7293 11 19.5 0
7294 11.25 19.5 0
7295 11.5 19.5 0
7296 11.75 19.5 0
7297 12 19.5 0
7298 12.5 19.5 0
7299 13 19.5 0
7300 13.5 19.5 0
7301 14 19.5 0
7302 14.5 19.5 0
7303 15 19.5 0
7304 15.5 19.5 0
7305 16 19.5 0
7306 16.5 19.5 0
7307 17 19.5 0
7308 17.5 19.5 0
7309 18 19.5 0
7310 18.5 19.5 0
7311 19 19.5 0
7312 19.5 19.5 0
7313 20 19.5 0
7314 0 19.75 0
7315 0.1 19.75 0
7316 0.2 19.75 0
7317 0.3 19.75 0
7318 0.4 19.75 0
7319 0.5 19.75 0
7320 0.6 19.75 0
7321 0.7 19.75 0
7322 0.8 19.75 0
7323 0.9 19.75 0
7324 1 19.75 0
7325 1.1 19.75 0
7326 1.2 19.75 0
7327 1.3 19.75 0
7328 1.4 19.75 0
7329 1.5 19.75 0
7330 1.6 19.75 0
7331 1.7 19.75 0
7332 1.8 19.75 0
7333 1.9 19.75 0
7334 2 19.75 0
7335 2.1 19.75 0
7336 2.2 19.75 0
7337 2.3 19.75 0
7338 2.4 19.75 0
7339 2.5 19.75 0
7340 2.6 19.75 0
7341 2.7 19.75 0
7342 2.8 19.75 0
7343 2.9 19.75 0
7344 3 19.75 0
7345 3.1 19.75 0
7346 3.2 19.75 0
7347 3.3 19.75 0
7348 3.4 19.75 0
7349 3.5 19.75 0
7350 3.6 19.75 0
7351 3.7 19.75 0
7352 3.8 19.75 0
7353 3.9 19.75 0
7354 4 19.75 0
7355 4.1 19.75 0
7356 4.2 19.75 0
7357 4.3 19.75 0
7358 4.4 19.75 0
7359 4.5 19.75 0
7360 4.6 19.75 0
7361 4.7 19.75 0
7362 4.8 19.75 0
7363 4.9 19.75 0
7364 5 19.75 0
7365 5.15 19.75 0
7366 5.3 19.75 0
7367 5.45 19.75 0
7368 5.6 19.75 0
7369 5.75 19.75 0
7370 5.9 19.75 0
7371 6.05 19.75 0
7372 6.2 19.75 0
7373 6.35 19.75 0
7374 6.5 19.75 0
7375 6.65 19.75 0
7376 6.8 19.75 0
7377 6.95 19.75 0
7378 7.1 19.75 0
7379 7.25 19.75 0
7380 7.4 19.75 0
7381 7.55 19.75 0
7382 7.7 19.75 0
7383 7.85 19.75 0
7384 8 19.75 0
7385 8.25 19.75 0
7386 8.5 19.75 0
7387 8.75 19.75 0
7388 9 19.75 0
7389 9.25 19.75 0
7390 9.5 19.75 0
7391 9.75 19.75 0
7392 10 19.75 0
7393 10.25 19.75 0
7394 10.5 19.75 0
7395 10.75 19.75 0
7396 11 19.75 0
7397 11.25 19.75 0
7398 11.5 19.75 0
7399 11.75 19.75 0
7400 12 19.75 0
7401 12.5 19.75 0
7402 13 19.75 0
7403 13.5 19.75 0
7404 14 19.75 0
7405 14.5 19.75 0
7406 15 19.75 0
7407 15.5 19.75 0
7408 16 19.75 0
7409 16.5 19.75 0
7410 17 19.75 0
7411 17.5 19.75 0
7412 18 19.75 0
7413 18.5 19.75 0
7414 19 19.75 0
7415 19.5 19.75 0
7416 20 19.75 0
7417 0 20 0
7418 0.1 20 0
7419 0.2 20 0
7420 0.3 20 0
7421 0.4 20 0
7422 0.5 20 0
7423 0.6 20 0
7424 0.7 20 0
7425 0.8 20 0
7426 0.9 20 0
7427 1 20 0
7428 1.1 20 0
7429 1.2 20 0
7430 1.3 20 0
7431 1.4 20 0
7432 1.5 20 0
7433 1.6 20 0
7434 1.7 20 0
7435 1.8 20 0
7436 1.9 20 0
7437 2 20 0
7438 2.1 20 0
7439 2.2 20 0
7440 2.3 20 0
7441 2.4 20 0
7442 2.5 20 0
7443 2.6 20 0
7444 2.7 20 0
7445 2.8 20 0
7446 2.9 20 0
7447 3 20 0
7448 3.1 20 0
7449 3.2 20 0
7450 3.3 20 0
7451 3.4 20 0
7452 3.5 20 0
7453 3.6 20 0
7454 3.7 20 0
7455 3.8 20 0
7456 3.9 20 0
7457 4 20 0
7458 4.1 20 0
7459 4.2 20 0
7460 4.3 20 0
7461 4.4 20 0
7462 4.5 20 0
7463 4.6 20 0
7464 4.7 20 0
7465 4.8 20 0
7466 4.9 20 0
7467 5 20 0
7468 5.15 20 0
7469 5.3 20 0
7470 5.45 20 0
7471 5.6 20 0
7472 5.75 20 0
7473 5.9 20 0
7474 6.05 20 0
7475 6.2 20 0
7476 6.35 20 0
7477 6.5 20 0
7478 6.65 20 0
7479 6.8 20 0
7480 6.95 20 0
7481 7.1 20 0
7482 7.25 20 0
7483 7.4 20 0
7484 7.55 20 0
7485 7.7 20 0
7486 7.85 20 0
7487 8 20 0
7488 8.25 20 0
7489 8.5 20 0
7490 8.75 20 0
7491 9 20 0
7492 9.25 20 0
7493 9.5 20 0
7494 9.75 20 0
7495 10 20 0
7496 10.25 20 0
7497 10.5 20 0
7498 10.75 20 0
7499 11 20 0
7500 11.25 20 0
7501 11.5 20 0
7502 11.75 20 0
7503 12 20 0
7504 12.5 20 0
7505 13 20 0
7506 13.5 20 0
7507 14 20 0
7508 14.5 20 0
7509 15 20 0
7510 15.5 20 0
7511 16 20 0
7512 16.5 20 0
7513 17 20 0
7514 17.5 20 0
7515 18 20 0
7516 18.5 20 0
7517 19 20 0
7518 19.5 20 0
7519 20 20 0
7520 0 20.25 0
7521 0.1 20.25 0
7522 0.2 20.25 0
7523 0.3 20.25 0
7524 0.4 20.25 0
7525 0.5 20.25 0
7526 0.6 20.25 0
7527 0.7 20.25 0
7528 0.8 20.25 0
7529 0.9 20.25 0
7530 1 20.25 0
7531 1.1 20.25 0
7532 1.2 20.25 0
7533 1.3 20.25 0
7534 1.4 20.25 0
7535 1.5 20.25 0
7536 1.6 20.25 0
7537 1.7 20.25 0
7538 1.8 20.25 0
7539 1.9 20.25 0
7540 2 20.25 0
7541 2.1 20.25 0
7542 2.2 20.25 0
7543 2.3 20.25 0
7544 2.4 20.25 0
7545 2.5 20.25 0
7546 2.6 20.25 0
7547 2.7 20.25 0
7548 2.8 20.25 0
7549 2.9 20.25 0
7550 3 20.25 0
7551 3.1 20.25 0
7552 3.2 20.25 0
7553 3.3 20.25 0
7554 3.4 20.25 0
7555 3.5 20.25 0
7556 3.6 20.25 0
7557 3.7 20.25 0
7558 3.8 20.25 0
7559 3.9 20.25 0
7560 4 20.25 0
7561 4.1 20.25 0
7562 4.2 20.25 0
7563 4.3 20.25 0
7564 4.4 20.25 0
7565 4.5 20.25 0
7566 4.6 20.25 0
7567 4.7 20.25 0
7568 4.8 20.25 0
7569 4.9 20.25 0
7570 5 20.25 0
7571 5.15 20.25 0
7572 5.3 20.25 0
7573 5.45 20.25 0
7574 5.6 20.25 0
7575 5.75 20.25 0
7576 5.9 20.25 0
7577 6.05 20.25 0
7578 6.2 20.25 0
7579 6.35 20.25 0
7580 6.5 20.25 0
7581 6.65 20.25 0
7582 6.8 20.25 0
7583 6.95 20.25 0
7584 7.1 20.25 0
7585 7.25 20.25 0
7586 7.4 20.25 0
7587 7.55 20.25 0
7588 7.7 20.25 0
7589 7.85 20.25 0
7590 8 20.25 0
7591 8.25 20.25 0
7592 8.5 20.25 0
7593 8.75 20.25 0
7594 9 20.25 0
7595 9.25 20.25 0
7596 9.5 20.25 0
7597 9.75 20.25 0
7598 10 20.25 0
7599 10.25 20.25 0
7600 10.5 20.25 0
7601 10.75 20.25 0
7602 11 20.25 0
7603 11.25 20.25 0
7604 11.5 20.25 0
7605 11.75 20.25 0
7606 12 20.25 0
7607 12.5 20.25 0
7608 13 20.25 0
7609 13.5 20.25 0
7610 14 20.25 0
7611 14.5 20.25 0
7612 15 20.25 0
7613 15.5 20.25 0
7614 16 20.25 0
7615 16.5 20.25 0
7616 17 20.25 0
7617 17.5 20.25 0
7618 18 20.25 0
7619 18.5 20.25 0
7620 19 20.25 0
7621 19.5 20.25 0
7622 20 20.25 0
7623 0 20.5 0
7624 0.1 20.5 0
7625 0.2 20.5 0
7626 0.3 20.5 0
7627 0.4 20.5 0
7628 0.5 20.5 0
7629 0.6 20.5 0
7630 0.7 20.5 0
7631 0.8 20.5 0
7632 0.9 20.5 0
7633 1 20.5 0
7634 1.1 20.5 0
7635 1.2 20.5 0
7636 1.3 20.5 0
7637 1.4 20.5 0
7638 1.5 20.5 0
7639 1.6 20.5 0
7640 1.7 20.5 0
7641 1.8 20.5 0
7642 1.9 20.5 0
7643 2 20.5 0
7644 2.1 20.5 0
7645 2.2 20.5 0
7646 2.3 20.5 0
7647 2.4 20.5 0
7648 2.5 20.5 0
7649 2.6 20.5 0
7650 2.7 20.5 0
7651 2.8 20.5 0
7652 2.9 20.5 0
7653 3 20.5 0
7654 3.1 20.5 0
7655 3.2 20.5 0
7656 3.3 20.5 0
7657 3.4 20.5 0
7658 3.5 20.5 0
7659 3.6 20.5 0
7660 3.7 20.5 0
7661 3.8 20.5 0
7662 3.9 20.5 0
7663 4 20.5 0
7664 4.1 20.5 0
7665 4.2 20.5 0
7666 4.3 20.5 0
7667 4.4 20.5 0
7668 4.5 20.5 0
7669 4.6 20.5 0
7670 4.7 20.5 0
7671 4.8 20.5 0
7672 4.9 20.5 0
7673 5 20.5 0
7674 5.15 20.5 0
7675 5.3 20.5 0
7676 5.45 20.5 0
7677 5.6 20.5 0
7678 5.75 20.5 0
7679 5.9 20.5 0
7680 6.05 20.5 0
7681 6.2 20.5 0
7682 6.35 20.5 0
7683 6.5 20.5 0
7684 6.65 20.5 0
7685 6.8 20.5 0
7686 6.95 20.5 0
7687 7.1 20.5 0
7688 7.25 20.5 0
7689 7.4 20.5 0
7690 7.55 20.5 0
7691 7.7 20.5 0
7692 7.85 20.5 0
7693 8 20.5 0
7694 8.25 20.5 0
7695 8.5 20.5 0
7696 8.75 20.5 0
7697 9 20.5 0
7698 9.25 20.5 0
7699 9.5 20.5 0
7700 9.75 20.5 0
7701 10 20.5 0
7702 10.25 20.5 0
7703 10.5 20.5 0
7704 10.75 20.5 0
7705 11 20.5 0
7706 11.25 20.5 0
7707 11.5 20.5 0
7708 11.75 20.5 0
7709 12 20.5 0
7710 12.5 20.5 0
7711 13 20.5 0
7712 13.5 20.5 0
7713 14 20.5 0
7714 14.5 20.5 0
7715 15 20.5 0
7716 15.5 20.5 0
7717 16 20.5 0
7718 16.5 20.5 0
7719 17 20.5 0
7720 17.5 20.5 0
7721 18 20.5 0
7722 18.5 20.5 0
7723 19 20.5 0
7724 19.5 20.5 0
7725 20 20.5 0
7726 0 20.75 0
7727 0.1 20.75 0
7728 0.2 20.75 0
7729 0.3 20.75 0
7730 0.4 20.75 0
7731 0.5 20.75 0
7732 0.6 20.75 0
7733 0.7 20.75 0
7734 0.8 20.75 0
7735 0.9 20.75 0
7736 1 20.75 0
7737 1.1 20.75 0
7738 1.2 20.75 0
7739 1.3 20.75 0
7740 1.4 20.75 0
7741 1.5 20.75 0
7742 1.6 20.75 0
7743 1.7 20.75 0
7744 1.8 20.75 0
7745 1.9 20.75 0
7746 2 20.75 0
7747 2.1 20.75 0
7748 2.2 20.75 0
7749 2.3 20.75 0
7750 2.4 20.75 0
7751 2.5 20.75 0
7752 2.6 20.75 0
7753 2.7 20.75 0
7754 2.8 20.75 0
7755 2.9 20.75 0
7756 3 20.75 0
7757 3.1 20.75 0
7758 3.2 20.75 0
7759 3.3 20.75 0
7760 3.4 20.75 0
7761 3.5 20.75 0
7762 3.6 20.75 0
7763 3.7 20.75 0
7764 3.8 20.75 0
7765 3.9 20.75 0
7766 4 20.75 0
7767 4.1 20.75 0
7768 4.2 20.75 0
7769 4.3 20.75 0
7770 4.4 20.75 0
7771 4.5 20.75 0
7772 4.6 20.75 0
7773 4.7 20.75 0
7774 4.8 20.75 0
7775 4.9 20.75 0
7776 5 20.75 0
7777 5.15 20.75 0
7778 5.3 20.75 0
7779 5.45 20.75 0
7780 5.6 20.75 0
7781 5.75 20.75 0
7782 5.9 20.75 0
7783 6.05 20.75 0
7784 6.2 20.75 0
7785 6.35 20.75 0
7786 6.5 20.75 0
7787 6.65 20.75 0
7788 6.8 20.75 0
7789 6.95 20.75 0
7790 7.1 20.75 0
7791 7.25 20.75 0
7792 7.4 20.75 0
7793 7.55 20.75 0
7794 7.7 20.75 0
7795 7.85 20.75 0
7796 8 20.75 0
7797 8.25 20.75 0
7798 8.5 20.75 0
7799 8.75 20.75 0
7800 9 20.75 0
7801 9.25 20.75 0
7802 9.5 20.75 0
7803 9.75 20.75 0
7804 10 20.75 0
7805 10.25 20.75 0
7806 10.5 20.75 0
7807 10.75 20.75 0
7808 11 20.75 0
7809 11.25 20.75 0
7810 11.5 20.75 0
7811 11.75 20.75 0
7812 12 20.75 0
7813 12.5 20.75 0
7814 13 20.75 0
7815 13.5 20.75 0
7816 14 20.75 0
7817 14.5 20.75 0
7818 15 20.75 0
7819 15.5 20.75 0
7820 16 20.75 0
7821 16.5 20.75 0
7822 17 20.75 0
7823 17.5 20.75 0
7824 18 20.75 0
7825 18.5 20.75 0
7826 19 20.75 0
7827 19.5 20.75 0
7828 20 20.75 0
7829 0 21 0
7830 0.1 21 0
7831 0.2 21 0
7832 0.3 21 0
7833 0.4 21 0
7834 0.5 21 0
7835 0.6 21 0
7836 0.7 21 0
7837 0.8 21 0
7838 0.9 21 0
7839 1 21 0
7840 1.1 21 0
7841 1.2 21 0
7842 1.3 21 0
7843 1.4 21 0
7844 1.5 21 0
7845 1.6 21 0
7846 1.7 21 0
7847 1.8 21 0
7848 1.9 21 0
7849 2 21 0
7850 2.1 21 0
7851 2.2 21 0
7852 2.3 21 0
7853 2.4 21 0
7854 2.5 21 0
7855 2.6 21 0
7856 2.7 21 0
7857 2.8 21 0
7858 2.9 21 0
7859 3 21 0
7860 3.1 21 0
7861 3.2 21 0
7862 3.3 21 0
7863 3.4 21 0
7864 3.5 21 0
7865 3.6 21 0
7866 3.7 21 0
7867 3.8 21 0
7868 3.9 21 0
7869 4 21 0
7870 4.1 21 0
7871 4.2 21 0
7872 4.3 21 0
7873 4.4 21 0
7874 4.5 21 0
7875 4.6 21 0
7876 4.7 21 0
7877 4.8 21 0
7878 4.9 21 0
7879 5 21 0
7880 5.15 21 0
7881 5.3 21 0
7882 5.45 21 0
7883 5.6 21 0
7884 5.75 21 0
7885 5.9 21 0
7886 6.05 21 0
7887 6.2 21 0
7888 6.35 21 0
7889 6.5 21 0
7890 6.65 21 0
7891 6.8 21 0
7892 6.95 21 0
7893 7.1 21 0
7894 7.25 21 0
7895 7.4 21 0
7896 7.55 21 0
7897 7.7 21 0
7898 7.85 21 0
7899 8 21 0
7900 8.25 21 0
7901 8.5 21 0
7902 8.75 21 0
7903 9 21 0
7904 9.25 21 0
7905 9.5 21 0
7906 9.75 21 0
7907 10 21 0
7908 10.25 21 0
7909 10.5 21 0
7910 10.75 21 0
7911 11 21 0
7912 11.25 21 0
7913 11.5 21 0
7914 11.75 21 0
7915 12 21 0
7916 12.5 21 0
7917 13 21 0
7918 13.5 21 0
7919 14 21 0
7920 14.5 21 0
7921 15 21 0
7922 15.5 21 0
7923 16 21 0
7924 16.5 21 0
7925 17 21 0
7926 17.5 21 0
7927 18 21 0
7928 18.5 21 0
7929 19 21 0
7930 19.5 21 0
7931 20 21 0
7932 0 21.25 0
7933 0.1 21.25 0
7934 0.2 21.25 0
7935 0.3 21.25 0
7936 0.4 21.25 0
7937 0.5 21.25 0
7938 0.6 21.25 0
7939 0.7 21.25 0
7940 0.8 21.25 0
7941 0.9 21.25 0
7942 1 21.25 0
7943 1.1 21.25 0
7944 1.2 21.25 0
7945 1.3 21.25 0
7946 1.4 21.25 0
7947 1.5 21.25 0
7948 1.6 21.25 0
7949 1.7 21.25 0
7950 1.8 21.25 0
7951 1.9 21.25 0
7952 2 21.25 0
7953 2.1 21.25 0
7954 2.2 21.25 0
7955 2.3 21.25 0
7956 2.4 21.25 0
7957 2.5 21.25 0
7958 2.6 21.25 0
7959 2.7 21.25 0
7960 2.8 21.25 0
7961 2.9 21.25 0
7962 3 21.25 0
7963 3.1 21.25 0
7964 3.2 21.25 0
7965 3.3 21.25 0
7966 3.4 21.25 0
7967 3.5 21.25 0
7968 3.6 21.25 0
7969 3.7 21.25 0
7970 3.8 21.25 0
7971 3.9 21.25 0
7972 4 21.25 0
7973 4.1 21.25 0
7974 4.2 21.25 0
7975 4.3 21.25 0
7976 4.4 21.25 0
7977 4.5 21.25 0
7978 4.6 21.25 0
7979 4.7 21.25 0
7980 4.8 21.25 0
7981 4.9 21.25 0
7982 5 21.25 0
7983 5.15 21.25 0
7984 5.3 21.25 0
7985 5.45 21.25 0
7986 5.6 21.25 0
7987 5.75 21.25 0
7988 5.9 21.25 0
7989 6.05 21.25 0
7990 6.2 21.25 0
7991 6.35 21.25 0
7992 6.5 21.25 0
7993 6.65 21.25 0
7994 6.8 21.25 0
7995 6.95 21.25 0
7996 7.1 21.25 0
7997 7.25 21.25 0
7998 7.4 21.25 0
7999 7.55 21.25 0
8000 7.7 21.25 0
8001 7.85 21.25 0
8002 8 21.25 0
8003 8.25 21.25 0
8004 8.5 21.25 0
8005 8.75 21.25 0
8006 9 21.25 0
8007 9.25 21.25 0
8008 9.5 21.25 0
8009 9.75 21.25 0
8010 10 21.25 0
8011 10.25 21.25 0
8012 10.5 21.25 0
8013 10.75 21.25 0
8014 11 21.25 0
8015 11.25 21.25 0
8016 11.5 21.25 0
8017 11.75 21.25 0
8018 12 21.25 0
8019 12.5 21.25 0
8020 13 21.25 0
8021 13.5 21.25 0
8022 14 21.25 0
8023 14.5 21.25 0
8024 15 21.25 0
8025 15.5 21.25 0
8026 16 21.25 0
8027 16.5 21.25 0
8028 17 21.25 0
8029 17.5 21.25 0
8030 18 21.25 0
8031 18.5 21.25 0
8032 19 21.25 0
8033 19.5 21.25 0
8034 20 21.25 0
8035 0 21.5 0
8036 0.1 21.5 0
8037 0.2 21.5 0
8038 0.3 21.5 0
8039 0.4 21.5 0
8040 0.5 21.5 0
8041 0.6 21.5 0
8042 0.7 21.5 0
8043 0.8 21.5 0
8044 0.9 21.5 0
8045 1 21.5 0
8046 1.1 21.5 0
8047 1.2 21.5 0
8048 1.3 21.5 0
8049 1.4 21.5 0
8050 1.5 21.5 0
8051 1.6 21.5 0
8052 1.7 21.5 0
8053 1.8 21.5 0
8054 1.9 21.5 0
8055 2 21.5 0
8056 2.1 21.5 0
8057 2.2 21.5 0
8058 2.3 21.5 0
8059 2.4 21.5 0
8060 2.5 21.5 0
8061 2.6 21.5 0
8062 2.7 21.5 0
8063 2.8 21.5 0
8064 2.9 21.5 0
8065 3 21.5 0
8066 3.1 21.5 0
8067 3.2 21.5 0
8068 3.3 21.5 0
8069 3.4 21.5 0
8070 3.5 21.5 0
8071 3.6 21.5 0
8072 3.7 21.5 0
8073 3.8 21.5 0
8074 3.9 21.5 0
8075 4 21.5 0
8076 4.1 21.5 0
8077 4.2 21.5 0
8078 4.3 21.5 0
8079 4.4 21.5 0
8080 4.5 21.5 0
8081 4.6 21.5 0
8082 4.7 21.5 0
8083 4.8 21.5 0
8084 4.9 21.5 0
8085 5 21.5 0
8086 5.15 21.5 0
8087 5.3 21.5 0
8088 5.45 21.5 0
8089 5.6 21.5 0
8090 5.75 21.5 0
8091 5.9 21.5 0
8092 6.05 21.5 0
8093 6.2 21.5 0
8094 6.35 21.5 0
8095 6.5 21.5 0
8096 6.65 21.5 0
8097 6.8 21.5 0
8098 6.95 21.5 0
8099 7.1 21.5 0
8100 7.25 21.5 0
8101 7.4 21.5 0
8102 7.55 21.5 0
8103 7.7 21.5 0
8104 7.85 21.5 0
8105 8 21.5 0
8106 8.25 21.5 0
8107 8.5 21.5 0
8108 8.75 21.5 0
8109 9 21.5 0
8110 9.25 21.5 0
8111 9.5 21.5 0
8112 9.75 21.5 0
8113 10 21.5 0
8114 10.25 21.5 0
8115 10.5 21.5 0
8116 10.75 21.5 0
8117 11 21.5 0
8118 11.25 21.5 0
8119 11.5 21.5 0
8120 11.75 21.5 0
8121 12 21.5 0
8122 12.5 21.5 0
8123 13 21.5 0
8124 13.5 21.5 0
8125 14 21.5 0
8126 14.5 21.5 0
8127 15 21.5 0
8128 15.5 21.5 0
8129 16 21.5 0
8130 16.5 21.5 0
8131 17 21.5 0
8132 17.5 21.5 0
8133 18 21.5 0
8134 18.5 21.5 0
8135 19 21.5 0
8136 19.5 21.5 0
8137 20 21.5 0
8138 0 21.75 0
8139 0.1 21.75 0
8140 0.2 21.75 0
8141 0.3 21.75 0
8142 0.4 21.75 0
8143 0.5 21.75 0
8144 0.6 21.75 0
8145 0.7 21.75 0
8146 0.8 21.75 0
8147 0.9 21.75 0
8148 1 21.75 0
8149 1.1 21.75 0
8150 1.2 21.75 0
8151 1.3 21.75 0
8152 1.4 21.75 0
8153 1.5 21.75 0
8154 1.6 21.75 0
8155 1.7 21.75 0
8156 1.8 21.75 0
8157 1.9 21.75 0
8158 2 21.75 0
8159 2.1 21.75 0
8160 2.2 21.75 0
8161 2.3 21.75 0
8162 2.4 21.75 0
8163 2.5 21.75 0
8164 2.6 21.75 0
8165 2.7 21.75 0
8166 2.8 21.75 0
8167 2.9 21.75 0
8168 3 21.75 0
8169 3.1 21.75 0
8170 3.2 21.75 0
8171 3.3 21.75 0
8172 3.4 21.75 0
8173 3.5 21.75 0
8174 3.6 21.75 0
8175 3.7 21.75 0
8176 3.8 21.75 0
8177 3.9 21.75 0
8178 4 21.75 0
8179 4.1 21.75 0
8180 4.2 21.75 0
8181 4.3 21.75 0
8182 4.4 21.75 0
8183 4.5 21.75 0
8184 4.6 21.75 0
8185 4.7 21.75 0
8186 4.8 21.75 0
8187 4.9 21.75 0
8188 5 21.75 0
8189 5.15 21.75 0
8190 5.3 21.75 0
8191 5.45 21.75 0
8192 5.6 21.75 0
8193 5.75 21.75 0
8194 5.9 21.75 0
8195 6.05 21.75 0
8196 6.2 21.75 0
8197 6.35 21.75 0
8198 6.5 21.75 0
8199 6.65 21.75 0
8200 6.8 21.75 0
8201 6.95 21.75 0
8202 7.1 21.75 0
8203 7.25 21.75 0
8204 7.4 21.75 0
8205 7.55 21.75 0
8206 7.7 21.75 0
8207 7.85 21.75 0
8208 8 21.75 0
8209 8.25 21.75 0
8210 8.5 21.75 0
8211 8.75 21.75 0
8212 9 21.75 0
8213 9.25 21.75 0
8214 9.5 21.75 0
8215 9.75 21.75 0
8216 10 21.75 0
8217 10.25 21.75 0
8218 10.5 21.75 0
8219 10.75 21.75 0
8220 11 21.75 0
8221 11.25 21.75 0
8222 11.5 21.75 0
8223 11.75 21.75 0
8224 12 21.75 0
8225 12.5 21.75 0
8226 13 21.75 0
8227 13.5 21.75 0
8228 14 21.75 0
8229 14.5 21.75 0
8230 15 21.75 0
8231 15.5 21.75 0
8232 16 21.75 0
8233 16.5 21.75 0
8234 17 21.75 0
8235 17.5 21.75 0
8236 18 21.75 0
8237 18.5 21.75 0
8238 19 21.75 0
8239 19.5 21.75 0
8240 20 21.75 0
8241 0 22 0
8242 0.1 22 0
8243 0.2 22 0
8244 0.3 22 0
8245 0.4 22 0
8246 0.5 22 0
8247 0.6 22 0
8248 0.7 22 0
8249 0.8 22 0
8250 0.9 22 0
8251 1 22 0
8252 1.1 22 0
8253 1.2 22 0
8254 1.3 22 0
8255 1.4 22 0
8256 1.5 22 0
8257 1.6 22 0
8258 1.7 22 0
8259 1.8 22 0
8260 1.9 22 0
8261 2 22 0
8262 2.1 22 0
8263 2.2 22 0
8264 2.3 22 0
8265 2.4 22 0
8266 2.5 22 0
8267 2.6 22 0
8268 2.7 22 0
8269 2.8 22 0
8270 2.9 22 0
8271 3 22 0
8272 3.1 22 0
8273 3.2 22 0
8274 3.3 22 0
8275 3.4 22 0
8276 3.5 22 0
8277 3.6 22 0
8278 3.7 22 0
8279 3.8 22 0
8280 3.9 22 0
8281 4 22 0
8282 4.1 22 0
8283 4.2 22 0
8284 4.3 22 0
8285 4.4 22 0
8286 4.5 22 0
8287 4.6 22 0
8288 4.7 22 0
8289 4.8 22 0
8290 4.9 22 0
8291 5 22 0
8292 5.15 22 0
8293 5.3 22 0
8294 5.45 22 0
8295 5.6 22 0
8296 5.75 22 0
8297 5.9 22 0
8298 6.05 22 0
8299 6.2 22 0
8300 6.35 22 0
8301 6.5 22 0
8302 6.65 22 0
8303 6.8 22 0
8304 6.95 22 0
8305 7.1 22 0
8306 7.25 22 0
8307 7.4 22 0
8308 7.55 22 0
8309 7.7 22 0
8310 7.85 22 0
8311 8 22 0
8312 8.25 22 0
8313 8.5 22 0
8314 8.75 22 0
8315 9 22 0
8316 9.25 22 0
8317 9.5 22 0
8318 9.75 22 0
8319 10 22 0
8320 10.25 22 0
8321 10.5 22 0
8322 10.75 22 0
8323 11 22 0
8324 11.25 22 0
8325 11.5 22 0
8326 11.75 22 0
8327 12 22 0
8328 12.5 22 0
8329 13 22 0
8330 13.5 22 0
8331 14 22 0
8332 14.5 22 0
8333 15 22 0
8334 15.5 22 0
8335 16 22 0
8336 16.5 22 0
8337 17 22 0
8338 17.5 22 0
8339 18 22 0
8340 18.5 22 0
8341 19 22 0
8342 19.5 22 0
8343 20 22 0
8344 0 22.2 0
8345 0.1 22.2 0
8346 0.2 22.2 0
8347 0.3 22.2 0
8348 0.4 22.2 0
8349 0.5 22.2 0
8350 0.6 22.2 0
8351 0.7 22.2 0
8352 0.8 22.2 0
8353 0.9 22.2 0
8354 1 22.2 0
8355 1.1 22.2 0
8356 1.2 22.2 0
8357 1.3 22.2 0
8358 1.4 22.2 0
8359 1.5 22.2 0
8360 1.6 22.2 0
8361 1.7 22.2 0
8362 1.8 22.2 0
8363 1.9 22.2 0
8364 2 22.2 0
8365 2.1 22.2 0
8366 2.2 22.2 0
8367 2.3 22.2 0
8368 2.4 22.2 0
8369 2.5 22.2 0
8370 2.6 22.2 0
8371 2.7 22.2 0
8372 2.8 22.2 0
8373 2.9 22.2 0
8374 3 22.2 0
8375 3.1 22.2 0
8376 3.2 22.2 0
8377 3.3 22.2 0
8378 3.4 22.2 0
8379 3.5 22.2 0
8380 3.6 22.2 0
8381 3.7 22.2 0
8382 3.8 22.2 0
8383 3.9 22.2 0
8384 4 22.2 0
8385 4.1 22.2 0
8386 4.2 22.2 0
8387 4.3 22.2 0
8388 4.4 22.2 0
8389 4.5 22.2 0
8390 4.6 22.2 0
8391 4.7 22.2 0
8392 4.8 22.2 0
8393 4.9 22.2 0
8394 5 22.2 0
8395 5.15 22.2 0
8396 5.3 22.2 0
8397 5.45 22.2 0
8398 5.6 22.2 0
8399 5.75 22.2 0
8400 5.9 22.2 0
8401 6.05 22.2 0
8402 6.2 22.2 0
8403 6.35 22.2 0
8404 6.5 22.2 0
8405 6.65 22.2 0
8406 6.8 22.2 0
8407 6.95 22.2 0
8408 7.1 22.2 0
8409 7.25 22.2 0
8410 7.4 22.2 0
8411 7.55 22.2 0
8412 7.7 22.2 0
8413 7.85 22.2 0
8414 8 22.2 0
8415 8.25 22.2 0
8416 8.5 22.2 0
8417 8.75 22.2 0
8418 9 22.2 0
8419 9.25 22.2 0
8420 9.5 22.2 0
8421 9.75 22.2 0
8422 10 22.2 0
8423 10.25 22.2 0
8424 10.5 22.2 0
8425 10.75 22.2 0
8426 11 22.2 0
8427 11.25 22.2 0
8428 11.5 22.2 0
8429 11.75 22.2 0
8430 12 22.2 0
8431 12.5 22.2 0
8432 13 22.2 0
8433 13.5 22.2 0
8434 14 22.2 0
8435 14.5 22.2 0
8436 15 22.2 0
8437 15.5 22.2 0
8438 16 22.2 0
8439 16.5 22.2 0
8440 17 22.2 0
8441 17.5 22.2 0
8442 18 22.2 0
8443 18.5 22.2 0
8444 19 22.2 0
8445 19.5 22.2 0
8446 20 22.2 0
8447 0 22.4 0
8448 0.1 22.4 0
8449 0.2 22.4 0
8450 0.3 22.4 0
8451 0.4 22.4 0
8452 0.5 22.4 0
8453 0.6 22.4 0
8454 0.7 22.4 0
8455 0.8 22.4 0
8456 0.9 22.4 0
8457 1 22.4 0
8458 1.1 22.4 0
8459 1.2 22.4 0
8460 1.3 22.4 0
8461 1.4 22.4 0
8462 1.5 22.4 0
8463 1.6 22.4 0
8464 1.7 22.4 0
8465 1.8 22.4 0
8466 1.9 22.4 0
8467 2 22.4 0
8468 2.1 22.4 0
8469 2.2 22.4 0
8470 2.3 22.4 0
8471 2.4 22.4 0
8472 2.5 22.4 0
8473 2.6 22.4 0
8474 2.7 22.4 0
8475 2.8 22.4 0
8476 2.9 22.4 0
8477 3 22.4 0
8478 3.1 22.4 0
8479 3.2 22.4 0
8480 3.3 22.4 0
8481 3.4 22.4 0
8482 3.5 22.4 0
8483 3.6 22.4 0
8484 3.7 22.4 0
8485 3.8 22.4 0
8486 3.9 22.4 0
8487 4 22.4 0
8488 4.1 22.4 0
8489 4.2 22.4 0
8490 4.3 22.4 0
8491 4.4 22.4 0
8492 4.5 22.4 0
8493 4.6 22.4 0
8494 4.7 22.4 0
8495 4.8 22.4 0
8496 4.9 22.4 0
8497 5 22.4 0
8498 5.15 22.4 0
8499 5.3 22.4 0
8500 5.45 22.4 0
8501 5.6 22.4 0
8502 5.75 22.4 0
8503 5.9 22.4 0
8504 6.05 22.4 0
8505 6.2 22.4 0
8506 6.35 22.4 0
8507 6.5 22.4 0
8508 6.65 22.4 0
8509 6.8 22.4 0
8510 6.95 22.4 0
8511 7.1 22.4 0
8512 7.25 22.4 0
8513 7.4 22.4 0
8514 7.55 22.4 0
8515 7.7 22.4 0
8516 7.85 22.4 0
8517 8 22.4 0
8518 8.25 22.4 0
8519 8.5 22.4 0
8520 8.75 22.4 0
8521 9 22.4 0
8522 9.25 22.4 0
8523 9.5 22.4 0
8524 9.75 22.4 0
8525 10 22.4 0
8526 10.25 22.4 0
8527 10.5 22.4 0
8528 10.75 22.4 0
8529 11 22.4 0
8530 11.25 22.4 0
8531 11.5 22.4 0
8532 11.75 22.4 0
8533 12 22.4 0
8534 12.5 22.4 0
8535 13 22.4 0
8536 13.5 22.4 0
8537 14 22.4 0
8538 14.5 22.4 0
8539 15 22.4 0
8540 15.5 22.4 0
8541 16 22.4 0
8542 16.5 22.4 0
8543 17 22.4 0
8544 17.5 22.4 0
8545 18 22.4 0
8546 18.5 22.4 0
8547 19 22.4 0
8548 19.5 22.4 0
8549 20 22.4 0
8550 0 22.6 0
8551 0.1 22.6 0
8552 0.2 22.6 0
8553 0.3 22.6 0
8554 0.4 22.6 0
8555 0.5 22.6 0
8556 0.6 22.6 0
8557 0.7 22.6 0
8558 0.8 22.6 0
8559 0.9 22.6 0
8560 1 22.6 0
8561 1.1 22.6 0
8562 1.2 22.6 0
8563 1.3 22.6 0
8564 1.4 22.6 0
8565 1.5 22.6 0
8566 1.6 22.6 0
8567 1.7 22.6 0
8568 1.8 22.6 0
8569 1.9 22.6 0
8570 2 22.6 0
8571 2.1 22.6 0
8572 2.2 22.6 0
8573 2.3 22.6 0
8574 2.4 22.6 0
8575 2.5 22.6 0
8576 2.6 22.6 0
8577 2.7 22.6 0
8578 2.8 22.6 0
8579 2.9 22.6 0
8580 3 22.6 0
8581 3.1 22.6 0
8582 3.2 22.6 0
8583 3.3 22.6 0
8584 3.4 22.6 0
8585 3.5 22.6 0
8586 3.6 22.6 0
8587 3.7 22.6 0
8588 3.8 22.6 0
8589 3.9 22.6 0
8590 4 22.6 0
8591 4.1 22.6 0
8592 4.2 22.6 0
8593 4.3 22.6 0
8594 4.4 22.6 0
8595 4.5 22.6 0
8596 4.6 22.6 0
8597 4.7 22.6 0
8598 4.8 22.6 0
8599 4.9 22.6 0
8600 5 22.6 0
8601 5.15 22.6 0
8602 5.3 22.6 0
8603 5.45 22.6 0
8604 5.6 22.6 0
8605 5.75 22.6 0
8606 5.9 22.6 0
8607 6.05 22.6 0
8608 6.2 22.6 0
8609 6.35 22.6 0
8610 6.5 22.6 0
8611 6.65 22.6 0
8612 6.8 22.6 0
8613 6.95 22.6 0
8614 7.1 22.6 0
8615 7.25 22.6 0
8616 7.4 22.6 0
8617 7.55 22.6 0
8618 7.7 22.6 0
8619 7.85 22.6 0
8620 8 22.6 0
8621 8.25 22.6 0
8622 8.5 22.6 0
8623 8.75 22.6 0
8624 9 22.6 0
8625 9.25 22.6 0
8626 9.5 22.6 0
8627 9.75 22.6 0
8628 10 22.6 0
8629 10.25 22.6 0
8630 10.5 22.6 0
8631 10.75 22.6 0
8632 11 22.6 0
8633 11.25 22.6 0
8634 11.5 22.6 0
8635 11.75 22.6 0
8636 12 22.6 0
8637 12.5 22.6 0
8638 13 22.6 0
8639 13.5 22.6 0
8640 14 22.6 0
8641 14.5 22.6 0
8642 15 22.6 0
8643 15.5 22.6 0
8644 16 22.6 0
8645 16.5 22.6 0
8646 17 22.6 0
8647 17.5 22.6 0
8648 18 22.6 0
8649 18.5 22.6 0
8650 19 22.6 0
8651 19.5 22.6 0
8652 20 22.6 0
8653 0 22.8 0
8654 0.1 22.8 0
8655 0.2 22.8 0
8656 0.3 22.8 0
8657 0.4 22.8 0
8658 0.5 22.8 0
8659 0.6 22.8 0
8660 0.7 22.8 0
8661 0.8 22.8 0
8662 0.9 22.8 0
8663 1 22.8 0
8664 1.1 22.8 0
8665 1.2 22.8 0
8666 1.3 22.8 0
8667 1.4 22.8 0
8668 1.5 22.8 0
8669 1.6 22.8 0
8670 1.7 22.8 0
8671 1.8 22.8 0
8672 1.9 22.8 0
8673 2 22.8 0
8674 2.1 22.8 0
8675 2.2 22.8 0
8676 2.3 22.8 0
8677 2.4 22.8 0
8678 2.5 22.8 0
8679 2.6 22.8 0
8680 2.7 22.8 0
8681 2.8 22.8 0
8682 2.9 22.8 0
8683 3 22.8 0
8684 3.1 22.8 0
8685 3.2 22.8 0
8686 3.3 22.8 0
8687 3.4 22.8 0
8688 3.5 22.8 0
8689 3.6 22.8 0
8690 3.7 22.8 0
8691 3.8 22.8 0
8692 3.9 22.8 0
8693 4 22.8 0
8694 4.1 22.8 0
8695 4.2 22.8 0
8696 4.3 22.8 0
8697 4.4 22.8 0
8698 4.5 22.8 0
8699 4.6 22.8 0
8700 4.7 22.8 0
8701 4.8 22.8 0
8702 4.9 22.8 0
8703 5 22.8 0
8704 5.15 22.8 0
8705 5.3 22.8 0
8706 5.45 22.8 0
8707 5.6 22.8 0
8708 5.75 22.8 0
8709 5.9 22.8 0
8710 6.05 22.8 0
8711 6.2 22.8 0
8712 6.35 22.8 0
8713 6.5 22.8 0
8714 6.65 22.8 0
8715 6.8 22.8 0
8716 6.95 22.8 0
8717 7.1 22.8 0
8718 7.25 22.8 0
8719 7.4 22.8 0
8720 7.55 22.8 0
8721 7.7 22.8 0
8722 7.85 22.8 0
8723 8 22.8 0
8724 8.25 22.8 0
8725 8.5 22.8 0
8726 8.75 22.8 0
8727 9 22.8 0
8728 9.25 22.8 0
8729 9.5 22.8 0
8730 9.75 22.8 0
8731 10 22.8 0
8732 10.25 22.8 0
8733 10.5 22.8 0
8734 10.75 22.8 0
8735 11 22.8 0
8736 11.25 22.8 0
8737 11.5 22.8 0
8738 11.75 22.8 0
8739 12 22.8 0
8740 12.5 22.8 0
8741 13 22.8 0
8742 13.5 22.8 0
8743 14 22.8 0
8744 14.5 22.8 0
8745 15 22.8 0
8746 15.5 22.8 0
8747 16 22.8 0
8748 16.5 22.8 0
8749 17 22.8 0
8750 17.5 22.8 0
8751 18 22.8 0
8752 18.5 22.8 0
8753 19 22.8 0
8754 19.5 22.8 0
8755 20 22.8 0
8756 0 23 0
8757 0.1 23 0
8758 0.2 23 0
8759 0.3 23 0
8760 0.4 23 0
8761 0.5 23 0
8762 0.6 23 0
8763 0.7 23 0
8764 0.8 23 0
8765 0.9 23 0
8766 1 23 0
8767 1.1 23 0
8768 1.2 23 0
8769 1.3 23 0
8770 1.4 23 0
8771 1.5 23 0
8772 1.6 23 0
8773 1.7 23 0
8774 1.8 23 0
8775 1.9 23 0
8776 2 23 0
8777 2.1 23 0
8778 2.2 23 0
8779 2.3 23 0
8780 2.4 23 0
8781 2.5 23 0
8782 2.6 23 0
8783 2.7 23 0
8784 2.8 23 0
8785 2.9 23 0
8786 3 23 0
8787 3.1 23 0
8788 3.2 23 0
8789 3.3 23 0
8790 3.4 23 0
8791 3.5 23 0
8792 3.6 23 0
8793 3.7 23 0
8794 3.8 23 0
8795 3.9 23 0
8796 4 23 0
8797 4.1 23 0
8798 4.2 23 0
8799 4.3 23 0
8800 4.4 23 0
8801 4.5 23 0
8802 4.6 23 0
8803 4.7 23 0
8804 4.8 23 0
8805 4.9 23 0
8806 5 23 0
8807 5.15 23 0
8808 5.3 23 0
8809 5.45 23 0
8810 5.6 23 0
8811 5.75 23 0
8812 5.9 23 0
8813 6.05 23 0
8814 6.2 23 0
8815 6.35 23 0
8816 6.5 23 0
8817 6.65 23 0
8818 6.8 23 0
8819 6.95 23 0
8820 7.1 23 0
8821 7.25 23 0
8822 7.4 23 0
8823 7.55 23 0
8824 7.7 23 0
8825 7.85 23 0
8826 8 23 0
8827 8.25 23 0
8828 8.5 23 0
8829 8.75 23 0
8830 9 23 0
8831 9.25 23 0
8832 9.5 23 0
8833 9.75 23 0
8834 10 23 0
8835 10.25 23 0
8836 10.5 23 0
8837 10.75 23 0
8838 11 23 0
8839 11.25 23 0
8840 11.5 23 0
8841 11.75 23 0
8842 12 23 0
8843 12.5 23 0
8844 13 23 0
8845 13.5 23 0
8846 14 23 0
8847 14.5 23 0
8848 15 23 0
8849 15.5 23 0
8850 16 23 0
8851 16.5 23 0
8852 17 23 0
8853 17.5 23 0
8854 18 23 0
8855 18.5 23 0
8856 19 23 0
8857 19.5 23 0
8858 20 23 0
8859 0 23.2 0
8860 0.1 23.2 0
8861 0.2 23.2 0
8862 0.3 23.2 0
8863 0.4 23.2 0
8864 0.5 23.2 0
8865 0.6 23.2 0
8866 0.7 23.2 0
8867 0.8 23.2 0
8868 0.9 23.2 0
8869 1 23.2 0
8870 1.1 23.2 0
8871 1.2 23.2 0
8872 1.3 23.2 0
8873 1.4 23.2 0
8874 1.5 23.2 0
8875 1.6 23.2 0
8876 1.7 23.2 0
8877 1.8 23.2 0
8878 1.9 23.2 0
8879 2 23.2 0
8880 2.1 23.2 0
8881 2.2 23.2 0
8882 2.3 23.2 0
8883 2.4 23.2 0
8884 2.5 23.2 0
8885 2.6 23.2 0
8886 2.7 23.2 0
8887 2.8 23.2 0
8888 2.9 23.2 0
8889 3 23.2 0
8890 3.1 23.2 0
8891 3.2 23.2 0
8892 3.3 23.2 0
8893 3.4 23.2 0
8894 3.5 23.2 0
8895 3.6 23.2 0
8896 3.7 23.2 0
8897 3.8 23.2 0
8898 3.9 23.2 0
8899 4 23.2 0
8900 4.1 23.2 0
8901 4.2 23.2 0
8902 4.3 23.2 0
8903 4.4 23.2 0
8904 4.5 23.2 0
8905 4.6 23.2 0
8906 4.7 23.2 0
8907 4.8 23.2 0
8908 4.9 23.2 0
8909 5 23.2 0
8910 5.15 23.2 0
8911 5.3 23.2 0
8912 5.45 23.2 0
8913 5.6 23.2 0
8914 5.75 23.2 0
8915 5.9 23.2 0
8916 6.05 23.2 0
8917 6.2 23.2 0
8918 6.35 23.2 0
8919 6.5 23.2 0
8920 6.65 23.2 0
8921 6.8 23.2 0
8922 6.95 23.2 0
8923 7.1 23.2 0
8924 7.25 23.2 0
8925 7.4 23.2 0
8926 7.55 23.2 0
8927 7.7 23.2 0
8928 7.85 23.2 0
8929 8 23.2 0
8930 8.25 23.2 0
8931 8.5 23.2 0
8932 8.75 23.2 0
8933 9 23.2 0
8934 9.25 23.2 0
8935 9.5 23.2 0
8936 9.75 23.2 0
8937 10 23.2 0
8938 10.25 23.2 0
8939 10.5 23.2 0
8940 10.75 23.2 0
8941 11 23.2 0
8942 11.25 23.2 0
8943 11.5 23.2 0
8944 11.75 23.2 0
8945 12 23.2 0
8946 12.5 23.2 0
8947 13 23.2 0
8948 13.5 23.2 0
8949 14 23.2 0
8950 14.5 23.2 0
8951 15 23.2 0
8952 15.5 23.2 0
8953 16 23.2 0
8954 16.5 23.2 0
8955 17 23.2 0
8956 17.5 23.2 0
8957 18 23.2 0
8958 18.5 23.2 0
8959 19 23.2 0
8960 19.5 23.2 0
8961 20 23.2 0
8962 0 23.4 0
8963 0.1 23.4 0
8964 0.2 23.4 0
8965 0.3 23.4 0
8966 0.4 23.4 0
8967 0.5 23.4 0
8968 0.6 23.4 0
8969 0.7 23.4 0
8970 0.8 23.4 0
8971 0.9 23.4 0
8972 1 23.4 0
8973 1.1 23.4 0
8974 1.2 23.4 0
8975 1.3 23.4 0
8976 1.4 23.4 0
8977 1.5 23.4 0
8978 1.6 23.4 0
8979 1.7 23.4 0
8980 1.8 23.4 0
8981 1.9 23.4 0
8982 2 23.4 0
8983 2.1 23.4 0
8984 2.2 23.4 0
8985 2.3 23.4 0
8986 2.4 23.4 0
8987 2.5 23.4 0
8988 2.6 23.4 0
8989 2.7 23.4 0
8990 2.8 23.4 0
8991 2.9 23.4 0
8992 3 23.4 0
8993 3.1 23.4 0
8994 3.2 23.4 0
8995 3.3 23.4 0
8996 3.4 23.4 0
8997 3.5 23.4 0
8998 3.6 23.4 0
8999 3.7 23.4 0
9000 3.8 23.4 0
9001 3.9 23.4 0
9002 4 23.4 0
9003 4.1 23.4 0
9004 4.2 23.4 0
9005 4.3 23.4 0
9006 4.4 23.4 0
9007 4.5 23.4 0
9008 4.6 23.4 0
9009 4.7 23.4 0
9010 4.8 23.4 0
9011 4.9 23.4 0
9012 5 23.4 0
9013 5.15 23.4 0
9014 5.3 23.4 0
9015 5.45 23.4 0
9016 5.6 23.4 0
9017 5.75 23.4 0
9018 5.9 23.4 0
9019 6.05 23.4 0
9020 6.2 23.4 0
9021 6.35 23.4 0
9022 6.5 23.4 0
9023 6.65 23.4 0
9024 6.8 23.4 0
9025 6.95 23.4 0
9026 7.1 23.4 0
9027 7.25 23.4 0
9028 7.4 23.4 0
9029 7.55 23.4 0
9030 7.7 23.4 0
9031 7.85 23.4 0
9032 8 23.4 0
9033 8.25 23.4 0
9034 8.5 23.4 0
9035 8.75 23.4 0
9036 9 23.4 0
9037 9.25 23.4 0
9038 9.5 23.4 0
9039 9.75 23.4 0
9040 10 23.4 0
9041 10.25 23.4 0
9042 10.5 23.4 0
9043 10.75 23.4 0
9044 11 23.4 0
9045 11.25 23.4 0
9046 11.5 23.4 0
9047 11.75 23.4 0
9048 12 23.4 0
9049 12.5 23.4 0
9050 13 23.4 0
9051 13.5 23.4 0
9052 14 23.4 0
9053 14.5 23.4 0
9054 15 23.4 0
9055 15.5 23.4 0
9056 16 23.4 0
9057 16.5 23.4 0
9058 17 23.4 0
9059 17.5 23.4 0
9060 18 23.4 0
9061 18.5 23.4 0
9062 19 23.4 0
9063 19.5 23.4 0
9064 20 23.4 0
9065 0 23.6 0
9066 0.1 23.6 0
9067 0.2 23.6 0
9068 0.3 23.6 0
9069 0.4 23.6 0
9070 0.5 23.6 0
9071 0.6 23.6 0
9072 0.7 23.6 0
9073 0.8 23.6 0
9074 0.9 23.6 0
9075 1 23.6 0
9076 1.1 23.6 0
9077 1.2 23.6 0
9078 1.3 23.6 0
9079 1.4 23.6 0
9080 1.5 23.6 0
9081 1.6 23.6 0
9082 1.7 23.6 0
9083 1.8 23.6 0
9084 1.9 23.6 0
9085 2 23.6 0
9086 2.1 23.6 0
9087 2.2 23.6 0
9088 2.3 23.6 0
9089 2.4 23.6 0
9090 2.5 23.6 0
9091 2.6 23.6 0
9092 2.7 23.6 0
9093 2.8 23.6 0
9094 2.9 23.6 0
9095 3 23.6 0
9096 3.1 23.6 0
9097 3.2 23.6 0
9098 3.3 23.6 0
9099 3.4 23.6 0
9100 3.5 23.6 0
9101 3.6 23.6 0
9102 3.7 23.6 0
9103 3.8 23.6 0
9104 3.9 23.6 0
9105 4 23.6 0
9106 4.1 23.6 0
9107 4.2 23.6 0
9108 4.3 23.6 0
9109 4.4 23.6 0
9110 4.5 23.6 0
9111 4.6 23.6 0
9112 4.7 23.6 0
9113 4.8 23.6 0
9114 4.9 23.6 0
9115 5 23.6 0
9116 5.15 23.6 0
9117 5.3 23.6 0
9118 5.45 23.6 0
9119 5.6 23.6 0
9120 5.75 23.6 0
9121 5.9 23.6 0
9122 6.05 23.6 0
9123 6.2 23.6 0
9124 6.35 23.6 0
9125 6.5 23.6 0
9126 6.65 23.6 0
9127 6.8 23.6 0
9128 6.95 23.6 0
9129 7.1 23.6 0
9130 7.25 23.6 0
9131 7.4 23.6 0
9132 7.55 23.6 0
9133 7.7 23.6 0
9134 7.85 23.6 0
9135 8 23.6 0
9136 8.25 23.6 0
9137 8.5 23.6 0
9138 8.75 23.6 0
9139 9 23.6 0
9140 9.25 23.6 0
9141 9.5 23.6 0
9142 9.75 23.6 0
9143 10 23.6 0
9144 10.25 23.6 0
9145 10.5 23.6 0
9146 10.75 23.6 0
9147 11 23.6 0
9148 11.25 23.6 0
9149 11.5 23.6 0
9150 11.75 23.6 0
9151 12 23.6 0
9152 12.5 23.6 0
9153 13 23.6 0
9154 13.5 23.6 0
9155 14 23.6 0
9156 14.5 23.6 0
9157 15 23.6 0
9158 15.5 23.6 0
9159 16 23.6 0
9160 16.5 23.6 0
9161 17 23.6 0
9162 17.5 23.6 0
9163 18 23.6 0
9164 18.5 23.6 0
9165 19 23.6 0
9166 19.5 23.6 0
9167 20 23.6 0
9168 0 23.8 0
9169 0.1 23.8 0
9170 0.2 23.8 0
9171 0.3 23.8 0
9172 0.4 23.8 0
9173 0.5 23.8 0
9174 0.6 23.8 0
9175 0.7 23.8 0
9176 0.8 23.8 0
9177 0.9 23.8 0
9178 1 23.8 0
9179 1.1 23.8 0
9180 1.2 23.8 0
9181 1.3 23.8 0
9182 1.4 23.8 0
9183 1.5 23.8 0
9184 1.6 23.8 0
9185 1.7 23.8 0
9186 1.8 23.8 0
9187 1.9 23.8 0
9188 2 23.8 0
9189 2.1 23.8 0
9190 2.2 23.8 0
9191 2.3 23.8 0
9192 2.4 23.8 0
9193 2.5 23.8 0
9194 2.6 23.8 0
9195 2.7 23.8 0
9196 2.8 23.8 0
9197 2.9 23.8 0
9198 3 23.8 0
9199 3.1 23.8 0
9200 3.2 23.8 0
9201 3.3 23.8 0
9202 3.4 23.8 0
9203 3.5 23.8 0
9204 3.6 23.8 0
9205 3.7 23.8 0
9206 3.8 23.8 0
9207 3.9 23.8 0
9208 4 23.8 0
9209 4.1 23.8 0
9210 4.2 23.8 0
9211 4.3 23.8 0
9212 4.4 23.8 0
9213 4.5 23.8 0
9214 4.6 23.8 0
9215 4.7 23.8 0
9216 4.8 23.8 0
9217 4.9 23.8 0
9218 5 23.8 0
9219 5.15 23.8 0
9220 5.3 23.8 0
9221 5.45 23.8 0
9222 5.6 23.8 0
9223 5.75 23.8 0
9224 5.9 23.8 0
9225 6.05 23.8 0
9226 6.2 23.8 0
9227 6.35 23.8 0
9228 6.5 23.8 0
9229 6.65 23.8 0
9230 6.8 23.8 0
9231 6.95 23.8 0
9232 7.1 23.8 0
9233 7.25 23.8 0
9234 7.4 23.8 0
9235 7.55 23.8 0
9236 7.7 23.8 0
9237 7.85 23.8 0
9238 8 23.8 0
9239 8.25 23.8 0
9240 8.5 23.8 0
9241 8.75 23.8 0
9242 9 23.8 0
9243 9.25 23.8 0
9244 9.5 23.8 0
9245 9.75 23.8 0
9246 10 23.8 0
9247 10.25 23.8 0
9248 10.5 23.8 0
9249 10.75 23.8 0
9250 11 23.8 0
9251 11.25 23.8 0
9252 11.5 23.8 0
9253 11.75 23.8 0
9254 12 23.8 0
9255 12.5 23.8 0
9256 13 23.8 0
9257 13.5 23.8 0
9258 14 23.8 0
9259 14.5 23.8 0
9260 15 23.8 0
9261 15.5 23.8 0
9262 16 23.8 0
9263 16.5 23.8 0
9264 17 23.8 0
9265 17.5 23.8 0
9266 18 23.8 0
9267 18.5 23.8 0
9268 19 23.8 0
9269 19.5 23.8 0
9270 20 23.8 0
9271 0 24 0
9272 0.1 24 0
9273 0.2 24 0
9274 0.3 24 0
9275 0.4 24 0
9276 0.5 24 0
9277 0.6 24 0
9278 0.7 24 0
9279 0.8 24 0
9280 0.9 24 0
9281 1 24 0
9282 1.1 24 0
9283 1.2 24 0
9284 1.3 24 0
9285 1.4 24 0
9286 1.5 24 0
9287 1.6 24 0
9288 1.7 24 0
9289 1.8 24 0
9290 1.9 24 0
9291 2 24 0
9292 2.1 24 0
9293 2.2 24 0
9294 2.3 24 0
9295 2.4 24 0
9296 2.5 24 0
9297 2.6 24 0
9298 2.7 24 0
9299 2.8 24 0
9300 2.9 24 0
9301 3 24 0
9302 3.1 24 0
9303 3.2 24 0
9304 3.3 24 0
9305 3.4 24 0
9306 3.5 24 0
9307 3.6 24 0
9308 3.7 24 0
9309 3.8 24 0
9310 3.9 24 0
9311 4 24 0
9312 4.1 24 0
9313 4.2 24 0
9314 4.3 24 0
9315 4.4 24 0
9316 4.5 24 0
9317 4.6 24 0
9318 4.7 24 0
9319 4.8 24 0
9320 4.9 24 0
9321 5 24 0
9322 5.15 24 0
9323 5.3 24 0
9324 5.45 24 0
9325 5.6 24 0
9326 5.75 24 0
9327 5.9 24 0
9328 6.05 24 0
9329 6.2 24 0
9330 6.35 24 0
9331 6.5 24 0
9332 6.65 24 0
9333 6.8 24 0
9334 6.95 24 0
9335 7.1 24 0
9336 7.25 24 0
9337 7.4 24 0
9338 7.55 24 0
9339 7.7 24 0
9340 7.85 24 0
9341 8 24 0
9342 8.25 24 0
9343 8.5 24 0
9344 8.75 24 0
9345 9 24 0
9346 9.25 24 0
9347 9.5 24 0
9348 9.75 24 0
9349 10 24 0
9350 10.25 24 0
9351 10.5 24 0
9352 10.75 24 0
9353 11 24 0
9354 11.25 24 0
9355 11.5 24 0
9356 11.75 24 0
9357 12 24 0
9358 12.5 24 0
9359 13 24 0
9360 13.5 24 0
9361 14 24 0
9362 14.5 24 0
9363 15 24 0
9364 15.5 24 0
9365 16 24 0
9366 16.5 24 0
9367 17 24 0
9368 17.5 24 0
9369 18 24 0
9370 18.5 24 0
9371 19 24 0
9372 19.5 24 0
9373 20 24 0
9374 0 24.2 0
9375 0.1 24.2 0
9376 0.2 24.2 0
9377 0.3 24.2 0
9378 0.4 24.2 0
9379 0.5 24.2 0
9380 0.6 24.2 0
9381 0.7 24.2 0
9382 0.8 24.2 0
9383 0.9 24.2 0
9384 1 24.2 0
9385 1.1 24.2 0
9386 1.2 24.2 0
9387 1.3 24.2 0
9388 1.4 24.2 0
9389 1.5 24.2 0
9390 1.6 24.2 0
9391 1.7 24.2 0
9392 1.8 24.2 0
9393 1.9 24.2 0
9394 2 24.2 0
9395 2.1 24.2 0
9396 2.2 24.2 0
9397 2.3 24.2 0
9398 2.4 24.2 0
9399 2.5 24.2 0
9400 2.6 24.2 0
9401 2.7 24.2 0
9402 2.8 24.2 0
9403 2.9 24.2 0
9404 3 24.2 0
9405 3.1 24.2 0
9406 3.2 24.2 0
9407 3.3 24.2 0
9408 3.4 24.2 0
9409 3.5 24.2 0
9410 3.6 24.2 0
9411 3.7 24.2 0
9412 3.8 24.2 0
9413 3.9 24.2 0
9414 4 24.2 0
9415 4.1 24.2 0
9416 4.2 24.2 0
9417 4.3 24.2 0
9418 4.4 24.2 0
9419 4.5 24.2 0
9420 4.6 24.2 0
9421 4.7 24.2 0
9422 4.8 24.2 0
9423 4.9 24.2 0
9424 5 24.2 0
9425 5.15 24.2 0
9426 5.3 24.2 0
9427 5.45 24.2 0
9428 5.6 24.2 0
9429 5.75 24.2 0
9430 5.9 24.2 0
9431 6.05 24.2 0
9432 6.2 24.2 0
9433 6.35 24.2 0
9434 6.5 24.2 0
9435 6.65 24.2 0
9436 6.8 24.2 0
9437 6.95 24.2 0
9438 7.1 24.2 0
9439 7.25 24.2 0
9440 7.4 24.2 0
9441 7.55 24.2 0
9442 7.7 24.2 0
9443 7.85 24.2 0
9444 8 24.2 0
9445 8.25 24.2 0
9446 8.5 24.2 0
9447 8.75 24.2 0
9448 9 24.2 0
9449 9.25 24.2 0
9450 9.5 24.2 0
9451 9.75 24.2 0
9452 10 24.2 0
9453 10.25 24.2 0
9454 10.5 24.2 0
9455 10.75 24.2 0
9456 11 24.2 0
9457 11.25 24.2 0
9458 11.5 24.2 0
9459 11.75 24.2 0
9460 12 24.2 0
9461 12.5 24.2 0
9462 13 24.2 0
9463 13.5 24.2 0
9464 14 24.2 0
9465 14.5 24.2 0
9466 15 24.2 0
9467 15.5 24.2 0
9468 16 24.2 0
9469 16.5 24.2 0
9470 17 24.2 0
9471 17.5 24.2 0
9472 18 24.2 0
9473 18.5 24.2 0
9474 19 24.2 0
9475 19.5 24.2 0
9476 20 24.2 0
9477 0 24.4 0
9478 0.1 24.4 0
9479 0.2 24.4 0
9480 0.3 24.4 0
9481 0.4 24.4 0
9482 0.5 24.4 0
9483 0.6 24.4 0
9484 0.7 24.4 0
9485 0.8 24.4 0
9486 0.9 24.4 0
9487 1 24.4 0
9488 1.1 24.4 0
9489 1.2 24.4 0
9490 1.3 24.4 0
9491 1.4 24.4 0
9492 1.5 24.4 0
9493 1.6 24.4 0
9494 1.7 24.4 0
9495 1.8 24.4 0
9496 1.9 24.4 0
9497 2 24.4 0
9498 2.1 24.4 0
9499 2.2 24.4 0
9500 2.3 24.4 0
9501 2.4 24.4 0
9502 2.5 24.4 0
9503 2.6 24.4 0
9504 2.7 24.4 0
9505 2.8 24.4 0
9506 2.9 24.4 0
9507 3 24.4 0
9508 3.1 24.4 0
9509 3.2 24.4 0
9510 3.3 24.4 0
9511 3.4 24.4 0
9512 3.5 24.4 0
9513 3.6 24.4 0
9514 3.7 24.4 0
9515 3.8 24.4 0
9516 3.9 24.4 0
9517 4 24.4 0
9518 4.1 24.4 0
9519 4.2 24.4 0
9520 4.3 24.4 0
9521 4.4 24.4 0
9522 4.5 24.4 0
9523 4.6 24.4 0
9524 4.7 24.4 0
9525 4.8 24.4 0
9526 4.9 24.4 0
9527 5 24.4 0
9528 5.15 24.4 0
9529 5.3 24.4 0
9530 5.45 24.4 0
9531 5.6 24.4 0
9532 5.75 24.4 0
9533 5.9 24.4 0
9534 6.05 24.4 0
9535 6.2 24.4 0
9536 6.35 24.4 0
9537 6.5 24.4 0
9538 6.65 24.4 0
9539 6.8 24.4 0
9540 6.95 24.4 0
9541 7.1 24.4 0
9542 7.25 24.4 0
9543 7.4 24.4 0
9544 7.55 24.4 0
9545 7.7 24.4 0
9546 7.85 24.4 0
9547 8 24.4 0
9548 8.25 24.4 0
9549 8.5 24.4 0
9550 8.75 24.4 0
9551 9 24.4 0
9552 9.25 24.4 0
9553 9.5 24.4 0
9554 9.75 24.4 0
9555 10 24.4 0
9556 10.25 24.4 0
9557 10.5 24.4 0
9558 10.75 24.4 0
9559 11 24.4 0
9560 11.25 24.4 0
9561 11.5 24.4 0
9562 11.75 24.4 0
9563 12 24.4 0
9564 12.5 24.4 0
9565 13 24.4 0
9566 13.5 24.4 0
9567 14 24.4 0
9568 14.5 24.4 0
9569 15 24.4 0
9570 15.5 24.4 0
9571 16 24.4 0
9572 16.5 24.4 0
9573 17 24.4 0
9574 17.5 24.4 0
9575 18 24.4 0
9576 18.5 24.4 0
9577 19 24.4 0
9578 19.5 24.4 0
9579 20 24.4 0
9580 0 24.6 0
9581 0.1 24.6 0
9582 0.2 24.6 0
9583 0.3 24.6 0
9584 0.4 24.6 0
9585 0.5 24.6 0
9586 0.6 24.6 0
9587 0.7 24.6 0
9588 0.8 24.6 0
9589 0.9 24.6 0
9590 1 24.6 0
9591 1.1 24.6 0
9592 1.2 24.6 0
9593 1.3 24.6 0
9594 1.4 24.6 0
9595 1.5 24.6 0
9596 1.6 24.6 0
9597 1.7 24.6 0
9598 1.8 24.6 0
9599 1.9 24.6 0
9600 2 24.6 0
9601 2.1 24.6 0
9602 2.2 24.6 0
9603 2.3 24.6 0
9604 2.4 24.6 0
9605 2.5 24.6 0
9606 2.6 24.6 0
9607 2.7 24.6 0
9608 2.8 24.6 0
9609 2.9 24.6 0
9610 3 24.6 0
9611 3.1 24.6 0
9612 3.2 24.6 0
9613 3.3 24.6 0
9614 3.4 24.6 0
9615 3.5 24.6 0
9616 3.6 24.6 0
9617 3.7 24.6 0
9618 3.8 24.6 0
9619 3.9 24.6 0
9620 4 24.6 0
9621 4.1 24.6 0
9622 4.2 24.6 0
9623 4.3 24.6 0
9624 4.4 24.6 0
9625 4.5 24.6 0
9626 4.6 24.6 0
9627 4.7 24.6 0
9628 4.8 24.6 0
9629 4.9 24.6 0
9630 5 24.6 0
9631 5.15 24.6 0
9632 5.3 24.6 0
9633 5.45 24.6 0
9634 5.6 24.6 0
9635 5.75 24.6 0
9636 5.9 24.6 0
9637 6.05 24.6 0
9638 6.2 24.6 0
9639 6.35 24.6 0
9640 6.5 24.6 0
9641 6.65 24.6 0
9642 6.8 24.6 0
9643 6.95 24.6 0
9644 7.1 24.6 0
9645 7.25 24.6 0
9646 7.4 24.6 0
9647 7.55 24.6 0
9648 7.7 24.6 0
9649 7.85 24.6 0
9650 8 24.6 0
9651 8.25 24.6 0
9652 8.5 24.6 0
9653 8.75 24.6 0
9654 9 24.6 0
9655 9.25 24.6 0
9656 9.5 24.6 0
9657 9.75 24.6 0
9658 10 24.6 0
9659 10.25 24.6 0
9660 10.5 24.6 0
9661 10.75 24.6 0
9662 11 24.6 0
9663 11.25 24.6 0
9664 11.5 24.6 0
9665 11.75 24.6 0
9666 12 24.6 0
9667 12.5 24.6 0
9668 13 24.6 0
9669 13.5 24.6 0
9670 14 24.6 0
9671 14.5 24.6 0
9672 15 24.6 0
9673 15.5 24.6 0
9674 16 24.6 0
9675 16.5 24.6 0
9676 17 24.6 0
9677 17.5 24.6 0
9678 18 24.6 0
9679 18.5 24.6 0
9680 19 24.6 0
9681 19.5 24.6 0
9682 20 24.6 0
9683 0 24.8 0
9684 0.1 24.8 0
9685 0.2 24.8 0
9686 0.3 24.8 0
9687 0.4 24.8 0
9688 0.5 24.8 0
9689 0.6 24.8 0
9690 0.7 24.8 0
9691 0.8 24.8 0
9692 0.9 24.8 0
9693 1 24.8 0
9694 1.1 24.8 0
9695 1.2 24.8 0
9696 1.3 24.8 0
9697 1.4 24.8 0
9698 1.5 24.8 0
9699 1.6 24.8 0
9700 1.7 24.8 0
9701 1.8 24.8 0
9702 1.9 24.8 0
9703 2 24.8 0
9704 2.1 24.8 0
9705 2.2 24.8 0
9706 2.3 24.8 0
9707 2.4 24.8 0
9708 2.5 24.8 0
9709 2.6 24.8 0
9710 2.7 24.8 0
9711 2.8 24.8 0
9712 2.9 24.8 0
9713 3 24.8 0
9714 3.1 24.8 0
9715 3.2 24.8 0
9716 3.3 24.8 0
9717 3.4 24.8 0
9718 3.5 24.8 0
9719 3.6 24.8 0
9720 3.7 24.8 0
9721 3.8 24.8 0
9722 3.9 24.8 0
9723 4 24.8 0
9724 4.1 24.8 0
9725 4.2 24.8 0
9726 4.3 24.8 0
9727 4.4 24.8 0
9728 4.5 24.8 0
9729 4.6 24.8 0
9730 4.7 24.8 0
9731 4.8 24.8 0
9732 4.9 24.8 0
9733 5 24.8 0
9734 5.15 24.8 0
9735 5.3 24.8 0
9736 5.45 24.8 0
9737 5.6 24.8 0
9738 5.75 24.8 0
9739 5.9 24.8 0
9740 6.05 24.8 0
9741 6.2 24.8 0
9742 6.35 24.8 0
9743 6.5 24.8 0
9744 6.65 24.8 0
9745 6.8 24.8 0
9746 6.95 24.8 0
9747 7.1 24.8 0
9748 7.25 24.8 0
9749 7.4 24.8 0
9750 7.55 24.8 0
9751 7.7 24.8 0
9752 7.85 24.8 0
9753 8 24.8 0
9754 8.25 24.8 0
9755 8.5 24.8 0
9756 8.75 24.8 0
9757 9 24.8 0
9758 9.25 24.8 0
9759 9.5 24.8 0
9760 9.75 24.8 0
9761 10 24.8 0
9762 10.25 24.8 0
9763 10.5 24.8 0
9764 10.75 24.8 0
9765 11 24.8 0
9766 11.25 24.8 0
9767 11.5 24.8 0
9768 11.75 24.8 0
9769 12 24.8 0
9770 12.5 24.8 0
9771 13 24.8 0
9772 13.5 24.8 0
9773 14 24.8 0
9774 14.5 24.8 0
9775 15 24.8 0
9776 15.5 24.8 0
9777 16 24.8 0
9778 16.5 24.8 0
9779 17 24.8 0
9780 17.5 24.8 0
9781 18 24.8 0
9782 18.5 24.8 0
9783 19 24.8 0
9784 19.5 24.8 0
9785 20 24.8 0
9786 0 25 0
9787 0.1 25 0
9788 0.2 25 0
9789 0.3 25 0
9790 0.4 25 0
9791 0.5 25 0
9792 0.6 25 0
9793 0.7 25 0
9794 0.8 25 0
9795 0.9 25 0
9796 1 25 0
9797 1.1 25 0
9798 1.2 25 0
9799 1.3 25 0
9800 1.4 25 0
9801 1.5 25 0
9802 1.6 25 0
9803 1.7 25 0
9804 1.8 25 0
9805 1.9 25 0
9806 2 25 0
9807 2.1 25 0
9808 2.2 25 0
9809 2.3 25 0
9810 2.4 25 0
9811 2.5 25 0
9812 2.6 25 0
9813 2.7 25 0
9814 2.8 25 0
9815 2.9 25 0
9816 3 25 0
9817 3.1 25 0
9818 3.2 25 0
9819 3.3 25 0
9820 3.4 25 0
9821 3.5 25 0
9822 3.6 25 0
9823 3.7 25 0
9824 3.8 25 0
9825 3.9 25 0
9826 4 25 0
9827 4.1 25 0
9828 4.2 25 0
9829 4.3 25 0
9830 4.4 25 0
9831 4.5 25 0
9832 4.6 25 0
9833 4.7 25 0
9834 4.8 25 0
9835 4.9 25 0
9836 5 25 0
9837 5.15 25 0
9838 5.3 25 0
9839 5.45 25 0
9840 5.6 25 0
9841 5.75 25 0
9842 5.9 25 0
9843 6.05 25 0
9844 6.2 25 0
9845 6.35 25 0
9846 6.5 25 0
9847 6.65 25 0
9848 6.8 25 0
9849 6.95 25 0
9850 7.1 25 0
9851 7.25 25 0
9852 7.4 25 0
9853 7.55 25 0
9854 7.7 25 0
9855 7.85 25 0
9856 8 25 0
9857 8.25 25 0
9858 8.5 25 0
9859 8.75 25 0
9860 9 25 0
9861 9.25 25 0
9862 9.5 25 0
9863 9.75 25 0
9864 10 25 0
9865 10.25 25 0
9866 10.5 25 0
9867 10.75 25 0
9868 11 25 0
9869 11.25 25 0
9870 11.5 25 0
9871 11.75 25 0
9872 12 25 0
9873 12.5 25 0
9874 13 25 0
9875 13.5 25 0
9876 14 25 0
9877 14.5 25 0
9878 15 25 0
9879 15.5 25 0
9880 16 25 0
9881 16.5 25 0
9882 17 25 0
9883 17.5 25 0
9884 18 25 0
9885 18.5 25 0
9886 19 25 0
9887 19.5 25 0
9888 20 25 0
9889 0 25.2 0
9890 0.1 25.2 0
9891 0.2 25.2 0
9892 0.3 25.2 0
9893 0.4 25.2 0
9894 0.5 25.2 0
9895 0.6 25.2 0
9896 0.7 25.2 0
9897 0.8 25.2 0
9898 0.9 25.2 0
9899 1 25.2 0
9900 1.1 25.2 0
9901 1.2 25.2 0
9902 1.3 25.2 0
9903 1.4 25.2 0
9904 1.5 25.2 0
9905 1.6 25.2 0
9906 1.7 25.2 0
9907 1.8 25.2 0
9908 1.9 25.2 0
9909 2 25.2 0
9910 2.1 25.2 0
9911 2.2 25.2 0
9912 2.3 25.2 0
9913 2.4 25.2 0
9914 2.5 25.2 0
9915 2.6 25.2 0
9916 2.7 25.2 0
9917 2.8 25.2 0
9918 2.9 25.2 0
9919 3 25.2 0
9920 3.1 25.2 0
9921 3.2 25.2 0
9922 3.3 25.2 0
9923 3.4 25.2 0
9924 3.5 25.2 0
9925 3.6 25.2 0
9926 3.7 25.2 0
9927 3.8 25.2 0
9928 3.9 25.2 0
9929 4 25.2 0
9930 4.1 25.2 0
9931 4.2 25.2 0
9932 4.3 25.2 0
9933 4.4 25.2 0
9934 4.5 25.2 0
9935 4.6 25.2 0
9936 4.7 25.2 0
9937 4.8 25.2 0
9938 4.9 25.2 0
9939 5 25.2 0
9940 5.15 25.2 0
9941 5.3 25.2 0
9942 5.45 25.2 0
9943 5.6 25.2 0
9944 5.75 25.2 0
9945 5.9 25.2 0
9946 6.05 25.2 0
9947 6.2 25.2 0
9948 6.35 25.2 0
9949 6.5 25.2 0
9950 6.65 25.2 0
9951 6.8 25.2 0
9952 6.95 25.2 0
9953 7.1 25.2 0
9954 7.25 25.2 0
9955 7.4 25.2 0
9956 7.55 25.2 0
9957 7.7 25.2 0
9958 7.85 25.2 0
9959 8 25.2 0
9960 8.25 25.2 0
9961 8.5 25.2 0
9962 8.75 25.2 0
9963 9 25.2 0
9964 9.25 25.2 0
9965 9.5 25.2 0
9966 9.75 25.2 0
9967 10 25.2 0
9968 10.25 25.2 0
9969 10.5 25.2 0
9970 10.75 25.2 0
9971 11 25.2 0
9972 11.25 25.2 0
9973 11.5 25.2 0
9974 11.75 25.2 0
9975 12 25.2 0
9976 12.5 25.2 0
9977 13 25.2 0
9978 13.5 25.2 0
9979 14 25.2 0
9980 14.5 25.2 0
9981 15 25.2 0
9982 15.5 25.2 0
9983 16 25.2 0
9984 16.5 25.2 0
9985 17 25.2 0
9986 17.5 25.2 0
9987 18 25.2 0
9988 18.5 25.2 0
9989 19 25.2 0
9990 19.5 25.2 0
9991 20 25.2 0
9992 0 25.4 0
9993 0.1 25.4 0
9994 0.2 25.4 0
9995 0.3 25.4 0
9996 0.4 25.4 0
9997 0.5 25.4 0
9998 0.6 25.4 0
9999 0.7 25.4 0
10000 0.8 25.4 0
10001 0.9 25.4 0
10002 1 25.4 0
10003 1.1 25.4 0
10004 1.2 25.4 0
10005 1.3 25.4 0
10006 1.4 25.4 0
10007 1.5 25.4 0
10008 1.6 25.4 0
10009 1.7 25.4 0
10010 1.8 25.4 0
10011 1.9 25.4 0
10012 2 25.4 0
10013 2.1 25.4 0
10014 2.2 25.4 0
10015 2.3 25.4 0
10016 2.4 25.4 0
10017 2.5 25.4 0
10018 2.6 25.4 0
10019 2.7 25.4 0
10020 2.8 25.4 0
10021 2.9 25.4 0
10022 3 25.4 0
10023 3.1 25.4 0
10024 3.2 25.4 0
10025 3.3 25.4 0
10026 3.4 25.4 0
10027 3.5 25.4 0
10028 3.6 25.4 0
10029 3.7 25.4 0
10030 3.8 25.4 0
10031 3.9 25.4 0
10032 4 25.4 0
10033 4.1 25.4 0
10034 4.2 25.4 0
10035 4.3 25.4 0
10036 4.4 25.4 0
10037 4.5 25.4 0
10038 4.6 25.4 0
10039 4.7 25.4 0
10040 4.8 25.4 0
10041 4.9 25.4 0
10042 5 25.4 0
10043 5.15 25.4 0
10044 5.3 25.4 0
10045 5.45 25.4 0
10046 5.6 25.4 0
10047 5.75 25.4 0
10048 5.9 25.4 0
10049 6.05 25.4 0
10050 6.2 25.4 0
10051 6.35 25.4 0
10052 6.5 25.4 0
10053 6.65 25.4 0
10054 6.8 25.4 0
10055 6.95 25.4 0
10056 7.1 25.4 0
10057 7.25 25.4 0
10058 7.4 25.4 0
10059 7.55 25.4 0
10060 7.7 25.4 0
10061 7.85 25.4 0
10062 8 25.4 0
10063 8.25 25.4 0
10064 8.5 25.4 0
10065 8.75 25.4 0
10066 9 25.4 0
10067 9.25 25.4 0
10068 9.5 25.4 0
10069 9.75 25.4 0
10070 10 25.4 0
10071 10.25 25.4 0
10072 10.5 25.4 0
10073 10.75 25.4 0
10074 11 25.4 0
10075 11.25 25.4 0
10076 11.5 25.4 0
10077 11.75 25.4 0
10078 12 25.4 0
10079 12.5 25.4 0
10080 13 25.4 0
10081 13.5 25.4 0
10082 14 25.4 0
10083 14.5 25.4 0
10084 15 25.4 0
10085 15.5 25.4 0
10086 16 25.4 0
10087 16.5 25.4 0
10088 17 25.4 0
10089 17.5 25.4 0
10090 18 25.4 0
10091 18.5 25.4 0
10092 19 25.4 0
10093 19.5 25.4 0
10094 20 25.4 0
10095 0 25.6 0
10096 0.1 25.6 0
10097 0.2 25.6 0
10098 0.3 25.6 0
10099 0.4 25.6 0
10100 0.5 25.6 0
10101 0.6 25.6 0
10102 0.7 25.6 0
10103 0.8 25.6 0
10104 0.9 25.6 0
10105 1 25.6 0
10106 1.1 25.6 0
10107 1.2 25.6 0
10108 1.3 25.6 0
10109 1.4 25.6 0
10110 1.5 25.6 0
10111 1.6 25.6 0
10112 1.7 25.6 0
10113 1.8 25.6 0
10114 1.9 25.6 0
10115 2 25.6 0
10116 2.1 25.6 0
10117 2.2 25.6 0
10118 2.3 25.6 0
10119 2.4 25.6 0
10120 2.5 25.6 0
10121 2.6 25.6 0
10122 2.7 25.6 0
10123 2.8 25.6 0
10124 2.9 25.6 0
10125 3 25.6 0
10126 3.1 25.6 0
10127 3.2 25.6 0
10128 3.3 25.6 0
10129 3.4 25.6 0
10130 3.5 25.6 0
10131 3.6 25.6 0
10132 3.7 25.6 0
10133 3.8 25.6 0
10134 3.9 25.6 0
10135 4 25.6 0
10136 4.1 25.6 0
10137 4.2 25.6 0
10138 4.3 25.6 0
10139 4.4 25.6 0
10140 4.5 25.6 0
10141 4.6 25.6 0
10142 4.7 25.6 0
10143 4.8 25.6 0
10144 4.9 25.6 0
10145 5 25.6 0
10146 5.15 25.6 0
10147 5.3 25.6 0
10148 5.45 25.6 0
10149 5.6 25.6 0
10150 5.75 25.6 0
10151 5.9 25.6 0
10152 6.05 25.6 0
10153 6.2 25.6 0
10154 6.35 25.6 0
10155 6.5 25.6 0
10156 6.65 25.6 0
10157 6.8 25.6 0
10158 6.95 25.6 0
10159 7.1 25.6 0
10160 7.25 25.6 0
10161 7.4 25.6 0
10162 7.55 25.6 0
10163 7.7 25.6 0
10164 7.85 25.6 0
10165 8 25.6 0
10166 8.25 25.6 0
10167 8.5 25.6 0
10168 8.75 25.6 0
10169 9 25.6 0
10170 9.25 25.6 0
10171 9.5 25.6 0
10172 9.75 25.6 0
10173 10 25.6 0
10174 10.25 25.6 0
10175 10.5 25.6 0
10176 10.75 25.6 0
10177 11 25.6 0
10178 11.25 25.6 0
10179 11.5 25.6 0
10180 11.75 25.6 0
10181 12 25.6 0
10182 12.5 25.6 0
10183 13 25.6 0
10184 13.5 25.6 0
10185 14 25.6 0
10186 14.5 25.6 0
10187 15 25.6 0
10188 15.5 25.6 0
10189 16 25.6 0
10190 16.5 25.6 0
10191 17 25.6 0
10192 17.5 25.6 0
10193 18 25.6 0
10194 18.5 25.6 0
10195 19 25.6 0
10196 19.5 25.6 0
10197 20 25.6 0
10198 0 25.8 0
10199 0.1 25.8 0
10200 0.2 25.8 0
10201 0.3 25.8 0
10202 0.4 25.8 0
10203 0.5 25.8 0
10204 0.6 25.8 0
10205 0.7 25.8 0
10206 0.8 25.8 0
10207 0.9 25.8 0
10208 1 25.8 0
10209 1.1 25.8 0
10210 1.2 25.8 0
10211 1.3 25.8 0
10212 1.4 25.8 0
10213 1.5 25.8 0
10214 1.6 25.8 0
10215 1.7 25.8 0
10216 1.8 25.8 0
10217 1.9 25.8 0
10218 2 25.8 0
10219 2.1 25.8 0
10220 2.2 25.8 0
10221 2.3 25.8 0
10222 2.4 25.8 0
10223 2.5 25.8 0
10224 2.6 25.8 0
10225 2.7 25.8 0
10226 2.8 25.8 0
10227 2.9 25.8 0
10228 3 25.8 0
10229 3.1 25.8 0
10230 3.2 25.8 0
10231 3.3 25.8 0
10232 3.4 25.8 0
10233 3.5 25.8 0
10234 3.6 25.8 0
10235 3.7 25.8 0
10236 3.8 25.8 0
10237 3.9 25.8 0
10238 4 25.8 0
10239 4.1 25.8 0
10240 4.2 25.8 0
10241 4.3 25.8 0
10242 4.4 25.8 0
10243 4.5 25.8 0
10244 4.6 25.8 0
10245 4.7 25.8 0
10246 4.8 25.8 0
10247 4.9 25.8 0
10248 5 25.8 0
10249 5.15 25.8 0
10250 5.3 25.8 0
10251 5.45 25.8 0
10252 5.6 25.8 0
10253 5.75 25.8 0
10254 5.9 25.8 0
10255 6.05 25.8 0
10256 6.2 25.8 0
10257 6.35 25.8 0
10258 6.5 25.8 0
10259 6.65 25.8 0
10260 6.8 25.8 0
10261 6.95 25.8 0
10262 7.1 25.8 0
10263 7.25 25.8 0
10264 7.4 25.8 0
10265 7.55 25.8 0
10266 7.7 25.8 0
10267 7.85 25.8 0
10268 8 25.8 0
10269 8.25 25.8 0
10270 8.5 25.8 0
10271 8.75 25.8 0
10272 9 25.8 0
10273 9.25 25.8 0
10274 9.5 25.8 0
10275 9.75 25.8 0
10276 10 25.8 0
10277 10.25 25.8 0
10278 10.5 25.8 0
10279 10.75 25.8 0
10280 11 25.8 0
10281 11.25 25.8 0
10282 11.5 25.8 0
10283 11.75 25.8 0
10284 12 25.8 0
10285 12.5 25.8 0
10286 13 25.8 0
10287 13.5 25.8 0
10288 14 25.8 0
10289 14.5 25.8 0
10290 15 25.8 0
10291 15.5 25.8 0
10292 16 25.8 0
10293 16.5 25.8 0
10294 17 25.8 0
10295 17.5 25.8 0
10296 18 25.8 0
10297 18.5 25.8 0
10298 19 25.8 0
10299 19.5 25.8 0
10300 20 25.8 0
10301 0 26 0
10302 0.1 26 0
10303 0.2 26 0
10304 0.3 26 0
10305 0.4 26 0
10306 0.5 26 0
10307 0.6 26 0
10308 0.7 26 0
10309 0.8 26 0
10310 0.9 26 0
10311 1 26 0
10312 1.1 26 0
10313 1.2 26 0
10314 1.3 26 0
10315 1.4 26 0
10316 1.5 26 0
10317 1.6 26 0
10318 1.7 26 0
10319 1.8 26 0
10320 1.9 26 0
10321 2 26 0
10322 2.1 26 0
10323 2.2 26 0
10324 2.3 26 0
10325 2.4 26 0
10326 2.5 26 0
10327 2.6 26 0
10328 2.7 26 0
10329 2.8 26 0
10330 2.9 26 0
10331 3 26 0
10332 3.1 26 0
10333 3.2 26 0
10334 3.3 26 0
10335 3.4 26 0
10336 3.5 26 0
10337 3.6 26 0
10338 3.7 26 0
10339 3.8 26 0
10340 3.9 26 0
10341 4 26 0
10342 4.1 26 0
10343 4.2 26 0
10344 4.3 26 0
10345 4.4 26 0
10346 4.5 26 0
10347 4.6 26 0
10348 4.7 26 0
10349 4.8 26 0
10350 4.9 26 0
10351 5 26 0
10352 5.15 26 0
10353 5.3 26 0
10354 5.45 26 0
10355 5.6 26 0
10356 5.75 26 0
10357 5.9 26 0
10358 6.05 26 0
10359 6.2 26 0
10360 6.35 26 0
10361 6.5 26 0
10362 6.65 26 0
10363 6.8 26 0
10364 6.95 26 0
10365 7.1 26 0
10366 7.25 26 0
10367 7.4 26 0
10368 7.55 26 0
10369 7.7 26 0
10370 7.85 26 0
10371 8 26 0
10372 8.25 26 0
10373 8.5 26 0
10374 8.75 26 0
10375 9 26 0
10376 9.25 26 0
10377 9.5 26 0
10378 9.75 26 0
10379 10 26 0
10380 10.25 26 0
10381 10.5 26 0
10382 10.75 26 0
10383 11 26 0
10384 11.25 26 0
10385 11.5 26 0
10386 11.75 26 0
10387 12 26 0
10388 12.5 26 0
10389 13 26 0
10390 13.5 26 0
10391 14 26 0
10392 14.5 26 0
10393 15 26 0
10394 15.5 26 0
10395 16 26 0
10396 16.5 26 0
10397 17 26 0
10398 17.5 26 0
10399 18 26 0
10400 18.5 26 0
10401 19 26 0
10402 19.5 26 0
10403 20 26 0
10404 0 26.2 0
10405 0.1 26.2 0
10406 0.2 26.2 0
10407 0.3 26.2 0
10408 0.4 26.2 0
10409 0.5 26.2 0
10410 0.6 26.2 0
10411 0.7 26.2 0
10412 0.8 26.2 0
10413 0.9 26.2 0
10414 1 26.2 0
10415 1.1 26.2 0
10416 1.2 26.2 0
10417 1.3 26.2 0
10418 1.4 26.2 0
10419 1.5 26.2 0
10420 1.6 26.2 0
10421 1.7 26.2 0
10422 1.8 26.2 0
10423 1.9 26.2 0
10424 2 26.2 0
10425 2.1 26.2 0
10426 2.2 26.2 0
10427 2.3 26.2 0
10428 2.4 26.2 0
10429 2.5 26.2 0
10430 2.6 26.2 0
10431 2.7 26.2 0
10432 2.8 26.2 0
10433 2.9 26.2 0
10434 3 26.2 0
10435 3.1 26.2 0
10436 3.2 26.2 0
10437 3.3 26.2 0
10438 3.4 26.2 0
10439 3.5 26.2 0
10440 3.6 26.2 0
10441 3.7 26.2 0
10442 3.8 26.2 0
10443 3.9 26.2 0
10444 4 26.2 0
10445 4.1 26.2 0
10446 4.2 26.2 0
10447 4.3 26.2 0
10448 4.4 26.2 0
10449 4.5 26.2 0
10450 4.6 26.2 0
10451 4.7 26.2 0
10452 4.8 26.2 0
10453 4.9 26.2 0
10454 5 26.2 0
10455 5.15 26.2 0
10456 5.3 26.2 0
10457 5.45 26.2 0
10458 5.6 26.2 0
10459 5.75 26.2 0
10460 5.9 26.2 0
10461 6.05 26.2 0
10462 6.2 26.2 0
10463 6.35 26.2 0
10464 6.5 26.2 0
10465 6.65 26.2 0
10466 6.8 26.2 0
10467 6.95 26.2 0
10468 7.1 26.2 0
10469 7.25 26.2 0
10470 7.4 26.2 0
10471 7.55 26.2 0
10472 7.7 26.2 0
10473 7.85 26.2 0
10474 8 26.2 0
10475 8.25 26.2 0
10476 8.5 26.2 0
10477 8.75 26.2 0
10478 9 26.2 0
10479 9.25 26.2 0
10480 9.5 26.2 0
10481 9.75 26.2 0
10482 10 26.2 0
10483 10.25 26.2 0
10484 10.5 26.2 0
10485 10.75 26.2 0
10486 11 26.2 0
10487 11.25 26.2 0
10488 11.5 26.2 0
10489 11.75 26.2 0
10490 12 26.2 0
10491 12.5 26.2 0
10492 13 26.2 0
10493 13.5 26.2 0
10494 14 26.2 0
10495 14.5 26.2 0
10496 15 26.2 0
10497 15.5 26.2 0
10498 16 26.2 0
10499 16.5 26.2 0
10500 17 26.2 0
10501 17.5 26.2 0
10502 18 26.2 0
10503 18.5 26.2 0
10504 19 26.2 0
10505 19.5 26.2 0
10506 20 26.2 0
10507 0 26.4 0
10508 0.1 26.4 0
10509 0.2 26.4 0
10510 0.3 26.4 0
10511 0.4 26.4 0
10512 0.5 26.4 0
10513 0.6 26.4 0
10514 0.7 26.4 0
10515 0.8 26.4 0
10516 0.9 26.4 0
10517 1 26.4 0
10518 1.1 26.4 0
10519 1.2 26.4 0
10520 1.3 26.4 0
10521 1.4 26.4 0
10522 1.5 26.4 0
10523 1.6 26.4 0
10524 1.7 26.4 0
10525 1.8 26.4 0
10526 1.9 26.4 0
10527 2 26.4 0
10528 2.1 26.4 0
10529 2.2 26.4 0
10530 2.3 26.4 0
10531 2.4 26.4 0
10532 2.5 26.4 0
10533 2.6 26.4 0
10534 2.7 26.4 0
10535 2.8 26.4 0
10536 2.9 26.4 0
10537 3 26.4 0
10538 3.1 26.4 0
10539 3.2 26.4 0
10540 3.3 26.4 0
10541 3.4 26.4 0
10542 3.5 26.4 0
10543 3.6 26.4 0
10544 3.7 26.4 0
10545 3.8 26.4 0
10546 3.9 26.4 0
10547 4 26.4 0
10548 4.1 26.4 0
10549 4.2 26.4 0
10550 4.3 26.4 0
10551 4.4 26.4 0
10552 4.5 26.4 0
10553 4.6 26.4 0
10554 4.7 26.4 0
10555 4.8 26.4 0
10556 4.9 26.4 0
10557 5 26.4 0
10558 5.15 26.4 0
10559 5.3 26.4 0
10560 5.45 26.4 0
10561 5.6 26.4 0
10562 5.75 26.4 0
10563 5.9 26.4 0
10564 6.05 26.4 0
10565 6.2 26.4 0
10566 6.35 26.4 0
10567 6.5 26.4 0
10568 6.65 26.4 0
10569 6.8 26.4 0
10570 6.95 26.4 0
10571 7.1 26.4 0
10572 7.25 26.4 0
10573 7.4 26.4 0
10574 7.55 26.4 0
10575 7.7 26.4 0
10576 7.85 26.4 0
10577 8 26.4 0
10578 8.25 26.4 0
10579 8.5 26.4 0
10580 8.75 26.4 0
10581 9 26.4 0
10582 9.25 26.4 0
10583 9.5 26.4 0
10584 9.75 26.4 0
10585 10 26.4 0
10586 10.25 26.4 0
10587 10.5 26.4 0
10588 10.75 26.4 0
10589 11 26.4 0
10590 11.25 26.4 0
10591 11.5 26.4 0
10592 11.75 26.4 0
10593 12 26.4 0
10594 12.5 26.4 0
10595 13 26.4 0
10596 13.5 26.4 0
10597 14 26.4 0
10598 14.5 26.4 0
10599 15 26.4 0
10600 15.5 26.4 0
10601 16 26.4 0
10602 16.5 26.4 0
10603 17 26.4 0
10604 17.5 26.4 0
10605 18 26.4 0
10606 18.5 26.4 0
10607 19 26.4 0
10608 19.5 26.4 0
10609 20 26.4 0
10610 0 26.6 0
10611 0.1 26.6 0
10612 0.2 26.6 0
10613 0.3 26.6 0
10614 0.4 26.6 0
10615 0.5 26.6 0
10616 0.6 26.6 0
10617 0.7 26.6 0
10618 0.8 26.6 0
10619 0.9 26.6 0
10620 1 26.6 0
10621 1.1 26.6 0
10622 1.2 26.6 0
10623 1.3 26.6 0
10624 1.4 26.6 0
10625 1.5 26.6 0
10626 1.6 26.6 0
10627 1.7 26.6 0
10628 1.8 26.6 0
10629 1.9 26.6 0
10630 2 26.6 0
10631 2.1 26.6 0
10632 2.2 26.6 0
10633 2.3 26.6 0
10634 2.4 26.6 0
10635 2.5 26.6 0
10636 2.6 26.6 0
10637 2.7 26.6 0
10638 2.8 26.6 0
10639 2.9 26.6 0
10640 3 26.6 0
10641 3.1 26.6 0
10642 3.2 26.6 0
10643 3.3 26.6 0
10644 3.4 26.6 0
10645 3.5 26.6 0
10646 3.6 26.6 0
10647 3.7 26.6 0
10648 3.8 26.6 0
10649 3.9 26.6 0
10650 4 26.6 0
10651 4.1 26.6 0
10652 4.2 26.6 0
10653 4.3 26.6 0
10654 4.4 26.6 0
10655 4.5 26.6 0
10656 4.6 26.6 0
10657 4.7 26.6 0
10658 4.8 26.6 0
10659 4.9 26.6 0
10660 5 26.6 0
10661 5.15 26.6 0
10662 5.3 26.6 0
10663 5.45 26.6 0
10664 5.6 26.6 0
10665 5.75 26.6 0
10666 5.9 26.6 0
10667 6.05 26.6 0
10668 6.2 26.6 0
10669 6.35 26.6 0
10670 6.5 26.6 0
10671 6.65 26.6 0
10672 6.8 26.6 0
10673 6.95 26.6 0
10674 7.1 26.6 0
10675 7.25 26.6 0
10676 7.4 26.6 0
10677 7.55 26.6 0
10678 7.7 26.6 0
10679 7.85 26.6 0
10680 8 26.6 0
10681 8.25 26.6 0
10682 8.5 26.6 0
10683 8.75 26.6 0
10684 9 26.6 0
10685 9.25 26.6 0
10686 9.5 26.6 0
10687 9.75 26.6 0
10688 10 26.6 0
10689 10.25 26.6 0
10690 10.5 26.6 0
10691 10.75 26.6 0
10692 11 26.6 0
10693 11.25 26.6 0
10694 11.5 26.6 0
10695 11.75 26.6 0
10696 12 26.6 0
10697 12.5 26.6 0
10698 13 26.6 0
10699 13.5 26.6 0
10700 14 26.6 0
10701 14.5 26.6 0
10702 15 26.6 0
10703 15.5 26.6 0
10704 16 26.6 0
10705 16.5 26.6 0
10706 17 26.6 0
10707 17.5 26.6 0
10708 18 26.6 0
10709 18.5 26.6 0
10710 19 26.6 0
10711 19.5 26.6 0
10712 20 26.6 0
10713 0 26.8 0
10714 0.1 26.8 0
10715 0.2 26.8 0
10716 0.3 26.8 0
10717 0.4 26.8 0
10718 0.5 26.8 0
10719 0.6 26.8 0
10720 0.7 26.8 0
10721 0.8 26.8 0
10722 0.9 26.8 0
10723 1 26.8 0
10724 1.1 26.8 0
10725 1.2 26.8 0
10726 1.3 26.8 0
10727 1.4 26.8 0
10728 1.5 26.8 0
10729 1.6 26.8 0
10730 1.7 26.8 0
10731 1.8 26.8 0
10732 1.9 26.8 0
10733 2 26.8 0
10734 2.1 26.8 0
10735 2.2 26.8 0
10736 2.3 26.8 0
10737 2.4 26.8 0
10738 2.5 26.8 0
10739 2.6 26.8 0
10740 2.7 26.8 0
10741 2.8 26.8 0
10742 2.9 26.8 0
10743 3 26.8 0
10744 3.1 26.8 0
10745 3.2 26.8 0
10746 3.3 26.8 0
10747 3.4 26.8 0
10748 3.5 26.8 0
10749 3.6 26.8 0
10750 3.7 26.8 0
10751 3.8 26.8 0
10752 3.9 26.8 0
10753 4 26.8 0
10754 4.1 26.8 0
10755 4.2 26.8 0
10756 4.3 26.8 0
10757 4.4 26.8 0
10758 4.5 26.8 0
10759 4.6 26.8 0
10760 4.7 26.8 0
10761 4.8 26.8 0
10762 4.9 26.8 0
10763 5 26.8 0
10764 5.15 26.8 0
10765 5.3 26.8 0
10766 5.45 26.8 0
10767 5.6 26.8 0
10768 5.75 26.8 0
10769 5.9 26.8 0
10770 6.05 26.8 0
10771 6.2 26.8 0
10772 6.35 26.8 0
10773 6.5 26.8 0
10774 6.65 26.8 0
10775 6.8 26.8 0
10776 6.95 26.8 0
10777 7.1 26.8 0
10778 7.25 26.8 0
10779 7.4 26.8 0
10780 7.55 26.8 0
10781 7.7 26.8 0
10782 7.85 26.8 0
10783 8 26.8 0
10784 8.25 26.8 0
10785 8.5 26.8 0
10786 8.75 26.8 0
10787 9 26.8 0
10788 9.25 26.8 0
10789 9.5 26.8 0
10790 9.75 26.8 0
10791 10 26.8 0
10792 10.25 26.8 0
10793 10.5 26.8 0
10794 10.75 26.8 0
10795 11 26.8 0
10796 11.25 26.8 0
10797 11.5 26.8 0
10798 11.75 26.8 0
10799 12 26.8 0
10800 12.5 26.8 0
10801 13 26.8 0
10802 13.5 26.8 0
10803 14 26.8 0
10804 14.5 26.8 0
10805 15 26.8 0
10806 15.5 26.8 0
10807 16 26.8 0
10808 16.5 26.8 0
10809 17 26.8 0
10810 17.5 26.8 0
10811 18 26.8 0
10812 18.5 26.8 0
10813 19 26.8 0
10814 19.5 26.8 0
10815 20 26.8 0
10816 0 27 0
10817 0.1 27 0
10818 0.2 27 0
10819 0.3 27 0
10820 0.4 27 0
10821 0.5 27 0
10822 0.6 27 0
10823 0.7 27 0
10824 0.8 27 0
10825 0.9 27 0
10826 1 27 0
10827 1.1 27 0
10828 1.2 27 0
10829 1.3 27 0
10830 1.4 27 0
10831 1.5 27 0
10832 1.6 27 0
10833 1.7 27 0
10834 1.8 27 0
10835 1.9 27 0
10836 2 27 0
10837 2.1 27 0
10838 2.2 27 0
10839 2.3 27 0
10840 2.4 27 0
10841 2.5 27 0
10842 2.6 27 0
10843 2.7 27 0
10844 2.8 27 0
10845 2.9 27 0
10846 3 27 0
10847 3.1 27 0
10848 3.2 27 0
10849 3.3 27 0
10850 3.4 27 0
10851 3.5 27 0
10852 3.6 27 0
10853 3.7 27 0
10854 3.8 27 0
10855 3.9 27 0
10856 4 27 0
10857 4.1 27 0
10858 4.2 27 0
10859 4.3 27 0
10860 4.4 27 0
10861 4.5 27 0
10862 4.6 27 0
10863 4.7 27 0
10864 4.8 27 0
10865 4.9 27 0
10866 5 27 0
10867 5.15 27 0
10868 5.3 27 0
10869 5.45 27 0
10870 5.6 27 0
10871 5.75 27 0
10872 5.9 27 0
10873 6.05 27 0
10874 6.2 27 0
10875 6.35 27 0
10876 6.5 27 0
10877 6.65 27 0
10878 6.8 27 0
10879 6.95 27 0
10880 7.1 27 0
10881 7.25 27 0
10882 7.4 27 0
10883 7.55 27 0
10884 7.7 27 0
10885 7.85 27 0
10886 8 27 0
10887 8.25 27 0
10888 8.5 27 0
10889 8.75 27 0
10890 9 27 0
10891 9.25 27 0
10892 9.5 27 0
10893 9.75 27 0
10894 10 27 0
10895 10.25 27 0
10896 10.5 27 0
10897 10.75 27 0
10898 11 27 0
10899 11.25 27 0
10900 11.5 27 0
10901 11.75 27 0
10902 12 27 0
10903 12.5 27 0
10904 13 27 0
10905 13.5 27 0
10906 14 27 0
10907 14.5 27 0
10908 15 27 0
10909 15.5 27 0
10910 16 27 0
10911 16.5 27 0
10912 17 27 0
10913 17.5 27 0
10914 18 27 0
10915 18.5 27 0
10916 19 27 0
10917 19.5 27 0
10918 20 27 0
10919 0 27.2 0
10920 0.1 27.2 0
10921 0.2 27.2 0
10922 0.3 27.2 0
10923 0.4 27.2 0
10924 0.5 27.2 0
10925 0.6 27.2 0
10926 0.7 27.2 0
10927 0.8 27.2 0
10928 0.9 27.2 0
10929 1 27.2 0
10930 1.1 27.2 0
10931 1.2 27.2 0
10932 1.3 27.2 0
10933 1.4 27.2 0
10934 1.5 27.2 0
10935 1.6 27.2 0
10936 1.7 27.2 0
10937 1.8 27.2 0
10938 1.9 27.2 0
10939 2 27.2 0
10940 2.1 27.2 0
10941 2.2 27.2 0
10942 2.3 27.2 0
10943 2.4 27.2 0
10944 2.5 27.2 0
10945 2.6 27.2 0
10946 2.7 27.2 0
10947 2.8 27.2 0
10948 2.9 27.2 0
10949 3 27.2 0
10950 3.1 27.2 0
10951 3.2 27.2 0
10952 3.3 27.2 0
10953 3.4 27.2 0
10954 3.5 27.2 0
10955 3.6 27.2 0
10956 3.7 27.2 0
10957 3.8 27.2 0
10958 3.9 27.2 0
10959 4 27.2 0
10960 4.1 27.2 0
10961 4.2 27.2 0
10962 4.3 27.2 0
10963 4.4 27.2 0
10964 4.5 27.2 0
10965 4.6 27.2 0
10966 4.7 27.2 0
10967 4.8 27.2 0
10968 4.9 27.2 0
10969 5 27.2 0
10970 5.15 27.2 0
10971 5.3 27.2 0
10972 5.45 27.2 0
10973 5.6 27.2 0
10974 5.75 27.2 0
10975 5.9 27.2 0
10976 6.05 27.2 0
10977 6.2 27.2 0
10978 6.35 27.2 0
10979 6.5 27.2 0
10980 6.65 27.2 0
10981 6.8 27.2 0
10982 6.95 27.2 0
10983 7.1 27.2 0
10984 7.25 27.2 0
10985 7.4 27.2 0
10986 7.55 27.2 0
10987 7.7 27.2 0
10988 7.85 27.2 0
10989 8 27.2 0
10990 8.25 27.2 0
10991 8.5 27.2 0
10992 8.75 27.2 0
10993 9 27.2 0
10994 9.25 27.2 0
10995 9.5 27.2 0
10996 9.75 27.2 0
10997 10 27.2 0
10998 10.25 27.2 0
10999 10.5 27.2 0
11000 10.75 27.2 0
11001 11 27.2 0
11002 11.25 27.2 0
11003 11.5 27.2 0
11004 11.75 27.2 0
11005 12 27.2 0
11006 12.5 27.2 0
11007 13 27.2 0
11008 13.5 27.2 0
11009 14 27.2 0
11010 14.5 27.2 0
11011 15 27.2 0
11012 15.5 27.2 0
11013 16 27.2 0
11014 16.5 27.2 0
11015 17 27.2 0
11016 17.5 27.2 0
11017 18 27.2 0
11018 18.5 27.2 0
11019 19 27.2 0
11020 19.5 27.2 0
11021 20 27.2 0
11022 0 27.4 0
11023 0.1 27.4 0
11024 0.2 27.4 0
11025 0.3 27.4 0
11026 0.4 27.4 0
11027 0.5 27.4 0
11028 0.6 27.4 0
11029 0.7 27.4 0
11030 0.8 27.4 0
11031 0.9 27.4 0
11032 1 27.4 0
11033 1.1 27.4 0
11034 1.2 27.4 0
11035 1.3 27.4 0
11036 1.4 27.4 0
11037 1.5 27.4 0
11038 1.6 27.4 0
11039 1.7 27.4 0
11040 1.8 27.4 0
11041 1.9 27.4 0
11042 2 27.4 0
11043 2.1 27.4 0
11044 2.2 27.4 0
11045 2.3 27.4 0
11046 2.4 27.4 0
11047 2.5 27.4 0
11048 2.6 27.4 0
11049 2.7 27.4 0
11050 2.8 27.4 0
11051 2.9 27.4 0
11052 3 27.4 0
11053 3.1 27.4 0
11054 3.2 27.4 0
11055 3.3 27.4 0
11056 3.4 27.4 0
11057 3.5 27.4 0
11058 3.6 27.4 0
11059 3.7 27.4 0
11060 3.8 27.4 0
11061 3.9 27.4 0
11062 4 27.4 0
11063 4.1 27.4 0
11064 4.2 27.4 0
11065 4.3 27.4 0
11066 4.4 27.4 0
11067 4.5 27.4 0
11068 4.6 27.4 0
11069 4.7 27.4 0
11070 4.8 27.4 0
11071 4.9 27.4 0
11072 5 27.4 0
11073 5.15 27.4 0
11074 5.3 27.4 0
11075 5.45 27.4 0
11076 5.6 27.4 0
11077 5.75 27.4 0
11078 5.9 27.4 0
11079 6.05 27.4 0
11080 6.2 27.4 0
11081 6.35 27.4 0
11082 6.5 27.4 0
11083 6.65 27.4 0
11084 6.8 27.4 0
11085 6.95 27.4 0
11086 7.1 27.4 0
11087 7.25 27.4 0
11088 7.4 27.4 0
11089 7.55 27.4 0
11090 7.7 27.4 0
11091 7.85 27.4 0
11092 8 27.4 0
11093 8.25 27.4 0
11094 8.5 27.4 0
11095 8.75 27.4 0
11096 9 27.4 0
11097 9.25 27.4 0
11098 9.5 27.4 0
11099 9.75 27.4 0
11100 10 27.4 0
11101 10.25 27.4 0
11102 10.5 27.4 0
11103 10.75 27.4 0
11104 11 27.4 0
11105 11.25 27.4 0
11106 11.5 27.4 0
11107 11.75 27.4 0
11108 12 27.4 0
11109 12.5 27.4 0
11110 13 27.4 0
11111 13.5 27.4 0
11112 14 27.4 0
11113 14.5 27.4 0
11114 15 27.4 0
11115 15.5 27.4 0
11116 16 27.4 0
11117 16.5 27.4 0
11118 17 27.4 0
11119 17.5 27.4 0
11120 18 27.4 0
11121 18.5 27.4 0
11122 19 27.4 0
11123 19.5 27.4 0
11124 20 27.4 0
11125 0 27.6 0
11126 0.1 27.6 0
11127 0.2 27.6 0
11128 0.3 27.6 0
11129 0.4 27.6 0
11130 0.5 27.6 0
11131 0.6 27.6 0
11132 0.7 27.6 0
11133 0.8 27.6 0
11134 0.9 27.6 0
11135 1 27.6 0
11136 1.1 27.6 0
11137 1.2 27.6 0
11138 1.3 27.6 0
11139 1.4 27.6 0
11140 1.5 27.6 0
11141 1.6 27.6 0
11142 1.7 27.6 0
11143 1.8 27.6 0
11144 1.9 27.6 0
11145 2 27.6 0
11146 2.1 27.6 0
11147 2.2 27.6 0
11148 2.3 27.6 0
11149 2.4 27.6 0
11150 2.5 27.6 0
11151 2.6 27.6 0
11152 2.7 27.6 0
11153 2.8 27.6 0
11154 2.9 27.6 0
11155 3 27.6 0
11156 3.1 27.6 0
11157 3.2 27.6 0
11158 3.3 27.6 0
11159 3.4 27.6 0
11160 3.5 27.6 0
11161 3.6 27.6 0
11162 3.7 27.6 0
11163 3.8 27.6 0
11164 3.9 27.6 0
11165 4 27.6 0
11166 4.1 27.6 0
11167 4.2 27.6 0
11168 4.3 27.6 0
11169 4.4 27.6 0
11170 4.5 27.6 0
11171 4.6 27.6 0
11172 4.7 27.6 0
11173 4.8 27.6 0
11174 4.9 27.6 0
11175 5 27.6 0
11176 5.15 27.6 0
11177 5.3 27.6 0
11178 5.45 27.6 0
11179 5.6 27.6 0
11180 5.75 27.6 0
11181 5.9 27.6 0
11182 6.05 27.6 0
11183 6.2 27.6 0
11184 6.35 27.6 0
11185 6.5 27.6 0
11186 6.65 27.6 0
11187 6.8 27.6 0
11188 6.95 27.6 0
11189 7.1 27.6 0
11190 7.25 27.6 0
11191 7.4 27.6 0
11192 7.55 27.6 0
11193 7.7 27.6 0
11194 7.85 27.6 0
11195 8 27.6 0
11196 8.25 27.6 0
11197 8.5 27.6 0
11198 8.75 27.6 0
11199 9 27.6 0
11200 9.25 27.6 0
11201 9.5 27.6 0
11202 9.75 27.6 0
11203 10 27.6 0
11204 10.25 27.6 0
11205 10.5 27.6 0
11206 10.75 27.6 0
11207 11 27.6 0
11208 11.25 27.6 0
11209 11.5 27.6 0
11210 11.75 27.6 0
11211 12 27.6 0
11212 12.5 27.6 0
11213 13 27.6 0
11214 13.5 27.6 0
11215 14 27.6 0
11216 14.5 27.6 0
11217 15 27.6 0
11218 15.5 27.6 0
11219 16 27.6 0
11220 16.5 27.6 0
11221 17 27.6 0
11222 17.5 27.6 0
11223 18 27.6 0
11224 18.5 27.6 0
11225 19 27.6 0
11226 19.5 27.6 0
11227 20 27.6 0
11228 0 27.8 0
11229 0.1 27.8 0
11230 0.2 27.8 0
11231 0.3 27.8 0
11232 0.4 27.8 0
11233 0.5 27.8 0
11234 0.6 27.8 0
11235 0.7 27.8 0
11236 0.8 27.8 0
11237 0.9 27.8 0
11238 1 27.8 0
11239 1.1 27.8 0
11240 1.2 27.8 0
11241 1.3 27.8 0
11242 1.4 27.8 0
11243 1.5 27.8 0
11244 1.6 27.8 0
11245 1.7 27.8 0
11246 1.8 27.8 0
11247 1.9 27.8 0
11248 2 27.8 0
11249 2.1 27.8 0
11250 2.2 27.8 0
11251 2.3 27.8 0
11252 2.4 27.8 0
11253 2.5 27.8 0
11254 2.6 27.8 0
11255 2.7 27.8 0
11256 2.8 27.8 0
11257 2.9 27.8 0
11258 3 27.8 0
11259 3.1 27.8 0
11260 3.2 27.8 0
11261 3.3 27.8 0
11262 3.4 27.8 0
11263 3.5 27.8 0
11264 3.6 27.8 0
11265 3.7 27.8 0
11266 3.8 27.8 0
11267 3.9 27.8 0
11268 4 27.8 0
11269 4.1 27.8 0
11270 4.2 27.8 0
11271 4.3 27.8 0
11272 4.4 27.8 0
11273 4.5 27.8 0
11274 4.6 27.8 0
11275 4.7 27.8 0
11276 4.8 27.8 0
11277 4.9 27.8 0
11278 5 27.8 0
11279 5.15 27.8 0
11280 5.3 27.8 0
11281 5.45 27.8 0
11282 5.6 27.8 0
11283 5.75 27.8 0
11284 5.9 27.8 0
11285 6.05 27.8 0
11286 6.2 27.8 0
11287 6.35 27.8 0
11288 6.5 27.8 0
11289 6.65 27.8 0
11290 6.8 27.8 0
11291 6.95 27.8 0
11292 7.1 27.8 0
11293 7.25 27.8 0
11294 7.4 27.8 0
11295 7.55 27.8 0
11296 7.7 27.8 0
11297 7.85 27.8 0
11298 8 27.8 0
11299 8.25 27.8 0
11300 8.5 27.8 0
11301 8.75 27.8 0
11302 9 27.8 0
11303 9.25 27.8 0
11304 9.5 27.8 0
11305 9.75 27.8 0
11306 10 27.8 0
11307 10.25 27.8 0
11308 10.5 27.8 0
11309 10.75 27.8 0
11310 11 27.8 0
11311 11.25 27.8 0
11312 11.5 27.8 0
11313 11.75 27.8 0
11314 12 27.8 0
11315 12.5 27.8 0
11316 13 27.8 0
11317 13.5 27.8 0
11318 14 27.8 0
11319 14.5 27.8 0
11320 15 27.8 0
11321 15.5 27.8 0
11322 16 27.8 0
11323 16.5 27.8 0
11324 17 27.8 0
11325 17.5 27.8 0
11326 18 27.8 0
11327 18.5 27.8 0
11328 19 27.8 0
11329 19.5 27.8 0
11330 20 27.8 0
11331 0 28 0
11332 0.1 28 0
11333 0.2 28 0
11334 0.3 28 0
11335 0.4 28 0
11336 0.5 28 0
11337 0.6 28 0
11338 0.7 28 0
11339 0.8 28 0
11340 0.9 28 0
11341 1 28 0
11342 1.1 28 0
11343 1.2 28 0
11344 1.3 28 0
11345 1.4 28 0
11346 1.5 28 0
11347 1.6 28 0
11348 1.7 28 0
11349 1.8 28 0
11350 1.9 28 0
11351 2 28 0
11352 2.1 28 0
11353 2.2 28 0
11354 2.3 28 0
11355 2.4 28 0
11356 2.5 28 0
11357 2.6 28 0
11358 2.7 28 0
11359 2.8 28 0
11360 2.9 28 0
11361 3 28 0
11362 3.1 28 0
11363 3.2 28 0
11364 3.3 28 0
11365 3.4 28 0
11366 3.5 28 0
11367 3.6 28 0
11368 3.7 28 0
11369 3.8 28 0
11370 3.9 28 0
11371 4 28 0
11372 4.1 28 0
11373 4.2 28 0
11374 4.3 28 0
11375 4.4 28 0
11376 4.5 28 0
11377 4.6 28 0
11378 4.7 28 0
11379 4.8 28 0
11380 4.9 28 0
11381 5 28 0
11382 5.15 28 0
11383 5.3 28 0
11384 5.45 28 0
11385 5.6 28 0
11386 5.75 28 0
11387 5.9 28 0
11388 6.05 28 0
11389 6.2 28 0
11390 6.35 28 0
11391 6.5 28 0
11392 6.65 28 0
11393 6.8 28 0
11394 6.95 28 0
11395 7.1 28 0
11396 7.25 28 0
11397 7.4 28 0
11398 7.55 28 0
11399 7.7 28 0
11400 7.85 28 0
11401 8 28 0
11402 8.25 28 0
11403 8.5 28 0
11404 8.75 28 0
11405 9 28 0
11406 9.25 28 0
11407 9.5 28 0
11408 9.75 28 0
11409 10 28 0
11410 10.25 28 0
11411 10.5 28 0
11412 10.75 28 0
11413 11 28 0
11414 11.25 28 0
11415 11.5 28 0
11416 11.75 28 0
11417 12 28 0
11418 12.5 28 0
11419 13 28 0
11420 13.5 28 0
11421 14 28 0
11422 14.5 28 0
11423 15 28 0
11424 15.5 28 0
11425 16 28 0
11426 16.5 28 0
11427 17 28 0
11428 17.5 28 0
11429 18 28 0
11430 18.5 28 0
11431 19 28 0
11432 19.5 28 0
11433 20 28 0
11434 0 28.1 0
11435 0.1 28.1 0
11436 0.2 28.1 0
11437 0.3 28.1 0
11438 0.4 28.1 0
11439 0.5 28.1 0
11440 0.6 28.1 0
11441 0.7 28.1 0
11442 0.8 28.1 0
11443 0.9 28.1 0
11444 1 28.1 0
11445 1.1 28.1 0
11446 1.2 28.1 0
11447 1.3 28.1 0
11448 1.4 28.1 0
11449 1.5 28.1 0
11450 1.6 28.1 0
11451 1.7 28.1 0
11452 1.8 28.1 0
11453 1.9 28.1 0
11454 2 28.1 0
11455 2.1 28.1 0
11456 2.2 28.1 0
11457 2.3 28.1 0
11458 2.4 28.1 0
11459 2.5 28.1 0
11460 2.6 28.1 0
11461 2.7 28.1 0
11462 2.8 28.1 0
11463 2.9 28.1 0
11464 3 28.1 0
11465 3.1 28.1 0
11466 3.2 28.1 0
11467 3.3 28.1 0
11468 3.4 28.1 0
11469 3.5 28.1 0
11470 3.6 28.1 0
11471 3.7 28.1 0
11472 3.8 28.1 0
11473 3.9 28.1 0
11474 4 28.1 0
11475 4.1 28.1 0
11476 4.2 28.1 0
11477 4.3 28.1 0
11478 4.4 28.1 0
11479 4.5 28.1 0
11480 4.6 28.1 0
11481 4.7 28.1 0
11482 4.8 28.1 0
11483 4.9 28.1 0
11484 5 28.1 0
11485 5.15 28.1 0
11486 5.3 28.1 0
11487 5.45 28.1 0
11488 5.6 28.1 0
11489 5.75 28.1 0
11490 5.9 28.1 0
11491 6.05 28.1 0
11492 6.2 28.1 0
11493 6.35 28.1 0
11494 6.5 28.1 0
11495 6.65 28.1 0
11496 6.8 28.1 0
11497 6.95 28.1 0
11498 7.1 28.1 0
11499 7.25 28.1 0
11500 7.4 28.1 0
11501 7.55 28.1 0
11502 7.7 28.1 0
11503 7.85 28.1 0
11504 8 28.1 0
11505 8.25 28.1 0
11506 8.5 28.1 0
11507 8.75 28.1 0
11508 9 28.1 0
11509 9.25 28.1 0
11510 9.5 28.1 0
11511 9.75 28.1 0
11512 10 28.1 0
11513 10.25 28.1 0
11514 10.5 28.1 0
11515 10.75 28.1 0
11516 11 28.1 0
11517 11.25 28.1 0
11518 11.5 28.1 0
11519 11.75 28.1 0
11520 12 28.1 0
11521 12.5 28.1 0
11522 13 28.1 0
11523 13.5 28.1 0
11524 14 28.1 0
11525 14.5 28.1 0
11526 15 28.1 0
11527 15.5 28.1 0
11528 16 28.1 0
11529 16.5 28.1 0
11530 17 28.1 0
11531 17.5 28.1 0
11532 18 28.1 0
11533 18.5 28.1 0
11534 19 28.1 0
11535 19.5 28.1 0
11536 20 28.1 0
11537 0 28.2 0
11538 0.1 28.2 0
11539 0.2 28.2 0
11540 0.3 28.2 0
11541 0.4 28.2 0
11542 0.5 28.2 0
11543 0.6 28.2 0
11544 0.7 28.2 0
11545 0.8 28.2 0
11546 0.9 28.2 0
11547 1 28.2 0
11548 1.1 28.2 0
11549 1.2 28.2 0
11550 1.3 28.2 0
11551 1.4 28.2 0
11552 1.5 28.2 0
11553 1.6 28.2 0
11554 1.7 28.2 0
11555 1.8 28.2 0
11556 1.9 28.2 0
11557 2 28.2 0
11558 2.1 28.2 0
11559 2.2 28.2 0
11560 2.3 28.2 0
11561 2.4 28.2 0
11562 2.5 28.2 0
11563 2.6 28.2 0
11564 2.7 28.2 0
11565 2.8 28.2 0
11566 2.9 28.2 0
11567 3 28.2 0
11568 3.1 28.2 0
11569 3.2 28.2 0
11570 3.3 28.2 0
11571 3.4 28.2 0
11572 3.5 28.2 0
11573 3.6 28.2 0
11574 3.7 28.2 0
11575 3.8 28.2 0
11576 3.9 28.2 0
11577 4 28.2 0
11578 4.1 28.2 0
11579 4.2 28.2 0
11580 4.3 28.2 0
11581 4.4 28.2 0
11582 4.5 28.2 0
11583 4.6 28.2 0
11584 4.7 28.2 0
11585 4.8 28.2 0
11586 4.9 28.2 0
11587 5 28.2 0
11588 5.15 28.2 0
11589 5.3 28.2 0
11590 5.45 28.2 0
11591 5.6 28.2 0
11592 5.75 28.2 0
11593 5.9 28.2 0
11594 6.05 28.2 0
11595 6.2 28.2 0
11596 6.35 28.2 0
11597 6.5 28.2 0
11598 6.65 28.2 0
11599 6.8 28.2 0
11600 6.95 28.2 0
11601 7.1 28.2 0
11602 7.25 28.2 0
11603 7.4 28.2 0
11604 7.55 28.2 0
11605 7.7 28.2 0
11606 7.85 28.2 0
11607 8 28.2 0
11608 8.25 28.2 0
11609 8.5 28.2 0
11610 8.75 28.2 0
11611 9 28.2 0
11612 9.25 28.2 0
11613 9.5 28.2 0
11614 9.75 28.2 0
11615 10 28.2 0
11616 10.25 28.2 0
11617 10.5 28.2 0
11618 10.75 28.2 0
11619 11 28.2 0
11620 11.25 28.2 0
11621 11.5 28.2 0
11622 11.75 28.2 0
11623 12 28.2 0
11624 12.5 28.2 0
11625 13 28.2 0
11626 13.5 28.2 0
11627 14 28.2 0
11628 14.5 28.2 0
11629 15 28.2 0
11630 15.5 28.2 0
11631 16 28.2 0
11632 16.5 28.2 0
11633 17 28.2 0
11634 17.5 28.2 0
11635 18 28.2 0
11636 18.5 28.2 0
11637 19 28.2 0
11638 19.5 28.2 0
11639 20 28.2 0
11640 0 28.3 0
11641 0.1 28.3 0
11642 0.2 28.3 0
11643 0.3 28.3 0
11644 0.4 28.3 0
11645 0.5 28.3 0
11646 0.6 28.3 0
11647 0.7 28.3 0
11648 0.8 28.3 0
11649 0.9 28.3 0
11650 1 28.3 0
11651 1.1 28.3 0
11652 1.2 28.3 0
11653 1.3 28.3 0
11654 1.4 28.3 0
11655 1.5 28.3 0
11656 1.6 28.3 0
11657 1.7 28.3 0
11658 1.8 28.3 0
11659 1.9 28.3 0
11660 2 28.3 0
11661 2.1 28.3 0
11662 2.2 28.3 0
11663 2.3 28.3 0
11664 2.4 28.3 0
11665 2.5 28.3 0
11666 2.6 28.3 0
11667 2.7 28.3 0
11668 2.8 28.3 0
11669 2.9 28.3 0
11670 3 28.3 0
11671 3.1 28.3 0
11672 3.2 28.3 0
11673 3.3 28.3 0
11674 3.4 28.3 0
11675 3.5 28.3 0
11676 3.6 28.3 0
11677 3.7 28.3 0
11678 3.8 28.3 0
11679 3.9 28.3 0
11680 4 28.3 0
11681 4.1 28.3 0
11682 4.2 28.3 0
11683 4.3 28.3 0
11684 4.4 28.3 0
11685 4.5 28.3 0
11686 4.6 28.3 0
11687 4.7 28.3 0
11688 4.8 28.3 0
11689 4.9 28.3 0
11690 5 28.3 0
11691 5.15 28.3 0
11692 5.3 28.3 0
11693 5.45 28.3 0
11694 5.6 28.3 0
11695 5.75 28.3 0
11696 5.9 28.3 0
11697 6.05 28.3 0
11698 6.2 28.3 0
11699 6.35 28.3 0
11700 6.5 28.3 0
11701 6.65 28.3 0
11702 6.8 28.3 0
11703 6.95 28.3 0
11704 7.1 28.3 0
11705 7.25 28.3 0
11706 7.4 28.3 0
11707 7.55 28.3 0
11708 7.7 28.3 0
11709 7.85 28.3 0
11710 8 28.3 0
11711 8.25 28.3 0
11712 8.5 28.3 0
11713 8.75 28.3 0
11714 9 28.3 0
11715 9.25 28.3 0
11716 9.5 28.3 0
11717 9.75 28.3 0
11718 10 28.3 0
11719 10.25 28.3 0
11720 10.5 28.3 0
11721 10.75 28.3 0
11722 11 28.3 0
11723 11.25 28.3 0
11724 11.5 28.3 0
11725 11.75 28.3 0
11726 12 28.3 0
11727 12.5 28.3 0
11728 13 28.3 0
11729 13.5 28.3 0
11730 14 28.3 0
11731 14.5 28.3 0
11732 15 28.3 0
11733 15.5 28.3 0
11734 16 28.3 0
11735 16.5 28.3 0
11736 17 28.3 0
11737 17.5 28.3 0
11738 18 28.3 0
11739 18.5 28.3 0
11740 19 28.3 0
11741 19.5 28.3 0
11742 20 28.3 0
11743 0 28.4 0
11744 0.1 28.4 0
11745 0.2 28.4 0
11746 0.3 28.4 0
11747 0.4 28.4 0
11748 0.5 28.4 0
11749 0.6 28.4 0
11750 0.7 28.4 0
11751 0.8 28.4 0
11752 0.9 28.4 0
11753 1 28.4 0
11754 1.1 28.4 0
11755 1.2 28.4 0
11756 1.3 28.4 0
11757 1.4 28.4 0
11758 1.5 28.4 0
11759 1.6 28.4 0
11760 1.7 28.4 0
11761 1.8 28.4 0
11762 1.9 28.4 0
11763 2 28.4 0
11764 2.1 28.4 0
11765 2.2 28.4 0
11766 2.3 28.4 0
11767 2.4 28.4 0
11768 2.5 28.4 0
11769 2.6 28.4 0
11770 2.7 28.4 0
11771 2.8 28.4 0
11772 2.9 28.4 0
11773 3 28.4 0
11774 3.1 28.4 0
11775 3.2 28.4 0
11776 3.3 28.4 0
11777 3.4 28.4 0
11778 3.5 28.4 0
11779 3.6 28.4 0
11780 3.7 28.4 0
11781 3.8 28.4 0
11782 3.9 28.4 0
11783 4 28.4 0
11784 4.1 28.4 0
11785 4.2 28.4 0
11786 4.3 28.4 0
11787 4.4 28.4 0
11788 4.5 28.4 0
11789 4.6 28.4 0
11790 4.7 28.4 0
11791 4.8 28.4 0
11792 4.9 28.4 0
11793 5 28.4 0
11794 5.15 28.4 0
11795 5.3 28.4 0
11796 5.45 28.4 0
11797 5.6 28.4 0
11798 5.75 28.4 0
11799 5.9 28.4 0
11800 6.05 28.4 0
11801 6.2 28.4 0
11802 6.35 28.4 0
11803 6.5 28.4 0
11804 6.65 28.4 0
11805 6.8 28.4 0
11806 6.95 28.4 0
11807 7.1 28.4 0
11808 7.25 28.4 0
11809 7.4 28.4 0
11810 7.55 28.4 0
11811 7.7 28.4 0
11812 7.85 28.4 0
11813 8 28.4 0
11814 8.25 28.4 0
11815 8.5 28.4 0
11816 8.75 28.4 0
11817 9 28.4 0
11818 9.25 28.4 0
11819 9.5 28.4 0
11820 9.75 28.4 0
11821 10 28.4 0
11822 10.25 28.4 0
11823 10.5 28.4 0
11824 10.75 28.4 0
11825 11 28.4 0
11826 11.25 28.4 0
11827 11.5 28.4 0
11828 11.75 28.4 0
11829 12 28.4 0
11830 12.5 28.4 0
11831 13 28.4 0
11832 13.5 28.4 0
11833 14 28.4 0
11834 14.5 28.4 0
11835 15 28.4 0
11836 15.5 28.4 0
11837 16 28.4 0
11838 16.5 28.4 0
11839 17 28.4 0
11840 17.5 28.4 0
11841 18 28.4 0
11842 18.5 28.4 0
11843 19 28.4 0
11844 19.5 28.4 0
11845 20 28.4 0
11846 0 28.5 0
11847 0.1 28.5 0
11848 0.2 28.5 0
11849 0.3 28.5 0
11850 0.4 28.5 0
11851 0.5 28.5 0
11852 0.6 28.5 0
11853 0.7 28.5 0
11854 0.8 28.5 0
11855 0.9 28.5 0
11856 1 28.5 0
11857 1.1 28.5 0
11858 1.2 28.5 0
11859 1.3 28.5 0
11860 1.4 28.5 0
11861 1.5 28.5 0
11862 1.6 28.5 0
11863 1.7 28.5 0
11864 1.8 28.5 0
11865 1.9 28.5 0
11866 2 28.5 0
11867 2.1 28.5 0
11868 2.2 28.5 0
11869 2.3 28.5 0
11870 2.4 28.5 0
11871 2.5 28.5 0
11872 2.6 28.5 0
11873 2.7 28.5 0
11874 2.8 28.5 0
11875 2.9 28.5 0
11876 3 28.5 0
11877 3.1 28.5 0
11878 3.2 28.5 0
11879 3.3 28.5 0
11880 3.4 28.5 0
11881 3.5 28.5 0
11882 3.6 28.5 0
11883 3.7 28.5 0
11884 3.8 28.5 0
11885 3.9 28.5 0
11886 4 28.5 0
11887 4.1 28.5 0
11888 4.2 28.5 0
11889 4.3 28.5 0
11890 4.4 28.5 0
11891 4.5 28.5 0
11892 4.6 28.5 0
11893 4.7 28.5 0
11894 4.8 28.5 0
11895 4.9 28.5 0
11896 5 28.5 0
11897 5.15 28.5 0
11898 5.3 28.5 0
11899 5.45 28.5 0
11900 5.6 28.5 0
11901 5.75 28.5 0
11902 5.9 28.5 0
11903 6.05 28.5 0
11904 6.2 28.5 0
11905 6.35 28.5 0
11906 6.5 28.5 0
11907 6.65 28.5 0
11908 6.8 28.5 0
11909 6.95 28.5 0
11910 7.1 28.5 0
11911 7.25 28.5 0
11912 7.4 28.5 0
11913 7.55 28.5 0
11914 7.7 28.5 0
11915 7.85 28.5 0
11916 8 28.5 0
11917 8.25 28.5 0
11918 8.5 28.5 0
11919 8.75 28.5 0
11920 9 28.5 0
11921 9.25 28.5 0
11922 9.5 28.5 0
11923 9.75 28.5 0
11924 10 28.5 0
11925 10.25 28.5 0
11926 10.5 28.5 0
11927 10.75 28.5 0
11928 11 28.5 0
11929 11.25 28.5 0
11930 11.5 28.5 0
11931 11.75 28.5 0
11932 12 28.5 0
11933 12.5 28.5 0
11934 13 28.5 0
11935 13.5 28.5 0
11936 14 28.5 0
11937 14.5 28.5 0
11938 15 28.5 0
11939 15.5 28.5 0
11940 16 28.5 0
11941 16.5 28.5 0
11942 17 28.5 0
11943 17.5 28.5 0
11944 18 28.5 0
11945 18.5 28.5 0
11946 19 28.5 0
11947 19.5 28.5 0
11948 20 28.5 0
11949 0 28.6 0
11950 0.1 28.6 0
11951 0.2 28.6 0
11952 0.3 28.6 0
11953 0.4 28.6 0
11954 0.5 28.6 0
11955 0.6 28.6 0
11956 0.7 28.6 0
11957 0.8 28.6 0
11958 0.9 28.6 0
11959 1 28.6 0
11960 1.1 28.6 0
11961 1.2 28.6 0
11962 1.3 28.6 0
11963 1.4 28.6 0
11964 1.5 28.6 0
11965 1.6 28.6 0
11966 1.7 28.6 0
11967 1.8 28.6 0
11968 1.9 28.6 0
11969 2 28.6 0
11970 2.1 28.6 0
11971 2.2 28.6 0
11972 2.3 28.6 0
11973 2.4 28.6 0
11974 2.5 28.6 0
11975 2.6 28.6 0
11976 2.7 28.6 0
11977 2.8 28.6 0
11978 2.9 28.6 0
11979 3 28.6 0
11980 3.1 28.6 0
11981 3.2 28.6 0
11982 3.3 28.6 0
11983 3.4 28.6 0
11984 3.5 28.6 0
11985 3.6 28.6 0
11986 3.7 28.6 0
11987 3.8 28.6 0
11988 3.9 28.6 0
11989 4 28.6 0
11990 4.1 28.6 0
11991 4.2 28.6 0
11992 4.3 28.6 0
11993 4.4 28.6 0
11994 4.5 28.6 0
11995 4.6 28.6 0
11996 4.7 28.6 0
11997 4.8 28.6 0
11998 4.9 28.6 0
11999 5 28.6 0
12000 5.15 28.6 0
12001 5.3 28.6 0
12002 5.45 28.6 0
12003 5.6 28.6 0
12004 5.75 28.6 0
12005 5.9 28.6 0
12006 6.05 28.6 0
12007 6.2 28.6 0
12008 6.35 28.6 0
12009 6.5 28.6 0
12010 6.65 28.6 0
12011 6.8 28.6 0
12012 6.95 28.6 0
12013 7.1 28.6 0
12014 7.25 28.6 0
12015 7.4 28.6 0
12016 7.55 28.6 0
12017 7.7 28.6 0
12018 7.85 28.6 0
12019 8 28.6 0
12020 8.25 28.6 0
12021 8.5 28.6 0
12022 8.75 28.6 0
12023 9 28.6 0
12024 9.25 28.6 0
12025 9.5 28.6 0
12026 9.75 28.6 0
12027 10 28.6 0
12028 10.25 28.6 0
12029 10.5 28.6 0
12030 10.75 28.6 0
12031 11 28.6 0
12032 11.25 28.6 0
12033 11.5 28.6 0
12034 11.75 28.6 0
12035 12 28.6 0
12036 12.5 28.6 0
12037 13 28.6 0
12038 13.5 28.6 0
12039 14 28.6 0
12040 14.5 28.6 0
12041 15 28.6 0
12042 15.5 28.6 0
12043 16 28.6 0
12044 16.5 28.6 0
12045 17 28.6 0
12046 17.5 28.6 0
12047 18 28.6 0
12048 18.5 28.6 0
12049 19 28.6 0
12050 19.5 28.6 0
12051 20 28.6 0
12052 0 28.7 0
12053 0.1 28.7 0
12054 0.2 28.7 0
12055 0.3 28.7 0
12056 0.4 28.7 0
12057 0.5 28.7 0
12058 0.6 28.7 0
12059 0.7 28.7 0
12060 0.8 28.7 0
12061 0.9 28.7 0
12062 1 28.7 0
12063 1.1 28.7 0
12064 1.2 28.7 0
12065 1.3 28.7 0
12066 1.4 28.7 0
12067 1.5 28.7 0
12068 1.6 28.7 0
12069 1.7 28.7 0
12070 1.8 28.7 0
12071 1.9 28.7 0
12072 2 28.7 0
12073 2.1 28.7 0
12074 2.2 28.7 0
12075 2.3 28.7 0
12076 2.4 28.7 0
12077 2.5 28.7 0
12078 2.6 28.7 0
12079 2.7 28.7 0
12080 2.8 28.7 0
12081 2.9 28.7 0
12082 3 28.7 0
12083 3.1 28.7 0
12084 3.2 28.7 0
12085 3.3 28.7 0
12086 3.4 28.7 0
12087 3.5 28.7 0
12088 3.6 28.7 0
12089 3.7 28.7 0
12090 3.8 28.7 0
12091 3.9 28.7 0
12092 4 28.7 0
12093 4.1 28.7 0
12094 4.2 28.7 0
12095 4.3 28.7 0
12096 4.4 28.7 0
12097 4.5 28.7 0
12098 4.6 28.7 0
12099 4.7 28.7 0
12100 4.8 28.7 0
12101 4.9 28.7 0
12102 5 28.7 0
12103 5.15 28.7 0
12104 5.3 28.7 0
12105 5.45 28.7 0
12106 5.6 28.7 0
12107 5.75 28.7 0
12108 5.9 28.7 0
12109 6.05 28.7 0
12110 6.2 28.7 0
12111 6.35 28.7 0
12112 6.5 28.7 0
12113 6.65 28.7 0
12114 6.8 28.7 0
12115 6.95 28.7 0
12116 7.1 28.7 0
12117 7.25 28.7 0
12118 7.4 28.7 0
12119 7.55 28.7 0
12120 7.7 28.7 0
12121 7.85 28.7 0
12122 8 28.7 0
12123 8.25 28.7 0
12124 8.5 28.7 0
12125 8.75 28.7 0
12126 9 28.7 0
12127 9.25 28.7 0
12128 9.5 28.7 0
12129 9.75 28.7 0
12130 10 28.7 0
12131 10.25 28.7 0
12132 10.5 28.7 0
12133 10.75 28.7 0
12134 11 28.7 0
12135 11.25 28.7 0
12136 11.5 28.7 0
12137 11.75 28.7 0
12138 12 28.7 0
12139 12.5 28.7 0
12140 13 28.7 0
12141 13.5 28.7 0
12142 14 28.7 0
12143 14.5 28.7 0
12144 15 28.7 0
12145 15.5 28.7 0
12146 16 28.7 0
12147 16.5 28.7 0
12148 17 28.7 0
12149 17.5 28.7 0
12150 18 28.7 0
12151 18.5 28.7 0
12152 19 28.7 0
12153 19.5 28.7 0
12154 20 28.7 0
12155 0 28.8 0
12156 0.1 28.8 0
12157 0.2 28.8 0
12158 0.3 28.8 0
12159 0.4 28.8 0
12160 0.5 28.8 0
12161 0.6 28.8 0
12162 0.7 28.8 0
12163 0.8 28.8 0
12164 0.9 28.8 0
12165 1 28.8 0
12166 1.1 28.8 0
12167 1.2 28.8 0
12168 1.3 28.8 0
12169 1.4 28.8 0
12170 1.5 28.8 0
12171 1.6 28.8 0
12172 1.7 28.8 0
12173 1.8 28.8 0
12174 1.9 28.8 0
12175 2 28.8 0
12176 2.1 28.8 0
12177 2.2 28.8 0
12178 2.3 28.8 0
12179 2.4 28.8 0
12180 2.5 28.8 0
12181 2.6 28.8 0
12182 2.7 28.8 0
12183 2.8 28.8 0
12184 2.9 28.8 0
12185 3 28.8 0
12186 3.1 28.8 0
12187 3.2 28.8 0
12188 3.3 28.8 0
12189 3.4 28.8 0
12190 3.5 28.8 0
12191 3.6 28.8 0
12192 3.7 28.8 0
12193 3.8 28.8 0
12194 3.9 28.8 0
12195 4 28.8 0
12196 4.1 28.8 0
12197 4.2 28.8 0
12198 4.3 28.8 0
12199 4.4 28.8 0
12200 4.5 28.8 0
12201 4.6 28.8 0
12202 4.7 28.8 0
12203 4.8 28.8 0
12204 4.9 28.8 0
12205 5 28.8 0
12206 5.15 28.8 0
12207 5.3 28.8 0
12208 5.45 28.8 0
12209 5.6 28.8 0
12210 5.75 28.8 0
12211 5.9 28.8 0
12212 6.05 28.8 0
12213 6.2 28.8 0
12214 6.35 28.8 0
12215 6.5 28.8 0
12216 6.65 28.8 0
12217 6.8 28.8 0
12218 6.95 28.8 0
12219 7.1 28.8 0
12220 7.25 28.8 0
12221 7.4 28.8 0
12222 7.55 28.8 0
12223 7.7 28.8 0
12224 7.85 28.8 0
12225 8 28.8 0
12226 8.25 28.8 0
12227 8.5 28.8 0
12228 8.75 28.8 0
12229 9 28.8 0
12230 9.25 28.8 0
12231 9.5 28.8 0
12232 9.75 28.8 0
12233 10 28.8 0
12234 10.25 28.8 0
12235 10.5 28.8 0
12236 10.75 28.8 0
12237 11 28.8 0
12238 11.25 28.8 0
12239 11.5 28.8 0
12240 11.75 28.8 0
12241 12 28.8 0
12242 12.5 28.8 0
12243 13 28.8 0
12244 13.5 28.8 0
12245 14 28.8 0
12246 14.5 28.8 0
12247 15 28.8 0
12248 15.5 28.8 0
12249 16 28.8 0
12250 16.5 28.8 0
12251 17 28.8 0
12252 17.5 28.8 0
12253 18 28.8 0
12254 18.5 28.8 0
12255 19 28.8 0
12256 19.5 28.8 0
12257 20 28.8 0
12258 0 28.9 0
12259 0.1 28.9 0
12260 0.2 28.9 0
12261 0.3 28.9 0
12262 0.4 28.9 0
12263 0.5 28.9 0
12264 0.6 28.9 0
12265 0.7 28.9 0
12266 0.8 28.9 0
12267 0.9 28.9 0
12268 1 28.9 0
12269 1.1 28.9 0
12270 1.2 28.9 0
12271 1.3 28.9 0
12272 1.4 28.9 0
12273 1.5 28.9 0
12274 1.6 28.9 0
12275 1.7 28.9 0
12276 1.8 28.9 0
12277 1.9 28.9 0
12278 2 28.9 0
12279 2.1 28.9 0
12280 2.2 28.9 0
12281 2.3 28.9 0
12282 2.4 28.9 0
12283 2.5 28.9 0
12284 2.6 28.9 0
12285 2.7 28.9 0
12286 2.8 28.9 0
12287 2.9 28.9 0
12288 3 28.9 0
12289 3.1 28.9 0
12290 3.2 28.9 0
12291 3.3 28.9 0
12292 3.4 28.9 0
12293 3.5 28.9 0
12294 3.6 28.9 0
12295 3.7 28.9 0
12296 3.8 28.9 0
12297 3.9 28.9 0
12298 4 28.9 0
12299 4.1 28.9 0
12300 4.2 28.9 0
12301 4.3 28.9 0
12302 4.4 28.9 0
12303 4.5 28.9 0
12304 4.6 28.9 0
12305 4.7 28.9 0
12306 4.8 28.9 0
12307 4.9 28.9 0
12308 5 28.9 0
12309 5.15 28.9 0
12310 5.3 28.9 0
12311 5.45 28.9 0
12312 5.6 28.9 0
12313 5.75 28.9 0
12314 5.9 28.9 0
12315 6.05 28.9 0
12316 6.2 28.9 0
12317 6.35 28.9 0
12318 6.5 28.9 0
12319 6.65 28.9 0
12320 6.8 28.9 0
12321 6.95 28.9 0
12322 7.1 28.9 0
12323 7.25 28.9 0
12324 7.4 28.9 0
12325 7.55 28.9 0
12326 7.7 28.9 0
12327 7.85 28.9 0
12328 8 28.9 0
12329 8.25 28.9 0
12330 8.5 28.9 0
12331 8.75 28.9 0
12332 9 28.9 0
12333 9.25 28.9 0
12334 9.5 28.9 0
12335 9.75 28.9 0
12336 10 28.9 0
12337 10.25 28.9 0
12338 10.5 28.9 0
12339 10.75 28.9 0
12340 11 28.9 0
12341 11.25 28.9 0
12342 11.5 28.9 0
12343 11.75 28.9 0
12344 12 28.9 0
12345 12.5 28.9 0
12346 13 28.9 0
12347 13.5 28.9 0
12348 14 28.9 0
12349 14.5 28.9 0
12350 15 28.9 0
12351 15.5 28.9 0
12352 16 28.9 0
12353 16.5 28.9 0
12354 17 28.9 0
12355 17.5 28.9 0
12356 18 28.9 0
12357 18.5 28.9 0
12358 19 28.9 0
12359 19.5 28.9 0
12360 20 28.9 0
12361 0 29 0
12362 0.1 29 0
12363 0.2 29 0
12364 0.3 29 0
12365 0.4 29 0
12366 0.5 29 0
12367 0.6 29 0
12368 0.7 29 0
12369 0.8 29 0
12370 0.9 29 0
12371 1 29 0
12372 1.1 29 0
12373 1.2 29 0
12374 1.3 29 0
12375 1.4 29 0
12376 1.5 29 0
12377 1.6 29 0
12378 1.7 29 0
12379 1.8 29 0
12380 1.9 29 0
12381 2 29 0
12382 2.1 29 0
12383 2.2 29 0
12384 2.3 29 0
12385 2.4 29 0
12386 2.5 29 0
12387 2.6 29 0
12388 2.7 29 0
12389 2.8 29 0
12390 2.9 29 0
12391 3 29 0
12392 3.1 29 0
12393 3.2 29 0
12394 3.3 29 0
12395 3.4 29 0
12396 3.5 29 0
12397 3.6 29 0
12398 3.7 29 0
12399 3.8 29 0
12400 3.9 29 0
12401 4 29 0
12402 4.1 29 0
12403 4.2 29 0
12404 4.3 29 0
12405 4.4 29 0
12406 4.5 29 0
12407 4.6 29 0
12408 4.7 29 0
12409 4.8 29 0
12410 4.9 29 0
12411 5 29 0
12412 5.15 29 0
12413 5.3 29 0
12414 5.45 29 0
12415 5.6 29 0
12416 5.75 29 0
12417 5.9 29 0
12418 6.05 29 0
12419 6.2 29 0
12420 6.35 29 0
12421 6.5 29 0
12422 6.65 29 0
12423 6.8 29 0
12424 6.95 29 0
12425 7.1 29 0
12426 7.25 29 0
12427 7.4 29 0
12428 7.55 29 0
12429 7.7 29 0
12430 7.85 29 0
12431 8 29 0
12432 8.25 29 0
12433 8.5 29 0
12434 8.75 29 0
12435 9 29 0
12436 9.25 29 0
12437 9.5 29 0
12438 9.75 29 0
12439 10 29 0
12440 10.25 29 0
12441 10.5 29 0
12442 10.75 29 0
12443 11 29 0
12444 11.25 29 0
12445 11.5 29 0
12446 11.75 29 0
12447 12 29 0
12448 12.5 29 0
12449 13 29 0
12450 13.5 29 0
12451 14 29 0
12452 14.5 29 0
12453 15 29 0
12454 15.5 29 0
12455 16 29 0
12456 16.5 29 0
12457 17 29 0
12458 17.5 29 0
12459 18 29 0
12460 18.5 29 0
12461 19 29 0
12462 19.5 29 0
12463 20 29 0
12464 0 29.1 0
12465 0.1 29.1 0
12466 0.2 29.1 0
12467 0.3 29.1 0
12468 0.4 29.1 0
12469 0.5 29.1 0
12470 0.6 29.1 0
12471 0.7 29.1 0
12472 0.8 29.1 0
12473 0.9 29.1 0
12474 1 29.1 0
12475 1.1 29.1 0
12476 1.2 29.1 0
12477 1.3 29.1 0
12478 1.4 29.1 0
12479 1.5 29.1 0
12480 1.6 29.1 0
12481 1.7 29.1 0
12482 1.8 29.1 0
12483 1.9 29.1 0
12484 2 29.1 0
12485 2.1 29.1 0
12486 2.2 29.1 0
12487 2.3 29.1 0
12488 2.4 29.1 0
12489 2.5 29.1 0
12490 2.6 29.1 0
12491 2.7 29.1 0
12492 2.8 29.1 0
12493 2.9 29.1 0
12494 3 29.1 0
12495 3.1 29.1 0
12496 3.2 29.1 0
12497 3.3 29.1 0
12498 3.4 29.1 0
12499 3.5 29.1 0
12500 3.6 29.1 0
12501 3.7 29.1 0
12502 3.8 29.1 0
12503 3.9 29.1 0
12504 4 29.1 0
12505 4.1 29.1 0
12506 4.2 29.1 0
12507 4.3 29.1 0
12508 4.4 29.1 0
12509 4.5 29.1 0
12510 4.6 29.1 0
12511 4.7 29.1 0
12512 4.8 29.1 0
12513 4.9 29.1 0
12514 5 29.1 0
12515 5.15 29.1 0
12516 5.3 29.1 0
12517 5.45 29.1 0
12518 5.6 29.1 0
12519 5.75 29.1 0
12520 5.9 29.1 0
12521 6.05 29.1 0
12522 6.2 29.1 0
12523 6.35 29.1 0
12524 6.5 29.1 0
12525 6.65 29.1 0
12526 6.8 29.1 0
12527 6.95 29.1 0
12528 7.1 29.1 0
12529 7.25 29.1 0
12530 7.4 29.1 0
12531 7.55 29.1 0
12532 7.7 29.1 0
12533 7.85 29.1 0
12534 8 29.1 0
12535 8.25 29.1 0
12536 8.5 29.1 0
12537 8.75 29.1 0
12538 9 29.1 0
12539 9.25 29.1 0
12540 9.5 29.1 0
12541 9.75 29.1 0
12542 10 29.1 0
12543 10.25 29.1 0
12544 10.5 29.1 0
12545 10.75 29.1 0
12546 11 29.1 0
12547 11.25 29.1 0
12548 11.5 29.1 0
12549 11.75 29.1 0
12550 12 29.1 0
12551 12.5 29.1 0
12552 13 29.1 0
12553 13.5 29.1 0
12554 14 29.1 0
12555 14.5 29.1 0
12556 15 29.1 0
12557 15.5 29.1 0
12558 16 29.1 0
12559 16.5 29.1 0
12560 17 29.1 0
12561 17.5 29.1 0
12562 18 29.1 0
12563 18.5 29.1 0
12564 19 29.1 0
12565 19.5 29.1 0
12566 20 29.1 0
12567 0 29.2 0
12568 0.1 29.2 0
12569 0.2 29.2 0
12570 0.3 29.2 0
12571 0.4 29.2 0
12572 0.5 29.2 0
12573 0.6 29.2 0
12574 0.7 29.2 0
12575 0.8 29.2 0
12576 0.9 29.2 0
12577 1 29.2 0
12578 1.1 29.2 0
12579 1.2 29.2 0
12580 1.3 29.2 0
12581 1.4 29.2 0
12582 1.5 29.2 0
12583 1.6 29.2 0
12584 1.7 29.2 0
12585 1.8 29.2 0
12586 1.9 29.2 0
12587 2 29.2 0
12588 2.1 29.2 0
12589 2.2 29.2 0
12590 2.3 29.2 0
12591 2.4 29.2 0
12592 2.5 29.2 0
12593 2.6 29.2 0
12594 2.7 29.2 0
12595 2.8 29.2 0
12596 2.9 29.2 0
12597 3 29.2 0
12598 3.1 29.2 0
12599 3.2 29.2 0
12600 3.3 29.2 0
12601 3.4 29.2 0
12602 3.5 29.2 0
12603 3.6 29.2 0
12604 3.7 29.2 0
12605 3.8 29.2 0
12606 3.9 29.2 0
12607 4 29.2 0
12608 4.1 29.2 0
12609 4.2 29.2 0
12610 4.3 29.2 0
12611 4.4 29.2 0
12612 4.5 29.2 0
12613 4.6 29.2 0
12614 4.7 29.2 0
12615 4.8 29.2 0
12616 4.9 29.2 0
12617 5 29.2 0
12618 5.15 29.2 0
12619 5.3 29.2 0
12620 5.45 29.2 0
12621 5.6 29.2 0
12622 5.75 29.2 0
12623 5.9 29.2 0
12624 6.05 29.2 0
12625 6.2 29.2 0
12626 6.35 29.2 0
12627 6.5 29.2 0
12628 6.65 29.2 0
12629 6.8 29.2 0
12630 6.95 29.2 0
12631 7.1 29.2 0
12632 7.25 29.2 0
12633 7.4 29.2 0
12634 7.55 29.2 0
12635 7.7 29.2 0
12636 7.85 29.2 0
12637 8 29.2 0
12638 8.25 29.2 0
12639 8.5 29.2 0
12640 8.75 29.2 0
12641 9 29.2 0
12642 9.25 29.2 0
12643 9.5 29.2 0
12644 9.75 29.2 0
12645 10 29.2 0
12646 10.25 29.2 0
12647 10.5 29.2 0
12648 10.75 29.2 0
12649 11 29.2 0
12650 11.25 29.2 0
12651 11.5 29.2 0
12652 11.75 29.2 0
12653 12 29.2 0
12654 12.5 29.2 0
12655 13 29.2 0
12656 13.5 29.2 0
12657 14 29.2 0
12658 14.5 29.2 0
12659 15 29.2 0
12660 15.5 29.2 0
12661 16 29.2 0
12662 16.5 29.2 0
12663 17 29.2 0
12664 17.5 29.2 0
12665 18 29.2 0
12666 18.5 29.2 0
12667 19 29.2 0
12668 19.5 29.2 0
12669 20 29.2 0
12670 0 29.3 0
12671 0.1 29.3 0
12672 0.2 29.3 0
12673 0.3 29.3 0
12674 0.4 29.3 0
12675 0.5 29.3 0
12676 0.6 29.3 0
12677 0.7 29.3 0
12678 0.8 29.3 0
12679 0.9 29.3 0
12680 1 29.3 0
12681 1.1 29.3 0
12682 1.2 29.3 0
12683 1.3 29.3 0
12684 1.4 29.3 0
12685 1.5 29.3 0
12686 1.6 29.3 0
12687 1.7 29.3 0
12688 1.8 29.3 0
12689 1.9 29.3 0
12690 2 29.3 0
12691 2.1 29.3 0
12692 2.2 29.3 0
12693 2.3 29.3 0
12694 2.4 29.3 0
12695 2.5 29.3 0
12696 2.6 29.3 0
12697 2.7 29.3 0
12698 2.8 29.3 0
12699 2.9 29.3 0
12700 3 29.3 0
12701 3.1 29.3 0
12702 3.2 29.3 0
12703 3.3 29.3 0
12704 3.4 29.3 0
12705 3.5 29.3 0
12706 3.6 29.3 0
12707 3.7 29.3 0
12708 3.8 29.3 0
12709 3.9 29.3 0
12710 4 29.3 0
12711 4.1 29.3 0
12712 4.2 29.3 0
12713 4.3 29.3 0
12714 4.4 29.3 0
12715 4.5 29.3 0
12716 4.6 29.3 0
12717 4.7 29.3 0
12718 4.8 29.3 0
12719 4.9 29.3 0
12720 5 29.3 0
12721 5.15 29.3 0
12722 5.3 29.3 0
12723 5.45 29.3 0
12724 5.6 29.3 0
12725 5.75 29.3 0
12726 5.9 29.3 0
12727 6.05 29.3 0
12728 6.2 29.3 0
12729 6.35 29.3 0
12730 6.5 29.3 0
12731 6.65 29.3 0
12732 6.8 29.3 0
12733 6.95 29.3 0
12734 7.1 29.3 0
12735 7.25 29.3 0
12736 7.4 29.3 0
12737 7.55 29.3 0
12738 7.7 29.3 0
12739 7.85 29.3 0
12740 8 29.3 0
12741 8.25 29.3 0
12742 8.5 29.3 0
12743 8.75 29.3 0
12744 9 29.3 0
12745 9.25 29.3 0
12746 9.5 29.3 0
12747 9.75 29.3 0
12748 10 29.3 0
12749 10.25 29.3 0
12750 10.5 29.3 0
12751 10.75 29.3 0
12752 11 29.3 0
12753 11.25 29.3 0
12754 11.5 29.3 0
12755 11.75 29.3 0
12756 12 29.3 0
12757 12.5 29.3 0
12758 13 29.3 0
12759 13.5 29.3 0
12760 14 29.3 0
12761 14.5 29.3 0
12762 15 29.3 0
12763 15.5 29.3 0
12764 16 29.3 0
12765 16.5 29.3 0
12766 17 29.3 0
12767 17.5 29.3 0
12768 18 29.3 0
12769 18.5 29.3 0
12770 19 29.3 0
12771 19.5 29.3 0
12772 20 29.3 0
12773 0 29.4 0
12774 0.1 29.4 0
12775 0.2 29.4 0
12776 0.3 29.4 0
12777 0.4 29.4 0
12778 0.5 29.4 0
12779 0.6 29.4 0
12780 0.7 29.4 0
12781 0.8 29.4 0
12782 0.9 29.4 0
12783 1 29.4 0
12784 1.1 29.4 0
12785 1.2 29.4 0
12786 1.3 29.4 0
12787 1.4 29.4 0
12788 1.5 29.4 0
12789 1.6 29.4 0
12790 1.7 29.4 0
12791 1.8 29.4 0
12792 1.9 29.4 0
12793 2 29.4 0
12794 2.1 29.4 0
12795 2.2 29.4 0
12796 2.3 29.4 0
12797 2.4 29.4 0
12798 2.5 29.4 0
12799 2.6 29.4 0
12800 2.7 29.4 0
12801 2.8 29.4 0
12802 2.9 29.4 0
12803 3 29.4 0
12804 3.1 29.4 0
12805 3.2 29.4 0
12806 3.3 29.4 0
12807 3.4 29.4 0
12808 3.5 29.4 0
12809 3.6 29.4 0
12810 3.7 29.4 0
12811 3.8 29.4 0
12812 3.9 29.4 0
12813 4 29.4 0
12814 4.1 29.4 0
12815 4.2 29.4 0
12816 4.3 29.4 0
12817 4.4 29.4 0
12818 4.5 29.4 0
12819 4.6 29.4 0
12820 4.7 29.4 0
12821 4.8 29.4 0
12822 4.9 29.4 0
12823 5 29.4 0
12824 5.15 29.4 0
12825 5.3 29.4 0
12826 5.45 29.4 0
12827 5.6 29.4 0
12828 5.75 29.4 0
12829 5.9 29.4 0
12830 6.05 29.4 0
12831 6.2 29.4 0
12832 6.35 29.4 0
12833 6.5 29.4 0
12834 6.65 29.4 0
12835 6.8 29.4 0
12836 6.95 29.4 0
12837 7.1 29.4 0
12838 7.25 29.4 0
12839 7.4 29.4 0
12840 7.55 29.4 0
12841 7.7 29.4 0
12842 7.85 29.4 0
12843 8 29.4 0
12844 8.25 29.4 0
12845 8.5 29.4 0
12846 8.75 29.4 0
12847 9 29.4 0
12848 9.25 29.4 0
12849 9.5 29.4 0
12850 9.75 29.4 0
12851 10 29.4 0
12852 10.25 29.4 0
12853 10.5 29.4 0
12854 10.75 29.4 0
12855 11 29.4 0
12856 11.25 29.4 0
12857 11.5 29.4 0
12858 11.75 29.4 0
12859 12 29.4 0
12860 12.5 29.4 0
12861 13 29.4 0
12862 13.5 29.4 0
12863 14 29.4 0
12864 14.5 29.4 0
12865 15 29.4 0
12866 15.5 29.4 0
12867 16 29.4 0
12868 16.5 29.4 0
12869 17 29.4 0
12870 17.5 29.4 0
12871 18 29.4 0
12872 18.5 29.4 0
12873 19 29.4 0
12874 19.5 29.4 0
12875 20 29.4 0
12876 0 29.5 0
12877 0.1 29.5 0
12878 0.2 29.5 0
12879 0.3 29.5 0
12880 0.4 29.5 0
12881 0.5 29.5 0
12882 0.6 29.5 0
12883 0.7 29.5 0
12884 0.8 29.5 0
12885 0.9 29.5 0
12886 1 29.5 0
12887 1.1 29.5 0
12888 1.2 29.5 0
12889 1.3 29.5 0
12890 1.4 29.5 0
12891 1.5 29.5 0
12892 1.6 29.5 0
12893 1.7 29.5 0
12894 1.8 29.5 0
12895 1.9 29.5 0
12896 2 29.5 0
12897 2.1 29.5 0
12898 2.2 29.5 0
12899 2.3 29.5 0
12900 2.4 29.5 0
12901 2.5 29.5 0
12902 2.6 29.5 0
12903 2.7 29.5 0
12904 2.8 29.5 0
12905 2.9 29.5 0
12906 3 29.5 0
12907 3.1 29.5 0
12908 3.2 29.5 0
12909 3.3 29.5 0
12910 3.4 29.5 0
12911 3.5 29.5 0
12912 3.6 29.5 0
12913 3.7 29.5 0
12914 3.8 29.5 0
12915 3.9 29.5 0
12916 4 29.5 0
12917 4.1 29.5 0
12918 4.2 29.5 0
12919 4.3 29.5 0
12920 4.4 29.5 0
12921 4.5 29.5 0
12922 4.6 29.5 0
12923 4.7 29.5 0
12924 4.8 29.5 0
12925 4.9 29.5 0
12926 5 29.5 0
12927 5.15 29.5 0
12928 5.3 29.5 0
12929 5.45 29.5 0
12930 5.6 29.5 0
12931 5.75 29.5 0
12932 5.9 29.5 0
12933 6.05 29.5 0
12934 6.2 29.5 0
12935 6.35 29.5 0
12936 6.5 29.5 0
12937 6.65 29.5 0
12938 6.8 29.5 0
12939 6.95 29.5 0
12940 7.1 29.5 0
12941 7.25 29.5 0
12942 7.4 29.5 0
12943 7.55 29.5 0
12944 7.7 29.5 0
12945 7.85 29.5 0
12946 8 29.5 0
12947 8.25 29.5 0
12948 8.5 29.5 0
12949 8.75 29.5 0
12950 9 29.5 0
12951 9.25 29.5 0
12952 9.5 29.5 0
12953 9.75 29.5 0
12954 10 29.5 0
12955 10.25 29.5 0
12956 10.5 29.5 0
12957 10.75 29.5 0
12958 11 29.5 0
12959 11.25 29.5 0
12960 11.5 29.5 0
12961 11.75 29.5 0
12962 12 29.5 0
12963 12.5 29.5 0
12964 13 29.5 0
12965 13.5 29.5 0
12966 14 29.5 0
12967 14.5 29.5 0
12968 15 29.5 0
12969 15.5 29.5 0
12970 16 29.5 0
12971 16.5 29.5 0
12972 17 29.5 0
12973 17.5 29.5 0
12974 18 29.5 0
12975 18.5 29.5 0
12976 19 29.5 0
12977 19.5 29.5 0
12978 20 29.5 0
12979 0 29.55 0
12980 0.1 29.55 0
12981 0.2 29.55 0
12982 0.3 29.55 0
12983 0.4 29.55 0
12984 0.5 29.55 0
12985 0.6 29.55 0
12986 0.7 29.55 0
12987 0.8 29.55 0
12988 0.9 29.55 0
12989 1 29.55 0
12990 1.1 29.55 0
12991 1.2 29.55 0
12992 1.3 29.55 0
12993 1.4 29.55 0
12994 1.5 29.55 0
12995 1.6 29.55 0
12996 1.7 29.55 0
12997 1.8 29.55 0
12998 1.9 29.55 0
12999 2 29.55 0
13000 2.1 29.55 0
13001 2.2 29.55 0
13002 2.3 29.55 0
13003 2.4 29.55 0
13004 2.5 29.55 0
13005 2.6 29.55 0
13006 2.7 29.55 0
13007 2.8 29.55 0
13008 2.9 29.55 0
13009 3 29.55 0
13010 3.1 29.55 0
13011 3.2 29.55 0
13012 3.3 29.55 0
13013 3.4 29.55 0
13014 3.5 29.55 0
13015 3.6 29.55 0
13016 3.7 29.55 0
13017 3.8 29.55 0
13018 3.9 29.55 0
13019 4 29.55 0
13020 4.1 29.55 0
13021 4.2 29.55 0
13022 4.3 29.55 0
13023 4.4 29.55 0
13024 4.5 29.55 0
13025 4.6 29.55 0
13026 4.7 29.55 0
13027 4.8 29.55 0
13028 4.9 29.55 0
13029 5 29.55 0
13030 5.15 29.55 0
13031 5.3 29.55 0
13032 5.45 29.55 0
13033 5.6 29.55 0
13034 5.75 29.55 0
13035 5.9 29.55 0
13036 6.05 29.55 0
13037 6.2 29.55 0
13038 6.35 29.55 0
13039 6.5 29.55 0
13040 6.65 29.55 0
13041 6.8 29.55 0
13042 6.95 29.55 0
13043 7.1 29.55 0
13044 7.25 29.55 0
13045 7.4 29.55 0
13046 7.55 29.55 0
13047 7.7 29.55 0
13048 7.85 29.55 0
13049 8 29.55 0
13050 8.25 29.55 0
13051 8.5 29.55 0
13052 8.75 29.55 0
13053 9 29.55 0
13054 9.25 29.55 0
13055 9.5 29.55 0
13056 9.75 29.55 0
13057 10 29.55 0
13058 10.25 29.55 0
13059 10.5 29.55 0
13060 10.75 29.55 0
13061 11 29.55 0
13062 11.25 29.55 0
13063 11.5 29.55 0
13064 11.75 29.55 0
13065 12 29.55 0
13066 12.5 29.55 0
13067 13 29.55 0
13068 13.5 29.55 0
13069 14 29.55 0
13070 14.5 29.55 0
13071 15 29.55 0
13072 15.5 29.55 0
13073 16 29.55 0
13074 16.5 29.55 0
13075 17 29.55 0
13076 17.5 29.55 0
13077 18 29.55 0
13078 18.5 29.55 0
13079 19 29.55 0
13080 19.5 29.55 0
13081 20 29.55 0
13082 0 29.6 0
13083 0.1 29.6 0
13084 0.2 29.6 0
13085 0.3 29.6 0
13086 0.4 29.6 0
13087 0.5 29.6 0
13088 0.6 29.6 0
13089 0.7 29.6 0
13090 0.8 29.6 0
13091 0.9 29.6 0
13092 1 29.6 0
13093 1.1 29.6 0
13094 1.2 29.6 0
13095 1.3 29.6 0
13096 1.4 29.6 0
13097 1.5 29.6 0
13098 1.6 29.6 0
13099 1.7 29.6 0
13100 1.8 29.6 0
13101 1.9 29.6 0
13102 2 29.6 0
13103 2.1 29.6 0
13104 2.2 29.6 0
13105 2.3 29.6 0
13106 2.4 29.6 0
13107 2.5 29.6 0
13108 2.6 29.6 0
13109 2.7 29.6 0
13110 2.8 29.6 0
13111 2.9 29.6 0
13112 3 29.6 0
13113 3.1 29.6 0
13114 3.2 29.6 0
13115 3.3 29.6 0
13116 3.4 29.6 0
13117 3.5 29.6 0
13118 3.6 29.6 0
13119 3.7 29.6 0
13120 3.8 29.6 0
13121 3.9 29.6 0
13122 4 29.6 0
13123 4.1 29.6 0
13124 4.2 29.6 0
13125 4.3 29.6 0
13126 4.4 29.6 0
13127 4.5 29.6 0
13128 4.6 29.6 0
13129 4.7 29.6 0
13130 4.8 29.6 0
13131 4.9 29.6 0
13132 5 29.6 0
13133 5.15 29.6 0
13134 5.3 29.6 0
13135 5.45 29.6 0
13136 5.6 29.6 0
13137 5.75 29.6 0
13138 5.9 29.6 0
13139 6.05 29.6 0
13140 6.2 29.6 0
13141 6.35 29.6 0
13142 6.5 29.6 0
13143 6.65 29.6 0
13144 6.8 29.6 0
13145 6.95 29.6 0
13146 7.1 29.6 0
13147 7.25 29.6 0
13148 7.4 29.6 0
13149 7.55 29.6 0
13150 7.7 29.6 0
13151 7.85 29.6 0
13152 8 29.6 0
13153 8.25 29.6 0
13154 8.5 29.6 0
13155 8.75 29.6 0
13156 9 29.6 0
13157 9.25 29.6 0
13158 9.5 29.6 0
13159 9.75 29.6 0
13160 10 29.6 0
13161 10.25 29.6 0
13162 10.5 29.6 0
13163 10.75 29.6 0
13164 11 29.6 0
13165 11.25 29.6 0
13166 11.5 29.6 0
13167 11.75 29.6 0
13168 12 29.6 0
13169 12.5 29.6 0
13170 13 29.6 0
13171 13.5 29.6 0
13172 14 29.6 0
13173 14.5 29.6 0
13174 15 29.6 0
13175 15.5 29.6 0
13176 16 29.6 0
13177 16.5 29.6 0
13178 17 29.6 0
13179 17.5 29.6 0
13180 18 29.6 0
13181 18.5 29.6 0
13182 19 29.6 0
13183 19.5 29.6 0
13184 20 29.6 0
13185 0 29.65 0
13186 0.1 29.65 0
13187 0.2 29.65 0
13188 0.3 29.65 0
13189 0.4 29.65 0
13190 0.5 29.65 0
13191 0.6 29.65 0
13192 0.7 29.65 0
13193 0.8 29.65 0
13194 0.9 29.65 0
13195 1 29.65 0
13196 1.1 29.65 0
13197 1.2 29.65 0
13198 1.3 29.65 0
13199 1.4 29.65 0
13200 1.5 29.65 0
13201 1.6 29.65 0
13202 1.7 29.65 0
13203 1.8 29.65 0
13204 1.9 29.65 0
13205 2 29.65 0
13206 2.1 29.65 0
13207 2.2 29.65 0
13208 2.3 29.65 0
13209 2.4 29.65 0
13210 2.5 29.65 0
13211 2.6 29.65 0
13212 2.7 29.65 0
13213 2.8 29.65 0
13214 2.9 29.65 0
13215 3 29.65 0
13216 3.1 29.65 0
13217 3.2 29.65 0
13218 3.3 29.65 0
13219 3.4 29.65 0
13220 3.5 29.65 0
13221 3.6 29.65 0
13222 3.7 29.65 0
13223 3.8 29.65 0
13224 3.9 29.65 0
13225 4 29.65 0
13226 4.1 29.65 0
13227 4.2 29.65 0
13228 4.3 29.65 0
13229 4.4 29.65 0
13230 4.5 29.65 0
13231 4.6 29.65 0
13232 4.7 29.65 0
13233 4.8 29.65 0
13234 4.9 29.65 0
13235 5 29.65 0
13236 5.15 29.65 0
13237 5.3 29.65 0
13238 5.45 29.65 0
13239 5.6 29.65 0
13240 5.75 29.65 0
13241 5.9 29.65 0
13242 6.05 29.65 0
13243 6.2 29.65 0
13244 6.35 29.65 0
13245 6.5 29.65 0
13246 6.65 29.65 0
13247 6.8 29.65 0
13248 6.95 29.65 0
13249 7.1 29.65 0
13250 7.25 29.65 0
13251 7.4 29.65 0
13252 7.55 29.65 0
13253 7.7 29.65 0
13254 7.85 29.65 0
13255 8 29.65 0
13256 8.25 29.65 0
13257 8.5 29.65 0
13258 8.75 29.65 0
13259 9 29.65 0
13260 9.25 29.65 0
13261 9.5 29.65 0
13262 9.75 29.65 0
13263 10 29.65 0
13264 10.25 29.65 0
13265 10.5 29.65 0
13266 10.75 29.65 0
13267 11 29.65 0
13268 11.25 29.65 0
13269 11.5 29.65 0
13270 11.75 29.65 0
13271 12 29.65 0
13272 12.5 29.65 0
13273 13 29.65 0
13274 13.5 29.65 0
13275 14 29.65 0
13276 14.5 29.65 0
13277 15 29.65 0
13278 15.5 29.65 0
13279 16 29.65 0
13280 16.5 29.65 0
13281 17 29.65 0
13282 17.5 29.65 0
13283 18 29.65 0
13284 18.5 29.65 0
13285 19 29.65 0
13286 19.5 29.65 0
13287 20 29.65 0
13288 0 29.7 0
13289 0.1 29.7 0
13290 0.2 29.7 0
13291 0.3 29.7 0
13292 0.4 29.7 0
13293 0.5 29.7 0
13294 0.6 29.7 0
13295 0.7 29.7 0
13296 0.8 29.7 0
13297 0.9 29.7 0
13298 1 29.7 0
13299 1.1 29.7 0
13300 1.2 29.7 0
13301 1.3 29.7 0
13302 1.4 29.7 0
13303 1.5 29.7 0
13304 1.6 29.7 0
13305 1.7 29.7 0
13306 1.8 29.7 0
13307 1.9 29.7 0
13308 2 29.7 0
13309 2.1 29.7 0
13310 2.2 29.7 0
13311 2.3 29.7 0
13312 2.4 29.7 0
13313 2.5 29.7 0
13314 2.6 29.7 0
13315 2.7 29.7 0
13316 2.8 29.7 0
13317 2.9 29.7 0
13318 3 29.7 0
13319 3.1 29.7 0
13320 3.2 29.7 0
13321 3.3 29.7 0
13322 3.4 29.7 0
13323 3.5 29.7 0
13324 3.6 29.7 0
13325 3.7 29.7 0
13326 3.8 29.7 0
13327 3.9 29.7 0
13328 4 29.7 0
13329 4.1 29.7 0
13330 4.2 29.7 0
13331 4.3 29.7 0
13332 4.4 29.7 0
13333 4.5 29.7 0
13334 4.6 29.7 0
13335 4.7 29.7 0
13336 4.8 29.7 0
13337 4.9 29.7 0
13338 5 29.7 0
13339 5.15 29.7 0
13340 5.3 29.7 0
13341 5.45 29.7 0
13342 5.6 29.7 0
13343 5.75 29.7 0
13344 5.9 29.7 0
13345 6.05 29.7 0
13346 6.2 29.7 0
13347 6.35 29.7 0
13348 6.5 29.7 0
13349 6.65 29.7 0
13350 6.8 29.7 0
13351 6.95 29.7 0
13352 7.1 29.7 0
13353 7.25 29.7 0
13354 7.4 29.7 0
13355 7.55 29.7 0
13356 7.7 29.7 0
13357 7.85 29.7 0
13358 8 29.7 0
13359 8.25 29.7 0
13360 8.5 29.7 0
13361 8.75 29.7 0
13362 9 29.7 0
13363 9.25 29.7 0
13364 9.5 29.7 0
13365 9.75 29.7 0
13366 10 29.7 0
13367 10.25 29.7 0
13368 10.5 29.7 0
13369 10.75 29.7 0
13370 11 29.7 0
13371 11.25 29.7 0
13372 11.5 29.7 0
13373 11.75 29.7 0
13374 12 29.7 0
13375 12.5 29.7 0
13376 13 29.7 0
13377 13.5 29.7 0
13378 14 29.7 0
13379 14.5 29.7 0
13380 15 29.7 0
13381 15.5 29.7 0
13382 16 29.7 0
13383 16.5 29.7 0
13384 17 29.7 0
13385 17.5 29.7 0
13386 18 29.7 0
13387 18.5 29.7 0
13388 19 29.7 0
13389 19.5 29.7 0
13390 20 29.7 0
13391 0 29.75 0
13392 0.1 29.75 0
13393 0.2 29.75 0
13394 0.3 29.75 0
13395 0.4 29.75 0
13396 0.5 29.75 0
13397 0.6 29.75 0
13398 0.7 29.75 0
13399 0.8 29.75 0
13400 0.9 29.75 0
13401 1 29.75 0
13402 1.1 29.75 0
13403 1.2 29.75 0
13404 1.3 29.75 0
13405 1.4 29.75 0
13406 1.5 29.75 0
13407 1.6 29.75 0
13408 1.7 29.75 0
13409 1.8 29.75 0
13410 1.9 29.75 0
13411 2 29.75 0
13412 2.1 29.75 0
13413 2.2 29.75 0
13414 2.3 29.75 0
13415 2.4 29.75 0
13416 2.5 29.75 0
13417 2.6 29.75 0
13418 2.7 29.75 0
13419 2.8 29.75 0
13420 2.9 29.75 0
13421 3 29.75 0
13422 3.1 29.75 0
13423 3.2 29.75 0
13424 3.3 29.75 0
13425 3.4 29.75 0
13426 3.5 29.75 0
13427 3.6 29.75 0
13428 3.7 29.75 0
13429 3.8 29.75 0
13430 3.9 29.75 0
13431 4 29.75 0
13432 4.1 29.75 0
13433 4.2 29.75 0
13434 4.3 29.75 0
13435 4.4 29.75 0
13436 4.5 29.75 0
13437 4.6 29.75 0
13438 4.7 29.75 0
13439 4.8 29.75 0
13440 4.9 29.75 0
13441 5 29.75 0
13442 5.15 29.75 0
13443 5.3 29.75 0
13444 5.45 29.75 0
13445 5.6 29.75 0
13446 5.75 29.75 0
13447 5.9 29.75 0
13448 6.05 29.75 0
13449 6.2 29.75 0
13450 6.35 29.75 0
13451 6.5 29.75 0
13452 6.65 29.75 0
13453 6.8 29.75 0
13454 6.95 29.75 0
13455 7.1 29.75 0
13456 7.25 29.75 0
13457 7.4 29.75 0
13458 7.55 29.75 0
13459 7.7 29.75 0
13460 7.85 29.75 0
13461 8 29.75 0
13462 8.25 29.75 0
13463 8.5 29.75 0
13464 8.75 29.75 0
13465 9 29.75 0
13466 9.25 29.75 0
13467 9.5 29.75 0
13468 9.75 29.75 0
13469 10 29.75 0
13470 10.25 29.75 0
13471 10.5 29.75 0
13472 10.75 29.75 0
13473 11 29.75 0
13474 11.25 29.75 0
13475 11.5 29.75 0
13476 11.75 29.75 0
13477 12 29.75 0
13478 12.5 29.75 0
13479 13 29.75 0
13480 13.5 29.75 0
13481 14 29.75 0
13482 14.5 29.75 0
13483 15 29.75 0
13484 15.5 29.75 0
13485 16 29.75 0
13486 16.5 29.75 0
13487 17 29.75 0
13488 17.5 29.75 0
13489 18 29.75 0
13490 18.5 29.75 0
13491 19 29.75 0
13492 19.5 29.75 0
13493 20 29.75 0
13494 0 29.8 0
13495 0.1 29.8 0
13496 0.2 29.8 0
13497 0.3 29.8 0
13498 0.4 29.8 0
13499 0.5 29.8 0
13500 0.6 29.8 0
13501 0.7 29.8 0
13502 0.8 29.8 0
13503 0.9 29.8 0
13504 1 29.8 0
13505 1.1 29.8 0
13506 1.2 29.8 0
13507 1.3 29.8 0
13508 1.4 29.8 0
13509 1.5 29.8 0
13510 1.6 29.8 0
13511 1.7 29.8 0
13512 1.8 29.8 0
13513 1.9 29.8 0
13514 2 29.8 0
13515 2.1 29.8 0
13516 2.2 29.8 0
13517 2.3 29.8 0
13518 2.4 29.8 0
13519 2.5 29.8 0
13520 2.6 29.8 0
13521 2.7 29.8 0
13522 2.8 29.8 0
13523 2.9 29.8 0
13524 3 29.8 0
13525 3.1 29.8 0
13526 3.2 29.8 0
13527 3.3 29.8 0
13528 3.4 29.8 0
13529 3.5 29.8 0
13530 3.6 29.8 0
13531 3.7 29.8 0
13532 3.8 29.8 0
13533 3.9 29.8 0
13534 4 29.8 0
13535 4.1 29.8 0
13536 4.2 29.8 0
13537 4.3 29.8 0
13538 4.4 29.8 0
13539 4.5 29.8 0
13540 4.6 29.8 0
13541 4.7 29.8 0
13542 4.8 29.8 0
13543 4.9 29.8 0
13544 5 29.8 0
13545 5.15 29.8 0
13546 5.3 29.8 0
13547 5.45 29.8 0
13548 5.6 29.8 0
13549 5.75 29.8 0
13550 5.9 29.8 0
13551 6.05 29.8 0
13552 6.2 29.8 0
13553 6.35 29.8 0
13554 6.5 29.8 0
13555 6.65 29.8 0
13556 6.8 29.8 0
13557 6.95 29.8 0
13558 7.1 29.8 0
13559 7.25 29.8 0
13560 7.4 29.8 0
13561 7.55 29.8 0
13562 7.7 29.8 0
13563 7.85 29.8 0
13564 8 29.8 0
13565 8.25 29.8 0
13566 8.5 29.8 0
13567 8.75 29.8 0
13568 9 29.8 0
13569 9.25 29.8 0
13570 9.5 29.8 0
13571 9.75 29.8 0
13572 10 29.8 0
13573 10.25 29.8 0
13574 10.5 29.8 0
13575 10.75 29.8 0
13576 11 29.8 0
13577 11.25 29.8 0
13578 11.5 29.8 0
13579 11.75 29.8 0
13580 12 29.8 0
13581 12.5 29.8 0
13582 13 29.8 0
13583 13.5 29.8 0
13584 14 29.8 0
13585 14.5 29.8 0
13586 15 29.8 0
13587 15.5 29.8 0
13588 16 29.8 0
13589 16.5 29.8 0
13590 17 29.8 0
13591 17.5 29.8 0
13592 18 29.8 0
13593 18.5 29.8 0
13594 19 29.8 0
13595 19.5 29.8 0
13596 20 29.8 0
13597 0 29.85 0
13598 0.1 29.85 0
13599 0.2 29.85 0
13600 0.3 29.85 0
13601 0.4 29.85 0
13602 0.5 29.85 0
13603 0.6 29.85 0
13604 0.7 29.85 0
13605 0.8 29.85 0
13606 0.9 29.85 0
13607 1 29.85 0
13608 1.1 29.85 0
13609 1.2 29.85 0
13610 1.3 29.85 0
13611 1.4 29.85 0
13612 1.5 29.85 0
13613 1.6 29.85 0
13614 1.7 29.85 0
13615 1.8 29.85 0
13616 1.9 29.85 0
13617 2 29.85 0
13618 2.1 29.85 0
13619 2.2 29.85 0
13620 2.3 29.85 0
13621 2.4 29.85 0
13622 2.5 29.85 0
13623 2.6 29.85 0
13624 2.7 29.85 0
13625 2.8 29.85 0
13626 2.9 29.85 0
13627 3 29.85 0
13628 3.1 29.85 0
13629 3.2 29.85 0
13630 3.3 29.85 0
13631 3.4 29.85 0
13632 3.5 29.85 0
13633 3.6 29.85 0
13634 3.7 29.85 0
13635 3.8 29.85 0
13636 3.9 29.85 0
13637 4 29.85 0
13638 4.1 29.85 0
13639 4.2 29.85 0
13640 4.3 29.85 0
13641 4.4 29.85 0
13642 4.5 29.85 0
13643 4.6 29.85 0
13644 4.7 29.85 0
13645 4.8 29.85 0
13646 4.9 29.85 0
13647 5 29.85 0
13648 5.15 29.85 0
13649 5.3 29.85 0
13650 5.45 29.85 0
13651 5.6 29.85 0
13652 5.75 29.85 0
13653 5.9 29.85 0
13654 6.05 29.85 0
13655 6.2 29.85 0
13656 6.35 29.85 0
13657 6.5 29.85 0
13658 6.65 29.85 0
13659 6.8 29.85 0
13660 6.95 29.85 0
13661 7.1 29.85 0
13662 7.25 29.85 0
13663 7.4 29.85 0
13664 7.55 29.85 0
13665 7.7 29.85 0
13666 7.85 29.85 0
13667 8 29.85 0
13668 8.25 29.85 0
13669 8.5 29.85 0
13670 8.75 29.85 0
13671 9 29.85 0
13672 9.25 29.85 0
13673 9.5 29.85 0
13674 9.75 29.85 0
13675 10 29.85 0
13676 10.25 29.85 0
13677 10.5 29.85 0
13678 10.75 29.85 0
13679 11 29.85 0
13680 11.25 29.85 0
13681 11.5 29.85 0
13682 11.75 29.85 0
13683 12 29.85 0
13684 12.5 29.85 0
13685 13 29.85 0
13686 13.5 29.85 0
13687 14 29.85 0
13688 14.5 29.85 0
13689 15 29.85 0
13690 15.5 29.85 0
13691 16 29.85 0
13692 16.5 29.85 0
13693 17 29.85 0
13694 17.5 29.85 0
13695 18 29.85 0
13696 18.5 29.85 0
13697 19 29.85 0
13698 19.5 29.85 0
13699 20 29.85 0
13700 0 29.9 0
13701 0.1 29.9 0
13702 0.2 29.9 0
13703 0.3 29.9 0
13704 0.4 29.9 0
13705 0.5 29.9 0
13706 0.6 29.9 0
13707 0.7 29.9 0
13708 0.8 29.9 0
13709 0.9 29.9 0
13710 1 29.9 0
13711 1.1 29.9 0
13712 1.2 29.9 0
13713 1.3 29.9 0
13714 1.4 29.9 0
13715 1.5 29.9 0
13716 1.6 29.9 0
13717 1.7 29.9 0
13718 1.8 29.9 0
13719 1.9 29.9 0
13720 2 29.9 0
13721 2.1 29.9 0
13722 2.2 29.9 0
13723 2.3 29.9 0
13724 2.4 29.9 0
13725 2.5 29.9 0
13726 2.6 29.9 0
13727 2.7 29.9 0
13728 2.8 29.9 0
13729 2.9 29.9 0
13730 3 29.9 0
13731 3.1 29.9 0
13732 3.2 29.9 0
13733 3.3 29.9 0
13734 3.4 29.9 0
13735 3.5 29.9 0
13736 3.6 29.9 0
13737 3.7 29.9 0
13738 3.8 29.9 0
13739 3.9 29.9 0
13740 4 29.9 0
13741 4.1 29.9 0
13742 4.2 29.9 0
13743 4.3 29.9 0
13744 4.4 29.9 0
13745 4.5 29.9 0
13746 4.6 29.9 0
13747 4.7 29.9 0
13748 4.8 29.9 0
13749 4.9 29.9 0
13750 5 29.9 0
13751 5.15 29.9 0
13752 5.3 29.9 0
13753 5.45 29.9 0
13754 5.6 29.9 0
13755 5.75 29.9 0
13756 5.9 29.9 0
13757 6.05 29.9 0
13758 6.2 29.9 0
13759 6.35 29.9 0
13760 6.5 29.9 0
13761 6.65 29.9 0
13762 6.8 29.9 0
13763 6.95 29.9 0
13764 7.1 29.9 0
13765 7.25 29.9 0
13766 7.4 29.9 0
13767 7.55 29.9 0
13768 7.7 29.9 0
13769 7.85 29.9 0
13770 8 29.9 0
13771 8.25 29.9 0
13772 8.5 29.9 0
13773 8.75 29.9 0
13774 9 29.9 0
13775 9.25 29.9 0
13776 9.5 29.9 0
13777 9.75 29.9 0
13778 10 29.9 0
13779 10.25 29.9 0
13780 10.5 29.9 0
13781 10.75 29.9 0
13782 11 29.9 0
13783 11.25 29.9 0
13784 11.5 29.9 0
13785 11.75 29.9 0
13786 12 29.9 0
13787 12.5 29.9 0
13788 13 29.9 0
13789 13.5 29.9 0
13790 14 29.9 0
13791 14.5 29.9 0
13792 15 29.9 0
13793 15.5 29.9 0
13794 16 29.9 0
13795 16.5 29.9 0
13796 17 29.9 0
13797 17.5 29.9 0
13798 18 29.9 0
13799 18.5 29.9 0
13800 19 29.9 0
13801 19.5 29.9 0
13802 20 29.9 0
13803 5 29.925 0
13804 5.15 29.925 0
13805 5.3 29.925 0
13806 5.45 29.925 0
13807 5.6 29.925 0
13808 5.75 29.925 0
13809 5.9 29.925 0
13810 6.05 29.925 0
13811 6.2 29.925 0
13812 6.35 29.925 0
13813 6.5 29.925 0
13814 6.65 29.925 0
13815 6.8 29.925 0
13816 6.95 29.925 0
13817 7.1 29.925 0
13818 7.25 29.925 0
13819 7.4 29.925 0
13820 7.55 29.925 0
13821 7.7 29.925 0
13822 7.85 29.925 0
13823 8 29.925 0
13824 8.25 29.925 0
13825 8.5 29.925 0
13826 8.75 29.925 0
13827 9 29.925 0
13828 9.25 29.925 0
13829 9.5 29.925 0
13830 9.75 29.925 0
13831 10 29.925 0
13832 10.25 29.925 0
13833 10.5 29.925 0
13834 10.75 29.925 0
13835 11 29.925 0
13836 11.25 29.925 0
13837 11.5 29.925 0
13838 11.75 29.925 0
13839 12 29.925 0
13840 12.5 29.925 0
13841 13 29.925 0
13842 13.5 29.925 0
13843 14 29.925 0
13844 14.5 29.925 0
13845 15 29.925 0
13846 15.5 29.925 0
13847 16 29.925 0
13848 16.5 29.925 0
13849 17 29.925 0
13850 17.5 29.925 0
13851 18 29.925 0
13852 18.5 29.925 0
13853 19 29.925 0
13854 19.5 29.925 0
13855 20 29.925 0
13856 5 29.95 0
13857 5.15 29.95 0
13858 5.3 29.95 0
13859 5.45 29.95 0
13860 5.6 29.95 0
13861 5.75 29.95 0
13862 5.9 29.95 0
13863 6.05 29.95 0
13864 6.2 29.95 0
13865 6.35 29.95 0
13866 6.5 29.95 0
13867 6.65 29.95 0
13868 6.8 29.95 0
13869 6.95 29.95 0
13870 7.1 29.95 0
13871 7.25 29.95 0
13872 7.4 29.95 0
13873 7.55 29.95 0
13874 7.7 29.95 0
13875 7.85 29.95 0
13876 8 29.95 0
13877 8.25 29.95 0
13878 8.5 29.95 0
13879 8.75 29.95 0
13880 9 29.95 0
13881 9.25 29.95 0
13882 9.5 29.95 0
13883 9.75 29.95 0
13884 10 29.95 0
13885 10.25 29.95 0
13886 10.5 29.95 0
13887 10.75 29.95 0
13888 11 29.95 0
13889 11.25 29.95 0
13890 11.5 29.95 0
13891 11.75 29.95 0
13892 12 29.95 0
13893 12.5 29.95 0
13894 13 29.95 0
13895 13.5 29.95 0
13896 14 29.95 0
13897 14.5 29.95 0
13898 15 29.95 0
13899 15.5 29.95 0
13900 16 29.95 0
13901 16.5 29.95 0
13902 17 29.95 0
13903 17.5 29.95 0
13904 18 29.95 0
13905 18.5 29.95 0
13906 19 29.95 0
13907 19.5 29.95 0
13908 20 29.95 0
13909 5 29.975 0
13910 5.15 29.975 0
13911 5.3 29.975 0
13912 5.45 29.975 0
13913 5.6 29.975 0
13914 5.75 29.975 0
13915 5.9 29.975 0
13916 6.05 29.975 0
13917 6.2 29.975 0
13918 6.35 29.975 0
13919 6.5 29.975 0
13920 6.65 29.975 0
13921 6.8 29.975 0
13922 6.95 29.975 0
13923 7.1 29.975 0
13924 7.25 29.975 0
13925 7.4 29.975 0
13926 7.55 29.975 0
13927 7.7 29.975 0
13928 7.85 29.975 0
13929 8 29.975 0
13930 8.25 29.975 0
13931 8.5 29.975 0
13932 8.75 29.975 0
13933 9 29.975 0
13934 9.25 29.975 0
13935 9.5 29.975 0
13936 9.75 29.975 0
13937 10 29.975 0
13938 10.25 29.975 0
13939 10.5 29.975 0
13940 10.75 29.975 0
13941 11 29.975 0
13942 11.25 29.975 0
13943 11.5 29.975 0
13944 11.75 29.975 0
13945 12 29.975 0
13946 12.5 29.975 0
13947 13 29.975 0
13948 13.5 29.975 0
13949 14 29.975 0
13950 14.5 29.975 0
13951 15 29.975 0
13952 15.5 29.975 0
13953 16 29.975 0
13954 16.5 29.975 0
13955 17 29.975 0
13956 17.5 29.975 0
13957 18 29.975 0
13958 18.5 29.975 0
13959 19 29.975 0
13960 19.5 29.975 0
13961 20 29.975 0
13962 5 30 0
13963 5.15 30 0
13964 5.3 30 0
13965 5.45 30 0
13966 5.6 30 0
13967 5.75 30 0
13968 5.9 30 0
13969 6.05 30 0
13970 6.2 30 0
13971 6.35 30 0
13972 6.5 30 0
13973 6.65 30 0
13974 6.8 30 0
13975 6.95 30 0
13976 7.1 30 0
13977 7.25 30 0
13978 7.4 30 0
13979 7.55 30 0
13980 7.7 30 0
13981 7.85 30 0
13982 8 30 0
13983 8.25 30 0
13984 8.5 30 0
13985 8.75 30 0
13986 9 30 0
13987 9.25 30 0
13988 9.5 30 0
13989 9.75 30 0
13990 10 30 0
13991 10.25 30 0
13992 10.5 30 0
13993 10.75 30 0
13994 11 30 0
13995 11.25 30 0
13996 11.5 30 0
13997 11.75 30 0
13998 12 30 0
13999 12.5 30 0
14000 13 30 0
14001 13.5 30 0
14002 14 30 0
14003 14.5 30 0
14004 15 30 0
14005 15.5 30 0
14006 16 30 0
14007 16.5 30 0
14008 17 30 0
14009 17.5 30 0
14010 18 30 0
14011 18.5 30 0
14012 19 30 0
14013 19.5 30 0
14014 20 30 0
$EndNodes
$Elements
27548
1 2 0 1 2 105
2 2 0 1 105 104
3 2 0 2 3 106
4 2 0 2 106 105
5 2 0 3 4 107
6 2 0 3 107 106
7 2 0 4 5 108
8 2 0 4 108 107
9 2 0 5 6 109
10 2 0 5 109 108
11 2 0 6 7 110
12 2 0 6 110 109
13 2 0 7 8 111
14 2 0 7 111 110
15 2 0 8 9 112
16 2 0 8 112 111
17 2 0 9 10 113
18 2 0 9 113 112
19 2 0 10 11 114
20 2 0 10 114 113
21 2 0 11 12 115
22 2 0 11 115 114
23 2 0 12 13 116
24 2 0 12 116 115
25 2 0 13 14 117
26 2 0 13 117 116
27 2 0 14 15 118
28 2 0 14 118 117
29 2 0 15 16 119
30 2 0 15 119 118
31 2 0 16 17 120
32 2 0 16 120 119
33 2 0 17 18 121
34 2 0 17 121 120
35 2 0 18 19 122
36 2 0 18 122 121
37 2 0 19 20 123
38 2 0 19 123 122
39 2 0 20 21 124
40 2 0 20 124 123
41 2 0 21 22 125
42 2 0 21 125 124
43 2 0 22 23 126
44 2 0 22 126 125
45 2 0 23 24 127
46 2 0 23 127 126
47 2 0 24 25 128
48 2 0 24 128 127
49 2 0 25 26 129
50 2 0 25 129 128
51 2 0 26 27 130
52 2 0 26 130 129
53 2 0 27 28 131
54 2 0 27 131 130
55 2 0 28 29 132
56 2 0 28 132 131
57 2 0 29 30 133
58 2 0 29 133 132
59 2 0 30 31 134
60 2 0 30 134 133
61 2 0 31 32 135
62 2 0 31 135 134
63 2 0 32 33 136
64 2 0 32 136 135
65 2 0 33 34 137
66 2 0 33 137 136
67 2 0 34 35 138
68 2 0 34 138 137
69 2 0 35 36 139
70 2 0 35 139 138
71 2 0 36 37 140
72 2 0 36 140 139
73 2 0 37 38 141
74 2 0 37 141 140
75 2 0 38 39 142
76 2 0 38 142 141
77 2 0 39 40 143
78 2 0 39 143 142
79 2 0 40 41 144
80 2 0 40 144 143
81 2 0 41 42 145
82 2 0 41 145 144
83 2 0 42 43 146
84 2 0 42 146 145
85 2 0 43 44 147
86 2 0 43 147 146
87 2 0 44 45 148
88 2 0 44 148 147
89 2 0 45 46 149
90 2 0 45 149 148
91 2 0 46 47 150
92 2 0 46 150 149
93 2 0 47 48 151
94 2 0 47 151 150
95 2 0 48 49 152
96 2 0 48 152 151
97 2 0 49 50 153
98 2 0 49 153 152
99 2 0 50 51 154
100 2 0 50 154 153
101 2 0 51 52 155
102 2 0 51 155 154
103 2 0 52 53 156
104 2 0 52 156 155
105 2 0 53 54 157
106 2 0 53 157 156
107 2 0 54 55 158
108 2 0 54 158 157
109 2 0 55 56 159
110 2 0 55 159 158
111 2 0 56 57 160
112 2 0 56 160 159
113 2 0 57 58 161
114 2 0 57 161 160
115 2 0 58 59 162
116 2 0 58 162 161
117 2 0 59 60 163
118 2 0 59 163 162
119 2 0 60 61 164
120 2 0 60 164 163
121 2 0 61 62 165
122 2 0 61 165 164
123 2 0 62 63 166
124 2 0 62 166 165
125 2 0 63 64 167
126 2 0 63 167 166
127 2 0 64 65 168
128 2 0 64 168 167
129 2 0 65 66 169
130 2 0 65 169 168
131 2 0 66 67 170
132 2 0 66 170 169
133 2 0 67 68 171
134 2 0 67 171 170
135 2 0 68 69 172
136 2 0 68 172 171
137 2 0 69 70 173
138 2 0 69 173 172
139 2 0 70 71 174
140 2 0 70 174 173
141 2 0 71 72 175
142 2 0 71 175 174
143 2 0 72 73 176
144 2 0 72 176 175
145 2 0 73 74 177
146 2 0 73 177 176
147 2 0 74 75 178
148 2 0 74 178 177
149 2 0 75 76 179
150 2 0 75 179 178
151 2 0 76 77 180
152 2 0 76 180 179
153 2 0 77 78 181
154 2 0 77 181 180
155 2 0 78 79 182
156 2 0 78 182 181
157 2 0 79 80 183
158 2 0 79 183 182
159 2 0 80 81 184
160 2 0 80 184 183
161 2 0 81 82 185
162 2 0 81 185 184
163 2 0 82 83 186
164 2 0 82 186 185
165 2 0 83 84 187
166 2 0 83 187 186
167 2 0 84 85 188
168 2 0 84 188 187
169 2 0 85 86 189
170 2 0 85 189 188
171 2 0 86 87 190
172 2 0 86 190 189
173 2 0 87 88 191
174 2 0 87 191 190
175 2 0 88 89 192
176 2 0 88 192 191
177 2 0 89 90 193
178 2 0 89 193 192
179 2 0 90 91 194
180 2 0 90 194 193
181 2 0 91 92 195
182 2 0 91 195 194
183 2 0 92 93 196
184 2 0 92 196 195
185 2 0 93 94 197
186 2 0 93 197 196
187 2 0 94 95 198
188 2 0 94 198 197
189 2 0 95 96 199
190 2 0 95 199 198
191 2 0 96 97 200
192 2 0 96 200 199
193 2 0 97 98 201
194 2 0 97 201 200
195 2 0 98 99 202
196 2 0 98 202 201
197 2 0 99 100 203
198 2 0 99 203 202
199 2 0 100 101 204
200 2 0 100 204 203
201 2 0 101 102 205
202 2 0 101 205 204
203 2 0 102 103 206
204 2 0 102 206 205
205 2 0 104 105 208
206 2 0 104 208 207
207 2 0 105 106 209
208 2 0 105 209 208
209 2 0 106 107 210
210 2 0 106 210 209
211 2 0 107 108 211
212 2 0 107 211 210
213 2 0 108 109 212
214 2 0 108 212 211
215 2 0 109 110 213
216 2 0 109 213 212
217 2 0 110 111 214
218 2 0 110 214 213
219 2 0 111 112 215
220 2 0 111 215 214
221 2 0 112 113 216
222 2 0 112 216 215
223 2 0 113 114 217
224 2 0 113 217 216
225 2 0 114 115 218
226 2 0 114 218 217
227 2 0 115 116 219
228 2 0 115 219 218
229 2 0 116 117 220
230 2 0 116 220 219
231 2 0 117 118 221
232 2 0 117 221 220
233 2 0 118 119 222
234 2 0 118 222 221
235 2 0 119 120 223
236 2 0 119 223 222
237 2 0 120 121 224
238 2 0 120 224 223
239 2 0 121 122 225
240 2 0 121 225 224
241 2 0 122 123 226
242 2 0 122 226 225
243 2 0 123 124 227
244 2 0 123 227 226
245 2 0 124 125 228
246 2 0 124 228 227
247 2 0 125 126 229
248 2 0 125 229 228
249 2 0 126 127 230
250 2 0 126 230 229
251 2 0 127 128 231
252 2 0 127 231 230
253 2 0 128 129 232
254 2 0 128 232 231
255 2 0 129 130 233
256 2 0 129 233 232
257 2 0 130 131 234
258 2 0 130 234 233
259 2 0 131 132 235
260 2 0 131 235 234
261 2 0 132 133 236
262 2 0 132 236 235
263 2 0 133 134 237
264 2 0 133 237 236
265 2 0 134 135 238
266 2 0 134 238 237
267 2 0 135 136 239
268 2 0 135 239 238
269 2 0 136 137 240
270 2 0 136 240 239
271 2 0 137 138 241
272 2 0 137 241 240
273 2 0 138 139 242
274 2 0 138 242 241
275 2 0 139 140 243
276 2 0 139 243 242
277 2 0 140 141 244
278 2 0 140 244 243
279 2 0 141 142 245
280 2 0 141 245 244
281 2 0 142 143 246
282 2 0 142 246 245
283 2 0 143 144 247
284 2 0 143 247 246
285 2 0 144 145 248
286 2 0 144 248 247
287 2 0 145 146 249
288 2 0 145 249 248
289 2 0 146 147 250
290 2 0 146 250 249
291 2 0 147 148 251
292 2 0 147 251 250
293 2 0 148 149 252
294 2 0 148 252 251
295 2 0 149 150 253
296 2 0 149 253 252
297 2 0 150 151 254
298 2 0 150 254 253
299 2 0 151 152 255
300 2 0 151 255 254
301 2 0 152 153 256
302 2 0 152 256 255
303 2 0 153 154 257
304 2 0 153 257 256
305 2 0 154 155 258
306 2 0 154 258 257
307 2 0 155 156 259
308 2 0 155 259 258
309 2 0 156 157 260
310 2 0 156 260 259
311 2 0 157 158 261
312 2 0 157 261 260
313 2 0 158 159 262
314 2 0 158 262 261
315 2 0 159 160 263
316 2 0 159 263 262
317 2 0 160 161 264
318 2 0 160 264 263
319 2 0 161 162 265
320 2 0 161 265 264
321 2 0 162 163 266
322 2 0 162 266 265
323 2 0 163 164 267
324 2 0 163 267 266
325 2 0 164 165 268
326 2 0 164 268 267
327 2 0 165 166 269
328 2 0 165 269 268
329 2 0 166 167 270
330 2 0 166 270 269
331 2 0 167 168 271
332 2 0 167 271 270
333 2 0 168 169 272
334 2 0 168 272 271
335 2 0 169 170 273
336 2 0 169 273 272
337 2 0 170 171 274
338 2 0 170 274 273
339 2 0 171 172 275
340 2 0 171 275 274
341 2 0 172 173 276
342 2 0 172 276 275
343 2 0 173 174 277
344 2 0 173 277 276
345 2 0 174 175 278
346 2 0 174 278 277
347 2 0 175 176 279
348 2 0 175 279 278
349 2 0 176 177 280
350 2 0 176 280 279
351 2 0 177 178 281
352 2 0 177 281 280
353 2 0 178 179 282
354 2 0 178 282 281
355 2 0 179 180 283
356 2 0 179 283 282
357 2 0 180 181 284
358 2 0 180 284 283
359 2 0 181 182 285
360 2 0 181 285 284
361 2 0 182 183 286
362 2 0 182 286 285
363 2 0 183 184 287
364 2 0 183 287 286
365 2 0 184 185 288
366 2 0 184 288 287
367 2 0 185 186 289
368 2 0 185 289 288
369 2 0 186 187 290
370 2 0 186 290 289
371 2 0 187 188 291
372 2 0 187 291 290
373 2 0 188 189 292
374 2 0 188 292 291
375 2 0 189 190 293
376 2 0 189 293 292
377 2 0 190 191 294
378 2 0 190 294 293
379 2 0 191 192 295
380 2 0 191 295 294
381 2 0 192 193 296
382 2 0 192 296 295
383 2 0 193 194 297
384 2 0 193 297 296
385 2 0 194 195 298
386 2 0 194 298 297
387 2 0 195 196 299
388 2 0 195 299 298
389 2 0 196 197 300
390 2 0 196 300 299
391 2 0 197 198 301
392 2 0 197 301 300
393 2 0 198 199 302
394 2 0 198 302 301
395 2 0 199 200 303
396 2 0 199 303 302
397 2 0 200 201 304
398 2 0 200 304 303
399 2 0 201 202 305
400 2 0 201 305 304
401 2 0 202 203 306
402 2 0 202 306 305
403 2 0 203 204 307
404 2 0 203 307 306
405 2 0 204 205 308
406 2 0 204 308 307
407 2 0 205 206 309
408 2 0 205 309 308
409 2 0 207 208 311
410 2 0 207 311 310
411 2 0 208 209 312
412 2 0 208 312 311
413 2 0 209 210 313
414 2 0 209 313 312
415 2 0 210 211 314
416 2 0 210 314 313
417 2 0 211 212 315
418 2 0 211 315 314
419 2 0 212 213 316
420 2 0 212 316 315
421 2 0 213 214 317
422 2 0 213 317 316
423 2 0 214 215 318
424 2 0 214 318 317
425 2 0 215 216 319
426 2 0 215 319 318
427 2 0 216 217 320
428 2 0 216 320 319
429 2 0 217 218 321
430 2 0 217 321 320
431 2 0 218 219 322
432 2 0 218 322 321
433 2 0 219 220 323
434 2 0 219 323 322
435 2 0 220 221 324
436 2 0 220 324 323
437 2 0 221 222 325
438 2 0 221 325 324
439 2 0 222 223 326
440 2 0 222 326 325
441 2 0 223 224 327
442 2 0 223 327 326
443 2 0 224 225 328
444 2 0 224 328 327
445 2 0 225 226 329
446 2 0 225 329 328
447 2 0 226 227 330
448 2 0 226 330 329
449 2 0 227 228 331
450 2 0 227 331 330
451 2 0 228 229 332
452 2 0 228 332 331
453 2 0 229 230 333
454 2 0 229 333 332
455 2 0 230 231 334
456 2 0 230 334 333
457 2 0 231 232 335
458 2 0 231 335 334
459 2 0 232 233 336
460 2 0 232 336 335
461 2 0 233 234 337
462 2 0 233 337 336
463 2 0 234 235 338
464 2 0 234 338 337
465 2 0 235 236 339
466 2 0 235 339 338
467 2 0 236 237 340
468 2 0 236 340 339
469 2 0 237 238 341
470 2 0 237 341 340
471 2 0 238 239 342
472 2 0 238 342 341
473 2 0 239 240 343
474 2 0 239 343 342
475 2 0 240 241 344
476 2 0 240 344 343
477 2 0 241 242 345
478 2 0 241 345 344
479 2 0 242 243 346
480 2 0 242 346 345
481 2 0 243 244 347
482 2 0 243 347 346
483 2 0 244 245 348
484 2 0 244 348 347
485 2 0 245 246 349
486 2 0 245 349 348
487 2 0 246 247 350
488 2 0 246 350 349
489 2 0 247 248 351
490 2 0 247 351 350
491 2 0 248 249 352
492 2 0 248 352 351
493 2 0 249 250 353
494 2 0 249 353 352
495 2 0 250 251 354
496 2 0 250 354 353
497 2 0 251 252 355
498 2 0 251 355 354
499 2 0 252 253 356
500 2 0 252 356 355
501 2 0 253 254 357
502 2 0 253 357 356
503 2 0 254 255 358
504 2 0 254 358 357
505 2 0 255 256 359
506 2 0 255 359 358
507 2 0 256 257 360
508 2 0 256 360 359
509 2 0 257 258 361
510 2 0 257 361 360
511 2 0 258 259 362
512 2 0 258 362 361
513 2 0 259 260 363
514 2 0 259 363 362
515 2 0 260 261 364
516 2 0 260 364 363
517 2 0 261 262 365
518 2 0 261 365 364
519 2 0 262 263 366
520 2 0 262 366 365
521 2 0 263 264 367
522 2 0 263 367 366
523 2 0 264 265 368
524 2 0 264 368 367
525 2 0 265 266 369
526 2 0 265 369 368
527 2 0 266 267 370
528 2 0 266 370 369
529 2 0 267 268 371
530 2 0 267 371 370
531 2 0 268 269 372
532 2 0 268 372 371
533 2 0 269 270 373
534 2 0 269 373 372
535 2 0 270 271 374
536 2 0 270 374 373
537 2 0 271 272 375
538 2 0 271 375 374
539 2 0 272 273 376
540 2 0 272 376 375
541 2 0 273 274 377
542 2 0 273 377 376
543 2 0 274 275 378
544 2 0 274 378 377
545 2 0 275 276 379
546 2 0 275 379 378
547 2 0 276 277 380
548 2 0 276 380 379
549 2 0 277 278 381
550 2 0 277 381 380
551 2 0 278 279 382
552 2 0 278 382 381
553 2 0 279 280 383
554 2 0 279 383 382
555 2 0 280 281 384
556 2 0 280 384 383
557 2 0 281 282 385
558 2 0 281 385 384
559 2 0 282 283 386
560 2 0 282 386 385
561 2 0 283 284 387
562 2 0 283 387 386
563 2 0 284 285 388
564 2 0 284 388 387
565 2 0 285 286 389
566 2 0 285 389 388
567 2 0 286 287 390
568 2 0 286 390 389
569 2 0 287 288 391
570 2 0 287 391 390
571 2 0 288 289 392
572 2 0 288 392 391
573 2 0 289 290 393
574 2 0 289 393 392
575 2 0 290 291 394
576 2 0 290 394 393
577 2 0 291 292 395
578 2 0 291 395 394
579 2 0 292 293 396
580 2 0 292 396 395
581 2 0 293 294 397
582 2 0 293 397 396
583 2 0 294 295 398
584 2 0 294 398 397
585 2 0 295 296 399
586 2 0 295 399 398
587 2 0 296 297 400
588 2 0 296 400 399
589 2 0 297 298 401
590 2 0 297 401 400
591 2 0 298 299 402
592 2 0 298 402 401
593 2 0 299 300 403
594 2 0 299 403 402
595 2 0 300 301 404
596 2 0 300 404 403
597 2 0 301 302 405
598 2 0 301 405 404
599 2 0 302 303 406
600 2 0 302 406 405
601 2 0 303 304 407
602 2 0 303 407 406
603 2 0 304 305 408
604 2 0 304 408 407
605 2 0 305 306 409
606 2 0 305 409 408
607 2 0 306 307 410
608 2 0 306 410 409
609 2 0 307 308 411
610 2 0 307 411 410
611 2 0 308 309 412
612 2 0 308 412 411
613 2 0 310 311 414
614 2 0 310 414 413
615 2 0 311 312 415
616 2 0 311 415 414
617 2 0 312 313 416
618 2 0 312 416 415
619 2 0 313 314 417
620 2 0 313 417 416
621 2 0 314 315 418
622 2 0 314 418 417
623 2 0 315 316 419
624 2 0 315 419 418
625 2 0 316 317 420
626 2 0 316 420 419
627 2 0 317 318 421
628 2 0 317 421 420
629 2 0 318 319 422
630 2 0 318 422 421
631 2 0 319 320 423
632 2 0 319 423 422
633 2 0 320 321 424
634 2 0 320 424 423
635 2 0 321 322 425
636 2 0 321 425 424
637 2 0 322 323 426
638 2 0 322 426 425
639 2 0 323 324 427
640 2 0 323 427 426
641 2 0 324 325 428
642 2 0 324 428 427
643 2 0 325 326 429
644 2 0 325 429 428
645 2 0 326 327 430
646 2 0 326 430 429
647 2 0 327 328 431
648 2 0 327 431 430
649 2 0 328 329 432
650 2 0 328 432 431
651 2 0 329 330 433
652 2 0 329 433 432
653 2 0 330 331 434
654 2 0 330 434 433
655 2 0 331 332 435
656 2 0 331 435 434
657 2 0 332 333 436
658 2 0 332 436 435
659 2 0 333 334 437
660 2 0 333 437 436
661 2 0 334 335 438
662 2 0 334 438 437
663 2 0 335 336 439
664 2 0 335 439 438
665 2 0 336 337 440
666 2 0 336 440 439
667 2 0 337 338 441
668 2 0 337 441 440
669 2 0 338 339 442
670 2 0 338 442 441
671 2 0 339 340 443
672 2 0 339 443 442
673 2 0 340 341 444
674 2 0 340 444 443
675 2 0 341 342 445
676 2 0 341 445 444
677 2 0 342 343 446
678 2 0 342 446 445
679 2 0 343 344 447
680 2 0 343 447 446
681 2 0 344 345 448
682 2 0 344 448 447
683 2 0 345 346 449
684 2 0 345 449 448
685 2 0 346 347 450
686 2 0 346 450 449
687 2 0 347 348 451
688 2 0 347 451 450
689 2 0 348 349 452
690 2 0 348 452 451
691 2 0 349 350 453
692 2 0 349 453 452
693 2 0 350 351 454
694 2 0 350 454 453
695 2 0 351 352 455
696 2 0 351 455 454
697 2 0 352 353 456
698 2 0 352 456 455
699 2 0 353 354 457
700 2 0 353 457 456
701 2 0 354 355 458
702 2 0 354 458 457
703 2 0 355 356 459
704 2 0 355 459 458
705 2 0 356 357 460
706 2 0 356 460 459
707 2 0 357 358 461
708 2 0 357 461 460
709 2 0 358 359 462
710 2 0 358 462 461
711 2 0 359 360 463
712 2 0 359 463 462
713 2 0 360 361 464
714 2 0 360 464 463
715 2 0 361 362 465
716 2 0 361 465 464
717 2 0 362 363 466
718 2 0 362 466 465
719 2 0 363 364 467
720 2 0 363 467 466
721 2 0 364 365 468
722 2 0 364 468 467
723 2 0 365 366 469
724 2 0 365 469 468
725 2 0 366 367 470
726 2 0 366 470 469
727 2 0 367 368 471
728 2 0 367 471 470
729 2 0 368 369 472
730 2 0 368 472 471
731 2 0 369 370 473
732 2 0 369 473 472
733 2 0 370 371 474
734 2 0 370 474 473
735 2 0 371 372 475
736 2 0 371 475 474
737 2 0 372 373 476
738 2 0 372 476 475
739 2 0 373 374 477
740 2 0 373 477 476
741 2 0 374 375 478
742 2 0 374 478 477
743 2 0 375 376 479
744 2 0 375 479 478
745 2 0 376 377 480
746 2 0 376 480 479
747 2 0 377 378 481
748 2 0 377 481 480
749 2 0 378 379 482
750 2 0 378 482 481
751 2 0 379 380 483
752 2 0 379 483 482
753 2 0 380 381 484
754 2 0 380 484 483
755 2 0 381 382 485
756 2 0 381 485 484
757 2 0 382 383 486
758 2 0 382 486 485
759 2 0 383 384 487
760 2 0 383 487 486
761 2 0 384 385 488
762 2 0 384 488 487
763 2 0 385 386 489
764 2 0 385 489 488
765 2 0 386 387 490
766 2 0 386 490 489
767 2 0 387 388 491
768 2 0 387 491 490
769 2 0 388 389 492
770 2 0 388 492 491
771 2 0 389 390 493
772 2 0 389 493 492
773 2 0 390 391 494
774 2 0 390 494 493
775 2 0 391 392 495
776 2 0 391 495 494
777 2 0 392 393 496
778 2 0 392 496 495
779 2 0 393 394 497
780 2 0 393 497 496
781 2 0 394 395 498
782 2 0 394 498 497
783 2 0 395 396 499
784 2 0 395 499 498
785 2 0 396 397 500
786 2 0 396 500 499
787 2 0 397 398 501
788 2 0 397 501 500
789 2 0 398 399 502
790 2 0 398 502 501
791 2 0 399 400 503
792 2 0 399 503 502
793 2 0 400 401 504
794 2 0 400 504 503
795 2 0 401 402 505
796 2 0 401 505 504
797 2 0 402 403 506
798 2 0 402 506 505
799 2 0 403 404 507
800 2 0 403 507 506
801 2 0 404 405 508
802 2 0 404 508 507
803 2 0 405 406 509
804 2 0 405 509 508
805 2 0 406 407 510
806 2 0 406 510 509
807 2 0 407 408 511
808 2 0 407 511 510
809 2 0 408 409 512
810 2 0 408 512 511
811 2 0 409 410 513
812 2 0 409 513 512
813 2 0 410 411 514
814 2 0 410 514 513
815 2 0 411 412 515
816 2 0 411 515 514
817 2 0 413 414 517
818 2 0 413 517 516
819 2 0 414 415 518
820 2 0 414 518 517
821 2 0 415 416 519
822 2 0 415 519 518
823 2 0 416 417 520
824 2 0 416 520 519
825 2 0 417 418 521
826 2 0 417 521 520
827 2 0 418 419 522
828 2 0 418 522 521
829 2 0 419 420 523
830 2 0 419 523 522
831 2 0 420 421 524
832 2 0 420 524 523
833 2 0 421 422 525
834 2 0 421 525 524
835 2 0 422 423 526
836 2 0 422 526 525
837 2 0 423 424 527
838 2 0 423 527 526
839 2 0 424 425 528
840 2 0 424 528 527
841 2 0 425 426 529
842 2 0 425 529 528
843 2 0 426 427 530
844 2 0 426 530 529
845 2 0 427 428 531
846 2 0 427 531 530
847 2 0 428 429 532
848 2 0 428 532 531
849 2 0 429 430 533
850 2 0 429 533 532
851 2 0 430 431 534
852 2 0 430 534 533
853 2 0 431 432 535
854 2 0 431 535 534
855 2 0 432 433 536
856 2 0 432 536 535
857 2 0 433 434 537
858 2 0 433 537 536
859 2 0 434 435 538
860 2 0 434 538 537
861 2 0 435 436 539
862 2 0 435 539 538
863 2 0 436 437 540
864 2 0 436 540 539
865 2 0 437 438 541
866 2 0 437 541 540
867 2 0 438 439 542
868 2 0 438 542 541
869 2 0 439 440 543
870 2 0 439 543 542
871 2 0 440 441 544
872 2 0 440 544 543
873 2 0 441 442 545
874 2 0 441 545 544
875 2 0 442 443 546
876 2 0 442 546 545
877 2 0 443 444 547
878 2 0 443 547 546
879 2 0 444 445 548
880 2 0 444 548 547
881 2 0 445 446 549
882 2 0 445 549 548
883 2 0 446 447 550
884 2 0 446 550 549
885 2 0 447 448 551
886 2 0 447 551 550
887 2 0 448 449 552
888 2 0 448 552 551
889 2 0 449 450 553
890 2 0 449 553 552
891 2 0 450 451 554
892 2 0 450 554 553
893 2 0 451 452 555
894 2 0 451 555 554
895 2 0 452 453 556
896 2 0 452 556 555
897 2 0 453 454 557
898 2 0 453 557 556
899 2 0 454 455 558
900 2 0 454 558 557
901 2 0 455 456 559
902 2 0 455 559 558
903 2 0 456 457 560
904 2 0 456 560 559
905 2 0 457 458 561
906 2 0 457 561 560
907 2 0 458 459 562
908 2 0 458 562 561
909 2 0 459 460 563
910 2 0 459 563 562
911 2 0 460 461 564
912 2 0 460 564 563
913 2 0 461 462 565
914 2 0 461 565 564
915 2 0 462 463 566
916 2 0 462 566 565
917 2 0 463 464 567
918 2 0 463 567 566
919 2 0 464 465 568
920 2 0 464 568 567
921 2 0 465 466 569
922 2 0 465 569 568
923 2 0 466 467 570
924 2 0 466 570 569
925 2 0 467 468 571
926 2 0 467 571 570
927 2 0 468 469 572
928 2 0 468 572 571
929 2 0 469 470 573
930 2 0 469 573 572
931 2 0 470 471 574
932 2 0 470 574 573
933 2 0 471 472 575
934 2 0 471 575 574
935 2 0 472 473 576
936 2 0 472 576 575
937 2 0 473 474 577
938 2 0 473 577 576
939 2 0 474 475 578
940 2 0 474 578 577
941 2 0 475 476 579
942 2 0 475 579 578
943 2 0 476 477 580
944 2 0 476 580 579
945 2 0 477 478 581
946 2 0 477 581 580
947 2 0 478 479 582
948 2 0 478 582 581
949 2 0 479 480 583
950 2 0 479 583 582
951 2 0 480 481 584
952 2 0 480 584 583
953 2 0 481 482 585
954 2 0 481 585 584
955 2 0 482 483 586
956 2 0 482 586 585
957 2 0 483 484 587
958 2 0 483 587 586
959 2 0 484 485 588
960 2 0 484 588 587
961 2 0 485 486 589
962 2 0 485 589 588
963 2 0 486 487 590
964 2 0 486 590 589
965 2 0 487 488 591
966 2 0 487 591 590
967 2 0 488 489 592
968 2 0 488 592 591
969 2 0 489 490 593
970 2 0 489 593 592
971 2 0 490 491 594
972 2 0 490 594 593
973 2 0 491 492 595
974 2 0 491 595 594
975 2 0 492 493 596
976 2 0 492 596 595
977 2 0 493 494 597
978 2 0 493 597 596
979 2 0 494 495 598
980 2 0 494 598 597
981 2 0 495 496 599
982 2 0 495 599 598
983 2 0 496 497 600
984 2 0 496 600 599
985 2 0 497 498 601
986 2 0 497 601 600
987 2 0 498 499 602
988 2 0 498 602 601
989 2 0 499 500 603
990 2 0 499 603 602
991 2 0 500 501 604
992 2 0 500 604 603
993 2 0 501 502 605
994 2 0 501 605 604
995 2 0 502 503 606
996 2 0 502 606 605
997 2 0 503 504 607
998 2 0 503 607 606
999 2 0 504 505 608
1000 2 0 504 608 607
1001 2 0 505 506 609
1002 2 0 505 609 608
1003 2 0 506 507 610
1004 2 0 506 610 609
1005 2 0 507 508 611
1006 2 0 507 611 610
1007 2 0 508 509 612
1008 2 0 508 612 611
1009 2 0 509 510 613
1010 2 0 509 613 612
1011 2 0 510 511 614
1012 2 0 510 614 613
1013 2 0 511 512 615
1014 2 0 511 615 614
1015 2 0 512 513 616
1016 2 0 512 616 615
1017 2 0 513 514 617
1018 2 0 513 617 616
1019 2 0 514 515 618
1020 2 0 514 618 617
1021 2 0 516 517 620
1022 2 0 516 620 619
1023 2 0 517 518 621
1024 2 0 517 621 620
1025 2 0 518 519 622
1026 2 0 518 622 621
1027 2 0 519 520 623
1028 2 0 519 623 622
1029 2 0 520 521 624
1030 2 0 520 624 623
1031 2 0 521 522 625
1032 2 0 521 625 624
1033 2 0 522 523 626
1034 2 0 522 626 625
1035 2 0 523 524 627
1036 2 0 523 627 626
1037 2 0 524 525 628
1038 2 0 524 628 627
1039 2 0 525 526 629
1040 2 0 525 629 628
1041 2 0 526 527 630
1042 2 0 526 630 629
1043 2 0 527 528 631
1044 2 0 527 631 630
1045 2 0 528 529 632
1046 2 0 528 632 631
1047 2 0 529 530 633
1048 2 0 529 633 632
1049 2 0 530 531 634
1050 2 0 530 634 633
1051 2 0 531 532 635
1052 2 0 531 635 634
1053 2 0 532 533 636
1054 2 0 532 636 635
1055 2 0 533 534 637
1056 2 0 533 637 636
1057 2 0 534 535 638
1058 2 0 534 638 637
1059 2 0 535 536 639
1060 2 0 535 639 638
1061 2 0 536 537 640
1062 2 0 536 640 639
1063 2 0 537 538 641
1064 2 0 537 641 640
1065 2 0 538 539 642
1066 2 0 538 642 641
1067 2 0 539 540 643
1068 2 0 539 643 642
1069 2 0 540 541 644
1070 2 0 540 644 643
1071 2 0 541 542 645
1072 2 0 541 645 644
1073 2 0 542 543 646
1074 2 0 542 646 645
1075 2 0 543 544 647
1076 2 0 543 647 646
1077 2 0 544 545 648
1078 2 0 544 648 647
1079 2 0 545 546 649
1080 2 0 545 649 648
1081 2 0 546 547 650
1082 2 0 546 650 649
1083 2 0 547 548 651
1084 2 0 547 651 650
1085 2 0 548 549 652
1086 2 0 548 652 651
1087 2 0 549 550 653
1088 2 0 549 653 652
1089 2 0 550 551 654
1090 2 0 550 654 653
1091 2 0 551 552 655
1092 2 0 551 655 654
1093 2 0 552 553 656
1094 2 0 552 656 655
1095 2 0 553 554 657
1096 2 0 553 657 656
1097 2 0 554 555 658
1098 2 0 554 658 657
1099 2 0 555 556 659
1100 2 0 555 659 658
1101 2 0 556 557 660
1102 2 0 556 660 659
1103 2 0 557 558 661
1104 2 0 557 661 660
1105 2 0 558 559 662
1106 2 0 558 662 661
1107 2 0 559 560 663
1108 2 0 559 663 662
1109 2 0 560 561 664
1110 2 0 560 664 663
1111 2 0 561 562 665
1112 2 0 561 665 664
1113 2 0 562 563 666
1114 2 0 562 666 665
1115 2 0 563 564 667
1116 2 0 563 667 666
1117 2 0 564 565 668
1118 2 0 564 668 667
1119 2 0 565 566 669
1120 2 0 565 669 668
1121 2 0 566 567 670
1122 2 0 566 670 669
1123 2 0 567 568 671
1124 2 0 567 671 670
1125 2 0 568 569 672
1126 2 0 568 672 671
1127 2 0 569 570 673
1128 2 0 569 673 672
1129 2 0 570 571 674
1130 2 0 570 674 673
1131 2 0 571 572 675
1132 2 0 571 675 674
1133 2 0 572 573 676
1134 2 0 572 676 675
1135 2 0 573 574 677
1136 2 0 573 677 676
1137 2 0 574 575 678
1138 2 0 574 678 677
1139 2 0 575 576 679
1140 2 0 575 679 678
1141 2 0 576 577 680
1142 2 0 576 680 679
1143 2 0 577 578 681
1144 2 0 577 681 680
1145 2 0 578 579 682
1146 2 0 578 682 681
1147 2 0 579 580 683
1148 2 0 579 683 682
1149 2 0 580 581 684
1150 2 0 580 684 683
1151 2 0 581 582 685
1152 2 0 581 685 684
1153 2 0 582 583 686
1154 2 0 582 686 685
1155 2 0 583 584 687
1156 2 0 583 687 686
1157 2 0 584 585 688
1158 2 0 584 688 687
1159 2 0 585 586 689
1160 2 0 585 689 688
1161 2 0 586 587 690
1162 2 0 586 690 689
1163 2 0 587 588 691
1164 2 0 587 691 690
1165 2 0 588 589 692
1166 2 0 588 692 691
1167 2 0 589 590 693
1168 2 0 589 693 692
1169 2 0 590 591 694
1170 2 0 590 694 693
1171 2 0 591 592 695
1172 2 0 591 695 694
1173 2 0 592 593 696
1174 2 0 592 696 695
1175 2 0 593 594 697
1176 2 0 593 697 696
1177 2 0 594 595 698
1178 2 0 594 698 697
1179 2 0 595 596 699
1180 2 0 595 699 698
1181 2 0 596 597 700
1182 2 0 596 700 699
1183 2 0 597 598 701
1184 2 0 597 701 700
1185 2 0 598 599 702
1186 2 0 598 702 701
1187 2 0 599 600 703
1188 2 0 599 703 702
1189 2 0 600 601 704
1190 2 0 600 704 703
1191 2 0 601 602 705
1192 2 0 601 705 704
1193 2 0 602 603 706
1194 2 0 602 706 705
1195 2 0 603 604 707
1196 2 0 603 707 706
1197 2 0 604 605 708
1198 2 0 604 708 707
1199 2 0 605 606 709
1200 2 0 605 709 708
1201 2 0 606 607 710
1202 2 0 606 710 709
1203 2 0 607 608 711
1204 2 0 607 711 710
1205 2 0 608 609 712
1206 2 0 608 712 711
1207 2 0 609 610 713
1208 2 0 609 713 712
1209 2 0 610 611 714
1210 2 0 610 714 713
1211 2 0 611 612 715
1212 2 0 611 715 714
1213 2 0 612 613 716
1214 2 0 612 716 715
1215 2 0 613 614 717
1216 2 0 613 717 716
1217 2 0 614 615 718
1218 2 0 614 718 717
1219 2 0 615 616 719
1220 2 0 615 719 718
1221 2 0 616 617 720
1222 2 0 616 720 719
1223 2 0 617 618 721
1224 2 0 617 721 720
1225 2 0 619 620 723
1226 2 0 619 723 722
1227 2 0 620 621 724
1228 2 0 620 724 723
1229 2 0 621 622 725
1230 2 0 621 725 724
1231 2 0 622 623 726
1232 2 0 622 726 725
1233 2 0 623 624 727
1234 2 0 623 727 726
1235 2 0 624 625 728
1236 2 0 624 728 727
1237 2 0 625 626 729
1238 2 0 625 729 728
1239 2 0 626 627 730
1240 2 0 626 730 729
1241 2 0 627 628 731
1242 2 0 627 731 730
1243 2 0 628 629 732
1244 2 0 628 732 731
1245 2 0 629 630 733
1246 2 0 629 733 732
1247 2 0 630 631 734
1248 2 0 630 734 733
1249 2 0 631 632 735
1250 2 0 631 735 734
1251 2 0 632 633 736
1252 2 0 632 736 735
1253 2 0 633 634 737
1254 2 0 633 737 736
1255 2 0 634 635 738
1256 2 0 634 738 737
1257 2 0 635 636 739
1258 2 0 635 739 738
1259 2 0 636 637 740
1260 2 0 636 740 739
1261 2 0 637 638 741
1262 2 0 637 741 740
1263 2 0 638 639 742
1264 2 0 638 742 741
1265 2 0 639 640 743
1266 2 0 639 743 742
1267 2 0 640 641 744
1268 2 0 640 744 743
1269 2 0 641 642 745
1270 2 0 641 745 744
1271 2 0 642 643 746
1272 2 0 642 746 745
1273 2 0 643 644 747
1274 2 0 643 747 746
1275 2 0 644 645 748
1276 2 0 644 748 747
1277 2 0 645 646 749
1278 2 0 645 749 748
1279 2 0 646 647 750
1280 2 0 646 750 749
1281 2 0 647 648 751
1282 2 0 647 751 750
1283 2 0 648 649 752
1284 2 0 648 752 751
1285 2 0 649 650 753
1286 2 0 649 753 752
1287 2 0 650 651 754
1288 2 0 650 754 753
1289 2 0 651 652 755
1290 2 0 651 755 754
1291 2 0 652 653 756
1292 2 0 652 756 755
1293 2 0 653 654 757
1294 2 0 653 757 756
1295 2 0 654 655 758
1296 2 0 654 758 757
1297 2 0 655 656 759
1298 2 0 655 759 758
1299 2 0 656 657 760
1300 2 0 656 760 759
1301 2 0 657 658 761
1302 2 0 657 761 760
1303 2 0 658 659 762
1304 2 0 658 762 761
1305 2 0 659 660 763
1306 2 0 659 763 762
1307 2 0 660 661 764
1308 2 0 660 764 763
1309 2 0 661 662 765
1310 2 0 661 765 764
1311 2 0 662 663 766
1312 2 0 662 766 765
1313 2 0 663 664 767
1314 2 0 663 767 766
1315 2 0 664 665 768
1316 2 0 664 768 767
1317 2 0 665 666 769
1318 2 0 665 769 768
1319 2 0 666 667 770
1320 2 0 666 770 769
1321 2 0 667 668 771
1322 2 0 667 771 770
1323 2 0 668 669 772
1324 2 0 668 772 771
1325 2 0 669 670 773
1326 2 0 669 773 772
1327 2 0 670 671 774
1328 2 0 670 774 773
1329 2 0 671 672 775
1330 2 0 671 775 774
1331 2 0 672 673 776
1332 2 0 672 776 775
1333 2 0 673 674 777
1334 2 0 673 777 776
1335 2 0 674 675 778
1336 2 0 674 778 777
1337 2 0 675 676 779
1338 2 0 675 779 778
1339 2 0 676 677 780
1340 2 0 676 780 779
1341 2 0 677 678 781
1342 2 0 677 781 780
1343 2 0 678 679 782
1344 2 0 678 782 781
1345 2 0 679 680 783
1346 2 0 679 783 782
1347 2 0 680 681 784
1348 2 0 680 784 783
1349 2 0 681 682 785
1350 2 0 681 785 784
1351 2 0 682 683 786
1352 2 0 682 786 785
1353 2 0 683 684 787
1354 2 0 683 787 786
1355 2 0 684 685 788
1356 2 0 684 788 787
1357 2 0 685 686 789
1358 2 0 685 789 788
1359 2 0 686 687 790
1360 2 0 686 790 789
1361 2 0 687 688 791
1362 2 0 687 791 790
1363 2 0 688 689 792
1364 2 0 688 792 791
1365 2 0 689 690 793
1366 2 0 689 793 792
1367 2 0 690 691 794
1368 2 0 690 794 793
1369 2 0 691 692 795
1370 2 0 691 795 794
1371 2 0 692 693 796
1372 2 0 692 796 795
1373 2 0 693 694 797
1374 2 0 693 797 796
1375 2 0 694 695 798
1376 2 0 694 798 797
1377 2 0 695 696 799
1378 2 0 695 799 798
1379 2 0 696 697 800
1380 2 0 696 800 799
1381 2 0 697 698 801
1382 2 0 697 801 800
1383 2 0 698 699 802
1384 2 0 698 802 801
1385 2 0 699 700 803
1386 2 0 699 803 802
1387 2 0 700 701 804
1388 2 0 700 804 803
1389 2 0 701 702 805
1390 2 0 701 805 804
1391 2 0 702 703 806
1392 2 0 702 806 805
1393 2 0 703 704 807
1394 2 0 703 807 806
1395 2 0 704 705 808
1396 2 0 704 808 807
1397 2 0 705 706 809
1398 2 0 705 809 808
1399 2 0 706 707 810
1400 2 0 706 810 809
1401 2 0 707 708 811
1402 2 0 707 811 810
1403 2 0 708 709 812
1404 2 0 708 812 811
1405 2 0 709 710 813
1406 2 0 709 813 812
1407 2 0 710 711 814
1408 2 0 710 814 813
1409 2 0 711 712 815
1410 2 0 711 815 814
1411 2 0 712 713 816
1412 2 0 712 816 815
1413 2 0 713 714 817
1414 2 0 713 817 816
1415 2 0 714 715 818
1416 2 0 714 818 817
1417 2 0 715 716 819
1418 2 0 715 819 818
1419 2 0 716 717 820
1420 2 0 716 820 819
1421 2 0 717 718 821
1422 2 0 717 821 820
1423 2 0 718 719 822
1424 2 0 718 822 821
1425 2 0 719 720 823
1426 2 0 719 823 822
1427 2 0 720 721 824
1428 2 0 720 824 823
1429 2 0 722 723 826
1430 2 0 722 826 825
1431 2 0 723 724 827
1432 2 0 723 827 826
1433 2 0 724 725 828
1434 2 0 724 828 827
1435 2 0 725 726 829
1436 2 0 725 829 828
1437 2 0 726 727 830
1438 2 0 726 830 829
1439 2 0 727 728 831
1440 2 0 727 831 830
1441 2 0 728 729 832
1442 2 0 728 832 831
1443 2 0 729 730 833
1444 2 0 729 833 832
1445 2 0 730 731 834
1446 2 0 730 834 833
1447 2 0 731 732 835
1448 2 0 731 835 834
1449 2 0 732 733 836
1450 2 0 732 836 835
1451 2 0 733 734 837
1452 2 0 733 837 836
1453 2 0 734 735 838
1454 2 0 734 838 837
1455 2 0 735 736 839
1456 2 0 735 839 838
1457 2 0 736 737 840
1458 2 0 736 840 839
1459 2 0 737 738 841
1460 2 0 737 841 840
1461 2 0 738 739 842
1462 2 0 738 842 841
1463 2 0 739 740 843
1464 2 0 739 843 842
1465 2 0 740 741 844
1466 2 0 740 844 843
1467 2 0 741 742 845
1468 2 0 741 845 844
1469 2 0 742 743 846
1470 2 0 742 846 845
1471 2 0 743 744 847
1472 2 0 743 847 846
1473 2 0 744 745 848
1474 2 0 744 848 847
1475 2 0 745 746 849
1476 2 0 745 849 848
1477 2 0 746 747 850
1478 2 0 746 850 849
1479 2 0 747 748 851
1480 2 0 747 851 850
1481 2 0 748 749 852
1482 2 0 748 852 851
1483 2 0 749 750 853
1484 2 0 749 853 852
1485 2 0 750 751 854
1486 2 0 750 854 853
1487 2 0 751 752 855
1488 2 0 751 855 854
1489 2 0 752 753 856
1490 2 0 752 856 855
1491 2 0 753 754 857
1492 2 0 753 857 856
1493 2 0 754 755 858
1494 2 0 754 858 857
1495 2 0 755 756 859
1496 2 0 755 859 858
1497 2 0 756 757 860
1498 2 0 756 860 859
1499 2 0 757 758 861
1500 2 0 757 861 860
1501 2 0 758 759 862
1502 2 0 758 862 861
1503 2 0 759 760 863
1504 2 0 759 863 862
1505 2 0 760 761 864
1506 2 0 760 864 863
1507 2 0 761 762 865
1508 2 0 761 865 864
1509 2 0 762 763 866
1510 2 0 762 866 865
1511 2 0 763 764 867
1512 2 0 763 867 866
1513 2 0 764 765 868
1514 2 0 764 868 867
1515 2 0 765 766 869
1516 2 0 765 869 868
1517 2 0 766 767 870
1518 2 0 766 870 869
1519 2 0 767 768 871
1520 2 0 767 871 870
1521 2 0 768 769 872
1522 2 0 768 872 871
1523 2 0 769 770 873
1524 2 0 769 873 872
1525 2 0 770 771 874
1526 2 0 770 874 873
1527 2 0 771 772 875
1528 2 0 771 875 874
1529 2 0 772 773 876
1530 2 0 772 876 875
1531 2 0 773 774 877
1532 2 0 773 877 876
1533 2 0 774 775 878
1534 2 0 774 878 877
1535 2 0 775 776 879
1536 2 0 775 879 878
1537 2 0 776 777 880
1538 2 0 776 880 879
1539 2 0 777 778 881
1540 2 0 777 881 880
1541 2 0 778 779 882
1542 2 0 778 882 881
1543 2 0 779 780 883
1544 2 0 779 883 882
1545 2 0 780 781 884
1546 2 0 780 884 883
1547 2 0 781 782 885
1548 2 0 781 885 884
1549 2 0 782 783 886
1550 2 0 782 886 885
1551 2 0 783 784 887
1552 2 0 783 887 886
1553 2 0 784 785 888
1554 2 0 784 888 887
1555 2 0 785 786 889
1556 2 0 785 889 888
1557 2 0 786 787 890
1558 2 0 786 890 889
1559 2 0 787 788 891
1560 2 0 787 891 890
1561 2 0 788 789 892
1562 2 0 788 892 891
1563 2 0 789 790 893
1564 2 0 789 893 892
1565 2 0 790 791 894
1566 2 0 790 894 893
1567 2 0 791 792 895
1568 2 0 791 895 894
1569 2 0 792 793 896
1570 2 0 792 896 895
1571 2 0 793 794 897
1572 2 0 793 897 896
1573 2 0 794 795 898
1574 2 0 794 898 897
1575 2 0 795 796 899
1576 2 0 795 899 898
1577 2 0 796 797 900
1578 2 0 796 900 899
1579 2 0 797 798 901
1580 2 0 797 901 900
1581 2 0 798 799 902
1582 2 0 798 902 901
1583 2 0 799 800 903
1584 2 0 799 903 902
1585 2 0 800 801 904
1586 2 0 800 904 903
1587 2 0 801 802 905
1588 2 0 801 905 904
1589 2 0 802 803 906
1590 2 0 802 906 905
1591 2 0 803 804 907
1592 2 0 803 907 906
1593 2 0 804 805 908
1594 2 0 804 908 907
1595 2 0 805 806 909
1596 2 0 805 909 908
1597 2 0 806 807 910
1598 2 0 806 910 909
1599 2 0 807 808 911
1600 2 0 807 911 910
1601 2 0 808 809 912
1602 2 0 808 912 911
1603 2 0 809 810 913
1604 2 0 809 913 912
1605 2 0 810 811 914
1606 2 0 810 914 913
1607 2 0 811 812 915
1608 2 0 811 915 914
1609 2 0 812 813 916
1610 2 0 812 916 915
1611 2 0 813 814 917
1612 2 0 813 917 916
1613 2 0 814 815 918
1614 2 0 814 918 917
1615 2 0 815 816 919
1616 2 0 815 919 918
1617 2 0 816 817 920
1618 2 0 816 920 919
1619 2 0 817 818 921
1620 2 0 817 921 920
1621 2 0 818 819 922
1622 2 0 818 922 921
1623 2 0 819 820 923
1624 2 0 819 923 922
1625 2 0 820 821 924
1626 2 0 820 924 923
1627 2 0 821 822 925
1628 2 0 821 925 924
1629 2 0 822 823 926
1630 2 0 822 926 925
1631 2 0 823 824 927
1632 2 0 823 927 926
1633 2 0 825 826 929
1634 2 0 825 929 928
1635 2 0 826 827 930
1636 2 0 826 930 929
1637 2 0 827 828 931
1638 2 0 827 931 930
1639 2 0 828 829 932
1640 2 0 828 932 931
1641 2 0 829 830 933
1642 2 0 829 933 932
1643 2 0 830 831 934
1644 2 0 830 934 933
1645 2 0 831 832 935
1646 2 0 831 935 934
1647 2 0 832 833 936
1648 2 0 832 936 935
1649 2 0 833 834 937
1650 2 0 833 937 936
1651 2 0 834 835 938
1652 2 0 834 938 937
1653 2 0 835 836 939
1654 2 0 835 939 938
1655 2 0 836 837 940
1656 2 0 836 940 939
1657 2 0 837 838 941
1658 2 0 837 941 940
1659 2 0 838 839 942
1660 2 0 838 942 941
1661 2 0 839 840 943
1662 2 0 839 943 942
1663 2 0 840 841 944
1664 2 0 840 944 943
1665 2 0 841 842 945
1666 2 0 841 945 944
1667 2 0 842 843 946
1668 2 0 842 946 945
1669 2 0 843 844 947
1670 2 0 843 947 946
1671 2 0 844 845 948
1672 2 0 844 948 947
1673 2 0 845 846 949
1674 2 0 845 949 948
1675 2 0 846 847 950
1676 2 0 846 950 949
1677 2 0 847 848 951
1678 2 0 847 951 950
1679 2 0 848 849 952
1680 2 0 848 952 951
1681 2 0 849 850 953
1682 2 0 849 953 952
1683 2 0 850 851 954
1684 2 0 850 954 953
1685 2 0 851 852 955
1686 2 0 851 955 954
1687 2 0 852 853 956
1688 2 0 852 956 955
1689 2 0 853 854 957
1690 2 0 853 957 956
1691 2 0 854 855 958
1692 2 0 854 958 957
1693 2 0 855 856 959
1694 2 0 855 959 958
1695 2 0 856 857 960
1696 2 0 856 960 959
1697 2 0 857 858 961
1698 2 0 857 961 960
1699 2 0 858 859 962
1700 2 0 858 962 961
1701 2 0 859 860 963
1702 2 0 859 963 962
1703 2 0 860 861 964
1704 2 0 860 964 963
1705 2 0 861 862 965
1706 2 0 861 965 964
1707 2 0 862 863 966
1708 2 0 862 966 965
1709 2 0 863 864 967
1710 2 0 863 967 966
1711 2 0 864 865 968
1712 2 0 864 968 967
1713 2 0 865 866 969
1714 2 0 865 969 968
1715 2 0 866 867 970
1716 2 0 866 970 969
1717 2 0 867 868 971
1718 2 0 867 971 970
1719 2 0 868 869 972
1720 2 0 868 972 971
1721 2 0 869 870 973
1722 2 0 869 973 972
1723 2 0 870 871 974
1724 2 0 870 974 973
1725 2 0 871 872 975
1726 2 0 871 975 974
1727 2 0 872 873 976
1728 2 0 872 976 975
1729 2 0 873 874 977
1730 2 0 873 977 976
1731 2 0 874 875 978
1732 2 0 874 978 977
1733 2 0 875 876 979
1734 2 0 875 979 978
1735 2 0 876 877 980
1736 2 0 876 980 979
1737 2 0 877 878 981
1738 2 0 877 981 980
1739 2 0 878 879 982
1740 2 0 878 982 981
1741 2 0 879 880 983
1742 2 0 879 983 982
1743 2 0 880 881 984
1744 2 0 880 984 983
1745 2 0 881 882 985
1746 2 0 881 985 984
1747 2 0 882 883 986
1748 2 0 882 986 985
1749 2 0 883 884 987
1750 2 0 883 987 986
1751 2 0 884 885 988
1752 2 0 884 988 987
1753 2 0 885 886 989
1754 2 0 885 989 988
1755 2 0 886 887 990
1756 2 0 886 990 989
1757 2 0 887 888 991
1758 2 0 887 991 990
1759 2 0 888 889 992
1760 2 0 888 992 991
1761 2 0 889 890 993
1762 2 0 889 993 992
1763 2 0 890 891 994
1764 2 0 890 994 993
1765 2 0 891 892 995
1766 2 0 891 995 994
1767 2 0 892 893 996
1768 2 0 892 996 995
1769 2 0 893 894 997
1770 2 0 893 997 996
1771 2 0 894 895 998
1772 2 0 894 998 997
1773 2 0 895 896 999
1774 2 0 895 999 998
1775 2 0 896 897 1000
1776 2 0 896 1000 999
1777 2 0 897 898 1001
1778 2 0 897 1001 1000
1779 2 0 898 899 1002
1780 2 0 898 1002 1001
1781 2 0 899 900 1003
1782 2 0 899 1003 1002
1783 2 0 900 901 1004
1784 2 0 900 1004 1003
1785 2 0 901 902 1005
1786 2 0 901 1005 1004
1787 2 0 902 903 1006
1788 2 0 902 1006 1005
1789 2 0 903 904 1007
1790 2 0 903 1007 1006
1791 2 0 904 905 1008
1792 2 0 904 1008 1007
1793 2 0 905 906 1009
1794 2 0 905 1009 1008
1795 2 0 906 907 1010
1796 2 0 906 1010 1009
1797 2 0 907 908 1011
1798 2 0 907 1011 1010
1799 2 0 908 909 1012
1800 2 0 908 1012 1011
1801 2 0 909 910 1013
1802 2 0 909 1013 1012
1803 2 0 910 911 1014
1804 2 0 910 1014 1013
1805 2 0 911 912 1015
1806 2 0 911 1015 1014
1807 2 0 912 913 1016
1808 2 0 912 1016 1015
1809 2 0 913 914 1017
1810 2 0 913 1017 1016
1811 2 0 914 915 1018
1812 2 0 914 1018 1017
1813 2 0 915 916 1019
1814 2 0 915 1019 1018
1815 2 0 916 917 1020
1816 2 0 916 1020 1019
1817 2 0 917 918 1021
1818 2 0 917 1021 1020
1819 2 0 918 919 1022
1820 2 0 918 1022 1021
1821 2 0 919 920 1023
1822 2 0 919 1023 1022
1823 2 0 920 921 1024
1824 2 0 920 1024 1023
1825 2 0 921 922 1025
1826 2 0 921 1025 1024
1827 2 0 922 923 1026
1828 2 0 922 1026 1025
1829 2 0 923 924 1027
1830 2 0 923 1027 1026
1831 2 0 924 925 1028
1832 2 0 924 1028 1027
1833 2 0 925 926 1029
1834 2 0 925 1029 1028
1835 2 0 926 927 1030
1836 2 0 926 1030 1029
1837 2 0 928 929 1032
1838 2 0 928 1032 1031
1839 2 0 929 930 1033
1840 2 0 929 1033 1032
1841 2 0 930 931 1034
1842 2 0 930 1034 1033
1843 2 0 931 932 1035
1844 2 0 931 1035 1034
1845 2 0 932 933 1036
1846 2 0 932 1036 1035
1847 2 0 933 934 1037
1848 2 0 933 1037 1036
1849 2 0 934 935 1038
1850 2 0 934 1038 1037
1851 2 0 935 936 1039
1852 2 0 935 1039 1038
1853 2 0 936 937 1040
1854 2 0 936 1040 1039
1855 2 0 937 938 1041
1856 2 0 937 1041 1040
1857 2 0 938 939 1042
1858 2 0 938 1042 1041
1859 2 0 939 940 1043
1860 2 0 939 1043 1042
1861 2 0 940 941 1044
1862 2 0 940 1044 1043
1863 2 0 941 942 1045
1864 2 0 941 1045 1044
1865 2 0 942 943 1046
1866 2 0 942 1046 1045
1867 2 0 943 944 1047
1868 2 0 943 1047 1046
1869 2 0 944 945 1048
1870 2 0 944 1048 1047
1871 2 0 945 946 1049
1872 2 0 945 1049 1048
1873 2 0 946 947 1050
1874 2 0 946 1050 1049
1875 2 0 947 948 1051
1876 2 0 947 1051 1050
1877 2 0 948 949 1052
1878 2 0 948 1052 1051
1879 2 0 949 950 1053
1880 2 0 949 1053 1052
1881 2 0 950 951 1054
1882 2 0 950 1054 1053
1883 2 0 951 952 1055
1884 2 0 951 1055 1054
1885 2 0 952 953 1056
1886 2 0 952 1056 1055
1887 2 0 953 954 1057
1888 2 0 953 1057 1056
1889 2 0 954 955 1058
1890 2 0 954 1058 1057
1891 2 0 955 956 1059
1892 2 0 955 1059 1058
1893 2 0 956 957 1060
1894 2 0 956 1060 1059
1895 2 0 957 958 1061
1896 2 0 957 1061 1060
1897 2 0 958 959 1062
1898 2 0 958 1062 1061
1899 2 0 959 960 1063
1900 2 0 959 1063 1062
1901 2 0 960 961 1064
1902 2 0 960 1064 1063
1903 2 0 961 962 1065
1904 2 0 961 1065 1064
1905 2 0 962 963 1066
1906 2 0 962 1066 1065
1907 2 0 963 964 1067
1908 2 0 963 1067 1066
1909 2 0 964 965 1068
1910 2 0 964 1068 1067
1911 2 0 965 966 1069
1912 2 0 965 1069 1068
1913 2 0 966 967 1070
1914 2 0 966 1070 1069
1915 2 0 967 968 1071
1916 2 0 967 1071 1070
1917 2 0 968 969 1072
1918 2 0 968 1072 1071
1919 2 0 969 970 1073
1920 2 0 969 1073 1072
1921 2 0 970 971 1074
1922 2 0 970 1074 1073
1923 2 0 971 972 1075
1924 2 0 971 1075 1074
1925 2 0 972 973 1076
1926 2 0 972 1076 1075
1927 2 0 973 974 1077
1928 2 0 973 1077 1076
1929 2 0 974 975 1078
1930 2 0 974 1078 1077
1931 2 0 975 976 1079
1932 2 0 975 1079 1078
1933 2 0 976 977 1080
1934 2 0 976 1080 1079
1935 2 0 977 978 1081
1936 2 0 977 1081 1080
1937 2 0 978 979 1082
1938 2 0 978 1082 1081
1939 2 0 979 980 1083
1940 2 0 979 1083 1082
1941 2 0 980 981 1084
1942 2 0 980 1084 1083
1943 2 0 981 982 1085
1944 2 0 981 1085 1084
1945 2 0 982 983 1086
1946 2 0 982 1086 1085
1947 2 0 983 984 1087
1948 2 0 983 1087 1086
1949 2 0 984 985 1088
1950 2 0 984 1088 1087
1951 2 0 985 986 1089
1952 2 0 985 1089 1088
1953 2 0 986 987 1090
1954 2 0 986 1090 1089
1955 2 0 987 988 1091
1956 2 0 987 1091 1090
1957 2 0 988 989 1092
1958 2 0 988 1092 1091
1959 2 0 989 990 1093
1960 2 0 989 1093 1092
1961 2 0 990 991 1094
1962 2 0 990 1094 1093
1963 2 0 991 992 1095
1964 2 0 991 1095 1094
1965 2 0 992 993 1096
1966 2 0 992 1096 1095
1967 2 0 993 994 1097
1968 2 0 993 1097 1096
1969 2 0 994 995 1098
1970 2 0 994 1098 1097
1971 2 0 995 996 1099
1972 2 0 995 1099 1098
1973 2 0 996 997 1100
1974 2 0 996 1100 1099
1975 2 0 997 998 1101
1976 2 0 997 1101 1100
1977 2 0 998 999 1102
1978 2 0 998 1102 1101
1979 2 0 999 1000 1103
1980 2 0 999 1103 1102
1981 2 0 1000 1001 1104
1982 2 0 1000 1104 1103
1983 2 0 1001 1002 1105
1984 2 0 1001 1105 1104
1985 2 0 1002 1003 1106
1986 2 0 1002 1106 1105
1987 2 0 1003 1004 1107
1988 2 0 1003 1107 1106
1989 2 0 1004 1005 1108
1990 2 0 1004 1108 1107
1991 2 0 1005 1006 1109
1992 2 0 1005 1109 1108
1993 2 0 1006 1007 1110
1994 2 0 1006 1110 1109
1995 2 0 1007 1008 1111
1996 2 0 1007 1111 1110
1997 2 0 1008 1009 1112
1998 2 0 1008 1112 1111
1999 2 0 1009 1010 1113
2000 2 0 1009 1113 1112
2001 2 0 1010 1011 1114
2002 2 0 1010 1114 1113
2003 2 0 1011 1012 1115
2004 2 0 1011 1115 1114
2005 2 0 1012 1013 1116
2006 2 0 1012 1116 1115
2007 2 0 1013 1014 1117
2008 2 0 1013 1117 1116
2009 2 0 1014 1015 1118
2010 2 0 1014 1118 1117
2011 2 0 1015 1016 1119
2012 2 0 1015 1119 1118
2013 2 0 1016 1017 1120
2014 2 0 1016 1120 1119
2015 2 0 1017 1018 1121
2016 2 0 1017 1121 1120
2017 2 0 1018 1019 1122
2018 2 0 1018 1122 1121
2019 2 0 1019 1020 1123
2020 2 0 1019 1123 1122
2021 2 0 1020 1021 1124
2022 2 0 1020 1124 1123
2023 2 0 1021 1022 1125
2024 2 0 1021 1125 1124
2025 2 0 1022 1023 1126
2026 2 0 1022 1126 1125
2027 2 0 1023 1024 1127
2028 2 0 1023 1127 1126
2029 2 0 1024 1025 1128
2030 2 0 1024 1128 1127
2031 2 0 1025 1026 1129
2032 2 0 1025 1129 1128
2033 2 0 1026 1027 1130
2034 2 0 1026 1130 1129
2035 2 0 1027 1028 1131
2036 2 0 1027 1131 1130
2037 2 0 1028 1029 1132
2038 2 0 1028 1132 1131
2039 2 0 1029 1030 1133
2040 2 0 1029 1133 1132
2041 2 0 1031 1032 1135
2042 2 0 1031 1135 1134
2043 2 0 1032 1033 1136
2044 2 0 1032 1136 1135
2045 2 0 1033 1034 1137
2046 2 0 1033 1137 1136
2047 2 0 1034 1035 1138
2048 2 0 1034 1138 1137
2049 2 0 1035 1036 1139
2050 2 0 1035 1139 1138
2051 2 0 1036 1037 1140
2052 2 0 1036 1140 1139
2053 2 0 1037 1038 1141
2054 2 0 1037 1141 1140
2055 2 0 1038 1039 1142
2056 2 0 1038 1142 1141
2057 2 0 1039 1040 1143
2058 2 0 1039 1143 1142
2059 2 0 1040 1041 1144
2060 2 0 1040 1144 1143
2061 2 0 1041 1042 1145
2062 2 0 1041 1145 1144
2063 2 0 1042 1043 1146
2064 2 0 1042 1146 1145
2065 2 0 1043 1044 1147
2066 2 0 1043 1147 1146
2067 2 0 1044 1045 1148
2068 2 0 1044 1148 1147
2069 2 0 1045 1046 1149
2070 2 0 1045 1149 1148
2071 2 0 1046 1047 1150
2072 2 0 1046 1150 1149
2073 2 0 1047 1048 1151
2074 2 0 1047 1151 1150
2075 2 0 1048 1049 1152
2076 2 0 1048 1152 1151
2077 2 0 1049 1050 1153
2078 2 0 1049 1153 1152
2079 2 0 1050 1051 1154
2080 2 0 1050 1154 1153
2081 2 0 1051 1052 1155
2082 2 0 1051 1155 1154
2083 2 0 1052 1053 1156
2084 2 0 1052 1156 1155
2085 2 0 1053 1054 1157
2086 2 0 1053 1157 1156
2087 2 0 1054 1055 1158
2088 2 0 1054 1158 1157
2089 2 0 1055 1056 1159
2090 2 0 1055 1159 1158
2091 2 0 1056 1057 1160
2092 2 0 1056 1160 1159
2093 2 0 1057 1058 1161
2094 2 0 1057 1161 1160
2095 2 0 1058 1059 1162
2096 2 0 1058 1162 1161
2097 2 0 1059 1060 1163
2098 2 0 1059 1163 1162
2099 2 0 1060 1061 1164
2100 2 0 1060 1164 1163
2101 2 0 1061 1062 1165
2102 2 0 1061 1165 1164
2103 2 0 1062 1063 1166
2104 2 0 1062 1166 1165
2105 2 0 1063 1064 1167
2106 2 0 1063 1167 1166
2107 2 0 1064 1065 1168
2108 2 0 1064 1168 1167
2109 2 0 1065 1066 1169
2110 2 0 1065 1169 1168
2111 2 0 1066 1067 1170
2112 2 0 1066 1170 1169
2113 2 0 1067 1068 1171
2114 2 0 1067 1171 1170
2115 2 0 1068 1069 1172
2116 2 0 1068 1172 1171
2117 2 0 1069 1070 1173
2118 2 0 1069 1173 1172
2119 2 0 1070 1071 1174
2120 2 0 1070 1174 1173
2121 2 0 1071 1072 1175
2122 2 0 1071 1175 1174
2123 2 0 1072 1073 1176
2124 2 0 1072 1176 1175
2125 2 0 1073 1074 1177
2126 2 0 1073 1177 1176
2127 2 0 1074 1075 1178
2128 2 0 1074 1178 1177
2129 2 0 1075 1076 1179
2130 2 0 1075 1179 1178
2131 2 0 1076 1077 1180
2132 2 0 1076 1180 1179
2133 2 0 1077 1078 1181
2134 2 0 1077 1181 1180
2135 2 0 1078 1079 1182
2136 2 0 1078 1182 1181
2137 2 0 1079 1080 1183
2138 2 0 1079 1183 1182
2139 2 0 1080 1081 1184
2140 2 0 1080 1184 1183
2141 2 0 1081 1082 1185
2142 2 0 1081 1185 1184
2143 2 0 1082 1083 1186
2144 2 0 1082 1186 1185
2145 2 0 1083 1084 1187
2146 2 0 1083 1187 1186
2147 2 0 1084 1085 1188
2148 2 0 1084 1188 1187
2149 2 0 1085 1086 1189
2150 2 0 1085 1189 1188
2151 2 0 1086 1087 1190
2152 2 0 1086 1190 1189
2153 2 0 1087 1088 1191
2154 2 0 1087 1191 1190
2155 2 0 1088 1089 1192
2156 2 0 1088 1192 1191
2157 2 0 1089 1090 1193
2158 2 0 1089 1193 1192
2159 2 0 1090 1091 1194
2160 2 0 1090 1194 1193
2161 2 0 1091 1092 1195
2162 2 0 1091 1195 1194
2163 2 0 1092 1093 1196
2164 2 0 1092 1196 1195
2165 2 0 1093 1094 1197
2166 2 0 1093 1197 1196
2167 2 0 1094 1095 1198
2168 2 0 1094 1198 1197
2169 2 0 1095 1096 1199
2170 2 0 1095 1199 1198
2171 2 0 1096 1097 1200
2172 2 0 1096 1200 1199
2173 2 0 1097 1098 1201
2174 2 0 1097 1201 1200
2175 2 0 1098 1099 1202
2176 2 0 1098 1202 1201
2177 2 0 1099 1100 1203
2178 2 0 1099 1203 1202
2179 2 0 1100 1101 1204
2180 2 0 1100 1204 1203
2181 2 0 1101 1102 1205
2182 2 0 1101 1205 1204
2183 2 0 1102 1103 1206
2184 2 0 1102 1206 1205
2185 2 0 1103 1104 1207
2186 2 0 1103 1207 1206
2187 2 0 1104 1105 1208
2188 2 0 1104 1208 1207
2189 2 0 1105 1106 1209
2190 2 0 1105 1209 1208
2191 2 0 1106 1107 1210
2192 2 0 1106 1210 1209
2193 2 0 1107 1108 1211
2194 2 0 1107 1211 1210
2195 2 0 1108 1109 1212
2196 2 0 1108 1212 1211
2197 2 0 1109 1110 1213
2198 2 0 1109 1213 1212
2199 2 0 1110 1111 1214
2200 2 0 1110 1214 1213
2201 2 0 1111 1112 1215
2202 2 0 1111 1215 1214
2203 2 0 1112 1113 1216
2204 2 0 1112 1216 1215
2205 2 0 1113 1114 1217
2206 2 0 1113 1217 1216
2207 2 0 1114 1115 1218
2208 2 0 1114 1218 1217
2209 2 0 1115 1116 1219
2210 2 0 1115 1219 1218
2211 2 0 1116 1117 1220
2212 2 0 1116 1220 1219
2213 2 0 1117 1118 1221
2214 2 0 1117 1221 1220
2215 2 0 1118 1119 1222
2216 2 0 1118 1222 1221
2217 2 0 1119 1120 1223
2218 2 0 1119 1223 1222
2219 2 0 1120 1121 1224
2220 2 0 1120 1224 1223
2221 2 0 1121 1122 1225
2222 2 0 1121 1225 1224
2223 2 0 1122 1123 1226
2224 2 0 1122 1226 1225
2225 2 0 1123 1124 1227
2226 2 0 1123 1227 1226
2227 2 0 1124 1125 1228
2228 2 0 1124 1228 1227
2229 2 0 1125 1126 1229
2230 2 0 1125 1229 1228
2231 2 0 1126 1127 1230
2232 2 0 1126 1230 1229
2233 2 0 1127 1128 1231
2234 2 0 1127 1231 1230
2235 2 0 1128 1129 1232
2236 2 0 1128 1232 1231
2237 2 0 1129 1130 1233
2238 2 0 1129 1233 1232
2239 2 0 1130 1131 1234
2240 2 0 1130 1234 1233
2241 2 0 1131 1132 1235
2242 2 0 1131 1235 1234
2243 2 0 1132 1133 1236
2244 2 0 1132 1236 1235
2245 2 0 1134 1135 1238
2246 2 0 1134 1238 1237
2247 2 0 1135 1136 1239
2248 2 0 1135 1239 1238
2249 2 0 1136 1137 1240
2250 2 0 1136 1240 1239
2251 2 0 1137 1138 1241
2252 2 0 1137 1241 1240
2253 2 0 1138 1139 1242
2254 2 0 1138 1242 1241
2255 2 0 1139 1140 1243
2256 2 0 1139 1243 1242
2257 2 0 1140 1141 1244
2258 2 0 1140 1244 1243
2259 2 0 1141 1142 1245
2260 2 0 1141 1245 1244
2261 2 0 1142 1143 1246
2262 2 0 1142 1246 1245
2263 2 0 1143 1144 1247
2264 2 0 1143 1247 1246
2265 2 0 1144 1145 1248
2266 2 0 1144 1248 1247
2267 2 0 1145 1146 1249
2268 2 0 1145 1249 1248
2269 2 0 1146 1147 1250
2270 2 0 1146 1250 1249
2271 2 0 1147 1148 1251
2272 2 0 1147 1251 1250
2273 2 0 1148 1149 1252
2274 2 0 1148 1252 1251
2275 2 0 1149 1150 1253
2276 2 0 1149 1253 1252
2277 2 0 1150 1151 1254
2278 2 0 1150 1254 1253
2279 2 0 1151 1152 1255
2280 2 0 1151 1255 1254
2281 2 0 1152 1153 1256
2282 2 0 1152 1256 1255
2283 2 0 1153 1154 1257
2284 2 0 1153 1257 1256
2285 2 0 1154 1155 1258
2286 2 0 1154 1258 1257
2287 2 0 1155 1156 1259
2288 2 0 1155 1259 1258
2289 2 0 1156 1157 1260
2290 2 0 1156 1260 1259
2291 2 0 1157 1158 1261
2292 2 0 1157 1261 1260
2293 2 0 1158 1159 1262
2294 2 0 1158 1262 1261
2295 2 0 1159 1160 1263
2296 2 0 1159 1263 1262
2297 2 0 1160 1161 1264
2298 2 0 1160 1264 1263
2299 2 0 1161 1162 1265
2300 2 0 1161 1265 1264
2301 2 0 1162 1163 1266
2302 2 0 1162 1266 1265
2303 2 0 1163 1164 1267
2304 2 0 1163 1267 1266
2305 2 0 1164 1165 1268
2306 2 0 1164 1268 1267
2307 2 0 1165 1166 1269
2308 2 0 1165 1269 1268
2309 2 0 1166 1167 1270
2310 2 0 1166 1270 1269
2311 2 0 1167 1168 1271
2312 2 0 1167 1271 1270
2313 2 0 1168 1169 1272
2314 2 0 1168 1272 1271
2315 2 0 1169 1170 1273
2316 2 0 1169 1273 1272
2317 2 0 1170 1171 1274
2318 2 0 1170 1274 1273
2319 2 0 1171 1172 1275
2320 2 0 1171 1275 1274
2321 2 0 1172 1173 1276
2322 2 0 1172 1276 1275
2323 2 0 1173 1174 1277
2324 2 0 1173 1277 1276
2325 2 0 1174 1175 1278
2326 2 0 1174 1278 1277
2327 2 0 1175 1176 1279
2328 2 0 1175 1279 1278
2329 2 0 1176 1177 1280
2330 2 0 1176 1280 1279
2331 2 0 1177 1178 1281
2332 2 0 1177 1281 1280
2333 2 0 1178 1179 1282
2334 2 0 1178 1282 1281
2335 2 0 1179 1180 1283
2336 2 0 1179 1283 1282
2337 2 0 1180 1181 1284
2338 2 0 1180 1284 1283
2339 2 0 1181 1182 1285
2340 2 0 1181 1285 1284
2341 2 0 1182 1183 1286
2342 2 0 1182 1286 1285
2343 2 0 1183 1184 1287
2344 2 0 1183 1287 1286
2345 2 0 1184 1185 1288
2346 2 0 1184 1288 1287
2347 2 0 1185 1186 1289
2348 2 0 1185 1289 1288
2349 2 0 1186 1187 1290
2350 2 0 1186 1290 1289
2351 2 0 1187 1188 1291
2352 2 0 1187 1291 1290
2353 2 0 1188 1189 1292
2354 2 0 1188 1292 1291
2355 2 0 1189 1190 1293
2356 2 0 1189 1293 1292
2357 2 0 1190 1191 1294
2358 2 0 1190 1294 1293
2359 2 0 1191 1192 1295
2360 2 0 1191 1295 1294
2361 2 0 1192 1193 1296
2362 2 0 1192 1296 1295
2363 2 0 1193 1194 1297
2364 2 0 1193 1297 1296
2365 2 0 1194 1195 1298
2366 2 0 1194 1298 1297
2367 2 0 1195 1196 1299
2368 2 0 1195 1299 1298
2369 2 0 1196 1197 1300
2370 2 0 1196 1300 1299
2371 2 0 1197 1198 1301
2372 2 0 1197 1301 1300
2373 2 0 1198 1199 1302
2374 2 0 1198 1302 1301
2375 2 0 1199 1200 1303
2376 2 0 1199 1303 1302
2377 2 0 1200 1201 1304
2378 2 0 1200 1304 1303
2379 2 0 1201 1202 1305
2380 2 0 1201 1305 1304
2381 2 0 1202 1203 1306
2382 2 0 1202 1306 1305
2383 2 0 1203 1204 1307
2384 2 0 1203 1307 1306
2385 2 0 1204 1205 1308
2386 2 0 1204 1308 1307
2387 2 0 1205 1206 1309
2388 2 0 1205 1309 1308
2389 2 0 1206 1207 1310
2390 2 0 1206 1310 1309
2391 2 0 1207 1208 1311
2392 2 0 1207 1311 1310
2393 2 0 1208 1209 1312
2394 2 0 1208 1312 1311
2395 2 0 1209 1210 1313
2396 2 0 1209 1313 1312
2397 2 0 1210 1211 1314
2398 2 0 1210 1314 1313
2399 2 0 1211 1212 1315
2400 2 0 1211 1315 1314
2401 2 0 1212 1213 1316
2402 2 0 1212 1316 1315
2403 2 0 1213 1214 1317
2404 2 0 1213 1317 1316
2405 2 0 1214 1215 1318
2406 2 0 1214 1318 1317
2407 2 0 1215 1216 1319
2408 2 0 1215 1319 1318
2409 2 0 1216 1217 1320
2410 2 0 1216 1320 1319
2411 2 0 1217 1218 1321
2412 2 0 1217 1321 1320
2413 2 0 1218 1219 1322
2414 2 0 1218 1322 1321
2415 2 0 1219 1220 1323
2416 2 0 1219 1323 1322
2417 2 0 1220 1221 1324
2418 2 0 1220 1324 1323
2419 2 0 1221 1222 1325
2420 2 0 1221 1325 1324
2421 2 0 1222 1223 1326
2422 2 0 1222 1326 1325
2423 2 0 1223 1224 1327
2424 2 0 1223 1327 1326
2425 2 0 1224 1225 1328
2426 2 0 1224 1328 1327
2427 2 0 1225 1226 1329
2428 2 0 1225 1329 1328
2429 2 0 1226 1227 1330
2430 2 0 1226 1330 1329
2431 2 0 1227 1228 1331
2432 2 0 1227 1331 1330
2433 2 0 1228 1229 1332
2434 2 0 1228 1332 1331
2435 2 0 1229 1230 1333
2436 2 0 1229 1333 1332
2437 2 0 1230 1231 1334
2438 2 0 1230 1334 1333
2439 2 0 1231 1232 1335
2440 2 0 1231 1335 1334
2441 2 0 1232 1233 1336
2442 2 0 1232 1336 1335
2443 2 0 1233 1234 1337
2444 2 0 1233 1337 1336
2445 2 0 1234 1235 1338
2446 2 0 1234 1338 1337
2447 2 0 1235 1236 1339
2448 2 0 1235 1339 1338
2449 2 0 1237 1238 1341
2450 2 0 1237 1341 1340
2451 2 0 1238 1239 1342
2452 2 0 1238 1342 1341
2453 2 0 1239 1240 1343
2454 2 0 1239 1343 1342
2455 2 0 1240 1241 1344
2456 2 0 1240 1344 1343
2457 2 0 1241 1242 1345
2458 2 0 1241 1345 1344
2459 2 0 1242 1243 1346
2460 2 0 1242 1346 1345
2461 2 0 1243 1244 1347
2462 2 0 1243 1347 1346
2463 2 0 1244 1245 1348
2464 2 0 1244 1348 1347
2465 2 0 1245 1246 1349
2466 2 0 1245 1349 1348
2467 2 0 1246 1247 1350
2468 2 0 1246 1350 1349
2469 2 0 1247 1248 1351
2470 2 0 1247 1351 1350
2471 2 0 1248 1249 1352
2472 2 0 1248 1352 1351
2473 2 0 1249 1250 1353
2474 2 0 1249 1353 1352
2475 2 0 1250 1251 1354
2476 2 0 1250 1354 1353
2477 2 0 1251 1252 1355
2478 2 0 1251 1355 1354
2479 2 0 1252 1253 1356
2480 2 0 1252 1356 1355
2481 2 0 1253 1254 1357
2482 2 0 1253 1357 1356
2483 2 0 1254 1255 1358
2484 2 0 1254 1358 1357
2485 2 0 1255 1256 1359
2486 2 0 1255 1359 1358
2487 2 0 1256 1257 1360
2488 2 0 1256 1360 1359
2489 2 0 1257 1258 1361
2490 2 0 1257 1361 1360
2491 2 0 1258 1259 1362
2492 2 0 1258 1362 1361
2493 2 0 1259 1260 1363
2494 2 0 1259 1363 1362
2495 2 0 1260 1261 1364
2496 2 0 1260 1364 1363
2497 2 0 1261 1262 1365
2498 2 0 1261 1365 1364
2499 2 0 1262 1263 1366
2500 2 0 1262 1366 1365
2501 2 0 1263 1264 1367
2502 2 0 1263 1367 1366
2503 2 0 1264 1265 1368
2504 2 0 1264 1368 1367
2505 2 0 1265 1266 1369
2506 2 0 1265 1369 1368
2507 2 0 1266 1267 1370
2508 2 0 1266 1370 1369
2509 2 0 1267 1268 1371
2510 2 0 1267 1371 1370
2511 2 0 1268 1269 1372
2512 2 0 1268 1372 1371
2513 2 0 1269 1270 1373
2514 2 0 1269 1373 1372
2515 2 0 1270 1271 1374
2516 2 0 1270 1374 1373
2517 2 0 1271 1272 1375
2518 2 0 1271 1375 1374
2519 2 0 1272 1273 1376
2520 2 0 1272 1376 1375
2521 2 0 1273 1274 1377
2522 2 0 1273 1377 1376
2523 2 0 1274 1275 1378
2524 2 0 1274 1378 1377
2525 2 0 1275 1276 1379
2526 2 0 1275 1379 1378
2527 2 0 1276 1277 1380
2528 2 0 1276 1380 1379
2529 2 0 1277 1278 1381
2530 2 0 1277 1381 1380
2531 2 0 1278 1279 1382
2532 2 0 1278 1382 1381
2533 2 0 1279 1280 1383
2534 2 0 1279 1383 1382
2535 2 0 1280 1281 1384
2536 2 0 1280 1384 1383
2537 2 0 1281 1282 1385
2538 2 0 1281 1385 1384
2539 2 0 1282 1283 1386
2540 2 0 1282 1386 1385
2541 2 0 1283 1284 1387
2542 2 0 1283 1387 1386
2543 2 0 1284 1285 1388
2544 2 0 1284 1388 1387
2545 2 0 1285 1286 1389
2546 2 0 1285 1389 1388
2547 2 0 1286 1287 1390
2548 2 0 1286 1390 1389
2549 2 0 1287 1288 1391
2550 2 0 1287 1391 1390
2551 2 0 1288 1289 1392
2552 2 0 1288 1392 1391
2553 2 0 1289 1290 1393
2554 2 0 1289 1393 1392
2555 2 0 1290 1291 1394
2556 2 0 1290 1394 1393
2557 2 0 1291 1292 1395
2558 2 0 1291 1395 1394
2559 2 0 1292 1293 1396
2560 2 0 1292 1396 1395
2561 2 0 1293 1294 1397
2562 2 0 1293 1397 1396
2563 2 0 1294 1295 1398
2564 2 0 1294 1398 1397
2565 2 0 1295 1296 1399
2566 2 0 1295 1399 1398
2567 2 0 1296 1297 1400
2568 2 0 1296 1400 1399
2569 2 0 1297 1298 1401
2570 2 0 1297 1401 1400
2571 2 0 1298 1299 1402
2572 2 0 1298 1402 1401
2573 2 0 1299 1300 1403
2574 2 0 1299 1403 1402
2575 2 0 1300 1301 1404
2576 2 0 1300 1404 1403
2577 2 0 1301 1302 1405
2578 2 0 1301 1405 1404
2579 2 0 1302 1303 1406
2580 2 0 1302 1406 1405
2581 2 0 1303 1304 1407
2582 2 0 1303 1407 1406
2583 2 0 1304 1305 1408
2584 2 0 1304 1408 1407
2585 2 0 1305 1306 1409
2586 2 0 1305 1409 1408
2587 2 0 1306 1307 1410
2588 2 0 1306 1410 1409
2589 2 0 1307 1308 1411
2590 2 0 1307 1411 1410
2591 2 0 1308 1309 1412
2592 2 0 1308 1412 1411
2593 2 0 1309 1310 1413
2594 2 0 1309 1413 1412
2595 2 0 1310 1311 1414
2596 2 0 1310 1414 1413
2597 2 0 1311 1312 1415
2598 2 0 1311 1415 1414
2599 2 0 1312 1313 1416
2600 2 0 1312 1416 1415
2601 2 0 1313 1314 1417
2602 2 0 1313 1417 1416
2603 2 0 1314 1315 1418
2604 2 0 1314 1418 1417
2605 2 0 1315 1316 1419
2606 2 0 1315 1419 1418
2607 2 0 1316 1317 1420
2608 2 0 1316 1420 1419
2609 2 0 1317 1318 1421
2610 2 0 1317 1421 1420
2611 2 0 1318 1319 1422
2612 2 0 1318 1422 1421
2613 2 0 1319 1320 1423
2614 2 0 1319 1423 1422
2615 2 0 1320 1321 1424
2616 2 0 1320 1424 1423
2617 2 0 1321 1322 1425
2618 2 0 1321 1425 1424
2619 2 0 1322 1323 1426
2620 2 0 1322 1426 1425
2621 2 0 1323 1324 1427
2622 2 0 1323 1427 1426
2623 2 0 1324 1325 1428
2624 2 0 1324 1428 1427
2625 2 0 1325 1326 1429
2626 2 0 1325 1429 1428
2627 2 0 1326 1327 1430
2628 2 0 1326 1430 1429
2629 2 0 1327 1328 1431
2630 2 0 1327 1431 1430
2631 2 0 1328 1329 1432
2632 2 0 1328 1432 1431
2633 2 0 1329 1330 1433
2634 2 0 1329 1433 1432
2635 2 0 1330 1331 1434
2636 2 0 1330 1434 1433
2637 2 0 1331 1332 1435
2638 2 0 1331 1435 1434
2639 2 0 1332 1333 1436
2640 2 0 1332 1436 1435
2641 2 0 1333 1334 1437
2642 2 0 1333 1437 1436
2643 2 0 1334 1335 1438
2644 2 0 1334 1438 1437
2645 2 0 1335 1336 1439
2646 2 0 1335 1439 1438
2647 2 0 1336 1337 1440
2648 2 0 1336 1440 1439
2649 2 0 1337 1338 1441
2650 2 0 1337 1441 1440
2651 2 0 1338 1339 1442
2652 2 0 1338 1442 1441
2653 2 0 1340 1341 1444
2654 2 0 1340 1444 1443
2655 2 0 1341 1342 1445
2656 2 0 1341 1445 1444
2657 2 0 1342 1343 1446
2658 2 0 1342 1446 1445
2659 2 0 1343 1344 1447
2660 2 0 1343 1447 1446
2661 2 0 1344 1345 1448
2662 2 0 1344 1448 1447
2663 2 0 1345 1346 1449
2664 2 0 1345 1449 1448
2665 2 0 1346 1347 1450
2666 2 0 1346 1450 1449
2667 2 0 1347 1348 1451
2668 2 0 1347 1451 1450
2669 2 0 1348 1349 1452
2670 2 0 1348 1452 1451
2671 2 0 1349 1350 1453
2672 2 0 1349 1453 1452
2673 2 0 1350 1351 1454
2674 2 0 1350 1454 1453
2675 2 0 1351 1352 1455
2676 2 0 1351 1455 1454
2677 2 0 1352 1353 1456
2678 2 0 1352 1456 1455
2679 2 0 1353 1354 1457
2680 2 0 1353 1457 1456
2681 2 0 1354 1355 1458
2682 2 0 1354 1458 1457
2683 2 0 1355 1356 1459
2684 2 0 1355 1459 1458
2685 2 0 1356 1357 1460
2686 2 0 1356 1460 1459
2687 2 0 1357 1358 1461
2688 2 0 1357 1461 1460
2689 2 0 1358 1359 1462
2690 2 0 1358 1462 1461
2691 2 0 1359 1360 1463
2692 2 0 1359 1463 1462
2693 2 0 1360 1361 1464
2694 2 0 1360 1464 1463
2695 2 0 1361 1362 1465
2696 2 0 1361 1465 1464
2697 2 0 1362 1363 1466
2698 2 0 1362 1466 1465
2699 2 0 1363 1364 1467
2700 2 0 1363 1467 1466
2701 2 0 1364 1365 1468
2702 2 0 1364 1468 1467
2703 2 0 1365 1366 1469
2704 2 0 1365 1469 1468
2705 2 0 1366 1367 1470
2706 2 0 1366 1470 1469
2707 2 0 1367 1368 1471
2708 2 0 1367 1471 1470
2709 2 0 1368 1369 1472
2710 2 0 1368 1472 1471
2711 2 0 1369 1370 1473
2712 2 0 1369 1473 1472
2713 2 0 1370 1371 1474
2714 2 0 1370 1474 1473
2715 2 0 1371 1372 1475
2716 2 0 1371 1475 1474
2717 2 0 1372 1373 1476
2718 2 0 1372 1476 1475
2719 2 0 1373 1374 1477
2720 2 0 1373 1477 1476
2721 2 0 1374 1375 1478
2722 2 0 1374 1478 1477
2723 2 0 1375 1376 1479
2724 2 0 1375 1479 1478
2725 2 0 1376 1377 1480
2726 2 0 1376 1480 1479
2727 2 0 1377 1378 1481
2728 2 0 1377 1481 1480
2729 2 0 1378 1379 1482
2730 2 0 1378 1482 1481
2731 2 0 1379 1380 1483
2732 2 0 1379 1483 1482
2733 2 0 1380 1381 1484
2734 2 0 1380 1484 1483
2735 2 0 1381 1382 1485
2736 2 0 1381 1485 1484
2737 2 0 1382 1383 1486
2738 2 0 1382 1486 1485
2739 2 0 1383 1384 1487
2740 2 0 1383 1487 1486
2741 2 0 1384 1385 1488
2742 2 0 1384 1488 1487
2743 2 0 1385 1386 1489
2744 2 0 1385 1489 1488
2745 2 0 1386 1387 1490
2746 2 0 1386 1490 1489
2747 2 0 1387 1388 1491
2748 2 0 1387 1491 1490
2749 2 0 1388 1389 1492
2750 2 0 1388 1492 1491
2751 2 0 1389 1390 1493
2752 2 0 1389 1493 1492
2753 2 0 1390 1391 1494
2754 2 0 1390 1494 1493
2755 2 0 1391 1392 1495
2756 2 0 1391 1495 1494
2757 2 0 1392 1393 1496
2758 2 0 1392 1496 1495
2759 2 0 1393 1394 1497
2760 2 0 1393 1497 1496
2761 2 0 1394 1395 1498
2762 2 0 1394 1498 1497
2763 2 0 1395 1396 1499
2764 2 0 1395 1499 1498
2765 2 0 1396 1397 1500
2766 2 0 1396 1500 1499
2767 2 0 1397 1398 1501
2768 2 0 1397 1501 1500
2769 2 0 1398 1399 1502
2770 2 0 1398 1502 1501
2771 2 0 1399 1400 1503
2772 2 0 1399 1503 1502
2773 2 0 1400 1401 1504
2774 2 0 1400 1504 1503
2775 2 0 1401 1402 1505
2776 2 0 1401 1505 1504
2777 2 0 1402 1403 1506
2778 2 0 1402 1506 1505
2779 2 0 1403 1404 1507
2780 2 0 1403 1507 1506
2781 2 0 1404 1405 1508
2782 2 0 1404 1508 1507
2783 2 0 1405 1406 1509
2784 2 0 1405 1509 1508
2785 2 0 1406 1407 1510
2786 2 0 1406 1510 1509
2787 2 0 1407 1408 1511
2788 2 0 1407 1511 1510
2789 2 0 1408 1409 1512
2790 2 0 1408 1512 1511
2791 2 0 1409 1410 1513
2792 2 0 1409 1513 1512
2793 2 0 1410 1411 1514
2794 2 0 1410 1514 1513
2795 2 0 1411 1412 1515
2796 2 0 1411 1515 1514
2797 2 0 1412 1413 1516
2798 2 0 1412 1516 1515
2799 2 0 1413 1414 1517
2800 2 0 1413 1517 1516
2801 2 0 1414 1415 1518
2802 2 0 1414 1518 1517
2803 2 0 1415 1416 1519
2804 2 0 1415 1519 1518
2805 2 0 1416 1417 1520
2806 2 0 1416 1520 1519
2807 2 0 1417 1418 1521
2808 2 0 1417 1521 1520
2809 2 0 1418 1419 1522
2810 2 0 1418 1522 1521
2811 2 0 1419 1420 1523
2812 2 0 1419 1523 1522
2813 2 0 1420 1421 1524
2814 2 0 1420 1524 1523
2815 2 0 1421 1422 1525
2816 2 0 1421 1525 1524
2817 2 0 1422 1423 1526
2818 2 0 1422 1526 1525
2819 2 0 1423 1424 1527
2820 2 0 1423 1527 1526
2821 2 0 1424 1425 1528
2822 2 0 1424 1528 1527
2823 2 0 1425 1426 1529
2824 2 0 1425 1529 1528
2825 2 0 1426 1427 1530
2826 2 0 1426 1530 1529
2827 2 0 1427 1428 1531
2828 2 0 1427 1531 1530
2829 2 0 1428 1429 1532
2830 2 0 1428 1532 1531
2831 2 0 1429 1430 1533
2832 2 0 1429 1533 1532
2833 2 0 1430 1431 1534
2834 2 0 1430 1534 1533
2835 2 0 1431 1432 1535
2836 2 0 1431 1535 1534
2837 2 0 1432 1433 1536
2838 2 0 1432 1536 1535
2839 2 0 1433 1434 1537
2840 2 0 1433 1537 1536
2841 2 0 1434 1435 1538
2842 2 0 1434 1538 1537
2843 2 0 1435 1436 1539
2844 2 0 1435 1539 1538
2845 2 0 1436 1437 1540
2846 2 0 1436 1540 1539
2847 2 0 1437 1438 1541
2848 2 0 1437 1541 1540
2849 2 0 1438 1439 1542
2850 2 0 1438 1542 1541
2851 2 0 1439 1440 1543
2852 2 0 1439 1543 1542
2853 2 0 1440 1441 1544
2854 2 0 1440 1544 1543
2855 2 0 1441 1442 1545
2856 2 0 1441 1545 1544
2857 2 0 1443 1444 1547
2858 2 0 1443 1547 1546
2859 2 0 1444 1445 1548
2860 2 0 1444 1548 1547
2861 2 0 1445 1446 1549
2862 2 0 1445 1549 1548
2863 2 0 1446 1447 1550
2864 2 0 1446 1550 1549
2865 2 0 1447 1448 1551
2866 2 0 1447 1551 1550
2867 2 0 1448 1449 1552
2868 2 0 1448 1552 1551
2869 2 0 1449 1450 1553
2870 2 0 1449 1553 1552
2871 2 0 1450 1451 1554
2872 2 0 1450 1554 1553
2873 2 0 1451 1452 1555
2874 2 0 1451 1555 1554
2875 2 0 1452 1453 1556
2876 2 0 1452 1556 1555
2877 2 0 1453 1454 1557
2878 2 0 1453 1557 1556
2879 2 0 1454 1455 1558
2880 2 0 1454 1558 1557
2881 2 0 1455 1456 1559
2882 2 0 1455 1559 1558
2883 2 0 1456 1457 1560
2884 2 0 1456 1560 1559
2885 2 0 1457 1458 1561
2886 2 0 1457 1561 1560
2887 2 0 1458 1459 1562
2888 2 0 1458 1562 1561
2889 2 0 1459 1460 1563
2890 2 0 1459 1563 1562
2891 2 0 1460 1461 1564
2892 2 0 1460 1564 1563
2893 2 0 1461 1462 1565
2894 2 0 1461 1565 1564
2895 2 0 1462 1463 1566
2896 2 0 1462 1566 1565
2897 2 0 1463 1464 1567
2898 2 0 1463 1567 1566
2899 2 0 1464 1465 1568
2900 2 0 1464 1568 1567
2901 2 0 1465 1466 1569
2902 2 0 1465 1569 1568
2903 2 0 1466 1467 1570
2904 2 0 1466 1570 1569
2905 2 0 1467 1468 1571
2906 2 0 1467 1571 1570
2907 2 0 1468 1469 1572
2908 2 0 1468 1572 1571
2909 2 0 1469 1470 1573
2910 2 0 1469 1573 1572
2911 2 0 1470 1471 1574
2912 2 0 1470 1574 1573
2913 2 0 1471 1472 1575
2914 2 0 1471 1575 1574
2915 2 0 1472 1473 1576
2916 2 0 1472 1576 1575
2917 2 0 1473 1474 1577
2918 2 0 1473 1577 1576
2919 2 0 1474 1475 1578
2920 2 0 1474 1578 1577
2921 2 0 1475 1476 1579
2922 2 0 1475 1579 1578
2923 2 0 1476 1477 1580
2924 2 0 1476 1580 1579
2925 2 0 1477 1478 1581
2926 2 0 1477 1581 1580
2927 2 0 1478 1479 1582
2928 2 0 1478 1582 1581
2929 2 0 1479 1480 1583
2930 2 0 1479 1583 1582
2931 2 0 1480 1481 1584
2932 2 0 1480 1584 1583
2933 2 0 1481 1482 1585
2934 2 0 1481 1585 1584
2935 2 0 1482 1483 1586
2936 2 0 1482 1586 1585
2937 2 0 1483 1484 1587
2938 2 0 1483 1587 1586
2939 2 0 1484 1485 1588
2940 2 0 1484 1588 1587
2941 2 0 1485 1486 1589
2942 2 0 1485 1589 1588
2943 2 0 1486 1487 1590
2944 2 0 1486 1590 1589
2945 2 0 1487 1488 1591
2946 2 0 1487 1591 1590
2947 2 0 1488 1489 1592
2948 2 0 1488 1592 1591
2949 2 0 1489 1490 1593
2950 2 0 1489 1593 1592
2951 2 0 1490 1491 1594
2952 2 0 1490 1594 1593
2953 2 0 1491 1492 1595
2954 2 0 1491 1595 1594
2955 2 0 1492 1493 1596
2956 2 0 1492 1596 1595
2957 2 0 1493 1494 1597
2958 2 0 1493 1597 1596
2959 2 0 1494 1495 1598
2960 2 0 1494 1598 1597
2961 2 0 1495 1496 1599
2962 2 0 1495 1599 1598
2963 2 0 1496 1497 1600
2964 2 0 1496 1600 1599
2965 2 0 1497 1498 1601
2966 2 0 1497 1601 1600
2967 2 0 1498 1499 1602
2968 2 0 1498 1602 1601
2969 2 0 1499 1500 1603
2970 2 0 1499 1603 1602
2971 2 0 1500 1501 1604
2972 2 0 1500 1604 1603
2973 2 0 1501 1502 1605
2974 2 0 1501 1605 1604
2975 2 0 1502 1503 1606
2976 2 0 1502 1606 1605
2977 2 0 1503 1504 1607
2978 2 0 1503 1607 1606
2979 2 0 1504 1505 1608
2980 2 0 1504 1608 1607
2981 2 0 1505 1506 1609
2982 2 0 1505 1609 1608
2983 2 0 1506 1507 1610
2984 2 0 1506 1610 1609
2985 2 0 1507 1508 1611
2986 2 0 1507 1611 1610
2987 2 0 1508 1509 1612
2988 2 0 1508 1612 1611
2989 2 0 1509 1510 1613
2990 2 0 1509 1613 1612
2991 2 0 1510 1511 1614
2992 2 0 1510 1614 1613
2993 2 0 1511 1512 1615
2994 2 0 1511 1615 1614
2995 2 0 1512 1513 1616
2996 2 0 1512 1616 1615
2997 2 0 1513 1514 1617
2998 2 0 1513 1617 1616
2999 2 0 1514 1515 1618
3000 2 0 1514 1618 1617
3001 2 0 1515 1516 1619
3002 2 0 1515 1619 1618
3003 2 0 1516 1517 1620
3004 2 0 1516 1620 1619
3005 2 0 1517 1518 1621
3006 2 0 1517 1621 1620
3007 2 0 1518 1519 1622
3008 2 0 1518 1622 1621
3009 2 0 1519 1520 1623
3010 2 0 1519 1623 1622
3011 2 0 1520 1521 1624
3012 2 0 1520 1624 1623
3013 2 0 1521 1522 1625
3014 2 0 1521 1625 1624
3015 2 0 1522 1523 1626
3016 2 0 1522 1626 1625
3017 2 0 1523 1524 1627
3018 2 0 1523 1627 1626
3019 2 0 1524 1525 1628
3020 2 0 1524 1628 1627
3021 2 0 1525 1526 1629
3022 2 0 1525 1629 1628
3023 2 0 1526 1527 1630
3024 2 0 1526 1630 1629
3025 2 0 1527 1528 1631
3026 2 0 1527 1631 1630
3027 2 0 1528 1529 1632
3028 2 0 1528 1632 1631
3029 2 0 1529 1530 1633
3030 2 0 1529 1633 1632
3031 2 0 1530 1531 1634
3032 2 0 1530 1634 1633
3033 2 0 1531 1532 1635
3034 2 0 1531 1635 1634
3035 2 0 1532 1533 1636
3036 2 0 1532 1636 1635
3037 2 0 1533 1534 1637
3038 2 0 1533 1637 1636
3039 2 0 1534 1535 1638
3040 2 0 1534 1638 1637
3041 2 0 1535 1536 1639
3042 2 0 1535 1639 1638
3043 2 0 1536 1537 1640
3044 2 0 1536 1640 1639
3045 2 0 1537 1538 1641
3046 2 0 1537 1641 1640
3047 2 0 1538 1539 1642
3048 2 0 1538 1642 1641
3049 2 0 1539 1540 1643
3050 2 0 1539 1643 1642
3051 2 0 1540 1541 1644
3052 2 0 1540 1644 1643
3053 2 0 1541 1542 1645
3054 2 0 1541 1645 1644
3055 2 0 1542 1543 1646
3056 2 0 1542 1646 1645
3057 2 0 1543 1544 1647
3058 2 0 1543 1647 1646
3059 2 0 1544 1545 1648
3060 2 0 1544 1648 1647
3061 2 0 1546 1547 1650
3062 2 0 1546 1650 1649
3063 2 0 1547 1548 1651
3064 2 0 1547 1651 1650
3065 2 0 1548 1549 1652
3066 2 0 1548 1652 1651
3067 2 0 1549 1550 1653
3068 2 0 1549 1653 1652
3069 2 0 1550 1551 1654
3070 2 0 1550 1654 1653
3071 2 0 1551 1552 1655
3072 2 0 1551 1655 1654
3073 2 0 1552 1553 1656
3074 2 0 1552 1656 1655
3075 2 0 1553 1554 1657
3076 2 0 1553 1657 1656
3077 2 0 1554 1555 1658
3078 2 0 1554 1658 1657
3079 2 0 1555 1556 1659
3080 2 0 1555 1659 1658
3081 2 0 1556 1557 1660
3082 2 0 1556 1660 1659
3083 2 0 1557 1558 1661
3084 2 0 1557 1661 1660
3085 2 0 1558 1559 1662
3086 2 0 1558 1662 1661
3087 2 0 1559 1560 1663
3088 2 0 1559 1663 1662
3089 2 0 1560 1561 1664
3090 2 0 1560 1664 1663
3091 2 0 1561 1562 1665
3092 2 0 1561 1665 1664
3093 2 0 1562 1563 1666
3094 2 0 1562 1666 1665
3095 2 0 1563 1564 1667
3096 2 0 1563 1667 1666
3097 2 0 1564 1565 1668
3098 2 0 1564 1668 1667
3099 2 0 1565 1566 1669
3100 2 0 1565 1669 1668
3101 2 0 1566 1567 1670
3102 2 0 1566 1670 1669
3103 2 0 1567 1568 1671
3104 2 0 1567 1671 1670
3105 2 0 1568 1569 1672
3106 2 0 1568 1672 1671
3107 2 0 1569 1570 1673
3108 2 0 1569 1673 1672
3109 2 0 1570 1571 1674
3110 2 0 1570 1674 1673
3111 2 0 1571 1572 1675
3112 2 0 1571 1675 1674
3113 2 0 1572 1573 1676
3114 2 0 1572 1676 1675
3115 2 0 1573 1574 1677
3116 2 0 1573 1677 1676
3117 2 0 1574 1575 1678
3118 2 0 1574 1678 1677
3119 2 0 1575 1576 1679
3120 2 0 1575 1679 1678
3121 2 0 1576 1577 1680
3122 2 0 1576 1680 1679
3123 2 0 1577 1578 1681
3124 2 0 1577 1681 1680
3125 2 0 1578 1579 1682
3126 2 0 1578 1682 1681
3127 2 0 1579 1580 1683
3128 2 0 1579 1683 1682
3129 2 0 1580 1581 1684
3130 2 0 1580 1684 1683
3131 2 0 1581 1582 1685
3132 2 0 1581 1685 1684
3133 2 0 1582 1583 1686
3134 2 0 1582 1686 1685
3135 2 0 1583 1584 1687
3136 2 0 1583 1687 1686
3137 2 0 1584 1585 1688
3138 2 0 1584 1688 1687
3139 2 0 1585 1586 1689
3140 2 0 1585 1689 1688
3141 2 0 1586 1587 1690
3142 2 0 1586 1690 1689
3143 2 0 1587 1588 1691
3144 2 0 1587 1691 1690
3145 2 0 1588 1589 1692
3146 2 0 1588 1692 1691
3147 2 0 1589 1590 1693
3148 2 0 1589 1693 1692
3149 2 0 1590 1591 1694
3150 2 0 1590 1694 1693
3151 2 0 1591 1592 1695
3152 2 0 1591 1695 1694
3153 2 0 1592 1593 1696
3154 2 0 1592 1696 1695
3155 2 0 1593 1594 1697
3156 2 0 1593 1697 1696
3157 2 0 1594 1595 1698
3158 2 0 1594 1698 1697
3159 2 0 1595 1596 1699
3160 2 0 1595 1699 1698
3161 2 0 1596 1597 1700
3162 2 0 1596 1700 1699
3163 2 0 1597 1598 1701
3164 2 0 1597 1701 1700
3165 2 0 1598 1599 1702
3166 2 0 1598 1702 1701
3167 2 0 1599 1600 1703
3168 2 0 1599 1703 1702
3169 2 0 1600 1601 1704
3170 2 0 1600 1704 1703
3171 2 0 1601 1602 1705
3172 2 0 1601 1705 1704
3173 2 0 1602 1603 1706
3174 2 0 1602 1706 1705
3175 2 0 1603 1604 1707
3176 2 0 1603 1707 1706
3177 2 0 1604 1605 1708
3178 2 0 1604 1708 1707
3179 2 0 1605 1606 1709
3180 2 0 1605 1709 1708
3181 2 0 1606 1607 1710
3182 2 0 1606 1710 1709
3183 2 0 1607 1608 1711
3184 2 0 1607 1711 1710
3185 2 0 1608 1609 1712
3186 2 0 1608 1712 1711
3187 2 0 1609 1610 1713
3188 2 0 1609 1713 1712
3189 2 0 1610 1611 1714
3190 2 0 1610 1714 1713
3191 2 0 1611 1612 1715
3192 2 0 1611 1715 1714
3193 2 0 1612 1613 1716
3194 2 0 1612 1716 1715
3195 2 0 1613 1614 1717
3196 2 0 1613 1717 1716
3197 2 0 1614 1615 1718
3198 2 0 1614 1718 1717
3199 2 0 1615 1616 1719
3200 2 0 1615 1719 1718
3201 2 0 1616 1617 1720
3202 2 0 1616 1720 1719
3203 2 0 1617 1618 1721
3204 2 0 1617 1721 1720
3205 2 0 1618 1619 1722
3206 2 0 1618 1722 1721
3207 2 0 1619 1620 1723
3208 2 0 1619 1723 1722
3209 2 0 1620 1621 1724
3210 2 0 1620 1724 1723
3211 2 0 1621 1622 1725
3212 2 0 1621 1725 1724
3213 2 0 1622 1623 1726
3214 2 0 1622 1726 1725
3215 2 0 1623 1624 1727
3216 2 0 1623 1727 1726
3217 2 0 1624 1625 1728
3218 2 0 1624 1728 1727
3219 2 0 1625 1626 1729
3220 2 0 1625 1729 1728
3221 2 0 1626 1627 1730
3222 2 0 1626 1730 1729
3223 2 0 1627 1628 1731
3224 2 0 1627 1731 1730
3225 2 0 1628 1629 1732
3226 2 0 1628 1732 1731
3227 2 0 1629 1630 1733
3228 2 0 1629 1733 1732
3229 2 0 1630 1631 1734
3230 2 0 1630 1734 1733
3231 2 0 1631 1632 1735
3232 2 0 1631 1735 1734
3233 2 0 1632 1633 1736
3234 2 0 1632 1736 1735
3235 2 0 1633 1634 1737
3236 2 0 1633 1737 1736
3237 2 0 1634 1635 1738
3238 2 0 1634 1738 1737
3239 2 0 1635 1636 1739
3240 2 0 1635 1739 1738
3241 2 0 1636 1637 1740
3242 2 0 1636 1740 1739
3243 2 0 1637 1638 1741
3244 2 0 1637 1741 1740
3245 2 0 1638 1639 1742
3246 2 0 1638 1742 1741
3247 2 0 1639 1640 1743
3248 2 0 1639 1743 1742
3249 2 0 1640 1641 1744
3250 2 0 1640 1744 1743
3251 2 0 1641 1642 1745
3252 2 0 1641 1745 1744
3253 2 0 1642 1643 1746
3254 2 0 1642 1746 1745
3255 2 0 1643 1644 1747
3256 2 0 1643 1747 1746
3257 2 0 1644 1645 1748
3258 2 0 1644 1748 1747
3259 2 0 1645 1646 1749
3260 2 0 1645 1749 1748
3261 2 0 1646 1647 1750
3262 2 0 1646 1750 1749
3263 2 0 1647 1648 1751
3264 2 0 1647 1751 1750
3265 2 0 1649 1650 1753
3266 2 0 1649 1753 1752
3267 2 0 1650 1651 1754
3268 2 0 1650 1754 1753
3269 2 0 1651 1652 1755
3270 2 0 1651 1755 1754
3271 2 0 1652 1653 1756
3272 2 0 1652 1756 1755
3273 2 0 1653 1654 1757
3274 2 0 1653 1757 1756
3275 2 0 1654 1655 1758
3276 2 0 1654 1758 1757
3277 2 0 1655 1656 1759
3278 2 0 1655 1759 1758
3279 2 0 1656 1657 1760
3280 2 0 1656 1760 1759
3281 2 0 1657 1658 1761
3282 2 0 1657 1761 1760
3283 2 0 1658 1659 1762
3284 2 0 1658 1762 1761
3285 2 0 1659 1660 1763
3286 2 0 1659 1763 1762
3287 2 0 1660 1661 1764
3288 2 0 1660 1764 1763
3289 2 0 1661 1662 1765
3290 2 0 1661 1765 1764
3291 2 0 1662 1663 1766
3292 2 0 1662 1766 1765
3293 2 0 1663 1664 1767
3294 2 0 1663 1767 1766
3295 2 0 1664 1665 1768
3296 2 0 1664 1768 1767
3297 2 0 1665 1666 1769
3298 2 0 1665 1769 1768
3299 2 0 1666 1667 1770
3300 2 0 1666 1770 1769
3301 2 0 1667 1668 1771
3302 2 0 1667 1771 1770
3303 2 0 1668 1669 1772
3304 2 0 1668 1772 1771
3305 2 0 1669 1670 1773
3306 2 0 1669 1773 1772
3307 2 0 1670 1671 1774
3308 2 0 1670 1774 1773
3309 2 0 1671 1672 1775
3310 2 0 1671 1775 1774
3311 2 0 1672 1673 1776
3312 2 0 1672 1776 1775
3313 2 0 1673 1674 1777
3314 2 0 1673 1777 1776
3315 2 0 1674 1675 1778
3316 2 0 1674 1778 1777
3317 2 0 1675 1676 1779
3318 2 0 1675 1779 1778
3319 2 0 1676 1677 1780
3320 2 0 1676 1780 1779
3321 2 0 1677 1678 1781
3322 2 0 1677 1781 1780
3323 2 0 1678 1679 1782
3324 2 0 1678 1782 1781
3325 2 0 1679 1680 1783
3326 2 0 1679 1783 1782
3327 2 0 1680 1681 1784
3328 2 0 1680 1784 1783
3329 2 0 1681 1682 1785
3330 2 0 1681 1785 1784
3331 2 0 1682 1683 1786
3332 2 0 1682 1786 1785
3333 2 0 1683 1684 1787
3334 2 0 1683 1787 1786
3335 2 0 1684 1685 1788
3336 2 0 1684 1788 1787
3337 2 0 1685 1686 1789
3338 2 0 1685 1789 1788
3339 2 0 1686 1687 1790
3340 2 0 1686 1790 1789
3341 2 0 1687 1688 1791
3342 2 0 1687 1791 1790
3343 2 0 1688 1689 1792
3344 2 0 1688 1792 1791
3345 2 0 1689 1690 1793
3346 2 0 1689 1793 1792
3347 2 0 1690 1691 1794
3348 2 0 1690 1794 1793
3349 2 0 1691 1692 1795
3350 2 0 1691 1795 1794
3351 2 0 1692 1693 1796
3352 2 0 1692 1796 1795
3353 2 0 1693 1694 1797
3354 2 0 1693 1797 1796
3355 2 0 1694 1695 1798
3356 2 0 1694 1798 1797
3357 2 0 1695 1696 1799
3358 2 0 1695 1799 1798
3359 2 0 1696 1697 1800
3360 2 0 1696 1800 1799
3361 2 0 1697 1698 1801
3362 2 0 1697 1801 1800
3363 2 0 1698 1699 1802
3364 2 0 1698 1802 1801
3365 2 0 1699 1700 1803
3366 2 0 1699 1803 1802
3367 2 0 1700 1701 1804
3368 2 0 1700 1804 1803
3369 2 0 1701 1702 1805
3370 2 0 1701 1805 1804
3371 2 0 1702 1703 1806
3372 2 0 1702 1806 1805
3373 2 0 1703 1704 1807
3374 2 0 1703 1807 1806
3375 2 0 1704 1705 1808
3376 2 0 1704 1808 1807
3377 2 0 1705 1706 1809
3378 2 0 1705 1809 1808
3379 2 0 1706 1707 1810
3380 2 0 1706 1810 1809
3381 2 0 1707 1708 1811
3382 2 0 1707 1811 1810
3383 2 0 1708 1709 1812
3384 2 0 1708 1812 1811
3385 2 0 1709 1710 1813
3386 2 0 1709 1813 1812
3387 2 0 1710 1711 1814
3388 2 0 1710 1814 1813
3389 2 0 1711 1712 1815
3390 2 0 1711 1815 1814
3391 2 0 1712 1713 1816
3392 2 0 1712 1816 1815
3393 2 0 1713 1714 1817
3394 2 0 1713 1817 1816
3395 2 0 1714 1715 1818
3396 2 0 1714 1818 1817
3397 2 0 1715 1716 1819
3398 2 0 1715 1819 1818
3399 2 0 1716 1717 1820
3400 2 0 1716 1820 1819
3401 2 0 1717 1718 1821
3402 2 0 1717 1821 1820
3403 2 0 1718 1719 1822
3404 2 0 1718 1822 1821
3405 2 0 1719 1720 1823
3406 2 0 1719 1823 1822
3407 2 0 1720 1721 1824
3408 2 0 1720 1824 1823
3409 2 0 1721 1722 1825
3410 2 0 1721 1825 1824
3411 2 0 1722 1723 1826
3412 2 0 1722 1826 1825
3413 2 0 1723 1724 1827
3414 2 0 1723 1827 1826
3415 2 0 1724 1725 1828
3416 2 0 1724 1828 1827
3417 2 0 1725 1726 1829
3418 2 0 1725 1829 1828
3419 2 0 1726 1727 1830
3420 2 0 1726 1830 1829
3421 2 0 1727 1728 1831
3422 2 0 1727 1831 1830
3423 2 0 1728 1729 1832
3424 2 0 1728 1832 1831
3425 2 0 1729 1730 1833
3426 2 0 1729 1833 1832
3427 2 0 1730 1731 1834
3428 2 0 1730 1834 1833
3429 2 0 1731 1732 1835
3430 2 0 1731 1835 1834
3431 2 0 1732 1733 1836
3432 2 0 1732 1836 1835
3433 2 0 1733 1734 1837
3434 2 0 1733 1837 1836
3435 2 0 1734 1735 1838
3436 2 0 1734 1838 1837
3437 2 0 1735 1736 1839
3438 2 0 1735 1839 1838
3439 2 0 1736 1737 1840
3440 2 0 1736 1840 1839
3441 2 0 1737 1738 1841
3442 2 0 1737 1841 1840
3443 2 0 1738 1739 1842
3444 2 0 1738 1842 1841
3445 2 0 1739 1740 1843
3446 2 0 1739 1843 1842
3447 2 0 1740 1741 1844
3448 2 0 1740 1844 1843
3449 2 0 1741 1742 1845
3450 2 0 1741 1845 1844
3451 2 0 1742 1743 1846
3452 2 0 1742 1846 1845
3453 2 0 1743 1744 1847
3454 2 0 1743 1847 1846
3455 2 0 1744 1745 1848
3456 2 0 1744 1848 1847
3457 2 0 1745 1746 1849
3458 2 0 1745 1849 1848
3459 2 0 1746 1747 1850
3460 2 0 1746 1850 1849
3461 2 0 1747 1748 1851
3462 2 0 1747 1851 1850
3463 2 0 1748 1749 1852
3464 2 0 1748 1852 1851
3465 2 0 1749 1750 1853
3466 2 0 1749 1853 1852
3467 2 0 1750 1751 1854
3468 2 0 1750 1854 1853
3469 2 0 1752 1753 1856
3470 2 0 1752 1856 1855
3471 2 0 1753 1754 1857
3472 2 0 1753 1857 1856
3473 2 0 1754 1755 1858
3474 2 0 1754 1858 1857
3475 2 0 1755 1756 1859
3476 2 0 1755 1859 1858
3477 2 0 1756 1757 1860
3478 2 0 1756 1860 1859
3479 2 0 1757 1758 1861
3480 2 0 1757 1861 1860
3481 2 0 1758 1759 1862
3482 2 0 1758 1862 1861
3483 2 0 1759 1760 1863
3484 2 0 1759 1863 1862
3485 2 0 1760 1761 1864
3486 2 0 1760 1864 1863
3487 2 0 1761 1762 1865
3488 2 0 1761 1865 1864
3489 2 0 1762 1763 1866
3490 2 0 1762 1866 1865
3491 2 0 1763 1764 1867
3492 2 0 1763 1867 1866
3493 2 0 1764 1765 1868
3494 2 0 1764 1868 1867
3495 2 0 1765 1766 1869
3496 2 0 1765 1869 1868
3497 2 0 1766 1767 1870
3498 2 0 1766 1870 1869
3499 2 0 1767 1768 1871
3500 2 0 1767 1871 1870
3501 2 0 1768 1769 1872
3502 2 0 1768 1872 1871
3503 2 0 1769 1770 1873
3504 2 0 1769 1873 1872
3505 2 0 1770 1771 1874
3506 2 0 1770 1874 1873
3507 2 0 1771 1772 1875
3508 2 0 1771 1875 1874
3509 2 0 1772 1773 1876
3510 2 0 1772 1876 1875
3511 2 0 1773 1774 1877
3512 2 0 1773 1877 1876
3513 2 0 1774 1775 1878
3514 2 0 1774 1878 1877
3515 2 0 1775 1776 1879
3516 2 0 1775 1879 1878
3517 2 0 1776 1777 1880
3518 2 0 1776 1880 1879
3519 2 0 1777 1778 1881
3520 2 0 1777 1881 1880
3521 2 0 1778 1779 1882
3522 2 0 1778 1882 1881
3523 2 0 1779 1780 1883
3524 2 0 1779 1883 1882
3525 2 0 1780 1781 1884
3526 2 0 1780 1884 1883
3527 2 0 1781 1782 1885
3528 2 0 1781 1885 1884
3529 2 0 1782 1783 1886
3530 2 0 1782 1886 1885
3531 2 0 1783 1784 1887
3532 2 0 1783 1887 1886
3533 2 0 1784 1785 1888
3534 2 0 1784 1888 1887
3535 2 0 1785 1786 1889
3536 2 0 1785 1889 1888
3537 2 0 1786 1787 1890
3538 2 0 1786 1890 1889
3539 2 0 1787 1788 1891
3540 2 0 1787 1891 1890
3541 2 0 1788 1789 1892
3542 2 0 1788 1892 1891
3543 2 0 1789 1790 1893
3544 2 0 1789 1893 1892
3545 2 0 1790 1791 1894
3546 2 0 1790 1894 1893
3547 2 0 1791 1792 1895
3548 2 0 1791 1895 1894
3549 2 0 1792 1793 1896
3550 2 0 1792 1896 1895
3551 2 0 1793 1794 1897
3552 2 0 1793 1897 1896
3553 2 0 1794 1795 1898
3554 2 0 1794 1898 1897
3555 2 0 1795 1796 1899
3556 2 0 1795 1899 1898
3557 2 0 1796 1797 1900
3558 2 0 1796 1900 1899
3559 2 0 1797 1798 1901
3560 2 0 1797 1901 1900
3561 2 0 1798 1799 1902
3562 2 0 1798 1902 1901
3563 2 0 1799 1800 1903
3564 2 0 1799 1903 1902
3565 2 0 1800 1801 1904
3566 2 0 1800 1904 1903
3567 2 0 1801 1802 1905
3568 2 0 1801 1905 1904
3569 2 0 1802 1803 1906
3570 2 0 1802 1906 1905
3571 2 0 1803 1804 1907
3572 2 0 1803 1907 1906
3573 2 0 1804 1805 1908
3574 2 0 1804 1908 1907
3575 2 0 1805 1806 1909
3576 2 0 1805 1909 1908
3577 2 0 1806 1807 1910
3578 2 0 1806 1910 1909
3579 2 0 1807 1808 1911
3580 2 0 1807 1911 1910
3581 2 0 1808 1809 1912
3582 2 0 1808 1912 1911
3583 2 0 1809 1810 1913
3584 2 0 1809 1913 1912
3585 2 0 1810 1811 1914
3586 2 0 1810 1914 1913
3587 2 0 1811 1812 1915
3588 2 0 1811 1915 1914
3589 2 0 1812 1813 1916
3590 2 0 1812 1916 1915
3591 2 0 1813 1814 1917
3592 2 0 1813 1917 1916
3593 2 0 1814 1815 1918
3594 2 0 1814 1918 1917
3595 2 0 1815 1816 1919
3596 2 0 1815 1919 1918
3597 2 0 1816 1817 1920
3598 2 0 1816 1920 1919
3599 2 0 1817 1818 1921
3600 2 0 1817 1921 1920
3601 2 0 1818 1819 1922
3602 2 0 1818 1922 1921
3603 2 0 1819 1820 1923
3604 2 0 1819 1923 1922
3605 2 0 1820 1821 1924
3606 2 0 1820 1924 1923
3607 2 0 1821 1822 1925
3608 2 0 1821 1925 1924
3609 2 0 1822 1823 1926
3610 2 0 1822 1926 1925
3611 2 0 1823 1824 1927
3612 2 0 1823 1927 1926
3613 2 0 1824 1825 1928
3614 2 0 1824 1928 1927
3615 2 0 1825 1826 1929
3616 2 0 1825 1929 1928
3617 2 0 1826 1827 1930
3618 2 0 1826 1930 1929
3619 2 0 1827 1828 1931
3620 2 0 1827 1931 1930
3621 2 0 1828 1829 1932
3622 2 0 1828 1932 1931
3623 2 0 1829 1830 1933
3624 2 0 1829 1933 1932
3625 2 0 1830 1831 1934
3626 2 0 1830 1934 1933
3627 2 0 1831 1832 1935
3628 2 0 1831 1935 1934
3629 2 0 1832 1833 1936
3630 2 0 1832 1936 1935
3631 2 0 1833 1834 1937
3632 2 0 1833 1937 1936
3633 2 0 1834 1835 1938
3634 2 0 1834 1938 1937
3635 2 0 1835 1836 1939
3636 2 0 1835 1939 1938
3637 2 0 1836 1837 1940
3638 2 0 1836 1940 1939
3639 2 0 1837 1838 1941
3640 2 0 1837 1941 1940
3641 2 0 1838 1839 1942
3642 2 0 1838 1942 1941
3643 2 0 1839 1840 1943
3644 2 0 1839 1943 1942
3645 2 0 1840 1841 1944
3646 2 0 1840 1944 1943
3647 2 0 1841 1842 1945
3648 2 0 1841 1945 1944
3649 2 0 1842 1843 1946
3650 2 0 1842 1946 1945
3651 2 0 1843 1844 1947
3652 2 0 1843 1947 1946
3653 2 0 1844 1845 1948
3654 2 0 1844 1948 1947
3655 2 0 1845 1846 1949
3656 2 0 1845 1949 1948
3657 2 0 1846 1847 1950
3658 2 0 1846 1950 1949
3659 2 0 1847 1848 1951
3660 2 0 1847 1951 1950
3661 2 0 1848 1849 1952
3662 2 0 1848 1952 1951
3663 2 0 1849 1850 1953
3664 2 0 1849 1953 1952
3665 2 0 1850 1851 1954
3666 2 0 1850 1954 1953
3667 2 0 1851 1852 1955
3668 2 0 1851 1955 1954
3669 2 0 1852 1853 1956
3670 2 0 1852 1956 1955
3671 2 0 1853 1854 1957
3672 2 0 1853 1957 1956
3673 2 0 1855 1856 1959
3674 2 0 1855 1959 1958
3675 2 0 1856 1857 1960
3676 2 0 1856 1960 1959
3677 2 0 1857 1858 1961
3678 2 0 1857 1961 1960
3679 2 0 1858 1859 1962
3680 2 0 1858 1962 1961
3681 2 0 1859 1860 1963
3682 2 0 1859 1963 1962
3683 2 0 1860 1861 1964
3684 2 0 1860 1964 1963
3685 2 0 1861 1862 1965
3686 2 0 1861 1965 1964
3687 2 0 1862 1863 1966
3688 2 0 1862 1966 1965
3689 2 0 1863 1864 1967
3690 2 0 1863 1967 1966
3691 2 0 1864 1865 1968
3692 2 0 1864 1968 1967
3693 2 0 1865 1866 1969
3694 2 0 1865 1969 1968
3695 2 0 1866 1867 1970
3696 2 0 1866 1970 1969
3697 2 0 1867 1868 1971
3698 2 0 1867 1971 1970
3699 2 0 1868 1869 1972
3700 2 0 1868 1972 1971
3701 2 0 1869 1870 1973
3702 2 0 1869 1973 1972
3703 2 0 1870 1871 1974
3704 2 0 1870 1974 1973
3705 2 0 1871 1872 1975
3706 2 0 1871 1975 1974
3707 2 0 1872 1873 1976
3708 2 0 1872 1976 1975
3709 2 0 1873 1874 1977
3710 2 0 1873 1977 1976
3711 2 0 1874 1875 1978
3712 2 0 1874 1978 1977
3713 2 0 1875 1876 1979
3714 2 0 1875 1979 1978
3715 2 0 1876 1877 1980
3716 2 0 1876 1980 1979
3717 2 0 1877 1878 1981
3718 2 0 1877 1981 1980
3719 2 0 1878 1879 1982
3720 2 0 1878 1982 1981
3721 2 0 1879 1880 1983
3722 2 0 1879 1983 1982
3723 2 0 1880 1881 1984
3724 2 0 1880 1984 1983
3725 2 0 1881 1882 1985
3726 2 0 1881 1985 1984
3727 2 0 1882 1883 1986
3728 2 0 1882 1986 1985
3729 2 0 1883 1884 1987
3730 2 0 1883 1987 1986
3731 2 0 1884 1885 1988
3732 2 0 1884 1988 1987
3733 2 0 1885 1886 1989
3734 2 0 1885 1989 1988
3735 2 0 1886 1887 1990
3736 2 0 1886 1990 1989
3737 2 0 1887 1888 1991
3738 2 0 1887 1991 1990
3739 2 0 1888 1889 1992
3740 2 0 1888 1992 1991
3741 2 0 1889 1890 1993
3742 2 0 1889 1993 1992
3743 2 0 1890 1891 1994
3744 2 0 1890 1994 1993
3745 2 0 1891 1892 1995
3746 2 0 1891 1995 1994
3747 2 0 1892 1893 1996
3748 2 0 1892 1996 1995
3749 2 0 1893 1894 1997
3750 2 0 1893 1997 1996
3751 2 0 1894 1895 1998
3752 2 0 1894 1998 1997
3753 2 0 1895 1896 1999
3754 2 0 1895 1999 1998
3755 2 0 1896 1897 2000
3756 2 0 1896 2000 1999
3757 2 0 1897 1898 2001
3758 2 0 1897 2001 2000
3759 2 0 1898 1899 2002
3760 2 0 1898 2002 2001
3761 2 0 1899 1900 2003
3762 2 0 1899 2003 2002
3763 2 0 1900 1901 2004
3764 2 0 1900 2004 2003
3765 2 0 1901 1902 2005
3766 2 0 1901 2005 2004
3767 2 0 1902 1903 2006
3768 2 0 1902 2006 2005
3769 2 0 1903 1904 2007
3770 2 0 1903 2007 2006
3771 2 0 1904 1905 2008
3772 2 0 1904 2008 2007
3773 2 0 1905 1906 2009
3774 2 0 1905 2009 2008
3775 2 0 1906 1907 2010
3776 2 0 1906 2010 2009
3777 2 0 1907 1908 2011
3778 2 0 1907 2011 2010
3779 2 0 1908 1909 2012
3780 2 0 1908 2012 2011
3781 2 0 1909 1910 2013
3782 2 0 1909 2013 2012
3783 2 0 1910 1911 2014
3784 2 0 1910 2014 2013
3785 2 0 1911 1912 2015
3786 2 0 1911 2015 2014
3787 2 0 1912 1913 2016
3788 2 0 1912 2016 2015
3789 2 0 1913 1914 2017
3790 2 0 1913 2017 2016
3791 2 0 1914 1915 2018
3792 2 0 1914 2018 2017
3793 2 0 1915 1916 2019
3794 2 0 1915 2019 2018
3795 2 0 1916 1917 2020
3796 2 0 1916 2020 2019
3797 2 0 1917 1918 2021
3798 2 0 1917 2021 2020
3799 2 0 1918 1919 2022
3800 2 0 1918 2022 2021
3801 2 0 1919 1920 2023
3802 2 0 1919 2023 2022
3803 2 0 1920 1921 2024
3804 2 0 1920 2024 2023
3805 2 0 1921 1922 2025
3806 2 0 1921 2025 2024
3807 2 0 1922 1923 2026
3808 2 0 1922 2026 2025
3809 2 0 1923 1924 2027
3810 2 0 1923 2027 2026
3811 2 0 1924 1925 2028
3812 2 0 1924 2028 2027
3813 2 0 1925 1926 2029
3814 2 0 1925 2029 2028
3815 2 0 1926 1927 2030
3816 2 0 1926 2030 2029
3817 2 0 1927 1928 2031
3818 2 0 1927 2031 2030
3819 2 0 1928 1929 2032
3820 2 0 1928 2032 2031
3821 2 0 1929 1930 2033
3822 2 0 1929 2033 2032
3823 2 0 1930 1931 2034
3824 2 0 1930 2034 2033
3825 2 0 1931 1932 2035
3826 2 0 1931 2035 2034
3827 2 0 1932 1933 2036
3828 2 0 1932 2036 2035
3829 2 0 1933 1934 2037
3830 2 0 1933 2037 2036
3831 2 0 1934 1935 2038
3832 2 0 1934 2038 2037
3833 2 0 1935 1936 2039
3834 2 0 1935 2039 2038
3835 2 0 1936 1937 2040
3836 2 0 1936 2040 2039
3837 2 0 1937 1938 2041
3838 2 0 1937 2041 2040
3839 2 0 1938 1939 2042
3840 2 0 1938 2042 2041
3841 2 0 1939 1940 2043
3842 2 0 1939 2043 2042
3843 2 0 1940 1941 2044
3844 2 0 1940 2044 2043
3845 2 0 1941 1942 2045
3846 2 0 1941 2045 2044
3847 2 0 1942 1943 2046
3848 2 0 1942 2046 2045
3849 2 0 1943 1944 2047
3850 2 0 1943 2047 2046
3851 2 0 1944 1945 2048
3852 2 0 1944 2048 2047
3853 2 0 1945 1946 2049
3854 2 0 1945 2049 2048
3855 2 0 1946 1947 2050
3856 2 0 1946 2050 2049
3857 2 0 1947 1948 2051
3858 2 0 1947 2051 2050
3859 2 0 1948 1949 2052
3860 2 0 1948 2052 2051
3861 2 0 1949 1950 2053
3862 2 0 1949 2053 2052
3863 2 0 1950 1951 2054
3864 2 0 1950 2054 2053
3865 2 0 1951 1952 2055
3866 2 0 1951 2055 2054
3867 2 0 1952 1953 2056
3868 2 0 1952 2056 2055
3869 2 0 1953 1954 2057
3870 2 0 1953 2057 2056
3871 2 0 1954 1955 2058
3872 2 0 1954 2058 2057
3873 2 0 1955 1956 2059
3874 2 0 1955 2059 2058
3875 2 0 1956 1957 2060
3876 2 0 1956 2060 2059
3877 2 0 1958 1959 2062
3878 2 0 1958 2062 2061
3879 2 0 1959 1960 2063
3880 2 0 1959 2063 2062
3881 2 0 1960 1961 2064
3882 2 0 1960 2064 2063
3883 2 0 1961 1962 2065
3884 2 0 1961 2065 2064
3885 2 0 1962 1963 2066
3886 2 0 1962 2066 2065
3887 2 0 1963 1964 2067
3888 2 0 1963 2067 2066
3889 2 0 1964 1965 2068
3890 2 0 1964 2068 2067
3891 2 0 1965 1966 2069
3892 2 0 1965 2069 2068
3893 2 0 1966 1967 2070
3894 2 0 1966 2070 2069
3895 2 0 1967 1968 2071
3896 2 0 1967 2071 2070
3897 2 0 1968 1969 2072
3898 2 0 1968 2072 2071
3899 2 0 1969 1970 2073
3900 2 0 1969 2073 2072
3901 2 0 1970 1971 2074
3902 2 0 1970 2074 2073
3903 2 0 1971 1972 2075
3904 2 0 1971 2075 2074
3905 2 0 1972 1973 2076
3906 2 0 1972 2076 2075
3907 2 0 1973 1974 2077
3908 2 0 1973 2077 2076
3909 2 0 1974 1975 2078
3910 2 0 1974 2078 2077
3911 2 0 1975 1976 2079
3912 2 0 1975 2079 2078
3913 2 0 1976 1977 2080
3914 2 0 1976 2080 2079
3915 2 0 1977 1978 2081
3916 2 0 1977 2081 2080
3917 2 0 1978 1979 2082
3918 2 0 1978 2082 2081
3919 2 0 1979 1980 2083
3920 2 0 1979 2083 2082
3921 2 0 1980 1981 2084
3922 2 0 1980 2084 2083
3923 2 0 1981 1982 2085
3924 2 0 1981 2085 2084
3925 2 0 1982 1983 2086
3926 2 0 1982 2086 2085
3927 2 0 1983 1984 2087
3928 2 0 1983 2087 2086
3929 2 0 1984 1985 2088
3930 2 0 1984 2088 2087
3931 2 0 1985 1986 2089
3932 2 0 1985 2089 2088
3933 2 0 1986 1987 2090
3934 2 0 1986 2090 2089
3935 2 0 1987 1988 2091
3936 2 0 1987 2091 2090
3937 2 0 1988 1989 2092
3938 2 0 1988 2092 2091
3939 2 0 1989 1990 2093
3940 2 0 1989 2093 2092
3941 2 0 1990 1991 2094
3942 2 0 1990 2094 2093
3943 2 0 1991 1992 2095
3944 2 0 1991 2095 2094
3945 2 0 1992 1993 2096
3946 2 0 1992 2096 2095
3947 2 0 1993 1994 2097
3948 2 0 1993 2097 2096
3949 2 0 1994 1995 2098
3950 2 0 1994 2098 2097
3951 2 0 1995 1996 2099
3952 2 0 1995 2099 2098
3953 2 0 1996 1997 2100
3954 2 0 1996 2100 2099
3955 2 0 1997 1998 2101
3956 2 0 1997 2101 2100
3957 2 0 1998 1999 2102
3958 2 0 1998 2102 2101
3959 2 0 1999 2000 2103
3960 2 0 1999 2103 2102
3961 2 0 2000 2001 2104
3962 2 0 2000 2104 2103
3963 2 0 2001 2002 2105
3964 2 0 2001 2105 2104
3965 2 0 2002 2003 2106
3966 2 0 2002 2106 2105
3967 2 0 2003 2004 2107
3968 2 0 2003 2107 2106
3969 2 0 2004 2005 2108
3970 2 0 2004 2108 2107
3971 2 0 2005 2006 2109
3972 2 0 2005 2109 2108
3973 2 0 2006 2007 2110
3974 2 0 2006 2110 2109
3975 2 0 2007 2008 2111
3976 2 0 2007 2111 2110
3977 2 0 2008 2009 2112
3978 2 0 2008 2112 2111
3979 2 0 2009 2010 2113
3980 2 0 2009 2113 2112
3981 2 0 2010 2011 2114
3982 2 0 2010 2114 2113
3983 2 0 2011 2012 2115
3984 2 0 2011 2115 2114
3985 2 0 2012 2013 2116
3986 2 0 2012 2116 2115
3987 2 0 2013 2014 2117
3988 2 0 2013 2117 2116
3989 2 0 2014 2015 2118
3990 2 0 2014 2118 2117
3991 2 0 2015 2016 2119
3992 2 0 2015 2119 2118
3993 2 0 2016 2017 2120
3994 2 0 2016 2120 2119
3995 2 0 2017 2018 2121
3996 2 0 2017 2121 2120
3997 2 0 2018 2019 2122
3998 2 0 2018 2122 2121
3999 2 0 2019 2020 2123
4000 2 0 2019 2123 2122
4001 2 0 2020 2021 2124
4002 2 0 2020 2124 2123
4003 2 0 2021 2022 2125
4004 2 0 2021 2125 2124
4005 2 0 2022 2023 2126
4006 2 0 2022 2126 2125
4007 2 0 2023 2024 2127
4008 2 0 2023 2127 2126
4009 2 0 2024 2025 2128
4010 2 0 2024 2128 2127
4011 2 0 2025 2026 2129
4012 2 0 2025 2129 2128
4013 2 0 2026 2027 2130
4014 2 0 2026 2130 2129
4015 2 0 2027 2028 2131
4016 2 0 2027 2131 2130
4017 2 0 2028 2029 2132
4018 2 0 2028 2132 2131
4019 2 0 2029 2030 2133
4020 2 0 2029 2133 2132
4021 2 0 2030 2031 2134
4022 2 0 2030 2134 2133
4023 2 0 2031 2032 2135
4024 2 0 2031 2135 2134
4025 2 0 2032 2033 2136
4026 2 0 2032 2136 2135
4027 2 0 2033 2034 2137
4028 2 0 2033 2137 2136
4029 2 0 2034 2035 2138
4030 2 0 2034 2138 2137
4031 2 0 2035 2036 2139
4032 2 0 2035 2139 2138
4033 2 0 2036 2037 2140
4034 2 0 2036 2140 2139
4035 2 0 2037 2038 2141
4036 2 0 2037 2141 2140
4037 2 0 2038 2039 2142
4038 2 0 2038 2142 2141
4039 2 0 2039 2040 2143
4040 2 0 2039 2143 2142
4041 2 0 2040 2041 2144
4042 2 0 2040 2144 2143
4043 2 0 2041 2042 2145
4044 2 0 2041 2145 2144
4045 2 0 2042 2043 2146
4046 2 0 2042 2146 2145
4047 2 0 2043 2044 2147
4048 2 0 2043 2147 2146
4049 2 0 2044 2045 2148
4050 2 0 2044 2148 2147
4051 2 0 2045 2046 2149
4052 2 0 2045 2149 2148
4053 2 0 2046 2047 2150
4054 2 0 2046 2150 2149
4055 2 0 2047 2048 2151
4056 2 0 2047 2151 2150
4057 2 0 2048 2049 2152
4058 2 0 2048 2152 2151
4059 2 0 2049 2050 2153
4060 2 0 2049 2153 2152
4061 2 0 2050 2051 2154
4062 2 0 2050 2154 2153
4063 2 0 2051 2052 2155
4064 2 0 2051 2155 2154
4065 2 0 2052 2053 2156
4066 2 0 2052 2156 2155
4067 2 0 2053 2054 2157
4068 2 0 2053 2157 2156
4069 2 0 2054 2055 2158
4070 2 0 2054 2158 2157
4071 2 0 2055 2056 2159
4072 2 0 2055 2159 2158
4073 2 0 2056 2057 2160
4074 2 0 2056 2160 2159
4075 2 0 2057 2058 2161
4076 2 0 2057 2161 2160
4077 2 0 2058 2059 2162
4078 2 0 2058 2162 2161
4079 2 0 2059 2060 2163
4080 2 0 2059 2163 2162
4081 2 0 2061 2062 2165
4082 2 0 2061 2165 2164
4083 2 0 2062 2063 2166
4084 2 0 2062 2166 2165
4085 2 0 2063 2064 2167
4086 2 0 2063 2167 2166
4087 2 0 2064 2065 2168
4088 2 0 2064 2168 2167
4089 2 0 2065 2066 2169
4090 2 0 2065 2169 2168
4091 2 0 2066 2067 2170
4092 2 0 2066 2170 2169
4093 2 0 2067 2068 2171
4094 2 0 2067 2171 2170
4095 2 0 2068 2069 2172
4096 2 0 2068 2172 2171
4097 2 0 2069 2070 2173
4098 2 0 2069 2173 2172
4099 2 0 2070 2071 2174
4100 2 0 2070 2174 2173
4101 2 0 2071 2072 2175
4102 2 0 2071 2175 2174
4103 2 0 2072 2073 2176
4104 2 0 2072 2176 2175
4105 2 0 2073 2074 2177
4106 2 0 2073 2177 2176
4107 2 0 2074 2075 2178
4108 2 0 2074 2178 2177
4109 2 0 2075 2076 2179
4110 2 0 2075 2179 2178
4111 2 0 2076 2077 2180
4112 2 0 2076 2180 2179
4113 2 0 2077 2078 2181
4114 2 0 2077 2181 2180
4115 2 0 2078 2079 2182
4116 2 0 2078 2182 2181
4117 2 0 2079 2080 2183
4118 2 0 2079 2183 2182
4119 2 0 2080 2081 2184
4120 2 0 2080 2184 2183
4121 2 0 2081 2082 2185
4122 2 0 2081 2185 2184
4123 2 0 2082 2083 2186
4124 2 0 2082 2186 2185
4125 2 0 2083 2084 2187
4126 2 0 2083 2187 2186
4127 2 0 2084 2085 2188
4128 2 0 2084 2188 2187
4129 2 0 2085 2086 2189
4130 2 0 2085 2189 2188
4131 2 0 2086 2087 2190
4132 2 0 2086 2190 2189
4133 2 0 2087 2088 2191
4134 2 0 2087 2191 2190
4135 2 0 2088 2089 2192
4136 2 0 2088 2192 2191
4137 2 0 2089 2090 2193
4138 2 0 2089 2193 2192
4139 2 0 2090 2091 2194
4140 2 0 2090 2194 2193
4141 2 0 2091 2092 2195
4142 2 0 2091 2195 2194
4143 2 0 2092 2093 2196
4144 2 0 2092 2196 2195
4145 2 0 2093 2094 2197
4146 2 0 2093 2197 2196
4147 2 0 2094 2095 2198
4148 2 0 2094 2198 2197
4149 2 0 2095 2096 2199
4150 2 0 2095 2199 2198
4151 2 0 2096 2097 2200
4152 2 0 2096 2200 2199
4153 2 0 2097 2098 2201
4154 2 0 2097 2201 2200
4155 2 0 2098 2099 2202
4156 2 0 2098 2202 2201
4157 2 0 2099 2100 2203
4158 2 0 2099 2203 2202
4159 2 0 2100 2101 2204
4160 2 0 2100 2204 2203
4161 2 0 2101 2102 2205
4162 2 0 2101 2205 2204
4163 2 0 2102 2103 2206
4164 2 0 2102 2206 2205
4165 2 0 2103 2104 2207
4166 2 0 2103 2207 2206
4167 2 0 2104 2105 2208
4168 2 0 2104 2208 2207
4169 2 0 2105 2106 2209
4170 2 0 2105 2209 2208
4171 2 0 2106 2107 2210
4172 2 0 2106 2210 2209
4173 2 0 2107 2108 2211
4174 2 0 2107 2211 2210
4175 2 0 2108 2109 2212
4176 2 0 2108 2212 2211
4177 2 0 2109 2110 2213
4178 2 0 2109 2213 2212
4179 2 0 2110 2111 2214
4180 2 0 2110 2214 2213
4181 2 0 2111 2112 2215
4182 2 0 2111 2215 2214
4183 2 0 2112 2113 2216
4184 2 0 2112 2216 2215
4185 2 0 2113 2114 2217
4186 2 0 2113 2217 2216
4187 2 0 2114 2115 2218
4188 2 0 2114 2218 2217
4189 2 0 2115 2116 2219
4190 2 0 2115 2219 2218
4191 2 0 2116 2117 2220
4192 2 0 2116 2220 2219
4193 2 0 2117 2118 2221
4194 2 0 2117 2221 2220
4195 2 0 2118 2119 2222
4196 2 0 2118 2222 2221
4197 2 0 2119 2120 2223
4198 2 0 2119 2223 2222
4199 2 0 2120 2121 2224
4200 2 0 2120 2224 2223
4201 2 0 2121 2122 2225
4202 2 0 2121 2225 2224
4203 2 0 2122 2123 2226
4204 2 0 2122 2226 2225
4205 2 0 2123 2124 2227
4206 2 0 2123 2227 2226
4207 2 0 2124 2125 2228
4208 2 0 2124 2228 2227
4209 2 0 2125 2126 2229
4210 2 0 2125 2229 2228
4211 2 0 2126 2127 2230
4212 2 0 2126 2230 2229
4213 2 0 2127 2128 2231
4214 2 0 2127 2231 2230
4215 2 0 2128 2129 2232
4216 2 0 2128 2232 2231
4217 2 0 2129 2130 2233
4218 2 0 2129 2233 2232
4219 2 0 2130 2131 2234
4220 2 0 2130 2234 2233
4221 2 0 2131 2132 2235
4222 2 0 2131 2235 2234
4223 2 0 2132 2133 2236
4224 2 0 2132 2236 2235
4225 2 0 2133 2134 2237
4226 2 0 2133 2237 2236
4227 2 0 2134 2135 2238
4228 2 0 2134 2238 2237
4229 2 0 2135 2136 2239
4230 2 0 2135 2239 2238
4231 2 0 2136 2137 2240
4232 2 0 2136 2240 2239
4233 2 0 2137 2138 2241
4234 2 0 2137 2241 2240
4235 2 0 2138 2139 2242
4236 2 0 2138 2242 2241
4237 2 0 2139 2140 2243
4238 2 0 2139 2243 2242
4239 2 0 2140 2141 2244
4240 2 0 2140 2244 2243
4241 2 0 2141 2142 2245
4242 2 0 2141 2245 2244
4243 2 0 2142 2143 2246
4244 2 0 2142 2246 2245
4245 2 0 2143 2144 2247
4246 2 0 2143 2247 2246
4247 2 0 2144 2145 2248
4248 2 0 2144 2248 2247
4249 2 0 2145 2146 2249
4250 2 0 2145 2249 2248
4251 2 0 2146 2147 2250
4252 2 0 2146 2250 2249
4253 2 0 2147 2148 2251
4254 2 0 2147 2251 2250
4255 2 0 2148 2149 2252
4256 2 0 2148 2252 2251
4257 2 0 2149 2150 2253
4258 2 0 2149 2253 2252
4259 2 0 2150 2151 2254
4260 2 0 2150 2254 2253
4261 2 0 2151 2152 2255
4262 2 0 2151 2255 2254
4263 2 0 2152 2153 2256
4264 2 0 2152 2256 2255
4265 2 0 2153 2154 2257
4266 2 0 2153 2257 2256
4267 2 0 2154 2155 2258
4268 2 0 2154 2258 2257
4269 2 0 2155 2156 2259
4270 2 0 2155 2259 2258
4271 2 0 2156 2157 2260
4272 2 0 2156 2260 2259
4273 2 0 2157 2158 2261
4274 2 0 2157 2261 2260
4275 2 0 2158 2159 2262
4276 2 0 2158 2262 2261
4277 2 0 2159 2160 2263
4278 2 0 2159 2263 2262
4279 2 0 2160 2161 2264
4280 2 0 2160 2264 2263
4281 2 0 2161 2162 2265
4282 2 0 2161 2265 2264
4283 2 0 2162 2163 2266
4284 2 0 2162 2266 2265
4285 2 0 2164 2165 2268
4286 2 0 2164 2268 2267
4287 2 0 2165 2166 2269
4288 2 0 2165 2269 2268
4289 2 0 2166 2167 2270
4290 2 0 2166 2270 2269
4291 2 0 2167 2168 2271
4292 2 0 2167 2271 2270
4293 2 0 2168 2169 2272
4294 2 0 2168 2272 2271
4295 2 0 2169 2170 2273
4296 2 0 2169 2273 2272
4297 2 0 2170 2171 2274
4298 2 0 2170 2274 2273
4299 2 0 2171 2172 2275
4300 2 0 2171 2275 2274
4301 2 0 2172 2173 2276
4302 2 0 2172 2276 2275
4303 2 0 2173 2174 2277
4304 2 0 2173 2277 2276
4305 2 0 2174 2175 2278
4306 2 0 2174 2278 2277
4307 2 0 2175 2176 2279
4308 2 0 2175 2279 2278
4309 2 0 2176 2177 2280
4310 2 0 2176 2280 2279
4311 2 0 2177 2178 2281
4312 2 0 2177 2281 2280
4313 2 0 2178 2179 2282
4314 2 0 2178 2282 2281
4315 2 0 2179 2180 2283
4316 2 0 2179 2283 2282
4317 2 0 2180 2181 2284
4318 2 0 2180 2284 2283
4319 2 0 2181 2182 2285
4320 2 0 2181 2285 2284
4321 2 0 2182 2183 2286
4322 2 0 2182 2286 2285
4323 2 0 2183 2184 2287
4324 2 0 2183 2287 2286
4325 2 0 2184 2185 2288
4326 2 0 2184 2288 2287
4327 2 0 2185 2186 2289
4328 2 0 2185 2289 2288
4329 2 0 2186 2187 2290
4330 2 0 2186 2290 2289
4331 2 0 2187 2188 2291
4332 2 0 2187 2291 2290
4333 2 0 2188 2189 2292
4334 2 0 2188 2292 2291
4335 2 0 2189 2190 2293
4336 2 0 2189 2293 2292
4337 2 0 2190 2191 2294
4338 2 0 2190 2294 2293
4339 2 0 2191 2192 2295
4340 2 0 2191 2295 2294
4341 2 0 2192 2193 2296
4342 2 0 2192 2296 2295
4343 2 0 2193 2194 2297
4344 2 0 2193 2297 2296
4345 2 0 2194 2195 2298
4346 2 0 2194 2298 2297
4347 2 0 2195 2196 2299
4348 2 0 2195 2299 2298
4349 2 0 2196 2197 2300
4350 2 0 2196 2300 2299
4351 2 0 2197 2198 2301
4352 2 0 2197 2301 2300
4353 2 0 2198 2199 2302
4354 2 0 2198 2302 2301
4355 2 0 2199 2200 2303
4356 2 0 2199 2303 2302
4357 2 0 2200 2201 2304
4358 2 0 2200 2304 2303
4359 2 0 2201 2202 2305
4360 2 0 2201 2305 2304
4361 2 0 2202 2203 2306
4362 2 0 2202 2306 2305
4363 2 0 2203 2204 2307
4364 2 0 2203 2307 2306
4365 2 0 2204 2205 2308
4366 2 0 2204 2308 2307
4367 2 0 2205 2206 2309
4368 2 0 2205 2309 2308
4369 2 0 2206 2207 2310
4370 2 0 2206 2310 2309
4371 2 0 2207 2208 2311
4372 2 0 2207 2311 2310
4373 2 0 2208 2209 2312
4374 2 0 2208 2312 2311
4375 2 0 2209 2210 2313
4376 2 0 2209 2313 2312
4377 2 0 2210 2211 2314
4378 2 0 2210 2314 2313
4379 2 0 2211 2212 2315
4380 2 0 2211 2315 2314
4381 2 0 2212 2213 2316
4382 2 0 2212 2316 2315
4383 2 0 2213 2214 2317
4384 2 0 2213 2317 2316
4385 2 0 2214 2215 2318
4386 2 0 2214 2318 2317
4387 2 0 2215 2216 2319
4388 2 0 2215 2319 2318
4389 2 0 2216 2217 2320
4390 2 0 2216 2320 2319
4391 2 0 2217 2218 2321
4392 2 0 2217 2321 2320
4393 2 0 2218 2219 2322
4394 2 0 2218 2322 2321
4395 2 0 2219 2220 2323
4396 2 0 2219 2323 2322
4397 2 0 2220 2221 2324
4398 2 0 2220 2324 2323
4399 2 0 2221 2222 2325
4400 2 0 2221 2325 2324
4401 2 0 2222 2223 2326
4402 2 0 2222 2326 2325
4403 2 0 2223 2224 2327
4404 2 0 2223 2327 2326
4405 2 0 2224 2225 2328
4406 2 0 2224 2328 2327
4407 2 0 2225 2226 2329
4408 2 0 2225 2329 2328
4409 2 0 2226 2227 2330
4410 2 0 2226 2330 2329
4411 2 0 2227 2228 2331
4412 2 0 2227 2331 2330
4413 2 0 2228 2229 2332
4414 2 0 2228 2332 2331
4415 2 0 2229 2230 2333
4416 2 0 2229 2333 2332
4417 2 0 2230 2231 2334
4418 2 0 2230 2334 2333
4419 2 0 2231 2232 2335
4420 2 0 2231 2335 2334
4421 2 0 2232 2233 2336
4422 2 0 2232 2336 2335
4423 2 0 2233 2234 2337
4424 2 0 2233 2337 2336
4425 2 0 2234 2235 2338
4426 2 0 2234 2338 2337
4427 2 0 2235 2236 2339
4428 2 0 2235 2339 2338
4429 2 0 2236 2237 2340
4430 2 0 2236 2340 2339
4431 2 0 2237 2238 2341
4432 2 0 2237 2341 2340
4433 2 0 2238 2239 2342
4434 2 0 2238 2342 2341
4435 2 0 2239 2240 2343
4436 2 0 2239 2343 2342
4437 2 0 2240 2241 2344
4438 2 0 2240 2344 2343
4439 2 0 2241 2242 2345
4440 2 0 2241 2345 2344
4441 2 0 2242 2243 2346
4442 2 0 2242 2346 2345
4443 2 0 2243 2244 2347
4444 2 0 2243 2347 2346
4445 2 0 2244 2245 2348
4446 2 0 2244 2348 2347
4447 2 0 2245 2246 2349
4448 2 0 2245 2349 2348
4449 2 0 2246 2247 2350
4450 2 0 2246 2350 2349
4451 2 0 2247 2248 2351
4452 2 0 2247 2351 2350
4453 2 0 2248 2249 2352
4454 2 0 2248 2352 2351
4455 2 0 2249 2250 2353
4456 2 0 2249 2353 2352
4457 2 0 2250 2251 2354
4458 2 0 2250 2354 2353
4459 2 0 2251 2252 2355
4460 2 0 2251 2355 2354
4461 2 0 2252 2253 2356
4462 2 0 2252 2356 2355
4463 2 0 2253 2254 2357
4464 2 0 2253 2357 2356
4465 2 0 2254 2255 2358
4466 2 0 2254 2358 2357
4467 2 0 2255 2256 2359
4468 2 0 2255 2359 2358
4469 2 0 2256 2257 2360
4470 2 0 2256 2360 2359
4471 2 0 2257 2258 2361
4472 2 0 2257 2361 2360
4473 2 0 2258 2259 2362
4474 2 0 2258 2362 2361
4475 2 0 2259 2260 2363
4476 2 0 2259 2363 2362
4477 2 0 2260 2261 2364
4478 2 0 2260 2364 2363
4479 2 0 2261 2262 2365
4480 2 0 2261 2365 2364
4481 2 0 2262 2263 2366
4482 2 0 2262 2366 2365
4483 2 0 2263 2264 2367
4484 2 0 2263 2367 2366
4485 2 0 2264 2265 2368
4486 2 0 2264 2368 2367
4487 2 0 2265 2266 2369
4488 2 0 2265 2369 2368
4489 2 0 2267 2268 2371
4490 2 0 2267 2371 2370
4491 2 0 2268 2269 2372
4492 2 0 2268 2372 2371
4493 2 0 2269 2270 2373
4494 2 0 2269 2373 2372
4495 2 0 2270 2271 2374
4496 2 0 2270 2374 2373
4497 2 0 2271 2272 2375
4498 2 0 2271 2375 2374
4499 2 0 2272 2273 2376
4500 2 0 2272 2376 2375
4501 2 0 2273 2274 2377
4502 2 0 2273 2377 2376
4503 2 0 2274 2275 2378
4504 2 0 2274 2378 2377
4505 2 0 2275 2276 2379
4506 2 0 2275 2379 2378
4507 2 0 2276 2277 2380
4508 2 0 2276 2380 2379
4509 2 0 2277 2278 2381
4510 2 0 2277 2381 2380
4511 2 0 2278 2279 2382
4512 2 0 2278 2382 2381
4513 2 0 2279 2280 2383
4514 2 0 2279 2383 2382
4515 2 0 2280 2281 2384
4516 2 0 2280 2384 2383
4517 2 0 2281 2282 2385
4518 2 0 2281 2385 2384
4519 2 0 2282 2283 2386
4520 2 0 2282 2386 2385
4521 2 0 2283 2284 2387
4522 2 0 2283 2387 2386
4523 2 0 2284 2285 2388
4524 2 0 2284 2388 2387
4525 2 0 2285 2286 2389
4526 2 0 2285 2389 2388
4527 2 0 2286 2287 2390
4528 2 0 2286 2390 2389
4529 2 0 2287 2288 2391
4530 2 0 2287 2391 2390
4531 2 0 2288 2289 2392
4532 2 0 2288 2392 2391
4533 2 0 2289 2290 2393
4534 2 0 2289 2393 2392
4535 2 0 2290 2291 2394
4536 2 0 2290 2394 2393
4537 2 0 2291 2292 2395
4538 2 0 2291 2395 2394
4539 2 0 2292 2293 2396
4540 2 0 2292 2396 2395
4541 2 0 2293 2294 2397
4542 2 0 2293 2397 2396
4543 2 0 2294 2295 2398
4544 2 0 2294 2398 2397
4545 2 0 2295 2296 2399
4546 2 0 2295 2399 2398
4547 2 0 2296 2297 2400
4548 2 0 2296 2400 2399
4549 2 0 2297 2298 2401
4550 2 0 2297 2401 2400
4551 2 0 2298 2299 2402
4552 2 0 2298 2402 2401
4553 2 0 2299 2300 2403
4554 2 0 2299 2403 2402
4555 2 0 2300 2301 2404
4556 2 0 2300 2404 2403
4557 2 0 2301 2302 2405
4558 2 0 2301 2405 2404
4559 2 0 2302 2303 2406
4560 2 0 2302 2406 2405
4561 2 0 2303 2304 2407
4562 2 0 2303 2407 2406
4563 2 0 2304 2305 2408
4564 2 0 2304 2408 2407
4565 2 0 2305 2306 2409
4566 2 0 2305 2409 2408
4567 2 0 2306 2307 2410
4568 2 0 2306 2410 2409
4569 2 0 2307 2308 2411
4570 2 0 2307 2411 2410
4571 2 0 2308 2309 2412
4572 2 0 2308 2412 2411
4573 2 0 2309 2310 2413
4574 2 0 2309 2413 2412
4575 2 0 2310 2311 2414
4576 2 0 2310 2414 2413
4577 2 0 2311 2312 2415
4578 2 0 2311 2415 2414
4579 2 0 2312 2313 2416
4580 2 0 2312 2416 2415
4581 2 0 2313 2314 2417
4582 2 0 2313 2417 2416
4583 2 0 2314 2315 2418
4584 2 0 2314 2418 2417
4585 2 0 2315 2316 2419
4586 2 0 2315 2419 2418
4587 2 0 2316 2317 2420
4588 2 0 2316 2420 2419
4589 2 0 2317 2318 2421
4590 2 0 2317 2421 2420
4591 2 0 2318 2319 2422
4592 2 0 2318 2422 2421
4593 2 0 2319 2320 2423
4594 2 0 2319 2423 2422
4595 2 0 2320 2321 2424
4596 2 0 2320 2424 2423
4597 2 0 2321 2322 2425
4598 2 0 2321 2425 2424
4599 2 0 2322 2323 2426
4600 2 0 2322 2426 2425
4601 2 0 2323 2324 2427
4602 2 0 2323 2427 2426
4603 2 0 2324 2325 2428
4604 2 0 2324 2428 2427
4605 2 0 2325 2326 2429
4606 2 0 2325 2429 2428
4607 2 0 2326 2327 2430
4608 2 0 2326 2430 2429
4609 2 0 2327 2328 2431
4610 2 0 2327 2431 2430
4611 2 0 2328 2329 2432
4612 2 0 2328 2432 2431
4613 2 0 2329 2330 2433
4614 2 0 2329 2433 2432
4615 2 0 2330 2331 2434
4616 2 0 2330 2434 2433
4617 2 0 2331 2332 2435
4618 2 0 2331 2435 2434
4619 2 0 2332 2333 2436
4620 2 0 2332 2436 2435
4621 2 0 2333 2334 2437
4622 2 0 2333 2437 2436
4623 2 0 2334 2335 2438
4624 2 0 2334 2438 2437
4625 2 0 2335 2336 2439
4626 2 0 2335 2439 2438
4627 2 0 2336 2337 2440
4628 2 0 2336 2440 2439
4629 2 0 2337 2338 2441
4630 2 0 2337 2441 2440
4631 2 0 2338 2339 2442
4632 2 0 2338 2442 2441
4633 2 0 2339 2340 2443
4634 2 0 2339 2443 2442
4635 2 0 2340 2341 2444
4636 2 0 2340 2444 2443
4637 2 0 2341 2342 2445
4638 2 0 2341 2445 2444
4639 2 0 2342 2343 2446
4640 2 0 2342 2446 2445
4641 2 0 2343 2344 2447
4642 2 0 2343 2447 2446
4643 2 0 2344 2345 2448
4644 2 0 2344 2448 2447
4645 2 0 2345 2346 2449
4646 2 0 2345 2449 2448
4647 2 0 2346 2347 2450
4648 2 0 2346 2450 2449
4649 2 0 2347 2348 2451
4650 2 0 2347 2451 2450
4651 2 0 2348 2349 2452
4652 2 0 2348 2452 2451
4653 2 0 2349 2350 2453
4654 2 0 2349 2453 2452
4655 2 0 2350 2351 2454
4656 2 0 2350 2454 2453
4657 2 0 2351 2352 2455
4658 2 0 2351 2455 2454
4659 2 0 2352 2353 2456
4660 2 0 2352 2456 2455
4661 2 0 2353 2354 2457
4662 2 0 2353 2457 2456
4663 2 0 2354 2355 2458
4664 2 0 2354 2458 2457
4665 2 0 2355 2356 2459
4666 2 0 2355 2459 2458
4667 2 0 2356 2357 2460
4668 2 0 2356 2460 2459
4669 2 0 2357 2358 2461
4670 2 0 2357 2461 2460
4671 2 0 2358 2359 2462
4672 2 0 2358 2462 2461
4673 2 0 2359 2360 2463
4674 2 0 2359 2463 2462
4675 2 0 2360 2361 2464
4676 2 0 2360 2464 2463
4677 2 0 2361 2362 2465
4678 2 0 2361 2465 2464
4679 2 0 2362 2363 2466
4680 2 0 2362 2466 2465
4681 2 0 2363 2364 2467
4682 2 0 2363 2467 2466
4683 2 0 2364 2365 2468
4684 2 0 2364 2468 2467
4685 2 0 2365 2366 2469
4686 2 0 2365 2469 2468
4687 2 0 2366 2367 2470
4688 2 0 2366 2470 2469
4689 2 0 2367 2368 2471
4690 2 0 2367 2471 2470
4691 2 0 2368 2369 2472
4692 2 0 2368 2472 2471
4693 2 0 2370 2371 2474
4694 2 0 2370 2474 2473
4695 2 0 2371 2372 2475
4696 2 0 2371 2475 2474
4697 2 0 2372 2373 2476
4698 2 0 2372 2476 2475
4699 2 0 2373 2374 2477
4700 2 0 2373 2477 2476
4701 2 0 2374 2375 2478
4702 2 0 2374 2478 2477
4703 2 0 2375 2376 2479
4704 2 0 2375 2479 2478
4705 2 0 2376 2377 2480
4706 2 0 2376 2480 2479
4707 2 0 2377 2378 2481
4708 2 0 2377 2481 2480
4709 2 0 2378 2379 2482
4710 2 0 2378 2482 2481
4711 2 0 2379 2380 2483
4712 2 0 2379 2483 2482
4713 2 0 2380 2381 2484
4714 2 0 2380 2484 2483
4715 2 0 2381 2382 2485
4716 2 0 2381 2485 2484
4717 2 0 2382 2383 2486
4718 2 0 2382 2486 2485
4719 2 0 2383 2384 2487
4720 2 0 2383 2487 2486
4721 2 0 2384 2385 2488
4722 2 0 2384 2488 2487
4723 2 0 2385 2386 2489
4724 2 0 2385 2489 2488
4725 2 0 2386 2387 2490
4726 2 0 2386 2490 2489
4727 2 0 2387 2388 2491
4728 2 0 2387 2491 2490
4729 2 0 2388 2389 2492
4730 2 0 2388 2492 2491
4731 2 0 2389 2390 2493
4732 2 0 2389 2493 2492
4733 2 0 2390 2391 2494
4734 2 0 2390 2494 2493
4735 2 0 2391 2392 2495
4736 2 0 2391 2495 2494
4737 2 0 2392 2393 2496
4738 2 0 2392 2496 2495
4739 2 0 2393 2394 2497
4740 2 0 2393 2497 2496
4741 2 0 2394 2395 2498
4742 2 0 2394 2498 2497
4743 2 0 2395 2396 2499
4744 2 0 2395 2499 2498
4745 2 0 2396 2397 2500
4746 2 0 2396 2500 2499
4747 2 0 2397 2398 2501
4748 2 0 2397 2501 2500
4749 2 0 2398 2399 2502
4750 2 0 2398 2502 2501
4751 2 0 2399 2400 2503
4752 2 0 2399 2503 2502
4753 2 0 2400 2401 2504
4754 2 0 2400 2504 2503
4755 2 0 2401 2402 2505
4756 2 0 2401 2505 2504
4757 2 0 2402 2403 2506
4758 2 0 2402 2506 2505
4759 2 0 2403 2404 2507
4760 2 0 2403 2507 2506
4761 2 0 2404 2405 2508
4762 2 0 2404 2508 2507
4763 2 0 2405 2406 2509
4764 2 0 2405 2509 2508
4765 2 0 2406 2407 2510
4766 2 0 2406 2510 2509
4767 2 0 2407 2408 2511
4768 2 0 2407 2511 2510
4769 2 0 2408 2409 2512
4770 2 0 2408 2512 2511
4771 2 0 2409 2410 2513
4772 2 0 2409 2513 2512
4773 2 0 2410 2411 2514
4774 2 0 2410 2514 2513
4775 2 0 2411 2412 2515
4776 2 0 2411 2515 2514
4777 2 0 2412 2413 2516
4778 2 0 2412 2516 2515
4779 2 0 2413 2414 2517
4780 2 0 2413 2517 2516
4781 2 0 2414 2415 2518
4782 2 0 2414 2518 2517
4783 2 0 2415 2416 2519
4784 2 0 2415 2519 2518
4785 2 0 2416 2417 2520
4786 2 0 2416 2520 2519
4787 2 0 2417 2418 2521
4788 2 0 2417 2521 2520
4789 2 0 2418 2419 2522
4790 2 0 2418 2522 2521
4791 2 0 2419 2420 2523
4792 2 0 2419 2523 2522
4793 2 0 2420 2421 2524
4794 2 0 2420 2524 2523
4795 2 0 2421 2422 2525
4796 2 0 2421 2525 2524
4797 2 0 2422 2423 2526
4798 2 0 2422 2526 2525
4799 2 0 2423 2424 2527
4800 2 0 2423 2527 2526
4801 2 0 2424 2425 2528
4802 2 0 2424 2528 2527
4803 2 0 2425 2426 2529
4804 2 0 2425 2529 2528
4805 2 0 2426 2427 2530
4806 2 0 2426 2530 2529
4807 2 0 2427 2428 2531
4808 2 0 2427 2531 2530
4809 2 0 2428 2429 2532
4810 2 0 2428 2532 2531
4811 2 0 2429 2430 2533
4812 2 0 2429 2533 2532
4813 2 0 2430 2431 2534
4814 2 0 2430 2534 2533
4815 2 0 2431 2432 2535
4816 2 0 2431 2535 2534
4817 2 0 2432 2433 2536
4818 2 0 2432 2536 2535
4819 2 0 2433 2434 2537
4820 2 0 2433 2537 2536
4821 2 0 2434 2435 2538
4822 2 0 2434 2538 2537
4823 2 0 2435 2436 2539
4824 2 0 2435 2539 2538
4825 2 0 2436 2437 2540
4826 2 0 2436 2540 2539
4827 2 0 2437 2438 2541
4828 2 0 2437 2541 2540
4829 2 0 2438 2439 2542
4830 2 0 2438 2542 2541
4831 2 0 2439 2440 2543
4832 2 0 2439 2543 2542
4833 2 0 2440 2441 2544
4834 2 0 2440 2544 2543
4835 2 0 2441 2442 2545
4836 2 0 2441 2545 2544
4837 2 0 2442 2443 2546
4838 2 0 2442 2546 2545
4839 2 0 2443 2444 2547
4840 2 0 2443 2547 2546
4841 2 0 2444 2445 2548
4842 2 0 2444 2548 2547
4843 2 0 2445 2446 2549
4844 2 0 2445 2549 2548
4845 2 0 2446 2447 2550
4846 2 0 2446 2550 2549
4847 2 0 2447 2448 2551
4848 2 0 2447 2551 2550
4849 2 0 2448 2449 2552
4850 2 0 2448 2552 2551
4851 2 0 2449 2450 2553
4852 2 0 2449 2553 2552
4853 2 0 2450 2451 2554
4854 2 0 2450 2554 2553
4855 2 0 2451 2452 2555
4856 2 0 2451 2555 2554
4857 2 0 2452 2453 2556
4858 2 0 2452 2556 2555
4859 2 0 2453 2454 2557
4860 2 0 2453 2557 2556
4861 2 0 2454 2455 2558
4862 2 0 2454 2558 2557
4863 2 0 2455 2456 2559
4864 2 0 2455 2559 2558
4865 2 0 2456 2457 2560
4866 2 0 2456 2560 2559
4867 2 0 2457 2458 2561
4868 2 0 2457 2561 2560
4869 2 0 2458 2459 2562
4870 2 0 2458 2562 2561
4871 2 0 2459 2460 2563
4872 2 0 2459 2563 2562
4873 2 0 2460 2461 2564
4874 2 0 2460 2564 2563
4875 2 0 2461 2462 2565
4876 2 0 2461 2565 2564
4877 2 0 2462 2463 2566
4878 2 0 2462 2566 2565
4879 2 0 2463 2464 2567
4880 2 0 2463 2567 2566
4881 2 0 2464 2465 2568
4882 2 0 2464 2568 2567
4883 2 0 2465 2466 2569
4884 2 0 2465 2569 2568
4885 2 0 2466 2467 2570
4886 2 0 2466 2570 2569
4887 2 0 2467 2468 2571
4888 2 0 2467 2571 2570
4889 2 0 2468 2469 2572
4890 2 0 2468 2572 2571
4891 2 0 2469 2470 2573
4892 2 0 2469 2573 2572
4893 2 0 2470 2471 2574
4894 2 0 2470 2574 2573
4895 2 0 2471 2472 2575
4896 2 0 2471 2575 2574
4897 2 0 2473 2474 2577
4898 2 0 2473 2577 2576
4899 2 0 2474 2475 2578
4900 2 0 2474 2578 2577
4901 2 0 2475 2476 2579
4902 2 0 2475 2579 2578
4903 2 0 2476 2477 2580
4904 2 0 2476 2580 2579
4905 2 0 2477 2478 2581
4906 2 0 2477 2581 2580
4907 2 0 2478 2479 2582
4908 2 0 2478 2582 2581
4909 2 0 2479 2480 2583
4910 2 0 2479 2583 2582
4911 2 0 2480 2481 2584
4912 2 0 2480 2584 2583
4913 2 0 2481 2482 2585
4914 2 0 2481 2585 2584
4915 2 0 2482 2483 2586
4916 2 0 2482 2586 2585
4917 2 0 2483 2484 2587
4918 2 0 2483 2587 2586
4919 2 0 2484 2485 2588
4920 2 0 2484 2588 2587
4921 2 0 2485 2486 2589
4922 2 0 2485 2589 2588
4923 2 0 2486 2487 2590
4924 2 0 2486 2590 2589
4925 2 0 2487 2488 2591
4926 2 0 2487 2591 2590
4927 2 0 2488 2489 2592
4928 2 0 2488 2592 2591
4929 2 0 2489 2490 2593
4930 2 0 2489 2593 2592
4931 2 0 2490 2491 2594
4932 2 0 2490 2594 2593
4933 2 0 2491 2492 2595
4934 2 0 2491 2595 2594
4935 2 0 2492 2493 2596
4936 2 0 2492 2596 2595
4937 2 0 2493 2494 2597
4938 2 0 2493 2597 2596
4939 2 0 2494 2495 2598
4940 2 0 2494 2598 2597
4941 2 0 2495 2496 2599
4942 2 0 2495 2599 2598
4943 2 0 2496 2497 2600
4944 2 0 2496 2600 2599
4945 2 0 2497 2498 2601
4946 2 0 2497 2601 2600
4947 2 0 2498 2499 2602
4948 2 0 2498 2602 2601
4949 2 0 2499 2500 2603
4950 2 0 2499 2603 2602
4951 2 0 2500 2501 2604
4952 2 0 2500 2604 2603
4953 2 0 2501 2502 2605
4954 2 0 2501 2605 2604
4955 2 0 2502 2503 2606
4956 2 0 2502 2606 2605
4957 2 0 2503 2504 2607
4958 2 0 2503 2607 2606
4959 2 0 2504 2505 2608
4960 2 0 2504 2608 2607
4961 2 0 2505 2506 2609
4962 2 0 2505 2609 2608
4963 2 0 2506 2507 2610
4964 2 0 2506 2610 2609
4965 2 0 2507 2508 2611
4966 2 0 2507 2611 2610
4967 2 0 2508 2509 2612
4968 2 0 2508 2612 2611
4969 2 0 2509 2510 2613
4970 2 0 2509 2613 2612
4971 2 0 2510 2511 2614
4972 2 0 2510 2614 2613
4973 2 0 2511 2512 2615
4974 2 0 2511 2615 2614
4975 2 0 2512 2513 2616
4976 2 0 2512 2616 2615
4977 2 0 2513 2514 2617
4978 2 0 2513 2617 2616
4979 2 0 2514 2515 2618
4980 2 0 2514 2618 2617
4981 2 0 2515 2516 2619
4982 2 0 2515 2619 2618
4983 2 0 2516 2517 2620
4984 2 0 2516 2620 2619
4985 2 0 2517 2518 2621
4986 2 0 2517 2621 2620
4987 2 0 2518 2519 2622
4988 2 0 2518 2622 2621
4989 2 0 2519 2520 2623
4990 2 0 2519 2623 2622
4991 2 0 2520 2521 2624
4992 2 0 2520 2624 2623
4993 2 0 2521 2522 2625
4994 2 0 2521 2625 2624
4995 2 0 2522 2523 2626
4996 2 0 2522 2626 2625
4997 2 0 2523 2524 2627
4998 2 0 2523 2627 2626
4999 2 0 2524 2525 2628
5000 2 0 2524 2628 2627
5001 2 0 2525 2526 2629
5002 2 0 2525 2629 2628
5003 2 0 2526 2527 2630
5004 2 0 2526 2630 2629
5005 2 0 2527 2528 2631
5006 2 0 2527 2631 2630
5007 2 0 2528 2529 2632
5008 2 0 2528 2632 2631
5009 2 0 2529 2530 2633
5010 2 0 2529 2633 2632
5011 2 0 2530 2531 2634
5012 2 0 2530 2634 2633
5013 2 0 2531 2532 2635
5014 2 0 2531 2635 2634
5015 2 0 2532 2533 2636
5016 2 0 2532 2636 2635
5017 2 0 2533 2534 2637
5018 2 0 2533 2637 2636
5019 2 0 2534 2535 2638
5020 2 0 2534 2638 2637
5021 2 0 2535 2536 2639
5022 2 0 2535 2639 2638
5023 2 0 2536 2537 2640
5024 2 0 2536 2640 2639
5025 2 0 2537 2538 2641
5026 2 0 2537 2641 2640
5027 2 0 2538 2539 2642
5028 2 0 2538 2642 2641
5029 2 0 2539 2540 2643
5030 2 0 2539 2643 2642
5031 2 0 2540 2541 2644
5032 2 0 2540 2644 2643
5033 2 0 2541 2542 2645
5034 2 0 2541 2645 2644
5035 2 0 2542 2543 2646
5036 2 0 2542 2646 2645
5037 2 0 2543 2544 2647
5038 2 0 2543 2647 2646
5039 2 0 2544 2545 2648
5040 2 0 2544 2648 2647
5041 2 0 2545 2546 2649
5042 2 0 2545 2649 2648
5043 2 0 2546 2547 2650
5044 2 0 2546 2650 2649
5045 2 0 2547 2548 2651
5046 2 0 2547 2651 2650
5047 2 0 2548 2549 2652
5048 2 0 2548 2652 2651
5049 2 0 2549 2550 2653
5050 2 0 2549 2653 2652
5051 2 0 2550 2551 2654
5052 2 0 2550 2654 2653
5053 2 0 2551 2552 2655
5054 2 0 2551 2655 2654
5055 2 0 2552 2553 2656
5056 2 0 2552 2656 2655
5057 2 0 2553 2554 2657
5058 2 0 2553 2657 2656
5059 2 0 2554 2555 2658
5060 2 0 2554 2658 2657
5061 2 0 2555 2556 2659
5062 2 0 2555 2659 2658
5063 2 0 2556 2557 2660
5064 2 0 2556 2660 2659
5065 2 0 2557 2558 2661
5066 2 0 2557 2661 2660
5067 2 0 2558 2559 2662
5068 2 0 2558 2662 2661
5069 2 0 2559 2560 2663
5070 2 0 2559 2663 2662
5071 2 0 2560 2561 2664
5072 2 0 2560 2664 2663
5073 2 0 2561 2562 2665
5074 2 0 2561 2665 2664
5075 2 0 2562 2563 2666
5076 2 0 2562 2666 2665
5077 2 0 2563 2564 2667
5078 2 0 2563 2667 2666
5079 2 0 2564 2565 2668
5080 2 0 2564 2668 2667
5081 2 0 2565 2566 2669
5082 2 0 2565 2669 2668
5083 2 0 2566 2567 2670
5084 2 0 2566 2670 2669
5085 2 0 2567 2568 2671
5086 2 0 2567 2671 2670
5087 2 0 2568 2569 2672
5088 2 0 2568 2672 2671
5089 2 0 2569 2570 2673
5090 2 0 2569 2673 2672
5091 2 0 2570 2571 2674
5092 2 0 2570 2674 2673
5093 2 0 2571 2572 2675
5094 2 0 2571 2675 2674
5095 2 0 2572 2573 2676
5096 2 0 2572 2676 2675
5097 2 0 2573 2574 2677
5098 2 0 2573 2677 2676
5099 2 0 2574 2575 2678
5100 2 0 2574 2678 2677
5101 2 0 2576 2577 2680
5102 2 0 2576 2680 2679
5103 2 0 2577 2578 2681
5104 2 0 2577 2681 2680
5105 2 0 2578 2579 2682
5106 2 0 2578 2682 2681
5107 2 0 2579 2580 2683
5108 2 0 2579 2683 2682
5109 2 0 2580 2581 2684
5110 2 0 2580 2684 2683
5111 2 0 2581 2582 2685
5112 2 0 2581 2685 2684
5113 2 0 2582 2583 2686
5114 2 0 2582 2686 2685
5115 2 0 2583 2584 2687
5116 2 0 2583 2687 2686
5117 2 0 2584 2585 2688
5118 2 0 2584 2688 2687
5119 2 0 2585 2586 2689
5120 2 0 2585 2689 2688
5121 2 0 2586 2587 2690
5122 2 0 2586 2690 2689
5123 2 0 2587 2588 2691
5124 2 0 2587 2691 2690
5125 2 0 2588 2589 2692
5126 2 0 2588 2692 2691
5127 2 0 2589 2590 2693
5128 2 0 2589 2693 2692
5129 2 0 2590 2591 2694
5130 2 0 2590 2694 2693
5131 2 0 2591 2592 2695
5132 2 0 2591 2695 2694
5133 2 0 2592 2593 2696
5134 2 0 2592 2696 2695
5135 2 0 2593 2594 2697
5136 2 0 2593 2697 2696
5137 2 0 2594 2595 2698
5138 2 0 2594 2698 2697
5139 2 0 2595 2596 2699
5140 2 0 2595 2699 2698
5141 2 0 2596 2597 2700
5142 2 0 2596 2700 2699
5143 2 0 2597 2598 2701
5144 2 0 2597 2701 2700
5145 2 0 2598 2599 2702
5146 2 0 2598 2702 2701
5147 2 0 2599 2600 2703
5148 2 0 2599 2703 2702
5149 2 0 2600 2601 2704
5150 2 0 2600 2704 2703
5151 2 0 2601 2602 2705
5152 2 0 2601 2705 2704
5153 2 0 2602 2603 2706
5154 2 0 2602 2706 2705
5155 2 0 2603 2604 2707
5156 2 0 2603 2707 2706
5157 2 0 2604 2605 2708
5158 2 0 2604 2708 2707
5159 2 0 2605 2606 2709
5160 2 0 2605 2709 2708
5161 2 0 2606 2607 2710
5162 2 0 2606 2710 2709
5163 2 0 2607 2608 2711
5164 2 0 2607 2711 2710
5165 2 0 2608 2609 2712
5166 2 0 2608 2712 2711
5167 2 0 2609 2610 2713
5168 2 0 2609 2713 2712
5169 2 0 2610 2611 2714
5170 2 0 2610 2714 2713
5171 2 0 2611 2612 2715
5172 2 0 2611 2715 2714
5173 2 0 2612 2613 2716
5174 2 0 2612 2716 2715
5175 2 0 2613 2614 2717
5176 2 0 2613 2717 2716
5177 2 0 2614 2615 2718
5178 2 0 2614 2718 2717
5179 2 0 2615 2616 2719
5180 2 0 2615 2719 2718
5181 2 0 2616 2617 2720
5182 2 0 2616 2720 2719
5183 2 0 2617 2618 2721
5184 2 0 2617 2721 2720
5185 2 0 2618 2619 2722
5186 2 0 2618 2722 2721
5187 2 0 2619 2620 2723
5188 2 0 2619 2723 2722
5189 2 0 2620 2621 2724
5190 2 0 2620 2724 2723
5191 2 0 2621 2622 2725
5192 2 0 2621 2725 2724
5193 2 0 2622 2623 2726
5194 2 0 2622 2726 2725
5195 2 0 2623 2624 2727
5196 2 0 2623 2727 2726
5197 2 0 2624 2625 2728
5198 2 0 2624 2728 2727
5199 2 0 2625 2626 2729
5200 2 0 2625 2729 2728
5201 2 0 2626 2627 2730
5202 2 0 2626 2730 2729
5203 2 0 2627 2628 2731
5204 2 0 2627 2731 2730
5205 2 0 2628 2629 2732
5206 2 0 2628 2732 2731
5207 2 0 2629 2630 2733
5208 2 0 2629 2733 2732
5209 2 0 2630 2631 2734
5210 2 0 2630 2734 2733
5211 2 0 2631 2632 2735
5212 2 0 2631 2735 2734
5213 2 0 2632 2633 2736
5214 2 0 2632 2736 2735
5215 2 0 2633 2634 2737
5216 2 0 2633 2737 2736
5217 2 0 2634 2635 2738
5218 2 0 2634 2738 2737
5219 2 0 2635 2636 2739
5220 2 0 2635 2739 2738
5221 2 0 2636 2637 2740
5222 2 0 2636 2740 2739
5223 2 0 2637 2638 2741
5224 2 0 2637 2741 2740
5225 2 0 2638 2639 2742
5226 2 0 2638 2742 2741
5227 2 0 2639 2640 2743
5228 2 0 2639 2743 2742
5229 2 0 2640 2641 2744
5230 2 0 2640 2744 2743
5231 2 0 2641 2642 2745
5232 2 0 2641 2745 2744
5233 2 0 2642 2643 2746
5234 2 0 2642 2746 2745
5235 2 0 2643 2644 2747
5236 2 0 2643 2747 2746
5237 2 0 2644 2645 2748
5238 2 0 2644 2748 2747
5239 2 0 2645 2646 2749
5240 2 0 2645 2749 2748
5241 2 0 2646 2647 2750
5242 2 0 2646 2750 2749
5243 2 0 2647 2648 2751
5244 2 0 2647 2751 2750
5245 2 0 2648 2649 2752
5246 2 0 2648 2752 2751
5247 2 0 2649 2650 2753
5248 2 0 2649 2753 2752
5249 2 0 2650 2651 2754
5250 2 0 2650 2754 2753
5251 2 0 2651 2652 2755
5252 2 0 2651 2755 2754
5253 2 0 2652 2653 2756
5254 2 0 2652 2756 2755
5255 2 0 2653 2654 2757
5256 2 0 2653 2757 2756
5257 2 0 2654 2655 2758
5258 2 0 2654 2758 2757
5259 2 0 2655 2656 2759
5260 2 0 2655 2759 2758
5261 2 0 2656 2657 2760
5262 2 0 2656 2760 2759
5263 2 0 2657 2658 2761
5264 2 0 2657 2761 2760
5265 2 0 2658 2659 2762
5266 2 0 2658 2762 2761
5267 2 0 2659 2660 2763
5268 2 0 2659 2763 2762
5269 2 0 2660 2661 2764
5270 2 0 2660 2764 2763
5271 2 0 2661 2662 2765
5272 2 0 2661 2765 2764
5273 2 0 2662 2663 2766
5274 2 0 2662 2766 2765
5275 2 0 2663 2664 2767
5276 2 0 2663 2767 2766
5277 2 0 2664 2665 2768
5278 2 0 2664 2768 2767
5279 2 0 2665 2666 2769
5280 2 0 2665 2769 2768
5281 2 0 2666 2667 2770
5282 2 0 2666 2770 2769
5283 2 0 2667 2668 2771
5284 2 0 2667 2771 2770
5285 2 0 2668 2669 2772
5286 2 0 2668 2772 2771
5287 2 0 2669 2670 2773
5288 2 0 2669 2773 2772
5289 2 0 2670 2671 2774
5290 2 0 2670 2774 2773
5291 2 0 2671 2672 2775
5292 2 0 2671 2775 2774
5293 2 0 2672 2673 2776
5294 2 0 2672 2776 2775
5295 2 0 2673 2674 2777
5296 2 0 2673 2777 2776
5297 2 0 2674 2675 2778
5298 2 0 2674 2778 2777
5299 2 0 2675 2676 2779
5300 2 0 2675 2779 2778
5301 2 0 2676 2677 2780
5302 2 0 2676 2780 2779
5303 2 0 2677 2678 2781
5304 2 0 2677 2781 2780
5305 2 0 2679 2680 2783
5306 2 0 2679 2783 2782
5307 2 0 2680 2681 2784
5308 2 0 2680 2784 2783
5309 2 0 2681 2682 2785
5310 2 0 2681 2785 2784
5311 2 0 2682 2683 2786
5312 2 0 2682 2786 2785
5313 2 0 2683 2684 2787
5314 2 0 2683 2787 2786
5315 2 0 2684 2685 2788
5316 2 0 2684 2788 2787
5317 2 0 2685 2686 2789
5318 2 0 2685 2789 2788
5319 2 0 2686 2687 2790
5320 2 0 2686 2790 2789
5321 2 0 2687 2688 2791
5322 2 0 2687 2791 2790
5323 2 0 2688 2689 2792
5324 2 0 2688 2792 2791
5325 2 0 2689 2690 2793
5326 2 0 2689 2793 2792
5327 2 0 2690 2691 2794
5328 2 0 2690 2794 2793
5329 2 0 2691 2692 2795
5330 2 0 2691 2795 2794
5331 2 0 2692 2693 2796
5332 2 0 2692 2796 2795
5333 2 0 2693 2694 2797
5334 2 0 2693 2797 2796
5335 2 0 2694 2695 2798
5336 2 0 2694 2798 2797
5337 2 0 2695 2696 2799
5338 2 0 2695 2799 2798
5339 2 0 2696 2697 2800
5340 2 0 2696 2800 2799
5341 2 0 2697 2698 2801
5342 2 0 2697 2801 2800
5343 2 0 2698 2699 2802
5344 2 0 2698 2802 2801
5345 2 0 2699 2700 2803
5346 2 0 2699 2803 2802
5347 2 0 2700 2701 2804
5348 2 0 2700 2804 2803
5349 2 0 2701 2702 2805
5350 2 0 2701 2805 2804
5351 2 0 2702 2703 2806
5352 2 0 2702 2806 2805
5353 2 0 2703 2704 2807
5354 2 0 2703 2807 2806
5355 2 0 2704 2705 2808
5356 2 0 2704 2808 2807
5357 2 0 2705 2706 2809
5358 2 0 2705 2809 2808
5359 2 0 2706 2707 2810
5360 2 0 2706 2810 2809
5361 2 0 2707 2708 2811
5362 2 0 2707 2811 2810
5363 2 0 2708 2709 2812
5364 2 0 2708 2812 2811
5365 2 0 2709 2710 2813
5366 2 0 2709 2813 2812
5367 2 0 2710 2711 2814
5368 2 0 2710 2814 2813
5369 2 0 2711 2712 2815
5370 2 0 2711 2815 2814
5371 2 0 2712 2713 2816
5372 2 0 2712 2816 2815
5373 2 0 2713 2714 2817
5374 2 0 2713 2817 2816
5375 2 0 2714 2715 2818
5376 2 0 2714 2818 2817
5377 2 0 2715 2716 2819
5378 2 0 2715 2819 2818
5379 2 0 2716 2717 2820
5380 2 0 2716 2820 2819
5381 2 0 2717 2718 2821
5382 2 0 2717 2821 2820
5383 2 0 2718 2719 2822
5384 2 0 2718 2822 2821
5385 2 0 2719 2720 2823
5386 2 0 2719 2823 2822
5387 2 0 2720 2721 2824
5388 2 0 2720 2824 2823
5389 2 0 2721 2722 2825
5390 2 0 2721 2825 2824
5391 2 0 2722 2723 2826
5392 2 0 2722 2826 2825
5393 2 0 2723 2724 2827
5394 2 0 2723 2827 2826
5395 2 0 2724 2725 2828
5396 2 0 2724 2828 2827
5397 2 0 2725 2726 2829
5398 2 0 2725 2829 2828
5399 2 0 2726 2727 2830
5400 2 0 2726 2830 2829
5401 2 0 2727 2728 2831
5402 2 0 2727 2831 2830
5403 2 0 2728 2729 2832
5404 2 0 2728 2832 2831
5405 2 0 2729 2730 2833
5406 2 0 2729 2833 2832
5407 2 0 2730 2731 2834
5408 2 0 2730 2834 2833
5409 2 0 2731 2732 2835
5410 2 0 2731 2835 2834
5411 2 0 2732 2733 2836
5412 2 0 2732 2836 2835
5413 2 0 2733 2734 2837
5414 2 0 2733 2837 2836
5415 2 0 2734 2735 2838
5416 2 0 2734 2838 2837
5417 2 0 2735 2736 2839
5418 2 0 2735 2839 2838
5419 2 0 2736 2737 2840
5420 2 0 2736 2840 2839
5421 2 0 2737 2738 2841
5422 2 0 2737 2841 2840
5423 2 0 2738 2739 2842
5424 2 0 2738 2842 2841
5425 2 0 2739 2740 2843
5426 2 0 2739 2843 2842
5427 2 0 2740 2741 2844
5428 2 0 2740 2844 2843
5429 2 0 2741 2742 2845
5430 2 0 2741 2845 2844
5431 2 0 2742 2743 2846
5432 2 0 2742 2846 2845
5433 2 0 2743 2744 2847
5434 2 0 2743 2847 2846
5435 2 0 2744 2745 2848
5436 2 0 2744 2848 2847
5437 2 0 2745 2746 2849
5438 2 0 2745 2849 2848
5439 2 0 2746 2747 2850
5440 2 0 2746 2850 2849
5441 2 0 2747 2748 2851
5442 2 0 2747 2851 2850
5443 2 0 2748 2749 2852
5444 2 0 2748 2852 2851
5445 2 0 2749 2750 2853
5446 2 0 2749 2853 2852
5447 2 0 2750 2751 2854
5448 2 0 2750 2854 2853
5449 2 0 2751 2752 2855
5450 2 0 2751 2855 2854
5451 2 0 2752 2753 2856
5452 2 0 2752 2856 2855
5453 2 0 2753 2754 2857
5454 2 0 2753 2857 2856
5455 2 0 2754 2755 2858
5456 2 0 2754 2858 2857
5457 2 0 2755 2756 2859
5458 2 0 2755 2859 2858
5459 2 0 2756 2757 2860
5460 2 0 2756 2860 2859
5461 2 0 2757 2758 2861
5462 2 0 2757 2861 2860
5463 2 0 2758 2759 2862
5464 2 0 2758 2862 2861
5465 2 0 2759 2760 2863
5466 2 0 2759 2863 2862
5467 2 0 2760 2761 2864
5468 2 0 2760 2864 2863
5469 2 0 2761 2762 2865
5470 2 0 2761 2865 2864
5471 2 0 2762 2763 2866
5472 2 0 2762 2866 2865
5473 2 0 2763 2764 2867
5474 2 0 2763 2867 2866
5475 2 0 2764 2765 2868
5476 2 0 2764 2868 2867
5477 2 0 2765 2766 2869
5478 2 0 2765 2869 2868
5479 2 0 2766 2767 2870
5480 2 0 2766 2870 2869
5481 2 0 2767 2768 2871
5482 2 0 2767 2871 2870
5483 2 0 2768 2769 2872
5484 2 0 2768 2872 2871
5485 2 0 2769 2770 2873
5486 2 0 2769 2873 2872
5487 2 0 2770 2771 2874
5488 2 0 2770 2874 2873
5489 2 0 2771 2772 2875
5490 2 0 2771 2875 2874
5491 2 0 2772 2773 2876
5492 2 0 2772 2876 2875
5493 2 0 2773 2774 2877
5494 2 0 2773 2877 2876
5495 2 0 2774 2775 2878
5496 2 0 2774 2878 2877
5497 2 0 2775 2776 2879
5498 2 0 2775 2879 2878
5499 2 0 2776 2777 2880
5500 2 0 2776 2880 2879
5501 2 0 2777 2778 2881
5502 2 0 2777 2881 2880
5503 2 0 2778 2779 2882
5504 2 0 2778 2882 2881
5505 2 0 2779 2780 2883
5506 2 0 2779 2883 2882
5507 2 0 2780 2781 2884
5508 2 0 2780 2884 2883
5509 2 0 2782 2783 2886
5510 2 0 2782 2886 2885
5511 2 0 2783 2784 2887
5512 2 0 2783 2887 2886
5513 2 0 2784 2785 2888
5514 2 0 2784 2888 2887
5515 2 0 2785 2786 2889
5516 2 0 2785 2889 2888
5517 2 0 2786 2787 2890
5518 2 0 2786 2890 2889
5519 2 0 2787 2788 2891
5520 2 0 2787 2891 2890
5521 2 0 2788 2789 2892
5522 2 0 2788 2892 2891
5523 2 0 2789 2790 2893
5524 2 0 2789 2893 2892
5525 2 0 2790 2791 2894
5526 2 0 2790 2894 2893
5527 2 0 2791 2792 2895
5528 2 0 2791 2895 2894
5529 2 0 2792 2793 2896
5530 2 0 2792 2896 2895
5531 2 0 2793 2794 2897
5532 2 0 2793 2897 2896
5533 2 0 2794 2795 2898
5534 2 0 2794 2898 2897
5535 2 0 2795 2796 2899
5536 2 0 2795 2899 2898
5537 2 0 2796 2797 2900
5538 2 0 2796 2900 2899
5539 2 0 2797 2798 2901
5540 2 0 2797 2901 2900
5541 2 0 2798 2799 2902
5542 2 0 2798 2902 2901
5543 2 0 2799 2800 2903
5544 2 0 2799 2903 2902
5545 2 0 2800 2801 2904
5546 2 0 2800 2904 2903
5547 2 0 2801 2802 2905
5548 2 0 2801 2905 2904
5549 2 0 2802 2803 2906
5550 2 0 2802 2906 2905
5551 2 0 2803 2804 2907
5552 2 0 2803 2907 2906
5553 2 0 2804 2805 2908
5554 2 0 2804 2908 2907
5555 2 0 2805 2806 2909
5556 2 0 2805 2909 2908
5557 2 0 2806 2807 2910
5558 2 0 2806 2910 2909
5559 2 0 2807 2808 2911
5560 2 0 2807 2911 2910
5561 2 0 2808 2809 2912
5562 2 0 2808 2912 2911
5563 2 0 2809 2810 2913
5564 2 0 2809 2913 2912
5565 2 0 2810 2811 2914
5566 2 0 2810 2914 2913
5567 2 0 2811 2812 2915
5568 2 0 2811 2915 2914
5569 2 0 2812 2813 2916
5570 2 0 2812 2916 2915
5571 2 0 2813 2814 2917
5572 2 0 2813 2917 2916
5573 2 0 2814 2815 2918
5574 2 0 2814 2918 2917
5575 2 0 2815 2816 2919
5576 2 0 2815 2919 2918
5577 2 0 2816 2817 2920
5578 2 0 2816 2920 2919
5579 2 0 2817 2818 2921
5580 2 0 2817 2921 2920
5581 2 0 2818 2819 2922
5582 2 0 2818 2922 2921
5583 2 0 2819 2820 2923
5584 2 0 2819 2923 2922
5585 2 0 2820 2821 2924
5586 2 0 2820 2924 2923
5587 2 0 2821 2822 2925
5588 2 0 2821 2925 2924
5589 2 0 2822 2823 2926
5590 2 0 2822 2926 2925
5591 2 0 2823 2824 2927
5592 2 0 2823 2927 2926
5593 2 0 2824 2825 2928
5594 2 0 2824 2928 2927
5595 2 0 2825 2826 2929
5596 2 0 2825 2929 2928
5597 2 0 2826 2827 2930
5598 2 0 2826 2930 2929
5599 2 0 2827 2828 2931
5600 2 0 2827 2931 2930
5601 2 0 2828 2829 2932
5602 2 0 2828 2932 2931
5603 2 0 2829 2830 2933
5604 2 0 2829 2933 2932
5605 2 0 2830 2831 2934
5606 2 0 2830 2934 2933
5607 2 0 2831 2832 2935
5608 2 0 2831 2935 2934
5609 2 0 2832 2833 2936
5610 2 0 2832 2936 2935
5611 2 0 2833 2834 2937
5612 2 0 2833 2937 2936
5613 2 0 2834 2835 2938
5614 2 0 2834 2938 2937
5615 2 0 2835 2836 2939
5616 2 0 2835 2939 2938
5617 2 0 2836 2837 2940
5618 2 0 2836 2940 2939
5619 2 0 2837 2838 2941
5620 2 0 2837 2941 2940
5621 2 0 2838 2839 2942
5622 2 0 2838 2942 2941
5623 2 0 2839 2840 2943
5624 2 0 2839 2943 2942
5625 2 0 2840 2841 2944
5626 2 0 2840 2944 2943
5627 2 0 2841 2842 2945
5628 2 0 2841 2945 2944
5629 2 0 2842 2843 2946
5630 2 0 2842 2946 2945
5631 2 0 2843 2844 2947
5632 2 0 2843 2947 2946
5633 2 0 2844 2845 2948
5634 2 0 2844 2948 2947
5635 2 0 2845 2846 2949
5636 2 0 2845 2949 2948
5637 2 0 2846 2847 2950
5638 2 0 2846 2950 2949
5639 2 0 2847 2848 2951
5640 2 0 2847 2951 2950
5641 2 0 2848 2849 2952
5642 2 0 2848 2952 2951
5643 2 0 2849 2850 2953
5644 2 0 2849 2953 2952
5645 2 0 2850 2851 2954
5646 2 0 2850 2954 2953
5647 2 0 2851 2852 2955
5648 2 0 2851 2955 2954
5649 2 0 2852 2853 2956
5650 2 0 2852 2956 2955
5651 2 0 2853 2854 2957
5652 2 0 2853 2957 2956
5653 2 0 2854 2855 2958
5654 2 0 2854 2958 2957
5655 2 0 2855 2856 2959
5656 2 0 2855 2959 2958
5657 2 0 2856 2857 2960
5658 2 0 2856 2960 2959
5659 2 0 2857 2858 2961
5660 2 0 2857 2961 2960
5661 2 0 2858 2859 2962
5662 2 0 2858 2962 2961
5663 2 0 2859 2860 2963
5664 2 0 2859 2963 2962
5665 2 0 2860 2861 2964
5666 2 0 2860 2964 2963
5667 2 0 2861 2862 2965
5668 2 0 2861 2965 2964
5669 2 0 2862 2863 2966
5670 2 0 2862 2966 2965
5671 2 0 2863 2864 2967
5672 2 0 2863 2967 2966
5673 2 0 2864 2865 2968
5674 2 0 2864 2968 2967
5675 2 0 2865 2866 2969
5676 2 0 2865 2969 2968
5677 2 0 2866 2867 2970
5678 2 0 2866 2970 2969
5679 2 0 2867 2868 2971
5680 2 0 2867 2971 2970
5681 2 0 2868 2869 2972
5682 2 0 2868 2972 2971
5683 2 0 2869 2870 2973
5684 2 0 2869 2973 2972
5685 2 0 2870 2871 2974
5686 2 0 2870 2974 2973
5687 2 0 2871 2872 2975
5688 2 0 2871 2975 2974
5689 2 0 2872 2873 2976
5690 2 0 2872 2976 2975
5691 2 0 2873 2874 2977
5692 2 0 2873 2977 2976
5693 2 0 2874 2875 2978
5694 2 0 2874 2978 2977
5695 2 0 2875 2876 2979
5696 2 0 2875 2979 2978
5697 2 0 2876 2877 2980
5698 2 0 2876 2980 2979
5699 2 0 2877 2878 2981
5700 2 0 2877 2981 2980
5701 2 0 2878 2879 2982
5702 2 0 2878 2982 2981
5703 2 0 2879 2880 2983
5704 2 0 2879 2983 2982
5705 2 0 2880 2881 2984
5706 2 0 2880 2984 2983
5707 2 0 2881 2882 2985
5708 2 0 2881 2985 2984
5709 2 0 2882 2883 2986
5710 2 0 2882 2986 2985
5711 2 0 2883 2884 2987
5712 2 0 2883 2987 2986
5713 2 0 2885 2886 2989
5714 2 0 2885 2989 2988
5715 2 0 2886 2887 2990
5716 2 0 2886 2990 2989
5717 2 0 2887 2888 2991
5718 2 0 2887 2991 2990
5719 2 0 2888 2889 2992
5720 2 0 2888 2992 2991
5721 2 0 2889 2890 2993
5722 2 0 2889 2993 2992
5723 2 0 2890 2891 2994
5724 2 0 2890 2994 2993
5725 2 0 2891 2892 2995
5726 2 0 2891 2995 2994
5727 2 0 2892 2893 2996
5728 2 0 2892 2996 2995
5729 2 0 2893 2894 2997
5730 2 0 2893 2997 2996
5731 2 0 2894 2895 2998
5732 2 0 2894 2998 2997
5733 2 0 2895 2896 2999
5734 2 0 2895 2999 2998
5735 2 0 2896 2897 3000
5736 2 0 2896 3000 2999
5737 2 0 2897 2898 3001
5738 2 0 2897 3001 3000
5739 2 0 2898 2899 3002
5740 2 0 2898 3002 3001
5741 2 0 2899 2900 3003
5742 2 0 2899 3003 3002
5743 2 0 2900 2901 3004
5744 2 0 2900 3004 3003
5745 2 0 2901 2902 3005
5746 2 0 2901 3005 3004
5747 2 0 2902 2903 3006
5748 2 0 2902 3006 3005
5749 2 0 2903 2904 3007
5750 2 0 2903 3007 3006
5751 2 0 2904 2905 3008
5752 2 0 2904 3008 3007
5753 2 0 2905 2906 3009
5754 2 0 2905 3009 3008
5755 2 0 2906 2907 3010
5756 2 0 2906 3010 3009
5757 2 0 2907 2908 3011
5758 2 0 2907 3011 3010
5759 2 0 2908 2909 3012
5760 2 0 2908 3012 3011
5761 2 0 2909 2910 3013
5762 2 0 2909 3013 3012
5763 2 0 2910 2911 3014
5764 2 0 2910 3014 3013
5765 2 0 2911 2912 3015
5766 2 0 2911 3015 3014
5767 2 0 2912 2913 3016
5768 2 0 2912 3016 3015
5769 2 0 2913 2914 3017
5770 2 0 2913 3017 3016
5771 2 0 2914 2915 3018
5772 2 0 2914 3018 3017
5773 2 0 2915 2916 3019
5774 2 0 2915 3019 3018
5775 2 0 2916 2917 3020
5776 2 0 2916 3020 3019
5777 2 0 2917 2918 3021
5778 2 0 2917 3021 3020
5779 2 0 2918 2919 3022
5780 2 0 2918 3022 3021
5781 2 0 2919 2920 3023
5782 2 0 2919 3023 3022
5783 2 0 2920 2921 3024
5784 2 0 2920 3024 3023
5785 2 0 2921 2922 3025
5786 2 0 2921 3025 3024
5787 2 0 2922 2923 3026
5788 2 0 2922 3026 3025
5789 2 0 2923 2924 3027
5790 2 0 2923 3027 3026
5791 2 0 2924 2925 3028
5792 2 0 2924 3028 3027
5793 2 0 2925 2926 3029
5794 2 0 2925 3029 3028
5795 2 0 2926 2927 3030
5796 2 0 2926 3030 3029
5797 2 0 2927 2928 3031
5798 2 0 2927 3031 3030
5799 2 0 2928 2929 3032
5800 2 0 2928 3032 3031
5801 2 0 2929 2930 3033
5802 2 0 2929 3033 3032
5803 2 0 2930 2931 3034
5804 2 0 2930 3034 3033
5805 2 0 2931 2932 3035
5806 2 0 2931 3035 3034
5807 2 0 2932 2933 3036
5808 2 0 2932 3036 3035
5809 2 0 2933 2934 3037
5810 2 0 2933 3037 3036
5811 2 0 2934 2935 3038
5812 2 0 2934 3038 3037
5813 2 0 2935 2936 3039
5814 2 0 2935 3039 3038
5815 2 0 2936 2937 3040
5816 2 0 2936 3040 3039
5817 2 0 2937 2938 3041
5818 2 0 2937 3041 3040
5819 2 0 2938 2939 3042
5820 2 0 2938 3042 3041
5821 2 0 2939 2940 3043
5822 2 0 2939 3043 3042
5823 2 0 2940 2941 3044
5824 2 0 2940 3044 3043
5825 2 0 2941 2942 3045
5826 2 0 2941 3045 3044
5827 2 0 2942 2943 3046
5828 2 0 2942 3046 3045
5829 2 0 2943 2944 3047
5830 2 0 2943 3047 3046
5831 2 0 2944 2945 3048
5832 2 0 2944 3048 3047
5833 2 0 2945 2946 3049
5834 2 0 2945 3049 3048
5835 2 0 2946 2947 3050
5836 2 0 2946 3050 3049
5837 2 0 2947 2948 3051
5838 2 0 2947 3051 3050
5839 2 0 2948 2949 3052
5840 2 0 2948 3052 3051
5841 2 0 2949 2950 3053
5842 2 0 2949 3053 3052
5843 2 0 2950 2951 3054
5844 2 0 2950 3054 3053
5845 2 0 2951 2952 3055
5846 2 0 2951 3055 3054
5847 2 0 2952 2953 3056
5848 2 0 2952 3056 3055
5849 2 0 2953 2954 3057
5850 2 0 2953 3057 3056
5851 2 0 2954 2955 3058
5852 2 0 2954 3058 3057
5853 2 0 2955 2956 3059
5854 2 0 2955 3059 3058
5855 2 0 2956 2957 3060
5856 2 0 2956 3060 3059
5857 2 0 2957 2958 3061
5858 2 0 2957 3061 3060
5859 2 0 2958 2959 3062
5860 2 0 2958 3062 3061
5861 2 0 2959 2960 3063
5862 2 0 2959 3063 3062
5863 2 0 2960 2961 3064
5864 2 0 2960 3064 3063
5865 2 0 2961 2962 3065
5866 2 0 2961 3065 3064
5867 2 0 2962 2963 3066
5868 2 0 2962 3066 3065
5869 2 0 2963 2964 3067
5870 2 0 2963 3067 3066
5871 2 0 2964 2965 3068
5872 2 0 2964 3068 3067
5873 2 0 2965 2966 3069
5874 2 0 2965 3069 3068
5875 2 0 2966 2967 3070
5876 2 0 2966 3070 3069
5877 2 0 2967 2968 3071
5878 2 0 2967 3071 3070
5879 2 0 2968 2969 3072
5880 2 0 2968 3072 3071
5881 2 0 2969 2970 3073
5882 2 0 2969 3073 3072
5883 2 0 2970 2971 3074
5884 2 0 2970 3074 3073
5885 2 0 2971 2972 3075
5886 2 0 2971 3075 3074
5887 2 0 2972 2973 3076
5888 2 0 2972 3076 3075
5889 2 0 2973 2974 3077
5890 2 0 2973 3077 3076
5891 2 0 2974 2975 3078
5892 2 0 2974 3078 3077
5893 2 0 2975 2976 3079
5894 2 0 2975 3079 3078
5895 2 0 2976 2977 3080
5896 2 0 2976 3080 3079
5897 2 0 2977 2978 3081
5898 2 0 2977 3081 3080
5899 2 0 2978 2979 3082
5900 2 0 2978 3082 3081
5901 2 0 2979 2980 3083
5902 2 0 2979 3083 3082
5903 2 0 2980 2981 3084
5904 2 0 2980 3084 3083
5905 2 0 2981 2982 3085
5906 2 0 2981 3085 3084
5907 2 0 2982 2983 3086
5908 2 0 2982 3086 3085
5909 2 0 2983 2984 3087
5910 2 0 2983 3087 3086
5911 2 0 2984 2985 3088
5912 2 0 2984 3088 3087
5913 2 0 2985 2986 3089
5914 2 0 2985 3089 3088
5915 2 0 2986 2987 3090
5916 2 0 2986 3090 3089
5917 2 0 2988 2989 3092
5918 2 0 2988 3092 3091
5919 2 0 2989 2990 3093
5920 2 0 2989 3093 3092
5921 2 0 2990 2991 3094
5922 2 0 2990 3094 3093
5923 2 0 2991 2992 3095
5924 2 0 2991 3095 3094
5925 2 0 2992 2993 3096
5926 2 0 2992 3096 3095
5927 2 0 2993 2994 3097
5928 2 0 2993 3097 3096
5929 2 0 2994 2995 3098
5930 2 0 2994 3098 3097
5931 2 0 2995 2996 3099
5932 2 0 2995 3099 3098
5933 2 0 2996 2997 3100
5934 2 0 2996 3100 3099
5935 2 0 2997 2998 3101
5936 2 0 2997 3101 3100
5937 2 0 2998 2999 3102
5938 2 0 2998 3102 3101
5939 2 0 2999 3000 3103
5940 2 0 2999 3103 3102
5941 2 0 3000 3001 3104
5942 2 0 3000 3104 3103
5943 2 0 3001 3002 3105
5944 2 0 3001 3105 3104
5945 2 0 3002 3003 3106
5946 2 0 3002 3106 3105
5947 2 0 3003 3004 3107
5948 2 0 3003 3107 3106
5949 2 0 3004 3005 3108
5950 2 0 3004 3108 3107
5951 2 0 3005 3006 3109
5952 2 0 3005 3109 3108
5953 2 0 3006 3007 3110
5954 2 0 3006 3110 3109
5955 2 0 3007 3008 3111
5956 2 0 3007 3111 3110
5957 2 0 3008 3009 3112
5958 2 0 3008 3112 3111
5959 2 0 3009 3010 3113
5960 2 0 3009 3113 3112
5961 2 0 3010 3011 3114
5962 2 0 3010 3114 3113
5963 2 0 3011 3012 3115
5964 2 0 3011 3115 3114
5965 2 0 3012 3013 3116
5966 2 0 3012 3116 3115
5967 2 0 3013 3014 3117
5968 2 0 3013 3117 3116
5969 2 0 3014 3015 3118
5970 2 0 3014 3118 3117
5971 2 0 3015 3016 3119
5972 2 0 3015 3119 3118
5973 2 0 3016 3017 3120
5974 2 0 3016 3120 3119
5975 2 0 3017 3018 3121
5976 2 0 3017 3121 3120
5977 2 0 3018 3019 3122
5978 2 0 3018 3122 3121
5979 2 0 3019 3020 3123
5980 2 0 3019 3123 3122
5981 2 0 3020 3021 3124
5982 2 0 3020 3124 3123
5983 2 0 3021 3022 3125
5984 2 0 3021 3125 3124
5985 2 0 3022 3023 3126
5986 2 0 3022 3126 3125
5987 2 0 3023 3024 3127
5988 2 0 3023 3127 3126
5989 2 0 3024 3025 3128
5990 2 0 3024 3128 3127
5991 2 0 3025 3026 3129
5992 2 0 3025 3129 3128
5993 2 0 3026 3027 3130
5994 2 0 3026 3130 3129
5995 2 0 3027 3028 3131
5996 2 0 3027 3131 3130
5997 2 0 3028 3029 3132
5998 2 0 3028 3132 3131
5999 2 0 3029 3030 3133
6000 2 0 3029 3133 3132
6001 2 0 3030 3031 3134
6002 2 0 3030 3134 3133
6003 2 0 3031 3032 3135
6004 2 0 3031 3135 3134
6005 2 0 3032 3033 3136
6006 2 0 3032 3136 3135
6007 2 0 3033 3034 3137
6008 2 0 3033 3137 3136
6009 2 0 3034 3035 3138
6010 2 0 3034 3138 3137
6011 2 0 3035 3036 3139
6012 2 0 3035 3139 3138
6013 2 0 3036 3037 3140
6014 2 0 3036 3140 3139
6015 2 0 3037 3038 3141
6016 2 0 3037 3141 3140
6017 2 0 3038 3039 3142
6018 2 0 3038 3142 3141
6019 2 0 3039 3040 3143
6020 2 0 3039 3143 3142
6021 2 0 3040 3041 3144
6022 2 0 3040 3144 3143
6023 2 0 3041 3042 3145
6024 2 0 3041 3145 3144
6025 2 0 3042 3043 3146
6026 2 0 3042 3146 3145
6027 2 0 3043 3044 3147
6028 2 0 3043 3147 3146
6029 2 0 3044 3045 3148
6030 2 0 3044 3148 3147
6031 2 0 3045 3046 3149
6032 2 0 3045 3149 3148
6033 2 0 3046 3047 3150
6034 2 0 3046 3150 3149
6035 2 0 3047 3048 3151
6036 2 0 3047 3151 3150
6037 2 0 3048 3049 3152
6038 2 0 3048 3152 3151
6039 2 0 3049 3050 3153
6040 2 0 3049 3153 3152
6041 2 0 3050 3051 3154
6042 2 0 3050 3154 3153
6043 2 0 3051 3052 3155
6044 2 0 3051 3155 3154
6045 2 0 3052 3053 3156
6046 2 0 3052 3156 3155
6047 2 0 3053 3054 3157
6048 2 0 3053 3157 3156
6049 2 0 3054 3055 3158
6050 2 0 3054 3158 3157
6051 2 0 3055 3056 3159
6052 2 0 3055 3159 3158
6053 2 0 3056 3057 3160
6054 2 0 3056 3160 3159
6055 2 0 3057 3058 3161
6056 2 0 3057 3161 3160
6057 2 0 3058 3059 3162
6058 2 0 3058 3162 3161
6059 2 0 3059 3060 3163
6060 2 0 3059 3163 3162
6061 2 0 3060 3061 3164
6062 2 0 3060 3164 3163
6063 2 0 3061 3062 3165
6064 2 0 3061 3165 3164
6065 2 0 3062 3063 3166
6066 2 0 3062 3166 3165
6067 2 0 3063 3064 3167
6068 2 0 3063 3167 3166
6069 2 0 3064 3065 3168
6070 2 0 3064 3168 3167
6071 2 0 3065 3066 3169
6072 2 0 3065 3169 3168
6073 2 0 3066 3067 3170
6074 2 0 3066 3170 3169
6075 2 0 3067 3068 3171
6076 2 0 3067 3171 3170
6077 2 0 3068 3069 3172
6078 2 0 3068 3172 3171
6079 2 0 3069 3070 3173
6080 2 0 3069 3173 3172
6081 2 0 3070 3071 3174
6082 2 0 3070 3174 3173
6083 2 0 3071 3072 3175
6084 2 0 3071 3175 3174
6085 2 0 3072 3073 3176
6086 2 0 3072 3176 3175
6087 2 0 3073 3074 3177
6088 2 0 3073 3177 3176
6089 2 0 3074 3075 3178
6090 2 0 3074 3178 3177
6091 2 0 3075 3076 3179
6092 2 0 3075 3179 3178
6093 2 0 3076 3077 3180
6094 2 0 3076 3180 3179
6095 2 0 3077 3078 3181
6096 2 0 3077 3181 3180
6097 2 0 3078 3079 3182
6098 2 0 3078 3182 3181
6099 2 0 3079 3080 3183
6100 2 0 3079 3183 3182
6101 2 0 3080 3081 3184
6102 2 0 3080 3184 3183
6103 2 0 3081 3082 3185
6104 2 0 3081 3185 3184
6105 2 0 3082 3083 3186
6106 2 0 3082 3186 3185
6107 2 0 3083 3084 3187
6108 2 0 3083 3187 3186
6109 2 0 3084 3085 3188
6110 2 0 3084 3188 3187
6111 2 0 3085 3086 3189
6112 2 0 3085 3189 3188
6113 2 0 3086 3087 3190
6114 2 0 3086 3190 3189
6115 2 0 3087 3088 3191
6116 2 0 3087 3191 3190
6117 2 0 3088 3089 3192
6118 2 0 3088 3192 3191
6119 2 0 3089 3090 3193
6120 2 0 3089 3193 3192
6121 2 0 3091 3092 3195
6122 2 0 3091 3195 3194
6123 2 0 3092 3093 3196
6124 2 0 3092 3196 3195
6125 2 0 3093 3094 3197
6126 2 0 3093 3197 3196
6127 2 0 3094 3095 3198
6128 2 0 3094 3198 3197
6129 2 0 3095 3096 3199
6130 2 0 3095 3199 3198
6131 2 0 3096 3097 3200
6132 2 0 3096 3200 3199
6133 2 0 3097 3098 3201
6134 2 0 3097 3201 3200
6135 2 0 3098 3099 3202
6136 2 0 3098 3202 3201
6137 2 0 3099 3100 3203
6138 2 0 3099 3203 3202
6139 2 0 3100 3101 3204
6140 2 0 3100 3204 3203
6141 2 0 3101 3102 3205
6142 2 0 3101 3205 3204
6143 2 0 3102 3103 3206
6144 2 0 3102 3206 3205
6145 2 0 3103 3104 3207
6146 2 0 3103 3207 3206
6147 2 0 3104 3105 3208
6148 2 0 3104 3208 3207
6149 2 0 3105 3106 3209
6150 2 0 3105 3209 3208
6151 2 0 3106 3107 3210
6152 2 0 3106 3210 3209
6153 2 0 3107 3108 3211
6154 2 0 3107 3211 3210
6155 2 0 3108 3109 3212
6156 2 0 3108 3212 3211
6157 2 0 3109 3110 3213
6158 2 0 3109 3213 3212
6159 2 0 3110 3111 3214
6160 2 0 3110 3214 3213
6161 2 0 3111 3112 3215
6162 2 0 3111 3215 3214
6163 2 0 3112 3113 3216
6164 2 0 3112 3216 3215
6165 2 0 3113 3114 3217
6166 2 0 3113 3217 3216
6167 2 0 3114 3115 3218
6168 2 0 3114 3218 3217
6169 2 0 3115 3116 3219
6170 2 0 3115 3219 3218
6171 2 0 3116 3117 3220
6172 2 0 3116 3220 3219
6173 2 0 3117 3118 3221
6174 2 0 3117 3221 3220
6175 2 0 3118 3119 3222
6176 2 0 3118 3222 3221
6177 2 0 3119 3120 3223
6178 2 0 3119 3223 3222
6179 2 0 3120 3121 3224
6180 2 0 3120 3224 3223
6181 2 0 3121 3122 3225
6182 2 0 3121 3225 3224
6183 2 0 3122 3123 3226
6184 2 0 3122 3226 3225
6185 2 0 3123 3124 3227
6186 2 0 3123 3227 3226
6187 2 0 3124 3125 3228
6188 2 0 3124 3228 3227
6189 2 0 3125 3126 3229
6190 2 0 3125 3229 3228
6191 2 0 3126 3127 3230
6192 2 0 3126 3230 3229
6193 2 0 3127 3128 3231
6194 2 0 3127 3231 3230
6195 2 0 3128 3129 3232
6196 2 0 3128 3232 3231
6197 2 0 3129 3130 3233
6198 2 0 3129 3233 3232
6199 2 0 3130 3131 3234
6200 2 0 3130 3234 3233
6201 2 0 3131 3132 3235
6202 2 0 3131 3235 3234
6203 2 0 3132 3133 3236
6204 2 0 3132 3236 3235
6205 2 0 3133 3134 3237
6206 2 0 3133 3237 3236
6207 2 0 3134 3135 3238
6208 2 0 3134 3238 3237
6209 2 0 3135 3136 3239
6210 2 0 3135 3239 3238
6211 2 0 3136 3137 3240
6212 2 0 3136 3240 3239
6213 2 0 3137 3138 3241
6214 2 0 3137 3241 3240
6215 2 0 3138 3139 3242
6216 2 0 3138 3242 3241
6217 2 0 3139 3140 3243
6218 2 0 3139 3243 3242
6219 2 0 3140 3141 3244
6220 2 0 3140 3244 3243
6221 2 0 3141 3142 3245
6222 2 0 3141 3245 3244
6223 2 0 3142 3143 3246
6224 2 0 3142 3246 3245
6225 2 0 3143 3144 3247
6226 2 0 3143 3247 3246
6227 2 0 3144 3145 3248
6228 2 0 3144 3248 3247
6229 2 0 3145 3146 3249
6230 2 0 3145 3249 3248
6231 2 0 3146 3147 3250
6232 2 0 3146 3250 3249
6233 2 0 3147 3148 3251
6234 2 0 3147 3251 3250
6235 2 0 3148 3149 3252
6236 2 0 3148 3252 3251
6237 2 0 3149 3150 3253
6238 2 0 3149 3253 3252
6239 2 0 3150 3151 3254
6240 2 0 3150 3254 3253
6241 2 0 3151 3152 3255
6242 2 0 3151 3255 3254
6243 2 0 3152 3153 3256
6244 2 0 3152 3256 3255
6245 2 0 3153 3154 3257
6246 2 0 3153 3257 3256
6247 2 0 3154 3155 3258
6248 2 0 3154 3258 3257
6249 2 0 3155 3156 3259
6250 2 0 3155 3259 3258
6251 2 0 3156 3157 3260
6252 2 0 3156 3260 3259
6253 2 0 3157 3158 3261
6254 2 0 3157 3261 3260
6255 2 0 3158 3159 3262
6256 2 0 3158 3262 3261
6257 2 0 3159 3160 3263
6258 2 0 3159 3263 3262
6259 2 0 3160 3161 3264
6260 2 0 3160 3264 3263
6261 2 0 3161 3162 3265
6262 2 0 3161 3265 3264
6263 2 0 3162 3163 3266
6264 2 0 3162 3266 3265
6265 2 0 3163 3164 3267
6266 2 0 3163 3267 3266
6267 2 0 3164 3165 3268
6268 2 0 3164 3268 3267
6269 2 0 3165 3166 3269
6270 2 0 3165 3269 3268
6271 2 0 3166 3167 3270
6272 2 0 3166 3270 3269
6273 2 0 3167 3168 3271
6274 2 0 3167 3271 3270
6275 2 0 3168 3169 3272
6276 2 0 3168 3272 3271
6277 2 0 3169 3170 3273
6278 2 0 3169 3273 3272
6279 2 0 3170 3171 3274
6280 2 0 3170 3274 3273
6281 2 0 3171 3172 3275
6282 2 0 3171 3275 3274
6283 2 0 3172 3173 3276
6284 2 0 3172 3276 3275
6285 2 0 3173 3174 3277
6286 2 0 3173 3277 3276
6287 2 0 3174 3175 3278
6288 2 0 3174 3278 3277
6289 2 0 3175 3176 3279
6290 2 0 3175 3279 3278
6291 2 0 3176 3177 3280
6292 2 0 3176 3280 3279
6293 2 0 3177 3178 3281
6294 2 0 3177 3281 3280
6295 2 0 3178 3179 3282
6296 2 0 3178 3282 3281
6297 2 0 3179 3180 3283
6298 2 0 3179 3283 3282
6299 2 0 3180 3181 3284
6300 2 0 3180 3284 3283
6301 2 0 3181 3182 3285
6302 2 0 3181 3285 3284
6303 2 0 3182 3183 3286
6304 2 0 3182 3286 3285
6305 2 0 3183 3184 3287
6306 2 0 3183 3287 3286
6307 2 0 3184 3185 3288
6308 2 0 3184 3288 3287
6309 2 0 3185 3186 3289
6310 2 0 3185 3289 3288
6311 2 0 3186 3187 3290
6312 2 0 3186 3290 3289
6313 2 0 3187 3188 3291
6314 2 0 3187 3291 3290
6315 2 0 3188 3189 3292
6316 2 0 3188 3292 3291
6317 2 0 3189 3190 3293
6318 2 0 3189 3293 3292
6319 2 0 3190 3191 3294
6320 2 0 3190 3294 3293
6321 2 0 3191 3192 3295
6322 2 0 3191 3295 3294
6323 2 0 3192 3193 3296
6324 2 0 3192 3296 3295
6325 2 0 3194 3195 3298
6326 2 0 3194 3298 3297
6327 2 0 3195 3196 3299
6328 2 0 3195 3299 3298
6329 2 0 3196 3197 3300
6330 2 0 3196 3300 3299
6331 2 0 3197 3198 3301
6332 2 0 3197 3301 3300
6333 2 0 3198 3199 3302
6334 2 0 3198 3302 3301
6335 2 0 3199 3200 3303
6336 2 0 3199 3303 3302
6337 2 0 3200 3201 3304
6338 2 0 3200 3304 3303
6339 2 0 3201 3202 3305
6340 2 0 3201 3305 3304
6341 2 0 3202 3203 3306
6342 2 0 3202 3306 3305
6343 2 0 3203 3204 3307
6344 2 0 3203 3307 3306
6345 2 0 3204 3205 3308
6346 2 0 3204 3308 3307
6347 2 0 3205 3206 3309
6348 2 0 3205 3309 3308
6349 2 0 3206 3207 3310
6350 2 0 3206 3310 3309
6351 2 0 3207 3208 3311
6352 2 0 3207 3311 3310
6353 2 0 3208 3209 3312
6354 2 0 3208 3312 3311
6355 2 0 3209 3210 3313
6356 2 0 3209 3313 3312
6357 2 0 3210 3211 3314
6358 2 0 3210 3314 3313
6359 2 0 3211 3212 3315
6360 2 0 3211 3315 3314
6361 2 0 3212 3213 3316
6362 2 0 3212 3316 3315
6363 2 0 3213 3214 3317
6364 2 0 3213 3317 3316
6365 2 0 3214 3215 3318
6366 2 0 3214 3318 3317
6367 2 0 3215 3216 3319
6368 2 0 3215 3319 3318
6369 2 0 3216 3217 3320
6370 2 0 3216 3320 3319
6371 2 0 3217 3218 3321
6372 2 0 3217 3321 3320
6373 2 0 3218 3219 3322
6374 2 0 3218 3322 3321
6375 2 0 3219 3220 3323
6376 2 0 3219 3323 3322
6377 2 0 3220 3221 3324
6378 2 0 3220 3324 3323
6379 2 0 3221 3222 3325
6380 2 0 3221 3325 3324
6381 2 0 3222 3223 3326
6382 2 0 3222 3326 3325
6383 2 0 3223 3224 3327
6384 2 0 3223 3327 3326
6385 2 0 3224 3225 3328
6386 2 0 3224 3328 3327
6387 2 0 3225 3226 3329
6388 2 0 3225 3329 3328
6389 2 0 3226 3227 3330
6390 2 0 3226 3330 3329
6391 2 0 3227 3228 3331
6392 2 0 3227 3331 3330
6393 2 0 3228 3229 3332
6394 2 0 3228 3332 3331
6395 2 0 3229 3230 3333
6396 2 0 3229 3333 3332
6397 2 0 3230 3231 3334
6398 2 0 3230 3334 3333
6399 2 0 3231 3232 3335
6400 2 0 3231 3335 3334
6401 2 0 3232 3233 3336
6402 2 0 3232 3336 3335
6403 2 0 3233 3234 3337
6404 2 0 3233 3337 3336
6405 2 0 3234 3235 3338
6406 2 0 3234 3338 3337
6407 2 0 3235 3236 3339
6408 2 0 3235 3339 3338
6409 2 0 3236 3237 3340
6410 2 0 3236 3340 3339
6411 2 0 3237 3238 3341
6412 2 0 3237 3341 3340
6413 2 0 3238 3239 3342
6414 2 0 3238 3342 3341
6415 2 0 3239 3240 3343
6416 2 0 3239 3343 3342
6417 2 0 3240 3241 3344
6418 2 0 3240 3344 3343
6419 2 0 3241 3242 3345
6420 2 0 3241 3345 3344
6421 2 0 3242 3243 3346
6422 2 0 3242 3346 3345
6423 2 0 3243 3244 3347
6424 2 0 3243 3347 3346
6425 2 0 3244 3245 3348
6426 2 0 3244 3348 3347
6427 2 0 3245 3246 3349
6428 2 0 3245 3349 3348
6429 2 0 3246 3247 3350
6430 2 0 3246 3350 3349
6431 2 0 3247 3248 3351
6432 2 0 3247 3351 3350
6433 2 0 3248 3249 3352
6434 2 0 3248 3352 3351
6435 2 0 3249 3250 3353
6436 2 0 3249 3353 3352
6437 2 0 3250 3251 3354
6438 2 0 3250 3354 3353
6439 2 0 3251 3252 3355
6440 2 0 3251 3355 3354
6441 2 0 3252 3253 3356
6442 2 0 3252 3356 3355
6443 2 0 3253 3254 3357
6444 2 0 3253 3357 3356
6445 2 0 3254 3255 3358
6446 2 0 3254 3358 3357
6447 2 0 3255 3256 3359
6448 2 0 3255 3359 3358
6449 2 0 3256 3257 3360
6450 2 0 3256 3360 3359
6451 2 0 3257 3258 3361
6452 2 0 3257 3361 3360
6453 2 0 3258 3259 3362
6454 2 0 3258 3362 3361
6455 2 0 3259 3260 3363
6456 2 0 3259 3363 3362
6457 2 0 3260 3261 3364
6458 2 0 3260 3364 3363
6459 2 0 3261 3262 3365
6460 2 0 3261 3365 3364
6461 2 0 3262 3263 3366
6462 2 0 3262 3366 3365
6463 2 0 3263 3264 3367
6464 2 0 3263 3367 3366
6465 2 0 3264 3265 3368
6466 2 0 3264 3368 3367
6467 2 0 3265 3266 3369
6468 2 0 3265 3369 3368
6469 2 0 3266 3267 3370
6470 2 0 3266 3370 3369
6471 2 0 3267 3268 3371
6472 2 0 3267 3371 3370
6473 2 0 3268 3269 3372
6474 2 0 3268 3372 3371
6475 2 0 3269 3270 3373
6476 2 0 3269 3373 3372
6477 2 0 3270 3271 3374
6478 2 0 3270 3374 3373
6479 2 0 3271 3272 3375
6480 2 0 3271 3375 3374
6481 2 0 3272 3273 3376
6482 2 0 3272 3376 3375
6483 2 0 3273 3274 3377
6484 2 0 3273 3377 3376
6485 2 0 3274 3275 3378
6486 2 0 3274 3378 3377
6487 2 0 3275 3276 3379
6488 2 0 3275 3379 3378
6489 2 0 3276 3277 3380
6490 2 0 3276 3380 3379
6491 2 0 3277 3278 3381
6492 2 0 3277 3381 3380
6493 2 0 3278 3279 3382
6494 2 0 3278 3382 3381
6495 2 0 3279 3280 3383
6496 2 0 3279 3383 3382
6497 2 0 3280 3281 3384
6498 2 0 3280 3384 3383
6499 2 0 3281 3282 3385
6500 2 0 3281 3385 3384
6501 2 0 3282 3283 3386
6502 2 0 3282 3386 3385
6503 2 0 3283 3284 3387
6504 2 0 3283 3387 3386
6505 2 0 3284 3285 3388
6506 2 0 3284 3388 3387
6507 2 0 3285 3286 3389
6508 2 0 3285 3389 3388
6509 2 0 3286 3287 3390
6510 2 0 3286 3390 3389
6511 2 0 3287 3288 3391
6512 2 0 3287 3391 3390
6513 2 0 3288 3289 3392
6514 2 0 3288 3392 3391
6515 2 0 3289 3290 3393
6516 2 0 3289 3393 3392
6517 2 0 3290 3291 3394
6518 2 0 3290 3394 3393
6519 2 0 3291 3292 3395
6520 2 0 3291 3395 3394
6521 2 0 3292 3293 3396
6522 2 0 3292 3396 3395
6523 2 0 3293 3294 3397
6524 2 0 3293 3397 3396
6525 2 0 3294 3295 3398
6526 2 0 3294 3398 3397
6527 2 0 3295 3296 3399
6528 2 0 3295 3399 3398
6529 2 0 3297 3298 3401
6530 2 0 3297 3401 3400
6531 2 0 3298 3299 3402
6532 2 0 3298 3402 3401
6533 2 0 3299 3300 3403
6534 2 0 3299 3403 3402
6535 2 0 3300 3301 3404
6536 2 0 3300 3404 3403
6537 2 0 3301 3302 3405
6538 2 0 3301 3405 3404
6539 2 0 3302 3303 3406
6540 2 0 3302 3406 3405
6541 2 0 3303 3304 3407
6542 2 0 3303 3407 3406
6543 2 0 3304 3305 3408
6544 2 0 3304 3408 3407
6545 2 0 3305 3306 3409
6546 2 0 3305 3409 3408
6547 2 0 3306 3307 3410
6548 2 0 3306 3410 3409
6549 2 0 3307 3308 3411
6550 2 0 3307 3411 3410
6551 2 0 3308 3309 3412
6552 2 0 3308 3412 3411
6553 2 0 3309 3310 3413
6554 2 0 3309 3413 3412
6555 2 0 3310 3311 3414
6556 2 0 3310 3414 3413
6557 2 0 3311 3312 3415
6558 2 0 3311 3415 3414
6559 2 0 3312 3313 3416
6560 2 0 3312 3416 3415
6561 2 0 3313 3314 3417
6562 2 0 3313 3417 3416
6563 2 0 3314 3315 3418
6564 2 0 3314 3418 3417
6565 2 0 3315 3316 3419
6566 2 0 3315 3419 3418
6567 2 0 3316 3317 3420
6568 2 0 3316 3420 3419
6569 2 0 3317 3318 3421
6570 2 0 3317 3421 3420
6571 2 0 3318 3319 3422
6572 2 0 3318 3422 3421
6573 2 0 3319 3320 3423
6574 2 0 3319 3423 3422
6575 2 0 3320 3321 3424
6576 2 0 3320 3424 3423
6577 2 0 3321 3322 3425
6578 2 0 3321 3425 3424
6579 2 0 3322 3323 3426
6580 2 0 3322 3426 3425
6581 2 0 3323 3324 3427
6582 2 0 3323 3427 3426
6583 2 0 3324 3325 3428
6584 2 0 3324 3428 3427
6585 2 0 3325 3326 3429
6586 2 0 3325 3429 3428
6587 2 0 3326 3327 3430
6588 2 0 3326 3430 3429
6589 2 0 3327 3328 3431
6590 2 0 3327 3431 3430
6591 2 0 3328 3329 3432
6592 2 0 3328 3432 3431
6593 2 0 3329 3330 3433
6594 2 0 3329 3433 3432
6595 2 0 3330 3331 3434
6596 2 0 3330 3434 3433
6597 2 0 3331 3332 3435
6598 2 0 3331 3435 3434
6599 2 0 3332 3333 3436
6600 2 0 3332 3436 3435
6601 2 0 3333 3334 3437
6602 2 0 3333 3437 3436
6603 2 0 3334 3335 3438
6604 2 0 3334 3438 3437
6605 2 0 3335 3336 3439
6606 2 0 3335 3439 3438
6607 2 0 3336 3337 3440
6608 2 0 3336 3440 3439
6609 2 0 3337 3338 3441
6610 2 0 3337 3441 3440
6611 2 0 3338 3339 3442
6612 2 0 3338 3442 3441
6613 2 0 3339 3340 3443
6614 2 0 3339 3443 3442
6615 2 0 3340 3341 3444
6616 2 0 3340 3444 3443
6617 2 0 3341 3342 3445
6618 2 0 3341 3445 3444
6619 2 0 3342 3343 3446
6620 2 0 3342 3446 3445
6621 2 0 3343 3344 3447
6622 2 0 3343 3447 3446
6623 2 0 3344 3345 3448
6624 2 0 3344 3448 3447
6625 2 0 3345 3346 3449
6626 2 0 3345 3449 3448
6627 2 0 3346 3347 3450
6628 2 0 3346 3450 3449
6629 2 0 3347 3348 3451
6630 2 0 3347 3451 3450
6631 2 0 3348 3349 3452
6632 2 0 3348 3452 3451
6633 2 0 3349 3350 3453
6634 2 0 3349 3453 3452
6635 2 0 3350 3351 3454
6636 2 0 3350 3454 3453
6637 2 0 3351 3352 3455
6638 2 0 3351 3455 3454
6639 2 0 3352 3353 3456
6640 2 0 3352 3456 3455
6641 2 0 3353 3354 3457
6642 2 0 3353 3457 3456
6643 2 0 3354 3355 3458
6644 2 0 3354 3458 3457
6645 2 0 3355 3356 3459
6646 2 0 3355 3459 3458
6647 2 0 3356 3357 3460
6648 2 0 3356 3460 3459
6649 2 0 3357 3358 3461
6650 2 0 3357 3461 3460
6651 2 0 3358 3359 3462
6652 2 0 3358 3462 3461
6653 2 0 3359 3360 3463
6654 2 0 3359 3463 3462
6655 2 0 3360 3361 3464
6656 2 0 3360 3464 3463
6657 2 0 3361 3362 3465
6658 2 0 3361 3465 3464
6659 2 0 3362 3363 3466
6660 2 0 3362 3466 3465
6661 2 0 3363 3364 3467
6662 2 0 3363 3467 3466
6663 2 0 3364 3365 3468
6664 2 0 3364 3468 3467
6665 2 0 3365 3366 3469
6666 2 0 3365 3469 3468
6667 2 0 3366 3367 3470
6668 2 0 3366 3470 3469
6669 2 0 3367 3368 3471
6670 2 0 3367 3471 3470
6671 2 0 3368 3369 3472
6672 2 0 3368 3472 3471
6673 2 0 3369 3370 3473
6674 2 0 3369 3473 3472
6675 2 0 3370 3371 3474
6676 2 0 3370 3474 3473
6677 2 0 3371 3372 3475
6678 2 0 3371 3475 3474
6679 2 0 3372 3373 3476
6680 2 0 3372 3476 3475
6681 2 0 3373 3374 3477
6682 2 0 3373 3477 3476
6683 2 0 3374 3375 3478
6684 2 0 3374 3478 3477
6685 2 0 3375 3376 3479
6686 2 0 3375 3479 3478
6687 2 0 3376 3377 3480
6688 2 0 3376 3480 3479
6689 2 0 3377 3378 3481
6690 2 0 3377 3481 3480
6691 2 0 3378 3379 3482
6692 2 0 3378 3482 3481
6693 2 0 3379 3380 3483
6694 2 0 3379 3483 3482
6695 2 0 3380 3381 3484
6696 2 0 3380 3484 3483
6697 2 0 3381 3382 3485
6698 2 0 3381 3485 3484
6699 2 0 3382 3383 3486
6700 2 0 3382 3486 3485
6701 2 0 3383 3384 3487
6702 2 0 3383 3487 3486
6703 2 0 3384 3385 3488
6704 2 0 3384 3488 3487
6705 2 0 3385 3386 3489
6706 2 0 3385 3489 3488
6707 2 0 3386 3387 3490
6708 2 0 3386 3490 3489
6709 2 0 3387 3388 3491
6710 2 0 3387 3491 3490
6711 2 0 3388 3389 3492
6712 2 0 3388 3492 3491
6713 2 0 3389 3390 3493
6714 2 0 3389 3493 3492
6715 2 0 3390 3391 3494
6716 2 0 3390 3494 3493
6717 2 0 3391 3392 3495
6718 2 0 3391 3495 3494
6719 2 0 3392 3393 3496
6720 2 0 3392 3496 3495
6721 2 0 3393 3394 3497
6722 2 0 3393 3497 3496
6723 2 0 3394 3395 3498
6724 2 0 3394 3498 3497
6725 2 0 3395 3396 3499
6726 2 0 3395 3499 3498
6727 2 0 3396 3397 3500
6728 2 0 3396 3500 3499
6729 2 0 3397 3398 3501
6730 2 0 3397 3501 3500
6731 2 0 3398 3399 3502
6732 2 0 3398 3502 3501
6733 2 0 3400 3401 3504
6734 2 0 3400 3504 3503
6735 2 0 3401 3402 3505
6736 2 0 3401 3505 3504
6737 2 0 3402 3403 3506
6738 2 0 3402 3506 3505
6739 2 0 3403 3404 3507
6740 2 0 3403 3507 3506
6741 2 0 3404 3405 3508
6742 2 0 3404 3508 3507
6743 2 0 3405 3406 3509
6744 2 0 3405 3509 3508
6745 2 0 3406 3407 3510
6746 2 0 3406 3510 3509
6747 2 0 3407 3408 3511
6748 2 0 3407 3511 3510
6749 2 0 3408 3409 3512
6750 2 0 3408 3512 3511
6751 2 0 3409 3410 3513
6752 2 0 3409 3513 3512
6753 2 0 3410 3411 3514
6754 2 0 3410 3514 3513
6755 2 0 3411 3412 3515
6756 2 0 3411 3515 3514
6757 2 0 3412 3413 3516
6758 2 0 3412 3516 3515
6759 2 0 3413 3414 3517
6760 2 0 3413 3517 3516
6761 2 0 3414 3415 3518
6762 2 0 3414 3518 3517
6763 2 0 3415 3416 3519
6764 2 0 3415 3519 3518
6765 2 0 3416 3417 3520
6766 2 0 3416 3520 3519
6767 2 0 3417 3418 3521
6768 2 0 3417 3521 3520
6769 2 0 3418 3419 3522
6770 2 0 3418 3522 3521
6771 2 0 3419 3420 3523
6772 2 0 3419 3523 3522
6773 2 0 3420 3421 3524
6774 2 0 3420 3524 3523
6775 2 0 3421 3422 3525
6776 2 0 3421 3525 3524
6777 2 0 3422 3423 3526
6778 2 0 3422 3526 3525
6779 2 0 3423 3424 3527
6780 2 0 3423 3527 3526
6781 2 0 3424 3425 3528
6782 2 0 3424 3528 3527
6783 2 0 3425 3426 3529
6784 2 0 3425 3529 3528
6785 2 0 3426 3427 3530
6786 2 0 3426 3530 3529
6787 2 0 3427 3428 3531
6788 2 0 3427 3531 3530
6789 2 0 3428 3429 3532
6790 2 0 3428 3532 3531
6791 2 0 3429 3430 3533
6792 2 0 3429 3533 3532
6793 2 0 3430 3431 3534
6794 2 0 3430 3534 3533
6795 2 0 3431 3432 3535
6796 2 0 3431 3535 3534
6797 2 0 3432 3433 3536
6798 2 0 3432 3536 3535
6799 2 0 3433 3434 3537
6800 2 0 3433 3537 3536
6801 2 0 3434 3435 3538
6802 2 0 3434 3538 3537
6803 2 0 3435 3436 3539
6804 2 0 3435 3539 3538
6805 2 0 3436 3437 3540
6806 2 0 3436 3540 3539
6807 2 0 3437 3438 3541
6808 2 0 3437 3541 3540
6809 2 0 3438 3439 3542
6810 2 0 3438 3542 3541
6811 2 0 3439 3440 3543
6812 2 0 3439 3543 3542
6813 2 0 3440 3441 3544
6814 2 0 3440 3544 3543
6815 2 0 3441 3442 3545
6816 2 0 3441 3545 3544
6817 2 0 3442 3443 3546
6818 2 0 3442 3546 3545
6819 2 0 3443 3444 3547
6820 2 0 3443 3547 3546
6821 2 0 3444 3445 3548
6822 2 0 3444 3548 3547
6823 2 0 3445 3446 3549
6824 2 0 3445 3549 3548
6825 2 0 3446 3447 3550
6826 2 0 3446 3550 3549
6827 2 0 3447 3448 3551
6828 2 0 3447 3551 3550
6829 2 0 3448 3449 3552
6830 2 0 3448 3552 3551
6831 2 0 3449 3450 3553
6832 2 0 3449 3553 3552
6833 2 0 3450 3451 3554
6834 2 0 3450 3554 3553
6835 2 0 3451 3452 3555
6836 2 0 3451 3555 3554
6837 2 0 3452 3453 3556
6838 2 0 3452 3556 3555
6839 2 0 3453 3454 3557
6840 2 0 3453 3557 3556
6841 2 0 3454 3455 3558
6842 2 0 3454 3558 3557
6843 2 0 3455 3456 3559
6844 2 0 3455 3559 3558
6845 2 0 3456 3457 3560
6846 2 0 3456 3560 3559
6847 2 0 3457 3458 3561
6848 2 0 3457 3561 3560
6849 2 0 3458 3459 3562
6850 2 0 3458 3562 3561
6851 2 0 3459 3460 3563
6852 2 0 3459 3563 3562
6853 2 0 3460 3461 3564
6854 2 0 3460 3564 3563
6855 2 0 3461 3462 3565
6856 2 0 3461 3565 3564
6857 2 0 3462 3463 3566
6858 2 0 3462 3566 3565
6859 2 0 3463 3464 3567
6860 2 0 3463 3567 3566
6861 2 0 3464 3465 3568
6862 2 0 3464 3568 3567
6863 2 0 3465 3466 3569
6864 2 0 3465 3569 3568
6865 2 0 3466 3467 3570
6866 2 0 3466 3570 3569
6867 2 0 3467 3468 3571
6868 2 0 3467 3571 3570
6869 2 0 3468 3469 3572
6870 2 0 3468 3572 3571
6871 2 0 3469 3470 3573
6872 2 0 3469 3573 3572
6873 2 0 3470 3471 3574
6874 2 0 3470 3574 3573
6875 2 0 3471 3472 3575
6876 2 0 3471 3575 3574
6877 2 0 3472 3473 3576
6878 2 0 3472 3576 3575
6879 2 0 3473 3474 3577
6880 2 0 3473 3577 3576
6881 2 0 3474 3475 3578
6882 2 0 3474 3578 3577
6883 2 0 3475 3476 3579
6884 2 0 3475 3579 3578
6885 2 0 3476 3477 3580
6886 2 0 3476 3580 3579
6887 2 0 3477 3478 3581
6888 2 0 3477 3581 3580
6889 2 0 3478 3479 3582
6890 2 0 3478 3582 3581
6891 2 0 3479 3480 3583
6892 2 0 3479 3583 3582
6893 2 0 3480 3481 3584
6894 2 0 3480 3584 3583
6895 2 0 3481 3482 3585
6896 2 0 3481 3585 3584
6897 2 0 3482 3483 3586
6898 2 0 3482 3586 3585
6899 2 0 3483 3484 3587
6900 2 0 3483 3587 3586
6901 2 0 3484 3485 3588
6902 2 0 3484 3588 3587
6903 2 0 3485 3486 3589
6904 2 0 3485 3589 3588
6905 2 0 3486 3487 3590
6906 2 0 3486 3590 3589
6907 2 0 3487 3488 3591
6908 2 0 3487 3591 3590
6909 2 0 3488 3489 3592
6910 2 0 3488 3592 3591
6911 2 0 3489 3490 3593
6912 2 0 3489 3593 3592
6913 2 0 3490 3491 3594
6914 2 0 3490 3594 3593
6915 2 0 3491 3492 3595
6916 2 0 3491 3595 3594
6917 2 0 3492 3493 3596
6918 2 0 3492 3596 3595
6919 2 0 3493 3494 3597
6920 2 0 3493 3597 3596
6921 2 0 3494 3495 3598
6922 2 0 3494 3598 3597
6923 2 0 3495 3496 3599
6924 2 0 3495 3599 3598
6925 2 0 3496 3497 3600
6926 2 0 3496 3600 3599
6927 2 0 3497 3498 3601
6928 2 0 3497 3601 3600
6929 2 0 3498 3499 3602
6930 2 0 3498 3602 3601
6931 2 0 3499 3500 3603
6932 2 0 3499 3603 3602
6933 2 0 3500 3501 3604
6934 2 0 3500 3604 3603
6935 2 0 3501 3502 3605
6936 2 0 3501 3605 3604
6937 2 0 3503 3504 3607
6938 2 0 3503 3607 3606
6939 2 0 3504 3505 3608
6940 2 0 3504 3608 3607
6941 2 0 3505 3506 3609
6942 2 0 3505 3609 3608
6943 2 0 3506 3507 3610
6944 2 0 3506 3610 3609
6945 2 0 3507 3508 3611
6946 2 0 3507 3611 3610
6947 2 0 3508 3509 3612
6948 2 0 3508 3612 3611
6949 2 0 3509 3510 3613
6950 2 0 3509 3613 3612
6951 2 0 3510 3511 3614
6952 2 0 3510 3614 3613
6953 2 0 3511 3512 3615
6954 2 0 3511 3615 3614
6955 2 0 3512 3513 3616
6956 2 0 3512 3616 3615
6957 2 0 3513 3514 3617
6958 2 0 3513 3617 3616
6959 2 0 3514 3515 3618
6960 2 0 3514 3618 3617
6961 2 0 3515 3516 3619
6962 2 0 3515 3619 3618
6963 2 0 3516 3517 3620
6964 2 0 3516 3620 3619
6965 2 0 3517 3518 3621
6966 2 0 3517 3621 3620
6967 2 0 3518 3519 3622
6968 2 0 3518 3622 3621
6969 2 0 3519 3520 3623
6970 2 0 3519 3623 3622
6971 2 0 3520 3521 3624
6972 2 0 3520 3624 3623
6973 2 0 3521 3522 3625
6974 2 0 3521 3625 3624
6975 2 0 3522 3523 3626
6976 2 0 3522 3626 3625
6977 2 0 3523 3524 3627
6978 2 0 3523 3627 3626
6979 2 0 3524 3525 3628
6980 2 0 3524 3628 3627
6981 2 0 3525 3526 3629
6982 2 0 3525 3629 3628
6983 2 0 3526 3527 3630
6984 2 0 3526 3630 3629
6985 2 0 3527 3528 3631
6986 2 0 3527 3631 3630
6987 2 0 3528 3529 3632
6988 2 0 3528 3632 3631
6989 2 0 3529 3530 3633
6990 2 0 3529 3633 3632
6991 2 0 3530 3531 3634
6992 2 0 3530 3634 3633
6993 2 0 3531 3532 3635
6994 2 0 3531 3635 3634
6995 2 0 3532 3533 3636
6996 2 0 3532 3636 3635
6997 2 0 3533 3534 3637
6998 2 0 3533 3637 3636
6999 2 0 3534 3535 3638
7000 2 0 3534 3638 3637
7001 2 0 3535 3536 3639
7002 2 0 3535 3639 3638
7003 2 0 3536 3537 3640
7004 2 0 3536 3640 3639
7005 2 0 3537 3538 3641
7006 2 0 3537 3641 3640
7007 2 0 3538 3539 3642
7008 2 0 3538 3642 3641
7009 2 0 3539 3540 3643
7010 2 0 3539 3643 3642
7011 2 0 3540 3541 3644
7012 2 0 3540 3644 3643
7013 2 0 3541 3542 3645
7014 2 0 3541 3645 3644
7015 2 0 3542 3543 3646
7016 2 0 3542 3646 3645
7017 2 0 3543 3544 3647
7018 2 0 3543 3647 3646
7019 2 0 3544 3545 3648
7020 2 0 3544 3648 3647
7021 2 0 3545 3546 3649
7022 2 0 3545 3649 3648
7023 2 0 3546 3547 3650
7024 2 0 3546 3650 3649
7025 2 0 3547 3548 3651
7026 2 0 3547 3651 3650
7027 2 0 3548 3549 3652
7028 2 0 3548 3652 3651
7029 2 0 3549 3550 3653
7030 2 0 3549 3653 3652
7031 2 0 3550 3551 3654
7032 2 0 3550 3654 3653
7033 2 0 3551 3552 3655
7034 2 0 3551 3655 3654
7035 2 0 3552 3553 3656
7036 2 0 3552 3656 3655
7037 2 0 3553 3554 3657
7038 2 0 3553 3657 3656
7039 2 0 3554 3555 3658
7040 2 0 3554 3658 3657
7041 2 0 3555 3556 3659
7042 2 0 3555 3659 3658
7043 2 0 3556 3557 3660
7044 2 0 3556 3660 3659
7045 2 0 3557 3558 3661
7046 2 0 3557 3661 3660
7047 2 0 3558 3559 3662
7048 2 0 3558 3662 3661
7049 2 0 3559 3560 3663
7050 2 0 3559 3663 3662
7051 2 0 3560 3561 3664
7052 2 0 3560 3664 3663
7053 2 0 3561 3562 3665
7054 2 0 3561 3665 3664
7055 2 0 3562 3563 3666
7056 2 0 3562 3666 3665
7057 2 0 3563 3564 3667
7058 2 0 3563 3667 3666
7059 2 0 3564 3565 3668
7060 2 0 3564 3668 3667
7061 2 0 3565 3566 3669
7062 2 0 3565 3669 3668
7063 2 0 3566 3567 3670
7064 2 0 3566 3670 3669
7065 2 0 3567 3568 3671
7066 2 0 3567 3671 3670
7067 2 0 3568 3569 3672
7068 2 0 3568 3672 3671
7069 2 0 3569 3570 3673
7070 2 0 3569 3673 3672
7071 2 0 3570 3571 3674
7072 2 0 3570 3674 3673
7073 2 0 3571 3572 3675
7074 2 0 3571 3675 3674
7075 2 0 3572 3573 3676
7076 2 0 3572 3676 3675
7077 2 0 3573 3574 3677
7078 2 0 3573 3677 3676
7079 2 0 3574 3575 3678
7080 2 0 3574 3678 3677
7081 2 0 3575 3576 3679
7082 2 0 3575 3679 3678
7083 2 0 3576 3577 3680
7084 2 0 3576 3680 3679
7085 2 0 3577 3578 3681
7086 2 0 3577 3681 3680
7087 2 0 3578 3579 3682
7088 2 0 3578 3682 3681
7089 2 0 3579 3580 3683
7090 2 0 3579 3683 3682
7091 2 0 3580 3581 3684
7092 2 0 3580 3684 3683
7093 2 0 3581 3582 3685
7094 2 0 3581 3685 3684
7095 2 0 3582 3583 3686
7096 2 0 3582 3686 3685
7097 2 0 3583 3584 3687
7098 2 0 3583 3687 3686
7099 2 0 3584 3585 3688
7100 2 0 3584 3688 3687
7101 2 0 3585 3586 3689
7102 2 0 3585 3689 3688
7103 2 0 3586 3587 3690
7104 2 0 3586 3690 3689
7105 2 0 3587 3588 3691
7106 2 0 3587 3691 3690
7107 2 0 3588 3589 3692
7108 2 0 3588 3692 3691
7109 2 0 3589 3590 3693
7110 2 0 3589 3693 3692
7111 2 0 3590 3591 3694
7112 2 0 3590 3694 3693
7113 2 0 3591 3592 3695
7114 2 0 3591 3695 3694
7115 2 0 3592 3593 3696
7116 2 0 3592 3696 3695
7117 2 0 3593 3594 3697
7118 2 0 3593 3697 3696
7119 2 0 3594 3595 3698
7120 2 0 3594 3698 3697
7121 2 0 3595 3596 3699
7122 2 0 3595 3699 3698
7123 2 0 3596 3597 3700
7124 2 0 3596 3700 3699
7125 2 0 3597 3598 3701
7126 2 0 3597 3701 3700
7127 2 0 3598 3599 3702
7128 2 0 3598 3702 3701
7129 2 0 3599 3600 3703
7130 2 0 3599 3703 3702
7131 2 0 3600 3601 3704
7132 2 0 3600 3704 3703
7133 2 0 3601 3602 3705
7134 2 0 3601 3705 3704
7135 2 0 3602 3603 3706
7136 2 0 3602 3706 3705
7137 2 0 3603 3604 3707
7138 2 0 3603 3707 3706
7139 2 0 3604 3605 3708
7140 2 0 3604 3708 3707
7141 2 0 3606 3607 3710
7142 2 0 3606 3710 3709
7143 2 0 3607 3608 3711
7144 2 0 3607 3711 3710
7145 2 0 3608 3609 3712
7146 2 0 3608 3712 3711
7147 2 0 3609 3610 3713
7148 2 0 3609 3713 3712
7149 2 0 3610 3611 3714
7150 2 0 3610 3714 3713
7151 2 0 3611 3612 3715
7152 2 0 3611 3715 3714
7153 2 0 3612 3613 3716
7154 2 0 3612 3716 3715
7155 2 0 3613 3614 3717
7156 2 0 3613 3717 3716
7157 2 0 3614 3615 3718
7158 2 0 3614 3718 3717
7159 2 0 3615 3616 3719
7160 2 0 3615 3719 3718
7161 2 0 3616 3617 3720
7162 2 0 3616 3720 3719
7163 2 0 3617 3618 3721
7164 2 0 3617 3721 3720
7165 2 0 3618 3619 3722
7166 2 0 3618 3722 3721
7167 2 0 3619 3620 3723
7168 2 0 3619 3723 3722
7169 2 0 3620 3621 3724
7170 2 0 3620 3724 3723
7171 2 0 3621 3622 3725
7172 2 0 3621 3725 3724
7173 2 0 3622 3623 3726
7174 2 0 3622 3726 3725
7175 2 0 3623 3624 3727
7176 2 0 3623 3727 3726
7177 2 0 3624 3625 3728
7178 2 0 3624 3728 3727
7179 2 0 3625 3626 3729
7180 2 0 3625 3729 3728
7181 2 0 3626 3627 3730
7182 2 0 3626 3730 3729
7183 2 0 3627 3628 3731
7184 2 0 3627 3731 3730
7185 2 0 3628 3629 3732
7186 2 0 3628 3732 3731
7187 2 0 3629 3630 3733
7188 2 0 3629 3733 3732
7189 2 0 3630 3631 3734
7190 2 0 3630 3734 3733
7191 2 0 3631 3632 3735
7192 2 0 3631 3735 3734
7193 2 0 3632 3633 3736
7194 2 0 3632 3736 3735
7195 2 0 3633 3634 3737
7196 2 0 3633 3737 3736
7197 2 0 3634 3635 3738
7198 2 0 3634 3738 3737
7199 2 0 3635 3636 3739
7200 2 0 3635 3739 3738
7201 2 0 3636 3637 3740
7202 2 0 3636 3740 3739
7203 2 0 3637 3638 3741
7204 2 0 3637 3741 3740
7205 2 0 3638 3639 3742
7206 2 0 3638 3742 3741
7207 2 0 3639 3640 3743
7208 2 0 3639 3743 3742
7209 2 0 3640 3641 3744
7210 2 0 3640 3744 3743
7211 2 0 3641 3642 3745
7212 2 0 3641 3745 3744
7213 2 0 3642 3643 3746
7214 2 0 3642 3746 3745
7215 2 0 3643 3644 3747
7216 2 0 3643 3747 3746
7217 2 0 3644 3645 3748
7218 2 0 3644 3748 3747
7219 2 0 3645 3646 3749
7220 2 0 3645 3749 3748
7221 2 0 3646 3647 3750
7222 2 0 3646 3750 3749
7223 2 0 3647 3648 3751
7224 2 0 3647 3751 3750
7225 2 0 3648 3649 3752
7226 2 0 3648 3752 3751
7227 2 0 3649 3650 3753
7228 2 0 3649 3753 3752
7229 2 0 3650 3651 3754
7230 2 0 3650 3754 3753
7231 2 0 3651 3652 3755
7232 2 0 3651 3755 3754
7233 2 0 3652 3653 3756
7234 2 0 3652 3756 3755
7235 2 0 3653 3654 3757
7236 2 0 3653 3757 3756
7237 2 0 3654 3655 3758
7238 2 0 3654 3758 3757
7239 2 0 3655 3656 3759
7240 2 0 3655 3759 3758
7241 2 0 3656 3657 3760
7242 2 0 3656 3760 3759
7243 2 0 3657 3658 3761
7244 2 0 3657 3761 3760
7245 2 0 3658 3659 3762
7246 2 0 3658 3762 3761
7247 2 0 3659 3660 3763
7248 2 0 3659 3763 3762
7249 2 0 3660 3661 3764
7250 2 0 3660 3764 3763
7251 2 0 3661 3662 3765
7252 2 0 3661 3765 3764
7253 2 0 3662 3663 3766
7254 2 0 3662 3766 3765
7255 2 0 3663 3664 3767
7256 2 0 3663 3767 3766
7257 2 0 3664 3665 3768
7258 2 0 3664 3768 3767
7259 2 0 3665 3666 3769
7260 2 0 3665 3769 3768
7261 2 0 3666 3667 3770
7262 2 0 3666 3770 3769
7263 2 0 3667 3668 3771
7264 2 0 3667 3771 3770
7265 2 0 3668 3669 3772
7266 2 0 3668 3772 3771
7267 2 0 3669 3670 3773
7268 2 0 3669 3773 3772
7269 2 0 3670 3671 3774
7270 2 0 3670 3774 3773
7271 2 0 3671 3672 3775
7272 2 0 3671 3775 3774
7273 2 0 3672 3673 3776
7274 2 0 3672 3776 3775
7275 2 0 3673 3674 3777
7276 2 0 3673 3777 3776
7277 2 0 3674 3675 3778
7278 2 0 3674 3778 3777
7279 2 0 3675 3676 3779
7280 2 0 3675 3779 3778
7281 2 0 3676 3677 3780
7282 2 0 3676 3780 3779
7283 2 0 3677 3678 3781
7284 2 0 3677 3781 3780
7285 2 0 3678 3679 3782
7286 2 0 3678 3782 3781
7287 2 0 3679 3680 3783
7288 2 0 3679 3783 3782
7289 2 0 3680 3681 3784
7290 2 0 3680 3784 3783
7291 2 0 3681 3682 3785
7292 2 0 3681 3785 3784
7293 2 0 3682 3683 3786
7294 2 0 3682 3786 3785
7295 2 0 3683 3684 3787
7296 2 0 3683 3787 3786
7297 2 0 3684 3685 3788
7298 2 0 3684 3788 3787
7299 2 0 3685 3686 3789
7300 2 0 3685 3789 3788
7301 2 0 3686 3687 3790
7302 2 0 3686 3790 3789
7303 2 0 3687 3688 3791
7304 2 0 3687 3791 3790
7305 2 0 3688 3689 3792
7306 2 0 3688 3792 3791
7307 2 0 3689 3690 3793
7308 2 0 3689 3793 3792
7309 2 0 3690 3691 3794
7310 2 0 3690 3794 3793
7311 2 0 3691 3692 3795
7312 2 0 3691 3795 3794
7313 2 0 3692 3693 3796
7314 2 0 3692 3796 3795
7315 2 0 3693 3694 3797
7316 2 0 3693 3797 3796
7317 2 0 3694 3695 3798
7318 2 0 3694 3798 3797
7319 2 0 3695 3696 3799
7320 2 0 3695 3799 3798
7321 2 0 3696 3697 3800
7322 2 0 3696 3800 3799
7323 2 0 3697 3698 3801
7324 2 0 3697 3801 3800
7325 2 0 3698 3699 3802
7326 2 0 3698 3802 3801
7327 2 0 3699 3700 3803
7328 2 0 3699 3803 3802
7329 2 0 3700 3701 3804
7330 2 0 3700 3804 3803
7331 2 0 3701 3702 3805
7332 2 0 3701 3805 3804
7333 2 0 3702 3703 3806
7334 2 0 3702 3806 3805
7335 2 0 3703 3704 3807
7336 2 0 3703 3807 3806
7337 2 0 3704 3705 3808
7338 2 0 3704 3808 3807
7339 2 0 3705 3706 3809
7340 2 0 3705 3809 3808
7341 2 0 3706 3707 3810
7342 2 0 3706 3810 3809
7343 2 0 3707 3708 3811
7344 2 0 3707 3811 3810
7345 2 0 3709 3710 3813
7346 2 0 3709 3813 3812
7347 2 0 3710 3711 3814
7348 2 0 3710 3814 3813
7349 2 0 3711 3712 3815
7350 2 0 3711 3815 3814
7351 2 0 3712 3713 3816
7352 2 0 3712 3816 3815
7353 2 0 3713 3714 3817
7354 2 0 3713 3817 3816
7355 2 0 3714 3715 3818
7356 2 0 3714 3818 3817
7357 2 0 3715 3716 3819
7358 2 0 3715 3819 3818
7359 2 0 3716 3717 3820
7360 2 0 3716 3820 3819
7361 2 0 3717 3718 3821
7362 2 0 3717 3821 3820
7363 2 0 3718 3719 3822
7364 2 0 3718 3822 3821
7365 2 0 3719 3720 3823
7366 2 0 3719 3823 3822
7367 2 0 3720 3721 3824
7368 2 0 3720 3824 3823
7369 2 0 3721 3722 3825
7370 2 0 3721 3825 3824
7371 2 0 3722 3723 3826
7372 2 0 3722 3826 3825
7373 2 0 3723 3724 3827
7374 2 0 3723 3827 3826
7375 2 0 3724 3725 3828
7376 2 0 3724 3828 3827
7377 2 0 3725 3726 3829
7378 2 0 3725 3829 3828
7379 2 0 3726 3727 3830
7380 2 0 3726 3830 3829
7381 2 0 3727 3728 3831
7382 2 0 3727 3831 3830
7383 2 0 3728 3729 3832
7384 2 0 3728 3832 3831
7385 2 0 3729 3730 3833
7386 2 0 3729 3833 3832
7387 2 0 3730 3731 3834
7388 2 0 3730 3834 3833
7389 2 0 3731 3732 3835
7390 2 0 3731 3835 3834
7391 2 0 3732 3733 3836
7392 2 0 3732 3836 3835
7393 2 0 3733 3734 3837
7394 2 0 3733 3837 3836
7395 2 0 3734 3735 3838
7396 2 0 3734 3838 3837
7397 2 0 3735 3736 3839
7398 2 0 3735 3839 3838
7399 2 0 3736 3737 3840
7400 2 0 3736 3840 3839
7401 2 0 3737 3738 3841
7402 2 0 3737 3841 3840
7403 2 0 3738 3739 3842
7404 2 0 3738 3842 3841
7405 2 0 3739 3740 3843
7406 2 0 3739 3843 3842
7407 2 0 3740 3741 3844
7408 2 0 3740 3844 3843
7409 2 0 3741 3742 3845
7410 2 0 3741 3845 3844
7411 2 0 3742 3743 3846
7412 2 0 3742 3846 3845
7413 2 0 3743 3744 3847
7414 2 0 3743 3847 3846
7415 2 0 3744 3745 3848
7416 2 0 3744 3848 3847
7417 2 0 3745 3746 3849
7418 2 0 3745 3849 3848
7419 2 0 3746 3747 3850
7420 2 0 3746 3850 3849
7421 2 0 3747 3748 3851
7422 2 0 3747 3851 3850
7423 2 0 3748 3749 3852
7424 2 0 3748 3852 3851
7425 2 0 3749 3750 3853
7426 2 0 3749 3853 3852
7427 2 0 3750 3751 3854
7428 2 0 3750 3854 3853
7429 2 0 3751 3752 3855
7430 2 0 3751 3855 3854
7431 2 0 3752 3753 3856
7432 2 0 3752 3856 3855
7433 2 0 3753 3754 3857
7434 2 0 3753 3857 3856
7435 2 0 3754 3755 3858
7436 2 0 3754 3858 3857
7437 2 0 3755 3756 3859
7438 2 0 3755 3859 3858
7439 2 0 3756 3757 3860
7440 2 0 3756 3860 3859
7441 2 0 3757 3758 3861
7442 2 0 3757 3861 3860
7443 2 0 3758 3759 3862
7444 2 0 3758 3862 3861
7445 2 0 3759 3760 3863
7446 2 0 3759 3863 3862
7447 2 0 3760 3761 3864
7448 2 0 3760 3864 3863
7449 2 0 3761 3762 3865
7450 2 0 3761 3865 3864
7451 2 0 3762 3763 3866
7452 2 0 3762 3866 3865
7453 2 0 3763 3764 3867
7454 2 0 3763 3867 3866
7455 2 0 3764 3765 3868
7456 2 0 3764 3868 3867
7457 2 0 3765 3766 3869
7458 2 0 3765 3869 3868
7459 2 0 3766 3767 3870
7460 2 0 3766 3870 3869
7461 2 0 3767 3768 3871
7462 2 0 3767 3871 3870
7463 2 0 3768 3769 3872
7464 2 0 3768 3872 3871
7465 2 0 3769 3770 3873
7466 2 0 3769 3873 3872
7467 2 0 3770 3771 3874
7468 2 0 3770 3874 3873
7469 2 0 3771 3772 3875
7470 2 0 3771 3875 3874
7471 2 0 3772 3773 3876
7472 2 0 3772 3876 3875
7473 2 0 3773 3774 3877
7474 2 0 3773 3877 3876
7475 2 0 3774 3775 3878
7476 2 0 3774 3878 3877
7477 2 0 3775 3776 3879
7478 2 0 3775 3879 3878
7479 2 0 3776 3777 3880
7480 2 0 3776 3880 3879
7481 2 0 3777 3778 3881
7482 2 0 3777 3881 3880
7483 2 0 3778 3779 3882
7484 2 0 3778 3882 3881
7485 2 0 3779 3780 3883
7486 2 0 3779 3883 3882
7487 2 0 3780 3781 3884
7488 2 0 3780 3884 3883
7489 2 0 3781 3782 3885
7490 2 0 3781 3885 3884
7491 2 0 3782 3783 3886
7492 2 0 3782 3886 3885
7493 2 0 3783 3784 3887
7494 2 0 3783 3887 3886
7495 2 0 3784 3785 3888
7496 2 0 3784 3888 3887
7497 2 0 3785 3786 3889
7498 2 0 3785 3889 3888
7499 2 0 3786 3787 3890
7500 2 0 3786 3890 3889
7501 2 0 3787 3788 3891
7502 2 0 3787 3891 3890
7503 2 0 3788 3789 3892
7504 2 0 3788 3892 3891
7505 2 0 3789 3790 3893
7506 2 0 3789 3893 3892
7507 2 0 3790 3791 3894
7508 2 0 3790 3894 3893
7509 2 0 3791 3792 3895
7510 2 0 3791 3895 3894
7511 2 0 3792 3793 3896
7512 2 0 3792 3896 3895
7513 2 0 3793 3794 3897
7514 2 0 3793 3897 3896
7515 2 0 3794 3795 3898
7516 2 0 3794 3898 3897
7517 2 0 3795 3796 3899
7518 2 0 3795 3899 3898
7519 2 0 3796 3797 3900
7520 2 0 3796 3900 3899
7521 2 0 3797 3798 3901
7522 2 0 3797 3901 3900
7523 2 0 3798 3799 3902
7524 2 0 3798 3902 3901
7525 2 0 3799 3800 3903
7526 2 0 3799 3903 3902
7527 2 0 3800 3801 3904
7528 2 0 3800 3904 3903
7529 2 0 3801 3802 3905
7530 2 0 3801 3905 3904
7531 2 0 3802 3803 3906
7532 2 0 3802 3906 3905
7533 2 0 3803 3804 3907
7534 2 0 3803 3907 3906
7535 2 0 3804 3805 3908
7536 2 0 3804 3908 3907
7537 2 0 3805 3806 3909
7538 2 0 3805 3909 3908
7539 2 0 3806 3807 3910
7540 2 0 3806 3910 3909
7541 2 0 3807 3808 3911
7542 2 0 3807 3911 3910
7543 2 0 3808 3809 3912
7544 2 0 3808 3912 3911
7545 2 0 3809 3810 3913
7546 2 0 3809 3913 3912
7547 2 0 3810 3811 3914
7548 2 0 3810 3914 3913
7549 2 0 3812 3813 3916
7550 2 0 3812 3916 3915
7551 2 0 3813 3814 3917
7552 2 0 3813 3917 3916
7553 2 0 3814 3815 3918
7554 2 0 3814 3918 3917
7555 2 0 3815 3816 3919
7556 2 0 3815 3919 3918
7557 2 0 3816 3817 3920
7558 2 0 3816 3920 3919
7559 2 0 3817 3818 3921
7560 2 0 3817 3921 3920
7561 2 0 3818 3819 3922
7562 2 0 3818 3922 3921
7563 2 0 3819 3820 3923
7564 2 0 3819 3923 3922
7565 2 0 3820 3821 3924
7566 2 0 3820 3924 3923
7567 2 0 3821 3822 3925
7568 2 0 3821 3925 3924
7569 2 0 3822 3823 3926
7570 2 0 3822 3926 3925
7571 2 0 3823 3824 3927
7572 2 0 3823 3927 3926
7573 2 0 3824 3825 3928
7574 2 0 3824 3928 3927
7575 2 0 3825 3826 3929
7576 2 0 3825 3929 3928
7577 2 0 3826 3827 3930
7578 2 0 3826 3930 3929
7579 2 0 3827 3828 3931
7580 2 0 3827 3931 3930
7581 2 0 3828 3829 3932
7582 2 0 3828 3932 3931
7583 2 0 3829 3830 3933
7584 2 0 3829 3933 3932
7585 2 0 3830 3831 3934
7586 2 0 3830 3934 3933
7587 2 0 3831 3832 3935
7588 2 0 3831 3935 3934
7589 2 0 3832 3833 3936
7590 2 0 3832 3936 3935
7591 2 0 3833 3834 3937
7592 2 0 3833 3937 3936
7593 2 0 3834 3835 3938
7594 2 0 3834 3938 3937
7595 2 0 3835 3836 3939
7596 2 0 3835 3939 3938
7597 2 0 3836 3837 3940
7598 2 0 3836 3940 3939
7599 2 0 3837 3838 3941
7600 2 0 3837 3941 3940
7601 2 0 3838 3839 3942
7602 2 0 3838 3942 3941
7603 2 0 3839 3840 3943
7604 2 0 3839 3943 3942
7605 2 0 3840 3841 3944
7606 2 0 3840 3944 3943
7607 2 0 3841 3842 3945
7608 2 0 3841 3945 3944
7609 2 0 3842 3843 3946
7610 2 0 3842 3946 3945
7611 2 0 3843 3844 3947
7612 2 0 3843 3947 3946
7613 2 0 3844 3845 3948
7614 2 0 3844 3948 3947
7615 2 0 3845 3846 3949
7616 2 0 3845 3949 3948
7617 2 0 3846 3847 3950
7618 2 0 3846 3950 3949
7619 2 0 3847 3848 3951
7620 2 0 3847 3951 3950
7621 2 0 3848 3849 3952
7622 2 0 3848 3952 3951
7623 2 0 3849 3850 3953
7624 2 0 3849 3953 3952
7625 2 0 3850 3851 3954
7626 2 0 3850 3954 3953
7627 2 0 3851 3852 3955
7628 2 0 3851 3955 3954
7629 2 0 3852 3853 3956
7630 2 0 3852 3956 3955
7631 2 0 3853 3854 3957
7632 2 0 3853 3957 3956
7633 2 0 3854 3855 3958
7634 2 0 3854 3958 3957
7635 2 0 3855 3856 3959
7636 2 0 3855 3959 3958
7637 2 0 3856 3857 3960
7638 2 0 3856 3960 3959
7639 2 0 3857 3858 3961
7640 2 0 3857 3961 3960
7641 2 0 3858 3859 3962
7642 2 0 3858 3962 3961
7643 2 0 3859 3860 3963
7644 2 0 3859 3963 3962
7645 2 0 3860 3861 3964
7646 2 0 3860 3964 3963
7647 2 0 3861 3862 3965
7648 2 0 3861 3965 3964
7649 2 0 3862 3863 3966
7650 2 0 3862 3966 3965
7651 2 0 3863 3864 3967
7652 2 0 3863 3967 3966
7653 2 0 3864 3865 3968
7654 2 0 3864 3968 3967
7655 2 0 3865 3866 3969
7656 2 0 3865 3969 3968
7657 2 0 3866 3867 3970
7658 2 0 3866 3970 3969
7659 2 0 3867 3868 3971
7660 2 0 3867 3971 3970
7661 2 0 3868 3869 3972
7662 2 0 3868 3972 3971
7663 2 0 3869 3870 3973
7664 2 0 3869 3973 3972
7665 2 0 3870 3871 3974
7666 2 0 3870 3974 3973
7667 2 0 3871 3872 3975
7668 2 0 3871 3975 3974
7669 2 0 3872 3873 3976
7670 2 0 3872 3976 3975
7671 2 0 3873 3874 3977
7672 2 0 3873 3977 3976
7673 2 0 3874 3875 3978
7674 2 0 3874 3978 3977
7675 2 0 3875 3876 3979
7676 2 0 3875 3979 3978
7677 2 0 3876 3877 3980
7678 2 0 3876 3980 3979
7679 2 0 3877 3878 3981
7680 2 0 3877 3981 3980
7681 2 0 3878 3879 3982
7682 2 0 3878 3982 3981
7683 2 0 3879 3880 3983
7684 2 0 3879 3983 3982
7685 2 0 3880 3881 3984
7686 2 0 3880 3984 3983
7687 2 0 3881 3882 3985
7688 2 0 3881 3985 3984
7689 2 0 3882 3883 3986
7690 2 0 3882 3986 3985
7691 2 0 3883 3884 3987
7692 2 0 3883 3987 3986
7693 2 0 3884 3885 3988
7694 2 0 3884 3988 3987
7695 2 0 3885 3886 3989
7696 2 0 3885 3989 3988
7697 2 0 3886 3887 3990
7698 2 0 3886 3990 3989
7699 2 0 3887 3888 3991
7700 2 0 3887 3991 3990
7701 2 0 3888 3889 3992
7702 2 0 3888 3992 3991
7703 2 0 3889 3890 3993
7704 2 0 3889 3993 3992
7705 2 0 3890 3891 3994
7706 2 0 3890 3994 3993
7707 2 0 3891 3892 3995
7708 2 0 3891 3995 3994
7709 2 0 3892 3893 3996
7710 2 0 3892 3996 3995
7711 2 0 3893 3894 3997
7712 2 0 3893 3997 3996
7713 2 0 3894 3895 3998
7714 2 0 3894 3998 3997
7715 2 0 3895 3896 3999
7716 2 0 3895 3999 3998
7717 2 0 3896 3897 4000
7718 2 0 3896 4000 3999
7719 2 0 3897 3898 4001
7720 2 0 3897 4001 4000
7721 2 0 3898 3899 4002
7722 2 0 3898 4002 4001
7723 2 0 3899 3900 4003
7724 2 0 3899 4003 4002
7725 2 0 3900 3901 4004
7726 2 0 3900 4004 4003
7727 2 0 3901 3902 4005
7728 2 0 3901 4005 4004
7729 2 0 3902 3903 4006
7730 2 0 3902 4006 4005
7731 2 0 3903 3904 4007
7732 2 0 3903 4007 4006
7733 2 0 3904 3905 4008
7734 2 0 3904 4008 4007
7735 2 0 3905 3906 4009
7736 2 0 3905 4009 4008
7737 2 0 3906 3907 4010
7738 2 0 3906 4010 4009
7739 2 0 3907 3908 4011
7740 2 0 3907 4011 4010
7741 2 0 3908 3909 4012
7742 2 0 3908 4012 4011
7743 2 0 3909 3910 4013
7744 2 0 3909 4013 4012
7745 2 0 3910 3911 4014
7746 2 0 3910 4014 4013
7747 2 0 3911 3912 4015
7748 2 0 3911 4015 4014
7749 2 0 3912 3913 4016
7750 2 0 3912 4016 4015
7751 2 0 3913 3914 4017
7752 2 0 3913 4017 4016
7753 2 0 3915 3916 4019
7754 2 0 3915 4019 4018
7755 2 0 3916 3917 4020
7756 2 0 3916 4020 4019
7757 2 0 3917 3918 4021
7758 2 0 3917 4021 4020
7759 2 0 3918 3919 4022
7760 2 0 3918 4022 4021
7761 2 0 3919 3920 4023
7762 2 0 3919 4023 4022
7763 2 0 3920 3921 4024
7764 2 0 3920 4024 4023
7765 2 0 3921 3922 4025
7766 2 0 3921 4025 4024
7767 2 0 3922 3923 4026
7768 2 0 3922 4026 4025
7769 2 0 3923 3924 4027
7770 2 0 3923 4027 4026
7771 2 0 3924 3925 4028
7772 2 0 3924 4028 4027
7773 2 0 3925 3926 4029
7774 2 0 3925 4029 4028
7775 2 0 3926 3927 4030
7776 2 0 3926 4030 4029
7777 2 0 3927 3928 4031
7778 2 0 3927 4031 4030
7779 2 0 3928 3929 4032
7780 2 0 3928 4032 4031
7781 2 0 3929 3930 4033
7782 2 0 3929 4033 4032
7783 2 0 3930 3931 4034
7784 2 0 3930 4034 4033
7785 2 0 3931 3932 4035
7786 2 0 3931 4035 4034
7787 2 0 3932 3933 4036
7788 2 0 3932 4036 4035
7789 2 0 3933 3934 4037
7790 2 0 3933 4037 4036
7791 2 0 3934 3935 4038
7792 2 0 3934 4038 4037
7793 2 0 3935 3936 4039
7794 2 0 3935 4039 4038
7795 2 0 3936 3937 4040
7796 2 0 3936 4040 4039
7797 2 0 3937 3938 4041
7798 2 0 3937 4041 4040
7799 2 0 3938 3939 4042
7800 2 0 3938 4042 4041
7801 2 0 3939 3940 4043
7802 2 0 3939 4043 4042
7803 2 0 3940 3941 4044
7804 2 0 3940 4044 4043
7805 2 0 3941 3942 4045
7806 2 0 3941 4045 4044
7807 2 0 3942 3943 4046
7808 2 0 3942 4046 4045
7809 2 0 3943 3944 4047
7810 2 0 3943 4047 4046
7811 2 0 3944 3945 4048
7812 2 0 3944 4048 4047
7813 2 0 3945 3946 4049
7814 2 0 3945 4049 4048
7815 2 0 3946 3947 4050
7816 2 0 3946 4050 4049
7817 2 0 3947 3948 4051
7818 2 0 3947 4051 4050
7819 2 0 3948 3949 4052
7820 2 0 3948 4052 4051
7821 2 0 3949 3950 4053
7822 2 0 3949 4053 4052
7823 2 0 3950 3951 4054
7824 2 0 3950 4054 4053
7825 2 0 3951 3952 4055
7826 2 0 3951 4055 4054
7827 2 0 3952 3953 4056
7828 2 0 3952 4056 4055
7829 2 0 3953 3954 4057
7830 2 0 3953 4057 4056
7831 2 0 3954 3955 4058
7832 2 0 3954 4058 4057
7833 2 0 3955 3956 4059
7834 2 0 3955 4059 4058
7835 2 0 3956 3957 4060
7836 2 0 3956 4060 4059
7837 2 0 3957 3958 4061
7838 2 0 3957 4061 4060
7839 2 0 3958 3959 4062
7840 2 0 3958 4062 4061
7841 2 0 3959 3960 4063
7842 2 0 3959 4063 4062
7843 2 0 3960 3961 4064
7844 2 0 3960 4064 4063
7845 2 0 3961 3962 4065
7846 2 0 3961 4065 4064
7847 2 0 3962 3963 4066
7848 2 0 3962 4066 4065
7849 2 0 3963 3964 4067
7850 2 0 3963 4067 4066
7851 2 0 3964 3965 4068
7852 2 0 3964 4068 4067
7853 2 0 3965 3966 4069
7854 2 0 3965 4069 4068
7855 2 0 3966 3967 4070
7856 2 0 3966 4070 4069
7857 2 0 3967 3968 4071
7858 2 0 3967 4071 4070
7859 2 0 3968 3969 4072
7860 2 0 3968 4072 4071
7861 2 0 3969 3970 4073
7862 2 0 3969 4073 4072
7863 2 0 3970 3971 4074
7864 2 0 3970 4074 4073
7865 2 0 3971 3972 4075
7866 2 0 3971 4075 4074
7867 2 0 3972 3973 4076
7868 2 0 3972 4076 4075
7869 2 0 3973 3974 4077
7870 2 0 3973 4077 4076
7871 2 0 3974 3975 4078
7872 2 0 3974 4078 4077
7873 2 0 3975 3976 4079
7874 2 0 3975 4079 4078
7875 2 0 3976 3977 4080
7876 2 0 3976 4080 4079
7877 2 0 3977 3978 4081
7878 2 0 3977 4081 4080
7879 2 0 3978 3979 4082
7880 2 0 3978 4082 4081
7881 2 0 3979 3980 4083
7882 2 0 3979 4083 4082
7883 2 0 3980 3981 4084
7884 2 0 3980 4084 4083
7885 2 0 3981 3982 4085
7886 2 0 3981 4085 4084
7887 2 0 3982 3983 4086
7888 2 0 3982 4086 4085
7889 2 0 3983 3984 4087
7890 2 0 3983 4087 4086
7891 2 0 3984 3985 4088
7892 2 0 3984 4088 4087
7893 2 0 3985 3986 4089
7894 2 0 3985 4089 4088
7895 2 0 3986 3987 4090
7896 2 0 3986 4090 4089
7897 2 0 3987 3988 4091
7898 2 0 3987 4091 4090
7899 2 0 3988 3989 4092
7900 2 0 3988 4092 4091
7901 2 0 3989 3990 4093
7902 2 0 3989 4093 4092
7903 2 0 3990 3991 4094
7904 2 0 3990 4094 4093
7905 2 0 3991 3992 4095
7906 2 0 3991 4095 4094
7907 2 0 3992 3993 4096
7908 2 0 3992 4096 4095
7909 2 0 3993 3994 4097
7910 2 0 3993 4097 4096
7911 2 0 3994 3995 4098
7912 2 0 3994 4098 4097
7913 2 0 3995 3996 4099
7914 2 0 3995 4099 4098
7915 2 0 3996 3997 4100
7916 2 0 3996 4100 4099
7917 2 0 3997 3998 4101
7918 2 0 3997 4101 4100
7919 2 0 3998 3999 4102
7920 2 0 3998 4102 4101
7921 2 0 3999 4000 4103
7922 2 0 3999 4103 4102
7923 2 0 4000 4001 4104
7924 2 0 4000 4104 4103
7925 2 0 4001 4002 4105
7926 2 0 4001 4105 4104
7927 2 0 4002 4003 4106
7928 2 0 4002 4106 4105
7929 2 0 4003 4004 4107
7930 2 0 4003 4107 4106
7931 2 0 4004 4005 4108
7932 2 0 4004 4108 4107
7933 2 0 4005 4006 4109
7934 2 0 4005 4109 4108
7935 2 0 4006 4007 4110
7936 2 0 4006 4110 4109
7937 2 0 4007 4008 4111
7938 2 0 4007 4111 4110
7939 2 0 4008 4009 4112
7940 2 0 4008 4112 4111
7941 2 0 4009 4010 4113
7942 2 0 4009 4113 4112
7943 2 0 4010 4011 4114
7944 2 0 4010 4114 4113
7945 2 0 4011 4012 4115
7946 2 0 4011 4115 4114
7947 2 0 4012 4013 4116
7948 2 0 4012 4116 4115
7949 2 0 4013 4014 4117
7950 2 0 4013 4117 4116
7951 2 0 4014 4015 4118
7952 2 0 4014 4118 4117
7953 2 0 4015 4016 4119
7954 2 0 4015 4119 4118
7955 2 0 4016 4017 4120
7956 2 0 4016 4120 4119
7957 2 0 4018 4019 4122
7958 2 0 4018 4122 4121
7959 2 0 4019 4020 4123
7960 2 0 4019 4123 4122
7961 2 0 4020 4021 4124
7962 2 0 4020 4124 4123
7963 2 0 4021 4022 4125
7964 2 0 4021 4125 4124
7965 2 0 4022 4023 4126
7966 2 0 4022 4126 4125
7967 2 0 4023 4024 4127
7968 2 0 4023 4127 4126
7969 2 0 4024 4025 4128
7970 2 0 4024 4128 4127
7971 2 0 4025 4026 4129
7972 2 0 4025 4129 4128
7973 2 0 4026 4027 4130
7974 2 0 4026 4130 4129
7975 2 0 4027 4028 4131
7976 2 0 4027 4131 4130
7977 2 0 4028 4029 4132
7978 2 0 4028 4132 4131
7979 2 0 4029 4030 4133
7980 2 0 4029 4133 4132
7981 2 0 4030 4031 4134
7982 2 0 4030 4134 4133
7983 2 0 4031 4032 4135
7984 2 0 4031 4135 4134
7985 2 0 4032 4033 4136
7986 2 0 4032 4136 4135
7987 2 0 4033 4034 4137
7988 2 0 4033 4137 4136
7989 2 0 4034 4035 4138
7990 2 0 4034 4138 4137
7991 2 0 4035 4036 4139
7992 2 0 4035 4139 4138
7993 2 0 4036 4037 4140
7994 2 0 4036 4140 4139
7995 2 0 4037 4038 4141
7996 2 0 4037 4141 4140
7997 2 0 4038 4039 4142
7998 2 0 4038 4142 4141
7999 2 0 4039 4040 4143
8000 2 0 4039 4143 4142
8001 2 0 4040 4041 4144
8002 2 0 4040 4144 4143
8003 2 0 4041 4042 4145
8004 2 0 4041 4145 4144
8005 2 0 4042 4043 4146
8006 2 0 4042 4146 4145
8007 2 0 4043 4044 4147
8008 2 0 4043 4147 4146
8009 2 0 4044 4045 4148
8010 2 0 4044 4148 4147
8011 2 0 4045 4046 4149
8012 2 0 4045 4149 4148
8013 2 0 4046 4047 4150
8014 2 0 4046 4150 4149
8015 2 0 4047 4048 4151
8016 2 0 4047 4151 4150
8017 2 0 4048 4049 4152
8018 2 0 4048 4152 4151
8019 2 0 4049 4050 4153
8020 2 0 4049 4153 4152
8021 2 0 4050 4051 4154
8022 2 0 4050 4154 4153
8023 2 0 4051 4052 4155
8024 2 0 4051 4155 4154
8025 2 0 4052 4053 4156
8026 2 0 4052 4156 4155
8027 2 0 4053 4054 4157
8028 2 0 4053 4157 4156
8029 2 0 4054 4055 4158
8030 2 0 4054 4158 4157
8031 2 0 4055 4056 4159
8032 2 0 4055 4159 4158
8033 2 0 4056 4057 4160
8034 2 0 4056 4160 4159
8035 2 0 4057 4058 4161
8036 2 0 4057 4161 4160
8037 2 0 4058 4059 4162
8038 2 0 4058 4162 4161
8039 2 0 4059 4060 4163
8040 2 0 4059 4163 4162
8041 2 0 4060 4061 4164
8042 2 0 4060 4164 4163
8043 2 0 4061 4062 4165
8044 2 0 4061 4165 4164
8045 2 0 4062 4063 4166
8046 2 0 4062 4166 4165
8047 2 0 4063 4064 4167
8048 2 0 4063 4167 4166
8049 2 0 4064 4065 4168
8050 2 0 4064 4168 4167
8051 2 0 4065 4066 4169
8052 2 0 4065 4169 4168
8053 2 0 4066 4067 4170
8054 2 0 4066 4170 4169
8055 2 0 4067 4068 4171
8056 2 0 4067 4171 4170
8057 2 0 4068 4069 4172
8058 2 0 4068 4172 4171
8059 2 0 4069 4070 4173
8060 2 0 4069 4173 4172
8061 2 0 4070 4071 4174
8062 2 0 4070 4174 4173
8063 2 0 4071 4072 4175
8064 2 0 4071 4175 4174
8065 2 0 4072 4073 4176
8066 2 0 4072 4176 4175
8067 2 0 4073 4074 4177
8068 2 0 4073 4177 4176
8069 2 0 4074 4075 4178
8070 2 0 4074 4178 4177
8071 2 0 4075 4076 4179
8072 2 0 4075 4179 4178
8073 2 0 4076 4077 4180
8074 2 0 4076 4180 4179
8075 2 0 4077 4078 4181
8076 2 0 4077 4181 4180
8077 2 0 4078 4079 4182
8078 2 0 4078 4182 4181
8079 2 0 4079 4080 4183
8080 2 0 4079 4183 4182
8081 2 0 4080 4081 4184
8082 2 0 4080 4184 4183
8083 2 0 4081 4082 4185
8084 2 0 4081 4185 4184
8085 2 0 4082 4083 4186
8086 2 0 4082 4186 4185
8087 2 0 4083 4084 4187
8088 2 0 4083 4187 4186
8089 2 0 4084 4085 4188
8090 2 0 4084 4188 4187
8091 2 0 4085 4086 4189
8092 2 0 4085 4189 4188
8093 2 0 4086 4087 4190
8094 2 0 4086 4190 4189
8095 2 0 4087 4088 4191
8096 2 0 4087 4191 4190
8097 2 0 4088 4089 4192
8098 2 0 4088 4192 4191
8099 2 0 4089 4090 4193
8100 2 0 4089 4193 4192
8101 2 0 4090 4091 4194
8102 2 0 4090 4194 4193
8103 2 0 4091 4092 4195
8104 2 0 4091 4195 4194
8105 2 0 4092 4093 4196
8106 2 0 4092 4196 4195
8107 2 0 4093 4094 4197
8108 2 0 4093 4197 4196
8109 2 0 4094 4095 4198
8110 2 0 4094 4198 4197
8111 2 0 4095 4096 4199
8112 2 0 4095 4199 4198
8113 2 0 4096 4097 4200
8114 2 0 4096 4200 4199
8115 2 0 4097 4098 4201
8116 2 0 4097 4201 4200
8117 2 0 4098 4099 4202
8118 2 0 4098 4202 4201
8119 2 0 4099 4100 4203
8120 2 0 4099 4203 4202
8121 2 0 4100 4101 4204
8122 2 0 4100 4204 4203
8123 2 0 4101 4102 4205
8124 2 0 4101 4205 4204
8125 2 0 4102 4103 4206
8126 2 0 4102 4206 4205
8127 2 0 4103 4104 4207
8128 2 0 4103 4207 4206
8129 2 0 4104 4105 4208
8130 2 0 4104 4208 4207
8131 2 0 4105 4106 4209
8132 2 0 4105 4209 4208
8133 2 0 4106 4107 4210
8134 2 0 4106 4210 4209
8135 2 0 4107 4108 4211
8136 2 0 4107 4211 4210
8137 2 0 4108 4109 4212
8138 2 0 4108 4212 4211
8139 2 0 4109 4110 4213
8140 2 0 4109 4213 4212
8141 2 0 4110 4111 4214
8142 2 0 4110 4214 4213
8143 2 0 4111 4112 4215
8144 2 0 4111 4215 4214
8145 2 0 4112 4113 4216
8146 2 0 4112 4216 4215
8147 2 0 4113 4114 4217
8148 2 0 4113 4217 4216
8149 2 0 4114 4115 4218
8150 2 0 4114 4218 4217
8151 2 0 4115 4116 4219
8152 2 0 4115 4219 4218
8153 2 0 4116 4117 4220
8154 2 0 4116 4220 4219
8155 2 0 4117 4118 4221
8156 2 0 4117 4221 4220
8157 2 0 4118 4119 4222
8158 2 0 4118 4222 4221
8159 2 0 4119 4120 4223
8160 2 0 4119 4223 4222
8161 2 0 4121 4122 4225
8162 2 0 4121 4225 4224
8163 2 0 4122 4123 4226
8164 2 0 4122 4226 4225
8165 2 0 4123 4124 4227
8166 2 0 4123 4227 4226
8167 2 0 4124 4125 4228
8168 2 0 4124 4228 4227
8169 2 0 4125 4126 4229
8170 2 0 4125 4229 4228
8171 2 0 4126 4127 4230
8172 2 0 4126 4230 4229
8173 2 0 4127 4128 4231
8174 2 0 4127 4231 4230
8175 2 0 4128 4129 4232
8176 2 0 4128 4232 4231
8177 2 0 4129 4130 4233
8178 2 0 4129 4233 4232
8179 2 0 4130 4131 4234
8180 2 0 4130 4234 4233
8181 2 0 4131 4132 4235
8182 2 0 4131 4235 4234
8183 2 0 4132 4133 4236
8184 2 0 4132 4236 4235
8185 2 0 4133 4134 4237
8186 2 0 4133 4237 4236
8187 2 0 4134 4135 4238
8188 2 0 4134 4238 4237
8189 2 0 4135 4136 4239
8190 2 0 4135 4239 4238
8191 2 0 4136 4137 4240
8192 2 0 4136 4240 4239
8193 2 0 4137 4138 4241
8194 2 0 4137 4241 4240
8195 2 0 4138 4139 4242
8196 2 0 4138 4242 4241
8197 2 0 4139 4140 4243
8198 2 0 4139 4243 4242
8199 2 0 4140 4141 4244
8200 2 0 4140 4244 4243
8201 2 0 4141 4142 4245
8202 2 0 4141 4245 4244
8203 2 0 4142 4143 4246
8204 2 0 4142 4246 4245
8205 2 0 4143 4144 4247
8206 2 0 4143 4247 4246
8207 2 0 4144 4145 4248
8208 2 0 4144 4248 4247
8209 2 0 4145 4146 4249
8210 2 0 4145 4249 4248
8211 2 0 4146 4147 4250
8212 2 0 4146 4250 4249
8213 2 0 4147 4148 4251
8214 2 0 4147 4251 4250
8215 2 0 4148 4149 4252
8216 2 0 4148 4252 4251
8217 2 0 4149 4150 4253
8218 2 0 4149 4253 4252
8219 2 0 4150 4151 4254
8220 2 0 4150 4254 4253
8221 2 0 4151 4152 4255
8222 2 0 4151 4255 4254
8223 2 0 4152 4153 4256
8224 2 0 4152 4256 4255
8225 2 0 4153 4154 4257
8226 2 0 4153 4257 4256
8227 2 0 4154 4155 4258
8228 2 0 4154 4258 4257
8229 2 0 4155 4156 4259
8230 2 0 4155 4259 4258
8231 2 0 4156 4157 4260
8232 2 0 4156 4260 4259
8233 2 0 4157 4158 4261
8234 2 0 4157 4261 4260
8235 2 0 4158 4159 4262
8236 2 0 4158 4262 4261
8237 2 0 4159 4160 4263
8238 2 0 4159 4263 4262
8239 2 0 4160 4161 4264
8240 2 0 4160 4264 4263
8241 2 0 4161 4162 4265
8242 2 0 4161 4265 4264
8243 2 0 4162 4163 4266
8244 2 0 4162 4266 4265
8245 2 0 4163 4164 4267
8246 2 0 4163 4267 4266
8247 2 0 4164 4165 4268
8248 2 0 4164 4268 4267
8249 2 0 4165 4166 4269
8250 2 0 4165 4269 4268
8251 2 0 4166 4167 4270
8252 2 0 4166 4270 4269
8253 2 0 4167 4168 4271
8254 2 0 4167 4271 4270
8255 2 0 4168 4169 4272
8256 2 0 4168 4272 4271
8257 2 0 4169 4170 4273
8258 2 0 4169 4273 4272
8259 2 0 4170 4171 4274
8260 2 0 4170 4274 4273
8261 2 0 4171 4172 4275
8262 2 0 4171 4275 4274
8263 2 0 4172 4173 4276
8264 2 0 4172 4276 4275
8265 2 0 4173 4174 4277
8266 2 0 4173 4277 4276
8267 2 0 4174 4175 4278
8268 2 0 4174 4278 4277
8269 2 0 4175 4176 4279
8270 2 0 4175 4279 4278
8271 2 0 4176 4177 4280
8272 2 0 4176 4280 4279
8273 2 0 4177 4178 4281
8274 2 0 4177 4281 4280
8275 2 0 4178 4179 4282
8276 2 0 4178 4282 4281
8277 2 0 4179 4180 4283
8278 2 0 4179 4283 4282
8279 2 0 4180 4181 4284
8280 2 0 4180 4284 4283
8281 2 0 4181 4182 4285
8282 2 0 4181 4285 4284
8283 2 0 4182 4183 4286
8284 2 0 4182 4286 4285
8285 2 0 4183 4184 4287
8286 2 0 4183 4287 4286
8287 2 0 4184 4185 4288
8288 2 0 4184 4288 4287
8289 2 0 4185 4186 4289
8290 2 0 4185 4289 4288
8291 2 0 4186 4187 4290
8292 2 0 4186 4290 4289
8293 2 0 4187 4188 4291
8294 2 0 4187 4291 4290
8295 2 0 4188 4189 4292
8296 2 0 4188 4292 4291
8297 2 0 4189 4190 4293
8298 2 0 4189 4293 4292
8299 2 0 4190 4191 4294
8300 2 0 4190 4294 4293
8301 2 0 4191 4192 4295
8302 2 0 4191 4295 4294
8303 2 0 4192 4193 4296
8304 2 0 4192 4296 4295
8305 2 0 4193 4194 4297
8306 2 0 4193 4297 4296
8307 2 0 4194 4195 4298
8308 2 0 4194 4298 4297
8309 2 0 4195 4196 4299
8310 2 0 4195 4299 4298
8311 2 0 4196 4197 4300
8312 2 0 4196 4300 4299
8313 2 0 4197 4198 4301
8314 2 0 4197 4301 4300
8315 2 0 4198 4199 4302
8316 2 0 4198 4302 4301
8317 2 0 4199 4200 4303
8318 2 0 4199 4303 4302
8319 2 0 4200 4201 4304
8320 2 0 4200 4304 4303
8321 2 0 4201 4202 4305
8322 2 0 4201 4305 4304
8323 2 0 4202 4203 4306
8324 2 0 4202 4306 4305
8325 2 0 4203 4204 4307
8326 2 0 4203 4307 4306
8327 2 0 4204 4205 4308
8328 2 0 4204 4308 4307
8329 2 0 4205 4206 4309
8330 2 0 4205 4309 4308
8331 2 0 4206 4207 4310
8332 2 0 4206 4310 4309
8333 2 0 4207 4208 4311
8334 2 0 4207 4311 4310
8335 2 0 4208 4209 4312
8336 2 0 4208 4312 4311
8337 2 0 4209 4210 4313
8338 2 0 4209 4313 4312
8339 2 0 4210 4211 4314
8340 2 0 4210 4314 4313
8341 2 0 4211 4212 4315
8342 2 0 4211 4315 4314
8343 2 0 4212 4213 4316
8344 2 0 4212 4316 4315
8345 2 0 4213 4214 4317
8346 2 0 4213 4317 4316
8347 2 0 4214 4215 4318
8348 2 0 4214 4318 4317
8349 2 0 4215 4216 4319
8350 2 0 4215 4319 4318
8351 2 0 4216 4217 4320
8352 2 0 4216 4320 4319
8353 2 0 4217 4218 4321
8354 2 0 4217 4321 4320
8355 2 0 4218 4219 4322
8356 2 0 4218 4322 4321
8357 2 0 4219 4220 4323
8358 2 0 4219 4323 4322
8359 2 0 4220 4221 4324
8360 2 0 4220 4324 4323
8361 2 0 4221 4222 4325
8362 2 0 4221 4325 4324
8363 2 0 4222 4223 4326
8364 2 0 4222 4326 4325
8365 2 0 4224 4225 4328
8366 2 0 4224 4328 4327
8367 2 0 4225 4226 4329
8368 2 0 4225 4329 4328
8369 2 0 4226 4227 4330
8370 2 0 4226 4330 4329
8371 2 0 4227 4228 4331
8372 2 0 4227 4331 4330
8373 2 0 4228 4229 4332
8374 2 0 4228 4332 4331
8375 2 0 4229 4230 4333
8376 2 0 4229 4333 4332
8377 2 0 4230 4231 4334
8378 2 0 4230 4334 4333
8379 2 0 4231 4232 4335
8380 2 0 4231 4335 4334
8381 2 0 4232 4233 4336
8382 2 0 4232 4336 4335
8383 2 0 4233 4234 4337
8384 2 0 4233 4337 4336
8385 2 0 4234 4235 4338
8386 2 0 4234 4338 4337
8387 2 0 4235 4236 4339
8388 2 0 4235 4339 4338
8389 2 0 4236 4237 4340
8390 2 0 4236 4340 4339
8391 2 0 4237 4238 4341
8392 2 0 4237 4341 4340
8393 2 0 4238 4239 4342
8394 2 0 4238 4342 4341
8395 2 0 4239 4240 4343
8396 2 0 4239 4343 4342
8397 2 0 4240 4241 4344
8398 2 0 4240 4344 4343
8399 2 0 4241 4242 4345
8400 2 0 4241 4345 4344
8401 2 0 4242 4243 4346
8402 2 0 4242 4346 4345
8403 2 0 4243 4244 4347
8404 2 0 4243 4347 4346
8405 2 0 4244 4245 4348
8406 2 0 4244 4348 4347
8407 2 0 4245 4246 4349
8408 2 0 4245 4349 4348
8409 2 0 4246 4247 4350
8410 2 0 4246 4350 4349
8411 2 0 4247 4248 4351
8412 2 0 4247 4351 4350
8413 2 0 4248 4249 4352
8414 2 0 4248 4352 4351
8415 2 0 4249 4250 4353
8416 2 0 4249 4353 4352
8417 2 0 4250 4251 4354
8418 2 0 4250 4354 4353
8419 2 0 4251 4252 4355
8420 2 0 4251 4355 4354
8421 2 0 4252 4253 4356
8422 2 0 4252 4356 4355
8423 2 0 4253 4254 4357
8424 2 0 4253 4357 4356
8425 2 0 4254 4255 4358
8426 2 0 4254 4358 4357
8427 2 0 4255 4256 4359
8428 2 0 4255 4359 4358
8429 2 0 4256 4257 4360
8430 2 0 4256 4360 4359
8431 2 0 4257 4258 4361
8432 2 0 4257 4361 4360
8433 2 0 4258 4259 4362
8434 2 0 4258 4362 4361
8435 2 0 4259 4260 4363
8436 2 0 4259 4363 4362
8437 2 0 4260 4261 4364
8438 2 0 4260 4364 4363
8439 2 0 4261 4262 4365
8440 2 0 4261 4365 4364
8441 2 0 4262 4263 4366
8442 2 0 4262 4366 4365
8443 2 0 4263 4264 4367
8444 2 0 4263 4367 4366
8445 2 0 4264 4265 4368
8446 2 0 4264 4368 4367
8447 2 0 4265 4266 4369
8448 2 0 4265 4369 4368
8449 2 0 4266 4267 4370
8450 2 0 4266 4370 4369
8451 2 0 4267 4268 4371
8452 2 0 4267 4371 4370
8453 2 0 4268 4269 4372
8454 2 0 4268 4372 4371
8455 2 0 4269 4270 4373
8456 2 0 4269 4373 4372
8457 2 0 4270 4271 4374
8458 2 0 4270 4374 4373
8459 2 0 4271 4272 4375
8460 2 0 4271 4375 4374
8461 2 0 4272 4273 4376
8462 2 0 4272 4376 4375
8463 2 0 4273 4274 4377
8464 2 0 4273 4377 4376
8465 2 0 4274 4275 4378
8466 2 0 4274 4378 4377
8467 2 0 4275 4276 4379
8468 2 0 4275 4379 4378
8469 2 0 4276 4277 4380
8470 2 0 4276 4380 4379
8471 2 0 4277 4278 4381
8472 2 0 4277 4381 4380
8473 2 0 4278 4279 4382
8474 2 0 4278 4382 4381
8475 2 0 4279 4280 4383
8476 2 0 4279 4383 4382
8477 2 0 4280 4281 4384
8478 2 0 4280 4384 4383
8479 2 0 4281 4282 4385
8480 2 0 4281 4385 4384
8481 2 0 4282 4283 4386
8482 2 0 4282 4386 4385
8483 2 0 4283 4284 4387
8484 2 0 4283 4387 4386
8485 2 0 4284 4285 4388
8486 2 0 4284 4388 4387
8487 2 0 4285 4286 4389
8488 2 0 4285 4389 4388
8489 2 0 4286 4287 4390
8490 2 0 4286 4390 4389
8491 2 0 4287 4288 4391
8492 2 0 4287 4391 4390
8493 2 0 4288 4289 4392
8494 2 0 4288 4392 4391
8495 2 0 4289 4290 4393
8496 2 0 4289 4393 4392
8497 2 0 4290 4291 4394
8498 2 0 4290 4394 4393
8499 2 0 4291 4292 4395
8500 2 0 4291 4395 4394
8501 2 0 4292 4293 4396
8502 2 0 4292 4396 4395
8503 2 0 4293 4294 4397
8504 2 0 4293 4397 4396
8505 2 0 4294 4295 4398
8506 2 0 4294 4398 4397
8507 2 0 4295 4296 4399
8508 2 0 4295 4399 4398
8509 2 0 4296 4297 4400
8510 2 0 4296 4400 4399
8511 2 0 4297 4298 4401
8512 2 0 4297 4401 4400
8513 2 0 4298 4299 4402
8514 2 0 4298 4402 4401
8515 2 0 4299 4300 4403
8516 2 0 4299 4403 4402
8517 2 0 4300 4301 4404
8518 2 0 4300 4404 4403
8519 2 0 4301 4302 4405
8520 2 0 4301 4405 4404
8521 2 0 4302 4303 4406
8522 2 0 4302 4406 4405
8523 2 0 4303 4304 4407
8524 2 0 4303 4407 4406
8525 2 0 4304 4305 4408
8526 2 0 4304 4408 4407
8527 2 0 4305 4306 4409
8528 2 0 4305 4409 4408
8529 2 0 4306 4307 4410
8530 2 0 4306 4410 4409
8531 2 0 4307 4308 4411
8532 2 0 4307 4411 4410
8533 2 0 4308 4309 4412
8534 2 0 4308 4412 4411
8535 2 0 4309 4310 4413
8536 2 0 4309 4413 4412
8537 2 0 4310 4311 4414
8538 2 0 4310 4414 4413
8539 2 0 4311 4312 4415
8540 2 0 4311 4415 4414
8541 2 0 4312 4313 4416
8542 2 0 4312 4416 4415
8543 2 0 4313 4314 4417
8544 2 0 4313 4417 4416
8545 2 0 4314 4315 4418
8546 2 0 4314 4418 4417
8547 2 0 4315 4316 4419
8548 2 0 4315 4419 4418
8549 2 0 4316 4317 4420
8550 2 0 4316 4420 4419
8551 2 0 4317 4318 4421
8552 2 0 4317 4421 4420
8553 2 0 4318 4319 4422
8554 2 0 4318 4422 4421
8555 2 0 4319 4320 4423
8556 2 0 4319 4423 4422
8557 2 0 4320 4321 4424
8558 2 0 4320 4424 4423
8559 2 0 4321 4322 4425
8560 2 0 4321 4425 4424
8561 2 0 4322 4323 4426
8562 2 0 4322 4426 4425
8563 2 0 4323 4324 4427
8564 2 0 4323 4427 4426
8565 2 0 4324 4325 4428
8566 2 0 4324 4428 4427
8567 2 0 4325 4326 4429
8568 2 0 4325 4429 4428
8569 2 0 4327 4328 4431
8570 2 0 4327 4431 4430
8571 2 0 4328 4329 4432
8572 2 0 4328 4432 4431
8573 2 0 4329 4330 4433
8574 2 0 4329 4433 4432
8575 2 0 4330 4331 4434
8576 2 0 4330 4434 4433
8577 2 0 4331 4332 4435
8578 2 0 4331 4435 4434
8579 2 0 4332 4333 4436
8580 2 0 4332 4436 4435
8581 2 0 4333 4334 4437
8582 2 0 4333 4437 4436
8583 2 0 4334 4335 4438
8584 2 0 4334 4438 4437
8585 2 0 4335 4336 4439
8586 2 0 4335 4439 4438
8587 2 0 4336 4337 4440
8588 2 0 4336 4440 4439
8589 2 0 4337 4338 4441
8590 2 0 4337 4441 4440
8591 2 0 4338 4339 4442
8592 2 0 4338 4442 4441
8593 2 0 4339 4340 4443
8594 2 0 4339 4443 4442
8595 2 0 4340 4341 4444
8596 2 0 4340 4444 4443
8597 2 0 4341 4342 4445
8598 2 0 4341 4445 4444
8599 2 0 4342 4343 4446
8600 2 0 4342 4446 4445
8601 2 0 4343 4344 4447
8602 2 0 4343 4447 4446
8603 2 0 4344 4345 4448
8604 2 0 4344 4448 4447
8605 2 0 4345 4346 4449
8606 2 0 4345 4449 4448
8607 2 0 4346 4347 4450
8608 2 0 4346 4450 4449
8609 2 0 4347 4348 4451
8610 2 0 4347 4451 4450
8611 2 0 4348 4349 4452
8612 2 0 4348 4452 4451
8613 2 0 4349 4350 4453
8614 2 0 4349 4453 4452
8615 2 0 4350 4351 4454
8616 2 0 4350 4454 4453
8617 2 0 4351 4352 4455
8618 2 0 4351 4455 4454
8619 2 0 4352 4353 4456
8620 2 0 4352 4456 4455
8621 2 0 4353 4354 4457
8622 2 0 4353 4457 4456
8623 2 0 4354 4355 4458
8624 2 0 4354 4458 4457
8625 2 0 4355 4356 4459
8626 2 0 4355 4459 4458
8627 2 0 4356 4357 4460
8628 2 0 4356 4460 4459
8629 2 0 4357 4358 4461
8630 2 0 4357 4461 4460
8631 2 0 4358 4359 4462
8632 2 0 4358 4462 4461
8633 2 0 4359 4360 4463
8634 2 0 4359 4463 4462
8635 2 0 4360 4361 4464
8636 2 0 4360 4464 4463
8637 2 0 4361 4362 4465
8638 2 0 4361 4465 4464
8639 2 0 4362 4363 4466
8640 2 0 4362 4466 4465
8641 2 0 4363 4364 4467
8642 2 0 4363 4467 4466
8643 2 0 4364 4365 4468
8644 2 0 4364 4468 4467
8645 2 0 4365 4366 4469
8646 2 0 4365 4469 4468
8647 2 0 4366 4367 4470
8648 2 0 4366 4470 4469
8649 2 0 4367 4368 4471
8650 2 0 4367 4471 4470
8651 2 0 4368 4369 4472
8652 2 0 4368 4472 4471
8653 2 0 4369 4370 4473
8654 2 0 4369 4473 4472
8655 2 0 4370 4371 4474
8656 2 0 4370 4474 4473
8657 2 0 4371 4372 4475
8658 2 0 4371 4475 4474
8659 2 0 4372 4373 4476
8660 2 0 4372 4476 4475
8661 2 0 4373 4374 4477
8662 2 0 4373 4477 4476
8663 2 0 4374 4375 4478
8664 2 0 4374 4478 4477
8665 2 0 4375 4376 4479
8666 2 0 4375 4479 4478
8667 2 0 4376 4377 4480
8668 2 0 4376 4480 4479
8669 2 0 4377 4378 4481
8670 2 0 4377 4481 4480
8671 2 0 4378 4379 4482
8672 2 0 4378 4482 4481
8673 2 0 4379 4380 4483
8674 2 0 4379 4483 4482
8675 2 0 4380 4381 4484
8676 2 0 4380 4484 4483
8677 2 0 4381 4382 4485
8678 2 0 4381 4485 4484
8679 2 0 4382 4383 4486
8680 2 0 4382 4486 4485
8681 2 0 4383 4384 4487
8682 2 0 4383 4487 4486
8683 2 0 4384 4385 4488
8684 2 0 4384 4488 4487
8685 2 0 4385 4386 4489
8686 2 0 4385 4489 4488
8687 2 0 4386 4387 4490
8688 2 0 4386 4490 4489
8689 2 0 4387 4388 4491
8690 2 0 4387 4491 4490
8691 2 0 4388 4389 4492
8692 2 0 4388 4492 4491
8693 2 0 4389 4390 4493
8694 2 0 4389 4493 4492
8695 2 0 4390 4391 4494
8696 2 0 4390 4494 4493
8697 2 0 4391 4392 4495
8698 2 0 4391 4495 4494
8699 2 0 4392 4393 4496
8700 2 0 4392 4496 4495
8701 2 0 4393 4394 4497
8702 2 0 4393 4497 4496
8703 2 0 4394 4395 4498
8704 2 0 4394 4498 4497
8705 2 0 4395 4396 4499
8706 2 0 4395 4499 4498
8707 2 0 4396 4397 4500
8708 2 0 4396 4500 4499
8709 2 0 4397 4398 4501
8710 2 0 4397 4501 4500
8711 2 0 4398 4399 4502
8712 2 0 4398 4502 4501
8713 2 0 4399 4400 4503
8714 2 0 4399 4503 4502
8715 2 0 4400 4401 4504
8716 2 0 4400 4504 4503
8717 2 0 4401 4402 4505
8718 2 0 4401 4505 4504
8719 2 0 4402 4403 4506
8720 2 0 4402 4506 4505
8721 2 0 4403 4404 4507
8722 2 0 4403 4507 4506
8723 2 0 4404 4405 4508
8724 2 0 4404 4508 4507
8725 2 0 4405 4406 4509
8726 2 0 4405 4509 4508
8727 2 0 4406 4407 4510
8728 2 0 4406 4510 4509
8729 2 0 4407 4408 4511
8730 2 0 4407 4511 4510
8731 2 0 4408 4409 4512
8732 2 0 4408 4512 4511
8733 2 0 4409 4410 4513
8734 2 0 4409 4513 4512
8735 2 0 4410 4411 4514
8736 2 0 4410 4514 4513
8737 2 0 4411 4412 4515
8738 2 0 4411 4515 4514
8739 2 0 4412 4413 4516
8740 2 0 4412 4516 4515
8741 2 0 4413 4414 4517
8742 2 0 4413 4517 4516
8743 2 0 4414 4415 4518
8744 2 0 4414 4518 4517
8745 2 0 4415 4416 4519
8746 2 0 4415 4519 4518
8747 2 0 4416 4417 4520
8748 2 0 4416 4520 4519
8749 2 0 4417 4418 4521
8750 2 0 4417 4521 4520
8751 2 0 4418 4419 4522
8752 2 0 4418 4522 4521
8753 2 0 4419 4420 4523
8754 2 0 4419 4523 4522
8755 2 0 4420 4421 4524
8756 2 0 4420 4524 4523
8757 2 0 4421 4422 4525
8758 2 0 4421 4525 4524
8759 2 0 4422 4423 4526
8760 2 0 4422 4526 4525
8761 2 0 4423 4424 4527
8762 2 0 4423 4527 4526
8763 2 0 4424 4425 4528
8764 2 0 4424 4528 4527
8765 2 0 4425 4426 4529
8766 2 0 4425 4529 4528
8767 2 0 4426 4427 4530
8768 2 0 4426 4530 4529
8769 2 0 4427 4428 4531
8770 2 0 4427 4531 4530
8771 2 0 4428 4429 4532
8772 2 0 4428 4532 4531
8773 2 0 4430 4431 4534
8774 2 0 4430 4534 4533
8775 2 0 4431 4432 4535
8776 2 0 4431 4535 4534
8777 2 0 4432 4433 4536
8778 2 0 4432 4536 4535
8779 2 0 4433 4434 4537
8780 2 0 4433 4537 4536
8781 2 0 4434 4435 4538
8782 2 0 4434 4538 4537
8783 2 0 4435 4436 4539
8784 2 0 4435 4539 4538
8785 2 0 4436 4437 4540
8786 2 0 4436 4540 4539
8787 2 0 4437 4438 4541
8788 2 0 4437 4541 4540
8789 2 0 4438 4439 4542
8790 2 0 4438 4542 4541
8791 2 0 4439 4440 4543
8792 2 0 4439 4543 4542
8793 2 0 4440 4441 4544
8794 2 0 4440 4544 4543
8795 2 0 4441 4442 4545
8796 2 0 4441 4545 4544
8797 2 0 4442 4443 4546
8798 2 0 4442 4546 4545
8799 2 0 4443 4444 4547
8800 2 0 4443 4547 4546
8801 2 0 4444 4445 4548
8802 2 0 4444 4548 4547
8803 2 0 4445 4446 4549
8804 2 0 4445 4549 4548
8805 2 0 4446 4447 4550
8806 2 0 4446 4550 4549
8807 2 0 4447 4448 4551
8808 2 0 4447 4551 4550
8809 2 0 4448 4449 4552
8810 2 0 4448 4552 4551
8811 2 0 4449 4450 4553
8812 2 0 4449 4553 4552
8813 2 0 4450 4451 4554
8814 2 0 4450 4554 4553
8815 2 0 4451 4452 4555
8816 2 0 4451 4555 4554
8817 2 0 4452 4453 4556
8818 2 0 4452 4556 4555
8819 2 0 4453 4454 4557
8820 2 0 4453 4557 4556
8821 2 0 4454 4455 4558
8822 2 0 4454 4558 4557
8823 2 0 4455 4456 4559
8824 2 0 4455 4559 4558
8825 2 0 4456 4457 4560
8826 2 0 4456 4560 4559
8827 2 0 4457 4458 4561
8828 2 0 4457 4561 4560
8829 2 0 4458 4459 4562
8830 2 0 4458 4562 4561
8831 2 0 4459 4460 4563
8832 2 0 4459 4563 4562
8833 2 0 4460 4461 4564
8834 2 0 4460 4564 4563
8835 2 0 4461 4462 4565
8836 2 0 4461 4565 4564
8837 2 0 4462 4463 4566
8838 2 0 4462 4566 4565
8839 2 0 4463 4464 4567
8840 2 0 4463 4567 4566
8841 2 0 4464 4465 4568
8842 2 0 4464 4568 4567
8843 2 0 4465 4466 4569
8844 2 0 4465 4569 4568
8845 2 0 4466 4467 4570
8846 2 0 4466 4570 4569
8847 2 0 4467 4468 4571
8848 2 0 4467 4571 4570
8849 2 0 4468 4469 4572
8850 2 0 4468 4572 4571
8851 2 0 4469 4470 4573
8852 2 0 4469 4573 4572
8853 2 0 4470 4471 4574
8854 2 0 4470 4574 4573
8855 2 0 4471 4472 4575
8856 2 0 4471 4575 4574
8857 2 0 4472 4473 4576
8858 2 0 4472 4576 4575
8859 2 0 4473 4474 4577
8860 2 0 4473 4577 4576
8861 2 0 4474 4475 4578
8862 2 0 4474 4578 4577
8863 2 0 4475 4476 4579
8864 2 0 4475 4579 4578
8865 2 0 4476 4477 4580
8866 2 0 4476 4580 4579
8867 2 0 4477 4478 4581
8868 2 0 4477 4581 4580
8869 2 0 4478 4479 4582
8870 2 0 4478 4582 4581
8871 2 0 4479 4480 4583
8872 2 0 4479 4583 4582
8873 2 0 4480 4481 4584
8874 2 0 4480 4584 4583
8875 2 0 4481 4482 4585
8876 2 0 4481 4585 4584
8877 2 0 4482 4483 4586
8878 2 0 4482 4586 4585
8879 2 0 4483 4484 4587
8880 2 0 4483 4587 4586
8881 2 0 4484 4485 4588
8882 2 0 4484 4588 4587
8883 2 0 4485 4486 4589
8884 2 0 4485 4589 4588
8885 2 0 4486 4487 4590
8886 2 0 4486 4590 4589
8887 2 0 4487 4488 4591
8888 2 0 4487 4591 4590
8889 2 0 4488 4489 4592
8890 2 0 4488 4592 4591
8891 2 0 4489 4490 4593
8892 2 0 4489 4593 4592
8893 2 0 4490 4491 4594
8894 2 0 4490 4594 4593
8895 2 0 4491 4492 4595
8896 2 0 4491 4595 4594
8897 2 0 4492 4493 4596
8898 2 0 4492 4596 4595
8899 2 0 4493 4494 4597
8900 2 0 4493 4597 4596
8901 2 0 4494 4495 4598
8902 2 0 4494 4598 4597
8903 2 0 4495 4496 4599
8904 2 0 4495 4599 4598
8905 2 0 4496 4497 4600
8906 2 0 4496 4600 4599
8907 2 0 4497 4498 4601
8908 2 0 4497 4601 4600
8909 2 0 4498 4499 4602
8910 2 0 4498 4602 4601
8911 2 0 4499 4500 4603
8912 2 0 4499 4603 4602
8913 2 0 4500 4501 4604
8914 2 0 4500 4604 4603
8915 2 0 4501 4502 4605
8916 2 0 4501 4605 4604
8917 2 0 4502 4503 4606
8918 2 0 4502 4606 4605
8919 2 0 4503 4504 4607
8920 2 0 4503 4607 4606
8921 2 0 4504 4505 4608
8922 2 0 4504 4608 4607
8923 2 0 4505 4506 4609
8924 2 0 4505 4609 4608
8925 2 0 4506 4507 4610
8926 2 0 4506 4610 4609
8927 2 0 4507 4508 4611
8928 2 0 4507 4611 4610
8929 2 0 4508 4509 4612
8930 2 0 4508 4612 4611
8931 2 0 4509 4510 4613
8932 2 0 4509 4613 4612
8933 2 0 4510 4511 4614
8934 2 0 4510 4614 4613
8935 2 0 4511 4512 4615
8936 2 0 4511 4615 4614
8937 2 0 4512 4513 4616
8938 2 0 4512 4616 4615
8939 2 0 4513 4514 4617
8940 2 0 4513 4617 4616
8941 2 0 4514 4515 4618
8942 2 0 4514 4618 4617
8943 2 0 4515 4516 4619
8944 2 0 4515 4619 4618
8945 2 0 4516 4517 4620
8946 2 0 4516 4620 4619
8947 2 0 4517 4518 4621
8948 2 0 4517 4621 4620
8949 2 0 4518 4519 4622
8950 2 0 4518 4622 4621
8951 2 0 4519 4520 4623
8952 2 0 4519 4623 4622
8953 2 0 4520 4521 4624
8954 2 0 4520 4624 4623
8955 2 0 4521 4522 4625
8956 2 0 4521 4625 4624
8957 2 0 4522 4523 4626
8958 2 0 4522 4626 4625
8959 2 0 4523 4524 4627
8960 2 0 4523 4627 4626
8961 2 0 4524 4525 4628
8962 2 0 4524 4628 4627
8963 2 0 4525 4526 4629
8964 2 0 4525 4629 4628
8965 2 0 4526 4527 4630
8966 2 0 4526 4630 4629
8967 2 0 4527 4528 4631
8968 2 0 4527 4631 4630
8969 2 0 4528 4529 4632
8970 2 0 4528 4632 4631
8971 2 0 4529 4530 4633
8972 2 0 4529 4633 4632
8973 2 0 4530 4531 4634
8974 2 0 4530 4634 4633
8975 2 0 4531 4532 4635
8976 2 0 4531 4635 4634
8977 2 0 4533 4534 4637
8978 2 0 4533 4637 4636
8979 2 0 4534 4535 4638
8980 2 0 4534 4638 4637
8981 2 0 4535 4536 4639
8982 2 0 4535 4639 4638
8983 2 0 4536 4537 4640
8984 2 0 4536 4640 4639
8985 2 0 4537 4538 4641
8986 2 0 4537 4641 4640
8987 2 0 4538 4539 4642
8988 2 0 4538 4642 4641
8989 2 0 4539 4540 4643
8990 2 0 4539 4643 4642
8991 2 0 4540 4541 4644
8992 2 0 4540 4644 4643
8993 2 0 4541 4542 4645
8994 2 0 4541 4645 4644
8995 2 0 4542 4543 4646
8996 2 0 4542 4646 4645
8997 2 0 4543 4544 4647
8998 2 0 4543 4647 4646
8999 2 0 4544 4545 4648
9000 2 0 4544 4648 4647
9001 2 0 4545 4546 4649
9002 2 0 4545 4649 4648
9003 2 0 4546 4547 4650
9004 2 0 4546 4650 4649
9005 2 0 4547 4548 4651
9006 2 0 4547 4651 4650
9007 2 0 4548 4549 4652
9008 2 0 4548 4652 4651
9009 2 0 4549 4550 4653
9010 2 0 4549 4653 4652
9011 2 0 4550 4551 4654
9012 2 0 4550 4654 4653
9013 2 0 4551 4552 4655
9014 2 0 4551 4655 4654
9015 2 0 4552 4553 4656
9016 2 0 4552 4656 4655
9017 2 0 4553 4554 4657
9018 2 0 4553 4657 4656
9019 2 0 4554 4555 4658
9020 2 0 4554 4658 4657
9021 2 0 4555 4556 4659
9022 2 0 4555 4659 4658
9023 2 0 4556 4557 4660
9024 2 0 4556 4660 4659
9025 2 0 4557 4558 4661
9026 2 0 4557 4661 4660
9027 2 0 4558 4559 4662
9028 2 0 4558 4662 4661
9029 2 0 4559 4560 4663
9030 2 0 4559 4663 4662
9031 2 0 4560 4561 4664
9032 2 0 4560 4664 4663
9033 2 0 4561 4562 4665
9034 2 0 4561 4665 4664
9035 2 0 4562 4563 4666
9036 2 0 4562 4666 4665
9037 2 0 4563 4564 4667
9038 2 0 4563 4667 4666
9039 2 0 4564 4565 4668
9040 2 0 4564 4668 4667
9041 2 0 4565 4566 4669
9042 2 0 4565 4669 4668
9043 2 0 4566 4567 4670
9044 2 0 4566 4670 4669
9045 2 0 4567 4568 4671
9046 2 0 4567 4671 4670
9047 2 0 4568 4569 4672
9048 2 0 4568 4672 4671
9049 2 0 4569 4570 4673
9050 2 0 4569 4673 4672
9051 2 0 4570 4571 4674
9052 2 0 4570 4674 4673
9053 2 0 4571 4572 4675
9054 2 0 4571 4675 4674
9055 2 0 4572 4573 4676
9056 2 0 4572 4676 4675
9057 2 0 4573 4574 4677
9058 2 0 4573 4677 4676
9059 2 0 4574 4575 4678
9060 2 0 4574 4678 4677
9061 2 0 4575 4576 4679
9062 2 0 4575 4679 4678
9063 2 0 4576 4577 4680
9064 2 0 4576 4680 4679
9065 2 0 4577 4578 4681
9066 2 0 4577 4681 4680
9067 2 0 4578 4579 4682
9068 2 0 4578 4682 4681
9069 2 0 4579 4580 4683
9070 2 0 4579 4683 4682
9071 2 0 4580 4581 4684
9072 2 0 4580 4684 4683
9073 2 0 4581 4582 4685
9074 2 0 4581 4685 4684
9075 2 0 4582 4583 4686
9076 2 0 4582 4686 4685
9077 2 0 4583 4584 4687
9078 2 0 4583 4687 4686
9079 2 0 4584 4585 4688
9080 2 0 4584 4688 4687
9081 2 0 4585 4586 4689
9082 2 0 4585 4689 4688
9083 2 0 4586 4587 4690
9084 2 0 4586 4690 4689
9085 2 0 4587 4588 4691
9086 2 0 4587 4691 4690
9087 2 0 4588 4589 4692
9088 2 0 4588 4692 4691
9089 2 0 4589 4590 4693
9090 2 0 4589 4693 4692
9091 2 0 4590 4591 4694
9092 2 0 4590 4694 4693
9093 2 0 4591 4592 4695
9094 2 0 4591 4695 4694
9095 2 0 4592 4593 4696
9096 2 0 4592 4696 4695
9097 2 0 4593 4594 4697
9098 2 0 4593 4697 4696
9099 2 0 4594 4595 4698
9100 2 0 4594 4698 4697
9101 2 0 4595 4596 4699
9102 2 0 4595 4699 4698
9103 2 0 4596 4597 4700
9104 2 0 4596 4700 4699
9105 2 0 4597 4598 4701
9106 2 0 4597 4701 4700
9107 2 0 4598 4599 4702
9108 2 0 4598 4702 4701
9109 2 0 4599 4600 4703
9110 2 0 4599 4703 4702
9111 2 0 4600 4601 4704
9112 2 0 4600 4704 4703
9113 2 0 4601 4602 4705
9114 2 0 4601 4705 4704
9115 2 0 4602 4603 4706
9116 2 0 4602 4706 4705
9117 2 0 4603 4604 4707
9118 2 0 4603 4707 4706
9119 2 0 4604 4605 4708
9120 2 0 4604 4708 4707
9121 2 0 4605 4606 4709
9122 2 0 4605 4709 4708
9123 2 0 4606 4607 4710
9124 2 0 4606 4710 4709
9125 2 0 4607 4608 4711
9126 2 0 4607 4711 4710
9127 2 0 4608 4609 4712
9128 2 0 4608 4712 4711
9129 2 0 4609 4610 4713
9130 2 0 4609 4713 4712
9131 2 0 4610 4611 4714
9132 2 0 4610 4714 4713
9133 2 0 4611 4612 4715
9134 2 0 4611 4715 4714
9135 2 0 4612 4613 4716
9136 2 0 4612 4716 4715
9137 2 0 4613 4614 4717
9138 2 0 4613 4717 4716
9139 2 0 4614 4615 4718
9140 2 0 4614 4718 4717
9141 2 0 4615 4616 4719
9142 2 0 4615 4719 4718
9143 2 0 4616 4617 4720
9144 2 0 4616 4720 4719
9145 2 0 4617 4618 4721
9146 2 0 4617 4721 4720
9147 2 0 4618 4619 4722
9148 2 0 4618 4722 4721
9149 2 0 4619 4620 4723
9150 2 0 4619 4723 4722
9151 2 0 4620 4621 4724
9152 2 0 4620 4724 4723
9153 2 0 4621 4622 4725
9154 2 0 4621 4725 4724
9155 2 0 4622 4623 4726
9156 2 0 4622 4726 4725
9157 2 0 4623 4624 4727
9158 2 0 4623 4727 4726
9159 2 0 4624 4625 4728
9160 2 0 4624 4728 4727
9161 2 0 4625 4626 4729
9162 2 0 4625 4729 4728
9163 2 0 4626 4627 4730
9164 2 0 4626 4730 4729
9165 2 0 4627 4628 4731
9166 2 0 4627 4731 4730
9167 2 0 4628 4629 4732
9168 2 0 4628 4732 4731
9169 2 0 4629 4630 4733
9170 2 0 4629 4733 4732
9171 2 0 4630 4631 4734
9172 2 0 4630 4734 4733
9173 2 0 4631 4632 4735
9174 2 0 4631 4735 4734
9175 2 0 4632 4633 4736
9176 2 0 4632 4736 4735
9177 2 0 4633 4634 4737
9178 2 0 4633 4737 4736
9179 2 0 4634 4635 4738
9180 2 0 4634 4738 4737
9181 2 0 4636 4637 4740
9182 2 0 4636 4740 4739
9183 2 0 4637 4638 4741
9184 2 0 4637 4741 4740
9185 2 0 4638 4639 4742
9186 2 0 4638 4742 4741
9187 2 0 4639 4640 4743
9188 2 0 4639 4743 4742
9189 2 0 4640 4641 4744
9190 2 0 4640 4744 4743
9191 2 0 4641 4642 4745
9192 2 0 4641 4745 4744
9193 2 0 4642 4643 4746
9194 2 0 4642 4746 4745
9195 2 0 4643 4644 4747
9196 2 0 4643 4747 4746
9197 2 0 4644 4645 4748
9198 2 0 4644 4748 4747
9199 2 0 4645 4646 4749
9200 2 0 4645 4749 4748
9201 2 0 4646 4647 4750
9202 2 0 4646 4750 4749
9203 2 0 4647 4648 4751
9204 2 0 4647 4751 4750
9205 2 0 4648 4649 4752
9206 2 0 4648 4752 4751
9207 2 0 4649 4650 4753
9208 2 0 4649 4753 4752
9209 2 0 4650 4651 4754
9210 2 0 4650 4754 4753
9211 2 0 4651 4652 4755
9212 2 0 4651 4755 4754
9213 2 0 4652 4653 4756
9214 2 0 4652 4756 4755
9215 2 0 4653 4654 4757
9216 2 0 4653 4757 4756
9217 2 0 4654 4655 4758
9218 2 0 4654 4758 4757
9219 2 0 4655 4656 4759
9220 2 0 4655 4759 4758
9221 2 0 4656 4657 4760
9222 2 0 4656 4760 4759
9223 2 0 4657 4658 4761
9224 2 0 4657 4761 4760
9225 2 0 4658 4659 4762
9226 2 0 4658 4762 4761
9227 2 0 4659 4660 4763
9228 2 0 4659 4763 4762
9229 2 0 4660 4661 4764
9230 2 0 4660 4764 4763
9231 2 0 4661 4662 4765
9232 2 0 4661 4765 4764
9233 2 0 4662 4663 4766
9234 2 0 4662 4766 4765
9235 2 0 4663 4664 4767
9236 2 0 4663 4767 4766
9237 2 0 4664 4665 4768
9238 2 0 4664 4768 4767
9239 2 0 4665 4666 4769
9240 2 0 4665 4769 4768
9241 2 0 4666 4667 4770
9242 2 0 4666 4770 4769
9243 2 0 4667 4668 4771
9244 2 0 4667 4771 4770
9245 2 0 4668 4669 4772
9246 2 0 4668 4772 4771
9247 2 0 4669 4670 4773
9248 2 0 4669 4773 4772
9249 2 0 4670 4671 4774
9250 2 0 4670 4774 4773
9251 2 0 4671 4672 4775
9252 2 0 4671 4775 4774
9253 2 0 4672 4673 4776
9254 2 0 4672 4776 4775
9255 2 0 4673 4674 4777
9256 2 0 4673 4777 4776
9257 2 0 4674 4675 4778
9258 2 0 4674 4778 4777
9259 2 0 4675 4676 4779
9260 2 0 4675 4779 4778
9261 2 0 4676 4677 4780
9262 2 0 4676 4780 4779
9263 2 0 4677 4678 4781
9264 2 0 4677 4781 4780
9265 2 0 4678 4679 4782
9266 2 0 4678 4782 4781
9267 2 0 4679 4680 4783
9268 2 0 4679 4783 4782
9269 2 0 4680 4681 4784
9270 2 0 4680 4784 4783
9271 2 0 4681 4682 4785
9272 2 0 4681 4785 4784
9273 2 0 4682 4683 4786
9274 2 0 4682 4786 4785
9275 2 0 4683 4684 4787
9276 2 0 4683 4787 4786
9277 2 0 4684 4685 4788
9278 2 0 4684 4788 4787
9279 2 0 4685 4686 4789
9280 2 0 4685 4789 4788
9281 2 0 4686 4687 4790
9282 2 0 4686 4790 4789
9283 2 0 4687 4688 4791
9284 2 0 4687 4791 4790
9285 2 0 4688 4689 4792
9286 2 0 4688 4792 4791
9287 2 0 4689 4690 4793
9288 2 0 4689 4793 4792
9289 2 0 4690 4691 4794
9290 2 0 4690 4794 4793
9291 2 0 4691 4692 4795
9292 2 0 4691 4795 4794
9293 2 0 4692 4693 4796
9294 2 0 4692 4796 4795
9295 2 0 4693 4694 4797
9296 2 0 4693 4797 4796
9297 2 0 4694 4695 4798
9298 2 0 4694 4798 4797
9299 2 0 4695 4696 4799
9300 2 0 4695 4799 4798
9301 2 0 4696 4697 4800
9302 2 0 4696 4800 4799
9303 2 0 4697 4698 4801
9304 2 0 4697 4801 4800
9305 2 0 4698 4699 4802
9306 2 0 4698 4802 4801
9307 2 0 4699 4700 4803
9308 2 0 4699 4803 4802
9309 2 0 4700 4701 4804
9310 2 0 4700 4804 4803
9311 2 0 4701 4702 4805
9312 2 0 4701 4805 4804
9313 2 0 4702 4703 4806
9314 2 0 4702 4806 4805
9315 2 0 4703 4704 4807
9316 2 0 4703 4807 4806
9317 2 0 4704 4705 4808
9318 2 0 4704 4808 4807
9319 2 0 4705 4706 4809
9320 2 0 4705 4809 4808
9321 2 0 4706 4707 4810
9322 2 0 4706 4810 4809
9323 2 0 4707 4708 4811
9324 2 0 4707 4811 4810
9325 2 0 4708 4709 4812
9326 2 0 4708 4812 4811
9327 2 0 4709 4710 4813
9328 2 0 4709 4813 4812
9329 2 0 4710 4711 4814
9330 2 0 4710 4814 4813
9331 2 0 4711 4712 4815
9332 2 0 4711 4815 4814
9333 2 0 4712 4713 4816
9334 2 0 4712 4816 4815
9335 2 0 4713 4714 4817
9336 2 0 4713 4817 4816
9337 2 0 4714 4715 4818
9338 2 0 4714 4818 4817
9339 2 0 4715 4716 4819
9340 2 0 4715 4819 4818
9341 2 0 4716 4717 4820
9342 2 0 4716 4820 4819
9343 2 0 4717 4718 4821
9344 2 0 4717 4821 4820
9345 2 0 4718 4719 4822
9346 2 0 4718 4822 4821
9347 2 0 4719 4720 4823
9348 2 0 4719 4823 4822
9349 2 0 4720 4721 4824
9350 2 0 4720 4824 4823
9351 2 0 4721 4722 4825
9352 2 0 4721 4825 4824
9353 2 0 4722 4723 4826
9354 2 0 4722 4826 4825
9355 2 0 4723 4724 4827
9356 2 0 4723 4827 4826
9357 2 0 4724 4725 4828
9358 2 0 4724 4828 4827
9359 2 0 4725 4726 4829
9360 2 0 4725 4829 4828
9361 2 0 4726 4727 4830
9362 2 0 4726 4830 4829
9363 2 0 4727 4728 4831
9364 2 0 4727 4831 4830
9365 2 0 4728 4729 4832
9366 2 0 4728 4832 4831
9367 2 0 4729 4730 4833
9368 2 0 4729 4833 4832
9369 2 0 4730 4731 4834
9370 2 0 4730 4834 4833
9371 2 0 4731 4732 4835
9372 2 0 4731 4835 4834
9373 2 0 4732 4733 4836
9374 2 0 4732 4836 4835
9375 2 0 4733 4734 4837
9376 2 0 4733 4837 4836
9377 2 0 4734 4735 4838
9378 2 0 4734 4838 4837
9379 2 0 4735 4736 4839
9380 2 0 4735 4839 4838
9381 2 0 4736 4737 4840
9382 2 0 4736 4840 4839
9383 2 0 4737 4738 4841
9384 2 0 4737 4841 4840
9385 2 0 4739 4740 4843
9386 2 0 4739 4843 4842
9387 2 0 4740 4741 4844
9388 2 0 4740 4844 4843
9389 2 0 4741 4742 4845
9390 2 0 4741 4845 4844
9391 2 0 4742 4743 4846
9392 2 0 4742 4846 4845
9393 2 0 4743 4744 4847
9394 2 0 4743 4847 4846
9395 2 0 4744 4745 4848
9396 2 0 4744 4848 4847
9397 2 0 4745 4746 4849
9398 2 0 4745 4849 4848
9399 2 0 4746 4747 4850
9400 2 0 4746 4850 4849
9401 2 0 4747 4748 4851
9402 2 0 4747 4851 4850
9403 2 0 4748 4749 4852
9404 2 0 4748 4852 4851
9405 2 0 4749 4750 4853
9406 2 0 4749 4853 4852
9407 2 0 4750 4751 4854
9408 2 0 4750 4854 4853
9409 2 0 4751 4752 4855
9410 2 0 4751 4855 4854
9411 2 0 4752 4753 4856
9412 2 0 4752 4856 4855
9413 2 0 4753 4754 4857
9414 2 0 4753 4857 4856
9415 2 0 4754 4755 4858
9416 2 0 4754 4858 4857
9417 2 0 4755 4756 4859
9418 2 0 4755 4859 4858
9419 2 0 4756 4757 4860
9420 2 0 4756 4860 4859
9421 2 0 4757 4758 4861
9422 2 0 4757 4861 4860
9423 2 0 4758 4759 4862
9424 2 0 4758 4862 4861
9425 2 0 4759 4760 4863
9426 2 0 4759 4863 4862
9427 2 0 4760 4761 4864
9428 2 0 4760 4864 4863
9429 2 0 4761 4762 4865
9430 2 0 4761 4865 4864
9431 2 0 4762 4763 4866
9432 2 0 4762 4866 4865
9433 2 0 4763 4764 4867
9434 2 0 4763 4867 4866
9435 2 0 4764 4765 4868
9436 2 0 4764 4868 4867
9437 2 0 4765 4766 4869
9438 2 0 4765 4869 4868
9439 2 0 4766 4767 4870
9440 2 0 4766 4870 4869
9441 2 0 4767 4768 4871
9442 2 0 4767 4871 4870
9443 2 0 4768 4769 4872
9444 2 0 4768 4872 4871
9445 2 0 4769 4770 4873
9446 2 0 4769 4873 4872
9447 2 0 4770 4771 4874
9448 2 0 4770 4874 4873
9449 2 0 4771 4772 4875
9450 2 0 4771 4875 4874
9451 2 0 4772 4773 4876
9452 2 0 4772 4876 4875
9453 2 0 4773 4774 4877
9454 2 0 4773 4877 4876
9455 2 0 4774 4775 4878
9456 2 0 4774 4878 4877
9457 2 0 4775 4776 4879
9458 2 0 4775 4879 4878
9459 2 0 4776 4777 4880
9460 2 0 4776 4880 4879
9461 2 0 4777 4778 4881
9462 2 0 4777 4881 4880
9463 2 0 4778 4779 4882
9464 2 0 4778 4882 4881
9465 2 0 4779 4780 4883
9466 2 0 4779 4883 4882
9467 2 0 4780 4781 4884
9468 2 0 4780 4884 4883
9469 2 0 4781 4782 4885
9470 2 0 4781 4885 4884
9471 2 0 4782 4783 4886
9472 2 0 4782 4886 4885
9473 2 0 4783 4784 4887
9474 2 0 4783 4887 4886
9475 2 0 4784 4785 4888
9476 2 0 4784 4888 4887
9477 2 0 4785 4786 4889
9478 2 0 4785 4889 4888
9479 2 0 4786 4787 4890
9480 2 0 4786 4890 4889
9481 2 0 4787 4788 4891
9482 2 0 4787 4891 4890
9483 2 0 4788 4789 4892
9484 2 0 4788 4892 4891
9485 2 0 4789 4790 4893
9486 2 0 4789 4893 4892
9487 2 0 4790 4791 4894
9488 2 0 4790 4894 4893
9489 2 0 4791 4792 4895
9490 2 0 4791 4895 4894
9491 2 0 4792 4793 4896
9492 2 0 4792 4896 4895
9493 2 0 4793 4794 4897
9494 2 0 4793 4897 4896
9495 2 0 4794 4795 4898
9496 2 0 4794 4898 4897
9497 2 0 4795 4796 4899
9498 2 0 4795 4899 4898
9499 2 0 4796 4797 4900
9500 2 0 4796 4900 4899
9501 2 0 4797 4798 4901
9502 2 0 4797 4901 4900
9503 2 0 4798 4799 4902
9504 2 0 4798 4902 4901
9505 2 0 4799 4800 4903
9506 2 0 4799 4903 4902
9507 2 0 4800 4801 4904
9508 2 0 4800 4904 4903
9509 2 0 4801 4802 4905
9510 2 0 4801 4905 4904
9511 2 0 4802 4803 4906
9512 2 0 4802 4906 4905
9513 2 0 4803 4804 4907
9514 2 0 4803 4907 4906
9515 2 0 4804 4805 4908
9516 2 0 4804 4908 4907
9517 2 0 4805 4806 4909
9518 2 0 4805 4909 4908
9519 2 0 4806 4807 4910
9520 2 0 4806 4910 4909
9521 2 0 4807 4808 4911
9522 2 0 4807 4911 4910
9523 2 0 4808 4809 4912
9524 2 0 4808 4912 4911
9525 2 0 4809 4810 4913
9526 2 0 4809 4913 4912
9527 2 0 4810 4811 4914
9528 2 0 4810 4914 4913
9529 2 0 4811 4812 4915
9530 2 0 4811 4915 4914
9531 2 0 4812 4813 4916
9532 2 0 4812 4916 4915
9533 2 0 4813 4814 4917
9534 2 0 4813 4917 4916
9535 2 0 4814 4815 4918
9536 2 0 4814 4918 4917
9537 2 0 4815 4816 4919
9538 2 0 4815 4919 4918
9539 2 0 4816 4817 4920
9540 2 0 4816 4920 4919
9541 2 0 4817 4818 4921
9542 2 0 4817 4921 4920
9543 2 0 4818 4819 4922
9544 2 0 4818 4922 4921
9545 2 0 4819 4820 4923
9546 2 0 4819 4923 4922
9547 2 0 4820 4821 4924
9548 2 0 4820 4924 4923
9549 2 0 4821 4822 4925
9550 2 0 4821 4925 4924
9551 2 0 4822 4823 4926
9552 2 0 4822 4926 4925
9553 2 0 4823 4824 4927
9554 2 0 4823 4927 4926
9555 2 0 4824 4825 4928
9556 2 0 4824 4928 4927
9557 2 0 4825 4826 4929
9558 2 0 4825 4929 4928
9559 2 0 4826 4827 4930
9560 2 0 4826 4930 4929
9561 2 0 4827 4828 4931
9562 2 0 4827 4931 4930
9563 2 0 4828 4829 4932
9564 2 0 4828 4932 4931
9565 2 0 4829 4830 4933
9566 2 0 4829 4933 4932
9567 2 0 4830 4831 4934
9568 2 0 4830 4934 4933
9569 2 0 4831 4832 4935
9570 2 0 4831 4935 4934
9571 2 0 4832 4833 4936
9572 2 0 4832 4936 4935
9573 2 0 4833 4834 4937
9574 2 0 4833 4937 4936
9575 2 0 4834 4835 4938
9576 2 0 4834 4938 4937
9577 2 0 4835 4836 4939
9578 2 0 4835 4939 4938
9579 2 0 4836 4837 4940
9580 2 0 4836 4940 4939
9581 2 0 4837 4838 4941
9582 2 0 4837 4941 4940
9583 2 0 4838 4839 4942
9584 2 0 4838 4942 4941
9585 2 0 4839 4840 4943
9586 2 0 4839 4943 4942
9587 2 0 4840 4841 4944
9588 2 0 4840 4944 4943
9589 2 0 4842 4843 4946
9590 2 0 4842 4946 4945
9591 2 0 4843 4844 4947
9592 2 0 4843 4947 4946
9593 2 0 4844 4845 4948
9594 2 0 4844 4948 4947
9595 2 0 4845 4846 4949
9596 2 0 4845 4949 4948
9597 2 0 4846 4847 4950
9598 2 0 4846 4950 4949
9599 2 0 4847 4848 4951
9600 2 0 4847 4951 4950
9601 2 0 4848 4849 4952
9602 2 0 4848 4952 4951
9603 2 0 4849 4850 4953
9604 2 0 4849 4953 4952
9605 2 0 4850 4851 4954
9606 2 0 4850 4954 4953
9607 2 0 4851 4852 4955
9608 2 0 4851 4955 4954
9609 2 0 4852 4853 4956
9610 2 0 4852 4956 4955
9611 2 0 4853 4854 4957
9612 2 0 4853 4957 4956
9613 2 0 4854 4855 4958
9614 2 0 4854 4958 4957
9615 2 0 4855 4856 4959
9616 2 0 4855 4959 4958
9617 2 0 4856 4857 4960
9618 2 0 4856 4960 4959
9619 2 0 4857 4858 4961
9620 2 0 4857 4961 4960
9621 2 0 4858 4859 4962
9622 2 0 4858 4962 4961
9623 2 0 4859 4860 4963
9624 2 0 4859 4963 4962
9625 2 0 4860 4861 4964
9626 2 0 4860 4964 4963
9627 2 0 4861 4862 4965
9628 2 0 4861 4965 4964
9629 2 0 4862 4863 4966
9630 2 0 4862 4966 4965
9631 2 0 4863 4864 4967
9632 2 0 4863 4967 4966
9633 2 0 4864 4865 4968
9634 2 0 4864 4968 4967
9635 2 0 4865 4866 4969
9636 2 0 4865 4969 4968
9637 2 0 4866 4867 4970
9638 2 0 4866 4970 4969
9639 2 0 4867 4868 4971
9640 2 0 4867 4971 4970
9641 2 0 4868 4869 4972
9642 2 0 4868 4972 4971
9643 2 0 4869 4870 4973
9644 2 0 4869 4973 4972
9645 2 0 4870 4871 4974
9646 2 0 4870 4974 4973
9647 2 0 4871 4872 4975
9648 2 0 4871 4975 4974
9649 2 0 4872 4873 4976
9650 2 0 4872 4976 4975
9651 2 0 4873 4874 4977
9652 2 0 4873 4977 4976
9653 2 0 4874 4875 4978
9654 2 0 4874 4978 4977
9655 2 0 4875 4876 4979
9656 2 0 4875 4979 4978
9657 2 0 4876 4877 4980
9658 2 0 4876 4980 4979
9659 2 0 4877 4878 4981
9660 2 0 4877 4981 4980
9661 2 0 4878 4879 4982
9662 2 0 4878 4982 4981
9663 2 0 4879 4880 4983
9664 2 0 4879 4983 4982
9665 2 0 4880 4881 4984
9666 2 0 4880 4984 4983
9667 2 0 4881 4882 4985
9668 2 0 4881 4985 4984
9669 2 0 4882 4883 4986
9670 2 0 4882 4986 4985
9671 2 0 4883 4884 4987
9672 2 0 4883 4987 4986
9673 2 0 4884 4885 4988
9674 2 0 4884 4988 4987
9675 2 0 4885 4886 4989
9676 2 0 4885 4989 4988
9677 2 0 4886 4887 4990
9678 2 0 4886 4990 4989
9679 2 0 4887 4888 4991
9680 2 0 4887 4991 4990
9681 2 0 4888 4889 4992
9682 2 0 4888 4992 4991
9683 2 0 4889 4890 4993
9684 2 0 4889 4993 4992
9685 2 0 4890 4891 4994
9686 2 0 4890 4994 4993
9687 2 0 4891 4892 4995
9688 2 0 4891 4995 4994
9689 2 0 4892 4893 4996
9690 2 0 4892 4996 4995
9691 2 0 4893 4894 4997
9692 2 0 4893 4997 4996
9693 2 0 4894 4895 4998
9694 2 0 4894 4998 4997
9695 2 0 4895 4896 4999
9696 2 0 4895 4999 4998
9697 2 0 4896 4897 5000
9698 2 0 4896 5000 4999
9699 2 0 4897 4898 5001
9700 2 0 4897 5001 5000
9701 2 0 4898 4899 5002
9702 2 0 4898 5002 5001
9703 2 0 4899 4900 5003
9704 2 0 4899 5003 5002
9705 2 0 4900 4901 5004
9706 2 0 4900 5004 5003
9707 2 0 4901 4902 5005
9708 2 0 4901 5005 5004
9709 2 0 4902 4903 5006
9710 2 0 4902 5006 5005
9711 2 0 4903 4904 5007
9712 2 0 4903 5007 5006
9713 2 0 4904 4905 5008
9714 2 0 4904 5008 5007
9715 2 0 4905 4906 5009
9716 2 0 4905 5009 5008
9717 2 0 4906 4907 5010
9718 2 0 4906 5010 5009
9719 2 0 4907 4908 5011
9720 2 0 4907 5011 5010
9721 2 0 4908 4909 5012
9722 2 0 4908 5012 5011
9723 2 0 4909 4910 5013
9724 2 0 4909 5013 5012
9725 2 0 4910 4911 5014
9726 2 0 4910 5014 5013
9727 2 0 4911 4912 5015
9728 2 0 4911 5015 5014
9729 2 0 4912 4913 5016
9730 2 0 4912 5016 5015
9731 2 0 4913 4914 5017
9732 2 0 4913 5017 5016
9733 2 0 4914 4915 5018
9734 2 0 4914 5018 5017
9735 2 0 4915 4916 5019
9736 2 0 4915 5019 5018
9737 2 0 4916 4917 5020
9738 2 0 4916 5020 5019
9739 2 0 4917 4918 5021
9740 2 0 4917 5021 5020
9741 2 0 4918 4919 5022
9742 2 0 4918 5022 5021
9743 2 0 4919 4920 5023
9744 2 0 4919 5023 5022
9745 2 0 4920 4921 5024
9746 2 0 4920 5024 5023
9747 2 0 4921 4922 5025
9748 2 0 4921 5025 5024
9749 2 0 4922 4923 5026
9750 2 0 4922 5026 5025
9751 2 0 4923 4924 5027
9752 2 0 4923 5027 5026
9753 2 0 4924 4925 5028
9754 2 0 4924 5028 5027
9755 2 0 4925 4926 5029
9756 2 0 4925 5029 5028
9757 2 0 4926 4927 5030
9758 2 0 4926 5030 5029
9759 2 0 4927 4928 5031
9760 2 0 4927 5031 5030
9761 2 0 4928 4929 5032
9762 2 0 4928 5032 5031
9763 2 0 4929 4930 5033
9764 2 0 4929 5033 5032
9765 2 0 4930 4931 5034
9766 2 0 4930 5034 5033
9767 2 0 4931 4932 5035
9768 2 0 4931 5035 5034
9769 2 0 4932 4933 5036
9770 2 0 4932 5036 5035
9771 2 0 4933 4934 5037
9772 2 0 4933 5037 5036
9773 2 0 4934 4935 5038
9774 2 0 4934 5038 5037
9775 2 0 4935 4936 5039
9776 2 0 4935 5039 5038
9777 2 0 4936 4937 5040
9778 2 0 4936 5040 5039
9779 2 0 4937 4938 5041
9780 2 0 4937 5041 5040
9781 2 0 4938 4939 5042
9782 2 0 4938 5042 5041
9783 2 0 4939 4940 5043
9784 2 0 4939 5043 5042
9785 2 0 4940 4941 5044
9786 2 0 4940 5044 5043
9787 2 0 4941 4942 5045
9788 2 0 4941 5045 5044
9789 2 0 4942 4943 5046
9790 2 0 4942 5046 5045
9791 2 0 4943 4944 5047
9792 2 0 4943 5047 5046
9793 2 0 4945 4946 5049
9794 2 0 4945 5049 5048
9795 2 0 4946 4947 5050
9796 2 0 4946 5050 5049
9797 2 0 4947 4948 5051
9798 2 0 4947 5051 5050
9799 2 0 4948 4949 5052
9800 2 0 4948 5052 5051
9801 2 0 4949 4950 5053
9802 2 0 4949 5053 5052
9803 2 0 4950 4951 5054
9804 2 0 4950 5054 5053
9805 2 0 4951 4952 5055
9806 2 0 4951 5055 5054
9807 2 0 4952 4953 5056
9808 2 0 4952 5056 5055
9809 2 0 4953 4954 5057
9810 2 0 4953 5057 5056
9811 2 0 4954 4955 5058
9812 2 0 4954 5058 5057
9813 2 0 4955 4956 5059
9814 2 0 4955 5059 5058
9815 2 0 4956 4957 5060
9816 2 0 4956 5060 5059
9817 2 0 4957 4958 5061
9818 2 0 4957 5061 5060
9819 2 0 4958 4959 5062
9820 2 0 4958 5062 5061
9821 2 0 4959 4960 5063
9822 2 0 4959 5063 5062
9823 2 0 4960 4961 5064
9824 2 0 4960 5064 5063
9825 2 0 4961 4962 5065
9826 2 0 4961 5065 5064
9827 2 0 4962 4963 5066
9828 2 0 4962 5066 5065
9829 2 0 4963 4964 5067
9830 2 0 4963 5067 5066
9831 2 0 4964 4965 5068
9832 2 0 4964 5068 5067
9833 2 0 4965 4966 5069
9834 2 0 4965 5069 5068
9835 2 0 4966 4967 5070
9836 2 0 4966 5070 5069
9837 2 0 4967 4968 5071
9838 2 0 4967 5071 5070
9839 2 0 4968 4969 5072
9840 2 0 4968 5072 5071
9841 2 0 4969 4970 5073
9842 2 0 4969 5073 5072
9843 2 0 4970 4971 5074
9844 2 0 4970 5074 5073
9845 2 0 4971 4972 5075
9846 2 0 4971 5075 5074
9847 2 0 4972 4973 5076
9848 2 0 4972 5076 5075
9849 2 0 4973 4974 5077
9850 2 0 4973 5077 5076
9851 2 0 4974 4975 5078
9852 2 0 4974 5078 5077
9853 2 0 4975 4976 5079
9854 2 0 4975 5079 5078
9855 2 0 4976 4977 5080
9856 2 0 4976 5080 5079
9857 2 0 4977 4978 5081
9858 2 0 4977 5081 5080
9859 2 0 4978 4979 5082
9860 2 0 4978 5082 5081
9861 2 0 4979 4980 5083
9862 2 0 4979 5083 5082
9863 2 0 4980 4981 5084
9864 2 0 4980 5084 5083
9865 2 0 4981 4982 5085
9866 2 0 4981 5085 5084
9867 2 0 4982 4983 5086
9868 2 0 4982 5086 5085
9869 2 0 4983 4984 5087
9870 2 0 4983 5087 5086
9871 2 0 4984 4985 5088
9872 2 0 4984 5088 5087
9873 2 0 4985 4986 5089
9874 2 0 4985 5089 5088
9875 2 0 4986 4987 5090
9876 2 0 4986 5090 5089
9877 2 0 4987 4988 5091
9878 2 0 4987 5091 5090
9879 2 0 4988 4989 5092
9880 2 0 4988 5092 5091
9881 2 0 4989 4990 5093
9882 2 0 4989 5093 5092
9883 2 0 4990 4991 5094
9884 2 0 4990 5094 5093
9885 2 0 4991 4992 5095
9886 2 0 4991 5095 5094
9887 2 0 4992 4993 5096
9888 2 0 4992 5096 5095
9889 2 0 4993 4994 5097
9890 2 0 4993 5097 5096
9891 2 0 4994 4995 5098
9892 2 0 4994 5098 5097
9893 2 0 4995 4996 5099
9894 2 0 4995 5099 5098
9895 2 0 4996 4997 5100
9896 2 0 4996 5100 5099
9897 2 0 4997 4998 5101
9898 2 0 4997 5101 5100
9899 2 0 4998 4999 5102
9900 2 0 4998 5102 5101
9901 2 0 4999 5000 5103
9902 2 0 4999 5103 5102
9903 2 0 5000 5001 5104
9904 2 0 5000 5104 5103
9905 2 0 5001 5002 5105
9906 2 0 5001 5105 5104
9907 2 0 5002 5003 5106
9908 2 0 5002 5106 5105
9909 2 0 5003 5004 5107
9910 2 0 5003 5107 5106
9911 2 0 5004 5005 5108
9912 2 0 5004 5108 5107
9913 2 0 5005 5006 5109
9914 2 0 5005 5109 5108
9915 2 0 5006 5007 5110
9916 2 0 5006 5110 5109
9917 2 0 5007 5008 5111
9918 2 0 5007 5111 5110
9919 2 0 5008 5009 5112
9920 2 0 5008 5112 5111
9921 2 0 5009 5010 5113
9922 2 0 5009 5113 5112
9923 2 0 5010 5011 5114
9924 2 0 5010 5114 5113
9925 2 0 5011 5012 5115
9926 2 0 5011 5115 5114
9927 2 0 5012 5013 5116
9928 2 0 5012 5116 5115
9929 2 0 5013 5014 5117
9930 2 0 5013 5117 5116
9931 2 0 5014 5015 5118
9932 2 0 5014 5118 5117
9933 2 0 5015 5016 5119
9934 2 0 5015 5119 5118
9935 2 0 5016 5017 5120
9936 2 0 5016 5120 5119
9937 2 0 5017 5018 5121
9938 2 0 5017 5121 5120
9939 2 0 5018 5019 5122
9940 2 0 5018 5122 5121
9941 2 0 5019 5020 5123
9942 2 0 5019 5123 5122
9943 2 0 5020 5021 5124
9944 2 0 5020 5124 5123
9945 2 0 5021 5022 5125
9946 2 0 5021 5125 5124
9947 2 0 5022 5023 5126
9948 2 0 5022 5126 5125
9949 2 0 5023 5024 5127
9950 2 0 5023 5127 5126
9951 2 0 5024 5025 5128
9952 2 0 5024 5128 5127
9953 2 0 5025 5026 5129
9954 2 0 5025 5129 5128
9955 2 0 5026 5027 5130
9956 2 0 5026 5130 5129
9957 2 0 5027 5028 5131
9958 2 0 5027 5131 5130
9959 2 0 5028 5029 5132
9960 2 0 5028 5132 5131
9961 2 0 5029 5030 5133
9962 2 0 5029 5133 5132
9963 2 0 5030 5031 5134
9964 2 0 5030 5134 5133
9965 2 0 5031 5032 5135
9966 2 0 5031 5135 5134
9967 2 0 5032 5033 5136
9968 2 0 5032 5136 5135
9969 2 0 5033 5034 5137
9970 2 0 5033 5137 5136
9971 2 0 5034 5035 5138
9972 2 0 5034 5138 5137
9973 2 0 5035 5036 5139
9974 2 0 5035 5139 5138
9975 2 0 5036 5037 5140
9976 2 0 5036 5140 5139
9977 2 0 5037 5038 5141
9978 2 0 5037 5141 5140
9979 2 0 5038 5039 5142
9980 2 0 5038 5142 5141
9981 2 0 5039 5040 5143
9982 2 0 5039 5143 5142
9983 2 0 5040 5041 5144
9984 2 0 5040 5144 5143
9985 2 0 5041 5042 5145
9986 2 0 5041 5145 5144
9987 2 0 5042 5043 5146
9988 2 0 5042 5146 5145
9989 2 0 5043 5044 5147
9990 2 0 5043 5147 5146
9991 2 0 5044 5045 5148
9992 2 0 5044 5148 5147
9993 2 0 5045 5046 5149
9994 2 0 5045 5149 5148
9995 2 0 5046 5047 5150
9996 2 0 5046 5150 5149
9997 2 0 5048 5049 5152
9998 2 0 5048 5152 5151
9999 2 0 5049 5050 5153
10000 2 0 5049 5153 5152
10001 2 0 5050 5051 5154
10002 2 0 5050 5154 5153
10003 2 0 5051 5052 5155
10004 2 0 5051 5155 5154
10005 2 0 5052 5053 5156
10006 2 0 5052 5156 5155
10007 2 0 5053 5054 5157
10008 2 0 5053 5157 5156
10009 2 0 5054 5055 5158
10010 2 0 5054 5158 5157
10011 2 0 5055 5056 5159
10012 2 0 5055 5159 5158
10013 2 0 5056 5057 5160
10014 2 0 5056 5160 5159
10015 2 0 5057 5058 5161
10016 2 0 5057 5161 5160
10017 2 0 5058 5059 5162
10018 2 0 5058 5162 5161
10019 2 0 5059 5060 5163
10020 2 0 5059 5163 5162
10021 2 0 5060 5061 5164
10022 2 0 5060 5164 5163
10023 2 0 5061 5062 5165
10024 2 0 5061 5165 5164
10025 2 0 5062 5063 5166
10026 2 0 5062 5166 5165
10027 2 0 5063 5064 5167
10028 2 0 5063 5167 5166
10029 2 0 5064 5065 5168
10030 2 0 5064 5168 5167
10031 2 0 5065 5066 5169
10032 2 0 5065 5169 5168
10033 2 0 5066 5067 5170
10034 2 0 5066 5170 5169
10035 2 0 5067 5068 5171
10036 2 0 5067 5171 5170
10037 2 0 5068 5069 5172
10038 2 0 5068 5172 5171
10039 2 0 5069 5070 5173
10040 2 0 5069 5173 5172
10041 2 0 5070 5071 5174
10042 2 0 5070 5174 5173
10043 2 0 5071 5072 5175
10044 2 0 5071 5175 5174
10045 2 0 5072 5073 5176
10046 2 0 5072 5176 5175
10047 2 0 5073 5074 5177
10048 2 0 5073 5177 5176
10049 2 0 5074 5075 5178
10050 2 0 5074 5178 5177
10051 2 0 5075 5076 5179
10052 2 0 5075 5179 5178
10053 2 0 5076 5077 5180
10054 2 0 5076 5180 5179
10055 2 0 5077 5078 5181
10056 2 0 5077 5181 5180
10057 2 0 5078 5079 5182
10058 2 0 5078 5182 5181
10059 2 0 5079 5080 5183
10060 2 0 5079 5183 5182
10061 2 0 5080 5081 5184
10062 2 0 5080 5184 5183
10063 2 0 5081 5082 5185
10064 2 0 5081 5185 5184
10065 2 0 5082 5083 5186
10066 2 0 5082 5186 5185
10067 2 0 5083 5084 5187
10068 2 0 5083 5187 5186
10069 2 0 5084 5085 5188
10070 2 0 5084 5188 5187
10071 2 0 5085 5086 5189
10072 2 0 5085 5189 5188
10073 2 0 5086 5087 5190
10074 2 0 5086 5190 5189
10075 2 0 5087 5088 5191
10076 2 0 5087 5191 5190
10077 2 0 5088 5089 5192
10078 2 0 5088 5192 5191
10079 2 0 5089 5090 5193
10080 2 0 5089 5193 5192
10081 2 0 5090 5091 5194
10082 2 0 5090 5194 5193
10083 2 0 5091 5092 5195
10084 2 0 5091 5195 5194
10085 2 0 5092 5093 5196
10086 2 0 5092 5196 5195
10087 2 0 5093 5094 5197
10088 2 0 5093 5197 5196
10089 2 0 5094 5095 5198
10090 2 0 5094 5198 5197
10091 2 0 5095 5096 5199
10092 2 0 5095 5199 5198
10093 2 0 5096 5097 5200
10094 2 0 5096 5200 5199
10095 2 0 5097 5098 5201
10096 2 0 5097 5201 5200
10097 2 0 5098 5099 5202
10098 2 0 5098 5202 5201
10099 2 0 5099 5100 5203
10100 2 0 5099 5203 5202
10101 2 0 5100 5101 5204
10102 2 0 5100 5204 5203
10103 2 0 5101 5102 5205
10104 2 0 5101 5205 5204
10105 2 0 5102 5103 5206
10106 2 0 5102 5206 5205
10107 2 0 5103 5104 5207
10108 2 0 5103 5207 5206
10109 2 0 5104 5105 5208
10110 2 0 5104 5208 5207
10111 2 0 5105 5106 5209
10112 2 0 5105 5209 5208
10113 2 0 5106 5107 5210
10114 2 0 5106 5210 5209
10115 2 0 5107 5108 5211
10116 2 0 5107 5211 5210
10117 2 0 5108 5109 5212
10118 2 0 5108 5212 5211
10119 2 0 5109 5110 5213
10120 2 0 5109 5213 5212
10121 2 0 5110 5111 5214
10122 2 0 5110 5214 5213
10123 2 0 5111 5112 5215
10124 2 0 5111 5215 5214
10125 2 0 5112 5113 5216
10126 2 0 5112 5216 5215
10127 2 0 5113 5114 5217
10128 2 0 5113 5217 5216
10129 2 0 5114 5115 5218
10130 2 0 5114 5218 5217
10131 2 0 5115 5116 5219
10132 2 0 5115 5219 5218
10133 2 0 5116 5117 5220
10134 2 0 5116 5220 5219
10135 2 0 5117 5118 5221
10136 2 0 5117 5221 5220
10137 2 0 5118 5119 5222
10138 2 0 5118 5222 5221
10139 2 0 5119 5120 5223
10140 2 0 5119 5223 5222
10141 2 0 5120 5121 5224
10142 2 0 5120 5224 5223
10143 2 0 5121 5122 5225
10144 2 0 5121 5225 5224
10145 2 0 5122 5123 5226
10146 2 0 5122 5226 5225
10147 2 0 5123 5124 5227
10148 2 0 5123 5227 5226
10149 2 0 5124 5125 5228
10150 2 0 5124 5228 5227
10151 2 0 5125 5126 5229
10152 2 0 5125 5229 5228
10153 2 0 5126 5127 5230
10154 2 0 5126 5230 5229
10155 2 0 5127 5128 5231
10156 2 0 5127 5231 5230
10157 2 0 5128 5129 5232
10158 2 0 5128 5232 5231
10159 2 0 5129 5130 5233
10160 2 0 5129 5233 5232
10161 2 0 5130 5131 5234
10162 2 0 5130 5234 5233
10163 2 0 5131 5132 5235
10164 2 0 5131 5235 5234
10165 2 0 5132 5133 5236
10166 2 0 5132 5236 5235
10167 2 0 5133 5134 5237
10168 2 0 5133 5237 5236
10169 2 0 5134 5135 5238
10170 2 0 5134 5238 5237
10171 2 0 5135 5136 5239
10172 2 0 5135 5239 5238
10173 2 0 5136 5137 5240
10174 2 0 5136 5240 5239
10175 2 0 5137 5138 5241
10176 2 0 5137 5241 5240
10177 2 0 5138 5139 5242
10178 2 0 5138 5242 5241
10179 2 0 5139 5140 5243
10180 2 0 5139 5243 5242
10181 2 0 5140 5141 5244
10182 2 0 5140 5244 5243
10183 2 0 5141 5142 5245
10184 2 0 5141 5245 5244
10185 2 0 5142 5143 5246
10186 2 0 5142 5246 5245
10187 2 0 5143 5144 5247
10188 2 0 5143 5247 5246
10189 2 0 5144 5145 5248
10190 2 0 5144 5248 5247
10191 2 0 5145 5146 5249
10192 2 0 5145 5249 5248
10193 2 0 5146 5147 5250
10194 2 0 5146 5250 5249
10195 2 0 5147 5148 5251
10196 2 0 5147 5251 5250
10197 2 0 5148 5149 5252
10198 2 0 5148 5252 5251
10199 2 0 5149 5150 5253
10200 2 0 5149 5253 5252
10201 2 0 5151 5152 5255
10202 2 0 5151 5255 5254
10203 2 0 5152 5153 5256
10204 2 0 5152 5256 5255
10205 2 0 5153 5154 5257
10206 2 0 5153 5257 5256
10207 2 0 5154 5155 5258
10208 2 0 5154 5258 5257
10209 2 0 5155 5156 5259
10210 2 0 5155 5259 5258
10211 2 0 5156 5157 5260
10212 2 0 5156 5260 5259
10213 2 0 5157 5158 5261
10214 2 0 5157 5261 5260
10215 2 0 5158 5159 5262
10216 2 0 5158 5262 5261
10217 2 0 5159 5160 5263
10218 2 0 5159 5263 5262
10219 2 0 5160 5161 5264
10220 2 0 5160 5264 5263
10221 2 0 5161 5162 5265
10222 2 0 5161 5265 5264
10223 2 0 5162 5163 5266
10224 2 0 5162 5266 5265
10225 2 0 5163 5164 5267
10226 2 0 5163 5267 5266
10227 2 0 5164 5165 5268
10228 2 0 5164 5268 5267
10229 2 0 5165 5166 5269
10230 2 0 5165 5269 5268
10231 2 0 5166 5167 5270
10232 2 0 5166 5270 5269
10233 2 0 5167 5168 5271
10234 2 0 5167 5271 5270
10235 2 0 5168 5169 5272
10236 2 0 5168 5272 5271
10237 2 0 5169 5170 5273
10238 2 0 5169 5273 5272
10239 2 0 5170 5171 5274
10240 2 0 5170 5274 5273
10241 2 0 5171 5172 5275
10242 2 0 5171 5275 5274
10243 2 0 5172 5173 5276
10244 2 0 5172 5276 5275
10245 2 0 5173 5174 5277
10246 2 0 5173 5277 5276
10247 2 0 5174 5175 5278
10248 2 0 5174 5278 5277
10249 2 0 5175 5176 5279
10250 2 0 5175 5279 5278
10251 2 0 5176 5177 5280
10252 2 0 5176 5280 5279
10253 2 0 5177 5178 5281
10254 2 0 5177 5281 5280
10255 2 0 5178 5179 5282
10256 2 0 5178 5282 5281
10257 2 0 5179 5180 5283
10258 2 0 5179 5283 5282
10259 2 0 5180 5181 5284
10260 2 0 5180 5284 5283
10261 2 0 5181 5182 5285
10262 2 0 5181 5285 5284
10263 2 0 5182 5183 5286
10264 2 0 5182 5286 5285
10265 2 0 5183 5184 5287
10266 2 0 5183 5287 5286
10267 2 0 5184 5185 5288
10268 2 0 5184 5288 5287
10269 2 0 5185 5186 5289
10270 2 0 5185 5289 5288
10271 2 0 5186 5187 5290
10272 2 0 5186 5290 5289
10273 2 0 5187 5188 5291
10274 2 0 5187 5291 5290
10275 2 0 5188 5189 5292
10276 2 0 5188 5292 5291
10277 2 0 5189 5190 5293
10278 2 0 5189 5293 5292
10279 2 0 5190 5191 5294
10280 2 0 5190 5294 5293
10281 2 0 5191 5192 5295
10282 2 0 5191 5295 5294
10283 2 0 5192 5193 5296
10284 2 0 5192 5296 5295
10285 2 0 5193 5194 5297
10286 2 0 5193 5297 5296
10287 2 0 5194 5195 5298
10288 2 0 5194 5298 5297
10289 2 0 5195 5196 5299
10290 2 0 5195 5299 5298
10291 2 0 5196 5197 5300
10292 2 0 5196 5300 5299
10293 2 0 5197 5198 5301
10294 2 0 5197 5301 5300
10295 2 0 5198 5199 5302
10296 2 0 5198 5302 5301
10297 2 0 5199 5200 5303
10298 2 0 5199 5303 5302
10299 2 0 5200 5201 5304
10300 2 0 5200 5304 5303
10301 2 0 5201 5202 5305
10302 2 0 5201 5305 5304
10303 2 0 5202 5203 5306
10304 2 0 5202 5306 5305
10305 2 0 5203 5204 5307
10306 2 0 5203 5307 5306
10307 2 0 5204 5205 5308
10308 2 0 5204 5308 5307
10309 2 0 5205 5206 5309
10310 2 0 5205 5309 5308
10311 2 0 5206 5207 5310
10312 2 0 5206 5310 5309
10313 2 0 5207 5208 5311
10314 2 0 5207 5311 5310
10315 2 0 5208 5209 5312
10316 2 0 5208 5312 5311
10317 2 0 5209 5210 5313
10318 2 0 5209 5313 5312
10319 2 0 5210 5211 5314
10320 2 0 5210 5314 5313
10321 2 0 5211 5212 5315
10322 2 0 5211 5315 5314
10323 2 0 5212 5213 5316
10324 2 0 5212 5316 5315
10325 2 0 5213 5214 5317
10326 2 0 5213 5317 5316
10327 2 0 5214 5215 5318
10328 2 0 5214 5318 5317
10329 2 0 5215 5216 5319
10330 2 0 5215 5319 5318
10331 2 0 5216 5217 5320
10332 2 0 5216 5320 5319
10333 2 0 5217 5218 5321
10334 2 0 5217 5321 5320
10335 2 0 5218 5219 5322
10336 2 0 5218 5322 5321
10337 2 0 5219 5220 5323
10338 2 0 5219 5323 5322
10339 2 0 5220 5221 5324
10340 2 0 5220 5324 5323
10341 2 0 5221 5222 5325
10342 2 0 5221 5325 5324
10343 2 0 5222 5223 5326
10344 2 0 5222 5326 5325
10345 2 0 5223 5224 5327
10346 2 0 5223 5327 5326
10347 2 0 5224 5225 5328
10348 2 0 5224 5328 5327
10349 2 0 5225 5226 5329
10350 2 0 5225 5329 5328
10351 2 0 5226 5227 5330
10352 2 0 5226 5330 5329
10353 2 0 5227 5228 5331
10354 2 0 5227 5331 5330
10355 2 0 5228 5229 5332
10356 2 0 5228 5332 5331
10357 2 0 5229 5230 5333
10358 2 0 5229 5333 5332
10359 2 0 5230 5231 5334
10360 2 0 5230 5334 5333
10361 2 0 5231 5232 5335
10362 2 0 5231 5335 5334
10363 2 0 5232 5233 5336
10364 2 0 5232 5336 5335
10365 2 0 5233 5234 5337
10366 2 0 5233 5337 5336
10367 2 0 5234 5235 5338
10368 2 0 5234 5338 5337
10369 2 0 5235 5236 5339
10370 2 0 5235 5339 5338
10371 2 0 5236 5237 5340
10372 2 0 5236 5340 5339
10373 2 0 5237 5238 5341
10374 2 0 5237 5341 5340
10375 2 0 5238 5239 5342
10376 2 0 5238 5342 5341
10377 2 0 5239 5240 5343
10378 2 0 5239 5343 5342
10379 2 0 5240 5241 5344
10380 2 0 5240 5344 5343
10381 2 0 5241 5242 5345
10382 2 0 5241 5345 5344
10383 2 0 5242 5243 5346
10384 2 0 5242 5346 5345
10385 2 0 5243 5244 5347
10386 2 0 5243 5347 5346
10387 2 0 5244 5245 5348
10388 2 0 5244 5348 5347
10389 2 0 5245 5246 5349
10390 2 0 5245 5349 5348
10391 2 0 5246 5247 5350
10392 2 0 5246 5350 5349
10393 2 0 5247 5248 5351
10394 2 0 5247 5351 5350
10395 2 0 5248 5249 5352
10396 2 0 5248 5352 5351
10397 2 0 5249 5250 5353
10398 2 0 5249 5353 5352
10399 2 0 5250 5251 5354
10400 2 0 5250 5354 5353
10401 2 0 5251 5252 5355
10402 2 0 5251 5355 5354
10403 2 0 5252 5253 5356
10404 2 0 5252 5356 5355
10405 2 0 5254 5255 5358
10406 2 0 5254 5358 5357
10407 2 0 5255 5256 5359
10408 2 0 5255 5359 5358
10409 2 0 5256 5257 5360
10410 2 0 5256 5360 5359
10411 2 0 5257 5258 5361
10412 2 0 5257 5361 5360
10413 2 0 5258 5259 5362
10414 2 0 5258 5362 5361
10415 2 0 5259 5260 5363
10416 2 0 5259 5363 5362
10417 2 0 5260 5261 5364
10418 2 0 5260 5364 5363
10419 2 0 5261 5262 5365
10420 2 0 5261 5365 5364
10421 2 0 5262 5263 5366
10422 2 0 5262 5366 5365
10423 2 0 5263 5264 5367
10424 2 0 5263 5367 5366
10425 2 0 5264 5265 5368
10426 2 0 5264 5368 5367
10427 2 0 5265 5266 5369
10428 2 0 5265 5369 5368
10429 2 0 5266 5267 5370
10430 2 0 5266 5370 5369
10431 2 0 5267 5268 5371
10432 2 0 5267 5371 5370
10433 2 0 5268 5269 5372
10434 2 0 5268 5372 5371
10435 2 0 5269 5270 5373
10436 2 0 5269 5373 5372
10437 2 0 5270 5271 5374
10438 2 0 5270 5374 5373
10439 2 0 5271 5272 5375
10440 2 0 5271 5375 5374
10441 2 0 5272 5273 5376
10442 2 0 5272 5376 5375
10443 2 0 5273 5274 5377
10444 2 0 5273 5377 5376
10445 2 0 5274 5275 5378
10446 2 0 5274 5378 5377
10447 2 0 5275 5276 5379
10448 2 0 5275 5379 5378
10449 2 0 5276 5277 5380
10450 2 0 5276 5380 5379
10451 2 0 5277 5278 5381
10452 2 0 5277 5381 5380
10453 2 0 5278 5279 5382
10454 2 0 5278 5382 5381
10455 2 0 5279 5280 5383
10456 2 0 5279 5383 5382
10457 2 0 5280 5281 5384
10458 2 0 5280 5384 5383
10459 2 0 5281 5282 5385
10460 2 0 5281 5385 5384
10461 2 0 5282 5283 5386
10462 2 0 5282 5386 5385
10463 2 0 5283 5284 5387
10464 2 0 5283 5387 5386
10465 2 0 5284 5285 5388
10466 2 0 5284 5388 5387
10467 2 0 5285 5286 5389
10468 2 0 5285 5389 5388
10469 2 0 5286 5287 5390
10470 2 0 5286 5390 5389
10471 2 0 5287 5288 5391
10472 2 0 5287 5391 5390
10473 2 0 5288 5289 5392
10474 2 0 5288 5392 5391
10475 2 0 5289 5290 5393
10476 2 0 5289 5393 5392
10477 2 0 5290 5291 5394
10478 2 0 5290 5394 5393
10479 2 0 5291 5292 5395
10480 2 0 5291 5395 5394
10481 2 0 5292 5293 5396
10482 2 0 5292 5396 5395
10483 2 0 5293 5294 5397
10484 2 0 5293 5397 5396
10485 2 0 5294 5295 5398
10486 2 0 5294 5398 5397
10487 2 0 5295 5296 5399
10488 2 0 5295 5399 5398
10489 2 0 5296 5297 5400
10490 2 0 5296 5400 5399
10491 2 0 5297 5298 5401
10492 2 0 5297 5401 5400
10493 2 0 5298 5299 5402
10494 2 0 5298 5402 5401
10495 2 0 5299 5300 5403
10496 2 0 5299 5403 5402
10497 2 0 5300 5301 5404
10498 2 0 5300 5404 5403
10499 2 0 5301 5302 5405
10500 2 0 5301 5405 5404
10501 2 0 5302 5303 5406
10502 2 0 5302 5406 5405
10503 2 0 5303 5304 5407
10504 2 0 5303 5407 5406
10505 2 0 5304 5305 5408
10506 2 0 5304 5408 5407
10507 2 0 5305 5306 5409
10508 2 0 5305 5409 5408
10509 2 0 5306 5307 5410
10510 2 0 5306 5410 5409
10511 2 0 5307 5308 5411
10512 2 0 5307 5411 5410
10513 2 0 5308 5309 5412
10514 2 0 5308 5412 5411
10515 2 0 5309 5310 5413
10516 2 0 5309 5413 5412
10517 2 0 5310 5311 5414
10518 2 0 5310 5414 5413
10519 2 0 5311 5312 5415
10520 2 0 5311 5415 5414
10521 2 0 5312 5313 5416
10522 2 0 5312 5416 5415
10523 2 0 5313 5314 5417
10524 2 0 5313 5417 5416
10525 2 0 5314 5315 5418
10526 2 0 5314 5418 5417
10527 2 0 5315 5316 5419
10528 2 0 5315 5419 5418
10529 2 0 5316 5317 5420
10530 2 0 5316 5420 5419
10531 2 0 5317 5318 5421
10532 2 0 5317 5421 5420
10533 2 0 5318 5319 5422
10534 2 0 5318 5422 5421
10535 2 0 5319 5320 5423
10536 2 0 5319 5423 5422
10537 2 0 5320 5321 5424
10538 2 0 5320 5424 5423
10539 2 0 5321 5322 5425
10540 2 0 5321 5425 5424
10541 2 0 5322 5323 5426
10542 2 0 5322 5426 5425
10543 2 0 5323 5324 5427
10544 2 0 5323 5427 5426
10545 2 0 5324 5325 5428
10546 2 0 5324 5428 5427
10547 2 0 5325 5326 5429
10548 2 0 5325 5429 5428
10549 2 0 5326 5327 5430
10550 2 0 5326 5430 5429
10551 2 0 5327 5328 5431
10552 2 0 5327 5431 5430
10553 2 0 5328 5329 5432
10554 2 0 5328 5432 5431
10555 2 0 5329 5330 5433
10556 2 0 5329 5433 5432
10557 2 0 5330 5331 5434
10558 2 0 5330 5434 5433
10559 2 0 5331 5332 5435
10560 2 0 5331 5435 5434
10561 2 0 5332 5333 5436
10562 2 0 5332 5436 5435
10563 2 0 5333 5334 5437
10564 2 0 5333 5437 5436
10565 2 0 5334 5335 5438
10566 2 0 5334 5438 5437
10567 2 0 5335 5336 5439
10568 2 0 5335 5439 5438
10569 2 0 5336 5337 5440
10570 2 0 5336 5440 5439
10571 2 0 5337 5338 5441
10572 2 0 5337 5441 5440
10573 2 0 5338 5339 5442
10574 2 0 5338 5442 5441
10575 2 0 5339 5340 5443
10576 2 0 5339 5443 5442
10577 2 0 5340 5341 5444
10578 2 0 5340 5444 5443
10579 2 0 5341 5342 5445
10580 2 0 5341 5445 5444
10581 2 0 5342 5343 5446
10582 2 0 5342 5446 5445
10583 2 0 5343 5344 5447
10584 2 0 5343 5447 5446
10585 2 0 5344 5345 5448
10586 2 0 5344 5448 5447
10587 2 0 5345 5346 5449
10588 2 0 5345 5449 5448
10589 2 0 5346 5347 5450
10590 2 0 5346 5450 5449
10591 2 0 5347 5348 5451
10592 2 0 5347 5451 5450
10593 2 0 5348 5349 5452
10594 2 0 5348 5452 5451
10595 2 0 5349 5350 5453
10596 2 0 5349 5453 5452
10597 2 0 5350 5351 5454
10598 2 0 5350 5454 5453
10599 2 0 5351 5352 5455
10600 2 0 5351 5455 5454
10601 2 0 5352 5353 5456
10602 2 0 5352 5456 5455
10603 2 0 5353 5354 5457
10604 2 0 5353 5457 5456
10605 2 0 5354 5355 5458
10606 2 0 5354 5458 5457
10607 2 0 5355 5356 5459
10608 2 0 5355 5459 5458
10609 2 0 5357 5358 5461
10610 2 0 5357 5461 5460
10611 2 0 5358 5359 5462
10612 2 0 5358 5462 5461
10613 2 0 5359 5360 5463
10614 2 0 5359 5463 5462
10615 2 0 5360 5361 5464
10616 2 0 5360 5464 5463
10617 2 0 5361 5362 5465
10618 2 0 5361 5465 5464
10619 2 0 5362 5363 5466
10620 2 0 5362 5466 5465
10621 2 0 5363 5364 5467
10622 2 0 5363 5467 5466
10623 2 0 5364 5365 5468
10624 2 0 5364 5468 5467
10625 2 0 5365 5366 5469
10626 2 0 5365 5469 5468
10627 2 0 5366 5367 5470
10628 2 0 5366 5470 5469
10629 2 0 5367 5368 5471
10630 2 0 5367 5471 5470
10631 2 0 5368 5369 5472
10632 2 0 5368 5472 5471
10633 2 0 5369 5370 5473
10634 2 0 5369 5473 5472
10635 2 0 5370 5371 5474
10636 2 0 5370 5474 5473
10637 2 0 5371 5372 5475
10638 2 0 5371 5475 5474
10639 2 0 5372 5373 5476
10640 2 0 5372 5476 5475
10641 2 0 5373 5374 5477
10642 2 0 5373 5477 5476
10643 2 0 5374 5375 5478
10644 2 0 5374 5478 5477
10645 2 0 5375 5376 5479
10646 2 0 5375 5479 5478
10647 2 0 5376 5377 5480
10648 2 0 5376 5480 5479
10649 2 0 5377 5378 5481
10650 2 0 5377 5481 5480
10651 2 0 5378 5379 5482
10652 2 0 5378 5482 5481
10653 2 0 5379 5380 5483
10654 2 0 5379 5483 5482
10655 2 0 5380 5381 5484
10656 2 0 5380 5484 5483
10657 2 0 5381 5382 5485
10658 2 0 5381 5485 5484
10659 2 0 5382 5383 5486
10660 2 0 5382 5486 5485
10661 2 0 5383 5384 5487
10662 2 0 5383 5487 5486
10663 2 0 5384 5385 5488
10664 2 0 5384 5488 5487
10665 2 0 5385 5386 5489
10666 2 0 5385 5489 5488
10667 2 0 5386 5387 5490
10668 2 0 5386 5490 5489
10669 2 0 5387 5388 5491
10670 2 0 5387 5491 5490
10671 2 0 5388 5389 5492
10672 2 0 5388 5492 5491
10673 2 0 5389 5390 5493
10674 2 0 5389 5493 5492
10675 2 0 5390 5391 5494
10676 2 0 5390 5494 5493
10677 2 0 5391 5392 5495
10678 2 0 5391 5495 5494
10679 2 0 5392 5393 5496
10680 2 0 5392 5496 5495
10681 2 0 5393 5394 5497
10682 2 0 5393 5497 5496
10683 2 0 5394 5395 5498
10684 2 0 5394 5498 5497
10685 2 0 5395 5396 5499
10686 2 0 5395 5499 5498
10687 2 0 5396 5397 5500
10688 2 0 5396 5500 5499
10689 2 0 5397 5398 5501
10690 2 0 5397 5501 5500
10691 2 0 5398 5399 5502
10692 2 0 5398 5502 5501
10693 2 0 5399 5400 5503
10694 2 0 5399 5503 5502
10695 2 0 5400 5401 5504
10696 2 0 5400 5504 5503
10697 2 0 5401 5402 5505
10698 2 0 5401 5505 5504
10699 2 0 5402 5403 5506
10700 2 0 5402 5506 5505
10701 2 0 5403 5404 5507
10702 2 0 5403 5507 5506
10703 2 0 5404 5405 5508
10704 2 0 5404 5508 5507
10705 2 0 5405 5406 5509
10706 2 0 5405 5509 5508
10707 2 0 5406 5407 5510
10708 2 0 5406 5510 5509
10709 2 0 5407 5408 5511
10710 2 0 5407 5511 5510
10711 2 0 5408 5409 5512
10712 2 0 5408 5512 5511
10713 2 0 5409 5410 5513
10714 2 0 5409 5513 5512
10715 2 0 5410 5411 5514
10716 2 0 5410 5514 5513
10717 2 0 5411 5412 5515
10718 2 0 5411 5515 5514
10719 2 0 5412 5413 5516
10720 2 0 5412 5516 5515
10721 2 0 5413 5414 5517
10722 2 0 5413 5517 5516
10723 2 0 5414 5415 5518
10724 2 0 5414 5518 5517
10725 2 0 5415 5416 5519
10726 2 0 5415 5519 5518
10727 2 0 5416 5417 5520
10728 2 0 5416 5520 5519
10729 2 0 5417 5418 5521
10730 2 0 5417 5521 5520
10731 2 0 5418 5419 5522
10732 2 0 5418 5522 5521
10733 2 0 5419 5420 5523
10734 2 0 5419 5523 5522
10735 2 0 5420 5421 5524
10736 2 0 5420 5524 5523
10737 2 0 5421 5422 5525
10738 2 0 5421 5525 5524
10739 2 0 5422 5423 5526
10740 2 0 5422 5526 5525
10741 2 0 5423 5424 5527
10742 2 0 5423 5527 5526
10743 2 0 5424 5425 5528
10744 2 0 5424 5528 5527
10745 2 0 5425 5426 5529
10746 2 0 5425 5529 5528
10747 2 0 5426 5427 5530
10748 2 0 5426 5530 5529
10749 2 0 5427 5428 5531
10750 2 0 5427 5531 5530
10751 2 0 5428 5429 5532
10752 2 0 5428 5532 5531
10753 2 0 5429 5430 5533
10754 2 0 5429 5533 5532
10755 2 0 5430 5431 5534
10756 2 0 5430 5534 5533
10757 2 0 5431 5432 5535
10758 2 0 5431 5535 5534
10759 2 0 5432 5433 5536
10760 2 0 5432 5536 5535
10761 2 0 5433 5434 5537
10762 2 0 5433 5537 5536
10763 2 0 5434 5435 5538
10764 2 0 5434 5538 5537
10765 2 0 5435 5436 5539
10766 2 0 5435 5539 5538
10767 2 0 5436 5437 5540
10768 2 0 5436 5540 5539
10769 2 0 5437 5438 5541
10770 2 0 5437 5541 5540
10771 2 0 5438 5439 5542
10772 2 0 5438 5542 5541
10773 2 0 5439 5440 5543
10774 2 0 5439 5543 5542
10775 2 0 5440 5441 5544
10776 2 0 5440 5544 5543
10777 2 0 5441 5442 5545
10778 2 0 5441 5545 5544
10779 2 0 5442 5443 5546
10780 2 0 5442 5546 5545
10781 2 0 5443 5444 5547
10782 2 0 5443 5547 5546
10783 2 0 5444 5445 5548
10784 2 0 5444 5548 5547
10785 2 0 5445 5446 5549
10786 2 0 5445 5549 5548
10787 2 0 5446 5447 5550
10788 2 0 5446 5550 5549
10789 2 0 5447 5448 5551
10790 2 0 5447 5551 5550
10791 2 0 5448 5449 5552
10792 2 0 5448 5552 5551
10793 2 0 5449 5450 5553
10794 2 0 5449 5553 5552
10795 2 0 5450 5451 5554
10796 2 0 5450 5554 5553
10797 2 0 5451 5452 5555
10798 2 0 5451 5555 5554
10799 2 0 5452 5453 5556
10800 2 0 5452 5556 5555
10801 2 0 5453 5454 5557
10802 2 0 5453 5557 5556
10803 2 0 5454 5455 5558
10804 2 0 5454 5558 5557
10805 2 0 5455 5456 5559
10806 2 0 5455 5559 5558
10807 2 0 5456 5457 5560
10808 2 0 5456 5560 5559
10809 2 0 5457 5458 5561
10810 2 0 5457 5561 5560
10811 2 0 5458 5459 5562
10812 2 0 5458 5562 5561
10813 2 0 5460 5461 5564
10814 2 0 5460 5564 5563
10815 2 0 5461 5462 5565
10816 2 0 5461 5565 5564
10817 2 0 5462 5463 5566
10818 2 0 5462 5566 5565
10819 2 0 5463 5464 5567
10820 2 0 5463 5567 5566
10821 2 0 5464 5465 5568
10822 2 0 5464 5568 5567
10823 2 0 5465 5466 5569
10824 2 0 5465 5569 5568
10825 2 0 5466 5467 5570
10826 2 0 5466 5570 5569
10827 2 0 5467 5468 5571
10828 2 0 5467 5571 5570
10829 2 0 5468 5469 5572
10830 2 0 5468 5572 5571
10831 2 0 5469 5470 5573
10832 2 0 5469 5573 5572
10833 2 0 5470 5471 5574
10834 2 0 5470 5574 5573
10835 2 0 5471 5472 5575
10836 2 0 5471 5575 5574
10837 2 0 5472 5473 5576
10838 2 0 5472 5576 5575
10839 2 0 5473 5474 5577
10840 2 0 5473 5577 5576
10841 2 0 5474 5475 5578
10842 2 0 5474 5578 5577
10843 2 0 5475 5476 5579
10844 2 0 5475 5579 5578
10845 2 0 5476 5477 5580
10846 2 0 5476 5580 5579
10847 2 0 5477 5478 5581
10848 2 0 5477 5581 5580
10849 2 0 5478 5479 5582
10850 2 0 5478 5582 5581
10851 2 0 5479 5480 5583
10852 2 0 5479 5583 5582
10853 2 0 5480 5481 5584
10854 2 0 5480 5584 5583
10855 2 0 5481 5482 5585
10856 2 0 5481 5585 5584
10857 2 0 5482 5483 5586
10858 2 0 5482 5586 5585
10859 2 0 5483 5484 5587
10860 2 0 5483 5587 5586
10861 2 0 5484 5485 5588
10862 2 0 5484 5588 5587
10863 2 0 5485 5486 5589
10864 2 0 5485 5589 5588
10865 2 0 5486 5487 5590
10866 2 0 5486 5590 5589
10867 2 0 5487 5488 5591
10868 2 0 5487 5591 5590
10869 2 0 5488 5489 5592
10870 2 0 5488 5592 5591
10871 2 0 5489 5490 5593
10872 2 0 5489 5593 5592
10873 2 0 5490 5491 5594
10874 2 0 5490 5594 5593
10875 2 0 5491 5492 5595
10876 2 0 5491 5595 5594
10877 2 0 5492 5493 5596
10878 2 0 5492 5596 5595
10879 2 0 5493 5494 5597
10880 2 0 5493 5597 5596
10881 2 0 5494 5495 5598
10882 2 0 5494 5598 5597
10883 2 0 5495 5496 5599
10884 2 0 5495 5599 5598
10885 2 0 5496 5497 5600
10886 2 0 5496 5600 5599
10887 2 0 5497 5498 5601
10888 2 0 5497 5601 5600
10889 2 0 5498 5499 5602
10890 2 0 5498 5602 5601
10891 2 0 5499 5500 5603
10892 2 0 5499 5603 5602
10893 2 0 5500 5501 5604
10894 2 0 5500 5604 5603
10895 2 0 5501 5502 5605
10896 2 0 5501 5605 5604
10897 2 0 5502 5503 5606
10898 2 0 5502 5606 5605
10899 2 0 5503 5504 5607
10900 2 0 5503 5607 5606
10901 2 0 5504 5505 5608
10902 2 0 5504 5608 5607
10903 2 0 5505 5506 5609
10904 2 0 5505 5609 5608
10905 2 0 5506 5507 5610
10906 2 0 5506 5610 5609
10907 2 0 5507 5508 5611
10908 2 0 5507 5611 5610
10909 2 0 5508 5509 5612
10910 2 0 5508 5612 5611
10911 2 0 5509 5510 5613
10912 2 0 5509 5613 5612
10913 2 0 5510 5511 5614
10914 2 0 5510 5614 5613
10915 2 0 5511 5512 5615
10916 2 0 5511 5615 5614
10917 2 0 5512 5513 5616
10918 2 0 5512 5616 5615
10919 2 0 5513 5514 5617
10920 2 0 5513 5617 5616
10921 2 0 5514 5515 5618
10922 2 0 5514 5618 5617
10923 2 0 5515 5516 5619
10924 2 0 5515 5619 5618
10925 2 0 5516 5517 5620
10926 2 0 5516 5620 5619
10927 2 0 5517 5518 5621
10928 2 0 5517 5621 5620
10929 2 0 5518 5519 5622
10930 2 0 5518 5622 5621
10931 2 0 5519 5520 5623
10932 2 0 5519 5623 5622
10933 2 0 5520 5521 5624
10934 2 0 5520 5624 5623
10935 2 0 5521 5522 5625
10936 2 0 5521 5625 5624
10937 2 0 5522 5523 5626
10938 2 0 5522 5626 5625
10939 2 0 5523 5524 5627
10940 2 0 5523 5627 5626
10941 2 0 5524 5525 5628
10942 2 0 5524 5628 5627
10943 2 0 5525 5526 5629
10944 2 0 5525 5629 5628
10945 2 0 5526 5527 5630
10946 2 0 5526 5630 5629
10947 2 0 5527 5528 5631
10948 2 0 5527 5631 5630
10949 2 0 5528 5529 5632
10950 2 0 5528 5632 5631
10951 2 0 5529 5530 5633
10952 2 0 5529 5633 5632
10953 2 0 5530 5531 5634
10954 2 0 5530 5634 5633
10955 2 0 5531 5532 5635
10956 2 0 5531 5635 5634
10957 2 0 5532 5533 5636
10958 2 0 5532 5636 5635
10959 2 0 5533 5534 5637
10960 2 0 5533 5637 5636
10961 2 0 5534 5535 5638
10962 2 0 5534 5638 5637
10963 2 0 5535 5536 5639
10964 2 0 5535 5639 5638
10965 2 0 5536 5537 5640
10966 2 0 5536 5640 5639
10967 2 0 5537 5538 5641
10968 2 0 5537 5641 5640
10969 2 0 5538 5539 5642
10970 2 0 5538 5642 5641
10971 2 0 5539 5540 5643
10972 2 0 5539 5643 5642
10973 2 0 5540 5541 5644
10974 2 0 5540 5644 5643
10975 2 0 5541 5542 5645
10976 2 0 5541 5645 5644
10977 2 0 5542 5543 5646
10978 2 0 5542 5646 5645
10979 2 0 5543 5544 5647
10980 2 0 5543 5647 5646
10981 2 0 5544 5545 5648
10982 2 0 5544 5648 5647
10983 2 0 5545 5546 5649
10984 2 0 5545 5649 5648
10985 2 0 5546 5547 5650
10986 2 0 5546 5650 5649
10987 2 0 5547 5548 5651
10988 2 0 5547 5651 5650
10989 2 0 5548 5549 5652
10990 2 0 5548 5652 5651
10991 2 0 5549 5550 5653
10992 2 0 5549 5653 5652
10993 2 0 5550 5551 5654
10994 2 0 5550 5654 5653
10995 2 0 5551 5552 5655
10996 2 0 5551 5655 5654
10997 2 0 5552 5553 5656
10998 2 0 5552 5656 5655
10999 2 0 5553 5554 5657
11000 2 0 5553 5657 5656
11001 2 0 5554 5555 5658
11002 2 0 5554 5658 5657
11003 2 0 5555 5556 5659
11004 2 0 5555 5659 5658
11005 2 0 5556 5557 5660
11006 2 0 5556 5660 5659
11007 2 0 5557 5558 5661
11008 2 0 5557 5661 5660
11009 2 0 5558 5559 5662
11010 2 0 5558 5662 5661
11011 2 0 5559 5560 5663
11012 2 0 5559 5663 5662
11013 2 0 5560 5561 5664
11014 2 0 5560 5664 5663
11015 2 0 5561 5562 5665
11016 2 0 5561 5665 5664
11017 2 0 5563 5564 5667
11018 2 0 5563 5667 5666
11019 2 0 5564 5565 5668
11020 2 0 5564 5668 5667
11021 2 0 5565 5566 5669
11022 2 0 5565 5669 5668
11023 2 0 5566 5567 5670
11024 2 0 5566 5670 5669
11025 2 0 5567 5568 5671
11026 2 0 5567 5671 5670
11027 2 0 5568 5569 5672
11028 2 0 5568 5672 5671
11029 2 0 5569 5570 5673
11030 2 0 5569 5673 5672
11031 2 0 5570 5571 5674
11032 2 0 5570 5674 5673
11033 2 0 5571 5572 5675
11034 2 0 5571 5675 5674
11035 2 0 5572 5573 5676
11036 2 0 5572 5676 5675
11037 2 0 5573 5574 5677
11038 2 0 5573 5677 5676
11039 2 0 5574 5575 5678
11040 2 0 5574 5678 5677
11041 2 0 5575 5576 5679
11042 2 0 5575 5679 5678
11043 2 0 5576 5577 5680
11044 2 0 5576 5680 5679
11045 2 0 5577 5578 5681
11046 2 0 5577 5681 5680
11047 2 0 5578 5579 5682
11048 2 0 5578 5682 5681
11049 2 0 5579 5580 5683
11050 2 0 5579 5683 5682
11051 2 0 5580 5581 5684
11052 2 0 5580 5684 5683
11053 2 0 5581 5582 5685
11054 2 0 5581 5685 5684
11055 2 0 5582 5583 5686
11056 2 0 5582 5686 5685
11057 2 0 5583 5584 5687
11058 2 0 5583 5687 5686
11059 2 0 5584 5585 5688
11060 2 0 5584 5688 5687
11061 2 0 5585 5586 5689
11062 2 0 5585 5689 5688
11063 2 0 5586 5587 5690
11064 2 0 5586 5690 5689
11065 2 0 5587 5588 5691
11066 2 0 5587 5691 5690
11067 2 0 5588 5589 5692
11068 2 0 5588 5692 5691
11069 2 0 5589 5590 5693
11070 2 0 5589 5693 5692
11071 2 0 5590 5591 5694
11072 2 0 5590 5694 5693
11073 2 0 5591 5592 5695
11074 2 0 5591 5695 5694
11075 2 0 5592 5593 5696
11076 2 0 5592 5696 5695
11077 2 0 5593 5594 5697
11078 2 0 5593 5697 5696
11079 2 0 5594 5595 5698
11080 2 0 5594 5698 5697
11081 2 0 5595 5596 5699
11082 2 0 5595 5699 5698
11083 2 0 5596 5597 5700
11084 2 0 5596 5700 5699
11085 2 0 5597 5598 5701
11086 2 0 5597 5701 5700
11087 2 0 5598 5599 5702
11088 2 0 5598 5702 5701
11089 2 0 5599 5600 5703
11090 2 0 5599 5703 5702
11091 2 0 5600 5601 5704
11092 2 0 5600 5704 5703
11093 2 0 5601 5602 5705
11094 2 0 5601 5705 5704
11095 2 0 5602 5603 5706
11096 2 0 5602 5706 5705
11097 2 0 5603 5604 5707
11098 2 0 5603 5707 5706
11099 2 0 5604 5605 5708
11100 2 0 5604 5708 5707
11101 2 0 5605 5606 5709
11102 2 0 5605 5709 5708
11103 2 0 5606 5607 5710
11104 2 0 5606 5710 5709
11105 2 0 5607 5608 5711
11106 2 0 5607 5711 5710
11107 2 0 5608 5609 5712
11108 2 0 5608 5712 5711
11109 2 0 5609 5610 5713
11110 2 0 5609 5713 5712
11111 2 0 5610 5611 5714
11112 2 0 5610 5714 5713
11113 2 0 5611 5612 5715
11114 2 0 5611 5715 5714
11115 2 0 5612 5613 5716
11116 2 0 5612 5716 5715
11117 2 0 5613 5614 5717
11118 2 0 5613 5717 5716
11119 2 0 5614 5615 5718
11120 2 0 5614 5718 5717
11121 2 0 5615 5616 5719
11122 2 0 5615 5719 5718
11123 2 0 5616 5617 5720
11124 2 0 5616 5720 5719
11125 2 0 5617 5618 5721
11126 2 0 5617 5721 5720
11127 2 0 5618 5619 5722
11128 2 0 5618 5722 5721
11129 2 0 5619 5620 5723
11130 2 0 5619 5723 5722
11131 2 0 5620 5621 5724
11132 2 0 5620 5724 5723
11133 2 0 5621 5622 5725
11134 2 0 5621 5725 5724
11135 2 0 5622 5623 5726
11136 2 0 5622 5726 5725
11137 2 0 5623 5624 5727
11138 2 0 5623 5727 5726
11139 2 0 5624 5625 5728
11140 2 0 5624 5728 5727
11141 2 0 5625 5626 5729
11142 2 0 5625 5729 5728
11143 2 0 5626 5627 5730
11144 2 0 5626 5730 5729
11145 2 0 5627 5628 5731
11146 2 0 5627 5731 5730
11147 2 0 5628 5629 5732
11148 2 0 5628 5732 5731
11149 2 0 5629 5630 5733
11150 2 0 5629 5733 5732
11151 2 0 5630 5631 5734
11152 2 0 5630 5734 5733
11153 2 0 5631 5632 5735
11154 2 0 5631 5735 5734
11155 2 0 5632 5633 5736
11156 2 0 5632 5736 5735
11157 2 0 5633 5634 5737
11158 2 0 5633 5737 5736
11159 2 0 5634 5635 5738
11160 2 0 5634 5738 5737
11161 2 0 5635 5636 5739
11162 2 0 5635 5739 5738
11163 2 0 5636 5637 5740
11164 2 0 5636 5740 5739
11165 2 0 5637 5638 5741
11166 2 0 5637 5741 5740
11167 2 0 5638 5639 5742
11168 2 0 5638 5742 5741
11169 2 0 5639 5640 5743
11170 2 0 5639 5743 5742
11171 2 0 5640 5641 5744
11172 2 0 5640 5744 5743
11173 2 0 5641 5642 5745
11174 2 0 5641 5745 5744
11175 2 0 5642 5643 5746
11176 2 0 5642 5746 5745
11177 2 0 5643 5644 5747
11178 2 0 5643 5747 5746
11179 2 0 5644 5645 5748
11180 2 0 5644 5748 5747
11181 2 0 5645 5646 5749
11182 2 0 5645 5749 5748
11183 2 0 5646 5647 5750
11184 2 0 5646 5750 5749
11185 2 0 5647 5648 5751
11186 2 0 5647 5751 5750
11187 2 0 5648 5649 5752
11188 2 0 5648 5752 5751
11189 2 0 5649 5650 5753
11190 2 0 5649 5753 5752
11191 2 0 5650 5651 5754
11192 2 0 5650 5754 5753
11193 2 0 5651 5652 5755
11194 2 0 5651 5755 5754
11195 2 0 5652 5653 5756
11196 2 0 5652 5756 5755
11197 2 0 5653 5654 5757
11198 2 0 5653 5757 5756
11199 2 0 5654 5655 5758
11200 2 0 5654 5758 5757
11201 2 0 5655 5656 5759
11202 2 0 5655 5759 5758
11203 2 0 5656 5657 5760
11204 2 0 5656 5760 5759
11205 2 0 5657 5658 5761
11206 2 0 5657 5761 5760
11207 2 0 5658 5659 5762
11208 2 0 5658 5762 5761
11209 2 0 5659 5660 5763
11210 2 0 5659 5763 5762
11211 2 0 5660 5661 5764
11212 2 0 5660 5764 5763
11213 2 0 5661 5662 5765
11214 2 0 5661 5765 5764
11215 2 0 5662 5663 5766
11216 2 0 5662 5766 5765
11217 2 0 5663 5664 5767
11218 2 0 5663 5767 5766
11219 2 0 5664 5665 5768
11220 2 0 5664 5768 5767
11221 2 0 5666 5667 5770
11222 2 0 5666 5770 5769
11223 2 0 5667 5668 5771
11224 2 0 5667 5771 5770
11225 2 0 5668 5669 5772
11226 2 0 5668 5772 5771
11227 2 0 5669 5670 5773
11228 2 0 5669 5773 5772
11229 2 0 5670 5671 5774
11230 2 0 5670 5774 5773
11231 2 0 5671 5672 5775
11232 2 0 5671 5775 5774
11233 2 0 5672 5673 5776
11234 2 0 5672 5776 5775
11235 2 0 5673 5674 5777
11236 2 0 5673 5777 5776
11237 2 0 5674 5675 5778
11238 2 0 5674 5778 5777
11239 2 0 5675 5676 5779
11240 2 0 5675 5779 5778
11241 2 0 5676 5677 5780
11242 2 0 5676 5780 5779
11243 2 0 5677 5678 5781
11244 2 0 5677 5781 5780
11245 2 0 5678 5679 5782
11246 2 0 5678 5782 5781
11247 2 0 5679 5680 5783
11248 2 0 5679 5783 5782
11249 2 0 5680 5681 5784
11250 2 0 5680 5784 5783
11251 2 0 5681 5682 5785
11252 2 0 5681 5785 5784
11253 2 0 5682 5683 5786
11254 2 0 5682 5786 5785
11255 2 0 5683 5684 5787
11256 2 0 5683 5787 5786
11257 2 0 5684 5685 5788
11258 2 0 5684 5788 5787
11259 2 0 5685 5686 5789
11260 2 0 5685 5789 5788
11261 2 0 5686 5687 5790
11262 2 0 5686 5790 5789
11263 2 0 5687 5688 5791
11264 2 0 5687 5791 5790
11265 2 0 5688 5689 5792
11266 2 0 5688 5792 5791
11267 2 0 5689 5690 5793
11268 2 0 5689 5793 5792
11269 2 0 5690 5691 5794
11270 2 0 5690 5794 5793
11271 2 0 5691 5692 5795
11272 2 0 5691 5795 5794
11273 2 0 5692 5693 5796
11274 2 0 5692 5796 5795
11275 2 0 5693 5694 5797
11276 2 0 5693 5797 5796
11277 2 0 5694 5695 5798
11278 2 0 5694 5798 5797
11279 2 0 5695 5696 5799
11280 2 0 5695 5799 5798
11281 2 0 5696 5697 5800
11282 2 0 5696 5800 5799
11283 2 0 5697 5698 5801
11284 2 0 5697 5801 5800
11285 2 0 5698 5699 5802
11286 2 0 5698 5802 5801
11287 2 0 5699 5700 5803
11288 2 0 5699 5803 5802
11289 2 0 5700 5701 5804
11290 2 0 5700 5804 5803
11291 2 0 5701 5702 5805
11292 2 0 5701 5805 5804
11293 2 0 5702 5703 5806
11294 2 0 5702 5806 5805
11295 2 0 5703 5704 5807
11296 2 0 5703 5807 5806
11297 2 0 5704 5705 5808
11298 2 0 5704 5808 5807
11299 2 0 5705 5706 5809
11300 2 0 5705 5809 5808
11301 2 0 5706 5707 5810
11302 2 0 5706 5810 5809
11303 2 0 5707 5708 5811
11304 2 0 5707 5811 5810
11305 2 0 5708 5709 5812
11306 2 0 5708 5812 5811
11307 2 0 5709 5710 5813
11308 2 0 5709 5813 5812
11309 2 0 5710 5711 5814
11310 2 0 5710 5814 5813
11311 2 0 5711 5712 5815
11312 2 0 5711 5815 5814
11313 2 0 5712 5713 5816
11314 2 0 5712 5816 5815
11315 2 0 5713 5714 5817
11316 2 0 5713 5817 5816
11317 2 0 5714 5715 5818
11318 2 0 5714 5818 5817
11319 2 0 5715 5716 5819
11320 2 0 5715 5819 5818
11321 2 0 5716 5717 5820
11322 2 0 5716 5820 5819
11323 2 0 5717 5718 5821
11324 2 0 5717 5821 5820
11325 2 0 5718 5719 5822
11326 2 0 5718 5822 5821
11327 2 0 5719 5720 5823
11328 2 0 5719 5823 5822
11329 2 0 5720 5721 5824
11330 2 0 5720 5824 5823
11331 2 0 5721 5722 5825
11332 2 0 5721 5825 5824
11333 2 0 5722 5723 5826
11334 2 0 5722 5826 5825
11335 2 0 5723 5724 5827
11336 2 0 5723 5827 5826
11337 2 0 5724 5725 5828
11338 2 0 5724 5828 5827
11339 2 0 5725 5726 5829
11340 2 0 5725 5829 5828
11341 2 0 5726 5727 5830
11342 2 0 5726 5830 5829
11343 2 0 5727 5728 5831
11344 2 0 5727 5831 5830
11345 2 0 5728 5729 5832
11346 2 0 5728 5832 5831
11347 2 0 5729 5730 5833
11348 2 0 5729 5833 5832
11349 2 0 5730 5731 5834
11350 2 0 5730 5834 5833
11351 2 0 5731 5732 5835
11352 2 0 5731 5835 5834
11353 2 0 5732 5733 5836
11354 2 0 5732 5836 5835
11355 2 0 5733 5734 5837
11356 2 0 5733 5837 5836
11357 2 0 5734 5735 5838
11358 2 0 5734 5838 5837
11359 2 0 5735 5736 5839
11360 2 0 5735 5839 5838
11361 2 0 5736 5737 5840
11362 2 0 5736 5840 5839
11363 2 0 5737 5738 5841
11364 2 0 5737 5841 5840
11365 2 0 5738 5739 5842
11366 2 0 5738 5842 5841
11367 2 0 5739 5740 5843
11368 2 0 5739 5843 5842
11369 2 0 5740 5741 5844
11370 2 0 5740 5844 5843
11371 2 0 5741 5742 5845
11372 2 0 5741 5845 5844
11373 2 0 5742 5743 5846
11374 2 0 5742 5846 5845
11375 2 0 5743 5744 5847
11376 2 0 5743 5847 5846
11377 2 0 5744 5745 5848
11378 2 0 5744 5848 5847
11379 2 0 5745 5746 5849
11380 2 0 5745 5849 5848
11381 2 0 5746 5747 5850
11382 2 0 5746 5850 5849
11383 2 0 5747 5748 5851
11384 2 0 5747 5851 5850
11385 2 0 5748 5749 5852
11386 2 0 5748 5852 5851
11387 2 0 5749 5750 5853
11388 2 0 5749 5853 5852
11389 2 0 5750 5751 5854
11390 2 0 5750 5854 5853
11391 2 0 5751 5752 5855
11392 2 0 5751 5855 5854
11393 2 0 5752 5753 5856
11394 2 0 5752 5856 5855
11395 2 0 5753 5754 5857
11396 2 0 5753 5857 5856
11397 2 0 5754 5755 5858
11398 2 0 5754 5858 5857
11399 2 0 5755 5756 5859
11400 2 0 5755 5859 5858
11401 2 0 5756 5757 5860
11402 2 0 5756 5860 5859
11403 2 0 5757 5758 5861
11404 2 0 5757 5861 5860
11405 2 0 5758 5759 5862
11406 2 0 5758 5862 5861
11407 2 0 5759 5760 5863
11408 2 0 5759 5863 5862
11409 2 0 5760 5761 5864
11410 2 0 5760 5864 5863
11411 2 0 5761 5762 5865
11412 2 0 5761 5865 5864
11413 2 0 5762 5763 5866
11414 2 0 5762 5866 5865
11415 2 0 5763 5764 5867
11416 2 0 5763 5867 5866
11417 2 0 5764 5765 5868
11418 2 0 5764 5868 5867
11419 2 0 5765 5766 5869
11420 2 0 5765 5869 5868
11421 2 0 5766 5767 5870
11422 2 0 5766 5870 5869
11423 2 0 5767 5768 5871
11424 2 0 5767 5871 5870
11425 2 0 5769 5770 5873
11426 2 0 5769 5873 5872
11427 2 0 5770 5771 5874
11428 2 0 5770 5874 5873
11429 2 0 5771 5772 5875
11430 2 0 5771 5875 5874
11431 2 0 5772 5773 5876
11432 2 0 5772 5876 5875
11433 2 0 5773 5774 5877
11434 2 0 5773 5877 5876
11435 2 0 5774 5775 5878
11436 2 0 5774 5878 5877
11437 2 0 5775 5776 5879
11438 2 0 5775 5879 5878
11439 2 0 5776 5777 5880
11440 2 0 5776 5880 5879
11441 2 0 5777 5778 5881
11442 2 0 5777 5881 5880
11443 2 0 5778 5779 5882
11444 2 0 5778 5882 5881
11445 2 0 5779 5780 5883
11446 2 0 5779 5883 5882
11447 2 0 5780 5781 5884
11448 2 0 5780 5884 5883
11449 2 0 5781 5782 5885
11450 2 0 5781 5885 5884
11451 2 0 5782 5783 5886
11452 2 0 5782 5886 5885
11453 2 0 5783 5784 5887
11454 2 0 5783 5887 5886
11455 2 0 5784 5785 5888
11456 2 0 5784 5888 5887
11457 2 0 5785 5786 5889
11458 2 0 5785 5889 5888
11459 2 0 5786 5787 5890
11460 2 0 5786 5890 5889
11461 2 0 5787 5788 5891
11462 2 0 5787 5891 5890
11463 2 0 5788 5789 5892
11464 2 0 5788 5892 5891
11465 2 0 5789 5790 5893
11466 2 0 5789 5893 5892
11467 2 0 5790 5791 5894
11468 2 0 5790 5894 5893
11469 2 0 5791 5792 5895
11470 2 0 5791 5895 5894
11471 2 0 5792 5793 5896
11472 2 0 5792 5896 5895
11473 2 0 5793 5794 5897
11474 2 0 5793 5897 5896
11475 2 0 5794 5795 5898
11476 2 0 5794 5898 5897
11477 2 0 5795 5796 5899
11478 2 0 5795 5899 5898
11479 2 0 5796 5797 5900
11480 2 0 5796 5900 5899
11481 2 0 5797 5798 5901
11482 2 0 5797 5901 5900
11483 2 0 5798 5799 5902
11484 2 0 5798 5902 5901
11485 2 0 5799 5800 5903
11486 2 0 5799 5903 5902
11487 2 0 5800 5801 5904
11488 2 0 5800 5904 5903
11489 2 0 5801 5802 5905
11490 2 0 5801 5905 5904
11491 2 0 5802 5803 5906
11492 2 0 5802 5906 5905
11493 2 0 5803 5804 5907
11494 2 0 5803 5907 5906
11495 2 0 5804 5805 5908
11496 2 0 5804 5908 5907
11497 2 0 5805 5806 5909
11498 2 0 5805 5909 5908
11499 2 0 5806 5807 5910
11500 2 0 5806 5910 5909
11501 2 0 5807 5808 5911
11502 2 0 5807 5911 5910
11503 2 0 5808 5809 5912
11504 2 0 5808 5912 5911
11505 2 0 5809 5810 5913
11506 2 0 5809 5913 5912
11507 2 0 5810 5811 5914
11508 2 0 5810 5914 5913
11509 2 0 5811 5812 5915
11510 2 0 5811 5915 5914
11511 2 0 5812 5813 5916
11512 2 0 5812 5916 5915
11513 2 0 5813 5814 5917
11514 2 0 5813 5917 5916
11515 2 0 5814 5815 5918
11516 2 0 5814 5918 5917
11517 2 0 5815 5816 5919
11518 2 0 5815 5919 5918
11519 2 0 5816 5817 5920
11520 2 0 5816 5920 5919
11521 2 0 5817 5818 5921
11522 2 0 5817 5921 5920
11523 2 0 5818 5819 5922
11524 2 0 5818 5922 5921
11525 2 0 5819 5820 5923
11526 2 0 5819 5923 5922
11527 2 0 5820 5821 5924
11528 2 0 5820 5924 5923
11529 2 0 5821 5822 5925
11530 2 0 5821 5925 5924
11531 2 0 5822 5823 5926
11532 2 0 5822 5926 5925
11533 2 0 5823 5824 5927
11534 2 0 5823 5927 5926
11535 2 0 5824 5825 5928
11536 2 0 5824 5928 5927
11537 2 0 5825 5826 5929
11538 2 0 5825 5929 5928
11539 2 0 5826 5827 5930
11540 2 0 5826 5930 5929
11541 2 0 5827 5828 5931
11542 2 0 5827 5931 5930
11543 2 0 5828 5829 5932
11544 2 0 5828 5932 5931
11545 2 0 5829 5830 5933
11546 2 0 5829 5933 5932
11547 2 0 5830 5831 5934
11548 2 0 5830 5934 5933
11549 2 0 5831 5832 5935
11550 2 0 5831 5935 5934
11551 2 0 5832 5833 5936
11552 2 0 5832 5936 5935
11553 2 0 5833 5834 5937
11554 2 0 5833 5937 5936
11555 2 0 5834 5835 5938
11556 2 0 5834 5938 5937
11557 2 0 5835 5836 5939
11558 2 0 5835 5939 5938
11559 2 0 5836 5837 5940
11560 2 0 5836 5940 5939
11561 2 0 5837 5838 5941
11562 2 0 5837 5941 5940
11563 2 0 5838 5839 5942
11564 2 0 5838 5942 5941
11565 2 0 5839 5840 5943
11566 2 0 5839 5943 5942
11567 2 0 5840 5841 5944
11568 2 0 5840 5944 5943
11569 2 0 5841 5842 5945
11570 2 0 5841 5945 5944
11571 2 0 5842 5843 5946
11572 2 0 5842 5946 5945
11573 2 0 5843 5844 5947
11574 2 0 5843 5947 5946
11575 2 0 5844 5845 5948
11576 2 0 5844 5948 5947
11577 2 0 5845 5846 5949
11578 2 0 5845 5949 5948
11579 2 0 5846 5847 5950
11580 2 0 5846 5950 5949
11581 2 0 5847 5848 5951
11582 2 0 5847 5951 5950
11583 2 0 5848 5849 5952
11584 2 0 5848 5952 5951
11585 2 0 5849 5850 5953
11586 2 0 5849 5953 5952
11587 2 0 5850 5851 5954
11588 2 0 5850 5954 5953
11589 2 0 5851 5852 5955
11590 2 0 5851 5955 5954
11591 2 0 5852 5853 5956
11592 2 0 5852 5956 5955
11593 2 0 5853 5854 5957
11594 2 0 5853 5957 5956
11595 2 0 5854 5855 5958
11596 2 0 5854 5958 5957
11597 2 0 5855 5856 5959
11598 2 0 5855 5959 5958
11599 2 0 5856 5857 5960
11600 2 0 5856 5960 5959
11601 2 0 5857 5858 5961
11602 2 0 5857 5961 5960
11603 2 0 5858 5859 5962
11604 2 0 5858 5962 5961
11605 2 0 5859 5860 5963
11606 2 0 5859 5963 5962
11607 2 0 5860 5861 5964
11608 2 0 5860 5964 5963
11609 2 0 5861 5862 5965
11610 2 0 5861 5965 5964
11611 2 0 5862 5863 5966
11612 2 0 5862 5966 5965
11613 2 0 5863 5864 5967
11614 2 0 5863 5967 5966
11615 2 0 5864 5865 5968
11616 2 0 5864 5968 5967
11617 2 0 5865 5866 5969
11618 2 0 5865 5969 5968
11619 2 0 5866 5867 5970
11620 2 0 5866 5970 5969
11621 2 0 5867 5868 5971
11622 2 0 5867 5971 5970
11623 2 0 5868 5869 5972
11624 2 0 5868 5972 5971
11625 2 0 5869 5870 5973
11626 2 0 5869 5973 5972
11627 2 0 5870 5871 5974
11628 2 0 5870 5974 5973
11629 2 0 5872 5873 5976
11630 2 0 5872 5976 5975
11631 2 0 5873 5874 5977
11632 2 0 5873 5977 5976
11633 2 0 5874 5875 5978
11634 2 0 5874 5978 5977
11635 2 0 5875 5876 5979
11636 2 0 5875 5979 5978
11637 2 0 5876 5877 5980
11638 2 0 5876 5980 5979
11639 2 0 5877 5878 5981
11640 2 0 5877 5981 5980
11641 2 0 5878 5879 5982
11642 2 0 5878 5982 5981
11643 2 0 5879 5880 5983
11644 2 0 5879 5983 5982
11645 2 0 5880 5881 5984
11646 2 0 5880 5984 5983
11647 2 0 5881 5882 5985
11648 2 0 5881 5985 5984
11649 2 0 5882 5883 5986
11650 2 0 5882 5986 5985
11651 2 0 5883 5884 5987
11652 2 0 5883 5987 5986
11653 2 0 5884 5885 5988
11654 2 0 5884 5988 5987
11655 2 0 5885 5886 5989
11656 2 0 5885 5989 5988
11657 2 0 5886 5887 5990
11658 2 0 5886 5990 5989
11659 2 0 5887 5888 5991
11660 2 0 5887 5991 5990
11661 2 0 5888 5889 5992
11662 2 0 5888 5992 5991
11663 2 0 5889 5890 5993
11664 2 0 5889 5993 5992
11665 2 0 5890 5891 5994
11666 2 0 5890 5994 5993
11667 2 0 5891 5892 5995
11668 2 0 5891 5995 5994
11669 2 0 5892 5893 5996
11670 2 0 5892 5996 5995
11671 2 0 5893 5894 5997
11672 2 0 5893 5997 5996
11673 2 0 5894 5895 5998
11674 2 0 5894 5998 5997
11675 2 0 5895 5896 5999
11676 2 0 5895 5999 5998
11677 2 0 5896 5897 6000
11678 2 0 5896 6000 5999
11679 2 0 5897 5898 6001
11680 2 0 5897 6001 6000
11681 2 0 5898 5899 6002
11682 2 0 5898 6002 6001
11683 2 0 5899 5900 6003
11684 2 0 5899 6003 6002
11685 2 0 5900 5901 6004
11686 2 0 5900 6004 6003
11687 2 0 5901 5902 6005
11688 2 0 5901 6005 6004
11689 2 0 5902 5903 6006
11690 2 0 5902 6006 6005
11691 2 0 5903 5904 6007
11692 2 0 5903 6007 6006
11693 2 0 5904 5905 6008
11694 2 0 5904 6008 6007
11695 2 0 5905 5906 6009
11696 2 0 5905 6009 6008
11697 2 0 5906 5907 6010
11698 2 0 5906 6010 6009
11699 2 0 5907 5908 6011
11700 2 0 5907 6011 6010
11701 2 0 5908 5909 6012
11702 2 0 5908 6012 6011
11703 2 0 5909 5910 6013
11704 2 0 5909 6013 6012
11705 2 0 5910 5911 6014
11706 2 0 5910 6014 6013
11707 2 0 5911 5912 6015
11708 2 0 5911 6015 6014
11709 2 0 5912 5913 6016
11710 2 0 5912 6016 6015
11711 2 0 5913 5914 6017
11712 2 0 5913 6017 6016
11713 2 0 5914 5915 6018
11714 2 0 5914 6018 6017
11715 2 0 5915 5916 6019
11716 2 0 5915 6019 6018
11717 2 0 5916 5917 6020
11718 2 0 5916 6020 6019
11719 2 0 5917 5918 6021
11720 2 0 5917 6021 6020
11721 2 0 5918 5919 6022
11722 2 0 5918 6022 6021
11723 2 0 5919 5920 6023
11724 2 0 5919 6023 6022
11725 2 0 5920 5921 6024
11726 2 0 5920 6024 6023
11727 2 0 5921 5922 6025
11728 2 0 5921 6025 6024
11729 2 0 5922 5923 6026
11730 2 0 5922 6026 6025
11731 2 0 5923 5924 6027
11732 2 0 5923 6027 6026
11733 2 0 5924 5925 6028
11734 2 0 5924 6028 6027
11735 2 0 5925 5926 6029
11736 2 0 5925 6029 6028
11737 2 0 5926 5927 6030
11738 2 0 5926 6030 6029
11739 2 0 5927 5928 6031
11740 2 0 5927 6031 6030
11741 2 0 5928 5929 6032
11742 2 0 5928 6032 6031
11743 2 0 5929 5930 6033
11744 2 0 5929 6033 6032
11745 2 0 5930 5931 6034
11746 2 0 5930 6034 6033
11747 2 0 5931 5932 6035
11748 2 0 5931 6035 6034
11749 2 0 5932 5933 6036
11750 2 0 5932 6036 6035
11751 2 0 5933 5934 6037
11752 2 0 5933 6037 6036
11753 2 0 5934 5935 6038
11754 2 0 5934 6038 6037
11755 2 0 5935 5936 6039
11756 2 0 5935 6039 6038
11757 2 0 5936 5937 6040
11758 2 0 5936 6040 6039
11759 2 0 5937 5938 6041
11760 2 0 5937 6041 6040
11761 2 0 5938 5939 6042
11762 2 0 5938 6042 6041
11763 2 0 5939 5940 6043
11764 2 0 5939 6043 6042
11765 2 0 5940 5941 6044
11766 2 0 5940 6044 6043
11767 2 0 5941 5942 6045
11768 2 0 5941 6045 6044
11769 2 0 5942 5943 6046
11770 2 0 5942 6046 6045
11771 2 0 5943 5944 6047
11772 2 0 5943 6047 6046
11773 2 0 5944 5945 6048
11774 2 0 5944 6048 6047
11775 2 0 5945 5946 6049
11776 2 0 5945 6049 6048
11777 2 0 5946 5947 6050
11778 2 0 5946 6050 6049
11779 2 0 5947 5948 6051
11780 2 0 5947 6051 6050
11781 2 0 5948 5949 6052
11782 2 0 5948 6052 6051
11783 2 0 5949 5950 6053
11784 2 0 5949 6053 6052
11785 2 0 5950 5951 6054
11786 2 0 5950 6054 6053
11787 2 0 5951 5952 6055
11788 2 0 5951 6055 6054
11789 2 0 5952 5953 6056
11790 2 0 5952 6056 6055
11791 2 0 5953 5954 6057
11792 2 0 5953 6057 6056
11793 2 0 5954 5955 6058
11794 2 0 5954 6058 6057
11795 2 0 5955 5956 6059
11796 2 0 5955 6059 6058
11797 2 0 5956 5957 6060
11798 2 0 5956 6060 6059
11799 2 0 5957 5958 6061
11800 2 0 5957 6061 6060
11801 2 0 5958 5959 6062
11802 2 0 5958 6062 6061
11803 2 0 5959 5960 6063
11804 2 0 5959 6063 6062
11805 2 0 5960 5961 6064
11806 2 0 5960 6064 6063
11807 2 0 5961 5962 6065
11808 2 0 5961 6065 6064
11809 2 0 5962 5963 6066
11810 2 0 5962 6066 6065
11811 2 0 5963 5964 6067
11812 2 0 5963 6067 6066
11813 2 0 5964 5965 6068
11814 2 0 5964 6068 6067
11815 2 0 5965 5966 6069
11816 2 0 5965 6069 6068
11817 2 0 5966 5967 6070
11818 2 0 5966 6070 6069
11819 2 0 5967 5968 6071
11820 2 0 5967 6071 6070
11821 2 0 5968 5969 6072
11822 2 0 5968 6072 6071
11823 2 0 5969 5970 6073
11824 2 0 5969 6073 6072
11825 2 0 5970 5971 6074
11826 2 0 5970 6074 6073
11827 2 0 5971 5972 6075
11828 2 0 5971 6075 6074
11829 2 0 5972 5973 6076
11830 2 0 5972 6076 6075
11831 2 0 5973 5974 6077
11832 2 0 5973 6077 6076
11833 2 0 5975 5976 6079
11834 2 0 5975 6079 6078
11835 2 0 5976 5977 6080
11836 2 0 5976 6080 6079
11837 2 0 5977 5978 6081
11838 2 0 5977 6081 6080
11839 2 0 5978 5979 6082
11840 2 0 5978 6082 6081
11841 2 0 5979 5980 6083
11842 2 0 5979 6083 6082
11843 2 0 5980 5981 6084
11844 2 0 5980 6084 6083
11845 2 0 5981 5982 6085
11846 2 0 5981 6085 6084
11847 2 0 5982 5983 6086
11848 2 0 5982 6086 6085
11849 2 0 5983 5984 6087
11850 2 0 5983 6087 6086
11851 2 0 5984 5985 6088
11852 2 0 5984 6088 6087
11853 2 0 5985 5986 6089
11854 2 0 5985 6089 6088
11855 2 0 5986 5987 6090
11856 2 0 5986 6090 6089
11857 2 0 5987 5988 6091
11858 2 0 5987 6091 6090
11859 2 0 5988 5989 6092
11860 2 0 5988 6092 6091
11861 2 0 5989 5990 6093
11862 2 0 5989 6093 6092
11863 2 0 5990 5991 6094
11864 2 0 5990 6094 6093
11865 2 0 5991 5992 6095
11866 2 0 5991 6095 6094
11867 2 0 5992 5993 6096
11868 2 0 5992 6096 6095
11869 2 0 5993 5994 6097
11870 2 0 5993 6097 6096
11871 2 0 5994 5995 6098
11872 2 0 5994 6098 6097
11873 2 0 5995 5996 6099
11874 2 0 5995 6099 6098
11875 2 0 5996 5997 6100
11876 2 0 5996 6100 6099
11877 2 0 5997 5998 6101
11878 2 0 5997 6101 6100
11879 2 0 5998 5999 6102
11880 2 0 5998 6102 6101
11881 2 0 5999 6000 6103
11882 2 0 5999 6103 6102
11883 2 0 6000 6001 6104
11884 2 0 6000 6104 6103
11885 2 0 6001 6002 6105
11886 2 0 6001 6105 6104
11887 2 0 6002 6003 6106
11888 2 0 6002 6106 6105
11889 2 0 6003 6004 6107
11890 2 0 6003 6107 6106
11891 2 0 6004 6005 6108
11892 2 0 6004 6108 6107
11893 2 0 6005 6006 6109
11894 2 0 6005 6109 6108
11895 2 0 6006 6007 6110
11896 2 0 6006 6110 6109
11897 2 0 6007 6008 6111
11898 2 0 6007 6111 6110
11899 2 0 6008 6009 6112
11900 2 0 6008 6112 6111
11901 2 0 6009 6010 6113
11902 2 0 6009 6113 6112
11903 2 0 6010 6011 6114
11904 2 0 6010 6114 6113
11905 2 0 6011 6012 6115
11906 2 0 6011 6115 6114
11907 2 0 6012 6013 6116
11908 2 0 6012 6116 6115
11909 2 0 6013 6014 6117
11910 2 0 6013 6117 6116
11911 2 0 6014 6015 6118
11912 2 0 6014 6118 6117
11913 2 0 6015 6016 6119
11914 2 0 6015 6119 6118
11915 2 0 6016 6017 6120
11916 2 0 6016 6120 6119
11917 2 0 6017 6018 6121
11918 2 0 6017 6121 6120
11919 2 0 6018 6019 6122
11920 2 0 6018 6122 6121
11921 2 0 6019 6020 6123
11922 2 0 6019 6123 6122
11923 2 0 6020 6021 6124
11924 2 0 6020 6124 6123
11925 2 0 6021 6022 6125
11926 2 0 6021 6125 6124
11927 2 0 6022 6023 6126
11928 2 0 6022 6126 6125
11929 2 0 6023 6024 6127
11930 2 0 6023 6127 6126
11931 2 0 6024 6025 6128
11932 2 0 6024 6128 6127
11933 2 0 6025 6026 6129
11934 2 0 6025 6129 6128
11935 2 0 6026 6027 6130
11936 2 0 6026 6130 6129
11937 2 0 6027 6028 6131
11938 2 0 6027 6131 6130
11939 2 0 6028 6029 6132
11940 2 0 6028 6132 6131
11941 2 0 6029 6030 6133
11942 2 0 6029 6133 6132
11943 2 0 6030 6031 6134
11944 2 0 6030 6134 6133
11945 2 0 6031 6032 6135
11946 2 0 6031 6135 6134
11947 2 0 6032 6033 6136
11948 2 0 6032 6136 6135
11949 2 0 6033 6034 6137
11950 2 0 6033 6137 6136
11951 2 0 6034 6035 6138
11952 2 0 6034 6138 6137
11953 2 0 6035 6036 6139
11954 2 0 6035 6139 6138
11955 2 0 6036 6037 6140
11956 2 0 6036 6140 6139
11957 2 0 6037 6038 6141
11958 2 0 6037 6141 6140
11959 2 0 6038 6039 6142
11960 2 0 6038 6142 6141
11961 2 0 6039 6040 6143
11962 2 0 6039 6143 6142
11963 2 0 6040 6041 6144
11964 2 0 6040 6144 6143
11965 2 0 6041 6042 6145
11966 2 0 6041 6145 6144
11967 2 0 6042 6043 6146
11968 2 0 6042 6146 6145
11969 2 0 6043 6044 6147
11970 2 0 6043 6147 6146
11971 2 0 6044 6045 6148
11972 2 0 6044 6148 6147
11973 2 0 6045 6046 6149
11974 2 0 6045 6149 6148
11975 2 0 6046 6047 6150
11976 2 0 6046 6150 6149
11977 2 0 6047 6048 6151
11978 2 0 6047 6151 6150
11979 2 0 6048 6049 6152
11980 2 0 6048 6152 6151
11981 2 0 6049 6050 6153
11982 2 0 6049 6153 6152
11983 2 0 6050 6051 6154
11984 2 0 6050 6154 6153
11985 2 0 6051 6052 6155
11986 2 0 6051 6155 6154
11987 2 0 6052 6053 6156
11988 2 0 6052 6156 6155
11989 2 0 6053 6054 6157
11990 2 0 6053 6157 6156
11991 2 0 6054 6055 6158
11992 2 0 6054 6158 6157
11993 2 0 6055 6056 6159
11994 2 0 6055 6159 6158
11995 2 0 6056 6057 6160
11996 2 0 6056 6160 6159
11997 2 0 6057 6058 6161
11998 2 0 6057 6161 6160
11999 2 0 6058 6059 6162
12000 2 0 6058 6162 6161
12001 2 0 6059 6060 6163
12002 2 0 6059 6163 6162
12003 2 0 6060 6061 6164
12004 2 0 6060 6164 6163
12005 2 0 6061 6062 6165
12006 2 0 6061 6165 6164
12007 2 0 6062 6063 6166
12008 2 0 6062 6166 6165
12009 2 0 6063 6064 6167
12010 2 0 6063 6167 6166
12011 2 0 6064 6065 6168
12012 2 0 6064 6168 6167
12013 2 0 6065 6066 6169
12014 2 0 6065 6169 6168
12015 2 0 6066 6067 6170
12016 2 0 6066 6170 6169
12017 2 0 6067 6068 6171
12018 2 0 6067 6171 6170
12019 2 0 6068 6069 6172
12020 2 0 6068 6172 6171
12021 2 0 6069 6070 6173
12022 2 0 6069 6173 6172
12023 2 0 6070 6071 6174
12024 2 0 6070 6174 6173
12025 2 0 6071 6072 6175
12026 2 0 6071 6175 6174
12027 2 0 6072 6073 6176
12028 2 0 6072 6176 6175
12029 2 0 6073 6074 6177
12030 2 0 6073 6177 6176
12031 2 0 6074 6075 6178
12032 2 0 6074 6178 6177
12033 2 0 6075 6076 6179
12034 2 0 6075 6179 6178
12035 2 0 6076 6077 6180
12036 2 0 6076 6180 6179
12037 2 0 6078 6079 6182
12038 2 0 6078 6182 6181
12039 2 0 6079 6080 6183
12040 2 0 6079 6183 6182
12041 2 0 6080 6081 6184
12042 2 0 6080 6184 6183
12043 2 0 6081 6082 6185
12044 2 0 6081 6185 6184
12045 2 0 6082 6083 6186
12046 2 0 6082 6186 6185
12047 2 0 6083 6084 6187
12048 2 0 6083 6187 6186
12049 2 0 6084 6085 6188
12050 2 0 6084 6188 6187
12051 2 0 6085 6086 6189
12052 2 0 6085 6189 6188
12053 2 0 6086 6087 6190
12054 2 0 6086 6190 6189
12055 2 0 6087 6088 6191
12056 2 0 6087 6191 6190
12057 2 0 6088 6089 6192
12058 2 0 6088 6192 6191
12059 2 0 6089 6090 6193
12060 2 0 6089 6193 6192
12061 2 0 6090 6091 6194
12062 2 0 6090 6194 6193
12063 2 0 6091 6092 6195
12064 2 0 6091 6195 6194
12065 2 0 6092 6093 6196
12066 2 0 6092 6196 6195
12067 2 0 6093 6094 6197
12068 2 0 6093 6197 6196
12069 2 0 6094 6095 6198
12070 2 0 6094 6198 6197
12071 2 0 6095 6096 6199
12072 2 0 6095 6199 6198
12073 2 0 6096 6097 6200
12074 2 0 6096 6200 6199
12075 2 0 6097 6098 6201
12076 2 0 6097 6201 6200
12077 2 0 6098 6099 6202
12078 2 0 6098 6202 6201
12079 2 0 6099 6100 6203
12080 2 0 6099 6203 6202
12081 2 0 6100 6101 6204
12082 2 0 6100 6204 6203
12083 2 0 6101 6102 6205
12084 2 0 6101 6205 6204
12085 2 0 6102 6103 6206
12086 2 0 6102 6206 6205
12087 2 0 6103 6104 6207
12088 2 0 6103 6207 6206
12089 2 0 6104 6105 6208
12090 2 0 6104 6208 6207
12091 2 0 6105 6106 6209
12092 2 0 6105 6209 6208
12093 2 0 6106 6107 6210
12094 2 0 6106 6210 6209
12095 2 0 6107 6108 6211
12096 2 0 6107 6211 6210
12097 2 0 6108 6109 6212
12098 2 0 6108 6212 6211
12099 2 0 6109 6110 6213
12100 2 0 6109 6213 6212
12101 2 0 6110 6111 6214
12102 2 0 6110 6214 6213
12103 2 0 6111 6112 6215
12104 2 0 6111 6215 6214
12105 2 0 6112 6113 6216
12106 2 0 6112 6216 6215
12107 2 0 6113 6114 6217
12108 2 0 6113 6217 6216
12109 2 0 6114 6115 6218
12110 2 0 6114 6218 6217
12111 2 0 6115 6116 6219
12112 2 0 6115 6219 6218
12113 2 0 6116 6117 6220
12114 2 0 6116 6220 6219
12115 2 0 6117 6118 6221
12116 2 0 6117 6221 6220
12117 2 0 6118 6119 6222
12118 2 0 6118 6222 6221
12119 2 0 6119 6120 6223
12120 2 0 6119 6223 6222
12121 2 0 6120 6121 6224
12122 2 0 6120 6224 6223
12123 2 0 6121 6122 6225
12124 2 0 6121 6225 6224
12125 2 0 6122 6123 6226
12126 2 0 6122 6226 6225
12127 2 0 6123 6124 6227
12128 2 0 6123 6227 6226
12129 2 0 6124 6125 6228
12130 2 0 6124 6228 6227
12131 2 0 6125 6126 6229
12132 2 0 6125 6229 6228
12133 2 0 6126 6127 6230
12134 2 0 6126 6230 6229
12135 2 0 6127 6128 6231
12136 2 0 6127 6231 6230
12137 2 0 6128 6129 6232
12138 2 0 6128 6232 6231
12139 2 0 6129 6130 6233
12140 2 0 6129 6233 6232
12141 2 0 6130 6131 6234
12142 2 0 6130 6234 6233
12143 2 0 6131 6132 6235
12144 2 0 6131 6235 6234
12145 2 0 6132 6133 6236
12146 2 0 6132 6236 6235
12147 2 0 6133 6134 6237
12148 2 0 6133 6237 6236
12149 2 0 6134 6135 6238
12150 2 0 6134 6238 6237
12151 2 0 6135 6136 6239
12152 2 0 6135 6239 6238
12153 2 0 6136 6137 6240
12154 2 0 6136 6240 6239
12155 2 0 6137 6138 6241
12156 2 0 6137 6241 6240
12157 2 0 6138 6139 6242
12158 2 0 6138 6242 6241
12159 2 0 6139 6140 6243
12160 2 0 6139 6243 6242
12161 2 0 6140 6141 6244
12162 2 0 6140 6244 6243
12163 2 0 6141 6142 6245
12164 2 0 6141 6245 6244
12165 2 0 6142 6143 6246
12166 2 0 6142 6246 6245
12167 2 0 6143 6144 6247
12168 2 0 6143 6247 6246
12169 2 0 6144 6145 6248
12170 2 0 6144 6248 6247
12171 2 0 6145 6146 6249
12172 2 0 6145 6249 6248
12173 2 0 6146 6147 6250
12174 2 0 6146 6250 6249
12175 2 0 6147 6148 6251
12176 2 0 6147 6251 6250
12177 2 0 6148 6149 6252
12178 2 0 6148 6252 6251
12179 2 0 6149 6150 6253
12180 2 0 6149 6253 6252
12181 2 0 6150 6151 6254
12182 2 0 6150 6254 6253
12183 2 0 6151 6152 6255
12184 2 0 6151 6255 6254
12185 2 0 6152 6153 6256
12186 2 0 6152 6256 6255
12187 2 0 6153 6154 6257
12188 2 0 6153 6257 6256
12189 2 0 6154 6155 6258
12190 2 0 6154 6258 6257
12191 2 0 6155 6156 6259
12192 2 0 6155 6259 6258
12193 2 0 6156 6157 6260
12194 2 0 6156 6260 6259
12195 2 0 6157 6158 6261
12196 2 0 6157 6261 6260
12197 2 0 6158 6159 6262
12198 2 0 6158 6262 6261
12199 2 0 6159 6160 6263
12200 2 0 6159 6263 6262
12201 2 0 6160 6161 6264
12202 2 0 6160 6264 6263
12203 2 0 6161 6162 6265
12204 2 0 6161 6265 6264
12205 2 0 6162 6163 6266
12206 2 0 6162 6266 6265
12207 2 0 6163 6164 6267
12208 2 0 6163 6267 6266
12209 2 0 6164 6165 6268
12210 2 0 6164 6268 6267
12211 2 0 6165 6166 6269
12212 2 0 6165 6269 6268
12213 2 0 6166 6167 6270
12214 2 0 6166 6270 6269
12215 2 0 6167 6168 6271
12216 2 0 6167 6271 6270
12217 2 0 6168 6169 6272
12218 2 0 6168 6272 6271
12219 2 0 6169 6170 6273
12220 2 0 6169 6273 6272
12221 2 0 6170 6171 6274
12222 2 0 6170 6274 6273
12223 2 0 6171 6172 6275
12224 2 0 6171 6275 6274
12225 2 0 6172 6173 6276
12226 2 0 6172 6276 6275
12227 2 0 6173 6174 6277
12228 2 0 6173 6277 6276
12229 2 0 6174 6175 6278
12230 2 0 6174 6278 6277
12231 2 0 6175 6176 6279
12232 2 0 6175 6279 6278
12233 2 0 6176 6177 6280
12234 2 0 6176 6280 6279
12235 2 0 6177 6178 6281
12236 2 0 6177 6281 6280
12237 2 0 6178 6179 6282
12238 2 0 6178 6282 6281
12239 2 0 6179 6180 6283
12240 2 0 6179 6283 6282
12241 2 0 6181 6182 6285
12242 2 0 6181 6285 6284
12243 2 0 6182 6183 6286
12244 2 0 6182 6286 6285
12245 2 0 6183 6184 6287
12246 2 0 6183 6287 6286
12247 2 0 6184 6185 6288
12248 2 0 6184 6288 6287
12249 2 0 6185 6186 6289
12250 2 0 6185 6289 6288
12251 2 0 6186 6187 6290
12252 2 0 6186 6290 6289
12253 2 0 6187 6188 6291
12254 2 0 6187 6291 6290
12255 2 0 6188 6189 6292
12256 2 0 6188 6292 6291
12257 2 0 6189 6190 6293
12258 2 0 6189 6293 6292
12259 2 0 6190 6191 6294
12260 2 0 6190 6294 6293
12261 2 0 6191 6192 6295
12262 2 0 6191 6295 6294
12263 2 0 6192 6193 6296
12264 2 0 6192 6296 6295
12265 2 0 6193 6194 6297
12266 2 0 6193 6297 6296
12267 2 0 6194 6195 6298
12268 2 0 6194 6298 6297
12269 2 0 6195 6196 6299
12270 2 0 6195 6299 6298
12271 2 0 6196 6197 6300
12272 2 0 6196 6300 6299
12273 2 0 6197 6198 6301
12274 2 0 6197 6301 6300
12275 2 0 6198 6199 6302
12276 2 0 6198 6302 6301
12277 2 0 6199 6200 6303
12278 2 0 6199 6303 6302
12279 2 0 6200 6201 6304
12280 2 0 6200 6304 6303
12281 2 0 6201 6202 6305
12282 2 0 6201 6305 6304
12283 2 0 6202 6203 6306
12284 2 0 6202 6306 6305
12285 2 0 6203 6204 6307
12286 2 0 6203 6307 6306
12287 2 0 6204 6205 6308
12288 2 0 6204 6308 6307
12289 2 0 6205 6206 6309
12290 2 0 6205 6309 6308
12291 2 0 6206 6207 6310
12292 2 0 6206 6310 6309
12293 2 0 6207 6208 6311
12294 2 0 6207 6311 6310
12295 2 0 6208 6209 6312
12296 2 0 6208 6312 6311
12297 2 0 6209 6210 6313
12298 2 0 6209 6313 6312
12299 2 0 6210 6211 6314
12300 2 0 6210 6314 6313
12301 2 0 6211 6212 6315
12302 2 0 6211 6315 6314
12303 2 0 6212 6213 6316
12304 2 0 6212 6316 6315
12305 2 0 6213 6214 6317
12306 2 0 6213 6317 6316
12307 2 0 6214 6215 6318
12308 2 0 6214 6318 6317
12309 2 0 6215 6216 6319
12310 2 0 6215 6319 6318
12311 2 0 6216 6217 6320
12312 2 0 6216 6320 6319
12313 2 0 6217 6218 6321
12314 2 0 6217 6321 6320
12315 2 0 6218 6219 6322
12316 2 0 6218 6322 6321
12317 2 0 6219 6220 6323
12318 2 0 6219 6323 6322
12319 2 0 6220 6221 6324
12320 2 0 6220 6324 6323
12321 2 0 6221 6222 6325
12322 2 0 6221 6325 6324
12323 2 0 6222 6223 6326
12324 2 0 6222 6326 6325
12325 2 0 6223 6224 6327
12326 2 0 6223 6327 6326
12327 2 0 6224 6225 6328
12328 2 0 6224 6328 6327
12329 2 0 6225 6226 6329
12330 2 0 6225 6329 6328
12331 2 0 6226 6227 6330
12332 2 0 6226 6330 6329
12333 2 0 6227 6228 6331
12334 2 0 6227 6331 6330
12335 2 0 6228 6229 6332
12336 2 0 6228 6332 6331
12337 2 0 6229 6230 6333
12338 2 0 6229 6333 6332
12339 2 0 6230 6231 6334
12340 2 0 6230 6334 6333
12341 2 0 6231 6232 6335
12342 2 0 6231 6335 6334
12343 2 0 6232 6233 6336
12344 2 0 6232 6336 6335
12345 2 0 6233 6234 6337
12346 2 0 6233 6337 6336
12347 2 0 6234 6235 6338
12348 2 0 6234 6338 6337
12349 2 0 6235 6236 6339
12350 2 0 6235 6339 6338
12351 2 0 6236 6237 6340
12352 2 0 6236 6340 6339
12353 2 0 6237 6238 6341
12354 2 0 6237 6341 6340
12355 2 0 6238 6239 6342
12356 2 0 6238 6342 6341
12357 2 0 6239 6240 6343
12358 2 0 6239 6343 6342
12359 2 0 6240 6241 6344
12360 2 0 6240 6344 6343
12361 2 0 6241 6242 6345
12362 2 0 6241 6345 6344
12363 2 0 6242 6243 6346
12364 2 0 6242 6346 6345
12365 2 0 6243 6244 6347
12366 2 0 6243 6347 6346
12367 2 0 6244 6245 6348
12368 2 0 6244 6348 6347
12369 2 0 6245 6246 6349
12370 2 0 6245 6349 6348
12371 2 0 6246 6247 6350
12372 2 0 6246 6350 6349
12373 2 0 6247 6248 6351
12374 2 0 6247 6351 6350
12375 2 0 6248 6249 6352
12376 2 0 6248 6352 6351
12377 2 0 6249 6250 6353
12378 2 0 6249 6353 6352
12379 2 0 6250 6251 6354
12380 2 0 6250 6354 6353
12381 2 0 6251 6252 6355
12382 2 0 6251 6355 6354
12383 2 0 6252 6253 6356
12384 2 0 6252 6356 6355
12385 2 0 6253 6254 6357
12386 2 0 6253 6357 6356
12387 2 0 6254 6255 6358
12388 2 0 6254 6358 6357
12389 2 0 6255 6256 6359
12390 2 0 6255 6359 6358
12391 2 0 6256 6257 6360
12392 2 0 6256 6360 6359
12393 2 0 6257 6258 6361
12394 2 0 6257 6361 6360
12395 2 0 6258 6259 6362
12396 2 0 6258 6362 6361
12397 2 0 6259 6260 6363
12398 2 0 6259 6363 6362
12399 2 0 6260 6261 6364
12400 2 0 6260 6364 6363
12401 2 0 6261 6262 6365
12402 2 0 6261 6365 6364
12403 2 0 6262 6263 6366
12404 2 0 6262 6366 6365
12405 2 0 6263 6264 6367
12406 2 0 6263 6367 6366
12407 2 0 6264 6265 6368
12408 2 0 6264 6368 6367
12409 2 0 6265 6266 6369
12410 2 0 6265 6369 6368
12411 2 0 6266 6267 6370
12412 2 0 6266 6370 6369
12413 2 0 6267 6268 6371
12414 2 0 6267 6371 6370
12415 2 0 6268 6269 6372
12416 2 0 6268 6372 6371
12417 2 0 6269 6270 6373
12418 2 0 6269 6373 6372
12419 2 0 6270 6271 6374
12420 2 0 6270 6374 6373
12421 2 0 6271 6272 6375
12422 2 0 6271 6375 6374
12423 2 0 6272 6273 6376
12424 2 0 6272 6376 6375
12425 2 0 6273 6274 6377
12426 2 0 6273 6377 6376
12427 2 0 6274 6275 6378
12428 2 0 6274 6378 6377
12429 2 0 6275 6276 6379
12430 2 0 6275 6379 6378
12431 2 0 6276 6277 6380
12432 2 0 6276 6380 6379
12433 2 0 6277 6278 6381
12434 2 0 6277 6381 6380
12435 2 0 6278 6279 6382
12436 2 0 6278 6382 6381
12437 2 0 6279 6280 6383
12438 2 0 6279 6383 6382
12439 2 0 6280 6281 6384
12440 2 0 6280 6384 6383
12441 2 0 6281 6282 6385
12442 2 0 6281 6385 6384
12443 2 0 6282 6283 6386
12444 2 0 6282 6386 6385
12445 2 0 6284 6285 6388
12446 2 0 6284 6388 6387
12447 2 0 6285 6286 6389
12448 2 0 6285 6389 6388
12449 2 0 6286 6287 6390
12450 2 0 6286 6390 6389
12451 2 0 6287 6288 6391
12452 2 0 6287 6391 6390
12453 2 0 6288 6289 6392
12454 2 0 6288 6392 6391
12455 2 0 6289 6290 6393
12456 2 0 6289 6393 6392
12457 2 0 6290 6291 6394
12458 2 0 6290 6394 6393
12459 2 0 6291 6292 6395
12460 2 0 6291 6395 6394
12461 2 0 6292 6293 6396
12462 2 0 6292 6396 6395
12463 2 0 6293 6294 6397
12464 2 0 6293 6397 6396
12465 2 0 6294 6295 6398
12466 2 0 6294 6398 6397
12467 2 0 6295 6296 6399
12468 2 0 6295 6399 6398
12469 2 0 6296 6297 6400
12470 2 0 6296 6400 6399
12471 2 0 6297 6298 6401
12472 2 0 6297 6401 6400
12473 2 0 6298 6299 6402
12474 2 0 6298 6402 6401
12475 2 0 6299 6300 6403
12476 2 0 6299 6403 6402
12477 2 0 6300 6301 6404
12478 2 0 6300 6404 6403
12479 2 0 6301 6302 6405
12480 2 0 6301 6405 6404
12481 2 0 6302 6303 6406
12482 2 0 6302 6406 6405
12483 2 0 6303 6304 6407
12484 2 0 6303 6407 6406
12485 2 0 6304 6305 6408
12486 2 0 6304 6408 6407
12487 2 0 6305 6306 6409
12488 2 0 6305 6409 6408
12489 2 0 6306 6307 6410
12490 2 0 6306 6410 6409
12491 2 0 6307 6308 6411
12492 2 0 6307 6411 6410
12493 2 0 6308 6309 6412
12494 2 0 6308 6412 6411
12495 2 0 6309 6310 6413
12496 2 0 6309 6413 6412
12497 2 0 6310 6311 6414
12498 2 0 6310 6414 6413
12499 2 0 6311 6312 6415
12500 2 0 6311 6415 6414
12501 2 0 6312 6313 6416
12502 2 0 6312 6416 6415
12503 2 0 6313 6314 6417
12504 2 0 6313 6417 6416
12505 2 0 6314 6315 6418
12506 2 0 6314 6418 6417
12507 2 0 6315 6316 6419
12508 2 0 6315 6419 6418
12509 2 0 6316 6317 6420
12510 2 0 6316 6420 6419
12511 2 0 6317 6318 6421
12512 2 0 6317 6421 6420
12513 2 0 6318 6319 6422
12514 2 0 6318 6422 6421
12515 2 0 6319 6320 6423
12516 2 0 6319 6423 6422
12517 2 0 6320 6321 6424
12518 2 0 6320 6424 6423
12519 2 0 6321 6322 6425
12520 2 0 6321 6425 6424
12521 2 0 6322 6323 6426
12522 2 0 6322 6426 6425
12523 2 0 6323 6324 6427
12524 2 0 6323 6427 6426
12525 2 0 6324 6325 6428
12526 2 0 6324 6428 6427
12527 2 0 6325 6326 6429
12528 2 0 6325 6429 6428
12529 2 0 6326 6327 6430
12530 2 0 6326 6430 6429
12531 2 0 6327 6328 6431
12532 2 0 6327 6431 6430
12533 2 0 6328 6329 6432
12534 2 0 6328 6432 6431
12535 2 0 6329 6330 6433
12536 2 0 6329 6433 6432
12537 2 0 6330 6331 6434
12538 2 0 6330 6434 6433
12539 2 0 6331 6332 6435
12540 2 0 6331 6435 6434
12541 2 0 6332 6333 6436
12542 2 0 6332 6436 6435
12543 2 0 6333 6334 6437
12544 2 0 6333 6437 6436
12545 2 0 6334 6335 6438
12546 2 0 6334 6438 6437
12547 2 0 6335 6336 6439
12548 2 0 6335 6439 6438
12549 2 0 6336 6337 6440
12550 2 0 6336 6440 6439
12551 2 0 6337 6338 6441
12552 2 0 6337 6441 6440
12553 2 0 6338 6339 6442
12554 2 0 6338 6442 6441
12555 2 0 6339 6340 6443
12556 2 0 6339 6443 6442
12557 2 0 6340 6341 6444
12558 2 0 6340 6444 6443
12559 2 0 6341 6342 6445
12560 2 0 6341 6445 6444
12561 2 0 6342 6343 6446
12562 2 0 6342 6446 6445
12563 2 0 6343 6344 6447
12564 2 0 6343 6447 6446
12565 2 0 6344 6345 6448
12566 2 0 6344 6448 6447
12567 2 0 6345 6346 6449
12568 2 0 6345 6449 6448
12569 2 0 6346 6347 6450
12570 2 0 6346 6450 6449
12571 2 0 6347 6348 6451
12572 2 0 6347 6451 6450
12573 2 0 6348 6349 6452
12574 2 0 6348 6452 6451
12575 2 0 6349 6350 6453
12576 2 0 6349 6453 6452
12577 2 0 6350 6351 6454
12578 2 0 6350 6454 6453
12579 2 0 6351 6352 6455
12580 2 0 6351 6455 6454
12581 2 0 6352 6353 6456
12582 2 0 6352 6456 6455
12583 2 0 6353 6354 6457
12584 2 0 6353 6457 6456
12585 2 0 6354 6355 6458
12586 2 0 6354 6458 6457
12587 2 0 6355 6356 6459
12588 2 0 6355 6459 6458
12589 2 0 6356 6357 6460
12590 2 0 6356 6460 6459
12591 2 0 6357 6358 6461
12592 2 0 6357 6461 6460
12593 2 0 6358 6359 6462
12594 2 0 6358 6462 6461
12595 2 0 6359 6360 6463
12596 2 0 6359 6463 6462
12597 2 0 6360 6361 6464
12598 2 0 6360 6464 6463
12599 2 0 6361 6362 6465
12600 2 0 6361 6465 6464
12601 2 0 6362 6363 6466
12602 2 0 6362 6466 6465
12603 2 0 6363 6364 6467
12604 2 0 6363 6467 6466
12605 2 0 6364 6365 6468
12606 2 0 6364 6468 6467
12607 2 0 6365 6366 6469
12608 2 0 6365 6469 6468
12609 2 0 6366 6367 6470
12610 2 0 6366 6470 6469
12611 2 0 6367 6368 6471
12612 2 0 6367 6471 6470
12613 2 0 6368 6369 6472
12614 2 0 6368 6472 6471
12615 2 0 6369 6370 6473
12616 2 0 6369 6473 6472
12617 2 0 6370 6371 6474
12618 2 0 6370 6474 6473
12619 2 0 6371 6372 6475
12620 2 0 6371 6475 6474
12621 2 0 6372 6373 6476
12622 2 0 6372 6476 6475
12623 2 0 6373 6374 6477
12624 2 0 6373 6477 6476
12625 2 0 6374 6375 6478
12626 2 0 6374 6478 6477
12627 2 0 6375 6376 6479
12628 2 0 6375 6479 6478
12629 2 0 6376 6377 6480
12630 2 0 6376 6480 6479
12631 2 0 6377 6378 6481
12632 2 0 6377 6481 6480
12633 2 0 6378 6379 6482
12634 2 0 6378 6482 6481
12635 2 0 6379 6380 6483
12636 2 0 6379 6483 6482
12637 2 0 6380 6381 6484
12638 2 0 6380 6484 6483
12639 2 0 6381 6382 6485
12640 2 0 6381 6485 6484
12641 2 0 6382 6383 6486
12642 2 0 6382 6486 6485
12643 2 0 6383 6384 6487
12644 2 0 6383 6487 6486
12645 2 0 6384 6385 6488
12646 2 0 6384 6488 6487
12647 2 0 6385 6386 6489
12648 2 0 6385 6489 6488
12649 2 0 6387 6388 6491
12650 2 0 6387 6491 6490
12651 2 0 6388 6389 6492
12652 2 0 6388 6492 6491
12653 2 0 6389 6390 6493
12654 2 0 6389 6493 6492
12655 2 0 6390 6391 6494
12656 2 0 6390 6494 6493
12657 2 0 6391 6392 6495
12658 2 0 6391 6495 6494
12659 2 0 6392 6393 6496
12660 2 0 6392 6496 6495
12661 2 0 6393 6394 6497
12662 2 0 6393 6497 6496
12663 2 0 6394 6395 6498
12664 2 0 6394 6498 6497
12665 2 0 6395 6396 6499
12666 2 0 6395 6499 6498
12667 2 0 6396 6397 6500
12668 2 0 6396 6500 6499
12669 2 0 6397 6398 6501
12670 2 0 6397 6501 6500
12671 2 0 6398 6399 6502
12672 2 0 6398 6502 6501
12673 2 0 6399 6400 6503
12674 2 0 6399 6503 6502
12675 2 0 6400 6401 6504
12676 2 0 6400 6504 6503
12677 2 0 6401 6402 6505
12678 2 0 6401 6505 6504
12679 2 0 6402 6403 6506
12680 2 0 6402 6506 6505
12681 2 0 6403 6404 6507
12682 2 0 6403 6507 6506
12683 2 0 6404 6405 6508
12684 2 0 6404 6508 6507
12685 2 0 6405 6406 6509
12686 2 0 6405 6509 6508
12687 2 0 6406 6407 6510
12688 2 0 6406 6510 6509
12689 2 0 6407 6408 6511
12690 2 0 6407 6511 6510
12691 2 0 6408 6409 6512
12692 2 0 6408 6512 6511
12693 2 0 6409 6410 6513
12694 2 0 6409 6513 6512
12695 2 0 6410 6411 6514
12696 2 0 6410 6514 6513
12697 2 0 6411 6412 6515
12698 2 0 6411 6515 6514
12699 2 0 6412 6413 6516
12700 2 0 6412 6516 6515
12701 2 0 6413 6414 6517
12702 2 0 6413 6517 6516
12703 2 0 6414 6415 6518
12704 2 0 6414 6518 6517
12705 2 0 6415 6416 6519
12706 2 0 6415 6519 6518
12707 2 0 6416 6417 6520
12708 2 0 6416 6520 6519
12709 2 0 6417 6418 6521
12710 2 0 6417 6521 6520
12711 2 0 6418 6419 6522
12712 2 0 6418 6522 6521
12713 2 0 6419 6420 6523
12714 2 0 6419 6523 6522
12715 2 0 6420 6421 6524
12716 2 0 6420 6524 6523
12717 2 0 6421 6422 6525
12718 2 0 6421 6525 6524
12719 2 0 6422 6423 6526
12720 2 0 6422 6526 6525
12721 2 0 6423 6424 6527
12722 2 0 6423 6527 6526
12723 2 0 6424 6425 6528
12724 2 0 6424 6528 6527
12725 2 0 6425 6426 6529
12726 2 0 6425 6529 6528
12727 2 0 6426 6427 6530
12728 2 0 6426 6530 6529
12729 2 0 6427 6428 6531
12730 2 0 6427 6531 6530
12731 2 0 6428 6429 6532
12732 2 0 6428 6532 6531
12733 2 0 6429 6430 6533
12734 2 0 6429 6533 6532
12735 2 0 6430 6431 6534
12736 2 0 6430 6534 6533
12737 2 0 6431 6432 6535
12738 2 0 6431 6535 6534
12739 2 0 6432 6433 6536
12740 2 0 6432 6536 6535
12741 2 0 6433 6434 6537
12742 2 0 6433 6537 6536
12743 2 0 6434 6435 6538
12744 2 0 6434 6538 6537
12745 2 0 6435 6436 6539
12746 2 0 6435 6539 6538
12747 2 0 6436 6437 6540
12748 2 0 6436 6540 6539
12749 2 0 6437 6438 6541
12750 2 0 6437 6541 6540
12751 2 0 6438 6439 6542
12752 2 0 6438 6542 6541
12753 2 0 6439 6440 6543
12754 2 0 6439 6543 6542
12755 2 0 6440 6441 6544
12756 2 0 6440 6544 6543
12757 2 0 6441 6442 6545
12758 2 0 6441 6545 6544
12759 2 0 6442 6443 6546
12760 2 0 6442 6546 6545
12761 2 0 6443 6444 6547
12762 2 0 6443 6547 6546
12763 2 0 6444 6445 6548
12764 2 0 6444 6548 6547
12765 2 0 6445 6446 6549
12766 2 0 6445 6549 6548
12767 2 0 6446 6447 6550
12768 2 0 6446 6550 6549
12769 2 0 6447 6448 6551
12770 2 0 6447 6551 6550
12771 2 0 6448 6449 6552
12772 2 0 6448 6552 6551
12773 2 0 6449 6450 6553
12774 2 0 6449 6553 6552
12775 2 0 6450 6451 6554
12776 2 0 6450 6554 6553
12777 2 0 6451 6452 6555
12778 2 0 6451 6555 6554
12779 2 0 6452 6453 6556
12780 2 0 6452 6556 6555
12781 2 0 6453 6454 6557
12782 2 0 6453 6557 6556
12783 2 0 6454 6455 6558
12784 2 0 6454 6558 6557
12785 2 0 6455 6456 6559
12786 2 0 6455 6559 6558
12787 2 0 6456 6457 6560
12788 2 0 6456 6560 6559
12789 2 0 6457 6458 6561
12790 2 0 6457 6561 6560
12791 2 0 6458 6459 6562
12792 2 0 6458 6562 6561
12793 2 0 6459 6460 6563
12794 2 0 6459 6563 6562
12795 2 0 6460 6461 6564
12796 2 0 6460 6564 6563
12797 2 0 6461 6462 6565
12798 2 0 6461 6565 6564
12799 2 0 6462 6463 6566
12800 2 0 6462 6566 6565
12801 2 0 6463 6464 6567
12802 2 0 6463 6567 6566
12803 2 0 6464 6465 6568
12804 2 0 6464 6568 6567
12805 2 0 6465 6466 6569
12806 2 0 6465 6569 6568
12807 2 0 6466 6467 6570
12808 2 0 6466 6570 6569
12809 2 0 6467 6468 6571
12810 2 0 6467 6571 6570
12811 2 0 6468 6469 6572
12812 2 0 6468 6572 6571
12813 2 0 6469 6470 6573
12814 2 0 6469 6573 6572
12815 2 0 6470 6471 6574
12816 2 0 6470 6574 6573
12817 2 0 6471 6472 6575
12818 2 0 6471 6575 6574
12819 2 0 6472 6473 6576
12820 2 0 6472 6576 6575
12821 2 0 6473 6474 6577
12822 2 0 6473 6577 6576
12823 2 0 6474 6475 6578
12824 2 0 6474 6578 6577
12825 2 0 6475 6476 6579
12826 2 0 6475 6579 6578
12827 2 0 6476 6477 6580
12828 2 0 6476 6580 6579
12829 2 0 6477 6478 6581
12830 2 0 6477 6581 6580
12831 2 0 6478 6479 6582
12832 2 0 6478 6582 6581
12833 2 0 6479 6480 6583
12834 2 0 6479 6583 6582
12835 2 0 6480 6481 6584
12836 2 0 6480 6584 6583
12837 2 0 6481 6482 6585
12838 2 0 6481 6585 6584
12839 2 0 6482 6483 6586
12840 2 0 6482 6586 6585
12841 2 0 6483 6484 6587
12842 2 0 6483 6587 6586
12843 2 0 6484 6485 6588
12844 2 0 6484 6588 6587
12845 2 0 6485 6486 6589
12846 2 0 6485 6589 6588
12847 2 0 6486 6487 6590
12848 2 0 6486 6590 6589
12849 2 0 6487 6488 6591
12850 2 0 6487 6591 6590
12851 2 0 6488 6489 6592
12852 2 0 6488 6592 6591
12853 2 0 6490 6491 6594
12854 2 0 6490 6594 6593
12855 2 0 6491 6492 6595
12856 2 0 6491 6595 6594
12857 2 0 6492 6493 6596
12858 2 0 6492 6596 6595
12859 2 0 6493 6494 6597
12860 2 0 6493 6597 6596
12861 2 0 6494 6495 6598
12862 2 0 6494 6598 6597
12863 2 0 6495 6496 6599
12864 2 0 6495 6599 6598
12865 2 0 6496 6497 6600
12866 2 0 6496 6600 6599
12867 2 0 6497 6498 6601
12868 2 0 6497 6601 6600
12869 2 0 6498 6499 6602
12870 2 0 6498 6602 6601
12871 2 0 6499 6500 6603
12872 2 0 6499 6603 6602
12873 2 0 6500 6501 6604
12874 2 0 6500 6604 6603
12875 2 0 6501 6502 6605
12876 2 0 6501 6605 6604
12877 2 0 6502 6503 6606
12878 2 0 6502 6606 6605
12879 2 0 6503 6504 6607
12880 2 0 6503 6607 6606
12881 2 0 6504 6505 6608
12882 2 0 6504 6608 6607
12883 2 0 6505 6506 6609
12884 2 0 6505 6609 6608
12885 2 0 6506 6507 6610
12886 2 0 6506 6610 6609
12887 2 0 6507 6508 6611
12888 2 0 6507 6611 6610
12889 2 0 6508 6509 6612
12890 2 0 6508 6612 6611
12891 2 0 6509 6510 6613
12892 2 0 6509 6613 6612
12893 2 0 6510 6511 6614
12894 2 0 6510 6614 6613
12895 2 0 6511 6512 6615
12896 2 0 6511 6615 6614
12897 2 0 6512 6513 6616
12898 2 0 6512 6616 6615
12899 2 0 6513 6514 6617
12900 2 0 6513 6617 6616
12901 2 0 6514 6515 6618
12902 2 0 6514 6618 6617
12903 2 0 6515 6516 6619
12904 2 0 6515 6619 6618
12905 2 0 6516 6517 6620
12906 2 0 6516 6620 6619
12907 2 0 6517 6518 6621
12908 2 0 6517 6621 6620
12909 2 0 6518 6519 6622
12910 2 0 6518 6622 6621
12911 2 0 6519 6520 6623
12912 2 0 6519 6623 6622
12913 2 0 6520 6521 6624
12914 2 0 6520 6624 6623
12915 2 0 6521 6522 6625
12916 2 0 6521 6625 6624
12917 2 0 6522 6523 6626
12918 2 0 6522 6626 6625
12919 2 0 6523 6524 6627
12920 2 0 6523 6627 6626
12921 2 0 6524 6525 6628
12922 2 0 6524 6628 6627
12923 2 0 6525 6526 6629
12924 2 0 6525 6629 6628
12925 2 0 6526 6527 6630
12926 2 0 6526 6630 6629
12927 2 0 6527 6528 6631
12928 2 0 6527 6631 6630
12929 2 0 6528 6529 6632
12930 2 0 6528 6632 6631
12931 2 0 6529 6530 6633
12932 2 0 6529 6633 6632
12933 2 0 6530 6531 6634
12934 2 0 6530 6634 6633
12935 2 0 6531 6532 6635
12936 2 0 6531 6635 6634
12937 2 0 6532 6533 6636
12938 2 0 6532 6636 6635
12939 2 0 6533 6534 6637
12940 2 0 6533 6637 6636
12941 2 0 6534 6535 6638
12942 2 0 6534 6638 6637
12943 2 0 6535 6536 6639
12944 2 0 6535 6639 6638
12945 2 0 6536 6537 6640
12946 2 0 6536 6640 6639
12947 2 0 6537 6538 6641
12948 2 0 6537 6641 6640
12949 2 0 6538 6539 6642
12950 2 0 6538 6642 6641
12951 2 0 6539 6540 6643
12952 2 0 6539 6643 6642
12953 2 0 6540 6541 6644
12954 2 0 6540 6644 6643
12955 2 0 6541 6542 6645
12956 2 0 6541 6645 6644
12957 2 0 6542 6543 6646
12958 2 0 6542 6646 6645
12959 2 0 6543 6544 6647
12960 2 0 6543 6647 6646
12961 2 0 6544 6545 6648
12962 2 0 6544 6648 6647
12963 2 0 6545 6546 6649
12964 2 0 6545 6649 6648
12965 2 0 6546 6547 6650
12966 2 0 6546 6650 6649
12967 2 0 6547 6548 6651
12968 2 0 6547 6651 6650
12969 2 0 6548 6549 6652
12970 2 0 6548 6652 6651
12971 2 0 6549 6550 6653
12972 2 0 6549 6653 6652
12973 2 0 6550 6551 6654
12974 2 0 6550 6654 6653
12975 2 0 6551 6552 6655
12976 2 0 6551 6655 6654
12977 2 0 6552 6553 6656
12978 2 0 6552 6656 6655
12979 2 0 6553 6554 6657
12980 2 0 6553 6657 6656
12981 2 0 6554 6555 6658
12982 2 0 6554 6658 6657
12983 2 0 6555 6556 6659
12984 2 0 6555 6659 6658
12985 2 0 6556 6557 6660
12986 2 0 6556 6660 6659
12987 2 0 6557 6558 6661
12988 2 0 6557 6661 6660
12989 2 0 6558 6559 6662
12990 2 0 6558 6662 6661
12991 2 0 6559 6560 6663
12992 2 0 6559 6663 6662
12993 2 0 6560 6561 6664
12994 2 0 6560 6664 6663
12995 2 0 6561 6562 6665
12996 2 0 6561 6665 6664
12997 2 0 6562 6563 6666
12998 2 0 6562 6666 6665
12999 2 0 6563 6564 6667
13000 2 0 6563 6667 6666
13001 2 0 6564 6565 6668
13002 2 0 6564 6668 6667
13003 2 0 6565 6566 6669
13004 2 0 6565 6669 6668
13005 2 0 6566 6567 6670
13006 2 0 6566 6670 6669
13007 2 0 6567 6568 6671
13008 2 0 6567 6671 6670
13009 2 0 6568 6569 6672
13010 2 0 6568 6672 6671
13011 2 0 6569 6570 6673
13012 2 0 6569 6673 6672
13013 2 0 6570 6571 6674
13014 2 0 6570 6674 6673
13015 2 0 6571 6572 6675
13016 2 0 6571 6675 6674
13017 2 0 6572 6573 6676
13018 2 0 6572 6676 6675
13019 2 0 6573 6574 6677
13020 2 0 6573 6677 6676
13021 2 0 6574 6575 6678
13022 2 0 6574 6678 6677
13023 2 0 6575 6576 6679
13024 2 0 6575 6679 6678
13025 2 0 6576 6577 6680
13026 2 0 6576 6680 6679
13027 2 0 6577 6578 6681
13028 2 0 6577 6681 6680
13029 2 0 6578 6579 6682
13030 2 0 6578 6682 6681
13031 2 0 6579 6580 6683
13032 2 0 6579 6683 6682
13033 2 0 6580 6581 6684
13034 2 0 6580 6684 6683
13035 2 0 6581 6582 6685
13036 2 0 6581 6685 6684
13037 2 0 6582 6583 6686
13038 2 0 6582 6686 6685
13039 2 0 6583 6584 6687
13040 2 0 6583 6687 6686
13041 2 0 6584 6585 6688
13042 2 0 6584 6688 6687
13043 2 0 6585 6586 6689
13044 2 0 6585 6689 6688
13045 2 0 6586 6587 6690
13046 2 0 6586 6690 6689
13047 2 0 6587 6588 6691
13048 2 0 6587 6691 6690
13049 2 0 6588 6589 6692
13050 2 0 6588 6692 6691
13051 2 0 6589 6590 6693
13052 2 0 6589 6693 6692
13053 2 0 6590 6591 6694
13054 2 0 6590 6694 6693
13055 2 0 6591 6592 6695
13056 2 0 6591 6695 6694
13057 2 0 6593 6594 6697
13058 2 0 6593 6697 6696
13059 2 0 6594 6595 6698
13060 2 0 6594 6698 6697
13061 2 0 6595 6596 6699
13062 2 0 6595 6699 6698
13063 2 0 6596 6597 6700
13064 2 0 6596 6700 6699
13065 2 0 6597 6598 6701
13066 2 0 6597 6701 6700
13067 2 0 6598 6599 6702
13068 2 0 6598 6702 6701
13069 2 0 6599 6600 6703
13070 2 0 6599 6703 6702
13071 2 0 6600 6601 6704
13072 2 0 6600 6704 6703
13073 2 0 6601 6602 6705
13074 2 0 6601 6705 6704
13075 2 0 6602 6603 6706
13076 2 0 6602 6706 6705
13077 2 0 6603 6604 6707
13078 2 0 6603 6707 6706
13079 2 0 6604 6605 6708
13080 2 0 6604 6708 6707
13081 2 0 6605 6606 6709
13082 2 0 6605 6709 6708
13083 2 0 6606 6607 6710
13084 2 0 6606 6710 6709
13085 2 0 6607 6608 6711
13086 2 0 6607 6711 6710
13087 2 0 6608 6609 6712
13088 2 0 6608 6712 6711
13089 2 0 6609 6610 6713
13090 2 0 6609 6713 6712
13091 2 0 6610 6611 6714
13092 2 0 6610 6714 6713
13093 2 0 6611 6612 6715
13094 2 0 6611 6715 6714
13095 2 0 6612 6613 6716
13096 2 0 6612 6716 6715
13097 2 0 6613 6614 6717
13098 2 0 6613 6717 6716
13099 2 0 6614 6615 6718
13100 2 0 6614 6718 6717
13101 2 0 6615 6616 6719
13102 2 0 6615 6719 6718
13103 2 0 6616 6617 6720
13104 2 0 6616 6720 6719
13105 2 0 6617 6618 6721
13106 2 0 6617 6721 6720
13107 2 0 6618 6619 6722
13108 2 0 6618 6722 6721
13109 2 0 6619 6620 6723
13110 2 0 6619 6723 6722
13111 2 0 6620 6621 6724
13112 2 0 6620 6724 6723
13113 2 0 6621 6622 6725
13114 2 0 6621 6725 6724
13115 2 0 6622 6623 6726
13116 2 0 6622 6726 6725
13117 2 0 6623 6624 6727
13118 2 0 6623 6727 6726
13119 2 0 6624 6625 6728
13120 2 0 6624 6728 6727
13121 2 0 6625 6626 6729
13122 2 0 6625 6729 6728
13123 2 0 6626 6627 6730
13124 2 0 6626 6730 6729
13125 2 0 6627 6628 6731
13126 2 0 6627 6731 6730
13127 2 0 6628 6629 6732
13128 2 0 6628 6732 6731
13129 2 0 6629 6630 6733
13130 2 0 6629 6733 6732
13131 2 0 6630 6631 6734
13132 2 0 6630 6734 6733
13133 2 0 6631 6632 6735
13134 2 0 6631 6735 6734
13135 2 0 6632 6633 6736
13136 2 0 6632 6736 6735
13137 2 0 6633 6634 6737
13138 2 0 6633 6737 6736
13139 2 0 6634 6635 6738
13140 2 0 6634 6738 6737
13141 2 0 6635 6636 6739
13142 2 0 6635 6739 6738
13143 2 0 6636 6637 6740
13144 2 0 6636 6740 6739
13145 2 0 6637 6638 6741
13146 2 0 6637 6741 6740
13147 2 0 6638 6639 6742
13148 2 0 6638 6742 6741
13149 2 0 6639 6640 6743
13150 2 0 6639 6743 6742
13151 2 0 6640 6641 6744
13152 2 0 6640 6744 6743
13153 2 0 6641 6642 6745
13154 2 0 6641 6745 6744
13155 2 0 6642 6643 6746
13156 2 0 6642 6746 6745
13157 2 0 6643 6644 6747
13158 2 0 6643 6747 6746
13159 2 0 6644 6645 6748
13160 2 0 6644 6748 6747
13161 2 0 6645 6646 6749
13162 2 0 6645 6749 6748
13163 2 0 6646 6647 6750
13164 2 0 6646 6750 6749
13165 2 0 6647 6648 6751
13166 2 0 6647 6751 6750
13167 2 0 6648 6649 6752
13168 2 0 6648 6752 6751
13169 2 0 6649 6650 6753
13170 2 0 6649 6753 6752
13171 2 0 6650 6651 6754
13172 2 0 6650 6754 6753
13173 2 0 6651 6652 6755
13174 2 0 6651 6755 6754
13175 2 0 6652 6653 6756
13176 2 0 6652 6756 6755
13177 2 0 6653 6654 6757
13178 2 0 6653 6757 6756
13179 2 0 6654 6655 6758
13180 2 0 6654 6758 6757
13181 2 0 6655 6656 6759
13182 2 0 6655 6759 6758
13183 2 0 6656 6657 6760
13184 2 0 6656 6760 6759
13185 2 0 6657 6658 6761
13186 2 0 6657 6761 6760
13187 2 0 6658 6659 6762
13188 2 0 6658 6762 6761
13189 2 0 6659 6660 6763
13190 2 0 6659 6763 6762
13191 2 0 6660 6661 6764
13192 2 0 6660 6764 6763
13193 2 0 6661 6662 6765
13194 2 0 6661 6765 6764
13195 2 0 6662 6663 6766
13196 2 0 6662 6766 6765
13197 2 0 6663 6664 6767
13198 2 0 6663 6767 6766
13199 2 0 6664 6665 6768
13200 2 0 6664 6768 6767
13201 2 0 6665 6666 6769
13202 2 0 6665 6769 6768
13203 2 0 6666 6667 6770
13204 2 0 6666 6770 6769
13205 2 0 6667 6668 6771
13206 2 0 6667 6771 6770
13207 2 0 6668 6669 6772
13208 2 0 6668 6772 6771
13209 2 0 6669 6670 6773
13210 2 0 6669 6773 6772
13211 2 0 6670 6671 6774
13212 2 0 6670 6774 6773
13213 2 0 6671 6672 6775
13214 2 0 6671 6775 6774
13215 2 0 6672 6673 6776
13216 2 0 6672 6776 6775
13217 2 0 6673 6674 6777
13218 2 0 6673 6777 6776
13219 2 0 6674 6675 6778
13220 2 0 6674 6778 6777
13221 2 0 6675 6676 6779
13222 2 0 6675 6779 6778
13223 2 0 6676 6677 6780
13224 2 0 6676 6780 6779
13225 2 0 6677 6678 6781
13226 2 0 6677 6781 6780
13227 2 0 6678 6679 6782
13228 2 0 6678 6782 6781
13229 2 0 6679 6680 6783
13230 2 0 6679 6783 6782
13231 2 0 6680 6681 6784
13232 2 0 6680 6784 6783
13233 2 0 6681 6682 6785
13234 2 0 6681 6785 6784
13235 2 0 6682 6683 6786
13236 2 0 6682 6786 6785
13237 2 0 6683 6684 6787
13238 2 0 6683 6787 6786
13239 2 0 6684 6685 6788
13240 2 0 6684 6788 6787
13241 2 0 6685 6686 6789
13242 2 0 6685 6789 6788
13243 2 0 6686 6687 6790
13244 2 0 6686 6790 6789
13245 2 0 6687 6688 6791
13246 2 0 6687 6791 6790
13247 2 0 6688 6689 6792
13248 2 0 6688 6792 6791
13249 2 0 6689 6690 6793
13250 2 0 6689 6793 6792
13251 2 0 6690 6691 6794
13252 2 0 6690 6794 6793
13253 2 0 6691 6692 6795
13254 2 0 6691 6795 6794
13255 2 0 6692 6693 6796
13256 2 0 6692 6796 6795
13257 2 0 6693 6694 6797
13258 2 0 6693 6797 6796
13259 2 0 6694 6695 6798
13260 2 0 6694 6798 6797
13261 2 0 6696 6697 6800
13262 2 0 6696 6800 6799
13263 2 0 6697 6698 6801
13264 2 0 6697 6801 6800
13265 2 0 6698 6699 6802
13266 2 0 6698 6802 6801
13267 2 0 6699 6700 6803
13268 2 0 6699 6803 6802
13269 2 0 6700 6701 6804
13270 2 0 6700 6804 6803
13271 2 0 6701 6702 6805
13272 2 0 6701 6805 6804
13273 2 0 6702 6703 6806
13274 2 0 6702 6806 6805
13275 2 0 6703 6704 6807
13276 2 0 6703 6807 6806
13277 2 0 6704 6705 6808
13278 2 0 6704 6808 6807
13279 2 0 6705 6706 6809
13280 2 0 6705 6809 6808
13281 2 0 6706 6707 6810
13282 2 0 6706 6810 6809
13283 2 0 6707 6708 6811
13284 2 0 6707 6811 6810
13285 2 0 6708 6709 6812
13286 2 0 6708 6812 6811
13287 2 0 6709 6710 6813
13288 2 0 6709 6813 6812
13289 2 0 6710 6711 6814
13290 2 0 6710 6814 6813
13291 2 0 6711 6712 6815
13292 2 0 6711 6815 6814
13293 2 0 6712 6713 6816
13294 2 0 6712 6816 6815
13295 2 0 6713 6714 6817
13296 2 0 6713 6817 6816
13297 2 0 6714 6715 6818
13298 2 0 6714 6818 6817
13299 2 0 6715 6716 6819
13300 2 0 6715 6819 6818
13301 2 0 6716 6717 6820
13302 2 0 6716 6820 6819
13303 2 0 6717 6718 6821
13304 2 0 6717 6821 6820
13305 2 0 6718 6719 6822
13306 2 0 6718 6822 6821
13307 2 0 6719 6720 6823
13308 2 0 6719 6823 6822
13309 2 0 6720 6721 6824
13310 2 0 6720 6824 6823
13311 2 0 6721 6722 6825
13312 2 0 6721 6825 6824
13313 2 0 6722 6723 6826
13314 2 0 6722 6826 6825
13315 2 0 6723 6724 6827
13316 2 0 6723 6827 6826
13317 2 0 6724 6725 6828
13318 2 0 6724 6828 6827
13319 2 0 6725 6726 6829
13320 2 0 6725 6829 6828
13321 2 0 6726 6727 6830
13322 2 0 6726 6830 6829
13323 2 0 6727 6728 6831
13324 2 0 6727 6831 6830
13325 2 0 6728 6729 6832
13326 2 0 6728 6832 6831
13327 2 0 6729 6730 6833
13328 2 0 6729 6833 6832
13329 2 0 6730 6731 6834
13330 2 0 6730 6834 6833
13331 2 0 6731 6732 6835
13332 2 0 6731 6835 6834
13333 2 0 6732 6733 6836
13334 2 0 6732 6836 6835
13335 2 0 6733 6734 6837
13336 2 0 6733 6837 6836
13337 2 0 6734 6735 6838
13338 2 0 6734 6838 6837
13339 2 0 6735 6736 6839
13340 2 0 6735 6839 6838
13341 2 0 6736 6737 6840
13342 2 0 6736 6840 6839
13343 2 0 6737 6738 6841
13344 2 0 6737 6841 6840
13345 2 0 6738 6739 6842
13346 2 0 6738 6842 6841
13347 2 0 6739 6740 6843
13348 2 0 6739 6843 6842
13349 2 0 6740 6741 6844
13350 2 0 6740 6844 6843
13351 2 0 6741 6742 6845
13352 2 0 6741 6845 6844
13353 2 0 6742 6743 6846
13354 2 0 6742 6846 6845
13355 2 0 6743 6744 6847
13356 2 0 6743 6847 6846
13357 2 0 6744 6745 6848
13358 2 0 6744 6848 6847
13359 2 0 6745 6746 6849
13360 2 0 6745 6849 6848
13361 2 0 6746 6747 6850
13362 2 0 6746 6850 6849
13363 2 0 6747 6748 6851
13364 2 0 6747 6851 6850
13365 2 0 6748 6749 6852
13366 2 0 6748 6852 6851
13367 2 0 6749 6750 6853
13368 2 0 6749 6853 6852
13369 2 0 6750 6751 6854
13370 2 0 6750 6854 6853
13371 2 0 6751 6752 6855
13372 2 0 6751 6855 6854
13373 2 0 6752 6753 6856
13374 2 0 6752 6856 6855
13375 2 0 6753 6754 6857
13376 2 0 6753 6857 6856
13377 2 0 6754 6755 6858
13378 2 0 6754 6858 6857
13379 2 0 6755 6756 6859
13380 2 0 6755 6859 6858
13381 2 0 6756 6757 6860
13382 2 0 6756 6860 6859
13383 2 0 6757 6758 6861
13384 2 0 6757 6861 6860
13385 2 0 6758 6759 6862
13386 2 0 6758 6862 6861
13387 2 0 6759 6760 6863
13388 2 0 6759 6863 6862
13389 2 0 6760 6761 6864
13390 2 0 6760 6864 6863
13391 2 0 6761 6762 6865
13392 2 0 6761 6865 6864
13393 2 0 6762 6763 6866
13394 2 0 6762 6866 6865
13395 2 0 6763 6764 6867
13396 2 0 6763 6867 6866
13397 2 0 6764 6765 6868
13398 2 0 6764 6868 6867
13399 2 0 6765 6766 6869
13400 2 0 6765 6869 6868
13401 2 0 6766 6767 6870
13402 2 0 6766 6870 6869
13403 2 0 6767 6768 6871
13404 2 0 6767 6871 6870
13405 2 0 6768 6769 6872
13406 2 0 6768 6872 6871
13407 2 0 6769 6770 6873
13408 2 0 6769 6873 6872
13409 2 0 6770 6771 6874
13410 2 0 6770 6874 6873
13411 2 0 6771 6772 6875
13412 2 0 6771 6875 6874
13413 2 0 6772 6773 6876
13414 2 0 6772 6876 6875
13415 2 0 6773 6774 6877
13416 2 0 6773 6877 6876
13417 2 0 6774 6775 6878
13418 2 0 6774 6878 6877
13419 2 0 6775 6776 6879
13420 2 0 6775 6879 6878
13421 2 0 6776 6777 6880
13422 2 0 6776 6880 6879
13423 2 0 6777 6778 6881
13424 2 0 6777 6881 6880
13425 2 0 6778 6779 6882
13426 2 0 6778 6882 6881
13427 2 0 6779 6780 6883
13428 2 0 6779 6883 6882
13429 2 0 6780 6781 6884
13430 2 0 6780 6884 6883
13431 2 0 6781 6782 6885
13432 2 0 6781 6885 6884
13433 2 0 6782 6783 6886
13434 2 0 6782 6886 6885
13435 2 0 6783 6784 6887
13436 2 0 6783 6887 6886
13437 2 0 6784 6785 6888
13438 2 0 6784 6888 6887
13439 2 0 6785 6786 6889
13440 2 0 6785 6889 6888
13441 2 0 6786 6787 6890
13442 2 0 6786 6890 6889
13443 2 0 6787 6788 6891
13444 2 0 6787 6891 6890
13445 2 0 6788 6789 6892
13446 2 0 6788 6892 6891
13447 2 0 6789 6790 6893
13448 2 0 6789 6893 6892
13449 2 0 6790 6791 6894
13450 2 0 6790 6894 6893
13451 2 0 6791 6792 6895
13452 2 0 6791 6895 6894
13453 2 0 6792 6793 6896
13454 2 0 6792 6896 6895
13455 2 0 6793 6794 6897
13456 2 0 6793 6897 6896
13457 2 0 6794 6795 6898
13458 2 0 6794 6898 6897
13459 2 0 6795 6796 6899
13460 2 0 6795 6899 6898
13461 2 0 6796 6797 6900
13462 2 0 6796 6900 6899
13463 2 0 6797 6798 6901
13464 2 0 6797 6901 6900
13465 2 0 6799 6800 6903
13466 2 0 6799 6903 6902
13467 2 0 6800 6801 6904
13468 2 0 6800 6904 6903
13469 2 0 6801 6802 6905
13470 2 0 6801 6905 6904
13471 2 0 6802 6803 6906
13472 2 0 6802 6906 6905
13473 2 0 6803 6804 6907
13474 2 0 6803 6907 6906
13475 2 0 6804 6805 6908
13476 2 0 6804 6908 6907
13477 2 0 6805 6806 6909
13478 2 0 6805 6909 6908
13479 2 0 6806 6807 6910
13480 2 0 6806 6910 6909
13481 2 0 6807 6808 6911
13482 2 0 6807 6911 6910
13483 2 0 6808 6809 6912
13484 2 0 6808 6912 6911
13485 2 0 6809 6810 6913
13486 2 0 6809 6913 6912
13487 2 0 6810 6811 6914
13488 2 0 6810 6914 6913
13489 2 0 6811 6812 6915
13490 2 0 6811 6915 6914
13491 2 0 6812 6813 6916
13492 2 0 6812 6916 6915
13493 2 0 6813 6814 6917
13494 2 0 6813 6917 6916
13495 2 0 6814 6815 6918
13496 2 0 6814 6918 6917
13497 2 0 6815 6816 6919
13498 2 0 6815 6919 6918
13499 2 0 6816 6817 6920
13500 2 0 6816 6920 6919
13501 2 0 6817 6818 6921
13502 2 0 6817 6921 6920
13503 2 0 6818 6819 6922
13504 2 0 6818 6922 6921
13505 2 0 6819 6820 6923
13506 2 0 6819 6923 6922
13507 2 0 6820 6821 6924
13508 2 0 6820 6924 6923
13509 2 0 6821 6822 6925
13510 2 0 6821 6925 6924
13511 2 0 6822 6823 6926
13512 2 0 6822 6926 6925
13513 2 0 6823 6824 6927
13514 2 0 6823 6927 6926
13515 2 0 6824 6825 6928
13516 2 0 6824 6928 6927
13517 2 0 6825 6826 6929
13518 2 0 6825 6929 6928
13519 2 0 6826 6827 6930
13520 2 0 6826 6930 6929
13521 2 0 6827 6828 6931
13522 2 0 6827 6931 6930
13523 2 0 6828 6829 6932
13524 2 0 6828 6932 6931
13525 2 0 6829 6830 6933
13526 2 0 6829 6933 6932
13527 2 0 6830 6831 6934
13528 2 0 6830 6934 6933
13529 2 0 6831 6832 6935
13530 2 0 6831 6935 6934
13531 2 0 6832 6833 6936
13532 2 0 6832 6936 6935
13533 2 0 6833 6834 6937
13534 2 0 6833 6937 6936
13535 2 0 6834 6835 6938
13536 2 0 6834 6938 6937
13537 2 0 6835 6836 6939
13538 2 0 6835 6939 6938
13539 2 0 6836 6837 6940
13540 2 0 6836 6940 6939
13541 2 0 6837 6838 6941
13542 2 0 6837 6941 6940
13543 2 0 6838 6839 6942
13544 2 0 6838 6942 6941
13545 2 0 6839 6840 6943
13546 2 0 6839 6943 6942
13547 2 0 6840 6841 6944
13548 2 0 6840 6944 6943
13549 2 0 6841 6842 6945
13550 2 0 6841 6945 6944
13551 2 0 6842 6843 6946
13552 2 0 6842 6946 6945
13553 2 0 6843 6844 6947
13554 2 0 6843 6947 6946
13555 2 0 6844 6845 6948
13556 2 0 6844 6948 6947
13557 2 0 6845 6846 6949
13558 2 0 6845 6949 6948
13559 2 0 6846 6847 6950
13560 2 0 6846 6950 6949
13561 2 0 6847 6848 6951
13562 2 0 6847 6951 6950
13563 2 0 6848 6849 6952
13564 2 0 6848 6952 6951
13565 2 0 6849 6850 6953
13566 2 0 6849 6953 6952
13567 2 0 6850 6851 6954
13568 2 0 6850 6954 6953
13569 2 0 6851 6852 6955
13570 2 0 6851 6955 6954
13571 2 0 6852 6853 6956
13572 2 0 6852 6956 6955
13573 2 0 6853 6854 6957
13574 2 0 6853 6957 6956
13575 2 0 6854 6855 6958
13576 2 0 6854 6958 6957
13577 2 0 6855 6856 6959
13578 2 0 6855 6959 6958
13579 2 0 6856 6857 6960
13580 2 0 6856 6960 6959
13581 2 0 6857 6858 6961
13582 2 0 6857 6961 6960
13583 2 0 6858 6859 6962
13584 2 0 6858 6962 6961
13585 2 0 6859 6860 6963
13586 2 0 6859 6963 6962
13587 2 0 6860 6861 6964
13588 2 0 6860 6964 6963
13589 2 0 6861 6862 6965
13590 2 0 6861 6965 6964
13591 2 0 6862 6863 6966
13592 2 0 6862 6966 6965
13593 2 0 6863 6864 6967
13594 2 0 6863 6967 6966
13595 2 0 6864 6865 6968
13596 2 0 6864 6968 6967
13597 2 0 6865 6866 6969
13598 2 0 6865 6969 6968
13599 2 0 6866 6867 6970
13600 2 0 6866 6970 6969
13601 2 0 6867 6868 6971
13602 2 0 6867 6971 6970
13603 2 0 6868 6869 6972
13604 2 0 6868 6972 6971
13605 2 0 6869 6870 6973
13606 2 0 6869 6973 6972
13607 2 0 6870 6871 6974
13608 2 0 6870 6974 6973
13609 2 0 6871 6872 6975
13610 2 0 6871 6975 6974
13611 2 0 6872 6873 6976
13612 2 0 6872 6976 6975
13613 2 0 6873 6874 6977
13614 2 0 6873 6977 6976
13615 2 0 6874 6875 6978
13616 2 0 6874 6978 6977
13617 2 0 6875 6876 6979
13618 2 0 6875 6979 6978
13619 2 0 6876 6877 6980
13620 2 0 6876 6980 6979
13621 2 0 6877 6878 6981
13622 2 0 6877 6981 6980
13623 2 0 6878 6879 6982
13624 2 0 6878 6982 6981
13625 2 0 6879 6880 6983
13626 2 0 6879 6983 6982
13627 2 0 6880 6881 6984
13628 2 0 6880 6984 6983
13629 2 0 6881 6882 6985
13630 2 0 6881 6985 6984
13631 2 0 6882 6883 6986
13632 2 0 6882 6986 6985
13633 2 0 6883 6884 6987
13634 2 0 6883 6987 6986
13635 2 0 6884 6885 6988
13636 2 0 6884 6988 6987
13637 2 0 6885 6886 6989
13638 2 0 6885 6989 6988
13639 2 0 6886 6887 6990
13640 2 0 6886 6990 6989
13641 2 0 6887 6888 6991
13642 2 0 6887 6991 6990
13643 2 0 6888 6889 6992
13644 2 0 6888 6992 6991
13645 2 0 6889 6890 6993
13646 2 0 6889 6993 6992
13647 2 0 6890 6891 6994
13648 2 0 6890 6994 6993
13649 2 0 6891 6892 6995
13650 2 0 6891 6995 6994
13651 2 0 6892 6893 6996
13652 2 0 6892 6996 6995
13653 2 0 6893 6894 6997
13654 2 0 6893 6997 6996
13655 2 0 6894 6895 6998
13656 2 0 6894 6998 6997
13657 2 0 6895 6896 6999
13658 2 0 6895 6999 6998
13659 2 0 6896 6897 7000
13660 2 0 6896 7000 6999
13661 2 0 6897 6898 7001
13662 2 0 6897 7001 7000
13663 2 0 6898 6899 7002
13664 2 0 6898 7002 7001
13665 2 0 6899 6900 7003
13666 2 0 6899 7003 7002
13667 2 0 6900 6901 7004
13668 2 0 6900 7004 7003
13669 2 0 6902 6903 7006
13670 2 0 6902 7006 7005
13671 2 0 6903 6904 7007
13672 2 0 6903 7007 7006
13673 2 0 6904 6905 7008
13674 2 0 6904 7008 7007
13675 2 0 6905 6906 7009
13676 2 0 6905 7009 7008
13677 2 0 6906 6907 7010
13678 2 0 6906 7010 7009
13679 2 0 6907 6908 7011
13680 2 0 6907 7011 7010
13681 2 0 6908 6909 7012
13682 2 0 6908 7012 7011
13683 2 0 6909 6910 7013
13684 2 0 6909 7013 7012
13685 2 0 6910 6911 7014
13686 2 0 6910 7014 7013
13687 2 0 6911 6912 7015
13688 2 0 6911 7015 7014
13689 2 0 6912 6913 7016
13690 2 0 6912 7016 7015
13691 2 0 6913 6914 7017
13692 2 0 6913 7017 7016
13693 2 0 6914 6915 7018
13694 2 0 6914 7018 7017
13695 2 0 6915 6916 7019
13696 2 0 6915 7019 7018
13697 2 0 6916 6917 7020
13698 2 0 6916 7020 7019
13699 2 0 6917 6918 7021
13700 2 0 6917 7021 7020
13701 2 0 6918 6919 7022
13702 2 0 6918 7022 7021
13703 2 0 6919 6920 7023
13704 2 0 6919 7023 7022
13705 2 0 6920 6921 7024
13706 2 0 6920 7024 7023
13707 2 0 6921 6922 7025
13708 2 0 6921 7025 7024
13709 2 0 6922 6923 7026
13710 2 0 6922 7026 7025
13711 2 0 6923 6924 7027
13712 2 0 6923 7027 7026
13713 2 0 6924 6925 7028
13714 2 0 6924 7028 7027
13715 2 0 6925 6926 7029
13716 2 0 6925 7029 7028
13717 2 0 6926 6927 7030
13718 2 0 6926 7030 7029
13719 2 0 6927 6928 7031
13720 2 0 6927 7031 7030
13721 2 0 6928 6929 7032
13722 2 0 6928 7032 7031
13723 2 0 6929 6930 7033
13724 2 0 6929 7033 7032
13725 2 0 6930 6931 7034
13726 2 0 6930 7034 7033
13727 2 0 6931 6932 7035
13728 2 0 6931 7035 7034
13729 2 0 6932 6933 7036
13730 2 0 6932 7036 7035
13731 2 0 6933 6934 7037
13732 2 0 6933 7037 7036
13733 2 0 6934 6935 7038
13734 2 0 6934 7038 7037
13735 2 0 6935 6936 7039
13736 2 0 6935 7039 7038
13737 2 0 6936 6937 7040
13738 2 0 6936 7040 7039
13739 2 0 6937 6938 7041
13740 2 0 6937 7041 7040
13741 2 0 6938 6939 7042
13742 2 0 6938 7042 7041
13743 2 0 6939 6940 7043
13744 2 0 6939 7043 7042
13745 2 0 6940 6941 7044
13746 2 0 6940 7044 7043
13747 2 0 6941 6942 7045
13748 2 0 6941 7045 7044
13749 2 0 6942 6943 7046
13750 2 0 6942 7046 7045
13751 2 0 6943 6944 7047
13752 2 0 6943 7047 7046
13753 2 0 6944 6945 7048
13754 2 0 6944 7048 7047
13755 2 0 6945 6946 7049
13756 2 0 6945 7049 7048
13757 2 0 6946 6947 7050
13758 2 0 6946 7050 7049
13759 2 0 6947 6948 7051
13760 2 0 6947 7051 7050
13761 2 0 6948 6949 7052
13762 2 0 6948 7052 7051
13763 2 0 6949 6950 7053
13764 2 0 6949 7053 7052
13765 2 0 6950 6951 7054
13766 2 0 6950 7054 7053
13767 2 0 6951 6952 7055
13768 2 0 6951 7055 7054
13769 2 0 6952 6953 7056
13770 2 0 6952 7056 7055
13771 2 0 6953 6954 7057
13772 2 0 6953 7057 7056
13773 2 0 6954 6955 7058
13774 2 0 6954 7058 7057
13775 2 0 6955 6956 7059
13776 2 0 6955 7059 7058
13777 2 0 6956 6957 7060
13778 2 0 6956 7060 7059
13779 2 0 6957 6958 7061
13780 2 0 6957 7061 7060
13781 2 0 6958 6959 7062
13782 2 0 6958 7062 7061
13783 2 0 6959 6960 7063
13784 2 0 6959 7063 7062
13785 2 0 6960 6961 7064
13786 2 0 6960 7064 7063
13787 2 0 6961 6962 7065
13788 2 0 6961 7065 7064
13789 2 0 6962 6963 7066
13790 2 0 6962 7066 7065
13791 2 0 6963 6964 7067
13792 2 0 6963 7067 7066
13793 2 0 6964 6965 7068
13794 2 0 6964 7068 7067
13795 2 0 6965 6966 7069
13796 2 0 6965 7069 7068
13797 2 0 6966 6967 7070
13798 2 0 6966 7070 7069
13799 2 0 6967 6968 7071
13800 2 0 6967 7071 7070
13801 2 0 6968 6969 7072
13802 2 0 6968 7072 7071
13803 2 0 6969 6970 7073
13804 2 0 6969 7073 7072
13805 2 0 6970 6971 7074
13806 2 0 6970 7074 7073
13807 2 0 6971 6972 7075
13808 2 0 6971 7075 7074
13809 2 0 6972 6973 7076
13810 2 0 6972 7076 7075
13811 2 0 6973 6974 7077
13812 2 0 6973 7077 7076
13813 2 0 6974 6975 7078
13814 2 0 6974 7078 7077
13815 2 0 6975 6976 7079
13816 2 0 6975 7079 7078
13817 2 0 6976 6977 7080
13818 2 0 6976 7080 7079
13819 2 0 6977 6978 7081
13820 2 0 6977 7081 7080
13821 2 0 6978 6979 7082
13822 2 0 6978 7082 7081
13823 2 0 6979 6980 7083
13824 2 0 6979 7083 7082
13825 2 0 6980 6981 7084
13826 2 0 6980 7084 7083
13827 2 0 6981 6982 7085
13828 2 0 6981 7085 7084
13829 2 0 6982 6983 7086
13830 2 0 6982 7086 7085
13831 2 0 6983 6984 7087
13832 2 0 6983 7087 7086
13833 2 0 6984 6985 7088
13834 2 0 6984 7088 7087
13835 2 0 6985 6986 7089
13836 2 0 6985 7089 7088
13837 2 0 6986 6987 7090
13838 2 0 6986 7090 7089
13839 2 0 6987 6988 7091
13840 2 0 6987 7091 7090
13841 2 0 6988 6989 7092
13842 2 0 6988 7092 7091
13843 2 0 6989 6990 7093
13844 2 0 6989 7093 7092
13845 2 0 6990 6991 7094
13846 2 0 6990 7094 7093
13847 2 0 6991 6992 7095
13848 2 0 6991 7095 7094
13849 2 0 6992 6993 7096
13850 2 0 6992 7096 7095
13851 2 0 6993 6994 7097
13852 2 0 6993 7097 7096
13853 2 0 6994 6995 7098
13854 2 0 6994 7098 7097
13855 2 0 6995 6996 7099
13856 2 0 6995 7099 7098
13857 2 0 6996 6997 7100
13858 2 0 6996 7100 7099
13859 2 0 6997 6998 7101
13860 2 0 6997 7101 7100
13861 2 0 6998 6999 7102
13862 2 0 6998 7102 7101
13863 2 0 6999 7000 7103
13864 2 0 6999 7103 7102
13865 2 0 7000 7001 7104
13866 2 0 7000 7104 7103
13867 2 0 7001 7002 7105
13868 2 0 7001 7105 7104
13869 2 0 7002 7003 7106
13870 2 0 7002 7106 7105
13871 2 0 7003 7004 7107
13872 2 0 7003 7107 7106
13873 2 0 7005 7006 7109
13874 2 0 7005 7109 7108
13875 2 0 7006 7007 7110
13876 2 0 7006 7110 7109
13877 2 0 7007 7008 7111
13878 2 0 7007 7111 7110
13879 2 0 7008 7009 7112
13880 2 0 7008 7112 7111
13881 2 0 7009 7010 7113
13882 2 0 7009 7113 7112
13883 2 0 7010 7011 7114
13884 2 0 7010 7114 7113
13885 2 0 7011 7012 7115
13886 2 0 7011 7115 7114
13887 2 0 7012 7013 7116
13888 2 0 7012 7116 7115
13889 2 0 7013 7014 7117
13890 2 0 7013 7117 7116
13891 2 0 7014 7015 7118
13892 2 0 7014 7118 7117
13893 2 0 7015 7016 7119
13894 2 0 7015 7119 7118
13895 2 0 7016 7017 7120
13896 2 0 7016 7120 7119
13897 2 0 7017 7018 7121
13898 2 0 7017 7121 7120
13899 2 0 7018 7019 7122
13900 2 0 7018 7122 7121
13901 2 0 7019 7020 7123
13902 2 0 7019 7123 7122
13903 2 0 7020 7021 7124
13904 2 0 7020 7124 7123
13905 2 0 7021 7022 7125
13906 2 0 7021 7125 7124
13907 2 0 7022 7023 7126
13908 2 0 7022 7126 7125
13909 2 0 7023 7024 7127
13910 2 0 7023 7127 7126
13911 2 0 7024 7025 7128
13912 2 0 7024 7128 7127
13913 2 0 7025 7026 7129
13914 2 0 7025 7129 7128
13915 2 0 7026 7027 7130
13916 2 0 7026 7130 7129
13917 2 0 7027 7028 7131
13918 2 0 7027 7131 7130
13919 2 0 7028 7029 7132
13920 2 0 7028 7132 7131
13921 2 0 7029 7030 7133
13922 2 0 7029 7133 7132
13923 2 0 7030 7031 7134
13924 2 0 7030 7134 7133
13925 2 0 7031 7032 7135
13926 2 0 7031 7135 7134
13927 2 0 7032 7033 7136
13928 2 0 7032 7136 7135
13929 2 0 7033 7034 7137
13930 2 0 7033 7137 7136
13931 2 0 7034 7035 7138
13932 2 0 7034 7138 7137
13933 2 0 7035 7036 7139
13934 2 0 7035 7139 7138
13935 2 0 7036 7037 7140
13936 2 0 7036 7140 7139
13937 2 0 7037 7038 7141
13938 2 0 7037 7141 7140
13939 2 0 7038 7039 7142
13940 2 0 7038 7142 7141
13941 2 0 7039 7040 7143
13942 2 0 7039 7143 7142
13943 2 0 7040 7041 7144
13944 2 0 7040 7144 7143
13945 2 0 7041 7042 7145
13946 2 0 7041 7145 7144
13947 2 0 7042 7043 7146
13948 2 0 7042 7146 7145
13949 2 0 7043 7044 7147
13950 2 0 7043 7147 7146
13951 2 0 7044 7045 7148
13952 2 0 7044 7148 7147
13953 2 0 7045 7046 7149
13954 2 0 7045 7149 7148
13955 2 0 7046 7047 7150
13956 2 0 7046 7150 7149
13957 2 0 7047 7048 7151
13958 2 0 7047 7151 7150
13959 2 0 7048 7049 7152
13960 2 0 7048 7152 7151
13961 2 0 7049 7050 7153
13962 2 0 7049 7153 7152
13963 2 0 7050 7051 7154
13964 2 0 7050 7154 7153
13965 2 0 7051 7052 7155
13966 2 0 7051 7155 7154
13967 2 0 7052 7053 7156
13968 2 0 7052 7156 7155
13969 2 0 7053 7054 7157
13970 2 0 7053 7157 7156
13971 2 0 7054 7055 7158
13972 2 0 7054 7158 7157
13973 2 0 7055 7056 7159
13974 2 0 7055 7159 7158
13975 2 0 7056 7057 7160
13976 2 0 7056 7160 7159
13977 2 0 7057 7058 7161
13978 2 0 7057 7161 7160
13979 2 0 7058 7059 7162
13980 2 0 7058 7162 7161
13981 2 0 7059 7060 7163
13982 2 0 7059 7163 7162
13983 2 0 7060 7061 7164
13984 2 0 7060 7164 7163
13985 2 0 7061 7062 7165
13986 2 0 7061 7165 7164
13987 2 0 7062 7063 7166
13988 2 0 7062 7166 7165
13989 2 0 7063 7064 7167
13990 2 0 7063 7167 7166
13991 2 0 7064 7065 7168
13992 2 0 7064 7168 7167
13993 2 0 7065 7066 7169
13994 2 0 7065 7169 7168
13995 2 0 7066 7067 7170
13996 2 0 7066 7170 7169
13997 2 0 7067 7068 7171
13998 2 0 7067 7171 7170
13999 2 0 7068 7069 7172
14000 2 0 7068 7172 7171
14001 2 0 7069 7070 7173
14002 2 0 7069 7173 7172
14003 2 0 7070 7071 7174
14004 2 0 7070 7174 7173
14005 2 0 7071 7072 7175
14006 2 0 7071 7175 7174
14007 2 0 7072 7073 7176
14008 2 0 7072 7176 7175
14009 2 0 7073 7074 7177
14010 2 0 7073 7177 7176
14011 2 0 7074 7075 7178
14012 2 0 7074 7178 7177
14013 2 0 7075 7076 7179
14014 2 0 7075 7179 7178
14015 2 0 7076 7077 7180
14016 2 0 7076 7180 7179
14017 2 0 7077 7078 7181
14018 2 0 7077 7181 7180
14019 2 0 7078 7079 7182
14020 2 0 7078 7182 7181
14021 2 0 7079 7080 7183
14022 2 0 7079 7183 7182
14023 2 0 7080 7081 7184
14024 2 0 7080 7184 7183
14025 2 0 7081 7082 7185
14026 2 0 7081 7185 7184
14027 2 0 7082 7083 7186
14028 2 0 7082 7186 7185
14029 2 0 7083 7084 7187
14030 2 0 7083 7187 7186
14031 2 0 7084 7085 7188
14032 2 0 7084 7188 7187
14033 2 0 7085 7086 7189
14034 2 0 7085 7189 7188
14035 2 0 7086 7087 7190
14036 2 0 7086 7190 7189
14037 2 0 7087 7088 7191
14038 2 0 7087 7191 7190
14039 2 0 7088 7089 7192
14040 2 0 7088 7192 7191
14041 2 0 7089 7090 7193
14042 2 0 7089 7193 7192
14043 2 0 7090 7091 7194
14044 2 0 7090 7194 7193
14045 2 0 7091 7092 7195
14046 2 0 7091 7195 7194
14047 2 0 7092 7093 7196
14048 2 0 7092 7196 7195
14049 2 0 7093 7094 7197
14050 2 0 7093 7197 7196
14051 2 0 7094 7095 7198
14052 2 0 7094 7198 7197
14053 2 0 7095 7096 7199
14054 2 0 7095 7199 7198
14055 2 0 7096 7097 7200
14056 2 0 7096 7200 7199
14057 2 0 7097 7098 7201
14058 2 0 7097 7201 7200
14059 2 0 7098 7099 7202
14060 2 0 7098 7202 7201
14061 2 0 7099 7100 7203
14062 2 0 7099 7203 7202
14063 2 0 7100 7101 7204
14064 2 0 7100 7204 7203
14065 2 0 7101 7102 7205
14066 2 0 7101 7205 7204
14067 2 0 7102 7103 7206
14068 2 0 7102 7206 7205
14069 2 0 7103 7104 7207
14070 2 0 7103 7207 7206
14071 2 0 7104 7105 7208
14072 2 0 7104 7208 7207
14073 2 0 7105 7106 7209
14074 2 0 7105 7209 7208
14075 2 0 7106 7107 7210
14076 2 0 7106 7210 7209
14077 2 0 7108 7109 7212
14078 2 0 7108 7212 7211
14079 2 0 7109 7110 7213
14080 2 0 7109 7213 7212
14081 2 0 7110 7111 7214
14082 2 0 7110 7214 7213
14083 2 0 7111 7112 7215
14084 2 0 7111 7215 7214
14085 2 0 7112 7113 7216
14086 2 0 7112 7216 7215
14087 2 0 7113 7114 7217
14088 2 0 7113 7217 7216
14089 2 0 7114 7115 7218
14090 2 0 7114 7218 7217
14091 2 0 7115 7116 7219
14092 2 0 7115 7219 7218
14093 2 0 7116 7117 7220
14094 2 0 7116 7220 7219
14095 2 0 7117 7118 7221
14096 2 0 7117 7221 7220
14097 2 0 7118 7119 7222
14098 2 0 7118 7222 7221
14099 2 0 7119 7120 7223
14100 2 0 7119 7223 7222
14101 2 0 7120 7121 7224
14102 2 0 7120 7224 7223
14103 2 0 7121 7122 7225
14104 2 0 7121 7225 7224
14105 2 0 7122 7123 7226
14106 2 0 7122 7226 7225
14107 2 0 7123 7124 7227
14108 2 0 7123 7227 7226
14109 2 0 7124 7125 7228
14110 2 0 7124 7228 7227
14111 2 0 7125 7126 7229
14112 2 0 7125 7229 7228
14113 2 0 7126 7127 7230
14114 2 0 7126 7230 7229
14115 2 0 7127 7128 7231
14116 2 0 7127 7231 7230
14117 2 0 7128 7129 7232
14118 2 0 7128 7232 7231
14119 2 0 7129 7130 7233
14120 2 0 7129 7233 7232
14121 2 0 7130 7131 7234
14122 2 0 7130 7234 7233
14123 2 0 7131 7132 7235
14124 2 0 7131 7235 7234
14125 2 0 7132 7133 7236
14126 2 0 7132 7236 7235
14127 2 0 7133 7134 7237
14128 2 0 7133 7237 7236
14129 2 0 7134 7135 7238
14130 2 0 7134 7238 7237
14131 2 0 7135 7136 7239
14132 2 0 7135 7239 7238
14133 2 0 7136 7137 7240
14134 2 0 7136 7240 7239
14135 2 0 7137 7138 7241
14136 2 0 7137 7241 7240
14137 2 0 7138 7139 7242
14138 2 0 7138 7242 7241
14139 2 0 7139 7140 7243
14140 2 0 7139 7243 7242
14141 2 0 7140 7141 7244
14142 2 0 7140 7244 7243
14143 2 0 7141 7142 7245
14144 2 0 7141 7245 7244
14145 2 0 7142 7143 7246
14146 2 0 7142 7246 7245
14147 2 0 7143 7144 7247
14148 2 0 7143 7247 7246
14149 2 0 7144 7145 7248
14150 2 0 7144 7248 7247
14151 2 0 7145 7146 7249
14152 2 0 7145 7249 7248
14153 2 0 7146 7147 7250
14154 2 0 7146 7250 7249
14155 2 0 7147 7148 7251
14156 2 0 7147 7251 7250
14157 2 0 7148 7149 7252
14158 2 0 7148 7252 7251
14159 2 0 7149 7150 7253
14160 2 0 7149 7253 7252
14161 2 0 7150 7151 7254
14162 2 0 7150 7254 7253
14163 2 0 7151 7152 7255
14164 2 0 7151 7255 7254
14165 2 0 7152 7153 7256
14166 2 0 7152 7256 7255
14167 2 0 7153 7154 7257
14168 2 0 7153 7257 7256
14169 2 0 7154 7155 7258
14170 2 0 7154 7258 7257
14171 2 0 7155 7156 7259
14172 2 0 7155 7259 7258
14173 2 0 7156 7157 7260
14174 2 0 7156 7260 7259
14175 2 0 7157 7158 7261
14176 2 0 7157 7261 7260
14177 2 0 7158 7159 7262
14178 2 0 7158 7262 7261
14179 2 0 7159 7160 7263
14180 2 0 7159 7263 7262
14181 2 0 7160 7161 7264
14182 2 0 7160 7264 7263
14183 2 0 7161 7162 7265
14184 2 0 7161 7265 7264
14185 2 0 7162 7163 7266
14186 2 0 7162 7266 7265
14187 2 0 7163 7164 7267
14188 2 0 7163 7267 7266
14189 2 0 7164 7165 7268
14190 2 0 7164 7268 7267
14191 2 0 7165 7166 7269
14192 2 0 7165 7269 7268
14193 2 0 7166 7167 7270
14194 2 0 7166 7270 7269
14195 2 0 7167 7168 7271
14196 2 0 7167 7271 7270
14197 2 0 7168 7169 7272
14198 2 0 7168 7272 7271
14199 2 0 7169 7170 7273
14200 2 0 7169 7273 7272
14201 2 0 7170 7171 7274
14202 2 0 7170 7274 7273
14203 2 0 7171 7172 7275
14204 2 0 7171 7275 7274
14205 2 0 7172 7173 7276
14206 2 0 7172 7276 7275
14207 2 0 7173 7174 7277
14208 2 0 7173 7277 7276
14209 2 0 7174 7175 7278
14210 2 0 7174 7278 7277
14211 2 0 7175 7176 7279
14212 2 0 7175 7279 7278
14213 2 0 7176 7177 7280
14214 2 0 7176 7280 7279
14215 2 0 7177 7178 7281
14216 2 0 7177 7281 7280
14217 2 0 7178 7179 7282
14218 2 0 7178 7282 7281
14219 2 0 7179 7180 7283
14220 2 0 7179 7283 7282
14221 2 0 7180 7181 7284
14222 2 0 7180 7284 7283
14223 2 0 7181 7182 7285
14224 2 0 7181 7285 7284
14225 2 0 7182 7183 7286
14226 2 0 7182 7286 7285
14227 2 0 7183 7184 7287
14228 2 0 7183 7287 7286
14229 2 0 7184 7185 7288
14230 2 0 7184 7288 7287
14231 2 0 7185 7186 7289
14232 2 0 7185 7289 7288
14233 2 0 7186 7187 7290
14234 2 0 7186 7290 7289
14235 2 0 7187 7188 7291
14236 2 0 7187 7291 7290
14237 2 0 7188 7189 7292
14238 2 0 7188 7292 7291
14239 2 0 7189 7190 7293
14240 2 0 7189 7293 7292
14241 2 0 7190 7191 7294
14242 2 0 7190 7294 7293
14243 2 0 7191 7192 7295
14244 2 0 7191 7295 7294
14245 2 0 7192 7193 7296
14246 2 0 7192 7296 7295
14247 2 0 7193 7194 7297
14248 2 0 7193 7297 7296
14249 2 0 7194 7195 7298
14250 2 0 7194 7298 7297
14251 2 0 7195 7196 7299
14252 2 0 7195 7299 7298
14253 2 0 7196 7197 7300
14254 2 0 7196 7300 7299
14255 2 0 7197 7198 7301
14256 2 0 7197 7301 7300
14257 2 0 7198 7199 7302
14258 2 0 7198 7302 7301
14259 2 0 7199 7200 7303
14260 2 0 7199 7303 7302
14261 2 0 7200 7201 7304
14262 2 0 7200 7304 7303
14263 2 0 7201 7202 7305
14264 2 0 7201 7305 7304
14265 2 0 7202 7203 7306
14266 2 0 7202 7306 7305
14267 2 0 7203 7204 7307
14268 2 0 7203 7307 7306
14269 2 0 7204 7205 7308
14270 2 0 7204 7308 7307
14271 2 0 7205 7206 7309
14272 2 0 7205 7309 7308
14273 2 0 7206 7207 7310
14274 2 0 7206 7310 7309
14275 2 0 7207 7208 7311
14276 2 0 7207 7311 7310
14277 2 0 7208 7209 7312
14278 2 0 7208 7312 7311
14279 2 0 7209 7210 7313
14280 2 0 7209 7313 7312
14281 2 0 7211 7212 7315
14282 2 0 7211 7315 7314
14283 2 0 7212 7213 7316
14284 2 0 7212 7316 7315
14285 2 0 7213 7214 7317
14286 2 0 7213 7317 7316
14287 2 0 7214 7215 7318
14288 2 0 7214 7318 7317
14289 2 0 7215 7216 7319
14290 2 0 7215 7319 7318
14291 2 0 7216 7217 7320
14292 2 0 7216 7320 7319
14293 2 0 7217 7218 7321
14294 2 0 7217 7321 7320
14295 2 0 7218 7219 7322
14296 2 0 7218 7322 7321
14297 2 0 7219 7220 7323
14298 2 0 7219 7323 7322
14299 2 0 7220 7221 7324
14300 2 0 7220 7324 7323
14301 2 0 7221 7222 7325
14302 2 0 7221 7325 7324
14303 2 0 7222 7223 7326
14304 2 0 7222 7326 7325
14305 2 0 7223 7224 7327
14306 2 0 7223 7327 7326
14307 2 0 7224 7225 7328
14308 2 0 7224 7328 7327
14309 2 0 7225 7226 7329
14310 2 0 7225 7329 7328
14311 2 0 7226 7227 7330
14312 2 0 7226 7330 7329
14313 2 0 7227 7228 7331
14314 2 0 7227 7331 7330
14315 2 0 7228 7229 7332
14316 2 0 7228 7332 7331
14317 2 0 7229 7230 7333
14318 2 0 7229 7333 7332
14319 2 0 7230 7231 7334
14320 2 0 7230 7334 7333
14321 2 0 7231 7232 7335
14322 2 0 7231 7335 7334
14323 2 0 7232 7233 7336
14324 2 0 7232 7336 7335
14325 2 0 7233 7234 7337
14326 2 0 7233 7337 7336
14327 2 0 7234 7235 7338
14328 2 0 7234 7338 7337
14329 2 0 7235 7236 7339
14330 2 0 7235 7339 7338
14331 2 0 7236 7237 7340
14332 2 0 7236 7340 7339
14333 2 0 7237 7238 7341
14334 2 0 7237 7341 7340
14335 2 0 7238 7239 7342
14336 2 0 7238 7342 7341
14337 2 0 7239 7240 7343
14338 2 0 7239 7343 7342
14339 2 0 7240 7241 7344
14340 2 0 7240 7344 7343
14341 2 0 7241 7242 7345
14342 2 0 7241 7345 7344
14343 2 0 7242 7243 7346
14344 2 0 7242 7346 7345
14345 2 0 7243 7244 7347
14346 2 0 7243 7347 7346
14347 2 0 7244 7245 7348
14348 2 0 7244 7348 7347
14349 2 0 7245 7246 7349
14350 2 0 7245 7349 7348
14351 2 0 7246 7247 7350
14352 2 0 7246 7350 7349
14353 2 0 7247 7248 7351
14354 2 0 7247 7351 7350
14355 2 0 7248 7249 7352
14356 2 0 7248 7352 7351
14357 2 0 7249 7250 7353
14358 2 0 7249 7353 7352
14359 2 0 7250 7251 7354
14360 2 0 7250 7354 7353
14361 2 0 7251 7252 7355
14362 2 0 7251 7355 7354
14363 2 0 7252 7253 7356
14364 2 0 7252 7356 7355
14365 2 0 7253 7254 7357
14366 2 0 7253 7357 7356
14367 2 0 7254 7255 7358
14368 2 0 7254 7358 7357
14369 2 0 7255 7256 7359
14370 2 0 7255 7359 7358
14371 2 0 7256 7257 7360
14372 2 0 7256 7360 7359
14373 2 0 7257 7258 7361
14374 2 0 7257 7361 7360
14375 2 0 7258 7259 7362
14376 2 0 7258 7362 7361
14377 2 0 7259 7260 7363
14378 2 0 7259 7363 7362
14379 2 0 7260 7261 7364
14380 2 0 7260 7364 7363
14381 2 0 7261 7262 7365
14382 2 0 7261 7365 7364
14383 2 0 7262 7263 7366
14384 2 0 7262 7366 7365
14385 2 0 7263 7264 7367
14386 2 0 7263 7367 7366
14387 2 0 7264 7265 7368
14388 2 0 7264 7368 7367
14389 2 0 7265 7266 7369
14390 2 0 7265 7369 7368
14391 2 0 7266 7267 7370
14392 2 0 7266 7370 7369
14393 2 0 7267 7268 7371
14394 2 0 7267 7371 7370
14395 2 0 7268 7269 7372
14396 2 0 7268 7372 7371
14397 2 0 7269 7270 7373
14398 2 0 7269 7373 7372
14399 2 0 7270 7271 7374
14400 2 0 7270 7374 7373
14401 2 0 7271 7272 7375
14402 2 0 7271 7375 7374
14403 2 0 7272 7273 7376
14404 2 0 7272 7376 7375
14405 2 0 7273 7274 7377
14406 2 0 7273 7377 7376
14407 2 0 7274 7275 7378
14408 2 0 7274 7378 7377
14409 2 0 7275 7276 7379
14410 2 0 7275 7379 7378
14411 2 0 7276 7277 7380
14412 2 0 7276 7380 7379
14413 2 0 7277 7278 7381
14414 2 0 7277 7381 7380
14415 2 0 7278 7279 7382
14416 2 0 7278 7382 7381
14417 2 0 7279 7280 7383
14418 2 0 7279 7383 7382
14419 2 0 7280 7281 7384
14420 2 0 7280 7384 7383
14421 2 0 7281 7282 7385
14422 2 0 7281 7385 7384
14423 2 0 7282 7283 7386
14424 2 0 7282 7386 7385
14425 2 0 7283 7284 7387
14426 2 0 7283 7387 7386
14427 2 0 7284 7285 7388
14428 2 0 7284 7388 7387
14429 2 0 7285 7286 7389
14430 2 0 7285 7389 7388
14431 2 0 7286 7287 7390
14432 2 0 7286 7390 7389
14433 2 0 7287 7288 7391
14434 2 0 7287 7391 7390
14435 2 0 7288 7289 7392
14436 2 0 7288 7392 7391
14437 2 0 7289 7290 7393
14438 2 0 7289 7393 7392
14439 2 0 7290 7291 7394
14440 2 0 7290 7394 7393
14441 2 0 7291 7292 7395
14442 2 0 7291 7395 7394
14443 2 0 7292 7293 7396
14444 2 0 7292 7396 7395
14445 2 0 7293 7294 7397
14446 2 0 7293 7397 7396
14447 2 0 7294 7295 7398
14448 2 0 7294 7398 7397
14449 2 0 7295 7296 7399
14450 2 0 7295 7399 7398
14451 2 0 7296 7297 7400
14452 2 0 7296 7400 7399
14453 2 0 7297 7298 7401
14454 2 0 7297 7401 7400
14455 2 0 7298 7299 7402
14456 2 0 7298 7402 7401
14457 2 0 7299 7300 7403
14458 2 0 7299 7403 7402
14459 2 0 7300 7301 7404
14460 2 0 7300 7404 7403
14461 2 0 7301 7302 7405
14462 2 0 7301 7405 7404
14463 2 0 7302 7303 7406
14464 2 0 7302 7406 7405
14465 2 0 7303 7304 7407
14466 2 0 7303 7407 7406
14467 2 0 7304 7305 7408
14468 2 0 7304 7408 7407
14469 2 0 7305 7306 7409
14470 2 0 7305 7409 7408
14471 2 0 7306 7307 7410
14472 2 0 7306 7410 7409
14473 2 0 7307 7308 7411
14474 2 0 7307 7411 7410
14475 2 0 7308 7309 7412
14476 2 0 7308 7412 7411
14477 2 0 7309 7310 7413
14478 2 0 7309 7413 7412
14479 2 0 7310 7311 7414
14480 2 0 7310 7414 7413
14481 2 0 7311 7312 7415
14482 2 0 7311 7415 7414
14483 2 0 7312 7313 7416
14484 2 0 7312 7416 7415
14485 2 0 7314 7315 7418
14486 2 0 7314 7418 7417
14487 2 0 7315 7316 7419
14488 2 0 7315 7419 7418
14489 2 0 7316 7317 7420
14490 2 0 7316 7420 7419
14491 2 0 7317 7318 7421
14492 2 0 7317 7421 7420
14493 2 0 7318 7319 7422
14494 2 0 7318 7422 7421
14495 2 0 7319 7320 7423
14496 2 0 7319 7423 7422
14497 2 0 7320 7321 7424
14498 2 0 7320 7424 7423
14499 2 0 7321 7322 7425
14500 2 0 7321 7425 7424
14501 2 0 7322 7323 7426
14502 2 0 7322 7426 7425
14503 2 0 7323 7324 7427
14504 2 0 7323 7427 7426
14505 2 0 7324 7325 7428
14506 2 0 7324 7428 7427
14507 2 0 7325 7326 7429
14508 2 0 7325 7429 7428
14509 2 0 7326 7327 7430
14510 2 0 7326 7430 7429
14511 2 0 7327 7328 7431
14512 2 0 7327 7431 7430
14513 2 0 7328 7329 7432
14514 2 0 7328 7432 7431
14515 2 0 7329 7330 7433
14516 2 0 7329 7433 7432
14517 2 0 7330 7331 7434
14518 2 0 7330 7434 7433
14519 2 0 7331 7332 7435
14520 2 0 7331 7435 7434
14521 2 0 7332 7333 7436
14522 2 0 7332 7436 7435
14523 2 0 7333 7334 7437
14524 2 0 7333 7437 7436
14525 2 0 7334 7335 7438
14526 2 0 7334 7438 7437
14527 2 0 7335 7336 7439
14528 2 0 7335 7439 7438
14529 2 0 7336 7337 7440
14530 2 0 7336 7440 7439
14531 2 0 7337 7338 7441
14532 2 0 7337 7441 7440
14533 2 0 7338 7339 7442
14534 2 0 7338 7442 7441
14535 2 0 7339 7340 7443
14536 2 0 7339 7443 7442
14537 2 0 7340 7341 7444
14538 2 0 7340 7444 7443
14539 2 0 7341 7342 7445
14540 2 0 7341 7445 7444
14541 2 0 7342 7343 7446
14542 2 0 7342 7446 7445
14543 2 0 7343 7344 7447
14544 2 0 7343 7447 7446
14545 2 0 7344 7345 7448
14546 2 0 7344 7448 7447
14547 2 0 7345 7346 7449
14548 2 0 7345 7449 7448
14549 2 0 7346 7347 7450
14550 2 0 7346 7450 7449
14551 2 0 7347 7348 7451
14552 2 0 7347 7451 7450
14553 2 0 7348 7349 7452
14554 2 0 7348 7452 7451
14555 2 0 7349 7350 7453
14556 2 0 7349 7453 7452
14557 2 0 7350 7351 7454
14558 2 0 7350 7454 7453
14559 2 0 7351 7352 7455
14560 2 0 7351 7455 7454
14561 2 0 7352 7353 7456
14562 2 0 7352 7456 7455
14563 2 0 7353 7354 7457
14564 2 0 7353 7457 7456
14565 2 0 7354 7355 7458
14566 2 0 7354 7458 7457
14567 2 0 7355 7356 7459
14568 2 0 7355 7459 7458
14569 2 0 7356 7357 7460
14570 2 0 7356 7460 7459
14571 2 0 7357 7358 7461
14572 2 0 7357 7461 7460
14573 2 0 7358 7359 7462
14574 2 0 7358 7462 7461
14575 2 0 7359 7360 7463
14576 2 0 7359 7463 7462
14577 2 0 7360 7361 7464
14578 2 0 7360 7464 7463
14579 2 0 7361 7362 7465
14580 2 0 7361 7465 7464
14581 2 0 7362 7363 7466
14582 2 0 7362 7466 7465
14583 2 0 7363 7364 7467
14584 2 0 7363 7467 7466
14585 2 0 7364 7365 7468
14586 2 0 7364 7468 7467
14587 2 0 7365 7366 7469
14588 2 0 7365 7469 7468
14589 2 0 7366 7367 7470
14590 2 0 7366 7470 7469
14591 2 0 7367 7368 7471
14592 2 0 7367 7471 7470
14593 2 0 7368 7369 7472
14594 2 0 7368 7472 7471
14595 2 0 7369 7370 7473
14596 2 0 7369 7473 7472
14597 2 0 7370 7371 7474
14598 2 0 7370 7474 7473
14599 2 0 7371 7372 7475
14600 2 0 7371 7475 7474
14601 2 0 7372 7373 7476
14602 2 0 7372 7476 7475
14603 2 0 7373 7374 7477
14604 2 0 7373 7477 7476
14605 2 0 7374 7375 7478
14606 2 0 7374 7478 7477
14607 2 0 7375 7376 7479
14608 2 0 7375 7479 7478
14609 2 0 7376 7377 7480
14610 2 0 7376 7480 7479
14611 2 0 7377 7378 7481
14612 2 0 7377 7481 7480
14613 2 0 7378 7379 7482
14614 2 0 7378 7482 7481
14615 2 0 7379 7380 7483
14616 2 0 7379 7483 7482
14617 2 0 7380 7381 7484
14618 2 0 7380 7484 7483
14619 2 0 7381 7382 7485
14620 2 0 7381 7485 7484
14621 2 0 7382 7383 7486
14622 2 0 7382 7486 7485
14623 2 0 7383 7384 7487
14624 2 0 7383 7487 7486
14625 2 0 7384 7385 7488
14626 2 0 7384 7488 7487
14627 2 0 7385 7386 7489
14628 2 0 7385 7489 7488
14629 2 0 7386 7387 7490
14630 2 0 7386 7490 7489
14631 2 0 7387 7388 7491
14632 2 0 7387 7491 7490
14633 2 0 7388 7389 7492
14634 2 0 7388 7492 7491
14635 2 0 7389 7390 7493
14636 2 0 7389 7493 7492
14637 2 0 7390 7391 7494
14638 2 0 7390 7494 7493
14639 2 0 7391 7392 7495
14640 2 0 7391 7495 7494
14641 2 0 7392 7393 7496
14642 2 0 7392 7496 7495
14643 2 0 7393 7394 7497
14644 2 0 7393 7497 7496
14645 2 0 7394 7395 7498
14646 2 0 7394 7498 7497
14647 2 0 7395 7396 7499
14648 2 0 7395 7499 7498
14649 2 0 7396 7397 7500
14650 2 0 7396 7500 7499
14651 2 0 7397 7398 7501
14652 2 0 7397 7501 7500
14653 2 0 7398 7399 7502
14654 2 0 7398 7502 7501
14655 2 0 7399 7400 7503
14656 2 0 7399 7503 7502
14657 2 0 7400 7401 7504
14658 2 0 7400 7504 7503
14659 2 0 7401 7402 7505
14660 2 0 7401 7505 7504
14661 2 0 7402 7403 7506
14662 2 0 7402 7506 7505
14663 2 0 7403 7404 7507
14664 2 0 7403 7507 7506
14665 2 0 7404 7405 7508
14666 2 0 7404 7508 7507
14667 2 0 7405 7406 7509
14668 2 0 7405 7509 7508
14669 2 0 7406 7407 7510
14670 2 0 7406 7510 7509
14671 2 0 7407 7408 7511
14672 2 0 7407 7511 7510
14673 2 0 7408 7409 7512
14674 2 0 7408 7512 7511
14675 2 0 7409 7410 7513
14676 2 0 7409 7513 7512
14677 2 0 7410 7411 7514
14678 2 0 7410 7514 7513
14679 2 0 7411 7412 7515
14680 2 0 7411 7515 7514
14681 2 0 7412 7413 7516
14682 2 0 7412 7516 7515
14683 2 0 7413 7414 7517
14684 2 0 7413 7517 7516
14685 2 0 7414 7415 7518
14686 2 0 7414 7518 7517
14687 2 0 7415 7416 7519
14688 2 0 7415 7519 7518
14689 2 0 7417 7418 7521
14690 2 0 7417 7521 7520
14691 2 0 7418 7419 7522
14692 2 0 7418 7522 7521
14693 2 0 7419 7420 7523
14694 2 0 7419 7523 7522
14695 2 0 7420 7421 7524
14696 2 0 7420 7524 7523
14697 2 0 7421 7422 7525
14698 2 0 7421 7525 7524
14699 2 0 7422 7423 7526
14700 2 0 7422 7526 7525
14701 2 0 7423 7424 7527
14702 2 0 7423 7527 7526
14703 2 0 7424 7425 7528
14704 2 0 7424 7528 7527
14705 2 0 7425 7426 7529
14706 2 0 7425 7529 7528
14707 2 0 7426 7427 7530
14708 2 0 7426 7530 7529
14709 2 0 7427 7428 7531
14710 2 0 7427 7531 7530
14711 2 0 7428 7429 7532
14712 2 0 7428 7532 7531
14713 2 0 7429 7430 7533
14714 2 0 7429 7533 7532
14715 2 0 7430 7431 7534
14716 2 0 7430 7534 7533
14717 2 0 7431 7432 7535
14718 2 0 7431 7535 7534
14719 2 0 7432 7433 7536
14720 2 0 7432 7536 7535
14721 2 0 7433 7434 7537
14722 2 0 7433 7537 7536
14723 2 0 7434 7435 7538
14724 2 0 7434 7538 7537
14725 2 0 7435 7436 7539
14726 2 0 7435 7539 7538
14727 2 0 7436 7437 7540
14728 2 0 7436 7540 7539
14729 2 0 7437 7438 7541
14730 2 0 7437 7541 7540
14731 2 0 7438 7439 7542
14732 2 0 7438 7542 7541
14733 2 0 7439 7440 7543
14734 2 0 7439 7543 7542
14735 2 0 7440 7441 7544
14736 2 0 7440 7544 7543
14737 2 0 7441 7442 7545
14738 2 0 7441 7545 7544
14739 2 0 7442 7443 7546
14740 2 0 7442 7546 7545
14741 2 0 7443 7444 7547
14742 2 0 7443 7547 7546
14743 2 0 7444 7445 7548
14744 2 0 7444 7548 7547
14745 2 0 7445 7446 7549
14746 2 0 7445 7549 7548
14747 2 0 7446 7447 7550
14748 2 0 7446 7550 7549
14749 2 0 7447 7448 7551
14750 2 0 7447 7551 7550
14751 2 0 7448 7449 7552
14752 2 0 7448 7552 7551
14753 2 0 7449 7450 7553
14754 2 0 7449 7553 7552
14755 2 0 7450 7451 7554
14756 2 0 7450 7554 7553
14757 2 0 7451 7452 7555
14758 2 0 7451 7555 7554
14759 2 0 7452 7453 7556
14760 2 0 7452 7556 7555
14761 2 0 7453 7454 7557
14762 2 0 7453 7557 7556
14763 2 0 7454 7455 7558
14764 2 0 7454 7558 7557
14765 2 0 7455 7456 7559
14766 2 0 7455 7559 7558
14767 2 0 7456 7457 7560
14768 2 0 7456 7560 7559
14769 2 0 7457 7458 7561
14770 2 0 7457 7561 7560
14771 2 0 7458 7459 7562
14772 2 0 7458 7562 7561
14773 2 0 7459 7460 7563
14774 2 0 7459 7563 7562
14775 2 0 7460 7461 7564
14776 2 0 7460 7564 7563
14777 2 0 7461 7462 7565
14778 2 0 7461 7565 7564
14779 2 0 7462 7463 7566
14780 2 0 7462 7566 7565
14781 2 0 7463 7464 7567
14782 2 0 7463 7567 7566
14783 2 0 7464 7465 7568
14784 2 0 7464 7568 7567
14785 2 0 7465 7466 7569
14786 2 0 7465 7569 7568
14787 2 0 7466 7467 7570
14788 2 0 7466 7570 7569
14789 2 0 7467 7468 7571
14790 2 0 7467 7571 7570
14791 2 0 7468 7469 7572
14792 2 0 7468 7572 7571
14793 2 0 7469 7470 7573
14794 2 0 7469 7573 7572
14795 2 0 7470 7471 7574
14796 2 0 7470 7574 7573
14797 2 0 7471 7472 7575
14798 2 0 7471 7575 7574
14799 2 0 7472 7473 7576
14800 2 0 7472 7576 7575
14801 2 0 7473 7474 7577
14802 2 0 7473 7577 7576
14803 2 0 7474 7475 7578
14804 2 0 7474 7578 7577
14805 2 0 7475 7476 7579
14806 2 0 7475 7579 7578
14807 2 0 7476 7477 7580
14808 2 0 7476 7580 7579
14809 2 0 7477 7478 7581
14810 2 0 7477 7581 7580
14811 2 0 7478 7479 7582
14812 2 0 7478 7582 7581
14813 2 0 7479 7480 7583
14814 2 0 7479 7583 7582
14815 2 0 7480 7481 7584
14816 2 0 7480 7584 7583
14817 2 0 7481 7482 7585
14818 2 0 7481 7585 7584
14819 2 0 7482 7483 7586
14820 2 0 7482 7586 7585
14821 2 0 7483 7484 7587
14822 2 0 7483 7587 7586
14823 2 0 7484 7485 7588
14824 2 0 7484 7588 7587
14825 2 0 7485 7486 7589
14826 2 0 7485 7589 7588
14827 2 0 7486 7487 7590
14828 2 0 7486 7590 7589
14829 2 0 7487 7488 7591
14830 2 0 7487 7591 7590
14831 2 0 7488 7489 7592
14832 2 0 7488 7592 7591
14833 2 0 7489 7490 7593
14834 2 0 7489 7593 7592
14835 2 0 7490 7491 7594
14836 2 0 7490 7594 7593
14837 2 0 7491 7492 7595
14838 2 0 7491 7595 7594
14839 2 0 7492 7493 7596
14840 2 0 7492 7596 7595
14841 2 0 7493 7494 7597
14842 2 0 7493 7597 7596
14843 2 0 7494 7495 7598
14844 2 0 7494 7598 7597
14845 2 0 7495 7496 7599
14846 2 0 7495 7599 7598
14847 2 0 7496 7497 7600
14848 2 0 7496 7600 7599
14849 2 0 7497 7498 7601
14850 2 0 7497 7601 7600
14851 2 0 7498 7499 7602
14852 2 0 7498 7602 7601
14853 2 0 7499 7500 7603
14854 2 0 7499 7603 7602
14855 2 0 7500 7501 7604
14856 2 0 7500 7604 7603
14857 2 0 7501 7502 7605
14858 2 0 7501 7605 7604
14859 2 0 7502 7503 7606
14860 2 0 7502 7606 7605
14861 2 0 7503 7504 7607
14862 2 0 7503 7607 7606
14863 2 0 7504 7505 7608
14864 2 0 7504 7608 7607
14865 2 0 7505 7506 7609
14866 2 0 7505 7609 7608
14867 2 0 7506 7507 7610
14868 2 0 7506 7610 7609
14869 2 0 7507 7508 7611
14870 2 0 7507 7611 7610
14871 2 0 7508 7509 7612
14872 2 0 7508 7612 7611
14873 2 0 7509 7510 7613
14874 2 0 7509 7613 7612
14875 2 0 7510 7511 7614
14876 2 0 7510 7614 7613
14877 2 0 7511 7512 7615
14878 2 0 7511 7615 7614
14879 2 0 7512 7513 7616
14880 2 0 7512 7616 7615
14881 2 0 7513 7514 7617
14882 2 0 7513 7617 7616
14883 2 0 7514 7515 7618
14884 2 0 7514 7618 7617
14885 2 0 7515 7516 7619
14886 2 0 7515 7619 7618
14887 2 0 7516 7517 7620
14888 2 0 7516 7620 7619
14889 2 0 7517 7518 7621
14890 2 0 7517 7621 7620
14891 2 0 7518 7519 7622
14892 2 0 7518 7622 7621
14893 2 0 7520 7521 7624
14894 2 0 7520 7624 7623
14895 2 0 7521 7522 7625
14896 2 0 7521 7625 7624
14897 2 0 7522 7523 7626
14898 2 0 7522 7626 7625
14899 2 0 7523 7524 7627
14900 2 0 7523 7627 7626
14901 2 0 7524 7525 7628
14902 2 0 7524 7628 7627
14903 2 0 7525 7526 7629
14904 2 0 7525 7629 7628
14905 2 0 7526 7527 7630
14906 2 0 7526 7630 7629
14907 2 0 7527 7528 7631
14908 2 0 7527 7631 7630
14909 2 0 7528 7529 7632
14910 2 0 7528 7632 7631
14911 2 0 7529 7530 7633
14912 2 0 7529 7633 7632
14913 2 0 7530 7531 7634
14914 2 0 7530 7634 7633
14915 2 0 7531 7532 7635
14916 2 0 7531 7635 7634
14917 2 0 7532 7533 7636
14918 2 0 7532 7636 7635
14919 2 0 7533 7534 7637
14920 2 0 7533 7637 7636
14921 2 0 7534 7535 7638
14922 2 0 7534 7638 7637
14923 2 0 7535 7536 7639
14924 2 0 7535 7639 7638
14925 2 0 7536 7537 7640
14926 2 0 7536 7640 7639
14927 2 0 7537 7538 7641
14928 2 0 7537 7641 7640
14929 2 0 7538 7539 7642
14930 2 0 7538 7642 7641
14931 2 0 7539 7540 7643
14932 2 0 7539 7643 7642
14933 2 0 7540 7541 7644
14934 2 0 7540 7644 7643
14935 2 0 7541 7542 7645
14936 2 0 7541 7645 7644
14937 2 0 7542 7543 7646
14938 2 0 7542 7646 7645
14939 2 0 7543 7544 7647
14940 2 0 7543 7647 7646
14941 2 0 7544 7545 7648
14942 2 0 7544 7648 7647
14943 2 0 7545 7546 7649
14944 2 0 7545 7649 7648
14945 2 0 7546 7547 7650
14946 2 0 7546 7650 7649
14947 2 0 7547 7548 7651
14948 2 0 7547 7651 7650
14949 2 0 7548 7549 7652
14950 2 0 7548 7652 7651
14951 2 0 7549 7550 7653
14952 2 0 7549 7653 7652
14953 2 0 7550 7551 7654
14954 2 0 7550 7654 7653
14955 2 0 7551 7552 7655
14956 2 0 7551 7655 7654
14957 2 0 7552 7553 7656
14958 2 0 7552 7656 7655
14959 2 0 7553 7554 7657
14960 2 0 7553 7657 7656
14961 2 0 7554 7555 7658
14962 2 0 7554 7658 7657
14963 2 0 7555 7556 7659
14964 2 0 7555 7659 7658
14965 2 0 7556 7557 7660
14966 2 0 7556 7660 7659
14967 2 0 7557 7558 7661
14968 2 0 7557 7661 7660
14969 2 0 7558 7559 7662
14970 2 0 7558 7662 7661
14971 2 0 7559 7560 7663
14972 2 0 7559 7663 7662
14973 2 0 7560 7561 7664
14974 2 0 7560 7664 7663
14975 2 0 7561 7562 7665
14976 2 0 7561 7665 7664
14977 2 0 7562 7563 7666
14978 2 0 7562 7666 7665
14979 2 0 7563 7564 7667
14980 2 0 7563 7667 7666
14981 2 0 7564 7565 7668
14982 2 0 7564 7668 7667
14983 2 0 7565 7566 7669
14984 2 0 7565 7669 7668
14985 2 0 7566 7567 7670
14986 2 0 7566 7670 7669
14987 2 0 7567 7568 7671
14988 2 0 7567 7671 7670
14989 2 0 7568 7569 7672
14990 2 0 7568 7672 7671
14991 2 0 7569 7570 7673
14992 2 0 7569 7673 7672
14993 2 0 7570 7571 7674
14994 2 0 7570 7674 7673
14995 2 0 7571 7572 7675
14996 2 0 7571 7675 7674
14997 2 0 7572 7573 7676
14998 2 0 7572 7676 7675
14999 2 0 7573 7574 7677
15000 2 0 7573 7677 7676
15001 2 0 7574 7575 7678
15002 2 0 7574 7678 7677
15003 2 0 7575 7576 7679
15004 2 0 7575 7679 7678
15005 2 0 7576 7577 7680
15006 2 0 7576 7680 7679
15007 2 0 7577 7578 7681
15008 2 0 7577 7681 7680
15009 2 0 7578 7579 7682
15010 2 0 7578 7682 7681
15011 2 0 7579 7580 7683
15012 2 0 7579 7683 7682
15013 2 0 7580 7581 7684
15014 2 0 7580 7684 7683
15015 2 0 7581 7582 7685
15016 2 0 7581 7685 7684
15017 2 0 7582 7583 7686
15018 2 0 7582 7686 7685
15019 2 0 7583 7584 7687
15020 2 0 7583 7687 7686
15021 2 0 7584 7585 7688
15022 2 0 7584 7688 7687
15023 2 0 7585 7586 7689
15024 2 0 7585 7689 7688
15025 2 0 7586 7587 7690
15026 2 0 7586 7690 7689
15027 2 0 7587 7588 7691
15028 2 0 7587 7691 7690
15029 2 0 7588 7589 7692
15030 2 0 7588 7692 7691
15031 2 0 7589 7590 7693
15032 2 0 7589 7693 7692
15033 2 0 7590 7591 7694
15034 2 0 7590 7694 7693
15035 2 0 7591 7592 7695
15036 2 0 7591 7695 7694
15037 2 0 7592 7593 7696
15038 2 0 7592 7696 7695
15039 2 0 7593 7594 7697
15040 2 0 7593 7697 7696
15041 2 0 7594 7595 7698
15042 2 0 7594 7698 7697
15043 2 0 7595 7596 7699
15044 2 0 7595 7699 7698
15045 2 0 7596 7597 7700
15046 2 0 7596 7700 7699
15047 2 0 7597 7598 7701
15048 2 0 7597 7701 7700
15049 2 0 7598 7599 7702
15050 2 0 7598 7702 7701
15051 2 0 7599 7600 7703
15052 2 0 7599 7703 7702
15053 2 0 7600 7601 7704
15054 2 0 7600 7704 7703
15055 2 0 7601 7602 7705
15056 2 0 7601 7705 7704
15057 2 0 7602 7603 7706
15058 2 0 7602 7706 7705
15059 2 0 7603 7604 7707
15060 2 0 7603 7707 7706
15061 2 0 7604 7605 7708
15062 2 0 7604 7708 7707
15063 2 0 7605 7606 7709
15064 2 0 7605 7709 7708
15065 2 0 7606 7607 7710
15066 2 0 7606 7710 7709
15067 2 0 7607 7608 7711
15068 2 0 7607 7711 7710
15069 2 0 7608 7609 7712
15070 2 0 7608 7712 7711
15071 2 0 7609 7610 7713
15072 2 0 7609 7713 7712
15073 2 0 7610 7611 7714
15074 2 0 7610 7714 7713
15075 2 0 7611 7612 7715
15076 2 0 7611 7715 7714
15077 2 0 7612 7613 7716
15078 2 0 7612 7716 7715
15079 2 0 7613 7614 7717
15080 2 0 7613 7717 7716
15081 2 0 7614 7615 7718
15082 2 0 7614 7718 7717
15083 2 0 7615 7616 7719
15084 2 0 7615 7719 7718
15085 2 0 7616 7617 7720
15086 2 0 7616 7720 7719
15087 2 0 7617 7618 7721
15088 2 0 7617 7721 7720
15089 2 0 7618 7619 7722
15090 2 0 7618 7722 7721
15091 2 0 7619 7620 7723
15092 2 0 7619 7723 7722
15093 2 0 7620 7621 7724
15094 2 0 7620 7724 7723
15095 2 0 7621 7622 7725
15096 2 0 7621 7725 7724
15097 2 0 7623 7624 7727
15098 2 0 7623 7727 7726
15099 2 0 7624 7625 7728
15100 2 0 7624 7728 7727
15101 2 0 7625 7626 7729
15102 2 0 7625 7729 7728
15103 2 0 7626 7627 7730
15104 2 0 7626 7730 7729
15105 2 0 7627 7628 7731
15106 2 0 7627 7731 7730
15107 2 0 7628 7629 7732
15108 2 0 7628 7732 7731
15109 2 0 7629 7630 7733
15110 2 0 7629 7733 7732
15111 2 0 7630 7631 7734
15112 2 0 7630 7734 7733
15113 2 0 7631 7632 7735
15114 2 0 7631 7735 7734
15115 2 0 7632 7633 7736
15116 2 0 7632 7736 7735
15117 2 0 7633 7634 7737
15118 2 0 7633 7737 7736
15119 2 0 7634 7635 7738
15120 2 0 7634 7738 7737
15121 2 0 7635 7636 7739
15122 2 0 7635 7739 7738
15123 2 0 7636 7637 7740
15124 2 0 7636 7740 7739
15125 2 0 7637 7638 7741
15126 2 0 7637 7741 7740
15127 2 0 7638 7639 7742
15128 2 0 7638 7742 7741
15129 2 0 7639 7640 7743
15130 2 0 7639 7743 7742
15131 2 0 7640 7641 7744
15132 2 0 7640 7744 7743
15133 2 0 7641 7642 7745
15134 2 0 7641 7745 7744
15135 2 0 7642 7643 7746
15136 2 0 7642 7746 7745
15137 2 0 7643 7644 7747
15138 2 0 7643 7747 7746
15139 2 0 7644 7645 7748
15140 2 0 7644 7748 7747
15141 2 0 7645 7646 7749
15142 2 0 7645 7749 7748
15143 2 0 7646 7647 7750
15144 2 0 7646 7750 7749
15145 2 0 7647 7648 7751
15146 2 0 7647 7751 7750
15147 2 0 7648 7649 7752
15148 2 0 7648 7752 7751
15149 2 0 7649 7650 7753
15150 2 0 7649 7753 7752
15151 2 0 7650 7651 7754
15152 2 0 7650 7754 7753
15153 2 0 7651 7652 7755
15154 2 0 7651 7755 7754
15155 2 0 7652 7653 7756
15156 2 0 7652 7756 7755
15157 2 0 7653 7654 7757
15158 2 0 7653 7757 7756
15159 2 0 7654 7655 7758
15160 2 0 7654 7758 7757
15161 2 0 7655 7656 7759
15162 2 0 7655 7759 7758
15163 2 0 7656 7657 7760
15164 2 0 7656 7760 7759
15165 2 0 7657 7658 7761
15166 2 0 7657 7761 7760
15167 2 0 7658 7659 7762
15168 2 0 7658 7762 7761
15169 2 0 7659 7660 7763
15170 2 0 7659 7763 7762
15171 2 0 7660 7661 7764
15172 2 0 7660 7764 7763
15173 2 0 7661 7662 7765
15174 2 0 7661 7765 7764
15175 2 0 7662 7663 7766
15176 2 0 7662 7766 7765
15177 2 0 7663 7664 7767
15178 2 0 7663 7767 7766
15179 2 0 7664 7665 7768
15180 2 0 7664 7768 7767
15181 2 0 7665 7666 7769
15182 2 0 7665 7769 7768
15183 2 0 7666 7667 7770
15184 2 0 7666 7770 7769
15185 2 0 7667 7668 7771
15186 2 0 7667 7771 7770
15187 2 0 7668 7669 7772
15188 2 0 7668 7772 7771
15189 2 0 7669 7670 7773
15190 2 0 7669 7773 7772
15191 2 0 7670 7671 7774
15192 2 0 7670 7774 7773
15193 2 0 7671 7672 7775
15194 2 0 7671 7775 7774
15195 2 0 7672 7673 7776
15196 2 0 7672 7776 7775
15197 2 0 7673 7674 7777
15198 2 0 7673 7777 7776
15199 2 0 7674 7675 7778
15200 2 0 7674 7778 7777
15201 2 0 7675 7676 7779
15202 2 0 7675 7779 7778
15203 2 0 7676 7677 7780
15204 2 0 7676 7780 7779
15205 2 0 7677 7678 7781
15206 2 0 7677 7781 7780
15207 2 0 7678 7679 7782
15208 2 0 7678 7782 7781
15209 2 0 7679 7680 7783
15210 2 0 7679 7783 7782
15211 2 0 7680 7681 7784
15212 2 0 7680 7784 7783
15213 2 0 7681 7682 7785
15214 2 0 7681 7785 7784
15215 2 0 7682 7683 7786
15216 2 0 7682 7786 7785
15217 2 0 7683 7684 7787
15218 2 0 7683 7787 7786
15219 2 0 7684 7685 7788
15220 2 0 7684 7788 7787
15221 2 0 7685 7686 7789
15222 2 0 7685 7789 7788
15223 2 0 7686 7687 7790
15224 2 0 7686 7790 7789
15225 2 0 7687 7688 7791
15226 2 0 7687 7791 7790
15227 2 0 7688 7689 7792
15228 2 0 7688 7792 7791
15229 2 0 7689 7690 7793
15230 2 0 7689 7793 7792
15231 2 0 7690 7691 7794
15232 2 0 7690 7794 7793
15233 2 0 7691 7692 7795
15234 2 0 7691 7795 7794
15235 2 0 7692 7693 7796
15236 2 0 7692 7796 7795
15237 2 0 7693 7694 7797
15238 2 0 7693 7797 7796
15239 2 0 7694 7695 7798
15240 2 0 7694 7798 7797
15241 2 0 7695 7696 7799
15242 2 0 7695 7799 7798
15243 2 0 7696 7697 7800
15244 2 0 7696 7800 7799
15245 2 0 7697 7698 7801
15246 2 0 7697 7801 7800
15247 2 0 7698 7699 7802
15248 2 0 7698 7802 7801
15249 2 0 7699 7700 7803
15250 2 0 7699 7803 7802
15251 2 0 7700 7701 7804
15252 2 0 7700 7804 7803
15253 2 0 7701 7702 7805
15254 2 0 7701 7805 7804
15255 2 0 7702 7703 7806
15256 2 0 7702 7806 7805
15257 2 0 7703 7704 7807
15258 2 0 7703 7807 7806
15259 2 0 7704 7705 7808
15260 2 0 7704 7808 7807
15261 2 0 7705 7706 7809
15262 2 0 7705 7809 7808
15263 2 0 7706 7707 7810
15264 2 0 7706 7810 7809
15265 2 0 7707 7708 7811
15266 2 0 7707 7811 7810
15267 2 0 7708 7709 7812
15268 2 0 7708 7812 7811
15269 2 0 7709 7710 7813
15270 2 0 7709 7813 7812
15271 2 0 7710 7711 7814
15272 2 0 7710 7814 7813
15273 2 0 7711 7712 7815
15274 2 0 7711 7815 7814
15275 2 0 7712 7713 7816
15276 2 0 7712 7816 7815
15277 2 0 7713 7714 7817
15278 2 0 7713 7817 7816
15279 2 0 7714 7715 7818
15280 2 0 7714 7818 7817
15281 2 0 7715 7716 7819
15282 2 0 7715 7819 7818
15283 2 0 7716 7717 7820
15284 2 0 7716 7820 7819
15285 2 0 7717 7718 7821
15286 2 0 7717 7821 7820
15287 2 0 7718 7719 7822
15288 2 0 7718 7822 7821
15289 2 0 7719 7720 7823
15290 2 0 7719 7823 7822
15291 2 0 7720 7721 7824
15292 2 0 7720 7824 7823
15293 2 0 7721 7722 7825
15294 2 0 7721 7825 7824
15295 2 0 7722 7723 7826
15296 2 0 7722 7826 7825
15297 2 0 7723 7724 7827
15298 2 0 7723 7827 7826
15299 2 0 7724 7725 7828
15300 2 0 7724 7828 7827
15301 2 0 7726 7727 7830
15302 2 0 7726 7830 7829
15303 2 0 7727 7728 7831
15304 2 0 7727 7831 7830
15305 2 0 7728 7729 7832
15306 2 0 7728 7832 7831
15307 2 0 7729 7730 7833
15308 2 0 7729 7833 7832
15309 2 0 7730 7731 7834
15310 2 0 7730 7834 7833
15311 2 0 7731 7732 7835
15312 2 0 7731 7835 7834
15313 2 0 7732 7733 7836
15314 2 0 7732 7836 7835
15315 2 0 7733 7734 7837
15316 2 0 7733 7837 7836
15317 2 0 7734 7735 7838
15318 2 0 7734 7838 7837
15319 2 0 7735 7736 7839
15320 2 0 7735 7839 7838
15321 2 0 7736 7737 7840
15322 2 0 7736 7840 7839
15323 2 0 7737 7738 7841
15324 2 0 7737 7841 7840
15325 2 0 7738 7739 7842
15326 2 0 7738 7842 7841
15327 2 0 7739 7740 7843
15328 2 0 7739 7843 7842
15329 2 0 7740 7741 7844
15330 2 0 7740 7844 7843
15331 2 0 7741 7742 7845
15332 2 0 7741 7845 7844
15333 2 0 7742 7743 7846
15334 2 0 7742 7846 7845
15335 2 0 7743 7744 7847
15336 2 0 7743 7847 7846
15337 2 0 7744 7745 7848
15338 2 0 7744 7848 7847
15339 2 0 7745 7746 7849
15340 2 0 7745 7849 7848
15341 2 0 7746 7747 7850
15342 2 0 7746 7850 7849
15343 2 0 7747 7748 7851
15344 2 0 7747 7851 7850
15345 2 0 7748 7749 7852
15346 2 0 7748 7852 7851
15347 2 0 7749 7750 7853
15348 2 0 7749 7853 7852
15349 2 0 7750 7751 7854
15350 2 0 7750 7854 7853
15351 2 0 7751 7752 7855
15352 2 0 7751 7855 7854
15353 2 0 7752 7753 7856
15354 2 0 7752 7856 7855
15355 2 0 7753 7754 7857
15356 2 0 7753 7857 7856
15357 2 0 7754 7755 7858
15358 2 0 7754 7858 7857
15359 2 0 7755 7756 7859
15360 2 0 7755 7859 7858
15361 2 0 7756 7757 7860
15362 2 0 7756 7860 7859
15363 2 0 7757 7758 7861
15364 2 0 7757 7861 7860
15365 2 0 7758 7759 7862
15366 2 0 7758 7862 7861
15367 2 0 7759 7760 7863
15368 2 0 7759 7863 7862
15369 2 0 7760 7761 7864
15370 2 0 7760 7864 7863
15371 2 0 7761 7762 7865
15372 2 0 7761 7865 7864
15373 2 0 7762 7763 7866
15374 2 0 7762 7866 7865
15375 2 0 7763 7764 7867
15376 2 0 7763 7867 7866
15377 2 0 7764 7765 7868
15378 2 0 7764 7868 7867
15379 2 0 7765 7766 7869
15380 2 0 7765 7869 7868
15381 2 0 7766 7767 7870
15382 2 0 7766 7870 7869
15383 2 0 7767 7768 7871
15384 2 0 7767 7871 7870
15385 2 0 7768 7769 7872
15386 2 0 7768 7872 7871
15387 2 0 7769 7770 7873
15388 2 0 7769 7873 7872
15389 2 0 7770 7771 7874
15390 2 0 7770 7874 7873
15391 2 0 7771 7772 7875
15392 2 0 7771 7875 7874
15393 2 0 7772 7773 7876
15394 2 0 7772 7876 7875
15395 2 0 7773 7774 7877
15396 2 0 7773 7877 7876
15397 2 0 7774 7775 7878
15398 2 0 7774 7878 7877
15399 2 0 7775 7776 7879
15400 2 0 7775 7879 7878
15401 2 0 7776 7777 7880
15402 2 0 7776 7880 7879
15403 2 0 7777 7778 7881
15404 2 0 7777 7881 7880
15405 2 0 7778 7779 7882
15406 2 0 7778 7882 7881
15407 2 0 7779 7780 7883
15408 2 0 7779 7883 7882
15409 2 0 7780 7781 7884
15410 2 0 7780 7884 7883
15411 2 0 7781 7782 7885
15412 2 0 7781 7885 7884
15413 2 0 7782 7783 7886
15414 2 0 7782 7886 7885
15415 2 0 7783 7784 7887
15416 2 0 7783 7887 7886
15417 2 0 7784 7785 7888
15418 2 0 7784 7888 7887
15419 2 0 7785 7786 7889
15420 2 0 7785 7889 7888
15421 2 0 7786 7787 7890
15422 2 0 7786 7890 7889
15423 2 0 7787 7788 7891
15424 2 0 7787 7891 7890
15425 2 0 7788 7789 7892
15426 2 0 7788 7892 7891
15427 2 0 7789 7790 7893
15428 2 0 7789 7893 7892
15429 2 0 7790 7791 7894
15430 2 0 7790 7894 7893
15431 2 0 7791 7792 7895
15432 2 0 7791 7895 7894
15433 2 0 7792 7793 7896
15434 2 0 7792 7896 7895
15435 2 0 7793 7794 7897
15436 2 0 7793 7897 7896
15437 2 0 7794 7795 7898
15438 2 0 7794 7898 7897
15439 2 0 7795 7796 7899
15440 2 0 7795 7899 7898
15441 2 0 7796 7797 7900
15442 2 0 7796 7900 7899
15443 2 0 7797 7798 7901
15444 2 0 7797 7901 7900
15445 2 0 7798 7799 7902
15446 2 0 7798 7902 7901
15447 2 0 7799 7800 7903
15448 2 0 7799 7903 7902
15449 2 0 7800 7801 7904
15450 2 0 7800 7904 7903
15451 2 0 7801 7802 7905
15452 2 0 7801 7905 7904
15453 2 0 7802 7803 7906
15454 2 0 7802 7906 7905
15455 2 0 7803 7804 7907
15456 2 0 7803 7907 7906
15457 2 0 7804 7805 7908
15458 2 0 7804 7908 7907
15459 2 0 7805 7806 7909
15460 2 0 7805 7909 7908
15461 2 0 7806 7807 7910
15462 2 0 7806 7910 7909
15463 2 0 7807 7808 7911
15464 2 0 7807 7911 7910
15465 2 0 7808 7809 7912
15466 2 0 7808 7912 7911
15467 2 0 7809 7810 7913
15468 2 0 7809 7913 7912
15469 2 0 7810 7811 7914
15470 2 0 7810 7914 7913
15471 2 0 7811 7812 7915
15472 2 0 7811 7915 7914
15473 2 0 7812 7813 7916
15474 2 0 7812 7916 7915
15475 2 0 7813 7814 7917
15476 2 0 7813 7917 7916
15477 2 0 7814 7815 7918
15478 2 0 7814 7918 7917
15479 2 0 7815 7816 7919
15480 2 0 7815 7919 7918
15481 2 0 7816 7817 7920
15482 2 0 7816 7920 7919
15483 2 0 7817 7818 7921
15484 2 0 7817 7921 7920
15485 2 0 7818 7819 7922
15486 2 0 7818 7922 7921
15487 2 0 7819 7820 7923
15488 2 0 7819 7923 7922
15489 2 0 7820 7821 7924
15490 2 0 7820 7924 7923
15491 2 0 7821 7822 7925
15492 2 0 7821 7925 7924
15493 2 0 7822 7823 7926
15494 2 0 7822 7926 7925
15495 2 0 7823 7824 7927
15496 2 0 7823 7927 7926
15497 2 0 7824 7825 7928
15498 2 0 7824 7928 7927
15499 2 0 7825 7826 7929
15500 2 0 7825 7929 7928
15501 2 0 7826 7827 7930
15502 2 0 7826 7930 7929
15503 2 0 7827 7828 7931
15504 2 0 7827 7931 7930
15505 2 0 7829 7830 7933
15506 2 0 7829 7933 7932
15507 2 0 7830 7831 7934
15508 2 0 7830 7934 7933
15509 2 0 7831 7832 7935
15510 2 0 7831 7935 7934
15511 2 0 7832 7833 7936
15512 2 0 7832 7936 7935
15513 2 0 7833 7834 7937
15514 2 0 7833 7937 7936
15515 2 0 7834 7835 7938
15516 2 0 7834 7938 7937
15517 2 0 7835 7836 7939
15518 2 0 7835 7939 7938
15519 2 0 7836 7837 7940
15520 2 0 7836 7940 7939
15521 2 0 7837 7838 7941
15522 2 0 7837 7941 7940
15523 2 0 7838 7839 7942
15524 2 0 7838 7942 7941
15525 2 0 7839 7840 7943
15526 2 0 7839 7943 7942
15527 2 0 7840 7841 7944
15528 2 0 7840 7944 7943
15529 2 0 7841 7842 7945
15530 2 0 7841 7945 7944
15531 2 0 7842 7843 7946
15532 2 0 7842 7946 7945
15533 2 0 7843 7844 7947
15534 2 0 7843 7947 7946
15535 2 0 7844 7845 7948
15536 2 0 7844 7948 7947
15537 2 0 7845 7846 7949
15538 2 0 7845 7949 7948
15539 2 0 7846 7847 7950
15540 2 0 7846 7950 7949
15541 2 0 7847 7848 7951
15542 2 0 7847 7951 7950
15543 2 0 7848 7849 7952
15544 2 0 7848 7952 7951
15545 2 0 7849 7850 7953
15546 2 0 7849 7953 7952
15547 2 0 7850 7851 7954
15548 2 0 7850 7954 7953
15549 2 0 7851 7852 7955
15550 2 0 7851 7955 7954
15551 2 0 7852 7853 7956
15552 2 0 7852 7956 7955
15553 2 0 7853 7854 7957
15554 2 0 7853 7957 7956
15555 2 0 7854 7855 7958
15556 2 0 7854 7958 7957
15557 2 0 7855 7856 7959
15558 2 0 7855 7959 7958
15559 2 0 7856 7857 7960
15560 2 0 7856 7960 7959
15561 2 0 7857 7858 7961
15562 2 0 7857 7961 7960
15563 2 0 7858 7859 7962
15564 2 0 7858 7962 7961
15565 2 0 7859 7860 7963
15566 2 0 7859 7963 7962
15567 2 0 7860 7861 7964
15568 2 0 7860 7964 7963
15569 2 0 7861 7862 7965
15570 2 0 7861 7965 7964
15571 2 0 7862 7863 7966
15572 2 0 7862 7966 7965
15573 2 0 7863 7864 7967
15574 2 0 7863 7967 7966
15575 2 0 7864 7865 7968
15576 2 0 7864 7968 7967
15577 2 0 7865 7866 7969
15578 2 0 7865 7969 7968
15579 2 0 7866 7867 7970
15580 2 0 7866 7970 7969
15581 2 0 7867 7868 7971
15582 2 0 7867 7971 7970
15583 2 0 7868 7869 7972
15584 2 0 7868 7972 7971
15585 2 0 7869 7870 7973
15586 2 0 7869 7973 7972
15587 2 0 7870 7871 7974
15588 2 0 7870 7974 7973
15589 2 0 7871 7872 7975
15590 2 0 7871 7975 7974
15591 2 0 7872 7873 7976
15592 2 0 7872 7976 7975
15593 2 0 7873 7874 7977
15594 2 0 7873 7977 7976
15595 2 0 7874 7875 7978
15596 2 0 7874 7978 7977
15597 2 0 7875 7876 7979
15598 2 0 7875 7979 7978
15599 2 0 7876 7877 7980
15600 2 0 7876 7980 7979
15601 2 0 7877 7878 7981
15602 2 0 7877 7981 7980
15603 2 0 7878 7879 7982
15604 2 0 7878 7982 7981
15605 2 0 7879 7880 7983
15606 2 0 7879 7983 7982
15607 2 0 7880 7881 7984
15608 2 0 7880 7984 7983
15609 2 0 7881 7882 7985
15610 2 0 7881 7985 7984
15611 2 0 7882 7883 7986
15612 2 0 7882 7986 7985
15613 2 0 7883 7884 7987
15614 2 0 7883 7987 7986
15615 2 0 7884 7885 7988
15616 2 0 7884 7988 7987
15617 2 0 7885 7886 7989
15618 2 0 7885 7989 7988
15619 2 0 7886 7887 7990
15620 2 0 7886 7990 7989
15621 2 0 7887 7888 7991
15622 2 0 7887 7991 7990
15623 2 0 7888 7889 7992
15624 2 0 7888 7992 7991
15625 2 0 7889 7890 7993
15626 2 0 7889 7993 7992
15627 2 0 7890 7891 7994
15628 2 0 7890 7994 7993
15629 2 0 7891 7892 7995
15630 2 0 7891 7995 7994
15631 2 0 7892 7893 7996
15632 2 0 7892 7996 7995
15633 2 0 7893 7894 7997
15634 2 0 7893 7997 7996
15635 2 0 7894 7895 7998
15636 2 0 7894 7998 7997
15637 2 0 7895 7896 7999
15638 2 0 7895 7999 7998
15639 2 0 7896 7897 8000
15640 2 0 7896 8000 7999
15641 2 0 7897 7898 8001
15642 2 0 7897 8001 8000
15643 2 0 7898 7899 8002
15644 2 0 7898 8002 8001
15645 2 0 7899 7900 8003
15646 2 0 7899 8003 8002
15647 2 0 7900 7901 8004
15648 2 0 7900 8004 8003
15649 2 0 7901 7902 8005
15650 2 0 7901 8005 8004
15651 2 0 7902 7903 8006
15652 2 0 7902 8006 8005
15653 2 0 7903 7904 8007
15654 2 0 7903 8007 8006
15655 2 0 7904 7905 8008
15656 2 0 7904 8008 8007
15657 2 0 7905 7906 8009
15658 2 0 7905 8009 8008
15659 2 0 7906 7907 8010
15660 2 0 7906 8010 8009
15661 2 0 7907 7908 8011
15662 2 0 7907 8011 8010
15663 2 0 7908 7909 8012
15664 2 0 7908 8012 8011
15665 2 0 7909 7910 8013
15666 2 0 7909 8013 8012
15667 2 0 7910 7911 8014
15668 2 0 7910 8014 8013
15669 2 0 7911 7912 8015
15670 2 0 7911 8015 8014
15671 2 0 7912 7913 8016
15672 2 0 7912 8016 8015
15673 2 0 7913 7914 8017
15674 2 0 7913 8017 8016
15675 2 0 7914 7915 8018
15676 2 0 7914 8018 8017
15677 2 0 7915 7916 8019
15678 2 0 7915 8019 8018
15679 2 0 7916 7917 8020
15680 2 0 7916 8020 8019
15681 2 0 7917 7918 8021
15682 2 0 7917 8021 8020
15683 2 0 7918 7919 8022
15684 2 0 7918 8022 8021
15685 2 0 7919 7920 8023
15686 2 0 7919 8023 8022
15687 2 0 7920 7921 8024
15688 2 0 7920 8024 8023
15689 2 0 7921 7922 8025
15690 2 0 7921 8025 8024
15691 2 0 7922 7923 8026
15692 2 0 7922 8026 8025
15693 2 0 7923 7924 8027
15694 2 0 7923 8027 8026
15695 2 0 7924 7925 8028
15696 2 0 7924 8028 8027
15697 2 0 7925 7926 8029
15698 2 0 7925 8029 8028
15699 2 0 7926 7927 8030
15700 2 0 7926 8030 8029
15701 2 0 7927 7928 8031
15702 2 0 7927 8031 8030
15703 2 0 7928 7929 8032
15704 2 0 7928 8032 8031
15705 2 0 7929 7930 8033
15706 2 0 7929 8033 8032
15707 2 0 7930 7931 8034
15708 2 0 7930 8034 8033
15709 2 0 7932 7933 8036
15710 2 0 7932 8036 8035
15711 2 0 7933 7934 8037
15712 2 0 7933 8037 8036
15713 2 0 7934 7935 8038
15714 2 0 7934 8038 8037
15715 2 0 7935 7936 8039
15716 2 0 7935 8039 8038
15717 2 0 7936 7937 8040
15718 2 0 7936 8040 8039
15719 2 0 7937 7938 8041
15720 2 0 7937 8041 8040
15721 2 0 7938 7939 8042
15722 2 0 7938 8042 8041
15723 2 0 7939 7940 8043
15724 2 0 7939 8043 8042
15725 2 0 7940 7941 8044
15726 2 0 7940 8044 8043
15727 2 0 7941 7942 8045
15728 2 0 7941 8045 8044
15729 2 0 7942 7943 8046
15730 2 0 7942 8046 8045
15731 2 0 7943 7944 8047
15732 2 0 7943 8047 8046
15733 2 0 7944 7945 8048
15734 2 0 7944 8048 8047
15735 2 0 7945 7946 8049
15736 2 0 7945 8049 8048
15737 2 0 7946 7947 8050
15738 2 0 7946 8050 8049
15739 2 0 7947 7948 8051
15740 2 0 7947 8051 8050
15741 2 0 7948 7949 8052
15742 2 0 7948 8052 8051
15743 2 0 7949 7950 8053
15744 2 0 7949 8053 8052
15745 2 0 7950 7951 8054
15746 2 0 7950 8054 8053
15747 2 0 7951 7952 8055
15748 2 0 7951 8055 8054
15749 2 0 7952 7953 8056
15750 2 0 7952 8056 8055
15751 2 0 7953 7954 8057
15752 2 0 7953 8057 8056
15753 2 0 7954 7955 8058
15754 2 0 7954 8058 8057
15755 2 0 7955 7956 8059
15756 2 0 7955 8059 8058
15757 2 0 7956 7957 8060
15758 2 0 7956 8060 8059
15759 2 0 7957 7958 8061
15760 2 0 7957 8061 8060
15761 2 0 7958 7959 8062
15762 2 0 7958 8062 8061
15763 2 0 7959 7960 8063
15764 2 0 7959 8063 8062
15765 2 0 7960 7961 8064
15766 2 0 7960 8064 8063
15767 2 0 7961 7962 8065
15768 2 0 7961 8065 8064
15769 2 0 7962 7963 8066
15770 2 0 7962 8066 8065
15771 2 0 7963 7964 8067
15772 2 0 7963 8067 8066
15773 2 0 7964 7965 8068
15774 2 0 7964 8068 8067
15775 2 0 7965 7966 8069
15776 2 0 7965 8069 8068
15777 2 0 7966 7967 8070
15778 2 0 7966 8070 8069
15779 2 0 7967 7968 8071
15780 2 0 7967 8071 8070
15781 2 0 7968 7969 8072
15782 2 0 7968 8072 8071
15783 2 0 7969 7970 8073
15784 2 0 7969 8073 8072
15785 2 0 7970 7971 8074
15786 2 0 7970 8074 8073
15787 2 0 7971 7972 8075
15788 2 0 7971 8075 8074
15789 2 0 7972 7973 8076
15790 2 0 7972 8076 8075
15791 2 0 7973 7974 8077
15792 2 0 7973 8077 8076
15793 2 0 7974 7975 8078
15794 2 0 7974 8078 8077
15795 2 0 7975 7976 8079
15796 2 0 7975 8079 8078
15797 2 0 7976 7977 8080
15798 2 0 7976 8080 8079
15799 2 0 7977 7978 8081
15800 2 0 7977 8081 8080
15801 2 0 7978 7979 8082
15802 2 0 7978 8082 8081
15803 2 0 7979 7980 8083
15804 2 0 7979 8083 8082
15805 2 0 7980 7981 8084
15806 2 0 7980 8084 8083
15807 2 0 7981 7982 8085
15808 2 0 7981 8085 8084
15809 2 0 7982 7983 8086
15810 2 0 7982 8086 8085
15811 2 0 7983 7984 8087
15812 2 0 7983 8087 8086
15813 2 0 7984 7985 8088
15814 2 0 7984 8088 8087
15815 2 0 7985 7986 8089
15816 2 0 7985 8089 8088
15817 2 0 7986 7987 8090
15818 2 0 7986 8090 8089
15819 2 0 7987 7988 8091
15820 2 0 7987 8091 8090
15821 2 0 7988 7989 8092
15822 2 0 7988 8092 8091
15823 2 0 7989 7990 8093
15824 2 0 7989 8093 8092
15825 2 0 7990 7991 8094
15826 2 0 7990 8094 8093
15827 2 0 7991 7992 8095
15828 2 0 7991 8095 8094
15829 2 0 7992 7993 8096
15830 2 0 7992 8096 8095
15831 2 0 7993 7994 8097
15832 2 0 7993 8097 8096
15833 2 0 7994 7995 8098
15834 2 0 7994 8098 8097
15835 2 0 7995 7996 8099
15836 2 0 7995 8099 8098
15837 2 0 7996 7997 8100
15838 2 0 7996 8100 8099
15839 2 0 7997 7998 8101
15840 2 0 7997 8101 8100
15841 2 0 7998 7999 8102
15842 2 0 7998 8102 8101
15843 2 0 7999 8000 8103
15844 2 0 7999 8103 8102
15845 2 0 8000 8001 8104
15846 2 0 8000 8104 8103
15847 2 0 8001 8002 8105
15848 2 0 8001 8105 8104
15849 2 0 8002 8003 8106
15850 2 0 8002 8106 8105
15851 2 0 8003 8004 8107
15852 2 0 8003 8107 8106
15853 2 0 8004 8005 8108
15854 2 0 8004 8108 8107
15855 2 0 8005 8006 8109
15856 2 0 8005 8109 8108
15857 2 0 8006 8007 8110
15858 2 0 8006 8110 8109
15859 2 0 8007 8008 8111
15860 2 0 8007 8111 8110
15861 2 0 8008 8009 8112
15862 2 0 8008 8112 8111
15863 2 0 8009 8010 8113
15864 2 0 8009 8113 8112
15865 2 0 8010 8011 8114
15866 2 0 8010 8114 8113
15867 2 0 8011 8012 8115
15868 2 0 8011 8115 8114
15869 2 0 8012 8013 8116
15870 2 0 8012 8116 8115
15871 2 0 8013 8014 8117
15872 2 0 8013 8117 8116
15873 2 0 8014 8015 8118
15874 2 0 8014 8118 8117
15875 2 0 8015 8016 8119
15876 2 0 8015 8119 8118
15877 2 0 8016 8017 8120
15878 2 0 8016 8120 8119
15879 2 0 8017 8018 8121
15880 2 0 8017 8121 8120
15881 2 0 8018 8019 8122
15882 2 0 8018 8122 8121
15883 2 0 8019 8020 8123
15884 2 0 8019 8123 8122
15885 2 0 8020 8021 8124
15886 2 0 8020 8124 8123
15887 2 0 8021 8022 8125
15888 2 0 8021 8125 8124
15889 2 0 8022 8023 8126
15890 2 0 8022 8126 8125
15891 2 0 8023 8024 8127
15892 2 0 8023 8127 8126
15893 2 0 8024 8025 8128
15894 2 0 8024 8128 8127
15895 2 0 8025 8026 8129
15896 2 0 8025 8129 8128
15897 2 0 8026 8027 8130
15898 2 0 8026 8130 8129
15899 2 0 8027 8028 8131
15900 2 0 8027 8131 8130
15901 2 0 8028 8029 8132
15902 2 0 8028 8132 8131
15903 2 0 8029 8030 8133
15904 2 0 8029 8133 8132
15905 2 0 8030 8031 8134
15906 2 0 8030 8134 8133
15907 2 0 8031 8032 8135
15908 2 0 8031 8135 8134
15909 2 0 8032 8033 8136
15910 2 0 8032 8136 8135
15911 2 0 8033 8034 8137
15912 2 0 8033 8137 8136
15913 2 0 8035 8036 8139
15914 2 0 8035 8139 8138
15915 2 0 8036 8037 8140
15916 2 0 8036 8140 8139
15917 2 0 8037 8038 8141
15918 2 0 8037 8141 8140
15919 2 0 8038 8039 8142
15920 2 0 8038 8142 8141
15921 2 0 8039 8040 8143
15922 2 0 8039 8143 8142
15923 2 0 8040 8041 8144
15924 2 0 8040 8144 8143
15925 2 0 8041 8042 8145
15926 2 0 8041 8145 8144
15927 2 0 8042 8043 8146
15928 2 0 8042 8146 8145
15929 2 0 8043 8044 8147
15930 2 0 8043 8147 8146
15931 2 0 8044 8045 8148
15932 2 0 8044 8148 8147
15933 2 0 8045 8046 8149
15934 2 0 8045 8149 8148
15935 2 0 8046 8047 8150
15936 2 0 8046 8150 8149
15937 2 0 8047 8048 8151
15938 2 0 8047 8151 8150
15939 2 0 8048 8049 8152
15940 2 0 8048 8152 8151
15941 2 0 8049 8050 8153
15942 2 0 8049 8153 8152
15943 2 0 8050 8051 8154
15944 2 0 8050 8154 8153
15945 2 0 8051 8052 8155
15946 2 0 8051 8155 8154
15947 2 0 8052 8053 8156
15948 2 0 8052 8156 8155
15949 2 0 8053 8054 8157
15950 2 0 8053 8157 8156
15951 2 0 8054 8055 8158
15952 2 0 8054 8158 8157
15953 2 0 8055 8056 8159
15954 2 0 8055 8159 8158
15955 2 0 8056 8057 8160
15956 2 0 8056 8160 8159
15957 2 0 8057 8058 8161
15958 2 0 8057 8161 8160
15959 2 0 8058 8059 8162
15960 2 0 8058 8162 8161
15961 2 0 8059 8060 8163
15962 2 0 8059 8163 8162
15963 2 0 8060 8061 8164
15964 2 0 8060 8164 8163
15965 2 0 8061 8062 8165
15966 2 0 8061 8165 8164
15967 2 0 8062 8063 8166
15968 2 0 8062 8166 8165
15969 2 0 8063 8064 8167
15970 2 0 8063 8167 8166
15971 2 0 8064 8065 8168
15972 2 0 8064 8168 8167
15973 2 0 8065 8066 8169
15974 2 0 8065 8169 8168
15975 2 0 8066 8067 8170
15976 2 0 8066 8170 8169
15977 2 0 8067 8068 8171
15978 2 0 8067 8171 8170
15979 2 0 8068 8069 8172
15980 2 0 8068 8172 8171
15981 2 0 8069 8070 8173
15982 2 0 8069 8173 8172
15983 2 0 8070 8071 8174
15984 2 0 8070 8174 8173
15985 2 0 8071 8072 8175
15986 2 0 8071 8175 8174
15987 2 0 8072 8073 8176
15988 2 0 8072 8176 8175
15989 2 0 8073 8074 8177
15990 2 0 8073 8177 8176
15991 2 0 8074 8075 8178
15992 2 0 8074 8178 8177
15993 2 0 8075 8076 8179
15994 2 0 8075 8179 8178
15995 2 0 8076 8077 8180
15996 2 0 8076 8180 8179
15997 2 0 8077 8078 8181
15998 2 0 8077 8181 8180
15999 2 0 8078 8079 8182
16000 2 0 8078 8182 8181
16001 2 0 8079 8080 8183
16002 2 0 8079 8183 8182
16003 2 0 8080 8081 8184
16004 2 0 8080 8184 8183
16005 2 0 8081 8082 8185
16006 2 0 8081 8185 8184
16007 2 0 8082 8083 8186
16008 2 0 8082 8186 8185
16009 2 0 8083 8084 8187
16010 2 0 8083 8187 8186
16011 2 0 8084 8085 8188
16012 2 0 8084 8188 8187
16013 2 0 8085 8086 8189
16014 2 0 8085 8189 8188
16015 2 0 8086 8087 8190
16016 2 0 8086 8190 8189
16017 2 0 8087 8088 8191
16018 2 0 8087 8191 8190
16019 2 0 8088 8089 8192
16020 2 0 8088 8192 8191
16021 2 0 8089 8090 8193
16022 2 0 8089 8193 8192
16023 2 0 8090 8091 8194
16024 2 0 8090 8194 8193
16025 2 0 8091 8092 8195
16026 2 0 8091 8195 8194
16027 2 0 8092 8093 8196
16028 2 0 8092 8196 8195
16029 2 0 8093 8094 8197
16030 2 0 8093 8197 8196
16031 2 0 8094 8095 8198
16032 2 0 8094 8198 8197
16033 2 0 8095 8096 8199
16034 2 0 8095 8199 8198
16035 2 0 8096 8097 8200
16036 2 0 8096 8200 8199
16037 2 0 8097 8098 8201
16038 2 0 8097 8201 8200
16039 2 0 8098 8099 8202
16040 2 0 8098 8202 8201
16041 2 0 8099 8100 8203
16042 2 0 8099 8203 8202
16043 2 0 8100 8101 8204
16044 2 0 8100 8204 8203
16045 2 0 8101 8102 8205
16046 2 0 8101 8205 8204
16047 2 0 8102 8103 8206
16048 2 0 8102 8206 8205
16049 2 0 8103 8104 8207
16050 2 0 8103 8207 8206
16051 2 0 8104 8105 8208
16052 2 0 8104 8208 8207
16053 2 0 8105 8106 8209
16054 2 0 8105 8209 8208
16055 2 0 8106 8107 8210
16056 2 0 8106 8210 8209
16057 2 0 8107 8108 8211
16058 2 0 8107 8211 8210
16059 2 0 8108 8109 8212
16060 2 0 8108 8212 8211
16061 2 0 8109 8110 8213
16062 2 0 8109 8213 8212
16063 2 0 8110 8111 8214
16064 2 0 8110 8214 8213
16065 2 0 8111 8112 8215
16066 2 0 8111 8215 8214
16067 2 0 8112 8113 8216
16068 2 0 8112 8216 8215
16069 2 0 8113 8114 8217
16070 2 0 8113 8217 8216
16071 2 0 8114 8115 8218
16072 2 0 8114 8218 8217
16073 2 0 8115 8116 8219
16074 2 0 8115 8219 8218
16075 2 0 8116 8117 8220
16076 2 0 8116 8220 8219
16077 2 0 8117 8118 8221
16078 2 0 8117 8221 8220
16079 2 0 8118 8119 8222
16080 2 0 8118 8222 8221
16081 2 0 8119 8120 8223
16082 2 0 8119 8223 8222
16083 2 0 8120 8121 8224
16084 2 0 8120 8224 8223
16085 2 0 8121 8122 8225
16086 2 0 8121 8225 8224
16087 2 0 8122 8123 8226
16088 2 0 8122 8226 8225
16089 2 0 8123 8124 8227
16090 2 0 8123 8227 8226
16091 2 0 8124 8125 8228
16092 2 0 8124 8228 8227
16093 2 0 8125 8126 8229
16094 2 0 8125 8229 8228
16095 2 0 8126 8127 8230
16096 2 0 8126 8230 8229
16097 2 0 8127 8128 8231
16098 2 0 8127 8231 8230
16099 2 0 8128 8129 8232
16100 2 0 8128 8232 8231
16101 2 0 8129 8130 8233
16102 2 0 8129 8233 8232
16103 2 0 8130 8131 8234
16104 2 0 8130 8234 8233
16105 2 0 8131 8132 8235
16106 2 0 8131 8235 8234
16107 2 0 8132 8133 8236
16108 2 0 8132 8236 8235
16109 2 0 8133 8134 8237
16110 2 0 8133 8237 8236
16111 2 0 8134 8135 8238
16112 2 0 8134 8238 8237
16113 2 0 8135 8136 8239
16114 2 0 8135 8239 8238
16115 2 0 8136 8137 8240
16116 2 0 8136 8240 8239
16117 2 0 8138 8139 8242
16118 2 0 8138 8242 8241
16119 2 0 8139 8140 8243
16120 2 0 8139 8243 8242
16121 2 0 8140 8141 8244
16122 2 0 8140 8244 8243
16123 2 0 8141 8142 8245
16124 2 0 8141 8245 8244
16125 2 0 8142 8143 8246
16126 2 0 8142 8246 8245
16127 2 0 8143 8144 8247
16128 2 0 8143 8247 8246
16129 2 0 8144 8145 8248
16130 2 0 8144 8248 8247
16131 2 0 8145 8146 8249
16132 2 0 8145 8249 8248
16133 2 0 8146 8147 8250
16134 2 0 8146 8250 8249
16135 2 0 8147 8148 8251
16136 2 0 8147 8251 8250
16137 2 0 8148 8149 8252
16138 2 0 8148 8252 8251
16139 2 0 8149 8150 8253
16140 2 0 8149 8253 8252
16141 2 0 8150 8151 8254
16142 2 0 8150 8254 8253
16143 2 0 8151 8152 8255
16144 2 0 8151 8255 8254
16145 2 0 8152 8153 8256
16146 2 0 8152 8256 8255
16147 2 0 8153 8154 8257
16148 2 0 8153 8257 8256
16149 2 0 8154 8155 8258
16150 2 0 8154 8258 8257
16151 2 0 8155 8156 8259
16152 2 0 8155 8259 8258
16153 2 0 8156 8157 8260
16154 2 0 8156 8260 8259
16155 2 0 8157 8158 8261
16156 2 0 8157 8261 8260
16157 2 0 8158 8159 8262
16158 2 0 8158 8262 8261
16159 2 0 8159 8160 8263
16160 2 0 8159 8263 8262
16161 2 0 8160 8161 8264
16162 2 0 8160 8264 8263
16163 2 0 8161 8162 8265
16164 2 0 8161 8265 8264
16165 2 0 8162 8163 8266
16166 2 0 8162 8266 8265
16167 2 0 8163 8164 8267
16168 2 0 8163 8267 8266
16169 2 0 8164 8165 8268
16170 2 0 8164 8268 8267
16171 2 0 8165 8166 8269
16172 2 0 8165 8269 8268
16173 2 0 8166 8167 8270
16174 2 0 8166 8270 8269
16175 2 0 8167 8168 8271
16176 2 0 8167 8271 8270
16177 2 0 8168 8169 8272
16178 2 0 8168 8272 8271
16179 2 0 8169 8170 8273
16180 2 0 8169 8273 8272
16181 2 0 8170 8171 8274
16182 2 0 8170 8274 8273
16183 2 0 8171 8172 8275
16184 2 0 8171 8275 8274
16185 2 0 8172 8173 8276
16186 2 0 8172 8276 8275
16187 2 0 8173 8174 8277
16188 2 0 8173 8277 8276
16189 2 0 8174 8175 8278
16190 2 0 8174 8278 8277
16191 2 0 8175 8176 8279
16192 2 0 8175 8279 8278
16193 2 0 8176 8177 8280
16194 2 0 8176 8280 8279
16195 2 0 8177 8178 8281
16196 2 0 8177 8281 8280
16197 2 0 8178 8179 8282
16198 2 0 8178 8282 8281
16199 2 0 8179 8180 8283
16200 2 0 8179 8283 8282
16201 2 0 8180 8181 8284
16202 2 0 8180 8284 8283
16203 2 0 8181 8182 8285
16204 2 0 8181 8285 8284
16205 2 0 8182 8183 8286
16206 2 0 8182 8286 8285
16207 2 0 8183 8184 8287
16208 2 0 8183 8287 8286
16209 2 0 8184 8185 8288
16210 2 0 8184 8288 8287
16211 2 0 8185 8186 8289
16212 2 0 8185 8289 8288
16213 2 0 8186 8187 8290
16214 2 0 8186 8290 8289
16215 2 0 8187 8188 8291
16216 2 0 8187 8291 8290
16217 2 0 8188 8189 8292
16218 2 0 8188 8292 8291
16219 2 0 8189 8190 8293
16220 2 0 8189 8293 8292
16221 2 0 8190 8191 8294
16222 2 0 8190 8294 8293
16223 2 0 8191 8192 8295
16224 2 0 8191 8295 8294
16225 2 0 8192 8193 8296
16226 2 0 8192 8296 8295
16227 2 0 8193 8194 8297
16228 2 0 8193 8297 8296
16229 2 0 8194 8195 8298
16230 2 0 8194 8298 8297
16231 2 0 8195 8196 8299
16232 2 0 8195 8299 8298
16233 2 0 8196 8197 8300
16234 2 0 8196 8300 8299
16235 2 0 8197 8198 8301
16236 2 0 8197 8301 8300
16237 2 0 8198 8199 8302
16238 2 0 8198 8302 8301
16239 2 0 8199 8200 8303
16240 2 0 8199 8303 8302
16241 2 0 8200 8201 8304
16242 2 0 8200 8304 8303
16243 2 0 8201 8202 8305
16244 2 0 8201 8305 8304
16245 2 0 8202 8203 8306
16246 2 0 8202 8306 8305
16247 2 0 8203 8204 8307
16248 2 0 8203 8307 8306
16249 2 0 8204 8205 8308
16250 2 0 8204 8308 8307
16251 2 0 8205 8206 8309
16252 2 0 8205 8309 8308
16253 2 0 8206 8207 8310
16254 2 0 8206 8310 8309
16255 2 0 8207 8208 8311
16256 2 0 8207 8311 8310
16257 2 0 8208 8209 8312
16258 2 0 8208 8312 8311
16259 2 0 8209 8210 8313
16260 2 0 8209 8313 8312
16261 2 0 8210 8211 8314
16262 2 0 8210 8314 8313
16263 2 0 8211 8212 8315
16264 2 0 8211 8315 8314
16265 2 0 8212 8213 8316
16266 2 0 8212 8316 8315
16267 2 0 8213 8214 8317
16268 2 0 8213 8317 8316
16269 2 0 8214 8215 8318
16270 2 0 8214 8318 8317
16271 2 0 8215 8216 8319
16272 2 0 8215 8319 8318
16273 2 0 8216 8217 8320
16274 2 0 8216 8320 8319
16275 2 0 8217 8218 8321
16276 2 0 8217 8321 8320
16277 2 0 8218 8219 8322
16278 2 0 8218 8322 8321
16279 2 0 8219 8220 8323
16280 2 0 8219 8323 8322
16281 2 0 8220 8221 8324
16282 2 0 8220 8324 8323
16283 2 0 8221 8222 8325
16284 2 0 8221 8325 8324
16285 2 0 8222 8223 8326
16286 2 0 8222 8326 8325
16287 2 0 8223 8224 8327
16288 2 0 8223 8327 8326
16289 2 0 8224 8225 8328
16290 2 0 8224 8328 8327
16291 2 0 8225 8226 8329
16292 2 0 8225 8329 8328
16293 2 0 8226 8227 8330
16294 2 0 8226 8330 8329
16295 2 0 8227 8228 8331
16296 2 0 8227 8331 8330
16297 2 0 8228 8229 8332
16298 2 0 8228 8332 8331
16299 2 0 8229 8230 8333
16300 2 0 8229 8333 8332
16301 2 0 8230 8231 8334
16302 2 0 8230 8334 8333
16303 2 0 8231 8232 8335
16304 2 0 8231 8335 8334
16305 2 0 8232 8233 8336
16306 2 0 8232 8336 8335
16307 2 0 8233 8234 8337
16308 2 0 8233 8337 8336
16309 2 0 8234 8235 8338
16310 2 0 8234 8338 8337
16311 2 0 8235 8236 8339
16312 2 0 8235 8339 8338
16313 2 0 8236 8237 8340
16314 2 0 8236 8340 8339
16315 2 0 8237 8238 8341
16316 2 0 8237 8341 8340
16317 2 0 8238 8239 8342
16318 2 0 8238 8342 8341
16319 2 0 8239 8240 8343
16320 2 0 8239 8343 8342
16321 2 0 8241 8242 8345
16322 2 0 8241 8345 8344
16323 2 0 8242 8243 8346
16324 2 0 8242 8346 8345
16325 2 0 8243 8244 8347
16326 2 0 8243 8347 8346
16327 2 0 8244 8245 8348
16328 2 0 8244 8348 8347
16329 2 0 8245 8246 8349
16330 2 0 8245 8349 8348
16331 2 0 8246 8247 8350
16332 2 0 8246 8350 8349
16333 2 0 8247 8248 8351
16334 2 0 8247 8351 8350
16335 2 0 8248 8249 8352
16336 2 0 8248 8352 8351
16337 2 0 8249 8250 8353
16338 2 0 8249 8353 8352
16339 2 0 8250 8251 8354
16340 2 0 8250 8354 8353
16341 2 0 8251 8252 8355
16342 2 0 8251 8355 8354
16343 2 0 8252 8253 8356
16344 2 0 8252 8356 8355
16345 2 0 8253 8254 8357
16346 2 0 8253 8357 8356
16347 2 0 8254 8255 8358
16348 2 0 8254 8358 8357
16349 2 0 8255 8256 8359
16350 2 0 8255 8359 8358
16351 2 0 8256 8257 8360
16352 2 0 8256 8360 8359
16353 2 0 8257 8258 8361
16354 2 0 8257 8361 8360
16355 2 0 8258 8259 8362
16356 2 0 8258 8362 8361
16357 2 0 8259 8260 8363
16358 2 0 8259 8363 8362
16359 2 0 8260 8261 8364
16360 2 0 8260 8364 8363
16361 2 0 8261 8262 8365
16362 2 0 8261 8365 8364
16363 2 0 8262 8263 8366
16364 2 0 8262 8366 8365
16365 2 0 8263 8264 8367
16366 2 0 8263 8367 8366
16367 2 0 8264 8265 8368
16368 2 0 8264 8368 8367
16369 2 0 8265 8266 8369
16370 2 0 8265 8369 8368
16371 2 0 8266 8267 8370
16372 2 0 8266 8370 8369
16373 2 0 8267 8268 8371
16374 2 0 8267 8371 8370
16375 2 0 8268 8269 8372
16376 2 0 8268 8372 8371
16377 2 0 8269 8270 8373
16378 2 0 8269 8373 8372
16379 2 0 8270 8271 8374
16380 2 0 8270 8374 8373
16381 2 0 8271 8272 8375
16382 2 0 8271 8375 8374
16383 2 0 8272 8273 8376
16384 2 0 8272 8376 8375
16385 2 0 8273 8274 8377
16386 2 0 8273 8377 8376
16387 2 0 8274 8275 8378
16388 2 0 8274 8378 8377
16389 2 0 8275 8276 8379
16390 2 0 8275 8379 8378
16391 2 0 8276 8277 8380
16392 2 0 8276 8380 8379
16393 2 0 8277 8278 8381
16394 2 0 8277 8381 8380
16395 2 0 8278 8279 8382
16396 2 0 8278 8382 8381
16397 2 0 8279 8280 8383
16398 2 0 8279 8383 8382
16399 2 0 8280 8281 8384
16400 2 0 8280 8384 8383
16401 2 0 8281 8282 8385
16402 2 0 8281 8385 8384
16403 2 0 8282 8283 8386
16404 2 0 8282 8386 8385
16405 2 0 8283 8284 8387
16406 2 0 8283 8387 8386
16407 2 0 8284 8285 8388
16408 2 0 8284 8388 8387
16409 2 0 8285 8286 8389
16410 2 0 8285 8389 8388
16411 2 0 8286 8287 8390
16412 2 0 8286 8390 8389
16413 2 0 8287 8288 8391
16414 2 0 8287 8391 8390
16415 2 0 8288 8289 8392
16416 2 0 8288 8392 8391
16417 2 0 8289 8290 8393
16418 2 0 8289 8393 8392
16419 2 0 8290 8291 8394
16420 2 0 8290 8394 8393
16421 2 0 8291 8292 8395
16422 2 0 8291 8395 8394
16423 2 0 8292 8293 8396
16424 2 0 8292 8396 8395
16425 2 0 8293 8294 8397
16426 2 0 8293 8397 8396
16427 2 0 8294 8295 8398
16428 2 0 8294 8398 8397
16429 2 0 8295 8296 8399
16430 2 0 8295 8399 8398
16431 2 0 8296 8297 8400
16432 2 0 8296 8400 8399
16433 2 0 8297 8298 8401
16434 2 0 8297 8401 8400
16435 2 0 8298 8299 8402
16436 2 0 8298 8402 8401
16437 2 0 8299 8300 8403
16438 2 0 8299 8403 8402
16439 2 0 8300 8301 8404
16440 2 0 8300 8404 8403
16441 2 0 8301 8302 8405
16442 2 0 8301 8405 8404
16443 2 0 8302 8303 8406
16444 2 0 8302 8406 8405
16445 2 0 8303 8304 8407
16446 2 0 8303 8407 8406
16447 2 0 8304 8305 8408
16448 2 0 8304 8408 8407
16449 2 0 8305 8306 8409
16450 2 0 8305 8409 8408
16451 2 0 8306 8307 8410
16452 2 0 8306 8410 8409
16453 2 0 8307 8308 8411
16454 2 0 8307 8411 8410
16455 2 0 8308 8309 8412
16456 2 0 8308 8412 8411
16457 2 0 8309 8310 8413
16458 2 0 8309 8413 8412
16459 2 0 8310 8311 8414
16460 2 0 8310 8414 8413
16461 2 0 8311 8312 8415
16462 2 0 8311 8415 8414
16463 2 0 8312 8313 8416
16464 2 0 8312 8416 8415
16465 2 0 8313 8314 8417
16466 2 0 8313 8417 8416
16467 2 0 8314 8315 8418
16468 2 0 8314 8418 8417
16469 2 0 8315 8316 8419
16470 2 0 8315 8419 8418
16471 2 0 8316 8317 8420
16472 2 0 8316 8420 8419
16473 2 0 8317 8318 8421
16474 2 0 8317 8421 8420
16475 2 0 8318 8319 8422
16476 2 0 8318 8422 8421
16477 2 0 8319 8320 8423
16478 2 0 8319 8423 8422
16479 2 0 8320 8321 8424
16480 2 0 8320 8424 8423
16481 2 0 8321 8322 8425
16482 2 0 8321 8425 8424
16483 2 0 8322 8323 8426
16484 2 0 8322 8426 8425
16485 2 0 8323 8324 8427
16486 2 0 8323 8427 8426
16487 2 0 8324 8325 8428
16488 2 0 8324 8428 8427
16489 2 0 8325 8326 8429
16490 2 0 8325 8429 8428
16491 2 0 8326 8327 8430
16492 2 0 8326 8430 8429
16493 2 0 8327 8328 8431
16494 2 0 8327 8431 8430
16495 2 0 8328 8329 8432
16496 2 0 8328 8432 8431
16497 2 0 8329 8330 8433
16498 2 0 8329 8433 8432
16499 2 0 8330 8331 8434
16500 2 0 8330 8434 8433
16501 2 0 8331 8332 8435
16502 2 0 8331 8435 8434
16503 2 0 8332 8333 8436
16504 2 0 8332 8436 8435
16505 2 0 8333 8334 8437
16506 2 0 8333 8437 8436
16507 2 0 8334 8335 8438
16508 2 0 8334 8438 8437
16509 2 0 8335 8336 8439
16510 2 0 8335 8439 8438
16511 2 0 8336 8337 8440
16512 2 0 8336 8440 8439
16513 2 0 8337 8338 8441
16514 2 0 8337 8441 8440
16515 2 0 8338 8339 8442
16516 2 0 8338 8442 8441
16517 2 0 8339 8340 8443
16518 2 0 8339 8443 8442
16519 2 0 8340 8341 8444
16520 2 0 8340 8444 8443
16521 2 0 8341 8342 8445
16522 2 0 8341 8445 8444
16523 2 0 8342 8343 8446
16524 2 0 8342 8446 8445
16525 2 0 8344 8345 8448
16526 2 0 8344 8448 8447
16527 2 0 8345 8346 8449
16528 2 0 8345 8449 8448
16529 2 0 8346 8347 8450
16530 2 0 8346 8450 8449
16531 2 0 8347 8348 8451
16532 2 0 8347 8451 8450
16533 2 0 8348 8349 8452
16534 2 0 8348 8452 8451
16535 2 0 8349 8350 8453
16536 2 0 8349 8453 8452
16537 2 0 8350 8351 8454
16538 2 0 8350 8454 8453
16539 2 0 8351 8352 8455
16540 2 0 8351 8455 8454
16541 2 0 8352 8353 8456
16542 2 0 8352 8456 8455
16543 2 0 8353 8354 8457
16544 2 0 8353 8457 8456
16545 2 0 8354 8355 8458
16546 2 0 8354 8458 8457
16547 2 0 8355 8356 8459
16548 2 0 8355 8459 8458
16549 2 0 8356 8357 8460
16550 2 0 8356 8460 8459
16551 2 0 8357 8358 8461
16552 2 0 8357 8461 8460
16553 2 0 8358 8359 8462
16554 2 0 8358 8462 8461
16555 2 0 8359 8360 8463
16556 2 0 8359 8463 8462
16557 2 0 8360 8361 8464
16558 2 0 8360 8464 8463
16559 2 0 8361 8362 8465
16560 2 0 8361 8465 8464
16561 2 0 8362 8363 8466
16562 2 0 8362 8466 8465
16563 2 0 8363 8364 8467
16564 2 0 8363 8467 8466
16565 2 0 8364 8365 8468
16566 2 0 8364 8468 8467
16567 2 0 8365 8366 8469
16568 2 0 8365 8469 8468
16569 2 0 8366 8367 8470
16570 2 0 8366 8470 8469
16571 2 0 8367 8368 8471
16572 2 0 8367 8471 8470
16573 2 0 8368 8369 8472
16574 2 0 8368 8472 8471
16575 2 0 8369 8370 8473
16576 2 0 8369 8473 8472
16577 2 0 8370 8371 8474
16578 2 0 8370 8474 8473
16579 2 0 8371 8372 8475
16580 2 0 8371 8475 8474
16581 2 0 8372 8373 8476
16582 2 0 8372 8476 8475
16583 2 0 8373 8374 8477
16584 2 0 8373 8477 8476
16585 2 0 8374 8375 8478
16586 2 0 8374 8478 8477
16587 2 0 8375 8376 8479
16588 2 0 8375 8479 8478
16589 2 0 8376 8377 8480
16590 2 0 8376 8480 8479
16591 2 0 8377 8378 8481
16592 2 0 8377 8481 8480
16593 2 0 8378 8379 8482
16594 2 0 8378 8482 8481
16595 2 0 8379 8380 8483
16596 2 0 8379 8483 8482
16597 2 0 8380 8381 8484
16598 2 0 8380 8484 8483
16599 2 0 8381 8382 8485
16600 2 0 8381 8485 8484
16601 2 0 8382 8383 8486
16602 2 0 8382 8486 8485
16603 2 0 8383 8384 8487
16604 2 0 8383 8487 8486
16605 2 0 8384 8385 8488
16606 2 0 8384 8488 8487
16607 2 0 8385 8386 8489
16608 2 0 8385 8489 8488
16609 2 0 8386 8387 8490
16610 2 0 8386 8490 8489
16611 2 0 8387 8388 8491
16612 2 0 8387 8491 8490
16613 2 0 8388 8389 8492
16614 2 0 8388 8492 8491
16615 2 0 8389 8390 8493
16616 2 0 8389 8493 8492
16617 2 0 8390 8391 8494
16618 2 0 8390 8494 8493
16619 2 0 8391 8392 8495
16620 2 0 8391 8495 8494
16621 2 0 8392 8393 8496
16622 2 0 8392 8496 8495
16623 2 0 8393 8394 8497
16624 2 0 8393 8497 8496
16625 2 0 8394 8395 8498
16626 2 0 8394 8498 8497
16627 2 0 8395 8396 8499
16628 2 0 8395 8499 8498
16629 2 0 8396 8397 8500
16630 2 0 8396 8500 8499
16631 2 0 8397 8398 8501
16632 2 0 8397 8501 8500
16633 2 0 8398 8399 8502
16634 2 0 8398 8502 8501
16635 2 0 8399 8400 8503
16636 2 0 8399 8503 8502
16637 2 0 8400 8401 8504
16638 2 0 8400 8504 8503
16639 2 0 8401 8402 8505
16640 2 0 8401 8505 8504
16641 2 0 8402 8403 8506
16642 2 0 8402 8506 8505
16643 2 0 8403 8404 8507
16644 2 0 8403 8507 8506
16645 2 0 8404 8405 8508
16646 2 0 8404 8508 8507
16647 2 0 8405 8406 8509
16648 2 0 8405 8509 8508
16649 2 0 8406 8407 8510
16650 2 0 8406 8510 8509
16651 2 0 8407 8408 8511
16652 2 0 8407 8511 8510
16653 2 0 8408 8409 8512
16654 2 0 8408 8512 8511
16655 2 0 8409 8410 8513
16656 2 0 8409 8513 8512
16657 2 0 8410 8411 8514
16658 2 0 8410 8514 8513
16659 2 0 8411 8412 8515
16660 2 0 8411 8515 8514
16661 2 0 8412 8413 8516
16662 2 0 8412 8516 8515
16663 2 0 8413 8414 8517
16664 2 0 8413 8517 8516
16665 2 0 8414 8415 8518
16666 2 0 8414 8518 8517
16667 2 0 8415 8416 8519
16668 2 0 8415 8519 8518
16669 2 0 8416 8417 8520
16670 2 0 8416 8520 8519
16671 2 0 8417 8418 8521
16672 2 0 8417 8521 8520
16673 2 0 8418 8419 8522
16674 2 0 8418 8522 8521
16675 2 0 8419 8420 8523
16676 2 0 8419 8523 8522
16677 2 0 8420 8421 8524
16678 2 0 8420 8524 8523
16679 2 0 8421 8422 8525
16680 2 0 8421 8525 8524
16681 2 0 8422 8423 8526
16682 2 0 8422 8526 8525
16683 2 0 8423 8424 8527
16684 2 0 8423 8527 8526
16685 2 0 8424 8425 8528
16686 2 0 8424 8528 8527
16687 2 0 8425 8426 8529
16688 2 0 8425 8529 8528
16689 2 0 8426 8427 8530
16690 2 0 8426 8530 8529
16691 2 0 8427 8428 8531
16692 2 0 8427 8531 8530
16693 2 0 8428 8429 8532
16694 2 0 8428 8532 8531
16695 2 0 8429 8430 8533
16696 2 0 8429 8533 8532
16697 2 0 8430 8431 8534
16698 2 0 8430 8534 8533
16699 2 0 8431 8432 8535
16700 2 0 8431 8535 8534
16701 2 0 8432 8433 8536
16702 2 0 8432 8536 8535
16703 2 0 8433 8434 8537
16704 2 0 8433 8537 8536
16705 2 0 8434 8435 8538
16706 2 0 8434 8538 8537
16707 2 0 8435 8436 8539
16708 2 0 8435 8539 8538
16709 2 0 8436 8437 8540
16710 2 0 8436 8540 8539
16711 2 0 8437 8438 8541
16712 2 0 8437 8541 8540
16713 2 0 8438 8439 8542
16714 2 0 8438 8542 8541
16715 2 0 8439 8440 8543
16716 2 0 8439 8543 8542
16717 2 0 8440 8441 8544
16718 2 0 8440 8544 8543
16719 2 0 8441 8442 8545
16720 2 0 8441 8545 8544
16721 2 0 8442 8443 8546
16722 2 0 8442 8546 8545
16723 2 0 8443 8444 8547
16724 2 0 8443 8547 8546
16725 2 0 8444 8445 8548
16726 2 0 8444 8548 8547
16727 2 0 8445 8446 8549
16728 2 0 8445 8549 8548
16729 2 0 8447 8448 8551
16730 2 0 8447 8551 8550
16731 2 0 8448 8449 8552
16732 2 0 8448 8552 8551
16733 2 0 8449 8450 8553
16734 2 0 8449 8553 8552
16735 2 0 8450 8451 8554
16736 2 0 8450 8554 8553
16737 2 0 8451 8452 8555
16738 2 0 8451 8555 8554
16739 2 0 8452 8453 8556
16740 2 0 8452 8556 8555
16741 2 0 8453 8454 8557
16742 2 0 8453 8557 8556
16743 2 0 8454 8455 8558
16744 2 0 8454 8558 8557
16745 2 0 8455 8456 8559
16746 2 0 8455 8559 8558
16747 2 0 8456 8457 8560
16748 2 0 8456 8560 8559
16749 2 0 8457 8458 8561
16750 2 0 8457 8561 8560
16751 2 0 8458 8459 8562
16752 2 0 8458 8562 8561
16753 2 0 8459 8460 8563
16754 2 0 8459 8563 8562
16755 2 0 8460 8461 8564
16756 2 0 8460 8564 8563
16757 2 0 8461 8462 8565
16758 2 0 8461 8565 8564
16759 2 0 8462 8463 8566
16760 2 0 8462 8566 8565
16761 2 0 8463 8464 8567
16762 2 0 8463 8567 8566
16763 2 0 8464 8465 8568
16764 2 0 8464 8568 8567
16765 2 0 8465 8466 8569
16766 2 0 8465 8569 8568
16767 2 0 8466 8467 8570
16768 2 0 8466 8570 8569
16769 2 0 8467 8468 8571
16770 2 0 8467 8571 8570
16771 2 0 8468 8469 8572
16772 2 0 8468 8572 8571
16773 2 0 8469 8470 8573
16774 2 0 8469 8573 8572
16775 2 0 8470 8471 8574
16776 2 0 8470 8574 8573
16777 2 0 8471 8472 8575
16778 2 0 8471 8575 8574
16779 2 0 8472 8473 8576
16780 2 0 8472 8576 8575
16781 2 0 8473 8474 8577
16782 2 0 8473 8577 8576
16783 2 0 8474 8475 8578
16784 2 0 8474 8578 8577
16785 2 0 8475 8476 8579
16786 2 0 8475 8579 8578
16787 2 0 8476 8477 8580
16788 2 0 8476 8580 8579
16789 2 0 8477 8478 8581
16790 2 0 8477 8581 8580
16791 2 0 8478 8479 8582
16792 2 0 8478 8582 8581
16793 2 0 8479 8480 8583
16794 2 0 8479 8583 8582
16795 2 0 8480 8481 8584
16796 2 0 8480 8584 8583
16797 2 0 8481 8482 8585
16798 2 0 8481 8585 8584
16799 2 0 8482 8483 8586
16800 2 0 8482 8586 8585
16801 2 0 8483 8484 8587
16802 2 0 8483 8587 8586
16803 2 0 8484 8485 8588
16804 2 0 8484 8588 8587
16805 2 0 8485 8486 8589
16806 2 0 8485 8589 8588
16807 2 0 8486 8487 8590
16808 2 0 8486 8590 8589
16809 2 0 8487 8488 8591
16810 2 0 8487 8591 8590
16811 2 0 8488 8489 8592
16812 2 0 8488 8592 8591
16813 2 0 8489 8490 8593
16814 2 0 8489 8593 8592
16815 2 0 8490 8491 8594
16816 2 0 8490 8594 8593
16817 2 0 8491 8492 8595
16818 2 0 8491 8595 8594
16819 2 0 8492 8493 8596
16820 2 0 8492 8596 8595
16821 2 0 8493 8494 8597
16822 2 0 8493 8597 8596
16823 2 0 8494 8495 8598
16824 2 0 8494 8598 8597
16825 2 0 8495 8496 8599
16826 2 0 8495 8599 8598
16827 2 0 8496 8497 8600
16828 2 0 8496 8600 8599
16829 2 0 8497 8498 8601
16830 2 0 8497 8601 8600
16831 2 0 8498 8499 8602
16832 2 0 8498 8602 8601
16833 2 0 8499 8500 8603
16834 2 0 8499 8603 8602
16835 2 0 8500 8501 8604
16836 2 0 8500 8604 8603
16837 2 0 8501 8502 8605
16838 2 0 8501 8605 8604
16839 2 0 8502 8503 8606
16840 2 0 8502 8606 8605
16841 2 0 8503 8504 8607
16842 2 0 8503 8607 8606
16843 2 0 8504 8505 8608
16844 2 0 8504 8608 8607
16845 2 0 8505 8506 8609
16846 2 0 8505 8609 8608
16847 2 0 8506 8507 8610
16848 2 0 8506 8610 8609
16849 2 0 8507 8508 8611
16850 2 0 8507 8611 8610
16851 2 0 8508 8509 8612
16852 2 0 8508 8612 8611
16853 2 0 8509 8510 8613
16854 2 0 8509 8613 8612
16855 2 0 8510 8511 8614
16856 2 0 8510 8614 8613
16857 2 0 8511 8512 8615
16858 2 0 8511 8615 8614
16859 2 0 8512 8513 8616
16860 2 0 8512 8616 8615
16861 2 0 8513 8514 8617
16862 2 0 8513 8617 8616
16863 2 0 8514 8515 8618
16864 2 0 8514 8618 8617
16865 2 0 8515 8516 8619
16866 2 0 8515 8619 8618
16867 2 0 8516 8517 8620
16868 2 0 8516 8620 8619
16869 2 0 8517 8518 8621
16870 2 0 8517 8621 8620
16871 2 0 8518 8519 8622
16872 2 0 8518 8622 8621
16873 2 0 8519 8520 8623
16874 2 0 8519 8623 8622
16875 2 0 8520 8521 8624
16876 2 0 8520 8624 8623
16877 2 0 8521 8522 8625
16878 2 0 8521 8625 8624
16879 2 0 8522 8523 8626
16880 2 0 8522 8626 8625
16881 2 0 8523 8524 8627
16882 2 0 8523 8627 8626
16883 2 0 8524 8525 8628
16884 2 0 8524 8628 8627
16885 2 0 8525 8526 8629
16886 2 0 8525 8629 8628
16887 2 0 8526 8527 8630
16888 2 0 8526 8630 8629
16889 2 0 8527 8528 8631
16890 2 0 8527 8631 8630
16891 2 0 8528 8529 8632
16892 2 0 8528 8632 8631
16893 2 0 8529 8530 8633
16894 2 0 8529 8633 8632
16895 2 0 8530 8531 8634
16896 2 0 8530 8634 8633
16897 2 0 8531 8532 8635
16898 2 0 8531 8635 8634
16899 2 0 8532 8533 8636
16900 2 0 8532 8636 8635
16901 2 0 8533 8534 8637
16902 2 0 8533 8637 8636
16903 2 0 8534 8535 8638
16904 2 0 8534 8638 8637
16905 2 0 8535 8536 8639
16906 2 0 8535 8639 8638
16907 2 0 8536 8537 8640
16908 2 0 8536 8640 8639
16909 2 0 8537 8538 8641
16910 2 0 8537 8641 8640
16911 2 0 8538 8539 8642
16912 2 0 8538 8642 8641
16913 2 0 8539 8540 8643
16914 2 0 8539 8643 8642
16915 2 0 8540 8541 8644
16916 2 0 8540 8644 8643
16917 2 0 8541 8542 8645
16918 2 0 8541 8645 8644
16919 2 0 8542 8543 8646
16920 2 0 8542 8646 8645
16921 2 0 8543 8544 8647
16922 2 0 8543 8647 8646
16923 2 0 8544 8545 8648
16924 2 0 8544 8648 8647
16925 2 0 8545 8546 8649
16926 2 0 8545 8649 8648
16927 2 0 8546 8547 8650
16928 2 0 8546 8650 8649
16929 2 0 8547 8548 8651
16930 2 0 8547 8651 8650
16931 2 0 8548 8549 8652
16932 2 0 8548 8652 8651
16933 2 0 8550 8551 8654
16934 2 0 8550 8654 8653
16935 2 0 8551 8552 8655
16936 2 0 8551 8655 8654
16937 2 0 8552 8553 8656
16938 2 0 8552 8656 8655
16939 2 0 8553 8554 8657
16940 2 0 8553 8657 8656
16941 2 0 8554 8555 8658
16942 2 0 8554 8658 8657
16943 2 0 8555 8556 8659
16944 2 0 8555 8659 8658
16945 2 0 8556 8557 8660
16946 2 0 8556 8660 8659
16947 2 0 8557 8558 8661
16948 2 0 8557 8661 8660
16949 2 0 8558 8559 8662
16950 2 0 8558 8662 8661
16951 2 0 8559 8560 8663
16952 2 0 8559 8663 8662
16953 2 0 8560 8561 8664
16954 2 0 8560 8664 8663
16955 2 0 8561 8562 8665
16956 2 0 8561 8665 8664
16957 2 0 8562 8563 8666
16958 2 0 8562 8666 8665
16959 2 0 8563 8564 8667
16960 2 0 8563 8667 8666
16961 2 0 8564 8565 8668
16962 2 0 8564 8668 8667
16963 2 0 8565 8566 8669
16964 2 0 8565 8669 8668
16965 2 0 8566 8567 8670
16966 2 0 8566 8670 8669
16967 2 0 8567 8568 8671
16968 2 0 8567 8671 8670
16969 2 0 8568 8569 8672
16970 2 0 8568 8672 8671
16971 2 0 8569 8570 8673
16972 2 0 8569 8673 8672
16973 2 0 8570 8571 8674
16974 2 0 8570 8674 8673
16975 2 0 8571 8572 8675
16976 2 0 8571 8675 8674
16977 2 0 8572 8573 8676
16978 2 0 8572 8676 8675
16979 2 0 8573 8574 8677
16980 2 0 8573 8677 8676
16981 2 0 8574 8575 8678
16982 2 0 8574 8678 8677
16983 2 0 8575 8576 8679
16984 2 0 8575 8679 8678
16985 2 0 8576 8577 8680
16986 2 0 8576 8680 8679
16987 2 0 8577 8578 8681
16988 2 0 8577 8681 8680
16989 2 0 8578 8579 8682
16990 2 0 8578 8682 8681
16991 2 0 8579 8580 8683
16992 2 0 8579 8683 8682
16993 2 0 8580 8581 8684
16994 2 0 8580 8684 8683
16995 2 0 8581 8582 8685
16996 2 0 8581 8685 8684
16997 2 0 8582 8583 8686
16998 2 0 8582 8686 8685
16999 2 0 8583 8584 8687
17000 2 0 8583 8687 8686
17001 2 0 8584 8585 8688
17002 2 0 8584 8688 8687
17003 2 0 8585 8586 8689
17004 2 0 8585 8689 8688
17005 2 0 8586 8587 8690
17006 2 0 8586 8690 8689
17007 2 0 8587 8588 8691
17008 2 0 8587 8691 8690
17009 2 0 8588 8589 8692
17010 2 0 8588 8692 8691
17011 2 0 8589 8590 8693
17012 2 0 8589 8693 8692
17013 2 0 8590 8591 8694
17014 2 0 8590 8694 8693
17015 2 0 8591 8592 8695
17016 2 0 8591 8695 8694
17017 2 0 8592 8593 8696
17018 2 0 8592 8696 8695
17019 2 0 8593 8594 8697
17020 2 0 8593 8697 8696
17021 2 0 8594 8595 8698
17022 2 0 8594 8698 8697
17023 2 0 8595 8596 8699
17024 2 0 8595 8699 8698
17025 2 0 8596 8597 8700
17026 2 0 8596 8700 8699
17027 2 0 8597 8598 8701
17028 2 0 8597 8701 8700
17029 2 0 8598 8599 8702
17030 2 0 8598 8702 8701
17031 2 0 8599 8600 8703
17032 2 0 8599 8703 8702
17033 2 0 8600 8601 8704
17034 2 0 8600 8704 8703
17035 2 0 8601 8602 8705
17036 2 0 8601 8705 8704
17037 2 0 8602 8603 8706
17038 2 0 8602 8706 8705
17039 2 0 8603 8604 8707
17040 2 0 8603 8707 8706
17041 2 0 8604 8605 8708
17042 2 0 8604 8708 8707
17043 2 0 8605 8606 8709
17044 2 0 8605 8709 8708
17045 2 0 8606 8607 8710
17046 2 0 8606 8710 8709
17047 2 0 8607 8608 8711
17048 2 0 8607 8711 8710
17049 2 0 8608 8609 8712
17050 2 0 8608 8712 8711
17051 2 0 8609 8610 8713
17052 2 0 8609 8713 8712
17053 2 0 8610 8611 8714
17054 2 0 8610 8714 8713
17055 2 0 8611 8612 8715
17056 2 0 8611 8715 8714
17057 2 0 8612 8613 8716
17058 2 0 8612 8716 8715
17059 2 0 8613 8614 8717
17060 2 0 8613 8717 8716
17061 2 0 8614 8615 8718
17062 2 0 8614 8718 8717
17063 2 0 8615 8616 8719
17064 2 0 8615 8719 8718
17065 2 0 8616 8617 8720
17066 2 0 8616 8720 8719
17067 2 0 8617 8618 8721
17068 2 0 8617 8721 8720
17069 2 0 8618 8619 8722
17070 2 0 8618 8722 8721
17071 2 0 8619 8620 8723
17072 2 0 8619 8723 8722
17073 2 0 8620 8621 8724
17074 2 0 8620 8724 8723
17075 2 0 8621 8622 8725
17076 2 0 8621 8725 8724
17077 2 0 8622 8623 8726
17078 2 0 8622 8726 8725
17079 2 0 8623 8624 8727
17080 2 0 8623 8727 8726
17081 2 0 8624 8625 8728
17082 2 0 8624 8728 8727
17083 2 0 8625 8626 8729
17084 2 0 8625 8729 8728
17085 2 0 8626 8627 8730
17086 2 0 8626 8730 8729
17087 2 0 8627 8628 8731
17088 2 0 8627 8731 8730
17089 2 0 8628 8629 8732
17090 2 0 8628 8732 8731
17091 2 0 8629 8630 8733
17092 2 0 8629 8733 8732
17093 2 0 8630 8631 8734
17094 2 0 8630 8734 8733
17095 2 0 8631 8632 8735
17096 2 0 8631 8735 8734
17097 2 0 8632 8633 8736
17098 2 0 8632 8736 8735
17099 2 0 8633 8634 8737
17100 2 0 8633 8737 8736
17101 2 0 8634 8635 8738
17102 2 0 8634 8738 8737
17103 2 0 8635 8636 8739
17104 2 0 8635 8739 8738
17105 2 0 8636 8637 8740
17106 2 0 8636 8740 8739
17107 2 0 8637 8638 8741
17108 2 0 8637 8741 8740
17109 2 0 8638 8639 8742
17110 2 0 8638 8742 8741
17111 2 0 8639 8640 8743
17112 2 0 8639 8743 8742
17113 2 0 8640 8641 8744
17114 2 0 8640 8744 8743
17115 2 0 8641 8642 8745
17116 2 0 8641 8745 8744
17117 2 0 8642 8643 8746
17118 2 0 8642 8746 8745
17119 2 0 8643 8644 8747
17120 2 0 8643 8747 8746
17121 2 0 8644 8645 8748
17122 2 0 8644 8748 8747
17123 2 0 8645 8646 8749
17124 2 0 8645 8749 8748
17125 2 0 8646 8647 8750
17126 2 0 8646 8750 8749
17127 2 0 8647 8648 8751
17128 2 0 8647 8751 8750
17129 2 0 8648 8649 8752
17130 2 0 8648 8752 8751
17131 2 0 8649 8650 8753
17132 2 0 8649 8753 8752
17133 2 0 8650 8651 8754
17134 2 0 8650 8754 8753
17135 2 0 8651 8652 8755
17136 2 0 8651 8755 8754
17137 2 0 8653 8654 8757
17138 2 0 8653 8757 8756
17139 2 0 8654 8655 8758
17140 2 0 8654 8758 8757
17141 2 0 8655 8656 8759
17142 2 0 8655 8759 8758
17143 2 0 8656 8657 8760
17144 2 0 8656 8760 8759
17145 2 0 8657 8658 8761
17146 2 0 8657 8761 8760
17147 2 0 8658 8659 8762
17148 2 0 8658 8762 8761
17149 2 0 8659 8660 8763
17150 2 0 8659 8763 8762
17151 2 0 8660 8661 8764
17152 2 0 8660 8764 8763
17153 2 0 8661 8662 8765
17154 2 0 8661 8765 8764
17155 2 0 8662 8663 8766
17156 2 0 8662 8766 8765
17157 2 0 8663 8664 8767
17158 2 0 8663 8767 8766
17159 2 0 8664 8665 8768
17160 2 0 8664 8768 8767
17161 2 0 8665 8666 8769
17162 2 0 8665 8769 8768
17163 2 0 8666 8667 8770
17164 2 0 8666 8770 8769
17165 2 0 8667 8668 8771
17166 2 0 8667 8771 8770
17167 2 0 8668 8669 8772
17168 2 0 8668 8772 8771
17169 2 0 8669 8670 8773
17170 2 0 8669 8773 8772
17171 2 0 8670 8671 8774
17172 2 0 8670 8774 8773
17173 2 0 8671 8672 8775
17174 2 0 8671 8775 8774
17175 2 0 8672 8673 8776
17176 2 0 8672 8776 8775
17177 2 0 8673 8674 8777
17178 2 0 8673 8777 8776
17179 2 0 8674 8675 8778
17180 2 0 8674 8778 8777
17181 2 0 8675 8676 8779
17182 2 0 8675 8779 8778
17183 2 0 8676 8677 8780
17184 2 0 8676 8780 8779
17185 2 0 8677 8678 8781
17186 2 0 8677 8781 8780
17187 2 0 8678 8679 8782
17188 2 0 8678 8782 8781
17189 2 0 8679 8680 8783
17190 2 0 8679 8783 8782
17191 2 0 8680 8681 8784
17192 2 0 8680 8784 8783
17193 2 0 8681 8682 8785
17194 2 0 8681 8785 8784
17195 2 0 8682 8683 8786
17196 2 0 8682 8786 8785
17197 2 0 8683 8684 8787
17198 2 0 8683 8787 8786
17199 2 0 8684 8685 8788
17200 2 0 8684 8788 8787
17201 2 0 8685 8686 8789
17202 2 0 8685 8789 8788
17203 2 0 8686 8687 8790
17204 2 0 8686 8790 8789
17205 2 0 8687 8688 8791
17206 2 0 8687 8791 8790
17207 2 0 8688 8689 8792
17208 2 0 8688 8792 8791
17209 2 0 8689 8690 8793
17210 2 0 8689 8793 8792
17211 2 0 8690 8691 8794
17212 2 0 8690 8794 8793
17213 2 0 8691 8692 8795
17214 2 0 8691 8795 8794
17215 2 0 8692 8693 8796
17216 2 0 8692 8796 8795
17217 2 0 8693 8694 8797
17218 2 0 8693 8797 8796
17219 2 0 8694 8695 8798
17220 2 0 8694 8798 8797
17221 2 0 8695 8696 8799
17222 2 0 8695 8799 8798
17223 2 0 8696 8697 8800
17224 2 0 8696 8800 8799
17225 2 0 8697 8698 8801
17226 2 0 8697 8801 8800
17227 2 0 8698 8699 8802
17228 2 0 8698 8802 8801
17229 2 0 8699 8700 8803
17230 2 0 8699 8803 8802
17231 2 0 8700 8701 8804
17232 2 0 8700 8804 8803
17233 2 0 8701 8702 8805
17234 2 0 8701 8805 8804
17235 2 0 8702 8703 8806
17236 2 0 8702 8806 8805
17237 2 0 8703 8704 8807
17238 2 0 8703 8807 8806
17239 2 0 8704 8705 8808
17240 2 0 8704 8808 8807
17241 2 0 8705 8706 8809
17242 2 0 8705 8809 8808
17243 2 0 8706 8707 8810
17244 2 0 8706 8810 8809
17245 2 0 8707 8708 8811
17246 2 0 8707 8811 8810
17247 2 0 8708 8709 8812
17248 2 0 8708 8812 8811
17249 2 0 8709 8710 8813
17250 2 0 8709 8813 8812
17251 2 0 8710 8711 8814
17252 2 0 8710 8814 8813
17253 2 0 8711 8712 8815
17254 2 0 8711 8815 8814
17255 2 0 8712 8713 8816
17256 2 0 8712 8816 8815
17257 2 0 8713 8714 8817
17258 2 0 8713 8817 8816
17259 2 0 8714 8715 8818
17260 2 0 8714 8818 8817
17261 2 0 8715 8716 8819
17262 2 0 8715 8819 8818
17263 2 0 8716 8717 8820
17264 2 0 8716 8820 8819
17265 2 0 8717 8718 8821
17266 2 0 8717 8821 8820
17267 2 0 8718 8719 8822
17268 2 0 8718 8822 8821
17269 2 0 8719 8720 8823
17270 2 0 8719 8823 8822
17271 2 0 8720 8721 8824
17272 2 0 8720 8824 8823
17273 2 0 8721 8722 8825
17274 2 0 8721 8825 8824
17275 2 0 8722 8723 8826
17276 2 0 8722 8826 8825
17277 2 0 8723 8724 8827
17278 2 0 8723 8827 8826
17279 2 0 8724 8725 8828
17280 2 0 8724 8828 8827
17281 2 0 8725 8726 8829
17282 2 0 8725 8829 8828
17283 2 0 8726 8727 8830
17284 2 0 8726 8830 8829
17285 2 0 8727 8728 8831
17286 2 0 8727 8831 8830
17287 2 0 8728 8729 8832
17288 2 0 8728 8832 8831
17289 2 0 8729 8730 8833
17290 2 0 8729 8833 8832
17291 2 0 8730 8731 8834
17292 2 0 8730 8834 8833
17293 2 0 8731 8732 8835
17294 2 0 8731 8835 8834
17295 2 0 8732 8733 8836
17296 2 0 8732 8836 8835
17297 2 0 8733 8734 8837
17298 2 0 8733 8837 8836
17299 2 0 8734 8735 8838
17300 2 0 8734 8838 8837
17301 2 0 8735 8736 8839
17302 2 0 8735 8839 8838
17303 2 0 8736 8737 8840
17304 2 0 8736 8840 8839
17305 2 0 8737 8738 8841
17306 2 0 8737 8841 8840
17307 2 0 8738 8739 8842
17308 2 0 8738 8842 8841
17309 2 0 8739 8740 8843
17310 2 0 8739 8843 8842
17311 2 0 8740 8741 8844
17312 2 0 8740 8844 8843
17313 2 0 8741 8742 8845
17314 2 0 8741 8845 8844
17315 2 0 8742 8743 8846
17316 2 0 8742 8846 8845
17317 2 0 8743 8744 8847
17318 2 0 8743 8847 8846
17319 2 0 8744 8745 8848
17320 2 0 8744 8848 8847
17321 2 0 8745 8746 8849
17322 2 0 8745 8849 8848
17323 2 0 8746 8747 8850
17324 2 0 8746 8850 8849
17325 2 0 8747 8748 8851
17326 2 0 8747 8851 8850
17327 2 0 8748 8749 8852
17328 2 0 8748 8852 8851
17329 2 0 8749 8750 8853
17330 2 0 8749 8853 8852
17331 2 0 8750 8751 8854
17332 2 0 8750 8854 8853
17333 2 0 8751 8752 8855
17334 2 0 8751 8855 8854
17335 2 0 8752 8753 8856
17336 2 0 8752 8856 8855
17337 2 0 8753 8754 8857
17338 2 0 8753 8857 8856
17339 2 0 8754 8755 8858
17340 2 0 8754 8858 8857
17341 2 0 8756 8757 8860
17342 2 0 8756 8860 8859
17343 2 0 8757 8758 8861
17344 2 0 8757 8861 8860
17345 2 0 8758 8759 8862
17346 2 0 8758 8862 8861
17347 2 0 8759 8760 8863
17348 2 0 8759 8863 8862
17349 2 0 8760 8761 8864
17350 2 0 8760 8864 8863
17351 2 0 8761 8762 8865
17352 2 0 8761 8865 8864
17353 2 0 8762 8763 8866
17354 2 0 8762 8866 8865
17355 2 0 8763 8764 8867
17356 2 0 8763 8867 8866
17357 2 0 8764 8765 8868
17358 2 0 8764 8868 8867
17359 2 0 8765 8766 8869
17360 2 0 8765 8869 8868
17361 2 0 8766 8767 8870
17362 2 0 8766 8870 8869
17363 2 0 8767 8768 8871
17364 2 0 8767 8871 8870
17365 2 0 8768 8769 8872
17366 2 0 8768 8872 8871
17367 2 0 8769 8770 8873
17368 2 0 8769 8873 8872
17369 2 0 8770 8771 8874
17370 2 0 8770 8874 8873
17371 2 0 8771 8772 8875
17372 2 0 8771 8875 8874
17373 2 0 8772 8773 8876
17374 2 0 8772 8876 8875
17375 2 0 8773 8774 8877
17376 2 0 8773 8877 8876
17377 2 0 8774 8775 8878
17378 2 0 8774 8878 8877
17379 2 0 8775 8776 8879
17380 2 0 8775 8879 8878
17381 2 0 8776 8777 8880
17382 2 0 8776 8880 8879
17383 2 0 8777 8778 8881
17384 2 0 8777 8881 8880
17385 2 0 8778 8779 8882
17386 2 0 8778 8882 8881
17387 2 0 8779 8780 8883
17388 2 0 8779 8883 8882
17389 2 0 8780 8781 8884
17390 2 0 8780 8884 8883
17391 2 0 8781 8782 8885
17392 2 0 8781 8885 8884
17393 2 0 8782 8783 8886
17394 2 0 8782 8886 8885
17395 2 0 8783 8784 8887
17396 2 0 8783 8887 8886
17397 2 0 8784 8785 8888
17398 2 0 8784 8888 8887
17399 2 0 8785 8786 8889
17400 2 0 8785 8889 8888
17401 2 0 8786 8787 8890
17402 2 0 8786 8890 8889
17403 2 0 8787 8788 8891
17404 2 0 8787 8891 8890
17405 2 0 8788 8789 8892
17406 2 0 8788 8892 8891
17407 2 0 8789 8790 8893
17408 2 0 8789 8893 8892
17409 2 0 8790 8791 8894
17410 2 0 8790 8894 8893
17411 2 0 8791 8792 8895
17412 2 0 8791 8895 8894
17413 2 0 8792 8793 8896
17414 2 0 8792 8896 8895
17415 2 0 8793 8794 8897
17416 2 0 8793 8897 8896
17417 2 0 8794 8795 8898
17418 2 0 8794 8898 8897
17419 2 0 8795 8796 8899
17420 2 0 8795 8899 8898
17421 2 0 8796 8797 8900
17422 2 0 8796 8900 8899
17423 2 0 8797 8798 8901
17424 2 0 8797 8901 8900
17425 2 0 8798 8799 8902
17426 2 0 8798 8902 8901
17427 2 0 8799 8800 8903
17428 2 0 8799 8903 8902
17429 2 0 8800 8801 8904
17430 2 0 8800 8904 8903
17431 2 0 8801 8802 8905
17432 2 0 8801 8905 8904
17433 2 0 8802 8803 8906
17434 2 0 8802 8906 8905
17435 2 0 8803 8804 8907
17436 2 0 8803 8907 8906
17437 2 0 8804 8805 8908
17438 2 0 8804 8908 8907
17439 2 0 8805 8806 8909
17440 2 0 8805 8909 8908
17441 2 0 8806 8807 8910
17442 2 0 8806 8910 8909
17443 2 0 8807 8808 8911
17444 2 0 8807 8911 8910
17445 2 0 8808 8809 8912
17446 2 0 8808 8912 8911
17447 2 0 8809 8810 8913
17448 2 0 8809 8913 8912
17449 2 0 8810 8811 8914
17450 2 0 8810 8914 8913
17451 2 0 8811 8812 8915
17452 2 0 8811 8915 8914
17453 2 0 8812 8813 8916
17454 2 0 8812 8916 8915
17455 2 0 8813 8814 8917
17456 2 0 8813 8917 8916
17457 2 0 8814 8815 8918
17458 2 0 8814 8918 8917
17459 2 0 8815 8816 8919
17460 2 0 8815 8919 8918
17461 2 0 8816 8817 8920
17462 2 0 8816 8920 8919
17463 2 0 8817 8818 8921
17464 2 0 8817 8921 8920
17465 2 0 8818 8819 8922
17466 2 0 8818 8922 8921
17467 2 0 8819 8820 8923
17468 2 0 8819 8923 8922
17469 2 0 8820 8821 8924
17470 2 0 8820 8924 8923
17471 2 0 8821 8822 8925
17472 2 0 8821 8925 8924
17473 2 0 8822 8823 8926
17474 2 0 8822 8926 8925
17475 2 0 8823 8824 8927
17476 2 0 8823 8927 8926
17477 2 0 8824 8825 8928
17478 2 0 8824 8928 8927
17479 2 0 8825 8826 8929
17480 2 0 8825 8929 8928
17481 2 0 8826 8827 8930
17482 2 0 8826 8930 8929
17483 2 0 8827 8828 8931
17484 2 0 8827 8931 8930
17485 2 0 8828 8829 8932
17486 2 0 8828 8932 8931
17487 2 0 8829 8830 8933
17488 2 0 8829 8933 8932
17489 2 0 8830 8831 8934
17490 2 0 8830 8934 8933
17491 2 0 8831 8832 8935
17492 2 0 8831 8935 8934
17493 2 0 8832 8833 8936
17494 2 0 8832 8936 8935
17495 2 0 8833 8834 8937
17496 2 0 8833 8937 8936
17497 2 0 8834 8835 8938
17498 2 0 8834 8938 8937
17499 2 0 8835 8836 8939
17500 2 0 8835 8939 8938
17501 2 0 8836 8837 8940
17502 2 0 8836 8940 8939
17503 2 0 8837 8838 8941
17504 2 0 8837 8941 8940
17505 2 0 8838 8839 8942
17506 2 0 8838 8942 8941
17507 2 0 8839 8840 8943
17508 2 0 8839 8943 8942
17509 2 0 8840 8841 8944
17510 2 0 8840 8944 8943
17511 2 0 8841 8842 8945
17512 2 0 8841 8945 8944
17513 2 0 8842 8843 8946
17514 2 0 8842 8946 8945
17515 2 0 8843 8844 8947
17516 2 0 8843 8947 8946
17517 2 0 8844 8845 8948
17518 2 0 8844 8948 8947
17519 2 0 8845 8846 8949
17520 2 0 8845 8949 8948
17521 2 0 8846 8847 8950
17522 2 0 8846 8950 8949
17523 2 0 8847 8848 8951
17524 2 0 8847 8951 8950
17525 2 0 8848 8849 8952
17526 2 0 8848 8952 8951
17527 2 0 8849 8850 8953
17528 2 0 8849 8953 8952
17529 2 0 8850 8851 8954
17530 2 0 8850 8954 8953
17531 2 0 8851 8852 8955
17532 2 0 8851 8955 8954
17533 2 0 8852 8853 8956
17534 2 0 8852 8956 8955
17535 2 0 8853 8854 8957
17536 2 0 8853 8957 8956
17537 2 0 8854 8855 8958
17538 2 0 8854 8958 8957
17539 2 0 8855 8856 8959
17540 2 0 8855 8959 8958
17541 2 0 8856 8857 8960
17542 2 0 8856 8960 8959
17543 2 0 8857 8858 8961
17544 2 0 8857 8961 8960
17545 2 0 8859 8860 8963
17546 2 0 8859 8963 8962
17547 2 0 8860 8861 8964
17548 2 0 8860 8964 8963
17549 2 0 8861 8862 8965
17550 2 0 8861 8965 8964
17551 2 0 8862 8863 8966
17552 2 0 8862 8966 8965
17553 2 0 8863 8864 8967
17554 2 0 8863 8967 8966
17555 2 0 8864 8865 8968
17556 2 0 8864 8968 8967
17557 2 0 8865 8866 8969
17558 2 0 8865 8969 8968
17559 2 0 8866 8867 8970
17560 2 0 8866 8970 8969
17561 2 0 8867 8868 8971
17562 2 0 8867 8971 8970
17563 2 0 8868 8869 8972
17564 2 0 8868 8972 8971
17565 2 0 8869 8870 8973
17566 2 0 8869 8973 8972
17567 2 0 8870 8871 8974
17568 2 0 8870 8974 8973
17569 2 0 8871 8872 8975
17570 2 0 8871 8975 8974
17571 2 0 8872 8873 8976
17572 2 0 8872 8976 8975
17573 2 0 8873 8874 8977
17574 2 0 8873 8977 8976
17575 2 0 8874 8875 8978
17576 2 0 8874 8978 8977
17577 2 0 8875 8876 8979
17578 2 0 8875 8979 8978
17579 2 0 8876 8877 8980
17580 2 0 8876 8980 8979
17581 2 0 8877 8878 8981
17582 2 0 8877 8981 8980
17583 2 0 8878 8879 8982
17584 2 0 8878 8982 8981
17585 2 0 8879 8880 8983
17586 2 0 8879 8983 8982
17587 2 0 8880 8881 8984
17588 2 0 8880 8984 8983
17589 2 0 8881 8882 8985
17590 2 0 8881 8985 8984
17591 2 0 8882 8883 8986
17592 2 0 8882 8986 8985
17593 2 0 8883 8884 8987
17594 2 0 8883 8987 8986
17595 2 0 8884 8885 8988
17596 2 0 8884 8988 8987
17597 2 0 8885 8886 8989
17598 2 0 8885 8989 8988
17599 2 0 8886 8887 8990
17600 2 0 8886 8990 8989
17601 2 0 8887 8888 8991
17602 2 0 8887 8991 8990
17603 2 0 8888 8889 8992
17604 2 0 8888 8992 8991
17605 2 0 8889 8890 8993
17606 2 0 8889 8993 8992
17607 2 0 8890 8891 8994
17608 2 0 8890 8994 8993
17609 2 0 8891 8892 8995
17610 2 0 8891 8995 8994
17611 2 0 8892 8893 8996
17612 2 0 8892 8996 8995
17613 2 0 8893 8894 8997
17614 2 0 8893 8997 8996
17615 2 0 8894 8895 8998
17616 2 0 8894 8998 8997
17617 2 0 8895 8896 8999
17618 2 0 8895 8999 8998
17619 2 0 8896 8897 9000
17620 2 0 8896 9000 8999
17621 2 0 8897 8898 9001
17622 2 0 8897 9001 9000
17623 2 0 8898 8899 9002
17624 2 0 8898 9002 9001
17625 2 0 8899 8900 9003
17626 2 0 8899 9003 9002
17627 2 0 8900 8901 9004
17628 2 0 8900 9004 9003
17629 2 0 8901 8902 9005
17630 2 0 8901 9005 9004
17631 2 0 8902 8903 9006
17632 2 0 8902 9006 9005
17633 2 0 8903 8904 9007
17634 2 0 8903 9007 9006
17635 2 0 8904 8905 9008
17636 2 0 8904 9008 9007
17637 2 0 8905 8906 9009
17638 2 0 8905 9009 9008
17639 2 0 8906 8907 9010
17640 2 0 8906 9010 9009
17641 2 0 8907 8908 9011
17642 2 0 8907 9011 9010
17643 2 0 8908 8909 9012
17644 2 0 8908 9012 9011
17645 2 0 8909 8910 9013
17646 2 0 8909 9013 9012
17647 2 0 8910 8911 9014
17648 2 0 8910 9014 9013
17649 2 0 8911 8912 9015
17650 2 0 8911 9015 9014
17651 2 0 8912 8913 9016
17652 2 0 8912 9016 9015
17653 2 0 8913 8914 9017
17654 2 0 8913 9017 9016
17655 2 0 8914 8915 9018
17656 2 0 8914 9018 9017
17657 2 0 8915 8916 9019
17658 2 0 8915 9019 9018
17659 2 0 8916 8917 9020
17660 2 0 8916 9020 9019
17661 2 0 8917 8918 9021
17662 2 0 8917 9021 9020
17663 2 0 8918 8919 9022
17664 2 0 8918 9022 9021
17665 2 0 8919 8920 9023
17666 2 0 8919 9023 9022
17667 2 0 8920 8921 9024
17668 2 0 8920 9024 9023
17669 2 0 8921 8922 9025
17670 2 0 8921 9025 9024
17671 2 0 8922 8923 9026
17672 2 0 8922 9026 9025
17673 2 0 8923 8924 9027
17674 2 0 8923 9027 9026
17675 2 0 8924 8925 9028
17676 2 0 8924 9028 9027
17677 2 0 8925 8926 9029
17678 2 0 8925 9029 9028
17679 2 0 8926 8927 9030
17680 2 0 8926 9030 9029
17681 2 0 8927 8928 9031
17682 2 0 8927 9031 9030
17683 2 0 8928 8929 9032
17684 2 0 8928 9032 9031
17685 2 0 8929 8930 9033
17686 2 0 8929 9033 9032
17687 2 0 8930 8931 9034
17688 2 0 8930 9034 9033
17689 2 0 8931 8932 9035
17690 2 0 8931 9035 9034
17691 2 0 8932 8933 9036
17692 2 0 8932 9036 9035
17693 2 0 8933 8934 9037
17694 2 0 8933 9037 9036
17695 2 0 8934 8935 9038
17696 2 0 8934 9038 9037
17697 2 0 8935 8936 9039
17698 2 0 8935 9039 9038
17699 2 0 8936 8937 9040
17700 2 0 8936 9040 9039
17701 2 0 8937 8938 9041
17702 2 0 8937 9041 9040
17703 2 0 8938 8939 9042
17704 2 0 8938 9042 9041
17705 2 0 8939 8940 9043
17706 2 0 8939 9043 9042
17707 2 0 8940 8941 9044
17708 2 0 8940 9044 9043
17709 2 0 8941 8942 9045
17710 2 0 8941 9045 9044
17711 2 0 8942 8943 9046
17712 2 0 8942 9046 9045
17713 2 0 8943 8944 9047
17714 2 0 8943 9047 9046
17715 2 0 8944 8945 9048
17716 2 0 8944 9048 9047
17717 2 0 8945 8946 9049
17718 2 0 8945 9049 9048
17719 2 0 8946 8947 9050
17720 2 0 8946 9050 9049
17721 2 0 8947 8948 9051
17722 2 0 8947 9051 9050
17723 2 0 8948 8949 9052
17724 2 0 8948 9052 9051
17725 2 0 8949 8950 9053
17726 2 0 8949 9053 9052
17727 2 0 8950 8951 9054
17728 2 0 8950 9054 9053
17729 2 0 8951 8952 9055
17730 2 0 8951 9055 9054
17731 2 0 8952 8953 9056
17732 2 0 8952 9056 9055
17733 2 0 8953 8954 9057
17734 2 0 8953 9057 9056
17735 2 0 8954 8955 9058
17736 2 0 8954 9058 9057
17737 2 0 8955 8956 9059
17738 2 0 8955 9059 9058
17739 2 0 8956 8957 9060
17740 2 0 8956 9060 9059
17741 2 0 8957 8958 9061
17742 2 0 8957 9061 9060
17743 2 0 8958 8959 9062
17744 2 0 8958 9062 9061
17745 2 0 8959 8960 9063
17746 2 0 8959 9063 9062
17747 2 0 8960 8961 9064
17748 2 0 8960 9064 9063
17749 2 0 8962 8963 9066
17750 2 0 8962 9066 9065
17751 2 0 8963 8964 9067
17752 2 0 8963 9067 9066
17753 2 0 8964 8965 9068
17754 2 0 8964 9068 9067
17755 2 0 8965 8966 9069
17756 2 0 8965 9069 9068
17757 2 0 8966 8967 9070
17758 2 0 8966 9070 9069
17759 2 0 8967 8968 9071
17760 2 0 8967 9071 9070
17761 2 0 8968 8969 9072
17762 2 0 8968 9072 9071
17763 2 0 8969 8970 9073
17764 2 0 8969 9073 9072
17765 2 0 8970 8971 9074
17766 2 0 8970 9074 9073
17767 2 0 8971 8972 9075
17768 2 0 8971 9075 9074
17769 2 0 8972 8973 9076
17770 2 0 8972 9076 9075
17771 2 0 8973 8974 9077
17772 2 0 8973 9077 9076
17773 2 0 8974 8975 9078
17774 2 0 8974 9078 9077
17775 2 0 8975 8976 9079
17776 2 0 8975 9079 9078
17777 2 0 8976 8977 9080
17778 2 0 8976 9080 9079
17779 2 0 8977 8978 9081
17780 2 0 8977 9081 9080
17781 2 0 8978 8979 9082
17782 2 0 8978 9082 9081
17783 2 0 8979 8980 9083
17784 2 0 8979 9083 9082
17785 2 0 8980 8981 9084
17786 2 0 8980 9084 9083
17787 2 0 8981 8982 9085
17788 2 0 8981 9085 9084
17789 2 0 8982 8983 9086
17790 2 0 8982 9086 9085
17791 2 0 8983 8984 9087
17792 2 0 8983 9087 9086
17793 2 0 8984 8985 9088
17794 2 0 8984 9088 9087
17795 2 0 8985 8986 9089
17796 2 0 8985 9089 9088
17797 2 0 8986 8987 9090
17798 2 0 8986 9090 9089
17799 2 0 8987 8988 9091
17800 2 0 8987 9091 9090
17801 2 0 8988 8989 9092
17802 2 0 8988 9092 9091
17803 2 0 8989 8990 9093
17804 2 0 8989 9093 9092
17805 2 0 8990 8991 9094
17806 2 0 8990 9094 9093
17807 2 0 8991 8992 9095
17808 2 0 8991 9095 9094
17809 2 0 8992 8993 9096
17810 2 0 8992 9096 9095
17811 2 0 8993 8994 9097
17812 2 0 8993 9097 9096
17813 2 0 8994 8995 9098
17814 2 0 8994 9098 9097
17815 2 0 8995 8996 9099
17816 2 0 8995 9099 9098
17817 2 0 8996 8997 9100
17818 2 0 8996 9100 9099
17819 2 0 8997 8998 9101
17820 2 0 8997 9101 9100
17821 2 0 8998 8999 9102
17822 2 0 8998 9102 9101
17823 2 0 8999 9000 9103
17824 2 0 8999 9103 9102
17825 2 0 9000 9001 9104
17826 2 0 9000 9104 9103
17827 2 0 9001 9002 9105
17828 2 0 9001 9105 9104
17829 2 0 9002 9003 9106
17830 2 0 9002 9106 9105
17831 2 0 9003 9004 9107
17832 2 0 9003 9107 9106
17833 2 0 9004 9005 9108
17834 2 0 9004 9108 9107
17835 2 0 9005 9006 9109
17836 2 0 9005 9109 9108
17837 2 0 9006 9007 9110
17838 2 0 9006 9110 9109
17839 2 0 9007 9008 9111
17840 2 0 9007 9111 9110
17841 2 0 9008 9009 9112
17842 2 0 9008 9112 9111
17843 2 0 9009 9010 9113
17844 2 0 9009 9113 9112
17845 2 0 9010 9011 9114
17846 2 0 9010 9114 9113
17847 2 0 9011 9012 9115
17848 2 0 9011 9115 9114
17849 2 0 9012 9013 9116
17850 2 0 9012 9116 9115
17851 2 0 9013 9014 9117
17852 2 0 9013 9117 9116
17853 2 0 9014 9015 9118
17854 2 0 9014 9118 9117
17855 2 0 9015 9016 9119
17856 2 0 9015 9119 9118
17857 2 0 9016 9017 9120
17858 2 0 9016 9120 9119
17859 2 0 9017 9018 9121
17860 2 0 9017 9121 9120
17861 2 0 9018 9019 9122
17862 2 0 9018 9122 9121
17863 2 0 9019 9020 9123
17864 2 0 9019 9123 9122
17865 2 0 9020 9021 9124
17866 2 0 9020 9124 9123
17867 2 0 9021 9022 9125
17868 2 0 9021 9125 9124
17869 2 0 9022 9023 9126
17870 2 0 9022 9126 9125
17871 2 0 9023 9024 9127
17872 2 0 9023 9127 9126
17873 2 0 9024 9025 9128
17874 2 0 9024 9128 9127
17875 2 0 9025 9026 9129
17876 2 0 9025 9129 9128
17877 2 0 9026 9027 9130
17878 2 0 9026 9130 9129
17879 2 0 9027 9028 9131
17880 2 0 9027 9131 9130
17881 2 0 9028 9029 9132
17882 2 0 9028 9132 9131
17883 2 0 9029 9030 9133
17884 2 0 9029 9133 9132
17885 2 0 9030 9031 9134
17886 2 0 9030 9134 9133
17887 2 0 9031 9032 9135
17888 2 0 9031 9135 9134
17889 2 0 9032 9033 9136
17890 2 0 9032 9136 9135
17891 2 0 9033 9034 9137
17892 2 0 9033 9137 9136
17893 2 0 9034 9035 9138
17894 2 0 9034 9138 9137
17895 2 0 9035 9036 9139
17896 2 0 9035 9139 9138
17897 2 0 9036 9037 9140
17898 2 0 9036 9140 9139
17899 2 0 9037 9038 9141
17900 2 0 9037 9141 9140
17901 2 0 9038 9039 9142
17902 2 0 9038 9142 9141
17903 2 0 9039 9040 9143
17904 2 0 9039 9143 9142
17905 2 0 9040 9041 9144
17906 2 0 9040 9144 9143
17907 2 0 9041 9042 9145
17908 2 0 9041 9145 9144
17909 2 0 9042 9043 9146
17910 2 0 9042 9146 9145
17911 2 0 9043 9044 9147
17912 2 0 9043 9147 9146
17913 2 0 9044 9045 9148
17914 2 0 9044 9148 9147
17915 2 0 9045 9046 9149
17916 2 0 9045 9149 9148
17917 2 0 9046 9047 9150
17918 2 0 9046 9150 9149
17919 2 0 9047 9048 9151
17920 2 0 9047 9151 9150
17921 2 0 9048 9049 9152
17922 2 0 9048 9152 9151
17923 2 0 9049 9050 9153
17924 2 0 9049 9153 9152
17925 2 0 9050 9051 9154
17926 2 0 9050 9154 9153
17927 2 0 9051 9052 9155
17928 2 0 9051 9155 9154
17929 2 0 9052 9053 9156
17930 2 0 9052 9156 9155
17931 2 0 9053 9054 9157
17932 2 0 9053 9157 9156
17933 2 0 9054 9055 9158
17934 2 0 9054 9158 9157
17935 2 0 9055 9056 9159
17936 2 0 9055 9159 9158
17937 2 0 9056 9057 9160
17938 2 0 9056 9160 9159
17939 2 0 9057 9058 9161
17940 2 0 9057 9161 9160
17941 2 0 9058 9059 9162
17942 2 0 9058 9162 9161
17943 2 0 9059 9060 9163
17944 2 0 9059 9163 9162
17945 2 0 9060 9061 9164
17946 2 0 9060 9164 9163
17947 2 0 9061 9062 9165
17948 2 0 9061 9165 9164
17949 2 0 9062 9063 9166
17950 2 0 9062 9166 9165
17951 2 0 9063 9064 9167
17952 2 0 9063 9167 9166
17953 2 0 9065 9066 9169
17954 2 0 9065 9169 9168
17955 2 0 9066 9067 9170
17956 2 0 9066 9170 9169
17957 2 0 9067 9068 9171
17958 2 0 9067 9171 9170
17959 2 0 9068 9069 9172
17960 2 0 9068 9172 9171
17961 2 0 9069 9070 9173
17962 2 0 9069 9173 9172
17963 2 0 9070 9071 9174
17964 2 0 9070 9174 9173
17965 2 0 9071 9072 9175
17966 2 0 9071 9175 9174
17967 2 0 9072 9073 9176
17968 2 0 9072 9176 9175
17969 2 0 9073 9074 9177
17970 2 0 9073 9177 9176
17971 2 0 9074 9075 9178
17972 2 0 9074 9178 9177
17973 2 0 9075 9076 9179
17974 2 0 9075 9179 9178
17975 2 0 9076 9077 9180
17976 2 0 9076 9180 9179
17977 2 0 9077 9078 9181
17978 2 0 9077 9181 9180
17979 2 0 9078 9079 9182
17980 2 0 9078 9182 9181
17981 2 0 9079 9080 9183
17982 2 0 9079 9183 9182
17983 2 0 9080 9081 9184
17984 2 0 9080 9184 9183
17985 2 0 9081 9082 9185
17986 2 0 9081 9185 9184
17987 2 0 9082 9083 9186
17988 2 0 9082 9186 9185
17989 2 0 9083 9084 9187
17990 2 0 9083 9187 9186
17991 2 0 9084 9085 9188
17992 2 0 9084 9188 9187
17993 2 0 9085 9086 9189
17994 2 0 9085 9189 9188
17995 2 0 9086 9087 9190
17996 2 0 9086 9190 9189
17997 2 0 9087 9088 9191
17998 2 0 9087 9191 9190
17999 2 0 9088 9089 9192
18000 2 0 9088 9192 9191
18001 2 0 9089 9090 9193
18002 2 0 9089 9193 9192
18003 2 0 9090 9091 9194
18004 2 0 9090 9194 9193
18005 2 0 9091 9092 9195
18006 2 0 9091 9195 9194
18007 2 0 9092 9093 9196
18008 2 0 9092 9196 9195
18009 2 0 9093 9094 9197
18010 2 0 9093 9197 9196
18011 2 0 9094 9095 9198
18012 2 0 9094 9198 9197
18013 2 0 9095 9096 9199
18014 2 0 9095 9199 9198
18015 2 0 9096 9097 9200
18016 2 0 9096 9200 9199
18017 2 0 9097 9098 9201
18018 2 0 9097 9201 9200
18019 2 0 9098 9099 9202
18020 2 0 9098 9202 9201
18021 2 0 9099 9100 9203
18022 2 0 9099 9203 9202
18023 2 0 9100 9101 9204
18024 2 0 9100 9204 9203
18025 2 0 9101 9102 9205
18026 2 0 9101 9205 9204
18027 2 0 9102 9103 9206
18028 2 0 9102 9206 9205
18029 2 0 9103 9104 9207
18030 2 0 9103 9207 9206
18031 2 0 9104 9105 9208
18032 2 0 9104 9208 9207
18033 2 0 9105 9106 9209
18034 2 0 9105 9209 9208
18035 2 0 9106 9107 9210
18036 2 0 9106 9210 9209
18037 2 0 9107 9108 9211
18038 2 0 9107 9211 9210
18039 2 0 9108 9109 9212
18040 2 0 9108 9212 9211
18041 2 0 9109 9110 9213
18042 2 0 9109 9213 9212
18043 2 0 9110 9111 9214
18044 2 0 9110 9214 9213
18045 2 0 9111 9112 9215
18046 2 0 9111 9215 9214
18047 2 0 9112 9113 9216
18048 2 0 9112 9216 9215
18049 2 0 9113 9114 9217
18050 2 0 9113 9217 9216
18051 2 0 9114 9115 9218
18052 2 0 9114 9218 9217
18053 2 0 9115 9116 9219
18054 2 0 9115 9219 9218
18055 2 0 9116 9117 9220
18056 2 0 9116 9220 9219
18057 2 0 9117 9118 9221
18058 2 0 9117 9221 9220
18059 2 0 9118 9119 9222
18060 2 0 9118 9222 9221
18061 2 0 9119 9120 9223
18062 2 0 9119 9223 9222
18063 2 0 9120 9121 9224
18064 2 0 9120 9224 9223
18065 2 0 9121 9122 9225
18066 2 0 9121 9225 9224
18067 2 0 9122 9123 9226
18068 2 0 9122 9226 9225
18069 2 0 9123 9124 9227
18070 2 0 9123 9227 9226
18071 2 0 9124 9125 9228
18072 2 0 9124 9228 9227
18073 2 0 9125 9126 9229
18074 2 0 9125 9229 9228
18075 2 0 9126 9127 9230
18076 2 0 9126 9230 9229
18077 2 0 9127 9128 9231
18078 2 0 9127 9231 9230
18079 2 0 9128 9129 9232
18080 2 0 9128 9232 9231
18081 2 0 9129 9130 9233
18082 2 0 9129 9233 9232
18083 2 0 9130 9131 9234
18084 2 0 9130 9234 9233
18085 2 0 9131 9132 9235
18086 2 0 9131 9235 9234
18087 2 0 9132 9133 9236
18088 2 0 9132 9236 9235
18089 2 0 9133 9134 9237
18090 2 0 9133 9237 9236
18091 2 0 9134 9135 9238
18092 2 0 9134 9238 9237
18093 2 0 9135 9136 9239
18094 2 0 9135 9239 9238
18095 2 0 9136 9137 9240
18096 2 0 9136 9240 9239
18097 2 0 9137 9138 9241
18098 2 0 9137 9241 9240
18099 2 0 9138 9139 9242
18100 2 0 9138 9242 9241
18101 2 0 9139 9140 9243
18102 2 0 9139 9243 9242
18103 2 0 9140 9141 9244
18104 2 0 9140 9244 9243
18105 2 0 9141 9142 9245
18106 2 0 9141 9245 9244
18107 2 0 9142 9143 9246
18108 2 0 9142 9246 9245
18109 2 0 9143 9144 9247
18110 2 0 9143 9247 9246
18111 2 0 9144 9145 9248
18112 2 0 9144 9248 9247
18113 2 0 9145 9146 9249
18114 2 0 9145 9249 9248
18115 2 0 9146 9147 9250
18116 2 0 9146 9250 9249
18117 2 0 9147 9148 9251
18118 2 0 9147 9251 9250
18119 2 0 9148 9149 9252
18120 2 0 9148 9252 9251
18121 2 0 9149 9150 9253
18122 2 0 9149 9253 9252
18123 2 0 9150 9151 9254
18124 2 0 9150 9254 9253
18125 2 0 9151 9152 9255
18126 2 0 9151 9255 9254
18127 2 0 9152 9153 9256
18128 2 0 9152 9256 9255
18129 2 0 9153 9154 9257
18130 2 0 9153 9257 9256
18131 2 0 9154 9155 9258
18132 2 0 9154 9258 9257
18133 2 0 9155 9156 9259
18134 2 0 9155 9259 9258
18135 2 0 9156 9157 9260
18136 2 0 9156 9260 9259
18137 2 0 9157 9158 9261
18138 2 0 9157 9261 9260
18139 2 0 9158 9159 9262
18140 2 0 9158 9262 9261
18141 2 0 9159 9160 9263
18142 2 0 9159 9263 9262
18143 2 0 9160 9161 9264
18144 2 0 9160 9264 9263
18145 2 0 9161 9162 9265
18146 2 0 9161 9265 9264
18147 2 0 9162 9163 9266
18148 2 0 9162 9266 9265
18149 2 0 9163 9164 9267
18150 2 0 9163 9267 9266
18151 2 0 9164 9165 9268
18152 2 0 9164 9268 9267
18153 2 0 9165 9166 9269
18154 2 0 9165 9269 9268
18155 2 0 9166 9167 9270
18156 2 0 9166 9270 9269
18157 2 0 9168 9169 9272
18158 2 0 9168 9272 9271
18159 2 0 9169 9170 9273
18160 2 0 9169 9273 9272
18161 2 0 9170 9171 9274
18162 2 0 9170 9274 9273
18163 2 0 9171 9172 9275
18164 2 0 9171 9275 9274
18165 2 0 9172 9173 9276
18166 2 0 9172 9276 9275
18167 2 0 9173 9174 9277
18168 2 0 9173 9277 9276
18169 2 0 9174 9175 9278
18170 2 0 9174 9278 9277
18171 2 0 9175 9176 9279
18172 2 0 9175 9279 9278
18173 2 0 9176 9177 9280
18174 2 0 9176 9280 9279
18175 2 0 9177 9178 9281
18176 2 0 9177 9281 9280
18177 2 0 9178 9179 9282
18178 2 0 9178 9282 9281
18179 2 0 9179 9180 9283
18180 2 0 9179 9283 9282
18181 2 0 9180 9181 9284
18182 2 0 9180 9284 9283
18183 2 0 9181 9182 9285
18184 2 0 9181 9285 9284
18185 2 0 9182 9183 9286
18186 2 0 9182 9286 9285
18187 2 0 9183 9184 9287
18188 2 0 9183 9287 9286
18189 2 0 9184 9185 9288
18190 2 0 9184 9288 9287
18191 2 0 9185 9186 9289
18192 2 0 9185 9289 9288
18193 2 0 9186 9187 9290
18194 2 0 9186 9290 9289
18195 2 0 9187 9188 9291
18196 2 0 9187 9291 9290
18197 2 0 9188 9189 9292
18198 2 0 9188 9292 9291
18199 2 0 9189 9190 9293
18200 2 0 9189 9293 9292
18201 2 0 9190 9191 9294
18202 2 0 9190 9294 9293
18203 2 0 9191 9192 9295
18204 2 0 9191 9295 9294
18205 2 0 9192 9193 9296
18206 2 0 9192 9296 9295
18207 2 0 9193 9194 9297
18208 2 0 9193 9297 9296
18209 2 0 9194 9195 9298
18210 2 0 9194 9298 9297
18211 2 0 9195 9196 9299
18212 2 0 9195 9299 9298
18213 2 0 9196 9197 9300
18214 2 0 9196 9300 9299
18215 2 0 9197 9198 9301
18216 2 0 9197 9301 9300
18217 2 0 9198 9199 9302
18218 2 0 9198 9302 9301
18219 2 0 9199 9200 9303
18220 2 0 9199 9303 9302
18221 2 0 9200 9201 9304
18222 2 0 9200 9304 9303
18223 2 0 9201 9202 9305
18224 2 0 9201 9305 9304
18225 2 0 9202 9203 9306
18226 2 0 9202 9306 9305
18227 2 0 9203 9204 9307
18228 2 0 9203 9307 9306
18229 2 0 9204 9205 9308
18230 2 0 9204 9308 9307
18231 2 0 9205 9206 9309
18232 2 0 9205 9309 9308
18233 2 0 9206 9207 9310
18234 2 0 9206 9310 9309
18235 2 0 9207 9208 9311
18236 2 0 9207 9311 9310
18237 2 0 9208 9209 9312
18238 2 0 9208 9312 9311
18239 2 0 9209 9210 9313
18240 2 0 9209 9313 9312
18241 2 0 9210 9211 9314
18242 2 0 9210 9314 9313
18243 2 0 9211 9212 9315
18244 2 0 9211 9315 9314
18245 2 0 9212 9213 9316
18246 2 0 9212 9316 9315
18247 2 0 9213 9214 9317
18248 2 0 9213 9317 9316
18249 2 0 9214 9215 9318
18250 2 0 9214 9318 9317
18251 2 0 9215 9216 9319
18252 2 0 9215 9319 9318
18253 2 0 9216 9217 9320
18254 2 0 9216 9320 9319
18255 2 0 9217 9218 9321
18256 2 0 9217 9321 9320
18257 2 0 9218 9219 9322
18258 2 0 9218 9322 9321
18259 2 0 9219 9220 9323
18260 2 0 9219 9323 9322
18261 2 0 9220 9221 9324
18262 2 0 9220 9324 9323
18263 2 0 9221 9222 9325
18264 2 0 9221 9325 9324
18265 2 0 9222 9223 9326
18266 2 0 9222 9326 9325
18267 2 0 9223 9224 9327
18268 2 0 9223 9327 9326
18269 2 0 9224 9225 9328
18270 2 0 9224 9328 9327
18271 2 0 9225 9226 9329
18272 2 0 9225 9329 9328
18273 2 0 9226 9227 9330
18274 2 0 9226 9330 9329
18275 2 0 9227 9228 9331
18276 2 0 9227 9331 9330
18277 2 0 9228 9229 9332
18278 2 0 9228 9332 9331
18279 2 0 9229 9230 9333
18280 2 0 9229 9333 9332
18281 2 0 9230 9231 9334
18282 2 0 9230 9334 9333
18283 2 0 9231 9232 9335
18284 2 0 9231 9335 9334
18285 2 0 9232 9233 9336
18286 2 0 9232 9336 9335
18287 2 0 9233 9234 9337
18288 2 0 9233 9337 9336
18289 2 0 9234 9235 9338
18290 2 0 9234 9338 9337
18291 2 0 9235 9236 9339
18292 2 0 9235 9339 9338
18293 2 0 9236 9237 9340
18294 2 0 9236 9340 9339
18295 2 0 9237 9238 9341
18296 2 0 9237 9341 9340
18297 2 0 9238 9239 9342
18298 2 0 9238 9342 9341
18299 2 0 9239 9240 9343
18300 2 0 9239 9343 9342
18301 2 0 9240 9241 9344
18302 2 0 9240 9344 9343
18303 2 0 9241 9242 9345
18304 2 0 9241 9345 9344
18305 2 0 9242 9243 9346
18306 2 0 9242 9346 9345
18307 2 0 9243 9244 9347
18308 2 0 9243 9347 9346
18309 2 0 9244 9245 9348
18310 2 0 9244 9348 9347
18311 2 0 9245 9246 9349
18312 2 0 9245 9349 9348
18313 2 0 9246 9247 9350
18314 2 0 9246 9350 9349
18315 2 0 9247 9248 9351
18316 2 0 9247 9351 9350
18317 2 0 9248 9249 9352
18318 2 0 9248 9352 9351
18319 2 0 9249 9250 9353
18320 2 0 9249 9353 9352
18321 2 0 9250 9251 9354
18322 2 0 9250 9354 9353
18323 2 0 9251 9252 9355
18324 2 0 9251 9355 9354
18325 2 0 9252 9253 9356
18326 2 0 9252 9356 9355
18327 2 0 9253 9254 9357
18328 2 0 9253 9357 9356
18329 2 0 9254 9255 9358
18330 2 0 9254 9358 9357
18331 2 0 9255 9256 9359
18332 2 0 9255 9359 9358
18333 2 0 9256 9257 9360
18334 2 0 9256 9360 9359
18335 2 0 9257 9258 9361
18336 2 0 9257 9361 9360
18337 2 0 9258 9259 9362
18338 2 0 9258 9362 9361
18339 2 0 9259 9260 9363
18340 2 0 9259 9363 9362
18341 2 0 9260 9261 9364
18342 2 0 9260 9364 9363
18343 2 0 9261 9262 9365
18344 2 0 9261 9365 9364
18345 2 0 9262 9263 9366
18346 2 0 9262 9366 9365
18347 2 0 9263 9264 9367
18348 2 0 9263 9367 9366
18349 2 0 9264 9265 9368
18350 2 0 9264 9368 9367
18351 2 0 9265 9266 9369
18352 2 0 9265 9369 9368
18353 2 0 9266 9267 9370
18354 2 0 9266 9370 9369
18355 2 0 9267 9268 9371
18356 2 0 9267 9371 9370
18357 2 0 9268 9269 9372
18358 2 0 9268 9372 9371
18359 2 0 9269 9270 9373
18360 2 0 9269 9373 9372
18361 2 0 9271 9272 9375
18362 2 0 9271 9375 9374
18363 2 0 9272 9273 9376
18364 2 0 9272 9376 9375
18365 2 0 9273 9274 9377
18366 2 0 9273 9377 9376
18367 2 0 9274 9275 9378
18368 2 0 9274 9378 9377
18369 2 0 9275 9276 9379
18370 2 0 9275 9379 9378
18371 2 0 9276 9277 9380
18372 2 0 9276 9380 9379
18373 2 0 9277 9278 9381
18374 2 0 9277 9381 9380
18375 2 0 9278 9279 9382
18376 2 0 9278 9382 9381
18377 2 0 9279 9280 9383
18378 2 0 9279 9383 9382
18379 2 0 9280 9281 9384
18380 2 0 9280 9384 9383
18381 2 0 9281 9282 9385
18382 2 0 9281 9385 9384
18383 2 0 9282 9283 9386
18384 2 0 9282 9386 9385
18385 2 0 9283 9284 9387
18386 2 0 9283 9387 9386
18387 2 0 9284 9285 9388
18388 2 0 9284 9388 9387
18389 2 0 9285 9286 9389
18390 2 0 9285 9389 9388
18391 2 0 9286 9287 9390
18392 2 0 9286 9390 9389
18393 2 0 9287 9288 9391
18394 2 0 9287 9391 9390
18395 2 0 9288 9289 9392
18396 2 0 9288 9392 9391
18397 2 0 9289 9290 9393
18398 2 0 9289 9393 9392
18399 2 0 9290 9291 9394
18400 2 0 9290 9394 9393
18401 2 0 9291 9292 9395
18402 2 0 9291 9395 9394
18403 2 0 9292 9293 9396
18404 2 0 9292 9396 9395
18405 2 0 9293 9294 9397
18406 2 0 9293 9397 9396
18407 2 0 9294 9295 9398
18408 2 0 9294 9398 9397
18409 2 0 9295 9296 9399
18410 2 0 9295 9399 9398
18411 2 0 9296 9297 9400
18412 2 0 9296 9400 9399
18413 2 0 9297 9298 9401
18414 2 0 9297 9401 9400
18415 2 0 9298 9299 9402
18416 2 0 9298 9402 9401
18417 2 0 9299 9300 9403
18418 2 0 9299 9403 9402
18419 2 0 9300 9301 9404
18420 2 0 9300 9404 9403
18421 2 0 9301 9302 9405
18422 2 0 9301 9405 9404
18423 2 0 9302 9303 9406
18424 2 0 9302 9406 9405
18425 2 0 9303 9304 9407
18426 2 0 9303 9407 9406
18427 2 0 9304 9305 9408
18428 2 0 9304 9408 9407
18429 2 0 9305 9306 9409
18430 2 0 9305 9409 9408
18431 2 0 9306 9307 9410
18432 2 0 9306 9410 9409
18433 2 0 9307 9308 9411
18434 2 0 9307 9411 9410
18435 2 0 9308 9309 9412
18436 2 0 9308 9412 9411
18437 2 0 9309 9310 9413
18438 2 0 9309 9413 9412
18439 2 0 9310 9311 9414
18440 2 0 9310 9414 9413
18441 2 0 9311 9312 9415
18442 2 0 9311 9415 9414
18443 2 0 9312 9313 9416
18444 2 0 9312 9416 9415
18445 2 0 9313 9314 9417
18446 2 0 9313 9417 9416
18447 2 0 9314 9315 9418
18448 2 0 9314 9418 9417
18449 2 0 9315 9316 9419
18450 2 0 9315 9419 9418
18451 2 0 9316 9317 9420
18452 2 0 9316 9420 9419
18453 2 0 9317 9318 9421
18454 2 0 9317 9421 9420
18455 2 0 9318 9319 9422
18456 2 0 9318 9422 9421
18457 2 0 9319 9320 9423
18458 2 0 9319 9423 9422
18459 2 0 9320 9321 9424
18460 2 0 9320 9424 9423
18461 2 0 9321 9322 9425
18462 2 0 9321 9425 9424
18463 2 0 9322 9323 9426
18464 2 0 9322 9426 9425
18465 2 0 9323 9324 9427
18466 2 0 9323 9427 9426
18467 2 0 9324 9325 9428
18468 2 0 9324 9428 9427
18469 2 0 9325 9326 9429
18470 2 0 9325 9429 9428
18471 2 0 9326 9327 9430
18472 2 0 9326 9430 9429
18473 2 0 9327 9328 9431
18474 2 0 9327 9431 9430
18475 2 0 9328 9329 9432
18476 2 0 9328 9432 9431
18477 2 0 9329 9330 9433
18478 2 0 9329 9433 9432
18479 2 0 9330 9331 9434
18480 2 0 9330 9434 9433
18481 2 0 9331 9332 9435
18482 2 0 9331 9435 9434
18483 2 0 9332 9333 9436
18484 2 0 9332 9436 9435
18485 2 0 9333 9334 9437
18486 2 0 9333 9437 9436
18487 2 0 9334 9335 9438
18488 2 0 9334 9438 9437
18489 2 0 9335 9336 9439
18490 2 0 9335 9439 9438
18491 2 0 9336 9337 9440
18492 2 0 9336 9440 9439
18493 2 0 9337 9338 9441
18494 2 0 9337 9441 9440
18495 2 0 9338 9339 9442
18496 2 0 9338 9442 9441
18497 2 0 9339 9340 9443
18498 2 0 9339 9443 9442
18499 2 0 9340 9341 9444
18500 2 0 9340 9444 9443
18501 2 0 9341 9342 9445
18502 2 0 9341 9445 9444
18503 2 0 9342 9343 9446
18504 2 0 9342 9446 9445
18505 2 0 9343 9344 9447
18506 2 0 9343 9447 9446
18507 2 0 9344 9345 9448
18508 2 0 9344 9448 9447
18509 2 0 9345 9346 9449
18510 2 0 9345 9449 9448
18511 2 0 9346 9347 9450
18512 2 0 9346 9450 9449
18513 2 0 9347 9348 9451
18514 2 0 9347 9451 9450
18515 2 0 9348 9349 9452
18516 2 0 9348 9452 9451
18517 2 0 9349 9350 9453
18518 2 0 9349 9453 9452
18519 2 0 9350 9351 9454
18520 2 0 9350 9454 9453
18521 2 0 9351 9352 9455
18522 2 0 9351 9455 9454
18523 2 0 9352 9353 9456
18524 2 0 9352 9456 9455
18525 2 0 9353 9354 9457
18526 2 0 9353 9457 9456
18527 2 0 9354 9355 9458
18528 2 0 9354 9458 9457
18529 2 0 9355 9356 9459
18530 2 0 9355 9459 9458
18531 2 0 9356 9357 9460
18532 2 0 9356 9460 9459
18533 2 0 9357 9358 9461
18534 2 0 9357 9461 9460
18535 2 0 9358 9359 9462
18536 2 0 9358 9462 9461
18537 2 0 9359 9360 9463
18538 2 0 9359 9463 9462
18539 2 0 9360 9361 9464
18540 2 0 9360 9464 9463
18541 2 0 9361 9362 9465
18542 2 0 9361 9465 9464
18543 2 0 9362 9363 9466
18544 2 0 9362 9466 9465
18545 2 0 9363 9364 9467
18546 2 0 9363 9467 9466
18547 2 0 9364 9365 9468
18548 2 0 9364 9468 9467
18549 2 0 9365 9366 9469
18550 2 0 9365 9469 9468
18551 2 0 9366 9367 9470
18552 2 0 9366 9470 9469
18553 2 0 9367 9368 9471
18554 2 0 9367 9471 9470
18555 2 0 9368 9369 9472
18556 2 0 9368 9472 9471
18557 2 0 9369 9370 9473
18558 2 0 9369 9473 9472
18559 2 0 9370 9371 9474
18560 2 0 9370 9474 9473
18561 2 0 9371 9372 9475
18562 2 0 9371 9475 9474
18563 2 0 9372 9373 9476
18564 2 0 9372 9476 9475
18565 2 0 9374 9375 9478
18566 2 0 9374 9478 9477
18567 2 0 9375 9376 9479
18568 2 0 9375 9479 9478
18569 2 0 9376 9377 9480
18570 2 0 9376 9480 9479
18571 2 0 9377 9378 9481
18572 2 0 9377 9481 9480
18573 2 0 9378 9379 9482
18574 2 0 9378 9482 9481
18575 2 0 9379 9380 9483
18576 2 0 9379 9483 9482
18577 2 0 9380 9381 9484
18578 2 0 9380 9484 9483
18579 2 0 9381 9382 9485
18580 2 0 9381 9485 9484
18581 2 0 9382 9383 9486
18582 2 0 9382 9486 9485
18583 2 0 9383 9384 9487
18584 2 0 9383 9487 9486
18585 2 0 9384 9385 9488
18586 2 0 9384 9488 9487
18587 2 0 9385 9386 9489
18588 2 0 9385 9489 9488
18589 2 0 9386 9387 9490
18590 2 0 9386 9490 9489
18591 2 0 9387 9388 9491
18592 2 0 9387 9491 9490
18593 2 0 9388 9389 9492
18594 2 0 9388 9492 9491
18595 2 0 9389 9390 9493
18596 2 0 9389 9493 9492
18597 2 0 9390 9391 9494
18598 2 0 9390 9494 9493
18599 2 0 9391 9392 9495
18600 2 0 9391 9495 9494
18601 2 0 9392 9393 9496
18602 2 0 9392 9496 9495
18603 2 0 9393 9394 9497
18604 2 0 9393 9497 9496
18605 2 0 9394 9395 9498
18606 2 0 9394 9498 9497
18607 2 0 9395 9396 9499
18608 2 0 9395 9499 9498
18609 2 0 9396 9397 9500
18610 2 0 9396 9500 9499
18611 2 0 9397 9398 9501
18612 2 0 9397 9501 9500
18613 2 0 9398 9399 9502
18614 2 0 9398 9502 9501
18615 2 0 9399 9400 9503
18616 2 0 9399 9503 9502
18617 2 0 9400 9401 9504
18618 2 0 9400 9504 9503
18619 2 0 9401 9402 9505
18620 2 0 9401 9505 9504
18621 2 0 9402 9403 9506
18622 2 0 9402 9506 9505
18623 2 0 9403 9404 9507
18624 2 0 9403 9507 9506
18625 2 0 9404 9405 9508
18626 2 0 9404 9508 9507
18627 2 0 9405 9406 9509
18628 2 0 9405 9509 9508
18629 2 0 9406 9407 9510
18630 2 0 9406 9510 9509
18631 2 0 9407 9408 9511
18632 2 0 9407 9511 9510
18633 2 0 9408 9409 9512
18634 2 0 9408 9512 9511
18635 2 0 9409 9410 9513
18636 2 0 9409 9513 9512
18637 2 0 9410 9411 9514
18638 2 0 9410 9514 9513
18639 2 0 9411 9412 9515
18640 2 0 9411 9515 9514
18641 2 0 9412 9413 9516
18642 2 0 9412 9516 9515
18643 2 0 9413 9414 9517
18644 2 0 9413 9517 9516
18645 2 0 9414 9415 9518
18646 2 0 9414 9518 9517
18647 2 0 9415 9416 9519
18648 2 0 9415 9519 9518
18649 2 0 9416 9417 9520
18650 2 0 9416 9520 9519
18651 2 0 9417 9418 9521
18652 2 0 9417 9521 9520
18653 2 0 9418 9419 9522
18654 2 0 9418 9522 9521
18655 2 0 9419 9420 9523
18656 2 0 9419 9523 9522
18657 2 0 9420 9421 9524
18658 2 0 9420 9524 9523
18659 2 0 9421 9422 9525
18660 2 0 9421 9525 9524
18661 2 0 9422 9423 9526
18662 2 0 9422 9526 9525
18663 2 0 9423 9424 9527
18664 2 0 9423 9527 9526
18665 2 0 9424 9425 9528
18666 2 0 9424 9528 9527
18667 2 0 9425 9426 9529
18668 2 0 9425 9529 9528
18669 2 0 9426 9427 9530
18670 2 0 9426 9530 9529
18671 2 0 9427 9428 9531
18672 2 0 9427 9531 9530
18673 2 0 9428 9429 9532
18674 2 0 9428 9532 9531
18675 2 0 9429 9430 9533
18676 2 0 9429 9533 9532
18677 2 0 9430 9431 9534
18678 2 0 9430 9534 9533
18679 2 0 9431 9432 9535
18680 2 0 9431 9535 9534
18681 2 0 9432 9433 9536
18682 2 0 9432 9536 9535
18683 2 0 9433 9434 9537
18684 2 0 9433 9537 9536
18685 2 0 9434 9435 9538
18686 2 0 9434 9538 9537
18687 2 0 9435 9436 9539
18688 2 0 9435 9539 9538
18689 2 0 9436 9437 9540
18690 2 0 9436 9540 9539
18691 2 0 9437 9438 9541
18692 2 0 9437 9541 9540
18693 2 0 9438 9439 9542
18694 2 0 9438 9542 9541
18695 2 0 9439 9440 9543
18696 2 0 9439 9543 9542
18697 2 0 9440 9441 9544
18698 2 0 9440 9544 9543
18699 2 0 9441 9442 9545
18700 2 0 9441 9545 9544
18701 2 0 9442 9443 9546
18702 2 0 9442 9546 9545
18703 2 0 9443 9444 9547
18704 2 0 9443 9547 9546
18705 2 0 9444 9445 9548
18706 2 0 9444 9548 9547
18707 2 0 9445 9446 9549
18708 2 0 9445 9549 9548
18709 2 0 9446 9447 9550
18710 2 0 9446 9550 9549
18711 2 0 9447 9448 9551
18712 2 0 9447 9551 9550
18713 2 0 9448 9449 9552
18714 2 0 9448 9552 9551
18715 2 0 9449 9450 9553
18716 2 0 9449 9553 9552
18717 2 0 9450 9451 9554
18718 2 0 9450 9554 9553
18719 2 0 9451 9452 9555
18720 2 0 9451 9555 9554
18721 2 0 9452 9453 9556
18722 2 0 9452 9556 9555
18723 2 0 9453 9454 9557
18724 2 0 9453 9557 9556
18725 2 0 9454 9455 9558
18726 2 0 9454 9558 9557
18727 2 0 9455 9456 9559
18728 2 0 9455 9559 9558
18729 2 0 9456 9457 9560
18730 2 0 9456 9560 9559
18731 2 0 9457 9458 9561
18732 2 0 9457 9561 9560
18733 2 0 9458 9459 9562
18734 2 0 9458 9562 9561
18735 2 0 9459 9460 9563
18736 2 0 9459 9563 9562
18737 2 0 9460 9461 9564
18738 2 0 9460 9564 9563
18739 2 0 9461 9462 9565
18740 2 0 9461 9565 9564
18741 2 0 9462 9463 9566
18742 2 0 9462 9566 9565
18743 2 0 9463 9464 9567
18744 2 0 9463 9567 9566
18745 2 0 9464 9465 9568
18746 2 0 9464 9568 9567
18747 2 0 9465 9466 9569
18748 2 0 9465 9569 9568
18749 2 0 9466 9467 9570
18750 2 0 9466 9570 9569
18751 2 0 9467 9468 9571
18752 2 0 9467 9571 9570
18753 2 0 9468 9469 9572
18754 2 0 9468 9572 9571
18755 2 0 9469 9470 9573
18756 2 0 9469 9573 9572
18757 2 0 9470 9471 9574
18758 2 0 9470 9574 9573
18759 2 0 9471 9472 9575
18760 2 0 9471 9575 9574
18761 2 0 9472 9473 9576
18762 2 0 9472 9576 9575
18763 2 0 9473 9474 9577
18764 2 0 9473 9577 9576
18765 2 0 9474 9475 9578
18766 2 0 9474 9578 9577
18767 2 0 9475 9476 9579
18768 2 0 9475 9579 9578
18769 2 0 9477 9478 9581
18770 2 0 9477 9581 9580
18771 2 0 9478 9479 9582
18772 2 0 9478 9582 9581
18773 2 0 9479 9480 9583
18774 2 0 9479 9583 9582
18775 2 0 9480 9481 9584
18776 2 0 9480 9584 9583
18777 2 0 9481 9482 9585
18778 2 0 9481 9585 9584
18779 2 0 9482 9483 9586
18780 2 0 9482 9586 9585
18781 2 0 9483 9484 9587
18782 2 0 9483 9587 9586
18783 2 0 9484 9485 9588
18784 2 0 9484 9588 9587
18785 2 0 9485 9486 9589
18786 2 0 9485 9589 9588
18787 2 0 9486 9487 9590
18788 2 0 9486 9590 9589
18789 2 0 9487 9488 9591
18790 2 0 9487 9591 9590
18791 2 0 9488 9489 9592
18792 2 0 9488 9592 9591
18793 2 0 9489 9490 9593
18794 2 0 9489 9593 9592
18795 2 0 9490 9491 9594
18796 2 0 9490 9594 9593
18797 2 0 9491 9492 9595
18798 2 0 9491 9595 9594
18799 2 0 9492 9493 9596
18800 2 0 9492 9596 9595
18801 2 0 9493 9494 9597
18802 2 0 9493 9597 9596
18803 2 0 9494 9495 9598
18804 2 0 9494 9598 9597
18805 2 0 9495 9496 9599
18806 2 0 9495 9599 9598
18807 2 0 9496 9497 9600
18808 2 0 9496 9600 9599
18809 2 0 9497 9498 9601
18810 2 0 9497 9601 9600
18811 2 0 9498 9499 9602
18812 2 0 9498 9602 9601
18813 2 0 9499 9500 9603
18814 2 0 9499 9603 9602
18815 2 0 9500 9501 9604
18816 2 0 9500 9604 9603
18817 2 0 9501 9502 9605
18818 2 0 9501 9605 9604
18819 2 0 9502 9503 9606
18820 2 0 9502 9606 9605
18821 2 0 9503 9504 9607
18822 2 0 9503 9607 9606
18823 2 0 9504 9505 9608
18824 2 0 9504 9608 9607
18825 2 0 9505 9506 9609
18826 2 0 9505 9609 9608
18827 2 0 9506 9507 9610
18828 2 0 9506 9610 9609
18829 2 0 9507 9508 9611
18830 2 0 9507 9611 9610
18831 2 0 9508 9509 9612
18832 2 0 9508 9612 9611
18833 2 0 9509 9510 9613
18834 2 0 9509 9613 9612
18835 2 0 9510 9511 9614
18836 2 0 9510 9614 9613
18837 2 0 9511 9512 9615
18838 2 0 9511 9615 9614
18839 2 0 9512 9513 9616
18840 2 0 9512 9616 9615
18841 2 0 9513 9514 9617
18842 2 0 9513 9617 9616
18843 2 0 9514 9515 9618
18844 2 0 9514 9618 9617
18845 2 0 9515 9516 9619
18846 2 0 9515 9619 9618
18847 2 0 9516 9517 9620
18848 2 0 9516 9620 9619
18849 2 0 9517 9518 9621
18850 2 0 9517 9621 9620
18851 2 0 9518 9519 9622
18852 2 0 9518 9622 9621
18853 2 0 9519 9520 9623
18854 2 0 9519 9623 9622
18855 2 0 9520 9521 9624
18856 2 0 9520 9624 9623
18857 2 0 9521 9522 9625
18858 2 0 9521 9625 9624
18859 2 0 9522 9523 9626
18860 2 0 9522 9626 9625
18861 2 0 9523 9524 9627
18862 2 0 9523 9627 9626
18863 2 0 9524 9525 9628
18864 2 0 9524 9628 9627
18865 2 0 9525 9526 9629
18866 2 0 9525 9629 9628
18867 2 0 9526 9527 9630
18868 2 0 9526 9630 9629
18869 2 0 9527 9528 9631
18870 2 0 9527 9631 9630
18871 2 0 9528 9529 9632
18872 2 0 9528 9632 9631
18873 2 0 9529 9530 9633
18874 2 0 9529 9633 9632
18875 2 0 9530 9531 9634
18876 2 0 9530 9634 9633
18877 2 0 9531 9532 9635
18878 2 0 9531 9635 9634
18879 2 0 9532 9533 9636
18880 2 0 9532 9636 9635
18881 2 0 9533 9534 9637
18882 2 0 9533 9637 9636
18883 2 0 9534 9535 9638
18884 2 0 9534 9638 9637
18885 2 0 9535 9536 9639
18886 2 0 9535 9639 9638
18887 2 0 9536 9537 9640
18888 2 0 9536 9640 9639
18889 2 0 9537 9538 9641
18890 2 0 9537 9641 9640
18891 2 0 9538 9539 9642
18892 2 0 9538 9642 9641
18893 2 0 9539 9540 9643
18894 2 0 9539 9643 9642
18895 2 0 9540 9541 9644
18896 2 0 9540 9644 9643
18897 2 0 9541 9542 9645
18898 2 0 9541 9645 9644
18899 2 0 9542 9543 9646
18900 2 0 9542 9646 9645
18901 2 0 9543 9544 9647
18902 2 0 9543 9647 9646
18903 2 0 9544 9545 9648
18904 2 0 9544 9648 9647
18905 2 0 9545 9546 9649
18906 2 0 9545 9649 9648
18907 2 0 9546 9547 9650
18908 2 0 9546 9650 9649
18909 2 0 9547 9548 9651
18910 2 0 9547 9651 9650
18911 2 0 9548 9549 9652
18912 2 0 9548 9652 9651
18913 2 0 9549 9550 9653
18914 2 0 9549 9653 9652
18915 2 0 9550 9551 9654
18916 2 0 9550 9654 9653
18917 2 0 9551 9552 9655
18918 2 0 9551 9655 9654
18919 2 0 9552 9553 9656
18920 2 0 9552 9656 9655
18921 2 0 9553 9554 9657
18922 2 0 9553 9657 9656
18923 2 0 9554 9555 9658
18924 2 0 9554 9658 9657
18925 2 0 9555 9556 9659
18926 2 0 9555 9659 9658
18927 2 0 9556 9557 9660
18928 2 0 9556 9660 9659
18929 2 0 9557 9558 9661
18930 2 0 9557 9661 9660
18931 2 0 9558 9559 9662
18932 2 0 9558 9662 9661
18933 2 0 9559 9560 9663
18934 2 0 9559 9663 9662
18935 2 0 9560 9561 9664
18936 2 0 9560 9664 9663
18937 2 0 9561 9562 9665
18938 2 0 9561 9665 9664
18939 2 0 9562 9563 9666
18940 2 0 9562 9666 9665
18941 2 0 9563 9564 9667
18942 2 0 9563 9667 9666
18943 2 0 9564 9565 9668
18944 2 0 9564 9668 9667
18945 2 0 9565 9566 9669
18946 2 0 9565 9669 9668
18947 2 0 9566 9567 9670
18948 2 0 9566 9670 9669
18949 2 0 9567 9568 9671
18950 2 0 9567 9671 9670
18951 2 0 9568 9569 9672
18952 2 0 9568 9672 9671
18953 2 0 9569 9570 9673
18954 2 0 9569 9673 9672
18955 2 0 9570 9571 9674
18956 2 0 9570 9674 9673
18957 2 0 9571 9572 9675
18958 2 0 9571 9675 9674
18959 2 0 9572 9573 9676
18960 2 0 9572 9676 9675
18961 2 0 9573 9574 9677
18962 2 0 9573 9677 9676
18963 2 0 9574 9575 9678
18964 2 0 9574 9678 9677
18965 2 0 9575 9576 9679
18966 2 0 9575 9679 9678
18967 2 0 9576 9577 9680
18968 2 0 9576 9680 9679
18969 2 0 9577 9578 9681
18970 2 0 9577 9681 9680
18971 2 0 9578 9579 9682
18972 2 0 9578 9682 9681
18973 2 0 9580 9581 9684
18974 2 0 9580 9684 9683
18975 2 0 9581 9582 9685
18976 2 0 9581 9685 9684
18977 2 0 9582 9583 9686
18978 2 0 9582 9686 9685
18979 2 0 9583 9584 9687
18980 2 0 9583 9687 9686
18981 2 0 9584 9585 9688
18982 2 0 9584 9688 9687
18983 2 0 9585 9586 9689
18984 2 0 9585 9689 9688
18985 2 0 9586 9587 9690
18986 2 0 9586 9690 9689
18987 2 0 9587 9588 9691
18988 2 0 9587 9691 9690
18989 2 0 9588 9589 9692
18990 2 0 9588 9692 9691
18991 2 0 9589 9590 9693
18992 2 0 9589 9693 9692
18993 2 0 9590 9591 9694
18994 2 0 9590 9694 9693
18995 2 0 9591 9592 9695
18996 2 0 9591 9695 9694
18997 2 0 9592 9593 9696
18998 2 0 9592 9696 9695
18999 2 0 9593 9594 9697
19000 2 0 9593 9697 9696
19001 2 0 9594 9595 9698
19002 2 0 9594 9698 9697
19003 2 0 9595 9596 9699
19004 2 0 9595 9699 9698
19005 2 0 9596 9597 9700
19006 2 0 9596 9700 9699
19007 2 0 9597 9598 9701
19008 2 0 9597 9701 9700
19009 2 0 9598 9599 9702
19010 2 0 9598 9702 9701
19011 2 0 9599 9600 9703
19012 2 0 9599 9703 9702
19013 2 0 9600 9601 9704
19014 2 0 9600 9704 9703
19015 2 0 9601 9602 9705
19016 2 0 9601 9705 9704
19017 2 0 9602 9603 9706
19018 2 0 9602 9706 9705
19019 2 0 9603 9604 9707
19020 2 0 9603 9707 9706
19021 2 0 9604 9605 9708
19022 2 0 9604 9708 9707
19023 2 0 9605 9606 9709
19024 2 0 9605 9709 9708
19025 2 0 9606 9607 9710
19026 2 0 9606 9710 9709
19027 2 0 9607 9608 9711
19028 2 0 9607 9711 9710
19029 2 0 9608 9609 9712
19030 2 0 9608 9712 9711
19031 2 0 9609 9610 9713
19032 2 0 9609 9713 9712
19033 2 0 9610 9611 9714
19034 2 0 9610 9714 9713
19035 2 0 9611 9612 9715
19036 2 0 9611 9715 9714
19037 2 0 9612 9613 9716
19038 2 0 9612 9716 9715
19039 2 0 9613 9614 9717
19040 2 0 9613 9717 9716
19041 2 0 9614 9615 9718
19042 2 0 9614 9718 9717
19043 2 0 9615 9616 9719
19044 2 0 9615 9719 9718
19045 2 0 9616 9617 9720
19046 2 0 9616 9720 9719
19047 2 0 9617 9618 9721
19048 2 0 9617 9721 9720
19049 2 0 9618 9619 9722
19050 2 0 9618 9722 9721
19051 2 0 9619 9620 9723
19052 2 0 9619 9723 9722
19053 2 0 9620 9621 9724
19054 2 0 9620 9724 9723
19055 2 0 9621 9622 9725
19056 2 0 9621 9725 9724
19057 2 0 9622 9623 9726
19058 2 0 9622 9726 9725
19059 2 0 9623 9624 9727
19060 2 0 9623 9727 9726
19061 2 0 9624 9625 9728
19062 2 0 9624 9728 9727
19063 2 0 9625 9626 9729
19064 2 0 9625 9729 9728
19065 2 0 9626 9627 9730
19066 2 0 9626 9730 9729
19067 2 0 9627 9628 9731
19068 2 0 9627 9731 9730
19069 2 0 9628 9629 9732
19070 2 0 9628 9732 9731
19071 2 0 9629 9630 9733
19072 2 0 9629 9733 9732
19073 2 0 9630 9631 9734
19074 2 0 9630 9734 9733
19075 2 0 9631 9632 9735
19076 2 0 9631 9735 9734
19077 2 0 9632 9633 9736
19078 2 0 9632 9736 9735
19079 2 0 9633 9634 9737
19080 2 0 9633 9737 9736
19081 2 0 9634 9635 9738
19082 2 0 9634 9738 9737
19083 2 0 9635 9636 9739
19084 2 0 9635 9739 9738
19085 2 0 9636 9637 9740
19086 2 0 9636 9740 9739
19087 2 0 9637 9638 9741
19088 2 0 9637 9741 9740
19089 2 0 9638 9639 9742
19090 2 0 9638 9742 9741
19091 2 0 9639 9640 9743
19092 2 0 9639 9743 9742
19093 2 0 9640 9641 9744
19094 2 0 9640 9744 9743
19095 2 0 9641 9642 9745
19096 2 0 9641 9745 9744
19097 2 0 9642 9643 9746
19098 2 0 9642 9746 9745
19099 2 0 9643 9644 9747
19100 2 0 9643 9747 9746
19101 2 0 9644 9645 9748
19102 2 0 9644 9748 9747
19103 2 0 9645 9646 9749
19104 2 0 9645 9749 9748
19105 2 0 9646 9647 9750
19106 2 0 9646 9750 9749
19107 2 0 9647 9648 9751
19108 2 0 9647 9751 9750
19109 2 0 9648 9649 9752
19110 2 0 9648 9752 9751
19111 2 0 9649 9650 9753
19112 2 0 9649 9753 9752
19113 2 0 9650 9651 9754
19114 2 0 9650 9754 9753
19115 2 0 9651 9652 9755
19116 2 0 9651 9755 9754
19117 2 0 9652 9653 9756
19118 2 0 9652 9756 9755
19119 2 0 9653 9654 9757
19120 2 0 9653 9757 9756
19121 2 0 9654 9655 9758
19122 2 0 9654 9758 9757
19123 2 0 9655 9656 9759
19124 2 0 9655 9759 9758
19125 2 0 9656 9657 9760
19126 2 0 9656 9760 9759
19127 2 0 9657 9658 9761
19128 2 0 9657 9761 9760
19129 2 0 9658 9659 9762
19130 2 0 9658 9762 9761
19131 2 0 9659 9660 9763
19132 2 0 9659 9763 9762
19133 2 0 9660 9661 9764
19134 2 0 9660 9764 9763
19135 2 0 9661 9662 9765
19136 2 0 9661 9765 9764
19137 2 0 9662 9663 9766
19138 2 0 9662 9766 9765
19139 2 0 9663 9664 9767
19140 2 0 9663 9767 9766
19141 2 0 9664 9665 9768
19142 2 0 9664 9768 9767
19143 2 0 9665 9666 9769
19144 2 0 9665 9769 9768
19145 2 0 9666 9667 9770
19146 2 0 9666 9770 9769
19147 2 0 9667 9668 9771
19148 2 0 9667 9771 9770
19149 2 0 9668 9669 9772
19150 2 0 9668 9772 9771
19151 2 0 9669 9670 9773
19152 2 0 9669 9773 9772
19153 2 0 9670 9671 9774
19154 2 0 9670 9774 9773
19155 2 0 9671 9672 9775
19156 2 0 9671 9775 9774
19157 2 0 9672 9673 9776
19158 2 0 9672 9776 9775
19159 2 0 9673 9674 9777
19160 2 0 9673 9777 9776
19161 2 0 9674 9675 9778
19162 2 0 9674 9778 9777
19163 2 0 9675 9676 9779
19164 2 0 9675 9779 9778
19165 2 0 9676 9677 9780
19166 2 0 9676 9780 9779
19167 2 0 9677 9678 9781
19168 2 0 9677 9781 9780
19169 2 0 9678 9679 9782
19170 2 0 9678 9782 9781
19171 2 0 9679 9680 9783
19172 2 0 9679 9783 9782
19173 2 0 9680 9681 9784
19174 2 0 9680 9784 9783
19175 2 0 9681 9682 9785
19176 2 0 9681 9785 9784
19177 2 0 9683 9684 9787
19178 2 0 9683 9787 9786
19179 2 0 9684 9685 9788
19180 2 0 9684 9788 9787
19181 2 0 9685 9686 9789
19182 2 0 9685 9789 9788
19183 2 0 9686 9687 9790
19184 2 0 9686 9790 9789
19185 2 0 9687 9688 9791
19186 2 0 9687 9791 9790
19187 2 0 9688 9689 9792
19188 2 0 9688 9792 9791
19189 2 0 9689 9690 9793
19190 2 0 9689 9793 9792
19191 2 0 9690 9691 9794
19192 2 0 9690 9794 9793
19193 2 0 9691 9692 9795
19194 2 0 9691 9795 9794
19195 2 0 9692 9693 9796
19196 2 0 9692 9796 9795
19197 2 0 9693 9694 9797
19198 2 0 9693 9797 9796
19199 2 0 9694 9695 9798
19200 2 0 9694 9798 9797
19201 2 0 9695 9696 9799
19202 2 0 9695 9799 9798
19203 2 0 9696 9697 9800
19204 2 0 9696 9800 9799
19205 2 0 9697 9698 9801
19206 2 0 9697 9801 9800
19207 2 0 9698 9699 9802
19208 2 0 9698 9802 9801
19209 2 0 9699 9700 9803
19210 2 0 9699 9803 9802
19211 2 0 9700 9701 9804
19212 2 0 9700 9804 9803
19213 2 0 9701 9702 9805
19214 2 0 9701 9805 9804
19215 2 0 9702 9703 9806
19216 2 0 9702 9806 9805
19217 2 0 9703 9704 9807
19218 2 0 9703 9807 9806
19219 2 0 9704 9705 9808
19220 2 0 9704 9808 9807
19221 2 0 9705 9706 9809
19222 2 0 9705 9809 9808
19223 2 0 9706 9707 9810
19224 2 0 9706 9810 9809
19225 2 0 9707 9708 9811
19226 2 0 9707 9811 9810
19227 2 0 9708 9709 9812
19228 2 0 9708 9812 9811
19229 2 0 9709 9710 9813
19230 2 0 9709 9813 9812
19231 2 0 9710 9711 9814
19232 2 0 9710 9814 9813
19233 2 0 9711 9712 9815
19234 2 0 9711 9815 9814
19235 2 0 9712 9713 9816
19236 2 0 9712 9816 9815
19237 2 0 9713 9714 9817
19238 2 0 9713 9817 9816
19239 2 0 9714 9715 9818
19240 2 0 9714 9818 9817
19241 2 0 9715 9716 9819
19242 2 0 9715 9819 9818
19243 2 0 9716 9717 9820
19244 2 0 9716 9820 9819
19245 2 0 9717 9718 9821
19246 2 0 9717 9821 9820
19247 2 0 9718 9719 9822
19248 2 0 9718 9822 9821
19249 2 0 9719 9720 9823
19250 2 0 9719 9823 9822
19251 2 0 9720 9721 9824
19252 2 0 9720 9824 9823
19253 2 0 9721 9722 9825
19254 2 0 9721 9825 9824
19255 2 0 9722 9723 9826
19256 2 0 9722 9826 9825
19257 2 0 9723 9724 9827
19258 2 0 9723 9827 9826
19259 2 0 9724 9725 9828
19260 2 0 9724 9828 9827
19261 2 0 9725 9726 9829
19262 2 0 9725 9829 9828
19263 2 0 9726 9727 9830
19264 2 0 9726 9830 9829
19265 2 0 9727 9728 9831
19266 2 0 9727 9831 9830
19267 2 0 9728 9729 9832
19268 2 0 9728 9832 9831
19269 2 0 9729 9730 9833
19270 2 0 9729 9833 9832
19271 2 0 9730 9731 9834
19272 2 0 9730 9834 9833
19273 2 0 9731 9732 9835
19274 2 0 9731 9835 9834
19275 2 0 9732 9733 9836
19276 2 0 9732 9836 9835
19277 2 0 9733 9734 9837
19278 2 0 9733 9837 9836
19279 2 0 9734 9735 9838
19280 2 0 9734 9838 9837
19281 2 0 9735 9736 9839
19282 2 0 9735 9839 9838
19283 2 0 9736 9737 9840
19284 2 0 9736 9840 9839
19285 2 0 9737 9738 9841
19286 2 0 9737 9841 9840
19287 2 0 9738 9739 9842
19288 2 0 9738 9842 9841
19289 2 0 9739 9740 9843
19290 2 0 9739 9843 9842
19291 2 0 9740 9741 9844
19292 2 0 9740 9844 9843
19293 2 0 9741 9742 9845
19294 2 0 9741 9845 9844
19295 2 0 9742 9743 9846
19296 2 0 9742 9846 9845
19297 2 0 9743 9744 9847
19298 2 0 9743 9847 9846
19299 2 0 9744 9745 9848
19300 2 0 9744 9848 9847
19301 2 0 9745 9746 9849
19302 2 0 9745 9849 9848
19303 2 0 9746 9747 9850
19304 2 0 9746 9850 9849
19305 2 0 9747 9748 9851
19306 2 0 9747 9851 9850
19307 2 0 9748 9749 9852
19308 2 0 9748 9852 9851
19309 2 0 9749 9750 9853
19310 2 0 9749 9853 9852
19311 2 0 9750 9751 9854
19312 2 0 9750 9854 9853
19313 2 0 9751 9752 9855
19314 2 0 9751 9855 9854
19315 2 0 9752 9753 9856
19316 2 0 9752 9856 9855
19317 2 0 9753 9754 9857
19318 2 0 9753 9857 9856
19319 2 0 9754 9755 9858
19320 2 0 9754 9858 9857
19321 2 0 9755 9756 9859
19322 2 0 9755 9859 9858
19323 2 0 9756 9757 9860
19324 2 0 9756 9860 9859
19325 2 0 9757 9758 9861
19326 2 0 9757 9861 9860
19327 2 0 9758 9759 9862
19328 2 0 9758 9862 9861
19329 2 0 9759 9760 9863
19330 2 0 9759 9863 9862
19331 2 0 9760 9761 9864
19332 2 0 9760 9864 9863
19333 2 0 9761 9762 9865
19334 2 0 9761 9865 9864
19335 2 0 9762 9763 9866
19336 2 0 9762 9866 9865
19337 2 0 9763 9764 9867
19338 2 0 9763 9867 9866
19339 2 0 9764 9765 9868
19340 2 0 9764 9868 9867
19341 2 0 9765 9766 9869
19342 2 0 9765 9869 9868
19343 2 0 9766 9767 9870
19344 2 0 9766 9870 9869
19345 2 0 9767 9768 9871
19346 2 0 9767 9871 9870
19347 2 0 9768 9769 9872
19348 2 0 9768 9872 9871
19349 2 0 9769 9770 9873
19350 2 0 9769 9873 9872
19351 2 0 9770 9771 9874
19352 2 0 9770 9874 9873
19353 2 0 9771 9772 9875
19354 2 0 9771 9875 9874
19355 2 0 9772 9773 9876
19356 2 0 9772 9876 9875
19357 2 0 9773 9774 9877
19358 2 0 9773 9877 9876
19359 2 0 9774 9775 9878
19360 2 0 9774 9878 9877
19361 2 0 9775 9776 9879
19362 2 0 9775 9879 9878
19363 2 0 9776 9777 9880
19364 2 0 9776 9880 9879
19365 2 0 9777 9778 9881
19366 2 0 9777 9881 9880
19367 2 0 9778 9779 9882
19368 2 0 9778 9882 9881
19369 2 0 9779 9780 9883
19370 2 0 9779 9883 9882
19371 2 0 9780 9781 9884
19372 2 0 9780 9884 9883
19373 2 0 9781 9782 9885
19374 2 0 9781 9885 9884
19375 2 0 9782 9783 9886
19376 2 0 9782 9886 9885
19377 2 0 9783 9784 9887
19378 2 0 9783 9887 9886
19379 2 0 9784 9785 9888
19380 2 0 9784 9888 9887
19381 2 0 9786 9787 9890
19382 2 0 9786 9890 9889
19383 2 0 9787 9788 9891
19384 2 0 9787 9891 9890
19385 2 0 9788 9789 9892
19386 2 0 9788 9892 9891
19387 2 0 9789 9790 9893
19388 2 0 9789 9893 9892
19389 2 0 9790 9791 9894
19390 2 0 9790 9894 9893
19391 2 0 9791 9792 9895
19392 2 0 9791 9895 9894
19393 2 0 9792 9793 9896
19394 2 0 9792 9896 9895
19395 2 0 9793 9794 9897
19396 2 0 9793 9897 9896
19397 2 0 9794 9795 9898
19398 2 0 9794 9898 9897
19399 2 0 9795 9796 9899
19400 2 0 9795 9899 9898
19401 2 0 9796 9797 9900
19402 2 0 9796 9900 9899
19403 2 0 9797 9798 9901
19404 2 0 9797 9901 9900
19405 2 0 9798 9799 9902
19406 2 0 9798 9902 9901
19407 2 0 9799 9800 9903
19408 2 0 9799 9903 9902
19409 2 0 9800 9801 9904
19410 2 0 9800 9904 9903
19411 2 0 9801 9802 9905
19412 2 0 9801 9905 9904
19413 2 0 9802 9803 9906
19414 2 0 9802 9906 9905
19415 2 0 9803 9804 9907
19416 2 0 9803 9907 9906
19417 2 0 9804 9805 9908
19418 2 0 9804 9908 9907
19419 2 0 9805 9806 9909
19420 2 0 9805 9909 9908
19421 2 0 9806 9807 9910
19422 2 0 9806 9910 9909
19423 2 0 9807 9808 9911
19424 2 0 9807 9911 9910
19425 2 0 9808 9809 9912
19426 2 0 9808 9912 9911
19427 2 0 9809 9810 9913
19428 2 0 9809 9913 9912
19429 2 0 9810 9811 9914
19430 2 0 9810 9914 9913
19431 2 0 9811 9812 9915
19432 2 0 9811 9915 9914
19433 2 0 9812 9813 9916
19434 2 0 9812 9916 9915
19435 2 0 9813 9814 9917
19436 2 0 9813 9917 9916
19437 2 0 9814 9815 9918
19438 2 0 9814 9918 9917
19439 2 0 9815 9816 9919
19440 2 0 9815 9919 9918
19441 2 0 9816 9817 9920
19442 2 0 9816 9920 9919
19443 2 0 9817 9818 9921
19444 2 0 9817 9921 9920
19445 2 0 9818 9819 9922
19446 2 0 9818 9922 9921
19447 2 0 9819 9820 9923
19448 2 0 9819 9923 9922
19449 2 0 9820 9821 9924
19450 2 0 9820 9924 9923
19451 2 0 9821 9822 9925
19452 2 0 9821 9925 9924
19453 2 0 9822 9823 9926
19454 2 0 9822 9926 9925
19455 2 0 9823 9824 9927
19456 2 0 9823 9927 9926
19457 2 0 9824 9825 9928
19458 2 0 9824 9928 9927
19459 2 0 9825 9826 9929
19460 2 0 9825 9929 9928
19461 2 0 9826 9827 9930
19462 2 0 9826 9930 9929
19463 2 0 9827 9828 9931
19464 2 0 9827 9931 9930
19465 2 0 9828 9829 9932
19466 2 0 9828 9932 9931
19467 2 0 9829 9830 9933
19468 2 0 9829 9933 9932
19469 2 0 9830 9831 9934
19470 2 0 9830 9934 9933
19471 2 0 9831 9832 9935
19472 2 0 9831 9935 9934
19473 2 0 9832 9833 9936
19474 2 0 9832 9936 9935
19475 2 0 9833 9834 9937
19476 2 0 9833 9937 9936
19477 2 0 9834 9835 9938
19478 2 0 9834 9938 9937
19479 2 0 9835 9836 9939
19480 2 0 9835 9939 9938
19481 2 0 9836 9837 9940
19482 2 0 9836 9940 9939
19483 2 0 9837 9838 9941
19484 2 0 9837 9941 9940
19485 2 0 9838 9839 9942
19486 2 0 9838 9942 9941
19487 2 0 9839 9840 9943
19488 2 0 9839 9943 9942
19489 2 0 9840 9841 9944
19490 2 0 9840 9944 9943
19491 2 0 9841 9842 9945
19492 2 0 9841 9945 9944
19493 2 0 9842 9843 9946
19494 2 0 9842 9946 9945
19495 2 0 9843 9844 9947
19496 2 0 9843 9947 9946
19497 2 0 9844 9845 9948
19498 2 0 9844 9948 9947
19499 2 0 9845 9846 9949
19500 2 0 9845 9949 9948
19501 2 0 9846 9847 9950
19502 2 0 9846 9950 9949
19503 2 0 9847 9848 9951
19504 2 0 9847 9951 9950
19505 2 0 9848 9849 9952
19506 2 0 9848 9952 9951
19507 2 0 9849 9850 9953
19508 2 0 9849 9953 9952
19509 2 0 9850 9851 9954
19510 2 0 9850 9954 9953
19511 2 0 9851 9852 9955
19512 2 0 9851 9955 9954
19513 2 0 9852 9853 9956
19514 2 0 9852 9956 9955
19515 2 0 9853 9854 9957
19516 2 0 9853 9957 9956
19517 2 0 9854 9855 9958
19518 2 0 9854 9958 9957
19519 2 0 9855 9856 9959
19520 2 0 9855 9959 9958
19521 2 0 9856 9857 9960
19522 2 0 9856 9960 9959
19523 2 0 9857 9858 9961
19524 2 0 9857 9961 9960
19525 2 0 9858 9859 9962
19526 2 0 9858 9962 9961
19527 2 0 9859 9860 9963
19528 2 0 9859 9963 9962
19529 2 0 9860 9861 9964
19530 2 0 9860 9964 9963
19531 2 0 9861 9862 9965
19532 2 0 9861 9965 9964
19533 2 0 9862 9863 9966
19534 2 0 9862 9966 9965
19535 2 0 9863 9864 9967
19536 2 0 9863 9967 9966
19537 2 0 9864 9865 9968
19538 2 0 9864 9968 9967
19539 2 0 9865 9866 9969
19540 2 0 9865 9969 9968
19541 2 0 9866 9867 9970
19542 2 0 9866 9970 9969
19543 2 0 9867 9868 9971
19544 2 0 9867 9971 9970
19545 2 0 9868 9869 9972
19546 2 0 9868 9972 9971
19547 2 0 9869 9870 9973
19548 2 0 9869 9973 9972
19549 2 0 9870 9871 9974
19550 2 0 9870 9974 9973
19551 2 0 9871 9872 9975
19552 2 0 9871 9975 9974
19553 2 0 9872 9873 9976
19554 2 0 9872 9976 9975
19555 2 0 9873 9874 9977
19556 2 0 9873 9977 9976
19557 2 0 9874 9875 9978
19558 2 0 9874 9978 9977
19559 2 0 9875 9876 9979
19560 2 0 9875 9979 9978
19561 2 0 9876 9877 9980
19562 2 0 9876 9980 9979
19563 2 0 9877 9878 9981
19564 2 0 9877 9981 9980
19565 2 0 9878 9879 9982
19566 2 0 9878 9982 9981
19567 2 0 9879 9880 9983
19568 2 0 9879 9983 9982
19569 2 0 9880 9881 9984
19570 2 0 9880 9984 9983
19571 2 0 9881 9882 9985
19572 2 0 9881 9985 9984
19573 2 0 9882 9883 9986
19574 2 0 9882 9986 9985
19575 2 0 9883 9884 9987
19576 2 0 9883 9987 9986
19577 2 0 9884 9885 9988
19578 2 0 9884 9988 9987
19579 2 0 9885 9886 9989
19580 2 0 9885 9989 9988
19581 2 0 9886 9887 9990
19582 2 0 9886 9990 9989
19583 2 0 9887 9888 9991
19584 2 0 9887 9991 9990
19585 2 0 9889 9890 9993
19586 2 0 9889 9993 9992
19587 2 0 9890 9891 9994
19588 2 0 9890 9994 9993
19589 2 0 9891 9892 9995
19590 2 0 9891 9995 9994
19591 2 0 9892 9893 9996
19592 2 0 9892 9996 9995
19593 2 0 9893 9894 9997
19594 2 0 9893 9997 9996
19595 2 0 9894 9895 9998
19596 2 0 9894 9998 9997
19597 2 0 9895 9896 9999
19598 2 0 9895 9999 9998
19599 2 0 9896 9897 10000
19600 2 0 9896 10000 9999
19601 2 0 9897 9898 10001
19602 2 0 9897 10001 10000
19603 2 0 9898 9899 10002
19604 2 0 9898 10002 10001
19605 2 0 9899 9900 10003
19606 2 0 9899 10003 10002
19607 2 0 9900 9901 10004
19608 2 0 9900 10004 10003
19609 2 0 9901 9902 10005
19610 2 0 9901 10005 10004
19611 2 0 9902 9903 10006
19612 2 0 9902 10006 10005
19613 2 0 9903 9904 10007
19614 2 0 9903 10007 10006
19615 2 0 9904 9905 10008
19616 2 0 9904 10008 10007
19617 2 0 9905 9906 10009
19618 2 0 9905 10009 10008
19619 2 0 9906 9907 10010
19620 2 0 9906 10010 10009
19621 2 0 9907 9908 10011
19622 2 0 9907 10011 10010
19623 2 0 9908 9909 10012
19624 2 0 9908 10012 10011
19625 2 0 9909 9910 10013
19626 2 0 9909 10013 10012
19627 2 0 9910 9911 10014
19628 2 0 9910 10014 10013
19629 2 0 9911 9912 10015
19630 2 0 9911 10015 10014
19631 2 0 9912 9913 10016
19632 2 0 9912 10016 10015
19633 2 0 9913 9914 10017
19634 2 0 9913 10017 10016
19635 2 0 9914 9915 10018
19636 2 0 9914 10018 10017
19637 2 0 9915 9916 10019
19638 2 0 9915 10019 10018
19639 2 0 9916 9917 10020
19640 2 0 9916 10020 10019
19641 2 0 9917 9918 10021
19642 2 0 9917 10021 10020
19643 2 0 9918 9919 10022
19644 2 0 9918 10022 10021
19645 2 0 9919 9920 10023
19646 2 0 9919 10023 10022
19647 2 0 9920 9921 10024
19648 2 0 9920 10024 10023
19649 2 0 9921 9922 10025
19650 2 0 9921 10025 10024
19651 2 0 9922 9923 10026
19652 2 0 9922 10026 10025
19653 2 0 9923 9924 10027
19654 2 0 9923 10027 10026
19655 2 0 9924 9925 10028
19656 2 0 9924 10028 10027
19657 2 0 9925 9926 10029
19658 2 0 9925 10029 10028
19659 2 0 9926 9927 10030
19660 2 0 9926 10030 10029
19661 2 0 9927 9928 10031
19662 2 0 9927 10031 10030
19663 2 0 9928 9929 10032
19664 2 0 9928 10032 10031
19665 2 0 9929 9930 10033
19666 2 0 9929 10033 10032
19667 2 0 9930 9931 10034
19668 2 0 9930 10034 10033
19669 2 0 9931 9932 10035
19670 2 0 9931 10035 10034
19671 2 0 9932 9933 10036
19672 2 0 9932 10036 10035
19673 2 0 9933 9934 10037
19674 2 0 9933 10037 10036
19675 2 0 9934 9935 10038
19676 2 0 9934 10038 10037
19677 2 0 9935 9936 10039
19678 2 0 9935 10039 10038
19679 2 0 9936 9937 10040
19680 2 0 9936 10040 10039
19681 2 0 9937 9938 10041
19682 2 0 9937 10041 10040
19683 2 0 9938 9939 10042
19684 2 0 9938 10042 10041
19685 2 0 9939 9940 10043
19686 2 0 9939 10043 10042
19687 2 0 9940 9941 10044
19688 2 0 9940 10044 10043
19689 2 0 9941 9942 10045
19690 2 0 9941 10045 10044
19691 2 0 9942 9943 10046
19692 2 0 9942 10046 10045
19693 2 0 9943 9944 10047
19694 2 0 9943 10047 10046
19695 2 0 9944 9945 10048
19696 2 0 9944 10048 10047
19697 2 0 9945 9946 10049
19698 2 0 9945 10049 10048
19699 2 0 9946 9947 10050
19700 2 0 9946 10050 10049
19701 2 0 9947 9948 10051
19702 2 0 9947 10051 10050
19703 2 0 9948 9949 10052
19704 2 0 9948 10052 10051
19705 2 0 9949 9950 10053
19706 2 0 9949 10053 10052
19707 2 0 9950 9951 10054
19708 2 0 9950 10054 10053
19709 2 0 9951 9952 10055
19710 2 0 9951 10055 10054
19711 2 0 9952 9953 10056
19712 2 0 9952 10056 10055
19713 2 0 9953 9954 10057
19714 2 0 9953 10057 10056
19715 2 0 9954 9955 10058
19716 2 0 9954 10058 10057
19717 2 0 9955 9956 10059
19718 2 0 9955 10059 10058
19719 2 0 9956 9957 10060
19720 2 0 9956 10060 10059
19721 2 0 9957 9958 10061
19722 2 0 9957 10061 10060
19723 2 0 9958 9959 10062
19724 2 0 9958 10062 10061
19725 2 0 9959 9960 10063
19726 2 0 9959 10063 10062
19727 2 0 9960 9961 10064
19728 2 0 9960 10064 10063
19729 2 0 9961 9962 10065
19730 2 0 9961 10065 10064
19731 2 0 9962 9963 10066
19732 2 0 9962 10066 10065
19733 2 0 9963 9964 10067
19734 2 0 9963 10067 10066
19735 2 0 9964 9965 10068
19736 2 0 9964 10068 10067
19737 2 0 9965 9966 10069
19738 2 0 9965 10069 10068
19739 2 0 9966 9967 10070
19740 2 0 9966 10070 10069
19741 2 0 9967 9968 10071
19742 2 0 9967 10071 10070
19743 2 0 9968 9969 10072
19744 2 0 9968 10072 10071
19745 2 0 9969 9970 10073
19746 2 0 9969 10073 10072
19747 2 0 9970 9971 10074
19748 2 0 9970 10074 10073
19749 2 0 9971 9972 10075
19750 2 0 9971 10075 10074
19751 2 0 9972 9973 10076
19752 2 0 9972 10076 10075
19753 2 0 9973 9974 10077
19754 2 0 9973 10077 10076
19755 2 0 9974 9975 10078
19756 2 0 9974 10078 10077
19757 2 0 9975 9976 10079
19758 2 0 9975 10079 10078
19759 2 0 9976 9977 10080
19760 2 0 9976 10080 10079
19761 2 0 9977 9978 10081
19762 2 0 9977 10081 10080
19763 2 0 9978 9979 10082
19764 2 0 9978 10082 10081
19765 2 0 9979 9980 10083
19766 2 0 9979 10083 10082
19767 2 0 9980 9981 10084
19768 2 0 9980 10084 10083
19769 2 0 9981 9982 10085
19770 2 0 9981 10085 10084
19771 2 0 9982 9983 10086
19772 2 0 9982 10086 10085
19773 2 0 9983 9984 10087
19774 2 0 9983 10087 10086
19775 2 0 9984 9985 10088
19776 2 0 9984 10088 10087
19777 2 0 9985 9986 10089
19778 2 0 9985 10089 10088
19779 2 0 9986 9987 10090
19780 2 0 9986 10090 10089
19781 2 0 9987 9988 10091
19782 2 0 9987 10091 10090
19783 2 0 9988 9989 10092
19784 2 0 9988 10092 10091
19785 2 0 9989 9990 10093
19786 2 0 9989 10093 10092
19787 2 0 9990 9991 10094
19788 2 0 9990 10094 10093
19789 2 0 9992 9993 10096
19790 2 0 9992 10096 10095
19791 2 0 9993 9994 10097
19792 2 0 9993 10097 10096
19793 2 0 9994 9995 10098
19794 2 0 9994 10098 10097
19795 2 0 9995 9996 10099
19796 2 0 9995 10099 10098
19797 2 0 9996 9997 10100
19798 2 0 9996 10100 10099
19799 2 0 9997 9998 10101
19800 2 0 9997 10101 10100
19801 2 0 9998 9999 10102
19802 2 0 9998 10102 10101
19803 2 0 9999 10000 10103
19804 2 0 9999 10103 10102
19805 2 0 10000 10001 10104
19806 2 0 10000 10104 10103
19807 2 0 10001 10002 10105
19808 2 0 10001 10105 10104
19809 2 0 10002 10003 10106
19810 2 0 10002 10106 10105
19811 2 0 10003 10004 10107
19812 2 0 10003 10107 10106
19813 2 0 10004 10005 10108
19814 2 0 10004 10108 10107
19815 2 0 10005 10006 10109
19816 2 0 10005 10109 10108
19817 2 0 10006 10007 10110
19818 2 0 10006 10110 10109
19819 2 0 10007 10008 10111
19820 2 0 10007 10111 10110
19821 2 0 10008 10009 10112
19822 2 0 10008 10112 10111
19823 2 0 10009 10010 10113
19824 2 0 10009 10113 10112
19825 2 0 10010 10011 10114
19826 2 0 10010 10114 10113
19827 2 0 10011 10012 10115
19828 2 0 10011 10115 10114
19829 2 0 10012 10013 10116
19830 2 0 10012 10116 10115
19831 2 0 10013 10014 10117
19832 2 0 10013 10117 10116
19833 2 0 10014 10015 10118
19834 2 0 10014 10118 10117
19835 2 0 10015 10016 10119
19836 2 0 10015 10119 10118
19837 2 0 10016 10017 10120
19838 2 0 10016 10120 10119
19839 2 0 10017 10018 10121
19840 2 0 10017 10121 10120
19841 2 0 10018 10019 10122
19842 2 0 10018 10122 10121
19843 2 0 10019 10020 10123
19844 2 0 10019 10123 10122
19845 2 0 10020 10021 10124
19846 2 0 10020 10124 10123
19847 2 0 10021 10022 10125
19848 2 0 10021 10125 10124
19849 2 0 10022 10023 10126
19850 2 0 10022 10126 10125
19851 2 0 10023 10024 10127
19852 2 0 10023 10127 10126
19853 2 0 10024 10025 10128
19854 2 0 10024 10128 10127
19855 2 0 10025 10026 10129
19856 2 0 10025 10129 10128
19857 2 0 10026 10027 10130
19858 2 0 10026 10130 10129
19859 2 0 10027 10028 10131
19860 2 0 10027 10131 10130
19861 2 0 10028 10029 10132
19862 2 0 10028 10132 10131
19863 2 0 10029 10030 10133
19864 2 0 10029 10133 10132
19865 2 0 10030 10031 10134
19866 2 0 10030 10134 10133
19867 2 0 10031 10032 10135
19868 2 0 10031 10135 10134
19869 2 0 10032 10033 10136
19870 2 0 10032 10136 10135
19871 2 0 10033 10034 10137
19872 2 0 10033 10137 10136
19873 2 0 10034 10035 10138
19874 2 0 10034 10138 10137
19875 2 0 10035 10036 10139
19876 2 0 10035 10139 10138
19877 2 0 10036 10037 10140
19878 2 0 10036 10140 10139
19879 2 0 10037 10038 10141
19880 2 0 10037 10141 10140
19881 2 0 10038 10039 10142
19882 2 0 10038 10142 10141
19883 2 0 10039 10040 10143
19884 2 0 10039 10143 10142
19885 2 0 10040 10041 10144
19886 2 0 10040 10144 10143
19887 2 0 10041 10042 10145
19888 2 0 10041 10145 10144
19889 2 0 10042 10043 10146
19890 2 0 10042 10146 10145
19891 2 0 10043 10044 10147
19892 2 0 10043 10147 10146
19893 2 0 10044 10045 10148
19894 2 0 10044 10148 10147
19895 2 0 10045 10046 10149
19896 2 0 10045 10149 10148
19897 2 0 10046 10047 10150
19898 2 0 10046 10150 10149
19899 2 0 10047 10048 10151
19900 2 0 10047 10151 10150
19901 2 0 10048 10049 10152
19902 2 0 10048 10152 10151
19903 2 0 10049 10050 10153
19904 2 0 10049 10153 10152
19905 2 0 10050 10051 10154
19906 2 0 10050 10154 10153
19907 2 0 10051 10052 10155
19908 2 0 10051 10155 10154
19909 2 0 10052 10053 10156
19910 2 0 10052 10156 10155
19911 2 0 10053 10054 10157
19912 2 0 10053 10157 10156
19913 2 0 10054 10055 10158
19914 2 0 10054 10158 10157
19915 2 0 10055 10056 10159
19916 2 0 10055 10159 10158
19917 2 0 10056 10057 10160
19918 2 0 10056 10160 10159
19919 2 0 10057 10058 10161
19920 2 0 10057 10161 10160
19921 2 0 10058 10059 10162
19922 2 0 10058 10162 10161
19923 2 0 10059 10060 10163
19924 2 0 10059 10163 10162
19925 2 0 10060 10061 10164
19926 2 0 10060 10164 10163
19927 2 0 10061 10062 10165
19928 2 0 10061 10165 10164
19929 2 0 10062 10063 10166
19930 2 0 10062 10166 10165
19931 2 0 10063 10064 10167
19932 2 0 10063 10167 10166
19933 2 0 10064 10065 10168
19934 2 0 10064 10168 10167
19935 2 0 10065 10066 10169
19936 2 0 10065 10169 10168
19937 2 0 10066 10067 10170
19938 2 0 10066 10170 10169
19939 2 0 10067 10068 10171
19940 2 0 10067 10171 10170
19941 2 0 10068 10069 10172
19942 2 0 10068 10172 10171
19943 2 0 10069 10070 10173
19944 2 0 10069 10173 10172
19945 2 0 10070 10071 10174
19946 2 0 10070 10174 10173
19947 2 0 10071 10072 10175
19948 2 0 10071 10175 10174
19949 2 0 10072 10073 10176
19950 2 0 10072 10176 10175
19951 2 0 10073 10074 10177
19952 2 0 10073 10177 10176
19953 2 0 10074 10075 10178
19954 2 0 10074 10178 10177
19955 2 0 10075 10076 10179
19956 2 0 10075 10179 10178
19957 2 0 10076 10077 10180
19958 2 0 10076 10180 10179
19959 2 0 10077 10078 10181
19960 2 0 10077 10181 10180
19961 2 0 10078 10079 10182
19962 2 0 10078 10182 10181
19963 2 0 10079 10080 10183
19964 2 0 10079 10183 10182
19965 2 0 10080 10081 10184
19966 2 0 10080 10184 10183
19967 2 0 10081 10082 10185
19968 2 0 10081 10185 10184
19969 2 0 10082 10083 10186
19970 2 0 10082 10186 10185
19971 2 0 10083 10084 10187
19972 2 0 10083 10187 10186
19973 2 0 10084 10085 10188
19974 2 0 10084 10188 10187
19975 2 0 10085 10086 10189
19976 2 0 10085 10189 10188
19977 2 0 10086 10087 10190
19978 2 0 10086 10190 10189
19979 2 0 10087 10088 10191
19980 2 0 10087 10191 10190
19981 2 0 10088 10089 10192
19982 2 0 10088 10192 10191
19983 2 0 10089 10090 10193
19984 2 0 10089 10193 10192
19985 2 0 10090 10091 10194
19986 2 0 10090 10194 10193
19987 2 0 10091 10092 10195
19988 2 0 10091 10195 10194
19989 2 0 10092 10093 10196
19990 2 0 10092 10196 10195
19991 2 0 10093 10094 10197
19992 2 0 10093 10197 10196
19993 2 0 10095 10096 10199
19994 2 0 10095 10199 10198
19995 2 0 10096 10097 10200
19996 2 0 10096 10200 10199
19997 2 0 10097 10098 10201
19998 2 0 10097 10201 10200
19999 2 0 10098 10099 10202
20000 2 0 10098 10202 10201
20001 2 0 10099 10100 10203
20002 2 0 10099 10203 10202
20003 2 0 10100 10101 10204
20004 2 0 10100 10204 10203
20005 2 0 10101 10102 10205
20006 2 0 10101 10205 10204
20007 2 0 10102 10103 10206
20008 2 0 10102 10206 10205
20009 2 0 10103 10104 10207
20010 2 0 10103 10207 10206
20011 2 0 10104 10105 10208
20012 2 0 10104 10208 10207
20013 2 0 10105 10106 10209
20014 2 0 10105 10209 10208
20015 2 0 10106 10107 10210
20016 2 0 10106 10210 10209
20017 2 0 10107 10108 10211
20018 2 0 10107 10211 10210
20019 2 0 10108 10109 10212
20020 2 0 10108 10212 10211
20021 2 0 10109 10110 10213
20022 2 0 10109 10213 10212
20023 2 0 10110 10111 10214
20024 2 0 10110 10214 10213
20025 2 0 10111 10112 10215
20026 2 0 10111 10215 10214
20027 2 0 10112 10113 10216
20028 2 0 10112 10216 10215
20029 2 0 10113 10114 10217
20030 2 0 10113 10217 10216
20031 2 0 10114 10115 10218
20032 2 0 10114 10218 10217
20033 2 0 10115 10116 10219
20034 2 0 10115 10219 10218
20035 2 0 10116 10117 10220
20036 2 0 10116 10220 10219
20037 2 0 10117 10118 10221
20038 2 0 10117 10221 10220
20039 2 0 10118 10119 10222
20040 2 0 10118 10222 10221
20041 2 0 10119 10120 10223
20042 2 0 10119 10223 10222
20043 2 0 10120 10121 10224
20044 2 0 10120 10224 10223
20045 2 0 10121 10122 10225
20046 2 0 10121 10225 10224
20047 2 0 10122 10123 10226
20048 2 0 10122 10226 10225
20049 2 0 10123 10124 10227
20050 2 0 10123 10227 10226
20051 2 0 10124 10125 10228
20052 2 0 10124 10228 10227
20053 2 0 10125 10126 10229
20054 2 0 10125 10229 10228
20055 2 0 10126 10127 10230
20056 2 0 10126 10230 10229
20057 2 0 10127 10128 10231
20058 2 0 10127 10231 10230
20059 2 0 10128 10129 10232
20060 2 0 10128 10232 10231
20061 2 0 10129 10130 10233
20062 2 0 10129 10233 10232
20063 2 0 10130 10131 10234
20064 2 0 10130 10234 10233
20065 2 0 10131 10132 10235
20066 2 0 10131 10235 10234
20067 2 0 10132 10133 10236
20068 2 0 10132 10236 10235
20069 2 0 10133 10134 10237
20070 2 0 10133 10237 10236
20071 2 0 10134 10135 10238
20072 2 0 10134 10238 10237
20073 2 0 10135 10136 10239
20074 2 0 10135 10239 10238
20075 2 0 10136 10137 10240
20076 2 0 10136 10240 10239
20077 2 0 10137 10138 10241
20078 2 0 10137 10241 10240
20079 2 0 10138 10139 10242
20080 2 0 10138 10242 10241
20081 2 0 10139 10140 10243
20082 2 0 10139 10243 10242
20083 2 0 10140 10141 10244
20084 2 0 10140 10244 10243
20085 2 0 10141 10142 10245
20086 2 0 10141 10245 10244
20087 2 0 10142 10143 10246
20088 2 0 10142 10246 10245
20089 2 0 10143 10144 10247
20090 2 0 10143 10247 10246
20091 2 0 10144 10145 10248
20092 2 0 10144 10248 10247
20093 2 0 10145 10146 10249
20094 2 0 10145 10249 10248
20095 2 0 10146 10147 10250
20096 2 0 10146 10250 10249
20097 2 0 10147 10148 10251
20098 2 0 10147 10251 10250
20099 2 0 10148 10149 10252
20100 2 0 10148 10252 10251
20101 2 0 10149 10150 10253
20102 2 0 10149 10253 10252
20103 2 0 10150 10151 10254
20104 2 0 10150 10254 10253
20105 2 0 10151 10152 10255
20106 2 0 10151 10255 10254
20107 2 0 10152 10153 10256
20108 2 0 10152 10256 10255
20109 2 0 10153 10154 10257
20110 2 0 10153 10257 10256
20111 2 0 10154 10155 10258
20112 2 0 10154 10258 10257
20113 2 0 10155 10156 10259
20114 2 0 10155 10259 10258
20115 2 0 10156 10157 10260
20116 2 0 10156 10260 10259
20117 2 0 10157 10158 10261
20118 2 0 10157 10261 10260
20119 2 0 10158 10159 10262
20120 2 0 10158 10262 10261
20121 2 0 10159 10160 10263
20122 2 0 10159 10263 10262
20123 2 0 10160 10161 10264
20124 2 0 10160 10264 10263
20125 2 0 10161 10162 10265
20126 2 0 10161 10265 10264
20127 2 0 10162 10163 10266
20128 2 0 10162 10266 10265
20129 2 0 10163 10164 10267
20130 2 0 10163 10267 10266
20131 2 0 10164 10165 10268
20132 2 0 10164 10268 10267
20133 2 0 10165 10166 10269
20134 2 0 10165 10269 10268
20135 2 0 10166 10167 10270
20136 2 0 10166 10270 10269
20137 2 0 10167 10168 10271
20138 2 0 10167 10271 10270
20139 2 0 10168 10169 10272
20140 2 0 10168 10272 10271
20141 2 0 10169 10170 10273
20142 2 0 10169 10273 10272
20143 2 0 10170 10171 10274
20144 2 0 10170 10274 10273
20145 2 0 10171 10172 10275
20146 2 0 10171 10275 10274
20147 2 0 10172 10173 10276
20148 2 0 10172 10276 10275
20149 2 0 10173 10174 10277
20150 2 0 10173 10277 10276
20151 2 0 10174 10175 10278
20152 2 0 10174 10278 10277
20153 2 0 10175 10176 10279
20154 2 0 10175 10279 10278
20155 2 0 10176 10177 10280
20156 2 0 10176 10280 10279
20157 2 0 10177 10178 10281
20158 2 0 10177 10281 10280
20159 2 0 10178 10179 10282
20160 2 0 10178 10282 10281
20161 2 0 10179 10180 10283
20162 2 0 10179 10283 10282
20163 2 0 10180 10181 10284
20164 2 0 10180 10284 10283
20165 2 0 10181 10182 10285
20166 2 0 10181 10285 10284
20167 2 0 10182 10183 10286
20168 2 0 10182 10286 10285
20169 2 0 10183 10184 10287
20170 2 0 10183 10287 10286
20171 2 0 10184 10185 10288
20172 2 0 10184 10288 10287
20173 2 0 10185 10186 10289
20174 2 0 10185 10289 10288
20175 2 0 10186 10187 10290
20176 2 0 10186 10290 10289
20177 2 0 10187 10188 10291
20178 2 0 10187 10291 10290
20179 2 0 10188 10189 10292
20180 2 0 10188 10292 10291
20181 2 0 10189 10190 10293
20182 2 0 10189 10293 10292
20183 2 0 10190 10191 10294
20184 2 0 10190 10294 10293
20185 2 0 10191 10192 10295
20186 2 0 10191 10295 10294
20187 2 0 10192 10193 10296
20188 2 0 10192 10296 10295
20189 2 0 10193 10194 10297
20190 2 0 10193 10297 10296
20191 2 0 10194 10195 10298
20192 2 0 10194 10298 10297
20193 2 0 10195 10196 10299
20194 2 0 10195 10299 10298
20195 2 0 10196 10197 10300
20196 2 0 10196 10300 10299
20197 2 0 10198 10199 10302
20198 2 0 10198 10302 10301
20199 2 0 10199 10200 10303
20200 2 0 10199 10303 10302
20201 2 0 10200 10201 10304
20202 2 0 10200 10304 10303
20203 2 0 10201 10202 10305
20204 2 0 10201 10305 10304
20205 2 0 10202 10203 10306
20206 2 0 10202 10306 10305
20207 2 0 10203 10204 10307
20208 2 0 10203 10307 10306
20209 2 0 10204 10205 10308
20210 2 0 10204 10308 10307
20211 2 0 10205 10206 10309
20212 2 0 10205 10309 10308
20213 2 0 10206 10207 10310
20214 2 0 10206 10310 10309
20215 2 0 10207 10208 10311
20216 2 0 10207 10311 10310
20217 2 0 10208 10209 10312
20218 2 0 10208 10312 10311
20219 2 0 10209 10210 10313
20220 2 0 10209 10313 10312
20221 2 0 10210 10211 10314
20222 2 0 10210 10314 10313
20223 2 0 10211 10212 10315
20224 2 0 10211 10315 10314
20225 2 0 10212 10213 10316
20226 2 0 10212 10316 10315
20227 2 0 10213 10214 10317
20228 2 0 10213 10317 10316
20229 2 0 10214 10215 10318
20230 2 0 10214 10318 10317
20231 2 0 10215 10216 10319
20232 2 0 10215 10319 10318
20233 2 0 10216 10217 10320
20234 2 0 10216 10320 10319
20235 2 0 10217 10218 10321
20236 2 0 10217 10321 10320
20237 2 0 10218 10219 10322
20238 2 0 10218 10322 10321
20239 2 0 10219 10220 10323
20240 2 0 10219 10323 10322
20241 2 0 10220 10221 10324
20242 2 0 10220 10324 10323
20243 2 0 10221 10222 10325
20244 2 0 10221 10325 10324
20245 2 0 10222 10223 10326
20246 2 0 10222 10326 10325
20247 2 0 10223 10224 10327
20248 2 0 10223 10327 10326
20249 2 0 10224 10225 10328
20250 2 0 10224 10328 10327
20251 2 0 10225 10226 10329
20252 2 0 10225 10329 10328
20253 2 0 10226 10227 10330
20254 2 0 10226 10330 10329
20255 2 0 10227 10228 10331
20256 2 0 10227 10331 10330
20257 2 0 10228 10229 10332
20258 2 0 10228 10332 10331
20259 2 0 10229 10230 10333
20260 2 0 10229 10333 10332
20261 2 0 10230 10231 10334
20262 2 0 10230 10334 10333
20263 2 0 10231 10232 10335
20264 2 0 10231 10335 10334
20265 2 0 10232 10233 10336
20266 2 0 10232 10336 10335
20267 2 0 10233 10234 10337
20268 2 0 10233 10337 10336
20269 2 0 10234 10235 10338
20270 2 0 10234 10338 10337
20271 2 0 10235 10236 10339
20272 2 0 10235 10339 10338
20273 2 0 10236 10237 10340
20274 2 0 10236 10340 10339
20275 2 0 10237 10238 10341
20276 2 0 10237 10341 10340
20277 2 0 10238 10239 10342
20278 2 0 10238 10342 10341
20279 2 0 10239 10240 10343
20280 2 0 10239 10343 10342
20281 2 0 10240 10241 10344
20282 2 0 10240 10344 10343
20283 2 0 10241 10242 10345
20284 2 0 10241 10345 10344
20285 2 0 10242 10243 10346
20286 2 0 10242 10346 10345
20287 2 0 10243 10244 10347
20288 2 0 10243 10347 10346
20289 2 0 10244 10245 10348
20290 2 0 10244 10348 10347
20291 2 0 10245 10246 10349
20292 2 0 10245 10349 10348
20293 2 0 10246 10247 10350
20294 2 0 10246 10350 10349
20295 2 0 10247 10248 10351
20296 2 0 10247 10351 10350
20297 2 0 10248 10249 10352
20298 2 0 10248 10352 10351
20299 2 0 10249 10250 10353
20300 2 0 10249 10353 10352
20301 2 0 10250 10251 10354
20302 2 0 10250 10354 10353
20303 2 0 10251 10252 10355
20304 2 0 10251 10355 10354
20305 2 0 10252 10253 10356
20306 2 0 10252 10356 10355
20307 2 0 10253 10254 10357
20308 2 0 10253 10357 10356
20309 2 0 10254 10255 10358
20310 2 0 10254 10358 10357
20311 2 0 10255 10256 10359
20312 2 0 10255 10359 10358
20313 2 0 10256 10257 10360
20314 2 0 10256 10360 10359
20315 2 0 10257 10258 10361
20316 2 0 10257 10361 10360
20317 2 0 10258 10259 10362
20318 2 0 10258 10362 10361
20319 2 0 10259 10260 10363
20320 2 0 10259 10363 10362
20321 2 0 10260 10261 10364
20322 2 0 10260 10364 10363
20323 2 0 10261 10262 10365
20324 2 0 10261 10365 10364
20325 2 0 10262 10263 10366
20326 2 0 10262 10366 10365
20327 2 0 10263 10264 10367
20328 2 0 10263 10367 10366
20329 2 0 10264 10265 10368
20330 2 0 10264 10368 10367
20331 2 0 10265 10266 10369
20332 2 0 10265 10369 10368
20333 2 0 10266 10267 10370
20334 2 0 10266 10370 10369
20335 2 0 10267 10268 10371
20336 2 0 10267 10371 10370
20337 2 0 10268 10269 10372
20338 2 0 10268 10372 10371
20339 2 0 10269 10270 10373
20340 2 0 10269 10373 10372
20341 2 0 10270 10271 10374
20342 2 0 10270 10374 10373
20343 2 0 10271 10272 10375
20344 2 0 10271 10375 10374
20345 2 0 10272 10273 10376
20346 2 0 10272 10376 10375
20347 2 0 10273 10274 10377
20348 2 0 10273 10377 10376
20349 2 0 10274 10275 10378
20350 2 0 10274 10378 10377
20351 2 0 10275 10276 10379
20352 2 0 10275 10379 10378
20353 2 0 10276 10277 10380
20354 2 0 10276 10380 10379
20355 2 0 10277 10278 10381
20356 2 0 10277 10381 10380
20357 2 0 10278 10279 10382
20358 2 0 10278 10382 10381
20359 2 0 10279 10280 10383
20360 2 0 10279 10383 10382
20361 2 0 10280 10281 10384
20362 2 0 10280 10384 10383
20363 2 0 10281 10282 10385
20364 2 0 10281 10385 10384
20365 2 0 10282 10283 10386
20366 2 0 10282 10386 10385
20367 2 0 10283 10284 10387
20368 2 0 10283 10387 10386
20369 2 0 10284 10285 10388
20370 2 0 10284 10388 10387
20371 2 0 10285 10286 10389
20372 2 0 10285 10389 10388
20373 2 0 10286 10287 10390
20374 2 0 10286 10390 10389
20375 2 0 10287 10288 10391
20376 2 0 10287 10391 10390
20377 2 0 10288 10289 10392
20378 2 0 10288 10392 10391
20379 2 0 10289 10290 10393
20380 2 0 10289 10393 10392
20381 2 0 10290 10291 10394
20382 2 0 10290 10394 10393
20383 2 0 10291 10292 10395
20384 2 0 10291 10395 10394
20385 2 0 10292 10293 10396
20386 2 0 10292 10396 10395
20387 2 0 10293 10294 10397
20388 2 0 10293 10397 10396
20389 2 0 10294 10295 10398
20390 2 0 10294 10398 10397
20391 2 0 10295 10296 10399
20392 2 0 10295 10399 10398
20393 2 0 10296 10297 10400
20394 2 0 10296 10400 10399
20395 2 0 10297 10298 10401
20396 2 0 10297 10401 10400
20397 2 0 10298 10299 10402
20398 2 0 10298 10402 10401
20399 2 0 10299 10300 10403
20400 2 0 10299 10403 10402
20401 2 0 10301 10302 10405
20402 2 0 10301 10405 10404
20403 2 0 10302 10303 10406
20404 2 0 10302 10406 10405
20405 2 0 10303 10304 10407
20406 2 0 10303 10407 10406
20407 2 0 10304 10305 10408
20408 2 0 10304 10408 10407
20409 2 0 10305 10306 10409
20410 2 0 10305 10409 10408
20411 2 0 10306 10307 10410
20412 2 0 10306 10410 10409
20413 2 0 10307 10308 10411
20414 2 0 10307 10411 10410
20415 2 0 10308 10309 10412
20416 2 0 10308 10412 10411
20417 2 0 10309 10310 10413
20418 2 0 10309 10413 10412
20419 2 0 10310 10311 10414
20420 2 0 10310 10414 10413
20421 2 0 10311 10312 10415
20422 2 0 10311 10415 10414
20423 2 0 10312 10313 10416
20424 2 0 10312 10416 10415
20425 2 0 10313 10314 10417
20426 2 0 10313 10417 10416
20427 2 0 10314 10315 10418
20428 2 0 10314 10418 10417
20429 2 0 10315 10316 10419
20430 2 0 10315 10419 10418
20431 2 0 10316 10317 10420
20432 2 0 10316 10420 10419
20433 2 0 10317 10318 10421
20434 2 0 10317 10421 10420
20435 2 0 10318 10319 10422
20436 2 0 10318 10422 10421
20437 2 0 10319 10320 10423
20438 2 0 10319 10423 10422
20439 2 0 10320 10321 10424
20440 2 0 10320 10424 10423
20441 2 0 10321 10322 10425
20442 2 0 10321 10425 10424
20443 2 0 10322 10323 10426
20444 2 0 10322 10426 10425
20445 2 0 10323 10324 10427
20446 2 0 10323 10427 10426
20447 2 0 10324 10325 10428
20448 2 0 10324 10428 10427
20449 2 0 10325 10326 10429
20450 2 0 10325 10429 10428
20451 2 0 10326 10327 10430
20452 2 0 10326 10430 10429
20453 2 0 10327 10328 10431
20454 2 0 10327 10431 10430
20455 2 0 10328 10329 10432
20456 2 0 10328 10432 10431
20457 2 0 10329 10330 10433
20458 2 0 10329 10433 10432
20459 2 0 10330 10331 10434
20460 2 0 10330 10434 10433
20461 2 0 10331 10332 10435
20462 2 0 10331 10435 10434
20463 2 0 10332 10333 10436
20464 2 0 10332 10436 10435
20465 2 0 10333 10334 10437
20466 2 0 10333 10437 10436
20467 2 0 10334 10335 10438
20468 2 0 10334 10438 10437
20469 2 0 10335 10336 10439
20470 2 0 10335 10439 10438
20471 2 0 10336 10337 10440
20472 2 0 10336 10440 10439
20473 2 0 10337 10338 10441
20474 2 0 10337 10441 10440
20475 2 0 10338 10339 10442
20476 2 0 10338 10442 10441
20477 2 0 10339 10340 10443
20478 2 0 10339 10443 10442
20479 2 0 10340 10341 10444
20480 2 0 10340 10444 10443
20481 2 0 10341 10342 10445
20482 2 0 10341 10445 10444
20483 2 0 10342 10343 10446
20484 2 0 10342 10446 10445
20485 2 0 10343 10344 10447
20486 2 0 10343 10447 10446
20487 2 0 10344 10345 10448
20488 2 0 10344 10448 10447
20489 2 0 10345 10346 10449
20490 2 0 10345 10449 10448
20491 2 0 10346 10347 10450
20492 2 0 10346 10450 10449
20493 2 0 10347 10348 10451
20494 2 0 10347 10451 10450
20495 2 0 10348 10349 10452
20496 2 0 10348 10452 10451
20497 2 0 10349 10350 10453
20498 2 0 10349 10453 10452
20499 2 0 10350 10351 10454
20500 2 0 10350 10454 10453
20501 2 0 10351 10352 10455
20502 2 0 10351 10455 10454
20503 2 0 10352 10353 10456
20504 2 0 10352 10456 10455
20505 2 0 10353 10354 10457
20506 2 0 10353 10457 10456
20507 2 0 10354 10355 10458
20508 2 0 10354 10458 10457
20509 2 0 10355 10356 10459
20510 2 0 10355 10459 10458
20511 2 0 10356 10357 10460
20512 2 0 10356 10460 10459
20513 2 0 10357 10358 10461
20514 2 0 10357 10461 10460
20515 2 0 10358 10359 10462
20516 2 0 10358 10462 10461
20517 2 0 10359 10360 10463
20518 2 0 10359 10463 10462
20519 2 0 10360 10361 10464
20520 2 0 10360 10464 10463
20521 2 0 10361 10362 10465
20522 2 0 10361 10465 10464
20523 2 0 10362 10363 10466
20524 2 0 10362 10466 10465
20525 2 0 10363 10364 10467
20526 2 0 10363 10467 10466
20527 2 0 10364 10365 10468
20528 2 0 10364 10468 10467
20529 2 0 10365 10366 10469
20530 2 0 10365 10469 10468
20531 2 0 10366 10367 10470
20532 2 0 10366 10470 10469
20533 2 0 10367 10368 10471
20534 2 0 10367 10471 10470
20535 2 0 10368 10369 10472
20536 2 0 10368 10472 10471
20537 2 0 10369 10370 10473
20538 2 0 10369 10473 10472
20539 2 0 10370 10371 10474
20540 2 0 10370 10474 10473
20541 2 0 10371 10372 10475
20542 2 0 10371 10475 10474
20543 2 0 10372 10373 10476
20544 2 0 10372 10476 10475
20545 2 0 10373 10374 10477
20546 2 0 10373 10477 10476
20547 2 0 10374 10375 10478
20548 2 0 10374 10478 10477
20549 2 0 10375 10376 10479
20550 2 0 10375 10479 10478
20551 2 0 10376 10377 10480
20552 2 0 10376 10480 10479
20553 2 0 10377 10378 10481
20554 2 0 10377 10481 10480
20555 2 0 10378 10379 10482
20556 2 0 10378 10482 10481
20557 2 0 10379 10380 10483
20558 2 0 10379 10483 10482
20559 2 0 10380 10381 10484
20560 2 0 10380 10484 10483
20561 2 0 10381 10382 10485
20562 2 0 10381 10485 10484
20563 2 0 10382 10383 10486
20564 2 0 10382 10486 10485
20565 2 0 10383 10384 10487
20566 2 0 10383 10487 10486
20567 2 0 10384 10385 10488
20568 2 0 10384 10488 10487
20569 2 0 10385 10386 10489
20570 2 0 10385 10489 10488
20571 2 0 10386 10387 10490
20572 2 0 10386 10490 10489
20573 2 0 10387 10388 10491
20574 2 0 10387 10491 10490
20575 2 0 10388 10389 10492
20576 2 0 10388 10492 10491
20577 2 0 10389 10390 10493
20578 2 0 10389 10493 10492
20579 2 0 10390 10391 10494
20580 2 0 10390 10494 10493
20581 2 0 10391 10392 10495
20582 2 0 10391 10495 10494
20583 2 0 10392 10393 10496
20584 2 0 10392 10496 10495
20585 2 0 10393 10394 10497
20586 2 0 10393 10497 10496
20587 2 0 10394 10395 10498
20588 2 0 10394 10498 10497
20589 2 0 10395 10396 10499
20590 2 0 10395 10499 10498
20591 2 0 10396 10397 10500
20592 2 0 10396 10500 10499
20593 2 0 10397 10398 10501
20594 2 0 10397 10501 10500
20595 2 0 10398 10399 10502
20596 2 0 10398 10502 10501
20597 2 0 10399 10400 10503
20598 2 0 10399 10503 10502
20599 2 0 10400 10401 10504
20600 2 0 10400 10504 10503
20601 2 0 10401 10402 10505
20602 2 0 10401 10505 10504
20603 2 0 10402 10403 10506
20604 2 0 10402 10506 10505
20605 2 0 10404 10405 10508
20606 2 0 10404 10508 10507
20607 2 0 10405 10406 10509
20608 2 0 10405 10509 10508
20609 2 0 10406 10407 10510
20610 2 0 10406 10510 10509
20611 2 0 10407 10408 10511
20612 2 0 10407 10511 10510
20613 2 0 10408 10409 10512
20614 2 0 10408 10512 10511
20615 2 0 10409 10410 10513
20616 2 0 10409 10513 10512
20617 2 0 10410 10411 10514
20618 2 0 10410 10514 10513
20619 2 0 10411 10412 10515
20620 2 0 10411 10515 10514
20621 2 0 10412 10413 10516
20622 2 0 10412 10516 10515
20623 2 0 10413 10414 10517
20624 2 0 10413 10517 10516
20625 2 0 10414 10415 10518
20626 2 0 10414 10518 10517
20627 2 0 10415 10416 10519
20628 2 0 10415 10519 10518
20629 2 0 10416 10417 10520
20630 2 0 10416 10520 10519
20631 2 0 10417 10418 10521
20632 2 0 10417 10521 10520
20633 2 0 10418 10419 10522
20634 2 0 10418 10522 10521
20635 2 0 10419 10420 10523
20636 2 0 10419 10523 10522
20637 2 0 10420 10421 10524
20638 2 0 10420 10524 10523
20639 2 0 10421 10422 10525
20640 2 0 10421 10525 10524
20641 2 0 10422 10423 10526
20642 2 0 10422 10526 10525
20643 2 0 10423 10424 10527
20644 2 0 10423 10527 10526
20645 2 0 10424 10425 10528
20646 2 0 10424 10528 10527
20647 2 0 10425 10426 10529
20648 2 0 10425 10529 10528
20649 2 0 10426 10427 10530
20650 2 0 10426 10530 10529
20651 2 0 10427 10428 10531
20652 2 0 10427 10531 10530
20653 2 0 10428 10429 10532
20654 2 0 10428 10532 10531
20655 2 0 10429 10430 10533
20656 2 0 10429 10533 10532
20657 2 0 10430 10431 10534
20658 2 0 10430 10534 10533
20659 2 0 10431 10432 10535
20660 2 0 10431 10535 10534
20661 2 0 10432 10433 10536
20662 2 0 10432 10536 10535
20663 2 0 10433 10434 10537
20664 2 0 10433 10537 10536
20665 2 0 10434 10435 10538
20666 2 0 10434 10538 10537
20667 2 0 10435 10436 10539
20668 2 0 10435 10539 10538
20669 2 0 10436 10437 10540
20670 2 0 10436 10540 10539
20671 2 0 10437 10438 10541
20672 2 0 10437 10541 10540
20673 2 0 10438 10439 10542
20674 2 0 10438 10542 10541
20675 2 0 10439 10440 10543
20676 2 0 10439 10543 10542
20677 2 0 10440 10441 10544
20678 2 0 10440 10544 10543
20679 2 0 10441 10442 10545
20680 2 0 10441 10545 10544
20681 2 0 10442 10443 10546
20682 2 0 10442 10546 10545
20683 2 0 10443 10444 10547
20684 2 0 10443 10547 10546
20685 2 0 10444 10445 10548
20686 2 0 10444 10548 10547
20687 2 0 10445 10446 10549
20688 2 0 10445 10549 10548
20689 2 0 10446 10447 10550
20690 2 0 10446 10550 10549
20691 2 0 10447 10448 10551
20692 2 0 10447 10551 10550
20693 2 0 10448 10449 10552
20694 2 0 10448 10552 10551
20695 2 0 10449 10450 10553
20696 2 0 10449 10553 10552
20697 2 0 10450 10451 10554
20698 2 0 10450 10554 10553
20699 2 0 10451 10452 10555
20700 2 0 10451 10555 10554
20701 2 0 10452 10453 10556
20702 2 0 10452 10556 10555
20703 2 0 10453 10454 10557
20704 2 0 10453 10557 10556
20705 2 0 10454 10455 10558
20706 2 0 10454 10558 10557
20707 2 0 10455 10456 10559
20708 2 0 10455 10559 10558
20709 2 0 10456 10457 10560
20710 2 0 10456 10560 10559
20711 2 0 10457 10458 10561
20712 2 0 10457 10561 10560
20713 2 0 10458 10459 10562
20714 2 0 10458 10562 10561
20715 2 0 10459 10460 10563
20716 2 0 10459 10563 10562
20717 2 0 10460 10461 10564
20718 2 0 10460 10564 10563
20719 2 0 10461 10462 10565
20720 2 0 10461 10565 10564
20721 2 0 10462 10463 10566
20722 2 0 10462 10566 10565
20723 2 0 10463 10464 10567
20724 2 0 10463 10567 10566
20725 2 0 10464 10465 10568
20726 2 0 10464 10568 10567
20727 2 0 10465 10466 10569
20728 2 0 10465 10569 10568
20729 2 0 10466 10467 10570
20730 2 0 10466 10570 10569
20731 2 0 10467 10468 10571
20732 2 0 10467 10571 10570
20733 2 0 10468 10469 10572
20734 2 0 10468 10572 10571
20735 2 0 10469 10470 10573
20736 2 0 10469 10573 10572
20737 2 0 10470 10471 10574
20738 2 0 10470 10574 10573
20739 2 0 10471 10472 10575
20740 2 0 10471 10575 10574
20741 2 0 10472 10473 10576
20742 2 0 10472 10576 10575
20743 2 0 10473 10474 10577
20744 2 0 10473 10577 10576
20745 2 0 10474 10475 10578
20746 2 0 10474 10578 10577
20747 2 0 10475 10476 10579
20748 2 0 10475 10579 10578
20749 2 0 10476 10477 10580
20750 2 0 10476 10580 10579
20751 2 0 10477 10478 10581
20752 2 0 10477 10581 10580
20753 2 0 10478 10479 10582
20754 2 0 10478 10582 10581
20755 2 0 10479 10480 10583
20756 2 0 10479 10583 10582
20757 2 0 10480 10481 10584
20758 2 0 10480 10584 10583
20759 2 0 10481 10482 10585
20760 2 0 10481 10585 10584
20761 2 0 10482 10483 10586
20762 2 0 10482 10586 10585
20763 2 0 10483 10484 10587
20764 2 0 10483 10587 10586
20765 2 0 10484 10485 10588
20766 2 0 10484 10588 10587
20767 2 0 10485 10486 10589
20768 2 0 10485 10589 10588
20769 2 0 10486 10487 10590
20770 2 0 10486 10590 10589
20771 2 0 10487 10488 10591
20772 2 0 10487 10591 10590
20773 2 0 10488 10489 10592
20774 2 0 10488 10592 10591
20775 2 0 10489 10490 10593
20776 2 0 10489 10593 10592
20777 2 0 10490 10491 10594
20778 2 0 10490 10594 10593
20779 2 0 10491 10492 10595
20780 2 0 10491 10595 10594
20781 2 0 10492 10493 10596
20782 2 0 10492 10596 10595
20783 2 0 10493 10494 10597
20784 2 0 10493 10597 10596
20785 2 0 10494 10495 10598
20786 2 0 10494 10598 10597
20787 2 0 10495 10496 10599
20788 2 0 10495 10599 10598
20789 2 0 10496 10497 10600
20790 2 0 10496 10600 10599
20791 2 0 10497 10498 10601
20792 2 0 10497 10601 10600
20793 2 0 10498 10499 10602
20794 2 0 10498 10602 10601
20795 2 0 10499 10500 10603
20796 2 0 10499 10603 10602
20797 2 0 10500 10501 10604
20798 2 0 10500 10604 10603
20799 2 0 10501 10502 10605
20800 2 0 10501 10605 10604
20801 2 0 10502 10503 10606
20802 2 0 10502 10606 10605
20803 2 0 10503 10504 10607
20804 2 0 10503 10607 10606
20805 2 0 10504 10505 10608
20806 2 0 10504 10608 10607
20807 2 0 10505 10506 10609
20808 2 0 10505 10609 10608
20809 2 0 10507 10508 10611
20810 2 0 10507 10611 10610
20811 2 0 10508 10509 10612
20812 2 0 10508 10612 10611
20813 2 0 10509 10510 10613
20814 2 0 10509 10613 10612
20815 2 0 10510 10511 10614
20816 2 0 10510 10614 10613
20817 2 0 10511 10512 10615
20818 2 0 10511 10615 10614
20819 2 0 10512 10513 10616
20820 2 0 10512 10616 10615
20821 2 0 10513 10514 10617
20822 2 0 10513 10617 10616
20823 2 0 10514 10515 10618
20824 2 0 10514 10618 10617
20825 2 0 10515 10516 10619
20826 2 0 10515 10619 10618
20827 2 0 10516 10517 10620
20828 2 0 10516 10620 10619
20829 2 0 10517 10518 10621
20830 2 0 10517 10621 10620
20831 2 0 10518 10519 10622
20832 2 0 10518 10622 10621
20833 2 0 10519 10520 10623
20834 2 0 10519 10623 10622
20835 2 0 10520 10521 10624
20836 2 0 10520 10624 10623
20837 2 0 10521 10522 10625
20838 2 0 10521 10625 10624
20839 2 0 10522 10523 10626
20840 2 0 10522 10626 10625
20841 2 0 10523 10524 10627
20842 2 0 10523 10627 10626
20843 2 0 10524 10525 10628
20844 2 0 10524 10628 10627
20845 2 0 10525 10526 10629
20846 2 0 10525 10629 10628
20847 2 0 10526 10527 10630
20848 2 0 10526 10630 10629
20849 2 0 10527 10528 10631
20850 2 0 10527 10631 10630
20851 2 0 10528 10529 10632
20852 2 0 10528 10632 10631
20853 2 0 10529 10530 10633
20854 2 0 10529 10633 10632
20855 2 0 10530 10531 10634
20856 2 0 10530 10634 10633
20857 2 0 10531 10532 10635
20858 2 0 10531 10635 10634
20859 2 0 10532 10533 10636
20860 2 0 10532 10636 10635
20861 2 0 10533 10534 10637
20862 2 0 10533 10637 10636
20863 2 0 10534 10535 10638
20864 2 0 10534 10638 10637
20865 2 0 10535 10536 10639
20866 2 0 10535 10639 10638
20867 2 0 10536 10537 10640
20868 2 0 10536 10640 10639
20869 2 0 10537 10538 10641
20870 2 0 10537 10641 10640
20871 2 0 10538 10539 10642
20872 2 0 10538 10642 10641
20873 2 0 10539 10540 10643
20874 2 0 10539 10643 10642
20875 2 0 10540 10541 10644
20876 2 0 10540 10644 10643
20877 2 0 10541 10542 10645
20878 2 0 10541 10645 10644
20879 2 0 10542 10543 10646
20880 2 0 10542 10646 10645
20881 2 0 10543 10544 10647
20882 2 0 10543 10647 10646
20883 2 0 10544 10545 10648
20884 2 0 10544 10648 10647
20885 2 0 10545 10546 10649
20886 2 0 10545 10649 10648
20887 2 0 10546 10547 10650
20888 2 0 10546 10650 10649
20889 2 0 10547 10548 10651
20890 2 0 10547 10651 10650
20891 2 0 10548 10549 10652
20892 2 0 10548 10652 10651
20893 2 0 10549 10550 10653
20894 2 0 10549 10653 10652
20895 2 0 10550 10551 10654
20896 2 0 10550 10654 10653
20897 2 0 10551 10552 10655
20898 2 0 10551 10655 10654
20899 2 0 10552 10553 10656
20900 2 0 10552 10656 10655
20901 2 0 10553 10554 10657
20902 2 0 10553 10657 10656
20903 2 0 10554 10555 10658
20904 2 0 10554 10658 10657
20905 2 0 10555 10556 10659
20906 2 0 10555 10659 10658
20907 2 0 10556 10557 10660
20908 2 0 10556 10660 10659
20909 2 0 10557 10558 10661
20910 2 0 10557 10661 10660
20911 2 0 10558 10559 10662
20912 2 0 10558 10662 10661
20913 2 0 10559 10560 10663
20914 2 0 10559 10663 10662
20915 2 0 10560 10561 10664
20916 2 0 10560 10664 10663
20917 2 0 10561 10562 10665
20918 2 0 10561 10665 10664
20919 2 0 10562 10563 10666
20920 2 0 10562 10666 10665
20921 2 0 10563 10564 10667
20922 2 0 10563 10667 10666
20923 2 0 10564 10565 10668
20924 2 0 10564 10668 10667
20925 2 0 10565 10566 10669
20926 2 0 10565 10669 10668
20927 2 0 10566 10567 10670
20928 2 0 10566 10670 10669
20929 2 0 10567 10568 10671
20930 2 0 10567 10671 10670
20931 2 0 10568 10569 10672
20932 2 0 10568 10672 10671
20933 2 0 10569 10570 10673
20934 2 0 10569 10673 10672
20935 2 0 10570 10571 10674
20936 2 0 10570 10674 10673
20937 2 0 10571 10572 10675
20938 2 0 10571 10675 10674
20939 2 0 10572 10573 10676
20940 2 0 10572 10676 10675
20941 2 0 10573 10574 10677
20942 2 0 10573 10677 10676
20943 2 0 10574 10575 10678
20944 2 0 10574 10678 10677
20945 2 0 10575 10576 10679
20946 2 0 10575 10679 10678
20947 2 0 10576 10577 10680
20948 2 0 10576 10680 10679
20949 2 0 10577 10578 10681
20950 2 0 10577 10681 10680
20951 2 0 10578 10579 10682
20952 2 0 10578 10682 10681
20953 2 0 10579 10580 10683
20954 2 0 10579 10683 10682
20955 2 0 10580 10581 10684
20956 2 0 10580 10684 10683
20957 2 0 10581 10582 10685
20958 2 0 10581 10685 10684
20959 2 0 10582 10583 10686
20960 2 0 10582 10686 10685
20961 2 0 10583 10584 10687
20962 2 0 10583 10687 10686
20963 2 0 10584 10585 10688
20964 2 0 10584 10688 10687
20965 2 0 10585 10586 10689
20966 2 0 10585 10689 10688
20967 2 0 10586 10587 10690
20968 2 0 10586 10690 10689
20969 2 0 10587 10588 10691
20970 2 0 10587 10691 10690
20971 2 0 10588 10589 10692
20972 2 0 10588 10692 10691
20973 2 0 10589 10590 10693
20974 2 0 10589 10693 10692
20975 2 0 10590 10591 10694
20976 2 0 10590 10694 10693
20977 2 0 10591 10592 10695
20978 2 0 10591 10695 10694
20979 2 0 10592 10593 10696
20980 2 0 10592 10696 10695
20981 2 0 10593 10594 10697
20982 2 0 10593 10697 10696
20983 2 0 10594 10595 10698
20984 2 0 10594 10698 10697
20985 2 0 10595 10596 10699
20986 2 0 10595 10699 10698
20987 2 0 10596 10597 10700
20988 2 0 10596 10700 10699
20989 2 0 10597 10598 10701
20990 2 0 10597 10701 10700
20991 2 0 10598 10599 10702
20992 2 0 10598 10702 10701
20993 2 0 10599 10600 10703
20994 2 0 10599 10703 10702
20995 2 0 10600 10601 10704
20996 2 0 10600 10704 10703
20997 2 0 10601 10602 10705
20998 2 0 10601 10705 10704
20999 2 0 10602 10603 10706
21000 2 0 10602 10706 10705
21001 2 0 10603 10604 10707
21002 2 0 10603 10707 10706
21003 2 0 10604 10605 10708
21004 2 0 10604 10708 10707
21005 2 0 10605 10606 10709
21006 2 0 10605 10709 10708
21007 2 0 10606 10607 10710
21008 2 0 10606 10710 10709
21009 2 0 10607 10608 10711
21010 2 0 10607 10711 10710
21011 2 0 10608 10609 10712
21012 2 0 10608 10712 10711
21013 2 0 10610 10611 10714
21014 2 0 10610 10714 10713
21015 2 0 10611 10612 10715
21016 2 0 10611 10715 10714
21017 2 0 10612 10613 10716
21018 2 0 10612 10716 10715
21019 2 0 10613 10614 10717
21020 2 0 10613 10717 10716
21021 2 0 10614 10615 10718
21022 2 0 10614 10718 10717
21023 2 0 10615 10616 10719
21024 2 0 10615 10719 10718
21025 2 0 10616 10617 10720
21026 2 0 10616 10720 10719
21027 2 0 10617 10618 10721
21028 2 0 10617 10721 10720
21029 2 0 10618 10619 10722
21030 2 0 10618 10722 10721
21031 2 0 10619 10620 10723
21032 2 0 10619 10723 10722
21033 2 0 10620 10621 10724
21034 2 0 10620 10724 10723
21035 2 0 10621 10622 10725
21036 2 0 10621 10725 10724
21037 2 0 10622 10623 10726
21038 2 0 10622 10726 10725
21039 2 0 10623 10624 10727
21040 2 0 10623 10727 10726
21041 2 0 10624 10625 10728
21042 2 0 10624 10728 10727
21043 2 0 10625 10626 10729
21044 2 0 10625 10729 10728
21045 2 0 10626 10627 10730
21046 2 0 10626 10730 10729
21047 2 0 10627 10628 10731
21048 2 0 10627 10731 10730
21049 2 0 10628 10629 10732
21050 2 0 10628 10732 10731
21051 2 0 10629 10630 10733
21052 2 0 10629 10733 10732
21053 2 0 10630 10631 10734
21054 2 0 10630 10734 10733
21055 2 0 10631 10632 10735
21056 2 0 10631 10735 10734
21057 2 0 10632 10633 10736
21058 2 0 10632 10736 10735
21059 2 0 10633 10634 10737
21060 2 0 10633 10737 10736
21061 2 0 10634 10635 10738
21062 2 0 10634 10738 10737
21063 2 0 10635 10636 10739
21064 2 0 10635 10739 10738
21065 2 0 10636 10637 10740
21066 2 0 10636 10740 10739
21067 2 0 10637 10638 10741
21068 2 0 10637 10741 10740
21069 2 0 10638 10639 10742
21070 2 0 10638 10742 10741
21071 2 0 10639 10640 10743
21072 2 0 10639 10743 10742
21073 2 0 10640 10641 10744
21074 2 0 10640 10744 10743
21075 2 0 10641 10642 10745
21076 2 0 10641 10745 10744
21077 2 0 10642 10643 10746
21078 2 0 10642 10746 10745
21079 2 0 10643 10644 10747
21080 2 0 10643 10747 10746
21081 2 0 10644 10645 10748
21082 2 0 10644 10748 10747
21083 2 0 10645 10646 10749
21084 2 0 10645 10749 10748
21085 2 0 10646 10647 10750
21086 2 0 10646 10750 10749
21087 2 0 10647 10648 10751
21088 2 0 10647 10751 10750
21089 2 0 10648 10649 10752
21090 2 0 10648 10752 10751
21091 2 0 10649 10650 10753
21092 2 0 10649 10753 10752
21093 2 0 10650 10651 10754
21094 2 0 10650 10754 10753
21095 2 0 10651 10652 10755
21096 2 0 10651 10755 10754
21097 2 0 10652 10653 10756
21098 2 0 10652 10756 10755
21099 2 0 10653 10654 10757
21100 2 0 10653 10757 10756
21101 2 0 10654 10655 10758
21102 2 0 10654 10758 10757
21103 2 0 10655 10656 10759
21104 2 0 10655 10759 10758
21105 2 0 10656 10657 10760
21106 2 0 10656 10760 10759
21107 2 0 10657 10658 10761
21108 2 0 10657 10761 10760
21109 2 0 10658 10659 10762
21110 2 0 10658 10762 10761
21111 2 0 10659 10660 10763
21112 2 0 10659 10763 10762
21113 2 0 10660 10661 10764
21114 2 0 10660 10764 10763
21115 2 0 10661 10662 10765
21116 2 0 10661 10765 10764
21117 2 0 10662 10663 10766
21118 2 0 10662 10766 10765
21119 2 0 10663 10664 10767
21120 2 0 10663 10767 10766
21121 2 0 10664 10665 10768
21122 2 0 10664 10768 10767
21123 2 0 10665 10666 10769
21124 2 0 10665 10769 10768
21125 2 0 10666 10667 10770
21126 2 0 10666 10770 10769
21127 2 0 10667 10668 10771
21128 2 0 10667 10771 10770
21129 2 0 10668 10669 10772
21130 2 0 10668 10772 10771
21131 2 0 10669 10670 10773
21132 2 0 10669 10773 10772
21133 2 0 10670 10671 10774
21134 2 0 10670 10774 10773
21135 2 0 10671 10672 10775
21136 2 0 10671 10775 10774
21137 2 0 10672 10673 10776
21138 2 0 10672 10776 10775
21139 2 0 10673 10674 10777
21140 2 0 10673 10777 10776
21141 2 0 10674 10675 10778
21142 2 0 10674 10778 10777
21143 2 0 10675 10676 10779
21144 2 0 10675 10779 10778
21145 2 0 10676 10677 10780
21146 2 0 10676 10780 10779
21147 2 0 10677 10678 10781
21148 2 0 10677 10781 10780
21149 2 0 10678 10679 10782
21150 2 0 10678 10782 10781
21151 2 0 10679 10680 10783
21152 2 0 10679 10783 10782
21153 2 0 10680 10681 10784
21154 2 0 10680 10784 10783
21155 2 0 10681 10682 10785
21156 2 0 10681 10785 10784
21157 2 0 10682 10683 10786
21158 2 0 10682 10786 10785
21159 2 0 10683 10684 10787
21160 2 0 10683 10787 10786
21161 2 0 10684 10685 10788
21162 2 0 10684 10788 10787
21163 2 0 10685 10686 10789
21164 2 0 10685 10789 10788
21165 2 0 10686 10687 10790
21166 2 0 10686 10790 10789
21167 2 0 10687 10688 10791
21168 2 0 10687 10791 10790
21169 2 0 10688 10689 10792
21170 2 0 10688 10792 10791
21171 2 0 10689 10690 10793
21172 2 0 10689 10793 10792
21173 2 0 10690 10691 10794
21174 2 0 10690 10794 10793
21175 2 0 10691 10692 10795
21176 2 0 10691 10795 10794
21177 2 0 10692 10693 10796
21178 2 0 10692 10796 10795
21179 2 0 10693 10694 10797
21180 2 0 10693 10797 10796
21181 2 0 10694 10695 10798
21182 2 0 10694 10798 10797
21183 2 0 10695 10696 10799
21184 2 0 10695 10799 10798
21185 2 0 10696 10697 10800
21186 2 0 10696 10800 10799
21187 2 0 10697 10698 10801
21188 2 0 10697 10801 10800
21189 2 0 10698 10699 10802
21190 2 0 10698 10802 10801
21191 2 0 10699 10700 10803
21192 2 0 10699 10803 10802
21193 2 0 10700 10701 10804
21194 2 0 10700 10804 10803
21195 2 0 10701 10702 10805
21196 2 0 10701 10805 10804
21197 2 0 10702 10703 10806
21198 2 0 10702 10806 10805
21199 2 0 10703 10704 10807
21200 2 0 10703 10807 10806
21201 2 0 10704 10705 10808
21202 2 0 10704 10808 10807
21203 2 0 10705 10706 10809
21204 2 0 10705 10809 10808
21205 2 0 10706 10707 10810
21206 2 0 10706 10810 10809
21207 2 0 10707 10708 10811
21208 2 0 10707 10811 10810
21209 2 0 10708 10709 10812
21210 2 0 10708 10812 10811
21211 2 0 10709 10710 10813
21212 2 0 10709 10813 10812
21213 2 0 10710 10711 10814
21214 2 0 10710 10814 10813
21215 2 0 10711 10712 10815
21216 2 0 10711 10815 10814
21217 2 0 10713 10714 10817
21218 2 0 10713 10817 10816
21219 2 0 10714 10715 10818
21220 2 0 10714 10818 10817
21221 2 0 10715 10716 10819
21222 2 0 10715 10819 10818
21223 2 0 10716 10717 10820
21224 2 0 10716 10820 10819
21225 2 0 10717 10718 10821
21226 2 0 10717 10821 10820
21227 2 0 10718 10719 10822
21228 2 0 10718 10822 10821
21229 2 0 10719 10720 10823
21230 2 0 10719 10823 10822
21231 2 0 10720 10721 10824
21232 2 0 10720 10824 10823
21233 2 0 10721 10722 10825
21234 2 0 10721 10825 10824
21235 2 0 10722 10723 10826
21236 2 0 10722 10826 10825
21237 2 0 10723 10724 10827
21238 2 0 10723 10827 10826
21239 2 0 10724 10725 10828
21240 2 0 10724 10828 10827
21241 2 0 10725 10726 10829
21242 2 0 10725 10829 10828
21243 2 0 10726 10727 10830
21244 2 0 10726 10830 10829
21245 2 0 10727 10728 10831
21246 2 0 10727 10831 10830
21247 2 0 10728 10729 10832
21248 2 0 10728 10832 10831
21249 2 0 10729 10730 10833
21250 2 0 10729 10833 10832
21251 2 0 10730 10731 10834
21252 2 0 10730 10834 10833
21253 2 0 10731 10732 10835
21254 2 0 10731 10835 10834
21255 2 0 10732 10733 10836
21256 2 0 10732 10836 10835
21257 2 0 10733 10734 10837
21258 2 0 10733 10837 10836
21259 2 0 10734 10735 10838
21260 2 0 10734 10838 10837
21261 2 0 10735 10736 10839
21262 2 0 10735 10839 10838
21263 2 0 10736 10737 10840
21264 2 0 10736 10840 10839
21265 2 0 10737 10738 10841
21266 2 0 10737 10841 10840
21267 2 0 10738 10739 10842
21268 2 0 10738 10842 10841
21269 2 0 10739 10740 10843
21270 2 0 10739 10843 10842
21271 2 0 10740 10741 10844
21272 2 0 10740 10844 10843
21273 2 0 10741 10742 10845
21274 2 0 10741 10845 10844
21275 2 0 10742 10743 10846
21276 2 0 10742 10846 10845
21277 2 0 10743 10744 10847
21278 2 0 10743 10847 10846
21279 2 0 10744 10745 10848
21280 2 0 10744 10848 10847
21281 2 0 10745 10746 10849
21282 2 0 10745 10849 10848
21283 2 0 10746 10747 10850
21284 2 0 10746 10850 10849
21285 2 0 10747 10748 10851
21286 2 0 10747 10851 10850
21287 2 0 10748 10749 10852
21288 2 0 10748 10852 10851
21289 2 0 10749 10750 10853
21290 2 0 10749 10853 10852
21291 2 0 10750 10751 10854
21292 2 0 10750 10854 10853
21293 2 0 10751 10752 10855
21294 2 0 10751 10855 10854
21295 2 0 10752 10753 10856
21296 2 0 10752 10856 10855
21297 2 0 10753 10754 10857
21298 2 0 10753 10857 10856
21299 2 0 10754 10755 10858
21300 2 0 10754 10858 10857
21301 2 0 10755 10756 10859
21302 2 0 10755 10859 10858
21303 2 0 10756 10757 10860
21304 2 0 10756 10860 10859
21305 2 0 10757 10758 10861
21306 2 0 10757 10861 10860
21307 2 0 10758 10759 10862
21308 2 0 10758 10862 10861
21309 2 0 10759 10760 10863
21310 2 0 10759 10863 10862
21311 2 0 10760 10761 10864
21312 2 0 10760 10864 10863
21313 2 0 10761 10762 10865
21314 2 0 10761 10865 10864
21315 2 0 10762 10763 10866
21316 2 0 10762 10866 10865
21317 2 0 10763 10764 10867
21318 2 0 10763 10867 10866
21319 2 0 10764 10765 10868
21320 2 0 10764 10868 10867
21321 2 0 10765 10766 10869
21322 2 0 10765 10869 10868
21323 2 0 10766 10767 10870
21324 2 0 10766 10870 10869
21325 2 0 10767 10768 10871
21326 2 0 10767 10871 10870
21327 2 0 10768 10769 10872
21328 2 0 10768 10872 10871
21329 2 0 10769 10770 10873
21330 2 0 10769 10873 10872
21331 2 0 10770 10771 10874
21332 2 0 10770 10874 10873
21333 2 0 10771 10772 10875
21334 2 0 10771 10875 10874
21335 2 0 10772 10773 10876
21336 2 0 10772 10876 10875
21337 2 0 10773 10774 10877
21338 2 0 10773 10877 10876
21339 2 0 10774 10775 10878
21340 2 0 10774 10878 10877
21341 2 0 10775 10776 10879
21342 2 0 10775 10879 10878
21343 2 0 10776 10777 10880
21344 2 0 10776 10880 10879
21345 2 0 10777 10778 10881
21346 2 0 10777 10881 10880
21347 2 0 10778 10779 10882
21348 2 0 10778 10882 10881
21349 2 0 10779 10780 10883
21350 2 0 10779 10883 10882
21351 2 0 10780 10781 10884
21352 2 0 10780 10884 10883
21353 2 0 10781 10782 10885
21354 2 0 10781 10885 10884
21355 2 0 10782 10783 10886
21356 2 0 10782 10886 10885
21357 2 0 10783 10784 10887
21358 2 0 10783 10887 10886
21359 2 0 10784 10785 10888
21360 2 0 10784 10888 10887
21361 2 0 10785 10786 10889
21362 2 0 10785 10889 10888
21363 2 0 10786 10787 10890
21364 2 0 10786 10890 10889
21365 2 0 10787 10788 10891
21366 2 0 10787 10891 10890
21367 2 0 10788 10789 10892
21368 2 0 10788 10892 10891
21369 2 0 10789 10790 10893
21370 2 0 10789 10893 10892
21371 2 0 10790 10791 10894
21372 2 0 10790 10894 10893
21373 2 0 10791 10792 10895
21374 2 0 10791 10895 10894
21375 2 0 10792 10793 10896
21376 2 0 10792 10896 10895
21377 2 0 10793 10794 10897
21378 2 0 10793 10897 10896
21379 2 0 10794 10795 10898
21380 2 0 10794 10898 10897
21381 2 0 10795 10796 10899
21382 2 0 10795 10899 10898
21383 2 0 10796 10797 10900
21384 2 0 10796 10900 10899
21385 2 0 10797 10798 10901
21386 2 0 10797 10901 10900
21387 2 0 10798 10799 10902
21388 2 0 10798 10902 10901
21389 2 0 10799 10800 10903
21390 2 0 10799 10903 10902
21391 2 0 10800 10801 10904
21392 2 0 10800 10904 10903
21393 2 0 10801 10802 10905
21394 2 0 10801 10905 10904
21395 2 0 10802 10803 10906
21396 2 0 10802 10906 10905
21397 2 0 10803 10804 10907
21398 2 0 10803 10907 10906
21399 2 0 10804 10805 10908
21400 2 0 10804 10908 10907
21401 2 0 10805 10806 10909
21402 2 0 10805 10909 10908
21403 2 0 10806 10807 10910
21404 2 0 10806 10910 10909
21405 2 0 10807 10808 10911
21406 2 0 10807 10911 10910
21407 2 0 10808 10809 10912
21408 2 0 10808 10912 10911
21409 2 0 10809 10810 10913
21410 2 0 10809 10913 10912
21411 2 0 10810 10811 10914
21412 2 0 10810 10914 10913
21413 2 0 10811 10812 10915
21414 2 0 10811 10915 10914
21415 2 0 10812 10813 10916
21416 2 0 10812 10916 10915
21417 2 0 10813 10814 10917
21418 2 0 10813 10917 10916
21419 2 0 10814 10815 10918
21420 2 0 10814 10918 10917
21421 2 0 10816 10817 10920
21422 2 0 10816 10920 10919
21423 2 0 10817 10818 10921
21424 2 0 10817 10921 10920
21425 2 0 10818 10819 10922
21426 2 0 10818 10922 10921
21427 2 0 10819 10820 10923
21428 2 0 10819 10923 10922
21429 2 0 10820 10821 10924
21430 2 0 10820 10924 10923
21431 2 0 10821 10822 10925
21432 2 0 10821 10925 10924
21433 2 0 10822 10823 10926
21434 2 0 10822 10926 10925
21435 2 0 10823 10824 10927
21436 2 0 10823 10927 10926
21437 2 0 10824 10825 10928
21438 2 0 10824 10928 10927
21439 2 0 10825 10826 10929
21440 2 0 10825 10929 10928
21441 2 0 10826 10827 10930
21442 2 0 10826 10930 10929
21443 2 0 10827 10828 10931
21444 2 0 10827 10931 10930
21445 2 0 10828 10829 10932
21446 2 0 10828 10932 10931
21447 2 0 10829 10830 10933
21448 2 0 10829 10933 10932
21449 2 0 10830 10831 10934
21450 2 0 10830 10934 10933
21451 2 0 10831 10832 10935
21452 2 0 10831 10935 10934
21453 2 0 10832 10833 10936
21454 2 0 10832 10936 10935
21455 2 0 10833 10834 10937
21456 2 0 10833 10937 10936
21457 2 0 10834 10835 10938
21458 2 0 10834 10938 10937
21459 2 0 10835 10836 10939
21460 2 0 10835 10939 10938
21461 2 0 10836 10837 10940
21462 2 0 10836 10940 10939
21463 2 0 10837 10838 10941
21464 2 0 10837 10941 10940
21465 2 0 10838 10839 10942
21466 2 0 10838 10942 10941
21467 2 0 10839 10840 10943
21468 2 0 10839 10943 10942
21469 2 0 10840 10841 10944
21470 2 0 10840 10944 10943
21471 2 0 10841 10842 10945
21472 2 0 10841 10945 10944
21473 2 0 10842 10843 10946
21474 2 0 10842 10946 10945
21475 2 0 10843 10844 10947
21476 2 0 10843 10947 10946
21477 2 0 10844 10845 10948
21478 2 0 10844 10948 10947
21479 2 0 10845 10846 10949
21480 2 0 10845 10949 10948
21481 2 0 10846 10847 10950
21482 2 0 10846 10950 10949
21483 2 0 10847 10848 10951
21484 2 0 10847 10951 10950
21485 2 0 10848 10849 10952
21486 2 0 10848 10952 10951
21487 2 0 10849 10850 10953
21488 2 0 10849 10953 10952
21489 2 0 10850 10851 10954
21490 2 0 10850 10954 10953
21491 2 0 10851 10852 10955
21492 2 0 10851 10955 10954
21493 2 0 10852 10853 10956
21494 2 0 10852 10956 10955
21495 2 0 10853 10854 10957
21496 2 0 10853 10957 10956
21497 2 0 10854 10855 10958
21498 2 0 10854 10958 10957
21499 2 0 10855 10856 10959
21500 2 0 10855 10959 10958
21501 2 0 10856 10857 10960
21502 2 0 10856 10960 10959
21503 2 0 10857 10858 10961
21504 2 0 10857 10961 10960
21505 2 0 10858 10859 10962
21506 2 0 10858 10962 10961
21507 2 0 10859 10860 10963
21508 2 0 10859 10963 10962
21509 2 0 10860 10861 10964
21510 2 0 10860 10964 10963
21511 2 0 10861 10862 10965
21512 2 0 10861 10965 10964
21513 2 0 10862 10863 10966
21514 2 0 10862 10966 10965
21515 2 0 10863 10864 10967
21516 2 0 10863 10967 10966
21517 2 0 10864 10865 10968
21518 2 0 10864 10968 10967
21519 2 0 10865 10866 10969
21520 2 0 10865 10969 10968
21521 2 0 10866 10867 10970
21522 2 0 10866 10970 10969
21523 2 0 10867 10868 10971
21524 2 0 10867 10971 10970
21525 2 0 10868 10869 10972
21526 2 0 10868 10972 10971
21527 2 0 10869 10870 10973
21528 2 0 10869 10973 10972
21529 2 0 10870 10871 10974
21530 2 0 10870 10974 10973
21531 2 0 10871 10872 10975
21532 2 0 10871 10975 10974
21533 2 0 10872 10873 10976
21534 2 0 10872 10976 10975
21535 2 0 10873 10874 10977
21536 2 0 10873 10977 10976
21537 2 0 10874 10875 10978
21538 2 0 10874 10978 10977
21539 2 0 10875 10876 10979
21540 2 0 10875 10979 10978
21541 2 0 10876 10877 10980
21542 2 0 10876 10980 10979
21543 2 0 10877 10878 10981
21544 2 0 10877 10981 10980
21545 2 0 10878 10879 10982
21546 2 0 10878 10982 10981
21547 2 0 10879 10880 10983
21548 2 0 10879 10983 10982
21549 2 0 10880 10881 10984
21550 2 0 10880 10984 10983
21551 2 0 10881 10882 10985
21552 2 0 10881 10985 10984
21553 2 0 10882 10883 10986
21554 2 0 10882 10986 10985
21555 2 0 10883 10884 10987
21556 2 0 10883 10987 10986
21557 2 0 10884 10885 10988
21558 2 0 10884 10988 10987
21559 2 0 10885 10886 10989
21560 2 0 10885 10989 10988
21561 2 0 10886 10887 10990
21562 2 0 10886 10990 10989
21563 2 0 10887 10888 10991
21564 2 0 10887 10991 10990
21565 2 0 10888 10889 10992
21566 2 0 10888 10992 10991
21567 2 0 10889 10890 10993
21568 2 0 10889 10993 10992
21569 2 0 10890 10891 10994
21570 2 0 10890 10994 10993
21571 2 0 10891 10892 10995
21572 2 0 10891 10995 10994
21573 2 0 10892 10893 10996
21574 2 0 10892 10996 10995
21575 2 0 10893 10894 10997
21576 2 0 10893 10997 10996
21577 2 0 10894 10895 10998
21578 2 0 10894 10998 10997
21579 2 0 10895 10896 10999
21580 2 0 10895 10999 10998
21581 2 0 10896 10897 11000
21582 2 0 10896 11000 10999
21583 2 0 10897 10898 11001
21584 2 0 10897 11001 11000
21585 2 0 10898 10899 11002
21586 2 0 10898 11002 11001
21587 2 0 10899 10900 11003
21588 2 0 10899 11003 11002
21589 2 0 10900 10901 11004
21590 2 0 10900 11004 11003
21591 2 0 10901 10902 11005
21592 2 0 10901 11005 11004
21593 2 0 10902 10903 11006
21594 2 0 10902 11006 11005
21595 2 0 10903 10904 11007
21596 2 0 10903 11007 11006
21597 2 0 10904 10905 11008
21598 2 0 10904 11008 11007
21599 2 0 10905 10906 11009
21600 2 0 10905 11009 11008
21601 2 0 10906 10907 11010
21602 2 0 10906 11010 11009
21603 2 0 10907 10908 11011
21604 2 0 10907 11011 11010
21605 2 0 10908 10909 11012
21606 2 0 10908 11012 11011
21607 2 0 10909 10910 11013
21608 2 0 10909 11013 11012
21609 2 0 10910 10911 11014
21610 2 0 10910 11014 11013
21611 2 0 10911 10912 11015
21612 2 0 10911 11015 11014
21613 2 0 10912 10913 11016
21614 2 0 10912 11016 11015
21615 2 0 10913 10914 11017
21616 2 0 10913 11017 11016
21617 2 0 10914 10915 11018
21618 2 0 10914 11018 11017
21619 2 0 10915 10916 11019
21620 2 0 10915 11019 11018
21621 2 0 10916 10917 11020
21622 2 0 10916 11020 11019
21623 2 0 10917 10918 11021
21624 2 0 10917 11021 11020
21625 2 0 10919 10920 11023
21626 2 0 10919 11023 11022
21627 2 0 10920 10921 11024
21628 2 0 10920 11024 11023
21629 2 0 10921 10922 11025
21630 2 0 10921 11025 11024
21631 2 0 10922 10923 11026
21632 2 0 10922 11026 11025
21633 2 0 10923 10924 11027
21634 2 0 10923 11027 11026
21635 2 0 10924 10925 11028
21636 2 0 10924 11028 11027
21637 2 0 10925 10926 11029
21638 2 0 10925 11029 11028
21639 2 0 10926 10927 11030
21640 2 0 10926 11030 11029
21641 2 0 10927 10928 11031
21642 2 0 10927 11031 11030
21643 2 0 10928 10929 11032
21644 2 0 10928 11032 11031
21645 2 0 10929 10930 11033
21646 2 0 10929 11033 11032
21647 2 0 10930 10931 11034
21648 2 0 10930 11034 11033
21649 2 0 10931 10932 11035
21650 2 0 10931 11035 11034
21651 2 0 10932 10933 11036
21652 2 0 10932 11036 11035
21653 2 0 10933 10934 11037
21654 2 0 10933 11037 11036
21655 2 0 10934 10935 11038
21656 2 0 10934 11038 11037
21657 2 0 10935 10936 11039
21658 2 0 10935 11039 11038
21659 2 0 10936 10937 11040
21660 2 0 10936 11040 11039
21661 2 0 10937 10938 11041
21662 2 0 10937 11041 11040
21663 2 0 10938 10939 11042
21664 2 0 10938 11042 11041
21665 2 0 10939 10940 11043
21666 2 0 10939 11043 11042
21667 2 0 10940 10941 11044
21668 2 0 10940 11044 11043
21669 2 0 10941 10942 11045
21670 2 0 10941 11045 11044
21671 2 0 10942 10943 11046
21672 2 0 10942 11046 11045
21673 2 0 10943 10944 11047
21674 2 0 10943 11047 11046
21675 2 0 10944 10945 11048
21676 2 0 10944 11048 11047
21677 2 0 10945 10946 11049
21678 2 0 10945 11049 11048
21679 2 0 10946 10947 11050
21680 2 0 10946 11050 11049
21681 2 0 10947 10948 11051
21682 2 0 10947 11051 11050
21683 2 0 10948 10949 11052
21684 2 0 10948 11052 11051
21685 2 0 10949 10950 11053
21686 2 0 10949 11053 11052
21687 2 0 10950 10951 11054
21688 2 0 10950 11054 11053
21689 2 0 10951 10952 11055
21690 2 0 10951 11055 11054
21691 2 0 10952 10953 11056
21692 2 0 10952 11056 11055
21693 2 0 10953 10954 11057
21694 2 0 10953 11057 11056
21695 2 0 10954 10955 11058
21696 2 0 10954 11058 11057
21697 2 0 10955 10956 11059
21698 2 0 10955 11059 11058
21699 2 0 10956 10957 11060
21700 2 0 10956 11060 11059
21701 2 0 10957 10958 11061
21702 2 0 10957 11061 11060
21703 2 0 10958 10959 11062
21704 2 0 10958 11062 11061
21705 2 0 10959 10960 11063
21706 2 0 10959 11063 11062
21707 2 0 10960 10961 11064
21708 2 0 10960 11064 11063
21709 2 0 10961 10962 11065
21710 2 0 10961 11065 11064
21711 2 0 10962 10963 11066
21712 2 0 10962 11066 11065
21713 2 0 10963 10964 11067
21714 2 0 10963 11067 11066
21715 2 0 10964 10965 11068
21716 2 0 10964 11068 11067
21717 2 0 10965 10966 11069
21718 2 0 10965 11069 11068
21719 2 0 10966 10967 11070
21720 2 0 10966 11070 11069
21721 2 0 10967 10968 11071
21722 2 0 10967 11071 11070
21723 2 0 10968 10969 11072
21724 2 0 10968 11072 11071
21725 2 0 10969 10970 11073
21726 2 0 10969 11073 11072
21727 2 0 10970 10971 11074
21728 2 0 10970 11074 11073
21729 2 0 10971 10972 11075
21730 2 0 10971 11075 11074
21731 2 0 10972 10973 11076
21732 2 0 10972 11076 11075
21733 2 0 10973 10974 11077
21734 2 0 10973 11077 11076
21735 2 0 10974 10975 11078
21736 2 0 10974 11078 11077
21737 2 0 10975 10976 11079
21738 2 0 10975 11079 11078
21739 2 0 10976 10977 11080
21740 2 0 10976 11080 11079
21741 2 0 10977 10978 11081
21742 2 0 10977 11081 11080
21743 2 0 10978 10979 11082
21744 2 0 10978 11082 11081
21745 2 0 10979 10980 11083
21746 2 0 10979 11083 11082
21747 2 0 10980 10981 11084
21748 2 0 10980 11084 11083
21749 2 0 10981 10982 11085
21750 2 0 10981 11085 11084
21751 2 0 10982 10983 11086
21752 2 0 10982 11086 11085
21753 2 0 10983 10984 11087
21754 2 0 10983 11087 11086
21755 2 0 10984 10985 11088
21756 2 0 10984 11088 11087
21757 2 0 10985 10986 11089
21758 2 0 10985 11089 11088
21759 2 0 10986 10987 11090
21760 2 0 10986 11090 11089
21761 2 0 10987 10988 11091
21762 2 0 10987 11091 11090
21763 2 0 10988 10989 11092
21764 2 0 10988 11092 11091
21765 2 0 10989 10990 11093
21766 2 0 10989 11093 11092
21767 2 0 10990 10991 11094
21768 2 0 10990 11094 11093
21769 2 0 10991 10992 11095
21770 2 0 10991 11095 11094
21771 2 0 10992 10993 11096
21772 2 0 10992 11096 11095
21773 2 0 10993 10994 11097
21774 2 0 10993 11097 11096
21775 2 0 10994 10995 11098
21776 2 0 10994 11098 11097
21777 2 0 10995 10996 11099
21778 2 0 10995 11099 11098
21779 2 0 10996 10997 11100
21780 2 0 10996 11100 11099
21781 2 0 10997 10998 11101
21782 2 0 10997 11101 11100
21783 2 0 10998 10999 11102
21784 2 0 10998 11102 11101
21785 2 0 10999 11000 11103
21786 2 0 10999 11103 11102
21787 2 0 11000 11001 11104
21788 2 0 11000 11104 11103
21789 2 0 11001 11002 11105
21790 2 0 11001 11105 11104
21791 2 0 11002 11003 11106
21792 2 0 11002 11106 11105
21793 2 0 11003 11004 11107
21794 2 0 11003 11107 11106
21795 2 0 11004 11005 11108
21796 2 0 11004 11108 11107
21797 2 0 11005 11006 11109
21798 2 0 11005 11109 11108
21799 2 0 11006 11007 11110
21800 2 0 11006 11110 11109
21801 2 0 11007 11008 11111
21802 2 0 11007 11111 11110
21803 2 0 11008 11009 11112
21804 2 0 11008 11112 11111
21805 2 0 11009 11010 11113
21806 2 0 11009 11113 11112
21807 2 0 11010 11011 11114
21808 2 0 11010 11114 11113
21809 2 0 11011 11012 11115
21810 2 0 11011 11115 11114
21811 2 0 11012 11013 11116
21812 2 0 11012 11116 11115
21813 2 0 11013 11014 11117
21814 2 0 11013 11117 11116
21815 2 0 11014 11015 11118
21816 2 0 11014 11118 11117
21817 2 0 11015 11016 11119
21818 2 0 11015 11119 11118
21819 2 0 11016 11017 11120
21820 2 0 11016 11120 11119
21821 2 0 11017 11018 11121
21822 2 0 11017 11121 11120
21823 2 0 11018 11019 11122
21824 2 0 11018 11122 11121
21825 2 0 11019 11020 11123
21826 2 0 11019 11123 11122
21827 2 0 11020 11021 11124
21828 2 0 11020 11124 11123
21829 2 0 11022 11023 11126
21830 2 0 11022 11126 11125
21831 2 0 11023 11024 11127
21832 2 0 11023 11127 11126
21833 2 0 11024 11025 11128
21834 2 0 11024 11128 11127
21835 2 0 11025 11026 11129
21836 2 0 11025 11129 11128
21837 2 0 11026 11027 11130
21838 2 0 11026 11130 11129
21839 2 0 11027 11028 11131
21840 2 0 11027 11131 11130
21841 2 0 11028 11029 11132
21842 2 0 11028 11132 11131
21843 2 0 11029 11030 11133
21844 2 0 11029 11133 11132
21845 2 0 11030 11031 11134
21846 2 0 11030 11134 11133
21847 2 0 11031 11032 11135
21848 2 0 11031 11135 11134
21849 2 0 11032 11033 11136
21850 2 0 11032 11136 11135
21851 2 0 11033 11034 11137
21852 2 0 11033 11137 11136
21853 2 0 11034 11035 11138
21854 2 0 11034 11138 11137
21855 2 0 11035 11036 11139
21856 2 0 11035 11139 11138
21857 2 0 11036 11037 11140
21858 2 0 11036 11140 11139
21859 2 0 11037 11038 11141
21860 2 0 11037 11141 11140
21861 2 0 11038 11039 11142
21862 2 0 11038 11142 11141
21863 2 0 11039 11040 11143
21864 2 0 11039 11143 11142
21865 2 0 11040 11041 11144
21866 2 0 11040 11144 11143
21867 2 0 11041 11042 11145
21868 2 0 11041 11145 11144
21869 2 0 11042 11043 11146
21870 2 0 11042 11146 11145
21871 2 0 11043 11044 11147
21872 2 0 11043 11147 11146
21873 2 0 11044 11045 11148
21874 2 0 11044 11148 11147
21875 2 0 11045 11046 11149
21876 2 0 11045 11149 11148
21877 2 0 11046 11047 11150
21878 2 0 11046 11150 11149
21879 2 0 11047 11048 11151
21880 2 0 11047 11151 11150
21881 2 0 11048 11049 11152
21882 2 0 11048 11152 11151
21883 2 0 11049 11050 11153
21884 2 0 11049 11153 11152
21885 2 0 11050 11051 11154
21886 2 0 11050 11154 11153
21887 2 0 11051 11052 11155
21888 2 0 11051 11155 11154
21889 2 0 11052 11053 11156
21890 2 0 11052 11156 11155
21891 2 0 11053 11054 11157
21892 2 0 11053 11157 11156
21893 2 0 11054 11055 11158
21894 2 0 11054 11158 11157
21895 2 0 11055 11056 11159
21896 2 0 11055 11159 11158
21897 2 0 11056 11057 11160
21898 2 0 11056 11160 11159
21899 2 0 11057 11058 11161
21900 2 0 11057 11161 11160
21901 2 0 11058 11059 11162
21902 2 0 11058 11162 11161
21903 2 0 11059 11060 11163
21904 2 0 11059 11163 11162
21905 2 0 11060 11061 11164
21906 2 0 11060 11164 11163
21907 2 0 11061 11062 11165
21908 2 0 11061 11165 11164
21909 2 0 11062 11063 11166
21910 2 0 11062 11166 11165
21911 2 0 11063 11064 11167
21912 2 0 11063 11167 11166
21913 2 0 11064 11065 11168
21914 2 0 11064 11168 11167
21915 2 0 11065 11066 11169
21916 2 0 11065 11169 11168
21917 2 0 11066 11067 11170
21918 2 0 11066 11170 11169
21919 2 0 11067 11068 11171
21920 2 0 11067 11171 11170
21921 2 0 11068 11069 11172
21922 2 0 11068 11172 11171
21923 2 0 11069 11070 11173
21924 2 0 11069 11173 11172
21925 2 0 11070 11071 11174
21926 2 0 11070 11174 11173
21927 2 0 11071 11072 11175
21928 2 0 11071 11175 11174
21929 2 0 11072 11073 11176
21930 2 0 11072 11176 11175
21931 2 0 11073 11074 11177
21932 2 0 11073 11177 11176
21933 2 0 11074 11075 11178
21934 2 0 11074 11178 11177
21935 2 0 11075 11076 11179
21936 2 0 11075 11179 11178
21937 2 0 11076 11077 11180
21938 2 0 11076 11180 11179
21939 2 0 11077 11078 11181
21940 2 0 11077 11181 11180
21941 2 0 11078 11079 11182
21942 2 0 11078 11182 11181
21943 2 0 11079 11080 11183
21944 2 0 11079 11183 11182
21945 2 0 11080 11081 11184
21946 2 0 11080 11184 11183
21947 2 0 11081 11082 11185
21948 2 0 11081 11185 11184
21949 2 0 11082 11083 11186
21950 2 0 11082 11186 11185
21951 2 0 11083 11084 11187
21952 2 0 11083 11187 11186
21953 2 0 11084 11085 11188
21954 2 0 11084 11188 11187
21955 2 0 11085 11086 11189
21956 2 0 11085 11189 11188
21957 2 0 11086 11087 11190
21958 2 0 11086 11190 11189
21959 2 0 11087 11088 11191
21960 2 0 11087 11191 11190
21961 2 0 11088 11089 11192
21962 2 0 11088 11192 11191
21963 2 0 11089 11090 11193
21964 2 0 11089 11193 11192
21965 2 0 11090 11091 11194
21966 2 0 11090 11194 11193
21967 2 0 11091 11092 11195
21968 2 0 11091 11195 11194
21969 2 0 11092 11093 11196
21970 2 0 11092 11196 11195
21971 2 0 11093 11094 11197
21972 2 0 11093 11197 11196
21973 2 0 11094 11095 11198
21974 2 0 11094 11198 11197
21975 2 0 11095 11096 11199
21976 2 0 11095 11199 11198
21977 2 0 11096 11097 11200
21978 2 0 11096 11200 11199
21979 2 0 11097 11098 11201
21980 2 0 11097 11201 11200
21981 2 0 11098 11099 11202
21982 2 0 11098 11202 11201
21983 2 0 11099 11100 11203
21984 2 0 11099 11203 11202
21985 2 0 11100 11101 11204
21986 2 0 11100 11204 11203
21987 2 0 11101 11102 11205
21988 2 0 11101 11205 11204
21989 2 0 11102 11103 11206
21990 2 0 11102 11206 11205
21991 2 0 11103 11104 11207
21992 2 0 11103 11207 11206
21993 2 0 11104 11105 11208
21994 2 0 11104 11208 11207
21995 2 0 11105 11106 11209
21996 2 0 11105 11209 11208
21997 2 0 11106 11107 11210
21998 2 0 11106 11210 11209
21999 2 0 11107 11108 11211
22000 2 0 11107 11211 11210
22001 2 0 11108 11109 11212
22002 2 0 11108 11212 11211
22003 2 0 11109 11110 11213
22004 2 0 11109 11213 11212
22005 2 0 11110 11111 11214
22006 2 0 11110 11214 11213
22007 2 0 11111 11112 11215
22008 2 0 11111 11215 11214
22009 2 0 11112 11113 11216
22010 2 0 11112 11216 11215
22011 2 0 11113 11114 11217
22012 2 0 11113 11217 11216
22013 2 0 11114 11115 11218
22014 2 0 11114 11218 11217
22015 2 0 11115 11116 11219
22016 2 0 11115 11219 11218
22017 2 0 11116 11117 11220
22018 2 0 11116 11220 11219
22019 2 0 11117 11118 11221
22020 2 0 11117 11221 11220
22021 2 0 11118 11119 11222
22022 2 0 11118 11222 11221
22023 2 0 11119 11120 11223
22024 2 0 11119 11223 11222
22025 2 0 11120 11121 11224
22026 2 0 11120 11224 11223
22027 2 0 11121 11122 11225
22028 2 0 11121 11225 11224
22029 2 0 11122 11123 11226
22030 2 0 11122 11226 11225
22031 2 0 11123 11124 11227
22032 2 0 11123 11227 11226
22033 2 0 11125 11126 11229
22034 2 0 11125 11229 11228
22035 2 0 11126 11127 11230
22036 2 0 11126 11230 11229
22037 2 0 11127 11128 11231
22038 2 0 11127 11231 11230
22039 2 0 11128 11129 11232
22040 2 0 11128 11232 11231
22041 2 0 11129 11130 11233
22042 2 0 11129 11233 11232
22043 2 0 11130 11131 11234
22044 2 0 11130 11234 11233
22045 2 0 11131 11132 11235
22046 2 0 11131 11235 11234
22047 2 0 11132 11133 11236
22048 2 0 11132 11236 11235
22049 2 0 11133 11134 11237
22050 2 0 11133 11237 11236
22051 2 0 11134 11135 11238
22052 2 0 11134 11238 11237
22053 2 0 11135 11136 11239
22054 2 0 11135 11239 11238
22055 2 0 11136 11137 11240
22056 2 0 11136 11240 11239
22057 2 0 11137 11138 11241
22058 2 0 11137 11241 11240
22059 2 0 11138 11139 11242
22060 2 0 11138 11242 11241
22061 2 0 11139 11140 11243
22062 2 0 11139 11243 11242
22063 2 0 11140 11141 11244
22064 2 0 11140 11244 11243
22065 2 0 11141 11142 11245
22066 2 0 11141 11245 11244
22067 2 0 11142 11143 11246
22068 2 0 11142 11246 11245
22069 2 0 11143 11144 11247
22070 2 0 11143 11247 11246
22071 2 0 11144 11145 11248
22072 2 0 11144 11248 11247
22073 2 0 11145 11146 11249
22074 2 0 11145 11249 11248
22075 2 0 11146 11147 11250
22076 2 0 11146 11250 11249
22077 2 0 11147 11148 11251
22078 2 0 11147 11251 11250
22079 2 0 11148 11149 11252
22080 2 0 11148 11252 11251
22081 2 0 11149 11150 11253
22082 2 0 11149 11253 11252
22083 2 0 11150 11151 11254
22084 2 0 11150 11254 11253
22085 2 0 11151 11152 11255
22086 2 0 11151 11255 11254
22087 2 0 11152 11153 11256
22088 2 0 11152 11256 11255
22089 2 0 11153 11154 11257
22090 2 0 11153 11257 11256
22091 2 0 11154 11155 11258
22092 2 0 11154 11258 11257
22093 2 0 11155 11156 11259
22094 2 0 11155 11259 11258
22095 2 0 11156 11157 11260
22096 2 0 11156 11260 11259
22097 2 0 11157 11158 11261
22098 2 0 11157 11261 11260
22099 2 0 11158 11159 11262
22100 2 0 11158 11262 11261
22101 2 0 11159 11160 11263
22102 2 0 11159 11263 11262
22103 2 0 11160 11161 11264
22104 2 0 11160 11264 11263
22105 2 0 11161 11162 11265
22106 2 0 11161 11265 11264
22107 2 0 11162 11163 11266
22108 2 0 11162 11266 11265
22109 2 0 11163 11164 11267
22110 2 0 11163 11267 11266
22111 2 0 11164 11165 11268
22112 2 0 11164 11268 11267
22113 2 0 11165 11166 11269
22114 2 0 11165 11269 11268
22115 2 0 11166 11167 11270
22116 2 0 11166 11270 11269
22117 2 0 11167 11168 11271
22118 2 0 11167 11271 11270
22119 2 0 11168 11169 11272
22120 2 0 11168 11272 11271
22121 2 0 11169 11170 11273
22122 2 0 11169 11273 11272
22123 2 0 11170 11171 11274
22124 2 0 11170 11274 11273
22125 2 0 11171 11172 11275
22126 2 0 11171 11275 11274
22127 2 0 11172 11173 11276
22128 2 0 11172 11276 11275
22129 2 0 11173 11174 11277
22130 2 0 11173 11277 11276
22131 2 0 11174 11175 11278
22132 2 0 11174 11278 11277
22133 2 0 11175 11176 11279
22134 2 0 11175 11279 11278
22135 2 0 11176 11177 11280
22136 2 0 11176 11280 11279
22137 2 0 11177 11178 11281
22138 2 0 11177 11281 11280
22139 2 0 11178 11179 11282
22140 2 0 11178 11282 11281
22141 2 0 11179 11180 11283
22142 2 0 11179 11283 11282
22143 2 0 11180 11181 11284
22144 2 0 11180 11284 11283
22145 2 0 11181 11182 11285
22146 2 0 11181 11285 11284
22147 2 0 11182 11183 11286
22148 2 0 11182 11286 11285
22149 2 0 11183 11184 11287
22150 2 0 11183 11287 11286
22151 2 0 11184 11185 11288
22152 2 0 11184 11288 11287
22153 2 0 11185 11186 11289
22154 2 0 11185 11289 11288
22155 2 0 11186 11187 11290
22156 2 0 11186 11290 11289
22157 2 0 11187 11188 11291
22158 2 0 11187 11291 11290
22159 2 0 11188 11189 11292
22160 2 0 11188 11292 11291
22161 2 0 11189 11190 11293
22162 2 0 11189 11293 11292
22163 2 0 11190 11191 11294
22164 2 0 11190 11294 11293
22165 2 0 11191 11192 11295
22166 2 0 11191 11295 11294
22167 2 0 11192 11193 11296
22168 2 0 11192 11296 11295
22169 2 0 11193 11194 11297
22170 2 0 11193 11297 11296
22171 2 0 11194 11195 11298
22172 2 0 11194 11298 11297
22173 2 0 11195 11196 11299
22174 2 0 11195 11299 11298
22175 2 0 11196 11197 11300
22176 2 0 11196 11300 11299
22177 2 0 11197 11198 11301
22178 2 0 11197 11301 11300
22179 2 0 11198 11199 11302
22180 2 0 11198 11302 11301
22181 2 0 11199 11200 11303
22182 2 0 11199 11303 11302
22183 2 0 11200 11201 11304
22184 2 0 11200 11304 11303
22185 2 0 11201 11202 11305
22186 2 0 11201 11305 11304
22187 2 0 11202 11203 11306
22188 2 0 11202 11306 11305
22189 2 0 11203 11204 11307
22190 2 0 11203 11307 11306
22191 2 0 11204 11205 11308
22192 2 0 11204 11308 11307
22193 2 0 11205 11206 11309
22194 2 0 11205 11309 11308
22195 2 0 11206 11207 11310
22196 2 0 11206 11310 11309
22197 2 0 11207 11208 11311
22198 2 0 11207 11311 11310
22199 2 0 11208 11209 11312
22200 2 0 11208 11312 11311
22201 2 0 11209 11210 11313
22202 2 0 11209 11313 11312
22203 2 0 11210 11211 11314
22204 2 0 11210 11314 11313
22205 2 0 11211 11212 11315
22206 2 0 11211 11315 11314
22207 2 0 11212 11213 11316
22208 2 0 11212 11316 11315
22209 2 0 11213 11214 11317
22210 2 0 11213 11317 11316
22211 2 0 11214 11215 11318
22212 2 0 11214 11318 11317
22213 2 0 11215 11216 11319
22214 2 0 11215 11319 11318
22215 2 0 11216 11217 11320
22216 2 0 11216 11320 11319
22217 2 0 11217 11218 11321
22218 2 0 11217 11321 11320
22219 2 0 11218 11219 11322
22220 2 0 11218 11322 11321
22221 2 0 11219 11220 11323
22222 2 0 11219 11323 11322
22223 2 0 11220 11221 11324
22224 2 0 11220 11324 11323
22225 2 0 11221 11222 11325
22226 2 0 11221 11325 11324
22227 2 0 11222 11223 11326
22228 2 0 11222 11326 11325
22229 2 0 11223 11224 11327
22230 2 0 11223 11327 11326
22231 2 0 11224 11225 11328
22232 2 0 11224 11328 11327
22233 2 0 11225 11226 11329
22234 2 0 11225 11329 11328
22235 2 0 11226 11227 11330
22236 2 0 11226 11330 11329
22237 2 0 11228 11229 11332
22238 2 0 11228 11332 11331
22239 2 0 11229 11230 11333
22240 2 0 11229 11333 11332
22241 2 0 11230 11231 11334
22242 2 0 11230 11334 11333
22243 2 0 11231 11232 11335
22244 2 0 11231 11335 11334
22245 2 0 11232 11233 11336
22246 2 0 11232 11336 11335
22247 2 0 11233 11234 11337
22248 2 0 11233 11337 11336
22249 2 0 11234 11235 11338
22250 2 0 11234 11338 11337
22251 2 0 11235 11236 11339
22252 2 0 11235 11339 11338
22253 2 0 11236 11237 11340
22254 2 0 11236 11340 11339
22255 2 0 11237 11238 11341
22256 2 0 11237 11341 11340
22257 2 0 11238 11239 11342
22258 2 0 11238 11342 11341
22259 2 0 11239 11240 11343
22260 2 0 11239 11343 11342
22261 2 0 11240 11241 11344
22262 2 0 11240 11344 11343
22263 2 0 11241 11242 11345
22264 2 0 11241 11345 11344
22265 2 0 11242 11243 11346
22266 2 0 11242 11346 11345
22267 2 0 11243 11244 11347
22268 2 0 11243 11347 11346
22269 2 0 11244 11245 11348
22270 2 0 11244 11348 11347
22271 2 0 11245 11246 11349
22272 2 0 11245 11349 11348
22273 2 0 11246 11247 11350
22274 2 0 11246 11350 11349
22275 2 0 11247 11248 11351
22276 2 0 11247 11351 11350
22277 2 0 11248 11249 11352
22278 2 0 11248 11352 11351
22279 2 0 11249 11250 11353
22280 2 0 11249 11353 11352
22281 2 0 11250 11251 11354
22282 2 0 11250 11354 11353
22283 2 0 11251 11252 11355
22284 2 0 11251 11355 11354
22285 2 0 11252 11253 11356
22286 2 0 11252 11356 11355
22287 2 0 11253 11254 11357
22288 2 0 11253 11357 11356
22289 2 0 11254 11255 11358
22290 2 0 11254 11358 11357
22291 2 0 11255 11256 11359
22292 2 0 11255 11359 11358
22293 2 0 11256 11257 11360
22294 2 0 11256 11360 11359
22295 2 0 11257 11258 11361
22296 2 0 11257 11361 11360
22297 2 0 11258 11259 11362
22298 2 0 11258 11362 11361
22299 2 0 11259 11260 11363
22300 2 0 11259 11363 11362
22301 2 0 11260 11261 11364
22302 2 0 11260 11364 11363
22303 2 0 11261 11262 11365
22304 2 0 11261 11365 11364
22305 2 0 11262 11263 11366
22306 2 0 11262 11366 11365
22307 2 0 11263 11264 11367
22308 2 0 11263 11367 11366
22309 2 0 11264 11265 11368
22310 2 0 11264 11368 11367
22311 2 0 11265 11266 11369
22312 2 0 11265 11369 11368
22313 2 0 11266 11267 11370
22314 2 0 11266 11370 11369
22315 2 0 11267 11268 11371
22316 2 0 11267 11371 11370
22317 2 0 11268 11269 11372
22318 2 0 11268 11372 11371
22319 2 0 11269 11270 11373
22320 2 0 11269 11373 11372
22321 2 0 11270 11271 11374
22322 2 0 11270 11374 11373
22323 2 0 11271 11272 11375
22324 2 0 11271 11375 11374
22325 2 0 11272 11273 11376
22326 2 0 11272 11376 11375
22327 2 0 11273 11274 11377
22328 2 0 11273 11377 11376
22329 2 0 11274 11275 11378
22330 2 0 11274 11378 11377
22331 2 0 11275 11276 11379
22332 2 0 11275 11379 11378
22333 2 0 11276 11277 11380
22334 2 0 11276 11380 11379
22335 2 0 11277 11278 11381
22336 2 0 11277 11381 11380
22337 2 0 11278 11279 11382
22338 2 0 11278 11382 11381
22339 2 0 11279 11280 11383
22340 2 0 11279 11383 11382
22341 2 0 11280 11281 11384
22342 2 0 11280 11384 11383
22343 2 0 11281 11282 11385
22344 2 0 11281 11385 11384
22345 2 0 11282 11283 11386
22346 2 0 11282 11386 11385
22347 2 0 11283 11284 11387
22348 2 0 11283 11387 11386
22349 2 0 11284 11285 11388
22350 2 0 11284 11388 11387
22351 2 0 11285 11286 11389
22352 2 0 11285 11389 11388
22353 2 0 11286 11287 11390
22354 2 0 11286 11390 11389
22355 2 0 11287 11288 11391
22356 2 0 11287 11391 11390
22357 2 0 11288 11289 11392
22358 2 0 11288 11392 11391
22359 2 0 11289 11290 11393
22360 2 0 11289 11393 11392
22361 2 0 11290 11291 11394
22362 2 0 11290 11394 11393
22363 2 0 11291 11292 11395
22364 2 0 11291 11395 11394
22365 2 0 11292 11293 11396
22366 2 0 11292 11396 11395
22367 2 0 11293 11294 11397
22368 2 0 11293 11397 11396
22369 2 0 11294 11295 11398
22370 2 0 11294 11398 11397
22371 2 0 11295 11296 11399
22372 2 0 11295 11399 11398
22373 2 0 11296 11297 11400
22374 2 0 11296 11400 11399
22375 2 0 11297 11298 11401
22376 2 0 11297 11401 11400
22377 2 0 11298 11299 11402
22378 2 0 11298 11402 11401
22379 2 0 11299 11300 11403
22380 2 0 11299 11403 11402
22381 2 0 11300 11301 11404
22382 2 0 11300 11404 11403
22383 2 0 11301 11302 11405
22384 2 0 11301 11405 11404
22385 2 0 11302 11303 11406
22386 2 0 11302 11406 11405
22387 2 0 11303 11304 11407
22388 2 0 11303 11407 11406
22389 2 0 11304 11305 11408
22390 2 0 11304 11408 11407
22391 2 0 11305 11306 11409
22392 2 0 11305 11409 11408
22393 2 0 11306 11307 11410
22394 2 0 11306 11410 11409
22395 2 0 11307 11308 11411
22396 2 0 11307 11411 11410
22397 2 0 11308 11309 11412
22398 2 0 11308 11412 11411
22399 2 0 11309 11310 11413
22400 2 0 11309 11413 11412
22401 2 0 11310 11311 11414
22402 2 0 11310 11414 11413
22403 2 0 11311 11312 11415
22404 2 0 11311 11415 11414
22405 2 0 11312 11313 11416
22406 2 0 11312 11416 11415
22407 2 0 11313 11314 11417
22408 2 0 11313 11417 11416
22409 2 0 11314 11315 11418
22410 2 0 11314 11418 11417
22411 2 0 11315 11316 11419
22412 2 0 11315 11419 11418
22413 2 0 11316 11317 11420
22414 2 0 11316 11420 11419
22415 2 0 11317 11318 11421
22416 2 0 11317 11421 11420
22417 2 0 11318 11319 11422
22418 2 0 11318 11422 11421
22419 2 0 11319 11320 11423
22420 2 0 11319 11423 11422
22421 2 0 11320 11321 11424
22422 2 0 11320 11424 11423
22423 2 0 11321 11322 11425
22424 2 0 11321 11425 11424
22425 2 0 11322 11323 11426
22426 2 0 11322 11426 11425
22427 2 0 11323 11324 11427
22428 2 0 11323 11427 11426
22429 2 0 11324 11325 11428
22430 2 0 11324 11428 11427
22431 2 0 11325 11326 11429
22432 2 0 11325 11429 11428
22433 2 0 11326 11327 11430
22434 2 0 11326 11430 11429
22435 2 0 11327 11328 11431
22436 2 0 11327 11431 11430
22437 2 0 11328 11329 11432
22438 2 0 11328 11432 11431
22439 2 0 11329 11330 11433
22440 2 0 11329 11433 11432
22441 2 0 11331 11332 11435
22442 2 0 11331 11435 11434
22443 2 0 11332 11333 11436
22444 2 0 11332 11436 11435
22445 2 0 11333 11334 11437
22446 2 0 11333 11437 11436
22447 2 0 11334 11335 11438
22448 2 0 11334 11438 11437
22449 2 0 11335 11336 11439
22450 2 0 11335 11439 11438
22451 2 0 11336 11337 11440
22452 2 0 11336 11440 11439
22453 2 0 11337 11338 11441
22454 2 0 11337 11441 11440
22455 2 0 11338 11339 11442
22456 2 0 11338 11442 11441
22457 2 0 11339 11340 11443
22458 2 0 11339 11443 11442
22459 2 0 11340 11341 11444
22460 2 0 11340 11444 11443
22461 2 0 11341 11342 11445
22462 2 0 11341 11445 11444
22463 2 0 11342 11343 11446
22464 2 0 11342 11446 11445
22465 2 0 11343 11344 11447
22466 2 0 11343 11447 11446
22467 2 0 11344 11345 11448
22468 2 0 11344 11448 11447
22469 2 0 11345 11346 11449
22470 2 0 11345 11449 11448
22471 2 0 11346 11347 11450
22472 2 0 11346 11450 11449
22473 2 0 11347 11348 11451
22474 2 0 11347 11451 11450
22475 2 0 11348 11349 11452
22476 2 0 11348 11452 11451
22477 2 0 11349 11350 11453
22478 2 0 11349 11453 11452
22479 2 0 11350 11351 11454
22480 2 0 11350 11454 11453
22481 2 0 11351 11352 11455
22482 2 0 11351 11455 11454
22483 2 0 11352 11353 11456
22484 2 0 11352 11456 11455
22485 2 0 11353 11354 11457
22486 2 0 11353 11457 11456
22487 2 0 11354 11355 11458
22488 2 0 11354 11458 11457
22489 2 0 11355 11356 11459
22490 2 0 11355 11459 11458
22491 2 0 11356 11357 11460
22492 2 0 11356 11460 11459
22493 2 0 11357 11358 11461
22494 2 0 11357 11461 11460
22495 2 0 11358 11359 11462
22496 2 0 11358 11462 11461
22497 2 0 11359 11360 11463
22498 2 0 11359 11463 11462
22499 2 0 11360 11361 11464
22500 2 0 11360 11464 11463
22501 2 0 11361 11362 11465
22502 2 0 11361 11465 11464
22503 2 0 11362 11363 11466
22504 2 0 11362 11466 11465
22505 2 0 11363 11364 11467
22506 2 0 11363 11467 11466
22507 2 0 11364 11365 11468
22508 2 0 11364 11468 11467
22509 2 0 11365 11366 11469
22510 2 0 11365 11469 11468
22511 2 0 11366 11367 11470
22512 2 0 11366 11470 11469
22513 2 0 11367 11368 11471
22514 2 0 11367 11471 11470
22515 2 0 11368 11369 11472
22516 2 0 11368 11472 11471
22517 2 0 11369 11370 11473
22518 2 0 11369 11473 11472
22519 2 0 11370 11371 11474
22520 2 0 11370 11474 11473
22521 2 0 11371 11372 11475
22522 2 0 11371 11475 11474
22523 2 0 11372 11373 11476
22524 2 0 11372 11476 11475
22525 2 0 11373 11374 11477
22526 2 0 11373 11477 11476
22527 2 0 11374 11375 11478
22528 2 0 11374 11478 11477
22529 2 0 11375 11376 11479
22530 2 0 11375 11479 11478
22531 2 0 11376 11377 11480
22532 2 0 11376 11480 11479
22533 2 0 11377 11378 11481
22534 2 0 11377 11481 11480
22535 2 0 11378 11379 11482
22536 2 0 11378 11482 11481
22537 2 0 11379 11380 11483
22538 2 0 11379 11483 11482
22539 2 0 11380 11381 11484
22540 2 0 11380 11484 11483
22541 2 0 11381 11382 11485
22542 2 0 11381 11485 11484
22543 2 0 11382 11383 11486
22544 2 0 11382 11486 11485
22545 2 0 11383 11384 11487
22546 2 0 11383 11487 11486
22547 2 0 11384 11385 11488
22548 2 0 11384 11488 11487
22549 2 0 11385 11386 11489
22550 2 0 11385 11489 11488
22551 2 0 11386 11387 11490
22552 2 0 11386 11490 11489
22553 2 0 11387 11388 11491
22554 2 0 11387 11491 11490
22555 2 0 11388 11389 11492
22556 2 0 11388 11492 11491
22557 2 0 11389 11390 11493
22558 2 0 11389 11493 11492
22559 2 0 11390 11391 11494
22560 2 0 11390 11494 11493
22561 2 0 11391 11392 11495
22562 2 0 11391 11495 11494
22563 2 0 11392 11393 11496
22564 2 0 11392 11496 11495
22565 2 0 11393 11394 11497
22566 2 0 11393 11497 11496
22567 2 0 11394 11395 11498
22568 2 0 11394 11498 11497
22569 2 0 11395 11396 11499
22570 2 0 11395 11499 11498
22571 2 0 11396 11397 11500
22572 2 0 11396 11500 11499
22573 2 0 11397 11398 11501
22574 2 0 11397 11501 11500
22575 2 0 11398 11399 11502
22576 2 0 11398 11502 11501
22577 2 0 11399 11400 11503
22578 2 0 11399 11503 11502
22579 2 0 11400 11401 11504
22580 2 0 11400 11504 11503
22581 2 0 11401 11402 11505
22582 2 0 11401 11505 11504
22583 2 0 11402 11403 11506
22584 2 0 11402 11506 11505
22585 2 0 11403 11404 11507
22586 2 0 11403 11507 11506
22587 2 0 11404 11405 11508
22588 2 0 11404 11508 11507
22589 2 0 11405 11406 11509
22590 2 0 11405 11509 11508
22591 2 0 11406 11407 11510
22592 2 0 11406 11510 11509
22593 2 0 11407 11408 11511
22594 2 0 11407 11511 11510
22595 2 0 11408 11409 11512
22596 2 0 11408 11512 11511
22597 2 0 11409 11410 11513
22598 2 0 11409 11513 11512
22599 2 0 11410 11411 11514
22600 2 0 11410 11514 11513
22601 2 0 11411 11412 11515
22602 2 0 11411 11515 11514
22603 2 0 11412 11413 11516
22604 2 0 11412 11516 11515
22605 2 0 11413 11414 11517
22606 2 0 11413 11517 11516
22607 2 0 11414 11415 11518
22608 2 0 11414 11518 11517
22609 2 0 11415 11416 11519
22610 2 0 11415 11519 11518
22611 2 0 11416 11417 11520
22612 2 0 11416 11520 11519
22613 2 0 11417 11418 11521
22614 2 0 11417 11521 11520
22615 2 0 11418 11419 11522
22616 2 0 11418 11522 11521
22617 2 0 11419 11420 11523
22618 2 0 11419 11523 11522
22619 2 0 11420 11421 11524
22620 2 0 11420 11524 11523
22621 2 0 11421 11422 11525
22622 2 0 11421 11525 11524
22623 2 0 11422 11423 11526
22624 2 0 11422 11526 11525
22625 2 0 11423 11424 11527
22626 2 0 11423 11527 11526
22627 2 0 11424 11425 11528
22628 2 0 11424 11528 11527
22629 2 0 11425 11426 11529
22630 2 0 11425 11529 11528
22631 2 0 11426 11427 11530
22632 2 0 11426 11530 11529
22633 2 0 11427 11428 11531
22634 2 0 11427 11531 11530
22635 2 0 11428 11429 11532
22636 2 0 11428 11532 11531
22637 2 0 11429 11430 11533
22638 2 0 11429 11533 11532
22639 2 0 11430 11431 11534
22640 2 0 11430 11534 11533
22641 2 0 11431 11432 11535
22642 2 0 11431 11535 11534
22643 2 0 11432 11433 11536
22644 2 0 11432 11536 11535
22645 2 0 11434 11435 11538
22646 2 0 11434 11538 11537
22647 2 0 11435 11436 11539
22648 2 0 11435 11539 11538
22649 2 0 11436 11437 11540
22650 2 0 11436 11540 11539
22651 2 0 11437 11438 11541
22652 2 0 11437 11541 11540
22653 2 0 11438 11439 11542
22654 2 0 11438 11542 11541
22655 2 0 11439 11440 11543
22656 2 0 11439 11543 11542
22657 2 0 11440 11441 11544
22658 2 0 11440 11544 11543
22659 2 0 11441 11442 11545
22660 2 0 11441 11545 11544
22661 2 0 11442 11443 11546
22662 2 0 11442 11546 11545
22663 2 0 11443 11444 11547
22664 2 0 11443 11547 11546
22665 2 0 11444 11445 11548
22666 2 0 11444 11548 11547
22667 2 0 11445 11446 11549
22668 2 0 11445 11549 11548
22669 2 0 11446 11447 11550
22670 2 0 11446 11550 11549
22671 2 0 11447 11448 11551
22672 2 0 11447 11551 11550
22673 2 0 11448 11449 11552
22674 2 0 11448 11552 11551
22675 2 0 11449 11450 11553
22676 2 0 11449 11553 11552
22677 2 0 11450 11451 11554
22678 2 0 11450 11554 11553
22679 2 0 11451 11452 11555
22680 2 0 11451 11555 11554
22681 2 0 11452 11453 11556
22682 2 0 11452 11556 11555
22683 2 0 11453 11454 11557
22684 2 0 11453 11557 11556
22685 2 0 11454 11455 11558
22686 2 0 11454 11558 11557
22687 2 0 11455 11456 11559
22688 2 0 11455 11559 11558
22689 2 0 11456 11457 11560
22690 2 0 11456 11560 11559
22691 2 0 11457 11458 11561
22692 2 0 11457 11561 11560
22693 2 0 11458 11459 11562
22694 2 0 11458 11562 11561
22695 2 0 11459 11460 11563
22696 2 0 11459 11563 11562
22697 2 0 11460 11461 11564
22698 2 0 11460 11564 11563
22699 2 0 11461 11462 11565
22700 2 0 11461 11565 11564
22701 2 0 11462 11463 11566
22702 2 0 11462 11566 11565
22703 2 0 11463 11464 11567
22704 2 0 11463 11567 11566
22705 2 0 11464 11465 11568
22706 2 0 11464 11568 11567
22707 2 0 11465 11466 11569
22708 2 0 11465 11569 11568
22709 2 0 11466 11467 11570
22710 2 0 11466 11570 11569
22711 2 0 11467 11468 11571
22712 2 0 11467 11571 11570
22713 2 0 11468 11469 11572
22714 2 0 11468 11572 11571
22715 2 0 11469 11470 11573
22716 2 0 11469 11573 11572
22717 2 0 11470 11471 11574
22718 2 0 11470 11574 11573
22719 2 0 11471 11472 11575
22720 2 0 11471 11575 11574
22721 2 0 11472 11473 11576
22722 2 0 11472 11576 11575
22723 2 0 11473 11474 11577
22724 2 0 11473 11577 11576
22725 2 0 11474 11475 11578
22726 2 0 11474 11578 11577
22727 2 0 11475 11476 11579
22728 2 0 11475 11579 11578
22729 2 0 11476 11477 11580
22730 2 0 11476 11580 11579
22731 2 0 11477 11478 11581
22732 2 0 11477 11581 11580
22733 2 0 11478 11479 11582
22734 2 0 11478 11582 11581
22735 2 0 11479 11480 11583
22736 2 0 11479 11583 11582
22737 2 0 11480 11481 11584
22738 2 0 11480 11584 11583
22739 2 0 11481 11482 11585
22740 2 0 11481 11585 11584
22741 2 0 11482 11483 11586
22742 2 0 11482 11586 11585
22743 2 0 11483 11484 11587
22744 2 0 11483 11587 11586
22745 2 0 11484 11485 11588
22746 2 0 11484 11588 11587
22747 2 0 11485 11486 11589
22748 2 0 11485 11589 11588
22749 2 0 11486 11487 11590
22750 2 0 11486 11590 11589
22751 2 0 11487 11488 11591
22752 2 0 11487 11591 11590
22753 2 0 11488 11489 11592
22754 2 0 11488 11592 11591
22755 2 0 11489 11490 11593
22756 2 0 11489 11593 11592
22757 2 0 11490 11491 11594
22758 2 0 11490 11594 11593
22759 2 0 11491 11492 11595
22760 2 0 11491 11595 11594
22761 2 0 11492 11493 11596
22762 2 0 11492 11596 11595
22763 2 0 11493 11494 11597
22764 2 0 11493 11597 11596
22765 2 0 11494 11495 11598
22766 2 0 11494 11598 11597
22767 2 0 11495 11496 11599
22768 2 0 11495 11599 11598
22769 2 0 11496 11497 11600
22770 2 0 11496 11600 11599
22771 2 0 11497 11498 11601
22772 2 0 11497 11601 11600
22773 2 0 11498 11499 11602
22774 2 0 11498 11602 11601
22775 2 0 11499 11500 11603
22776 2 0 11499 11603 11602
22777 2 0 11500 11501 11604
22778 2 0 11500 11604 11603
22779 2 0 11501 11502 11605
22780 2 0 11501 11605 11604
22781 2 0 11502 11503 11606
22782 2 0 11502 11606 11605
22783 2 0 11503 11504 11607
22784 2 0 11503 11607 11606
22785 2 0 11504 11505 11608
22786 2 0 11504 11608 11607
22787 2 0 11505 11506 11609
22788 2 0 11505 11609 11608
22789 2 0 11506 11507 11610
22790 2 0 11506 11610 11609
22791 2 0 11507 11508 11611
22792 2 0 11507 11611 11610
22793 2 0 11508 11509 11612
22794 2 0 11508 11612 11611
22795 2 0 11509 11510 11613
22796 2 0 11509 11613 11612
22797 2 0 11510 11511 11614
22798 2 0 11510 11614 11613
22799 2 0 11511 11512 11615
22800 2 0 11511 11615 11614
22801 2 0 11512 11513 11616
22802 2 0 11512 11616 11615
22803 2 0 11513 11514 11617
22804 2 0 11513 11617 11616
22805 2 0 11514 11515 11618
22806 2 0 11514 11618 11617
22807 2 0 11515 11516 11619
22808 2 0 11515 11619 11618
22809 2 0 11516 11517 11620
22810 2 0 11516 11620 11619
22811 2 0 11517 11518 11621
22812 2 0 11517 11621 11620
22813 2 0 11518 11519 11622
22814 2 0 11518 11622 11621
22815 2 0 11519 11520 11623
22816 2 0 11519 11623 11622
22817 2 0 11520 11521 11624
22818 2 0 11520 11624 11623
22819 2 0 11521 11522 11625
22820 2 0 11521 11625 11624
22821 2 0 11522 11523 11626
22822 2 0 11522 11626 11625
22823 2 0 11523 11524 11627
22824 2 0 11523 11627 11626
22825 2 0 11524 11525 11628
22826 2 0 11524 11628 11627
22827 2 0 11525 11526 11629
22828 2 0 11525 11629 11628
22829 2 0 11526 11527 11630
22830 2 0 11526 11630 11629
22831 2 0 11527 11528 11631
22832 2 0 11527 11631 11630
22833 2 0 11528 11529 11632
22834 2 0 11528 11632 11631
22835 2 0 11529 11530 11633
22836 2 0 11529 11633 11632
22837 2 0 11530 11531 11634
22838 2 0 11530 11634 11633
22839 2 0 11531 11532 11635
22840 2 0 11531 11635 11634
22841 2 0 11532 11533 11636
22842 2 0 11532 11636 11635
22843 2 0 11533 11534 11637
22844 2 0 11533 11637 11636
22845 2 0 11534 11535 11638
22846 2 0 11534 11638 11637
22847 2 0 11535 11536 11639
22848 2 0 11535 11639 11638
22849 2 0 11537 11538 11641
22850 2 0 11537 11641 11640
22851 2 0 11538 11539 11642
22852 2 0 11538 11642 11641
22853 2 0 11539 11540 11643
22854 2 0 11539 11643 11642
22855 2 0 11540 11541 11644
22856 2 0 11540 11644 11643
22857 2 0 11541 11542 11645
22858 2 0 11541 11645 11644
22859 2 0 11542 11543 11646
22860 2 0 11542 11646 11645
22861 2 0 11543 11544 11647
22862 2 0 11543 11647 11646
22863 2 0 11544 11545 11648
22864 2 0 11544 11648 11647
22865 2 0 11545 11546 11649
22866 2 0 11545 11649 11648
22867 2 0 11546 11547 11650
22868 2 0 11546 11650 11649
22869 2 0 11547 11548 11651
22870 2 0 11547 11651 11650
22871 2 0 11548 11549 11652
22872 2 0 11548 11652 11651
22873 2 0 11549 11550 11653
22874 2 0 11549 11653 11652
22875 2 0 11550 11551 11654
22876 2 0 11550 11654 11653
22877 2 0 11551 11552 11655
22878 2 0 11551 11655 11654
22879 2 0 11552 11553 11656
22880 2 0 11552 11656 11655
22881 2 0 11553 11554 11657
22882 2 0 11553 11657 11656
22883 2 0 11554 11555 11658
22884 2 0 11554 11658 11657
22885 2 0 11555 11556 11659
22886 2 0 11555 11659 11658
22887 2 0 11556 11557 11660
22888 2 0 11556 11660 11659
22889 2 0 11557 11558 11661
22890 2 0 11557 11661 11660
22891 2 0 11558 11559 11662
22892 2 0 11558 11662 11661
22893 2 0 11559 11560 11663
22894 2 0 11559 11663 11662
22895 2 0 11560 11561 11664
22896 2 0 11560 11664 11663
22897 2 0 11561 11562 11665
22898 2 0 11561 11665 11664
22899 2 0 11562 11563 11666
22900 2 0 11562 11666 11665
22901 2 0 11563 11564 11667
22902 2 0 11563 11667 11666
22903 2 0 11564 11565 11668
22904 2 0 11564 11668 11667
22905 2 0 11565 11566 11669
22906 2 0 11565 11669 11668
22907 2 0 11566 11567 11670
22908 2 0 11566 11670 11669
22909 2 0 11567 11568 11671
22910 2 0 11567 11671 11670
22911 2 0 11568 11569 11672
22912 2 0 11568 11672 11671
22913 2 0 11569 11570 11673
22914 2 0 11569 11673 11672
22915 2 0 11570 11571 11674
22916 2 0 11570 11674 11673
22917 2 0 11571 11572 11675
22918 2 0 11571 11675 11674
22919 2 0 11572 11573 11676
22920 2 0 11572 11676 11675
22921 2 0 11573 11574 11677
22922 2 0 11573 11677 11676
22923 2 0 11574 11575 11678
22924 2 0 11574 11678 11677
22925 2 0 11575 11576 11679
22926 2 0 11575 11679 11678
22927 2 0 11576 11577 11680
22928 2 0 11576 11680 11679
22929 2 0 11577 11578 11681
22930 2 0 11577 11681 11680
22931 2 0 11578 11579 11682
22932 2 0 11578 11682 11681
22933 2 0 11579 11580 11683
22934 2 0 11579 11683 11682
22935 2 0 11580 11581 11684
22936 2 0 11580 11684 11683
22937 2 0 11581 11582 11685
22938 2 0 11581 11685 11684
22939 2 0 11582 11583 11686
22940 2 0 11582 11686 11685
22941 2 0 11583 11584 11687
22942 2 0 11583 11687 11686
22943 2 0 11584 11585 11688
22944 2 0 11584 11688 11687
22945 2 0 11585 11586 11689
22946 2 0 11585 11689 11688
22947 2 0 11586 11587 11690
22948 2 0 11586 11690 11689
22949 2 0 11587 11588 11691
22950 2 0 11587 11691 11690
22951 2 0 11588 11589 11692
22952 2 0 11588 11692 11691
22953 2 0 11589 11590 11693
22954 2 0 11589 11693 11692
22955 2 0 11590 11591 11694
22956 2 0 11590 11694 11693
22957 2 0 11591 11592 11695
22958 2 0 11591 11695 11694
22959 2 0 11592 11593 11696
22960 2 0 11592 11696 11695
22961 2 0 11593 11594 11697
22962 2 0 11593 11697 11696
22963 2 0 11594 11595 11698
22964 2 0 11594 11698 11697
22965 2 0 11595 11596 11699
22966 2 0 11595 11699 11698
22967 2 0 11596 11597 11700
22968 2 0 11596 11700 11699
22969 2 0 11597 11598 11701
22970 2 0 11597 11701 11700
22971 2 0 11598 11599 11702
22972 2 0 11598 11702 11701
22973 2 0 11599 11600 11703
22974 2 0 11599 11703 11702
22975 2 0 11600 11601 11704
22976 2 0 11600 11704 11703
22977 2 0 11601 11602 11705
22978 2 0 11601 11705 11704
22979 2 0 11602 11603 11706
22980 2 0 11602 11706 11705
22981 2 0 11603 11604 11707
22982 2 0 11603 11707 11706
22983 2 0 11604 11605 11708
22984 2 0 11604 11708 11707
22985 2 0 11605 11606 11709
22986 2 0 11605 11709 11708
22987 2 0 11606 11607 11710
22988 2 0 11606 11710 11709
22989 2 0 11607 11608 11711
22990 2 0 11607 11711 11710
22991 2 0 11608 11609 11712
22992 2 0 11608 11712 11711
22993 2 0 11609 11610 11713
22994 2 0 11609 11713 11712
22995 2 0 11610 11611 11714
22996 2 0 11610 11714 11713
22997 2 0 11611 11612 11715
22998 2 0 11611 11715 11714
22999 2 0 11612 11613 11716
23000 2 0 11612 11716 11715
23001 2 0 11613 11614 11717
23002 2 0 11613 11717 11716
23003 2 0 11614 11615 11718
23004 2 0 11614 11718 11717
23005 2 0 11615 11616 11719
23006 2 0 11615 11719 11718
23007 2 0 11616 11617 11720
23008 2 0 11616 11720 11719
23009 2 0 11617 11618 11721
23010 2 0 11617 11721 11720
23011 2 0 11618 11619 11722
23012 2 0 11618 11722 11721
23013 2 0 11619 11620 11723
23014 2 0 11619 11723 11722
23015 2 0 11620 11621 11724
23016 2 0 11620 11724 11723
23017 2 0 11621 11622 11725
23018 2 0 11621 11725 11724
23019 2 0 11622 11623 11726
23020 2 0 11622 11726 11725
23021 2 0 11623 11624 11727
23022 2 0 11623 11727 11726
23023 2 0 11624 11625 11728
23024 2 0 11624 11728 11727
23025 2 0 11625 11626 11729
23026 2 0 11625 11729 11728
23027 2 0 11626 11627 11730
23028 2 0 11626 11730 11729
23029 2 0 11627 11628 11731
23030 2 0 11627 11731 11730
23031 2 0 11628 11629 11732
23032 2 0 11628 11732 11731
23033 2 0 11629 11630 11733
23034 2 0 11629 11733 11732
23035 2 0 11630 11631 11734
23036 2 0 11630 11734 11733
23037 2 0 11631 11632 11735
23038 2 0 11631 11735 11734
23039 2 0 11632 11633 11736
23040 2 0 11632 11736 11735
23041 2 0 11633 11634 11737
23042 2 0 11633 11737 11736
23043 2 0 11634 11635 11738
23044 2 0 11634 11738 11737
23045 2 0 11635 11636 11739
23046 2 0 11635 11739 11738
23047 2 0 11636 11637 11740
23048 2 0 11636 11740 11739
23049 2 0 11637 11638 11741
23050 2 0 11637 11741 11740
23051 2 0 11638 11639 11742
23052 2 0 11638 11742 11741
23053 2 0 11640 11641 11744
23054 2 0 11640 11744 11743
23055 2 0 11641 11642 11745
23056 2 0 11641 11745 11744
23057 2 0 11642 11643 11746
23058 2 0 11642 11746 11745
23059 2 0 11643 11644 11747
23060 2 0 11643 11747 11746
23061 2 0 11644 11645 11748
23062 2 0 11644 11748 11747
23063 2 0 11645 11646 11749
23064 2 0 11645 11749 11748
23065 2 0 11646 11647 11750
23066 2 0 11646 11750 11749
23067 2 0 11647 11648 11751
23068 2 0 11647 11751 11750
23069 2 0 11648 11649 11752
23070 2 0 11648 11752 11751
23071 2 0 11649 11650 11753
23072 2 0 11649 11753 11752
23073 2 0 11650 11651 11754
23074 2 0 11650 11754 11753
23075 2 0 11651 11652 11755
23076 2 0 11651 11755 11754
23077 2 0 11652 11653 11756
23078 2 0 11652 11756 11755
23079 2 0 11653 11654 11757
23080 2 0 11653 11757 11756
23081 2 0 11654 11655 11758
23082 2 0 11654 11758 11757
23083 2 0 11655 11656 11759
23084 2 0 11655 11759 11758
23085 2 0 11656 11657 11760
23086 2 0 11656 11760 11759
23087 2 0 11657 11658 11761
23088 2 0 11657 11761 11760
23089 2 0 11658 11659 11762
23090 2 0 11658 11762 11761
23091 2 0 11659 11660 11763
23092 2 0 11659 11763 11762
23093 2 0 11660 11661 11764
23094 2 0 11660 11764 11763
23095 2 0 11661 11662 11765
23096 2 0 11661 11765 11764
23097 2 0 11662 11663 11766
23098 2 0 11662 11766 11765
23099 2 0 11663 11664 11767
23100 2 0 11663 11767 11766
23101 2 0 11664 11665 11768
23102 2 0 11664 11768 11767
23103 2 0 11665 11666 11769
23104 2 0 11665 11769 11768
23105 2 0 11666 11667 11770
23106 2 0 11666 11770 11769
23107 2 0 11667 11668 11771
23108 2 0 11667 11771 11770
23109 2 0 11668 11669 11772
23110 2 0 11668 11772 11771
23111 2 0 11669 11670 11773
23112 2 0 11669 11773 11772
23113 2 0 11670 11671 11774
23114 2 0 11670 11774 11773
23115 2 0 11671 11672 11775
23116 2 0 11671 11775 11774
23117 2 0 11672 11673 11776
23118 2 0 11672 11776 11775
23119 2 0 11673 11674 11777
23120 2 0 11673 11777 11776
23121 2 0 11674 11675 11778
23122 2 0 11674 11778 11777
23123 2 0 11675 11676 11779
23124 2 0 11675 11779 11778
23125 2 0 11676 11677 11780
23126 2 0 11676 11780 11779
23127 2 0 11677 11678 11781
23128 2 0 11677 11781 11780
23129 2 0 11678 11679 11782
23130 2 0 11678 11782 11781
23131 2 0 11679 11680 11783
23132 2 0 11679 11783 11782
23133 2 0 11680 11681 11784
23134 2 0 11680 11784 11783
23135 2 0 11681 11682 11785
23136 2 0 11681 11785 11784
23137 2 0 11682 11683 11786
23138 2 0 11682 11786 11785
23139 2 0 11683 11684 11787
23140 2 0 11683 11787 11786
23141 2 0 11684 11685 11788
23142 2 0 11684 11788 11787
23143 2 0 11685 11686 11789
23144 2 0 11685 11789 11788
23145 2 0 11686 11687 11790
23146 2 0 11686 11790 11789
23147 2 0 11687 11688 11791
23148 2 0 11687 11791 11790
23149 2 0 11688 11689 11792
23150 2 0 11688 11792 11791
23151 2 0 11689 11690 11793
23152 2 0 11689 11793 11792
23153 2 0 11690 11691 11794
23154 2 0 11690 11794 11793
23155 2 0 11691 11692 11795
23156 2 0 11691 11795 11794
23157 2 0 11692 11693 11796
23158 2 0 11692 11796 11795
23159 2 0 11693 11694 11797
23160 2 0 11693 11797 11796
23161 2 0 11694 11695 11798
23162 2 0 11694 11798 11797
23163 2 0 11695 11696 11799
23164 2 0 11695 11799 11798
23165 2 0 11696 11697 11800
23166 2 0 11696 11800 11799
23167 2 0 11697 11698 11801
23168 2 0 11697 11801 11800
23169 2 0 11698 11699 11802
23170 2 0 11698 11802 11801
23171 2 0 11699 11700 11803
23172 2 0 11699 11803 11802
23173 2 0 11700 11701 11804
23174 2 0 11700 11804 11803
23175 2 0 11701 11702 11805
23176 2 0 11701 11805 11804
23177 2 0 11702 11703 11806
23178 2 0 11702 11806 11805
23179 2 0 11703 11704 11807
23180 2 0 11703 11807 11806
23181 2 0 11704 11705 11808
23182 2 0 11704 11808 11807
23183 2 0 11705 11706 11809
23184 2 0 11705 11809 11808
23185 2 0 11706 11707 11810
23186 2 0 11706 11810 11809
23187 2 0 11707 11708 11811
23188 2 0 11707 11811 11810
23189 2 0 11708 11709 11812
23190 2 0 11708 11812 11811
23191 2 0 11709 11710 11813
23192 2 0 11709 11813 11812
23193 2 0 11710 11711 11814
23194 2 0 11710 11814 11813
23195 2 0 11711 11712 11815
23196 2 0 11711 11815 11814
23197 2 0 11712 11713 11816
23198 2 0 11712 11816 11815
23199 2 0 11713 11714 11817
23200 2 0 11713 11817 11816
23201 2 0 11714 11715 11818
23202 2 0 11714 11818 11817
23203 2 0 11715 11716 11819
23204 2 0 11715 11819 11818
23205 2 0 11716 11717 11820
23206 2 0 11716 11820 11819
23207 2 0 11717 11718 11821
23208 2 0 11717 11821 11820
23209 2 0 11718 11719 11822
23210 2 0 11718 11822 11821
23211 2 0 11719 11720 11823
23212 2 0 11719 11823 11822
23213 2 0 11720 11721 11824
23214 2 0 11720 11824 11823
23215 2 0 11721 11722 11825
23216 2 0 11721 11825 11824
23217 2 0 11722 11723 11826
23218 2 0 11722 11826 11825
23219 2 0 11723 11724 11827
23220 2 0 11723 11827 11826
23221 2 0 11724 11725 11828
23222 2 0 11724 11828 11827
23223 2 0 11725 11726 11829
23224 2 0 11725 11829 11828
23225 2 0 11726 11727 11830
23226 2 0 11726 11830 11829
23227 2 0 11727 11728 11831
23228 2 0 11727 11831 11830
23229 2 0 11728 11729 11832
23230 2 0 11728 11832 11831
23231 2 0 11729 11730 11833
23232 2 0 11729 11833 11832
23233 2 0 11730 11731 11834
23234 2 0 11730 11834 11833
23235 2 0 11731 11732 11835
23236 2 0 11731 11835 11834
23237 2 0 11732 11733 11836
23238 2 0 11732 11836 11835
23239 2 0 11733 11734 11837
23240 2 0 11733 11837 11836
23241 2 0 11734 11735 11838
23242 2 0 11734 11838 11837
23243 2 0 11735 11736 11839
23244 2 0 11735 11839 11838
23245 2 0 11736 11737 11840
23246 2 0 11736 11840 11839
23247 2 0 11737 11738 11841
23248 2 0 11737 11841 11840
23249 2 0 11738 11739 11842
23250 2 0 11738 11842 11841
23251 2 0 11739 11740 11843
23252 2 0 11739 11843 11842
23253 2 0 11740 11741 11844
23254 2 0 11740 11844 11843
23255 2 0 11741 11742 11845
23256 2 0 11741 11845 11844
23257 2 0 11743 11744 11847
23258 2 0 11743 11847 11846
23259 2 0 11744 11745 11848
23260 2 0 11744 11848 11847
23261 2 0 11745 11746 11849
23262 2 0 11745 11849 11848
23263 2 0 11746 11747 11850
23264 2 0 11746 11850 11849
23265 2 0 11747 11748 11851
23266 2 0 11747 11851 11850
23267 2 0 11748 11749 11852
23268 2 0 11748 11852 11851
23269 2 0 11749 11750 11853
23270 2 0 11749 11853 11852
23271 2 0 11750 11751 11854
23272 2 0 11750 11854 11853
23273 2 0 11751 11752 11855
23274 2 0 11751 11855 11854
23275 2 0 11752 11753 11856
23276 2 0 11752 11856 11855
23277 2 0 11753 11754 11857
23278 2 0 11753 11857 11856
23279 2 0 11754 11755 11858
23280 2 0 11754 11858 11857
23281 2 0 11755 11756 11859
23282 2 0 11755 11859 11858
23283 2 0 11756 11757 11860
23284 2 0 11756 11860 11859
23285 2 0 11757 11758 11861
23286 2 0 11757 11861 11860
23287 2 0 11758 11759 11862
23288 2 0 11758 11862 11861
23289 2 0 11759 11760 11863
23290 2 0 11759 11863 11862
23291 2 0 11760 11761 11864
23292 2 0 11760 11864 11863
23293 2 0 11761 11762 11865
23294 2 0 11761 11865 11864
23295 2 0 11762 11763 11866
23296 2 0 11762 11866 11865
23297 2 0 11763 11764 11867
23298 2 0 11763 11867 11866
23299 2 0 11764 11765 11868
23300 2 0 11764 11868 11867
23301 2 0 11765 11766 11869
23302 2 0 11765 11869 11868
23303 2 0 11766 11767 11870
23304 2 0 11766 11870 11869
23305 2 0 11767 11768 11871
23306 2 0 11767 11871 11870
23307 2 0 11768 11769 11872
23308 2 0 11768 11872 11871
23309 2 0 11769 11770 11873
23310 2 0 11769 11873 11872
23311 2 0 11770 11771 11874
23312 2 0 11770 11874 11873
23313 2 0 11771 11772 11875
23314 2 0 11771 11875 11874
23315 2 0 11772 11773 11876
23316 2 0 11772 11876 11875
23317 2 0 11773 11774 11877
23318 2 0 11773 11877 11876
23319 2 0 11774 11775 11878
23320 2 0 11774 11878 11877
23321 2 0 11775 11776 11879
23322 2 0 11775 11879 11878
23323 2 0 11776 11777 11880
23324 2 0 11776 11880 11879
23325 2 0 11777 11778 11881
23326 2 0 11777 11881 11880
23327 2 0 11778 11779 11882
23328 2 0 11778 11882 11881
23329 2 0 11779 11780 11883
23330 2 0 11779 11883 11882
23331 2 0 11780 11781 11884
23332 2 0 11780 11884 11883
23333 2 0 11781 11782 11885
23334 2 0 11781 11885 11884
23335 2 0 11782 11783 11886
23336 2 0 11782 11886 11885
23337 2 0 11783 11784 11887
23338 2 0 11783 11887 11886
23339 2 0 11784 11785 11888
23340 2 0 11784 11888 11887
23341 2 0 11785 11786 11889
23342 2 0 11785 11889 11888
23343 2 0 11786 11787 11890
23344 2 0 11786 11890 11889
23345 2 0 11787 11788 11891
23346 2 0 11787 11891 11890
23347 2 0 11788 11789 11892
23348 2 0 11788 11892 11891
23349 2 0 11789 11790 11893
23350 2 0 11789 11893 11892
23351 2 0 11790 11791 11894
23352 2 0 11790 11894 11893
23353 2 0 11791 11792 11895
23354 2 0 11791 11895 11894
23355 2 0 11792 11793 11896
23356 2 0 11792 11896 11895
23357 2 0 11793 11794 11897
23358 2 0 11793 11897 11896
23359 2 0 11794 11795 11898
23360 2 0 11794 11898 11897
23361 2 0 11795 11796 11899
23362 2 0 11795 11899 11898
23363 2 0 11796 11797 11900
23364 2 0 11796 11900 11899
23365 2 0 11797 11798 11901
23366 2 0 11797 11901 11900
23367 2 0 11798 11799 11902
23368 2 0 11798 11902 11901
23369 2 0 11799 11800 11903
23370 2 0 11799 11903 11902
23371 2 0 11800 11801 11904
23372 2 0 11800 11904 11903
23373 2 0 11801 11802 11905
23374 2 0 11801 11905 11904
23375 2 0 11802 11803 11906
23376 2 0 11802 11906 11905
23377 2 0 11803 11804 11907
23378 2 0 11803 11907 11906
23379 2 0 11804 11805 11908
23380 2 0 11804 11908 11907
23381 2 0 11805 11806 11909
23382 2 0 11805 11909 11908
23383 2 0 11806 11807 11910
23384 2 0 11806 11910 11909
23385 2 0 11807 11808 11911
23386 2 0 11807 11911 11910
23387 2 0 11808 11809 11912
23388 2 0 11808 11912 11911
23389 2 0 11809 11810 11913
23390 2 0 11809 11913 11912
23391 2 0 11810 11811 11914
23392 2 0 11810 11914 11913
23393 2 0 11811 11812 11915
23394 2 0 11811 11915 11914
23395 2 0 11812 11813 11916
23396 2 0 11812 11916 11915
23397 2 0 11813 11814 11917
23398 2 0 11813 11917 11916
23399 2 0 11814 11815 11918
23400 2 0 11814 11918 11917
23401 2 0 11815 11816 11919
23402 2 0 11815 11919 11918
23403 2 0 11816 11817 11920
23404 2 0 11816 11920 11919
23405 2 0 11817 11818 11921
23406 2 0 11817 11921 11920
23407 2 0 11818 11819 11922
23408 2 0 11818 11922 11921
23409 2 0 11819 11820 11923
23410 2 0 11819 11923 11922
23411 2 0 11820 11821 11924
23412 2 0 11820 11924 11923
23413 2 0 11821 11822 11925
23414 2 0 11821 11925 11924
23415 2 0 11822 11823 11926
23416 2 0 11822 11926 11925
23417 2 0 11823 11824 11927
23418 2 0 11823 11927 11926
23419 2 0 11824 11825 11928
23420 2 0 11824 11928 11927
23421 2 0 11825 11826 11929
23422 2 0 11825 11929 11928
23423 2 0 11826 11827 11930
23424 2 0 11826 11930 11929
23425 2 0 11827 11828 11931
23426 2 0 11827 11931 11930
23427 2 0 11828 11829 11932
23428 2 0 11828 11932 11931
23429 2 0 11829 11830 11933
23430 2 0 11829 11933 11932
23431 2 0 11830 11831 11934
23432 2 0 11830 11934 11933
23433 2 0 11831 11832 11935
23434 2 0 11831 11935 11934
23435 2 0 11832 11833 11936
23436 2 0 11832 11936 11935
23437 2 0 11833 11834 11937
23438 2 0 11833 11937 11936
23439 2 0 11834 11835 11938
23440 2 0 11834 11938 11937
23441 2 0 11835 11836 11939
23442 2 0 11835 11939 11938
23443 2 0 11836 11837 11940
23444 2 0 11836 11940 11939
23445 2 0 11837 11838 11941
23446 2 0 11837 11941 11940
23447 2 0 11838 11839 11942
23448 2 0 11838 11942 11941
23449 2 0 11839 11840 11943
23450 2 0 11839 11943 11942
23451 2 0 11840 11841 11944
23452 2 0 11840 11944 11943
23453 2 0 11841 11842 11945
23454 2 0 11841 11945 11944
23455 2 0 11842 11843 11946
23456 2 0 11842 11946 11945
23457 2 0 11843 11844 11947
23458 2 0 11843 11947 11946
23459 2 0 11844 11845 11948
23460 2 0 11844 11948 11947
23461 2 0 11846 11847 11950
23462 2 0 11846 11950 11949
23463 2 0 11847 11848 11951
23464 2 0 11847 11951 11950
23465 2 0 11848 11849 11952
23466 2 0 11848 11952 11951
23467 2 0 11849 11850 11953
23468 2 0 11849 11953 11952
23469 2 0 11850 11851 11954
23470 2 0 11850 11954 11953
23471 2 0 11851 11852 11955
23472 2 0 11851 11955 11954
23473 2 0 11852 11853 11956
23474 2 0 11852 11956 11955
23475 2 0 11853 11854 11957
23476 2 0 11853 11957 11956
23477 2 0 11854 11855 11958
23478 2 0 11854 11958 11957
23479 2 0 11855 11856 11959
23480 2 0 11855 11959 11958
23481 2 0 11856 11857 11960
23482 2 0 11856 11960 11959
23483 2 0 11857 11858 11961
23484 2 0 11857 11961 11960
23485 2 0 11858 11859 11962
23486 2 0 11858 11962 11961
23487 2 0 11859 11860 11963
23488 2 0 11859 11963 11962
23489 2 0 11860 11861 11964
23490 2 0 11860 11964 11963
23491 2 0 11861 11862 11965
23492 2 0 11861 11965 11964
23493 2 0 11862 11863 11966
23494 2 0 11862 11966 11965
23495 2 0 11863 11864 11967
23496 2 0 11863 11967 11966
23497 2 0 11864 11865 11968
23498 2 0 11864 11968 11967
23499 2 0 11865 11866 11969
23500 2 0 11865 11969 11968
23501 2 0 11866 11867 11970
23502 2 0 11866 11970 11969
23503 2 0 11867 11868 11971
23504 2 0 11867 11971 11970
23505 2 0 11868 11869 11972
23506 2 0 11868 11972 11971
23507 2 0 11869 11870 11973
23508 2 0 11869 11973 11972
23509 2 0 11870 11871 11974
23510 2 0 11870 11974 11973
23511 2 0 11871 11872 11975
23512 2 0 11871 11975 11974
23513 2 0 11872 11873 11976
23514 2 0 11872 11976 11975
23515 2 0 11873 11874 11977
23516 2 0 11873 11977 11976
23517 2 0 11874 11875 11978
23518 2 0 11874 11978 11977
23519 2 0 11875 11876 11979
23520 2 0 11875 11979 11978
23521 2 0 11876 11877 11980
23522 2 0 11876 11980 11979
23523 2 0 11877 11878 11981
23524 2 0 11877 11981 11980
23525 2 0 11878 11879 11982
23526 2 0 11878 11982 11981
23527 2 0 11879 11880 11983
23528 2 0 11879 11983 11982
23529 2 0 11880 11881 11984
23530 2 0 11880 11984 11983
23531 2 0 11881 11882 11985
23532 2 0 11881 11985 11984
23533 2 0 11882 11883 11986
23534 2 0 11882 11986 11985
23535 2 0 11883 11884 11987
23536 2 0 11883 11987 11986
23537 2 0 11884 11885 11988
23538 2 0 11884 11988 11987
23539 2 0 11885 11886 11989
23540 2 0 11885 11989 11988
23541 2 0 11886 11887 11990
23542 2 0 11886 11990 11989
23543 2 0 11887 11888 11991
23544 2 0 11887 11991 11990
23545 2 0 11888 11889 11992
23546 2 0 11888 11992 11991
23547 2 0 11889 11890 11993
23548 2 0 11889 11993 11992
23549 2 0 11890 11891 11994
23550 2 0 11890 11994 11993
23551 2 0 11891 11892 11995
23552 2 0 11891 11995 11994
23553 2 0 11892 11893 11996
23554 2 0 11892 11996 11995
23555 2 0 11893 11894 11997
23556 2 0 11893 11997 11996
23557 2 0 11894 11895 11998
23558 2 0 11894 11998 11997
23559 2 0 11895 11896 11999
23560 2 0 11895 11999 11998
23561 2 0 11896 11897 12000
23562 2 0 11896 12000 11999
23563 2 0 11897 11898 12001
23564 2 0 11897 12001 12000
23565 2 0 11898 11899 12002
23566 2 0 11898 12002 12001
23567 2 0 11899 11900 12003
23568 2 0 11899 12003 12002
23569 2 0 11900 11901 12004
23570 2 0 11900 12004 12003
23571 2 0 11901 11902 12005
23572 2 0 11901 12005 12004
23573 2 0 11902 11903 12006
23574 2 0 11902 12006 12005
23575 2 0 11903 11904 12007
23576 2 0 11903 12007 12006
23577 2 0 11904 11905 12008
23578 2 0 11904 12008 12007
23579 2 0 11905 11906 12009
23580 2 0 11905 12009 12008
23581 2 0 11906 11907 12010
23582 2 0 11906 12010 12009
23583 2 0 11907 11908 12011
23584 2 0 11907 12011 12010
23585 2 0 11908 11909 12012
23586 2 0 11908 12012 12011
23587 2 0 11909 11910 12013
23588 2 0 11909 12013 12012
23589 2 0 11910 11911 12014
23590 2 0 11910 12014 12013
23591 2 0 11911 11912 12015
23592 2 0 11911 12015 12014
23593 2 0 11912 11913 12016
23594 2 0 11912 12016 12015
23595 2 0 11913 11914 12017
23596 2 0 11913 12017 12016
23597 2 0 11914 11915 12018
23598 2 0 11914 12018 12017
23599 2 0 11915 11916 12019
23600 2 0 11915 12019 12018
23601 2 0 11916 11917 12020
23602 2 0 11916 12020 12019
23603 2 0 11917 11918 12021
23604 2 0 11917 12021 12020
23605 2 0 11918 11919 12022
23606 2 0 11918 12022 12021
23607 2 0 11919 11920 12023
23608 2 0 11919 12023 12022
23609 2 0 11920 11921 12024
23610 2 0 11920 12024 12023
23611 2 0 11921 11922 12025
23612 2 0 11921 12025 12024
23613 2 0 11922 11923 12026
23614 2 0 11922 12026 12025
23615 2 0 11923 11924 12027
23616 2 0 11923 12027 12026
23617 2 0 11924 11925 12028
23618 2 0 11924 12028 12027
23619 2 0 11925 11926 12029
23620 2 0 11925 12029 12028
23621 2 0 11926 11927 12030
23622 2 0 11926 12030 12029
23623 2 0 11927 11928 12031
23624 2 0 11927 12031 12030
23625 2 0 11928 11929 12032
23626 2 0 11928 12032 12031
23627 2 0 11929 11930 12033
23628 2 0 11929 12033 12032
23629 2 0 11930 11931 12034
23630 2 0 11930 12034 12033
23631 2 0 11931 11932 12035
23632 2 0 11931 12035 12034
23633 2 0 11932 11933 12036
23634 2 0 11932 12036 12035
23635 2 0 11933 11934 12037
23636 2 0 11933 12037 12036
23637 2 0 11934 11935 12038
23638 2 0 11934 12038 12037
23639 2 0 11935 11936 12039
23640 2 0 11935 12039 12038
23641 2 0 11936 11937 12040
23642 2 0 11936 12040 12039
23643 2 0 11937 11938 12041
23644 2 0 11937 12041 12040
23645 2 0 11938 11939 12042
23646 2 0 11938 12042 12041
23647 2 0 11939 11940 12043
23648 2 0 11939 12043 12042
23649 2 0 11940 11941 12044
23650 2 0 11940 12044 12043
23651 2 0 11941 11942 12045
23652 2 0 11941 12045 12044
23653 2 0 11942 11943 12046
23654 2 0 11942 12046 12045
23655 2 0 11943 11944 12047
23656 2 0 11943 12047 12046
23657 2 0 11944 11945 12048
23658 2 0 11944 12048 12047
23659 2 0 11945 11946 12049
23660 2 0 11945 12049 12048
23661 2 0 11946 11947 12050
23662 2 0 11946 12050 12049
23663 2 0 11947 11948 12051
23664 2 0 11947 12051 12050
23665 2 0 11949 11950 12053
23666 2 0 11949 12053 12052
23667 2 0 11950 11951 12054
23668 2 0 11950 12054 12053
23669 2 0 11951 11952 12055
23670 2 0 11951 12055 12054
23671 2 0 11952 11953 12056
23672 2 0 11952 12056 12055
23673 2 0 11953 11954 12057
23674 2 0 11953 12057 12056
23675 2 0 11954 11955 12058
23676 2 0 11954 12058 12057
23677 2 0 11955 11956 12059
23678 2 0 11955 12059 12058
23679 2 0 11956 11957 12060
23680 2 0 11956 12060 12059
23681 2 0 11957 11958 12061
23682 2 0 11957 12061 12060
23683 2 0 11958 11959 12062
23684 2 0 11958 12062 12061
23685 2 0 11959 11960 12063
23686 2 0 11959 12063 12062
23687 2 0 11960 11961 12064
23688 2 0 11960 12064 12063
23689 2 0 11961 11962 12065
23690 2 0 11961 12065 12064
23691 2 0 11962 11963 12066
23692 2 0 11962 12066 12065
23693 2 0 11963 11964 12067
23694 2 0 11963 12067 12066
23695 2 0 11964 11965 12068
23696 2 0 11964 12068 12067
23697 2 0 11965 11966 12069
23698 2 0 11965 12069 12068
23699 2 0 11966 11967 12070
23700 2 0 11966 12070 12069
23701 2 0 11967 11968 12071
23702 2 0 11967 12071 12070
23703 2 0 11968 11969 12072
23704 2 0 11968 12072 12071
23705 2 0 11969 11970 12073
23706 2 0 11969 12073 12072
23707 2 0 11970 11971 12074
23708 2 0 11970 12074 12073
23709 2 0 11971 11972 12075
23710 2 0 11971 12075 12074
23711 2 0 11972 11973 12076
23712 2 0 11972 12076 12075
23713 2 0 11973 11974 12077
23714 2 0 11973 12077 12076
23715 2 0 11974 11975 12078
23716 2 0 11974 12078 12077
23717 2 0 11975 11976 12079
23718 2 0 11975 12079 12078
23719 2 0 11976 11977 12080
23720 2 0 11976 12080 12079
23721 2 0 11977 11978 12081
23722 2 0 11977 12081 12080
23723 2 0 11978 11979 12082
23724 2 0 11978 12082 12081
23725 2 0 11979 11980 12083
23726 2 0 11979 12083 12082
23727 2 0 11980 11981 12084
23728 2 0 11980 12084 12083
23729 2 0 11981 11982 12085
23730 2 0 11981 12085 12084
23731 2 0 11982 11983 12086
23732 2 0 11982 12086 12085
23733 2 0 11983 11984 12087
23734 2 0 11983 12087 12086
23735 2 0 11984 11985 12088
23736 2 0 11984 12088 12087
23737 2 0 11985 11986 12089
23738 2 0 11985 12089 12088
23739 2 0 11986 11987 12090
23740 2 0 11986 12090 12089
23741 2 0 11987 11988 12091
23742 2 0 11987 12091 12090
23743 2 0 11988 11989 12092
23744 2 0 11988 12092 12091
23745 2 0 11989 11990 12093
23746 2 0 11989 12093 12092
23747 2 0 11990 11991 12094
23748 2 0 11990 12094 12093
23749 2 0 11991 11992 12095
23750 2 0 11991 12095 12094
23751 2 0 11992 11993 12096
23752 2 0 11992 12096 12095
23753 2 0 11993 11994 12097
23754 2 0 11993 12097 12096
23755 2 0 11994 11995 12098
23756 2 0 11994 12098 12097
23757 2 0 11995 11996 12099
23758 2 0 11995 12099 12098
23759 2 0 11996 11997 12100
23760 2 0 11996 12100 12099
23761 2 0 11997 11998 12101
23762 2 0 11997 12101 12100
23763 2 0 11998 11999 12102
23764 2 0 11998 12102 12101
23765 2 0 11999 12000 12103
23766 2 0 11999 12103 12102
23767 2 0 12000 12001 12104
23768 2 0 12000 12104 12103
23769 2 0 12001 12002 12105
23770 2 0 12001 12105 12104
23771 2 0 12002 12003 12106
23772 2 0 12002 12106 12105
23773 2 0 12003 12004 12107
23774 2 0 12003 12107 12106
23775 2 0 12004 12005 12108
23776 2 0 12004 12108 12107
23777 2 0 12005 12006 12109
23778 2 0 12005 12109 12108
23779 2 0 12006 12007 12110
23780 2 0 12006 12110 12109
23781 2 0 12007 12008 12111
23782 2 0 12007 12111 12110
23783 2 0 12008 12009 12112
23784 2 0 12008 12112 12111
23785 2 0 12009 12010 12113
23786 2 0 12009 12113 12112
23787 2 0 12010 12011 12114
23788 2 0 12010 12114 12113
23789 2 0 12011 12012 12115
23790 2 0 12011 12115 12114
23791 2 0 12012 12013 12116
23792 2 0 12012 12116 12115
23793 2 0 12013 12014 12117
23794 2 0 12013 12117 12116
23795 2 0 12014 12015 12118
23796 2 0 12014 12118 12117
23797 2 0 12015 12016 12119
23798 2 0 12015 12119 12118
23799 2 0 12016 12017 12120
23800 2 0 12016 12120 12119
23801 2 0 12017 12018 12121
23802 2 0 12017 12121 12120
23803 2 0 12018 12019 12122
23804 2 0 12018 12122 12121
23805 2 0 12019 12020 12123
23806 2 0 12019 12123 12122
23807 2 0 12020 12021 12124
23808 2 0 12020 12124 12123
23809 2 0 12021 12022 12125
23810 2 0 12021 12125 12124
23811 2 0 12022 12023 12126
23812 2 0 12022 12126 12125
23813 2 0 12023 12024 12127
23814 2 0 12023 12127 12126
23815 2 0 12024 12025 12128
23816 2 0 12024 12128 12127
23817 2 0 12025 12026 12129
23818 2 0 12025 12129 12128
23819 2 0 12026 12027 12130
23820 2 0 12026 12130 12129
23821 2 0 12027 12028 12131
23822 2 0 12027 12131 12130
23823 2 0 12028 12029 12132
23824 2 0 12028 12132 12131
23825 2 0 12029 12030 12133
23826 2 0 12029 12133 12132
23827 2 0 12030 12031 12134
23828 2 0 12030 12134 12133
23829 2 0 12031 12032 12135
23830 2 0 12031 12135 12134
23831 2 0 12032 12033 12136
23832 2 0 12032 12136 12135
23833 2 0 12033 12034 12137
23834 2 0 12033 12137 12136
23835 2 0 12034 12035 12138
23836 2 0 12034 12138 12137
23837 2 0 12035 12036 12139
23838 2 0 12035 12139 12138
23839 2 0 12036 12037 12140
23840 2 0 12036 12140 12139
23841 2 0 12037 12038 12141
23842 2 0 12037 12141 12140
23843 2 0 12038 12039 12142
23844 2 0 12038 12142 12141
23845 2 0 12039 12040 12143
23846 2 0 12039 12143 12142
23847 2 0 12040 12041 12144
23848 2 0 12040 12144 12143
23849 2 0 12041 12042 12145
23850 2 0 12041 12145 12144
23851 2 0 12042 12043 12146
23852 2 0 12042 12146 12145
23853 2 0 12043 12044 12147
23854 2 0 12043 12147 12146
23855 2 0 12044 12045 12148
23856 2 0 12044 12148 12147
23857 2 0 12045 12046 12149
23858 2 0 12045 12149 12148
23859 2 0 12046 12047 12150
23860 2 0 12046 12150 12149
23861 2 0 12047 12048 12151
23862 2 0 12047 12151 12150
23863 2 0 12048 12049 12152
23864 2 0 12048 12152 12151
23865 2 0 12049 12050 12153
23866 2 0 12049 12153 12152
23867 2 0 12050 12051 12154
23868 2 0 12050 12154 12153
23869 2 0 12052 12053 12156
23870 2 0 12052 12156 12155
23871 2 0 12053 12054 12157
23872 2 0 12053 12157 12156
23873 2 0 12054 12055 12158
23874 2 0 12054 12158 12157
23875 2 0 12055 12056 12159
23876 2 0 12055 12159 12158
23877 2 0 12056 12057 12160
23878 2 0 12056 12160 12159
23879 2 0 12057 12058 12161
23880 2 0 12057 12161 12160
23881 2 0 12058 12059 12162
23882 2 0 12058 12162 12161
23883 2 0 12059 12060 12163
23884 2 0 12059 12163 12162
23885 2 0 12060 12061 12164
23886 2 0 12060 12164 12163
23887 2 0 12061 12062 12165
23888 2 0 12061 12165 12164
23889 2 0 12062 12063 12166
23890 2 0 12062 12166 12165
23891 2 0 12063 12064 12167
23892 2 0 12063 12167 12166
23893 2 0 12064 12065 12168
23894 2 0 12064 12168 12167
23895 2 0 12065 12066 12169
23896 2 0 12065 12169 12168
23897 2 0 12066 12067 12170
23898 2 0 12066 12170 12169
23899 2 0 12067 12068 12171
23900 2 0 12067 12171 12170
23901 2 0 12068 12069 12172
23902 2 0 12068 12172 12171
23903 2 0 12069 12070 12173
23904 2 0 12069 12173 12172
23905 2 0 12070 12071 12174
23906 2 0 12070 12174 12173
23907 2 0 12071 12072 12175
23908 2 0 12071 12175 12174
23909 2 0 12072 12073 12176
23910 2 0 12072 12176 12175
23911 2 0 12073 12074 12177
23912 2 0 12073 12177 12176
23913 2 0 12074 12075 12178
23914 2 0 12074 12178 12177
23915 2 0 12075 12076 12179
23916 2 0 12075 12179 12178
23917 2 0 12076 12077 12180
23918 2 0 12076 12180 12179
23919 2 0 12077 12078 12181
23920 2 0 12077 12181 12180
23921 2 0 12078 12079 12182
23922 2 0 12078 12182 12181
23923 2 0 12079 12080 12183
23924 2 0 12079 12183 12182
23925 2 0 12080 12081 12184
23926 2 0 12080 12184 12183
23927 2 0 12081 12082 12185
23928 2 0 12081 12185 12184
23929 2 0 12082 12083 12186
23930 2 0 12082 12186 12185
23931 2 0 12083 12084 12187
23932 2 0 12083 12187 12186
23933 2 0 12084 12085 12188
23934 2 0 12084 12188 12187
23935 2 0 12085 12086 12189
23936 2 0 12085 12189 12188
23937 2 0 12086 12087 12190
23938 2 0 12086 12190 12189
23939 2 0 12087 12088 12191
23940 2 0 12087 12191 12190
23941 2 0 12088 12089 12192
23942 2 0 12088 12192 12191
23943 2 0 12089 12090 12193
23944 2 0 12089 12193 12192
23945 2 0 12090 12091 12194
23946 2 0 12090 12194 12193
23947 2 0 12091 12092 12195
23948 2 0 12091 12195 12194
23949 2 0 12092 12093 12196
23950 2 0 12092 12196 12195
23951 2 0 12093 12094 12197
23952 2 0 12093 12197 12196
23953 2 0 12094 12095 12198
23954 2 0 12094 12198 12197
23955 2 0 12095 12096 12199
23956 2 0 12095 12199 12198
23957 2 0 12096 12097 12200
23958 2 0 12096 12200 12199
23959 2 0 12097 12098 12201
23960 2 0 12097 12201 12200
23961 2 0 12098 12099 12202
23962 2 0 12098 12202 12201
23963 2 0 12099 12100 12203
23964 2 0 12099 12203 12202
23965 2 0 12100 12101 12204
23966 2 0 12100 12204 12203
23967 2 0 12101 12102 12205
23968 2 0 12101 12205 12204
23969 2 0 12102 12103 12206
23970 2 0 12102 12206 12205
23971 2 0 12103 12104 12207
23972 2 0 12103 12207 12206
23973 2 0 12104 12105 12208
23974 2 0 12104 12208 12207
23975 2 0 12105 12106 12209
23976 2 0 12105 12209 12208
23977 2 0 12106 12107 12210
23978 2 0 12106 12210 12209
23979 2 0 12107 12108 12211
23980 2 0 12107 12211 12210
23981 2 0 12108 12109 12212
23982 2 0 12108 12212 12211
23983 2 0 12109 12110 12213
23984 2 0 12109 12213 12212
23985 2 0 12110 12111 12214
23986 2 0 12110 12214 12213
23987 2 0 12111 12112 12215
23988 2 0 12111 12215 12214
23989 2 0 12112 12113 12216
23990 2 0 12112 12216 12215
23991 2 0 12113 12114 12217
23992 2 0 12113 12217 12216
23993 2 0 12114 12115 12218
23994 2 0 12114 12218 12217
23995 2 0 12115 12116 12219
23996 2 0 12115 12219 12218
23997 2 0 12116 12117 12220
23998 2 0 12116 12220 12219
23999 2 0 12117 12118 12221
24000 2 0 12117 12221 12220
24001 2 0 12118 12119 12222
24002 2 0 12118 12222 12221
24003 2 0 12119 12120 12223
24004 2 0 12119 12223 12222
24005 2 0 12120 12121 12224
24006 2 0 12120 12224 12223
24007 2 0 12121 12122 12225
24008 2 0 12121 12225 12224
24009 2 0 12122 12123 12226
24010 2 0 12122 12226 12225
24011 2 0 12123 12124 12227
24012 2 0 12123 12227 12226
24013 2 0 12124 12125 12228
24014 2 0 12124 12228 12227
24015 2 0 12125 12126 12229
24016 2 0 12125 12229 12228
24017 2 0 12126 12127 12230
24018 2 0 12126 12230 12229
24019 2 0 12127 12128 12231
24020 2 0 12127 12231 12230
24021 2 0 12128 12129 12232
24022 2 0 12128 12232 12231
24023 2 0 12129 12130 12233
24024 2 0 12129 12233 12232
24025 2 0 12130 12131 12234
24026 2 0 12130 12234 12233
24027 2 0 12131 12132 12235
24028 2 0 12131 12235 12234
24029 2 0 12132 12133 12236
24030 2 0 12132 12236 12235
24031 2 0 12133 12134 12237
24032 2 0 12133 12237 12236
24033 2 0 12134 12135 12238
24034 2 0 12134 12238 12237
24035 2 0 12135 12136 12239
24036 2 0 12135 12239 12238
24037 2 0 12136 12137 12240
24038 2 0 12136 12240 12239
24039 2 0 12137 12138 12241
24040 2 0 12137 12241 12240
24041 2 0 12138 12139 12242
24042 2 0 12138 12242 12241
24043 2 0 12139 12140 12243
24044 2 0 12139 12243 12242
24045 2 0 12140 12141 12244
24046 2 0 12140 12244 12243
24047 2 0 12141 12142 12245
24048 2 0 12141 12245 12244
24049 2 0 12142 12143 12246
24050 2 0 12142 12246 12245
24051 2 0 12143 12144 12247
24052 2 0 12143 12247 12246
24053 2 0 12144 12145 12248
24054 2 0 12144 12248 12247
24055 2 0 12145 12146 12249
24056 2 0 12145 12249 12248
24057 2 0 12146 12147 12250
24058 2 0 12146 12250 12249
24059 2 0 12147 12148 12251
24060 2 0 12147 12251 12250
24061 2 0 12148 12149 12252
24062 2 0 12148 12252 12251
24063 2 0 12149 12150 12253
24064 2 0 12149 12253 12252
24065 2 0 12150 12151 12254
24066 2 0 12150 12254 12253
24067 2 0 12151 12152 12255
24068 2 0 12151 12255 12254
24069 2 0 12152 12153 12256
24070 2 0 12152 12256 12255
24071 2 0 12153 12154 12257
24072 2 0 12153 12257 12256
24073 2 0 12155 12156 12259
24074 2 0 12155 12259 12258
24075 2 0 12156 12157 12260
24076 2 0 12156 12260 12259
24077 2 0 12157 12158 12261
24078 2 0 12157 12261 12260
24079 2 0 12158 12159 12262
24080 2 0 12158 12262 12261
24081 2 0 12159 12160 12263
24082 2 0 12159 12263 12262
24083 2 0 12160 12161 12264
24084 2 0 12160 12264 12263
24085 2 0 12161 12162 12265
24086 2 0 12161 12265 12264
24087 2 0 12162 12163 12266
24088 2 0 12162 12266 12265
24089 2 0 12163 12164 12267
24090 2 0 12163 12267 12266
24091 2 0 12164 12165 12268
24092 2 0 12164 12268 12267
24093 2 0 12165 12166 12269
24094 2 0 12165 12269 12268
24095 2 0 12166 12167 12270
24096 2 0 12166 12270 12269
24097 2 0 12167 12168 12271
24098 2 0 12167 12271 12270
24099 2 0 12168 12169 12272
24100 2 0 12168 12272 12271
24101 2 0 12169 12170 12273
24102 2 0 12169 12273 12272
24103 2 0 12170 12171 12274
24104 2 0 12170 12274 12273
24105 2 0 12171 12172 12275
24106 2 0 12171 12275 12274
24107 2 0 12172 12173 12276
24108 2 0 12172 12276 12275
24109 2 0 12173 12174 12277
24110 2 0 12173 12277 12276
24111 2 0 12174 12175 12278
24112 2 0 12174 12278 12277
24113 2 0 12175 12176 12279
24114 2 0 12175 12279 12278
24115 2 0 12176 12177 12280
24116 2 0 12176 12280 12279
24117 2 0 12177 12178 12281
24118 2 0 12177 12281 12280
24119 2 0 12178 12179 12282
24120 2 0 12178 12282 12281
24121 2 0 12179 12180 12283
24122 2 0 12179 12283 12282
24123 2 0 12180 12181 12284
24124 2 0 12180 12284 12283
24125 2 0 12181 12182 12285
24126 2 0 12181 12285 12284
24127 2 0 12182 12183 12286
24128 2 0 12182 12286 12285
24129 2 0 12183 12184 12287
24130 2 0 12183 12287 12286
24131 2 0 12184 12185 12288
24132 2 0 12184 12288 12287
24133 2 0 12185 12186 12289
24134 2 0 12185 12289 12288
24135 2 0 12186 12187 12290
24136 2 0 12186 12290 12289
24137 2 0 12187 12188 12291
24138 2 0 12187 12291 12290
24139 2 0 12188 12189 12292
24140 2 0 12188 12292 12291
24141 2 0 12189 12190 12293
24142 2 0 12189 12293 12292
24143 2 0 12190 12191 12294
24144 2 0 12190 12294 12293
24145 2 0 12191 12192 12295
24146 2 0 12191 12295 12294
24147 2 0 12192 12193 12296
24148 2 0 12192 12296 12295
24149 2 0 12193 12194 12297
24150 2 0 12193 12297 12296
24151 2 0 12194 12195 12298
24152 2 0 12194 12298 12297
24153 2 0 12195 12196 12299
24154 2 0 12195 12299 12298
24155 2 0 12196 12197 12300
24156 2 0 12196 12300 12299
24157 2 0 12197 12198 12301
24158 2 0 12197 12301 12300
24159 2 0 12198 12199 12302
24160 2 0 12198 12302 12301
24161 2 0 12199 12200 12303
24162 2 0 12199 12303 12302
24163 2 0 12200 12201 12304
24164 2 0 12200 12304 12303
24165 2 0 12201 12202 12305
24166 2 0 12201 12305 12304
24167 2 0 12202 12203 12306
24168 2 0 12202 12306 12305
24169 2 0 12203 12204 12307
24170 2 0 12203 12307 12306
24171 2 0 12204 12205 12308
24172 2 0 12204 12308 12307
24173 2 0 12205 12206 12309
24174 2 0 12205 12309 12308
24175 2 0 12206 12207 12310
24176 2 0 12206 12310 12309
24177 2 0 12207 12208 12311
24178 2 0 12207 12311 12310
24179 2 0 12208 12209 12312
24180 2 0 12208 12312 12311
24181 2 0 12209 12210 12313
24182 2 0 12209 12313 12312
24183 2 0 12210 12211 12314
24184 2 0 12210 12314 12313
24185 2 0 12211 12212 12315
24186 2 0 12211 12315 12314
24187 2 0 12212 12213 12316
24188 2 0 12212 12316 12315
24189 2 0 12213 12214 12317
24190 2 0 12213 12317 12316
24191 2 0 12214 12215 12318
24192 2 0 12214 12318 12317
24193 2 0 12215 12216 12319
24194 2 0 12215 12319 12318
24195 2 0 12216 12217 12320
24196 2 0 12216 12320 12319
24197 2 0 12217 12218 12321
24198 2 0 12217 12321 12320
24199 2 0 12218 12219 12322
24200 2 0 12218 12322 12321
24201 2 0 12219 12220 12323
24202 2 0 12219 12323 12322
24203 2 0 12220 12221 12324
24204 2 0 12220 12324 12323
24205 2 0 12221 12222 12325
24206 2 0 12221 12325 12324
24207 2 0 12222 12223 12326
24208 2 0 12222 12326 12325
24209 2 0 12223 12224 12327
24210 2 0 12223 12327 12326
24211 2 0 12224 12225 12328
24212 2 0 12224 12328 12327
24213 2 0 12225 12226 12329
24214 2 0 12225 12329 12328
24215 2 0 12226 12227 12330
24216 2 0 12226 12330 12329
24217 2 0 12227 12228 12331
24218 2 0 12227 12331 12330
24219 2 0 12228 12229 12332
24220 2 0 12228 12332 12331
24221 2 0 12229 12230 12333
24222 2 0 12229 12333 12332
24223 2 0 12230 12231 12334
24224 2 0 12230 12334 12333
24225 2 0 12231 12232 12335
24226 2 0 12231 12335 12334
24227 2 0 12232 12233 12336
24228 2 0 12232 12336 12335
24229 2 0 12233 12234 12337
24230 2 0 12233 12337 12336
24231 2 0 12234 12235 12338
24232 2 0 12234 12338 12337
24233 2 0 12235 12236 12339
24234 2 0 12235 12339 12338
24235 2 0 12236 12237 12340
24236 2 0 12236 12340 12339
24237 2 0 12237 12238 12341
24238 2 0 12237 12341 12340
24239 2 0 12238 12239 12342
24240 2 0 12238 12342 12341
24241 2 0 12239 12240 12343
24242 2 0 12239 12343 12342
24243 2 0 12240 12241 12344
24244 2 0 12240 12344 12343
24245 2 0 12241 12242 12345
24246 2 0 12241 12345 12344
24247 2 0 12242 12243 12346
24248 2 0 12242 12346 12345
24249 2 0 12243 12244 12347
24250 2 0 12243 12347 12346
24251 2 0 12244 12245 12348
24252 2 0 12244 12348 12347
24253 2 0 12245 12246 12349
24254 2 0 12245 12349 12348
24255 2 0 12246 12247 12350
24256 2 0 12246 12350 12349
24257 2 0 12247 12248 12351
24258 2 0 12247 12351 12350
24259 2 0 12248 12249 12352
24260 2 0 12248 12352 12351
24261 2 0 12249 12250 12353
24262 2 0 12249 12353 12352
24263 2 0 12250 12251 12354
24264 2 0 12250 12354 12353
24265 2 0 12251 12252 12355
24266 2 0 12251 12355 12354
24267 2 0 12252 12253 12356
24268 2 0 12252 12356 12355
24269 2 0 12253 12254 12357
24270 2 0 12253 12357 12356
24271 2 0 12254 12255 12358
24272 2 0 12254 12358 12357
24273 2 0 12255 12256 12359
24274 2 0 12255 12359 12358
24275 2 0 12256 12257 12360
24276 2 0 12256 12360 12359
24277 2 0 12258 12259 12362
24278 2 0 12258 12362 12361
24279 2 0 12259 12260 12363
24280 2 0 12259 12363 12362
24281 2 0 12260 12261 12364
24282 2 0 12260 12364 12363
24283 2 0 12261 12262 12365
24284 2 0 12261 12365 12364
24285 2 0 12262 12263 12366
24286 2 0 12262 12366 12365
24287 2 0 12263 12264 12367
24288 2 0 12263 12367 12366
24289 2 0 12264 12265 12368
24290 2 0 12264 12368 12367
24291 2 0 12265 12266 12369
24292 2 0 12265 12369 12368
24293 2 0 12266 12267 12370
24294 2 0 12266 12370 12369
24295 2 0 12267 12268 12371
24296 2 0 12267 12371 12370
24297 2 0 12268 12269 12372
24298 2 0 12268 12372 12371
24299 2 0 12269 12270 12373
24300 2 0 12269 12373 12372
24301 2 0 12270 12271 12374
24302 2 0 12270 12374 12373
24303 2 0 12271 12272 12375
24304 2 0 12271 12375 12374
24305 2 0 12272 12273 12376
24306 2 0 12272 12376 12375
24307 2 0 12273 12274 12377
24308 2 0 12273 12377 12376
24309 2 0 12274 12275 12378
24310 2 0 12274 12378 12377
24311 2 0 12275 12276 12379
24312 2 0 12275 12379 12378
24313 2 0 12276 12277 12380
24314 2 0 12276 12380 12379
24315 2 0 12277 12278 12381
24316 2 0 12277 12381 12380
24317 2 0 12278 12279 12382
24318 2 0 12278 12382 12381
24319 2 0 12279 12280 12383
24320 2 0 12279 12383 12382
24321 2 0 12280 12281 12384
24322 2 0 12280 12384 12383
24323 2 0 12281 12282 12385
24324 2 0 12281 12385 12384
24325 2 0 12282 12283 12386
24326 2 0 12282 12386 12385
24327 2 0 12283 12284 12387
24328 2 0 12283 12387 12386
24329 2 0 12284 12285 12388
24330 2 0 12284 12388 12387
24331 2 0 12285 12286 12389
24332 2 0 12285 12389 12388
24333 2 0 12286 12287 12390
24334 2 0 12286 12390 12389
24335 2 0 12287 12288 12391
24336 2 0 12287 12391 12390
24337 2 0 12288 12289 12392
24338 2 0 12288 12392 12391
24339 2 0 12289 12290 12393
24340 2 0 12289 12393 12392
24341 2 0 12290 12291 12394
24342 2 0 12290 12394 12393
24343 2 0 12291 12292 12395
24344 2 0 12291 12395 12394
24345 2 0 12292 12293 12396
24346 2 0 12292 12396 12395
24347 2 0 12293 12294 12397
24348 2 0 12293 12397 12396
24349 2 0 12294 12295 12398
24350 2 0 12294 12398 12397
24351 2 0 12295 12296 12399
24352 2 0 12295 12399 12398
24353 2 0 12296 12297 12400
24354 2 0 12296 12400 12399
24355 2 0 12297 12298 12401
24356 2 0 12297 12401 12400
24357 2 0 12298 12299 12402
24358 2 0 12298 12402 12401
24359 2 0 12299 12300 12403
24360 2 0 12299 12403 12402
24361 2 0 12300 12301 12404
24362 2 0 12300 12404 12403
24363 2 0 12301 12302 12405
24364 2 0 12301 12405 12404
24365 2 0 12302 12303 12406
24366 2 0 12302 12406 12405
24367 2 0 12303 12304 12407
24368 2 0 12303 12407 12406
24369 2 0 12304 12305 12408
24370 2 0 12304 12408 12407
24371 2 0 12305 12306 12409
24372 2 0 12305 12409 12408
24373 2 0 12306 12307 12410
24374 2 0 12306 12410 12409
24375 2 0 12307 12308 12411
24376 2 0 12307 12411 12410
24377 2 0 12308 12309 12412
24378 2 0 12308 12412 12411
24379 2 0 12309 12310 12413
24380 2 0 12309 12413 12412
24381 2 0 12310 12311 12414
24382 2 0 12310 12414 12413
24383 2 0 12311 12312 12415
24384 2 0 12311 12415 12414
24385 2 0 12312 12313 12416
24386 2 0 12312 12416 12415
24387 2 0 12313 12314 12417
24388 2 0 12313 12417 12416
24389 2 0 12314 12315 12418
24390 2 0 12314 12418 12417
24391 2 0 12315 12316 12419
24392 2 0 12315 12419 12418
24393 2 0 12316 12317 12420
24394 2 0 12316 12420 12419
24395 2 0 12317 12318 12421
24396 2 0 12317 12421 12420
24397 2 0 12318 12319 12422
24398 2 0 12318 12422 12421
24399 2 0 12319 12320 12423
24400 2 0 12319 12423 12422
24401 2 0 12320 12321 12424
24402 2 0 12320 12424 12423
24403 2 0 12321 12322 12425
24404 2 0 12321 12425 12424
24405 2 0 12322 12323 12426
24406 2 0 12322 12426 12425
24407 2 0 12323 12324 12427
24408 2 0 12323 12427 12426
24409 2 0 12324 12325 12428
24410 2 0 12324 12428 12427
24411 2 0 12325 12326 12429
24412 2 0 12325 12429 12428
24413 2 0 12326 12327 12430
24414 2 0 12326 12430 12429
24415 2 0 12327 12328 12431
24416 2 0 12327 12431 12430
24417 2 0 12328 12329 12432
24418 2 0 12328 12432 12431
24419 2 0 12329 12330 12433
24420 2 0 12329 12433 12432
24421 2 0 12330 12331 12434
24422 2 0 12330 12434 12433
24423 2 0 12331 12332 12435
24424 2 0 12331 12435 12434
24425 2 0 12332 12333 12436
24426 2 0 12332 12436 12435
24427 2 0 12333 12334 12437
24428 2 0 12333 12437 12436
24429 2 0 12334 12335 12438
24430 2 0 12334 12438 12437
24431 2 0 12335 12336 12439
24432 2 0 12335 12439 12438
24433 2 0 12336 12337 12440
24434 2 0 12336 12440 12439
24435 2 0 12337 12338 12441
24436 2 0 12337 12441 12440
24437 2 0 12338 12339 12442
24438 2 0 12338 12442 12441
24439 2 0 12339 12340 12443
24440 2 0 12339 12443 12442
24441 2 0 12340 12341 12444
24442 2 0 12340 12444 12443
24443 2 0 12341 12342 12445
24444 2 0 12341 12445 12444
24445 2 0 12342 12343 12446
24446 2 0 12342 12446 12445
24447 2 0 12343 12344 12447
24448 2 0 12343 12447 12446
24449 2 0 12344 12345 12448
24450 2 0 12344 12448 12447
24451 2 0 12345 12346 12449
24452 2 0 12345 12449 12448
24453 2 0 12346 12347 12450
24454 2 0 12346 12450 12449
24455 2 0 12347 12348 12451
24456 2 0 12347 12451 12450
24457 2 0 12348 12349 12452
24458 2 0 12348 12452 12451
24459 2 0 12349 12350 12453
24460 2 0 12349 12453 12452
24461 2 0 12350 12351 12454
24462 2 0 12350 12454 12453
24463 2 0 12351 12352 12455
24464 2 0 12351 12455 12454
24465 2 0 12352 12353 12456
24466 2 0 12352 12456 12455
24467 2 0 12353 12354 12457
24468 2 0 12353 12457 12456
24469 2 0 12354 12355 12458
24470 2 0 12354 12458 12457
24471 2 0 12355 12356 12459
24472 2 0 12355 12459 12458
24473 2 0 12356 12357 12460
24474 2 0 12356 12460 12459
24475 2 0 12357 12358 12461
24476 2 0 12357 12461 12460
24477 2 0 12358 12359 12462
24478 2 0 12358 12462 12461
24479 2 0 12359 12360 12463
24480 2 0 12359 12463 12462
24481 2 0 12361 12362 12465
24482 2 0 12361 12465 12464
24483 2 0 12362 12363 12466
24484 2 0 12362 12466 12465
24485 2 0 12363 12364 12467
24486 2 0 12363 12467 12466
24487 2 0 12364 12365 12468
24488 2 0 12364 12468 12467
24489 2 0 12365 12366 12469
24490 2 0 12365 12469 12468
24491 2 0 12366 12367 12470
24492 2 0 12366 12470 12469
24493 2 0 12367 12368 12471
24494 2 0 12367 12471 12470
24495 2 0 12368 12369 12472
24496 2 0 12368 12472 12471
24497 2 0 12369 12370 12473
24498 2 0 12369 12473 12472
24499 2 0 12370 12371 12474
24500 2 0 12370 12474 12473
24501 2 0 12371 12372 12475
24502 2 0 12371 12475 12474
24503 2 0 12372 12373 12476
24504 2 0 12372 12476 12475
24505 2 0 12373 12374 12477
24506 2 0 12373 12477 12476
24507 2 0 12374 12375 12478
24508 2 0 12374 12478 12477
24509 2 0 12375 12376 12479
24510 2 0 12375 12479 12478
24511 2 0 12376 12377 12480
24512 2 0 12376 12480 12479
24513 2 0 12377 12378 12481
24514 2 0 12377 12481 12480
24515 2 0 12378 12379 12482
24516 2 0 12378 12482 12481
24517 2 0 12379 12380 12483
24518 2 0 12379 12483 12482
24519 2 0 12380 12381 12484
24520 2 0 12380 12484 12483
24521 2 0 12381 12382 12485
24522 2 0 12381 12485 12484
24523 2 0 12382 12383 12486
24524 2 0 12382 12486 12485
24525 2 0 12383 12384 12487
24526 2 0 12383 12487 12486
24527 2 0 12384 12385 12488
24528 2 0 12384 12488 12487
24529 2 0 12385 12386 12489
24530 2 0 12385 12489 12488
24531 2 0 12386 12387 12490
24532 2 0 12386 12490 12489
24533 2 0 12387 12388 12491
24534 2 0 12387 12491 12490
24535 2 0 12388 12389 12492
24536 2 0 12388 12492 12491
24537 2 0 12389 12390 12493
24538 2 0 12389 12493 12492
24539 2 0 12390 12391 12494
24540 2 0 12390 12494 12493
24541 2 0 12391 12392 12495
24542 2 0 12391 12495 12494
24543 2 0 12392 12393 12496
24544 2 0 12392 12496 12495
24545 2 0 12393 12394 12497
24546 2 0 12393 12497 12496
24547 2 0 12394 12395 12498
24548 2 0 12394 12498 12497
24549 2 0 12395 12396 12499
24550 2 0 12395 12499 12498
24551 2 0 12396 12397 12500
24552 2 0 12396 12500 12499
24553 2 0 12397 12398 12501
24554 2 0 12397 12501 12500
24555 2 0 12398 12399 12502
24556 2 0 12398 12502 12501
24557 2 0 12399 12400 12503
24558 2 0 12399 12503 12502
24559 2 0 12400 12401 12504
24560 2 0 12400 12504 12503
24561 2 0 12401 12402 12505
24562 2 0 12401 12505 12504
24563 2 0 12402 12403 12506
24564 2 0 12402 12506 12505
24565 2 0 12403 12404 12507
24566 2 0 12403 12507 12506
24567 2 0 12404 12405 12508
24568 2 0 12404 12508 12507
24569 2 0 12405 12406 12509
24570 2 0 12405 12509 12508
24571 2 0 12406 12407 12510
24572 2 0 12406 12510 12509
24573 2 0 12407 12408 12511
24574 2 0 12407 12511 12510
24575 2 0 12408 12409 12512
24576 2 0 12408 12512 12511
24577 2 0 12409 12410 12513
24578 2 0 12409 12513 12512
24579 2 0 12410 12411 12514
24580 2 0 12410 12514 12513
24581 2 0 12411 12412 12515
24582 2 0 12411 12515 12514
24583 2 0 12412 12413 12516
24584 2 0 12412 12516 12515
24585 2 0 12413 12414 12517
24586 2 0 12413 12517 12516
24587 2 0 12414 12415 12518
24588 2 0 12414 12518 12517
24589 2 0 12415 12416 12519
24590 2 0 12415 12519 12518
24591 2 0 12416 12417 12520
24592 2 0 12416 12520 12519
24593 2 0 12417 12418 12521
24594 2 0 12417 12521 12520
24595 2 0 12418 12419 12522
24596 2 0 12418 12522 12521
24597 2 0 12419 12420 12523
24598 2 0 12419 12523 12522
24599 2 0 12420 12421 12524
24600 2 0 12420 12524 12523
24601 2 0 12421 12422 12525
24602 2 0 12421 12525 12524
24603 2 0 12422 12423 12526
24604 2 0 12422 12526 12525
24605 2 0 12423 12424 12527
24606 2 0 12423 12527 12526
24607 2 0 12424 12425 12528
24608 2 0 12424 12528 12527
24609 2 0 12425 12426 12529
24610 2 0 12425 12529 12528
24611 2 0 12426 12427 12530
24612 2 0 12426 12530 12529
24613 2 0 12427 12428 12531
24614 2 0 12427 12531 12530
24615 2 0 12428 12429 12532
24616 2 0 12428 12532 12531
24617 2 0 12429 12430 12533
24618 2 0 12429 12533 12532
24619 2 0 12430 12431 12534
24620 2 0 12430 12534 12533
24621 2 0 12431 12432 12535
24622 2 0 12431 12535 12534
24623 2 0 12432 12433 12536
24624 2 0 12432 12536 12535
24625 2 0 12433 12434 12537
24626 2 0 12433 12537 12536
24627 2 0 12434 12435 12538
24628 2 0 12434 12538 12537
24629 2 0 12435 12436 12539
24630 2 0 12435 12539 12538
24631 2 0 12436 12437 12540
24632 2 0 12436 12540 12539
24633 2 0 12437 12438 12541
24634 2 0 12437 12541 12540
24635 2 0 12438 12439 12542
24636 2 0 12438 12542 12541
24637 2 0 12439 12440 12543
24638 2 0 12439 12543 12542
24639 2 0 12440 12441 12544
24640 2 0 12440 12544 12543
24641 2 0 12441 12442 12545
24642 2 0 12441 12545 12544
24643 2 0 12442 12443 12546
24644 2 0 12442 12546 12545
24645 2 0 12443 12444 12547
24646 2 0 12443 12547 12546
24647 2 0 12444 12445 12548
24648 2 0 12444 12548 12547
24649 2 0 12445 12446 12549
24650 2 0 12445 12549 12548
24651 2 0 12446 12447 12550
24652 2 0 12446 12550 12549
24653 2 0 12447 12448 12551
24654 2 0 12447 12551 12550
24655 2 0 12448 12449 12552
24656 2 0 12448 12552 12551
24657 2 0 12449 12450 12553
24658 2 0 12449 12553 12552
24659 2 0 12450 12451 12554
24660 2 0 12450 12554 12553
24661 2 0 12451 12452 12555
24662 2 0 12451 12555 12554
24663 2 0 12452 12453 12556
24664 2 0 12452 12556 12555
24665 2 0 12453 12454 12557
24666 2 0 12453 12557 12556
24667 2 0 12454 12455 12558
24668 2 0 12454 12558 12557
24669 2 0 12455 12456 12559
24670 2 0 12455 12559 12558
24671 2 0 12456 12457 12560
24672 2 0 12456 12560 12559
24673 2 0 12457 12458 12561
24674 2 0 12457 12561 12560
24675 2 0 12458 12459 12562
24676 2 0 12458 12562 12561
24677 2 0 12459 12460 12563
24678 2 0 12459 12563 12562
24679 2 0 12460 12461 12564
24680 2 0 12460 12564 12563
24681 2 0 12461 12462 12565
24682 2 0 12461 12565 12564
24683 2 0 12462 12463 12566
24684 2 0 12462 12566 12565
24685 2 0 12464 12465 12568
24686 2 0 12464 12568 12567
24687 2 0 12465 12466 12569
24688 2 0 12465 12569 12568
24689 2 0 12466 12467 12570
24690 2 0 12466 12570 12569
24691 2 0 12467 12468 12571
24692 2 0 12467 12571 12570
24693 2 0 12468 12469 12572
24694 2 0 12468 12572 12571
24695 2 0 12469 12470 12573
24696 2 0 12469 12573 12572
24697 2 0 12470 12471 12574
24698 2 0 12470 12574 12573
24699 2 0 12471 12472 12575
24700 2 0 12471 12575 12574
24701 2 0 12472 12473 12576
24702 2 0 12472 12576 12575
24703 2 0 12473 12474 12577
24704 2 0 12473 12577 12576
24705 2 0 12474 12475 12578
24706 2 0 12474 12578 12577
24707 2 0 12475 12476 12579
24708 2 0 12475 12579 12578
24709 2 0 12476 12477 12580
24710 2 0 12476 12580 12579
24711 2 0 12477 12478 12581
24712 2 0 12477 12581 12580
24713 2 0 12478 12479 12582
24714 2 0 12478 12582 12581
24715 2 0 12479 12480 12583
24716 2 0 12479 12583 12582
24717 2 0 12480 12481 12584
24718 2 0 12480 12584 12583
24719 2 0 12481 12482 12585
24720 2 0 12481 12585 12584
24721 2 0 12482 12483 12586
24722 2 0 12482 12586 12585
24723 2 0 12483 12484 12587
24724 2 0 12483 12587 12586
24725 2 0 12484 12485 12588
24726 2 0 12484 12588 12587
24727 2 0 12485 12486 12589
24728 2 0 12485 12589 12588
24729 2 0 12486 12487 12590
24730 2 0 12486 12590 12589
24731 2 0 12487 12488 12591
24732 2 0 12487 12591 12590
24733 2 0 12488 12489 12592
24734 2 0 12488 12592 12591
24735 2 0 12489 12490 12593
24736 2 0 12489 12593 12592
24737 2 0 12490 12491 12594
24738 2 0 12490 12594 12593
24739 2 0 12491 12492 12595
24740 2 0 12491 12595 12594
24741 2 0 12492 12493 12596
24742 2 0 12492 12596 12595
24743 2 0 12493 12494 12597
24744 2 0 12493 12597 12596
24745 2 0 12494 12495 12598
24746 2 0 12494 12598 12597
24747 2 0 12495 12496 12599
24748 2 0 12495 12599 12598
24749 2 0 12496 12497 12600
24750 2 0 12496 12600 12599
24751 2 0 12497 12498 12601
24752 2 0 12497 12601 12600
24753 2 0 12498 12499 12602
24754 2 0 12498 12602 12601
24755 2 0 12499 12500 12603
24756 2 0 12499 12603 12602
24757 2 0 12500 12501 12604
24758 2 0 12500 12604 12603
24759 2 0 12501 12502 12605
24760 2 0 12501 12605 12604
24761 2 0 12502 12503 12606
24762 2 0 12502 12606 12605
24763 2 0 12503 12504 12607
24764 2 0 12503 12607 12606
24765 2 0 12504 12505 12608
24766 2 0 12504 12608 12607
24767 2 0 12505 12506 12609
24768 2 0 12505 12609 12608
24769 2 0 12506 12507 12610
24770 2 0 12506 12610 12609
24771 2 0 12507 12508 12611
24772 2 0 12507 12611 12610
24773 2 0 12508 12509 12612
24774 2 0 12508 12612 12611
24775 2 0 12509 12510 12613
24776 2 0 12509 12613 12612
24777 2 0 12510 12511 12614
24778 2 0 12510 12614 12613
24779 2 0 12511 12512 12615
24780 2 0 12511 12615 12614
24781 2 0 12512 12513 12616
24782 2 0 12512 12616 12615
24783 2 0 12513 12514 12617
24784 2 0 12513 12617 12616
24785 2 0 12514 12515 12618
24786 2 0 12514 12618 12617
24787 2 0 12515 12516 12619
24788 2 0 12515 12619 12618
24789 2 0 12516 12517 12620
24790 2 0 12516 12620 12619
24791 2 0 12517 12518 12621
24792 2 0 12517 12621 12620
24793 2 0 12518 12519 12622
24794 2 0 12518 12622 12621
24795 2 0 12519 12520 12623
24796 2 0 12519 12623 12622
24797 2 0 12520 12521 12624
24798 2 0 12520 12624 12623
24799 2 0 12521 12522 12625
24800 2 0 12521 12625 12624
24801 2 0 12522 12523 12626
24802 2 0 12522 12626 12625
24803 2 0 12523 12524 12627
24804 2 0 12523 12627 12626
24805 2 0 12524 12525 12628
24806 2 0 12524 12628 12627
24807 2 0 12525 12526 12629
24808 2 0 12525 12629 12628
24809 2 0 12526 12527 12630
24810 2 0 12526 12630 12629
24811 2 0 12527 12528 12631
24812 2 0 12527 12631 12630
24813 2 0 12528 12529 12632
24814 2 0 12528 12632 12631
24815 2 0 12529 12530 12633
24816 2 0 12529 12633 12632
24817 2 0 12530 12531 12634
24818 2 0 12530 12634 12633
24819 2 0 12531 12532 12635
24820 2 0 12531 12635 12634
24821 2 0 12532 12533 12636
24822 2 0 12532 12636 12635
24823 2 0 12533 12534 12637
24824 2 0 12533 12637 12636
24825 2 0 12534 12535 12638
24826 2 0 12534 12638 12637
24827 2 0 12535 12536 12639
24828 2 0 12535 12639 12638
24829 2 0 12536 12537 12640
24830 2 0 12536 12640 12639
24831 2 0 12537 12538 12641
24832 2 0 12537 12641 12640
24833 2 0 12538 12539 12642
24834 2 0 12538 12642 12641
24835 2 0 12539 12540 12643
24836 2 0 12539 12643 12642
24837 2 0 12540 12541 12644
24838 2 0 12540 12644 12643
24839 2 0 12541 12542 12645
24840 2 0 12541 12645 12644
24841 2 0 12542 12543 12646
24842 2 0 12542 12646 12645
24843 2 0 12543 12544 12647
24844 2 0 12543 12647 12646
24845 2 0 12544 12545 12648
24846 2 0 12544 12648 12647
24847 2 0 12545 12546 12649
24848 2 0 12545 12649 12648
24849 2 0 12546 12547 12650
24850 2 0 12546 12650 12649
24851 2 0 12547 12548 12651
24852 2 0 12547 12651 12650
24853 2 0 12548 12549 12652
24854 2 0 12548 12652 12651
24855 2 0 12549 12550 12653
24856 2 0 12549 12653 12652
24857 2 0 12550 12551 12654
24858 2 0 12550 12654 12653
24859 2 0 12551 12552 12655
24860 2 0 12551 12655 12654
24861 2 0 12552 12553 12656
24862 2 0 12552 12656 12655
24863 2 0 12553 12554 12657
24864 2 0 12553 12657 12656
24865 2 0 12554 12555 12658
24866 2 0 12554 12658 12657
24867 2 0 12555 12556 12659
24868 2 0 12555 12659 12658
24869 2 0 12556 12557 12660
24870 2 0 12556 12660 12659
24871 2 0 12557 12558 12661
24872 2 0 12557 12661 12660
24873 2 0 12558 12559 12662
24874 2 0 12558 12662 12661
24875 2 0 12559 12560 12663
24876 2 0 12559 12663 12662
24877 2 0 12560 12561 12664
24878 2 0 12560 12664 12663
24879 2 0 12561 12562 12665
24880 2 0 12561 12665 12664
24881 2 0 12562 12563 12666
24882 2 0 12562 12666 12665
24883 2 0 12563 12564 12667
24884 2 0 12563 12667 12666
24885 2 0 12564 12565 12668
24886 2 0 12564 12668 12667
24887 2 0 12565 12566 12669
24888 2 0 12565 12669 12668
24889 2 0 12567 12568 12671
24890 2 0 12567 12671 12670
24891 2 0 12568 12569 12672
24892 2 0 12568 12672 12671
24893 2 0 12569 12570 12673
24894 2 0 12569 12673 12672
24895 2 0 12570 12571 12674
24896 2 0 12570 12674 12673
24897 2 0 12571 12572 12675
24898 2 0 12571 12675 12674
24899 2 0 12572 12573 12676
24900 2 0 12572 12676 12675
24901 2 0 12573 12574 12677
24902 2 0 12573 12677 12676
24903 2 0 12574 12575 12678
24904 2 0 12574 12678 12677
24905 2 0 12575 12576 12679
24906 2 0 12575 12679 12678
24907 2 0 12576 12577 12680
24908 2 0 12576 12680 12679
24909 2 0 12577 12578 12681
24910 2 0 12577 12681 12680
24911 2 0 12578 12579 12682
24912 2 0 12578 12682 12681
24913 2 0 12579 12580 12683
24914 2 0 12579 12683 12682
24915 2 0 12580 12581 12684
24916 2 0 12580 12684 12683
24917 2 0 12581 12582 12685
24918 2 0 12581 12685 12684
24919 2 0 12582 12583 12686
24920 2 0 12582 12686 12685
24921 2 0 12583 12584 12687
24922 2 0 12583 12687 12686
24923 2 0 12584 12585 12688
24924 2 0 12584 12688 12687
24925 2 0 12585 12586 12689
24926 2 0 12585 12689 12688
24927 2 0 12586 12587 12690
24928 2 0 12586 12690 12689
24929 2 0 12587 12588 12691
24930 2 0 12587 12691 12690
24931 2 0 12588 12589 12692
24932 2 0 12588 12692 12691
24933 2 0 12589 12590 12693
24934 2 0 12589 12693 12692
24935 2 0 12590 12591 12694
24936 2 0 12590 12694 12693
24937 2 0 12591 12592 12695
24938 2 0 12591 12695 12694
24939 2 0 12592 12593 12696
24940 2 0 12592 12696 12695
24941 2 0 12593 12594 12697
24942 2 0 12593 12697 12696
24943 2 0 12594 12595 12698
24944 2 0 12594 12698 12697
24945 2 0 12595 12596 12699
24946 2 0 12595 12699 12698
24947 2 0 12596 12597 12700
24948 2 0 12596 12700 12699
24949 2 0 12597 12598 12701
24950 2 0 12597 12701 12700
24951 2 0 12598 12599 12702
24952 2 0 12598 12702 12701
24953 2 0 12599 12600 12703
24954 2 0 12599 12703 12702
24955 2 0 12600 12601 12704
24956 2 0 12600 12704 12703
24957 2 0 12601 12602 12705
24958 2 0 12601 12705 12704
24959 2 0 12602 12603 12706
24960 2 0 12602 12706 12705
24961 2 0 12603 12604 12707
24962 2 0 12603 12707 12706
24963 2 0 12604 12605 12708
24964 2 0 12604 12708 12707
24965 2 0 12605 12606 12709
24966 2 0 12605 12709 12708
24967 2 0 12606 12607 12710
24968 2 0 12606 12710 12709
24969 2 0 12607 12608 12711
24970 2 0 12607 12711 12710
24971 2 0 12608 12609 12712
24972 2 0 12608 12712 12711
24973 2 0 12609 12610 12713
24974 2 0 12609 12713 12712
24975 2 0 12610 12611 12714
24976 2 0 12610 12714 12713
24977 2 0 12611 12612 12715
24978 2 0 12611 12715 12714
24979 2 0 12612 12613 12716
24980 2 0 12612 12716 12715
24981 2 0 12613 12614 12717
24982 2 0 12613 12717 12716
24983 2 0 12614 12615 12718
24984 2 0 12614 12718 12717
24985 2 0 12615 12616 12719
24986 2 0 12615 12719 12718
24987 2 0 12616 12617 12720
24988 2 0 12616 12720 12719
24989 2 0 12617 12618 12721
24990 2 0 12617 12721 12720
24991 2 0 12618 12619 12722
24992 2 0 12618 12722 12721
24993 2 0 12619 12620 12723
24994 2 0 12619 12723 12722
24995 2 0 12620 12621 12724
24996 2 0 12620 12724 12723
24997 2 0 12621 12622 12725
24998 2 0 12621 12725 12724
24999 2 0 12622 12623 12726
25000 2 0 12622 12726 12725
25001 2 0 12623 12624 12727
25002 2 0 12623 12727 12726
25003 2 0 12624 12625 12728
25004 2 0 12624 12728 12727
25005 2 0 12625 12626 12729
25006 2 0 12625 12729 12728
25007 2 0 12626 12627 12730
25008 2 0 12626 12730 12729
25009 2 0 12627 12628 12731
25010 2 0 12627 12731 12730
25011 2 0 12628 12629 12732
25012 2 0 12628 12732 12731
25013 2 0 12629 12630 12733
25014 2 0 12629 12733 12732
25015 2 0 12630 12631 12734
25016 2 0 12630 12734 12733
25017 2 0 12631 12632 12735
25018 2 0 12631 12735 12734
25019 2 0 12632 12633 12736
25020 2 0 12632 12736 12735
25021 2 0 12633 12634 12737
25022 2 0 12633 12737 12736
25023 2 0 12634 12635 12738
25024 2 0 12634 12738 12737
25025 2 0 12635 12636 12739
25026 2 0 12635 12739 12738
25027 2 0 12636 12637 12740
25028 2 0 12636 12740 12739
25029 2 0 12637 12638 12741
25030 2 0 12637 12741 12740
25031 2 0 12638 12639 12742
25032 2 0 12638 12742 12741
25033 2 0 12639 12640 12743
25034 2 0 12639 12743 12742
25035 2 0 12640 12641 12744
25036 2 0 12640 12744 12743
25037 2 0 12641 12642 12745
25038 2 0 12641 12745 12744
25039 2 0 12642 12643 12746
25040 2 0 12642 12746 12745
25041 2 0 12643 12644 12747
25042 2 0 12643 12747 12746
25043 2 0 12644 12645 12748
25044 2 0 12644 12748 12747
25045 2 0 12645 12646 12749
25046 2 0 12645 12749 12748
25047 2 0 12646 12647 12750
25048 2 0 12646 12750 12749
25049 2 0 12647 12648 12751
25050 2 0 12647 12751 12750
25051 2 0 12648 12649 12752
25052 2 0 12648 12752 12751
25053 2 0 12649 12650 12753
25054 2 0 12649 12753 12752
25055 2 0 12650 12651 12754
25056 2 0 12650 12754 12753
25057 2 0 12651 12652 12755
25058 2 0 12651 12755 12754
25059 2 0 12652 12653 12756
25060 2 0 12652 12756 12755
25061 2 0 12653 12654 12757
25062 2 0 12653 12757 12756
25063 2 0 12654 12655 12758
25064 2 0 12654 12758 12757
25065 2 0 12655 12656 12759
25066 2 0 12655 12759 12758
25067 2 0 12656 12657 12760
25068 2 0 12656 12760 12759
25069 2 0 12657 12658 12761
25070 2 0 12657 12761 12760
25071 2 0 12658 12659 12762
25072 2 0 12658 12762 12761
25073 2 0 12659 12660 12763
25074 2 0 12659 12763 12762
25075 2 0 12660 12661 12764
25076 2 0 12660 12764 12763
25077 2 0 12661 12662 12765
25078 2 0 12661 12765 12764
25079 2 0 12662 12663 12766
25080 2 0 12662 12766 12765
25081 2 0 12663 12664 12767
25082 2 0 12663 12767 12766
25083 2 0 12664 12665 12768
25084 2 0 12664 12768 12767
25085 2 0 12665 12666 12769
25086 2 0 12665 12769 12768
25087 2 0 12666 12667 12770
25088 2 0 12666 12770 12769
25089 2 0 12667 12668 12771
25090 2 0 12667 12771 12770
25091 2 0 12668 12669 12772
25092 2 0 12668 12772 12771
25093 2 0 12670 12671 12774
25094 2 0 12670 12774 12773
25095 2 0 12671 12672 12775
25096 2 0 12671 12775 12774
25097 2 0 12672 12673 12776
25098 2 0 12672 12776 12775
25099 2 0 12673 12674 12777
25100 2 0 12673 12777 12776
25101 2 0 12674 12675 12778
25102 2 0 12674 12778 12777
25103 2 0 12675 12676 12779
25104 2 0 12675 12779 12778
25105 2 0 12676 12677 12780
25106 2 0 12676 12780 12779
25107 2 0 12677 12678 12781
25108 2 0 12677 12781 12780
25109 2 0 12678 12679 12782
25110 2 0 12678 12782 12781
25111 2 0 12679 12680 12783
25112 2 0 12679 12783 12782
25113 2 0 12680 12681 12784
25114 2 0 12680 12784 12783
25115 2 0 12681 12682 12785
25116 2 0 12681 12785 12784
25117 2 0 12682 12683 12786
25118 2 0 12682 12786 12785
25119 2 0 12683 12684 12787
25120 2 0 12683 12787 12786
25121 2 0 12684 12685 12788
25122 2 0 12684 12788 12787
25123 2 0 12685 12686 12789
25124 2 0 12685 12789 12788
25125 2 0 12686 12687 12790
25126 2 0 12686 12790 12789
25127 2 0 12687 12688 12791
25128 2 0 12687 12791 12790
25129 2 0 12688 12689 12792
25130 2 0 12688 12792 12791
25131 2 0 12689 12690 12793
25132 2 0 12689 12793 12792
25133 2 0 12690 12691 12794
25134 2 0 12690 12794 12793
25135 2 0 12691 12692 12795
25136 2 0 12691 12795 12794
25137 2 0 12692 12693 12796
25138 2 0 12692 12796 12795
25139 2 0 12693 12694 12797
25140 2 0 12693 12797 12796
25141 2 0 12694 12695 12798
25142 2 0 12694 12798 12797
25143 2 0 12695 12696 12799
25144 2 0 12695 12799 12798
25145 2 0 12696 12697 12800
25146 2 0 12696 12800 12799
25147 2 0 12697 12698 12801
25148 2 0 12697 12801 12800
25149 2 0 12698 12699 12802
25150 2 0 12698 12802 12801
25151 2 0 12699 12700 12803
25152 2 0 12699 12803 12802
25153 2 0 12700 12701 12804
25154 2 0 12700 12804 12803
25155 2 0 12701 12702 12805
25156 2 0 12701 12805 12804
25157 2 0 12702 12703 12806
25158 2 0 12702 12806 12805
25159 2 0 12703 12704 12807
25160 2 0 12703 12807 12806
25161 2 0 12704 12705 12808
25162 2 0 12704 12808 12807
25163 2 0 12705 12706 12809
25164 2 0 12705 12809 12808
25165 2 0 12706 12707 12810
25166 2 0 12706 12810 12809
25167 2 0 12707 12708 12811
25168 2 0 12707 12811 12810
25169 2 0 12708 12709 12812
25170 2 0 12708 12812 12811
25171 2 0 12709 12710 12813
25172 2 0 12709 12813 12812
25173 2 0 12710 12711 12814
25174 2 0 12710 12814 12813
25175 2 0 12711 12712 12815
25176 2 0 12711 12815 12814
25177 2 0 12712 12713 12816
25178 2 0 12712 12816 12815
25179 2 0 12713 12714 12817
25180 2 0 12713 12817 12816
25181 2 0 12714 12715 12818
25182 2 0 12714 12818 12817
25183 2 0 12715 12716 12819
25184 2 0 12715 12819 12818
25185 2 0 12716 12717 12820
25186 2 0 12716 12820 12819
25187 2 0 12717 12718 12821
25188 2 0 12717 12821 12820
25189 2 0 12718 12719 12822
25190 2 0 12718 12822 12821
25191 2 0 12719 12720 12823
25192 2 0 12719 12823 12822
25193 2 0 12720 12721 12824
25194 2 0 12720 12824 12823
25195 2 0 12721 12722 12825
25196 2 0 12721 12825 12824
25197 2 0 12722 12723 12826
25198 2 0 12722 12826 12825
25199 2 0 12723 12724 12827
25200 2 0 12723 12827 12826
25201 2 0 12724 12725 12828
25202 2 0 12724 12828 12827
25203 2 0 12725 12726 12829
25204 2 0 12725 12829 12828
25205 2 0 12726 12727 12830
25206 2 0 12726 12830 12829
25207 2 0 12727 12728 12831
25208 2 0 12727 12831 12830
25209 2 0 12728 12729 12832
25210 2 0 12728 12832 12831
25211 2 0 12729 12730 12833
25212 2 0 12729 12833 12832
25213 2 0 12730 12731 12834
25214 2 0 12730 12834 12833
25215 2 0 12731 12732 12835
25216 2 0 12731 12835 12834
25217 2 0 12732 12733 12836
25218 2 0 12732 12836 12835
25219 2 0 12733 12734 12837
25220 2 0 12733 12837 12836
25221 2 0 12734 12735 12838
25222 2 0 12734 12838 12837
25223 2 0 12735 12736 12839
25224 2 0 12735 12839 12838
25225 2 0 12736 12737 12840
25226 2 0 12736 12840 12839
25227 2 0 12737 12738 12841
25228 2 0 12737 12841 12840
25229 2 0 12738 12739 12842
25230 2 0 12738 12842 12841
25231 2 0 12739 12740 12843
25232 2 0 12739 12843 12842
25233 2 0 12740 12741 12844
25234 2 0 12740 12844 12843
25235 2 0 12741 12742 12845
25236 2 0 12741 12845 12844
25237 2 0 12742 12743 12846
25238 2 0 12742 12846 12845
25239 2 0 12743 12744 12847
25240 2 0 12743 12847 12846
25241 2 0 12744 12745 12848
25242 2 0 12744 12848 12847
25243 2 0 12745 12746 12849
25244 2 0 12745 12849 12848
25245 2 0 12746 12747 12850
25246 2 0 12746 12850 12849
25247 2 0 12747 12748 12851
25248 2 0 12747 12851 12850
25249 2 0 12748 12749 12852
25250 2 0 12748 12852 12851
25251 2 0 12749 12750 12853
25252 2 0 12749 12853 12852
25253 2 0 12750 12751 12854
25254 2 0 12750 12854 12853
25255 2 0 12751 12752 12855
25256 2 0 12751 12855 12854
25257 2 0 12752 12753 12856
25258 2 0 12752 12856 12855
25259 2 0 12753 12754 12857
25260 2 0 12753 12857 12856
25261 2 0 12754 12755 12858
25262 2 0 12754 12858 12857
25263 2 0 12755 12756 12859
25264 2 0 12755 12859 12858
25265 2 0 12756 12757 12860
25266 2 0 12756 12860 12859
25267 2 0 12757 12758 12861
25268 2 0 12757 12861 12860
25269 2 0 12758 12759 12862
25270 2 0 12758 12862 12861
25271 2 0 12759 12760 12863
25272 2 0 12759 12863 12862
25273 2 0 12760 12761 12864
25274 2 0 12760 12864 12863
25275 2 0 12761 12762 12865
25276 2 0 12761 12865 12864
25277 2 0 12762 12763 12866
25278 2 0 12762 12866 12865
25279 2 0 12763 12764 12867
25280 2 0 12763 12867 12866
25281 2 0 12764 12765 12868
25282 2 0 12764 12868 12867
25283 2 0 12765 12766 12869
25284 2 0 12765 12869 12868
25285 2 0 12766 12767 12870
25286 2 0 12766 12870 12869
25287 2 0 12767 12768 12871
25288 2 0 12767 12871 12870
25289 2 0 12768 12769 12872
25290 2 0 12768 12872 12871
25291 2 0 12769 12770 12873
25292 2 0 12769 12873 12872
25293 2 0 12770 12771 12874
25294 2 0 12770 12874 12873
25295 2 0 12771 12772 12875
25296 2 0 12771 12875 12874
25297 2 0 12773 12774 12877
25298 2 0 12773 12877 12876
25299 2 0 12774 12775 12878
25300 2 0 12774 12878 12877
25301 2 0 12775 12776 12879
25302 2 0 12775 12879 12878
25303 2 0 12776 12777 12880
25304 2 0 12776 12880 12879
25305 2 0 12777 12778 12881
25306 2 0 12777 12881 12880
25307 2 0 12778 12779 12882
25308 2 0 12778 12882 12881
25309 2 0 12779 12780 12883
25310 2 0 12779 12883 12882
25311 2 0 12780 12781 12884
25312 2 0 12780 12884 12883
25313 2 0 12781 12782 12885
25314 2 0 12781 12885 12884
25315 2 0 12782 12783 12886
25316 2 0 12782 12886 12885
25317 2 0 12783 12784 12887
25318 2 0 12783 12887 12886
25319 2 0 12784 12785 12888
25320 2 0 12784 12888 12887
25321 2 0 12785 12786 12889
25322 2 0 12785 12889 12888
25323 2 0 12786 12787 12890
25324 2 0 12786 12890 12889
25325 2 0 12787 12788 12891
25326 2 0 12787 12891 12890
25327 2 0 12788 12789 12892
25328 2 0 12788 12892 12891
25329 2 0 12789 12790 12893
25330 2 0 12789 12893 12892
25331 2 0 12790 12791 12894
25332 2 0 12790 12894 12893
25333 2 0 12791 12792 12895
25334 2 0 12791 12895 12894
25335 2 0 12792 12793 12896
25336 2 0 12792 12896 12895
25337 2 0 12793 12794 12897
25338 2 0 12793 12897 12896
25339 2 0 12794 12795 12898
25340 2 0 12794 12898 12897
25341 2 0 12795 12796 12899
25342 2 0 12795 12899 12898
25343 2 0 12796 12797 12900
25344 2 0 12796 12900 12899
25345 2 0 12797 12798 12901
25346 2 0 12797 12901 12900
25347 2 0 12798 12799 12902
25348 2 0 12798 12902 12901
25349 2 0 12799 12800 12903
25350 2 0 12799 12903 12902
25351 2 0 12800 12801 12904
25352 2 0 12800 12904 12903
25353 2 0 12801 12802 12905
25354 2 0 12801 12905 12904
25355 2 0 12802 12803 12906
25356 2 0 12802 12906 12905
25357 2 0 12803 12804 12907
25358 2 0 12803 12907 12906
25359 2 0 12804 12805 12908
25360 2 0 12804 12908 12907
25361 2 0 12805 12806 12909
25362 2 0 12805 12909 12908
25363 2 0 12806 12807 12910
25364 2 0 12806 12910 12909
25365 2 0 12807 12808 12911
25366 2 0 12807 12911 12910
25367 2 0 12808 12809 12912
25368 2 0 12808 12912 12911
25369 2 0 12809 12810 12913
25370 2 0 12809 12913 12912
25371 2 0 12810 12811 12914
25372 2 0 12810 12914 12913
25373 2 0 12811 12812 12915
25374 2 0 12811 12915 12914
25375 2 0 12812 12813 12916
25376 2 0 12812 12916 12915
25377 2 0 12813 12814 12917
25378 2 0 12813 12917 12916
25379 2 0 12814 12815 12918
25380 2 0 12814 12918 12917
25381 2 0 12815 12816 12919
25382 2 0 12815 12919 12918
25383 2 0 12816 12817 12920
25384 2 0 12816 12920 12919
25385 2 0 12817 12818 12921
25386 2 0 12817 12921 12920
25387 2 0 12818 12819 12922
25388 2 0 12818 12922 12921
25389 2 0 12819 12820 12923
25390 2 0 12819 12923 12922
25391 2 0 12820 12821 12924
25392 2 0 12820 12924 12923
25393 2 0 12821 12822 12925
25394 2 0 12821 12925 12924
25395 2 0 12822 12823 12926
25396 2 0 12822 12926 12925
25397 2 0 12823 12824 12927
25398 2 0 12823 12927 12926
25399 2 0 12824 12825 12928
25400 2 0 12824 12928 12927
25401 2 0 12825 12826 12929
25402 2 0 12825 12929 12928
25403 2 0 12826 12827 12930
25404 2 0 12826 12930 12929
25405 2 0 12827 12828 12931
25406 2 0 12827 12931 12930
25407 2 0 12828 12829 12932
25408 2 0 12828 12932 12931
25409 2 0 12829 12830 12933
25410 2 0 12829 12933 12932
25411 2 0 12830 12831 12934
25412 2 0 12830 12934 12933
25413 2 0 12831 12832 12935
25414 2 0 12831 12935 12934
25415 2 0 12832 12833 12936
25416 2 0 12832 12936 12935
25417 2 0 12833 12834 12937
25418 2 0 12833 12937 12936
25419 2 0 12834 12835 12938
25420 2 0 12834 12938 12937
25421 2 0 12835 12836 12939
25422 2 0 12835 12939 12938
25423 2 0 12836 12837 12940
25424 2 0 12836 12940 12939
25425 2 0 12837 12838 12941
25426 2 0 12837 12941 12940
25427 2 0 12838 12839 12942
25428 2 0 12838 12942 12941
25429 2 0 12839 12840 12943
25430 2 0 12839 12943 12942
25431 2 0 12840 12841 12944
25432 2 0 12840 12944 12943
25433 2 0 12841 12842 12945
25434 2 0 12841 12945 12944
25435 2 0 12842 12843 12946
25436 2 0 12842 12946 12945
25437 2 0 12843 12844 12947
25438 2 0 12843 12947 12946
25439 2 0 12844 12845 12948
25440 2 0 12844 12948 12947
25441 2 0 12845 12846 12949
25442 2 0 12845 12949 12948
25443 2 0 12846 12847 12950
25444 2 0 12846 12950 12949
25445 2 0 12847 12848 12951
25446 2 0 12847 12951 12950
25447 2 0 12848 12849 12952
25448 2 0 12848 12952 12951
25449 2 0 12849 12850 12953
25450 2 0 12849 12953 12952
25451 2 0 12850 12851 12954
25452 2 0 12850 12954 12953
25453 2 0 12851 12852 12955
25454 2 0 12851 12955 12954
25455 2 0 12852 12853 12956
25456 2 0 12852 12956 12955
25457 2 0 12853 12854 12957
25458 2 0 12853 12957 12956
25459 2 0 12854 12855 12958
25460 2 0 12854 12958 12957
25461 2 0 12855 12856 12959
25462 2 0 12855 12959 12958
25463 2 0 12856 12857 12960
25464 2 0 12856 12960 12959
25465 2 0 12857 12858 12961
25466 2 0 12857 12961 12960
25467 2 0 12858 12859 12962
25468 2 0 12858 12962 12961
25469 2 0 12859 12860 12963
25470 2 0 12859 12963 12962
25471 2 0 12860 12861 12964
25472 2 0 12860 12964 12963
25473 2 0 12861 12862 12965
25474 2 0 12861 12965 12964
25475 2 0 12862 12863 12966
25476 2 0 12862 12966 12965
25477 2 0 12863 12864 12967
25478 2 0 12863 12967 12966
25479 2 0 12864 12865 12968
25480 2 0 12864 12968 12967
25481 2 0 12865 12866 12969
25482 2 0 12865 12969 12968
25483 2 0 12866 12867 12970
25484 2 0 12866 12970 12969
25485 2 0 12867 12868 12971
25486 2 0 12867 12971 12970
25487 2 0 12868 12869 12972
25488 2 0 12868 12972 12971
25489 2 0 12869 12870 12973
25490 2 0 12869 12973 12972
25491 2 0 12870 12871 12974
25492 2 0 12870 12974 12973
25493 2 0 12871 12872 12975
25494 2 0 12871 12975 12974
25495 2 0 12872 12873 12976
25496 2 0 12872 12976 12975
25497 2 0 12873 12874 12977
25498 2 0 12873 12977 12976
25499 2 0 12874 12875 12978
25500 2 0 12874 12978 12977
25501 2 0 12876 12877 12980
25502 2 0 12876 12980 12979
25503 2 0 12877 12878 12981
25504 2 0 12877 12981 12980
25505 2 0 12878 12879 12982
25506 2 0 12878 12982 12981
25507 2 0 12879 12880 12983
25508 2 0 12879 12983 12982
25509 2 0 12880 12881 12984
25510 2 0 12880 12984 12983
25511 2 0 12881 12882 12985
25512 2 0 12881 12985 12984
25513 2 0 12882 12883 12986
25514 2 0 12882 12986 12985
25515 2 0 12883 12884 12987
25516 2 0 12883 12987 12986
25517 2 0 12884 12885 12988
25518 2 0 12884 12988 12987
25519 2 0 12885 12886 12989
25520 2 0 12885 12989 12988
25521 2 0 12886 12887 12990
25522 2 0 12886 12990 12989
25523 2 0 12887 12888 12991
25524 2 0 12887 12991 12990
25525 2 0 12888 12889 12992
25526 2 0 12888 12992 12991
25527 2 0 12889 12890 12993
25528 2 0 12889 12993 12992
25529 2 0 12890 12891 12994
25530 2 0 12890 12994 12993
25531 2 0 12891 12892 12995
25532 2 0 12891 12995 12994
25533 2 0 12892 12893 12996
25534 2 0 12892 12996 12995
25535 2 0 12893 12894 12997
25536 2 0 12893 12997 12996
25537 2 0 12894 12895 12998
25538 2 0 12894 12998 12997
25539 2 0 12895 12896 12999
25540 2 0 12895 12999 12998
25541 2 0 12896 12897 13000
25542 2 0 12896 13000 12999
25543 2 0 12897 12898 13001
25544 2 0 12897 13001 13000
25545 2 0 12898 12899 13002
25546 2 0 12898 13002 13001
25547 2 0 12899 12900 13003
25548 2 0 12899 13003 13002
25549 2 0 12900 12901 13004
25550 2 0 12900 13004 13003
25551 2 0 12901 12902 13005
25552 2 0 12901 13005 13004
25553 2 0 12902 12903 13006
25554 2 0 12902 13006 13005
25555 2 0 12903 12904 13007
25556 2 0 12903 13007 13006
25557 2 0 12904 12905 13008
25558 2 0 12904 13008 13007
25559 2 0 12905 12906 13009
25560 2 0 12905 13009 13008
25561 2 0 12906 12907 13010
25562 2 0 12906 13010 13009
25563 2 0 12907 12908 13011
25564 2 0 12907 13011 13010
25565 2 0 12908 12909 13012
25566 2 0 12908 13012 13011
25567 2 0 12909 12910 13013
25568 2 0 12909 13013 13012
25569 2 0 12910 12911 13014
25570 2 0 12910 13014 13013
25571 2 0 12911 12912 13015
25572 2 0 12911 13015 13014
25573 2 0 12912 12913 13016
25574 2 0 12912 13016 13015
25575 2 0 12913 12914 13017
25576 2 0 12913 13017 13016
25577 2 0 12914 12915 13018
25578 2 0 12914 13018 13017
25579 2 0 12915 12916 13019
25580 2 0 12915 13019 13018
25581 2 0 12916 12917 13020
25582 2 0 12916 13020 13019
25583 2 0 12917 12918 13021
25584 2 0 12917 13021 13020
25585 2 0 12918 12919 13022
25586 2 0 12918 13022 13021
25587 2 0 12919 12920 13023
25588 2 0 12919 13023 13022
25589 2 0 12920 12921 13024
25590 2 0 12920 13024 13023
25591 2 0 12921 12922 13025
25592 2 0 12921 13025 13024
25593 2 0 12922 12923 13026
25594 2 0 12922 13026 13025
25595 2 0 12923 12924 13027
25596 2 0 12923 13027 13026
25597 2 0 12924 12925 13028
25598 2 0 12924 13028 13027
25599 2 0 12925 12926 13029
25600 2 0 12925 13029 13028
25601 2 0 12926 12927 13030
25602 2 0 12926 13030 13029
25603 2 0 12927 12928 13031
25604 2 0 12927 13031 13030
25605 2 0 12928 12929 13032
25606 2 0 12928 13032 13031
25607 2 0 12929 12930 13033
25608 2 0 12929 13033 13032
25609 2 0 12930 12931 13034
25610 2 0 12930 13034 13033
25611 2 0 12931 12932 13035
25612 2 0 12931 13035 13034
25613 2 0 12932 12933 13036
25614 2 0 12932 13036 13035
25615 2 0 12933 12934 13037
25616 2 0 12933 13037 13036
25617 2 0 12934 12935 13038
25618 2 0 12934 13038 13037
25619 2 0 12935 12936 13039
25620 2 0 12935 13039 13038
25621 2 0 12936 12937 13040
25622 2 0 12936 13040 13039
25623 2 0 12937 12938 13041
25624 2 0 12937 13041 13040
25625 2 0 12938 12939 13042
25626 2 0 12938 13042 13041
25627 2 0 12939 12940 13043
25628 2 0 12939 13043 13042
25629 2 0 12940 12941 13044
25630 2 0 12940 13044 13043
25631 2 0 12941 12942 13045
25632 2 0 12941 13045 13044
25633 2 0 12942 12943 13046
25634 2 0 12942 13046 13045
25635 2 0 12943 12944 13047
25636 2 0 12943 13047 13046
25637 2 0 12944 12945 13048
25638 2 0 12944 13048 13047
25639 2 0 12945 12946 13049
25640 2 0 12945 13049 13048
25641 2 0 12946 12947 13050
25642 2 0 12946 13050 13049
25643 2 0 12947 12948 13051
25644 2 0 12947 13051 13050
25645 2 0 12948 12949 13052
25646 2 0 12948 13052 13051
25647 2 0 12949 12950 13053
25648 2 0 12949 13053 13052
25649 2 0 12950 12951 13054
25650 2 0 12950 13054 13053
25651 2 0 12951 12952 13055
25652 2 0 12951 13055 13054
25653 2 0 12952 12953 13056
25654 2 0 12952 13056 13055
25655 2 0 12953 12954 13057
25656 2 0 12953 13057 13056
25657 2 0 12954 12955 13058
25658 2 0 12954 13058 13057
25659 2 0 12955 12956 13059
25660 2 0 12955 13059 13058
25661 2 0 12956 12957 13060
25662 2 0 12956 13060 13059
25663 2 0 12957 12958 13061
25664 2 0 12957 13061 13060
25665 2 0 12958 12959 13062
25666 2 0 12958 13062 13061
25667 2 0 12959 12960 13063
25668 2 0 12959 13063 13062
25669 2 0 12960 12961 13064
25670 2 0 12960 13064 13063
25671 2 0 12961 12962 13065
25672 2 0 12961 13065 13064
25673 2 0 12962 12963 13066
25674 2 0 12962 13066 13065
25675 2 0 12963 12964 13067
25676 2 0 12963 13067 13066
25677 2 0 12964 12965 13068
25678 2 0 12964 13068 13067
25679 2 0 12965 12966 13069
25680 2 0 12965 13069 13068
25681 2 0 12966 12967 13070
25682 2 0 12966 13070 13069
25683 2 0 12967 12968 13071
25684 2 0 12967 13071 13070
25685 2 0 12968 12969 13072
25686 2 0 12968 13072 13071
25687 2 0 12969 12970 13073
25688 2 0 12969 13073 13072
25689 2 0 12970 12971 13074
25690 2 0 12970 13074 13073
25691 2 0 12971 12972 13075
25692 2 0 12971 13075 13074
25693 2 0 12972 12973 13076
25694 2 0 12972 13076 13075
25695 2 0 12973 12974 13077
25696 2 0 12973 13077 13076
25697 2 0 12974 12975 13078
25698 2 0 12974 13078 13077
25699 2 0 12975 12976 13079
25700 2 0 12975 13079 13078
25701 2 0 12976 12977 13080
25702 2 0 12976 13080 13079
25703 2 0 12977 12978 13081
25704 2 0 12977 13081 13080
25705 2 0 12979 12980 13083
25706 2 0 12979 13083 13082
25707 2 0 12980 12981 13084
25708 2 0 12980 13084 13083
25709 2 0 12981 12982 13085
25710 2 0 12981 13085 13084
25711 2 0 12982 12983 13086
25712 2 0 12982 13086 13085
25713 2 0 12983 12984 13087
25714 2 0 12983 13087 13086
25715 2 0 12984 12985 13088
25716 2 0 12984 13088 13087
25717 2 0 12985 12986 13089
25718 2 0 12985 13089 13088
25719 2 0 12986 12987 13090
25720 2 0 12986 13090 13089
25721 2 0 12987 12988 13091
25722 2 0 12987 13091 13090
25723 2 0 12988 12989 13092
25724 2 0 12988 13092 13091
25725 2 0 12989 12990 13093
25726 2 0 12989 13093 13092
25727 2 0 12990 12991 13094
25728 2 0 12990 13094 13093
25729 2 0 12991 12992 13095
25730 2 0 12991 13095 13094
25731 2 0 12992 12993 13096
25732 2 0 12992 13096 13095
25733 2 0 12993 12994 13097
25734 2 0 12993 13097 13096
25735 2 0 12994 12995 13098
25736 2 0 12994 13098 13097
25737 2 0 12995 12996 13099
25738 2 0 12995 13099 13098
25739 2 0 12996 12997 13100
25740 2 0 12996 13100 13099
25741 2 0 12997 12998 13101
25742 2 0 12997 13101 13100
25743 2 0 12998 12999 13102
25744 2 0 12998 13102 13101
25745 2 0 12999 13000 13103
25746 2 0 12999 13103 13102
25747 2 0 13000 13001 13104
25748 2 0 13000 13104 13103
25749 2 0 13001 13002 13105
25750 2 0 13001 13105 13104
25751 2 0 13002 13003 13106
25752 2 0 13002 13106 13105
25753 2 0 13003 13004 13107
25754 2 0 13003 13107 13106
25755 2 0 13004 13005 13108
25756 2 0 13004 13108 13107
25757 2 0 13005 13006 13109
25758 2 0 13005 13109 13108
25759 2 0 13006 13007 13110
25760 2 0 13006 13110 13109
25761 2 0 13007 13008 13111
25762 2 0 13007 13111 13110
25763 2 0 13008 13009 13112
25764 2 0 13008 13112 13111
25765 2 0 13009 13010 13113
25766 2 0 13009 13113 13112
25767 2 0 13010 13011 13114
25768 2 0 13010 13114 13113
25769 2 0 13011 13012 13115
25770 2 0 13011 13115 13114
25771 2 0 13012 13013 13116
25772 2 0 13012 13116 13115
25773 2 0 13013 13014 13117
25774 2 0 13013 13117 13116
25775 2 0 13014 13015 13118
25776 2 0 13014 13118 13117
25777 2 0 13015 13016 13119
25778 2 0 13015 13119 13118
25779 2 0 13016 13017 13120
25780 2 0 13016 13120 13119
25781 2 0 13017 13018 13121
25782 2 0 13017 13121 13120
25783 2 0 13018 13019 13122
25784 2 0 13018 13122 13121
25785 2 0 13019 13020 13123
25786 2 0 13019 13123 13122
25787 2 0 13020 13021 13124
25788 2 0 13020 13124 13123
25789 2 0 13021 13022 13125
25790 2 0 13021 13125 13124
25791 2 0 13022 13023 13126
25792 2 0 13022 13126 13125
25793 2 0 13023 13024 13127
25794 2 0 13023 13127 13126
25795 2 0 13024 13025 13128
25796 2 0 13024 13128 13127
25797 2 0 13025 13026 13129
25798 2 0 13025 13129 13128
25799 2 0 13026 13027 13130
25800 2 0 13026 13130 13129
25801 2 0 13027 13028 13131
25802 2 0 13027 13131 13130
25803 2 0 13028 13029 13132
25804 2 0 13028 13132 13131
25805 2 0 13029 13030 13133
25806 2 0 13029 13133 13132
25807 2 0 13030 13031 13134
25808 2 0 13030 13134 13133
25809 2 0 13031 13032 13135
25810 2 0 13031 13135 13134
25811 2 0 13032 13033 13136
25812 2 0 13032 13136 13135
25813 2 0 13033 13034 13137
25814 2 0 13033 13137 13136
25815 2 0 13034 13035 13138
25816 2 0 13034 13138 13137
25817 2 0 13035 13036 13139
25818 2 0 13035 13139 13138
25819 2 0 13036 13037 13140
25820 2 0 13036 13140 13139
25821 2 0 13037 13038 13141
25822 2 0 13037 13141 13140
25823 2 0 13038 13039 13142
25824 2 0 13038 13142 13141
25825 2 0 13039 13040 13143
25826 2 0 13039 13143 13142
25827 2 0 13040 13041 13144
25828 2 0 13040 13144 13143
25829 2 0 13041 13042 13145
25830 2 0 13041 13145 13144
25831 2 0 13042 13043 13146
25832 2 0 13042 13146 13145
25833 2 0 13043 13044 13147
25834 2 0 13043 13147 13146
25835 2 0 13044 13045 13148
25836 2 0 13044 13148 13147
25837 2 0 13045 13046 13149
25838 2 0 13045 13149 13148
25839 2 0 13046 13047 13150
25840 2 0 13046 13150 13149
25841 2 0 13047 13048 13151
25842 2 0 13047 13151 13150
25843 2 0 13048 13049 13152
25844 2 0 13048 13152 13151
25845 2 0 13049 13050 13153
25846 2 0 13049 13153 13152
25847 2 0 13050 13051 13154
25848 2 0 13050 13154 13153
25849 2 0 13051 13052 13155
25850 2 0 13051 13155 13154
25851 2 0 13052 13053 13156
25852 2 0 13052 13156 13155
25853 2 0 13053 13054 13157
25854 2 0 13053 13157 13156
25855 2 0 13054 13055 13158
25856 2 0 13054 13158 13157
25857 2 0 13055 13056 13159
25858 2 0 13055 13159 13158
25859 2 0 13056 13057 13160
25860 2 0 13056 13160 13159
25861 2 0 13057 13058 13161
25862 2 0 13057 13161 13160
25863 2 0 13058 13059 13162
25864 2 0 13058 13162 13161
25865 2 0 13059 13060 13163
25866 2 0 13059 13163 13162
25867 2 0 13060 13061 13164
25868 2 0 13060 13164 13163
25869 2 0 13061 13062 13165
25870 2 0 13061 13165 13164
25871 2 0 13062 13063 13166
25872 2 0 13062 13166 13165
25873 2 0 13063 13064 13167
25874 2 0 13063 13167 13166
25875 2 0 13064 13065 13168
25876 2 0 13064 13168 13167
25877 2 0 13065 13066 13169
25878 2 0 13065 13169 13168
25879 2 0 13066 13067 13170
25880 2 0 13066 13170 13169
25881 2 0 13067 13068 13171
25882 2 0 13067 13171 13170
25883 2 0 13068 13069 13172
25884 2 0 13068 13172 13171
25885 2 0 13069 13070 13173
25886 2 0 13069 13173 13172
25887 2 0 13070 13071 13174
25888 2 0 13070 13174 13173
25889 2 0 13071 13072 13175
25890 2 0 13071 13175 13174
25891 2 0 13072 13073 13176
25892 2 0 13072 13176 13175
25893 2 0 13073 13074 13177
25894 2 0 13073 13177 13176
25895 2 0 13074 13075 13178
25896 2 0 13074 13178 13177
25897 2 0 13075 13076 13179
25898 2 0 13075 13179 13178
25899 2 0 13076 13077 13180
25900 2 0 13076 13180 13179
25901 2 0 13077 13078 13181
25902 2 0 13077 13181 13180
25903 2 0 13078 13079 13182
25904 2 0 13078 13182 13181
25905 2 0 13079 13080 13183
25906 2 0 13079 13183 13182
25907 2 0 13080 13081 13184
25908 2 0 13080 13184 13183
25909 2 0 13082 13083 13186
25910 2 0 13082 13186 13185
25911 2 0 13083 13084 13187
25912 2 0 13083 13187 13186
25913 2 0 13084 13085 13188
25914 2 0 13084 13188 13187
25915 2 0 13085 13086 13189
25916 2 0 13085 13189 13188
25917 2 0 13086 13087 13190
25918 2 0 13086 13190 13189
25919 2 0 13087 13088 13191
25920 2 0 13087 13191 13190
25921 2 0 13088 13089 13192
25922 2 0 13088 13192 13191
25923 2 0 13089 13090 13193
25924 2 0 13089 13193 13192
25925 2 0 13090 13091 13194
25926 2 0 13090 13194 13193
25927 2 0 13091 13092 13195
25928 2 0 13091 13195 13194
25929 2 0 13092 13093 13196
25930 2 0 13092 13196 13195
25931 2 0 13093 13094 13197
25932 2 0 13093 13197 13196
25933 2 0 13094 13095 13198
25934 2 0 13094 13198 13197
25935 2 0 13095 13096 13199
25936 2 0 13095 13199 13198
25937 2 0 13096 13097 13200
25938 2 0 13096 13200 13199
25939 2 0 13097 13098 13201
25940 2 0 13097 13201 13200
25941 2 0 13098 13099 13202
25942 2 0 13098 13202 13201
25943 2 0 13099 13100 13203
25944 2 0 13099 13203 13202
25945 2 0 13100 13101 13204
25946 2 0 13100 13204 13203
25947 2 0 13101 13102 13205
25948 2 0 13101 13205 13204
25949 2 0 13102 13103 13206
25950 2 0 13102 13206 13205
25951 2 0 13103 13104 13207
25952 2 0 13103 13207 13206
25953 2 0 13104 13105 13208
25954 2 0 13104 13208 13207
25955 2 0 13105 13106 13209
25956 2 0 13105 13209 13208
25957 2 0 13106 13107 13210
25958 2 0 13106 13210 13209
25959 2 0 13107 13108 13211
25960 2 0 13107 13211 13210
25961 2 0 13108 13109 13212
25962 2 0 13108 13212 13211
25963 2 0 13109 13110 13213
25964 2 0 13109 13213 13212
25965 2 0 13110 13111 13214
25966 2 0 13110 13214 13213
25967 2 0 13111 13112 13215
25968 2 0 13111 13215 13214
25969 2 0 13112 13113 13216
25970 2 0 13112 13216 13215
25971 2 0 13113 13114 13217
25972 2 0 13113 13217 13216
25973 2 0 13114 13115 13218
25974 2 0 13114 13218 13217
25975 2 0 13115 13116 13219
25976 2 0 13115 13219 13218
25977 2 0 13116 13117 13220
25978 2 0 13116 13220 13219
25979 2 0 13117 13118 13221
25980 2 0 13117 13221 13220
25981 2 0 13118 13119 13222
25982 2 0 13118 13222 13221
25983 2 0 13119 13120 13223
25984 2 0 13119 13223 13222
25985 2 0 13120 13121 13224
25986 2 0 13120 13224 13223
25987 2 0 13121 13122 13225
25988 2 0 13121 13225 13224
25989 2 0 13122 13123 13226
25990 2 0 13122 13226 13225
25991 2 0 13123 13124 13227
25992 2 0 13123 13227 13226
25993 2 0 13124 13125 13228
25994 2 0 13124 13228 13227
25995 2 0 13125 13126 13229
25996 2 0 13125 13229 13228
25997 2 0 13126 13127 13230
25998 2 0 13126 13230 13229
25999 2 0 13127 13128 13231
26000 2 0 13127 13231 13230
26001 2 0 13128 13129 13232
26002 2 0 13128 13232 13231
26003 2 0 13129 13130 13233
26004 2 0 13129 13233 13232
26005 2 0 13130 13131 13234
26006 2 0 13130 13234 13233
26007 2 0 13131 13132 13235
26008 2 0 13131 13235 13234
26009 2 0 13132 13133 13236
26010 2 0 13132 13236 13235
26011 2 0 13133 13134 13237
26012 2 0 13133 13237 13236
26013 2 0 13134 13135 13238
26014 2 0 13134 13238 13237
26015 2 0 13135 13136 13239
26016 2 0 13135 13239 13238
26017 2 0 13136 13137 13240
26018 2 0 13136 13240 13239
26019 2 0 13137 13138 13241
26020 2 0 13137 13241 13240
26021 2 0 13138 13139 13242
26022 2 0 13138 13242 13241
26023 2 0 13139 13140 13243
26024 2 0 13139 13243 13242
26025 2 0 13140 13141 13244
26026 2 0 13140 13244 13243
26027 2 0 13141 13142 13245
26028 2 0 13141 13245 13244
26029 2 0 13142 13143 13246
26030 2 0 13142 13246 13245
26031 2 0 13143 13144 13247
26032 2 0 13143 13247 13246
26033 2 0 13144 13145 13248
26034 2 0 13144 13248 13247
26035 2 0 13145 13146 13249
26036 2 0 13145 13249 13248
26037 2 0 13146 13147 13250
26038 2 0 13146 13250 13249
26039 2 0 13147 13148 13251
26040 2 0 13147 13251 13250
26041 2 0 13148 13149 13252
26042 2 0 13148 13252 13251
26043 2 0 13149 13150 13253
26044 2 0 13149 13253 13252
26045 2 0 13150 13151 13254
26046 2 0 13150 13254 13253
26047 2 0 13151 13152 13255
26048 2 0 13151 13255 13254
26049 2 0 13152 13153 13256
26050 2 0 13152 13256 13255
26051 2 0 13153 13154 13257
26052 2 0 13153 13257 13256
26053 2 0 13154 13155 13258
26054 2 0 13154 13258 13257
26055 2 0 13155 13156 13259
26056 2 0 13155 13259 13258
26057 2 0 13156 13157 13260
26058 2 0 13156 13260 13259
26059 2 0 13157 13158 13261
26060 2 0 13157 13261 13260
26061 2 0 13158 13159 13262
26062 2 0 13158 13262 13261
26063 2 0 13159 13160 13263
26064 2 0 13159 13263 13262
26065 2 0 13160 13161 13264
26066 2 0 13160 13264 13263
26067 2 0 13161 13162 13265
26068 2 0 13161 13265 13264
26069 2 0 13162 13163 13266
26070 2 0 13162 13266 13265
26071 2 0 13163 13164 13267
26072 2 0 13163 13267 13266
26073 2 0 13164 13165 13268
26074 2 0 13164 13268 13267
26075 2 0 13165 13166 13269
26076 2 0 13165 13269 13268
26077 2 0 13166 13167 13270
26078 2 0 13166 13270 13269
26079 2 0 13167 13168 13271
26080 2 0 13167 13271 13270
26081 2 0 13168 13169 13272
26082 2 0 13168 13272 13271
26083 2 0 13169 13170 13273
26084 2 0 13169 13273 13272
26085 2 0 13170 13171 13274
26086 2 0 13170 13274 13273
26087 2 0 13171 13172 13275
26088 2 0 13171 13275 13274
26089 2 0 13172 13173 13276
26090 2 0 13172 13276 13275
26091 2 0 13173 13174 13277
26092 2 0 13173 13277 13276
26093 2 0 13174 13175 13278
26094 2 0 13174 13278 13277
26095 2 0 13175 13176 13279
26096 2 0 13175 13279 13278
26097 2 0 13176 13177 13280
26098 2 0 13176 13280 13279
26099 2 0 13177 13178 13281
26100 2 0 13177 13281 13280
26101 2 0 13178 13179 13282
26102 2 0 13178 13282 13281
26103 2 0 13179 13180 13283
26104 2 0 13179 13283 13282
26105 2 0 13180 13181 13284
26106 2 0 13180 13284 13283
26107 2 0 13181 13182 13285
26108 2 0 13181 13285 13284
26109 2 0 13182 13183 13286
26110 2 0 13182 13286 13285
26111 2 0 13183 13184 13287
26112 2 0 13183 13287 13286
26113 2 0 13185 13186 13289
26114 2 0 13185 13289 13288
26115 2 0 13186 13187 13290
26116 2 0 13186 13290 13289
26117 2 0 13187 13188 13291
26118 2 0 13187 13291 13290
26119 2 0 13188 13189 13292
26120 2 0 13188 13292 13291
26121 2 0 13189 13190 13293
26122 2 0 13189 13293 13292
26123 2 0 13190 13191 13294
26124 2 0 13190 13294 13293
26125 2 0 13191 13192 13295
26126 2 0 13191 13295 13294
26127 2 0 13192 13193 13296
26128 2 0 13192 13296 13295
26129 2 0 13193 13194 13297
26130 2 0 13193 13297 13296
26131 2 0 13194 13195 13298
26132 2 0 13194 13298 13297
26133 2 0 13195 13196 13299
26134 2 0 13195 13299 13298
26135 2 0 13196 13197 13300
26136 2 0 13196 13300 13299
26137 2 0 13197 13198 13301
26138 2 0 13197 13301 13300
26139 2 0 13198 13199 13302
26140 2 0 13198 13302 13301
26141 2 0 13199 13200 13303
26142 2 0 13199 13303 13302
26143 2 0 13200 13201 13304
26144 2 0 13200 13304 13303
26145 2 0 13201 13202 13305
26146 2 0 13201 13305 13304
26147 2 0 13202 13203 13306
26148 2 0 13202 13306 13305
26149 2 0 13203 13204 13307
26150 2 0 13203 13307 13306
26151 2 0 13204 13205 13308
26152 2 0 13204 13308 13307
26153 2 0 13205 13206 13309
26154 2 0 13205 13309 13308
26155 2 0 13206 13207 13310
26156 2 0 13206 13310 13309
26157 2 0 13207 13208 13311
26158 2 0 13207 13311 13310
26159 2 0 13208 13209 13312
26160 2 0 13208 13312 13311
26161 2 0 13209 13210 13313
26162 2 0 13209 13313 13312
26163 2 0 13210 13211 13314
26164 2 0 13210 13314 13313
26165 2 0 13211 13212 13315
26166 2 0 13211 13315 13314
26167 2 0 13212 13213 13316
26168 2 0 13212 13316 13315
26169 2 0 13213 13214 13317
26170 2 0 13213 13317 13316
26171 2 0 13214 13215 13318
26172 2 0 13214 13318 13317
26173 2 0 13215 13216 13319
26174 2 0 13215 13319 13318
26175 2 0 13216 13217 13320
26176 2 0 13216 13320 13319
26177 2 0 13217 13218 13321
26178 2 0 13217 13321 13320
26179 2 0 13218 13219 13322
26180 2 0 13218 13322 13321
26181 2 0 13219 13220 13323
26182 2 0 13219 13323 13322
26183 2 0 13220 13221 13324
26184 2 0 13220 13324 13323
26185 2 0 13221 13222 13325
26186 2 0 13221 13325 13324
26187 2 0 13222 13223 13326
26188 2 0 13222 13326 13325
26189 2 0 13223 13224 13327
26190 2 0 13223 13327 13326
26191 2 0 13224 13225 13328
26192 2 0 13224 13328 13327
26193 2 0 13225 13226 13329
26194 2 0 13225 13329 13328
26195 2 0 13226 13227 13330
26196 2 0 13226 13330 13329
26197 2 0 13227 13228 13331
26198 2 0 13227 13331 13330
26199 2 0 13228 13229 13332
26200 2 0 13228 13332 13331
26201 2 0 13229 13230 13333
26202 2 0 13229 13333 13332
26203 2 0 13230 13231 13334
26204 2 0 13230 13334 13333
26205 2 0 13231 13232 13335
26206 2 0 13231 13335 13334
26207 2 0 13232 13233 13336
26208 2 0 13232 13336 13335
26209 2 0 13233 13234 13337
26210 2 0 13233 13337 13336
26211 2 0 13234 13235 13338
26212 2 0 13234 13338 13337
26213 2 0 13235 13236 13339
26214 2 0 13235 13339 13338
26215 2 0 13236 13237 13340
26216 2 0 13236 13340 13339
26217 2 0 13237 13238 13341
26218 2 0 13237 13341 13340
26219 2 0 13238 13239 13342
26220 2 0 13238 13342 13341
26221 2 0 13239 13240 13343
26222 2 0 13239 13343 13342
26223 2 0 13240 13241 13344
26224 2 0 13240 13344 13343
26225 2 0 13241 13242 13345
26226 2 0 13241 13345 13344
26227 2 0 13242 13243 13346
26228 2 0 13242 13346 13345
26229 2 0 13243 13244 13347
26230 2 0 13243 13347 13346
26231 2 0 13244 13245 13348
26232 2 0 13244 13348 13347
26233 2 0 13245 13246 13349
26234 2 0 13245 13349 13348
26235 2 0 13246 13247 13350
26236 2 0 13246 13350 13349
26237 2 0 13247 13248 13351
26238 2 0 13247 13351 13350
26239 2 0 13248 13249 13352
26240 2 0 13248 13352 13351
26241 2 0 13249 13250 13353
26242 2 0 13249 13353 13352
26243 2 0 13250 13251 13354
26244 2 0 13250 13354 13353
26245 2 0 13251 13252 13355
26246 2 0 13251 13355 13354
26247 2 0 13252 13253 13356
26248 2 0 13252 13356 13355
26249 2 0 13253 13254 13357
26250 2 0 13253 13357 13356
26251 2 0 13254 13255 13358
26252 2 0 13254 13358 13357
26253 2 0 13255 13256 13359
26254 2 0 13255 13359 13358
26255 2 0 13256 13257 13360
26256 2 0 13256 13360 13359
26257 2 0 13257 13258 13361
26258 2 0 13257 13361 13360
26259 2 0 13258 13259 13362
26260 2 0 13258 13362 13361
26261 2 0 13259 13260 13363
26262 2 0 13259 13363 13362
26263 2 0 13260 13261 13364
26264 2 0 13260 13364 13363
26265 2 0 13261 13262 13365
26266 2 0 13261 13365 13364
26267 2 0 13262 13263 13366
26268 2 0 13262 13366 13365
26269 2 0 13263 13264 13367
26270 2 0 13263 13367 13366
26271 2 0 13264 13265 13368
26272 2 0 13264 13368 13367
26273 2 0 13265 13266 13369
26274 2 0 13265 13369 13368
26275 2 0 13266 13267 13370
26276 2 0 13266 13370 13369
26277 2 0 13267 13268 13371
26278 2 0 13267 13371 13370
26279 2 0 13268 13269 13372
26280 2 0 13268 13372 13371
26281 2 0 13269 13270 13373
26282 2 0 13269 13373 13372
26283 2 0 13270 13271 13374
26284 2 0 13270 13374 13373
26285 2 0 13271 13272 13375
26286 2 0 13271 13375 13374
26287 2 0 13272 13273 13376
26288 2 0 13272 13376 13375
26289 2 0 13273 13274 13377
26290 2 0 13273 13377 13376
26291 2 0 13274 13275 13378
26292 2 0 13274 13378 13377
26293 2 0 13275 13276 13379
26294 2 0 13275 13379 13378
26295 2 0 13276 13277 13380
26296 2 0 13276 13380 13379
26297 2 0 13277 13278 13381
26298 2 0 13277 13381 13380
26299 2 0 13278 13279 13382
26300 2 0 13278 13382 13381
26301 2 0 13279 13280 13383
26302 2 0 13279 13383 13382
26303 2 0 13280 13281 13384
26304 2 0 13280 13384 13383
26305 2 0 13281 13282 13385
26306 2 0 13281 13385 13384
26307 2 0 13282 13283 13386
26308 2 0 13282 13386 13385
26309 2 0 13283 13284 13387
26310 2 0 13283 13387 13386
26311 2 0 13284 13285 13388
26312 2 0 13284 13388 13387
26313 2 0 13285 13286 13389
26314 2 0 13285 13389 13388
26315 2 0 13286 13287 13390
26316 2 0 13286 13390 13389
26317 2 0 13288 13289 13392
26318 2 0 13288 13392 13391
26319 2 0 13289 13290 13393
26320 2 0 13289 13393 13392
26321 2 0 13290 13291 13394
26322 2 0 13290 13394 13393
26323 2 0 13291 13292 13395
26324 2 0 13291 13395 13394
26325 2 0 13292 13293 13396
26326 2 0 13292 13396 13395
26327 2 0 13293 13294 13397
26328 2 0 13293 13397 13396
26329 2 0 13294 13295 13398
26330 2 0 13294 13398 13397
26331 2 0 13295 13296 13399
26332 2 0 13295 13399 13398
26333 2 0 13296 13297 13400
26334 2 0 13296 13400 13399
26335 2 0 13297 13298 13401
26336 2 0 13297 13401 13400
26337 2 0 13298 13299 13402
26338 2 0 13298 13402 13401
26339 2 0 13299 13300 13403
26340 2 0 13299 13403 13402
26341 2 0 13300 13301 13404
26342 2 0 13300 13404 13403
26343 2 0 13301 13302 13405
26344 2 0 13301 13405 13404
26345 2 0 13302 13303 13406
26346 2 0 13302 13406 13405
26347 2 0 13303 13304 13407
26348 2 0 13303 13407 13406
26349 2 0 13304 13305 13408
26350 2 0 13304 13408 13407
26351 2 0 13305 13306 13409
26352 2 0 13305 13409 13408
26353 2 0 13306 13307 13410
26354 2 0 13306 13410 13409
26355 2 0 13307 13308 13411
26356 2 0 13307 13411 13410
26357 2 0 13308 13309 13412
26358 2 0 13308 13412 13411
26359 2 0 13309 13310 13413
26360 2 0 13309 13413 13412
26361 2 0 13310 13311 13414
26362 2 0 13310 13414 13413
26363 2 0 13311 13312 13415
26364 2 0 13311 13415 13414
26365 2 0 13312 13313 13416
26366 2 0 13312 13416 13415
26367 2 0 13313 13314 13417
26368 2 0 13313 13417 13416
26369 2 0 13314 13315 13418
26370 2 0 13314 13418 13417
26371 2 0 13315 13316 13419
26372 2 0 13315 13419 13418
26373 2 0 13316 13317 13420
26374 2 0 13316 13420 13419
26375 2 0 13317 13318 13421
26376 2 0 13317 13421 13420
26377 2 0 13318 13319 13422
26378 2 0 13318 13422 13421
26379 2 0 13319 13320 13423
26380 2 0 13319 13423 13422
26381 2 0 13320 13321 13424
26382 2 0 13320 13424 13423
26383 2 0 13321 13322 13425
26384 2 0 13321 13425 13424
26385 2 0 13322 13323 13426
26386 2 0 13322 13426 13425
26387 2 0 13323 13324 13427
26388 2 0 13323 13427 13426
26389 2 0 13324 13325 13428
26390 2 0 13324 13428 13427
26391 2 0 13325 13326 13429
26392 2 0 13325 13429 13428
26393 2 0 13326 13327 13430
26394 2 0 13326 13430 13429
26395 2 0 13327 13328 13431
26396 2 0 13327 13431 13430
26397 2 0 13328 13329 13432
26398 2 0 13328 13432 13431
26399 2 0 13329 13330 13433
26400 2 0 13329 13433 13432
26401 2 0 13330 13331 13434
26402 2 0 13330 13434 13433
26403 2 0 13331 13332 13435
26404 2 0 13331 13435 13434
26405 2 0 13332 13333 13436
26406 2 0 13332 13436 13435
26407 2 0 13333 13334 13437
26408 2 0 13333 13437 13436
26409 2 0 13334 13335 13438
26410 2 0 13334 13438 13437
26411 2 0 13335 13336 13439
26412 2 0 13335 13439 13438
26413 2 0 13336 13337 13440
26414 2 0 13336 13440 13439
26415 2 0 13337 13338 13441
26416 2 0 13337 13441 13440
26417 2 0 13338 13339 13442
26418 2 0 13338 13442 13441
26419 2 0 13339 13340 13443
26420 2 0 13339 13443 13442
26421 2 0 13340 13341 13444
26422 2 0 13340 13444 13443
26423 2 0 13341 13342 13445
26424 2 0 13341 13445 13444
26425 2 0 13342 13343 13446
26426 2 0 13342 13446 13445
26427 2 0 13343 13344 13447
26428 2 0 13343 13447 13446
26429 2 0 13344 13345 13448
26430 2 0 13344 13448 13447
26431 2 0 13345 13346 13449
26432 2 0 13345 13449 13448
26433 2 0 13346 13347 13450
26434 2 0 13346 13450 13449
26435 2 0 13347 13348 13451
26436 2 0 13347 13451 13450
26437 2 0 13348 13349 13452
26438 2 0 13348 13452 13451
26439 2 0 13349 13350 13453
26440 2 0 13349 13453 13452
26441 2 0 13350 13351 13454
26442 2 0 13350 13454 13453
26443 2 0 13351 13352 13455
26444 2 0 13351 13455 13454
26445 2 0 13352 13353 13456
26446 2 0 13352 13456 13455
26447 2 0 13353 13354 13457
26448 2 0 13353 13457 13456
26449 2 0 13354 13355 13458
26450 2 0 13354 13458 13457
26451 2 0 13355 13356 13459
26452 2 0 13355 13459 13458
26453 2 0 13356 13357 13460
26454 2 0 13356 13460 13459
26455 2 0 13357 13358 13461
26456 2 0 13357 13461 13460
26457 2 0 13358 13359 13462
26458 2 0 13358 13462 13461
26459 2 0 13359 13360 13463
26460 2 0 13359 13463 13462
26461 2 0 13360 13361 13464
26462 2 0 13360 13464 13463
26463 2 0 13361 13362 13465
26464 2 0 13361 13465 13464
26465 2 0 13362 13363 13466
26466 2 0 13362 13466 13465
26467 2 0 13363 13364 13467
26468 2 0 13363 13467 13466
26469 2 0 13364 13365 13468
26470 2 0 13364 13468 13467
26471 2 0 13365 13366 13469
26472 2 0 13365 13469 13468
26473 2 0 13366 13367 13470
26474 2 0 13366 13470 13469
26475 2 0 13367 13368 13471
26476 2 0 13367 13471 13470
26477 2 0 13368 13369 13472
26478 2 0 13368 13472 13471
26479 2 0 13369 13370 13473
26480 2 0 13369 13473 13472
26481 2 0 13370 13371 13474
26482 2 0 13370 13474 13473
26483 2 0 13371 13372 13475
26484 2 0 13371 13475 13474
26485 2 0 13372 13373 13476
26486 2 0 13372 13476 13475
26487 2 0 13373 13374 13477
26488 2 0 13373 13477 13476
26489 2 0 13374 13375 13478
26490 2 0 13374 13478 13477
26491 2 0 13375 13376 13479
26492 2 0 13375 13479 13478
26493 2 0 13376 13377 13480
26494 2 0 13376 13480 13479
26495 2 0 13377 13378 13481
26496 2 0 13377 13481 13480
26497 2 0 13378 13379 13482
26498 2 0 13378 13482 13481
26499 2 0 13379 13380 13483
26500 2 0 13379 13483 13482
26501 2 0 13380 13381 13484
26502 2 0 13380 13484 13483
26503 2 0 13381 13382 13485
26504 2 0 13381 13485 13484
26505 2 0 13382 13383 13486
26506 2 0 13382 13486 13485
26507 2 0 13383 13384 13487
26508 2 0 13383 13487 13486
26509 2 0 13384 13385 13488
26510 2 0 13384 13488 13487
26511 2 0 13385 13386 13489
26512 2 0 13385 13489 13488
26513 2 0 13386 13387 13490
26514 2 0 13386 13490 13489
26515 2 0 13387 13388 13491
26516 2 0 13387 13491 13490
26517 2 0 13388 13389 13492
26518 2 0 13388 13492 13491
26519 2 0 13389 13390 13493
26520 2 0 13389 13493 13492
26521 2 0 13391 13392 13495
26522 2 0 13391 13495 13494
26523 2 0 13392 13393 13496
26524 2 0 13392 13496 13495
26525 2 0 13393 13394 13497
26526 2 0 13393 13497 13496
26527 2 0 13394 13395 13498
26528 2 0 13394 13498 13497
26529 2 0 13395 13396 13499
26530 2 0 13395 13499 13498
26531 2 0 13396 13397 13500
26532 2 0 13396 13500 13499
26533 2 0 13397 13398 13501
26534 2 0 13397 13501 13500
26535 2 0 13398 13399 13502
26536 2 0 13398 13502 13501
26537 2 0 13399 13400 13503
26538 2 0 13399 13503 13502
26539 2 0 13400 13401 13504
26540 2 0 13400 13504 13503
26541 2 0 13401 13402 13505
26542 2 0 13401 13505 13504
26543 2 0 13402 13403 13506
26544 2 0 13402 13506 13505
26545 2 0 13403 13404 13507
26546 2 0 13403 13507 13506
26547 2 0 13404 13405 13508
26548 2 0 13404 13508 13507
26549 2 0 13405 13406 13509
26550 2 0 13405 13509 13508
26551 2 0 13406 13407 13510
26552 2 0 13406 13510 13509
26553 2 0 13407 13408 13511
26554 2 0 13407 13511 13510
26555 2 0 13408 13409 13512
26556 2 0 13408 13512 13511
26557 2 0 13409 13410 13513
26558 2 0 13409 13513 13512
26559 2 0 13410 13411 13514
26560 2 0 13410 13514 13513
26561 2 0 13411 13412 13515
26562 2 0 13411 13515 13514
26563 2 0 13412 13413 13516
26564 2 0 13412 13516 13515
26565 2 0 13413 13414 13517
26566 2 0 13413 13517 13516
26567 2 0 13414 13415 13518
26568 2 0 13414 13518 13517
26569 2 0 13415 13416 13519
26570 2 0 13415 13519 13518
26571 2 0 13416 13417 13520
26572 2 0 13416 13520 13519
26573 2 0 13417 13418 13521
26574 2 0 13417 13521 13520
26575 2 0 13418 13419 13522
26576 2 0 13418 13522 13521
26577 2 0 13419 13420 13523
26578 2 0 13419 13523 13522
26579 2 0 13420 13421 13524
26580 2 0 13420 13524 13523
26581 2 0 13421 13422 13525
26582 2 0 13421 13525 13524
26583 2 0 13422 13423 13526
26584 2 0 13422 13526 13525
26585 2 0 13423 13424 13527
26586 2 0 13423 13527 13526
26587 2 0 13424 13425 13528
26588 2 0 13424 13528 13527
26589 2 0 13425 13426 13529
26590 2 0 13425 13529 13528
26591 2 0 13426 13427 13530
26592 2 0 13426 13530 13529
26593 2 0 13427 13428 13531
26594 2 0 13427 13531 13530
26595 2 0 13428 13429 13532
26596 2 0 13428 13532 13531
26597 2 0 13429 13430 13533
26598 2 0 13429 13533 13532
26599 2 0 13430 13431 13534
26600 2 0 13430 13534 13533
26601 2 0 13431 13432 13535
26602 2 0 13431 13535 13534
26603 2 0 13432 13433 13536
26604 2 0 13432 13536 13535
26605 2 0 13433 13434 13537
26606 2 0 13433 13537 13536
26607 2 0 13434 13435 13538
26608 2 0 13434 13538 13537
26609 2 0 13435 13436 13539
26610 2 0 13435 13539 13538
26611 2 0 13436 13437 13540
26612 2 0 13436 13540 13539
26613 2 0 13437 13438 13541
26614 2 0 13437 13541 13540
26615 2 0 13438 13439 13542
26616 2 0 13438 13542 13541
26617 2 0 13439 13440 13543
26618 2 0 13439 13543 13542
26619 2 0 13440 13441 13544
26620 2 0 13440 13544 13543
26621 2 0 13441 13442 13545
26622 2 0 13441 13545 13544
26623 2 0 13442 13443 13546
26624 2 0 13442 13546 13545
26625 2 0 13443 13444 13547
26626 2 0 13443 13547 13546
26627 2 0 13444 13445 13548
26628 2 0 13444 13548 13547
26629 2 0 13445 13446 13549
26630 2 0 13445 13549 13548
26631 2 0 13446 13447 13550
26632 2 0 13446 13550 13549
26633 2 0 13447 13448 13551
26634 2 0 13447 13551 13550
26635 2 0 13448 13449 13552
26636 2 0 13448 13552 13551
26637 2 0 13449 13450 13553
26638 2 0 13449 13553 13552
26639 2 0 13450 13451 13554
26640 2 0 13450 13554 13553
26641 2 0 13451 13452 13555
26642 2 0 13451 13555 13554
26643 2 0 13452 13453 13556
26644 2 0 13452 13556 13555
26645 2 0 13453 13454 13557
26646 2 0 13453 13557 13556
26647 2 0 13454 13455 13558
26648 2 0 13454 13558 13557
26649 2 0 13455 13456 13559
26650 2 0 13455 13559 13558
26651 2 0 13456 13457 13560
26652 2 0 13456 13560 13559
26653 2 0 13457 13458 13561
26654 2 0 13457 13561 13560
26655 2 0 13458 13459 13562
26656 2 0 13458 13562 13561
26657 2 0 13459 13460 13563
26658 2 0 13459 13563 13562
26659 2 0 13460 13461 13564
26660 2 0 13460 13564 13563
26661 2 0 13461 13462 13565
26662 2 0 13461 13565 13564
26663 2 0 13462 13463 13566
26664 2 0 13462 13566 13565
26665 2 0 13463 13464 13567
26666 2 0 13463 13567 13566
26667 2 0 13464 13465 13568
26668 2 0 13464 13568 13567
26669 2 0 13465 13466 13569
26670 2 0 13465 13569 13568
26671 2 0 13466 13467 13570
26672 2 0 13466 13570 13569
26673 2 0 13467 13468 13571
26674 2 0 13467 13571 13570
26675 2 0 13468 13469 13572
26676 2 0 13468 13572 13571
26677 2 0 13469 13470 13573
26678 2 0 13469 13573 13572
26679 2 0 13470 13471 13574
26680 2 0 13470 13574 13573
26681 2 0 13471 13472 13575
26682 2 0 13471 13575 13574
26683 2 0 13472 13473 13576
26684 2 0 13472 13576 13575
26685 2 0 13473 13474 13577
26686 2 0 13473 13577 13576
26687 2 0 13474 13475 13578
26688 2 0 13474 13578 13577
26689 2 0 13475 13476 13579
26690 2 0 13475 13579 13578
26691 2 0 13476 13477 13580
26692 2 0 13476 13580 13579
26693 2 0 13477 13478 13581
26694 2 0 13477 13581 13580
26695 2 0 13478 13479 13582
26696 2 0 13478 13582 13581
26697 2 0 13479 13480 13583
26698 2 0 13479 13583 13582
26699 2 0 13480 13481 13584
26700 2 0 13480 13584 13583
26701 2 0 13481 13482 13585
26702 2 0 13481 13585 13584
26703 2 0 13482 13483 13586
26704 2 0 13482 13586 13585
26705 2 0 13483 13484 13587
26706 2 0 13483 13587 13586
26707 2 0 13484 13485 13588
26708 2 0 13484 13588 13587
26709 2 0 13485 13486 13589
26710 2 0 13485 13589 13588
26711 2 0 13486 13487 13590
26712 2 0 13486 13590 13589
26713 2 0 13487 13488 13591
26714 2 0 13487 13591 13590
26715 2 0 13488 13489 13592
26716 2 0 13488 13592 13591
26717 2 0 13489 13490 13593
26718 2 0 13489 13593 13592
26719 2 0 13490 13491 13594
26720 2 0 13490 13594 13593
26721 2 0 13491 13492 13595
26722 2 0 13491 13595 13594
26723 2 0 13492 13493 13596
26724 2 0 13492 13596 13595
26725 2 0 13494 13495 13598
26726 2 0 13494 13598 13597
26727 2 0 13495 13496 13599
26728 2 0 13495 13599 13598
26729 2 0 13496 13497 13600
26730 2 0 13496 13600 13599
26731 2 0 13497 13498 13601
26732 2 0 13497 13601 13600
26733 2 0 13498 13499 13602
26734 2 0 13498 13602 13601
26735 2 0 13499 13500 13603
26736 2 0 13499 13603 13602
26737 2 0 13500 13501 13604
26738 2 0 13500 13604 13603
26739 2 0 13501 13502 13605
26740 2 0 13501 13605 13604
26741 2 0 13502 13503 13606
26742 2 0 13502 13606 13605
26743 2 0 13503 13504 13607
26744 2 0 13503 13607 13606
26745 2 0 13504 13505 13608
26746 2 0 13504 13608 13607
26747 2 0 13505 13506 13609
26748 2 0 13505 13609 13608
26749 2 0 13506 13507 13610
26750 2 0 13506 13610 13609
26751 2 0 13507 13508 13611
26752 2 0 13507 13611 13610
26753 2 0 13508 13509 13612
26754 2 0 13508 13612 13611
26755 2 0 13509 13510 13613
26756 2 0 13509 13613 13612
26757 2 0 13510 13511 13614
26758 2 0 13510 13614 13613
26759 2 0 13511 13512 13615
26760 2 0 13511 13615 13614
26761 2 0 13512 13513 13616
26762 2 0 13512 13616 13615
26763 2 0 13513 13514 13617
26764 2 0 13513 13617 13616
26765 2 0 13514 13515 13618
26766 2 0 13514 13618 13617
26767 2 0 13515 13516 13619
26768 2 0 13515 13619 13618
26769 2 0 13516 13517 13620
26770 2 0 13516 13620 13619
26771 2 0 13517 13518 13621
26772 2 0 13517 13621 13620
26773 2 0 13518 13519 13622
26774 2 0 13518 13622 13621
26775 2 0 13519 13520 13623
26776 2 0 13519 13623 13622
26777 2 0 13520 13521 13624
26778 2 0 13520 13624 13623
26779 2 0 13521 13522 13625
26780 2 0 13521 13625 13624
26781 2 0 13522 13523 13626
26782 2 0 13522 13626 13625
26783 2 0 13523 13524 13627
26784 2 0 13523 13627 13626
26785 2 0 13524 13525 13628
26786 2 0 13524 13628 13627
26787 2 0 13525 13526 13629
26788 2 0 13525 13629 13628
26789 2 0 13526 13527 13630
26790 2 0 13526 13630 13629
26791 2 0 13527 13528 13631
26792 2 0 13527 13631 13630
26793 2 0 13528 13529 13632
26794 2 0 13528 13632 13631
26795 2 0 13529 13530 13633
26796 2 0 13529 13633 13632
26797 2 0 13530 13531 13634
26798 2 0 13530 13634 13633
26799 2 0 13531 13532 13635
26800 2 0 13531 13635 13634
26801 2 0 13532 13533 13636
26802 2 0 13532 13636 13635
26803 2 0 13533 13534 13637
26804 2 0 13533 13637 13636
26805 2 0 13534 13535 13638
26806 2 0 13534 13638 13637
26807 2 0 13535 13536 13639
26808 2 0 13535 13639 13638
26809 2 0 13536 13537 13640
26810 2 0 13536 13640 13639
26811 2 0 13537 13538 13641
26812 2 0 13537 13641 13640
26813 2 0 13538 13539 13642
26814 2 0 13538 13642 13641
26815 2 0 13539 13540 13643
26816 2 0 13539 13643 13642
26817 2 0 13540 13541 13644
26818 2 0 13540 13644 13643
26819 2 0 13541 13542 13645
26820 2 0 13541 13645 13644
26821 2 0 13542 13543 13646
26822 2 0 13542 13646 13645
26823 2 0 13543 13544 13647
26824 2 0 13543 13647 13646
26825 2 0 13544 13545 13648
26826 2 0 13544 13648 13647
26827 2 0 13545 13546 13649
26828 2 0 13545 13649 13648
26829 2 0 13546 13547 13650
26830 2 0 13546 13650 13649
26831 2 0 13547 13548 13651
26832 2 0 13547 13651 13650
26833 2 0 13548 13549 13652
26834 2 0 13548 13652 13651
26835 2 0 13549 13550 13653
26836 2 0 13549 13653 13652
26837 2 0 13550 13551 13654
26838 2 0 13550 13654 13653
26839 2 0 13551 13552 13655
26840 2 0 13551 13655 13654
26841 2 0 13552 13553 13656
26842 2 0 13552 13656 13655
26843 2 0 13553 13554 13657
26844 2 0 13553 13657 13656
26845 2 0 13554 13555 13658
26846 2 0 13554 13658 13657
26847 2 0 13555 13556 13659
26848 2 0 13555 13659 13658
26849 2 0 13556 13557 13660
26850 2 0 13556 13660 13659
26851 2 0 13557 13558 13661
26852 2 0 13557 13661 13660
26853 2 0 13558 13559 13662
26854 2 0 13558 13662 13661
26855 2 0 13559 13560 13663
26856 2 0 13559 13663 13662
26857 2 0 13560 13561 13664
26858 2 0 13560 13664 13663
26859 2 0 13561 13562 13665
26860 2 0 13561 13665 13664
26861 2 0 13562 13563 13666
26862 2 0 13562 13666 13665
26863 2 0 13563 13564 13667
26864 2 0 13563 13667 13666
26865 2 0 13564 13565 13668
26866 2 0 13564 13668 13667
26867 2 0 13565 13566 13669
26868 2 0 13565 13669 13668
26869 2 0 13566 13567 13670
26870 2 0 13566 13670 13669
26871 2 0 13567 13568 13671
26872 2 0 13567 13671 13670
26873 2 0 13568 13569 13672
26874 2 0 13568 13672 13671
26875 2 0 13569 13570 13673
26876 2 0 13569 13673 13672
26877 2 0 13570 13571 13674
26878 2 0 13570 13674 13673
26879 2 0 13571 13572 13675
26880 2 0 13571 13675 13674
26881 2 0 13572 13573 13676
26882 2 0 13572 13676 13675
26883 2 0 13573 13574 13677
26884 2 0 13573 13677 13676
26885 2 0 13574 13575 13678
26886 2 0 13574 13678 13677
26887 2 0 13575 13576 13679
26888 2 0 13575 13679 13678
26889 2 0 13576 13577 13680
26890 2 0 13576 13680 13679
26891 2 0 13577 13578 13681
26892 2 0 13577 13681 13680
26893 2 0 13578 13579 13682
26894 2 0 13578 13682 13681
26895 2 0 13579 13580 13683
26896 2 0 13579 13683 13682
26897 2 0 13580 13581 13684
26898 2 0 13580 13684 13683
26899 2 0 13581 13582 13685
26900 2 0 13581 13685 13684
26901 2 0 13582 13583 13686
26902 2 0 13582 13686 13685
26903 2 0 13583 13584 13687
26904 2 0 13583 13687 13686
26905 2 0 13584 13585 13688
26906 2 0 13584 13688 13687
26907 2 0 13585 13586 13689
26908 2 0 13585 13689 13688
26909 2 0 13586 13587 13690
26910 2 0 13586 13690 13689
26911 2 0 13587 13588 13691
26912 2 0 13587 13691 13690
26913 2 0 13588 13589 13692
26914 2 0 13588 13692 13691
26915 2 0 13589 13590 13693
26916 2 0 13589 13693 13692
26917 2 0 13590 13591 13694
26918 2 0 13590 13694 13693
26919 2 0 13591 13592 13695
26920 2 0 13591 13695 13694
26921 2 0 13592 13593 13696
26922 2 0 13592 13696 13695
26923 2 0 13593 13594 13697
26924 2 0 13593 13697 13696
26925 2 0 13594 13595 13698
26926 2 0 13594 13698 13697
26927 2 0 13595 13596 13699
26928 2 0 13595 13699 13698
26929 2 0 13597 13598 13701
26930 2 0 13597 13701 13700
26931 2 0 13598 13599 13702
26932 2 0 13598 13702 13701
26933 2 0 13599 13600 13703
26934 2 0 13599 13703 13702
26935 2 0 13600 13601 13704
26936 2 0 13600 13704 13703
26937 2 0 13601 13602 13705
26938 2 0 13601 13705 13704
26939 2 0 13602 13603 13706
26940 2 0 13602 13706 13705
26941 2 0 13603 13604 13707
26942 2 0 13603 13707 13706
26943 2 0 13604 13605 13708
26944 2 0 13604 13708 13707
26945 2 0 13605 13606 13709
26946 2 0 13605 13709 13708
26947 2 0 13606 13607 13710
26948 2 0 13606 13710 13709
26949 2 0 13607 13608 13711
26950 2 0 13607 13711 13710
26951 2 0 13608 13609 13712
26952 2 0 13608 13712 13711
26953 2 0 13609 13610 13713
26954 2 0 13609 13713 13712
26955 2 0 13610 13611 13714
26956 2 0 13610 13714 13713
26957 2 0 13611 13612 13715
26958 2 0 13611 13715 13714
26959 2 0 13612 13613 13716
26960 2 0 13612 13716 13715
26961 2 0 13613 13614 13717
26962 2 0 13613 13717 13716
26963 2 0 13614 13615 13718
26964 2 0 13614 13718 13717
26965 2 0 13615 13616 13719
26966 2 0 13615 13719 13718
26967 2 0 13616 13617 13720
26968 2 0 13616 13720 13719
26969 2 0 13617 13618 13721
26970 2 0 13617 13721 13720
26971 2 0 13618 13619 13722
26972 2 0 13618 13722 13721
26973 2 0 13619 13620 13723
26974 2 0 13619 13723 13722
26975 2 0 13620 13621 13724
26976 2 0 13620 13724 13723
26977 2 0 13621 13622 13725
26978 2 0 13621 13725 13724
26979 2 0 13622 13623 13726
26980 2 0 13622 13726 13725
26981 2 0 13623 13624 13727
26982 2 0 13623 13727 13726
26983 2 0 13624 13625 13728
26984 2 0 13624 13728 13727
26985 2 0 13625 13626 13729
26986 2 0 13625 13729 13728
26987 2 0 13626 13627 13730
26988 2 0 13626 13730 13729
26989 2 0 13627 13628 13731
26990 2 0 13627 13731 13730
26991 2 0 13628 13629 13732
26992 2 0 13628 13732 13731
26993 2 0 13629 13630 13733
26994 2 0 13629 13733 13732
26995 2 0 13630 13631 13734
26996 2 0 13630 13734 13733
26997 2 0 13631 13632 13735
26998 2 0 13631 13735 13734
26999 2 0 13632 13633 13736
27000 2 0 13632 13736 13735
27001 2 0 13633 13634 13737
27002 2 0 13633 13737 13736
27003 2 0 13634 13635 13738
27004 2 0 13634 13738 13737
27005 2 0 13635 13636 13739
27006 2 0 13635 13739 13738
27007 2 0 13636 13637 13740
27008 2 0 13636 13740 13739
27009 2 0 13637 13638 13741
27010 2 0 13637 13741 13740
27011 2 0 13638 13639 13742
27012 2 0 13638 13742 13741
27013 2 0 13639 13640 13743
27014 2 0 13639 13743 13742
27015 2 0 13640 13641 13744
27016 2 0 13640 13744 13743
27017 2 0 13641 13642 13745
27018 2 0 13641 13745 13744
27019 2 0 13642 13643 13746
27020 2 0 13642 13746 13745
27021 2 0 13643 13644 13747
27022 2 0 13643 13747 13746
27023 2 0 13644 13645 13748
27024 2 0 13644 13748 13747
27025 2 0 13645 13646 13749
27026 2 0 13645 13749 13748
27027 2 0 13646 13647 13750
27028 2 0 13646 13750 13749
27029 2 0 13647 13648 13751
27030 2 0 13647 13751 13750
27031 2 0 13648 13649 13752
27032 2 0 13648 13752 13751
27033 2 0 13649 13650 13753
27034 2 0 13649 13753 13752
27035 2 0 13650 13651 13754
27036 2 0 13650 13754 13753
27037 2 0 13651 13652 13755
27038 2 0 13651 13755 13754
27039 2 0 13652 13653 13756
27040 2 0 13652 13756 13755
27041 2 0 13653 13654 13757
27042 2 0 13653 13757 13756
27043 2 0 13654 13655 13758
27044 2 0 13654 13758 13757
27045 2 0 13655 13656 13759
27046 2 0 13655 13759 13758
27047 2 0 13656 13657 13760
27048 2 0 13656 13760 13759
27049 2 0 13657 13658 13761
27050 2 0 13657 13761 13760
27051 2 0 13658 13659 13762
27052 2 0 13658 13762 13761
27053 2 0 13659 13660 13763
27054 2 0 13659 13763 13762
27055 2 0 13660 13661 13764
27056 2 0 13660 13764 13763
27057 2 0 13661 13662 13765
27058 2 0 13661 13765 13764
27059 2 0 13662 13663 13766
27060 2 0 13662 13766 13765
27061 2 0 13663 13664 13767
27062 2 0 13663 13767 13766
27063 2 0 13664 13665 13768
27064 2 0 13664 13768 13767
27065 2 0 13665 13666 13769
27066 2 0 13665 13769 13768
27067 2 0 13666 13667 13770
27068 2 0 13666 13770 13769
27069 2 0 13667 13668 13771
27070 2 0 13667 13771 13770
27071 2 0 13668 13669 13772
27072 2 0 13668 13772 13771
27073 2 0 13669 13670 13773
27074 2 0 13669 13773 13772
27075 2 0 13670 13671 13774
27076 2 0 13670 13774 13773
27077 2 0 13671 13672 13775
27078 2 0 13671 13775 13774
27079 2 0 13672 13673 13776
27080 2 0 13672 13776 13775
27081 2 0 13673 13674 13777
27082 2 0 13673 13777 13776
27083 2 0 13674 13675 13778
27084 2 0 13674 13778 13777
27085 2 0 13675 13676 13779
27086 2 0 13675 13779 13778
27087 2 0 13676 13677 13780
27088 2 0 13676 13780 13779
27089 2 0 13677 13678 13781
27090 2 0 13677 13781 13780
27091 2 0 13678 13679 13782
27092 2 0 13678 13782 13781
27093 2 0 13679 13680 13783
27094 2 0 13679 13783 13782
27095 2 0 13680 13681 13784
27096 2 0 13680 13784 13783
27097 2 0 13681 13682 13785
27098 2 0 13681 13785 13784
27099 2 0 13682 13683 13786
27100 2 0 13682 13786 13785
27101 2 0 13683 13684 13787
27102 2 0 13683 13787 13786
27103 2 0 13684 13685 13788
27104 2 0 13684 13788 13787
27105 2 0 13685 13686 13789
27106 2 0 13685 13789 13788
27107 2 0 13686 13687 13790
27108 2 0 13686 13790 13789
27109 2 0 13687 13688 13791
27110 2 0 13687 13791 13790
27111 2 0 13688 13689 13792
27112 2 0 13688 13792 13791
27113 2 0 13689 13690 13793
27114 2 0 13689 13793 13792
27115 2 0 13690 13691 13794
27116 2 0 13690 13794 13793
27117 2 0 13691 13692 13795
27118 2 0 13691 13795 13794
27119 2 0 13692 13693 13796
27120 2 0 13692 13796 13795
27121 2 0 13693 13694 13797
27122 2 0 13693 13797 13796
27123 2 0 13694 13695 13798
27124 2 0 13694 13798 13797
27125 2 0 13695 13696 13799
27126 2 0 13695 13799 13798
27127 2 0 13696 13697 13800
27128 2 0 13696 13800 13799
27129 2 0 13697 13698 13801
27130 2 0 13697 13801 13800
27131 2 0 13698 13699 13802
27132 2 0 13698 13802 13801
27133 2 0 13750 13751 13804
27134 2 0 13750 13804 13803
27135 2 0 13751 13752 13805
27136 2 0 13751 13805 13804
27137 2 0 13752 13753 13806
27138 2 0 13752 13806 13805
27139 2 0 13753 13754 13807
27140 2 0 13753 13807 13806
27141 2 0 13754 13755 13808
27142 2 0 13754 13808 13807
27143 2 0 13755 13756 13809
27144 2 0 13755 13809 13808
27145 2 0 13756 13757 13810
27146 2 0 13756 13810 13809
27147 2 0 13757 13758 13811
27148 2 0 13757 13811 13810
27149 2 0 13758 13759 13812
27150 2 0 13758 13812 13811
27151 2 0 13759 13760 13813
27152 2 0 13759 13813 13812
27153 2 0 13760 13761 13814
27154 2 0 13760 13814 13813
27155 2 0 13761 13762 13815
27156 2 0 13761 13815 13814
27157 2 0 13762 13763 13816
27158 2 0 13762 13816 13815
27159 2 0 13763 13764 13817
27160 2 0 13763 13817 13816
27161 2 0 13764 13765 13818
27162 2 0 13764 13818 13817
27163 2 0 13765 13766 13819
27164 2 0 13765 13819 13818
27165 2 0 13766 13767 13820
27166 2 0 13766 13820 13819
27167 2 0 13767 13768 13821
27168 2 0 13767 13821 13820
27169 2 0 13768 13769 13822
27170 2 0 13768 13822 13821
27171 2 0 13769 13770 13823
27172 2 0 13769 13823 13822
27173 2 0 13770 13771 13824
27174 2 0 13770 13824 13823
27175 2 0 13771 13772 13825
27176 2 0 13771 13825 13824
27177 2 0 13772 13773 13826
27178 2 0 13772 13826 13825
27179 2 0 13773 13774 13827
27180 2 0 13773 13827 13826
27181 2 0 13774 13775 13828
27182 2 0 13774 13828 13827
27183 2 0 13775 13776 13829
27184 2 0 13775 13829 13828
27185 2 0 13776 13777 13830
27186 2 0 13776 13830 13829
27187 2 0 13777 13778 13831
27188 2 0 13777 13831 13830
27189 2 0 13778 13779 13832
27190 2 0 13778 13832 13831
27191 2 0 13779 13780 13833
27192 2 0 13779 13833 13832
27193 2 0 13780 13781 13834
27194 2 0 13780 13834 13833
27195 2 0 13781 13782 13835
27196 2 0 13781 13835 13834
27197 2 0 13782 13783 13836
27198 2 0 13782 13836 13835
27199 2 0 13783 13784 13837
27200 2 0 13783 13837 13836
27201 2 0 13784 13785 13838
27202 2 0 13784 13838 13837
27203 2 0 13785 13786 13839
27204 2 0 13785 13839 13838
27205 2 0 13786 13787 13840
27206 2 0 13786 13840 13839
27207 2 0 13787 13788 13841
27208 2 0 13787 13841 13840
27209 2 0 13788 13789 13842
27210 2 0 13788 13842 13841
27211 2 0 13789 13790 13843
27212 2 0 13789 13843 13842
27213 2 0 13790 13791 13844
27214 2 0 13790 13844 13843
27215 2 0 13791 13792 13845
27216 2 0 13791 13845 13844
27217 2 0 13792 13793 13846
27218 2 0 13792 13846 13845
27219 2 0 13793 13794 13847
27220 2 0 13793 13847 13846
27221 2 0 13794 13795 13848
27222 2 0 13794 13848 13847
27223 2 0 13795 13796 13849
27224 2 0 13795 13849 13848
27225 2 0 13796 13797 13850
27226 2 0 13796 13850 13849
27227 2 0 13797 13798 13851
27228 2 0 13797 13851 13850
27229 2 0 13798 13799 13852
27230 2 0 13798 13852 13851
27231 2 0 13799 13800 13853
27232 2 0 13799 13853 13852
27233 2 0 13800 13801 13854
27234 2 0 13800 13854 13853
27235 2 0 13801 13802 13855
27236 2 0 13801 13855 13854
27237 2 0 13803 13804 13857
27238 2 0 13803 13857 13856
27239 2 0 13804 13805 13858
27240 2 0 13804 13858 13857
27241 2 0 13805 13806 13859
27242 2 0 13805 13859 13858
27243 2 0 13806 13807 13860
27244 2 0 13806 13860 13859
27245 2 0 13807 13808 13861
27246 2 0 13807 13861 13860
27247 2 0 13808 13809 13862
27248 2 0 13808 13862 13861
27249 2 0 13809 13810 13863
27250 2 0 13809 13863 13862
27251 2 0 13810 13811 13864
27252 2 0 13810 13864 13863
27253 2 0 13811 13812 13865
27254 2 0 13811 13865 13864
27255 2 0 13812 13813 13866
27256 2 0 13812 13866 13865
27257 2 0 13813 13814 13867
27258 2 0 13813 13867 13866
27259 2 0 13814 13815 13868
27260 2 0 13814 13868 13867
27261 2 0 13815 13816 13869
27262 2 0 13815 13869 13868
27263 2 0 13816 13817 13870
27264 2 0 13816 13870 13869
27265 2 0 13817 13818 13871
27266 2 0 13817 13871 13870
27267 2 0 13818 13819 13872
27268 2 0 13818 13872 13871
27269 2 0 13819 13820 13873
27270 2 0 13819 13873 13872
27271 2 0 13820 13821 13874
27272 2 0 13820 13874 13873
27273 2 0 13821 13822 13875
27274 2 0 13821 13875 13874
27275 2 0 13822 13823 13876
27276 2 0 13822 13876 13875
27277 2 0 13823 13824 13877
27278 2 0 13823 13877 13876
27279 2 0 13824 13825 13878
27280 2 0 13824 13878 13877
27281 2 0 13825 13826 13879
27282 2 0 13825 13879 13878
27283 2 0 13826 13827 13880
27284 2 0 13826 13880 13879
27285 2 0 13827 13828 13881
27286 2 0 13827 13881 13880
27287 2 0 13828 13829 13882
27288 2 0 13828 13882 13881
27289 2 0 13829 13830 13883
27290 2 0 13829 13883 13882
27291 2 0 13830 13831 13884
27292 2 0 13830 13884 13883
27293 2 0 13831 13832 13885
27294 2 0 13831 13885 13884
27295 2 0 13832 13833 13886
27296 2 0 13832 13886 13885
27297 2 0 13833 13834 13887
27298 2 0 13833 13887 13886
27299 2 0 13834 13835 13888
27300 2 0 13834 13888 13887
27301 2 0 13835 13836 13889
27302 2 0 13835 13889 13888
27303 2 0 13836 13837 13890
27304 2 0 13836 13890 13889
27305 2 0 13837 13838 13891
27306 2 0 13837 13891 13890
27307 2 0 13838 13839 13892
27308 2 0 13838 13892 13891
27309 2 0 13839 13840 13893
27310 2 0 13839 13893 13892
27311 2 0 13840 13841 13894
27312 2 0 13840 13894 13893
27313 2 0 13841 13842 13895
27314 2 0 13841 13895 13894
27315 2 0 13842 13843 13896
27316 2 0 13842 13896 13895
27317 2 0 13843 13844 13897
27318 2 0 13843 13897 13896
27319 2 0 13844 13845 13898
27320 2 0 13844 13898 13897
27321 2 0 13845 13846 13899
27322 2 0 13845 13899 13898
27323 2 0 13846 13847 13900
27324 2 0 13846 13900 13899
27325 2 0 13847 13848 13901
27326 2 0 13847 13901 13900
27327 2 0 13848 13849 13902
27328 2 0 13848 13902 13901
27329 2 0 13849 13850 13903
27330 2 0 13849 13903 13902
27331 2 0 13850 13851 13904
27332 2 0 13850 13904 13903
27333 2 0 13851 13852 13905
27334 2 0 13851 13905 13904
27335 2 0 13852 13853 13906
27336 2 0 13852 13906 13905
27337 2 0 13853 13854 13907
27338 2 0 13853 13907 13906
27339 2 0 13854 13855 13908
27340 2 0 13854 13908 13907
27341 2 0 13856 13857 13910
27342 2 0 13856 13910 13909
27343 2 0 13857 13858 13911
27344 2 0 13857 13911 13910
27345 2 0 13858 13859 13912
27346 2 0 13858 13912 13911
27347 2 0 13859 13860 13913
27348 2 0 13859 13913 13912
27349 2 0 13860 13861 13914
27350 2 0 13860 13914 13913
27351 2 0 13861 13862 13915
27352 2 0 13861 13915 13914
27353 2 0 13862 13863 13916
27354 2 0 13862 13916 13915
27355 2 0 13863 13864 13917
27356 2 0 13863 13917 13916
27357 2 0 13864 13865 13918
27358 2 0 13864 13918 13917
27359 2 0 13865 13866 13919
27360 2 0 13865 13919 13918
27361 2 0 13866 13867 13920
27362 2 0 13866 13920 13919
27363 2 0 13867 13868 13921
27364 2 0 13867 13921 13920
27365 2 0 13868 13869 13922
27366 2 0 13868 13922 13921
27367 2 0 13869 13870 13923
27368 2 0 13869 13923 13922
27369 2 0 13870 13871 13924
27370 2 0 13870 13924 13923
27371 2 0 13871 13872 13925
27372 2 0 13871 13925 13924
27373 2 0 13872 13873 13926
27374 2 0 13872 13926 13925
27375 2 0 13873 13874 13927
27376 2 0 13873 13927 13926
27377 2 0 13874 13875 13928
27378 2 0 13874 13928 13927
27379 2 0 13875 13876 13929
27380 2 0 13875 13929 13928
27381 2 0 13876 13877 13930
27382 2 0 13876 13930 13929
27383 2 0 13877 13878 13931
27384 2 0 13877 13931 13930
27385 2 0 13878 13879 13932
27386 2 0 13878 13932 13931
27387 2 0 13879 13880 13933
27388 2 0 13879 13933 13932
27389 2 0 13880 13881 13934
27390 2 0 13880 13934 13933
27391 2 0 13881 13882 13935
27392 2 0 13881 13935 13934
27393 2 0 13882 13883 13936
27394 2 0 13882 13936 13935
27395 2 0 13883 13884 13937
27396 2 0 13883 13937 13936
27397 2 0 13884 13885 13938
27398 2 0 13884 13938 13937
27399 2 0 13885 13886 13939
27400 2 0 13885 13939 13938
27401 2 0 13886 13887 13940
27402 2 0 13886 13940 13939
27403 2 0 13887 13888 13941
27404 2 0 13887 13941 13940
27405 2 0 13888 13889 13942
27406 2 0 13888 13942 13941
27407 2 0 13889 13890 13943
27408 2 0 13889 13943 13942
27409 2 0 13890 13891 13944
27410 2 0 13890 13944 13943
27411 2 0 13891 13892 13945
27412 2 0 13891 13945 13944
27413 2 0 13892 13893 13946
27414 2 0 13892 13946 13945
27415 2 0 13893 13894 13947
27416 2 0 13893 13947 13946
27417 2 0 13894 13895 13948
27418 2 0 13894 13948 13947
27419 2 0 13895 13896 13949
27420 2 0 13895 13949 13948
27421 2 0 13896 13897 13950
27422 2 0 13896 13950 13949
27423 2 0 13897 13898 13951
27424 2 0 13897 13951 13950
27425 2 0 13898 13899 13952
27426 2 0 13898 13952 13951
27427 2 0 13899 13900 13953
27428 2 0 13899 13953 13952
27429 2 0 13900 13901 13954
27430 2 0 13900 13954 13953
27431 2 0 13901 13902 13955
27432 2 0 13901 13955 13954
27433 2 0 13902 13903 13956
27434 2 0 13902 13956 13955
27435 2 0 13903 13904 13957
27436 2 0 13903 13957 13956
27437 2 0 13904 13905 13958
27438 2 0 13904 13958 13957
27439 2 0 13905 13906 13959
27440 2 0 13905 13959 13958
27441 2 0 13906 13907 13960
27442 2 0 13906 13960 13959
27443 2 0 13907 13908 13961
27444 2 0 13907 13961 13960
27445 2 0 13909 13910 13963
27446 2 0 13909 13963 13962
27447 2 0 13910 13911 13964
27448 2 0 13910 13964 13963
27449 2 0 13911 13912 13965
27450 2 0 13911 13965 13964
27451 2 0 13912 13913 13966
27452 2 0 13912 13966 13965
27453 2 0 13913 13914 13967
27454 2 0 13913 13967 13966
27455 2 0 13914 13915 13968
27456 2 0 13914 13968 13967
27457 2 0 13915 13916 13969
27458 2 0 13915 13969 13968
27459 2 0 13916 13917 13970
27460 2 0 13916 13970 13969
27461 2 0 13917 13918 13971
27462 2 0 13917 13971 13970
27463 2 0 13918 13919 13972
27464 2 0 13918 13972 13971
27465 2 0 13919 13920 13973
27466 2 0 13919 13973 13972
27467 2 0 13920 13921 13974
27468 2 0 13920 13974 13973
27469 2 0 13921 13922 13975
27470 2 0 13921 13975 13974
27471 2 0 13922 13923 13976
27472 2 0 13922 13976 13975
27473 2 0 13923 13924 13977
27474 2 0 13923 13977 13976
27475 2 0 13924 13925 13978
27476 2 0 13924 13978 13977
27477 2 0 13925 13926 13979
27478 2 0 13925 13979 13978
27479 2 0 13926 13927 13980
27480 2 0 13926 13980 13979
27481 2 0 13927 13928 13981
27482 2 0 13927 13981 13980
27483 2 0 13928 13929 13982
27484 2 0 13928 13982 13981
27485 2 0 13929 13930 13983
27486 2 0 13929 13983 13982
27487 2 0 13930 13931 13984
27488 2 0 13930 13984 13983
27489 2 0 13931 13932 13985
27490 2 0 13931 13985 13984
27491 2 0 13932 13933 13986
27492 2 0 13932 13986 13985
27493 2 0 13933 13934 13987
27494 2 0 13933 13987 13986
27495 2 0 13934 13935 13988
27496 2 0 13934 13988 13987
27497 2 0 13935 13936 13989
27498 2 0 13935 13989 13988
27499 2 0 13936 13937 13990
27500 2 0 13936 13990 13989
27501 2 0 13937 13938 13991
27502 2 0 13937 13991 13990
27503 2 0 13938 13939 13992
27504 2 0 13938 13992 13991
27505 2 0 13939 13940 13993
27506 2 0 13939 13993 13992
27507 2 0 13940 13941 13994
27508 2 0 13940 13994 13993
27509 2 0 13941 13942 13995
27510 2 0 13941 13995 13994
27511 2 0 13942 13943 13996
27512 2 0 13942 13996 13995
27513 2 0 13943 13944 13997
27514 2 0 13943 13997 13996
27515 2 0 13944 13945 13998
27516 2 0 13944 13998 13997
27517 2 0 13945 13946 13999
27518 2 0 13945 13999 13998
27519 2 0 13946 13947 14000
27520 2 0 13946 14000 13999
27521 2 0 13947 13948 14001
27522 2 0 13947 14001 14000
27523 2 0 13948 13949 14002
27524 2 0 13948 14002 14001
27525 2 0 13949 13950 14003
27526 2 0 13949 14003 14002
27527 2 0 13950 13951 14004
27528 2 0 13950 14004 14003
27529 2 0 13951 13952 14005
27530 2 0 13951 14005 14004
27531 2 0 13952 13953 14006
27532 2 0 13952 14006 14005
27533 2 0 13953 13954 14007
27534 2 0 13953 14007 14006
27535 2 0 13954 13955 14008
27536 2 0 13954 14008 14007
27537 2 0 13955 13956 14009
27538 2 0 13955 14009 14008
27539 2 0 13956 13957 14010
27540 2 0 13956 14010 14009
27541 2 0 13957 13958 14011
27542 2 0 13957 14011 14010
27543 2 0 13958 13959 14012
27544 2 0 13958 14012 14011
27545 2 0 13959 13960 14013
27546 2 0 13959 14013 14012
27547 2 0 13960 13961 14014
27548 2 0 13960 14014 14013
$EndElements
