time_h,reservoir_head_cm,reservoir_storage_m3,reservoir_net_flux_m3_s
95.0605148416656,1200,14.0278395168091,0
95.1605148416656,1200,14.0278395168091,0
95.2605148416656,1200,14.0278395168091,0
95.3605148416656,1200,14.0278395168091,0
95.4605148416656,1200,14.0278395168091,0
95.5605148416656,1200,14.0278395168091,0
95.6605148416656,1200,14.0278395168091,0
95.7605148416656,1200,14.0278395168091,0
95.8605148416656,1200,14.0278395168091,0
95.9605148416656,1200,14.0278395168091,0
96.0605148416656,1200,14.0278395168091,0
96.1605148416656,1200,14.0278395168091,0
96.2605148416656,1200,14.0278395168091,0
96.3605148416656,1200,14.0278395168091,0
96.4605148416656,1200,14.0278395168091,0
96.5605148416656,1200,14.0278395168091,0
96.6605148416656,1200,14.0278395168091,0
96.7605148416656,1200,14.0278395168091,0
96.8605148416656,1200,14.0278395168091,0
96.9605148416656,1200,14.0278395168091,0
97.0605148416656,1200,14.0278395168091,0
97.1605148416656,1200,14.0278395168091,0
97.2605148416656,1200,14.0278395168091,0
97.3605148416656,1200,14.0278395168091,0
97.4605148416656,1200,14.0278395168091,0
97.5605148416656,1200,14.0278395168091,0
97.6605148416656,1200,14.0278395168091,0
97.7605148416656,1200,14.0278395168091,0
97.8605148416656,1200,14.0278395168091,0
97.9605148416656,1200,14.0278395168091,0
98.0605148416656,1200,14.0278395168091,0
98.1605148416656,1200,14.0278395168091,0
98.2605148416656,1200,14.0278395168091,0
98.3605148416656,1200,14.0278395168091,0
98.4605148416656,1200,14.0278395168091,0
98.5605148416656,1200,14.0278395168091,0
98.6605148416656,1200,14.0278395168091,0
98.7605148416656,1200,14.0278395168091,0
98.8605148416656,1200,14.0278395168091,0
98.9605148416656,1200,14.0278395168091,0
99.0605148416656,1200,14.0278395168091,0
99.1605148416656,1200,14.0278395168091,0
99.2605148416656,1200,14.0278395168091,0
99.3605148416656,1200,14.0278395168091,0
99.4605148416656,1200,14.0278395168091,0
99.5605148416656,1200,14.0278395168091,0
99.6605148416656,1200,14.0278395168091,0
99.7605148416656,1200,14.0278395168091,0
99.8605148416656,1200,14.0278395168091,0
99.9605148416656,1200,14.0278395168091,0
100.060514841666,1200,14.0278395168091,0
100.160514841666,1200,14.0278395168091,0
100.260514841666,1200,14.0278395168091,0
100.360514841666,1200,14.0278395168091,0
100.460514841666,1200,14.0278395168091,0
100.560514841666,1200,14.0278395168091,0
100.660514841666,1200,14.0278395168091,0
100.760514841666,1200,14.0278395168091,0
100.860514841666,1200,14.0278395168091,0
100.960514841666,1200,14.0278395168091,0
101.060514841666,1200,14.0278395168091,0
101.160514841666,1200,14.0278395168091,0
101.260514841666,1200,14.0278395168091,0
101.360514841666,1200,14.0278395168091,0
101.460514841666,1200,14.0278395168091,0
101.560514841666,1200,14.0278395168091,0
101.660514841666,1200,14.0278395168091,0
101.760514841666,1200,14.0278395168091,0
101.860514841666,1200,14.0278395168091,0
101.960514841666,1200,14.0278395168091,0
102.060514841666,1200,14.0278395168091,0
102.160514841666,1200,14.0278395168091,0
102.260514841666,1200,14.0278395168091,0
102.360514841666,1200,14.0278395168091,0
102.460514841666,1200,14.0278395168091,0
102.560514841666,1200,14.0278395168091,0
102.660514841666,1200,14.0278395168091,0
102.760514841666,1200,14.0278395168091,0
102.860514841666,1200,14.0278395168091,0
102.960514841666,1200,14.0278395168091,0
103.060514841666,1200,14.0278395168091,0
103.160514841666,1200,14.0278395168091,0
103.260514841666,1200,14.0278395168091,0
103.360514841666,1200,14.0278395168091,0
103.460514841666,1200,14.0278395168091,0
103.560514841666,1200,14.0278395168091,0
103.660514841666,1200,14.0278395168091,0
103.760514841666,1200,14.0278395168091,0
103.860514841666,1200,14.0278395168091,0
103.960514841666,1200,14.0278395168091,0
104.060514841666,1200,14.0278395168091,0
104.160514841666,1200,14.0278395168091,0
104.260514841666,1200,14.0278395168091,0
104.360514841666,1200,14.0278395168091,0
104.460514841666,1200,14.0278395168091,0
104.560514841666,1200,14.0278395168091,0
104.660514841666,1200,14.0278395168091,0
104.760514841666,1200,14.0278395168091,0
104.860514841666,1200,14.0278395168091,0
104.960514841666,1200,14.0278395168091,0
105.060514841666,1200,14.0278395168091,0
105.160514841666,1200,14.0278395168091,0
105.260514841666,1200,14.0278395168091,0
105.360514841666,1200,14.0278395168091,0
105.460514841666,1200,14.0278395168091,0
105.560514841666,1200,14.0278395168091,0
105.660514841666,1200,14.0278395168091,0
105.760514841666,1200,14.0278395168091,0
105.860514841666,1200,14.0278395168091,0
105.960514841666,1200,14.0278395168091,0
106.060514841666,1200,14.0278395168091,0
106.160514841666,1200,14.0278395168091,0
106.260514841666,1200,14.0278395168091,0
106.360514841666,1200,14.0278395168091,0
106.460514841666,1200,14.0278395168091,0
106.560514841666,1200,14.0278395168091,0
106.660514841666,1200,14.0278395168091,0
106.760514841666,1200,14.0278395168091,0
106.860514841666,1200,14.0278395168091,0
106.960514841666,1200,14.0278395168091,0
107.060514841666,1200,14.0278395168091,0
107.160514841666,1200,14.0278395168091,0
107.260514841666,1200,14.0278395168091,0
107.360514841666,1200,14.0278395168091,0
107.460514841666,1200,14.0278395168091,0
107.560514841666,1200,14.0278395168091,0
107.660514841666,1200,14.0278395168091,0
107.760514841666,1200,14.0278395168091,0
107.860514841666,1200,14.0278395168091,0
107.960514841666,1200,14.0278395168091,0
108.060514841666,1200,14.0278395168091,0
108.160514841666,1200,14.0278395168091,0
108.260514841666,1200,14.0278395168091,0
108.360514841666,1200,14.0278395168091,0
108.460514841666,1200,14.0278395168091,0
108.560514841666,1200,14.0278395168091,0
108.660514841666,1200,14.0278395168091,0
108.760514841666,1200,14.0278395168091,0
108.860514841666,1200,14.0278395168091,0
108.960514841666,1200,14.0278395168091,0
109.060514841666,1200,14.0278395168091,0
109.160514841666,1200,14.0278395168091,0
109.260514841666,1200,14.0278395168091,0
109.360514841666,1200,14.0278395168091,0
109.460514841666,1200,14.0278395168091,0
109.560514841666,1200,14.0278395168091,0
109.660514841666,1200,14.0278395168091,0
109.760514841666,1200,14.0278395168091,0
109.860514841666,1200,14.0278395168091,0
109.960514841666,1200,14.0278395168091,0
110.060514841666,1200,14.0278395168091,0
110.160514841666,1200,14.0278395168091,0
110.260514841666,1200,14.0278395168091,0
110.360514841666,1200,14.0278395168091,0
110.460514841666,1200,14.0278395168091,0
110.560514841666,1200,14.0278395168091,0
110.660514841666,1200,14.0278395168091,0
110.760514841666,1200,14.0278395168091,0
110.860514841666,1200,14.0278395168091,0
110.960514841666,1200,14.0278395168091,0
111.060514841666,1200,14.0278395168091,0
111.160514841666,1200,14.0278395168091,0
111.260514841666,1200,14.0278395168091,0
111.360514841666,1200,14.0278395168091,0
111.460514841666,1200,14.0278395168091,0
111.560514841666,1200,14.0278395168091,0
111.660514841666,1200,14.0278395168091,0
111.760514841666,1200,14.0278395168091,0
111.860514841666,1200,14.0278395168091,0
111.960514841666,1200,14.0278395168091,0
112.060514841666,1200,14.0278395168091,0
112.160514841666,1200,14.0278395168091,0
112.260514841666,1200,14.0278395168091,0
112.360514841666,1200,14.0278395168091,0
112.460514841666,1200,14.0278395168091,0
112.560514841666,1200,14.0278395168091,0
112.660514841666,1200,14.0278395168091,0
112.760514841666,1200,14.0278395168091,0
112.860514841666,1200,14.0278395168091,0
112.960514841666,1200,14.0278395168091,0
113.060514841666,1200,14.0278395168091,0
113.160514841666,1200,14.0278395168091,0
113.260514841666,1200,14.0278395168091,0
113.360514841666,1200,14.0278395168091,0
113.460514841666,1200,14.0278395168091,0
113.560514841666,1200,14.0278395168091,0
113.660514841666,1200,14.0278395168091,0
113.760514841666,1200,14.0278395168091,0
113.860514841666,1200,14.0278395168091,0
113.960514841666,1200,14.0278395168091,0
114.060514841666,1200,14.0278395168091,0
114.160514841666,1200,14.0278395168091,0
114.260514841666,1200,14.0278395168091,0
114.360514841666,1200,14.0278395168091,0
114.460514841666,1200,14.0278395168091,0
114.560514841666,1200,14.0278395168091,0
114.660514841666,1200,14.0278395168091,0
114.760514841666,1200,14.0278395168091,0
114.860514841666,1200,14.0278395168091,0
114.960514841666,1200,14.0278395168091,0
115.060514841666,1200,14.0278395168091,0
115.160514841666,1200,14.0278395168091,0
115.260514841666,1200,14.0278395168091,0
115.360514841666,1200,14.0278395168091,0
115.460514841666,1200,14.0278395168091,0
115.560514841666,1200,14.0278395168091,0
115.660514841666,1200,14.0278395168091,0
115.760514841666,1200,14.0278395168091,0
115.860514841666,1200,14.0278395168091,0
115.960514841666,1200,14.0278395168091,0
116.060514841666,1200,14.0278395168091,0
116.160514841666,1200,14.0278395168091,0
116.260514841666,1200,14.0278395168091,0
116.360514841666,1200,14.0278395168091,0
116.460514841666,1200,14.0278395168091,0
116.560514841666,1200,14.0278395168091,0
116.660514841666,1200,14.0278395168091,0
116.760514841666,1200,14.0278395168091,0
116.860514841666,1200,14.0278395168091,0
116.960514841666,1200,14.0278395168091,0
117.060514841666,1200,14.0278395168091,0
117.160514841666,1200,14.0278395168091,0
117.260514841666,1200,14.0278395168091,0
117.360514841666,1200,14.0278395168091,0
117.460514841666,1200,14.0278395168091,0
117.560514841666,1200,14.0278395168091,0
117.660514841666,1200,14.0278395168091,0
117.760514841666,1200,14.0278395168091,0
117.860514841666,1200,14.0278395168091,0
117.960514841666,1200,14.0278395168091,0
118.060514841666,1200,14.0278395168091,0
118.160514841666,1200,14.0278395168091,0
118.260514841666,1200,14.0278395168091,0
118.360514841666,1200,14.0278395168091,0
118.460514841666,1200,14.0278395168091,0
118.560514841666,1200,14.0278395168091,0
118.660514841666,1200,14.0278395168091,0
118.760514841666,1200,14.0278395168091,0
118.860514841666,1200,14.0278395168091,0
118.960514841666,1200,14.0278395168091,0
119.060514841666,1200,14.0278395168091,0
119.160514841666,1200,14.0278395168091,0
119.260514841666,1200,14.0278395168091,0
119.360514841666,1200,14.0278395168091,0
119.460514841666,1200,14.0278395168091,0
119.560514841666,1200,14.0278395168091,0
119.660514841666,1200,14.0278395168091,0
119.760514841666,1200,14.0278395168091,0
119.860514841666,1200,14.0278395168091,0
119.960514841666,1200,14.0278395168091,0
120.060514841666,1200,14.0278395168091,0
120.160514841666,1200,14.0278395168091,0
120.260514841666,1200,14.0278395168091,0
120.360514841666,1200,14.0278395168091,0
120.460514841666,1200,14.0278395168091,0
120.560514841666,1200,14.0278395168091,0
120.660514841666,1200,14.0278395168091,0
120.760514841666,1200,14.0278395168091,0
120.860514841666,1200,14.0278395168091,0
120.960514841666,1200,14.0278395168091,0
121.060514841666,1200,14.0278395168091,0
121.160514841666,1200,14.0278395168091,0
121.260514841666,1200,14.0278395168091,0
121.360514841666,1200,14.0278395168091,0
121.460514841666,1200,14.0278395168091,0
121.560514841666,1200,14.0278395168091,0
121.660514841666,1200,14.0278395168091,0
121.760514841666,1200,14.0278395168091,0
121.860514841666,1200,14.0278395168091,0
121.960514841666,1200,14.0278395168091,0
122.060514841666,1200,14.0278395168091,0
122.160514841666,1200,14.0278395168091,0
122.260514841666,1200,14.0278395168091,0
122.360514841666,1200,14.0278395168091,0
122.460514841666,1200,14.0278395168091,0
122.560514841666,1200,14.0278395168091,0
122.660514841666,1200,14.0278395168091,0
122.760514841666,1200,14.0278395168091,0
122.860514841666,1200,14.0278395168091,0
122.960514841666,1200,14.0278395168091,0
123.060514841666,1200,14.0278395168091,0
123.160514841666,1200,14.0278395168091,0
123.260514841666,1200,14.0278395168091,0
123.360514841666,1200,14.0278395168091,0
123.460514841666,1200,14.0278395168091,0
123.560514841666,1200,14.0278395168091,0
123.660514841666,1200,14.0278395168091,0
123.760514841666,1200,14.0278395168091,0
123.860514841666,1200,14.0278395168091,0
123.960514841666,1200,14.0278395168091,0
124.060514841666,1200,14.0278395168091,0
124.160514841666,1200,14.0278395168091,0
124.260514841666,1200,14.0278395168091,0
124.360514841666,1200,14.0278395168091,0
124.460514841666,1200,14.0278395168091,0
124.560514841666,1200,14.0278395168091,0
124.660514841666,1200,14.0278395168091,0
124.760514841666,1200,14.0278395168091,0
124.860514841666,1200,14.0278395168091,0
124.960514841666,1200,14.0278395168091,0
125.060514841666,1200,14.0278395168091,0
125.160514841666,1200,14.0278395168091,0
125.260514841666,1200,14.0278395168091,0
125.360514841666,1200,14.0278395168091,0
125.460514841666,1200,14.0278395168091,0
125.560514841666,1200,14.0278395168091,0
125.660514841666,1200,14.0278395168091,0
125.760514841666,1200,14.0278395168091,0
125.860514841666,1200,14.0278395168091,0
125.960514841666,1200,14.0278395168091,0
126.060514841666,1200,14.0278395168091,0
126.160514841666,1200,14.0278395168091,0
126.260514841666,1200,14.0278395168091,0
126.360514841666,1200,14.0278395168091,0
126.460514841666,1200,14.0278395168091,0
126.560514841666,1200,14.0278395168091,0
126.660514841666,1200,14.0278395168091,0
126.760514841666,1200,14.0278395168091,0
126.860514841666,1200,14.0278395168091,0
126.960514841666,1200,14.0278395168091,0
127.060514841666,1200,14.0278395168091,0
127.160514841666,1200,14.0278395168091,0
127.260514841666,1200,14.0278395168091,0
127.360514841666,1200,14.0278395168091,0
127.460514841666,1200,14.0278395168091,0
127.560514841666,1200,14.0278395168091,0
127.660514841666,1200,14.0278395168091,0
127.760514841666,1200,14.0278395168091,0
127.860514841666,1200,14.0278395168091,0
127.960514841666,1200,14.0278395168091,0
128.060514841666,1200,14.0278395168091,0
128.160514841666,1200,14.0278395168091,0
128.260514841666,1200,14.0278395168091,0
128.360514841666,1200,14.0278395168091,0
128.460514841666,1200,14.0278395168091,0
128.560514841666,1200,14.0278395168091,0
128.660514841666,1200,14.0278395168091,0
128.760514841666,1200,14.0278395168091,0
128.860514841666,1200,14.0278395168091,0
128.960514841666,1200,14.0278395168091,0
129.060514841666,1200,14.0278395168091,0
129.160514841666,1200,14.0278395168091,0
129.260514841666,1200,14.0278395168091,0
129.360514841666,1200,14.0278395168091,0
129.460514841666,1200,14.0278395168091,0
129.560514841666,1200,14.0278395168091,0
129.660514841666,1200,14.0278395168091,0
129.760514841666,1200,14.0278395168091,0
129.860514841666,1200,14.0278395168091,0
129.960514841666,1200,14.0278395168091,0
130.060514841666,1200,14.0278395168091,0
130.160514841666,1200,14.0278395168091,0
130.260514841666,1200,14.0278395168091,0
130.360514841666,1200,14.0278395168091,0
130.460514841666,1200,14.0278395168091,0
130.560514841666,1200,14.0278395168091,0
130.660514841666,1200,14.0278395168091,0
130.760514841666,1200,14.0278395168091,0
130.860514841666,1200,14.0278395168091,0
130.960514841666,1200,14.0278395168091,0
131.060514841666,1200,14.0278395168091,0
131.160514841666,1200,14.0278395168091,0
131.260514841666,1200,14.0278395168091,0
131.360514841666,1200,14.0278395168091,0
131.460514841666,1200,14.0278395168091,0
131.560514841666,1200,14.0278395168091,0
131.660514841666,1200,14.0278395168091,0
131.760514841666,1200,14.0278395168091,0
131.860514841666,1200,14.0278395168091,0
131.960514841666,1200,14.0278395168091,0
132.060514841666,1200,14.0278395168091,0
132.160514841666,1200,14.0278395168091,0
132.260514841666,1200,14.0278395168091,0
132.360514841666,1200,14.0278395168091,0
132.460514841666,1200,14.0278395168091,0
132.560514841666,1200,14.0278395168091,0
132.660514841666,1200,14.0278395168091,0
132.760514841666,1200,14.0278395168091,0
132.860514841666,1200,14.0278395168091,0
132.960514841666,1200,14.0278395168091,0
133.060514841666,1200,14.0278395168091,0
133.160514841666,1200,14.0278395168091,0
133.260514841666,1200,14.0278395168091,0
133.360514841666,1200,14.0278395168091,0
133.460514841666,1200,14.0278395168091,0
133.560514841666,1200,14.0278395168091,0
133.660514841666,1200,14.0278395168091,0
133.760514841666,1200,14.0278395168091,0
133.860514841666,1200,14.0278395168091,0
133.960514841666,1200,14.0278395168091,0
134.060514841666,1200,14.0278395168091,0
134.160514841666,1200,14.0278395168091,0
134.260514841666,1200,14.0278395168091,0
134.360514841666,1200,14.0278395168091,0
134.460514841666,1200,14.0278395168091,0
134.560514841666,1200,14.0278395168091,0
134.660514841666,1200,14.0278395168091,0
134.760514841666,1200,14.0278395168091,0
134.860514841666,1200,14.0278395168091,0
134.960514841666,1200,14.0278395168091,0
135.060514841666,1200,14.0278395168091,0
135.160514841666,1200,14.0278395168091,0
135.260514841666,1200,14.0278395168091,0
135.360514841666,1200,14.0278395168091,0
135.460514841666,1200,14.0278395168091,0
135.560514841666,1200,14.0278395168091,0
135.660514841666,1200,14.0278395168091,0
135.760514841666,1200,14.0278395168091,0
135.860514841666,1200,14.0278395168091,0
135.960514841666,1200,14.0278395168091,0
136.060514841666,1200,14.0278395168091,0
136.160514841666,1200,14.0278395168091,0
136.260514841666,1200,14.0278395168091,0
136.360514841666,1200,14.0278395168091,0
136.460514841666,1200,14.0278395168091,0
136.560514841666,1200,14.0278395168091,0
136.660514841666,1200,14.0278395168091,0
136.760514841666,1200,14.0278395168091,0
136.860514841666,1200,14.0278395168091,0
136.960514841666,1200,14.0278395168091,0
137.060514841666,1200,14.0278395168091,0
137.160514841666,1200,14.0278395168091,0
137.260514841666,1200,14.0278395168091,0
137.360514841666,1200,14.0278395168091,0
137.460514841666,1200,14.0278395168091,0
137.560514841666,1200,14.0278395168091,0
137.660514841666,1200,14.0278395168091,0
137.760514841666,1200,14.0278395168091,0
137.860514841666,1200,14.0278395168091,0
137.960514841666,1200,14.0278395168091,0
138.060514841666,1200,14.0278395168091,0
138.160514841666,1200,14.0278395168091,0
138.260514841666,1200,14.0278395168091,0
138.360514841666,1200,14.0278395168091,0
138.460514841666,1200,14.0278395168091,0
138.560514841666,1200,14.0278395168091,0
138.660514841666,1200,14.0278395168091,0
138.760514841666,1200,14.0278395168091,0
138.860514841666,1200,14.0278395168091,0
138.960514841666,1200,14.0278395168091,0
139.060514841666,1200,14.0278395168091,0
139.160514841666,1200,14.0278395168091,0
139.260514841666,1200,14.0278395168091,0
139.360514841666,1200,14.0278395168091,0
139.460514841666,1200,14.0278395168091,0
139.560514841666,1200,14.0278395168091,0
139.660514841666,1200,14.0278395168091,0
139.760514841666,1200,14.0278395168091,0
139.860514841666,1200,14.0278395168091,0
139.960514841666,1200,14.0278395168091,0
140.060514841666,1200,14.0278395168091,0
140.160514841666,1200,14.0278395168091,0
140.260514841666,1200,14.0278395168091,0
140.360514841666,1200,14.0278395168091,0
140.460514841666,1200,14.0278395168091,0
140.560514841666,1200,14.0278395168091,0
140.660514841666,1200,14.0278395168091,0
140.760514841666,1200,14.0278395168091,0
140.860514841666,1200,14.0278395168091,0
140.960514841666,1200,14.0278395168091,0
141.060514841666,1200,14.0278395168091,0
141.160514841666,1200,14.0278395168091,0
141.260514841666,1200,14.0278395168091,0
141.360514841666,1200,14.0278395168091,0
141.460514841666,1200,14.0278395168091,0
141.560514841666,1200,14.0278395168091,0
141.660514841666,1200,14.0278395168091,0
141.760514841666,1200,14.0278395168091,0
141.860514841666,1200,14.0278395168091,0
141.960514841666,1200,14.0278395168091,0
142.060514841666,1200,14.0278395168091,0
142.160514841666,1200,14.0278395168091,0
142.260514841666,1200,14.0278395168091,0
142.360514841666,1200,14.0278395168091,0
142.460514841666,1200,14.0278395168091,0
142.560514841666,1200,14.0278395168091,0
142.660514841666,1200,14.0278395168091,0
142.760514841666,1200,14.0278395168091,0
142.860514841666,1200,14.0278395168091,0
142.960514841666,1200,14.0278395168091,0
143.060514841666,1200,14.0278395168091,0
143.160514841666,1200,14.0278395168091,0
143.260514841666,1200,14.0278395168091,0
143.360514841666,1200,14.0278395168091,0
143.460514841666,1200,14.0278395168091,0
143.560514841666,1200,14.0278395168091,0
143.660514841666,1200,14.0278395168091,0
143.760514841666,1200,14.0278395168091,0
143.860514841666,1200,14.0278395168091,0
143.960514841666,1200,14.0278395168091,0
144.060514841666,1200,14.0278395168091,0
144.160514841666,1200,14.0278395168091,0
144.260514841666,1200,14.0278395168091,0
144.360514841666,1200,14.0278395168091,0
144.460514841666,1200,14.0278395168091,0
144.560514841666,1200,14.0278395168091,0
144.660514841666,1200,14.0278395168091,0
144.760514841666,1200,14.0278395168091,0
144.860514841666,1200,14.0278395168091,0
144.960514841666,1200,14.0278395168091,0
145.060514841666,1200,14.0278395168091,0
145.160514841666,1200,14.0278395168091,0
145.260514841666,1200,14.0278395168091,0
145.360514841666,1200,14.0278395168091,0
145.460514841666,1200,14.0278395168091,0
145.560514841666,1200,14.0278395168091,0
145.660514841666,1200,14.0278395168091,0
145.760514841666,1200,14.0278395168091,0
145.860514841666,1200,14.0278395168091,0
145.960514841666,1200,14.0278395168091,0
146.060514841666,1200,14.0278395168091,0
146.160514841666,1200,14.0278395168091,0
146.260514841666,1200,14.0278395168091,0
146.360514841666,1200,14.0278395168091,0
146.460514841666,1200,14.0278395168091,0
146.560514841666,1200,14.0278395168091,0
146.660514841666,1200,14.0278395168091,0
146.760514841666,1200,14.0278395168091,0
146.860514841666,1200,14.0278395168091,0
146.960514841666,1200,14.0278395168091,0
147.060514841666,1200,14.0278395168091,0
147.160514841666,1200,14.0278395168091,0
147.260514841666,1200,14.0278395168091,0
147.360514841666,1200,14.0278395168091,0
147.460514841666,1200,14.0278395168091,0
147.560514841666,1200,14.0278395168091,0
147.660514841666,1200,14.0278395168091,0
147.760514841666,1200,14.0278395168091,0
147.860514841666,1200,14.0278395168091,0
147.960514841666,1200,14.0278395168091,0
148.060514841666,1200,14.0278395168091,0
148.160514841666,1200,14.0278395168091,0
148.260514841666,1200,14.0278395168091,0
148.360514841666,1200,14.0278395168091,0
148.460514841666,1200,14.0278395168091,0
148.560514841666,1200,14.0278395168091,0
148.660514841666,1200,14.0278395168091,0
148.760514841666,1200,14.0278395168091,0
148.860514841666,1200,14.0278395168091,0
148.960514841666,1200,14.0278395168091,0
149.060514841666,1200,14.0278395168091,0
149.160514841666,1200,14.0278395168091,0
149.260514841666,1200,14.0278395168091,0
149.360514841666,1200,14.0278395168091,0
149.460514841666,1200,14.0278395168091,0
149.560514841666,1200,14.0278395168091,0
149.660514841666,1200,14.0278395168091,0
149.760514841666,1200,14.0278395168091,0
149.860514841666,1200,14.0278395168091,0
149.960514841666,1200,14.0278395168091,0
150.060514841666,1200,14.0278395168091,0
150.160514841666,1200,14.0278395168091,0
150.260514841666,1200,14.0278395168091,0
150.360514841666,1200,14.0278395168091,0
150.460514841666,1200,14.0278395168091,0
150.560514841666,1200,14.0278395168091,0
150.660514841666,1200,14.0278395168091,0
150.760514841666,1200,14.0278395168091,0
150.860514841666,1200,14.0278395168091,0
150.960514841666,1200,14.0278395168091,0
151.060514841666,1200,14.0278395168091,0
151.160514841666,1200,14.0278395168091,0
151.260514841666,1200,14.0278395168091,0
151.360514841666,1200,14.0278395168091,0
151.460514841666,1200,14.0278395168091,0
151.560514841666,1200,14.0278395168091,0
151.660514841666,1200,14.0278395168091,0
151.760514841666,1200,14.0278395168091,0
151.860514841666,1200,14.0278395168091,0
151.960514841666,1200,14.0278395168091,0
152.060514841666,1200,14.0278395168091,0
152.160514841666,1200,14.0278395168091,0
152.260514841666,1200,14.0278395168091,0
152.360514841666,1200,14.0278395168091,0
152.460514841666,1200,14.0278395168091,0
152.560514841666,1200,14.0278395168091,0
152.660514841666,1200,14.0278395168091,0
152.760514841666,1200,14.0278395168091,0
152.860514841666,1200,14.0278395168091,0
152.960514841666,1200,14.0278395168091,0
153.060514841666,1200,14.0278395168091,0
153.160514841666,1200,14.0278395168091,0
153.260514841666,1200,14.0278395168091,0
153.360514841666,1200,14.0278395168091,0
153.460514841666,1200,14.0278395168091,0
153.560514841666,1200,14.0278395168091,0
153.660514841666,1200,14.0278395168091,0
153.760514841666,1200,14.0278395168091,0
153.860514841666,1200,14.0278395168091,0
153.960514841666,1200,14.0278395168091,0
154.060514841666,1200,14.0278395168091,0
154.160514841666,1200,14.0278395168091,0
154.260514841666,1200,14.0278395168091,0
154.360514841666,1200,14.0278395168091,0
154.460514841666,1200,14.0278395168091,0
154.560514841666,1200,14.0278395168091,0
154.660514841666,1200,14.0278395168091,0
154.760514841666,1200,14.0278395168091,0
154.860514841666,1200,14.0278395168091,0
154.960514841666,1200,14.0278395168091,0
155.060514841666,1200,14.0278395168091,0
155.160514841666,1200,14.0278395168091,0
155.260514841666,1200,14.0278395168091,0
155.360514841666,1200,14.0278395168091,0
155.460514841666,1200,14.0278395168091,0
155.560514841666,1200,14.0278395168091,0
155.660514841666,1200,14.0278395168091,0
155.760514841666,1200,14.0278395168091,0
155.860514841666,1200,14.0278395168091,0
155.960514841666,1200,14.0278395168091,0
156.060514841666,1200,14.0278395168091,0
156.160514841666,1200,14.0278395168091,0
156.260514841666,1200,14.0278395168091,0
156.360514841666,1200,14.0278395168091,0
156.460514841666,1200,14.0278395168091,0
156.560514841666,1200,14.0278395168091,0
156.660514841666,1200,14.0278395168091,0
156.760514841666,1200,14.0278395168091,0
156.860514841666,1200,14.0278395168091,0
156.960514841666,1200,14.0278395168091,0
157.060514841666,1200,14.0278395168091,0
157.160514841666,1200,14.0278395168091,0
157.260514841666,1200,14.0278395168091,0
157.360514841666,1200,14.0278395168091,0
157.460514841666,1200,14.0278395168091,0
157.560514841666,1200,14.0278395168091,0
157.660514841666,1200,14.0278395168091,0
157.760514841666,1200,14.0278395168091,0
157.860514841666,1200,14.0278395168091,0
157.960514841666,1200,14.0278395168091,0
158.060514841666,1200,14.0278395168091,0
158.160514841666,1200,14.0278395168091,0
158.260514841666,1200,14.0278395168091,0
158.360514841666,1200,14.0278395168091,0
158.460514841666,1200,14.0278395168091,0
158.560514841666,1200,14.0278395168091,0
158.660514841666,1200,14.0278395168091,0
158.760514841666,1200,14.0278395168091,0
158.860514841666,1200,14.0278395168091,0
158.960514841666,1200,14.0278395168091,0
159.060514841666,1200,14.0278395168091,0
159.160514841666,1200,14.0278395168091,0
159.260514841666,1200,14.0278395168091,0
159.360514841666,1200,14.0278395168091,0
159.460514841666,1200,14.0278395168091,0
159.560514841666,1200,14.0278395168091,0
159.660514841666,1200,14.0278395168091,0
159.760514841666,1200,14.0278395168091,0
159.860514841666,1200,14.0278395168091,0
159.960514841666,1200,14.0278395168091,0
160.060514841666,1200,14.0278395168091,0
160.160514841666,1200,14.0278395168091,0
160.260514841666,1200,14.0278395168091,0
160.360514841666,1200,14.0278395168091,0
160.460514841666,1200,14.0278395168091,0
160.560514841666,1200,14.0278395168091,0
160.660514841666,1200,14.0278395168091,0
160.760514841666,1200,14.0278395168091,0
160.860514841666,1200,14.0278395168091,0
160.960514841666,1200,14.0278395168091,0
161.060514841666,1200,14.0278395168091,0
161.160514841666,1200,14.0278395168091,0
161.260514841666,1200,14.0278395168091,0
161.360514841666,1200,14.0278395168091,0
161.460514841666,1200,14.0278395168091,0
161.560514841666,1200,14.0278395168091,0
161.660514841666,1200,14.0278395168091,0
161.760514841666,1200,14.0278395168091,0
161.860514841666,1200,14.0278395168091,0
161.960514841666,1200,14.0278395168091,0
162.060514841666,1200,14.0278395168091,0
162.160514841666,1200,14.0278395168091,0
162.260514841666,1200,14.0278395168091,0
162.360514841666,1200,14.0278395168091,0
162.460514841666,1200,14.0278395168091,0
162.560514841666,1200,14.0278395168091,0
162.660514841666,1200,14.0278395168091,0
162.760514841666,1200,14.0278395168091,0
162.860514841666,1200,14.0278395168091,0
162.960514841666,1200,14.0278395168091,0
163.060514841666,1200,14.0278395168091,0
163.160514841666,1200,14.0278395168091,0
163.260514841666,1200,14.0278395168091,0
163.360514841666,1200,14.0278395168091,0
163.460514841666,1200,14.0278395168091,0
163.560514841666,1200,14.0278395168091,0
163.660514841666,1200,14.0278395168091,0
163.760514841666,1200,14.0278395168091,0
163.860514841666,1200,14.0278395168091,0
163.960514841666,1200,14.0278395168091,0
164.060514841666,1200,14.0278395168091,0
164.160514841666,1200,14.0278395168091,0
164.260514841666,1200,14.0278395168091,0
164.360514841666,1200,14.0278395168091,0
164.460514841666,1200,14.0278395168091,0
164.560514841666,1200,14.0278395168091,0
164.660514841666,1200,14.0278395168091,0
164.760514841666,1200,14.0278395168091,0
164.860514841666,1200,14.0278395168091,0
164.960514841666,1200,14.0278395168091,0
165.060514841666,1200,14.0278395168091,0
165.160514841666,1200,14.0278395168091,0
165.260514841666,1200,14.0278395168091,0
165.360514841666,1200,14.0278395168091,0
165.460514841666,1200,14.0278395168091,0
165.560514841666,1200,14.0278395168091,0
165.660514841666,1200,14.0278395168091,0
165.760514841666,1200,14.0278395168091,0
165.860514841666,1200,14.0278395168091,0
165.960514841666,1200,14.0278395168091,0
166.060514841666,1200,14.0278395168091,0
166.160514841666,1200,14.0278395168091,0
166.260514841666,1200,14.0278395168091,0
166.360514841666,1200,14.0278395168091,0
166.460514841666,1200,14.0278395168091,0
166.560514841666,1200,14.0278395168091,0
166.660514841666,1200,14.0278395168091,0
166.760514841666,1200,14.0278395168091,0
166.860514841666,1200,14.0278395168091,0
166.960514841666,1200,14.0278395168091,0
167.060514841666,1200,14.0278395168091,0
167.160514841666,1200,14.0278395168091,0
167.260514841666,1200,14.0278395168091,0
167.360514841666,1200,14.0278395168091,0
167.460514841666,1200,14.0278395168091,0
167.560514841666,1200,14.0278395168091,0
167.660514841666,1200,14.0278395168091,0
167.760514841666,1200,14.0278395168091,0
167.860514841666,1200,14.0278395168091,0
167.960514841666,1200,14.0278395168091,0
168.060514841666,1200,14.0278395168091,0
168.160514841666,1200,14.0278395168091,0
168.260514841666,1200,14.0278395168091,0
168.360514841666,1200,14.0278395168091,0
168.460514841666,1200,14.0278395168091,0
168.560514841666,1200,14.0278395168091,0
168.660514841666,1200,14.0278395168091,0
168.760514841666,1200,14.0278395168091,0
168.860514841666,1200,14.0278395168091,0
168.960514841666,1200,14.0278395168091,0
169.060514841666,1200,14.0278395168091,0
169.160514841666,1200,14.0278395168091,0
169.260514841666,1200,14.0278395168091,0
169.360514841666,1200,14.0278395168091,0
169.460514841666,1200,14.0278395168091,0
169.560514841666,1200,14.0278395168091,0
169.660514841666,1200,14.0278395168091,0
169.760514841666,1200,14.0278395168091,0
169.860514841666,1200,14.0278395168091,0
169.960514841666,1200,14.0278395168091,0
170.060514841666,1200,14.0278395168091,0
170.160514841666,1200,14.0278395168091,0
170.260514841666,1200,14.0278395168091,0
170.360514841666,1200,14.0278395168091,0
170.460514841666,1200,14.0278395168091,0
170.560514841666,1200,14.0278395168091,0
170.660514841666,1200,14.0278395168091,0
170.760514841666,1200,14.0278395168091,0
170.860514841666,1200,14.0278395168091,0
170.960514841666,1200,14.0278395168091,0
171.060514841666,1200,14.0278395168091,0
171.160514841666,1200,14.0278395168091,0
171.260514841666,1200,14.0278395168091,0
171.360514841666,1200,14.0278395168091,0
171.460514841666,1200,14.0278395168091,0
171.560514841666,1200,14.0278395168091,0
171.660514841666,1200,14.0278395168091,0
171.760514841666,1200,14.0278395168091,0
171.860514841666,1200,14.0278395168091,0
171.960514841666,1200,14.0278395168091,0
172.060514841666,1200,14.0278395168091,0
172.160514841666,1200,14.0278395168091,0
172.260514841666,1200,14.0278395168091,0
172.360514841666,1200,14.0278395168091,0
172.460514841666,1200,14.0278395168091,0
172.560514841666,1200,14.0278395168091,0
172.660514841666,1200,14.0278395168091,0
172.760514841666,1200,14.0278395168091,0
172.860514841666,1200,14.0278395168091,0
172.960514841666,1200,14.0278395168091,0
173.060514841666,1200,14.0278395168091,0
173.160514841666,1200,14.0278395168091,0
173.260514841666,1200,14.0278395168091,0
173.360514841666,1200,14.0278395168091,0
173.460514841666,1200,14.0278395168091,0
173.560514841666,1200,14.0278395168091,0
173.660514841666,1200,14.0278395168091,0
173.760514841666,1200,14.0278395168091,0
173.860514841666,1200,14.0278395168091,0
173.960514841666,1200,14.0278395168091,0
174.060514841666,1200,14.0278395168091,0
174.160514841666,1200,14.0278395168091,0
174.260514841666,1200,14.0278395168091,0
174.360514841666,1200,14.0278395168091,0
174.460514841666,1200,14.0278395168091,0
174.560514841666,1200,14.0278395168091,0
174.660514841666,1200,14.0278395168091,0
174.760514841666,1200,14.0278395168091,0
174.860514841666,1200,14.0278395168091,0
174.960514841666,1200,14.0278395168091,0
175.060514841666,1200,14.0278395168091,0
175.160514841666,1200,14.0278395168091,0
175.260514841666,1200,14.0278395168091,0
175.360514841666,1200,14.0278395168091,0
175.460514841666,1200,14.0278395168091,0
175.560514841666,1200,14.0278395168091,0
175.660514841666,1200,14.0278395168091,0
175.760514841666,1200,14.0278395168091,0
175.860514841666,1200,14.0278395168091,0
175.960514841666,1200,14.0278395168091,0
176.060514841666,1200,14.0278395168091,0
176.160514841666,1200,14.0278395168091,0
176.260514841666,1200,14.0278395168091,0
176.360514841666,1200,14.0278395168091,0
176.460514841666,1200,14.0278395168091,0
176.560514841666,1200,14.0278395168091,0
176.660514841666,1200,14.0278395168091,0
176.760514841666,1200,14.0278395168091,0
176.860514841666,1200,14.0278395168091,0
176.960514841666,1200,14.0278395168091,0
177.060514841666,1200,14.0278395168091,0
177.160514841666,1200,14.0278395168091,0
177.260514841666,1200,14.0278395168091,0
177.360514841666,1200,14.0278395168091,0
177.460514841666,1200,14.0278395168091,0
177.560514841666,1200,14.0278395168091,0
177.660514841666,1200,14.0278395168091,0
177.760514841666,1200,14.0278395168091,0
177.860514841666,1200,14.0278395168091,0
177.960514841666,1200,14.0278395168091,0
178.060514841666,1200,14.0278395168091,0
178.160514841666,1200,14.0278395168091,0
178.260514841666,1200,14.0278395168091,0
178.360514841666,1200,14.0278395168091,0
178.460514841666,1200,14.0278395168091,0
178.560514841666,1200,14.0278395168091,0
178.660514841666,1200,14.0278395168091,0
178.760514841666,1200,14.0278395168091,0
178.860514841666,1200,14.0278395168091,0
178.960514841666,1200,14.0278395168091,0
179.060514841666,1200,14.0278395168091,0
179.160514841666,1200,14.0278395168091,0
179.260514841666,1200,14.0278395168091,0
179.360514841666,1200,14.0278395168091,0
179.460514841666,1200,14.0278395168091,0
179.560514841666,1200,14.0278395168091,0
179.660514841666,1200,14.0278395168091,0
179.760514841666,1200,14.0278395168091,0
179.860514841666,1200,14.0278395168091,0
179.960514841666,1200,14.0278395168091,0
180.060514841666,1200,14.0278395168091,0
180.160514841666,1200,14.0278395168091,0
180.260514841666,1200,14.0278395168091,0
180.360514841666,1200,14.0278395168091,0
180.460514841666,1200,14.0278395168091,0
180.560514841666,1200,14.0278395168091,0
180.660514841666,1200,14.0278395168091,0
180.760514841666,1200,14.0278395168091,0
180.860514841666,1200,14.0278395168091,0
180.960514841666,1200,14.0278395168091,0
181.060514841666,1200,14.0278395168091,0
181.160514841666,1200,14.0278395168091,0
181.260514841666,1200,14.0278395168091,0
181.360514841666,1200,14.0278395168091,0
181.460514841666,1200,14.0278395168091,0
181.560514841666,1200,14.0278395168091,0
181.660514841666,1200,14.0278395168091,0
181.760514841666,1200,14.0278395168091,0
181.860514841666,1200,14.0278395168091,0
181.960514841666,1200,14.0278395168091,0
182.060514841666,1200,14.0278395168091,0
182.160514841666,1200,14.0278395168091,0
182.260514841666,1200,14.0278395168091,0
182.360514841666,1200,14.0278395168091,0
182.460514841666,1200,14.0278395168091,0
182.560514841666,1200,14.0278395168091,0
182.660514841666,1200,14.0278395168091,0
182.760514841666,1200,14.0278395168091,0
182.860514841666,1200,14.0278395168091,0
182.960514841666,1200,14.0278395168091,0
183.060514841666,1200,14.0278395168091,0
183.160514841666,1200,14.0278395168091,0
183.260514841666,1200,14.0278395168091,0
183.360514841666,1200,14.0278395168091,0
183.460514841666,1200,14.0278395168091,0
183.560514841666,1200,14.0278395168091,0
183.660514841666,1200,14.0278395168091,0
183.760514841666,1200,14.0278395168091,0
183.860514841666,1200,14.0278395168091,0
183.960514841666,1200,14.0278395168091,0
184.060514841666,1200,14.0278395168091,0
184.160514841666,1200,14.0278395168091,0
184.260514841666,1200,14.0278395168091,0
184.360514841666,1200,14.0278395168091,0
184.460514841666,1200,14.0278395168091,0
184.560514841666,1200,14.0278395168091,0
184.660514841666,1200,14.0278395168091,0
184.760514841666,1200,14.0278395168091,0
184.860514841666,1200,14.0278395168091,0
184.960514841666,1200,14.0278395168091,0
185.060514841666,1200,14.0278395168091,0
185.160514841666,1200,14.0278395168091,0
185.260514841666,1200,14.0278395168091,0
185.360514841666,1200,14.0278395168091,0
185.460514841666,1200,14.0278395168091,0
185.560514841666,1200,14.0278395168091,0
185.660514841666,1200,14.0278395168091,0
185.760514841666,1200,14.0278395168091,0
185.860514841666,1200,14.0278395168091,0
185.960514841666,1200,14.0278395168091,0
186.060514841666,1200,14.0278395168091,0
186.160514841666,1200,14.0278395168091,0
186.260514841666,1200,14.0278395168091,0
186.360514841666,1200,14.0278395168091,0
186.460514841666,1200,14.0278395168091,0
186.560514841666,1200,14.0278395168091,0
186.660514841666,1200,14.0278395168091,0
186.760514841666,1200,14.0278395168091,0
186.860514841666,1200,14.0278395168091,0
186.960514841666,1200,14.0278395168091,0
187.060514841666,1200,14.0278395168091,0
187.160514841666,1200,14.0278395168091,0
187.260514841666,1200,14.0278395168091,0
187.360514841666,1200,14.0278395168091,0
187.460514841666,1200,14.0278395168091,0
187.560514841666,1200,14.0278395168091,0
187.660514841666,1200,14.0278395168091,0
187.760514841666,1200,14.0278395168091,0
187.860514841666,1200,14.0278395168091,0
187.960514841666,1200,14.0278395168091,0
188.060514841666,1200,14.0278395168091,0
188.160514841666,1200,14.0278395168091,0
188.260514841666,1200,14.0278395168091,0
188.360514841666,1200,14.0278395168091,0
188.460514841666,1200,14.0278395168091,0
188.560514841666,1200,14.0278395168091,0
188.660514841666,1200,14.0278395168091,0
188.760514841666,1200,14.0278395168091,0
188.860514841666,1200,14.0278395168091,0
188.960514841666,1200,14.0278395168091,0
189.060514841666,1200,14.0278395168091,0
189.160514841666,1200,14.0278395168091,0
189.260514841666,1200,14.0278395168091,0
189.360514841666,1200,14.0278395168091,0
189.460514841666,1200,14.0278395168091,0
189.560514841666,1200,14.0278395168091,0
189.660514841666,1200,14.0278395168091,0
189.760514841666,1200,14.0278395168091,0
189.860514841666,1200,14.0278395168091,0
189.960514841666,1200,14.0278395168091,0
190.060514841666,1200,14.0278395168091,0
190.160514841666,1200,14.0278395168091,0
190.260514841666,1200,14.0278395168091,0
190.360514841666,1200,14.0278395168091,0
190.460514841666,1200,14.0278395168091,0
190.560514841666,1200,14.0278395168091,0
190.660514841666,1200,14.0278395168091,0
190.760514841666,1200,14.0278395168091,0
190.860514841666,1200,14.0278395168091,0
190.960514841666,1200,14.0278395168091,0
191.060514841666,1200,14.0278395168091,0
191.160514841666,1200,14.0278395168091,0
191.260514841666,1200,14.0278395168091,0
191.360514841666,1200,14.0278395168091,0
191.460514841666,1200,14.0278395168091,0
191.560514841666,1200,14.0278395168091,0
191.660514841666,1200,14.0278395168091,0
191.760514841666,1200,14.0278395168091,0
191.860514841666,1200,14.0278395168091,0
191.960514841666,1200,14.0278395168091,0
192.060514841666,1200,14.0278395168091,0
192.160514841666,1200,14.0278395168091,0
192.260514841666,1200,14.0278395168091,0
192.360514841666,1200,14.0278395168091,0
192.460514841666,1200,14.0278395168091,0
192.560514841666,1200,14.0278395168091,0
192.660514841666,1200,14.0278395168091,0
192.760514841666,1200,14.0278395168091,0
192.860514841666,1200,14.0278395168091,0
192.960514841666,1200,14.0278395168091,0
193.060514841666,1200,14.0278395168091,0
193.160514841666,1200,14.0278395168091,0
193.260514841666,1200,14.0278395168091,0
193.360514841666,1200,14.0278395168091,0
193.460514841666,1200,14.0278395168091,0
193.560514841666,1200,14.0278395168091,0
193.660514841666,1200,14.0278395168091,0
193.760514841666,1200,14.0278395168091,0
193.860514841666,1200,14.0278395168091,0
193.960514841666,1200,14.0278395168091,0
194.060514841666,1200,14.0278395168091,0
194.160514841666,1200,14.0278395168091,0
194.260514841666,1200,14.0278395168091,0
194.360514841666,1200,14.0278395168091,0
194.460514841666,1200,14.0278395168091,0
194.560514841666,1200,14.0278395168091,0
194.660514841666,1200,14.0278395168091,0
194.760514841666,1200,14.0278395168091,0
194.860514841666,1200,14.0278395168091,0
194.960514841666,1200,14.0278395168091,0
195.060514841666,1200,14.0278395168091,0
195.160514841666,1200,14.0278395168091,0
195.260514841666,1200,14.0278395168091,0
195.360514841666,1200,14.0278395168091,0
195.460514841666,1200,14.0278395168091,0
195.560514841666,1200,14.0278395168091,0
195.660514841666,1200,14.0278395168091,0
195.760514841666,1200,14.0278395168091,0
195.860514841666,1200,14.0278395168091,0
195.960514841666,1200,14.0278395168091,0
196.060514841666,1200,14.0278395168091,0
196.160514841666,1200,14.0278395168091,0
196.260514841666,1200,14.0278395168091,0
196.360514841666,1200,14.0278395168091,0
196.460514841666,1200,14.0278395168091,0
196.560514841666,1200,14.0278395168091,0
196.660514841666,1200,14.0278395168091,0
196.760514841666,1200,14.0278395168091,0
196.860514841666,1200,14.0278395168091,0
196.960514841666,1200,14.0278395168091,0
197.060514841666,1200,14.0278395168091,0
197.160514841666,1200,14.0278395168091,0
197.260514841666,1200,14.0278395168091,0
197.360514841666,1200,14.0278395168091,0
197.460514841666,1200,14.0278395168091,0
197.560514841666,1200,14.0278395168091,0
197.660514841666,1200,14.0278395168091,0
197.760514841666,1200,14.0278395168091,0
197.860514841666,1200,14.0278395168091,0
197.960514841666,1200,14.0278395168091,0
198.060514841666,1200,14.0278395168091,0
198.160514841666,1200,14.0278395168091,0
198.260514841666,1200,14.0278395168091,0
198.360514841666,1200,14.0278395168091,0
198.460514841666,1200,14.0278395168091,0
198.560514841666,1200,14.0278395168091,0
198.660514841666,1200,14.0278395168091,0
198.760514841666,1200,14.0278395168091,0
198.860514841666,1200,14.0278395168091,0
198.960514841666,1200,14.0278395168091,0
199.060514841666,1200,14.0278395168091,0
199.160514841666,1200,14.0278395168091,0
199.260514841666,1200,14.0278395168091,0
199.360514841666,1200,14.0278395168091,0
199.460514841666,1200,14.0278395168091,0
199.560514841666,1200,14.0278395168091,0
199.660514841666,1200,14.0278395168091,0
199.760514841666,1200,14.0278395168091,0
199.860514841666,1200,14.0278395168091,0
199.960514841666,1200,14.0278395168091,0
200.060514841666,1200,14.0278395168091,0
200.160514841666,1200,14.0278395168091,0
200.260514841666,1200,14.0278395168091,0
200.360514841666,1200,14.0278395168091,0
200.460514841666,1200,14.0278395168091,0
200.560514841666,1200,14.0278395168091,0
200.660514841666,1200,14.0278395168091,0
200.760514841666,1200,14.0278395168091,0
200.860514841666,1200,14.0278395168091,0
200.960514841666,1200,14.0278395168091,0
201.060514841666,1200,14.0278395168091,0
201.160514841666,1200,14.0278395168091,0
201.260514841666,1200,14.0278395168091,0
201.360514841666,1200,14.0278395168091,0
201.460514841666,1200,14.0278395168091,0
201.560514841666,1200,14.0278395168091,0
201.660514841666,1200,14.0278395168091,0
201.760514841666,1200,14.0278395168091,0
201.860514841666,1200,14.0278395168091,0
201.960514841666,1200,14.0278395168091,0
202.060514841666,1200,14.0278395168091,0
202.14622912738,1200,14.0278395168091,0
202.243848174999,1200,14.0278395168091,0
202.341467222618,1200,14.0278395168091,0
202.441467222618,1200,14.0278395168091,0
202.541467222618,1200,14.0278395168091,0
202.627181508332,1200,14.0278395168091,0
202.700650896087,1200,14.0278395168091,0
202.76362465702,1200,14.0278395168091,0
202.817602166391,1200,14.0278395168091,0
202.85808529842,1200,14.0278395168091,0
202.898568430448,1200,14.0278395168091,0
202.939051562476,1200,14.0278395168091,0
202.973751389929,1200,14.0278395168091,0
203.008451217382,1200,14.0278395168091,0
203.043151044835,1200,14.0278395168091,0
203.082670292767,1200,14.0278395168091,0
203.1221895407,1200,14.0278395168091,0
203.161708788632,1200,14.0278395168091,0
203.206716820999,1200,14.0278395168091,0
203.245295134457,1200,14.0278395168091,0
203.283873447915,1200,14.0278395168091,0
203.327809860464,1200,14.0278395168091,0
203.371746273014,1200,14.0278395168091,0
203.421784965083,1200,14.0278395168091,0
203.471823657153,1200,14.0278395168091,0
203.521862349223,1200,14.0278395168091,0
203.578850859636,1200,14.0278395168091,0
203.635839370049,1200,14.0278395168091,0
203.692827880462,1200,14.0278395168091,0
203.749816390875,1200,14.0278395168091,0
203.806804901288,1200,14.0278395168091,0
203.871708482592,1200,14.0278395168091,0
203.936612063895,1200,14.0278395168091,0
203.992243705013,1200,14.0278395168091,0
204.029331465758,1200,14.0278395168091,0
204.066419226503,1200,14.0278395168091,0
204.091144400333,1200,14.0278395168091,0
204.112337406473,1200,14.0278395168091,0
204.133530412613,1200,14.0278395168091,0
204.154723418753,1200,14.0278395168091,0
204.175916424893,1200,14.0278395168091,0
204.197109431033,1200,14.0278395168091,0
204.218302437172,1200,14.0278395168091,0
204.239495443312,1200,14.0278395168091,0
204.260688449452,1200,14.0278395168091,0
204.281881455592,1200,14.0278395168091,0
204.303074461732,1200,14.0278395168091,0
204.327210940947,1200,14.0278395168091,0
204.354699708942,1200,14.0278395168091,0
204.382188476937,1200,14.0278395168091,0
204.409677244932,1200,14.0278395168091,0
204.44098389737,1200,14.0278395168091,0
204.472290549809,1200,14.0278395168091,0
204.503597202248,1200,14.0278395168091,0
204.534903854686,1200,14.0278395168091,0
204.566210507125,1200,14.0278395168091,0
204.589690496454,1200,14.0278395168091,0
204.609816201593,1200,14.0278395168091,0
204.629941906732,1200,14.0278395168091,0
204.650067611871,1200,14.0278395168091,0
204.67019331701,1200,14.0278395168091,0
204.690319022149,1200,14.0278395168091,0
204.713239964113,1200,14.0278395168091,0
204.739344370238,1200,14.0278395168091,0
204.765448776364,1200,14.0278395168091,0
204.787823981615,1200,14.0278395168091,0
204.813306854261,1200,14.0278395168091,0
204.842329014775,1200,14.0278395168091,0
204.875382030916,1200,14.0278395168091,0
204.908435047057,1200,14.0278395168091,0
204.946078759884,1200,14.0278395168091,0
204.983722472711,1200,14.0278395168091,0
205.015988512277,1200,14.0278395168091,0
205.037499205321,1200,14.0278395168091,0
205.055936942216,1200,14.0278395168091,0
205.076935475902,1200,14.0278395168091,0
205.1008504726,1200,14.0278395168091,0
205.128086996617,1200,14.0278395168091,0
205.159106371192,1200,14.0278395168091,0
205.190125745767,1200,14.0278395168091,0
205.22545336681,1200,14.0278395168091,0
205.260780987854,1200,14.0278395168091,0
205.296108608897,1200,14.0278395168091,0
205.32260432468,1200,14.0278395168091,0
205.345314938208,1200,14.0278395168091,0
205.362347898354,1200,14.0278395168091,0
205.376947578479,1200,14.0278395168091,0
205.393574991955,1200,14.0278395168091,0
205.412511768414,1200,14.0278395168091,0
205.436708760555,1200,14.0278395168091,0
205.460905752697,1200,14.0278395168091,0
205.491824131545,1200,14.0278395168091,0
205.522742510392,1200,14.0278395168091,0
205.545931294528,1200,14.0278395168091,0
205.56332288263,1200,14.0278395168091,0
205.578229958145,1200,14.0278395168091,0
205.593137033661,1200,14.0278395168091,0
205.612184963487,1200,14.0278395168091,0
205.636523984931,1200,14.0278395168091,0
205.66424342602,1200,14.0278395168091,0
205.691962867109,1200,14.0278395168091,0
205.723532230572,1200,14.0278395168091,0
205.755101594034,1200,14.0278395168091,0
205.786670957497,1200,14.0278395168091,0
205.818240320959,1200,14.0278395168091,0
205.845299775355,1200,14.0278395168091,0
205.876117487307,1200,14.0278395168091,0
205.906935199258,1200,14.0278395168091,0
205.93775291121,1200,14.0278395168091,0
205.972850860932,1200,14.0278395168091,0
206.002934817837,1200,14.0278395168091,0
206.033018774742,1200,14.0278395168091,0
206.067281058995,1200,14.0278395168091,0
206.101543343248,1200,14.0278395168091,0
206.135805627501,1200,14.0278395168091,0
206.165173299718,1200,14.0278395168091,0
206.198619815298,1200,14.0278395168091,0
206.232066330879,1200,14.0278395168091,0
206.270158195845,1200,14.0278395168091,0
206.302808365816,1200,14.0278395168091,0
206.335458535787,1200,14.0278395168091,0
206.363444395763,1200,14.0278395168091,0
206.395317180735,1200,14.0278395168091,0
206.427189965706,1200,14.0278395168091,0
206.459062750678,1200,14.0278395168091,0
206.482967339407,1200,14.0278395168091,0
206.506871928136,1200,14.0278395168091,0
206.524800369683,1200,14.0278395168091,0
206.54272881123,1200,14.0278395168091,0
206.563147314102,1200,14.0278395168091,0
206.586401720151,1200,14.0278395168091,0
206.609656126201,1200,14.0278395168091,0
206.63291053225,1200,14.0278395168091,0
206.6561649383,1200,14.0278395168091,0
206.682649122967,1200,14.0278395168091,0
206.705349852682,1200,14.0278395168091,0
206.728050582397,1200,14.0278395168091,0
206.753904191238,1200,14.0278395168091,0
206.77975780008,1200,14.0278395168091,0
206.805611408922,1200,14.0278395168091,0
206.83505579677,1200,14.0278395168091,0
206.864500184618,1200,14.0278395168091,0
206.893944572466,1200,14.0278395168091,0
206.919182619192,1200,14.0278395168091,0
206.944420665919,1200,14.0278395168091,0
206.969658712645,1200,14.0278395168091,0
206.994896759372,1200,14.0278395168091,0
207.020134806099,1200,14.0278395168091,0
207.039063341144,1200,14.0278395168091,0
207.060620839389,1200,14.0278395168091,0
207.085172434614,1200,14.0278395168091,0
207.109724029838,1200,14.0278395168091,0
207.134275625062,1200,14.0278395168091,0
207.158827220286,1200,14.0278395168091,0
207.18337881551,1200,14.0278395168091,0
207.207930410735,1200,14.0278395168091,0
207.232482005959,1200,14.0278395168091,0
207.260443544964,1200,14.0278395168091,0
207.28840508397,1200,14.0278395168091,0
207.316366622975,1200,14.0278395168091,0
207.34432816198,1200,14.0278395168091,0
207.368295195413,1200,14.0278395168091,0
207.392262228847,1200,14.0278395168091,0
207.419558016923,1200,14.0278395168091,0
207.446853805,1200,14.0278395168091,0
207.474149593077,1200,14.0278395168091,0
207.505236462831,1200,14.0278395168091,0
207.531882351191,1200,14.0278395168091,0
207.558528239552,1200,14.0278395168091,0
207.58887494574,1200,14.0278395168091,0
207.614886408187,1200,14.0278395168091,0
207.640897870635,1200,14.0278395168091,0
207.666909333082,1200,14.0278395168091,0
207.692920795529,1200,14.0278395168091,0
207.718932257976,1200,14.0278395168091,0
207.744943720424,1200,14.0278395168091,0
207.774567885988,1200,14.0278395168091,0
207.796786010162,1200,14.0278395168091,0
207.822089984915,1200,14.0278395168091,0
207.847393959669,1200,14.0278395168091,0
207.87621237536,1200,14.0278395168091,0
207.905030791051,1200,14.0278395168091,0
207.929732290215,1200,14.0278395168091,0
207.957864553152,1200,14.0278395168091,0
207.981977921384,1200,14.0278395168091,0
208.006091289615,1200,14.0278395168091,0
208.030204657847,1200,14.0278395168091,0
208.050873259188,1200,14.0278395168091,0
208.074412499604,1200,14.0278395168091,0
208.097951740021,1200,14.0278395168091,0
208.118128231806,1200,14.0278395168091,0
208.138304723592,1200,14.0278395168091,0
208.158481215377,1200,14.0278395168091,0
208.175775351194,1200,14.0278395168091,0
208.19306948701,1200,14.0278395168091,0
208.210363622826,1200,14.0278395168091,0
208.23005972195,1200,14.0278395168091,0
208.249755821074,1200,14.0278395168091,0
208.269451920198,1200,14.0278395168091,0
208.291883588645,1200,14.0278395168091,0
208.314315257091,1200,14.0278395168091,0
208.333542401474,1200,14.0278395168091,0
208.352769545857,1200,14.0278395168091,0
208.37199669024,1200,14.0278395168091,0
208.388477099711,1200,14.0278395168091,0
208.404957509182,1200,14.0278395168091,0
208.421437918654,1200,14.0278395168091,0
208.440207273884,1200,14.0278395168091,0
208.458976629115,1200,14.0278395168091,0
208.477745984346,1200,14.0278395168091,0
208.496515339577,1200,14.0278395168091,0
208.517891549702,1200,14.0278395168091,0
208.539267759826,1200,14.0278395168091,0
208.563612888023,1200,14.0278395168091,0
208.58795801622,1200,14.0278395168091,0
208.60882526896,1200,14.0278395168091,0
208.632590751247,1200,14.0278395168091,0
208.659656994964,1200,14.0278395168091,0
208.68672323868,1200,14.0278395168091,0
208.713789482396,1200,14.0278395168091,0
208.736989119867,1200,14.0278395168091,0
208.763410929209,1200,14.0278395168091,0
208.789832738552,1200,14.0278395168091,0
208.819924243636,1200,14.0278395168091,0
208.85001574872,1200,14.0278395168091,0
208.880107253804,1200,14.0278395168091,0
208.905899972447,1200,14.0278395168091,0
208.935275013125,1200,14.0278395168091,0
208.964650053802,1200,14.0278395168091,0
208.99810496124,1200,14.0278395168091,0
209.031559868678,1200,14.0278395168091,0
209.069661291038,1200,14.0278395168091,0
209.107762713398,1200,14.0278395168091,0
209.145864135758,1200,14.0278395168091,0
209.189257422334,1200,14.0278395168091,0
209.232650708911,1200,14.0278395168091,0
209.276043995488,1200,14.0278395168091,0
209.319437282065,1200,14.0278395168091,0
209.362830568641,1200,14.0278395168091,0
209.400024814278,1200,14.0278395168091,0
209.442384927365,1200,14.0278395168091,0
209.490628389492,1200,14.0278395168091,0
209.538871851618,1200,14.0278395168091,0
209.587115313745,1200,14.0278395168091,0
209.635358775871,1200,14.0278395168091,0
209.683602237998,1200,14.0278395168091,0
209.731845700124,1200,14.0278395168091,0
209.780089162251,1200,14.0278395168091,0
209.828332624378,1200,14.0278395168091,0
209.876576086504,1200,14.0278395168091,0
209.924819548631,1200,14.0278395168091,0
209.973063010757,1200,14.0278395168091,0
210.021306472884,1200,14.0278395168091,0
210.069549935011,1200,14.0278395168091,0
210.124493877988,1200,14.0278395168091,0
210.179437820965,1200,14.0278395168091,0
210.234381763943,1200,14.0278395168091,0
210.28932570692,1200,14.0278395168091,0
210.351900753089,1200,14.0278395168091,0
210.405536506948,1200,14.0278395168091,0
210.466621671065,1200,14.0278395168091,0
210.527706835182,1200,14.0278395168091,0
210.5887919993,1200,14.0278395168091,0
210.658361213989,1200,14.0278395168091,0
210.710538125005,1200,14.0278395168091,0
210.762715036022,1200,14.0278395168091,0
210.822138740236,1200,14.0278395168091,0
210.881562444449,1200,14.0278395168091,0
210.949239440915,1200,14.0278395168091,0
211.01691643738,1200,14.0278395168091,0
211.093993016688,1200,14.0278395168091,0
211.171069595995,1200,14.0278395168091,0
211.248146175303,1200,14.0278395168091,0
211.325222754611,1200,14.0278395168091,0
211.413004414378,1200,14.0278395168091,0
211.500786074146,1200,14.0278395168091,0
211.588567733913,1200,14.0278395168091,0
211.67634939368,1200,14.0278395168091,0
211.764131053447,1200,14.0278395168091,0
211.864104610404,1200,14.0278395168091,0
211.964104610404,1200,14.0278395168091,0
212.064104610404,1200,14.0278395168091,0
212.164104610404,1200,14.0278395168091,0
212.264104610404,1200,14.0278395168091,0
212.364104610404,1200,14.0278395168091,0
212.464104610404,1200,14.0278395168091,0
212.564104610404,1200,14.0278395168091,0
212.649818896119,1200,14.0278395168091,0
212.747437943738,1200,14.0278395168091,0
212.831111413125,1200,14.0278395168091,0
212.926406197706,1200,14.0278395168091,0
213.026406197706,1200,14.0278395168091,0
213.126406197706,1200,14.0278395168091,0
213.226406197706,1200,14.0278395168091,0
213.326406197706,1200,14.0278395168091,0
213.426406197706,1200,14.0278395168091,0
213.526406197706,1200,14.0278395168091,0
213.626406197706,1200,14.0278395168091,0
213.726406197706,1200,14.0278395168091,0
213.826406197706,1200,14.0278395168091,0
213.926406197706,1200,14.0278395168091,0
214.026406197706,1200,14.0278395168091,0
214.126406197706,1200,14.0278395168091,0
214.226406197706,1200,14.0278395168091,0
214.326406197706,1200,14.0278395168091,0
214.41212048342,1200,14.0278395168091,0
214.509739531039,1200,14.0278395168091,0
214.609739531039,1200,14.0278395168091,0
214.709739531039,1200,14.0278395168091,0
214.809739531039,1200,14.0278395168091,0
214.909739531039,1200,14.0278395168091,0
215.009739531039,1200,14.0278395168091,0
215.109739531039,1200,14.0278395168091,0
215.209739531039,1200,14.0278395168091,0
215.309739531039,1200,14.0278395168091,0
215.409739531039,1200,14.0278395168091,0
215.509739531039,1200,14.0278395168091,0
215.609739531039,1200,14.0278395168091,0
215.709739531039,1200,14.0278395168091,0
215.809739531039,1200,14.0278395168091,0
215.909739531039,1200,14.0278395168091,0
216.009739531039,1200,14.0278395168091,0
216.109739531039,1200,14.0278395168091,0
216.209739531039,1200,14.0278395168091,0
216.309739531039,1200,14.0278395168091,0
216.409739531039,1200,14.0278395168091,0
216.509739531039,1200,14.0278395168091,0
216.609739531039,1200,14.0278395168091,0
216.709739531039,1200,14.0278395168091,0
216.809739531039,1200,14.0278395168091,0
216.909739531039,1200,14.0278395168091,0
217.009739531039,1200,14.0278395168091,0
217.109739531039,1200,14.0278395168091,0
217.209739531039,1200,14.0278395168091,0
217.309739531039,1200,14.0278395168091,0
217.409739531039,1200,14.0278395168091,0
217.509739531039,1200,14.0278395168091,0
217.609739531039,1200,14.0278395168091,0
217.709739531039,1200,14.0278395168091,0
217.809739531039,1200,14.0278395168091,0
217.909739531039,1200,14.0278395168091,0
218.009739531039,1200,14.0278395168091,0
218.109739531039,1200,14.0278395168091,0
218.209739531039,1200,14.0278395168091,0
218.309739531039,1200,14.0278395168091,0
218.409739531039,1200,14.0278395168091,0
218.509739531039,1200,14.0278395168091,0
218.609739531039,1200,14.0278395168091,0
218.709739531039,1200,14.0278395168091,0
218.809739531039,1200,14.0278395168091,0
218.909739531039,1200,14.0278395168091,0
219.009739531039,1200,14.0278395168091,0
219.109739531039,1200,14.0278395168091,0
219.209739531039,1200,14.0278395168091,0
219.309739531039,1200,14.0278395168091,0
219.409739531039,1200,14.0278395168091,0
219.509739531039,1200,14.0278395168091,0
219.609739531039,1200,14.0278395168091,0
219.709739531039,1200,14.0278395168091,0
219.809739531039,1200,14.0278395168091,0
219.909739531039,1200,14.0278395168091,0
220.009739531039,1200,14.0278395168091,0
220.109739531039,1200,14.0278395168091,0
220.209739531039,1200,14.0278395168091,0
220.309739531039,1200,14.0278395168091,0
220.409739531039,1200,14.0278395168091,0
220.509739531039,1200,14.0278395168091,0
220.609739531039,1200,14.0278395168091,0
220.709739531039,1200,14.0278395168091,0
220.809739531039,1200,14.0278395168091,0
220.909739531039,1200,14.0278395168091,0
221.009739531039,1200,14.0278395168091,0
221.109739531039,1200,14.0278395168091,0
221.209739531039,1200,14.0278395168091,0
221.309739531039,1200,14.0278395168091,0
221.409739531039,1200,14.0278395168091,0
221.509739531039,1200,14.0278395168091,0
221.609739531039,1200,14.0278395168091,0
221.709739531039,1200,14.0278395168091,0
221.809739531039,1200,14.0278395168091,0
221.909739531039,1200,14.0278395168091,0
222.009739531039,1200,14.0278395168091,0
222.109739531039,1200,14.0278395168091,0
222.209739531039,1200,14.0278395168091,0
222.309739531039,1200,14.0278395168091,0
222.409739531039,1200,14.0278395168091,0
222.509739531039,1200,14.0278395168091,0
222.609739531039,1200,14.0278395168091,0
222.709739531039,1200,14.0278395168091,0
222.809739531039,1200,14.0278395168091,0
222.909739531039,1200,14.0278395168091,0
223.009739531039,1200,14.0278395168091,0
223.109739531039,1200,14.0278395168091,0
223.209739531039,1200,14.0278395168091,0
223.309739531039,1200,14.0278395168091,0
223.409739531039,1200,14.0278395168091,0
223.509739531039,1200,14.0278395168091,0
223.609739531039,1200,14.0278395168091,0
223.709739531039,1200,14.0278395168091,0
223.809739531039,1200,14.0278395168091,0
223.909739531039,1200,14.0278395168091,0
224.009739531039,1200,14.0278395168091,0
224.109739531039,1200,14.0278395168091,0
224.209739531039,1200,14.0278395168091,0
224.309739531039,1200,14.0278395168091,0
224.409739531039,1200,14.0278395168091,0
224.509739531039,1200,14.0278395168091,0
224.609739531039,1200,14.0278395168091,0
224.709739531039,1200,14.0278395168091,0
224.809739531039,1200,14.0278395168091,0
224.909739531039,1200,14.0278395168091,0
225.009739531039,1200,14.0278395168091,0
225.109739531039,1200,14.0278395168091,0
225.209739531039,1200,14.0278395168091,0
225.309739531039,1200,14.0278395168091,0
225.409739531039,1200,14.0278395168091,0
225.509739531039,1200,14.0278395168091,0
225.609739531039,1200,14.0278395168091,0
225.709739531039,1200,14.0278395168091,0
225.809739531039,1200,14.0278395168091,0
225.909739531039,1200,14.0278395168091,0
226.009739531039,1200,14.0278395168091,0
226.109739531039,1200,14.0278395168091,0
226.209739531039,1200,14.0278395168091,0
226.309739531039,1200,14.0278395168091,0
226.409739531039,1200,14.0278395168091,0
226.509739531039,1200,14.0278395168091,0
226.609739531039,1200,14.0278395168091,0
226.709739531039,1200,14.0278395168091,0
226.809739531039,1200,14.0278395168091,0
226.909739531039,1200,14.0278395168091,0
227.009739531039,1200,14.0278395168091,0
227.109739531039,1200,14.0278395168091,0
227.209739531039,1200,14.0278395168091,0
227.309739531039,1200,14.0278395168091,0
227.409739531039,1200,14.0278395168091,0
227.509739531039,1200,14.0278395168091,0
227.609739531039,1200,14.0278395168091,0
227.709739531039,1200,14.0278395168091,0
227.809739531039,1200,14.0278395168091,0
227.909739531039,1200,14.0278395168091,0
228.009739531039,1200,14.0278395168091,0
228.109739531039,1200,14.0278395168091,0
228.209739531039,1200,14.0278395168091,0
228.309739531039,1200,14.0278395168091,0
228.409739531039,1200,14.0278395168091,0
228.509739531039,1200,14.0278395168091,0
228.609739531039,1200,14.0278395168091,0
228.709739531039,1200,14.0278395168091,0
228.809739531039,1200,14.0278395168091,0
228.909739531039,1200,14.0278395168091,0
229.009739531039,1200,14.0278395168091,0
229.109739531039,1200,14.0278395168091,0
229.209739531039,1200,14.0278395168091,0
229.309739531039,1200,14.0278395168091,0
229.409739531039,1200,14.0278395168091,0
229.509739531039,1200,14.0278395168091,0
229.609739531039,1200,14.0278395168091,0
229.709739531039,1200,14.0278395168091,0
229.809739531039,1200,14.0278395168091,0
229.909739531039,1200,14.0278395168091,0
230.009739531039,1200,14.0278395168091,0
230.109739531039,1200,14.0278395168091,0
230.209739531039,1200,14.0278395168091,0
230.309739531039,1200,14.0278395168091,0
230.409739531039,1200,14.0278395168091,0
230.509739531039,1200,14.0278395168091,0
230.609739531039,1200,14.0278395168091,0
230.709739531039,1200,14.0278395168091,0
230.809739531039,1200,14.0278395168091,0
230.909739531039,1200,14.0278395168091,0
231.009739531039,1200,14.0278395168091,0
231.109739531039,1200,14.0278395168091,0
231.209739531039,1200,14.0278395168091,0
231.309739531039,1200,14.0278395168091,0
231.409739531039,1200,14.0278395168091,0
231.509739531039,1200,14.0278395168091,0
231.609739531039,1200,14.0278395168091,0
231.709739531039,1200,14.0278395168091,0
231.809739531039,1200,14.0278395168091,0
231.909739531039,1200,14.0278395168091,0
232.009739531039,1200,14.0278395168091,0
232.109739531039,1200,14.0278395168091,0
232.209739531039,1200,14.0278395168091,0
232.309739531039,1200,14.0278395168091,0
232.409739531039,1200,14.0278395168091,0
232.509739531039,1200,14.0278395168091,0
232.609739531039,1200,14.0278395168091,0
232.709739531039,1200,14.0278395168091,0
232.809739531039,1200,14.0278395168091,0
232.909739531039,1200,14.0278395168091,0
233.009739531039,1200,14.0278395168091,0
233.109739531039,1200,14.0278395168091,0
233.209739531039,1200,14.0278395168091,0
233.309739531039,1200,14.0278395168091,0
233.409739531039,1200,14.0278395168091,0
233.509739531039,1200,14.0278395168091,0
233.609739531039,1200,14.0278395168091,0
233.709739531039,1200,14.0278395168091,0
233.809739531039,1200,14.0278395168091,0
233.909739531039,1200,14.0278395168091,0
234.009739531039,1200,14.0278395168091,0
234.109739531039,1200,14.0278395168091,0
234.209739531039,1200,14.0278395168091,0
234.309739531039,1200,14.0278395168091,0
234.409739531039,1200,14.0278395168091,0
234.509739531039,1200,14.0278395168091,0
234.609739531039,1200,14.0278395168091,0
234.709739531039,1200,14.0278395168091,0
234.809739531039,1200,14.0278395168091,0
234.909739531039,1200,14.0278395168091,0
235.009739531039,1200,14.0278395168091,0
235.109739531039,1200,14.0278395168091,0
235.209739531039,1200,14.0278395168091,0
235.309739531039,1200,14.0278395168091,0
235.409739531039,1200,14.0278395168091,0
235.509739531039,1200,14.0278395168091,0
235.609739531039,1200,14.0278395168091,0
235.709739531039,1200,14.0278395168091,0
235.809739531039,1200,14.0278395168091,0
235.909739531039,1200,14.0278395168091,0
236.009739531039,1200,14.0278395168091,0
236.109739531039,1200,14.0278395168091,0
236.209739531039,1200,14.0278395168091,0
236.309739531039,1200,14.0278395168091,0
236.409739531039,1200,14.0278395168091,0
236.509739531039,1200,14.0278395168091,0
236.609739531039,1200,14.0278395168091,0
236.709739531039,1200,14.0278395168091,0
236.809739531039,1200,14.0278395168091,0
236.909739531039,1200,14.0278395168091,0
237.009739531039,1200,14.0278395168091,0
237.109739531039,1200,14.0278395168091,0
237.209739531039,1200,14.0278395168091,0
237.309739531039,1200,14.0278395168091,0
237.409739531039,1200,14.0278395168091,0
237.509739531039,1200,14.0278395168091,0
237.609739531039,1200,14.0278395168091,0
237.709739531039,1200,14.0278395168091,0
237.809739531039,1200,14.0278395168091,0
237.909739531039,1200,14.0278395168091,0
238.009739531039,1200,14.0278395168091,0
238.109739531039,1200,14.0278395168091,0
238.209739531039,1200,14.0278395168091,0
238.309739531039,1200,14.0278395168091,0
238.409739531039,1200,14.0278395168091,0
238.509739531039,1200,14.0278395168091,0
238.609739531039,1200,14.0278395168091,0
238.709739531039,1200,14.0278395168091,0
238.809739531039,1200,14.0278395168091,0
238.909739531039,1200,14.0278395168091,0
239.009739531039,1200,14.0278395168091,0
239.109739531039,1200,14.0278395168091,0
239.209739531039,1200,14.0278395168091,0
239.309739531039,1200,14.0278395168091,0
239.409739531039,1200,14.0278395168091,0
239.509739531039,1200,14.0278395168091,0
239.609739531039,1200,14.0278395168091,0
239.709739531039,1200,14.0278395168091,0
239.809739531039,1200,14.0278395168091,0
239.909739531039,1200,14.0278395168091,0
240.009739531039,1200,14.0278395168091,0
240.109739531039,1200,14.0278395168091,0
240.209739531039,1200,14.0278395168091,0
240.309739531039,1200,14.0278395168091,0
240.409739531039,1200,14.0278395168091,0
240.509739531039,1200,14.0278395168091,0
240.609739531039,1200,14.0278395168091,0
240.709739531039,1200,14.0278395168091,0
240.809739531039,1200,14.0278395168091,0
240.909739531039,1200,14.0278395168091,0
241.009739531039,1200,14.0278395168091,0
241.109739531039,1200,14.0278395168091,0
241.209739531039,1200,14.0278395168091,0
241.309739531039,1200,14.0278395168091,0
241.409739531039,1200,14.0278395168091,0
241.509739531039,1200,14.0278395168091,0
241.609739531039,1200,14.0278395168091,0
241.709739531039,1200,14.0278395168091,0
241.809739531039,1200,14.0278395168091,0
241.909739531039,1200,14.0278395168091,0
242.009739531039,1200,14.0278395168091,0
242.109739531039,1200,14.0278395168091,0
242.209739531039,1200,14.0278395168091,0
242.309739531039,1200,14.0278395168091,0
242.409739531039,1200,14.0278395168091,0
242.509739531039,1200,14.0278395168091,0
242.609739531039,1200,14.0278395168091,0
242.709739531039,1200,14.0278395168091,0
242.809739531039,1200,14.0278395168091,0
242.909739531039,1200,14.0278395168091,0
243.009739531039,1200,14.0278395168091,0
243.109739531039,1200,14.0278395168091,0
243.209739531039,1200,14.0278395168091,0
243.309739531039,1200,14.0278395168091,0
243.409739531039,1200,14.0278395168091,0
243.509739531039,1200,14.0278395168091,0
243.609739531039,1200,14.0278395168091,0
243.709739531039,1200,14.0278395168091,0
243.809739531039,1200,14.0278395168091,0
243.909739531039,1200,14.0278395168091,0
244.009739531039,1200,14.0278395168091,0
244.109739531039,1200,14.0278395168091,0
244.209739531039,1200,14.0278395168091,0
244.309739531039,1200,14.0278395168091,0
244.409739531039,1200,14.0278395168091,0
244.509739531039,1200,14.0278395168091,0
244.609739531039,1200,14.0278395168091,0
244.709739531039,1200,14.0278395168091,0
244.809739531039,1200,14.0278395168091,0
244.909739531039,1200,14.0278395168091,0
245.009739531039,1200,14.0278395168091,0
245.109739531039,1200,14.0278395168091,0
245.209739531039,1200,14.0278395168091,0
245.309739531039,1200,14.0278395168091,0
245.409739531039,1200,14.0278395168091,0
245.509739531039,1200,14.0278395168091,0
245.609739531039,1200,14.0278395168091,0
245.709739531039,1200,14.0278395168091,0
245.809739531039,1200,14.0278395168091,0
245.909739531039,1200,14.0278395168091,0
246.009739531039,1200,14.0278395168091,0
246.109739531039,1200,14.0278395168091,0
246.209739531039,1200,14.0278395168091,0
246.309739531039,1200,14.0278395168091,0
246.409739531039,1200,14.0278395168091,0
246.509739531039,1200,14.0278395168091,0
246.609739531039,1200,14.0278395168091,0
246.709739531039,1200,14.0278395168091,0
246.809739531039,1200,14.0278395168091,0
246.909739531039,1200,14.0278395168091,0
247.009739531039,1200,14.0278395168091,0
247.109739531039,1200,14.0278395168091,0
247.209739531039,1200,14.0278395168091,0
247.309739531039,1200,14.0278395168091,0
247.409739531039,1200,14.0278395168091,0
247.509739531039,1200,14.0278395168091,0
247.609739531039,1200,14.0278395168091,0
247.709739531039,1200,14.0278395168091,0
247.809739531039,1200,14.0278395168091,0
247.909739531039,1200,14.0278395168091,0
248.009739531039,1200,14.0278395168091,0
248.109739531039,1200,14.0278395168091,0
248.209739531039,1200,14.0278395168091,0
248.309739531039,1200,14.0278395168091,0
248.409739531039,1200,14.0278395168091,0
248.509739531039,1200,14.0278395168091,0
248.609739531039,1200,14.0278395168091,0
248.709739531039,1200,14.0278395168091,0
248.809739531039,1200,14.0278395168091,0
248.909739531039,1200,14.0278395168091,0
249.009739531039,1200,14.0278395168091,0
249.109739531039,1200,14.0278395168091,0
249.209739531039,1200,14.0278395168091,0
249.309739531039,1200,14.0278395168091,0
249.409739531039,1200,14.0278395168091,0
249.509739531039,1200,14.0278395168091,0
249.609739531039,1200,14.0278395168091,0
249.709739531039,1200,14.0278395168091,0
249.809739531039,1200,14.0278395168091,0
249.909739531039,1200,14.0278395168091,0
250.009739531039,1200,14.0278395168091,0
250.109739531039,1200,14.0278395168091,0
250.209739531039,1200,14.0278395168091,0
250.309739531039,1200,14.0278395168091,0
250.409739531039,1200,14.0278395168091,0
250.509739531039,1200,14.0278395168091,0
250.609739531039,1200,14.0278395168091,0
250.709739531039,1200,14.0278395168091,0
250.809739531039,1200,14.0278395168091,0
250.909739531039,1200,14.0278395168091,0
251.009739531039,1200,14.0278395168091,0
251.109739531039,1200,14.0278395168091,0
251.209739531039,1200,14.0278395168091,0
251.309739531039,1200,14.0278395168091,0
251.409739531039,1200,14.0278395168091,0
251.509739531039,1200,14.0278395168091,0
251.609739531039,1200,14.0278395168091,0
251.709739531039,1200,14.0278395168091,0
251.809739531039,1200,14.0278395168091,0
251.909739531039,1200,14.0278395168091,0
252.009739531039,1200,14.0278395168091,0
252.109739531039,1200,14.0278395168091,0
252.209739531039,1200,14.0278395168091,0
252.309739531039,1200,14.0278395168091,0
252.409739531039,1200,14.0278395168091,0
252.509739531039,1200,14.0278395168091,0
252.609739531039,1200,14.0278395168091,0
252.709739531039,1200,14.0278395168091,0
252.809739531039,1200,14.0278395168091,0
252.909739531039,1200,14.0278395168091,0
253.009739531039,1200,14.0278395168091,0
253.109739531039,1200,14.0278395168091,0
253.209739531039,1200,14.0278395168091,0
253.309739531039,1200,14.0278395168091,0
253.409739531039,1200,14.0278395168091,0
253.509739531039,1200,14.0278395168091,0
253.609739531039,1200,14.0278395168091,0
253.709739531039,1200,14.0278395168091,0
253.809739531039,1200,14.0278395168091,0
253.909739531039,1200,14.0278395168091,0
254.009739531039,1200,14.0278395168091,0
254.109739531039,1200,14.0278395168091,0
254.209739531039,1200,14.0278395168091,0
254.309739531039,1200,14.0278395168091,0
254.409739531039,1200,14.0278395168091,0
254.509739531039,1200,14.0278395168091,0
254.609739531039,1200,14.0278395168091,0
254.709739531039,1200,14.0278395168091,0
254.809739531039,1200,14.0278395168091,0
254.909739531039,1200,14.0278395168091,0
255.009739531039,1200,14.0278395168091,0
255.109739531039,1200,14.0278395168091,0
255.209739531039,1200,14.0278395168091,0
255.309739531039,1200,14.0278395168091,0
255.409739531039,1200,14.0278395168091,0
255.509739531039,1200,14.0278395168091,0
255.609739531039,1200,14.0278395168091,0
255.709739531039,1200,14.0278395168091,0
255.809739531039,1200,14.0278395168091,0
255.909739531039,1200,14.0278395168091,0
256.009739531039,1200,14.0278395168091,0
256.109739531039,1200,14.0278395168091,0
256.209739531039,1200,14.0278395168091,0
256.309739531039,1200,14.0278395168091,0
256.409739531039,1200,14.0278395168091,0
256.509739531039,1200,14.0278395168091,0
256.609739531039,1200,14.0278395168091,0
256.709739531039,1200,14.0278395168091,0
256.809739531039,1200,14.0278395168091,0
256.909739531039,1200,14.0278395168091,0
257.009739531039,1200,14.0278395168091,0
257.109739531039,1200,14.0278395168091,0
257.209739531039,1200,14.0278395168091,0
257.309739531039,1200,14.0278395168091,0
257.409739531039,1200,14.0278395168091,0
257.509739531039,1200,14.0278395168091,0
257.609739531039,1200,14.0278395168091,0
257.709739531039,1200,14.0278395168091,0
257.809739531039,1200,14.0278395168091,0
257.909739531039,1200,14.0278395168091,0
258.009739531039,1200,14.0278395168091,0
258.109739531039,1200,14.0278395168091,0
258.209739531039,1200,14.0278395168091,0
258.309739531039,1200,14.0278395168091,0
258.409739531039,1200,14.0278395168091,0
258.509739531039,1200,14.0278395168091,0
258.609739531039,1200,14.0278395168091,0
258.709739531039,1200,14.0278395168091,0
258.809739531039,1200,14.0278395168091,0
258.909739531039,1200,14.0278395168091,0
259.009739531039,1200,14.0278395168091,0
259.109739531039,1200,14.0278395168091,0
259.209739531039,1200,14.0278395168091,0
259.309739531039,1200,14.0278395168091,0
259.409739531039,1200,14.0278395168091,0
259.509739531039,1200,14.0278395168091,0
259.609739531039,1200,14.0278395168091,0
259.709739531039,1200,14.0278395168091,0
259.809739531039,1200,14.0278395168091,0
259.909739531039,1200,14.0278395168091,0
260.009739531039,1200,14.0278395168091,0
260.109739531039,1200,14.0278395168091,0
260.209739531039,1200,14.0278395168091,0
260.309739531039,1200,14.0278395168091,0
260.409739531039,1200,14.0278395168091,0
260.509739531039,1200,14.0278395168091,0
260.609739531039,1200,14.0278395168091,0
260.709739531039,1200,14.0278395168091,0
260.809739531039,1200,14.0278395168091,0
260.909739531039,1200,14.0278395168091,0
261.009739531039,1200,14.0278395168091,0
261.109739531039,1200,14.0278395168091,0
261.209739531039,1200,14.0278395168091,0
261.309739531039,1200,14.0278395168091,0
261.409739531039,1200,14.0278395168091,0
261.509739531039,1200,14.0278395168091,0
261.609739531039,1200,14.0278395168091,0
261.709739531039,1200,14.0278395168091,0
261.809739531039,1200,14.0278395168091,0
261.909739531039,1200,14.0278395168091,0
262.009739531039,1200,14.0278395168091,0
262.109739531039,1200,14.0278395168091,0
262.209739531039,1200,14.0278395168091,0
262.309739531039,1200,14.0278395168091,0
262.409739531039,1200,14.0278395168091,0
262.509739531039,1200,14.0278395168091,0
262.609739531039,1200,14.0278395168091,0
262.709739531039,1200,14.0278395168091,0
262.809739531039,1200,14.0278395168091,0
262.909739531039,1200,14.0278395168091,0
263.009739531039,1200,14.0278395168091,0
263.109739531039,1200,14.0278395168091,0
263.209739531039,1200,14.0278395168091,0
263.309739531039,1200,14.0278395168091,0
263.409739531039,1200,14.0278395168091,0
263.509739531039,1200,14.0278395168091,0
263.609739531039,1200,14.0278395168091,0
263.709739531039,1200,14.0278395168091,0
263.809739531039,1200,14.0278395168091,0
263.909739531039,1200,14.0278395168091,0
264.009739531039,1200,14.0278395168091,0
264.109739531039,1200,14.0278395168091,0
264.209739531039,1200,14.0278395168091,0
264.309739531039,1200,14.0278395168091,0
264.409739531039,1200,14.0278395168091,0
264.509739531039,1200,14.0278395168091,0
264.609739531039,1200,14.0278395168091,0
264.709739531039,1200,14.0278395168091,0
264.809739531039,1200,14.0278395168091,0
264.909739531039,1200,14.0278395168091,0
265.009739531039,1200,14.0278395168091,0
265.109739531039,1200,14.0278395168091,0
265.209739531039,1200,14.0278395168091,0
265.309739531039,1200,14.0278395168091,0
265.409739531039,1200,14.0278395168091,0
265.509739531039,1200,14.0278395168091,0
265.609739531039,1200,14.0278395168091,0
265.709739531039,1200,14.0278395168091,0
265.809739531039,1200,14.0278395168091,0
265.909739531039,1200,14.0278395168091,0
266.009739531039,1200,14.0278395168091,0
266.109739531039,1200,14.0278395168091,0
266.209739531039,1200,14.0278395168091,0
266.309739531039,1200,14.0278395168091,0
266.409739531039,1200,14.0278395168091,0
266.509739531039,1200,14.0278395168091,0
266.609739531039,1200,14.0278395168091,0
266.709739531039,1200,14.0278395168091,0
266.809739531039,1200,14.0278395168091,0
266.909739531039,1200,14.0278395168091,0
267.009739531039,1200,14.0278395168091,0
267.109739531039,1200,14.0278395168091,0
267.209739531039,1200,14.0278395168091,0
267.309739531039,1200,14.0278395168091,0
267.409739531039,1200,14.0278395168091,0
267.509739531039,1200,14.0278395168091,0
267.609739531039,1200,14.0278395168091,0
267.709739531039,1200,14.0278395168091,0
267.809739531039,1200,14.0278395168091,0
267.909739531039,1200,14.0278395168091,0
268.009739531039,1200,14.0278395168091,0
268.109739531039,1200,14.0278395168091,0
268.209739531039,1200,14.0278395168091,0
268.309739531039,1200,14.0278395168091,0
268.409739531039,1200,14.0278395168091,0
268.509739531039,1200,14.0278395168091,0
268.609739531039,1200,14.0278395168091,0
268.709739531039,1200,14.0278395168091,0
268.809739531039,1200,14.0278395168091,0
268.909739531039,1200,14.0278395168091,0
269.009739531039,1200,14.0278395168091,0
269.109739531039,1200,14.0278395168091,0
269.209739531039,1200,14.0278395168091,0
269.309739531039,1200,14.0278395168091,0
269.409739531039,1200,14.0278395168091,0
269.509739531039,1200,14.0278395168091,0
269.609739531039,1200,14.0278395168091,0
269.709739531039,1200,14.0278395168091,0
269.809739531039,1200,14.0278395168091,0
269.909739531039,1200,14.0278395168091,0
270.009739531039,1200,14.0278395168091,0
270.109739531039,1200,14.0278395168091,0
270.209739531039,1200,14.0278395168091,0
270.309739531039,1200,14.0278395168091,0
270.409739531039,1200,14.0278395168091,0
270.509739531039,1200,14.0278395168091,0
270.609739531039,1200,14.0278395168091,0
270.709739531039,1200,14.0278395168091,0
270.809739531039,1200,14.0278395168091,0
270.909739531039,1200,14.0278395168091,0
271.009739531039,1200,14.0278395168091,0
271.109739531039,1200,14.0278395168091,0
271.209739531039,1200,14.0278395168091,0
271.309739531039,1200,14.0278395168091,0
271.409739531039,1200,14.0278395168091,0
271.509739531039,1200,14.0278395168091,0
271.609739531039,1200,14.0278395168091,0
271.709739531039,1200,14.0278395168091,0
271.809739531039,1200,14.0278395168091,0
271.909739531039,1200,14.0278395168091,0
272.009739531039,1200,14.0278395168091,0
272.109739531039,1200,14.0278395168091,0
272.209739531039,1200,14.0278395168091,0
272.309739531039,1200,14.0278395168091,0
272.409739531039,1200,14.0278395168091,0
272.509739531039,1200,14.0278395168091,0
272.609739531039,1200,14.0278395168091,0
272.709739531039,1200,14.0278395168091,0
272.809739531039,1200,14.0278395168091,0
272.909739531039,1200,14.0278395168091,0
273.009739531039,1200,14.0278395168091,0
273.109739531039,1200,14.0278395168091,0
273.209739531039,1200,14.0278395168091,0
273.309739531039,1200,14.0278395168091,0
273.409739531039,1200,14.0278395168091,0
273.509739531039,1200,14.0278395168091,0
273.609739531039,1200,14.0278395168091,0
273.709739531039,1200,14.0278395168091,0
273.809739531039,1200,14.0278395168091,0
273.909739531039,1200,14.0278395168091,0
274.009739531039,1200,14.0278395168091,0
274.109739531039,1200,14.0278395168091,0
274.209739531039,1200,14.0278395168091,0
274.309739531039,1200,14.0278395168091,0
274.409739531039,1200,14.0278395168091,0
274.509739531039,1200,14.0278395168091,0
274.609739531039,1200,14.0278395168091,0
274.709739531039,1200,14.0278395168091,0
274.809739531039,1200,14.0278395168091,0
274.909739531039,1200,14.0278395168091,0
275.009739531039,1200,14.0278395168091,0
275.109739531039,1200,14.0278395168091,0
275.209739531039,1200,14.0278395168091,0
275.309739531039,1200,14.0278395168091,0
275.409739531039,1200,14.0278395168091,0
275.509739531039,1200,14.0278395168091,0
275.609739531039,1200,14.0278395168091,0
275.709739531039,1200,14.0278395168091,0
275.809739531039,1200,14.0278395168091,0
275.909739531039,1200,14.0278395168091,0
276.009739531039,1200,14.0278395168091,0
276.109739531039,1200,14.0278395168091,0
276.209739531039,1200,14.0278395168091,0
276.309739531039,1200,14.0278395168091,0
276.409739531039,1200,14.0278395168091,0
276.509739531039,1200,14.0278395168091,0
276.609739531039,1200,14.0278395168091,0
276.709739531039,1200,14.0278395168091,0
276.809739531039,1200,14.0278395168091,0
276.909739531039,1200,14.0278395168091,0
277.009739531039,1200,14.0278395168091,0
277.109739531039,1200,14.0278395168091,0
277.209739531039,1200,14.0278395168091,0
277.309739531039,1200,14.0278395168091,0
277.409739531039,1200,14.0278395168091,0
277.509739531039,1200,14.0278395168091,0
277.609739531039,1200,14.0278395168091,0
277.709739531039,1200,14.0278395168091,0
277.809739531039,1200,14.0278395168091,0
277.909739531039,1200,14.0278395168091,0
278.009739531039,1200,14.0278395168091,0
278.109739531039,1200,14.0278395168091,0
278.209739531039,1200,14.0278395168091,0
278.309739531039,1200,14.0278395168091,0
278.409739531039,1200,14.0278395168091,0
278.509739531039,1200,14.0278395168091,0
278.609739531039,1200,14.0278395168091,0
278.709739531039,1200,14.0278395168091,0
278.809739531039,1200,14.0278395168091,0
278.909739531039,1200,14.0278395168091,0
279.009739531039,1200,14.0278395168091,0
279.109739531039,1200,14.0278395168091,0
279.209739531039,1200,14.0278395168091,0
279.309739531039,1200,14.0278395168091,0
279.409739531039,1200,14.0278395168091,0
279.509739531039,1200,14.0278395168091,0
279.609739531039,1200,14.0278395168091,0
279.709739531039,1200,14.0278395168091,0
279.809739531039,1200,14.0278395168091,0
279.909739531039,1200,14.0278395168091,0
280.009739531039,1200,14.0278395168091,0
280.109739531039,1200,14.0278395168091,0
280.209739531039,1200,14.0278395168091,0
280.309739531039,1200,14.0278395168091,0
280.409739531039,1200,14.0278395168091,0
280.509739531039,1200,14.0278395168091,0
280.609739531039,1200,14.0278395168091,0
280.709739531039,1200,14.0278395168091,0
280.809739531039,1200,14.0278395168091,0
280.909739531039,1200,14.0278395168091,0
281.009739531039,1200,14.0278395168091,0
281.109739531039,1200,14.0278395168091,0
281.209739531039,1200,14.0278395168091,0
281.309739531039,1200,14.0278395168091,0
281.409739531039,1200,14.0278395168091,0
281.509739531039,1200,14.0278395168091,0
281.609739531039,1200,14.0278395168091,0
281.709739531039,1200,14.0278395168091,0
281.809739531039,1200,14.0278395168091,0
281.909739531039,1200,14.0278395168091,0
282.009739531039,1200,14.0278395168091,0
282.109739531039,1200,14.0278395168091,0
282.209739531039,1200,14.0278395168091,0
282.309739531039,1200,14.0278395168091,0
282.409739531039,1200,14.0278395168091,0
282.509739531039,1200,14.0278395168091,0
282.609739531039,1200,14.0278395168091,0
282.709739531039,1200,14.0278395168091,0
282.809739531039,1200,14.0278395168091,0
282.909739531039,1200,14.0278395168091,0
283.009739531039,1200,14.0278395168091,0
283.109739531039,1200,14.0278395168091,0
283.209739531039,1200,14.0278395168091,0
283.309739531039,1200,14.0278395168091,0
283.409739531039,1200,14.0278395168091,0
283.509739531039,1200,14.0278395168091,0
283.609739531039,1200,14.0278395168091,0
283.709739531039,1200,14.0278395168091,0
283.809739531039,1200,14.0278395168091,0
283.909739531039,1200,14.0278395168091,0
284.009739531039,1200,14.0278395168091,0
284.109739531039,1200,14.0278395168091,0
284.209739531039,1200,14.0278395168091,0
284.309739531039,1200,14.0278395168091,0
284.409739531039,1200,14.0278395168091,0
284.509739531039,1200,14.0278395168091,0
284.609739531039,1200,14.0278395168091,0
284.709739531039,1200,14.0278395168091,0
284.809739531039,1200,14.0278395168091,0
284.909739531039,1200,14.0278395168091,0
285.009739531039,1200,14.0278395168091,0
285.109739531039,1200,14.0278395168091,0
285.209739531039,1200,14.0278395168091,0
285.309739531039,1200,14.0278395168091,0
285.409739531039,1200,14.0278395168091,0
285.509739531039,1200,14.0278395168091,0
285.609739531039,1200,14.0278395168091,0
285.709739531039,1200,14.0278395168091,0
285.809739531039,1200,14.0278395168091,0
285.909739531039,1200,14.0278395168091,0
286.009739531039,1200,14.0278395168091,0
286.109739531039,1200,14.0278395168091,0
286.209739531039,1200,14.0278395168091,0
286.309739531039,1200,14.0278395168091,0
286.409739531039,1200,14.0278395168091,0
286.509739531039,1200,14.0278395168091,0
286.609739531039,1200,14.0278395168091,0
286.709739531039,1200,14.0278395168091,0
286.809739531039,1200,14.0278395168091,0
286.909739531039,1200,14.0278395168091,0
287.009739531039,1200,14.0278395168091,0
287.109739531039,1200,14.0278395168091,0
287.209739531039,1200,14.0278395168091,0
287.309739531039,1200,14.0278395168091,0
287.409739531039,1200,14.0278395168091,0
287.509739531039,1200,14.0278395168091,0
287.609739531039,1200,14.0278395168091,0
287.709739531039,1200,14.0278395168091,0
287.809739531039,1200,14.0278395168091,0
287.909739531039,1200,14.0278395168091,0
288.009739531039,1200,14.0278395168091,0
288.109739531039,1200,14.0278395168091,0
288.209739531039,1200,14.0278395168091,0
288.309739531039,1200,14.0278395168091,0
288.409739531039,1200,14.0278395168091,0
288.509739531039,1200,14.0278395168091,0
288.609739531039,1200,14.0278395168091,0
288.709739531039,1200,14.0278395168091,0
288.809739531039,1200,14.0278395168091,0
288.909739531039,1200,14.0278395168091,0
289.009739531039,1200,14.0278395168091,0
289.109739531039,1200,14.0278395168091,0
289.209739531039,1200,14.0278395168091,0
289.309739531039,1200,14.0278395168091,0
289.409739531039,1200,14.0278395168091,0
289.509739531039,1200,14.0278395168091,0
289.609739531039,1200,14.0278395168091,0
289.709739531039,1200,14.0278395168091,0
289.809739531039,1200,14.0278395168091,0
289.909739531039,1200,14.0278395168091,0
290.009739531039,1200,14.0278395168091,0
290.109739531039,1200,14.0278395168091,0
290.209739531039,1200,14.0278395168091,0
290.309739531039,1200,14.0278395168091,0
290.409739531039,1200,14.0278395168091,0
290.509739531039,1200,14.0278395168091,0
290.609739531039,1200,14.0278395168091,0
290.709739531039,1200,14.0278395168091,0
290.809739531039,1200,14.0278395168091,0
290.909739531039,1200,14.0278395168091,0
291.009739531039,1200,14.0278395168091,0
291.109739531039,1200,14.0278395168091,0
291.209739531039,1200,14.0278395168091,0
291.309739531039,1200,14.0278395168091,0
291.409739531039,1200,14.0278395168091,0
291.509739531039,1200,14.0278395168091,0
291.609739531039,1200,14.0278395168091,0
291.709739531039,1200,14.0278395168091,0
291.809739531039,1200,14.0278395168091,0
291.909739531039,1200,14.0278395168091,0
292.009739531039,1200,14.0278395168091,0
292.109739531039,1200,14.0278395168091,0
292.209739531039,1200,14.0278395168091,0
292.309739531039,1200,14.0278395168091,0
292.409739531039,1200,14.0278395168091,0
292.509739531039,1200,14.0278395168091,0
292.609739531039,1200,14.0278395168091,0
292.709739531039,1200,14.0278395168091,0
292.809739531039,1200,14.0278395168091,0
292.909739531039,1200,14.0278395168091,0
293.009739531039,1200,14.0278395168091,0
293.109739531039,1200,14.0278395168091,0
293.209739531039,1200,14.0278395168091,0
293.309739531039,1200,14.0278395168091,0
293.409739531039,1200,14.0278395168091,0
293.509739531039,1200,14.0278395168091,0
293.609739531039,1200,14.0278395168091,0
293.709739531039,1200,14.0278395168091,0
293.809739531039,1200,14.0278395168091,0
293.909739531039,1200,14.0278395168091,0
294.009739531039,1200,14.0278395168091,0
294.109739531039,1200,14.0278395168091,0
294.209739531039,1200,14.0278395168091,0
294.309739531039,1200,14.0278395168091,0
294.409739531039,1200,14.0278395168091,0
294.509739531039,1200,14.0278395168091,0
294.609739531039,1200,14.0278395168091,0
294.709739531039,1200,14.0278395168091,0
294.809739531039,1200,14.0278395168091,0
294.909739531039,1200,14.0278395168091,0
295.009739531039,1200,14.0278395168091,0
295.109739531039,1200,14.0278395168091,0
295.209739531039,1200,14.0278395168091,0
295.309739531039,1200,14.0278395168091,0
295.409739531039,1200,14.0278395168091,0
295.509739531039,1200,14.0278395168091,0
295.609739531039,1200,14.0278395168091,0
295.709739531039,1200,14.0278395168091,0
295.809739531039,1200,14.0278395168091,0
295.909739531039,1200,14.0278395168091,0
296.009739531039,1200,14.0278395168091,0
296.109739531039,1200,14.0278395168091,0
296.209739531039,1200,14.0278395168091,0
296.309739531039,1200,14.0278395168091,0
296.409739531039,1200,14.0278395168091,0
296.509739531039,1200,14.0278395168091,0
296.609739531039,1200,14.0278395168091,0
296.709739531039,1200,14.0278395168091,0
296.809739531039,1200,14.0278395168091,0
296.909739531039,1200,14.0278395168091,0
297.009739531039,1200,14.0278395168091,0
297.109739531039,1200,14.0278395168091,0
297.209739531039,1200,14.0278395168091,0
297.309739531039,1200,14.0278395168091,0
297.409739531039,1200,14.0278395168091,0
297.509739531039,1200,14.0278395168091,0
297.609739531039,1200,14.0278395168091,0
297.709739531039,1200,14.0278395168091,0
297.809739531039,1200,14.0278395168091,0
297.909739531039,1200,14.0278395168091,0
298.009739531039,1200,14.0278395168091,0
298.109739531039,1200,14.0278395168091,0
298.195453816753,1200,14.0278395168091,0
298.295453816753,1200,14.0278395168091,0
298.395453816753,1200,14.0278395168091,0
298.495453816753,1200,14.0278395168091,0
298.595453816753,1200,14.0278395168091,0
298.695453816753,1200,14.0278395168091,0
298.795453816753,1200,14.0278395168091,0
298.895453816753,1200,14.0278395168091,0
298.995453816753,1200,14.0278395168091,0
299.095453816753,1200,14.0278395168091,0
299.195453816753,1200,14.0278395168091,0
299.295453816753,1200,14.0278395168091,0
299.395453816753,1200,14.0278395168091,0
299.495453816753,1200,14.0278395168091,0
299.595453816753,1200,14.0278395168091,0
299.695453816753,1200,14.0278395168091,0
299.795453816753,1200,14.0278395168091,0
299.895453816753,1200,14.0278395168091,0
299.995453816753,1200,14.0278395168091,0
300.095453816753,1200,14.0278395168091,0
300.195453816753,1200,14.0278395168091,0
300.295453816753,1200,14.0278395168091,0
300.395453816753,1200,14.0278395168091,0
300.495453816753,1200,14.0278395168091,0
300.595453816753,1200,14.0278395168091,0
300.695453816753,1200,14.0278395168091,0
300.795453816753,1200,14.0278395168091,0
300.895453816753,1200,14.0278395168091,0
300.995453816753,1200,14.0278395168091,0
301.095453816753,1200,14.0278395168091,0
301.195453816753,1200,14.0278395168091,0
301.295453816753,1200,14.0278395168091,0
301.395453816753,1200,14.0278395168091,0
301.495453816753,1200,14.0278395168091,0
301.595453816753,1200,14.0278395168091,0
301.695453816753,1200,14.0278395168091,0
301.795453816753,1200,14.0278395168091,0
301.895453816753,1200,14.0278395168091,0
301.995453816753,1200,14.0278395168091,0
302.095453816753,1200,14.0278395168091,0
302.195453816753,1200,14.0278395168091,0
302.295453816753,1200,14.0278395168091,0
302.395453816753,1200,14.0278395168091,0
302.495453816753,1200,14.0278395168091,0
302.595453816753,1200,14.0278395168091,0
302.695453816753,1200,14.0278395168091,0
302.795453816753,1200,14.0278395168091,0
302.895453816753,1200,14.0278395168091,0
302.995453816753,1200,14.0278395168091,0
303.095453816753,1200,14.0278395168091,0
303.195453816753,1200,14.0278395168091,0
303.295453816753,1200,14.0278395168091,0
303.395453816753,1200,14.0278395168091,0
303.495453816753,1200,14.0278395168091,0
303.595453816753,1200,14.0278395168091,0
303.695453816753,1200,14.0278395168091,0
303.795453816753,1200,14.0278395168091,0
303.895453816753,1200,14.0278395168091,0
303.995453816753,1200,14.0278395168091,0
304.095453816753,1200,14.0278395168091,0
304.195453816753,1200,14.0278395168091,0
304.295453816753,1200,14.0278395168091,0
304.395453816753,1200,14.0278395168091,0
304.495453816753,1200,14.0278395168091,0
304.595453816753,1200,14.0278395168091,0
304.695453816753,1200,14.0278395168091,0
304.795453816753,1200,14.0278395168091,0
304.895453816753,1200,14.0278395168091,0
304.995453816753,1200,14.0278395168091,0
305.095453816753,1200,14.0278395168091,0
305.195453816753,1200,14.0278395168091,0
305.295453816753,1200,14.0278395168091,0
305.395453816753,1200,14.0278395168091,0
305.495453816753,1200,14.0278395168091,0
305.595453816753,1200,14.0278395168091,0
305.695453816753,1200,14.0278395168091,0
305.795453816753,1200,14.0278395168091,0
305.895453816753,1200,14.0278395168091,0
305.995453816753,1200,14.0278395168091,0
306.095453816753,1200,14.0278395168091,0
306.195453816753,1200,14.0278395168091,0
306.295453816753,1200,14.0278395168091,0
306.395453816753,1200,14.0278395168091,0
306.495453816753,1200,14.0278395168091,0
306.595453816753,1200,14.0278395168091,0
306.695453816753,1200,14.0278395168091,0
306.795453816753,1200,14.0278395168091,0
306.895453816753,1200,14.0278395168091,0
306.995453816753,1200,14.0278395168091,0
307.095453816753,1200,14.0278395168091,0
307.195453816753,1200,14.0278395168091,0
307.295453816753,1200,14.0278395168091,0
307.395453816753,1200,14.0278395168091,0
307.495453816753,1200,14.0278395168091,0
307.595453816753,1200,14.0278395168091,0
307.695453816753,1200,14.0278395168091,0
307.795453816753,1200,14.0278395168091,0
307.895453816753,1200,14.0278395168091,0
307.995453816753,1200,14.0278395168091,0
308.095453816753,1200,14.0278395168091,0
308.195453816753,1200,14.0278395168091,0
308.295453816753,1200,14.0278395168091,0
308.395453816753,1200,14.0278395168091,0
308.495453816753,1200,14.0278395168091,0
308.595453816753,1200,14.0278395168091,0
308.695453816753,1200,14.0278395168091,0
308.795453816753,1200,14.0278395168091,0
308.895453816753,1200,14.0278395168091,0
308.995453816753,1200,14.0278395168091,0
309.095453816753,1200,14.0278395168091,0
309.195453816753,1200,14.0278395168091,0
309.295453816753,1200,14.0278395168091,0
309.395453816753,1200,14.0278395168091,0
309.495453816753,1200,14.0278395168091,0
309.595453816753,1200,14.0278395168091,0
309.695453816753,1200,14.0278395168091,0
309.795453816753,1200,14.0278395168091,0
309.895453816753,1200,14.0278395168091,0
309.995453816753,1200,14.0278395168091,0
310.095453816753,1200,14.0278395168091,0
310.195453816753,1200,14.0278395168091,0
310.295453816753,1200,14.0278395168091,0
310.395453816753,1200,14.0278395168091,0
310.495453816753,1200,14.0278395168091,0
310.595453816753,1200,14.0278395168091,0
310.695453816753,1200,14.0278395168091,0
310.795453816753,1200,14.0278395168091,0
310.895453816753,1200,14.0278395168091,0
310.995453816753,1200,14.0278395168091,0
311.095453816753,1200,14.0278395168091,0
311.195453816753,1200,14.0278395168091,0
311.295453816753,1200,14.0278395168091,0
311.395453816753,1200,14.0278395168091,0
311.495453816753,1200,14.0278395168091,0
311.595453816753,1200,14.0278395168091,0
311.695453816753,1200,14.0278395168091,0
311.795453816753,1200,14.0278395168091,0
311.895453816753,1200,14.0278395168091,0
311.995453816753,1200,14.0278395168091,0
312.095453816753,1200,14.0278395168091,0
312.195453816753,1200,14.0278395168091,0
312.295453816753,1200,14.0278395168091,0
312.395453816753,1200,14.0278395168091,0
312.495453816753,1200,14.0278395168091,0
312.595453816753,1200,14.0278395168091,0
312.695453816753,1200,14.0278395168091,0
312.795453816753,1200,14.0278395168091,0
312.895453816753,1200,14.0278395168091,0
312.995453816753,1200,14.0278395168091,0
313.095453816753,1200,14.0278395168091,0
313.195453816753,1200,14.0278395168091,0
313.295453816753,1200,14.0278395168091,0
313.395453816753,1200,14.0278395168091,0
313.495453816753,1200,14.0278395168091,0
313.595453816753,1200,14.0278395168091,0
313.695453816753,1200,14.0278395168091,0
313.795453816753,1200,14.0278395168091,0
313.895453816753,1200,14.0278395168091,0
313.995453816753,1200,14.0278395168091,0
314.095453816753,1200,14.0278395168091,0
314.195453816753,1200,14.0278395168091,0
314.295453816753,1200,14.0278395168091,0
314.395453816753,1200,14.0278395168091,0
314.495453816753,1200,14.0278395168091,0
314.595453816753,1200,14.0278395168091,0
314.695453816753,1200,14.0278395168091,0
314.795453816753,1200,14.0278395168091,0
314.895453816753,1200,14.0278395168091,0
314.995453816753,1200,14.0278395168091,0
315.095453816753,1200,14.0278395168091,0
315.195453816753,1200,14.0278395168091,0
315.295453816753,1200,14.0278395168091,0
315.395453816753,1200,14.0278395168091,0
315.495453816753,1200,14.0278395168091,0
315.595453816753,1200,14.0278395168091,0
315.695453816753,1200,14.0278395168091,0
315.795453816753,1200,14.0278395168091,0
315.895453816753,1200,14.0278395168091,0
315.995453816753,1200,14.0278395168091,0
316.095453816753,1200,14.0278395168091,0
316.195453816753,1200,14.0278395168091,0
316.295453816753,1200,14.0278395168091,0
316.395453816753,1200,14.0278395168091,0
316.495453816753,1200,14.0278395168091,0
316.595453816753,1200,14.0278395168091,0
316.695453816753,1200,14.0278395168091,0
316.795453816753,1200,14.0278395168091,0
316.895453816753,1200,14.0278395168091,0
316.995453816753,1200,14.0278395168091,0
317.095453816753,1200,14.0278395168091,0
317.195453816753,1200,14.0278395168091,0
317.295453816753,1200,14.0278395168091,0
317.395453816753,1200,14.0278395168091,0
317.495453816753,1200,14.0278395168091,0
317.595453816753,1200,14.0278395168091,0
317.695453816753,1200,14.0278395168091,0
317.795453816753,1200,14.0278395168091,0
317.895453816753,1200,14.0278395168091,0
317.995453816753,1200,14.0278395168091,0
318.095453816753,1200,14.0278395168091,0
318.195453816753,1200,14.0278395168091,0
318.295453816753,1200,14.0278395168091,0
318.395453816753,1200,14.0278395168091,0
318.495453816753,1200,14.0278395168091,0
318.595453816753,1200,14.0278395168091,0
318.695453816753,1200,14.0278395168091,0
318.795453816753,1200,14.0278395168091,0
318.895453816753,1200,14.0278395168091,0
318.995453816753,1200,14.0278395168091,0
319.095453816753,1200,14.0278395168091,0
319.195453816753,1200,14.0278395168091,0
319.295453816753,1200,14.0278395168091,0
319.395453816753,1200,14.0278395168091,0
319.495453816753,1200,14.0278395168091,0
319.595453816753,1200,14.0278395168091,0
319.695453816753,1200,14.0278395168091,0
319.795453816753,1200,14.0278395168091,0
319.895453816753,1200,14.0278395168091,0
319.995453816753,1200,14.0278395168091,0
320.095453816753,1200,14.0278395168091,0
320.195453816753,1200,14.0278395168091,0
320.295453816753,1200,14.0278395168091,0
320.395453816753,1200,14.0278395168091,0
320.495453816753,1200,14.0278395168091,0
320.595453816753,1200,14.0278395168091,0
320.695453816753,1200,14.0278395168091,0
320.795453816753,1200,14.0278395168091,0
320.895453816753,1200,14.0278395168091,0
320.995453816753,1200,14.0278395168091,0
321.095453816753,1200,14.0278395168091,0
321.195453816753,1200,14.0278395168091,0
321.295453816753,1200,14.0278395168091,0
321.395453816753,1200,14.0278395168091,0
321.495453816753,1200,14.0278395168091,0
321.595453816753,1200,14.0278395168091,0
321.695453816753,1200,14.0278395168091,0
321.795453816753,1200,14.0278395168091,0
321.895453816753,1200,14.0278395168091,0
321.995453816753,1200,14.0278395168091,0
322.095453816753,1200,14.0278395168091,0
322.195453816753,1200,14.0278395168091,0
322.295453816753,1200,14.0278395168091,0
322.395453816753,1200,14.0278395168091,0
322.495453816753,1200,14.0278395168091,0
322.595453816753,1200,14.0278395168091,0
322.695453816753,1200,14.0278395168091,0
322.795453816753,1200,14.0278395168091,0
322.895453816753,1200,14.0278395168091,0
322.995453816753,1200,14.0278395168091,0
323.095453816753,1200,14.0278395168091,0
323.195453816753,1200,14.0278395168091,0
323.295453816753,1200,14.0278395168091,0
323.395453816753,1200,14.0278395168091,0
323.495453816753,1200,14.0278395168091,0
323.595453816753,1200,14.0278395168091,0
323.695453816753,1200,14.0278395168091,0
323.795453816753,1200,14.0278395168091,0
323.895453816753,1200,14.0278395168091,0
323.995453816753,1200,14.0278395168091,0
324.095453816753,1200,14.0278395168091,0
324.195453816753,1200,14.0278395168091,0
324.295453816753,1200,14.0278395168091,0
324.395453816753,1200,14.0278395168091,0
324.495453816753,1200,14.0278395168091,0
324.595453816753,1200,14.0278395168091,0
324.695453816753,1200,14.0278395168091,0
324.795453816753,1200,14.0278395168091,0
324.895453816753,1200,14.0278395168091,0
324.995453816753,1200,14.0278395168091,0
325.095453816753,1200,14.0278395168091,0
325.195453816753,1200,14.0278395168091,0
325.295453816753,1200,14.0278395168091,0
325.395453816753,1200,14.0278395168091,0
325.495453816753,1200,14.0278395168091,0
325.595453816753,1200,14.0278395168091,0
325.695453816753,1200,14.0278395168091,0
325.795453816753,1200,14.0278395168091,0
325.895453816753,1200,14.0278395168091,0
325.995453816753,1200,14.0278395168091,0
326.095453816753,1200,14.0278395168091,0
326.195453816753,1200,14.0278395168091,0
326.295453816753,1200,14.0278395168091,0
326.395453816753,1200,14.0278395168091,0
326.495453816753,1200,14.0278395168091,0
326.595453816753,1200,14.0278395168091,0
326.695453816753,1200,14.0278395168091,0
326.795453816753,1200,14.0278395168091,0
326.895453816753,1200,14.0278395168091,0
326.995453816753,1200,14.0278395168091,0
327.095453816753,1200,14.0278395168091,0
327.195453816753,1200,14.0278395168091,0
327.295453816753,1200,14.0278395168091,0
327.395453816753,1200,14.0278395168091,0
327.495453816753,1200,14.0278395168091,0
327.595453816753,1200,14.0278395168091,0
327.695453816753,1200,14.0278395168091,0
327.795453816753,1200,14.0278395168091,0
327.895453816753,1200,14.0278395168091,0
327.995453816753,1200,14.0278395168091,0
328.095453816753,1200,14.0278395168091,0
328.195453816753,1200,14.0278395168091,0
328.295453816753,1200,14.0278395168091,0
328.395453816753,1200,14.0278395168091,0
328.495453816753,1200,14.0278395168091,0
328.595453816753,1200,14.0278395168091,0
328.695453816753,1200,14.0278395168091,0
328.795453816753,1200,14.0278395168091,0
328.895453816753,1200,14.0278395168091,0
328.995453816753,1200,14.0278395168091,0
329.095453816753,1200,14.0278395168091,0
329.195453816753,1200,14.0278395168091,0
329.295453816753,1200,14.0278395168091,0
329.395453816753,1200,14.0278395168091,0
329.495453816753,1200,14.0278395168091,0
329.595453816753,1200,14.0278395168091,0
329.695453816753,1200,14.0278395168091,0
329.795453816753,1200,14.0278395168091,0
329.895453816753,1200,14.0278395168091,0
329.995453816753,1200,14.0278395168091,0
330.095453816753,1200,14.0278395168091,0
330.195453816753,1200,14.0278395168091,0
330.295453816753,1200,14.0278395168091,0
330.395453816753,1200,14.0278395168091,0
330.495453816753,1200,14.0278395168091,0
330.595453816753,1200,14.0278395168091,0
330.695453816753,1200,14.0278395168091,0
330.795453816753,1200,14.0278395168091,0
330.895453816753,1200,14.0278395168091,0
330.995453816753,1200,14.0278395168091,0
331.095453816753,1200,14.0278395168091,0
331.195453816753,1200,14.0278395168091,0
331.295453816753,1200,14.0278395168091,0
331.395453816753,1200,14.0278395168091,0
331.495453816753,1200,14.0278395168091,0
331.595453816753,1200,14.0278395168091,0
331.695453816753,1200,14.0278395168091,0
331.795453816753,1200,14.0278395168091,0
331.895453816753,1200,14.0278395168091,0
331.995453816753,1200,14.0278395168091,0
332.095453816753,1200,14.0278395168091,0
332.195453816753,1200,14.0278395168091,0
332.295453816753,1200,14.0278395168091,0
332.395453816753,1200,14.0278395168091,0
332.495453816753,1200,14.0278395168091,0
332.595453816753,1200,14.0278395168091,0
332.695453816753,1200,14.0278395168091,0
332.795453816753,1200,14.0278395168091,0
332.895453816753,1200,14.0278395168091,0
332.995453816753,1200,14.0278395168091,0
333.095453816753,1200,14.0278395168091,0
333.195453816753,1200,14.0278395168091,0
333.295453816753,1200,14.0278395168091,0
333.395453816753,1200,14.0278395168091,0
333.495453816753,1200,14.0278395168091,0
333.595453816753,1200,14.0278395168091,0
333.695453816753,1200,14.0278395168091,0
333.795453816753,1200,14.0278395168091,0
333.895453816753,1200,14.0278395168091,0
333.995453816753,1200,14.0278395168091,0
334.095453816753,1200,14.0278395168091,0
334.195453816753,1200,14.0278395168091,0
334.295453816753,1200,14.0278395168091,0
334.395453816753,1200,14.0278395168091,0
334.495453816753,1200,14.0278395168091,0
334.595453816753,1200,14.0278395168091,0
334.695453816753,1200,14.0278395168091,0
334.795453816753,1200,14.0278395168091,0
334.895453816753,1200,14.0278395168091,0
334.995453816753,1200,14.0278395168091,0
335.095453816753,1200,14.0278395168091,0
335.195453816753,1200,14.0278395168091,0
335.295453816753,1200,14.0278395168091,0
335.395453816753,1200,14.0278395168091,0
335.495453816753,1200,14.0278395168091,0
335.595453816753,1200,14.0278395168091,0
335.695453816753,1200,14.0278395168091,0
335.795453816753,1200,14.0278395168091,0
335.895453816753,1200,14.0278395168091,0
335.995453816753,1200,14.0278395168091,0
336.095453816753,1200,14.0278395168091,0
336.195453816753,1200,14.0278395168091,0
336.295453816753,1200,14.0278395168091,0
336.395453816753,1200,14.0278395168091,0
336.495453816753,1200,14.0278395168091,0
336.595453816753,1200,14.0278395168091,0
336.695453816753,1200,14.0278395168091,0
336.795453816753,1200,14.0278395168091,0
336.895453816753,1200,14.0278395168091,0
336.995453816753,1200,14.0278395168091,0
337.095453816753,1200,14.0278395168091,0
337.195453816753,1200,14.0278395168091,0
337.295453816753,1200,14.0278395168091,0
337.395453816753,1200,14.0278395168091,0
337.495453816753,1200,14.0278395168091,0
337.595453816753,1200,14.0278395168091,0
337.695453816753,1200,14.0278395168091,0
337.795453816753,1200,14.0278395168091,0
337.895453816753,1200,14.0278395168091,0
337.995453816753,1200,14.0278395168091,0
338.095453816753,1200,14.0278395168091,0
338.195453816753,1200,14.0278395168091,0
338.295453816753,1200,14.0278395168091,0
338.395453816753,1200,14.0278395168091,0
338.495453816753,1200,14.0278395168091,0
338.595453816753,1200,14.0278395168091,0
338.695453816753,1200,14.0278395168091,0
338.795453816753,1200,14.0278395168091,0
338.895453816753,1200,14.0278395168091,0
338.995453816753,1200,14.0278395168091,0
339.095453816753,1200,14.0278395168091,0
339.195453816753,1200,14.0278395168091,0
339.295453816753,1200,14.0278395168091,0
339.395453816753,1200,14.0278395168091,0
339.495453816753,1200,14.0278395168091,0
339.595453816753,1200,14.0278395168091,0
339.695453816753,1200,14.0278395168091,0
339.795453816753,1200,14.0278395168091,0
339.895453816753,1200,14.0278395168091,0
339.995453816753,1200,14.0278395168091,0
340.095453816753,1200,14.0278395168091,0
340.195453816753,1200,14.0278395168091,0
340.295453816753,1200,14.0278395168091,0
340.395453816753,1200,14.0278395168091,0
340.495453816753,1200,14.0278395168091,0
340.595453816753,1200,14.0278395168091,0
340.695453816753,1200,14.0278395168091,0
340.795453816753,1200,14.0278395168091,0
340.895453816753,1200,14.0278395168091,0
340.995453816753,1200,14.0278395168091,0
341.095453816753,1200,14.0278395168091,0
341.195453816753,1200,14.0278395168091,0
341.295453816753,1200,14.0278395168091,0
341.395453816753,1200,14.0278395168091,0
341.495453816753,1200,14.0278395168091,0
341.595453816753,1200,14.0278395168091,0
341.695453816753,1200,14.0278395168091,0
341.795453816753,1200,14.0278395168091,0
341.895453816753,1200,14.0278395168091,0
341.995453816753,1200,14.0278395168091,0
342.095453816753,1200,14.0278395168091,0
342.195453816753,1200,14.0278395168091,0
342.295453816753,1200,14.0278395168091,0
342.395453816753,1200,14.0278395168091,0
342.495453816753,1200,14.0278395168091,0
342.595453816753,1200,14.0278395168091,0
342.695453816753,1200,14.0278395168091,0
342.795453816753,1200,14.0278395168091,0
342.895453816753,1200,14.0278395168091,0
342.995453816753,1200,14.0278395168091,0
343.095453816753,1200,14.0278395168091,0
343.195453816753,1200,14.0278395168091,0
343.295453816753,1200,14.0278395168091,0
343.395453816753,1200,14.0278395168091,0
343.495453816753,1200,14.0278395168091,0
343.595453816753,1200,14.0278395168091,0
343.695453816753,1200,14.0278395168091,0
343.795453816753,1200,14.0278395168091,0
343.895453816753,1200,14.0278395168091,0
343.995453816753,1200,14.0278395168091,0
344.095453816753,1200,14.0278395168091,0
344.195453816753,1200,14.0278395168091,0
344.295453816753,1200,14.0278395168091,0
344.395453816753,1200,14.0278395168091,0
344.495453816753,1200,14.0278395168091,0
344.595453816753,1200,14.0278395168091,0
344.695453816753,1200,14.0278395168091,0
344.795453816753,1200,14.0278395168091,0
344.895453816753,1200,14.0278395168091,0
344.995453816753,1200,14.0278395168091,0
345.095453816753,1200,14.0278395168091,0
345.195453816753,1200,14.0278395168091,0
345.295453816753,1200,14.0278395168091,0
345.395453816753,1200,14.0278395168091,0
345.495453816753,1200,14.0278395168091,0
345.595453816753,1200,14.0278395168091,0
345.695453816753,1200,14.0278395168091,0
345.795453816753,1200,14.0278395168091,0
345.895453816753,1200,14.0278395168091,0
345.995453816753,1200,14.0278395168091,0
346.095453816753,1200,14.0278395168091,0
346.195453816753,1200,14.0278395168091,0
346.295453816753,1200,14.0278395168091,0
346.395453816753,1200,14.0278395168091,0
346.495453816753,1200,14.0278395168091,0
346.595453816753,1200,14.0278395168091,0
346.695453816753,1200,14.0278395168091,0
346.795453816753,1200,14.0278395168091,0
346.895453816753,1200,14.0278395168091,0
346.995453816753,1200,14.0278395168091,0
347.095453816753,1200,14.0278395168091,0
347.195453816753,1200,14.0278395168091,0
347.295453816753,1200,14.0278395168091,0
347.395453816753,1200,14.0278395168091,0
347.495453816753,1200,14.0278395168091,0
347.595453816753,1200,14.0278395168091,0
347.695453816753,1200,14.0278395168091,0
347.795453816753,1200,14.0278395168091,0
347.895453816753,1200,14.0278395168091,0
347.995453816753,1200,14.0278395168091,0
348.095453816753,1200,14.0278395168091,0
348.195453816753,1200,14.0278395168091,0
348.295453816753,1200,14.0278395168091,0
348.395453816753,1200,14.0278395168091,0
348.495453816753,1200,14.0278395168091,0
348.595453816753,1200,14.0278395168091,0
348.695453816753,1200,14.0278395168091,0
348.795453816753,1200,14.0278395168091,0
348.895453816753,1200,14.0278395168091,0
348.995453816753,1200,14.0278395168091,0
349.095453816753,1200,14.0278395168091,0
349.195453816753,1200,14.0278395168091,0
349.295453816753,1200,14.0278395168091,0
349.395453816753,1200,14.0278395168091,0
349.495453816753,1200,14.0278395168091,0
349.595453816753,1200,14.0278395168091,0
349.695453816753,1200,14.0278395168091,0
349.795453816753,1200,14.0278395168091,0
349.895453816753,1200,14.0278395168091,0
349.995453816753,1200,14.0278395168091,0
350.095453816753,1200,14.0278395168091,0
350.195453816753,1200,14.0278395168091,0
350.295453816753,1200,14.0278395168091,0
350.395453816753,1200,14.0278395168091,0
350.495453816753,1200,14.0278395168091,0
350.595453816753,1200,14.0278395168091,0
350.695453816753,1200,14.0278395168091,0
350.795453816753,1200,14.0278395168091,0
350.895453816753,1200,14.0278395168091,0
350.995453816753,1200,14.0278395168091,0
351.095453816753,1200,14.0278395168091,0
351.195453816753,1200,14.0278395168091,0
351.295453816753,1200,14.0278395168091,0
351.395453816753,1200,14.0278395168091,0
351.495453816753,1200,14.0278395168091,0
351.595453816753,1200,14.0278395168091,0
351.695453816753,1200,14.0278395168091,0
351.795453816753,1200,14.0278395168091,0
351.895453816753,1200,14.0278395168091,0
351.995453816753,1200,14.0278395168091,0
352.095453816753,1200,14.0278395168091,0
352.195453816753,1200,14.0278395168091,0
352.295453816753,1200,14.0278395168091,0
352.395453816753,1200,14.0278395168091,0
352.495453816753,1200,14.0278395168091,0
352.595453816753,1200,14.0278395168091,0
352.695453816753,1200,14.0278395168091,0
352.795453816753,1200,14.0278395168091,0
352.895453816753,1200,14.0278395168091,0
352.995453816753,1200,14.0278395168091,0
353.095453816753,1200,14.0278395168091,0
353.195453816753,1200,14.0278395168091,0
353.295453816753,1200,14.0278395168091,0
353.395453816753,1200,14.0278395168091,0
353.495453816753,1200,14.0278395168091,0
353.595453816753,1200,14.0278395168091,0
353.695453816753,1200,14.0278395168091,0
353.795453816753,1200,14.0278395168091,0
353.895453816753,1200,14.0278395168091,0
353.995453816753,1200,14.0278395168091,0
354.095453816753,1200,14.0278395168091,0
354.195453816753,1200,14.0278395168091,0
354.295453816753,1200,14.0278395168091,0
354.395453816753,1200,14.0278395168091,0
354.495453816753,1200,14.0278395168091,0
354.595453816753,1200,14.0278395168091,0
354.695453816753,1200,14.0278395168091,0
354.795453816753,1200,14.0278395168091,0
354.895453816753,1200,14.0278395168091,0
354.995453816753,1200,14.0278395168091,0
355.095453816753,1200,14.0278395168091,0
355.195453816753,1200,14.0278395168091,0
355.295453816753,1200,14.0278395168091,0
355.395453816753,1200,14.0278395168091,0
355.495453816753,1200,14.0278395168091,0
355.595453816753,1200,14.0278395168091,0
355.695453816753,1200,14.0278395168091,0
355.795453816753,1200,14.0278395168091,0
355.895453816753,1200,14.0278395168091,0
355.995453816753,1200,14.0278395168091,0
356.095453816753,1200,14.0278395168091,0
356.195453816753,1200,14.0278395168091,0
356.295453816753,1200,14.0278395168091,0
356.395453816753,1200,14.0278395168091,0
356.495453816753,1200,14.0278395168091,0
356.595453816753,1200,14.0278395168091,0
356.695453816753,1200,14.0278395168091,0
356.795453816753,1200,14.0278395168091,0
356.895453816753,1200,14.0278395168091,0
356.995453816753,1200,14.0278395168091,0
357.095453816753,1200,14.0278395168091,0
357.195453816753,1200,14.0278395168091,0
357.295453816753,1200,14.0278395168091,0
357.395453816753,1200,14.0278395168091,0
357.495453816753,1200,14.0278395168091,0
357.595453816753,1200,14.0278395168091,0
357.695453816753,1200,14.0278395168091,0
357.795453816753,1200,14.0278395168091,0
357.895453816753,1200,14.0278395168091,0
357.995453816753,1200,14.0278395168091,0
358.095453816753,1200,14.0278395168091,0
358.195453816753,1200,14.0278395168091,0
358.295453816753,1200,14.0278395168091,0
358.395453816753,1200,14.0278395168091,0
358.495453816753,1200,14.0278395168091,0
358.595453816753,1200,14.0278395168091,0
358.695453816753,1200,14.0278395168091,0
358.795453816753,1200,14.0278395168091,0
358.895453816753,1200,14.0278395168091,0
358.995453816753,1200,14.0278395168091,0
359.095453816753,1200,14.0278395168091,0
359.195453816753,1200,14.0278395168091,0
359.295453816753,1200,14.0278395168091,0
359.395453816753,1200,14.0278395168091,0
359.495453816753,1200,14.0278395168091,0
359.595453816753,1200,14.0278395168091,0
359.695453816753,1200,14.0278395168091,0
359.795453816753,1200,14.0278395168091,0
359.895453816753,1200,14.0278395168091,0
359.995453816753,1200,14.0278395168091,0
360,1200,14.0278395168091,0
