time_h,reservoir_head_cm,reservoir_storage_m3,reservoir_net_flux_m3_s
95.0547091806238,1200,14.0278395168091,0
95.1547091806238,1200,14.0278395168091,0
95.2547091806238,1200,14.0278395168091,0
95.3547091806238,1200,14.0278395168091,0
95.4547091806238,1200,14.0278395168091,0
95.5547091806238,1200,14.0278395168091,0
95.6547091806238,1200,14.0278395168091,0
95.7547091806238,1200,14.0278395168091,0
95.8547091806238,1200,14.0278395168091,0
95.9547091806238,1200,14.0278395168091,0
96.0547091806238,1200,14.0278395168091,0
96.1547091806238,1200,14.0278395168091,0
96.2547091806238,1200,14.0278395168091,0
96.3547091806238,1200,14.0278395168091,0
96.4547091806238,1200,14.0278395168091,0
96.5547091806238,1200,14.0278395168091,0
96.6547091806238,1200,14.0278395168091,0
96.7547091806238,1200,14.0278395168091,0
96.8547091806238,1200,14.0278395168091,0
96.9547091806238,1200,14.0278395168091,0
97.0547091806238,1200,14.0278395168091,0
97.1547091806238,1200,14.0278395168091,0
97.2547091806238,1200,14.0278395168091,0
97.3547091806238,1200,14.0278395168091,0
97.4547091806238,1200,14.0278395168091,0
97.5547091806238,1200,14.0278395168091,0
97.6547091806238,1200,14.0278395168091,0
97.7547091806238,1200,14.0278395168091,0
97.8547091806238,1200,14.0278395168091,0
97.9547091806238,1200,14.0278395168091,0
98.0547091806238,1200,14.0278395168091,0
98.1547091806238,1200,14.0278395168091,0
98.2547091806238,1200,14.0278395168091,0
98.3547091806238,1200,14.0278395168091,0
98.4547091806238,1200,14.0278395168091,0
98.5547091806238,1200,14.0278395168091,0
98.6547091806238,1200,14.0278395168091,0
98.7547091806238,1200,14.0278395168091,0
98.8547091806238,1200,14.0278395168091,0
98.9547091806238,1200,14.0278395168091,0
99.0547091806238,1200,14.0278395168091,0
99.1547091806238,1200,14.0278395168091,0
99.2547091806238,1200,14.0278395168091,0
99.3547091806238,1200,14.0278395168091,0
99.4547091806238,1200,14.0278395168091,0
99.5547091806238,1200,14.0278395168091,0
99.6547091806238,1200,14.0278395168091,0
99.7547091806238,1200,14.0278395168091,0
99.8547091806238,1200,14.0278395168091,0
99.9547091806238,1200,14.0278395168091,0
100.054709180624,1200,14.0278395168091,0
100.154709180624,1200,14.0278395168091,0
100.254709180624,1200,14.0278395168091,0
100.354709180624,1200,14.0278395168091,0
100.454709180624,1200,14.0278395168091,0
100.554709180624,1200,14.0278395168091,0
100.654709180624,1200,14.0278395168091,0
100.754709180624,1200,14.0278395168091,0
100.854709180624,1200,14.0278395168091,0
100.954709180624,1200,14.0278395168091,0
101.054709180624,1200,14.0278395168091,0
101.154709180624,1200,14.0278395168091,0
101.254709180624,1200,14.0278395168091,0
101.354709180624,1200,14.0278395168091,0
101.454709180624,1200,14.0278395168091,0
101.554709180624,1200,14.0278395168091,0
101.654709180624,1200,14.0278395168091,0
101.754709180624,1200,14.0278395168091,0
101.854709180624,1200,14.0278395168091,0
101.954709180624,1200,14.0278395168091,0
102.054709180624,1200,14.0278395168091,0
102.154709180624,1200,14.0278395168091,0
102.254709180624,1200,14.0278395168091,0
102.354709180624,1200,14.0278395168091,0
102.454709180624,1200,14.0278395168091,0
102.554709180624,1200,14.0278395168091,0
102.654709180624,1200,14.0278395168091,0
102.754709180624,1200,14.0278395168091,0
102.854709180624,1200,14.0278395168091,0
102.954709180624,1200,14.0278395168091,0
103.054709180624,1200,14.0278395168091,0
103.154709180624,1200,14.0278395168091,0
103.254709180624,1200,14.0278395168091,0
103.354709180624,1200,14.0278395168091,0
103.454709180624,1200,14.0278395168091,0
103.554709180624,1200,14.0278395168091,0
103.654709180624,1200,14.0278395168091,0
103.754709180624,1200,14.0278395168091,0
103.854709180624,1200,14.0278395168091,0
103.954709180624,1200,14.0278395168091,0
104.054709180624,1200,14.0278395168091,0
104.154709180624,1200,14.0278395168091,0
104.254709180624,1200,14.0278395168091,0
104.354709180624,1200,14.0278395168091,0
104.454709180624,1200,14.0278395168091,0
104.554709180624,1200,14.0278395168091,0
104.654709180624,1200,14.0278395168091,0
104.754709180624,1200,14.0278395168091,0
104.854709180624,1200,14.0278395168091,0
104.954709180624,1200,14.0278395168091,0
105.054709180624,1200,14.0278395168091,0
105.154709180624,1200,14.0278395168091,0
105.254709180624,1200,14.0278395168091,0
105.354709180624,1200,14.0278395168091,0
105.454709180624,1200,14.0278395168091,0
105.554709180624,1200,14.0278395168091,0
105.654709180624,1200,14.0278395168091,0
105.754709180624,1200,14.0278395168091,0
105.854709180624,1200,14.0278395168091,0
105.954709180624,1200,14.0278395168091,0
106.054709180624,1200,14.0278395168091,0
106.154709180624,1200,14.0278395168091,0
106.254709180624,1200,14.0278395168091,0
106.354709180624,1200,14.0278395168091,0
106.454709180624,1200,14.0278395168091,0
106.554709180624,1200,14.0278395168091,0
106.654709180624,1200,14.0278395168091,0
106.754709180624,1200,14.0278395168091,0
106.854709180624,1200,14.0278395168091,0
106.954709180624,1200,14.0278395168091,0
107.054709180624,1200,14.0278395168091,0
107.154709180624,1200,14.0278395168091,0
107.254709180624,1200,14.0278395168091,0
107.354709180624,1200,14.0278395168091,0
107.454709180624,1200,14.0278395168091,0
107.554709180624,1200,14.0278395168091,0
107.654709180624,1200,14.0278395168091,0
107.754709180624,1200,14.0278395168091,0
107.854709180624,1200,14.0278395168091,0
107.954709180624,1200,14.0278395168091,0
108.054709180624,1200,14.0278395168091,0
108.154709180624,1200,14.0278395168091,0
108.254709180624,1200,14.0278395168091,0
108.354709180624,1200,14.0278395168091,0
108.454709180624,1200,14.0278395168091,0
108.554709180624,1200,14.0278395168091,0
108.654709180624,1200,14.0278395168091,0
108.754709180624,1200,14.0278395168091,0
108.854709180624,1200,14.0278395168091,0
108.954709180624,1200,14.0278395168091,0
109.054709180624,1200,14.0278395168091,0
109.154709180624,1200,14.0278395168091,0
109.254709180624,1200,14.0278395168091,0
109.354709180624,1200,14.0278395168091,0
109.454709180624,1200,14.0278395168091,0
109.554709180624,1200,14.0278395168091,0
109.654709180624,1200,14.0278395168091,0
109.754709180624,1200,14.0278395168091,0
109.854709180624,1200,14.0278395168091,0
109.954709180624,1200,14.0278395168091,0
110.054709180624,1200,14.0278395168091,0
110.154709180624,1200,14.0278395168091,0
110.254709180624,1200,14.0278395168091,0
110.354709180624,1200,14.0278395168091,0
110.454709180624,1200,14.0278395168091,0
110.554709180624,1200,14.0278395168091,0
110.654709180624,1200,14.0278395168091,0
110.754709180624,1200,14.0278395168091,0
110.854709180624,1200,14.0278395168091,0
110.954709180624,1200,14.0278395168091,0
111.054709180624,1200,14.0278395168091,0
111.154709180624,1200,14.0278395168091,0
111.254709180624,1200,14.0278395168091,0
111.354709180624,1200,14.0278395168091,0
111.454709180624,1200,14.0278395168091,0
111.554709180624,1200,14.0278395168091,0
111.654709180624,1200,14.0278395168091,0
111.754709180624,1200,14.0278395168091,0
111.854709180624,1200,14.0278395168091,0
111.954709180624,1200,14.0278395168091,0
112.054709180624,1200,14.0278395168091,0
112.154709180624,1200,14.0278395168091,0
112.254709180624,1200,14.0278395168091,0
112.354709180624,1200,14.0278395168091,0
112.454709180624,1200,14.0278395168091,0
112.554709180624,1200,14.0278395168091,0
112.654709180624,1200,14.0278395168091,0
112.754709180624,1200,14.0278395168091,0
112.854709180624,1200,14.0278395168091,0
112.954709180624,1200,14.0278395168091,0
113.054709180624,1200,14.0278395168091,0
113.154709180624,1200,14.0278395168091,0
113.254709180624,1200,14.0278395168091,0
113.354709180624,1200,14.0278395168091,0
113.454709180624,1200,14.0278395168091,0
113.554709180624,1200,14.0278395168091,0
113.654709180624,1200,14.0278395168091,0
113.754709180624,1200,14.0278395168091,0
113.854709180624,1200,14.0278395168091,0
113.954709180624,1200,14.0278395168091,0
114.054709180624,1200,14.0278395168091,0
114.154709180624,1200,14.0278395168091,0
114.254709180624,1200,14.0278395168091,0
114.354709180624,1200,14.0278395168091,0
114.454709180624,1200,14.0278395168091,0
114.554709180624,1200,14.0278395168091,0
114.654709180624,1200,14.0278395168091,0
114.754709180624,1200,14.0278395168091,0
114.854709180624,1200,14.0278395168091,0
114.954709180624,1200,14.0278395168091,0
115.054709180624,1200,14.0278395168091,0
115.154709180624,1200,14.0278395168091,0
115.254709180624,1200,14.0278395168091,0
115.354709180624,1200,14.0278395168091,0
115.454709180624,1200,14.0278395168091,0
115.554709180624,1200,14.0278395168091,0
115.654709180624,1200,14.0278395168091,0
115.754709180624,1200,14.0278395168091,0
115.854709180624,1200,14.0278395168091,0
115.954709180624,1200,14.0278395168091,0
116.054709180624,1200,14.0278395168091,0
116.154709180624,1200,14.0278395168091,0
116.254709180624,1200,14.0278395168091,0
116.354709180624,1200,14.0278395168091,0
116.454709180624,1200,14.0278395168091,0
116.554709180624,1200,14.0278395168091,0
116.654709180624,1200,14.0278395168091,0
116.754709180624,1200,14.0278395168091,0
116.854709180624,1200,14.0278395168091,0
116.954709180624,1200,14.0278395168091,0
117.054709180624,1200,14.0278395168091,0
117.154709180624,1200,14.0278395168091,0
117.254709180624,1200,14.0278395168091,0
117.354709180624,1200,14.0278395168091,0
117.454709180624,1200,14.0278395168091,0
117.554709180624,1200,14.0278395168091,0
117.654709180624,1200,14.0278395168091,0
117.754709180624,1200,14.0278395168091,0
117.854709180624,1200,14.0278395168091,0
117.954709180624,1200,14.0278395168091,0
118.054709180624,1200,14.0278395168091,0
118.154709180624,1200,14.0278395168091,0
118.254709180624,1200,14.0278395168091,0
118.354709180624,1200,14.0278395168091,0
118.454709180624,1200,14.0278395168091,0
118.554709180624,1200,14.0278395168091,0
118.654709180624,1200,14.0278395168091,0
118.754709180624,1200,14.0278395168091,0
118.854709180624,1200,14.0278395168091,0
118.954709180624,1200,14.0278395168091,0
119.054709180624,1200,14.0278395168091,0
119.154709180624,1200,14.0278395168091,0
119.254709180624,1200,14.0278395168091,0
119.354709180624,1200,14.0278395168091,0
119.454709180624,1200,14.0278395168091,0
119.554709180624,1200,14.0278395168091,0
119.654709180624,1200,14.0278395168091,0
119.754709180624,1200,14.0278395168091,0
119.854709180624,1200,14.0278395168091,0
119.954709180624,1200,14.0278395168091,0
120.054709180624,1200,14.0278395168091,0
120.154709180624,1200,14.0278395168091,0
120.254709180624,1200,14.0278395168091,0
120.354709180624,1200,14.0278395168091,0
120.454709180624,1200,14.0278395168091,0
120.554709180624,1200,14.0278395168091,0
120.654709180624,1200,14.0278395168091,0
120.754709180624,1200,14.0278395168091,0
120.854709180624,1200,14.0278395168091,0
120.954709180624,1200,14.0278395168091,0
121.054709180624,1200,14.0278395168091,0
121.154709180624,1200,14.0278395168091,0
121.254709180624,1200,14.0278395168091,0
121.354709180624,1200,14.0278395168091,0
121.454709180624,1200,14.0278395168091,0
121.554709180624,1200,14.0278395168091,0
121.654709180624,1200,14.0278395168091,0
121.754709180624,1200,14.0278395168091,0
121.854709180624,1200,14.0278395168091,0
121.954709180624,1200,14.0278395168091,0
122.054709180624,1200,14.0278395168091,0
122.154709180624,1200,14.0278395168091,0
122.254709180624,1200,14.0278395168091,0
122.354709180624,1200,14.0278395168091,0
122.454709180624,1200,14.0278395168091,0
122.554709180624,1200,14.0278395168091,0
122.654709180624,1200,14.0278395168091,0
122.754709180624,1200,14.0278395168091,0
122.854709180624,1200,14.0278395168091,0
122.954709180624,1200,14.0278395168091,0
123.054709180624,1200,14.0278395168091,0
123.154709180624,1200,14.0278395168091,0
123.254709180624,1200,14.0278395168091,0
123.354709180624,1200,14.0278395168091,0
123.454709180624,1200,14.0278395168091,0
123.554709180624,1200,14.0278395168091,0
123.654709180624,1200,14.0278395168091,0
123.754709180624,1200,14.0278395168091,0
123.854709180624,1200,14.0278395168091,0
123.954709180624,1200,14.0278395168091,0
124.054709180624,1200,14.0278395168091,0
124.154709180624,1200,14.0278395168091,0
124.254709180624,1200,14.0278395168091,0
124.354709180624,1200,14.0278395168091,0
124.454709180624,1200,14.0278395168091,0
124.554709180624,1200,14.0278395168091,0
124.654709180624,1200,14.0278395168091,0
124.754709180624,1200,14.0278395168091,0
124.854709180624,1200,14.0278395168091,0
124.954709180624,1200,14.0278395168091,0
125.054709180624,1200,14.0278395168091,0
125.154709180624,1200,14.0278395168091,0
125.254709180624,1200,14.0278395168091,0
125.354709180624,1200,14.0278395168091,0
125.454709180624,1200,14.0278395168091,0
125.554709180624,1200,14.0278395168091,0
125.654709180624,1200,14.0278395168091,0
125.754709180624,1200,14.0278395168091,0
125.854709180624,1200,14.0278395168091,0
125.954709180624,1200,14.0278395168091,0
126.054709180624,1200,14.0278395168091,0
126.154709180624,1200,14.0278395168091,0
126.254709180624,1200,14.0278395168091,0
126.354709180624,1200,14.0278395168091,0
126.454709180624,1200,14.0278395168091,0
126.554709180624,1200,14.0278395168091,0
126.654709180624,1200,14.0278395168091,0
126.754709180624,1200,14.0278395168091,0
126.854709180624,1200,14.0278395168091,0
126.954709180624,1200,14.0278395168091,0
127.054709180624,1200,14.0278395168091,0
127.154709180624,1200,14.0278395168091,0
127.254709180624,1200,14.0278395168091,0
127.354709180624,1200,14.0278395168091,0
127.454709180624,1200,14.0278395168091,0
127.554709180624,1200,14.0278395168091,0
127.654709180624,1200,14.0278395168091,0
127.754709180624,1200,14.0278395168091,0
127.854709180624,1200,14.0278395168091,0
127.954709180624,1200,14.0278395168091,0
128.054709180624,1200,14.0278395168091,0
128.154709180624,1200,14.0278395168091,0
128.254709180624,1200,14.0278395168091,0
128.354709180624,1200,14.0278395168091,0
128.454709180624,1200,14.0278395168091,0
128.554709180624,1200,14.0278395168091,0
128.654709180624,1200,14.0278395168091,0
128.754709180624,1200,14.0278395168091,0
128.854709180624,1200,14.0278395168091,0
128.954709180624,1200,14.0278395168091,0
129.054709180624,1200,14.0278395168091,0
129.154709180624,1200,14.0278395168091,0
129.254709180624,1200,14.0278395168091,0
129.354709180624,1200,14.0278395168091,0
129.454709180624,1200,14.0278395168091,0
129.554709180624,1200,14.0278395168091,0
129.654709180624,1200,14.0278395168091,0
129.754709180624,1200,14.0278395168091,0
129.854709180624,1200,14.0278395168091,0
129.954709180624,1200,14.0278395168091,0
130.054709180624,1200,14.0278395168091,0
130.154709180624,1200,14.0278395168091,0
130.254709180624,1200,14.0278395168091,0
130.354709180624,1200,14.0278395168091,0
130.454709180624,1200,14.0278395168091,0
130.554709180624,1200,14.0278395168091,0
130.654709180624,1200,14.0278395168091,0
130.754709180624,1200,14.0278395168091,0
130.854709180624,1200,14.0278395168091,0
130.954709180624,1200,14.0278395168091,0
131.054709180624,1200,14.0278395168091,0
131.154709180624,1200,14.0278395168091,0
131.254709180624,1200,14.0278395168091,0
131.354709180624,1200,14.0278395168091,0
131.454709180624,1200,14.0278395168091,0
131.554709180624,1200,14.0278395168091,0
131.654709180624,1200,14.0278395168091,0
131.754709180624,1200,14.0278395168091,0
131.854709180624,1200,14.0278395168091,0
131.954709180624,1200,14.0278395168091,0
132.054709180624,1200,14.0278395168091,0
132.154709180624,1200,14.0278395168091,0
132.254709180624,1200,14.0278395168091,0
132.354709180624,1200,14.0278395168091,0
132.454709180624,1200,14.0278395168091,0
132.554709180624,1200,14.0278395168091,0
132.654709180624,1200,14.0278395168091,0
132.754709180624,1200,14.0278395168091,0
132.854709180624,1200,14.0278395168091,0
132.954709180624,1200,14.0278395168091,0
133.054709180624,1200,14.0278395168091,0
133.154709180624,1200,14.0278395168091,0
133.254709180624,1200,14.0278395168091,0
133.354709180624,1200,14.0278395168091,0
133.454709180624,1200,14.0278395168091,0
133.554709180624,1200,14.0278395168091,0
133.654709180624,1200,14.0278395168091,0
133.754709180624,1200,14.0278395168091,0
133.854709180624,1200,14.0278395168091,0
133.954709180624,1200,14.0278395168091,0
134.054709180624,1200,14.0278395168091,0
134.154709180624,1200,14.0278395168091,0
134.254709180624,1200,14.0278395168091,0
134.354709180624,1200,14.0278395168091,0
134.454709180624,1200,14.0278395168091,0
134.554709180624,1200,14.0278395168091,0
134.654709180624,1200,14.0278395168091,0
134.754709180624,1200,14.0278395168091,0
134.854709180624,1200,14.0278395168091,0
134.954709180624,1200,14.0278395168091,0
135.054709180624,1200,14.0278395168091,0
135.154709180624,1200,14.0278395168091,0
135.254709180624,1200,14.0278395168091,0
135.354709180624,1200,14.0278395168091,0
135.454709180624,1200,14.0278395168091,0
135.554709180624,1200,14.0278395168091,0
135.654709180624,1200,14.0278395168091,0
135.754709180624,1200,14.0278395168091,0
135.854709180624,1200,14.0278395168091,0
135.954709180624,1200,14.0278395168091,0
136.054709180624,1200,14.0278395168091,0
136.154709180624,1200,14.0278395168091,0
136.254709180624,1200,14.0278395168091,0
136.354709180624,1200,14.0278395168091,0
136.454709180624,1200,14.0278395168091,0
136.554709180624,1200,14.0278395168091,0
136.654709180624,1200,14.0278395168091,0
136.754709180624,1200,14.0278395168091,0
136.854709180624,1200,14.0278395168091,0
136.954709180624,1200,14.0278395168091,0
137.054709180624,1200,14.0278395168091,0
137.154709180624,1200,14.0278395168091,0
137.254709180624,1200,14.0278395168091,0
137.354709180624,1200,14.0278395168091,0
137.454709180624,1200,14.0278395168091,0
137.554709180624,1200,14.0278395168091,0
137.654709180624,1200,14.0278395168091,0
137.754709180624,1200,14.0278395168091,0
137.854709180624,1200,14.0278395168091,0
137.954709180624,1200,14.0278395168091,0
138.054709180624,1200,14.0278395168091,0
138.154709180624,1200,14.0278395168091,0
138.254709180624,1200,14.0278395168091,0
138.354709180624,1200,14.0278395168091,0
138.454709180624,1200,14.0278395168091,0
138.554709180624,1200,14.0278395168091,0
138.654709180624,1200,14.0278395168091,0
138.754709180624,1200,14.0278395168091,0
138.854709180624,1200,14.0278395168091,0
138.954709180624,1200,14.0278395168091,0
139.054709180624,1200,14.0278395168091,0
139.154709180624,1200,14.0278395168091,0
139.254709180624,1200,14.0278395168091,0
139.354709180624,1200,14.0278395168091,0
139.454709180624,1200,14.0278395168091,0
139.554709180624,1200,14.0278395168091,0
139.654709180624,1200,14.0278395168091,0
139.754709180624,1200,14.0278395168091,0
139.854709180624,1200,14.0278395168091,0
139.954709180624,1200,14.0278395168091,0
140.054709180624,1200,14.0278395168091,0
140.154709180624,1200,14.0278395168091,0
140.254709180624,1200,14.0278395168091,0
140.354709180624,1200,14.0278395168091,0
140.454709180624,1200,14.0278395168091,0
140.554709180624,1200,14.0278395168091,0
140.654709180624,1200,14.0278395168091,0
140.754709180624,1200,14.0278395168091,0
140.854709180624,1200,14.0278395168091,0
140.954709180624,1200,14.0278395168091,0
141.054709180624,1200,14.0278395168091,0
141.154709180624,1200,14.0278395168091,0
141.254709180624,1200,14.0278395168091,0
141.354709180624,1200,14.0278395168091,0
141.454709180624,1200,14.0278395168091,0
141.554709180624,1200,14.0278395168091,0
141.654709180624,1200,14.0278395168091,0
141.754709180624,1200,14.0278395168091,0
141.854709180624,1200,14.0278395168091,0
141.954709180624,1200,14.0278395168091,0
142.054709180624,1200,14.0278395168091,0
142.154709180624,1200,14.0278395168091,0
142.254709180624,1200,14.0278395168091,0
142.354709180624,1200,14.0278395168091,0
142.454709180624,1200,14.0278395168091,0
142.554709180624,1200,14.0278395168091,0
142.654709180624,1200,14.0278395168091,0
142.754709180624,1200,14.0278395168091,0
142.854709180624,1200,14.0278395168091,0
142.954709180624,1200,14.0278395168091,0
143.054709180624,1200,14.0278395168091,0
143.154709180624,1200,14.0278395168091,0
143.254709180624,1200,14.0278395168091,0
143.354709180624,1200,14.0278395168091,0
143.454709180624,1200,14.0278395168091,0
143.554709180624,1200,14.0278395168091,0
143.654709180624,1200,14.0278395168091,0
143.754709180624,1200,14.0278395168091,0
143.854709180624,1200,14.0278395168091,0
143.954709180624,1200,14.0278395168091,0
144.054709180624,1200,14.0278395168091,0
144.154709180624,1200,14.0278395168091,0
144.254709180624,1200,14.0278395168091,0
144.354709180624,1200,14.0278395168091,0
144.454709180624,1200,14.0278395168091,0
144.554709180624,1200,14.0278395168091,0
144.654709180624,1200,14.0278395168091,0
144.754709180624,1200,14.0278395168091,0
144.854709180624,1200,14.0278395168091,0
144.954709180624,1200,14.0278395168091,0
145.054709180624,1200,14.0278395168091,0
145.154709180624,1200,14.0278395168091,0
145.254709180624,1200,14.0278395168091,0
145.354709180624,1200,14.0278395168091,0
145.454709180624,1200,14.0278395168091,0
145.554709180624,1200,14.0278395168091,0
145.654709180624,1200,14.0278395168091,0
145.754709180624,1200,14.0278395168091,0
145.854709180624,1200,14.0278395168091,0
145.954709180624,1200,14.0278395168091,0
146.054709180624,1200,14.0278395168091,0
146.154709180624,1200,14.0278395168091,0
146.254709180624,1200,14.0278395168091,0
146.354709180624,1200,14.0278395168091,0
146.454709180624,1200,14.0278395168091,0
146.554709180624,1200,14.0278395168091,0
146.654709180624,1200,14.0278395168091,0
146.754709180624,1200,14.0278395168091,0
146.854709180624,1200,14.0278395168091,0
146.954709180624,1200,14.0278395168091,0
147.054709180624,1200,14.0278395168091,0
147.154709180624,1200,14.0278395168091,0
147.254709180624,1200,14.0278395168091,0
147.354709180624,1200,14.0278395168091,0
147.454709180624,1200,14.0278395168091,0
147.554709180624,1200,14.0278395168091,0
147.654709180624,1200,14.0278395168091,0
147.754709180624,1200,14.0278395168091,0
147.854709180624,1200,14.0278395168091,0
147.954709180624,1200,14.0278395168091,0
148.054709180624,1200,14.0278395168091,0
148.154709180624,1200,14.0278395168091,0
148.254709180624,1200,14.0278395168091,0
148.354709180624,1200,14.0278395168091,0
148.454709180624,1200,14.0278395168091,0
148.554709180624,1200,14.0278395168091,0
148.654709180624,1200,14.0278395168091,0
148.754709180624,1200,14.0278395168091,0
148.854709180624,1200,14.0278395168091,0
148.954709180624,1200,14.0278395168091,0
149.054709180624,1200,14.0278395168091,0
149.154709180624,1200,14.0278395168091,0
149.254709180624,1200,14.0278395168091,0
149.354709180624,1200,14.0278395168091,0
149.454709180624,1200,14.0278395168091,0
149.554709180624,1200,14.0278395168091,0
149.654709180624,1200,14.0278395168091,0
149.754709180624,1200,14.0278395168091,0
149.854709180624,1200,14.0278395168091,0
149.954709180624,1200,14.0278395168091,0
150.054709180624,1200,14.0278395168091,0
150.154709180624,1200,14.0278395168091,0
150.254709180624,1200,14.0278395168091,0
150.354709180624,1200,14.0278395168091,0
150.454709180624,1200,14.0278395168091,0
150.554709180624,1200,14.0278395168091,0
150.654709180624,1200,14.0278395168091,0
150.754709180624,1200,14.0278395168091,0
150.854709180624,1200,14.0278395168091,0
150.954709180624,1200,14.0278395168091,0
151.054709180624,1200,14.0278395168091,0
151.154709180624,1200,14.0278395168091,0
151.254709180624,1200,14.0278395168091,0
151.354709180624,1200,14.0278395168091,0
151.454709180624,1200,14.0278395168091,0
151.554709180624,1200,14.0278395168091,0
151.654709180624,1200,14.0278395168091,0
151.754709180624,1200,14.0278395168091,0
151.854709180624,1200,14.0278395168091,0
151.954709180624,1200,14.0278395168091,0
152.054709180624,1200,14.0278395168091,0
152.154709180624,1200,14.0278395168091,0
152.254709180624,1200,14.0278395168091,0
152.354709180624,1200,14.0278395168091,0
152.454709180624,1200,14.0278395168091,0
152.554709180624,1200,14.0278395168091,0
152.654709180624,1200,14.0278395168091,0
152.754709180624,1200,14.0278395168091,0
152.854709180624,1200,14.0278395168091,0
152.954709180624,1200,14.0278395168091,0
153.054709180624,1200,14.0278395168091,0
153.154709180624,1200,14.0278395168091,0
153.254709180624,1200,14.0278395168091,0
153.354709180624,1200,14.0278395168091,0
153.454709180624,1200,14.0278395168091,0
153.554709180624,1200,14.0278395168091,0
153.654709180624,1200,14.0278395168091,0
153.754709180624,1200,14.0278395168091,0
153.854709180624,1200,14.0278395168091,0
153.954709180624,1200,14.0278395168091,0
154.054709180624,1200,14.0278395168091,0
154.154709180624,1200,14.0278395168091,0
154.254709180624,1200,14.0278395168091,0
154.354709180624,1200,14.0278395168091,0
154.454709180624,1200,14.0278395168091,0
154.554709180624,1200,14.0278395168091,0
154.654709180624,1200,14.0278395168091,0
154.754709180624,1200,14.0278395168091,0
154.854709180624,1200,14.0278395168091,0
154.954709180624,1200,14.0278395168091,0
155.054709180624,1200,14.0278395168091,0
155.154709180624,1200,14.0278395168091,0
155.254709180624,1200,14.0278395168091,0
155.354709180624,1200,14.0278395168091,0
155.454709180624,1200,14.0278395168091,0
155.554709180624,1200,14.0278395168091,0
155.654709180624,1200,14.0278395168091,0
155.754709180624,1200,14.0278395168091,0
155.854709180624,1200,14.0278395168091,0
155.954709180624,1200,14.0278395168091,0
156.054709180624,1200,14.0278395168091,0
156.154709180624,1200,14.0278395168091,0
156.254709180624,1200,14.0278395168091,0
156.354709180624,1200,14.0278395168091,0
156.454709180624,1200,14.0278395168091,0
156.554709180624,1200,14.0278395168091,0
156.654709180624,1200,14.0278395168091,0
156.754709180624,1200,14.0278395168091,0
156.854709180624,1200,14.0278395168091,0
156.954709180624,1200,14.0278395168091,0
157.054709180624,1200,14.0278395168091,0
157.154709180624,1200,14.0278395168091,0
157.254709180624,1200,14.0278395168091,0
157.354709180624,1200,14.0278395168091,0
157.454709180624,1200,14.0278395168091,0
157.554709180624,1200,14.0278395168091,0
157.654709180624,1200,14.0278395168091,0
157.754709180624,1200,14.0278395168091,0
157.854709180624,1200,14.0278395168091,0
157.954709180624,1200,14.0278395168091,0
158.054709180624,1200,14.0278395168091,0
158.154709180624,1200,14.0278395168091,0
158.254709180624,1200,14.0278395168091,0
158.354709180624,1200,14.0278395168091,0
158.454709180624,1200,14.0278395168091,0
158.554709180624,1200,14.0278395168091,0
158.654709180624,1200,14.0278395168091,0
158.754709180624,1200,14.0278395168091,0
158.854709180624,1200,14.0278395168091,0
158.954709180624,1200,14.0278395168091,0
159.054709180624,1200,14.0278395168091,0
159.154709180624,1200,14.0278395168091,0
159.254709180624,1200,14.0278395168091,0
159.354709180624,1200,14.0278395168091,0
159.454709180624,1200,14.0278395168091,0
159.554709180624,1200,14.0278395168091,0
159.654709180624,1200,14.0278395168091,0
159.754709180624,1200,14.0278395168091,0
159.854709180624,1200,14.0278395168091,0
159.954709180624,1200,14.0278395168091,0
160.054709180624,1200,14.0278395168091,0
160.154709180624,1200,14.0278395168091,0
160.254709180624,1200,14.0278395168091,0
160.354709180624,1200,14.0278395168091,0
160.454709180624,1200,14.0278395168091,0
160.554709180624,1200,14.0278395168091,0
160.654709180624,1200,14.0278395168091,0
160.754709180624,1200,14.0278395168091,0
160.854709180624,1200,14.0278395168091,0
160.954709180624,1200,14.0278395168091,0
161.054709180624,1200,14.0278395168091,0
161.154709180624,1200,14.0278395168091,0
161.254709180624,1200,14.0278395168091,0
161.354709180624,1200,14.0278395168091,0
161.454709180624,1200,14.0278395168091,0
161.554709180624,1200,14.0278395168091,0
161.654709180624,1200,14.0278395168091,0
161.754709180624,1200,14.0278395168091,0
161.854709180624,1200,14.0278395168091,0
161.954709180624,1200,14.0278395168091,0
162.054709180624,1200,14.0278395168091,0
162.154709180624,1200,14.0278395168091,0
162.254709180624,1200,14.0278395168091,0
162.354709180624,1200,14.0278395168091,0
162.454709180624,1200,14.0278395168091,0
162.554709180624,1200,14.0278395168091,0
162.654709180624,1200,14.0278395168091,0
162.754709180624,1200,14.0278395168091,0
162.854709180624,1200,14.0278395168091,0
162.954709180624,1200,14.0278395168091,0
163.054709180624,1200,14.0278395168091,0
163.154709180624,1200,14.0278395168091,0
163.254709180624,1200,14.0278395168091,0
163.354709180624,1200,14.0278395168091,0
163.454709180624,1200,14.0278395168091,0
163.554709180624,1200,14.0278395168091,0
163.654709180624,1200,14.0278395168091,0
163.754709180624,1200,14.0278395168091,0
163.854709180624,1200,14.0278395168091,0
163.954709180624,1200,14.0278395168091,0
164.054709180624,1200,14.0278395168091,0
164.154709180624,1200,14.0278395168091,0
164.254709180624,1200,14.0278395168091,0
164.354709180624,1200,14.0278395168091,0
164.454709180624,1200,14.0278395168091,0
164.554709180624,1200,14.0278395168091,0
164.654709180624,1200,14.0278395168091,0
164.754709180624,1200,14.0278395168091,0
164.854709180624,1200,14.0278395168091,0
164.954709180624,1200,14.0278395168091,0
165.054709180624,1200,14.0278395168091,0
165.154709180624,1200,14.0278395168091,0
165.254709180624,1200,14.0278395168091,0
165.354709180624,1200,14.0278395168091,0
165.454709180624,1200,14.0278395168091,0
165.554709180624,1200,14.0278395168091,0
165.654709180624,1200,14.0278395168091,0
165.754709180624,1200,14.0278395168091,0
165.854709180624,1200,14.0278395168091,0
165.954709180624,1200,14.0278395168091,0
166.054709180624,1200,14.0278395168091,0
166.154709180624,1200,14.0278395168091,0
166.254709180624,1200,14.0278395168091,0
166.354709180624,1200,14.0278395168091,0
166.454709180624,1200,14.0278395168091,0
166.554709180624,1200,14.0278395168091,0
166.654709180624,1200,14.0278395168091,0
166.754709180624,1200,14.0278395168091,0
166.854709180624,1200,14.0278395168091,0
166.954709180624,1200,14.0278395168091,0
167.054709180624,1200,14.0278395168091,0
167.154709180624,1200,14.0278395168091,0
167.254709180624,1200,14.0278395168091,0
167.354709180624,1200,14.0278395168091,0
167.454709180624,1200,14.0278395168091,0
167.554709180624,1200,14.0278395168091,0
167.654709180624,1200,14.0278395168091,0
167.754709180624,1200,14.0278395168091,0
167.854709180624,1200,14.0278395168091,0
167.954709180624,1200,14.0278395168091,0
168.054709180624,1200,14.0278395168091,0
168.154709180624,1200,14.0278395168091,0
168.254709180624,1200,14.0278395168091,0
168.354709180624,1200,14.0278395168091,0
168.454709180624,1200,14.0278395168091,0
168.554709180624,1200,14.0278395168091,0
168.654709180624,1200,14.0278395168091,0
168.754709180624,1200,14.0278395168091,0
168.854709180624,1200,14.0278395168091,0
168.954709180624,1200,14.0278395168091,0
169.054709180624,1200,14.0278395168091,0
169.154709180624,1200,14.0278395168091,0
169.254709180624,1200,14.0278395168091,0
169.354709180624,1200,14.0278395168091,0
169.454709180624,1200,14.0278395168091,0
169.554709180624,1200,14.0278395168091,0
169.654709180624,1200,14.0278395168091,0
169.754709180624,1200,14.0278395168091,0
169.854709180624,1200,14.0278395168091,0
169.954709180624,1200,14.0278395168091,0
170.054709180624,1200,14.0278395168091,0
170.154709180624,1200,14.0278395168091,0
170.254709180624,1200,14.0278395168091,0
170.354709180624,1200,14.0278395168091,0
170.454709180624,1200,14.0278395168091,0
170.554709180624,1200,14.0278395168091,0
170.654709180624,1200,14.0278395168091,0
170.754709180624,1200,14.0278395168091,0
170.854709180624,1200,14.0278395168091,0
170.954709180624,1200,14.0278395168091,0
171.054709180624,1200,14.0278395168091,0
171.154709180624,1200,14.0278395168091,0
171.254709180624,1200,14.0278395168091,0
171.354709180624,1200,14.0278395168091,0
171.454709180624,1200,14.0278395168091,0
171.554709180624,1200,14.0278395168091,0
171.654709180624,1200,14.0278395168091,0
171.754709180624,1200,14.0278395168091,0
171.854709180624,1200,14.0278395168091,0
171.954709180624,1200,14.0278395168091,0
172.054709180624,1200,14.0278395168091,0
172.154709180624,1200,14.0278395168091,0
172.254709180624,1200,14.0278395168091,0
172.354709180624,1200,14.0278395168091,0
172.454709180624,1200,14.0278395168091,0
172.554709180624,1200,14.0278395168091,0
172.654709180624,1200,14.0278395168091,0
172.754709180624,1200,14.0278395168091,0
172.854709180624,1200,14.0278395168091,0
172.954709180624,1200,14.0278395168091,0
173.054709180624,1200,14.0278395168091,0
173.154709180624,1200,14.0278395168091,0
173.254709180624,1200,14.0278395168091,0
173.354709180624,1200,14.0278395168091,0
173.454709180624,1200,14.0278395168091,0
173.554709180624,1200,14.0278395168091,0
173.654709180624,1200,14.0278395168091,0
173.754709180624,1200,14.0278395168091,0
173.854709180624,1200,14.0278395168091,0
173.954709180624,1200,14.0278395168091,0
174.054709180624,1200,14.0278395168091,0
174.154709180624,1200,14.0278395168091,0
174.254709180624,1200,14.0278395168091,0
174.354709180624,1200,14.0278395168091,0
174.454709180624,1200,14.0278395168091,0
174.554709180624,1200,14.0278395168091,0
174.654709180624,1200,14.0278395168091,0
174.754709180624,1200,14.0278395168091,0
174.854709180624,1200,14.0278395168091,0
174.954709180624,1200,14.0278395168091,0
175.054709180624,1200,14.0278395168091,0
175.154709180624,1200,14.0278395168091,0
175.254709180624,1200,14.0278395168091,0
175.354709180624,1200,14.0278395168091,0
175.454709180624,1200,14.0278395168091,0
175.554709180624,1200,14.0278395168091,0
175.654709180624,1200,14.0278395168091,0
175.754709180624,1200,14.0278395168091,0
175.854709180624,1200,14.0278395168091,0
175.954709180624,1200,14.0278395168091,0
176.054709180624,1200,14.0278395168091,0
176.154709180624,1200,14.0278395168091,0
176.254709180624,1200,14.0278395168091,0
176.354709180624,1200,14.0278395168091,0
176.454709180624,1200,14.0278395168091,0
176.554709180624,1200,14.0278395168091,0
176.654709180624,1200,14.0278395168091,0
176.754709180624,1200,14.0278395168091,0
176.854709180624,1200,14.0278395168091,0
176.954709180624,1200,14.0278395168091,0
177.054709180624,1200,14.0278395168091,0
177.154709180624,1200,14.0278395168091,0
177.254709180624,1200,14.0278395168091,0
177.354709180624,1200,14.0278395168091,0
177.454709180624,1200,14.0278395168091,0
177.554709180624,1200,14.0278395168091,0
177.654709180624,1200,14.0278395168091,0
177.754709180624,1200,14.0278395168091,0
177.854709180624,1200,14.0278395168091,0
177.954709180624,1200,14.0278395168091,0
178.054709180624,1200,14.0278395168091,0
178.154709180624,1200,14.0278395168091,0
178.254709180624,1200,14.0278395168091,0
178.354709180624,1200,14.0278395168091,0
178.454709180624,1200,14.0278395168091,0
178.554709180624,1200,14.0278395168091,0
178.654709180624,1200,14.0278395168091,0
178.754709180624,1200,14.0278395168091,0
178.854709180624,1200,14.0278395168091,0
178.954709180624,1200,14.0278395168091,0
179.054709180624,1200,14.0278395168091,0
179.154709180624,1200,14.0278395168091,0
179.254709180624,1200,14.0278395168091,0
179.354709180624,1200,14.0278395168091,0
179.454709180624,1200,14.0278395168091,0
179.554709180624,1200,14.0278395168091,0
179.654709180624,1200,14.0278395168091,0
179.754709180624,1200,14.0278395168091,0
179.854709180624,1200,14.0278395168091,0
179.954709180624,1200,14.0278395168091,0
180.054709180624,1200,14.0278395168091,0
180.154709180624,1200,14.0278395168091,0
180.254709180624,1200,14.0278395168091,0
180.354709180624,1200,14.0278395168091,0
180.454709180624,1200,14.0278395168091,0
180.554709180624,1200,14.0278395168091,0
180.654709180624,1200,14.0278395168091,0
180.754709180624,1200,14.0278395168091,0
180.854709180624,1200,14.0278395168091,0
180.954709180624,1200,14.0278395168091,0
181.054709180624,1200,14.0278395168091,0
181.154709180624,1200,14.0278395168091,0
181.254709180624,1200,14.0278395168091,0
181.354709180624,1200,14.0278395168091,0
181.454709180624,1200,14.0278395168091,0
181.554709180624,1200,14.0278395168091,0
181.654709180624,1200,14.0278395168091,0
181.754709180624,1200,14.0278395168091,0
181.854709180624,1200,14.0278395168091,0
181.954709180624,1200,14.0278395168091,0
182.054709180624,1200,14.0278395168091,0
182.154709180624,1200,14.0278395168091,0
182.254709180624,1200,14.0278395168091,0
182.354709180624,1200,14.0278395168091,0
182.454709180624,1200,14.0278395168091,0
182.554709180624,1200,14.0278395168091,0
182.654709180624,1200,14.0278395168091,0
182.754709180624,1200,14.0278395168091,0
182.854709180624,1200,14.0278395168091,0
182.954709180624,1200,14.0278395168091,0
183.054709180624,1200,14.0278395168091,0
183.154709180624,1200,14.0278395168091,0
183.254709180624,1200,14.0278395168091,0
183.354709180624,1200,14.0278395168091,0
183.454709180624,1200,14.0278395168091,0
183.554709180624,1200,14.0278395168091,0
183.654709180624,1200,14.0278395168091,0
183.754709180624,1200,14.0278395168091,0
183.854709180624,1200,14.0278395168091,0
183.954709180624,1200,14.0278395168091,0
184.054709180624,1200,14.0278395168091,0
184.154709180624,1200,14.0278395168091,0
184.254709180624,1200,14.0278395168091,0
184.354709180624,1200,14.0278395168091,0
184.454709180624,1200,14.0278395168091,0
184.554709180624,1200,14.0278395168091,0
184.654709180624,1200,14.0278395168091,0
184.754709180624,1200,14.0278395168091,0
184.854709180624,1200,14.0278395168091,0
184.954709180624,1200,14.0278395168091,0
185.054709180624,1200,14.0278395168091,0
185.154709180624,1200,14.0278395168091,0
185.254709180624,1200,14.0278395168091,0
185.354709180624,1200,14.0278395168091,0
185.454709180624,1200,14.0278395168091,0
185.554709180624,1200,14.0278395168091,0
185.654709180624,1200,14.0278395168091,0
185.754709180624,1200,14.0278395168091,0
185.854709180624,1200,14.0278395168091,0
185.954709180624,1200,14.0278395168091,0
186.054709180624,1200,14.0278395168091,0
186.154709180624,1200,14.0278395168091,0
186.254709180624,1200,14.0278395168091,0
186.354709180624,1200,14.0278395168091,0
186.454709180624,1200,14.0278395168091,0
186.554709180624,1200,14.0278395168091,0
186.654709180624,1200,14.0278395168091,0
186.754709180624,1200,14.0278395168091,0
186.854709180624,1200,14.0278395168091,0
186.954709180624,1200,14.0278395168091,0
187.054709180624,1200,14.0278395168091,0
187.154709180624,1200,14.0278395168091,0
187.254709180624,1200,14.0278395168091,0
187.354709180624,1200,14.0278395168091,0
187.454709180624,1200,14.0278395168091,0
187.554709180624,1200,14.0278395168091,0
187.654709180624,1200,14.0278395168091,0
187.754709180624,1200,14.0278395168091,0
187.854709180624,1200,14.0278395168091,0
187.954709180624,1200,14.0278395168091,0
188.054709180624,1200,14.0278395168091,0
188.154709180624,1200,14.0278395168091,0
188.254709180624,1200,14.0278395168091,0
188.354709180624,1200,14.0278395168091,0
188.454709180624,1200,14.0278395168091,0
188.554709180624,1200,14.0278395168091,0
188.654709180624,1200,14.0278395168091,0
188.754709180624,1200,14.0278395168091,0
188.854709180624,1200,14.0278395168091,0
188.954709180624,1200,14.0278395168091,0
189.054709180624,1200,14.0278395168091,0
189.154709180624,1200,14.0278395168091,0
189.254709180624,1200,14.0278395168091,0
189.354709180624,1200,14.0278395168091,0
189.454709180624,1200,14.0278395168091,0
189.554709180624,1200,14.0278395168091,0
189.654709180624,1200,14.0278395168091,0
189.754709180624,1200,14.0278395168091,0
189.854709180624,1200,14.0278395168091,0
189.954709180624,1200,14.0278395168091,0
190.054709180624,1200,14.0278395168091,0
190.154709180624,1200,14.0278395168091,0
190.254709180624,1200,14.0278395168091,0
190.354709180624,1200,14.0278395168091,0
190.454709180624,1200,14.0278395168091,0
190.554709180624,1200,14.0278395168091,0
190.654709180624,1200,14.0278395168091,0
190.754709180624,1200,14.0278395168091,0
190.854709180624,1200,14.0278395168091,0
190.954709180624,1200,14.0278395168091,0
191.054709180624,1200,14.0278395168091,0
191.154709180624,1200,14.0278395168091,0
191.254709180624,1200,14.0278395168091,0
191.354709180624,1200,14.0278395168091,0
191.454709180624,1200,14.0278395168091,0
191.554709180624,1200,14.0278395168091,0
191.654709180624,1200,14.0278395168091,0
191.754709180624,1200,14.0278395168091,0
191.854709180624,1200,14.0278395168091,0
191.954709180624,1200,14.0278395168091,0
192.054709180624,1200,14.0278395168091,0
192.154709180624,1200,14.0278395168091,0
192.254709180624,1200,14.0278395168091,0
192.354709180624,1200,14.0278395168091,0
192.454709180624,1200,14.0278395168091,0
192.554709180624,1200,14.0278395168091,0
192.654709180624,1200,14.0278395168091,0
192.754709180624,1200,14.0278395168091,0
192.854709180624,1200,14.0278395168091,0
192.954709180624,1200,14.0278395168091,0
193.054709180624,1200,14.0278395168091,0
193.154709180624,1200,14.0278395168091,0
193.254709180624,1200,14.0278395168091,0
193.354709180624,1200,14.0278395168091,0
193.454709180624,1200,14.0278395168091,0
193.554709180624,1200,14.0278395168091,0
193.654709180624,1200,14.0278395168091,0
193.754709180624,1200,14.0278395168091,0
193.854709180624,1200,14.0278395168091,0
193.954709180624,1200,14.0278395168091,0
194.054709180624,1200,14.0278395168091,0
194.154709180624,1200,14.0278395168091,0
194.254709180624,1200,14.0278395168091,0
194.354709180624,1200,14.0278395168091,0
194.454709180624,1200,14.0278395168091,0
194.554709180624,1200,14.0278395168091,0
194.654709180624,1200,14.0278395168091,0
194.754709180624,1200,14.0278395168091,0
194.854709180624,1200,14.0278395168091,0
194.954709180624,1200,14.0278395168091,0
195.054709180624,1200,14.0278395168091,0
195.154709180624,1200,14.0278395168091,0
195.254709180624,1200,14.0278395168091,0
195.354709180624,1200,14.0278395168091,0
195.454709180624,1200,14.0278395168091,0
195.554709180624,1200,14.0278395168091,0
195.654709180624,1200,14.0278395168091,0
195.754709180624,1200,14.0278395168091,0
195.854709180624,1200,14.0278395168091,0
195.954709180624,1200,14.0278395168091,0
196.054709180624,1200,14.0278395168091,0
196.154709180624,1200,14.0278395168091,0
196.254709180624,1200,14.0278395168091,0
196.354709180624,1200,14.0278395168091,0
196.454709180624,1200,14.0278395168091,0
196.554709180624,1200,14.0278395168091,0
196.654709180624,1200,14.0278395168091,0
196.754709180624,1200,14.0278395168091,0
196.854709180624,1200,14.0278395168091,0
196.954709180624,1200,14.0278395168091,0
197.054709180624,1200,14.0278395168091,0
197.154709180624,1200,14.0278395168091,0
197.254709180624,1200,14.0278395168091,0
197.354709180624,1200,14.0278395168091,0
197.454709180624,1200,14.0278395168091,0
197.554709180624,1200,14.0278395168091,0
197.654709180624,1200,14.0278395168091,0
197.754709180624,1200,14.0278395168091,0
197.854709180624,1200,14.0278395168091,0
197.954709180624,1200,14.0278395168091,0
198.054709180624,1200,14.0278395168091,0
198.154709180624,1200,14.0278395168091,0
198.254709180624,1200,14.0278395168091,0
198.354709180624,1200,14.0278395168091,0
198.454709180624,1200,14.0278395168091,0
198.554709180624,1200,14.0278395168091,0
198.654709180624,1200,14.0278395168091,0
198.754709180624,1200,14.0278395168091,0
198.854709180624,1200,14.0278395168091,0
198.954709180624,1200,14.0278395168091,0
199.054709180624,1200,14.0278395168091,0
199.154709180624,1200,14.0278395168091,0
199.254709180624,1200,14.0278395168091,0
199.354709180624,1200,14.0278395168091,0
199.454709180624,1200,14.0278395168091,0
199.554709180624,1200,14.0278395168091,0
199.654709180624,1200,14.0278395168091,0
199.754709180624,1200,14.0278395168091,0
199.854709180624,1200,14.0278395168091,0
199.954709180624,1200,14.0278395168091,0
200.054709180624,1200,14.0278395168091,0
200.154709180624,1200,14.0278395168091,0
200.254709180624,1200,14.0278395168091,0
200.354709180624,1200,14.0278395168091,0
200.454709180624,1200,14.0278395168091,0
200.554709180624,1200,14.0278395168091,0
200.654709180624,1200,14.0278395168091,0
200.754709180624,1200,14.0278395168091,0
200.854709180624,1200,14.0278395168091,0
200.954709180624,1200,14.0278395168091,0
201.054709180624,1200,14.0278395168091,0
201.154709180624,1200,14.0278395168091,0
201.254709180624,1200,14.0278395168091,0
201.354709180624,1200,14.0278395168091,0
201.454709180624,1200,14.0278395168091,0
201.554709180624,1200,14.0278395168091,0
201.654709180624,1200,14.0278395168091,0
201.754709180624,1200,14.0278395168091,0
201.854709180624,1200,14.0278395168091,0
201.954709180624,1200,14.0278395168091,0
202.054709180624,1200,14.0278395168091,0
202.154709180624,1200,14.0278395168091,0
202.254709180624,1200,14.0278395168091,0
202.354709180624,1200,14.0278395168091,0
202.454709180624,1200,14.0278395168091,0
202.540423466338,1200,14.0278395168091,0
202.626137752052,1200,14.0278395168091,0
202.711852037767,1200,14.0278395168091,0
202.76899489491,1200,14.0278395168091,0
202.817974486746,1200,14.0278395168091,0
202.854709180624,1200,14.0278395168091,0
202.891443874501,1200,14.0278395168091,0
202.933280609195,1200,14.0278395168091,0
202.975117343889,1200,14.0278395168091,0
203.010977402198,1200,14.0278395168091,0
203.046837460507,1200,14.0278395168091,0
203.08767808247,1200,14.0278395168091,0
203.134191013039,1200,14.0278395168091,0
203.174059239241,1200,14.0278395168091,0
203.219464719083,1200,14.0278395168091,0
203.258383701804,1200,14.0278395168091,0
203.302708098792,1200,14.0278395168091,0
203.347032495779,1200,14.0278395168091,0
203.391356892767,1200,14.0278395168091,0
203.435681289755,1200,14.0278395168091,0
203.480005686743,1200,14.0278395168091,0
203.517998027018,1200,14.0278395168091,0
203.566543795148,1200,14.0278395168091,0
203.615089563277,1200,14.0278395168091,0
203.663635331407,1200,14.0278395168091,0
203.718923567332,1200,14.0278395168091,0
203.774211803258,1200,14.0278395168091,0
203.844857882496,1200,14.0278395168091,0
203.897842441924,1200,14.0278395168091,0
203.943257778577,1200,14.0278395168091,0
203.982185209994,1200,14.0278395168091,0
204.01555157978,1200,14.0278395168091,0
204.04415132531,1200,14.0278395168091,0
204.07672325772,1200,14.0278395168091,0
204.113819069632,1200,14.0278395168091,0
204.145615479841,1200,14.0278395168091,0
204.181828058136,1200,14.0278395168091,0
204.21286741096,1200,14.0278395168091,0
204.239472570523,1200,14.0278395168091,0
204.262276993006,1200,14.0278395168091,0
204.285081415488,1200,14.0278395168091,0
204.307885837971,1200,14.0278395168091,0
204.333857541354,1200,14.0278395168091,0
204.359829244738,1200,14.0278395168091,0
204.385800948121,1200,14.0278395168091,0
204.411772651504,1200,14.0278395168091,0
204.441351535913,1200,14.0278395168091,0
204.470930420321,1200,14.0278395168091,0
204.50050930473,1200,14.0278395168091,0
204.530088189139,1200,14.0278395168091,0
204.559667073547,1200,14.0278395168091,0
204.589245957956,1200,14.0278395168091,0
204.614599287449,1200,14.0278395168091,0
204.636330712729,1200,14.0278395168091,0
204.658062138009,1200,14.0278395168091,0
204.685830070311,1200,14.0278395168091,0
204.713598002613,1200,14.0278395168091,0
204.745222592179,1200,14.0278395168091,0
204.776847181745,1200,14.0278395168091,0
204.803953972801,1200,14.0278395168091,0
204.834825595949,1200,14.0278395168091,0
204.865697219097,1200,14.0278395168091,0
204.896568842245,1200,14.0278395168091,0
204.927440465393,1200,14.0278395168091,0
204.953901856663,1200,14.0278395168091,0
204.980363247932,1200,14.0278395168091,0
205.006824639202,1200,14.0278395168091,0
205.033286030471,1200,14.0278395168091,0
205.059747421741,1200,14.0278395168091,0
205.086208813011,1200,14.0278395168091,0
205.11267020428,1200,14.0278395168091,0
205.135351396797,1200,14.0278395168091,0
205.154792418954,1200,14.0278395168091,0
205.176933583078,1200,14.0278395168091,0
205.202149908885,1200,14.0278395168091,0
205.230868502166,1200,14.0278395168091,0
205.259587095447,1200,14.0278395168091,0
205.288305688727,1200,14.0278395168091,0
205.312921625825,1200,14.0278395168091,0
205.340956443075,1200,14.0278395168091,0
205.372884984943,1200,14.0278395168091,0
205.400252306545,1200,14.0278395168091,0
205.427619628146,1200,14.0278395168091,0
205.458787966637,1200,14.0278395168091,0
205.489956305127,1200,14.0278395168091,0
205.521124643617,1200,14.0278395168091,0
205.544500897485,1200,14.0278395168091,0
205.562033087886,1200,14.0278395168091,0
205.577060679658,1200,14.0278395168091,0
205.59208827143,1200,14.0278395168091,0
205.61129019425,1200,14.0278395168091,0
205.63582598452,1200,14.0278395168091,0
205.663769523439,1200,14.0278395168091,0
205.695594109429,1200,14.0278395168091,0
205.72741869542,1200,14.0278395168091,0
205.759243281411,1200,14.0278395168091,0
205.791067867401,1200,14.0278395168091,0
205.818346083965,1200,14.0278395168091,0
205.841727412448,1200,14.0278395168091,0
205.868356147664,1200,14.0278395168091,0
205.898683318328,1200,14.0278395168091,0
205.929010488991,1200,14.0278395168091,0
205.959337659654,1200,14.0278395168091,0
205.993876937354,1200,14.0278395168091,0
206.023482032526,1200,14.0278395168091,0
206.057198946471,1200,14.0278395168091,0
206.090915860416,1200,14.0278395168091,0
206.129315679076,1200,14.0278395168091,0
206.167715497736,1200,14.0278395168091,0
206.206115316396,1200,14.0278395168091,0
206.234915180391,1200,14.0278395168091,0
206.2596007781,1200,14.0278395168091,0
206.28428637581,1200,14.0278395168091,0
206.30897197352,1200,14.0278395168091,0
206.33365757123,1200,14.0278395168091,0
206.35834316894,1200,14.0278395168091,0
206.38302876665,1200,14.0278395168091,0
206.404187850401,1200,14.0278395168091,0
206.425346934153,1200,14.0278395168091,0
206.446506017904,1200,14.0278395168091,0
206.470603863287,1200,14.0278395168091,0
206.498048631641,1200,14.0278395168091,0
206.525493399994,1200,14.0278395168091,0
206.552938168348,1200,14.0278395168091,0
206.580382936701,1200,14.0278395168091,0
206.600966512966,1200,14.0278395168091,0
206.621550089231,1200,14.0278395168091,0
206.642133665496,1200,14.0278395168091,0
206.665576071798,1200,14.0278395168091,0
206.685669562914,1200,14.0278395168091,0
206.708553816685,1200,14.0278395168091,0
206.734616439035,1200,14.0278395168091,0
206.760679061385,1200,14.0278395168091,0
206.786741683735,1200,14.0278395168091,0
206.806288650498,1200,14.0278395168091,0
206.828550473755,1200,14.0278395168091,0
206.853904216909,1200,14.0278395168091,0
206.879257960063,1200,14.0278395168091,0
206.904611703218,1200,14.0278395168091,0
206.923627010583,1200,14.0278395168091,0
206.945283332861,1200,14.0278395168091,0
206.966939655139,1200,14.0278395168091,0
206.991603799955,1200,14.0278395168091,0
207.016267944771,1200,14.0278395168091,0
207.044357665256,1200,14.0278395168091,0
207.072447385741,1200,14.0278395168091,0
207.096524289014,1200,14.0278395168091,0
207.123945206631,1200,14.0278395168091,0
207.147448850302,1200,14.0278395168091,0
207.174216888927,1200,14.0278395168091,0
207.200984927553,1200,14.0278395168091,0
207.227752966178,1200,14.0278395168091,0
207.254521004804,1200,14.0278395168091,0
207.285006826572,1200,14.0278395168091,0
207.311137530944,1200,14.0278395168091,0
207.340897499813,1200,14.0278395168091,0
207.370657468682,1200,14.0278395168091,0
207.40041743755,1200,14.0278395168091,0
207.425925982295,1200,14.0278395168091,0
207.45143452704,1200,14.0278395168091,0
207.476943071784,1200,14.0278395168091,0
207.505994469966,1200,14.0278395168091,0
207.530895668407,1200,14.0278395168091,0
207.555796866848,1200,14.0278395168091,0
207.584156565073,1200,14.0278395168091,0
207.608464877837,1200,14.0278395168091,0
207.636149345151,1200,14.0278395168091,0
207.663833812466,1200,14.0278395168091,0
207.687563355878,1200,14.0278395168091,0
207.714588669209,1200,14.0278395168091,0
207.74536749828,1200,14.0278395168091,0
207.776146327352,1200,14.0278395168091,0
207.799230449155,1200,14.0278395168091,0
207.825520698987,1200,14.0278395168091,0
207.855462372406,1200,14.0278395168091,0
207.881126663909,1200,14.0278395168091,0
207.906790955411,1200,14.0278395168091,0
207.932455246913,1200,14.0278395168091,0
207.958119538416,1200,14.0278395168091,0
207.980117502561,1200,14.0278395168091,0
207.998972900399,1200,14.0278395168091,0
208.020447103493,1200,14.0278395168091,0
208.041921306587,1200,14.0278395168091,0
208.063395509681,1200,14.0278395168091,0
208.081801969475,1200,14.0278395168091,0
208.10020842927,1200,14.0278395168091,0
208.118614889065,1200,14.0278395168091,0
208.139577801609,1200,14.0278395168091,0
208.160540714153,1200,14.0278395168091,0
208.176262898561,1200,14.0278395168091,0
208.191985082969,1200,14.0278395168091,0
208.2098909041,1200,14.0278395168091,0
208.230283644833,1200,14.0278395168091,0
208.250676385566,1200,14.0278395168091,0
208.268155877623,1200,14.0278395168091,0
208.28806307691,1200,14.0278395168091,0
208.307970276196,1200,14.0278395168091,0
208.330642364273,1200,14.0278395168091,0
208.35331445235,1200,14.0278395168091,0
208.379135441548,1200,14.0278395168091,0
208.401267718004,1200,14.0278395168091,0
208.420238240681,1200,14.0278395168091,0
208.436498688689,1200,14.0278395168091,0
208.455017532254,1200,14.0278395168091,0
208.473536375819,1200,14.0278395168091,0
208.494627280991,1200,14.0278395168091,0
208.515718186162,1200,14.0278395168091,0
208.536809091333,1200,14.0278395168091,0
208.557899996505,1200,14.0278395168091,0
208.578990901676,1200,14.0278395168091,0
208.603011099232,1200,14.0278395168091,0
208.627031296789,1200,14.0278395168091,0
208.651051494345,1200,14.0278395168091,0
208.675071691901,1200,14.0278395168091,0
208.702428028007,1200,14.0278395168091,0
208.733583855238,1200,14.0278395168091,0
208.756950725662,1200,14.0278395168091,0
208.783562994756,1200,14.0278395168091,0
208.810175263849,1200,14.0278395168091,0
208.840483681428,1200,14.0278395168091,0
208.870792099007,1200,14.0278395168091,0
208.901100516586,1200,14.0278395168091,0
208.931408934165,1200,14.0278395168091,0
208.961717351743,1200,14.0278395168091,0
208.992025769322,1200,14.0278395168091,0
209.022334186901,1200,14.0278395168091,0
209.056852106921,1200,14.0278395168091,0
209.0961641825,1200,14.0278395168091,0
209.135476258079,1200,14.0278395168091,0
209.174788333658,1200,14.0278395168091,0
209.214100409236,1200,14.0278395168091,0
209.258872495312,1200,14.0278395168091,0
209.303644581388,1200,14.0278395168091,0
209.342020655167,1200,14.0278395168091,0
209.380396728946,1200,14.0278395168091,0
209.418772802725,1200,14.0278395168091,0
209.457148876505,1200,14.0278395168091,0
209.495524950284,1200,14.0278395168091,0
209.53923103431,1200,14.0278395168091,0
209.589007407785,1200,14.0278395168091,0
209.638783781259,1200,14.0278395168091,0
209.688560154733,1200,14.0278395168091,0
209.738336528208,1200,14.0278395168091,0
209.788112901682,1200,14.0278395168091,0
209.844802660361,1200,14.0278395168091,0
209.893393882087,1200,14.0278395168091,0
209.948733884607,1200,14.0278395168091,0
210.004073887127,1200,14.0278395168091,0
210.051508175001,1200,14.0278395168091,0
210.105530558414,1200,14.0278395168091,0
210.159552941826,1200,14.0278395168091,0
210.213575325239,1200,14.0278395168091,0
210.275100817459,1200,14.0278395168091,0
210.336626309679,1200,14.0278395168091,0
210.398151801899,1200,14.0278395168091,0
210.468222501371,1200,14.0278395168091,0
210.538293200844,1200,14.0278395168091,0
210.598353800392,1200,14.0278395168091,0
210.65841439994,1200,14.0278395168091,0
210.726816749425,1200,14.0278395168091,0
210.79521909891,1200,14.0278395168091,0
210.846520861024,1200,14.0278395168091,0
210.904947867876,1200,14.0278395168091,0
210.971489736791,1200,14.0278395168091,0
211.038031605705,1200,14.0278395168091,0
211.10457347462,1200,14.0278395168091,0
211.171115343535,1200,14.0278395168091,0
211.237657212449,1200,14.0278395168091,0
211.304199081364,1200,14.0278395168091,0
211.379982876517,1200,14.0278395168091,0
211.45576667167,1200,14.0278395168091,0
211.542075993927,1200,14.0278395168091,0
211.628385316185,1200,14.0278395168091,0
211.726682044311,1200,14.0278395168091,0
211.824978772438,1200,14.0278395168091,0
211.924978772438,1200,14.0278395168091,0
212.024978772438,1200,14.0278395168091,0
212.124978772438,1200,14.0278395168091,0
212.224978772438,1200,14.0278395168091,0
212.324978772438,1200,14.0278395168091,0
212.424978772438,1200,14.0278395168091,0
212.524978772438,1200,14.0278395168091,0
212.624978772438,1200,14.0278395168091,0
212.724978772438,1200,14.0278395168091,0
212.824978772438,1200,14.0278395168091,0
212.924978772438,1200,14.0278395168091,0
213.024978772438,1200,14.0278395168091,0
213.124978772438,1200,14.0278395168091,0
213.224978772438,1200,14.0278395168091,0
213.324978772438,1200,14.0278395168091,0
213.424978772438,1200,14.0278395168091,0
213.524978772438,1200,14.0278395168091,0
213.624978772438,1200,14.0278395168091,0
213.724978772438,1200,14.0278395168091,0
213.824978772438,1200,14.0278395168091,0
213.924978772438,1200,14.0278395168091,0
214.024978772438,1200,14.0278395168091,0
214.124978772438,1200,14.0278395168091,0
214.224978772438,1200,14.0278395168091,0
214.324978772438,1200,14.0278395168091,0
214.410693058152,1200,14.0278395168091,0
214.496407343866,1200,14.0278395168091,0
214.596407343866,1200,14.0278395168091,0
214.696407343866,1200,14.0278395168091,0
214.796407343866,1200,14.0278395168091,0
214.896407343866,1200,14.0278395168091,0
214.996407343866,1200,14.0278395168091,0
215.096407343866,1200,14.0278395168091,0
215.196407343866,1200,14.0278395168091,0
215.296407343866,1200,14.0278395168091,0
215.396407343866,1200,14.0278395168091,0
215.496407343866,1200,14.0278395168091,0
215.596407343866,1200,14.0278395168091,0
215.696407343866,1200,14.0278395168091,0
215.796407343866,1200,14.0278395168091,0
215.896407343866,1200,14.0278395168091,0
215.996407343866,1200,14.0278395168091,0
216.096407343866,1200,14.0278395168091,0
216.196407343866,1200,14.0278395168091,0
216.296407343866,1200,14.0278395168091,0
216.396407343866,1200,14.0278395168091,0
216.496407343866,1200,14.0278395168091,0
216.596407343866,1200,14.0278395168091,0
216.696407343866,1200,14.0278395168091,0
216.796407343866,1200,14.0278395168091,0
216.896407343866,1200,14.0278395168091,0
216.996407343866,1200,14.0278395168091,0
217.096407343866,1200,14.0278395168091,0
217.196407343866,1200,14.0278395168091,0
217.296407343866,1200,14.0278395168091,0
217.396407343866,1200,14.0278395168091,0
217.496407343866,1200,14.0278395168091,0
217.596407343866,1200,14.0278395168091,0
217.696407343866,1200,14.0278395168091,0
217.796407343866,1200,14.0278395168091,0
217.896407343866,1200,14.0278395168091,0
217.996407343866,1200,14.0278395168091,0
218.096407343866,1200,14.0278395168091,0
218.196407343866,1200,14.0278395168091,0
218.296407343866,1200,14.0278395168091,0
218.396407343866,1200,14.0278395168091,0
218.496407343866,1200,14.0278395168091,0
218.596407343866,1200,14.0278395168091,0
218.696407343866,1200,14.0278395168091,0
218.796407343866,1200,14.0278395168091,0
218.896407343866,1200,14.0278395168091,0
218.996407343866,1200,14.0278395168091,0
219.096407343866,1200,14.0278395168091,0
219.196407343866,1200,14.0278395168091,0
219.296407343866,1200,14.0278395168091,0
219.396407343866,1200,14.0278395168091,0
219.496407343866,1200,14.0278395168091,0
219.596407343866,1200,14.0278395168091,0
219.696407343866,1200,14.0278395168091,0
219.796407343866,1200,14.0278395168091,0
219.896407343866,1200,14.0278395168091,0
219.996407343866,1200,14.0278395168091,0
220.096407343866,1200,14.0278395168091,0
220.196407343866,1200,14.0278395168091,0
220.296407343866,1200,14.0278395168091,0
220.396407343866,1200,14.0278395168091,0
220.496407343866,1200,14.0278395168091,0
220.596407343866,1200,14.0278395168091,0
220.696407343866,1200,14.0278395168091,0
220.796407343866,1200,14.0278395168091,0
220.896407343866,1200,14.0278395168091,0
220.996407343866,1200,14.0278395168091,0
221.096407343866,1200,14.0278395168091,0
221.196407343866,1200,14.0278395168091,0
221.296407343866,1200,14.0278395168091,0
221.396407343866,1200,14.0278395168091,0
221.496407343866,1200,14.0278395168091,0
221.596407343866,1200,14.0278395168091,0
221.696407343866,1200,14.0278395168091,0
221.796407343866,1200,14.0278395168091,0
221.896407343866,1200,14.0278395168091,0
221.996407343866,1200,14.0278395168091,0
222.096407343866,1200,14.0278395168091,0
222.196407343866,1200,14.0278395168091,0
222.296407343866,1200,14.0278395168091,0
222.396407343866,1200,14.0278395168091,0
222.496407343866,1200,14.0278395168091,0
222.596407343866,1200,14.0278395168091,0
222.696407343866,1200,14.0278395168091,0
222.796407343866,1200,14.0278395168091,0
222.896407343866,1200,14.0278395168091,0
222.996407343866,1200,14.0278395168091,0
223.096407343866,1200,14.0278395168091,0
223.196407343866,1200,14.0278395168091,0
223.296407343866,1200,14.0278395168091,0
223.396407343866,1200,14.0278395168091,0
223.496407343866,1200,14.0278395168091,0
223.596407343866,1200,14.0278395168091,0
223.696407343866,1200,14.0278395168091,0
223.796407343866,1200,14.0278395168091,0
223.896407343866,1200,14.0278395168091,0
223.996407343866,1200,14.0278395168091,0
224.096407343866,1200,14.0278395168091,0
224.196407343866,1200,14.0278395168091,0
224.296407343866,1200,14.0278395168091,0
224.396407343866,1200,14.0278395168091,0
224.496407343866,1200,14.0278395168091,0
224.596407343866,1200,14.0278395168091,0
224.696407343866,1200,14.0278395168091,0
224.796407343866,1200,14.0278395168091,0
224.896407343866,1200,14.0278395168091,0
224.996407343866,1200,14.0278395168091,0
225.096407343866,1200,14.0278395168091,0
225.196407343866,1200,14.0278395168091,0
225.296407343866,1200,14.0278395168091,0
225.396407343866,1200,14.0278395168091,0
225.496407343866,1200,14.0278395168091,0
225.596407343866,1200,14.0278395168091,0
225.696407343866,1200,14.0278395168091,0
225.796407343866,1200,14.0278395168091,0
225.896407343866,1200,14.0278395168091,0
225.996407343866,1200,14.0278395168091,0
226.096407343866,1200,14.0278395168091,0
226.196407343866,1200,14.0278395168091,0
226.296407343866,1200,14.0278395168091,0
226.396407343866,1200,14.0278395168091,0
226.496407343866,1200,14.0278395168091,0
226.596407343866,1200,14.0278395168091,0
226.696407343866,1200,14.0278395168091,0
226.796407343866,1200,14.0278395168091,0
226.896407343866,1200,14.0278395168091,0
226.996407343866,1200,14.0278395168091,0
227.096407343866,1200,14.0278395168091,0
227.196407343866,1200,14.0278395168091,0
227.296407343866,1200,14.0278395168091,0
227.396407343866,1200,14.0278395168091,0
227.496407343866,1200,14.0278395168091,0
227.596407343866,1200,14.0278395168091,0
227.696407343866,1200,14.0278395168091,0
227.796407343866,1200,14.0278395168091,0
227.896407343866,1200,14.0278395168091,0
227.996407343866,1200,14.0278395168091,0
228.096407343866,1200,14.0278395168091,0
228.196407343866,1200,14.0278395168091,0
228.296407343866,1200,14.0278395168091,0
228.396407343866,1200,14.0278395168091,0
228.496407343866,1200,14.0278395168091,0
228.596407343866,1200,14.0278395168091,0
228.696407343866,1200,14.0278395168091,0
228.796407343866,1200,14.0278395168091,0
228.896407343866,1200,14.0278395168091,0
228.996407343866,1200,14.0278395168091,0
229.096407343866,1200,14.0278395168091,0
229.196407343866,1200,14.0278395168091,0
229.296407343866,1200,14.0278395168091,0
229.396407343866,1200,14.0278395168091,0
229.496407343866,1200,14.0278395168091,0
229.596407343866,1200,14.0278395168091,0
229.696407343866,1200,14.0278395168091,0
229.796407343866,1200,14.0278395168091,0
229.896407343866,1200,14.0278395168091,0
229.996407343866,1200,14.0278395168091,0
230.096407343866,1200,14.0278395168091,0
230.196407343866,1200,14.0278395168091,0
230.296407343866,1200,14.0278395168091,0
230.396407343866,1200,14.0278395168091,0
230.496407343866,1200,14.0278395168091,0
230.596407343866,1200,14.0278395168091,0
230.696407343866,1200,14.0278395168091,0
230.796407343866,1200,14.0278395168091,0
230.896407343866,1200,14.0278395168091,0
230.996407343866,1200,14.0278395168091,0
231.096407343866,1200,14.0278395168091,0
231.196407343866,1200,14.0278395168091,0
231.296407343866,1200,14.0278395168091,0
231.396407343866,1200,14.0278395168091,0
231.496407343866,1200,14.0278395168091,0
231.596407343866,1200,14.0278395168091,0
231.696407343866,1200,14.0278395168091,0
231.796407343866,1200,14.0278395168091,0
231.896407343866,1200,14.0278395168091,0
231.996407343866,1200,14.0278395168091,0
232.096407343866,1200,14.0278395168091,0
232.196407343866,1200,14.0278395168091,0
232.296407343866,1200,14.0278395168091,0
232.396407343866,1200,14.0278395168091,0
232.496407343866,1200,14.0278395168091,0
232.596407343866,1200,14.0278395168091,0
232.696407343866,1200,14.0278395168091,0
232.796407343866,1200,14.0278395168091,0
232.896407343866,1200,14.0278395168091,0
232.996407343866,1200,14.0278395168091,0
233.096407343866,1200,14.0278395168091,0
233.196407343866,1200,14.0278395168091,0
233.296407343866,1200,14.0278395168091,0
233.396407343866,1200,14.0278395168091,0
233.496407343866,1200,14.0278395168091,0
233.596407343866,1200,14.0278395168091,0
233.696407343866,1200,14.0278395168091,0
233.796407343866,1200,14.0278395168091,0
233.896407343866,1200,14.0278395168091,0
233.996407343866,1200,14.0278395168091,0
234.096407343866,1200,14.0278395168091,0
234.196407343866,1200,14.0278395168091,0
234.296407343866,1200,14.0278395168091,0
234.396407343866,1200,14.0278395168091,0
234.496407343866,1200,14.0278395168091,0
234.596407343866,1200,14.0278395168091,0
234.696407343866,1200,14.0278395168091,0
234.796407343866,1200,14.0278395168091,0
234.896407343866,1200,14.0278395168091,0
234.996407343866,1200,14.0278395168091,0
235.096407343866,1200,14.0278395168091,0
235.196407343866,1200,14.0278395168091,0
235.296407343866,1200,14.0278395168091,0
235.396407343866,1200,14.0278395168091,0
235.496407343866,1200,14.0278395168091,0
235.596407343866,1200,14.0278395168091,0
235.696407343866,1200,14.0278395168091,0
235.796407343866,1200,14.0278395168091,0
235.896407343866,1200,14.0278395168091,0
235.996407343866,1200,14.0278395168091,0
236.096407343866,1200,14.0278395168091,0
236.196407343866,1200,14.0278395168091,0
236.296407343866,1200,14.0278395168091,0
236.396407343866,1200,14.0278395168091,0
236.496407343866,1200,14.0278395168091,0
236.596407343866,1200,14.0278395168091,0
236.696407343866,1200,14.0278395168091,0
236.796407343866,1200,14.0278395168091,0
236.896407343866,1200,14.0278395168091,0
236.996407343866,1200,14.0278395168091,0
237.096407343866,1200,14.0278395168091,0
237.196407343866,1200,14.0278395168091,0
237.296407343866,1200,14.0278395168091,0
237.396407343866,1200,14.0278395168091,0
237.496407343866,1200,14.0278395168091,0
237.596407343866,1200,14.0278395168091,0
237.696407343866,1200,14.0278395168091,0
237.796407343866,1200,14.0278395168091,0
237.896407343866,1200,14.0278395168091,0
237.996407343866,1200,14.0278395168091,0
238.096407343866,1200,14.0278395168091,0
238.196407343866,1200,14.0278395168091,0
238.296407343866,1200,14.0278395168091,0
238.396407343866,1200,14.0278395168091,0
238.496407343866,1200,14.0278395168091,0
238.596407343866,1200,14.0278395168091,0
238.696407343866,1200,14.0278395168091,0
238.796407343866,1200,14.0278395168091,0
238.896407343866,1200,14.0278395168091,0
238.996407343866,1200,14.0278395168091,0
239.096407343866,1200,14.0278395168091,0
239.196407343866,1200,14.0278395168091,0
239.296407343866,1200,14.0278395168091,0
239.396407343866,1200,14.0278395168091,0
239.496407343866,1200,14.0278395168091,0
239.596407343866,1200,14.0278395168091,0
239.696407343866,1200,14.0278395168091,0
239.796407343866,1200,14.0278395168091,0
239.896407343866,1200,14.0278395168091,0
239.996407343866,1200,14.0278395168091,0
240.096407343866,1200,14.0278395168091,0
240.196407343866,1200,14.0278395168091,0
240.296407343866,1200,14.0278395168091,0
240.396407343866,1200,14.0278395168091,0
240.496407343866,1200,14.0278395168091,0
240.596407343866,1200,14.0278395168091,0
240.696407343866,1200,14.0278395168091,0
240.796407343866,1200,14.0278395168091,0
240.896407343866,1200,14.0278395168091,0
240.996407343866,1200,14.0278395168091,0
241.096407343866,1200,14.0278395168091,0
241.196407343866,1200,14.0278395168091,0
241.296407343866,1200,14.0278395168091,0
241.396407343866,1200,14.0278395168091,0
241.496407343866,1200,14.0278395168091,0
241.596407343866,1200,14.0278395168091,0
241.696407343866,1200,14.0278395168091,0
241.796407343866,1200,14.0278395168091,0
241.896407343866,1200,14.0278395168091,0
241.996407343866,1200,14.0278395168091,0
242.096407343866,1200,14.0278395168091,0
242.196407343866,1200,14.0278395168091,0
242.296407343866,1200,14.0278395168091,0
242.396407343866,1200,14.0278395168091,0
242.496407343866,1200,14.0278395168091,0
242.596407343866,1200,14.0278395168091,0
242.696407343866,1200,14.0278395168091,0
242.796407343866,1200,14.0278395168091,0
242.896407343866,1200,14.0278395168091,0
242.996407343866,1200,14.0278395168091,0
243.096407343866,1200,14.0278395168091,0
243.196407343866,1200,14.0278395168091,0
243.296407343866,1200,14.0278395168091,0
243.396407343866,1200,14.0278395168091,0
243.496407343866,1200,14.0278395168091,0
243.596407343866,1200,14.0278395168091,0
243.696407343866,1200,14.0278395168091,0
243.796407343866,1200,14.0278395168091,0
243.896407343866,1200,14.0278395168091,0
243.996407343866,1200,14.0278395168091,0
244.096407343866,1200,14.0278395168091,0
244.196407343866,1200,14.0278395168091,0
244.296407343866,1200,14.0278395168091,0
244.396407343866,1200,14.0278395168091,0
244.496407343866,1200,14.0278395168091,0
244.596407343866,1200,14.0278395168091,0
244.696407343866,1200,14.0278395168091,0
244.796407343866,1200,14.0278395168091,0
244.896407343866,1200,14.0278395168091,0
244.996407343866,1200,14.0278395168091,0
245.096407343866,1200,14.0278395168091,0
245.196407343866,1200,14.0278395168091,0
245.296407343866,1200,14.0278395168091,0
245.396407343866,1200,14.0278395168091,0
245.496407343866,1200,14.0278395168091,0
245.596407343866,1200,14.0278395168091,0
245.696407343866,1200,14.0278395168091,0
245.796407343866,1200,14.0278395168091,0
245.896407343866,1200,14.0278395168091,0
245.996407343866,1200,14.0278395168091,0
246.096407343866,1200,14.0278395168091,0
246.196407343866,1200,14.0278395168091,0
246.296407343866,1200,14.0278395168091,0
246.396407343866,1200,14.0278395168091,0
246.496407343866,1200,14.0278395168091,0
246.596407343866,1200,14.0278395168091,0
246.696407343866,1200,14.0278395168091,0
246.796407343866,1200,14.0278395168091,0
246.896407343866,1200,14.0278395168091,0
246.996407343866,1200,14.0278395168091,0
247.096407343866,1200,14.0278395168091,0
247.196407343866,1200,14.0278395168091,0
247.296407343866,1200,14.0278395168091,0
247.396407343866,1200,14.0278395168091,0
247.496407343866,1200,14.0278395168091,0
247.596407343866,1200,14.0278395168091,0
247.696407343866,1200,14.0278395168091,0
247.796407343866,1200,14.0278395168091,0
247.896407343866,1200,14.0278395168091,0
247.996407343866,1200,14.0278395168091,0
248.096407343866,1200,14.0278395168091,0
248.196407343866,1200,14.0278395168091,0
248.296407343866,1200,14.0278395168091,0
248.396407343866,1200,14.0278395168091,0
248.496407343866,1200,14.0278395168091,0
248.596407343866,1200,14.0278395168091,0
248.696407343866,1200,14.0278395168091,0
248.796407343866,1200,14.0278395168091,0
248.896407343866,1200,14.0278395168091,0
248.996407343866,1200,14.0278395168091,0
249.096407343866,1200,14.0278395168091,0
249.196407343866,1200,14.0278395168091,0
249.296407343866,1200,14.0278395168091,0
249.396407343866,1200,14.0278395168091,0
249.496407343866,1200,14.0278395168091,0
249.596407343866,1200,14.0278395168091,0
249.696407343866,1200,14.0278395168091,0
249.796407343866,1200,14.0278395168091,0
249.896407343866,1200,14.0278395168091,0
249.996407343866,1200,14.0278395168091,0
250.096407343866,1200,14.0278395168091,0
250.196407343866,1200,14.0278395168091,0
250.296407343866,1200,14.0278395168091,0
250.396407343866,1200,14.0278395168091,0
250.496407343866,1200,14.0278395168091,0
250.596407343866,1200,14.0278395168091,0
250.696407343866,1200,14.0278395168091,0
250.796407343866,1200,14.0278395168091,0
250.896407343866,1200,14.0278395168091,0
250.996407343866,1200,14.0278395168091,0
251.096407343866,1200,14.0278395168091,0
251.196407343866,1200,14.0278395168091,0
251.296407343866,1200,14.0278395168091,0
251.396407343866,1200,14.0278395168091,0
251.496407343866,1200,14.0278395168091,0
251.596407343866,1200,14.0278395168091,0
251.696407343866,1200,14.0278395168091,0
251.796407343866,1200,14.0278395168091,0
251.896407343866,1200,14.0278395168091,0
251.996407343866,1200,14.0278395168091,0
252.096407343866,1200,14.0278395168091,0
252.196407343866,1200,14.0278395168091,0
252.296407343866,1200,14.0278395168091,0
252.396407343866,1200,14.0278395168091,0
252.496407343866,1200,14.0278395168091,0
252.596407343866,1200,14.0278395168091,0
252.696407343866,1200,14.0278395168091,0
252.796407343866,1200,14.0278395168091,0
252.896407343866,1200,14.0278395168091,0
252.996407343866,1200,14.0278395168091,0
253.096407343866,1200,14.0278395168091,0
253.196407343866,1200,14.0278395168091,0
253.296407343866,1200,14.0278395168091,0
253.396407343866,1200,14.0278395168091,0
253.496407343866,1200,14.0278395168091,0
253.596407343866,1200,14.0278395168091,0
253.696407343866,1200,14.0278395168091,0
253.796407343866,1200,14.0278395168091,0
253.896407343866,1200,14.0278395168091,0
253.996407343866,1200,14.0278395168091,0
254.096407343866,1200,14.0278395168091,0
254.196407343866,1200,14.0278395168091,0
254.296407343866,1200,14.0278395168091,0
254.396407343866,1200,14.0278395168091,0
254.496407343866,1200,14.0278395168091,0
254.596407343866,1200,14.0278395168091,0
254.696407343866,1200,14.0278395168091,0
254.796407343866,1200,14.0278395168091,0
254.896407343866,1200,14.0278395168091,0
254.996407343866,1200,14.0278395168091,0
255.096407343866,1200,14.0278395168091,0
255.196407343866,1200,14.0278395168091,0
255.296407343866,1200,14.0278395168091,0
255.396407343866,1200,14.0278395168091,0
255.496407343866,1200,14.0278395168091,0
255.596407343866,1200,14.0278395168091,0
255.696407343866,1200,14.0278395168091,0
255.796407343866,1200,14.0278395168091,0
255.896407343866,1200,14.0278395168091,0
255.996407343866,1200,14.0278395168091,0
256.096407343866,1200,14.0278395168091,0
256.196407343866,1200,14.0278395168091,0
256.296407343866,1200,14.0278395168091,0
256.396407343866,1200,14.0278395168091,0
256.496407343866,1200,14.0278395168091,0
256.596407343866,1200,14.0278395168091,0
256.696407343866,1200,14.0278395168091,0
256.796407343866,1200,14.0278395168091,0
256.896407343866,1200,14.0278395168091,0
256.996407343866,1200,14.0278395168091,0
257.096407343866,1200,14.0278395168091,0
257.196407343866,1200,14.0278395168091,0
257.296407343866,1200,14.0278395168091,0
257.396407343866,1200,14.0278395168091,0
257.496407343866,1200,14.0278395168091,0
257.596407343866,1200,14.0278395168091,0
257.696407343866,1200,14.0278395168091,0
257.796407343866,1200,14.0278395168091,0
257.896407343866,1200,14.0278395168091,0
257.996407343866,1200,14.0278395168091,0
258.096407343866,1200,14.0278395168091,0
258.196407343866,1200,14.0278395168091,0
258.296407343866,1200,14.0278395168091,0
258.396407343866,1200,14.0278395168091,0
258.496407343866,1200,14.0278395168091,0
258.596407343866,1200,14.0278395168091,0
258.696407343866,1200,14.0278395168091,0
258.796407343866,1200,14.0278395168091,0
258.896407343866,1200,14.0278395168091,0
258.996407343866,1200,14.0278395168091,0
259.096407343866,1200,14.0278395168091,0
259.196407343866,1200,14.0278395168091,0
259.296407343866,1200,14.0278395168091,0
259.396407343866,1200,14.0278395168091,0
259.496407343866,1200,14.0278395168091,0
259.596407343866,1200,14.0278395168091,0
259.696407343866,1200,14.0278395168091,0
259.796407343866,1200,14.0278395168091,0
259.896407343866,1200,14.0278395168091,0
259.996407343866,1200,14.0278395168091,0
260.096407343866,1200,14.0278395168091,0
260.196407343866,1200,14.0278395168091,0
260.296407343866,1200,14.0278395168091,0
260.396407343866,1200,14.0278395168091,0
260.496407343866,1200,14.0278395168091,0
260.596407343866,1200,14.0278395168091,0
260.696407343866,1200,14.0278395168091,0
260.796407343866,1200,14.0278395168091,0
260.896407343866,1200,14.0278395168091,0
260.996407343866,1200,14.0278395168091,0
261.096407343866,1200,14.0278395168091,0
261.196407343866,1200,14.0278395168091,0
261.296407343866,1200,14.0278395168091,0
261.396407343866,1200,14.0278395168091,0
261.496407343866,1200,14.0278395168091,0
261.596407343866,1200,14.0278395168091,0
261.696407343866,1200,14.0278395168091,0
261.796407343866,1200,14.0278395168091,0
261.896407343866,1200,14.0278395168091,0
261.996407343866,1200,14.0278395168091,0
262.096407343866,1200,14.0278395168091,0
262.196407343866,1200,14.0278395168091,0
262.296407343866,1200,14.0278395168091,0
262.396407343866,1200,14.0278395168091,0
262.496407343866,1200,14.0278395168091,0
262.596407343866,1200,14.0278395168091,0
262.696407343866,1200,14.0278395168091,0
262.796407343866,1200,14.0278395168091,0
262.896407343866,1200,14.0278395168091,0
262.996407343866,1200,14.0278395168091,0
263.096407343866,1200,14.0278395168091,0
263.196407343866,1200,14.0278395168091,0
263.296407343866,1200,14.0278395168091,0
263.396407343866,1200,14.0278395168091,0
263.496407343866,1200,14.0278395168091,0
263.596407343866,1200,14.0278395168091,0
263.696407343866,1200,14.0278395168091,0
263.796407343866,1200,14.0278395168091,0
263.896407343866,1200,14.0278395168091,0
263.996407343866,1200,14.0278395168091,0
264.096407343866,1200,14.0278395168091,0
264.196407343866,1200,14.0278395168091,0
264.296407343866,1200,14.0278395168091,0
264.396407343866,1200,14.0278395168091,0
264.496407343866,1200,14.0278395168091,0
264.596407343866,1200,14.0278395168091,0
264.696407343866,1200,14.0278395168091,0
264.796407343866,1200,14.0278395168091,0
264.896407343866,1200,14.0278395168091,0
264.996407343866,1200,14.0278395168091,0
265.096407343866,1200,14.0278395168091,0
265.196407343866,1200,14.0278395168091,0
265.296407343866,1200,14.0278395168091,0
265.396407343866,1200,14.0278395168091,0
265.496407343866,1200,14.0278395168091,0
265.596407343866,1200,14.0278395168091,0
265.696407343866,1200,14.0278395168091,0
265.796407343866,1200,14.0278395168091,0
265.896407343866,1200,14.0278395168091,0
265.996407343866,1200,14.0278395168091,0
266.096407343866,1200,14.0278395168091,0
266.196407343866,1200,14.0278395168091,0
266.296407343866,1200,14.0278395168091,0
266.396407343866,1200,14.0278395168091,0
266.496407343866,1200,14.0278395168091,0
266.596407343866,1200,14.0278395168091,0
266.696407343866,1200,14.0278395168091,0
266.796407343866,1200,14.0278395168091,0
266.896407343866,1200,14.0278395168091,0
266.996407343866,1200,14.0278395168091,0
267.096407343866,1200,14.0278395168091,0
267.196407343866,1200,14.0278395168091,0
267.296407343866,1200,14.0278395168091,0
267.396407343866,1200,14.0278395168091,0
267.496407343866,1200,14.0278395168091,0
267.596407343866,1200,14.0278395168091,0
267.696407343866,1200,14.0278395168091,0
267.796407343866,1200,14.0278395168091,0
267.896407343866,1200,14.0278395168091,0
267.996407343866,1200,14.0278395168091,0
268.096407343866,1200,14.0278395168091,0
268.196407343866,1200,14.0278395168091,0
268.296407343866,1200,14.0278395168091,0
268.396407343866,1200,14.0278395168091,0
268.496407343866,1200,14.0278395168091,0
268.596407343866,1200,14.0278395168091,0
268.696407343866,1200,14.0278395168091,0
268.796407343866,1200,14.0278395168091,0
268.896407343866,1200,14.0278395168091,0
268.996407343866,1200,14.0278395168091,0
269.096407343866,1200,14.0278395168091,0
269.196407343866,1200,14.0278395168091,0
269.296407343866,1200,14.0278395168091,0
269.396407343866,1200,14.0278395168091,0
269.496407343866,1200,14.0278395168091,0
269.596407343866,1200,14.0278395168091,0
269.696407343866,1200,14.0278395168091,0
269.796407343866,1200,14.0278395168091,0
269.896407343866,1200,14.0278395168091,0
269.996407343866,1200,14.0278395168091,0
270.096407343866,1200,14.0278395168091,0
270.196407343866,1200,14.0278395168091,0
270.296407343866,1200,14.0278395168091,0
270.396407343866,1200,14.0278395168091,0
270.496407343866,1200,14.0278395168091,0
270.596407343866,1200,14.0278395168091,0
270.696407343866,1200,14.0278395168091,0
270.796407343866,1200,14.0278395168091,0
270.896407343866,1200,14.0278395168091,0
270.996407343866,1200,14.0278395168091,0
271.096407343866,1200,14.0278395168091,0
271.196407343866,1200,14.0278395168091,0
271.296407343866,1200,14.0278395168091,0
271.396407343866,1200,14.0278395168091,0
271.496407343866,1200,14.0278395168091,0
271.596407343866,1200,14.0278395168091,0
271.696407343866,1200,14.0278395168091,0
271.796407343866,1200,14.0278395168091,0
271.896407343866,1200,14.0278395168091,0
271.996407343866,1200,14.0278395168091,0
272.096407343866,1200,14.0278395168091,0
272.196407343866,1200,14.0278395168091,0
272.296407343866,1200,14.0278395168091,0
272.396407343866,1200,14.0278395168091,0
272.496407343866,1200,14.0278395168091,0
272.596407343866,1200,14.0278395168091,0
272.696407343866,1200,14.0278395168091,0
272.796407343866,1200,14.0278395168091,0
272.896407343866,1200,14.0278395168091,0
272.996407343866,1200,14.0278395168091,0
273.096407343866,1200,14.0278395168091,0
273.196407343866,1200,14.0278395168091,0
273.296407343866,1200,14.0278395168091,0
273.396407343866,1200,14.0278395168091,0
273.496407343866,1200,14.0278395168091,0
273.596407343866,1200,14.0278395168091,0
273.696407343866,1200,14.0278395168091,0
273.796407343866,1200,14.0278395168091,0
273.896407343866,1200,14.0278395168091,0
273.996407343866,1200,14.0278395168091,0
274.096407343866,1200,14.0278395168091,0
274.196407343866,1200,14.0278395168091,0
274.296407343866,1200,14.0278395168091,0
274.396407343866,1200,14.0278395168091,0
274.496407343866,1200,14.0278395168091,0
274.596407343866,1200,14.0278395168091,0
274.696407343866,1200,14.0278395168091,0
274.796407343866,1200,14.0278395168091,0
274.896407343866,1200,14.0278395168091,0
274.996407343866,1200,14.0278395168091,0
275.096407343866,1200,14.0278395168091,0
275.196407343866,1200,14.0278395168091,0
275.296407343866,1200,14.0278395168091,0
275.396407343866,1200,14.0278395168091,0
275.496407343866,1200,14.0278395168091,0
275.596407343866,1200,14.0278395168091,0
275.696407343866,1200,14.0278395168091,0
275.796407343866,1200,14.0278395168091,0
275.896407343866,1200,14.0278395168091,0
275.996407343866,1200,14.0278395168091,0
276.096407343866,1200,14.0278395168091,0
276.196407343866,1200,14.0278395168091,0
276.296407343866,1200,14.0278395168091,0
276.396407343866,1200,14.0278395168091,0
276.496407343866,1200,14.0278395168091,0
276.596407343866,1200,14.0278395168091,0
276.696407343866,1200,14.0278395168091,0
276.796407343866,1200,14.0278395168091,0
276.896407343866,1200,14.0278395168091,0
276.996407343866,1200,14.0278395168091,0
277.096407343866,1200,14.0278395168091,0
277.196407343866,1200,14.0278395168091,0
277.296407343866,1200,14.0278395168091,0
277.396407343866,1200,14.0278395168091,0
277.496407343866,1200,14.0278395168091,0
277.596407343866,1200,14.0278395168091,0
277.696407343866,1200,14.0278395168091,0
277.796407343866,1200,14.0278395168091,0
277.896407343866,1200,14.0278395168091,0
277.996407343866,1200,14.0278395168091,0
278.096407343866,1200,14.0278395168091,0
278.196407343866,1200,14.0278395168091,0
278.296407343866,1200,14.0278395168091,0
278.396407343866,1200,14.0278395168091,0
278.496407343866,1200,14.0278395168091,0
278.596407343866,1200,14.0278395168091,0
278.696407343866,1200,14.0278395168091,0
278.796407343866,1200,14.0278395168091,0
278.896407343866,1200,14.0278395168091,0
278.996407343866,1200,14.0278395168091,0
279.096407343866,1200,14.0278395168091,0
279.196407343866,1200,14.0278395168091,0
279.296407343866,1200,14.0278395168091,0
279.396407343866,1200,14.0278395168091,0
279.496407343866,1200,14.0278395168091,0
279.596407343866,1200,14.0278395168091,0
279.696407343866,1200,14.0278395168091,0
279.796407343866,1200,14.0278395168091,0
279.896407343866,1200,14.0278395168091,0
279.996407343866,1200,14.0278395168091,0
280.096407343866,1200,14.0278395168091,0
280.196407343866,1200,14.0278395168091,0
280.296407343866,1200,14.0278395168091,0
280.396407343866,1200,14.0278395168091,0
280.496407343866,1200,14.0278395168091,0
280.596407343866,1200,14.0278395168091,0
280.696407343866,1200,14.0278395168091,0
280.796407343866,1200,14.0278395168091,0
280.896407343866,1200,14.0278395168091,0
280.996407343866,1200,14.0278395168091,0
281.096407343866,1200,14.0278395168091,0
281.196407343866,1200,14.0278395168091,0
281.296407343866,1200,14.0278395168091,0
281.396407343866,1200,14.0278395168091,0
281.496407343866,1200,14.0278395168091,0
281.596407343866,1200,14.0278395168091,0
281.696407343866,1200,14.0278395168091,0
281.796407343866,1200,14.0278395168091,0
281.896407343866,1200,14.0278395168091,0
281.996407343866,1200,14.0278395168091,0
282.096407343866,1200,14.0278395168091,0
282.196407343866,1200,14.0278395168091,0
282.296407343866,1200,14.0278395168091,0
282.396407343866,1200,14.0278395168091,0
282.496407343866,1200,14.0278395168091,0
282.596407343866,1200,14.0278395168091,0
282.696407343866,1200,14.0278395168091,0
282.796407343866,1200,14.0278395168091,0
282.896407343866,1200,14.0278395168091,0
282.996407343866,1200,14.0278395168091,0
283.096407343866,1200,14.0278395168091,0
283.196407343866,1200,14.0278395168091,0
283.296407343866,1200,14.0278395168091,0
283.396407343866,1200,14.0278395168091,0
283.496407343866,1200,14.0278395168091,0
283.596407343866,1200,14.0278395168091,0
283.696407343866,1200,14.0278395168091,0
283.796407343866,1200,14.0278395168091,0
283.896407343866,1200,14.0278395168091,0
283.996407343866,1200,14.0278395168091,0
284.096407343866,1200,14.0278395168091,0
284.196407343866,1200,14.0278395168091,0
284.296407343866,1200,14.0278395168091,0
284.396407343866,1200,14.0278395168091,0
284.496407343866,1200,14.0278395168091,0
284.596407343866,1200,14.0278395168091,0
284.696407343866,1200,14.0278395168091,0
284.796407343866,1200,14.0278395168091,0
284.896407343866,1200,14.0278395168091,0
284.996407343866,1200,14.0278395168091,0
285.096407343866,1200,14.0278395168091,0
285.196407343866,1200,14.0278395168091,0
285.296407343866,1200,14.0278395168091,0
285.396407343866,1200,14.0278395168091,0
285.496407343866,1200,14.0278395168091,0
285.596407343866,1200,14.0278395168091,0
285.696407343866,1200,14.0278395168091,0
285.796407343866,1200,14.0278395168091,0
285.896407343866,1200,14.0278395168091,0
285.996407343866,1200,14.0278395168091,0
286.096407343866,1200,14.0278395168091,0
286.196407343866,1200,14.0278395168091,0
286.296407343866,1200,14.0278395168091,0
286.396407343866,1200,14.0278395168091,0
286.496407343866,1200,14.0278395168091,0
286.596407343866,1200,14.0278395168091,0
286.696407343866,1200,14.0278395168091,0
286.796407343866,1200,14.0278395168091,0
286.896407343866,1200,14.0278395168091,0
286.996407343866,1200,14.0278395168091,0
287.096407343866,1200,14.0278395168091,0
287.196407343866,1200,14.0278395168091,0
287.296407343866,1200,14.0278395168091,0
287.396407343866,1200,14.0278395168091,0
287.496407343866,1200,14.0278395168091,0
287.596407343866,1200,14.0278395168091,0
287.696407343866,1200,14.0278395168091,0
287.796407343866,1200,14.0278395168091,0
287.896407343866,1200,14.0278395168091,0
287.996407343866,1200,14.0278395168091,0
288.096407343866,1200,14.0278395168091,0
288.196407343866,1200,14.0278395168091,0
288.296407343866,1200,14.0278395168091,0
288.396407343866,1200,14.0278395168091,0
288.496407343866,1200,14.0278395168091,0
288.596407343866,1200,14.0278395168091,0
288.696407343866,1200,14.0278395168091,0
288.796407343866,1200,14.0278395168091,0
288.896407343866,1200,14.0278395168091,0
288.996407343866,1200,14.0278395168091,0
289.096407343866,1200,14.0278395168091,0
289.196407343866,1200,14.0278395168091,0
289.296407343866,1200,14.0278395168091,0
289.396407343866,1200,14.0278395168091,0
289.496407343866,1200,14.0278395168091,0
289.596407343866,1200,14.0278395168091,0
289.696407343866,1200,14.0278395168091,0
289.796407343866,1200,14.0278395168091,0
289.896407343866,1200,14.0278395168091,0
289.996407343866,1200,14.0278395168091,0
290.096407343866,1200,14.0278395168091,0
290.196407343866,1200,14.0278395168091,0
290.296407343866,1200,14.0278395168091,0
290.396407343866,1200,14.0278395168091,0
290.496407343866,1200,14.0278395168091,0
290.596407343866,1200,14.0278395168091,0
290.696407343866,1200,14.0278395168091,0
290.796407343866,1200,14.0278395168091,0
290.896407343866,1200,14.0278395168091,0
290.996407343866,1200,14.0278395168091,0
291.096407343866,1200,14.0278395168091,0
291.196407343866,1200,14.0278395168091,0
291.296407343866,1200,14.0278395168091,0
291.396407343866,1200,14.0278395168091,0
291.496407343866,1200,14.0278395168091,0
291.596407343866,1200,14.0278395168091,0
291.696407343866,1200,14.0278395168091,0
291.796407343866,1200,14.0278395168091,0
291.896407343866,1200,14.0278395168091,0
291.996407343866,1200,14.0278395168091,0
292.096407343866,1200,14.0278395168091,0
292.196407343866,1200,14.0278395168091,0
292.296407343866,1200,14.0278395168091,0
292.396407343866,1200,14.0278395168091,0
292.496407343866,1200,14.0278395168091,0
292.596407343866,1200,14.0278395168091,0
292.696407343866,1200,14.0278395168091,0
292.796407343866,1200,14.0278395168091,0
292.896407343866,1200,14.0278395168091,0
292.996407343866,1200,14.0278395168091,0
293.096407343866,1200,14.0278395168091,0
293.196407343866,1200,14.0278395168091,0
293.296407343866,1200,14.0278395168091,0
293.396407343866,1200,14.0278395168091,0
293.496407343866,1200,14.0278395168091,0
293.596407343866,1200,14.0278395168091,0
293.696407343866,1200,14.0278395168091,0
293.796407343866,1200,14.0278395168091,0
293.896407343866,1200,14.0278395168091,0
293.996407343866,1200,14.0278395168091,0
294.096407343866,1200,14.0278395168091,0
294.196407343866,1200,14.0278395168091,0
294.296407343866,1200,14.0278395168091,0
294.396407343866,1200,14.0278395168091,0
294.496407343866,1200,14.0278395168091,0
294.596407343866,1200,14.0278395168091,0
294.696407343866,1200,14.0278395168091,0
294.796407343866,1200,14.0278395168091,0
294.896407343866,1200,14.0278395168091,0
294.996407343866,1200,14.0278395168091,0
295.096407343866,1200,14.0278395168091,0
295.196407343866,1200,14.0278395168091,0
295.296407343866,1200,14.0278395168091,0
295.396407343866,1200,14.0278395168091,0
295.496407343866,1200,14.0278395168091,0
295.596407343866,1200,14.0278395168091,0
295.696407343866,1200,14.0278395168091,0
295.796407343866,1200,14.0278395168091,0
295.896407343866,1200,14.0278395168091,0
295.996407343866,1200,14.0278395168091,0
296.096407343866,1200,14.0278395168091,0
296.196407343866,1200,14.0278395168091,0
296.296407343866,1200,14.0278395168091,0
296.396407343866,1200,14.0278395168091,0
296.496407343866,1200,14.0278395168091,0
296.596407343866,1200,14.0278395168091,0
296.696407343866,1200,14.0278395168091,0
296.796407343866,1200,14.0278395168091,0
296.896407343866,1200,14.0278395168091,0
296.996407343866,1200,14.0278395168091,0
297.096407343866,1200,14.0278395168091,0
297.196407343866,1200,14.0278395168091,0
297.296407343866,1200,14.0278395168091,0
297.396407343866,1200,14.0278395168091,0
297.496407343866,1200,14.0278395168091,0
297.596407343866,1200,14.0278395168091,0
297.696407343866,1200,14.0278395168091,0
297.796407343866,1200,14.0278395168091,0
297.896407343866,1200,14.0278395168091,0
297.996407343866,1200,14.0278395168091,0
298.096407343866,1200,14.0278395168091,0
298.196407343866,1200,14.0278395168091,0
298.296407343866,1200,14.0278395168091,0
298.396407343866,1200,14.0278395168091,0
298.496407343866,1200,14.0278395168091,0
298.596407343866,1200,14.0278395168091,0
298.696407343866,1200,14.0278395168091,0
298.796407343866,1200,14.0278395168091,0
298.896407343866,1200,14.0278395168091,0
298.996407343866,1200,14.0278395168091,0
299.096407343866,1200,14.0278395168091,0
299.196407343866,1200,14.0278395168091,0
299.296407343866,1200,14.0278395168091,0
299.396407343866,1200,14.0278395168091,0
299.496407343866,1200,14.0278395168091,0
299.596407343866,1200,14.0278395168091,0
299.696407343866,1200,14.0278395168091,0
299.796407343866,1200,14.0278395168091,0
299.896407343866,1200,14.0278395168091,0
299.996407343866,1200,14.0278395168091,0
300.096407343866,1200,14.0278395168091,0
300.196407343866,1200,14.0278395168091,0
300.296407343866,1200,14.0278395168091,0
300.396407343866,1200,14.0278395168091,0
300.496407343866,1200,14.0278395168091,0
300.596407343866,1200,14.0278395168091,0
300.696407343866,1200,14.0278395168091,0
300.796407343866,1200,14.0278395168091,0
300.896407343866,1200,14.0278395168091,0
300.996407343866,1200,14.0278395168091,0
301.096407343866,1200,14.0278395168091,0
301.196407343866,1200,14.0278395168091,0
301.296407343866,1200,14.0278395168091,0
301.396407343866,1200,14.0278395168091,0
301.496407343866,1200,14.0278395168091,0
301.596407343866,1200,14.0278395168091,0
301.696407343866,1200,14.0278395168091,0
301.796407343866,1200,14.0278395168091,0
301.896407343866,1200,14.0278395168091,0
301.996407343866,1200,14.0278395168091,0
302.096407343866,1200,14.0278395168091,0
302.196407343866,1200,14.0278395168091,0
302.296407343866,1200,14.0278395168091,0
302.396407343866,1200,14.0278395168091,0
302.496407343866,1200,14.0278395168091,0
302.596407343866,1200,14.0278395168091,0
302.696407343866,1200,14.0278395168091,0
302.796407343866,1200,14.0278395168091,0
302.896407343866,1200,14.0278395168091,0
302.996407343866,1200,14.0278395168091,0
303.096407343866,1200,14.0278395168091,0
303.196407343866,1200,14.0278395168091,0
303.296407343866,1200,14.0278395168091,0
303.396407343866,1200,14.0278395168091,0
303.496407343866,1200,14.0278395168091,0
303.596407343866,1200,14.0278395168091,0
303.696407343866,1200,14.0278395168091,0
303.796407343866,1200,14.0278395168091,0
303.896407343866,1200,14.0278395168091,0
303.996407343866,1200,14.0278395168091,0
304.096407343866,1200,14.0278395168091,0
304.196407343866,1200,14.0278395168091,0
304.296407343866,1200,14.0278395168091,0
304.396407343866,1200,14.0278395168091,0
304.496407343866,1200,14.0278395168091,0
304.596407343866,1200,14.0278395168091,0
304.696407343866,1200,14.0278395168091,0
304.796407343866,1200,14.0278395168091,0
304.896407343866,1200,14.0278395168091,0
304.996407343866,1200,14.0278395168091,0
305.096407343866,1200,14.0278395168091,0
305.196407343866,1200,14.0278395168091,0
305.296407343866,1200,14.0278395168091,0
305.396407343866,1200,14.0278395168091,0
305.496407343866,1200,14.0278395168091,0
305.596407343866,1200,14.0278395168091,0
305.696407343866,1200,14.0278395168091,0
305.796407343866,1200,14.0278395168091,0
305.896407343866,1200,14.0278395168091,0
305.996407343866,1200,14.0278395168091,0
306.096407343866,1200,14.0278395168091,0
306.196407343866,1200,14.0278395168091,0
306.296407343866,1200,14.0278395168091,0
306.396407343866,1200,14.0278395168091,0
306.496407343866,1200,14.0278395168091,0
306.596407343866,1200,14.0278395168091,0
306.696407343866,1200,14.0278395168091,0
306.796407343866,1200,14.0278395168091,0
306.896407343866,1200,14.0278395168091,0
306.996407343866,1200,14.0278395168091,0
307.096407343866,1200,14.0278395168091,0
307.196407343866,1200,14.0278395168091,0
307.296407343866,1200,14.0278395168091,0
307.396407343866,1200,14.0278395168091,0
307.496407343866,1200,14.0278395168091,0
307.596407343866,1200,14.0278395168091,0
307.696407343866,1200,14.0278395168091,0
307.796407343866,1200,14.0278395168091,0
307.896407343866,1200,14.0278395168091,0
307.996407343866,1200,14.0278395168091,0
308.096407343866,1200,14.0278395168091,0
308.196407343866,1200,14.0278395168091,0
308.296407343866,1200,14.0278395168091,0
308.396407343866,1200,14.0278395168091,0
308.496407343866,1200,14.0278395168091,0
308.596407343866,1200,14.0278395168091,0
308.696407343866,1200,14.0278395168091,0
308.796407343866,1200,14.0278395168091,0
308.896407343866,1200,14.0278395168091,0
308.996407343866,1200,14.0278395168091,0
309.096407343866,1200,14.0278395168091,0
309.196407343866,1200,14.0278395168091,0
309.296407343866,1200,14.0278395168091,0
309.396407343866,1200,14.0278395168091,0
309.496407343866,1200,14.0278395168091,0
309.596407343866,1200,14.0278395168091,0
309.696407343866,1200,14.0278395168091,0
309.796407343866,1200,14.0278395168091,0
309.896407343866,1200,14.0278395168091,0
309.996407343866,1200,14.0278395168091,0
310.096407343866,1200,14.0278395168091,0
310.196407343866,1200,14.0278395168091,0
310.296407343866,1200,14.0278395168091,0
310.396407343866,1200,14.0278395168091,0
310.496407343866,1200,14.0278395168091,0
310.596407343866,1200,14.0278395168091,0
310.696407343866,1200,14.0278395168091,0
310.796407343866,1200,14.0278395168091,0
310.896407343866,1200,14.0278395168091,0
310.996407343866,1200,14.0278395168091,0
311.096407343866,1200,14.0278395168091,0
311.196407343866,1200,14.0278395168091,0
311.296407343866,1200,14.0278395168091,0
311.396407343866,1200,14.0278395168091,0
311.496407343866,1200,14.0278395168091,0
311.596407343866,1200,14.0278395168091,0
311.696407343866,1200,14.0278395168091,0
311.796407343866,1200,14.0278395168091,0
311.896407343866,1200,14.0278395168091,0
311.996407343866,1200,14.0278395168091,0
312.096407343866,1200,14.0278395168091,0
312.196407343866,1200,14.0278395168091,0
312.296407343866,1200,14.0278395168091,0
312.396407343866,1200,14.0278395168091,0
312.496407343866,1200,14.0278395168091,0
312.596407343866,1200,14.0278395168091,0
312.696407343866,1200,14.0278395168091,0
312.796407343866,1200,14.0278395168091,0
312.896407343866,1200,14.0278395168091,0
312.996407343866,1200,14.0278395168091,0
313.096407343866,1200,14.0278395168091,0
313.196407343866,1200,14.0278395168091,0
313.296407343866,1200,14.0278395168091,0
313.396407343866,1200,14.0278395168091,0
313.496407343866,1200,14.0278395168091,0
313.596407343866,1200,14.0278395168091,0
313.696407343866,1200,14.0278395168091,0
313.796407343866,1200,14.0278395168091,0
313.896407343866,1200,14.0278395168091,0
313.996407343866,1200,14.0278395168091,0
314.096407343866,1200,14.0278395168091,0
314.196407343866,1200,14.0278395168091,0
314.296407343866,1200,14.0278395168091,0
314.396407343866,1200,14.0278395168091,0
314.496407343866,1200,14.0278395168091,0
314.596407343866,1200,14.0278395168091,0
314.696407343866,1200,14.0278395168091,0
314.796407343866,1200,14.0278395168091,0
314.896407343866,1200,14.0278395168091,0
314.996407343866,1200,14.0278395168091,0
315.096407343866,1200,14.0278395168091,0
315.196407343866,1200,14.0278395168091,0
315.296407343866,1200,14.0278395168091,0
315.396407343866,1200,14.0278395168091,0
315.496407343866,1200,14.0278395168091,0
315.596407343866,1200,14.0278395168091,0
315.696407343866,1200,14.0278395168091,0
315.796407343866,1200,14.0278395168091,0
315.896407343866,1200,14.0278395168091,0
315.996407343866,1200,14.0278395168091,0
316.096407343866,1200,14.0278395168091,0
316.196407343866,1200,14.0278395168091,0
316.296407343866,1200,14.0278395168091,0
316.396407343866,1200,14.0278395168091,0
316.496407343866,1200,14.0278395168091,0
316.596407343866,1200,14.0278395168091,0
316.696407343866,1200,14.0278395168091,0
316.796407343866,1200,14.0278395168091,0
316.896407343866,1200,14.0278395168091,0
316.996407343866,1200,14.0278395168091,0
317.096407343866,1200,14.0278395168091,0
317.196407343866,1200,14.0278395168091,0
317.296407343866,1200,14.0278395168091,0
317.396407343866,1200,14.0278395168091,0
317.496407343866,1200,14.0278395168091,0
317.596407343866,1200,14.0278395168091,0
317.696407343866,1200,14.0278395168091,0
317.796407343866,1200,14.0278395168091,0
317.896407343866,1200,14.0278395168091,0
317.996407343866,1200,14.0278395168091,0
318.096407343866,1200,14.0278395168091,0
318.196407343866,1200,14.0278395168091,0
318.296407343866,1200,14.0278395168091,0
318.396407343866,1200,14.0278395168091,0
318.496407343866,1200,14.0278395168091,0
318.596407343866,1200,14.0278395168091,0
318.696407343866,1200,14.0278395168091,0
318.796407343866,1200,14.0278395168091,0
318.896407343866,1200,14.0278395168091,0
318.996407343866,1200,14.0278395168091,0
319.096407343866,1200,14.0278395168091,0
319.196407343866,1200,14.0278395168091,0
319.296407343866,1200,14.0278395168091,0
319.396407343866,1200,14.0278395168091,0
319.496407343866,1200,14.0278395168091,0
319.596407343866,1200,14.0278395168091,0
319.696407343866,1200,14.0278395168091,0
319.796407343866,1200,14.0278395168091,0
319.896407343866,1200,14.0278395168091,0
319.996407343866,1200,14.0278395168091,0
320.096407343866,1200,14.0278395168091,0
320.196407343866,1200,14.0278395168091,0
320.296407343866,1200,14.0278395168091,0
320.396407343866,1200,14.0278395168091,0
320.496407343866,1200,14.0278395168091,0
320.596407343866,1200,14.0278395168091,0
320.696407343866,1200,14.0278395168091,0
320.796407343866,1200,14.0278395168091,0
320.896407343866,1200,14.0278395168091,0
320.996407343866,1200,14.0278395168091,0
321.096407343866,1200,14.0278395168091,0
321.196407343866,1200,14.0278395168091,0
321.296407343866,1200,14.0278395168091,0
321.396407343866,1200,14.0278395168091,0
321.496407343866,1200,14.0278395168091,0
321.596407343866,1200,14.0278395168091,0
321.696407343866,1200,14.0278395168091,0
321.796407343866,1200,14.0278395168091,0
321.896407343866,1200,14.0278395168091,0
321.996407343866,1200,14.0278395168091,0
322.096407343866,1200,14.0278395168091,0
322.196407343866,1200,14.0278395168091,0
322.296407343866,1200,14.0278395168091,0
322.396407343866,1200,14.0278395168091,0
322.496407343866,1200,14.0278395168091,0
322.596407343866,1200,14.0278395168091,0
322.696407343866,1200,14.0278395168091,0
322.796407343866,1200,14.0278395168091,0
322.896407343866,1200,14.0278395168091,0
322.996407343866,1200,14.0278395168091,0
323.096407343866,1200,14.0278395168091,0
323.196407343866,1200,14.0278395168091,0
323.296407343866,1200,14.0278395168091,0
323.396407343866,1200,14.0278395168091,0
323.496407343866,1200,14.0278395168091,0
323.596407343866,1200,14.0278395168091,0
323.696407343866,1200,14.0278395168091,0
323.796407343866,1200,14.0278395168091,0
323.896407343866,1200,14.0278395168091,0
323.996407343866,1200,14.0278395168091,0
324.096407343866,1200,14.0278395168091,0
324.196407343866,1200,14.0278395168091,0
324.296407343866,1200,14.0278395168091,0
324.396407343866,1200,14.0278395168091,0
324.496407343866,1200,14.0278395168091,0
324.596407343866,1200,14.0278395168091,0
324.696407343866,1200,14.0278395168091,0
324.796407343866,1200,14.0278395168091,0
324.896407343866,1200,14.0278395168091,0
324.996407343866,1200,14.0278395168091,0
325.096407343866,1200,14.0278395168091,0
325.196407343866,1200,14.0278395168091,0
325.296407343866,1200,14.0278395168091,0
325.396407343866,1200,14.0278395168091,0
325.496407343866,1200,14.0278395168091,0
325.596407343866,1200,14.0278395168091,0
325.696407343866,1200,14.0278395168091,0
325.796407343866,1200,14.0278395168091,0
325.896407343866,1200,14.0278395168091,0
325.996407343866,1200,14.0278395168091,0
326.096407343866,1200,14.0278395168091,0
326.196407343866,1200,14.0278395168091,0
326.296407343866,1200,14.0278395168091,0
326.396407343866,1200,14.0278395168091,0
326.496407343866,1200,14.0278395168091,0
326.596407343866,1200,14.0278395168091,0
326.696407343866,1200,14.0278395168091,0
326.796407343866,1200,14.0278395168091,0
326.896407343866,1200,14.0278395168091,0
326.996407343866,1200,14.0278395168091,0
327.096407343866,1200,14.0278395168091,0
327.196407343866,1200,14.0278395168091,0
327.296407343866,1200,14.0278395168091,0
327.396407343866,1200,14.0278395168091,0
327.496407343866,1200,14.0278395168091,0
327.596407343866,1200,14.0278395168091,0
327.696407343866,1200,14.0278395168091,0
327.796407343866,1200,14.0278395168091,0
327.896407343866,1200,14.0278395168091,0
327.996407343866,1200,14.0278395168091,0
328.096407343866,1200,14.0278395168091,0
328.196407343866,1200,14.0278395168091,0
328.296407343866,1200,14.0278395168091,0
328.396407343866,1200,14.0278395168091,0
328.496407343866,1200,14.0278395168091,0
328.596407343866,1200,14.0278395168091,0
328.696407343866,1200,14.0278395168091,0
328.796407343866,1200,14.0278395168091,0
328.896407343866,1200,14.0278395168091,0
328.996407343866,1200,14.0278395168091,0
329.096407343866,1200,14.0278395168091,0
329.196407343866,1200,14.0278395168091,0
329.296407343866,1200,14.0278395168091,0
329.396407343866,1200,14.0278395168091,0
329.496407343866,1200,14.0278395168091,0
329.596407343866,1200,14.0278395168091,0
329.696407343866,1200,14.0278395168091,0
329.796407343866,1200,14.0278395168091,0
329.896407343866,1200,14.0278395168091,0
329.996407343866,1200,14.0278395168091,0
330.096407343866,1200,14.0278395168091,0
330.196407343866,1200,14.0278395168091,0
330.296407343866,1200,14.0278395168091,0
330.396407343866,1200,14.0278395168091,0
330.496407343866,1200,14.0278395168091,0
330.596407343866,1200,14.0278395168091,0
330.696407343866,1200,14.0278395168091,0
330.796407343866,1200,14.0278395168091,0
330.896407343866,1200,14.0278395168091,0
330.996407343866,1200,14.0278395168091,0
331.096407343866,1200,14.0278395168091,0
331.196407343866,1200,14.0278395168091,0
331.296407343866,1200,14.0278395168091,0
331.396407343866,1200,14.0278395168091,0
331.496407343866,1200,14.0278395168091,0
331.596407343866,1200,14.0278395168091,0
331.696407343866,1200,14.0278395168091,0
331.796407343866,1200,14.0278395168091,0
331.896407343866,1200,14.0278395168091,0
331.996407343866,1200,14.0278395168091,0
332.096407343866,1200,14.0278395168091,0
332.196407343866,1200,14.0278395168091,0
332.296407343866,1200,14.0278395168091,0
332.396407343866,1200,14.0278395168091,0
332.496407343866,1200,14.0278395168091,0
332.596407343866,1200,14.0278395168091,0
332.696407343866,1200,14.0278395168091,0
332.796407343866,1200,14.0278395168091,0
332.896407343866,1200,14.0278395168091,0
332.996407343866,1200,14.0278395168091,0
333.096407343866,1200,14.0278395168091,0
333.196407343866,1200,14.0278395168091,0
333.296407343866,1200,14.0278395168091,0
333.396407343866,1200,14.0278395168091,0
333.496407343866,1200,14.0278395168091,0
333.596407343866,1200,14.0278395168091,0
333.696407343866,1200,14.0278395168091,0
333.796407343866,1200,14.0278395168091,0
333.896407343866,1200,14.0278395168091,0
333.996407343866,1200,14.0278395168091,0
334.096407343866,1200,14.0278395168091,0
334.196407343866,1200,14.0278395168091,0
334.296407343866,1200,14.0278395168091,0
334.396407343866,1200,14.0278395168091,0
334.496407343866,1200,14.0278395168091,0
334.596407343866,1200,14.0278395168091,0
334.696407343866,1200,14.0278395168091,0
334.796407343866,1200,14.0278395168091,0
334.896407343866,1200,14.0278395168091,0
334.996407343866,1200,14.0278395168091,0
335.096407343866,1200,14.0278395168091,0
335.196407343866,1200,14.0278395168091,0
335.296407343866,1200,14.0278395168091,0
335.396407343866,1200,14.0278395168091,0
335.496407343866,1200,14.0278395168091,0
335.596407343866,1200,14.0278395168091,0
335.696407343866,1200,14.0278395168091,0
335.796407343866,1200,14.0278395168091,0
335.896407343866,1200,14.0278395168091,0
335.996407343866,1200,14.0278395168091,0
336.096407343866,1200,14.0278395168091,0
336.196407343866,1200,14.0278395168091,0
336.296407343866,1200,14.0278395168091,0
336.396407343866,1200,14.0278395168091,0
336.496407343866,1200,14.0278395168091,0
336.596407343866,1200,14.0278395168091,0
336.696407343866,1200,14.0278395168091,0
336.796407343866,1200,14.0278395168091,0
336.896407343866,1200,14.0278395168091,0
336.996407343866,1200,14.0278395168091,0
337.096407343866,1200,14.0278395168091,0
337.196407343866,1200,14.0278395168091,0
337.296407343866,1200,14.0278395168091,0
337.396407343866,1200,14.0278395168091,0
337.496407343866,1200,14.0278395168091,0
337.596407343866,1200,14.0278395168091,0
337.696407343866,1200,14.0278395168091,0
337.796407343866,1200,14.0278395168091,0
337.896407343866,1200,14.0278395168091,0
337.996407343866,1200,14.0278395168091,0
338.096407343866,1200,14.0278395168091,0
338.196407343866,1200,14.0278395168091,0
338.296407343866,1200,14.0278395168091,0
338.396407343866,1200,14.0278395168091,0
338.496407343866,1200,14.0278395168091,0
338.596407343866,1200,14.0278395168091,0
338.696407343866,1200,14.0278395168091,0
338.796407343866,1200,14.0278395168091,0
338.896407343866,1200,14.0278395168091,0
338.996407343866,1200,14.0278395168091,0
339.096407343866,1200,14.0278395168091,0
339.196407343866,1200,14.0278395168091,0
339.296407343866,1200,14.0278395168091,0
339.396407343866,1200,14.0278395168091,0
339.496407343866,1200,14.0278395168091,0
339.596407343866,1200,14.0278395168091,0
339.696407343866,1200,14.0278395168091,0
339.796407343866,1200,14.0278395168091,0
339.896407343866,1200,14.0278395168091,0
339.996407343866,1200,14.0278395168091,0
340.096407343866,1200,14.0278395168091,0
340.196407343866,1200,14.0278395168091,0
340.296407343866,1200,14.0278395168091,0
340.396407343866,1200,14.0278395168091,0
340.496407343866,1200,14.0278395168091,0
340.596407343866,1200,14.0278395168091,0
340.696407343866,1200,14.0278395168091,0
340.796407343866,1200,14.0278395168091,0
340.896407343866,1200,14.0278395168091,0
340.996407343866,1200,14.0278395168091,0
341.096407343866,1200,14.0278395168091,0
341.196407343866,1200,14.0278395168091,0
341.296407343866,1200,14.0278395168091,0
341.396407343866,1200,14.0278395168091,0
341.496407343866,1200,14.0278395168091,0
341.596407343866,1200,14.0278395168091,0
341.696407343866,1200,14.0278395168091,0
341.796407343866,1200,14.0278395168091,0
341.896407343866,1200,14.0278395168091,0
341.996407343866,1200,14.0278395168091,0
342.096407343866,1200,14.0278395168091,0
342.196407343866,1200,14.0278395168091,0
342.296407343866,1200,14.0278395168091,0
342.396407343866,1200,14.0278395168091,0
342.496407343866,1200,14.0278395168091,0
342.596407343866,1200,14.0278395168091,0
342.696407343866,1200,14.0278395168091,0
342.796407343866,1200,14.0278395168091,0
342.896407343866,1200,14.0278395168091,0
342.996407343866,1200,14.0278395168091,0
343.096407343866,1200,14.0278395168091,0
343.196407343866,1200,14.0278395168091,0
343.296407343866,1200,14.0278395168091,0
343.396407343866,1200,14.0278395168091,0
343.496407343866,1200,14.0278395168091,0
343.596407343866,1200,14.0278395168091,0
343.696407343866,1200,14.0278395168091,0
343.796407343866,1200,14.0278395168091,0
343.896407343866,1200,14.0278395168091,0
343.996407343866,1200,14.0278395168091,0
344.096407343866,1200,14.0278395168091,0
344.196407343866,1200,14.0278395168091,0
344.296407343866,1200,14.0278395168091,0
344.396407343866,1200,14.0278395168091,0
344.496407343866,1200,14.0278395168091,0
344.596407343866,1200,14.0278395168091,0
344.696407343866,1200,14.0278395168091,0
344.796407343866,1200,14.0278395168091,0
344.896407343866,1200,14.0278395168091,0
344.996407343866,1200,14.0278395168091,0
345.096407343866,1200,14.0278395168091,0
345.196407343866,1200,14.0278395168091,0
345.296407343866,1200,14.0278395168091,0
345.396407343866,1200,14.0278395168091,0
345.496407343866,1200,14.0278395168091,0
345.596407343866,1200,14.0278395168091,0
345.696407343866,1200,14.0278395168091,0
345.796407343866,1200,14.0278395168091,0
345.896407343866,1200,14.0278395168091,0
345.996407343866,1200,14.0278395168091,0
346.096407343866,1200,14.0278395168091,0
346.196407343866,1200,14.0278395168091,0
346.296407343866,1200,14.0278395168091,0
346.396407343866,1200,14.0278395168091,0
346.496407343866,1200,14.0278395168091,0
346.596407343866,1200,14.0278395168091,0
346.696407343866,1200,14.0278395168091,0
346.796407343866,1200,14.0278395168091,0
346.896407343866,1200,14.0278395168091,0
346.996407343866,1200,14.0278395168091,0
347.096407343866,1200,14.0278395168091,0
347.196407343866,1200,14.0278395168091,0
347.296407343866,1200,14.0278395168091,0
347.396407343866,1200,14.0278395168091,0
347.496407343866,1200,14.0278395168091,0
347.596407343866,1200,14.0278395168091,0
347.696407343866,1200,14.0278395168091,0
347.796407343866,1200,14.0278395168091,0
347.896407343866,1200,14.0278395168091,0
347.996407343866,1200,14.0278395168091,0
348.096407343866,1200,14.0278395168091,0
348.196407343866,1200,14.0278395168091,0
348.296407343866,1200,14.0278395168091,0
348.396407343866,1200,14.0278395168091,0
348.496407343866,1200,14.0278395168091,0
348.596407343866,1200,14.0278395168091,0
348.696407343866,1200,14.0278395168091,0
348.796407343866,1200,14.0278395168091,0
348.896407343866,1200,14.0278395168091,0
348.996407343866,1200,14.0278395168091,0
349.096407343866,1200,14.0278395168091,0
349.196407343866,1200,14.0278395168091,0
349.296407343866,1200,14.0278395168091,0
349.396407343866,1200,14.0278395168091,0
349.496407343866,1200,14.0278395168091,0
349.596407343866,1200,14.0278395168091,0
349.696407343866,1200,14.0278395168091,0
349.796407343866,1200,14.0278395168091,0
349.896407343866,1200,14.0278395168091,0
349.996407343866,1200,14.0278395168091,0
350.096407343866,1200,14.0278395168091,0
350.196407343866,1200,14.0278395168091,0
350.296407343866,1200,14.0278395168091,0
350.396407343866,1200,14.0278395168091,0
350.496407343866,1200,14.0278395168091,0
350.596407343866,1200,14.0278395168091,0
350.696407343866,1200,14.0278395168091,0
350.796407343866,1200,14.0278395168091,0
350.896407343866,1200,14.0278395168091,0
350.996407343866,1200,14.0278395168091,0
351.096407343866,1200,14.0278395168091,0
351.196407343866,1200,14.0278395168091,0
351.296407343866,1200,14.0278395168091,0
351.396407343866,1200,14.0278395168091,0
351.496407343866,1200,14.0278395168091,0
351.596407343866,1200,14.0278395168091,0
351.696407343866,1200,14.0278395168091,0
351.796407343866,1200,14.0278395168091,0
351.896407343866,1200,14.0278395168091,0
351.996407343866,1200,14.0278395168091,0
352.096407343866,1200,14.0278395168091,0
352.196407343866,1200,14.0278395168091,0
352.296407343866,1200,14.0278395168091,0
352.396407343866,1200,14.0278395168091,0
352.496407343866,1200,14.0278395168091,0
352.596407343866,1200,14.0278395168091,0
352.696407343866,1200,14.0278395168091,0
352.796407343866,1200,14.0278395168091,0
352.896407343866,1200,14.0278395168091,0
352.996407343866,1200,14.0278395168091,0
353.096407343866,1200,14.0278395168091,0
353.196407343866,1200,14.0278395168091,0
353.296407343866,1200,14.0278395168091,0
353.396407343866,1200,14.0278395168091,0
353.496407343866,1200,14.0278395168091,0
353.596407343866,1200,14.0278395168091,0
353.696407343866,1200,14.0278395168091,0
353.796407343866,1200,14.0278395168091,0
353.896407343866,1200,14.0278395168091,0
353.996407343866,1200,14.0278395168091,0
354.096407343866,1200,14.0278395168091,0
354.196407343866,1200,14.0278395168091,0
354.296407343866,1200,14.0278395168091,0
354.396407343866,1200,14.0278395168091,0
354.496407343866,1200,14.0278395168091,0
354.596407343866,1200,14.0278395168091,0
354.696407343866,1200,14.0278395168091,0
354.796407343866,1200,14.0278395168091,0
354.896407343866,1200,14.0278395168091,0
354.996407343866,1200,14.0278395168091,0
355.096407343866,1200,14.0278395168091,0
355.196407343866,1200,14.0278395168091,0
355.296407343866,1200,14.0278395168091,0
355.396407343866,1200,14.0278395168091,0
355.496407343866,1200,14.0278395168091,0
355.596407343866,1200,14.0278395168091,0
355.696407343866,1200,14.0278395168091,0
355.796407343866,1200,14.0278395168091,0
355.896407343866,1200,14.0278395168091,0
355.996407343866,1200,14.0278395168091,0
356.096407343866,1200,14.0278395168091,0
356.196407343866,1200,14.0278395168091,0
356.296407343866,1200,14.0278395168091,0
356.396407343866,1200,14.0278395168091,0
356.496407343866,1200,14.0278395168091,0
356.596407343866,1200,14.0278395168091,0
356.696407343866,1200,14.0278395168091,0
356.796407343866,1200,14.0278395168091,0
356.896407343866,1200,14.0278395168091,0
356.996407343866,1200,14.0278395168091,0
357.096407343866,1200,14.0278395168091,0
357.196407343866,1200,14.0278395168091,0
357.296407343866,1200,14.0278395168091,0
357.396407343866,1200,14.0278395168091,0
357.496407343866,1200,14.0278395168091,0
357.596407343866,1200,14.0278395168091,0
357.696407343866,1200,14.0278395168091,0
357.796407343866,1200,14.0278395168091,0
357.896407343866,1200,14.0278395168091,0
357.996407343866,1200,14.0278395168091,0
358.096407343866,1200,14.0278395168091,0
358.196407343866,1200,14.0278395168091,0
358.296407343866,1200,14.0278395168091,0
358.396407343866,1200,14.0278395168091,0
358.496407343866,1200,14.0278395168091,0
358.596407343866,1200,14.0278395168091,0
358.696407343866,1200,14.0278395168091,0
358.796407343866,1200,14.0278395168091,0
358.896407343866,1200,14.0278395168091,0
358.996407343866,1200,14.0278395168091,0
359.096407343866,1200,14.0278395168091,0
359.196407343866,1200,14.0278395168091,0
359.296407343866,1200,14.0278395168091,0
359.396407343866,1200,14.0278395168091,0
359.496407343866,1200,14.0278395168091,0
359.596407343866,1200,14.0278395168091,0
359.696407343866,1200,14.0278395168091,0
359.796407343866,1200,14.0278395168091,0
359.896407343866,1200,14.0278395168091,0
359.996407343866,1200,14.0278395168091,0
360,1200,14.0278395168091,0
