FLOODMAR_RESTART_V1 12908 1231210
0 1 106025.13328440599 5.1330986921312697e-06 2.9118513565099e-06
1 1 107768.753970174 3.8541424238481497e-06 3.15890344893832e-06
2 1 105696.62604108801 4.8756720326493896e-06 3.09451215379895e-06
3 3 95775.609931060404 0.55680431431511201 1.09689085935888e-06
4 3 95050.825401927199 0.64114939682593997 1.06220644213119e-06
5 3 91982.964319051694 0.79463878179292802 1.0392635225223e-06
6 3 95598.633081607695 0.580913513207163 9.5787983847663401e-07
7 3 91952.228809188193 0.79530846131521404 1.0507108897838599e-06
8 3 91125.900764568796 0.81125389481205401 1.30130744796443e-06
9 3 91385.515952869406 0.80682290484274999 1.4040011435206401e-06
10 1 105937.794986048 4.7484697868658098e-06 3.1064438893287499e-06
11 3 95655.823572402704 0.57351286776918697 9.6756895910413297e-07
12 3 95865.400408599395 0.54434083349562101 1.04577883824901e-06
13 3 95685.315013054496 0.56897214199271395 1.11001688226741e-06
14 3 96030.801490310798 0.51932458514862001 1.18271863112386e-06
15 3 92931.151849612899 0.76897496889053796 4.2959149479474602e-07
16 3 95720.506054571801 0.56425915526596204 1.12109603328451e-06
17 3 92000.560728737502 0.79421133703773195 1.0488353552552401e-06
18 3 92336.083464122406 0.78627163112656395 7.3455604357017104e-07
19 3 91862.594571610505 0.79728871940852097 1.05995218774663e-06
20 3 89533.399269285495 0.83139934185852904 2.6137742696703499e-06
21 3 91978.940575975299 0.794967674165035 9.56068152264854e-07
22 1 102243.14587588501 8.49909487144907e-06 2.7193558731346e-06
23 3 88408.3108316586 0.84049032166522197 2.9877026603534098e-06
24 3 95058.274727574695 0.64042117060112702 1.0650403974749799e-06
25 3 92072.196080296795 0.79255476376315503 1.0235046864482201e-06
26 3 95760.359751073993 0.55885615785252896 1.1193671223891301e-06
27 3 95715.950272241404 0.565563736478219 9.762784875120461e-07
28 1 105727.416597213 4.9657618615870502e-06 3.08239729722028e-06
29 3 91737.766699229993 0.79998963063416695 1.1992082817950399e-06
30 3 91186.111756524901 0.81025315008199195 1.36044027160702e-06
31 3 95485.722325091105 0.59439786843662401 1.0167312189187501e-06
32 3 88541.817052856495 0.83956836194196205 3.0155438588200899e-06
33 1 107978.90810068 3.7922680072784e-06 3.15194573157453e-06
34 3 92316.591384319996 0.78642160402293204 1.0426869780285001e-06
35 3 89690.648462987301 0.82985783239165201 2.5138210256636498e-06
36 3 90053.0990608336 0.82598139564244 2.2253367916504301e-06
37 3 89708.552518810306 0.82967683201422804 2.5019900850030699e-06
38 3 95348.357118628497 0.61041874069231405 9.971706458441671e-07
39 1 106361.21027566001 4.4402147600016403e-06 3.1027688147087302e-06
40 3 94906.172721038005 0.65490931843063305 9.842503652793181e-07
41 1 105693.67602087199 4.7666683553884198e-06 3.1091540621523298e-06
42 3 92491.991403443302 0.781867774154961 8.7923608231705397e-07
43 3 91163.095121299702 0.810636790778128 1.27559942777475e-06
44 3 92491.070831694902 0.78187378342912695 8.9394471770428697e-07
45 3 96140.149375437395 0.50189406487175303 1.2891503622443201e-06
46 3 90854.758726036904 0.81555780610537898 1.8238964903587699e-06
47 3 96102.626806300803 0.50786946351128204 1.321600830854e-06
48 3 91602.545987259204 0.80269128635931297 1.22853345437556e-06
49 3 91168.023051888202 0.81055425051974495 1.27314618045719e-06
50 3 92297.226577624198 0.78693195542969696 1.0424870456805701e-06
51 3 91463.440138902806 0.80532969574608904 1.14220676746461e-06
52 3 91251.409645514199 0.80913677884449098 1.2297245971647299e-06
53 3 91968.224512467597 0.79494725952036605 1.0491631646857899e-06
54 3 97962.974843537901 0.133385692063689 2.3053188217880199e-06
55 3 96011.881221617499 0.52219957425737695 1.2067440891465801e-06
56 3 95461.527565749799 0.59705582004049396 1.0892425435024499e-06
57 1 101091.78790232301 9.1361107534379304e-06 2.3264174231353398e-06
58 3 91789.989089717696 0.79902966611984505 1.09927279842984e-06
59 3 95591.956503093505 0.58106094482788495 1.1010885964297399e-06
60 3 95844.176382489502 0.54714998981124696 1.11881448410672e-06
61 3 94862.225044571707 0.65856845033783995 1.0442550062461299e-06
62 3 92979.152883506598 0.76736860653306405 4.3048083991984898e-07
63 3 95739.867072170498 0.56238396220218201 9.7608204750161509e-07
64 3 91739.298200773294 0.79990354380587003 1.0800015565276299e-06
65 3 96041.233121114201 0.51770988032434295 1.18283354026983e-06
66 3 91675.685408344303 0.80124192195939703 1.2030128849676101e-06
67 1 104062.087902699 7.2152893925503002e-06 2.5550657286639202e-06
68 3 90953.207420441904 0.81401530752846096 1.4212712851890601e-06
69 3 92630.911952289403 0.777523662921355 1.0354168350703999e-06
70 1 106178.69856504 4.6448213878027803e-06 3.0772799255943301e-06
71 3 92102.237013058504 0.79182832614731902 1.0444887221564401e-06
72 3 97538.611884228507 0.218733641752904 2.25402146340014e-06
73 1 105680.660122291 5.4022221095914299e-06 2.9106220995881902e-06
74 3 95825.389005777703 0.54982753023664899 1.1110889626746201e-06
75 3 90621.542030127603 0.818863694207004 1.7135033807388901e-06
76 3 96094.616940235894 0.50915270606909602 1.31357083380222e-06
77 3 90858.251381821901 0.81546225153920004 1.49347471476511e-06
78 3 88667.823851872701 0.83866046549179496 2.9361752593988599e-06
79 3 97032.865931023203 0.32985906492581002 1.8289969424482201e-06
80 1 100004.320638994 9.8615498940823895e-06 2.51480724697925e-06
81 3 95505.936569197904 0.59181015254893099 1.05899082967777e-06
82 3 94815.435623700003 0.66261324643743902 1.0477745133438701e-06
83 3 96311.726283608994 0.47286231928497602 1.6259792565872999e-06
84 3 92308.983788814206 0.78674556160084497 9.4849831046528495e-07
85 3 90353.739192777794 0.82240987758002004 2.1632406305057499e-06
86 3 92012.2598696473 0.79394241582632996 1.0480922885101101e-06
87 3 96037.123588420101 0.51829286103599903 1.21465020619431e-06
88 1 106047.307748545 4.6157842412450304e-06 3.12297229265349e-06
89 3 95438.922146290104 0.59980993428340801 1.0548162358388099e-06
90 3 91151.639141683598 0.81082737965972795 1.2868797040534399e-06
91 3 94830.617406054502 0.66129938722344805 1.0500972765888101e-06
92 3 91105.552913677602 0.81158854196585895 1.3128338413616001e-06
93 3 93163.027098750594 0.75956507241859095 9.4457847912204304e-07
94 1 102637.854937066 8.0868234050316497e-06 2.7635254794488301e-06
95 3 92982.405306070999 0.76600493488043198 1.0332014025183701e-06
96 3 95028.625953411494 0.64327498921190396 1.06405922062964e-06
97 3 95946.0723145706 0.53228435129759899 1.12769014299279e-06
98 3 93039.291922636097 0.76398405425285498 1.02463555972645e-06
99 3 88026.211347534001 0.84294540066332801 3.09275267770835e-06
100 1 101444.749886244 8.6931145062587395e-06 2.4187247367978502e-06
101 3 94741.644299538399 0.66881189359180404 1.05014484550014e-06
102 1 104310.211213271 6.1368224546180704e-06 2.9174347802088201e-06
103 3 95997.274202320099 0.52445116711444295 1.1942008218935499e-06
104 3 96029.447440418793 0.51948087982158997 1.2161831217145301e-06
105 3 91937.756158297096 0.79565330969470904 1.0481049974171701e-06
106 3 90654.497080198998 0.81840778228284305 1.67228264373706e-06
107 3 91871.9901069974 0.79722793030125205 1.05880814217678e-06
108 3 92275.064407813101 0.78751851127882899 1.0349848552429799e-06
109 3 90001.824529536098 0.82655838899584799 2.2698720539792499e-06
110 3 95924.449537208202 0.53711576908325698 1.0891564852441499e-06
111 1 105535.65681155201 4.8476208976837198e-06 3.10562714867722e-06
112 3 93371.687855022101 0.75093097829139999 1.03240848902307e-06
113 3 91152.497582675496 0.81081308155017395 1.28725405776651e-06
114 3 96591.202347936502 0.42197403442529702 1.5715054947147299e-06
115 3 92692.0893422105 0.775646426297528 1.0339296470917199e-06
116 3 95503.652701386804 0.59210507742868401 1.05233742866132e-06
117 3 95694.245380285996 0.56778099724671105 1.11396344067229e-06
118 3 98218.718653513293 0.090616149441948596 2.2801473474142998e-06
119 3 97260.018252640206 0.28012747065624999 1.87496566001914e-06
120 3 89347.171611053403 0.83313092705195801 2.7070824432174899e-06
121 1 101800.212054384 8.7222209368233599e-06 2.6782627281217298e-06
122 3 92491.648886850104 0.78161073772279499 1.04127209866589e-06
123 1 102419.41935264 8.3568754133641903e-06 2.7367212366562701e-06
124 3 91345.014061404407 0.80750283555117597 1.33265727138143e-06
125 3 93316.598373076398 0.75621228586831601 1.57875958114008e-07
126 3 89015.426751028601 0.83597462818424395 2.8346801810248301e-06
127 3 91156.566292946707 0.81074416963127605 1.30354853168416e-06
128 3 96550.305650815193 0.42900504032850301 1.7926705176016201e-06
129 3 95996.784225139505 0.52448892260789104 1.22292335782773e-06
130 3 96305.831750913698 0.47378767604614302 1.74853089940709e-06
131 3 95892.168783857793 0.540426541675187 1.05774788153129e-06
132 3 95200.877298970096 0.62609227380449595 1.06736192629501e-06
133 3 93239.777307474098 0.75636144648244596 1.0248274938815e-06
134 3 90616.022332313602 0.818940796197837 1.70629427680935e-06
135 3 91215.739333990001 0.80974754450156805 1.2785999041800301e-06
136 3 96151.590225425505 0.50000863693850295 1.31373303323335e-06
137 3 95015.798373151396 0.64499944691133104 9.4998818425337003e-07
138 3 93114.902819633106 0.76330200436898499 2.2612164842999801e-07
139 3 91734.402521233802 0.80000569036948499 1.08148176759509e-06
140 3 96313.087157214206 0.47251591031371298 1.76913870248821e-06
141 1 100490.666212425 9.5459870343198192e-06 2.5478282751366702e-06
142 3 95191.043151108403 0.62711159235930403 1.06800810190721e-06
143 3 96106.744126738704 0.50731369294129902 1.2454942520000799e-06
144 3 97359.563751789494 0.25774148378838502 2.22854557402026e-06
145 3 92077.843912876706 0.79241954020733096 1.02465327638022e-06
146 3 91980.7026610639 0.79468675979524594 1.03790226786123e-06
147 3 90682.419452469796 0.818016660543465 1.6447295391448001e-06
148 3 92353.669713441399 0.78570144019728005 8.2844176126395998e-07
149 3 95968.938145986802 0.52882559863432999 1.14394335481762e-06
150 3 95922.8352354503 0.53563482367878901 1.1860177795900101e-06
151 3 90077.542792866603 0.825698457245859 2.2499277373168602e-06
152 3 95765.3784935984 0.55817213314175296 1.11655614809697e-06
153 3 89268.615810710195 0.83383303049737301 2.76117012489804e-06
154 3 92170.753918732604 0.79018071116476596 1.01623722324267e-06
155 1 106162.488043719 4.4769802478266301e-06 3.1354617059063602e-06
156 3 90998.033783828694 0.81331508103058003 1.3876249264052901e-06
157 3 94908.324800556205 0.65448005982063895 1.0434590582481499e-06
158 3 95030.4930296534 0.64330373657684603 1.00620994980593e-06
159 1 105914.110055307 4.6893074243840396e-06 3.1141102678529499e-06
160 3 97183.592736479302 0.296513889048101 2.1890201142813598e-06
161 1 108490.228965103 3.5024762399009201e-06 3.2039609784764999e-06
162 3 95510.266215819705 0.59148496636872006 1.0060912050960399e-06
163 3 95339.7047348052 0.61172367684303097 9.4475988443763895e-07
164 3 91441.003945400196 0.80574651236299499 1.1548043419534299e-06
165 3 94824.789233648204 0.66232336173830997 9.3563060208597197e-07
166 3 92675.202859186902 0.77679023599640395 6.4491248931081604e-07
167 3 88242.236523464395 0.84159177769115501 3.0710249152984899e-06
168 3 89748.975581026796 0.82926431149683 2.4736961749879098e-06
169 3 96224.111223724904 0.48836920106147202 1.3504887672407399e-06
170 3 96123.848954170899 0.504445955386853 1.34821485275173e-06
171 3 91862.082084972906 0.79729996002306602 1.0605316834152099e-06
172 3 93008.769658318502 0.76525478152653503 9.5334669401956902e-07
173 1 100929.460198766 9.2750318713749597e-06 2.3036128400529199e-06
174 3 88747.444191210103 0.83806902064148403 2.9099940062751999e-06
175 3 91291.9553283157 0.80843112447685195 1.22132158837503e-06
176 3 89568.971340607095 0.83106013495495301 2.5932749467426401e-06
177 3 91193.384946685401 0.81021079507583704 1.57849751435332e-06
178 3 90893.040783574397 0.81493768619361395 1.4651335277034701e-06
179 3 90452.421014958003 0.82112875851039602 1.8598442804582301e-06
180 3 90825.908841769895 0.81594409439776305 1.5204474996894199e-06
181 3 97760.8886111225 0.17229729076190101 2.2793949928225501e-06
182 3 91146.735096147997 0.81090927486326303 1.2867023664176999e-06
183 3 93842.043721638896 0.73260846530935397 1.6513955545314601e-07
184 3 90622.463828146705 0.81885182145303703 1.7027613108460699e-06
185 3 91777.021068158996 0.79912873471758095 1.0976573593188701e-06
186 3 95022.988881319296 0.64382449997260904 1.06010937940821e-06
187 3 95990.919806450896 0.52549169312205302 1.1506479523873199e-06
188 3 94799.158270495696 0.66397012257330401 1.0575949878575399e-06
189 1 107346.64744368001 4.4405265267724102e-06 2.9904659394972001e-06
190 3 94109.379404633903 0.71357347916283798 1.0361769369774101e-06
191 3 94821.767454306595 0.66203488122908705 1.05837515232097e-06
192 3 90571.027194259295 0.81955351574760105 1.7629916868941299e-06
193 3 95712.342740492997 0.565356016675713 1.1206116367821699e-06
194 3 93556.763741679402 0.74300858102769596 9.4702476522003898e-07
195 1 103095.008101762 7.6347362039616696e-06 2.4973961438134698e-06
196 3 98332.274356015594 0.074457230342481598 2.1476628912413298e-06
197 1 108291.312539197 3.5894554742323201e-06 3.1980995230696998e-06
198 3 90866.918791907694 0.81533215010702598 1.48601004776789e-06
199 1 104774.603648813 5.82787126226809e-06 2.9384430812271302e-06
200 3 90723.193005087596 0.81743819439801002 1.61103170344231e-06
201 3 91717.214755270907 0.80035823908768799 1.08169374753403e-06
202 3 91849.869419032795 0.79756457465596498 1.0618399978922301e-06
203 3 96184.317579471593 0.49480167942084602 1.2930055767356101e-06
204 3 96005.986831485003 0.52307761021453103 1.2271745445550301e-06
205 3 91159.704411014696 0.81069826954962498 1.3836032968380401e-06
206 3 91397.544343963498 0.80654518701080702 1.18983860606883e-06
207 3 96652.393456287406 0.409058865908623 1.8220972421784801e-06
208 3 96611.956212869205 0.41725923683399102 1.69465216302692e-06
209 3 90531.572397006996 0.82008543004388001 1.7878284216235199e-06
210 3 95331.733442317607 0.61198178791059499 1.07920954886765e-06
211 3 91560.508807929495 0.80348393819822495 1.11437991295554e-06
212 1 100523.69192080801 9.4755577348727901e-06 2.52229275429857e-06
213 3 96220.904395030506 0.48897922560295198 1.34659107463947e-06
214 1 103824.734084426 7.3950413952121096e-06 2.3865815338039901e-06
215 3 88685.395958842593 0.83853340551326405 2.9806233126588698e-06
216 3 91774.052446732807 0.79924094607156604 1.18151683494721e-06
217 3 93566.912803458399 0.74229771479703599 1.0287300407429101e-06
218 3 96332.812854494594 0.46915281518014001 1.6597576189373499e-06
219 3 92903.049819420106 0.77041268460438606 2.7969040568100599e-07
220 3 90531.105830730507 0.82010085155580803 1.95520810785199e-06
221 3 97799.659413251196 0.164643822173282 2.1633423895438299e-06
222 3 91878.197308304894 0.79694906839157997 1.0581014699742101e-06
223 3 95507.261541644199 0.59157658682311998 1.0871050681576799e-06
224 3 91138.970922692504 0.81107343968304302 1.59499858245731e-06
225 1 100267.604725041 9.6930010939065004e-06 2.5272869662761699e-06
226 3 94212.6168459193 0.70719334117751498 1.03819907077413e-06
227 3 91049.554031792402 0.81252579169505801 1.6611090144664701e-06
228 3 95410.354833391102 0.60313296827126694 1.0559889575442401e-06
229 3 95999.891833692804 0.52400842376881995 1.2283022561518199e-06
230 3 89923.029964093206 0.82742606747466296 2.33630443672474e-06
231 3 96281.083597970399 0.47809368610823899 1.6788776177918999e-06
232 1 100611.635755747 9.2927665052873696e-06 2.3236146945378899e-06
233 3 93680.3766875773 0.73690198541404595 1.0268293674485901e-06
234 3 92268.064198655702 0.78801641204718298 7.6695571335277905e-07
235 1 103275.770532749 7.1908181562568298e-06 2.4241445065468598e-06
236 3 95469.925104174195 0.59673264833792306 9.4845936173741595e-07
237 3 95531.045871917595 0.58873050481682898 1.06529158741198e-06
238 3 91436.453963538603 0.80583075810278604 1.1775205841101601e-06
239 3 95043.619360745099 0.64184184947407497 1.06294617476955e-06
240 3 92285.323447399496 0.78733587353210599 9.6887080660863291e-07
241 3 92101.349303377501 0.79184955096867304 1.04422017635669e-06
242 3 95297.477884184496 0.61578428816432995 1.06890333327125e-06
243 3 89434.293512435805 0.83233525932563601 2.8096293381999202e-06
244 3 99418.007352359098 0.0045999999157200497 1.6399021545574499e-06
245 3 95695.367676169 0.56764094363447104 1.10933277835706e-06
246 3 90708.272085889199 0.81765078189133 1.6225870375093701e-06
247 3 93305.653133336906 0.75367794654671805 1.0340513511856201e-06
248 3 91764.991172684604 0.79936856934693601 1.0731594303422999e-06
249 3 96274.620365537703 0.479212420260136 1.6577245714184299e-06
250 3 87987.662680284193 0.84317846435663202 3.1033253123702702e-06
251 3 97165.251334558794 0.30216572570776201 1.71592025638149e-06
252 3 95129.439599691905 0.63347376056518101 1.0423753944679701e-06
253 3 96264.545520573607 0.48094627600071099 1.6325140783580401e-06
254 3 95165.445807161595 0.62984672385220297 1.0357442956907401e-06
255 3 92813.903628895903 0.77267341825668001 4.9345897413417898e-07
256 1 103334.54191931699 6.3756280458501098e-06 2.9599341788875702e-06
257 3 92709.939537807906 0.77575979811358198 6.2942655143003103e-07
258 3 91464.648186508493 0.805307086439218 1.1415529205492701e-06
259 3 99812.708430414699 0.0013887996359991 1.8290450784281199e-06
260 3 96115.662415901796 0.50576898115324398 1.33864987242641e-06
261 3 99700.8736296602 0.00214296105991162 1.81059352216156e-06
262 3 89044.800984863599 0.835735396422011 2.9593506949413802e-06
263 3 88025.312447106204 0.84295069270336198 3.0843952600344198e-06
264 3 89614.540980881196 0.83061548633239102 2.56450257153483e-06
265 3 92759.262912684499 0.77428246859346495 5.8849280057320402e-07
266 3 95713.545350389206 0.56519989447139196 1.11779494305631e-06
267 3 89930.903602186299 0.82733528128195899 2.37413948705273e-06
268 3 95303.833464805604 0.61565192298825 9.4991590368500104e-07
269 3 96638.844934180597 0.41155165834715401 2.0779634987784201e-06
270 3 90962.884394176202 0.813895476714669 1.66242676105117e-06
271 3 94632.895724633796 0.67755405319583695 1.04785733303686e-06
272 3 92039.071383122806 0.79333071958258305 1.02741998920314e-06
273 3 93001.8330461859 0.76677518447896298 3.4389449154467303e-07
274 1 100334.31858301901 9.2886027184180194e-06 2.3079987883684898e-06
275 3 91003.688903821996 0.81322464837925001 1.4043403945218901e-06
276 3 92156.376173734505 0.79061891531328699 9.6975785399141195e-07
277 3 96257.048154910197 0.48223445291327199 1.6105185474843501e-06
278 1 101018.540167826 9.0843616248026106e-06 2.4198947380171601e-06
279 3 92431.466305553098 0.783315284930577 1.03507319674696e-06
280 3 91415.374957253996 0.80621874742713395 1.1647039630313399e-06
281 3 91963.151466751806 0.79523059835217902 9.9037561733533001e-07
282 3 92463.996265805603 0.78295622440842605 6.2306911766452096e-07
283 3 92875.268174167606 0.770827688527705 4.1887624130564101e-07
284 3 92367.779508745298 0.78546818850471301 7.0258804358262197e-07
285 3 92044.753567655396 0.79326226862304094 1.02676068074137e-06
286 3 91392.640561124193 0.80663408693887495 1.1675738541215201e-06
287 3 95311.970713727205 0.61443965576906001 1.00174617837706e-06
288 1 99932.567066581294 9.9055368653648904e-06 2.5061703158990999e-06
289 3 92270.469259079997 0.78773522354575498 9.5570421745957801e-07
290 3 91328.040023477704 0.80779381339534995 1.20757563280384e-06
291 3 94273.965208984999 0.70395735255352798 8.7010553142390102e-07
292 3 93739.202509005598 0.734034099458589 1.0104507233070401e-06
293 3 92041.327942645497 0.79346316772055803 9.2312537546005995e-07
294 3 95796.577759711901 0.55423609232550397 1.0131559337667201e-06
295 3 99783.004810025304 0.0010326936626967301 2.4839421346574702e-06
296 3 94687.387463899096 0.67323686633850999 1.04766680276468e-06
297 3 92296.556322517703 0.78695620006404199 1.0361162170252299e-06
298 3 95549.148269791694 0.58671929723732896 1.00678538913151e-06
299 1 102457.466408452 8.3730439691777701e-06 2.7355775666253998e-06
300 3 91448.150303980103 0.80561452686685497 1.1465633491409599e-06
301 3 91139.384458083194 0.81103130600234696 1.29127177309018e-06
302 1 101985.77980372201 8.5893553591029008e-06 2.7077730033042798e-06
303 3 95415.319174838995 0.60249132720207899 1.08088708170784e-06
304 3 96062.019093660405 0.51443777915816302 1.2029181745195201e-06
305 3 90492.892804300194 0.82059888302818096 1.8226184167732299e-06
306 3 92137.320896989695 0.79122291129059097 8.5211612280215905e-07
307 3 90418.236228049893 0.82156852697221106 1.9098325496608798e-06
308 3 91167.284130262196 0.81056557461323597 1.31027913710337e-06
309 3 91307.339413506896 0.80817558991778804 1.3665236726021101e-06
310 3 92027.595306458796 0.79358816419028 1.04732330135554e-06
311 3 90819.860117055505 0.81603345083766798 1.5275416284100499e-06
312 3 89138.561788843901 0.83495542045458504 2.8191511217596099e-06
313 3 92367.781888239304 0.78550618727107202 6.8391595976326605e-07
314 3 96339.195019796898 0.46792829990405299 1.7943210959255699e-06
315 3 88240.779529289095 0.84160096661706596 3.0637986248712999e-06
316 3 89804.511522459798 0.82868906305863799 2.4319708437788002e-06
317 3 91934.115886721207 0.79573904343659496 1.0561486163393899e-06
318 3 92400.766292707995 0.78459012862235999 6.9219865774457702e-07
319 3 91823.969707675104 0.79812085373210695 1.0646502198793399e-06
320 3 92110.164057913396 0.79164909988515397 1.0238287035397801e-06
321 3 92930.974093402401 0.76780914216993701 1.0312614961287899e-06
322 1 105124.06978398999 5.7559622675243998e-06 2.69473518824134e-06
323 3 94792.489197019298 0.66455811259549302 1.0510776812443199e-06
324 3 95579.561593279694 0.58264903226495002 1.0889567625576e-06
325 3 91692.301812851001 0.80086761536161499 1.0864874706320401e-06
326 3 92756.921687334703 0.77442312360867105 5.3014709793503403e-07
327 3 95037.032172673906 0.64248640847571203 1.0589906821378199e-06
328 3 91226.673790622895 0.80956159487604695 1.2431129221533501e-06
329 1 105990.52667716199 5.4767450404545902e-06 2.73592879244518e-06
330 3 93172.579774076003 0.76131020531940496 2.08214652360188e-07
331 3 89577.548963151799 0.830973577786696 2.5916542112534201e-06
332 3 94207.476917888402 0.70748606412012804 1.0479699559665901e-06
333 3 95497.0502743135 0.59281024865192899 1.0880257375543399e-06
334 3 94662.672937447205 0.675706094130748 9.3394463217954502e-07
335 3 95062.039818512305 0.64067788909460199 9.3349907576491e-07
336 1 101051.659147604 9.07385428589432e-06 2.6154884048304202e-06
337 3 93288.805149615306 0.75740425335522799 1.41832782666202e-07
338 3 95572.328252195002 0.58353539673668398 1.09847543139891e-06
339 3 94916.365443477102 0.65420495679980095 9.4564080655897197e-07
340 3 90824.861612651599 0.81595962370166997 1.5215592804425301e-06
341 3 91578.784755655302 0.80312883734666995 1.10969267774893e-06
342 3 95443.454561688195 0.59919336546230695 1.0874040836004799e-06
343 3 92933.376834178896 0.76932947919435202 3.0874852533863102e-07
344 3 96067.967962487106 0.51341466712909101 1.26642685918622e-06
345 3 90306.410318822003 0.82297620186333598 2.0690362932494599e-06
346 3 96418.6071508358 0.45360976401186098 1.8927517677478401e-06
347 3 96340.054240454803 0.46778351389335299 1.7809656642704e-06
348 3 91378.644609948198 0.80702325675049502 1.21737588988701e-06
349 3 90323.520019029296 0.82276364114957801 2.0530754944917201e-06
350 3 95835.278833515695 0.54836213332035399 1.1485302969734e-06
351 3 98997.267559679705 0.014728909324569101 2.2812446270295001e-06
352 3 90487.110651687399 0.82067496715630395 1.8286846014140499e-06
353 3 92040.781661076995 0.79328141343485103 1.0466307912970501e-06
354 1 103664.329130742 6.3505885703906199e-06 2.9361780332376001e-06
355 3 91449.637272939901 0.80562232656797095 1.3681743573697499e-06
356 3 96122.677008449595 0.50472836326464798 1.2708889698581899e-06
357 3 95787.030025332395 0.55523106018624802 1.0937491017572601e-06
358 3 94853.838585094694 0.659520835377715 9.8946071430868508e-07
359 3 97611.874311522493 0.21012742627042599 1.0897632385768e-06
360 1 105753.14382162799 4.8669687426613503e-06 3.0503354967202298e-06
361 3 90948.828010226207 0.81408309726586603 1.42092601697355e-06
362 3 89717.475588494606 0.82958654600415205 2.4949517812806399e-06
363 3 91425.187894566596 0.80603879237680998 1.1546579146446901e-06
364 1 105454.997010562 5.07524502747103e-06 3.0711179405115901e-06
365 3 91726.837181334195 0.80019904308970402 1.1794912409991199e-06
366 3 98667.209216331205 0.036929003646578799 2.2603021244283698e-06
367 3 90421.138758373098 0.82153092300032904 1.9101025072541798e-06
368 3 90785.753853469199 0.81653471887445395 1.55530139290665e-06
369 3 95211.193832953402 0.62509924395174099 1.0399033567113801e-06
370 3 96073.757705504497 0.51259109997547303 1.2081973039252399e-06
371 3 95727.235670660506 0.56336914558576201 1.11286217378046e-06
372 3 93368.977539734304 0.75451080342667998 1.1958267519375e-07
373 3 95287.978514916002 0.61681636611972701 1.07048142923589e-06
374 3 96774.542540639493 0.38518310387520599 1.64039354097759e-06
375 3 92256.905756630105 0.78808673613061997 9.5363636440948299e-07
376 3 90457.342130599107 0.82106477566314195 1.8548495268841001e-06
377 3 91675.892647847999 0.801264460797115 1.2423214326715099e-06
378 3 91150.258397612401 0.810849494909341 1.31061875554053e-06
379 3 92231.101881230396 0.78864882813609805 1.03493792614289e-06
380 3 94962.343027640498 0.64955554895898704 1.0456824561949001e-06
381 1 101527.64918696199 8.8899742803162807e-06 2.66032515142873e-06
382 1 107167.177645181 4.3035625204990203e-06 3.0203712989453902e-06
383 3 91809.553003371097 0.79844650987951604 1.0997020158043601e-06
384 3 91341.306013104797 0.80755828665886298 1.19496123984625e-06
385 3 95748.287876707094 0.56049191144677701 1.12603112880758e-06
386 3 96001.987910608601 0.52369806092584903 1.2198376986637999e-06
387 1 101882.270351046 8.6214636384030293e-06 2.7038512558256898e-06
388 3 88251.241254127104 0.84153305192182704 3.05035240799074e-06
389 3 90859.3803995903 0.81544529542580901 1.4925150832838601e-06
390 3 94872.219450938806 0.65767897836248601 1.0473977323697701e-06
391 3 89371.003968947305 0.83291772144124498 2.7130962543515598e-06
392 3 89045.331153039006 0.83573335960109296 2.8631647760538201e-06
393 3 91365.771141891397 0.807120105287226 1.17924113338792e-06
394 1 105056.264841579 5.1667365147197799e-06 3.0756096345650199e-06
395 3 96497.924441438896 0.43885492357861999 1.93722151465795e-06
396 3 92250.967860285004 0.788463469306806 7.6761022118446396e-07
397 3 91833.158627064593 0.79792465595056805 1.0625067368238099e-06
398 3 91510.425499188001 0.80452753875201699 1.30610840260891e-06
399 3 96209.599233073401 0.49038261389926602 1.40853015639198e-06
400 3 98473.598410568593 0.056566804926075798 2.3149544772503599e-06
401 3 88016.847497424504 0.84300234911927996 3.1002562393957998e-06
402 3 89095.161691394693 0.83532084739300505 2.8430360497841898e-06
403 3 92155.741100960106 0.79088230267718795 8.5008213010403798e-07
404 1 100530.859254133 9.5210503302278199e-06 2.57601649767512e-06
405 3 90535.898973228206 0.82002658596300504 1.84068536899244e-06
406 1 105190.319527956 5.0611947699487496e-06 3.0860545852585101e-06
407 3 95086.795949755004 0.63816222022706703 9.4951991640676503e-07
408 3 89125.604950580397 0.83506539568983595 2.8292626542012902e-06
409 3 95964.317549805899 0.53001764290157904 1.05938952423354e-06
410 3 91029.677675274099 0.81281254075032106 1.40087075414933e-06
411 3 91410.714621435603 0.80630443500238902 1.16002711136641e-06
412 3 88252.343697620294 0.84152512604887397 3.02425844991762e-06
413 3 91541.125558678294 0.803857932411145 1.11931763251193e-06
414 3 93897.275385209607 0.72719858970884099 6.6432738559832402e-07
415 3 93438.374119767104 0.75109536794604603 1.82137264899001e-07
416 3 95132.551153970897 0.63365990393737603 9.4213307912811297e-07
417 3 91758.449858835505 0.79969768309073497 9.9439019672899104e-07
418 3 92868.686279353598 0.77136147100915597 3.44259888797193e-07
419 3 93800.510767159503 0.73080475777182297 1.04470109623174e-06
420 3 91367.408700270302 0.80709089124896904 1.17708846540984e-06
421 3 96652.927297407194 0.40922959910157802 1.69309580781879e-06
422 3 96709.415457777999 0.39744411030515803 2.0738467800550002e-06
423 1 101095.012469069 8.9481456734535293e-06 2.6312003302368999e-06
424 3 90574.756091236297 0.81950428381057705 1.74642769912583e-06
425 3 91715.525219074494 0.80039378644208004 1.08098255003902e-06
426 3 91308.0983620732 0.80814747669534204 1.2351931374953599e-06
427 3 90949.692976982406 0.81406973238321501 1.42031645825122e-06
428 3 89454.681793653406 0.832143042885233 2.6573325477120599e-06
429 3 89560.768936594206 0.83113855100520895 2.6036607593872802e-06
430 3 91555.9560772603 0.80357195460635999 1.1150029016331101e-06
431 3 91975.639987783201 0.79484114117284099 1.06247243280204e-06
432 3 91232.108341672603 0.80951389098978399 1.5043919785322999e-06
433 1 103096.495643837 6.5790245294981201e-06 2.9385833830784599e-06
434 3 96010.851480346595 0.52233675177757599 1.22318242188365e-06
435 3 96071.682402797902 0.51281991179464204 1.2764663217372999e-06
436 3 96358.578280335903 0.46448597652206203 1.8091417512145301e-06
437 3 91424.894113543094 0.80607291854940399 1.3650401968521501e-06
438 3 94885.482966700001 0.65646617249303096 1.059706290998e-06
439 3 94832.863829870796 0.661401194743368 9.7664167194361309e-07
440 3 95543.360801247894 0.58715686283461699 1.08874796622412e-06
441 3 95102.824976759104 0.63624938961337296 1.0101266995315001e-06
442 3 92690.653316324693 0.77674232815486099 4.5333818164232798e-07
443 1 105732.86389418 5.3148396564293798e-06 2.8852514189425502e-06
444 3 90858.235317627899 0.815462537195213 1.4944733507685301e-06
445 3 96416.999560868702 0.45391532095578901 1.8660502050354099e-06
446 3 99795.546718034602 0.00073972064391419901 2.4859846712210002e-06
447 3 94215.002016961604 0.70700789831848099 1.0485102844332701e-06
448 3 95689.996730856001 0.56833752365338597 1.1178020904242899e-06
449 3 95865.821884419303 0.54582012791470702 1.0585067976920499e-06
450 3 97348.081818594306 0.260272806008784 2.2157842231688002e-06
451 3 94574.356586483205 0.68204503489495405 1.0525074141010001e-06
452 3 92283.510987151298 0.78750649318699095 8.7237832576726801e-07
453 3 95517.665761308701 0.59054262463934304 1.01565458084176e-06
454 3 92543.629840406007 0.78010969502386196 1.0416491240360201e-06
455 3 90617.314691817897 0.81892302415283103 1.70483217558778e-06
456 3 95976.616032889797 0.52756312646678105 1.21386157511709e-06
457 3 95222.105740056999 0.62387823043830903 1.06506494637209e-06
458 3 98418.796596698798 0.065700725140590097 1.72880856619753e-06
459 3 96140.054216435106 0.50193359559852402 1.27497227376981e-06
460 3 96174.192442817104 0.49652511979117198 1.2712655589026801e-06
461 3 97760.103527631494 0.172533619944432 2.1807261157935099e-06
462 3 91145.441095963499 0.81093096232879802 1.28630796025688e-06
463 3 88420.504301265697 0.84040918427528 3.0406968555924598e-06
464 3 96055.484937808593 0.51536534095094 1.27347651929888e-06
465 3 95997.288049753595 0.524726155351255 1.09444964498951e-06
466 3 88382.131526261306 0.84066893112214003 3.0443077473778699e-06
467 3 95406.540304135706 0.60378270252250998 1.0016889345877301e-06
468 3 91748.511156971304 0.79971231487524597 1.07567950263052e-06
469 3 92820.644559991299 0.77255445627552399 4.3745345497648899e-07
470 1 105496.05094616501 5.1887418253809899e-06 3.0568763810711699e-06
471 3 96009.074565749193 0.52268829696392805 1.16905243797202e-06
472 3 89779.159039740494 0.82895319586669003 2.44948445345801e-06
473 3 91751.248934971998 0.79965538592135199 1.07523743966913e-06
474 3 90174.065032700193 0.82458013115840101 2.1185667269715901e-06
475 3 91859.794868526107 0.79734969846750003 1.0608301148651e-06
476 3 94937.996376864394 0.65183634786744105 1.0312771168191399e-06
477 3 91781.951696075994 0.79901281508665301 1.0705918919239e-06
478 3 92273.8482902877 0.78763587569844895 9.6596460794024997e-07
479 3 91119.771278473403 0.81135494658493101 1.3055063204113699e-06
480 3 91814.259153541003 0.79834472942236601 1.0846351075477399e-06
481 3 90790.758492772598 0.81646153495824103 1.55078414797642e-06
482 3 95700.262620438996 0.567045860205177 1.0845463103962399e-06
483 3 91031.334957044295 0.81278703446165101 1.3662860656576299e-06
484 3 99690.553892304903 0.0017559400208203701 2.4310205649448002e-06
485 3 96326.669076316393 0.470157826009451 1.7463304928032301e-06
486 3 95478.324589371507 0.59505373563778896 1.09041084172095e-06
487 3 92731.687675909707 0.77515063606455603 5.7588249836248405e-07
488 3 91983.769040479601 0.79459484131850999 1.0481461428539501e-06
489 3 93871.546691000505 0.72706187426383595 1.04449702698705e-06
490 3 94593.127548151897 0.68061741137359899 1.05154706515146e-06
491 1 100138.65110233299 9.6237296294562701e-06 2.5078577172965399e-06
492 3 95863.864422485902 0.54427765302187303 1.15004722205906e-06
493 3 92699.598541590807 0.77623098628479403 5.0082260914748601e-07
494 3 91366.443177035704 0.80710829382719695 1.1770251800981601e-06
495 3 91838.969495462996 0.797799996862254 1.0615875333506099e-06
496 3 95200.248661622201 0.62643499304375205 9.9300474432755602e-07
497 3 92934.647438049098 0.76942633466473498 2.6919289559450501e-07
498 3 95785.344802402295 0.555383004643763 1.1370300527806999e-06
499 3 95771.5880748419 0.55728896700072805 1.13370055057782e-06
500 3 91177.085812746707 0.81044329472004795 1.52612050983447e-06
501 3 90144.135000298396 0.82493217463934099 2.1451213721775e-06
502 3 91665.357198065598 0.80146995330881499 1.2477502311158899e-06
503 3 95672.427139802297 0.57077805823104699 1.0648283439370001e-06
504 1 100522.72649905299 9.3636759382260506e-06 2.5271479008120001e-06
505 1 101734.42752324 8.3030725606204997e-06 2.5155263998580402e-06
506 3 95752.213711032993 0.56002338221111603 1.09279287024069e-06
507 3 92203.0766041077 0.78938127577752903 1.01257210636686e-06
508 3 91519.054761212101 0.8042806412954 1.12567551738686e-06
509 3 95350.852252669705 0.60984430506542298 1.0801995156164201e-06
510 3 91414.137252510001 0.80624108242298997 1.1714678226640801e-06
511 3 91706.042748033098 0.80058816852855996 1.08255256986313e-06
512 3 96463.438348907293 0.44533578127428503 1.89832257843369e-06
513 3 94607.399153084596 0.67951744297079897 1.05236243717724e-06
514 3 96755.919273523497 0.389557570262556 1.59543210820943e-06
515 3 90200.813432652896 0.82425263139271499 2.2126194678028701e-06
516 3 89648.106737901806 0.83028302586448499 2.5458050626089e-06
517 3 99191.425286822705 0.0073960742704912404 2.3485235471192999e-06
518 3 89124.335654740498 0.83507616810404794 2.8301250073222198e-06
519 3 95435.770096015505 0.60034026681064001 1.01138374659104e-06
520 3 96062.464254455801 0.51426357181061699 1.28157554628899e-06
521 1 106049.279890584 4.8238562767689898e-06 3.0958402178492401e-06
522 3 95424.073756614001 0.60209200577501698 9.50678550635628e-07
523 3 94126.964552886799 0.713217422237576 8.6022879748674801e-07
524 3 95530.734119493296 0.58872044640579901 1.08446201756793e-06
525 3 95006.606539505898 0.645388665191172 1.05645792058409e-06
526 3 91734.065930985307 0.80002333862949604 1.11550137860757e-06
527 3 96229.743146788605 0.48688635778776801 1.5444658633171401e-06
528 3 94526.704056333605 0.68561938109089005 1.0517718420022101e-06
529 3 91272.855645793999 0.80876527399841103 1.21909887859205e-06
530 3 91935.907856680395 0.79583737031382695 9.9118324628861201e-07
531 3 90259.116311766498 0.82356008843661199 2.0406972839289002e-06
532 3 90496.935874724601 0.82054499395318303 1.82420371415191e-06
533 3 88486.290064918401 0.83995544094173602 2.9830873835643098e-06
534 3 92206.945129907501 0.78928862160678603 1.0084068082757999e-06
535 3 92215.783514855197 0.78911735848936104 9.656516231360791e-07
536 3 90693.740220916399 0.81785632297524002 1.6448302210565599e-06
537 1 101639.761761385 8.6931420349518402e-06 2.6944308901607499e-06
538 3 99755.672771821206 0.00122086338502789 2.4989038411388501e-06
539 3 93270.232802409693 0.75825517881216498 1.2869642918861801e-07
540 3 91017.979161369905 0.81299820605901196 1.39956261230332e-06
541 3 95860.707163599698 0.54472332250127697 1.1550470466789699e-06
542 3 88766.856501277594 0.83792191095203306 2.9192890055700502e-06
543 3 88107.138579738399 0.84244821205397102 3.09002795271942e-06
544 3 95980.261955383103 0.52771728715478705 1.0695151225878501e-06
545 1 104816.368817739 6.0449414539067596e-06 2.83614572294282e-06
546 3 90085.628655520006 0.82561008403977199 2.1981554027202802e-06
547 3 93253.690240438998 0.75855091058118795 1.6904117065322799e-07
548 1 100745.285799531 9.4103963725855002e-06 2.5925960580241001e-06
549 3 94987.357987437907 0.64724805570543298 1.04083131118179e-06
550 1 102076.06594745 8.5772477389571692e-06 2.6991774675823699e-06
551 3 95934.002334682897 0.53397614813495797 1.1908529811472e-06
552 3 96554.330062757101 0.42835478825180501 1.7132327723952301e-06
553 3 90532.228119001797 0.82009644257008696 2.0773440270798402e-06
554 3 90722.480612674699 0.81744830663995205 1.6123936010712001e-06
555 3 96955.395258634904 0.346191582187651 2.0804835536053501e-06
556 3 91372.460756572007 0.80699935158344804 1.1810892334863801e-06
557 3 96055.390296885103 0.51540151112825305 1.2535721222023799e-06
558 3 92783.214321033607 0.77399159318808897 3.9544882637863203e-07
559 3 92261.976556866997 0.78831300286344397 7.4796761394186804e-07
560 3 89237.928681026504 0.83410271538686098 2.77937582054876e-06
561 3 91093.621077737 0.81178211347682605 1.35478282546386e-06
562 3 93059.405790337798 0.765169500950312 2.52595804369651e-07
563 3 91846.598515444202 0.79763497385919102 1.0616032707737201e-06
564 3 96636.784499456699 0.41196343067920199 2.0672178812303399e-06
565 3 96029.280004281798 0.51952992596818404 1.19917904015472e-06
566 1 104151.393832111 6.8809244273204997e-06 2.7818672330767599e-06
567 3 94038.5355387202 0.71773551922123702 1.0452704016828501e-06
568 3 91534.943536225095 0.80397639808674004 1.1248224747691999e-06
569 3 94629.703471295797 0.67971885123711895 7.1897529503635696e-07
570 3 92037.055943040104 0.79337952067411199 1.02622375972679e-06
571 3 95870.449313472694 0.54332018678481198 1.156174544161e-06
572 3 96636.665049288698 0.41199854251871398 2.0463615554814802e-06
573 3 96220.952573484494 0.488374999251946 1.5228599713404799e-06
574 3 90488.006600484703 0.82066170149727902 1.8415777037630001e-06
575 3 98885.0005179203 0.020795707113557799 2.2307080065393098e-06
576 3 92217.200828259796 0.78900341616387504 1.03337409562657e-06
577 3 96269.411964207698 0.48017524089878499 1.56948141085231e-06
578 3 91540.1740291561 0.80387618676818795 1.11935717290459e-06
579 3 96632.308052063498 0.412867652384035 2.02677201568169e-06
580 3 97662.123664590399 0.193710750341752 1.8195101340912799e-06
581 3 96362.012811552704 0.46388163591006498 1.7951493021260001e-06
582 3 94949.391019521805 0.65071018717455298 1.0567269143582901e-06
583 3 96388.164499421604 0.45917570763284699 1.8245764960299e-06
584 3 91107.203551133804 0.81156105205866302 1.3292715806883999e-06
585 3 89493.635639271699 0.83178102589349501 2.6404750646208101e-06
586 1 103816.23293103999 6.8878867240648601e-06 2.7951824149287198e-06
587 3 91809.036069710201 0.79843925180145103 1.06666850874509e-06
588 3 91809.412373507104 0.79845317647563696 1.10675294658514e-06
589 3 96666.921566458899 0.40718460211487201 1.58866507931014e-06
590 3 96314.534746508594 0.47282871879884503 1.4688449079523801e-06
591 1 103498.48424302699 6.5165946819747097e-06 2.9350206803137401e-06
592 3 91306.883144968204 0.80816916458988897 1.23964576546375e-06
593 1 103651.70084511 6.5066316070819001e-06 2.9139578947588601e-06
594 3 90574.597588125194 0.81950652976539595 1.7455325357059101e-06
595 3 91557.824443074394 0.80353584506418096 1.1146766535557599e-06
596 3 91028.4895247409 0.81283183757878597 1.4070721566390199e-06
597 3 95089.700139611596 0.63742133993269601 1.0433145085698001e-06
598 3 95739.220256612505 0.56172543943268205 1.1252812420438699e-06
599 3 91363.445003281595 0.80716209662491401 1.18080253814603e-06
600 3 96129.940585721095 0.50374408953300298 1.21403605420832e-06
601 3 90651.756194916306 0.81844605859770703 1.67385792634833e-06
602 3 91866.2907635952 0.79722811679060701 1.0771314037505899e-06
603 3 95947.211940418303 0.53266359285946696 1.0496929864911801e-06
604 3 90817.527589823294 0.81606752679476202 1.53714398131624e-06
605 3 92729.419642095803 0.77562663576632596 4.2737341517210301e-07
606 3 95543.885292068604 0.587733580710461 9.5641510834592299e-07
607 1 103362.073672962 6.6080030969598301e-06 2.9209839795059799e-06
608 3 89127.0268460113 0.83504867575306596 2.8206339159139401e-06
609 3 91020.325179127103 0.81296239769039802 1.37445174294172e-06
610 3 90638.564909046603 0.818629382289774 1.6855316761409699e-06
611 3 88909.367571830298 0.836827068261774 2.9115055401740701e-06
612 3 95967.2738356349 0.52897864003629302 1.20927944087925e-06
613 3 90230.241374687495 0.82390977863539405 2.06645142702197e-06
614 3 96209.460753446896 0.49042884047385099 1.3936199113054801e-06
615 3 93204.834298798305 0.76057929819116199 1.4811778282743399e-07
616 3 95988.930193398104 0.52581961183797798 1.1377213450288601e-06
617 3 90832.248510498393 0.81584993500099701 1.5152442280272099e-06
618 3 92761.115150046593 0.77437484366448495 4.7264806661763198e-07
619 3 93863.096928916595 0.72756224875895603 1.02832832702694e-06
620 3 91763.732124916103 0.79939541296901695 1.07321907135772e-06
621 3 95790.792135603799 0.55476163566992798 1.0729907072287601e-06
622 3 91776.5106494715 0.79912761828185297 1.07135665167663e-06
623 3 93060.682488621795 0.76482509511892605 3.0961702168506202e-07
624 3 97500.210207073105 0.22713673913728499 2.0973380305683899e-06
625 3 95598.599997576297 0.58035427057834899 1.04860908054849e-06
626 3 95675.109345231001 0.57030690109317905 1.11571294393592e-06
627 3 92506.146036458304 0.78120408438213096 1.0357775590465799e-06
628 3 92779.725883493098 0.77417745330500998 3.4408422367379201e-07
629 3 97036.296740971899 0.32871091179381101 2.16558267101816e-06
630 3 92960.543563814193 0.76813345696803903 3.6090709143680801e-07
631 3 99513.4971958065 0.0030501230360640598 2.4665915339703202e-06
632 3 96639.373846389499 0.41149140218665597 1.99253491531339e-06
633 3 92538.553571617595 0.78059166802933899 8.4330698067255396e-07
634 3 91394.416670840801 0.806619809314431 1.32704188728055e-06
635 3 95717.770318587296 0.56465472700740904 1.10689073438915e-06
636 3 93650.343605141694 0.73883679627444399 8.7895438277935796e-07
637 3 89348.138259156302 0.83312484980616097 2.7243192475411202e-06
638 1 102866.956216993 7.5316510426705497e-06 2.7973578260093701e-06
639 3 96326.712049804002 0.47061896558926403 1.4923949914117999e-06
640 3 90654.277204169906 0.81841099349966295 1.6706066413453499e-06
641 3 92494.456135770393 0.78183410104823403 8.4629157128859797e-07
642 3 94903.539348122897 0.65497086177339803 1.02596905274696e-06
643 3 91572.563644852198 0.80324987712512697 1.11079716569958e-06
644 1 100806.198444019 9.1291366950056194e-06 2.5992969094041799e-06
645 3 94881.681742113797 0.65815747321558504 8.3655449878883402e-07
646 3 95171.204633113099 0.62946547781666495 9.8703500123295508e-07
647 3 90622.060934871697 0.81885768731182496 1.69989892697006e-06
648 3 92085.424459481103 0.79222997411858898 1.04504089743994e-06
649 3 95447.354265931601 0.59875878658659398 1.07716161359863e-06
650 3 95529.898398231293 0.58917386240361802 9.9121028835806008e-07
651 3 92466.691305116998 0.78284932229530402 6.3404697647839704e-07
652 3 95608.033725231799 0.57912725176116697 1.05794013593119e-06
653 3 95716.519978117503 0.56520001535393904 1.00284246085853e-06
654 3 96238.880957520494 0.48533629564840902 1.5648859846773801e-06
655 3 93945.131592372694 0.72306126293581896 1.0397248328516701e-06
656 3 95652.348371302796 0.57911212776753096 4.5589171768072599e-07
657 3 98768.677366829696 0.028539822223940602 2.3584050597927999e-06
658 3 90501.565698140301 0.82048457986461298 1.81263285105716e-06
659 3 90858.409615173907 0.81545990179615202 1.4939742264970901e-06
660 3 95909.952671928506 0.53754007828282602 1.1791363816004299e-06
661 3 90068.601359526598 0.82580335038099395 2.22354223142309e-06
662 3 95472.393762565305 0.59577098290332497 1.08583670370452e-06
663 1 103003.99826395699 7.4646807209235499e-06 2.8169490120711499e-06
664 3 96337.591631171905 0.46833354579557901 1.6434140282526899e-06
665 3 92705.998276713799 0.77607965620799602 4.8394578284479899e-07
666 3 96745.458821729102 0.39048719623905598 1.7610285416465401e-06
667 3 95857.211791304202 0.54556568093111002 1.0359112235136999e-06
668 3 91487.3253318559 0.80501436328386899 1.3501294859352799e-06
669 1 100476.708347789 9.3335189269692106e-06 2.5738584529364598e-06
670 3 92230.516246377694 0.789087138799622 6.9128664565385999e-07
671 3 95684.476597399902 0.56909488820730603 1.1041481186667801e-06
672 3 94262.638543751702 0.70395546690684696 1.0473844092400801e-06
673 3 95465.800191906397 0.59656692545128798 1.0811170342286799e-06
674 3 95103.524902163103 0.63691047394995004 8.9701227152169605e-07
675 3 91210.236548457498 0.80984121996733605 1.27640409210775e-06
676 3 91340.121042465194 0.80758018368557904 1.1888957620627701e-06
677 3 94269.858720557299 0.70348329960345501 1.0481227306606099e-06
678 3 91441.791793501703 0.80573216727787 1.14966920574625e-06
679 3 98210.6581654693 0.091792146134274694 2.32566286029111e-06
680 3 91737.021807805402 0.79995077834347195 1.07743108264471e-06
681 3 91530.565449381698 0.80419591867551998 1.21917947700325e-06
682 3 95891.945273980804 0.54179007391323997 1.06394448744231e-06
683 3 94004.982451622694 0.71969634147792105 1.0369624806566799e-06
684 3 95965.727288421302 0.53000500878246604 1.0627867589783599e-06
685 3 90922.8363026273 0.8144835025214 1.4418395873669e-06
686 3 90255.723477767999 0.823600006546931 2.0548762486723301e-06
687 3 94996.913474706802 0.64651476520761397 9.9918911973987494e-07
688 3 92099.048093627207 0.79198788110484197 1.0002985748447001e-06
689 3 90634.784350984206 0.81868036208597506 1.76371761080158e-06
690 3 90000.6704219979 0.826563506830855 2.3739193158054302e-06
691 3 95743.725759093999 0.56146835838355902 1.01300986788056e-06
692 3 91492.945195278502 0.80477570404604604 1.13359560613425e-06
693 3 94021.250926091205 0.71873958947554495 1.0442369685342899e-06
694 3 95629.830208916494 0.57936685600525095 8.2940167970917495e-07
695 3 91378.300967983101 0.80691775114751396 1.35481193703932e-06
696 3 95027.674705367404 0.64422347093683596 9.0060822106173798e-07
697 3 92085.234109627097 0.79224284613133999 1.0272923224065301e-06
698 3 94123.438629893804 0.712692159937798 1.0462769645079601e-06
699 3 96036.690096377701 0.51869943845890298 1.1138635109398199e-06
700 1 108782.14300927101 3.5513479234570798e-06 3.1564329798480899e-06
701 3 92891.416139248206 0.77026742263663495 4.42789623108289e-07
702 3 96126.447893145203 0.504351718233357 1.20451740137631e-06
703 3 94005.294668963194 0.72024584694521099 8.8430372948094099e-07
704 3 90551.2553122557 0.819820873901139 1.7760170855815801e-06
705 3 91044.858820822701 0.81257031411040803 1.37273777250294e-06
706 3 90916.282730101797 0.81458370524777801 1.4507514465991801e-06
707 3 94603.867191943704 0.67982161199469904 1.0427454349212e-06
708 3 88214.820743759803 0.84176828359632605 3.0744301139596498e-06
709 3 99331.854405210193 0.0056035169401132999 1.70829148339642e-06
710 3 91448.033758725302 0.80561668680991305 1.16485140363623e-06
711 1 102900.373375765 7.6671056000719298e-06 2.8144789093735601e-06
712 3 96104.998352959999 0.50750112789454105 1.3118234344367399e-06
713 3 95471.979030303104 0.59589007077606204 1.0593047725101001e-06
714 3 89979.809362370695 0.82680312027204195 2.2881223473654498e-06
715 3 91416.431583618294 0.80619956590186104 1.1584802618135001e-06
716 3 95428.640666412801 0.60094349996241903 1.08042058165671e-06
717 3 91782.133337859996 0.79900903575229998 1.0705786679991101e-06
718 3 95823.719046312894 0.55045203429085199 1.0151810236613101e-06
719 3 95715.135195033494 0.56499568973449099 1.1132760085176699e-06
720 3 95813.095708178706 0.55158043397022605 1.1004483583524499e-06
721 3 93748.324767575206 0.73379796369856198 9.4259973369450102e-07
722 3 89301.451594371698 0.83354042597932598 2.7267569029014201e-06
723 3 90822.1587689601 0.81602025393230604 1.7542709324448499e-06
724 3 96313.718236452303 0.472432586684224 1.7223121545541301e-06
725 3 96295.061144196501 0.47566668190455003 1.7218664721137399e-06
726 3 90400.630105179895 0.82179644285183795 1.9055334531765e-06
727 3 89200.465865825696 0.83442775868103403 2.7964060153685999e-06
728 3 95947.9880642559 0.53227794089400604 1.06126975401477e-06
729 3 90615.815942732894 0.81895488568508201 1.9303475863337001e-06
730 3 95847.925940241999 0.54656944599726498 1.14423078464142e-06
731 3 95274.579998372297 0.61828216081717702 1.06547545373548e-06
732 3 96288.043547587105 0.47832185061904198 1.40865734820678e-06
733 3 95813.606982402795 0.55179939858189397 1.0227008289918599e-06
734 1 108545.12235681999 3.6370946376567599e-06 3.1643758963981698e-06
735 3 91811.538698748307 0.79844907312648505 1.1486379243705901e-06
736 3 96099.023279494402 0.50851297911845195 1.26230530561405e-06
737 3 91675.1212664341 0.80121670527411804 1.0883807242407901e-06
738 3 96041.230213707197 0.51760937126803397 1.2532971541275199e-06
739 3 95827.095221765601 0.55031311389066995 9.9830266256647103e-07
740 3 98397.889549294705 0.068848691458785305 1.7463864586892499e-06
741 3 89876.964097972799 0.82792306248143699 2.37316575316595e-06
742 3 89932.949613891804 0.82731714958773805 2.3335796014882802e-06
743 3 92094.848407194295 0.79200575242842297 1.0409669922995401e-06
744 3 96130.152504113299 0.50418488300473197 1.22313072598625e-06
745 3 89692.567658632106 0.82983864665084395 2.5116645459753399e-06
746 3 88927.780111964297 0.83668171160478899 2.9073219450691899e-06
747 3 95694.012285562902 0.56780542161061998 1.11728457577468e-06
748 3 91111.075145096605 0.81149828232689403 1.3069386832042601e-06
749 3 96912.771520170994 0.35522866952667098 2.15400364917523e-06
750 3 98402.438229645704 0.065306134271520502 2.17613793379496e-06
751 3 95936.004200716707 0.53369278342161597 1.1804447046280501e-06
752 1 101204.372098237 1.02651683952167e-05 1.7131116315920101e-06
753 3 96092.199510007296 0.50964108855537105 1.2335791961505e-06
754 3 90200.5537307419 0.82426581991907699 2.3389527299719999e-06
755 3 96644.345882665599 0.41052020691194502 1.96434403496596e-06
756 3 90464.0453560358 0.82097499987321099 1.9319308126259299e-06
757 3 92208.504266631004 0.78934224956990495 9.4569653844381302e-07
758 3 91780.744522577603 0.79911133600701301 1.1765824039511099e-06
759 3 91591.548954274898 0.80287942997690198 1.10743299020472e-06
760 3 91764.405006298301 0.799380761621584 1.0732744426291699e-06
761 3 95096.733157774201 0.63667719778300202 1.05923993956685e-06
762 3 93969.033961408495 0.72176589794424795 1.0266093311476401e-06
763 3 95463.414804266504 0.59694774675508999 1.04631544792018e-06
764 3 90772.090631147905 0.81673368502175403 1.56603158404858e-06
765 3 91664.422806001603 0.80143182375354904 1.09282875866645e-06
766 3 93653.746082922502 0.73815085678716497 1.0431326482163501e-06
767 3 91617.014720768493 0.80237836872877599 1.1014064944272e-06
768 3 95002.040462888996 0.645857990997876 1.0445641552487399e-06
769 3 93363.677988293304 0.75243441469434502 6.5212008032971696e-07
770 3 94134.104004419496 0.71204146157746395 1.04703228740091e-06
771 1 105159.40434109 5.3338106400820404e-06 3.0400907123994202e-06
772 3 96027.3960950084 0.519756184077939 1.2522199617436e-06
773 3 94324.537782893807 0.69987433022089196 1.0475013601293599e-06
774 3 92779.1935674657 0.77304961424501295 9.5507463261902e-07
775 3 94865.931711922094 0.65819370817926204 1.0595355083670601e-06
776 3 89481.391435269805 0.83188647851137298 2.6757992667713399e-06
777 3 94190.886398285002 0.70853556275212004 1.04628816194834e-06
778 3 93184.087717896895 0.75851198039947998 1.04059557747035e-06
779 1 107410.324596935 3.9517041738629999e-06 3.1744932042334899e-06
780 1 106100.626830807 4.7376720455724296e-06 3.1014795897135501e-06
781 3 95492.291803757893 0.59339422371831396 1.0833650419982601e-06
782 3 97637.041472228593 0.199134541819145 1.8409233909313999e-06
783 3 91576.060041606703 0.803181913279291 1.1101675859433999e-06
784 3 95464.755078763701 0.59667797724003901 1.08692639811377e-06
785 3 90364.630362948097 0.822252907655039 1.9422397580279502e-06
786 3 90371.772225399007 0.82216275573830899 1.9353253706378499e-06
787 3 94306.384854428907 0.70126610214517004 9.9531135555372707e-07
788 3 95626.780698000104 0.57689748042509104 1.01386720508824e-06
789 3 91923.355496400502 0.79595359924185205 1.05319044126073e-06
790 3 92546.923844312405 0.78027493271292803 8.9577397988452296e-07
791 3 93521.513153764099 0.74443605518696798 1.0078798439121799e-06
792 3 92008.796680383603 0.794310536318384 8.3666717413079905e-07
793 1 101304.17897876901 9.0630198561731593e-06 2.6251725537213698e-06
794 3 90750.172356916897 0.81705102711421396 1.58493871858737e-06
795 3 92534.616530538697 0.78067442646927399 8.6719968112748104e-07
796 3 89463.927349864302 0.83206027611943101 2.6595943276395101e-06
797 3 94306.4093165831 0.70111360878344198 1.0383611127693899e-06
798 3 89252.796001271097 0.83396924091709501 2.7527127070140099e-06
799 3 96449.584615711894 0.447891824647902 1.9274305090624801e-06
800 3 92112.963316223002 0.79190315787917198 8.5204081514137699e-07
801 3 95160.611386296907 0.63023760078554403 1.0684999454598899e-06
802 3 90428.655191882994 0.82143559008365696 1.8901199215030999e-06
803 3 92241.452698370893 0.78842171534190197 1.0047678377894999e-06
804 3 92983.523071303396 0.76773406289910595 2.7904394178378001e-07
805 3 88489.467507129404 0.83993480908907403 3.0230359707974802e-06
806 3 91555.886779202498 0.80361537651950798 1.3072458605747001e-06
807 3 95341.060188986798 0.611036202656562 1.0464507266924101e-06
808 1 103810.547309293 6.8058650922120703e-06 2.82011651503276e-06
809 3 90437.443008079601 0.82132337902904196 1.8708335763607401e-06
810 3 96108.452249043199 0.50693953953943405 1.3220852190017799e-06
811 3 90810.897395571505 0.81616532380858298 1.54426235727481e-06
812 3 92673.418336157702 0.77623575115188503 1.02850810371701e-06
813 1 104843.572905746 5.5897526353594703e-06 3.0191128167224301e-06
814 3 92088.881865304997 0.79214866674615703 1.0401792373822501e-06
815 3 91713.439574930802 0.80044403553988797 1.1100405234385201e-06
816 3 96261.785894041401 0.48147751986473403 1.55900946992245e-06
817 3 94234.356274266596 0.70598051592537003 9.8914605100182796e-07
818 3 88886.527360463399 0.83700636797886396 2.91817172233385e-06
819 3 92505.748419939206 0.78154683598768104 8.1742125820397997e-07
820 1 108678.76611385299 3.4999678283519e-06 3.18431623002955e-06
821 3 89499.138621897597 0.83172509395282501 2.63376456040061e-06
822 3 90244.670553254007 0.82373386479018995 2.0661963403206198e-06
823 3 90526.384102836601 0.82015460741033597 1.7934893137666501e-06
824 3 89429.683784286099 0.83237955425636001 2.6780583964253601e-06
825 3 94032.945386794701 0.71807945525745898 1.03916443733658e-06
826 3 91878.929284972794 0.79699776976944603 1.11367732253122e-06
827 1 100778.908049216 9.2549455133039801e-06 2.5906910844958102e-06
828 3 91131.884264241104 0.81115558386603204 1.29487659180177e-06
829 1 106602.184217211 4.5132127068356103e-06 3.12437111889777e-06
830 3 90450.338994939695 0.82115407823093101 1.9520193953396101e-06
831 1 101620.590163392 1.02470335495262e-05 1.8022122674391999e-06
832 3 91114.810123605901 0.81144118201804305 1.3898797454087501e-06
833 3 96274.037875512106 0.48089854095439499 1.3934845777340899e-06
834 3 90891.074720480407 0.81496764263392696 1.4670407843120899e-06
835 3 94697.4074483226 0.67692384568279995 2.7392511630222399e-07
836 3 95512.731250367695 0.59089898518733397 1.09358720351467e-06
837 3 92683.174993956607 0.77591180619484601 1.0404983285921799e-06
838 3 92002.971918048293 0.79416628788729804 1.0316205029234701e-06
839 3 96682.651030427704 0.40314555787699102 1.7525345292274601e-06
840 3 95930.051683090904 0.53501399604419997 1.0486401653364901e-06
841 3 96054.875135300303 0.51569038875840201 1.15049140142806e-06
842 1 104105.92927096901 6.7742511691881403e-06 2.8166353371741602e-06
843 3 97540.497712083597 0.21847921602801401 2.06989303324181e-06
844 3 95530.321740714993 0.58875971800364801 1.0895804763716201e-06
845 3 93168.667988327405 0.75910524815288105 1.0419643497086501e-06
846 3 94592.453386020599 0.68070778143646005 1.0398122303459e-06
847 3 96247.419595605199 0.48387973969777498 1.5875455615515801e-06
848 3 91562.789404952404 0.803439790490038 1.11408095952854e-06
849 3 91090.666485560199 0.81183024805627302 1.3509569604474401e-06
850 3 92152.601933421407 0.79060635059856299 1.04134825664337e-06
851 3 95537.619740538503 0.58796172151023496 1.0517771925393e-06
852 3 95568.742472154801 0.58401308022078702 1.08526392534555e-06
853 3 95819.368796816503 0.55061873879414203 1.14354553523607e-06
854 3 92794.424612394403 0.77331489172151902 4.7875470371710401e-07
855 3 88903.279576344503 0.83686996053339602 3.2159702551196099e-06
856 3 91719.371696470596 0.80031387223435801 1.0811264107141699e-06
857 3 96050.195411138397 0.51620763902852895 1.2582987752180301e-06
858 3 99697.323825348707 0.0022358442241795702 1.19864723960698e-06
859 3 92029.654851989006 0.79357318235131802 1.02343688794947e-06
860 3 92006.538868196803 0.79407414678107202 1.0453281239535899e-06
861 3 95921.228197643693 0.53589069832878999 1.1727360647755101e-06
862 3 88291.708281218307 0.84126557242839695 3.01427028321746e-06
863 3 89806.719663813696 0.82866019956130998 2.56363914900008e-06
864 3 88310.357649308906 0.841142961983528 2.9948947918824501e-06
865 1 105154.172653936 5.3298752977376201e-06 3.0490984824650901e-06
866 3 93646.931894137801 0.73855199059718002 1.01716976349018e-06
867 3 91150.683662552503 0.81084374665300096 1.2835657351099099e-06
868 3 94977.481933901901 0.64810932045764302 1.05871643689246e-06
869 3 88086.912958405999 0.84257106704906704 3.0139591187078599e-06
870 3 92338.642095513598 0.78611042764912198 8.1871358986510604e-07
871 3 97594.392990237699 0.21638919187948299 4.80165063214191e-07
872 3 96024.513439910894 0.52050018873635695 1.1155581303799899e-06
873 3 90502.983021794294 0.820463495707483 1.8339882270654899e-06
874 3 90612.931613127803 0.81899661551077396 1.9004873984094101e-06
875 3 90188.900588213801 0.82440018444804597 2.2320007684346899e-06
876 3 92276.727880141494 0.78790775452684003 6.4762338956637195e-07
877 3 95989.923144084896 0.52553432720062598 1.22280904278528e-06
878 3 90890.465692096797 0.81497684586972596 1.46731751964594e-06
879 3 95307.218532056402 0.61470618353234796 1.0731913129573101e-06
880 3 88592.497374701707 0.83919256924113605 3.0204848181369101e-06
881 1 104069.054135735 8.3643773252550202e-06 2.19403394322946e-06
882 3 96143.742650138796 0.50122332528803404 1.3599565517692901e-06
883 3 87569.576262355302 0.84554818250851305 3.1136510548617599e-06
884 3 88661.480820314799 0.83869193570051903 2.9720129386013602e-06
885 3 94498.349368998999 0.68898026586195804 8.1327795423874595e-07
886 3 91818.899138278197 0.798238523698796 1.0746140037142001e-06
887 3 96033.373060727201 0.51884668773468001 1.23762229343473e-06
888 1 106669.982050814 5.1416648813478097e-06 2.7259248907174499e-06
889 3 88870.777990796996 0.837129497572345 2.92646633497198e-06
890 3 96242.439684788595 0.48484710983424001 1.46392895012216e-06
891 1 101516.731161273 8.6595363839650096e-06 2.6676517975989301e-06
892 3 96853.764886395104 0.36772643986723402 2.0621042081328302e-06
893 3 95694.583348333501 0.567834103321326 1.0713193604186301e-06
894 1 107843.98398655601 4.0853359600832901e-06 2.96505321920447e-06
895 3 95666.649691765706 0.57156203988431897 1.0555436850243701e-06
896 3 95792.451486362595 0.55527025413986997 9.8699222563291498e-07
897 1 105645.31862589301 4.8875876460772603e-06 3.0965027226262702e-06
898 3 96132.824989063796 0.50300648169270901 1.34262705061189e-06
899 3 96112.624382084206 0.50711330330400395 1.2093338865047801e-06
900 1 108138.142719986 4.0630018529746302e-06 3.0281192368901302e-06
901 3 95133.284355292199 0.63302936897703499 1.06110207367799e-06
902 3 95452.011522721907 0.59832311287714002 1.0383728294698101e-06
903 3 90691.572223958297 0.81792375789567495 1.5574720084028499e-06
904 3 99515.608452363405 0.0032674248211441801 2.3436646773969101e-06
905 3 88290.340158523803 0.84127871131938403 3.06408489792665e-06
906 1 108383.66758510801 3.7591997431368898e-06 3.0944687657163898e-06
907 3 90331.774186092705 0.82266511066664205 1.97208355989457e-06
908 3 95102.031218253207 0.63614243733157705 1.0627774643422801e-06
909 3 95138.055376945704 0.63320888893923299 9.2845391651479899e-07
910 3 96315.192776724201 0.47230953463362302 1.58944876534511e-06
911 3 95708.955597839304 0.56589229761916504 1.08147084292e-06
912 3 93557.042564162504 0.74274218001478398 1.03315886593534e-06
913 3 91535.896799244802 0.80395814298218504 1.1252725372979799e-06
914 3 89845.460294628807 0.82825342249407996 2.43862382681158e-06
915 3 95926.451813102904 0.53520378207876096 1.12350186705745e-06
916 3 89995.829470787998 0.82662432241275297 2.2799562689814901e-06
917 1 106665.782242267 4.4667300726597402e-06 3.1264551138377801e-06
918 3 94317.556516038196 0.70171068500907097 7.7439646489757502e-07
919 3 96652.933655725195 0.40938691691460599 1.6558761883979099e-06
920 3 92316.943312050396 0.78653135469493696 9.53313387227087e-07
921 3 97975.190926392301 0.13122556242542799 2.25626840280979e-06
922 3 90656.155433197593 0.81838478170195805 1.6688986868356301e-06
923 3 95214.956395665693 0.62940479583184195 4.25466913311309e-07
924 3 91874.0023845408 0.79704074577180595 1.0593138208179e-06
925 3 91610.534940240294 0.80250616846575296 1.10201398199161e-06
926 3 90583.099754301205 0.81938932864260094 1.7557170823421099e-06
927 3 96221.123766881603 0.48842649057231602 1.44469993294746e-06
928 3 99839.277703913802 0.00104539296378703 2.19510215303702e-06
929 3 95988.415831777005 0.52581921321932301 1.1802264792847699e-06
930 3 92391.316676912698 0.78503546089625298 6.2320166650050598e-07
931 3 89070.861408997196 0.83551785145338198 2.8345687724971301e-06
932 3 94746.345140001897 0.66843942224018404 1.0451107390551099e-06
933 3 93016.8298674752 0.76682668707641599 2.3935385306166901e-07
934 3 95866.023765979102 0.54395246419504995 1.15949328065564e-06
935 3 95083.371106983701 0.63797018142845796 1.0664066294509299e-06
936 3 95304.717340080504 0.61509685859755303 1.0353100032747801e-06
937 3 95941.467624863304 0.53287121135871796 1.1873090925936001e-06
938 3 91492.829882793201 0.804778080005639 1.14544614593494e-06
939 3 95612.671442357707 0.57874380852010898 1.0056672247979e-06
940 3 91760.231069419693 0.79947858317280196 1.0964408083554999e-06
941 3 94847.385634506194 0.65982822631455196 1.0557312507418399e-06
942 3 94815.131206074293 0.66261974299828397 1.0540733640905101e-06
943 3 95653.510488407395 0.57316131409270099 1.10205087320643e-06
944 1 99976.368906318501 9.7914365169478306e-06 2.5128771223793699e-06
945 3 96314.647296651005 0.47226151025080199 1.7388854718877201e-06
946 3 91688.877722707693 0.80093787312611497 1.08604051879581e-06
947 3 92124.612194507601 0.79128942767232202 1.0410655787167899e-06
948 3 91403.595910914504 0.80643432161029105 1.18380030681704e-06
949 3 92159.408599870396 0.79055918404793402 9.6032452827056199e-07
950 3 92872.701994224903 0.769818141159195 1.0224469767423999e-06
951 1 106824.95114440699 4.3708148586742002e-06 3.13689542586157e-06
952 3 95002.914166368995 0.646701600196111 8.8404901504183396e-07
953 3 94280.608953277406 0.70277668303045404 1.0493716814736301e-06
954 3 96170.912626978199 0.49699849966499599 1.2767219886831301e-06
955 3 92085.474625424496 0.792228865773136 1.0452000655574299e-06
956 3 91726.079154126404 0.80017643122148996 1.07949092712156e-06
957 3 92117.628688108904 0.791457819444222 1.04325446188576e-06
958 3 90405.207304019204 0.82173745249990304 1.90502091058173e-06
959 3 94960.8629786159 0.64965921014212602 1.05538065038392e-06
960 3 96501.181832999093 0.43876932609251201 1.6020089356811199e-06
961 1 101004.87855786701 9.1680243408628902e-06 2.6295436307230498e-06
962 3 94891.660699329499 0.65592692043281298 1.0566487486788399e-06
963 3 91640.605229001099 0.80195737072438 1.2536977386284199e-06
964 3 95750.087305769193 0.56027923299761495 1.10904312623469e-06
965 3 92540.267173051005 0.78101891408934099 5.5015330683816098e-07
966 3 94742.717028124098 0.66881178118624796 1.0244799524898201e-06
967 3 96248.033682189605 0.483867560814217 1.49605678193823e-06
968 3 88087.148089032198 0.842564583242015 3.4390010566239101e-06
969 3 95029.654764127001 0.64325548285957002 1.03961474189208e-06
970 3 95267.011100896896 0.61907923175898905 1.0721966741972099e-06
971 3 88011.622786735199 0.84302977113630595 3.04403831648834e-06
972 3 96054.094379081696 0.515929643799378 1.1312878004655099e-06
973 3 88005.272403573501 0.84306835853901696 3.0318142256878299e-06
974 3 91495.576876341103 0.80472593881435694 1.1425540020275799e-06
975 3 91688.052706075207 0.80095468076207699 1.0859195247159899e-06
976 3 90624.565828709994 0.81882271405293106 1.70205617106316e-06
977 3 87811.737435551302 0.84420721504288498 3.0344409778708901e-06
978 3 89360.662808789697 0.83301383975409504 2.9115409341001998e-06
979 1 102239.300316951 1.0412478883392599e-05 1.14880487784013e-06
980 3 94758.186566311502 0.66751245384682001 1.02923058297624e-06
981 3 92109.7802088475 0.79165986329051397 1.0218866745940601e-06
982 3 89472.586391623001 0.83197913189365902 2.6545952224800502e-06
983 3 96092.885270993094 0.50944583438798896 1.2966595592011599e-06
984 1 100429.999901512 1.06876578901608e-05 6.3617639821432197e-07
985 1 105717.02667164301 8.3525993220214293e-06 2.1751980946560101e-06
986 3 89640.799818440195 0.830344637105907 2.53052092926325e-06
987 3 89304.210317226694 0.83351892146651596 2.7459820436109702e-06
988 3 99026.9622760481 0.0131695543740643 2.41372424667577e-06
989 3 96451.856179631606 0.448817798078118 1.4960507112859299e-06
990 3 99488.700411011596 0.0032993993473970601 2.4604513144151001e-06
991 1 107115.493272835 5.2822230475996598e-06 2.67201535925693e-06
992 1 108200.033877757 4.1255422820007102e-06 2.9413045809912299e-06
993 3 94564.534350153801 0.68299759030606699 9.9499797284931491e-07
994 1 108441.841053882 3.9020235256282797e-06 3.0197870091173099e-06
995 1 108337.91582074499 3.6547174816918901e-06 3.1753942027076698e-06
996 1 108626.76214809 3.8058058013210998e-06 3.0785148952402598e-06
997 3 87796.6145949083 0.84429607569961695 3.1214222124804798e-06
998 3 93920.185942725395 0.72442777890054399 1.0431808127625301e-06
999 3 94903.077173940401 0.65490998261899702 1.0556775185335701e-06
1000 1 102500.676455304 7.6164380890973597e-06 2.7813626071260399e-06
1001 3 91642.513534318205 0.80187636724544997 1.12506439993921e-06
1002 3 97102.273505373407 0.31575439081621798 1.6877384399016e-06
1003 1 106142.163601347 4.5498977599545802e-06 3.1266119237771299e-06
1004 3 92625.329438397195 0.778641054697223 4.9402018911848702e-07
1005 3 93830.835618684505 0.73033608612554202 7.5904117998217995e-07
1006 3 92402.493443267405 0.78475675280818502 5.8160140659447397e-07
1007 3 94177.693613953903 0.710465807753622 8.0195404468102895e-07
1008 3 88714.542026278694 0.83831638872631198 3.3065438416331001e-06
1009 3 95153.493584363707 0.63108591560675797 1.0298191370148101e-06
1010 3 91614.127721326397 0.80243522992348204 1.1013671893785399e-06
1011 3 94297.3463257603 0.70266482063288704 8.30263857241774e-07
1012 3 90661.393298474999 0.81830995312286703 1.68400794686588e-06
1013 3 96029.117875339303 0.51951580257075103 1.22856075974281e-06
1014 3 89952.162258049299 0.82710777318997697 2.3124799076546501e-06
1015 3 95176.2161410923 0.62871062554438795 1.04556070703718e-06
1016 3 91265.419641856701 0.80889302025263099 1.2416547243900599e-06
1017 3 92665.322196192894 0.77716835708036003 5.6593876088386803e-07
1018 3 90429.139631982893 0.82142878742763603 1.9340325031420702e-06
1019 1 104299.14420022701 6.3092172040037403e-06 2.7991313148016099e-06
1020 3 96023.413425877399 0.52037894202896995 1.24463447625293e-06
1021 3 98669.458871532101 0.036587395376081598 2.3891897157037802e-06
1022 3 92589.723579030906 0.77957123282990504 5.3236915035630799e-07
1023 3 91367.983823354196 0.80708099235037301 1.21399903924253e-06
1024 3 91934.869787445306 0.79569719444129205 1.05229516484352e-06
1025 3 91535.840045755001 0.803959908384555 1.1329630653206699e-06
1026 3 91929.455221193493 0.79582067935815703 1.04760134123912e-06
1027 3 90320.213796846307 0.82281211073654803 2.1479605215945899e-06
1028 3 90397.543588393804 0.82183529098664698 1.9126340992566e-06
1029 3 91307.637200322104 0.80815598157870105 1.2009362715662199e-06
1030 3 90925.970296370098 0.81443544799213596 1.4397917512671701e-06
1031 1 103988.79655368 6.7284241459013697e-06 2.49581072400341e-06
1032 3 94836.232502982995 0.66079477483549798 1.0564338140186701e-06
1033 3 92368.868322553797 0.78504035241896097 1.02950755133752e-06
1034 3 92558.044853520405 0.78038461078391996 5.5847881634229401e-07
1035 3 91609.305223252304 0.80253033101680205 1.1048285164967199e-06
1036 3 95350.014368929595 0.61004692468250299 1.0421957470949099e-06
1037 3 92387.8506850657 0.78459796643788604 9.83781848802554e-07
1038 3 92484.447505672404 0.782525298074077 5.9961178347661e-07
1039 3 92138.890624667896 0.79095952056230501 1.0175744612505299e-06
1040 3 90389.774968774494 0.821933391262894 1.9275789794051901e-06
1041 3 96030.962349814596 0.51945352163129599 1.1285294254795299e-06
1042 3 89239.072038027603 0.83409189183308796 2.7704852070131301e-06
1043 3 92357.450868945802 0.78533249577374598 1.0406755034742201e-06
1044 3 92306.035747560702 0.78683564540515205 9.3650153614345404e-07
1045 3 94180.7355907569 0.70917347648782803 1.04526072106526e-06
1046 3 92352.373534634695 0.78564791105225296 9.0960580576530203e-07
1047 3 92596.756709142704 0.77901240531367399 7.4453176420181995e-07
1048 3 91458.070504776799 0.80542947973663703 1.1522346128462e-06
1049 3 91744.969504180801 0.79978547738082995 1.0764582591391299e-06
1050 3 92483.2443656221 0.78246943129548197 6.0707338976951102e-07
1051 3 98545.046991077106 0.048635220885603299 2.3614246539929398e-06
1052 3 92104.880000634104 0.79186689864611304 9.8834371913354407e-07
1053 3 93092.859425541203 0.76205029274033498 1.00954278670271e-06
1054 3 91713.293072088505 0.80043944059223004 1.08153121145572e-06
1055 3 88011.636935623406 0.84303201175130305 3.0385799694184801e-06
1056 3 92403.929520718899 0.784303169535707 8.7449836136883302e-07
1057 3 92633.849009020807 0.77819633677076006 5.2318581963814397e-07
1058 3 91086.817053701394 0.81189444858344795 1.3224579941880601e-06
1059 3 93019.695627421897 0.76470992425116502 1.0169140818965201e-06
1060 3 93786.570972717396 0.73161199032108304 1.0151174928014699e-06
1061 3 88817.828205713202 0.83753791147243895 2.93055960450641e-06
1062 3 89746.492119975897 0.82928726589744695 2.48224799447686e-06
1063 3 93071.975422253498 0.76484416741843397 2.2845813451729001e-07
1064 3 91613.279188852699 0.80246023254610599 1.15996522383265e-06
1065 3 91546.031468185902 0.80376863009830202 1.17274613695315e-06
1066 3 92352.687439430796 0.78560970856178902 9.3471857929321398e-07
1067 3 99784.825776562604 0.00146501073776277 2.1705205632507598e-06
1068 3 92619.375690091605 0.77854346559283005 5.6482516987902698e-07
1069 3 90808.777892915095 0.81619548221459304 1.56537853346168e-06
1070 3 91483.345451225498 0.80495958489112396 1.1855285626073499e-06
1071 3 90734.151619052398 0.81727981205884004 1.6236086347374e-06
1072 3 90973.098738593297 0.81370571313137297 1.4097164804404699e-06
1073 3 91971.695657609802 0.79494202983629603 1.0653631440549499e-06
1074 3 91616.045763647606 0.80239838856009305 1.1100790271225299e-06
1075 3 90746.971722219198 0.81709605427128296 1.6028182190922599e-06
1076 3 92587.960492048107 0.77937370266823802 6.3745007161063301e-07
1077 3 91424.323195340097 0.80605619345968005 1.1990032866049401e-06
1078 3 91577.759233182194 0.80315023087309001 1.1239393862173401e-06
1079 3 91532.735267291995 0.804020216745997 1.1427908298173101e-06
1080 3 91679.438510784501 0.80114181443084598 1.1482495705102801e-06
1081 3 90872.150926362505 0.81525320709358895 1.4889655121587701e-06
1082 3 91209.000923408399 0.80986204469198397 1.2666841810195999e-06
1083 3 95421.723281333194 0.60174317609693895 1.0828030767511001e-06
1084 3 90821.396692380004 0.81601066399645605 1.5287352071959299e-06
1085 3 90162.548768781999 0.82471419320878603 2.14242133656198e-06
1086 3 90772.241333483107 0.81673140244086595 1.5690063412778401e-06
1087 3 92561.099545223697 0.78022558231571504 5.8474072944378801e-07
1088 3 92545.626064429598 0.78060443942822899 6.3283692824577595e-07
1089 3 90883.412406688905 0.81508218367932805 1.5112979594743001e-06
1090 3 90250.119494940896 0.82366709333308996 2.0672625471505299e-06
1091 3 91481.4183670981 0.80499413280820997 1.1674053977703801e-06
1092 3 90316.351105358204 0.82285676688266196 1.9880834223057902e-06
1093 3 91422.463149804898 0.80608871845671803 1.15742449216087e-06
1094 3 89666.235488993902 0.83010188830064602 2.5351315922675501e-06
1095 1 105659.91697217499 5.26105902414561e-06 3.0451184423263699e-06
1096 3 92414.829457457497 0.78387964323506698 9.7222759903090404e-07
1097 3 95664.644907666705 0.57169802528512703 1.1065060044257199e-06
1098 3 92442.890069460802 0.78312615983766098 9.5880565573465e-07
1099 3 95795.069804085593 0.55414316799085295 1.08231852224099e-06
1100 3 92547.856126820901 0.78037166452677198 7.9752254604586899e-07
1101 3 94329.967063007105 0.70036660745004498 8.5278239366918704e-07
1102 3 95420.097968660994 0.60195012702857098 1.0754454640404499e-06
1103 3 93675.2225249849 0.73910069603864803 4.6836594456587397e-07
1104 3 99593.323183005195 0.0027024288122003701 2.2290674907426001e-06
1105 3 92456.069089161698 0.78292091012339704 8.29556218866155e-07
1106 1 100037.7814445 9.8179100520959096e-06 2.4540418776877301e-06
1107 3 92563.936450260298 0.77998391818324797 7.1911976074127202e-07
1108 3 96284.708473919396 0.47747383892686102 1.6769750467848299e-06
1109 3 91112.376046122095 0.81147618099108898 1.3128252880117901e-06
1110 3 91295.607327013902 0.80836765725996995 1.2060398697639601e-06
1111 3 90803.951190328196 0.81626705452275505 1.5566864988650301e-06
1112 3 91262.665203456098 0.80894118215864397 1.2461494451346699e-06
1113 3 90922.214801509297 0.81449258953249803 1.45159480947798e-06
1114 3 98539.558594735296 0.049462848320451502 2.11385875141919e-06
1115 3 90866.821129539007 0.81533303403865398 1.4996515035712599e-06
1116 3 93075.862078605598 0.76298756243648602 8.8644535952718896e-07
1117 3 98107.063794177098 0.108669608972746 2.0081940606293702e-06
1118 3 98163.841871836994 0.099169922570112895 2.2073263880383499e-06
1119 3 92041.881947393194 0.79335609729287104 1.01500286803654e-06
1120 3 97890.602463522897 0.14703208724675201 2.1120837855170302e-06
1121 3 94318.143205350294 0.70030525207051697 1.0464899437917099e-06
1122 1 102160.85022608101 7.9222132986516799e-06 2.7287834534335301e-06
1123 3 96256.012294639193 0.48304043178602601 1.3973980717788299e-06
1124 3 95955.864820005794 0.53071003680061002 1.19538782142831e-06
1125 3 95813.104819958797 0.55151775481917398 1.1324201279526201e-06
1126 3 95186.792960762701 0.62754613789241398 1.06982958561837e-06
1127 3 94548.134634670001 0.68408616350661899 1.03312171764477e-06
1128 3 92522.160903888696 0.78119259709431599 7.0472947631737402e-07
1129 3 92507.775219466799 0.78152831975138104 7.7730133079459897e-07
1130 3 89219.171130846007 0.83426572740508198 2.7871034115778299e-06
1131 3 96247.107278949799 0.48394085664780301 1.5775949941655799e-06
1132 3 97646.442727305897 0.196407549261856 1.9046704747637601e-06
1133 3 89674.024005186497 0.83002512867931 2.52411226020078e-06
1134 1 101811.11291387099 8.4548474308807095e-06 2.6489367301297102e-06
1135 3 94506.076433202295 0.68718689306269898 1.0374610938122301e-06
1136 3 95955.494031913404 0.53124449825828601 1.05796928360751e-06
1137 1 102554.846759988 8.9700895341500208e-06 2.1233242422133698e-06
1138 3 88494.061777537907 0.83989985153728897 3.1481071262078701e-06
1139 3 91341.0360033576 0.80756303594483503 1.19684062967768e-06
1140 3 96179.394061754399 0.49543144645652498 1.35061795482408e-06
1141 3 96199.444638580593 0.49275980820422899 1.3219861512477199e-06
1142 1 100764.788998073 9.4948107510281103e-06 2.5621748395560201e-06
1143 3 94594.060615519207 0.68062698286794798 1.0277947385569601e-06
1144 1 107127.219744577 4.1798384429999297e-06 3.1526297590031901e-06
1145 1 106767.141415484 4.29827560166266e-06 3.1451270430022799e-06
1146 3 91394.308637644106 0.80660374246111899 1.1675195347447799e-06
1147 3 91969.125096087693 0.79493634317399198 1.03780734683487e-06
1148 3 95744.808935994806 0.56107727359061998 1.0741491181722701e-06
1149 3 92403.509049852204 0.78423991579121999 9.3774612795412202e-07
1150 3 90575.459553640307 0.81950854796655903 2.0317260565403702e-06
1151 3 95839.626269291897 0.547763159326355 1.1371325085895699e-06
1152 3 90330.229819208194 0.82268263898691396 1.9882490241559801e-06
1153 3 95912.8341652831 0.53794046081271696 1.0334311254798e-06
1154 3 93605.208848616603 0.741163537900703 8.2926011593985399e-07
1155 3 90115.310809423405 0.82526310526240598 2.23886152928148e-06
1156 3 93368.267579895895 0.75110183773871597 1.02199051763629e-06
1157 3 95256.121462433803 0.62093179411385102 9.3409695008762199e-07
1158 3 93396.3219376083 0.75060629952265301 7.9795153006886395e-07
1159 3 95564.408601363393 0.58530595544835995 9.4771706623661698e-07
1160 1 103108.61759812701 6.9757596118070804e-06 2.88738802031887e-06
1161 3 92529.403468243894 0.78136452826170699 5.3048086070210896e-07
1162 3 92482.582296592795 0.782038214138568 9.4337501013583203e-07
1163 3 94638.559026221294 0.67720373255963096 1.0210916205353701e-06
1164 1 105412.372283972 5.9306862633915499e-06 2.6504383656056699e-06
1165 3 93149.8782847353 0.76060931507440099 7.5517966592090102e-07
1166 3 98858.297359890203 0.022650542396044401 2.0952510505566198e-06
1167 1 104852.51538790901 5.5623286970309001e-06 3.0102929793089e-06
1168 3 94655.955830189996 0.67576992256881996 1.0391724936846099e-06
1169 3 95687.279499295502 0.56953008216932399 9.6331307457133404e-07
1170 3 95647.0109579165 0.57433683870179897 1.0042257338749699e-06
1171 1 105142.56212446099 5.21728741760873e-06 3.0625818686775001e-06
1172 3 94475.172232846104 0.689521600364707 1.01293475704468e-06
1173 3 93225.529236025206 0.75688675535924799 1.0414322199938e-06
1174 3 95078.175670983095 0.63849865683535401 1.06040343276897e-06
1175 3 93003.557769768304 0.76713334515602105 2.6292095936319699e-07
1176 3 96534.677239065495 0.432084525803206 1.7243651771571e-06
1177 3 92994.762035417501 0.76638296194317801 7.0536890108907198e-07
1178 3 96024.411592615696 0.52023647942275297 1.23402055931437e-06
1179 3 96135.703879001798 0.50251909883388302 1.3647954848825399e-06
1180 3 95974.584208984801 0.52816380035121302 1.0864817958493001e-06
1181 3 92517.478035582099 0.78096146555512003 9.8908918143831606e-07
1182 3 95905.116113519704 0.53894285813203302 1.0289568787589799e-06
1183 3 95683.6605214265 0.56918322395881504 1.1139673172149699e-06
1184 3 95891.940304370801 0.54065508696178 1.03287841861703e-06
1185 3 95898.756349300107 0.53975961667442895 1.02919875390459e-06
1186 3 96712.589670530404 0.39678769032297201 2.1043475186866601e-06
1187 3 96040.039082330099 0.51778585765318297 1.2621047876822201e-06
1188 3 94919.579261358303 0.65341086668855297 1.0606753070864799e-06
1189 3 92137.757363612094 0.79096972054627002 1.0441253773715101e-06
1190 3 93147.023478335206 0.76003151266454705 1.00112119111059e-06
1191 3 88806.4499939909 0.83762550523401302 2.94429154644919e-06
1192 3 95455.418357767106 0.59779438672472396 1.08254514769801e-06
1193 3 91840.250377976903 0.79777189932199599 1.0628717639844299e-06
1194 3 92770.178667312997 0.77325291008665198 9.9515308901161494e-07
1195 1 107198.055072034 4.1880796900101402e-06 3.15037421548937e-06
1196 3 96035.522045737904 0.518495054996301 1.2544724458588401e-06
1197 1 107024.661023454 4.7398389063427801e-06 2.8029155365496099e-06
1198 3 91297.763449230493 0.80835206782824598 1.4057880577888701e-06
1199 3 93968.165845278301 0.72175697535137595 1.04536184405804e-06
1200 3 95984.366885017196 0.52675348704196601 1.0809801336211201e-06
1201 3 95058.140099020704 0.64053839001552504 1.0330033643573899e-06
1202 3 96050.744564294699 0.51613971527289004 1.24241009510043e-06
1203 3 91385.616825081801 0.806761772364323 1.16933577877199e-06
1204 3 95235.605043633201 0.62244700229543704 1.06721287947458e-06
1205 3 95452.471362367796 0.59843925826475397 9.9876651757436802e-07
1206 3 93229.569306469901 0.75952554520794202 1.6016654081171001e-07
1207 3 98049.697167640203 0.118234967240297 2.07223408128979e-06
1208 3 89335.076074221797 0.83324224803372604 2.73106925468143e-06
1209 3 96191.413061071202 0.49346709396885002 1.35237197805512e-06
1210 3 92175.074676920805 0.790080085699017 1.0094131565906701e-06
1211 3 96783.768039067596 0.382318376917891 1.9968820813476799e-06
1212 3 90757.069573500106 0.81695149878531403 1.57946446477897e-06
1213 3 97619.236051818603 0.201776942831037 2.0344160428370201e-06
1214 3 97262.008160298705 0.27939658025062503 2.0069223165370302e-06
1215 3 96987.023048674295 0.33946420386974802 1.9986961926192702e-06
1216 3 90826.366504272402 0.81593727130991001 1.51971647400368e-06
1217 3 92403.414227767804 0.78410600865100499 1.0251706233577501e-06
1218 3 95962.386428335594 0.52986803169404095 1.1189781653021101e-06
1219 3 92747.353099254193 0.77475947762084696 4.9616942555990599e-07
1220 1 105191.643021408 5.4597926846317298e-06 3.0234474494774299e-06
1221 3 90187.864597760999 0.82441565759864199 2.1129335887205798e-06
1222 3 95758.245750808303 0.55927772634135398 1.06296668362272e-06
1223 3 96575.668241975698 0.42396046207014898 2.0005074120314202e-06
1224 3 91813.277971913907 0.79834940086874295 1.0662384389647999e-06
1225 1 100254.20483127701 9.6981310208432999e-06 2.5443791696996101e-06
1226 3 91901.272495400699 0.79644590250216896 1.05098552097798e-06
1227 3 91101.9414342737 0.81164702196145799 1.36043753181493e-06
1228 3 92926.996786405696 0.76798691761858895 1.0126977513017401e-06
1229 3 91343.260034591905 0.80752408782329899 1.1862929720361e-06
1230 3 95559.025699409103 0.58534712575189296 1.0417220845923699e-06
1231 1 101699.904208363 8.3682361550431307e-06 2.68453417825716e-06
1232 3 96015.843073327196 0.52154759832447195 1.2425880221212599e-06
1233 3 92654.713712280805 0.77780843666658495 4.7545351001123199e-07
1234 1 101228.99705427801 8.8207394811064505e-06 2.6353217197963602e-06
1235 3 91284.607238385099 0.80856274462823097 1.28893517671205e-06
1236 3 95530.190625994699 0.58876330194746895 1.0954407569468401e-06
1237 3 96450.053117238902 0.447797393742354 1.9453609247148299e-06
1238 3 88779.6146741384 0.83782967149727305 2.9541123098797198e-06
1239 3 90868.496992480199 0.81533094202919898 1.7914194428073401e-06
1240 3 92228.168063348203 0.78913554830905097 7.5026547155564804e-07
1241 3 92825.581315265896 0.77273595821886099 3.66657093163584e-07
1242 3 92845.062777097002 0.77075037211695097 1.0192900809571099e-06
1243 3 94949.366410564297 0.65698396236959 1.9994327904262001e-07
1244 1 103909.346071947 6.7028266643417496e-06 2.8428712134524799e-06
1245 3 91239.950626752805 0.80933369381207798 1.2778582351249701e-06
1246 1 99996.151153876301 9.6547011800946497e-06 2.4747862322211798e-06
1247 3 89762.802966572897 0.82912108868402801 2.46759520722246e-06
1248 3 89916.043551352195 0.82749732360911099 2.4059666230054901e-06
1249 3 88892.915149199005 0.83695653167696704 2.9182403463067601e-06
1250 3 92904.435296543103 0.76996326964948003 3.7735082689418098e-07
1251 3 91872.953768497697 0.79709029229141604 1.08563664773759e-06
1252 3 92738.339595590107 0.77521502143683496 4.4205874527648598e-07
1253 3 90335.864020194305 0.82261128232347003 1.9924721249135899e-06
1254 3 91772.109826633998 0.79934890830079797 1.1215803206628001e-06
1255 3 96245.853452678406 0.48416043780392498 1.5667191277196e-06
1256 3 91849.989776059403 0.79772206251080902 1.0320861613742301e-06
1257 3 91540.361070309606 0.80387244375810296 1.1202922700795999e-06
1258 3 90955.650900378605 0.81397649253337301 1.4632445918023e-06
1259 3 91994.156152166805 0.79439342983702599 1.0401285484087701e-06
1260 3 91330.928313066703 0.80774366879128601 1.19481168368011e-06
1261 3 90574.719092676707 0.81950448851532598 1.74928448859284e-06
1262 3 91742.613164146402 0.79985434757487595 1.1371922303598599e-06
1263 1 103286.62109650399 6.6977192776109901e-06 2.8884569040920402e-06
1264 3 95821.950976974695 0.55026242958477001 1.13881780035151e-06
1265 3 91397.056139235501 0.80655372940196302 1.16793006671623e-06
1266 1 101450.06511342801 8.8997834571945706e-06 2.5746277139681298e-06
1267 3 95237.100958681098 0.62229782051539095 1.0636980866043899e-06
1268 3 90951.879699707599 0.81403592223923604 1.41925090848764e-06
1269 3 95842.116945448201 0.54738403572424899 1.1526030468834399e-06
1270 1 107614.68011958701 3.8544698309221302e-06 3.1816729831847098e-06
1271 3 91258.542682118205 0.80901305181547101 1.2289940416557201e-06
1272 3 91243.434949241302 0.809279874015432 1.3432793481959299e-06
1273 3 95966.383712110604 0.52934351167943805 1.09564035268281e-06
1274 3 97241.998475478205 0.28435253067711203 1.7978908221536e-06
1275 3 95923.054023258301 0.53596039998463996 1.0547198633463901e-06
1276 3 94939.198424135 0.65163127760602402 1.06015224588778e-06
1277 3 92027.144955852302 0.79359869191983701 1.0433987162580101e-06
1278 3 93079.557771240303 0.76462892276705297 2.2593700120198199e-07
1279 3 91067.266461709296 0.81221072515396397 1.34332124370712e-06
1280 3 96164.8559688846 0.49880654014645798 1.2940434521088599e-06
1281 3 93259.928756169204 0.75554311582346301 1.0300481627626099e-06
1282 3 92071.8324609314 0.79256719512161999 1.01977135264713e-06
1283 3 91987.604097858406 0.79450740733538705 1.0465862146963799e-06
1284 3 96258.169180489203 0.48217307629765599 1.49341033083888e-06
1285 3 96384.338944049494 0.46078893812188998 1.48668780699195e-06
1286 3 96225.085823008398 0.48780662264782898 1.4204953560258299e-06
1287 3 96157.142077440294 0.49914491781835701 1.2950647964731099e-06
1288 3 92336.509100531504 0.78596874348400203 9.8964864455404793e-07
1289 3 96085.491273702297 0.51075955669168804 1.2035373879584999e-06
1290 3 96006.279296995301 0.52304866430233998 1.21406292493182e-06
1291 3 96142.230974382197 0.50236155623688294 1.25287230218809e-06
1292 3 96007.909210760597 0.522921895715039 1.14369382588345e-06
1293 3 92055.642806706906 0.79293378478519305 1.0460733209144e-06
1294 3 92131.609889165804 0.79136981048188204 8.4380582081616105e-07
1295 3 95915.808902798293 0.53682819090646094 1.09996877158788e-06
1296 3 92632.550383587906 0.77747907970739705 1.0323973109458301e-06
1297 3 90289.409842327397 0.82318651613411098 2.1030474408784801e-06
1298 3 90815.521442599595 0.81609759389807002 1.5314260609254201e-06
1299 3 95814.175343055205 0.55149807866078404 1.0732628985458101e-06
1300 3 96807.112367745794 0.37741745623002898 2.12812511389902e-06
1301 3 95696.289642207194 0.56765554534555596 1.0548996810533199e-06
1302 3 94814.106238212902 0.66281656911394704 1.0225215958145499e-06
1303 3 95629.313755265001 0.57643606102232503 1.04760543817485e-06
1304 3 91765.727907061402 0.79935273632743897 1.07322576781473e-06
1305 3 96351.642586775401 0.46571003465524702 1.8248485543657601e-06
1306 3 92340.991509840402 0.78579297372885604 1.0274388578851599e-06
1307 3 91967.470348040893 0.79506517030864898 1.05256908139368e-06
1308 3 95485.017727165003 0.59440257533046303 1.0368430618200399e-06
1309 3 93370.887567592697 0.75097640103949104 1.02787139381096e-06
1310 3 92068.147585093393 0.79264017260844799 1.0408113563755801e-06
1311 3 94634.535216918404 0.67766365422568697 9.8505121306665498e-07
1312 3 95727.577568188906 0.56420071076137102 9.6895584398533095e-07
1313 3 95828.437750815894 0.55026934627013702 9.9839540184447299e-07
1314 3 89248.024663521603 0.83401097686818204 2.8346096752790698e-06
1315 3 94141.596556469507 0.71202379737056898 9.2810274768488899e-07
1316 3 95471.446201084196 0.59667640811061495 9.3704695959297502e-07
1317 3 93843.139917523396 0.72857738962462304 1.0435126148151501e-06
1318 3 95408.1025002073 0.60346656221529704 1.03334197267953e-06
1319 3 95666.033571409702 0.57842341364740801 3.07512233301458e-07
1320 3 91454.684429068497 0.80549264513499697 1.15527236730478e-06
1321 3 94912.2803342439 0.65467378256386499 9.2895524625633598e-07
1322 3 89414.987132784197 0.83251414534989299 2.68657912514119e-06
1323 3 91906.083959014606 0.79633629456825095 1.0544464161941599e-06
1324 3 95091.335303493295 0.637323139602744 1.0254562314973899e-06
1325 3 92984.5535785705 0.76599199792126305 1.0049590803653801e-06
1326 3 93138.186861759401 0.76259302116702099 2.04099205026212e-07
1327 3 96070.167134420204 0.51393454870561694 1.16077878984385e-06
1328 3 92590.109512684896 0.77961912470877404 5.2384293954373499e-07
1329 3 94682.707869303704 0.67379555787118695 9.9839728132230009e-07
1330 3 92363.928843014597 0.785252369215381 9.7897953681465295e-07
1331 3 89558.882133965701 0.83115659362279803 2.6045937816300801e-06
1332 3 92775.516108655895 0.77399994403316696 4.4018931244776699e-07
1333 3 90262.032787024596 0.82353691215890201 2.2746823648903201e-06
1334 3 91998.846747564705 0.79425074258426198 1.0469166353400401e-06
1335 1 104428.805752163 6.8376665998634902e-06 2.4700732502543699e-06
1336 3 94259.893336884503 0.70427951217562101 1.0045443448971599e-06
1337 3 90765.535160591098 0.81682848555925902 1.5799074750178e-06
1338 1 101262.780280765 9.1179311062206804e-06 2.6215028656213998e-06
1339 3 87716.797830237396 0.84474514901896003 3.1162688477908398e-06
1340 1 102213.512792454 7.8233428193025201e-06 2.7351112090041799e-06
1341 3 95075.561956611302 0.63905686187881405 9.831580204114481e-07
1342 1 102538.463309126 7.5454783198870796e-06 2.7848678240493498e-06
1343 1 105935.78304466901 5.0874449894778496e-06 3.06469445702222e-06
1344 3 92443.115138230802 0.78322265451164697 8.83304490740947e-07
1345 3 90674.564586084103 0.81812670249993302 1.65662773457841e-06
1346 3 95349.997105833303 0.61030918215130203 9.83621410342827e-07
1347 3 91595.720271486294 0.80280225966117602 1.1435546149628e-06
1348 3 92640.404174814597 0.77804256642060199 5.0957196357198896e-07
1349 3 92390.308270514099 0.78455862478709504 9.6670214088243906e-07
1350 3 95568.504772531203 0.58442055168590701 9.8822319458427802e-07
1351 3 92573.894629388 0.77996666815890003 5.4802784376588399e-07
1352 3 95746.983669528694 0.56110762349233201 1.00246469255413e-06
1353 3 94690.500696430798 0.67328069011807601 9.734201187933931e-07
1354 3 95468.1728900897 0.59665284568130805 9.8590167968801099e-07
1355 3 90158.8049908385 0.82475793752697002 2.1478920978524398e-06
1356 3 92959.849384005502 0.76770843057284999 6.4894470320695101e-07
1357 3 95663.654478360593 0.572239044834435 9.94453519602643e-07
1358 3 91692.388245608294 0.80086595588325005 1.0867939363169601e-06
1359 3 89971.5458878918 0.82689279040755903 2.3066264407569398e-06
1360 3 96550.108304381996 0.42893894269503602 1.91271649720391e-06
1361 3 95902.160402282403 0.53880428059004404 1.10913993522762e-06
1362 1 103504.118264274 7.2221279951885697e-06 2.7189731606121801e-06
1363 3 98575.993175896801 0.045722483463605697 2.1561151798719498e-06
1364 3 98119.4460734163 0.106699373945948 2.0336462343465399e-06
1365 3 98208.967821312806 0.092176663821098903 2.17896908262475e-06
1366 3 96152.599959433093 0.49975408888747302 1.39339536319536e-06
1367 3 91864.989648561503 0.79723622127812599 1.0593205622545099e-06
1368 3 92677.794344068694 0.776637208214081 7.2632409767905498e-07
1369 3 90732.056498213598 0.81730974713426596 1.6292630750034301e-06
1370 1 105732.262481395 5.3447223607896198e-06 2.7688960611959402e-06
1371 3 95225.509198068394 0.62406284403530898 9.4874015500795596e-07
1372 3 96439.461880943607 0.451444559210194 1.4744156239739101e-06
1373 3 89653.763679111304 0.83022612400292395 2.54229363063291e-06
1374 3 95317.478826726801 0.61431396125787596 9.3039019957627605e-07
1375 3 95222.571051750798 0.62415230056849902 9.8301109054183591e-07
1376 1 104972.129660331 5.7918604731991396e-06 2.9321317936972101e-06
1377 3 90805.498637859797 0.816243778524948 1.5724047719999201e-06
1378 3 96492.510507226296 0.44033510784959501 1.6129593055850001e-06
1379 3 93895.667873730898 0.725870882767359 1.00931229156192e-06
1380 1 102087.183510344 8.2681283846428804e-06 2.7095282287908001e-06
1381 3 96113.309763382698 0.50616657392460696 1.31875462609244e-06
1382 1 106939.71896617601 4.1642822019961499e-06 3.1330722104076298e-06
1383 3 91120.119078581498 0.81134960471966799 1.3017259315769001e-06
1384 1 101871.53470612899 8.3992170194295101e-06 2.650248111576e-06
1385 3 90659.022883480502 0.81834288404103395 1.6896281050838699e-06
1386 3 94963.587773359599 0.64951762858432405 1.0235393694433e-06
1387 3 95723.592450090306 0.563850353400139 1.1178848843814199e-06
1388 3 90603.217535820993 0.81912910288766305 2.0061474408979099e-06
1389 3 92626.065874391003 0.77837402562003599 5.4787325733132599e-07
1390 3 91317.161684823397 0.80798701733675204 1.21453846760176e-06
1391 3 95465.9161528845 0.598613485432262 8.8574274881931496e-07
1392 3 96325.696096678701 0.47034014755126502 1.7263743566412499e-06
1393 3 92423.174152999607 0.783681536251983 9.5239769475787805e-07
1394 3 92598.231536303399 0.779108625553811 6.0799063251272402e-07
1395 3 96194.958152148203 0.49282801994817799 1.38575794192435e-06
1396 3 95996.680440837401 0.52535036791255996 1.0876038050531099e-06
1397 3 90821.394204463199 0.81601064099772902 1.5300994853859401e-06
1398 3 97929.657715057503 0.139720116760257 2.1018513256137699e-06
1399 3 92682.910573862595 0.77667930388989403 5.3592980881788797e-07
1400 3 96427.326280776906 0.45204996310621398 1.8279660534649299e-06
1401 3 90770.910866160193 0.81675066750842296 1.5712940067085801e-06
1402 3 96248.154570229206 0.48446945386918799 1.3865531754325e-06
1403 3 92510.4934066204 0.781835646746324 5.7512823656364499e-07
1404 3 90732.986410914295 0.81729699747338802 1.6168178004975699e-06
1405 3 93139.351175143194 0.76274597165076996 1.68941343597385e-07
1406 3 94648.506281798298 0.67727180359322003 8.6102222188216504e-07
1407 3 89699.205899777298 0.829766626578052 2.5489166222908201e-06
1408 3 97207.597345930204 0.29132406314900799 2.05757447932242e-06
1409 3 90871.219190685893 0.81526721371550204 1.49119356731285e-06
1410 3 91546.065365579707 0.803769406090175 1.18116133105281e-06
1411 3 91482.869006195397 0.80496957616238496 1.19346062800791e-06
1412 3 90247.048186799802 0.82370404005409703 2.0723565344902901e-06
1413 3 92354.384499240696 0.78561054934595997 8.9694499777093096e-07
1414 3 91612.663209428196 0.80247444350966901 1.16890431517589e-06
1415 3 94868.294203298006 0.65799085321324502 1.05796009077632e-06
1416 3 93158.772407680299 0.76197349121990399 1.8613642900921301e-07
1417 3 93613.067552571898 0.74106056181112101 7.6457539424872196e-07
1418 3 99026.098897329794 0.013215163291763201 2.4092302091557901e-06
1419 3 91954.034982971105 0.79534876232461105 1.0726545582305601e-06
1420 3 94478.392376630101 0.689213237741504 1.0343522027231199e-06
1421 3 91931.898711075293 0.79576690053625299 1.04661089123067e-06
1422 3 91959.774555978205 0.79514970307626398 1.03949121527425e-06
1423 3 93943.331017801102 0.72409169935800999 8.0659027154283303e-07
1424 3 91422.534348736401 0.80608987677601995 1.2067171243951001e-06
1425 3 93349.835586220099 0.752814496413026 7.1700843151535196e-07
1426 3 91654.210103371704 0.80163829126123398 1.09959649495577e-06
1427 3 97667.891090535501 0.19201634130152501 1.90474473772514e-06
1428 3 95503.2040773849 0.59208042023012697 1.08171116106714e-06
1429 3 90058.120414101795 0.82592177208413897 2.23883694886881e-06
1430 3 91216.344347558697 0.809736950378107 1.26596059343233e-06
1431 3 91428.335576531506 0.80598166605497801 1.1852194326777101e-06
1432 3 91364.768647934703 0.80713954373557695 1.22149349568905e-06
1433 3 91617.300905118696 0.802373998400426 1.11168635836304e-06
1434 3 94071.673756735196 0.71663375865349599 8.35917158097427e-07
1435 3 92139.124976581894 0.79095618885529395 1.0149263977045101e-06
1436 3 90809.361429867597 0.81618850952927802 1.5335559843419199e-06
1437 3 92757.694839498203 0.774694172959423 4.2108227057420701e-07
1438 3 92348.621531974306 0.78572573013711899 9.27970490815623e-07
1439 3 92631.492948483807 0.77848451412976705 4.3145698123884199e-07
1440 3 92258.355124617694 0.78795523710686699 1.03145506374645e-06
1441 1 100515.291736468 9.3948185907271601e-06 2.5004890356123698e-06
1442 3 92490.126697623899 0.78231262574024496 6.0497371639601297e-07
1443 3 96307.738381304604 0.47354405234004798 1.6322898443269501e-06
1444 3 91576.8660916144 0.80316814652264901 1.1270014538226899e-06
1445 3 94517.465697100895 0.68637803337470205 1.0293543705018801e-06
1446 3 88934.387662797904 0.83662525325179005 2.9164668850022298e-06
1447 3 95833.705763111604 0.54886345677525405 1.04178167882212e-06
1448 3 92377.945569407297 0.78525793479936401 6.8185751519840998e-07
1449 3 92407.4517061519 0.78422967290479295 8.5409205173187805e-07
1450 3 92300.343090083697 0.78699265836398002 9.3084312291530199e-07
1451 3 92659.579375696194 0.77753422623352897 4.8931831966483603e-07
1452 3 90951.528763524504 0.81403996166396198 1.45042887194328e-06
1453 3 91171.050913383006 0.81050276781501995 1.3141354848061501e-06
1454 3 90306.775253435393 0.82297534343571099 1.9971146971735e-06
1455 3 92784.330272774794 0.77270450412389602 1.0398613226660299e-06
1456 3 91533.627928078 0.80400273420196799 1.13600879541948e-06
1457 3 91573.750924347594 0.80322756059126799 1.12077085382977e-06
1458 3 88761.020991446101 0.83796609473177497 2.9087970449211901e-06
1459 3 90878.304418735293 0.81515963490957699 1.51992060191649e-06
1460 3 92611.104855587604 0.77862842852595204 7.0763614478925296e-07
1461 3 91531.022434819999 0.80405352696361398 1.14736028379083e-06
1462 3 96294.677656968895 0.475740284514588 1.7055384985600401e-06
1463 3 92449.404603961899 0.78306989990669396 8.6421643429858295e-07
1464 3 95089.467480712803 0.63738103608626595 1.06349733422358e-06
1465 3 91077.608626950503 0.812043518304436 1.3337067361735099e-06
1466 3 91602.2876882446 0.80267417633026406 1.1483097649992301e-06
1467 3 92573.961677130705 0.77972928771109495 6.8531159564877499e-07
1468 3 91583.206559995204 0.803045783595558 1.1368294126884801e-06
1469 3 95937.570251259895 0.53399438552356904 1.0465404566468601e-06
1470 3 92405.679406827898 0.78432813393352996 8.0327087704917696e-07
1471 1 101197.401427105 9.0486250475253908e-06 2.6460177226643299e-06
1472 3 93463.747686247705 0.75095400672537704 9.3079669446360503e-08
1473 3 96275.415690390306 0.47919013355086498 1.5401745187036201e-06
1474 3 91480.260255862304 0.80501655682478701 1.1733996590637e-06
1475 3 93385.230376102598 0.75370944935425499 1.3647484450059499e-07
1476 3 91743.870779076198 0.79982247841399801 1.1199079262187399e-06
1477 3 96175.202116677901 0.49614895113244201 1.32929339169645e-06
1478 3 94682.638755422595 0.67362511520102297 1.0453555496621e-06
1479 3 92458.483874331898 0.78287996055784304 8.0437102454205503e-07
1480 3 95942.197046991307 0.53288908284077097 1.1148602543581401e-06
1481 3 96187.663245703399 0.49482027018147501 1.31174178536159e-06
1482 3 95889.622090893594 0.54054296263246804 1.1570703068758901e-06
1483 3 93291.848724872994 0.75422758041042004 1.0400047978636599e-06
1484 3 91936.350282483807 0.79569296600970396 1.0596068640301401e-06
1485 3 91692.272839877696 0.80099657766887 1.13811277047658e-06
1486 3 91673.799899453807 0.80125921279134205 1.15905187975199e-06
1487 3 95733.172397348404 0.56268360528198702 1.06387233251883e-06
1488 3 92554.026697633002 0.78022718785020395 7.6517361331108703e-07
1489 1 104076.146908754 6.0577473909184503e-06 2.9570121033855001e-06
1490 3 91695.942600714596 0.80079526358407505 1.09032442764215e-06
1491 3 94400.284097158205 0.69469427821145702 1.05096522757568e-06
1492 3 92547.903435649903 0.78061690499008796 5.8439610541801597e-07
1493 3 91648.280763103903 0.80175696159028498 1.09960632417234e-06
1494 3 92547.616126633206 0.78057726572869701 6.1235625010422705e-07
1495 3 91925.965987886404 0.795906872838676 1.04548768251644e-06
1496 3 91541.816943980695 0.80396181859684301 1.2942048273381299e-06
1497 3 92529.779475552903 0.781006714346688 6.7657276977035096e-07
1498 3 94558.786309523202 0.68332239114608195 1.0231947012866501e-06
1499 3 95527.857956081003 0.58918825639057004 1.0429353368906201e-06
1500 3 92033.006923256704 0.79354426036467496 1.03066490092291e-06
1501 3 96238.109878702002 0.48547112178039298 1.5576650147182601e-06
1502 3 95932.064838443301 0.53427084582621698 1.1851595452929999e-06
1503 3 91496.163245494594 0.80471488902934396 1.13877933893939e-06
1504 3 89698.182191575499 0.82977327935284695 2.5161388372678099e-06
1505 3 91425.869125200596 0.80602605394369298 1.1569440076988199e-06
1506 3 97827.618052681399 0.166362054189333 9.765731817261009e-07
1507 3 91966.945408003507 0.794976309643736 1.04871116890673e-06
1508 3 96067.786245459007 0.51416061108275302 1.1447723356765701e-06
1509 3 94759.259858863705 0.66733843917346203 1.05422143341717e-06
1510 3 91292.204656590198 0.80842705951689797 1.2119224113789101e-06
1511 3 91257.173506962397 0.80908125989338897 1.50781994907986e-06
1512 3 95541.975365077902 0.58953003354593703 8.9764463810044405e-07
1513 3 92513.766516095799 0.78138721872920502 7.4804648401470696e-07
1514 3 88765.332014224303 0.83793340375772696 2.91832359733936e-06
1515 3 92109.375846801602 0.79177284050141405 9.7680253907584493e-07
1516 3 91925.980201553699 0.79589521362933502 1.05255312037769e-06
1517 3 90923.780695969297 0.81446874371076705 1.44673162593294e-06
1518 3 95886.503030184205 0.54189214475726 1.0229200947164999e-06
1519 3 91796.560761896093 0.79887241669438902 9.3181318983980003e-07
1520 3 88431.381012989004 0.84033502236285196 3.0390826686361599e-06
1521 3 88128.471576734504 0.84231518322342103 3.0879134726239502e-06
1522 3 95642.019537860106 0.57474227458730198 1.0651141830729201e-06
1523 3 90480.873494076804 0.82075582097862898 1.84467329942753e-06
1524 3 94599.138740503593 0.68028184655527602 1.0157534325527499e-06
1525 3 87828.204911006003 0.84411452251508201 3.0868543999743402e-06
1526 3 90972.027601119393 0.81372239932977797 1.4122744934959801e-06
1527 3 92437.545840443505 0.783346598775013 9.0802347762440502e-07
1528 3 90801.8297081317 0.81629804916406201 1.56220157955922e-06
1529 3 94358.191309467293 0.69782558488116697 9.8529714513802299e-07
1530 3 98167.255009578701 0.099901160280906801 1.91527093791236e-06
1531 3 90921.124652301005 0.81450926900996101 1.45439620694811e-06
1532 3 90954.389525671402 0.81399563029996602 1.45341903805172e-06
1533 3 96475.888719502705 0.44302241342939302 1.8797710891940699e-06
1534 3 90864.377958353507 0.81536968261248599 1.50412804679185e-06
1535 3 92394.739863637704 0.78448809001675401 9.3017030402695795e-07
1536 3 91826.082813246205 0.79807603440890396 1.0646540675258699e-06
1537 3 91861.176959385106 0.79732841142104105 1.0605950088755701e-06
1538 3 91592.136330203299 0.80286797532729604 1.1092706519326001e-06
1539 3 95896.101796861694 0.53958875891385005 1.16400392975451e-06
1540 3 91997.723436464294 0.79447445335117794 9.3152049496134101e-07
1541 3 94768.255675435197 0.66659039104353301 1.05331635983561e-06
1542 3 97273.304202320302 0.278804060952688 1.7094492476340001e-06
1543 3 91110.035198597194 0.81151470802202896 1.3151021380243101e-06
1544 3 92781.797618433106 0.77364110626835303 5.4037305057354095e-07
1545 3 94733.462108293999 0.66951277940218001 1.04186462360842e-06
1546 3 95897.574613960896 0.53935773901420003 1.1748060569074699e-06
1547 3 89531.665551101294 0.83141778009459599 2.6204499679319298e-06
1548 3 91592.553283504094 0.802859658382299 1.1061480208615699e-06
1549 3 92922.125081624006 0.76809583794033198 1.0404867864558699e-06
1550 3 93378.792626328301 0.751196072106324 8.3857379361903001e-07
1551 3 94775.2694837655 0.66605517014525895 1.03749549182978e-06
1552 3 93189.367338195399 0.75894911590365199 8.0599427748270595e-07
1553 3 92592.660945383905 0.77884955091540298 9.4316011764962004e-07
1554 3 91743.104943870494 0.79982415001817497 1.0768385524287999e-06
1555 3 91843.307044732705 0.79770598631059397 1.0624234433959199e-06
1556 3 96344.249327655198 0.46722034376687699 1.6048348229618999e-06
1557 3 94636.707449429203 0.67729629812832004 1.0356667362571299e-06
1558 3 92989.020228267895 0.76644293689086596 7.6481178651521303e-07
1559 3 95629.984180352403 0.57658632539690002 9.95672708134981e-07
1560 3 90331.992149088503 0.82266033595197496 1.98942571070674e-06
1561 3 92047.459789643093 0.79323891097120403 1.00329253687833e-06
1562 3 95425.755445925606 0.60162230061877997 9.8911600971655401e-07
1563 3 92735.896271077305 0.77427603618386798 1.0304192874558099e-06
1564 3 94416.564110725099 0.69371024055490604 1.00731138903363e-06
1565 3 90549.329663415003 0.81984784291502499 1.76765214541383e-06
1566 3 92102.360597218605 0.79182539215973602 1.04348717480503e-06
1567 3 92920.617377343297 0.76978748545524101 3.1018640241103197e-07
1568 3 95880.134460737798 0.54267528126461695 1.0184863301847699e-06
1569 3 90403.521144478698 0.82175779956384998 1.9173648422096002e-06
1570 3 92487.638126241494 0.78172602513968104 1.0405335625926899e-06
1571 3 92460.420727737699 0.78267393366628801 9.3562022467716597e-07
1572 3 93544.8154287121 0.74328477463886999 1.0404648301489401e-06
1573 3 90931.572282223802 0.81434828317752805 1.4566451229244699e-06
1574 3 91885.443410474501 0.79679031504808495 1.05691667844189e-06
1575 3 92893.377370130998 0.76983373910460695 7.1599771840947498e-07
1576 3 95983.273502860495 0.52657036890086695 1.2016425125588699e-06
1577 3 95871.231988368003 0.54372804361094695 1.02179946735794e-06
1578 3 93437.218899844505 0.74819637015718199 1.00269516661614e-06
1579 3 95875.384617308402 0.54323722826035503 1.01832218245825e-06
1580 3 96292.610136323696 0.47713244607411598 1.4235102145122599e-06
1581 3 93597.167854104002 0.74090044288410495 1.0233851814439901e-06
1582 3 94475.077563626095 0.69199694178597404 5.3915272464693697e-07
1583 3 91535.187607490298 0.80397465378219601 1.15589357849172e-06
1584 3 92472.091036912301 0.78226581696380704 9.8345114931610605e-07
1585 3 95011.322417362098 0.64501514812483096 1.0347232046303199e-06
1586 3 95303.1890712686 0.61547561043869103 9.8746456954634703e-07
1587 3 91848.872943064503 0.79758583267960703 1.0615208637599199e-06
1588 3 92463.706363841702 0.78276912430239998 7.6716126704092804e-07
1589 1 102892.129209961 7.8234834979330706e-06 2.6632927129411199e-06
1590 3 96562.649726099495 0.42649053641423601 1.9693924060753299e-06
1591 3 95988.071502948107 0.52583180843924704 1.20984522251501e-06
1592 3 96273.478785759595 0.479425169155551 1.63404306489251e-06
1593 3 90417.157403812802 0.821584499405419 1.89202302676207e-06
1594 3 92395.540890781194 0.78448769007100105 9.1164988447463998e-07
1595 3 96169.722997275006 0.49765960923393199 1.2762940237129499e-06
1596 3 93026.0332378616 0.76453066283622995 9.9592803290211498e-07
1597 3 92842.394028683106 0.77192550426275597 4.0967564827984898e-07
1598 3 91811.821077156404 0.79838050031159702 1.0664697761612801e-06
1599 3 92478.281384530099 0.78198926217531295 1.0437209404841901e-06
1600 3 91317.648483210403 0.807979694117124 1.1981839182553399e-06
1601 3 90119.551883853695 0.82521436896096501 2.2428199827093501e-06
1602 3 90151.680670122907 0.82484080483553901 2.1611392000351199e-06
1603 3 96291.585016438097 0.476298085303893 1.6681765526966499e-06
1604 3 93438.177823925304 0.74805390240492997 1.04088491267015e-06
1605 3 96099.978675899605 0.50829858349452905 1.3142604908762701e-06
1606 1 102773.67353626101 7.7944541390816907e-06 2.6761962424960098e-06
1607 3 91409.059389863003 0.80633443345900802 1.1754919556359599e-06
1608 3 95416.601625185605 0.60307766299386401 9.3789307765685704e-07
1609 3 98081.167594047394 0.112906489432701 2.0612802203428001e-06
1610 3 92046.466844931099 0.79314894472471298 1.04253081356863e-06
1611 3 92146.553294771598 0.79075513374461004 1.0407638002067701e-06
1612 3 92891.870041706396 0.76998131188387997 6.6082031271230302e-07
1613 3 93011.632143431096 0.76636092104848397 3.7520618084681197e-07
1614 3 96121.429182907101 0.50497885530725595 1.24441731517641e-06
1615 3 94876.624551329005 0.66076655567152898 4.9607310954941e-07
1616 3 97230.539675131993 0.286710020176492 1.8372212421802699e-06
1617 1 100141.66943397401 9.7616616735142297e-06 2.5082788803605699e-06
1618 3 95915.168296754695 0.53679458260151802 1.1650314415263599e-06
1619 3 95037.381217649294 0.64255963351883105 1.02735565978789e-06
1620 3 96379.410392217804 0.460713986089822 1.8982549503075599e-06
1621 3 95967.615218085601 0.52898134306980904 1.16940526356834e-06
1622 3 93255.479329415801 0.755750315834533 1.0182473090851499e-06
1623 3 92673.386694339497 0.77631372779562902 9.8972314358578894e-07
1624 3 91704.492513107805 0.80061922321735002 1.0834347908093801e-06
1625 1 101837.57299119201 8.6039539215132293e-06 2.6747637942515501e-06
1626 3 91267.087749473896 0.80886520967294795 1.21993073907009e-06
1627 3 92455.143681400106 0.78266222634367499 1.0298376393289401e-06
1628 3 97645.313747761102 0.196337310994953 2.0154490469534199e-06
1629 3 96795.079106287201 0.38000434561280699 1.9644090380262599e-06
1630 3 97288.371027421206 0.27362280867213301 1.9863691920881899e-06
1631 3 97008.792368350405 0.33480011452101099 1.9693235114878399e-06
1632 3 91668.573205822497 0.801348758271341 1.08999874091597e-06
1633 3 94384.278072387999 0.69581093559416896 1.04862642138899e-06
1634 3 91253.125956590506 0.80910711265875002 1.22662008352233e-06
1635 3 93873.486433119804 0.72698485605948404 1.0354685892813699e-06
1636 3 96062.550510789501 0.514260963502015 1.2705300277626e-06
1637 3 96084.094386708195 0.51084535430292599 1.2902782582491099e-06
1638 3 90873.2164778812 0.81523628703854101 1.50493612880235e-06
1639 3 91697.7638697121 0.80076338881347697 1.10919666473513e-06
1640 3 89868.279455469499 0.82801443734859304 2.3879699132495701e-06
1641 1 100939.974849522 9.2142412243581902e-06 2.5442567705630698e-06
1642 3 90688.217430227101 0.81793490540129199 1.63980768327036e-06
1643 3 94703.948818232093 0.67194577569921499 1.03468637301584e-06
1644 3 96109.549954193106 0.50678023825596197 1.3066529496763399e-06
1645 3 96389.464440335898 0.45895650206722899 1.79727029647623e-06
1646 1 101739.676482904 8.2119528453077299e-06 2.6987452434483299e-06
1647 3 93034.860477676906 0.76411109970749502 1.03991741897437e-06
1648 3 91528.348599296005 0.80423823838634501 1.28480441777307e-06
1649 3 96041.632408284204 0.51836149306095602 1.1261071607460601e-06
1650 1 100809.941639475 9.5527501508008104e-06 2.23194798989422e-06
1651 3 93019.246935323405 0.76671817834242695 2.3065550979480899e-07
1652 3 93855.927822648402 0.72966183894349801 5.8317028961404795e-07
1653 3 92921.699786647194 0.76934268166192499 3.9720606570154801e-07
1654 3 88640.819507128603 0.83885937649137499 2.9888333575973902e-06
1655 3 93138.8130997423 0.76278356623129795 1.8844176990361901e-07
1656 1 100845.79857026901 8.9993526106346907e-06 2.6139883365342299e-06
1657 1 101299.174165452 8.6239019227769593e-06 2.6562957284206599e-06
1658 3 95542.920824483605 0.58722500515517495 1.0825246131964501e-06
1659 3 96264.399135361295 0.48098509603002698 1.61350456464703e-06
1660 3 95070.272410796693 0.63928336359851101 1.05618513083827e-06
1661 3 93777.053959965502 0.732037038174153 1.03647688325695e-06
1662 3 90536.798435527002 0.82001580514588102 1.78041357257296e-06
1663 3 92070.368115282297 0.79258694946395902 1.04544390151034e-06
1664 3 99259.9933252427 0.0060490925143527703 2.4450620136525299e-06
1665 3 91566.4491497821 0.80336891573525704 1.1183395430914299e-06
1666 3 95259.234298898606 0.61991347275726505 1.0727212080132399e-06
1667 3 91521.717682293805 0.80422964491709903 1.1242871792149699e-06
1668 3 90213.748262773093 0.82410769919022098 2.0826419287862399e-06
1669 3 96315.708219812703 0.47225164544903803 1.5687375289087e-06
1670 3 91797.118451777307 0.798692733887722 1.06846060859895e-06
1671 3 96265.411035247394 0.48080535161732402 1.62468757876349e-06
1672 3 92721.801943114799 0.77482902838453205 9.7845218153025501e-07
1673 3 87480.676724476303 0.84601827170772204 3.14029061679867e-06
1674 3 96337.241654844198 0.46825977118199902 1.8193879049941201e-06
1675 3 91729.820079685698 0.80009973581450999 1.0785341719002401e-06
1676 3 90505.512857711903 0.82043237497802002 1.80881537819285e-06
1677 1 100532.440523054 9.2976273931804302e-06 2.1287907421764602e-06
1678 3 94945.389444778106 0.65106326772234002 1.06086273647178e-06
1679 3 89916.203320294095 0.82749493001095897 2.3937171456525498e-06
1680 3 91446.367721066694 0.80574827918302305 1.1041628965563101e-06
1681 1 100969.32815739499 9.1202612595220992e-06 2.55162518853486e-06
1682 3 95864.805268516793 0.544560436144785 1.0276290112901399e-06
1683 3 96057.577849245601 0.51546288804835105 1.12850266809721e-06
1684 3 96156.922175345404 0.49904537634402002 1.3996806948636699e-06
1685 3 92732.072785863696 0.77437332786024604 1.04404405237484e-06
1686 3 93025.428639747697 0.76653683276740503 2.1488436667678201e-07
1687 1 99855.941825575806 9.8684763333466906e-06 2.5094976909878201e-06
1688 3 90985.261096918694 0.81358055371689197 1.3270749503881299e-06
1689 3 89934.982956631502 0.82729576092611701 2.3263333300613401e-06
1690 3 92666.702141956601 0.77692450631171295 7.7549785814763804e-07
1691 3 95985.689878058605 0.52643137216978997 1.1007418368166201e-06
1692 3 99535.918656608803 0.0030024600451837298 2.46548302748047e-06
1693 3 92119.856961305297 0.79140390780250902 1.0436056848601401e-06
1694 3 93434.676830023294 0.74864598641676705 8.8837383102850105e-07
1695 3 95964.912864887301 0.52934851954615103 1.19788444289439e-06
1696 3 88971.699364410102 0.836330590377103 2.8797808967050801e-06
1697 3 96254.632638554394 0.48266377836294699 1.585804279257e-06
1698 3 89115.482363384494 0.83515076312853098 2.83356376079496e-06
1699 3 96236.382878667195 0.48577610538419003 1.5414576312255301e-06
1700 3 93724.951326593 0.73471591960349203 1.0212114151508501e-06
1701 3 95325.342721932 0.61273020865252104 1.0647679695206899e-06
1702 3 89875.978504726503 0.82792997357293296 2.39260711481182e-06
1703 3 95819.917221460797 0.55063548740116097 1.0946244202266799e-06
1704 3 92586.383750083696 0.77927275478510805 7.9109907393690702e-07
1705 3 93679.858909618095 0.73688681784797305 1.0413896107366401e-06
1706 3 91383.431020949603 0.80681095894715005 1.2816015631943301e-06
1707 1 104916.432492035 5.6209880783398798e-06 2.9978653233560399e-06
1708 3 92466.531390193501 0.78300809301365704 5.3097615953361e-07
1709 3 96938.101139016406 0.34990402537465698 2.04223916690999e-06
1710 3 90223.999671798301 0.823984683123822 2.0733870979691002e-06
1711 1 105821.26999213699 5.6277851046015297e-06 2.8050097765541401e-06
1712 3 92592.206380136893 0.77870864483167701 1.02342841668919e-06
1713 3 91799.561866527802 0.79864060987637797 1.0679907345569801e-06
1714 3 95375.357807483 0.60708806373836399 1.07623890492434e-06
1715 3 96089.199269155593 0.51004188557154395 1.2857746078374301e-06
1716 3 87944.904206255102 0.84343387136515902 3.1061361767548399e-06
1717 3 91159.348735933905 0.81069855128915902 1.29385985518688e-06
1718 3 95804.117735908396 0.55305933651799899 1.0330550134257199e-06
1719 3 92368.800973792604 0.78502450524913603 1.04318499778536e-06
1720 3 89539.497585671095 0.83134846552187203 2.8552956130393702e-06
1721 3 95018.096003655999 0.644568598524633 9.8772855084711098e-07
1722 3 92561.074679339697 0.779716228212746 9.7755671494777594e-07
1723 3 91988.228504426501 0.79449767216592704 1.0387557605891399e-06
1724 3 96031.799960207907 0.51920819691814801 1.16364655060861e-06
1725 3 96142.599575807195 0.50139649236422201 1.37301679266452e-06
1726 3 92574.326696728007 0.77920998192380997 1.0400260379727499e-06
1727 1 101814.606481214 8.5961767619473003e-06 2.69921941799952e-06
1728 3 91590.133910582706 0.80290704291467896 1.1065864758709399e-06
1729 3 95664.343622481305 0.57172906699131698 1.110687546499e-06
1730 3 92301.298702780798 0.78730078234569201 7.1991928887296599e-07
1731 3 92141.298188696397 0.790917609062605 1.0011984834222501e-06
1732 3 92638.951858337896 0.77778279756662005 7.3992409724296405e-07
1733 3 94615.465468560404 0.67923638074759995 9.6547493367199097e-07
1734 1 104428.40906745401 5.94214396290681e-06 2.9718530210334799e-06
1735 3 92358.530041888094 0.78543791407580499 9.4884692893087905e-07
1736 3 92895.181461662898 0.76901225147698604 1.0442915561782699e-06
1737 3 92109.245936738895 0.79166046286658198 1.0420291167201799e-06
1738 3 95566.3568550981 0.58461273701477601 1.00006289414674e-06
1739 3 90271.831947857398 0.82340436390005101 2.0341433999583298e-06
1740 3 96271.732463845299 0.47973419189607902 1.6179845241665999e-06
1741 3 96772.324232364394 0.38638948921535599 1.59298049911376e-06
1742 3 95960.034825072202 0.53009095674828499 1.19064215920675e-06
1743 3 95694.379611888304 0.56778607025349304 1.10258834945237e-06
1744 1 108487.616426858 3.7290136032953601e-06 3.11981414734189e-06
1745 3 93984.208569449896 0.72084972501571198 1.04611561614574e-06
1746 3 95795.816412867702 0.55466278805244595 9.9107488182099597e-07
1747 3 95327.860427507505 0.61243472165719304 1.0710822605499e-06
1748 3 90550.143226967601 0.81983689194017895 1.7669343362265801e-06
1749 3 96283.450968670106 0.47769799463942703 1.6631997950064e-06
1750 3 93543.779827276405 0.74332635333292196 1.04273464717588e-06
1751 3 94285.725285403707 0.70243980630468295 1.0497456347077401e-06
1752 3 91454.981840296605 0.80549780403717897 1.2570603907678001e-06
1753 3 89316.367510147902 0.83340984295875897 2.7392458409259699e-06
1754 1 105064.776352735 6.2869540667211598e-06 2.56810072271202e-06
1755 1 107480.593903582 3.8710588385814704e-06 3.17843786161721e-06
1756 3 96043.377157954601 0.51774337414884497 1.11486667446202e-06
1757 3 96069.895148146301 0.51322637414804295 1.19319931262739e-06
1758 3 95962.347153187002 0.529769214625186 1.17294221660593e-06
1759 3 93666.806758815699 0.73813179089055903 8.5487310477146502e-07
1760 3 96138.970772430097 0.50199329572847695 1.36231721803318e-06
1761 3 92034.235486017307 0.79344860820458396 1.0244856120251899e-06
1762 3 95843.814495291896 0.54727925057190396 1.08391294425539e-06
1763 3 95004.259800190805 0.6455919847935 1.0620503781608801e-06
1764 1 101343.188885203 8.7233575023131205e-06 2.6255374645935499e-06
1765 3 91808.063100054496 0.79846172492019196 1.0670962076984799e-06
1766 1 100933.539042964 8.9201397388377997e-06 2.6049935398201702e-06
1767 3 95542.173556797396 0.58729437028171705 1.0929425286931701e-06
1768 3 95260.358087570698 0.61990938993032996 1.0344612055443499e-06
1769 3 91813.528273187898 0.79835553849746999 1.0784683608359901e-06
1770 3 91834.525815181405 0.797895083637159 1.0636859528080601e-06
1771 3 96093.157627837296 0.50944110718344005 1.2643495365687901e-06
1772 3 87523.215604134297 0.84579483289379997 3.1361368362767999e-06
1773 3 88060.994599686805 0.842730950155126 3.02265976292969e-06
1774 3 91672.979105960694 0.801264361014009 1.1085108722374101e-06
1775 3 97968.591026851107 0.13411381649996401 1.9213017397857999e-06
1776 3 94442.818909991896 0.69339800035642296 7.3717668178002599e-07
1777 3 91719.013776616106 0.80032191550240495 1.0805306538775401e-06
1778 3 92784.377981169906 0.77342974830252598 6.7100390284197095e-07
1779 3 90220.950820445898 0.82401745110876801 2.1157513287776599e-06
1780 1 102118.56628229799 8.5470122417477305e-06 2.7122377139110101e-06
1781 3 95662.553719184798 0.57198383504895001 1.10059362964717e-06
1782 1 108825.683969805 3.5454263224162099e-06 3.1729523593151501e-06
1783 3 96326.5620882574 0.47014799299350002 1.79782189121834e-06
1784 3 95728.234231274197 0.56331941207592895 1.07608674321023e-06
1785 3 89903.547156943299 0.82763715708001395 2.3515539657675798e-06
1786 1 101697.52948636199 8.6070422080614503e-06 2.4379916800481501e-06
1787 3 96252.881793397202 0.48297100171990698 1.5712566135771e-06
1788 3 99342.148017898406 0.0050143754130274401 2.2649368711890702e-06
1789 3 91666.454305789302 0.80139543558410098 1.10679430726627e-06
1790 3 92239.033157756407 0.78845316694561596 1.0296764549418401e-06
1791 3 89285.283430157404 0.83368058113129195 2.8468677945923802e-06
1792 1 104368.30795420799 6.5212529004297502e-06 2.76422094784881e-06
1793 3 95997.343378446705 0.52496397923128502 1.0803578238003399e-06
1794 3 91767.5912729337 0.79931443534495095 1.07268986789914e-06
1795 1 106889.588219785 4.2773467186209098e-06 3.1193491402439399e-06
1796 3 92541.493729453199 0.78019488787718705 1.0279331183196899e-06
1797 1 103264.77486398901 1.0084450988645101e-05 1.5419663953472801e-06
1798 3 94185.881531924402 0.71032153391130304 7.31684984562881e-07
1799 1 103336.91206892001 6.7655733157134702e-06 2.87573880846686e-06
1800 3 95913.012277870599 0.53907415028196004 1.0996820042016099e-06
1801 3 87839.708699485403 0.84404430945681097 3.55271876701727e-06
1802 3 95601.857786180597 0.57980081946744999 1.10351679989887e-06
1803 3 91556.581383933604 0.80355970679602795 1.1184823542824801e-06
1804 3 95895.252638387494 0.53983829870185496 1.09787363777408e-06
1805 3 88000.032181660499 0.84309743470655596 3.4153667843839301e-06
1806 3 87572.671753599905 0.84552995877313197 3.6348141178293899e-06
1807 3 88681.935100016999 0.83854085926405197 3.0703489984395399e-06
1808 3 88353.989728630302 0.84084617911665405 3.1929621865365801e-06
1809 3 87705.473918238204 0.84480584913836199 3.4033768635133701e-06
1810 3 96028.396654014796 0.51961197853056695 1.24206699868809e-06
1811 3 96293.203980878694 0.47600855718483298 1.6853382409259701e-06
1812 3 90949.8793135288 0.81406687516825904 1.42053934411253e-06
1813 3 89738.77858867 0.82936926789260601 2.4788157728808299e-06
1814 1 101403.670324587 1.0654334566629301e-05 7.9871861005029696e-07
1815 1 105110.378529191 5.5574296821256e-06 2.9801944142792999e-06
1816 3 98634.246385683102 0.043936440943137901 6.8742354645893605e-07
1817 3 94516.843620018903 0.686579445143633 9.8848151385404797e-07
1818 1 105481.004044381 8.6496127138149008e-06 2.0599040275252302e-06
1819 3 87980.256861161601 0.84321889101139103 3.0631418198340002e-06
1820 3 99653.465159397805 0.00218800591587081 2.2606048740734599e-06
1821 3 92550.023287656499 0.77995900805049001 1.02066259331766e-06
1822 3 88229.243720868806 0.84167533881803802 3.0633807898223401e-06
1823 3 92829.8988410983 0.77200731762611496 6.5441909676973098e-07
1824 3 95744.113204815003 0.56107641433300703 1.11746147964064e-06
1825 3 87828.723285115295 0.84410943990902398 3.06567634243053e-06
1826 3 96129.364276317705 0.50357727156402099 1.32958464154967e-06
1827 3 90068.132973077401 0.82580894138057803 2.2225217881363102e-06
1828 3 99493.079794345496 0.0035634501913356501 2.1096162591733901e-06
1829 3 89038.859539560697 0.83578151178581905 3.0871484302202402e-06
1830 3 99467.402464197206 0.0043473903645223 4.6226422065620603e-07
1831 3 87913.567298322698 0.84361572870728596 3.0280923231617198e-06
1832 3 93238.122631507402 0.75933720125263304 1.3340405551826299e-07
1833 3 97060.974366456096 0.33957312990223498 1.5307063478432099e-07
1834 3 87792.143310208397 0.844319332675599 3.04970825546855e-06
1835 3 99269.510818877694 0.00590743492445757 2.4452126983666098e-06
1836 1 104676.02038472101 5.8502826707976498e-06 2.91628371405091e-06
1837 3 87759.670231839904 0.84450321572323295 3.0417967619956401e-06
1838 3 89102.462333730102 0.83525513954826403 2.99783311333323e-06
1839 1 103390.794833969 8.6520513955057199e-06 2.0827315097715799e-06
1840 1 106287.954438866 4.67599914782716e-06 3.10984803877728e-06
1841 1 106528.349611617 7.1072514048019403e-06 2.3901856247816898e-06
1842 3 90115.642498474001 0.82526384348145398 2.1709591992532399e-06
1843 1 104667.181714868 5.9856017509621199e-06 2.8593074102787e-06
1844 3 93465.868140078004 0.74876994629172899 4.2310515226923299e-07
1845 3 91382.863039723103 0.80681177417754701 1.1699854167395299e-06
1846 1 104130.54913130699 6.1328359748455102e-06 2.94460568045493e-06
1847 1 106775.001366718 5.8496650224731404e-06 2.5731427017258998e-06
1848 3 90758.145768457907 0.81693591286522704 1.5783982284113699e-06
1849 3 87610.900678329199 0.84532563843108199 3.0919933424275001e-06
1850 3 96890.290197800801 0.37051796012551202 3.4395887164516302e-07
1851 3 95941.633845739198 0.53314590479812596 1.06862813954004e-06
1852 1 107409.65592299199 4.8899568352350398e-06 2.7598518780629601e-06
1853 3 95863.681846572101 0.54435395728949298 1.12234253702612e-06
1854 3 95724.422981768701 0.564058115530505 1.0160984605888099e-06
1855 3 96191.846157427906 0.49327111954966701 1.4487434817815701e-06
1856 3 95577.526440090107 0.58297957126039601 1.0588219581730299e-06
1857 1 107993.07690828601 4.3003476476003201e-06 2.8909111436581899e-06
1858 3 88403.605759466096 0.84051928279795596 3.0052995570851902e-06
1859 3 93043.435165929899 0.76423107893142195 8.6243322311187401e-07
1860 3 99556.133890247598 0.0028584565053064201 2.39139953651887e-06
1861 1 108344.46662534001 3.9536260526464299e-06 2.98542765758039e-06
1862 1 101586.315259219 8.6576920672678007e-06 2.6804370245442299e-06
1863 3 98884.001659521702 0.020783743763156198 2.3066135040310399e-06
1864 3 96005.727285917805 0.52351521199093098 1.09133891495799e-06
1865 1 108536.735715869 3.9281885836442504e-06 3.04577704998021e-06
1866 3 88264.199714261398 0.84144540578022098 3.0130061696655799e-06
1867 1 107275.06287158 3.9822889753050897e-06 3.1699146551213102e-06
1868 3 93204.363662155505 0.75877640330342899 6.6215604749943e-07
1869 3 90127.452860524805 0.82512669772535596 2.1606640751827602e-06
1870 3 92213.793513029203 0.78928702315260801 8.74351660652147e-07
1871 3 89863.840139420397 0.82806203660965905 2.3906705950412302e-06
1872 3 98961.409693502705 0.0164297344487449 2.3387023442677299e-06
1873 3 95397.261320472593 0.60459869064601102 1.07135140655028e-06
1874 1 108760.382864428 3.6575512457594701e-06 3.10882208450474e-06
1875 3 93036.289759405598 0.76610278802554099 2.5056267173149701e-07
1876 3 88186.4186958356 0.841946421576936 3.0033574393234601e-06
1877 1 102778.727013696 7.5740513102703804e-06 2.7965726593112e-06
1878 1 106276.77699163801 5.5799607626437803e-06 2.6349339043902401e-06
1879 1 101484.95813591599 8.7284605060179792e-06 2.6885488797259701e-06
1880 3 89966.831975778696 0.82694459481293303 2.3110403235531098e-06
1881 1 101513.406187179 8.8155582341323707e-06 2.57897066800919e-06
1882 3 91872.673513727306 0.79715358107382295 1.11676783051939e-06
1883 3 89744.9352409235 0.82930346116099196 2.4830779839319199e-06
1884 3 88990.639001750606 0.83615256009142402 2.9115310848544399e-06
1885 3 89005.871905710097 0.83605420097620597 2.85760724336208e-06
1886 3 92621.112527969395 0.77798395092085404 9.5127834004119904e-07
1887 1 100547.62131223601 9.2853567127607107e-06 2.5076698306635099e-06
1888 3 94906.177780480401 0.65497433398042604 9.715125079505699e-07
1889 1 107642.178276579 4.2710473399437499e-06 2.9186007252380102e-06
1890 1 104958.681501734 5.8069279271024601e-06 2.8249440115209002e-06
1891 3 96120.193478585497 0.50504276968522599 1.3378880145376301e-06
1892 3 96399.809849756799 0.45701800064654202 1.9238527368495601e-06
1893 3 96303.656200208803 0.47418310891413201 1.7156483404684299e-06
1894 3 92162.808507685506 0.790355331198352 1.04377132555201e-06
1895 3 91672.091446889695 0.80127819497040198 1.0935266402885501e-06
1896 3 92310.232524332605 0.78660327138145303 1.0314763079568901e-06
1897 3 96234.426386449093 0.48611586931706902 1.52734453008748e-06
1898 1 107998.07595624099 4.01265353587497e-06 3.0026987471611398e-06
1899 3 91987.170414139997 0.79451748595363403 1.0496466178852899e-06
1900 3 96376.622398271094 0.46189331829591801 1.50967717982822e-06
1901 3 94488.270166754402 0.69282221474512296 2.4605946914652802e-07
1902 3 94434.305750057305 0.69891680793489197 9.61565035441251e-08
1903 3 91374.442908089302 0.806963405554882 1.18579295021725e-06
1904 3 92373.420158849403 0.78492783919183895 1.02274755232103e-06
1905 1 100382.12303297401 9.4240605426996292e-06 2.3548601581159099e-06
1906 3 92387.640161661402 0.78451268134135899 1.0436445458793999e-06
1907 3 92870.952094900698 0.77135561216581505 3.4447866489689798e-07
1908 1 108241.868785271 3.9091004607977898e-06 3.0642277330379199e-06
1909 3 89181.191302613806 0.83458946145669699 2.7815375396017799e-06
1910 3 89753.969945146397 0.82921191330199995 2.4726417729213501e-06
1911 3 93265.519594495796 0.75528260837927597 1.0450163030277701e-06
1912 3 91223.654173795105 0.80961324660704004 1.24218155834601e-06
1913 3 95020.486565056097 0.64407872592249704 1.05480607149269e-06
1914 3 96046.395541041202 0.516809554490267 1.2493700862252201e-06
1915 3 90502.930599162893 0.82046402498565196 1.83647517895565e-06
1916 3 93863.540719122102 0.72987311988456804 4.21300313522071e-07
1917 3 92791.316560239997 0.77356747184366503 4.1950173720931298e-07
1918 3 88835.612364306202 0.837401827185558 2.9362314083846901e-06
1919 3 97269.824653338597 0.27831743670019699 1.7943272428562599e-06
1920 3 94562.111741781293 0.68595697917004705 4.8996491510754795e-07
1921 3 95272.807849380697 0.61971691902203496 8.8271270151879704e-07
1922 3 96372.156348705903 0.46204357248195399 1.8429409378378999e-06
1923 3 98909.535406797804 0.0199838148810043 2.0920240063473899e-06
1924 3 91839.955442232895 0.79778028550879898 1.0613898142545099e-06
1925 3 92065.793692299994 0.79295894510543896 7.7315593370990296e-07
1926 3 96663.351803628 0.40740131601295998 1.64272438402815e-06
1927 3 91679.806012822999 0.80112199909535298 1.0873601547538901e-06
1928 3 91150.986223393702 0.81093019977158798 1.46562832076431e-06
1929 3 96350.854053743897 0.46584519608520503 1.8349891638443201e-06
1930 3 90672.162831187205 0.81816035998535097 1.65965733158322e-06
1931 3 96446.038824282601 0.44875832161636398 1.68303699136551e-06
1932 3 96395.832875655295 0.457762100238015 1.8733793824250499e-06
1933 3 95334.993474057701 0.61163119094755403 1.0748841442772099e-06
1934 3 92070.4279575166 0.79258567534181801 1.0456982532986e-06
1935 3 92185.615711082195 0.78979618393399298 1.03355583757192e-06
1936 3 90011.967712791593 0.82644490773062695 2.26120576604235e-06
1937 3 97261.747784129504 0.281590490375419 1.70501242291444e-06
1938 3 95971.578002346097 0.52927724967770295 1.0752508650804301e-06
1939 3 94296.533272026005 0.70178208574637402 1.03372409392268e-06
1940 1 106784.008980903 4.5034194088713301e-06 2.94221286594591e-06
1941 3 87706.458768189797 0.84480277121882197 3.12386663951065e-06
1942 3 96218.350887678404 0.48882832949216898 1.5004056825388501e-06
1943 3 90331.517090208901 0.82266533100499495 1.9983505031324098e-06
1944 3 91484.414439048705 0.80493629244360998 1.1372757989844001e-06
1945 3 95728.396605500195 0.56322833337546097 1.1050017433473899e-06
1946 3 90794.9361717336 0.81641994561042697 1.8351457583093e-06
1947 3 92928.311668329901 0.76926952253061198 3.4880750435296399e-07
1948 3 96904.286563988906 0.35766548502744899 1.73334469440291e-06
1949 3 91319.768029895495 0.80801543153894795 1.38915261118275e-06
1950 3 92356.236732045698 0.78536399672564605 1.04343698211928e-06
1951 3 93699.039355657398 0.73593709855290101 1.04404690749629e-06
1952 3 93042.877639287603 0.76551100634857805 2.9734751279847602e-07
1953 3 92247.3351154548 0.788280106966887 9.9723999169631304e-07
1954 3 95462.405248314899 0.59818267723852403 9.0873619817244701e-07
1955 3 93820.726843157099 0.72978725227141605 1.0328747623278001e-06
1956 3 93143.523463941907 0.76208773375936201 2.6018759243185398e-07
1957 3 96255.226034125299 0.48270574200987998 1.4695088151704399e-06
1958 3 93250.557112527007 0.758216106779532 2.4532253422458698e-07
1959 3 91237.203801001699 0.80938160813598303 1.28534123239511e-06
1960 3 96221.468249632206 0.48844901674712099 1.3967169554870199e-06
1961 3 93723.8654357091 0.73470869753734602 1.0426204397716101e-06
1962 3 96188.243770937595 0.49402351874744299 1.3327166000127401e-06
1963 3 96154.059340088206 0.499680500698158 1.2771119189852999e-06
1964 3 96118.554781211802 0.50547280919259097 1.2288373728927399e-06
1965 3 96200.348870527698 0.49185315119251699 1.46282526823234e-06
1966 3 96081.689843892003 0.51139435945637202 1.1883573444667799e-06
1967 3 96042.626240000405 0.51756300533624799 1.15459083797326e-06
1968 3 96000.992699539696 0.52401801804737203 1.1273492429954e-06
1969 3 95956.429998458494 0.53079414155817095 1.10578159382756e-06
1970 3 92357.958157401299 0.78531784108403901 1.04364823429157e-06
1971 3 91625.569268889405 0.80220870828949298 1.0986336426118401e-06
1972 3 89894.159354008807 0.82773465817373404 2.4268828716162099e-06
1973 3 95909.316597740893 0.53781253899067305 1.08816708493494e-06
1974 3 96049.460167534606 0.51729652113592395 1.14760986016761e-06
1975 3 95859.1596612258 0.54511852659471904 1.0737058781280601e-06
1976 3 96127.010687931906 0.50494157121525596 1.2421279520476e-06
1977 3 90568.243548617698 0.81959217038752397 1.7558384265798199e-06
1978 3 97044.153292891002 0.327001310931191 2.1780567723817699e-06
1979 3 94063.512282184602 0.72205708710709504 7.4488432789535203e-08
1980 3 90082.915366127694 0.82564119544238901 2.19945856993744e-06
1981 3 95806.035267651794 0.55267087574853901 1.06219124873748e-06
1982 3 95749.649361687101 0.56048114956994299 1.05315297740037e-06
1983 3 95687.4986840278 0.56885130697965003 1.04530333954879e-06
1984 3 90892.809702683793 0.81494123524346596 1.46524622343973e-06
1985 3 95619.782065943102 0.57769020425308404 1.0385545597450799e-06
1986 3 88148.287606553 0.84218242415479305 3.32392181588634e-06
1987 3 92700.9665465492 0.77598134951479103 6.83919285740586e-07
1988 3 91797.519884174297 0.79868426667752102 1.0684307812211601e-06
1989 3 95760.911321349005 0.560862845787651 9.998677145258329e-07
1990 3 94078.144056978999 0.71544801749809295 1.03331476556737e-06
1991 3 96216.437612939306 0.48915766334007099 1.4875816864839e-06
1992 3 95205.892520195004 0.62556193039055097 1.0699643420136601e-06
1993 3 91696.540592507197 0.80078366935413503 1.0916065609545e-06
1994 3 92042.103299725204 0.79325285800419898 1.0375199164090299e-06
1995 1 106985.879673168 4.1804741891616303e-06 3.1548700134761202e-06
1996 3 92592.767353574498 0.77865752186030301 1.04385813736177e-06
1997 3 95547.556290416294 0.58680153037211702 1.03271697282892e-06
1998 3 96714.004569339304 0.39650979115180301 2.0895856745808001e-06
1999 3 96326.006965585795 0.47025879833678103 1.7701127778931099e-06
2000 3 93431.102024557898 0.74992386608589601 5.3006574232321003e-07
2001 3 94779.934741050194 0.66574030524408001 1.0164429128710799e-06
2002 3 91540.528424270393 0.80386926450812801 1.12070374236308e-06
2003 3 95469.857855016002 0.59624636392514996 1.02806297965298e-06
2004 3 95388.335253406098 0.60576868267573403 1.02530226927355e-06
2005 3 91270.614603531794 0.80880810858299002 1.3048224335716801e-06
2006 3 95299.904980445906 0.61566524381602294 1.0239244433922799e-06
2007 3 92146.87756044 0.79101992301685398 8.42230678868887e-07
2008 3 91097.695581223496 0.81171715307922399 1.36873158847721e-06
2009 3 90948.244247745199 0.81409187346731504 1.47372980792384e-06
2010 3 91210.817641650399 0.80983225457071895 1.2485180915708101e-06
2011 3 92201.062800431595 0.78949312414680695 9.6483019540157897e-07
2012 3 95196.174732887201 0.62672976562500005 1.02194496087626e-06
2013 3 93048.982493460993 0.76362027944166899 1.02941214994157e-06
2014 3 96152.237835177002 0.50099599013033502 1.28542808359873e-06
2015 3 91865.764110926102 0.79723048609305103 1.06115977768192e-06
2016 3 91771.683740421504 0.79923085508634095 1.07497414075181e-06
2017 3 91451.834739116995 0.80554572427516502 1.1609311995341999e-06
2018 3 90722.473166377793 0.81744863036731197 1.6099240083861099e-06
2019 3 89548.811584729905 0.83125454092574502 2.6076089733162898e-06
2020 3 89403.488952539497 0.83262104860527797 2.6935518831423401e-06
2021 3 95070.767180643903 0.63936293025407398 1.0191676127187599e-06
2022 3 96146.144235036903 0.50116927672849498 1.22873779995848e-06
2023 3 91949.634281797 0.79538023668656999 1.04163671669759e-06
2024 3 92714.980609439997 0.77507566541058504 9.634256665606241e-07
2025 3 95794.764809913395 0.55509992917644602 9.8731347772204702e-07
2026 3 95685.007321678699 0.56998465899461004 9.5756604503584402e-07
2027 3 95560.551866386493 0.585934061931219 9.3818696707008003e-07
2028 3 91189.259147830002 0.81019682996532805 1.2677565964464e-06
2029 3 98797.462382458005 0.026402088089623299 2.3983376364069698e-06
2030 3 95414.868985283494 0.60341024809036603 9.2593099060015998e-07
2031 3 95287.989698644204 0.61683449593347905 1.06307732849449e-06
2032 3 91520.100017373799 0.80429421820262004 1.29865583823653e-06
2033 3 94936.120345032905 0.65205937107179501 1.0176505877250299e-06
2034 3 95245.761548910101 0.62216386471377205 9.1916322855266596e-07
2035 3 95043.139850744701 0.64262178276104598 9.1685499496122704e-07
2036 3 94785.779479815305 0.66575186272485198 9.1734170249552196e-07
2037 3 91840.620392974306 0.79776696099156497 1.0614138515422e-06
2038 3 91903.3330113017 0.79640135375804399 1.05034009793581e-06
2039 3 92384.338118517 0.78460242400729396 1.0432905480883299e-06
2040 3 92411.345500544703 0.78386303894498699 1.04148405504448e-06
2041 3 94432.129530748396 0.69301528222654796 9.17652686823852e-07
2042 1 103569.358581623 7.30592491367456e-06 2.6970863019581202e-06
2043 1 104975.152337263 6.0959818946321902e-06 2.7836197470086301e-06
2044 3 94593.685682914103 0.68085442189460699 9.778312293245831e-07
2045 1 101752.035672308 8.6097080591296795e-06 2.70305517219064e-06
2046 1 107716.616112663 3.9022609977144898e-06 3.14019685418264e-06
2047 3 91475.988241218598 0.80509473499290096 1.1391616881599001e-06
2048 3 92175.147347173901 0.79008162607131904 1.00599933217917e-06
2049 3 92055.969452493693 0.79321053751748005 8.70590542053175e-07
2050 3 91573.164201550593 0.803238757189908 1.1191792928215299e-06
2051 3 91007.197044975706 0.81317048840875705 1.3782577403585601e-06
2052 3 91869.585641283295 0.797309375622133 1.03312278451036e-06
2053 3 92096.946013832407 0.79201251434647502 1.00354615200512e-06
2054 1 107704.827532141 3.8880329713732096e-06 3.1738516977235599e-06
2055 3 90981.424650368601 0.81357586651009495 1.3970902313388199e-06
2056 3 91987.780033453702 0.79454520464395295 1.0461855441062e-06
2057 3 89348.108571367295 0.83312555405862998 2.72300118831821e-06
2058 3 91867.363670049002 0.79721873976024604 1.09401546156194e-06
2059 3 91729.8248286327 0.80012503463263196 1.15317843113115e-06
2060 3 93631.112110532602 0.73922947506546699 1.0460835330107801e-06
2061 3 91399.817971211698 0.80650336271100298 1.1679312730164601e-06
2062 3 92988.741395625795 0.76600854188440803 9.3574397982279602e-07
2063 3 91332.5766835588 0.80771416785102601 1.1955486831902799e-06
2064 3 95945.565112117896 0.53226776718499103 1.18220185930948e-06
2065 3 93991.209427466907 0.72090013598084601 9.1966654402213396e-07
2066 3 91778.270577055795 0.79909529956679604 1.0770113522135401e-06
2067 3 90864.722367809096 0.815365098546037 1.4919505291239401e-06
2068 3 91262.598369637999 0.80894267367417105 1.22850840016147e-06
2069 3 91065.550335735505 0.81223842051587103 1.34603556360672e-06
2070 3 89340.485675534204 0.83319262731753096 2.7176258918558201e-06
2071 3 92715.905439839102 0.774888031142272 1.04117635961015e-06
2072 3 92832.278061894394 0.77155956246587698 8.4680622382818404e-07
2073 3 93502.111013531307 0.74555589184625604 9.2649496966264404e-07
2074 3 93849.307979262099 0.72838262189569403 1.00044893519398e-06
2075 3 92533.987964858898 0.78038873613289805 1.04381072273776e-06
2076 3 94387.481352508403 0.695587322621954 1.0493482221239e-06
2077 3 98932.663581669505 0.018271837294609999 2.1516244477657399e-06
2078 3 95654.643947321805 0.57300354306564705 1.10699817518769e-06
2079 3 91299.677211545 0.80829611217699904 1.2053266352251101e-06
2080 3 89184.001629295293 0.83456938678014403 2.8038227932983099e-06
2081 3 96013.825159473301 0.52186159376640995 1.2387804288972701e-06
2082 3 93076.683349437502 0.76257047939070499 1.0446137364605e-06
2083 1 100519.95308367 9.3692003954608603e-06 2.3552789503812502e-06
2084 3 95265.560062443998 0.62337132660517003 5.4160338656846195e-07
2085 1 101001.26805924199 9.2118366714575598e-06 2.6092632235116001e-06
2086 1 100495.846391905 9.6731631778490799e-06 2.5371644403238802e-06
2087 1 107341.332018402 4.0607507646319203e-06 3.1623003575310398e-06
2088 3 96198.5892473766 0.49215393631877802 1.45132484918255e-06
2089 3 89849.902180899895 0.828211211321913 2.3953448520759401e-06
2090 1 100779.573313316 9.6870971725454997e-06 2.2063018155017801e-06
2091 3 91521.022078799404 0.80424288158569501 1.1243172587968599e-06
2092 1 105406.706434379 5.1078536020986199e-06 3.07359503778818e-06
2093 1 104861.739896791 5.4771353589655602e-06 3.0394608866427702e-06
2094 3 95801.078548192803 0.55369765218618405 1.0049655345621301e-06
2095 3 94188.289557529803 0.708858826318291 9.98748217915906e-07
2096 3 91853.367090479893 0.79748887914256095 1.06136312615304e-06
2097 3 95618.760022030605 0.57766509465215599 1.0944469722425301e-06
2098 3 89367.504067335001 0.83294829238742896 2.7088148605896301e-06
2099 3 93883.615180702705 0.72897838844079499 3.7731359972103702e-07
2100 3 92813.435776316706 0.77174735253189297 1.0441940537324599e-06
2101 3 90007.435310955101 0.82649220678027202 2.28723258872178e-06
2102 3 93384.480765790504 0.75205905053224997 4.7369572887180699e-07
2103 1 101781.572434994 8.9392628616644304e-06 2.16036789042083e-06
2104 3 95020.715656847693 0.64438503988962503 9.7504317501904109e-07
2105 3 96422.220262020302 0.45293222162702801 1.9241348221765401e-06
2106 3 96483.265159009999 0.44159261685010698 1.9748930778260699e-06
2107 3 89852.778281261199 0.82817727696275401 2.4081815527259501e-06
2108 3 95428.434928248505 0.60105886235128403 1.04744965256607e-06
2109 3 92678.447723711201 0.77702734298896603 4.74634288770351e-07
2110 3 96049.662816718905 0.51696225107643301 1.12593360281367e-06
2111 3 96263.631429488407 0.48118740074236399 1.53713190620969e-06
2112 3 96344.718404456406 0.46717376993273102 1.58309871025719e-06
2113 3 95171.585655797899 0.62949732083007903 9.74371012814541e-07
2114 3 95201.104967018502 0.626057122171227 1.07130678760817e-06
2115 3 95812.112004745199 0.55164706220669102 1.13849488648821e-06
2116 3 95837.843013142599 0.54800526507481495 1.1439056998939101e-06
2117 3 89169.966900949395 0.83468441202675803 2.8103385763851198e-06
2118 1 103996.24526641 6.0527841877545499e-06 2.9743008900965699e-06
2119 3 95304.154368575997 0.61544966099036302 9.7392735636429005e-07
2120 3 96415.055726187697 0.45610296781239701 1.4492567652113701e-06
2121 3 96194.609236685603 0.494174347498539 1.33600477879162e-06
2122 3 96365.570174956301 0.46334473504205997 1.67871859005183e-06
2123 3 89405.779509398795 0.83259533932289198 2.6904396164023201e-06
2124 3 96042.869790362703 0.51734418548096095 1.2630513941340401e-06
2125 3 92855.180014099606 0.77137161428731704 4.8088487918221099e-07
2126 3 94897.199917877995 0.65551059503987297 1.03391595870141e-06
2127 1 102085.81247304199 8.2811646516941505e-06 2.73814868566152e-06
2128 3 94437.923461483399 0.69206055280402301 1.0488420127078e-06
2129 3 91633.056952015904 0.80206437352308502 1.12262389249836e-06
2130 3 95429.289962145005 0.60129408904096104 9.7595712573049504e-07
2131 3 91766.565731980503 0.799335164688324 1.0731692525673101e-06
2132 3 87645.374594824301 0.84513923547828895 3.1305035613359701e-06
2133 3 94960.358200088405 0.64969359359427103 1.05929750638419e-06
2134 3 95537.258850516198 0.58835307645776103 9.7895338172438093e-07
2135 3 95722.207504625694 0.56452250015287397 9.9303660436408596e-07
2136 3 92027.946604820405 0.79357995872327802 1.0468973454872399e-06
2137 3 95634.882786396993 0.57604214968066503 9.8450453762559005e-07
2138 3 91300.118634406303 0.80828833449904103 1.2048684589815501e-06
2139 3 93329.212301179301 0.75276447255259105 1.01093228231085e-06
2140 3 96128.215189798095 0.50374541169093701 1.34624554627899e-06
2141 3 91814.136978445604 0.79833052270177096 1.0659034868384701e-06
2142 3 91710.629972396797 0.80049497874250697 1.08480885507391e-06
2143 3 94394.682329783594 0.69508465035526001 1.0505628507205001e-06
2144 3 91860.526618872696 0.79733336587013404 1.05955425177293e-06
2145 3 92174.3040363685 0.79007058352478499 1.04121809598499e-06
2146 3 91212.311883174305 0.80984819075750403 1.5336565155717201e-06
2147 3 91971.282932703907 0.79499022085466597 1.04180886153205e-06
2148 3 96124.759367071398 0.50431234424371396 1.33484750775604e-06
2149 1 102305.183352345 8.31061311254385e-06 2.7409350418670198e-06
2150 3 91647.299700762494 0.80177591216088995 1.0941405348457e-06
2151 3 92548.702130962498 0.779959669727601 1.0433906681849201e-06
2152 3 91903.7754388295 0.79638748016336502 1.0542705221927199e-06
2153 3 90608.959030399899 0.81903715533729005 1.7919775359241501e-06
2154 3 90274.413643320499 0.82337148906713697 2.1222114565665399e-06
2155 3 91473.097425792599 0.80526612257320695 1.38013040785602e-06
2156 1 103935.098370562 6.3430410863778202e-06 2.97011211790778e-06
2157 3 95112.152024273193 0.63512941929792099 1.06546296292001e-06
2158 3 90029.914460572298 0.82624006380699599 2.2698384406049399e-06
2159 3 91888.760256502195 0.79672680615458402 1.05382488774972e-06
2160 3 95873.9383341926 0.54282580090818799 1.15059034553162e-06
2161 3 91945.445938190096 0.79546068820499105 1.0498177499218899e-06
2162 3 90060.254352366901 0.82589984276124195 2.2203717724305998e-06
2163 1 106242.564824138 4.5870887887800598e-06 3.1205832078708998e-06
2164 3 93766.045784227899 0.73292980218700199 9.3335733955331598e-07
2165 3 92127.134386148304 0.791369251255571 9.4857338049942101e-07
2166 3 91871.626016434806 0.79709241604960102 1.0591472686254901e-06
2167 3 94791.944712874305 0.66458883742122299 1.0555956906667e-06
2168 3 91785.578635522805 0.79893596031996095 1.0701258914072599e-06
2169 3 91985.4258313186 0.79455731031229104 1.04599725073793e-06
2170 3 96304.7662774981 0.47398340153937502 1.7294125240228e-06
2171 3 96556.763898611694 0.42767846634847001 1.8821169803420001e-06
2172 3 95886.153557233702 0.54103822620895103 1.1626441579375201e-06
2173 3 95911.453534026296 0.53733146342670102 1.1711224832684701e-06
2174 3 92101.546246328595 0.79184510330552904 1.04480815747937e-06
2175 3 92025.1713816056 0.79364472041233403 1.0426654234833001e-06
2176 3 92003.338620308306 0.79415474343450598 1.0335166362615601e-06
2177 3 93175.586519047996 0.75883172447215796 1.0448508494377901e-06
2178 3 93452.407366856802 0.74741908907008403 1.0455035955967301e-06
2179 3 92069.586501963902 0.79262249233281201 1.01843033373532e-06
2180 3 92180.061445348299 0.78992714129548103 1.0417500120599899e-06
2181 3 92143.223877134296 0.79087374960103096 9.9870455148785896e-07
2182 3 95979.048149575494 0.52720370814821504 1.20690633276613e-06
2183 3 90421.939993663895 0.82152307307775996 1.8872931626890301e-06
2184 3 92432.951651456897 0.78326359251174504 1.04370287373896e-06
2185 3 96180.546254606699 0.49516100893603898 1.41803314140065e-06
2186 3 95354.024526091001 0.61183443305263396 8.2816888091883503e-07
2187 3 91801.5166579668 0.79859928869514496 1.0677794767529501e-06
2188 3 92030.008033496706 0.79354933906425695 1.02431071992722e-06
2189 1 104763.34197530001 5.5793447114636999e-06 3.03984654930704e-06
2190 3 95545.270964990603 0.59028402656623602 7.48713560640168e-07
2191 3 92921.107003691897 0.76909587775357002 5.9923299998094798e-07
2192 3 95888.351045413103 0.540813600924268 1.1106927655736299e-06
2193 1 102870.620483525 7.8510469679342008e-06 2.46191762465072e-06
2194 3 92698.030045553896 0.77598584630129996 7.6833254556394005e-07
2195 3 96087.954798157603 0.51062098980052795 1.15725743931145e-06
2196 3 96207.7162964624 0.491846470214654 1.3473202580773599e-06
2197 3 96065.696080487905 0.51375922263677498 1.27854475224421e-06
2198 3 87471.517528013195 0.84606609145584 3.1424499453002999e-06
2199 3 91236.467049378305 0.80939386960830495 1.23581009545564e-06
2200 3 93890.755958548296 0.72603563217988198 1.04186221987721e-06
2201 3 91256.618997206097 0.80904664895985501 1.2259951678393101e-06
2202 3 96136.341560086003 0.50282261593491195 1.2132049939806e-06
2203 3 94286.493169098394 0.70264295712440905 9.7865718584280991e-07
2204 3 96430.884567958696 0.45141385646329701 1.8019279095227599e-06
2205 3 91666.906061333197 0.80138204960336901 1.0913602846838601e-06
2206 3 95850.393818019496 0.54631911307862802 1.0931129124379601e-06
2207 3 93527.807761609802 0.74798944246840404 1.10257726757542e-07
2208 3 90540.199418997698 0.81997029622333395 1.7768293486202901e-06
2209 3 91257.474974712793 0.80903182862666501 1.22530308937521e-06
2210 3 91949.8924437557 0.79536089055227899 1.05174329871007e-06
2211 3 92356.164374425105 0.78591178095642 6.9435275045615497e-07
2212 3 92660.756221207601 0.77659912889572202 1.04397424136816e-06
2213 3 93670.654765043306 0.73913525546170999 5.2158132294753099e-07
2214 3 96256.514999618303 0.482329502940753 1.603590589598e-06
2215 3 90161.385972725693 0.82472946602602304 2.1306856749347399e-06
2216 3 91890.7834034767 0.79667304376350301 1.05661087808147e-06
2217 3 92463.376131523401 0.78280337718513204 7.4331037317626701e-07
2218 3 91503.444509983601 0.80457720659906995 1.12957753619494e-06
2219 3 94491.991156080898 0.68817372896376905 1.0500713832372501e-06
2220 1 108516.77961961699 3.6503089312407999e-06 3.1459199894611402e-06
2221 3 92844.923973406694 0.77175622933153398 4.4908152543534102e-07
2222 3 94761.591207962396 0.67016918217733101 5.3842459067054596e-07
2223 3 96421.381124161795 0.45307368878364901 1.9508871666861501e-06
2224 3 91538.308582588696 0.80391541031134806 1.1611370129462701e-06
2225 3 92394.731962895501 0.78452259613878506 9.0087255862526702e-07
2226 3 92988.271306976196 0.76577384970307605 1.04448329163895e-06
2227 1 105837.01701354 4.8848853833282596e-06 3.0870192943291301e-06
2228 3 88902.164194649304 0.83687987633184202 2.8742476410316302e-06
2229 3 93798.774873651593 0.73088828306859799 1.04676792555696e-06
2230 3 92090.880705933407 0.792100220510919 1.04268976620123e-06
2231 3 91668.309708559595 0.80136263793754803 1.1359613588945699e-06
2232 3 90180.7089111034 0.82450142381449398 2.1122208566528199e-06
2233 3 90274.467751729695 0.82337276685354299 2.0262550355525501e-06
2234 1 108969.519539381 3.4253913818986598e-06 3.1907796043985901e-06
2235 3 89412.038450124397 0.83253715029622 2.6981886413760399e-06
2236 3 91186.436940026397 0.81024441885406295 1.26819051945984e-06
2237 3 91321.583944402693 0.80790962331076599 1.19571186100344e-06
2238 3 92417.315024503798 0.78369993683530204 1.0401493271655e-06
2239 3 91660.853000939605 0.80150392384312397 1.09401191952327e-06
2240 3 96056.058186413196 0.51527771011874202 1.2712747708853e-06
2241 3 95612.956706622805 0.57922709404610495 9.5004187661768097e-07
2242 3 93915.878810575901 0.72465489376076997 1.04610931649913e-06
2243 3 94067.596068538798 0.71602853499246799 1.04695172159888e-06
2244 3 92190.920642683996 0.78971356975554596 9.8461299507552896e-07
2245 3 92220.096863536499 0.78915265826789105 8.5182167850987997e-07
2246 3 92014.658501963393 0.79388720911868105 1.04816060299261e-06
2247 3 90544.377626963105 0.81991322265900202 1.7831361080359e-06
2248 3 95530.7815973869 0.58869557079327095 1.0931636175310501e-06
2249 3 94824.722449898705 0.66272730570551297 8.7509763665475202e-07
2250 3 94681.598329086002 0.67376032935879204 1.03053624771563e-06
2251 3 92041.456606090302 0.79326879253592197 1.0361852833115599e-06
2252 3 93547.763221991307 0.74313493228657901 1.0458387341332299e-06
2253 3 95327.466570680204 0.61260115739141496 1.0308122409521299e-06
2254 3 95866.684652926095 0.55342278011761703 2.1386234849366499e-07
2255 3 89838.768456123304 0.82832931613473804 2.40357320336883e-06
2256 3 91769.198630733794 0.79928078225212496 1.07246398277717e-06
2257 3 90917.687998102803 0.81459485326219605 1.7385964812184801e-06
2258 1 105741.974833587 4.9385427112597696e-06 3.06670742957674e-06
2259 3 96019.314861998995 0.52101842754977601 1.23755166665316e-06
2260 3 90920.872934309606 0.814513516918147 1.4430112302578401e-06
2261 3 96104.951050507399 0.50762789664945296 1.2296232743833499e-06
2262 3 92012.548578492904 0.79393580663693897 1.04784251898532e-06
2263 3 93881.750132544694 0.72650521806008705 1.0472219068794601e-06
2264 3 92041.433982925402 0.793266178375445 1.0463749012252999e-06
2265 3 91399.076823181298 0.806517109852256 1.1637347647507e-06
2266 3 90723.469747164898 0.81743435191940195 1.6087113932997699e-06
2267 3 90791.306604076803 0.81645351653735998 1.54961286811465e-06
2268 3 95822.822523232899 0.55015134856401104 1.1317146899920301e-06
2269 3 95167.282942048201 0.63112970068959495 8.5326164388789396e-07
2270 3 93364.5765121398 0.75119955020368401 1.04530046267619e-06
2271 3 90875.097552168198 0.81520778883131395 1.50811907274361e-06
2272 1 105158.212006684 6.9118818821160901e-06 2.42306911480699e-06
2273 1 106538.814481774 4.4500634377568801e-06 3.1111201953842898e-06
2274 3 96182.371977360293 0.494851556792122 1.4288041521314301e-06
2275 3 91373.030128736296 0.80698971081945803 1.17316648443352e-06
2276 3 92206.181707449097 0.78945159116305996 9.0132589676251904e-07
2277 3 91034.570166155099 0.81273586826788902 1.35894840782842e-06
2278 3 94290.379967907895 0.70213235743480695 1.0501888954613299e-06
2279 3 93503.224858353104 0.74517755507071004 1.03902039992658e-06
2280 3 91085.849631464996 0.81192225071152802 1.49867501462007e-06
2281 3 93907.222609581804 0.72519839553221399 1.0229822030929499e-06
2282 3 96892.596475192797 0.36004890507976001 1.75165692538246e-06
2283 3 88741.782133461107 0.83811464342725195 2.9640932189233302e-06
2284 3 88941.453357718899 0.83657313872146 2.90079471989591e-06
2285 3 91534.238849365502 0.80399010926985603 1.12805949699521e-06
2286 3 91552.451226245204 0.80368993931537802 1.31422654952362e-06
2287 3 91781.718045765505 0.79909983344386804 1.1698193006619299e-06
2288 3 95938.7385924267 0.53327192938596901 1.19111244483078e-06
2289 3 91213.242472314902 0.80979084417112901 1.24856437576629e-06
2290 3 91313.347379013896 0.80808184797707305 1.42340747912679e-06
2291 3 92793.589856390201 0.77322148679792102 5.8071688419195604e-07
2292 3 95350.177602664597 0.60992746335040604 1.0772591324591499e-06
2293 3 92065.734733675694 0.79269760102906195 1.0397987980801999e-06
2294 3 96209.770762023501 0.490269622211228 1.48458821784365e-06
2295 3 96227.678467837002 0.48724898630549801 1.5237633233644399e-06
2296 3 95398.213150297001 0.60575732052459497 8.9721686102290296e-07
2297 3 95164.328535848093 0.63116752596600201 8.7028930909497497e-07
2298 3 88999.907908116802 0.83610356162523303 2.8788721508619001e-06
2299 3 92432.357396965002 0.78335987824216502 9.9361494980081694e-07
2300 3 91621.880066162499 0.80228187575021304 1.0993149947118001e-06
2301 3 91643.205380917701 0.80185776735421299 1.09485967508222e-06
2302 3 90027.558360670198 0.82626993060489395 2.2480838785542301e-06
2303 1 102443.99249402 8.1622599289917596e-06 2.6656959804824801e-06
2304 3 91233.929424557806 0.80943735506887704 1.23784700724129e-06
2305 3 95969.136294059703 0.52871995247548698 1.19249498802063e-06
2306 3 95231.436383260196 0.62287518238350903 1.07168962455215e-06
2307 3 96326.126404968003 0.470231984450798 1.78195089595801e-06
2308 3 90209.905384166006 0.82415310810515496 2.0914356927325398e-06
2309 3 96170.547956882307 0.49682127486161698 1.39824884838011e-06
2310 3 96162.275595701998 0.49818270962088701 1.38763519313769e-06
2311 3 94941.599013751693 0.65255212773571702 8.6430525395876001e-07
2312 3 89412.647189040799 0.832536852889047 2.68827590196129e-06
2313 3 89330.544490471599 0.833283525462025 2.73275087706428e-06
2314 3 98557.255870176799 0.0473596246024224 2.3635586813066501e-06
2315 3 98802.849548622893 0.0260156079206935 2.38656803772759e-06
2316 3 96236.415056063706 0.48583540746579101 1.47764303331752e-06
2317 3 94457.359813336603 0.69066546072044499 1.0520366887971901e-06
2318 3 93720.781683986104 0.73485152289827604 1.0464754961212899e-06
2319 3 91058.229512029895 0.81235669800200005 1.3426503212971e-06
2320 3 94348.558008597494 0.69824519067694502 1.0507338048060399e-06
2321 3 93254.928982518599 0.75572255892547502 1.03888317805976e-06
2322 3 96437.717589297696 0.45129023483692299 1.49578954365066e-06
2323 3 94332.552117159794 0.69933095597940098 1.0491183868406e-06
2324 3 95634.082953532896 0.57567533909982804 1.10387563987317e-06
2325 1 101464.303547733 8.9020309644363903e-06 2.6657677747672701e-06
2326 3 91963.897761683402 0.79504548922926899 1.0505269410318901e-06
2327 3 96188.884590941307 0.49377788751111301 1.43013950871904e-06
2328 1 100981.46664107 9.1818585746976206e-06 2.62325868338864e-06
2329 1 107626.30339514599 3.8406948651820399e-06 3.1785451886792998e-06
2330 3 91502.626461327207 0.80459264999528102 1.1294791197343701e-06
2331 3 91537.9895438276 0.80391806112220998 1.11965975497327e-06
2332 3 90226.291021705198 0.82395324532345904 2.11535026596829e-06
2333 3 95776.483286916598 0.55984155944445702 9.1892095043771897e-07
2334 1 105385.828340458 5.0035201496310698e-06 3.0853241462933301e-06
2335 1 104592.073486006 5.5958675457075101e-06 3.0273028808998701e-06
2336 1 102966.116598308 7.0155955676349104e-06 2.8392795320034901e-06
2337 3 96337.521791441599 0.46821409329775199 1.8112591825137099e-06
2338 3 91868.311556821398 0.79716467349175701 1.0596243608334701e-06
2339 3 91813.513427357102 0.79855271672867401 1.0354041946453199e-06
2340 3 91975.763337996497 0.79477681722490201 1.0497838797492e-06
2341 3 92664.265733977401 0.77653756625535597 1.0181654028749699e-06
2342 3 92116.907477195098 0.79147627488882499 1.0404704464928601e-06
2343 3 95851.662238663994 0.54814275706022098 1.06322200221881e-06
2344 3 96524.468138805794 0.43379720114221099 1.9956874185009701e-06
2345 3 96423.310986835801 0.45272659823927602 1.9382045749805599e-06
2346 3 95656.405741559895 0.57504763828863603 9.47744959684118e-07
2347 3 94877.433919113304 0.65934373841960903 7.3655475198946603e-07
2348 1 102338.592553357 8.2089635271944593e-06 2.66703475974076e-06
2349 3 90440.321420128297 0.821285470315953 1.87359280226791e-06
2350 3 92215.061558480404 0.78904887524357503 1.04295521369002e-06
2351 3 91947.3237069467 0.79541862467009705 1.05214476180324e-06
2352 3 95796.769482722098 0.55379973850269504 1.1341648042483499e-06
2353 3 95844.835866756606 0.54700184482801295 1.14932480990556e-06
2354 3 94806.262208854096 0.664597423381178 8.4526904763407598e-07
2355 3 93079.647311338296 0.76359648128326896 5.94607411762347e-07
2356 3 95784.929293439898 0.55546824609953005 1.1208626439809301e-06
2357 3 91278.967351347295 0.80865858916706601 1.2146160512189299e-06
2358 1 108980.363888179 3.2986344947106501e-06 3.2050357455081802e-06
2359 1 102578.8477343 8.0748322566002307e-06 2.7675444914834198e-06
2360 3 90602.565838925206 0.81914319929106405 1.9561888247094601e-06
2361 3 96182.076459698597 0.49530052404304997 1.2818538382264699e-06
2362 3 95143.273058539504 0.63200399234920501 1.0667486183027701e-06
2363 3 95100.988607499399 0.63623647257726801 1.0658588804619499e-06
2364 3 94971.967835499105 0.64861597393967896 1.06053403211057e-06
2365 1 106470.44535379999 4.45219747540206e-06 3.13242736280152e-06
2366 3 94782.246382698097 0.66540625849642199 1.0561348825178499e-06
2367 3 91976.871172681203 0.79475157252435602 1.0504901381659699e-06
2368 3 95917.328835566499 0.53645783085939303 1.1778648265540799e-06
2369 1 104038.746249244 7.00017864513212e-06 2.7559581272874599e-06
2370 3 95983.087588502298 0.52658380031557095 1.2133538080103e-06
2371 3 91277.472125030195 0.80868465086494401 1.2159411397872101e-06
2372 3 92311.833068456399 0.78654907745439495 1.0404818570981101e-06
2373 1 103805.484643791 6.0849056359234304e-06 2.9754402608640802e-06
2374 3 90202.826352238597 0.82423523427670797 2.1386285630847199e-06
2375 3 92001.565025618504 0.79418823095920599 1.0488945288573101e-06
2376 3 92269.493661037006 0.78765594957779494 1.04109392434123e-06
2377 3 91467.216041781707 0.80525919508311705 1.1402126346435301e-06
2378 3 92119.271439608798 0.79141841793488499 1.0443966264035701e-06
2379 3 95187.433607512998 0.62969224553472103 7.9730531849075098e-07
2380 3 90581.410837022893 0.81941416382200705 1.73779771677788e-06
2381 3 94535.941068059401 0.68493870536650203 1.0503146675179e-06
2382 3 91243.476811584405 0.80927261625241398 1.2462969137568099e-06
2383 3 90464.589305822898 0.82097045530770396 1.8467260087471601e-06
2384 1 108354.961216365 3.62972151041157e-06 3.19791226547911e-06
2385 3 90190.920628753505 0.82438024208896798 2.1032309046494099e-06
2386 3 92284.631180271099 0.78751541612195997 8.3095602169072402e-07
2387 3 89432.836866931801 0.83234920887753105 2.6789099022011602e-06
2388 3 94346.507439517896 0.69843149513287905 1.03649024506824e-06
2389 3 94077.570303231303 0.71543706227961701 1.0474886542510299e-06
2390 3 93824.076878801498 0.72957483341794804 1.0453949453659599e-06
2391 3 95510.559630084696 0.59116803799112205 1.0909953769846701e-06
2392 3 99076.493918573193 0.0112733796979252 2.21940056484671e-06
2393 3 89790.704243522196 0.82883357032593696 2.4397422699468999e-06
2394 3 91342.033270557295 0.80754600945344102 1.18648346499602e-06
2395 3 91783.864887820106 0.79897274205967195 1.07032715114541e-06
2396 3 90920.539296952702 0.81451858602235205 1.44323126507686e-06
2397 3 91396.644575824801 0.80656148841938702 1.1643652953661899e-06
2398 3 91418.810681734001 0.80615614967097504 1.15652329995173e-06
2399 3 90791.582956338607 0.81644945321900897 1.5492467690754701e-06
2400 3 93726.656868213497 0.73867731589802799 1.3035665892587201e-07
2401 3 91048.537456086095 0.81251881636534695 1.4740124101817101e-06
2402 3 96174.101923400303 0.496220556506 1.41652297116455e-06
2403 3 96074.806684777694 0.512310107135309 1.2930717949142401e-06
2404 3 93192.439830021496 0.76071503579370903 1.8316076429620401e-07
2405 1 105379.360023752 5.1665882924744004e-06 3.0430137974523201e-06
2406 3 96275.285400287496 0.479101565672786 1.6539966312973301e-06
2407 3 99512.622196349796 0.0031250944659502598 2.4892688641742302e-06
2408 3 92502.954959156399 0.78141124555351205 9.7151645374583602e-07
2409 3 88611.956045314102 0.8390682804506 2.9981588153971299e-06
2410 3 88968.550285468198 0.83635664436858703 2.8919352883357299e-06
2411 3 91190.145905517493 0.81018228121366898 1.26155830525694e-06
2412 3 91214.620989540999 0.80976737415503097 1.2475381445158501e-06
2413 3 92898.315994354896 0.76928704147943106 8.7492100155084801e-07
2414 3 95375.763747611505 0.60703461525315605 1.0790572145064899e-06
2415 3 95338.989825204306 0.61117830538699802 1.07769191857828e-06
2416 3 98603.621334607 0.0428206999617117 2.2228160108448899e-06
2417 1 106571.663605769 4.3252640472801397e-06 3.1313535621078901e-06
2418 3 96211.064942190496 0.490047041991446 1.49412887343209e-06
2419 3 96164.478255366193 0.49781362583308097 1.3982386613913099e-06
2420 3 98228.172206838601 0.089757821162486706 2.01796182174144e-06
2421 3 91656.569980775603 0.80159019996496905 1.0920809077504199e-06
2422 3 91605.453737276097 0.80260622130153902 1.10299444980673e-06
2423 3 96315.262824176796 0.47214209555688502 1.7590741093636101e-06
2424 3 91597.635229824795 0.80276009490401501 1.1052164486540401e-06
2425 3 96151.819071601101 0.49990496522251099 1.3689326376692601e-06
2426 3 98335.536528587807 0.073846877564895996 2.3361374312973601e-06
2427 3 99051.808541211401 0.012098869814904 2.4319508119059599e-06
2428 3 91086.000210534999 0.81190754265859399 1.32427167433044e-06
2429 3 95623.725473016893 0.57700811291703102 1.10402266759774e-06
2430 3 92278.919220024996 0.78742839048928803 1.0273979605053e-06
2431 3 91418.118168497997 0.80616827431410099 1.16569408202367e-06
2432 1 107827.73648028199 3.7356748663502398e-06 3.18622035634865e-06
2433 1 104326.418119332 5.9385441708846496e-06 2.99940175382107e-06
2434 3 91880.590284160106 0.79689680756218095 1.0583763813947001e-06
2435 3 98177.781040803704 0.097429210146624506 1.9720248965813899e-06
2436 3 91990.251338970702 0.79444718492613098 1.0486509452436499e-06
2437 1 106439.05738374501 4.6190309122570504e-06 3.11224666045932e-06
2438 3 96399.465868595304 0.45708414691088001 1.9146353470822802e-06
2439 3 96574.544376499907 0.42416435667212499 2.0252257068489502e-06
2440 3 95787.503136264204 0.55508859757584095 1.1339112029691099e-06
2441 3 91279.491339973101 0.80864946203968502 1.2141163540926201e-06
2442 1 102811.50131761 7.6807915104030294e-06 2.8182562883549801e-06
2443 3 95069.491659591295 0.63933207271609704 1.0647282996076699e-06
2444 1 106424.31879905501 4.4206588460563403e-06 3.1375143002084e-06
2445 3 94736.463028290804 0.66922155667900096 1.0553276447510499e-06
2446 3 89128.867813170902 0.83503798146493102 3.1222330930418799e-06
2447 3 90585.548085285307 0.81935787494796097 1.73400339291626e-06
2448 3 92566.110670154405 0.78034126293926098 4.8210237276737398e-07
2449 3 94403.409230654899 0.69447527431827005 1.05142058515819e-06
2450 3 87976.0363528374 0.84324822899873797 3.10647967970429e-06
2451 3 93753.141565365702 0.73322851077701401 1.04545587101804e-06
2452 3 91375.453575776701 0.80694586009674196 1.17247133305814e-06
2453 3 88504.202844683605 0.83983229388380398 3.0227883747689899e-06
2454 3 91193.320819876506 0.81012874565465698 1.2590135436354399e-06
2455 3 95387.285891385094 0.60571650511417896 1.0809888507643e-06
2456 3 96315.352252784796 0.47212274377822999 1.7666955297363801e-06
2457 3 91807.159732460903 0.79848026426889296 1.06707657381616e-06
2458 3 98106.576481744298 0.10836770073145 2.29769116533413e-06
2459 3 88600.891742323103 0.83914459032368005 2.9397142642743498e-06
2460 3 91107.307764105906 0.81155987708692501 1.3103351291360799e-06
2461 1 101916.873441002 1.01614865176006e-05 1.6274602652755401e-06
2462 1 107772.47462095199 3.7636054430132499e-06 3.1861313819358398e-06
2463 1 104078.85039154399 6.00693430187195e-06 2.9918825470289901e-06
2464 3 91878.011305111795 0.796953248209474 1.05874137304318e-06
2465 3 91895.515756840599 0.79656959215625001 1.05678132233474e-06
2466 3 92002.4622395185 0.79416768583304798 1.04802019241162e-06
2467 1 102767.140580737 7.6171433521392903e-06 2.82788981401944e-06
2468 3 91395.187601262194 0.80665925077024303 1.3584695989376401e-06
2469 3 91156.128646437399 0.81075243940310104 1.2929471670075399e-06
2470 3 93653.562536344994 0.73815463668794801 1.04484295624485e-06
2471 3 96661.839031207594 0.40721814378023702 1.7921509217761301e-06
2472 3 91933.287449548501 0.79573269185572504 1.05339423507657e-06
2473 3 88345.4283334949 0.84091471164366105 3.05318423928988e-06
2474 3 91192.980608098806 0.81013454118853101 1.2588541736352099e-06
2475 3 97901.714123853104 0.144787583646387 2.2706834261935601e-06
2476 3 91099.559050141805 0.81168672449076795 1.3147257114969901e-06
2477 1 103830.00268085601 6.2541788657177004e-06 2.9709778228471598e-06
2478 3 91907.341517166395 0.79630885830828502 1.0557160066715101e-06
2479 3 91999.332848910097 0.79423948558969004 1.0485048264991399e-06
2480 3 92016.876202008294 0.79383609490024498 1.04703323031801e-06
2481 3 93580.143284883103 0.741638730132538 1.04493253451336e-06
2482 3 88310.284328833004 0.84114759044374499 3.05833214539274e-06
2483 3 97692.487474658104 0.18627969301698 2.24255648188465e-06
2484 1 103828.558384305 6.2958660585004902e-06 2.9687559893470402e-06
2485 3 91921.731413320304 0.79599008988554698 1.0543136979604901e-06
2486 3 92029.546332982703 0.79354280432406099 1.0465092144501599e-06
2487 3 93476.454938655195 0.74635973845205605 1.04441116426262e-06
2488 3 88145.791930237494 0.84220657005044297 3.0828941973487999e-06
2489 3 97507.165001081899 0.22553386046459101 2.2194627742962798e-06
2490 3 92044.151666769496 0.79320284821831599 1.04564425021715e-06
2491 3 93400.7582254304 0.74966311577730604 1.04450455179038e-06
2492 3 93453.717535473697 0.74736556330335102 1.0439708478004799e-06
2493 3 97529.8493146291 0.22062997802845 2.2399520612690001e-06
2494 3 97326.623931429102 0.26501234185307998 2.19270262773898e-06
2495 3 92057.126901103198 0.792898901581084 1.0452374634535999e-06
2496 3 93294.983610888594 0.75409002491885402 1.0440525022103199e-06
2497 3 97168.775272737505 0.299779557825608 2.17029611293361e-06
2498 3 92056.161791451203 0.79292156798955005 1.0456096841423301e-06
2499 3 92071.847681236395 0.79255203264038498 1.0445017941258899e-06
2500 3 93216.198292263798 0.75724884477476195 1.04414740950397e-06
2501 3 97026.039109505306 0.33094759122890699 2.1436076225689902e-06
2502 3 92085.772915589405 0.79222163399830003 1.04419140311753e-06
2503 3 93109.598249100105 0.76134674327390905 1.0437439329772001e-06
2504 3 96903.6783731615 0.35717416896287302 2.1219247207760002e-06
2505 3 93029.414275183895 0.764300308055334 1.0438503712489601e-06
2506 3 96912.434027711206 0.35530970672474599 2.1389767242396498e-06
2507 3 92924.930593346493 0.76799336101138005 1.04349293657292e-06
2508 3 92906.225815267302 0.76863693246866505 1.0431968533581699e-06
2509 3 92805.973478307395 0.77199407559211797 1.0428552532062199e-06
2510 3 98367.976117404905 0.069523302825362204 2.33883329586047e-06
2511 3 98392.427342029594 0.066371795126129104 2.3525860403897702e-06
2512 3 96714.426854066405 0.39641366094213898 2.11035010943688e-06
2513 1 102613.01372952999 7.7929671435847997e-06 2.73877080163533e-06
2514 3 96194.166929619198 0.49287041289454397 1.4699377652519099e-06
2515 1 104082.859154422 5.9631303277075301e-06 3.0167225365047599e-06
2516 1 100076.456087848 9.6866323505188394e-06 2.5677652393996098e-06
2517 3 96915.814464330106 0.35457977041902999 2.1601403407404098e-06
2518 3 97948.555188039507 0.136028040257407 2.3002640837904601e-06
2519 3 92734.534644350002 0.77429648736545098 1.0430714554183201e-06
2520 3 96575.404127772505 0.42398226472635198 2.05976871182888e-06
2521 1 103094.935324634 6.8777128838529601e-06 2.8846191134027998e-06
2522 3 96175.109514315205 0.49604052055055498 1.4334984445427101e-06
2523 1 103581.270515119 6.4326254454344702e-06 2.96688729069013e-06
2524 3 99621.299624419102 0.0021917392147384799 2.4870227999578002e-06
2525 1 104604.821084939 5.8243177858888797e-06 3.0286082430271602e-06
2526 3 96379.764829359294 0.46064811967709701 1.90340415421172e-06
2527 3 98557.464707272797 0.047324774249250301 2.35743775521749e-06
2528 3 99187.376822521794 0.00742978051798137 2.4191425334787302e-06
2529 3 96635.867106871301 0.412136621235622 2.0852800221714902e-06
2530 3 96202.943695983296 0.49140132787589702 1.48837586618317e-06
2531 1 103324.52917625599 6.6739184005275402e-06 2.9244755176273102e-06
2532 1 105825.65467964701 4.5652092434402696e-06 3.1304470625917901e-06
2533 3 96238.442954491999 0.48540691661619301 1.5688386664213701e-06
2534 3 99413.485952343806 0.0040878637761724299 2.4535393510292002e-06
2535 1 107304.90976999501 3.94989739577348e-06 3.17661694934711e-06
2536 3 96803.1967296769 0.37822467248281999 2.1353547054628398e-06
2537 3 98136.839633555996 0.103385310345459 2.3207872129450398e-06
2538 1 100322.706510713 9.5793452549734204e-06 2.5816176647211199e-06
2539 1 102337.816963802 8.1972007956028195e-06 2.72652379261765e-06
2540 3 96049.753761850807 0.51626334005265195 1.27124426791962e-06
2541 3 96165.634593621697 0.49760699634673 1.4176176558262101e-06
2542 3 96288.459419432897 0.47681351638342301 1.7011980232653901e-06
2543 3 96522.959409813397 0.43406599847963101 2.0342922053307699e-06
2544 3 97039.184897548694 0.32807424350882602 2.1847955004287799e-06
2545 3 97723.418332696601 0.17989698764992401 2.27917427334718e-06
2546 1 104328.194208295 5.8991038607841602e-06 3.0226248920425102e-06
2547 3 96087.944460361599 0.51021698845295405 1.30859262561898e-06
2548 3 96127.584319880596 0.503835923667871 1.3583227577556e-06
2549 3 96362.355882853706 0.463778953387808 1.8761099603942901e-06
2550 1 101274.3971509 9.1063131876915e-06 2.6389930456870599e-06
2551 3 96003.855159562896 0.52339621512803403 1.2343420870395099e-06
2552 1 102840.41315315801 7.2729581760735203e-06 2.8034470728636401e-06
2553 1 104568.107505418 5.8557855451510297e-06 3.0241410585509802e-06
2554 1 104841.194873007 5.3828107023798498e-06 3.0659060569368702e-06
2555 3 98776.316042709906 0.027933531566388801 2.3755440155402902e-06
2556 3 96184.682156152106 0.49445091934401397 1.4520528216811101e-06
2557 1 103824.076057964 6.2151064694578498e-06 2.9932681435311201e-06
2558 3 99862.078763483107 0.00029501303611059802 2.54014374554936e-06
2559 3 92645.569933072693 0.77706537413699905 1.04279388322527e-06
2560 3 91927.143618008806 0.79586965434317303 1.0543077565085501e-06
2561 3 89594.080511378197 0.83081601918675496 2.57690399273067e-06
2562 3 91128.4581414899 0.81121225729503899 1.2958955028343799e-06
2563 3 91939.338292815999 0.79559743293318497 1.05331286160173e-06
2564 3 96397.916428162498 0.45735853572861401 1.92951231635435e-06
2565 3 91697.151438331304 0.80076959281042603 1.0841389162303901e-06
2566 3 91601.110890675205 0.80269158992805101 1.1038129967802e-06
2567 3 89725.388918231503 0.82950630912527601 2.4872634731781402e-06
2568 3 89781.7601271975 0.82892665389321496 2.4466170366708302e-06
2569 3 92584.465053194799 0.77890537065417598 1.0430185435317599e-06
2570 3 92461.816715361099 0.78245508047555001 1.0430576372551401e-06
2571 3 91755.170215417995 0.799574019613564 1.07453933801043e-06
2572 3 91482.680183967896 0.80496901026985201 1.13514179854848e-06
2573 3 98980.2840065989 0.0153774775859974 2.39732226036558e-06
2574 3 91465.098398045302 0.80529862983268397 1.1405814335238799e-06
2575 3 91616.912999780296 0.80238008179963205 1.1002387923107101e-06
2576 3 92509.859142293906 0.78108716072248596 1.0428100664765099e-06
2577 3 91952.273923077693 0.79530731564198598 1.0522757119861299e-06
2578 3 92398.442859411094 0.78421677516185495 1.04292316080011e-06
2579 3 92601.482268935695 0.77839749975156503 1.0432263042405399e-06
2580 3 89841.348877256896 0.82830221328068199 2.4013427084987899e-06
2581 3 88570.359093670995 0.839366166245748 3.00929381087599e-06
2582 3 89659.085051184302 0.83017460319283098 2.5336988142882899e-06
2583 3 89896.209425335896 0.82771643708059806 2.3580500977548801e-06
2584 3 90114.799331026094 0.82527379860225902 2.1717261840990902e-06
2585 3 90284.642631646799 0.82324829488297102 2.0162222949022401e-06
2586 3 90733.785460042098 0.81728665806628598 1.59943407847759e-06
2587 3 90844.617603775099 0.81566596775631095 1.5044799421393501e-06
2588 3 90951.936725152103 0.81403498120810602 1.4183510607180601e-06
2589 3 91152.729342953797 0.810809907745075 1.2811243715540001e-06
2590 3 91240.294570881204 0.80932821686585998 1.2329681405595399e-06
2591 3 91445.982801628095 0.80565452554906203 1.14675973566925e-06
2592 3 91681.564705059296 0.80108626447383302 1.0869894812403401e-06
2593 3 91102.804067823599 0.81163380042299504 1.31180999142613e-06
2594 3 91325.0478407888 0.80784834666849104 1.1927903205305301e-06
2595 3 91518.151039302596 0.804297414823266 1.12482541845777e-06
2596 3 91585.217851950802 0.80300306054417703 1.1075276907747999e-06
2597 3 91740.742386260594 0.79987380445275302 1.0767776926793001e-06
2598 3 91801.5660960143 0.79859873410224702 1.0679311295256499e-06
2599 3 89174.555047961796 0.83465042134696898 2.8083109942805502e-06
2600 3 90538.849756802403 0.81998849538230001 1.77741204008392e-06
2601 3 91002.732078251604 0.81324100771053298 1.3803696945910599e-06
2602 3 91858.724213036505 0.79737298987717597 1.0610090171959601e-06
2603 3 91500.932853679697 0.80462454570840802 1.12972495622826e-06
2604 3 89514.891639281297 0.83157947308146196 2.62696937054355e-06
2605 3 91913.524589024702 0.79617209860860705 1.0555164879129599e-06
2606 3 91964.108847816999 0.79504055128870399 1.0514115069832901e-06
2607 3 89958.544737516204 0.827037847739721 2.3069973404822402e-06
2608 3 90975.953010245503 0.81366136230921704 1.4002529827686001e-06
2609 3 91844.571309638399 0.79767893896198405 1.06258387084246e-06
2610 3 91024.845540224196 0.812890816202822 1.3645688194168199e-06
2611 3 91771.2747213033 0.79923751386554498 1.07212064621983e-06
2612 3 91696.954047799794 0.80077360208384596 1.08416452239759e-06
2613 3 92488.256851686703 0.78170613710466896 1.04250377832659e-06
2614 3 91051.979685123704 0.81245730231925495 1.3455594551389499e-06
2615 3 91025.569553811307 0.81287927998284804 1.3640893233383099e-06
2616 3 95911.494178737106 0.53730957896010001 1.18236296561742e-06
2617 3 91816.322871970304 0.79828478769213096 1.0660365592633701e-06
2618 3 91535.5969729801 0.80396382243621101 1.12006943608516e-06
2619 3 90010.489080490705 0.82646160988857698 2.2628414199992098e-06
2620 3 90070.948021687698 0.82577822097797304 2.2101329971799199e-06
2621 3 91786.206484875802 0.79892351531700001 1.0700181177297399e-06
2622 3 91844.978830112901 0.79767018947011104 1.06256155946904e-06
2623 3 90703.876668865196 0.81771323145721397 1.62621780614817e-06
2624 3 91666.444562563804 0.80139172139720605 1.0898740453168201e-06
2625 3 91633.591661768296 0.80204931597631501 1.0966115999077e-06
2626 3 95356.686529608996 0.60918498461326398 1.08152372662267e-06
2627 3 91076.014745444307 0.81206970127387401 1.32948226521508e-06
2628 3 90668.179180148407 0.81821661192608497 1.6582046889946099e-06
2629 3 91725.502573893202 0.80018864473794304 1.0792573608794501e-06
2630 3 91830.251691515805 0.79798689694191505 1.0643145174080801e-06
2631 3 89438.265829428507 0.83229998420644202 2.6729714876815601e-06
2632 3 91568.987715757001 0.80331925708655705 1.111478143689e-06
2633 3 91649.514963688998 0.80173161012545102 1.0932690345556399e-06
2634 3 95861.956692753403 0.54453258402959404 1.16273835667899e-06
2635 3 91711.414218821199 0.800478077036475 1.08163898966618e-06
2636 3 89259.460555248093 0.83391478939183605 2.7686207478396701e-06
2637 3 89351.759956723006 0.83309265262119103 2.7205297819251598e-06
2638 3 95214.960855916797 0.62460475110731095 1.07291308720442e-06
2639 3 91552.373726599297 0.80364096638315397 1.1156611322686401e-06
2640 3 94689.341062204607 0.67305292246678405 1.0558307915916899e-06
2641 3 95779.451520823903 0.55619673800120695 1.1380551337024001e-06
2642 3 95886.959519181299 0.54090753711246298 1.1720120942369501e-06
2643 3 94507.027650550604 0.68706541700596502 1.0527793946916999e-06
2644 3 94983.828074099496 0.64750426563346997 1.0633537522599199e-06
2645 3 95265.548408954899 0.61922633507036395 1.0757003233910901e-06
2646 3 95482.687626901999 0.59452794106785101 1.0919953963431899e-06
2647 3 95660.780810263299 0.57218825895996905 1.1142577281197999e-06
2648 3 95836.101438359503 0.54823712447849504 1.1541625344603399e-06
2649 3 95958.386130550702 0.53031885842144399 1.20588612725398e-06
2650 3 94847.1525658233 0.65983628190342603 1.0593673126194301e-06
2651 3 95161.857528397304 0.63010496484036205 1.07028095204558e-06
2652 3 95400.716911263706 0.60416742395742895 1.08483073399111e-06
2653 3 95560.258909479599 0.58503793159211703 1.1004291786755101e-06
2654 3 95720.877680014106 0.56420283457853704 1.12490567964743e-06
2655 3 95628.8541511691 0.57633771188746696 1.10942396904801e-06
2656 3 94602.192984751004 0.67991185725648096 1.0542571216697299e-06
2657 3 95808.882345347301 0.55208851554799299 1.1460124558124301e-06
2658 3 92849.485337109494 0.77055428549285898 1.04362022860255e-06
2659 3 95898.815153679796 0.53917428304982196 1.1765606580709201e-06
2660 3 94916.153439768503 0.65371734840875595 1.06126576577658e-06
2661 3 95595.536864425099 0.58060001262393002 1.10485627933102e-06
2662 3 95048.080298965302 0.64140471134553301 1.06557552626015e-06
2663 3 95241.240211447803 0.62182821743107197 1.07422102049601e-06
2664 3 95522.143284756603 0.58974655463366799 1.0960564731802299e-06
2665 3 95442.985481628697 0.59924585681140397 1.0883516135108099e-06
2666 3 95312.120319337104 0.61415239968272695 1.0785202934786301e-06
2667 3 94554.247017083893 0.68355994062661796 1.0531914743768999e-06
2668 3 95749.635315534499 0.56029997546877297 1.1309131047741701e-06
2669 3 95378.472615434701 0.60671635448292005 1.0829766901506501e-06
2670 3 95873.962758208101 0.542797407912469 1.1668155036267e-06
2671 3 95422.130693536601 0.60168733022398002 1.08642328634347e-06
2672 3 95691.493127889 0.56813608083877798 1.1194354579319899e-06
2673 3 95764.011732282204 0.55832907476070204 1.13396349307911e-06
2674 3 95333.903992092703 0.61173853526896804 1.0798378349976799e-06
2675 3 95612.027658045801 0.57849932828036099 1.1069200191723299e-06
2676 3 95848.770982546601 0.546427812128501 1.15802938926619e-06
2677 3 95502.592613599903 0.59212775037397403 1.0938107522262999e-06
2678 3 95016.211082535796 0.64445506594122304 1.0643436736220699e-06
2679 3 95794.595545094999 0.55409045014495695 1.1417257285256099e-06
2680 3 94948.284183532101 0.65079423164215899 1.0621331679307199e-06
2681 3 94646.2247309222 0.67648436901290498 1.05496073574778e-06
2682 3 94556.180937176105 0.68341364869247101 1.0534517459672201e-06
2683 3 95935.347976763805 0.53377230440683299 1.1937287339186299e-06
2684 3 95822.786357125195 0.55012784796773595 1.14983818006791e-06
2685 3 94880.090739986103 0.65694240458780095 1.06018188641656e-06
2686 3 91724.760707269903 0.80020396893153301 1.0793686607486101e-06
2687 3 95946.076201940799 0.53216905881408705 1.19900844298589e-06
2688 3 95578.353911090599 0.58277165839755996 1.1025004227428501e-06
2689 3 95644.446069800702 0.57431948400930499 1.11154953584615e-06
2690 3 95675.623195837397 0.57023771934707301 1.1165120853575101e-06
2691 3 95188.327107016798 0.62738199105324 1.0714388997801e-06
2692 3 95541.817564533601 0.58732758178411504 1.0980776155904799e-06
2693 3 91710.847948050199 0.80048976746030698 1.08172473667827e-06
2694 3 95734.089158865405 0.56241664273214897 1.1273731339028e-06
2695 3 95705.411671301306 0.56628021203941903 1.1217844962694599e-06
2696 3 95289.521646950598 0.61662966814425901 1.07701813680954e-06
2697 3 95462.957662056404 0.59688449165287705 1.09000501068767e-06
2698 3 95923.028312140304 0.53560442141562203 1.1874160161275099e-06
2699 3 92752.5045605536 0.77372362839660902 1.0433192352249701e-06
2700 3 92686.456961426695 0.77580550572950302 1.0434667966567001e-06
2701 3 93090.557145328406 0.762058618057045 1.0434165622769601e-06
2702 3 92984.461077190004 0.76591176845785103 1.04301337015488e-06
2703 3 93346.561592094702 0.75196040324114399 1.04347855354131e-06
2704 3 93274.320610376293 0.75493056949134796 1.0436767719927499e-06
2705 3 93167.516012816995 0.75914660741024198 1.0432427525980001e-06
2706 3 92660.7087490329 0.77668396330748901 9.9971090443191808e-07
2707 3 89798.9848394695 0.82874635017410803 2.4400240526336801e-06
2708 3 91873.274312921305 0.79705665321805697 1.05942673146898e-06
2709 3 91900.807924536406 0.7964530943093 1.0566738723535999e-06
2710 3 91886.610133416994 0.79676512595147797 1.05807024787019e-06
2711 3 94251.059379685699 0.70891819867632699 2.13275806829904e-07
2712 3 90067.191401324104 0.82581874746002804 2.2295250943707101e-06
2713 3 96297.138916294105 0.47604647917179199 1.4408703274821899e-06
2714 3 91972.626523655606 0.794848007728998 1.0502356356088201e-06
2715 3 89716.628701273003 0.82958989211476897 2.61513931183164e-06
2716 3 92236.468233816006 0.78850552413639197 1.04103790415588e-06
2717 3 92279.828963306994 0.78738709974743804 1.0415622621396201e-06
2718 3 91056.109208599402 0.81239552776742097 1.4571863797475e-06
2719 3 89792.300754086304 0.82882222750330403 2.6744519381471799e-06
2720 1 101378.193038522 8.6228836393055592e-06 2.6325718392782199e-06
2721 3 96206.754765402802 0.49078976161146798 1.46455714960094e-06
2722 3 90473.695977868294 0.82085139912080896 1.8382815047684099e-06
2723 3 92794.719233320502 0.77315909035844999 6.1183010988870503e-07
2724 3 91984.951079762803 0.79456794788589902 1.04951407138312e-06
2725 3 96916.757496187594 0.36292933396423699 6.0188727713135196e-07
2726 3 91133.717531721297 0.81112523868033903 1.29312569158997e-06
2727 3 91309.644994027505 0.80812030327305295 1.22404989254752e-06
2728 1 104548.240406921 5.72183520302793e-06 2.9828333991011198e-06
2729 3 96106.117212954996 0.50802200435267397 1.1888703697668199e-06
2730 3 96421.678198344307 0.45301727126989 1.9560469062575201e-06
2731 3 96482.845143128507 0.44165661709672699 2.0082245942082e-06
2732 1 103757.659380189 6.2955120493661801e-06 2.9212777740695799e-06
2733 3 95387.3981363864 0.60570955285198402 1.0785701533459299e-06
2734 3 91958.784674990398 0.79516078902177201 1.05135170233977e-06
2735 3 91730.2511743863 0.80009037963210194 1.0787316116343399e-06
2736 3 96181.528148807105 0.495622517301194 1.2876021609724899e-06
2737 3 95252.458501355795 0.62852164401098098 1.7000484395970199e-07
2738 3 87986.333263209803 0.84318257079446102 3.1328680213405598e-06
2739 3 91898.105355687105 0.79651426955806903 1.0523382102988099e-06
2740 3 88680.372961429093 0.83857027598274403 2.97988699439521e-06
2741 3 98988.676212967199 0.018705693869297501 3.8920568177068498e-07
2742 3 93535.061619026805 0.74484274602876499 7.1100252613272604e-07
2743 3 92241.963930066195 0.78836433993867805 1.0421124441386599e-06
2744 3 92204.891991338707 0.78930568857294703 1.0416913023717301e-06
2745 3 92155.916147052296 0.79052440415944703 1.0424084097764e-06
2746 3 90256.625160957003 0.82359016755751102 2.0440517367262298e-06
2747 3 92185.949261214104 0.78983278141080404 9.8845948755979395e-07
2748 1 107724.03455946399 4.5401759206739003e-06 2.8319232053530498e-06
2749 3 95633.897180319706 0.57576356745072699 1.0761732850318799e-06
2750 3 91988.881064329398 0.79447825866056998 1.0497083972890201e-06
2751 3 87494.6316409344 0.84594533804958205 3.1430980155135401e-06
2752 3 96008.753863113801 0.52271817198311998 1.1808629589513e-06
2753 3 94373.263815603495 0.69662358634639598 1.03222056528256e-06
2754 3 90729.213541357502 0.81735024665735301 1.6409018816033401e-06
2755 3 96076.816329101202 0.51201670097600005 1.27143488331748e-06
2756 3 90583.021868601601 0.81938990029374503 1.7626080481334399e-06
2757 3 92339.823551773807 0.78590999021081898 9.6877799144654501e-07
2758 3 95603.4618320601 0.57960242268231699 1.1011324373656399e-06
2759 3 92995.581795688006 0.76552508176623801 1.038841589334e-06
2760 3 89581.148200903102 0.830936516802809 2.6078672631742999e-06
2761 3 92717.590295231304 0.77579462397593701 4.5890645858034599e-07
2762 3 89167.559297437794 0.83470921244714202 2.8105034139916702e-06
2763 3 91689.750580550593 0.80092021922252798 1.0855192481719801e-06
2764 3 95919.903333936498 0.53704762043498899 1.0422516494848499e-06
2765 3 92773.087133737397 0.77433500727249904 4.00501446792195e-07
2766 3 92480.644538574401 0.78239425676825003 6.7866163664621903e-07
2767 3 96448.193898723897 0.44812400357971899 1.9822894276321499e-06
2768 1 108954.052095091 3.3311984108464802e-06 3.2129651233038699e-06
2769 3 90799.012408128605 0.81633911794631997 1.5884979374544501e-06
2770 3 90722.565773693699 0.81744686015127199 1.61489324528796e-06
2771 3 88059.324741570497 0.84274333914195898 3.0903064163328902e-06
2772 3 96359.325448683594 0.46441628744971603 1.7175164651061601e-06
2773 3 92969.409944743107 0.76777064772363302 3.8936768943019801e-07
2774 3 91487.186130168397 0.80488566698483699 1.1558457491754299e-06
2775 3 92228.282280260202 0.788794218685958 9.6981274061951403e-07
2776 3 90688.214095617193 0.81793495599190402 1.6403035919342199e-06
2777 3 92285.964143485093 0.78729369822167306 9.9100004691884003e-07
2778 1 102039.09192919001 8.4810027691950098e-06 2.6127046905141501e-06
2779 1 100078.299575761 9.7159486494299092e-06 2.42668519228315e-06
2780 3 91871.949951943505 0.79715853290942096 1.12112941633089e-06
2781 3 92301.856550822806 0.78689936707228303 9.7638882325334807e-07
2782 1 101064.91995643399 9.0322783499195102e-06 2.5346714282139001e-06
2783 1 106977.900593368 4.3089170290092803e-06 3.1401325347774101e-06
2784 3 89102.654440630402 0.83525328809919097 2.8212289293304699e-06
2785 3 95885.451696885197 0.54150840823021396 1.0400346375571001e-06
2786 3 96382.5243567461 0.46075169532015697 1.5251940271461399e-06
2787 3 96301.958254474099 0.47449565659624199 1.6895189530421e-06
2788 3 91420.103115428297 0.80613590661308698 1.2243160537516199e-06
2789 3 91481.399496609505 0.80499921160916699 1.2121548064698e-06
2790 3 99367.804927915204 0.0046752478976132498 2.37882899041802e-06
2791 3 95891.878546915701 0.54126699358734898 1.0310940467978099e-06
2792 3 91457.335304176595 0.80544336864806998 1.14633593442774e-06
2793 3 92379.6088175818 0.78473123579957904 1.0427454828118701e-06
2794 3 87692.212908008805 0.84488041213656995 3.06884968271978e-06
2795 3 91390.416790638905 0.80667476130000904 1.16648453496098e-06
2796 3 90649.817630976497 0.81847096593151003 1.7085381001301701e-06
2797 3 91301.4845327816 0.80826499985887901 1.25545754009542e-06
2798 3 94679.8384163398 0.673965690760986 1.0132181072194099e-06
2799 3 91535.879039475607 0.80406569338287903 1.23744849619484e-06
2800 3 91600.999667762895 0.80270836449104599 1.19450540421847e-06
2801 3 87607.3262524405 0.84534328637326395 3.6122143405405102e-06
2802 3 96220.548221427802 0.48945237022738602 1.3573201276788399e-06
2803 3 89056.176053195304 0.83564283635547398 2.8458423850647398e-06
2804 3 92409.271264571304 0.78421216204101596 8.2245249371391801e-07
2805 3 95308.4720380832 0.61455671372904896 1.07744248538368e-06
2806 3 88607.502384081206 0.83908421866915295 2.8113896223749499e-06
2807 3 92629.204940322394 0.77814569136530898 6.5405363236181198e-07
2808 3 93106.559821042494 0.76378159595060102 2.13607513627319e-07
2809 3 94217.220153667993 0.713042770447334 8.4641207348980294e-08
2810 3 92132.7420374879 0.79109167267672098 1.0421336223772199e-06
2811 3 99346.487595617204 0.0048758351786932601 2.4700162345962399e-06
2812 3 91798.006049215895 0.79867375860536705 1.0683029314446601e-06
2813 3 92365.184673990501 0.78512331317379502 1.0411723930550701e-06
2814 3 91901.563456099 0.796436410160686 1.05655817707744e-06
2815 3 88784.1624356994 0.83777425011675799 2.9634068021349698e-06
2816 3 91888.825593349698 0.79671654607817199 1.0577598863975799e-06
2817 3 92106.818572886506 0.79173442922298998 1.0176015930078799e-06
2818 3 95992.471578190103 0.5251704003562 1.20383144823082e-06
2819 3 88574.347545383105 0.83933770705739796 3.0060385566640999e-06
2820 3 94791.506628276897 0.664673145195115 1.0412672599745301e-06
2821 3 91659.397479357198 0.80153535349567395 1.10150922945378e-06
2822 3 88301.034949554494 0.84120944015476296 3.46704709340379e-06
2823 3 96224.728435963101 0.48776274915581103 1.5027857325144001e-06
2824 3 91580.036777678702 0.80310710597252499 1.1331377738022801e-06
2825 3 88750.424059177196 0.83804964973967999 2.9598264389851599e-06
2826 3 93183.352014495104 0.76116214249235203 1.7919111173133001e-07
2827 3 89862.462630149195 0.82807597258240095 2.3938937421441701e-06
2828 3 96487.402371349701 0.44153217162117198 1.5686605045830699e-06
2829 3 92164.156875999804 0.79034083760629303 1.0192128183955699e-06
2830 3 97733.819502497601 0.17858958097841299 1.8652327924780901e-06
2831 3 96116.900036988707 0.50556684010084496 1.3429565527479901e-06
2832 3 96096.316242874993 0.50887856660013697 1.3177072983912201e-06
2833 3 96193.889831817301 0.492918336564935 1.4668571719654499e-06
2834 3 92272.114989891299 0.78796377159935704 7.5440232368749396e-07
2835 3 92276.527780349599 0.78770034414057999 8.5395525571482296e-07
2836 3 96915.763005483605 0.355408193001579 1.70471107096114e-06
2837 3 89631.606110160996 0.83044542635718399 2.55646839062816e-06
2838 3 92752.406916980806 0.77373415393732503 1.03897354532226e-06
2839 3 90976.177098861401 0.81365788209817103 1.4000627005140001e-06
2840 3 93133.992701828203 0.76044785397081205 1.03431759165507e-06
2841 3 89169.398423091799 0.83469282977586101 2.7936833051279798e-06
2842 1 106122.870823946 5.3121876417286704e-06 2.8631422477783799e-06
2843 3 92465.448561653102 0.78286959245287302 6.4580252223163298e-07
2844 3 92442.913423820195 0.78302084185130405 1.02014257999871e-06
2845 3 97975.256378648599 0.13320670364618301 1.83765532160971e-06
2846 3 91579.696055699096 0.80312936392212098 1.2143217065773901e-06
2847 3 92253.739185469502 0.78818210076383599 9.4416160373042102e-07
2848 1 101844.286019814 8.6584878783943502e-06 2.2950633165656098e-06
2849 3 91150.432909147901 0.81084739378251003 1.2910476313025101e-06
2850 3 94487.911082466206 0.68898466645426903 9.2665607548174604e-07
2851 3 87808.500047849899 0.84422827503531805 3.1211166968460399e-06
2852 3 90339.330135980694 0.82257077359229702 1.9650522614113899e-06
2853 1 102715.86969649 7.5262800663733397e-06 2.7578412271286002e-06
2854 3 91870.293740691093 0.79712297114317798 1.0563674507344299e-06
2855 3 95762.483076667995 0.55854719634523198 1.12940009228615e-06
2856 3 92179.376132215999 0.790091532522464 9.3284953166894701e-07
2857 3 91961.428450359803 0.79510531094165704 1.0420037760883501e-06
2858 3 92711.763366955507 0.77523388905624302 9.3502691316724999e-07
2859 3 95740.623068734698 0.56154197647588 1.1217770917078199e-06
2860 3 90381.632723460498 0.82203804536456704 1.92479672817677e-06
2861 3 99529.670199236294 0.0029914789352254402 2.4874164079259201e-06
2862 3 91503.757209892006 0.80458744256725301 1.25384758579251e-06
2863 3 92105.393070554201 0.79177078976167903 1.0155083540089401e-06
2864 3 89515.408347449295 0.83157285567945605 2.6274111868088002e-06
2865 3 92160.545033627001 0.79041027838420597 1.0428121273977701e-06
2866 3 92212.828759265496 0.78910528992362905 1.04212507138972e-06
2867 3 95609.952300774195 0.57884008708580903 1.07338568506156e-06
2868 3 92950.494787931806 0.76886625380403695 2.9692159319623302e-07
2869 3 96272.462505037198 0.47975694993763901 1.5012628141573901e-06
2870 3 95899.670611491296 0.53907768537066303 1.1577320562440001e-06
2871 3 93599.405586097302 0.74086579475073 9.9890800584703507e-07
2872 3 96388.4885431086 0.459330271219624 1.6231844452821001e-06
2873 3 91020.135364797301 0.81296523185244096 1.3783022475569e-06
2874 3 95163.2062214576 0.62999587137270696 1.06104043953069e-06
2875 3 96237.010243330995 0.48583083708225899 1.424253922598e-06
2876 3 96291.9522172242 0.47636142459158298 1.55120510815948e-06
2877 3 96203.530692168802 0.491483388751975 1.3566057411993101e-06
2878 3 96170.464139499905 0.49699075477063998 1.2981205969710901e-06
2879 3 96135.243500637895 0.50277608214430902 1.24608001103171e-06
2880 3 92969.556302041994 0.766934086760515 8.3458274433313605e-07
2881 3 96098.693970869601 0.50868999512137603 1.2016975593783601e-06
2882 3 96060.052189944196 0.51484041977524597 1.1644537196222001e-06
2883 3 96019.358643011103 0.52120151455463104 1.1341588140104901e-06
2884 3 96002.753829562702 0.52458331402554803 1.10443102749242e-06
2885 3 90925.241585861397 0.81444583450609997 1.4569852353766699e-06
2886 3 95975.864996090706 0.52787169981339199 1.1100913989866499e-06
2887 3 90418.101539276002 0.82156943213637201 1.9188027477949799e-06
2888 3 97231.991216766095 0.28697029410850899 1.73277497667191e-06
2889 3 89666.425415961596 0.83010535891724901 2.6998400286096701e-06
2890 3 93655.714842163303 0.73808728576775695 1.0316344052462401e-06
2891 3 95929.627943190106 0.53482095502048799 1.0909626399653699e-06
2892 3 95881.1722430675 0.54194882105436903 1.0753760525316801e-06
2893 3 95829.536256592502 0.54936863499479005 1.06275030405001e-06
2894 3 96080.673899334201 0.51242896472614197 1.1878622808167501e-06
2895 3 95774.647759417494 0.55705959304831698 1.05279504284548e-06
2896 3 92855.721770969598 0.77158543243372002 3.8108071966666102e-07
2897 3 95715.251996993 0.56515961231476197 1.04462738901758e-06
2898 3 92988.189892196198 0.76733390403511803 3.16767641388266e-07
2899 3 95650.028936192495 0.57379324270518794 1.03748756195959e-06
2900 3 95829.043068774801 0.54979470370515104 1.0084313075678e-06
2901 3 96250.300551458306 0.48386871346074301 1.3963570954629101e-06
2902 3 93095.335505898795 0.76376407002777902 2.7005611774032598e-07
2903 3 91938.222803103403 0.79562247876757497 1.0526001508842101e-06
2904 3 91181.447148194304 0.81032903303112302 1.2649918593920299e-06
2905 3 90236.652096569407 0.82382901670679198 2.0886821823624301e-06
2906 3 95578.254532749095 0.58298327755184498 1.0314506990607801e-06
2907 3 96701.888306944005 0.40111433447247102 1.53696399555074e-06
2908 3 93185.136362906705 0.76063861230530005 2.4528284289510701e-07
2909 1 106447.485832937 5.1120900363339101e-06 2.8042651747243301e-06
2910 3 89701.8604696353 0.82974119319448003 2.5141705460947602e-06
2911 3 94390.907454411907 0.69546603670811002 1.0160009820701401e-06
2912 3 95502.073921190793 0.59238873455343799 1.02638550215093e-06
2913 1 108975.93664904 3.2901452312532501e-06 3.21204642386381e-06
2914 3 90619.139965940194 0.81889727506584398 1.70954267896843e-06
2915 3 95422.817033156403 0.60180191549359496 1.0229397261828701e-06
2916 3 92416.825903341101 0.78371102815603 1.04232595193465e-06
2917 3 92440.908974839404 0.78324124732252198 9.1796190343469097e-07
2918 3 96146.657266764305 0.500740591795243 1.37113598619677e-06
2919 3 95623.837765914897 0.57700181305630205 1.1002627868725801e-06
2920 3 95337.347929266398 0.61154235869867102 1.0209923522631501e-06
2921 3 94171.716325711095 0.70977729898672404 1.0319505085395501e-06
2922 3 95085.289963069998 0.63781992087036798 1.0541337818911001e-06
2923 3 92496.508896744606 0.78149769552960202 1.0255788385935e-06
2924 3 91571.020031763401 0.80327987235143194 1.1110851080489401e-06
2925 3 92805.970671936404 0.77269854313275199 7.1057754384072402e-07
2926 3 90512.571009860694 0.82033807234629796 1.8092981285060501e-06
2927 3 93923.997372465703 0.72425355335104302 1.0315071466017501e-06
2928 3 95241.319071167396 0.62199776602404799 1.01976405620946e-06
2929 3 91772.321788687404 0.79921664890427002 1.07417952400118e-06
2930 3 89931.535587228398 0.82733082579467099 2.3433816969268899e-06
2931 3 91354.360232979598 0.80732850861425198 1.24926703285765e-06
2932 3 94840.293870334193 0.660823989795845 9.637399012769319e-07
2933 3 95125.509943388199 0.63396049943902899 1.0170376242491099e-06
2934 3 92434.579815549107 0.78329124382642001 9.9792858956417101e-07
2935 3 91515.1344851045 0.80435501523171304 1.12810762722133e-06
2936 1 108819.09269769301 3.3645756959801598e-06 3.20664850675669e-06
2937 3 92808.618393627505 0.77202805113404005 9.849323031238691e-07
2938 1 105891.211258977 6.2530857064562796e-06 2.5296339129620999e-06
2939 1 103112.58915272899 6.6343416966772204e-06 2.9301400997796798e-06
2940 3 94851.1793421443 0.65964543099634698 1.0141024978076099e-06
2941 3 92377.748039875805 0.78537267386080201 6.6376038110263304e-07
2942 3 94998.207117901096 0.64632497363979702 1.0152366765171999e-06
2943 3 91570.190122035201 0.80329619356842197 1.11296182695818e-06
2944 3 96242.994004002598 0.48466323164335301 1.5443764916176699e-06
2945 3 91846.106022756299 0.79765183745097001 1.0618501197199401e-06
2946 3 95727.5516651941 0.56435732192475896 9.6617631177050108e-07
2947 3 95607.983847217198 0.58001546238018697 9.4190158191249795e-07
2948 3 95468.908323184005 0.59711695127161402 9.2637317379957202e-07
2949 1 107181.695276461 4.0407042030563203e-06 3.1269499701653898e-06
2950 3 91044.760050369106 0.81260542384520995 1.6459527292119901e-06
2951 3 95308.319335729597 0.61545137217826396 9.1692970600063097e-07
2952 3 90718.418284922504 0.81750474934267703 1.6535579456835901e-06
2953 3 92223.235234073596 0.78886800361911102 1.0183666763916499e-06
2954 3 95120.608365621301 0.63508427730887695 9.1232459753897501e-07
2955 3 91167.552726676193 0.81056267287954997 1.3288288550883901e-06
2956 3 94885.599673562305 0.65717239905174696 9.1161817922786697e-07
2957 3 95832.867653381196 0.54979885405914897 1.00273002894848e-06
2958 3 94575.109995204199 0.68260154685865204 9.1264983930631105e-07
2959 3 96703.845024531998 0.39858420735625599 2.0460003240269199e-06
2960 3 91151.157204596704 0.81083536964473701 1.29204527087595e-06
2961 1 108781.737935451 3.6164888315077499e-06 3.1328238514174501e-06
2962 3 91023.835938333403 0.81290693114312695 1.4221868351240699e-06
2963 3 91127.940772725298 0.811271242407268 1.52546372245451e-06
2964 3 93427.204767180694 0.74859753570231902 1.01545459831106e-06
2965 3 92055.471307346306 0.79293784310371396 1.0462196786584801e-06
2966 3 91952.158580522606 0.79531249539708204 1.0450730303402101e-06
2967 3 90085.985744965903 0.82560303696564297 2.2887356678057199e-06
2968 3 90348.516752025404 0.82245537577632499 1.9592764246150099e-06
2969 3 90689.314880957798 0.81791940446829003 1.63920818315645e-06
2970 1 106553.769067382 4.7356344680773901e-06 2.8913718737129501e-06
2971 3 90143.313614978499 0.82493861434908999 2.1695452289706302e-06
2972 3 88429.333167143195 0.84034897108472995 3.0364834391729999e-06
2973 3 95632.821158454099 0.575847916460695 1.0991987578334301e-06
2974 3 92477.676455176203 0.78200644137925601 1.0432184767248799e-06
2975 3 98672.442787564301 0.036698566523130999 2.15604184456221e-06
2976 3 94150.092770135307 0.71156942396201295 9.1323355652393801e-07
2977 3 91744.693003739303 0.79979672199927199 1.0858660697341001e-06
2978 1 103018.589988953 7.00334957588197e-06 2.8348235785121298e-06
2979 3 92740.088179010199 0.77480158826257695 6.6945661318062105e-07
2980 3 92320.618423879801 0.78631605850475295 1.0435705648097599e-06
2981 3 92551.735365045795 0.77987645429822905 1.03914514904938e-06
2982 3 93773.657939847704 0.73219816356853096 1.0408224704033499e-06
2983 3 91907.910982721703 0.79630859062460602 1.0518842531855701e-06
2984 3 91635.596039930999 0.80200948005392902 1.09630895323972e-06
2985 3 96662.822947223001 0.40688994018695601 1.9138949320952199e-06
2986 3 96279.719161933201 0.478328146159129 1.6766922638530699e-06
2987 3 96484.062775603394 0.44143730874333897 1.9887519843560899e-06
2988 3 97032.289467603696 0.32978927363191002 1.9206286702677199e-06
2989 3 96474.808461861001 0.44334088500795499 1.7521861476578199e-06
2990 3 96097.644841445799 0.50869591034922301 1.2912220091963801e-06
2991 3 91657.712640954895 0.80156715564546399 1.09288397038527e-06
2992 3 91349.882945940306 0.80740571463051203 1.1825797297136199e-06
2993 3 93666.671661496803 0.73791652357745896 9.1763436121600498e-07
2994 3 93143.100195202496 0.76199634962004104 2.8370329498986702e-07
2995 3 91651.663394042305 0.80168866311556397 1.0929484724145199e-06
2996 3 91249.077963762 0.80926586243436804 1.5390350048734201e-06
2997 3 92018.768106829099 0.79400973619492599 9.3203085842214095e-07
2998 3 92149.677975693994 0.79075197720507595 9.8291747154976303e-07
2999 3 92932.407810483302 0.76806962234962195 8.9714614772849403e-07
3000 3 91736.339214669293 0.79996723787715596 1.08303430896949e-06
3001 3 95788.039501201405 0.55502285477343705 1.1288006865712799e-06
3002 3 94406.3942843861 0.69455230683136304 9.7428998056410002e-07
3003 3 89949.568616651493 0.827136414857088 2.31412033487708e-06
3004 3 96203.013010964802 0.49139331545203901 1.48404548279282e-06
3005 3 95411.447403668193 0.60294958257295395 1.0769660624595299e-06
3006 3 96107.445263088506 0.50709145348377005 1.33138381873486e-06
3007 3 94827.458767197095 0.66156285566753903 1.0531421252414101e-06
3008 3 92046.691443604795 0.79319364887821897 1.0236749847471899e-06
3009 3 91656.470912056495 0.80161601756765799 1.1889516718639199e-06
3010 3 93147.979094131602 0.76018827412898504 9.2634496902588003e-07
3011 3 91798.022308174201 0.79870425921437604 1.1275597224811501e-06
3012 1 103180.263945695 7.6427808242593698e-06 2.70409619596925e-06
3013 3 91931.804281930599 0.79580534944971304 1.07001416283479e-06
3014 3 89053.175643163893 0.83566823252687805 2.85589486954258e-06
3015 3 91367.930966714397 0.80708132870958404 1.1810740325777e-06
3016 3 91226.402206067796 0.80956581091524704 1.24795896734433e-06
3017 3 92209.589999720294 0.78923101005641205 9.9982655832611905e-07
3018 3 92255.370527003601 0.78801994817816101 1.04246873783127e-06
3019 3 91299.737991598595 0.808294531486627 1.2111433128280299e-06
3020 3 91807.756828647398 0.79847015668839605 1.0679173297663201e-06
3021 1 102638.45492642499 7.5833262077734001e-06 2.75733381488424e-06
3022 3 91991.405007301306 0.79443682621360001 1.0325290302294601e-06
3023 3 90999.363951745501 0.81329408871770703 1.3830190198775799e-06
3024 3 93987.603547241393 0.72081673413551905 9.9646623990970104e-07
3025 3 96185.050056932305 0.494393261441674 1.4484188160164901e-06
3026 3 91936.201697273806 0.795672670962838 1.04475437929345e-06
3027 1 107497.069067226 3.9732537821118397e-06 3.1669531934566599e-06
3028 3 95499.398436175994 0.59251616972416499 1.09282190252618e-06
3029 1 100906.04386550499 9.0695579133676204e-06 2.5919727941938902e-06
3030 3 91873.326577135405 0.79705935768784797 1.0554699924568799e-06
3031 3 96081.524266298497 0.51124313616619199 1.2988181426264299e-06
3032 3 95338.226618684697 0.61130408678398296 1.0622154536939599e-06
3033 3 94758.452371521897 0.66846725672018903 8.5637671455803302e-07
3034 3 94730.788781051204 0.66968352342470505 1.0565933442913101e-06
3035 3 94812.202434018298 0.66285531516616603 1.0584302519982e-06
3036 3 92287.1304753148 0.787224577492313 1.02027933782412e-06
3037 3 91413.1320646807 0.80626534543047901 1.23611187514162e-06
3038 3 92139.420950580301 0.79095426821753301 1.00925589241788e-06
3039 3 95796.244945368104 0.55388340093209099 1.12781435317331e-06
3040 3 95077.808075275505 0.63890672380343205 9.7057269503172903e-07
3041 3 95134.729588196496 0.63285880637473402 1.06897318328083e-06
3042 3 95078.716116392607 0.63842605902510896 1.06663087089694e-06
3043 3 96261.582344217604 0.48148442643880801 1.5894970635212499e-06
3044 3 96037.698130027304 0.51818453996758296 1.23092768080321e-06
3045 3 91320.422103799807 0.80793021152054101 1.19560781146711e-06
3046 3 91360.869425806304 0.80720864772506895 1.1786053762108901e-06
3047 1 106780.084608448 4.1448093474016103e-06 3.1625901411909002e-06
3048 3 92624.379390989096 0.77818030530943905 7.7504530486109201e-07
3049 3 89176.159929444198 0.83464228527550799 3.0501038283306801e-06
3050 3 95220.158363717404 0.62448425396358997 9.6985344701505392e-07
3051 3 91110.262859703202 0.81151098250498299 1.31800853626691e-06
3052 3 96015.704977756803 0.52159855979255099 1.2174208654473299e-06
3053 1 103603.29447235999 6.3009490492346701e-06 2.96613449736116e-06
3054 3 95752.9094799632 0.56038774549230297 9.9416239519111309e-07
3055 3 92175.951023497095 0.79003793382166698 1.03219948361963e-06
3056 3 92139.200045071397 0.79109585619117395 9.2774395424203598e-07
3057 3 95352.321526626998 0.61013105060522099 9.7055479296742892e-07
3058 3 98466.647630521096 0.05741321607048 2.2621677377425301e-06
3059 3 99118.638431957705 0.0097072551470209507 2.2701137041366101e-06
3060 3 95600.420296855096 0.58192342759641802 9.2795430294136e-07
3061 3 95471.6219403828 0.59632930314799404 9.7300434899869498e-07
3062 3 90488.835410387401 0.82066907217164098 2.08303626480957e-06
3063 3 95574.389993315606 0.58376860986702594 9.7701942343975004e-07
3064 3 95668.405625330794 0.57170680963082199 9.8408916717437805e-07
3065 3 92439.9811907845 0.78306749560329403 1.0433907539474001e-06
3066 3 91345.877070745293 0.80747814659058403 1.21187184916723e-06
3067 1 100540.178980924 9.4739271187661993e-06 2.5943285029975398e-06
3068 1 101014.17574884801 9.2933943149727404e-06 2.6171060917205998e-06
3069 3 95167.120589591694 0.62960182301266399 1.05872758426299e-06
3070 3 91632.329703403404 0.80207448736788001 1.1007162859753599e-06
3071 3 92234.040998397701 0.78864443980810095 9.7259717471609894e-07
3072 3 91743.496709368395 0.79981579082718601 1.07709619469961e-06
3073 3 91531.864009380093 0.80404754705598103 1.21654578654657e-06
3074 3 98620.852545463596 0.041388077840934297 2.09858263635867e-06
3075 3 96167.2462405806 0.49734501135300102 1.4159227139559e-06
3076 3 96199.173026137607 0.49958806018575302 4.26248513371785e-07
3077 3 91705.996522133704 0.80058905992787699 1.0826387175465399e-06
3078 3 91791.186772455694 0.79881750201370905 1.06928823093741e-06
3079 3 96324.494400818105 0.47051071800877697 1.79569737083696e-06
3080 3 91838.202339993295 0.79781547346514203 1.0624315237061501e-06
3081 3 92058.712723009507 0.79299636250351002 9.7896739789533401e-07
3082 3 90861.604607761794 0.81541198359693201 1.4931226621830499e-06
3083 3 91883.621787583601 0.79683032161710299 1.0564815011121199e-06
3084 3 91446.523978059296 0.80564434103961902 1.14872642977316e-06
3085 3 97690.610851503807 0.187087007395489 1.94841160973314e-06
3086 3 92044.773321743996 0.79318832655096905 1.0434368173240101e-06
3087 3 91077.428864949004 0.812056268968669 1.48296062985101e-06
3088 3 91925.205661301807 0.79591284490358005 1.0516650743576399e-06
3089 3 92233.460673395195 0.78876139409947799 9.0293809597856201e-07
3090 3 89581.091305565496 0.83093877363032698 2.6932008169126101e-06
3091 3 96280.776633869405 0.47817678676734399 1.6371274071010999e-06
3092 1 103376.386497085 6.4069522708769998e-06 2.95854207495788e-06
3093 3 91965.782943823098 0.79500303025187002 1.0475101141785399e-06
3094 3 92561.996611270806 0.77992887428255597 8.3623482311449804e-07
3095 1 105544.86431073101 5.0820328297905199e-06 3.0196959426972101e-06
3096 3 91484.950378277499 0.80492660069966304 1.1354415380833901e-06
3097 1 108815.25362113801 3.4209470591553199e-06 3.2063350019200801e-06
3098 3 92651.745687286006 0.77694152703684705 1.0080029300749501e-06
3099 3 90854.835584852102 0.81551364430707796 1.5555714710992599e-06
3100 3 99278.767226614902 0.0057577214221597901 2.42641806608693e-06
3101 3 92869.649885081497 0.77004359226994101 9.6707919435560597e-07
3102 3 91882.936541975199 0.79694333611367796 1.0998590464904699e-06
3103 3 89265.669530017796 0.83386019271623102 2.7656419517392201e-06
3104 3 96107.743373142104 0.50748211335155802 1.1780082440209601e-06
3105 3 92005.809905963397 0.79409121252761805 1.0438388628397201e-06
3106 3 91113.068938797005 0.81146531570809699 1.3077107786979199e-06
3107 3 96486.238133553896 0.44111963776687302 1.83336199191958e-06
3108 3 93446.491662852102 0.74820450306087705 8.6545033956887799e-07
3109 3 92874.553333028103 0.77062857780559302 5.9417564281681199e-07
3110 3 90893.800794527502 0.81492633009761095 1.46565249115804e-06
3111 3 91924.275846838704 0.795933450491212 1.05392005171021e-06
3112 3 96449.516326614001 0.44788629547115799 1.9659159695085199e-06
3113 3 96391.544582824805 0.458618782693752 1.75109545216566e-06
3114 3 92360.896475349 0.78524566894331305 1.03629530232133e-06
3115 3 91931.147875567505 0.79578047532840901 1.05371066795263e-06
3116 3 89443.6897530446 0.83224881057987399 2.6721759643964098e-06
3117 1 104636.068496867 6.2407691222811303e-06 2.6068423878071702e-06
3118 3 95563.912305056205 0.58460197330175101 1.09175992401413e-06
3119 3 90284.462064617401 0.82325034470079705 2.0170527783601001e-06
3120 3 96292.052784257205 0.47631692498404599 1.5710035121637301e-06
3121 3 96088.652253805398 0.51018768164541095 1.2410921036724001e-06
3122 3 96190.535467914902 0.493840598183996 1.29820792147735e-06
3123 3 92046.203160757403 0.79315586298674901 1.04062698483944e-06
3124 3 91815.870170706199 0.79829437187799002 1.06609430200364e-06
3125 3 96155.515548828203 0.49971750689361299 1.2402922775475501e-06
3126 3 92969.614984468397 0.76748312227452498 5.8514451175862898e-07
3127 3 96207.561478715594 0.490689636139783 1.43258688120714e-06
3128 3 89864.838796896394 0.82805233851600502 2.3842095194457298e-06
3129 3 90348.446377875298 0.82245331517481901 2.0057485254842998e-06
3130 3 89541.468366403496 0.83132491644801998 2.61339101853064e-06
3131 3 94152.413002101704 0.710916744275779 1.0482826941048799e-06
3132 3 88474.801590966294 0.84003399021219205 2.9616077701394502e-06
3133 3 95232.592911973596 0.623266878206164 9.5639998362798907e-07
3134 3 92073.254757059694 0.79251877946118698 1.04402496458539e-06
3135 3 95253.471281238701 0.62053744682089196 1.0704474540399801e-06
3136 3 95224.599533801796 0.62360720484460397 1.06829097005506e-06
3137 3 90242.575193239405 0.82376079605288499 2.0553409033767699e-06
3138 3 91341.041659733397 0.80756833376029602 1.2754113952427999e-06
3139 3 95665.888369218999 0.58253760606293004 1.1193759335287201e-07
3140 3 92244.354413989393 0.78833874008314297 1.01194920434014e-06
3141 3 91799.991477274103 0.798631587141163 1.0680051638415101e-06
3142 3 89591.493185886706 0.83083688916931597 2.7463852666176401e-06
3143 3 89888.786393577 0.82779625343427399 2.3640785634675001e-06
3144 3 95749.940905626703 0.56027424761465305 1.12215661477151e-06
3145 3 93355.833325395695 0.75158504587714103 1.0381910008920401e-06
3146 3 90297.296927192205 0.82309184458944695 2.0108784706477101e-06
3147 1 108998.71005297 3.3773506796774599e-06 3.2117790299686499e-06
3148 3 96211.857633936801 0.48990657793795001 1.5041127009928999e-06
3149 3 95401.415495345704 0.60412766624791403 1.0685171328305e-06
3150 3 95972.065138346006 0.52833399964338701 1.1559762502058901e-06
3151 3 95991.290258816196 0.52532353291995504 1.2254107485928301e-06
3152 3 95968.454393599604 0.52879839184347699 1.2113645907425301e-06
3153 3 89812.886925722996 0.82860186981387096 2.4235335642546799e-06
3154 1 105105.493289055 4.9351063159951897e-06 3.1006050341312501e-06
3155 1 105589.92811290101 4.6672686741149397e-06 3.1220327063417699e-06
3156 3 91216.737396088094 0.80973416781423702 1.31877622507104e-06
3157 3 95386.612848320699 0.60590505877246104 1.0422907447996599e-06
3158 3 97942.665182264202 0.13712574878561201 2.2904901803531199e-06
3159 1 100523.918648049 9.2580953206572801e-06 2.57202821392219e-06
3160 3 91358.530864881395 0.80725071328706999 1.17926657826029e-06
3161 3 92413.107437675804 0.78382599280169496 1.0335115705333999e-06
3162 3 91999.106356236894 0.79425077559461099 1.0351701648447e-06
3163 3 91708.167687935507 0.800690316308735 1.17563856148685e-06
3164 3 91829.058155111095 0.79801220712307197 1.06414725583372e-06
3165 3 93362.978569267303 0.75490966701913198 9.8539474155596e-08
3166 3 95293.327102503201 0.61932548359135497 6.9145753941176695e-07
3167 3 91686.578403880398 0.80102685890071801 1.21954208039593e-06
3168 3 88440.555626188594 0.84027195801969101 3.0239065265944e-06
3169 3 91858.327074256493 0.79738140414097003 1.0605833383651201e-06
3170 3 91640.237949464296 0.80191720642595798 1.09738763332446e-06
3171 3 94462.177571358494 0.69051269855956998 9.9818533241111398e-07
3172 3 96117.8322099824 0.50544924460374296 1.3129371717658201e-06
3173 3 97807.891889498904 0.16447824492636201 1.82167096731134e-06
3174 3 96193.669103077904 0.49300166154075797 1.4165945167203e-06
3175 3 91462.897597697098 0.80533959638543196 1.1454152000351201e-06
3176 1 102944.22839811799 8.9235263755192598e-06 1.9693511844571201e-06
3177 3 93629.421734738498 0.73931533433374697 1.04430500429693e-06
3178 3 91286.080541373798 0.80861738672465 1.44940111090624e-06
3179 3 91998.356403710903 0.79427416809803597 1.0316267281270401e-06
3180 3 94824.4892012614 0.66188800120142999 1.03284869305558e-06
3181 3 91779.236807042704 0.79907881741873699 1.0824028385589199e-06
3182 3 91622.654112599397 0.80226960640548095 1.1181948720481e-06
3183 3 94094.360599240303 0.71444924125210596 1.0440614689817e-06
3184 3 95115.666750508593 0.63487088527205404 1.0367273659606e-06
3185 3 95973.931601449993 0.52797395946627801 1.2095777494711899e-06
3186 3 94015.0813052593 0.71916748052860402 1.0211413710555401e-06
3187 3 95262.7594869889 0.61954534132358896 1.0695104908729799e-06
3188 1 104982.569929174 5.7673296165347002e-06 2.9115510556810901e-06
3189 3 92011.486098360096 0.793960086515756 1.0455863956990299e-06
3190 3 94707.623324147295 0.67158478341763095 1.05341240358854e-06
3191 3 93240.553244227296 0.75927845682139705 1.5112336104355201e-07
3192 3 92190.127831489895 0.78974217046972695 9.787007121942239e-07
3193 3 96272.4672994461 0.47957996930882402 1.65721606972897e-06
3194 3 90258.784642048297 0.82357685127390301 2.2665975407046899e-06
3195 3 91905.108463694502 0.79635824477995998 1.0560425054173099e-06
3196 3 95891.344677396395 0.54027569616020299 1.16792331147461e-06
3197 3 92027.695839856606 0.79358580473996898 1.04745364913404e-06
3198 3 92832.293642866003 0.77197001338493298 6.1185866813972498e-07
3199 3 93102.949128262102 0.761608033960127 1.03812241386374e-06
3200 3 91605.125293103498 0.80261321276882203 1.1099241491650399e-06
3201 1 106480.659577207 4.3285823694914098e-06 3.09404825777317e-06
3202 3 92832.322072619398 0.77242284911997605 3.7775388158692501e-07
3203 3 97186.889061277005 0.29577834594829999 2.2036971797291101e-06
3204 3 90923.550749755406 0.81447243888881604 1.44052330219853e-06
3205 3 94980.441155595894 0.64785799948257194 1.05145699167215e-06
3206 3 94779.333603015504 0.66926878760313402 4.5115714416000599e-07
3207 3 91621.258256616493 0.80229670014509902 1.11540448844994e-06
3208 3 95907.013937473093 0.53797662381157496 1.17512837182911e-06
3209 3 96247.680069788199 0.483833436642232 1.591171732577e-06
3210 3 92697.178288893905 0.77580688932222897 8.7570672393402796e-07
3211 1 105783.89294265299 5.1375155720274402e-06 2.9904654492419701e-06
3212 3 95059.355832203393 0.64057294649289598 9.9575534826342606e-07
3213 3 95823.577139156594 0.55001727011681301 1.14899776618069e-06
3214 3 92307.854647725995 0.78667832852616304 1.0226542012044301e-06
3215 3 92844.357999209693 0.77228792597293905 3.2698700832653802e-07
3216 3 96482.429716098195 0.44173654853386801 2.0029193680100601e-06
3217 3 91819.804073199804 0.79821004460760803 1.06477709398549e-06
3218 3 89669.923142182102 0.83006235440475096 2.5335087870693701e-06
3219 3 96156.639695056598 0.49910128257101199 1.3879878778136201e-06
3220 3 90867.742401664902 0.81531922486598596 1.54054620666475e-06
3221 3 95175.866455309297 0.62917361083346601 9.564223162169151e-07
3222 3 89343.444733354394 0.83316758546811598 2.7257061177413199e-06
3223 3 94609.397150254896 0.67935936327080104 1.05349358863117e-06
3224 3 94702.4338611118 0.67238180189153196 9.6060686486872194e-07
3225 3 91543.264015076202 0.80382612887631999 1.2018888136635699e-06
3226 3 91946.212612626696 0.79544322404381795 1.0503605832481999e-06
3227 3 90127.432294486003 0.82512905730867103 2.3303972582223099e-06
3228 3 91660.511222713001 0.80151355523968704 1.1034006292317799e-06
3229 3 91631.817360388493 0.80208469945167904 1.0974827142617301e-06
3230 3 90561.601354096201 0.81969885024329303 2.0190023658090101e-06
3231 3 91670.978721452804 0.80129992831528796 1.0900365902597201e-06
3232 3 92520.598591774396 0.78098456267965799 9.2590359916710301e-07
3233 3 92496.726080414199 0.78168145533620703 9.1659196512250501e-07
3234 3 90372.813608824203 0.82214983647654705 1.9325270126228101e-06
3235 3 96218.076894774 0.48892334755309702 1.4514741351894299e-06
3236 3 93003.306302000303 0.76704751102590196 2.7513650390091402e-07
3237 3 98167.930867153307 0.098426650921390704 2.31046210979485e-06
3238 3 96450.105034852502 0.44777338257619798 1.9756852666368901e-06
3239 3 99080.968826239201 0.0108867929579475 2.42214714977722e-06
3240 3 97542.243772705304 0.217950738344629 2.2572740134936199e-06
3241 3 97191.653239867606 0.29472744920023197 2.2096204549916899e-06
3242 3 96798.081164487798 0.37930584814798901 2.0945158466206101e-06
3243 3 91433.259204668706 0.80590328593194305 1.2780170945528e-06
3244 3 90296.786612960204 0.823110299940781 2.24333302879815e-06
3245 3 94772.335108999599 0.66623398499402797 1.0575750198398299e-06
3246 3 89812.961561548902 0.82860097902188601 2.4230152312576198e-06
3247 3 92314.211405686801 0.78657021663274695 9.8063974622546106e-07
3248 3 89836.319590108003 0.82835536226818296 2.4051715689031502e-06
3249 1 102490.37787133201 7.8078451401061594e-06 2.7867799917862902e-06
3250 3 91719.122898576607 0.80046311476422205 1.1365871593198301e-06
3251 3 95343.002468920298 0.61075615568247699 1.0678067303392799e-06
3252 3 95107.953719077399 0.63553949972420698 1.06791744395439e-06
3253 3 94094.271689249304 0.71444058157152901 1.04832099512121e-06
3254 3 89732.603196878204 0.829437411936637 2.6712706401141601e-06
3255 3 93181.714044228604 0.76130979513437602 1.7615633331662499e-07
3256 3 92240.760332578298 0.78841960767827601 1.0207187670290799e-06
3257 3 92153.150550262799 0.79060015396765104 1.0324499723708999e-06
3258 1 107017.479552231 4.0393667847354004e-06 3.1701948260852702e-06
3259 1 102137.689591617 8.4394639518696898e-06 2.60972694248995e-06
3260 3 92369.551435254994 0.785135083497561 9.5464487295492194e-07
3261 3 96291.684561716407 0.47708696632374198 1.4307616409089899e-06
3262 3 92632.710113178793 0.77768376752858903 9.2550640739170702e-07
3263 3 95224.264754475298 0.62362904249563 1.0725635035941201e-06
3264 3 95128.947259461202 0.63368885439586597 1.0001853110479799e-06
3265 3 92686.501480161707 0.77619556301827797 8.4739461597394197e-07
3266 3 95871.494112778193 0.54323520945381198 1.11874150667055e-06
3267 3 92392.661220449794 0.78437566782636803 1.04204548154824e-06
3268 3 96503.380549474707 0.44855394972067197 2.7936100211786698e-07
3269 3 92854.404690231706 0.77039988170978702 1.0382081292042701e-06
3270 1 101687.092366286 8.5977462257417308e-06 2.5746812554629899e-06
3271 3 90657.185817517398 0.818368185282627 1.69896921407259e-06
3272 3 90744.925841758202 0.81712711777375102 1.65663790337345e-06
3273 1 107366.550253667 4.4617360195517398e-06 2.8659579049708399e-06
3274 1 102972.29943996599 7.6357206931410301e-06 2.7167992906768701e-06
3275 3 94743.761302007901 0.66886809439935901 9.8939819324614302e-07
3276 3 91816.298272626693 0.79829133987708401 1.0687837716160301e-06
3277 3 88422.869448936704 0.840388621421854 3.0388869633637999e-06
3278 3 92182.104137136994 0.78987598595307196 1.0427028823438201e-06
3279 3 90126.003756168298 0.82514282590022803 2.1670130802186198e-06
3280 3 94247.610912115299 0.70493483628116405 1.04523040311482e-06
3281 3 98927.6355785005 0.018167095076181299 2.4090419079489799e-06
3282 3 94515.552063881594 0.68661181516310898 1.0041896863294199e-06
3283 1 100495.719486955 9.6500801041785401e-06 2.54571516303766e-06
3284 3 95884.024885764797 0.54133798936027 1.1687881127440299e-06
3285 1 103730.57524274501 6.4419050664556602e-06 2.9595790173538298e-06
3286 3 91378.640770185797 0.80688731790643897 1.18229910442185e-06
3287 1 100792.79180590301 9.3830389423024702e-06 2.60637495229248e-06
3288 3 96802.385208857595 0.37840200787932599 2.1163712218761e-06
3289 3 96202.232886148995 0.49152738860922102 1.47766449661266e-06
3290 1 102339.963221438 8.0356063104531804e-06 2.6242101865459001e-06
3291 3 90463.207434106007 0.82098779869256899 1.85438655266324e-06
3292 3 94720.902157611607 0.671349042568259 8.8271385445164199e-07
3293 3 96463.141709471602 0.445666291948426 1.65147157364679e-06
3294 3 88942.974506403596 0.83655935102845902 2.8692937442104601e-06
3295 3 94228.880599087104 0.70612138447856398 1.04955253313376e-06
3296 1 102997.07643555199 7.5128222664414502e-06 2.6632277119680998e-06
3297 3 91360.429116848201 0.80721847885751696 1.23845473323698e-06
3298 1 103671.092118234 6.8933953841293802e-06 2.7109132294147101e-06
3299 3 95631.8288582815 0.57595979660838204 1.1067779666655401e-06
3300 3 98317.403996286506 0.077022899343189802 1.95345138555954e-06
3301 3 91898.451832483901 0.79650489537298896 1.05634998867927e-06
3302 1 104393.570943821 6.5475777428810902e-06 2.7233230215015098e-06
3303 3 96078.418861618295 0.51418114716946395 1.2499562579241999e-06
3304 3 98751.394685700798 0.030977861223812801 2.0115563306091401e-06
3305 3 92732.044192019195 0.77443552552582295 1.01181647698214e-06
3306 3 93066.611174600795 0.76307761417536801 9.860556915072701e-07
3307 3 92636.380363714401 0.77735204499354904 1.0384619549317599e-06
3308 1 100749.149076965 9.3014723967854308e-06 2.6064001928684002e-06
3309 3 91473.731684157203 0.80514505475768094 1.2248239105561801e-06
3310 3 89473.800838886993 0.83196603011626502 2.6473032978140101e-06
3311 3 90976.336178963596 0.81365481408776497 1.4162795085132599e-06
3312 3 95046.578447057502 0.64159706160834096 1.05064509752246e-06
3313 3 96289.965044448894 0.47677493865263498 1.5138361049423101e-06
3314 1 104680.84701801999 6.40719356039428e-06 2.68602388705927e-06
3315 3 96341.795759483604 0.46749615139227502 1.75180268236413e-06
3316 3 91630.250198891998 0.80211569052681797 1.0988594877595599e-06
3317 1 108117.190509451 3.7174856803653699e-06 3.1921858762291001e-06
3318 1 107578.74706045999 3.8621820764335299e-06 3.1826318665632701e-06
3319 1 104023.352854984 7.0057283099979901e-06 2.5936349288274302e-06
3320 3 98999.409005715206 0.0148501750727892 2.0987503902221301e-06
3321 3 92308.545992409796 0.78680455726788801 9.1180543767378499e-07
3322 3 99854.520527766595 0.00091920670973983103 2.2396369078989602e-06
3323 3 91802.718459277603 0.79857419251872397 1.0677805676156399e-06
3324 3 90577.394625538407 0.81946872527900605 1.7416175825860001e-06
3325 3 92408.155892667695 0.78429450039712201 7.6918775177545402e-07
3326 3 96097.540287211406 0.50991357889127198 1.22353797499098e-06
3327 3 99603.862311684497 0.0027000706661972798 2.1421296772615102e-06
3328 3 93253.195308986004 0.75828844939778794 2.1058107326536499e-07
3329 3 96387.168181323505 0.46450704412951799 9.2503545765437204e-07
3330 3 96312.335841521097 0.472922246455174 1.5300641974749199e-06
3331 3 93954.314146106 0.72252541293317996 1.04756917257925e-06
3332 3 95129.834127151102 0.63339374912087598 1.0551578998064799e-06
3333 3 90671.531247706094 0.81816869247332003 1.7093807853665501e-06
3334 3 90719.340014083005 0.81749287872023402 1.61862662854717e-06
3335 3 93471.261442308998 0.75059329938253805 1.00561770034519e-07
3336 3 90117.903250700794 0.82523401221312798 2.1964466065591101e-06
3337 3 90162.869540705098 0.82471229274010904 2.1281313661498999e-06
3338 3 90243.624351513499 0.82374816786942795 2.0545582737573499e-06
3339 3 96772.557545728094 0.38924263333882198 1.2836574381342999e-06
3340 3 94996.311915032304 0.64758126136256 8.5922444813095799e-07
3341 3 94370.7432007061 0.69682793001808496 1.02317715036714e-06
3342 3 90758.955041269801 0.81694499735687298 1.83269345982631e-06
3343 3 96378.055224644006 0.46114571141722099 1.65305595808639e-06
3344 3 89464.328847486002 0.83205204351194595 2.6787325627651101e-06
3345 3 96122.211889540296 0.50613913591219195 1.2649589344504399e-06
3346 3 93283.130350400897 0.75650586864476899 3.5923532300739498e-07
3347 3 91942.661483415999 0.79552307631635799 1.0528284688571999e-06
3348 3 89817.583599655802 0.82855027459230002 2.5140487894490802e-06
3349 3 93950.391256897798 0.72274464389229598 1.04740636282309e-06
3350 1 107994.29705795601 3.7959165330203098e-06 3.1329433942123598e-06
3351 3 96158.814818700397 0.50039569332960299 1.3079697179923899e-06
3352 3 96219.372231866 0.49056774880440601 1.3504600650748101e-06
3353 3 93187.683773834695 0.76004657358275296 4.08869785680045e-07
3354 3 95263.081288552596 0.61976373861093104 1.0002195253343101e-06
3355 3 92334.186046614195 0.78598953732705201 1.01723300696453e-06
3356 3 88860.721286473199 0.83720871929347895 3.2011563658107299e-06
3357 3 90363.855518798402 0.82226304179381104 1.9405436613837701e-06
3358 3 93149.378034074398 0.76134407649189495 4.6133958334741199e-07
3359 3 91894.772096164306 0.79660581669666597 1.06033675609334e-06
3360 3 95732.9200738043 0.56379397216671601 9.6719015482577295e-07
3361 3 92046.010264490207 0.79315938953616305 1.04516750634902e-06
3362 3 94996.883101244399 0.64632556290204202 1.04948488414738e-06
3363 3 89940.111076975096 0.82723846442482696 2.3370813964594602e-06
3364 3 90947.576724494706 0.81410841233394904 1.5537088420900201e-06
3365 3 95877.526001978593 0.54488711285009594 1.0866987152095401e-06
3366 3 95356.8277356732 0.61197762016863999 7.6185531235239001e-07
3367 3 88381.475491746503 0.84067439568572799 3.3556885795071598e-06
3368 3 93823.122992850404 0.72964536884799303 1.0385010628403699e-06
3369 3 87587.287799341095 0.84545394708700505 3.1385319816380199e-06
3370 3 89981.692682419496 0.82677824290762703 2.3115236045343502e-06
3371 3 93137.173227097694 0.76166105033920595 5.1821711869250303e-07
3372 3 94158.333760598805 0.71055096977286103 1.04863815672866e-06
3373 3 94905.664240112805 0.65466908625607201 1.0587588117622099e-06
3374 3 91358.635835189401 0.80724844834835197 1.2004269330042499e-06
3375 3 89581.268260283599 0.83093552608572097 2.60325883357541e-06
3376 3 89827.016001500204 0.828449279100682 2.4304188342544402e-06
3377 3 90934.717065584497 0.814301761045645 1.4971198238722199e-06
3378 3 95309.913063936707 0.614453547777567 1.0576377261806599e-06
3379 3 96040.711140530606 0.51775924906044701 1.20143400696808e-06
3380 3 87621.329841754501 0.84527009236427697 3.13510289652489e-06
3381 3 92255.7461551546 0.78804313879695997 1.0149217276527301e-06
3382 3 89788.663821339898 0.82884988982650398 2.4683900028568902e-06
3383 1 102959.46619829199 7.1768305991704097e-06 2.8793055541501499e-06
3384 3 91657.586601996998 0.80156994592898301 1.09162846831668e-06
3385 3 95617.898976717304 0.57925543576298 9.3394257053378398e-07
3386 3 92332.891990208998 0.78600038373741599 1.0331066823236199e-06
3387 3 92199.869972067303 0.789432819533609 1.04048878049767e-06
3388 3 94031.109870033106 0.71835916111359499 9.8675987857176901e-07
3389 1 102341.672816979 8.2796493125405904e-06 2.7182312013907e-06
3390 3 91859.397467995906 0.79737211342374004 1.0672468638921999e-06
3391 3 96824.639439439197 0.37396040058706498 1.8833680934384601e-06
3392 3 92284.270949936996 0.78731576559732797 1.00808930610416e-06
3393 3 89610.436871443701 0.83065548853838 2.5682074767280598e-06
3394 3 91395.771223139905 0.80663539851622601 1.40389564430387e-06
3395 3 92194.463316203706 0.78957082909613896 1.0378085565964001e-06
3396 3 92907.39207021 0.77032035246130304 2.9912348305284001e-07
3397 3 90837.282237726497 0.81577630746970697 1.5864879527755699e-06
3398 3 96359.589509586702 0.46434797399875699 1.7468041935245201e-06
3399 3 90590.143630797495 0.81929505077157705 1.83331128167235e-06
3400 3 90726.833367590501 0.81738660470920499 1.6963476777305299e-06
3401 3 90430.400746497995 0.821413705504624 1.9916012938595301e-06
3402 1 106530.14242209301 4.2366417351683602e-06 3.1556762906908001e-06
3403 3 94909.899372201893 0.65470881257455804 9.5892628025924002e-07
3404 3 95904.187932332905 0.53844991275535203 1.13794955797594e-06
3405 3 96220.127818459601 0.48851774432575901 1.51594304418846e-06
3406 3 94220.486566139298 0.706686732702558 1.0404792477844201e-06
3407 3 95800.759629434193 0.55442544129598104 9.9181067707776891e-07
3408 3 91072.696839368597 0.81215073196222598 1.60647973789507e-06
3409 3 90820.2875429798 0.81604330752314702 1.7213887149251199e-06
3410 3 90697.138287702895 0.81781775044117599 1.7946773826321399e-06
3411 3 91302.330331799603 0.80829352733076199 1.4772505799183e-06
3412 3 91545.372324596596 0.80384371029801205 1.3139918284188699e-06
3413 3 95373.618120268293 0.607318374035419 1.0639122905570701e-06
3414 3 96175.352427499703 0.49600185656754298 1.4317138185285301e-06
3415 3 94069.828191318695 0.71613610398927197 9.7612908327141202e-07
3416 3 92105.067394674101 0.79178341153398002 1.01121070099162e-06
3417 3 90094.793210656993 0.82551445650460997 2.4114706119993099e-06
3418 3 93694.372566881095 0.73643834720388102 9.5535712918764111e-07
3419 3 96264.343911264907 0.48097903794469399 1.6347989842585e-06
3420 3 87895.758719839403 0.84372229476165606 3.06392616895018e-06
3421 3 94700.520110332494 0.67215809433030405 1.0540724028757201e-06
3422 3 96260.2320173029 0.48411885135412702 1.35481195597562e-06
3423 3 96248.084391360797 0.483821719285563 1.52833780249542e-06
3424 3 91877.447527681696 0.79715561074876895 1.05734090258466e-06
3425 3 93234.229362976897 0.75674945761726398 9.6012301441464801e-07
3426 3 95135.475948809704 0.63279898621978903 1.0641750888245399e-06
3427 3 88783.6321209733 0.83779874960285206 2.9428395594080802e-06
3428 3 91971.647227234207 0.79487757369535805 1.0380625881497801e-06
3429 3 93692.802357155495 0.73647463049204698 9.6767654823545008e-07
3430 3 92301.008467665699 0.78683490898941999 1.0398650233576e-06
3431 3 90430.126350140301 0.82141716290910505 1.8836562022345301e-06
3432 3 90623.871289354007 0.81883275225752306 1.69803118704772e-06
3433 3 93478.041461242901 0.74642821251731695 9.9309784541743709e-07
3434 3 92159.156245086095 0.79068767699939602 8.5028806815946799e-07
3435 3 90630.413887170202 0.81874001217690995 1.73560324366219e-06
3436 3 91746.162313851499 0.799760802716459 1.07721377236689e-06
3437 3 93633.027128942704 0.73916750464429004 1.0354358032272001e-06
3438 1 104799.073673967 6.61214241403346e-06 2.64968116869346e-06
3439 1 100504.17375845699 9.4048207557973902e-06 2.55745787820015e-06
3440 3 96431.085384354505 0.45755909349168999 7.4208026950966201e-07
3441 3 92270.035519432 0.78803731515483599 7.6538903406285603e-07
3442 3 97162.210344186198 0.30128643198076399 2.07779812606335e-06
3443 3 89074.390938890894 0.83549358089831605 2.8518088104911499e-06
3444 3 92068.462931141898 0.792653667688207 1.0158619331949899e-06
3445 3 91718.676358066601 0.80032835882047704 1.0819088195950501e-06
3446 3 92714.981650127098 0.77551059354486096 7.3340632195905305e-07
3447 3 95582.042599903405 0.58234978696018802 1.0831833644662699e-06
3448 3 88626.304678262604 0.83896434051408297 3.3457342742021499e-06
3449 3 92068.8829073409 0.79265246240782705 1.01323361773454e-06
3450 3 91775.332055353196 0.79915189911272699 1.0724095419517401e-06
3451 3 96227.169328150107 0.48822709170837197 1.3633312103201201e-06
3452 3 90869.217100826805 0.81529753163937302 1.4843997105587501e-06
3453 3 90923.865091969405 0.81446758438450295 1.4403689737393001e-06
3454 3 92143.201957340905 0.79102474036801695 9.0111579470552302e-07
3455 3 95802.500566158997 0.55360092188954102 9.9817816868110198e-07
3456 3 91829.9403926901 0.79799343091935104 1.0643398243985601e-06
3457 3 94453.337637831006 0.69095379066424001 1.0517907502553501e-06
3458 1 104614.967410657 5.7600357699113697e-06 2.9735355680056199e-06
3459 3 95299.917121986902 0.61549863118206305 1.0760471370354999e-06
3460 3 91494.912821377293 0.80473856846846004 1.13530798074734e-06
3461 3 92137.299977854404 0.79098042428084103 1.0425665305179201e-06
3462 3 96207.191961109696 0.49096016205431198 1.3374742583884001e-06
3463 3 91689.626319146904 0.80108809699299299 1.2155451837123301e-06
3464 3 95481.059709257504 0.59472831181991803 1.0894643289900601e-06
3465 3 91020.837510043406 0.81295402857031496 1.37991031670137e-06
3466 3 92151.542606663395 0.79067868819904397 9.9250392484381006e-07
3467 3 91741.045542433407 0.799867413277352 1.07679203095919e-06
3468 3 92838.200873641807 0.77183278729918103 5.5602656275215695e-07
3469 3 95455.9277431183 0.59775203661823295 1.07502266450042e-06
3470 3 95613.160098753506 0.57967629026031198 9.3390006330223595e-07
3471 3 92108.350246295799 0.79171327147510495 1.0052422254591599e-06
3472 3 91690.710223037895 0.80090047993109104 1.0878687267197301e-06
3473 3 88739.376665824297 0.838132629472636 2.9669303212838099e-06
3474 3 91593.935166831798 0.802868667647745 1.2605219461063399e-06
3475 1 106614.88895929301 6.1916510223524698e-06 2.5019709185539999e-06
3476 3 91434.699086450302 0.80586325102482803 1.1555184734924101e-06
3477 3 96212.237048470197 0.48984100669646302 1.50761939289733e-06
3478 3 96230.086794246497 0.486826315430891 1.5480848520732501e-06
3479 3 92229.686292999002 0.78894217407577805 8.2069148479421701e-07
3480 3 96262.543634192698 0.48157732165081002 1.44243809148505e-06
3481 3 95455.137735836193 0.59920743311303604 9.0119322364099401e-07
3482 3 92653.0525250996 0.77741018765635805 6.8766579916640896e-07
3483 3 95230.531449164599 0.62438336081047396 8.6914386062527701e-07
3484 3 95407.529735486401 0.604537330256122 9.0619597522825898e-07
3485 3 96032.046874804902 0.52062572205393498 1.17935578936168e-06
3486 3 96055.544521413904 0.51748349680164096 1.22854380782041e-06
3487 3 94380.624182914005 0.69608430381553699 1.04227091057218e-06
3488 3 92677.891435488898 0.77654025117778203 8.0683728323417198e-07
3489 3 93998.2694375094 0.72562380663043502 7.0117505914360497e-08
3490 1 104514.699092068 5.7888891636636896e-06 2.99534831247622e-06
3491 3 90943.267130817505 0.81417171835144697 1.51899138580866e-06
3492 3 90709.371942056096 0.81763834058384299 1.74483857430285e-06
3493 3 94507.784562154804 0.68938597263977497 5.9985983562811099e-07
3494 3 96232.961444429893 0.48670040880239201 1.3751492073540501e-06
3495 3 96202.013196434506 0.49200178191412802 1.3151742206828301e-06
3496 3 95408.013468594305 0.60332836151709002 1.08426929774536e-06
3497 1 105527.18490895 5.1405269028751296e-06 3.0005032760585701e-06
3498 1 108831.932152453 3.4373777784013602e-06 3.2078454192541998e-06
3499 3 96397.089567663599 0.45790873750231398 1.5778244817904801e-06
3500 3 91657.872442379099 0.80165663162051104 1.22267318100321e-06
3501 3 94226.046014430394 0.70630287734364705 1.04936516633392e-06
3502 1 101129.460742009 8.9423715216729605e-06 2.5390305834499501e-06
3503 3 94646.023391476803 0.67650099906675698 1.05475158413018e-06
3504 3 89078.456464845105 0.83545957761927203 3.1648585199712198e-06
3505 3 95903.185805231202 0.54080350690159995 1.1048316796491801e-06
3506 3 90837.743409386705 0.81577542640843803 1.6591701996999799e-06
3507 3 91442.424490022793 0.80576539653844703 1.38428396661939e-06
3508 3 90964.580407585599 0.81385107230884501 1.5872925734501801e-06
3509 3 91080.758871129394 0.812012128282394 1.53813463995356e-06
3510 3 92467.921366199094 0.78228802920774698 1.0387401084525499e-06
3511 3 98280.898692037095 0.081420939832709593 2.3457588256012101e-06
3512 3 95809.761643725797 0.55333818805317403 1.00109546442034e-06
3513 3 97909.049470241196 0.14673948291474301 1.71871914062024e-06
3514 3 95720.048681717104 0.56673964735434701 9.7177011129982495e-07
3515 3 91327.849337671098 0.80783166508724502 1.44455496882602e-06
3516 3 98359.877310988406 0.071546818507559104 1.9459585278279701e-06
3517 3 91202.295333500995 0.81000238430807703 1.4956650673194599e-06
3518 3 91559.329929825501 0.80356308287435896 1.3156086971897299e-06
3519 3 91676.859766629597 0.80125247671219701 1.2383609776683999e-06
3520 3 95982.5097773671 0.52932337947960295 1.18847107804373e-06
3521 3 95445.639349499907 0.60145170452892605 8.3387890482488801e-07
3522 3 95024.508126806206 0.64606117771893301 7.3003251110629997e-07
3523 3 92781.498585673093 0.77419557365619096 3.4507589910492501e-07
3524 3 92519.192872372805 0.78087818351143601 1.00774117092512e-06
3525 1 107580.221960341 3.8479699123566504e-06 3.1722863082740101e-06
3526 3 94179.263432505599 0.71107550407742504 6.5123226469274796e-07
3527 3 90207.107021498305 0.82418361620686598 2.11874321640636e-06
3528 3 96023.566529710006 0.52458818701481502 9.1129600639976004e-07
3529 1 106964.98648326 4.1506245567088203e-06 3.1132499820138701e-06
3530 3 91194.324701828198 0.81011121193472602 1.26970332979454e-06
3531 3 93187.248623307605 0.75962894584352902 5.8212557765905498e-07
3532 3 93037.5253921197 0.76533886923032202 4.6336022708847801e-07
3533 3 89956.327784018504 0.82705765206609505 2.3389198347338299e-06
3534 3 92021.9240124153 0.79372117667822095 1.03989794494962e-06
3535 3 91428.374092022903 0.80598014701905196 1.1527712474137301e-06
3536 3 93124.561620160603 0.76246187955831601 3.5948292862481297e-07
3537 3 95389.033045759104 0.60551266167121498 1.08281236894133e-06
3538 3 96299.655046873304 0.474908236786723 1.667589595813e-06
3539 3 91346.554979136898 0.80746533510484197 1.18373764751019e-06
3540 1 101264.74275444 8.7609489106827103e-06 2.5272417460597702e-06
3541 3 92574.726685441507 0.77933971703467297 9.64793604573905e-07
3542 3 90897.947794644293 0.81486335868192805 1.4630341646977199e-06
3543 3 90771.197562740999 0.81674631044520296 1.5738780100987699e-06
3544 3 92070.493539904899 0.79258396055346303 1.0451874200201499e-06
3545 3 96554.162939998801 0.43187223383839302 1.38762378500948e-06
3546 1 102359.34513207 7.9503714641486695e-06 2.5863404892459999e-06
3547 3 90087.306217008707 0.82558638812074403 2.2381321014412301e-06
3548 3 96497.006950616793 0.43981281564146102 1.5604937797112101e-06
3549 1 103838.50135752199 7.1178193660550199e-06 2.6374196030586401e-06
3550 3 91876.512686144997 0.79721085235394196 1.0648882913730701e-06
3551 3 96005.582520620999 0.52682957706236899 1.01434958355099e-06
3552 3 91871.2533849756 0.79710288947421404 1.0559650837144399e-06
3553 3 94637.993143262705 0.677300938165041 1.0072785979723699e-06
3554 3 97756.8996381943 0.17401690872893 1.88127658904238e-06
3555 3 92040.288643809996 0.79329750885308004 1.0336891250534399e-06
3556 3 96393.259196849802 0.45850399330888603 1.6083927851634999e-06
3557 3 96667.533142697095 0.40597702661714202 1.88140274582941e-06
3558 3 95667.151779093096 0.57549157763973402 7.1009293496015004e-07
3559 3 92064.8107022248 0.79272255520457502 1.0333651910623001e-06
3560 3 94378.972029411903 0.69618749250336898 1.0453996508090901e-06
3561 3 92087.205254670407 0.79219214651457703 1.0337889695229999e-06
3562 3 92088.090958024201 0.79216877784249495 1.0378702502577899e-06
3563 3 96524.887301339695 0.43372398906561999 1.9801948639462601e-06
3564 3 96269.914549471199 0.48022972743528702 1.47967178014376e-06
3565 3 96199.010444719403 0.49227376245304599 1.33612564941026e-06
3566 3 96132.224692591699 0.50329899248604604 1.2323752974229601e-06
3567 3 96011.784877176397 0.52240889886735098 1.1191880799176999e-06
3568 3 95873.835434904206 0.54304455006130803 1.06440723001407e-06
3569 3 97927.822166600497 0.142265754118376 1.8856903997171e-06
3570 3 92113.747284489393 0.791559436741334 1.02939080054499e-06
3571 3 92360.048956171406 0.78530717188746502 1.01106482450555e-06
3572 3 95765.116986365305 0.55840451134701397 1.04293697430381e-06
3573 1 105541.976777541 5.2440483013486496e-06 2.9728087998156601e-06
3574 3 95567.620820893702 0.58434857947650898 1.0228788009431301e-06
3575 1 102286.27136013399 8.3201739903198594e-06 2.45111996982701e-06
3576 3 94415.326465194405 0.69372589971825105 1.0270934730132499e-06
3577 1 103142.907566176 7.7076042878467302e-06 2.54733478244507e-06
3578 3 93218.238878105796 0.75970512675165103 1.9247314172554599e-07
3579 3 95081.389605688499 0.63962293756802802 8.5181574751748905e-07
3580 1 106254.325279625 4.4971602285462304e-06 3.0726431329211202e-06
3581 3 95981.036050684605 0.52688810845069001 1.2191836994876e-06
3582 3 90578.047138439695 0.81945746129506303 1.7696364471398099e-06
3583 1 108834.08136327899 3.44573931548616e-06 3.2096293839355501e-06
3584 3 89129.988599440199 0.83502653799069304 2.7990781814659202e-06
3585 3 96061.588281308897 0.51555933489255401 1.17645843015859e-06
3586 3 92108.675458080499 0.79167831573740499 1.0346348958282299e-06
3587 3 96098.029006621393 0.50896428383786996 1.1704669122330199e-06
3588 3 95312.005460406901 0.61438085518955399 1.01363792681007e-06
3589 3 92112.565123682507 0.79158215770806195 1.03846376603572e-06
3590 3 93928.8651754803 0.72393971802586699 1.04662047604785e-06
3591 3 95720.916156803796 0.56426072822107198 1.0937345132682599e-06
3592 3 95839.743486811203 0.54898852259617303 1.0115255790094299e-06
3593 3 94969.933466860894 0.64898908030098801 1.0088668960269401e-06
3594 3 92682.371103123602 0.77708449927318801 4.0953302277982802e-07
3595 3 95924.142711536304 0.53572139038702504 1.0681896273369101e-06
3596 3 89143.457895456799 0.83491328946021404 2.7987060441917999e-06
3597 3 92118.4710836093 0.79143755557620998 1.0442104942279099e-06
3598 3 90785.974346591902 0.81653047989062799 1.60332950427761e-06
3599 3 96125.951113888194 0.504176083191891 1.2904861763673099e-06
3600 3 92252.255858548102 0.78817782099909806 9.7725150230723493e-07
3601 1 109004.979265343 3.3339104344960698e-06 3.21562418184496e-06
3602 3 95564.921409917195 0.58450876705941202 1.07743671810187e-06
3603 3 87856.446349503196 0.843952464054744 3.1165158195632498e-06
3604 1 100159.611628286 9.7229884004059594e-06 2.5249050199615902e-06
3605 3 89618.515999057898 0.83057442509111901 2.5622456003466199e-06
3606 3 94327.714954766998 0.69995683899665395 9.6727705966125103e-07
3607 1 105335.642543954 4.7999614892981303e-06 3.1118787490269099e-06
3608 3 96524.080173821101 0.43386019965267503 2.0169185810049201e-06
3609 3 93202.729724023098 0.760121937297771 2.21344373825379e-07
3610 3 95830.783765861503 0.54965872686960804 1.00310388288634e-06
3611 3 91300.071916171204 0.80828922473470499 1.20433410908776e-06
3612 3 92190.970020867302 0.789659472642529 1.0364821914519601e-06
3613 1 101851.13850132001 8.9363845680428908e-06 2.2397903366194799e-06
3614 3 91296.166789613402 0.808359349397611 1.26503400604455e-06
3615 3 93186.052137867402 0.75855496125086097 9.917147287627731e-07
3616 3 95688.114361685701 0.56972952252114395 9.5512061617213298e-07
3617 3 95206.561588315497 0.62562418932776598 1.02851087105274e-06
3618 3 97745.865140895898 0.175339962448291 2.2675380540313098e-06
3619 3 96374.8013533169 0.46240291944568102 1.49172693515015e-06
3620 3 96073.0821431074 0.51282878322137004 1.1632688709633601e-06
3621 3 95236.032142713899 0.62332886427216805 9.0538758387949697e-07
3622 3 93455.831181188594 0.74766307788997499 9.0821565588985097e-07
3623 3 94119.441581078601 0.71299160369863002 1.02842579605033e-06
3624 3 92328.670071447195 0.786211309709694 9.6399755229814397e-07
3625 3 94444.265711180095 0.69224464735389402 9.01199516048892e-07
3626 3 96334.952935102599 0.46866163048006998 1.8221645982620701e-06
3627 3 90613.187593291499 0.81897914950629103 1.7155632357509901e-06
3628 3 90225.3177205916 0.82396553989399002 2.09899979118874e-06
3629 3 91660.922514585094 0.80151001489352602 1.13066435306062e-06
3630 3 92228.223556521596 0.78871617221896195 1.04049508434377e-06
3631 3 92997.377498834394 0.76711158218216602 2.9870846491015198e-07
3632 3 90465.902993426993 0.82095089617199801 1.89277090186198e-06
3633 3 92262.639097454696 0.78785277415959099 1.0252920009127201e-06
3634 3 93889.868056174295 0.72624382111613495 9.9083107254546398e-07
3635 3 92162.329251344505 0.79037050512026796 1.0365793474327901e-06
3636 3 93522.775034788094 0.74428162675892695 1.0437451020880101e-06
3637 3 91528.239870810896 0.80421265310847201 1.2622322749228201e-06
3638 3 94591.916023405996 0.68179699724791998 8.4084018154498198e-07
3639 3 95019.361509166105 0.64458476361832295 9.6247094084364199e-07
3640 3 89683.035939419002 0.82994098368410296 2.7148313094106498e-06
3641 3 92257.5972276627 0.78809825169908898 9.3556662081865504e-07
3642 3 95729.066123523196 0.56368550801177297 9.857236959087749e-07
3643 3 90972.487715005904 0.81371503380732901 1.41627803721615e-06
3644 3 95433.022113423096 0.60094517426316296 9.6371993409064298e-07
3645 3 90976.986104012802 0.81364524055421505 1.3999728692470999e-06
3646 3 90053.065767540698 0.82598025285138099 2.3216259487166899e-06
3647 3 90971.953020740795 0.813752353900276 1.6880429382571599e-06
3648 3 91783.421199785604 0.79898157872582598 1.0704131844630999e-06
3649 3 97009.515169491293 0.33453040719359001 2.1209400894527001e-06
3650 3 91520.747104215101 0.80424799409828596 1.1272979993936201e-06
3651 3 91995.3378013615 0.79433413538448105 1.03894212426206e-06
3652 1 106534.141943101 4.6177836684101703e-06 3.0513651187173899e-06
3653 3 91015.012219185403 0.81304792444743601 1.43400296247534e-06
3654 3 96813.505958519803 0.37624126257836499 1.9127734740758499e-06
3655 3 90661.666188502699 0.81832044405520898 1.84377087095818e-06
3656 3 92157.858628070593 0.79047671841262901 1.04354198069651e-06
3657 3 92408.3745910242 0.78398263296098103 1.01733666912869e-06
3658 3 90764.473905383697 0.81684429404700998 1.5722136712906999e-06
3659 3 90816.098192261401 0.81608911018262498 1.5282608008145e-06
3660 1 105843.629604221 5.1815783520753604e-06 2.96536008953338e-06
3661 3 93059.131361292006 0.76323319637355902 1.0367981023294201e-06
3662 3 92275.463638816305 0.78757029150526503 9.8737255305832704e-07
3663 3 95899.072730617496 0.54038328698123095 1.0439264619886499e-06
3664 3 96486.279900532405 0.44113506234409 1.8034561941614501e-06
3665 3 96095.340397234206 0.50952843243187096 1.1642572886160499e-06
3666 1 106913.247577157 4.6695055814372297e-06 2.96265051655197e-06
3667 3 95759.760365697104 0.55896346480983705 1.1059238292438801e-06
3668 3 91920.282132825101 0.796080545016427 1.09026197311084e-06
3669 3 95259.848022900405 0.61988640670969197 1.0589689217269101e-06
3670 3 91808.071208698806 0.79849892986729698 1.1350658488243999e-06
3671 3 92389.001280868804 0.785008752734353 6.7648288720271105e-07
3672 3 92042.806234869393 0.79329248211494496 1.0286398144426501e-06
3673 3 91903.762219104596 0.79640266387033498 1.05436382807714e-06
3674 3 96140.978612161998 0.50165603680538395 1.37596050011828e-06
3675 3 91301.576652633405 0.80826205496109804 1.2119882441503201e-06
3676 1 103608.60072659601 6.3763071137436696e-06 2.9550049273112502e-06
3677 3 95272.300254413305 0.61855406994818796 1.05615140034294e-06
3678 1 101758.48369427001 8.5162404505430903e-06 2.5764537669519401e-06
3679 3 92189.512852020605 0.78969119506092 1.0430285596629199e-06
3680 3 91111.527867625497 0.81149015887897202 1.31930867242722e-06
3681 3 94592.358585864393 0.68068451929427398 1.04911504529443e-06
3682 3 92186.884709021295 0.78983629126092303 9.7193176571028805e-07
3683 3 91327.590056297893 0.80780966777095498 1.29144482080952e-06
3684 3 90502.583124492303 0.82046834048947004 1.8590748817618199e-06
3685 3 95320.667267840705 0.61327700357440096 1.05420563526097e-06
3686 3 92875.085846553295 0.770650380504872 5.5329002428642597e-07
3687 3 92138.201099010403 0.79098679836941599 1.006709568475e-06
3688 3 92403.786193794105 0.78407379808858002 1.03940753250087e-06
3689 3 91743.512398387495 0.79981553064649202 1.07726505567996e-06
3690 3 95742.941909403802 0.56127642818739498 1.0972399889761799e-06
3691 3 91553.082224399506 0.80362733051064605 1.11553386063528e-06
3692 3 95893.391173315496 0.54004806217547996 1.12627205595009e-06
3693 3 92354.183463358902 0.78566481144343303 8.5431270159707303e-07
3694 1 102391.298712235 8.0119530886132008e-06 2.6178299361485102e-06
3695 3 92060.836364848903 0.79296410087654801 9.6181673464591702e-07
3696 3 91882.3341590692 0.79685870513604995 1.0562654635752799e-06
3697 3 91808.893417915504 0.79844690038565602 1.0684119643407999e-06
3698 3 96476.908811997302 0.443139966047228 1.64136337029423e-06
3699 3 96060.132737050895 0.51463062594326403 1.2803804745856301e-06
3700 3 96077.628143921902 0.51186044364098404 1.29774951523491e-06
3701 1 103041.22947876999 7.5483531930183801e-06 2.6501296058880399e-06
3702 1 103741.483696594 7.0125949355684899e-06 2.6879828587328599e-06
3703 1 103279.441655428 7.3210745393705601e-06 2.7690923095338e-06
3704 3 92017.792700589402 0.79404602219683695 9.51857226074186e-07
3705 3 95139.6031082298 0.63241967743380501 1.05182429478391e-06
3706 3 91912.648110240305 0.79619151418477696 1.0548906158410499e-06
3707 3 91936.973144410003 0.79565655210489805 1.04418109878777e-06
3708 3 91000.520564469101 0.81327587042424598 1.3822797778541001e-06
3709 1 104495.340645501 6.7356310656539703e-06 2.6917609710427e-06
3710 3 98342.859161356595 0.073660200955738997 2.0110960974332e-06
3711 3 93963.044251787695 0.72213199248872295 1.0172824414362299e-06
3712 3 93122.332845000099 0.76327205428603295 2.0930192334007001e-07
3713 3 92026.976603035902 0.793627257684834 1.0242770143433299e-06
3714 1 100846.624854113 9.1437085736501603e-06 2.4201191935324601e-06
3715 3 94726.916495944795 0.67001878803689996 1.05156299033605e-06
3716 1 105964.476098424 5.2496347429245302e-06 2.9345654003167002e-06
3717 3 96287.282309667906 0.47727911887358299 1.49356297046841e-06
3718 3 91229.060400517294 0.80952860237698998 1.3595928703538999e-06
3719 3 91258.6822079095 0.80901098871726995 1.2241562649910099e-06
3720 3 99031.174533824698 0.0134236478764289 2.1340739424451702e-06
3721 3 91964.035221921295 0.79504290455517901 1.0469690344873601e-06
3722 3 99826.537473110104 0.00098387219792956792 2.24368276246015e-06
3723 3 98674.969603915393 0.037610755987688801 2.0246417121131299e-06
3724 3 92617.805013163495 0.778245816136928 8.6451813553498397e-07
3725 3 99407.200831295297 0.0045326149712429402 2.1354597312432999e-06
3726 3 96618.512447005807 0.42049995677591701 1.0897074674608101e-06
3727 3 91452.506113868702 0.80553354244696596 1.14496037191592e-06
3728 3 90407.099851387102 0.82171268817970999 1.9084182802676502e-06
3729 3 92241.948526246895 0.78836672934993302 1.0435633396079401e-06
3730 3 96222.408850745094 0.48841858858638498 1.3642528727377199e-06
3731 3 96525.1644931466 0.43364969155691202 2.0271683347486399e-06
3732 3 96077.956879880599 0.51315713248792505 1.2109139000481099e-06
3733 3 94309.505324242898 0.70088938595917305 1.0438569436594e-06
3734 3 95290.842342671502 0.61656482312574301 1.0495499485887701e-06
3735 3 91886.345498294497 0.79677084790094799 1.05749397472868e-06
3736 3 88928.2904590619 0.83667581378644795 2.86787220670017e-06
3737 3 91801.235112829803 0.79860565095414704 1.0679547232614e-06
3738 3 95423.6795700316 0.60150788912373299 1.08601808041432e-06
3739 3 96098.446966456904 0.510103783559957 1.2467907335897899e-06
3740 3 96129.010699473103 0.50542176653315296 1.2834519365498701e-06
3741 3 96179.811945893904 0.497366430114491 1.31958040542475e-06
3742 3 91399.501400870693 0.80651661832734201 1.2639650854560499e-06
3743 1 104591.916454451 5.6861688824722499e-06 3.0161416246242798e-06
3744 3 95796.755480037202 0.55379003217404699 1.1411991288965001e-06
3745 3 91890.318432885106 0.79668372878199201 1.0575412001000699e-06
3746 3 95711.673117899802 0.56549371684271199 1.0969984583900999e-06
3747 3 96290.787634993307 0.47757254914254199 1.4157417418954e-06
3748 3 89025.698277041403 0.83589405821116503 2.86984786166204e-06
3749 3 88973.368332393904 0.83631762989927105 2.88719506658409e-06
3750 3 87700.395348707301 0.84483646456739603 3.1265464890648099e-06
3751 3 90307.273846055003 0.822965955878461 2.0333499092573102e-06
3752 1 104865.325958662 5.4478103632580496e-06 3.0366242012767001e-06
3753 3 91427.949531198203 0.80598798616939105 1.15283214164987e-06
3754 3 89213.943792340899 0.83430873655110205 3.0521933828115199e-06
3755 3 95955.292525902405 0.53085594762845001 1.1545882236720301e-06
3756 3 95694.895418157204 0.56899648606715902 9.5607207245556202e-07
3757 3 91531.736852900794 0.80403822917999901 1.13032686417428e-06
3758 3 92019.522508748603 0.793774951681265 1.04651485279109e-06
3759 3 93176.5083319923 0.76057134672609195 3.6629889928707299e-07
3760 3 95936.484304144498 0.53367622609541199 1.1451868635604399e-06
3761 3 93126.631611897203 0.76227689691539602 4.1729533171616102e-07
3762 3 91261.104290674397 0.80896909240836201 1.2225482613647999e-06
3763 3 91303.014702975503 0.80823749447547799 1.2026597800734301e-06
3764 3 95760.488862937593 0.55881534608085803 1.1320542819303001e-06
3765 3 93088.685268054207 0.76353031357206702 4.71386469572034e-07
3766 1 107244.676431816 4.3287016374834801e-06 2.9678264972103302e-06
3767 3 90102.675591982406 0.82541016973860604 2.20903704257695e-06
3768 3 95657.661881404507 0.57259893896860004 1.1123285719577199e-06
3769 3 95296.3983579005 0.61597155013460403 1.04527102699517e-06
3770 3 93930.787075832995 0.72404632576932004 9.8054906797270297e-07
3771 3 90665.993950824297 0.818246614650745 1.66781359760309e-06
3772 3 92172.216164258294 0.79016373809962803 9.9686846043756608e-07
3773 3 92041.847077691695 0.79325670608065202 1.0468103755320101e-06
3774 3 95992.615883533494 0.52519069963157805 1.17410664763604e-06
3775 3 95207.408951228106 0.62543376623303204 1.0599348606092899e-06
3776 1 101403.174787551 8.6974266487718097e-06 2.66410823552109e-06
3777 1 101197.82917811599 8.9405196275501195e-06 2.6594845404738302e-06
3778 3 89750.439450231104 0.82924975096282405 2.5822897923354001e-06
3779 3 95374.904990367999 0.60712401773924596 1.0822229710493699e-06
3780 1 106487.85080017999 4.3587041612765703e-06 3.1452976266913702e-06
3781 3 89964.252770994397 0.82697094199516896 2.3251908081042201e-06
3782 3 94837.659330958893 0.66112340051716101 9.5078261849198904e-07
3783 3 93964.887608166697 0.72219150045861702 9.6944550070699307e-07
3784 3 89803.762256102695 0.82869315625860196 2.4476918476323199e-06
3785 3 89759.595142372593 0.829150654468362 2.4914805599000001e-06
3786 3 92310.663962536506 0.78661662469923999 1.01440950812165e-06
3787 3 93537.612367010894 0.74384355823397197 9.6080651740479599e-07
3788 3 90550.341369447604 0.81983191220038798 1.8034304067255999e-06
3789 3 95650.546546140002 0.57361341846553304 1.07367982231137e-06
3790 3 96574.557249389603 0.42414853333461 2.0541647613342499e-06
3791 3 95732.070830627199 0.56269170834333504 1.12614724060751e-06
3792 3 90925.850987967598 0.81443903308626797 1.5103838236399301e-06
3793 3 96257.988429874706 0.48240309027011002 1.42443452275035e-06
3794 3 90579.716882869601 0.81943816835513195 1.8509932389824599e-06
3795 3 90830.234814076597 0.81588162923176499 1.6017599737426201e-06
3796 3 90720.231050154805 0.81748176254717198 1.7118603203438e-06
3797 3 96227.641461245294 0.48765180426433002 1.3614041071185501e-06
3798 3 90147.691586922505 0.82489049237031298 2.1419871279709699e-06
3799 3 91696.309077640995 0.80078634203999099 1.0850351716819699e-06
3800 3 91526.5011202022 0.80420916130722897 1.31839637711724e-06
3801 3 95562.249934008403 0.58619526034052905 9.2196456401786701e-07
3802 3 87992.341138646996 0.84315012034664705 3.0943026644420598e-06
3803 3 96003.479926845597 0.52573943756117603 1.19112561113993e-06
3804 1 106299.131319098 4.7671561718810797e-06 3.0317750922275399e-06
3805 3 96344.031434390796 0.46742769693460101 1.5350703579358499e-06
3806 3 97307.090329534796 0.26932654621257801 2.17115125619348e-06
3807 3 89190.5049512111 0.83451370443640205 2.80038742932342e-06
3808 3 95376.130796526704 0.60844748051383302 8.8769910856815501e-07
3809 1 105600.69914778799 5.27709210982171e-06 2.9478191822742802e-06
3810 3 95822.185375771005 0.55268421808070201 1.0477382397674299e-06
3811 3 97558.1095797085 0.21882181186182101 1.6816420313205899e-06
3812 3 91215.713639201203 0.80974885909685901 1.24628183251099e-06
3813 3 95955.530055726704 0.53528676059589897 8.1344801317309903e-07
3814 3 95587.571821896796 0.58423096944040898 8.8421006168644197e-07
3815 3 95243.015296576195 0.62424245395290501 7.5930051619304002e-07
3816 1 103915.874915839 7.2768229853081601e-06 2.6091021601035099e-06
3817 3 94641.022381236005 0.67913099465030402 6.6852821709964698e-07
3818 3 96325.601456485994 0.47426698124647798 1.1698157726666499e-06
3819 3 96399.232095189494 0.45757557057360798 1.5629990814866499e-06
3820 3 92103.927560014505 0.79181341775717995 1.0094643792930599e-06
3821 3 91745.397394238898 0.79977697763963795 1.0776126838057799e-06
3822 3 93624.895190464405 0.74106368086199703 5.9415822441209205e-07
3823 1 103118.983089698 7.8455176217494606e-06 2.5208354525404798e-06
3824 1 102134.95812805599 8.5149401038983097e-06 2.4174682269891899e-06
3825 3 92820.535348422098 0.77242598545988905 5.3109787771197705e-07
3826 3 94307.027114354205 0.70105920957819401 1.0422370050792201e-06
3827 3 89092.164216304402 0.83534532052057298 2.8422510619071301e-06
3828 3 90573.014606357305 0.81952817531699396 1.74541581191909e-06
3829 3 90634.787097802895 0.818681786309576 1.68864242697467e-06
3830 3 95593.587593140706 0.58520995169072498 6.5209627097071796e-07
3831 3 94670.797858309597 0.674550324747479 1.05198932753392e-06
3832 3 95624.979125514801 0.57687209286602203 1.0919015505686799e-06
3833 1 108137.980293778 3.6437673212587399e-06 3.1960010533468201e-06
3834 3 92067.569884704397 0.79267748921098702 1.01497883797258e-06
3835 3 95442.899886404397 0.59930877126596405 1.0669403710510201e-06
3836 3 92609.961670955105 0.77815193512429204 1.03755090200408e-06
3837 3 92147.2000277591 0.79094982805803205 8.8048133205368497e-07
3838 3 91718.034265148599 0.80034180914134401 1.0822874232219301e-06
3839 3 93065.513004784298 0.76423930879257596 5.30022280496555e-07
3840 3 92060.710903931205 0.79281474413969599 1.0443253608561301e-06
3841 3 95705.146439025906 0.56781491884524005 9.6153801199272299e-07
3842 3 90702.759163290393 0.81773395931654802 1.7610218184533e-06
3843 3 90946.945167397105 0.81412902742202897 1.6234928148332699e-06
3844 3 90828.581181029207 0.81591423229123305 1.68406878742181e-06
3845 3 91637.646552531703 0.80206638456524204 1.2123051345313899e-06
3846 3 91070.472995370801 0.81218211608837398 1.57350710668853e-06
3847 3 91313.578395662596 0.80809037031564501 1.46268981575098e-06
3848 3 92109.223783621404 0.79169553202911502 1.0036890412546299e-06
3849 3 92242.241643196103 0.78864912630133399 7.9805935276670105e-07
3850 3 91198.368922832102 0.81007280783062496 1.5208112120675e-06
3851 1 106083.263309166 4.46350679170076e-06 3.1384069827600702e-06
3852 3 89943.248863237794 0.82720095944513905 2.3522266059469502e-06
3853 3 91637.651794131205 0.80207138267094902 1.2209006866269799e-06
3854 3 91428.034440840405 0.80603572184158001 1.3962118186638999e-06
3855 3 92149.683302671197 0.790727635672413 9.9104653616123098e-07
3856 3 93358.947274348495 0.75508911975721604 1.05116499742102e-07
3857 3 92044.535738383303 0.79323428721673295 1.0209134339177e-06
3858 3 91553.7901905326 0.80367217952968895 1.3209316633833001e-06
3859 3 92338.925175272001 0.78587779961478998 1.0079856476976001e-06
3860 3 91661.275644817404 0.80157453746515706 1.2383605788451699e-06
3861 3 89941.676550582095 0.82722652812744701 2.5239933294073502e-06
3862 3 95334.111996384905 0.61853337271999997 2.43051379727655e-07
3863 3 88529.972586120799 0.83965157806064805 3.0132553381735799e-06
3864 3 93258.432276094798 0.75777037771799205 2.7181852915560802e-07
3865 3 96255.725047196102 0.48245718912934299 1.6125767658708599e-06
3866 3 89132.704312160698 0.835003324473643 2.7956442761328898e-06
3867 3 96148.060567231296 0.50075937259083103 1.2437165502919701e-06
3868 3 95355.093405417399 0.60936916296436705 1.0796029245244e-06
3869 3 94922.871118566502 0.65313758658753096 1.0529351431642901e-06
3870 3 95009.095654469595 0.64513044531317698 1.06378082268557e-06
3871 3 94811.049604129294 0.66295754100197302 1.05729762377411e-06
3872 1 104110.299877461 5.9645465478043397e-06 3.01465795904829e-06
3873 3 96052.1019685668 0.51646864112189805 1.1233207427844601e-06
3874 3 95830.464567064802 0.55289137547395195 8.5557606857785595e-07
3875 1 101878.48695002899 8.2737208703852405e-06 2.5103047564792502e-06
3876 3 88622.002659014193 0.83899773897391206 3.3491083172747201e-06
3877 3 91695.648070616298 0.80080016523088204 1.08467953569818e-06
3878 3 88346.030907362801 0.84089832773913797 3.3314553666928499e-06
3879 1 104073.430908765 6.0187904437445403e-06 2.9866895353000199e-06
3880 3 95579.097768423599 0.58267917560451099 1.10196013390468e-06
3881 3 91855.925935836596 0.79764062935019298 1.0878536176964201e-06
3882 1 106591.62012813 4.9546057356280903e-06 2.9700323734513101e-06
3883 3 96167.871842406195 0.49732791965615503 1.33917949144523e-06
3884 3 92753.116441449005 0.77434269942766398 7.2946449073518405e-07
3885 3 89761.837267157302 0.82913161522404799 2.4660178000936699e-06
3886 3 91701.958748004807 0.80084995606180198 1.19760686938022e-06
3887 3 93546.969259232807 0.74337935754064599 9.7265001115331599e-07
3888 3 95121.311975446704 0.63849530368781504 4.6625270250852098e-07
3889 3 92044.145954928405 0.79320440443703699 1.03969981303027e-06
3890 3 93636.725772839607 0.73912558911100301 9.890452841024981e-07
3891 3 95182.822320068793 0.62795263358192599 1.07080630915534e-06
3892 3 94076.483162001401 0.71551723913067899 1.04268859498605e-06
3893 3 91664.026083155506 0.80144045647946205 1.0904350283414e-06
3894 1 105781.500170342 5.0603003867177901e-06 3.0152305556779998e-06
3895 3 91767.753674125604 0.799418304076708 1.1496831181631499e-06
3896 3 92316.490395377899 0.78642487853938503 1.04165384609394e-06
3897 3 92259.306140964894 0.78807917600144395 9.1818983435797902e-07
3898 3 92064.733444254307 0.79272530471059499 1.0318259913387801e-06
3899 3 91996.626959161207 0.79430395664062803 1.04039378137924e-06
3900 3 91175.590572938396 0.81042761987632905 1.26788823154187e-06
3901 3 91218.3235134633 0.80970441010361005 1.2444903235759001e-06
3902 3 95756.106966512496 0.56004695916358804 9.87318143177689e-07
3903 3 97662.277317372194 0.192560565384298 2.2241672716012801e-06
3904 3 95940.877799047405 0.53319171969868995 1.0826198291838001e-06
3905 3 93768.357951785001 0.73245377614450402 1.04589754840217e-06
3906 3 95743.067975044905 0.56259307399733405 9.7300285205964596e-07
3907 3 92421.9928935481 0.78398122384869195 7.1152897182595595e-07
3908 3 92085.707862557698 0.79222619442588804 1.03667594632781e-06
3909 3 94584.858036536098 0.68125538915283601 1.0498460547640501e-06
3910 3 88893.941046292995 0.83694803503263504 2.9107073485565399e-06
3911 3 95926.172894423697 0.53628409683748401 1.0550093999314499e-06
3912 3 92108.542862853297 0.79167970554676903 1.0373499799443301e-06
3913 3 91083.722639486499 0.81194418526349699 1.3292256982110001e-06
3914 3 93993.301988547304 0.72063332541873304 9.575950380896569e-07
3915 3 95066.278935888797 0.64167022606205104 8.0039643034388898e-07
3916 3 88139.156626059499 0.84224745097564602 3.0524335817981798e-06
3917 3 96155.769691936497 0.49923204448545999 1.4013180894654e-06
3918 3 96137.477217027103 0.50222665780712095 1.3718353099250199e-06
3919 3 95722.788929814094 0.564219592096454 1.0267340675393e-06
3920 3 91669.320327534006 0.80133371284997701 1.0893687554283299e-06
3921 3 88691.252595387195 0.83849025997277105 2.9793967551045001e-06
3922 3 92087.115264704902 0.79219508528089999 1.03222903252107e-06
3923 3 98606.517874724406 0.042417955501778903 2.3684203367220898e-06
3924 3 91173.148158633601 0.81046845800107403 1.27042908361482e-06
3925 3 94869.901964715493 0.658671426651535 8.9482343592464296e-07
3926 3 90470.002248655102 0.82089985318049796 1.8410270619256999e-06
3927 3 91074.614725287203 0.81209231521481295 1.3310302603101499e-06
3928 3 95641.048860420095 0.57498904770453496 1.0290092791256901e-06
3929 3 91024.186875383806 0.81290127475607499 1.36534019520082e-06
3930 3 92152.973798724299 0.79090105081283502 8.5346032071340801e-07
3931 3 91070.916166100797 0.81215223943067405 1.33278774009398e-06
3932 3 91752.652685123394 0.79962652027721404 1.0748920149857701e-06
3933 3 87591.368538003197 0.84543198061322 3.1393100555082201e-06
3934 3 90974.904849478698 0.813677750880619 1.40132508098029e-06
3935 3 92107.665455285503 0.79170351224376201 1.03314465537645e-06
3936 3 96048.662181965294 0.51658755772923504 1.1707111211845899e-06
3937 3 93859.055211769199 0.72772330829013099 1.0465161504719e-06
3938 3 91068.550020363895 0.81218981726593797 1.3482653557221399e-06
3939 3 90416.5675337633 0.82159845322467895 2.1167050151467401e-06
3940 3 92300.1997350194 0.786855099562355 1.04361470502373e-06
3941 3 95399.376340922594 0.60454942379431698 1.01414972527869e-06
3942 3 95085.737609860502 0.63879239490171302 8.8434092933803801e-07
3943 3 94620.222475126298 0.678529543860522 1.05120245791018e-06
3944 3 91188.8232004928 0.81022459712311701 1.4647119398329499e-06
3945 3 99105.572253237799 0.0099892115067745698 2.4021926074393802e-06
3946 3 87919.706115460402 0.84358290516377599 3.11105926761559e-06
3947 3 90966.139186345303 0.81391090855022197 1.4318631477087199e-06
3948 1 103436.98320252101 6.7602156242520101e-06 2.85381200408079e-06
3949 3 90755.528361635006 0.81697367948102995 1.58061784627677e-06
3950 3 93001.027188895299 0.76657173481727303 4.7603210579413301e-07
3951 3 92266.404057250998 0.787736365485043 1.0433742745500201e-06
3952 3 98773.655478234403 0.0281450151731924 2.3760277364283598e-06
3953 3 96576.113360538904 0.42385455278775802 2.0393974617604199e-06
3954 3 92266.284725535894 0.78774322113544704 1.03743865764829e-06
3955 3 92056.169617941006 0.79292141256173798 1.0432318344460999e-06
3956 3 92712.376004510006 0.77576194698759504 5.5235848865066802e-07
3957 3 92077.306705409501 0.79242324280980903 1.0422192330230901e-06
3958 3 94379.456240968197 0.69615023136272902 1.04660956266565e-06
3959 3 96277.303479448397 0.47884283178457099 1.5622398434102799e-06
3960 3 89372.086877866095 0.83290336073840798 2.7073347963057398e-06
3961 1 105379.73318154601 6.0707226643413596e-06 2.7334630452239202e-06
3962 1 107285.641912848 4.0571692435326696e-06 3.1437086781166301e-06
3963 1 107356.039180085 3.9011842514829203e-06 3.1668992632845401e-06
3964 3 89612.740132178995 0.83063294947418098 2.5663949931979902e-06
3965 3 92132.185327209299 0.79111294219520301 1.0310321872850401e-06
3966 3 88827.522493144599 0.83746380442928303 2.9353681025634298e-06
3967 3 95219.579164604307 0.62416493419154095 1.0575049687589799e-06
3968 3 96562.882441177702 0.42654731318315797 1.83341305633617e-06
3969 1 103818.085238732 6.3524013206241202e-06 2.9094496365081801e-06
3970 3 91485.798312399595 0.80491057268668198 1.1344956948864699e-06
3971 3 92019.459047437398 0.79377967623716394 1.0376610324458101e-06
3972 3 96388.364206178303 0.459257437421834 1.68990696330083e-06
3973 3 92333.037707302705 0.78598520179523601 1.0419862770246999e-06
3974 3 88754.958357415002 0.83801433935021197 2.9246849672458e-06
3975 3 93731.135913539503 0.73435515443745103 1.0392322944295001e-06
3976 3 96060.709165644803 0.51461304966801602 1.2196814115520399e-06
3977 3 94879.385601665606 0.65702997487147397 1.05242279903954e-06
3978 3 92134.947993306603 0.79104031173056999 1.03810765795481e-06
3979 3 97348.768967316893 0.26011029788991702 2.23332661928653e-06
3980 3 96087.358167772501 0.51031976851944505 1.29910659354779e-06
3981 3 90754.728471844195 0.81700819255685297 1.8745435320543801e-06
3982 1 100471.996638821 9.4855551704371894e-06 2.1583778924460698e-06
3983 3 95534.292644348505 0.59122170887441705 8.1130585478396396e-07
3984 3 96791.149596087795 0.38074680673642097 2.0754574652450598e-06
3985 3 91363.455631634803 0.80716146507636399 1.19562889137872e-06
3986 1 104672.724940006 5.6845084149082596e-06 3.02847222963162e-06
3987 3 98588.049706393198 0.044227526976703298 2.3715389868529201e-06
3988 3 90924.270142380905 0.8145156877384 1.7074376468458699e-06
3989 3 89958.310600033001 0.82703790947096001 2.3209073994406798e-06
3990 1 107207.324289501 3.9850285443210401e-06 3.1563227686789301e-06
3991 3 95880.834211101901 0.54180531935114296 1.1654705660864701e-06
3992 3 91730.716956094402 0.80008739435382004 1.0969185393935e-06
3993 3 92140.648170717395 0.79090055092586298 1.03909943446351e-06
3994 3 95559.349984501605 0.58522654700942101 1.0682677158873499e-06
3995 1 107931.58307151101 4.1081455637379502e-06 3.0749306106477899e-06
3996 3 92135.6813980601 0.79102927327438499 1.0289889937446301e-06
3997 1 100130.062469595 9.5640059739177295e-06 2.4402533393808002e-06
3998 3 95174.898676170997 0.629028411043975 9.9960452347219601e-07
3999 3 91575.9421035954 0.80318420700781301 1.1121366561895599e-06
4000 3 99650.093920808198 0.0022050182707671301 2.33537766199777e-06
4001 3 95960.239460425597 0.53004662325102303 1.2010786574977401e-06
4002 3 90958.392884326895 0.81393500988416301 1.4147808469902799e-06
4003 3 93974.112903529996 0.72143470107026497 1.0414315285045899e-06
4004 3 95652.995830592306 0.57321142246889201 1.1102131680036599e-06
4005 3 96656.318471976498 0.41044273073440501 1.50356516173808e-06
4006 3 92400.514682640103 0.78416021412961801 1.0435693389754099e-06
4007 3 94100.108377210301 0.71438113751640198 9.6470204787800594e-07
4008 3 98070.631972553194 0.1144186603119 2.2933069472421299e-06
4009 3 93447.568941531994 0.75159864417709199 8.5154533459737201e-08
4010 3 95522.982917536501 0.59345726366965101 6.7930014697231304e-07
4011 3 96232.938695143297 0.48655646645952899 1.4020933424364499e-06
4012 3 95820.779240362797 0.55063962959399104 1.0522176068494e-06
4013 3 94873.564833468394 0.65753957507947103 1.05397531712808e-06
4014 3 91825.996793844999 0.79807796301323997 1.0647722343431801e-06
4015 3 95988.133045591705 0.526274319738819 1.07694011395218e-06
4016 3 95433.238844332998 0.60043296192001105 1.07022349479048e-06
4017 3 94818.149782101595 0.66252734993739704 1.0079392519048401e-06
4018 3 93999.472418832403 0.72049893097932505 9.0285934643022305e-07
4019 3 95978.925834219102 0.52832832412487596 1.0927204782594399e-06
4020 3 96013.452038185598 0.52258702828145698 1.09372264439675e-06
4021 3 95835.660353013605 0.54840594724715896 1.09759748449119e-06
4022 3 96145.155490489095 0.50147414332301099 1.2265199187788299e-06
4023 3 90751.093606226495 0.81703792383616203 1.58475463826048e-06
4024 3 92267.463173209602 0.78770950913228199 1.0435784245725701e-06
4025 1 103514.28207065701 7.4324344136437099e-06 2.47914558537171e-06
4026 3 95559.014654051905 0.58627421814080105 9.3079128111771405e-07
4027 3 94438.725046962296 0.69233345949742697 9.6252847633371092e-07
4028 3 91787.450301342105 0.79889710847518702 1.0698622771140301e-06
4029 3 95537.845553419495 0.58787001338236999 1.0745624714574001e-06
4030 3 90919.674509983597 0.81455493956242497 1.70948896027307e-06
4031 3 91704.334584903496 0.80062678475702798 1.0953009195117301e-06
4032 3 91141.559111107403 0.81103547643552698 1.5769224809013101e-06
4033 3 95540.847701600695 0.58800363914601095 9.6739624867293505e-07
4034 3 91395.918041447105 0.80662661144827597 1.4179017901603901e-06
4035 3 95544.443522292495 0.58700385173352498 1.0977209174869e-06
4036 3 91992.984004451297 0.79438474254130398 1.0481300086968201e-06
4037 1 106195.60941051701 5.0050774838948102e-06 2.83465709944004e-06
4038 3 87615.905933179994 0.84529958229437696 3.1381950858942302e-06
4039 3 91191.350016712095 0.81016153171912997 1.2694388569595901e-06
4040 1 107994.475272988 3.9234807441700802e-06 3.1018848900910801e-06
4041 3 95373.780213217906 0.60728259195302403 1.07081085519347e-06
4042 3 90540.231225033698 0.81997626050418804 1.9224179894282098e-06
4043 3 88469.192563680001 0.84007512943540097 3.0233025481300402e-06
4044 3 92806.484979230197 0.77316582007942503 3.9838061813988798e-07
4045 3 95856.9654434486 0.54525608280332905 1.1577631691735601e-06
4046 3 92205.4293565423 0.78929346196429295 1.04358333932631e-06
4047 3 94153.306243421597 0.71088126377072502 1.04244521440187e-06
4048 3 93106.611173114696 0.76346434311070799 2.5020176927323098e-07
4049 3 87449.781772917195 0.84617899126845697 3.1482259822115899e-06
4050 3 95866.596434878506 0.54401985841412603 1.08502268022009e-06
4051 3 95793.961278561706 0.55421725657933796 1.1188498769640301e-06
4052 3 93307.535006181904 0.75691834662247903 1.0983442407473501e-07
4053 3 95618.519046903893 0.57772050594383795 1.0833347887570999e-06
4054 3 92958.460129385407 0.76792738875029298 5.3619207607665098e-07
4055 3 89804.800242420199 0.82869199377883795 2.1843871474898602e-06
4056 3 97053.407168759804 0.32524858639605603 1.8985989730485601e-06
4057 3 91956.012530079897 0.79522328632996098 1.0517098076184401e-06
4058 3 93263.934375355602 0.75738749873351696 3.20531554888586e-07
4059 1 101436.699333663 8.7682076091826306e-06 2.68410074105918e-06
4060 3 91089.774374811794 0.81184609247684403 1.3223426579382301e-06
4061 3 95640.914020194905 0.57535339025435195 9.75113938775102e-07
4062 3 90410.832429888906 0.82166265286860196 1.9267952171728399e-06
4063 3 95266.384555044002 0.619138591212126 1.07507777985817e-06
4064 3 91553.661704372804 0.80361616626865895 1.1154426221888699e-06
4065 3 91267.211619803493 0.80887471208071804 1.35572453112482e-06
4066 3 91160.298099869105 0.81068498759795304 1.33942194215095e-06
4067 3 96366.898180132004 0.46298178739189799 1.84759197654493e-06
4068 3 92956.960968646395 0.767172192847282 9.1656529600470097e-07
4069 3 91877.477060183694 0.79707593585932801 1.08951313569716e-06
4070 3 94387.852529595795 0.69559057422468096 1.04072494496383e-06
4071 3 93693.946720511303 0.73618284282827195 1.0458384256626899e-06
4072 3 92637.551365910098 0.77775121538545999 8.1275552377244099e-07
4073 3 91986.970395171898 0.79454051470500398 1.0337039081755401e-06
4074 3 96077.987189063904 0.51180935670815098 1.2914880123769e-06
4075 1 107456.99611267701 3.91780745769556e-06 3.1627468278427499e-06
4076 3 94534.014669791301 0.68510639845193799 1.04280202748136e-06
4077 3 91924.727263046094 0.79596977469977004 1.08152232067088e-06
4078 3 91770.818911968498 0.79924626943071697 1.07277419101148e-06
4079 3 92412.149518087506 0.78420725106664102 7.4853625848917003e-07
4080 3 92136.904858396505 0.79098993869946799 1.04340323220327e-06
4081 1 100140.171642254 9.6644270614770405e-06 2.3577546626126799e-06
4082 3 92064.036133354501 0.79273954529802904 1.03620724416018e-06
4083 3 91228.924532451201 0.80952260639409501 1.2481515683282901e-06
4084 3 91302.332834856599 0.80825860749627398 1.3272482941452399e-06
4085 3 91792.308357711197 0.79879385902076805 1.0691240300853801e-06
4086 3 95791.402391192605 0.55459475833765803 1.10755577327437e-06
4087 3 95191.923910045996 0.62703315923507896 1.06392007896316e-06
4088 3 92025.532386147301 0.79392585299039797 9.4467510657573904e-07
4089 3 92438.617219810898 0.78310564388236104 1.04358140586715e-06
4090 3 91584.474781049896 0.80301787872864605 1.10874106021633e-06
4091 3 89609.413379006597 0.83066125980263905 2.57651280801563e-06
4092 3 92184.130856384596 0.78982669602454503 1.04363244443037e-06
4093 1 105639.675466641 5.5061658566520702e-06 2.8314203138851901e-06
4094 3 92155.418183186397 0.79062338808863997 9.7881667842187703e-07
4095 3 92353.204266462402 0.78576106737676499 7.8146665210026096e-07
4096 3 87468.305910883195 0.84608281579209899 3.1441409547188699e-06
4097 3 96229.037948651705 0.48701337859244198 1.5342042065092401e-06
4098 1 107120.814472221 4.0437764623606197e-06 3.1676564968137601e-06
4099 1 105141.889793093 8.8743242129487905e-06 1.9498848798554301e-06
4100 1 107945.29877378501 3.7687995024201998e-06 3.1667397311672199e-06
4101 1 107110.24374165499 4.5562556926810303e-06 2.9188431269348701e-06
4102 3 91333.408608936603 0.80769986854631604 1.18931349294996e-06
4103 3 98528.971850081405 0.050361296800586597 2.3525982935064399e-06
4104 3 94535.2812529316 0.68499076433305195 1.0494177310929499e-06
4105 3 95560.803378531898 0.58620615126378695 9.2540602942060704e-07
4106 3 91874.788676854994 0.79702847832974699 1.05535480427726e-06
4107 3 99916.981046914298 6.8348625205095394e-05 2.3383002938401502e-06
4108 3 95540.430224575204 0.58932027021838596 9.1382285835309898e-07
4109 3 91737.657450564599 0.79994069222199105 1.08418234451533e-06
4110 3 95849.840443197405 0.54630865410765705 1.1368667086339201e-06
4111 3 94337.403230423806 0.69900260687056204 1.0496554043695e-06
4112 1 108299.899289041 3.5623499831757402e-06 3.1980364003463802e-06
4113 3 98320.851267355101 0.086060074683011994 2.70877086684464e-07
4114 3 96322.822819997906 0.47303511548932298 1.39120397086118e-06
4115 3 96244.319403766698 0.48467792402682702 1.41043885837995e-06
4116 3 89581.8203450523 0.83093220946526103 2.6473794148795801e-06
4117 3 96240.222900831199 0.48516851687686002 1.5048090747234299e-06
4118 3 89986.966455347705 0.82672343532402404 2.2841356808947799e-06
4119 3 94166.2430895367 0.71006094691782295 1.0490770592446099e-06
4120 3 91923.847713740994 0.79594335312989295 1.0512761977810799e-06
4121 3 91823.388768876102 0.79813376982861794 1.0650198232857601e-06
4122 3 93048.392675706404 0.76517046340462203 3.4262647961120101e-07
4123 3 96345.274824248903 0.46715934254069102 1.55180636281646e-06
4124 3 89604.596517408805 0.83071301939432496 2.5708173994560998e-06
4125 3 92264.333371664601 0.78784132090127301 9.9968190176291096e-07
4126 1 104871.759836988 5.3805563664636998e-06 3.0509993682377701e-06
4127 3 95996.228302399002 0.52655534679962301 1.1721852207603399e-06
4128 3 90833.828578186003 0.81583081913724798 1.6344828875660701e-06
4129 3 95780.370710953095 0.55891959137986402 9.8016326317283198e-07
4130 3 95152.386261123494 0.63393137564989099 6.8914555803730501e-07
4131 1 104037.015520136 6.1551730733111398e-06 2.9854101169458301e-06
4132 3 93596.773261176 0.74085897487372199 1.0453083738846799e-06
4133 1 107974.872784711 3.7109627980315902e-06 3.1861766764183099e-06
4134 3 90307.454735071398 0.82296379739360004 2.02544147908095e-06
4135 3 92551.114980078404 0.77989020003878595 1.04221925945105e-06
4136 3 95184.094136893094 0.62787534885736995 1.0530193273739001e-06
4137 3 92609.394337391306 0.77821070905400003 1.0148528278338299e-06
4138 3 94855.142185720295 0.65936004616024002 9.9950046350398207e-07
4139 1 100723.49902067499 9.1539908915368207e-06 2.4849580087291099e-06
4140 3 96310.239742566497 0.47333140252404099 1.5120760610545999e-06
4141 3 95922.350316174503 0.53592983952346596 1.07994495770828e-06
4142 3 92300.592525553104 0.78684382193695801 1.04303941236698e-06
4143 3 95584.193829090102 0.58212205108469595 1.0659292727131599e-06
4144 1 100174.898092209 9.5594946624498796e-06 2.5401211366766599e-06
4145 3 94683.009778328298 0.67356327242123204 1.0552894500234401e-06
4146 3 92204.533073665007 0.78936130635287305 9.9657238470678494e-07
4147 3 90083.766227249507 0.82562725937146997 2.2324267489961099e-06
4148 3 92308.795821101594 0.78681643533614598 8.9767089550637301e-07
4149 3 95925.204437310793 0.535313613285062 1.1660738583203301e-06
4150 1 103841.602912264 6.0687274026639596e-06 2.9801490284394899e-06
4151 3 92078.980655407897 0.79238331796121297 1.0428521556584099e-06
4152 3 92066.466638723199 0.79268157796184702 1.0374105727408199e-06
4153 3 94097.580181347294 0.71424214536862196 1.04849639412278e-06
4154 3 96364.284510556099 0.46343720927556897 1.8717268010742801e-06
4155 3 92718.541603776597 0.77483717055174495 1.0242199218017201e-06
4156 3 92495.395323504097 0.781518382204057 1.03185986856467e-06
4157 3 91863.8433506031 0.79727971488378302 1.0738932915435401e-06
4158 3 95313.893407944503 0.61396417875051601 1.0761190342604899e-06
4159 1 104232.056457878 6.1012499723313302e-06 2.9284154116200699e-06
4160 1 107846.412902703 3.7859214337591399e-06 3.18778562806079e-06
4161 3 89549.338346854202 0.83124954793721795 2.6069158496798301e-06
4162 3 99795.987433744798 0.00099444267811142802 2.5066122654968998e-06
4163 3 90566.2568271294 0.819633162154769 2.0020699533396302e-06
4164 3 92003.796015880303 0.79413784457498604 1.04311862842515e-06
4165 3 95256.717620288502 0.62028121631868705 1.040076423978e-06
4166 3 92729.9618061082 0.77470137437623399 9.1639524187201398e-07
4167 3 88681.734013895693 0.83855816973322495 2.9282886632586602e-06
4168 3 92301.341120638695 0.78714218030751104 7.7587694242096697e-07
4169 3 96065.676652714901 0.51427357008699304 1.13484869764455e-06
4170 1 103161.46018798 7.5259150545537596e-06 2.6055457094568298e-06
4171 1 101795.182117473 8.2018532426470703e-06 2.5674709507135599e-06
4172 1 106817.89826505999 4.8000931577451303e-06 2.8656714909550602e-06
4173 3 92027.775077711194 0.79360565679122197 1.0241046575201099e-06
4174 1 103379.267477681 6.4756815442045098e-06 2.9427254863903798e-06
4175 3 91203.513701427801 0.80997100306982395 1.4305520262212001e-06
4176 1 102530.190523218 7.8750387943187604e-06 2.55099673172812e-06
4177 3 96148.980686496594 0.50037844325722602 1.35603713291427e-06
4178 3 92998.899130661404 0.76657875400873898 5.2156263116234697e-07
4179 3 95600.134894690797 0.58026192060576298 1.0218387787636601e-06
4180 3 90235.277296684304 0.82384912061967297 2.17987765983855e-06
4181 3 91038.8128421539 0.812698339527126 1.64438270609721e-06
4182 3 90789.761141117298 0.81649440321411904 1.7724836295613101e-06
4183 3 92186.795585301006 0.78978023078047199 1.0199459139099899e-06
4184 3 91278.206583966807 0.80871283286217399 1.50133813862835e-06
4185 1 102151.150534502 8.1413423438456398e-06 2.75195210757776e-06
4186 3 95501.646266154203 0.59224809592883498 1.0913032480939399e-06
4187 3 93510.489162610407 0.74774059864813902 2.1479479063899201e-07
4188 3 91777.712336183904 0.79919899427323604 1.1556926287084401e-06
4189 3 95443.766354633903 0.59916110982573001 1.08552230967011e-06
4190 3 91701.629920285399 0.80068137355998203 1.0937077941762399e-06
4191 3 95348.732243660706 0.610315929481001 1.01031875450705e-06
4192 3 94251.493175413299 0.704764583257665 1.0212231141411299e-06
4193 3 94673.979369652399 0.67573572968222395 8.1024175880326395e-07
4194 3 92441.750843553993 0.78306891375605203 1.01116364276806e-06
4195 3 92302.970322510504 0.78678227684312496 1.0435377508242799e-06
4196 1 100662.482382274 9.2651902155237793e-06 2.47684158040646e-06
4197 3 89533.159254885904 0.83140276408545999 2.61005975608927e-06
4198 3 95642.760420151797 0.57453965938201901 1.11067738231143e-06
4199 3 90412.4256976053 0.82164655912489504 2.0148086108899498e-06
4200 3 96296.978021276795 0.47533609465174997 1.71954911747138e-06
4201 3 90046.886092659901 0.82605155956423904 2.2319794313522899e-06
4202 3 93310.241329195604 0.75348253998497305 1.03684899874148e-06
4203 3 96721.193258434301 0.39508404833706501 2.0317869013598598e-06
4204 3 95836.612148864398 0.54816729312337897 1.1525473921705401e-06
4205 3 91681.678312071803 0.80120453721533402 1.1527633167075699e-06
4206 1 106308.12124222799 4.7399337452102497e-06 3.0969495175492499e-06
4207 3 94030.172039128302 0.71821171658201499 1.0480874713565599e-06
4208 3 96094.909914145901 0.50932893440286398 1.1882847872873601e-06
4209 3 93518.941106109996 0.74445135745567603 1.0452789851539801e-06
4210 3 95384.460662926096 0.60605364698283304 1.0753140039593899e-06
4211 1 108435.40828165101 3.5708585926788898e-06 3.2004557881246001e-06
4212 3 94139.062509143099 0.71175981124768795 1.0407251658997101e-06
4213 3 90765.519210299404 0.81682890948461995 1.6330773152268501e-06
4214 3 91603.9604896565 0.80263604029834801 1.1089805726914901e-06
4215 3 91569.345006789605 0.80331240628720901 1.1167626510428399e-06
4216 3 91966.171910030302 0.79499403446973405 1.05103161792411e-06
4217 3 97111.667459046395 0.31505906785048499 1.59857059279532e-06
4218 3 96213.485032013297 0.48986262642127898 1.3590816654534101e-06
4219 3 94018.968796303001 0.71885994300940603 1.04766370116008e-06
4220 3 95789.552153645098 0.55503776457843601 1.04303911036868e-06
4221 3 90201.608968472399 0.82425303151330098 2.0935767146796302e-06
4222 3 96249.1916500238 0.48380653050421701 1.4314998032837499e-06
4223 3 92097.568991253298 0.79199187945343696 1.00272855770334e-06
4224 3 95844.342781750194 0.54730708879941903 1.0533701753025501e-06
4225 3 91039.643085940901 0.81265480353457498 1.35595279545769e-06
4226 3 95864.826277632397 0.54937611317527202 6.5691755585939598e-07
4227 3 95894.262759467398 0.53989670770116505 1.13944210304825e-06
4228 3 91966.413656279794 0.79498857879545204 1.05004877641267e-06
4229 3 91344.778511837605 0.80749695834798396 1.1864596100118199e-06
4230 3 89541.689481218506 0.83132269807046899 2.6133079658548998e-06
4231 3 90696.117776810293 0.817821645058741 1.68479013695498e-06
4232 3 96185.548730722294 0.49436121450182302 1.39722775512964e-06
4233 3 96338.953042994399 0.46801762740545 1.72149373309719e-06
4234 3 94887.889115858503 0.65644889845531795 1.00542689171923e-06
4235 3 96940.080075296399 0.35032394453112797 1.7019185746540401e-06
4236 3 96011.623579487699 0.52339009313474105 1.1270927573018199e-06
4237 3 94526.281200425205 0.68917792493379004 3.8095401258255398e-07
4238 3 92063.7494354808 0.79294281032345204 9.1884487987865105e-07
4239 3 92636.307234313193 0.77764715877522295 8.8839800449317096e-07
4240 3 93641.945093961607 0.73916772815519305 8.9965594610274299e-07
4241 3 95621.343547453405 0.57730908414460202 1.10628151905733e-06
4242 3 96115.907927679102 0.50625728479159404 1.1893208223740899e-06
4243 3 90320.229889308699 0.82280894314102604 1.9823929156456099e-06
4244 3 94167.872544190905 0.71055092126503105 8.9682922437781201e-07
4245 3 95608.439540621897 0.58011245898794905 9.3654320506191903e-07
4246 3 99298.724170152607 0.00545800319440476 2.42601908598737e-06
4247 3 96364.163431873298 0.463462549510192 1.8629032430663599e-06
4248 3 91186.602721069197 0.81024207018038696 1.2638316543035299e-06
4249 3 95252.335194510306 0.62072114855058502 1.04872088503752e-06
4250 3 95473.052164024004 0.59625118139150601 9.6084786875665006e-07
4251 3 94720.511299833306 0.67071323449690001 1.00461089960706e-06
4252 3 99053.975218305903 0.012133324037007899 2.30452556109372e-06
4253 3 88413.728930401194 0.84045516530567599 3.0366880900805099e-06
4254 1 106174.622644217 4.7399429290964503e-06 3.0841202051686902e-06
4255 3 91260.758543446704 0.80897546798063402 1.2529219432360399e-06
4256 3 91550.918271269402 0.80366931833592703 1.11900832878271e-06
4257 3 91917.101232409899 0.796092822629341 1.05500268669123e-06
4258 3 95940.160730491698 0.53308387794652101 1.1742232715575001e-06
4259 3 93153.326096584598 0.76186947414302897 2.2972854448260599e-07
4260 3 93107.796896783606 0.76175227126190503 9.0710977466598596e-07
4261 1 107265.362333299 4.4376672590322599e-06 3.0605378472298402e-06
4262 3 95994.600298899997 0.526540393089448 1.15397319622239e-06
4263 3 95675.666686464407 0.57084263811309899 9.7609410089200791e-07
4264 3 93052.909555218794 0.76528999466675796 2.6835158187367701e-07
4265 3 90576.869721756593 0.81947439111556297 1.7963195107684699e-06
4266 3 96137.831506100498 0.50220443124487502 1.33742730123851e-06
4267 3 93955.7292448386 0.72258046696077505 1.00480326544937e-06
4268 3 91809.7579142209 0.79842456430959396 1.0667932845145099e-06
4269 3 94942.267337315003 0.65295023490220006 8.2709721386773299e-07
4270 3 95275.394144389706 0.61816906687262896 1.0745377350395101e-06
4271 3 96829.807621114596 0.37296419086280302 1.8303365587845e-06
4272 3 90318.8192136125 0.82282291737428104 2.0148029922783901e-06
4273 3 90952.320693635702 0.814032417281087 1.5248005331609999e-06
4274 3 95924.561268204998 0.53543844923289796 1.1468656369928499e-06
4275 3 92942.059019568202 0.76740415263907902 1.0412359878724099e-06
4276 3 92917.835800905203 0.76927711357050399 5.3321955746208404e-07
4277 3 93549.489704525404 0.74546793202258199 3.1473447153597501e-07
4278 3 96168.219678655005 0.49721380979704199 1.385866199895e-06
4279 3 91086.300064791605 0.81190421557496495 1.389717844215e-06
4280 3 90495.314635648101 0.82056433778885796 1.84914528967991e-06
4281 3 91945.553704324295 0.79547569004081098 1.04453152537427e-06
4282 3 89269.133061607994 0.83382966317598906 2.76377100813167e-06
4283 3 91989.229351109898 0.79452453877729701 1.05309540100569e-06
4284 3 96484.822853407401 0.44131376856052501 1.9485609853785099e-06
4285 3 97704.185342015393 0.18983949529143601 1.4119541219300899e-06
4286 3 91869.436811890293 0.79718519047598901 1.1074471854807e-06
4287 3 90144.258430092697 0.82493006798200097 2.14942105260555e-06
4288 3 91973.631664665401 0.79495759117199205 1.0195800224465499e-06
4289 3 92856.880936380403 0.77032447586603703 1.0345427313157501e-06
4290 3 92748.283031350395 0.77512967648905395 3.9734167866761399e-07
4291 3 92811.423572703599 0.77182616954080796 1.0370675697037899e-06
4292 3 94011.852109481493 0.71927019055842201 1.04732697077341e-06
4293 3 93298.0327609417 0.75719204487635605 1.31339013505934e-07
4294 3 90197.960621101694 0.82429282161488904 2.1272879989635299e-06
4295 3 99040.118555845998 0.012615528732748099 2.3897083947798602e-06
4296 1 101295.678595707 8.6519427041588695e-06 2.53229901091402e-06
4297 1 102387.252550369 7.9668095288252603e-06 2.5745767457308201e-06
4298 3 92033.739657430895 0.79344548553995098 1.04557627997924e-06
4299 3 91266.673771827904 0.80887182987224804 1.2294601995434099e-06
4300 3 92792.093477496703 0.77295366036034796 8.1026731177260205e-07
4301 3 91068.354409884501 0.81219361500143294 1.3347921130268799e-06
4302 3 90377.789077205904 0.82208615646622396 1.9337622446175699e-06
4303 3 91227.474326025593 0.80954964260488904 1.3054670536422101e-06
4304 3 95604.110298282394 0.57952778593612797 1.09769479438975e-06
4305 3 92101.833817809107 0.79191029692721604 1.00181567230437e-06
4306 3 96013.083219011998 0.52247775199530999 1.0919905140385999e-06
4307 3 96065.712043719905 0.51380792146436305 1.23506900834173e-06
4308 3 91770.181722891793 0.79925951315265598 1.0727439353051101e-06
4309 3 94437.534823348702 0.69209115272963495 1.0479338644651699e-06
4310 3 92643.483043821703 0.77776253002857199 6.1757378067915196e-07
4311 3 97282.525465557294 0.27840963090944199 1.6677582730114001e-06
4312 3 96684.878208103997 0.40327945800564602 1.6213216164342099e-06
4313 3 91569.353576274996 0.80331216490436697 1.1114170490829499e-06
4314 3 94928.361809683105 0.65264754992874097 1.05061968704195e-06
4315 1 104268.091500828 6.5198764251276499e-06 2.5339131185342799e-06
4316 1 101278.18480575499 8.7036879275446101e-06 2.4359725116557301e-06
4317 3 93123.325369211394 0.763265149723106 1.8325005318410201e-07
4318 3 91839.025275720705 0.79779788039201904 1.06212567345229e-06
4319 3 93164.052482111598 0.75929631213730497 1.0360635775111899e-06
4320 3 92113.337679014396 0.79157053765738195 1.0274855965118601e-06
4321 3 91819.386812227196 0.79822639039808896 1.06977023757722e-06
4322 3 91231.787922367104 0.80947410620318705 1.2392638517208699e-06
4323 3 91844.093885479495 0.79769420687389203 1.0614845765713001e-06
4324 3 92208.165698476194 0.78933498783419298 9.5472697269770099e-07
4325 3 92128.972494730493 0.79118851114561495 1.0342367067172101e-06
4326 3 91907.338479092999 0.79631521865064603 1.04925159649038e-06
4327 3 97305.919441916703 0.27055870981369801 1.77272395587388e-06
4328 3 95761.9142875994 0.56021828268502405 9.8643607075413204e-07
4329 3 91775.039236719298 0.79916242679046701 1.07617861686533e-06
4330 3 90902.035351662606 0.81482826803901298 1.74358862242312e-06
4331 3 89852.193480902904 0.82818508003246705 2.4008974665612801e-06
4332 3 91903.664439711196 0.79639037576624805 1.05341802071569e-06
4333 3 91223.783889192695 0.80961079553385595 1.2465668622520801e-06
4334 3 95233.483725812403 0.62372802094220703 8.9436924287422597e-07
4335 3 90392.365155316496 0.82191094254083796 2.0695759461802201e-06
4336 3 94332.803103620798 0.69938281599748497 1.0287665968081799e-06
4337 1 100290.186750921 9.6206278487361606e-06 2.5594826339665601e-06
4338 3 91944.196052925705 0.79548936206002097 1.0487407568894001e-06
4339 3 94776.407037679804 0.66664700435021296 9.0076375355759399e-07
4340 3 92655.724288268597 0.77675650917831796 1.0417222323651501e-06
4341 3 95872.809395741599 0.54296588207368102 1.1653842319630099e-06
4342 3 95659.995681588902 0.57506820061037101 9.0164720429378999e-07
4343 3 92172.508569433005 0.79015329659866496 9.9978482027380291e-07
4344 3 95678.627305370494 0.569918240396321 1.08221962799398e-06
4345 3 91522.708963294805 0.80421080434776604 1.1244144848456201e-06
4346 3 94848.311539000701 0.66226699022273605 6.6133157041059497e-07
4347 3 95369.082569775506 0.607865371508715 1.0523501193944199e-06
4348 3 90312.261840103994 0.82290661195043302 1.9993834418271601e-06
4349 3 90690.2182878639 0.81790678442449605 1.6384809605054801e-06
4350 3 95786.092442131805 0.55562132919681795 1.02215813567816e-06
4351 3 96280.036088727502 0.47862290241368599 1.45990981828293e-06
4352 3 96060.011717244706 0.51468802741073905 1.24573755400431e-06
4353 3 89449.196296466704 0.83219765903060405 2.6691456108946401e-06
4354 3 92910.873009546805 0.76849171368314495 1.0360731365412601e-06
4355 3 91927.851240075397 0.79585388237060495 1.0541947675711501e-06
4356 3 95994.407056455995 0.52633994303368004 1.13687832529118e-06
4357 3 91156.194622590294 0.81076093666562199 1.42487689011784e-06
4358 3 96889.019322734704 0.36029317240946102 2.0948430907876598e-06
4359 3 92139.784733504697 0.79091980690678698 1.04370509461004e-06
4360 3 91276.522354784596 0.80870127576775797 1.216646639622e-06
4361 3 89908.010507598505 0.82758861282308305 2.3495581146222501e-06
4362 3 91983.938890560705 0.79459179252679402 1.0446200957220499e-06
4363 1 106645.49639601901 4.3125297684401397e-06 3.1465886671027601e-06
4364 3 88476.460823810106 0.84002465190047104 3.0126722010272002e-06
4365 3 92772.968705588195 0.77314375935618695 1.00430083013085e-06
4366 3 94345.840448155403 0.69842989348822104 1.0505303599063399e-06
4367 3 91474.033310099403 0.80513194693061696 1.14309839501504e-06
4368 3 95772.480248597101 0.55717213624934803 1.1300414018596299e-06
4369 3 89688.426052587602 0.82987513740021401 2.5503613202917398e-06
4370 3 94239.215026075006 0.70547922472745195 1.04388618072606e-06
4371 1 105213.644730803 5.9010199965804598e-06 2.7654147425127299e-06
4372 3 89732.123145678299 0.82943528649076903 2.4888988436441001e-06
4373 1 106394.104962054 4.9284516283435504e-06 2.9967803157834598e-06
4374 3 91161.045112791893 0.81067083005659801 1.2789240150820501e-06
4375 3 92484.619427005498 0.78185607903387 1.01432588910444e-06
4376 3 92239.211079052096 0.78849509545804097 9.8981725265745399e-07
4377 3 93010.645653200205 0.76632195066392395 4.1966931993385998e-07
4378 3 95075.864015761705 0.63984755343045097 8.7395764498702304e-07
4379 3 95410.254137740005 0.60408315268651103 9.15304110503098e-07
4380 3 91940.426446033001 0.79557310984028995 1.0522024818358501e-06
4381 3 90947.327552491799 0.81412797262116299 1.6622010748451299e-06
4382 3 92525.039859484896 0.78072270949806799 1.0005303835458299e-06
4383 3 91188.332310182799 0.81024954168669705 1.5436699003390099e-06
4384 3 95577.280301274004 0.58350027025265805 9.6653427536401295e-07
4385 3 94161.568671237299 0.71043517532321498 1.02309147077146e-06
4386 3 95297.9155156302 0.61672512373926702 9.0483449884464304e-07
4387 3 91515.181612029002 0.80444093342767098 1.27918509562259e-06
4388 3 91434.095600939807 0.80592441999442599 1.3988179817414801e-06
4389 3 95287.468138376702 0.61685446151468803 1.0765064484376e-06
4390 3 96040.274337951007 0.51959315314585997 1.20290020884767e-06
4391 3 99685.757902987505 0.0016610245494707899 2.4956676685906701e-06
4392 3 93417.224109370203 0.74895353981630197 1.04482372731161e-06
4393 3 90560.653224225694 0.81969891073402301 1.89149353789128e-06
4394 3 95690.731559567197 0.56852882538739902 1.0200445322944701e-06
4395 3 91862.015759308895 0.797301499983603 1.05877286416368e-06
4396 3 91093.670712589694 0.81184507614790902 1.5799989437008101e-06
4397 3 93045.978551234104 0.76516989621738196 3.8242975077472101e-07
4398 1 101831.382976086 8.2779444436441105e-06 2.5686263418030199e-06
4399 3 91535.623297556303 0.80396334302712702 1.1200927713660301e-06
4400 1 103086.01545725 7.4310959776846e-06 2.62615756795225e-06
4401 3 95866.317203047307 0.54393672912520696 1.1429464497729499e-06
4402 3 96140.631933033103 0.50177887941711097 1.3148820447712999e-06
4403 3 91502.459869562706 0.80459575596506205 1.12941835526548e-06
4404 1 101723.742455325 9.0823130202148292e-06 2.2992455981768998e-06
4405 3 90007.244510411794 0.82649725973245303 2.2687040491701801e-06
4406 3 88986.945870337993 0.83620866127711801 2.8862864693427198e-06
4407 1 107696.70127922999 4.0442633668560596e-06 3.0868955647565398e-06
4408 3 96195.305462209202 0.49275388017761301 1.399039406408e-06
4409 3 96186.890272154502 0.49411781844519398 1.4174539678272799e-06
4410 3 96204.846477194995 0.49113421894792098 1.43535472045812e-06
4411 1 102110.724069378 8.4257990169830602e-06 2.69457119706721e-06
4412 3 92331.540695296804 0.78602936673741297 1.0383310557145e-06
4413 3 96193.136174271407 0.49305103640524001 1.45756644401561e-06
4414 3 92024.1964775979 0.79366796571499398 1.04084769310471e-06
4415 3 92627.157859574305 0.77762547222631195 1.0424985785923701e-06
4416 3 92326.277820257106 0.78616580800587998 1.04361987717631e-06
4417 3 94209.749464073597 0.70741227806112295 1.0267745093566801e-06
4418 3 94763.442235743903 0.66720626667222604 9.9616342250304203e-07
4419 3 91599.0639175736 0.80273193058777104 1.1084738130782301e-06
4420 3 96348.543641742202 0.46624978317482701 1.8448762443239599e-06
4421 3 90837.505451281904 0.81577475099879604 1.62117860505942e-06
4422 3 88233.918285278603 0.84164548854506405 3.0684642569972998e-06
4423 3 90899.028010099602 0.81484682816319498 1.4599308132389301e-06
4424 3 92875.761533288998 0.77101356758052297 3.61400106386097e-07
4425 1 107932.75527114701 3.7455628221328298e-06 3.18911379616878e-06
4426 3 94951.218327905604 0.65052575679507596 1.06194154122695e-06
4427 3 95716.916237282203 0.564738781299849 1.1228812332635701e-06
4428 3 90985.873642310107 0.81350615111471003 1.3942788917830899e-06
4429 3 89009.378058120303 0.83602693505915204 2.8753451816409398e-06
4430 3 95414.437879964695 0.60264394493119899 1.06179606164787e-06
4431 1 106999.892754473 4.3023069490748396e-06 3.0812027757081702e-06
4432 3 91483.885079019994 0.80494645110013996 1.1349006746638699e-06
4433 3 95706.986183942703 0.56804923622831305 9.7361075439800504e-07
4434 3 90088.439527795301 0.82557375851876902 2.2254025973301098e-06
4435 3 93100.838557916795 0.76345556154958205 2.9992459269093e-07
4436 3 92935.774087721802 0.76912283331324405 3.2596834936020202e-07
4437 3 97343.990999264599 0.261457284704327 1.9459229543065898e-06
4438 3 96204.373799337802 0.49119663983075901 1.4506551081875999e-06
4439 3 92352.4118678737 0.78553868832537499 9.9343388976373308e-07
4440 3 92169.562444443494 0.79018908852765402 1.0398125160900401e-06
4441 1 102609.121180375 7.7682660785517096e-06 2.7971498064977402e-06
4442 3 92306.550683389301 0.78690356795302896 8.7471419200263998e-07
4443 3 91013.956692623498 0.81306645034876102 1.46070868204001e-06
4444 3 92689.574054011493 0.77572000633591198 1.0366246020746899e-06
4445 3 95353.452925526697 0.609619494053387 1.0557054134983399e-06
4446 3 92689.766958961205 0.77640796755207897 5.89630280345119e-07
4447 3 95765.282629834299 0.558169284371554 1.12590485800182e-06
4448 3 95153.615417399094 0.63116257126428599 1.00800443941947e-06
4449 3 92262.484257677599 0.787838630932434 1.03975337034133e-06
4450 3 90936.333678997704 0.81427619918912897 1.43253323608619e-06
4451 3 96123.270968199504 0.50517349711167503 1.2042530263506701e-06
4452 3 95562.226256618305 0.58480365008700697 1.09547096792115e-06
4453 3 95540.726087507093 0.58746735789410198 1.09557067165592e-06
4454 3 90476.006894000195 0.82082047421773396 1.8419141620931999e-06
4455 3 91293.877466751394 0.80839772525123599 1.2104473195111199e-06
4456 3 92776.756147960405 0.77297553351946202 1.02662048118364e-06
4457 3 96290.469792289601 0.47693513167566298 1.45383818856329e-06
4458 3 92239.355522372804 0.788866774622621 7.7766080668873403e-07
4459 3 97141.709371015197 0.305740829162996 2.1417741528215201e-06
4460 3 91117.423963520603 0.81139319782380204 1.3203114048752601e-06
4461 3 92188.751166211398 0.78972436254125 1.0272726743750999e-06
4462 3 92087.402101302097 0.792190021571479 1.02892516451042e-06
4463 3 96167.569901342897 0.49729461773932798 1.41274480129339e-06
4464 3 96220.8318311654 0.48839163621503801 1.52729124773934e-06
4465 3 95777.4290458779 0.55675736551427102 1.03270699575894e-06
4466 3 92420.164903932498 0.784265590040922 6.2727012043760797e-07
4467 3 92782.140062676699 0.77277103854513796 1.0424824809979401e-06
4468 3 95095.468515831293 0.63683862131994595 1.04772011012533e-06
4469 3 96166.851361895999 0.49794440090527903 1.2594277392835601e-06
4470 3 90071.6559686689 0.8257693120738 2.2149317848003401e-06
4471 3 96290.024685633296 0.476544280422805 1.70173874771549e-06
4472 3 96394.645707610398 0.45807671156572999 1.73081751392606e-06
4473 3 95129.353501192702 0.63658828444541604 6.2289352357671796e-07
4474 3 94488.570849399504 0.68842047704290898 1.05068433394114e-06
4475 3 93867.694081645299 0.72726103462543801 1.0468242034207e-06
4476 3 91811.620984403504 0.79838486725818802 1.06659876781783e-06
4477 3 92474.553830898905 0.78253495765394498 7.0316248393247799e-07
4478 3 87055.077591121197 0.84811686640774597 3.71475296216641e-06
4479 3 93080.093252192193 0.76400182190078203 3.7755471732837398e-07
4480 3 92359.720835769796 0.78564721012092398 7.3261618970075898e-07
4481 3 95595.771935365701 0.58057269783008203 1.10379174713322e-06
4482 3 95607.940390193995 0.57906496269490204 1.0863139430827701e-06
4483 3 88795.666866554006 0.83770651698208898 2.9213234698626101e-06
4484 3 91500.746696928807 0.80462810207217295 1.1298101504646401e-06
4485 3 94602.885742051105 0.67986039802736997 1.0538042248661499e-06
4486 3 91502.843201707394 0.804588259394032 1.13579468763579e-06
4487 3 96147.878214525801 0.50075539781093203 1.25091759615359e-06
4488 3 95793.911354331198 0.55419196205832999 1.1376117166441701e-06
4489 3 92952.061698994003 0.767085006527639 1.02721473248039e-06
4490 3 91483.819176919002 0.80494766745761603 1.1348331924903599e-06
4491 3 91493.649241866893 0.80476324801740096 1.1501807208903999e-06
4492 3 93335.991852039602 0.75239799802876595 1.0448148590980701e-06
4493 3 95684.075697563298 0.56944754873299497 1.0120086118388301e-06
4494 3 95215.621541948494 0.62462116134955104 1.04453900028461e-06
4495 3 89928.863643253993 0.82736787165987202 2.4825312425772199e-06
4496 3 91465.002714799703 0.80530043635568505 1.1406571816446901e-06
4497 3 91900.471658900395 0.79646153367266204 1.0525144191639801e-06
4498 3 92221.248441223303 0.78891015713294399 1.0254110257586701e-06
4499 3 98394.848246522597 0.067093186654116205 1.9947907941571498e-06
4500 3 96287.048139610706 0.47710646455455502 1.6328875086599601e-06
4501 1 106964.903209392 4.1512927642120801e-06 3.1611842898396201e-06
4502 3 92884.964104833998 0.77079629719727405 3.4503156303801401e-07
4503 3 91818.156351894693 0.79824514666575896 1.0650699943413699e-06
4504 3 95464.758884643001 0.59775402842693703 9.1699955124358998e-07
4505 3 91537.259200492801 0.80393204286102105 1.11975517625939e-06
4506 3 93794.095508752507 0.73113067981760504 1.0466200258737299e-06
4507 3 96072.763774190302 0.51266861341715697 1.25950181357969e-06
4508 3 96180.221496845799 0.49541989833825301 1.30106736785114e-06
4509 3 91367.966065726199 0.80708109784773696 1.1749616548590401e-06
4510 3 92517.664796304904 0.78087046907093305 1.0370536211717399e-06
4511 3 95485.859486680696 0.59418214814623704 1.0772642789149299e-06
4512 3 90151.772229335795 0.82484241098337996 2.13932029999658e-06
4513 3 94523.808020083103 0.68585771947885998 1.04457702274692e-06
4514 3 92086.169556344306 0.79221216000838002 1.0445250277807299e-06
4515 3 88710.243410150593 0.83834895775156104 2.9540547940024999e-06
4516 3 95248.410031101899 0.62641309270407197 3.5545141529060199e-07
4517 3 90463.486801691994 0.82098230550963303 1.88312736946491e-06
4518 3 94917.224868949794 0.65386249810092301 9.9635686355288595e-07
4519 3 95216.827616581504 0.62461552537795395 1.0121544290907699e-06
4520 3 94435.173153586002 0.69225018420411599 1.0502784875425601e-06
4521 3 95003.931189629206 0.645620932256736 1.06272607299505e-06
4522 3 91448.609677761502 0.80560583284411003 1.14606032902686e-06
4523 3 89288.897826595901 0.83365304870970602 2.7316451388781702e-06
4524 1 104314.61019096999 5.7811236534567301e-06 3.0058544350302398e-06
4525 3 95156.127271036006 0.630700784284426 1.0663998194945799e-06
4526 1 108784.821597961 3.3757110444776601e-06 3.1993028963095901e-06
4527 3 95261.503242097999 0.61966552202568803 1.0742699711354999e-06
4528 3 95050.547296429198 0.64122375965689504 1.0476558003508501e-06
4529 3 95319.497571412197 0.61383923652993999 9.6214789990686299e-07
4530 3 92156.3832068872 0.79051813234690704 1.0352800315514999e-06
4531 3 93266.592031897395 0.75542698618639703 9.7170294840376096e-07
4532 3 90198.203687097906 0.82429621828945698 2.2249346861268401e-06
4533 3 96215.707044865499 0.48959736891333899 1.34530488062585e-06
4534 3 93231.490140420501 0.75664394565900195 1.0444172907280701e-06
4535 3 90289.735043371198 0.82319505667298098 2.2373273128447402e-06
4536 3 89680.823544243205 0.82995705371085404 2.51836942273632e-06
4537 3 89642.128891006199 0.83033870769845497 2.5552004549581601e-06
4538 3 90846.496654888106 0.81566606240943196 1.74066799885751e-06
4539 3 89448.147274739997 0.83220567303233095 2.6546961316354299e-06
4540 1 105048.339908433 5.8489670897494401e-06 2.8838796346062601e-06
4541 3 96240.914859465993 0.48502670775469597 1.5283855459745301e-06
4542 1 106657.41568003 4.2348855229132596e-06 3.15458530692918e-06
4543 3 94445.453096084806 0.69156176081773102 1.03827565095349e-06
4544 3 94827.337205866395 0.66162879956313803 1.0369861204692099e-06
4545 3 94533.2893571272 0.68592045597282403 8.8035145490928103e-07
4546 3 96195.567311220104 0.49313885252957101 1.3044244986884799e-06
4547 1 101647.89413844 8.6544741059522398e-06 2.6720325973213401e-06
4548 3 95648.682791528496 0.57380430777549696 1.0950727528705099e-06
4549 3 91320.777319480796 0.80792398112423802 1.19633291329959e-06
4550 3 97466.603350375197 0.23435174011058399 2.1936463186925999e-06
4551 1 104986.377986249 5.6041288752305802e-06 2.98149122685067e-06
4552 3 96310.932599613399 0.47294235627231102 1.68833845818352e-06
4553 3 96022.0885099101 0.52118100000362599 1.09894356269957e-06
4554 3 92194.260513844303 0.78957415559714195 1.03977366834538e-06
4555 3 89977.408181034902 0.82683987929108205 2.4996318350498599e-06
4556 3 91941.172007065703 0.79555645593677005 1.0530442599461001e-06
4557 3 95895.190852282904 0.53994832231519096 1.06734326710079e-06
4558 3 91411.470411192902 0.80629073510774596 1.15872311374175e-06
4559 1 103485.034157406 6.8084299225476803e-06 2.84201587948764e-06
4560 1 101729.591282022 8.8718726620569493e-06 2.3343592839085401e-06
4561 3 94031.522282114704 0.718537005460404 9.3395286708364397e-07
4562 3 95790.488860131707 0.55944529501615703 6.9774470035423802e-07
4563 3 88401.516215897602 0.84053601375444498 2.9752742959840301e-06
4564 3 96112.526035460396 0.50651162415891204 1.2043512852541301e-06
4565 3 92019.132674460794 0.79378983334153097 1.03320875084754e-06
4566 3 91774.162993874197 0.79917697792103504 1.07282014116647e-06
4567 3 92756.025467638407 0.77434894791202002 6.2881236370092101e-07
4568 3 94150.519347834197 0.71117064507246097 1.00698640009775e-06
4569 3 93704.142223148097 0.73567889241643103 1.04611286415097e-06
4570 3 94505.494435029294 0.68717963938737003 1.05229460581158e-06
4571 3 92511.386124213997 0.78119339950614897 9.585058905815671e-07
4572 3 93148.139179997102 0.75988693133277896 1.0444276346127599e-06
4573 3 91961.734172447002 0.79509928517867401 1.0411255955296e-06
4574 3 89440.4264319988 0.83227792009946999 2.6612796544487402e-06
4575 3 93625.875178702699 0.73947976007069605 1.04595323984647e-06
4576 3 92476.035979028806 0.78205296865991503 1.04369076226191e-06
4577 3 92164.187700219802 0.79033663715577596 1.02330236579324e-06
4578 3 89609.158876239599 0.83067229259916897 2.8054726666069701e-06
4579 3 93597.628691678794 0.74083809210737905 1.0382974713348299e-06
4580 3 90945.637706926602 0.81413996683719203 1.5693779644129299e-06
4581 3 96474.299255246602 0.44593895305187298 1.43294405203769e-06
4582 3 91678.658443682099 0.80114512185782705 1.0878183567516201e-06
4583 3 93448.551882472297 0.74759807855960703 1.04173889665982e-06
4584 3 95655.216679383506 0.57654769920417404 7.6883810358435098e-07
4585 3 95812.533468652895 0.55161291745921104 1.1238637853983799e-06
4586 3 96349.4762432641 0.46608167677215001 1.8515487069929501e-06
4587 3 95780.505695181695 0.55610045757441995 1.1102559447711799e-06
4588 3 91979.543153842897 0.79469106939874101 1.05002256770046e-06
4589 3 96430.348404282006 0.45162992894811599 1.6897349797882999e-06
4590 3 94270.187496502302 0.703575093918274 1.01491653916864e-06
4591 3 95986.323669831399 0.52611849271197697 1.1933695926302e-06
4592 3 95772.884933389098 0.55712472073438402 1.12538573367196e-06
4593 3 89770.855292016902 0.82903957200991596 2.4541785435506001e-06
4594 1 104335.076468984 5.88959345263834e-06 2.98111621713314e-06
4595 3 92999.855772447903 0.76732558621854496 2.6574643002118199e-07
4596 3 95661.7212506871 0.57234048574778695 1.02001477438008e-06
4597 3 91306.401462509195 0.808178017635236 1.22807922786756e-06
4598 3 98813.667733328504 0.026096339535989499 2.0662483766532199e-06
4599 3 94344.704057655501 0.698978855144199 9.3089871757176996e-07
4600 3 95220.023695159005 0.62526542767905702 8.8386379687031903e-07
4601 3 92007.293427113793 0.79405688769697702 1.04704748384307e-06
4602 3 96279.874497456505 0.48168007388017697 1.3034555382855699e-06
4603 3 92448.732016241396 0.78282930623513902 1.0378025695557899e-06
4604 3 95297.627976783697 0.61575555141176197 1.0738402624803599e-06
4605 3 89729.335964907805 0.829466028738015 2.4846843482474701e-06
4606 3 89832.177528839704 0.82839660383897595 2.4160225410098499e-06
4607 3 95963.969054828602 0.52950858158090297 1.1844484046930001e-06
4608 3 94692.443505752395 0.676892438556561 3.4016369999274402e-07
4609 3 91915.662889010899 0.79612475235531099 1.05521757198294e-06
4610 3 96069.738573939394 0.51319658191922202 1.2217634673035201e-06
4611 3 95576.488397302106 0.58306811832078698 1.0747378228504099e-06
4612 1 102880.184846067 7.5611488082268298e-06 2.8180539856814401e-06
4613 3 91389.164798753802 0.80669756468526999 1.16680568542608e-06
4614 3 92347.150141956896 0.78561118590507795 1.03915357499995e-06
4615 3 99715.639952341298 0.0015220503005343501 2.3667010244941298e-06
4616 3 90377.400195217793 0.822096650235007 2.07292619318164e-06
4617 3 95158.238387956299 0.63093844899199603 9.6208610960144292e-07
4618 3 92598.166258408106 0.77890601192896702 8.1214561902591404e-07
4619 1 100063.271845998 9.7175614705347896e-06 2.5607580241078598e-06
4620 3 96143.663789758604 0.50126968933331195 1.3307276309962301e-06
4621 3 90790.718388890105 0.81646205944093497 1.54990201920758e-06
4622 3 92111.864179010707 0.79164010696908205 1.0002693179944799e-06
4623 3 92964.614641851396 0.76661303576783402 1.04260673840325e-06
4624 3 96278.229371854104 0.47862772371610901 1.6163179087234299e-06
4625 3 95933.3119514344 0.53539712114796401 1.07197070049053e-06
4626 3 91717.932944420798 0.80034449246025996 1.08299638185689e-06
4627 3 95922.856900645798 0.53571928406484803 1.1310978779516001e-06
4628 3 91137.089018195504 0.81112490493749601 1.52969608915971e-06
4629 3 91518.784867766706 0.80428538946584005 1.1247047211957901e-06
4630 3 91518.964146768805 0.80428200681248396 1.1247190639180399e-06
4631 3 96221.590797530705 0.48830285295846998 1.48434769184148e-06
4632 3 92739.9242993347 0.774425488938281 8.9766853904940702e-07
4633 3 95733.168721007401 0.56278540781406095 1.03517070862269e-06
4634 3 92164.173495722498 0.79032303857341002 1.03894205937394e-06
4635 3 91003.545491357901 0.81322816171129297 1.38052496135364e-06
4636 3 93117.078041391302 0.76125361418777904 9.6616468540021509e-07
4637 3 97843.040573893406 0.156058099557673 2.24738714002196e-06
4638 3 95377.626345306795 0.60695340782435803 1.0350978635410099e-06
4639 3 93175.683770142306 0.76073502258556702 3.1305070348781498e-07
4640 3 92319.365428949095 0.78634847806374897 1.0431423059238e-06
4641 3 95292.009583442501 0.61749921282861098 8.9436507694759801e-07
4642 3 95381.299707549406 0.60645317581129599 1.06062040653521e-06
4643 3 95689.564335242103 0.56844499437081597 1.09359992473224e-06
4644 3 90335.924462450203 0.82261294845886201 1.9712601102920299e-06
4645 3 91642.357300795804 0.801874820071938 1.09473410943172e-06
4646 3 96249.045643430203 0.48402957776429401 1.3974874999483701e-06
4647 3 95809.474857220295 0.55201115246897303 1.1421664020819999e-06
4648 3 95525.467815155207 0.58938305231737698 1.0772587453277799e-06
4649 3 96115.040306482799 0.50593331961722399 1.2825351916205999e-06
4650 3 93529.837078890705 0.74395568450315097 1.04551630140587e-06
4651 3 95473.911113053895 0.59563307504196705 1.06895536982715e-06
4652 3 92958.716376016499 0.76799701792153996 4.72653205388999e-07
4653 3 88709.563298155495 0.83835458498656001 2.96940979170565e-06
4654 3 91632.481017415601 0.80207172835176399 1.1014455726818099e-06
4655 3 92227.547459252499 0.78873252121631998 1.0431585933699301e-06
4656 3 87421.773377458099 0.84632338658456396 3.1551732207919501e-06
4657 3 91876.524151953199 0.79711576407156504 1.06958463686529e-06
4658 1 107055.464310191 4.1853741744733503e-06 3.14762139694924e-06
4659 3 89635.447631541407 0.83040703115008296 2.5483457938042902e-06
4660 3 99684.770244893298 0.0015740674574755201 2.4907107823851701e-06
4661 3 93674.230591085798 0.73734733033995203 9.7878785848662599e-07
4662 3 95333.911535947496 0.61339003488354704 8.7522483609832802e-07
4663 1 107632.82595857 4.13232530428366e-06 3.04213794558761e-06
4664 3 91320.343179529795 0.80793163674259005 1.1954012381251401e-06
4665 3 90567.542814743501 0.81959970313297303 1.7858683898392899e-06
4666 3 95860.090962030401 0.54480394373188201 1.1604603501924e-06
4667 3 89653.4525780361 0.830226301213007 2.5950713137895998e-06
4668 3 97024.8869786617 0.33420573309715101 1.5883110279723999e-06
4669 3 95345.125608316899 0.61050159459610098 1.0742290644500301e-06
4670 1 100249.19996506 9.6535552241063598e-06 2.4042548967744501e-06
4671 3 96113.003519592894 0.50623910801159799 1.2976254631696201e-06
4672 3 96184.431725606002 0.49449931915363798 1.4428423873967201e-06
4673 3 89783.911691713205 0.82890430186369601 2.4445572127719101e-06
4674 3 93230.267726861493 0.75684925689994198 9.8173494982312597e-07
4675 3 92062.386119634597 0.79277529055961604 1.0438014596295e-06
4676 3 96069.201191662301 0.51319683563024598 1.28932204164741e-06
4677 3 96166.617373008296 0.49765441723292902 1.2823572826774801e-06
4678 3 93631.572234901498 0.74187461902888596 2.7995519811737301e-07
4679 3 93043.942931788697 0.76377252609065904 1.04408138357264e-06
4680 3 92791.408564726094 0.77246791094115996 1.0438756295697401e-06
4681 3 91946.733000106397 0.79543383046524496 1.0464809820756899e-06
4682 3 88891.1548915772 0.83697031573571601 2.9200894314547598e-06
4683 3 92357.118598598696 0.78568250972336195 7.5963848915645701e-07
4684 1 107730.072649939 3.9187082897958698e-06 3.1190415207868199e-06
4685 3 92916.164157390798 0.76938142100419005 4.9227814440870796e-07
4686 3 94454.289574540497 0.69099231452323695 1.02095168716709e-06
4687 3 90266.522023015394 0.82349556201971297 1.65296079360475e-06
4688 3 93130.793565677406 0.76231278860575402 3.2736960187906999e-07
4689 3 95671.236836193697 0.571060485603894 1.0281336813740301e-06
4690 3 90609.456693468805 0.81902918736638597 1.75603757473936e-06
4691 3 95438.642289170195 0.60133296113984802 8.9347664241553803e-07
4692 3 92064.072451417305 0.79277262516096803 1.01525901596812e-06
4693 3 88117.757674830704 0.84238210387798595 3.0857717051580698e-06
4694 3 93242.778517041399 0.75913241590624803 1.5136242991562099e-07
4695 3 90510.967395855201 0.82036021929434899 1.8028660176069201e-06
4696 3 94454.084660357999 0.69129805054627502 9.5046968749036695e-07
4697 3 91972.516620342896 0.79499954051112198 1.00454092897412e-06
4698 3 89205.298525366903 0.83438626069743205 2.7938060402839501e-06
4699 3 96044.180639383805 0.51714406879661001 1.2595574223643299e-06
4700 3 92359.640754349894 0.78550039329724497 8.7058914751249304e-07
4701 3 91026.197476044807 0.81286871843231601 1.38088499331089e-06
4702 3 92728.837359363504 0.77447586584264205 1.0439875188758301e-06
4703 3 95938.841674599797 0.53475319884501504 1.0897094868762399e-06
4704 3 89096.799612680406 0.83530409457143195 2.8080181984423801e-06
4705 3 90026.558972694096 0.826280744286363 2.2519720790241898e-06
4706 3 92221.658610526894 0.78888531703022802 1.03802577954207e-06
4707 3 96381.612320894594 0.46032361397122901 1.8870984535259599e-06
4708 3 92354.998578832703 0.78539753267069501 1.0435673121725699e-06
4709 1 107244.696270741 4.1556388420552602e-06 3.0979241559195501e-06
4710 3 93260.403705611403 0.75548865299746204 1.04492145141892e-06
4711 1 103125.172983289 7.3361190013924098e-06 2.7732605005265699e-06
4712 3 92561.075814986398 0.779596488342988 1.0435077975600301e-06
4713 3 92517.631085304805 0.78086273924647298 1.0436066787727199e-06
4714 3 95931.432224288103 0.53440458548324599 1.1577906785949401e-06
4715 3 88345.723903792197 0.84091170714911001 3.0180530295132398e-06
4716 3 91601.061193622794 0.80269258497403395 1.10384049709374e-06
4717 3 94685.3276721234 0.673378506209656 1.05496196034067e-06
4718 3 93049.184579794295 0.76499266750364403 4.2445929359984402e-07
4719 1 106582.99174624 4.81553698042411e-06 3.0134055767526198e-06
4720 3 96101.664395136293 0.50861566955078696 1.1753323113520199e-06
4721 3 94638.332926593503 0.67712324545911096 1.0494674745292201e-06
4722 3 91338.327945019206 0.80761218040745897 1.1875270226990599e-06
4723 3 91983.593322174798 0.79485372152383404 9.8641024471501406e-07
4724 3 92212.587735092195 0.78917151576184297 9.8525487045715098e-07
4725 3 95876.721569099507 0.54579791417801005 9.8388702206919111e-07
4726 3 94914.165866232506 0.65390698708222605 1.05794939866571e-06
4727 3 91407.898185366503 0.80635609671757302 1.1599077608347401e-06
4728 3 91977.546678148996 0.79473967236499898 1.04168372826091e-06
4729 3 97646.441636659496 0.19901467737120401 1.69564142611255e-06
4730 1 100291.199265086 9.7411567071613994e-06 2.5262656475039502e-06
4731 3 92945.439512532001 0.76887303428873899 3.1405816338680501e-07
4732 3 96386.218684109597 0.46512302478891099 8.5383821179990901e-07
4733 3 93447.094740828703 0.74765244771426298 1.0453921131085399e-06
4734 1 104751.080952513 5.8666731500890904e-06 2.8928915689686298e-06
4735 1 108544.035950879 3.4272265296551601e-06 3.2025343690533901e-06
4736 1 106892.02521277301 4.1247363696227604e-06 3.1473775528509001e-06
4737 3 98291.849741520302 0.079899038848369797 2.32784884299661e-06
4738 3 91952.645315656802 0.79529897765343505 1.0521856835116999e-06
4739 3 91282.867093963097 0.80859061961254797 1.2119644997226799e-06
4740 3 90884.6423068812 0.81513949750182801 1.7477872897903499e-06
4741 1 104078.58608719301 6.2329741138862996e-06 2.9798417055086101e-06
4742 3 95774.278484521594 0.55702149426266101 1.08273793813824e-06
4743 1 102788.86608392101 7.7382547097535002e-06 2.43577682829035e-06
4744 3 99226.737677233497 0.0067836129275751699 2.2250575368169101e-06
4745 3 92892.535451799296 0.76910243168108605 1.0442245783884401e-06
4746 3 91662.465017635099 0.80147185228946705 1.09103420989078e-06
4747 3 94857.545856597295 0.65893323405639403 1.0583269077894099e-06
4748 3 91231.669508306994 0.80947568239947199 1.2497359724862599e-06
4749 3 90722.485469758496 0.81744839788634904 1.60948985259326e-06
4750 3 96174.2781469482 0.49622710350309901 1.3811948457937099e-06
4751 3 94725.492400209507 0.67011892445132903 1.0562719028958399e-06
4752 3 88479.055030357806 0.83999550711633097 2.4361539679009001e-06
4753 3 92963.634007287401 0.76664461537303397 1.04411443880177e-06
4754 3 92523.856001595705 0.78068271766569297 1.0436603304870401e-06
4755 3 92863.804168687697 0.77007443366720296 1.0438166751029099e-06
4756 3 92318.711751520503 0.78636629845635897 1.0433862968388399e-06
4757 3 92320.744094013906 0.78631277213606299 1.04360620139099e-06
4758 3 95134.433897273499 0.632889440333821 1.06866186770759e-06
4759 3 91602.829126241704 0.80265789288953904 1.1034995736967199e-06
4760 3 95987.927880591495 0.52713412455657804 1.1148673158290401e-06
4761 3 92380.402336057305 0.78471572457915395 1.03746205434794e-06
4762 3 88579.788567070005 0.83929814410898396 2.9821100485947199e-06
4763 3 95559.487169377899 0.58513932499403698 1.09791616940664e-06
4764 3 92799.868178970399 0.77219198679460599 1.0439876698791699e-06
4765 3 97345.252110957401 0.26123170148741198 1.9233993523363499e-06
4766 3 95831.498608913898 0.55044867020112198 1.0209325979949601e-06
4767 3 92306.911132627705 0.78667813261406105 1.0433331426448599e-06
4768 3 99093.734737601306 0.010832832809162999 2.0710435860577e-06
4769 3 91237.086572440807 0.80938324915127002 1.23525591924352e-06
4770 3 95520.384262206397 0.590024986857275 1.0692489461990599e-06
4771 3 89708.513044369596 0.82967765140011296 2.5000138028506401e-06
4772 3 94565.894320561798 0.68339247616523702 8.9618768578294898e-07
4773 3 90095.676406305196 0.82549458571079903 2.1886986739754102e-06
4774 3 87427.498310032199 0.84629402577264601 3.1536294456438701e-06
4775 3 91586.591750072403 0.80297626361168895 1.10729070419394e-06
4776 3 91585.681541057798 0.80299404068983804 1.10745695163256e-06
4777 3 95143.655851069096 0.63553172523642698 5.7078989622359e-07
4778 1 103548.78533423301 6.6111404553043999e-06 2.9393120731623102e-06
4779 3 92132.850214118094 0.79109327662061901 1.0355694634216801e-06
4780 3 89970.574294290098 0.82690488347784896 2.29800351853247e-06
4781 3 95945.982493699907 0.53218452692920504 1.1979025417958499e-06
4782 3 95593.751915899396 0.58084071734183595 1.0980578471331e-06
4783 3 90842.434688447305 0.81572761210626699 1.7899279949859901e-06
4784 1 103215.678773947 6.8751626669294998e-06 2.9128454516599798e-06
4785 3 96156.347201542405 0.49974265672942397 1.2477686639656699e-06
4786 3 90050.363167399701 0.82602162135114199 2.4286082737379302e-06
4787 3 95592.769339710794 0.58122693685012405 1.0141986205273901e-06
4788 3 92875.146262471593 0.77070978348700103 4.9827255294488401e-07
4789 3 96259.300377501102 0.48188519851177403 1.57187804356388e-06
4790 3 94183.334599054593 0.70966920406349898 8.8169837637229999e-07
4791 3 92136.212845858099 0.79101943407503295 1.0246453371519199e-06
4792 3 92060.746174100903 0.79299055575003596 9.3878409063323898e-07
4793 3 94473.239684970904 0.69104641729579597 7.7323174614811496e-07
4794 3 91980.340389367106 0.79467289004182495 1.04885140772941e-06
4795 3 95407.154877152105 0.60343144010378502 1.0826180381825299e-06
4796 3 92070.449127328902 0.79261907780575602 1.0123611003878699e-06
4797 3 96175.489126116998 0.49598615575330401 1.42474615041053e-06
4798 3 95326.6821097098 0.61454098153411396 8.5321450180467497e-07
4799 3 90799.999395444305 0.81638326413442597 1.68973426588937e-06
4800 3 92384.526161034402 0.784597645168846 1.04362785951214e-06
4801 3 91532.695812738806 0.804049187414411 1.2582220700920899e-06
4802 3 92100.778272249503 0.791863466811491 1.0431202720185501e-06
4803 3 95377.633664369801 0.60681699472880501 1.08112742791212e-06
4804 3 99820.383475625495 0.00083553082083961104 2.5333206350090098e-06
4805 3 96093.740786981798 0.50932925914956395 1.27937878431827e-06
4806 3 91964.575928409802 0.79503012020365704 1.05124418742544e-06
4807 3 91850.512431212206 0.79760064372718298 1.1239786462864699e-06
4808 3 95918.807005734503 0.53627132417540202 1.1568945168243701e-06
4809 3 93346.541045251302 0.75195747562200799 1.0450153478478099e-06
4810 3 96045.9042377273 0.51717624151818198 1.1300038857395599e-06
4811 3 89988.360987780194 0.82670985950347697 2.4117446502251e-06
4812 3 90602.588676568805 0.819125193622398 1.7184517698113301e-06
4813 3 96158.787127541698 0.49874408724209202 1.3966097670966101e-06
4814 3 96133.947014480204 0.50284837668802496 1.32165488842851e-06
4815 3 95485.213700756198 0.59883811280458599 5.7029268200738697e-07
4816 3 92859.623291943601 0.77036395721373097 9.7470155173540605e-07
4817 3 91027.586432819196 0.81284716872890705 1.3632648436540401e-06
4818 3 93519.178629333299 0.74461352254000202 9.8312332118307702e-07
4819 3 95892.586512207199 0.54012383867098601 1.14949581023232e-06
4820 3 91663.758650645104 0.80144628649181704 1.0943572226757501e-06
4821 3 95243.789612257693 0.62155770861743698 1.07401373748411e-06
4822 3 91064.753293063797 0.81225161836964699 1.3388677738942001e-06
4823 3 89055.895215203695 0.83564643493480095 2.8582663424525899e-06
4824 3 90485.137337661494 0.82069845961084598 1.8598629135735499e-06
4825 3 91690.7363880021 0.80090020264548001 1.0882887797770899e-06
4826 3 95811.976110919393 0.55171127000924003 1.1130823177862599e-06
4827 3 95780.098833473006 0.55794646627400102 1.00354403302002e-06
4828 3 95811.903127251993 0.55166659258890904 1.14488043034627e-06
4829 3 94877.913757898496 0.65901640908007997 7.8322140549470304e-07
4830 3 95626.1149874681 0.57669305891240796 1.1079754397119699e-06
4831 3 88608.231675219096 0.83909480635858003 2.9887390568963202e-06
4832 3 93124.201750039807 0.76096017298709595 9.7611841938843392e-07
4833 3 92115.062622238605 0.79183343094925196 8.8491543746341096e-07
4834 1 106310.73668806 4.34371766977755e-06 3.1477100808449201e-06
4835 3 95840.964827745294 0.54758812744687702 1.12851402742233e-06
4836 1 104442.53158503 5.7944672239739197e-06 3.0175654281138701e-06
4837 1 108085.192335596 3.6746476753342199e-06 3.18593596890781e-06
4838 3 94656.969485356705 0.67564218106492002 1.0536006176587699e-06
4839 3 90396.120162618099 0.82185058731594895 1.94460923029473e-06
4840 3 92038.800050938502 0.79333320689662101 1.03259508948481e-06
4841 3 92266.742243716901 0.78780447554594402 9.7947129057141196e-07
4842 3 95641.746567789305 0.57472375289978195 1.08641106427018e-06
4843 3 95118.369703443197 0.634504382133664 1.06714275085516e-06
4844 3 93072.201255887005 0.76273611142975195 1.0445332172811701e-06
4845 3 91433.6814515929 0.80588227843446103 1.15128578247446e-06
4846 3 95618.669166418505 0.579365198635444 9.3494608474120902e-07
4847 3 91156.447716528201 0.81074757808442699 1.28199474749003e-06
4848 3 92656.878062258897 0.77698571993416199 9.0745191913019803e-07
4849 3 97724.773670370298 0.17998986591344601 1.9810273089966301e-06
4850 3 93158.209908941499 0.759501239813689 1.0445982034625e-06
4851 3 96054.3524251036 0.51559100963200999 1.23101877117981e-06
4852 3 95672.021418530305 0.57077625315331604 1.08652753840132e-06
4853 3 89823.923580741699 0.828490286329292 2.66377444758993e-06
4854 3 94490.838735517696 0.68826425946483605 1.0481939528635499e-06
4855 1 102730.431379357 8.1455545462502801e-06 2.3688679937816201e-06
4856 3 97073.293091176296 0.32101636595117899 1.8578451149375401e-06
4857 1 104350.749477413 5.9039268962018002e-06 3.0199254322183401e-06
4858 3 96228.214843378999 0.48720170239009403 1.4812744717802501e-06
4859 3 92699.889990948897 0.77538668936567001 1.0436215030852501e-06
4860 3 96437.054068513899 0.45031977209471702 1.76184157129891e-06
4861 3 91070.477211782898 0.81215858436844701 1.3494205116783399e-06
4862 3 91303.181124131501 0.80823382350023198 1.2144020357990401e-06
4863 3 95150.172056022595 0.63131484638758495 1.0635830754861501e-06
4864 3 96109.064416047302 0.50710499241433604 1.19291234354059e-06
4865 3 91615.265088829503 0.80241271293305805 1.10062071589016e-06
4866 3 96515.101532434506 0.438747490012734 1.4555984690201e-06
4867 3 91267.544952257798 0.80885670745219695 1.2305963534353399e-06
4868 3 92884.966628194306 0.76992291835827897 8.0129795420411805e-07
4869 3 91816.5826233017 0.798278897874938 1.06566769264577e-06
4870 3 93298.068118285999 0.75725660178601994 1.2815146181137699e-07
4871 3 95496.459121522596 0.59291275535417998 1.0746623167585999e-06
4872 3 91953.994904452804 0.79526869346264795 1.0509235093492101e-06
4873 3 97127.4321264506 0.30888346005800399 2.1159370353659501e-06
4874 3 92691.175098393302 0.77566059386885899 1.0421930507356099e-06
4875 1 103980.12784639301 6.1197582526476101e-06 2.9650893278768402e-06
4876 1 108571.911731746 3.55252903211986e-06 3.20265614525049e-06
4877 3 96283.641390684599 0.47771079172092801 1.6073920111612799e-06
4878 3 91485.615611133398 0.80491405639774505 1.13473030872303e-06
4879 3 91915.882954168104 0.796119734582317 1.05439769252072e-06
4880 3 90304.923745326203 0.82299858101253798 1.9962350330550601e-06
4881 3 96157.243605295007 0.4990269625714 1.36540569646007e-06
4882 3 99559.435442078495 0.0026091458737711099 2.4448900452593601e-06
4883 3 91077.526798627805 0.81204767643050102 1.4016499875067701e-06
4884 3 92291.129055845493 0.78738008194723497 7.9967620080958605e-07
4885 1 107972.355584395 3.6796317069906901e-06 3.1921457386398199e-06
4886 3 96381.663977320597 0.46031907244407799 1.87608169621595e-06
4887 3 96086.101544284902 0.51671691571281997 5.9543327150096497e-07
4888 1 108886.98596838101 3.3835812746888802e-06 3.2125594162511801e-06
4889 3 90229.492101853204 0.82392489779706901 2.2772230585999602e-06
4890 3 92086.825864092505 0.79219680895994604 1.0433768946002701e-06
4891 3 91171.606519486595 0.81049429785543703 1.2716099157193001e-06
4892 3 92203.705122339801 0.78948264780499799 9.3314276813241702e-07
4893 3 91616.209970394906 0.80239404361900502 1.1004511519851599e-06
4894 3 95600.758400530103 0.57996456312196198 1.0930456487673599e-06
4895 3 95729.058619632997 0.56481563231593102 9.75437848713792e-07
4896 3 87851.930898046296 0.84397858521461999 3.1127388283737e-06
4897 3 96022.660782110397 0.52187002491838097 1.1540523331351101e-06
4898 3 91432.4305869909 0.80590539464185196 1.1515277734721399e-06
4899 3 89444.226852915905 0.83224075815004295 2.8789151165485702e-06
4900 3 96850.319737721496 0.36871794968712901 1.81764410463262e-06
4901 3 91850.369969774198 0.79755414004506897 1.0599095933409699e-06
4902 3 89423.063983679007 0.83243540984690401 2.6938036158947099e-06
4903 3 87816.968663477106 0.84417985146304897 3.1216268744206799e-06
4904 3 91053.099183022103 0.81243924967910197 1.3456398214482901e-06
4905 3 92551.846364236306 0.78011367594332504 9.07489540356685e-07
4906 3 91412.780242711597 0.80626669768090098 1.15843272985898e-06
4907 3 94567.110979130201 0.68261347022781704 1.0465025085997e-06
4908 3 94752.914777860802 0.66785743912378104 1.05658116715897e-06
4909 3 92060.656198941695 0.79282309387535099 1.0293378382902101e-06
4910 3 93472.224663463901 0.75061696131306299 8.5330459508054697e-08
4911 3 91975.512025089003 0.794782494840653 1.0505090459679399e-06
4912 3 91212.108468128106 0.80980998232911405 1.2516828859923401e-06
4913 3 95147.003527032997 0.63162131305246605 1.0684117345913201e-06
4914 3 92422.977159707298 0.783980284986596 6.9363274938816896e-07
4915 3 95705.0139228193 0.56633457138355503 1.1210964885614701e-06
4916 3 95110.363719945497 0.63530185208566303 1.06738433878503e-06
4917 3 91862.163824492905 0.79729856316557501 1.05846698126435e-06
4918 3 92635.187134157997 0.778419167281862 4.58857300678357e-07
4919 3 96046.080832018095 0.52009014807311504 1.15864454487301e-06
4920 1 108076.523672084 3.6272942969085001e-06 3.1935580134768502e-06
4921 3 92589.345621792207 0.77875953831511302 1.0438162016145199e-06
4922 3 89265.820254589606 0.83385878510213596 2.7651851736991602e-06
4923 3 93187.267275076796 0.76041131721423905 2.82608757107323e-07
4924 3 92258.8525152035 0.78793158540269803 1.04336476928915e-06
4925 3 91653.493168386805 0.80165194947799501 1.09329067051618e-06
4926 3 92973.392489209597 0.76630084431848799 1.0442595138883901e-06
4927 3 91207.847960339597 0.80988247103001498 1.2524710649299699e-06
4928 3 92452.363675322806 0.78272079920892201 1.0434714004049699e-06
4929 3 96154.751717206105 0.49944742903244199 1.35079589294122e-06
4930 3 91196.676179197297 0.81007215145233602 1.2561677531514901e-06
4931 3 93285.304007867002 0.75723202946831103 1.88125161431863e-07
4932 3 90097.287275244002 0.82547574564312298 2.18876255125773e-06
4933 3 93405.742479495093 0.75204651162966696 2.38338546013477e-07
4934 1 108548.21634701701 3.4885177053579802e-06 3.2023748463781901e-06
4935 1 105142.69794657 5.2578171414753101e-06 3.0632404135238201e-06
4936 3 91503.897230244693 0.80456867044776503 1.12965280756074e-06
4937 3 92234.437634069007 0.78861973309280298 9.8674362882379405e-07
4938 3 91712.769686111205 0.80045618584162004 1.0978139822252699e-06
4939 3 91015.692046610595 0.81303609607718996 1.37281537735665e-06
4940 3 90724.268108078206 0.81744331751785204 1.88185687143299e-06
4941 3 93074.809261055998 0.76492664805815802 2.1690971875041e-07
4942 3 95907.463018771901 0.53932129253704397 1.06067177906539e-06
4943 3 92639.003071160507 0.77726450209475295 1.04370630402048e-06
4944 3 95602.446052283602 0.579784656042862 1.0777231652614301e-06
4945 3 91142.375584333698 0.81098477677046599 1.3656024537094699e-06
4946 3 95743.432910641597 0.561148931345681 1.12779886289449e-06
4947 3 92647.077799737002 0.77701822670044196 1.0437885005941501e-06
4948 3 97548.908403145295 0.216598407630264 2.1540355611591598e-06
4949 3 94442.816001482002 0.69172462782113897 1.0455904733955901e-06
4950 3 92177.893307524195 0.78999670196154403 1.02436033179146e-06
4951 3 88850.040098444006 0.83728618081588901 2.9069504669326798e-06
4952 3 92136.757091951702 0.79105321556258701 9.8976351713235709e-07
4953 3 90606.631417117605 0.81906902016220196 1.7237491927669299e-06
4954 3 96176.864684631495 0.49578777305192101 1.3969033219688799e-06
4955 3 88229.388566838097 0.841674629233782 3.0672416685376902e-06
4956 3 91455.529832177301 0.80550458436678596 1.31409545980986e-06
4957 3 90712.841389211593 0.81758539223901305 1.6267434702975499e-06
4958 3 96146.976823931196 0.500673978734405 1.38715178718714e-06
4959 3 91630.678777133304 0.80210730362891802 1.09721646126216e-06
4960 3 91684.570990938504 0.80102546265135399 1.0864032877523999e-06
4961 3 92116.540979151294 0.79148439617518096 1.04238581145296e-06
4962 3 92488.957770319699 0.782210020543463 6.4348464899489702e-07
4963 3 88799.437665309 0.837679074926589 2.9492115217088601e-06
4964 3 91140.183360358395 0.81102608983251001 1.4192839522711801e-06
4965 3 89931.787272160203 0.82733302842330902 2.5026983454035498e-06
4966 1 102811.673389527 7.5278518479567702e-06 2.81585091909782e-06
4967 3 89473.337253909005 0.83197227543316599 2.6526905109078399e-06
4968 3 91253.034890267401 0.80910862010413998 1.2285126010008699e-06
4969 1 101952.545372111 8.5816268004230692e-06 2.6814529108423498e-06
4970 3 91831.068156287001 0.79796902588060703 1.0638215492478399e-06
4971 3 90511.354034212796 0.82035513058605003 1.8022622356010999e-06
4972 3 92255.7667216306 0.78818671521750405 9.0666879895210901e-07
4973 3 92860.384180302193 0.77019209902331798 1.0421727891306301e-06
4974 3 99765.450605077698 0.00126842660599898 2.4293021938294299e-06
4975 3 91788.846684317497 0.79886770690600994 1.06967823735841e-06
4976 1 106931.94155885999 4.1402222119668898e-06 3.1599120164691499e-06
4977 3 95244.695781339906 0.62152565869012499 1.05217964235001e-06
4978 3 96319.9619364932 0.47137907117015099 1.6833930594338901e-06
4979 3 96401.189930311593 0.456780241483075 1.8979993035998101e-06
4980 3 95201.970922893306 0.62602824049490602 1.05041407031618e-06
4981 3 91602.305764812205 0.80266830865509398 1.10435867093862e-06
4982 3 91599.537525760403 0.80272290587633899 1.1063396984320699e-06
4983 3 92203.811179746001 0.78934468933161095 1.0301677424250401e-06
4984 1 103628.989944153 6.3707208129193496e-06 2.9623537238186999e-06
4985 3 95238.917439907804 0.62207922921240999 1.07284199268678e-06
4986 3 91987.659069272704 0.79450850567071596 1.0420722934516201e-06
4987 3 92384.998132818393 0.78464261572925298 1.00476691498521e-06
4988 3 95949.689150082995 0.53166143791143095 1.1758215948701999e-06
4989 1 105381.59467803501 5.4042854701798099e-06 3.0074000160649198e-06
4990 3 96194.759622727594 0.49280979487763099 1.4289032605628701e-06
4991 3 99176.878397153996 0.0076889108687849097 2.4341744313327802e-06
4992 3 88925.9698879731 0.83669519341856802 2.8907499942377101e-06
4993 3 92770.491647171599 0.77372488406533602 7.7195181195179904e-07
4994 3 91756.348142106101 0.79954945385547804 1.0743561595932099e-06
4995 3 91938.512756016105 0.79562542629949096 1.04315099004925e-06
4996 3 92833.968871286299 0.77170527917736298 7.6076825687280999e-07
4997 3 96306.388920380297 0.473692381641238 1.7456080238182599e-06
4998 1 102418.91670843 7.9656103000099807e-06 2.7508595120168601e-06
4999 3 95706.403136797395 0.56637555986148302 1.0355041612412501e-06
5000 3 95651.4515224239 0.57347103053890702 1.0836388094312001e-06
5001 3 98968.864695296797 0.0159591729912473 2.4043797413011701e-06
5002 3 99368.080682292406 0.0046059672716545199 2.4547603988458601e-06
5003 3 91736.851287917598 0.79995439896100196 1.07739534732092e-06
5004 1 104288.39662077901 5.9283862402592801e-06 3.0025206316627699e-06
5005 3 91044.338711958597 0.81257980412583897 1.3509966979920601e-06
5006 3 95848.903454583895 0.54640991446822795 1.1572900271905501e-06
5007 3 90420.984621834999 0.82153298039484901 1.9232458249012099e-06
5008 3 94623.2913913253 0.67869065648444005 9.5315673650084996e-07
5009 3 92362.441044779902 0.78519669464734698 1.04347479477069e-06
5010 3 98781.023132725502 0.027585974949742 2.3896236871033402e-06
5011 3 99609.668141905306 0.0023470889554589799 2.5111014540521899e-06
5012 3 95823.261197689295 0.55010584115537697 1.1225140467652701e-06
5013 3 96293.854650157504 0.475944991353211 1.62543605660481e-06
5014 3 96303.712600970699 0.47456794036179101 1.4827957328899701e-06
5015 3 94726.955941562599 0.67000152181366202 1.0556336463643099e-06
5016 3 95611.816669339605 0.57852728426099698 1.10641126669373e-06
5017 3 93540.978607631696 0.74347116779225997 1.0365425962356e-06
5018 3 95287.704195621205 0.62031708690120901 6.2870754688099597e-07
5019 1 107760.927962043 3.7639660616415799e-06 3.1737209961824599e-06
5020 3 94760.790141854304 0.66993349250881995 5.9436113760025798e-07
5021 3 98360.228261120894 0.070544142519643693 2.3353857911757902e-06
5022 3 95363.479335293698 0.60895566986515204 9.5918520722806498e-07
5023 3 95405.060693372405 0.60543855778266198 8.8173822464311995e-07
5024 3 95680.172960872602 0.56968050065882003 1.0961372669188201e-06
5025 3 92204.990952990396 0.78935751545495503 9.8969512591941999e-07
5026 3 94975.384113548003 0.64829432325929304 1.0620941753888001e-06
5027 3 90332.971553558396 0.82264739479392301 2.0207326568623599e-06
5028 1 108400.48724042 3.5994380397915898e-06 3.19417766349395e-06
5029 1 108161.823553113 3.67001566574937e-06 3.1896248111092899e-06
5030 3 88617.225878212907 0.83903004342480603 2.9892193294113499e-06
5031 3 96078.999943894407 0.51169514259436 1.25260023412727e-06
5032 1 108268.22123321 3.5887811236466399e-06 3.1859866234427e-06
5033 3 93147.117646932602 0.75992940455434499 1.04285014069044e-06
5034 3 96277.764288695398 0.48154392079251801 1.3771120266396099e-06
5035 3 94131.136824935107 0.712558571739627 9.5276920206781895e-07
5036 3 91073.049696419199 0.81211748169408604 1.33414350097112e-06
5037 3 91297.121416117705 0.80834111200871595 1.20708801295071e-06
5038 1 107299.97125787901 4.4568170176901604e-06 3.0326530254848302e-06
5039 3 95256.375065770699 0.62043553615209801 1.0099559082162299e-06
5040 3 96087.985171072301 0.510506938726908 1.1686321923186301e-06
5041 3 95574.191761617607 0.58330883484526097 1.0953913081603401e-06
5042 3 95343.011318316203 0.61074791582516497 1.0708203486173101e-06
5043 3 89535.057675002899 0.83139012037358195 2.8623331232818999e-06
5044 3 89931.607854713904 0.827332054532257 2.33335144931577e-06
5045 3 92212.857842527301 0.78912466574982498 1.02318063836091e-06
5046 3 91448.266235930205 0.80561220965191904 1.1460578883919701e-06
5047 3 96070.065810529602 0.51334012769755799 1.1541131807732901e-06
5048 3 91631.325933343905 0.80209450071808797 1.0971209570326399e-06
5049 3 90148.661954598603 0.82487860645979405 2.1446145144094402e-06
5050 3 96211.528033821902 0.49000171179559598 1.4616093109602201e-06
5051 3 92020.724800508004 0.79375123407745096 1.03626241009992e-06
5052 3 95561.079462806098 0.58653226138398495 9.2008928448431499e-07
5053 3 90087.021169966407 0.82559372678053999 2.1982636914502699e-06
5054 3 91797.918406930301 0.79872285057889802 1.1511276169839199e-06
5055 3 94439.985625866902 0.69190734751057303 1.05083065333141e-06
5056 3 95972.008365540998 0.52829791217977595 1.1847892451595401e-06
5057 3 87785.139812717607 0.844361296119578 3.1235398456510099e-06
5058 3 90966.279515590693 0.81381235380721995 1.40955478201384e-06
5059 3 88784.522849354893 0.83779215751542002 2.9458117441646802e-06
5060 1 108351.555385117 3.4981206932209202e-06 3.1969831576406498e-06
5061 3 94062.403707906793 0.71643556375689799 1.01572208769555e-06
5062 3 95876.251995976898 0.54250467866396501 1.14283330585916e-06
5063 3 95945.88615885 0.53224144620513003 1.1672287198857399e-06
5064 1 107967.115502291 3.69177370466681e-06 3.17947719067482e-06
5065 3 95733.849177370095 0.56253820096455398 1.0850093401198799e-06
5066 1 102551.397313769 7.9184643680201103e-06 2.5375307003716601e-06
5067 3 91981.043404322802 0.79465819337045995 1.0441538976501899e-06
5068 3 96229.9553635458 0.48689345946324097 1.49924719826859e-06
5069 3 92162.798763221101 0.79036775867321596 1.02699636184011e-06
5070 3 92287.499362187402 0.78719074340749595 1.03824670428728e-06
5071 3 96121.563317440203 0.50486310484869301 1.3031857062870001e-06
5072 3 97295.662580777207 0.277558540583215 1.1777079934947899e-06
5073 3 91856.288435586495 0.797441688046302 1.0702571827109701e-06
5074 3 95902.837777060398 0.53862820865536498 1.1493384908834799e-06
5075 3 92141.369663563702 0.79093674407722103 9.9004359961858596e-07
5076 3 94358.650213428904 0.69797649078546897 9.4323804562449703e-07
5077 1 106519.43592063901 4.47782128791525e-06 3.1231227917164099e-06
5078 3 90316.520621968899 0.82286815124467705 2.15995802019333e-06
5079 3 91844.432494737906 0.79768228330726398 1.0608562740290499e-06
5080 3 88627.879777317299 0.83895082594904802 2.9351120946052899e-06
5081 1 108599.48449786899 3.4600454429530499e-06 3.2079590358129498e-06
5082 3 96291.7243893946 0.47633064717413098 1.6036422475069101e-06
5083 3 90386.875591754098 0.82197060275475098 1.9273256437043e-06
5084 3 96276.521583578302 0.47927420244172098 1.44588512512691e-06
5085 3 96165.454640028503 0.49769071595749798 1.36360130395788e-06
5086 1 103122.53774868201 7.8682230956372804e-06 2.4103131770434599e-06
5087 3 95180.894442979494 0.62816972593819698 1.0649922329043601e-06
5088 3 91045.258424070504 0.81256507605745898 1.3504769925327901e-06
5089 3 91000.222068271498 0.81328305490522101 1.45902512361733e-06
5090 3 94683.629977999997 0.67352822426260905 1.05104364191431e-06
5091 3 96081.467090054299 0.51129135612557897 1.2645276640082301e-06
5092 3 96152.121768324796 0.49983703973417798 1.3877859242703899e-06
5093 3 90467.425020751907 0.82094703271482405 2.0334772675637499e-06
5094 3 91902.781635488805 0.79641023745689299 1.0530436546873999e-06
5095 3 92036.495748646295 0.79338132350917001 1.0449931506146999e-06
5096 3 95489.269370291295 0.59380033216852302 1.0662380480793299e-06
5097 1 106845.960412033 4.3247117665286197e-06 3.1346688155396501e-06
5098 3 96249.638655856295 0.48354371653858702 1.5456129291422999e-06
5099 3 92282.022514776807 0.78733102622113005 1.0435939021524301e-06
5100 3 88931.9753615472 0.83664609079886498 2.8607183742826599e-06
5101 3 93056.473126296201 0.76548997203995806 2.3553567909850199e-07
5102 1 100251.455994612 9.8147930351665706e-06 2.3535184497088898e-06
5103 3 91943.279703087203 0.795510333222748 1.04819873583708e-06
5104 3 91928.9296945838 0.79582987514613002 1.05309139792132e-06
5105 3 95846.924264223402 0.54813368423832398 1.02447290273746e-06
5106 3 90360.652985274093 0.82230261124297399 1.9498441180592001e-06
5107 1 103325.326672736 6.8342358852559896e-06 2.9081388954254502e-06
5108 3 93319.691630880596 0.75307815893858598 1.04299109153978e-06
5109 3 96101.160838825599 0.50814714773276903 1.28307155970312e-06
5110 3 93047.484868256404 0.76364693923385796 1.0424138881494401e-06
5111 3 91055.324440673096 0.81240337945739804 1.3468401681613699e-06
5112 3 92014.311562429895 0.79390046822735905 1.03486585190545e-06
5113 3 96267.134148504498 0.480545284851566 1.58762659571869e-06
5114 3 93362.483855016399 0.754961239743696 1.0928111833612101e-07
5115 3 89775.872466269604 0.82898928826009899 2.3137402497271199e-06
5116 3 99394.856334640805 0.0043728907285478904 2.4017466342116102e-06
5117 3 92107.016059297006 0.79175947771590605 1.0006829097164399e-06
5118 3 89631.933245010005 0.83044348981862204 2.5555910716886899e-06
5119 3 95956.899832206997 0.53360078496604302 1.1160537039267501e-06
5120 3 90688.248007930495 0.81795829621431604 1.9111412515185498e-06
5121 3 95598.508735535797 0.58540105954654698 5.3706929343852103e-07
5122 3 92151.427518440003 0.79064362609363803 1.03092339969717e-06
5123 3 92276.891433519893 0.78746455842251495 1.04347110930724e-06
5124 3 91260.968842701899 0.80906908441164804 1.4539725875133599e-06
5125 3 94889.1681723988 0.65620553493561595 1.039673678079e-06
5126 3 91654.646818843001 0.80162877933127397 1.0928849643883901e-06
5127 3 91463.232292266301 0.80535338143892299 1.2875742247603801e-06
5128 3 94977.241738791097 0.64812008193903403 1.06258918340558e-06
5129 3 90661.899123628406 0.81830391407012104 1.6721096680834901e-06
5130 3 92467.464573421094 0.78235942316118101 1.0046368995682901e-06
5131 3 90246.541907878607 0.82371251921637301 2.0532455020990099e-06
5132 3 95657.961737154706 0.57260090521170603 1.09278489057877e-06
5133 3 90383.764737090503 0.822007947224344 1.95636474531466e-06
5134 3 88877.064187040698 0.83707796456343897 2.8745426415682199e-06
5135 3 94654.709726973699 0.67581899308277504 1.0541273022415e-06
5136 3 90196.766268625797 0.82431034703555905 2.0998612853020698e-06
5137 3 89892.901034067007 0.82775122862544204 2.3645791818814e-06
5138 3 90720.676836308194 0.81747432682241195 1.6114834741447299e-06
5139 3 94704.170034458002 0.67230765717626795 9.4791544287468695e-07
5140 3 92182.298674841804 0.78993951158772802 9.7824482312482606e-07
5141 3 90286.025887460899 0.82323087288086205 2.0176521459739499e-06
5142 3 93084.503894433699 0.76378457858640103 4.1136203410353301e-07
5143 3 95877.418218768595 0.54235310790013602 1.13351876323076e-06
5144 3 91501.688010687198 0.80461038588994604 1.1341124016461001e-06
5145 3 91907.037576614297 0.79632320307955096 1.0492974397908399e-06
5146 3 96151.291734298298 0.50004038900910297 1.3262180273242899e-06
5147 3 90783.3253758879 0.81659080889631197 1.8147162146062301e-06
5148 3 90149.763400638694 0.82487389113925702 2.29470745273207e-06
5149 3 96060.345647183203 0.51741794503514305 1.2444742694351501e-06
5150 3 95576.6707617434 0.58300621051063795 1.09200689444798e-06
5151 3 91879.491291487706 0.79692230540152598 1.05542307120146e-06
5152 3 95901.801203811599 0.53882575076324102 1.12381937099031e-06
5153 3 93491.7941074587 0.74567935866505597 1.0431932944471299e-06
5154 3 95860.160471916097 0.54488736574962304 1.108708145037e-06
5155 3 90330.751521697006 0.82267795028344903 1.9728587298575699e-06
5156 3 91999.100546341506 0.79424647931314096 1.0417902903577499e-06
5157 3 90196.833248846699 0.824309633849034 2.0991415566693198e-06
5158 3 92616.091069920294 0.77835027176100202 8.3507760352291401e-07
5159 3 90653.430045689194 0.818439804466218 1.8820203798052701e-06
5160 3 95313.908804823703 0.61787686507539996 5.8593994262542596e-07
5161 3 91745.706368058702 0.79981688696227204 1.18679506052576e-06
5162 3 92181.170086245897 0.78991146984194405 1.02914682442886e-06
5163 3 93399.509029478198 0.749738591235519 1.0358766692159001e-06
5164 3 90333.289993484403 0.82265491840070304 2.1277042780732701e-06
5165 3 89270.339353541494 0.833817255402028 2.7433048798057101e-06
5166 3 95066.659502999304 0.64006481260353598 9.5895067102862902e-07
5167 3 89893.180945088898 0.82775705084440498 2.5447527674811698e-06
5168 1 101201.82568866501 9.0911937153000196e-06 2.4419025626830601e-06
5169 3 91353.9790635893 0.80742327661870195 1.3714082278893399e-06
5170 3 95955.221937241993 0.530798084204538 1.2021871024761701e-06
5171 3 91635.751729183597 0.80200635714181401 1.0968212298895001e-06
5172 3 92134.054391677695 0.79107341719230095 1.0226626332844401e-06
5173 3 91008.992984480297 0.81318144567246897 1.65894809080761e-06
5174 3 97448.143137144201 0.238385279537114 2.17440243686809e-06
5175 3 87571.017686404506 0.84554114230930999 3.1392577942056399e-06
5176 3 89411.712795247993 0.83255162343741196 2.8990840408278799e-06
5177 1 100328.532359408 9.5414438157945305e-06 2.4110152431505798e-06
5178 3 91467.983975948606 0.80524480543418198 1.13982889733264e-06
5179 3 94458.163040173793 0.690647110694105 1.04063026892194e-06
5180 1 100050.946918574 9.8412037913623097e-06 2.5109080186383999e-06
5181 3 94493.800303583193 0.68803613261623997 1.05175917946621e-06
5182 3 93088.161162654505 0.76382106305352304 3.2773532862817201e-07
5183 1 106710.075495051 4.7514489257913002e-06 2.99845519283241e-06
5184 3 90373.948916612397 0.82214615553168102 1.9850776516079801e-06
5185 3 89686.156559890704 0.82990656666303897 2.74641291654039e-06
5186 3 95563.719859339501 0.58460861497817795 1.09966034116732e-06
5187 3 92050.875293184799 0.793045647732741 1.0440813892794599e-06
5188 3 91747.946608775601 0.79972989586334897 1.0872542031008299e-06
5189 3 90874.203125460102 0.81526336751667206 1.7587766719563099e-06
5190 3 95870.220709003799 0.54344974493620102 1.1054223046278399e-06
5191 3 92252.730803611004 0.78809078988276204 1.0391192813263299e-06
5192 1 100841.07109165 9.2633533509187907e-06 2.4364285695705202e-06
5193 3 91878.416523054402 0.79695214193080299 1.0550298820878001e-06
5194 1 102405.568280408 7.9902460292478403e-06 2.7701547339859e-06
5195 3 90262.259231278003 0.82352146804412396 2.0398163200989202e-06
5196 3 91964.0749719257 0.79504329000367102 1.0448948056543e-06
5197 3 92279.673039551999 0.787439320603745 1.0049795012368399e-06
5198 3 90293.549798448497 0.82313539568452598 2.0412066186045e-06
5199 1 108488.87989296 3.5131431052647798e-06 3.1916206484450099e-06
5200 1 107873.344682814 3.7365166886931098e-06 3.1807683974254699e-06
5201 3 93038.419633622194 0.76397800551626704 1.04184058168949e-06
5202 3 91906.698727973897 0.79632289453899896 1.05495698140492e-06
5203 3 92011.067412137403 0.79397001853520799 1.0464123360138701e-06
5204 3 93213.125429440697 0.75737340002831399 1.04257729858623e-06
5205 3 91923.573499883103 0.79595014615024995 1.0502315330274799e-06
5206 3 97793.870171361094 0.165746496526673 2.2305748184349601e-06
5207 3 92221.997865729194 0.78887576936639303 1.0390474153001401e-06
5208 3 92321.296557024601 0.78635533184250905 1.00126084871113e-06
5209 3 91890.506724246807 0.79667947415830798 1.05691578086188e-06
5210 3 94352.2567631743 0.698355098560833 9.5538347561930801e-07
5211 3 90516.554975217499 0.82029767446179003 1.96890486245723e-06
5212 3 95155.609005641294 0.63074462040839196 1.0693674960943501e-06
5213 3 95832.143359388196 0.55177257598896201 1.0099517169143899e-06
5214 3 89982.387774709205 0.82678668346944995 2.46180397376185e-06
5215 3 94496.162288549807 0.68787970274422205 1.0471696104170699e-06
5216 3 91178.101401906897 0.81038496039011698 1.27065485105888e-06
5217 3 95746.916857632896 0.56096542842601105 1.02614397904131e-06
5218 3 93380.467413009203 0.75053361821403397 1.04268164294854e-06
5219 3 97310.676186794604 0.26857460018454499 2.12383868919234e-06
5220 3 94201.307449190397 0.70797647418822496 1.0176552668213e-06
5221 3 94043.815222066798 0.71777576836757295 9.4591684423775402e-07
5222 3 97274.148479209805 0.27661116494058402 2.13717949787052e-06
5223 3 88647.582248806095 0.83880972709650903 2.9733436315642899e-06
5224 3 95435.631027544106 0.60011449070303102 1.08580690982163e-06
5225 3 90498.179470818694 0.82057485039052402 1.76854001035754e-06
5226 3 91620.859299678705 0.80230224962551699 1.1001216704921999e-06
5227 3 92051.950733178397 0.79302862515530503 1.0287327532119301e-06
5228 3 91786.605845424303 0.79892202681433899 1.0783717838365e-06
5229 3 88607.632603353806 0.83909843997101097 2.9692193279408501e-06
5230 3 89737.258396835707 0.82938264035048703 2.48537593608966e-06
5231 3 90065.376897227907 0.82584088900549102 2.22044050168237e-06
5232 3 92835.9988865341 0.77100655428579201 1.0416508240108499e-06
5233 1 99888.352808826807 9.9060034674663904e-06 2.5002652364429801e-06
5234 3 94161.735100758495 0.71046642994415599 1.0111428632073201e-06
5235 3 92310.2322297684 0.78665140428501601 9.9798016812023809e-07
5236 3 92292.371609932205 0.78706045185839302 1.0434858290403399e-06
5237 3 96072.157855852594 0.51334433725597095 1.14484080539562e-06
5238 3 89123.364756058596 0.83508454016315803 2.8305880200508002e-06
5239 3 98936.2857412577 0.018319043699626301 2.0747622440173399e-06
5240 3 92368.690601261595 0.78508975696848204 1.0013785712205e-06
5241 3 95233.960325260501 0.62284920940650101 1.0038554912215701e-06
5242 3 94548.3581171939 0.68402122969279999 1.0475956411097599e-06
5243 3 89881.204064613994 0.82787719450438901 2.37139024337135e-06
5244 3 95851.627695975694 0.54606890443062395 1.1284176102824601e-06
5245 3 90072.4327539722 0.82578173455380899 1.8602623089337601e-06
5246 3 95952.285196101002 0.53124246026542099 1.1983397801619799e-06
5247 3 90592.967299023207 0.81927300990983598 1.96297970305398e-06
5248 3 88329.754374235097 0.84101817577337201 3.0316550363539599e-06
5249 3 92025.087143465702 0.79364632858401796 1.0454003496508001e-06
5250 3 91923.767760448201 0.79594629456924404 1.04961762523991e-06
5251 1 104280.639770305 5.8544604860680799e-06 2.9964773924188499e-06
5252 3 91178.276554720505 0.81038205346754999 1.2698548424153199e-06
5253 3 96307.690389382406 0.47352306256096899 1.66290046481384e-06
5254 3 91203.534346471395 0.809955718365586 1.25519826260087e-06
5255 3 91904.8433605631 0.79636396258598396 1.0553646687240599e-06
5256 1 107052.536613146 4.6358773463790597e-06 3.0337503947480499e-06
5257 3 87986.558419849302 0.84318509141276599 3.1003333904229498e-06
5258 3 96427.878773981007 0.45203458389811901 1.72871927736126e-06
5259 3 90443.246596816098 0.8212625354516 2.0884925246239799e-06
5260 3 96080.329651273307 0.51176636372553097 1.1558763277369e-06
5261 3 95416.416351893902 0.60235609101862497 1.08421223164885e-06
5262 3 89113.736866602107 0.83516078697312801 2.8450188286789702e-06
5263 3 91961.714526295793 0.79509619767790396 1.0458421732720401e-06
5264 1 102032.96068298499 8.5767874070025194e-06 2.6802414084232501e-06
5265 3 91621.482723657493 0.80229009456780298 1.1009586146931901e-06
5266 3 91053.235257150998 0.81243695926855597 1.3475987167628e-06
5267 3 97599.435649204097 0.205802183609298 2.1989889388524001e-06
5268 3 89424.156463530104 0.83242642187690796 2.7049221629841001e-06
5269 3 91022.001358451002 0.81293591042056002 1.3690871251515699e-06
5270 3 93352.862737972406 0.75170020628809098 1.0420604330716199e-06
5271 3 91644.275291979706 0.80183646090152705 1.0961899306312899e-06
5272 3 92250.067216498195 0.78815683701280204 1.04317110319062e-06
5273 3 94468.870835287496 0.69056697912367204 8.8757675992940198e-07
5274 3 96184.131743684105 0.49461011006653299 1.3830312426930201e-06
5275 3 91882.966619548097 0.79684571385873504 1.05541418854914e-06
5276 1 107392.98462486301 4.2983239858040503e-06 3.0537753390318602e-06
5277 3 90115.336391035802 0.825277939521188 2.3376401189982202e-06
5278 3 95595.301979519398 0.580652298744749 1.0948024293750699e-06
5279 3 95868.377021010005 0.54365499611721302 1.13466846908414e-06
5280 3 90324.958080938595 0.82274914414804201 1.9862207964376799e-06
5281 3 94931.099918600405 0.652440745618731 1.0384483297376001e-06
5282 3 90999.174789475903 0.81329717405278201 1.3852548094035301e-06
5283 3 89094.381468270003 0.83533000134342195 3.1174575207459898e-06
5284 3 94768.489549594204 0.66827552067383 7.8933122119944595e-07
5285 3 94449.506508930397 0.69125282800245202 1.04423883349674e-06
5286 3 91630.265744402903 0.80211547498465596 1.0983471208071e-06
5287 3 91295.689355774797 0.80836640002927496 1.20793812015624e-06
5288 3 91729.293319964607 0.80021963387170203 1.1548558369840601e-06
5289 3 96162.708954152404 0.49815601592229902 1.3479802883890701e-06
5290 1 103586.545222236 6.6322006643435401e-06 2.93852781623709e-06
5291 3 95053.5697111513 0.642620886749241 8.2750226492781403e-07
5292 3 90222.727833886805 0.82401151333320899 2.2742093808848601e-06
5293 1 104302.793747362 5.8845392764224601e-06 3.0172802765358601e-06
5294 3 94163.446087812103 0.71062938838268697 9.4112813182747396e-07
5295 3 88156.344358736096 0.84214011533101996 3.07886718884761e-06
5296 3 95235.4845892085 0.62429465041216703 8.4946329611268897e-07
5297 3 96172.941607832399 0.49647350063572898 1.3604134758252e-06
5298 1 103366.519686359 6.7281443392060103e-06 2.9279901556216901e-06
5299 3 94444.511399849507 0.69203628609705004 9.38618070646921e-07
5300 3 92026.8248688249 0.79360603191917301 1.0447618972288e-06
5301 3 95369.831670731204 0.60772472900535002 1.0728599898441e-06
5302 3 94607.614259936105 0.67996782170081504 9.4081939757747499e-07
5303 3 91809.575053378896 0.79858059584224805 1.0609728064595401e-06
5304 1 100779.76842335 9.2179885837158007e-06 2.4327361469796699e-06
5305 3 91753.700832128801 0.79960467805922697 1.07473849676221e-06
5306 3 94042.088530426205 0.71763552693569999 1.0121471844527301e-06
5307 3 91016.277781835 0.81302664722851004 1.3745200770491701e-06
5308 3 91739.6643701086 0.79989609990833499 1.07697573151804e-06
5309 1 114653.957048148 1.04274940822953e-05 4.8002905417042398e-07
5310 1 140672.99144634901 8.9858500870976596e-07 2.7534701369004702e-06
5311 1 151732.93953375699 1.49171139247949e-06 2.2544026760875501e-06
5312 1 145711.16333167601 1.1455121920732199e-06 2.4748836041090602e-06
5313 1 131668.331218754 1.1530167047516e-05 2.70643165477864e-07
5314 1 121379.29553637801 1.25016675791147e-06 3.1386281203962999e-06
5315 1 110030.227119256 3.0125297096221601e-06 3.2307962436549501e-06
5316 1 143503.33117098999 1.1722550445903099e-06 2.4411803993987299e-06
5317 1 121796.00300071 1.2661456589670099e-06 3.1927114343706401e-06
5318 1 147120.984375464 1.0748148679679199e-06 2.5800130758778802e-06
5319 1 120913.242285746 1.38904389620601e-06 2.98398127148329e-06
5320 1 110323.731696748 2.9616781491144898e-06 3.2333536166846399e-06
5321 1 117960.189575515 1.5699992721306901e-06 3.2201639021681799e-06
5322 1 112156.393302945 1.0005825619344299e-05 8.6286206273707997e-07
5323 1 133413.03004302701 8.7541039076496002e-07 2.8893835115418599e-06
5324 1 123293.222201596 9.7835623474492999e-06 6.2464186886511399e-07
5325 1 122023.033074665 1.24191165925094e-06 3.1875979993895702e-06
5326 1 121383.690279637 1.3749667000223101e-06 2.9369383529490602e-06
5327 1 140238.01450040101 8.9696350987592495e-07 2.7540932940147401e-06
5328 1 127215.410985312 1.29057498283502e-06 2.7388640877076702e-06
5329 1 151437.325953577 1.4804324822870901e-06 2.24381512716537e-06
5330 1 137554.33882943701 1.2997612999913101e-05 1.9877970867716399e-07
5331 1 144890.491407572 1.1276612263186e-06 2.4884294390658199e-06
5332 1 109277.990023416 1.08770714306583e-05 3.2427438495464298e-07
5333 1 152911.437651952 1.3784095353279599e-06 2.4042500843621801e-06
5334 1 122001.83951991099 1.2163680141558999e-06 3.1291449848858401e-06
5335 1 123320.189447953 1.15331241786475e-06 3.16088143875651e-06
5336 1 119830.23099048399 1.3834770096020701e-06 3.15259063024694e-06
5337 1 139193.981184526 9.0370095071170596e-07 2.7458197660166001e-06
5338 1 126587.323303101 1.84343598599322e-06 2.57668488286201e-06
5339 1 141472.802592533 2.9141103843702298e-06 2.0205470592027002e-06
5340 1 123415.375467342 1.13348637591584e-06 3.1518921254120701e-06
5341 1 134039.686275101 8.7425159113656298e-07 2.8789155520269799e-06
5342 1 112284.477405269 2.5042015503616301e-06 3.2295388528424599e-06
5343 1 153004.468325639 1.3985033995230801e-06 2.39721740349446e-06
5344 1 127962.556309746 9.5213965252105995e-07 3.0090905164235e-06
5345 1 129259.79396631 5.9187023085448998e-06 1.8498045313184099e-06
5346 1 143618.56947339899 1.0731917590953101e-06 2.5374264799822902e-06
5347 1 124528.814661636 1.0733137931850099e-06 3.0429500400659199e-06
5348 1 118932.252074797 1.44691333524913e-06 3.1893485115686801e-06
5349 1 130795.399713167 5.94328343840824e-06 1.731788913647e-06
5350 1 130791.44465852399 8.8939245016958102e-07 2.9815239806750602e-06
5351 1 133779.95154134999 8.6627034520338497e-07 2.89931564750442e-06
5352 1 128072.77421965099 9.59295674590389e-07 2.9870607793004501e-06
5353 1 133797.552292821 8.61636240466327e-07 2.9080733038271598e-06
5354 1 120907.296082232 9.8419515574662293e-06 6.4836871266103395e-07
5355 1 115739.959233635 1.1959359202371899e-05 6.8166007884252e-08
5356 1 151780.325395761 1.32568406975841e-06 2.4322881130577498e-06
5357 1 132403.99656798199 1.00037862308884e-06 2.7534693769160901e-06
5358 1 118061.122997136 1.5365576960214601e-06 3.2100734603241399e-06
5359 1 119966.379710619 1.39068208949048e-06 3.21280980964027e-06
5360 1 122635.49183839301 1.1907099180830099e-06 3.1712093866193401e-06
5361 1 136222.01295808301 8.6718861262283203e-07 2.83719132717059e-06
5362 1 111103.746323641 2.7415232129435899e-06 3.24465367515489e-06
5363 1 146827.49237427401 1.06510002150106e-06 2.5869259873203801e-06
5364 1 142976.374289951 2.8532225777143102e-06 2.0063829275492399e-06
5365 1 137386.71330723399 9.3272630036839399e-07 2.7194399574546599e-06
5366 1 151595.03669653999 1.3066606833628599e-06 2.4423224785827598e-06
5367 1 136663.63805169001 8.6828250026766099e-07 2.83062036106566e-06
5368 1 130844.48116529601 8.9209884769007695e-07 2.9692910323793799e-06
5369 1 152143.80093127899 1.4736444924424199e-06 2.2812084267509601e-06
5370 1 125976.702543066 2.0134442156448301e-06 2.5716234641393001e-06
5371 1 112134.578702085 1.1851981666980499e-05 7.7356917389980705e-08
5372 1 115509.845066857 1.90571119613565e-06 3.24299590173703e-06
5373 1 129714.475934052 9.0515909489143503e-07 3.01388656975885e-06
5374 1 129590.84357224499 9.08727847552556e-07 3.0288337469946301e-06
5375 1 133338.345040179 9.9865028147229607e-07 2.7382588552120899e-06
5376 1 109875.694617184 3.0898567598063701e-06 3.2250622134039101e-06
5377 1 119391.25791537701 1.4323918883588199e-06 3.1581354501243198e-06
5378 1 118497.562604832 1.49461878198457e-06 3.194225901421e-06
5379 1 112885.817251895 2.3476055960818401e-06 3.25464048279436e-06
5380 1 143690.70445979701 3.32207743537358e-06 1.8602994394971799e-06
5381 1 144639.58230637401 1.0326608282754399e-06 2.58972014079351e-06
5382 1 144039.84369770001 1.21457407449748e-06 2.40294949853577e-06
5383 1 128190.97207103101 1.2714996588268399e-06 2.72450936532641e-06
5384 1 110669.62047804899 3.7750493093325501e-06 2.7979394474453699e-06
5385 1 116802.740114341 1.7241819908851399e-06 3.2266640657899399e-06
5386 1 139298.01277700899 9.19332533397652e-07 2.7215332297992301e-06
5387 1 124052.941892242 1.1050125017747901e-06 3.05132485786232e-06
5388 1 148809.865894635 1.4621885312023701e-06 2.19967452990401e-06
5389 1 122781.676161036 1.1725357518118201e-06 3.07179051258831e-06
5390 1 144389.04570680199 1.08770117166892e-06 2.52456571007928e-06
5391 1 130781.06761292 1.00094223212753e-06 2.7990657527513101e-06
5392 1 113164.049751953 2.28704343222921e-06 3.2553061857294202e-06
5393 1 145004.763076245 1.0104159055953499e-06 2.6226021562745902e-06
5394 1 122419.47789079801 3.6183278143999999e-06 2.5102896568806098e-06
5395 1 112957.961037303 1.19142046280934e-05 1.29201260995116e-07
5396 1 135286.46274722699 8.5945964756454697e-07 2.8765631343653698e-06
5397 1 132083.50969360801 8.6954528529932498e-07 2.96754135225391e-06
5398 1 108499.629105751 1.00996476967553e-05 8.5901692110004902e-07
5399 1 121550.188630683 1.2411447709404499e-06 3.1797527079318401e-06
5400 1 139960.59379911399 8.9192065728478895e-07 2.7626177192778298e-06
5401 1 123963.244103587 1.0985827076336499e-06 3.13604651788283e-06
5402 1 149595.11567423801 1.5118951840353901e-06 2.16326858053144e-06
5403 1 149931.97994959599 1.2066335139112299e-06 2.4869570762136101e-06
5404 1 142082.25224869599 9.3608572766915097e-07 2.6978622793997802e-06
5405 1 140361.99389042801 8.9445554083455303e-07 2.7599521498668902e-06
5406 1 109010.55234323601 1.03419897707374e-05 6.69585683170479e-07
5407 1 112291.136281272 2.4667818102111299e-06 3.2533260811923801e-06
5408 1 111915.53285423999 3.64707624465317e-06 2.6958178465771998e-06
5409 1 121312.417508631 1.2739832985234901e-06 3.1854321516890798e-06
5410 1 152477.380497604 1.3605487194127e-06 2.4125665600402601e-06
5411 1 139155.04040369499 8.7565838121564797e-07 2.7935367697173398e-06
5412 1 152602.67792367001 1.3771670843098501e-06 2.4100241298050099e-06
5413 1 152332.246953191 1.3372017112836301e-06 2.4220009787517e-06
5414 1 150360.21293648999 1.4433389352707301e-06 2.2626670087210098e-06
5415 1 122277.873679492 1.2076741483308099e-06 3.1757033307041101e-06
5416 1 110508.11456668501 3.1391733339252798e-06 3.1223755851961099e-06
5417 1 138454.86619276999 8.6939519962932297e-07 2.8078322943728398e-06
5418 1 111743.994307885 3.4072274065386099e-06 2.8151205649701399e-06
5419 1 129956.127174394 8.9761131570478695e-07 3.0060929862467099e-06
5420 1 120848.032473071 1.2985129201952e-06 3.1905667829488099e-06
5421 1 133082.38089751301 8.7519703258191495e-07 2.9116804029133301e-06
5422 1 124516.466076233 1.09360720291049e-06 3.1445331429908802e-06
5423 1 112280.361132394 2.4819815396906001e-06 3.2522921743651101e-06
5424 1 120318.46185261301 1.36652801266316e-06 3.20902736420111e-06
5425 1 116989.177382387 1.68537404881257e-06 3.24436592140775e-06
5426 1 123261.17042758199 1.1304431050256501e-06 3.06319434710562e-06
5427 1 112769.713137386 2.4039677621269799e-06 3.2444013289144699e-06
5428 1 141007.140996047 9.0387866571936501e-07 2.7454852454571102e-06
5429 1 139710.736215721 8.8625032050225505e-07 2.7727009582598799e-06
5430 1 135473.90510267499 8.62698422143068e-07 2.8609616849147898e-06
5431 1 146260.421883025 3.1544578939696101e-06 1.81890302955868e-06
5432 1 131713.08841328 8.7244463826834897e-07 2.9737125705581101e-06
5433 1 116693.273688092 1.7251036732183599e-06 3.24661991670002e-06
5434 1 150170.281477254 1.22534480782149e-06 2.4788001040131602e-06
5435 1 150352.874013861 1.5624481947501e-06 2.1351801744404002e-06
5436 1 120370.233571858 1.34812566062745e-06 3.2032073135212902e-06
5437 1 108638.517366538 4.7927579472371702e-06 2.7085845149201299e-06
5438 1 131228.15475363901 1.4211819214272801e-06 2.5695772056181699e-06
5439 1 134066.02773929399 1.0187593319794501e-06 2.6939228088876002e-06
5440 1 110822.77713359401 2.7998870093360699e-06 3.2422669071214601e-06
5441 1 120510.34924626 1.3296316441820199e-06 3.1956573974344598e-06
5442 1 111791.747619784 2.6055203281565998e-06 3.2260374097614299e-06
5443 1 114112.26258018801 2.12192038935847e-06 3.24546611953306e-06
5444 1 128283.749181968 9.3310988008028301e-07 3.0333687182650699e-06
5445 1 144275.57578747501 9.9419876393738892e-07 2.6373808399083001e-06
5446 1 106786.734812878 1.1820414015043e-05 1.00704158290631e-07
5447 1 113059.162211805 2.3151397475732799e-06 3.2469885850753199e-06
5448 1 152681.551339825 1.5211025463769299e-06 2.2572751959389401e-06
5449 1 117059.752116552 1.65849720948278e-06 3.2259565156806101e-06
5450 1 151061.02845756701 1.27153434460033e-06 2.4589899891852898e-06
5451 1 130606.59740915601 1.5427433380537499e-06 2.52810310128948e-06
5452 1 140122.91982600201 8.9018583373595202e-07 2.7657984113097101e-06
5453 1 144841.924751035 1.05904252874889e-06 2.5632482281646601e-06
5454 1 123663.25210612301 1.1233235841440201e-06 3.1421463947231001e-06
5455 1 126384.60694996 1.0105467025064199e-06 3.10790560580031e-06
5456 1 131578.68224373899 8.8772187041661698e-07 2.9392794963621999e-06
5457 1 115710.299462418 1.85749826138056e-06 3.2519275290751801e-06
5458 1 127274.731342591 5.9271483953677604e-06 1.8821235056984199e-06
5459 1 130425.772801001 1.03351662550114e-06 2.7941493876708998e-06
5460 1 115418.943405315 1.9041208762746401e-06 3.2533177558924199e-06
5461 1 144628.805750345 1.0032103959068501e-06 2.6292605793390002e-06
5462 1 112328.878533811 2.4958331788305401e-06 3.2485702763451899e-06
5463 1 128704.861597241 9.2511469720525397e-07 3.0254658945340799e-06
5464 1 111089.532674195 4.1853783427712703e-06 2.66106361182469e-06
5465 1 145187.43177278101 1.0275213229548001e-06 2.6051719452446501e-06
5466 1 123986.613818375 3.0675377462752698e-06 2.4976249489248798e-06
5467 1 132907.75404462201 5.9011027752866001e-06 1.67604615983534e-06
5468 1 144125.71832390199 9.8902220159197792e-07 2.6392272554957298e-06
5469 1 117635.956708354 1.60949914292869e-06 3.2393308262628901e-06
5470 1 141215.192118557 9.1468272200202399e-07 2.7263510283786302e-06
5471 1 129249.84112543899 9.1607827687164897e-07 3.0346519068676499e-06
5472 1 109257.15990927001 4.1668831556884903e-06 2.7687944817252502e-06
5473 1 123827.00805317701 1.1179905860767701e-06 3.1466726796430699e-06
5474 1 127054.795936964 9.6724894604952e-07 3.0730668704761102e-06
5475 1 151715.72844659799 1.8752788885266799e-06 2.0804558298490099e-06
5476 1 117981.676209294 1.5734453540333001e-06 3.2365496187018901e-06
5477 1 125905.241111333 1.0131567912878499e-06 3.1052034079623401e-06
5478 1 138780.364913367 8.7228957898226397e-07 2.8008958292150102e-06
5479 1 139635.02274228001 8.8180988031425104e-07 2.78102053591426e-06
5480 1 119935.288245698 1.3961323835876701e-06 3.2155159551490599e-06
5481 1 128228.850751023 9.4737898271273197e-07 3.0659099527325902e-06
5482 1 136772.56414832399 9.2872019605822895e-07 2.7294888437699701e-06
5483 1 112433.40554408199 2.4258707544525798e-06 3.2231701455057002e-06
5484 1 118532.04339810699 1.0281213131450701e-05 4.9055993788325796e-07
5485 1 139476.65936515201 1.06400725708348e-06 2.5620378724731398e-06
5486 1 112463.788179125 2.43776088903815e-06 3.2475573244245399e-06
5487 1 149172.06916269401 1.18028478926202e-06 2.5016761312203002e-06
5488 1 123095.95460303299 1.15665522695954e-06 3.1580946490556601e-06
5489 1 135362.30035954001 3.5554190967484799e-06 2.08912160160204e-06
5490 1 118630.425387668 1.5073806614944701e-06 3.2304277919097999e-06
5491 1 109661.662546812 3.2374962332393898e-06 3.17240416326358e-06
5492 1 113669.901973735 2.1803271900048999e-06 3.2451463438621001e-06
5493 1 149893.129059956 1.9075138440134701e-06 2.10620604849434e-06
5494 1 150355.75091978401 1.5974741017914999e-06 2.1335753242786002e-06
5495 1 122313.74715179901 1.19924944452683e-06 3.1695476176864301e-06
5496 1 135996.167712205 8.7012957692640996e-07 2.8399887081733398e-06
5497 1 137888.64308204001 8.9413279051939995e-07 2.7708999670201399e-06
5498 1 152562.939265444 1.5232333850566099e-06 2.2409089844653201e-06
5499 1 139175.14495034801 1.02348721705953e-06 2.6056924092512399e-06
5500 1 148708.30765090801 1.1976009092382801e-06 2.4685823793363598e-06
5501 1 126028.298220016 1.0162724182817901e-06 3.1090004324826899e-06
5502 1 130319.165911911 1.4723362628073199e-06 2.58352758286778e-06
5503 1 152270.19521773999 1.36147732515237e-06 2.41723903459612e-06
5504 1 144901.331395541 9.9919129831506395e-07 2.6377961022655999e-06
5505 1 147634.70661776501 1.1096620408334e-06 2.54237771139562e-06
5506 1 149911.794943224 1.4112144303595699e-06 2.2706411565355998e-06
5507 1 113209.67736662801 2.2404713946571e-06 3.2193771389084698e-06
5508 1 142470.15015728201 9.4137494074623205e-07 2.69153045219348e-06
5509 1 145271.79117576801 1.01963866645403e-06 2.61612725081353e-06
5510 1 126671.18173593401 9.9595008313181797e-07 3.0997572775775002e-06
5511 1 116691.05781789099 1.7125240337123199e-06 3.2190947642239401e-06
5512 1 118938.63798857501 1.47737351036624e-06 3.22714844816609e-06
5513 1 131401.36824975099 8.8767193203582105e-07 2.95902412229245e-06
5514 1 113691.71902791099 3.34301221705605e-06 2.7061631044646501e-06
5515 1 120757.015793671 1.3228316756540201e-06 3.19867243399054e-06
5516 1 143473.84840696599 9.6476156595289902e-07 2.6658777571976402e-06
5517 1 118286.895284574 1.54008043969666e-06 3.23354786846186e-06
5518 1 115178.807287709 1.9742783018962598e-06 3.2387002495210298e-06
5519 1 139096.11456074499 8.7595499875895103e-07 2.79338418199522e-06
5520 1 124618.447763316 1.06123413711399e-06 3.1173512216214401e-06
5521 1 120087.344488374 1.35888417245907e-06 3.2006720931504301e-06
5522 1 150713.81499606199 1.2581008830824099e-06 2.4660024819659701e-06
5523 1 134873.720178705 1.0196397606127599e-06 2.68052149428749e-06
5524 1 122692.881125224 1.20040533044411e-06 3.1775985463845499e-06
5525 1 134428.952340085 8.7076147220086104e-07 2.8678298594005601e-06
5526 1 116231.342897473 1.7783996074283801e-06 3.2294544855742698e-06
5527 1 135535.60755853399 8.5869635307335997e-07 2.86813852079166e-06
5528 1 137620.49599283701 9.5498501765382889e-07 2.6885482057104599e-06
5529 1 149069.45481999801 1.1698715922192601e-06 2.5033579896714201e-06
5530 1 115126.39371003 1.8915032619860801e-06 3.2047941146213502e-06
5531 1 143100.06722439901 9.4519627903094701e-07 2.69298399672745e-06
5532 1 141878.53092796 9.31264699385594e-07 2.7029470918425498e-06
5533 1 141876.34770184799 7.4270094917960001e-06 1.07777343224901e-06
5534 1 115108.84181253301 1.9451028433641501e-06 3.18825890541047e-06
5535 1 136098.51801318699 1.06694630240149e-06 2.6167280337119501e-06
5536 1 135326.42677189101 5.9497857153104301e-06 1.5865399583639199e-06
5537 1 144652.42103943601 9.8897359026347902e-07 2.6464724543999599e-06
5538 1 139203.66334326801 8.7828431128509696e-07 2.7879777125376299e-06
5539 1 122446.376626895 1.2214806477002001e-06 3.1827325395731601e-06
5540 1 114410.39039272899 2.0772740778939699e-06 3.24857242739624e-06
5541 1 117335.51566989 1.64595282534405e-06 3.2419719237431401e-06
5542 1 120033.350552549 1.3787193434038399e-06 3.2076921454961e-06
5543 1 113745.824701142 2.1853794263371102e-06 3.2515870439171101e-06
5544 1 116054.241361219 1.8110832245606399e-06 3.2504192210732099e-06
5545 1 129917.73618052401 8.9937930282143202e-07 3.0005238130507701e-06
5546 1 116347.309299624 1.7678581266826899e-06 3.2485798905756502e-06
5547 1 114440.772222207 2.0575079821226501e-06 3.2557500425291801e-06
5548 1 122694.88387507699 1.17418904099394e-06 3.1633646053063501e-06
5549 1 141450.32933003301 9.2085266348573598e-07 2.7181864364382299e-06
5550 1 114152.268220229 2.1091022989615898e-06 3.2561348743870798e-06
5551 1 148480.62618265199 1.1920912516534001e-06 2.4661462250963299e-06
5552 1 129130.474562795 9.1685022579081201e-07 3.0322180252513498e-06
5553 1 111498.32408797101 3.1534826340412698e-06 2.8922010276593199e-06
5554 1 129384.155648528 9.0890913436102396e-07 3.0241855851335499e-06
5555 1 119301.043250021 1.4398532326411501e-06 3.2158580453177201e-06
5556 1 112211.390021296 2.5196960948076199e-06 3.2448080891550302e-06
5557 1 122936.218500185 1.1693058919744299e-06 3.16571825155116e-06
5558 1 139254.395624867 8.8389222158980595e-07 2.7777424649813601e-06
5559 1 133275.402179136 8.6790435402341496e-07 2.9085556447015398e-06
5560 1 110918.353082466 2.8459069146718098e-06 3.1325080521096002e-06
5561 1 115716.653075952 4.4042865319654904e-06 2.5902497117877701e-06
5562 1 112756.134299119 2.3888402086870099e-06 3.2129868449642201e-06
5563 1 132037.42526621901 1.5433159642382001e-06 2.5105199629790699e-06
5564 1 142789.105760759 9.4009785999452401e-07 2.6988438723650401e-06
5565 1 129270.71103572899 9.1045906403365596e-07 3.02074783525558e-06
5566 1 151187.91663299399 1.27094936071042e-06 2.4536635168012899e-06
5567 1 137329.032707256 3.1494893379753701e-06 2.0769769622840701e-06
5568 1 123193.40048244 1.1413600363369e-06 3.1480958466547598e-06
5569 1 119589.65778974201 1.4215274802971301e-06 3.22030244437518e-06
5570 1 136611.89974942699 8.5680516887754096e-07 2.8513148277557298e-06
5571 1 115515.448984672 1.9177281449835e-06 3.2380995870628599e-06
5572 1 119642.984764683 1.38019038875447e-06 3.13547170100456e-06
5573 1 115270.043017658 1.9523229877276602e-06 3.2445513064761202e-06
5574 1 128370.54734431799 2.7836809211243201e-06 2.45059754394318e-06
5575 1 127210.172407199 3.4281427883772401e-06 2.3649408878409002e-06
5576 1 117909.57954482699 1.5360269925021699e-06 3.1995522379907398e-06
5577 1 123047.928153235 1.1475540005084e-06 3.0413845720384199e-06
5578 1 143688.20852019999 9.7310179130559793e-07 2.6588664600937801e-06
5579 1 150778.475169204 1.2578512231836899e-06 2.4600761145007298e-06
5580 1 115076.48685920901 1.9545186234615902e-06 3.2543494652336198e-06
5581 1 138132.91140891801 8.9445930053706699e-07 2.7652983731868499e-06
5582 1 129451.875026209 9.1741826860497802e-07 3.0388679450349002e-06
5583 1 147460.546817016 1.08568054500238e-06 2.5722011034709999e-06
5584 1 140862.88508149501 9.6758839528362199e-07 2.6538148992524102e-06
5585 1 113523.19398561399 2.22120498117025e-06 3.2559552529073401e-06
5586 1 136951.68381854601 8.5797901773608401e-07 2.84548858745306e-06
5587 1 114785.357571209 2.0036672080104799e-06 3.2552443406149401e-06
5588 1 125018.474778845 1.0492541205019899e-06 3.1126092568155299e-06
5589 1 119660.31771636799 1.40942588671704e-06 3.2122255262987201e-06
5590 1 114032.53103291 2.0914052753561898e-06 3.20840017310814e-06
5591 1 112571.490851075 2.4111893670215502e-06 3.2510456402412098e-06
5592 1 148673.59709724601 3.03374226647595e-06 1.8006780567217599e-06
5593 1 112890.627181149 2.3784703349201602e-06 3.24866203708328e-06
5594 1 113465.555148518 2.24393080642407e-06 3.2514189809391399e-06
5595 1 109289.776986436 6.3193146301938398e-06 2.4564805554101998e-06
5596 1 116647.625544266 1.73901315533786e-06 3.1544980551605499e-06
5597 1 113762.25243558599 2.1592458473927001e-06 3.2205174437911899e-06
5598 1 112336.106477751 2.4622000114240002e-06 3.2432021744942799e-06
5599 1 137173.90947088899 2.71165858302772e-06 2.23950384555645e-06
5600 1 145945.552170721 1.1435981695392599e-06 2.4832387723912401e-06
5601 1 145579.199990825 7.5286359791160397e-06 1.0116854149372199e-06
5602 1 125786.30555690599 1.02894791533128e-06 3.1145683733571901e-06
5603 1 127786.866722135 9.42378345713738e-07 3.0405976942414201e-06
5604 1 130142.550419212 9.2960006688415002e-07 2.9259309196236401e-06
5605 1 134879.60550066599 8.5928419077547604e-07 2.8835782724009699e-06
5606 1 148554.439668798 1.1560421876365599e-06 2.5116217449671298e-06
5607 1 134029.13907463799 1.32598757783163e-05 8.3086894025261005e-08
5608 1 147155.31006999 1.1890410368853999e-06 2.4509413611349799e-06
5609 1 141867.87832449499 1.28568992410085e-06 2.37637240366828e-06
5610 1 116949.19746392001 1.6835012632079901e-06 3.0642928022813e-06
5611 1 127138.97141826899 9.6327272412823391e-07 3.0627059856368302e-06
5612 1 111233.755033097 2.7936881410424398e-06 3.1959672622726299e-06
5613 1 142255.036103447 9.8489424855593099e-07 2.6330458089944101e-06
5614 1 111417.36803105399 2.6792334653602298e-06 3.2468206921111499e-06
5615 1 132305.77514414999 8.6542858660355496e-07 2.9596279820502401e-06
5616 1 121973.795828915 1.2196737263152099e-06 3.1748831608968599e-06
5617 1 128459.336559187 9.3787442605581104e-07 3.0582394986654999e-06
5618 1 145597.87653962101 1.31621187754827e-06 2.31649774485138e-06
5619 1 149996.76546932 1.20716090542072e-06 2.4904394224293902e-06
5620 1 132439.45100783501 8.71422197769594e-07 2.9328598813253398e-06
5621 1 142647.39105240599 9.4081549220344898e-07 2.6960790520263302e-06
5622 1 110839.444897607 2.8126387301637502e-06 3.23308412813203e-06
5623 1 117054.10571030701 1.6503848337894e-06 3.15519851267958e-06
5624 1 148888.876367302 1.1489332169522401e-06 2.5311431872490602e-06
5625 1 116858.24078458099 1.6728492174442701e-06 3.0972230647602599e-06
5626 1 119629.03756977701 1.41737734856848e-06 3.21629425866295e-06
5627 1 136035.967992113 9.9032972481032307e-07 2.6849930938019699e-06
5628 1 130685.516592987 2.0112466030315402e-06 2.4486984826570601e-06
5629 1 137445.82758383299 3.60528172560983e-06 1.98252538425565e-06
5630 1 113805.06467594601 2.1656094022970499e-06 3.2560839522538298e-06
5631 1 124181.43432113199 1.11062571963078e-06 2.9972399405695402e-06
5632 1 129936.07386984301 9.2609423017163804e-07 2.9541133863042101e-06
5633 1 140787.45118320399 9.0966501669810898e-07 2.7337246619517599e-06
5634 1 116871.535165108 1.6452237789791199e-06 3.20794518405656e-06
5635 1 135444.59168052199 2.9020220779872299e-06 2.2285432970241101e-06
5636 1 147250.029433335 1.0996590537156099e-06 2.5492580694095401e-06
5637 1 115326.10486654199 1.90262521358133e-06 3.23187719984804e-06
5638 1 139018.14179447101 3.0286871548037899e-06 2.0599989558099099e-06
5639 1 134814.90423247701 9.2365641354817803e-07 2.7786112541858398e-06
5640 1 142477.029496854 1.00879195604933e-06 2.6058948052071902e-06
5641 1 151065.76211096701 3.02498485929974e-06 1.7740728356183799e-06
5642 1 116710.11069361999 1.7533518633517101e-06 3.1683194185652299e-06
5643 1 143684.52870414301 1.0310901892072099e-06 2.5857077174700101e-06
5644 1 103052.40139769499 1.1251613176130699e-05 1.12345617490925e-07
5645 1 145479.63523853 1.1662167086926e-05 3.2157200894987801e-07
5646 1 148598.62319624901 7.0665024863508198e-06 1.0013240412192599e-06
5647 1 106265.871835634 1.01649697582295e-05 9.8013842191512601e-07
5648 1 105935.429121583 1.06564431272494e-05 5.6929573111137104e-07
5649 1 147741.81337652801 9.2484817019580697e-06 6.2867994837569597e-07
5650 1 150115.533097295 1.22590084338933e-06 2.4737985608928801e-06
5651 1 109230.547015488 4.6239906767602499e-06 2.6354249429337499e-06
5652 1 126588.939048988 2.9431592533714099e-06 2.4666159792176899e-06
5653 1 153103.162043969 1.6333601115405399e-06 2.0700155135987798e-06
5654 1 124846.805490714 1.07874754124727e-06 3.1388493130306202e-06
5655 1 129972.17084367 9.0320782372178302e-07 3.0222231295785599e-06
5656 1 140648.44335648601 9.0139005736984497e-07 2.7469730128954702e-06
5657 1 139626.48541033201 9.7096150836731502e-07 2.65490264135462e-06
5658 1 136289.735738091 8.7664599437983602e-07 2.8176564987268598e-06
5659 1 153140.44797906699 1.64761720866883e-06 2.0895817024575602e-06
5660 1 138185.97466244499 9.0773478978701103e-07 2.7450575002786698e-06
5661 1 134751.49568153999 8.5702521547734902e-07 2.8958112893332499e-06
5662 1 139540.785396483 8.8789513542685901e-07 2.7698770001607401e-06
5663 1 109531.364749448 3.5310458846870201e-06 2.9198545936684099e-06
5664 1 138854.076713733 8.8053188301854897e-07 2.7846884969359799e-06
5665 1 153201.06075793601 1.6252707644289499e-06 2.1467662817608502e-06
5666 1 142396.327570703 9.3488937953548803e-07 2.7027564371488398e-06
5667 1 114147.52340458499 2.1318379088098202e-06 3.24857946508388e-06
5668 1 141395.422164174 9.2522750980781098e-07 2.71095967931974e-06
5669 1 128839.020023114 1.3383523483386699e-06 2.6578621793472298e-06
5670 1 109599.32959891 3.35957826285197e-06 3.0170358576557399e-06
5671 1 111872.291283186 2.5605467160168398e-06 3.0506605331106299e-06
5672 1 153451.18153921401 1.5698569577470901e-06 2.2191322714853799e-06
5673 1 107273.718624848 7.9513725468559496e-06 2.2266465131314202e-06
5674 1 109757.89889536399 3.31917166355104e-06 3.0828748162588502e-06
5675 1 122496.677812125 1.1737344332328e-06 3.1203545317753902e-06
5676 1 107028.646867285 8.3392366541665893e-06 2.0930276808652901e-06
5677 1 114532.79009658001 2.0630988966585101e-06 3.24503945684766e-06
5678 1 153548.184442723 1.5196622201807001e-06 2.27544577535227e-06
5679 1 151236.854701223 1.2938382915903501e-06 2.4486934540294201e-06
5680 1 135193.96401375899 8.6428344333157698e-07 2.8690519715730899e-06
5681 1 153562.17663783801 1.4824381431987601e-06 2.3156399454353799e-06
5682 1 109354.09224155 3.4688977016013201e-06 3.1455236042919899e-06
5683 1 138728.287704716 8.9847411229786905e-07 2.75603787288366e-06
5684 1 151021.35635309701 1.5470363280649101e-06 2.1398598125078699e-06
5685 1 143354.235703935 1.0041441610576599e-06 2.6137721403320098e-06
5686 1 125901.674383683 1.03188521928554e-06 3.11751973964908e-06
5687 1 111098.764963015 2.8243910167093101e-06 3.2070393401900199e-06
5688 1 125265.21009567801 3.5103771986178698e-06 2.4451462183362198e-06
5689 1 126705.001483717 4.1156422073305702e-06 2.24898080137849e-06
5690 1 143189.66517023701 1.06802215552789e-06 2.5400813868569801e-06
5691 1 145118.034511495 1.2702864323452901e-06 2.35575412339163e-06
5692 1 111255.39361529599 7.9961539501608802e-06 1.9884367930125601e-06
5693 1 151566.22458728601 5.3749308520691701e-06 1.32186418844279e-06
5694 1 110986.45275764501 2.7679834852371999e-06 3.0366401906099101e-06
5695 1 113893.531030912 1.15818827492526e-05 1.2809717984015901e-07
5696 1 135447.17128752699 1.07933505367323e-06 2.6293370425651699e-06
5697 1 153532.55617578601 1.4159459703061501e-06 2.36626734713062e-06
5698 1 109407.185233497 4.4700827638961304e-06 2.6841016944464298e-06
5699 1 115917.225511806 1.82792525370264e-06 3.1714301489289202e-06
5700 1 138199.61779809999 8.7877119151490398e-07 2.7920186163944102e-06
5701 1 123888.120274271 1.12246204943882e-06 3.02868682660885e-06
5702 1 129483.189157507 9.0852043571159998e-07 3.0267896092017699e-06
5703 1 109339.264071268 3.42129937933178e-06 3.16647179050823e-06
5704 1 123913.446323219 3.5743212511983301e-06 2.4570131435533699e-06
5705 1 138780.85406338301 8.7594800271149604e-07 2.7937375377382101e-06
5706 1 139428.18286876101 8.8028522690120001e-07 2.78490604035051e-06
5707 1 138790.10303698099 8.7210655226440295e-07 2.8015001676387099e-06
5708 1 140158.17917750799 5.9798363890987696e-06 1.48957102138645e-06
5709 1 110614.382390057 3.42505071114169e-06 2.8731192858587602e-06
5710 1 129652.618695645 1.56633461011278e-06 2.54050049675665e-06
5711 1 114281.176141579 2.12114070068271e-06 3.1692697081655099e-06
5712 1 110506.38928096701 2.9340288887655699e-06 3.2003227997399501e-06
5713 1 138888.009368381 1.0673273528072599e-06 2.57301984554932e-06
5714 1 143663.44775867101 9.8036957406324808e-07 2.64784414622886e-06
5715 1 115298.679191737 1.8779213419657301e-06 3.1062633778872198e-06
5716 1 152813.19564568601 1.4056820943446001e-06 2.3977147493109398e-06
5717 1 126803.331156965 9.759274664890899e-07 3.0282975726588501e-06
5718 1 143768.15162538801 1.16944143846211e-06 2.44291375059399e-06
5719 1 147090.11911764499 1.2047706163955699e-06 2.43129830622133e-06
5720 1 126262.491667075 1.00299861391278e-06 3.1000355971208299e-06
5721 1 117043.460605802 1.6449786682728899e-06 3.21721359518697e-06
5722 1 140913.83982257399 9.0719316238650499e-07 2.7383609104226599e-06
5723 3 97783.141435017897 0.243043435759629 8.1673249672538704e-08
5724 1 150104.99762707201 1.2452178013950599e-05 2.6835586880946698e-07
5725 1 152660.580447874 7.3197097399381604e-06 9.3631713457199398e-07
5726 1 102801.487130921 1.05699783440241e-05 6.9629865509474e-07
5727 1 101823.46695227201 1.08781629745695e-05 4.4825882512938401e-07
5728 1 152718.49634560401 9.6062020616275593e-06 5.7236917753449199e-07
5729 1 108177.00949344999 5.5387448350293803e-06 2.5604448479117999e-06
5730 1 153872.21568939599 1.67544222919977e-06 2.03624429438782e-06
5731 1 111096.925167768 4.0455929300205001e-06 2.70839824464814e-06
5732 1 153808.89456330799 1.7127436515454401e-06 2.0470176334225199e-06
5733 1 108891.132192385 4.0649317847456803e-06 2.8714720030509399e-06
5734 1 153784.286142358 1.7094391904526999e-06 2.0953436320623801e-06
5735 1 109059.47403273299 3.7982973118200802e-06 2.9717543645933899e-06
5736 1 137643.766976655 1.33644073958112e-06 2.44127556876376e-06
5737 1 126868.61830813201 1.0285103987839301e-06 2.95746766202667e-06
5738 1 153771.26870011399 1.64955324401035e-06 2.16906540608835e-06
5739 1 137664.67031820599 1.16172055733611e-06 2.51945393887381e-06
5740 1 109334.89062436701 3.6401330351836899e-06 3.0450074772115998e-06
5741 1 153943.018977978 1.5956275016531699e-06 2.2328636063645398e-06
5742 1 109044.360714888 6.9888794695302596e-06 2.3233022264376099e-06
5743 1 153961.40038026101 1.53814513205906e-06 2.2880794251982798e-06
5744 1 110246.85526218099 3.1156742749059002e-06 3.18133256047913e-06
5745 1 133803.499175259 8.5860345990781103e-07 2.91429404511958e-06
5746 1 135132.18775902499 9.1174423188078502e-07 2.77993031140829e-06
5747 1 148341.62566495399 1.13565334162549e-06 2.52709719562308e-06
5748 1 144780.09551089699 1.0000611459155699e-06 2.6348365988443501e-06
5749 1 128108.193755902 4.0589839892746901e-06 2.2347572346664602e-06
5750 1 129795.790649902 9.03732806030214e-07 3.0176039399318198e-06
5751 1 124215.99979704899 1.1069521409779101e-06 3.1491940365457499e-06
5752 1 139950.663754451 9.9777425634570697e-07 2.6212526396591098e-06
5753 1 113441.366709515 2.2785990227919802e-06 3.2424121508363399e-06
5754 1 116822.93143560999 1.69026415422001e-06 3.1276282672850398e-06
5755 1 118972.09539834601 1.4222449779965001e-06 3.1950207514729598e-06
5756 1 110649.436649275 2.9049056241160702e-06 3.18833845899483e-06
5757 1 118950.324524061 1.4731823011487e-06 3.21993886098559e-06
5758 1 121163.544251385 1.4949904218685799e-06 2.8881560910672601e-06
5759 1 113426.604565388 7.1499908243131099e-06 2.0476893106014199e-06
5760 1 139253.40218757401 1.8575779478233901e-06 2.3376798760108602e-06
5761 1 145761.54203189601 6.0154105773871099e-06 1.39903524342651e-06
5762 1 140778.75255110499 9.0000421189994602e-07 2.7501013374933101e-06
5763 1 129101.85487958 2.0411944797578599e-06 2.4610950259030499e-06
5764 1 150563.935223879 1.23800995533118e-06 2.4720650273357599e-06
5765 1 134114.34405388101 8.5812657450912105e-07 2.90875562283659e-06
5766 1 128978.581184095 1.0664160877917701e-06 2.8184531589499601e-06
5767 1 143541.256219134 1.20760863980916e-06 2.4128850662770899e-06
5768 1 132958.568390648 2.6549510861407301e-06 2.40729688482967e-06
5769 1 132321.430419004 2.8753369223347399e-06 2.3367490181693102e-06
5770 1 113947.565515108 2.18456018697816e-06 3.1495195285284098e-06
5771 1 130579.88060392901 8.8761182481771099e-07 2.9927518981099802e-06
5772 1 133753.053791399 1.91957377816533e-06 2.4238711938345199e-06
5773 1 113620.13355235499 2.3123757350999701e-06 3.1186188833053398e-06
5774 1 134196.64522191699 1.7103321124351699e-06 2.4445144103196499e-06
5775 1 113331.09597544699 2.3081491052536899e-06 3.1811668133004002e-06
5776 1 134583.94801555801 1.4922314651577499e-06 2.4778585891509201e-06
5777 1 134918.758421412 1.34204305341348e-06 2.5171628514800498e-06
5778 1 135159.24086647501 1.2246891773290801e-06 2.5556481910570999e-06
5779 1 140431.497056728 1.7635125063698e-06 2.3186215041592602e-06
5780 1 135313.758507299 1.1413218051155501e-06 2.5925132475349501e-06
5781 1 131913.42400776001 3.4602956751728301e-06 2.22206981706943e-06
5782 1 139115.87728586499 3.5433483597292799e-06 1.9624209478575098e-06
5783 1 140831.9136036 9.8349714019102498e-07 2.6346898355852299e-06
5784 1 140741.55901206299 1.00748720481176e-06 2.6082318161166302e-06
5785 1 125077.79455494801 1.0911593352251401e-06 2.9833477947241401e-06
5786 1 140612.59545046801 1.0362465409450501e-06 2.5799838932219199e-06
5787 1 129648.731283281 9.08880948469354e-07 3.0084427895715998e-06
5788 1 121690.387343835 1.2433604414660199e-06 3.1118852824930202e-06
5789 1 123110.312619484 1.14855407991738e-06 3.1120007524199998e-06
5790 1 117513.138629024 1.59513035832026e-06 3.2033732835766099e-06
5791 1 136917.822745182 8.7915699584688297e-07 2.8073534789158599e-06
5792 1 138880.739765534 9.1404236814747099e-07 2.73272885976519e-06
5793 1 115896.33566932 1.84676556177468e-06 3.2301342981390302e-06
5794 1 134627.54156843101 2.1917344890966098e-06 2.4080876545520899e-06
5795 1 134294.91381045899 2.6634073496946598e-06 2.3275477280650001e-06
5796 1 126568.96081477001 9.9760317515229098e-07 3.0328783099424201e-06
5797 1 150745.18936612 1.2579322616310401e-06 2.4634516814921098e-06
5798 1 134000.108376766 2.9950598938609002e-06 2.2333178943928401e-06
5799 1 132060.496171242 1.3205907999495701e-05 1.5456122354987901e-07
5800 1 146599.05336434799 1.0855453644961e-06 2.55156506502102e-06
5801 1 151739.35546213499 1.6029529188794699e-06 2.11372200369596e-06
5802 1 134856.482953842 1.81541095023668e-06 2.4038717411790901e-06
5803 1 135695.93960696299 1.28680552339441e-06 2.5059125492550599e-06
5804 1 135182.78586199501 1.6066911111135899e-06 2.42877139292852e-06
5805 1 135469.68762617899 1.4200046643000499e-06 2.4657122910620898e-06
5806 1 141202.39951981499 1.0118256256075099e-06 2.6007405353096101e-06
5807 1 135842.03026519701 1.1882720856691001e-06 2.5449410409597698e-06
5808 1 141099.00814832299 1.0389360036618499e-06 2.5723962127309102e-06
5809 1 135944.445517663 1.1170993609881701e-06 2.5824636201655801e-06
5810 1 152922.072093164 2.8802685204209198e-06 1.7346174287293e-06
5811 1 137282.50867315001 8.80175121467391e-07 2.79800944700318e-06
5812 1 136370.336159956 9.7956456367565298e-07 2.6815849613120298e-06
5813 1 126877.572178182 9.815218025492809e-07 3.0884704673454902e-06
5814 1 133981.09059086299 8.5659602182591096e-07 2.9167366588711998e-06
5815 1 140984.777935369 1.0713407392746899e-06 2.5414334927833101e-06
5816 1 146858.34004275399 1.1118642723730999e-06 2.52922582662359e-06
5817 1 141293.548438664 9.11847079490447e-07 2.73161242358915e-06
5818 1 122172.279831343 1.19396538515801e-06 3.1037335675339602e-06
5819 1 139453.21233939499 8.7969027573818699e-07 2.78558056066462e-06
5820 1 116144.630698412 1.78454991233434e-06 3.1049662049588601e-06
5821 1 114192.320339778 2.1321910606835999e-06 3.12742635735721e-06
5822 1 136880.50742576501 1.41112630101166e-06 2.4484708371030402e-06
5823 1 114490.199979361 2.0474174998889701e-06 3.15460814719145e-06
5824 1 137058.50822685301 1.19234328279357e-06 2.5264667412202102e-06
5825 1 137261.458682286 1.07172169319728e-06 2.5985802604177401e-06
5826 1 119840.741101593 1.3505511377348499e-06 3.18445527713038e-06
5827 1 133777.41145292699 3.6301936644626599e-06 2.10300140172745e-06
5828 1 120710.85518442 1.4729585165786601e-06 2.9425586354639699e-06
5829 1 141753.6888796 3.43689074858122e-06 1.8838417361396e-06
5830 1 140484.538179872 1.0742315416430299e-06 2.54624272919684e-06
5831 1 113854.65713443 2.1603297954449901e-06 3.18725309152641e-06
5832 1 152321.996269703 1.3358395225822e-06 2.4192935388892998e-06
5833 1 112929.161497411 2.3437624504055101e-06 3.2415969507161199e-06
5834 1 144415.983525605 1.0443727360293e-06 2.5737605172999302e-06
5835 1 134232.19264563301 1.076441017603e-06 2.64837290604665e-06
5836 1 139134.59510875601 9.3145100346739599e-07 2.7050820880023598e-06
5837 1 137193.013105766 8.8982130477245395e-07 2.7823309248492602e-06
5838 1 146533.528656029 1.0987581085399799e-06 2.53552629479556e-06
5839 1 135399.99560932899 8.6896232098410698e-07 2.8494244726836399e-06
5840 1 112866.750936636 1.0817209546378801e-05 3.1342718500093298e-07
5841 1 124104.666906108 1.0979032378058399e-06 3.1407299895633198e-06
5842 1 130895.58570746399 1.0443328044610001e-06 2.7584717052647602e-06
5843 1 135361.602191418 8.5640229282103605e-07 2.8809790266338999e-06
5844 1 110734.505785502 2.8666154286701901e-06 3.2386585768260698e-06
5845 1 125440.84277844 1.0817678571772299e-06 2.9474191123598698e-06
5846 1 114839.758918618 2.0180890494412798e-06 3.1017524891930498e-06
5847 1 142051.05362918499 1.00011134959978e-06 2.6143721863070698e-06
5848 1 113756.15219711 2.1946531953160399e-06 3.2485635284091999e-06
5849 1 129830.228609723 9.0569767185956701e-07 2.9896796969238601e-06
5850 1 113870.969149899 2.14124467701532e-06 3.10160658593572e-06
5851 1 121972.560861523 1.20332911637976e-06 3.0829476393950802e-06
5852 1 113518.19283540999 2.2361920895097401e-06 3.1674503875819098e-06
5853 1 148329.302964909 1.1421839170488899e-06 2.5172476848432399e-06
5854 1 112456.73423702001 2.4556706032577299e-06 3.1942155049820701e-06
5855 1 112988.21690308199 2.38372906525404e-06 3.1603721336336102e-06
5856 1 130377.09530881001 8.9326496359135398e-07 2.9995334022725901e-06
5857 1 117694.877892095 1.55584508101367e-06 3.1891969213434198e-06
5858 1 116078.104309881 1.7674137961238501e-06 3.2220069123980601e-06
5859 1 133759.58309941599 8.5777058811419804e-07 2.9225187257381401e-06
5860 1 131983.22395157299 9.6323823098326393e-07 2.79683336029088e-06
5861 1 114617.479314974 2.0335943317945201e-06 3.23988393780753e-06
5862 1 119603.114167174 1.4215305139663499e-06 3.2191255891396899e-06
5863 1 121283.018909885 2.2439561893930299e-06 2.6606401687329901e-06
5864 1 113265.786528874 2.2952866795734599e-06 3.0944090805688401e-06
5865 1 115244.770179468 3.1861009152401901e-06 2.6584117776976999e-06
5866 1 106693.479621099 9.6769826265834407e-06 1.25966843904273e-06
5867 1 115718.148807391 1.8373364065459899e-06 3.2226619437981001e-06
5868 1 114958.341704461 1.9794593682659902e-06 3.2317063921477799e-06
5869 1 114214.065334037 2.1227104157918701e-06 3.2390611850826998e-06
5870 1 110058.443300199 2.9851387985192599e-06 3.2293522917807401e-06
5871 1 137835.800996117 1.05914212693851e-06 2.59038910564843e-06
5872 1 117271.152053103 1.6097736410582901e-06 3.19280362659822e-06
5873 1 116488.52454683 1.7088559330018899e-06 3.2104110557300202e-06
5874 1 120472.443251449 1.61596421179449e-06 2.8918145376245598e-06
5875 1 117030.235388496 1.61727204267765e-06 3.1394915216796502e-06
5876 1 118111.99455937 1.56363890531855e-06 3.1702904995636499e-06
5877 1 144124.116335128 1.02234743229859e-06 2.5989553646108601e-06
5878 1 143592.29014570001 1.1003782344167799e-06 2.5084340481457801e-06
5879 1 126996.505393253 1.04122873384148e-06 2.9199848517976401e-06
5880 1 121494.146345285 1.25055029552496e-06 3.0914756848839198e-06
5881 1 123694.36915786 1.14609253811762e-06 3.00724349183984e-06
5882 1 122578.87607753 1.1881307240467401e-06 3.0508778163343602e-06
5883 1 124871.396125546 1.11592726523492e-06 2.9589377272864601e-06
5884 1 113651.684165193 2.2232224850995e-06 3.20274666713534e-06
5885 1 125141.028638074 1.06303722590109e-06 3.1327503466642898e-06
5886 1 133631.46148875699 1.10457552641413e-06 2.65453416660019e-06
5887 1 129402.45172407699 9.1695623279824302e-07 3.0001589345620301e-06
5888 1 126125.22905007099 1.10684564234996e-06 2.9029801162380602e-06
5889 1 149541.27732824499 1.1953112021669301e-06 2.4935046545171599e-06
5890 1 131987.60364808599 1.0862189448392999e-06 2.7084970458608601e-06
5891 1 130419.320161382 1.07585119365965e-06 2.7620690051455799e-06
5892 1 109013.139428768 8.6925898179178299e-06 1.6689941331979201e-06
5893 1 131446.41373032701 4.1414154856983397e-06 2.1042988338807599e-06
5894 1 130425.837682981 8.9987545119466103e-07 2.9796455052012301e-06
5895 1 135039.70922615501 4.1411561628979297e-06 1.9842090927417598e-06
5896 1 139743.46984063499 9.53222792257645e-07 2.6751896146160501e-06
5897 1 149145.528298716 1.16126702232201e-06 2.5234432714880602e-06
5898 1 139164.484831123 4.2015444607986202e-06 1.84819170247761e-06
5899 1 144941.296528965 1.0171539972537e-06 2.6117907689656498e-06
5900 1 118943.213878296 1.47573581889112e-06 3.22327633835412e-06
5901 1 150753.22688427501 1.27616106340741e-06 2.4264520455959999e-06
5902 1 135069.28026962801 8.7091117053496797e-07 2.8575796173279e-06
5903 1 135933.51777973701 8.7786166422389596e-07 2.8255276351431599e-06
5904 1 136853.81042356699 8.8892608926546495e-07 2.79115768037487e-06
5905 1 138737.430821313 9.2651712168598604e-07 2.7158122501262999e-06
5906 1 137788.01321287901 9.0437708303478898e-07 2.75570204171187e-06
5907 1 124899.31968676001 4.06200224070965e-06 2.3480897499198901e-06
5908 1 126731.357588231 9.7687303256568198e-07 3.07952131830407e-06
5909 1 130111.483601292 1.1831865329457801e-06 2.7010701069827802e-06
5910 1 108848.422056378 7.6561306543790895e-06 2.1298317388802998e-06
5911 1 145773.63841370199 1.05033260625565e-06 2.5819277113589298e-06
5912 1 113458.252723174 2.26253091946382e-06 3.24752825872623e-06
5913 1 137827.33781324999 8.7448075025765398e-07 2.8032720639712299e-06
5914 1 115541.773882134 1.9140299544844298e-06 3.1709212260736598e-06
5915 1 127576.385679901 9.7641003403758397e-07 2.9970886490551299e-06
5916 1 142045.724530223 5.9731518921276303e-06 1.4593070495976499e-06
5917 1 149354.707610321 1.19252288201757e-06 2.4883760848652101e-06
5918 1 141840.87912748801 9.2584921481019104e-07 2.7115435642193399e-06
5919 1 148573.39376313801 1.16573061766992e-06 2.50008152489874e-06
5920 1 135921.46357605499 8.59197672822399e-07 2.86184818539266e-06
5921 1 109677.510280362 3.2515818180021102e-06 3.1543117875243601e-06
5922 1 143990.122953313 1.25038654050398e-06 2.3746897176181102e-06
5923 1 119275.26387514301 1.4481287736653201e-06 3.22376890519658e-06
5924 1 121277.579774677 1.31085909696213e-06 2.9813079212936799e-06
5925 1 148858.293238713 1.2310049020888501e-06 2.4394443733197899e-06
5926 1 124350.386515919 1.08642182944472e-06 3.1218857553817902e-06
5927 1 128724.78343035201 9.2276114811647801e-07 3.0386266603374699e-06
5928 1 147747.23063385399 1.1390064298022901e-06 2.5138429213442398e-06
5929 1 141064.648057738 9.6640054692045106e-07 2.65503975800188e-06
5930 1 143515.93289297301 9.6174602835337699e-07 2.6717362505482702e-06
5931 1 111809.813267716 2.5805301318029299e-06 3.2431157936606301e-06
5932 1 142422.581480163 1.0276970298678101e-06 2.5834826379789201e-06
5933 1 125992.57410835499 1.00728668660274e-06 3.0834758589234701e-06
5934 1 131466.353670432 8.7765069748642504e-07 2.98462499881256e-06
5935 1 114455.783270617 2.0314435406263098e-06 3.06960964844104e-06
5936 1 149552.287178584 1.25233277643733e-06 2.4271213304552498e-06
5937 1 120425.03322133599 1.33744872365995e-06 3.12748097269665e-06
5938 1 127559.04378498701 9.5711836741372005e-07 3.0472618077466999e-06
5939 1 137710.050285923 1.1071234918757901e-06 2.5545584161585298e-06
5940 1 143623.41217719199 1.0494174765206499e-06 2.5643249542259001e-06
5941 1 146826.32593997999 1.1276718920868299e-06 2.5115183455787301e-06
5942 1 145828.271269285 1.1011506714804699e-06 2.5270851685288602e-06
5943 1 119169.31955303501 1.4453666055419499e-06 3.14039723591173e-06
5944 1 144754.883486395 1.07533342230711e-06 2.5443681372046898e-06
5945 1 146311.02283809599 1.1749638131174101e-06 2.4521089104679498e-06
5946 1 111474.020283135 9.7196687927810293e-06 1.0764336134181201e-06
5947 1 124514.744451573 1.07367120119414e-06 3.0665802216767202e-06
5948 1 114933.86105988 9.7399072549336903e-06 9.0256624271585199e-07
5949 1 153827.711388108 1.4529594949722999e-06 2.3608117182381698e-06
5950 1 128508.382587491 9.6801823941861901e-07 2.9557561372132801e-06
5951 1 108412.823213529 9.9751081289447207e-06 1.0396713567574099e-06
5952 1 153110.423043863 1.3972097435324699e-06 2.3751709037002902e-06
5953 1 139362.04348589099 1.1047977465430799e-06 2.5291767075719401e-06
5954 1 140906.28844963599 1.10929707630826e-06 2.50784966271756e-06
5955 1 131749.754614884 8.7296713347666402e-07 2.9623174040865499e-06
5956 1 127438.23101078199 1.10597052106112e-06 2.84527347789369e-06
5957 1 130182.049419567 9.1104365100662305e-07 2.9687557419205098e-06
5958 1 139516.99275234999 1.20293000269764e-06 2.4611250521371502e-06
5959 1 116211.361737935 1.7551206650756299e-06 3.12910756373423e-06
5960 1 126304.573765195 1.32650354149635e-06 2.7495343091087801e-06
5961 1 121050.385830395 1.2932804504981699e-06 3.1936297066125799e-06
5962 1 112186.241777036 3.6862819980361801e-06 2.6707418954347102e-06
5963 1 140110.12710228501 9.580312800917209e-07 2.6667126761230498e-06
5964 1 143585.56592512099 4.1518536693528904e-06 1.71477461629077e-06
5965 1 133031.914720979 8.8266943682106304e-07 2.89775590290845e-06
5966 1 112270.858242934 2.47528554381583e-06 3.21027766137027e-06
5967 1 116063.969601349 2.3724228060527302e-06 2.85095134023518e-06
5968 1 111705.381830799 2.6270381485713401e-06 3.2445921134960499e-06
5969 1 149289.36750458201 5.3662961117430297e-06 1.3535300171936899e-06
5970 1 107664.596419696 1.10805013166718e-05 2.0613802094163899e-07
5971 1 130049.007420018 1.3107360358833101e-06 2.6470295786006998e-06
5972 1 110056.384358642 3.0949425936141798e-06 3.2058305915705199e-06
5973 1 121815.922764955 2.2963282877283498e-06 2.6110301530982199e-06
5974 1 150924.214840815 1.3194502397279101e-06 2.39840897891832e-06
5975 1 128605.64947893099 9.3072092878896295e-07 3.0489124792243301e-06
5976 1 150431.753270938 1.4872774603033601e-06 2.20701717415318e-06
5977 1 109336.978433746 3.33133273835095e-06 3.1963233797710998e-06
5978 1 143197.649569528 1.2985094048350601e-06 2.35624537667307e-06
5979 1 129061.49930878299 1.1906140311316999e-06 2.7163926983395301e-06
5980 1 116945.51842782101 1.69257200164684e-06 3.2407220712579201e-06
5981 1 107435.01479324501 1.15914850971828e-05 9.9023350384814796e-08
5982 1 119295.806756718 1.4288923603380299e-06 3.2102508250674101e-06
5983 1 117287.940392085 1.65303290265814e-06 3.2385230632447899e-06
5984 1 117289.286050148 1.64926338173952e-06 3.2405219274083899e-06
5985 1 151472.22340846501 1.5227774124903301e-06 2.18774178406527e-06
5986 1 115821.908603306 1.82161841665133e-06 3.1568964400098002e-06
5987 1 117604.088962339 1.6142269001239299e-06 3.2356975120572299e-06
5988 1 145783.395773817 1.1803130008603101e-06 2.4390881395650302e-06
5989 1 112555.703749338 2.4037002738959e-06 3.25363303655463e-06
5990 1 149893.706142479 1.2943159403426901e-06 2.3992995436041702e-06
5991 1 153384.107210013 1.43343545147349e-06 2.3835316037332702e-06
5992 1 120934.694472548 1.66855210944393e-06 2.8326246659560501e-06
5993 1 112619.305923174 2.4350762821926499e-06 3.1769690079356001e-06
5994 1 144515.45003842301 1.11625556612827e-06 2.4943900424291199e-06
5995 1 126701.89671749801 1.07273570707201e-06 2.8909385728294599e-06
5996 1 113183.69162260801 2.3182523419131199e-06 3.1458808164202602e-06
5997 1 136128.50490696501 8.5896305929344905e-07 2.85483411634396e-06
5998 1 131608.60986009199 6.9852096145271501e-06 1.4756605631192799e-06
5999 1 123435.959203577 2.2152608197201602e-06 2.5955534150354499e-06
6000 1 142593.51809831799 9.4258519042114504e-07 2.69174550964502e-06
6001 1 143328.849754169 9.5376888594098709e-07 2.6838962581091199e-06
6002 1 133682.39512902699 1.0562806302221001e-06 2.6870881623785298e-06
6003 1 126524.591245688 9.904752686895521e-07 3.0937762147648498e-06
6004 1 116204.961508654 1.7831084756607601e-06 3.0676888864099902e-06
6005 1 151309.904819485 1.2725139721334199e-06 2.4479625737961798e-06
6006 1 144556.97346053101 9.9152216979880607e-07 2.6420579414528e-06
6007 1 150282.067091228 6.2752031988252503e-06 1.1659265688671e-06
6008 1 152701.982592099 3.4999582087210499e-06 1.5975734006104601e-06
6009 1 133715.88033830799 8.5641238349437797e-07 2.9271366280360499e-06
6010 1 120898.34660799601 1.28215266694741e-06 3.1215735901843199e-06
6011 1 150802.572014401 3.4963715688764901e-06 1.63953662844678e-06
6012 1 136351.98545107001 9.5056606747381699e-07 2.7115019064463501e-06
6013 1 113080.736483648 2.2966480380945798e-06 3.2507369366477098e-06
6014 1 134323.13112276499 7.0248525194068897e-06 1.3833011456576899e-06
6015 1 118656.413877896 1.47720108606683e-06 3.1653209326781101e-06
6016 1 152891.134673188 1.4528927591254699e-06 2.3292572023287202e-06
6017 1 126693.224368574 1.4888480709135599e-06 2.6738721112022601e-06
6018 1 123821.24728600599 1.1033430159179399e-06 3.128442635449e-06
6019 1 113656.92292662201 2.1901146446138399e-06 3.2390283648690099e-06
6020 3 102010.565190243 9.5740983953621206e-05 6.7008891345173896e-08
6021 1 114390.208825708 2.0441905328400401e-06 3.2324601028524301e-06
6022 1 115131.668580717 1.89695320236252e-06 3.2242506618692602e-06
6023 1 144391.846009701 1.0063423448333299e-06 2.6216115134934401e-06
6024 1 151936.19289154201 2.05001886026014e-06 1.9535754827258302e-06
6025 1 142828.51830970999 9.4909217718339295e-07 2.68242863092572e-06
6026 1 115881.743991556 1.76541166454676e-06 3.2134868613618498e-06
6027 1 109340.57780268601 3.4039789389010198e-06 3.1823346818230398e-06
6028 1 116634.474950808 1.6664136485497301e-06 3.1974702668798798e-06
6029 1 124055.101822329 2.21611052820157e-06 2.54874076613205e-06
6030 1 117451.04294528899 1.62453315092836e-06 3.1757543336613502e-06
6031 1 153507.85463442601 1.4339352245661901e-06 2.3484460955300502e-06
6032 1 146026.864829709 1.04848600355493e-06 2.5877139576867899e-06
6033 1 130841.112907904 2.9351191781185401e-06 2.34730273736188e-06
6034 1 125458.27706885801 1.02183627224536e-06 3.09067325632984e-06
6035 1 155485.283956156 4.5009271569244096e-06 1.37468870781617e-06
6036 1 130417.846759789 8.9272950358471301e-07 3.0036129262941398e-06
6037 1 132463.971715322 1.7368549098865299e-06 2.4627792413257298e-06
6038 1 134123.049575071 1.1378953966188901e-06 2.6111580812358101e-06
6039 1 113494.844958847 2.1664537930731802e-06 3.0689808179791599e-06
6040 1 148536.644546708 1.1497027193542099e-06 2.5210754206863898e-06
6041 1 133592.74799696601 1.3488744335956499e-06 2.5351151081493699e-06
6042 1 104140.249146617 1.11076270300773e-05 1.93437360767601e-07
6043 1 122744.323504784 1.65184398264938e-06 2.7585348231726001e-06
6044 1 122203.462131825 1.6093905188947299e-06 2.81874785439656e-06
6045 1 123131.316826365 1.16896675917726e-06 3.1677501827547101e-06
6046 1 139459.82111089001 9.9369780183064696e-07 2.6314478132680199e-06
6047 1 129877.175692492 9.0327989468906502e-07 3.0203035102490501e-06
6048 1 145539.13300358001 1.0725448498318999e-06 2.55245133525982e-06
6049 1 120697.928666737 1.2871939605603401e-06 3.1016710058289599e-06
6050 1 121760.80339654699 1.21769689596454e-06 3.0625321769650299e-06
6051 1 152663.52235632599 8.4307191217634992e-06 7.4206934983487998e-07
6052 1 155512.45818693901 2.8596167196665898e-06 1.6867801505662799e-06
6053 1 101519.83269026699 1.09914916928804e-05 3.2018688974074699e-07
6054 1 153166.089034392 6.4725029664337497e-06 1.1078123046629801e-06
6055 1 103461.729716783 1.0519509784005e-05 8.5884438775644999e-07
6056 1 102359.40965437199 1.07885262756582e-05 5.3235973505043703e-07
6057 1 154443.57986122501 5.5322266595739296e-06 1.2613305743757e-06
6058 1 155463.82213166001 3.7111115750850901e-06 1.49208658159447e-06
6059 3 96285.552958849599 0.41055704179060198 7.3448092886154103e-08
6060 1 150016.24767164001 1.4234233120063001e-05 1.5030207360979201e-07
6061 1 106353.964194706 8.7250330528249393e-06 1.9628534203007e-06
6062 1 152167.18669190799 1.1001994671548099e-05 4.06605837341217e-07
6063 3 98412.196605885605 0.156014565195642 1.1394751366383901e-07
6064 1 155632.00947233001 2.10167650173299e-06 1.8547265008164701e-06
6065 1 107804.065898224 6.8557826819445398e-06 2.4192033673397802e-06
6066 1 154355.40814627201 1.64297624215831e-06 2.0701549531741301e-06
6067 1 150062.221676944 1.79947942026391e-06 2.1848385781135399e-06
6068 1 122844.715626965 1.1700556937697801e-06 3.01984530566452e-06
6069 1 120232.24656653 1.3729376125990599e-06 3.2132541897342399e-06
6070 1 123985.80182954299 1.13603164200197e-06 2.9723964412795198e-06
6071 1 108428.63770551 5.2501675972910602e-06 2.6174640240945999e-06
6072 1 128798.99093270001 9.2507948029557399e-07 3.0102340535138099e-06
6073 1 153879.39456583501 1.7018821156099899e-06 2.03407752286897e-06
6074 1 117636.218171858 1.6114114225056e-06 3.2380291954716498e-06
6075 1 153806.082411663 1.46063650852268e-06 2.3419799177585401e-06
6076 1 140069.022918787 9.74572674622988e-07 2.6466750543170702e-06
6077 1 108523.55346291501 4.4242661530692802e-06 2.79602001251147e-06
6078 1 125197.92308819899 1.1240713447682999e-06 2.9179498174239902e-06
6079 1 126994.20256168699 9.6769498429362003e-07 3.0545692780889801e-06
6080 1 118346.509895786 1.5024634006695201e-06 3.1473817433138402e-06
6081 1 153779.95150796699 1.7171798348922399e-06 2.0662254817459601e-06
6082 1 108975.846420973 3.9289274831481601e-06 2.9237246357815401e-06
6083 1 129693.8129623 9.4404547448655201e-07 2.9347698233692201e-06
6084 1 139770.76728816901 1.0261776546445599e-06 2.59398111617785e-06
6085 1 153757.70963631201 1.6847373512378699e-06 2.1311731251958601e-06
6086 1 105551.21237243099 1.09617661000652e-05 3.09607120555872e-07
6087 1 107904.770120295 8.3078027088243693e-06 1.9822476268144298e-06
6088 1 117949.435840522 1.57730001218644e-06 3.2330488293654098e-06
6089 1 148150.54529131399 8.1581549022544895e-06 8.0335946393638796e-07
6090 1 105853.028130575 1.08446901450341e-05 4.4130273828996801e-07
6091 1 147083.07150043099 1.04450417439084e-05 4.6255586659420501e-07
6092 1 102899.606645714 1.1511776676896e-05 7.7930845232960694e-08
6093 1 143092.33903335399 1.28878935952772e-05 2.2706235039360199e-07
6094 1 105994.30930159699 1.0366533956175701e-05 7.69705462927917e-07
6095 1 109172.01273592901 3.6736881683293501e-06 3.0129593469402501e-06
6096 1 109456.779208272 5.98466086588259e-06 2.5127653776321601e-06
6097 1 153207.10412852 1.6307773652694099e-06 2.0887160461223598e-06
6098 1 127779.36166809501 9.7756465101046992e-07 2.9675265001399802e-06
6099 1 154038.39009337599 1.62632251189935e-06 2.2022411088268599e-06
6100 1 109302.927369835 3.6743355179877201e-06 3.0684055491082701e-06
6101 1 144810.28148328399 6.2638456673162302e-06 1.2742098754733499e-06
6102 1 109691.15154081699 3.3404869409133299e-06 3.10569254802724e-06
6103 1 154001.45127108201 1.56404649840562e-06 2.2638733171106002e-06
6104 1 153138.63453651901 1.6435305344389799e-06 2.0740387869722099e-06
6105 1 109332.477532736 3.5025989489920799e-06 3.1237193303100101e-06
6106 1 153862.829580455 1.47861641184466e-06 2.32570170637633e-06
6107 1 112424.099443906 2.4870280867860001e-06 3.25095662482124e-06
6108 1 137892.615339501 8.7254661035003996e-07 2.8046323390003002e-06
6109 1 109327.956113928 3.8462215305844897e-06 2.8465863141462098e-06
6110 1 153179.163395752 1.6414911020334301e-06 2.1146954006359198e-06
6111 1 114983.79495156 2.5506379548143701e-06 2.8518624101021602e-06
6112 1 118270.468016453 1.54130052310182e-06 3.22671991967183e-06
6113 1 132467.95518502101 1.1043141762709101e-06 2.6719397238384402e-06
6114 1 146916.67459374099 1.09931739594389e-06 2.5439351933032801e-06
6115 1 109557.12675054499 3.4455415357715698e-06 2.9738462202519802e-06
6116 1 130874.52348720899 1.08950472514821e-06 2.7252389411898898e-06
6117 1 129385.0158832 1.0817570150639999e-06 2.77836655033159e-06
6118 1 145447.49784297799 2.74706384770677e-06 1.9405157587880499e-06
6119 1 129563.086884017 9.17616429289821e-07 2.9790148221632601e-06
6120 1 126822.07012149499 9.8948857168275001e-07 3.0084983639868401e-06
6121 1 153198.50754257501 1.5973488871959e-06 2.1824136752053299e-06
6122 1 146006.66674417301 1.07307542709659e-06 2.5609949102857801e-06
6123 1 126456.003161025 1.1200753126738999e-06 2.8604362706569099e-06
6124 1 126821.093514572 9.7755981989732702e-07 3.0700800271550698e-06
6125 1 109741.001166253 3.3026141539269e-06 3.05354204596002e-06
6126 1 104111.766860616 1.00949481354596e-05 1.2036319533950301e-06
6127 1 115764.957376148 1.8530875086320201e-06 3.1853676200395999e-06
6128 1 129911.87809975501 4.1931372963010096e-06 2.1210520284212502e-06
6129 1 133359.520839704 4.1883546887026896e-06 2.0047539825419698e-06
6130 1 153558.511663924 1.5548565326891799e-06 2.2427124056325402e-06
6131 1 129743.586180275 2.76771735344185e-06 2.4406694379824601e-06
6132 1 109680.122804985 3.27789100591294e-06 3.1306139862337e-06
6133 1 137227.33217274101 4.2667209805687899e-06 1.8688096870340599e-06
6134 1 119916.084195317 1.39579143735013e-06 3.2167674225014402e-06
6135 1 153588.093339235 1.4999257217448101e-06 2.2988653165737099e-06
6136 1 133977.335704975 8.5555174749860297e-07 2.92094023651436e-06
6137 3 94823.434256078399 0.51810524788332901 6.5749569357160907e-08
6138 1 139025.271719802 9.4557295950600197e-07 2.6871320910497201e-06
6139 1 135310.21918306101 8.7650990952377102e-07 2.8352468945984699e-06
6140 1 149626.15351079599 1.19570910458795e-06 2.4969333585547302e-06
6141 1 136204.99355423101 8.8614486654169799e-07 2.8014931150780002e-06
6142 1 130981.764570489 8.8420975125425795e-07 2.9865927669789801e-06
6143 1 137127.434755914 9.0005877836001901e-07 2.7664861987603601e-06
6144 1 138069.53165402199 9.2026480333255902e-07 2.7275709776931402e-06
6145 1 149871.44828780001 1.2071395590918801e-06 2.48026036749782e-06
6146 1 111800.887324449 2.5793838928559601e-06 3.1891647939168399e-06
6147 1 132421.85723613299 8.8514851638062603e-07 2.9073109650771202e-06
6148 1 131207.10666293799 8.9603529829197195e-07 2.94869358587693e-06
6149 1 145030.389108667 1.3133114289276399e-06 2.3242140543215198e-06
6150 1 129448.85214331601 1.0395726380955e-06 2.8096315987050099e-06
6151 1 145133.458961467 1.0068303495463999e-06 2.6287838614638301e-06
6152 1 116939.970211283 1.6997211475508299e-06 3.23811130631161e-06
6153 1 149119.37073191599 1.17962009636165e-06 2.4917833664297498e-06
6154 1 117607.211682038 1.6169203411611501e-06 3.23283849420196e-06
6155 1 151860.19724583099 1.3246149925553499e-06 2.4305985236708e-06
6156 1 132178.64734977201 8.8424914042369996e-07 2.92980255656093e-06
6157 1 147454.98650509201 1.12544859797067e-06 2.51987424274879e-06
6158 1 128191.839992935 1.03617960296287e-06 2.8642252422316901e-06
6159 1 141646.912300739 4.1773239856350696e-06 1.74479205100583e-06
6160 1 153154.92371327701 1.41545949326006e-06 2.3917385658202201e-06
6161 1 109593.932482018 3.19622988920371e-06 3.1996716345354301e-06
6162 1 109107.52663105199 1.0619420014274299e-05 4.9528401777196898e-07
6163 1 145195.59750479701 1.0382232199082299e-06 2.5919123751311701e-06
6164 1 148315.40902863999 1.15254875255467e-06 2.5052058724234401e-06
6165 1 153186.41981066001 1.84596971405187e-06 2.0550149602053702e-06
6166 1 141986.05352761899 1.0229388071614401e-06 2.5878656815506698e-06
6167 3 99878.038520830101 0.0043412925638192396 1.7133304679852501e-07
6168 1 105081.741306529 9.7654077289324806e-06 1.5722109504396301e-06
6169 1 139043.56180107899 8.7900936161056998e-07 2.7868684714538098e-06
6170 1 138387.75961929801 8.7325447026776403e-07 2.80008683706999e-06
6171 1 143171.583724369 1.09520493586981e-06 2.5123402091536201e-06
6172 1 141251.76553208099 9.8905280916131595e-07 2.6272321488075e-06
6173 1 136996.57883514199 1.28494316689903e-06 2.4880983524144201e-06
6174 1 137112.187323958 1.12230634873279e-06 2.5642816028785101e-06
6175 1 136763.46707635 1.58927099487305e-06 2.4112324330107799e-06
6176 1 118267.778639205 1.5411247293015501e-06 3.2297686726778498e-06
6177 1 133192.137077925 1.2615111613229301e-06 2.5872091982820299e-06
6178 1 135482.27151836199 2.6376770243849001e-06 2.3163991248580399e-06
6179 1 139276.17825986701 1.62464674093364e-06 2.3541779986350399e-06
6180 1 109318.480441548 3.59680417936744e-06 3.0963633531294699e-06
6181 1 122464.662035289 1.26402880874757e-05 2.4818767770462701e-08
6182 1 129875.204840265 1.36978300513192e-05 2.4156188305594501e-08
6183 1 144911.73957957499 1.15938254744177e-06 2.45560274585389e-06
6184 1 139811.716617517 9.3908410716195501e-07 2.6930288505430999e-06
6185 1 127655.765434439 1.06125734757583e-06 2.8751409575165499e-06
6186 1 111310.840891278 2.8513802553639599e-06 3.09017682600069e-06
6187 1 150580.369351915 1.3152875836966701e-06 2.38823423953384e-06
6188 1 140406.95095998101 8.9577610355860996e-07 2.75676508416063e-06
6189 1 146499.07742566199 1.1151081339147701e-06 2.51689199917457e-06
6190 1 132141.47061506999 8.7049849230155802e-07 2.9558770677453101e-06
6191 1 143210.75817007199 1.04012205316177e-06 2.5708987953261299e-06
6192 1 145472.77858383101 1.08910487077034e-06 2.5333645945231901e-06
6193 1 135861.341426725 1.0273634226634199e-06 2.65814078488896e-06
6194 1 135922.978580194 8.6331134181662003e-07 2.8538014483840598e-06
6195 1 144367.25164878301 1.06280064827653e-06 2.5524296081671901e-06
6196 1 150004.63913036001 2.0595862591383399e-06 1.9931367954958698e-06
6197 1 137214.50639136799 5.9220851832365896e-06 1.5492964959209601e-06
6198 1 151121.185543128 1.2712268549164501e-06 2.4566744340353801e-06
6199 1 132216.19488893301 8.7798312179317602e-07 2.9402033456877501e-06
6200 1 122994.147060068 1.1613856796245501e-06 3.09315565917773e-06
6201 1 112377.315964708 2.4539388489463402e-06 3.0887471413423601e-06
6202 1 122346.461424942 1.19048526001609e-06 3.1611858980015998e-06
6203 1 131167.986357594 8.7938910793557095e-07 2.9801928553704599e-06
6204 1 131974.30917569101 1.04220595554448e-06 2.7407471202397702e-06
6205 1 141533.06172675599 9.1789974962042302e-07 2.72361424877994e-06
6206 1 134689.15610258101 8.6403915908525796e-07 2.8777910135315298e-06
6207 1 131786.430310317 9.950026295713069e-07 2.7841643015907199e-06
6208 1 132306.39482955501 8.6650866328023001e-07 2.9509138093344802e-06
6209 1 138809.93461917099 1.1143062264930401e-06 2.5373176815408601e-06
6210 1 138401.452401919 9.6075590560598495e-07 2.6767537473337801e-06
6211 1 141927.561259029 1.1223153861851201e-06 2.4917296221727099e-06
6212 1 140410.12959035099 1.11505223961016e-06 2.5126722690364798e-06
6213 1 137582.464849777 1.4732942732887099e-06 2.4016942704887499e-06
6214 1 123329.507777384 1.1637884790437499e-06 3.16748142703912e-06
6215 1 137672.34372478299 1.24100735800953e-06 2.4788236948816199e-06
6216 1 123985.977817577 1.1193255470023099e-06 3.1504782843146001e-06
6217 1 124509.74019465101 1.0840057275542899e-06 3.1355138609029102e-06
6218 1 118614.41905093601 1.5082458101276701e-06 3.22684712413481e-06
6219 1 135005.37085788799 8.5623627497543195e-07 2.88711786954635e-06
6220 1 126963.775647979 9.7109788684964992e-07 3.07982847848289e-06
6221 1 113605.673582819 1.0563198216695701e-05 4.9158259757132696e-07
6222 1 137805.625964059 8.6412244611954898e-07 2.8225117391792101e-06
6223 1 123079.538822232 1.1819134627622401e-06 3.1725634154979701e-06
6224 1 137636.38959905101 1.6457959374653601e-06 2.37097127683241e-06
6225 1 110254.881784286 2.9345825618436999e-06 3.2205770366719701e-06
6226 1 135131.008916085 9.3358721272054502e-07 2.753580116033e-06
6227 1 125157.792556238 1.06256042468459e-06 3.1323777875832799e-06
6228 1 135399.18001489399 8.5301496386145696e-07 2.8868411818643601e-06
6229 1 119288.20275288 1.4459979931430201e-06 3.2200577949328102e-06
6230 1 115316.083923432 1.9395895876908198e-06 3.15456323064642e-06
6231 1 151663.94724387399 1.28973761960669e-06 2.4387252579754898e-06
6232 3 94176.573596013899 0.55315800799898995 6.1251943950298694e-08
6233 1 147788.82514982601 1.12877027804415e-06 2.5257814597142798e-06
6234 1 122868.733981458 1.1884086989660601e-06 3.1729090118308101e-06
6235 1 131556.23036880101 8.7642475698806997e-07 2.9740594291558301e-06
6236 1 143139.839300322 9.559092874397911e-07 2.6779430353778298e-06
6237 1 143719.44915672301 9.6897014160033202e-07 2.6650684460845798e-06
6238 1 141059.20068111701 9.0609134811699002e-07 2.74121725005736e-06
6239 1 121459.81341312399 1.24338629543829e-06 3.1738947019113299e-06
6240 1 109548.408135989 3.1374863566406001e-06 3.2124708175058498e-06
6241 1 136572.35341394399 7.0305288514151601e-06 1.3337915240259499e-06
6242 1 120970.20159498 1.3171568982909501e-06 3.2008133758235302e-06
6243 1 120816.23352018499 1.28603503043937e-06 3.1459972284056201e-06
6244 1 153584.743569221 1.42123758998646e-06 2.3784359948186199e-06
6245 1 111328.08262112401 2.6857189560268401e-06 3.2427859536333001e-06
6246 1 111951.590612813 2.5516920946706099e-06 3.24725731109851e-06
6247 1 128109.82748477699 1.4514702423952099e-06 2.6586087738737299e-06
6248 1 120594.16868154 1.30346042974701e-06 3.1855066452988998e-06
6249 1 128855.457209115 9.2199107436716299e-07 3.0409851458164999e-06
6250 1 128226.764008666 9.3733527996520895e-07 3.0549783308498598e-06
6251 1 116632.03419388201 1.73321167979415e-06 3.2430130901346299e-06
6252 1 147748.23684316501 1.1538178110515599e-06 2.49805405541146e-06
6253 1 142362.06957023099 9.3588515914677997e-07 2.6997960957984801e-06
6254 1 133474.15743077599 1.1709822149146901e-06 2.6204407820775601e-06
6255 1 125740.71310860501 2.15195802392912e-06 2.5377218615053198e-06
6256 1 136501.14564343099 8.5981084473582299e-07 2.8489731045309198e-06
6257 1 118131.746657333 2.05539924146872e-06 2.8477180495942e-06
6258 1 145459.78075862399 1.2072839942856699e-06 2.4111721108820998e-06
6259 1 124028.897166037 1.60752185124501e-06 2.7424559647655301e-06
6260 1 150447.642422884 1.4697555491582e-06 2.23291209425884e-06
6261 1 118096.509295563 2.8269473619249999e-06 2.64237462342972e-06
6262 1 111722.982556897 2.6149886720489398e-06 3.20345452539782e-06
6263 1 152510.08642854 1.3586344887624101e-06 2.4038965460295699e-06
6264 1 126409.86437421601 1.0665270734883199e-06 2.9317551321731101e-06
6265 1 130615.581303749 8.8732575117551802e-07 2.9967470585336899e-06
6266 1 114951.44694139301 1.21759592381479e-05 2.3668715244570599e-08
6267 1 112207.39234419601 2.5226646697424299e-06 3.1546571737747599e-06
6268 1 118607.854230471 1.5086802604933899e-06 3.22905482702219e-06
6269 1 130018.939643968 8.9703070721883398e-07 3.0099477711560302e-06
6270 1 136751.490366838 1.7899676491300999e-06 2.3854975660681998e-06
6271 1 145658.75274183799 1.0591522965860201e-06 2.56954408395497e-06
6272 1 149480.06621409001 1.1805648332132399e-06 2.5072522493221999e-06
6273 1 153316.110103046 2.0446546599074201e-06 1.93557265710202e-06
6274 1 152248.66960182399 1.33982177699736e-06 2.4233314597288901e-06
6275 1 113216.112937294 5.76674106623547e-06 2.45007171531682e-06
6276 1 109880.265558075 3.06183465879266e-06 3.2224024345275901e-06
6277 1 110580.877025975 3.15160902335115e-06 2.9972587754604701e-06
6278 1 138932.96802441601 8.7498207723014804e-07 2.7950951491847199e-06
6279 1 139443.69341997101 8.8222434745660202e-07 2.78033967658762e-06
6280 1 135612.20226938499 8.5336297838095404e-07 2.8814412032940701e-06
6281 1 112076.37434187401 3.5498263749331699e-06 2.7433629232248501e-06
6282 1 130998.10101992 8.8384061676384496e-07 2.99084588405074e-06
6283 1 112808.444441222 2.4637631039995901e-06 3.1134658296709301e-06
6284 1 109990.190763048 3.05042092746597e-06 3.2169460754491998e-06
6285 1 132471.98269881299 8.7745175902871896e-07 2.9215965386280699e-06
6286 1 115195.824602013 1.88458100061441e-06 3.0727670346386799e-06
6287 1 125542.42265914301 1.2137765737020399e-06 2.8392937361952799e-06
6288 1 109335.187630557 3.22969028496847e-06 3.20911906526247e-06
6289 1 132685.75847418699 8.6448155254783205e-07 2.9450343498309899e-06
6290 1 132108.777591247 8.6952868571211497e-07 2.9619639271733299e-06
6291 1 124759.170632644 1.06692208308255e-06 3.1299402950153e-06
6292 1 123592.03865058 1.1336070611772799e-06 3.1553264361876202e-06
6293 1 134853.46338544801 8.5484223544134605e-07 2.8981906899872601e-06
6294 1 146357.896598299 1.2044700034552499e-06 2.4232607928559101e-06
6295 1 122452.28149926499 1.3308554620656301e-06 2.92323243154501e-06
6296 1 119271.90474918199 1.44895508938102e-06 3.22247532432999e-06
6297 1 141088.84147687399 1.2959331011619699e-06 2.3931528229620498e-06
6298 1 144069.80851873301 9.7461287394498591e-07 2.6594148059597998e-06
6299 1 142996.59217944299 9.4615077005556703e-07 2.6899371970794398e-06
6300 1 121263.878441918 1.2880311193554901e-06 3.1956307672948999e-06
6301 1 120635.85799910199 1.34037722590837e-06 3.20500960373056e-06
6302 1 111231.479958187 2.7416717046636899e-06 3.24291636015357e-06
6303 1 128734.572637865 9.3059852009179504e-07 3.0506881924902701e-06
6304 1 127962.246306022 9.4659838740553898e-07 3.06224463497726e-06
6305 1 116287.04573234799 1.7738660338792299e-06 3.2446513835267499e-06
6306 1 146729.77216591401 1.0604566442115701e-06 2.5862747531147199e-06
6307 1 110155.20311857801 2.9760292103515401e-06 3.2349637171512499e-06
6308 1 136681.30644682099 8.6006076838704495e-07 2.8433409541706501e-06
6309 1 134828.63637774499 1.12681806881111e-05 2.9613796384022399e-07
6310 1 110944.98156535201 4.5249257440989003e-06 2.6145070894919702e-06
6311 1 107286.873513304 9.0966249490068907e-06 1.6245803271627701e-06
6312 1 132340.52636020401 1.17099764592381e-06 2.6369414754111099e-06
6313 1 149666.08953756199 1.19614955853448e-06 2.4993308126706598e-06
6314 1 149119.87869058299 1.1701322123262599e-06 2.51338208436022e-06
6315 1 116986.455433895 1.68820399351559e-06 3.2430209987359e-06
6316 1 152367.99985031001 1.3618881628168399e-06 2.41452020650042e-06
6317 1 151735.36168274001 1.60455452770994e-06 2.0982198236043098e-06
6318 1 110476.438116253 2.89821295571216e-06 3.23859296408823e-06
6319 1 114588.142758492 2.05702493007927e-06 3.1871909266353798e-06
6320 1 132828.557921411 8.6158916500990501e-07 2.94165672529929e-06
6321 1 109625.458643551 3.2264612708133501e-06 3.1861641421039998e-06
6322 1 125158.129653169 1.0546424184296301e-06 3.1249352627383101e-06
6323 1 123505.31680764499 1.15332436841609e-06 3.1630075259972298e-06
6324 1 135078.444311186 8.5423675333763001e-07 2.8892312615959902e-06
6325 1 125734.203620238 1.3200075702831899e-05 1.3827001465937701e-07
6326 1 111097.41366740401 2.7440822904276301e-06 3.2449961767033202e-06
6327 1 140072.11389885901 8.9920080186074498e-07 2.75020258886777e-06
6328 1 118946.34594837 1.4780238856825099e-06 3.22594560620937e-06
6329 1 153850.83097538899 1.4547700009555301e-06 2.35266752307162e-06
6330 1 150182.97213031299 1.2254949604706e-06 2.4817555174351399e-06
6331 1 110897.76471221 2.7944348513336702e-06 3.2409321441505901e-06
6332 1 128965.08484340701 9.2233976224301499e-07 3.0431117828649201e-06
6333 1 127591.84441289199 9.538361583066081e-07 3.0680135086931499e-06
6334 1 115987.547222076 1.8193669100025899e-06 3.24655750137183e-06
6335 1 146380.91725482701 1.05274176414128e-06 2.59211099186729e-06
6336 1 137043.66910965901 8.61239956059231e-07 2.8376408909038901e-06
6337 1 136501.34588107301 8.5763260146082695e-07 2.8544001226440902e-06
6338 1 152594.61674155199 1.36854105729537e-06 2.3820102683035599e-06
6339 1 146931.93050253601 1.0722756293535599e-06 2.5787245028456499e-06
6340 1 148979.760323478 1.1542724446518701e-06 2.5245902517461401e-06
6341 1 148344.39814585599 1.168177498559e-06 2.4890243386638801e-06
6342 1 152730.891091709 1.37772313323011e-06 2.4072392532580799e-06
6343 1 133218.34751590801 8.6001333237285596e-07 2.93625501014706e-06
6344 1 130386.531399602 8.9483134712050504e-07 2.9935336498727402e-06
6345 1 125392.187746874 1.04029804480481e-06 3.1196640761808802e-06
6346 1 134904.16797162499 8.5349933424507795e-07 2.9002581372725101e-06
6347 1 152066.11664249201 1.5525566377440999e-06 2.2029315540873998e-06
6348 1 110637.66240296701 2.88388359256544e-06 3.2367805150085798e-06
6349 1 127498.99561551699 9.6370178588153196e-07 3.0769882491795599e-06
6350 1 129356.25943352999 9.1631701106854603e-07 3.0368170347037002e-06
6351 1 115997.124862539 1.8154440242452e-06 3.2487487196695001e-06
6352 1 115642.691168602 1.8636325771515801e-06 3.2477523940620599e-06
6353 1 146230.187314212 1.04010533674412e-06 2.6029964240367901e-06
6354 1 136668.211494127 8.5811999954053398e-07 2.84824902413048e-06
6355 1 148620.118470666 1.14348977167861e-06 2.5312277601578602e-06
6356 1 125287.69090862499 1.0558965245330899e-06 3.1280002148683402e-06
6357 1 127148.73444110301 9.7170192041533999e-07 3.0824867965506401e-06
6358 1 115357.639281479 1.9174981365775298e-06 3.2493242177503899e-06
6359 1 145899.09693949201 1.0328176872240201e-06 2.6088083293217098e-06
6360 1 148414.994456727 1.12988228703889e-06 2.5386707669132798e-06
6361 1 127072.33136112199 9.8333013842187411e-07 3.0908776509417701e-06
6362 1 115029.338028103 1.9716262147065402e-06 3.25022435393053e-06
6363 1 145701.61099907401 1.02342330373467e-06 2.6155299981210499e-06
6364 1 148042.057390539 1.11981976397514e-06 2.5451604782141899e-06
6365 1 126718.52279175801 9.9411773246983106e-07 3.09733824120537e-06
6366 1 114734.603683971 2.0239306888812299e-06 3.2511394580274099e-06
6367 1 147830.966414511 1.10666201822122e-06 2.5529937861165802e-06
6368 1 126431.380616558 1.00562476219002e-06 3.1034447398939899e-06
6369 1 114738.60509968799 2.0152345608081302e-06 3.25344814413364e-06
6370 1 147459.407788977 1.09702107848453e-06 2.55958412549425e-06
6371 1 114438.965189646 2.0660015091234399e-06 3.2540761479495899e-06
6372 1 147303.64369886299 1.08168603647136e-06 2.5719627260790398e-06
6373 1 114107.714394576 2.1198564912773199e-06 3.25416236685364e-06
6374 1 130211.507319888 8.9883514140657695e-07 3.018065506638e-06
6375 1 130563.361897347 8.9207695726727305e-07 3.0092034508574899e-06
6376 1 141319.563827028 9.1023721660014898e-07 2.73733869090943e-06
6377 1 141950.00700433899 9.2213212665814597e-07 2.7217293458956202e-06
6378 1 133443.51184066501 8.5792403552877696e-07 2.9403670451629099e-06
6379 1 150841.84827893501 1.2640086922894399e-06 2.4660122578473202e-06
6380 1 121250.25480723 1.2919301430539499e-06 3.1993314358547598e-06
6381 1 132864.69799153201 8.6236530801130401e-07 2.9545819308409499e-06
6382 1 132541.35529031401 8.6512758061348296e-07 2.96185941092914e-06
6383 1 142261.33085261899 9.2824642114537997e-07 2.7142038293194399e-06
6384 1 143271.30354301201 9.49062423267646e-07 2.6902827995842201e-06
6385 1 133152.23677453201 8.5993679277983599e-07 2.94750231316516e-06
6386 1 143589.700719121 9.5752836583673601e-07 2.6813768968654198e-06
6387 1 111403.842552439 2.66949684768596e-06 3.2476696668424502e-06
6388 1 115131.34670862 1.9485579000394599e-06 3.25521250100705e-06
6389 1 116402.387008812 1.76407856709395e-06 3.2493166761987799e-06
6390 1 117684.537411998 1.6063587733540901e-06 3.23987618231119e-06
6391 1 122955.87070598399 1.1909916655647e-06 3.1757400058468899e-06
6392 1 124205.760032908 1.1138717962778601e-06 3.1521407498103901e-06
6393 1 128029.98004699301 9.5392201779960209e-07 3.0716927853678301e-06
6394 1 131873.725728099 8.7230041636358701e-07 2.9774827755877102e-06
6395 1 135727.39960254799 8.5317935562378599e-07 2.87738123931803e-06
6396 1 139727.13602793799 8.8486431937348197e-07 2.77658624800717e-06
6397 1 140992.78019395101 9.0474949386144496e-07 2.7450552951235799e-06
6398 1 144219.01410864899 9.7359424977566691e-07 2.66523930329398e-06
6399 1 145472.615224482 1.01009737354599e-06 2.6322122993864001e-06
6400 1 148011.72639257001 1.10911233650445e-06 2.55862448341642e-06
6401 1 151750.67928079399 1.3241250701565e-06 2.4375627005416699e-06
6402 1 153049.22657700401 1.4108163483818801e-06 2.3966896214015599e-06
6403 1 133750.25013994001 8.5630858601555595e-07 2.9335192408053901e-06
6404 1 141629.86218070399 9.16105612152146e-07 2.7295069984608698e-06
6405 1 142926.75555699799 9.4195310381957295e-07 2.6981737770286999e-06
6406 1 143916.12446022499 9.6565787233362806e-07 2.6730158631802801e-06
6407 1 113237.838442117 2.2777239314578801e-06 3.2564703552935501e-06
6408 1 120900.82454519 1.3160725409366699e-06 3.2040106401473098e-06
6409 1 126069.936000325 1.0176614882213101e-06 3.1115793658111001e-06
6410 1 149529.13224768601 1.1917748087870099e-06 2.50747209033726e-06
6411 1 119613.15354453 1.41677518297658e-06 3.2201897298851198e-06
6412 1 129909.643078236 9.0510487211029599e-07 3.0256759966568701e-06
6413 1 137826.22444123999 8.6395402730189895e-07 2.8223831343468802e-06
6414 1 146773.960234389 1.0561961407048899e-06 2.59564033790119e-06
6415 1 149863.27007379301 1.2085120113136701e-06 2.4980127444593499e-06
6416 1 120559.971539625 1.3391126409152601e-06 3.2081443198257201e-06
6417 1 145148.15869382501 9.9991788344373401e-07 2.6409379150447199e-06
6418 1 152746.18126049399 1.38830062143313e-06 2.4069280940974501e-06
6419 1 151136.164646722 1.27822295339145e-06 2.4585536166901001e-06
6420 1 120253.570360008 1.36373774585055e-06 3.21228486624574e-06
6421 1 150829.720987715 1.2631806746458201e-06 2.4683833209525999e-06
6422 1 130867.94190744399 8.8650752361844795e-07 3.0012142321938601e-06
6423 1 121594.481630978 1.27228687959036e-06 3.1953173141001299e-06
6424 1 119913.37347211099 1.3906714577926801e-06 3.2164466966255701e-06
6425 1 147723.67233454 1.0948056229564399e-06 2.5681351111198001e-06
6426 1 147108.40523628 1.06876619217831e-06 2.58637845271788e-06
6427 1 132228.001452044 8.6871366110839199e-07 2.96996818777779e-06
6428 1 142599.84133665601 9.3536965417012403e-07 2.7056842272232299e-06
6429 1 147402.98944088499 1.0816004249737601e-06 2.5773227651631099e-06
6430 1 138128.74454135701 8.66315443459219e-07 2.8159831644169199e-06
6431 1 149218.90807860001 1.1742486658110399e-06 2.5178392910338099e-06
6432 1 144535.681385648 9.8203122637012996e-07 2.6571444648316702e-06
6433 1 144846.94802187299 9.9086194638583403e-07 2.6490642477150099e-06
6434 1 140055.07962406101 8.8976598278717598e-07 2.7681649354720099e-06
6435 1 138455.35665549 8.6895518555342996e-07 2.8088059082452901e-06
6436 1 121970.683497237 1.2524951844168799e-06 3.19094128964632e-06
6437 1 131197.43819083599 8.8147927316102598e-07 2.9935467339010502e-06
6438 1 151434.766954091 1.2994855495701e-06 2.4479672784273e-06
6439 1 152082.93631203601 1.34791976986207e-06 2.4259116145359499e-06
6440 1 138148.68640660401 8.6641290993003403e-07 2.8153325396437801e-06
6441 1 152403.140343812 1.36789827633754e-06 2.4164827860669699e-06
6442 1 140354.58004793001 8.9440840205529796e-07 2.76063298271547e-06
6443 1 131533.204389083 8.7627703315756104e-07 2.9847603479229602e-06
6444 1 140680.869045128 8.99619718991008e-07 2.7525681796879801e-06
6445 1 122666.98195379799 1.21110580466163e-06 3.1810118861121398e-06
6446 1 122296.382965404 1.23127410631409e-06 3.1860296824021098e-06
6447 1 151439.123777095 1.30328646233632e-06 2.4478430625279999e-06
6448 1 150512.29904444501 1.24489076235305e-06 2.4781074725581198e-06
6449 1 151133.470461399 1.2830479900630699e-06 2.4581677772980302e-06
6450 1 150191.65798080899 1.2255781795480899e-06 2.4884638932945101e-06
6451 1 124560.281018703 1.06079316943336e-06 3.1047630869769501e-06
6452 1 150005.363282918 1.2097259993364301e-06 2.4945471293890301e-06
6453 1 110787.794648957 2.81831153417127e-06 3.2420741975711998e-06
6454 1 145784.19542382599 1.02122942327898e-06 2.6228333183248198e-06
6455 1 146455.35171616901 1.0435722277755499e-06 2.6050842706945998e-06
6456 1 146120.16934701899 1.0320453497328699e-06 2.6141665657629502e-06
6457 1 112219.879962188 5.8732676992531002e-06 2.4455259322155099e-06
6458 1 126321.119524835 9.8916912023476407e-07 3.07712438478172e-06
6459 1 113261.599559315 1.1360246845577e-05 1.4145086220699499e-07
6460 1 146885.603401723 1.07517404367245e-06 2.5740404625818399e-06
6461 1 149708.55069374901 1.19793371240934e-06 2.50119519657203e-06
6462 1 138587.521847611 2.20978102382741e-06 2.3166609540373599e-06
6463 1 137227.43358533899 8.6202695074878401e-07 2.8319566233775798e-06
6464 1 128731.35905732401 1.4963392631246599e-06 2.60192911523171e-06
6465 1 137038.48016277599 8.5927023295671004e-07 2.84235742564667e-06
6466 1 119854.69866105801 1.36445683546334e-06 3.17696221616081e-06
6467 1 155384.659404957 2.3482797155614302e-06 1.80585702937507e-06
6468 1 122809.57413027099 1.46936211756839e-06 2.8205715454680701e-06
6469 1 154918.06775175 1.7186687625581e-06 2.0177996129156302e-06
6470 1 140027.88715200999 1.35368243361201e-05 6.9863900449382296e-08
6471 1 118412.479995676 1.5127692047871501e-06 3.1833888690946598e-06
6472 1 144291.36358799701 9.8232245189439598e-07 2.6527262220852599e-06
6473 1 126140.217018415 9.9531369190152409e-07 3.0675645158743601e-06
6474 1 130419.843420814 3.56331328219845e-06 2.2310377136693498e-06
6475 1 125682.049805327 1.02628443978623e-06 3.0258888715189899e-06
6476 1 133389.980550326 8.5870341557193002e-07 2.9277293123325002e-06
6477 1 117946.826581439 1.57545954856021e-06 3.2351189896061299e-06
6478 1 138229.05545359399 8.8576042095805297e-07 2.7800084674806802e-06
6479 1 131729.87672045801 8.7216447514443e-07 2.9680898842293301e-06
6480 1 145078.17671260401 1.04721389858424e-06 2.5793434856760201e-06
6481 1 109311.022034633 3.2599591595856901e-06 3.21691742986939e-06
6482 1 120269.98285635401 1.32054575107474e-06 3.1802019148197399e-06
6483 1 113825.45112951301 3.4488438701546098e-06 2.6752148885153599e-06
6484 1 119431.79009649801 1.38403908957233e-06 3.1179712412202398e-06
6485 1 127766.349331273 9.4643465437533097e-07 3.0285786795206999e-06
6486 1 148320.48082405099 1.1241026057526301e-06 2.54878123356578e-06
6487 1 148901.16602350801 1.15827580223587e-06 2.52739176505465e-06
6488 1 116345.859027342 4.8737062937930002e-06 2.5058194521913198e-06
6489 1 131654.37253559899 2.6801252337861799e-06 2.4262681954075799e-06
6490 1 147244.236907938 1.0838732980193399e-06 2.56779197637448e-06
6491 1 113751.60597043599 4.7467089828969897e-06 2.58094005483593e-06
6492 1 152142.301700663 1.34049964380098e-06 2.4253030962809601e-06
6493 1 111069.600355519 2.76319237405548e-06 3.23952026185673e-06
6494 1 134290.418763294 8.6571646890807305e-07 2.8887513015883102e-06
6495 1 132898.631836513 8.6242627335346696e-07 2.93477772780478e-06
6496 1 110558.242022087 3.1269813063592801e-06 3.0988747716788001e-06
6497 1 114720.68791329001 1.9735452746530399e-06 3.0309936684426401e-06
6498 1 111237.803835185 9.3050913271840201e-06 1.3006711362888101e-06
6499 1 114552.86433115401 3.0402668768705801e-06 2.69492552139777e-06
6500 1 128985.32928532601 9.52037953175606e-07 2.9461807651212501e-06
6501 1 145632.20226366501 1.0263352055579501e-06 2.61059668502222e-06
6502 1 125663.618434768 1.0271321261761199e-06 3.1108945330152399e-06
6503 1 131417.230408679 8.9749039106726602e-07 2.9253288327260001e-06
6504 1 152956.53318986701 1.4118389196946401e-06 2.3586328739575998e-06
6505 1 127802.318827315 1.1227164273077e-06 2.80379118825188e-06
6506 1 110683.433390468 2.8350369349008999e-06 3.2366900245451801e-06
6507 1 152532.14174997801 1.4193890692837799e-06 2.3399961161512199e-06
6508 1 128723.102435507 9.7612454893178004e-07 2.9233984992329501e-06
6509 1 146693.16144928601 1.07749296735908e-06 2.5624846711183801e-06
6510 1 139017.972692404 1.2459050207733301e-06 2.4592028150792499e-06
6511 1 138384.12575246801 8.6847543883783605e-07 2.8105854144190298e-06
6512 1 148609.65921823899 1.1407089746239599e-06 2.5383259060327099e-06
6513 1 130373.782774794 9.13563251992178e-07 2.9445233979113299e-06
6514 1 146142.89062894101 1.04590116617858e-06 2.59385730923166e-06
6515 1 124248.687810811 1.1007166408989401e-06 3.1447933592642799e-06
6516 1 151724.93828671001 1.30355334669167e-06 2.4394029967322898e-06
6517 1 134316.051644383 8.7876858492272405e-07 2.8537782203839298e-06
6518 1 133235.468315431 8.6108026549376503e-07 2.9295466989494399e-06
6519 1 127357.424505267 9.7441302001943808e-07 3.0862937055537998e-06
6520 1 138155.18230815901 8.7102107566543195e-07 2.8062360696335499e-06
6521 1 146533.31642181001 3.7307490828594302e-06 1.7010622123153599e-06
6522 1 110851.38463466401 2.8484465495802302e-06 3.2161867674843798e-06
6523 1 112932.861068849 2.3235254435882999e-06 3.2007684136433698e-06
6524 1 151082.75226162799 1.6759658643545099e-05 1.28941509534444e-08
6525 1 128113.35898542299 9.4677503725933095e-07 3.0644573511506101e-06
6526 1 143857.74275385201 1.2955451406392699e-06 2.3433523460448301e-06
6527 1 142945.20836245001 9.4764226093800103e-07 2.68610684054627e-06
6528 1 153793.66692786801 1.45122611777319e-06 2.3712746288803899e-06
6529 1 109323.152870975 3.2256360648875199e-06 3.21547268178686e-06
6530 1 145966.10896928099 4.1591168429114401e-06 1.61690841797665e-06
6531 1 142331.73898570999 1.11687492917443e-06 2.4925435191619398e-06
6532 1 153150.84963395901 1.4055018587669899e-06 2.39055806621626e-06
6533 1 124629.365071935 1.08713904599511e-06 3.1397931831547401e-06
6534 1 150705.69908378099 1.24931945468801e-06 2.4546918930545401e-06
6535 1 133311.05828121901 8.8532892629130196e-07 2.87204528253498e-06
6536 1 109508.022037826 3.1304280083114101e-06 3.2189288599006001e-06
6537 1 139338.62330922901 8.8995584269600799e-07 2.7669146398149499e-06
6538 1 117591.609761171 1.58854628848422e-06 3.0924197436373999e-06
6539 1 116496.036697166 1.76385185500709e-06 3.0248939197049598e-06
6540 1 128356.286144721 9.3716611171773495e-07 3.05666766397167e-06
6541 1 143283.183743901 1.02101299051956e-06 2.59352269987111e-06
6542 1 118595.12182190899 1.5041466757879199e-06 3.2229009137115601e-06
6543 1 138966.29757322199 1.331503047933e-06 2.4249096804790698e-06
6544 1 138876.81640205701 9.6349696316551602e-07 2.66675785263011e-06
6545 1 130601.331116074 9.0084165268834399e-07 2.9585711098647199e-06
6546 1 114646.176263284 2.0099081701301701e-06 3.2091220793768598e-06
6547 1 124672.78212416499 6.3561343446982602e-06 1.9544579190417702e-06
6548 1 141334.90328162801 9.09791139933459e-07 2.7371763678435501e-06
6549 1 117954.750310763 2.39559510545816e-06 2.7327720065209001e-06
6550 1 110344.15291256001 3.1069318943770801e-06 3.1658434238620999e-06
6551 1 129920.963893394 9.49219588529762e-07 2.9036262275383398e-06
6552 1 117336.347155043 1.64457019460988e-06 3.2426042907470701e-06
6553 1 116695.094570096 1.7234142466361801e-06 3.2473120279359701e-06
6554 1 141433.149864192 9.1142405854700403e-07 2.7336789271112498e-06
6555 1 111244.62491635801 2.8462945231241601e-06 3.1149182242406502e-06
6556 1 137466.866449266 2.23247281189959e-06 2.3202246581358202e-06
6557 1 125864.503249819 1.2285755287398599e-06 2.7974415000911902e-06
6558 1 118206.16245973 4.3492761457048104e-06 2.52326797572257e-06
6559 1 117512.443851526 4.7710650864659203e-06 2.4531728420558801e-06
6560 1 151907.253671265 1.3962379279643399e-06 2.35089083493471e-06
6561 1 144528.98180760301 9.8341474062785394e-07 2.6542125700464898e-06
6562 1 110367.121431155 7.4703365779187498e-06 2.1452196681630399e-06
6563 1 151526.506410687 1.29691835111284e-06 2.4281771024378102e-06
6564 1 115421.050422459 1.9013944354131301e-06 3.2541067054187701e-06
6565 1 116056.598272117 1.8089414186017799e-06 3.2511635652650499e-06
6566 1 145810.68681814501 1.0389136415994799e-06 2.59945866828821e-06
6567 1 143686.77083568901 1.34534197904069e-06 2.3152539750456501e-06
6568 1 151620.13956353001 1.72737433628714e-06 2.1711180444515999e-06
6569 1 118514.77824930201 2.1317614310029202e-06 2.7865921139623402e-06
6570 1 149082.35135585701 1.46183132310881e-06 2.2071534777642299e-06
6571 3 100782.38864907699 0.0020863036628547401 5.0213697067165201e-08
6572 1 125451.883073351 1.0469144240655101e-06 3.1256996616137799e-06
6573 1 117980.705331697 1.5718740036967699e-06 3.2370765348082999e-06
6574 1 119912.33560941 9.5241131351518602e-06 8.5461209391153702e-07
6575 1 134514.08982831499 8.5371485288614105e-07 2.9066903640300199e-06
6576 1 147490.83286110999 1.16045666493392e-06 2.4823194160067801e-06
6577 1 118754.79702988001 3.8460160095149597e-06 2.5876225687271199e-06
6578 1 116342.529343332 1.77142519038844e-06 3.24715510856616e-06
6579 1 121351.0696336 1.0295528102527201e-05 4.6051502371255598e-07
6580 1 146125.74082241001 1.23082011209118e-06 2.39564090962725e-06
6581 1 127760.32723527 9.54045128230309e-07 3.0701930204681699e-06
6582 1 142004.796006636 9.3118818830201998e-07 2.7054986175389299e-06
6583 1 111679.339129966 2.6861825223039799e-06 3.1433978405834402e-06
6584 1 150009.21483499001 1.2078808497969401e-06 2.4927262304987799e-06
6585 1 142998.041492711 1.3535856842682901e-06 2.3313644342588501e-06
6586 1 115072.768725264 1.9616855856754701e-06 3.2527732684429601e-06
6587 1 148508.783997302 1.21334523948023e-06 2.4449814324077399e-06
6588 1 115705.18281763799 1.86243959309351e-06 3.2504222366039502e-06
6589 1 149561.233804972 1.2774439306295801e-06 2.4026400190060098e-06
6590 1 143562.20033073099 1.4021281220139901e-06 2.2938054123954599e-06
6591 1 147792.74416718399 1.1741198620208399e-06 2.47748414694282e-06
6592 1 142892.099030771 1.7597495201698499e-06 2.2945046053746701e-06
6593 1 127694.564857062 9.6308440437338706e-07 3.0784817139229702e-06
6594 1 141990.21418295801 1.6093881574975299e-06 2.3080501703853998e-06
6595 1 133951.22649048001 1.2236129390942001e-06 2.5736428593607301e-06
6596 1 135586.57510450299 8.5616625911837503e-07 2.8724251855904298e-06
6597 1 128859.944193182 9.3062006627111797e-07 3.0517340277580998e-06
6598 1 136700.710727806 9.8098033076844203e-06 5.4780102389741603e-07
6599 1 150539.213122666 1.2377235489861e-06 2.47514625317306e-06
6600 1 130097.091744333 8.9675789290626699e-07 3.0124961469683401e-06
6601 1 145575.09983401801 1.3615176750310301e-06 2.2828567978544302e-06
6602 1 145676.112248308 1.28196930937519e-06 2.3451281274383398e-06
6603 1 150880.174647676 1.2597984928813899e-06 2.4541798961279198e-06
6604 1 142375.551480369 1.0549046749952801e-06 2.5533281207750001e-06
6605 1 142105.96812835001 9.4592002213082796e-07 2.6838661459655999e-06
6606 1 109492.16554852801 3.1550170822636799e-06 3.22158485349789e-06
6607 1 140550.995763888 1.2094411833860101e-06 2.44582197873678e-06
6608 1 147560.22880877001 1.27749267262882e-06 2.36821993477942e-06
6609 1 124903.024249122 1.0690868791650899e-06 3.1334322064698899e-06
6610 1 114786.635152031 2.0007484765741302e-06 3.2560800601597501e-06
6611 1 127313.305735951 9.6313208555732901e-07 3.0743845405498298e-06
6612 1 131563.59762445299 8.77805612412369e-07 2.9689337977169399e-06
6613 1 128799.74568912599 9.4841866527471602e-07 2.9749555389207199e-06
6614 1 139517.85678165799 1.3900784218946e-05 9.8236067085615495e-08
6615 1 110424.067641177 6.1584500521566503e-06 2.4662988345373198e-06
6616 1 149666.880593437 1.3517308574557401e-06 2.33379697548782e-06
6617 1 131965.92244920699 1.9364454629373099e-06 2.43679912028367e-06
6618 1 134873.00262023101 8.5288314407785998e-07 2.9028738146882599e-06
6619 1 142920.16799640801 9.6284220905738609e-07 2.66512599678317e-06
6620 1 127434.96995216 9.6231166424662809e-07 3.0189747149587301e-06
6621 1 145907.000874947 1.0855741497339599e-06 2.5452782917683001e-06
6622 1 147448.91835803 1.1419579749795801e-06 2.5018256287800099e-06
6623 1 124391.64373887501 1.0836640778465299e-06 3.1308188231966598e-06
6624 1 112043.831460132 2.6002682567296799e-06 3.16718631420916e-06
6625 1 125931.885909092 1.6005228876602199e-06 2.6756932974078398e-06
6626 1 148322.97706212901 1.3745599555412101e-06 2.27450124282567e-06
6627 1 148525.49413159001 1.8412008794221201e-06 2.1957968650498099e-06
6628 1 123662.947438206 1.10715802851876e-06 3.11773043979637e-06
6629 1 127055.920852992 6.9805707693407104e-06 1.5981915643365e-06
6630 1 133117.888409771 1.4989253046080399e-06 2.4954187037709199e-06
6631 1 135948.92622862299 9.6058224174499493e-07 2.7132984623732201e-06
6632 1 113522.62943547399 2.2210098983714999e-06 3.2568934491929202e-06
6633 1 152372.80373009099 4.1524043324682096e-06 1.48601010020264e-06
6634 1 135950.51573151199 9.3627328835350795e-07 2.7409336358742702e-06
6635 1 117727.239461784 1.59183076968091e-06 3.2129327926081401e-06
6636 1 130474.180461775 8.9244615372349303e-07 3.0063582271623101e-06
6637 1 112616.207790299 2.5005367177449e-06 3.13572439242833e-06
6638 1 145846.12185726399 1.03584795106235e-06 2.60418200228634e-06
6639 1 116638.787689303 1.7290828465911201e-06 3.24507808623003e-06
6640 1 112064.75358707301 2.5393772500428298e-06 3.24974924623909e-06
6641 1 113260.15190678 2.30072948287517e-06 3.23587585715317e-06
6642 1 147045.947350281 1.5457205433949001e-06 2.2070938863125201e-06
6643 1 109301.349869147 3.2996292486340901e-06 3.2163579780095101e-06
6644 1 117926.856696656 1.5769466247201599e-06 3.2295491555832498e-06
6645 1 112044.225505223 2.5503145121596099e-06 3.2168854819619099e-06
6646 1 136136.259190198 8.5538019818643201e-07 2.8639791598917299e-06
6647 1 146976.47179044399 2.2069467670683902e-06 2.1346340677435199e-06
6648 1 145788.86325287999 1.25535494322448e-06 2.37006051777759e-06
6649 1 127909.735272787 1.5750811668172699e-06 2.60942657009625e-06
6650 1 152100.13488383201 1.58112998469052e-06 2.1680841685304499e-06
6651 1 130610.286797764 7.8953607558271004e-06 1.22258838802258e-06
6652 1 151255.68668311799 1.54026711520623e-06 2.1600370827482e-06
6653 1 114757.622101769 1.9805910152719199e-06 3.22304083951437e-06
6654 1 125088.371741902 1.0448521728751001e-06 3.0976469290584102e-06
6655 1 122346.23505368399 6.9515885969021598e-06 1.72445541734948e-06
6656 1 147918.086629264 1.1061916052819701e-06 2.5557621856627199e-06
6657 1 148857.510591453 1.3999280590110099e-06 2.2644337506431099e-06
6658 1 135948.20327903301 8.5664221687694096e-07 2.86673579690668e-06
6659 1 112649.56659091001 1.0255655852934799e-05 6.6368723773214698e-07
6660 1 122165.867754718 2.0746863467516999e-06 2.6551901136708802e-06
6661 1 140168.51089818199 2.0717296248067801e-06 2.3243578986000501e-06
6662 1 116198.088387518 1.73705768875245e-06 3.19980128008469e-06
6663 1 137610.84324499799 8.6598415476473497e-07 2.8208011509377302e-06
6664 1 112572.08948333999 6.7371275085871502e-06 2.2187475241495098e-06
6665 1 122936.51764036099 2.3955019583257802e-06 2.5486359879025401e-06
6666 1 150597.696128104 1.23929804883958e-06 2.46684131411351e-06
6667 1 136707.49360243799 8.6267786438692102e-07 2.8369901018101799e-06
6668 1 112716.47048395099 2.3432859990815801e-06 3.0602220554109402e-06
6669 1 117266.678847385 1.6582536558493199e-06 3.2354113703269301e-06
6670 1 134785.65511762301 9.0273638602208301e-07 2.8069032188933502e-06
6671 1 126675.330956045 9.829107267959091e-07 3.0605552828615898e-06
6672 1 134753.92159770001 9.4446461397849001e-07 2.75460227892422e-06
6673 1 121940.372851034 1.7930386018506599e-06 2.7625297590740301e-06
6674 1 129107.985345732 9.1510412228616601e-07 3.0165581422769002e-06
6675 1 125286.58694435201 1.03777064909442e-06 3.1157113288892898e-06
6676 1 117042.335557742 1.68199415544814e-06 3.2450142483547699e-06
6677 1 128071.87178969001 9.0984255949833293e-06 8.0133715594094397e-07
6678 1 111850.282811261 2.60752878627547e-06 3.2475850912221901e-06
6679 1 149915.322654505 1.42862802899041e-06 2.24770188708876e-06
6680 1 136137.80338115001 8.5681483016353401e-07 2.86020387762928e-06
6681 1 142431.52024007501 9.7352060222468191e-07 2.6474788496103202e-06
6682 1 126409.002676825 1.0109401949900299e-06 3.0159330151524801e-06
6683 1 125768.48933183899 7.9937142802753293e-06 1.33836383588699e-06
6684 1 153347.12967815399 1.4141265265946701e-06 2.3903925439069001e-06
6685 1 120221.587094943 1.3408535103919099e-06 3.1090416317716201e-06
6686 1 124280.891346677 2.0675961892484102e-06 2.5886329162803599e-06
6687 1 128341.122019947 9.3707671449407698e-07 3.0198208443494499e-06
6688 1 122336.288108415 1.2106989347150001e-06 3.0292952102883899e-06
6689 1 123420.57712156 1.17397714579926e-06 2.9829411892506998e-06
6690 1 147983.095702302 1.1220785361555399e-06 2.5406424224023201e-06
6691 1 122058.478673316 4.1309154064437401e-06 2.4386320139317098e-06
6692 1 118360.89274932801 6.9350607693528699e-06 1.89666879007785e-06
6693 1 120842.556266193 2.4700891539106398e-06 2.6205601537797901e-06
6694 1 146600.43301742 1.1590125649060901e-06 2.47260459905551e-06
6695 1 151643.172392204 1.60357620201991e-06 2.09388188397203e-06
6696 1 129615.402741183 1.8719163566955001e-06 2.4974977681849498e-06
6697 1 125845.249251576 1.15913925540548e-06 2.8721122368114998e-06
6698 1 124831.187732397 1.0789818560279701e-06 3.1392722197200799e-06
6699 1 120181.708848251 1.8040169682780701e-06 2.8358395658600301e-06
6700 1 146088.72123191299 1.06388030492907e-06 2.5727707818503401e-06
6701 1 143779.97095351701 1.4923440506329201e-05 9.2591842210999304e-08
6702 1 115765.404252436 1.85290386277887e-06 3.2527343214310899e-06
6703 1 135423.10907792201 8.5448059761924404e-07 2.88324345079174e-06
6704 1 128646.89218916099 3.3342445020836399e-06 2.3542780987178998e-06
6705 1 118947.22108888801 1.64322475122687e-06 2.9581627322597899e-06
6706 1 119518.47459256 1.4575575376091499e-06 3.0361696983221298e-06
6707 1 138784.094785233 1.16711104043678e-06 2.50287499787181e-06
6708 1 128829.44841171399 1.1123447361145e-06 2.7887556123410898e-06
6709 1 131854.58834480401 1.13747082944452e-06 2.6790651422035902e-06
6710 1 132042.100435381 8.9361970754294105e-07 2.9155910299513599e-06
6711 1 129549.752728608 6.9994943165634596e-06 1.51412808890784e-06
6712 1 152541.812981005 1.36108106019101e-06 2.4090382531515099e-06
6713 1 119271.127779791 1.4456395721628001e-06 3.22396130229369e-06
6714 1 125756.61598888499 1.03188268730627e-06 3.1186697898487599e-06
6715 1 117593.900572336 2.31636603331755e-06 2.7854964822940602e-06
6716 1 118327.97747738801 1.53698457562462e-06 3.2339644500068202e-06
6717 1 137861.170382935 8.8345163043307998e-07 2.7882848291611001e-06
6718 1 147860.91708669401 4.1254748632754201e-06 1.57078028299021e-06
6719 1 142396.04113771301 1.15414754899411e-06 2.45957760201162e-06
6720 1 134944.727549704 8.7890672442246605e-07 2.84394660816647e-06
6721 1 137643.86629971 9.1666621273587595e-07 2.73878927263573e-06
6722 1 148880.75290540501 1.3807586444577001e-06 2.2879334463760701e-06
6723 1 124191.83555538001 1.08947589544076e-06 3.1107085914148201e-06
6724 1 127405.565883068 4.9320255779922596e-06 2.0987318802802399e-06
6725 1 130608.33004017299 5.03441979029e-06 1.96826586476961e-06
6726 1 111474.27226572701 2.6674380833279799e-06 3.2458183471364698e-06
6727 1 117165.25011417799 4.33512923414977e-06 2.5821815340672e-06
6728 1 138349.335737835 4.9034178084573603e-06 1.7433178020369801e-06
6729 1 148928.54333885401 1.1563471363331001e-06 2.5205567501710499e-06
6730 1 148599.051203118 1.17845598966003e-06 2.4867822156197198e-06
6731 1 144859.166532414 1.0245457719288801e-06 2.6016660619147499e-06
6732 1 114226.208514339 9.11895765340277e-06 1.20083530142949e-06
6733 1 150166.795527426 1.23378720881067e-06 2.46289742716491e-06
6734 1 125515.72662468 1.0426672347955699e-06 3.1225511848581298e-06
6735 1 118290.37427534199 1.54125402275825e-06 3.2322882288902702e-06
6736 1 153176.17001289999 2.3199932322784801e-06 1.8561702509539799e-06
6737 1 153181.369144903 1.6759567408188599e-06 2.13047664442625e-06
6738 1 134571.479038066 8.5318021432754897e-07 2.9084601722788002e-06
6739 1 113959.31057069601 2.1080044649988899e-06 3.0276735908900402e-06
6740 1 118968.719054802 1.44529689313722e-06 3.1241532890003502e-06
6741 1 135941.38495402501 8.5406766246520004e-07 2.87347966023477e-06
6742 1 117889.34946311401 1.58286196394827e-06 3.1501294064224199e-06
6743 1 125534.751006348 1.0354699839510801e-06 3.04871721236526e-06
6744 1 150944.72613791301 1.3513511979672e-06 2.36682034204798e-06
6745 1 115759.05747468201 1.87336860954225e-06 3.0262234115961598e-06
6746 1 115365.378007491 1.9113653011397899e-06 3.2515902911829502e-06
6747 1 146820.279019771 1.1448557760664501e-06 2.4929079785464199e-06
6748 1 141621.73409817801 1.2272730128583599e-06 2.4212404674306601e-06
6749 1 144773.84884287399 1.09687356132691e-06 2.5207489540755301e-06
6750 1 112905.621117464 2.2634108344081902e-06 3.0260881332696599e-06
6751 1 147740.96367452401 1.5172839548348e-06 2.1840547014359999e-06
6752 1 138409.945235155 1.01496967440703e-06 2.6197605229312899e-06
6753 1 121336.76812986399 1.2557320543669901e-06 3.1552345934656901e-06
6754 1 151333.36637692401 1.2900602980209301e-06 2.4459658768307998e-06
6755 1 131013.04498554301 9.0796587038598603e-07 2.9343065723737001e-06
6756 1 128389.463420274 9.4504469465463299e-07 3.0646009745024199e-06
6757 1 129467.32826884399 9.6712184838893305e-07 2.91141372253244e-06
6758 1 127189.032431567 1.15662674509725e-06 2.8146302049009102e-06
6759 1 116838.80142036499 2.5986779768723901e-06 2.7329257910686598e-06
6760 1 140236.846729015 8.8861987917838001e-07 2.76892029766888e-06
6761 1 151802.11307835701 1.3223405393751901e-06 2.4189142228000001e-06
6762 1 120249.316899098 1.3716422806324299e-06 3.2119661716480799e-06
6763 1 140884.806068509 1.14743971593247e-06 2.47716268849049e-06
6764 1 133938.26968514299 8.8401952141162499e-07 2.86219278248908e-06
6765 1 127037.53757628299 9.8478361213085402e-07 3.0929929605364901e-06
6766 1 147747.89509429899 1.0996589206115401e-06 2.56292376400555e-06
6767 1 121777.174604327 1.22065084663049e-06 3.1478525013617698e-06
6768 1 148370.037925104 1.35111452338609e-06 2.2996255790649599e-06
6769 1 139710.85979095299 1.28888854449705e-06 2.4131716139473601e-06
6770 1 126707.044328968 2.0162234022755998e-06 2.5286813462475699e-06
6771 1 140430.43307916299 1.62816699635966e-06 2.3320865803141401e-06
6772 1 152028.68523302101 1.33637525402961e-06 2.4296293792929598e-06
6773 1 109973.42184763199 3.0327022252086599e-06 3.2312344099227402e-06
6774 1 141785.771141531 9.3852213517728297e-07 2.69224832685146e-06
6775 1 142157.46015393399 1.48620943699961e-06 2.3061542874470601e-06
6776 1 133161.122136116 8.5867298284366595e-07 2.9409217585140698e-06
6777 1 139147.69123037101 7.1808878330214303e-06 1.24006515629742e-06
6778 1 139083.970492783 8.9368773247259397e-07 2.7617090694811299e-06
6779 1 110919.97724247799 2.7429242372224802e-06 3.2318971416508102e-06
6780 1 127874.501233034 9.5439519329082702e-07 3.0713956136853001e-06
6781 1 114412.03999414299 2.0813522765544002e-06 3.2514669787551599e-06
6782 1 111162.416808254 2.7274385136813802e-06 3.2372723081899e-06
6783 1 126180.04825531199 1.1734077014188499e-06 2.8289668737021301e-06
6784 1 139842.59184811599 1.47882489210591e-06 2.3524277405546299e-06
6785 1 124599.10021221401 1.6459011744465299e-06 2.68892615979281e-06
6786 1 111261.92881034801 2.7003218283111298e-06 3.22124074103939e-06
6787 1 151584.00541360499 1.6208611417889701e-06 2.1084699071203498e-06
6788 1 150025.033755048 1.3627427186366601e-06 2.3387353281376898e-06
6789 1 114499.331641239 2.0509549286567101e-06 3.2566934697576299e-06
6790 1 110658.03419083801 3.0726309239993901e-06 3.0714821989161099e-06
6791 1 137780.603472235 8.6910843655461904e-07 2.8117195208975502e-06
6792 1 144970.47306023599 1.3611874952061001e-06 2.2956212849962401e-06
6793 1 116598.343949948 1.7415330403249e-06 3.2400764004672099e-06
6794 1 151015.847043302 1.27925663237725e-06 2.4370115234056899e-06
6795 1 112617.883406954 2.40057951282425e-06 3.2546987452131702e-06
6796 1 126313.404346846 9.878342801057179e-07 3.08581685353061e-06
6797 1 145181.91478834799 1.2354069601935101e-06 2.3845723744722699e-06
6798 1 110372.653632574 2.9421846633436098e-06 3.21086075730297e-06
6799 1 147029.46233029899 1.2527465555017199e-06 2.3801657532577901e-06
6800 1 121592.368902035 1.2686493659805701e-06 3.1915858126359399e-06
6801 1 147823.66536760901 1.19404682094058e-06 2.4571757078875199e-06
6802 1 143139.67074193899 1.1305243300996801e-06 2.4788839085417201e-06
6803 1 128447.002001157 1.00532685701973e-06 2.8948353377028201e-06
6804 1 148965.035251244 1.4906130895913901e-06 2.1808380674927301e-06
6805 1 146482.87437962301 1.05221638257125e-06 2.59661391480047e-06
6806 1 140938.63204806001 1.3735184830182001e-06 2.3642807841282799e-06
6807 1 139710.83489294301 1.3733985936492799e-06 2.3804862272240102e-06
6808 1 146247.76572168799 1.0385679599224001e-06 2.60656537186787e-06
6809 1 115626.187475028 1.87141236723381e-06 3.24513842053739e-06
6810 1 148855.694064793 1.25577693940748e-06 2.41504795442735e-06
6811 1 150194.757302766 1.40824321418875e-06 2.2986895592342398e-06
6812 1 114152.281983163 2.1069579444940398e-06 3.2570247121146101e-06
6813 1 121880.215286315 1.24317817894991e-06 3.18639229543127e-06
6814 1 121434.94179711799 1.2838254000727399e-06 3.1964245767455701e-06
6815 1 145154.00034335599 9.995610131781529e-07 2.6395657520550101e-06
6816 1 152950.532852123 1.37751011748449e-06 2.4013461537628902e-06
6817 1 125257.21263419199 1.02778838729066e-06 3.08012393338438e-06
6818 1 137540.91784928201 1.85797635204806e-06 2.3487370357501602e-06
6819 1 116272.26361104099 1.7844013693361101e-06 3.2421866835706098e-06
6820 1 136186.067063208 9.2692448663736705e-07 2.7389227502632501e-06
6821 1 125455.76833844199 1.05048872483846e-06 3.1271176528965901e-06
6822 1 153574.984488758 1.42422153428168e-06 2.3821518196129902e-06
6823 1 111534.87205605699 2.66100347073478e-06 3.2397636648292802e-06
6824 1 149950.409876138 1.32281801465177e-06 2.3735334945094399e-06
6825 1 118627.619955765 1.50557550779674e-06 3.2308254313836001e-06
6826 1 127020.34411348301 9.8256724467657508e-07 3.0916591091012202e-06
6827 1 137129.54049067499 9.5457595471758403e-07 2.69945449883757e-06
6828 1 113992.285938845 2.1429505078234001e-06 3.2304929165447501e-06
6829 1 133952.741753346 8.9171215674986497e-06 7.6097466396590597e-07
6830 1 126373.79457956699 1.00453750148257e-06 3.1045889889336401e-06
6831 1 135125.97810327401 9.5780536063745405e-07 2.7253957490902102e-06
6832 1 126538.733662492 1.6250665229855599e-06 2.6234439472024299e-06
6833 1 109483.819081911 3.1801456169668802e-06 3.2225354645071902e-06
6834 1 142662.62488678101 9.9298005979044208e-07 2.6252597787454899e-06
6835 1 113868.330196808 2.16086589969573e-06 3.2571281804562601e-06
6836 1 122573.56677169399 1.1978746082679801e-06 2.9950634861516899e-06
6837 1 131110.47023763999 9.1380139450256605e-06 7.5468393856729198e-07
6838 1 146183.83634092199 1.0427531894324401e-06 2.5987552967213202e-06
6839 1 125058.16776331 6.99376406110414e-06 1.6375841372746599e-06
6840 1 128391.757604652 7.9493234510003108e-06 1.2503842233182999e-06
6841 1 149070.19008174201 1.1715222492802e-06 2.5098924824120201e-06
6842 1 149270.86532916399 1.21299798608015e-06 2.4598033931747798e-06
6843 1 127292.060056086 9.9499081451507897e-07 2.9773685419528398e-06
6844 1 120412.244616079 6.9958421693654396e-06 1.76152613098994e-06
6845 1 140831.601274474 9.3621883234706196e-07 2.69429751916703e-06
6846 1 136350.040436554 8.5504453124209497e-07 2.8613447601442999e-06
6847 1 121487.39308211701 2.4944032306476002e-06 2.56825142524065e-06
6848 1 117505.000079064 1.59278696218178e-06 3.11855965236449e-06
6849 1 123917.26878738499 1.13151974863425e-06 3.15802785783818e-06
6850 1 123311.482624964 1.1708725596826501e-06 3.1700834857675e-06
6851 1 135141.14488306901 8.9731371185553805e-07 2.8011083150261999e-06
6852 1 119688.14379410099 1.39262518137293e-06 3.2051910588810398e-06
6853 1 120646.386025557 1.8655480111305099e-06 2.7751276819629302e-06
6854 1 132290.38191826799 8.96177703064387e-07 2.8895695026082801e-06
6855 1 146677.659513094 1.0640659158521101e-06 2.5810340562709301e-06
6856 1 119334.65218406801 1.6845814746778401e-06 2.9035393357229201e-06
6857 1 132422.984747888 8.65428173230087e-06 9.41278353158606e-07
6858 1 119634.52909436201 1.5313891508658101e-06 2.9541962207725202e-06
6859 1 143577.073290956 9.5912099887301504e-07 2.67633777716811e-06
6860 1 109535.46200033301 3.1561036813885398e-06 3.2255943344967599e-06
6861 1 120333.350046889 1.32289330642065e-06 3.1687110418684501e-06
6862 1 155421.468273787 1.86959331951668e-06 1.9453787571825699e-06
6863 1 111456.950117913 2.6467808818768602e-06 3.2122505206045802e-06
6864 1 123384.02756747 1.12003076758627e-06 3.0881660422637701e-06
6865 1 109321.36081482 3.2644402951287001e-06 3.21953508453997e-06
6866 1 111188.002917754 2.6725843607580001e-06 3.0020848775901199e-06
6867 1 123784.92290300599 1.4258982458051301e-06 2.8110438934052999e-06
6868 1 118914.873514566 1.4409074986542901e-06 3.2039407182108799e-06
6869 1 108426.094499549 9.5266559441531707e-06 1.28426955327464e-06
6870 1 124571.871072921 1.16315633389813e-06 2.9304335581147898e-06
6871 1 123495.015472092 1.13024176804044e-06 3.1346111537687799e-06
6872 1 133323.048477893 7.8217169785436693e-06 1.17477113234163e-06
6873 1 147538.608660953 1.09587869463747e-06 2.5628004072452598e-06
6874 1 127995.36915194801 1.0753302597096801e-06 2.8340556431686301e-06
6875 1 120745.196525306 1.2905805594850899e-06 3.1742290093760798e-06
6876 1 114184.816476252 2.0487231629489301e-06 3.2234910126390001e-06
6877 1 153867.75528970899 1.4716979552228501e-06 2.3677966627898002e-06
6878 1 132639.928519618 8.6372051193136901e-07 2.95050754319407e-06
6879 1 125817.57266521 1.0140094270672101e-06 3.0729910433743101e-06
6880 1 113020.05953836101 2.3371561271528399e-06 3.2255502507753598e-06
6881 1 129045.884644138 5.0527934016279803e-06 1.9924926938561602e-06
6882 1 122470.951811555 1.84499046437995e-06 2.7058446797180501e-06
6883 1 120209.927562485 1.33527540258576e-06 3.1902886980274901e-06
6884 1 118582.12280385999 1.8204523143955699e-06 2.9064327924986002e-06
6885 1 132924.76838999201 8.9342099349411002e-07 2.8797533968808502e-06
6886 1 119799.440483479 2.0263790234249899e-06 2.7774673283049202e-06
6887 1 113405.22870047799 2.4117123888020502e-06 2.9711778253577702e-06
6888 1 120113.66802544 3.3875267707996e-06 2.55463424357741e-06
6889 1 134741.88865318301 9.7234210063512799e-07 2.72515501673764e-06
6890 1 118729.36931838001 1.46630786085453e-06 3.10603452769877e-06
6891 1 129253.777911577 9.9597514838582597e-07 2.8816378607139499e-06
6892 1 150383.665725169 4.1807488732986801e-06 1.5089200062984599e-06
6893 1 121236.99051397201 8.0912317459960006e-06 1.44976340547017e-06
6894 1 130782.484298237 1.1411480672129301e-06 2.69410171810079e-06
6895 1 130817.14031579701 9.2349857410146199e-07 2.9153143527013401e-06
6896 1 124529.62553244999 8.8474100783199901e-06 1.0512657822986801e-06
6897 1 135141.82481514901 8.5261002328337004e-07 2.8926184103760201e-06
6898 1 121987.294788122 1.2280742594716e-06 3.1803195944769799e-06
6899 1 126404.92076609 9.5971477210967004e-06 6.3710434355125496e-07
6900 1 130513.360704436 1.31520816352191e-05 8.9165627144714602e-08
6901 1 115150.728409098 4.9614849944606498e-06 2.5081443895488398e-06
6902 1 124387.492328351 1.06602434191828e-06 3.0928006822077098e-06
6903 1 141672.22812615201 9.4781382169851695e-07 2.6789723704317899e-06
6904 1 114764.746078817 2.00093408031359e-06 3.17229260299616e-06
6905 1 148449.56143911299 1.23587420200853e-06 2.4216264225782098e-06
6906 1 113435.831765322 2.2182273367083599e-06 3.2298464135625901e-06
6907 1 126861.36140547101 1.2076512842949e-06 2.78399659014089e-06
6908 1 138590.15369110901 9.4124704793207502e-07 2.6975849530681402e-06
6909 1 118372.20813332401 1.5180720899087799e-06 3.08323368384387e-06
6910 1 117959.363741466 1.5977177277057099e-06 3.0539348613202799e-06
6911 1 134220.82417260701 8.8955686667665496e-07 2.8363217703811299e-06
6912 1 131239.301109533 9.1096049543580501e-07 2.9071869769864e-06
6913 1 153782.65471853901 1.45078185874624e-06 2.3677998171951802e-06
6914 1 133846.17536108801 8.9642242638706096e-07 2.84301975008865e-06
6915 1 117541.05440373 1.68478911504622e-06 3.01655723090393e-06
6916 1 143814.63821942499 1.52213024801516e-05 2.3713227395943399e-08
6917 1 134239.851309102 5.0015871311982596e-06 1.86281672033347e-06
6918 1 147425.18724057201 1.30337311785747e-06 2.34056945764368e-06
6919 1 130631.13582216301 9.4231526875775702e-07 2.89279263829885e-06
6920 1 119228.795620335 1.3979667316998399e-06 3.0993145691242199e-06
6921 1 127539.303523601 1.1787272043881899e-06 2.7727730935328499e-06
6922 1 129726.002448449 9.729350050541079e-07 2.8763536564515102e-06
6923 1 141993.466151859 9.5463458547163697e-07 2.67138592184355e-06
6924 1 145566.77355321299 1.4064105859447299e-06 2.2575158184821599e-06
6925 1 119322.497876383 2.2707158563936802e-06 2.7242378155946499e-06
6926 1 114223.021882209 2.2308115168796202e-06 2.9781453428758298e-06
6927 1 148363.438386211 1.1324189136050899e-06 2.5339674189218001e-06
6928 1 141931.55705414299 1.05041213256823e-06 2.5589349070521601e-06
6929 1 128222.77563844901 9.9635950952339508e-07 2.9330447510505199e-06
6930 1 118786.511928939 2.5267993023008101e-06 2.67900278073543e-06
6931 1 129069.56155724201 9.2337253137859198e-07 3.0449687362391701e-06
6932 1 133767.97665373 9.1282849825345397e-07 2.82040904958339e-06
6933 1 133667.07653004801 9.3195577548385001e-07 2.7971555806839201e-06
6934 1 139489.05159729999 9.8980922562628005e-06 5.3182379903168705e-07
6935 1 119469.78296460499 4.2595681936895102e-06 2.5166084973887602e-06
6936 1 137299.80592341701 8.6744707321507397e-07 2.8198566014268499e-06
6937 1 118784.630643492 4.7117484438851001e-06 2.4421651451845801e-06
6938 1 117886.39772882999 5.4591399723167697e-06 2.3198902520617201e-06
6939 1 131724.43813944099 1.2042299267974599e-06 2.64673374595418e-06
6940 1 116761.898943174 6.32857705313822e-06 2.1717313826882998e-06
6941 1 115370.475997516 6.9916770274059796e-06 2.0441616734375599e-06
6942 1 126147.07529107999 1.00289056242783e-06 3.0913203026853802e-06
6943 1 124872.441728267 1.18205540343203e-06 2.8865922867756999e-06
6944 1 144899.72443845301 1.4155507661428701e-06 2.2743496931933701e-06
6945 1 122796.06042127 9.2633330846316207e-06 8.5848834407921503e-07
6946 1 150632.81877888399 1.3452782881448101e-06 2.3618100928476299e-06
6947 1 126588.40400068701 1.00670451590685e-06 2.98848396512376e-06
6948 1 151651.961766461 1.30567018613513e-06 2.4408722681577002e-06
6949 1 146873.268074333 1.2789251875395099e-06 2.3528308595356001e-06
6950 1 124630.948949217 1.02983112843797e-05 4.52580889623909e-07
6951 1 138753.54447992399 7.7031886452514794e-06 1.0785106466767899e-06
6952 1 123103.906587491 1.08490628594708e-05 3.0058934064665699e-07
6953 1 122044.92457395 1.1283553415959299e-05 2.4860054290292902e-07
6954 1 142732.82942467 9.806104992948681e-07 2.64109942700612e-06
6955 1 125337.37004209201 1.1574854997652199e-05 2.5449047585934698e-07
6956 1 118470.618630521 9.6708252786270503e-06 8.9521524954256798e-07
6957 1 133111.384336922 8.5941887245062496e-07 2.94017085887193e-06
6958 1 148775.94990100199 1.2879928926797601e-06 2.3835555315489401e-06
6959 1 150752.10618741999 1.2622056163487499e-06 2.4407141415894902e-06
6960 1 144696.55616844501 1.4869824643368699e-06 2.2621622289854198e-06
6961 1 121270.46942465 1.2632473348737799e-06 3.0715367453750098e-06
6962 1 144490.33103670599 1.6075827219985099e-06 2.2571870602110499e-06
6963 1 148392.613146699 1.2702062222031399e-06 2.3867022285195001e-06
6964 1 144458.62559959001 1.6868961690652301e-06 2.2411414427849499e-06
6965 1 130304.154687879 1.1221753379685699e-06 2.7336808868186299e-06
6966 1 112011.53300910001 2.5317695848497598e-06 3.2517770577527002e-06
6967 1 146732.20304358701 1.3389463607562899e-06 2.29760818044443e-06
6968 1 146770.73956623499 1.3041963434118e-06 2.3277907091537302e-06
6969 1 144128.66914533 2.06650236158235e-06 2.2127812599289602e-06
6970 1 146795.09013676699 1.38367319573548e-06 2.2625791783310902e-06
6971 1 143689.54701148701 2.4719551616659001e-06 2.16755922980004e-06
6972 1 122944.909814781 1.23465388882075e-06 2.95754202529467e-06
6973 1 135845.56057192801 8.8711002379401396e-07 2.8098065800890099e-06
6974 1 148416.84675636899 1.3027583621644599e-06 2.35259905357728e-06
6975 1 148849.20555089501 1.32352300049397e-06 2.3497769770290602e-06
6976 1 147443.00204778599 1.43123879012868e-06 2.2240192540495599e-06
6977 1 149389.89142685701 1.20413308042242e-06 2.4753829969222399e-06
6978 1 151055.05759141 1.29358746232531e-06 2.4214190357706102e-06
6979 1 147314.32510574401 1.3256465059962301e-06 2.31621254340079e-06
6980 1 141944.943697501 1.1608985174328601e-06 2.46031320556427e-06
6981 1 147257.600576914 1.35054543479442e-06 2.2910243970028101e-06
6982 1 123588.425259064 4.1109959100115399e-06 2.3620789424080101e-06
6983 1 134139.503422838 9.0313498071763101e-07 2.8163138356823299e-06
6984 1 147286.48762374101 1.3879387673893099e-06 2.25909654155256e-06
6985 1 145816.33391361599 1.1182406465217901e-06 2.5085222864139098e-06
6986 1 130895.45194436899 9.4590117701166402e-07 2.8620554302592802e-06
6987 1 151830.76665345501 1.32914970980861e-06 2.40878849916047e-06
6988 1 141874.32687537701 9.6513925427279201e-07 2.6571307351293599e-06
6989 1 145528.11609019499 1.4633302030670799e-06 2.2380358263935799e-06
6990 1 144102.22795118499 9.9526555972320491e-07 2.6303736104491799e-06
6991 1 134066.20958862099 9.2254197048274605e-07 2.7911550510270099e-06
6992 1 131056.248204645 9.2753555058694599e-07 2.8859193358150398e-06
6993 1 133973.469399906 9.4354975971110102e-07 2.7666795371959902e-06
6994 1 145313.71378157 1.5427295878839599e-06 2.2285941162405599e-06
6995 1 121529.452011863 1.24094571150445e-06 3.0405910511110998e-06
6996 1 135049.669814322 8.4910359588686008e-06 9.2300792482400905e-07
6997 1 129662.623020417 9.6555497169049307e-06 5.9911754232769302e-07
6998 1 145478.823199329 1.62774365625669e-06 2.2245150966536102e-06
6999 1 120793.677868179 1.28902381475937e-06 3.1630445247285298e-06
7000 1 118965.599485174 1.88771149379033e-06 2.8469017003607802e-06
7001 1 110508.49069657001 2.88096124642856e-06 3.2301983025088499e-06
7002 1 120248.86991317 2.0936213927991199e-06 2.72122513910577e-06
7003 1 145764.36648069901 1.9583217270412099e-06 2.2059700134698802e-06
7004 1 140418.599014418 2.6974517978088999e-06 2.2158070218953202e-06
7005 1 127039.65964582301 8.8042735767822904e-06 1.0082154441719799e-06
7006 1 145651.25899758999 2.2984637839862802e-06 2.1494780771361799e-06
7007 1 121225.296070665 3.67866422805903e-06 2.51792058036393e-06
7008 1 145305.492723423 2.39181431782375e-06 2.0489563695174598e-06
7009 1 123532.659752408 8.0598305325519594e-06 1.3752513053050901e-06
7010 1 146741.823711284 1.05786403932766e-06 2.5901514222415801e-06
7011 1 118953.903894366 1.44230053087893e-06 3.07634848532282e-06
7012 1 144866.26446646199 9.1133615021135297e-06 6.5766599982154104e-07
7013 1 118588.80218511799 1.51610502770371e-06 3.04753299597329e-06
7014 1 117864.034316734 1.7197557383548401e-06 2.9680845031606502e-06
7015 1 128257.82669863199 1.04594410548983e-05 4.1322362384003498e-07
7016 1 127012.02170279701 1.1031394102826501e-05 2.85040792864832e-07
7017 1 118226.945303589 1.58990918096198e-06 3.01227474535476e-06
7018 1 134570.42238739901 8.6028400977038796e-07 2.8925914897913202e-06
7019 1 119764.287758152 2.3442172354713301e-06 2.67344750223826e-06
7020 1 113635.24259415 2.6263482034718802e-06 2.91425121305471e-06
7021 1 125321.393955893 9.2193961213255105e-06 8.0895181137494803e-07
7022 1 119257.025869187 2.5903670536141002e-06 2.6337788703317399e-06
7023 1 120767.46492653601 4.1878730829640698e-06 2.4517606809187e-06
7024 1 120052.80954845699 4.74322239694376e-06 2.35946085954407e-06
7025 1 119102.020001927 5.5557358261091903e-06 2.22627268656102e-06
7026 1 123164.947038229 1.2670930814643e-06 2.9124767561741398e-06
7027 1 117926.977114943 6.3705839342969697e-06 2.0873388728363801e-06
7028 1 116509.39034639001 6.9831318497245104e-06 1.9135120447381998e-06
7029 1 123676.386532743 1.1859236609337501e-06 2.9445735892671198e-06
7030 1 124523.491091401 1.0957044624259299e-06 3.1456424155969302e-06
7031 1 131158.49242545699 8.8057152318927599e-07 2.9755073243552499e-06
7032 1 122222.818708629 1.2262133085474101e-06 3.1823691754890301e-06
7033 1 110154.643703824 3.1140223948557302e-06 3.1938719372727499e-06
7034 1 111694.73119572199 8.3279006485379508e-06 1.6825791735221699e-06
7035 1 132757.32276984199 8.6597904574632301e-07 2.9361139786225601e-06
7036 1 139326.43348861299 1.14733746457026e-06 2.49789284778083e-06
7037 1 119841.942964328 1.4393231893506201e-06 2.9964478481796198e-06
7038 1 136406.36393829601 4.96827035949602e-06 1.7858806577024101e-06
7039 1 150228.59520067499 1.2311508440734701e-06 2.4833948928396298e-06
7040 1 121068.917175415 1.27577556239219e-06 3.1799218871673599e-06
7041 1 137214.47607829 8.6027081719154905e-07 2.83530251462848e-06
7042 1 132367.491471788 8.6793462244392404e-07 2.94274652636715e-06
7043 1 113804.831057056 2.1720085438277501e-06 3.2542511534853902e-06
7044 1 149193.35384382599 1.16873935637814e-06 2.5165778026897499e-06
7045 1 133488.41573334701 8.5979095687580298e-07 2.9208028997765298e-06
7046 1 144314.94774894201 1.01421323257719e-06 2.6109224448820099e-06
7047 1 152930.10336200899 1.49284811542292e-06 2.28724447510859e-06
7048 1 120483.702850469 1.2989727337849601e-06 3.0820083838496002e-06
7049 1 130604.55589187201 1.20868543271341e-06 2.66055626372336e-06
7050 1 149488.20145593199 1.1774277658822e-06 2.51385615067027e-06
7051 1 118971.264723452 1.47399738460158e-06 3.2273843842161199e-06
7052 1 140512.53517571199 9.0390653594516005e-07 2.7424976706383802e-06
7053 1 144125.95132215301 9.7094167673429993e-07 2.66469202723005e-06
7054 1 146932.52766523699 1.47768418912921e-06 2.21772841472096e-06
7055 1 129575.73602340301 9.1141418479822105e-07 3.0326926678415001e-06
7056 1 110267.96667696 2.97905423891472e-06 3.2339031052615801e-06
7057 1 117171.72401891999 2.6688481057346e-06 2.6893999257225899e-06
7058 1 149156.815573514 1.19239346815694e-06 2.4785972038332199e-06
7059 1 135635.21582035901 7.7334995246157092e-06 1.165466579424e-06
7060 1 137899.928520093 9.3523432472000199e-07 2.70885406865836e-06
7061 1 134344.55154752801 8.5411993273741099e-07 2.9193252929344002e-06
7062 1 124948.997274747 1.0504535468872401e-06 3.0857083128927101e-06
7063 1 132508.25085565599 5.0361161569925199e-06 1.8867959237346899e-06
7064 1 129106.239008016 9.2988557628399201e-07 2.9891212107886402e-06
7065 1 152492.979557516 1.3620460469864899e-06 2.3968263900875598e-06
7066 1 119388.20815522299 1.4045507518205101e-06 3.19971832455409e-06
7067 1 132903.842840155 8.6933880021899996e-07 2.9247486751156202e-06
7068 1 128059.05981607 9.3801444585253204e-07 3.0523044896949601e-06
7069 1 111291.634497868 2.7071330442515899e-06 3.1806100455932102e-06
7070 1 124220.825969488 1.2323515739721601e-06 2.8973122023864001e-06
7071 1 133442.079632623 8.5722234141687401e-07 2.9356933263625401e-06
7072 1 128449.227233158 9.3141930887889604e-07 3.04623722974303e-06
7073 1 137652.365446379 8.9941355435315198e-06 7.1604449488016299e-07
7074 1 123824.044044817 1.78145366253707e-06 2.6925932053366698e-06
7075 1 127334.19416124299 9.7304337741023198e-07 3.0844288683190301e-06
7076 1 120023.325943888 1.3783741966635701e-06 3.0297956432766602e-06
7077 1 146341.41750614799 1.05639931041137e-06 2.5868123109938402e-06
7078 1 136402.95194628299 1.01977182109835e-06 2.6484040554085798e-06
7079 1 121168.094315697 1.2594511145996399e-06 3.1686334154424199e-06
7080 1 131172.64307190801 8.7951384852847704e-07 2.98496793242603e-06
7081 1 139653.7578501 9.0933855553556402e-07 2.7350684966371898e-06
7082 1 111709.28561598501 2.60844895803242e-06 3.2490932063741299e-06
7083 1 127917.789655616 1.02777023025085e-06 2.90446823666006e-06
7084 1 152030.98069086499 1.5988009356182201e-06 2.1357595116360999e-06
7085 1 147599.69317409399 1.4680218507649301e-06 2.2016424908376698e-06
7086 1 112140.50942419301 2.4438511575542202e-06 3.0150392633190999e-06
7087 1 140825.25557432999 4.9291228398975698e-06 1.6324917098549399e-06
7088 1 122855.407704073 1.16788013888415e-06 3.1545510428025801e-06
7089 1 148558.43080718999 1.145807334393e-06 2.52699126275558e-06
7090 1 110556.233615313 3.2370565343228102e-06 2.9392389486082802e-06
7091 1 142598.81785781999 9.5332189009022102e-07 2.67512943747531e-06
7092 1 130243.977602641 8.9634996937335296e-07 3.0137636000023602e-06
7093 1 129273.75845309701 9.3373135279087505e-07 2.9649391137939698e-06
7094 1 145488.54230412 1.11151681308869e-06 2.5092899871970699e-06
7095 1 144206.641200885 9.8560827200397394e-07 2.64767063911565e-06
7096 1 131889.93576222999 9.0662673849164898e-07 2.8971381067818802e-06
7097 1 124647.680532627 1.06493121144294e-06 3.1254176135006202e-06
7098 1 110741.966182262 2.8972216562694498e-06 3.1479945895021901e-06
7099 1 128465.608969553 1.9664015021598801e-06 2.51221236460364e-06
7100 1 149934.69223998801 1.2188766141238099e-06 2.4670313162887501e-06
7101 1 153160.33771379601 1.4031007283647e-06 2.3863819099507001e-06
7102 1 118174.668547775 9.9199639694831492e-06 6.5268650345126895e-07
7103 1 115500.331529827 1.85798179181187e-06 3.1325873628538998e-06
7104 1 112741.86847457501 2.3735643669496401e-06 3.23462352559129e-06
7105 1 137522.233962945 8.6219031498882499e-07 2.8289392710785699e-06
7106 1 151939.83815271 1.32230634869389e-06 2.4291463900346899e-06
7107 1 136464.38030247801 8.5613207291849005e-07 2.8584309541149499e-06
7108 1 146505.83112508699 1.1328776119030099e-06 2.4979106907366898e-06
7109 1 130660.407693168 8.8759467435954403e-07 2.9997480151386001e-06
7110 1 147390.76926937199 1.0985814220080899e-06 2.5552002781225501e-06
7111 1 118134.78124168899 1.13007549948211e-05 1.9081924699567201e-07
7112 1 143834.88015416599 7.2681455290668701e-06 1.1686355009456999e-06
7113 1 128971.001273794 9.1904593453221005e-07 3.0289924899377098e-06
7114 1 138164.50269565801 2.7021230324290002e-06 2.2344922533435101e-06
7115 1 121061.713154054 6.3295489828130696e-06 2.0067706673109001e-06
7116 1 114217.99724370601 2.9830444224395399e-06 2.73057783040828e-06
7117 1 153647.12559522199 1.45170489350545e-06 2.3784090724173901e-06
7118 1 135219.54477698001 8.8580624380350397e-07 2.8193239070474799e-06
7119 1 149586.59607001799 1.31333156754646e-06 2.36945352446321e-06
7120 1 137189.571034227 8.6082330804742996e-07 2.8342091567130599e-06
7121 1 129249.821867298 1.13061839112893e-06 2.7485451928893499e-06
7122 1 153871.56005915601 1.47654422089471e-06 2.3674646282800399e-06
7123 1 140402.38998201399 1.1554121890784101e-06 2.48244865232416e-06
7124 1 115641.929794486 1.8051510215629e-06 3.2033185632875101e-06
7125 1 146897.510209495 1.42530918643208e-06 2.2370899110483898e-06
7126 1 144229.06899495199 9.7719505799447206e-07 2.6600719871009802e-06
7127 1 152297.960187007 1.33914329876181e-06 2.4111581780933701e-06
7128 1 110110.929834179 2.9671615770652402e-06 3.2258269982140198e-06
7129 1 130462.81346677399 9.6532999549650505e-07 2.8656435812926801e-06
7130 1 142183.93554885901 1.11340281963222e-05 3.4165507855550701e-07
7131 1 141164.53923915501 9.4139824085705797e-07 2.68724963342001e-06
7132 1 127306.050392142 9.7446797348071695e-07 3.0863007793911801e-06
7133 1 142991.233796944 1.62319268902486e-06 2.2766315375162e-06
7134 1 141659.87494760199 9.15002480386529e-07 2.7300398802565298e-06
7135 1 129390.725666728 8.7020616663936905e-06 9.9234445120611404e-07
7136 1 121635.93726580001 2.0057496565826399e-06 2.7093415578003198e-06
7137 1 153574.244548091 1.41824309924255e-06 2.3727478061865901e-06
7138 1 115528.220903917 5.4235456035200801e-06 2.4258153430717898e-06
7139 1 115023.34034253399 1.9670860150573e-06 3.2472084090142102e-06
7140 1 106774.14872273301 1.1257997209044101e-05 1.2345128984039901e-07
7141 1 136141.208498199 8.6218199714069101e-07 2.8476070492452602e-06
7142 1 119443.232714584 1.3850204482184999e-06 3.1902704112554e-06
7143 1 133198.54410547699 8.97984605265109e-07 2.852792661414e-06
7144 1 147614.52660268499 1.24731804673426e-06 2.4006459093891298e-06
7145 1 137074.54040193799 8.6390748920332503e-07 2.83136982944804e-06
7146 1 116048.216243584 1.9430357536681098e-06 2.9773436081819601e-06
7147 1 151531.45936446599 1.5065731457795901e-06 2.2139797983486799e-06
7148 1 141676.250288707 1.3425840385449501e-06 2.3501181146525199e-06
7149 1 119617.824151404 1.2017203754692601e-05 1.5738856656003801e-07
7150 1 141301.51925087301 9.3225954803316702e-07 2.7004278757903499e-06
7151 1 135187.65975456001 9.8414866430530705e-07 2.7000787933819799e-06
7152 1 134361.07539873701 8.5412780981987398e-07 2.9167616705381e-06
7153 1 113451.443684881 8.2096066909843298e-06 1.6859512801936501e-06
7154 1 132098.76163543601 1.26391526373612e-06 2.60370570735602e-06
7155 1 128691.023992738 9.3565563994971897e-07 3.0565526566203799e-06
7156 1 149071.98879265101 2.6636886220644698e-06 1.8956525129748801e-06
7157 1 141703.24756083399 9.1699888228329603e-07 2.7263218909063998e-06
7158 1 110404.902360009 3.1318558575107298e-06 3.0349216988571898e-06
7159 1 153666.81312154999 1.43361077209565e-06 2.3816213057081198e-06
7160 1 151978.10435866099 1.36889366590845e-06 2.37380090218306e-06
7161 1 125888.085642007 1.01164903902081e-06 3.0425069784745102e-06
7162 1 125949.917080125 4.9515274907311304e-06 2.11811951450419e-06
7163 1 131540.60502061 8.7644959396034202e-07 2.97913178443089e-06
7164 1 116461.56597490799 5.5249104309999404e-06 2.3304678036748999e-06
7165 1 142248.937055574 2.53496379956249e-06 2.1860741422301199e-06
7166 1 148281.320672487 1.6544449978504e-06 2.1917211400351101e-06
7167 1 145739.50824319501 1.0168148344076801e-06 2.6247582022401102e-06
7168 1 132591.332495526 9.6490281909718503e-06 5.8736388441864703e-07
7169 1 145957.25493083699 1.03100971027434e-06 2.6125787783383601e-06
7170 1 132475.44457767301 1.0559903599655401e-06 2.7061600513492101e-06
7171 1 137139.29693598801 8.7116563930186295e-07 2.8196345865544999e-06
7172 1 123907.231982678 1.12966010864616e-06 3.1568892337330401e-06
7173 1 117455.261265262 1.9123646048163302e-06 2.9158939669999099e-06
7174 1 121969.536057896 1.2197038606901099e-06 3.1678453465866998e-06
7175 1 148116.605026356 1.1183495843997801e-06 2.5483206190831699e-06
7176 1 119988.609242829 1.35477036971591e-06 3.08999598891224e-06
7177 1 112001.42876840101 2.5520675491057e-06 3.2505707417371202e-06
7178 1 121395.595830063 4.7000044870010602e-06 2.3451805676828601e-06
7179 1 145619.94057918899 1.03604055889434e-06 2.5981444520134802e-06
7180 1 142319.20941169199 1.08245472219513e-06 2.5252738242066198e-06
7181 1 111520.857407975 2.8206427043540501e-06 2.9540321388375101e-06
7182 1 146890.28994679099 1.9146805991239401e-06 2.2011363354644601e-06
7183 1 137626.940726828 8.6900319179945404e-07 2.8145500798558802e-06
7184 1 137007.32030373899 9.1207286496754197e-07 2.7494824269067002e-06
7185 1 124542.486859995 1.2414605620439301e-06 2.8520264020813298e-06
7186 1 143231.38375680501 9.5376568632175999e-07 2.6821262967978701e-06
7187 1 134164.52649067299 8.6050165628444196e-07 2.9000012713337998e-06
7188 1 119732.69282927 1.17424307186994e-05 2.13697739670346e-07
7189 1 127366.095157487 9.609526285066969e-07 3.03660394418117e-06
7190 1 119259.335348493 1.52538666250082e-06 3.00155698928457e-06
7191 1 143141.97793200699 9.588183302959381e-07 2.6722455473199999e-06
7192 1 142772.05779068699 4.9526097841353802e-06 1.56897803801585e-06
7193 1 142805.431659458 9.7020894455424805e-07 2.6547862306404401e-06
7194 1 150497.26188268399 1.2383637902285001e-06 2.4771516824016101e-06
7195 1 115924.70526904 1.82320169701129e-06 3.24336393322526e-06
7196 1 138581.69221321199 8.7268561717976299e-07 2.80042471983318e-06
7197 1 133809.35290272301 9.721582217194259e-07 2.73733619409121e-06
7198 1 151693.17050117499 1.3201835154338201e-06 2.4374351289587499e-06
7199 1 116031.45125077901 1.8618636131073499e-06 3.23625615601417e-06
7200 1 138554.40391809001 8.7748352286775403e-07 2.79179662198004e-06
7201 1 114949.942333511 1.89353264651031e-06 3.2151895100010198e-06
7202 1 151639.53914431701 1.31208223036747e-06 2.41210530704459e-06
7203 1 117130.082259521 1.84659325907391e-06 2.9701345625601598e-06
7204 1 148403.78614129199 1.3293773064740699e-06 2.3241539946148802e-06
7205 1 151315.68638863199 1.43666813011204e-06 2.2989287140153702e-06
7206 1 131353.84881064601 1.83038543488247e-06 2.4796675863811599e-06
7207 1 150210.98339137799 1.245422610478e-06 2.4499007528882799e-06
7208 1 139546.587593009 8.9817737891662404e-07 2.7531393921498398e-06
7209 1 149814.492802111 1.38771041144719e-06 2.2975188106553802e-06
7210 1 151497.88478424301 1.5693459867747601e-05 4.00860437153408e-08
7211 1 144602.91738949899 1.1882374120846401e-06 2.4267963576919099e-06
7212 1 115201.21877905101 6.4005790736049797e-06 2.17966250483714e-06
7213 1 112951.032195255 3.0549643908342298e-06 2.8353772380370702e-06
7214 1 114104.126657881 2.1297837588030898e-06 3.2518400776550999e-06
7215 1 126357.261237981 9.8929097388397202e-07 3.09046046349725e-06
7216 1 145256.222217881 1.0063762620135101e-06 2.63143503401171e-06
7217 1 134853.14994047 8.8949295817185599e-07 2.82671138730825e-06
7218 1 136042.31419259601 2.0117027731474798e-06 2.3465778729943001e-06
7219 1 111784.85107146 2.6252404533869898e-06 3.0769654296550701e-06
7220 1 147760.004182932 1.1080991230352799e-06 2.5486768277887801e-06
7221 1 126693.892244765 9.8026512900163307e-07 3.0852030919877802e-06
7222 1 148878.33397960899 1.3576532803970099e-06 2.31442076126859e-06
7223 1 143297.68913712801 9.7788805789065596e-07 2.6466895833113401e-06
7224 1 115262.92769972701 2.0870165139378499e-06 2.9760107288079601e-06
7225 1 112827.47263871301 9.2270088577381699e-06 1.30429958204474e-06
7226 1 128632.326043885 1.168434605775e-06 2.7579154879202198e-06
7227 1 136535.90678172701 8.6308605897566896e-07 2.8415089482464702e-06
7228 1 120557.11728279 1.35116195142287e-06 3.2097545139215098e-06
7229 1 141692.34289423001 9.7593034454416002e-07 2.6434631778641099e-06
7230 1 124285.451451999 4.7796346765520198e-06 2.2300811069984599e-06
7231 1 122340.17280206201 1.19379943875412e-06 3.13998512622516e-06
7232 1 128553.264940519 9.2518241368660998e-07 3.0354758790438698e-06
7233 1 132699.893569123 1.40081896416067e-06 2.5494754150494301e-06
7234 1 129550.702116026 1.00304099890681e-06 2.8430420630514102e-06
7235 1 147486.23713218901 1.11276003335873e-06 2.5345612571502198e-06
7236 1 124095.15691953 1.1235440606228799e-06 3.15380919650421e-06
7237 1 119969.08023885499 1.0838536387296699e-05 2.99828002552461e-07
7238 1 133462.76537636601 9.5642334206021095e-07 2.7720584043656201e-06
7239 1 125064.633358376 1.0526100642547699e-06 3.1204748270092198e-06
7240 1 112907.585910636 2.3380623904077098e-06 3.2556934928716999e-06
7241 1 143599.900976025 9.8683546265745905e-07 2.6386062948518401e-06
7242 1 143407.76815210201 9.708949077491e-07 2.656508242026e-06
7243 1 127484.326800797 1.0075999138802501e-06 2.9458902581768699e-06
7244 1 128498.35650968899 9.3818300545079299e-07 2.9991023441148499e-06
7245 1 110667.252221174 2.8511716118682202e-06 3.1715518402490701e-06
7246 1 138216.494413387 8.7491752760578698e-07 2.7980393179717699e-06
7247 1 151541.131770854 1.34573086859862e-06 2.3847699126284499e-06
7248 1 126053.42858649501 1.49223686128016e-06 2.71769644690781e-06
7249 1 139776.17050096899 8.9421483061314095e-07 2.7590080207024301e-06
7250 1 116843.45763345 1.68857909945804e-06 3.17835796282734e-06
7251 1 149161.13984102299 1.5323864315490501e-06 2.16385378125316e-06
7252 1 122891.40748536 1.3467126906117399e-06 2.8704820907036802e-06
7253 1 148791.98137642001 1.4200703159622499e-06 2.2410643982919001e-06
7254 1 112512.24238859701 4.77647509171792e-06 2.5842016516336699e-06
7255 1 130790.552472328 9.6814978171546898e-07 2.8335816968839601e-06
7256 1 143561.998080541 1.0116737897993999e-06 2.6085380915105998e-06
7257 1 145250.141823288 8.1721116693095303e-06 8.3748988664068299e-07
7258 1 116977.630826946 2.18105451289204e-06 2.8542771137123499e-06
7259 1 136122.359713332 8.9650537647736599e-07 2.7850052959094202e-06
7260 1 131762.624853418 8.7540176948979402e-07 2.9558386831640101e-06
7261 1 121657.93058095701 1.24672239294207e-06 3.18457018386391e-06
7262 1 141849.91425084299 9.2251573304052805e-07 2.71757540037475e-06
7263 1 117573.575265622 1.6154991402873899e-06 3.2237735060469301e-06
7264 1 138684.63035265999 9.8540847803568504e-07 2.6443104697691398e-06
7265 1 140048.62063513999 8.8815346613934496e-07 2.7704544351331201e-06
7266 1 147754.948421632 1.2145965202397301e-06 2.4353855275694299e-06
7267 1 122973.68021831301 1.14935344491463e-06 3.1412978455018899e-06
7268 1 146732.282647263 2.3588464356778201e-06 2.0242105615430499e-06
7269 1 149927.84086523199 1.2765563611014301e-06 2.41731860944485e-06
7270 1 133339.13078968399 8.5772530084337995e-07 2.9328773708211999e-06
7271 1 135758.454161109 8.9841751637494004e-07 2.7919513985706599e-06
7272 1 125401.551051028 1.0590275857682e-06 2.9834490930873598e-06
7273 1 113183.880433297 2.2807266573369201e-06 3.2533419002411899e-06
7274 1 127689.75379687401 1.8179498910595799e-06 2.5657133227332202e-06
7275 1 141876.69231545599 1.0826224811932101e-06 2.52771318664448e-06
7276 1 132186.26056887201 8.7305315395682298e-07 2.9484340951652999e-06
7277 1 112606.43589809501 2.4365616356818898e-06 3.2385115017883299e-06
7278 1 126709.996795859 9.9433737927542305e-07 3.0987781378372498e-06
7279 1 134411.12300529701 8.5724300307965303e-07 2.9018061885065798e-06
7280 1 151055.67294734801 1.55854825863643e-06 2.1277117669752899e-06
7281 1 132273.418819985 8.6582435546897999e-07 2.9561251947753499e-06
7282 1 144855.073941234 9.9064399016806997e-07 2.64737162227547e-06
7283 1 153707.703580167 1.44644183270135e-06 2.37793738736029e-06
7284 1 116351.86287295401 1.0796347333864e-05 3.1585645064371397e-07
7285 1 130374.604863988 9.9649189977803794e-07 2.8299692097224399e-06
7286 1 122173.939801837 1.2691107171376101e-06 2.97152126628595e-06
7287 1 147690.840965551 1.57427978414148e-06 2.1803228745564099e-06
7288 1 118913.930352171 1.4594157996561401e-06 3.2135589008801202e-06
7289 1 148044.93226488301 1.11047654802166e-06 2.5555903059324402e-06
7290 1 135063.84916146399 8.5294409437381903e-07 2.8922857979377602e-06
7291 1 133083.172777745 9.1407706080342501e-07 2.8309978311512e-06
7292 1 112902.92539381199 2.3590601623199998e-06 3.2519006293105898e-06
7293 1 121018.66894306301 1.2886456168147499e-06 3.0488024404206e-06
7294 1 139022.84739137901 8.8597261675893003e-07 2.77520295002545e-06
7295 1 115536.551340598 1.8326310429211699e-06 3.21403530275192e-06
7296 1 127401.961839469 9.5552346345624105e-07 3.0655700807913098e-06
7297 1 110677.01753058301 2.8562828350035399e-06 3.22448327402644e-06
7298 1 150829.179647062 1.3374667464985e-06 2.3813348714454101e-06
7299 1 116044.46715032699 9.1559177966282592e-06 1.2907729313260299e-06
7300 1 130582.198205946 8.9152318562262395e-07 3.0069632423848901e-06
7301 1 135978.38975686001 8.5397980905823502e-07 2.86950809600876e-06
7302 1 142867.466947951 2.1625837567390801e-06 2.2254008800720098e-06
7303 1 123585.357677423 1.15155235537457e-06 3.1643686344202102e-06
7304 1 114002.554766395 2.8028539516341302e-06 2.8413184557421198e-06
7305 1 142492.46151772799 9.6196164478164608e-07 2.6628860611616301e-06
7306 1 143341.21045444999 1.47842734975567e-06 2.2808935434924599e-06
7307 1 137376.27477526601 1.0266154142611001e-06 2.6320206702381401e-06
7308 1 112205.710082619 2.6466239573519801e-06 3.1016630998053199e-06
7309 1 140297.19127070101 9.3032136482493005e-07 2.7028823301253101e-06
7310 1 149832.95433569199 1.4457250348895999e-06 2.22500997358903e-06
7311 1 149655.22136410599 1.5328204858957899e-06 2.1479581887960102e-06
7312 1 122504.914784468 1.2049036105923499e-06 3.1773317381306902e-06
7313 1 138726.91989145 8.90066458034417e-07 2.7697961301741202e-06
7314 1 129010.076790361 9.2805831481509296e-07 3.0495524220126898e-06
7315 1 116625.281531741 2.08007491821941e-06 2.91628817713813e-06
7316 1 122903.399994331 4.8168277305816903e-06 2.24520908102981e-06
7317 1 120851.60498137301 1.3310724219248099e-06 3.2061354365308901e-06
7318 1 117319.57713914799 9.0484747283982398e-06 1.1590487723041e-06
7319 1 132144.27289694201 9.10753255609844e-07 2.8691348682310499e-06
7320 1 137232.50494369699 8.6439340056196403e-07 2.8265625889526402e-06
7321 1 110441.71413044599 2.91730602521508e-06 3.23261022890435e-06
7322 1 131139.02830034401 1.2977535790234501e-06 2.6205425472132702e-06
7323 1 118199.864365974 1.4943709716376799e-06 3.1315991318437898e-06
7324 1 115570.744806991 2.2260540126519801e-06 2.9207314202253098e-06
7325 1 146817.09748705901 1.07863448681316e-06 2.5682638129201201e-06
7326 1 119084.406804716 8.1279086808159696e-06 1.4767731928400999e-06
7327 1 111761.992775923 2.5750035967417601e-06 3.2339954065027199e-06
7328 1 116570.07564934 1.74711175931113e-06 3.23635060147037e-06
7329 1 119782.019698997 8.8859866927145804e-06 1.12802876739583e-06
7330 1 136748.670813526 8.9904437328447296e-07 2.7756131404378402e-06
7331 1 120595.16993479 1.34050647203883e-06 3.14435056116892e-06
7332 1 143539.84877785301 1.12804346433196e-06 2.4809279875574398e-06
7333 1 123438.222239761 5.5658400716131997e-06 2.1053472487940098e-06
7334 1 152650.72435904699 1.3702748144788101e-06 2.3875643023099498e-06
7335 1 125410.01492637501 1.03272279536682e-06 3.1044253216426102e-06
7336 1 110970.774444189 2.7320368564619702e-06 3.2275413365414798e-06
7337 1 126029.668076082 1.0218754114424999e-06 3.1136573951430902e-06
7338 1 111418.73853081399 2.75207392299398e-06 3.1588725205296901e-06
7339 1 148279.79173260499 6.3177696251950998e-06 1.20091869976986e-06
7340 1 110266.256340266 3.13076768257225e-06 3.1419588785378501e-06
7341 1 150771.812549555 1.6377555668652799e-06 2.15197807467408e-06
7342 1 105131.01731766701 1.15766666429309e-05 5.0840945148334002e-08
7343 1 146834.34501695601 1.1611898771140901e-06 2.4758370311259498e-06
7344 1 132808.55992025 9.0776595910044804e-07 2.8591118634467398e-06
7345 1 125432.570458898 1.0423793456349e-06 3.0058079573512299e-06
7346 1 117934.844790526 1.5785166918701001e-06 3.22607308715922e-06
7347 1 120581.28671375899 1.34935216059993e-06 3.2082610596084099e-06
7348 1 152294.0992805 1.34420958181794e-06 2.4016270336654999e-06
7349 1 123492.40749573499 1.11225303960916e-06 3.1052521961955701e-06
7350 1 147501.89683140401 1.17617809065469e-06 2.4657650609847301e-06
7351 1 148578.634832893 2.10313114483574e-06 2.0197761041493699e-06
7352 1 120248.28737739001 1.3275774772704601e-06 3.0590877553757601e-06
7353 1 137740.02692197601 8.6692474665466202e-07 2.8161769942219201e-06
7354 1 140148.44062073401 9.4347535565775095e-07 2.6853715591845901e-06
7355 1 139783.07566047899 8.8349846010146397e-07 2.7785249444521399e-06
7356 1 130560.48021506199 8.8843117054780101e-07 2.9883464161368001e-06
7357 1 144011.987109187 9.7883590544205291e-07 2.6532471242636099e-06
7358 1 115774.02797710399 9.9705517242509103e-06 6.9375012960950899e-07
7359 1 140980.25082168999 9.2606857001757205e-07 2.7087001182241201e-06
7360 1 146845.85440189001 1.0889002254182e-06 2.55631483303128e-06
7361 1 145361.460303984 1.0166540234275999e-06 2.6211605258876099e-06
7362 1 124735.31356371001 1.5277392610766e-06 2.73367773165199e-06
7363 1 123901.400688201 1.30644554655225e-06 2.85854508024235e-06
7364 1 127646.056074571 9.660600401376141e-07 3.0804166646714499e-06
7365 1 116188.01121713599 2.8679573677528e-06 2.69151864043776e-06
7366 1 148799.67774952299 3.4465656894583699e-06 1.6838685462048701e-06
7367 1 135439.347850591 8.5278345444203105e-07 2.8846403478080099e-06
7368 1 131737.58241460001 9.2276815793332896e-07 2.87568307460002e-06
7369 1 109028.74497260401 1.16775836355621e-05 3.2039687842571999e-08
7370 1 116394.102164715 2.4706024856156199e-06 2.7885354358870501e-06
7371 1 122218.447980884 1.44309811878254e-06 2.8762180900088899e-06
7372 1 151063.78804685999 1.39088974238663e-06 2.33559327258254e-06
7373 1 140493.57409079201 8.9112712065250195e-06 7.0553864294424401e-07
7374 1 109106.391763573 8.1856096052336193e-06 1.9903988277013298e-06
7375 1 123030.078659354 1.22469578268347e-05 5.5657657541248403e-08
7376 1 121676.519794796 1.2330254429460501e-06 3.1621077347907498e-06
7377 1 141074.15331598901 1.4707569098050699e-06 2.3367471513388302e-06
7378 1 148905.97425167501 1.1602200129056901e-06 2.5148554242819399e-06
7379 1 135937.916993099 1.42800999124482e-05 3.9769974571788601e-08
7380 1 124279.027158896 1.0902755287754899e-06 3.0201756378986799e-06
7381 1 152908.51951364099 1.3759986670006901e-06 2.3905444867623301e-06
7382 1 150165.39228624999 1.2262868811193799e-06 2.48377373546207e-06
7383 1 119411.48301580299 1.39715987040978e-06 3.18130467062011e-06
7384 1 151271.959474851 1.29184902826796e-06 2.44769048067285e-06
7385 1 119349.66137952601 1.41929754308527e-06 3.17504492654586e-06
7386 1 112041.2949544 2.5403703104528699e-06 3.2402834905505301e-06
7387 1 142265.29450878801 9.26918408291025e-07 2.71379065007971e-06
7388 1 131729.305136635 8.8066601858372097e-07 2.9486436752839798e-06
7389 1 114759.18705149701 2.0292047352649302e-06 3.2478671719825501e-06
7390 1 142238.74256621199 9.2544738421802703e-07 2.71663725088092e-06
7391 1 138933.40628627001 1.46172413427573e-06 2.3854721461943901e-06
7392 1 124431.688894429 1.83312174052993e-06 2.6390318818600899e-06
7393 1 150785.421329784 1.3894258889797701e-06 2.3251330515355202e-06
7394 1 147234.06510583701 5.1847433383662697e-06 1.43073770538952e-06
7395 1 112727.458489496 2.8514980377903301e-06 2.9027083165541199e-06
7396 1 136779.811242386 8.6604987815817899e-07 2.8298707442425102e-06
7397 1 145278.95018031399 5.1559001830884696e-06 1.46265549951154e-06
7398 1 112137.070223649 2.4992429099801101e-06 3.2370410122592999e-06
7399 1 129060.99610941199 1.0276314269287301e-06 2.8499109589077501e-06
7400 1 144174.05752994199 1.02024847539136e-05 4.8940725114143001e-07
7401 1 152829.12565026601 1.40002918059953e-06 2.3986635769219302e-06
7402 1 145430.52678217701 1.00709041829272e-06 2.63291157963019e-06
7403 1 146956.39999120601 2.6942186172815602e-06 1.9198631675672299e-06
7404 1 125047.38852544699 2.9932886725420399e-06 2.4870410631385099e-06
7405 1 111685.98435786599 2.6024516075112898e-06 3.2497767802398601e-06
7406 1 134537.35121234501 8.5498774865425396e-07 2.9034877640626702e-06
7407 1 150552.37566239701 1.2981948203080999e-06 2.4057858777959402e-06
7408 1 141953.64931300399 9.2042136801069095e-07 2.7230434353259998e-06
7409 1 121193.878757281 1.31223101393343e-06 3.2025991244067099e-06
7410 1 111625.667413641 2.6027367530979698e-06 3.2382878207550899e-06
7411 1 119733.00371761199 1.3925464482236101e-06 3.0665109303124902e-06
7412 1 148472.97399776999 1.1278775141706801e-06 2.5421235846753501e-06
7413 1 132683.71453873999 9.2452622979164203e-07 2.8371719474703698e-06
7414 1 123663.410056101 1.1481769336804501e-06 3.1626787375056199e-06
7415 1 132952.38674332801 9.3248292532522102e-07 2.8086679149829599e-06
7416 1 120535.50614200201 5.5079194299139099e-06 2.2137071891131299e-06
7417 1 125795.594452335 1.0114870093362e-06 3.10135675284825e-06
7418 1 114680.79763815401 2.4279090902401298e-06 2.91551739434348e-06
7419 1 116734.617089609 2.9424718897025001e-06 2.6517599937238102e-06
7420 1 146391.06081485 1.04998099041334e-06 2.5962120801069201e-06
7421 1 151743.21129228099 2.3286168899343699e-06 1.8728447567056799e-06
7422 1 150164.71568244099 1.5059239787446201e-06 2.1807202279567402e-06
7423 1 123996.379141731 1.1002113632501601e-06 3.0810670987569098e-06
7424 1 137804.711281347 8.6493759592929401e-07 2.82093267532303e-06
7425 1 121386.229112405 1.27333893382731e-06 3.1895336313081102e-06
7426 1 130969.66063698 8.8537571743711795e-07 2.9823948946331799e-06
7427 1 119736.511266256 1.3705670760230701e-06 3.1959242930166498e-06
7428 1 151590.23683637401 1.37071756194523e-06 2.3575666269874201e-06
7429 1 120867.00179421301 1.32955028383266e-06 3.2049469510722902e-06
7430 1 112458.80035593901 2.6085102766314399e-06 2.9670819727901299e-06
7431 1 123305.18495481199 1.13784960197481e-06 3.12447818891265e-06
7432 1 148580.66432237701 1.1380336388046099e-06 2.5377999034146602e-06
7433 1 125289.578165931 1.0510481647620601e-06 3.0317454229582102e-06
7434 1 117796.50932958499 1.5618867191917901e-06 3.1349962916400501e-06
7435 1 131536.700179634 8.8108143995442204e-07 2.9645093525105502e-06
7436 1 127766.542074638 9.4763459069537895e-07 3.0594327801479701e-06
7437 1 143212.35461426101 9.885736150742319e-07 2.6329363172794999e-06
7438 1 142159.57077928801 1.7322292454954601e-06 2.3054523454978602e-06
7439 1 122347.211105921 6.3217080904811396e-06 1.9942734862725598e-06
7440 1 117278.56568974099 1.6534218104819601e-06 3.2313621336970601e-06
7441 1 147163.824186299 1.0868691598208401e-06 2.5624840199843999e-06
7442 1 122745.878340411 1.1594169843549901e-06 3.1320586729965602e-06
7443 1 149538.80802658401 1.1804061070778499e-06 2.50983196854672e-06
7444 1 138424.85261168101 8.4944291098286794e-06 8.6896863477372701e-07
7445 1 147227.860498739 1.22769715350585e-06 2.4075523383122398e-06
7446 1 115620.803217147 2.7827278218584502e-06 2.7358634316599102e-06
7447 1 149085.157955829 1.58636966047119e-06 2.1634788763492001e-06
7448 1 131997.26384024799 9.2737330339794004e-07 2.8472387453637599e-06
7449 1 120792.01746525599 1.3368109138600101e-06 3.0197862699932401e-06
7450 1 139884.52210591899 9.0313855599901699e-07 2.7440803582376798e-06
7451 1 124064.63169178199 1.0931183169594199e-06 3.0978630168559599e-06
7452 1 114882.29440781999 2.0131200045997002e-06 3.1289501194219499e-06
7453 1 110500.693610605 2.8808309268008199e-06 3.23875487015245e-06
7454 1 111924.630663476 2.6576986932213299e-06 3.12798280171383e-06
7455 1 126130.776623849 1.00212005445417e-06 3.0964008630379301e-06
7456 1 152617.299267997 1.3965010752013301e-06 2.36007970171067e-06
7457 1 138336.29794273901 8.7026733350367696e-07 2.8067092304774102e-06
7458 1 150568.809218076 1.2494329139055499e-06 2.4735454330934299e-06
7459 1 148352.28163911801 1.9634927586445498e-06 2.1195039133200898e-06
7460 1 137564.95434441301 8.6222885897583198e-07 2.8280623656226499e-06
7461 1 109887.962426304 3.0428377215549699e-06 3.2315733326120998e-06
7462 1 151470.51197786501 1.36167458649305e-06 2.3690833682377199e-06
7463 1 153323.00067442199 1.4290037328629201e-06 2.3884766911286901e-06
7464 1 151985.445265683 1.32167281510134e-06 2.4260909676880498e-06
7465 1 122606.421321755 1.17806979395008e-06 3.1481710471215999e-06
7466 1 109458.401814574 3.19165800043422e-06 3.2231718482121799e-06
7467 1 123651.831180202 2.00177600122971e-06 2.64123332106534e-06
7468 1 125112.804118359 1.0706857862814799e-06 3.0079043276007299e-06
7469 1 126828.80020893 9.720304942525101e-07 3.04382334887648e-06
7470 1 151981.42403708299 1.40883782019451e-06 2.3374999983102701e-06
7471 1 133432.36468170799 8.62622165106782e-07 2.9169078853942901e-06
7472 1 127573.938639349 9.5362952875030796e-07 3.0558639888387101e-06
7473 1 153908.009968767 1.46222619824583e-06 2.3696907136051102e-06
7474 1 133739.00979327201 8.5580717188957305e-07 2.9288835310130101e-06
7475 3 100350.496085076 0.0055936538147824703 5.1728488107573398e-08
7476 1 118716.05705319 1.45671922749819e-06 3.1800500097024898e-06
7477 1 118058.51606429501 1.5169604210863101e-06 3.1132081668285599e-06
7478 1 141353.459593718 7.9594630202885002e-06 9.0471639736487995e-07
7479 1 122077.552090838 1.2000482880426e-06 3.1549182856894101e-06
7480 1 133041.92895803601 8.6413454132547702e-07 2.92365709474859e-06
7481 1 141119.81251331701 9.1914743700994897e-07 2.7190945075657799e-06
7482 1 151013.07921383699 1.4397276123131499e-06 2.28265595502173e-06
7483 1 122024.92132232701 5.5951692087866297e-06 2.1199483325200501e-06
7484 1 148310.51032689901 1.12442392977417e-06 2.54672327579252e-06
7485 1 129286.801086106 9.1997636601616203e-07 3.0416460111858102e-06
7486 1 125764.12865465099 1.7764883084871001e-06 2.62658045975205e-06
7487 1 149433.42405975901 1.1811426239848699e-06 2.5043005717195299e-06
7488 1 121197.58914193101 1.31097427994682e-06 3.2014128809713402e-06
7489 1 135692.103649536 9.1307388989615698e-07 2.77090337193101e-06
7490 1 110171.14045498399 6.7410063200695799e-06 2.3518162980451499e-06
7491 1 131148.83542834301 1.05237529497131e-05 4.0456323933486898e-07
7492 1 135645.967256437 8.5472714034985005e-07 2.8750761026595102e-06
7493 1 115318.64069263 1.9090775837473098e-06 3.2458377561621298e-06
7494 1 143411.41920416499 1.2447979807969699e-06 2.3871504644793801e-06
7495 1 140656.638352054 9.1376271364315899e-07 2.7270228542003398e-06
7496 1 137549.019000915 8.6329887689577504e-07 2.8271629704872201e-06
7497 1 131584.557130256 9.4062867104600201e-07 2.8523817792698699e-06
7498 1 144381.997222993 1.1421691833294401e-06 2.4683970742869601e-06
7499 1 125748.739177683 1.0366928067428201e-06 3.1208823311317899e-06
7500 1 136612.48896399001 9.1009599482782505e-07 2.75925795605869e-06
7501 1 125135.762060104 1.0355015107221501e-06 3.0689911665059998e-06
7502 1 139855.26093059999 8.8532889444572103e-07 2.7746360636171899e-06
7503 1 126001.312446553 1.00047088158756e-06 3.0557123982907802e-06
7504 1 151405.921976087 1.2883462012019299e-06 2.4439655435897601e-06
7505 1 127800.504679787 2.16862923673481e-06 2.4696084352202699e-06
7506 1 152957.82056337601 1.4736086081448601e-06 2.3110552421295298e-06
7507 1 153153.318942735 1.4240229189880601e-06 2.3895299648920701e-06
7508 1 138037.501512786 1.08744933941349e-05 3.63160579064123e-07
7509 1 143920.404080782 9.6802221155867104e-07 2.6692845597249302e-06
7510 1 143992.25402108801 1.00355785523288e-06 2.6198710152656301e-06
7511 1 143761.26750188001 9.6565327832424194e-07 2.6700280958322402e-06
7512 1 123711.247913543 1.13654591404867e-06 3.15815874071596e-06
7513 1 142547.78472376999 9.30917162462328e-07 2.71001059815318e-06
7514 1 143494.78020433499 9.9562456397736199e-07 2.6273571741110599e-06
7515 1 139934.50226790301 9.2606023336681097e-07 2.7104033048670801e-06
7516 1 145781.23453289099 1.0214902166406e-06 2.6191024688030801e-06
7517 1 133992.738499839 8.5524287022171295e-07 2.9274789833223998e-06
7518 1 135500.536487117 1.08106782396922e-05 3.6557738601262001e-07
7519 1 132772.90853380499 8.6096303517894e-07 2.94501088158e-06
7520 1 130861.552764099 8.8647160786808302e-07 2.9995746951205199e-06
7521 1 132884.278164986 8.6063834553476201e-07 2.94734655618085e-06
7522 1 152003.70510554599 1.3395964673954799e-06 2.3967783979451701e-06
7523 1 118637.904266228 1.4898968042692499e-06 3.2056915873928799e-06
7524 1 113144.23860691 6.9194443818172997e-06 2.1512110684997602e-06
7525 1 129142.926752307 1.8116351469901201e-06 2.54189423333136e-06
7526 1 141671.17401591901 1.9102125440925698e-06 2.30997768644756e-06
7527 1 118752.598551965 1.4965957264884199e-06 3.2139578759568502e-06
7528 1 134025.223377783 8.5476313834132502e-07 2.9224894377515699e-06
7529 1 119397.728242543 6.3374974037048702e-06 2.0740793653434801e-06
7530 1 147928.0773191 1.12462783322754e-06 2.5341151527461398e-06
7531 1 113423.170912769 3.2567366650397102e-06 2.7553112444442601e-06
7532 1 134312.85251082201 8.5594678645008104e-07 2.9108261953328598e-06
7533 1 126520.822658367 9.8875584492099701e-07 3.0484759395706598e-06
7534 1 142878.931009019 1.4169139878037599e-06 2.3126914680752498e-06
7535 1 127661.157343902 9.6503778382022205e-07 3.0789263215912899e-06
7536 1 129941.980249813 1.10177051909221e-05 2.9240018530177199e-07
7537 1 148336.48292519999 1.41309249915928e-06 2.2411758574361502e-06
7538 1 125690.00805824999 1.0224861316396e-06 3.0614024094624099e-06
7539 1 125242.066531355 1.2690063900386001e-06 2.8063570221690802e-06
7540 1 120322.14213588 1.33756394568805e-06 3.1596820520552699e-06
7541 1 141265.50545337101 2.2833879086342801e-06 2.2354819229913198e-06
7542 1 111379.632769684 2.6557453106149799e-06 3.2311399463475301e-06
7543 1 116925.989478808 1.7039677809117699e-06 3.23387148839761e-06
7544 1 123894.103834733 1.3143365298898401e-05 1.09780632201898e-07
7545 1 142408.31154856301 1.19107667659143e-06 2.4305030258904702e-06
7546 1 152553.78068367601 1.43014461003356e-06 2.32787505822613e-06
7547 1 132530.75735741499 9.4135665403415003e-07 2.8166439605046699e-06
7548 1 153172.424386903 1.40172898168229e-06 2.38030553917123e-06
7549 1 126244.742242336 1.0411329153031501e-06 2.97068710895956e-06
7550 1 113502.79244128799 2.2205530609604798e-06 3.25382074952437e-06
7551 1 115868.46457182799 8.0650987368454902e-06 1.6400428362606099e-06
7552 1 146614.41348716701 1.0682001309140401e-06 2.5742171268040701e-06
7553 1 140140.35033895701 9.1476099845160301e-07 2.7260464894255199e-06
7554 1 140350.62799154999 9.0813365351012298e-07 2.7358286020396101e-06
7555 1 132731.81165158801 9.56872997068416e-07 2.7840489610445302e-06
7556 1 117626.016700052 8.0291360461059693e-06 1.6172822757372699e-06
7557 1 109790.927450259 3.1333243004557399e-06 3.22630539848238e-06
7558 1 126456.844851199 2.1995383404031699e-06 2.5027349498768e-06
7559 1 131016.95430728501 8.8417680704974104e-07 2.9941758514038101e-06
7560 1 148532.26254917699 2.33202119966514e-06 1.9652032728247901e-06
7561 1 121277.332239077 1.27101482373893e-06 3.0137442923732101e-06
7562 1 146304.560855449 1.0603978503762301e-06 2.57992447715979e-06
7563 1 122032.576615723 1.23433494388274e-06 3.0033110619856299e-06
7564 1 131125.66483663299 8.83677038889411e-07 2.9716168087545001e-06
7565 1 152221.742082365 1.4540406146193801e-06 2.30358773591448e-06
7566 1 122554.649409178 8.8854792482268193e-06 1.0658589298741399e-06
7567 1 140935.71288402 7.2020523350019503e-06 1.21781391157251e-06
7568 1 134354.06957211101 8.5485735611289801e-07 2.91448375421146e-06
7569 1 136003.027018316 8.5523079825368605e-07 2.8693866186152902e-06
7570 1 115246.032854616 1.1024065272431801e-05 2.2546501979001e-07
7571 1 153371.83487049799 1.4390004169238901e-06 2.3830604210592699e-06
7572 1 137635.408299562 1.00928583543162e-06 2.6337134411064799e-06
7573 1 117603.47244645801 1.6122675788835701e-06 3.22836381618065e-06
7574 1 131855.18755532699 9.4431839435736196e-07 2.8255236072398298e-06
7575 1 146927.30055474199 1.6319553797523e-06 2.20977456229777e-06
7576 1 140495.332423352 9.2038135558621205e-07 2.7170237123677301e-06
7577 1 141021.926890617 9.5140548888435196e-07 2.6737601913945402e-06
7578 1 153709.062043087 1.45329684446273e-06 2.3768154529199502e-06
7579 1 125216.494322279 1.0368688732869299e-06 3.1123977984044399e-06
7580 1 138595.43499614499 8.8220102810809699e-07 2.78335491149953e-06
7581 1 114422.968713276 6.5474586004825904e-06 2.22746801089059e-06
7582 1 145472.447637303 1.0149136644279501e-06 2.6245743612251099e-06
7583 1 137476.57960401499 9.7675396598642693e-07 2.6660611749359199e-06
7584 1 116248.57946790699 1.7690150474344701e-06 3.1842024710296801e-06
7585 1 128332.12867758299 1.59074951189339e-06 2.5617533606233701e-06
7586 1 118304.842256485 1.5298404328562699e-06 3.2173437622507e-06
7587 1 109795.241610834 3.1231645157803801e-06 3.2256610526496798e-06
7588 1 142076.287312056 9.2882963585744895e-07 2.71005292161925e-06
7589 1 118585.658074627 1.50897771862064e-06 3.2196789570865901e-06
7590 1 144802.42243219499 1.42739364137472e-05 5.4989587085039397e-08
7591 1 124285.69056999699 1.0703716062559099e-06 3.08119660580864e-06
7592 1 141964.553416849 1.1914215008474499e-06 2.4389267746107802e-06
7593 1 131133.35371394001 8.8124845922172099e-07 2.99085988328617e-06
7594 1 143667.40822624299 9.601017787841791e-07 2.6771663616336198e-06
7595 1 149797.46915265001 1.2360051073722499e-06 2.4460501541699601e-06
7596 1 115894.37430681899 1.85882502284247e-06 3.24169488534515e-06
7597 1 138028.87940003799 8.6836094370462903e-07 2.811844229461e-06
7598 1 136026.099674542 9.0763750042107403e-07 2.76782632040175e-06
7599 1 149975.23462241699 1.22992878305951e-06 2.4552549432433299e-06
7600 1 141540.83058175299 9.5729751467676303e-07 2.6662598004499101e-06
7601 1 137417.379454835 8.7216921406563702e-07 2.81063964288442e-06
7602 1 152949.41793430201 1.37583013997391e-06 2.3963783379036301e-06
7603 1 131475.133160492 9.6245396587318602e-07 2.8242594329652601e-06
7604 1 118246.169102051 1.5441479163183799e-06 3.2228565972804701e-06
7605 1 137163.331767241 8.6754644242877599e-07 2.82381866977746e-06
7606 1 126502.099233295 5.6383373501160198e-06 2.0066774221001098e-06
7607 1 114362.739654006 5.49627823649522e-06 2.4338736483052201e-06
7608 1 149435.099480537 1.21530960356692e-06 2.4637028655523001e-06
7609 1 126169.980734517 1.0250022545933401e-06 2.9963592692407202e-06
7610 1 140724.29732328499 9.5045166616127904e-07 2.67564932158153e-06
7611 1 125588.256043246 1.0267610177311999e-06 3.1073895961213202e-06
7612 1 140906.30713118301 1.1788137868843201e-06 2.4550236124219299e-06
7613 1 116206.327511214 1.7907352539121299e-06 3.2380208107085198e-06
7614 1 124963.114338242 5.6358200230466103e-06 2.0253374973890798e-06
7615 1 149880.35517911901 2.3176295797126502e-06 1.93717565566733e-06
7616 1 111849.300164097 1.10683287229241e-05 2.0720634041191e-07
7617 1 124291.841061874 1.2984096454756499e-06 2.8173510081183801e-06
7618 1 124634.082977365 1.39673359357735e-06 2.78417604134193e-06
7619 1 142363.14693436399 1.2299422738117e-06 2.4045806480615898e-06
7620 1 151696.15651041499 1.4157281123059599e-06 2.3235108126667501e-06
7621 1 142021.36806285099 9.2198455414677197e-07 2.71982324154437e-06
7622 1 151781.54400537501 1.30034559580204e-06 2.4382373156333102e-06
7623 1 124981.070666388 1.0490187223246899e-06 3.0573842759910802e-06
7624 1 141583.46963049399 1.41384594355605e-06 2.3278240002854901e-06
7625 1 150189.25776184199 1.2576636948995601e-06 2.4365891636085299e-06
7626 1 112506.734344103 6.2106538218585303e-06 2.3818802723431301e-06
7627 1 114324.08191925001 2.9071186036680802e-06 2.77674446125003e-06
7628 1 114820.157392889 1.9982655853253801e-06 3.2452296938100302e-06
7629 1 140123.30502950199 2.32229443244275e-06 2.24171188128512e-06
7630 1 149413.090552312 1.63523423010505e-06 2.1647037629853099e-06
7631 1 132639.71912052299 8.6327141774625999e-07 2.9540333722210298e-06
7632 1 128246.990513136 9.3378289322232503e-07 3.0423775002259202e-06
7633 1 111345.92325171 2.6685419918119399e-06 3.2351738772739499e-06
7634 1 142562.48574561201 9.3152418800166004e-07 2.7081848147217199e-06
7635 1 110949.471538994 2.8321668108368502e-06 3.0633966025520498e-06
7636 1 138199.330616224 9.8152138369661599e-07 2.6556823461224398e-06
7637 1 110431.59853817199 2.9049102101418902e-06 3.2370309419903098e-06
7638 1 124838.84343654101 1.0569092352467099e-06 3.0744999119298501e-06
7639 1 127859.67651748301 9.4176909387768499e-07 3.0488844580903402e-06
7640 1 137087.93973657899 9.8480917471996097e-07 2.66892669440838e-06
7641 1 115445.253034578 2.6681745807839602e-06 2.78178379115228e-06
7642 1 111553.54762210901 7.02817414911206e-06 2.14904957980882e-06
7643 1 125407.66481356201 1.3530038353001599e-06 2.77007830085481e-06
7644 1 125724.32732833301 1.01391949212218e-06 3.0974264241741101e-06
7645 1 138084.47560825499 8.6664338265159505e-07 2.8157373458131798e-06
7646 1 119770.924062657 1.3788571688822e-06 3.1668907714292498e-06
7647 3 230440.550819033 0.0085111803123595099 1.26849770952955e-06
7648 3 230027.229109565 0.0097031653466911894 1.28658814218615e-06
7649 1 192976.562876304 5.7035002585198898e-06 1.3374005346545499e-06
7650 3 220404.678709467 0.0130798963130904 1.4610931790501101e-06
7651 3 220366.94825143201 0.012549644804336501 1.53119047050232e-06
7652 1 183140.99187553101 5.4174296569525902e-06 1.7177993863998601e-06
7653 1 162197.462902042 2.1627975094134499e-06 2.0189976754262001e-06
7654 1 156385.407061312 1.6992661097111599e-06 2.20397693248957e-06
7655 1 197946.489940962 9.0638192423461498e-06 1.5212161057909799e-06
7656 1 156912.13818896 1.8033668932217501e-06 2.1250508233047601e-06
7657 3 218896.81796422499 0.011858657161156401 1.6184495764189199e-06
7658 3 201396.38065135301 0.023644919349770699 1.87656918565162e-06
7659 1 169088.95939207199 2.7215593400511301e-06 1.96161137278233e-06
7660 1 167758.251367769 2.5835338101440002e-06 2.00849554062013e-06
7661 3 195735.83259375 0.0188431990333712 2.1026912869590299e-06
7662 1 174827.76868838599 3.2266339389029098e-06 1.5934356502142801e-06
7663 1 185248.24982068801 1.28375554879671e-05 2.0859134057957202e-06
7664 1 197782.775347891 7.0121288985114696e-06 1.37743219371503e-06
7665 3 230860.00484981399 0.0033423472099426499 1.2779429965848301e-06
7666 1 160818.364957179 1.94134632952551e-06 2.1896880010709801e-06
7667 1 215182.40952385601 2.1851304232550202e-05 1.6973925298863401e-06
7668 1 214347.37393881401 1.9556801229240399e-05 1.63191227580566e-06
7669 3 217002.46590749899 0.14313775351541599 1.5848625039657401e-06
7670 1 161102.77173050199 1.9760921221759199e-06 2.1775598072636501e-06
7671 3 188787.61696694201 0.0210385071617431 2.30388045727971e-06
7672 1 173899.01929621401 3.1230794960503002e-06 1.6248228941641699e-06
7673 3 220466.345634492 0.0126864947845512 1.5016548921188301e-06
7674 3 200580.14587727099 0.0168303135819368 1.99709895133328e-06
7675 1 162708.812025113 2.2048787386639701e-06 1.8444113176025301e-06
7676 3 200510.14276868501 0.0133979103047754 2.04989024650862e-06
7677 1 220691.733349688 1.3982495463241501e-05 1.2940077274895899e-06
7678 1 213832.23441353801 8.1848604048486204e-06 1.03624531962426e-06
7679 3 195967.355841357 0.0150385335495389 2.1410890270576201e-06
7680 3 196298.54570460899 0.022887570132913801 2.0233165652696398e-06
7681 3 188606.942770625 0.021582698642661598 2.3175633935555602e-06
7682 1 206167.07646391299 9.0942941233127003e-06 1.33774904106287e-06
7683 1 162208.24172029499 2.12263670016993e-06 2.0512163144742199e-06
7684 1 197926.96188149499 1.0994644309809101e-05 1.64005307443095e-06
7685 1 201414.70568895599 5.7026649553737597e-06 1.02211157585858e-06
7686 1 163062.299137419 2.20881546513788e-06 2.0277339460531202e-06
7687 1 162682.314728948 2.0978099957269698e-06 2.1288067761832e-06
7688 3 218111.004963507 0.0140707572999562 1.5295023808676801e-06
7689 1 165901.224196189 2.4013129242732499e-06 2.03106644805064e-06
7690 3 220417.46237486799 0.012926600715358699 1.49309556804537e-06
7691 1 192704.20637842501 5.4944272644784204e-06 1.3320509414674101e-06
7692 3 195804.928714115 0.020863941925514499 2.0655912755167201e-06
7693 1 178626.54491883799 8.0089475403186705e-06 7.1741626537675902e-07
7694 1 195466.07652218 4.6457710591937899e-06 1.2030524244118299e-06
7695 1 161035.213586592 2.1273423154830898e-06 1.87230754166976e-06
7696 1 197855.33637328201 6.8010891988555998e-06 1.3467557746732199e-06
7697 3 232096.11100672701 0.0067902872240620804 1.21461650506109e-06
7698 3 212305.28280756201 0.027178487443040699 1.6635958121089201e-06
7699 1 184664.76749370899 6.2541104832404303e-06 1.7203344901370599e-06
7700 1 193064.43305092401 4.1910418025473197e-06 1.27576777708423e-06
7701 3 217851.661708492 0.015094820314427699 1.55439038526886e-06
7702 1 200989.758145681 5.9891374847144799e-06 1.17499523816512e-06
7703 1 213835.67463507099 1.8712180347914001e-05 1.61976523659894e-06
7704 1 201491.54239019501 1.8938651498918101e-05 1.9640230565796398e-06
7705 1 200153.517131967 2.0820904743403199e-05 7.9645889748151994e-09
7706 3 212436.20678213399 0.0287835072498102 1.65487343241876e-06
7707 3 196049.217599658 0.017793353013907699 2.1006070014444798e-06
7708 3 216695.26517363 0.012348948343983999 1.65817919681478e-06
7709 1 182171.73716474199 4.6874839467346304e-06 1.68184775326161e-06
7710 3 213417.56760637701 0.012439687705905599 1.74368373174233e-06
7711 3 202733.71862154399 0.010342327034636599 2.01193243631213e-06
7712 3 200168.052620478 0.023310417321135701 1.9126901861984299e-06
7713 1 174318.133515819 3.3491495481131301e-06 1.8128445787318599e-06
7714 1 159772.83352488899 1.8270110518345199e-06 1.89641091100568e-06
7715 1 173317.946019528 2.4791130485517899e-06 1.50641957639434e-06
7716 3 209045.32874024799 0.025877510011302701 1.7056618522321799e-06
7717 1 206956.14370346701 9.24106763704268e-06 1.3326237285670101e-06
7718 1 208703.01932676299 8.3177773635175307e-06 1.1928228724822099e-06
7719 1 174322.892627386 7.2162281493441097e-06 8.1146726269469504e-07
7720 3 209259.05724522701 0.025214473602771501 1.70370227299151e-06
7721 1 157781.657179256 1.8752462712158499e-06 2.09606809436395e-06
7722 1 229523.446492452 2.46634101217283e-05 5.2852121052834297e-09
7723 3 227957.72242051701 0.0128469434782902 1.08685522306323e-06
7724 3 201236.628168061 0.024234941252826998 1.8785735335104499e-06
7725 3 199956.90783971001 0.023784048290691001 1.91818331071735e-06
7726 1 155797.54291653301 1.5877019570493399e-06 2.3093754728811602e-06
7727 1 169575.58883158999 2.7915460335603799e-06 1.9442040716505899e-06
7728 1 215618.47537710899 1.5668426591025799e-05 1.4613949347271801e-06
7729 1 165048.571518963 2.3182815521337502e-06 2.0812446267905201e-06
7730 1 203503.314977626 2.1505164100795102e-05 2.0237783876089202e-06
7731 1 178535.18288648 4.0258899591592502e-06 1.7618549263774201e-06
7732 1 165113.76915931801 2.3362952365748601e-06 2.0745020782285201e-06
7733 1 154501.40611391101 1.4977591843856101e-06 2.346527853181e-06
7734 1 220301.24175874999 1.08910100451785e-05 1.1173952859255199e-06
7735 3 204974.062841301 0.0157735529744371 1.9074341437398702e-06
7736 3 219236.64914884101 0.0139035771116245 1.43027233083225e-06
7737 1 214400.534699343 8.2800909537954396e-06 1.0020702978662501e-06
7738 1 172521.62589887899 3.1438921020123502e-06 1.8916767916419599e-06
7739 1 174575.112737744 3.0580413450444402e-06 1.59996879866959e-06
7740 1 158274.17659319399 1.7555369227684701e-06 2.2316854665794698e-06
7741 1 162384.30480541199 2.0880617398638899e-06 2.1496225778694799e-06
7742 1 183493.338563678 5.77729642329034e-06 1.72658169632706e-06
7743 1 214799.65549997101 1.4976279466408e-05 1.4495524771465599e-06
7744 3 187982.153844613 0.019425593396541301 2.3660029062761201e-06
7745 1 156748.74582923099 1.6452927357327e-06 2.2964495726274498e-06
7746 3 217227.727858117 0.073073926202092299 1.50628642481372e-06
7747 3 220648.82959563899 0.012364743501540799 1.52056571041116e-06
7748 1 162243.57796040099 2.2474252030294398e-06 1.9167138178208201e-06
7749 1 232783.76453925401 1.99190302547826e-05 1.18227164723968e-07
7750 1 196334.899020279 2.0630696648787201e-05 8.4006376721293906e-09
7751 3 219636.02385678099 0.0138196472182132 1.41751992434016e-06
7752 1 179671.26968791001 4.2888603443424798e-06 1.74023856097476e-06
7753 3 211786.77988868099 0.0092519404907573898 1.79203484270435e-06
7754 3 212665.862934073 0.0105622990939537 1.77093615884951e-06
7755 1 171202.86681410199 2.9353074015850001e-06 1.9234746761393102e-06
7756 1 178883.153483815 4.1865115698498201e-06 1.7650359052747101e-06
7757 1 161202.057350805 1.80849756496582e-06 1.89224425147306e-06
7758 1 175370.848234423 3.4566657859641799e-06 1.8257200170333001e-06
7759 3 196687.14626425199 0.023187834491669598 2.0125510630203898e-06
7760 3 204959.968239396 0.019326144588356301 1.85781401875904e-06
7761 3 215302.663143763 0.0066602212330929096 1.7335310113175799e-06
7762 1 159929.481186174 1.9623163066438199e-06 1.8770073695944599e-06
7763 1 194975.249745148 1.03676655426725e-05 1.6667740195703299e-06
7764 1 167721.04496724601 2.5599632203223702e-06 2.0116322540268698e-06
7765 1 157970.08382421799 1.7875983853304301e-06 2.18930968187466e-06
7766 1 178978.47172132201 4.2696985860774304e-06 1.7632167411354001e-06
7767 1 170771.41395295001 2.8892309425986998e-06 1.93396062049093e-06
7768 3 220053.57546677001 0.0131740453860379 1.4755824605288499e-06
7769 3 214546.80629246499 0.0123853097298705 1.7180178116417101e-06
7770 1 156316.482083963 1.60903338767499e-06 2.3005873129946401e-06
7771 1 154267.067906121 1.4720748481426199e-06 2.35227272838591e-06
7772 1 172103.14833308299 3.0622367843448899e-06 1.9018062217010099e-06
7773 3 219998.78605418099 0.0139129447996375 1.3458237882228601e-06
7774 1 156721.48667926199 1.72125167536195e-06 2.2054013674046599e-06
7775 1 200329.75308449101 5.8625993547220401e-06 9.4963890856991996e-07
7776 1 173036.46758938499 2.9413526230687398e-06 1.62331404429225e-06
7777 1 168771.26149492699 2.7260165512802602e-06 1.9799938924162701e-06
7778 1 214833.31370419799 8.7762251910946097e-06 1.01965165671498e-06
7779 1 159372.438167799 1.8423781457469299e-06 2.22356082621714e-06
7780 1 189434.577139945 7.5321096291068603e-06 1.6449194962728599e-06
7781 1 159080.97809933199 1.82659483450753e-06 2.2252805349448602e-06
7782 1 198991.78981703799 5.0529944889811099e-06 1.0968914679834699e-06
7783 1 159682.01257809601 1.8600522501563699e-06 2.2173999559120602e-06
7784 3 220025.843915434 0.012426400320472699 1.5433617702578601e-06
7785 3 213724.33622652901 0.012058019559616599 1.73770633150757e-06
7786 3 192178.00715511199 0.0225493807163091 2.1473826951367501e-06
7787 1 172537.84792320299 3.1419059002633499e-06 1.88983082426971e-06
7788 1 156577.51451081201 1.6926417056054899e-06 2.22674860893885e-06
7789 3 189338.79530845801 0.011480070773500399 2.34836056612543e-06
7790 1 181827.16520545399 8.2732829771331693e-06 6.8759304273316096e-07
7791 1 204731.43462803701 7.2942391577894898e-06 1.2036528016625299e-06
7792 3 194509.676977011 0.016971687854072999 2.1574158403948899e-06
7793 1 181661.78934563501 5.3014943148845102e-06 1.75724871700074e-06
7794 3 195541.96005140201 0.014626927484387001 2.1479802645748402e-06
7795 3 200841.96041449101 0.0117170806040061 2.0499788338565401e-06
7796 1 160894.987651987 1.9478723085448302e-06 2.18408811240057e-06
7797 3 193288.67164526301 0.014944375076444701 2.2087568171262201e-06
7798 1 156580.73031583001 1.6513968767111101e-06 2.2637451334359498e-06
7799 1 191679.92825131601 1.0857628563154399e-05 1.7766032520497001e-06
7800 1 209768.06198542399 8.4688585457687605e-06 1.18391832248457e-06
7801 1 181354.892001011 5.0904185354190996e-06 1.75372601428483e-06
7802 1 165486.77033408199 2.33725475874421e-06 2.0688307008826701e-06
7803 3 211191.62337953801 0.00139963356165057 1.8489455201577899e-06
7804 3 223954.10583664101 0.012996628153590799 1.2830063599145901e-06
7805 1 174041.914735673 3.3056055738407399e-06 1.8553749017931099e-06
7806 1 173545.016294331 3.3222703050487998e-06 1.8623148193618499e-06
7807 3 202397.25982497499 0.0120942645238901 2.0114613325491501e-06
7808 1 157256.85066257601 1.6818828440993e-06 2.2524032894890499e-06
7809 1 204197.61260957099 9.0230847607905204e-06 1.3896689348906699e-06
7810 1 201035.59664417501 1.99070790370481e-05 2.02461909082611e-06
7811 1 174865.261778855 3.4674669675225998e-06 1.78814185054217e-06
7812 3 202229.25010404599 0.0039949453696393198 2.0781536937160799e-06
7813 3 209735.96333979399 0.0254491791943664 1.6998082459977099e-06
7814 3 210183.538594654 0.00169413181704166 1.87084168904351e-06
7815 1 189141.30291306699 5.4383188487725803e-06 1.45635647355385e-06
7816 1 199554.06016033501 5.7901229355270202e-06 1.19680762014763e-06
7817 1 156306.28758375999 1.62523355573199e-06 2.3040917020524702e-06
7818 3 230989.41738505801 0.010467489493684199 1.1707796653354e-06
7819 1 188399.21725205 5.5088325765934204e-06 1.5101879724755799e-06
7820 3 225487.345300307 0.012014551120599799 1.31671690984763e-06
7821 3 211489.39164268901 0.010595504496499099 1.79741734652878e-06
7822 3 219003.126526968 0.0112013316620885 1.62523122655102e-06
7823 3 201694.14689001301 0.0054591612547285097 2.0829761352062002e-06
7824 1 204917.615125804 7.2527905079780103e-06 1.1781698452895701e-06
7825 1 170658.59071225001 2.9386937640042599e-06 1.7219318905444e-06
7826 1 156236.26161382801 1.63982732164536e-06 2.25129577331207e-06
7827 1 162697.160972276 2.27880797280054e-06 1.8783341776632701e-06
7828 3 209900.066024 0.026709317411679701 1.6872135294166701e-06
7829 1 193233.38211107001 6.0920058306779097e-06 1.43180773040589e-06
7830 1 157884.50467652301 1.8939599418189799e-06 2.05823162928321e-06
7831 1 180026.966902249 4.2949138872325802e-06 1.7285888073205501e-06
7832 3 193399.705564456 0.017644354746013498 2.1722099371441702e-06
7833 1 171095.92115513 2.4948026043279499e-06 1.65564278324094e-06
7834 1 181734.818234398 4.5592348331911202e-06 1.69434439805412e-06
7835 1 208743.942465158 2.23399300469122e-05 1.9022589293856001e-06
7836 3 211046.42764777201 0.0105262291884906 1.8051147555546401e-06
7837 1 198684.26844764 9.1205542671601593e-06 1.5082818873224799e-06
7838 1 163170.39664640001 2.1415685372268198e-06 2.1159807746769399e-06
7839 1 173111.69536887301 3.1833080819429201e-06 1.8732516141180501e-06
7840 3 197760.38766448299 0.0217258838907626 2.0022275725533498e-06
7841 1 159071.32695084001 1.7961839679088001e-06 1.9458395067064098e-06
7842 3 218231.69640414999 0.0105139605137251 1.65201455347271e-06
7843 1 206864.30327955799 1.7370609071768499e-05 1.7544956168809099e-06
7844 1 183155.06994352699 7.7162690249820606e-06 7.1818773406670897e-07
7845 1 164120.80034016099 2.27772962505098e-06 2.0068935452669301e-06
7846 3 219629.66627682099 0.0124908026117064 1.5542700217412401e-06
7847 3 217479.39360015199 0.021226152067212199 1.57679747039538e-06
7848 1 221268.34601540599 1.10767175301158e-05 1.09984509046259e-06
7849 3 217848.788648163 0.017042499815375301 1.4614779948158099e-06
7850 1 165843.03981735601 2.4087787405771002e-06 2.0195934633573101e-06
7851 1 220998.126913777 1.01250729416764e-05 9.8619417595698494e-07
7852 1 231895.29092609399 2.0776174122448301e-05 8.4865560651995001e-08
7853 3 214899.44798319999 0.012859300987119101 1.70205231062097e-06
7854 1 158630.39999812699 1.8746219218330099e-06 2.1333194332569001e-06
7855 1 158695.73190016899 1.81085973247248e-06 2.2093385678697699e-06
7856 1 155336.22968115 1.55233452880035e-06 2.3229850361196002e-06
7857 3 211761.37352130201 0.0045098595149895299 1.8322968095493e-06
7858 1 219474.069609186 1.31678204547958e-05 1.2866647664063799e-06
7859 1 173271.17674856001 3.2759523441823598e-06 1.87000621139834e-06
7860 3 194592.60889949699 0.0192131422307989 2.1205149481858101e-06
7861 1 235995.725828264 2.5258659582873699e-05 5.1632404760470698e-09
7862 3 224567.54237652299 0.012932128607418301 1.26690274081294e-06
7863 3 210784.485349861 0.0032250517127590298 1.85873887560232e-06
7864 1 173035.60457527201 2.86140980006089e-06 1.60476213712556e-06
7865 3 200007.99720144301 0.0130904963334692 2.0574006123356e-06
7866 3 218134.678601577 0.0149493847575337 1.44413465862236e-06
7867 3 219996.438948644 0.012971615885776101 1.5107391742928801e-06
7868 1 166869.526281092 2.5261596248486899e-06 2.0283182545882301e-06
7869 1 162828.75562444399 2.12502040602184e-06 2.06450025900726e-06
7870 3 212762.25276181 0.0194069509336404 1.69595971341948e-06
7871 1 156609.02352159499 1.6351131629466501e-06 2.2808678367915699e-06
7872 1 217219.350128572 1.2497832100445001e-05 4.4785241309669802e-07
7873 1 161730.45805665999 2.1816272448736498e-06 1.91626481228771e-06
7874 1 184906.78217467401 1.1456494030878599e-05 2.0151324416554398e-06
7875 3 203175.63872317801 0.0111775682047903 2.0023529909434901e-06
7876 3 197020.33571399501 0.0230089159844632 2.0058408944481099e-06
7877 3 217600.38179738799 0.0103349489508775 1.66415375376698e-06
7878 1 166429.71920123801 2.4495156902380302e-06 2.0403325823255999e-06
7879 1 234787.4827203 1.3821608184604001e-05 7.5465763598162903e-07
7880 1 161920.82119328101 2.0375041184718298e-06 2.15757042023602e-06
7881 3 220010.19668095899 0.0120870398231384 1.56421784000419e-06
7882 1 206154.36738912301 2.0527852798136801e-05 1.9106942294532599e-06
7883 1 235553.14502253299 1.3497040666331e-05 7.2377219568520497e-07
7884 1 190128.988045537 8.9318443802349807e-06 6.1505200116064901e-07
7885 1 164045.79613480499 2.2475365400160501e-06 2.1027122730002001e-06
7886 1 201406.72591424501 1.4180431556919e-05 1.73035864165178e-06
7887 1 178111.7094621 3.9435201475278099e-06 1.7703209234214601e-06
7888 1 170966.664206274 2.3039033512468098e-06 1.5806378261356201e-06
7889 3 219591.19844381401 0.014002819666959401 1.35595666312923e-06
7890 1 185642.618373131 1.4412962669903899e-05 2.16744951511583e-06
7891 3 195555.840059323 0.0229721983786676 2.0399811855168199e-06
7892 1 168777.46826408 2.72432439601147e-06 1.9783896776920002e-06
7893 1 162220.594757905 2.2020553905795198e-06 1.8785747811904399e-06
7894 1 232856.18020914 1.20968856300936e-05 7.0645858618079298e-07
7895 3 232530.89090014799 0.0112945804440718 1.0113434817235999e-06
7896 1 183382.060898636 5.8426109353409597e-06 1.74144336791826e-06
7897 1 158297.29014666501 1.7666808525378199e-06 2.2482127581938099e-06
7898 1 219438.18051154201 9.9593569953871896e-06 1.00674279754541e-06
7899 1 165772.137219 2.3861513037222902e-06 2.0540257604081399e-06
7900 1 185472.06237186299 1.0627455719021999e-05 1.9523674720158398e-06
7901 1 157507.016847383 1.7297097171182201e-06 2.2134832905599602e-06
7902 3 189495.954195497 0.0162014350319322 2.31090192157293e-06
7903 3 199009.95484201299 0.0145420980229131 2.0669832633439498e-06
7904 1 232742.589595339 1.65087183962662e-05 9.2521860489289204e-07
7905 3 232301.61892891 0.0123735219959446 8.7310187157342401e-07
7906 3 212353.76451348601 0.016573478476527501 1.7274394423227e-06
7907 1 180528.91032904401 4.4041935776079096e-06 1.7220665889505001e-06
7908 1 170857.03274331801 2.9318655442564102e-06 1.9284401696700602e-06
7909 1 157960.68209634701 1.73568985435674e-06 2.2590903371094198e-06
7910 1 185670.76543684199 1.0683534051896701e-05 1.9421961561029698e-06
7911 1 172248.31174333001 6.0034765183043202e-06 9.3386081250068997e-07
7912 1 175233.75179223099 3.4537857414301298e-06 1.83074809136656e-06
7913 1 176495.10623530499 3.6808991340597402e-06 1.7505163883768599e-06
7914 1 162637.210452603 2.1059285316409501e-06 2.1188763320370402e-06
7915 3 219566.30433489601 0.0132645258849289 1.49071088063284e-06
7916 1 183821.78746010299 7.95471549140293e-06 1.8466157760051901e-06
7917 1 204101.519153626 1.4230606603456199e-05 1.6728668400090199e-06
7918 1 158793.165155836 1.78991355945005e-06 2.2396766691509899e-06
7919 1 194485.65282781699 1.0584577320245901e-05 1.69753953011046e-06
7920 1 221547.49729288099 1.49115649521151e-05 1.2980124484724099e-06
7921 1 175809.49568698899 3.5694901493290101e-06 1.77055842025494e-06
7922 3 202715.742048766 0.0054488861353664004 2.0656608238258299e-06
7923 1 178510.33200536901 3.9901336726494899e-06 1.75677428505492e-06
7924 1 163761.93496396401 2.21533191856941e-06 2.11207294385013e-06
7925 1 188068.0637302 2.0155192664027201e-05 2.4108858357755599e-06
7926 3 197690.08621609001 0.019934898170384199 2.0353638818973998e-06
7927 3 212947.16781808701 0.012375326535684 1.75148621601902e-06
7928 1 231752.92279227701 1.37282327879971e-05 8.2891111280967402e-07
7929 1 171804.99986525701 3.0282675992040102e-06 1.6990908375543101e-06
7930 1 194859.43293216001 8.3271921723921708e-06 1.5501895385213e-06
7931 3 195980.263587027 0.0231694675280202 2.0305207897062902e-06
7932 1 196815.31598903501 7.2190991506665901e-06 1.4172687378981399e-06
7933 1 161213.49410995501 1.9909845571728501e-06 2.1686159508290499e-06
7934 1 157259.31189544001 1.82051679417551e-06 2.1369056166401399e-06
7935 1 172943.54720923601 1.9245467927901799e-05 7.8705572388192297e-09
7936 1 191961.134903912 7.4035480405536099e-06 1.5678113387338e-06
7937 1 186197.723059871 7.9939055004471604e-06 6.9077244160788304e-07
7938 1 184241.39236344301 3.2410278058297399e-06 1.2982856787996599e-06
7939 1 180177.153239935 4.38545918824956e-06 1.7349021480585201e-06
7940 3 218917.243828651 0.0139994015901774 1.43969812422147e-06
7941 1 189312.049278297 6.5810017341121699e-06 1.58878509297594e-06
7942 3 197206.08701521499 0.017221763444155401 2.0846904727141499e-06
7943 1 204579.29336162601 1.87700129009275e-05 1.8787429536328799e-06
7944 1 198018.20474991901 5.7328673624229801e-06 9.5304155731364095e-07
7945 1 183232.79683010501 5.3578180782090396e-06 1.7017067885560699e-06
7946 3 212230.48602586801 0.010734161086301699 1.7786936505967199e-06
7947 1 162170.73694107099 2.0516318914823498e-06 2.1564472352552099e-06
7948 1 173673.54423376999 3.2499027647495601e-06 1.86574470379508e-06
7949 1 184696.684920281 3.3747178497611899e-06 1.3010652564704801e-06
7950 1 196056.83089781101 7.1022835104233397e-06 1.42866448212162e-06
7951 1 157972.47436326701 1.9539934660218501e-06 2.02033971225749e-06
7952 1 193542.623764127 9.42908998018133e-06 5.7826852037772395e-07
7953 3 212442.10316559501 0.019084155514574801 1.7017269938967501e-06
7954 1 186651.41529733501 6.2696796429870796e-06 1.6505523830550299e-06
7955 1 193362.45586752999 6.0693811772214302e-06 1.4006336040320601e-06
7956 1 229928.752444046 1.21756257628292e-05 6.3489237232163696e-07
7957 3 202895.83365473899 0.0194590616971222 1.9022837356211301e-06
7958 1 159850.798611957 1.9013130200136799e-06 2.1767433935966001e-06
7959 1 183461.55415514999 4.8922125375385499e-06 1.6484397538525e-06
7960 3 212492.95220091901 0.014493015467436299 1.73872898906223e-06
7961 1 185440.986222126 8.7870044562528605e-06 1.8463078249002499e-06
7962 1 199767.99974673201 7.4100571447456304e-06 1.3604780882877001e-06
7963 3 216540.36462432399 0.0117287620491746 1.68550107739022e-06
7964 1 175849.06873882099 3.5732727706410399e-06 1.7811783810700501e-06
7965 1 165248.63389509599 1.53126895028041e-05 1.7240872941197299e-07
7966 3 204616.31221843199 0.019936901489292402 1.8627105358925999e-06
7967 1 166494.33969885399 2.4570999600013201e-06 2.01665911713984e-06
7968 3 188248.716348571 0.0088194570796803293 2.3792559837200402e-06
7969 3 192859.52384926999 0.0144980948431674 2.2157704790473002e-06
7970 3 231802.49078494799 0.0085811462544170894 1.2302923625501599e-06
7971 1 157986.872003186 1.8079335347522601e-06 2.1598345121474302e-06
7972 1 179057.10356834499 3.5433367007629702e-06 1.51258230965058e-06
7973 3 202477.98814700899 0.015922287191356899 1.96161339997131e-06
7974 1 182679.30552726801 4.8044058931338204e-06 1.6756454497119099e-06
7975 3 188177.887709462 0.021273257583132699 2.33205355722428e-06
7976 3 219558.84068126301 0.0136047188913917 1.4621605544633101e-06
7977 3 228727.730921304 0.012789820640810299 1.0580668331503801e-06
7978 1 206578.92027935601 2.1612269726382101e-05 5.7482731556469699e-09
7979 1 157283.49423802501 1.8985729891933199e-06 2.0047801507999799e-06
7980 3 214121.76909185699 0.014024067237272401 1.70306468869945e-06
7981 3 230172.46241688699 0.010584321942197401 1.1986339716547401e-06
7982 3 195481.99195079101 0.021653053276691901 2.0693002663481002e-06
7983 1 177601.979343327 1.95280847325238e-05 7.4234397309143601e-09
7984 1 173449.817372205 3.2482131903444598e-06 1.8602725972917601e-06
7985 1 188217.98112919999 5.3699791008226403e-06 1.49474336068702e-06
7986 1 163090.37023443999 2.2552885304584599e-06 1.9883213454439799e-06
7987 3 204632.47673343401 0.014899151513893399 1.9203264073920401e-06
7988 1 163256.85008037501 2.29442609784919e-06 1.8424673847386801e-06
7989 1 174477.52384476599 3.3528999583406501e-06 1.84751087660795e-06
7990 1 204296.53047748399 8.5605603822246894e-06 1.34769845080181e-06
7991 1 156950.70801172301 1.7651737009623901e-06 2.1747219758707599e-06
7992 1 184140.10196920301 5.9910899318151601e-06 1.71486736384384e-06
7993 3 213785.69673170699 0.0146056542287552 1.7078570056921599e-06
7994 3 202863.48223867299 0.0163919463723095 1.9529557043931902e-06
7995 1 157173.78656041299 1.6821801313425501e-06 2.27914221524109e-06
7996 1 156176.182859672 1.6066131773210601e-06 2.2914909038167902e-06
7997 1 167252.35640187099 2.5585746895337599e-06 2.02012817520145e-06
7998 1 215635.52134158101 1.2589334265445201e-05 4.2844472803612001e-07
7999 1 189215.31048839501 5.5184089587788096e-06 1.4775700450123399e-06
8000 3 190601.81873206 0.0156740085305264 2.2842741220305798e-06
8001 1 209517.04717825699 8.7157957798412406e-06 1.24713803261879e-06
8002 1 196935.65388576599 1.56472169226228e-05 1.9156028684664502e-06
8003 1 165066.72055957999 2.3108774700506e-06 2.0762569763707901e-06
8004 1 176629.52157357099 3.6998384023539999e-06 1.6942308592641e-06
8005 3 220048.23680768101 0.013712197906345499 1.4117611565370899e-06
8006 1 240433.22006183799 2.0391844550420499e-05 1.29228054380185e-07
8007 1 224014.78593178999 1.8218677501558301e-05 1.3265515744076899e-06
8008 1 177504.36296292601 3.4350741891785001e-06 1.53363369063958e-06
8009 3 235681.30402774599 0.00074397376321808095 4.8900147499592998e-10
8010 1 174561.108178091 3.4098514172035098e-06 1.80939860685048e-06
8011 3 214096.11545190599 0.029567035043459599 1.6439832017929601e-06
8012 3 188910.47648145701 0.0084214385616433393 2.35966909660419e-06
8013 3 214817.98078942299 0.0138356843826385 1.6871764555752101e-06
8014 3 198245.72321294801 0.0150444567486767 2.0771570798098698e-06
8015 3 187614.605029158 0.018233821263344999 2.3815914790556e-06
8016 3 226948.99724959899 0.012581224630949401 1.178748717767e-06
8017 1 173985.998633815 3.2983775820953402e-06 1.8517655986887999e-06
8018 3 214373.43537394499 0.0285133644540112 1.64291096123871e-06
8019 1 180629.37370210601 4.3491774195165801e-06 1.69150938217994e-06
8020 3 201673.54620145101 0.0106615272986391 2.0395196687048101e-06
8021 1 172128.86744151899 3.09440555711953e-06 1.8986324418532201e-06
8022 1 169473.216051047 2.80481411721222e-06 1.9152152618229201e-06
8023 3 212759.78628120301 0.023727637391139901 1.6715515804748301e-06
8024 1 156157.94357899201 1.60588736401786e-06 2.2831961292404301e-06
8025 3 230561.516721372 0.0127413129567449 9.4896369023560395e-07
8026 3 217230.064701825 0.0244181581254444 1.60119063663304e-06
8027 1 176256.02534545399 6.8040957241871197e-06 8.2273649936816703e-07
8028 1 206290.21967733899 1.7555958815049801e-05 1.7756326589641701e-06
8029 1 166315.65205923101 2.4199630801119998e-06 2.04508644817863e-06
8030 1 167651.56232960601 2.6030051864992199e-06 1.9757299251873298e-06
8031 1 179573.584494651 3.9965072612701101e-06 1.15455600580846e-06
8032 3 197515.14977093801 0.015915729638198001 2.0849948553063498e-06
8033 1 162003.00746588199 2.0574536539365899e-06 2.1588635074448601e-06
8034 1 206858.45134170901 1.41353740951808e-05 1.61054451448997e-06
8035 3 219600.471363082 0.013683519130921499 1.4421332748490001e-06
8036 1 200560.744367793 5.4499869090745399e-06 1.17911884333531e-06
8037 1 209840.801835477 2.2425959284030401e-05 1.8730981455428999e-06
8038 1 171216.446986411 2.7260985102931301e-06 1.63618694016519e-06
8039 1 161580.817744267 2.0011247868142601e-06 2.1696600652225101e-06
8040 1 180240.68853849301 4.4644932809817599e-06 1.7395323812778099e-06
8041 1 200352.064358834 7.5216009216783001e-06 1.34521843280675e-06
8042 1 238810.45074348501 1.3495253595187e-05 5.8858818686191096e-07
8043 1 155251.33882916599 1.6034308182879799e-06 2.265081816844e-06
8044 1 207662.41008175901 9.3846388752306492e-06 1.3177773341026501e-06
8045 1 216332.222908325 1.6283410731693001e-05 1.4641447829186601e-06
8046 1 233140.56829544099 1.2083444229128699e-05 6.7799951609690496e-07
8047 3 212202.39605637599 0.0136012068715127 1.75106834803505e-06
8048 1 157903.05946487701 1.72753954657426e-06 2.2573986561736201e-06
8049 3 194297.16051747999 0.020114325508183602 2.1226080598671402e-06
8050 1 171641.34926793701 2.97487909700621e-06 1.9154112922067101e-06
8051 1 203421.40230038401 1.8496227575603399e-05 1.90049711792863e-06
8052 1 157022.17948332799 1.6615733733526501e-06 2.28351875309929e-06
8053 3 215836.67542285801 0.024657215589465799 1.63479872231999e-06
8054 1 182806.67776178499 4.7618503181618702e-06 1.02383878892369e-06
8055 1 181034.21249156899 4.6877218128476699e-06 1.7326028048852e-06
8056 3 194093.86462962901 0.0166499974332882 2.1644232850967702e-06
8057 1 166114.00244595201 2.4076188223183098e-06 2.0520967180306901e-06
8058 1 161789.055068046 2.0210195113981402e-06 2.15919213826751e-06
8059 1 176445.62041956501 3.6677877236946999e-06 1.76702164734981e-06
8060 1 240786.47260810601 2.0000505341438002e-05 1.57608242097355e-07
8061 3 226300.078385336 0.0119155326069712 1.3036651146085301e-06
8062 1 188952.65744760499 7.3799124534620501e-06 1.6538086974331299e-06
8063 3 189256.69288105701 0.017823734940650499 2.3174353561781301e-06
8064 1 186034.218667215 5.9186458824684098e-06 1.6462117818913801e-06
8065 1 202357.20974354801 7.8179183958034693e-06 1.3254578205888299e-06
8066 1 179385.645940813 4.1843175070111901e-06 1.7493797239646199e-06
8067 1 186117.57884971399 5.1071968451893096e-06 1.5464596031203799e-06
8068 3 203192.95579714701 0.015250772203789601 1.9511046472742399e-06
8069 1 213316.08931361799 1.0493366592548401e-05 1.28853090296111e-06
8070 1 158879.51707319601 1.79476209962098e-06 2.23223516286131e-06
8071 3 210372.00185384601 0.026766010550478302 1.68360122469964e-06
8072 3 197287.766438555 0.0196539436272293 2.0430169126379599e-06
8073 1 176325.64889166399 3.6240296913491501e-06 1.74578483599877e-06
8074 1 160403.61020359199 1.9241194217673199e-06 2.1919930217451001e-06
8075 1 155108.09324629599 1.5397188034699099e-06 2.3343657891782902e-06
8076 1 169833.68749518201 1.40637475428256e-05 2.4246328285577799e-07
8077 3 224564.69380630599 0.011641583162387699 1.4033473468471901e-06
8078 1 185722.01659557701 1.3043770160380999e-05 2.0780637026108699e-06
8079 1 202006.780833914 1.3889761889401e-05 1.70082517679422e-06
8080 1 155217.920719321 1.5503566269716201e-06 2.3341715922890999e-06
8081 1 172215.30744237601 2.4736895212033198e-06 1.5106920816820701e-06
8082 1 221003.52432348399 9.8801937547467204e-06 9.4571193966192195e-07
8083 3 203256.29983972601 0.020004191298910099 1.89283112657187e-06
8084 1 166164.03528218399 2.52286200150016e-06 1.9448280550023198e-06
8085 1 197319.35538782299 5.7354879550099001e-06 9.2185721429832704e-07
8086 1 178972.41821505901 4.0876735102734101e-06 1.7462579398336099e-06
8087 1 206511.30224976101 2.3321754645115998e-05 1.88457730831449e-09
8088 3 203918.30953640799 0.0149735278487976 1.93685665099593e-06
8089 1 159630.26676075999 1.87084386619996e-06 2.1792463915829298e-06
8090 3 194804.76483184399 0.015659212625323101 2.1565382228968601e-06
8091 1 209850.83044385401 8.7520393978342401e-06 1.21700628907471e-06
8092 3 223185.74412309 0.013381825834620499 1.2436552414919701e-06
8093 1 191385.39498184301 1.1669672577458099e-05 1.83683678860522e-06
8094 3 192511.38079438801 0.022311581477648001 2.1405875572932102e-06
8095 3 189820.231944978 0.0220459665734003 2.2419494222367699e-06
8096 1 162399.32527626699 2.0637800811931101e-06 2.1495702299254898e-06
8097 1 160824.292079248 1.9811708490305798e-06 2.1207345021997502e-06
8098 1 162293.06246535201 2.08058089537152e-06 2.14961424448138e-06
8099 1 179530.62655007999 4.1777953532397701e-06 1.7389133618167501e-06
8100 1 160355.95661745401 1.81491369617153e-06 1.9240664081611502e-06
8101 3 210569.722245126 0.025960802632423501 1.6824941645551901e-06
8102 1 168190.92857443 2.6191262930004701e-06 1.9809033745340502e-06
8103 3 227143.27327413901 0.012877617769156699 1.1130272298456499e-06
8104 1 176486.358842502 3.6382313815841698e-06 1.68563506964003e-06
8105 1 174528.54427954199 3.39621024595621e-06 1.8443085991425301e-06
8106 1 192374.56641754301 6.19652490968216e-06 1.45325394401956e-06
8107 1 198923.56598345799 6.9501219553571301e-06 1.3335486658468401e-06
8108 3 211884.37761330299 0.014819820231679 1.7546795502983901e-06
8109 3 218167.89035862999 0.0137639179880546 1.54928668029532e-06
8110 3 229919.90641369901 0.00070537593744883303 7.8289671723053202e-10
8111 1 198460.589529477 1.14041517696603e-05 1.6460752044510301e-06
8112 1 175626.105357497 3.5201625769170402e-06 1.81427819076803e-06
8113 1 204055.732782098 1.8110184581947401e-05 1.86743905015508e-06
8114 1 236651.92176512099 1.32477842952736e-05 5.8526791823699497e-07
8115 3 191836.982136073 0.022360412070372399 2.1567160437909101e-06
8116 3 193134.297308287 0.0188732108951793 2.17258517581499e-06
8117 1 166897.87466561201 2.48228374248435e-06 2.03188445733175e-06
8118 1 172715.84701722299 3.1460942560138102e-06 1.8804570254264799e-06
8119 1 200076.552840947 5.2963556041830202e-06 1.10885734229847e-06
8120 3 212399.752276115 0.024286823802079398 1.6732534989715801e-06
8121 1 172450.70988604499 3.1069375416797299e-06 1.8926439499928901e-06
8122 1 190281.64864039799 5.79166307777205e-06 1.48649984185226e-06
8123 3 214163.908344514 0.012548044553191201 1.72463979983746e-06
8124 1 195697.79467093901 6.0095025811613002e-06 1.3070292120165e-06
8125 3 205332.07482857199 0.0150086173278149 1.9020983124494001e-06
8126 1 212695.395224056 7.3927320617926701e-06 1.00468040649135e-06
8127 3 217192.448601596 0.083525768568303904 1.5085567870504e-06
8128 1 169325.534535168 2.7810519563636898e-06 1.9091047055021898e-06
8129 1 200159.46777306299 7.1492124391939401e-06 1.3233030512899801e-06
8130 1 191481.619925871 8.5763002687537705e-06 1.6591638996937e-06
8131 1 157695.53918257801 1.7598043221566999e-06 2.1915641462485898e-06
8132 3 200750.30376509301 0.0072945596770719202 2.0948316047696401e-06
8133 3 233278.08541294499 0.0111011936014158 9.8437716170107001e-07
8134 1 232498.67577053799 1.2952073258702201e-05 5.5612064316936401e-07
8135 3 233047.137751653 0.0122773703791197 8.3141018909560398e-07
8136 3 218892.10322750601 0.013876866727281899 1.46205913378351e-06
8137 3 190173.5197142 0.015053371192868601 2.2944397760452801e-06
8138 3 207358.394972824 0.00034080415424036001 1.9563032136109999e-06
8139 1 172768.898569757 3.2022854538381102e-06 1.88142322202219e-06
8140 1 187631.98615150299 1.8546406450374098e-05 2.3285427466057299e-06
8141 3 219269.01562136901 0.013782847752483901 1.4518320694709501e-06
8142 1 165937.39006825801 2.4697888693124601e-06 1.7847594856455699e-06
8143 1 186908.99391943001 4.2843516837833998e-06 1.3912348908714699e-06
8144 3 232597.26858325899 0.01048647664453 1.10420347149945e-06
8145 3 190655.27870998901 0.0231635801254103 2.1868501259912001e-06
8146 1 165544.33299873699 2.4148878106998e-06 1.9786617688032498e-06
8147 3 187018.86204628501 0.00837227822397516 2.43202592268723e-06
8148 3 226151.97859265699 0.012578169876401099 1.23998919795962e-06
8149 1 212374.25052110001 7.7673873458289908e-06 1.0318767187390799e-06
8150 1 161712.84112967199 2.02563362001267e-06 2.1644510069274102e-06
8151 1 215854.709329804 2.2446048802234299e-05 1.6946688504216301e-06
8152 3 190752.92641621499 0.018505891619091101 2.2453661645144198e-06
8153 1 171125.35177998699 2.95887977264503e-06 1.9131610494186302e-06
8154 1 181105.20084046401 4.2976325616272703e-06 1.6208571529728e-06
8155 3 198183.4675341 0.011285091053417099 2.12240776633891e-06
8156 3 198999.42648701501 0.010142622589751 2.11361216407793e-06
8157 3 194715.18674524699 0.012369923232238299 2.1949095706917999e-06
8158 1 159328.83879257899 2.0230785442670702e-06 1.9955301957441101e-06
8159 1 164561.311466046 2.2534385969177002e-06 2.08788913293071e-06
8160 3 199875.12637202899 0.0094568823053198092 2.1022753022165501e-06
8161 3 232465.07049867499 0.011865543405750301 9.2887302901858899e-07
8162 1 161022.04879913401 4.62504428544995e-06 1.2090856155123601e-06
8163 1 205138.07508628999 1.86494637962546e-05 1.8616881907452899e-06
8164 3 225013.663168256 0.0074295925941803998 1.49468795882423e-06
8165 3 224842.854194916 0.010192913940073701 1.4493972970044301e-06
8166 1 159308.83957123 1.7538756380205001e-06 1.9305937711743001e-06
8167 1 156672.53844228899 1.64410241813502e-06 2.2851442758009299e-06
8168 3 197919.70943762601 0.016281689137777399 2.07789622897492e-06
8169 1 202777.361558167 1.8414437954115898e-05 1.91106970464449e-06
8170 1 208146.005317934 1.7442672129442801e-05 1.72750900057591e-06
8171 1 167378.50065395201 2.5507745192779799e-06 1.9813222099117098e-06
8172 1 174755.823906879 1.4068995715364999e-05 2.6430729195125202e-07
8173 3 216929.168454759 0.0011873716932665999 3.40126410725464e-10
8174 3 194372.089177813 0.0214948197360634 2.0910446924424802e-06
8175 1 157710.28550933799 1.9100975548241198e-06 2.0641440680948999e-06
8176 1 196670.49785922401 6.2333905068109701e-06 1.2914539536417299e-06
8177 1 223003.86352566499 1.91828964233861e-05 1.2418561259841199e-07
8178 3 216867.69271704901 0.075684642226203996 1.63750366396641e-06
8179 1 217854.22435314799 9.6905420571735903e-06 1.02659339931769e-06
8180 1 242914.58915277099 1.4415295093424201e-05 5.12434600780012e-07
8181 1 169934.426486632 2.8019501263065998e-06 1.9543086572722398e-06
8182 1 206479.45817335599 6.44381106454253e-06 1.0619744816830999e-06
8183 1 159990.69067987599 1.89049261485522e-06 2.2027133940535699e-06
8184 3 196264.708500004 0.021118961589685601 2.0567133157904501e-06
8185 1 155978.57587979999 1.84251069927106e-06 2.00096387273222e-06
8186 1 162737.681110851 2.1138109934253299e-06 2.14179513390927e-06
8187 1 173757.91375487999 3.29126229522146e-06 1.8622990681415999e-06
8188 1 155651.305909941 1.7509469718335599e-06 2.1435833014941001e-06
8189 3 190084.09812598699 0.022375686901548401 2.2276533695908102e-06
8190 3 217299.47344709301 0.030639283929247099 1.5966737369385101e-06
8191 1 174197.27571332001 3.3388901327876802e-06 1.8543274133848401e-06
8192 1 155339.212831385 1.6603151364007599e-06 2.2186497952110998e-06
8193 1 162502.05777018299 2.0854458816129201e-06 2.14564958221507e-06
8194 3 190973.652079753 0.023180576300140102 2.1773807178406098e-06
8195 3 209666.01866979699 0.0073613779940182303 1.8568944638042299e-06
8196 1 168693.03005924899 2.7012475623447501e-06 1.9588477855219199e-06
8197 1 179979.78633925601 4.2142090606565002e-06 1.7209793637744701e-06
8198 1 170514.322471386 2.8852570087641e-06 1.9388846396665599e-06
8199 1 187006.320256312 3.8387852712696199e-06 1.1810493493334701e-06
8200 1 240109.356712398 1.46188665257291e-05 4.8049090539344197e-07
8201 1 224123.286270143 1.50754412638794e-05 1.1924439716158799e-06
8202 1 183017.92240136099 6.3573815092555601e-06 1.7840841978091e-06
8203 1 188883.88113968499 4.0961712658102202e-06 1.32766551234071e-06
8204 3 231277.68725635999 0.011313520953854799 1.0836868464535301e-06
8205 1 180650.73106513199 4.5692355135762702e-06 1.7362755314724501e-06
8206 1 167862.57344639799 2.7020691726157001e-06 1.89545903992855e-06
8207 3 217104.326436523 0.102436766610099 1.5780794306822599e-06
8208 3 186766.07599859001 0.00148909193114525 2.4468623521690098e-06
8209 1 225235.73574765099 2.45395202886265e-05 1.4576096492549899e-06
8210 1 196445.35737848401 1.07141209284347e-05 1.6550888878804599e-06
8211 1 164491.67262283401 2.2790579364270399e-06 2.0939067397331099e-06
8212 1 207642.92768761201 2.2020915882422501e-05 1.9186966651757602e-06
8213 1 159924.59694861999 1.87751817171061e-06 2.2020504204887302e-06
8214 3 199476.10597680599 0.0238319572385529 1.9256927505713502e-06
8215 1 203365.92604443 1.39271619023302e-05 1.6738978602195099e-06
8216 1 222772.497514388 1.0800726963465801e-05 1.00920109618063e-06
8217 1 178905.80487501001 4.10903218619499e-06 1.7553423379112699e-06
8218 3 233929.49907947099 0.0017581065851720601 1.1287902815854e-06
8219 1 221179.05669055899 1.05703986846942e-05 1.033916948399e-06
8220 1 160946.447467736 1.9664132428798401e-06 2.1837284016773201e-06
8221 1 178178.88061781501 3.9957587809503997e-06 1.7709498243404801e-06
8222 3 200936.44726158699 0.017299556392029999 1.9886915085020201e-06
8223 1 187444.043907774 1.38690073326078e-05 2.0738467769099698e-06
8224 1 188039.48810059601 5.2944224202021699e-06 1.4689654055954701e-06
8225 1 181862.89840697401 4.3251450420555002e-06 1.5681533446308001e-06
8226 1 213842.547362004 1.9691928491152898e-05 8.1995002171637404e-08
8227 1 190215.52469157401 1.0314491569811699e-05 1.78881350924298e-06
8228 1 191291.45617561499 4.0631676548655399e-06 1.1994184145567399e-06
8229 3 192729.35605968899 0.010256425056377701 2.25444753175263e-06
8230 1 190743.977839431 8.1396413541601602e-06 1.64761600949217e-06
8231 1 200588.00383240799 1.12046618029116e-05 1.5889826029031501e-06
8232 3 194724.76579467801 0.0229916274834999 2.0644728366895001e-06
8233 1 183644.76351703101 5.14192694544792e-06 1.65671968702328e-06
8234 1 166983.54299754201 2.51169152354624e-06 2.02696450851404e-06
8235 1 175149.62011921799 2.5230367431923398e-06 1.4912067185368e-06
8236 1 179320.38365852399 3.9657836369610899e-06 1.60302510099621e-06
8237 1 184006.571057105 4.7015938763821104e-06 1.5404575739798601e-06
8238 1 242003.085320999 2.3598904379054999e-05 1.10770175754509e-08
8239 1 175697.721069789 3.5890640683758499e-06 1.8183193626082399e-06
8240 1 155240.90076947701 1.55571420366178e-06 2.3339689113491601e-06
8241 3 212765.634790132 0.0066212979250108604 1.79933281683852e-06
8242 1 200590.08775070499 1.1817633459817199e-05 4.3311490093487802e-07
8243 3 223867.53200380001 0.0111556069086097 1.4604174835107501e-06
8244 1 204757.00892401001 1.4009269828198501e-05 1.64779068289276e-06
8245 1 154905.65063226499 1.5133610208197901e-06 2.3436172719785898e-06
8246 3 197438.115987153 0.012659411936437 2.1283838803200901e-06
8247 1 178043.44936305701 3.8886856425556502e-06 1.74567926646598e-06
8248 1 183460.60712138299 4.4670354134782299e-06 1.5170052157617399e-06
8249 1 180497.62083870001 4.07314886687926e-06 1.5847833170055301e-06
8250 3 208206.85904711601 0.0053944349900125902 1.90116851456335e-06
8251 3 192005.738518717 0.0120919596399406 2.2629076812760101e-06
8252 1 176057.463327495 3.6641871540500899e-06 1.81285277347985e-06
8253 3 211036.471354304 0.026220017865590799 1.67969676688983e-06
8254 1 243882.23562287501 1.6285127162943401e-05 3.78340807189969e-07
8255 1 207474.10024426499 8.7937756729489592e-06 1.2868733223392099e-06
8256 1 173641.09737205101 3.29489717461931e-06 1.79240497487877e-06
8257 1 218823.48360993399 9.3477660091854599e-06 9.759680633155881e-07
8258 1 187034.60024108199 5.1476659034263696e-06 1.4873460362614499e-06
8259 3 185506.00745525101 0.000236548589815297 2.7177849085155899e-09
8260 1 184731.901338278 7.0361512326228104e-06 1.76749956241877e-06
8261 1 179380.28721793901 4.1201018444152097e-06 1.72953339824562e-06
8262 1 208285.165127235 2.2546173387812599e-05 1.9223732210966301e-06
8263 1 174837.74748005101 3.4848723604026799e-06 1.73477253501495e-06
8264 1 175426.60852388799 3.5313938398164601e-06 1.76145514912032e-06
8265 1 217195.96970524301 9.1492277494864504e-06 9.9327962899082705e-07
8266 3 213733.74155398499 0.0096759308923785002 1.7666038257683399e-06
8267 1 207568.84263404401 1.77414604224839e-05 1.75530306632491e-06
8268 1 174284.245922573 3.3936827102199799e-06 1.8478264957377801e-06
8269 1 207471.31917993899 1.3971815847006799e-05 1.5888482645995999e-06
8270 1 175466.90431658499 3.5376233890434099e-06 1.70380044767689e-06
8271 1 164814.31131138999 2.37360425701148e-06 1.8181904172219699e-06
8272 1 204340.18619306799 8.1431962220817195e-06 1.30854809273047e-06
8273 3 214632.898375755 0.011353020090365 1.7340607222273901e-06
8274 1 202217.64305704299 1.9030497362107298e-05 1.9535333044190201e-06
8275 1 155278.356042648 1.76068673038237e-06 2.0233000700205501e-06
8276 1 155120.39999147601 1.70039705715766e-06 2.1487646508191799e-06
8277 3 195445.10474075799 0.010970786586337 2.1880669540015099e-06
8278 1 154918.37354210901 1.63358699896505e-06 2.2178303426842598e-06
8279 1 197238.39278713899 6.0894835942804004e-06 1.26940541068635e-06
8280 1 203409.74677070399 8.0271118454888298e-06 1.3177373311976999e-06
8281 1 158104.90792361001 1.86942115753501e-06 1.9395586832803799e-06
8282 1 186136.285281889 5.0882879473704097e-06 1.52373094464116e-06
8283 1 206139.756982775 1.3951103925613601e-05 1.6158054549829101e-06
8284 1 222916.645499506 1.0646586373374201e-05 9.5509682142806904e-07
8285 1 194130.90291107399 5.6880777954589299e-06 1.30901195683636e-06
8286 1 184990.58701931301 8.2365144250262995e-06 1.8235210512494499e-06
8287 1 171541.62759087299 3.05507644140234e-06 1.8299513890363699e-06
8288 1 213533.15361449 1.0032404954046001e-05 1.24270918172277e-06
8289 1 177610.148058997 3.8643879551643602e-06 1.7350209083232099e-06
8290 1 202743.64887479899 1.41437850470419e-05 1.6990755163094699e-06
8291 3 210771.849293821 0.0087798918122991895 1.8225618896690599e-06
8292 1 168022.63799829199 2.6495590963619002e-06 1.9539793319957498e-06
8293 1 176356.88953979299 2.7903533590060998e-06 1.5560920471713099e-06
8294 3 192148.69420604801 0.015938129588733599 2.22400208023342e-06
8295 1 168487.468602115 2.7131579022584701e-06 1.9249518496749801e-06
8296 1 195803.36914613101 1.0747257230470399e-05 1.6706734414127101e-06
8297 3 211186.55241174501 0.027633803707984801 1.6698735213737199e-06
8298 1 178176.88097379799 2.8080189533797999e-06 1.48272799027039e-06
8299 3 222585.70439210601 0.0134631277625999 1.26112767239544e-06
8300 1 205497.14658824401 1.42237847138259e-05 1.6436846265117099e-06
8301 1 197412.266953135 4.7652202866190301e-06 1.20470785689921e-06
8302 1 172497.78447800901 3.1394517684549898e-06 1.8112857050478801e-06
8303 1 180681.27604846601 4.6422011912263204e-06 1.74195747885286e-06
8304 1 180099.03112087099 2.9033434288649102e-06 1.4030201944339099e-06
8305 1 201147.22081662901 7.3017120625024403e-06 1.30955236293199e-06
8306 1 202475.123946368 5.6357499860024902e-06 1.1283348928066401e-06
8307 1 184794.100107618 4.73281892638107e-06 1.5075149158827e-06
8308 1 201958.27268785299 1.1260583128905399e-05 1.56206737007834e-06
8309 1 195548.88895761501 8.4103151625509699e-06 1.53564623472656e-06
8310 1 201174.60778442299 1.10570070189322e-05 1.5658365480789099e-06
8311 1 177150.57975069701 3.7447245714894201e-06 1.7549485583975499e-06
8312 1 188192.56739443899 4.9333420307505602e-06 1.3966823665653899e-06
8313 1 184358.05735515 4.4927082861108698e-06 1.4856653370581001e-06
8314 3 209268.14468090501 0.0056187829368581797 1.8718654107275099e-06
8315 1 202304.302901555 7.5063075179041497e-06 1.2994859002274401e-06
8316 3 196786.369324525 0.016899639362090501 2.0920816387099698e-06
8317 1 204381.839572464 5.8699207025642902e-06 1.1267450673330299e-06
8318 1 202601.71205770399 1.11729839447131e-05 1.5427259283560301e-06
8319 1 163239.4116042 2.1644950940108801e-06 2.10034641523928e-06
8320 1 218862.65618391399 9.0547047123792599e-06 9.4904164967550298e-07
8321 1 216747.207853878 8.5237560277796103e-06 9.8046819680350309e-07
8322 1 161601.22478234401 2.0249478501376302e-06 2.1068475278709701e-06
8323 3 218566.58205306099 0.0141045422352521 1.45187045391541e-06
8324 3 199338.107639761 0.015270598728864101 2.0564064658163e-06
8325 1 186763.66482883299 1.2635151321478101e-05 2.0253100284635801e-06
8326 1 192571.86659641599 7.5420128211052301e-06 1.5574201114780401e-06
8327 1 175269.368675504 3.5043523963382901e-06 1.8268824584316699e-06
8328 1 199569.34591087999 9.3668930896290904e-06 1.5071628233124e-06
8329 1 179880.75507474801 4.2247784027031796e-06 1.7031871210934199e-06
8330 3 215588.97937155401 0.0130589083391908 1.6777928868673301e-06
8331 3 220472.017009815 0.013840445125365201 1.3353431366841999e-06
8332 1 179025.44463240899 4.0682211998102503e-06 1.7065354356299799e-06
8333 3 200261.80590637799 0.018089568975701301 1.9965823237381901e-06
8334 1 170057.07095775899 2.84792829436738e-06 1.9468625365645e-06
8335 1 189833.976498959 6.7169419892856498e-06 1.5778165367495401e-06
8336 1 178074.78589681801 3.90041401064654e-06 1.71513811856704e-06
8337 1 192037.61581537899 8.6594953138719096e-06 1.64704273424221e-06
8338 3 217325.766057784 0.047648666998845603 1.5195032265699201e-06
8339 1 187305.54733291201 6.0224970877640996e-06 1.6084255918513701e-06
8340 3 190647.48315362501 0.021481207853991002 2.2132640340768702e-06
8341 1 160410.66002004701 1.9246689172151499e-06 2.1852702629876802e-06
8342 1 190185.90646410399 7.95140920712006e-06 1.6531416743552499e-06
8343 3 223887.59547706399 0.0127830158910577 1.32497771966886e-06
8344 3 211572.89064155999 0.014349681308195601 1.7614910820097299e-06
8345 1 183075.656790885 4.5452769308403103e-06 1.56400452220358e-06
8346 1 186003.136178699 4.9939475200320798e-06 1.5035786433178199e-06
8347 1 177059.24275512999 3.7441891603440001e-06 1.7236498661456401e-06
8348 1 164633.13447741201 2.2672330549856799e-06 2.0880653637281601e-06
8349 3 193998.13299607401 0.0136923003776363 2.20182134372789e-06
8350 1 182748.23603368099 4.4633034597167e-06 1.5454590112032999e-06
8351 3 217431.42483799899 0.0114349935165814 1.667955807816e-06
8352 3 218296.350700668 0.014304496931096301 1.4661263495973501e-06
8353 3 199567.72445671499 0.00034422194267724098 1.4794900832146399e-09
8354 1 196385.115722494 8.6855959428492397e-06 1.53481621284091e-06
8355 1 176230.99195915399 3.6037964484313701e-06 1.66666059601092e-06
8356 3 188738.885486368 0.00027350653081387698 2.3923124546366901e-06
8357 1 186864.71216212999 4.7706697019248101e-06 1.41959819713991e-06
8358 1 175996.96269164101 3.6178041798220598e-06 1.7282363346741799e-06
8359 1 183240.154525975 4.3578455105670497e-06 1.50795659571366e-06
8360 3 205961.37210402999 0.0204626900478381 1.82496518754691e-06
8361 1 208768.01962331499 1.77628398384765e-05 1.72411487719212e-06
8362 1 209035.27610887701 1.0539228607659101e-05 1.35955434260131e-06
8363 1 178569.147621718 4.0144383920208603e-06 1.7276749196341801e-06
8364 1 183829.77791390699 4.5860504395085098e-06 1.5296523536348999e-06
8365 1 177583.58272384401 2.7373450113278601e-06 1.41782333965384e-06
8366 3 197984.614541043 0.019003907907712201 2.0338921187165002e-06
8367 3 223755.07458829199 0.0116058041523461 1.45288044872732e-06
8368 1 156242.76782508101 1.60374352871752e-06 2.3074169889580598e-06
8369 1 176078.384396999 2.6278205594269899e-06 1.53837027733778e-06
8370 3 197137.938246351 0.022123895800152098 2.0143450695701699e-06
8371 1 166527.45908199801 2.4908706550659899e-06 1.9963153817999202e-06
8372 1 174608.898656089 3.41487933038203e-06 1.73051634530924e-06
8373 1 184074.471993563 5.0452767897353501e-06 1.63643415497328e-06
8374 1 168093.18012452201 2.6163107699413198e-06 2.0004885265516402e-06
8375 1 174674.74353824899 3.4085763541813602e-06 1.7862025264957301e-06
8376 1 200269.371563775 9.3425707107783606e-06 1.4872397458222001e-06
8377 1 171593.74880940301 3.0250479383966701e-06 1.8986566329695399e-06
8378 1 177761.85303448301 2.6697485398908398e-06 1.4764585308097299e-06
8379 1 193350.69003033001 7.8809202287167994e-06 1.5587995124641299e-06
8380 1 247298.539861253 2.5374787109327899e-05 4.7107772835381199e-09
8381 1 196360.51013397201 1.5458249159615601e-05 1.9158221729235301e-06
8382 1 169042.88714407 2.7890976131776701e-06 1.89079012215853e-06
8383 1 182176.317177132 3.1797132198293999e-06 1.3074043471016299e-06
8384 3 233610.95774064699 0.0102171434220471 1.0764699951814e-06
8385 1 158387.60013418301 1.87121136836619e-06 2.1194835892801001e-06
8386 1 180593.10308604801 4.3199018077165698e-06 1.7104694900661e-06
8387 1 175276.44283439001 3.4805193577879098e-06 1.69327141760588e-06
8388 1 178861.937899504 4.0165271307852999e-06 1.7421435601058599e-06
8389 1 160876.978246516 2.0778887977446402e-06 2.0253850387284101e-06
8390 1 169030.32241625199 2.7450071682546699e-06 1.93972762647949e-06
8391 1 174333.243564615 3.40973643100792e-06 1.76777211439088e-06
8392 1 170429.48723091499 2.4397177466850501e-06 1.5285487249640601e-06
8393 3 191876.538404778 0.0175809802460693 2.2250131639190001e-06
8394 1 170810.563439847 2.92859136283943e-06 1.91259135939013e-06
8395 1 190633.80267487001 6.9802495868929402e-06 1.5772577439445699e-06
8396 1 155507.46596059299 1.57537861572126e-06 2.3040254120291101e-06
8397 1 181286.67552154601 4.4699181472998802e-06 1.6791832878999799e-06
8398 1 169951.99332033499 2.8361420167117099e-06 1.92616303597125e-06
8399 3 190483.237113112 0.0198993116063471 2.2490209691432101e-06
8400 1 197085.88518906201 8.7632213359771705e-06 1.52196071731545e-06
8401 1 167816.47344597001 2.61734470013709e-06 1.9509170903065198e-06
8402 3 209245.67236311801 4.1620852265064102e-05 1.90538386506809e-06
8403 1 179587.982525506 2.80107753170031e-06 1.4012188626057099e-06
8404 1 214051.079120276 1.11633228417966e-05 1.3002782309416699e-06
8405 1 175244.415882106 3.49689996142234e-06 1.75213655617155e-06
8406 1 189418.66863527001 4.62647464150837e-06 1.04343952189046e-06
8407 1 163663.41657107201 2.2219260560293301e-06 2.0730584790305401e-06
8408 1 154924.85798857699 1.51544933525543e-06 2.33923694626481e-06
8409 3 203568.84720515899 0.015970966880139801 1.9402867901889701e-06
8410 1 194031.851650061 8.0172291400887203e-06 1.5488720193257701e-06
8411 1 221316.392453409 1.7616382633952299e-05 1.8344746070014599e-07
8412 3 203921.60076525999 0.010861146311174101 1.9871860547179301e-06
8413 1 169129.353126223 2.7704442370276798e-06 1.9700447806117001e-06
8414 1 224164.41094474401 1.19446905271719e-05 1.0570917865244799e-06
8415 1 177369.82168415401 3.7746346790372101e-06 1.7363277460707599e-06
8416 3 233265.27377802899 0.0116254121172397 8.6960085602394195e-07
8417 1 168306.09335407399 2.6905599030771902e-06 1.9170780928603398e-06
8418 1 179295.67658618401 4.11109104624122e-06 1.7169380880689899e-06
8419 1 183642.38489175899 7.4478035078546099e-06 1.8285043336679701e-06
8420 1 191208.37885385501 7.1263526609372698e-06 1.56722956172912e-06
8421 1 186465.798622153 3.86731907227468e-06 1.15982857194358e-06
8422 1 176539.589584698 3.1510173458157e-06 1.5399546107379899e-06
8423 1 167851.542769041 2.6175863331734402e-06 2.0041351462677999e-06
8424 1 185549.57051975801 2.0312478047682201e-05 2.5683470390156799e-08
8425 1 222890.827568051 1.1707902179155501e-05 1.0781581391072699e-06
8426 1 184102.749910285 6.67158521310216e-06 1.76851946939355e-06
8427 1 167390.10839897901 2.5889298130417201e-06 2.0111146407633201e-06
8428 1 160729.898057149 1.96244009088601e-06 2.1645800778958098e-06
8429 3 232974.87167639899 0.0125141573619905 7.8847002454312203e-07
8430 1 168494.755799554 2.6611794431629798e-06 1.96175472631428e-06
8431 1 194451.83565314501 6.2101546895462699e-06 1.38658007000294e-06
8432 1 155821.01381656001 1.8421012918853199e-06 2.0279236648863302e-06
8433 1 164746.79866205101 2.3133516283650801e-06 2.0841742273583302e-06
8434 1 169426.08462799399 2.7559865259881301e-06 1.9461329893314199e-06
8435 1 163065.64875289999 2.1510821801709001e-06 2.0955401027577799e-06
8436 1 187741.25007722399 4.4110329402413098e-06 1.36789858027188e-06
8437 3 196704.15776308099 0.0139203573797796 2.1342210461222998e-06
8438 1 188477.326018566 6.3485896488511303e-06 1.59111898292293e-06
8439 1 164175.614982236 2.2441240989690902e-06 2.0838234453269798e-06
8440 1 178381.45609097101 3.2773741173073198e-06 1.5107105354519501e-06
8441 1 177309.695317893 3.80412007074476e-06 1.7859421030730101e-06
8442 1 191141.16207341 5.3065870450118801e-06 1.35136694356113e-06
8443 1 181437.17146265999 4.8307516738238597e-06 1.73090082954281e-06
8444 1 218612.12114564501 1.9797470470518999e-05 9.0491481247954996e-08
8445 1 184775.359432834 5.21021139794025e-06 1.6294840356233801e-06
8446 1 165015.867424831 2.3074241394561998e-06 2.0717701801915201e-06
8447 3 224678.24773276399 0.012072300130789301 1.3451197699762699e-06
8448 1 188075.151184382 6.2242759778184399e-06 1.6052168542394601e-06
8449 1 208148.25991797901 1.42093081216275e-05 1.5840778833544099e-06
8450 1 160232.74580481599 1.9067205404538001e-06 2.1843114007449399e-06
8451 3 211992.42684520601 0.0166647538081196 1.7286866989904101e-06
8452 1 180464.942442306 3.6861864387107598e-06 1.48138017199115e-06
8453 1 175241.59044922001 3.4790773497337802e-06 1.7978111555660999e-06
8454 1 190158.431967093 5.5695378763531403e-06 1.44075773972103e-06
8455 1 157548.43987715401 1.8982148380836499e-06 1.9772675361341599e-06
8456 1 161043.42764945101 2.0819436148535301e-06 2.0435526572759899e-06
8457 1 185397.81546368499 5.3554369530353104e-06 1.6208490067843501e-06
8458 1 164995.316346921 3.9417116147106004e-06 1.31332894241033e-06
8459 1 224717.252912892 1.08444632881768e-05 9.30612743610636e-07
8460 1 165094.32493989801 2.4404457787751201e-06 1.9310162648798901e-06
8461 1 166223.727741001 2.4395325888374798e-06 2.0460826516446501e-06
8462 1 186075.857482411 9.3118798330451407e-06 5.9883644968223799e-07
8463 1 182057.887390052 4.6044696093744401e-06 1.6689458174764301e-06
8464 3 193249.46954647201 0.020630773429576602 2.14149839403931e-06
8465 1 189392.05844808099 3.89843744634009e-06 1.17880463967106e-06
8466 1 203267.829170507 7.6390530516105705e-06 1.2889137946531701e-06
8467 3 219315.04384412599 0.0133699034752232 1.5016557466717301e-06
8468 1 192248.65391685901 4.6739943754568803e-06 1.06405892186725e-06
8469 1 182719.87414368801 4.7535744627640301e-06 1.6562759240945899e-06
8470 1 159542.933599287 1.863784443484e-06 2.2212056560175702e-06
8471 3 220968.33996435499 0.0131891991521565 1.4189090578308701e-06
8472 1 198155.695121475 1.87254991158304e-05 2.0369381239495001e-06
8473 3 231262.683658578 0.012391133427304401 9.3552195695227902e-07
8474 3 204608.91210235801 0.022525504906292699 1.81919598846747e-06
8475 1 196769.63462451001 6.8722163645262197e-06 1.39001833422945e-06
8476 1 221188.42323636601 9.3235200307008899e-06 9.2601031931982202e-07
8477 3 205637.10865320699 0.019635024306377001 1.83876571761488e-06
8478 1 223038.83574558701 1.01090426231514e-05 9.2283395212388905e-07
8479 1 163202.22210060799 1.00288351401951e-05 5.3158638148451e-07
8480 1 158153.67802304501 1.9801429701237e-06 1.96390486537743e-06
8481 1 154592.39303560101 1.506814201462e-06 2.3349712461771999e-06
8482 1 230849.18098380501 2.12089517034453e-05 1.13430235287143e-06
8483 1 155074.71831661399 1.53358109401083e-06 2.30146045061333e-06
8484 3 225933.446629813 0.0101088599589558 1.43020571339282e-06
8485 3 216668.87174209999 0.0019579357430485702 1.72274661908845e-06
8486 1 156860.44606032799 1.64956486651234e-06 2.2922224518767499e-06
8487 1 160390.959795198 5.0785855473805898e-06 1.1395208759757799e-06
8488 3 205356.73077351801 0.010366424555175901 1.9499012242519698e-06
8489 1 177385.796184106 3.7548543482073001e-06 1.66239148181638e-06
8490 1 181223.26263387999 4.2239919079042298e-06 1.55519003891374e-06
8491 3 204636.37196659599 0.010516786751218201 1.96921152699981e-06
8492 1 178393.96122346699 3.8317573868399404e-06 1.6240202191393799e-06
8493 1 169179.74078389999 2.7212036064882201e-06 1.9740174961315298e-06
8494 1 194474.93073834499 1.1427674614692601e-05 4.5577209309870198e-07
8495 3 218224.22127872999 0.0059756769211985602 1.67951395265141e-06
8496 1 166531.830302933 2.5812273688121599e-06 1.9099750301741599e-06
8497 1 208547.80320956101 1.0218184036152101e-05 1.3580613525474001e-06
8498 1 168015.41179847601 2.6535068139990399e-06 1.9949683738951998e-06
8499 1 235228.834651527 2.54127694454303e-05 1.08172246532187e-06
8500 1 158471.83387294301 1.8350632505898601e-06 1.9092618973470601e-06
8501 1 225385.24265173401 1.5251038414018901e-05 1.17175772973339e-06
8502 1 192217.174873968 5.9522133727720097e-06 1.4444057135943001e-06
8503 1 166663.47994977399 2.4708764411231301e-06 2.0379657569125201e-06
8504 1 160967.71542602201 1.3436688417165001e-05 2.4780907781643799e-07
8505 1 173047.98383429099 3.2750534525846602e-06 1.7779905872794e-06
8506 3 199285.31862088299 0.023238537605437901 1.94265477878661e-06
8507 1 170782.471670689 2.9632585854886102e-06 1.84928076833192e-06
8508 1 190294.578907708 5.6802097914291898e-06 1.46615763618426e-06
8509 1 170025.36308556399 2.8738397473819498e-06 1.8856155892331e-06
8510 1 158159.255600768 1.7435142790531301e-06 2.2584526494839198e-06
8511 1 212225.464099017 9.6247680511236905e-06 1.24719611301697e-06
8512 1 170597.044290441 2.92537687714613e-06 1.9328531597959299e-06
8513 3 205295.97950953801 0.020123656791983299 1.8449257641355699e-06
8514 1 194898.52894605001 5.6379756741065996e-06 9.2740381137618804e-07
8515 3 191298.07008750801 0.0140340400401301 2.2724426984808002e-06
8516 1 197207.747434488 1.10902980735953e-05 1.6624773197801499e-06
8517 3 199367.985038407 0.021588610852371699 1.9604297098165402e-06
8518 1 190562.61315409499 2.03061646080258e-05 3.5453413337480402e-08
8519 1 184270.14628928501 6.6853746095859097e-06 1.7563590491366099e-06
8520 3 204277.79900386999 0.024739967442175999 1.79295280123665e-06
8521 1 203354.04103753701 1.13920637329675e-05 1.5392111891138099e-06
8522 1 240893.706811757 1.6640092000632901e-05 3.4255145178646398e-07
8523 1 200659.58824559901 1.38297090697272e-05 1.72589323868649e-06
8524 3 226519.134089461 0.00199112471894854 1.4446671477135e-06
8525 1 214308.85785629699 1.9136671567014399e-05 1.08562736306904e-07
8526 3 188029.258155524 0.012846950718742501 2.3882460349595001e-06
8527 1 155183.09498627199 1.53152328968307e-06 2.3243643338969802e-06
8528 3 185082.792130246 0.0010506740527920699 5.1261542100645702e-10
8529 1 159310.97253641 2.1821847754089602e-06 1.7574784815002201e-06
8530 3 217031.95868320201 0.0134102022486102 1.62216156607177e-06
8531 1 166237.027541719 2.5168447580125701e-06 1.9105495949594701e-06
8532 3 218841.38962634801 0.0141098317378339 1.4423061689468499e-06
8533 1 164304.21108356499 2.3302863368814199e-06 1.9674796306597999e-06
8534 1 175527.95401067601 3.5171552566378398e-06 1.8198543057828e-06
8535 1 172107.609745252 1.2179582596728499e-05 3.7131756659922301e-07
8536 3 203578.78993581701 0.0192359568352743 1.88970900651416e-06
8537 3 217522.17095895199 0.028762336017398599 1.47721614331122e-06
8538 3 225335.880837787 0.0126633104658681 1.2646156101250801e-06
8539 1 161401.65237485801 1.74065384786755e-05 2.29557190724246e-08
8540 1 176085.022512778 3.6807131337080601e-06 1.8088496507969901e-06
8541 3 215680.25974444 0.016126728806268802 1.6495038103709999e-06
8542 1 218457.752399527 1.9035959225237001e-05 1.22030003325718e-07
8543 3 216065.23493474201 0.028641141845280101 1.6287667083035901e-06
8544 1 177420.45684649199 3.8648757529981599e-06 1.7839253213774701e-06
8545 3 198633.59729994001 0.015503670830744099 2.0696861906692301e-06
8546 3 223844.60101668001 0.0133184407468162 1.22714674951894e-06
8547 1 171306.048103582 2.9728255170757699e-06 1.9200715027485101e-06
8548 1 185052.81444586301 4.83706377792506e-06 1.52483701265509e-06
8549 3 190018.19532638599 0.010209735658970299 2.3322325669713698e-06
8550 3 194925.47245981201 0.0233767592676534 2.0526276860610701e-06
8551 1 168697.546538408 7.9498774393369606e-06 7.6244499580647601e-07
8552 3 216243.88710423699 0.0131069004905815 1.65543903462527e-06
8553 1 158886.56638685 1.8341918315647301e-06 2.19136347031341e-06
8554 1 192276.816530057 5.8615025614601303e-06 1.41381872035532e-06
8555 1 184628.99417766801 4.5875541201700897e-06 1.5011296777936399e-06
8556 3 199679.06996321 0.021324377431154 1.95602499393146e-06
8557 1 201105.47641655101 9.5246504581883904e-06 1.4821725035914201e-06
8558 3 193812.40321952599 0.017898847849956101 2.16525774794408e-06
8559 1 181132.61115313301 4.2920229501365902e-06 1.59961414136395e-06
8560 1 159942.210505861 3.0796097507161398e-06 1.54191303260234e-06
8561 3 216143.09349049799 0.013561290967207301 1.6519648992060601e-06
8562 1 228329.64435870899 1.19801287402096e-05 8.7000811679619799e-07
8563 1 167616.44253434101 2.6582900831485401e-06 1.89031529923036e-06
8564 1 157703.413503488 1.7441009310298201e-06 2.22538806519287e-06
8565 1 164110.33114350701 4.3491141326478197e-06 1.2279080149932399e-06
8566 1 185871.470479418 4.8742385026401197e-06 1.4906336646219e-06
8567 1 198064.25064321101 1.20546733671556e-05 4.1866846540863899e-07
8568 1 179802.96724826901 4.1717627642407798e-06 1.69436125533831e-06
8569 1 166499.296722253 2.4904943529319598e-06 2.03727721133818e-06
8570 1 165839.57959870499 2.4727399116894299e-06 1.9438642108854998e-06
8571 1 205395.26382724801 8.4213731685837696e-06 1.3017905256383899e-06
8572 1 178895.623439652 3.9977890693092696e-06 1.7017285749595101e-06
8573 3 220953.239517515 0.0137245853817061 1.31545240154182e-06
8574 1 169315.557926009 2.7673797380907299e-06 1.9655335085579301e-06
8575 3 226673.32952499899 0.0127632745356515 1.1874101306596099e-06
8576 1 165674.94030907599 2.37830847361595e-06 2.05994095851289e-06
8577 1 191236.767114866 5.7278852259239502e-06 1.4282611808119001e-06
8578 1 180943.48051701699 4.9273567344670197e-06 1.7526870942302701e-06
8579 1 177925.01488559801 3.8415620961597702e-06 1.7086392701019099e-06
8580 1 200320.74022436701 6.5097848992034898e-06 1.23133060818559e-06
8581 3 225233.39148035299 0.012853176103853999 1.24959908415195e-06
8582 1 189475.235836279 1.39674755043495e-05 2.0170726475133698e-06
8583 3 201386.65864411401 0.014413718786850001 2.0094929134981401e-06
8584 1 169755.22173506301 2.8020927474440501e-06 1.9577611739697898e-06
8585 1 175821.20420218 3.5791535163155002e-06 1.71797467728102e-06
8586 3 195002.09405095899 0.019483890770276499 2.11316721266157e-06
8587 1 186999.53428686 1.2859037500661e-05 2.0248455592914198e-06
8588 1 219373.59118284 9.0145884522693193e-06 8.8860647079951802e-07
8589 1 189738.525973916 5.1214691825638904e-06 1.3753988927679601e-06
8590 3 216929.19807839001 0.014158269671930099 1.6206781243451101e-06
8591 1 181011.449509503 4.61586564097973e-06 1.72458140735647e-06
8592 1 176909.382951798 3.7140039223281799e-06 1.7123241825554799e-06
8593 1 216189.814083112 1.33383666613411e-05 1.35959525635197e-06
8594 1 156606.11510734499 1.7480548009396799e-06 2.1677558176730599e-06
8595 3 192026.28433740701 0.019879115378171001 2.1879549015359798e-06
8596 1 168844.94205958999 2.7121212420625399e-06 1.9390915124189699e-06
8597 1 154320.47036596001 1.4750997730788001e-06 2.3436373646632301e-06
8598 1 172223.805634344 3.0822072199015699e-06 1.8873645955559199e-06
8599 1 169862.506398428 2.8469828099429999e-06 1.9499688598479301e-06
8600 3 204274.47878450001 0.015812384586636401 1.9246284263913298e-06
8601 1 186805.36771887401 4.7548189720596002e-06 1.44911709384669e-06
8602 3 189921.00127168401 0.0168923633468357 2.2999125366214701e-06
8603 1 204369.59300394499 7.8743803854153297e-06 1.2801522543220699e-06
8604 3 216772.19918542 0.013331380455834501 1.63362789925646e-06
8605 1 171486.11993686401 2.9877305610769102e-06 1.9001037874608701e-06
8606 1 211169.88751255101 1.8856267724521101e-05 1.7024376527619099e-06
8607 3 201184.062833984 0.0011721279166868499 3.8890796225604099e-10
8608 1 200183.47320538701 6.3216312031213404e-06 1.2159373254532201e-06
8609 3 219502.16325609799 0.013948066514040101 1.41995137525722e-06
8610 3 223794.36134404401 0.0063849811012118398 1.5204722515000799e-06
8611 1 222908.345672695 1.87498818983955e-05 1.3656479017046699e-06
8612 1 177302.34833986801 3.7104492206297702e-06 1.64770961840468e-06
8613 1 155975.79145588199 1.5955003148638699e-06 2.3160742564346401e-06
8614 1 180839.272079199 4.0847006707529997e-06 1.5534466173146601e-06
8615 1 197077.65765658501 5.89930851037751e-06 1.25557755816962e-06
8616 1 169800.223925506 2.8038174434461801e-06 1.9263317786521802e-06
8617 1 170675.07438611801 2.8957919806464602e-06 1.9130038852022602e-06
8618 1 181431.68543402199 4.89862701996959e-06 1.7390247134281201e-06
8619 3 215124.711921318 0.014209742812628399 1.67494985184942e-06
8620 1 184208.622837373 4.4400504326233797e-06 1.46552386795283e-06
8621 1 240871.001887714 1.3426164054375301e-05 6.1952311933569903e-07
8622 1 181378.112927818 3.1605674336772301e-06 1.3004283326828099e-06
8623 1 184927.79666545999 6.4364592503109402e-06 1.71596206804149e-06
8624 3 215495.714483602 0.013723247371174901 1.6702201832356001e-06
8625 1 172696.303773803 3.1874923852462301e-06 1.7803988516006e-06
8626 1 168979.95680837601 2.5509308240188101e-06 1.52595246133494e-06
8627 1 180314.56061967899 4.52785765707206e-06 1.7454401047350099e-06
8628 1 193972.77036085 5.5004965877987204e-06 1.2970261475073301e-06
8629 3 191445.132028247 0.017285304581538499 2.2337359418768601e-06
8630 1 163952.52630847599 2.2094308249779198e-06 2.0874636873150501e-06
8631 1 166313.52135366399 2.4626471001143e-06 1.9927117847048999e-06
8632 3 195231.96561338901 0.016044508002289001 2.14916570573447e-06
8633 3 193123.4143798 0.0011638363745871899 3.4007687857108099e-10
8634 1 158371.480342069 1.7661928668121601e-06 2.25076805620958e-06
8635 1 196662.811526326 6.5702922398408504e-06 1.3591570678221999e-06
8636 3 218551.17026767199 0.014226749402867099 1.4531302986008499e-06
8637 3 229643.973093893 0.0127874437236692 9.9154285188990199e-07
8638 1 157394.18246342399 1.7072498961264799e-06 2.2316810553556498e-06
8639 3 234636.635428482 0.0067089919372223901 1.1345609974120599e-06
8640 1 190914.431086333 5.12212202699119e-06 1.3404842952537601e-06
8641 3 221333.235134852 0.012243312407699601 1.51027459148538e-06
8642 1 178237.715251407 2.94026389471821e-06 1.5176805579817101e-06
8643 1 175706.432933662 3.5625316300342298e-06 1.81846153252196e-06
8644 1 161783.30320212699 2.04096751552093e-06 2.1305534702874402e-06
8645 1 178378.495772922 3.8356218269275404e-06 1.5967341121787199e-06
8646 1 169923.02218269801 2.8636885904683001e-06 1.8737606750085101e-06
8647 1 188036.324882115 4.7796299265068301e-06 1.3841808426563601e-06
8648 1 229171.47173263901 2.5689321313102499e-05 2.5665457418203901e-09
8649 1 204404.966907594 2.1704843595471799e-05 2.0170812397431401e-06
8650 1 185684.17676297401 4.7158282755502699e-06 1.4815111350360101e-06
8651 1 176062.75593647701 3.5740220984364798e-06 1.64728428758784e-06
8652 1 182214.440872473 2.9861814870597702e-06 1.3873089473412101e-06
8653 1 170729.72092652999 2.9849879448470602e-06 1.8261828097668901e-06
8654 1 176513.70664837799 3.67711770880606e-06 1.80238257128978e-06
8655 1 161019.64014905001 1.9584704460454299e-06 2.1744179129017501e-06
8656 1 164859.17516633699 2.3212476037570699e-06 2.0332940844859299e-06
8657 1 195744.20487831801 5.9140261014728301e-06 1.2883442630349401e-06
8658 1 189088.074347296 3.9811065419193998e-06 1.1990064297912899e-06
8659 1 165601.59136826301 2.3463897974644102e-06 2.06115388318946e-06
8660 1 186758.44426026699 4.8627709621202301e-06 1.4638644502455501e-06
8661 1 164858.969836278 2.2859391117118102e-06 2.0721428425341799e-06
8662 3 199774.367400613 0.0149440911236941 2.0514139680944402e-06
8663 1 197327.85047655899 1.44381631608071e-05 1.83519927220216e-06
8664 1 160549.08338561401 1.9393619679034299e-06 2.16446656386673e-06
8665 1 158182.43229632999 1.7584001337299001e-06 2.2571000836157302e-06
8666 1 165029.83979929701 2.3487644343761798e-06 2.0356525987089399e-06
8667 1 163478.411892187 2.1920676207136901e-06 2.0725336676505102e-06
8668 1 168868.21138950801 2.78127134839698e-06 1.87633535437384e-06
8669 1 170213.006103725 5.0131345689095596e-06 1.0470221113324199e-06
8670 1 159376.65288452999 1.8448153128897001e-06 2.1978625374532601e-06
8671 1 212289.711298357 9.2401290979753803e-06 1.2019520458708601e-06
8672 3 225224.974647061 0.0012420028557162399 3.2088530277136898e-10
8673 1 161928.74237071199 2.0592359839192898e-06 2.1329289246058198e-06
8674 1 166190.38831168599 7.8291001358065705e-06 7.8343789437972097e-07
8675 3 202190.537868999 0.017183947742632599 1.9624337165821898e-06
8676 1 156941.93179045001 1.6753158394952401e-06 2.2860688178114401e-06
8677 1 163173.426581696 2.34514785945489e-06 1.64668387737608e-06
8678 1 191830.246714757 4.6944812523947503e-06 1.03722730339221e-06
8679 1 155179.213780878 1.53721318592893e-06 2.3144967096081602e-06
8680 3 188677.35747384201 0.0124052216643761 2.36682265097078e-06
8681 1 188642.55372333701 4.7584556881289799e-06 1.0173677425334e-06
8682 3 215769.20639953099 0.014043253822763301 1.65717005192856e-06
8683 1 180165.50854900799 3.4564605635968999e-06 1.47919230806424e-06
8684 1 174945.95866751301 3.4465044813873799e-06 1.83638932025697e-06
8685 3 220513.85919210201 0.0137547352399792 1.3810682521888901e-06
8686 1 186766.41135845601 5.7303212320038302e-06 1.6090800144025199e-06
8687 3 205662.858892032 0.015973801523564601 1.8877128571776801e-06
8688 1 213037.57626286999 1.7741451837081e-05 1.59947862439739e-06
8689 1 154662.15216783099 1.5160482997488899e-06 2.3233121146046599e-06
8690 1 186958.921139226 1.68215180662254e-05 2.2541045885480801e-06
8691 1 194777.115106921 4.7307665628093799e-06 1.0674221035566101e-06
8692 1 222785.14692795099 1.29568610112459e-05 1.1673853296870601e-06
8693 1 192050.85020856099 5.5610084962421397e-06 1.35622867411242e-06
8694 1 232237.139678434 1.98995981856019e-05 1.06672626232738e-06
8695 3 218892.44746420099 0.0137804769410136 1.4838903785966e-06
8696 1 176487.845051579 9.1627264274615895e-06 6.2099817169145099e-07
8697 3 198665.354886927 0.018533258946703501 2.0238112975604599e-06
8698 1 184208.856742401 8.5467132748376998e-06 1.87281447805019e-06
8699 1 174687.476524005 2.6533408848115301e-06 1.4410935542514999e-06
8700 1 167257.588349581 2.5134518186838699e-06 2.0016263667989301e-06
8701 1 154788.476764202 1.56988503770002e-06 2.2745326155762401e-06
8702 3 216879.24339695601 0.0130690870279964 1.6353863069570201e-06
8703 1 171341.66759437 1.7074833388397402e-05 1.0563120634636e-07
8704 3 214462.40799645099 0.014336246043151301 1.6920842174366901e-06
8705 1 224363.53904196201 1.15583622955033e-05 9.8012348091663808e-07
8706 1 184561.32127016899 1.0360414845005099e-05 5.2417810073632295e-07
8707 1 156231.820054084 1.60980270276249e-06 2.2737482482702298e-06
8708 1 203336.52926499001 6.7880667191430896e-06 1.1763740211725399e-06
8709 1 182136.69340058 3.1170551376586498e-06 1.4100825694129801e-06
8710 1 170263.78402058699 2.8528589772994702e-06 1.9417721256280501e-06
8711 1 206415.49560518801 8.5379413277347e-06 1.2927079590782299e-06
8712 1 173237.06690937601 3.20583407655217e-06 1.8735902574882199e-06
8713 1 163528.99426244199 2.2228901760049499e-06 1.79889204881684e-06
8714 3 216451.49657017199 0.0094306734678970203 1.70303084025134e-06
8715 1 159480.407171231 1.9306829407296202e-06 1.9088943912080501e-06
8716 1 166398.004563108 2.2545645100249601e-06 1.6235415460282e-06
8717 1 197827.44898317801 1.9518604978612899e-05 2.0875124338808499e-06
8718 1 168001.43508235001 2.2701831902152701e-06 1.60938703538158e-06
8719 1 244936.59681324699 1.81197699232591e-05 2.7528627477556201e-07
8720 1 208135.26738406401 7.7085720783810097e-06 1.1470093625553299e-06
8721 1 167163.31280989401 2.5936628236852299e-06 1.9266291916375799e-06
8722 1 188305.90834250301 1.9184641886265201e-05 2.3403947815416501e-06
8723 1 173403.97691046001 2.7728622262050698e-06 1.4296718984182401e-06
8724 1 240541.25284547399 2.6198323039243202e-05 4.4661301045394301e-09
8725 1 236623.98863424701 2.02090938332904e-05 1.15845102130104e-07
8726 1 158625.55484214699 1.79987461395254e-06 2.19574718874622e-06
8727 1 227273.71521967501 2.0417681134567098e-05 8.8501086297516803e-08
8728 3 216556.08224424499 0.016504379956137599 1.6258902656629e-06
8729 1 158574.44721740799 1.77852045595938e-06 2.2499556777749501e-06
8730 3 220201.644585406 0.013816293078090401 1.38828308675893e-06
8731 1 177577.49483376701 3.8053001309790499e-06 1.6768600523829799e-06
8732 1 245149.86830599999 2.29630307972866e-05 4.2542157134326103e-08
8733 1 164794.29635175501 2.3836826677401599e-06 1.92735537404284e-06
8734 3 177611.63373567001 0.0010084469605638499 5.9082121879204301e-10
8735 3 201189.598130547 0.022620913018065899 1.8973527095765801e-06
8736 1 157789.28926655499 1.88071263475647e-06 1.9606475512367501e-06
8737 1 182494.26245270699 4.33818571657869e-06 1.5387649776682401e-06
8738 1 166771.05772928 2.50820280385648e-06 2.0304299712724101e-06
8739 1 155440.42585527201 1.74732866724985e-06 2.0085934481634101e-06
8740 1 155157.00062815601 1.7676913342971601e-06 2.04302773030926e-06
8741 1 155124.52781119 1.7379363797553999e-06 2.1081310809480101e-06
8742 1 248248.98425813901 2.39028335833799e-05 1.02745630143051e-08
8743 1 181203.065136063 4.9694805450653203e-06 1.00612156210423e-06
8744 1 155013.97926727799 1.66689443615698e-06 2.1856481916243398e-06
8745 1 161529.19199737601 2.0122309073194601e-06 2.1559248571831902e-06
8746 1 171353.83878210399 3.0087657108752601e-06 1.9155569566235298e-06
8747 1 154840.043067527 1.5971983761342401e-06 2.2499790516485202e-06
8748 3 217389.423488578 0.00275010751577735 1.70323657947541e-06
8749 3 218761.21915178001 0.013672835071392201 1.5010494742569e-06
8750 1 203503.511804865 5.8828085324070398e-06 1.0109560484613e-06
8751 1 177082.21984187901 3.7974962879276601e-06 1.7917803299319301e-06
8752 1 164555.33136691299 2.2827950776478102e-06 2.0648316482799602e-06
8753 1 186322.43997228899 1.17215741885002e-05 1.98112788301783e-06
8754 1 176582.54304224701 5.5444917022020603e-06 9.4770468243835404e-07
8755 1 175236.421423199 3.8504401306460897e-06 1.2073462008649701e-06
8756 1 155645.003625727 1.5840649437340701e-06 2.2842313854264302e-06
8757 3 246127.90466676399 0.00091799043835460699 1.8539536813752099e-09
8758 1 195574.218116337 6.4115516262708704e-06 1.3740782503679699e-06
8759 1 214887.98293078301 8.0713457860812796e-06 9.4953487635168402e-07
8760 1 174093.03275521001 3.36375144960998e-06 1.7608512012159901e-06
8761 1 181065.61919889401 4.4534379653168902e-06 1.7019531790934001e-06
8762 3 226077.59468130101 0.0089203781477657004 1.4201001457800999e-06
8763 1 172703.18611123701 2.5725761742976299e-06 1.62458522271622e-06
8764 1 156082.128260767 1.66063368048027e-06 2.0447120496678601e-06
8765 1 154361.45797302399 1.4823291205408201e-06 2.3326761990405901e-06
8766 1 221454.449420463 9.1178490798138208e-06 8.9462607826423396e-07
8767 1 194238.273491114 5.7614534929144797e-06 8.9811533292056002e-07
8768 1 156175.43662501799 1.8286849381904299e-06 1.9837126525117802e-06
8769 1 155714.85420711801 1.7802082838737401e-06 2.1055145309147202e-06
8770 1 187165.40032968801 5.2239475276280099e-06 1.5071651260409399e-06
8771 1 154643.257061451 1.40214655167099e-05 2.02447081658415e-07
8772 1 223230.80829868899 9.9754337212530706e-06 8.9177853440611496e-07
8773 3 190862.37098120901 0.0134390925835117 2.28157518603033e-06
8774 3 201252.07991963101 0.0122140980704644 2.04291208184654e-06
8775 3 224246.22751815501 0.0119040665626981 1.41132004570965e-06
8776 1 168705.79361743099 2.6875080862305399e-06 1.9819662680612899e-06
8777 1 155470.64766940399 1.70348573946938e-06 2.1839029340841699e-06
8778 1 156743.062915177 1.8609196378601201e-06 1.9302064978722702e-06
8779 1 178432.40003868801 3.9543352733980597e-06 1.72328722113266e-06
8780 3 240123.12495885999 0.00070242682782465401 8.40448855979977e-10
8781 1 224952.887482219 1.07684379750165e-05 8.8757504893774001e-07
8782 1 177674.718580571 3.8805547972416898e-06 1.77654475709668e-06
8783 1 180683.23832169801 4.7680319433455897e-06 1.7520539420145401e-06
8784 3 189585.354228576 0.0073215729248924397 2.3423614490545799e-06
8785 3 224494.48184960801 0.0132590994362125 1.1983018666138501e-06
8786 3 218513.086773235 0.0138969872362308 1.49566377004417e-06
8787 1 195004.24674742299 4.2649234587474301e-06 1.1960403866621799e-06
8788 1 177837.44428022299 3.9211687814180404e-06 1.7784925976073799e-06
8789 3 215467.303623207 0.025321024555675 1.6368640336897e-06
8790 1 174710.92022077099 3.4374219179052801e-06 1.8410375993050599e-06
8791 3 223612.71882135799 0.0129346791528393 1.3293821313549699e-06
8792 1 155654.05629147799 9.7650078889484502e-06 5.5118720119412805e-07
8793 1 182204.301335606 5.23657171710394e-06 1.74087025770193e-06
8794 1 165227.47780918001 2.3310900841527701e-06 2.0514529952908601e-06
8795 1 192850.09694804699 1.2577756424235599e-05 3.8554964530763002e-07
8796 3 233660.09400702899 0.0072918110525680901 1.1463584136931501e-06
8797 1 177178.747259077 3.8536476431466298e-06 1.7891527599591799e-06
8798 1 186111.67942561299 1.1548220811024999e-05 1.9831135535132101e-06
8799 1 173387.69964683801 3.23259723825738e-06 1.8731166612878001e-06
8800 1 155549.80319531701 6.5031639707397996e-06 1.07614130506268e-06
8801 1 157023.494960882 2.35038894468176e-06 1.78078811833386e-06
8802 1 162941.05989540799 2.11106411604342e-06 2.1379927147049501e-06
8803 3 217394.63233991299 0.0131860522864719 1.61548402294039e-06
8804 1 170256.89655846599 2.87311161000515e-06 1.8998465737297799e-06
8805 3 218166.62140690401 0.00025641126240398001 1.0125478877793299e-09
8806 1 208605.790248531 8.4261288442102104e-06 1.2234683752304601e-06
8807 1 155301.99714015299 1.6276642177755601e-05 3.3019760474744401e-08
8808 1 191118.669833817 4.0651827486610298e-06 1.2788109336349301e-06
8809 1 182205.37905039499 5.1705111018133204e-06 1.7303618849173e-06
8810 1 161402.87553527899 1.99227733825764e-06 2.17548401835152e-06
8811 1 160660.815572427 1.9349629442914898e-06 2.1945908577390099e-06
8812 1 180145.897000472 3.0231033174895401e-06 1.49192848563526e-06
8813 3 220524.32161762199 0.0132736764118742 1.42974903212565e-06
8814 1 182963.04604557599 5.61470438671854e-06 1.73708059448634e-06
8815 1 157341.27723020699 3.7051924640012001e-06 1.47364206128824e-06
8816 1 167403.069394986 2.5430855080425399e-06 2.0190941249140698e-06
8817 1 176630.16163859799 3.7442574662669399e-06 1.7977751372330801e-06
8818 1 159653.822900267 2.0422851424098098e-06 1.94038309292714e-06
8819 3 191181.173883927 0.018744041957827098 2.23615761909045e-06
8820 1 170289.63718609401 2.8816288836825399e-06 1.94255040655885e-06
8821 3 215057.925265478 0.0164259420146593 1.66321118347536e-06
8822 1 234747.739917912 1.22055705649983e-05 7.1760312531077896e-07
8823 3 204272.39713668599 0.019196862077694599 1.8747221479000699e-06
8824 3 209140.88667807501 0.0012096229296081899 3.11449126216886e-10
8825 1 158427.768745843 1.7770462332872801e-06 2.21399172612571e-06
8826 3 192579.71496847601 0.016308519869315401 2.2159630942225001e-06
8827 1 183201.591445461 7.0098590802975002e-06 1.8109230820375301e-06
8828 1 193435.69229204999 4.5298615737374403e-06 1.29017864959376e-06
8829 3 217505.459413278 0.013025858991653899 1.61479427598636e-06
8830 3 200613.74984801101 0.023433586074892699 1.90432462031825e-06
8831 1 164714.46301828299 2.3557834102095798e-06 1.63082615344669e-06
8832 1 163691.21153124201 2.3228133392569498e-06 1.89454746598901e-06
8833 3 196478.19842896599 0.018106805289037801 2.09285329254884e-06
8834 1 176871.79334982199 3.7487254913097202e-06 1.79241004429911e-06
8835 3 200338.84685416301 0.0207052236088212 1.9450474988517401e-06
8836 1 201876.18724852701 6.76176439577632e-06 1.2129596413653301e-06
8837 1 184351.19659471299 7.5623892391474899e-06 1.80717677092394e-06
8838 3 201773.21470696799 0.023625473356012401 1.8694210719804101e-06
8839 1 157754.73643621901 1.9723856446016301e-06 1.9926632003632699e-06
8840 1 174672.51348250199 2.9812266933791498e-06 1.5738072498076999e-06
8841 1 181713.622382106 4.1501479420572204e-06 1.51083383836445e-06
8842 1 225587.568374469 1.3501167812596899e-05 1.06608425593742e-06
8843 1 185311.61390503601 4.4609083334607397e-06 1.4290543957022399e-06
8844 3 191564.33839937401 0.011374266749930801 2.2714101467225099e-06
8845 3 233242.78515249401 0.0090130412796151395 1.1245109401402501e-06
8846 3 211651.52035396101 0.0277416732808465 1.66696718491594e-06
8847 1 209955.32817355901 1.8279883555687299e-05 1.71115591712256e-06
8848 1 177935.92555194799 3.9887012872179997e-06 1.77621287730484e-06
8849 1 181912.69421021 3.2489506478552601e-06 1.4500886798866599e-06
8850 3 246575.823984619 0.001055265630411 6.4482905190565398e-10
8851 1 154898.17776604299 1.5248980749866401e-06 2.3442270174410598e-06
8852 1 156556.341457092 1.6391369559011399e-06 2.2922551451218799e-06
8853 1 165893.26870699599 2.39937896420245e-06 2.0572278184299898e-06
8854 3 227275.210138311 0.0131284492089656 1.08030440739185e-06
8855 1 157383.915802011 1.6989463015570901e-06 2.2680333156331198e-06
8856 3 197568.83531098001 0.022167336938408 2.0064420932686599e-06
8857 1 176826.56682093901 3.7840752390709199e-06 1.79935173982874e-06
8858 1 156434.06862246399 1.6306309832928999e-06 2.2993568101404501e-06
8859 1 157032.762054869 1.67629401886912e-06 2.2839316187827402e-06
8860 1 167403.20142005099 9.6302262738143396e-06 5.7594075833481995e-07
8861 1 173402.90409178901 3.7619956390655901e-06 1.2315182699946601e-06
8862 3 192289.911015672 0.0089389639497734295 2.2616929651742199e-06
8863 1 199724.60510956499 1.10482799509397e-05 1.5951548219365799e-06
8864 1 175897.55644498099 2.6161675624706e-06 1.4882644261448099e-06
8865 1 201828.031123836 5.4102606380907903e-06 1.1115235190443e-06
8866 1 189981.66339297601 9.8482623453031703e-06 5.5714085068388803e-07
8867 1 159184.54741042 2.0343518900935799e-06 1.9700500665460198e-06
8868 1 173161.40447888401 3.1772021271172501e-06 1.8515320061494501e-06
8869 1 178682.23183953701 4.8064541221658599e-06 1.0352448368436099e-06
8870 1 215126.670406875 1.13726077521083e-05 1.2970295581661001e-06
8871 1 158343.06424631301 1.76672871085528e-06 2.2421530792999399e-06
8872 3 194123.581840842 0.022367198969010099 2.0937108380989501e-06
8873 1 209561.46591406001 1.91333619064034e-05 9.7346275697187798e-08
8874 1 172873.692305403 3.15318997589217e-06 1.8838768645338999e-06
8875 3 189385.37758321199 0.0198825492926758 2.2820315904294198e-06
8876 3 230525.91575835299 0.0131048944509898 8.9588472357598402e-07
8877 3 194311.61922049901 0.023073622368491298 2.0723612770749199e-06
8878 1 184223.49730680199 3.80593608484374e-06 1.17026627405725e-06
8879 1 162345.66577659501 2.10393888142542e-06 2.1095769293803298e-06
8880 1 159320.960055053 1.84396343293752e-06 2.2133902838802899e-06
8881 3 193910.75282082299 0.019925501536851398 2.1299852960480602e-06
8882 3 216401.804757798 0.0137740999486432 1.63910052292251e-06
8883 1 203348.152767052 6.9441266037400597e-06 1.19663728918009e-06
8884 1 199164.918011965 6.5444551071667999e-06 1.25999854345384e-06
8885 1 164600.37528050601 2.4279895458162699e-06 1.8579905075851799e-06
8886 1 165579.92066126899 2.4043890999100299e-06 1.7733162000984999e-06
8887 3 227807.21754447499 0.0125236929319801 1.1513935049739399e-06
8888 3 215339.10776252401 0.017324785957273599 1.65330432747978e-06
8889 1 169044.48825820701 2.7263472747745399e-06 1.9756455233899099e-06
8890 1 173937.07477169501 3.3277630133973301e-06 1.7003146978256499e-06
8891 3 220619.198715982 0.0119636735052349 1.54995803488522e-06
8892 1 204737.02080046799 1.1547476229729999e-05 1.51848805043043e-06
8893 3 195310.48194623701 0.018540914871315501 2.11063437597115e-06
8894 3 195067.422312493 0.021388750255581599 2.0778714761899801e-06
8895 1 166960.617725302 2.55484166970751e-06 1.9662734849096199e-06
8896 3 211834.88670341301 0.026818436202713701 1.66613132159527e-06
8897 3 206016.345150284 0.0153523801566273 1.8814736456166299e-06
8898 1 179225.131603894 1.4796758056221501e-05 2.3035540484796099e-07
8899 1 173560.799475315 3.3226301631434899e-06 1.7484837939484499e-06
8900 1 238091.198991307 1.33811498968011e-05 6.8742614014100497e-07
8901 1 226689.02937751001 1.89984325312148e-05 1.2355952907035499e-06
8902 3 194753.051824141 0.021722453297625101 2.08295742474772e-06
8903 1 181970.947584943 4.2363015454551502e-06 1.52559915274887e-06
8904 3 213446.706344837 0.014388329805543099 1.7162362486722e-06
8905 3 240406.52591439601 0.00094186394526855303 4.2184892665409902e-10
8906 1 178350.051606169 3.8649871486545098e-06 1.64411944121188e-06
8907 1 170283.940105466 2.8491886660533401e-06 1.9314378395034099e-06
8908 1 207476.41804223001 1.1860020208451599e-05 1.4802865346294599e-06
8909 3 190069.824222928 0.019625516652862499 2.2602371749837402e-06
8910 1 176662.23213065101 2.7295499441345802e-06 1.4149228982902799e-06
8911 1 185447.17919218601 4.59065470679601e-06 1.4420453521921201e-06
8912 1 181062.50147159499 4.76938741938696e-06 1.74040785919075e-06
8913 1 213713.512232849 2.0940829765138601e-05 4.15637798477626e-08
8914 1 198295.56674409201 6.3908010372488296e-06 1.2770199555065499e-06
8915 3 218465.826739788 0.0143454555188314 1.4438814049863399e-06
8916 3 218216.66281979199 0.014526160599289999 1.4636131362312199e-06
8917 1 169449.373751893 2.7655713149906899e-06 1.9626014263145101e-06
8918 1 154225.48305422001 1.46919457898407e-06 2.3599920427876102e-06
8919 1 156598.47608135501 1.6741575024630799e-06 2.2433464903837399e-06
8920 1 161499.65802995401 2.0168483874826502e-06 2.1695993713527099e-06
8921 1 206110.94941050801 1.1702808251225801e-05 1.4991366554904499e-06
8922 1 162092.10846161499 2.1403182586314199e-06 1.8288058697431401e-06
8923 1 175558.98238934 1.78839034160161e-05 9.1286835196830101e-08
8924 3 202239.08566659599 0.0198709539517734 1.91277321025648e-06
8925 3 246845.71044831199 0.0010436362239052801 3.7988525455632899e-10
8926 1 172293.81973227 3.07901744513882e-06 1.8924377000894899e-06
8927 3 188843.94650545999 0.0170944219798203 2.3299908474626101e-06
8928 1 175956.06179813901 3.6472326481510601e-06 1.81087299027204e-06
8929 1 158821.04104799501 1.8146768044904599e-06 2.23788668661252e-06
8930 3 215288.1036834 0.012717806001002301 1.6949217311822e-06
8931 1 173816.74995017899 3.3215605124355499e-06 1.8022393000418601e-06
8932 1 164688.947214154 2.3989302913902398e-06 1.9638806538375999e-06
8933 1 187386.76006214801 1.8735619871419499e-05 2.3551795011911198e-06
8934 3 198366.07850010999 0.0193534593701091 2.02610914717445e-06
8935 3 224623.923017872 0.012692934235958599 1.30456293333003e-06
8936 1 182060.61412224401 4.4222290777046197e-06 1.57945752031341e-06
8937 3 214417.35018961501 0.016902370742558001 1.6741531633286799e-06
8938 1 206134.06534189099 6.21425882198388e-06 1.0360889274925999e-06
8939 1 181207.549226298 4.3993903561022097e-06 1.66799124057996e-06
8940 1 187960.983112399 5.1635204964207801e-06 1.45521336663101e-06
8941 1 244480.52701526799 2.1510234236357899e-05 9.7788083380417305e-08
8942 1 161955.604990928 2.0457909877351301e-06 2.1606339942112699e-06
8943 3 193576.56534711301 0.0131940683905472 2.20826503499446e-06
8944 3 217193.552221274 0.014190680087851 1.61144650381858e-06
8945 1 161068.45834514499 1.9980847762899701e-06 2.1438327416019099e-06
8946 1 163810.622576013 2.1818099717358602e-06 2.10380268598527e-06
8947 3 212818.08233696499 0.0141902849337771 1.73506237236998e-06
8948 1 167154.45581852601 5.0253390537141801e-06 1.06898296033833e-06
8949 1 201539.172712575 7.7046756873063105e-06 1.33582118471701e-06
8950 1 157823.383757826 1.76418424631168e-06 2.2078552203192101e-06
8951 3 206332.655091461 0.016386546112216901 1.86558366015514e-06
8952 1 179298.10008450199 3.0819182691597502e-06 1.3197000335235901e-06
8953 1 171758.635741643 3.0496800432059598e-06 1.9075589438673702e-06
8954 1 171019.09387323799 2.9632988670931502e-06 1.9250953397515001e-06
8955 1 165479.04134133799 2.4045708910333199e-06 2.0079502324795401e-06
8956 1 202577.188690496 9.7144533489549903e-06 1.4613277382869499e-06
8957 1 196881.173128964 9.8160175355459596e-06 5.5201012111505698e-07
8958 1 171427.604752179 2.66942256916723e-06 1.47189332248169e-06
8959 1 173363.675659495 3.19889735276026e-06 1.8647046085391899e-06
8960 1 164075.63592228701 2.2676263514639099e-06 2.0483223302879398e-06
8961 1 171608.255446453 3.0984273937766898e-06 1.79872685428097e-06
8962 3 218605.339937399 0.0139809401945752 1.4737653212572499e-06
8963 3 218262.53179293001 0.014081981291611 1.51089503388102e-06
8964 1 182604.563534118 4.6414387577479903e-06 1.64371204416585e-06
8965 1 201939.05431278399 6.8983083463963497e-06 1.23102443900045e-06
8966 1 163621.739452379 2.3120499246879499e-06 1.9470478114711401e-06
8967 1 174998.951888574 3.48951584486485e-06 1.83270879193713e-06
8968 1 186058.64156921901 5.5608850720923101e-06 1.61594927302499e-06
8969 1 178222.17257897399 3.9330025553389304e-06 1.75157135178457e-06
8970 1 172278.29386077801 3.1054725931095999e-06 1.65475828157734e-06
8971 1 194922.19780756801 6.5466884468208598e-06 1.4160186030701499e-06
8972 1 179504.18593992901 3.96696462827821e-06 1.5716537131724801e-06
8973 1 177614.07182977599 3.90934847571687e-06 1.7839611223343e-06
8974 1 173496.94722437 3.2929410424784498e-06 1.86497921483655e-06
8975 1 169654.115946051 2.8906709908400802e-06 1.84743897014575e-06
8976 1 163043.35016626999 2.14171715642723e-06 2.1307254912151701e-06
8977 3 217655.9589043 0.013222755245899999 1.6028721594544099e-06
8978 1 174880.74408873901 3.4630056878685202e-06 1.66858609599798e-06
8979 1 183991.053473395 4.9060570697132199e-06 1.62071256059473e-06
8980 3 201166.02976125601 0.0043710635191853697 2.09166051945329e-06
8981 1 178345.79474437499 4.0490407085885799e-06 1.7715177809720499e-06
8982 1 177073.85664593801 3.7083705718532201e-06 1.61875310619529e-06
8983 1 160187.21235596799 1.90887749554913e-06 2.2032020552915999e-06
8984 1 186814.82332386999 5.5252111503495799e-06 1.5804529829282099e-06
8985 1 167493.30491787699 2.5832046413000901e-06 2.01098146789208e-06
8986 1 185378.454166991 5.1941592273525196e-06 1.5995093175054101e-06
8987 1 182893.03734484501 4.2952996560341801e-06 1.4857083648565799e-06
8988 3 225531.20244625199 0.0115394534572469 1.38282359338308e-06
8989 1 191122.94993504099 6.5251006324864097e-06 1.52775790413739e-06
8990 1 176367.63780068801 3.68914811274805e-06 1.8053156787419799e-06
8991 1 212584.57364297699 1.60248523601235e-05 1.5546886755764599e-06
8992 1 192503.43331919899 6.85589969833721e-06 1.5101689323753799e-06
8993 1 238862.80788275 1.8494828886381501e-05 2.2751875199177299e-07
8994 1 189726.368674425 6.1906554521138298e-06 1.54564150914852e-06
8995 3 203933.98288145999 0.0199006656642268 1.8787515131197401e-06
8996 1 173547.132294301 3.27770167345823e-06 1.8267314528720401e-06
8997 3 192712.54468026001 0.018688933080799001 2.17993493025837e-06
8998 3 228849.83834319 0.013103992755033 1.00210051832998e-06
8999 1 168619.69373363501 1.1762847904152299e-05 3.9621006805591699e-07
9000 1 188284.533910467 5.84931012125614e-06 1.56457488630774e-06
9001 3 216470.67435036 0.0256234359481784 1.6258417403516601e-06
9002 3 196567.813636279 0.0204550967960676 2.0521404713597402e-06
9003 1 201669.826403607 6.51286110043271e-06 1.19693784604749e-06
9004 1 161657.90635333399 2.1521216477361902e-06 1.9985393832571298e-06
9005 3 189196.37097156199 0.0212587395097859 2.2876769022391898e-06
9006 1 184358.60064527899 5.5379930463337104e-06 1.6772354960316001e-06
9007 3 200054.69350461499 0.0216835457410555 1.9471857717647398e-06
9008 1 173738.07987656599 5.4417161191717796e-06 9.68690905139301e-07
9009 1 193943.72676121001 7.17452484526659e-06 1.49312581962019e-06
9010 1 184177.33400557001 7.4158440630726403e-06 1.8099414409456801e-06
9011 1 184790.803298435 8.0430300311204795e-06 1.82629524992093e-06
9012 1 195394.25518091099 5.6796932360113101e-06 1.27590136443843e-06
9013 1 198528.63174552601 6.0819775399246799e-06 1.23589220343545e-06
9014 3 220514.85556750899 0.013614697317718701 1.4028105962337301e-06
9015 1 186537.229506684 4.6122304026547298e-06 1.40508315248644e-06
9016 1 192283.04676153499 5.3035033343822301e-06 1.31702765587914e-06
9017 1 189320.590617357 4.9492961002213602e-06 1.3597575078147701e-06
9018 1 190090.61971390201 5.4745154462223904e-06 1.41937154378733e-06
9019 1 162112.98311029599 2.0479555588210401e-06 2.1449055446589999e-06
9020 1 173466.08145466799 8.9723025518943602e-06 6.4165971266388505e-07
9021 1 195456.81110952501 7.4979252283347401e-06 1.47650102545448e-06
9022 1 157490.81398121099 1.69584164784683e-06 2.2766894241772e-06
9023 1 156137.431273244 1.5996204870628001e-06 2.3121658683732501e-06
9024 3 219136.064761457 0.0135932831369959 1.4887852859516499e-06
9025 1 181821.453967515 5.0774739333527497e-06 1.73992791611684e-06
9026 3 201263.78471754599 0.016636537595401998 1.9862715128012999e-06
9027 1 192273.250188404 5.7943505609470796e-06 1.38808806351388e-06
9028 1 198587.63944182399 7.2569914288695801e-06 1.3698520600616e-06
9029 3 216303.286946245 0.015586605581135801 1.6348263076231601e-06
9030 1 169137.565803387 2.7673836405974999e-06 1.9682145162988101e-06
9031 3 217276.87384034001 0.0635787379158472 1.47254551704733e-06
9032 1 194439.895346178 6.0960717362814004e-06 1.36027390630633e-06
9033 3 194290.750406087 0.0118877615856462 2.2015954897603699e-06
9034 1 161909.09073513799 1.9745984026053902e-06 1.7904533120687201e-06
9035 1 206514.551606945 7.4242969436905697e-06 1.1630189163031401e-06
9036 1 191780.45020458699 5.6569398343099796e-06 9.0819074812043204e-07
9037 1 180891.00872171001 9.76086582834618e-06 5.69463594794818e-07
9038 1 181059.689107502 4.8604894124584401e-06 1.7463444893523799e-06
9039 3 217936.79063385201 0.015600787580776499 1.47941227816459e-06
9040 1 197031.10851039999 7.8110945111916198e-06 1.4598060665289e-06
9041 1 183322.47374025601 4.6832224598473901e-06 1.5690044894761401e-06
9042 3 201932.98608589501 0.020855850799569298 1.9137963014448399e-06
9043 3 202594.87568047101 0.0203060778383557 1.90441565850387e-06
9044 3 187582.945226846 0.0080892168082558995 2.40392482124051e-06
9045 3 198418.505600334 0.021497100967860401 1.9864156609655301e-06
9046 3 214726.280717844 0.017551107449958001 1.6662816769410299e-06
9047 3 214093.01810885 0.018167564144206599 1.6767765948153101e-06
9048 3 206301.42132235999 0.019992184237962399 1.8188737224137699e-06
9049 3 206679.78743794301 0.015827113567220101 1.8587552149235999e-06
9050 1 171074.70997296399 2.98686006762322e-06 1.9221514279735501e-06
9051 3 222012.96217961999 0.012461420189528999 1.4407748445667e-06
9052 3 195023.44960298101 0.0104090983531581 2.1944525170447398e-06
9053 1 177754.793105441 3.9854339099634501e-06 1.7797434367446901e-06
9054 1 173980.57103758201 3.3399468622869002e-06 1.8571563863047499e-06
9055 1 173210.07217540601 3.2445958615218298e-06 1.8737606381887701e-06
9056 1 163475.35907943401 2.1670543312586e-06 2.1232626770163101e-06
9057 1 162731.32151257101 2.10751542230564e-06 2.1414706012733398e-06
9058 3 218001.877635096 0.0131147706648292 1.59420314733934e-06
9059 1 196636.29207913601 6.4174918039458597e-06 1.3335500967446801e-06
9060 1 159898.32783689699 1.87706993302697e-06 2.2145746888261498e-06
9061 3 230452.91526397201 0.012465792280451801 9.7788427389874008e-07
9062 3 192453.474880024 0.020004313148120699 2.1797472001906999e-06
9063 1 155268.44486265301 1.56271150014368e-06 2.33232446841122e-06
9064 3 196991.96634521199 0.020669408772329801 2.0436289860585199e-06
9065 1 183766.90064098599 7.0410066433953599e-06 1.79632087023364e-06
9066 1 185029.68401437599 9.7258659996902094e-06 1.9097492880336998e-06
9067 1 157066.17227964601 1.75542550701503e-06 1.9733203192780601e-06
9068 3 226922.739174852 0.010364383469433001 1.3549976663546101e-06
9069 1 228985.32649226001 1.4290963696037999e-05 9.6613362141982896e-07
9070 3 193121.154888969 0.00016775917034806499 2.1076539003093898e-09
9071 1 155722.228724321 1.5821689715982601e-06 2.3189817340104602e-06
9072 1 157646.57303495199 1.71875084595903e-06 2.2697120220754899e-06
9073 1 169565.87943403801 2.80220723994528e-06 1.9604526183365698e-06
9074 3 191063.84912124701 0.021546631893389699 2.2036416044416401e-06
9075 3 198169.21849432899 0.021987459994771998 1.9924489050026e-06
9076 3 213759.35975764401 0.017635285261220102 1.68367361604732e-06
9077 3 214684.49259347701 0.0221532444048483 1.6523070079180699e-06
9078 3 206986.32837905499 0.016878568662601501 1.8432451919555901e-06
9079 1 206425.23462472999 8.2415285922340396e-06 1.2645320352969401e-06
9080 1 189062.12677713699 1.16615601606715e-05 4.3918528227760498e-07
9081 1 163754.251552184 2.19685945601502e-06 2.1141073584737599e-06
9082 3 218266.12516166401 0.0131492563437553 1.57937814859754e-06
9083 1 159466.048671803 1.8538317412331299e-06 2.22248336010701e-06
9084 1 183602.36024852801 6.9479272405961999e-06 1.80071794863176e-06
9085 1 198858.59818879 6.7487137445071501e-06 1.30839975235898e-06
9086 3 213434.10275793 0.018929546063986499 1.68634206798613e-06
9087 3 207330.99547980001 0.016331089298257401 1.83674263925196e-06
9088 3 216622.600470743 0.012968528092551199 1.649031904176e-06
9089 1 164198.88015381401 2.22501600719481e-06 2.10594430457139e-06
9090 3 218140.92632916401 0.0132942369426282 1.58065497443099e-06
9091 1 183211.449184047 6.6161605237147903e-06 1.7887890220885e-06
9092 3 213079.84509838501 0.018223698221548901 1.6939889600503701e-06
9093 3 207632.26672419501 0.017363886390475598 1.8217345283441799e-06
9094 1 164281.95188891501 2.2583674953318101e-06 2.09801529366729e-06
9095 3 218401.196033585 0.0133138266136981 1.56579467551401e-06
9096 3 207592.02482129601 0.020905904036308699 1.77969578653224e-06
9097 3 207975.48822991599 0.0168283317749276 1.8160953181696601e-06
9098 3 218269.86103362599 0.0134596566986513 1.5628027573270401e-06
9099 3 208274.020607349 0.017897696522830499 1.8003814948315599e-06
9100 3 217970.465402876 0.013649647188291701 1.57601702287197e-06
9101 3 208617.46778464099 0.0173431654221432 1.7956636331761701e-06
9102 3 217825.467135532 0.0143133119098512 1.5657699737317699e-06
9103 3 208919.649644661 0.018320021468236899 1.7824136483069e-06
9104 3 209267.77516575999 0.0176591011703356 1.77852538159648e-06
9105 3 208894.33825387599 0.022138191627811499 1.7416992122251899e-06
9106 3 209576.04732463899 0.018567051110051001 1.7668575695807001e-06
9107 3 209921.33049906499 0.0179197873224992 1.7632613587395601e-06
9108 3 210232.78822802199 0.018849397923027901 1.75184553634455e-06
9109 3 210575.85538743 0.018212813595600098 1.7481885660704899e-06
9110 3 210198.76364929701 0.022715429227894199 1.71354074676776e-06
9111 3 210883.41742783799 0.019216325333595199 1.73711811521224e-06
9112 3 211246.99159796 0.0185008262522132 1.7339512837183699e-06
9113 3 189401.066204025 0.022951446847531001 2.2561022301400901e-06
9114 3 189052.99601701199 0.023003206813305001 2.27131955994786e-06
9115 1 184483.392570973 1.06827093438086e-05 1.9860811298099202e-06
9116 1 161638.603572958 2.0274632845374198e-06 2.1693389712847701e-06
9117 3 186322.64979252301 0.0068526025111904096 2.4611498467583001e-06
9118 3 206544.549977282 0.026685140820479701 1.7262881772323101e-06
9119 3 206225.67004508001 0.0267041537105553 1.7317201186552001e-06
9120 1 184876.06092120401 1.21967725251227e-05 2.0628457691122199e-06
9121 1 156404.17649532101 1.63307902067703e-06 2.3048779700405099e-06
9122 1 156416.09205853401 1.6285772372602899e-06 2.3054214674418899e-06
9123 1 161283.099050713 1.99632661104354e-06 2.1791418702122399e-06
9124 1 185976.73529865299 1.8649062749454101e-05 2.4050145865041799e-06
9125 3 207174.07102238599 0.026894612961001998 1.71475821582337e-06
9126 3 211533.73557676101 0.019353824344703299 1.72278239033575e-06
9127 3 207489.10642257301 0.0271326143288497 1.70874888915945e-06
9128 3 187716.76035403201 0.021805583042186501 2.35955853810725e-06
9129 3 204944.74408218 0.0263107552181523 1.7582620176008999e-06
9130 3 205263.55553544199 0.026290343256123699 1.75207618722905e-06
9131 3 211477.561285175 0.023185137827667599 1.6908580878986701e-06
9132 1 173904.60674022001 3.3427066888551699e-06 1.86004340901382e-06
9133 3 203315.669128885 0.025764864317180201 1.79783736461673e-06
9134 1 175324.16813183299 3.5578859198599101e-06 1.8277915884088e-06
9135 3 193521.309816575 0.023585056471463899 2.0879389735894e-06
9136 3 188062.440374 0.0221527964466216 2.3384747383232102e-06
9137 1 166858.99780854999 2.5238292627226198e-06 2.0300650941979699e-06
9138 3 188705.306107474 0.022836180886067699 2.2873555475458502e-06
9139 1 168357.66813068101 2.6819713766698801e-06 1.9915218903639399e-06
9140 1 167972.86250234599 2.6420680330710699e-06 2.0010289525719302e-06
9141 3 212137.93750583901 0.020157232210285401 1.70554705383685e-06
9142 3 203657.61710235599 0.0259529898661926 1.78863108226754e-06
9143 1 175682.94968055101 3.60864739656228e-06 1.8210424678641199e-06
9144 3 186672.501648384 0.014397684389937901 2.4363275576189801e-06
9145 3 207803.51266328999 0.027115126964628599 1.7043022366952499e-06
9146 3 205908.19336752 0.0264841373653283 1.73873799661314e-06
9147 1 156784.90716685099 1.6577345818227e-06 2.2955725636296502e-06
9148 1 160570.60075367801 1.9366362377092798e-06 2.19826276974338e-06
9149 1 166486.236408845 2.4856606036392902e-06 2.0398009180048798e-06
9150 1 170166.46609645599 2.8888729094651002e-06 1.94531363184493e-06
9151 1 179051.02321647201 4.3237787198090897e-06 1.7641564321878e-06
9152 1 182726.897322323 6.5209508854335601e-06 1.79909282016871e-06
9153 3 188387.78947338599 0.022759411011005901 2.31030623787878e-06
9154 3 189737.65183769501 0.023137760050875301 2.2365641893742398e-06
9155 1 158338.07204535001 1.76425600593093e-06 2.2566525395139502e-06
9156 1 162011.877623098 2.0585670380161302e-06 2.1597671060144101e-06
9157 1 176772.775453974 3.7739485266762999e-06 1.80199573401106e-06
9158 1 180510.069507507 4.8134039388509302e-06 1.7570371224533799e-06
9159 1 184130.59793407901 9.5662942293990808e-06 1.9320226447518898e-06
9160 3 195727.31154276899 0.024018381926237301 2.0198387601277399e-06
9161 3 197026.996283001 0.024205311671527101 1.9827178865296302e-06
9162 3 204300.718214038 0.0261271377634128 1.77276122725638e-06
9163 3 212015.853839641 0.029974708538748802 1.6532689321898199e-06
9164 3 199037.42779388101 0.024525895675905601 1.9287362246312199e-06
9165 3 203016.072727033 0.025784343995209399 1.8061543166375101e-06
9166 3 205587.11186692401 0.026503657091601199 1.74462924696023e-06
9167 3 213820.88985798601 0.032509057750894202 1.6388080877481599e-06
9168 3 194526.76170180101 0.023839915912694298 2.0591219666118502e-06
9169 3 200381.43340309901 0.024921599187805 1.8872567917306599e-06
9170 3 210751.36683151501 0.028806882406034601 1.6663267223819199e-06
9171 3 204610.02636823399 0.0261060629857062 1.7660129218209499e-06
9172 1 176416.655688889 3.7130278337857399e-06 1.8084988132518701e-06
9173 1 156023.17013357501 1.60936283914655e-06 2.3140265949371699e-06
9174 1 163460.265171771 2.1928329227999199e-06 2.11968721548002e-06
9175 1 174611.99168556699 3.45445588643448e-06 1.84260174637698e-06
9176 1 181991.908604239 5.7343756884958196e-06 1.77340823050948e-06
9177 1 185606.26642190799 1.6065822852921901e-05 2.2659459276415398e-06
9178 3 191854.16421270199 0.023559533256744598 2.13504722666047e-06
9179 3 193162.54111037799 0.0236449983314687 2.0973859035923198e-06
9180 3 201693.32580825099 0.025354882719999298 1.8452024695967501e-06
9181 3 206859.55855558399 0.026913101397414999 1.7197053798462299e-06
9182 3 208115.65210201699 0.027357989728750101 1.6985555114038501e-06
9183 3 209440.484475237 0.0278565289365699 1.6821940980039101e-06
9184 3 215669.07482027099 0.038358099073308602 1.6318193390548599e-06
9185 1 174253.57637145801 3.3989870276248101e-06 1.8510462767450901e-06
9186 1 164960.78611513201 2.3354092056749399e-06 2.0794713715551701e-06
9187 1 168719.28984223501 2.72033460700588e-06 1.9826362634557899e-06
9188 1 172387.14169574401 3.1539654527553402e-06 1.89264538533638e-06
9189 3 187013.33031920699 0.018853055554052301 2.4107868919141898e-06
9190 1 185251.40458641 1.38518723077314e-05 2.1483194133215399e-06
9191 3 187375.78519385 0.020574094018683001 2.3841075064859802e-06
9192 3 196674.589347328 0.0240522877026925 1.9928659746150599e-06
9193 1 165352.19304059201 2.36966003561752e-06 2.07015963170362e-06
9194 1 158761.103257857 1.79155949431104e-06 2.24700375595072e-06
9195 1 155654.33966590301 1.5864554476412e-06 2.3229106556120499e-06
9196 3 192186.729025849 0.0234904740966866 2.12574119853513e-06
9197 3 202008.935890875 0.0253258606911075 1.8369582313735099e-06
9198 1 163080.431810554 2.15605083859517e-06 2.1304170181044202e-06
9199 3 211867.941876417 0.018774538211829901 1.7187283905719201e-06
9200 1 174957.49576602699 3.50862021900732e-06 1.8346178069251101e-06
9201 3 203961.000013988 0.025932120851481 1.78122572326348e-06
9202 3 196370.87693316001 0.0240919223758135 2.00117878791683e-06
9203 1 166120.86688464301 2.44812983814829e-06 2.0494478250968501e-06
9204 3 193853.34018438499 0.0236967706333568 2.0787111267565698e-06
9205 3 196005.70313282599 0.0239754102659431 2.0109437144028299e-06
9206 1 176051.279245996 3.6596656611546002e-06 1.81474694399093e-06
9207 1 160913.72209194599 1.96672256932415e-06 2.18851401154224e-06
9208 3 186676.05276596901 0.0088962748163050696 2.4493333434701299e-06
9209 3 194242.20243850499 0.023634600950812601 2.0705341595659102e-06
9210 1 165737.406424691 2.4097044022364298e-06 2.0595543938948799e-06
9211 1 182388.021850313 6.1030352201172896e-06 1.78433373452633e-06
9212 1 179385.18330085199 4.4215233235702403e-06 1.7610958148495201e-06
9213 3 202683.22956818901 0.025599884679486401 1.8162873138927e-06
9214 3 202372.53717430099 0.025604651959621499 1.8250585068554399e-06
9215 1 159124.75787319199 1.82109829887318e-06 2.236841688223e-06
9216 1 167597.27100060001 2.6029933413863298e-06 2.01041953391178e-06
9217 3 192831.62862010699 0.023535198367294601 2.10732752580855e-06
9218 3 192503.89602929799 0.023597471637909199 2.1161055622015701e-06
9219 1 167231.489642798 2.5637036975833599e-06 2.0201293856635399e-06
9220 1 180116.08301395099 4.6657322057801003e-06 1.75725133745481e-06
9221 1 179758.83708642601 4.53283841600435e-06 1.7588969130231599e-06
9222 1 162370.505691178 2.08973480476716e-06 2.15023166196491e-06
9223 1 162742.27531599099 2.1238587239616602e-06 2.1400067604866401e-06
9224 3 207888.51702897099 0.021859034083553799 1.7655330774537499e-06
9225 3 208231.48907890101 0.0214748096618066 1.7600797668748399e-06
9226 3 208529.387621592 0.022500184183131398 1.74511679269021e-06
9227 3 217544.67520772299 0.013470589535943 1.60364347708322e-06
9228 1 166732.34531864 2.5237964227357699e-06 1.9619813470862798e-06
9229 1 217030.470294267 8.2026274629168707e-06 9.5304943054411996e-07
9230 1 187837.40524116499 4.9185141400439496e-06 1.4317961516183299e-06
9231 1 183853.45457041101 3.8087552047346901e-06 1.4193558807565799e-06
9232 1 173456.38079553199 3.2637034194833699e-06 1.83763918129636e-06
9233 1 201070.07329843601 7.0846898727952197e-06 1.28516480796231e-06
9234 3 226728.367062484 0.010977881974053499 1.36501276742784e-06
9235 1 168306.303970512 2.70239279160291e-06 1.8093754732970799e-06
9236 1 173293.12592695301 3.2583480986852501e-06 1.74133923247522e-06
9237 3 217813.94121188499 0.0134425625024224 1.59204062349128e-06
9238 1 191257.51571953899 5.8050161060659399e-06 1.4531972021737501e-06
9239 1 198619.43935197199 8.1123607636674693e-06 1.4438205707592599e-06
9240 3 206613.49371440001 0.020844109010283201 1.80522285282413e-06
9241 1 200198.90128056501 8.4067640942930108e-06 1.42850411891746e-06
9242 3 206951.27344724501 0.0204034414501333 1.79936293477448e-06
9243 3 217693.65482334699 0.0139163843362668 1.58972828845159e-06
9244 3 217555.71560834299 0.0262843535355042 1.43860806876733e-06
9245 1 159247.11684773199 1.8414242454588799e-06 2.2286850589328202e-06
9246 3 192625.74335313699 0.021293660958581699 2.1540535671674801e-06
9247 1 213188.74232296401 2.1692730684907201e-05 2.3105439048473199e-08
9248 3 207255.46839060399 0.021310188733019899 1.7858789807790701e-06
9249 1 208644.845951992 1.9783437385465499e-05 6.8432359132696505e-08
9250 1 222472.60693601001 1.46852895905136e-05 3.3727643149955799e-07
9251 1 155076.32317820701 1.7607513421123501e-06 2.07280161921571e-06
9252 1 226437.240888078 1.1768778329197e-05 8.9946749735076298e-07
9253 1 217275.682354641 1.7810770439398301e-05 1.4980675770939401e-06
9254 3 224815.75331663401 0.011040113246279499 1.4428050143854601e-06
9255 3 215978.12452610899 0.0129129716861169 1.6713077090617101e-06
9256 1 203256.64950689499 7.4413938938033398e-06 1.2637020494388501e-06
9257 1 194438.24682129201 1.7910161197579702e-05 2.08843622798983e-06
9258 1 185573.00040965699 4.6280608428633102e-06 1.4679433118690499e-06
9259 1 162162.169988251 2.0755974125014901e-06 2.10961508647861e-06
9260 3 201270.72867450499 0.020698987403097401 1.92615807285245e-06
9261 1 155607.66388792501 1.16978026480824e-05 3.5596970994519902e-07
9262 1 182458.31043900599 5.6005855999761396e-06 1.7571356021929999e-06
9263 1 156338.28911071399 1.7017703835678001e-06 2.0051977496585102e-06
9264 1 183219.05710930299 3.9504624753862801e-06 1.14667197803182e-06
9265 3 217877.44247916801 0.016658628332102899 1.418361661928e-06
9266 3 227464.867366641 0.0089981897350842801 1.3933399818182799e-06
9267 1 155238.43506371501 7.3915707053258599e-06 9.0811484538404304e-07
9268 1 161387.37405195701 2.0015248881043501e-06 2.1522896495876898e-06
9269 3 208425.19995433601 0.0273406228830568 1.69437366404171e-06
9270 3 209099.88592988599 0.027581808905087199 1.68606611302992e-06
9271 1 192490.94662426901 4.1076783889307499e-06 1.1981535847788999e-06
9272 1 167220.114569497 2.5416164987082299e-06 2.0219918618435202e-06
9273 1 156990.41023332 2.0950295194610899e-06 1.8418047420876401e-06
9274 3 223879.642910578 0.0131851352018002 1.2427534138545801e-06
9275 1 170809.500938999 2.9482705674533099e-06 1.86909995915142e-06
9276 3 220464.13450011 0.0138179225357299 1.36356952455532e-06
9277 1 163299.94825966301 1.9742300295456498e-06 1.7814565332260301e-06
9278 1 167401.29035865699 2.6229766842533601e-06 1.9334540575059602e-06
9279 3 215906.454616923 0.0091432001326143594 1.71263514717978e-06
9280 1 154356.92282223099 1.6071473909719199e-05 8.8531676786879305e-08
9281 1 181832.099244652 4.9768039536900699e-06 1.72929922486278e-06
9282 1 173058.999063984 3.2236520404003101e-06 1.8228779875335899e-06
9283 3 228065.114000414 0.013098905250905899 1.05035662714188e-06
9284 3 229676.76715532399 0.0130808009796344 9.65993282327804e-07
9285 3 218505.68318188301 0.0143342288520115 1.3911482634215799e-06
9286 3 217247.612239662 0.0129596812001819 1.62873882859235e-06
9287 1 174200.36984234999 3.3838010795568698e-06 1.7120213953013501e-06
9288 1 154243.47374684701 1.4770284299964899e-06 2.3632872333714299e-06
9289 1 160184.045514036 2.1120851393978798e-06 1.9388045250982399e-06
9290 1 168064.45260392601 2.6023424961773501e-06 2.0006167259119698e-06
9291 3 219169.59464128999 0.0140749623255952 1.3683400479501101e-06
9292 3 216470.166345248 0.352382019174661 1.67318529980402e-06
9293 1 157163.02583777101 2.8452099092218902e-06 1.66584386613353e-06
9294 3 217504.15214237 0.017413341779729901 1.5866325178571e-06
9295 3 189800.326863836 0.020182022498185799 2.2704154501409198e-06
9296 3 219338.75644690401 0.0121549384962814 1.57698792539972e-06
9297 1 193396.49488784201 5.0323297196233104e-06 1.2776997404761299e-06
9298 1 242303.734098794 2.2838764382502e-05 2.3513692717536799e-08
9299 1 163302.81098922101 2.2739766277649201e-06 1.9369246241882001e-06
9300 3 216841.331243088 0.0083858459363483993 1.6874601289975199e-06
9301 3 198626.189420145 0.0235271230007413 1.95738694439974e-06
9302 3 196284.70262642601 0.0135036582671276 2.1404375209851599e-06
9303 1 160227.749440632 2.08296713691453e-06 1.9779517465231898e-06
9304 3 195333.503461302 0.023306133240486901 2.0457053478651101e-06
9305 3 218740.03799222299 0.014244467892098 1.4170961159350701e-06
9306 1 164387.989855697 2.2725776431113501e-06 2.0586909041804001e-06
9307 1 219839.41271512501 1.4397176997544599e-05 3.4002966706014899e-07
9308 1 212941.42978431299 1.24277114613958e-05 4.2898615038878102e-07
9309 3 197761.237589378 0.010888540014965 2.1284292806015202e-06
9310 1 198863.57161003401 6.3070701815818704e-06 1.2513919801980599e-06
9311 3 198529.45308315501 0.0096204571625846096 2.1210313146958799e-06
9312 1 184054.26779396299 3.2206392288304198e-06 1.40011273773586e-06
9313 1 159269.61577938899 1.8184635373326199e-06 2.2338262449166002e-06
9314 3 200248.60125441899 0.0065847182992771897 2.1020081720281401e-06
9315 3 199383.21687241801 0.0089009949592000395 2.1101518571765999e-06
9316 1 211006.866929268 8.9079956772598599e-06 1.2090128059870699e-06
9317 1 211850.357422845 1.2317928017947499e-05 4.2123813197271001e-07
9318 1 172424.91293749801 3.03535725321599e-06 1.6448814478104399e-06
9319 1 177137.718755346 3.8476559642955302e-06 1.79319400257119e-06
9320 1 165373.69885937299 1.79538736420025e-05 1.7725877273707401e-08
9321 1 181003.34411589801 3.8602170678700596e-06 1.4917284218795001e-06
9322 1 179965.984157028 2.8667834925166902e-06 1.4758764614398801e-06
9323 3 220036.199759788 0.013588230109864499 1.43284635048414e-06
9324 3 208755.88712714001 0.027599230746150501 1.6896838238075e-06
9325 3 212251.474990235 0.0040021321232472998 1.82021824797709e-06
9326 3 216276.487455934 0.045944543844149498 1.6318780823441699e-06
9327 3 217513.95180088701 0.030221404967061199 1.4734856977568401e-06
9328 1 168159.26316853901 2.69881357952603e-06 1.7825529720043899e-06
9329 1 156033.42476060599 1.60517790507237e-06 2.31436262568944e-06
9330 3 218801.05010112 0.0141942862007867 1.4337881985983399e-06
9331 1 237199.48088674899 2.20603817231783e-05 5.1038653045850803e-08
9332 3 193746.92588292799 0.022260600254348301 2.10179947918905e-06
9333 3 223390.93810792 0.0080750811896583407 1.54551345190247e-06
9334 1 159849.343531483 8.3724879845654592e-06 7.3160746433042595e-07
9335 1 161307.58938627501 2.0461838093155101e-06 2.07629821466031e-06
9336 1 157883.729743148 1.72835992760274e-06 2.26816699529472e-06
9337 1 172954.433481816 3.1874275174356002e-06 1.88114441621373e-06
9338 3 197019.28967233299 0.012253894855476 2.13482740533351e-06
9339 3 218170.01217763999 0.014861103397495801 1.4050151753550601e-06
9340 1 171936.86693092901 3.0846379537567202e-06 1.90452164794029e-06
9341 3 226568.73112270501 0.0131370838036755 1.1153025461122e-06
9342 1 169677.49780191499 5.9259210215397796e-06 9.5553897459647798e-07
9343 1 206373.609087185 2.2038961078841e-05 1.95302452949236e-06
9344 3 218834.162254992 0.014191659011295101 1.38032715953265e-06
9345 1 188604.281604271 8.9690253600232092e-06 1.7571948889662299e-06
9346 1 228679.95130962401 1.1884466769551699e-05 8.2487663248192498e-07
9347 1 185656.20835253899 8.8867638346659696e-06 1.8387386852561399e-06
9348 1 179899.65887221601 4.3654152146934702e-06 1.7447542901192301e-06
9349 1 226463.833436229 1.6523895120820901e-05 2.59638076888284e-07
9350 3 193477.93078122201 0.022677414746640898 2.1095564702271801e-06
9351 1 210329.394360484 7.5106326496367899e-06 1.05312292516899e-06
9352 1 156228.023519854 1.66252336122984e-06 2.2322746714861202e-06
9353 1 159139.01470489899 1.8191838418085701e-06 2.2157006256853999e-06
9354 1 235692.74127053999 1.59844908169864e-05 8.3148921796218195e-07
9355 1 170094.07469368499 2.8204747639609199e-06 1.9454187384088201e-06
9356 3 229526.83341359501 0.00053349841363740697 6.5171840280582901e-10
9357 3 198213.16032547501 0.023349689491847299 1.9665538780107498e-06
9358 1 219678.69233694201 9.0961373025252799e-06 8.3042406513339104e-07
9359 1 160409.80588348999 9.8916213491105494e-06 5.44888452789123e-07
9360 3 215999.565679666 0.038804692939250797 1.6316307371311899e-06
9361 3 218516.36156315001 0.0137781765364745 1.5151161825727501e-06
9362 1 182624.79086722399 5.3404643270373497e-06 1.7311926317852299e-06
9363 1 171796.593646283 3.0638758836423498e-06 1.90687183132904e-06
9364 1 156572.71670434199 1.8137536092315399e-06 1.9670892463595502e-06
9365 3 203313.68640512801 0.0248575694177346 1.8148122941130599e-06
9366 3 216665.61550397601 0.048062165136830398 1.63294943796644e-06
9367 1 226058.58237681401 1.18914888645743e-05 5.7039082021742904e-07
9368 1 208755.90506937099 9.7553175358787799e-06 5.9393647197811595e-07
9369 1 195676.71327780801 6.6776498067220997e-06 1.4009703123176201e-06
9370 3 218729.84815852001 0.013235054793352 1.5540197248038199e-06
9371 1 172840.13847815301 3.2193238139572202e-06 1.8798281553769999e-06
9372 1 165976.00200463101 2.4292640309171401e-06 2.0512940436639898e-06
9373 1 171472.26749061901 3.0218126158645002e-06 1.9152830348306498e-06
9374 3 208461.38358731201 0.0073868462589346999 1.8820944767520899e-06
9375 1 235743.06976889199 1.7106154652298599e-05 2.9826488298381299e-07
9376 3 215934.80986960401 0.017163013764191899 1.6383231965326e-06
9377 1 186361.48782010801 1.9855586155357801e-05 2.4635175602296098e-06
9378 1 184780.86196943599 5.7262873795294504e-06 1.67964116288708e-06
9379 3 213082.30131663501 0.0246302336696642 1.6664898288587599e-06
9380 3 221584.180938515 0.012536038576095599 1.4496402882150399e-06
9381 3 191749.25832804901 0.020765162626976801 2.1922702370206601e-06
9382 3 210040.68121365199 0.0068882200469822796 1.85023169247515e-06
9383 3 226385.42663900499 0.011588914349282799 1.3189091418878e-06
9384 3 236093.20483565301 0.00054795304649973701 9.2761650862787395e-10
9385 3 204933.80245279 0.024894538640062702 1.7778729742442701e-06
9386 1 161644.47236052199 3.0965290405619799e-06 1.5187352192012799e-06
9387 1 177566.761613009 3.8237786213555598e-06 1.77639632586534e-06
9388 1 154876.46186139199 1.5161014064970201e-06 2.34526554832704e-06
9389 1 161422.71937306199 2.0306257002389799e-06 2.1235058172081299e-06
9390 1 176865.52131932901 1.2789365409759801e-05 3.3597379522045198e-07
9391 1 215108.99411829299 8.0721480010827197e-06 8.9574534426037698e-07
9392 1 174255.203732119 2.5583846403647401e-06 1.55448965865528e-06
9393 3 203959.368076913 0.024988744123383901 1.7988896498947301e-06
9394 1 209827.089538525 8.2558454587299096e-06 1.15647741470446e-06
9395 1 162857.524764 2.2207566626818701e-06 1.9783698133423301e-06
9396 3 217751.01658211299 0.0120126078391657 1.6398757708763e-06
9397 1 181051.49914888901 3.8746680130157796e-06 1.1628988147181701e-06
9398 1 180446.47473321299 4.2849234445668202e-06 1.6797098452594299e-06
9399 1 163264.90209434699 2.1421185032008401e-06 2.12831594605577e-06
9400 3 225188.712677323 0.0132068586107123 1.17596221171814e-06
9401 1 164666.755481409 2.2856590000848002e-06 2.0904506744553799e-06
9402 1 178673.51884886899 3.9613300169845599e-06 1.6883341709484999e-06
9403 1 172744.26856772299 3.1412758408948602e-06 1.8752816354764601e-06
9404 1 174621.080931887 3.3915723200518899e-06 1.6550841263146999e-06
9405 3 216672.073087617 0.22838557506631799 1.65834077876923e-06
9406 3 216659.58653206 0.25262243676683999 1.65712262177639e-06
9407 3 216587.75338501399 0.29370410918134798 1.6681218362480999e-06
9408 3 216711.46681631001 0.184101093559488 1.65333691025193e-06
9409 1 186848.71372786799 5.0205861844876001e-06 1.4705035806435401e-06
9410 1 193894.09307951 6.4086147039344701e-06 1.42517436213375e-06
9411 1 225406.056514022 1.6423974310191901e-05 2.5065842378475198e-07
9412 3 210621.313104778 0.014451150076506001 1.78630457467699e-06
9413 1 164205.50926166101 1.1844224466256301e-05 3.7027997596822199e-07
9414 3 213420.98645652799 0.023070340128065501 1.66501509081302e-06
9415 1 164958.42250656101 1.7760447605250098e-05 6.8340532354256296e-08
9416 1 171218.099356338 2.9744061653543e-06 1.8946008177499e-06
9417 1 202959.953007123 6.2631839114649798e-06 1.15114766617677e-06
9418 1 181765.051147622 4.4293066163958401e-06 1.60573801678654e-06
9419 1 223768.86571894801 2.2812890591080901e-05 1.18990328949499e-08
9420 1 162156.388288883 1.86246158927707e-06 1.89744899178871e-06
9421 1 183670.41500864399 6.3592151279833904e-06 1.7590955038897199e-06
9422 1 183831.937733042 3.9687080945296799e-06 1.4329737617074401e-06
9423 3 218261.63339846401 0.014177111364873001 1.48551746998755e-06
9424 3 216728.13416477299 0.0307017540904032 1.6220139658402599e-06
9425 1 160283.32260395199 2.0080338502500999e-06 1.8093029891587801e-06
9426 3 221457.85663072299 0.013645779271699 1.2995113258144001e-06
9427 1 165356.25761382401 2.3448914913928602e-06 2.0546725261696099e-06
9428 3 209852.002083311 0.023066020195259902 1.71624628437015e-06
9429 3 209207.34586925799 0.022933596022647901 1.73222592350969e-06
9430 1 182070.88359945 5.4070622197062998e-06 1.7530342265626201e-06
9431 1 209352.79196459701 1.76186127153205e-05 1.70459546253442e-06
9432 3 228454.058696928 0.0097112973779348698 1.3180373342254999e-06
9433 1 154291.71395201501 1.48862576658858e-06 2.3605812413705099e-06
9434 1 169296.16187854001 2.27484458381417e-06 1.59423682340282e-06
9435 1 160132.69808309601 1.9287976048123002e-06 2.1578468218109801e-06
9436 1 163674.41434711099 2.1660508658808502e-06 2.12132844940237e-06
9437 3 215041.64881587899 0.0357450003024464 1.6333328755387401e-06
9438 1 189896.851652693 4.3704133967355401e-06 1.3227546567547501e-06
9439 1 205247.257476125 8.6378271723646498e-06 1.3381534910043299e-06
9440 1 155635.721218725 1.57857448875524e-06 2.3249579293635901e-06
9441 3 216437.99911281001 0.36746697380516402 1.67198688957283e-06
9442 1 160708.24235202101 2.1826670114765201e-06 1.74321929463988e-06
9443 1 160393.00382309599 1.9195609478991798e-06 2.1967987112050298e-06
9444 3 228679.45561191399 0.012529044155809899 1.0851053564848799e-06
9445 1 204006.765049165 1.13265520604911e-05 1.5217363575517501e-06
9446 3 166598.25998118901 0.00031798668495318399 7.7224781693492904e-09
9447 3 204278.948604584 0.0229810752883952 1.82433900637983e-06
9448 1 200467.76098013599 1.9950884983480199e-05 2.03719504487594e-06
9449 1 179356.24990499401 4.3430350122771696e-06 1.7604621108513e-06
9450 1 181981.233048625 3.6090700094438701e-06 1.4489177112709099e-06
9451 1 169812.53292681699 2.8444234774900202e-06 1.9548295617267101e-06
9452 1 169106.66674571999 2.7600617318516402e-06 1.9735238255667698e-06
9453 3 203551.185127434 0.0098508444260836693 1.9999244344900001e-06
9454 1 164907.94120684499 2.3205162456401799e-06 1.76079703245269e-06
9455 3 218480.37102158801 0.0143921607285205 1.4316142832814801e-06
9456 1 159112.71972199701 1.85713133214328e-06 2.1735117384142e-06
9457 1 163090.06301104999 2.1735295955212199e-06 2.0665301710366701e-06
9458 1 176027.50912403601 3.0206011617128699e-06 1.3525186223734199e-06
9459 1 229655.35212528199 1.83309043518988e-05 1.7875372045579399e-07
9460 1 157063.719235642 1.8812198053474699e-06 2.03954189874322e-06
9461 3 213261.23178253 0.00718358705652173 1.7870564588234399e-06
9462 1 204204.01624103001 6.0984586883021504e-06 1.0345757273342701e-06
9463 1 158428.695522255 1.97452127436187e-06 1.9387703239921199e-06
9464 1 218567.42961629701 2.2655049560187299e-05 1.3065559401412799e-08
9465 1 210136.51471669899 7.5510378889229504e-06 1.07947389930423e-06
9466 3 214223.55088578601 0.00994766921436426 1.7529727356432699e-06
9467 3 218971.81088455999 0.013277082145987201 1.5360115428160399e-06
9468 1 160212.394475493 1.9067772280771701e-06 2.20798799764674e-06
9469 1 159514.923185258 1.84895022023774e-06 2.2273088627330799e-06
9470 1 168376.26190060301 2.7668265201771002e-06 1.85908061303456e-06
9471 1 163890.62252865499 2.3052273599961601e-06 1.80461805914553e-06
9472 1 208528.89200320901 7.00747204812126e-06 9.5916338236539499e-07
9473 1 188419.36987643401 5.74632260275339e-06 8.9586957328501804e-07
9474 3 203623.489021524 0.024613854529871901 1.8085062998874599e-06
9475 1 175608.879925371 3.5272044524494199e-06 1.6232501143897e-06
9476 1 220709.68870014901 1.2364750763941299e-05 4.9584111169421002e-07
9477 1 164082.05016701799 2.3688128023309601e-06 1.90416317642223e-06
9478 1 163687.73390935501 1.86965566699649e-06 1.87820328154586e-06
9479 1 159112.92220813301 1.94304258076489e-06 2.0915097935569302e-06
9480 1 165600.734504792 2.4843871652741098e-06 1.89472954004924e-06
9481 1 167023.97398252701 2.6245790976253201e-06 1.8772623409771101e-06
9482 1 161178.96625090399 1.9861583463693699e-06 2.1796009960941402e-06
9483 1 158256.25740842801 1.8198965663980199e-06 2.1667890455136401e-06
9484 1 201800.09545632699 9.5269012299839307e-06 1.4662825955386999e-06
9485 1 197223.55734209801 1.92141839796653e-05 2.0818829427722502e-06
9486 1 171624.835786474 2.9398695355520301e-06 1.6840797144693299e-06
9487 1 207655.100371056 1.4151894884713101e-05 3.1886277255353898e-07
9488 3 229311.15255201899 0.0010496794477200401 1.3152090201185899e-06
9489 1 184733.10736858699 5.9230451552235001e-06 8.8277467196189396e-07
9490 3 190456.85329855501 0.022244455191953599 2.2181631518434598e-06
9491 1 180612.35006924099 6.2381896301591504e-06 8.5744833710517803e-07
9492 1 190018.66666668101 1.59691422062581e-05 2.0045450720241e-07
9493 1 166857.49954033 2.5105446587848501e-06 1.73690148699459e-06
9494 1 181870.451790697 4.52004597977096e-06 1.6542150610625799e-06
9495 1 160272.23913340399 2.00024623315935e-06 1.9035419702604701e-06
9496 1 155800.04127462301 1.58482994962209e-06 2.3149330466865599e-06
9497 3 213110.12192367701 0.015091058313978599 1.72167193910218e-06
9498 1 202908.710043959 1.4075602834482601e-05 3.1602523188387498e-07
9499 1 165208.43031131601 2.4544820465285001e-06 1.8206757884991e-06
9500 1 206103.52027057801 6.8288055893666302e-06 9.15946436409967e-07
9501 1 185869.89236469101 3.49927513523638e-06 1.37325571611149e-06
9502 1 183270.160399227 4.7739322801744798e-06 1.6302059412655901e-06
9503 3 203272.415483138 0.022408317712195001 1.84959453422549e-06
9504 1 202740.799057094 1.05286701349159e-05 5.1604157063594697e-07
9505 3 211264.300586545 0.0151466652078758 1.76623636330309e-06
9506 1 157784.87922808499 4.4196157403937796e-06 1.34826861153809e-06
9507 1 225147.346793437 1.1354441759744901e-05 6.4136775572916295e-07
9508 1 189841.916693251 5.2304785354638097e-06 1.3913554441160701e-06
9509 1 197412.61296372901 6.8387000907235596e-06 7.9541003657032499e-07
9510 1 203328.18235028899 6.7841316651606398e-06 8.6443351885836601e-07
9511 1 200426.90397214799 6.7996414729074804e-06 8.2224988411446205e-07
9512 1 184654.920935003 5.0397101106901098e-06 1.6084996452807499e-06
9513 1 174479.82787831701 3.2992541703035498e-06 1.6057715095459001e-06
9514 1 167016.639221691 2.11625143982479e-06 1.67869487886263e-06
9515 1 244814.98463304201 2.0013533250058601e-05 1.6789705337186601e-07
9516 1 204623.85536290499 6.4630675441034803e-06 1.1303760718067501e-06
9517 1 188986.463246097 5.3172836299432497e-06 1.43493746867565e-06
9518 1 186051.13623332599 5.3285781466461797e-06 1.58901556723767e-06
9519 1 240865.51540222499 2.27917955344145e-05 3.7872534288154403e-08
9520 1 204903.65027885701 6.97368489280153e-06 1.1588256855634901e-06
9521 3 218971.57181846499 0.013439000656230399 1.5127444363954299e-06
9522 1 205367.02309502501 8.00016495240297e-06 1.2711920552108399e-06
9523 1 173023.85164026299 3.1704278499310398e-06 1.84537883943859e-06
9524 1 191889.577752201 4.82792231453321e-06 1.29919605896869e-06
9525 1 197534.654492551 1.44120796017641e-05 2.9234959465663e-07
9526 3 214701.39574592799 0.034048409139993699 1.6345604842256699e-06
9527 1 158953.10474454999 1.8159636915981799e-06 2.2325475854362198e-06
9528 1 187508.812550806 5.6702242277924597e-06 1.57047472998737e-06
9529 1 223742.786360689 9.9338601397379497e-06 8.3621428933994396e-07
9530 1 190356.185069978 6.3322646582429204e-06 1.53353836932176e-06
9531 1 159575.12524974701 1.8499615102850101e-06 2.2173059808661598e-06
9532 1 191729.56121749201 6.6557074246929199e-06 1.51569746563379e-06
9533 1 162734.67435052799 2.1426591887763599e-06 2.08717054626745e-06
9534 1 188954.67827846101 6.0083310901105103e-06 1.5514119647154001e-06
9535 3 221439.240742917 0.013613851685928 1.33437846460995e-06
9536 1 183537.266369597 6.3606031903404696e-06 1.76903123977957e-06
9537 3 209958.08346455201 0.0138129436549867 1.8048041559202501e-06
9538 1 192769.319654483 1.0904664455544799e-05 1.7554882106374901e-06
9539 3 218204.36391217299 0.014709949818083099 1.45589693871692e-06
9540 1 193119.688424822 6.9785930144385698e-06 1.49789814135728e-06
9541 1 191159.092729058 5.6115836210207197e-06 1.4030814604512901e-06
9542 3 197967.34305495399 0.0235890184625435 1.9737196962372299e-06
9543 1 185665.38228933199 3.9592386010495903e-06 1.3931688883500199e-06
9544 1 179943.81578709299 4.4360388400878498e-06 1.7481566118406e-06
9545 1 158049.33077351699 1.73649597953127e-06 2.2633904351619598e-06
9546 1 159590.393259392 1.8718457265793001e-06 2.19580799475443e-06
9547 1 186406.06315590499 3.4550874104109402e-06 1.2912724941471099e-06
9548 1 193338.28810260401 5.9205364541468601e-06 1.37376027150935e-06
9549 3 223024.890976664 0.011142048366427701 1.49720561790098e-06
9550 1 162539.78463551099 2.1057046698518e-06 2.0896686741177801e-06
9551 1 195491.082258437 6.2263837338425898e-06 1.3465987155134699e-06
9552 1 194597.21499439 7.29813725628956e-06 1.48105437341277e-06
9553 1 195367.47030336899 1.6973963099853e-05 2.02056527186663e-06
9554 1 186292.93341195799 4.6682218446940398e-06 1.0305923997440801e-06
9555 1 171992.82043307301 3.11023232661455e-06 1.90074792479366e-06
9556 1 198613.67988345399 4.8896510384524397e-06 1.2223499818916401e-06
9557 3 220028.85854907401 0.0128121778927966 1.5143611550373e-06
9558 3 220439.33535576001 0.0134777724989904 1.4210905300541099e-06
9559 1 164546.128249075 2.3007136639124501e-06 2.0889700054633598e-06
9560 1 163784.66613387401 2.2280730371707701e-06 2.1094679367878902e-06
9561 1 206776.26875569101 1.16567539336339e-05 1.48360124624405e-06
9562 1 155763.205044231 1.82739906704658e-06 2.06101042709202e-06
9563 3 219791.50155382999 0.011166254981934 1.60668852896563e-06
9564 1 205389.71978866 1.14926512579184e-05 1.50115234770957e-06
9565 1 209109.069026535 1.02068610742611e-05 5.5105066750380195e-07
9566 1 227092.13525043501 2.1093849990365601e-05 5.9573075430195501e-08
9567 1 195105.91809324999 1.7367956521630001e-05 1.4526488185667e-07
9568 1 158528.50573003199 1.7879910718534001e-06 2.2264932847750601e-06
9569 1 191443.20139799599 1.6368886544232601e-05 2.09073373165975e-06
9570 1 213525.64068597701 9.4071316852360594e-06 1.1917259664101e-06
9571 1 167369.155312602 6.4259841410594803e-06 9.4469315272829203e-07
9572 1 212355.38834213 8.9232780524037901e-06 1.1646485457758501e-06
9573 1 185993.51288302499 1.7285291916277902e-05 2.32321444440032e-06
9574 1 196152.99467072301 7.6100637162569596e-06 1.46468314587321e-06
9575 1 209649.85299393901 7.9010209528003394e-06 1.13120419538973e-06
9576 1 185150.94124299299 4.8672060661543501e-06 1.0062466831596101e-06
9577 3 201581.547035314 0.020355097659726401 1.9233423590836101e-06
9578 1 202150.26208724201 2.1624086453444801e-05 9.4188060870129592e-09
9579 3 218982.23715921101 0.0065611604305031504 1.6604233952499701e-06
9580 1 211067.04436590199 8.4333741040829496e-06 1.14461126523063e-06
9581 1 218051.91148453101 1.8981782036202601e-05 1.51873813376515e-06
9582 1 197668.70446092499 6.5583089364877196e-06 1.3200182709708201e-06
9583 1 227015.20156852601 1.09704914034497e-05 8.63266379222281e-07
9584 3 220971.170685291 0.013646025437171101 1.36184349081351e-06
9585 1 165091.38544783101 6.3432904110929999e-06 9.6894661496474094e-07
9586 3 217971.70172544001 0.0150664955527404 1.4796295910469901e-06
9587 1 217631.82100237801 1.0022554817806799e-05 1.12267595314039e-06
9588 1 154506.95566965701 1.50046734452069e-06 2.3164770719897302e-06
9589 1 194289.609876228 5.8606515086964596e-06 1.32292270029022e-06
9590 1 167236.837295723 2.5231240627291199e-06 2.02087188483711e-06
9591 1 157804.937163227 1.6833050489888899e-06 2.0114821283128399e-06
9592 1 169340.516811546 2.8102022787256699e-06 1.7515461631713799e-06
9593 1 199877.88090094001 6.8957844566176196e-06 1.2956242197394001e-06
9594 1 164219.91916179101 2.35585780693667e-06 1.85537711677533e-06
9595 3 216686.53312910299 0.143401247997065 1.6433988879296899e-06
9596 3 200041.29199805501 0.0247805773398053 1.896754037611e-06
9597 3 199386.223152705 0.0244918576633265 1.9211715105239501e-06
9598 3 225835.92303812699 0.0131764033993123 1.1426293828821299e-06
9599 1 234555.51126176401 1.31618375088413e-05 5.6237209534536403e-07
9600 3 208944.03566606401 0.0074468915067964596 1.87521922503259e-06
9601 1 202085.506198941 7.2256707618818801e-06 1.2737464801682199e-06
9602 1 217011.80078876199 1.39498349380839e-05 1.3620510491711401e-06
9603 1 172270.68101539201 2.4006753364074602e-06 1.6096886652302899e-06
9604 1 166115.54015504799 2.4519064760441998e-06 2.0473683329576499e-06
9605 1 160857.56456530999 1.14892446431896e-05 3.95655984414094e-07
9606 1 177789.24467918099 3.83409136703143e-06 1.76589610239638e-06
9607 1 158947.854182738 2.0168495006762998e-06 1.8191417697912e-06
9608 1 160850.323686549 1.6681235998779301e-05 9.2131842680083604e-08
9609 1 183720.03668376699 4.1344635723636503e-06 1.44458837642221e-06
9610 3 209792.49581974401 0.027836490304381699 1.6795936868277999e-06
9611 3 210438.43156691399 0.028469072153191499 1.66956373017084e-06
9612 1 176420.00748564801 3.7247017392184398e-06 1.80596735115157e-06
9613 1 175968.89855869801 3.5654904491046899e-06 1.8128209980317999e-06
9614 1 173557.02400688201 3.2885580459301098e-06 1.86892509421e-06
9615 1 172773.207935977 3.1969634403499102e-06 1.88482033203412e-06
9616 1 157159.61916166401 1.6824441757925201e-06 2.2862938318984099e-06
9617 1 157944.970703005 1.7382616029742399e-06 2.2658882825878e-06
9618 1 215845.10203149699 1.15000717369736e-05 1.2905089120598e-06
9619 1 159509.61364100501 6.8926958367519398e-06 9.5473308317765498e-07
9620 3 222022.23791471499 0.0121879687000458 1.48637108584092e-06
9621 1 210574.00095288199 1.81941770903816e-05 1.6945194526674e-06
9622 1 214616.91056617699 1.0148028388054299e-05 1.2333711450201801e-06
9623 1 197747.38686142801 7.9069716297833295e-06 1.44892735963105e-06
9624 1 184943.83827024701 7.1359166787427101e-06 1.7584732692047e-06
9625 1 183341.938798558 4.9867455935535798e-06 1.6662438583415699e-06
9626 1 187359.02705509399 4.1344454921564301e-06 1.3711299725864699e-06
9627 1 228907.89123841099 1.3043883948374801e-05 5.1412200816376395e-07
9628 1 180248.68270871401 4.1791901952878403e-06 1.6559950731901499e-06
9629 1 182905.80057686099 5.7123620408008299e-06 1.74990608783949e-06
9630 1 183910.536508494 4.3022463986473704e-06 1.4512946014213201e-06
9631 1 208130.52235267399 1.18476580428478e-05 1.4674536621894499e-06
9632 1 159621.00478280801 2.5557891546453298e-06 1.6596076808932101e-06
9633 1 186386.074580179 1.7608883271055598e-05 2.3200866438973598e-06
9634 1 157608.706284794 1.7241720948974e-06 2.2429624622686398e-06
9635 1 226048.02136043299 1.1777081553726601e-05 9.5101411755012497e-07
9636 1 217534.42373834699 9.0375325233441806e-06 8.2212318097630399e-07
9637 1 207474.799804576 8.3575237031974207e-06 1.2566108903466199e-06
9638 1 181650.65585124501 5.4380997280649796e-06 1.7656289176306701e-06
9639 1 180894.62030875401 4.9777931698014102e-06 1.7578380378387099e-06
9640 1 231632.63624630499 2.2324999047657199e-05 2.94155716157556e-08
9641 1 160880.56907999699 1.9695883198518799e-06 2.1448465632010401e-06
9642 3 218595.52758699699 0.013069173415776601 1.56865718063541e-06
9643 3 216890.265073046 0.15657145931972299 1.6484732855957301e-06
9644 3 216917.68351498299 0.12817104561510101 1.64727533658149e-06
9645 3 216848.037725512 0.18493953914410799 1.64314749347464e-06
9646 1 162341.46941555 8.4627230856421908e-06 7.15526155937281e-07
9647 1 163621.32673438301 2.16173154324702e-06 2.11941097128098e-06
9648 1 199322.99242173199 8.2095646379599302e-06 1.4321872569474e-06
9649 3 204282.65539438199 0.0096553672820992101 1.9819142535566802e-06
9650 3 187335.13368246201 0.0177805701961148 2.40743284337245e-06
9651 3 232250.25314033299 0.0131873949977694 7.78376748764829e-07
9652 1 179632.82698316101 3.7481515165643698e-06 1.5107110491155501e-06
9653 1 169926.90444181301 2.9919255938242301e-06 1.4157968185461501e-06
9654 1 162775.94021796199 2.0981042416908899e-06 2.13864821583931e-06
9655 3 209287.04628814899 0.0133974659386547 1.82152326209969e-06
9656 1 166456.100927119 2.4665609775817499e-06 2.0415442111269701e-06
9657 1 182346.330435385 3.9899458423432099e-06 1.46673851040843e-06
9658 1 163857.08849502201 2.22449880815635e-06 2.0513669927143398e-06
9659 1 167088.227759028 2.4989713317021801e-06 2.0187017136147702e-06
9660 3 205007.390536516 0.0093350686741024598 1.9630640768586602e-06
9661 1 154449.04431544599 1.49595340706309e-06 2.35086332154445e-06
9662 1 192564.615868133 1.38574329038241e-05 1.9183478062790998e-06
9663 1 180566.734030172 4.4953192688546698e-06 1.72863978995117e-06
9664 1 178090.14963755501 3.1683730629861e-06 1.3114313412064699e-06
9665 3 213761.38612436599 0.0241047218208724 1.66025687724848e-06
9666 1 179489.66148168 4.0642189941671103e-06 1.6738385304511001e-06
9667 1 222141.52447819099 1.01274354184205e-05 7.5546210317632502e-07
9668 1 163203.47189265699 2.1251331031876802e-06 2.1306535187731102e-06
9669 1 175318.60557199901 3.4784841248514399e-06 1.80651093858052e-06
9670 1 190382.03490714799 4.6781975817823103e-06 1.31759673545443e-06
9671 1 178796.67826274899 1.13219737376536e-05 4.46714820913705e-07
9672 1 190907.36608565101 5.8790344057704799e-06 8.8034925319684898e-07
9673 1 219232.188333178 1.1675878574929801e-05 1.1905911375385899e-06
9674 1 210536.78162054901 1.07132418082071e-05 1.3438447199019e-06
9675 3 217866.09336763 0.012935742957954299 1.6074509469283299e-06
9676 3 219166.67070365101 0.0136916808621175 1.47162594038779e-06
9677 1 169449.772271503 2.8506550368214801e-06 1.83888332585249e-06
9678 1 228036.66771260899 1.80966899412255e-05 1.7612102635972299e-07
9679 3 229124.39928130701 0.00740130211223693 1.34371547754994e-06
9680 3 220968.47186190999 0.013376937486913799 1.4107147853227399e-06
9681 3 218124.778300195 0.012980848846921401 1.5932711697186901e-06
9682 1 197549.64388177401 4.9678619746432002e-06 1.10108067532961e-06
9683 1 222658.161872909 2.0670064783496601e-05 6.7579409483406203e-08
9684 1 176860.08666313 3.6368318658965699e-06 1.6031864325077201e-06
9685 3 221981.84516754499 0.0135356092423232 1.2798017995119701e-06
9686 3 156085.884452428 0.000300074923693482 7.8508942490011104e-09
9687 3 231396.26060733601 0.0127519793768188 8.6506750886914502e-07
9688 1 165506.20651843899 2.3704895884513402e-06 2.0649584063980701e-06
9689 1 171956.19630700801 3.0380970111758199e-06 1.8812634730380299e-06
9690 1 181387.524061156 5.0164694309593203e-06 1.74722038037748e-06
9691 1 229957.87781636801 1.42745347651526e-05 9.3759070077515603e-07
9692 1 215139.734118033 8.9613870521632193e-06 1.0718222420703701e-06
9693 1 182670.86912841699 4.1640289585067202e-06 1.4751499655322901e-06
9694 1 206361.00947770299 1.45919486547291e-05 2.9209430892857202e-07
9695 1 210723.526743016 1.6645305776127499e-05 2.0588161497212001e-07
9696 3 204611.715515388 0.025140815135292201 1.7835259359551901e-06
9697 1 161705.56961586201 2.0266064845037301e-06 1.84639806578883e-06
9698 3 198673.864571076 0.024392291467728901 1.93763528664592e-06
9699 1 187694.147656924 1.3798160286648199e-05 2.0563104829308899e-06
9700 1 181845.804880879 4.8926747814206904e-06 1.71832295817272e-06
9701 3 216715.490367055 0.25798312561829401 1.6198876552718101e-06
9702 1 172068.39258222 3.0639913771146601e-06 1.88324838666555e-06
9703 3 217842.99872880799 0.016679841008999899 1.4692804854378799e-06
9704 1 192014.66800289799 5.0634926787801002e-06 1.3117723137320001e-06
9705 3 217413.05281463801 0.034027709210431502 1.52076702944187e-06
9706 1 218403.54439613901 2.1349492851248699e-05 3.4738398917170601e-08
9707 1 230879.18596947001 1.2055771968651599e-05 7.9485021338076898e-07
9708 1 200740.02630431199 1.7212513341262199e-05 1.6267970199474101e-07
9709 1 170182.64737156601 9.7310670618453505e-06 5.6530464556477904e-07
9710 1 159916.88671397499 1.89651132122849e-06 2.1606120863938001e-06
9711 3 227714.474530137 0.0067843521113191904 1.3730626696699701e-06
9712 1 176825.94126521499 3.7915948317101501e-06 1.79594211420538e-06
9713 1 170379.187112816 2.8858087935034599e-06 1.90632813748313e-06
9714 3 216436.883788087 0.36912547931561901 1.6601907173923801e-06
9715 1 158864.72111381701 1.82623852972726e-06 2.1762679128079702e-06
9716 1 179583.51288315901 4.1138564633737396e-06 1.68402475379705e-06
9717 1 222578.39254646501 1.6190531964595701e-05 2.54878878625614e-07
9718 1 158926.24465048601 1.9384738830667199e-06 2.0746921614658699e-06
9719 3 205589.53741088399 0.0250322376139934 1.7642232000786001e-06
9720 1 218460.80458289699 2.4237412894961001e-05 3.5811901749697998e-09
9721 1 180389.965329914 4.0284216637400304e-06 1.5291480568349301e-06
9722 1 177691.565683061 3.8353186625542802e-06 1.6903545308165899e-06
9723 1 164528.62651120301 2.1663777158793501e-06 1.78448524689229e-06
9724 1 198365.257190592 5.8723021381240103e-06 1.2242413200990701e-06
9725 1 203377.08434271801 8.3308169109917499e-06 1.35235005640916e-06
9726 1 214697.092971042 1.6490525055464001e-05 2.2112638673583299e-07
9727 1 179095.62878230101 6.9731485865253197e-06 7.9770047727300702e-07
9728 3 216929.627823174 0.098791455698407402 1.6415599776407e-06
9729 1 171511.340162348 3.04554960871439e-06 1.9120253479866801e-06
9730 1 154531.70306939801 1.5180438300235099e-06 2.3502944152298e-06
9731 1 233648.804227905 1.86904476390581e-05 1.90286724293399e-07
9732 3 216726.79631865499 0.24746227565806 1.6562156019784e-06
9733 1 171656.55793640099 3.01709515265286e-06 1.9107090072085098e-06
9734 3 209549.84673898399 0.0220716238480669 1.72835099181431e-06
9735 1 204297.57514760701 1.9259857114141299e-05 8.2464537362078996e-08
9736 3 211145.67855577701 0.023603854180912199 1.6930105011459999e-06
9737 3 210514.68758780599 0.023560221858036998 1.70579077375733e-06
9738 1 165298.30471864701 2.4386626029991699e-06 1.8853403367017299e-06
9739 3 217804.977913874 0.017843706381061902 1.4440183348123599e-06
9740 1 154266.481250643 1.4932149366325099e-06 2.3604044467966901e-06
9741 1 208335.05600670201 2.1414497035412199e-05 2.71446115752101e-08
9742 1 211407.573357441 1.16746107239591e-05 1.38543524955632e-06
9743 1 208206.04495203 6.9369160795921201e-06 9.1727932958776005e-07
9744 1 160631.35079181899 2.1304141173821298e-06 1.9023233955578e-06
9745 1 166749.06453559201 2.5591626649086399e-06 1.87518141935627e-06
9746 1 170503.19427415699 2.93249944270167e-06 1.9360777850701201e-06
9747 1 166556.86862727199 2.4151580849867999e-06 1.73096003524251e-06
9748 1 187309.80066281499 6.0701042800474804e-06 8.6475440066570801e-07
9749 3 190377.27296558701 0.023218994925023599 2.2047221880661201e-06
9750 1 168378.22917769899 2.6647505711751201e-06 1.97496988603406e-06
9751 1 228048.52023098699 1.83045068891372e-05 1.1867091782705301e-06
9752 1 203588.44426161199 1.21632015906819e-05 4.1470066574624101e-07
9753 3 189440.08983860601 0.022145181026688599 2.2564986444525799e-06
9754 1 169533.238483914 2.7783170659569699e-06 1.9552102774882601e-06
9755 3 216701.83025276699 0.261133983941572 1.6509002824425501e-06
9756 1 168121.33837854699 2.70531388676233e-06 1.8566152557009499e-06
9757 3 218673.91171341101 0.00069160330822288401 9.6728826866066206e-10
9758 1 183372.88260254401 6.4199622268996696e-06 8.3450342326847402e-07
9759 1 213001.44934972399 2.3920531698852699e-05 3.9517049777524603e-09
9760 1 201308.91353977699 1.5252101361247701e-05 2.5398248304977998e-07
9761 1 187063.36247995999 7.4053163403511896e-06 7.3652722266513201e-07
9762 3 225182.27365078899 0.0130402721655908 1.1981379604085101e-06
9763 3 198851.00768912499 0.023152379568873602 1.95031683880511e-06
9764 1 154485.127750855 1.50870892605514e-06 2.3510301775489901e-06
9765 1 161619.280988288 2.0246779545596098e-06 2.16914111165694e-06
9766 1 184797.56336822899 9.0090453383893806e-06 1.8822645554847801e-06
9767 1 206560.33901257499 7.2717747623838297e-06 1.1387147310878701e-06
9768 1 211796.85623841599 1.39705227315297e-05 3.3390133897059301e-07
9769 3 232404.24555934299 0.0127211187545934 8.1661570439115404e-07
9770 3 215329.07435471099 0.036037639865264003 1.6324814693890101e-06
9771 1 232254.26796034901 1.3588921543431699e-05 7.99124677404228e-07
9772 3 200795.85576891201 0.0242679602512378 1.88542828400055e-06
9773 1 209119.995969057 1.21078892149443e-05 4.3038150674341898e-07
9774 1 205567.18873145399 6.8812958154472396e-06 8.6534298307919098e-07
9775 1 199935.28762900099 6.9443075714664401e-06 7.8900047007408404e-07
9776 1 212317.93215644101 2.0476422558552498e-05 1.7299614017231999e-06
9777 1 174440.674510602 3.3545249825760798e-06 1.8417848861577799e-06
9778 1 202825.88368206599 6.9093957109776998e-06 8.1871088015527201e-07
9779 1 184505.42937540001 9.9552776838541402e-06 1.9416150115403199e-06
9780 1 175310.338914917 3.4144876358772701e-06 1.6149528857121199e-06
9781 1 155895.66587817899 1.71588266831596e-06 2.0057029451837902e-06
9782 3 216521.01948151601 0.32795959255685397 1.67418387826637e-06
9783 1 195852.43316979799 1.56142493165772e-05 2.27533263504585e-07
9784 1 203299.80114432701 9.7398173613720407e-06 1.4480694552202301e-06
9785 3 210316.94086610101 0.0133390449909694 1.8002071981738601e-06
9786 1 177566.54345416301 3.9431539151920601e-06 1.16985455727775e-06
9787 1 159407.671758863 1.88324111592237e-06 2.1544812006589e-06
9788 3 197015.37655773599 0.00080501097807001798 2.1983820260271099e-06
9789 3 219436.94039854899 0.0140405506976597 1.3902891068439501e-06
9790 3 214704.77196493899 0.030125785100293099 1.64040553243747e-06
9791 1 175223.612611827 3.5291350192854199e-06 1.8289013630781999e-06
9792 1 232756.20623691799 1.8560938706484101e-05 1.7694434492239101e-07
9793 1 171707.96751611799 3.0271998815767802e-06 1.8749863214489199e-06
9794 1 229601.61904487899 1.62807506459263e-05 3.0270789067070399e-07
9795 1 159737.953280874 2.01160320697384e-06 2.04673613941422e-06
9796 1 185141.893343301 4.9483260806239603e-06 1.53676526780011e-06
9797 1 168929.161810588 2.81444752175081e-06 1.82506455803404e-06
9798 1 166182.53756791601 2.5365725310861602e-06 1.8543597255174199e-06
9799 1 165969.55784952099 2.3900977084203201e-06 2.0424673444113002e-06
9800 1 178450.030544899 4.12123002365973e-06 1.76898008673014e-06
9801 3 246391.75029026601 0.0015433278481520199 3.55403972587085e-10
9802 1 166059.12832348599 2.4044387552770398e-06 2.0443274160796401e-06
9803 1 203088.03071747799 8.2150683123042692e-06 6.9073630621296197e-07
9804 1 169454.976077642 2.8027262566171599e-06 1.96402112102553e-06
9805 1 168663.090856892 2.2360814689366899e-06 1.6819041507174599e-06
9806 1 210735.04866718 1.15710607464887e-05 1.39123221615583e-06
9807 1 224243.07289071399 1.0170149404615499e-05 7.6424220914358504e-07
9808 1 210738.99175169301 1.45179700670428e-05 3.03362727365565e-07
9809 3 217365.746980189 0.0159550929939129 1.60351862261574e-06
9810 3 200711.216096383 0.024891299124429202 1.8790197535362501e-06
9811 3 201337.15677191099 0.025222345935236999 1.8543926802956999e-06
9812 3 187417.077579495 0.0124185996418038 2.4173402570050902e-06
9813 3 191318.818908302 0.020630571396393401 2.2005306236376999e-06
9814 1 206037.57424751401 1.01357355892585e-05 5.5190548139406804e-07
9815 1 165828.43075334601 2.2401546877104199e-06 1.7511622536259599e-06
9816 1 229754.759210366 1.6866870265194199e-05 2.5826008677928702e-07
9817 1 176303.39224876199 3.5487980604221002e-06 1.5835931091437699e-06
9818 1 186151.340936722 1.44325389475155e-05 2.14854155904135e-06
9819 1 218475.16912795501 1.41896644335295e-05 3.3732173147920602e-07
9820 3 190273.058802999 0.00594706893490242 2.3270939770345401e-06
9821 1 208301.93011560701 7.9791094725109405e-06 7.7664429458438398e-07
9822 3 188625.75944028201 0.018650344826823199 2.3368922932614299e-06
9823 1 159823.179609891 1.9196177885669e-06 2.1310387272310299e-06
9824 1 160347.54140064001 1.9871186258901801e-06 2.09443316389763e-06
9825 1 171377.166666348 1.9043159029360498e-05 2.9240231217407999e-08
9826 1 204891.81165076399 6.7962104197854401e-06 1.1405651158461901e-06
9827 1 188977.24288008301 1.8783217812086699e-05 2.2943378217799099e-06
9828 1 208793.53123588199 1.2161055457442299e-05 1.4668882804510799e-06
9829 1 223277.432129066 1.19003027744091e-05 5.5978909118077499e-07
9830 3 204940.441160799 0.023121163187178401 1.8081251847550699e-06
9831 3 216782.45723175799 0.219472116910017 1.6529623007806001e-06
9832 1 226337.96234879101 1.37934427141776e-05 4.3295730095579201e-07
9833 3 218869.53892699399 0.013105142819764101 1.5514690705633399e-06
9834 1 207989.35873276301 1.22733416645101e-05 4.14125359852078e-07
9835 1 212971.37951468499 7.9860073844467201e-06 8.8923859721084697e-07
9836 1 166912.63008713801 2.6090160985835401e-06 1.8051761925061301e-06
9837 1 213655.310725316 9.2657903906267497e-06 1.1552035715332201e-06
9838 1 165840.76478057099 2.4613395822103698e-06 1.97814184346704e-06
9839 1 171103.22455161801 2.9465326703368199e-06 1.8933124408299201e-06
9840 1 167708.958404073 2.64126128799713e-06 1.7644648939308501e-06
9841 1 159858.973548949 1.87796557151921e-06 2.2175896347317302e-06
9842 1 220365.83318514301 1.0449048808944001e-05 6.8077495043819395e-07
9843 1 210579.294894141 7.11199088513115e-06 9.6303560230016106e-07
9844 1 210592.82217923799 7.2376421673237598e-06 1.00361341200724e-06
9845 1 168639.220074577 2.6584914233587701e-06 1.7296630275218099e-06
9846 1 169808.67206770301 2.7151031428888499e-06 1.6780216492552499e-06
9847 1 188916.90473695501 5.0437922665085497e-06 1.4174946808181999e-06
9848 1 177742.28981337301 3.9938896204108398e-06 1.7821124491498899e-06
9849 1 196737.82718635199 7.0707894123911999e-06 7.6654093329528895e-07
9850 1 167029.82808481099 2.0473581689175899e-06 1.7541860140448201e-06
9851 1 205462.11394232101 1.07619910799561e-05 5.0352566942751603e-07
9852 1 172689.32195942599 3.1257494336970501e-06 1.8711009369502699e-06
9853 1 212465.78235338701 8.7731323879818507e-06 1.1318880301127201e-06
9854 1 211155.189545712 8.2321928177669293e-06 1.1151917074380501e-06
9855 1 217698.69122153299 9.1719677951541996e-06 7.6993119642130096e-07
9856 3 211093.17808348799 0.0288040923309935 1.6640996680614299e-06
9857 3 211709.42527567499 0.029531949813326699 1.6559815203639499e-06
9858 1 186114.24569714899 9.4623980087748808e-06 1.8633491381819799e-06
9859 1 231400.80521058501 1.20499525718944e-05 7.6624978170036e-07
9860 1 163987.45387033001 2.2259269978088099e-06 2.1075164652471799e-06
9861 1 183761.500233164 8.67156117401885e-06 1.8899796218473099e-06
9862 1 183097.44681296099 6.9833464178761199e-06 1.81664735696456e-06
9863 1 172218.02358673999 3.1700161275611901e-06 1.75954433810591e-06
9864 1 199249.094938194 8.7389925585577204e-06 6.3435662564988996e-07
9865 1 192399.272377783 1.11901250302315e-05 1.78346001164388e-06
9866 1 159533.06902505201 2.0109163233596999e-06 2.0267363878538202e-06
9867 1 226159.205184513 1.4462888311307601e-05 3.7200662503706203e-07
9868 3 215093.324730703 0.0114169856415056 1.72506018403616e-06
9869 1 159184.60888946999 1.86033244505336e-06 2.1532197296179498e-06
9870 1 209748.97698144999 7.7843271706282802e-06 1.10231988555222e-06
9871 3 213481.63264118001 0.031585228425068397 1.6408303550015e-06
9872 3 223339.644090569 0.01324705190816 1.2640939502828601e-06
9873 1 205406.23274094 7.84345224087365e-06 1.2454658810423099e-06
9874 1 160177.99217493701 2.00524112784584e-06 2.0711050056011899e-06
9875 1 159633.165869007 1.9230629856608701e-06 2.1175007345983102e-06
9876 1 162773.994661612 2.0895576205538701e-06 1.815301279882e-06
9877 3 197333.05201019201 0.024174166483364502 1.9745175783739501e-06
9878 1 206568.24063175 6.9951985971338501e-06 1.1217265134932399e-06
9879 1 199074.69307328301 1.7957200485133199e-05 1.2480718351796699e-07
9880 1 201565.32550775501 1.0471818552522899e-05 5.1375530919164803e-07
9881 1 195229.861032694 2.0519246774804301e-05 3.5894208042473101e-08
9882 1 155234.56224364901 1.6263093541253201e-06 2.2464957009469401e-06
9883 1 223241.62201165099 1.2433988900707499e-05 4.9828848736741803e-07
9884 3 223863.86492591101 0.0101005740915464 1.48505020658806e-06
9885 1 178571.971568915 3.9396590451833396e-06 1.6745824278544101e-06
9886 1 162588.19522591401 1.82346191896245e-06 1.8763126826409001e-06
9887 1 186714.71044207001 1.5495012378646698e-05 2.1903213833148699e-06
9888 1 171199.48374360899 3.0042822443524802e-06 1.9203439227346998e-06
9889 3 213755.22963934901 0.028235749515197299 1.6467969159344899e-06
9890 1 180358.84553940801 4.2197524773638804e-06 1.67088129440942e-06
9891 1 214739.86800588801 9.7759833765577406e-06 1.1843130648782899e-06
9892 1 154447.01701782999 1.49921659827927e-06 2.3523228367342498e-06
9893 1 220412.17455938199 1.0830898556340801e-05 6.1894861430916202e-07
9894 1 208417.95341910399 6.5962851957298201e-06 1.0640111948053501e-06
9895 1 165276.28404728899 1.9749286334861901e-06 1.83069067652851e-06
9896 1 165891.031079279 2.5039773507172199e-06 1.83763845826995e-06
9897 1 214323.00754046501 1.69835962554278e-05 1.94251194565261e-07
9898 1 208420.77104662001 7.0368504451528497e-06 1.08292428784094e-06
9899 3 212346.570069968 0.029997604414740201 1.65144139118355e-06
9900 1 158130.69916554401 1.7383836441622201e-06 2.2464602861736699e-06
9901 3 191224.23512142699 0.023494101320706801 2.1563621574269601e-06
9902 1 166632.04349358301 2.53996791555293e-06 1.79659343092204e-06
9903 3 195401.67110416101 0.023938123663411099 2.0288446964453198e-06
9904 3 194860.58310019501 0.023808459869768501 2.0505047527465498e-06
9905 3 221397.81336568299 0.0119029326778034 1.52086600084091e-06
9906 3 212866.856728716 0.028983641867459699 1.65220464745708e-06
9907 1 202664.824652385 1.9843383154564401e-05 6.0182004917215997e-08
9908 1 166058.65118193001 2.0082285288132802e-06 1.75439803408721e-06
9909 1 218954.30719220801 2.1625888581937401e-05 1.5860804259608801e-06
9910 1 207031.41966830101 2.2307902137539901e-05 8.0662296110836607e-09
9911 1 167414.14043724499 2.5592830867375701e-06 1.7598440147025499e-06
9912 1 168393.49460304499 2.61504556211666e-06 1.7080926381927e-06
9913 3 231417.44789857799 0.0118715020530433 1.0019121430822501e-06
9914 3 217230.13687043701 0.047965145880898001 1.58874417784053e-06
9915 1 175919.28778639901 3.3950346080671099e-06 1.58715534370702e-06
9916 1 202716.97657000899 8.5267388324616697e-06 6.55755932391951e-07
9917 3 202627.18554100499 0.0224702812397009 1.86251841562136e-06
9918 1 222932.62137541501 2.1196250139314499e-05 4.6894269404418699e-08
9919 1 217968.305644857 1.4975103110198e-05 1.3780646564282801e-06
9920 3 228118.126610657 0.0103037199031731 1.3300880645017301e-06
9921 3 211790.77765174001 0.024272186833160101 1.6839489788237699e-06
9922 3 208020.71940922301 0.0123901221304068 1.8604981264227499e-06
9923 1 234750.21931201799 2.25829039856552e-05 2.5615831354704799e-08
9924 1 183184.69466140901 4.6868314897078002e-06 1.61594402017837e-06
9925 3 220970.69289252799 0.0135055822490297 1.3895295905239599e-06
9926 3 214092.667501055 0.032627272103174898 1.6373870030570999e-06
9927 1 212764.81503157699 2.3936905823498901e-05 3.7449460427405504e-09
9928 1 205570.86794605901 1.7397206608872598e-05 1.78526326346326e-06
9929 1 203209.55286437899 7.2025171920358199e-06 1.23964813268644e-06
9930 1 237928.697180683 1.4254548927461601e-05 4.8153299482475302e-07
9931 1 160667.61853294499 1.9650093861906101e-06 2.1164764549631098e-06
9932 3 201968.501168841 0.012190391482189301 2.0165681718849802e-06
9933 1 216944.687838743 1.19199949936231e-05 1.2926998701690101e-06
9934 1 186042.963480873 5.1892855557886798e-06 1.56900572657857e-06
9935 1 179382.22210937901 4.0602541602749804e-06 1.6546534516420099e-06
9936 1 177087.75983596701 3.7648362405938799e-06 1.7834787702960501e-06
9937 1 174655.30501956301 2.6915570982114298e-06 1.5894167728545599e-06
9938 3 221490.47127114999 0.013115073171484 1.4030650164814001e-06
9939 1 218380.22113491199 2.0702771208074201e-05 5.63746104395789e-08
9940 1 177472.693320241 3.90515226799565e-06 1.78956017690071e-06
9941 3 214389.33972242501 0.0237768442752593 1.6540318540569201e-06
9942 1 180206.77057658101 4.1745914736839602e-06 1.6391258871238799e-06
9943 3 227192.54033361201 0.011917754563613599 1.2387766884912601e-06
9944 1 215765.42052576301 1.0503749661898401e-05 1.22950559637486e-06
9945 1 188829.920557487 5.7157615951366502e-06 1.52979514137016e-06
9946 1 225413.307959606 1.02012338644856e-05 8.7105531939894101e-07
9947 1 217710.279478304 1.1351978741518801e-05 5.4870442156089895e-07
9948 1 162210.71623080899 2.0625891067644299e-06 2.14544315625532e-06
9949 1 186077.05526157 1.5134264460441199e-05 2.3379454275738501e-07
9950 3 222405.91662836599 0.013433326418316901 1.2997154268654299e-06
9951 1 225864.737742831 1.0026695052200701e-05 8.4397345731034001e-07
9952 3 227919.57227711799 0.012300662996460401 1.1647913598272401e-06
9953 1 192978.08638569401 6.5434686729122697e-06 1.4706546518461801e-06
9954 3 220064.36502633401 0.0138987222501068 1.37650185065282e-06
9955 1 213754.96797567001 8.9574688732281893e-06 1.1193321580029801e-06
9956 1 193294.42695850099 5.8591530956378899e-06 1.35155754452785e-06
9957 1 206565.525558883 6.8128092328037502e-06 1.1037960708709901e-06
9958 1 211288.65894753201 9.4749658104716993e-06 1.2556328447788801e-06
9959 1 174787.37041006799 3.48495002946372e-06 1.83518335057268e-06
9960 1 189043.41789238001 9.2387751674244192e-06 1.75739166092999e-06
9961 1 189663.404193739 9.9343316755231993e-06 1.7838209046670799e-06
9962 1 167558.15572818599 2.57127377647487e-06 1.9927632525346302e-06
9963 1 169152.90328516101 2.7427776248481802e-06 1.73769001839096e-06
9964 1 229078.80205196599 1.38063878402857e-05 4.4012436139877601e-07
9965 3 220955.28069396201 0.013712436653264 1.35247320326559e-06
9966 1 187254.90135851101 1.3246465724672399e-05 3.38131715212831e-07
9967 1 168532.00755434899 2.63729512357924e-06 1.9921399745463002e-06
9968 1 156815.44818789599 5.5383084071094897e-06 1.2188702218552e-06
9969 1 194222.96414158199 1.4142224144757399e-05 1.8992449458531901e-06
9970 1 222605.952046725 1.03834698911459e-05 7.0006696343233101e-07
9971 1 202048.20152860199 7.0609239533760204e-06 1.2514156195317e-06
9972 1 157718.21399628601 1.7245768482189699e-06 2.26542010409823e-06
9973 1 204287.55426776901 7.5764817243303704e-06 1.2538194577733601e-06
9974 3 222707.09726239901 0.0123618459741034 1.41432988765831e-06
9975 1 180067.07683051401 4.5321702475652299e-06 1.7555247422617901e-06
9976 3 226282.472378512 0.0123450916525786 1.2501479202916299e-06
9977 1 165238.10271327401 2.3656295368612401e-06 2.0077483599615599e-06
9978 3 215300.28427245599 0.0300436009483201 1.6376728030283899e-06
9979 1 189770.08149608399 1.34091189864913e-05 1.97314146666257e-06
9980 1 212732.107748507 1.38441506255119e-05 1.4569339445052099e-06
9981 3 222085.609463851 0.0127766774358166 1.40768712872648e-06
9982 1 171350.780924741 3.0489168971935698e-06 1.7897282228952599e-06
9983 1 207555.26026825901 8.2790633948973196e-06 1.2309162287247201e-06
9984 1 180731.40075333201 4.7542049194224398e-06 1.7473316781536301e-06
9985 3 222783.91799580399 0.0133202381457024 1.2776612606490201e-06
9986 1 197697.08844603199 7.4032566267112797e-06 1.4098969753253301e-06
9987 3 219813.54699135901 0.0083564135040640908 1.63140229614205e-06
9988 3 163241.88960102401 0.00082100744561938905 2.3355562356292802e-09
9989 3 217914.89567356699 0.0147972781523569 1.52660859367454e-06
9990 1 208190.49395046799 7.4550797841727798e-06 1.1219530172047699e-06
9991 1 214960.383059335 9.4395288418071503e-06 1.14372760971643e-06
9992 3 239094.108354444 0.0014449149411507899 3.3905539294366899e-10
9993 1 187937.92139839401 8.3918507365077904e-06 1.7387393934398001e-06
9994 3 224572.98379777701 0.0130951222721277 1.2241140532108101e-06
9995 3 205731.01151337801 0.0095093123062070205 1.9439304398568599e-06
9996 1 165397.18786044201 2.3855012561124701e-06 2.0648789054723898e-06
9997 1 157257.661152438 1.67160304459009e-06 2.2741922644881299e-06
9998 1 195148.64700301201 4.7519881274304497e-06 1.26102401153956e-06
9999 3 223352.767005634 0.0126165275652598 1.36021828967289e-06
10000 1 179241.055012128 3.8879243380582501e-06 1.55568392562745e-06
10001 3 219368.84183975999 0.013197183241837 1.5237173908411599e-06
10002 1 193585.48932600301 1.37075560206363e-05 1.8863262533313001e-06
10003 1 238585.96544481101 1.66904846291702e-05 3.3360561698075098e-07
10004 1 212201.61320795899 1.1045074843813699e-05 1.3365641817017399e-06
10005 3 218824.603575691 0.0133750192253383 1.53585333621744e-06
10006 3 188196.14018459001 0.017679026252379298 2.3515124310884799e-06
10007 3 191198.881194093 0.0226071090711088 2.1727832445171602e-06
10008 1 216836.449743398 1.06501947834409e-05 1.21943949696256e-06
10009 1 191961.64201465799 1.46495305360968e-05 2.6957765071088898e-07
10010 1 186821.72543406 5.2644294121660002e-06 1.5362109111650301e-06
10011 3 205598.746024144 0.0233511619263423 1.7918298494745899e-06
10012 1 204006.136228847 9.9528482584102606e-06 1.44436748423894e-06
10013 3 221994.421939947 0.0131807258093346 1.38059199394874e-06
10014 3 220282.718997021 0.0134223660619861 1.4435866208906501e-06
10015 3 171412.873425406 0.00086966654024308297 1.2778869784386201e-09
10016 3 210952.052058375 0.0140008991552533 1.7811913773684e-06
10017 1 175194.80822689799 1.05706355239793e-05 4.97536959906358e-07
10018 1 181348.84615661 1.39052688483029e-05 2.8989619534031702e-07
10019 3 207367.87079901001 0.0118510336211549 1.88073699446547e-06
10020 3 221427.06943296001 0.013534076432464799 1.35142389922106e-06
10021 3 209632.03444188501 0.0126487636250738 1.8175663731431499e-06
10022 1 173704.61164095401 3.1925911163603499e-06 1.63581249387644e-06
10023 3 192128.348856481 0.0029861798079502499 2.29670663479818e-06
10024 1 179191.064505027 3.9691935594060202e-06 1.6250400377639699e-06
10025 1 220852.74254894099 1.6266510172639401e-05 2.4103386073203701e-07
10026 1 183966.51338932299 6.0129754465207397e-06 1.73102176383748e-06
10027 3 232996.29914721099 0.013181007233841 7.4088161716699497e-07
10028 1 211424.064097972 1.0932906457820899e-05 1.34185722147714e-06
10029 1 192722.49234185999 1.8111215203243799e-05 1.0928031572450399e-07
10030 1 174847.024042345 3.4077036302609e-06 1.8335700185614401e-06
10031 1 194166.65912997199 6.9189304833205898e-06 7.7959705834842704e-07
10032 1 168344.93177557999 2.6819434007228198e-06 1.9903959604287001e-06
10033 1 178726.578878776 4.2442313103488499e-06 1.76730027788369e-06
10034 3 224739.46512113101 0.012462140278288699 1.3177674427311499e-06
10035 1 219562.33073181499 1.01477271977273e-05 1.0574261127309e-06
10036 1 172456.63982295099 3.1146406290104101e-06 1.86431736154641e-06
10037 3 219154.67448286799 0.014034460605842 1.42873783746116e-06
10038 1 234921.171328086 1.4830602799191e-05 4.1427997871901101e-07
10039 1 165413.569711369 2.3414525772706899e-06 2.07077540835076e-06
10040 1 171610.07922454301 3.0634246336601301e-06 1.9097590415075001e-06
10041 1 240010.246578511 2.2742472575145699e-05 2.4270046413141699e-08
10042 1 176277.469071317 3.6354133152470101e-06 1.8017571909288099e-06
10043 1 160061.146069118 2.0381067878757802e-06 1.9140099919461e-06
10044 1 227355.33209354201 1.0920357927100201e-05 8.3331062718184901e-07
10045 1 190729.29213111001 1.13043932515104e-05 1.82871062797827e-06
10046 1 195252.57228208301 5.4671591430311196e-06 1.2660403627988699e-06
10047 3 219386.63625259101 0.0135072505774041 1.47462905823677e-06
10048 1 211283.758002577 1.49773499728886e-05 1.54423387877063e-06
10049 1 172405.478163608 3.1359575415712201e-06 1.7153918214974e-06
10050 1 168460.82868321601 3.4597976604215601e-06 1.34358162331003e-06
10051 1 172607.726202249 3.16214167060634e-06 1.88977624946248e-06
10052 1 164187.44869980501 2.2635547238414501e-06 2.0994230511955198e-06
10053 1 204776.926747119 9.3596780113631293e-06 1.3933822151351799e-06
10054 3 193033.235944252 0.0070310970524251901 2.2526889587283899e-06
10055 1 162893.83355723601 2.1500150183988998e-06 2.1297618305384501e-06
10056 3 213098.40344979701 0.0281001252985194 1.6510137494672199e-06
10057 1 172214.09312435699 3.1271281263055399e-06 1.8962988640855099e-06
10058 1 206748.674981472 1.03721301095503e-05 1.4085013754532901e-06
10059 1 174159.52976094399 3.3235649695793999e-06 1.8266561948733301e-06
10060 1 187764.65253927701 3.67424019691512e-06 1.2855765125760101e-06
10061 1 211658.31321294099 2.37091596105092e-05 1.64832165817505e-09
10062 1 201555.13174352099 6.3090556425218198e-06 1.18273872375338e-06
10063 1 209395.180444119 1.44838119971569e-05 1.56569714797355e-06
10064 1 237559.556073891 1.3289655649676399e-05 6.5818078124905401e-07
10065 1 165503.384503746 2.1012812596218501e-06 1.69002607826518e-06
10066 3 229825.44224391101 0.011617288502378999 1.1194463350243999e-06
10067 1 229805.23237986999 1.35556328799626e-05 8.6496229505058502e-07
10068 1 212036.10487867601 1.31856524483986e-05 1.44732094596335e-06
10069 1 181784.58218028001 5.1695760975155098e-06 1.7483074087837101e-06
10070 1 208760.727340274 1.41258367895967e-05 1.5665425203216301e-06
10071 1 182810.36461870701 5.0962881094523196e-06 1.6987464812519901e-06
10072 1 156796.12518556099 1.65006796674432e-06 2.2971444544497001e-06
10073 1 171930.145137521 3.1030381072042599e-06 1.7531028130499101e-06
10074 1 173665.03744540099 2.4339625661925902e-06 1.5532580632498e-06
10075 3 221441.89149241999 0.0132709479588705 1.3991223211553201e-06
10076 1 203097.37633448499 6.5023683518612604e-06 1.16316903977588e-06
10077 1 238686.03006842799 2.33118131503113e-05 1.2917251143232001e-08
10078 3 190708.95853130901 0.0086287239344120699 2.3183630980053701e-06
10079 1 185447.71951109299 5.7249592769137303e-06 1.64876082600817e-06
10080 3 202359.096630566 0.022964500760375501 1.8655381617458699e-06
10081 1 195134.04805986999 4.8145681101179097e-06 1.1001382527779499e-06
10082 1 205676.250423677 7.6225918500198396e-06 1.1926151944719601e-06
10083 1 205245.430254103 1.1982360477381201e-05 4.2872172029203301e-07
10084 3 213475.836285122 0.0291390040038015 1.64796538298893e-06
10085 1 218775.83269501699 1.5812383363808401e-05 1.38644515985231e-06
10086 3 219058.939572237 0.0141119647553595 1.4239640879226299e-06
10087 1 161225.51206933701 1.9981785878465498e-06 2.1254488872589202e-06
10088 1 169164.87059513401 2.4024205383110202e-06 1.6858321968053e-06
10089 1 193794.28302360899 1.03443378619469e-05 1.69650450114197e-06
10090 1 177546.247390615 3.9035131111828903e-06 1.78796132239228e-06
10091 1 200026.69734530599 8.3892283724306096e-06 6.6425208641688598e-07
10092 3 217634.61047174101 0.021155198816261801 1.49426396492803e-06
10093 1 195797.43169651399 1.3839978291769101e-05 1.8513074061057399e-06
10094 1 183338.43408428199 1.2174017371243799e-05 3.94259202778394e-07
10095 1 234518.04845045001 1.8385386211309499e-05 9.1135972974432798e-07
10096 3 201576.21046210799 0.0176982012761445 1.97293648155052e-06
10097 1 177966.08046714799 3.9093189594629296e-06 1.7652777257604601e-06
10098 1 174546.179270116 3.4414071485440601e-06 1.84201373193681e-06
10099 1 176305.72712007799 3.1811886013411101e-06 1.5715389784563501e-06
10100 1 164419.02103252101 2.3097242387993498e-06 2.0233200848156002e-06
10101 1 155058.64906992199 1.5425387127779501e-06 2.33549684510059e-06
10102 3 206716.84746838 0.0114259327193106 1.90291749550479e-06
10103 1 206426.27785102901 7.9925641921226597e-06 1.23712155667106e-06
10104 1 212274.324408802 1.0374429460264499e-05 1.29501812026893e-06
10105 1 204766.864181674 1.7914468264032101e-05 1.3790380383639201e-07
10106 3 199715.63259799901 0.024778123470205901 1.90794817023276e-06
10107 1 160110.427443452 1.88798550203167e-06 2.2081010334410999e-06
10108 1 199066.35852875601 1.425875887762e-05 1.79013996300757e-06
10109 1 176058.73325055101 3.6233315056420302e-06 1.8093508955861299e-06
10110 3 224904.70299254099 0.00069300074687554105 1.1037086199858299e-09
10111 1 200924.15312514501 8.4824525048209699e-06 1.4166801826067799e-06
10112 3 217158.53027386701 0.0814388943890023 1.5650107257940901e-06
10113 1 170271.10677245501 2.96304766287428e-06 1.80885109299904e-06
10114 1 175348.757735911 1.9492515305984399e-05 2.3135393570975699e-08
10115 1 215811.27371448299 1.39909737019499e-05 3.4344334087930702e-07
10116 3 221478.036978752 0.0128538792717887 1.4270278084961399e-06
10117 1 164605.232427629 1.9919788421811099e-06 1.76312585372634e-06
10118 1 236548.95317402601 1.8803096353458699e-05 1.9432902284143199e-07
10119 1 183176.09336053999 6.1233059502426496e-06 1.76247477885401e-06
10120 1 173324.37991288101 3.27757732127553e-06 1.6785171735735301e-06
10121 3 218810.76948103801 0.014218108011317201 1.4059180534240801e-06
10122 1 210634.04926579399 1.49015485566109e-05 1.55410264456587e-06
10123 3 193645.73537002999 0.0207766491892519 2.1330059742350699e-06
10124 1 166604.68970683301 2.44538868498553e-06 2.0334935521688302e-06
10125 1 193299.26305890901 9.2447091186020405e-06 1.6538103031548001e-06
10126 3 210103.992025285 0.0284134605229951 1.67351973777626e-06
10127 3 222794.1586005 0.012042708124864399 1.46976916765848e-06
10128 1 173168.97670390099 3.2434594855818399e-06 1.8766758475164501e-06
10129 1 155535.17538587999 1.55600483526152e-06 2.3277134568034301e-06
10130 1 177941.40571818099 3.7739934835081499e-06 1.5744407268698e-06
10131 1 173845.901957111 3.2663414189948898e-06 1.85154361102613e-06
10132 1 170098.65707892299 2.88002862480362e-06 1.9447329320191699e-06
10133 3 228050.42328138699 0.0118513928905542 1.21945929709978e-06
10134 1 168511.865695821 2.6477430729549501e-06 1.99267354465208e-06
10135 3 227096.24913159001 0.0122726049909463 1.22934313949037e-06
10136 1 167963.730126421 2.8678948134690998e-06 1.4740937650433299e-06
10137 3 218014.46992985401 0.014687066227489999 1.5012958319907901e-06
10138 1 160447.37162280499 1.9550743382908499e-06 2.1392115066373599e-06
10139 1 157544.169777342 1.7086432559061401e-06 2.2766909394354601e-06
10140 1 161231.552208793 1.9970239347532599e-06 2.1777242580820102e-06
10141 1 187818.00157498001 5.3824679928719303e-06 1.52592293088789e-06
10142 1 225151.68961881401 1.7857123628988701e-05 1.8182633201875801e-07
10143 1 194253.22753066701 2.0029664622818898e-05 2.2103043134004201e-06
10144 3 235588.15340666499 0.000797474993845947 5.0963692765424605e-10
10145 1 182322.78579425599 4.9530346773364899e-06 1.70147315623047e-06
10146 3 208649.74201939901 0.013203974214643499 1.8388003775818399e-06
10147 3 197351.211495311 0.023566076862259401 1.9910580839004201e-06
10148 1 208286.598417314 7.3442308506517603e-06 1.09806369891474e-06
10149 3 206055.159789989 0.010823406917632099 1.9265921871121002e-06
10150 1 196641.839196847 5.6409922318577599e-06 1.24553952488177e-06
10151 1 207623.73656567399 1.01926178814315e-05 1.3686569756843601e-06
10152 1 170838.382838513 3.0157686284641898e-06 1.7724041389193401e-06
10153 1 212119.14414238601 1.20157971236963e-05 1.3872693415446601e-06
10154 1 170009.798158399 2.8985513473420602e-06 1.8047190818226e-06
10155 3 195775.76649878599 0.0088504153243168897 2.18628937257441e-06
10156 1 195139.86616417399 6.9399164953677e-06 1.4357130655269499e-06
10157 1 241090.10080170399 2.2207804972723101e-05 6.9045802734076595e-08
10158 1 220246.325713817 1.1993730009481099e-05 1.1820091514640399e-06
10159 3 218178.27074217901 0.014932030819968099 1.42956272915305e-06
10160 1 216824.24937818499 8.9837060326405093e-06 1.0396761862229001e-06
10161 3 222653.62925718899 0.012662587905125099 1.3940660901351301e-06
10162 1 171475.44399197801 3.0288629201485299e-06 1.8499987864791899e-06
10163 1 193417.69703400199 5.2413549337023498e-06 1.2888773158943201e-06
10164 1 162711.301190542 2.0944232934901101e-06 2.1357923182058398e-06
10165 1 229607.17391185599 1.10928960809925e-05 8.1308545263406997e-07
10166 3 220626.13687817901 0.0086175101794109706 1.61144351826765e-06
10167 3 205939.93907745901 0.022914099788415802 1.7871779364339799e-06
10168 1 163769.86726184899 2.7164930285025399e-06 1.5553430141408501e-06
10169 3 225495.95445884901 0.012372968730479401 1.30018619080843e-06
10170 1 209896.51540220901 1.7628045408657901e-05 1.59498221859694e-07
10171 1 177635.59175034199 3.6534739124175098e-06 1.56563404694005e-06
10172 1 189415.43491424501 1.96487617803695e-05 2.3328814703277802e-06
10173 1 174435.31036128601 3.2870698387567099e-06 1.30897009254649e-06
10174 1 190890.22045525201 5.4455000768005898e-06 1.3702404531229201e-06
10175 1 185248.703746524 4.9816968681905301e-06 1.5604214355827001e-06
10176 3 222063.76961030101 0.012993371517602201 1.38992103201696e-06
10177 1 204316.43992455199 7.4731868169369602e-06 1.22804144275208e-06
10178 1 198714.996514058 1.8927288398799701e-05 2.0373365237900399e-06
10179 1 199798.51402970299 6.0566911473151498e-06 1.2042404316741801e-06
10180 1 170445.49867563101 2.89888277426824e-06 1.92598459752095e-06
10181 1 167696.91679079001 2.32697903689368e-06 1.7189765921053899e-06
10182 3 221456.162905265 0.0134054866425361 1.37577180466126e-06
10183 1 211358.712568202 1.30651107597942e-05 1.4536997409508801e-06
10184 1 180992.05328768099 1.94364677146831e-05 4.07301423957983e-08
10185 1 185369.156330478 6.0069762422472399e-06 1.6822350900134401e-06
10186 1 212920.167318894 8.0170136330225805e-06 8.3983181309304698e-07
10187 1 177260.37033152499 3.77198550233062e-06 1.77427402080296e-06
10188 1 234618.13506957001 1.4256083538588401e-05 4.6855910322561298e-07
10189 1 167348.67000247899 2.6093534094097499e-06 1.8360960131678899e-06
10190 1 164011.97378562999 2.10318846315129e-06 1.71306197727752e-06
10191 3 231388.86239264801 0.0012811958842217301 3.7166178117534699e-10
10192 3 217395.47542022099 0.029705365420783902 1.5708074605390899e-06
10193 1 184436.59568193401 4.8622261786188699e-06 1.57139619353821e-06
10194 1 181267.38991095801 5.2027469830042699e-06 1.76113114347793e-06
10195 1 215479.33187803999 9.1365365746546798e-06 7.5871460253459803e-07
10196 1 172013.41007466501 3.0094936270185301e-06 1.9081700398231801e-06
10197 1 210498.365134842 8.0434181077910708e-06 7.8197350025619803e-07
10198 1 184810.271331066 5.4754766074168002e-06 1.6485518886785599e-06
10199 1 188124.65106694901 1.46667963582282e-05 2.0969357419545e-06
10200 1 187419.148500446 3.6200260287697599e-06 1.3758496559532799e-06
10201 1 210767.37119481299 7.9457803397894298e-06 8.3275880611136404e-07
10202 1 205684.42370104601 8.2719555050639303e-06 6.9116739554000896e-07
10203 1 170490.97572469999 2.9263683556538499e-06 1.9363322540011099e-06
10204 1 165902.63826463401 5.2625217174456197e-06 1.07870347773847e-06
10205 1 178629.863281192 4.1263321939879199e-06 1.76530148033776e-06
10206 1 169713.393449839 2.6225382632237301e-06 1.66759747199138e-06
10207 1 160484.31013266 1.9344195659802401e-06 2.1965146250753801e-06
10208 3 194891.830993626 0.0059875131315192502 2.2314502408421401e-06
10209 1 157606.50062938599 1.71194619611821e-06 2.2563110809811702e-06
10210 3 223993.50394624399 0.012512816070183799 1.34345466297834e-06
10211 1 182090.19954271801 3.8341295648237704e-06 1.45737435439398e-06
10212 1 208245.15654520699 7.9684052750314897e-06 1.1689979046138901e-06
10213 1 171218.55083293401 3.0203299785127698e-06 1.9181774805627299e-06
10214 1 164447.094523904 2.2601379101969299e-06 2.0952511498877399e-06
10215 1 215096.67250489999 9.3640220182267707e-06 1.1061315782367e-06
10216 3 220587.752949407 0.0113589898311072 1.57436740519202e-06
10217 1 198336.986055254 1.9073179117550099e-05 7.99164418208587e-08
10218 3 218732.24546715399 0.0129319694628424 1.56941309141166e-06
10219 1 191675.447337358 1.42135083878111e-05 1.9610185956111501e-06
10220 1 167949.62052811601 2.5102240412332199e-06 1.69799337696891e-06
10221 1 175442.00100994 3.5795694655336601e-06 1.8215359109207501e-06
10222 3 187000.617503274 0.014190960442458 2.4302285964467099e-06
10223 1 173107.57228185699 3.1768605697743101e-06 1.6683579690030001e-06
10224 3 229113.72774611201 0.011539857159070299 1.2023857666789699e-06
10225 1 205968.946881096 1.6927901412917402e-05 1.8483655523015601e-07
10226 1 176739.76729668499 3.6898775481324e-06 1.79441871713411e-06
10227 3 225698.07018581699 0.011070432434755599 1.3852630865219e-06
10228 3 193038.34096704901 0.021313952203441702 2.1458042565044899e-06
10229 1 182778.48950196599 4.5422298696501598e-06 1.59102723177949e-06
10230 1 185425.54856136601 7.49616460369223e-06 1.77053407303051e-06
10231 1 162169.333320884 2.2136274992916701e-06 1.9542444970888298e-06
10232 1 221681.556511059 2.2211976450213601e-05 1.52266553563664e-06
10233 1 184597.246588782 4.9324084048413197e-06 1.5914510083166199e-06
10234 1 185118.928285061 4.1469251037240397e-06 1.41059532573016e-06
10235 1 170366.651352877 2.9151723398349498e-06 1.9370099741940601e-06
10236 3 217097.69219342101 0.016820336151159299 1.6135715875986499e-06
10237 1 165426.65823811101 2.7309060360281802e-06 1.53760548287606e-06
10238 3 219104.59173863899 0.0125729466431471 1.5651345825593301e-06
10239 1 160748.46360302501 1.9607296760553199e-06 2.1876668785324502e-06
10240 3 228516.61522420999 0.011079631365851999 1.27862813191195e-06
10241 1 229364.509019224 1.6402858088873801e-05 1.07184905279282e-06
10242 1 189887.176085671 7.6680452725864492e-06 7.1270097466921395e-07
10243 1 168683.42867574899 2.7336626157689702e-06 1.82672487380324e-06
10244 1 210414.62086225199 9.9904226490509901e-06 1.3042171777509799e-06
10245 1 215306.090017265 8.8712888169835401e-06 1.0495829318658899e-06
10246 1 161658.98787524601 2.1533609441627101e-06 1.9549181127600801e-06
10247 1 197055.332594359 4.8543415479752402e-06 1.2441801502861901e-06
10248 1 155407.13891606001 8.5167372730333207e-06 7.2223493562197601e-07
10249 1 190279.278522718 6.0043000898367204e-06 1.50946075967994e-06
10250 3 219535.590919804 0.013063128127344999 1.5219560550314901e-06
10251 1 180099.87584661599 3.8986349445360803e-06 1.52020173251672e-06
10252 1 181784.97633457501 4.4488730386467703e-06 1.6424415614061199e-06
10253 3 216796.870994186 0.011316421266551401 1.6773820991760001e-06
10254 3 214362.787351476 0.00687097290165368 1.77046284367136e-06
10255 1 178566.21739313201 4.0584000848029303e-06 1.76591544501635e-06
10256 1 223394.53215541801 1.45233611426766e-05 3.59292618709201e-07
10257 1 167583.983207782 2.6573432751579699e-06 1.84562883155302e-06
10258 1 159345.767081219 5.8579013323160801e-06 1.1012086308192099e-06
10259 1 247455.150257578 2.3032267734177099e-05 2.36115624925153e-08
10260 1 175479.52358726499 3.45984711625102e-06 1.81882455378611e-06
10261 1 195465.88891669601 6.1401629066973402e-06 1.3243509103144999e-06
10262 1 180926.008398406 4.22232585609331e-06 1.5830226502086199e-06
10263 1 199778.08413701999 6.7308385708473598e-06 1.2756003837136201e-06
10264 1 177446.14721574 3.80857468565298e-06 1.7563622909327301e-06
10265 1 193196.637238525 1.42204992152452e-05 1.9266393092504698e-06
10266 1 179537.779592329 4.3430441384283797e-06 1.7568446064826901e-06
10267 1 208082.009268672 8.1481027330112499e-06 7.2963508361784401e-07
10268 1 178193.43258669501 4.0461742182957701e-06 1.77508248092373e-06
10269 1 215361.11262044701 9.30001610216487e-06 7.0576169993797703e-07
10270 1 172841.572289256 3.2317964556358601e-06 1.7205593458076799e-06
10271 3 205274.506223256 0.022695172290025298 1.8028232018551301e-06
10272 3 234494.69214108799 0.0085950575572105396 1.1106311483331299e-06
10273 1 176918.984326554 3.5129456896768402e-06 1.55718082153166e-06
10274 1 184371.31020818499 8.4435921976313092e-06 1.8576549597734201e-06
10275 3 198762.94416658199 0.021782048638322098 1.9773249799613601e-06
10276 3 205261.37343841599 0.025308589249604999 1.76894579810579e-06
10277 1 205752.035445708 8.0660318883654397e-06 7.2880844576791599e-07
10278 1 212842.57989759199 2.11471298226695e-05 1.7414910814592701e-06
10279 1 154229.89551918599 1.4702935731915e-06 2.3631122199807302e-06
10280 3 208977.967662276 0.0125311657519916 1.8323400796738399e-06
10281 1 211398.17212220101 9.7108236975187807e-06 6.0310255672827104e-07
10282 1 187590.91469817801 8.3168609757612695e-06 1.74994659424578e-06
10283 1 172860.94390737999 3.2196554554525e-06 1.80740171862874e-06
10284 1 170542.73635142099 2.3333795957894099e-06 1.6283323941713299e-06
10285 1 162388.38999943901 3.8131221284060199e-06 1.3695563452211401e-06
10286 3 201856.217394165 0.016842548098108499 1.9702202501689299e-06
10287 1 160295.84571137399 2.0679357277373899e-06 2.0050922049039601e-06
10288 3 227557.59819425101 0.0111283941933612 1.29900128456844e-06
10289 3 220982.107346951 0.012967394079461301 1.44317544523548e-06
10290 1 173837.51155297601 3.26291895816742e-06 1.84517599097036e-06
10291 1 165146.10086034599 2.3410682973177398e-06 2.0765546852710899e-06
10292 1 180990.15432804701 4.2885790956693203e-06 1.6419608041690299e-06
10293 3 203229.18351283099 0.0039303874306431501 2.0580444088989101e-06
10294 3 221929.952389852 0.013300972108803899 1.3644549760552299e-06
10295 1 217953.51532909999 9.9663457285711794e-06 1.07618098473821e-06
10296 3 217358.56991110099 0.0127913737473232 1.6273420777400399e-06
10297 3 219825.72176482301 0.013510608724314199 1.4514036940376801e-06
10298 1 210024.49871966499 1.4436136007447301e-05 1.55096678646411e-06
10299 1 158641.901568514 1.9427230220861601e-06 1.92826752742946e-06
10300 1 192247.30411336501 1.47449649393174e-05 1.9796392215925999e-06
10301 1 169320.03527960801 2.7792446822557901e-06 1.7914532880644199e-06
10302 1 167055.00553814101 2.5013436383354498e-06 2.0120856991333502e-06
10303 1 189169.945968043 4.2906245482578501e-06 1.34861593644371e-06
10304 3 201993.69097849101 0.022666788138281099 1.87231421035642e-06
10305 1 179323.12486854699 4.0401947767185596e-06 1.63784375962361e-06
10306 1 209936.78403331499 1.06458394391038e-05 1.35274118033467e-06
10307 3 216726.434827452 0.0127817764146782 1.6481645560045599e-06
10308 1 213151.78716560901 9.2473311529450803e-06 6.9893041543911003e-07
10309 3 227384.162960477 0.0115066761560902 1.2981524828573099e-06
10310 1 158546.62227794901 1.9694604706263101e-06 2.0404799957635e-06
10311 3 229288.28157053899 0.011295042405289399 1.2048706765989499e-06
10312 3 193472.26368419899 0.0088739508767878995 2.2464413565179902e-06
10313 1 185291.12141164599 5.0494953151265803e-06 1.5790683727859899e-06
10314 1 167267.41681855501 2.5269470155949101e-06 1.5445192054634601e-06
10315 1 200717.26288186101 6.7431482592008498e-06 1.2450640633664799e-06
10316 1 227227.43403994699 1.3684624918563099e-05 9.9704704552994809e-07
10317 1 182459.722385676 4.5695633770595996e-06 1.62727654753477e-06
10318 1 186636.47787454099 7.1849643755272703e-06 1.7109096212160401e-06
10319 3 198337.966175718 0.0244236525572273 1.9464229039818601e-06
10320 1 208379.14563038701 8.5840829914798293e-06 1.25304879464231e-06
10321 1 178753.717640363 3.78742811465791e-06 1.53794910323818e-06
10322 1 183849.54549762799 4.81105638144684e-06 1.6016422171663799e-06
10323 1 185696.41441077099 6.6243549411513398e-06 1.7031214514052799e-06
10324 1 157155.515780491 1.6801717571000401e-06 2.28599649981929e-06
10325 1 180284.02585538401 4.6574408251598002e-06 1.7528256566925899e-06
10326 1 203212.42036195699 7.1354758182125797e-06 1.2170136553296699e-06
10327 3 205908.76050962001 0.0254804966663142 1.7557851017803101e-06
10328 1 220676.482990563 1.9055255177602901e-05 1.4472568212358401e-06
10329 1 180368.03205200701 4.6344546990191103e-06 1.7486492299560201e-06
10330 1 199994.14549203601 7.8093008626751707e-06 1.3826579595520399e-06
10331 1 181427.19983070501 4.7402574935230098e-06 1.7202993405649801e-06
10332 1 160540.82410881401 1.94297699987457e-06 2.19506200851402e-06
10333 1 232807.445675845 1.6352344701031999e-05 3.10445629334792e-07
10334 1 160244.05777553501 1.9243698515707801e-06 2.1410923248959599e-06
10335 1 170141.01723833199 2.8912348001654399e-06 1.94364976710209e-06
10336 1 189493.619290428 5.8482264173078996e-06 1.51731294505702e-06
10337 1 169279.65370317499 2.7166533662916502e-06 1.97217611692949e-06
10338 1 161776.668754894 2.0590456891002702e-06 2.1041710099428898e-06
10339 1 219929.224826769 1.28255585858789e-05 4.4757769359243002e-07
10340 1 192947.95721105899 8.2783871075019705e-06 6.6448817693720198e-07
10341 1 233641.557685215 1.2196823180967499e-05 7.4253622950665997e-07
10342 1 192675.41377811701 9.0449369376314208e-06 1.6570538123951499e-06
10343 3 218470.54564872599 0.012898235540939201 1.58523606751205e-06
10344 1 209482.90680897099 9.7943578080636207e-06 1.30670793615516e-06
10345 1 200852.51634388501 6.8709458097594897e-06 1.26300593233817e-06
10346 1 169857.701273074 4.0060527741979504e-06 1.2195195846145e-06
10347 3 223251.49823406601 0.0128132930649918 1.35418928209268e-06
10348 1 190240.66335063399 4.8849637129373498e-06 1.33170970088599e-06
10349 1 181051.80446373601 4.3330409126656604e-06 1.65525934075554e-06
10350 1 182676.95911648701 5.24793963492992e-06 1.71748651298304e-06
10351 1 194344.830716992 5.9848980854203899e-06 1.33732483092642e-06
10352 1 181249.097611907 1.6867885291296901e-05 1.4397665272763799e-07
10353 1 211858.472717736 1.5718694499426698e-05 1.5568927388865699e-06
10354 1 167964.65876542401 2.6472327454037399e-06 1.9985459792026501e-06
10355 1 216142.885751856 9.8455982155698399e-06 1.13593563301552e-06
10356 1 197622.58538633099 6.4337283163142498e-06 1.29978814132215e-06
10357 1 236636.576929156 2.0175653931527701e-05 1.2905925024108601e-07
10358 3 210855.414894227 0.0225492359232254 1.70313338594139e-06
10359 1 210088.156635664 1.1324357455655801e-05 1.3917065835125699e-06
10360 1 169755.00700889999 2.2089820598211499e-06 1.6470661029175901e-06
10361 1 214148.62092118099 1.4740455584268999e-05 1.4642885312465699e-06
10362 1 221641.11684971201 1.2578393610032099e-05 1.1767281873191899e-06
10363 1 170876.31034532201 2.9762862928314302e-06 1.9270960815524999e-06
10364 3 190034.0371398 0.023081071056974101 2.2219478140852402e-06
10365 1 189647.23359513699 4.5539646897845296e-06 1.34880404159974e-06
10366 1 160727.59544454399 2.06763922990434e-06 1.8592671820082599e-06
10367 1 199447.00733932201 1.37069288729632e-05 1.7458401846410701e-06
10368 1 195287.90762660501 1.4039388805234601e-05 1.8721031889460699e-06
10369 3 217988.47206414401 0.0128032815438936 1.6040137308675401e-06
10370 3 220870.58674923601 0.0126313184154419 1.47419213856277e-06
10371 1 157551.83169250601 1.7004141148834101e-06 2.2724999574814298e-06
10372 3 229483.97267453399 0.012472775017234801 1.04824128815108e-06
10373 1 168673.38010966699 2.6976587620786099e-06 1.98236477559193e-06
10374 1 183775.125824499 5.5315057895110396e-06 1.7017644340545399e-06
10375 1 211152.89675061201 8.7634404385119206e-06 1.17453405946993e-06
10376 1 211774.10195710801 1.9127678324073399e-05 1.69779129217948e-06
10377 1 191928.59879910099 6.0978784173546701e-06 1.46828004202901e-06
10378 3 215242.98464283301 0.010465237623186499 1.7233615309403299e-06
10379 1 200856.36957280501 7.9628998596920497e-06 1.3777280845597501e-06
10380 3 196196.95700177 0.0096993559103548694 2.1795933074987599e-06
10381 1 183751.18165189799 4.7427970769055499e-06 1.5858992157921e-06
10382 1 178677.872318871 4.1910252269029702e-06 1.7675794585540199e-06
10383 3 203937.21257602301 0.0224220533159828 1.8350515841326e-06
10384 1 182279.95986812501 5.03574141353543e-06 1.71628799246324e-06
10385 1 171495.30578531799 2.8363805718689101e-06 1.65049060936583e-06
10386 3 217172.47397735401 0.0123950244047723 1.6453955149862801e-06
10387 1 166684.97600844101 2.4629567794615e-06 2.0330921079715001e-06
10388 3 199915.274587814 0.0178490973390391 2.00402734393787e-06
10389 3 208366.81689682 0.0118708480840359 1.85635961163444e-06
10390 1 160365.18119030001 3.7966656718970499e-06 1.39804804443211e-06
10391 3 217685.03714653899 0.017358037158400098 1.5436606239080201e-06
10392 3 191537.02685257199 0.022688972926940099 2.1649089286014798e-06
10393 1 159198.874778503 1.8246073327754599e-06 2.2330063975565301e-06
10394 1 208185.05377645799 1.0763419935952101e-05 1.40006280022003e-06
10395 1 167863.28164203701 2.60993407459851e-06 2.00442251615678e-06
10396 1 173950.80879689899 3.3649033891505e-06 1.8552751904973001e-06
10397 3 228170.36194470699 0.0115843183948806 1.2235553012775801e-06
10398 1 215946.227213951 9.9220866257440595e-06 1.1728423766198401e-06
10399 1 212971.65376446699 1.1434783873759799e-05 1.33942489402148e-06
10400 1 190481.025117135 5.3891413057210902e-06 1.3952170829391401e-06
10401 3 228746.058970593 0.012254735409620901 1.13958379869031e-06
10402 1 171629.35632492101 7.0937263349420501e-06 8.3440312760253596e-07
10403 3 219198.08257162001 0.01302762862188 1.54068002019303e-06
10404 1 211348.472902685 1.01231654640802e-05 1.29706640171421e-06
10405 1 171290.557261201 3.04562753739741e-06 1.7365146775301101e-06
10406 3 218878.863708366 0.012520504867264101 1.5819417418709499e-06
10407 1 174850.390763264 3.4007626829810599e-06 1.8202770217034301e-06
10408 1 178406.809418697 3.9251652643155303e-06 1.6551968356078401e-06
10409 1 217748.05348897999 1.12001117798648e-05 1.2269864614807799e-06
10410 1 170210.348113705 2.8469893284230098e-06 1.70742499458172e-06
10411 1 182538.101496886 5.44578791937363e-06 1.74484791614378e-06
10412 1 189206.92929152699 1.7663944482407401e-05 1.2394940567099301e-07
10413 3 214955.64851016301 0.023651315797075901 1.6471939245666399e-06
10414 1 180976.08350377201 4.5092747462513704e-06 1.7154808165516499e-06
10415 3 210364.86369118601 0.0089361496510575802 1.83078405801307e-06
10416 1 176451.86382938601 3.73854949357518e-06 1.8017814612995001e-06
10417 3 191405.95204554801 0.0063193922955079498 2.3074299385251101e-06
10418 3 199015.88795964399 0.0189666209192338 2.0157592620726501e-06
10419 3 203617.52886991901 0.022904663427435999 1.83977294434405e-06
10420 1 193318.89159640501 7.26233267797382e-06 7.4872851309337301e-07
10421 1 164860.42233099099 2.2727262743975198e-06 2.0892211960357902e-06
10422 1 182649.60112122199 6.09060734998251e-06 1.77561166691908e-06
10423 1 174927.93348344701 3.4022916011850699e-06 1.82783642619349e-06
10424 1 171624.44405736201 3.0425854628139299e-06 1.8611915743491201e-06
10425 3 207716.84451382101 0.011204571586571101 1.87410163609093e-06
10426 1 228099.09216498301 1.66405694382802e-05 1.1073742933617701e-06
10427 1 187495.80225418799 1.0599055345225899e-05 1.88525085518784e-06
10428 3 215412.40952874799 0.012170965380890001 1.7020597931665601e-06
10429 3 225874.272057505 0.0128261318799286 1.21093641008903e-06
10430 3 197984.071896154 0.024298718244213001 1.9557652506037201e-06
10431 3 217475.81946756801 0.0266563676379445 1.5412410220909399e-06
10432 3 199032.204635364 0.021182317118023701 1.97181184769157e-06
10433 1 217019.292018726 1.04111793963158e-05 1.1692988869119499e-06
10434 3 221572.31563712901 0.0050996571933466101 1.6071499885133201e-06
10435 3 218749.492693415 0.013526369351587899 1.5230912805680499e-06
10436 1 161124.96299666 2.5583376705235e-06 1.6428408195307201e-06
10437 1 164598.810602682 2.3517004384873599e-06 1.9961164610490201e-06
10438 1 167512.000286864 3.8389857525138602e-06 1.2632098059837601e-06
10439 3 226487.705926386 0.0129506189988718 1.1449044254952899e-06
10440 1 161357.11207156 2.0247502611527399e-06 2.0958538941971202e-06
10441 1 211633.18854042399 7.9622650970370694e-06 1.0561648808276501e-06
10442 1 213390.99583779101 1.4042928254037199e-05 1.4532608924245301e-06
10443 1 194453.509010307 6.81412655470639e-06 1.44927096538509e-06
10444 1 186798.67088709 1.0111873505528601e-05 1.87952321712577e-06
10445 3 201039.954482106 0.025211218883746601 1.8652823598020801e-06
10446 1 160895.84835187401 1.96714958776355e-06 2.1873642252900801e-06
10447 1 181492.40973071501 1.9769198583795898e-05 1.1272009192524399e-08
10448 1 208656.58620344699 9.6878250891685499e-06 1.3146234734777399e-06
10449 1 200148.05876025901 1.39700501172e-05 1.74544657670226e-06
10450 1 219780.78797254301 2.2664948394344102e-05 1.59890050722277e-06
10451 1 241430.023309246 1.8614426941173399e-05 2.3554164835388401e-07
10452 1 196629.33232329899 8.4991667507321403e-06 6.51484592003657e-07
10453 1 207509.37391259099 1.04185737643277e-05 1.3987123581893301e-06
10454 1 217683.16774009101 1.2130670506792699e-05 1.28820755913672e-06
10455 3 223309.4444865 0.012226421669764599 1.4038919754173501e-06
10456 1 191014.026545125 1.6115983107329699e-05 2.0858576066455898e-06
10457 1 188073.94389647301 5.5849989910454502e-06 1.53696389711818e-06
10458 3 205795.42678955299 0.0048409059544210599 1.9765119532284999e-06
10459 3 223406.79372486501 0.012016354863923001 1.42615675012514e-06
10460 1 199320.85519078301 1.14936429714193e-05 1.6358847041026899e-06
10461 1 167530.532080615 2.5461062019362302e-06 2.00678059292886e-06
10462 1 190669.83980228999 7.0387438633569096e-06 7.6915828319289095e-07
10463 1 196054.565419672 2.1034212091588201e-05 2.2036989333013798e-06
10464 1 174110.60372256499 3.4027944865027301e-06 1.84792278347073e-06
10465 1 171901.79401786 2.38570086348398e-06 1.56765790950239e-06
10466 1 198458.54480682299 7.5043411230407301e-06 1.4004206347162501e-06
10467 1 195777.33480572101 8.6864419521909095e-06 6.3421949146927095e-07
10468 1 182645.075805448 5.8408618737696102e-06 1.7609561210323299e-06
10469 3 230542.028915178 0.0119051885117165 1.0578541846426099e-06
10470 1 175676.62126838099 3.61135295940699e-06 1.81957569367497e-06
10471 1 219768.22327360601 1.7504752492492499e-05 1.41954935417755e-06
10472 1 155471.25463240201 1.55792153578922e-06 2.3292584634313698e-06
10473 3 206588.02496439099 0.0231646071949238 1.7721312809843401e-06
10474 1 191230.574845828 5.5778104179825398e-06 1.38012134090802e-06
10475 1 198624.02801776401 6.5793392207434004e-06 1.2858673851943401e-06
10476 1 205714.352314585 9.5460437732560005e-06 1.39128756789773e-06
10477 3 230422.81420232099 0.012285740798306201 1.0335911355655599e-06
10478 1 181319.17077269801 4.03344138851916e-06 1.49494098884937e-06
10479 1 196522.31612814101 6.2493891649422004e-06 1.3123083951062101e-06
10480 3 197654.058999776 0.0069160093072530996 2.16580449799345e-06
10481 1 164031.55702434 2.2172526291560302e-06 2.0981834041939498e-06
10482 1 218498.369205169 1.0605512778114901e-05 1.1296453275341201e-06
10483 3 199294.561225065 0.0046712828439831903 2.1451287948579898e-06
10484 3 223005.600097577 0.0102153789381866 1.5127945861914301e-06
10485 3 230787.578642657 0.011590726059187401 1.08962597515354e-06
10486 3 218518.057531497 0.013448059295189999 1.5485025277313399e-06
10487 1 227585.155268531 1.13293706803586e-05 6.5625393829518395e-07
10488 1 171329.38156418601 2.87467625302628e-06 1.67518089741463e-06
10489 3 219375.74211718899 0.0140417180306048 1.4097411082734299e-06
10490 1 163966.24498094799 2.1916285182625402e-06 2.1135376408386502e-06
10491 1 163938.500552376 2.19326056722833e-06 2.1104040376482702e-06
10492 1 186714.667724603 5.2951208422351299e-06 1.5587917297477799e-06
10493 1 195058.71388678701 1.80205290464306e-05 2.0841253789796398e-06
10494 1 193300.525007535 1.99891032123858e-05 2.22820024115408e-06
10495 3 222521.80395354799 0.0130760768638148 1.3702136035973199e-06
10496 3 229516.48151394099 0.012313825219083399 1.06469285558747e-06
10497 1 164545.71078295499 2.25257609745695e-06 2.0949813907919198e-06
10498 1 173264.00543297801 3.1847121201022001e-06 1.85910630404629e-06
10499 1 162571.59423245501 2.1012308012222501e-06 1.72436742132795e-06
10500 1 179610.92873046201 4.3581243688183398e-06 1.75185511986256e-06
10501 1 231724.91081461799 1.6915208340002602e-05 9.6116149512266094e-07
10502 1 226927.52691101999 2.1882116358570401e-05 3.4942199131363498e-08
10503 1 167171.13562498699 2.49683360305588e-06 2.0244611866857899e-06
10504 1 170893.127538295 2.9655056413518501e-06 1.8776818063382301e-06
10505 1 186346.53069062001 9.5318234651691006e-06 1.8545645667581099e-06
10506 3 228860.63837634699 0.011885193714471399 1.1512721650615501e-06
10507 3 219764.635127841 0.013431946152032701 1.4624761547119899e-06
10508 1 215346.87648107501 1.26874555824219e-05 1.3516330930328299e-06
10509 3 206546.416456932 0.025675098746345201 1.74358737356499e-06
10510 1 162878.781962874 2.1243150187761602e-06 2.0739001978910299e-06
10511 3 202682.60743383499 0.024735864450970299 1.83091163622488e-06
10512 3 213329.685270594 0.00051877780758120904 1.8058405962352101e-06
10513 1 189479.1425134 5.2843744815224701e-06 1.4072039299682e-06
10514 1 218663.20084839099 1.27471231298897e-05 1.2938132374480599e-06
10515 1 163560.109153642 2.1993808194243602e-06 2.11507125399557e-06
10516 3 211388.18675754999 0.029452493724662701 1.65920387627095e-06
10517 3 192910.14548855001 0.000121809233989964 2.2835276756147701e-06
10518 1 176152.47414272101 3.5724053620470299e-06 1.80651500967434e-06
10519 3 206890.00882173399 0.023880405620150098 1.7618901939414e-06
10520 1 199289.83375318101 7.6995895834608206e-06 1.39482081557308e-06
10521 1 192204.56868783201 6.4061764059606798e-06 1.47725525390309e-06
10522 3 207063.178512062 0.010741120961420001 1.8954642428508501e-06
10523 1 185440.906709098 3.5238291936591601e-06 1.4004985977374401e-06
10524 1 187829.75149746501 6.8833369132236703e-06 1.6558743638469101e-06
10525 3 222159.53354614199 0.0117687327713684 1.50463988691047e-06
10526 1 183425.710390238 7.7645215301094992e-06 1.84991155918088e-06
10527 1 170765.15526139399 2.9481197467502701e-06 1.9302577303402698e-06
10528 3 225810.34630723699 0.0129725017974897 1.1771187116255501e-06
10529 1 198047.24373198001 1.4625752129379501e-05 1.83423558964453e-06
10530 1 187214.022586259 6.4828821452199602e-06 1.64877080985853e-06
10531 1 214194.89442247499 1.1764688480217499e-05 5.0499684858564296e-07
10532 1 161725.79928758301 6.9892659917188202e-06 9.2703433909379696e-07
10533 3 213215.64931231999 0.0315203219184612 1.6426027150595599e-06
10534 1 218198.53813727299 1.09062361597591e-05 6.0394143606549705e-07
10535 3 205014.86284000499 0.0044790661127598703 2.0050353926723302e-06
10536 1 172346.78562786599 3.17829771172528e-06 1.3599332365796299e-06
10537 3 195674.86775648501 0.0040727076704367999 2.2202313897087902e-06
10538 1 174126.24661148101 3.3179428042747799e-06 1.6335365461357501e-06
10539 1 185661.42009645299 7.5609293610914203e-06 1.7610818594235799e-06
10540 1 161449.92964439199 2.1325950758553802e-06 1.98478309165125e-06
10541 3 220662.49208153001 0.0028397172079266202 1.62561360246542e-06
10542 3 197678.044947544 0.024325787677390701 1.96432556155405e-06
10543 3 217566.07999795399 0.012321974728012899 1.6385326883052599e-06
10544 1 187781.666356626 1.07643063203095e-05 1.8810480432168e-06
10545 1 205993.54373090999 1.02000753858741e-05 1.41112642996179e-06
10546 3 221304.87860194099 0.01276708056232 1.46398674744857e-06
10547 1 175289.35898553999 3.5633844461642699e-06 1.8258015185187801e-06
10548 3 216095.75395320801 0.012624439563670001 1.6721175430974099e-06
10549 1 183581.19399274301 3.3617447673987999e-06 1.42602465550722e-06
10550 3 206875.67418783801 0.025383742185019799 1.73992026445458e-06
10551 1 231325.30443058599 1.30361285335086e-05 5.2254192590072998e-07
10552 1 208351.95210693599 8.9131025145709297e-06 1.2783603618119499e-06
10553 3 212902.59045473899 0.030902652946255899 1.64483718592898e-06
10554 1 179738.00910510501 4.4423401140801499e-06 1.75417614081955e-06
10555 3 218421.57379667499 0.013587542836223199 1.5349192452497201e-06
10556 1 163093.76574772401 2.1553494969688701e-06 2.12959516309219e-06
10557 1 187048.46514341701 1.00341421482931e-05 1.8616105785119801e-06
10558 1 182383.72029176599 4.5122520730755597e-06 1.6133878534835399e-06
10559 1 216468.81840918399 9.5681803505411594e-06 1.0912824614979999e-06
10560 3 222613.98347999199 0.0129252292608987 1.3659077202675999e-06
10561 3 222885.90127355501 0.011739453765388401 1.4686025137860899e-06
10562 1 159790.50277345601 1.88040811651586e-06 2.2081774009672799e-06
10563 1 164829.59092233001 2.2861023870268898e-06 2.0878286629702201e-06
10564 1 185548.958547577 1.8038424011314899e-05 1.05046228973826e-07
10565 1 189404.64317241 5.6574520796216196e-06 1.4997630570883999e-06
10566 3 224004.14130335601 0.012184104337258 1.3713448337184099e-06
10567 1 185452.74626946601 6.6790157339037199e-06 1.72081331610361e-06
10568 1 192431.80375744399 1.9996714156074599e-05 2.2482524255357101e-06
10569 1 157384.26454341499 1.69306336861758e-06 2.2795312695966599e-06
10570 3 200789.15067238201 0.022581513401779701 1.9035665724884e-06
10571 3 217013.79854239101 0.140549349069615 1.52918655952891e-06
10572 1 204679.74638451601 9.9917647002984004e-06 1.43332986611559e-06
10573 3 200673.46540109601 0.020997291412853801 1.93730317976143e-06
10574 3 202378.883633344 0.024413847533349901 1.8406883178979899e-06
10575 1 215773.183437381 1.1393183819714999e-05 5.4085280807014301e-07
10576 1 166457.24361000099 2.4448505666791401e-06 2.02698604316943e-06
10577 3 212630.79825699801 0.0307834633714918 1.64741728698015e-06
10578 3 191585.03287205799 0.023470466159532102 2.1439694694961401e-06
10579 1 180176.13825437499 4.1604790082282096e-06 1.61766727072154e-06
10580 3 195128.23481641099 0.023964946893751199 2.0391232987328501e-06
10581 1 157297.116692471 1.66999694618095e-06 2.2672592277034502e-06
10582 1 178082.884478708 4.0481224857439096e-06 1.7781969227044299e-06
10583 3 214069.49662183001 0.022586170892386799 1.6587632855448999e-06
10584 3 214941.07872191101 0.028608141165792099 1.6393631999877401e-06
10585 1 191671.75603535399 2.0361024116191198e-05 2.2861709547149501e-06
10586 1 186372.94422018999 4.4174840115884297e-06 1.4017985650878901e-06
10587 3 206412.02201595801 0.010172989705112601 1.9194000369370699e-06
10588 1 201764.12808453501 8.6599390873467506e-06 1.4123426301451701e-06
10589 3 207221.130781924 0.023452888399627499 1.7577717333442901e-06
10590 1 154954.310682215 1.54306413887582e-06 2.3401562440283601e-06
10591 1 226810.14991602101 1.36927817805571e-05 1.0447140889612699e-06
10592 1 188992.63197465899 4.7068796327806802e-06 1.35924417839631e-06
10593 1 183034.24518214501 6.0631983242860601e-06 1.76708904780271e-06
10594 1 213870.87623779901 8.7919361550749205e-06 1.0857195508053001e-06
10595 1 154466.76167981399 1.5153516517674599e-06 2.3505004506421301e-06
10596 1 168149.40204152901 2.17503852939412e-06 1.6593061412796899e-06
10597 1 163604.38054099801 2.1709334698510602e-06 2.1124769126278998e-06
10598 1 188800.167148034 5.1482468437146704e-06 1.42810755725886e-06
10599 3 207179.04188613399 0.025901672212002399 1.73239521206749e-06
10600 1 174816.48663983101 3.40117034345953e-06 1.8391109570259299e-06
10601 1 168813.085150275 2.6847118074012298e-06 1.97974012296814e-06
10602 3 206239.41896696601 0.025200757018262299 1.7516133802752401e-06
10603 3 206251.27902440599 0.023591369960743 1.77647744433165e-06
10604 3 161854.52109543301 0.00020980615535966799 1.08402464056012e-08
10605 3 192829.90155305399 0.022772408687680001 2.1268212742854899e-06
10606 3 213879.50353345799 0.0033774831392848698 1.7911791956328699e-06
10607 3 207519.56444689899 0.0242828116262656 1.74798824651446e-06
10608 1 188931.366904002 1.9985590836225701e-05 1.19448935531773e-08
10609 3 212119.908565497 0.023077366877634301 1.6817450516512999e-06
10610 3 190964.09334644201 0.0032518157403776601 2.3151577494304899e-06
10611 1 223328.462458325 2.24029495289631e-05 1.9546877823396701e-08
10612 1 158712.70533883301 1.7789641651616901e-06 2.2481029594695599e-06
10613 3 216658.14089283999 0.280782859852446 1.64843093776052e-06
10614 3 214428.82903893801 0.033860403670543701 1.6357058350459e-06
10615 1 209458.15055737901 1.12114804592121e-05 1.39734398801629e-06
10616 3 221428.750027459 0.0098017499998148995 1.57547313410536e-06
10617 3 207505.01896066699 0.025605616330057202 1.72920983380561e-06
10618 1 175884.322773541 3.5442481253097598e-06 1.79641400224529e-06
10619 1 166316.55309426901 3.3598528924911999e-06 1.3795633496503699e-06
10620 1 174949.884099374 3.5075170687790898e-06 1.83375420764112e-06
10621 3 208136.48285837399 0.0247527284887686 1.73528602232886e-06
10622 1 155285.09976178801 1.53939683406093e-06 2.3063051699338901e-06
10623 1 186282.58621215101 1.42053863242807e-05 2.1249171551687601e-06
10624 1 157487.69289943299 1.7070820954275999e-06 2.2758738585008302e-06
10625 3 195199.00254392801 0.000283542207944881 2.2262717122129501e-06
10626 1 209424.68885181099 1.22144344385563e-05 1.4571024383448201e-06
10627 1 209366.90500862899 9.1247395873724503e-06 1.27361084242196e-06
10628 3 207757.849737457 0.0062437123844292699 1.9097496308360901e-06
10629 3 214883.867939294 0.0080349785369415103 1.7561426019451601e-06
10630 1 203319.089618267 8.9348387725930595e-06 1.39855928811181e-06
10631 1 218833.01423521899 1.1453547769708101e-05 1.22325224525924e-06
10632 3 208122.822340924 0.025798608436622399 1.7196067582633601e-06
10633 1 178374.72519906799 4.1570073406140101e-06 1.7717660167157201e-06
10634 1 187633.82695177 4.9997495768204997e-06 1.44519279053804e-06
10635 1 165717.34880056599 2.39332193510418e-06 2.0612477965307699e-06
10636 1 211339.848755941 7.9658002376498902e-06 1.08639987541052e-06
10637 1 158344.36205591899 1.7579041281846899e-06 2.2555349871323999e-06
10638 3 240520.30875453501 0.00111035143415465 4.36180288092829e-10
10639 1 170804.83982128301 2.9660834201474598e-06 1.927988786543e-06
10640 3 222203.612211895 0.0098231781931859795 1.5562570550474601e-06
10641 3 207854.448677876 0.023851505614230099 1.7446635186892801e-06
10642 3 231291.63811765701 0.0130891266610849 8.5548632681689399e-07
10643 3 202045.299960334 0.0245657341291458 1.84872952310882e-06
10644 1 182358.187632496 5.7695636238934703e-06 1.7678089853737299e-06
10645 1 190984.54959013301 5.9692454053380896e-06 1.4775584112030999e-06
10646 3 217729.686147303 0.0127087771071898 1.62021636391985e-06
10647 3 194186.51075076699 0.0078145417520409897 2.23818030423922e-06
10648 1 181700.85124852101 4.3899193174476203e-06 1.6274379510812099e-06
10649 1 189248.59131456801 3.7601715011155898e-06 1.2805876862678899e-06
10650 3 219952.99340656801 0.013923772258302099 1.3926304633976799e-06
10651 1 174591.68685751499 3.4645643783057802e-06 1.83989958421687e-06
10652 3 205429.56659636501 0.00279569473018217 1.9967092335041801e-06
10653 1 188793.73991432501 1.5158879410813599e-05 2.1042718881081301e-06
10654 3 207803.59270725399 0.026145834002771502 1.7219842416703699e-06
10655 1 169698.40329123399 2.8506865330843601e-06 1.9510291968950399e-06
10656 1 160057.84737458199 1.9127425535112602e-06 2.2035994833691902e-06
10657 1 160226.581960779 1.9156454871346599e-06 2.2040859966404401e-06
10658 1 214603.361441591 1.42512185213696e-05 3.2244667547283098e-07
10659 1 177080.09428341701 3.8293584881296099e-06 1.7964700303536699e-06
10660 1 190628.82204228101 2.02959350075772e-05 8.6290523975989305e-09
10661 1 190923.372468858 6.1204246171492799e-06 1.49899949724947e-06
10662 1 187444.383016265 5.4510848255498503e-06 1.5496374801955699e-06
10663 1 199103.755176012 1.8421765153135501e-05 2.0017903938865202e-06
10664 1 169832.034527187 2.8528097321039099e-06 1.9520018751124202e-06
10665 1 193576.70307883399 6.6575555809217004e-06 1.4565173280321101e-06
10666 1 175352.19012652201 3.5311069968810899e-06 1.8267853179510399e-06
10667 3 217099.74231281399 0.0127033531467622 1.64117876680802e-06
10668 1 202536.718637071 8.73253818189316e-06 1.40194849665018e-06
10669 1 187507.726133763 4.5674290371026103e-06 1.3767370517595401e-06
10670 1 210715.94899015501 1.2649419570907699e-05 1.45052753014375e-06
10671 3 218447.22344786199 0.0144292145549661 1.4161001595950899e-06
10672 1 167606.447689586 2.6023552184900901e-06 2.0095516327879402e-06
10673 3 196939.16627171199 0.0086678608460604798 2.1708912046924999e-06
10674 1 179531.149280126 4.2899111733197304e-06 1.7486780522836299e-06
10675 3 208474.40118731701 0.024375216180449501 1.73228957008879e-06
10676 1 175923.95129529599 3.5353039360630901e-06 1.8061209686383001e-06
10677 1 168055.973272495 2.5907189837933399e-06 1.995229170176e-06
10678 3 208416.060265365 0.0262913250056695 1.7130102399122599e-06
10679 1 174271.19983479899 3.4161622910646101e-06 1.84739008220832e-06
10680 3 221407.50826398001 0.011210792938891901 1.55378609016131e-06
10681 1 156813.89212028001 1.8222570580370799e-06 2.0895279973365299e-06
10682 1 194640.687031084 1.36107976930824e-05 1.8583093505050501e-06
10683 3 197615.31390457999 0.0234256264862511 1.9827225398271698e-06
10684 3 216988.575821529 0.14477074766126 1.58893385820847e-06
10685 1 176870.16646627299 3.6614515815273301e-06 1.78745598402451e-06
10686 1 212838.16377884301 1.21382776639024e-05 1.38283008450021e-06
10687 1 205353.04182957701 1.01932680693633e-05 1.4288982744690101e-06
10688 1 191961.147594776 4.4643831653256298e-06 1.3059360820616899e-06
10689 3 222881.448124652 0.013133489775782201 1.33073460094091e-06
10690 1 218178.653973284 1.6039365813942699e-05 2.4855332118785101e-07
10691 3 194472.60380772399 0.0046501434874069002 2.23734714358108e-06
10692 3 196491.285363537 0.0026425050189919702 2.2060977893291302e-06
10693 3 221867.654408467 0.013520508926653499 1.3170163724010099e-06
10694 1 155586.43702755799 1.5763696719890499e-06 2.3235613541160298e-06
10695 1 172125.91062459201 3.09878000734996e-06 1.90027446359032e-06
10696 1 199288.40285964101 1.02739121120236e-05 5.2550053424766303e-07
10697 1 197832.70836463699 5.5679695020581501e-06 1.21766370542629e-06
10698 3 221858.72066050899 0.0134512985013362 1.33614946461143e-06
10699 1 154714.88667448901 1.51926105480996e-06 2.3146666123837699e-06
10700 3 208687.035091856 0.025791734830528799 1.7098748672390701e-06
10701 3 217866.86353370399 0.0125262639603429 1.6160401190317699e-06
10702 1 184293.596724901 5.3222024658925097e-06 1.6532143581515599e-06
10703 1 170434.00194868 2.8695372908586002e-06 1.76835757230442e-06
10704 3 222990.46118535 0.013026175322645999 1.3409461562489001e-06
10705 3 193120.949553927 0.022539066336505501 2.11829322863771e-06
10706 1 172305.297854295 3.0882225610503001e-06 1.8626300893558099e-06
10707 1 178384.384694565 3.6184975098407699e-06 1.53863708040432e-06
10708 3 217153.57890991401 0.073017659876493696 1.5716965754620699e-06
10709 1 228574.72601595701 1.0838917391219901e-05 7.4344340843448403e-07
10710 3 230326.412784299 0.0112745304462121 1.1711164320851501e-06
10711 1 194803.439909565 5.1777283813568397e-06 1.2596207459328299e-06
10712 1 210136.12160925099 9.2742503906267994e-06 1.2606347838861601e-06
10713 3 198451.73479959799 0.0055480451689371903 2.1565392439043298e-06
10714 1 168424.66378263899 2.6855067225380298e-06 1.98733788752035e-06
10715 1 189670.267517475 1.8310146492525802e-05 2.2445987277265601e-06
10716 1 188999.900039845 1.34551257746833e-05 1.9971596389828302e-06
10717 1 223333.66416481 2.4887475484002598e-05 2.8929360801093699e-09
10718 1 187066.48994723099 7.9873952735170493e-06 1.7412612596406101e-06
10719 1 228096.558095441 1.08970580739214e-05 7.83629454202297e-07
10720 3 216498.92619398501 0.0125657997317893 1.66461005318779e-06
10721 1 161526.941164077 5.9792520165641698e-06 1.05883935124668e-06
10722 3 215269.64313796 0.0219225643271003 1.64492860623985e-06
10723 1 179100.54751506299 4.2677527630885504e-06 1.76008911847262e-06
10724 1 154915.65130372799 1.5343276333935e-06 2.3427620971703899e-06
10725 1 184296.517831737 4.8112681341619203e-06 1.5545057147717401e-06
10726 1 174292.441149647 3.34205544181631e-06 1.83005579748415e-06
10727 1 193710.917267885 2.0486689792601798e-05 2.2447685894438999e-06
10728 3 219721.06245545999 0.0139032235168831 1.398515806404e-06
10729 1 217692.83518240001 1.6742646483716302e-05 2.1275913100704499e-07
10730 1 158806.89819168 1.80450675289965e-06 2.2400720263222299e-06
10731 3 218333.51387974 0.0119946402105271 1.6288648919572e-06
10732 1 186135.54841871001 7.9277036409030193e-06 1.7736854517934301e-06
10733 3 216921.63764503601 0.17457991072338799 1.5913973325454e-06
10734 3 217249.55226762799 0.065041531851684597 1.52406967753114e-06
10735 3 200945.28008521601 0.020137445575905799 1.9359635983159501e-06
10736 1 168684.624380928 2.6558931217653902e-06 1.9838183447513699e-06
10737 1 169904.919789165 2.7581419199516301e-06 1.70528266208638e-06
10738 1 188604.425849194 1.19545324684619e-05 1.9263790492143701e-06
10739 1 155575.82740758499 1.55510817736503e-06 2.32536675206897e-06
10740 1 155524.02887300501 1.57673349011375e-06 2.2951650035397699e-06
10741 1 212716.994050732 8.3699810246144395e-06 1.0682343153432199e-06
10742 1 162130.043603347 2.07792876294328e-06 2.0885449775273102e-06
10743 3 218459.09228656499 0.0122931342345506 1.59971898149655e-06
10744 1 201627.286139637 8.0606291630816705e-06 1.36755645922448e-06
10745 1 183837.50264142 5.4244884076407604e-06 1.6803977086221499e-06
10746 1 165783.25664582101 2.4212460860745299e-06 2.05532468135121e-06
10747 3 222196.52438549601 0.011266793231500699 1.5166794311287499e-06
10748 1 193359.02027877601 6.3239665084395601e-06 1.4440676891096099e-06
10749 1 179671.98811883701 4.4179944809947599e-06 1.75794474928183e-06
10750 3 215815.53161550401 0.0121558336810064 1.6931762679530299e-06
10751 1 172290.18717359999 3.1349392583872098e-06 1.8404091895145401e-06
10752 1 231044.821076113 1.2026170200572099e-05 6.7176720008295099e-07
10753 3 193783.787943156 0.0062089672189798804 2.2442405291225e-06
10754 1 168424.23428416401 2.6675163447047402e-06 1.9899533072347202e-06
10755 1 210633.210692725 9.3865782577137695e-06 6.4927455957452202e-07
10756 1 169456.85084295101 2.8234066043381298e-06 1.8012008404160301e-06
10757 1 184966.20735123701 4.2580200800054097e-06 1.42344714910235e-06
10758 1 174451.33173375099 3.3341171817697699e-06 1.83999038926055e-06
10759 1 172395.86228806799 3.0693615082307499e-06 1.89645340457317e-06
10760 1 212858.428337747 9.4214003911000206e-06 6.5382377975805802e-07
10761 1 163681.67130546199 5.2180497021371998e-06 1.1007845051101599e-06
10762 1 163134.75030126999 2.1305236344609898e-06 2.12442057433005e-06
10763 1 176360.19791411201 3.6133786417086001e-06 1.78513790318949e-06
10764 1 206481.18223444099 7.9176019466442993e-06 1.21013285174418e-06
10765 3 196517.13050165999 0.0076422912243623697 2.1767471554688301e-06
10766 1 210063.491304945 1.2579236524642001e-05 1.4589058924785e-06
10767 3 219066.48327758501 0.012854730506700199 1.5598036163832399e-06
10768 3 197228.29628536399 0.0060439510268183597 2.1713606838209501e-06
10769 3 202981.140535718 0.0245038327859309 1.82447357027424e-06
10770 3 202969.25472106601 0.022906295060099401 1.85379164125882e-06
10771 1 195955.442299869 1.71542258916095e-05 2.02066170432218e-06
10772 3 223382.564670172 0.0130811113691447 1.3079757633341099e-06
10773 1 183017.47691540199 4.6440259904137701e-06 1.59581003066958e-06
10774 1 230203.58916469701 1.1022964843665399e-05 7.9078311463448396e-07
10775 1 175833.57883628999 3.6203566427591801e-06 1.81607098245229e-06
10776 1 230749.59283877499 2.16237213298525e-05 4.8093544303357399e-08
10777 1 196509.125445532 5.4050345186218204e-06 1.2378082981258501e-06
10778 1 179227.295196691 4.2055860838935101e-06 1.75481641874262e-06
10779 1 226298.44523168899 1.0772190851295701e-05 7.3771920641214299e-07
10780 3 215730.08057388899 0.010688150563191201 1.71587600198314e-06
10781 3 198801.380661856 0.0033537842912643701 2.1517660455841599e-06
10782 1 169516.37050827601 2.8046438162796699e-06 1.96233711491422e-06
10783 3 217597.07808572499 0.0236915464935624 1.4946901958527e-06
10784 1 190119.89956008 1.9014272804566099e-05 2.27376171422037e-06
10785 1 202533.197650966 8.2364581711195102e-06 1.3617369973508299e-06
10786 1 188219.836749212 1.1459935073125001e-05 1.9119047105748298e-06
10787 1 192371.87827312201 5.7189030463553403e-06 1.36433983871229e-06
10788 3 216019.50124152901 0.0116717066084202 1.6941625581970101e-06
10789 3 200132.074613401 0.0024614256417510999 2.1327176272810701e-06
10790 1 178988.19975593899 4.1877936786118501e-06 1.7615075483395601e-06
10791 1 191645.74000038 6.2871871881731804e-06 1.49092996471904e-06
10792 1 159902.99899766699 1.8851688499671699e-06 2.2139708683348602e-06
10793 3 199641.15507994901 0.0188386804981884 2.0049987897547602e-06
10794 1 186831.78553013501 8.3225192129985902e-06 1.7757105717615799e-06
10795 1 181420.13564761699 4.6535960656245998e-06 1.7101899076172201e-06
10796 1 193422.460016592 1.12044443696165e-05 1.76125408942166e-06
10797 1 214170.029904625 8.5499669157383695e-06 1.0542986631115601e-06
10798 1 212474.06377037 8.4120167873341199e-06 1.10151390356148e-06
10799 1 218585.53444387799 2.4812732973308299e-05 1.27611847097957e-09
10800 3 197979.90975592 0.0042876766817528797 2.1623723396098899e-06
10801 1 231794.44164729101 1.47502953406835e-05 4.08323100374814e-07
10802 3 228853.07614182201 0.0105946204273127 1.27522289065427e-06
10803 1 176502.78811234501 3.3260037552694299e-06 1.5723251328358901e-06
10804 3 222411.31819337801 0.0132285861665876 1.3403596187414001e-06
10805 3 217717.41323220401 0.017019836767514101 1.5153966418691201e-06
10806 1 186167.033690899 6.8744645148514797e-06 1.7084944595174299e-06
10807 1 222798.453798951 2.4233864201561498e-05 1.5662934312699599e-06
10808 1 170541.41393212901 2.9021220923070302e-06 1.78200267296667e-06
10809 3 219337.933398939 0.0128709219354156 1.54186589285453e-06
10810 1 180093.47491421 4.0918005429691802e-06 1.60618401552008e-06
10811 1 165314.874858986 2.3651071319894498e-06 2.06892533466317e-06
10812 3 219054.76655722401 0.0141340167955816 1.3972904814393101e-06
10813 1 188358.26724795101 1.44274521188283e-05 2.07098121997023e-06
10814 3 219632.93417713701 0.0139765993031854 1.3843490443968299e-06
10815 1 176919.353222003 3.7039924267727501e-06 1.7723382306616599e-06
10816 1 164323.87263935301 3.3025446602457898e-06 1.4189237266794701e-06
10817 1 182008.72563048301 5.49193737585615e-06 1.76067175400276e-06
10818 1 181865.30188613699 4.79900244026341e-06 1.7040750442866099e-06
10819 3 219192.71766784901 0.012725953205606599 1.56082849574577e-06
10820 1 164099.484936122 2.2504408182497499e-06 2.0311413124890801e-06
10821 1 179265.29980160101 4.2661515655014404e-06 1.7562678139195801e-06
10822 3 199629.17884157199 7.3414274825835306e-05 2.1386653392366399e-06
10823 1 164314.07689662901 2.21653649701605e-06 2.1062908998294301e-06
10824 3 222305.20684605199 0.0076540501948847402 1.5659846623793299e-06
10825 1 184263.07322468201 1.60688236451343e-05 1.8212830222046199e-07
10826 1 205384.822163965 7.6108084036408297e-06 1.2183768574185701e-06
10827 1 207454.19258941399 8.0749837395474596e-06 1.20153705585036e-06
10828 3 217749.01479410101 0.017584184938187902 1.49871868223119e-06
10829 1 158750.325845638 1.78520743655367e-06 2.2441208917976398e-06
10830 3 219299.68445266399 0.014071339099717001 1.39539064755888e-06
10831 1 172214.741819335 3.1129503719777299e-06 1.8321376272368499e-06
10832 1 167958.552528331 2.5702477830027001e-06 2.0055330974270098e-06
10833 3 222318.318937907 0.013361588022006 1.3239520336844999e-06
10834 3 203581.474735617 0.0057162910514244498 2.0377165021503199e-06
10835 3 220057.214715557 0.013348367962801 1.4476114611912701e-06
10836 1 165034.32113197399 2.3170440275933298e-06 2.0776979848959499e-06
10837 1 164361.14023576301 2.2223552112703102e-06 2.10190257701311e-06
10838 1 232624.56752615701 2.3004218439317699e-05 1.48413428023291e-08
10839 1 182942.26390785101 5.2077177878627001e-06 1.6849597884832799e-06
10840 1 178880.60809533199 4.1281576890291302e-06 1.7600441607470401e-06
10841 3 204595.65179196201 0.0037146489536685101 2.0150967585802098e-06
10842 3 225939.53118087299 0.00051445758907816999 7.6020495421091702e-10
10843 1 163381.85557230501 2.1868430238896801e-06 2.12024486660871e-06
10844 1 205525.43301258999 2.02756485187635e-05 1.9115790196133999e-06
10845 3 207085.742384474 0.0064119834289552398 1.9287739003371901e-06
10846 3 218352.31453775201 0.012724243913553901 1.59629473486818e-06
10847 3 218600.30737572801 0.012772959612209801 1.5819888548248001e-06
10848 1 160229.077560148 1.89649245512198e-06 2.2029305448210701e-06
10849 1 213738.55231823499 1.15927200545778e-05 1.33645847371304e-06
10850 1 178317.66429762199 4.1351275876564902e-06 1.7708180345754501e-06
10851 1 198452.83027238699 1.4225409221428599e-05 1.80331195226806e-06
10852 1 216475.92319225601 9.3886753254646905e-06 1.05254168345837e-06
10853 1 218130.83130359001 1.05559104168704e-05 1.1572417439386999e-06
10854 1 186381.59651144801 8.0210524079243408e-06 1.76640045809771e-06
10855 3 204269.898088457 0.0058445034669101304 2.0216971419409398e-06
10856 3 218942.36249874701 0.012692870229344099 1.57495799281976e-06
10857 3 206190.983912467 0.0042351208425684102 1.9688140000525602e-06
10858 1 158900.90272804 1.8018701325505099e-06 2.2395062443727802e-06
10859 1 213466.96287224899 1.2621329298411699e-05 1.3899069615485201e-06
10860 3 219547.71580712599 0.0126491589992481 1.5533107600497099e-06
10861 3 207418.833923239 0.0051734249931479704 1.9215556070320699e-06
10862 3 219043.42154788401 0.0141394088141927 1.4061012070471601e-06
10863 1 180137.641544385 4.5281400105476898e-06 1.7520851130921801e-06
10864 1 167521.622609691 2.5338664377772799e-06 2.0146194587853501e-06
10865 3 218245.44596283801 0.0124538400579096 1.6081325301064599e-06
10866 1 228497.300171123 2.2618788513569599e-05 1.78088411522312e-08
10867 1 200074.16320433901 1.8668749981786199e-05 1.9942538205690298e-06
10868 1 168101.86788230899 2.6386088640028702e-06 1.9970192694957299e-06
10869 3 201767.79131288099 0.0144506130320281 2.0065197689815701e-06
10870 1 207255.84352324999 7.8127179912778695e-06 1.1811911410158501e-06
10871 1 208836.23749522201 1.08480691039218e-05 1.39361881839866e-06
10872 1 170594.48224738499 3.5499903479181199e-06 1.28557471052694e-06
10873 3 199305.046675094 0.018361662527666401 2.0132947101437999e-06
10874 3 206465.72859984101 0.0057665890142154204 1.9492893032440302e-06
10875 1 190654.73400038099 1.40062877011315e-05 1.9879646646904602e-06
10876 1 199580.90116233801 1.8709534740995299e-05 2.0066500989399798e-06
10877 3 219602.61933485899 0.0139811999412538 1.40048490303155e-06
10878 1 155132.76056407799 1.5389347768590701e-06 2.33202749221328e-06
10879 1 168279.130558829 2.6228700400800701e-06 1.9916683729091801e-06
10880 1 184626.56432880199 1.98191991642341e-05 1.1100712207498901e-08
10881 3 229613.89344153801 0.011850175201500999 1.1163655309548301e-06
10882 1 188299.04765702799 7.0570599972074699e-06 1.6480337666972299e-06
10883 1 234800.30719256701 2.2190235102790899e-05 3.9609452210557898e-08
10884 1 176386.32130866399 3.5914299038123302e-06 1.79801912348904e-06
10885 1 190800.25219759301 1.8547843567212401e-05 2.22758606073376e-06
10886 1 214274.70311052501 1.28673754534188e-05 1.38988548153138e-06
10887 1 176940.33316433901 3.6834118079653799e-06 1.78946041906989e-06
10888 3 220787.83536363501 0.012814514056538899 1.4768250472498401e-06
10889 1 183456.681060831 5.2927859315386302e-06 1.6811098262764899e-06
10890 3 206844.02928845299 5.2905803891793e-05 1.96443470517661e-06
10891 3 218474.36381718601 0.012594800960685699 1.59014308256268e-06
10892 3 203930.77832811599 0.0045399353204985402 2.0320266528039502e-06
10893 1 163324.932731974 2.17276805030491e-06 2.1231010335417702e-06
10894 1 176463.312297703 3.6328046865935499e-06 1.79667675338064e-06
10895 1 163319.37697167799 2.1994106441901201e-06 2.0465236457307801e-06
10896 1 214486.045778926 1.23691630301451e-05 1.3519121391772201e-06
10897 1 162057.80491710501 2.0718131095354898e-06 2.0815595573224098e-06
10898 3 219825.16004940399 0.012636783766401399 1.5410597321099499e-06
10899 1 190369.31815444599 1.8251937776369801e-05 2.2206779414922499e-06
10900 3 206788.43723450799 0.0050358557862049498 1.9412311889037098e-06
10901 3 219660.179511369 0.012791485044875799 1.5317405308244601e-06
10902 3 218935.59388976899 0.0122442496059951 1.5887588786608901e-06
10903 1 190266.04406063701 1.3941731568917299e-05 1.9936039054805899e-06
10904 1 203953.77111854401 2.19155805390194e-05 2.0338149773540199e-06
10905 1 169087.87345417199 2.7177070279067501e-06 1.9683917877261199e-06
10906 1 246017.010637181 2.0560745809451401e-05 2.2679453872726001e-07
10907 3 247797.29651959499 0.026251784154657801 3.4884082035329002e-09
10908 3 236506.01700422601 0.0122787664120438 5.5177570737704901e-07
10909 3 242712.37976973699 0.0154579732370184 1.3158709964300099e-07
10910 3 242912.028888192 0.015690661590108901 1.1248126666119101e-07
10911 3 247810.20332895801 0.0269318372833296 2.84337118398229e-09
10912 1 246609.73573419201 2.2459258213111699e-05 1.45300111853164e-07
10913 3 236973.16016637601 0.012115684530160801 5.3664859761451401e-07
10914 3 245800.577822997 0.0190308478710354 2.740729047524e-08
10915 1 242074.86714722399 2.4537273656136501e-05 6.1701988282542598e-07
10916 3 247988.15898113599 0.0051328041307675404 2.9150422401290999e-08
10917 3 244653.88874270799 0.0164068622598759 6.3925544658130597e-08
10918 3 242789.92461982099 0.0012256004196966701 5.3085031935172795e-07
10919 3 247903.09049614199 0.027445597759898799 2.3613313730123001e-09
10920 3 247204.22955688901 0.015002153759722799 1.8629798151145499e-08
10921 3 246804.44528836801 0.021929738415033199 1.07467388864814e-08
10922 3 248534.35202489499 0.022438223713919798 1.16639291054453e-09
10923 3 247453.367251669 0.025321640903349402 4.3556976223626796e-09
10924 3 247856.363242213 0.028843830943534699 1.87060862035824e-09
10925 3 244101.42315284 0.016752682914514701 7.3317635742647698e-08
10926 3 244740.788872253 0.0167690004814617 5.5022099778394297e-08
10927 3 247592.244636499 0.0263531351179641 3.5241563052775e-09
10928 3 248826.65264042799 0.0094689263050738801 3.6752250635568198e-09
10929 3 245400.18635296301 0.018456353534853399 3.6679245234416e-08
10930 3 248339.19602959399 0.029074354417829702 6.6851466300112405e-10
10931 3 249501.863774445 0.013722722874208599 4.1916020331481499e-10
10932 3 236117.04790417 0.011479098910552101 5.8667879636875197e-07
10933 3 248594.35648656401 0.0272064305516178 5.30802875511439e-10
10934 3 247088.09144245501 0.018071931214101299 1.47742724813872e-08
10935 3 237249.080609292 0.012643661027057501 5.0373013073797499e-07
10936 3 239620.42248546 0.012817446383042099 3.5279709592674302e-07
10937 3 247799.123182663 0.027682470006286802 2.5811254587321999e-09
10938 3 246982.39105541099 0.022625345491558198 8.8241607983064007e-09
10939 3 248554.90332229901 0.0079074818895586707 9.3498810295642601e-09
10940 1 246696.39934933701 2.15250885178185e-05 1.6255970223957001e-07
10941 3 249280.397719803 0.00151867216876894 2.02610761530047e-09
10942 3 238248.36214600701 0.00170161030092725 9.4606027006680805e-07
10943 3 247876.869170355 0.028600151232217499 2.06874330146472e-09
10944 3 244444.670646021 0.017100880344979801 6.3051942520180194e-08
10945 3 247776.81352944 0.027923368040717302 2.3197151670402999e-09
10946 3 237782.56446178301 0.0027347017011103499 9.6813621348714904e-07
10947 3 245711.56157756 0.018949882928298901 3.0689851585614599e-08
10948 3 249199.29816455001 0.0023791351855937601 1.9158913590991101e-09
10949 3 249209.07842221699 0.0040579334720028601 1.49778305365509e-09
10950 3 235773.50992167101 0.0115688956117353 5.9907185025800101e-07
10951 3 247987.52025123301 0.0070434867706121599 1.9972934112569e-08
10952 1 246373.42818578199 2.1733946629664399e-05 9.5559414641030705e-08
10953 1 242202.15951557099 1.36356332240697e-05 6.3075480373153801e-07
10954 3 246869.973517476 0.013809741926283 2.45653610481284e-08
10955 3 248406.73496017099 0.0065640729579187398 1.2662756667887101e-08
10956 3 246980.03161696799 0.0167430314079011 1.9557360218566201e-08
10957 3 239829.52907339801 0.0132506467512583 3.0260789023026602e-07
10958 3 247844.26734037799 0.027809908609684499 2.7414563059970502e-09
10959 1 243303.925616728 1.7379595585171799e-05 4.49776477852221e-07
10960 3 249413.04144150301 0.0054837136967752402 3.8070612001971001e-10
10961 3 248793.117655988 0.0077345859870022304 5.9312327119709603e-09
10962 3 247885.20445177099 0.025969694587865501 3.20923570303315e-09
10963 3 248849.68091472401 0.020719008351907899 6.9338363252488101e-10
10964 1 246646.54737761201 2.1879637349203099e-05 1.1259859844616901e-07
10965 1 241389.537555986 1.42303728992111e-05 6.34125239109141e-07
10966 3 249261.63383467999 0.0033483959057136301 1.4834096142953501e-09
10967 3 237480.42026434801 0.0126001705994945 4.7498578808528601e-07
10968 3 248194.42505917401 0.0086243616169760593 1.40863469128568e-08
10969 3 241371.01312509601 0.013083426256366999 2.28195239551037e-07
10970 3 248973.08040933 0.019007660376809399 6.2464841665551998e-10
10971 3 249485.97857001901 0.0066644358430717997 3.8203630857286401e-10
10972 3 245593.71186570101 0.018562172627363299 3.3269435999932897e-08
10973 3 249182.33678407999 0.0117274609611406 9.52677181080286e-10
10974 3 247729.10878687 0.026476958107405201 3.3369832452773198e-09
10975 3 247267.66240441601 0.016564440197541601 1.3425227474278701e-08
10976 3 248586.24295153801 0.0047737694713748799 1.19088568514875e-08
10977 3 245741.36834206001 0.0186887319601356 2.84182033456429e-08
10978 3 241292.454692876 0.0137364187286297 2.1542741814487701e-07
10979 3 246694.22740590901 0.021041840426143901 1.2023350185935299e-08
10980 3 249089.12866400499 0.0152610218497676 7.4432409155745897e-10
10981 1 243661.68254852699 1.8012438569050599e-05 4.2859957887919301e-07
10982 3 239640.14954080799 0.00246373454553703 8.0926857953052095e-07
10983 1 247692.87742799701 2.6785222714118501e-05 3.6085505448406703e-08
10984 1 247178.30023246401 2.3511080043246502e-05 9.8865955131846094e-08
10985 3 243015.60122533099 0.0156250557658703 1.13694289168975e-07
10986 1 247151.728926107 2.38071038194968e-05 4.7263792861173202e-08
10987 1 243540.869495933 1.55272246157766e-05 5.0622111499136297e-07
10988 3 243954.15233652401 0.0152151975120961 9.3702590059331995e-08
10989 3 243556.84157573499 0.0160608546326865 9.8888637554885897e-08
10990 3 239968.81609302599 0.013931577178792899 2.8482155932680598e-07
10991 3 246541.59701174899 0.020669278268633198 1.51664388607714e-08
10992 3 240116.57536570099 0.012790675811338499 3.0241238993375298e-07
10993 3 248664.43718103599 0.0063144150044423097 8.13610817886096e-09
10994 3 243852.60906752801 0.016272576241432201 8.0864353634711803e-08
10995 3 249589.93862009901 0.0108018190928563 4.14791830025434e-10
10996 3 243684.99813712799 0.016302564623123 8.5695624659870695e-08
10997 3 244114.42874655701 0.015766475200229099 7.6997020276942098e-08
10998 3 236875.633252617 0.0087575583623423301 7.6169477624417096e-07
10999 3 244999.11627543901 0.0166720110814868 4.74726908572951e-08
11000 3 247985.36335861401 0.0269095062357671 2.2534428974959701e-09
11001 3 241060.536417239 0.0123780222114776 2.8118330052755402e-07
11002 3 237859.74308125401 0.0130176753936303 4.3978651072207699e-07
11003 3 240919.187578449 0.0131868360200785 2.6039058236153501e-07
11004 3 248456.73133598099 0.024151355505632001 1.2220581559017201e-09
11005 3 249579.237618457 0.0085471618232427302 3.8152809568690502e-10
11006 3 235325.28368384301 0.0074095698619133397 7.9269506717671103e-07
11007 3 247505.76395828801 0.0075052521554088199 3.2282007631490097e-08
11008 1 245888.61699122301 1.8869289910731799e-05 2.7438480326216898e-07
11009 3 249203.46000548199 0.017980044176228401 4.8255713029866501e-10
11010 3 246060.88058649201 0.019282652040055599 2.3965163177468899e-08
11011 3 249033.98916309199 0.00095685147272500301 1.7958319551597701e-09
11012 1 247069.91305562601 2.33094845213797e-05 4.0382449919898597e-08
11013 1 244107.53450396299 1.4596620922332099e-05 5.1769351347598605e-07
11014 3 248970.79754065801 0.016411564034999101 9.1553689875487105e-10
11015 3 235571.17188751901 0.0037602966236794 1.00427327246544e-06
11016 3 249057.722323358 0.0116580717330302 1.5692814092511799e-09
11017 3 246112.75410039999 0.0196619514805399 2.2536409207183301e-08
11018 1 246197.60701135499 2.5708749892737301e-05 1.77448320104455e-07
11019 1 249303.53368513199 2.71240332790302e-05 3.3583594345511301e-09
11020 3 244270.52292655499 0.0081031397014719592 1.9168207154530401e-07
11021 3 235040.714928517 0.0040317000305123696 9.1829830338223002e-07
11022 3 233974.42195778101 0.0049208242314078702 7.2762429402384097e-07
11023 3 242356.95073920899 0.0141278499831726 1.58831516358542e-07
11024 3 242005.120360325 0.014137120200845 1.8411652960663101e-07
11025 3 249277.29438752399 0.0036366401986297598 7.0088550624902099e-10
11026 1 241902.85024701001 1.4868662706914001e-05 6.1952428233091105e-07
11027 1 247122.45824030699 2.2500971624088899e-05 1.1228907462557799e-07
11028 1 245059.68244595299 2.1038172401744801e-05 2.7176398794777301e-07
11029 1 246125.60184204299 1.8239965310606801e-05 2.7602493278407897e-07
11030 3 248749.86528136101 0.027492210385452701 5.0950417932054605e-10
11031 3 248581.01458386099 0.00017873663134790801 1.64803667103633e-09
11032 3 248881.556391597 0.0062794921624062597 4.3939514782374403e-09
11033 3 249531.123345492 0.0087038601096582503 5.1632452149283095e-10
11034 3 249180.764093576 0.015148714880176901 5.6981332576655897e-10
11035 3 243636.581105886 0.015885114548301799 9.5800931279255103e-08
11036 3 245435.285747908 0.0153667062487906 5.0507115258144498e-08
11037 3 242229.81260205701 0.0149202852443835 1.51632094330177e-07
11038 3 247488.49845442901 0.0057635786681863701 4.2919564438278402e-08
11039 3 249006.70491618101 0.0135072833118083 1.2544044718211901e-09
11040 3 247475.03953011701 0.020927406331461101 7.6632448374228693e-09
11041 3 240298.05927574501 0.0015039853449374801 7.7177676337652399e-07
11042 3 246557.300662589 0.0203839272218884 1.5799449096177599e-08
11043 3 248427.413230228 0.00992121591356151 8.6988884367335308e-09
11044 3 246944.84553978799 0.00136242798212624 9.7365321792099696e-08
11045 3 244812.6556884 0.00746355169964603 1.62233878914912e-07
11046 3 249368.251154142 0.0045142554234380797 6.0817353637588302e-10
11047 3 248898.715262168 0.011013392704002201 2.6618786091031602e-09
11048 3 247205.50390485799 0.0026987092306091798 7.9907247753176295e-08
11049 3 247696.29484726 0.00224854655917613 5.7758294055589999e-08
11050 3 246604.972768031 0.0037433222832893398 1.09478331987532e-07
11051 3 244316.76309499101 0.0153159051484924 7.4532753417525198e-08
11052 3 248042.21073666599 0.0023861876924525902 3.7662759190660503e-08
11053 3 247768.896729172 0.0039093983788303496 3.8098304348262697e-08
11054 3 247271.90970828501 0.0046615099111463696 5.3840884106490201e-08
11055 3 245921.77114957999 0.0055645749238290299 1.35083981484086e-07
11056 3 248145.97692366299 0.0036708560803601102 2.61867439737023e-08
11057 3 246691.72019831199 0.0058313963847803499 7.6426873291427194e-08
11058 3 245418.53608684501 0.0085307144884221794 1.20248691955851e-07
11059 3 246037.67213352499 0.0080119432443441496 9.2451553350464097e-08
11060 3 235807.81342958601 0.0068356546803005399 8.5950819160496803e-07
11061 3 247623.21971944001 0.026547806626845499 2.8638310207781098e-09
11062 3 245021.78574214299 0.010634536542843199 1.08626305564005e-07
11063 3 245496.853913242 0.0102787704647825 8.2852722801759703e-08
11064 3 248419.77864392099 0.0037082275303898702 1.5580231004187799e-08
11065 3 249365.88209962999 0.014177340601312 4.8145008503611397e-10
11066 3 249143.88488429101 0.00187857994813542 1.4512845871409201e-09
11067 3 245139.740386744 0.0121185780615931 8.0838573486981105e-08
11068 3 238417.26196303099 0.0119330709403068 4.6131171038069298e-07
11069 3 244685.78767578999 0.0123292756903655 1.04394319681233e-07
11070 3 238291.60489771501 0.012520004538715501 4.3720898081605001e-07
11071 3 249317.354431735 0.0018854293719314499 1.40040039440434e-09
11072 3 249315.51733065001 0.017832697335933501 4.2519691895728101e-10
11073 3 244391.363918697 0.0136116472793767 1.0072060197362601e-07
11074 3 249586.11824661499 0.011460248632205801 3.9543387531928602e-10
11075 3 242871.48669683401 0.0150224063451787 1.32194621717616e-07
11076 3 244147.793794297 0.0145545922344877 9.5878780673519602e-08
11077 3 248307.98200961101 0.0026824164134377402 2.05898872115779e-08
11078 3 242989.18214853801 0.014599036125075401 1.3479564129955501e-07
11079 3 244822.221989496 0.013528326429861501 7.9851926586907795e-08
11080 3 244549.25983601701 0.014569122466960399 7.8393831095394706e-08
11081 3 243213.24611581399 0.015117304906340299 1.11024968972012e-07
11082 3 247408.54333692201 0.019507793785958599 1.0713785408903e-08
11083 3 243102.27026427299 0.015434924673019299 1.11293077804635e-07
11084 3 245328.47539275399 0.014329107922236999 6.4428414069781505e-08
11085 3 249561.17122662699 0.00875220162728799 3.6278772937917998e-10
11086 3 247060.55011093701 0.022646464124989898 7.4284452275975196e-09
11087 3 238776.306756429 0.0124687776451439 3.97251179143381e-07
11088 3 246928.06543670301 0.0221732043759134 9.6024998072908901e-09
11089 3 249251.26013814899 0.00028142697728829102 2.59519341423077e-09
11090 3 248125.998820148 0.028799340085582301 1.6077724652712601e-09
11091 3 238654.733852579 0.0129212771806486 3.8235527400266e-07
11092 3 243367.71545576799 0.0146454430037586 1.1198747643952599e-07
11093 3 237642.45880872 0.00898980977836146 6.7629562254241395e-07
11094 3 238913.36826377601 0.011764609091848 4.2029043349748299e-07
11095 3 244328.42579510299 0.0167611442216287 6.8711340194368096e-08
11096 3 246061.093978472 0.018874143957851201 2.5034731132668999e-08
11097 3 247919.68061566399 0.028839717248976101 2.1586365346642799e-09
11098 3 248651.25655313901 0.0220199548391775 8.9642685344249596e-10
11099 3 244556.45801096101 0.017151967691969802 5.7663069045196001e-08
11100 3 248080.74698882399 0.026095008351324601 2.0626218134848901e-09
11101 3 242802.43060597399 0.0153066121066728 1.32223257776619e-07
11102 3 246950.283240269 0.021963805720048399 9.85400087328811e-09
11103 1 246514.926259025 2.1160937828011502e-05 1.7555783167968299e-07
11104 1 247468.53770238601 2.4313795135130799e-05 4.23650068738655e-08
11105 1 243762.91071542399 1.6017339616275999e-05 4.8974372359365304e-07
11106 3 238467.024942964 0.0109861516322946 5.1105647088449502e-07
11107 3 247976.436857344 0.0300174860629315 1.7187138360523301e-09
11108 3 241056.64739623701 0.0138221010614187 2.3545694397418701e-07
11109 1 248147.693751329 2.45834310170697e-05 1.7012943236429798e-08
11110 1 244952.80884400601 1.75053204740063e-05 3.6621781540404702e-07
11111 3 241959.725403569 0.0145588497630185 1.77458374472867e-07
11112 3 247360.83012450099 0.024432317214141699 4.5814708769555598e-09
11113 3 249589.80166456301 0.0107444831569544 3.6565338555725499e-10
11114 1 244795.227261325 2.0291695682769702e-05 2.8639160712382999e-07
11115 1 248186.105218012 2.8063235995633099e-05 1.6055933035835899e-08
11116 1 244768.11143198801 1.8806266760062799e-05 3.3528885530853001e-07
11117 3 236327.49013850899 0.0058251740345036896 9.2468872154937103e-07
11118 3 242085.53418548999 0.013526434128053599 1.94538683856969e-07
11119 3 248665.98323081899 0.0038276924903259701 7.6361713070028595e-09
11120 3 248415.99596479099 0.00201324938624566 1.14306078987411e-08
11121 3 243157.643301109 0.0139764273950739 1.3935421093895099e-07
11122 3 249126.28983002499 0.0184493259574777 4.9518609468597205e-10
11123 3 247981.89056892999 0.025205730208352501 3.0460117902138599e-09
11124 3 246286.84187678 0.0191877435724674 1.9847520446194599e-08
11125 3 245187.87149494499 0.016129263117504899 4.9831859486767498e-08
11126 3 246732.397473688 0.020779057215089599 1.25052133499507e-08
11127 3 247096.85975758301 0.022467365912291402 7.8420632993274793e-09
11128 3 247965.91862597599 0.00076815945922846605 3.0551260115173899e-08
11129 3 249540.629189128 0.0060800474558553299 5.5076034630599499e-10
11130 3 243934.793227577 0.0160453290248566 7.9166355798246801e-08
11131 3 245765.08745989599 0.0176527150246646 3.1480721671264501e-08
11132 3 246240.75046081899 0.016466895300918501 3.0819120516178998e-08
11133 1 247506.39469173699 2.5002664408460699e-05 6.8865311283622595e-08
11134 3 244581.68171743199 0.0169525684362586 5.5943967865032001e-08
11135 3 245176.36438024 0.017922224082256501 3.9561388601146003e-08
11136 3 239924.07399228701 0.011128845354793301 4.0344565641906102e-07
11137 3 246224.64269988801 0.019517238544687999 1.95178871159025e-08
11138 3 240475.27183405601 0.0141276271892814 2.5466118407065201e-07
11139 3 240263.02670011399 0.0119487852279487 3.2845027395448902e-07
11140 3 245486.19105128199 0.017431456127250802 3.8681019805293298e-08
11141 3 234580.72704889401 0.0085822918618964593 6.9120356125442598e-07
11142 3 247920.27309416901 0.0286681164248964 2.2293699104919999e-09
11143 3 239656.80363582299 0.0135366814398387 3.0415905892920898e-07
11144 3 249163.058126705 0.0097814621473442595 1.2338886232381199e-09
11145 3 241383.34086422401 0.0024077594373017601 6.3409372678931697e-07
11146 3 249486.80457978399 0.014615377276638499 3.94298724869126e-10
11147 3 249470.084446836 0.0065601357507641704 6.4648470270805199e-10
11148 3 244842.59409329001 0.0159894644424315 6.12849830691953e-08
11149 3 248988.68034185699 0.00772297638638768 3.2159421781836799e-09
11150 1 237691.65984376401 1.88989447393411e-05 8.3629770707950398e-07
11151 3 237474.185530421 0.0121644713621324 4.8644145630399096e-07
11152 3 245514.27858320501 0.0018854097162657301 2.2047275742182999e-07
11153 3 249401.705868552 0.0032045370884222798 9.5945406615946593e-10
11154 3 249465.642481872 0.0070362975857948696 3.5738629880497502e-10
11155 3 248204.93377003801 0.027951241699749701 1.40396180869748e-09
11156 3 243944.80263058699 0.0102799618722723 1.6923450806567399e-07
11157 3 247303.66802530599 0.024302165471865599 5.3373916648590399e-09
11158 1 249131.27414411501 2.5609593814746999e-05 4.2320907901690596e-09
11159 1 245267.47882805401 1.6605904873997402e-05 3.73905626926917e-07
11160 3 248451.29753137799 0.028154863346303401 5.7800317541689101e-10
11161 3 248677.16760629599 0.029514883743356299 5.0252355510791797e-10
11162 3 248875.366517388 0.00021473505474812899 5.7600759854672495e-10
11163 3 248818.98548965101 0.0276333788470778 4.4048252266423798e-10
11164 3 248726.410752136 0.0271826477817734 5.0918541582554995e-10
11165 1 248717.887385496 2.3382976029079499e-05 1.9798144438952801e-08
11166 1 239519.80684144399 1.3710288587496e-05 6.9562415310386901e-07
11167 3 248204.50901885401 0.030080241591257099 9.6060280821120009e-10
11168 1 246300.086200366 2.0260848997999401e-05 1.66906608617161e-07
11169 3 248630.330030816 0.0273485841558317 5.1761415038733695e-10
11170 1 249315.463863365 2.5986679850608201e-05 4.0761895410902801e-09
11171 3 248004.02993832901 0.029889645370669599 1.8278360937346699e-09
11172 1 249116.848976343 2.4948287277207301e-05 7.5481356475007898e-09
11173 3 249008.00346076401 0.0096758345459527096 2.23388838642124e-09
11174 1 246421.53427205799 2.0278050141497299e-05 1.9296736955069201e-07
11175 3 249240.47980644801 0.018220876383599201 4.7542372182429103e-10
11176 3 247269.38946956 0.023680618685597898 6.0730539926978703e-09
11177 3 249372.37508420201 0.0028441303270089501 1.11609710939424e-09
11178 3 237346.872872698 0.0074534130128985398 8.2504931697542197e-07
11179 3 236018.268954397 0.0025969240690817399 1.0551888588175e-06
11180 3 248052.64212796901 0.031180142426556701 1.3427336115697999e-09
11181 3 248965.40246335301 0.0022113835297822501 7.1505431506533798e-10
11182 3 248008.00565771401 0.031679947056936199 1.43107041537719e-09
11183 3 247527.67370746101 0.025569441867854599 3.7198289189777e-09
11184 3 246343.92432226101 0.00264985799464735 1.30515854853406e-07
11185 3 247481.060235571 0.00092252609228549501 7.0166175648886497e-08
11186 3 242287.329415521 0.0146127744797096 1.52777067540729e-07
11187 3 245620.677472045 0.0046172127457815796 1.6092904009919501e-07
11188 3 244443.159046505 0.0098604293634185197 1.38171138670075e-07
11189 3 248674.80194154 0.0273523336157027 5.0812166397311201e-10
11190 3 243569.78581311001 0.013943836401048199 1.15569825382336e-07
11191 3 244116.763698216 0.0116169467791475 1.28906827895328e-07
11192 3 248108.81766998101 0.0017341890952117999 2.57098293253911e-08
11193 3 248326.10433166899 0.0048025328728687998 2.0225096904483399e-08
11194 3 246913.49162962299 0.0067371971686665602 6.3515155824714201e-08
11195 3 248030.394484752 0.0311152447639573 1.4176892496756499e-09
11196 1 246852.79102964999 2.3573521851116799e-05 1.3077284435735999e-07
11197 3 248138.245982825 0.030595165535728601 1.10189366825506e-09
11198 3 245214.52627420999 0.00030206585091652199 2.4864938371401498e-07
11199 3 244755.40025574499 0.0047304403671000498 2.5095648457413198e-07
11200 3 234528.46061464201 0.0041308862538009597 8.3856543293544802e-07
11201 3 238993.48733927499 0.010662396570259001 4.7510327348808598e-07
11202 3 238279.899580964 0.012921182797359499 4.2417963025552698e-07
11203 3 245642.9260453 0.0129939031934161 6.3694208556538698e-08
11204 3 245049.34712941901 0.0152845103125852 6.4313214519709701e-08
11205 3 242512.50724030001 0.0134568505264029 1.6565192787525199e-07
11206 3 247829.953424443 0.028534820821438101 2.2101485374365499e-09
11207 3 246617.316967238 0.0200976877148074 1.6148136511548201e-08
11208 3 249533.16185837801 0.0073054754799199003 4.0540432596244201e-10
11209 3 247001.36164221101 0.021778565903735201 1.0209391281525801e-08
11210 3 243742.562831232 0.0156011233844557 9.4416031407319797e-08
11211 3 248017.675381168 0.0308793047802624 1.30133210198452e-09
11212 1 249553.39348120199 2.41298946544018e-05 9.2641044709088003e-09
11213 3 234141.558213073 0.0048726692535692104 7.4585489710872399e-07
11214 3 245097.72559329 0.017963627708583702 4.2791706409927103e-08
11215 3 246160.257687757 0.0184935171738916 2.5689362143429401e-08
11216 1 247331.00510509501 2.3185288443548098e-05 8.4327390355767797e-08
11217 3 246686.05975144799 0.021296473680032901 1.1701727410300401e-08
11218 3 245669.498152794 0.018097346500075301 3.0235998998893699e-08
11219 3 246066.218507449 0.0128514872724099 4.6029963047652797e-08
11220 3 245633.73457743999 0.0169077724185073 4.0765823034161801e-08
11221 1 248294.52830342701 2.5118577314460301e-05 1.4933581835181701e-08
11222 1 245112.90012076101 1.7945967001640602e-05 3.5216725654036801e-07
11223 3 245731.99915336701 0.014324859846383001 4.8356199535090598e-08
11224 3 248370.66843974701 0.00102204647571598 1.34745807530968e-08
11225 3 248812.89489747499 0.0048158669014153697 5.8433970410633497e-09
11226 3 248589.55084029899 0.0028447875400944601 9.1190574861700602e-09
11227 3 249152.42168976899 0.0024281815012509298 4.1320824465703102e-10
11228 3 244407.213738391 0.016550400613322601 6.7350781850615306e-08
11229 3 244987.51229329 0.017486997371146801 4.7423602686563899e-08
11230 3 249448.15253258299 0.0042493466391183097 7.8559675928552202e-10
11231 3 247383.550356805 0.024256085591353699 4.7928189916222301e-09
11232 3 239763.05435767901 0.012131706423153799 3.6779224355988298e-07
11233 3 239365.79785002299 0.013214957462183 3.4296261410638501e-07
11234 3 248871.68895668801 0.017862123492988401 8.6401993287669303e-10
11235 1 243774.37098490799 2.10017963338555e-05 3.9865867010760002e-07
11236 3 235638.92661220999 0.010480622485914901 6.4819650373780997e-07
11237 3 249102.04287529501 0.00020318426945653499 3.7178471659219999e-10
11238 3 249044.595902603 0.018900199828769101 5.2936236033179102e-10
11239 3 245991.793082271 0.0112584193629251 6.3176304230948999e-08
11240 3 243638.97339056499 0.0118686886269069 1.5805414197564299e-07
11241 3 246609.01545375699 0.0212150092371933 1.28817889577212e-08
11242 3 247043.46325326999 0.0228200837667519 7.4411479524351704e-09
11243 3 247550.41473891001 0.025422141744002001 3.9305302437617899e-09
11244 3 249506.68229607501 0.0105663699415044 4.9321987515773997e-10
11245 3 235471.80414183901 0.010780211207537801 6.4770339985958196e-07
11246 3 243370.86240660099 0.0130790470243905 1.4794328854180899e-07
11247 1 246560.32750556699 2.0572650100029601e-05 1.8410001658901601e-07
11248 3 249103.80084574301 0.0031920350731283699 6.2358246433397201e-10
11249 3 246197.073701872 0.0153581298000291 3.79004452096939e-08
11250 3 248882.41068309199 0.015251658517294601 1.2311489276486299e-09
11251 3 248099.06262661601 0.030792674255884001 1.2761752585033501e-09
11252 3 248746.279885895 0.028722785124490099 4.7251628247094598e-10
11253 3 249403.31220641499 0.0110045311819766 5.5362839199131195e-10
11254 3 248023.60000658099 0.031002175188348701 1.32115194379272e-09
11255 3 249272.33258896001 0.0148137885449099 5.0616011515104497e-10
11256 3 242735.13429501301 0.012520300773945999 1.7723209152733701e-07
11257 3 241551.891581198 0.012194851125329 2.4577487355664899e-07
11258 3 247379.79518168399 0.0235233453272519 6.5115403789666397e-09
11259 3 247441.68733781399 0.024235274158494399 5.16291104557254e-09
11260 3 248781.510610581 0.0285693230148132 4.2050092708367802e-10
11261 3 240484.67639931501 0.010839284679748399 3.59937938811042e-07
11262 3 249515.25693399401 0.0056759364207554699 5.6278436356950001e-10
11263 3 247689.08947166699 0.025762338046074199 3.9787184657453896e-09
11264 3 249414.27523103901 0.0057236619216835 4.32635678321637e-10
11265 3 245536.584302501 0.0182354045262106 3.2241517789056202e-08
11266 3 236958.442465856 0.0099068178555410495 6.39025039413352e-07
11267 3 249156.561870479 0.0076650877612943402 1.6241058027284501e-09
11268 3 247307.862429756 0.0235470980727619 6.4492704682260701e-09
11269 3 239979.276618754 0.0048417082339008701 6.6876296277414403e-07
11270 3 249295.36827173 0.011489850342264799 6.5237263801824303e-10
11271 3 237156.174746948 0.012822651354180901 4.7857562769335603e-07
11272 3 247975.490239042 0.0301137144465046 1.5756382227202001e-09
11273 3 248436.560336127 0.016535697997055999 3.5126034591454498e-09
11274 3 247524.98631726101 0.0149003114314901 1.2197830655877099e-08
11275 3 238358.35021807399 0.0133498058425707 3.80975643269268e-07
11276 3 243823.876960964 0.0129536219022702 1.2241672635994701e-07
11277 3 247805.25894130301 0.028238345665763401 2.3659496279185302e-09
11278 3 247609.82514683899 0.019697564664671902 7.3136936186591797e-09
11279 3 237614.01957673999 0.010681774892774 5.6729503995440799e-07
11280 3 246988.39673905401 0.0088974159486967103 4.51586391100154e-08
11281 3 248197.081313392 0.024963013441247201 1.78615279763766e-09
11282 3 238440.86448474901 0.0132337608008596 3.9850411775795698e-07
11283 3 247583.604375956 0.0263506005538655 3.8188835778084501e-09
11284 1 246021.83029236001 1.9266007195815099e-05 2.6162061202356099e-07
11285 3 239444.935114967 0.013802214141692699 2.9913261420869501e-07
11286 1 247708.893468222 2.72196745270889e-05 6.1307214040779504e-08
11287 3 234969.691120267 0.0079768901375755694 7.4146342043589098e-07
11288 3 247609.321673603 0.026108678350469001 2.94983092852111e-09
11289 3 247311.175798143 0.024451399926103401 6.2367030026456399e-09
11290 3 245851.61613197401 0.016217363654338901 4.0908301290911399e-08
11291 3 240458.755272162 0.014258607081595201 2.34083302823058e-07
11292 3 246987.71177333 0.022767094532624099 9.8996617798822204e-09
11293 3 241402.57369446001 0.0147608995802475 1.78876326040443e-07
11294 3 246610.52666562301 0.0213252889585007 1.5123364511639002e-08
11295 3 249571.56547168101 0.0113408990309701 4.4719460839078799e-10
11296 3 239468.45422994101 0.013680347554076501 3.1456370341097998e-07
11297 3 242305.570872752 0.015322523782694801 1.3731828475294599e-07
11298 3 244463.09861317501 0.017243669106191701 6.2935696225758696e-08
11299 3 246177.86929856401 0.020089622014503001 2.2328720479705199e-08
11300 3 245675.34624435299 0.0190167000301158 3.2420843494755699e-08
11301 3 245097.438060263 0.018077273749312402 4.5728658990529198e-08
11302 3 238616.852905287 0.0096253016790989795 5.8808263958297101e-07
11303 3 246486.607810788 0.0138880324278559 3.5469754280084203e-08
11304 3 242263.86891643301 0.0126790464153821 2.07944703786697e-07
11305 3 247993.49642200299 0.030357424970934199 1.82640602319807e-09
11306 3 247164.16409076599 0.022330259147199299 7.9805068541658896e-09
11307 3 246402.93479759101 0.0187934028324881 2.0260779939943099e-08
11308 3 247300.492254846 0.020652389040842298 1.03620480582859e-08
11309 3 248689.82693330801 0.030333711178400301 4.05073942056596e-10
11310 3 249260.71213074899 0.018521752421270798 4.5933429387451299e-10
11311 3 246810.335572932 0.0120513161667609 3.5126350235653101e-08
11312 3 248062.569287733 0.029386844777899102 1.7558395966508701e-09
11313 3 249463.12009422001 0.0046729447294009798 6.3127061676646496e-10
11314 3 249075.01076893101 0.0062588803489615199 2.1222733937519101e-09
11315 3 248823.93492653201 0.0021109861487659501 4.8399946106093604e-09
11316 3 243148.318825833 0.0055293552834796301 3.3012983294131299e-07
11317 3 241270.79952178799 0.0113071422817501 3.06547192661583e-07
11318 3 246556.45440226301 0.0154591449624971 2.5856811633683699e-08
11319 3 240167.79745143 0.0097889328503763008 4.48809062946606e-07
11320 1 249088.29325271901 2.5473728610146898e-05 6.1965273777674199e-09
11321 3 247522.38917884999 0.0242993327828568 4.9153189963774804e-09
11322 3 237782.022244202 0.0130646767253699 4.4182178672059098e-07
11323 3 249587.155620579 0.0077429750483214502 4.6803442884689696e-10
11324 3 247971.98327143799 0.030156900099161499 1.53313991647371e-09
11325 3 249318.67982036699 0.018127136760700401 3.9946453305884401e-10
11326 3 246544.71237141301 0.017525585417598799 2.4428697091301201e-08
11327 3 238046.84388780899 0.0073311205487161801 7.4704175473907802e-07
11328 3 247789.02090035001 0.027977075478475801 2.0436697434330799e-09
11329 3 247570.223062073 0.018112193830707401 9.8464665949230507e-09
11330 3 247699.04958398899 0.0273272951379601 3.0781421394150198e-09
11331 3 238919.30441026401 0.013544333998514801 3.46919682574068e-07
11332 3 248745.07492420901 0.0131212318948864 2.67962439579826e-09
11333 3 249295.60359745601 0.0096481910799070102 7.6278962808215695e-10
11334 3 247448.417434729 0.0253411670962655 5.0244877198595096e-09
11335 3 249567.64086994401 0.0073932694785522803 5.1312140519284996e-10
11336 3 239970.89065848701 0.0139972789986473 2.7074239021696102e-07
11337 3 248307.67650304901 0.028884376064797299 8.4892005944285204e-10
11338 3 237582.820214962 0.011575493617122999 5.1385220081055198e-07
11339 3 247149.979472395 0.023526287898451698 8.0773226653415894e-09
11340 3 236638.24805874599 0.00151133146530642 1.0610730139994101e-06
11341 3 240939.282287996 0.014466265462027899 2.1130532003974699e-07
11342 3 248581.250717052 0.019085830717586599 1.5777686329751299e-09
11343 3 246801.17380364399 0.021975315334333001 1.25629960358262e-08
11344 3 234768.340112693 0.0084170542760845408 6.9921617623051804e-07
11345 3 240783.497791448 0.0094031877715094903 3.99105633985775e-07
11346 3 241894.44033186699 0.015009964083352201 1.5995160001793101e-07
11347 3 247472.494997734 0.0234938589420929 6.1843732147850701e-09
11348 3 246401.064852821 0.020655998268837499 1.87665031968306e-08
11349 3 235812.05499880001 0.0099630590478511603 6.8175398545202001e-07
11350 3 245943.82535205901 0.017118236175780999 3.20963568875339e-08
11351 3 245939.01206452399 0.019504165845959199 2.7662501735177499e-08
11352 3 244779.796034403 0.017605947905297799 5.5065644876369097e-08
11353 3 245400.222991994 0.018508786656854698 3.9437102051300303e-08
11354 3 247793.392809707 0.018190321175733801 6.4504268017553404e-09
11355 3 240494.32115568701 0.0080542809713395006 4.9867389105439903e-07
11356 3 247622.59224267301 0.0243347607126513 4.4977712199827197e-09
11357 3 246815.64068833401 0.020511931295821101 1.26055211441891e-08
11358 3 246435.14322484701 0.010990935408115399 4.5739170619849901e-08
11359 3 247728.487882758 0.023965802296438 4.21189299981612e-09
11360 1 245784.7011184 2.0074558785488198e-05 2.4589917297442401e-07
11361 3 240876.84583335201 0.0055309596461148303 5.6259311063224002e-07
11362 3 247583.55082140601 0.023278083799815 5.9712265597990797e-09
11363 3 247841.95197706501 0.023095705501887401 4.0274344909800204e-09
11364 3 241134.00222077299 0.0075103650858353403 4.4481475543741498e-07
11365 3 247693.11626978201 0.022564810292732499 5.8205874706596403e-09
11366 3 247776.72398826899 0.016378913767136301 9.1340894109662705e-09
11367 3 243007.76863673699 0.011271043478198199 1.90980876568805e-07
11368 1 247385.799203381 2.48489991889778e-05 8.8749257967591294e-08
11369 3 248074.31904183899 0.016397527236969599 6.0749201571459604e-09
11370 3 247821.126554983 0.0214557266559047 5.4806182617787602e-09
11371 3 241583.025597311 0.0047912769936736396 5.0900778610106796e-07
11372 3 248039.816562853 0.014040414279637 9.2780996575620702e-09
11373 3 248366.81495674999 0.0150554446579665 4.5281538479748397e-09
11374 3 248580.19214103001 0.013954511473222899 3.3810140945582399e-09
11375 3 248327.62438168199 0.012591623498779901 7.1719888577834497e-09
11376 3 248936.07989638401 0.0038878431998588198 3.35848023235146e-09
11377 3 249307.38038204299 0.0184041530523366 3.7808045405693501e-10
11378 1 248827.75957354699 2.8091767662093699e-05 5.8656252083348603e-09
11379 3 243375.13743403801 0.0033731201300907601 4.2242744727880498e-07
11380 3 247187.546988113 0.0096736622947241994 3.7410298640133303e-08
11381 3 246722.42205793201 0.019752299418429799 1.6443609227370599e-08
11382 3 248650.84871788099 0.0098975974247427403 5.0477404248994301e-09
11383 3 249580.80993158699 0.011967908836969099 3.8228932720492098e-10
11384 3 249273.21765775999 0.0039632639702974403 3.5914401940897602e-10
11385 3 248040.58010603499 0.0306173817048036 1.3361667450868399e-09
11386 3 239330.95755709399 0.0055889616142815899 7.2359820119514398e-07
11387 1 239220.65957547899 1.47193856426895e-05 7.1241704464640498e-07
11388 3 246312.502034059 0.0180160679760125 2.6167340392917499e-08
11389 3 247084.263370406 0.021587631569285601 1.02189126065583e-08
11390 3 245968.08702124 0.0195178617406612 2.4142678636445899e-08
11391 3 248758.787363657 0.021553072492561401 7.0744996022055096e-10
11392 3 242239.04639276001 0.015142307845157601 1.46631994892206e-07
11393 3 236531.482416454 0.0124261986433811 5.3714534095616504e-07
11394 3 248890.42640732101 0.000379726311401225 3.4481201508435299e-10
11395 3 241422.75562780601 0.0142611252187172 1.9685253969473901e-07
11396 3 248098.61167658499 0.024119430449024801 2.72694625812094e-09
11397 3 248003.264529999 0.030245470626861601 1.7934191593752001e-09
11398 1 246873.78228099699 2.2163069451192699e-05 1.06449909352282e-07
11399 3 248939.48221476801 0.0029142012367511499 3.8256975870696096e-09
11400 3 249238.48947308899 0.00358124466403984 4.0326183657702699e-10
11401 3 249469.28820123701 0.015028790354130199 3.7960687171695901e-10
11402 3 249043.82770090899 0.0048355781961503903 2.62086779676691e-09
11403 3 248907.59885020801 0.0010149907245568901 4.8854958858921299e-09
11404 3 247607.08621618699 0.025496002175323398 4.2621426141149003e-09
11405 3 242504.44588728601 0.0115432646457752 2.25208978501883e-07
11406 3 248638.57495004 0.015898850159254199 2.47665470805108e-09
11407 3 244119.03261903799 0.016827591976338201 7.4177248810408397e-08
11408 3 243786.833846906 0.0165206944848479 8.3210567491630702e-08
11409 3 248402.944254467 0.019075742798842801 2.67458248751941e-09
11410 3 248745.46734675099 0.0113029173331701 3.7387107563578103e-09
11411 3 241802.27446064699 0.011020745176965401 2.6806165574261703e-07
11412 3 247989.11211420799 0.0298106398600342 1.5909713195536699e-09
11413 3 248051.35574983899 0.0303487774130182 1.33891109614661e-09
11414 3 248731.177361182 0.018531976780361899 1.17319927047361e-09
11415 3 247257.466465529 0.0221510082026878 7.7476152461201705e-09
11416 3 246265.18489291801 0.019937247188949701 1.8168234467711701e-08
11417 3 249416.98618934801 0.0049322429090274799 7.8455277259705697e-10
11418 3 243610.964229123 0.0075613697748140403 2.4051883427440399e-07
11419 3 249118.77367814601 0.0031887337085460201 3.4169725206615502e-10
11420 3 234428.564029639 0.0090148057781612393 6.4821567495708698e-07
11421 3 233889.94067227101 0.0053702600481867497 6.9713479541268999e-07
11422 1 245639.37243952099 2.1214554746380201e-05 2.2105105673528501e-07
11423 3 249271.125550867 0.0050987645804706399 1.22447859856613e-09
11424 3 248034.35352342401 0.0095901361782162707 1.5058966900874201e-08
11425 3 235824.24020146101 0.0118931686418925 5.7282998005856604e-07
11426 3 241980.552175288 0.0148491022215837 1.7148657438995099e-07
11427 3 243313.488986988 0.0096696662965507496 2.0644600625047999e-07
11428 3 240968.01669858099 0.0144255314012937 2.1919590454138899e-07
11429 3 239306.29389326301 0.0093024881581255901 5.2417151300261405e-07
11430 3 239301.30193115101 0.0134632295186091 3.4568851278041801e-07
11431 3 244983.664384901 0.017685506885134501 4.9285377616757603e-08
11432 3 247982.19567364501 0.021895754403217799 3.5996625425297798e-09
11433 3 246928.590216632 0.020131925055990901 1.2744721321751601e-08
11434 3 248243.64444559699 0.0226563960829099 2.41125179129969e-09
11435 3 246912.69725362101 0.018293356939332601 1.8112938766173e-08
11436 3 249571.86754332599 0.0082228814703911701 4.03372675655704e-10
11437 3 249351.30589688901 0.0054242657166018397 3.5148948944277898e-10
11438 3 245079.379749969 0.0173444565383792 4.5355420059425198e-08
11439 3 234346.675115552 0.0083646739522334704 6.7628644184445705e-07
11440 3 247153.63092637499 0.023487897069845099 6.8467184924771799e-09
11441 3 238649.96618134101 0.013214789578954399 3.7975131175341298e-07
11442 1 241460.96484569399 1.7635360156311698e-05 6.1354397593850996e-07
11443 3 238387.473876701 0.0050346521382797398 8.2588209618155798e-07
11444 3 242747.695858274 0.0156012701547348 1.23460682253577e-07
11445 3 240460.09895377801 0.013634739951610301 2.6499327304821598e-07
11446 3 241071.77601375201 0.0141557853761072 2.24337547350642e-07
11447 3 234307.393721103 0.0046412142511078804 7.8012101465138099e-07
11448 3 241540.037916067 0.0099054045468209301 3.3847190307625102e-07
11449 3 247260.93580856 0.023888537869323202 6.0626617973772501e-09
11450 3 247191.12898122799 0.021281701707148701 1.02219761322386e-08
11451 3 236058.385416126 0.0093032391860747698 7.0854826497028104e-07
11452 3 236211.727858395 0.0109627316858375 6.0403731189527104e-07
11453 3 249539.675788097 0.0130762624559856 3.6900256860687e-10
11454 3 249586.67650587301 0.0095920404076153404 4.6859664704135701e-10
11455 3 246389.333251976 0.00892595296434592 7.2316280952897805e-08
11456 3 248424.75343473599 0.020762017891841501 2.1715841871853802e-09
11457 3 247711.27985529101 0.0274229945560918 2.7015758712340001e-09
11458 3 247907.951451314 0.0130141152425299 1.16024335275561e-08
11459 1 245914.03791255501 2.3039864226279601e-05 1.90151953607132e-07
11460 3 246281.84623462299 0.020183392407521199 1.7801298215052901e-08
11461 3 247653.90920639501 0.0084042825157586692 2.6967402329097699e-08
11462 3 246544.86874658201 0.020893303144675801 1.50835053334326e-08
11463 3 246406.51538029799 0.0206282956312628 1.6088168148102201e-08
11464 3 249606.14384315399 0.010022987096622801 3.8187439413472098e-10
11465 3 249325.747616865 0.0047469266157656002 4.4935593226915102e-10
11466 3 249488.74229627199 0.0062391869314095301 4.6806876130748404e-10
11467 3 238995.46122442599 0.0079646545584934805 6.4957241694753604e-07
11468 3 247366.93805496601 0.021769817951202999 7.6418055935042904e-09
11469 3 247645.43912711699 0.0261428762469764 3.1800036537413401e-09
11470 3 237183.211236359 0.010960786049343601 5.8817424515900799e-07
11471 3 249599.01676052899 0.0089665060722489993 4.56897556034162e-10
11472 3 243448.20778834401 0.016181658814199799 9.39507140372035e-08
11473 3 247268.799248806 0.011772767832705301 2.4695290691240001e-08
11474 3 247826.10548245101 0.010910103648333801 1.7375959314364099e-08
11475 3 248864.09893491701 0.0127314208441734 1.8089763536706301e-09
11476 3 242791.85410770299 0.0100758814673767 2.4477558273532303e-07
11477 3 247842.358569845 0.0012687817299785 4.63601909753826e-08
11478 3 241866.211714287 0.0149350646613647 1.70456181260314e-07
11479 3 244778.78123537201 0.017557110811295001 5.1894197172560101e-08
11480 3 247985.23756509699 0.020038971421565101 4.8133400291186698e-09
11481 3 242108.97688040501 0.0095199589079631806 2.9324882259912797e-07
11482 3 249250.21889113999 0.00627486949458616 1.1652216447995101e-09
11483 3 240194.50637777001 0.0137989107475517 2.7260310664171299e-07
11484 1 244959.432248431 1.91745428867519e-05 3.2017628503207001e-07
11485 3 237764.903409324 0.0055494311423639501 8.86552106413462e-07
11486 3 249412.81806322499 0.0092707319040673895 6.1402077116994899e-10
11487 3 245457.09632686101 0.017857922054807601 3.7628334359554903e-08
11488 3 244309.13936285599 0.0035400611232794402 3.0212020368078701e-07
11489 1 240258.87695614799 1.92960607857956e-05 7.1566678637800803e-07
11490 3 248045.90405521001 0.031246622413895499 1.46938857809377e-09
11491 3 239645.16781066699 0.0074877855497969704 5.8485740866971399e-07
11492 3 243106.07535943101 0.0083040422639154808 2.6685877547712402e-07
11493 3 249408.59873868199 0.014634620141866001 4.7089743067191904e-10
11494 3 249547.15209434699 0.0073030468426920304 4.49566987199571e-10
11495 3 246196.48574488499 0.020033045139121599 2.00831655323435e-08
11496 3 243094.16950580999 0.015904313529215799 1.05444271889195e-07
11497 3 248459.54044014899 0.029082072280137601 5.5052054242067003e-10
11498 3 243381.47350351099 0.0160700237764821 9.9084432365771704e-08
11499 3 247049.27365992701 0.019530028631663601 1.29853753312786e-08
11500 3 248203.06215035301 0.0114954517881276 9.2844417276557705e-09
11501 3 249595.87606225401 0.0091264055709847306 4.1797178554558299e-10
11502 3 238935.048049748 0.013492278593782801 3.5311615256239001e-07
11503 3 249273.964513532 0.0191066618122832 3.8559852689278698e-10
11504 1 244222.180458513 2.5976198528556899e-05 3.9003541241430202e-07
11505 3 248162.593711233 0.0204150436253187 3.1289610275676499e-09
11506 3 247799.90443687901 0.027880452770263301 2.10749979175699e-09
11507 3 247499.73619078801 0.012814560245281201 1.93516532752427e-08
11508 3 240573.37084796501 0.014087739122504399 2.4020633711617899e-07
11509 3 241881.792964564 0.0081390998186907006 3.7259038841490999e-07
11510 3 237086.87954843699 0.011623789291939199 5.5208401823128798e-07
11511 3 247682.562885483 0.010116977258138401 2.06178143997146e-08
11512 3 249169.2354372 0.00259611672837515 3.5719780375840501e-10
11513 3 246858.09700281499 0.019316590991927701 1.6603574033617901e-08
11514 3 248592.18878808801 0.0118652969657715 5.7324953157407701e-09
11515 3 236749.41469204001 0.0041933482737415099 9.7835625329910009e-07
11516 3 249552.53797969499 0.0111675551965286 4.63237632662642e-10
11517 3 248352.365170823 0.023701937256757202 1.59021614037281e-09
11518 3 249304.06043086201 0.0075584615583595798 9.6497401911684402e-10
11519 3 247886.589870856 0.029006410862607499 1.9666283511277e-09
11520 3 248194.913739535 0.017954544552652999 4.6795431503069902e-09
11521 3 242446.56834356301 0.0076685773606548196 3.2050178311769401e-07
11522 3 249398.64475941801 0.0069249111623809999 7.92340076149813e-10
11523 3 248789.112557185 0.0149758419252028 2.0081251470521399e-09
11524 3 241387.267022418 0.014633372418687 1.9526328666976801e-07
11525 3 247714.60165932801 0.027057482971814401 2.50672615273349e-09
11526 3 246558.81760836701 0.018317705810149201 2.0300683557074199e-08
11527 3 248325.83254919501 0.026294473383094701 1.30837077358253e-09
11528 3 249428.11091925501 0.0150916888111658 4.5508279291220098e-10
11529 3 241468.19096225599 0.014593070205233699 1.9088103940272201e-07
11530 3 245153.07378797 0.0176608434862057 3.85316780334724e-08
11531 3 242322.782521366 0.0057635197713385104 4.14026510374645e-07
11532 3 247886.344691459 0.028977203788945499 1.6904648531514699e-09
11533 1 246940.44732022801 2.2179116227563e-05 1.2143628487686e-07
11534 3 248000.90154726899 0.030089320724755099 1.5598291601048399e-09
11535 3 241098.02292626401 0.0143198997906597 2.1389843024522099e-07
11536 3 235118.57767052299 0.010626216190853599 6.3837944052423405e-07
11537 3 247900.60552784899 0.029188961943305499 1.80156028315441e-09
11538 3 235235.101162212 0.0110278356648857 6.1434405954358598e-07
11539 3 236402.872808029 0.010367850840354499 6.3944287276031504e-07
11540 3 249605.64823724801 0.0097652973188719992 3.9705874139465298e-10
11541 3 240546.92240648001 0.013873008876268699 2.4572252665939102e-07
11542 3 249568.88483628901 0.050855009794865499 3.8823939927850899e-10
11543 3 249446.02124201399 0.053913405167497097 3.3149668802912001e-10
11544 3 248855.95163542501 0.054436889085750499 3.6269283970837598e-10
11545 3 248581.482053354 0.059491035878118603 3.67181786244909e-10
11546 3 248788.39170715 0.056190095452358597 3.1049033773036601e-10
11547 3 248437.31215233199 0.060803756200553401 6.7107307692883597e-10
11548 3 248550.316755949 0.059978640949654702 3.88640408745435e-10
11549 3 248981.155907432 0.054210269682781503 3.0480105423655098e-10
11550 3 248787.153670306 0.056320909686630297 3.06346210239104e-10
11551 3 248908.71927457501 0.053631344057809997 3.6021528637399199e-10
11552 3 248949.7394199 0.054413674033791097 3.0520114802415001e-10
11553 3 248449.71464611701 0.061163071688024602 5.8836893577855802e-10
11554 3 248641.84707939599 0.058504597767236599 3.3100515968253198e-10
11555 3 249508.908937409 0.050344904297835502 3.7985990979076899e-10
11556 3 249434.290478051 0.055285142782757597 3.3428975910457198e-10
11557 3 248805.27377889701 0.0530362519702939 5.6504168013569803e-10
11558 3 249314.14376351101 0.053103584830053202 3.1748226842826802e-10
11559 3 249104.050357178 0.052729799811477303 3.1897253047757302e-10
11560 3 248531.86843759599 0.0594179358830485 5.6358569744877904e-10
11561 3 249252.817180196 0.0516649518020358 3.34588886308881e-10
11562 3 249292.363496645 0.050928148455444799 4.83516151331566e-10
11563 3 249463.55392683801 0.051254438785310101 3.4183970480882099e-10
11564 3 249217.613741799 0.051628418577106698 3.4157204689958802e-10
11565 3 249038.62968334401 0.051930671405940897 4.8567706649898401e-10
11566 3 249280.33261177299 0.050735517898556501 3.7216718072039999e-10
11567 3 248602.321569333 0.059169984141910603 3.41403595978858e-10
11568 3 249239.03575441 0.050669454301318799 4.3137452492902902e-10
11569 3 249197.05152341601 0.050921662964380401 4.4015290253747302e-10
11570 3 248657.60417362 0.056627603442564303 5.43009301044018e-10
11571 3 249251.84885069801 0.050810855407746103 3.7544179112012901e-10
11572 3 248530.37106116701 0.0590456927488828 7.0192663894985399e-10
11573 3 248739.24373571301 0.0568561717356941 3.12834265798871e-10
11574 3 248953.88976461199 0.054770981950224902 3.03471359989898e-10
11575 3 249461.51905966099 0.054128965653521301 3.3326254462570202e-10
11576 3 248889.40840069199 0.055055446031968901 3.0500907771092401e-10
11577 3 249462.35440466399 0.0510898659311778 3.5466238810017002e-10
11578 3 248776.62034088399 0.054078585959253703 5.1645320419233601e-10
11579 3 249148.37581591299 0.0525904320630423 3.1852149459770499e-10
11580 3 249550.16434368899 0.050706301516337197 3.8066978150105901e-10
11581 3 249291.295359624 0.053226195116585301 3.15174580159862e-10
11582 3 249266.023543205 0.051070221451289803 5.0129004061258298e-10
11583 3 249040.14911435801 0.051826814492213998 5.0468026120918697e-10
11584 3 248899.65356858601 0.054853888437570802 3.0599808971413098e-10
11585 3 248662.55381335199 0.0581433964002189 3.2015607392320802e-10
11586 3 248704.900098329 0.057485383920484301 3.1569325250756e-10
11587 3 248804.30537458201 0.055989345032331397 3.0707589679454999e-10
11588 3 249532.050410597 0.0506065585364548 3.9169564291658101e-10
11589 3 248915.866336509 0.053145898806054401 4.06264279885917e-10
11590 3 249444.36477345499 0.054228893404041502 3.34513457845495e-10
11591 3 248853.320275123 0.054046416156765399 4.0998464077244297e-10
11592 3 249476.89990030401 0.051582289224779997 3.3829194149928599e-10
11593 3 248426.071831704 0.060591101396189 8.4711388547393605e-10
11594 3 249207.480153326 0.050868129455578802 3.8458050793490801e-10
11595 3 248796.54085294399 0.056354821634665597 3.06068415180234e-10
11596 3 248828.229302664 0.055958232754395799 3.0515456872931003e-10
11597 3 248551.29959220099 0.060356760268565499 3.48967799438919e-10
11598 3 248922.57854924601 0.055032323991014799 3.0358619254909098e-10
11599 3 248691.62851415301 0.056296620405306898 4.6533814112475502e-10
11600 3 249326.54134766999 0.0504103326191329 4.1554263907154401e-10
11601 3 249317.16293686099 0.051761056766933697 3.2832826942787602e-10
11602 3 248826.83697028301 0.0558672155809 3.0535783283646898e-10
11603 3 249502.55056091599 0.051098221230659401 3.3645072850636602e-10
11604 3 249041.115967691 0.054250981145572301 3.04423405922992e-10
11605 3 249544.165364282 0.050494925155560602 4.0005417111186898e-10
11606 3 248856.40939487299 0.053122738857810499 4.8174756580346496e-10
11607 3 249209.92223277499 0.0508135079781998 3.9923356928058598e-10
11608 3 248718.282165474 0.055472295773177097 5.2545986693820699e-10
11609 3 249120.082142247 0.051313202231304797 4.6483552225280098e-10
11610 3 249472.131707152 0.052763216313750999 3.3165543264083101e-10
11611 3 249274.45686500799 0.050535428319430198 4.2327589720876298e-10
11612 3 248895.65086742499 0.053643229307361803 3.8148658212785001e-10
11613 3 249233.08776322901 0.053083022747801897 3.0990901806475998e-10
11614 3 249055.326399782 0.0519450527679957 3.7550864222518602e-10
11615 3 249528.04613022399 0.050370155040924798 3.9149214266860302e-10
11616 3 249506.41442494799 0.051689857991601397 3.4799794268976999e-10
11617 3 249139.07222042099 0.051168906267189701 4.5613218141745302e-10
11618 3 249024.54144593101 0.054249537973408 3.0358619298444901e-10
11619 3 248991.902694527 0.052525095456635397 3.7652384172843903e-10
11620 3 249152.602056998 0.053813794085598401 3.0872177782469099e-10
11621 3 248767.799287987 0.056583061561851 3.08579563215842e-10
11622 3 249296.74851867699 0.053054300160886997 3.1424381388131601e-10
11623 3 249070.03364056101 0.054104920180568998 3.0501632640096702e-10
11624 3 249231.178141115 0.053283082561849202 3.1027987990158202e-10
11625 3 249565.86412778599 0.050759895949546503 3.9262427498916399e-10
11626 3 248958.689755511 0.052847108028381197 3.8045122248877199e-10
11627 3 248485.14433560299 0.06058652941217 5.6158513437229602e-10
11628 3 249276.82101907299 0.051333616887929603 3.4416736410662799e-10
11629 3 249050.18395074201 0.053650508471029201 3.0573297363617398e-10
11630 3 249195.90780190699 0.053379992932052998 3.08888946777389e-10
11631 3 249289.36649500299 0.0519908564891116 3.2479098583679898e-10
11632 3 249282.72534251201 0.053444502968135202 3.16657245269672e-10
11633 3 249413.59649218601 0.056622798085693898 3.3862059354079703e-10
11634 3 248698.25979241301 0.057745408256199102 3.1228406164075299e-10
11635 3 249270.53921583301 0.062850564946338297 3.4017689803882901e-10
11636 3 249025.66676835701 0.054038482817653298 3.0369055090246303e-10
11637 3 248664.99642288199 0.058313180778266499 3.1570980545378198e-10
11638 3 248501.070331144 0.060559582617587697 4.82253860439035e-10
11639 3 249424.546208099 0.0523758387891795 3.2460564692915302e-10
11640 3 249452.84114554399 0.053983642283177397 3.30594006548129e-10
11641 3 249241.28374020901 0.051237967817791601 3.5319942998439102e-10
11642 3 248874.774961727 0.053161352475713797 4.6476095406642397e-10
11643 3 249263.49379986199 0.052908291638522197 3.1231569706334798e-10
11644 3 249411.355696357 0.056768928279187301 3.3952504092834702e-10
11645 3 249252.97838310301 0.053122358503714801 3.1207799871103599e-10
11646 3 249007.07713155801 0.054333378987500403 3.0313238829949902e-10
11647 3 248931.267065475 0.052842887437205603 4.53425704518347e-10
11648 3 249571.42560548501 0.050983653425649103 3.7338303733689998e-10
11649 3 248794.320609869 0.054216125227893201 4.7109073800573999e-10
11650 3 249325.17431506401 0.051304906394623297 4.1008559048388301e-10
11651 3 249167.44983239 0.050982156243529898 4.2736986489393002e-10
11652 3 249563.41922828599 0.0525947549901375 3.56538405905363e-10
11653 3 249573.69874000599 0.051139346684004203 3.5725369300630602e-10
11654 3 249202.92026025499 0.0511731788127823 5.3710207270237203e-10
11655 3 249556.34259456 0.052548381059501298 3.8776151958802002e-10
11656 3 249514.24588796601 0.053106364579705398 3.6360391805134699e-10
11657 3 249023.71421983399 0.051639548485139297 5.1601185686985796e-10
11658 3 248860.43053746401 0.052890085226402699 5.2698004765458396e-10
11659 3 248965.19038694 0.054635628665287997 3.0315933286996298e-10
11660 3 249301.56001421501 0.050486090388260602 4.3927143321272099e-10
11661 3 249112.399108376 0.0534783447809093 3.0568732731571098e-10
11662 3 248931.622955959 0.053831866580926001 3.3675341229700399e-10
11663 3 249405.02036327199 0.050594761098055697 3.56524475756774e-10
11664 3 249036.13198248099 0.051916474061029602 3.9248993069192702e-10
11665 3 249030.30362777601 0.053707753098357201 3.0722461217771898e-10
11666 3 249199.283351491 0.067368229135354299 3.55557221126336e-10
11667 3 248617.32912683699 0.059106739637435499 3.25967399406966e-10
11668 3 249180.32454496701 0.0537281461220337 3.10096627664131e-10
11669 3 248899.285811304 0.054559379478901 3.1684605784870601e-10
11670 3 248565.609682401 0.060081200722515597 3.35443391418466e-10
11671 3 249199.825506127 0.051114919494592702 5.2021229109302103e-10
11672 3 249207.57710706201 0.066648273342712602 3.8530762851174701e-10
11673 3 249124.22804871699 0.068718351729977603 3.7525773869484999e-10
11674 3 249306.104578828 0.051043821857756598 4.5911311669491799e-10
11675 3 249303.12334195001 0.053362974744913499 3.1920545769596799e-10
11676 3 249435.37139215201 0.053180172594823598 3.2810372471147401e-10
11677 3 249348.902307009 0.051234753351019097 4.0021281083542002e-10
11678 3 249354.54106482901 0.053338565888989498 3.2443335790399899e-10
11679 3 249358.596728 0.050444488371834101 3.7875519136591701e-10
11680 3 248972.830551566 0.053189015349134797 3.4123749597606398e-10
11681 3 249075.873502795 0.0523038741462813 3.4291910676647401e-10
11682 3 249330.63996228899 0.0504273493800644 3.9596571418065999e-10
11683 3 249027.96887481 0.052837348164300399 3.3904646943146602e-10
11684 3 249052.14214441599 0.0522738183043817 3.5623605975635501e-10
11685 3 249385.87216828801 0.050344386375878597 3.8978369520143998e-10
11686 3 249042.684038356 0.052874874927502001 3.2779602821000699e-10
11687 3 249114.498058873 0.051795558590760203 3.5759088346729498e-10
11688 3 248936.028898911 0.054074767272134901 3.17946116029712e-10
11689 3 249299.32289338799 0.051606032817755103 3.3360134211566599e-10
11690 3 249377.82814323899 0.052981541392042801 3.2258523365344901e-10
11691 3 249002.821866046 0.053337695197973399 3.2546115766840898e-10
11692 3 248981.87851263001 0.0539857646840739 3.0766610196722299e-10
11693 3 248646.02530401401 0.058538788241762098 3.17740400420232e-10
11694 3 249020.02780065499 0.0533087000758318 3.1824275308111701e-10
11695 3 249000.677394756 0.053659693253285602 3.1194504144651501e-10
11696 3 249367.83394953201 0.053134825474377097 3.2363215419836002e-10
11697 3 248982.97148282899 0.053717543207733101 3.1668203195439502e-10
11698 3 248965.128370661 0.054050631033450001 3.11008674549862e-10
11699 3 248612.11997641699 0.058849070318276603 3.5079529217571298e-10
11700 3 249023.55122090501 0.051851115607923298 5.0879824635526603e-10
11701 3 248703.18385758999 0.055258180579485602 5.9481399657792896e-10
11702 3 249360.02580857999 0.053252225863894997 3.2432986174773198e-10
11703 3 249482.34353371599 0.050987217227106398 3.4661116620264402e-10
11704 3 249360.26379785701 0.050351664151090797 4.0912256476042599e-10
11705 3 249087.77978472601 0.051737998043334198 3.7190675916645201e-10
11706 3 248991.253433417 0.052231045132891299 4.17022287335536e-10
11707 3 249494.01753462199 0.052440451796696402 3.4135707849519398e-10
11708 3 249353.44705104901 0.053067976041151099 3.1989644778252302e-10
11709 3 249339.17483287599 0.053319350294883799 3.2147953409824699e-10
11710 3 249521.72211810201 0.051465629976614802 3.5131602260727498e-10
11711 3 249345.14923206301 0.053213446221947097 3.2090490183230598e-10
11712 3 249037.605786003 0.054007480854845497 3.0358025767188401e-10
11713 3 249442.05851188101 0.055030314054805303 3.3679758631430201e-10
11714 3 249363.50641073499 0.052886755313545301 3.1914366571582001e-10
11715 3 248821.99800527099 0.055663254453800402 3.09287056048457e-10
11716 3 248905.937501498 0.055083967936274798 3.0332116867260299e-10
11717 3 249098.59301000199 0.053461196580564502 3.05960366802473e-10
11718 3 249157.705093836 0.053349651166100097 3.0659433245513599e-10
11719 3 249246.57813149801 0.053507482996470603 3.1458015445113302e-10
11720 3 249261.52174750899 0.053548140915067002 3.1637192650994398e-10
11721 3 249119.319419279 0.051318193642219199 4.8661493666152999e-10
11722 3 249320.387701247 0.060787314342040398 3.3629610577045002e-10
11723 3 249572.23669095899 0.051254307117199999 3.4223644142434102e-10
11724 3 248576.81103083101 0.059823486534300002 3.34013938721901e-10
11725 3 249136.27178341901 0.053785346643306198 3.0721525148496998e-10
11726 3 249406.45177010601 0.0533516749866964 3.29594904722976e-10
11727 3 249389.69387202701 0.052794843137977797 3.2206425974672099e-10
11728 3 249073.744146716 0.051574411569870499 5.1921997609419098e-10
11729 3 248912.81364740699 0.052809263484275698 4.8935974254674697e-10
11730 3 249278.69356660001 0.051201962193186797 4.7209597217331903e-10
11731 3 248537.790515209 0.0599115683789299 4.7211950527243295e-10
11732 3 249064.43854420699 0.053395323238023699 3.0843471039858502e-10
11733 3 249147.719405057 0.051357009128031997 3.7013210480457503e-10
11734 3 249093.97575995201 0.0514967701878681 3.8800580183118798e-10
11735 3 249005.34045933501 0.052182348901615702 3.9732888039541801e-10
11736 3 249188.268496637 0.053173113745338799 3.0834936719689998e-10
11737 3 249127.18433965699 0.0532384663145462 3.07243899939216e-10
11738 3 249413.46912987801 0.050318918783023997 4.0293230221010902e-10
11739 3 249048.129407859 0.051772738217261298 4.1031236672668901e-10
11740 3 249095.28813777899 0.051522507714654699 4.9538653335716704e-10
11741 3 248881.942032675 0.054893268063322398 3.1170876287697001e-10
11742 3 248799.96295061099 0.055938404871371999 3.13485202752989e-10
11743 3 248719.220488833 0.057162054702450102 3.18850431045187e-10
11744 3 248849.20790930299 0.054654698796336401 3.4273498328968201e-10
11745 3 248820.70028753101 0.055999378379521597 3.0526021666807502e-10
11746 3 248953.67175910599 0.052638041642745798 4.4645078554170598e-10
11747 3 248886.78325757699 0.0552582152589099 3.03779089728134e-10
11748 3 249061.925935593 0.054083588735082198 3.0410759127190901e-10
11749 3 248968.570015698 0.054557660725013897 3.0300186741533598e-10
11750 3 249286.95528903999 0.053353214829321698 3.16115553586506e-10
11751 3 249173.512325822 0.0536881978593595 3.0861294826339401e-10
11752 3 249229.964618436 0.053512637720246101 3.1197467591833302e-10
11753 3 249306.08566528 0.052847004465695999 3.1420532540852398e-10
11754 3 248907.22732052201 0.053076384649549502 4.28219414266704e-10
11755 3 249335.22026825001 0.052698114802128 3.1703967136744598e-10
11756 3 248513.80175273999 0.060874587023917202 3.8737552332443e-10
11757 3 248595.63582731201 0.059108471446908402 3.8274612363767701e-10
11758 3 249182.057746684 0.050991290235095098 4.6919115025177296e-10
11759 3 249009.80552413 0.052163273505367001 4.3863544071517002e-10
11760 3 249357.97959920301 0.050408733352717498 4.2937463612335502e-10
11761 3 248687.74924868601 0.057877713683811699 3.1365024777874101e-10
11762 3 248625.004629409 0.0589256584577234 3.25042373400238e-10
11763 3 249489.66758305099 0.053664427481846702 3.5414646079347699e-10
11764 3 248822.45987923699 0.054139039994386899 4.4493303573433901e-10
11765 3 249566.800517667 0.052554657604216799 3.4142138982610899e-10
11766 3 249535.51297952601 0.050776453639228399 3.7513124831593499e-10
11767 3 248950.96814730801 0.054672314531432099 3.0312272731188102e-10
11768 3 249388.32753208201 0.053342807075114601 3.2679983455519302e-10
11769 3 249219.440237784 0.066760861775159303 3.4038378535151399e-10
11770 3 249237.86483022699 0.051601588716927098 4.3757003736537101e-10
11771 3 249120.28423702699 0.053812920966377097 3.0569423629207101e-10
11772 3 249413.21681265699 0.053296715460999997 3.29660775810183e-10
11773 3 249443.43416281999 0.055649200323270802 3.4435238291883998e-10
11774 3 249470.59322549199 0.053616826608745297 3.3640379993463099e-10
11775 3 249469.76734023099 0.050304281447955401 3.8210817404106702e-10
11776 3 249209.669656866 0.051315546822839501 3.5557107312879702e-10
11777 3 249393.61599973199 0.053270759009977103 3.2672564953515099e-10
11778 3 249070.972467549 0.051459769146297497 5.18250407517695e-10
11779 3 248917.64078456699 0.052537777659620102 5.2317775364945598e-10
11780 3 249108.052805785 0.069187465075102497 3.6697606540211303e-10
11781 3 249220.481255058 0.051285655642765299 4.8981669435354298e-10
11782 3 249182.1662559 0.067447966892001304 3.9882287833844099e-10
11783 3 249203.68287144499 0.066998244211524699 3.6835797343468899e-10
11784 3 249162.98212688501 0.067446147346656105 3.8044984498752301e-10
11785 3 249155.199450655 0.051285315750517799 5.2666897812693998e-10
11786 3 248715.10664587701 0.054619520065036599 6.9666733239799704e-10
11787 3 249120.04448925101 0.068360036769627597 3.5549460686958097e-10
11788 3 249084.17749711499 0.069857218505521304 3.4390080908911699e-10
11789 3 249057.83109621899 0.051770066495921398 4.7838944181493397e-10
11790 3 249024.02071415199 0.0722118380736851 3.3600318707149998e-10
11791 3 248545.47680948899 0.057588279514538501 1.04289107616726e-09
11792 3 249240.43044467099 0.051165898471763102 5.0934212746837103e-10
11793 3 249560.29829882499 0.052545127779767699 3.72452053421119e-10
11794 3 249525.64781182501 0.052778703817488802 3.6958588680675e-10
11795 3 249433.50927906201 0.053569117414280498 3.31768685490236e-10
11796 3 249437.09534315101 0.051101047038054598 3.61436863421679e-10
11797 3 249443.92412079699 0.051076622423231403 3.48765522836159e-10
11798 3 248459.88484817601 0.059027616301253798 1.2926506572419899e-09
11799 3 249012.39733760699 0.072618837230060296 3.37383481623212e-10
11800 3 248558.086628563 0.058506246503042598 6.8965936297744201e-10
11801 3 249386.62424154 0.050414011470099003 3.7471669292786799e-10
11802 3 249124.361433224 0.052111517237460603 3.4100951693726698e-10
11803 3 248582.84585236199 0.057321691142257401 7.7139361567564695e-10
11804 3 249047.66185487201 0.053402794675335798 3.1131837702187898e-10
11805 3 248967.26812742601 0.074320824375748606 3.41007957987157e-10
11806 3 248426.496345172 0.059407480485969798 1.1590170350252701e-09
11807 3 249414.12364546099 0.052198312375031801 3.2471075242219798e-10
11808 3 249441.86529214401 0.050348853777870302 3.7056588844257399e-10
11809 3 249298.84737088799 0.050493899795982802 4.0184930071139802e-10
11810 3 248954.171356042 0.053701010780690402 3.2720682520910198e-10
11811 3 249014.27702033299 0.052530212846240203 3.5900887854973102e-10
11812 3 249426.16132190599 0.052900258010046899 3.2457214770617399e-10
11813 3 249180.80327751901 0.0517265970817073 3.4330359032824999e-10
11814 3 248917.28867990899 0.054421626969983802 3.1200187819320201e-10
11815 3 248456.110980636 0.060083344946647202 8.1027367390739798e-10
11816 3 248487.51683256199 0.061197136989033903 4.1435816375018298e-10
11817 3 248963.15411136099 0.052519057354010398 4.2315993179023501e-10
11818 3 248459.27806433101 0.059400276458557201 1.0132522634338599e-09
11819 3 249172.84753996701 0.053114935951063702 3.0800587464460602e-10
11820 3 249111.02755406999 0.0532149454349981 3.0849229042172201e-10
11821 3 248945.063221266 0.054787495781524198 3.0313015454060098e-10
11822 3 249375.91332215199 0.052677500585111801 3.1923014796288803e-10
11823 3 248401.24106730099 0.059899346612873501 1.1914516678889499e-09
11824 3 248953.984255736 0.074840581940044504 3.43177358309608e-10
11825 3 249399.71665375799 0.0511065242128598 3.6530777282102699e-10
11826 3 249487.87618508999 0.051077350398934802 3.37134851352737e-10
11827 3 249402.99248452799 0.053184573688403798 3.2615151324777802e-10
11828 3 248916.83787994899 0.054202759252934399 3.2469398335440401e-10
11829 3 248954.525010187 0.053209363683192498 3.5659115152761799e-10
11830 3 248753.86075550699 0.056533961150369197 3.1599287280959001e-10
11831 3 249178.577336558 0.0512405154349228 3.6690154958375902e-10
11832 3 248562.16739636299 0.059541930046063 4.16002721204527e-10
11833 3 248835.112260892 0.0553839757322485 3.1310181326852399e-10
11834 3 249123.98118018999 0.051324121116124603 3.8375734666069798e-10
11835 3 249446.072944218 0.050301480862369699 3.9817690793388502e-10
11836 3 248599.32486339001 0.0565681675684249 8.9595899007692596e-10
11837 3 248674.32588954599 0.057849527428565403 3.2400881385990802e-10
11838 3 249076.63574243101 0.051542335508585897 4.0458492719520498e-10
11839 3 248585.57217475501 0.059601896012060597 3.3304109110656e-10
11840 3 248442.71394820901 0.059587165427279397 9.607229401191461e-10
11841 3 248779.37729015699 0.0564828886704122 3.0628528380766802e-10
11842 3 249091.42593707301 0.051529372349036297 5.1683486159154503e-10
11843 3 248928.89101097701 0.052816807684233302 4.7953740435954797e-10
11844 3 248846.18665648901 0.055645336688813003 3.0428550481706702e-10
11845 3 248426.715604408 0.059851894858223703 9.3061869237361699e-10
11846 3 249211.570259764 0.050805857007396399 4.5926735466164602e-10
11847 3 249035.56725595999 0.051902301089320403 4.3183625230801602e-10
11848 3 249387.31943020801 0.0503611108295378 4.22977916371779e-10
11849 3 248946.41706228201 0.054359814436696102 3.0784154394334501e-10
11850 3 249308.361999933 0.053253840238140698 3.18550195230679e-10
11851 3 249322.36938996401 0.052915985208099002 3.1675060852327901e-10
11852 3 248444.54563267599 0.059141925076070898 1.24137734857841e-09
11853 3 249091.63636237601 0.052650372104715501 3.2619317595727298e-10
11854 3 248911.03790196899 0.0549674016115929 3.0334379604553201e-10
11855 3 249348.76514073601 0.050718708145735501 3.5857749604073101e-10
11856 3 248411.61794632301 0.059654840023251401 1.1386561436496301e-09
11857 3 249193.105720872 0.053589687089966899 3.1027225370118e-10
11858 3 249082.832746578 0.053940241390932397 3.0481060795684402e-10
11859 3 249417.69679302099 0.050319502869922497 3.8539530203331798e-10
11860 3 249250.004761763 0.053417317291314298 3.1406012857177601e-10
11861 3 249147.90080086599 0.051650876982868903 3.54987872390393e-10
11862 3 248749.16206468499 0.055334454163167401 4.6098412805985598e-10
11863 3 248413.29895850999 0.060080420210760398 9.7595371994714497e-10
11864 3 249501.932123081 0.053412833650983801 3.5752989899035402e-10
11865 3 249365.26277572699 0.050545536871375599 3.65915224055587e-10
11866 3 249160.36218408999 0.0513037856898143 5.3957065816791899e-10
11867 3 249498.863695732 0.050567292566304399 3.9797209974070299e-10
11868 3 248527.93880149399 0.060676609157495398 3.6116021568480401e-10
11869 3 249531.89717412199 0.051111738149352499 3.2566523098133898e-10
11870 3 249355.60856983101 0.051177208980100197 3.84519978407689e-10
11871 3 248509.12483406899 0.058648930359460602 8.6611293741224402e-10
11872 3 249271.856359136 0.050602670225686201 4.4704613503036101e-10
11873 3 248555.02825474701 0.058908890062690698 5.6127051176159295e-10
11874 3 248841.737640551 0.055742491031432903 3.0436091594688602e-10
11875 3 248867.939859551 0.055187177587058801 3.08008771977868e-10
11876 3 249446.42748498 0.0530278585727392 3.2751889574932799e-10
11877 3 248454.31912597999 0.0614563531706755 5.0805721318770601e-10
11878 3 249119.28921712199 0.0514004487988763 5.3127608313140704e-10
11879 3 248969.118879482 0.052314155209131498 4.9985630331072601e-10
11880 3 249266.04231324399 0.051448322913284099 4.5060285874694601e-10
11881 3 249299.16349543899 0.053433657973579997 3.1945468549167802e-10
11882 3 249468.765347632 0.050438070366457102 4.1338375540425402e-10
11883 3 248654.11661558601 0.058190962294500201 3.3717061379347098e-10
11884 3 249422.18509681299 0.056144905597562002 3.3688446608490901e-10
11885 3 249442.30398612001 0.054999756228804798 3.3593735505185702e-10
11886 3 249367.54887716699 0.053396606391992202 3.26176383216902e-10
11887 3 249212.47098506801 0.067144284686797701 3.2428507157815502e-10
11888 3 249253.64955889 0.051368781269481301 4.2144028318268598e-10
11889 3 249132.096276973 0.067927551318608698 3.5981331737994002e-10
11890 3 248490.25017431701 0.058408374916380998 1.1826056412813699e-09
11891 3 248656.93969498001 0.055474776037307098 7.9369975222826997e-10
11892 3 249415.18788138599 0.053067892223780597 3.2517446399063401e-10
11893 3 248538.40713343699 0.0581670467278654 8.3606319907802303e-10
11894 3 249282.17990889799 0.050708978842201699 4.8297339753658695e-10
11895 3 249438.60590901799 0.0553165810550506 3.3297684575997599e-10
11896 3 249080.537687895 0.054012403281977997 3.0507214907285298e-10
11897 3 249041.120312037 0.071527998323005104 3.3910167824712e-10
11898 3 248532.57699539899 0.060112528122754798 4.3036008259801502e-10
11899 3 249535.49343330201 0.050954647061327303 3.5830157018450802e-10
11900 3 248488.07527829701 0.059934616269412697 6.5902483249456804e-10
11901 3 248532.54285045699 0.060496139216956797 3.6512959863588599e-10
11902 3 248632.522766821 0.057375459676923202 5.1828356776410596e-10
11903 3 249136.34447885101 0.051350036741839598 5.3002676702381198e-10
11904 3 248984.48176963799 0.052310478196388802 4.9398978942242203e-10
11905 3 249438.58417875599 0.052720256256987001 3.2463533747017398e-10
11906 3 249334.150523063 0.050579464138829397 3.6950874086533698e-10
11907 3 249532.19470163001 0.051077891644539498 3.4567840084140698e-10
11908 3 249247.08950202301 0.052837796713179397 3.1129541127866502e-10
11909 3 249421.21918061 0.050450630660413102 3.6317455541945902e-10
11910 3 249285.59516986599 0.051379699406900702 4.4570955064097798e-10
11911 3 248689.15285453299 0.057511562535800503 3.2883698508834101e-10
11912 3 248502.13657927699 0.060106298021109401 5.7954543063749397e-10
11913 3 248716.29652660101 0.057360988841395899 3.0996136056440699e-10
11914 3 249576.95767899201 0.0508560568236852 3.96057597997278e-10
11915 3 249320.374511409 0.052605686809211398 3.1568771000645998e-10
11916 3 248653.142792703 0.058366548019266898 3.1794947522466299e-10
11917 3 249426.49304571899 0.051900852108337198 3.2884702410834499e-10
11918 3 249288.950102823 0.0534898990026038 3.18349864517411e-10
11919 3 248630.386453985 0.058454251754122298 3.56971391616936e-10
11920 3 248676.61035470199 0.057243516757015299 4.0861662530110898e-10
11921 3 249029.66635022499 0.054147498038931402 3.0343417167951498e-10
11922 3 249167.22443140199 0.051120565408602402 5.0000698128222404e-10
11923 3 249003.60531258801 0.052247806782562203 4.6352550466063999e-10
11924 3 249215.566132526 0.0507925189991629 4.1703511886684798e-10
11925 3 248975.14323999101 0.054434386239489499 3.0309033395832802e-10
11926 3 249139.836467407 0.053695433523568897 3.0687191217002901e-10
11927 3 249249.52933443 0.050722803248795703 4.7498908316621905e-10
11928 3 249332.31346838601 0.0504911689446901 4.5072054519491898e-10
11929 3 249353.22785590301 0.052044339519110999 3.2337632096700099e-10
11930 3 249373.65016799801 0.050977225146426802 4.11075572502451e-10
11931 3 249088.40914028001 0.069737332933048193 3.6133409255430701e-10
11932 3 249553.81267954101 0.052558148342133702 3.9615535796934802e-10
11933 3 249376.409681288 0.058535650394148701 3.3835769679073299e-10
11934 3 248683.154326866 0.057276868275641601 3.72851459696619e-10
11935 3 248719.84677606501 0.056362704745880302 3.8738882040316298e-10
11936 3 249353.427206119 0.050687561233370003 4.5198378359203699e-10
11937 3 249445.534422097 0.050501751616145597 4.19639067973336e-10
11938 3 249458.60017576799 0.050639350372573201 4.05045091427402e-10
11939 3 249115.08107580399 0.0513206128703367 5.2458241356006898e-10
11940 3 248972.488501791 0.051984026718878501 5.1622664033949603e-10
11941 3 249257.54488454599 0.051276173184730003 4.7768405590200501e-10
11942 3 248881.26136753199 0.053312206842212898 4.3573121256570898e-10
11943 3 249445.37951303399 0.054233037347683699 3.3623228518864498e-10
11944 3 249235.434533002 0.052371191780107303 3.1806624196082401e-10
11945 3 249534.15212368901 0.052548839957177698 3.8260300632471202e-10
11946 3 249343.96807412 0.051380067422435997 3.3663284574785798e-10
11947 3 248852.72105457899 0.055035982883246903 3.18439789534912e-10
11948 3 248451.938106708 0.060519433093911897 6.4354134614620601e-10
11949 3 248439.97907542199 0.0617568099364601 5.8636937239823503e-10
11950 3 249434.158128599 0.053694206285928699 3.3337314183769002e-10
11951 3 249342.42559190301 0.053405168036145603 3.2395942250202302e-10
11952 3 249336.97485746699 0.0602625795143934 3.33839887962504e-10
11953 3 248471.55310902701 0.061706101262729803 4.4682006181480802e-10
11954 3 249391.38145451501 0.0534298092532293 3.2834535510386602e-10
11955 3 249333.96714385899 0.050615069803198201 4.6134323052853501e-10
11956 3 248710.95637872 0.057484890172770302 3.1020729884131898e-10
11957 3 248519.24363789201 0.0610119151124313 3.6792299431494102e-10
11958 3 249340.46434774101 0.053443596857002 3.2350141918338702e-10
11959 3 249287.262764432 0.053526542123442003 3.1885749697451298e-10
11960 3 249233.35573982101 0.053635905872501999 3.1459539659881402e-10
11961 3 249179.14279841099 0.053769088855123499 3.1090418281791901e-10
11962 3 248699.85497361299 0.057783500804585303 3.1228333869789899e-10
11963 3 248952.037808219 0.054848578069042898 3.0411025536847799e-10
11964 3 249068.38250373799 0.054159087240366797 3.0585747391925802e-10
11965 3 248828.48515927099 0.056021062212601502 3.0563457544947699e-10
11966 3 249011.220568066 0.054453047175637703 3.0459190058580302e-10
11967 3 249124.22006575999 0.053938601019776398 3.0801768264220202e-10
11968 3 248891.14529988501 0.055363669321809403 3.0443286511371898e-10
11969 3 248764.52201829699 0.056826151919827698 3.0802107918377802e-10
11970 3 249335.54858597799 0.053388809025882 3.2166668193676698e-10
11971 3 248567.480063981 0.0599260391449195 3.48704273702845e-10
11972 3 249203.255846321 0.052920652308301203 3.1002251668200598e-10
11973 3 249404.179396861 0.052586633083523397 3.2232204567034602e-10
11974 3 248757.90269018701 0.056789556027047002 3.08070644210945e-10
11975 3 248733.67211615399 0.056843447552358303 3.2328857711955601e-10
11976 3 248557.77581145501 0.059419961208980299 4.8246443793864796e-10
11977 3 249478.91767189401 0.053864546034054099 3.5122380924681598e-10
11978 3 249423.73266980899 0.053270267083380202 3.28922275038653e-10
11979 3 249174.72932975201 0.051073798943404802 3.7954438624697002e-10
11980 3 249440.94465753 0.0538832249762103 3.3472656244666301e-10
11981 3 249496.16349377 0.050319209137856299 3.9397500446733601e-10
11982 3 249067.024396686 0.053983899805418602 3.0391373012160998e-10
11983 3 249092.57067807799 0.051481019179930303 4.2216055084684801e-10
11984 3 248482.93048185401 0.059038023842658501 9.8284511821190905e-10
11985 3 249177.00259756501 0.053600104450702103 3.0818897923125598e-10
11986 3 248983.11529129199 0.052430165640650901 4.7067836164418898e-10
11987 3 249144.117550567 0.051291790371611003 5.0835196588046901e-10
11988 3 248516.895613278 0.060682061965578397 4.0042080463703699e-10
11989 3 248952.97729059699 0.074850719571918897 3.4234840144460499e-10
11990 3 249028.81838214301 0.053911364655372801 3.0480343102347698e-10
11991 3 249190.575719816 0.053659240109074198 3.1069284468931297e-10
11992 3 249432.11009336801 0.050578695805117403 3.5490575055259398e-10
11993 3 249368.24889213999 0.052176268843675003 3.2270265858853699e-10
11994 3 249299.18686809301 0.061673310822488198 3.3835483042606298e-10
11995 3 249333.415055171 0.050952582815424897 4.47061577577932e-10
11996 3 249175.67198147601 0.050968151911635701 4.0591173126534403e-10
11997 3 248694.88613999001 0.057712739002283998 3.1387494961054698e-10
11998 3 249277.71496856 0.052660366265251397 3.1401669901584398e-10
11999 3 249066.91469629499 0.053065069637894403 3.1723979057455699e-10
12000 3 248636.108368391 0.056305379653907799 6.5712979442799603e-10
12001 3 248629.30486876701 0.058878610313261803 3.20265011456515e-10
12002 3 249320.33266933501 0.060851614911053002 3.3478565710495501e-10
12003 3 248670.74643187399 0.057826239447893599 3.4338182237814602e-10
12004 3 248643.49931730799 0.058050744310147097 3.9467879754415102e-10
12005 3 249382.55505298599 0.051868452179997103 3.2717991170924798e-10
12006 3 249014.05194249499 0.054209381116435897 3.0318251538643698e-10
12007 3 248957.507542201 0.054537981906601703 3.03546127800159e-10
12008 3 248722.567324887 0.056134683698557397 4.2513911171569001e-10
12009 3 249253.69163223699 0.053293469377053301 3.1317984916399198e-10
12010 3 249223.124291691 0.050881921379140903 4.8428053324621499e-10
12011 3 249304.83526292301 0.050582998451197098 4.5909343046849498e-10
12012 3 249387.083100619 0.050450150234853497 4.3522842853729698e-10
12013 3 249351.22919476399 0.052450212016647103 3.1891263757169102e-10
12014 3 248617.70863890499 0.058624596476326798 3.8785755630897802e-10
12015 3 249004.685406626 0.054412092617272798 3.0331912498269199e-10
12016 3 248474.525510395 0.061421228901261803 4.5480938820789999e-10
12017 3 249323.36874860301 0.050821862031586298 4.6942385053673496e-10
12018 3 249572.43953267799 0.052616112948344 3.1718074791788302e-10
12019 3 249283.68969033501 0.051324743291079097 4.1896606109121101e-10
12020 3 249350.32005471201 0.059669887158748103 3.3514474536475298e-10
12021 3 249308.39163025501 0.050745513238429199 4.8276374862484e-10
12022 3 249204.43591267199 0.052571234221776598 3.1520782633829098e-10
12023 3 248592.41126103199 0.059405690756847901 3.36078228342815e-10
12024 3 249260.31417193299 0.050995013781397099 5.1435004060215601e-10
12025 3 249176.44737352501 0.051251346127446203 5.3845583843226402e-10
12026 3 249388.05344640501 0.050798273001072501 3.50436904491516e-10
12027 3 249439.48339197799 0.050985592170237702 3.7521466137315101e-10
12028 3 248632.657922499 0.058735414968430197 3.2683521182906399e-10
12029 3 249480.759015522 0.052328724713765797 3.3494305893903102e-10
12030 3 248453.87628290401 0.061817365755769203 5.1414261986980698e-10
12031 3 249414.70459531801 0.053492148962648797 3.3060516092254198e-10
12032 3 249399.78201773801 0.0509301044426844 4.0234180158577398e-10
12033 3 248725.36075099799 0.057160344585376298 3.1060805635081799e-10
12034 3 248537.98383432301 0.0602673338078136 3.7865013673598799e-10
12035 3 249454.64788805801 0.052628832719804099 3.2694669542001699e-10
12036 3 248584.68481743999 0.0590182681163701 4.2044644462622801e-10
12037 3 249392.05125550699 0.0524457613842284 3.20943900331028e-10
12038 3 248496.67192766099 0.061338857237604398 4.0120887916222602e-10
12039 3 249367.05938402799 0.053413137937515301 3.2570821111086003e-10
12040 3 248708.21449147601 0.057113091251026898 3.3499835882198098e-10
12041 3 249262.49556775499 0.052574343511622899 3.1431494878610102e-10
12042 3 248635.868188964 0.058867512959611498 3.1933209528124198e-10
12043 3 249314.59433070201 0.053470274017144902 3.2091998517729401e-10
12044 3 249435.03701643899 0.055597251915660402 3.3818500103286301e-10
12045 3 249048.39400485001 0.053851020104123203 3.0431578523405901e-10
12046 3 249366.48707555601 0.051715107859042701 3.2903805306694498e-10
12047 3 248773.224741468 0.055330118555253202 4.01345282915392e-10
12048 3 249360.44749337999 0.050537465370747797 4.51705974145966e-10
12049 3 249260.690080631 0.0535674436483215 3.1643402876346799e-10
12050 3 248692.65666951 0.0573612440604402 3.5035693047994399e-10
12051 3 249293.45136073499 0.0523914751633347 3.1747564033689902e-10
12052 3 249316.35458630099 0.051208691149558998 4.3335176496903301e-10
12053 3 249298.982502959 0.051006226131558599 3.5299143918546899e-10
12054 3 249206.24125927899 0.0536869047780529 3.1242201607431599e-10
12055 3 249437.437124777 0.050824047622234497 3.9344854371024102e-10
12056 3 249402.59156253401 0.0514895353965849 3.3310507965414199e-10
12057 3 249040.433822038 0.054271509423384802 3.0502565904087e-10
12058 3 248732.10223034001 0.057234948009691602 3.0997774717921201e-10
12059 3 249152.28872039399 0.053832794499882798 3.0921773944922102e-10
12060 3 248859.51531031501 0.055633883048813101 3.0493455728214698e-10
12061 3 249096.383148547 0.054022959967146199 3.0665454863200201e-10
12062 3 248921.43372895001 0.055056219247500003 3.0414957129890701e-10
12063 3 248981.97969395699 0.054605466544986603 3.0418164005101398e-10
12064 3 248796.06322438401 0.056363404587049901 3.06712419900097e-10
12065 3 249329.671577887 0.050965112701776699 3.5098623789031798e-10
12066 3 249308.56340024201 0.0520968126241136 3.22301304194175e-10
12067 3 248433.27891570301 0.061369433458247302 6.6768081246093905e-10
12068 3 248815.981313711 0.055609057426104301 3.1836425735985401e-10
12069 3 249393.61476885201 0.050758044407761202 4.2355663541779702e-10
12070 3 248721.397706269 0.056734429998571999 3.5900959221000798e-10
12071 3 248732.60261320201 0.0565970943144515 3.4262254273236502e-10
12072 3 249143.10699658899 0.052971558000156301 3.1023758819501598e-10
12073 3 249430.22699734999 0.0511927801826473 3.40462834258552e-10
12074 3 248762.38173014901 0.055838480960989402 3.7287052599836899e-10
12075 3 249429.78797723001 0.050655571911289901 4.1308366245971301e-10
12076 3 249454.327471041 0.050909658457078899 3.4574498881911999e-10
12077 3 248807.60326400099 0.055009941104190302 3.6811373092323298e-10
12078 3 249278.301796388 0.0522940904648257 3.18826438051643e-10
12079 3 249441.44421588999 0.050358246262024398 4.1393940321826998e-10
12080 3 249413.64454377801 0.0505292542840085 4.2827723586940599e-10
12081 3 248766.23207144 0.055872590868761902 3.5135941650700799e-10
12082 3 249381.85136903601 0.0506213518218969 4.4138357898283498e-10
12083 3 249309.08654683799 0.051281985964178801 3.4280352816470998e-10
12084 3 249414.86987257001 0.050414541546443398 4.2813885257348501e-10
12085 3 249377.06488461999 0.051350575147055703 3.3663547926280998e-10
12086 3 249131.35122454999 0.051213001380759397 3.9701248232463099e-10
12087 3 249397.24808678601 0.051047822206058101 3.4368065923099701e-10
12088 3 249543.721440483 0.050427497671431003 3.9881043285306902e-10
12089 3 249415.955801009 0.050778505466015901 3.4927218070143599e-10
12090 3 248473.61040759401 0.059865641803099501 8.4289656315925602e-10
12091 3 248561.281081508 0.060109784228729903 3.4679709891007998e-10
12092 3 249497.38850739301 0.0507566791348356 3.5035815177002299e-10
12093 3 248509.13515940099 0.058203033501543398 1.0974723717303301e-09
12094 3 249460.53757523801 0.053861832750594099 3.2980597146630601e-10
12095 3 249187.661632309 0.052855938305187901 3.1080814010660603e-10
12096 3 249120.52706310101 0.051267135648691203 4.1567110437727298e-10
12097 3 248574.62744946501 0.059725000350788503 3.5575054627813998e-10
12098 3 249446.074007958 0.054161729750781498 3.3557960519362198e-10
12099 3 248428.71298091899 0.061560413605226599 6.8588380524868596e-10
12100 3 249470.40609561 0.050346617067229003 4.0896772317550197e-10
12101 3 249337.19331824899 0.052339699933928799 3.1894224150629898e-10
12102 3 249233.98966567899 0.051330827669775203 4.5911646346795003e-10
12103 3 248770.23062649099 0.056195422435957397 3.2096996282880199e-10
12104 3 249157.67678742201 0.051077276467134301 3.9188074101990298e-10
12105 3 249153.27808053399 0.068040709441741495 3.9655397677694202e-10
12106 3 248653.65065142 0.057951118280988999 3.6359710998057699e-10
12107 3 248420.41942133999 0.061185321244474997 7.8626091243882598e-10
12108 3 249441.835771894 0.055164545303845403 3.3809441857143299e-10
12109 3 249125.806219741 0.053886021399972603 3.07495128193394e-10
12110 3 248894.24118295399 0.055118797846493602 3.0403732283241502e-10
12111 3 249366.585445167 0.050812355686385799 4.3350061859392998e-10
12112 3 249471.91576340201 0.0506800069118944 3.4989457804244198e-10
12113 3 248804.62304298399 0.054950050252718999 3.9145814100606198e-10
12114 3 248423.57155515 0.060965104773961901 7.6594521013975898e-10
12115 3 249441.741706222 0.053861901499929303 3.3416089852082399e-10
12116 3 248854.84027360301 0.055483864784287899 3.0453558847446602e-10
12117 3 249233.61712736799 0.051000682636251203 3.6513453515203099e-10
12118 3 249086.941311762 0.053678359121841497 3.0466417952501699e-10
12119 3 249442.760290607 0.052175994086589197 3.2939594973958599e-10
12120 3 249135.52514632401 0.052271382777216401 3.2822617553950398e-10
12121 3 249365.65206784901 0.051073453489402398 3.4423300527356001e-10
12122 3 249059.78092797901 0.051781825362956703 4.52493915396305e-10
12123 3 249264.672365237 0.050934216445093598 3.6233634382482798e-10
12124 3 248478.40305508699 0.060877840896189202 4.8422347760918799e-10
12125 3 249013.385494883 0.054385086855319398 3.0397713860465802e-10
12126 3 249219.10557390499 0.0526521499582914 3.1327209550665699e-10
12127 3 248944.98371158299 0.052813077225899098 4.0105492304509298e-10
12128 3 249534.66637882899 0.051258700825747801 3.5486924199587702e-10
12129 3 249219.094091095 0.051121666275356699 5.3375011423799702e-10
12130 3 248606.39923138 0.059367879789811499 3.2401568209506602e-10
12131 3 248751.55823859299 0.056472080083410203 3.2943543867650798e-10
12132 3 249443.92417031599 0.055263498481254898 3.3225629030866799e-10
12133 3 248884.66441263299 0.054355413500626497 3.3808832087080501e-10
12134 3 249485.54410284199 0.050513973094199298 3.5523096648060101e-10
12135 3 249544.95362581301 0.051081714395569001 3.60828945880911e-10
12136 3 249233.14084929301 0.053412622756919999 3.1136337746847703e-10
12137 3 249507.113949166 0.050738576607646697 3.8054075397209498e-10
12138 3 248391.127665846 0.0601851724699611 1.1934970442687e-09
12139 3 248931.97611405401 0.075667133074604306 3.4366253394500201e-10
12140 3 248400.45318797501 0.060457242427334301 1.0227006330087399e-09
12141 3 249268.069810193 0.062996075298446905 3.4192508574689798e-10
12142 3 248985.50449076699 0.0542503810625658 3.03586154303989e-10
12143 3 249545.38549082499 0.052531916544579102 3.9406426413215902e-10
12144 3 248491.65229952399 0.060946392534641 4.3079691650630402e-10
12145 3 249000.195845279 0.073098844318318396 3.3609089133694701e-10
12146 3 249449.87286986699 0.055145819133837599 3.32379791126167e-10
12147 3 248898.589052472 0.054742379367433001 3.0864354829793499e-10
12148 3 249394.245777759 0.051151597689878897 3.7663789698940198e-10
12149 3 248462.125180784 0.060803790950415 5.6677093120147602e-10
12150 3 249465.22174557499 0.0508135606000992 3.8627175777157102e-10
12151 3 248870.72587803399 0.054668355071483002 3.2640391267939902e-10
12152 3 249299.81293275801 0.050564915676060897 3.8446136795621299e-10
12153 3 248458.358295504 0.061704700360739898 4.9029653269232204e-10
12154 3 248667.52106344901 0.0582573916657943 3.1557924099287201e-10
12155 3 249258.09717609899 0.050841429773952597 4.92640543518217e-10
12156 3 249435.218602034 0.053707138382185299 3.3414977253291398e-10
12157 3 249127.83712677099 0.052922122598275202 3.1271437238601202e-10
12158 3 249161.148392831 0.052674095409502297 3.1479530652099899e-10
12159 3 249266.70785744599 0.050641293914085402 3.9004801504863699e-10
12160 3 249234.72164920901 0.053592633533928097 3.1446318200195598e-10
12161 3 249227.44399160901 0.053584015567225599 3.1240050869741602e-10
12162 3 248642.616980886 0.057593828285660502 4.4333717025483098e-10
12163 3 249089.105978051 0.053825995537005199 3.0464681636288398e-10
12164 3 249050.54073321601 0.071172016555933498 3.3822021997084002e-10
12165 3 249402.58060350601 0.051070570806730303 3.8486022570719798e-10
12166 3 249219.94759393501 0.052046762414160903 3.2799415469324102e-10
12167 3 249450.96020628599 0.0518339999193526 3.3304057188507402e-10
12168 3 249502.74626685199 0.050437123948676901 4.0739902335782801e-10
12169 3 249082.48842045499 0.053087093741945202 3.1286182581333201e-10
12170 3 248549.08564717401 0.060468809299896099 3.48528035043955e-10
12171 3 249117.740278404 0.053887811360409398 3.05993937299655e-10
12172 3 249160.34900522401 0.068052720987152801 4.0304478872450799e-10
12173 3 248476.367963344 0.061564142773322901 4.40009917991525e-10
12174 3 248891.28416740999 0.055286084558882301 3.0381974332766e-10
12175 3 249221.79127064499 0.051083042786446597 5.2510388395028796e-10
12176 3 249258.98521535099 0.063334014931331006 3.4119370126336901e-10
12177 3 249162.05673793601 0.053417092663433099 3.0720120147299299e-10
12178 3 249185.44834499201 0.0511693197242135 5.2068816468481098e-10
12179 3 249323.79328166801 0.060765693509111499 3.3393617872109898e-10
12180 3 249202.95109181301 0.050974156228347299 3.7634284749770699e-10
12181 3 249084.100245115 0.051553893659773802 4.4519511886184202e-10
12182 3 248834.01255946801 0.055238967098306203 3.2515774068348503e-10
12183 3 249206.402856895 0.051024864462951298 5.1241944274312805e-10
12184 3 248510.374529024 0.061037303675479 3.8553667525129299e-10
12185 3 248789.68924172799 0.055798027650042097 3.27763123634739e-10
12186 3 249509.648556926 0.0505879611412062 3.55469207597187e-10
12187 3 248862.546911593 0.054060241686407898 3.8630971361620801e-10
12188 3 249195.98574964801 0.053493254587960601 3.0972301216039099e-10
12189 3 248599.92606090699 0.059489118674505397 3.2751901211048299e-10
12190 3 248883.11888199099 0.055353844476635002 3.0384814475147002e-10
12191 3 248764.11458629899 0.056753447246417899 3.0725216074435001e-10
12192 3 248510.67299232501 0.060280737241279803 4.8980837806849295e-10
12193 3 249339.89347510599 0.051127373837759303 4.2334363632535398e-10
12194 3 249507.04267968301 0.050917556544369899 3.6294847369233002e-10
12195 3 249247.15342016099 0.0506555098053642 4.1049054127308e-10
12196 3 248851.630082277 0.054854651610722602 3.3391172373221199e-10
12197 3 249431.56507348199 0.053592619552950603 3.32052464832505e-10
12198 3 249178.406237149 0.052191964997511199 3.2735931611050697e-10
12199 3 249294.82714864699 0.051404296451298799 4.2762949802586998e-10
12200 3 249572.772407046 0.051340985492119497 3.2574448167180999e-10
12201 3 249240.20167100901 0.050970360376117102 5.1726852249935904e-10
12202 3 249402.447280739 0.053397783172860598 3.2980897845739902e-10
12203 3 248860.35702823399 0.055618631587633 3.0436660190468702e-10
12204 3 248731.662540169 0.057247740873108501 3.0937650765518102e-10
12205 3 249436.656176346 0.053577712069587398 3.31910775765597e-10
12206 3 248612.086205773 0.058413893559719599 4.2412608417437402e-10
12207 3 248983.31905311099 0.073752898536243894 3.3555585380464401e-10
12208 3 249320.82587427401 0.050754603000188199 3.6128040751860802e-10
12209 3 249323.34286110001 0.0512749779382973 4.01441726544774e-10
12210 3 249565.92892433901 0.051255358047162601 3.2010412514249901e-10
12211 3 249515.68397466801 0.050404115756904198 3.6641421595044401e-10
12212 3 249228.295239181 0.064564506282436498 3.4194184248043299e-10
12213 3 248403.51714103 0.060232847852944901 1.01999189914751e-09
12214 3 248438.90922893499 0.060301040914934802 7.9898354784322402e-10
12215 3 248829.78002319901 0.054343521684457698 4.16707896525486e-10
12216 3 249541.59156851799 0.051135909985497802 3.3032542399662798e-10
12217 3 249470.43273408801 0.053359653550706099 3.2984815307525598e-10
12218 3 248754.441158067 0.056890934761952401 3.0821260793598999e-10
12219 3 249465.43578618401 0.050347127185881399 3.6810070498469301e-10
12220 3 249568.68138231401 0.052853004716294401 3.25712074665771e-10
12221 3 249271.405429184 0.051478686463793201 4.32674698196397e-10
12222 3 248597.980511854 0.057602046994709298 6.4693049320138002e-10
12223 3 248918.22402126901 0.054840416932413802 3.0385413243423402e-10
12224 3 248445.45868120101 0.061606327672506601 5.7588005321970696e-10
12225 3 248843.72889641699 0.0555899520638009 3.0587609211622599e-10
12226 3 249097.59422171101 0.054002208978503698 3.0627902776976801e-10
12227 3 249550.738296834 0.050895835885937199 3.6695575325457002e-10
12228 3 248469.30743248199 0.060283463674039903 6.6260826917977101e-10
12229 3 248982.99723711799 0.054583233768044997 3.0368167453412298e-10
12230 3 248773.58620873 0.056011171377261901 3.3719088529993302e-10
12231 3 249519.31571216899 0.050474538297508698 3.6086091810915001e-10
12232 3 248518.236372121 0.059937296604751999 5.2468735443081297e-10
12233 3 249252.040389728 0.052083954637382503 3.2479628375812598e-10
12234 3 249141.485909015 0.051168567298258902 4.3366191129105198e-10
12235 3 248771.55780603 0.055210979043569398 4.3562282193229199e-10
12236 3 248514.834032246 0.059651127254696103 6.3854859438244803e-10
12237 3 249076.340639501 0.053843314378020299 3.0404034540700001e-10
12238 3 249466.2166865 0.050977988523259098 3.6895959603103399e-10
12239 3 249393.564415256 0.053404014645628398 3.2843455530047702e-10
12240 3 249207.195100182 0.053669425808617 3.1238614238136103e-10
12241 3 249221.50478161999 0.052286040006513997 3.2075580992719098e-10
12242 3 249447.29058194699 0.050438544588345499 3.6116468003692098e-10
12243 3 249497.50143545499 0.050406573460407299 3.6073501414871199e-10
12244 3 248579.59660292699 0.058919016634180997 4.8512810267572701e-10
12245 3 248811.64592501399 0.055338885949851903 3.36144156209574e-10
12246 3 249125.73655144501 0.053707954646670601 3.05503273103406e-10
12247 3 248485.49371538099 0.061370162462526801 4.1108498851689602e-10
12248 3 248521.06477407599 0.060891045472193601 3.6363117541011499e-10
12249 3 248478.44366246799 0.061178210120948998 4.5943977950012899e-10
12250 3 248801.79482854001 0.055418335901120698 3.4533463399614602e-10
12251 3 248495.47673162 0.0593923575820339 8.1067936343402302e-10
12252 3 249315.23110080601 0.053454765077821702 3.2130382608947901e-10
12253 3 249181.89771296701 0.052365020981306298 3.2046042191667799e-10
12254 3 249457.45146721299 0.052913539007322201 3.2759852804509103e-10
12255 3 248497.43517995 0.061301884022104403 3.9732199223361901e-10
12256 3 248575.32558784299 0.060000132483366997 3.3288802670511198e-10
12257 3 248527.929394337 0.0603694581161923 4.2673451053472797e-10
12258 3 249437.65008046699 0.051529727051319502 3.3430050804911998e-10
12259 3 249378.87793385799 0.051111900937154099 3.9203617706003298e-10
12260 3 249415.55834156999 0.053489374670739102 3.3152987590070002e-10
12261 3 249514.71651762401 0.0503717766647898 4.01791471116028e-10
12262 3 249390.376651353 0.057878561027251599 3.4050708467540397e-10
12263 3 248415.03326081301 0.060632520905786698 9.0610473244266195e-10
12264 3 248412.963318697 0.060838691088881097 8.8765181956514895e-10
12265 3 249406.03232077 0.057182339308896303 3.3987614037291601e-10
12266 3 249286.338832568 0.050866133564416501 4.9322994746783496e-10
12267 3 249145.09963263301 0.053588928777548603 3.0664132706103501e-10
12268 3 248609.01989412101 0.0582257525076849 4.8574713165398397e-10
12269 3 249467.58081460401 0.053799332991606601 3.2965347663074301e-10
12270 3 249133.54354494801 0.053576798522644201 3.0582071698144598e-10
12271 3 248461.37603914799 0.061141600266089002 4.9923992577763901e-10
12272 3 248586.69961235099 0.058208943997692303 5.4399589639422098e-10
12273 3 249500.114161823 0.051045606790020702 3.5008751421710102e-10
12274 3 249099.017786663 0.053679079145165801 3.0496488741795501e-10
12275 3 249179.82971382601 0.053497101593739098 3.0773461609771201e-10
12276 3 248584.254198398 0.27410977962136202 3.2568897065323699e-10
12277 3 248478.75184079999 0.28029314615955597 3.2611265068327299e-10
12278 3 248325.118002993 0.29113737384421101 3.4316108451791801e-10
12279 3 248580.775388318 0.27430254336941201 3.2652346771391099e-10
12280 3 248597.75612147499 0.28094832821476101 2.7900843584939301e-10
12281 3 248312.57996112001 0.29235001749085199 3.4426040439685898e-10
12282 3 248324.12062749601 0.29146604796102199 3.4415981400081398e-10
12283 3 248510.60616134401 0.28167601158362798 3.2458372933829403e-10
12284 3 248341.22999173001 0.28916046168829301 3.3691292722710302e-10
12285 3 248580.74945850199 0.27938134700324402 2.8304239721872599e-10
12286 3 248587.033195964 0.275772904514552 2.8661192665271198e-10
12287 3 248607.757864605 0.273563710692589 3.1179264636642499e-10
12288 3 248400.55285112301 0.28568998893452902 3.3959669200251502e-10
12289 3 248478.97558138499 0.27907102074691797 3.2720509567028598e-10
12290 3 248485.08629590299 0.27925606838142403 3.1140927372436299e-10
12291 3 248604.265872088 0.27368097274319098 3.0967296069764002e-10
12292 3 248458.833736075 0.27957990222044199 3.7064892702915498e-10
12293 3 248391.13601202 0.286331244133253 3.4034859749894398e-10
12294 3 248436.48497463501 0.280414153593255 3.5252059090952699e-10
12295 3 248510.754540694 0.28057407470611401 3.36866525400841e-10
12296 3 248499.32815312399 0.27853641341680402 3.0972763121097801e-10
12297 3 248590.99326947701 0.27630276310690599 2.8286287479494801e-10
12298 3 248359.00366936301 0.28770693796743002 3.3317701237552799e-10
12299 3 248453.11500602399 0.27957256477446102 3.4326921588580002e-10
12300 3 248504.93753220001 0.29154669366646702 3.0125656301464902e-10
12301 3 248601.314095612 0.278993371247306 2.7872411733045401e-10
12302 3 248606.665793183 0.27378921217683599 3.05719507644311e-10
12303 3 248583.232190804 0.27777439513735303 2.81522044789357e-10
12304 3 248580.413468958 0.27603539829414597 2.8651823848635101e-10
12305 3 248581.029071725 0.27651445814571501 2.8377159955544898e-10
12306 3 248589.71964995799 0.27816113007875698 2.80438013674153e-10
12307 3 248596.52926326499 0.2737137878434 3.1639078690562702e-10
12308 3 248477.97243661 0.28539843259540099 3.14295292971622e-10
12309 3 248593.13628419701 0.27391536700944102 3.1338033795406101e-10
12310 3 248372.874828884 0.286320550935874 3.3203462819745799e-10
12311 3 248463.70967405601 0.27979260973527698 3.3607348880542701e-10
12312 3 248474.710747 0.280695661450232 3.3208331814382e-10
12313 3 248481.41121623901 0.28030319800777997 3.7405848470006899e-10
12314 3 248589.192153818 0.27972850714562802 2.8059976100118401e-10
12315 3 248438.372335833 0.28108911737213199 3.42658116864766e-10
12316 3 248476.930283583 0.27955413869901302 3.5868059304415198e-10
12317 3 248491.460972153 0.28031900142101601 3.6138188991806801e-10
12318 3 248487.22367882699 0.27979118125670399 3.2452842590524798e-10
12319 3 248485.60232373999 0.28615678558279101 3.0795011507964902e-10
12320 3 248508.40456144599 0.28954132517953801 2.9939055813060201e-10
12321 3 248354.49163329101 0.28814221633531401 3.3493365011657102e-10
12322 3 248398.797091199 0.28535526303669401 3.3557213574800098e-10
12323 3 248342.39369039101 0.29000190506483497 3.4349857238779202e-10
12324 3 248521.56072620599 0.28208047503460998 3.1553286151257902e-10
12325 3 248527.402104409 0.28336195660271801 3.0722557848023501e-10
12326 3 248577.564111796 0.28456443867349901 2.8565406655632399e-10
12327 3 248439.42082604801 0.28299231973501998 3.3555459655222499e-10
12328 3 248582.62440475699 0.281094473535343 2.83879298764431e-10
12329 3 248376.72047970301 0.28646258936340102 3.3110887407314998e-10
12330 3 248462.92493188099 0.28342076336090699 3.4679924960043801e-10
12331 3 248601.83550139199 0.274385814518886 2.9436482014784299e-10
12332 3 248316.15373619701 0.29176607985806602 3.42966791807485e-10
12333 3 248369.095363292 0.28781843785824701 3.4105343211561999e-10
12334 3 248605.31549603399 0.27406631529965703 2.9960266739197902e-10
12335 3 248591.29877102701 0.28059797398547498 2.80151326035568e-10
12336 3 248450.74893922699 0.28226581588885702 3.34609369810108e-10
12337 3 248608.779985559 0.27316183887352802 3.2450899009324e-10
12338 3 248558.78090007399 0.27552147415032302 3.2707678905810799e-10
12339 3 248603.374303647 0.27391562834226801 3.0337816031689999e-10
12340 3 248404.677584052 0.28502162554357102 3.3572163621626202e-10
12341 3 248605.92764945599 0.27445791856743801 2.9297498162998398e-10
12342 3 248611.15971984901 0.27315293311609901 3.2403294439506002e-10
12343 3 248513.49835377699 0.278182151238141 3.1939879970096799e-10
12344 3 248480.82135405301 0.28442179116767902 3.2395642511271503e-10
12345 3 248468.45956726599 0.281146216913228 3.3328081684922701e-10
12346 3 248485.13036327201 0.28004774828080797 3.3126985984974402e-10
12347 3 248583.034071528 0.28217774127323902 2.8365607367525998e-10
12348 3 248432.38449779799 0.282986372887022 3.27381447472772e-10
12349 3 248387.053138533 0.28543926882547299 3.2935517267280598e-10
12350 3 248601.52484469701 0.27417754081461199 2.9823481065407398e-10
12351 3 248567.161846501 0.28228506967914402 2.9172746185674098e-10
12352 3 248601.07804125801 0.27509467548365202 2.8694984631743703e-10
12353 3 248343.57556561701 0.28898007552789401 3.3539226545194799e-10
12354 3 248518.20757165999 0.27786341871567899 3.1596627103581301e-10
12355 3 248506.16665008699 0.27813726303196601 3.1093538514977799e-10
12356 3 248573.62964966401 0.28395458690557102 2.88142945833646e-10
12357 3 248541.99782133699 0.27776312445655399 2.931237586941e-10
12358 3 248451.664827417 0.28032157702497701 3.4088257448076199e-10
12359 3 248533.02159121601 0.28411792178377498 3.0383211505458202e-10
12360 3 248490.732866734 0.27864678082484201 3.2159146333539201e-10
12361 3 248352.899508745 0.28902827625444599 3.4208132351555101e-10
12362 3 248469.31234051599 0.28086418077320502 3.2668341857882801e-10
12363 3 248314.626029835 0.29230615104204899 3.4481225408979898e-10
12364 3 248574.953144712 0.28269844841983 2.88332601975483e-10
12365 3 248534.87490153799 0.28609775564645401 3.0127856900118298e-10
12366 3 248607.14013477199 0.27775965591441798 2.7908343397814401e-10
12367 3 248467.065022672 0.27913470753222203 3.3604755830947799e-10
12368 3 248452.44492841899 0.27994508275396102 3.42846704961414e-10
12369 3 248567.49973573801 0.275017660706321 3.2651155746463198e-10
12370 3 248553.301460191 0.277443367478175 2.89183589228906e-10
12371 3 248495.96161063999 0.28809650136836201 2.9906930208123602e-10
12372 3 248479.04947056001 0.280305378102569 3.2824777111399202e-10
12373 3 248375.218093334 0.28739824264645403 3.4077885072664501e-10
12374 3 248448.456092776 0.28026548795070799 4.0178873719545198e-10
12375 3 248408.55420417001 0.284570590082389 3.3261132231713498e-10
12376 3 248487.77138997 0.27968462235575497 3.19774231660686e-10
12377 3 248532.747593598 0.27706009522342701 3.2599032208620602e-10
12378 3 248465.65039708899 0.27943732105624303 3.3655803182163398e-10
12379 3 248570.63931546299 0.27482550617882401 3.24975036769495e-10
12380 3 248604.94659328999 0.27529758040770702 2.8587617441398299e-10
12381 3 248598.75829020099 0.27833987521737702 2.7914943901701299e-10
12382 3 248435.51566594001 0.28010530937345302 3.5656766767458101e-10
12383 3 248345.23973573599 0.28888097425250697 3.3767641068701599e-10
12384 3 248482.41065852201 0.27878654412690501 3.2576298302594601e-10
12385 3 248460.45036384001 0.280070413669401 3.9428298002644098e-10
12386 3 248424.55082433301 0.28346143448362798 3.2738930075117701e-10
12387 3 248413.894938966 0.284747514828183 3.3841891759170702e-10
12388 3 248423.51873399701 0.28363659151325299 3.3090692141269201e-10
12389 3 248605.22966677099 0.27649456972749498 2.8147013435081102e-10
12390 3 248570.31418917401 0.27491802434596402 3.1745303057933298e-10
12391 3 248603.60697395899 0.27728637343726897 2.7954765050834799e-10
12392 3 248488.91103461999 0.288995622080292 2.96691988788326e-10
12393 3 248605.360974974 0.27479151086885001 2.89674194118608e-10
12394 3 248487.55116156701 0.27922842111363899 3.0629346630057102e-10
12395 3 248551.41469512801 0.27594348557436199 3.2720058984903598e-10
12396 3 248564.85125850901 0.27525679207161202 3.15589605978582e-10
12397 3 248369.63107433199 0.28628985545855101 3.3488677165589797e-10
12398 3 248452.38382270499 0.28078581523229801 3.95529205567563e-10
12399 3 248519.318696678 0.29280868386498898 3.0510593641773999e-10
12400 3 248547.10832094701 0.27662618048334803 2.93627723583018e-10
12401 3 248590.74678926999 0.27381014618310301 3.2555179691374998e-10
12402 3 248489.55952404501 0.27950538794010599 3.1084870886312199e-10
12403 3 248428.36071616699 0.28337540939334499 3.3175565283382499e-10
12404 3 248493.893265363 0.28151159383764701 3.4408229460320301e-10
12405 3 248535.66031112001 0.29038319522226103 3.0098932388687298e-10
12406 3 248595.42954974101 0.27721444427109398 2.8006943432290398e-10
12407 3 248496.45603748001 0.27912860279725399 3.1631760726239402e-10
12408 3 248457.71055661701 0.281750032475239 3.3301189566316402e-10
12409 3 248538.77414158601 0.27667293436396601 3.2388744643891402e-10
12410 3 248433.70982570099 0.28111330869339202 4.0292462551823798e-10
12411 3 248600.414753388 0.273414427165875 3.24464661902419e-10
12412 3 248504.37252762201 0.296830662069688 3.0854404938031403e-10
12413 3 248298.083464778 0.29312901232923 3.4308065298095401e-10
12414 3 248551.66297886 0.276793421639769 2.9356160510655e-10
12415 3 248564.77887061299 0.27518492175206899 3.2400986068207002e-10
12416 3 248555.191646597 0.27802834153633099 2.8891433657511098e-10
12417 3 248294.69704390899 0.29318298651306202 3.4209342747791699e-10
12418 3 248536.07873521699 0.27691512336436302 3.0611625196690099e-10
12419 3 248366.99461500801 0.285602752972139 3.4044884405370199e-10
12420 3 248493.04705978499 0.27846308029072703 3.1881101201757102e-10
12421 3 248564.03046122799 0.28149164829797702 2.9293858789415098e-10
12422 3 248497.80936911501 0.27898422016379099 3.0722205046388799e-10
12423 3 248517.01422770799 0.27781502690440102 3.06180222753484e-10
12424 3 248542.852402547 0.27830528373031899 2.9548940609020799e-10
12425 3 248514.48458668901 0.27787427388942298 3.0987829227297802e-10
12426 3 248512.208149807 0.27801394775974297 3.0605284200036997e-10
12427 3 248518.41716002001 0.27793064310697102 3.0381880758568402e-10
12428 3 248514.01992175801 0.27805090818365102 3.0083883279733699e-10
12429 3 248541.06079773701 0.27904187204977099 3.0044204844315699e-10
12430 3 248554.730438845 0.278828364006734 2.9183550261039901e-10
12431 3 248529.642022963 0.27745842979996999 3.0079568138708198e-10
12432 3 248531.20946104001 0.27759255113348202 2.97848084213753e-10
12433 3 248527.14166702499 0.27746371321727897 3.0365483035060602e-10
12434 3 248523.474192567 0.27754514340997799 2.9917934197369198e-10
12435 3 248511.94258632199 0.27822089258865601 3.0203461282339201e-10
12436 3 248487.845007547 0.27891802861096499 3.2120453088195202e-10
12437 3 248376.51332903601 0.28681604084173001 3.3725246413595098e-10
12438 3 248521.27179964 0.27770976301689199 2.9909303046533201e-10
12439 3 248527.32840239001 0.29060269876067901 3.0368520795039898e-10
12440 3 248510.39879057501 0.27833657613459201 3.0552463822822699e-10
12441 3 248481.33545332399 0.278809526159567 3.2487561467466498e-10
12442 3 248489.88449442599 0.27948130433118101 3.4861914279420502e-10
12443 3 248509.62340962401 0.27839592423634002 3.14966460500888e-10
12444 3 248509.65410241301 0.27839030891053901 3.0994434852292799e-10
12445 3 248518.48948690799 0.27787074285374602 3.0219485897759402e-10
12446 3 248572.09523625701 0.277730639926562 2.8402283044782701e-10
12447 3 248451.24264825799 0.28306900614439001 3.5729353989397299e-10
12448 3 248373.11859035201 0.28729781535284898 3.3937030913721502e-10
12449 3 248549.130179108 0.27608629399023998 3.23244453938066e-10
12450 3 248539.824641324 0.27716121275334699 2.9712555784858502e-10
12451 3 248532.469820837 0.27789287461059903 2.9681939574260502e-10
12452 3 248549.02112629899 0.27610775788451303 3.1940285773425601e-10
12453 3 248517.31577501399 0.277936065500411 3.0629317164455902e-10
12454 3 248551.01799083999 0.27982879382293002 2.96896488411616e-10
12455 3 248389.66154960901 0.28638132771076502 3.3978033604182202e-10
12456 3 248554.85751886599 0.27572833560175403 3.2447690567516298e-10
12457 3 248517.06783506199 0.27794138007710001 3.1105472681374402e-10
12458 3 248554.96013025599 0.275736375255758 3.2085894031714301e-10
12459 3 248529.27540698601 0.27732711991755499 3.0486456718474301e-10
12460 3 248554.68348697599 0.275784322241383 3.1641807607961399e-10
12461 3 248325.40026934299 0.29027299856211702 3.3642118817941201e-10
12462 3 248560.911807967 0.27616288417927398 2.9183194745878097e-10
12463 3 248384.01378617599 0.28635070080543101 3.3700661857697797e-10
12464 3 248548.44458151399 0.27617394151046898 3.1486100250572099e-10
12465 3 248386.08291908601 0.28601493119620103 3.3447335708954098e-10
12466 3 248522.30485904001 0.27768235629653698 3.2665666395876502e-10
12467 3 248604.01385272099 0.27329339071549502 3.2406644714807e-10
12468 3 248610.97907668501 0.273874450247451 3.0543863046014701e-10
12469 3 248474.45926521401 0.28045020213050598 3.2115539231907198e-10
12470 3 248379.77762107499 0.286878809199204 3.3921709592201499e-10
12471 3 248608.74588300299 0.273126988508757 3.2591349238092498e-10
12472 3 248572.570158182 0.27658086297028101 2.8567782202029502e-10
12473 3 248579.42658831601 0.27438451735238401 3.2461868877520599e-10
12474 3 248344.134073069 0.28966155668939902 3.4234358890960302e-10
12475 3 248512.396166872 0.28302980313486298 3.1698930429945801e-10
12476 3 248519.28331972801 0.27821164233093398 3.0534519794586999e-10
12477 3 248376.00702149601 0.28667712513365401 3.35092719371433e-10
12478 3 248584.56881089901 0.27425940126845499 3.1395105188072702e-10
12479 3 248561.30044161901 0.27653804493127898 2.9065558798794102e-10
12480 3 248439.08970170101 0.28275679286093902 3.3066010118578601e-10
12481 3 248537.185051001 0.27996301181111699 3.0727502142290099e-10
12482 3 248488.81166071299 0.27958828889828902 3.1520226400977202e-10
12483 3 248446.34256970399 0.28216354116717501 3.2549816424551301e-10
12484 3 248294.60764217901 0.29384421057276799 3.4446940939863598e-10
12485 3 248467.58529514901 0.28085701865193102 3.2022540677668298e-10
12486 3 248532.68909254199 0.27705596347287698 3.22929741930747e-10
12487 3 248481.39622904899 0.28691116709709102 3.0025699838198502e-10
12488 3 248490.375329006 0.29175156007264802 2.9825339931022502e-10
12489 3 248516.10673117399 0.27806968470384102 3.2601371996094702e-10
12490 3 248575.106308699 0.27887899213666201 2.8426301435630598e-10
12491 3 248597.45005598001 0.27382697433754 3.1024638229829899e-10
12492 3 248570.168109627 0.27488057627315299 3.21779821450579e-10
12493 3 248583.59512637401 0.27416490926579001 3.2296051244911298e-10
12494 3 248467.519960654 0.279159877486789 3.4183310413953899e-10
12495 3 248401.30666102099 0.284908736969264 3.2993901010837202e-10
12496 3 248536.43600879199 0.27684866165406702 3.1107065727037598e-10
12497 3 248552.62720079199 0.281336146176908 2.9902951622044498e-10
12498 3 248554.20309456301 0.27586203025022799 3.1154385934741599e-10
12499 3 248567.656923762 0.27599998251676999 2.90755136798623e-10
12500 3 248494.02667585301 0.27850841322373798 3.1918633051002499e-10
12501 3 248523.22376125801 0.28537831020413301 3.0402164192853501e-10
12502 3 248455.12162248301 0.27952800323101601 3.4901402667771802e-10
12503 3 248409.96217404801 0.28434848879901897 3.2941039230314202e-10
12504 3 248570.220549755 0.27499291451114 3.1245259904278499e-10
12505 3 248584.463521392 0.27438274353940101 3.0844302021166702e-10
12506 3 248420.29085846199 0.28420589806339702 3.3689713955159498e-10
12507 3 248399.95610750999 0.28554462944354198 3.3814730382295399e-10
12508 3 248579.72864179799 0.27455226913580599 3.1163913176796701e-10
12509 3 248356.85697015401 0.28849192884343 3.40515017405766e-10
12510 3 248564.152159505 0.27809699153577899 2.8613573162834098e-10
12511 3 248534.80949079501 0.287441382332905 3.01202624880271e-10
12512 3 248563.12755191 0.28590358536903299 2.9272393799584898e-10
12513 3 248565.78208782399 0.28448003066321897 2.9281103629156602e-10
12514 3 248418.96767089501 0.281203770364573 3.5817284972154701e-10
12515 3 248609.499917382 0.275523008072035 2.8536998767705001e-10
12516 3 248426.61654342699 0.28175537024960501 3.4532638961702802e-10
12517 3 248601.51818863401 0.274824500206233 2.8926029147204099e-10
12518 3 248503.70958949099 0.27827665045290101 3.1431482565202999e-10
12519 3 248544.23360453799 0.276719446506206 2.9503237165311402e-10
12520 3 248507.78272431801 0.27817591843657002 3.0876909639811898e-10
12521 3 248533.33461917299 0.27834195918142901 2.9981282353969798e-10
12522 3 248539.65533324299 0.29146099222833499 2.9941770316428599e-10
12523 3 248567.337424347 0.28661531315167699 2.9031166960738797e-10
12524 3 248522.32719945299 0.29414993343332102 3.0398097908997202e-10
12525 3 248398.70023605801 0.28138904285752497 3.6415502091751598e-10
12526 3 248607.389655123 0.27928606765846498 2.7842661988704898e-10
12527 3 248431.27250571901 0.28183889899999698 3.8984332718304099e-10
12528 3 248432.245355411 0.28317968620454897 3.6264273459212002e-10
12529 3 248489.65259129301 0.29908968242474998 3.1229808954946302e-10
12530 3 248431.24612526401 0.28068403772415301 4.0717163424180402e-10
12531 3 248554.86814269901 0.28890923469163099 2.94934686255513e-10
12532 3 248611.917004913 0.27613274574761798 2.8412465226996199e-10
12533 3 248364.28909665099 0.28517678166475402 3.45230076607478e-10
12534 3 248588.01148650399 0.282656016093909 2.8140419217463098e-10
12535 3 248422.62610957501 0.280168952669199 3.84033786492494e-10
12536 3 248499.295935467 0.27883395970275598 3.0395224324354302e-10
12537 3 248610.439595139 0.275495538815279 2.86824053678386e-10
12538 3 248490.89579599301 0.27935820835567099 3.0726257360208599e-10
12539 3 248351.27838939001 0.28818926062474898 3.34483033962131e-10
12540 3 248610.13322770299 0.27418290961905001 2.9884554438798702e-10
12541 3 248496.876723444 0.27907777790425697 3.11478719424379e-10
12542 3 248514.04985739899 0.29253740398208899 3.0615141890419299e-10
12543 3 248379.91226677501 0.28410632362640797 3.53419962343235e-10
12544 3 248451.884493024 0.28148987675332199 3.8722281170791201e-10
12545 3 248611.12575192901 0.274532275369407 2.95869292439555e-10
12546 3 248317.348336828 0.29079985156382898 3.36510185106414e-10
12547 3 248503.99322324901 0.29502881485812599 3.08431770060576e-10
12548 3 248611.75771961801 0.27417980376663698 3.0208462501023401e-10
12549 3 248384.55250358599 0.28598214674665101 3.32212379247277e-10
12550 3 248454.01677253001 0.28163099060443603 3.21923765215968e-10
12551 3 248538.43681037999 0.27669498336035903 3.2024170782996998e-10
12552 3 248488.694273834 0.28510918559466902 3.1614068740634301e-10
12553 3 248508.69400223601 0.27838647756045998 3.1070338827448199e-10
12554 3 248475.534648812 0.28032767887468901 3.1679892438505698e-10
12555 3 248530.420892489 0.27720128273380601 3.1463168643691001e-10
12556 3 248613.73939117399 0.27368078848349398 3.1423319445889502e-10
12557 3 248333.05923363499 0.28947044463407001 3.3594534887061798e-10
12558 3 248541.78149474299 0.28848383687406698 3.0029582374795601e-10
12559 3 248528.31190843799 0.27978613747800102 3.1315671128612302e-10
12560 3 248312.05084291199 0.291228125896145 3.40300610446108e-10
12561 3 248438.54739812101 0.28001789472639099 3.6711607643957402e-10
12562 3 248521.868648854 0.27768513108071102 3.2379228375658802e-10
12563 3 248505.60790230401 0.278703000213116 3.26843232608106e-10
12564 3 248564.82498628899 0.27520875278247398 3.2022031105446502e-10
12565 3 248612.47439168199 0.27803123392977902 2.7949599205983099e-10
12566 3 248546.427860906 0.28086475546494899 3.02699982777841e-10
12567 3 248591.57650335401 0.27380510937316599 3.22744659086764e-10
12568 3 248526.65717724001 0.27745980670493098 3.2866389675685502e-10
12569 3 248562.53039412 0.27903916377532101 2.8923504626433402e-10
12570 3 248615.19510248999 0.273364363259336 3.2281141523070899e-10
12571 3 248432.56048351299 0.28351533382468802 3.3681233284396201e-10
12572 3 248366.140677294 0.28437993622360802 3.5875936838008298e-10
12573 3 248516.86906065 0.27920887476519901 3.1945451479575501e-10
12574 3 248286.335979442 0.29410737746746302 3.43418592484118e-10
12575 3 248530.14248019399 0.27731545702815502 3.0070792318680402e-10
12576 3 248518.51242399501 0.28446116228335 3.0693031995747699e-10
12577 3 248579.112951063 0.27443269090886002 3.2136304981991901e-10
12578 3 248537.55509618999 0.27708831394979599 3.0011930844722102e-10
12579 3 248540.73003740999 0.27738574223093398 2.9444358048274901e-10
12580 3 248330.85038005101 0.28930343836457501 3.36983438334526e-10
12581 3 248529.28845316701 0.277291776944395 3.0971313615649198e-10
12582 3 248404.034158989 0.28233331883889501 3.6115978963101801e-10
12583 3 248320.352872788 0.29065392951347502 3.3947651147926199e-10
12584 3 248451.060627648 0.28385964633955402 3.4695500790117402e-10
12585 3 248316.868892181 0.29073957370337999 3.38440582985421e-10
12586 3 248592.855226596 0.27407421176040098 3.0765590031524798e-10
12587 3 248564.50914355801 0.275346732480588 3.1057434807020602e-10
12588 3 248310.626770289 0.29171628678872702 3.4137583583178002e-10
12589 3 248506.10684072101 0.279205723800455 3.2686629126586101e-10
12590 3 248547.727630743 0.27626465280499002 3.0990297756674501e-10
12591 3 248536.399676865 0.276950255362783 3.0155395804143201e-10
12592 3 248552.82034799099 0.27704588681862202 2.9057326551496799e-10
12593 3 248430.95028745101 0.28383076556419301 3.48661816981189e-10
12594 3 248401.32572648101 0.28500588041303299 3.3271283433795798e-10
12595 3 248545.715774554 0.28455842429943701 2.99491080418894e-10
12596 3 248394.30125498 0.28587799417781401 3.38059314956899e-10
12597 3 248433.09462179401 0.28338822937125402 3.3576585819215602e-10
12598 3 248460.55512577601 0.28430230868587197 3.3861636522411498e-10
12599 3 248493.11027637101 0.27894754438415398 3.3572450254553898e-10
12600 3 248413.56763993599 0.28463850670281998 3.3705955157328701e-10
12601 3 248519.243617478 0.27860918267998902 3.1177798099655999e-10
12602 3 248546.73210538001 0.28569262889559799 2.9878065725383101e-10
12603 3 248531.95647327101 0.27710099983395597 3.1912305189580301e-10
12604 3 248453.768561723 0.281714149750183 3.2557313310749601e-10
12605 3 248383.26403361899 0.284678987305019 3.3875006634089702e-10
12606 3 248589.154626081 0.27699242007213498 2.8109828753140801e-10
12607 3 248602.115442432 0.27353984222234801 3.1650542981114798e-10
12608 3 248574.38846601799 0.28079491814350399 2.8712063360464399e-10
12609 3 248426.02971543901 0.28049017595868903 3.7137007347715098e-10
12610 3 248597.874814999 0.276423429328645 2.8164758678971201e-10
12611 3 248520.95001187001 0.27772800020130101 3.2017493795360601e-10
12612 3 248509.053735344 0.27870165658277102 3.1828221877832199e-10
12613 3 248537.089557475 0.27706854313178197 2.9660993186055401e-10
12614 3 248403.96092093 0.28120078618502897 3.7047601064195797e-10
12615 3 248615.50744405799 0.27697294507765502 2.8187898390349402e-10
12616 3 248431.51198856701 0.282519328157607 3.7329408271203198e-10
12617 3 248283.25505830499 0.29463521860184599 3.4425859868567099e-10
12618 3 248432.715886794 0.28288474217125598 3.2383506672201098e-10
12619 3 248317.237541159 0.29077329616963599 3.37100191008729e-10
12620 3 248612.55184545199 0.27390386605366501 3.08347041627999e-10
12621 3 248611.08359437599 0.27325172144382798 3.2088811136591701e-10
12622 3 248410.09164897201 0.28426018797880898 3.2655974108089499e-10
12623 3 248522.465393961 0.28771583218913499 3.0186862958671101e-10
12624 3 248350.29116830399 0.287065593108004 3.3916105606422901e-10
12625 3 248483.39401536901 0.27889973878725799 3.3212042403301699e-10
12626 3 248434.412034554 0.28004765947403498 3.7934491630394801e-10
12627 3 248601.54652714601 0.27345262225616201 3.2086142594790298e-10
12628 3 248613.36890828901 0.27346253458928499 3.1676690698026201e-10
12629 3 248504.50237058001 0.27990597460925698 3.4086679549670301e-10
12630 3 248556.16069028599 0.28295863481977901 2.9687985592802002e-10
12631 3 248607.20812408999 0.27346203247208101 3.1517830198155698e-10
12632 3 248471.862516803 0.301462212928434 3.1592485545177901e-10
12633 3 248538.425678047 0.27669945819055902 3.2643014570740998e-10
12634 3 248558.09140422099 0.28017455439789701 2.93962660699314e-10
12635 3 248416.58700893901 0.283068027571311 3.2473334469293601e-10
12636 3 248579.251404991 0.27469275482259398 3.0636154393136901e-10
12637 3 248567.77387312701 0.27579448850235599 2.9094621000227602e-10
12638 3 248476.461435576 0.28021741421454099 3.12661776554738e-10
12639 3 248333.51678761799 0.29082940674081098 3.4432955311039199e-10
12640 3 248360.578155909 0.28796620175760101 3.38597264612959e-10
12641 3 248419.92402035501 0.28161625230804199 3.5532924216507001e-10
12642 3 248614.32068846299 0.273206008112654 3.2402033100658198e-10
12643 3 248609.85640989701 0.27500572349478902 2.8877979501432199e-10
12644 3 248537.64023822499 0.27675899734757098 3.1585755373852299e-10
12645 3 248450.29884050001 0.28200939075777398 3.2847785655285903e-10
12646 3 248451.817041809 0.28211149216992198 3.3299605760463499e-10
12647 3 248420.76198571399 0.28429847501929301 3.37804859479708e-10
12648 3 248531.83856844201 0.278967761702544 3.0512206619869102e-10
12649 3 248502.978109388 0.27885032585268998 3.2048696668992598e-10
12650 3 248608.434294543 0.27312665094850502 3.2694299941589001e-10
12651 3 248591.323775 0.27474919320838798 2.9258456067386598e-10
12652 3 248550.41169579199 0.28807041849509302 2.9703469700731701e-10
12653 3 248600.14740561799 0.27339307610220098 3.2703430480667001e-10
12654 3 248402.690597643 0.28180569055919402 3.6262859247613e-10
12655 3 248385.795778503 0.28682151283115298 3.4122967437727302e-10
12656 3 248579.48184625799 0.27447447055061702 3.1684736359016499e-10
12657 3 248500.30558396599 0.27906710028716297 3.2871759258729801e-10
12658 3 248521.35933714299 0.28929008731403 3.0261270218924902e-10
12659 3 248464.91734255399 0.27934762925984502 3.60042833323509e-10
12660 3 248589.33513694801 0.27387732934479497 3.2716717926063099e-10
12661 3 248458.715349657 0.28061123500878699 3.1634116137444001e-10
12662 3 248353.19346193699 0.28917006657706301 3.4305343753475599e-10
12663 3 248407.04249415899 0.285307664970681 3.39453794781286e-10
12664 3 248446.424154284 0.28208934746908898 3.2183661925809301e-10
12665 3 248505.83365031899 0.29385346496127901 3.0721617689108798e-10
12666 3 248373.18335912301 0.28681337490910502 3.3313712620513398e-10
12667 3 248499.826915682 0.27918364928073902 3.3114490987632198e-10
12668 3 248550.13906114499 0.27605432759854598 3.2836193781395499e-10
12669 3 248444.294159899 0.28277266572675702 3.3589400925166101e-10
12670 3 248534.212138373 0.27702350005594201 3.29091674844181e-10
12671 3 248480.98333998999 0.280385416049105 3.32544082029759e-10
12672 3 248517.34067184801 0.27807636148075399 3.30007566188796e-10
12673 3 248498.49302532399 0.279140993009307 3.2658687426628402e-10
12674 3 248595.496972728 0.27365652273820001 3.2102373905746802e-10
12675 3 248515.432464627 0.27809145076791902 3.2307603962108999e-10
12676 3 248614.11373205899 0.27331947537629098 3.2085523885648103e-10
12677 3 248561.715549026 0.27688524096095601 2.8810686646265699e-10
12678 3 248492.49171832099 0.27940227388278199 3.21010717106424e-10
12679 3 248501.98079361601 0.28402995476224702 3.1502341748016099e-10
12680 3 248427.08833402299 0.28034201732396502 4.0161182532897499e-10
12681 3 248558.16418708899 0.28391158235069203 2.9575233705698497e-10
12682 3 248494.44927504199 0.27869029140365198 3.2536218684836699e-10
12683 3 248514.579918409 0.27998084602579698 3.30605606672309e-10
12684 3 248464.550024781 0.28072168553906901 3.8455256433367699e-10
12685 3 248547.24489293899 0.27635904168413 3.0486400561814098e-10
12686 3 248420.63162926899 0.28071393036918202 3.6117317328384501e-10
12687 3 248611.216115052 0.27605708035829601 2.83320572364896e-10
12688 3 248569.904268604 0.27510516069020002 3.0727565960386501e-10
12689 3 248449.98373166801 0.28227453358951599 3.7340425687673101e-10
12690 3 248464.11268816001 0.30221943080592001 3.1588118085035199e-10
12691 3 248424.73842000001 0.28337491985922503 3.2429607934033899e-10
12692 3 248331.39697127201 0.29034821881640899 3.4151823485172102e-10
12693 3 248570.04589146099 0.28016221472626002 2.8824116457394098e-10
12694 3 248549.03671495299 0.27609419127097401 3.2588362085247601e-10
12695 3 248440.57236818201 0.282808161196971 3.3397018222136801e-10
12696 3 248612.17812311399 0.273650009570231 3.1151288609125701e-10
12697 3 248543.72074997 0.28269964066620001 3.0213808828632101e-10
12698 3 248493.32504164701 0.29665333266119298 3.1052405409399399e-10
12699 3 248583.74988721899 0.27455882746178401 3.03154362168162e-10
12700 3 248596.323975276 0.27404353475994098 3.04246782763461e-10
12701 3 248323.80625162399 0.29035111222299598 3.3762662127741299e-10
12702 3 248483.184963576 0.281272557969521 3.56616510476045e-10
12703 3 248457.29369061501 0.28184012032373301 3.3419023297519501e-10
12704 3 248459.55219457499 0.28154272894461102 3.3093450216228502e-10
12705 3 248385.79577431601 0.28584082540920502 3.2995385704546498e-10
12706 3 248604.58571538801 0.27322049952994298 3.2689208827508999e-10
12707 3 248401.240464979 0.28483385921087001 3.2771043394600799e-10
12708 3 248577.520823823 0.27576662705476401 2.8892865909285101e-10
12709 3 248594.99777520599 0.27358774313877099 3.2695693497430298e-10
12710 3 248610.10511000099 0.27457973927195301 2.9305728213301001e-10
12711 3 248510.78632147799 0.28683349436141697 3.0281576784397898e-10
12712 3 248398.76484806399 0.28586133992519203 3.40281197658433e-10
12713 3 248503.97413263001 0.27876484444564198 3.2420695296860302e-10
12714 3 248468.10894803601 0.28110686614688901 3.3216914366469099e-10
12715 3 248350.193748113 0.287572541949906 3.3681183165263902e-10
12716 3 248610.12201040299 0.276851664858142 2.8086159737427799e-10
12717 3 248591.89510141301 0.27428113195714798 3.0229008141987402e-10
12718 3 248578.53494247299 0.274872027571197 3.0115312364207999e-10
12719 3 248425.612726425 0.28320435799065202 3.2197517276364398e-10
12720 3 248417.871009164 0.28417900664406798 3.3448804764000698e-10
12721 3 248433.39546239801 0.28275636626599998 3.2078878484586198e-10
12722 3 248584.06525394201 0.27419848616947801 3.19045883240827e-10
12723 3 248499.03346170901 0.27876478981937097 3.0297340029365598e-10
12724 3 248554.52682723201 0.28643182267762002 2.9677826414176099e-10
12725 3 248542.91825547101 0.27646499571877903 3.286035782113e-10
12726 3 248490.87639151901 0.27971125138958702 3.31801797401359e-10
12727 3 248509.18933828 0.27856251135006799 3.3048193252277699e-10
12728 3 248526.496587164 0.27747569110495801 3.2944060442143902e-10
12729 3 248428.202930631 0.282833447251092 3.2049813363433302e-10
12730 3 248432.45652823101 0.282204234260228 3.2124474927000601e-10
12731 3 248532.66043869199 0.28085058617915998 3.1472109891416902e-10
12732 3 248468.09471397099 0.28077012159737802 3.1636707196022298e-10
12733 3 248578.20191906299 0.275060335207583 2.96249034303567e-10
12734 3 248583.224449473 0.27475713096447901 2.9811104902706199e-10
12735 3 248604.81300103001 0.27322468466706901 3.2616234652152402e-10
12736 3 248436.82887403699 0.28155101623643197 3.2721267537235998e-10
12737 3 248538.357074559 0.28210447913414899 3.0548432224210399e-10
12738 3 248535.22315167999 0.27692598829091603 3.2797583295102698e-10
12739 3 248577.969660403 0.27527491478751598 2.92281654941235e-10
12740 3 248553.711791273 0.27596102260388899 3.06451231925569e-10
12741 3 248577.69423049601 0.275515063993367 2.89668976003989e-10
12742 3 248594.824961518 0.27452334399894202 2.9465344101529599e-10
12743 3 248435.54893534799 0.28247694007794599 3.1843766244889499e-10
12744 3 248583.03058831699 0.27497721039802298 2.9349554874856801e-10
12745 3 248582.912799796 0.27522611994372198 2.9008173836857902e-10
12746 3 248439.05309340701 0.28197423311889402 3.1754860036422802e-10
12747 3 248505.42761208399 0.28574985964223998 3.0558014017679698e-10
12748 3 248583.13056881001 0.275483934412111 2.88139773304355e-10
12749 3 248443.80318688499 0.28132674060743501 3.1987045623085402e-10
12750 3 248602.530996591 0.27582079556442901 2.8347389851832499e-10
12751 3 248449.712491115 0.28067952006143598 3.3031232772682998e-10
12752 3 248474.537202362 0.29872177684326701 3.1013585076958899e-10
12753 3 248564.75168706899 0.27519693638070503 3.27806017599201e-10
12754 3 248454.70252451501 0.28152583088920702 3.1825767804021702e-10
12755 3 248614.74222030799 0.273504289882116 3.1910390777735702e-10
12756 3 248615.180018035 0.27326641269349999 3.2529948276849101e-10
12757 3 248532.70247260499 0.27723375699090402 2.9725091594115899e-10
12758 3 248524.88720718399 0.28057738804242499 3.2212855394197502e-10
12759 3 248492.98038931901 0.27954903941832099 3.3090456315459002e-10
12760 3 248594.90310163601 0.274283656736374 2.9918286145094802e-10
12761 3 248359.50668487401 0.28790038747383101 3.3659621400069701e-10
12762 3 248389.532290545 0.28457245115239899 3.3282457502592602e-10
12763 3 248436.24596348 0.28386735983651901 3.3201597115235198e-10
12764 3 248591.474784071 0.273883771137862 3.1874580828644098e-10
12765 3 248558.23430886699 0.275554028629446 3.27957076800338e-10
12766 3 248563.98105567199 0.27546992021818001 3.0538796815005701e-10
12767 3 248513.085162086 0.28898372186107602 3.0127076205589099e-10
12768 3 248388.11121191099 0.283147882939355 3.6286699188830501e-10
12769 3 248405.64357550899 0.284119826838232 3.2601427342308698e-10
12770 3 248510.922170417 0.29074745979122701 3.0270762770435498e-10
12771 3 248490.06507378901 0.29568189480856 3.0782262582315099e-10
12772 3 248377.48366740299 0.28735685050037102 3.4151778301540701e-10
12773 3 248469.832264222 0.27988494779720102 3.1518969777373099e-10
12774 3 248412.077253589 0.28402272839840698 3.2432823649634202e-10
12775 3 248562.86905065001 0.27591906835779201 2.9295563088393602e-10
12776 3 248348.85480628401 0.28902052476839002 3.4067947269450799e-10
12777 3 248610.434374323 0.27338783288479301 3.1689550163379097e-10
12778 3 248324.87129604199 0.29072395828185998 3.4120208230903702e-10
12779 3 248447.17120097901 0.28196310264305102 3.1856097935355402e-10
12780 3 248594.38519510999 0.27364319987906999 3.24260908779819e-10
12781 3 248614.009958707 0.27311799772961698 3.2682779380812502e-10
12782 3 248615.06982892199 0.27322217813704403 3.2664269435277903e-10
12783 3 248476.72918182201 0.27939963263162498 3.2522843155207901e-10
12784 3 248478.06174961801 0.28002546760506503 3.0926540575916099e-10
12785 3 248569.44212950399 0.27524932912637301 3.0210965599458999e-10
12786 3 248349.53920611099 0.28951304458157401 3.4369622736592298e-10
12787 3 248411.179818718 0.28074417503372701 3.7942287452058597e-10
12788 3 248463.66663678701 0.28046303703057601 3.1202519462383802e-10
12789 3 248453.40038927901 0.28458813860433402 3.2219523891986298e-10
12790 3 248289.27759276101 0.29407780176563603 3.4502991735129499e-10
12791 3 248284.58747869299 0.294285612819917 3.4464910929732802e-10
12792 3 248462.27559250101 0.28012128566261502 3.2591021305428099e-10
12793 3 248504.177973282 0.28253533749363802 3.2459657843896699e-10
12794 3 248376.32897554699 0.28748264594073503 3.4201505372644602e-10
12795 3 248423.04277597301 0.28388627947325701 3.3484394594347099e-10
12796 3 248320.455982416 0.29183531232787002 3.4477642044617998e-10
12797 3 248453.94771152499 0.282104389343736 3.3503876576212399e-10
12798 3 248471.90693068999 0.28093684303959598 3.3322117377153202e-10
12799 3 248481.93306363901 0.27909646679146399 3.4334535686251099e-10
12800 3 248421.88312443101 0.28231231833706499 3.3000788675299199e-10
12801 3 248583.28858202201 0.27415983238873398 3.27170831391291e-10
12802 3 248460.611348418 0.284895429193883 3.2591589038150101e-10
12803 3 248437.14760296201 0.28085228150268099 3.4948909296053099e-10
12804 3 248595.64281392301 0.273566170849111 3.2611250119016798e-10
12805 3 248444.781236123 0.27973404336660801 3.7403151468058697e-10
12806 3 248417.60134930999 0.28456151769929899 3.3852810199659302e-10
12807 3 248604.705091551 0.27331593465384801 3.2207211948427102e-10
12808 3 248435.62190707901 0.28331975069808002 3.36675842776597e-10
12809 3 248604.38952827599 0.27340136876873899 3.1912133639165702e-10
12810 3 248504.671906084 0.28767867933914898 3.0099306033406702e-10
12811 3 248473.56893586399 0.28546989706271397 3.0785484639406698e-10
12812 3 248594.76017826199 0.27482013775798197 2.90203214976625e-10
12813 3 248442.94713336401 0.27992516141091001 3.7970867647159398e-10
12814 3 248547.300961453 0.27643577679395398 3.00242885219383e-10
12815 3 248516.098159349 0.27809936243977601 3.2809073568877501e-10
12816 3 248352.011265279 0.28854661070017301 3.38939077489134e-10
12817 3 248489.244378192 0.29409662144401399 3.0289789790406599e-10
12818 3 248548.924355175 0.276689541666294 2.9554179982935099e-10
12819 3 248611.46588655599 0.27498945574410399 2.9087075473818002e-10
12820 3 248590.27132148101 0.27453754648169099 2.97367131057093e-10
12821 3 248560.70967164199 0.27738153017520101 2.8707058418882801e-10
12822 3 248571.38483841199 0.27480884229556202 3.2749772883191698e-10
12823 3 248361.46592397301 0.288644511031802 3.4288000904508301e-10
12824 3 248600.56670040201 0.27337657840570201 3.2592550268262701e-10
12825 3 248367.86917817601 0.28806673451458698 3.4210405118129e-10
12826 3 248518.62990692499 0.27794609778426899 3.2900107564735298e-10
12827 3 248609.00062622799 0.27332284366080001 3.1907616301748302e-10
12828 3 248571.38330249101 0.27620500827605199 2.8876908579488498e-10
12829 3 248563.624708282 0.27560400484592501 3.0035172227020801e-10
12830 3 248553.512889429 0.27606186220453699 3.0150301565168099e-10
12831 3 248471.51209607499 0.28034268815037999 3.1023640311724502e-10
12832 3 248462.58809008001 0.28157073284755402 3.3413531761814701e-10
12833 3 248469.228898295 0.280620019088479 3.12805580144063e-10
12834 3 248455.987604961 0.28134499285443298 3.1496104324931702e-10
12835 3 248407.418549986 0.28348166139208703 3.2969905060428301e-10
12836 3 248474.992837767 0.27995736773855301 3.0913390634745899e-10
12837 3 248594.06388520001 0.27570846501010998 2.8554962544929302e-10
12838 3 248404.81083226099 0.28443549312497601 3.2598795208928498e-10
12839 3 248413.37887120701 0.282582571387195 3.3815995764055501e-10
12840 3 248435.18197186501 0.283128909153263 3.3380405670379901e-10
12841 3 248579.19291250201 0.27709009023824699 2.8285623933525801e-10
12842 3 248391.065668294 0.28530794503238799 3.2819571717379302e-10
12843 3 248466.710232407 0.280981452939079 3.2387954185299499e-10
12844 3 248474.37925618599 0.28066162815559098 3.3050629084866001e-10
12845 3 248553.578862928 0.27616290247050002 2.97244762302293e-10
12846 3 248553.15034467899 0.27631722936241898 2.9415890996525299e-10
12847 3 248559.59360774001 0.27633919097459297 2.9276844720722498e-10
12848 3 248571.49335183701 0.27707338232057399 2.8444897994764101e-10
12849 3 248475.48504225601 0.28309663910853999 3.3897540574708699e-10
12850 3 248502.07868030699 0.27899416980978098 3.30128957267572e-10
12851 3 248609.577863318 0.27322729921889799 3.2202792368101402e-10
12852 3 248331.57281788401 0.28994776268043698 3.3919833031382698e-10
12853 3 248577.432101201 0.27448947125283402 3.2743310011945598e-10
12854 3 248462.403851087 0.28153185954604099 3.77746716145508e-10
12855 3 248486.48992622801 0.28244708223697401 3.4243524460884301e-10
12856 3 248572.95523406999 0.27471236514699598 3.2677699159388999e-10
12857 3 248391.32697508999 0.28352329733443599 3.5238990067617701e-10
12858 3 248468.88698751299 0.279191296301251 3.5192132996104102e-10
12859 3 248266.22160286299 0.29616401266346898 3.44145037970905e-10
12860 3 248336.99299359199 0.28965366885295601 3.3975672228738e-10
12861 3 248425.65828115601 0.28402590632062003 3.3766941711616599e-10
12862 3 248506.034459168 0.27870936381820099 3.2875956336709102e-10
12863 3 248483.813918595 0.280085835282461 3.2971642480786597e-10
12864 3 248307.307359656 0.29287250705177098 3.4510148630607903e-10
12865 3 248490.41605821499 0.279673430074935 3.2956253681856099e-10
12866 3 248375.21101459899 0.28312437474142899 3.62683209983744e-10
12867 3 248501.00168469601 0.28657763658380198 3.0332831666578502e-10
12868 3 248569.20920583 0.27540442351338801 2.9727893791347202e-10
12869 3 248469.082385299 0.28098036615259098 3.3009396204257198e-10
12870 3 248454.385088215 0.28184747897599299 3.3076016138171799e-10
12871 3 248442.79338205201 0.28255798911510399 3.3175361796051099e-10
12872 3 248448.877872771 0.281717683004443 3.1601850309976101e-10
12873 3 248493.72123178901 0.28337591436481502 3.2304270734513899e-10
12874 3 248477.38100269399 0.298729292488573 3.1155897636385202e-10
12875 3 248400.96387935599 0.28327058547669098 3.4057171835602998e-10
12876 3 248458.12059058799 0.27946766581395799 3.5887093751715899e-10
12877 3 248543.05326519301 0.276455102755016 3.2785377722184897e-10
12878 3 248563.53834387299 0.27574266464574598 2.9601779136489997e-10
12879 3 248458.72447563399 0.28100454827889398 3.1262093604817301e-10
12880 3 248477.45651546001 0.282174300532961 3.5242490756733302e-10
12881 3 248450.47748860301 0.28428521555181202 3.3366962718599499e-10
12882 3 248608.12305725599 0.27582012590435501 2.8369994531753698e-10
12883 3 248297.74823279699 0.29365896138947301 3.4502432644420498e-10
12884 3 248590.00967993599 0.27507008080567902 2.8925701845121199e-10
12885 3 248488.314935745 0.27977684038649298 3.2761650008083397e-10
12886 3 248569.09482218101 0.27557820500072899 2.9335978377365199e-10
12887 3 248537.497091508 0.27695099580578197 2.9801724659790801e-10
12888 3 248611.237912034 0.27308220695146901 3.2680337892931702e-10
12889 3 248452.58700256899 0.28125494356526498 3.1471152103884201e-10
12890 3 248492.449041621 0.27916684193205898 3.0525415231655398e-10
12891 3 248594.30058583801 0.27513178204697702 2.8763239735470402e-10
12892 3 248289.480522328 0.29432535822070599 3.4492701912216401e-10
12893 3 248415.02589019999 0.28365187737984299 3.22893494980162e-10
12894 3 248591.36199446701 0.27534858271823698 2.8706021138138402e-10
12895 3 248458.983884388 0.28238076893767899 3.6477678917517e-10
12896 3 248509.84866898501 0.27850708722850398 3.2978418942250398e-10
12897 3 248480.17705293899 0.27976402783614801 3.0730219407721801e-10
12898 3 248614.447942128 0.27315495833714898 3.2597129608791098e-10
12899 3 248611.582995684 0.27309613047735598 3.2613601810692502e-10
12900 3 248498.40418145401 0.27914394444695401 3.2373667023944399e-10
12901 3 248547.78877712699 0.27650018392399001 2.9675842313044301e-10
12902 3 248411.939447162 0.28237734908928502 3.5215382046891202e-10
12903 3 248458.48270314201 0.28153300099552397 3.2818290536498798e-10
12904 3 248602.568964298 0.27545841018914802 2.8512945291648101e-10
12905 3 248297.86201452799 0.29358144910277301 3.4517925822430198e-10
12906 3 248277.327589639 0.29523138015692901 3.4473210620088502e-10
12907 3 248596.765204428 0.27543226411063898 2.8582745892514398e-10
